t,phase,hip_pos,knee_pos,hip_vel_est,knee_vel_est,hip_vel_real,knee_vel_real,foot_x,foot_z,foot_vx,foot_vz,foot_z_world,tau_hip,tau_knee,foot_compression,foot_spring_vel,Fn_sensor
0.005,FLIGHT,1.0461,0.9008,-0.1987,0.1553,-0.7419,0.6617,0.1067,-0.2094,-0.0667,-0.0249,1.0752,-3.0142,3.4004,3e-05,0.0109,0.0
0.01,FLIGHT,1.0394,0.9071,-1.0291,0.9605,-1.8882,1.8083,0.1043,-0.2102,-0.3716,-0.128,1.0754,-2.6586,3.166,9.7e-05,0.0152,0.0
0.015,FLIGHT,1.0276,0.9186,-1.9865,1.916,-2.809,2.7462,0.0999,-0.2117,-0.731,-0.2325,1.0759,-2.1721,2.8407,0.000176,0.0158,0.0
0.02,FLIGHT,1.0118,0.9341,-2.8184,2.7678,-3.4759,3.453,0.094,-0.2134,-1.0514,-0.3,1.0766,-1.6815,2.5102,0.000251,0.014,0.0
0.025,FLIGHT,0.9932,0.9527,-3.444,3.435,-3.9066,3.9441,0.087,-0.2153,-1.301,-0.3224,1.0773,-1.2365,2.2084,0.000314,0.011,0.0
0.03,FLIGHT,0.9731,0.9733,-3.8559,3.9079,-4.1346,4.2486,0.0793,-0.217,-1.4739,-0.3057,1.0781,-0.8526,1.9465,0.00036,0.0074,0.0
0.035,FLIGHT,0.9522,0.9949,-4.0762,4.2043,-4.1966,4.3985,0.0712,-0.2185,-1.5755,-0.2611,1.079,-0.5308,1.726,0.000388,0.004,0.0
0.04,FLIGHT,0.9313,1.017,-4.1359,4.3511,-4.1271,4.424,0.0631,-0.2197,-1.6154,-0.2001,1.0799,-0.2666,1.5447,0.000401,0.0011,0.0
0.045,FLIGHT,0.9111,1.039,-4.067,4.3764,-3.9566,4.3525,0.0551,-0.2205,-1.6045,-0.1329,1.0807,-0.0535,1.3989,0.0004,-0.0013,0.0003
0.05,FLIGHT,0.8919,1.0604,-3.8986,4.3062,-3.7111,4.2078,0.0474,-0.221,-1.5536,-0.0669,1.0815,0.1149,1.2848,0.000389,-0.003,0.0006
0.055,FLIGHT,0.8741,1.081,-3.6563,4.1639,-3.4129,4.0102,0.0401,-0.2211,-1.4729,-0.0073,1.0822,0.2449,1.1983,0.00037,-0.0042,0.0008
0.06,FLIGHT,0.8578,1.1005,-3.3618,3.9693,-3.0803,3.777,0.0334,-0.221,-1.3712,0.0431,1.0828,0.342,1.1358,0.000347,-0.0049,0.001
0.065,FLIGHT,0.8433,1.1187,-3.0332,3.7396,-2.7283,3.5224,0.0274,-0.2207,-1.2561,0.0828,1.0834,0.4114,1.0938,0.000322,-0.0053,0.0011
0.07,FLIGHT,0.8305,1.1357,-2.6855,3.4887,-2.3692,3.2582,0.0219,-0.2202,-1.1339,0.1121,1.0838,0.4576,1.0688,0.000295,-0.0052,0.001
0.075,FLIGHT,0.8196,1.1513,-2.3307,3.2283,-2.0127,2.9936,0.0171,-0.2197,-1.0095,0.1316,1.0841,0.4846,1.0579,0.000269,-0.005,0.001
0.08,FLIGHT,0.8104,1.1656,-1.9783,2.9674,-1.6663,2.7358,0.0129,-0.219,-0.8868,0.1428,1.0843,0.496,1.0583,0.000246,-0.0045,0.0009
0.085,FLIGHT,0.8029,1.1787,-1.636,2.7132,-1.3356,2.4902,0.0092,-0.2183,-0.7686,0.1472,1.0845,0.4949,1.0676,0.000224,-0.004,0.0008
0.09,FLIGHT,0.797,1.1906,-1.3091,2.471,-1.0247,2.2607,0.0062,-0.2176,-0.6569,0.1464,1.0845,0.484,1.0837,0.000206,-0.0033,0.0007
0.095,FLIGHT,0.7926,1.2013,-1.0019,2.2446,-0.7364,2.0497,0.0036,-0.217,-0.5532,0.1418,1.0844,0.4657,1.1048,0.000191,-0.0026,0.0005
0.1,FLIGHT,0.7896,1.2111,-0.717,2.0365,-0.4724,1.8589,0.0015,-0.2163,-0.458,0.1348,1.0843,0.4419,1.1292,0.00018,-0.0019,0.0004
0.105,FLIGHT,0.7878,1.22,-0.4561,1.8482,-0.2334,1.6887,-0.0002,-0.2157,-0.372,0.1263,1.084,0.4143,1.1558,0.000172,-0.0012,0.0002
0.11,FLIGHT,0.7872,1.228,-0.2199,1.6803,-0.0195,1.5391,-0.0015,-0.2152,-0.2951,0.1172,1.0837,0.3843,1.1834,0.000167,-0.0006,0.0001
0.115,FLIGHT,0.7876,1.2354,-0.0086,1.5327,0.1697,1.4095,-0.0025,-0.2147,-0.2271,0.1082,1.0834,0.353,1.2113,0.000166,-0.0,0.0
0.12,FLIGHT,0.7889,1.2421,0.1785,1.4048,0.3353,1.2988,-0.0033,-0.2142,-0.1677,0.0997,1.0829,0.3214,1.2388,0.000167,0.0005,0.0
0.125,FLIGHT,0.7909,1.2484,0.342,1.2957,0.4784,1.206,-0.0037,-0.2138,-0.1164,0.092,1.0825,0.2901,1.2654,0.000171,0.0009,0.0
0.13,FLIGHT,0.7936,1.2542,0.4834,1.204,0.6004,1.1294,-0.004,-0.2133,-0.0727,0.0853,1.082,0.2597,1.2909,0.000176,0.0013,0.0
0.135,FLIGHT,0.7969,1.2597,0.6039,1.1285,0.7031,1.0675,-0.0041,-0.213,-0.036,0.0796,1.0814,0.2307,1.3148,0.000183,0.0016,0.0
0.14,FLIGHT,0.8006,1.2649,0.7053,1.0674,0.7879,1.0188,-0.0041,-0.2126,-0.0056,0.075,1.0808,0.2034,1.3371,0.000192,0.0018,0.0
0.145,FLIGHT,0.8048,1.2699,0.7891,1.0194,0.8568,0.9817,-0.0039,-0.2123,0.019,0.0714,1.0803,0.1779,1.3577,0.000201,0.0019,0.0
0.15,FLIGHT,0.8092,1.2748,0.857,0.9828,0.9112,0.9546,-0.0037,-0.2119,0.0385,0.0687,1.0796,0.1544,1.3765,0.000211,0.002,0.0
0.155,FLIGHT,0.8138,1.2795,0.9107,0.9561,0.9529,0.9361,-0.0034,-0.2116,0.0534,0.0669,1.079,0.133,1.3936,0.000221,0.002,0.0
0.16,FLIGHT,0.8187,1.2841,0.9518,0.9378,0.9834,0.9248,-0.0031,-0.2113,0.0645,0.0657,1.0784,0.1136,1.409,0.000231,0.002,0.0
0.165,FLIGHT,0.8237,1.2887,0.9818,0.9266,1.0042,0.9193,-0.0027,-0.2109,0.0721,0.0651,1.0777,0.0963,1.4228,0.000241,0.002,0.0
0.17,FLIGHT,0.8287,1.2933,1.0023,0.9212,1.0167,0.9186,-0.0023,-0.2106,0.0768,0.065,1.0771,0.081,1.4351,0.000251,0.0019,0.0
0.175,FLIGHT,0.8338,1.2979,1.0145,0.9204,1.0221,0.9215,-0.0019,-0.2103,0.0792,0.0653,1.0764,0.0675,1.4459,0.00026,0.0018,0.0
0.18,FLIGHT,0.8389,1.3026,1.0197,0.9233,1.0216,0.9272,-0.0015,-0.21,0.0795,0.0658,1.0758,0.0557,1.4554,0.000269,0.0016,0.0
0.185,FLIGHT,0.844,1.3072,1.0191,0.9289,1.0163,0.9348,-0.0011,-0.2096,0.0782,0.0665,1.0751,0.0456,1.4637,0.000276,0.0015,0.0
0.19,FLIGHT,0.8491,1.3119,1.0137,0.9363,1.007,0.9435,-0.0007,-0.2093,0.0756,0.0674,1.0745,0.0369,1.471,0.000284,0.0013,0.0
0.195,FLIGHT,0.8541,1.3166,1.0044,0.9449,0.9945,0.9529,-0.0004,-0.2089,0.072,0.0684,1.0738,0.0296,1.4772,0.00029,0.0012,0.0
0.2,FLIGHT,0.859,1.3214,0.992,0.954,0.9797,0.9622,-0.0,-0.2086,0.0677,0.0693,1.0732,0.0235,1.4827,0.000295,0.001,0.0
0.205,FLIGHT,0.8639,1.3263,0.9772,0.9631,0.9631,0.9712,0.0003,-0.2082,0.063,0.0703,1.0725,0.0184,1.4873,0.0003,0.0009,0.0
0.21,FLIGHT,0.8686,1.3311,0.9606,0.9718,0.9452,0.9794,0.0006,-0.2079,0.0579,0.0712,1.0719,0.0142,1.4914,0.000304,0.0007,0.0
0.215,FLIGHT,0.8733,1.3361,0.9428,0.9798,0.9264,0.9866,0.0008,-0.2075,0.0527,0.0721,1.0712,0.0109,1.4948,0.000307,0.0006,0.0
0.22,FLIGHT,0.8779,1.341,0.9242,0.9868,0.9072,0.9925,0.001,-0.2072,0.0475,0.0728,1.0706,0.0082,1.4979,0.00031,0.0005,0.0
0.225,FLIGHT,0.8824,1.346,0.9051,0.9925,0.8879,0.997,0.0012,-0.2068,0.0425,0.0735,1.0699,0.0061,1.5005,0.000312,0.0003,0.0
0.23,FLIGHT,0.8868,1.351,0.8858,0.9969,0.8686,1.0001,0.0014,-0.2064,0.0376,0.074,1.0693,0.0045,1.5028,0.000313,0.0002,0.0
0.235,FLIGHT,0.8911,1.356,0.8666,0.9997,0.8495,1.0016,0.0016,-0.2061,0.0329,0.0744,1.0686,0.0032,1.5048,0.000314,0.0001,0.0
0.24,FLIGHT,0.8953,1.361,0.8477,1.0011,0.8309,1.0016,0.0017,-0.2057,0.0285,0.0747,1.068,0.0023,1.5067,0.000315,0.0001,0.0
0.245,FLIGHT,0.8994,1.366,0.8291,1.0008,0.8127,0.9999,0.0018,-0.2053,0.0245,0.0749,1.0673,0.0016,1.5083,0.000315,-0.0,0.0
0.25,FLIGHT,0.9034,1.371,0.811,0.9991,0.7951,0.9968,0.0019,-0.2049,0.0208,0.075,1.0667,0.001,1.5099,0.000314,-0.0001,0.0
0.255,FLIGHT,0.9073,1.376,0.7935,0.9958,0.778,0.9922,0.002,-0.2046,0.0175,0.0749,1.066,0.0006,1.5114,0.000314,-0.0001,0.0
0.26,FLIGHT,0.9112,1.3809,0.7765,0.991,0.7616,0.9861,0.0021,-0.2042,0.0145,0.0747,1.0653,0.0002,1.5128,0.000313,-0.0002,0.0
0.265,FLIGHT,0.915,1.3858,0.7602,0.9849,0.7458,0.9788,0.0021,-0.2038,0.0119,0.0745,1.0646,-0.0001,1.5142,0.000312,-0.0002,0.0
0.27,FLIGHT,0.9187,1.3907,0.7444,0.9775,0.7305,0.9703,0.0022,-0.2035,0.0095,0.0741,1.0639,-0.0003,1.5156,0.000311,-0.0003,0.0001
0.275,FLIGHT,0.9223,1.3955,0.7292,0.9688,0.7158,0.9606,0.0022,-0.2031,0.0075,0.0736,1.0632,-0.0006,1.517,0.00031,-0.0003,0.0001
0.28,FLIGHT,0.9258,1.4003,0.7145,0.9591,0.7016,0.9499,0.0022,-0.2027,0.0058,0.073,1.0625,-0.001,1.5184,0.000308,-0.0003,0.0001
0.285,FLIGHT,0.9293,1.405,0.7004,0.9483,0.6879,0.9383,0.0023,-0.2024,0.0043,0.0724,1.0618,-0.0014,1.5198,0.000307,-0.0003,0.0001
0.29,FLIGHT,0.9327,1.4097,0.6867,0.9366,0.6746,0.9258,0.0023,-0.202,0.0031,0.0717,1.0611,-0.0018,1.5213,0.000305,-0.0003,0.0001
0.295,FLIGHT,0.936,1.4143,0.6734,0.9242,0.6617,0.9126,0.0023,-0.2017,0.002,0.0709,1.0604,-0.0023,1.5228,0.000303,-0.0003,0.0001
0.3,FLIGHT,0.9393,1.4188,0.6605,0.911,0.6491,0.8988,0.0023,-0.2013,0.0012,0.07,1.0596,-0.0028,1.5243,0.000302,-0.0004,0.0001
0.305,FLIGHT,0.9425,1.4233,0.648,0.8971,0.6369,0.8845,0.0023,-0.201,0.0005,0.0691,1.0589,-0.0035,1.5258,0.0003,-0.0004,0.0001
0.31,FLIGHT,0.9457,1.4276,0.6357,0.8828,0.6248,0.8697,0.0023,-0.2006,0.0,0.0682,1.0581,-0.0042,1.5274,0.000298,-0.0004,0.0001
0.315,FLIGHT,0.9488,1.432,0.6237,0.868,0.613,0.8546,0.0023,-0.2003,-0.0004,0.0672,1.0573,-0.0049,1.529,0.000296,-0.0004,0.0001
0.32,FLIGHT,0.9518,1.4362,0.6119,0.8528,0.6014,0.8391,0.0023,-0.2,-0.0007,0.0661,1.0565,-0.0057,1.5306,0.000294,-0.0004,0.0001
0.325,FLIGHT,0.9548,1.4404,0.6003,0.8374,0.5899,0.8234,0.0023,-0.1996,-0.0009,0.0651,1.0557,-0.0066,1.5322,0.000292,-0.0004,0.0001
0.33,FLIGHT,0.9577,1.4444,0.5888,0.8217,0.5786,0.8075,0.0023,-0.1993,-0.001,0.064,1.0549,-0.0075,1.5338,0.00029,-0.0004,0.0001
0.335,FLIGHT,0.9606,1.4484,0.5775,0.8058,0.5673,0.7915,0.0023,-0.199,-0.0011,0.0629,1.0541,-0.0084,1.5355,0.000289,-0.0004,0.0001
0.34,FLIGHT,0.9634,1.4523,0.5662,0.7898,0.5562,0.7755,0.0023,-0.1987,-0.0012,0.0618,1.0532,-0.0094,1.5371,0.000287,-0.0004,0.0001
0.345,FLIGHT,0.9661,1.4562,0.555,0.7738,0.5451,0.7594,0.0023,-0.1984,-0.0012,0.0606,1.0523,-0.0104,1.5388,0.000285,-0.0004,0.0001
0.35,FLIGHT,0.9688,1.4599,0.5439,0.7577,0.534,0.7433,0.0022,-0.1981,-0.0012,0.0595,1.0515,-0.0114,1.5404,0.000283,-0.0004,0.0001
0.355,FLIGHT,0.9715,1.4636,0.5329,0.7416,0.523,0.7272,0.0022,-0.1978,-0.0011,0.0583,1.0506,-0.0125,1.542,0.000281,-0.0004,0.0001
0.36,FLIGHT,0.9741,1.4672,0.5219,0.7256,0.5121,0.7113,0.0022,-0.1975,-0.0011,0.0572,1.0497,-0.0135,1.5436,0.000279,-0.0004,0.0001
0.365,FLIGHT,0.9766,1.4707,0.5109,0.7096,0.5011,0.6954,0.0022,-0.1973,-0.0011,0.056,1.0487,-0.0146,1.5452,0.000278,-0.0004,0.0001
0.37,FLIGHT,0.9791,1.4742,0.5,0.6938,0.4902,0.6797,0.0022,-0.197,-0.001,0.0548,1.0478,-0.0156,1.5468,0.000276,-0.0004,0.0001
0.375,FLIGHT,0.9815,1.4775,0.4891,0.6781,0.4794,0.664,0.0022,-0.1967,-0.001,0.0537,1.0468,-0.0167,1.5483,0.000274,-0.0003,0.0001
0.38,FLIGHT,0.9839,1.4808,0.4782,0.6625,0.4685,0.6486,0.0022,-0.1965,-0.001,0.0525,1.0459,-0.0177,1.5498,0.000272,-0.0003,0.0001
0.385,FLIGHT,0.9862,1.484,0.4674,0.6471,0.4578,0.6333,0.0022,-0.1962,-0.001,0.0514,1.0449,-0.0187,1.5513,0.000271,-0.0003,0.0001
0.39,FLIGHT,0.9884,1.4871,0.4567,0.6318,0.447,0.6182,0.0022,-0.196,-0.001,0.0503,1.0439,-0.0198,1.5527,0.000269,-0.0003,0.0001
0.395,FLIGHT,0.9907,1.4902,0.4459,0.6167,0.4364,0.6033,0.0022,-0.1957,-0.001,0.0491,1.0428,-0.0208,1.5541,0.000267,-0.0003,0.0001
0.4,FLIGHT,0.9928,1.4932,0.4353,0.6019,0.4258,0.5886,0.0022,-0.1955,-0.001,0.048,1.0418,-0.0217,1.5555,0.000266,-0.0003,0.0001
0.405,FLIGHT,0.9949,1.4961,0.4247,0.5872,0.4152,0.5741,0.0022,-0.1952,-0.001,0.0469,1.0408,-0.0227,1.5569,0.000264,-0.0003,0.0001
0.41,FLIGHT,0.997,1.4989,0.4141,0.5727,0.4047,0.5598,0.0022,-0.195,-0.0011,0.0458,1.0397,-0.0236,1.5582,0.000262,-0.0003,0.0001
0.415,FLIGHT,0.999,1.5017,0.4037,0.5584,0.3944,0.5457,0.0022,-0.1948,-0.0011,0.0447,1.0386,-0.0246,1.5595,0.000261,-0.0003,0.0001
0.42,FLIGHT,1.0009,1.5044,0.3933,0.5443,0.3841,0.5318,0.0022,-0.1946,-0.0012,0.0437,1.0375,-0.0254,1.5607,0.000259,-0.0003,0.0001
0.425,FLIGHT,1.0028,1.507,0.3831,0.5305,0.3739,0.5182,0.0022,-0.1944,-0.0013,0.0426,1.0364,-0.0263,1.5619,0.000257,-0.0003,0.0001
0.43,FLIGHT,1.0046,1.5096,0.3729,0.5169,0.3638,0.5047,0.0022,-0.1942,-0.0013,0.0416,1.0352,-0.0271,1.5631,0.000256,-0.0003,0.0001
0.435,FLIGHT,1.0064,1.512,0.3628,0.5034,0.3539,0.4915,0.0022,-0.194,-0.0014,0.0405,1.0341,-0.028,1.5642,0.000254,-0.0003,0.0001
0.44,FLIGHT,1.0082,1.5145,0.3529,0.4902,0.344,0.4785,0.0022,-0.1938,-0.0015,0.0395,1.0329,-0.0287,1.5653,0.000253,-0.0003,0.0001
0.445,FLIGHT,1.0099,1.5168,0.3431,0.4773,0.3343,0.4657,0.0021,-0.1936,-0.0016,0.0385,1.0317,-0.0295,1.5664,0.000251,-0.0003,0.0001
0.45,FLIGHT,1.0115,1.5191,0.3334,0.4645,0.3248,0.4532,0.0021,-0.1934,-0.0017,0.0375,1.0305,-0.0302,1.5674,0.00025,-0.0003,0.0001
0.455,FLIGHT,1.0131,1.5214,0.3238,0.452,0.3154,0.4408,0.0021,-0.1932,-0.0018,0.0365,1.0293,-0.0309,1.5684,0.000248,-0.0003,0.0001
0.46,FLIGHT,1.0147,1.5235,0.3144,0.4397,0.3061,0.4287,0.0021,-0.193,-0.0019,0.0356,1.028,-0.0316,1.5694,0.000247,-0.0003,0.0001
0.465,FLIGHT,1.0162,1.5256,0.3052,0.4276,0.2969,0.4168,0.0021,-0.1929,-0.002,0.0346,1.0268,-0.0323,1.5703,0.000246,-0.0003,0.0001
0.47,FLIGHT,1.0177,1.5277,0.2961,0.4157,0.288,0.4052,0.0021,-0.1927,-0.0021,0.0337,1.0255,-0.0329,1.5712,0.000244,-0.0003,0.0001
0.475,FLIGHT,1.0191,1.5297,0.2871,0.404,0.2792,0.3937,0.0021,-0.1925,-0.0022,0.0328,1.0242,-0.0336,1.5721,0.000243,-0.0003,0.0001
0.48,FLIGHT,1.0204,1.5316,0.2783,0.3926,0.2705,0.3825,0.0021,-0.1924,-0.0023,0.0319,1.0229,-0.0342,1.573,0.000241,-0.0003,0.0001
0.485,FLIGHT,1.0218,1.5335,0.2697,0.3814,0.262,0.3714,0.0021,-0.1922,-0.0024,0.031,1.0216,-0.0347,1.5738,0.00024,-0.0003,0.0001
0.49,FLIGHT,1.0231,1.5354,0.2612,0.3704,0.2537,0.3606,0.002,-0.1921,-0.0025,0.0301,1.0203,-0.0353,1.5746,0.000239,-0.0003,0.0001
0.495,FLIGHT,1.0243,1.5371,0.2529,0.3596,0.2455,0.3501,0.002,-0.1919,-0.0025,0.0293,1.0189,-0.0358,1.5754,0.000238,-0.0003,0.0001
0.5,FLIGHT,1.0255,1.5389,0.2447,0.3491,0.2375,0.3397,0.002,-0.1918,-0.0026,0.0284,1.0175,-0.0363,1.5761,0.000236,-0.0002,0.0
0.505,FLIGHT,1.0267,1.5405,0.2367,0.3387,0.2297,0.3295,0.002,-0.1917,-0.0027,0.0276,1.0162,-0.0368,1.5769,0.000235,-0.0002,0.0
0.51,FLIGHT,1.0278,1.5422,0.2289,0.3286,0.222,0.3196,0.002,-0.1915,-0.0028,0.0268,1.0148,-0.0373,1.5776,0.000234,-0.0002,0.0
0.515,FLIGHT,1.0289,1.5437,0.2213,0.3187,0.2145,0.3099,0.002,-0.1914,-0.0029,0.026,1.0133,-0.0378,1.5783,0.000233,-0.0002,0.0
0.52,FLIGHT,1.03,1.5453,0.2138,0.309,0.2072,0.3004,0.002,-0.1913,-0.0029,0.0252,1.0119,-0.0383,1.5789,0.000231,-0.0002,0.0
0.525,FLIGHT,1.031,1.5467,0.2065,0.2995,0.2,0.2911,0.002,-0.1912,-0.003,0.0245,1.0105,-0.0387,1.5796,0.00023,-0.0002,0.0
0.53,FLIGHT,1.032,1.5482,0.1993,0.2902,0.193,0.282,0.0019,-0.191,-0.0031,0.0237,1.009,-0.0391,1.5802,0.000229,-0.0002,0.0
0.535,FLIGHT,1.0329,1.5496,0.1923,0.2811,0.1862,0.2731,0.0019,-0.1909,-0.0031,0.023,1.0075,-0.0395,1.5808,0.000228,-0.0002,0.0
0.54,FLIGHT,1.0338,1.5509,0.1855,0.2723,0.1795,0.2644,0.0019,-0.1908,-0.0032,0.0223,1.0061,-0.0399,1.5814,0.000227,-0.0002,0.0
0.545,FLIGHT,1.0347,1.5522,0.1789,0.2636,0.173,0.256,0.0019,-0.1907,-0.0032,0.0216,1.0046,-0.0403,1.582,0.000226,-0.0002,0.0
0.55,FLIGHT,1.0356,1.5535,0.1724,0.2552,0.1666,0.2477,0.0019,-0.1906,-0.0033,0.0209,1.003,-0.0407,1.5825,0.000225,-0.0002,0.0
0.555,FLIGHT,1.0364,1.5547,0.166,0.247,0.1604,0.2397,0.0019,-0.1905,-0.0033,0.0203,1.0015,-0.041,1.583,0.000224,-0.0002,0.0
0.56,FLIGHT,1.0372,1.5559,0.1598,0.2389,0.1544,0.2318,0.0018,-0.1904,-0.0034,0.0196,1.0,-0.0414,1.5836,0.000223,-0.0002,0.0
0.565,STANCE,1.0387,1.5578,0.2892,0.3734,0.6558,0.6557,0.0019,-0.1902,0.0022,0.0307,0.9987,-0.1216,-0.3138,-0.000349,-0.3482,0.07
0.57,STANCE,1.0417,1.5607,0.4704,0.5035,0.288,0.4366,0.002,-0.19,0.0181,0.0417,0.9982,-0.4302,-0.8968,-0.001904,-0.1365,0.0292
0.575,STANCE,1.0429,1.5621,0.3086,0.3284,0.2493,0.1259,0.002,-0.1899,0.0121,0.0272,0.9983,-0.7323,-1.3418,-0.002187,-0.0082,0.0038
0.58,STANCE,1.0445,1.562,0.3302,0.0789,0.4032,-0.1592,0.0024,-0.1899,0.0515,0.0071,0.9984,-1.1567,-1.6737,-0.002122,0.0316,0.0021
0.585,STANCE,1.0469,1.5605,0.4281,-0.1932,0.5208,-0.4406,0.003,-0.19,0.1088,-0.0142,0.9986,-1.5921,-1.8613,-0.001882,0.0631,0.0019
0.59,STANCE,1.049,1.5565,0.4384,-0.6121,0.5212,-0.833,0.004,-0.1903,0.1706,-0.0467,0.9986,-1.9164,-1.8194,-0.001397,0.0699,0.0014
0.595,STANCE,1.0521,1.5513,0.5622,-0.9264,0.6402,-1.2804,0.0053,-0.1907,0.2398,-0.0693,0.9987,-2.17,-1.6437,-0.001268,0.0076,0.0013
0.6,STANCE,1.0551,1.5437,0.5928,-1.3372,0.6183,-1.6412,0.007,-0.1913,0.3059,-0.0982,0.9988,-2.2387,-1.2627,-0.001207,0.0007,0.0012
0.605,STANCE,1.0577,1.5347,0.552,-1.6621,0.4755,-1.9131,0.0088,-0.1919,0.3467,-0.1195,0.9989,-2.1078,-0.7924,-0.001149,0.0142,0.0011
0.61,STANCE,1.0597,1.5247,0.4371,-1.8907,0.3638,-1.9922,0.0106,-0.1927,0.3597,-0.1336,0.999,-1.7782,-0.2898,-0.001045,0.0134,0.001
0.615,STANCE,1.061,1.5144,0.3014,-2.0141,0.2222,-2.0397,0.0124,-0.1934,0.3534,-0.1401,0.9992,-1.3071,0.186,-0.000904,0.022,0.0009
0.62,STANCE,1.0616,1.5039,0.175,-2.0724,0.1104,-2.0654,0.014,-0.1941,0.3393,-0.1421,0.9994,-0.7789,0.5968,-0.000716,0.0319,0.0007
0.625,STANCE,1.0618,1.4933,0.0929,-2.0916,0.0251,-2.1215,0.0157,-0.1949,0.3278,-0.1411,0.9996,-0.3169,0.9001,-0.000499,0.05,0.0005
0.63,STANCE,1.062,1.4827,0.0548,-2.1099,0.0662,-2.0988,0.0173,-0.1956,0.3247,-0.1395,0.9998,-0.067,1.0603,-0.000241,0.0454,0.0002
0.635,FLIGHT,1.0618,1.4727,-0.0311,-2.0053,-0.2718,-1.7061,0.0187,-0.1962,0.2936,-0.1312,1.0001,-1.3583,2.6334,6.6e-05,0.0723,0.0
0.64,FLIGHT,1.0591,1.4659,-0.4032,-1.5369,-0.794,-1.0425,0.0192,-0.1967,0.1508,-0.1069,1.0006,-1.2711,2.5553,0.00036,0.0465,0.0
0.645,FLIGHT,1.054,1.4622,-0.8495,-0.9694,-1.2439,-0.4646,0.0188,-0.1971,-0.0224,-0.0787,1.0012,-1.1217,2.4285,0.000542,0.0274,0.0
0.65,FLIGHT,1.0468,1.4611,-1.263,-0.4346,-1.6041,0.0125,0.0175,-0.1973,-0.1843,-0.0506,1.0019,-0.9534,2.2882,0.000642,0.0134,0.0
0.655,FLIGHT,1.0381,1.4621,-1.6045,0.0213,-1.8738,0.3895,0.0156,-0.1973,-0.3198,-0.0236,1.0027,-0.7861,2.15,0.000684,0.0037,0.0
0.66,FLIGHT,1.0282,1.4648,-1.8637,0.387,-2.0593,0.6742,0.0133,-0.1973,-0.4249,0.0019,1.0036,-0.6285,2.021,0.000685,-0.0027,0.0005
0.665,FLIGHT,1.0176,1.4687,-2.043,0.665,-2.1698,0.877,0.0106,-0.1971,-0.5003,0.0256,1.0045,-0.4851,1.9042,0.000661,-0.0066,0.0013
0.67,FLIGHT,1.0066,1.4735,-2.1497,0.8636,-2.2155,1.0089,0.0078,-0.1969,-0.549,0.0467,1.0055,-0.3573,1.8011,0.000622,-0.0088,0.0018
0.675,FLIGHT,0.9956,1.4787,-2.1932,0.9931,-2.2067,1.0812,0.0048,-0.1966,-0.5745,0.0646,1.0065,-0.2457,1.7118,0.000575,-0.0098,0.002
0.68,FLIGHT,0.9846,1.4842,-2.1831,1.0639,-2.153,1.1042,0.0019,-0.1962,-0.5806,0.079,1.0076,-0.1499,1.636,0.000525,-0.0101,0.002
0.685,FLIGHT,0.9741,1.4897,-2.1291,1.0864,-2.0636,1.0879,-0.001,-0.1958,-0.5709,0.0894,1.0086,-0.0691,1.5731,0.000475,-0.0098,0.002
0.69,FLIGHT,0.964,1.495,-2.0398,1.0702,-1.9466,1.0409,-0.0037,-0.1953,-0.5488,0.0959,1.0096,-0.0024,1.5221,0.000427,-0.0092,0.0018
0.695,FLIGHT,0.9547,1.5001,-1.9235,1.0238,-1.8094,0.9712,-0.0062,-0.1948,-0.5175,0.0985,1.0105,0.0514,1.482,0.000383,-0.0084,0.0017
0.7,FLIGHT,0.946,1.5047,-1.7873,0.9551,-1.6583,0.8856,-0.0086,-0.1944,-0.4794,0.0978,1.0115,0.0936,1.4516,0.000343,-0.0076,0.0015
0.705,FLIGHT,0.9381,1.5089,-1.6375,0.8707,-1.4989,0.79,-0.0107,-0.1939,-0.437,0.0942,1.0124,0.1254,1.4299,0.000307,-0.0067,0.0013
0.71,FLIGHT,0.931,1.5126,-1.4795,0.7765,-1.3359,0.6892,-0.0125,-0.1935,-0.3921,0.0881,1.0133,0.1481,1.4155,0.000276,-0.0059,0.0012
0.715,FLIGHT,0.9247,1.5158,-1.3181,0.6773,-1.1731,0.5874,-0.0142,-0.1932,-0.3463,0.0802,1.0141,0.1629,1.4075,0.000248,-0.0051,0.001
0.72,FLIGHT,0.9193,1.5185,-1.157,0.5771,-1.0138,0.4879,-0.0156,-0.1928,-0.3008,0.0711,1.0149,0.171,1.4047,0.000225,-0.0043,0.0009
0.725,FLIGHT,0.9146,1.5207,-0.9994,0.479,-0.8606,0.393,-0.0168,-0.1926,-0.2566,0.0613,1.0157,0.1733,1.4063,0.000205,-0.0036,0.0007
0.73,FLIGHT,0.9106,1.5224,-0.8478,0.3857,-0.7153,0.3048,-0.0178,-0.1923,-0.2145,0.0512,1.0164,0.171,1.4112,0.000189,-0.0029,0.0006
0.735,FLIGHT,0.9074,1.5237,-0.7041,0.299,-0.5794,0.2246,-0.0186,-0.1921,-0.1751,0.0413,1.0171,0.1649,1.4189,0.000176,-0.0023,0.0005
0.74,FLIGHT,0.9048,1.5247,-0.5697,0.2201,-0.4539,0.1532,-0.0192,-0.192,-0.1386,0.0318,1.0177,0.1559,1.4284,0.000166,-0.0017,0.0003
0.745,FLIGHT,0.9029,1.5253,-0.4456,0.1499,-0.3393,0.0912,-0.0197,-0.1919,-0.1054,0.023,1.0183,0.1446,1.4394,0.000158,-0.0012,0.0002
0.75,FLIGHT,0.9014,1.5256,-0.3324,0.0889,-0.236,0.0385,-0.02,-0.1918,-0.0755,0.0151,1.0189,0.1318,1.4511,0.000153,-0.0008,0.0002
0.755,FLIGHT,0.9005,1.5257,-0.2303,0.0373,-0.1438,-0.0049,-0.0202,-0.1918,-0.0491,0.0082,1.0195,0.1179,1.4633,0.00015,-0.0004,0.0001
0.76,FLIGHT,0.9,1.5256,-0.1393,-0.0053,-0.0626,-0.0394,-0.0203,-0.1918,-0.026,0.0023,1.02,0.1035,1.4756,0.000149,-0.0001,0.0
0.765,FLIGHT,0.8998,1.5253,-0.0591,-0.039,0.008,-0.0654,-0.0203,-0.1918,-0.0062,-0.0025,1.0205,0.0889,1.4876,0.00015,0.0002,0.0
0.77,FLIGHT,0.9,1.5249,0.0107,-0.0645,0.0686,-0.0837,-0.0202,-0.1919,0.0106,-0.0064,1.0209,0.0745,1.4992,0.000152,0.0005,0.0
0.775,FLIGHT,0.9005,1.5245,0.0706,-0.0823,0.12,-0.095,-0.02,-0.1919,0.0244,-0.0092,1.0214,0.0605,1.5102,0.000154,0.0007,0.0
0.78,FLIGHT,0.9012,1.524,0.1212,-0.0931,0.1627,-0.1,-0.0198,-0.192,0.0356,-0.0113,1.0218,0.0472,1.5204,0.000158,0.0008,0.0
0.785,FLIGHT,0.9021,1.5235,0.1634,-0.0978,0.1975,-0.0994,-0.0196,-0.1921,0.0443,-0.0125,1.0222,0.0347,1.5298,0.000162,0.0009,0.0
0.79,FLIGHT,0.9032,1.523,0.1978,-0.097,0.2253,-0.0942,-0.0193,-0.1921,0.0509,-0.013,1.0226,0.0232,1.5383,0.000167,0.001,0.0
0.795,FLIGHT,0.9044,1.5226,0.2252,-0.0917,0.2469,-0.085,-0.019,-0.1922,0.0555,-0.0129,1.0229,0.0126,1.5459,0.000172,0.001,0.0
0.8,FLIGHT,0.9056,1.5222,0.2464,-0.0824,0.2629,-0.0725,-0.0187,-0.1923,0.0583,-0.0124,1.0233,0.003,1.5526,0.000178,0.0011,0.0
0.805,FLIGHT,0.907,1.5218,0.2623,-0.0699,0.2742,-0.0576,-0.0184,-0.1923,0.0597,-0.0114,1.0236,-0.0055,1.5584,0.000183,0.0011,0.0
0.81,FLIGHT,0.9084,1.5216,0.2734,-0.055,0.2814,-0.0407,-0.0181,-0.1924,0.0599,-0.0101,1.0239,-0.0129,1.5634,0.000188,0.001,0.0
0.815,FLIGHT,0.9098,1.5214,0.2805,-0.0381,0.2852,-0.0224,-0.0178,-0.1924,0.0591,-0.0086,1.0242,-0.0194,1.5676,0.000193,0.001,0.0
0.82,FLIGHT,0.9112,1.5214,0.2842,-0.02,0.2862,-0.0033,-0.0175,-0.1924,0.0574,-0.0069,1.0245,-0.025,1.5711,0.000198,0.001,0.0
0.825,FLIGHT,0.9126,1.5214,0.2852,-0.0011,0.2849,0.0161,-0.0173,-0.1925,0.055,-0.005,1.0247,-0.0296,1.5739,0.000203,0.0009,0.0
0.83,FLIGHT,0.9141,1.5215,0.2839,0.0182,0.2819,0.0356,-0.017,-0.1925,0.0522,-0.0031,1.025,-0.0335,1.5761,0.000207,0.0008,0.0
0.835,FLIGHT,0.9155,1.5218,0.2808,0.0375,0.2774,0.0547,-0.0168,-0.1925,0.049,-0.0012,1.0252,-0.0366,1.5778,0.000211,0.0008,0.0
0.84,FLIGHT,0.9168,1.5221,0.2764,0.0564,0.272,0.0731,-0.0166,-0.1925,0.0456,0.0007,1.0254,-0.0391,1.579,0.000215,0.0007,0.0
0.845,FLIGHT,0.9182,1.5225,0.271,0.0747,0.2659,0.0908,-0.0164,-0.1924,0.0421,0.0025,1.0256,-0.041,1.5798,0.000218,0.0006,0.0
0.85,FLIGHT,0.9195,1.523,0.265,0.0922,0.2593,0.1074,-0.0162,-0.1924,0.0386,0.0042,1.0258,-0.0423,1.5803,0.000221,0.0006,0.0
0.855,FLIGHT,0.9208,1.5236,0.2585,0.1086,0.2526,0.1228,-0.016,-0.1924,0.0351,0.0059,1.026,-0.0433,1.5805,0.000224,0.0005,0.0
0.86,FLIGHT,0.922,1.5242,0.2519,0.1239,0.2459,0.1371,-0.0158,-0.1923,0.0318,0.0075,1.0261,-0.0439,1.5804,0.000226,0.0004,0.0
0.865,FLIGHT,0.9232,1.5249,0.2453,0.138,0.2394,0.15,-0.0157,-0.1923,0.0286,0.0089,1.0263,-0.0442,1.5802,0.000228,0.0004,0.0
0.87,FLIGHT,0.9244,1.5257,0.2388,0.1507,0.233,0.1616,-0.0156,-0.1922,0.0256,0.0102,1.0264,-0.0443,1.5799,0.00023,0.0003,0.0
0.875,FLIGHT,0.9256,1.5265,0.2325,0.1622,0.2271,0.1718,-0.0155,-0.1922,0.0229,0.0113,1.0265,-0.0441,1.5795,0.000231,0.0003,0.0
0.88,FLIGHT,0.9267,1.5274,0.2266,0.1723,0.2214,0.1808,-0.0154,-0.1921,0.0204,0.0124,1.0266,-0.0439,1.579,0.000232,0.0002,0.0
0.885,FLIGHT,0.9278,1.5283,0.221,0.1811,0.2162,0.1885,-0.0153,-0.1921,0.0181,0.0133,1.0266,-0.0435,1.5785,0.000233,0.0002,0.0
0.89,FLIGHT,0.9288,1.5293,0.2159,0.1887,0.2115,0.195,-0.0152,-0.192,0.0161,0.0141,1.0267,-0.0431,1.578,0.000234,0.0001,0.0
0.895,FLIGHT,0.9299,1.5303,0.2111,0.1951,0.2071,0.2003,-0.0152,-0.1919,0.0143,0.0148,1.0267,-0.0427,1.5775,0.000235,0.0001,0.0
0.9,FLIGHT,0.9309,1.5313,0.2068,0.2004,0.2031,0.2046,-0.0151,-0.1918,0.0127,0.0153,1.0267,-0.0423,1.577,0.000235,0.0001,0.0
0.905,FLIGHT,0.9319,1.5323,0.2029,0.2046,0.1995,0.2079,-0.015,-0.1917,0.0114,0.0158,1.0267,-0.0418,1.5766,0.000235,0.0,0.0
0.91,FLIGHT,0.9329,1.5334,0.1993,0.2078,0.1963,0.2103,-0.015,-0.1917,0.0103,0.0162,1.0266,-0.0414,1.5763,0.000236,0.0,0.0
0.915,FLIGHT,0.9339,1.5344,0.1961,0.2101,0.1934,0.2118,-0.0149,-0.1916,0.0093,0.0164,1.0266,-0.0411,1.576,0.000236,0.0,0.0
0.92,FLIGHT,0.9348,1.5355,0.1932,0.2116,0.1907,0.2126,-0.0149,-0.1915,0.0085,0.0166,1.0265,-0.0408,1.5757,0.000236,-0.0,0.0
0.925,FLIGHT,0.9358,1.5366,0.1906,0.2124,0.1883,0.2127,-0.0149,-0.1914,0.0079,0.0167,1.0264,-0.0406,1.5756,0.000236,-0.0,0.0
0.93,FLIGHT,0.9367,1.5376,0.1882,0.2125,0.1861,0.2123,-0.0148,-0.1913,0.0074,0.0168,1.0263,-0.0404,1.5755,0.000235,-0.0,0.0
0.935,FLIGHT,0.9377,1.5387,0.1859,0.212,0.184,0.2113,-0.0148,-0.1912,0.0071,0.0168,1.0262,-0.0403,1.5755,0.000235,-0.0,0.0
0.94,FLIGHT,0.9386,1.5397,0.1839,0.2109,0.1821,0.2098,-0.0148,-0.1912,0.0068,0.0167,1.026,-0.0402,1.5755,0.000235,-0.0,0.0
0.945,FLIGHT,0.9395,1.5408,0.182,0.2095,0.1803,0.208,-0.0147,-0.1911,0.0066,0.0166,1.0258,-0.0402,1.5756,0.000235,-0.0,0.0
0.95,FLIGHT,0.9404,1.5418,0.1801,0.2076,0.1785,0.2058,-0.0147,-0.191,0.0065,0.0165,1.0256,-0.0403,1.5757,0.000234,-0.0001,0.0
0.955,FLIGHT,0.9413,1.5428,0.1783,0.2055,0.1767,0.2034,-0.0147,-0.1909,0.0064,0.0163,1.0254,-0.0405,1.5759,0.000234,-0.0001,0.0
0.96,FLIGHT,0.9421,1.5438,0.1766,0.203,0.175,0.2007,-0.0146,-0.1908,0.0064,0.0161,1.0252,-0.0406,1.5762,0.000234,-0.0001,0.0
0.965,FLIGHT,0.943,1.5448,0.1748,0.2003,0.1732,0.1978,-0.0146,-0.1908,0.0064,0.0159,1.0249,-0.0409,1.5764,0.000234,-0.0001,0.0
0.97,FLIGHT,0.9439,1.5458,0.173,0.1975,0.1714,0.1948,-0.0146,-0.1907,0.0065,0.0157,1.0246,-0.0411,1.5767,0.000233,-0.0001,0.0
0.975,FLIGHT,0.9447,1.5468,0.1712,0.1944,0.1696,0.1917,-0.0145,-0.1906,0.0065,0.0155,1.0243,-0.0414,1.5771,0.000233,-0.0001,0.0
0.98,FLIGHT,0.9456,1.5477,0.1694,0.1913,0.1677,0.1884,-0.0145,-0.1905,0.0066,0.0152,1.024,-0.0417,1.5774,0.000233,-0.0001,0.0
0.985,FLIGHT,0.9464,1.5487,0.1675,0.1881,0.1658,0.1851,-0.0145,-0.1905,0.0066,0.0149,1.0237,-0.0421,1.5778,0.000232,-0.0001,0.0
0.99,FLIGHT,0.9472,1.5496,0.1656,0.1848,0.1638,0.1818,-0.0144,-0.1904,0.0067,0.0147,1.0233,-0.0424,1.5782,0.000232,-0.0001,0.0
0.995,FLIGHT,0.948,1.5505,0.1635,0.1814,0.1617,0.1784,-0.0144,-0.1903,0.0068,0.0144,1.0229,-0.0428,1.5786,0.000232,-0.0001,0.0
1.0,FLIGHT,0.9488,1.5514,0.1614,0.1781,0.1595,0.1751,-0.0144,-0.1902,0.0068,0.0141,1.0225,-0.0432,1.5791,0.000232,-0.0001,0.0
1.005,FLIGHT,0.9496,1.5522,0.1593,0.1747,0.1573,0.1717,-0.0143,-0.1902,0.0068,0.0139,1.0221,-0.0436,1.5795,0.000231,-0.0001,0.0
1.01,FLIGHT,0.9504,1.5531,0.1571,0.1713,0.155,0.1683,-0.0143,-0.1901,0.0068,0.0136,1.0217,-0.044,1.5799,0.000231,-0.0001,0.0
1.015,FLIGHT,0.9512,1.5539,0.1548,0.168,0.1527,0.1649,-0.0143,-0.19,0.0069,0.0133,1.0212,-0.0444,1.5803,0.000231,-0.0001,0.0
1.02,FLIGHT,0.9519,1.5547,0.1524,0.1646,0.1502,0.1616,-0.0142,-0.19,0.0068,0.013,1.0207,-0.0448,1.5807,0.000231,-0.0001,0.0
1.025,FLIGHT,0.9527,1.5555,0.15,0.1613,0.1478,0.1583,-0.0142,-0.1899,0.0068,0.0128,1.0202,-0.0452,1.5811,0.00023,-0.0001,0.0
1.03,FLIGHT,0.9534,1.5563,0.1475,0.158,0.1452,0.155,-0.0142,-0.1898,0.0068,0.0125,1.0197,-0.0456,1.5815,0.00023,-0.0001,0.0
1.035,FLIGHT,0.9541,1.5571,0.145,0.1547,0.1427,0.1518,-0.0141,-0.1898,0.0067,0.0123,1.0192,-0.0459,1.5819,0.00023,-0.0001,0.0
1.04,FLIGHT,0.9548,1.5578,0.1424,0.1514,0.1401,0.1486,-0.0141,-0.1897,0.0067,0.012,1.0186,-0.0463,1.5823,0.00023,-0.0001,0.0
1.045,FLIGHT,0.9555,1.5586,0.1398,0.1482,0.1374,0.1454,-0.0141,-0.1897,0.0066,0.0117,1.0181,-0.0467,1.5827,0.000229,-0.0001,0.0
1.05,FLIGHT,0.9562,1.5593,0.1372,0.1451,0.1348,0.1422,-0.014,-0.1896,0.0065,0.0115,1.0175,-0.047,1.5831,0.000229,-0.0001,0.0
1.055,FLIGHT,0.9569,1.56,0.1345,0.1419,0.1321,0.1391,-0.014,-0.1896,0.0064,0.0112,1.0169,-0.0473,1.5834,0.000229,-0.0001,0.0
1.06,FLIGHT,0.9575,1.5607,0.1318,0.1388,0.1294,0.136,-0.014,-0.1895,0.0063,0.011,1.0162,-0.0476,1.5838,0.000228,-0.0001,0.0
1.065,FLIGHT,0.9582,1.5614,0.1291,0.1357,0.1267,0.133,-0.0139,-0.1895,0.0062,0.0108,1.0156,-0.048,1.5841,0.000228,-0.0001,0.0
1.07,FLIGHT,0.9588,1.562,0.1265,0.1327,0.1241,0.13,-0.0139,-0.1894,0.0061,0.0105,1.0149,-0.0482,1.5844,0.000228,-0.0001,0.0
1.075,FLIGHT,0.9594,1.5627,0.1238,0.1297,0.1214,0.127,-0.0139,-0.1893,0.006,0.0103,1.0142,-0.0485,1.5847,0.000228,-0.0001,0.0
1.08,FLIGHT,0.96,1.5633,0.1211,0.1267,0.1187,0.1241,-0.0138,-0.1893,0.0059,0.01,1.0135,-0.0488,1.585,0.000227,-0.0001,0.0
1.085,FLIGHT,0.9606,1.5639,0.1184,0.1238,0.1161,0.1212,-0.0138,-0.1892,0.0058,0.0098,1.0128,-0.0491,1.5853,0.000227,-0.0001,0.0
1.09,FLIGHT,0.9612,1.5645,0.1158,0.1209,0.1134,0.1183,-0.0138,-0.1892,0.0057,0.0096,1.0121,-0.0493,1.5856,0.000227,-0.0001,0.0
1.095,FLIGHT,0.9617,1.5651,0.1132,0.1181,0.1108,0.1155,-0.0138,-0.1892,0.0056,0.0094,1.0113,-0.0496,1.5859,0.000227,-0.0,0.0
1.1,FLIGHT,0.9623,1.5657,0.1106,0.1152,0.1082,0.1127,-0.0137,-0.1891,0.0054,0.0091,1.0106,-0.0498,1.5862,0.000226,-0.0,0.0
1.105,FLIGHT,0.9628,1.5662,0.108,0.1124,0.1057,0.11,-0.0137,-0.1891,0.0053,0.0089,1.0098,-0.05,1.5864,0.000226,-0.0,0.0
1.11,FLIGHT,0.9634,1.5668,0.1054,0.1097,0.1032,0.1073,-0.0137,-0.189,0.0052,0.0087,1.009,-0.0502,1.5867,0.000226,-0.0,0.0
1.115,FLIGHT,0.9639,1.5673,0.1029,0.107,0.1007,0.1046,-0.0137,-0.189,0.0051,0.0085,1.0082,-0.0504,1.5869,0.000226,-0.0,0.0
1.12,FLIGHT,0.9644,1.5678,0.1004,0.1043,0.0982,0.1019,-0.0136,-0.1889,0.005,0.0083,1.0073,-0.0506,1.5872,0.000225,-0.0,0.0
1.125,FLIGHT,0.9648,1.5683,0.098,0.1017,0.0958,0.0993,-0.0136,-0.1889,0.0049,0.0081,1.0065,-0.0508,1.5874,0.000225,-0.0,0.0
1.13,FLIGHT,0.9653,1.5688,0.0956,0.0991,0.0935,0.0968,-0.0136,-0.1889,0.0048,0.0079,1.0056,-0.051,1.5876,0.000225,-0.0,0.0
1.135,FLIGHT,0.9658,1.5693,0.0932,0.0965,0.0911,0.0942,-0.0136,-0.1888,0.0046,0.0077,1.0047,-0.0512,1.5879,0.000225,-0.0,0.0
1.14,FLIGHT,0.9662,1.5697,0.0909,0.094,0.0888,0.0918,-0.0135,-0.1888,0.0045,0.0075,1.0038,-0.0514,1.5881,0.000225,-0.0,0.0
1.145,FLIGHT,0.9667,1.5702,0.0886,0.0915,0.0866,0.0893,-0.0135,-0.1887,0.0044,0.0073,1.0029,-0.0516,1.5883,0.000224,-0.0,0.0
1.15,FLIGHT,0.9671,1.5706,0.0864,0.0891,0.0844,0.0869,-0.0135,-0.1887,0.0043,0.0071,1.002,-0.0517,1.5885,0.000224,-0.0,0.0
1.155,FLIGHT,0.9675,1.5711,0.0841,0.0867,0.0822,0.0846,-0.0135,-0.1887,0.0042,0.0069,1.001,-0.0519,1.5887,0.000224,-0.0,0.0
1.16,FLIGHT,0.9679,1.5715,0.082,0.0844,0.0801,0.0823,-0.0134,-0.1886,0.0041,0.0067,1.0001,-0.0521,1.5889,0.000224,-0.0,0.0
1.165,STANCE,0.9694,1.5723,0.2589,0.1416,0.5587,0.0716,-0.0133,-0.1886,0.0298,0.0096,0.9993,0.0842,-0.5339,-0.000761,-0.3211,0.065
1.17,STANCE,0.9733,1.5713,0.6241,-0.137,0.8841,-0.6236,-0.0124,-0.1887,0.1362,-0.0203,0.9984,-0.2391,-1.0515,-0.002502,-0.3254,0.0676
1.175,STANCE,0.977,1.5676,0.6763,-0.5061,0.3788,-0.379,-0.0112,-0.1891,0.1964,-0.0535,0.9978,-0.5508,-1.4732,-0.003704,-0.0993,0.0236
1.18,STANCE,0.9783,1.5667,0.3875,-0.2779,0.259,-0.1465,-0.0108,-0.1892,0.111,-0.0293,0.998,-0.7329,-2.0446,-0.003832,0.0205,0.0038
1.185,STANCE,0.9802,1.5652,0.4037,-0.3199,0.5369,-0.5158,-0.0103,-0.1894,0.1199,-0.0329,0.9982,-1.0164,-2.3424,-0.003632,0.0528,0.0036
1.19,STANCE,0.9824,1.559,0.4172,-1.0073,0.5526,-1.4291,-0.009,-0.1899,0.2169,-0.0933,0.9981,-1.2597,-2.1522,-0.003083,0.0974,0.0031
1.195,STANCE,0.9863,1.552,0.6872,-1.2895,0.9483,-1.6407,-0.0073,-0.1906,0.3084,-0.1177,0.9983,-1.5274,-1.912,-0.002946,-0.0385,0.0106
1.2,STANCE,0.991,1.5418,0.8467,-1.8493,0.9547,-2.3491,-0.005,-0.1915,0.419,-0.162,0.9983,-1.6506,-1.3571,-0.003105,-0.0333,0.0098
1.205,STANCE,0.9957,1.529,0.9116,-2.3492,0.9113,-2.7401,-0.0023,-0.1926,0.5054,-0.1968,0.9983,-1.605,-0.6833,-0.003268,-0.0269,0.0087
1.21,STANCE,1.0002,1.515,0.8967,-2.655,0.8544,-2.8356,0.0005,-0.1937,0.5504,-0.2126,0.9983,-1.3857,-0.0235,-0.003433,-0.0329,0.01
1.215,STANCE,1.004,1.5006,0.7895,-2.8082,0.6913,-2.8563,0.0033,-0.1949,0.5563,-0.2155,0.9983,-1.0128,0.5616,-0.00352,-0.0157,0.0067
1.22,STANCE,1.007,1.4865,0.6573,-2.8201,0.5222,-2.804,0.0059,-0.1959,0.5367,-0.2082,0.9984,-0.5825,1.0065,-0.003537,0.0101,0.0035
1.225,STANCE,1.0094,1.4728,0.5309,-2.7542,0.4612,-2.6388,0.0084,-0.1969,0.5062,-0.1962,0.9985,-0.2203,1.276,-0.003456,0.0129,0.0035
1.23,FLIGHT,1.0114,1.4598,0.4462,-2.6433,0.3782,-2.5481,0.0107,-0.1978,0.4766,-0.182,0.9987,-1.316,2.601,-0.00329,0.0496,0.0033
1.235,FLIGHT,1.0126,1.4485,0.2696,-2.3395,-0.0335,-1.8958,0.0126,-0.1986,0.3993,-0.1576,0.999,-1.332,2.6022,-0.003023,0.0769,0.003
1.24,FLIGHT,1.0111,1.4407,-0.1462,-1.7706,-0.5581,-1.2256,0.0134,-0.1992,0.2333,-0.1222,0.9994,-1.2289,2.5099,-0.002506,0.1271,0.0025
1.245,FLIGHT,1.0071,1.4361,-0.6052,-1.1683,-1.0039,-0.646,0.0133,-0.1995,0.0524,-0.0873,1.0001,-1.0781,2.3822,-0.001778,0.1616,0.0018
1.25,FLIGHT,1.0012,1.4341,-1.0196,-0.6208,-1.3593,-0.1663,0.0125,-0.1998,-0.1118,-0.0552,1.0008,-0.9141,2.2462,-0.000914,0.1822,0.0009
1.255,FLIGHT,0.9937,1.4343,-1.3587,-0.1578,-1.6254,0.2164,0.0109,-0.1998,-0.2482,-0.0258,1.0017,-0.7531,2.1144,2.4e-05,0.188,0.0
1.26,FLIGHT,0.9851,1.4361,-1.614,0.216,-1.8061,0.5119,0.0089,-0.1998,-0.3541,0.0009,1.0026,-0.6037,1.993,0.000764,0.112,0.0
1.265,FLIGHT,0.9757,1.4392,-1.7907,0.5051,-1.9165,0.7281,0.0066,-0.1996,-0.4311,0.025,1.0036,-0.4678,1.8835,0.001182,0.0586,0.0
1.27,FLIGHT,0.966,1.4433,-1.8982,0.7174,-1.9662,0.8761,0.0041,-0.1994,-0.4823,0.046,1.0046,-0.3466,1.7867,0.001381,0.0235,0.0
1.275,FLIGHT,0.9562,1.4479,-1.9458,0.8628,-1.9644,0.9662,0.0015,-0.1991,-0.5113,0.0636,1.0056,-0.2404,1.7027,0.001438,0.0011,0.0
1.28,FLIGHT,0.9464,1.4529,-1.9428,0.9515,-1.9201,1.0084,-0.0012,-0.1987,-0.5216,0.0775,1.0067,-0.1491,1.6313,0.001406,-0.0126,0.0025
1.285,FLIGHT,0.937,1.4579,-1.898,0.9932,-1.8416,1.0121,-0.0038,-0.1982,-0.5167,0.0877,1.0077,-0.0718,1.5718,0.001322,-0.0202,0.004
1.29,FLIGHT,0.9281,1.4629,-1.8196,0.9968,-1.7366,0.9855,-0.0062,-0.1978,-0.4997,0.0942,1.0088,-0.0078,1.5234,0.00121,-0.0239,0.0048
1.295,FLIGHT,0.9197,1.4677,-1.7151,0.9706,-1.6118,0.936,-0.0086,-0.1973,-0.4735,0.0971,1.0098,0.0439,1.4851,0.001087,-0.025,0.005
1.3,FLIGHT,0.912,1.4723,-1.5912,0.9218,-1.4735,0.8701,-0.0107,-0.1969,-0.4405,0.0969,1.0107,0.0847,1.4559,0.000963,-0.0245,0.0049
1.305,FLIGHT,0.905,1.4764,-1.454,0.857,-1.3266,0.7934,-0.0127,-0.1964,-0.4031,0.094,1.0117,0.1156,1.4348,0.000844,-0.023,0.0046
1.31,FLIGHT,0.8987,1.4802,-1.3085,0.7815,-1.1759,0.7105,-0.0144,-0.196,-0.3629,0.0888,1.0126,0.1378,1.4206,0.000734,-0.0208,0.0042
1.315,FLIGHT,0.8932,1.4835,-1.1592,0.6999,-1.0249,0.6254,-0.0159,-0.1956,-0.3215,0.082,1.0134,0.1526,1.4123,0.000636,-0.0184,0.0037
1.32,FLIGHT,0.8885,1.4864,-1.0098,0.6162,-0.8768,0.5411,-0.0173,-0.1953,-0.2802,0.074,1.0143,0.1609,1.409,0.00055,-0.016,0.0032
1.325,FLIGHT,0.8844,1.4889,-0.8632,0.5333,-0.7339,0.4601,-0.0184,-0.195,-0.2398,0.0653,1.015,0.1638,1.4097,0.000476,-0.0136,0.0027
1.33,FLIGHT,0.8811,1.4911,-0.7218,0.4536,-0.5982,0.3843,-0.0193,-0.1947,-0.2012,0.0563,1.0158,0.1622,1.4137,0.000414,-0.0113,0.0023
1.335,FLIGHT,0.8784,1.4928,-0.5876,0.3791,-0.4709,0.315,-0.0201,-0.1945,-0.1648,0.0474,1.0165,0.1571,1.4202,0.000363,-0.0093,0.0019
1.34,FLIGHT,0.8764,1.4942,-0.4618,0.3109,-0.3532,0.253,-0.0207,-0.1943,-0.131,0.0389,1.0172,0.1491,1.4286,0.000321,-0.0075,0.0015
1.345,FLIGHT,0.8749,1.4953,-0.3454,0.25,-0.2455,0.1989,-0.0211,-0.1942,-0.1002,0.031,1.0178,0.139,1.4383,0.000287,-0.006,0.0012
1.35,FLIGHT,0.8739,1.4962,-0.2389,0.1969,-0.1482,0.1528,-0.0214,-0.1941,-0.0724,0.0238,1.0184,0.1274,1.4488,0.000261,-0.0046,0.0009
1.355,FLIGHT,0.8734,1.4969,-0.1427,0.1517,-0.0612,0.1147,-0.0216,-0.194,-0.0478,0.0175,1.0189,0.1147,1.4598,0.000241,-0.0035,0.0007
1.36,FLIGHT,0.8733,1.4974,-0.0568,0.1143,0.0156,0.0843,-0.0217,-0.1939,-0.0261,0.0121,1.0195,0.1015,1.4709,0.000225,-0.0026,0.0005
1.365,FLIGHT,0.8735,1.4977,0.0191,0.0846,0.0827,0.0612,-0.0217,-0.1939,-0.0075,0.0076,1.02,0.0881,1.4819,0.000214,-0.0018,0.0004
1.37,FLIGHT,0.8741,1.498,0.0853,0.062,0.1404,0.0449,-0.0216,-0.1939,0.0083,0.0041,1.0205,0.0748,1.4925,0.000207,-0.0012,0.0002
1.375,FLIGHT,0.8749,1.4982,0.1423,0.0461,0.1894,0.0347,-0.0215,-0.1939,0.0215,0.0013,1.0209,0.0619,1.5025,0.000202,-0.0007,0.0001
1.38,FLIGHT,0.876,1.4984,0.1907,0.0363,0.2303,0.03,-0.0213,-0.1939,0.0322,-0.0006,1.0213,0.0496,1.512,0.000199,-0.0003,0.0001
1.385,FLIGHT,0.8772,1.4985,0.2311,0.0318,0.2639,0.03,-0.0211,-0.1939,0.0406,-0.0019,1.0217,0.038,1.5207,0.000199,0.0,0.0
1.39,FLIGHT,0.8786,1.4987,0.2642,0.0321,0.2909,0.0343,-0.0208,-0.1939,0.047,-0.0025,1.0221,0.0272,1.5286,0.000199,0.0002,0.0
1.395,FLIGHT,0.8801,1.4989,0.2908,0.0364,0.3119,0.0419,-0.0206,-0.194,0.0516,-0.0025,1.0225,0.0173,1.5358,0.000201,0.0004,0.0
1.4,FLIGHT,0.8817,1.4991,0.3116,0.0442,0.3277,0.0524,-0.0203,-0.194,0.0546,-0.0021,1.0228,0.0083,1.5421,0.000203,0.0006,0.0
1.405,FLIGHT,0.8834,1.4994,0.3271,0.0547,0.339,0.0652,-0.02,-0.194,0.0562,-0.0014,1.0232,0.0002,1.5477,0.000206,0.0006,0.0
1.41,FLIGHT,0.8851,1.4997,0.3382,0.0674,0.3464,0.0795,-0.0197,-0.194,0.0566,-0.0003,1.0235,-0.0069,1.5525,0.00021,0.0007,0.0
1.415,FLIGHT,0.8868,1.5002,0.3455,0.0817,0.3504,0.0951,-0.0194,-0.194,0.0561,0.001,1.0238,-0.0131,1.5567,0.000213,0.0007,0.0
1.42,FLIGHT,0.8886,1.5007,0.3495,0.0971,0.3517,0.1113,-0.0192,-0.1939,0.0548,0.0024,1.0241,-0.0185,1.5601,0.000217,0.0007,0.0
1.425,FLIGHT,0.8904,1.5013,0.3507,0.1132,0.3508,0.1278,-0.0189,-0.1939,0.0529,0.004,1.0243,-0.0231,1.563,0.00022,0.0007,0.0
1.43,FLIGHT,0.8921,1.502,0.3498,0.1296,0.3481,0.1443,-0.0186,-0.1939,0.0505,0.0056,1.0246,-0.027,1.5653,0.000224,0.0007,0.0
1.435,FLIGHT,0.8938,1.5027,0.347,0.1459,0.3439,0.1605,-0.0184,-0.1939,0.0478,0.0072,1.0248,-0.0302,1.5672,0.000227,0.0006,0.0
1.44,FLIGHT,0.8955,1.5036,0.3429,0.1619,0.3387,0.176,-0.0182,-0.1938,0.0448,0.0088,1.025,-0.0327,1.5686,0.00023,0.0006,0.0
1.445,FLIGHT,0.8972,1.5045,0.3377,0.1773,0.3327,0.1908,-0.018,-0.1938,0.0417,0.0104,1.0252,-0.0348,1.5697,0.000233,0.0005,0.0
1.45,FLIGHT,0.8989,1.5055,0.3318,0.1919,0.3262,0.2046,-0.0178,-0.1937,0.0386,0.0119,1.0254,-0.0364,1.5705,0.000235,0.0005,0.0
1.455,FLIGHT,0.9005,1.5065,0.3254,0.2056,0.3194,0.2174,-0.0176,-0.1936,0.0355,0.0134,1.0256,-0.0376,1.571,0.000237,0.0004,0.0
1.46,FLIGHT,0.9021,1.5077,0.3186,0.2182,0.3126,0.229,-0.0175,-0.1935,0.0324,0.0147,1.0257,-0.0385,1.5713,0.000239,0.0004,0.0
1.465,FLIGHT,0.9036,1.5088,0.3118,0.2297,0.3057,0.2394,-0.0173,-0.1935,0.0295,0.0159,1.0259,-0.039,1.5714,0.000241,0.0003,0.0
1.47,FLIGHT,0.9051,1.51,0.305,0.24,0.2989,0.2486,-0.0172,-0.1934,0.0268,0.017,1.026,-0.0394,1.5714,0.000242,0.0003,0.0
1.475,FLIGHT,0.9066,1.5113,0.2983,0.249,0.2924,0.2566,-0.0171,-0.1933,0.0243,0.018,1.0261,-0.0396,1.5713,0.000243,0.0002,0.0
1.48,FLIGHT,0.908,1.5126,0.2918,0.2569,0.2862,0.2634,-0.017,-0.1932,0.0219,0.0188,1.0261,-0.0396,1.5712,0.000244,0.0002,0.0
1.485,FLIGHT,0.9095,1.5139,0.2856,0.2636,0.2802,0.2691,-0.0169,-0.1931,0.0198,0.0196,1.0262,-0.0396,1.571,0.000245,0.0001,0.0
1.49,FLIGHT,0.9108,1.5153,0.2797,0.2691,0.2746,0.2736,-0.0168,-0.193,0.0179,0.0202,1.0262,-0.0394,1.5708,0.000246,0.0001,0.0
1.495,FLIGHT,0.9122,1.5167,0.2741,0.2736,0.2693,0.2771,-0.0167,-0.1929,0.0162,0.0208,1.0263,-0.0393,1.5706,0.000246,0.0001,0.0
1.5,FLIGHT,0.9135,1.5181,0.2689,0.277,0.2643,0.2796,-0.0167,-0.1928,0.0147,0.0212,1.0263,-0.0391,1.5704,0.000246,0.0,0.0
1.505,FLIGHT,0.9148,1.5195,0.2639,0.2794,0.2596,0.2811,-0.0166,-0.1927,0.0134,0.0215,1.0262,-0.0389,1.5703,0.000246,0.0,0.0
1.51,FLIGHT,0.9161,1.5209,0.2593,0.2809,0.2552,0.2818,-0.0165,-0.1926,0.0123,0.0217,1.0262,-0.0388,1.5702,0.000246,-0.0,0.0
1.515,FLIGHT,0.9174,1.5223,0.2549,0.2816,0.2511,0.2818,-0.0165,-0.1924,0.0113,0.0219,1.0261,-0.0386,1.5701,0.000246,-0.0,0.0
1.52,FLIGHT,0.9186,1.5237,0.2508,0.2815,0.2473,0.281,-0.0164,-0.1923,0.0105,0.022,1.0261,-0.0385,1.5701,0.000246,-0.0,0.0
1.525,FLIGHT,0.9199,1.5251,0.247,0.2807,0.2436,0.2797,-0.0164,-0.1922,0.0098,0.022,1.026,-0.0385,1.5702,0.000246,-0.0,0.0
1.53,FLIGHT,0.9211,1.5265,0.2433,0.2793,0.2401,0.2777,-0.0163,-0.1921,0.0093,0.0219,1.0258,-0.0385,1.5703,0.000246,-0.0001,0.0
1.535,FLIGHT,0.9223,1.5279,0.2398,0.2773,0.2368,0.2753,-0.0163,-0.192,0.0089,0.0218,1.0257,-0.0386,1.5705,0.000245,-0.0001,0.0
1.54,FLIGHT,0.9234,1.5292,0.2365,0.2749,0.2335,0.2725,-0.0162,-0.1919,0.0085,0.0217,1.0255,-0.0387,1.5707,0.000245,-0.0001,0.0
1.545,FLIGHT,0.9246,1.5306,0.2332,0.272,0.2304,0.2693,-0.0162,-0.1918,0.0083,0.0215,1.0253,-0.0388,1.5709,0.000245,-0.0001,0.0
1.55,FLIGHT,0.9257,1.5319,0.2301,0.2688,0.2273,0.2657,-0.0162,-0.1917,0.0081,0.0212,1.0251,-0.039,1.5712,0.000244,-0.0001,0.0
1.555,FLIGHT,0.9269,1.5333,0.227,0.2652,0.2243,0.2619,-0.0161,-0.1916,0.008,0.021,1.0249,-0.0393,1.5715,0.000244,-0.0001,0.0
1.56,FLIGHT,0.928,1.5346,0.224,0.2614,0.2212,0.2579,-0.0161,-0.1915,0.0079,0.0207,1.0247,-0.0395,1.5719,0.000243,-0.0001,0.0
1.565,FLIGHT,0.9291,1.5358,0.2209,0.2574,0.2182,0.2538,-0.016,-0.1914,0.0078,0.0204,1.0244,-0.0399,1.5723,0.000243,-0.0001,0.0
1.57,FLIGHT,0.9302,1.5371,0.2179,0.2533,0.2152,0.2494,-0.016,-0.1913,0.0078,0.0201,1.0241,-0.0402,1.5728,0.000243,-0.0001,0.0
1.575,FLIGHT,0.9312,1.5383,0.2149,0.2489,0.2122,0.245,-0.016,-0.1912,0.0078,0.0197,1.0238,-0.0406,1.5732,0.000242,-0.0001,0.0
1.58,FLIGHT,0.9323,1.5395,0.2118,0.2445,0.2091,0.2405,-0.0159,-0.1911,0.0077,0.0194,1.0235,-0.041,1.5737,0.000242,-0.0001,0.0
1.585,FLIGHT,0.9333,1.5407,0.2088,0.24,0.206,0.2359,-0.0159,-0.191,0.0077,0.019,1.0231,-0.0414,1.5742,0.000241,-0.0001,0.0
1.59,FLIGHT,0.9344,1.5419,0.2056,0.2354,0.2028,0.2313,-0.0159,-0.1909,0.0077,0.0186,1.0228,-0.0418,1.5747,0.000241,-0.0001,0.0
1.595,FLIGHT,0.9354,1.543,0.2025,0.2308,0.1996,0.2267,-0.0158,-0.1908,0.0077,0.0183,1.0224,-0.0423,1.5752,0.00024,-0.0001,0.0
1.6,FLIGHT,0.9364,1.5442,0.1993,0.2262,0.1964,0.2221,-0.0158,-0.1907,0.0077,0.0179,1.022,-0.0427,1.5757,0.00024,-0.0001,0.0
1.605,FLIGHT,0.9373,1.5453,0.196,0.2216,0.1931,0.2174,-0.0157,-0.1906,0.0077,0.0175,1.0216,-0.0431,1.5762,0.00024,-0.0001,0.0
1.61,FLIGHT,0.9383,1.5463,0.1928,0.217,0.1898,0.2128,-0.0157,-0.1905,0.0077,0.0172,1.0211,-0.0436,1.5767,0.000239,-0.0001,0.0
1.615,FLIGHT,0.9392,1.5474,0.1894,0.2124,0.1864,0.2083,-0.0157,-0.1905,0.0077,0.0168,1.0206,-0.044,1.5772,0.000239,-0.0001,0.0
1.62,FLIGHT,0.9401,1.5484,0.1861,0.2078,0.183,0.2037,-0.0156,-0.1904,0.0076,0.0165,1.0202,-0.0445,1.5777,0.000238,-0.0001,0.0
1.625,FLIGHT,0.9411,1.5494,0.1827,0.2033,0.1796,0.1993,-0.0156,-0.1903,0.0076,0.0161,1.0196,-0.0449,1.5782,0.000238,-0.0001,0.0
1.63,FLIGHT,0.9419,1.5504,0.1792,0.1988,0.1762,0.1948,-0.0155,-0.1902,0.0075,0.0157,1.0191,-0.0453,1.5786,0.000237,-0.0001,0.0
1.635,FLIGHT,0.9428,1.5514,0.1758,0.1944,0.1727,0.1904,-0.0155,-0.1902,0.0074,0.0154,1.0186,-0.0458,1.5791,0.000237,-0.0001,0.0
1.64,FLIGHT,0.9437,1.5523,0.1723,0.19,0.1692,0.1861,-0.0155,-0.1901,0.0073,0.015,1.018,-0.0462,1.5796,0.000237,-0.0001,0.0
1.645,FLIGHT,0.9445,1.5532,0.1689,0.1856,0.1657,0.1818,-0.0154,-0.19,0.0073,0.0147,1.0174,-0.0466,1.58,0.000236,-0.0001,0.0
1.65,FLIGHT,0.9453,1.5541,0.1654,0.1813,0.1622,0.1775,-0.0154,-0.1899,0.0072,0.0144,1.0168,-0.0469,1.5804,0.000236,-0.0001,0.0
1.655,FLIGHT,0.9461,1.555,0.1619,0.1771,0.1588,0.1733,-0.0154,-0.1899,0.0071,0.014,1.0162,-0.0473,1.5809,0.000236,-0.0001,0.0
1.66,FLIGHT,0.9469,1.5559,0.1584,0.1729,0.1553,0.1692,-0.0153,-0.1898,0.0069,0.0137,1.0156,-0.0477,1.5813,0.000235,-0.0001,0.0
1.665,FLIGHT,0.9477,1.5567,0.1549,0.1688,0.1518,0.1651,-0.0153,-0.1897,0.0068,0.0134,1.0149,-0.048,1.5817,0.000235,-0.0001,0.0
1.67,FLIGHT,0.9484,1.5575,0.1515,0.1647,0.1484,0.1611,-0.0153,-0.1897,0.0067,0.0131,1.0142,-0.0484,1.5821,0.000234,-0.0001,0.0
1.675,FLIGHT,0.9492,1.5583,0.1481,0.1607,0.145,0.1572,-0.0152,-0.1896,0.0066,0.0127,1.0135,-0.0487,1.5825,0.000234,-0.0001,0.0
1.68,FLIGHT,0.9499,1.5591,0.1446,0.1568,0.1416,0.1533,-0.0152,-0.1895,0.0065,0.0124,1.0128,-0.049,1.5828,0.000234,-0.0001,0.0
1.685,FLIGHT,0.9506,1.5599,0.1413,0.1529,0.1383,0.1494,-0.0152,-0.1895,0.0063,0.0121,1.0121,-0.0493,1.5832,0.000233,-0.0001,0.0
1.69,FLIGHT,0.9513,1.5606,0.1379,0.1491,0.135,0.1456,-0.0151,-0.1894,0.0062,0.0118,1.0114,-0.0496,1.5835,0.000233,-0.0001,0.0
1.695,FLIGHT,0.9519,1.5613,0.1346,0.1453,0.1317,0.1419,-0.0151,-0.1894,0.0061,0.0115,1.0106,-0.0498,1.5839,0.000233,-0.0001,0.0
1.7,FLIGHT,0.9526,1.562,0.1314,0.1416,0.1285,0.1383,-0.0151,-0.1893,0.0059,0.0112,1.0098,-0.0501,1.5842,0.000232,-0.0001,0.0
1.705,FLIGHT,0.9532,1.5627,0.1281,0.1379,0.1253,0.1346,-0.015,-0.1893,0.0058,0.0109,1.009,-0.0504,1.5845,0.000232,-0.0001,0.0
1.71,FLIGHT,0.9538,1.5634,0.125,0.1343,0.1221,0.1311,-0.015,-0.1892,0.0057,0.0107,1.0082,-0.0506,1.5848,0.000232,-0.0001,0.0
1.715,FLIGHT,0.9544,1.564,0.1218,0.1308,0.1191,0.1276,-0.015,-0.1892,0.0056,0.0104,1.0074,-0.0509,1.5851,0.000231,-0.0001,0.0
1.72,FLIGHT,0.955,1.5646,0.1188,0.1273,0.116,0.1242,-0.015,-0.1891,0.0054,0.0101,1.0065,-0.0511,1.5854,0.000231,-0.0001,0.0
1.725,FLIGHT,0.9556,1.5652,0.1157,0.1239,0.1131,0.1208,-0.0149,-0.1891,0.0053,0.0098,1.0057,-0.0513,1.5857,0.000231,-0.0001,0.0
1.73,FLIGHT,0.9562,1.5658,0.1128,0.1205,0.1101,0.1175,-0.0149,-0.189,0.0052,0.0096,1.0048,-0.0515,1.586,0.00023,-0.0001,0.0
1.735,FLIGHT,0.9567,1.5664,0.1098,0.1172,0.1073,0.1143,-0.0149,-0.189,0.0051,0.0093,1.0039,-0.0517,1.5862,0.00023,-0.0001,0.0
1.74,FLIGHT,0.9572,1.567,0.107,0.114,0.1044,0.1111,-0.0149,-0.1889,0.005,0.009,1.003,-0.0519,1.5865,0.00023,-0.0001,0.0
1.745,FLIGHT,0.9577,1.5675,0.1042,0.1108,0.1017,0.108,-0.0148,-0.1889,0.0049,0.0088,1.002,-0.0521,1.5868,0.000229,-0.0001,0.0
1.75,FLIGHT,0.9582,1.5681,0.1014,0.1077,0.099,0.1049,-0.0148,-0.1888,0.0048,0.0085,1.0011,-0.0523,1.587,0.000229,-0.0001,0.0
1.755,FLIGHT,0.9587,1.5686,0.0987,0.1046,0.0963,0.1019,-0.0148,-0.1888,0.0047,0.0083,1.0001,-0.0525,1.5872,0.000229,-0.0001,0.0
1.76,STANCE,0.9603,1.5695,0.2707,0.1543,0.5663,0.0747,-0.0146,-0.1887,0.0305,0.0104,0.9993,0.11,-0.537,-0.000764,-0.3238,0.0655
1.765,STANCE,0.9642,1.5685,0.6456,-0.1216,0.9811,-0.5303,-0.0137,-0.1889,0.1383,-0.0201,0.9985,-0.2057,-1.0642,-0.002546,-0.3642,0.0754
1.77,STANCE,0.9686,1.5643,0.7655,-0.5986,0.4848,-0.5543,-0.0124,-0.1893,0.2257,-0.0642,0.9978,-0.5381,-1.4466,-0.003914,-0.1333,0.0306
1.775,STANCE,0.97,1.5629,0.4319,-0.3599,0.2496,-0.1837,-0.0119,-0.1895,0.1305,-0.0379,0.9979,-0.6967,-2.0247,-0.004122,0.0139,0.0041
1.78,STANCE,0.9719,1.5612,0.4072,-0.3713,0.5226,-0.5632,-0.0113,-0.1896,0.1275,-0.0383,0.9982,-0.9579,-2.3384,-0.003932,0.0531,0.0039
1.785,STANCE,0.9739,1.5545,0.3957,-1.1036,0.5039,-1.6159,-0.01,-0.1903,0.2257,-0.1027,0.9981,-1.1896,-2.1292,-0.003354,0.1113,0.0034
1.79,STANCE,0.9777,1.5469,0.6739,-1.4069,0.9505,-1.7519,-0.0082,-0.191,0.3219,-0.1292,0.9983,-1.4643,-1.8752,-0.003214,-0.0539,0.014
1.795,STANCE,0.9823,1.5359,0.8125,-2.001,0.8083,-2.6378,-0.0059,-0.192,0.4334,-0.1763,0.9982,-1.5851,-1.2994,-0.003421,-0.0114,0.0057
1.8,STANCE,0.9868,1.5223,0.8662,-2.516,0.9144,-2.8484,-0.0031,-0.1931,0.52,-0.212,0.9982,-1.542,-0.6116,-0.003638,-0.0553,0.0147
1.805,STANCE,0.991,1.5075,0.8451,-2.8224,0.768,-3.0336,-0.0002,-0.1943,0.5643,-0.2274,0.9981,-1.3271,0.0555,-0.003867,-0.0368,0.0112
1.81,STANCE,0.9944,1.4922,0.7235,-2.978,0.5399,-3.1084,0.0026,-0.1956,0.568,-0.2299,0.9981,-0.954,0.6475,-0.003995,0.0016,0.004
1.815,STANCE,0.997,1.4772,0.5793,-2.9844,0.483,-2.9057,0.0053,-0.1967,0.5454,-0.2217,0.9982,-0.5226,1.0943,-0.004042,-0.0111,0.0063
1.82,STANCE,0.9991,1.463,0.4671,-2.8812,0.3793,-2.7671,0.0078,-0.1977,0.5124,-0.2065,0.9983,-0.1683,1.3511,-0.004021,0.0144,0.004
1.825,FLIGHT,1.0008,1.4495,0.3803,-2.752,0.3218,-2.6287,0.0101,-0.1987,0.4798,-0.1908,0.9985,-1.3275,2.6073,-0.003857,0.0476,0.0039
1.83,FLIGHT,1.0015,1.4377,0.1914,-2.4448,-0.0852,-1.9597,0.012,-0.1995,0.3994,-0.1661,0.9988,-1.3396,2.6052,-0.003517,0.0655,0.0035
1.835,FLIGHT,0.9997,1.4296,-0.2061,-1.844,-0.609,-1.2794,0.0128,-0.2001,0.232,-0.1279,0.9993,-1.2341,2.5102,-0.003049,0.119,0.003
1.84,FLIGHT,0.9955,1.4247,-0.6585,-1.2249,-1.0534,-0.691,0.0127,-0.2005,0.0496,-0.0915,0.9999,-1.0802,2.38,-0.002355,0.1563,0.0024
1.845,FLIGHT,0.9894,1.4225,-1.0694,-0.6667,-1.4061,-0.2042,0.0118,-0.2007,-0.116,-0.0582,1.0007,-0.9133,2.2419,-0.001511,0.1791,0.0015
1.85,FLIGHT,0.9816,1.4225,-1.4051,-0.196,-1.6688,0.1842,0.0103,-0.2008,-0.2532,-0.028,1.0016,-0.7496,2.1083,-0.000584,0.1898,0.0006
1.855,FLIGHT,0.9728,1.4242,-1.658,0.1832,-1.847,0.4833,0.0082,-0.2007,-0.3597,-0.0006,1.0025,-0.5973,1.9851,0.000343,0.1602,0.0
1.86,FLIGHT,0.9633,1.4272,-1.8301,0.4767,-1.951,0.7036,0.0059,-0.2006,-0.4366,0.024,1.0035,-0.4599,1.8748,0.000962,0.0914,0.0
1.865,FLIGHT,0.9534,1.4311,-1.9317,0.693,-1.9942,0.8549,0.0033,-0.2003,-0.4873,0.0455,1.0046,-0.3379,1.7777,0.001294,0.0445,0.0
1.87,FLIGHT,0.9434,1.4357,-1.9731,0.8418,-1.9862,0.948,0.0007,-0.2,-0.5156,0.0635,1.0057,-0.2312,1.6936,0.001435,0.0141,0.0
1.875,FLIGHT,0.9336,1.4405,-1.9641,0.9335,-1.936,0.993,-0.002,-0.1996,-0.5251,0.0778,1.0068,-0.1396,1.6222,0.001453,-0.005,0.001
1.88,FLIGHT,0.9241,1.4455,-1.9134,0.9779,-1.852,0.9993,-0.0046,-0.1992,-0.5194,0.0882,1.0078,-0.0624,1.563,0.001397,-0.0163,0.0033
1.885,FLIGHT,0.9151,1.4505,-1.8295,0.9842,-1.7418,0.9752,-0.0071,-0.1987,-0.5016,0.0948,1.0089,0.0014,1.5149,0.001299,-0.0224,0.0045
1.89,FLIGHT,0.9068,1.4552,-1.7199,0.9606,-1.6123,0.9283,-0.0094,-0.1983,-0.4746,0.0978,1.0099,0.0529,1.4771,0.001179,-0.025,0.005
1.895,FLIGHT,0.899,1.4597,-1.5914,0.9145,-1.4697,0.8651,-0.0115,-0.1978,-0.441,0.0976,1.0109,0.0932,1.4483,0.001052,-0.0254,0.0051
1.9,FLIGHT,0.8921,1.4639,-1.4499,0.8523,-1.319,0.791,-0.0135,-0.1974,-0.403,0.0947,1.0119,0.1236,1.4276,0.000928,-0.0244,0.0049
1.905,FLIGHT,0.8859,1.4676,-1.3007,0.7794,-1.1649,0.7109,-0.0152,-0.1969,-0.3623,0.0896,1.0129,0.1453,1.4139,0.00081,-0.0225,0.0045
1.91,FLIGHT,0.8804,1.471,-1.148,0.7006,-1.0109,0.6285,-0.0168,-0.1965,-0.3205,0.0828,1.0138,0.1595,1.406,0.000703,-0.0202,0.004
1.915,FLIGHT,0.8757,1.4739,-0.9956,0.6196,-0.8602,0.5471,-0.0181,-0.1962,-0.2788,0.0749,1.0146,0.1673,1.4031,0.000608,-0.0177,0.0035
1.92,FLIGHT,0.8718,1.4764,-0.8465,0.5395,-0.7151,0.4689,-0.0192,-0.1959,-0.2382,0.0662,1.0154,0.1697,1.4042,0.000526,-0.0152,0.003
1.925,FLIGHT,0.8686,1.4786,-0.703,0.4626,-0.5775,0.3958,-0.0201,-0.1956,-0.1993,0.0573,1.0162,0.1676,1.4084,0.000456,-0.0128,0.0026
1.93,FLIGHT,0.866,1.4804,-0.5668,0.3908,-0.4487,0.3291,-0.0208,-0.1954,-0.1628,0.0485,1.0169,0.1621,1.4152,0.000398,-0.0106,0.0021
1.935,FLIGHT,0.8641,1.4819,-0.4395,0.3253,-0.3296,0.2697,-0.0214,-0.1952,-0.129,0.0401,1.0176,0.1537,1.4238,0.00035,-0.0086,0.0017
1.94,FLIGHT,0.8627,1.4831,-0.3218,0.2669,-0.2208,0.2181,-0.0219,-0.1951,-0.0982,0.0323,1.0183,0.1433,1.4336,0.000312,-0.0069,0.0014
1.945,FLIGHT,0.8619,1.4841,-0.2142,0.2162,-0.1226,0.1743,-0.0221,-0.195,-0.0704,0.0253,1.0189,0.1313,1.4443,0.000281,-0.0054,0.0011
1.95,FLIGHT,0.8615,1.4849,-0.1172,0.1733,-0.0349,0.1384,-0.0223,-0.1949,-0.0458,0.0191,1.0195,0.1184,1.4554,0.000257,-0.0041,0.0008
1.955,FLIGHT,0.8615,1.4855,-0.0305,0.1382,0.0425,0.1101,-0.0224,-0.1948,-0.0242,0.0138,1.02,0.105,1.4665,0.000239,-0.0031,0.0006
1.96,FLIGHT,0.8619,1.486,0.046,0.1104,0.11,0.0888,-0.0224,-0.1948,-0.0057,0.0095,1.0206,0.0914,1.4775,0.000226,-0.0022,0.0004
1.965,FLIGHT,0.8626,1.4864,0.1126,0.0897,0.1681,0.0742,-0.0223,-0.1948,0.0101,0.006,1.0211,0.078,1.4881,0.000217,-0.0015,0.0003
1.97,FLIGHT,0.8635,1.4867,0.17,0.0755,0.2174,0.0655,-0.0222,-0.1947,0.0231,0.0034,1.0215,0.065,1.4982,0.000211,-0.0009,0.0002
1.975,FLIGHT,0.8647,1.4871,0.2187,0.0672,0.2586,0.0622,-0.022,-0.1947,0.0337,0.0016,1.022,0.0526,1.5076,0.000207,-0.0005,0.0001
1.98,FLIGHT,0.8661,1.4874,0.2594,0.0641,0.2924,0.0635,-0.0218,-0.1947,0.042,0.0004,1.0224,0.0409,1.5163,0.000206,-0.0001,0.0
1.985,FLIGHT,0.8676,1.4877,0.2928,0.0656,0.3196,0.0687,-0.0215,-0.1947,0.0483,-0.0001,1.0228,0.0301,1.5242,0.000206,0.0001,0.0
1.99,FLIGHT,0.8693,1.4881,0.3195,0.0709,0.3408,0.0773,-0.0212,-0.1947,0.0528,-0.0001,1.0232,0.0202,1.5314,0.000207,0.0003,0.0
1.995,FLIGHT,0.871,1.4885,0.3404,0.0795,0.3567,0.0885,-0.0209,-0.1947,0.0557,0.0004,1.0236,0.0112,1.5377,0.000209,0.0005,0.0
2.0,FLIGHT,0.8729,1.489,0.3562,0.0907,0.3681,0.1018,-0.0206,-0.1947,0.0573,0.0012,1.024,0.0031,1.5433,0.000212,0.0006,0.0
2.005,FLIGHT,0.8747,1.4895,0.3674,0.104,0.3756,0.1166,-0.0204,-0.1947,0.0577,0.0023,1.0243,-0.0041,1.5481,0.000215,0.0007,0.0
2.01,FLIGHT,0.8766,1.4901,0.3747,0.1188,0.3797,0.1325,-0.0201,-0.1947,0.0571,0.0036,1.0246,-0.0103,1.5523,0.000218,0.0007,0.0
2.015,FLIGHT,0.8785,1.4908,0.3788,0.1345,0.3811,0.149,-0.0198,-0.1947,0.0558,0.0051,1.0249,-0.0157,1.5557,0.000222,0.0007,0.0
2.02,FLIGHT,0.8804,1.4916,0.3801,0.1509,0.3802,0.1657,-0.0195,-0.1946,0.0538,0.0067,1.0252,-0.0203,1.5587,0.000225,0.0007,0.0
2.025,FLIGHT,0.8823,1.4925,0.3792,0.1674,0.3775,0.1822,-0.0193,-0.1946,0.0514,0.0083,1.0255,-0.0242,1.561,0.000229,0.0006,0.0
2.03,FLIGHT,0.8842,1.4934,0.3765,0.1838,0.3734,0.1983,-0.019,-0.1945,0.0487,0.01,1.0257,-0.0274,1.5629,0.000232,0.0006,0.0
2.035,FLIGHT,0.886,1.4945,0.3723,0.1998,0.3681,0.2138,-0.0188,-0.1945,0.0457,0.0116,1.026,-0.0301,1.5644,0.000235,0.0006,0.0
2.04,FLIGHT,0.8879,1.4956,0.3672,0.2151,0.3621,0.2284,-0.0186,-0.1944,0.0426,0.0132,1.0262,-0.0322,1.5655,0.000237,0.0005,0.0
2.045,FLIGHT,0.8897,1.4967,0.3612,0.2295,0.3556,0.2421,-0.0184,-0.1943,0.0395,0.0147,1.0264,-0.0338,1.5664,0.00024,0.0005,0.0
2.05,FLIGHT,0.8914,1.498,0.3547,0.243,0.3487,0.2546,-0.0182,-0.1943,0.0364,0.0161,1.0266,-0.0351,1.567,0.000242,0.0004,0.0
2.055,FLIGHT,0.8931,1.4993,0.3479,0.2554,0.3417,0.2659,-0.0181,-0.1942,0.0333,0.0174,1.0268,-0.036,1.5673,0.000244,0.0003,0.0
2.06,FLIGHT,0.8948,1.5006,0.341,0.2666,0.3347,0.2761,-0.0179,-0.1941,0.0304,0.0186,1.0269,-0.0366,1.5675,0.000245,0.0003,0.0
2.065,FLIGHT,0.8965,1.502,0.334,0.2766,0.3278,0.2849,-0.0178,-0.194,0.0277,0.0197,1.0271,-0.0371,1.5676,0.000247,0.0002,0.0
2.07,FLIGHT,0.8981,1.5035,0.3272,0.2853,0.3211,0.2926,-0.0177,-0.1939,0.0252,0.0207,1.0272,-0.0373,1.5676,0.000248,0.0002,0.0
2.075,FLIGHT,0.8997,1.505,0.3205,0.2928,0.3146,0.299,-0.0176,-0.1938,0.0228,0.0215,1.0273,-0.0374,1.5676,0.000249,0.0002,0.0
2.08,FLIGHT,0.9013,1.5065,0.3141,0.2991,0.3084,0.3042,-0.0175,-0.1936,0.0207,0.0223,1.0274,-0.0375,1.5675,0.00025,0.0001,0.0
2.085,FLIGHT,0.9028,1.508,0.3079,0.3043,0.3025,0.3084,-0.0174,-0.1935,0.0188,0.0229,1.0274,-0.0374,1.5674,0.00025,0.0001,0.0
2.09,FLIGHT,0.9043,1.5096,0.3021,0.3083,0.2969,0.3114,-0.0173,-0.1934,0.0171,0.0234,1.0275,-0.0373,1.5673,0.00025,0.0001,0.0
2.095,FLIGHT,0.9058,1.5111,0.2965,0.3113,0.2917,0.3135,-0.0172,-0.1933,0.0156,0.0238,1.0275,-0.0372,1.5672,0.000251,0.0,0.0
2.1,FLIGHT,0.9072,1.5127,0.2912,0.3132,0.2867,0.3146,-0.0172,-0.1932,0.0143,0.0241,1.0275,-0.0371,1.5671,0.000251,0.0,0.0
2.105,FLIGHT,0.9086,1.5143,0.2863,0.3143,0.2819,0.3149,-0.0171,-0.193,0.0131,0.0243,1.0275,-0.037,1.5671,0.000251,-0.0,0.0
2.11,FLIGHT,0.91,1.5158,0.2816,0.3145,0.2775,0.3143,-0.017,-0.1929,0.0122,0.0244,1.0274,-0.037,1.5672,0.000251,-0.0,0.0
2.115,FLIGHT,0.9114,1.5174,0.2771,0.3139,0.2732,0.3131,-0.017,-0.1928,0.0114,0.0244,1.0274,-0.037,1.5672,0.00025,-0.0,0.0
2.12,FLIGHT,0.9128,1.519,0.2729,0.3127,0.2691,0.3113,-0.0169,-0.1927,0.0107,0.0244,1.0273,-0.037,1.5674,0.00025,-0.0001,0.0
2.125,FLIGHT,0.9141,1.5205,0.2688,0.3108,0.2652,0.3088,-0.0169,-0.1926,0.0101,0.0243,1.0272,-0.037,1.5676,0.00025,-0.0001,0.0
2.13,FLIGHT,0.9154,1.5221,0.2649,0.3084,0.2615,0.3059,-0.0168,-0.1924,0.0097,0.0242,1.0271,-0.0372,1.5678,0.00025,-0.0001,0.0
2.135,FLIGHT,0.9167,1.5236,0.2611,0.3054,0.2578,0.3026,-0.0168,-0.1923,0.0093,0.024,1.0269,-0.0373,1.5681,0.000249,-0.0001,0.0
2.14,FLIGHT,0.918,1.5251,0.2575,0.3021,0.2543,0.2989,-0.0167,-0.1922,0.009,0.0238,1.0268,-0.0375,1.5684,0.000249,-0.0001,0.0
2.145,FLIGHT,0.9193,1.5266,0.2539,0.2983,0.2507,0.2949,-0.0167,-0.1921,0.0088,0.0235,1.0266,-0.0378,1.5688,0.000248,-0.0001,0.0
2.15,FLIGHT,0.9205,1.528,0.2504,0.2943,0.2473,0.2906,-0.0167,-0.192,0.0087,0.0232,1.0264,-0.0381,1.5692,0.000248,-0.0001,0.0
2.155,FLIGHT,0.9217,1.5295,0.2469,0.29,0.2438,0.286,-0.0166,-0.1919,0.0086,0.0229,1.0262,-0.0384,1.5696,0.000247,-0.0001,0.0
2.16,FLIGHT,0.9229,1.5309,0.2434,0.2855,0.2403,0.2814,-0.0166,-0.1917,0.0085,0.0226,1.0259,-0.0388,1.5701,0.000247,-0.0001,0.0
2.165,FLIGHT,0.9241,1.5323,0.24,0.2808,0.2369,0.2765,-0.0165,-0.1916,0.0084,0.0222,1.0257,-0.0392,1.5705,0.000246,-0.0001,0.0
2.17,FLIGHT,0.9253,1.5337,0.2365,0.2759,0.2334,0.2716,-0.0165,-0.1915,0.0084,0.0218,1.0254,-0.0396,1.5711,0.000246,-0.0001,0.0
2.175,FLIGHT,0.9265,1.535,0.233,0.271,0.2299,0.2665,-0.0164,-0.1914,0.0084,0.0214,1.0251,-0.04,1.5716,0.000245,-0.0001,0.0
2.18,FLIGHT,0.9276,1.5363,0.2295,0.266,0.2263,0.2614,-0.0164,-0.1913,0.0083,0.021,1.0248,-0.0405,1.5721,0.000245,-0.0001,0.0
2.185,FLIGHT,0.9287,1.5376,0.2259,0.2609,0.2227,0.2563,-0.0164,-0.1912,0.0083,0.0206,1.0244,-0.041,1.5727,0.000244,-0.0001,0.0
2.19,FLIGHT,0.9298,1.5389,0.2223,0.2557,0.2191,0.2511,-0.0163,-0.1911,0.0083,0.0202,1.024,-0.0414,1.5732,0.000244,-0.0001,0.0
2.195,FLIGHT,0.9309,1.5401,0.2187,0.2506,0.2154,0.246,-0.0163,-0.191,0.0083,0.0198,1.0237,-0.0419,1.5738,0.000243,-0.0001,0.0
2.2,FLIGHT,0.932,1.5413,0.215,0.2454,0.2117,0.2408,-0.0162,-0.1909,0.0082,0.0194,1.0232,-0.0424,1.5743,0.000243,-0.0001,0.0
2.205,FLIGHT,0.933,1.5425,0.2113,0.2403,0.208,0.2357,-0.0162,-0.1908,0.0082,0.019,1.0228,-0.0429,1.5749,0.000243,-0.0001,0.0
2.21,FLIGHT,0.9341,1.5437,0.2076,0.2352,0.2042,0.2306,-0.0162,-0.1907,0.0082,0.0186,1.0224,-0.0434,1.5754,0.000242,-0.0001,0.0
2.215,FLIGHT,0.9351,1.5448,0.2038,0.2301,0.2004,0.2256,-0.0161,-0.1906,0.0081,0.0182,1.0219,-0.0438,1.576,0.000242,-0.0001,0.0
2.22,FLIGHT,0.9361,1.546,0.2,0.225,0.1965,0.2205,-0.0161,-0.1906,0.008,0.0178,1.0214,-0.0443,1.5765,0.000241,-0.0001,0.0
2.225,FLIGHT,0.937,1.547,0.1961,0.22,0.1927,0.2156,-0.016,-0.1905,0.008,0.0174,1.0209,-0.0448,1.577,0.000241,-0.0001,0.0
2.23,FLIGHT,0.938,1.5481,0.1923,0.2151,0.1888,0.2107,-0.016,-0.1904,0.0079,0.017,1.0204,-0.0452,1.5775,0.00024,-0.0001,0.0
2.235,FLIGHT,0.9389,1.5492,0.1884,0.2102,0.1849,0.2058,-0.016,-0.1903,0.0078,0.0166,1.0199,-0.0456,1.578,0.00024,-0.0001,0.0
2.24,FLIGHT,0.9398,1.5502,0.1845,0.2053,0.1811,0.201,-0.0159,-0.1902,0.0077,0.0162,1.0193,-0.0461,1.5785,0.000239,-0.0001,0.0
2.245,FLIGHT,0.9407,1.5512,0.1807,0.2006,0.1772,0.1963,-0.0159,-0.1901,0.0076,0.0159,1.0187,-0.0465,1.579,0.000239,-0.0001,0.0
2.25,FLIGHT,0.9416,1.5521,0.1768,0.1958,0.1734,0.1916,-0.0158,-0.1901,0.0074,0.0155,1.0181,-0.0469,1.5795,0.000238,-0.0001,0.0
2.255,FLIGHT,0.9425,1.5531,0.173,0.1912,0.1695,0.187,-0.0158,-0.19,0.0073,0.0151,1.0175,-0.0473,1.5799,0.000238,-0.0001,0.0
2.26,FLIGHT,0.9433,1.554,0.1691,0.1865,0.1657,0.1825,-0.0158,-0.1899,0.0072,0.0148,1.0168,-0.0476,1.5803,0.000238,-0.0001,0.0
2.265,FLIGHT,0.9441,1.5549,0.1653,0.182,0.1619,0.178,-0.0157,-0.1898,0.0071,0.0144,1.0162,-0.048,1.5808,0.000237,-0.0001,0.0
2.27,FLIGHT,0.9449,1.5558,0.1615,0.1775,0.1581,0.1735,-0.0157,-0.1898,0.0069,0.0141,1.0155,-0.0483,1.5812,0.000237,-0.0001,0.0
2.275,FLIGHT,0.9457,1.5566,0.1578,0.1731,0.1544,0.1692,-0.0157,-0.1897,0.0068,0.0137,1.0148,-0.0487,1.5816,0.000236,-0.0001,0.0
2.28,FLIGHT,0.9465,1.5575,0.1541,0.1688,0.1507,0.1649,-0.0156,-0.1896,0.0067,0.0134,1.0141,-0.049,1.582,0.000236,-0.0001,0.0
2.285,FLIGHT,0.9472,1.5583,0.1504,0.1645,0.1471,0.1607,-0.0156,-0.1896,0.0065,0.013,1.0134,-0.0493,1.5823,0.000235,-0.0001,0.0
2.29,FLIGHT,0.9479,1.5591,0.1467,0.1603,0.1435,0.1565,-0.0156,-0.1895,0.0064,0.0127,1.0126,-0.0496,1.5827,0.000235,-0.0001,0.0
2.295,FLIGHT,0.9487,1.5599,0.1432,0.1561,0.14,0.1524,-0.0155,-0.1895,0.0063,0.0124,1.0119,-0.0499,1.5831,0.000235,-0.0001,0.0
2.3,FLIGHT,0.9493,1.5606,0.1396,0.152,0.1365,0.1484,-0.0155,-0.1894,0.0061,0.0121,1.0111,-0.0501,1.5834,0.000234,-0.0001,0.0
2.305,FLIGHT,0.95,1.5613,0.1361,0.148,0.133,0.1444,-0.0155,-0.1893,0.006,0.0117,1.0103,-0.0504,1.5838,0.000234,-0.0001,0.0
2.31,FLIGHT,0.9507,1.5621,0.1327,0.1441,0.1297,0.1406,-0.0154,-0.1893,0.0059,0.0114,1.0095,-0.0507,1.5841,0.000233,-0.0001,0.0
2.315,FLIGHT,0.9513,1.5627,0.1293,0.1402,0.1263,0.1367,-0.0154,-0.1892,0.0058,0.0111,1.0086,-0.0509,1.5844,0.000233,-0.0001,0.0
2.32,FLIGHT,0.9519,1.5634,0.126,0.1364,0.1231,0.133,-0.0154,-0.1892,0.0056,0.0108,1.0078,-0.0512,1.5847,0.000233,-0.0001,0.0
2.325,FLIGHT,0.9525,1.5641,0.1228,0.1326,0.1199,0.1293,-0.0154,-0.1891,0.0055,0.0105,1.0069,-0.0514,1.585,0.000232,-0.0001,0.0
2.33,FLIGHT,0.9531,1.5647,0.1196,0.129,0.1167,0.1257,-0.0153,-0.1891,0.0054,0.0102,1.006,-0.0516,1.5853,0.000232,-0.0001,0.0
2.335,FLIGHT,0.9537,1.5653,0.1164,0.1253,0.1136,0.1221,-0.0153,-0.189,0.0053,0.01,1.0051,-0.0518,1.5856,0.000232,-0.0001,0.0
2.34,FLIGHT,0.9543,1.5659,0.1133,0.1218,0.1106,0.1187,-0.0153,-0.189,0.0052,0.0097,1.0042,-0.0521,1.5859,0.000231,-0.0001,0.0
2.345,FLIGHT,0.9548,1.5665,0.1103,0.1183,0.1076,0.1153,-0.0153,-0.1889,0.005,0.0094,1.0033,-0.0523,1.5862,0.000231,-0.0001,0.0
2.35,FLIGHT,0.9554,1.5671,0.1074,0.115,0.1047,0.1119,-0.0152,-0.1889,0.0049,0.0091,1.0023,-0.0525,1.5864,0.000231,-0.0001,0.0
2.355,FLIGHT,0.9559,1.5676,0.1044,0.1116,0.1019,0.1087,-0.0152,-0.1888,0.0048,0.0089,1.0013,-0.0527,1.5867,0.00023,-0.0001,0.0
2.36,FLIGHT,0.9564,1.5682,0.1016,0.1084,0.0991,0.1055,-0.0152,-0.1888,0.0047,0.0086,1.0004,-0.0529,1.5869,0.00023,-0.0001,0.0
2.365,STANCE,0.9575,1.5691,0.2127,0.1681,0.471,0.1647,-0.0151,-0.1887,0.0177,0.0125,0.9995,0.1534,-0.4172,-0.000445,-0.2913,0.0587
2.37,STANCE,0.9611,1.5687,0.5752,-0.033,0.9286,-0.374,-0.0144,-0.1888,0.113,-0.0113,0.9987,-0.122,-0.9773,-0.002158,-0.3676,0.0757
2.375,STANCE,0.9661,1.5648,0.8659,-0.5815,0.8413,-0.8305,-0.0129,-0.1892,0.2422,-0.0646,0.9978,-0.5058,-1.35,-0.003798,-0.2439,0.0526
2.38,STANCE,0.9682,1.5627,0.5336,-0.4296,0.2456,-0.2021,-0.0122,-0.1895,0.1591,-0.0457,0.9978,-0.6688,-1.9154,-0.004265,-0.0013,0.0045
2.385,STANCE,0.9698,1.5611,0.4046,-0.3698,0.4531,-0.5108,-0.0117,-0.1896,0.1268,-0.0383,0.9981,-0.8928,-2.2962,-0.004092,0.0563,0.0041
2.39,STANCE,0.9719,1.5554,0.3967,-0.994,0.306,-1.9404,-0.0105,-0.1902,0.2107,-0.0935,0.9981,-1.1358,-2.1784,-0.003561,0.1544,0.0036
2.395,STANCE,0.9752,1.547,0.6171,-1.4442,0.9017,-1.774,-0.0087,-0.1909,0.3158,-0.1328,0.9982,-1.409,-1.9005,-0.0033,-0.0524,0.0138
2.4,STANCE,0.9797,1.536,0.7792,-2.0233,0.651,-2.8284,-0.0064,-0.1919,0.4296,-0.1791,0.9982,-1.5659,-1.3619,-0.003601,0.0116,0.0036
2.405,STANCE,0.9838,1.5218,0.807,-2.5994,0.7295,-3.1061,-0.0036,-0.1932,0.5198,-0.22,0.9981,-1.5417,-0.6669,-0.003866,-0.0354,0.011
2.41,STANCE,0.9876,1.5062,0.77,-2.9522,0.6981,-3.1777,-0.0007,-0.1944,0.5677,-0.2391,0.998,-1.3474,0.0152,-0.004177,-0.0593,0.016
2.415,STANCE,0.9906,1.4902,0.6546,-3.116,0.4946,-3.2259,0.0022,-0.1957,0.574,-0.2419,0.9979,-0.9939,0.6196,-0.004432,-0.0309,0.0106
2.42,STANCE,0.9928,1.4745,0.4983,-3.1359,0.3141,-3.1498,0.0049,-0.1969,0.5512,-0.2344,0.9979,-0.5567,1.0933,-0.004579,0.0008,0.0046
2.425,STANCE,0.9943,1.4594,0.3605,-3.0485,0.2338,-2.9625,0.0074,-0.198,0.5156,-0.2202,0.998,-0.1652,1.3896,-0.00461,0.0189,0.0046
2.43,STANCE,0.9957,1.4454,0.3049,-2.8655,0.2709,-2.698,0.0097,-0.199,0.4814,-0.2001,0.9981,0.0067,1.4597,-0.004609,0.0138,0.0046
2.435,FLIGHT,0.9966,1.4329,0.1898,-2.587,-0.0708,-2.1719,0.0117,-0.1999,0.4202,-0.176,0.9984,-1.3675,2.6269,-0.004432,0.0662,0.0044
2.44,FLIGHT,0.9949,1.4238,-0.2023,-2.0222,-0.6087,-1.463,0.0127,-0.2005,0.2592,-0.1397,0.9988,-1.2734,2.5411,-0.003954,0.1223,0.004
2.445,FLIGHT,0.9906,1.4181,-0.6636,-1.3947,-1.0696,-0.8444,0.0127,-0.201,0.0735,-0.1027,0.9995,-1.1205,2.4113,-0.003237,0.1619,0.0032
2.45,FLIGHT,0.9843,1.4152,-1.0882,-0.8141,-1.4377,-0.3292,0.0119,-0.2012,-0.0984,-0.0683,1.0002,-0.9501,2.2703,-0.00236,0.1864,0.0024
2.455,FLIGHT,0.9764,1.4146,-1.4377,-0.3182,-1.7132,0.0843,0.0104,-0.2014,-0.2426,-0.0369,1.0011,-0.7812,2.1324,-0.001394,0.1984,0.0014
2.46,FLIGHT,0.9673,1.4159,-1.703,0.0846,-1.9031,0.4042,0.0083,-0.2014,-0.3554,-0.0082,1.002,-0.6228,2.0043,-0.000393,0.2005,0.0004
2.465,FLIGHT,0.9575,1.4185,-1.8859,0.3984,-2.0143,0.6423,0.006,-0.2013,-0.4377,0.0176,1.0031,-0.4796,1.8894,0.000516,0.1453,0.0
2.47,FLIGHT,0.9473,1.4222,-1.9939,0.6323,-2.0605,0.8089,0.0034,-0.201,-0.4925,0.0404,1.0041,-0.3528,1.7885,0.00107,0.0804,0.0
2.475,FLIGHT,0.937,1.4265,-2.0387,0.7961,-2.0537,0.9144,0.0007,-0.2007,-0.5237,0.0596,1.0052,-0.242,1.7011,0.001356,0.037,0.0
2.48,FLIGHT,0.9268,1.4312,-2.0308,0.9,-2.0031,0.9694,-0.002,-0.2003,-0.5353,0.075,1.0063,-0.1467,1.6268,0.001466,0.009,0.0
2.485,FLIGHT,0.917,1.4361,-1.9798,0.9544,-1.9174,0.9837,-0.0047,-0.1999,-0.5309,0.0864,1.0074,-0.0663,1.5651,0.001464,-0.0084,0.0017
2.49,FLIGHT,0.9077,1.441,-1.8942,0.9685,-1.8044,0.9659,-0.0072,-0.1995,-0.5138,0.0939,1.0085,0.0002,1.5149,0.001394,-0.0184,0.0037
2.495,FLIGHT,0.899,1.4458,-1.7818,0.9512,-1.6713,0.9238,-0.0096,-0.199,-0.487,0.0977,1.0095,0.0539,1.4752,0.001288,-0.0237,0.0047
2.5,FLIGHT,0.891,1.4502,-1.6497,0.9099,-1.5244,0.8642,-0.0118,-0.1985,-0.4532,0.0982,1.0106,0.0961,1.4451,0.001163,-0.0257,0.0051
2.505,FLIGHT,0.8838,1.4544,-1.5039,0.8514,-1.3689,0.793,-0.0138,-0.1981,-0.4147,0.0958,1.0116,0.128,1.4232,0.001034,-0.0256,0.0051
2.51,FLIGHT,0.8773,1.4582,-1.3499,0.7813,-1.2097,0.7149,-0.0156,-0.1976,-0.3733,0.091,1.0125,0.1508,1.4086,0.000909,-0.0243,0.0049
2.515,FLIGHT,0.8717,1.4615,-1.1922,0.7046,-1.0505,0.6341,-0.0172,-0.1973,-0.3306,0.0844,1.0134,0.1659,1.4001,0.000792,-0.0223,0.0045
2.52,FLIGHT,0.8668,1.4645,-1.0346,0.6251,-0.8945,0.5538,-0.0186,-0.1969,-0.288,0.0765,1.0143,0.1742,1.3967,0.000687,-0.0199,0.004
2.525,FLIGHT,0.8627,1.4671,-0.8803,0.5462,-0.7442,0.4764,-0.0197,-0.1966,-0.2463,0.0679,1.0151,0.177,1.3975,0.000593,-0.0173,0.0035
2.53,FLIGHT,0.8594,1.4693,-0.7316,0.4702,-0.6015,0.404,-0.0207,-0.1963,-0.2064,0.059,1.0159,0.1752,1.4016,0.000513,-0.0148,0.003
2.535,FLIGHT,0.8567,1.4711,-0.5904,0.399,-0.4679,0.3379,-0.0214,-0.1961,-0.1689,0.0502,1.0167,0.1696,1.4083,0.000445,-0.0123,0.0025
2.54,FLIGHT,0.8547,1.4727,-0.4583,0.3341,-0.3442,0.279,-0.022,-0.1959,-0.1342,0.0416,1.0174,0.1612,1.417,0.000389,-0.0101,0.002
2.545,FLIGHT,0.8532,1.4739,-0.336,0.2762,-0.2311,0.2278,-0.0225,-0.1957,-0.1024,0.0337,1.0181,0.1506,1.4269,0.000344,-0.0082,0.0016
2.55,FLIGHT,0.8523,1.475,-0.2242,0.226,-0.1289,0.1845,-0.0228,-0.1956,-0.0738,0.0266,1.0187,0.1385,1.4377,0.000307,-0.0065,0.0013
2.555,FLIGHT,0.8519,1.4758,-0.1231,0.1836,-0.0375,0.1491,-0.023,-0.1955,-0.0484,0.0203,1.0193,0.1253,1.449,0.000278,-0.005,0.001
2.56,FLIGHT,0.852,1.4765,-0.0328,0.149,0.0433,0.1213,-0.0231,-0.1955,-0.0261,0.015,1.0199,0.1116,1.4603,0.000256,-0.0038,0.0008
2.565,FLIGHT,0.8524,1.477,0.047,0.1218,0.1139,0.1007,-0.0231,-0.1954,-0.0069,0.0105,1.0204,0.0977,1.4715,0.00024,-0.0028,0.0006
2.57,FLIGHT,0.8531,1.4775,0.1167,0.1017,0.1748,0.0867,-0.023,-0.1954,0.0094,0.007,1.0209,0.084,1.4824,0.000228,-0.002,0.0004
2.575,FLIGHT,0.8541,1.4779,0.1769,0.0881,0.2266,0.0787,-0.0228,-0.1954,0.0229,0.0043,1.0214,0.0706,1.4926,0.00022,-0.0013,0.0003
2.58,FLIGHT,0.8553,1.4783,0.228,0.0804,0.27,0.076,-0.0226,-0.1954,0.0339,0.0025,1.0219,0.0579,1.5023,0.000214,-0.0008,0.0002
2.585,FLIGHT,0.8568,1.4787,0.2709,0.078,0.3058,0.078,-0.0224,-0.1954,0.0426,0.0013,1.0223,0.0459,1.5112,0.000212,-0.0004,0.0001
2.59,FLIGHT,0.8584,1.4791,0.3062,0.0802,0.3347,0.084,-0.0222,-0.1954,0.0492,0.0008,1.0228,0.0348,1.5193,0.000211,-0.0,0.0
2.595,FLIGHT,0.8601,1.4795,0.3347,0.0863,0.3574,0.0933,-0.0219,-0.1954,0.0539,0.0008,1.0232,0.0245,1.5266,0.000211,0.0002,0.0
2.6,FLIGHT,0.8619,1.48,0.3571,0.0957,0.3746,0.1053,-0.0216,-0.1954,0.057,0.0013,1.0235,0.0153,1.5331,0.000213,0.0004,0.0
2.605,FLIGHT,0.8638,1.4806,0.3741,0.1077,0.3871,0.1194,-0.0213,-0.1953,0.0588,0.0022,1.0239,0.0069,1.5389,0.000215,0.0005,0.0
2.61,FLIGHT,0.8658,1.4812,0.3864,0.1217,0.3955,0.135,-0.021,-0.1953,0.0593,0.0033,1.0243,-0.0004,1.5439,0.000218,0.0006,0.0
2.615,FLIGHT,0.8678,1.4819,0.3947,0.1372,0.4005,0.1516,-0.0207,-0.1953,0.0588,0.0047,1.0246,-0.0069,1.5481,0.000221,0.0007,0.0
2.62,FLIGHT,0.8698,1.4827,0.3995,0.1537,0.4025,0.1688,-0.0204,-0.1953,0.0575,0.0063,1.0249,-0.0125,1.5518,0.000225,0.0007,0.0
2.625,FLIGHT,0.8718,1.4836,0.4015,0.1708,0.4022,0.1862,-0.0201,-0.1952,0.0556,0.0079,1.0252,-0.0173,1.5548,0.000228,0.0007,0.0
2.63,FLIGHT,0.8738,1.4846,0.4011,0.188,0.3999,0.2034,-0.0199,-0.1952,0.0532,0.0096,1.0255,-0.0214,1.5573,0.000231,0.0007,0.0
2.635,FLIGHT,0.8758,1.4856,0.3989,0.205,0.3961,0.2201,-0.0196,-0.1951,0.0504,0.0113,1.0258,-0.0248,1.5593,0.000235,0.0006,0.0
2.64,FLIGHT,0.8778,1.4868,0.3951,0.2216,0.3911,0.2362,-0.0194,-0.195,0.0474,0.013,1.026,-0.0275,1.5609,0.000238,0.0006,0.0
2.645,FLIGHT,0.8797,1.488,0.3901,0.2375,0.3853,0.2513,-0.0192,-0.195,0.0443,0.0146,1.0263,-0.0298,1.5621,0.00024,0.0005,0.0
2.65,FLIGHT,0.8816,1.4893,0.3843,0.2525,0.3789,0.2654,-0.019,-0.1949,0.0411,0.0162,1.0265,-0.0315,1.563,0.000243,0.0005,0.0
2.655,FLIGHT,0.8835,1.4906,0.378,0.2664,0.3721,0.2784,-0.0188,-0.1948,0.038,0.0177,1.0267,-0.0329,1.5637,0.000245,0.0004,0.0
2.66,FLIGHT,0.8854,1.4921,0.3712,0.2792,0.3651,0.2902,-0.0186,-0.1947,0.0349,0.019,1.0269,-0.0339,1.5641,0.000247,0.0004,0.0
2.665,FLIGHT,0.8872,1.4935,0.3643,0.2908,0.358,0.3006,-0.0185,-0.1946,0.0319,0.0203,1.027,-0.0346,1.5644,0.000249,0.0003,0.0
2.67,FLIGHT,0.8889,1.4951,0.3573,0.3011,0.3511,0.3098,-0.0183,-0.1945,0.0291,0.0214,1.0272,-0.0351,1.5646,0.00025,0.0003,0.0
2.675,FLIGHT,0.8907,1.4966,0.3504,0.3102,0.3442,0.3177,-0.0182,-0.1944,0.0265,0.0224,1.0273,-0.0355,1.5647,0.000251,0.0002,0.0
2.68,FLIGHT,0.8924,1.4982,0.3436,0.318,0.3376,0.3243,-0.0181,-0.1942,0.0241,0.0233,1.0274,-0.0356,1.5647,0.000252,0.0002,0.0
2.685,FLIGHT,0.894,1.4999,0.337,0.3245,0.3313,0.3298,-0.018,-0.1941,0.0219,0.0241,1.0275,-0.0357,1.5646,0.000253,0.0001,0.0
2.69,FLIGHT,0.8957,1.5015,0.3307,0.3298,0.3252,0.334,-0.0179,-0.194,0.02,0.0247,1.0276,-0.0357,1.5646,0.000253,0.0001,0.0
2.695,FLIGHT,0.8973,1.5032,0.3247,0.3339,0.3194,0.3371,-0.0178,-0.1939,0.0182,0.0252,1.0277,-0.0357,1.5645,0.000254,0.0001,0.0
2.7,FLIGHT,0.8989,1.5049,0.3189,0.337,0.3139,0.3392,-0.0177,-0.1937,0.0166,0.0256,1.0277,-0.0357,1.5645,0.000254,0.0,0.0
2.705,FLIGHT,0.9004,1.5066,0.3135,0.339,0.3087,0.3403,-0.0176,-0.1936,0.0153,0.026,1.0277,-0.0356,1.5645,0.000254,0.0,0.0
2.71,FLIGHT,0.902,1.5083,0.3083,0.34,0.3037,0.3406,-0.0176,-0.1935,0.0141,0.0262,1.0277,-0.0356,1.5645,0.000254,-0.0,0.0
2.715,FLIGHT,0.9035,1.51,0.3033,0.3402,0.299,0.34,-0.0175,-0.1934,0.0131,0.0263,1.0277,-0.0355,1.5646,0.000254,-0.0,0.0
2.72,FLIGHT,0.905,1.5117,0.2986,0.3396,0.2945,0.3387,-0.0175,-0.1932,0.0122,0.0264,1.0277,-0.0356,1.5648,0.000254,-0.0,0.0
2.725,FLIGHT,0.9064,1.5134,0.2941,0.3382,0.2902,0.3367,-0.0174,-0.1931,0.0115,0.0263,1.0276,-0.0356,1.5649,0.000254,-0.0001,0.0
2.73,FLIGHT,0.9079,1.5151,0.2898,0.3362,0.286,0.3341,-0.0173,-0.193,0.0109,0.0262,1.0275,-0.0357,1.5652,0.000253,-0.0001,0.0
2.735,FLIGHT,0.9093,1.5167,0.2857,0.3336,0.282,0.331,-0.0173,-0.1928,0.0104,0.0261,1.0274,-0.0359,1.5654,0.000253,-0.0001,0.0
2.74,FLIGHT,0.9107,1.5184,0.2816,0.3305,0.278,0.3275,-0.0172,-0.1927,0.01,0.0259,1.0273,-0.0361,1.5658,0.000253,-0.0001,0.0
2.745,FLIGHT,0.9121,1.52,0.2777,0.3269,0.2742,0.3235,-0.0172,-0.1926,0.0097,0.0257,1.0272,-0.0363,1.5661,0.000252,-0.0001,0.0
2.75,FLIGHT,0.9134,1.5216,0.2738,0.3229,0.2704,0.3192,-0.0172,-0.1924,0.0095,0.0254,1.027,-0.0366,1.5666,0.000252,-0.0001,0.0
2.755,FLIGHT,0.9148,1.5232,0.27,0.3186,0.2666,0.3146,-0.0171,-0.1923,0.0093,0.0251,1.0268,-0.037,1.567,0.000251,-0.0001,0.0
2.76,FLIGHT,0.9161,1.5248,0.2662,0.3141,0.2629,0.3098,-0.0171,-0.1922,0.0092,0.0247,1.0266,-0.0373,1.5675,0.000251,-0.0001,0.0
2.765,FLIGHT,0.9174,1.5263,0.2625,0.3092,0.2591,0.3048,-0.017,-0.1921,0.0091,0.0244,1.0264,-0.0377,1.568,0.00025,-0.0001,0.0
2.77,FLIGHT,0.9187,1.5278,0.2587,0.3042,0.2553,0.2997,-0.017,-0.192,0.009,0.024,1.0261,-0.0382,1.5685,0.00025,-0.0001,0.0
2.775,FLIGHT,0.9199,1.5293,0.2549,0.2991,0.2515,0.2944,-0.0169,-0.1918,0.0089,0.0236,1.0259,-0.0386,1.5691,0.000249,-0.0001,0.0
2.78,FLIGHT,0.9212,1.5308,0.2511,0.2938,0.2477,0.289,-0.0169,-0.1917,0.0089,0.0232,1.0256,-0.0391,1.5697,0.000249,-0.0001,0.0
2.785,FLIGHT,0.9224,1.5322,0.2473,0.2884,0.2439,0.2835,-0.0168,-0.1916,0.0088,0.0228,1.0253,-0.0396,1.5702,0.000248,-0.0001,0.0
2.79,FLIGHT,0.9236,1.5336,0.2434,0.2829,0.24,0.278,-0.0168,-0.1915,0.0088,0.0223,1.0249,-0.0401,1.5708,0.000248,-0.0001,0.0
2.795,FLIGHT,0.9248,1.535,0.2395,0.2774,0.236,0.2725,-0.0167,-0.1914,0.0088,0.0219,1.0246,-0.0406,1.5714,0.000247,-0.0001,0.0
2.8,FLIGHT,0.926,1.5363,0.2356,0.2719,0.232,0.2669,-0.0167,-0.1913,0.0087,0.0215,1.0242,-0.0411,1.572,0.000247,-0.0001,0.0
2.805,FLIGHT,0.9271,1.5376,0.2316,0.2664,0.228,0.2614,-0.0167,-0.1912,0.0087,0.021,1.0238,-0.0416,1.5726,0.000246,-0.0001,0.0
2.81,FLIGHT,0.9283,1.5389,0.2276,0.2608,0.224,0.2559,-0.0166,-0.1911,0.0087,0.0206,1.0234,-0.0421,1.5732,0.000245,-0.0001,0.0
2.815,FLIGHT,0.9294,1.5402,0.2235,0.2553,0.2199,0.2504,-0.0166,-0.191,0.0086,0.0202,1.023,-0.0426,1.5738,0.000245,-0.0001,0.0
2.82,FLIGHT,0.9305,1.5414,0.2194,0.2498,0.2158,0.245,-0.0165,-0.1909,0.0085,0.0197,1.0225,-0.0431,1.5744,0.000244,-0.0001,0.0
2.825,FLIGHT,0.9315,1.5426,0.2153,0.2444,0.2116,0.2395,-0.0165,-0.1908,0.0084,0.0193,1.0221,-0.0436,1.5749,0.000244,-0.0001,0.0
2.83,FLIGHT,0.9326,1.5438,0.2112,0.239,0.2075,0.2342,-0.0164,-0.1907,0.0084,0.0189,1.0216,-0.0441,1.5755,0.000243,-0.0001,0.0
2.835,FLIGHT,0.9336,1.545,0.207,0.2336,0.2033,0.2289,-0.0164,-0.1906,0.0083,0.0185,1.0211,-0.0446,1.576,0.000243,-0.0001,0.0
2.84,FLIGHT,0.9346,1.5461,0.2028,0.2283,0.1991,0.2236,-0.0164,-0.1905,0.0082,0.0181,1.0205,-0.0451,1.5766,0.000242,-0.0001,0.0
2.845,FLIGHT,0.9356,1.5472,0.1987,0.2231,0.1949,0.2184,-0.0163,-0.1904,0.0081,0.0176,1.02,-0.0455,1.5771,0.000242,-0.0001,0.0
2.85,FLIGHT,0.9366,1.5483,0.1945,0.2179,0.1908,0.2133,-0.0163,-0.1903,0.0079,0.0172,1.0194,-0.046,1.5776,0.000242,-0.0001,0.0
2.855,FLIGHT,0.9375,1.5494,0.1903,0.2128,0.1866,0.2082,-0.0162,-0.1903,0.0078,0.0168,1.0188,-0.0464,1.5781,0.000241,-0.0001,0.0
2.86,FLIGHT,0.9384,1.5504,0.1862,0.2077,0.1825,0.2032,-0.0162,-0.1902,0.0077,0.0164,1.0182,-0.0468,1.5786,0.000241,-0.0001,0.0
2.865,FLIGHT,0.9393,1.5514,0.182,0.2027,0.1784,0.1983,-0.0162,-0.1901,0.0076,0.016,1.0176,-0.0472,1.5791,0.00024,-0.0001,0.0
2.87,FLIGHT,0.9402,1.5524,0.1779,0.1978,0.1743,0.1934,-0.0161,-0.19,0.0074,0.0157,1.017,-0.0476,1.5795,0.00024,-0.0001,0.0
2.875,FLIGHT,0.9411,1.5533,0.1739,0.1929,0.1702,0.1886,-0.0161,-0.1899,0.0073,0.0153,1.0163,-0.0479,1.58,0.000239,-0.0001,0.0
2.88,FLIGHT,0.9419,1.5543,0.1698,0.1881,0.1662,0.1839,-0.0161,-0.1899,0.0071,0.0149,1.0156,-0.0483,1.5804,0.000239,-0.0001,0.0
2.885,FLIGHT,0.9427,1.5552,0.1658,0.1834,0.1622,0.1792,-0.016,-0.1898,0.007,0.0145,1.0149,-0.0486,1.5808,0.000238,-0.0001,0.0
2.89,FLIGHT,0.9435,1.556,0.1619,0.1788,0.1583,0.1746,-0.016,-0.1897,0.0069,0.0142,1.0142,-0.049,1.5812,0.000238,-0.0001,0.0
2.895,FLIGHT,0.9443,1.5569,0.1579,0.1742,0.1545,0.1701,-0.016,-0.1897,0.0067,0.0138,1.0135,-0.0493,1.5816,0.000237,-0.0001,0.0
2.9,FLIGHT,0.9451,1.5578,0.1541,0.1697,0.1506,0.1657,-0.0159,-0.1896,0.0066,0.0135,1.0127,-0.0496,1.582,0.000237,-0.0001,0.0
2.905,FLIGHT,0.9458,1.5586,0.1503,0.1652,0.1469,0.1613,-0.0159,-0.1895,0.0064,0.0131,1.012,-0.0499,1.5824,0.000236,-0.0001,0.0
2.91,FLIGHT,0.9466,1.5594,0.1465,0.1609,0.1432,0.157,-0.0159,-0.1895,0.0063,0.0128,1.0112,-0.0502,1.5828,0.000236,-0.0001,0.0
2.915,FLIGHT,0.9473,1.5601,0.1428,0.1566,0.1395,0.1528,-0.0158,-0.1894,0.0062,0.0124,1.0104,-0.0505,1.5831,0.000236,-0.0001,0.0
2.92,FLIGHT,0.948,1.5609,0.1392,0.1523,0.136,0.1486,-0.0158,-0.1893,0.006,0.0121,1.0095,-0.0507,1.5835,0.000235,-0.0001,0.0
2.925,FLIGHT,0.9486,1.5616,0.1356,0.1482,0.1324,0.1445,-0.0158,-0.1893,0.0059,0.0118,1.0087,-0.051,1.5838,0.000235,-0.0001,0.0
2.93,FLIGHT,0.9493,1.5623,0.1321,0.1441,0.129,0.1405,-0.0157,-0.1892,0.0058,0.0114,1.0078,-0.0512,1.5841,0.000234,-0.0001,0.0
2.935,FLIGHT,0.9499,1.563,0.1287,0.1401,0.1256,0.1366,-0.0157,-0.1892,0.0057,0.0111,1.007,-0.0515,1.5844,0.000234,-0.0001,0.0
2.94,FLIGHT,0.9505,1.5637,0.1253,0.1362,0.1223,0.1327,-0.0157,-0.1891,0.0055,0.0108,1.0061,-0.0517,1.5848,0.000234,-0.0001,0.0
2.945,FLIGHT,0.9511,1.5644,0.1219,0.1324,0.119,0.1289,-0.0157,-0.1891,0.0054,0.0105,1.0052,-0.0519,1.5851,0.000233,-0.0001,0.0
2.95,FLIGHT,0.9517,1.565,0.1187,0.1286,0.1158,0.1252,-0.0156,-0.189,0.0053,0.0102,1.0043,-0.0522,1.5853,0.000233,-0.0001,0.0
2.955,FLIGHT,0.9523,1.5656,0.1155,0.1249,0.1127,0.1216,-0.0156,-0.189,0.0052,0.0099,1.0033,-0.0524,1.5856,0.000232,-0.0001,0.0
2.96,FLIGHT,0.9529,1.5662,0.1124,0.1213,0.1096,0.1181,-0.0156,-0.1889,0.0051,0.0096,1.0024,-0.0526,1.5859,0.000232,-0.0001,0.0
2.965,FLIGHT,0.9534,1.5668,0.1093,0.1177,0.1066,0.1146,-0.0156,-0.1889,0.005,0.0093,1.0014,-0.0528,1.5862,0.000232,-0.0001,0.0
2.97,FLIGHT,0.9539,1.5674,0.1063,0.1143,0.1037,0.1112,-0.0155,-0.1888,0.0048,0.0091,1.0004,-0.053,1.5865,0.000231,-0.0001,0.0
2.975,STANCE,0.9551,1.5683,0.2172,0.1733,0.4754,0.1689,-0.0154,-0.1888,0.0179,0.0129,0.9996,0.1591,-0.4183,-0.000434,-0.2872,0.0579
2.98,STANCE,0.9587,1.5679,0.5805,-0.029,0.9351,-0.3713,-0.0147,-0.1888,0.1135,-0.0112,0.9988,-0.1136,-0.98,-0.002127,-0.3642,0.075
2.985,STANCE,0.9637,1.564,0.8725,-0.5808,0.8367,-0.8575,-0.0132,-0.1893,0.2433,-0.065,0.9979,-0.4951,-1.3537,-0.003762,-0.2393,0.0516
2.99,STANCE,0.9658,1.5617,0.5389,-0.4596,0.2522,-0.2569,-0.0125,-0.1895,0.1641,-0.0488,0.9978,-0.6558,-1.9074,-0.004243,-0.0088,0.006
2.995,STANCE,0.9675,1.5599,0.4096,-0.4207,0.4565,-0.5755,-0.012,-0.1897,0.1346,-0.0432,0.9981,-0.8796,-2.2786,-0.004101,0.052,0.0041
3.0,STANCE,0.9696,1.5538,0.4014,-1.0521,0.3125,-1.9964,-0.0107,-0.1903,0.2194,-0.0989,0.998,-1.1239,-2.1557,-0.003589,0.1479,0.0036
3.005,STANCE,0.973,1.5448,0.6255,-1.5535,0.9234,-1.933,-0.0089,-0.1911,0.3325,-0.1426,0.9982,-1.4029,-1.8517,-0.003475,-0.1068,0.0248
3.01,STANCE,0.977,1.5325,0.7154,-2.2473,0.5821,-3.056,-0.0064,-0.1922,0.4488,-0.1978,0.998,-1.5353,-1.2582,-0.003854,-0.0078,0.0054
3.015,STANCE,0.9811,1.5179,0.7802,-2.7062,0.7246,-3.0671,-0.0036,-0.1935,0.53,-0.2284,0.9979,-1.5272,-0.6084,-0.004361,-0.0789,0.0201
3.02,STANCE,0.9843,1.5029,0.6695,-2.9177,0.5582,-2.9682,-0.0008,-0.1947,0.5435,-0.2363,0.9979,-1.2959,0.0098,-0.00455,-0.0025,0.0051
3.025,STANCE,0.9865,1.4877,0.5183,-2.9952,0.4144,-3.006,0.0018,-0.1959,0.5298,-0.2337,0.9979,-0.9218,0.573,-0.004601,-0.051,0.0148
3.03,STANCE,0.9877,1.4722,0.319,-3.07,0.2172,-3.0249,0.0042,-0.1971,0.5058,-0.2317,0.9979,-0.4662,1.0683,-0.004629,-0.0252,0.0097
3.035,STANCE,0.9887,1.4575,0.2311,-2.9761,0.141,-2.8993,0.0065,-0.1982,0.4786,-0.2177,0.998,-0.0971,1.3637,-0.004764,0.0003,0.0048
3.04,STANCE,0.9893,1.4433,0.1601,-2.865,0.1294,-2.7396,0.0087,-0.1992,0.4516,-0.2034,0.9981,0.0806,1.4646,-0.004672,0.0324,0.0047
3.045,FLIGHT,0.9896,1.4306,0.0674,-2.622,-0.1559,-2.2415,0.0107,-0.2001,0.4,-0.1817,0.9984,-1.2253,2.5212,-0.004423,0.0766,0.0044
3.05,FLIGHT,0.9876,1.4211,-0.2742,-2.0986,-0.631,-1.5773,0.0117,-0.2008,0.2554,-0.1469,0.9988,-1.1431,2.4447,-0.00391,0.126,0.0039
3.055,FLIGHT,0.9834,1.4147,-0.6803,-1.5116,-1.038,-0.9952,0.0118,-0.2013,0.0869,-0.111,0.9994,-1.0061,2.3276,-0.003187,0.1607,0.0032
3.06,FLIGHT,0.9774,1.411,-1.0544,-0.9652,-1.3622,-0.5076,0.0111,-0.2016,-0.0698,-0.0778,1.0001,-0.8526,2.1999,-0.002326,0.1819,0.0023
3.065,FLIGHT,0.9699,1.4094,-1.3617,-0.4955,-1.6033,-0.1128,0.0098,-0.2018,-0.2017,-0.0477,1.0009,-0.7001,2.075,-0.001387,0.1919,0.0014
3.07,FLIGHT,0.9615,1.4097,-1.5934,-0.1107,-1.7674,0.1963,0.0081,-0.2019,-0.3054,-0.0207,1.0019,-0.5568,1.9589,-0.000422,0.193,0.0004
3.075,FLIGHT,0.9524,1.4113,-1.7514,0.1926,-1.8608,0.4304,0.006,-0.2018,-0.3816,0.0034,1.0028,-0.427,1.8548,0.000468,0.1444,0.0
3.08,FLIGHT,0.943,1.4139,-1.8416,0.4229,-1.8954,0.5989,0.0037,-0.2017,-0.4328,0.0244,1.0038,-0.3121,1.7634,0.001021,0.0804,0.0
3.085,FLIGHT,0.9335,1.4172,-1.875,0.5888,-1.8823,0.7113,0.0013,-0.2014,-0.4627,0.0421,1.0049,-0.2116,1.6844,0.001308,0.0375,0.0
3.09,FLIGHT,0.9242,1.4209,-1.8611,0.6997,-1.8301,0.7772,-0.0011,-0.2012,-0.4746,0.0563,1.0059,-0.1252,1.6172,0.00142,0.0097,0.0
3.095,FLIGHT,0.9153,1.4249,-1.8084,0.7649,-1.7463,0.8054,-0.0034,-0.2008,-0.472,0.067,1.007,-0.0523,1.5613,0.001422,-0.0075,0.0015
3.1,FLIGHT,0.9068,1.4289,-1.7248,0.7929,-1.6382,0.8037,-0.0057,-0.2005,-0.4578,0.0743,1.0081,0.008,1.5158,0.001357,-0.0175,0.0035
3.105,FLIGHT,0.8989,1.4329,-1.6172,0.7915,-1.5121,0.7792,-0.0078,-0.2001,-0.4346,0.0783,1.0091,0.0568,1.4799,0.001255,-0.0227,0.0045
3.11,FLIGHT,0.8917,1.4367,-1.492,0.7677,-1.3737,0.7381,-0.0098,-0.1997,-0.405,0.0795,1.0101,0.095,1.4524,0.001135,-0.0248,0.005
3.115,FLIGHT,0.8852,1.4402,-1.3548,0.7274,-1.2279,0.6857,-0.0116,-0.1993,-0.3708,0.0782,1.0111,0.1239,1.4325,0.00101,-0.0248,0.005
3.12,FLIGHT,0.8794,1.4435,-1.2103,0.676,-1.079,0.6263,-0.0132,-0.199,-0.3339,0.0749,1.012,0.1446,1.4192,0.000889,-0.0236,0.0047
3.125,FLIGHT,0.8744,1.4465,-1.0628,0.6177,-0.9304,0.5636,-0.0146,-0.1986,-0.2958,0.07,1.0129,0.1582,1.4113,0.000776,-0.0217,0.0043
3.13,FLIGHT,0.8701,1.4492,-0.9156,0.5562,-0.7849,0.5006,-0.0158,-0.1983,-0.2575,0.0641,1.0138,0.1657,1.408,0.000673,-0.0193,0.0039
3.135,FLIGHT,0.8665,1.4515,-0.7716,0.4944,-0.6448,0.4397,-0.0169,-0.1981,-0.22,0.0575,1.0146,0.1681,1.4086,0.000583,-0.0168,0.0034
3.14,FLIGHT,0.8636,1.4536,-0.633,0.4346,-0.5119,0.3825,-0.0177,-0.1978,-0.1841,0.0506,1.0154,0.1663,1.4121,0.000505,-0.0143,0.0029
3.145,FLIGHT,0.8614,1.4553,-0.5015,0.3785,-0.3873,0.3303,-0.0184,-0.1976,-0.1503,0.0438,1.0161,0.1612,1.418,0.00044,-0.0119,0.0024
3.15,FLIGHT,0.8598,1.4569,-0.3784,0.3273,-0.2721,0.284,-0.0189,-0.1975,-0.1188,0.0372,1.0168,0.1534,1.4256,0.000385,-0.0098,0.002
3.155,FLIGHT,0.8587,1.4582,-0.2644,0.282,-0.1667,0.2441,-0.0193,-0.1973,-0.0901,0.031,1.0175,0.1437,1.4344,0.000341,-0.0079,0.0016
3.16,FLIGHT,0.8581,1.4593,-0.1602,0.2429,-0.0713,0.2108,-0.0196,-0.1972,-0.0642,0.0255,1.0182,0.1326,1.4441,0.000306,-0.0062,0.0012
3.165,FLIGHT,0.8579,1.4603,-0.0659,0.2103,0.0141,0.184,-0.0197,-0.1971,-0.0412,0.0207,1.0188,0.1205,1.4541,0.000279,-0.0048,0.001
3.17,FLIGHT,0.8582,1.4612,0.0185,0.1842,0.0897,0.1636,-0.0198,-0.197,-0.0211,0.0167,1.0194,0.108,1.4643,0.000257,-0.0037,0.0007
3.175,FLIGHT,0.8588,1.462,0.0932,0.1643,0.1558,0.1492,-0.0198,-0.197,-0.0037,0.0134,1.0199,0.0952,1.4744,0.000242,-0.0027,0.0005
3.18,FLIGHT,0.8597,1.4627,0.1585,0.1504,0.213,0.1404,-0.0197,-0.1969,0.011,0.0108,1.0205,0.0827,1.4841,0.00023,-0.0019,0.0004
3.185,FLIGHT,0.8609,1.4634,0.215,0.1419,0.2617,0.1366,-0.0196,-0.1969,0.0233,0.0089,1.021,0.0704,1.4934,0.000222,-0.0013,0.0003
3.19,FLIGHT,0.8623,1.4641,0.2631,0.1384,0.3028,0.1373,-0.0194,-0.1968,0.0332,0.0077,1.0215,0.0587,1.5021,0.000217,-0.0007,0.0001
3.195,FLIGHT,0.8639,1.4648,0.3037,0.1392,0.3367,0.1418,-0.0192,-0.1968,0.041,0.007,1.0219,0.0477,1.5102,0.000215,-0.0003,0.0001
3.2,FLIGHT,0.8657,1.4655,0.3371,0.1439,0.3642,0.1496,-0.0189,-0.1968,0.047,0.0069,1.0224,0.0375,1.5176,0.000214,-0.0,0.0
3.205,FLIGHT,0.8676,1.4663,0.3643,0.1518,0.386,0.1601,-0.0186,-0.1967,0.0512,0.0071,1.0228,0.028,1.5243,0.000214,0.0002,0.0
3.21,FLIGHT,0.8696,1.4671,0.3858,0.1623,0.4027,0.1727,-0.0184,-0.1967,0.054,0.0078,1.0232,0.0195,1.5303,0.000216,0.0004,0.0
3.215,FLIGHT,0.8716,1.468,0.4022,0.1749,0.4149,0.187,-0.0181,-0.1967,0.0555,0.0087,1.0236,0.0118,1.5356,0.000218,0.0005,0.0
3.22,FLIGHT,0.8737,1.469,0.4143,0.1891,0.4234,0.2024,-0.0178,-0.1966,0.0559,0.0099,1.024,0.0049,1.5402,0.000221,0.0006,0.0
3.225,FLIGHT,0.8758,1.47,0.4226,0.2044,0.4285,0.2185,-0.0175,-0.1966,0.0555,0.0112,1.0243,-0.0012,1.5442,0.000224,0.0006,0.0
3.23,FLIGHT,0.878,1.4711,0.4277,0.2204,0.4309,0.2349,-0.0173,-0.1965,0.0542,0.0127,1.0247,-0.0064,1.5476,0.000227,0.0006,0.0
3.235,FLIGHT,0.8801,1.4724,0.43,0.2367,0.431,0.2513,-0.017,-0.1964,0.0524,0.0142,1.025,-0.011,1.5505,0.000231,0.0006,0.0
3.24,FLIGHT,0.8823,1.4737,0.4301,0.2529,0.4293,0.2674,-0.0168,-0.1963,0.0502,0.0158,1.0253,-0.0148,1.5529,0.000234,0.0006,0.0
3.245,FLIGHT,0.8844,1.475,0.4283,0.2689,0.426,0.2829,-0.0165,-0.1962,0.0476,0.0173,1.0256,-0.0181,1.5549,0.000237,0.0006,0.0
3.25,FLIGHT,0.8865,1.4765,0.4251,0.2843,0.4216,0.2977,-0.0163,-0.1961,0.0449,0.0189,1.0259,-0.0208,1.5566,0.000239,0.0005,0.0
3.255,FLIGHT,0.8886,1.478,0.4207,0.2989,0.4163,0.3116,-0.0161,-0.196,0.042,0.0203,1.0261,-0.0231,1.5579,0.000242,0.0005,0.0
3.26,FLIGHT,0.8907,1.4796,0.4154,0.3125,0.4104,0.3243,-0.0159,-0.1959,0.039,0.0217,1.0264,-0.0249,1.5589,0.000244,0.0004,0.0
3.265,FLIGHT,0.8927,1.4812,0.4095,0.3252,0.404,0.336,-0.0157,-0.1958,0.0361,0.023,1.0266,-0.0263,1.5597,0.000246,0.0004,0.0
3.27,FLIGHT,0.8947,1.483,0.4032,0.3367,0.3974,0.3464,-0.0156,-0.1957,0.0332,0.0242,1.0268,-0.0274,1.5603,0.000248,0.0003,0.0
3.275,FLIGHT,0.8967,1.4847,0.3966,0.3469,0.3906,0.3556,-0.0154,-0.1956,0.0305,0.0253,1.027,-0.0283,1.5608,0.00025,0.0003,0.0
3.28,FLIGHT,0.8986,1.4865,0.3899,0.356,0.3839,0.3635,-0.0153,-0.1954,0.0279,0.0262,1.0272,-0.029,1.5611,0.000251,0.0002,0.0
3.285,FLIGHT,0.9005,1.4883,0.3832,0.3638,0.3771,0.3702,-0.0152,-0.1953,0.0255,0.0271,1.0273,-0.0295,1.5614,0.000252,0.0002,0.0
3.29,FLIGHT,0.9024,1.4902,0.3765,0.3704,0.3706,0.3757,-0.0151,-0.1951,0.0232,0.0278,1.0275,-0.0298,1.5616,0.000253,0.0002,0.0
3.295,FLIGHT,0.9043,1.4921,0.3699,0.3757,0.3641,0.38,-0.015,-0.195,0.0212,0.0284,1.0276,-0.0301,1.5617,0.000254,0.0001,0.0
3.3,FLIGHT,0.9061,1.494,0.3636,0.38,0.3579,0.3832,-0.0149,-0.1949,0.0193,0.029,1.0277,-0.0303,1.5619,0.000254,0.0001,0.0
3.305,FLIGHT,0.9078,1.4959,0.3574,0.383,0.3519,0.3853,-0.0148,-0.1947,0.0176,0.0294,1.0278,-0.0304,1.562,0.000255,0.0,0.0
3.31,FLIGHT,0.9096,1.4979,0.3514,0.3851,0.3461,0.3864,-0.0147,-0.1946,0.0161,0.0297,1.0278,-0.0306,1.5622,0.000255,0.0,0.0
3.315,FLIGHT,0.9113,1.4998,0.3456,0.3861,0.3405,0.3866,-0.0146,-0.1944,0.0148,0.0299,1.0279,-0.0307,1.5624,0.000255,-0.0,0.0
3.32,FLIGHT,0.913,1.5017,0.34,0.3863,0.3352,0.386,-0.0146,-0.1943,0.0137,0.03,1.0279,-0.0308,1.5626,0.000255,-0.0,0.0
3.325,FLIGHT,0.9146,1.5036,0.3347,0.3855,0.3299,0.3845,-0.0145,-0.1941,0.0127,0.0301,1.0279,-0.031,1.5628,0.000255,-0.0,0.0
3.33,FLIGHT,0.9163,1.5056,0.3295,0.384,0.3249,0.3824,-0.0144,-0.194,0.0119,0.03,1.0279,-0.0311,1.5631,0.000254,-0.0001,0.0
3.335,FLIGHT,0.9179,1.5075,0.3245,0.3818,0.32,0.3796,-0.0144,-0.1938,0.0111,0.0299,1.0279,-0.0313,1.5634,0.000254,-0.0001,0.0
3.34,FLIGHT,0.9195,1.5094,0.3196,0.379,0.3152,0.3762,-0.0143,-0.1937,0.0105,0.0298,1.0278,-0.0316,1.5638,0.000254,-0.0001,0.0
3.345,FLIGHT,0.9211,1.5112,0.3148,0.3756,0.3106,0.3723,-0.0143,-0.1935,0.01,0.0296,1.0277,-0.0319,1.5642,0.000253,-0.0001,0.0
3.35,FLIGHT,0.9226,1.5131,0.3101,0.3717,0.306,0.368,-0.0142,-0.1934,0.0096,0.0293,1.0276,-0.0322,1.5646,0.000253,-0.0001,0.0
3.355,FLIGHT,0.9241,1.5149,0.3055,0.3674,0.3014,0.3633,-0.0142,-0.1932,0.0093,0.029,1.0275,-0.0325,1.5651,0.000252,-0.0001,0.0
3.36,FLIGHT,0.9256,1.5167,0.301,0.3627,0.2969,0.3583,-0.0141,-0.1931,0.009,0.0287,1.0274,-0.0329,1.5656,0.000252,-0.0001,0.0
3.365,FLIGHT,0.9271,1.5185,0.2965,0.3576,0.2924,0.353,-0.0141,-0.1929,0.0088,0.0283,1.0272,-0.0334,1.5662,0.000251,-0.0001,0.0
3.37,FLIGHT,0.9285,1.5202,0.292,0.3523,0.288,0.3474,-0.0141,-0.1928,0.0086,0.0279,1.027,-0.0338,1.5668,0.000251,-0.0001,0.0
3.375,FLIGHT,0.93,1.522,0.2875,0.3468,0.2835,0.3417,-0.014,-0.1927,0.0085,0.0275,1.0268,-0.0343,1.5674,0.00025,-0.0001,0.0
3.38,FLIGHT,0.9314,1.5237,0.283,0.341,0.279,0.3358,-0.014,-0.1925,0.0084,0.0271,1.0266,-0.0348,1.568,0.000249,-0.0001,0.0
3.385,FLIGHT,0.9327,1.5253,0.2786,0.3351,0.2745,0.3298,-0.0139,-0.1924,0.0083,0.0266,1.0264,-0.0353,1.5686,0.000249,-0.0001,0.0
3.39,FLIGHT,0.9341,1.527,0.2741,0.3291,0.27,0.3236,-0.0139,-0.1923,0.0082,0.0262,1.0261,-0.0358,1.5692,0.000248,-0.0001,0.0
3.395,FLIGHT,0.9354,1.5286,0.2695,0.323,0.2655,0.3174,-0.0138,-0.1921,0.0081,0.0257,1.0258,-0.0364,1.5699,0.000247,-0.0001,0.0
3.4,FLIGHT,0.9368,1.5301,0.265,0.3168,0.2609,0.3112,-0.0138,-0.192,0.0081,0.0252,1.0255,-0.0369,1.5705,0.000247,-0.0001,0.0
3.405,FLIGHT,0.9381,1.5317,0.2604,0.3105,0.2562,0.3049,-0.0138,-0.1919,0.008,0.0247,1.0252,-0.0375,1.5712,0.000246,-0.0001,0.0
3.41,FLIGHT,0.9393,1.5332,0.2558,0.3043,0.2516,0.2986,-0.0137,-0.1918,0.0079,0.0242,1.0248,-0.0381,1.5719,0.000246,-0.0001,0.0
3.415,FLIGHT,0.9406,1.5347,0.2511,0.298,0.2469,0.2924,-0.0137,-0.1917,0.0079,0.0238,1.0245,-0.0386,1.5725,0.000245,-0.0001,0.0
3.42,FLIGHT,0.9418,1.5361,0.2464,0.2917,0.2422,0.2861,-0.0137,-0.1915,0.0078,0.0233,1.0241,-0.0392,1.5732,0.000244,-0.0001,0.0
3.425,FLIGHT,0.943,1.5375,0.2417,0.2855,0.2375,0.2799,-0.0136,-0.1914,0.0077,0.0228,1.0237,-0.0397,1.5738,0.000244,-0.0001,0.0
3.43,FLIGHT,0.9442,1.5389,0.237,0.2793,0.2328,0.2737,-0.0136,-0.1913,0.0076,0.0223,1.0232,-0.0403,1.5744,0.000243,-0.0001,0.0
3.435,FLIGHT,0.9453,1.5403,0.2323,0.2731,0.228,0.2676,-0.0135,-0.1912,0.0075,0.0218,1.0228,-0.0408,1.575,0.000243,-0.0001,0.0
3.44,FLIGHT,0.9465,1.5416,0.2275,0.2669,0.2233,0.2615,-0.0135,-0.1911,0.0074,0.0213,1.0223,-0.0413,1.5756,0.000242,-0.0001,0.0
3.445,FLIGHT,0.9476,1.5429,0.2228,0.2609,0.2185,0.2554,-0.0135,-0.191,0.0073,0.0208,1.0218,-0.0418,1.5762,0.000241,-0.0001,0.0
3.45,FLIGHT,0.9486,1.5441,0.218,0.2548,0.2138,0.2495,-0.0134,-0.1909,0.0072,0.0204,1.0213,-0.0423,1.5768,0.000241,-0.0001,0.0
3.455,FLIGHT,0.9497,1.5454,0.2133,0.2489,0.209,0.2435,-0.0134,-0.1908,0.0071,0.0199,1.0208,-0.0428,1.5774,0.00024,-0.0001,0.0
3.46,FLIGHT,0.9507,1.5466,0.2085,0.243,0.2043,0.2377,-0.0134,-0.1907,0.007,0.0194,1.0202,-0.0433,1.5779,0.00024,-0.0001,0.0
3.465,FLIGHT,0.9517,1.5477,0.2038,0.2371,0.1996,0.2319,-0.0133,-0.1906,0.0069,0.019,1.0197,-0.0437,1.5785,0.000239,-0.0001,0.0
3.47,FLIGHT,0.9527,1.5489,0.1991,0.2314,0.195,0.2263,-0.0133,-0.1905,0.0067,0.0185,1.0191,-0.0442,1.579,0.000239,-0.0001,0.0
3.475,FLIGHT,0.9537,1.55,0.1945,0.2257,0.1903,0.2206,-0.0133,-0.1904,0.0066,0.0181,1.0185,-0.0446,1.5795,0.000238,-0.0001,0.0
3.48,FLIGHT,0.9546,1.5511,0.1899,0.2201,0.1858,0.2151,-0.0132,-0.1903,0.0065,0.0176,1.0178,-0.045,1.58,0.000237,-0.0001,0.0
3.485,FLIGHT,0.9555,1.5522,0.1853,0.2146,0.1812,0.2096,-0.0132,-0.1903,0.0063,0.0172,1.0172,-0.0454,1.5805,0.000237,-0.0001,0.0
3.49,FLIGHT,0.9564,1.5532,0.1808,0.2091,0.1767,0.2043,-0.0132,-0.1902,0.0062,0.0168,1.0165,-0.0458,1.581,0.000236,-0.0001,0.0
3.495,FLIGHT,0.9573,1.5542,0.1763,0.2037,0.1723,0.199,-0.0131,-0.1901,0.006,0.0164,1.0158,-0.0462,1.5814,0.000236,-0.0001,0.0
3.5,FLIGHT,0.9582,1.5552,0.1719,0.1984,0.1679,0.1937,-0.0131,-0.19,0.0059,0.0159,1.0151,-0.0465,1.5819,0.000235,-0.0001,0.0
3.505,FLIGHT,0.959,1.5561,0.1675,0.1932,0.1636,0.1886,-0.0131,-0.1899,0.0058,0.0155,1.0144,-0.0469,1.5823,0.000235,-0.0001,0.0
3.51,FLIGHT,0.9598,1.5571,0.1632,0.1881,0.1594,0.1835,-0.013,-0.1899,0.0056,0.0151,1.0137,-0.0472,1.5827,0.000234,-0.0001,0.0
3.515,FLIGHT,0.9606,1.558,0.1589,0.1831,0.1552,0.1786,-0.013,-0.1898,0.0055,0.0147,1.0129,-0.0475,1.5831,0.000234,-0.0001,0.0
3.52,FLIGHT,0.9613,1.5589,0.1548,0.1781,0.151,0.1737,-0.013,-0.1897,0.0054,0.0143,1.0121,-0.0479,1.5835,0.000233,-0.0001,0.0
3.525,FLIGHT,0.9621,1.5597,0.1507,0.1732,0.147,0.1689,-0.013,-0.1897,0.0052,0.0139,1.0113,-0.0482,1.5839,0.000233,-0.0001,0.0
3.53,FLIGHT,0.9628,1.5605,0.1466,0.1684,0.143,0.1642,-0.0129,-0.1896,0.0051,0.0136,1.0105,-0.0484,1.5843,0.000232,-0.0001,0.0
3.535,FLIGHT,0.9635,1.5614,0.1426,0.1637,0.1391,0.1596,-0.0129,-0.1895,0.005,0.0132,1.0097,-0.0487,1.5846,0.000232,-0.0001,0.0
3.54,FLIGHT,0.9642,1.5621,0.1387,0.1591,0.1353,0.155,-0.0129,-0.1895,0.0048,0.0128,1.0089,-0.049,1.585,0.000231,-0.0001,0.0
3.545,FLIGHT,0.9649,1.5629,0.1349,0.1546,0.1315,0.1506,-0.0129,-0.1894,0.0047,0.0125,1.008,-0.0493,1.5853,0.000231,-0.0001,0.0
3.55,FLIGHT,0.9655,1.5636,0.1312,0.1502,0.1278,0.1462,-0.0128,-0.1893,0.0046,0.0121,1.0071,-0.0495,1.5857,0.00023,-0.0001,0.0
3.555,FLIGHT,0.9662,1.5644,0.1275,0.1458,0.1242,0.1419,-0.0128,-0.1893,0.0045,0.0118,1.0062,-0.0498,1.586,0.00023,-0.0001,0.0
3.56,FLIGHT,0.9668,1.5651,0.1239,0.1415,0.1207,0.1378,-0.0128,-0.1892,0.0044,0.0114,1.0053,-0.05,1.5863,0.000229,-0.0001,0.0
3.565,FLIGHT,0.9674,1.5657,0.1204,0.1374,0.1172,0.1337,-0.0128,-0.1892,0.0043,0.0111,1.0044,-0.0502,1.5866,0.000229,-0.0001,0.0
3.57,FLIGHT,0.9679,1.5664,0.1169,0.1333,0.1138,0.1297,-0.0128,-0.1891,0.0042,0.0107,1.0034,-0.0505,1.5869,0.000229,-0.0001,0.0
3.575,FLIGHT,0.9685,1.567,0.1135,0.1293,0.1105,0.1257,-0.0127,-0.1891,0.0041,0.0104,1.0025,-0.0507,1.5872,0.000228,-0.0001,0.0
3.58,FLIGHT,0.969,1.5677,0.1102,0.1254,0.1073,0.1219,-0.0127,-0.189,0.0039,0.0101,1.0015,-0.0509,1.5875,0.000228,-0.0001,0.0
3.585,FLIGHT,0.9696,1.5683,0.107,0.1216,0.1041,0.1182,-0.0127,-0.189,0.0038,0.0098,1.0005,-0.0511,1.5878,0.000227,-0.0001,0.0
3.59,STANCE,0.9703,1.5691,0.1528,0.1573,0.3581,0.2359,-0.0127,-0.1889,0.0077,0.0125,0.9996,0.1423,-0.2853,-1.6e-05,-0.2023,0.0405
3.595,STANCE,0.9735,1.5694,0.5123,0.0718,0.8827,-0.1724,-0.0121,-0.1889,0.0871,0.0004,0.9988,-0.1189,-0.8715,-0.001501,-0.3469,0.0709
3.6,STANCE,0.9789,1.5669,0.9053,-0.3549,1.1038,-0.8414,-0.0108,-0.1892,0.2194,-0.0418,0.9981,-0.5456,-1.2947,-0.003264,-0.3086,0.065
3.605,STANCE,0.9817,1.5646,0.6244,-0.392,0.2934,-0.2525,-0.0099,-0.1894,0.1716,-0.0414,0.9979,-0.7519,-1.7887,-0.003813,0.0093,0.0038
3.61,STANCE,0.9833,1.5629,0.4319,-0.3701,0.4219,-0.5082,-0.0094,-0.1896,0.1324,-0.0371,0.9982,-0.9759,-2.1729,-0.003556,0.0766,0.0036
3.615,STANCE,0.9855,1.558,0.4334,-0.8664,0.4755,-1.5537,-0.0083,-0.1901,0.2011,-0.0801,0.9982,-1.2452,-2.1419,-0.003032,0.0688,0.003
3.62,STANCE,0.9892,1.549,0.6527,-1.524,0.7436,-2.2482,-0.0064,-0.1909,0.3351,-0.1361,0.9982,-1.5496,-1.809,-0.003408,-0.099,0.0232
3.625,STANCE,0.9927,1.5373,0.694,-2.0695,0.59,-2.5672,-0.0041,-0.1919,0.4217,-0.1776,0.9981,-1.6752,-1.3193,-0.003672,0.0065,0.0037
3.63,STANCE,0.9958,1.5244,0.6385,-2.4179,0.5251,-2.7721,-0.0017,-0.193,0.4636,-0.1999,0.9981,-1.6164,-0.765,-0.003738,-0.0351,0.0108
3.635,STANCE,0.9981,1.51,0.5163,-2.7475,0.4669,-2.8256,0.0008,-0.1941,0.4907,-0.219,0.998,-1.3817,-0.1293,-0.004087,-0.0748,0.019
3.64,STANCE,0.9996,1.4953,0.3671,-2.8713,0.1763,-2.9926,0.0032,-0.1953,0.4834,-0.2214,0.9979,-1.0038,0.4379,-0.004209,0.0181,0.0042
3.645,STANCE,1.0005,1.4807,0.2244,-2.9081,0.0982,-2.9229,0.0055,-0.1964,0.4645,-0.2178,0.9979,-0.5552,0.9193,-0.004408,-0.0494,0.0143
3.65,STANCE,1.0005,1.466,0.0725,-2.9272,0.0443,-2.8189,0.0076,-0.1975,0.4407,-0.2136,0.9979,-0.1264,1.281,-0.004504,-0.0619,0.0169
3.655,STANCE,1.0006,1.4521,0.0408,-2.8142,0.0283,-2.7056,0.0097,-0.1985,0.4209,-0.1998,0.998,0.0928,1.4179,-0.004688,-0.0165,0.008
3.66,FLIGHT,1.0009,1.439,0.0409,-2.6677,-0.0316,-2.4391,0.0117,-0.1994,0.4019,-0.184,0.9982,-1.2279,2.5294,-0.004694,0.0198,0.0047
3.665,FLIGHT,0.9995,1.4286,-0.2034,-2.2411,-0.5206,-1.758,0.0129,-0.2002,0.2915,-0.1546,0.9985,-1.1885,2.4865,-0.004437,0.0808,0.0044
3.67,FLIGHT,0.9957,1.4213,-0.5935,-1.6684,-0.9556,-1.1461,0.0133,-0.2007,0.1286,-0.1202,0.999,-1.0661,2.38,-0.003912,0.1265,0.0039
3.675,FLIGHT,0.99,1.4169,-0.9828,-1.1051,-1.3108,-0.626,0.0128,-0.2011,-0.0336,-0.0871,0.9997,-0.9148,2.2532,-0.003197,0.1573,0.0032
3.68,FLIGHT,0.9828,1.4149,-1.3156,-0.6087,-1.5814,-0.2008,0.0116,-0.2013,-0.1747,-0.0568,1.0004,-0.7592,2.1251,-0.002361,0.1752,0.0024
3.685,FLIGHT,0.9744,1.4148,-1.5742,-0.1961,-1.7717,0.1353,0.0099,-0.2014,-0.2881,-0.0293,1.0013,-0.6104,2.004,-0.001462,0.1828,0.0015
3.69,FLIGHT,0.9652,1.4161,-1.7577,0.1327,-1.8897,0.3911,0.0079,-0.2014,-0.3734,-0.0044,1.0022,-0.4737,1.8939,-0.000547,0.1823,0.0005
3.695,FLIGHT,0.9556,1.4186,-1.8713,0.3841,-1.9434,0.5776,0.0056,-0.2013,-0.4326,0.0175,1.0032,-0.3516,1.7964,0.000326,0.1493,0.0
3.7,FLIGHT,0.9458,1.4218,-1.9222,0.568,-1.9429,0.7051,0.0032,-0.2011,-0.4688,0.0363,1.0042,-0.2451,1.7122,0.000902,0.0849,0.0
3.705,FLIGHT,0.9362,1.4255,-1.9213,0.6935,-1.9003,0.7825,0.0007,-0.2008,-0.4856,0.0518,1.0052,-0.1532,1.6403,0.00121,0.0411,0.0
3.71,FLIGHT,0.9269,1.4296,-1.8783,0.7698,-1.8236,0.8189,-0.0018,-0.2005,-0.4865,0.0638,1.0062,-0.0752,1.58,0.001339,0.0127,0.0
3.715,FLIGHT,0.918,1.4337,-1.8017,0.8059,-1.7203,0.8228,-0.0041,-0.2001,-0.4749,0.0722,1.0073,-0.0101,1.5306,0.001355,-0.005,0.001
3.72,FLIGHT,0.9097,1.4377,-1.6988,0.81,-1.5969,0.8015,-0.0064,-0.1998,-0.4534,0.0773,1.0083,0.0429,1.4911,0.001301,-0.0155,0.0031
3.725,FLIGHT,0.9021,1.4417,-1.5763,0.7893,-1.4595,0.7617,-0.0084,-0.1994,-0.4247,0.0794,1.0093,0.0849,1.4606,0.001208,-0.0211,0.0042
3.73,FLIGHT,0.8951,1.4453,-1.4399,0.7503,-1.3131,0.7088,-0.0103,-0.199,-0.3908,0.0788,1.0102,0.1171,1.4381,0.001096,-0.0234,0.0047
3.735,FLIGHT,0.889,1.4487,-1.2948,0.6985,-1.1623,0.6478,-0.012,-0.1986,-0.3537,0.076,1.0111,0.1406,1.4225,0.000977,-0.0236,0.0047
3.74,FLIGHT,0.8835,1.4518,-1.1454,0.6386,-1.0108,0.5825,-0.0135,-0.1983,-0.3149,0.0715,1.012,0.1565,1.4129,0.000861,-0.0226,0.0045
3.745,FLIGHT,0.8788,1.4546,-0.9954,0.5745,-0.8617,0.5162,-0.0148,-0.198,-0.2756,0.0658,1.0129,0.166,1.4082,0.000752,-0.0208,0.0042
3.75,FLIGHT,0.8749,1.457,-0.8478,0.5094,-0.7174,0.4515,-0.0159,-0.1977,-0.237,0.0592,1.0137,0.17,1.4076,0.000654,-0.0186,0.0037
3.755,FLIGHT,0.8717,1.4591,-0.705,0.4459,-0.5799,0.3902,-0.0169,-0.1975,-0.1997,0.0522,1.0145,0.1695,1.4104,0.000567,-0.0162,0.0032
3.76,FLIGHT,0.8691,1.4609,-0.5689,0.3857,-0.4505,0.3338,-0.0176,-0.1973,-0.1644,0.0451,1.0152,0.1652,1.4157,0.000492,-0.0137,0.0027
3.765,FLIGHT,0.8671,1.4624,-0.441,0.3304,-0.3304,0.2834,-0.0182,-0.1971,-0.1315,0.0382,1.0159,0.1581,1.423,0.000429,-0.0115,0.0023
3.77,FLIGHT,0.8658,1.4637,-0.3222,0.281,-0.2201,0.2395,-0.0187,-0.1969,-0.1013,0.0318,1.0166,0.1488,1.4317,0.000377,-0.0094,0.0019
3.775,FLIGHT,0.8649,1.4648,-0.2131,0.2379,-0.1199,0.2024,-0.019,-0.1968,-0.074,0.0259,1.0172,0.1378,1.4413,0.000335,-0.0075,0.0015
3.78,FLIGHT,0.8645,1.4658,-0.1141,0.2016,-0.03,0.1721,-0.0192,-0.1967,-0.0495,0.0208,1.0178,0.1258,1.4515,0.000301,-0.006,0.0012
3.785,FLIGHT,0.8646,1.4666,-0.0252,0.172,0.0499,0.1485,-0.0193,-0.1967,-0.0281,0.0164,1.0184,0.1131,1.4619,0.000275,-0.0046,0.0009
3.79,FLIGHT,0.865,1.4673,0.0537,0.1491,0.12,0.1313,-0.0193,-0.1966,-0.0095,0.0127,1.019,0.1002,1.4722,0.000255,-0.0035,0.0007
3.795,FLIGHT,0.8658,1.4679,0.123,0.1323,0.1809,0.1201,-0.0192,-0.1966,0.0064,0.0099,1.0195,0.0873,1.4823,0.00024,-0.0026,0.0005
3.8,FLIGHT,0.8668,1.4685,0.1831,0.1215,0.233,0.1142,-0.0191,-0.1965,0.0197,0.0077,1.02,0.0747,1.4919,0.000229,-0.0018,0.0004
3.805,FLIGHT,0.8681,1.469,0.2346,0.1159,0.277,0.1131,-0.0189,-0.1965,0.0305,0.0062,1.0205,0.0626,1.501,0.000222,-0.0012,0.0002
3.81,FLIGHT,0.8696,1.4696,0.2781,0.1151,0.3136,0.1163,-0.0187,-0.1965,0.0392,0.0054,1.0209,0.0512,1.5094,0.000217,-0.0007,0.0001
3.815,FLIGHT,0.8712,1.4702,0.3142,0.1184,0.3435,0.123,-0.0185,-0.1965,0.0458,0.0051,1.0213,0.0405,1.5172,0.000215,-0.0003,0.0001
3.82,FLIGHT,0.873,1.4708,0.3437,0.1253,0.3673,0.1328,-0.0182,-0.1964,0.0506,0.0052,1.0218,0.0306,1.5242,0.000214,0.0,0.0
3.825,FLIGHT,0.8749,1.4715,0.3671,0.1351,0.3857,0.145,-0.0179,-0.1964,0.0539,0.0058,1.0222,0.0216,1.5305,0.000215,0.0002,0.0
3.83,FLIGHT,0.8769,1.4723,0.3853,0.1472,0.3994,0.1591,-0.0176,-0.1964,0.0558,0.0067,1.0225,0.0135,1.5361,0.000216,0.0004,0.0
3.835,FLIGHT,0.8789,1.4731,0.3989,0.1613,0.4091,0.1745,-0.0173,-0.1963,0.0565,0.0078,1.0229,0.0062,1.541,0.000219,0.0005,0.0
3.84,FLIGHT,0.8809,1.474,0.4084,0.1766,0.4152,0.1908,-0.0171,-0.1963,0.0563,0.0091,1.0232,-0.0002,1.5452,0.000221,0.0006,0.0
3.845,FLIGHT,0.883,1.475,0.4144,0.1928,0.4185,0.2076,-0.0168,-0.1962,0.0552,0.0106,1.0236,-0.0058,1.5488,0.000224,0.0006,0.0
3.85,FLIGHT,0.8851,1.4761,0.4176,0.2095,0.4192,0.2246,-0.0165,-0.1962,0.0535,0.0121,1.0239,-0.0106,1.5519,0.000227,0.0006,0.0
3.855,FLIGHT,0.8872,1.4773,0.4183,0.2263,0.4179,0.2413,-0.0163,-0.1961,0.0514,0.0137,1.0242,-0.0147,1.5545,0.00023,0.0006,0.0
3.86,FLIGHT,0.8893,1.4785,0.417,0.2429,0.4151,0.2575,-0.016,-0.196,0.0488,0.0153,1.0245,-0.0182,1.5566,0.000233,0.0006,0.0
3.865,FLIGHT,0.8914,1.4799,0.4141,0.259,0.4109,0.2731,-0.0158,-0.1959,0.046,0.0169,1.0247,-0.0211,1.5583,0.000236,0.0005,0.0
3.87,FLIGHT,0.8934,1.4813,0.41,0.2744,0.4058,0.2878,-0.0156,-0.1958,0.0431,0.0184,1.025,-0.0234,1.5597,0.000239,0.0005,0.0
3.875,FLIGHT,0.8954,1.4827,0.4049,0.2889,0.4,0.3014,-0.0154,-0.1957,0.0401,0.0199,1.0252,-0.0254,1.5607,0.000241,0.0005,0.0
3.88,FLIGHT,0.8974,1.4843,0.3992,0.3024,0.3937,0.3139,-0.0152,-0.1956,0.037,0.0212,1.0255,-0.0269,1.5615,0.000243,0.0004,0.0
3.885,FLIGHT,0.8994,1.4859,0.3929,0.3147,0.3872,0.3253,-0.0151,-0.1955,0.0341,0.0225,1.0257,-0.0281,1.5622,0.000245,0.0004,0.0
3.89,FLIGHT,0.9013,1.4875,0.3864,0.3259,0.3804,0.3353,-0.0149,-0.1954,0.0312,0.0236,1.0258,-0.029,1.5626,0.000247,0.0003,0.0
3.895,FLIGHT,0.9032,1.4892,0.3797,0.3358,0.3737,0.3441,-0.0148,-0.1952,0.0285,0.0247,1.026,-0.0297,1.5629,0.000248,0.0003,0.0
3.9,FLIGHT,0.905,1.491,0.373,0.3445,0.367,0.3516,-0.0146,-0.1951,0.026,0.0256,1.0262,-0.0302,1.5631,0.00025,0.0002,0.0
3.905,FLIGHT,0.9068,1.4927,0.3663,0.3519,0.3604,0.3579,-0.0145,-0.195,0.0236,0.0264,1.0263,-0.0305,1.5633,0.00025,0.0002,0.0
3.91,FLIGHT,0.9086,1.4945,0.3598,0.358,0.354,0.363,-0.0144,-0.1948,0.0215,0.0271,1.0264,-0.0308,1.5634,0.000251,0.0001,0.0
3.915,FLIGHT,0.9104,1.4964,0.3534,0.363,0.3478,0.3669,-0.0143,-0.1947,0.0195,0.0277,1.0265,-0.0309,1.5635,0.000252,0.0001,0.0
3.92,FLIGHT,0.9121,1.4982,0.3473,0.3668,0.3418,0.3698,-0.0143,-0.1946,0.0177,0.0281,1.0266,-0.031,1.5636,0.000252,0.0001,0.0
3.925,FLIGHT,0.9138,1.5001,0.3413,0.3696,0.3361,0.3715,-0.0142,-0.1944,0.0162,0.0285,1.0266,-0.0311,1.5637,0.000252,0.0,0.0
3.93,FLIGHT,0.9155,1.5019,0.3356,0.3713,0.3306,0.3724,-0.0141,-0.1943,0.0148,0.0288,1.0267,-0.0312,1.5638,0.000253,0.0,0.0
3.935,FLIGHT,0.9171,1.5038,0.3301,0.372,0.3253,0.3723,-0.014,-0.1941,0.0136,0.0289,1.0267,-0.0313,1.5639,0.000253,-0.0,0.0
3.94,FLIGHT,0.9187,1.5056,0.3249,0.3719,0.3202,0.3714,-0.014,-0.194,0.0125,0.029,1.0267,-0.0314,1.5641,0.000252,-0.0,0.0
3.945,FLIGHT,0.9203,1.5075,0.3198,0.3709,0.3153,0.3697,-0.0139,-0.1938,0.0116,0.0291,1.0266,-0.0315,1.5643,0.000252,-0.0,0.0
3.95,FLIGHT,0.9219,1.5093,0.3149,0.3693,0.3106,0.3674,-0.0139,-0.1937,0.0109,0.029,1.0266,-0.0317,1.5646,0.000252,-0.0001,0.0
3.955,FLIGHT,0.9234,1.5112,0.3101,0.3669,0.306,0.3645,-0.0138,-0.1936,0.0103,0.0289,1.0265,-0.0319,1.5649,0.000252,-0.0001,0.0
3.96,FLIGHT,0.9249,1.513,0.3055,0.364,0.3015,0.3611,-0.0138,-0.1934,0.0097,0.0287,1.0265,-0.0321,1.5653,0.000251,-0.0001,0.0
3.965,FLIGHT,0.9264,1.5148,0.301,0.3605,0.297,0.3572,-0.0137,-0.1933,0.0093,0.0285,1.0263,-0.0324,1.5657,0.000251,-0.0001,0.0
3.97,FLIGHT,0.9279,1.5166,0.2966,0.3566,0.2927,0.3528,-0.0137,-0.1931,0.0089,0.0282,1.0262,-0.0327,1.5661,0.00025,-0.0001,0.0
3.975,FLIGHT,0.9293,1.5183,0.2923,0.3522,0.2884,0.3482,-0.0136,-0.193,0.0087,0.0279,1.0261,-0.0331,1.5666,0.00025,-0.0001,0.0
3.98,FLIGHT,0.9308,1.52,0.288,0.3475,0.2841,0.3432,-0.0136,-0.1929,0.0084,0.0276,1.0259,-0.0334,1.5671,0.000249,-0.0001,0.0
3.985,FLIGHT,0.9322,1.5217,0.2837,0.3425,0.2799,0.338,-0.0136,-0.1927,0.0083,0.0272,1.0257,-0.0339,1.5676,0.000249,-0.0001,0.0
3.99,FLIGHT,0.9336,1.5234,0.2794,0.3373,0.2756,0.3325,-0.0135,-0.1926,0.0081,0.0268,1.0255,-0.0343,1.5682,0.000248,-0.0001,0.0
3.995,FLIGHT,0.9349,1.5251,0.2752,0.3319,0.2713,0.3269,-0.0135,-0.1925,0.008,0.0264,1.0253,-0.0348,1.5688,0.000248,-0.0001,0.0
4.0,FLIGHT,0.9363,1.5267,0.2709,0.3262,0.2671,0.3211,-0.0134,-0.1923,0.0079,0.026,1.025,-0.0353,1.5694,0.000247,-0.0001,0.0
4.005,FLIGHT,0.9376,1.5283,0.2666,0.3205,0.2628,0.3153,-0.0134,-0.1922,0.0078,0.0255,1.0248,-0.0358,1.57,0.000246,-0.0001,0.0
4.01,FLIGHT,0.9389,1.5298,0.2623,0.3146,0.2584,0.3093,-0.0134,-0.1921,0.0078,0.0251,1.0245,-0.0363,1.5706,0.000246,-0.0001,0.0
4.015,FLIGHT,0.9402,1.5314,0.2579,0.3087,0.254,0.3033,-0.0133,-0.192,0.0077,0.0246,1.0242,-0.0369,1.5712,0.000245,-0.0001,0.0
4.02,FLIGHT,0.9415,1.5329,0.2536,0.3027,0.2496,0.2973,-0.0133,-0.1918,0.0077,0.0241,1.0238,-0.0374,1.5719,0.000245,-0.0001,0.0
4.025,FLIGHT,0.9427,1.5343,0.2491,0.2967,0.2452,0.2913,-0.0132,-0.1917,0.0076,0.0237,1.0235,-0.038,1.5725,0.000244,-0.0001,0.0
4.03,FLIGHT,0.9439,1.5358,0.2447,0.2906,0.2407,0.2852,-0.0132,-0.1916,0.0076,0.0232,1.0231,-0.0385,1.5731,0.000243,-0.0001,0.0
4.035,FLIGHT,0.9451,1.5372,0.2402,0.2846,0.2362,0.2792,-0.0132,-0.1915,0.0075,0.0227,1.0227,-0.0391,1.5738,0.000243,-0.0001,0.0
4.04,FLIGHT,0.9463,1.5386,0.2357,0.2786,0.2316,0.2732,-0.0131,-0.1914,0.0074,0.0223,1.0223,-0.0396,1.5744,0.000242,-0.0001,0.0
4.045,FLIGHT,0.9474,1.5399,0.2312,0.2725,0.2271,0.2672,-0.0131,-0.1913,0.0074,0.0218,1.0218,-0.0401,1.575,0.000242,-0.0001,0.0
4.05,FLIGHT,0.9485,1.5412,0.2266,0.2666,0.2225,0.2612,-0.0131,-0.1912,0.0073,0.0213,1.0214,-0.0407,1.5756,0.000241,-0.0001,0.0
4.055,FLIGHT,0.9496,1.5425,0.222,0.2606,0.2179,0.2553,-0.013,-0.1911,0.0072,0.0209,1.0209,-0.0412,1.5762,0.000241,-0.0001,0.0
4.06,FLIGHT,0.9507,1.5438,0.2174,0.2548,0.2133,0.2495,-0.013,-0.191,0.0071,0.0204,1.0204,-0.0417,1.5768,0.00024,-0.0001,0.0
4.065,FLIGHT,0.9518,1.545,0.2129,0.2489,0.2087,0.2437,-0.0129,-0.1909,0.007,0.0199,1.0199,-0.0422,1.5774,0.000239,-0.0001,0.0
4.07,FLIGHT,0.9528,1.5462,0.2083,0.2432,0.2042,0.238,-0.0129,-0.1908,0.0069,0.0195,1.0194,-0.0427,1.5779,0.000239,-0.0001,0.0
4.075,FLIGHT,0.9538,1.5474,0.2037,0.2374,0.1996,0.2324,-0.0129,-0.1907,0.0068,0.019,1.0188,-0.0431,1.5785,0.000238,-0.0001,0.0
4.08,FLIGHT,0.9548,1.5486,0.1991,0.2318,0.195,0.2268,-0.0128,-0.1906,0.0066,0.0186,1.0182,-0.0436,1.579,0.000238,-0.0001,0.0
4.085,FLIGHT,0.9558,1.5497,0.1946,0.2262,0.1905,0.2213,-0.0128,-0.1905,0.0065,0.0181,1.0177,-0.044,1.5795,0.000237,-0.0001,0.0
4.09,FLIGHT,0.9567,1.5508,0.1901,0.2207,0.186,0.2158,-0.0128,-0.1904,0.0064,0.0177,1.017,-0.0444,1.58,0.000237,-0.0001,0.0
4.095,FLIGHT,0.9576,1.5518,0.1856,0.2153,0.1816,0.2104,-0.0128,-0.1903,0.0062,0.0173,1.0164,-0.0449,1.5805,0.000236,-0.0001,0.0
4.1,FLIGHT,0.9585,1.5529,0.1811,0.2099,0.1771,0.2051,-0.0127,-0.1902,0.0061,0.0169,1.0158,-0.0453,1.581,0.000236,-0.0001,0.0
4.105,FLIGHT,0.9594,1.5539,0.1767,0.2046,0.1728,0.1999,-0.0127,-0.1902,0.006,0.0164,1.0151,-0.0456,1.5814,0.000235,-0.0001,0.0
4.11,FLIGHT,0.9603,1.5549,0.1723,0.1994,0.1685,0.1948,-0.0127,-0.1901,0.0058,0.016,1.0144,-0.046,1.5819,0.000235,-0.0001,0.0
4.115,FLIGHT,0.9611,1.5558,0.168,0.1943,0.1642,0.1897,-0.0126,-0.19,0.0057,0.0156,1.0137,-0.0464,1.5823,0.000234,-0.0001,0.0
4.12,FLIGHT,0.9619,1.5568,0.1638,0.1892,0.16,0.1847,-0.0126,-0.1899,0.0056,0.0152,1.013,-0.0467,1.5827,0.000233,-0.0001,0.0
4.125,FLIGHT,0.9627,1.5577,0.1596,0.1842,0.1558,0.1798,-0.0126,-0.1898,0.0054,0.0148,1.0122,-0.047,1.5831,0.000233,-0.0001,0.0
4.13,FLIGHT,0.9635,1.5586,0.1554,0.1793,0.1517,0.175,-0.0126,-0.1898,0.0053,0.0144,1.0115,-0.0474,1.5835,0.000232,-0.0001,0.0
4.135,FLIGHT,0.9642,1.5594,0.1513,0.1745,0.1477,0.1702,-0.0125,-0.1897,0.0052,0.0141,1.0107,-0.0477,1.5839,0.000232,-0.0001,0.0
4.14,FLIGHT,0.9649,1.5603,0.1473,0.1698,0.1438,0.1656,-0.0125,-0.1896,0.005,0.0137,1.0099,-0.048,1.5843,0.000231,-0.0001,0.0
4.145,FLIGHT,0.9656,1.5611,0.1434,0.1651,0.1399,0.161,-0.0125,-0.1896,0.0049,0.0133,1.0091,-0.0482,1.5847,0.000231,-0.0001,0.0
4.15,FLIGHT,0.9663,1.5619,0.1395,0.1605,0.136,0.1565,-0.0125,-0.1895,0.0048,0.0129,1.0083,-0.0485,1.585,0.000231,-0.0001,0.0
4.155,FLIGHT,0.967,1.5627,0.1357,0.1561,0.1323,0.1521,-0.0124,-0.1894,0.0046,0.0126,1.0074,-0.0488,1.5854,0.00023,-0.0001,0.0
4.16,FLIGHT,0.9677,1.5634,0.1319,0.1516,0.1286,0.1477,-0.0124,-0.1894,0.0045,0.0122,1.0065,-0.0491,1.5857,0.00023,-0.0001,0.0
4.165,FLIGHT,0.9683,1.5641,0.1283,0.1473,0.125,0.1435,-0.0124,-0.1893,0.0044,0.0119,1.0057,-0.0493,1.586,0.000229,-0.0001,0.0
4.17,FLIGHT,0.9689,1.5648,0.1247,0.1431,0.1215,0.1393,-0.0124,-0.1893,0.0043,0.0115,1.0048,-0.0496,1.5864,0.000229,-0.0001,0.0
4.175,FLIGHT,0.9695,1.5655,0.1211,0.1389,0.118,0.1352,-0.0123,-0.1892,0.0042,0.0112,1.0038,-0.0498,1.5867,0.000228,-0.0001,0.0
4.18,FLIGHT,0.9701,1.5662,0.1177,0.1348,0.1146,0.1312,-0.0123,-0.1892,0.0041,0.0109,1.0029,-0.05,1.587,0.000228,-0.0001,0.0
4.185,FLIGHT,0.9706,1.5668,0.1143,0.1309,0.1113,0.1273,-0.0123,-0.1891,0.004,0.0106,1.002,-0.0502,1.5873,0.000227,-0.0001,0.0
4.19,FLIGHT,0.9712,1.5675,0.111,0.127,0.108,0.1235,-0.0123,-0.1891,0.0039,0.0103,1.001,-0.0505,1.5875,0.000227,-0.0001,0.0
4.195,FLIGHT,0.9717,1.5681,0.1077,0.1231,0.1049,0.1198,-0.0123,-0.189,0.0038,0.01,1.0,-0.0507,1.5878,0.000227,-0.0001,0.0
4.2,STANCE,0.9734,1.5692,0.2944,0.1922,0.6041,0.1362,-0.0121,-0.1889,0.0297,0.014,0.9993,0.053,-0.5405,-0.000672,-0.2949,0.0597
4.205,STANCE,0.9775,1.5685,0.6767,-0.0602,1.0247,-0.4345,-0.0112,-0.189,0.1361,-0.0131,0.9985,-0.2889,-1.0601,-0.002306,-0.3412,0.0706
4.21,STANCE,0.9822,1.565,0.8121,-0.5001,0.5122,-0.4898,-0.0099,-0.1894,0.2219,-0.0529,0.9979,-0.6516,-1.4406,-0.003635,-0.1207,0.0278
4.215,STANCE,0.9838,1.5636,0.4667,-0.3362,0.2758,-0.2458,-0.0094,-0.1895,0.1343,-0.0344,0.998,-0.8278,-1.971,-0.0038,0.0227,0.0038
4.22,STANCE,0.9857,1.5614,0.4282,-0.4366,0.5266,-0.6972,-0.0087,-0.1898,0.141,-0.0425,0.9983,-1.1032,-2.2311,-0.003565,0.0621,0.0036
4.225,STANCE,0.9879,1.5543,0.4301,-1.169,0.5969,-1.7626,-0.0073,-0.1904,0.2427,-0.1054,0.9982,-1.3535,-2.0094,-0.003128,-0.0283,0.0088
4.23,STANCE,0.9912,1.5442,0.5865,-1.7876,0.7183,-2.1272,-0.0053,-0.1913,0.3602,-0.1562,0.9981,-1.591,-1.6091,-0.003508,-0.0646,0.0164
4.235,STANCE,0.9943,1.5323,0.5847,-2.234,0.6377,-2.4092,-0.0031,-0.1923,0.4252,-0.1884,0.9981,-1.638,-1.1,-0.003559,0.0108,0.0036
4.24,STANCE,0.9971,1.5194,0.5487,-2.5095,0.4163,-2.8626,-0.0007,-0.1934,0.4607,-0.2045,0.9981,-1.5235,-0.5364,-0.003732,-0.0647,0.0167
4.245,STANCE,0.9989,1.5047,0.4168,-2.7918,0.3483,-2.8677,0.0017,-0.1946,0.4792,-0.2198,0.998,-1.2261,0.0939,-0.004209,-0.0977,0.0238
4.25,STANCE,0.9998,1.4898,0.2596,-2.9122,0.1334,-2.9445,0.0041,-0.1957,0.4697,-0.2224,0.9979,-0.8061,0.6481,-0.004437,-0.0156,0.0076
4.255,STANCE,1.0002,1.4751,0.1287,-2.9238,0.0344,-2.8982,0.0062,-0.1968,0.4492,-0.2171,0.9979,-0.3581,1.0823,-0.004655,-0.0785,0.0204
4.26,STANCE,1.0,1.4606,0.018,-2.9002,-0.0619,-2.8609,0.0083,-0.1979,0.4271,-0.21,0.9979,0.0079,1.3656,-0.004875,-0.0161,0.0081
4.265,FLIGHT,0.9998,1.4467,-0.0255,-2.8167,-0.0247,-2.709,0.0103,-0.1989,0.409,-0.1987,0.9979,-1.1282,2.4623,-0.004872,0.0139,0.0049
4.27,FLIGHT,0.9985,1.4348,-0.2053,-2.4781,-0.4772,-2.0427,0.0118,-0.1997,0.3251,-0.1731,0.9981,-1.119,2.4431,-0.004648,0.0733,0.0046
4.275,FLIGHT,0.9951,1.4262,-0.5548,-1.9394,-0.8741,-1.4185,0.0124,-0.2004,0.1761,-0.139,0.9985,-1.0186,2.353,-0.004163,0.0914,0.0042
4.28,FLIGHT,0.9899,1.4205,-0.9012,-1.3664,-1.2045,-0.8807,0.0122,-0.2008,0.0214,-0.104,0.999,-0.8846,2.2381,-0.003724,0.1072,0.0037
4.285,FLIGHT,0.9832,1.4172,-1.2153,-0.8624,-1.4707,-0.4468,0.0113,-0.2011,-0.1169,-0.0729,0.9997,-0.74,2.1177,-0.003114,0.1347,0.0031
4.29,FLIGHT,0.9753,1.4159,-1.4667,-0.4399,-1.661,-0.0985,0.01,-0.2013,-0.2304,-0.0452,1.0004,-0.5996,2.0026,-0.002397,0.1508,0.0024
4.295,FLIGHT,0.9667,1.4161,-1.6492,-0.0986,-1.7822,0.1722,0.0082,-0.2014,-0.3176,-0.0205,1.0013,-0.4692,1.897,-0.001622,0.1579,0.0016
4.3,FLIGHT,0.9576,1.4175,-1.7659,0.1675,-1.8429,0.3746,0.0062,-0.2013,-0.38,0.0013,1.0021,-0.3517,1.8027,-0.000829,0.1581,0.0008
4.305,FLIGHT,0.9483,1.4197,-1.8238,0.3669,-1.8519,0.5182,0.004,-0.2012,-0.4203,0.0199,1.0031,-0.2479,1.7203,-4.9e-05,0.1534,0.0
4.31,FLIGHT,0.9392,1.4226,-1.8303,0.5091,-1.8154,0.6137,0.0017,-0.201,-0.4414,0.0355,1.004,-0.1588,1.6503,0.000564,0.0932,0.0
4.315,FLIGHT,0.9302,1.4258,-1.7942,0.6032,-1.7457,0.6683,-0.0005,-0.2008,-0.4467,0.0477,1.005,-0.0831,1.5914,0.000914,0.0495,0.0
4.32,FLIGHT,0.9217,1.4292,-1.7248,0.6572,-1.6501,0.69,-0.0027,-0.2005,-0.4395,0.0568,1.006,-0.0196,1.5429,0.001083,0.0204,0.0
4.325,FLIGHT,0.9138,1.4327,-1.6296,0.6789,-1.5348,0.686,-0.0048,-0.2002,-0.4223,0.0627,1.0069,0.0324,1.5038,0.001135,0.0018,0.0
4.33,FLIGHT,0.9064,1.436,-1.515,0.6752,-1.4054,0.6625,-0.0068,-0.1999,-0.3978,0.0659,1.0079,0.0741,1.4733,0.001114,-0.0094,0.0019
4.335,FLIGHT,0.8997,1.4393,-1.3865,0.6525,-1.2668,0.6252,-0.0086,-0.1996,-0.3679,0.0665,1.0088,0.1063,1.4503,0.001049,-0.0157,0.0031
4.34,FLIGHT,0.8938,1.4423,-1.2492,0.616,-1.1234,0.5786,-0.0102,-0.1992,-0.3346,0.0651,1.0097,0.1302,1.434,0.000962,-0.0187,0.0037
4.345,FLIGHT,0.8885,1.445,-1.107,0.5703,-0.9787,0.5265,-0.0116,-0.199,-0.2992,0.062,1.0105,0.1468,1.4235,0.000865,-0.0196,0.0039
4.35,FLIGHT,0.884,1.4475,-0.9637,0.5193,-0.8357,0.4722,-0.0129,-0.1987,-0.263,0.0576,1.0114,0.1571,1.4178,0.000768,-0.0191,0.0038
4.355,FLIGHT,0.8801,1.4498,-0.8221,0.4661,-0.6968,0.4183,-0.0139,-0.1984,-0.2271,0.0524,1.0122,0.1621,1.4162,0.000676,-0.0177,0.0035
4.36,FLIGHT,0.877,1.4517,-0.6847,0.4132,-0.564,0.3666,-0.0148,-0.1982,-0.1923,0.0468,1.0129,0.1626,1.4178,0.000591,-0.0159,0.0032
4.365,FLIGHT,0.8745,1.4534,-0.5533,0.3626,-0.4387,0.3188,-0.0155,-0.198,-0.159,0.0409,1.0136,0.1595,1.422,0.000517,-0.0139,0.0028
4.37,FLIGHT,0.8726,1.4549,-0.4293,0.3157,-0.3219,0.2758,-0.0161,-0.1979,-0.1279,0.0352,1.0143,0.1534,1.4281,0.000453,-0.0118,0.0024
4.375,FLIGHT,0.8713,1.4562,-0.3138,0.2736,-0.2143,0.2383,-0.0166,-0.1977,-0.0992,0.0298,1.015,0.1452,1.4358,0.000399,-0.0098,0.002
4.38,FLIGHT,0.8704,1.4573,-0.2074,0.2369,-0.1163,0.2067,-0.0169,-0.1976,-0.0731,0.0249,1.0156,0.1353,1.4444,0.000354,-0.008,0.0016
4.385,FLIGHT,0.8701,1.4583,-0.1104,0.2061,-0.0279,0.1811,-0.0171,-0.1975,-0.0498,0.0205,1.0162,0.1242,1.4537,0.000318,-0.0064,0.0013
4.39,FLIGHT,0.8701,1.4591,-0.0231,0.1811,0.0509,0.1614,-0.0172,-0.1974,-0.0291,0.0168,1.0168,0.1125,1.4632,0.000289,-0.0051,0.001
4.395,FLIGHT,0.8706,1.4599,0.0548,0.162,0.1204,0.1474,-0.0172,-0.1974,-0.0111,0.0137,1.0173,0.1004,1.4728,0.000267,-0.0039,0.0008
4.4,FLIGHT,0.8713,1.4606,0.1235,0.1484,0.1811,0.1387,-0.0171,-0.1973,0.0043,0.0113,1.0178,0.0883,1.4822,0.00025,-0.0029,0.0006
4.405,FLIGHT,0.8724,1.4613,0.1834,0.1401,0.2333,0.1349,-0.017,-0.1973,0.0172,0.0096,1.0183,0.0763,1.4912,0.000238,-0.0021,0.0004
4.41,FLIGHT,0.8736,1.462,0.235,0.1366,0.2777,0.1354,-0.0169,-0.1972,0.0278,0.0084,1.0188,0.0648,1.4998,0.000229,-0.0014,0.0003
4.415,FLIGHT,0.8751,1.4627,0.2789,0.1373,0.3148,0.1398,-0.0167,-0.1972,0.0364,0.0078,1.0192,0.0539,1.5078,0.000223,-0.0009,0.0002
4.42,FLIGHT,0.8768,1.4634,0.3156,0.1418,0.3454,0.1474,-0.0164,-0.1972,0.043,0.0076,1.0197,0.0436,1.5152,0.000219,-0.0005,0.0001
4.425,FLIGHT,0.8786,1.4641,0.3458,0.1496,0.3702,0.1578,-0.0162,-0.1971,0.0478,0.0079,1.0201,0.0341,1.5219,0.000218,-0.0002,0.0
4.43,FLIGHT,0.8805,1.465,0.3702,0.16,0.3896,0.1703,-0.0159,-0.1971,0.0512,0.0085,1.0205,0.0254,1.528,0.000218,0.0001,0.0
4.435,FLIGHT,0.8825,1.4658,0.3893,0.1725,0.4044,0.1846,-0.0157,-0.197,0.0532,0.0094,1.0208,0.0175,1.5334,0.000219,0.0003,0.0
4.44,FLIGHT,0.8845,1.4668,0.4039,0.1867,0.4151,0.2,-0.0154,-0.197,0.0541,0.0105,1.0212,0.0105,1.5382,0.00022,0.0004,0.0
4.445,FLIGHT,0.8866,1.4678,0.4145,0.2021,0.4223,0.2163,-0.0151,-0.1969,0.0541,0.0118,1.0216,0.0042,1.5424,0.000223,0.0005,0.0
4.45,FLIGHT,0.8887,1.469,0.4216,0.2182,0.4266,0.2329,-0.0148,-0.1969,0.0532,0.0132,1.0219,-0.0014,1.546,0.000225,0.0005,0.0
4.455,FLIGHT,0.8909,1.4702,0.4258,0.2348,0.4284,0.2496,-0.0146,-0.1968,0.0518,0.0147,1.0222,-0.0062,1.5491,0.000228,0.0006,0.0
4.46,FLIGHT,0.893,1.4715,0.4275,0.2513,0.4281,0.2661,-0.0143,-0.1967,0.0498,0.0163,1.0225,-0.0103,1.5516,0.000231,0.0006,0.0
4.465,FLIGHT,0.8951,1.4728,0.4272,0.2676,0.4261,0.2821,-0.0141,-0.1966,0.0474,0.0178,1.0228,-0.0138,1.5538,0.000234,0.0005,0.0
4.47,FLIGHT,0.8973,1.4743,0.4252,0.2835,0.4228,0.2973,-0.0139,-0.1965,0.0448,0.0193,1.023,-0.0168,1.5556,0.000236,0.0005,0.0
4.475,FLIGHT,0.8994,1.4758,0.4219,0.2986,0.4185,0.3117,-0.0137,-0.1964,0.0421,0.0208,1.0233,-0.0192,1.5571,0.000239,0.0005,0.0
4.48,FLIGHT,0.9015,1.4774,0.4176,0.3128,0.4133,0.3251,-0.0135,-0.1963,0.0392,0.0221,1.0235,-0.0212,1.5582,0.000241,0.0004,0.0
4.485,FLIGHT,0.9035,1.4791,0.4125,0.326,0.4076,0.3373,-0.0133,-0.1962,0.0363,0.0234,1.0237,-0.0229,1.5591,0.000243,0.0004,0.0
4.49,FLIGHT,0.9055,1.4808,0.4068,0.3381,0.4015,0.3484,-0.0132,-0.196,0.0335,0.0246,1.024,-0.0242,1.5599,0.000245,0.0004,0.0
4.495,FLIGHT,0.9075,1.4825,0.4008,0.349,0.3952,0.3582,-0.013,-0.1959,0.0308,0.0257,1.0241,-0.0252,1.5604,0.000247,0.0003,0.0
4.5,FLIGHT,0.9095,1.4843,0.3945,0.3587,0.3888,0.3668,-0.0129,-0.1958,0.0282,0.0267,1.0243,-0.026,1.5609,0.000248,0.0003,0.0
4.505,FLIGHT,0.9114,1.4862,0.3881,0.3671,0.3824,0.3741,-0.0128,-0.1956,0.0257,0.0276,1.0245,-0.0267,1.5612,0.000249,0.0002,0.0
4.51,FLIGHT,0.9133,1.4881,0.3817,0.3743,0.376,0.3802,-0.0126,-0.1955,0.0234,0.0284,1.0246,-0.0271,1.5615,0.00025,0.0002,0.0
4.515,FLIGHT,0.9152,1.49,0.3753,0.3803,0.3697,0.3852,-0.0125,-0.1953,0.0213,0.029,1.0247,-0.0275,1.5617,0.000251,0.0001,0.0
4.52,FLIGHT,0.917,1.4919,0.3691,0.3851,0.3636,0.3889,-0.0124,-0.1952,0.0194,0.0295,1.0248,-0.0278,1.5619,0.000252,0.0001,0.0
4.525,FLIGHT,0.9188,1.4939,0.363,0.3888,0.3576,0.3916,-0.0124,-0.195,0.0176,0.03,1.0249,-0.028,1.5621,0.000252,0.0001,0.0
4.53,FLIGHT,0.9206,1.4959,0.3571,0.3914,0.3518,0.3932,-0.0123,-0.1949,0.0161,0.0303,1.0249,-0.0282,1.5623,0.000252,0.0,0.0
4.535,FLIGHT,0.9223,1.4978,0.3513,0.393,0.3462,0.3939,-0.0122,-0.1947,0.0147,0.0306,1.025,-0.0284,1.5625,0.000252,0.0,0.0
4.54,FLIGHT,0.924,1.4998,0.3457,0.3936,0.3408,0.3937,-0.0121,-0.1946,0.0135,0.0307,1.025,-0.0286,1.5627,0.000252,-0.0,0.0
4.545,FLIGHT,0.9257,1.5018,0.3403,0.3933,0.3355,0.3927,-0.0121,-0.1944,0.0124,0.0308,1.025,-0.0288,1.563,0.000252,-0.0,0.0
4.55,FLIGHT,0.9274,1.5037,0.3351,0.3922,0.3304,0.3909,-0.012,-0.1943,0.0115,0.0308,1.025,-0.029,1.5633,0.000252,-0.0,0.0
4.555,FLIGHT,0.929,1.5057,0.33,0.3904,0.3254,0.3884,-0.012,-0.1941,0.0107,0.0307,1.0249,-0.0292,1.5636,0.000252,-0.0001,0.0
4.56,FLIGHT,0.9306,1.5076,0.325,0.3879,0.3206,0.3854,-0.0119,-0.194,0.01,0.0306,1.0249,-0.0295,1.564,0.000251,-0.0001,0.0
4.565,FLIGHT,0.9322,1.5095,0.3201,0.3848,0.3158,0.3818,-0.0119,-0.1938,0.0095,0.0304,1.0248,-0.0298,1.5644,0.000251,-0.0001,0.0
4.57,FLIGHT,0.9338,1.5114,0.3153,0.3812,0.3111,0.3777,-0.0118,-0.1937,0.009,0.0302,1.0247,-0.0301,1.5649,0.000251,-0.0001,0.0
4.575,FLIGHT,0.9354,1.5133,0.3107,0.3771,0.3065,0.3732,-0.0118,-0.1935,0.0086,0.0299,1.0246,-0.0305,1.5653,0.00025,-0.0001,0.0
4.58,FLIGHT,0.9369,1.5151,0.306,0.3725,0.3019,0.3683,-0.0118,-0.1934,0.0083,0.0296,1.0244,-0.0309,1.5659,0.000249,-0.0001,0.0
4.585,FLIGHT,0.9384,1.517,0.3014,0.3676,0.2973,0.3631,-0.0117,-0.1932,0.0081,0.0292,1.0243,-0.0313,1.5664,0.000249,-0.0001,0.0
4.59,FLIGHT,0.9398,1.5188,0.2968,0.3624,0.2927,0.3577,-0.0117,-0.1931,0.0079,0.0289,1.0241,-0.0318,1.567,0.000248,-0.0001,0.0
4.595,FLIGHT,0.9413,1.5206,0.2922,0.357,0.2882,0.352,-0.0116,-0.1929,0.0077,0.0285,1.0239,-0.0323,1.5676,0.000248,-0.0001,0.0
4.6,FLIGHT,0.9427,1.5223,0.2877,0.3513,0.2836,0.3461,-0.0116,-0.1928,0.0076,0.028,1.0236,-0.0328,1.5682,0.000247,-0.0001,0.0
4.605,FLIGHT,0.9441,1.524,0.2831,0.3454,0.279,0.3401,-0.0116,-0.1927,0.0074,0.0276,1.0234,-0.0333,1.5688,0.000247,-0.0001,0.0
4.61,FLIGHT,0.9455,1.5257,0.2785,0.3394,0.2743,0.334,-0.0115,-0.1925,0.0073,0.0271,1.0231,-0.0338,1.5695,0.000246,-0.0001,0.0
4.615,FLIGHT,0.9469,1.5274,0.2738,0.3333,0.2697,0.3277,-0.0115,-0.1924,0.0073,0.0266,1.0228,-0.0344,1.5701,0.000245,-0.0001,0.0
4.62,FLIGHT,0.9482,1.529,0.2692,0.327,0.265,0.3214,-0.0115,-0.1923,0.0072,0.0262,1.0225,-0.035,1.5708,0.000245,-0.0001,0.0
4.625,FLIGHT,0.9495,1.5306,0.2645,0.3208,0.2603,0.3151,-0.0114,-0.1921,0.0071,0.0257,1.0222,-0.0355,1.5715,0.000244,-0.0001,0.0
4.63,FLIGHT,0.9508,1.5321,0.2598,0.3144,0.2555,0.3087,-0.0114,-0.192,0.007,0.0252,1.0219,-0.0361,1.5721,0.000243,-0.0001,0.0
4.635,FLIGHT,0.9521,1.5337,0.255,0.3081,0.2507,0.3024,-0.0113,-0.1919,0.007,0.0247,1.0215,-0.0367,1.5728,0.000243,-0.0001,0.0
4.64,FLIGHT,0.9533,1.5351,0.2502,0.3017,0.2459,0.296,-0.0113,-0.1918,0.0069,0.0242,1.0211,-0.0373,1.5735,0.000242,-0.0001,0.0
4.645,FLIGHT,0.9545,1.5366,0.2454,0.2954,0.2411,0.2897,-0.0113,-0.1917,0.0068,0.0237,1.0207,-0.0378,1.5741,0.000242,-0.0001,0.0
4.65,FLIGHT,0.9557,1.538,0.2406,0.289,0.2362,0.2834,-0.0112,-0.1915,0.0067,0.0232,1.0203,-0.0384,1.5748,0.000241,-0.0001,0.0
4.655,FLIGHT,0.9569,1.5394,0.2357,0.2827,0.2314,0.2771,-0.0112,-0.1914,0.0066,0.0227,1.0198,-0.0389,1.5754,0.00024,-0.0001,0.0
4.66,FLIGHT,0.958,1.5408,0.2308,0.2764,0.2265,0.2708,-0.0112,-0.1913,0.0065,0.0222,1.0193,-0.0395,1.576,0.00024,-0.0001,0.0
4.665,FLIGHT,0.9592,1.5422,0.226,0.2702,0.2216,0.2647,-0.0111,-0.1912,0.0064,0.0217,1.0188,-0.04,1.5766,0.000239,-0.0001,0.0
4.67,FLIGHT,0.9603,1.5435,0.2211,0.264,0.2167,0.2585,-0.0111,-0.1911,0.0063,0.0212,1.0183,-0.0405,1.5772,0.000238,-0.0001,0.0
4.675,FLIGHT,0.9613,1.5447,0.2162,0.2579,0.2119,0.2525,-0.0111,-0.191,0.0062,0.0208,1.0178,-0.041,1.5778,0.000238,-0.0001,0.0
4.68,FLIGHT,0.9624,1.546,0.2114,0.2519,0.2071,0.2465,-0.0111,-0.1909,0.0061,0.0203,1.0172,-0.0415,1.5784,0.000237,-0.0001,0.0
4.685,FLIGHT,0.9634,1.5472,0.2066,0.2459,0.2022,0.2405,-0.011,-0.1908,0.006,0.0198,1.0167,-0.042,1.5789,0.000237,-0.0001,0.0
4.69,FLIGHT,0.9644,1.5484,0.2017,0.24,0.1974,0.2347,-0.011,-0.1907,0.0058,0.0193,1.0161,-0.0424,1.5795,0.000236,-0.0001,0.0
4.695,FLIGHT,0.9654,1.5496,0.197,0.2341,0.1927,0.2289,-0.011,-0.1906,0.0057,0.0189,1.0155,-0.0429,1.58,0.000235,-0.0001,0.0
4.7,FLIGHT,0.9663,1.5507,0.1922,0.2283,0.188,0.2232,-0.0109,-0.1905,0.0056,0.0184,1.0149,-0.0433,1.5805,0.000235,-0.0001,0.0
4.705,FLIGHT,0.9673,1.5518,0.1875,0.2226,0.1833,0.2176,-0.0109,-0.1904,0.0054,0.018,1.0142,-0.0437,1.581,0.000234,-0.0001,0.0
4.71,FLIGHT,0.9682,1.5529,0.1828,0.217,0.1787,0.212,-0.0109,-0.1904,0.0053,0.0175,1.0135,-0.0441,1.5815,0.000234,-0.0001,0.0
4.715,FLIGHT,0.969,1.5539,0.1782,0.2115,0.1741,0.2065,-0.0109,-0.1903,0.0052,0.0171,1.0129,-0.0445,1.5819,0.000233,-0.0001,0.0
4.72,FLIGHT,0.9699,1.5549,0.1737,0.206,0.1696,0.2011,-0.0108,-0.1902,0.005,0.0167,1.0122,-0.0449,1.5824,0.000233,-0.0001,0.0
4.725,FLIGHT,0.9707,1.5559,0.1692,0.2006,0.1652,0.1958,-0.0108,-0.1901,0.0049,0.0162,1.0114,-0.0452,1.5828,0.000232,-0.0001,0.0
4.73,FLIGHT,0.9716,1.5569,0.1647,0.1953,0.1608,0.1906,-0.0108,-0.19,0.0048,0.0158,1.0107,-0.0456,1.5833,0.000231,-0.0001,0.0
4.735,FLIGHT,0.9723,1.5578,0.1604,0.1901,0.1565,0.1855,-0.0108,-0.1899,0.0046,0.0154,1.0099,-0.0459,1.5837,0.000231,-0.0001,0.0
4.74,FLIGHT,0.9731,1.5587,0.1561,0.185,0.1522,0.1804,-0.0107,-0.1899,0.0045,0.015,1.0092,-0.0462,1.5841,0.00023,-0.0001,0.0
4.745,FLIGHT,0.9739,1.5596,0.1518,0.1799,0.148,0.1754,-0.0107,-0.1898,0.0044,0.0146,1.0084,-0.0466,1.5845,0.00023,-0.0001,0.0
4.75,FLIGHT,0.9746,1.5605,0.1476,0.175,0.1439,0.1706,-0.0107,-0.1897,0.0042,0.0142,1.0076,-0.0469,1.5849,0.000229,-0.0001,0.0
4.755,FLIGHT,0.9753,1.5613,0.1435,0.1701,0.1399,0.1658,-0.0107,-0.1897,0.0041,0.0138,1.0067,-0.0472,1.5853,0.000229,-0.0001,0.0
4.76,FLIGHT,0.976,1.5621,0.1395,0.1653,0.1359,0.1611,-0.0107,-0.1896,0.004,0.0134,1.0059,-0.0474,1.5856,0.000228,-0.0001,0.0
4.765,FLIGHT,0.9767,1.5629,0.1356,0.1606,0.1321,0.1564,-0.0106,-0.1895,0.0039,0.013,1.005,-0.0477,1.586,0.000228,-0.0001,0.0
4.77,FLIGHT,0.9773,1.5637,0.1317,0.156,0.1282,0.1519,-0.0106,-0.1895,0.0038,0.0127,1.0041,-0.048,1.5863,0.000227,-0.0001,0.0
4.775,FLIGHT,0.978,1.5645,0.1279,0.1515,0.1245,0.1475,-0.0106,-0.1894,0.0037,0.0123,1.0032,-0.0482,1.5866,0.000227,-0.0001,0.0
4.78,FLIGHT,0.9786,1.5652,0.1242,0.1471,0.1209,0.1431,-0.0106,-0.1894,0.0035,0.012,1.0023,-0.0485,1.587,0.000226,-0.0001,0.0
4.785,FLIGHT,0.9792,1.5659,0.1205,0.1427,0.1173,0.1389,-0.0106,-0.1893,0.0034,0.0116,1.0014,-0.0487,1.5873,0.000226,-0.0001,0.0
4.79,FLIGHT,0.9797,1.5666,0.1169,0.1385,0.1138,0.1347,-0.0106,-0.1892,0.0033,0.0113,1.0004,-0.049,1.5876,0.000225,-0.0001,0.0
4.795,STANCE,0.9806,1.5674,0.1614,0.1728,0.3615,0.2475,-0.0105,-0.1892,0.0071,0.0139,0.9996,0.1076,-0.2832,3e-06,-0.1845,0.0369
4.8,STANCE,0.9837,1.5678,0.5117,0.0854,0.8726,-0.1562,-0.01,-0.1892,0.0852,0.0026,0.9989,-0.168,-0.8542,-0.001355,-0.3185,0.0651
4.805,STANCE,0.989,1.5655,0.8925,-0.3336,1.1381,-0.8924,-0.0087,-0.1894,0.2147,-0.0374,0.9981,-0.6097,-1.2642,-0.002977,-0.2973,0.0624
4.81,STANCE,0.992,1.5628,0.6563,-0.4222,0.3235,-0.2694,-0.0077,-0.1897,0.1824,-0.0422,0.998,-0.8572,-1.7178,-0.003605,-0.0144,0.0065
4.815,STANCE,0.9937,1.5612,0.4456,-0.3757,0.4112,-0.4919,-0.0072,-0.1898,0.1362,-0.0361,0.9982,-1.0906,-2.0977,-0.003446,0.0604,0.0034
4.82,STANCE,0.9958,1.5565,0.4206,-0.8302,0.2588,-1.682,-0.0061,-0.1903,0.1947,-0.0745,0.9983,-1.3573,-2.077,-0.00297,0.162,0.003
4.825,STANCE,0.9987,1.5482,0.5523,-1.3816,0.7937,-1.7445,-0.0044,-0.191,0.2975,-0.1201,0.9983,-1.6169,-1.795,-0.002985,-0.1983,0.0427
4.83,STANCE,1.0015,1.5368,0.5474,-2.0364,0.6157,-2.2552,-0.0023,-0.192,0.3906,-0.1706,0.9981,-1.7119,-1.2705,-0.003588,-0.0907,0.0217
4.835,STANCE,1.0041,1.5248,0.4926,-2.3347,0.199,-2.8953,-0.0001,-0.193,0.4252,-0.1894,0.9981,-1.6354,-0.7529,-0.003787,0.0486,0.0038
4.84,STANCE,1.0059,1.5117,0.3948,-2.5282,0.307,-2.6762,0.0021,-0.194,0.4371,-0.1989,0.9981,-1.3884,-0.1931,-0.003693,-0.0746,0.0186
4.845,STANCE,1.0066,1.4974,0.1902,-2.7867,-0.0324,-3.0136,0.0043,-0.1951,0.4378,-0.2133,0.9979,-0.9708,0.4148,-0.004153,-0.0404,0.0122
4.85,STANCE,1.0072,1.4839,0.1422,-2.7255,0.013,-2.7642,0.0064,-0.1961,0.4227,-0.2029,0.998,-0.5482,0.8446,-0.004422,-0.0101,0.0064
4.855,STANCE,1.0069,1.4699,-0.0081,-2.7793,-0.0305,-2.7052,0.0083,-0.1972,0.4038,-0.2024,0.9979,-0.1125,1.2136,-0.004382,-0.1153,0.0274
4.86,STANCE,1.0067,1.4565,-0.0319,-2.7058,-0.0365,-2.6324,0.0102,-0.1981,0.3909,-0.1921,0.998,0.1069,1.3636,-0.004807,-0.0598,0.0168
4.865,STANCE,1.0066,1.4436,-0.0118,-2.6071,0.0232,-2.5075,0.0121,-0.199,0.3827,-0.18,0.9981,0.1062,1.3608,-0.005013,-0.024,0.0098
4.87,STANCE,1.0069,1.4314,0.0342,-2.4917,0.0785,-2.3869,0.014,-0.1999,0.377,-0.1668,0.9982,0.0871,1.3452,-0.005056,0.0061,0.0051
4.875,FLIGHT,1.0074,1.4197,0.0824,-2.3764,0.1233,-2.2756,0.0158,-0.2006,0.3715,-0.154,0.9984,-1.2471,2.5304,-0.004959,0.0322,0.005
4.88,FLIGHT,1.0067,1.4101,-0.093,-2.0354,-0.3862,-1.5916,0.0171,-0.2013,0.2865,-0.1318,0.9987,-1.235,2.5103,-0.004639,0.0932,0.0046
4.885,FLIGHT,1.0036,1.4037,-0.4776,-1.4852,-0.8485,-0.9693,0.0175,-0.2017,0.1267,-0.1027,0.9992,-1.1169,2.4088,-0.004051,0.1394,0.0041
4.89,FLIGHT,0.9984,1.4002,-0.8836,-0.922,-1.2304,-0.4386,0.0169,-0.202,-0.0402,-0.0737,0.9998,-0.9612,2.28,-0.003271,0.1703,0.0033
4.895,FLIGHT,0.9914,1.3992,-1.2384,-0.4192,-1.5241,-0.0051,0.0157,-0.2022,-0.1877,-0.0465,1.0005,-0.7982,2.1473,-0.00237,0.1881,0.0024
4.9,FLIGHT,0.9833,1.4,-1.5181,-0.0003,-1.7331,0.3359,0.0139,-0.2023,-0.307,-0.0211,1.0013,-0.6416,2.0213,-0.001409,0.195,0.0014
4.905,FLIGHT,0.9742,1.4024,-1.7193,0.3325,-1.8655,0.5933,0.0117,-0.2022,-0.397,0.0023,1.0022,-0.4976,1.9064,-0.000435,0.1936,0.0004
4.91,FLIGHT,0.9647,1.4058,-1.8466,0.5853,-1.9292,0.7789,0.0093,-0.2021,-0.4595,0.0236,1.0031,-0.3693,1.8048,0.000455,0.1441,0.0
4.915,FLIGHT,0.955,1.4101,-1.9078,0.7679,-1.9365,0.9027,0.0067,-0.2019,-0.4976,0.0422,1.0041,-0.2574,1.7169,0.001007,0.0803,0.0
4.92,FLIGHT,0.9454,1.4148,-1.9144,0.8896,-1.8991,0.9743,0.0041,-0.2016,-0.5153,0.0577,1.0051,-0.1608,1.6419,0.001294,0.0375,0.0
4.925,FLIGHT,0.9361,1.4197,-1.8766,0.9603,-1.8255,1.0036,0.0015,-0.2012,-0.5162,0.07,1.0061,-0.0789,1.5791,0.001407,0.0098,0.0
4.93,FLIGHT,0.9272,1.4248,-1.8031,0.9893,-1.7235,0.9991,-0.001,-0.2009,-0.5039,0.0788,1.007,-0.0108,1.5276,0.001409,-0.0074,0.0015
4.935,FLIGHT,0.9189,1.4297,-1.7015,0.985,-1.6003,0.9686,-0.0034,-0.2005,-0.4812,0.0842,1.008,0.0447,1.4866,0.001345,-0.0174,0.0035
4.94,FLIGHT,0.9113,1.4344,-1.5791,0.9552,-1.4619,0.9191,-0.0056,-0.2,-0.4508,0.0866,1.0089,0.0887,1.4549,0.001244,-0.0226,0.0045
4.945,FLIGHT,0.9043,1.4389,-1.4419,0.9065,-1.314,0.8563,-0.0076,-0.1996,-0.415,0.0862,1.0098,0.1223,1.4316,0.001125,-0.0246,0.0049
4.95,FLIGHT,0.8981,1.443,-1.2952,0.8448,-1.1611,0.7853,-0.0094,-0.1992,-0.3758,0.0836,1.0106,0.1469,1.4155,0.001001,-0.0246,0.0049
4.955,FLIGHT,0.8927,1.4467,-1.1438,0.775,-1.0073,0.7101,-0.011,-0.1989,-0.3349,0.079,1.0115,0.1635,1.4056,0.000881,-0.0234,0.0047
4.96,FLIGHT,0.8881,1.4501,-0.9915,0.7011,-0.8557,0.6341,-0.0124,-0.1985,-0.2935,0.0732,1.0122,0.1734,1.4008,0.000768,-0.0215,0.0043
4.965,FLIGHT,0.8841,1.4531,-0.8414,0.6264,-0.7089,0.56,-0.0136,-0.1982,-0.2528,0.0664,1.013,0.1776,1.4004,0.000667,-0.0191,0.0038
4.97,FLIGHT,0.881,1.4557,-0.6962,0.5536,-0.5689,0.4898,-0.0146,-0.1979,-0.2135,0.0592,1.0137,0.1771,1.4033,0.000577,-0.0166,0.0033
4.975,FLIGHT,0.8784,1.458,-0.5578,0.4846,-0.4374,0.425,-0.0154,-0.1977,-0.1764,0.0518,1.0144,0.1727,1.409,0.000501,-0.0141,0.0028
4.98,FLIGHT,0.8766,1.4599,-0.4277,0.4209,-0.3152,0.3666,-0.016,-0.1975,-0.1417,0.0446,1.015,0.1654,1.4167,0.000436,-0.0118,0.0024
4.985,FLIGHT,0.8753,1.4616,-0.3069,0.3636,-0.2031,0.3153,-0.0165,-0.1973,-0.1099,0.0379,1.0156,0.1557,1.4259,0.000382,-0.0096,0.0019
4.99,FLIGHT,0.8745,1.4631,-0.1961,0.3133,-0.1014,0.2714,-0.0168,-0.1972,-0.0811,0.0317,1.0161,0.1443,1.4361,0.000339,-0.0077,0.0015
4.995,FLIGHT,0.8742,1.4644,-0.0956,0.2702,-0.0103,0.2349,-0.0171,-0.197,-0.0554,0.0261,1.0166,0.1318,1.4468,0.000305,-0.0061,0.0012
5.0,FLIGHT,0.8744,1.4655,-0.0055,0.2344,0.0706,0.2055,-0.0172,-0.1969,-0.0328,0.0214,1.0171,0.1186,1.4577,0.000278,-0.0047,0.0009
5.005,FLIGHT,0.8749,1.4664,0.0744,0.2057,0.1414,0.1831,-0.0172,-0.1969,-0.0132,0.0174,1.0176,0.1052,1.4686,0.000257,-0.0036,0.0007
5.01,FLIGHT,0.8758,1.4673,0.1443,0.1838,0.2026,0.167,-0.0172,-0.1968,0.0035,0.0142,1.018,0.0918,1.4792,0.000241,-0.0026,0.0005
5.015,FLIGHT,0.8769,1.4681,0.2048,0.1682,0.2549,0.1568,-0.0171,-0.1967,0.0175,0.0118,1.0185,0.0787,1.4894,0.00023,-0.0018,0.0004
5.02,FLIGHT,0.8783,1.4689,0.2564,0.1583,0.2989,0.1519,-0.0169,-0.1967,0.029,0.01,1.0189,0.0661,1.4989,0.000223,-0.0012,0.0002
5.025,FLIGHT,0.8799,1.4696,0.2998,0.1536,0.3352,0.1516,-0.0167,-0.1967,0.0381,0.0089,1.0192,0.0542,1.5078,0.000218,-0.0007,0.0001
5.03,FLIGHT,0.8817,1.4704,0.3357,0.1535,0.3646,0.1552,-0.0164,-0.1966,0.0452,0.0084,1.0196,0.043,1.516,0.000216,-0.0003,0.0001
5.035,FLIGHT,0.8836,1.4712,0.3647,0.1573,0.3878,0.1622,-0.0162,-0.1966,0.0503,0.0083,1.0199,0.0327,1.5234,0.000215,-0.0,0.0
5.04,FLIGHT,0.8855,1.472,0.3875,0.1643,0.4054,0.1719,-0.0159,-0.1965,0.0538,0.0087,1.0202,0.0234,1.5301,0.000215,0.0002,0.0
5.045,FLIGHT,0.8876,1.4729,0.4049,0.174,0.4183,0.1837,-0.0156,-0.1965,0.0559,0.0094,1.0205,0.0149,1.536,0.000217,0.0004,0.0
5.05,FLIGHT,0.8897,1.4739,0.4176,0.1858,0.427,0.1972,-0.0153,-0.1964,0.0568,0.0103,1.0208,0.0073,1.5412,0.000219,0.0005,0.0
5.055,FLIGHT,0.8919,1.4749,0.4261,0.1992,0.4321,0.2117,-0.015,-0.1964,0.0566,0.0115,1.0211,0.0007,1.5457,0.000222,0.0006,0.0
5.06,FLIGHT,0.894,1.476,0.4311,0.2137,0.4341,0.227,-0.0148,-0.1963,0.0555,0.0128,1.0213,-0.0051,1.5495,0.000225,0.0006,0.0
5.065,FLIGHT,0.8962,1.4772,0.4331,0.2288,0.4337,0.2425,-0.0145,-0.1962,0.0538,0.0142,1.0216,-0.0102,1.5528,0.000228,0.0006,0.0
5.07,FLIGHT,0.8984,1.4784,0.4327,0.2441,0.4313,0.2579,-0.0142,-0.1961,0.0516,0.0157,1.0218,-0.0145,1.5555,0.000231,0.0006,0.0
5.075,FLIGHT,0.9005,1.4797,0.4302,0.2594,0.4272,0.273,-0.014,-0.1961,0.049,0.0171,1.022,-0.0181,1.5578,0.000233,0.0006,0.0
5.08,FLIGHT,0.9026,1.4811,0.4261,0.2744,0.4219,0.2875,-0.0138,-0.196,0.0461,0.0186,1.0222,-0.0211,1.5596,0.000236,0.0005,0.0
5.085,FLIGHT,0.9047,1.4826,0.4208,0.2887,0.4156,0.3012,-0.0136,-0.1959,0.043,0.02,1.0223,-0.0235,1.5611,0.000239,0.0005,0.0
5.09,FLIGHT,0.9068,1.4842,0.4146,0.3022,0.4087,0.3139,-0.0134,-0.1958,0.0399,0.0213,1.0225,-0.0255,1.5622,0.000241,0.0004,0.0
5.095,FLIGHT,0.9088,1.4858,0.4077,0.3148,0.4013,0.3256,-0.0132,-0.1956,0.0368,0.0226,1.0226,-0.0271,1.5631,0.000243,0.0004,0.0
5.1,FLIGHT,0.9108,1.4874,0.4004,0.3263,0.3936,0.3361,-0.013,-0.1955,0.0337,0.0238,1.0228,-0.0283,1.5637,0.000245,0.0003,0.0
5.105,FLIGHT,0.9127,1.4891,0.3928,0.3367,0.3859,0.3455,-0.0129,-0.1954,0.0307,0.0249,1.0229,-0.0292,1.5642,0.000247,0.0003,0.0
5.11,FLIGHT,0.9147,1.4909,0.3851,0.3459,0.3782,0.3535,-0.0128,-0.1953,0.0279,0.0258,1.023,-0.0299,1.5645,0.000248,0.0002,0.0
5.115,FLIGHT,0.9165,1.4926,0.3774,0.3538,0.3705,0.3604,-0.0126,-0.1951,0.0253,0.0267,1.023,-0.0304,1.5648,0.000249,0.0002,0.0
5.12,FLIGHT,0.9184,1.4945,0.3698,0.3605,0.3631,0.366,-0.0125,-0.195,0.0228,0.0274,1.0231,-0.0307,1.5649,0.00025,0.0002,0.0
5.125,FLIGHT,0.9202,1.4963,0.3624,0.3661,0.3559,0.3705,-0.0124,-0.1948,0.0206,0.028,1.0231,-0.0309,1.565,0.000251,0.0001,0.0
5.13,FLIGHT,0.9219,1.4982,0.3552,0.3704,0.3489,0.3738,-0.0123,-0.1947,0.0185,0.0285,1.0231,-0.0311,1.5651,0.000251,0.0001,0.0
5.135,FLIGHT,0.9237,1.5,0.3483,0.3736,0.3423,0.376,-0.0123,-0.1946,0.0167,0.0289,1.0231,-0.0312,1.5652,0.000251,0.0,0.0
5.14,FLIGHT,0.9253,1.5019,0.3417,0.3758,0.3359,0.3772,-0.0122,-0.1944,0.0151,0.0292,1.0231,-0.0312,1.5653,0.000251,0.0,0.0
5.145,FLIGHT,0.927,1.5038,0.3353,0.3769,0.3298,0.3775,-0.0121,-0.1943,0.0136,0.0294,1.0231,-0.0313,1.5654,0.000251,-0.0,0.0
5.15,FLIGHT,0.9286,1.5057,0.3292,0.3771,0.3239,0.3769,-0.0121,-0.1941,0.0124,0.0296,1.023,-0.0313,1.5655,0.000251,-0.0,0.0
5.155,FLIGHT,0.9303,1.5076,0.3234,0.3764,0.3183,0.3754,-0.012,-0.194,0.0113,0.0296,1.023,-0.0314,1.5657,0.000251,-0.0001,0.0
5.16,FLIGHT,0.9318,1.5094,0.3178,0.3749,0.3129,0.3733,-0.012,-0.1938,0.0104,0.0296,1.0229,-0.0315,1.5659,0.000251,-0.0001,0.0
5.165,FLIGHT,0.9334,1.5113,0.3125,0.3727,0.3077,0.3705,-0.0119,-0.1937,0.0096,0.0295,1.0227,-0.0316,1.5661,0.00025,-0.0001,0.0
5.17,FLIGHT,0.9349,1.5132,0.3073,0.3699,0.3027,0.3671,-0.0119,-0.1935,0.009,0.0293,1.0226,-0.0317,1.5664,0.00025,-0.0001,0.0
5.175,FLIGHT,0.9364,1.515,0.3023,0.3665,0.2979,0.3632,-0.0118,-0.1934,0.0084,0.0291,1.0224,-0.0319,1.5668,0.00025,-0.0001,0.0
5.18,FLIGHT,0.9379,1.5168,0.2974,0.3625,0.2931,0.3588,-0.0118,-0.1932,0.008,0.0288,1.0223,-0.0322,1.5671,0.000249,-0.0001,0.0
5.185,FLIGHT,0.9393,1.5186,0.2927,0.3582,0.2885,0.3541,-0.0117,-0.1931,0.0077,0.0285,1.0221,-0.0325,1.5676,0.000248,-0.0001,0.0
5.19,FLIGHT,0.9408,1.5203,0.288,0.3534,0.2839,0.349,-0.0117,-0.193,0.0074,0.0282,1.0219,-0.0328,1.568,0.000248,-0.0001,0.0
5.195,FLIGHT,0.9422,1.5221,0.2834,0.3483,0.2794,0.3436,-0.0117,-0.1928,0.0072,0.0278,1.0216,-0.0332,1.5685,0.000247,-0.0001,0.0
5.2,FLIGHT,0.9436,1.5238,0.2789,0.3429,0.2749,0.338,-0.0116,-0.1927,0.007,0.0274,1.0214,-0.0336,1.569,0.000247,-0.0001,0.0
5.205,FLIGHT,0.9449,1.5254,0.2744,0.3373,0.2704,0.3322,-0.0116,-0.1925,0.0069,0.027,1.0211,-0.034,1.5696,0.000246,-0.0001,0.0
5.21,FLIGHT,0.9463,1.5271,0.27,0.3315,0.266,0.3263,-0.0116,-0.1924,0.0068,0.0265,1.0208,-0.0345,1.5702,0.000245,-0.0001,0.0
5.215,FLIGHT,0.9476,1.5287,0.2655,0.3256,0.2615,0.3202,-0.0115,-0.1923,0.0067,0.0261,1.0205,-0.035,1.5708,0.000245,-0.0001,0.0
5.22,FLIGHT,0.9489,1.5303,0.261,0.3195,0.257,0.314,-0.0115,-0.1922,0.0066,0.0256,1.0201,-0.0355,1.5714,0.000244,-0.0001,0.0
5.225,FLIGHT,0.9502,1.5318,0.2566,0.3134,0.2526,0.3078,-0.0115,-0.192,0.0066,0.0251,1.0198,-0.036,1.572,0.000244,-0.0001,0.0
5.23,FLIGHT,0.9514,1.5334,0.2521,0.3072,0.2481,0.3016,-0.0114,-0.1919,0.0065,0.0246,1.0194,-0.0365,1.5726,0.000243,-0.0001,0.0
5.235,FLIGHT,0.9526,1.5349,0.2476,0.3009,0.2435,0.2953,-0.0114,-0.1918,0.0065,0.0242,1.019,-0.037,1.5733,0.000242,-0.0001,0.0
5.24,FLIGHT,0.9538,1.5363,0.243,0.2947,0.239,0.2891,-0.0114,-0.1917,0.0065,0.0237,1.0186,-0.0376,1.5739,0.000242,-0.0001,0.0
5.245,FLIGHT,0.955,1.5377,0.2385,0.2884,0.2344,0.2828,-0.0113,-0.1916,0.0064,0.0232,1.0181,-0.0381,1.5745,0.000241,-0.0001,0.0
5.25,FLIGHT,0.9562,1.5391,0.2339,0.2822,0.2298,0.2766,-0.0113,-0.1914,0.0064,0.0227,1.0176,-0.0387,1.5751,0.00024,-0.0001,0.0
5.255,FLIGHT,0.9573,1.5405,0.2293,0.2759,0.2252,0.2704,-0.0113,-0.1913,0.0063,0.0222,1.0172,-0.0392,1.5758,0.00024,-0.0001,0.0
5.26,FLIGHT,0.9584,1.5418,0.2247,0.2698,0.2205,0.2643,-0.0112,-0.1912,0.0063,0.0217,1.0167,-0.0397,1.5764,0.000239,-0.0001,0.0
5.265,FLIGHT,0.9595,1.5432,0.22,0.2637,0.2159,0.2582,-0.0112,-0.1911,0.0062,0.0212,1.0161,-0.0403,1.577,0.000239,-0.0001,0.0
5.27,FLIGHT,0.9606,1.5444,0.2154,0.2576,0.2112,0.2522,-0.0112,-0.191,0.0061,0.0207,1.0156,-0.0408,1.5776,0.000238,-0.0001,0.0
5.275,FLIGHT,0.9616,1.5457,0.2107,0.2516,0.2066,0.2462,-0.0112,-0.1909,0.006,0.0203,1.015,-0.0413,1.5781,0.000237,-0.0001,0.0
5.28,FLIGHT,0.9627,1.5469,0.2061,0.2456,0.2019,0.2403,-0.0111,-0.1908,0.0059,0.0198,1.0145,-0.0418,1.5787,0.000237,-0.0001,0.0
5.285,FLIGHT,0.9637,1.5481,0.2014,0.2398,0.1973,0.2345,-0.0111,-0.1907,0.0058,0.0193,1.0139,-0.0422,1.5792,0.000236,-0.0001,0.0
5.29,FLIGHT,0.9646,1.5492,0.1968,0.234,0.1927,0.2288,-0.0111,-0.1906,0.0057,0.0189,1.0132,-0.0427,1.5798,0.000236,-0.0001,0.0
5.295,FLIGHT,0.9656,1.5504,0.1922,0.2283,0.1881,0.2232,-0.011,-0.1905,0.0056,0.0184,1.0126,-0.0431,1.5803,0.000235,-0.0001,0.0
5.3,FLIGHT,0.9665,1.5515,0.1876,0.2226,0.1835,0.2176,-0.011,-0.1905,0.0055,0.018,1.012,-0.0436,1.5808,0.000234,-0.0001,0.0
5.305,FLIGHT,0.9674,1.5525,0.1831,0.2171,0.179,0.2121,-0.011,-0.1904,0.0054,0.0175,1.0113,-0.044,1.5813,0.000234,-0.0001,0.0
5.31,FLIGHT,0.9683,1.5536,0.1786,0.2116,0.1745,0.2067,-0.011,-0.1903,0.0052,0.0171,1.0106,-0.0444,1.5818,0.000233,-0.0001,0.0
5.315,FLIGHT,0.9692,1.5546,0.1741,0.2062,0.1701,0.2014,-0.0109,-0.1902,0.0051,0.0167,1.0099,-0.0448,1.5823,0.000233,-0.0001,0.0
5.32,FLIGHT,0.97,1.5556,0.1697,0.2009,0.1657,0.1961,-0.0109,-0.1901,0.005,0.0162,1.0091,-0.0452,1.5827,0.000232,-0.0001,0.0
5.325,FLIGHT,0.9708,1.5566,0.1653,0.1956,0.1614,0.191,-0.0109,-0.19,0.0048,0.0158,1.0084,-0.0455,1.5832,0.000232,-0.0001,0.0
5.33,FLIGHT,0.9716,1.5575,0.161,0.1905,0.1571,0.1859,-0.0109,-0.19,0.0047,0.0154,1.0076,-0.0459,1.5836,0.000231,-0.0001,0.0
5.335,FLIGHT,0.9724,1.5584,0.1567,0.1854,0.1529,0.1809,-0.0108,-0.1899,0.0046,0.015,1.0068,-0.0462,1.584,0.000231,-0.0001,0.0
5.34,FLIGHT,0.9732,1.5593,0.1525,0.1804,0.1487,0.176,-0.0108,-0.1898,0.0044,0.0146,1.006,-0.0465,1.5844,0.00023,-0.0001,0.0
5.345,FLIGHT,0.9739,1.5602,0.1483,0.1755,0.1447,0.1712,-0.0108,-0.1898,0.0043,0.0142,1.0052,-0.0469,1.5848,0.00023,-0.0001,0.0
5.35,FLIGHT,0.9746,1.561,0.1443,0.1707,0.1406,0.1664,-0.0108,-0.1897,0.0042,0.0138,1.0044,-0.0472,1.5852,0.000229,-0.0001,0.0
5.355,FLIGHT,0.9753,1.5619,0.1403,0.166,0.1367,0.1618,-0.0108,-0.1896,0.0041,0.0135,1.0035,-0.0475,1.5855,0.000229,-0.0001,0.0
5.36,FLIGHT,0.976,1.5627,0.1363,0.1613,0.1328,0.1572,-0.0107,-0.1896,0.0039,0.0131,1.0027,-0.0477,1.5859,0.000228,-0.0001,0.0
5.365,FLIGHT,0.9766,1.5634,0.1324,0.1568,0.129,0.1527,-0.0107,-0.1895,0.0038,0.0127,1.0018,-0.048,1.5862,0.000228,-0.0001,0.0
5.37,FLIGHT,0.9773,1.5642,0.1286,0.1523,0.1253,0.1483,-0.0107,-0.1894,0.0037,0.0124,1.0009,-0.0483,1.5866,0.000227,-0.0001,0.0
5.375,FLIGHT,0.9779,1.5649,0.1249,0.1479,0.1216,0.144,-0.0107,-0.1894,0.0036,0.012,1.0,-0.0485,1.5869,0.000227,-0.0001,0.0
5.38,STANCE,0.9796,1.5661,0.307,0.213,0.6085,0.1525,-0.0105,-0.1893,0.0292,0.016,0.9992,0.0232,-0.5336,-0.000617,-0.2768,0.056
5.385,STANCE,0.9837,1.5656,0.6777,-0.0423,1.0134,-0.4168,-0.0097,-0.1894,0.1341,-0.0103,0.9986,-0.3288,-1.0398,-0.002149,-0.3196,0.0661
5.39,STANCE,0.9887,1.5621,0.8619,-0.5044,0.6038,-0.5807,-0.0082,-0.1897,0.2326,-0.0517,0.9979,-0.7286,-1.397,-0.003483,-0.1295,0.0294
5.395,STANCE,0.9905,1.5603,0.5156,-0.3804,0.299,-0.2887,-0.0077,-0.1899,0.1501,-0.0374,0.998,-0.9229,-1.8949,-0.003671,0.023,0.0037
5.4,STANCE,0.9925,1.558,0.4416,-0.4636,0.5063,-0.7016,-0.007,-0.1901,0.1478,-0.0436,0.9983,-1.1964,-2.1507,-0.003423,0.0664,0.0034
5.405,STANCE,0.9944,1.5511,0.4075,-1.1505,0.5399,-1.6127,-0.0056,-0.1907,0.237,-0.1014,0.9982,-1.4357,-1.9439,-0.002855,0.0787,0.0029
5.41,STANCE,0.9983,1.5425,0.6747,-1.544,0.9344,-1.8899,-0.0037,-0.1915,0.3445,-0.1328,0.9984,-1.713,-1.6439,-0.002904,-0.0937,0.0216
5.415,STANCE,1.002,1.5306,0.6827,-2.1813,0.6315,-2.7225,-0.0013,-0.1925,0.4385,-0.1802,0.9982,-1.7656,-1.058,-0.003174,-0.0879,0.0208
5.42,STANCE,1.0049,1.5164,0.5981,-2.6417,0.5662,-2.6555,0.0012,-0.1936,0.4913,-0.2101,0.998,-1.6292,-0.4184,-0.003889,-0.1189,0.0277
5.425,STANCE,1.0072,1.5035,0.4773,-2.6334,0.1779,-2.8688,0.0035,-0.1946,0.4704,-0.2027,0.9981,-1.3176,0.073,-0.004254,0.0047,0.0043
5.43,STANCE,1.0074,1.4887,0.1842,-2.8236,0.245,-2.5517,0.0057,-0.1958,0.444,-0.2121,0.998,-0.8222,0.6385,-0.004095,-0.1061,0.0253
5.435,STANCE,1.0082,1.4758,0.1473,-2.6732,0.0248,-2.6652,0.0077,-0.1967,0.418,-0.1953,0.9981,-0.3972,0.9898,-0.004714,-0.0759,0.0199
5.44,STANCE,1.0079,1.4624,0.0121,-2.685,-0.084,-2.6868,0.0096,-0.1977,0.3957,-0.192,0.9981,-0.0118,1.277,-0.004912,-0.0105,0.007
5.445,FLIGHT,1.0076,1.4492,-0.0446,-2.6505,-0.0518,-2.5874,0.0115,-0.1986,0.3818,-0.1852,0.9982,-1.21,2.5206,-0.004877,0.0208,0.0049
5.45,FLIGHT,1.0061,1.4379,-0.2427,-2.3344,-0.5366,-1.902,0.0129,-0.1994,0.2972,-0.1624,0.9984,-1.1987,2.501,-0.004616,0.0814,0.0046
5.455,FLIGHT,1.0023,1.43,-0.6187,-1.7909,-0.9766,-1.277,0.0133,-0.2,0.1419,-0.1293,0.9988,-1.0872,2.4028,-0.004088,0.1273,0.0041
5.46,FLIGHT,0.9965,1.425,-1.0084,-1.2271,-1.3402,-0.7412,0.0129,-0.2004,-0.0202,-0.0961,0.9993,-0.9393,2.2779,-0.003367,0.1586,0.0034
5.465,FLIGHT,0.989,1.4225,-1.3473,-0.7199,-1.6197,-0.3003,0.0117,-0.2007,-0.1639,-0.0651,0.9999,-0.7837,2.1489,-0.002524,0.1769,0.0025
5.47,FLIGHT,0.9804,1.4219,-1.6137,-0.2936,-1.8183,0.0501,0.0101,-0.2008,-0.2808,-0.0367,1.0007,-0.6332,2.0259,-0.001616,0.1847,0.0016
5.475,FLIGHT,0.971,1.4228,-1.8048,0.0485,-1.9432,0.3185,0.0081,-0.2008,-0.3696,-0.0111,1.0015,-0.4942,1.9133,-0.000691,0.1843,0.0007
5.48,FLIGHT,0.9611,1.4249,-1.9252,0.312,-2.003,0.5154,0.0058,-0.2008,-0.432,0.0116,1.0024,-0.3693,1.8132,0.000207,0.1606,0.0
5.485,FLIGHT,0.951,1.4279,-1.9815,0.5062,-2.0064,0.6518,0.0033,-0.2006,-0.4708,0.0313,1.0034,-0.2602,1.7264,0.000832,0.093,0.0
5.49,FLIGHT,0.9411,1.4314,-1.9845,0.6404,-1.9663,0.7364,0.0008,-0.2003,-0.4897,0.0475,1.0043,-0.1658,1.6521,0.001172,0.0465,0.0
5.495,FLIGHT,0.9314,1.4352,-1.9441,0.7238,-1.8911,0.7785,-0.0017,-0.2,-0.4923,0.0602,1.0053,-0.0853,1.5896,0.001324,0.0162,0.0
5.5,FLIGHT,0.9222,1.4391,-1.8688,0.7655,-1.7881,0.7868,-0.004,-0.1997,-0.4817,0.0692,1.0062,-0.0181,1.5382,0.001353,-0.0029,0.0006
5.505,FLIGHT,0.9136,1.443,-1.7663,0.7739,-1.6642,0.7687,-0.0063,-0.1993,-0.461,0.0749,1.0072,0.0369,1.497,0.001307,-0.0143,0.0029
5.51,FLIGHT,0.9056,1.4467,-1.6431,0.7564,-1.5255,0.7311,-0.0084,-0.199,-0.4326,0.0774,1.0081,0.0807,1.465,0.001219,-0.0204,0.0041
5.515,FLIGHT,0.8983,1.4503,-1.5054,0.7196,-1.3772,0.6798,-0.0104,-0.1986,-0.3989,0.0771,1.009,0.1144,1.4412,0.001109,-0.0231,0.0046
5.52,FLIGHT,0.8918,1.4535,-1.3584,0.6693,-1.2239,0.6196,-0.0121,-0.1983,-0.3617,0.0746,1.0099,0.1392,1.4245,0.000991,-0.0237,0.0047
5.525,FLIGHT,0.8861,1.4565,-1.2066,0.6102,-1.0696,0.5547,-0.0137,-0.1979,-0.3225,0.0702,1.0107,0.1562,1.414,0.000874,-0.0228,0.0046
5.53,FLIGHT,0.8811,1.4591,-1.0537,0.5465,-0.9173,0.4884,-0.015,-0.1976,-0.2829,0.0645,1.0115,0.1665,1.4086,0.000765,-0.0211,0.0042
5.535,FLIGHT,0.8769,1.4613,-0.9029,0.4814,-0.7697,0.4234,-0.0161,-0.1974,-0.2437,0.0579,1.0123,0.1712,1.4075,0.000665,-0.0189,0.0038
5.54,FLIGHT,0.8734,1.4633,-0.7569,0.4176,-0.6288,0.3617,-0.0171,-0.1971,-0.2058,0.0508,1.013,0.1712,1.4099,0.000576,-0.0165,0.0033
5.545,FLIGHT,0.8706,1.465,-0.6174,0.3571,-0.496,0.3049,-0.0179,-0.1969,-0.1698,0.0436,1.0137,0.1674,1.415,0.0005,-0.0141,0.0028
5.55,FLIGHT,0.8685,1.4664,-0.4861,0.3014,-0.3725,0.254,-0.0185,-0.1968,-0.1362,0.0366,1.0144,0.1605,1.4221,0.000435,-0.0118,0.0024
5.555,FLIGHT,0.8669,1.4675,-0.3639,0.2515,-0.2589,0.2096,-0.0189,-0.1966,-0.1054,0.0301,1.015,0.1513,1.4307,0.000382,-0.0097,0.0019
5.56,FLIGHT,0.8659,1.4685,-0.2516,0.208,-0.1556,0.1721,-0.0193,-0.1965,-0.0774,0.0241,1.0156,0.1404,1.4403,0.000338,-0.0078,0.0016
5.565,FLIGHT,0.8653,1.4693,-0.1495,0.1714,-0.0626,0.1416,-0.0195,-0.1964,-0.0524,0.0188,1.0162,0.1283,1.4506,0.000304,-0.0062,0.0012
5.57,FLIGHT,0.8652,1.4699,-0.0576,0.1416,0.02,0.1179,-0.0196,-0.1964,-0.0303,0.0143,1.0167,0.1155,1.461,0.000276,-0.0048,0.001
5.575,FLIGHT,0.8655,1.4704,0.0241,0.1185,0.0928,0.1007,-0.0196,-0.1963,-0.0112,0.0105,1.0172,0.1024,1.4715,0.000255,-0.0036,0.0007
5.58,FLIGHT,0.8661,1.4709,0.0959,0.1018,0.156,0.0896,-0.0196,-0.1963,0.0052,0.0076,1.0177,0.0894,1.4817,0.00024,-0.0027,0.0005
5.585,FLIGHT,0.867,1.4714,0.1584,0.0911,0.2104,0.084,-0.0194,-0.1963,0.0189,0.0054,1.0182,0.0766,1.4915,0.000228,-0.0019,0.0004
5.59,FLIGHT,0.8682,1.4718,0.2121,0.0858,0.2564,0.0833,-0.0193,-0.1962,0.0301,0.0039,1.0186,0.0642,1.5007,0.00022,-0.0012,0.0002
5.595,FLIGHT,0.8696,1.4722,0.2576,0.0854,0.2948,0.087,-0.019,-0.1962,0.0391,0.003,1.019,0.0526,1.5093,0.000216,-0.0007,0.0001
5.6,FLIGHT,0.8711,1.4726,0.2955,0.0892,0.3263,0.0944,-0.0188,-0.1962,0.046,0.0027,1.0194,0.0417,1.5172,0.000213,-0.0003,0.0001
5.605,FLIGHT,0.8728,1.4731,0.3265,0.0967,0.3515,0.1049,-0.0185,-0.1962,0.0511,0.0029,1.0198,0.0316,1.5243,0.000212,-0.0,0.0
5.61,FLIGHT,0.8747,1.4737,0.3515,0.1072,0.3712,0.1179,-0.0183,-0.1962,0.0545,0.0034,1.0201,0.0224,1.5307,0.000213,0.0002,0.0
5.615,FLIGHT,0.8765,1.4743,0.3709,0.1202,0.3861,0.1328,-0.018,-0.1962,0.0566,0.0044,1.0205,0.0141,1.5364,0.000214,0.0004,0.0
5.62,FLIGHT,0.8785,1.475,0.3856,0.1351,0.3967,0.1492,-0.0177,-0.1961,0.0574,0.0056,1.0208,0.0066,1.5414,0.000216,0.0005,0.0
5.625,FLIGHT,0.8805,1.4758,0.3961,0.1514,0.4038,0.1665,-0.0174,-0.1961,0.0572,0.007,1.0211,0.0001,1.5457,0.000219,0.0006,0.0
5.63,FLIGHT,0.8825,1.4767,0.403,0.1686,0.4077,0.1843,-0.0171,-0.1961,0.0562,0.0085,1.0214,-0.0056,1.5494,0.000222,0.0006,0.0
5.635,FLIGHT,0.8846,1.4777,0.4069,0.1863,0.4091,0.2022,-0.0168,-0.196,0.0546,0.0101,1.0217,-0.0106,1.5525,0.000225,0.0006,0.0
5.64,FLIGHT,0.8866,1.4787,0.4082,0.2041,0.4085,0.22,-0.0166,-0.1959,0.0524,0.0118,1.022,-0.0148,1.5551,0.000228,0.0006,0.0
5.645,FLIGHT,0.8887,1.4799,0.4075,0.2217,0.4061,0.2373,-0.0163,-0.1959,0.0498,0.0135,1.0222,-0.0184,1.5573,0.000232,0.0006,0.0
5.65,FLIGHT,0.8907,1.4811,0.4052,0.2388,0.4024,0.2539,-0.0161,-0.1958,0.047,0.0151,1.0224,-0.0213,1.559,0.000234,0.0006,0.0
5.655,FLIGHT,0.8927,1.4824,0.4015,0.2552,0.3977,0.2696,-0.0159,-0.1957,0.044,0.0168,1.0227,-0.0238,1.5603,0.000237,0.0005,0.0
5.66,FLIGHT,0.8947,1.4838,0.3968,0.2708,0.3923,0.2842,-0.0157,-0.1956,0.0409,0.0183,1.0229,-0.0257,1.5614,0.00024,0.0005,0.0
5.665,FLIGHT,0.8966,1.4852,0.3914,0.2852,0.3863,0.2977,-0.0155,-0.1955,0.0379,0.0197,1.023,-0.0273,1.5622,0.000242,0.0004,0.0
5.67,FLIGHT,0.8985,1.4868,0.3855,0.2985,0.3801,0.3099,-0.0153,-0.1954,0.0348,0.0211,1.0232,-0.0285,1.5628,0.000244,0.0004,0.0
5.675,FLIGHT,0.9004,1.4883,0.3793,0.3106,0.3736,0.3209,-0.0152,-0.1953,0.0319,0.0223,1.0234,-0.0294,1.5632,0.000246,0.0003,0.0
5.68,FLIGHT,0.9023,1.49,0.3729,0.3214,0.3671,0.3305,-0.0151,-0.1952,0.0292,0.0234,1.0235,-0.0301,1.5635,0.000247,0.0003,0.0
5.685,FLIGHT,0.9041,1.4916,0.3664,0.3309,0.3607,0.3389,-0.0149,-0.195,0.0266,0.0244,1.0236,-0.0306,1.5637,0.000249,0.0002,0.0
5.69,FLIGHT,0.9059,1.4934,0.36,0.3392,0.3543,0.3459,-0.0148,-0.1949,0.0242,0.0253,1.0237,-0.031,1.5638,0.00025,0.0002,0.0
5.695,FLIGHT,0.9076,1.4951,0.3537,0.3461,0.3482,0.3518,-0.0147,-0.1948,0.0219,0.0261,1.0238,-0.0312,1.5639,0.00025,0.0001,0.0
5.7,FLIGHT,0.9093,1.4969,0.3476,0.3518,0.3422,0.3564,-0.0146,-0.1947,0.0199,0.0267,1.0239,-0.0313,1.5639,0.000251,0.0001,0.0
5.705,FLIGHT,0.911,1.4987,0.3417,0.3563,0.3365,0.3599,-0.0145,-0.1945,0.0181,0.0272,1.0239,-0.0314,1.564,0.000252,0.0001,0.0
5.71,FLIGHT,0.9127,1.5005,0.336,0.3597,0.331,0.3623,-0.0144,-0.1944,0.0165,0.0277,1.0239,-0.0315,1.564,0.000252,0.0,0.0
5.715,FLIGHT,0.9144,1.5023,0.3305,0.362,0.3257,0.3637,-0.0144,-0.1942,0.0151,0.028,1.0239,-0.0316,1.5641,0.000252,0.0,0.0
5.72,FLIGHT,0.916,1.5041,0.3252,0.3634,0.3206,0.3641,-0.0143,-0.1941,0.0138,0.0282,1.0239,-0.0316,1.5642,0.000252,-0.0,0.0
5.725,FLIGHT,0.9176,1.5059,0.3202,0.3638,0.3157,0.3638,-0.0142,-0.194,0.0128,0.0284,1.0239,-0.0317,1.5644,0.000252,-0.0,0.0
5.73,FLIGHT,0.9191,1.5077,0.3153,0.3634,0.3111,0.3626,-0.0142,-0.1938,0.0118,0.0284,1.0238,-0.0318,1.5646,0.000252,-0.0,0.0
5.735,FLIGHT,0.9207,1.5095,0.3106,0.3622,0.3065,0.3608,-0.0141,-0.1937,0.0111,0.0284,1.0238,-0.0319,1.5648,0.000252,-0.0001,0.0
5.74,FLIGHT,0.9222,1.5113,0.3061,0.3603,0.3021,0.3583,-0.0141,-0.1935,0.0104,0.0283,1.0237,-0.0321,1.5651,0.000251,-0.0001,0.0
5.745,FLIGHT,0.9237,1.5131,0.3017,0.3578,0.2978,0.3552,-0.014,-0.1934,0.0099,0.0282,1.0236,-0.0323,1.5654,0.000251,-0.0001,0.0
5.75,FLIGHT,0.9252,1.5149,0.2974,0.3547,0.2936,0.3517,-0.014,-0.1932,0.0094,0.028,1.0234,-0.0326,1.5658,0.000251,-0.0001,0.0
5.755,FLIGHT,0.9266,1.5166,0.2932,0.3511,0.2895,0.3477,-0.0139,-0.1931,0.0091,0.0278,1.0233,-0.0329,1.5662,0.00025,-0.0001,0.0
5.76,FLIGHT,0.9281,1.5184,0.289,0.3471,0.2854,0.3434,-0.0139,-0.193,0.0088,0.0275,1.0231,-0.0332,1.5667,0.00025,-0.0001,0.0
5.765,FLIGHT,0.9295,1.5201,0.2849,0.3428,0.2813,0.3387,-0.0139,-0.1928,0.0085,0.0272,1.0229,-0.0336,1.5671,0.000249,-0.0001,0.0
5.77,FLIGHT,0.9309,1.5218,0.2809,0.3381,0.2772,0.3338,-0.0138,-0.1927,0.0083,0.0268,1.0227,-0.034,1.5677,0.000249,-0.0001,0.0
5.775,FLIGHT,0.9323,1.5234,0.2768,0.3332,0.2731,0.3286,-0.0138,-0.1926,0.0082,0.0265,1.0225,-0.0345,1.5682,0.000248,-0.0001,0.0
5.78,FLIGHT,0.9336,1.525,0.2727,0.328,0.269,0.3233,-0.0137,-0.1924,0.0081,0.0261,1.0222,-0.035,1.5688,0.000248,-0.0001,0.0
5.785,FLIGHT,0.9349,1.5266,0.2686,0.3226,0.2649,0.3178,-0.0137,-0.1923,0.008,0.0257,1.0219,-0.0355,1.5694,0.000247,-0.0001,0.0
5.79,FLIGHT,0.9363,1.5282,0.2645,0.3171,0.2608,0.3121,-0.0136,-0.1922,0.0079,0.0252,1.0217,-0.036,1.57,0.000247,-0.0001,0.0
5.795,FLIGHT,0.9376,1.5298,0.2603,0.3115,0.2566,0.3064,-0.0136,-0.1921,0.0079,0.0248,1.0213,-0.0365,1.5706,0.000246,-0.0001,0.0
5.8,FLIGHT,0.9388,1.5313,0.2561,0.3058,0.2523,0.3006,-0.0136,-0.1919,0.0078,0.0244,1.021,-0.037,1.5712,0.000245,-0.0001,0.0
5.805,FLIGHT,0.9401,1.5328,0.2519,0.3,0.2481,0.2948,-0.0135,-0.1918,0.0078,0.0239,1.0206,-0.0376,1.5718,0.000245,-0.0001,0.0
5.81,FLIGHT,0.9413,1.5342,0.2476,0.2942,0.2437,0.289,-0.0135,-0.1917,0.0077,0.0235,1.0203,-0.0381,1.5725,0.000244,-0.0001,0.0
5.815,FLIGHT,0.9425,1.5357,0.2433,0.2883,0.2394,0.2831,-0.0135,-0.1916,0.0076,0.023,1.0199,-0.0387,1.5731,0.000244,-0.0001,0.0
5.82,FLIGHT,0.9437,1.5371,0.2389,0.2825,0.235,0.2772,-0.0134,-0.1915,0.0076,0.0225,1.0195,-0.0392,1.5737,0.000243,-0.0001,0.0
5.825,FLIGHT,0.9449,1.5384,0.2345,0.2766,0.2306,0.2714,-0.0134,-0.1914,0.0075,0.0221,1.019,-0.0398,1.5743,0.000243,-0.0001,0.0
5.83,FLIGHT,0.946,1.5398,0.2301,0.2708,0.2261,0.2655,-0.0133,-0.1913,0.0074,0.0216,1.0186,-0.0403,1.5749,0.000242,-0.0001,0.0
5.835,FLIGHT,0.9471,1.5411,0.2256,0.2649,0.2216,0.2597,-0.0133,-0.1912,0.0073,0.0212,1.0181,-0.0408,1.5755,0.000241,-0.0001,0.0
5.84,FLIGHT,0.9482,1.5424,0.2212,0.2592,0.2171,0.254,-0.0133,-0.1911,0.0072,0.0207,1.0176,-0.0414,1.5761,0.000241,-0.0001,0.0
5.845,FLIGHT,0.9493,1.5436,0.2167,0.2534,0.2126,0.2483,-0.0132,-0.191,0.0071,0.0203,1.0171,-0.0419,1.5767,0.00024,-0.0001,0.0
5.85,FLIGHT,0.9503,1.5449,0.2122,0.2477,0.2081,0.2426,-0.0132,-0.1909,0.007,0.0198,1.0165,-0.0424,1.5773,0.00024,-0.0001,0.0
5.855,FLIGHT,0.9514,1.5461,0.2077,0.2421,0.2036,0.237,-0.0132,-0.1908,0.0069,0.0194,1.016,-0.0428,1.5778,0.000239,-0.0001,0.0
5.86,FLIGHT,0.9524,1.5472,0.2032,0.2365,0.1991,0.2315,-0.0131,-0.1907,0.0068,0.0189,1.0154,-0.0433,1.5784,0.000239,-0.0001,0.0
5.865,FLIGHT,0.9534,1.5484,0.1987,0.231,0.1946,0.226,-0.0131,-0.1906,0.0067,0.0185,1.0148,-0.0438,1.5789,0.000238,-0.0001,0.0
5.87,FLIGHT,0.9543,1.5495,0.1942,0.2255,0.1902,0.2206,-0.0131,-0.1905,0.0066,0.0181,1.0142,-0.0442,1.5794,0.000238,-0.0001,0.0
5.875,FLIGHT,0.9553,1.5506,0.1897,0.2201,0.1857,0.2153,-0.013,-0.1904,0.0064,0.0176,1.0136,-0.0446,1.5799,0.000237,-0.0001,0.0
5.88,FLIGHT,0.9562,1.5516,0.1853,0.2147,0.1813,0.21,-0.013,-0.1903,0.0063,0.0172,1.0129,-0.045,1.5804,0.000237,-0.0001,0.0
5.885,FLIGHT,0.9571,1.5527,0.1809,0.2095,0.177,0.2048,-0.013,-0.1902,0.0061,0.0168,1.0123,-0.0454,1.5809,0.000236,-0.0001,0.0
5.89,FLIGHT,0.958,1.5537,0.1765,0.2043,0.1726,0.1996,-0.0129,-0.1902,0.006,0.0164,1.0116,-0.0458,1.5814,0.000236,-0.0001,0.0
5.895,FLIGHT,0.9588,1.5547,0.1722,0.1991,0.1683,0.1946,-0.0129,-0.1901,0.0059,0.016,1.0109,-0.0462,1.5818,0.000235,-0.0001,0.0
5.9,FLIGHT,0.9596,1.5556,0.1679,0.1941,0.1641,0.1896,-0.0129,-0.19,0.0057,0.0156,1.0102,-0.0466,1.5822,0.000235,-0.0001,0.0
5.905,FLIGHT,0.9605,1.5566,0.1637,0.1891,0.1599,0.1846,-0.0129,-0.1899,0.0056,0.0152,1.0094,-0.0469,1.5827,0.000234,-0.0001,0.0
5.91,FLIGHT,0.9612,1.5575,0.1595,0.1842,0.1558,0.1798,-0.0128,-0.1898,0.0054,0.0148,1.0087,-0.0472,1.5831,0.000234,-0.0001,0.0
5.915,FLIGHT,0.962,1.5584,0.1554,0.1793,0.1518,0.175,-0.0128,-0.1898,0.0053,0.0144,1.0079,-0.0476,1.5835,0.000233,-0.0001,0.0
5.92,FLIGHT,0.9628,1.5592,0.1514,0.1746,0.1478,0.1703,-0.0128,-0.1897,0.0052,0.0141,1.0071,-0.0479,1.5839,0.000233,-0.0001,0.0
5.925,FLIGHT,0.9635,1.5601,0.1474,0.1699,0.1438,0.1657,-0.0128,-0.1896,0.005,0.0137,1.0063,-0.0482,1.5842,0.000232,-0.0001,0.0
5.93,FLIGHT,0.9642,1.5609,0.1434,0.1653,0.1399,0.1612,-0.0127,-0.1896,0.0049,0.0133,1.0054,-0.0485,1.5846,0.000232,-0.0001,0.0
5.935,FLIGHT,0.9649,1.5617,0.1396,0.1607,0.1361,0.1567,-0.0127,-0.1895,0.0048,0.013,1.0046,-0.0487,1.585,0.000231,-0.0001,0.0
5.94,FLIGHT,0.9656,1.5625,0.1358,0.1563,0.1324,0.1524,-0.0127,-0.1894,0.0046,0.0126,1.0037,-0.049,1.5853,0.000231,-0.0001,0.0
5.945,FLIGHT,0.9662,1.5632,0.132,0.1519,0.1287,0.1481,-0.0127,-0.1894,0.0045,0.0123,1.0029,-0.0493,1.5856,0.00023,-0.0001,0.0
5.95,FLIGHT,0.9668,1.5639,0.1284,0.1476,0.1251,0.1438,-0.0126,-0.1893,0.0044,0.0119,1.002,-0.0495,1.586,0.00023,-0.0001,0.0
5.955,FLIGHT,0.9675,1.5646,0.1248,0.1434,0.1216,0.1397,-0.0126,-0.1893,0.0043,0.0116,1.001,-0.0498,1.5863,0.000229,-0.0001,0.0
5.96,FLIGHT,0.9681,1.5653,0.1213,0.1393,0.1182,0.1357,-0.0126,-0.1892,0.0042,0.0112,1.0001,-0.05,1.5866,0.000229,-0.0001,0.0
5.965,STANCE,0.9697,1.5665,0.2964,0.1941,0.5924,0.1207,-0.0124,-0.1891,0.0299,0.0141,0.9994,0.0632,-0.5351,-0.000611,-0.2765,0.0559
5.97,STANCE,0.9738,1.5657,0.6673,-0.0736,1.0087,-0.4578,-0.0116,-0.1893,0.1363,-0.0144,0.9987,-0.2714,-1.0496,-0.002149,-0.3223,0.0666
5.975,STANCE,0.9791,1.5616,0.9287,-0.6025,0.8072,-0.7823,-0.01,-0.1897,0.2582,-0.0633,0.9979,-0.6885,-1.3901,-0.00359,-0.1881,0.0412
5.98,STANCE,0.9814,1.5593,0.5798,-0.4822,0.3029,-0.3396,-0.0093,-0.1899,0.1759,-0.0483,0.9979,-0.8733,-1.8924,-0.003923,0.0118,0.0039
5.985,STANCE,0.9832,1.5569,0.4476,-0.5107,0.4764,-0.7131,-0.0086,-0.1901,0.155,-0.049,0.9982,-1.1131,-2.1779,-0.003694,0.0674,0.0037
5.99,STANCE,0.9851,1.5498,0.404,-1.1899,0.5568,-1.7378,-0.0072,-0.1908,0.2409,-0.1067,0.9982,-1.3435,-1.9781,-0.003131,0.0706,0.0031
5.995,STANCE,0.9891,1.5407,0.7012,-1.628,0.9967,-1.9886,-0.0052,-0.1916,0.3604,-0.1427,0.9983,-1.6379,-1.6547,-0.003054,-0.0201,0.0071
6.0,STANCE,0.9944,1.5297,0.9419,-2.0431,0.9402,-2.5621,-0.0027,-0.1925,0.4678,-0.1724,0.9984,-1.7984,-1.153,-0.003164,0.0175,0.0032
6.005,STANCE,0.9994,1.5167,0.983,-2.4238,1.0305,-2.6175,0.0001,-0.1936,0.5337,-0.1953,0.9985,-1.732,-0.5372,-0.003139,-0.0084,0.0048
6.01,STANCE,1.0039,1.503,0.9284,-2.6271,0.8168,-2.7683,0.003,-0.1947,0.5568,-0.2022,0.9985,-1.4751,0.0598,-0.003067,0.027,0.0031
6.015,STANCE,1.0075,1.4892,0.7762,-2.7209,0.5513,-2.8357,0.0056,-0.1957,0.545,-0.2011,0.9987,-1.0583,0.5954,-0.002957,0.0444,0.003
6.02,STANCE,1.01,1.4753,0.5738,-2.7486,0.43,-2.7044,0.0081,-0.1967,0.5133,-0.1964,0.9988,-0.5757,1.0241,-0.002875,-0.0078,0.0044
6.025,STANCE,1.0116,1.4619,0.4004,-2.7118,0.2471,-2.6837,0.0104,-0.1977,0.4772,-0.1882,0.9989,-0.1778,1.2902,-0.002811,0.04,0.0028
6.03,FLIGHT,1.013,1.449,0.3129,-2.6071,0.2666,-2.4978,0.0126,-0.1986,0.4474,-0.1756,0.9991,-1.5911,2.8023,-0.002754,0.0133,0.0028
6.035,FLIGHT,1.0126,1.4386,0.0186,-2.2074,-0.3927,-1.6819,0.0141,-0.1993,0.3314,-0.1484,0.9995,-1.5648,2.7705,-0.002501,0.0851,0.0025
6.04,FLIGHT,1.0092,1.4321,-0.4995,-1.5552,-0.9884,-0.9438,0.0143,-0.1998,0.1314,-0.1112,1.0,-1.4162,2.6428,-0.001934,0.1388,0.0019
6.045,FLIGHT,1.0029,1.429,-1.0307,-0.8889,-1.4826,-0.3183,0.0136,-0.2001,-0.0743,-0.0739,1.0007,-1.2239,2.4826,-0.001144,0.1745,0.0011
6.05,FLIGHT,0.9945,1.4287,-1.4933,-0.2974,-1.8667,0.188,0.0119,-0.2002,-0.255,-0.0382,1.0015,-1.0232,2.3178,-0.000215,0.1944,0.0002
6.055,FLIGHT,0.9845,1.4306,-1.8596,0.1918,-2.1418,0.5824,0.0096,-0.2002,-0.4004,-0.0044,1.0024,-0.8314,2.1613,0.000643,0.1341,0.0
6.06,FLIGHT,0.9733,1.4343,-2.1261,0.576,-2.3227,0.8745,0.0068,-0.2,-0.5093,0.0272,1.0034,-0.6549,2.0181,0.001151,0.0729,0.0
6.065,FLIGHT,0.9614,1.4392,-2.3021,0.8617,-2.4224,1.0766,0.0037,-0.1997,-0.5845,0.056,1.0045,-0.4961,1.8902,0.001407,0.0322,0.0
6.07,FLIGHT,0.9491,1.445,-2.3985,1.06,-2.4525,1.202,0.0005,-0.1993,-0.63,0.081,1.0056,-0.3561,1.7782,0.001497,0.006,0.0
6.075,FLIGHT,0.9369,1.4511,-2.4266,1.1831,-2.4246,1.2633,-0.0028,-0.1988,-0.6503,0.1017,1.0067,-0.2349,1.6822,0.001483,-0.0102,0.002
6.08,FLIGHT,0.925,1.4575,-2.3977,1.2433,-2.3495,1.2726,-0.0061,-0.1982,-0.6499,0.1175,1.0078,-0.1319,1.6016,0.001406,-0.0196,0.0039
6.085,FLIGHT,0.9135,1.4638,-2.3225,1.2523,-2.2373,1.2407,-0.0093,-0.1976,-0.6329,0.1282,1.009,-0.0459,1.5354,0.001295,-0.0244,0.0049
6.09,FLIGHT,0.9027,1.4699,-2.2107,1.2208,-2.0969,1.1774,-0.0122,-0.197,-0.6033,0.134,1.01,0.0242,1.4826,0.001168,-0.0261,0.0052
6.095,FLIGHT,0.8926,1.4755,-2.0713,1.1584,-1.9364,1.0913,-0.015,-0.1963,-0.5643,0.135,1.0111,0.08,1.4418,0.001037,-0.026,0.0052
6.1,FLIGHT,0.8833,1.4807,-1.9121,1.0737,-1.7627,0.9899,-0.0175,-0.1957,-0.5189,0.1319,1.0121,0.123,1.4116,0.00091,-0.0246,0.0049
6.105,FLIGHT,0.875,1.4854,-1.7399,0.9738,-1.5818,0.8795,-0.0198,-0.1951,-0.4696,0.1254,1.0131,0.1545,1.3908,0.000792,-0.0226,0.0045
6.11,FLIGHT,0.8675,1.4895,-1.5608,0.865,-1.3987,0.7653,-0.0218,-0.1946,-0.4183,0.1161,1.014,0.1762,1.3779,0.000685,-0.0202,0.004
6.115,FLIGHT,0.861,1.4931,-1.3795,0.7526,-1.2174,0.6515,-0.0235,-0.1941,-0.3667,0.1049,1.0149,0.1895,1.3717,0.000591,-0.0176,0.0035
6.12,FLIGHT,0.8553,1.4961,-1.2001,0.6405,-1.0414,0.5415,-0.025,-0.1937,-0.3161,0.0924,1.0157,0.1955,1.3711,0.000509,-0.0151,0.003
6.125,FLIGHT,0.8505,1.4985,-1.026,0.5323,-0.8732,0.4378,-0.0262,-0.1933,-0.2675,0.0793,1.0165,0.1956,1.3748,0.00044,-0.0127,0.0025
6.13,FLIGHT,0.8466,1.5005,-0.8596,0.4303,-0.7147,0.3424,-0.0273,-0.193,-0.2216,0.0661,1.0172,0.1909,1.3821,0.000382,-0.0105,0.0021
6.135,FLIGHT,0.8434,1.5019,-0.7029,0.3365,-0.5674,0.2565,-0.0281,-0.1928,-0.1789,0.0533,1.0179,0.1824,1.3919,0.000335,-0.0085,0.0017
6.14,FLIGHT,0.8409,1.503,-0.5573,0.252,-0.432,0.1808,-0.0287,-0.1926,-0.1397,0.0412,1.0186,0.171,1.4035,0.000296,-0.0068,0.0014
6.145,FLIGHT,0.839,1.5038,-0.4235,0.1776,-0.3092,0.1156,-0.0291,-0.1925,-0.1043,0.0302,1.0192,0.1574,1.4164,0.000266,-0.0053,0.0011
6.15,FLIGHT,0.8378,1.5042,-0.3021,0.1136,-0.199,0.061,-0.0294,-0.1924,-0.0727,0.0203,1.0197,0.1423,1.43,0.000242,-0.0041,0.0008
6.155,FLIGHT,0.837,1.5044,-0.1932,0.06,-0.1013,0.0165,-0.0296,-0.1923,-0.0448,0.0118,1.0203,0.1264,1.4438,0.000225,-0.003,0.0006
6.16,FLIGHT,0.8367,1.5044,-0.0967,0.0164,-0.0157,-0.0182,-0.0297,-0.1923,-0.0207,0.0045,1.0208,0.1101,1.4575,0.000212,-0.0022,0.0004
6.165,FLIGHT,0.8368,1.5042,-0.0122,-0.0175,0.0584,-0.0438,-0.0296,-0.1923,-0.0001,-0.0014,1.0212,0.0939,1.4708,0.000203,-0.0014,0.0003
6.17,FLIGHT,0.8373,1.504,0.061,-0.0425,0.1216,-0.0612,-0.0295,-0.1924,0.0172,-0.0061,1.0217,0.078,1.4835,0.000197,-0.0009,0.0002
6.175,FLIGHT,0.838,1.5036,0.1234,-0.0594,0.1747,-0.0711,-0.0293,-0.1924,0.0314,-0.0096,1.0221,0.0627,1.4954,0.000194,-0.0004,0.0001
6.18,FLIGHT,0.839,1.5033,0.1759,-0.0689,0.2186,-0.0744,-0.0291,-0.1925,0.0427,-0.012,1.0225,0.0483,1.5064,0.000193,0.0,0.0
6.185,FLIGHT,0.8402,1.5029,0.2192,-0.072,0.2542,-0.072,-0.0288,-0.1926,0.0515,-0.0135,1.0228,0.0349,1.5164,0.000194,0.0003,0.0
6.19,FLIGHT,0.8416,1.5026,0.2543,-0.0694,0.2823,-0.0648,-0.0285,-0.1926,0.0579,-0.0142,1.0232,0.0225,1.5254,0.000196,0.0005,0.0
6.195,FLIGHT,0.843,1.5023,0.282,-0.0621,0.3038,-0.0536,-0.0282,-0.1927,0.0623,-0.0141,1.0235,0.0113,1.5334,0.000199,0.0007,0.0
6.2,FLIGHT,0.8446,1.502,0.3032,-0.0508,0.3196,-0.0392,-0.0278,-0.1928,0.065,-0.0135,1.0238,0.0013,1.5404,0.000203,0.0008,0.0
6.205,FLIGHT,0.8462,1.5019,0.3188,-0.0364,0.3304,-0.0223,-0.0275,-0.1928,0.0662,-0.0124,1.0241,-0.0076,1.5465,0.000207,0.0009,0.0
6.21,FLIGHT,0.8479,1.5018,0.3295,-0.0196,0.337,-0.0036,-0.0272,-0.1929,0.0661,-0.0109,1.0244,-0.0153,1.5517,0.000211,0.0009,0.0
6.215,FLIGHT,0.8496,1.5018,0.336,-0.0009,0.3402,0.0163,-0.0269,-0.1929,0.0649,-0.0091,1.0246,-0.022,1.556,0.000216,0.0009,0.0
6.22,FLIGHT,0.8513,1.502,0.3391,0.0188,0.3405,0.0369,-0.0265,-0.193,0.063,-0.0071,1.0249,-0.0277,1.5595,0.00022,0.0009,0.0
6.225,FLIGHT,0.853,1.5022,0.3393,0.0393,0.3384,0.0578,-0.0262,-0.193,0.0604,-0.005,1.0251,-0.0324,1.5624,0.000224,0.0008,0.0
6.23,FLIGHT,0.8547,1.5025,0.3373,0.06,0.3346,0.0784,-0.026,-0.193,0.0573,-0.0029,1.0253,-0.0363,1.5646,0.000228,0.0008,0.0
6.235,FLIGHT,0.8563,1.503,0.3335,0.0804,0.3295,0.0986,-0.0257,-0.193,0.0539,-0.0007,1.0255,-0.0395,1.5663,0.000232,0.0007,0.0
6.24,FLIGHT,0.858,1.5035,0.3284,0.1004,0.3234,0.1179,-0.0255,-0.193,0.0503,0.0015,1.0257,-0.0419,1.5675,0.000235,0.0007,0.0
6.245,FLIGHT,0.8596,1.5042,0.3224,0.1195,0.3166,0.1362,-0.0252,-0.193,0.0466,0.0036,1.0258,-0.0438,1.5684,0.000239,0.0006,0.0
6.25,FLIGHT,0.8611,1.5049,0.3157,0.1376,0.3095,0.1534,-0.025,-0.1929,0.043,0.0056,1.026,-0.0451,1.5688,0.000241,0.0005,0.0
6.255,FLIGHT,0.8626,1.5057,0.3087,0.1546,0.3023,0.1692,-0.0248,-0.1929,0.0394,0.0074,1.0261,-0.0461,1.569,0.000244,0.0005,0.0
6.26,FLIGHT,0.8641,1.5066,0.3015,0.1703,0.2951,0.1837,-0.0247,-0.1928,0.0359,0.0092,1.0262,-0.0466,1.569,0.000246,0.0004,0.0
6.265,FLIGHT,0.8656,1.5075,0.2944,0.1846,0.288,0.1968,-0.0245,-0.1928,0.0327,0.0108,1.0263,-0.0469,1.5688,0.000248,0.0003,0.0
6.27,FLIGHT,0.867,1.5085,0.2874,0.1975,0.2813,0.2084,-0.0244,-0.1927,0.0296,0.0123,1.0264,-0.0469,1.5685,0.000249,0.0003,0.0
6.275,FLIGHT,0.8684,1.5096,0.2807,0.2089,0.2749,0.2186,-0.0242,-0.1927,0.0268,0.0136,1.0264,-0.0468,1.5682,0.000251,0.0002,0.0
6.28,FLIGHT,0.8698,1.5107,0.2744,0.219,0.2689,0.2274,-0.0241,-0.1926,0.0242,0.0147,1.0265,-0.0465,1.5677,0.000252,0.0002,0.0
6.285,FLIGHT,0.8711,1.5119,0.2684,0.2277,0.2633,0.2348,-0.024,-0.1925,0.0219,0.0157,1.0265,-0.0462,1.5673,0.000253,0.0002,0.0
6.29,FLIGHT,0.8724,1.5131,0.2629,0.235,0.2582,0.241,-0.0239,-0.1924,0.0199,0.0166,1.0265,-0.0458,1.5668,0.000253,0.0001,0.0
6.295,FLIGHT,0.8737,1.5143,0.2578,0.2411,0.2535,0.246,-0.0238,-0.1923,0.0181,0.0173,1.0265,-0.0453,1.5664,0.000254,0.0001,0.0
6.3,FLIGHT,0.8749,1.5155,0.2532,0.246,0.2491,0.2499,-0.0237,-0.1922,0.0165,0.018,1.0265,-0.0449,1.5661,0.000254,0.0001,0.0
6.305,FLIGHT,0.8762,1.5168,0.2489,0.2498,0.2452,0.2527,-0.0237,-0.1921,0.0152,0.0184,1.0264,-0.0445,1.5657,0.000254,0.0,0.0
6.31,FLIGHT,0.8774,1.5181,0.245,0.2526,0.2416,0.2546,-0.0236,-0.192,0.014,0.0188,1.0263,-0.0442,1.5655,0.000255,0.0,0.0
6.315,FLIGHT,0.8786,1.5193,0.2414,0.2544,0.2384,0.2556,-0.0235,-0.192,0.0131,0.0191,1.0262,-0.0439,1.5653,0.000255,-0.0,0.0
6.32,FLIGHT,0.8798,1.5206,0.2381,0.2554,0.2353,0.2559,-0.0235,-0.1919,0.0123,0.0193,1.0261,-0.0436,1.5652,0.000254,-0.0,0.0
6.325,FLIGHT,0.8809,1.5219,0.2351,0.2556,0.2326,0.2554,-0.0234,-0.1918,0.0117,0.0194,1.026,-0.0435,1.5651,0.000254,-0.0,0.0
6.33,FLIGHT,0.8821,1.5232,0.2324,0.2551,0.23,0.2544,-0.0234,-0.1917,0.0112,0.0194,1.0258,-0.0433,1.5651,0.000254,-0.0,0.0
6.335,FLIGHT,0.8832,1.5244,0.2298,0.254,0.2275,0.2528,-0.0233,-0.1916,0.0108,0.0194,1.0257,-0.0433,1.5652,0.000254,-0.0,0.0
6.34,FLIGHT,0.8844,1.5257,0.2273,0.2524,0.2252,0.2508,-0.0233,-0.1915,0.0106,0.0193,1.0255,-0.0433,1.5653,0.000254,-0.0001,0.0
6.345,FLIGHT,0.8855,1.5269,0.225,0.2504,0.2229,0.2483,-0.0232,-0.1914,0.0104,0.0192,1.0253,-0.0434,1.5655,0.000253,-0.0001,0.0
6.35,FLIGHT,0.8866,1.5282,0.2227,0.2479,0.2207,0.2456,-0.0232,-0.1913,0.0102,0.019,1.025,-0.0435,1.5658,0.000253,-0.0001,0.0
6.355,FLIGHT,0.8877,1.5294,0.2205,0.2451,0.2185,0.2425,-0.0231,-0.1912,0.0101,0.0188,1.0248,-0.0437,1.5661,0.000253,-0.0001,0.0
6.36,FLIGHT,0.8888,1.5306,0.2183,0.2421,0.2163,0.2392,-0.0231,-0.1911,0.0101,0.0186,1.0245,-0.044,1.5664,0.000252,-0.0001,0.0
6.365,FLIGHT,0.8899,1.5318,0.2161,0.2388,0.2141,0.2357,-0.023,-0.191,0.0101,0.0183,1.0242,-0.0442,1.5668,0.000252,-0.0001,0.0
6.37,FLIGHT,0.8909,1.533,0.2139,0.2353,0.2119,0.2321,-0.023,-0.1909,0.0101,0.0181,1.0239,-0.0446,1.5672,0.000252,-0.0001,0.0
6.375,FLIGHT,0.892,1.5341,0.2116,0.2317,0.2096,0.2284,-0.0229,-0.1908,0.0101,0.0178,1.0236,-0.0449,1.5677,0.000251,-0.0001,0.0
6.38,FLIGHT,0.893,1.5352,0.2093,0.2279,0.2072,0.2245,-0.0229,-0.1907,0.0102,0.0175,1.0232,-0.0453,1.5681,0.000251,-0.0001,0.0
6.385,FLIGHT,0.8941,1.5364,0.2069,0.2241,0.2048,0.2206,-0.0228,-0.1907,0.0102,0.0172,1.0229,-0.0457,1.5686,0.000251,-0.0001,0.0
6.39,FLIGHT,0.8951,1.5374,0.2045,0.2202,0.2023,0.2166,-0.0228,-0.1906,0.0102,0.0168,1.0225,-0.0461,1.5691,0.00025,-0.0001,0.0
6.395,FLIGHT,0.8961,1.5385,0.202,0.2162,0.1997,0.2127,-0.0227,-0.1905,0.0103,0.0165,1.0221,-0.0466,1.5696,0.00025,-0.0001,0.0
6.4,FLIGHT,0.8971,1.5396,0.1994,0.2122,0.1971,0.2087,-0.0227,-0.1904,0.0103,0.0162,1.0216,-0.047,1.5701,0.00025,-0.0001,0.0
6.405,FLIGHT,0.8981,1.5406,0.1968,0.2083,0.1944,0.2047,-0.0226,-0.1903,0.0103,0.0159,1.0212,-0.0474,1.5706,0.000249,-0.0001,0.0
6.41,FLIGHT,0.899,1.5416,0.194,0.2043,0.1916,0.2007,-0.0226,-0.1902,0.0103,0.0156,1.0207,-0.0479,1.5711,0.000249,-0.0001,0.0
6.415,FLIGHT,0.9,1.5426,0.1913,0.2003,0.1887,0.1967,-0.0225,-0.1902,0.0102,0.0153,1.0202,-0.0483,1.5716,0.000249,-0.0001,0.0
6.42,FLIGHT,0.9009,1.5436,0.1884,0.1963,0.1858,0.1928,-0.0224,-0.1901,0.0102,0.015,1.0197,-0.0488,1.5721,0.000248,-0.0001,0.0
6.425,FLIGHT,0.9018,1.5445,0.1855,0.1924,0.1829,0.1889,-0.0224,-0.19,0.0101,0.0146,1.0192,-0.0492,1.5726,0.000248,-0.0001,0.0
6.43,FLIGHT,0.9027,1.5455,0.1825,0.1885,0.1798,0.185,-0.0223,-0.19,0.0101,0.0143,1.0187,-0.0496,1.5731,0.000248,-0.0001,0.0
6.435,FLIGHT,0.9036,1.5464,0.1795,0.1846,0.1768,0.1812,-0.0223,-0.1899,0.01,0.014,1.0181,-0.05,1.5736,0.000248,-0.0001,0.0
6.44,FLIGHT,0.9045,1.5473,0.1765,0.1808,0.1737,0.1774,-0.0222,-0.1898,0.0099,0.0137,1.0175,-0.0504,1.574,0.000247,-0.0001,0.0
6.445,FLIGHT,0.9054,1.5482,0.1734,0.177,0.1706,0.1736,-0.0222,-0.1898,0.0098,0.0134,1.0169,-0.0508,1.5745,0.000247,-0.0001,0.0
6.45,FLIGHT,0.9062,1.549,0.1703,0.1733,0.1675,0.1699,-0.0222,-0.1897,0.0097,0.0132,1.0163,-0.0512,1.5749,0.000247,-0.0001,0.0
6.455,FLIGHT,0.907,1.5499,0.1672,0.1695,0.1644,0.1662,-0.0221,-0.1896,0.0096,0.0129,1.0157,-0.0516,1.5754,0.000246,-0.0001,0.0
6.46,FLIGHT,0.9079,1.5507,0.164,0.1659,0.1612,0.1626,-0.0221,-0.1896,0.0094,0.0126,1.015,-0.0519,1.5758,0.000246,-0.0001,0.0
6.465,FLIGHT,0.9086,1.5515,0.1609,0.1622,0.1581,0.159,-0.022,-0.1895,0.0093,0.0123,1.0143,-0.0522,1.5762,0.000246,-0.0001,0.0
6.47,FLIGHT,0.9094,1.5523,0.1577,0.1587,0.1549,0.1555,-0.022,-0.1894,0.0092,0.012,1.0136,-0.0526,1.5766,0.000245,-0.0001,0.0
6.475,FLIGHT,0.9102,1.553,0.1546,0.1551,0.1518,0.1519,-0.0219,-0.1894,0.009,0.0118,1.0129,-0.0529,1.577,0.000245,-0.0001,0.0
6.48,FLIGHT,0.911,1.5538,0.1515,0.1516,0.1487,0.1485,-0.0219,-0.1893,0.0089,0.0115,1.0122,-0.0532,1.5773,0.000245,-0.0001,0.0
6.485,FLIGHT,0.9117,1.5545,0.1484,0.1481,0.1456,0.145,-0.0218,-0.1893,0.0088,0.0112,1.0115,-0.0535,1.5777,0.000244,-0.0001,0.0
6.49,FLIGHT,0.9124,1.5552,0.1453,0.1447,0.1426,0.1417,-0.0218,-0.1892,0.0086,0.011,1.0107,-0.0538,1.578,0.000244,-0.0001,0.0
6.495,FLIGHT,0.9131,1.5559,0.1423,0.1413,0.1395,0.1383,-0.0217,-0.1892,0.0085,0.0107,1.0099,-0.054,1.5784,0.000244,-0.0001,0.0
6.5,FLIGHT,0.9138,1.5566,0.1392,0.138,0.1365,0.135,-0.0217,-0.1891,0.0083,0.0105,1.0091,-0.0543,1.5787,0.000244,-0.0001,0.0
6.505,FLIGHT,0.9145,1.5573,0.1363,0.1347,0.1336,0.1318,-0.0217,-0.1891,0.0082,0.0102,1.0083,-0.0546,1.579,0.000243,-0.0001,0.0
6.51,FLIGHT,0.9151,1.5579,0.1333,0.1315,0.1307,0.1286,-0.0216,-0.189,0.008,0.01,1.0075,-0.0548,1.5794,0.000243,-0.0001,0.0
6.515,FLIGHT,0.9158,1.5586,0.1304,0.1283,0.1278,0.1254,-0.0216,-0.189,0.0079,0.0097,1.0067,-0.055,1.5797,0.000243,-0.0001,0.0
6.52,FLIGHT,0.9164,1.5592,0.1275,0.1251,0.1249,0.1223,-0.0215,-0.1889,0.0078,0.0095,1.0058,-0.0553,1.58,0.000242,-0.0001,0.0
6.525,FLIGHT,0.917,1.5598,0.1247,0.122,0.1221,0.1193,-0.0215,-0.1889,0.0076,0.0092,1.0049,-0.0555,1.5803,0.000242,-0.0001,0.0
6.53,FLIGHT,0.9176,1.5604,0.1219,0.119,0.1194,0.1162,-0.0215,-0.1888,0.0075,0.009,1.004,-0.0557,1.5805,0.000242,-0.0001,0.0
6.535,FLIGHT,0.9182,1.561,0.1191,0.1159,0.1167,0.1133,-0.0214,-0.1888,0.0074,0.0088,1.0031,-0.0559,1.5808,0.000242,-0.0001,0.0
6.54,FLIGHT,0.9188,1.5615,0.1164,0.113,0.114,0.1104,-0.0214,-0.1887,0.0072,0.0085,1.0022,-0.0561,1.5811,0.000241,-0.0001,0.0
6.545,FLIGHT,0.9194,1.5621,0.1138,0.1101,0.1114,0.1075,-0.0214,-0.1887,0.0071,0.0083,1.0013,-0.0563,1.5814,0.000241,-0.0001,0.0
6.55,STANCE,0.92,1.5627,0.1198,0.1175,0.1811,0.1896,-0.0213,-0.1887,0.0073,0.0089,1.0003,0.2911,-0.1449,0.000148,-0.1538,0.0308
6.555,STANCE,0.922,1.5624,0.3345,-0.0375,0.5533,-0.4308,-0.0209,-0.1887,0.068,-0.0106,0.9994,0.1964,-0.7414,-0.001999,-0.5262,0.1072
6.56,STANCE,0.925,1.5575,0.516,-0.7327,0.6277,-1.5347,-0.0197,-0.1893,0.194,-0.0808,0.9981,-0.0343,-1.1233,-0.004198,-0.3553,0.0753
6.565,STANCE,0.9272,1.5507,0.4329,-1.0709,0.1254,-0.5033,-0.0184,-0.19,0.224,-0.1099,0.9972,-0.2469,-1.5543,-0.005329,-0.0699,0.0193
6.57,STANCE,0.9275,1.5497,0.186,-0.468,0.1278,-0.1899,-0.0182,-0.1901,0.0973,-0.0478,0.9975,-0.3765,-2.2631,-0.005317,0.0428,0.0053
6.575,STANCE,0.9291,1.5472,0.3027,-0.526,0.5176,-0.8938,-0.0176,-0.1903,0.1275,-0.055,0.9979,-0.6404,-2.5054,-0.005023,0.0755,0.005
6.58,STANCE,0.9315,1.5385,0.4236,-1.426,0.706,-2.2003,-0.0159,-0.1912,0.2719,-0.1394,0.9979,-0.8917,-2.1419,-0.004397,0.0864,0.0044
6.585,STANCE,0.937,1.5268,0.9099,-2.0622,1.3621,-2.5297,-0.0133,-0.1923,0.4544,-0.1991,0.998,-1.2522,-1.6316,-0.00436,-0.0391,0.0122
6.59,STANCE,0.944,1.5128,1.2414,-2.6104,1.241,-3.271,-0.01,-0.1937,0.599,-0.2417,0.998,-1.4611,-0.9615,-0.004517,0.0282,0.0045
6.595,STANCE,0.951,1.4968,1.3538,-3.0054,1.371,-3.2686,-0.0065,-0.1951,0.6829,-0.2631,0.998,-1.4486,-0.2387,-0.004597,-0.0204,0.0087
6.6,STANCE,0.9571,1.4799,1.2553,-3.25,1.0586,-3.4427,-0.0029,-0.1965,0.7057,-0.2682,0.998,-1.2075,0.4489,-0.004671,-0.0001,0.0047
6.605,STANCE,0.9618,1.4629,1.0285,-3.3468,0.775,-3.3962,0.0004,-0.1979,0.682,-0.2617,0.998,-0.8053,1.0225,-0.004768,-0.0025,0.0053
6.61,STANCE,0.9652,1.4465,0.7863,-3.2947,0.5708,-3.2087,0.0035,-0.1991,0.6327,-0.2459,0.9981,-0.3721,1.4141,-0.004874,-0.0015,0.0052
6.615,STANCE,0.9677,1.431,0.5862,-3.1463,0.5124,-2.901,0.0062,-0.2003,0.5762,-0.2256,0.9982,-0.0623,1.5894,-0.004794,-0.0388,0.0126
6.62,STANCE,0.9702,1.4171,0.5204,-2.8769,0.4775,-2.6414,0.0087,-0.2013,0.5276,-0.1982,0.9984,-0.0156,1.5349,-0.004889,-0.001,0.0051
6.625,FLIGHT,0.9719,1.405,0.3843,-2.5333,0.0897,-2.0672,0.0109,-0.2021,0.4525,-0.1691,0.9987,-1.4921,2.7005,-0.00477,0.0588,0.0048
6.63,FLIGHT,0.9709,1.3966,-0.0541,-1.9172,-0.5059,-1.3168,0.0119,-0.2027,0.2737,-0.1297,0.9992,-1.3831,2.6036,-0.004309,0.1226,0.0043
6.635,FLIGHT,0.967,1.3917,-0.5655,-1.2485,-1.0146,-0.6655,0.0119,-0.203,0.0706,-0.0906,0.9999,-1.2121,2.4611,-0.003575,0.1678,0.0036
6.64,FLIGHT,0.9609,1.3898,-1.0346,-0.6359,-1.4204,-0.1264,0.0109,-0.2032,-0.116,-0.0544,1.0007,-1.0238,2.3076,-0.002659,0.1961,0.0027
6.645,FLIGHT,0.953,1.3902,-1.4202,-0.1167,-1.724,0.303,0.0092,-0.2033,-0.2715,-0.0212,1.0017,-0.8385,2.1583,-0.001637,0.2104,0.0016
6.65,FLIGHT,0.9438,1.3926,-1.7128,0.3015,-1.9338,0.6318,0.007,-0.2032,-0.3923,0.0093,1.0027,-0.6657,2.0203,-0.000573,0.2136,0.0006
6.655,FLIGHT,0.9338,1.3964,-1.9157,0.6238,-2.0587,0.8725,0.0044,-0.203,-0.4799,0.0369,1.0038,-0.5099,1.8967,0.000443,0.1708,0.0
6.66,FLIGHT,0.9234,1.4012,-2.0364,0.8606,-2.1117,1.0374,0.0016,-0.2027,-0.5373,0.0612,1.0049,-0.3729,1.7888,0.001099,0.0961,0.0
6.665,FLIGHT,0.9128,1.4067,-2.0882,1.0226,-2.1074,1.1375,-0.0013,-0.2022,-0.5691,0.0818,1.006,-0.2538,1.6958,0.001445,0.0458,0.0
6.67,FLIGHT,0.9024,1.4125,-2.083,1.1211,-2.0561,1.1843,-0.0043,-0.2018,-0.5798,0.0981,1.0071,-0.152,1.6172,0.001587,0.0133,0.0
6.675,FLIGHT,0.8923,1.4184,-2.0314,1.1673,-1.9671,1.1883,-0.0071,-0.2012,-0.5733,0.11,1.0083,-0.0664,1.552,0.001598,-0.007,0.0014
6.68,FLIGHT,0.8827,1.4243,-1.9426,1.1713,-1.8492,1.1588,-0.0099,-0.2007,-0.5534,0.1176,1.0094,0.0041,1.4994,0.001531,-0.0189,0.0038
6.685,FLIGHT,0.8738,1.43,-1.8254,1.1423,-1.7099,1.1042,-0.0124,-0.2001,-0.5234,0.121,1.0105,0.0608,1.4581,0.001418,-0.0252,0.005
6.69,FLIGHT,0.8657,1.4353,-1.6871,1.0887,-1.556,1.0318,-0.0148,-0.1995,-0.486,0.1207,1.0115,0.105,1.4269,0.001284,-0.0278,0.0056
6.695,FLIGHT,0.8583,1.4403,-1.5346,1.0175,-1.3933,0.9477,-0.017,-0.1989,-0.4438,0.1172,1.0125,0.1382,1.4046,0.001144,-0.028,0.0056
6.7,FLIGHT,0.8517,1.4448,-1.3734,0.9347,-1.2267,0.857,-0.0189,-0.1984,-0.3988,0.1111,1.0134,0.1617,1.3899,0.001007,-0.0268,0.0054
6.705,FLIGHT,0.846,1.4489,-1.2085,0.8456,-1.0603,0.7642,-0.0206,-0.1979,-0.3527,0.103,1.0144,0.177,1.3817,0.000878,-0.0247,0.0049
6.71,FLIGHT,0.8411,1.4524,-1.0438,0.7542,-0.8975,0.6724,-0.022,-0.1975,-0.3068,0.0935,1.0152,0.1852,1.3788,0.000761,-0.0221,0.0044
6.715,FLIGHT,0.837,1.4556,-0.8828,0.6639,-0.7409,0.5844,-0.0232,-0.1971,-0.2622,0.0833,1.016,0.1876,1.3804,0.000657,-0.0194,0.0039
6.72,FLIGHT,0.8337,1.4583,-0.7279,0.5774,-0.5925,0.5022,-0.0242,-0.1968,-0.2196,0.0727,1.0168,0.1851,1.3854,0.000567,-0.0166,0.0033
6.725,FLIGHT,0.8311,1.4606,-0.5811,0.4965,-0.4537,0.4271,-0.0251,-0.1965,-0.1796,0.0622,1.0175,0.1788,1.393,0.00049,-0.014,0.0028
6.73,FLIGHT,0.8292,1.4626,-0.4439,0.4227,-0.3256,0.3601,-0.0257,-0.1962,-0.1426,0.0522,1.0182,0.1695,1.4026,0.000427,-0.0115,0.0023
6.735,FLIGHT,0.8278,1.4642,-0.3172,0.3569,-0.2086,0.3016,-0.0262,-0.196,-0.109,0.0429,1.0188,0.158,1.4135,0.000375,-0.0093,0.0019
6.74,FLIGHT,0.8271,1.4656,-0.2016,0.2994,-0.1031,0.2518,-0.0265,-0.1959,-0.0787,0.0344,1.0194,0.1449,1.4253,0.000333,-0.0074,0.0015
6.745,FLIGHT,0.8268,1.4668,-0.0973,0.2506,-0.009,0.2106,-0.0267,-0.1958,-0.0518,0.027,1.0199,0.1308,1.4375,0.0003,-0.0058,0.0012
6.75,FLIGHT,0.8269,1.4677,-0.0044,0.2102,0.0739,0.1777,-0.0268,-0.1957,-0.0283,0.0206,1.0205,0.1162,1.4497,0.000275,-0.0044,0.0009
6.755,FLIGHT,0.8275,1.4686,0.0775,0.178,0.1461,0.1526,-0.0268,-0.1956,-0.0081,0.0153,1.0209,0.1015,1.4618,0.000256,-0.0033,0.0007
6.76,FLIGHT,0.8284,1.4693,0.1488,0.1534,0.2081,0.1347,-0.0267,-0.1956,0.0091,0.011,1.0214,0.0869,1.4734,0.000242,-0.0023,0.0005
6.765,FLIGHT,0.8296,1.4699,0.2101,0.136,0.2607,0.1233,-0.0266,-0.1955,0.0233,0.0077,1.0218,0.0728,1.4843,0.000232,-0.0016,0.0003
6.77,FLIGHT,0.831,1.4705,0.262,0.1249,0.3045,0.1177,-0.0264,-0.1955,0.0349,0.0052,1.0222,0.0594,1.4946,0.000226,-0.001,0.0002
6.775,FLIGHT,0.8326,1.4711,0.3053,0.1196,0.3404,0.1172,-0.0261,-0.1955,0.044,0.0036,1.0226,0.0468,1.5041,0.000222,-0.0005,0.0001
6.78,FLIGHT,0.8344,1.4717,0.3407,0.1192,0.3691,0.121,-0.0259,-0.1955,0.051,0.0028,1.023,0.0351,1.5127,0.000221,-0.0001,0.0
6.785,FLIGHT,0.8363,1.4723,0.369,0.1232,0.3914,0.1283,-0.0256,-0.1955,0.056,0.0025,1.0233,0.0244,1.5205,0.000221,0.0002,0.0
6.79,FLIGHT,0.8383,1.473,0.391,0.1306,0.4081,0.1387,-0.0253,-0.1955,0.0593,0.0027,1.0236,0.0147,1.5274,0.000222,0.0004,0.0
6.795,FLIGHT,0.8403,1.4737,0.4074,0.1409,0.4199,0.1513,-0.025,-0.1954,0.0611,0.0034,1.0239,0.006,1.5334,0.000224,0.0005,0.0
6.8,FLIGHT,0.8425,1.4745,0.4191,0.1535,0.4275,0.1656,-0.0247,-0.1954,0.0617,0.0044,1.0242,-0.0017,1.5387,0.000227,0.0006,0.0
6.805,FLIGHT,0.8446,1.4754,0.4265,0.1677,0.4316,0.1811,-0.0244,-0.1954,0.0613,0.0057,1.0245,-0.0084,1.5432,0.00023,0.0006,0.0
6.81,FLIGHT,0.8468,1.4763,0.4305,0.1831,0.4326,0.1973,-0.0241,-0.1954,0.06,0.0072,1.0247,-0.0142,1.5471,0.000234,0.0007,0.0
6.815,FLIGHT,0.8489,1.4773,0.4315,0.1992,0.4313,0.2137,-0.0238,-0.1953,0.058,0.0088,1.025,-0.0192,1.5503,0.000237,0.0007,0.0
6.82,FLIGHT,0.8511,1.4784,0.4302,0.2155,0.428,0.2301,-0.0235,-0.1953,0.0556,0.0105,1.0252,-0.0234,1.5529,0.00024,0.0006,0.0
6.825,FLIGHT,0.8532,1.4796,0.4269,0.2317,0.4232,0.246,-0.0232,-0.1952,0.0527,0.0122,1.0254,-0.0268,1.5551,0.000243,0.0006,0.0
6.83,FLIGHT,0.8553,1.4809,0.4221,0.2474,0.4172,0.2613,-0.023,-0.1951,0.0497,0.0139,1.0256,-0.0297,1.5568,0.000246,0.0006,0.0
6.835,FLIGHT,0.8574,1.4822,0.4161,0.2626,0.4104,0.2758,-0.0228,-0.195,0.0464,0.0156,1.0257,-0.032,1.5581,0.000249,0.0005,0.0
6.84,FLIGHT,0.8594,1.4837,0.4094,0.2769,0.403,0.2892,-0.0226,-0.1949,0.0432,0.0171,1.0259,-0.0338,1.5591,0.000251,0.0005,0.0
6.845,FLIGHT,0.8614,1.4851,0.402,0.2902,0.3953,0.3016,-0.0224,-0.1949,0.0399,0.0186,1.026,-0.0352,1.5598,0.000254,0.0004,0.0
6.85,FLIGHT,0.8634,1.4867,0.3944,0.3023,0.3874,0.3127,-0.0222,-0.1947,0.0368,0.02,1.0261,-0.0362,1.5603,0.000255,0.0003,0.0
6.855,FLIGHT,0.8653,1.4883,0.3866,0.3133,0.3796,0.3225,-0.022,-0.1946,0.0338,0.0213,1.0263,-0.0369,1.5606,0.000257,0.0003,0.0
6.86,FLIGHT,0.8672,1.4899,0.3788,0.323,0.3718,0.3311,-0.0219,-0.1945,0.0309,0.0224,1.0263,-0.0374,1.5608,0.000258,0.0002,0.0
6.865,FLIGHT,0.869,1.4916,0.371,0.3314,0.3642,0.3384,-0.0217,-0.1944,0.0282,0.0234,1.0264,-0.0378,1.5609,0.00026,0.0002,0.0
6.87,FLIGHT,0.8708,1.4933,0.3635,0.3386,0.3569,0.3444,-0.0216,-0.1943,0.0258,0.0243,1.0265,-0.0379,1.561,0.00026,0.0002,0.0
6.875,FLIGHT,0.8726,1.495,0.3562,0.3445,0.3499,0.3492,-0.0215,-0.1942,0.0235,0.0251,1.0265,-0.038,1.561,0.000261,0.0001,0.0
6.88,FLIGHT,0.8743,1.4968,0.3493,0.3492,0.3431,0.3529,-0.0214,-0.194,0.0215,0.0257,1.0265,-0.038,1.561,0.000262,0.0001,0.0
6.885,FLIGHT,0.876,1.4985,0.3426,0.3527,0.3368,0.3554,-0.0213,-0.1939,0.0197,0.0262,1.0265,-0.0379,1.5609,0.000262,0.0,0.0
6.89,FLIGHT,0.8777,1.5003,0.3363,0.3552,0.3307,0.3569,-0.0212,-0.1938,0.0181,0.0266,1.0265,-0.0379,1.5609,0.000262,0.0,0.0
6.895,FLIGHT,0.8793,1.5021,0.3302,0.3566,0.325,0.3575,-0.0211,-0.1936,0.0167,0.0269,1.0264,-0.0378,1.561,0.000262,-0.0,0.0
6.9,FLIGHT,0.8809,1.5039,0.3245,0.3571,0.3195,0.3571,-0.0211,-0.1935,0.0155,0.0271,1.0264,-0.0377,1.561,0.000262,-0.0,0.0
6.905,FLIGHT,0.8825,1.5057,0.3191,0.3567,0.3143,0.356,-0.021,-0.1934,0.0145,0.0272,1.0263,-0.0377,1.5611,0.000262,-0.0,0.0
6.91,FLIGHT,0.8841,1.5075,0.3139,0.3555,0.3094,0.3541,-0.0209,-0.1932,0.0136,0.0273,1.0262,-0.0377,1.5613,0.000262,-0.0001,0.0
6.915,FLIGHT,0.8856,1.5092,0.309,0.3536,0.3047,0.3516,-0.0209,-0.1931,0.0129,0.0272,1.0261,-0.0378,1.5615,0.000261,-0.0001,0.0
6.92,FLIGHT,0.8871,1.511,0.3043,0.351,0.3001,0.3485,-0.0208,-0.1929,0.0123,0.0271,1.0259,-0.0379,1.5618,0.000261,-0.0001,0.0
6.925,FLIGHT,0.8886,1.5127,0.2997,0.3479,0.2957,0.3449,-0.0207,-0.1928,0.0118,0.0269,1.0258,-0.038,1.5621,0.00026,-0.0001,0.0
6.93,FLIGHT,0.8901,1.5144,0.2953,0.3443,0.2914,0.3408,-0.0207,-0.1927,0.0114,0.0267,1.0256,-0.0382,1.5624,0.00026,-0.0001,0.0
6.935,FLIGHT,0.8915,1.5161,0.291,0.3402,0.2872,0.3364,-0.0206,-0.1925,0.011,0.0264,1.0254,-0.0385,1.5628,0.000259,-0.0001,0.0
6.94,FLIGHT,0.8929,1.5178,0.2868,0.3358,0.2831,0.3316,-0.0206,-0.1924,0.0108,0.0261,1.0251,-0.0387,1.5633,0.000259,-0.0001,0.0
6.945,FLIGHT,0.8944,1.5194,0.2827,0.331,0.2791,0.3266,-0.0205,-0.1923,0.0106,0.0258,1.0249,-0.0391,1.5638,0.000258,-0.0001,0.0
6.95,FLIGHT,0.8957,1.521,0.2787,0.326,0.275,0.3213,-0.0205,-0.1922,0.0105,0.0254,1.0246,-0.0394,1.5643,0.000258,-0.0001,0.0
6.955,FLIGHT,0.8971,1.5226,0.2746,0.3207,0.271,0.3159,-0.0204,-0.192,0.0104,0.025,1.0244,-0.0399,1.5648,0.000257,-0.0001,0.0
6.96,FLIGHT,0.8984,1.5242,0.2706,0.3153,0.267,0.3103,-0.0204,-0.1919,0.0103,0.0246,1.0241,-0.0403,1.5654,0.000257,-0.0001,0.0
6.965,FLIGHT,0.8998,1.5257,0.2666,0.3097,0.2629,0.3046,-0.0203,-0.1918,0.0102,0.0242,1.0237,-0.0407,1.566,0.000256,-0.0001,0.0
6.97,FLIGHT,0.9011,1.5273,0.2625,0.304,0.2589,0.2989,-0.0203,-0.1917,0.0102,0.0237,1.0234,-0.0412,1.5666,0.000256,-0.0001,0.0
6.975,FLIGHT,0.9024,1.5287,0.2584,0.2982,0.2548,0.2931,-0.0202,-0.1916,0.0101,0.0233,1.023,-0.0417,1.5672,0.000255,-0.0001,0.0
6.98,FLIGHT,0.9036,1.5302,0.2544,0.2924,0.2507,0.2872,-0.0202,-0.1915,0.0101,0.0228,1.0226,-0.0422,1.5678,0.000255,-0.0001,0.0
6.985,FLIGHT,0.9049,1.5316,0.2502,0.2866,0.2465,0.2813,-0.0201,-0.1913,0.01,0.0224,1.0222,-0.0427,1.5684,0.000254,-0.0001,0.0
6.99,FLIGHT,0.9061,1.533,0.2461,0.2807,0.2423,0.2755,-0.0201,-0.1912,0.01,0.0219,1.0218,-0.0433,1.569,0.000253,-0.0001,0.0
6.995,FLIGHT,0.9073,1.5344,0.2419,0.2749,0.2381,0.2696,-0.02,-0.1911,0.0099,0.0214,1.0214,-0.0438,1.5697,0.000253,-0.0001,0.0
7.0,FLIGHT,0.9085,1.5357,0.2377,0.269,0.2339,0.2638,-0.02,-0.191,0.0099,0.021,1.0209,-0.0443,1.5703,0.000252,-0.0001,0.0
7.005,FLIGHT,0.9096,1.537,0.2334,0.2632,0.2296,0.2581,-0.0199,-0.1909,0.0098,0.0205,1.0204,-0.0448,1.5709,0.000252,-0.0001,0.0
7.01,FLIGHT,0.9108,1.5383,0.2291,0.2575,0.2253,0.2523,-0.0199,-0.1908,0.0097,0.0201,1.0199,-0.0453,1.5715,0.000251,-0.0001,0.0
7.015,FLIGHT,0.9119,1.5395,0.2248,0.2518,0.221,0.2467,-0.0198,-0.1907,0.0097,0.0196,1.0194,-0.0458,1.5721,0.000251,-0.0001,0.0
7.02,FLIGHT,0.913,1.5407,0.2205,0.2461,0.2166,0.2411,-0.0198,-0.1906,0.0096,0.0192,1.0189,-0.0463,1.5727,0.00025,-0.0001,0.0
7.025,FLIGHT,0.914,1.5419,0.2162,0.2405,0.2123,0.2355,-0.0197,-0.1905,0.0095,0.0188,1.0183,-0.0468,1.5732,0.00025,-0.0001,0.0
7.03,FLIGHT,0.9151,1.5431,0.2118,0.235,0.208,0.23,-0.0197,-0.1904,0.0093,0.0183,1.0177,-0.0473,1.5738,0.000249,-0.0001,0.0
7.035,FLIGHT,0.9161,1.5442,0.2075,0.2295,0.2036,0.2246,-0.0196,-0.1904,0.0092,0.0179,1.0171,-0.0477,1.5744,0.000249,-0.0001,0.0
7.04,FLIGHT,0.9171,1.5453,0.2032,0.2241,0.1993,0.2193,-0.0196,-0.1903,0.0091,0.0175,1.0165,-0.0482,1.5749,0.000248,-0.0001,0.0
7.045,FLIGHT,0.9181,1.5464,0.1989,0.2188,0.195,0.214,-0.0195,-0.1902,0.009,0.0171,1.0159,-0.0486,1.5754,0.000248,-0.0001,0.0
7.05,FLIGHT,0.9191,1.5475,0.1946,0.2135,0.1907,0.2088,-0.0195,-0.1901,0.0088,0.0167,1.0152,-0.049,1.5759,0.000247,-0.0001,0.0
7.055,FLIGHT,0.92,1.5485,0.1903,0.2083,0.1865,0.2037,-0.0195,-0.19,0.0087,0.0163,1.0146,-0.0494,1.5764,0.000247,-0.0001,0.0
7.06,FLIGHT,0.921,1.5495,0.186,0.2032,0.1822,0.1987,-0.0194,-0.1899,0.0085,0.0159,1.0139,-0.0498,1.5769,0.000246,-0.0001,0.0
7.065,FLIGHT,0.9219,1.5505,0.1818,0.1982,0.1781,0.1937,-0.0194,-0.1899,0.0084,0.0155,1.0132,-0.0502,1.5773,0.000246,-0.0001,0.0
7.07,FLIGHT,0.9227,1.5515,0.1776,0.1932,0.1739,0.1888,-0.0193,-0.1898,0.0082,0.0151,1.0124,-0.0505,1.5778,0.000245,-0.0001,0.0
7.075,FLIGHT,0.9236,1.5524,0.1735,0.1883,0.1698,0.184,-0.0193,-0.1897,0.0081,0.0147,1.0117,-0.0509,1.5782,0.000245,-0.0001,0.0
7.08,FLIGHT,0.9244,1.5533,0.1694,0.1835,0.1658,0.1793,-0.0193,-0.1897,0.0079,0.0143,1.0109,-0.0512,1.5787,0.000244,-0.0001,0.0
7.085,FLIGHT,0.9252,1.5542,0.1654,0.1788,0.1618,0.1746,-0.0192,-0.1896,0.0078,0.014,1.0102,-0.0515,1.5791,0.000244,-0.0001,0.0
7.09,FLIGHT,0.926,1.555,0.1614,0.1741,0.1579,0.17,-0.0192,-0.1895,0.0076,0.0136,1.0094,-0.0519,1.5795,0.000243,-0.0001,0.0
7.095,FLIGHT,0.9268,1.5559,0.1575,0.1696,0.154,0.1655,-0.0191,-0.1894,0.0075,0.0133,1.0085,-0.0522,1.5799,0.000243,-0.0001,0.0
7.1,FLIGHT,0.9276,1.5567,0.1536,0.1651,0.1502,0.1611,-0.0191,-0.1894,0.0073,0.0129,1.0077,-0.0525,1.5802,0.000243,-0.0001,0.0
7.105,FLIGHT,0.9283,1.5575,0.1498,0.1607,0.1464,0.1567,-0.0191,-0.1893,0.0072,0.0126,1.0069,-0.0527,1.5806,0.000242,-0.0001,0.0
7.11,FLIGHT,0.9291,1.5583,0.1461,0.1563,0.1427,0.1525,-0.019,-0.1893,0.007,0.0122,1.006,-0.053,1.581,0.000242,-0.0001,0.0
7.115,FLIGHT,0.9298,1.559,0.1424,0.1521,0.1391,0.1483,-0.019,-0.1892,0.0069,0.0119,1.0051,-0.0533,1.5813,0.000241,-0.0001,0.0
7.12,FLIGHT,0.9304,1.5597,0.1388,0.1479,0.1356,0.1442,-0.019,-0.1891,0.0068,0.0116,1.0042,-0.0535,1.5817,0.000241,-0.0001,0.0
7.125,FLIGHT,0.9311,1.5605,0.1352,0.1438,0.1321,0.1401,-0.0189,-0.1891,0.0066,0.0112,1.0033,-0.0538,1.582,0.00024,-0.0001,0.0
7.13,FLIGHT,0.9318,1.5611,0.1318,0.1398,0.1287,0.1362,-0.0189,-0.189,0.0065,0.0109,1.0024,-0.054,1.5823,0.00024,-0.0001,0.0
7.135,FLIGHT,0.9324,1.5618,0.1283,0.1358,0.1253,0.1323,-0.0189,-0.189,0.0064,0.0106,1.0014,-0.0542,1.5826,0.00024,-0.0001,0.0
7.14,FLIGHT,0.933,1.5625,0.125,0.132,0.122,0.1285,-0.0188,-0.1889,0.0062,0.0103,1.0005,-0.0545,1.5829,0.000239,-0.0001,0.0
7.145,STANCE,0.9344,1.5631,0.2491,0.1207,0.4748,-0.0532,-0.0187,-0.1889,0.0311,0.0069,0.9996,0.2066,-0.5234,-0.00123,-0.4709,0.0954
7.15,STANCE,0.937,1.5604,0.4383,-0.3968,0.5589,-1.0871,-0.0178,-0.1892,0.1355,-0.0456,0.9984,0.0049,-0.9749,-0.003195,-0.3167,0.0665
7.155,STANCE,0.9405,1.555,0.6076,-0.8142,0.4089,-0.5616,-0.0164,-0.1898,0.2238,-0.0865,0.9975,-0.3077,-1.4047,-0.004874,-0.2051,0.0459
7.16,STANCE,0.9414,1.5539,0.3045,-0.3886,0.1204,-0.1216,-0.0161,-0.1899,0.1096,-0.0413,0.9976,-0.439,-2.0871,-0.005286,-0.002,0.0057
7.165,STANCE,0.9426,1.5522,0.2834,-0.3831,0.412,-0.6227,-0.0157,-0.1901,0.1051,-0.0402,0.9979,-0.6696,-2.4311,-0.005124,0.056,0.0051
7.17,STANCE,0.9445,1.5454,0.3365,-1.1513,0.2524,-2.2579,-0.0144,-0.1907,0.219,-0.1109,0.9978,-0.9125,-2.2189,-0.004565,0.1813,0.0046
7.175,STANCE,0.9472,1.5349,0.5074,-1.75,0.859,-1.8892,-0.0125,-0.1917,0.3347,-0.1645,0.998,-1.1492,-1.8304,-0.003952,0.0431,0.004
7.18,STANCE,0.9525,1.5243,0.8991,-2.0195,1.1978,-2.3424,-0.01,-0.1927,0.4501,-0.1872,0.9983,-1.3888,-1.3757,-0.003912,-0.0074,0.0054
7.185,STANCE,0.9577,1.5104,0.9791,-2.5776,1.0211,-2.9968,-0.0071,-0.194,0.5475,-0.2275,0.9984,-1.3874,-0.6491,-0.003699,0.0538,0.0037
7.19,STANCE,0.9633,1.4957,1.0734,-2.8329,0.9903,-3.1133,-0.0039,-0.1953,0.6075,-0.2386,0.9986,-1.2591,0.0241,-0.003562,0.0591,0.0036
7.195,STANCE,0.9682,1.4804,0.9974,-2.9875,0.9097,-3.0365,-0.0008,-0.1965,0.6205,-0.2395,0.9989,-0.9444,0.6424,-0.003288,0.0599,0.0033
7.2,STANCE,0.9724,1.4655,0.8804,-2.9747,0.7407,-2.939,0.0021,-0.1977,0.6012,-0.2277,0.9991,-0.5578,1.1028,-0.002951,0.0819,0.003
7.205,STANCE,0.9759,1.4513,0.7539,-2.8661,0.6429,-2.7476,0.0049,-0.1987,0.5652,-0.2102,0.9995,-0.22,1.3707,-0.00254,0.0905,0.0025
7.21,FLIGHT,0.9788,1.4379,0.638,-2.728,0.5514,-2.5942,0.0074,-0.1997,0.5261,-0.1924,0.9999,-1.2738,2.5578,-0.00203,0.1104,0.002
7.215,FLIGHT,0.9804,1.427,0.3882,-2.3258,0.0464,-1.8396,0.0093,-0.2005,0.4198,-0.1601,1.0004,-1.2665,2.539,-0.001442,0.1385,0.0014
7.22,FLIGHT,0.9793,1.4194,-0.0435,-1.7376,-0.4522,-1.1936,0.0102,-0.201,0.2475,-0.1211,1.0012,-1.155,2.4406,-0.000657,0.1734,0.0007
7.225,FLIGHT,0.976,1.4149,-0.4895,-1.1458,-0.8701,-0.638,0.0102,-0.2014,0.0705,-0.0844,1.002,-1.0072,2.3162,0.000256,0.171,0.0
7.23,FLIGHT,0.9708,1.4129,-0.8805,-0.6159,-1.1982,-0.1775,0.0095,-0.2015,-0.0867,-0.0513,1.003,-0.8519,2.1882,0.000923,0.0996,0.0
7.235,FLIGHT,0.9641,1.413,-1.1964,-0.1699,-1.4444,0.1904,0.0081,-0.2016,-0.2162,-0.0218,1.004,-0.7006,2.0651,0.001289,0.0503,0.0
7.24,FLIGHT,0.9565,1.4146,-1.435,0.1896,-1.6153,0.474,0.0063,-0.2015,-0.3169,0.0046,1.0051,-0.5592,1.9513,0.001454,0.018,0.0
7.245,FLIGHT,0.9481,1.4176,-1.6011,0.4679,-1.7193,0.6833,0.0042,-0.2014,-0.3904,0.0277,1.0063,-0.4309,1.849,0.001489,-0.0025,0.0005
7.25,FLIGHT,0.9394,1.4214,-1.7019,0.6737,-1.7655,0.8284,0.0019,-0.2011,-0.4396,0.0476,1.0075,-0.3167,1.7588,0.001443,-0.0148,0.003
7.255,FLIGHT,0.9305,1.4258,-1.7461,0.8166,-1.763,0.9193,-0.0005,-0.2008,-0.4677,0.0641,1.0087,-0.217,1.6808,0.00135,-0.0216,0.0043
7.26,FLIGHT,0.9218,1.4305,-1.7425,0.9062,-1.7204,0.9654,-0.0029,-0.2004,-0.4782,0.077,1.01,-0.1315,1.6147,0.001233,-0.0248,0.005
7.265,FLIGHT,0.9134,1.4354,-1.6995,0.9517,-1.6458,0.9753,-0.0053,-0.2,-0.4743,0.0863,1.0112,-0.0595,1.5599,0.001106,-0.0256,0.0051
7.27,FLIGHT,0.9054,1.4402,-1.625,0.9616,-1.5463,0.9569,-0.0076,-0.1995,-0.4591,0.0922,1.0124,-0.0001,1.5155,0.000979,-0.0248,0.005
7.275,FLIGHT,0.898,1.4449,-1.5261,0.9436,-1.4287,0.9169,-0.0097,-0.1991,-0.4352,0.0948,1.0135,0.0479,1.4805,0.000859,-0.0232,0.0046
7.28,FLIGHT,0.8911,1.4493,-1.4094,0.9043,-1.2985,0.8615,-0.0117,-0.1986,-0.405,0.0945,1.0147,0.0854,1.4539,0.000748,-0.021,0.0042
7.285,FLIGHT,0.885,1.4535,-1.2803,0.8499,-1.1607,0.7959,-0.0135,-0.1982,-0.3705,0.0918,1.0158,0.1138,1.4347,0.000649,-0.0186,0.0037
7.29,FLIGHT,0.8795,1.4573,-1.1438,0.7853,-1.0194,0.7242,-0.0151,-0.1978,-0.3334,0.0871,1.0168,0.134,1.422,0.000562,-0.0162,0.0032
7.295,FLIGHT,0.8748,1.4607,-1.0039,0.7148,-0.8782,0.6501,-0.0165,-0.1974,-0.2952,0.081,1.0178,0.1473,1.4147,0.000487,-0.0138,0.0028
7.3,FLIGHT,0.8707,1.4638,-0.8641,0.642,-0.7399,0.5766,-0.0177,-0.197,-0.257,0.0738,1.0188,0.1546,1.4119,0.000424,-0.0115,0.0023
7.305,FLIGHT,0.8674,1.4665,-0.7272,0.5696,-0.6066,0.5057,-0.0187,-0.1967,-0.2197,0.066,1.0197,0.1569,1.4128,0.000372,-0.0095,0.0019
7.31,FLIGHT,0.8647,1.4688,-0.5954,0.4999,-0.4802,0.4392,-0.0196,-0.1965,-0.184,0.0579,1.0206,0.1551,1.4166,0.000329,-0.0077,0.0015
7.315,FLIGHT,0.8626,1.4709,-0.4704,0.4346,-0.3618,0.3784,-0.0202,-0.1962,-0.1504,0.05,1.0215,0.1501,1.4228,0.000294,-0.0062,0.0012
7.32,FLIGHT,0.861,1.4726,-0.3533,0.3748,-0.2523,0.3241,-0.0208,-0.196,-0.1193,0.0424,1.0223,0.1424,1.4306,0.000267,-0.0049,0.001
7.325,FLIGHT,0.86,1.4741,-0.2451,0.3214,-0.1524,0.2766,-0.0212,-0.1959,-0.0908,0.0354,1.0231,0.1328,1.4396,0.000246,-0.0037,0.0007
7.33,FLIGHT,0.8595,1.4754,-0.1463,0.2748,-0.0621,0.2362,-0.0215,-0.1957,-0.0652,0.029,1.0238,0.1219,1.4494,0.000229,-0.0028,0.0006
7.335,FLIGHT,0.8594,1.4765,-0.0571,0.2352,0.0185,0.2029,-0.0216,-0.1956,-0.0424,0.0234,1.0245,0.11,1.4596,0.000217,-0.002,0.0004
7.34,FLIGHT,0.8597,1.4775,0.0226,0.2025,0.0897,0.1763,-0.0217,-0.1955,-0.0225,0.0186,1.0252,0.0977,1.4699,0.000209,-0.0014,0.0003
7.345,FLIGHT,0.8603,1.4783,0.0928,0.1765,0.1517,0.1561,-0.0217,-0.1955,-0.0053,0.0147,1.0258,0.0852,1.4801,0.000203,-0.0009,0.0002
7.35,FLIGHT,0.8612,1.479,0.1541,0.1568,0.205,0.1419,-0.0216,-0.1954,0.0093,0.0115,1.0265,0.0728,1.4899,0.0002,-0.0004,0.0001
7.355,FLIGHT,0.8623,1.4797,0.2067,0.143,0.2502,0.1331,-0.0215,-0.1954,0.0214,0.0091,1.027,0.0608,1.4992,0.000199,-0.0001,0.0
7.36,FLIGHT,0.8637,1.4804,0.2514,0.1345,0.288,0.1291,-0.0213,-0.1954,0.0312,0.0073,1.0276,0.0493,1.5079,0.000199,0.0002,0.0
7.365,FLIGHT,0.8652,1.481,0.2887,0.1307,0.3189,0.1293,-0.0211,-0.1953,0.039,0.0062,1.0282,0.0385,1.516,0.000201,0.0004,0.0
7.37,FLIGHT,0.8668,1.4817,0.3192,0.1311,0.3437,0.133,-0.0209,-0.1953,0.0449,0.0057,1.0287,0.0285,1.5234,0.000203,0.0005,0.0
7.375,FLIGHT,0.8686,1.4824,0.3436,0.1349,0.3629,0.1398,-0.0206,-0.1953,0.0491,0.0056,1.0292,0.0192,1.5301,0.000206,0.0006,0.0
7.38,FLIGHT,0.8705,1.4831,0.3625,0.1417,0.3773,0.149,-0.0203,-0.1952,0.0519,0.0059,1.0297,0.0108,1.5361,0.000209,0.0007,0.0
7.385,FLIGHT,0.8724,1.4838,0.3767,0.1509,0.3875,0.1601,-0.0201,-0.1952,0.0534,0.0066,1.0301,0.0033,1.5413,0.000213,0.0008,0.0
7.39,FLIGHT,0.8743,1.4847,0.3867,0.162,0.394,0.1725,-0.0198,-0.1952,0.0538,0.0075,1.0306,-0.0034,1.5459,0.000217,0.0008,0.0
7.395,FLIGHT,0.8763,1.4856,0.3931,0.1744,0.3974,0.186,-0.0195,-0.1951,0.0534,0.0086,1.031,-0.0092,1.5499,0.000221,0.0008,0.0
7.4,FLIGHT,0.8783,1.4865,0.3964,0.1877,0.3982,0.1999,-0.0193,-0.1951,0.0522,0.0098,1.0314,-0.0143,1.5533,0.000224,0.0007,0.0
7.405,FLIGHT,0.8803,1.4876,0.3972,0.2015,0.3969,0.2141,-0.019,-0.195,0.0505,0.0112,1.0318,-0.0187,1.5561,0.000228,0.0007,0.0
7.41,FLIGHT,0.8823,1.4887,0.3959,0.2156,0.3939,0.2281,-0.0188,-0.1949,0.0483,0.0126,1.0322,-0.0224,1.5584,0.000231,0.0006,0.0
7.415,FLIGHT,0.8842,1.4899,0.3929,0.2295,0.3896,0.2418,-0.0186,-0.1949,0.0458,0.014,1.0325,-0.0255,1.5603,0.000234,0.0006,0.0
7.42,FLIGHT,0.8862,1.4911,0.3886,0.243,0.3842,0.2548,-0.0183,-0.1948,0.0431,0.0154,1.0329,-0.028,1.5619,0.000237,0.0005,0.0
7.425,FLIGHT,0.8881,1.4924,0.3832,0.2559,0.378,0.2671,-0.0181,-0.1947,0.0403,0.0167,1.0332,-0.0301,1.563,0.00024,0.0005,0.0
7.43,FLIGHT,0.8899,1.4938,0.3771,0.268,0.3714,0.2785,-0.018,-0.1946,0.0374,0.018,1.0335,-0.0318,1.564,0.000242,0.0004,0.0
7.435,FLIGHT,0.8918,1.4952,0.3705,0.2793,0.3644,0.2889,-0.0178,-0.1945,0.0346,0.0192,1.0338,-0.033,1.5646,0.000244,0.0004,0.0
7.44,FLIGHT,0.8936,1.4967,0.3636,0.2895,0.3573,0.2983,-0.0176,-0.1944,0.0318,0.0204,1.034,-0.034,1.5651,0.000246,0.0003,0.0
7.445,FLIGHT,0.8953,1.4982,0.3565,0.2987,0.3501,0.3065,-0.0175,-0.1943,0.0292,0.0214,1.0343,-0.0347,1.5655,0.000247,0.0003,0.0
7.45,FLIGHT,0.8971,1.4997,0.3494,0.3068,0.3431,0.3136,-0.0174,-0.1942,0.0266,0.0223,1.0345,-0.0352,1.5657,0.000248,0.0002,0.0
7.455,FLIGHT,0.8988,1.5013,0.3424,0.3138,0.3361,0.3195,-0.0173,-0.1941,0.0243,0.0231,1.0347,-0.0356,1.5658,0.000249,0.0002,0.0
7.46,FLIGHT,0.9004,1.5029,0.3355,0.3196,0.3294,0.3244,-0.0172,-0.194,0.0221,0.0238,1.0349,-0.0358,1.5659,0.00025,0.0001,0.0
7.465,FLIGHT,0.9021,1.5045,0.3288,0.3244,0.3229,0.3281,-0.0171,-0.1938,0.0202,0.0244,1.0351,-0.0359,1.5659,0.000251,0.0001,0.0
7.47,FLIGHT,0.9037,1.5062,0.3224,0.3281,0.3167,0.3309,-0.017,-0.1937,0.0184,0.0248,1.0352,-0.036,1.566,0.000251,0.0001,0.0
7.475,FLIGHT,0.9052,1.5078,0.3162,0.3307,0.3108,0.3327,-0.0169,-0.1936,0.0168,0.0252,1.0353,-0.036,1.566,0.000251,0.0,0.0
7.48,FLIGHT,0.9068,1.5095,0.3103,0.3324,0.3052,0.3335,-0.0168,-0.1935,0.0154,0.0255,1.0355,-0.036,1.566,0.000252,0.0,0.0
7.485,FLIGHT,0.9083,1.5112,0.3047,0.3332,0.2998,0.3336,-0.0167,-0.1933,0.0142,0.0257,1.0355,-0.0359,1.5661,0.000252,-0.0,0.0
7.49,FLIGHT,0.9098,1.5128,0.2993,0.3332,0.2947,0.3328,-0.0167,-0.1932,0.0131,0.0258,1.0356,-0.0359,1.5662,0.000251,-0.0,0.0
7.495,FLIGHT,0.9112,1.5145,0.2942,0.3324,0.2898,0.3314,-0.0166,-0.1931,0.0122,0.0259,1.0357,-0.036,1.5663,0.000251,-0.0,0.0
7.5,FLIGHT,0.9127,1.5162,0.2894,0.3309,0.2851,0.3293,-0.0166,-0.1929,0.0114,0.0258,1.0357,-0.036,1.5665,0.000251,-0.0001,0.0
7.505,FLIGHT,0.9141,1.5178,0.2847,0.3288,0.2806,0.3266,-0.0165,-0.1928,0.0108,0.0257,1.0357,-0.0361,1.5667,0.000251,-0.0001,0.0
7.51,FLIGHT,0.9155,1.5194,0.2802,0.3261,0.2762,0.3234,-0.0165,-0.1927,0.0102,0.0256,1.0357,-0.0362,1.5669,0.00025,-0.0001,0.0
7.515,FLIGHT,0.9169,1.521,0.2758,0.3229,0.272,0.3198,-0.0164,-0.1926,0.0098,0.0254,1.0356,-0.0364,1.5672,0.00025,-0.0001,0.0
7.52,FLIGHT,0.9182,1.5226,0.2716,0.3192,0.2679,0.3158,-0.0164,-0.1924,0.0095,0.0251,1.0356,-0.0366,1.5676,0.000249,-0.0001,0.0
7.525,FLIGHT,0.9195,1.5242,0.2675,0.3152,0.2639,0.3114,-0.0163,-0.1923,0.0092,0.0248,1.0355,-0.0369,1.5679,0.000249,-0.0001,0.0
7.53,FLIGHT,0.9208,1.5257,0.2635,0.3108,0.2599,0.3068,-0.0163,-0.1922,0.009,0.0245,1.0354,-0.0372,1.5683,0.000248,-0.0001,0.0
7.535,FLIGHT,0.9221,1.5273,0.2595,0.3062,0.256,0.3019,-0.0162,-0.1921,0.0088,0.0242,1.0352,-0.0375,1.5688,0.000248,-0.0001,0.0
7.54,FLIGHT,0.9234,1.5288,0.2556,0.3013,0.2521,0.2969,-0.0162,-0.1919,0.0087,0.0238,1.0351,-0.0378,1.5693,0.000247,-0.0001,0.0
7.545,FLIGHT,0.9247,1.5302,0.2517,0.2963,0.2483,0.2917,-0.0161,-0.1918,0.0086,0.0234,1.0349,-0.0382,1.5698,0.000247,-0.0001,0.0
7.55,FLIGHT,0.9259,1.5317,0.2479,0.2911,0.2444,0.2863,-0.0161,-0.1917,0.0085,0.023,1.0347,-0.0386,1.5703,0.000246,-0.0001,0.0
7.555,FLIGHT,0.9271,1.5331,0.244,0.2857,0.2405,0.2809,-0.0161,-0.1916,0.0085,0.0226,1.0345,-0.039,1.5708,0.000246,-0.0001,0.0
7.56,FLIGHT,0.9283,1.5345,0.2401,0.2803,0.2367,0.2754,-0.016,-0.1915,0.0084,0.0222,1.0343,-0.0395,1.5714,0.000245,-0.0001,0.0
7.565,FLIGHT,0.9295,1.5358,0.2362,0.2748,0.2328,0.2699,-0.016,-0.1914,0.0084,0.0218,1.034,-0.04,1.5719,0.000245,-0.0001,0.0
7.57,FLIGHT,0.9306,1.5372,0.2323,0.2693,0.2288,0.2644,-0.0159,-0.1913,0.0084,0.0213,1.0337,-0.0404,1.5725,0.000244,-0.0001,0.0
7.575,FLIGHT,0.9318,1.5385,0.2284,0.2638,0.2249,0.2588,-0.0159,-0.1912,0.0083,0.0209,1.0334,-0.0409,1.573,0.000244,-0.0001,0.0
7.58,FLIGHT,0.9329,1.5398,0.2245,0.2582,0.2209,0.2533,-0.0159,-0.1911,0.0083,0.0204,1.0331,-0.0414,1.5736,0.000243,-0.0001,0.0
7.585,FLIGHT,0.934,1.541,0.2205,0.2527,0.2169,0.2477,-0.0158,-0.191,0.0083,0.02,1.0328,-0.0419,1.5742,0.000243,-0.0001,0.0
7.59,FLIGHT,0.935,1.5422,0.2165,0.2472,0.2129,0.2423,-0.0158,-0.1909,0.0082,0.0196,1.0324,-0.0423,1.5747,0.000242,-0.0001,0.0
7.595,FLIGHT,0.9361,1.5434,0.2125,0.2417,0.2089,0.2368,-0.0157,-0.1908,0.0082,0.0191,1.032,-0.0428,1.5753,0.000242,-0.0001,0.0
7.6,FLIGHT,0.9371,1.5446,0.2084,0.2363,0.2048,0.2314,-0.0157,-0.1907,0.0081,0.0187,1.0316,-0.0433,1.5758,0.000241,-0.0001,0.0
7.605,FLIGHT,0.9381,1.5458,0.2044,0.2309,0.2008,0.2261,-0.0156,-0.1906,0.0081,0.0183,1.0312,-0.0437,1.5764,0.000241,-0.0001,0.0
7.61,FLIGHT,0.9391,1.5469,0.2003,0.2255,0.1967,0.2208,-0.0156,-0.1905,0.008,0.0179,1.0308,-0.0442,1.5769,0.00024,-0.0001,0.0
7.615,FLIGHT,0.9401,1.548,0.1963,0.2203,0.1926,0.2156,-0.0156,-0.1904,0.0079,0.0175,1.0303,-0.0446,1.5774,0.00024,-0.0001,0.0
7.62,FLIGHT,0.9411,1.549,0.1922,0.2151,0.1886,0.2104,-0.0155,-0.1903,0.0078,0.017,1.0298,-0.0451,1.5779,0.000239,-0.0001,0.0
7.625,FLIGHT,0.942,1.5501,0.1882,0.2099,0.1845,0.2054,-0.0155,-0.1903,0.0077,0.0166,1.0293,-0.0455,1.5784,0.000239,-0.0001,0.0
7.63,FLIGHT,0.9429,1.5511,0.1841,0.2049,0.1805,0.2004,-0.0155,-0.1902,0.0076,0.0162,1.0288,-0.0459,1.5789,0.000238,-0.0001,0.0
7.635,FLIGHT,0.9438,1.5521,0.1801,0.1999,0.1765,0.1954,-0.0154,-0.1901,0.0075,0.0158,1.0283,-0.0463,1.5794,0.000238,-0.0001,0.0
7.64,FLIGHT,0.9447,1.553,0.1761,0.1949,0.1725,0.1906,-0.0154,-0.19,0.0074,0.0155,1.0277,-0.0466,1.5798,0.000237,-0.0001,0.0
7.645,FLIGHT,0.9455,1.554,0.1721,0.1901,0.1686,0.1858,-0.0153,-0.19,0.0073,0.0151,1.0271,-0.047,1.5803,0.000237,-0.0001,0.0
7.65,FLIGHT,0.9464,1.5549,0.1682,0.1853,0.1647,0.1811,-0.0153,-0.1899,0.0071,0.0147,1.0265,-0.0474,1.5807,0.000236,-0.0001,0.0
7.655,FLIGHT,0.9472,1.5558,0.1643,0.1806,0.1608,0.1764,-0.0153,-0.1898,0.007,0.0143,1.0259,-0.0477,1.5811,0.000236,-0.0001,0.0
7.66,FLIGHT,0.948,1.5567,0.1604,0.176,0.157,0.1718,-0.0152,-0.1897,0.0069,0.014,1.0253,-0.048,1.5815,0.000235,-0.0001,0.0
7.665,FLIGHT,0.9487,1.5575,0.1566,0.1714,0.1532,0.1674,-0.0152,-0.1897,0.0068,0.0136,1.0246,-0.0484,1.5819,0.000235,-0.0001,0.0
7.67,FLIGHT,0.9495,1.5583,0.1528,0.1669,0.1495,0.1629,-0.0152,-0.1896,0.0067,0.0132,1.0239,-0.0487,1.5823,0.000234,-0.0001,0.0
7.675,FLIGHT,0.9502,1.5591,0.1491,0.1625,0.1458,0.1586,-0.0151,-0.1895,0.0065,0.0129,1.0232,-0.049,1.5827,0.000234,-0.0001,0.0
7.68,FLIGHT,0.951,1.5599,0.1454,0.1582,0.1421,0.1543,-0.0151,-0.1895,0.0064,0.0126,1.0225,-0.0492,1.583,0.000234,-0.0001,0.0
7.685,FLIGHT,0.9517,1.5607,0.1418,0.1539,0.1386,0.1501,-0.0151,-0.1894,0.0063,0.0122,1.0218,-0.0495,1.5834,0.000233,-0.0001,0.0
7.69,FLIGHT,0.9523,1.5614,0.1382,0.1497,0.1351,0.146,-0.015,-0.1894,0.0062,0.0119,1.021,-0.0498,1.5837,0.000233,-0.0001,0.0
7.695,FLIGHT,0.953,1.5621,0.1347,0.1456,0.1316,0.142,-0.015,-0.1893,0.006,0.0116,1.0203,-0.05,1.5841,0.000232,-0.0001,0.0
7.7,FLIGHT,0.9537,1.5628,0.1313,0.1416,0.1282,0.138,-0.015,-0.1892,0.0059,0.0112,1.0195,-0.0503,1.5844,0.000232,-0.0001,0.0
7.705,FLIGHT,0.9543,1.5635,0.1279,0.1377,0.1249,0.1341,-0.015,-0.1892,0.0058,0.0109,1.0187,-0.0505,1.5847,0.000232,-0.0001,0.0
7.71,FLIGHT,0.9549,1.5642,0.1246,0.1338,0.1217,0.1303,-0.0149,-0.1891,0.0057,0.0106,1.0178,-0.0507,1.585,0.000231,-0.0001,0.0
7.715,FLIGHT,0.9555,1.5648,0.1214,0.13,0.1185,0.1266,-0.0149,-0.1891,0.0056,0.0103,1.017,-0.051,1.5853,0.000231,-0.0001,0.0
7.72,FLIGHT,0.9561,1.5654,0.1182,0.1262,0.1153,0.1229,-0.0149,-0.189,0.0055,0.01,1.0162,-0.0512,1.5856,0.00023,-0.0001,0.0
7.725,FLIGHT,0.9567,1.5661,0.1151,0.1226,0.1123,0.1194,-0.0148,-0.189,0.0054,0.0097,1.0153,-0.0514,1.5859,0.00023,-0.0001,0.0
7.73,FLIGHT,0.9572,1.5666,0.112,0.119,0.1093,0.1159,-0.0148,-0.1889,0.0052,0.0094,1.0144,-0.0516,1.5861,0.00023,-0.0001,0.0
7.735,FLIGHT,0.9577,1.5672,0.109,0.1155,0.1063,0.1124,-0.0148,-0.1889,0.0051,0.0092,1.0135,-0.0518,1.5864,0.000229,-0.0001,0.0
7.74,FLIGHT,0.9583,1.5678,0.1061,0.1121,0.1035,0.1091,-0.0148,-0.1889,0.005,0.0089,1.0126,-0.052,1.5867,0.000229,-0.0001,0.0
7.745,FLIGHT,0.9588,1.5683,0.1032,0.1088,0.1006,0.1058,-0.0147,-0.1888,0.0049,0.0086,1.0116,-0.0522,1.5869,0.000229,-0.0001,0.0
7.75,FLIGHT,0.9593,1.5688,0.1004,0.1055,0.0979,0.1026,-0.0147,-0.1888,0.0048,0.0084,1.0107,-0.0524,1.5872,0.000228,-0.0001,0.0
7.755,FLIGHT,0.9598,1.5693,0.0976,0.1023,0.0952,0.0995,-0.0147,-0.1887,0.0047,0.0081,1.0097,-0.0525,1.5874,0.000228,-0.0001,0.0
7.76,FLIGHT,0.9602,1.5698,0.095,0.0992,0.0926,0.0965,-0.0147,-0.1887,0.0047,0.0079,1.0087,-0.0527,1.5877,0.000228,-0.0001,0.0
7.765,FLIGHT,0.9607,1.5703,0.0923,0.0962,0.09,0.0935,-0.0147,-0.1887,0.0046,0.0076,1.0077,-0.0529,1.5879,0.000228,-0.0001,0.0
7.77,FLIGHT,0.9611,1.5708,0.0898,0.0932,0.0875,0.0906,-0.0146,-0.1886,0.0045,0.0074,1.0067,-0.0531,1.5881,0.000227,-0.0001,0.0
7.775,FLIGHT,0.9616,1.5712,0.0872,0.0903,0.085,0.0878,-0.0146,-0.1886,0.0044,0.0072,1.0057,-0.0532,1.5883,0.000227,-0.0001,0.0
7.78,FLIGHT,0.962,1.5716,0.0848,0.0875,0.0826,0.085,-0.0146,-0.1886,0.0043,0.0069,1.0046,-0.0534,1.5885,0.000227,-0.0001,0.0
7.785,FLIGHT,0.9624,1.5721,0.0824,0.0848,0.0803,0.0824,-0.0146,-0.1885,0.0042,0.0067,1.0036,-0.0535,1.5888,0.000226,-0.0001,0.0
7.79,FLIGHT,0.9628,1.5725,0.0801,0.0821,0.078,0.0798,-0.0145,-0.1885,0.0041,0.0065,1.0025,-0.0537,1.589,0.000226,-0.0,0.0
7.795,FLIGHT,0.9632,1.5728,0.0778,0.0795,0.0757,0.0772,-0.0145,-0.1885,0.004,0.0063,1.0014,-0.0538,1.5892,0.000226,-0.0,0.0
7.8,FLIGHT,0.9635,1.5732,0.0755,0.077,0.0736,0.0748,-0.0145,-0.1884,0.0039,0.0061,1.0003,-0.054,1.5894,0.000226,-0.0,0.0
7.805,STANCE,0.9646,1.5741,0.1985,0.1512,0.4725,0.1683,-0.0144,-0.1884,0.0172,0.0113,0.9993,0.1386,-0.4217,-0.000732,-0.408,0.0823
7.81,STANCE,0.9678,1.5732,0.4968,-0.1222,0.6684,-0.6733,-0.0137,-0.1885,0.11,-0.0181,0.9983,-0.1154,-0.9488,-0.002849,-0.3607,0.075
7.815,STANCE,0.9698,1.5704,0.3952,-0.3686,0.1165,-0.1322,-0.0129,-0.1888,0.1242,-0.0391,0.9977,-0.324,-1.4557,-0.003883,-0.0612,0.0161
7.82,STANCE,0.9702,1.5704,0.1856,-0.1211,0.1309,-0.0441,-0.0129,-0.1888,0.0513,-0.0135,0.9979,-0.5108,-2.0844,-0.003897,0.033,0.0039
7.825,STANCE,0.9716,1.569,0.2636,-0.2582,0.4358,-0.5591,-0.0124,-0.1889,0.0846,-0.027,0.9982,-0.8086,-2.3952,-0.003634,0.07,0.0036
7.83,STANCE,0.9738,1.5629,0.3864,-0.9864,0.6177,-1.7058,-0.0112,-0.1895,0.2069,-0.0937,0.9982,-1.1036,-2.2362,-0.003107,0.0736,0.0031
7.835,STANCE,0.9785,1.5534,0.7999,-1.6226,1.1945,-2.1182,-0.009,-0.1904,0.3743,-0.151,0.9983,-1.475,-1.8657,-0.003104,-0.0435,0.0118
7.84,STANCE,0.9848,1.5413,1.0903,-2.2115,1.1499,-2.8263,-0.0061,-0.1915,0.5149,-0.1971,0.9983,-1.709,-1.3012,-0.003293,-0.0019,0.0037
7.845,STANCE,0.991,1.527,1.199,-2.6583,1.1941,-3.0076,-0.0029,-0.1927,0.6037,-0.2248,0.9983,-1.7365,-0.6455,-0.003429,-0.0141,0.0062
7.85,STANCE,0.9968,1.5119,1.157,-2.9158,1.108,-3.0149,0.0003,-0.194,0.6381,-0.2338,0.9983,-1.5493,0.002,-0.003494,-0.0149,0.0065
7.855,STANCE,1.0017,1.4967,1.0237,-2.991,0.8883,-2.9809,0.0034,-0.1952,0.6288,-0.2281,0.9984,-1.1894,0.5669,-0.003475,0.0106,0.0035
7.86,STANCE,1.0055,1.482,0.8425,-2.9477,0.6932,-2.8514,0.0063,-0.1963,0.5924,-0.2151,0.9985,-0.7383,1.0072,-0.003346,0.0307,0.0033
7.865,STANCE,1.0085,1.468,0.6696,-2.8344,0.5462,-2.6977,0.0089,-0.1973,0.5462,-0.199,0.9987,-0.328,1.2848,-0.003118,0.0489,0.0031
7.87,FLIGHT,1.011,1.4549,0.5484,-2.6838,0.4609,-2.5482,0.0113,-0.1982,0.5038,-0.1817,0.999,-1.5239,2.7545,-0.002821,0.0675,0.0028
7.875,FLIGHT,1.0122,1.4436,0.3052,-2.3593,-0.0712,-1.8825,0.0132,-0.199,0.4101,-0.1568,0.9994,-1.5237,2.7437,-0.002361,0.1211,0.0024
7.88,FLIGHT,1.0103,1.436,-0.1902,-1.7402,-0.6704,-1.1437,0.014,-0.1995,0.2204,-0.1198,1.0,-1.3993,2.6347,-0.001632,0.1678,0.0016
7.885,FLIGHT,1.0056,1.432,-0.7202,-1.0805,-1.1772,-0.5087,0.0137,-0.1998,0.0165,-0.0827,1.0007,-1.2232,2.487,-0.000711,0.1981,0.0007
7.89,FLIGHT,0.9987,1.4308,-1.1929,-0.4823,-1.5776,0.0134,0.0125,-0.2,-0.1672,-0.0478,1.0016,-1.0344,2.3312,0.000289,0.1761,0.0
7.895,FLIGHT,0.99,1.4319,-1.5749,0.0212,-1.8743,0.4265,0.0106,-0.2,-0.3181,-0.0151,1.0025,-0.851,2.1813,0.000974,0.1019,0.0
7.9,FLIGHT,0.9801,1.4349,-1.8628,0.4232,-2.0801,0.7387,0.0081,-0.1999,-0.4344,0.0151,1.0036,-0.6798,2.0423,0.001348,0.051,0.0
7.905,FLIGHT,0.9694,1.4391,-2.0628,0.7287,-2.205,0.9619,0.0054,-0.1997,-0.5178,0.0427,1.0047,-0.5244,1.917,0.001514,0.0177,0.0
7.91,FLIGHT,0.9582,1.4444,-2.1839,0.9477,-2.2602,1.1083,0.0024,-0.1993,-0.5719,0.067,1.0058,-0.3862,1.8065,0.001545,-0.0034,0.0007
7.915,FLIGHT,0.9469,1.4501,-2.2367,1.0915,-2.2565,1.1902,-0.0007,-0.1989,-0.6007,0.0874,1.007,-0.2657,1.711,0.001494,-0.0161,0.0032
7.92,FLIGHT,0.9357,1.4562,-2.2317,1.172,-2.2045,1.219,-0.0038,-0.1984,-0.6085,0.1034,1.0082,-0.1625,1.63,0.001394,-0.023,0.0046
7.925,FLIGHT,0.9249,1.4622,-2.1792,1.2002,-2.1138,1.2052,-0.0068,-0.1978,-0.5992,0.1149,1.0093,-0.0756,1.5629,0.00127,-0.0262,0.0052
7.93,FLIGHT,0.9146,1.4682,-2.0888,1.1865,-1.9934,1.1583,-0.0096,-0.1972,-0.5765,0.1218,1.0105,-0.004,1.5086,0.001136,-0.0269,0.0054
7.935,FLIGHT,0.905,1.4738,-1.969,1.1403,-1.851,1.0869,-0.0123,-0.1966,-0.5438,0.1243,1.0116,0.0537,1.466,0.001004,-0.026,0.0052
7.94,FLIGHT,0.8961,1.479,-1.8277,1.0699,-1.6936,0.9983,-0.0148,-0.1961,-0.504,0.123,1.0127,0.0987,1.4339,0.000877,-0.0243,0.0049
7.945,FLIGHT,0.8881,1.4837,-1.6717,0.9826,-1.5271,0.8987,-0.017,-0.1955,-0.4594,0.1183,1.0137,0.1326,1.4109,0.000762,-0.022,0.0044
7.95,FLIGHT,0.8809,1.488,-1.5068,0.8845,-1.3567,0.7935,-0.019,-0.195,-0.4122,0.1108,1.0147,0.1568,1.3959,0.000658,-0.0195,0.0039
7.955,FLIGHT,0.8745,1.4917,-1.338,0.781,-1.1864,0.6871,-0.0207,-0.1945,-0.3641,0.1014,1.0157,0.1724,1.3875,0.000567,-0.0169,0.0034
7.96,FLIGHT,0.869,1.4949,-1.1695,0.6761,-1.0197,0.5828,-0.0222,-0.1941,-0.3163,0.0905,1.0166,0.1809,1.3847,0.000489,-0.0144,0.0029
7.965,FLIGHT,0.8643,1.4975,-1.0046,0.5735,-0.8593,0.4833,-0.0234,-0.1937,-0.27,0.0789,1.0174,0.1833,1.3865,0.000423,-0.012,0.0024
7.97,FLIGHT,0.8604,1.4997,-0.8459,0.4756,-0.7073,0.3908,-0.0245,-0.1934,-0.2258,0.067,1.0182,0.1808,1.3919,0.000368,-0.0099,0.002
7.975,FLIGHT,0.8572,1.5014,-0.6955,0.3846,-0.5651,0.3065,-0.0253,-0.1932,-0.1845,0.0553,1.019,0.1743,1.4,0.000323,-0.008,0.0016
7.98,FLIGHT,0.8547,1.5028,-0.555,0.3017,-0.4338,0.2314,-0.026,-0.193,-0.1463,0.0441,1.0197,0.1647,1.4102,0.000287,-0.0064,0.0013
7.985,FLIGHT,0.8529,1.5038,-0.4252,0.2279,-0.314,0.166,-0.0265,-0.1928,-0.1116,0.0338,1.0204,0.1528,1.4218,0.000259,-0.005,0.001
7.99,FLIGHT,0.8516,1.5045,-0.3069,0.1636,-0.2061,0.1104,-0.0268,-0.1927,-0.0803,0.0244,1.021,0.1393,1.4342,0.000237,-0.0039,0.0008
7.995,FLIGHT,0.8508,1.5049,-0.2002,0.109,-0.1098,0.0644,-0.027,-0.1927,-0.0527,0.0162,1.0216,0.1247,1.447,0.00022,-0.0029,0.0006
8.0,FLIGHT,0.8504,1.5051,-0.1051,0.0639,-0.0251,0.0277,-0.0271,-0.1926,-0.0285,0.0092,1.0222,0.1096,1.4599,0.000208,-0.002,0.0004
8.005,FLIGHT,0.8505,1.5052,-0.0214,0.0279,0.0486,-0.0004,-0.0271,-0.1926,-0.0077,0.0033,1.0228,0.0943,1.4725,0.000199,-0.0014,0.0003
8.01,FLIGHT,0.8509,1.5051,0.0514,0.0005,0.1119,-0.0204,-0.027,-0.1927,0.0098,-0.0013,1.0233,0.0792,1.4847,0.000194,-0.0008,0.0002
8.015,FLIGHT,0.8516,1.505,0.1139,-0.019,0.1654,-0.0331,-0.0269,-0.1927,0.0244,-0.0049,1.0238,0.0647,1.4962,0.000191,-0.0003,0.0001
8.02,FLIGHT,0.8526,1.5048,0.1667,-0.0313,0.2099,-0.0394,-0.0267,-0.1927,0.0362,-0.0075,1.0242,0.0508,1.5069,0.00019,0.0,0.0
8.025,FLIGHT,0.8537,1.5046,0.2106,-0.0373,0.2463,-0.0399,-0.0264,-0.1928,0.0454,-0.0092,1.0247,0.0377,1.5167,0.000191,0.0003,0.0
8.03,FLIGHT,0.855,1.5044,0.2465,-0.0376,0.2752,-0.0357,-0.0261,-0.1928,0.0524,-0.0102,1.0251,0.0257,1.5256,0.000193,0.0005,0.0
8.035,FLIGHT,0.8564,1.5043,0.2751,-0.0332,0.2977,-0.0273,-0.0258,-0.1929,0.0574,-0.0104,1.0255,0.0147,1.5336,0.000196,0.0007,0.0
8.04,FLIGHT,0.858,1.5041,0.2972,-0.0247,0.3144,-0.0156,-0.0255,-0.1929,0.0606,-0.01,1.0259,0.0047,1.5406,0.0002,0.0008,0.0
8.045,FLIGHT,0.8596,1.5041,0.3137,-0.013,0.3262,-0.0013,-0.0252,-0.193,0.0622,-0.0092,1.0262,-0.0041,1.5467,0.000204,0.0008,0.0
8.05,FLIGHT,0.8612,1.5041,0.3253,0.0013,0.3337,0.015,-0.0249,-0.193,0.0626,-0.008,1.0266,-0.0119,1.552,0.000208,0.0009,0.0
8.055,FLIGHT,0.8629,1.5043,0.3327,0.0175,0.3376,0.0327,-0.0246,-0.193,0.0619,-0.0065,1.0269,-0.0187,1.5565,0.000212,0.0009,0.0
8.06,FLIGHT,0.8646,1.5045,0.3365,0.035,0.3386,0.0512,-0.0243,-0.1931,0.0604,-0.0048,1.0272,-0.0245,1.5602,0.000217,0.0008,0.0
8.065,FLIGHT,0.8663,1.5048,0.3375,0.0534,0.3372,0.0701,-0.024,-0.1931,0.0582,-0.0029,1.0275,-0.0294,1.5632,0.000221,0.0008,0.0
8.07,FLIGHT,0.868,1.5052,0.3361,0.0722,0.3339,0.0891,-0.0237,-0.1931,0.0554,-0.001,1.0278,-0.0334,1.5656,0.000225,0.0008,0.0
8.075,FLIGHT,0.8696,1.5057,0.3328,0.091,0.3292,0.1076,-0.0235,-0.1931,0.0523,0.001,1.028,-0.0367,1.5675,0.000228,0.0007,0.0
8.08,FLIGHT,0.8713,1.5062,0.3282,0.1094,0.3234,0.1256,-0.0232,-0.1931,0.049,0.0029,1.0283,-0.0394,1.5688,0.000232,0.0007,0.0
8.085,FLIGHT,0.8729,1.5069,0.3224,0.1271,0.3169,0.1427,-0.023,-0.193,0.0455,0.0049,1.0285,-0.0414,1.5698,0.000235,0.0006,0.0
8.09,FLIGHT,0.8744,1.5077,0.316,0.144,0.31,0.1588,-0.0228,-0.193,0.0421,0.0067,1.0287,-0.0429,1.5705,0.000238,0.0005,0.0
8.095,FLIGHT,0.876,1.5085,0.3091,0.1599,0.3028,0.1737,-0.0226,-0.1929,0.0386,0.0084,1.0289,-0.044,1.5708,0.00024,0.0005,0.0
8.1,FLIGHT,0.8775,1.5094,0.302,0.1747,0.2955,0.1873,-0.0225,-0.1929,0.0353,0.01,1.0291,-0.0447,1.5709,0.000242,0.0004,0.0
8.105,FLIGHT,0.8789,1.5104,0.2948,0.1881,0.2884,0.1996,-0.0223,-0.1928,0.0321,0.0115,1.0292,-0.0451,1.5709,0.000244,0.0003,0.0
8.11,FLIGHT,0.8803,1.5114,0.2878,0.2003,0.2815,0.2106,-0.0222,-0.1928,0.0291,0.0129,1.0294,-0.0453,1.5707,0.000246,0.0003,0.0
8.115,FLIGHT,0.8817,1.5125,0.2809,0.2112,0.275,0.2203,-0.022,-0.1927,0.0263,0.0141,1.0295,-0.0453,1.5704,0.000247,0.0002,0.0
8.12,FLIGHT,0.8831,1.5136,0.2744,0.2207,0.2687,0.2286,-0.0219,-0.1926,0.0238,0.0152,1.0296,-0.0451,1.57,0.000248,0.0002,0.0
8.125,FLIGHT,0.8844,1.5148,0.2683,0.2289,0.2629,0.2357,-0.0218,-0.1925,0.0215,0.0161,1.0297,-0.0449,1.5697,0.000249,0.0002,0.0
8.13,FLIGHT,0.8857,1.516,0.2625,0.2359,0.2575,0.2416,-0.0217,-0.1924,0.0194,0.017,1.0297,-0.0445,1.5693,0.000249,0.0001,0.0
8.135,FLIGHT,0.887,1.5172,0.2571,0.2416,0.2525,0.2462,-0.0216,-0.1924,0.0176,0.0176,1.0298,-0.0442,1.5689,0.00025,0.0001,0.0
8.14,FLIGHT,0.8882,1.5184,0.2522,0.2462,0.2479,0.2499,-0.0216,-0.1923,0.016,0.0182,1.0298,-0.0438,1.5686,0.00025,0.0001,0.0
8.145,FLIGHT,0.8895,1.5197,0.2476,0.2498,0.2436,0.2525,-0.0215,-0.1922,0.0147,0.0187,1.0298,-0.0434,1.5683,0.000251,0.0,0.0
8.15,FLIGHT,0.8907,1.5209,0.2434,0.2523,0.2398,0.2542,-0.0214,-0.1921,0.0135,0.019,1.0298,-0.0431,1.568,0.000251,0.0,0.0
8.155,FLIGHT,0.8919,1.5222,0.2395,0.2539,0.2362,0.255,-0.0214,-0.192,0.0125,0.0193,1.0297,-0.0428,1.5678,0.000251,-0.0,0.0
8.16,FLIGHT,0.893,1.5235,0.2359,0.2547,0.2329,0.2551,-0.0213,-0.1919,0.0117,0.0195,1.0297,-0.0426,1.5677,0.000251,-0.0,0.0
8.165,FLIGHT,0.8942,1.5248,0.2327,0.2548,0.2298,0.2545,-0.0213,-0.1918,0.0111,0.0195,1.0296,-0.0424,1.5677,0.00025,-0.0,0.0
8.17,FLIGHT,0.8953,1.526,0.2296,0.2542,0.227,0.2533,-0.0212,-0.1917,0.0105,0.0196,1.0295,-0.0423,1.5677,0.00025,-0.0,0.0
8.175,FLIGHT,0.8965,1.5273,0.2268,0.253,0.2243,0.2516,-0.0212,-0.1916,0.0101,0.0195,1.0294,-0.0423,1.5677,0.00025,-0.0001,0.0
8.18,FLIGHT,0.8976,1.5285,0.2241,0.2512,0.2217,0.2495,-0.0211,-0.1915,0.0098,0.0194,1.0293,-0.0423,1.5679,0.00025,-0.0001,0.0
8.185,FLIGHT,0.8987,1.5298,0.2215,0.249,0.2192,0.2469,-0.0211,-0.1914,0.0096,0.0193,1.0291,-0.0423,1.568,0.000249,-0.0001,0.0
8.19,FLIGHT,0.8998,1.531,0.219,0.2465,0.2168,0.244,-0.021,-0.1913,0.0095,0.0191,1.0289,-0.0425,1.5683,0.000249,-0.0001,0.0
8.195,FLIGHT,0.9009,1.5322,0.2166,0.2436,0.2145,0.2408,-0.021,-0.1912,0.0094,0.0189,1.0287,-0.0426,1.5686,0.000249,-0.0001,0.0
8.2,FLIGHT,0.9019,1.5334,0.2142,0.2404,0.2121,0.2374,-0.0209,-0.1911,0.0093,0.0187,1.0285,-0.0429,1.5689,0.000248,-0.0001,0.0
8.205,FLIGHT,0.903,1.5346,0.2119,0.237,0.2098,0.2339,-0.0209,-0.191,0.0093,0.0184,1.0283,-0.0431,1.5693,0.000248,-0.0001,0.0
8.21,FLIGHT,0.904,1.5358,0.2095,0.2334,0.2074,0.2301,-0.0208,-0.1909,0.0093,0.0181,1.028,-0.0434,1.5696,0.000248,-0.0001,0.0
8.215,FLIGHT,0.9051,1.5369,0.2071,0.2297,0.205,0.2262,-0.0208,-0.1908,0.0093,0.0178,1.0277,-0.0438,1.5701,0.000247,-0.0001,0.0
8.22,FLIGHT,0.9061,1.538,0.2047,0.2258,0.2025,0.2223,-0.0207,-0.1908,0.0093,0.0175,1.0274,-0.0441,1.5705,0.000247,-0.0001,0.0
8.225,FLIGHT,0.9071,1.5391,0.2022,0.2219,0.2,0.2183,-0.0207,-0.1907,0.0094,0.0172,1.0271,-0.0445,1.571,0.000247,-0.0001,0.0
8.23,FLIGHT,0.9081,1.5402,0.1997,0.2178,0.1974,0.2142,-0.0206,-0.1906,0.0094,0.0169,1.0268,-0.0449,1.5714,0.000246,-0.0001,0.0
8.235,FLIGHT,0.909,1.5413,0.1971,0.2138,0.1948,0.2102,-0.0206,-0.1905,0.0094,0.0165,1.0264,-0.0453,1.5719,0.000246,-0.0001,0.0
8.24,FLIGHT,0.91,1.5423,0.1945,0.2097,0.1921,0.2061,-0.0205,-0.1904,0.0095,0.0162,1.026,-0.0458,1.5724,0.000245,-0.0001,0.0
8.245,FLIGHT,0.911,1.5433,0.1918,0.2056,0.1894,0.202,-0.0205,-0.1903,0.0095,0.0159,1.0256,-0.0462,1.5729,0.000245,-0.0001,0.0
8.25,FLIGHT,0.9119,1.5443,0.189,0.2016,0.1865,0.1979,-0.0205,-0.1903,0.0095,0.0156,1.0252,-0.0466,1.5734,0.000245,-0.0001,0.0
8.255,FLIGHT,0.9128,1.5453,0.1862,0.1975,0.1837,0.1939,-0.0204,-0.1902,0.0094,0.0152,1.0248,-0.047,1.5739,0.000244,-0.0001,0.0
8.26,FLIGHT,0.9137,1.5463,0.1833,0.1935,0.1807,0.1899,-0.0204,-0.1901,0.0094,0.0149,1.0243,-0.0475,1.5744,0.000244,-0.0001,0.0
8.265,FLIGHT,0.9146,1.5472,0.1804,0.1895,0.1778,0.1859,-0.0203,-0.19,0.0094,0.0146,1.0238,-0.0479,1.5748,0.000244,-0.0001,0.0
8.27,FLIGHT,0.9155,1.5481,0.1774,0.1855,0.1748,0.182,-0.0203,-0.19,0.0093,0.0143,1.0233,-0.0483,1.5753,0.000244,-0.0001,0.0
8.275,FLIGHT,0.9164,1.549,0.1744,0.1816,0.1717,0.1781,-0.0202,-0.1899,0.0093,0.014,1.0228,-0.0487,1.5758,0.000243,-0.0001,0.0
8.28,FLIGHT,0.9172,1.5499,0.1714,0.1777,0.1686,0.1742,-0.0202,-0.1898,0.0092,0.0137,1.0223,-0.0491,1.5762,0.000243,-0.0001,0.0
8.285,FLIGHT,0.9181,1.5508,0.1683,0.1738,0.1655,0.1704,-0.0201,-0.1898,0.0091,0.0134,1.0217,-0.0495,1.5767,0.000243,-0.0001,0.0
8.29,FLIGHT,0.9189,1.5516,0.1652,0.17,0.1624,0.1666,-0.0201,-0.1897,0.009,0.0131,1.0211,-0.0498,1.5771,0.000242,-0.0001,0.0
8.295,FLIGHT,0.9197,1.5524,0.1621,0.1663,0.1593,0.1629,-0.02,-0.1896,0.0089,0.0128,1.0205,-0.0502,1.5775,0.000242,-0.0001,0.0
8.3,FLIGHT,0.9205,1.5532,0.159,0.1626,0.1562,0.1592,-0.02,-0.1896,0.0088,0.0125,1.0199,-0.0505,1.5779,0.000242,-0.0001,0.0
8.305,FLIGHT,0.9213,1.554,0.1559,0.1589,0.1531,0.1556,-0.02,-0.1895,0.0087,0.0122,1.0193,-0.0509,1.5783,0.000241,-0.0001,0.0
8.31,FLIGHT,0.922,1.5548,0.1528,0.1553,0.15,0.152,-0.0199,-0.1895,0.0085,0.0119,1.0186,-0.0512,1.5787,0.000241,-0.0001,0.0
8.315,FLIGHT,0.9228,1.5555,0.1497,0.1517,0.1469,0.1485,-0.0199,-0.1894,0.0084,0.0117,1.018,-0.0515,1.5791,0.000241,-0.0001,0.0
8.32,FLIGHT,0.9235,1.5563,0.1466,0.1482,0.1438,0.145,-0.0198,-0.1893,0.0083,0.0114,1.0173,-0.0518,1.5794,0.00024,-0.0001,0.0
8.325,FLIGHT,0.9242,1.557,0.1435,0.1447,0.1408,0.1416,-0.0198,-0.1893,0.0081,0.0111,1.0166,-0.0521,1.5798,0.00024,-0.0001,0.0
8.33,FLIGHT,0.9249,1.5577,0.1405,0.1413,0.1377,0.1382,-0.0197,-0.1892,0.008,0.0108,1.0159,-0.0524,1.5801,0.00024,-0.0001,0.0
8.335,FLIGHT,0.9256,1.5584,0.1374,0.1379,0.1348,0.1349,-0.0197,-0.1892,0.0079,0.0106,1.0151,-0.0526,1.5804,0.000239,-0.0001,0.0
8.34,FLIGHT,0.9262,1.559,0.1345,0.1345,0.1318,0.1316,-0.0197,-0.1891,0.0077,0.0103,1.0144,-0.0529,1.5808,0.000239,-0.0001,0.0
8.345,FLIGHT,0.9269,1.5597,0.1315,0.1313,0.1289,0.1283,-0.0196,-0.1891,0.0076,0.0101,1.0136,-0.0531,1.5811,0.000239,-0.0001,0.0
8.35,FLIGHT,0.9275,1.5603,0.1286,0.128,0.126,0.1251,-0.0196,-0.189,0.0075,0.0098,1.0128,-0.0534,1.5814,0.000239,-0.0001,0.0
8.355,FLIGHT,0.9282,1.5609,0.1257,0.1248,0.1232,0.122,-0.0196,-0.189,0.0074,0.0096,1.012,-0.0536,1.5817,0.000238,-0.0001,0.0
8.36,FLIGHT,0.9288,1.5615,0.1229,0.1217,0.1204,0.1189,-0.0195,-0.1889,0.0072,0.0093,1.0112,-0.0538,1.582,0.000238,-0.0001,0.0
8.365,FLIGHT,0.9294,1.5621,0.1201,0.1186,0.1176,0.1158,-0.0195,-0.1889,0.0071,0.0091,1.0103,-0.054,1.5822,0.000238,-0.0001,0.0
8.37,FLIGHT,0.9299,1.5627,0.1173,0.1155,0.1149,0.1128,-0.0195,-0.1889,0.007,0.0089,1.0095,-0.0542,1.5825,0.000237,-0.0001,0.0
8.375,FLIGHT,0.9305,1.5633,0.1146,0.1125,0.1122,0.1099,-0.0194,-0.1888,0.0068,0.0086,1.0086,-0.0544,1.5828,0.000237,-0.0001,0.0
8.38,FLIGHT,0.9311,1.5638,0.112,0.1096,0.1096,0.107,-0.0194,-0.1888,0.0067,0.0084,1.0077,-0.0546,1.5831,0.000237,-0.0001,0.0
8.385,FLIGHT,0.9316,1.5643,0.1094,0.1067,0.107,0.1042,-0.0194,-0.1887,0.0066,0.0082,1.0068,-0.0548,1.5833,0.000237,-0.0001,0.0
8.39,FLIGHT,0.9321,1.5648,0.1068,0.1039,0.1045,0.1014,-0.0193,-0.1887,0.0065,0.008,1.0059,-0.055,1.5836,0.000236,-0.0001,0.0
8.395,FLIGHT,0.9327,1.5653,0.1043,0.1011,0.102,0.0986,-0.0193,-0.1887,0.0064,0.0077,1.005,-0.0552,1.5838,0.000236,-0.0001,0.0
8.4,FLIGHT,0.9332,1.5658,0.1018,0.0984,0.0996,0.096,-0.0193,-0.1886,0.0063,0.0075,1.004,-0.0554,1.584,0.000236,-0.0,0.0
8.405,FLIGHT,0.9336,1.5663,0.0994,0.0957,0.0972,0.0933,-0.0192,-0.1886,0.0062,0.0073,1.003,-0.0556,1.5843,0.000236,-0.0,0.0
8.41,FLIGHT,0.9341,1.5668,0.097,0.0931,0.0949,0.0908,-0.0192,-0.1885,0.006,0.0071,1.002,-0.0557,1.5845,0.000235,-0.0,0.0
8.415,FLIGHT,0.9346,1.5672,0.0947,0.0905,0.0926,0.0882,-0.0192,-0.1885,0.0059,0.0069,1.001,-0.0559,1.5847,0.000235,-0.0,0.0
8.42,STANCE,0.9352,1.5678,0.1121,0.1114,0.1959,0.2108,-0.0191,-0.1885,0.0065,0.0086,1.0001,0.2535,-0.1536,1e-06,-0.2324,0.0465
8.425,STANCE,0.9374,1.5679,0.375,0.0201,0.6855,-0.2548,-0.0187,-0.1885,0.068,-0.0051,0.9992,0.1215,-0.7653,-0.001826,-0.426,0.087
8.43,STANCE,0.9411,1.564,0.6295,-0.574,0.9416,-1.1224,-0.0175,-0.1889,0.1949,-0.0656,0.998,-0.1604,-1.1766,-0.003618,-0.3659,0.0768
8.435,STANCE,0.9446,1.5601,0.6072,-0.6453,0.2357,-0.254,-0.0163,-0.1894,0.2009,-0.0707,0.9975,-0.4141,-1.7153,-0.004871,-0.0778,0.0204
8.44,STANCE,0.9453,1.5595,0.2882,-0.2812,0.1568,-0.1467,-0.0161,-0.1894,0.0921,-0.0311,0.9977,-0.5305,-2.3204,-0.004862,0.0548,0.0049
8.445,STANCE,0.9467,1.5575,0.3037,-0.4043,0.3618,-0.8959,-0.0156,-0.1896,0.1116,-0.0425,0.998,-0.7591,-2.535,-0.004457,0.117,0.0045
8.45,STANCE,0.9489,1.5496,0.4348,-1.2392,0.8185,-1.8573,-0.0141,-0.1904,0.2494,-0.1203,0.998,-1.0113,-2.203,-0.003882,0.0222,0.0039
8.455,STANCE,0.9545,1.5391,0.9172,-1.8494,1.3173,-2.3603,-0.0116,-0.1914,0.427,-0.1771,0.9981,-1.3613,-1.7139,-0.004051,-0.0654,0.0171
8.46,STANCE,0.9608,1.5254,1.1475,-2.5055,1.3223,-2.9608,-0.0085,-0.1927,0.5662,-0.2283,0.998,-1.5145,-1.0102,-0.004227,-0.0403,0.0123
8.465,STANCE,0.9673,1.5099,1.2477,-2.9186,1.2983,-3.1535,-0.0051,-0.1941,0.6496,-0.252,0.9979,-1.4815,-0.2906,-0.004404,-0.0384,0.0121
8.47,STANCE,0.9733,1.4938,1.195,-3.128,1.08,-3.2479,-0.0017,-0.1954,0.6759,-0.2556,0.9979,-1.2451,0.3737,-0.004497,-0.0033,0.0052
8.475,STANCE,0.9783,1.4779,1.0544,-3.1544,0.9065,-3.1133,0.0015,-0.1967,0.6588,-0.2447,0.998,-0.8679,0.9113,-0.004496,0.011,0.0045
8.48,STANCE,0.9824,1.4627,0.8779,-3.0637,0.7147,-2.9532,0.0045,-0.1979,0.6166,-0.2268,0.9982,-0.4555,1.2818,-0.004377,0.0383,0.0044
8.485,STANCE,0.9857,1.4486,0.7321,-2.8934,0.63,-2.7145,0.0072,-0.1989,0.5677,-0.2053,0.9984,-0.166,1.4443,-0.004174,0.0446,0.0042
8.49,FLIGHT,0.9886,1.4355,0.6176,-2.6904,0.4364,-2.4142,0.0097,-0.1998,0.5189,-0.1835,0.9987,-1.4729,2.7045,-0.003869,0.082,0.0039
8.495,FLIGHT,0.9892,1.4254,0.2499,-2.1975,-0.1774,-1.6481,0.0113,-0.2005,0.3748,-0.1485,0.9991,-1.4185,2.6496,-0.003307,0.1402,0.0033
8.5,FLIGHT,0.9869,1.4189,-0.2591,-1.5506,-0.7232,-0.9636,0.0118,-0.201,0.1775,-0.1089,0.9997,-1.274,2.5259,-0.002495,0.182,0.0025
8.505,FLIGHT,0.9821,1.4156,-0.7557,-0.9197,-1.1735,-0.3849,0.0114,-0.2012,-0.016,-0.0716,1.0005,-1.0982,2.38,-0.001514,0.2079,0.0015
8.51,FLIGHT,0.9754,1.4149,-1.1814,-0.3673,-1.5238,0.085,0.0101,-0.2014,-0.1837,-0.0374,1.0014,-0.918,2.2327,-0.000438,0.2203,0.0004
8.515,FLIGHT,0.9671,1.4162,-1.5172,0.0889,-1.7759,0.4542,0.0082,-0.2013,-0.3185,-0.0062,1.0024,-0.7466,2.0939,0.000573,0.1622,0.0
8.52,FLIGHT,0.9577,1.4192,-1.7619,0.4497,-1.943,0.7317,0.0059,-0.2012,-0.4201,0.0222,1.0034,-0.5894,1.9674,0.001192,0.0899,0.0
8.525,FLIGHT,0.9478,1.4234,-1.9251,0.7217,-2.0377,0.9284,0.0033,-0.2009,-0.4914,0.0475,1.0045,-0.4479,1.8546,0.001512,0.0416,0.0
8.53,FLIGHT,0.9375,1.4284,-2.017,0.915,-2.0704,1.0561,0.0005,-0.2006,-0.5361,0.0693,1.0056,-0.323,1.7557,0.001636,0.0104,0.0
8.535,FLIGHT,0.9271,1.4339,-2.0479,1.0406,-2.0512,1.1261,-0.0023,-0.2001,-0.5582,0.0871,1.0068,-0.2147,1.6709,0.001636,-0.009,0.0018
8.54,FLIGHT,0.917,1.4396,-2.0277,1.1095,-1.9896,1.1489,-0.0052,-0.1996,-0.5615,0.1007,1.0079,-0.1225,1.5996,0.00156,-0.0203,0.0041
8.545,FLIGHT,0.9073,1.4453,-1.9658,1.132,-1.8945,1.1342,-0.0079,-0.1991,-0.5499,0.1101,1.009,-0.0453,1.5408,0.001442,-0.0262,0.0052
8.55,FLIGHT,0.8981,1.4509,-1.8711,1.1175,-1.7738,1.0906,-0.0105,-0.1986,-0.5266,0.1153,1.0101,0.0178,1.4938,0.001304,-0.0285,0.0057
8.555,FLIGHT,0.8896,1.4562,-1.7512,1.0746,-1.6348,1.0257,-0.0129,-0.198,-0.4945,0.1167,1.0112,0.0682,1.4572,0.00116,-0.0286,0.0057
8.56,FLIGHT,0.8818,1.4611,-1.6133,1.0107,-1.4835,0.9461,-0.0151,-0.1975,-0.4564,0.1146,1.0122,0.1071,1.43,0.00102,-0.0273,0.0055
8.565,FLIGHT,0.8748,1.4656,-1.4634,0.9324,-1.3254,0.8574,-0.0171,-0.1969,-0.4144,0.1098,1.0132,0.1359,1.411,0.000889,-0.0251,0.005
8.57,FLIGHT,0.8686,1.4697,-1.3067,0.8451,-1.1648,0.7643,-0.0189,-0.1964,-0.3703,0.1026,1.0142,0.1559,1.399,0.00077,-0.0225,0.0045
8.575,FLIGHT,0.8631,1.4733,-1.1478,0.7534,-1.0055,0.6705,-0.0205,-0.196,-0.3256,0.0938,1.0151,0.1684,1.3928,0.000664,-0.0198,0.004
8.58,FLIGHT,0.8585,1.4764,-0.9901,0.661,-0.8504,0.579,-0.0218,-0.1956,-0.2815,0.084,1.0159,0.1744,1.3916,0.000572,-0.017,0.0034
8.585,FLIGHT,0.8546,1.4791,-0.8367,0.5711,-0.702,0.4922,-0.0229,-0.1953,-0.2389,0.0736,1.0168,0.1752,1.3942,0.000493,-0.0144,0.0029
8.59,FLIGHT,0.8515,1.4813,-0.6899,0.4857,-0.5619,0.4119,-0.0238,-0.195,-0.1985,0.0631,1.0175,0.1716,1.4,0.000428,-0.0119,0.0024
8.595,FLIGHT,0.849,1.4832,-0.5513,0.4067,-0.4314,0.3391,-0.0245,-0.1947,-0.1608,0.0528,1.0182,0.1645,1.4081,0.000374,-0.0097,0.0019
8.6,FLIGHT,0.8471,1.4847,-0.4223,0.3351,-0.3113,0.2746,-0.0251,-0.1946,-0.1261,0.0431,1.0189,0.1548,1.418,0.00033,-0.0078,0.0016
8.605,FLIGHT,0.8458,1.486,-0.3037,0.2717,-0.2022,0.2187,-0.0255,-0.1944,-0.0946,0.0342,1.0196,0.1431,1.4289,0.000295,-0.0061,0.0012
8.61,FLIGHT,0.8451,1.4869,-0.1958,0.2169,-0.1041,0.1716,-0.0258,-0.1943,-0.0664,0.0262,1.0202,0.1301,1.4406,0.000268,-0.0048,0.001
8.615,FLIGHT,0.8448,1.4877,-0.0989,0.1706,-0.017,0.133,-0.0259,-0.1942,-0.0415,0.0192,1.0207,0.1162,1.4525,0.000248,-0.0036,0.0007
8.62,FLIGHT,0.8449,1.4883,-0.0129,0.1328,0.0594,0.1025,-0.026,-0.1942,-0.0198,0.0133,1.0213,0.102,1.4644,0.000232,-0.0026,0.0005
8.625,FLIGHT,0.8454,1.4887,0.0626,0.103,0.1256,0.0797,-0.026,-0.1941,-0.0013,0.0084,1.0218,0.0877,1.476,0.000221,-0.0018,0.0004
8.63,FLIGHT,0.8461,1.4891,0.128,0.0807,0.1823,0.0639,-0.0259,-0.1941,0.0143,0.0046,1.0223,0.0737,1.4872,0.000214,-0.0012,0.0002
8.635,FLIGHT,0.8472,1.4894,0.184,0.0652,0.23,0.0543,-0.0257,-0.1941,0.0272,0.0016,1.0227,0.0602,1.4976,0.000209,-0.0007,0.0001
8.64,FLIGHT,0.8484,1.4896,0.231,0.0561,0.2695,0.0504,-0.0255,-0.1941,0.0375,-0.0004,1.0232,0.0475,1.5074,0.000207,-0.0003,0.0001
8.645,FLIGHT,0.8499,1.4899,0.27,0.0524,0.3015,0.0513,-0.0252,-0.1941,0.0456,-0.0017,1.0236,0.0355,1.5163,0.000206,0.0001,0.0
8.65,FLIGHT,0.8514,1.4902,0.3016,0.0534,0.3268,0.0563,-0.025,-0.1941,0.0516,-0.0023,1.0239,0.0245,1.5244,0.000207,0.0003,0.0
8.655,FLIGHT,0.8531,1.4905,0.3266,0.0586,0.3463,0.0648,-0.0247,-0.1941,0.0557,-0.0024,1.0243,0.0144,1.5317,0.000209,0.0005,0.0
8.66,FLIGHT,0.8549,1.4908,0.3458,0.0671,0.3605,0.076,-0.0244,-0.1942,0.0583,-0.0019,1.0247,0.0053,1.5381,0.000212,0.0006,0.0
8.665,FLIGHT,0.8567,1.4912,0.3598,0.0782,0.3703,0.0893,-0.0241,-0.1942,0.0596,-0.0011,1.025,-0.0027,1.5436,0.000215,0.0007,0.0
8.67,FLIGHT,0.8586,1.4917,0.3694,0.0915,0.3762,0.1042,-0.0238,-0.1942,0.0597,0.0,1.0253,-0.0098,1.5485,0.000219,0.0007,0.0
8.675,FLIGHT,0.8605,1.4923,0.3752,0.1063,0.3789,0.1201,-0.0235,-0.1941,0.0589,0.0014,1.0256,-0.016,1.5525,0.000222,0.0007,0.0
8.68,FLIGHT,0.8624,1.4929,0.3778,0.1222,0.379,0.1367,-0.0232,-0.1941,0.0573,0.003,1.0259,-0.0213,1.556,0.000226,0.0007,0.0
8.685,FLIGHT,0.8643,1.4936,0.3779,0.1386,0.3769,0.1534,-0.0229,-0.1941,0.0551,0.0046,1.0261,-0.0258,1.5588,0.00023,0.0007,0.0
8.69,FLIGHT,0.8661,1.4944,0.3758,0.1551,0.3731,0.1699,-0.0227,-0.1941,0.0525,0.0063,1.0264,-0.0295,1.561,0.000233,0.0007,0.0
8.695,FLIGHT,0.868,1.4953,0.372,0.1715,0.368,0.1861,-0.0224,-0.194,0.0495,0.0081,1.0266,-0.0326,1.5628,0.000236,0.0006,0.0
8.7,FLIGHT,0.8698,1.4963,0.3669,0.1875,0.3619,0.2015,-0.0222,-0.194,0.0464,0.0098,1.0268,-0.0351,1.5642,0.000239,0.0006,0.0
8.705,FLIGHT,0.8716,1.4973,0.3609,0.2027,0.3552,0.2161,-0.022,-0.1939,0.0432,0.0114,1.027,-0.037,1.5652,0.000242,0.0005,0.0
8.71,FLIGHT,0.8734,1.4985,0.3543,0.2171,0.3481,0.2296,-0.0218,-0.1938,0.04,0.013,1.0272,-0.0385,1.5659,0.000244,0.0004,0.0
8.715,FLIGHT,0.8751,1.4996,0.3472,0.2305,0.3407,0.242,-0.0216,-0.1938,0.0368,0.0145,1.0274,-0.0396,1.5664,0.000246,0.0004,0.0
8.72,FLIGHT,0.8768,1.5009,0.3399,0.2428,0.3333,0.2532,-0.0215,-0.1937,0.0337,0.0158,1.0275,-0.0403,1.5667,0.000248,0.0003,0.0
8.725,FLIGHT,0.8784,1.5022,0.3326,0.2539,0.326,0.2632,-0.0213,-0.1936,0.0308,0.0171,1.0276,-0.0408,1.5668,0.00025,0.0003,0.0
8.73,FLIGHT,0.88,1.5035,0.3253,0.2637,0.3189,0.2719,-0.0212,-0.1935,0.0281,0.0182,1.0277,-0.0411,1.5668,0.000251,0.0002,0.0
8.735,FLIGHT,0.8816,1.5049,0.3183,0.2723,0.312,0.2794,-0.0211,-0.1934,0.0255,0.0192,1.0278,-0.0412,1.5667,0.000252,0.0002,0.0
8.74,FLIGHT,0.8831,1.5063,0.3114,0.2797,0.3055,0.2857,-0.021,-0.1933,0.0232,0.0201,1.0279,-0.0412,1.5665,0.000253,0.0001,0.0
8.745,FLIGHT,0.8847,1.5077,0.3049,0.2858,0.2992,0.2908,-0.0209,-0.1932,0.0211,0.0208,1.0279,-0.0411,1.5664,0.000254,0.0001,0.0
8.75,FLIGHT,0.8861,1.5092,0.2987,0.2908,0.2934,0.2947,-0.0208,-0.1931,0.0192,0.0215,1.028,-0.041,1.5662,0.000254,0.0001,0.0
8.755,FLIGHT,0.8876,1.5107,0.2929,0.2947,0.2878,0.2976,-0.0207,-0.193,0.0175,0.022,1.028,-0.0408,1.566,0.000254,0.0,0.0
8.76,FLIGHT,0.889,1.5122,0.2874,0.2975,0.2826,0.2996,-0.0206,-0.1929,0.0161,0.0224,1.028,-0.0406,1.5659,0.000255,0.0,0.0
8.765,FLIGHT,0.8904,1.5137,0.2823,0.2993,0.2778,0.3006,-0.0205,-0.1928,0.0148,0.0227,1.028,-0.0404,1.5658,0.000255,0.0,0.0
8.77,FLIGHT,0.8918,1.5152,0.2774,0.3003,0.2732,0.3007,-0.0205,-0.1926,0.0137,0.0229,1.0279,-0.0403,1.5657,0.000255,-0.0,0.0
8.775,FLIGHT,0.8931,1.5167,0.2729,0.3004,0.2689,0.3001,-0.0204,-0.1925,0.0128,0.023,1.0278,-0.0402,1.5657,0.000254,-0.0,0.0
8.78,FLIGHT,0.8945,1.5182,0.2686,0.2998,0.2649,0.2989,-0.0203,-0.1924,0.012,0.0231,1.0278,-0.0401,1.5658,0.000254,-0.0,0.0
8.785,FLIGHT,0.8958,1.5197,0.2645,0.2984,0.261,0.297,-0.0203,-0.1923,0.0114,0.0231,1.0277,-0.0401,1.5659,0.000254,-0.0001,0.0
8.79,FLIGHT,0.8971,1.5212,0.2607,0.2965,0.2573,0.2946,-0.0202,-0.1922,0.0109,0.023,1.0275,-0.0401,1.566,0.000254,-0.0001,0.0
8.795,FLIGHT,0.8984,1.5226,0.257,0.2941,0.2538,0.2917,-0.0202,-0.1921,0.0105,0.0228,1.0274,-0.0402,1.5662,0.000253,-0.0001,0.0
8.8,FLIGHT,0.8996,1.5241,0.2535,0.2912,0.2504,0.2884,-0.0201,-0.192,0.0101,0.0226,1.0272,-0.0403,1.5665,0.000253,-0.0001,0.0
8.805,FLIGHT,0.9009,1.5255,0.2501,0.2878,0.247,0.2847,-0.0201,-0.1918,0.0099,0.0224,1.027,-0.0405,1.5668,0.000252,-0.0001,0.0
8.81,FLIGHT,0.9021,1.5269,0.2467,0.2842,0.2438,0.2808,-0.02,-0.1917,0.0097,0.0222,1.0268,-0.0407,1.5672,0.000252,-0.0001,0.0
8.815,FLIGHT,0.9033,1.5283,0.2434,0.2802,0.2405,0.2766,-0.02,-0.1916,0.0096,0.0219,1.0266,-0.041,1.5676,0.000252,-0.0001,0.0
8.82,FLIGHT,0.9045,1.5297,0.2402,0.276,0.2373,0.2722,-0.0199,-0.1915,0.0095,0.0215,1.0263,-0.0413,1.568,0.000251,-0.0001,0.0
8.825,FLIGHT,0.9057,1.531,0.237,0.2716,0.2341,0.2676,-0.0199,-0.1914,0.0095,0.0212,1.0261,-0.0416,1.5684,0.000251,-0.0001,0.0
8.83,FLIGHT,0.9068,1.5324,0.2337,0.2671,0.2308,0.2629,-0.0198,-0.1913,0.0094,0.0209,1.0258,-0.042,1.5689,0.00025,-0.0001,0.0
8.835,FLIGHT,0.908,1.5337,0.2305,0.2624,0.2276,0.2581,-0.0198,-0.1912,0.0094,0.0205,1.0255,-0.0424,1.5694,0.00025,-0.0001,0.0
8.84,FLIGHT,0.9091,1.5349,0.2272,0.2576,0.2243,0.2533,-0.0197,-0.1911,0.0094,0.0201,1.0251,-0.0428,1.5699,0.000249,-0.0001,0.0
8.845,FLIGHT,0.9102,1.5362,0.224,0.2528,0.221,0.2484,-0.0197,-0.191,0.0094,0.0197,1.0248,-0.0433,1.5704,0.000249,-0.0001,0.0
8.85,FLIGHT,0.9113,1.5374,0.2206,0.2479,0.2176,0.2435,-0.0197,-0.1909,0.0094,0.0193,1.0244,-0.0437,1.571,0.000248,-0.0001,0.0
8.855,FLIGHT,0.9124,1.5386,0.2173,0.243,0.2142,0.2385,-0.0196,-0.1908,0.0094,0.019,1.024,-0.0442,1.5715,0.000248,-0.0001,0.0
8.86,FLIGHT,0.9135,1.5398,0.2139,0.238,0.2108,0.2336,-0.0196,-0.1907,0.0093,0.0186,1.0236,-0.0446,1.5721,0.000248,-0.0001,0.0
8.865,FLIGHT,0.9145,1.541,0.2104,0.2331,0.2073,0.2287,-0.0195,-0.1906,0.0093,0.0182,1.0232,-0.0451,1.5726,0.000247,-0.0001,0.0
8.87,FLIGHT,0.9155,1.5421,0.2069,0.2282,0.2038,0.2238,-0.0195,-0.1906,0.0093,0.0178,1.0227,-0.0455,1.5731,0.000247,-0.0001,0.0
8.875,FLIGHT,0.9166,1.5432,0.2034,0.2234,0.2002,0.219,-0.0194,-0.1905,0.0092,0.0174,1.0223,-0.046,1.5737,0.000246,-0.0001,0.0
8.88,FLIGHT,0.9176,1.5443,0.1998,0.2185,0.1966,0.2142,-0.0194,-0.1904,0.0092,0.017,1.0218,-0.0465,1.5742,0.000246,-0.0001,0.0
8.885,FLIGHT,0.9185,1.5453,0.1962,0.2137,0.193,0.2095,-0.0193,-0.1903,0.0091,0.0166,1.0213,-0.0469,1.5747,0.000245,-0.0001,0.0
8.89,FLIGHT,0.9195,1.5464,0.1926,0.209,0.1893,0.2048,-0.0193,-0.1902,0.009,0.0163,1.0207,-0.0473,1.5752,0.000245,-0.0001,0.0
8.895,FLIGHT,0.9204,1.5474,0.189,0.2043,0.1857,0.2001,-0.0192,-0.1901,0.009,0.0159,1.0202,-0.0478,1.5757,0.000245,-0.0001,0.0
8.9,FLIGHT,0.9213,1.5484,0.1853,0.1997,0.182,0.1955,-0.0192,-0.1901,0.0089,0.0155,1.0196,-0.0482,1.5762,0.000244,-0.0001,0.0
8.905,FLIGHT,0.9222,1.5493,0.1816,0.1951,0.1783,0.191,-0.0192,-0.19,0.0088,0.0152,1.019,-0.0486,1.5767,0.000244,-0.0001,0.0
8.91,FLIGHT,0.9231,1.5503,0.178,0.1906,0.1747,0.1865,-0.0191,-0.1899,0.0086,0.0148,1.0184,-0.049,1.5771,0.000243,-0.0001,0.0
8.915,FLIGHT,0.924,1.5512,0.1743,0.1861,0.171,0.1821,-0.0191,-0.1898,0.0085,0.0145,1.0178,-0.0494,1.5776,0.000243,-0.0001,0.0
8.92,FLIGHT,0.9248,1.5521,0.1707,0.1817,0.1674,0.1778,-0.019,-0.1898,0.0084,0.0141,1.0172,-0.0497,1.578,0.000243,-0.0001,0.0
8.925,FLIGHT,0.9257,1.553,0.167,0.1774,0.1638,0.1735,-0.019,-0.1897,0.0083,0.0138,1.0165,-0.0501,1.5785,0.000242,-0.0001,0.0
8.93,FLIGHT,0.9265,1.5538,0.1634,0.1731,0.1602,0.1693,-0.0189,-0.1896,0.0081,0.0135,1.0158,-0.0504,1.5789,0.000242,-0.0001,0.0
8.935,FLIGHT,0.9273,1.5547,0.1598,0.1689,0.1566,0.1651,-0.0189,-0.1896,0.008,0.0131,1.0151,-0.0507,1.5793,0.000241,-0.0001,0.0
8.94,FLIGHT,0.928,1.5555,0.1562,0.1647,0.1531,0.161,-0.0189,-0.1895,0.0079,0.0128,1.0144,-0.0511,1.5797,0.000241,-0.0001,0.0
8.945,FLIGHT,0.9288,1.5563,0.1527,0.1606,0.1496,0.157,-0.0188,-0.1894,0.0077,0.0125,1.0137,-0.0514,1.58,0.000241,-0.0001,0.0
8.95,FLIGHT,0.9295,1.5571,0.1492,0.1566,0.1461,0.153,-0.0188,-0.1894,0.0076,0.0122,1.0129,-0.0517,1.5804,0.00024,-0.0001,0.0
8.955,FLIGHT,0.9303,1.5578,0.1458,0.1527,0.1427,0.1491,-0.0187,-0.1893,0.0075,0.0119,1.0122,-0.0519,1.5808,0.00024,-0.0001,0.0
8.96,FLIGHT,0.931,1.5586,0.1424,0.1488,0.1393,0.1453,-0.0187,-0.1893,0.0073,0.0116,1.0114,-0.0522,1.5811,0.000239,-0.0001,0.0
8.965,FLIGHT,0.9316,1.5593,0.139,0.1449,0.136,0.1415,-0.0187,-0.1892,0.0072,0.0113,1.0106,-0.0525,1.5815,0.000239,-0.0001,0.0
8.97,FLIGHT,0.9323,1.56,0.1357,0.1412,0.1328,0.1378,-0.0186,-0.1892,0.007,0.011,1.0097,-0.0527,1.5818,0.000239,-0.0001,0.0
8.975,FLIGHT,0.933,1.5607,0.1324,0.1374,0.1295,0.1342,-0.0186,-0.1891,0.0069,0.0107,1.0089,-0.053,1.5821,0.000238,-0.0001,0.0
8.98,FLIGHT,0.9336,1.5613,0.1292,0.1338,0.1264,0.1306,-0.0186,-0.1891,0.0068,0.0104,1.0081,-0.0532,1.5824,0.000238,-0.0001,0.0
8.985,FLIGHT,0.9342,1.562,0.1261,0.1302,0.1233,0.127,-0.0185,-0.189,0.0066,0.0101,1.0072,-0.0535,1.5827,0.000238,-0.0001,0.0
8.99,FLIGHT,0.9348,1.5626,0.123,0.1267,0.1202,0.1236,-0.0185,-0.189,0.0065,0.0099,1.0063,-0.0537,1.583,0.000237,-0.0001,0.0
8.995,FLIGHT,0.9354,1.5632,0.1199,0.1233,0.1172,0.1202,-0.0185,-0.1889,0.0064,0.0096,1.0054,-0.0539,1.5833,0.000237,-0.0001,0.0
9.0,FLIGHT,0.936,1.5638,0.117,0.1199,0.1143,0.1169,-0.0184,-0.1889,0.0063,0.0093,1.0045,-0.0541,1.5836,0.000237,-0.0001,0.0
9.005,FLIGHT,0.9366,1.5644,0.114,0.1166,0.1114,0.1136,-0.0184,-0.1888,0.0062,0.0091,1.0035,-0.0543,1.5839,0.000236,-0.0001,0.0
9.01,FLIGHT,0.9371,1.5649,0.1111,0.1133,0.1086,0.1104,-0.0184,-0.1888,0.006,0.0088,1.0026,-0.0545,1.5841,0.000236,-0.0001,0.0
9.015,FLIGHT,0.9377,1.5655,0.1083,0.1101,0.1058,0.1073,-0.0184,-0.1887,0.0059,0.0086,1.0016,-0.0547,1.5844,0.000236,-0.0001,0.0
9.02,FLIGHT,0.9382,1.566,0.1056,0.107,0.1031,0.1042,-0.0183,-0.1887,0.0058,0.0083,1.0007,-0.0549,1.5847,0.000235,-0.0001,0.0
9.025,STANCE,0.9392,1.5667,0.185,0.1279,0.4214,0.0925,-0.0182,-0.1886,0.018,0.0089,0.9997,0.2235,-0.4042,-0.000347,-0.3124,0.0628
9.03,STANCE,0.9425,1.5659,0.5407,-0.0963,0.8853,-0.4685,-0.0175,-0.1888,0.1148,-0.0186,0.9988,-0.0212,-0.9744,-0.002278,-0.4143,0.0851
9.035,STANCE,0.9473,1.5611,0.8406,-0.7287,1.1104,-1.1801,-0.016,-0.1893,0.2562,-0.0818,0.9978,-0.3804,-1.332,-0.004086,-0.3586,0.0758
9.04,STANCE,0.9498,1.5582,0.5655,-0.5582,0.1929,-0.1437,-0.0151,-0.1896,0.1819,-0.0605,0.9976,-0.5471,-1.9178,-0.004836,-0.0254,0.0099
9.045,STANCE,0.9507,1.5577,0.2981,-0.2571,0.2177,-0.1964,-0.0149,-0.1897,0.091,-0.0283,0.9978,-0.6828,-2.4231,-0.004675,0.0719,0.0047
9.05,STANCE,0.9522,1.5551,0.3131,-0.4958,0.283,-1.2041,-0.0142,-0.1899,0.126,-0.0503,0.998,-0.8967,-2.5013,-0.004171,0.1527,0.0042
9.055,STANCE,0.9551,1.5471,0.532,-1.263,0.943,-1.8199,-0.0126,-0.1907,0.2723,-0.1216,0.998,-1.1574,-2.1074,-0.003787,-0.0195,0.0077
9.06,STANCE,0.9608,1.5366,0.963,-1.8647,1.1743,-2.512,-0.0101,-0.1917,0.4396,-0.1752,0.9981,-1.441,-1.5497,-0.004049,-0.0379,0.0116
9.065,STANCE,0.9667,1.5227,1.1228,-2.4998,1.1978,-2.9762,-0.007,-0.193,0.5628,-0.223,0.998,-1.5046,-0.8085,-0.004211,-0.0291,0.01
9.07,STANCE,0.9728,1.5075,1.172,-2.8753,1.1346,-3.1366,-0.0037,-0.1943,0.631,-0.2433,0.9979,-1.3866,-0.089,-0.004386,-0.023,0.009
9.075,STANCE,0.9781,1.4919,1.0956,-3.0465,0.9802,-3.1261,-0.0005,-0.1956,0.6468,-0.2446,0.9979,-1.0892,0.5458,-0.004481,-0.0077,0.006
9.08,STANCE,0.9826,1.4766,0.9559,-3.0472,0.8263,-2.9809,0.0026,-0.1968,0.6255,-0.233,0.998,-0.6918,1.0333,-0.00449,0.0046,0.0045
9.085,STANCE,0.9863,1.462,0.8017,-2.9435,0.6729,-2.8184,0.0054,-0.1979,0.5852,-0.2154,0.9981,-0.3159,1.3362,-0.004393,0.0287,0.0044
9.09,STANCE,0.9894,1.4483,0.6739,-2.7889,0.5934,-2.6228,0.008,-0.1989,0.5416,-0.196,0.9983,-0.1251,1.4217,-0.004185,0.0438,0.0042
9.095,FLIGHT,0.9917,1.4362,0.507,-2.517,0.2099,-2.1069,0.0103,-0.1997,0.4717,-0.1712,0.9986,-1.3816,2.6339,-0.003858,0.0942,0.0039
9.1,FLIGHT,0.9913,1.4274,0.0819,-1.9563,-0.3491,-1.3997,0.0115,-0.2003,0.3055,-0.1338,0.9991,-1.2898,2.5502,-0.003251,0.146,0.0033
9.105,FLIGHT,0.9884,1.422,-0.4043,-1.3309,-0.831,-0.7818,0.0117,-0.2007,0.1157,-0.0959,0.9997,-1.1398,2.4231,-0.002425,0.1818,0.0024
9.11,FLIGHT,0.9832,1.4194,-0.8512,-0.7509,-1.2203,-0.2662,0.011,-0.201,-0.0601,-0.0611,1.0005,-0.9722,2.2844,-0.001458,0.203,0.0015
9.115,FLIGHT,0.9763,1.4192,-1.2223,-0.2546,-1.517,0.1486,0.0097,-0.2011,-0.2083,-0.0296,1.0013,-0.8055,2.1483,-0.000416,0.2121,0.0004
9.12,FLIGHT,0.9682,1.4208,-1.5079,0.1498,-1.7247,0.4717,0.0078,-0.201,-0.3251,-0.0011,1.0023,-0.6494,2.022,0.000555,0.1554,0.0
9.125,FLIGHT,0.9592,1.4237,-1.7098,0.4662,-1.8562,0.7122,0.0056,-0.2009,-0.4114,0.0245,1.0033,-0.5074,1.908,0.001148,0.0861,0.0
9.13,FLIGHT,0.9497,1.4278,-1.8383,0.7023,-1.9236,0.8805,0.0031,-0.2006,-0.4704,0.047,1.0043,-0.3803,1.8068,0.001454,0.0398,0.0
9.135,FLIGHT,0.94,1.4325,-1.9035,0.8678,-1.9363,0.9874,0.0005,-0.2003,-0.5059,0.066,1.0054,-0.2687,1.7188,0.001573,0.0098,0.0
9.14,FLIGHT,0.9304,1.4375,-1.9148,0.973,-1.9036,1.0433,-0.0022,-0.1999,-0.5213,0.0812,1.0065,-0.1723,1.6436,0.001571,-0.0087,0.0017
9.145,FLIGHT,0.9211,1.4428,-1.8814,1.0281,-1.8341,1.0577,-0.0048,-0.1994,-0.5205,0.0926,1.0075,-0.0905,1.5807,0.001498,-0.0196,0.0039
9.15,FLIGHT,0.9121,1.4481,-1.8119,1.0423,-1.7358,1.0394,-0.0073,-0.1989,-0.5065,0.1,1.0086,-0.0225,1.5293,0.001384,-0.0252,0.005
9.155,FLIGHT,0.9038,1.4532,-1.714,1.0243,-1.6158,0.9961,-0.0097,-0.1984,-0.4825,0.1038,1.0096,0.0329,1.4884,0.001252,-0.0274,0.0055
9.16,FLIGHT,0.896,1.458,-1.5948,0.9817,-1.4805,0.9345,-0.0119,-0.1979,-0.4511,0.1043,1.0106,0.0767,1.4569,0.001114,-0.0274,0.0055
9.165,FLIGHT,0.889,1.4625,-1.4607,0.9211,-1.3354,0.8606,-0.0139,-0.1974,-0.4145,0.1018,1.0116,0.1103,1.4338,0.000979,-0.0261,0.0052
9.17,FLIGHT,0.8827,1.4666,-1.3169,0.8484,-1.1852,0.7793,-0.0157,-0.197,-0.3748,0.0969,1.0125,0.1347,1.4179,0.000854,-0.024,0.0048
9.175,FLIGHT,0.8771,1.4703,-1.1681,0.7683,-1.0339,0.6946,-0.0173,-0.1965,-0.3334,0.0902,1.0134,0.1513,1.4083,0.00074,-0.0215,0.0043
9.18,FLIGHT,0.8723,1.4735,-1.0184,0.685,-0.8847,0.61,-0.0187,-0.1962,-0.2919,0.0822,1.0142,0.1612,1.4039,0.000639,-0.0189,0.0038
9.185,FLIGHT,0.8683,1.4764,-0.8707,0.6018,-0.7402,0.5281,-0.0199,-0.1958,-0.251,0.0733,1.015,0.1653,1.4037,0.000551,-0.0162,0.0032
9.19,FLIGHT,0.8649,1.4788,-0.7278,0.5212,-0.6025,0.4508,-0.0208,-0.1955,-0.2117,0.0641,1.0158,0.1648,1.407,0.000477,-0.0136,0.0027
9.195,FLIGHT,0.8622,1.4809,-0.5915,0.4451,-0.473,0.3796,-0.0217,-0.1953,-0.1746,0.0549,1.0165,0.1604,1.413,0.000415,-0.0112,0.0022
9.2,FLIGHT,0.8602,1.4826,-0.4635,0.3751,-0.3528,0.3155,-0.0223,-0.1951,-0.1401,0.046,1.0172,0.153,1.4211,0.000364,-0.0091,0.0018
9.205,FLIGHT,0.8587,1.4841,-0.3446,0.3122,-0.2425,0.2591,-0.0228,-0.1949,-0.1084,0.0376,1.0178,0.1433,1.4305,0.000323,-0.0073,0.0015
9.21,FLIGHT,0.8577,1.4852,-0.2357,0.2568,-0.1426,0.2107,-0.0231,-0.1948,-0.0798,0.03,1.0184,0.132,1.441,0.00029,-0.0058,0.0012
9.215,FLIGHT,0.8572,1.4862,-0.1369,0.2092,-0.0531,0.1702,-0.0233,-0.1947,-0.0542,0.0233,1.019,0.1195,1.4519,0.000265,-0.0044,0.0009
9.22,FLIGHT,0.8572,1.487,-0.0485,0.1695,0.0261,0.1374,-0.0234,-0.1946,-0.0318,0.0174,1.0195,0.1063,1.4631,0.000246,-0.0033,0.0007
9.225,FLIGHT,0.8575,1.4876,0.0298,0.1375,0.0955,0.1121,-0.0235,-0.1945,-0.0123,0.0125,1.02,0.0929,1.4741,0.000231,-0.0024,0.0005
9.23,FLIGHT,0.8581,1.4881,0.0983,0.1126,0.1553,0.0935,-0.0234,-0.1945,0.0043,0.0085,1.0205,0.0795,1.4849,0.000221,-0.0017,0.0003
9.235,FLIGHT,0.859,1.4885,0.1574,0.0946,0.2063,0.0812,-0.0233,-0.1945,0.0182,0.0054,1.0209,0.0665,1.4951,0.000214,-0.0011,0.0002
9.24,FLIGHT,0.8602,1.4889,0.2078,0.0826,0.2491,0.0745,-0.0231,-0.1945,0.0295,0.0031,1.0214,0.054,1.5048,0.00021,-0.0006,0.0001
9.245,FLIGHT,0.8615,1.4893,0.25,0.0762,0.2843,0.0728,-0.0229,-0.1945,0.0386,0.0016,1.0218,0.0421,1.5137,0.000208,-0.0002,0.0
9.25,FLIGHT,0.863,1.4896,0.2847,0.0747,0.3128,0.0753,-0.0227,-0.1945,0.0455,0.0007,1.0222,0.0311,1.5219,0.000208,0.0001,0.0
9.255,FLIGHT,0.8646,1.49,0.3128,0.0773,0.3351,0.0814,-0.0224,-0.1945,0.0506,0.0004,1.0225,0.0209,1.5293,0.000209,0.0003,0.0
9.26,FLIGHT,0.8663,1.4905,0.3348,0.0835,0.352,0.0905,-0.0221,-0.1945,0.054,0.0006,1.0229,0.0117,1.5359,0.000211,0.0005,0.0
9.265,FLIGHT,0.8681,1.4909,0.3514,0.0926,0.3642,0.1019,-0.0218,-0.1944,0.0561,0.0011,1.0232,0.0034,1.5417,0.000213,0.0006,0.0
9.27,FLIGHT,0.87,1.4915,0.3634,0.104,0.3723,0.115,-0.0215,-0.1944,0.0569,0.002,1.0235,-0.004,1.5468,0.000216,0.0006,0.0
9.275,FLIGHT,0.8718,1.4921,0.3714,0.1171,0.3769,0.1295,-0.0213,-0.1944,0.0567,0.0032,1.0238,-0.0105,1.5512,0.00022,0.0007,0.0
9.28,FLIGHT,0.8737,1.4928,0.376,0.1315,0.3787,0.1448,-0.021,-0.1944,0.0556,0.0045,1.024,-0.0161,1.5549,0.000223,0.0007,0.0
9.285,FLIGHT,0.8756,1.4935,0.3777,0.1466,0.3781,0.1604,-0.0207,-0.1944,0.0539,0.006,1.0243,-0.021,1.558,0.000226,0.0007,0.0
9.29,FLIGHT,0.8775,1.4944,0.377,0.1621,0.3755,0.1761,-0.0205,-0.1943,0.0517,0.0076,1.0245,-0.025,1.5605,0.00023,0.0006,0.0
9.295,FLIGHT,0.8794,1.4953,0.3745,0.1777,0.3715,0.1915,-0.0202,-0.1943,0.0491,0.0092,1.0248,-0.0284,1.5626,0.000233,0.0006,0.0
9.3,FLIGHT,0.8812,1.4963,0.3704,0.193,0.3662,0.2064,-0.02,-0.1942,0.0463,0.0107,1.025,-0.0312,1.5642,0.000236,0.0006,0.0
9.305,FLIGHT,0.883,1.4974,0.3652,0.2077,0.3602,0.2206,-0.0198,-0.1942,0.0432,0.0123,1.0252,-0.0335,1.5655,0.000238,0.0005,0.0
9.31,FLIGHT,0.8848,1.4985,0.3592,0.2217,0.3535,0.2339,-0.0196,-0.1941,0.0402,0.0138,1.0253,-0.0352,1.5664,0.000241,0.0005,0.0
9.315,FLIGHT,0.8866,1.4997,0.3526,0.2349,0.3465,0.2462,-0.0194,-0.194,0.0371,0.0152,1.0255,-0.0366,1.567,0.000243,0.0004,0.0
9.32,FLIGHT,0.8883,1.501,0.3457,0.247,0.3393,0.2574,-0.0192,-0.1939,0.0341,0.0165,1.0256,-0.0376,1.5675,0.000245,0.0004,0.0
9.325,FLIGHT,0.89,1.5023,0.3385,0.258,0.3321,0.2674,-0.0191,-0.1938,0.0312,0.0177,1.0257,-0.0383,1.5677,0.000247,0.0003,0.0
9.33,FLIGHT,0.8916,1.5036,0.3314,0.2679,0.325,0.2762,-0.019,-0.1937,0.0285,0.0188,1.0258,-0.0388,1.5679,0.000248,0.0003,0.0
9.335,FLIGHT,0.8932,1.505,0.3243,0.2766,0.318,0.2838,-0.0188,-0.1936,0.0259,0.0198,1.0259,-0.0391,1.5679,0.000249,0.0002,0.0
9.34,FLIGHT,0.8948,1.5065,0.3174,0.284,0.3113,0.2902,-0.0187,-0.1935,0.0235,0.0206,1.026,-0.0392,1.5678,0.00025,0.0002,0.0
9.345,FLIGHT,0.8963,1.5079,0.3108,0.2904,0.3049,0.2955,-0.0186,-0.1934,0.0214,0.0214,1.026,-0.0393,1.5678,0.000251,0.0001,0.0
9.35,FLIGHT,0.8978,1.5094,0.3044,0.2955,0.2988,0.2997,-0.0185,-0.1933,0.0194,0.022,1.0261,-0.0392,1.5676,0.000251,0.0001,0.0
9.355,FLIGHT,0.8993,1.5109,0.2983,0.2996,0.293,0.3028,-0.0184,-0.1932,0.0176,0.0225,1.0261,-0.0391,1.5675,0.000252,0.0001,0.0
9.36,FLIGHT,0.9008,1.5124,0.2926,0.3026,0.2875,0.3049,-0.0184,-0.1931,0.0161,0.023,1.0261,-0.039,1.5674,0.000252,0.0,0.0
9.365,FLIGHT,0.9022,1.514,0.2871,0.3047,0.2824,0.3061,-0.0183,-0.193,0.0147,0.0233,1.026,-0.0389,1.5674,0.000252,0.0,0.0
9.37,FLIGHT,0.9036,1.5155,0.282,0.3058,0.2775,0.3065,-0.0182,-0.1928,0.0136,0.0235,1.026,-0.0388,1.5673,0.000252,-0.0,0.0
9.375,FLIGHT,0.905,1.517,0.2771,0.3061,0.2729,0.306,-0.0182,-0.1927,0.0126,0.0236,1.0259,-0.0387,1.5673,0.000252,-0.0,0.0
9.38,FLIGHT,0.9063,1.5186,0.2726,0.3057,0.2686,0.3049,-0.0181,-0.1926,0.0117,0.0237,1.0258,-0.0386,1.5674,0.000252,-0.0,0.0
9.385,FLIGHT,0.9077,1.5201,0.2682,0.3045,0.2644,0.3032,-0.0181,-0.1925,0.011,0.0237,1.0257,-0.0386,1.5675,0.000251,-0.0001,0.0
9.39,FLIGHT,0.909,1.5216,0.2641,0.3027,0.2604,0.3008,-0.018,-0.1924,0.0104,0.0236,1.0256,-0.0386,1.5677,0.000251,-0.0001,0.0
9.395,FLIGHT,0.9103,1.5231,0.2601,0.3003,0.2566,0.298,-0.018,-0.1923,0.01,0.0235,1.0254,-0.0387,1.5679,0.000251,-0.0001,0.0
9.4,FLIGHT,0.9115,1.5246,0.2563,0.2975,0.253,0.2948,-0.0179,-0.1921,0.0096,0.0233,1.0253,-0.0389,1.5681,0.00025,-0.0001,0.0
9.405,FLIGHT,0.9128,1.526,0.2526,0.2942,0.2494,0.2911,-0.0179,-0.192,0.0093,0.0231,1.0251,-0.039,1.5684,0.00025,-0.0001,0.0
9.41,FLIGHT,0.914,1.5275,0.249,0.2906,0.2459,0.2872,-0.0178,-0.1919,0.0091,0.0228,1.0249,-0.0393,1.5687,0.000249,-0.0001,0.0
9.415,FLIGHT,0.9152,1.5289,0.2455,0.2867,0.2424,0.283,-0.0178,-0.1918,0.0089,0.0225,1.0246,-0.0395,1.5691,0.000249,-0.0001,0.0
9.42,FLIGHT,0.9165,1.5303,0.2421,0.2824,0.239,0.2786,-0.0177,-0.1917,0.0088,0.0222,1.0244,-0.0398,1.5695,0.000249,-0.0001,0.0
9.425,FLIGHT,0.9176,1.5317,0.2386,0.278,0.2356,0.2739,-0.0177,-0.1916,0.0087,0.0219,1.0241,-0.0402,1.57,0.000248,-0.0001,0.0
9.43,FLIGHT,0.9188,1.5331,0.2352,0.2734,0.2322,0.2692,-0.0176,-0.1915,0.0086,0.0215,1.0238,-0.0405,1.5704,0.000248,-0.0001,0.0
9.435,FLIGHT,0.92,1.5344,0.2318,0.2686,0.2287,0.2643,-0.0176,-0.1914,0.0086,0.0212,1.0235,-0.0409,1.5709,0.000247,-0.0001,0.0
9.44,FLIGHT,0.9211,1.5357,0.2284,0.2638,0.2253,0.2594,-0.0176,-0.1913,0.0085,0.0208,1.0232,-0.0413,1.5714,0.000247,-0.0001,0.0
9.445,FLIGHT,0.9222,1.537,0.2249,0.2588,0.2218,0.2544,-0.0175,-0.1912,0.0085,0.0204,1.0228,-0.0418,1.5719,0.000246,-0.0001,0.0
9.45,FLIGHT,0.9233,1.5382,0.2215,0.2538,0.2183,0.2493,-0.0175,-0.1911,0.0085,0.02,1.0224,-0.0422,1.5725,0.000246,-0.0001,0.0
9.455,FLIGHT,0.9244,1.5395,0.2179,0.2488,0.2148,0.2443,-0.0174,-0.191,0.0085,0.0196,1.0221,-0.0427,1.573,0.000245,-0.0001,0.0
9.46,FLIGHT,0.9255,1.5407,0.2144,0.2437,0.2112,0.2392,-0.0174,-0.1909,0.0085,0.0192,1.0216,-0.0431,1.5736,0.000245,-0.0001,0.0
9.465,FLIGHT,0.9265,1.5419,0.2108,0.2387,0.2076,0.2342,-0.0173,-0.1908,0.0085,0.0188,1.0212,-0.0436,1.5741,0.000244,-0.0001,0.0
9.47,FLIGHT,0.9275,1.543,0.2072,0.2336,0.204,0.2291,-0.0173,-0.1907,0.0084,0.0184,1.0208,-0.0441,1.5746,0.000244,-0.0001,0.0
9.475,FLIGHT,0.9285,1.5442,0.2036,0.2286,0.2003,0.2241,-0.0173,-0.1906,0.0084,0.018,1.0203,-0.0445,1.5752,0.000243,-0.0001,0.0
9.48,FLIGHT,0.9295,1.5453,0.1999,0.2236,0.1966,0.2192,-0.0172,-0.1905,0.0083,0.0176,1.0198,-0.045,1.5757,0.000243,-0.0001,0.0
9.485,FLIGHT,0.9305,1.5464,0.1962,0.2187,0.1929,0.2143,-0.0172,-0.1904,0.0083,0.0172,1.0193,-0.0454,1.5762,0.000242,-0.0001,0.0
9.49,FLIGHT,0.9315,1.5474,0.1925,0.2138,0.1891,0.2094,-0.0171,-0.1903,0.0082,0.0168,1.0187,-0.0459,1.5767,0.000242,-0.0001,0.0
9.495,FLIGHT,0.9324,1.5484,0.1887,0.209,0.1854,0.2047,-0.0171,-0.1903,0.0081,0.0165,1.0182,-0.0463,1.5772,0.000242,-0.0001,0.0
9.5,FLIGHT,0.9333,1.5495,0.185,0.2042,0.1816,0.1999,-0.0171,-0.1902,0.008,0.0161,1.0176,-0.0467,1.5777,0.000241,-0.0001,0.0
9.505,FLIGHT,0.9342,1.5504,0.1812,0.1994,0.1778,0.1952,-0.017,-0.1901,0.0079,0.0157,1.017,-0.0471,1.5782,0.000241,-0.0001,0.0
9.51,FLIGHT,0.9351,1.5514,0.1774,0.1948,0.1741,0.1906,-0.017,-0.19,0.0078,0.0153,1.0164,-0.0475,1.5787,0.00024,-0.0001,0.0
9.515,FLIGHT,0.936,1.5524,0.1737,0.1902,0.1703,0.1861,-0.0169,-0.1899,0.0077,0.015,1.0158,-0.0479,1.5791,0.00024,-0.0001,0.0
9.52,FLIGHT,0.9368,1.5533,0.1699,0.1856,0.1666,0.1816,-0.0169,-0.1899,0.0076,0.0146,1.0152,-0.0483,1.5796,0.000239,-0.0001,0.0
9.525,FLIGHT,0.9376,1.5542,0.1662,0.1811,0.1629,0.1772,-0.0169,-0.1898,0.0075,0.0143,1.0145,-0.0487,1.58,0.000239,-0.0001,0.0
9.53,FLIGHT,0.9384,1.555,0.1625,0.1767,0.1592,0.1728,-0.0168,-0.1897,0.0073,0.0139,1.0138,-0.049,1.5804,0.000239,-0.0001,0.0
9.535,FLIGHT,0.9392,1.5559,0.1588,0.1724,0.1555,0.1685,-0.0168,-0.1897,0.0072,0.0136,1.0131,-0.0494,1.5808,0.000238,-0.0001,0.0
9.54,FLIGHT,0.94,1.5567,0.1552,0.1681,0.1519,0.1643,-0.0168,-0.1896,0.0071,0.0132,1.0124,-0.0497,1.5812,0.000238,-0.0001,0.0
9.545,FLIGHT,0.9407,1.5575,0.1515,0.1639,0.1483,0.1601,-0.0167,-0.1895,0.0069,0.0129,1.0117,-0.05,1.5816,0.000237,-0.0001,0.0
9.55,FLIGHT,0.9415,1.5583,0.148,0.1597,0.1448,0.156,-0.0167,-0.1895,0.0068,0.0126,1.0109,-0.0503,1.582,0.000237,-0.0001,0.0
9.555,FLIGHT,0.9422,1.5591,0.1444,0.1556,0.1413,0.152,-0.0167,-0.1894,0.0067,0.0123,1.0101,-0.0506,1.5823,0.000237,-0.0001,0.0
9.56,FLIGHT,0.9429,1.5599,0.1409,0.1516,0.1378,0.148,-0.0166,-0.1894,0.0065,0.012,1.0093,-0.0509,1.5827,0.000236,-0.0001,0.0
9.565,FLIGHT,0.9436,1.5606,0.1375,0.1476,0.1344,0.1441,-0.0166,-0.1893,0.0064,0.0116,1.0085,-0.0511,1.583,0.000236,-0.0001,0.0
9.57,FLIGHT,0.9442,1.5613,0.1341,0.1437,0.1311,0.1403,-0.0166,-0.1892,0.0063,0.0113,1.0077,-0.0514,1.5833,0.000235,-0.0001,0.0
9.575,FLIGHT,0.9449,1.562,0.1307,0.1399,0.1278,0.1365,-0.0165,-0.1892,0.0061,0.011,1.0069,-0.0517,1.5837,0.000235,-0.0001,0.0
9.58,FLIGHT,0.9455,1.5627,0.1275,0.1362,0.1245,0.1328,-0.0165,-0.1891,0.006,0.0107,1.006,-0.0519,1.584,0.000235,-0.0001,0.0
9.585,FLIGHT,0.9461,1.5633,0.1242,0.1325,0.1214,0.1292,-0.0165,-0.1891,0.0059,0.0105,1.0051,-0.0521,1.5843,0.000234,-0.0001,0.0
9.59,FLIGHT,0.9467,1.5639,0.121,0.1289,0.1182,0.1256,-0.0164,-0.189,0.0058,0.0102,1.0043,-0.0524,1.5846,0.000234,-0.0001,0.0
9.595,FLIGHT,0.9473,1.5646,0.1179,0.1253,0.1152,0.1221,-0.0164,-0.189,0.0056,0.0099,1.0034,-0.0526,1.5849,0.000234,-0.0001,0.0
9.6,FLIGHT,0.9479,1.5652,0.1149,0.1218,0.1121,0.1187,-0.0164,-0.1889,0.0055,0.0096,1.0024,-0.0528,1.5852,0.000233,-0.0001,0.0
9.605,FLIGHT,0.9484,1.5658,0.1119,0.1184,0.1092,0.1154,-0.0164,-0.1889,0.0054,0.0093,1.0015,-0.053,1.5854,0.000233,-0.0001,0.0
9.61,FLIGHT,0.949,1.5663,0.1089,0.115,0.1063,0.1121,-0.0163,-0.1888,0.0053,0.0091,1.0005,-0.0532,1.5857,0.000233,-0.0001,0.0
9.615,STANCE,0.95,1.5671,0.1911,0.1401,0.432,0.1143,-0.0162,-0.1888,0.0174,0.0101,0.9997,0.1857,-0.4041,-0.000305,-0.2889,0.0581
9.62,STANCE,0.9534,1.5664,0.549,-0.0711,0.9055,-0.415,-0.0155,-0.1889,0.1132,-0.0152,0.9988,-0.0775,-0.9666,-0.002097,-0.3918,0.0805
9.625,STANCE,0.9583,1.562,0.8532,-0.677,1.0688,-1.1758,-0.014,-0.1894,0.2525,-0.0746,0.9978,-0.4571,-1.3216,-0.003842,-0.3199,0.0678
9.63,STANCE,0.9608,1.5591,0.5753,-0.5481,0.2304,-0.1755,-0.0131,-0.1897,0.183,-0.0579,0.9977,-0.6402,-1.8767,-0.00451,-0.0213,0.0088
9.635,STANCE,0.9622,1.5584,0.373,-0.289,0.3636,-0.2559,-0.0128,-0.1898,0.1098,-0.0312,0.9979,-0.8216,-2.3495,-0.004413,0.0462,0.0044
9.64,STANCE,0.9643,1.5553,0.4087,-0.566,0.3432,-1.3159,-0.012,-0.1901,0.1543,-0.0563,0.9981,-1.061,-2.3979,-0.004023,0.1387,0.004
9.645,STANCE,0.9668,1.5476,0.5052,-1.2029,0.7709,-1.4481,-0.0104,-0.1908,0.2603,-0.1129,0.9981,-1.2695,-2.0587,-0.003514,0.0256,0.0035
9.65,STANCE,0.9715,1.5389,0.8217,-1.5999,1.0549,-2.0574,-0.0083,-0.1916,0.3774,-0.147,0.9982,-1.4806,-1.6086,-0.00365,-0.0483,0.0133
9.655,STANCE,0.9763,1.5265,0.9118,-2.2257,1.0838,-2.5726,-0.0057,-0.1927,0.485,-0.1949,0.9982,-1.488,-0.8957,-0.0037,-0.0464,0.013
9.66,STANCE,0.9813,1.5126,0.9667,-2.6174,1.043,-2.7963,-0.0028,-0.1939,0.5553,-0.2189,0.9982,-1.3492,-0.1897,-0.003829,-0.0438,0.0126
9.665,STANCE,0.9859,1.498,0.9298,-2.8142,0.8655,-2.9091,0.0002,-0.1951,0.5813,-0.2247,0.9982,-1.0519,0.4422,-0.003919,-0.0148,0.0069
9.67,STANCE,0.9897,1.4834,0.8137,-2.8738,0.6962,-2.8709,0.003,-0.1962,0.5722,-0.2196,0.9983,-0.6551,0.9471,-0.003907,0.01,0.0039
9.675,STANCE,0.9929,1.4694,0.6937,-2.8138,0.6009,-2.7173,0.0056,-0.1973,0.5445,-0.2065,0.9984,-0.2893,1.2654,-0.00382,0.0211,0.0038
9.68,STANCE,0.9955,1.456,0.5803,-2.7137,0.4874,-2.6184,0.0081,-0.1983,0.5113,-0.1919,0.9986,-0.103,1.3724,-0.003605,0.0607,0.0036
9.685,FLIGHT,0.9976,1.444,0.45,-2.4673,0.1926,-2.0849,0.0103,-0.1991,0.4524,-0.169,0.9989,-1.2697,2.5541,-0.00333,0.0796,0.0033
9.69,FLIGHT,0.9973,1.4353,0.0702,-1.9427,-0.3207,-1.4209,0.0115,-0.1997,0.3008,-0.1335,0.9993,-1.1898,2.4798,-0.002802,0.1293,0.0028
9.695,FLIGHT,0.9945,1.4297,-0.3736,-1.3553,-0.7648,-0.8385,0.0118,-0.2001,0.1256,-0.0975,0.9999,-1.0545,2.364,-0.002063,0.1641,0.0021
9.7,FLIGHT,0.9898,1.4268,-0.7845,-0.8084,-1.1246,-0.3503,0.0113,-0.2004,-0.0378,-0.0646,1.0007,-0.9018,2.2368,-0.001184,0.1853,0.0012
9.705,FLIGHT,0.9834,1.426,-1.1271,-0.3383,-1.3996,0.0447,0.0101,-0.2005,-0.1762,-0.035,1.0015,-0.7491,2.1116,-0.000229,0.1951,0.0002
9.71,FLIGHT,0.9759,1.4271,-1.3912,0.0471,-1.5922,0.3549,0.0084,-0.2005,-0.2859,-0.0084,1.0024,-0.6058,1.9953,0.000625,0.1332,0.0
9.715,FLIGHT,0.9676,1.4294,-1.5789,0.3508,-1.7154,0.5881,0.0064,-0.2004,-0.3676,0.0153,1.0034,-0.4749,1.8899,0.00113,0.0724,0.0
9.72,FLIGHT,0.9589,1.4328,-1.6992,0.5798,-1.7793,0.754,0.0042,-0.2002,-0.4243,0.036,1.0044,-0.3574,1.7962,0.001383,0.032,0.0
9.725,FLIGHT,0.9499,1.4369,-1.7608,0.743,-1.7924,0.8625,0.0018,-0.1999,-0.4591,0.0535,1.0054,-0.2539,1.7145,0.001473,0.006,0.0
9.73,FLIGHT,0.941,1.4414,-1.7726,0.8499,-1.7633,0.9232,-0.0006,-0.1996,-0.4753,0.0676,1.0064,-0.1643,1.6445,0.00146,-0.01,0.002
9.735,FLIGHT,0.9324,1.4461,-1.7428,0.9097,-1.6998,0.9448,-0.003,-0.1992,-0.4763,0.0781,1.0074,-0.088,1.5858,0.001385,-0.0192,0.0038
9.74,FLIGHT,0.9241,1.4508,-1.6792,0.9311,-1.6094,0.9354,-0.0053,-0.1988,-0.465,0.0853,1.0084,-0.0244,1.5376,0.001275,-0.0239,0.0048
9.745,FLIGHT,0.9163,1.4554,-1.5891,0.9219,-1.4986,0.9021,-0.0075,-0.1983,-0.4442,0.0891,1.0094,0.0275,1.4991,0.001151,-0.0256,0.0051
9.75,FLIGHT,0.9091,1.4598,-1.479,0.8892,-1.3732,0.8512,-0.0096,-0.1979,-0.4162,0.09,1.0104,0.0688,1.4693,0.001023,-0.0254,0.0051
9.755,FLIGHT,0.9026,1.4639,-1.3547,0.8392,-1.2385,0.7883,-0.0114,-0.1975,-0.3833,0.0883,1.0114,0.1005,1.4473,0.000899,-0.024,0.0048
9.76,FLIGHT,0.8967,1.4676,-1.2212,0.7772,-1.0988,0.7178,-0.0131,-0.1971,-0.3473,0.0844,1.0123,0.1239,1.432,0.000784,-0.022,0.0044
9.765,FLIGHT,0.8916,1.471,-1.0828,0.7079,-0.9579,0.6437,-0.0146,-0.1967,-0.3096,0.079,1.0131,0.1398,1.4225,0.00068,-0.0196,0.0039
9.77,FLIGHT,0.8871,1.4741,-0.9432,0.635,-0.8186,0.569,-0.0159,-0.1964,-0.2714,0.0723,1.0139,0.1495,1.4179,0.000588,-0.0171,0.0034
9.775,FLIGHT,0.8834,1.4767,-0.8054,0.5615,-0.6836,0.4963,-0.0169,-0.1961,-0.2338,0.0648,1.0147,0.1538,1.4173,0.000509,-0.0146,0.0029
9.78,FLIGHT,0.8803,1.479,-0.6718,0.49,-0.5546,0.4275,-0.0179,-0.1958,-0.1975,0.057,1.0155,0.1537,1.4199,0.000442,-0.0122,0.0024
9.785,FLIGHT,0.8778,1.481,-0.5443,0.4223,-0.4333,0.3639,-0.0186,-0.1956,-0.1632,0.0492,1.0162,0.15,1.4251,0.000387,-0.01,0.002
9.79,FLIGHT,0.876,1.4827,-0.4243,0.3599,-0.3204,0.3065,-0.0192,-0.1954,-0.1311,0.0416,1.0169,0.1434,1.4322,0.000342,-0.0081,0.0016
9.795,FLIGHT,0.8746,1.4841,-0.3127,0.3035,-0.2168,0.256,-0.0197,-0.1952,-0.1016,0.0345,1.0175,0.1347,1.4408,0.000305,-0.0065,0.0013
9.8,FLIGHT,0.8738,1.4853,-0.2103,0.2539,-0.1227,0.2126,-0.02,-0.1951,-0.0749,0.028,1.0181,0.1243,1.4502,0.000276,-0.0051,0.001
9.805,FLIGHT,0.8734,1.4862,-0.1173,0.2113,-0.0384,0.1763,-0.0202,-0.195,-0.0511,0.0222,1.0187,0.1128,1.4602,0.000254,-0.0039,0.0008
9.81,FLIGHT,0.8734,1.487,-0.0339,0.1757,0.0365,0.147,-0.0203,-0.1949,-0.03,0.0172,1.0192,0.1007,1.4705,0.000237,-0.0029,0.0006
9.815,FLIGHT,0.8737,1.4877,0.04,0.1471,0.1021,0.1244,-0.0203,-0.1949,-0.0118,0.013,1.0197,0.0882,1.4807,0.000224,-0.0021,0.0004
9.82,FLIGHT,0.8744,1.4883,0.1048,0.1249,0.1589,0.1079,-0.0203,-0.1948,0.0038,0.0096,1.0202,0.0758,1.4906,0.000216,-0.0014,0.0003
9.825,FLIGHT,0.8753,1.4888,0.1609,0.1089,0.2073,0.0972,-0.0202,-0.1948,0.0168,0.007,1.0207,0.0637,1.5001,0.00021,-0.0009,0.0002
9.83,FLIGHT,0.8764,1.4893,0.2087,0.0985,0.248,0.0916,-0.02,-0.1948,0.0275,0.0051,1.0211,0.052,1.5091,0.000206,-0.0005,0.0001
9.835,FLIGHT,0.8778,1.4897,0.2489,0.0932,0.2817,0.0904,-0.0198,-0.1948,0.036,0.0038,1.0215,0.0409,1.5174,0.000205,-0.0001,0.0
9.84,FLIGHT,0.8792,1.4902,0.2821,0.0922,0.3089,0.0932,-0.0196,-0.1948,0.0426,0.0031,1.0219,0.0306,1.5251,0.000205,0.0001,0.0
9.845,FLIGHT,0.8808,1.4907,0.3089,0.0951,0.3303,0.0993,-0.0193,-0.1947,0.0475,0.0029,1.0223,0.021,1.532,0.000206,0.0003,0.0
9.85,FLIGHT,0.8825,1.4912,0.3301,0.1012,0.3467,0.108,-0.0191,-0.1947,0.0507,0.0031,1.0226,0.0123,1.5382,0.000208,0.0005,0.0
9.855,FLIGHT,0.8843,1.4917,0.3462,0.11,0.3585,0.1189,-0.0188,-0.1947,0.0527,0.0037,1.023,0.0044,1.5437,0.000211,0.0006,0.0
9.86,FLIGHT,0.8861,1.4924,0.3579,0.1209,0.3665,0.1314,-0.0185,-0.1947,0.0535,0.0046,1.0233,-0.0026,1.5485,0.000214,0.0006,0.0
9.865,FLIGHT,0.888,1.4931,0.3657,0.1333,0.3712,0.145,-0.0183,-0.1946,0.0533,0.0057,1.0236,-0.0087,1.5527,0.000217,0.0007,0.0
9.87,FLIGHT,0.8898,1.4938,0.3703,0.1469,0.3732,0.1594,-0.018,-0.1946,0.0524,0.0069,1.0239,-0.0141,1.5562,0.00022,0.0007,0.0
9.875,FLIGHT,0.8917,1.4946,0.3722,0.1612,0.3728,0.1741,-0.0177,-0.1946,0.0508,0.0083,1.0242,-0.0187,1.5592,0.000223,0.0006,0.0
9.88,FLIGHT,0.8936,1.4956,0.3718,0.1758,0.3706,0.1889,-0.0175,-0.1945,0.0487,0.0097,1.0244,-0.0227,1.5617,0.000227,0.0006,0.0
9.885,FLIGHT,0.8954,1.4965,0.3696,0.1904,0.3668,0.2033,-0.0173,-0.1945,0.0463,0.0112,1.0246,-0.0259,1.5637,0.00023,0.0006,0.0
9.89,FLIGHT,0.8972,1.4976,0.3659,0.2047,0.362,0.2173,-0.0171,-0.1944,0.0436,0.0126,1.0249,-0.0287,1.5653,0.000232,0.0005,0.0
9.895,FLIGHT,0.899,1.4987,0.361,0.2185,0.3563,0.2306,-0.0169,-0.1943,0.0408,0.014,1.0251,-0.0309,1.5665,0.000235,0.0005,0.0
9.9,FLIGHT,0.9008,1.4999,0.3554,0.2316,0.35,0.243,-0.0167,-0.1942,0.0378,0.0154,1.0253,-0.0326,1.5675,0.000237,0.0004,0.0
9.905,FLIGHT,0.9025,1.5011,0.3491,0.2438,0.3433,0.2544,-0.0165,-0.1942,0.0349,0.0166,1.0254,-0.034,1.5681,0.000239,0.0004,0.0
9.91,FLIGHT,0.9042,1.5024,0.3425,0.2551,0.3365,0.2648,-0.0164,-0.1941,0.0321,0.0178,1.0256,-0.035,1.5686,0.000241,0.0003,0.0
9.915,FLIGHT,0.9059,1.5038,0.3357,0.2654,0.3295,0.274,-0.0162,-0.194,0.0294,0.0189,1.0257,-0.0358,1.5689,0.000243,0.0003,0.0
9.92,FLIGHT,0.9075,1.5052,0.3288,0.2745,0.3227,0.2822,-0.0161,-0.1939,0.0268,0.0199,1.0258,-0.0363,1.5691,0.000244,0.0002,0.0
9.925,FLIGHT,0.9091,1.5066,0.322,0.2825,0.3159,0.2892,-0.016,-0.1938,0.0243,0.0208,1.0259,-0.0367,1.5692,0.000245,0.0002,0.0
9.93,FLIGHT,0.9107,1.5081,0.3153,0.2894,0.3094,0.2951,-0.0159,-0.1937,0.0221,0.0215,1.026,-0.0369,1.5692,0.000246,0.0002,0.0
9.935,FLIGHT,0.9122,1.5095,0.3088,0.2952,0.3031,0.2998,-0.0158,-0.1935,0.02,0.0222,1.0261,-0.037,1.5692,0.000247,0.0001,0.0
9.94,FLIGHT,0.9137,1.5111,0.3026,0.2998,0.2971,0.3035,-0.0157,-0.1934,0.0181,0.0227,1.0261,-0.037,1.5691,0.000247,0.0001,0.0
9.945,FLIGHT,0.9152,1.5126,0.2966,0.3035,0.2914,0.3063,-0.0156,-0.1933,0.0164,0.0232,1.0261,-0.037,1.5691,0.000248,0.0001,0.0
9.95,FLIGHT,0.9166,1.5141,0.2909,0.3061,0.2859,0.308,-0.0155,-0.1932,0.0149,0.0236,1.0261,-0.0369,1.569,0.000248,0.0,0.0
9.955,FLIGHT,0.918,1.5157,0.2855,0.3078,0.2808,0.3089,-0.0155,-0.1931,0.0136,0.0238,1.0261,-0.0369,1.569,0.000248,0.0,0.0
9.96,FLIGHT,0.9194,1.5172,0.2803,0.3086,0.2759,0.309,-0.0154,-0.1929,0.0125,0.024,1.0261,-0.0368,1.569,0.000248,-0.0,0.0
9.965,FLIGHT,0.9208,1.5188,0.2755,0.3086,0.2712,0.3083,-0.0153,-0.1928,0.0115,0.0241,1.026,-0.0368,1.5691,0.000248,-0.0,0.0
9.97,FLIGHT,0.9221,1.5203,0.2708,0.3079,0.2668,0.307,-0.0153,-0.1927,0.0107,0.0241,1.0259,-0.0368,1.5692,0.000248,-0.0,0.0
9.975,FLIGHT,0.9235,1.5218,0.2664,0.3065,0.2625,0.305,-0.0152,-0.1926,0.01,0.0241,1.0258,-0.0368,1.5693,0.000247,-0.0001,0.0
9.98,FLIGHT,0.9248,1.5233,0.2622,0.3046,0.2585,0.3025,-0.0152,-0.1925,0.0094,0.024,1.0257,-0.0369,1.5695,0.000247,-0.0001,0.0
9.985,FLIGHT,0.926,1.5248,0.2581,0.302,0.2546,0.2996,-0.0152,-0.1923,0.009,0.0238,1.0256,-0.037,1.5697,0.000247,-0.0001,0.0
9.99,FLIGHT,0.9273,1.5263,0.2542,0.2991,0.2507,0.2962,-0.0151,-0.1922,0.0086,0.0236,1.0254,-0.0372,1.57,0.000246,-0.0001,0.0
9.995,FLIGHT,0.9285,1.5278,0.2504,0.2957,0.247,0.2924,-0.0151,-0.1921,0.0083,0.0234,1.0252,-0.0374,1.5703,0.000246,-0.0001,0.0
10.0,FLIGHT,0.9298,1.5293,0.2467,0.2919,0.2434,0.2884,-0.015,-0.192,0.0081,0.0231,1.025,-0.0376,1.5706,0.000245,-0.0001,0.0
10.005,FLIGHT,0.931,1.5307,0.243,0.2878,0.2398,0.2841,-0.015,-0.1919,0.0079,0.0228,1.0248,-0.0379,1.571,0.000245,-0.0001,0.0
10.01,FLIGHT,0.9322,1.5321,0.2394,0.2835,0.2362,0.2796,-0.015,-0.1918,0.0078,0.0225,1.0246,-0.0382,1.5714,0.000244,-0.0001,0.0
10.015,FLIGHT,0.9333,1.5335,0.2359,0.279,0.2327,0.2749,-0.0149,-0.1917,0.0077,0.0222,1.0243,-0.0385,1.5719,0.000244,-0.0001,0.0
10.02,FLIGHT,0.9345,1.5348,0.2323,0.2743,0.2292,0.27,-0.0149,-0.1916,0.0076,0.0218,1.024,-0.0389,1.5723,0.000243,-0.0001,0.0
10.025,FLIGHT,0.9356,1.5362,0.2288,0.2695,0.2256,0.2651,-0.0148,-0.1914,0.0076,0.0214,1.0237,-0.0393,1.5728,0.000243,-0.0001,0.0
10.03,FLIGHT,0.9368,1.5375,0.2252,0.2645,0.2221,0.2601,-0.0148,-0.1913,0.0075,0.021,1.0234,-0.0397,1.5733,0.000242,-0.0001,0.0
10.035,FLIGHT,0.9379,1.5388,0.2217,0.2595,0.2185,0.255,-0.0148,-0.1912,0.0075,0.0206,1.023,-0.0402,1.5738,0.000242,-0.0001,0.0
10.04,FLIGHT,0.9389,1.54,0.2181,0.2544,0.2149,0.2499,-0.0147,-0.1911,0.0075,0.0202,1.0227,-0.0406,1.5744,0.000241,-0.0001,0.0
10.045,FLIGHT,0.94,1.5413,0.2145,0.2493,0.2112,0.2447,-0.0147,-0.191,0.0075,0.0198,1.0223,-0.0411,1.5749,0.000241,-0.0001,0.0
10.05,FLIGHT,0.9411,1.5425,0.2108,0.2442,0.2075,0.2396,-0.0147,-0.1909,0.0074,0.0194,1.0219,-0.0415,1.5754,0.00024,-0.0001,0.0
10.055,FLIGHT,0.9421,1.5437,0.2071,0.2391,0.2038,0.2345,-0.0146,-0.1909,0.0074,0.019,1.0214,-0.042,1.576,0.00024,-0.0001,0.0
10.06,FLIGHT,0.9431,1.5448,0.2034,0.234,0.2001,0.2294,-0.0146,-0.1908,0.0074,0.0186,1.021,-0.0425,1.5765,0.000239,-0.0001,0.0
10.065,FLIGHT,0.9441,1.546,0.1997,0.2289,0.1963,0.2244,-0.0145,-0.1907,0.0073,0.0182,1.0205,-0.0429,1.577,0.000239,-0.0001,0.0
10.07,FLIGHT,0.9451,1.5471,0.1959,0.2239,0.1926,0.2193,-0.0145,-0.1906,0.0073,0.0178,1.02,-0.0434,1.5775,0.000238,-0.0001,0.0
10.075,FLIGHT,0.946,1.5482,0.1922,0.2188,0.1888,0.2144,-0.0145,-0.1905,0.0072,0.0174,1.0195,-0.0438,1.578,0.000238,-0.0001,0.0
10.08,FLIGHT,0.9469,1.5492,0.1884,0.2139,0.185,0.2095,-0.0144,-0.1904,0.0071,0.017,1.019,-0.0443,1.5786,0.000238,-0.0001,0.0
10.085,FLIGHT,0.9479,1.5503,0.1846,0.209,0.1811,0.2046,-0.0144,-0.1903,0.0071,0.0166,1.0185,-0.0447,1.579,0.000237,-0.0001,0.0
10.09,FLIGHT,0.9488,1.5513,0.1807,0.2041,0.1773,0.1998,-0.0144,-0.1902,0.007,0.0163,1.0179,-0.0451,1.5795,0.000237,-0.0001,0.0
10.095,FLIGHT,0.9496,1.5523,0.1769,0.1993,0.1735,0.1951,-0.0143,-0.1902,0.0069,0.0159,1.0173,-0.0455,1.58,0.000236,-0.0001,0.0
10.1,FLIGHT,0.9505,1.5532,0.1731,0.1946,0.1697,0.1904,-0.0143,-0.1901,0.0068,0.0155,1.0167,-0.0459,1.5805,0.000236,-0.0001,0.0
10.105,FLIGHT,0.9513,1.5542,0.1693,0.1899,0.1659,0.1858,-0.0143,-0.19,0.0067,0.0151,1.0161,-0.0463,1.5809,0.000235,-0.0001,0.0
10.11,FLIGHT,0.9521,1.5551,0.1655,0.1853,0.1621,0.1812,-0.0142,-0.1899,0.0066,0.0148,1.0155,-0.0467,1.5813,0.000235,-0.0001,0.0
10.115,FLIGHT,0.9529,1.556,0.1617,0.1808,0.1584,0.1767,-0.0142,-0.1899,0.0064,0.0144,1.0148,-0.0471,1.5818,0.000234,-0.0001,0.0
10.12,FLIGHT,0.9537,1.5568,0.158,0.1763,0.1546,0.1723,-0.0142,-0.1898,0.0063,0.0141,1.0141,-0.0474,1.5822,0.000234,-0.0001,0.0
10.125,FLIGHT,0.9545,1.5577,0.1543,0.1719,0.151,0.168,-0.0141,-0.1897,0.0062,0.0137,1.0134,-0.0477,1.5826,0.000234,-0.0001,0.0
10.13,FLIGHT,0.9552,1.5585,0.1506,0.1675,0.1473,0.1637,-0.0141,-0.1897,0.0061,0.0134,1.0127,-0.0481,1.583,0.000233,-0.0001,0.0
10.135,FLIGHT,0.956,1.5593,0.1469,0.1633,0.1437,0.1595,-0.0141,-0.1896,0.0059,0.013,1.012,-0.0484,1.5833,0.000233,-0.0001,0.0
10.14,FLIGHT,0.9567,1.5601,0.1433,0.1591,0.1401,0.1553,-0.014,-0.1895,0.0058,0.0127,1.0112,-0.0487,1.5837,0.000232,-0.0001,0.0
10.145,FLIGHT,0.9574,1.5609,0.1398,0.1549,0.1366,0.1512,-0.014,-0.1895,0.0057,0.0124,1.0105,-0.049,1.5841,0.000232,-0.0001,0.0
10.15,FLIGHT,0.958,1.5616,0.1363,0.1509,0.1331,0.1472,-0.014,-0.1894,0.0056,0.0121,1.0097,-0.0492,1.5844,0.000232,-0.0001,0.0
10.155,FLIGHT,0.9587,1.5624,0.1328,0.1468,0.1297,0.1433,-0.014,-0.1894,0.0054,0.0117,1.0089,-0.0495,1.5847,0.000231,-0.0001,0.0
10.16,FLIGHT,0.9593,1.5631,0.1294,0.1429,0.1264,0.1394,-0.0139,-0.1893,0.0053,0.0114,1.0081,-0.0498,1.5851,0.000231,-0.0001,0.0
10.165,FLIGHT,0.96,1.5638,0.126,0.139,0.1231,0.1356,-0.0139,-0.1893,0.0052,0.0111,1.0072,-0.05,1.5854,0.00023,-0.0001,0.0
10.17,FLIGHT,0.9606,1.5644,0.1227,0.1353,0.1198,0.1319,-0.0139,-0.1892,0.0051,0.0108,1.0064,-0.0503,1.5857,0.00023,-0.0001,0.0
10.175,FLIGHT,0.9612,1.5651,0.1195,0.1315,0.1166,0.1282,-0.0139,-0.1891,0.005,0.0105,1.0055,-0.0505,1.586,0.00023,-0.0001,0.0
10.18,FLIGHT,0.9617,1.5657,0.1163,0.1279,0.1135,0.1246,-0.0138,-0.1891,0.0048,0.0102,1.0046,-0.0507,1.5863,0.000229,-0.0001,0.0
10.185,FLIGHT,0.9623,1.5663,0.1132,0.1243,0.1104,0.1211,-0.0138,-0.189,0.0047,0.0099,1.0037,-0.051,1.5866,0.000229,-0.0001,0.0
10.19,FLIGHT,0.9628,1.5669,0.1101,0.1208,0.1074,0.1176,-0.0138,-0.189,0.0046,0.0097,1.0028,-0.0512,1.5868,0.000229,-0.0001,0.0
10.195,FLIGHT,0.9634,1.5675,0.1071,0.1173,0.1044,0.1142,-0.0138,-0.189,0.0045,0.0094,1.0019,-0.0514,1.5871,0.000228,-0.0001,0.0
10.2,FLIGHT,0.9639,1.5681,0.1042,0.1139,0.1015,0.1109,-0.0138,-0.1889,0.0044,0.0091,1.0009,-0.0516,1.5874,0.000228,-0.0001,0.0
10.205,STANCE,0.9644,1.5686,0.1013,0.1106,0.1157,0.1278,-0.0137,-0.1889,0.0043,0.0089,1.0,0.1665,-0.0388,0.000228,-0.0239,0.0048
10.21,STANCE,0.9663,1.5693,0.3303,0.1224,0.6659,-0.0087,-0.0135,-0.1888,0.0459,0.0069,0.9992,0.0443,-0.6455,-0.00091,-0.341,0.0691
10.215,STANCE,0.9708,1.5679,0.7267,-0.1965,1.0644,-0.6321,-0.0124,-0.189,0.1639,-0.027,0.9984,-0.3198,-1.1429,-0.002747,-0.3705,0.0768
10.22,STANCE,0.9746,1.564,0.7092,-0.5476,0.3558,-0.3932,-0.0112,-0.1894,0.2085,-0.0576,0.9978,-0.6169,-1.5515,-0.003909,-0.0789,0.0197
10.225,STANCE,0.9759,1.563,0.4045,-0.3094,0.2815,-0.1866,-0.0108,-0.1895,0.1186,-0.0323,0.9979,-0.7918,-2.0968,-0.003979,0.0283,0.004
10.23,STANCE,0.978,1.5612,0.4286,-0.3688,0.5445,-0.627,-0.0101,-0.1897,0.1315,-0.0375,0.9982,-1.0704,-2.3481,-0.003749,0.0625,0.0037
10.235,STANCE,0.9802,1.5544,0.4354,-1.0909,0.6124,-1.4643,-0.0088,-0.1903,0.2322,-0.1004,0.9981,-1.2971,-2.0992,-0.003179,0.0814,0.0032
10.24,STANCE,0.9843,1.5468,0.7178,-1.4105,0.9757,-1.7885,-0.007,-0.191,0.3316,-0.1276,0.9983,-1.5523,-1.8002,-0.003139,-0.0541,0.014
10.245,STANCE,0.9889,1.5357,0.8365,-2.0023,0.9562,-2.4472,-0.0046,-0.192,0.4394,-0.1735,0.9983,-1.635,-1.1973,-0.003294,-0.0444,0.0122
10.25,STANCE,0.9935,1.5225,0.8929,-2.4542,0.9775,-2.6893,-0.0018,-0.1931,0.5178,-0.2035,0.9982,-1.5575,-0.5238,-0.003492,-0.0616,0.0158
10.255,STANCE,0.9977,1.5082,0.8464,-2.7358,0.7791,-2.896,0.001,-0.1943,0.5536,-0.2171,0.9982,-1.2986,0.1293,-0.003652,-0.0291,0.0095
10.26,STANCE,1.0011,1.4936,0.7345,-2.8488,0.636,-2.8657,0.0038,-0.1954,0.5528,-0.2168,0.9982,-0.9071,0.6863,-0.003745,-0.0175,0.0072
10.265,STANCE,1.0038,1.4794,0.5918,-2.848,0.4331,-2.8455,0.0063,-0.1965,0.529,-0.2088,0.9983,-0.4749,1.1015,-0.00374,0.0242,0.0037
10.27,STANCE,1.006,1.4657,0.4762,-2.7633,0.3689,-2.6906,0.0088,-0.1975,0.4977,-0.1957,0.9984,-0.1474,1.3278,-0.00365,0.0382,0.0037
10.275,FLIGHT,1.0079,1.4529,0.4196,-2.6243,0.3774,-2.5046,0.011,-0.1984,0.4694,-0.1795,0.9986,-1.3457,2.6197,-0.003511,0.0406,0.0035
10.28,FLIGHT,1.0084,1.4422,0.1661,-2.2535,-0.187,-1.778,0.0127,-0.1991,0.3664,-0.1523,0.999,-1.3307,2.5966,-0.003151,0.1011,0.0032
10.285,FLIGHT,1.0062,1.435,-0.2792,-1.6663,-0.7,-1.1169,0.0133,-0.1996,0.1913,-0.1167,0.9995,-1.2108,2.4917,-0.002526,0.1464,0.0025
10.29,FLIGHT,1.0015,1.4308,-0.7377,-1.0664,-1.129,-0.5513,0.013,-0.2,0.0106,-0.082,1.0001,-1.0525,2.3586,-0.001713,0.1764,0.0017
10.295,FLIGHT,0.995,1.4293,-1.1398,-0.5299,-1.4657,-0.0871,0.0119,-0.2002,-0.1498,-0.0499,1.0009,-0.8855,2.2208,-0.000785,0.1929,0.0008
10.3,FLIGHT,0.987,1.4298,-1.4622,-0.081,-1.7127,0.2804,0.0103,-0.2002,-0.2808,-0.0207,1.0018,-0.7239,2.0889,0.000192,0.183,0.0
10.305,FLIGHT,0.978,1.4319,-1.6996,0.2784,-1.876,0.5613,0.0081,-0.2001,-0.3809,0.0061,1.0027,-0.5751,1.9684,0.000906,0.1067,0.0
10.31,FLIGHT,0.9684,1.4353,-1.8593,0.5534,-1.9704,0.7643,0.0057,-0.2,-0.4523,0.03,1.0037,-0.4405,1.8603,0.001299,0.0541,0.0
10.315,FLIGHT,0.9584,1.4395,-1.951,0.7528,-2.0056,0.9005,0.0031,-0.1997,-0.4984,0.0507,1.0047,-0.3211,1.7652,0.001477,0.0197,0.0
10.32,FLIGHT,0.9484,1.4442,-1.9844,0.8868,-1.9909,0.9805,0.0005,-0.1994,-0.5227,0.0679,1.0058,-0.217,1.6831,0.001517,-0.0021,0.0004
10.325,FLIGHT,0.9386,1.4492,-1.9687,0.9655,-1.9353,1.0142,-0.0022,-0.199,-0.529,0.0813,1.0068,-0.1279,1.6137,0.001471,-0.0152,0.003
10.33,FLIGHT,0.9291,1.4543,-1.9127,0.9988,-1.847,1.0109,-0.0048,-0.1985,-0.5206,0.0909,1.0079,-0.0529,1.5562,0.001375,-0.0224,0.0045
10.335,FLIGHT,0.9202,1.4593,-1.8246,0.9955,-1.7337,0.9788,-0.0073,-0.198,-0.5006,0.0966,1.0089,0.0088,1.5099,0.001253,-0.0257,0.0051
10.34,FLIGHT,0.9118,1.464,-1.712,0.9639,-1.6021,0.9251,-0.0096,-0.1976,-0.472,0.0989,1.0099,0.0583,1.4735,0.001122,-0.0265,0.0053
10.345,FLIGHT,0.9042,1.4685,-1.5813,0.9111,-1.4581,0.8563,-0.0117,-0.1971,-0.4372,0.098,1.0109,0.097,1.4462,0.000991,-0.0257,0.0051
10.35,FLIGHT,0.8973,1.4726,-1.4386,0.8434,-1.3069,0.7778,-0.0137,-0.1967,-0.3983,0.0945,1.0118,0.1259,1.4267,0.000866,-0.0239,0.0048
10.355,FLIGHT,0.8911,1.4763,-1.2888,0.7662,-1.1529,0.694,-0.0154,-0.1962,-0.357,0.0888,1.0127,0.1463,1.4139,0.000752,-0.0216,0.0043
10.36,FLIGHT,0.8857,1.4795,-1.1363,0.6838,-0.9995,0.6088,-0.0169,-0.1959,-0.3149,0.0815,1.0135,0.1594,1.407,0.00065,-0.0191,0.0038
10.365,FLIGHT,0.8811,1.4823,-0.9845,0.6,-0.8498,0.5252,-0.0182,-0.1955,-0.2731,0.0732,1.0144,0.1662,1.4048,0.000561,-0.0165,0.0033
10.37,FLIGHT,0.8772,1.4848,-0.8363,0.5177,-0.706,0.4454,-0.0192,-0.1952,-0.2326,0.0643,1.0151,0.1678,1.4065,0.000485,-0.014,0.0028
10.375,FLIGHT,0.874,1.4868,-0.6941,0.4392,-0.5699,0.3711,-0.0201,-0.195,-0.1939,0.0551,1.0159,0.1652,1.4113,0.000421,-0.0116,0.0023
10.38,FLIGHT,0.8715,1.4885,-0.5595,0.3662,-0.4428,0.3036,-0.0209,-0.1948,-0.1577,0.0462,1.0166,0.1591,1.4185,0.000368,-0.0095,0.0019
10.385,FLIGHT,0.8696,1.4899,-0.4339,0.2999,-0.3256,0.2437,-0.0214,-0.1946,-0.1242,0.0377,1.0172,0.1503,1.4274,0.000326,-0.0077,0.0015
10.39,FLIGHT,0.8682,1.4909,-0.318,0.241,-0.2187,0.1918,-0.0218,-0.1945,-0.0937,0.0299,1.0178,0.1395,1.4375,0.000291,-0.0061,0.0012
10.395,FLIGHT,0.8674,1.4918,-0.2124,0.1901,-0.1224,0.148,-0.0221,-0.1944,-0.0664,0.0228,1.0184,0.1274,1.4483,0.000264,-0.0047,0.0009
10.4,FLIGHT,0.867,1.4924,-0.1172,0.1471,-0.0366,0.1122,-0.0223,-0.1943,-0.0422,0.0166,1.019,0.1143,1.4595,0.000244,-0.0036,0.0007
10.405,FLIGHT,0.867,1.4929,-0.0324,0.112,0.039,0.084,-0.0223,-0.1942,-0.0211,0.0114,1.0195,0.1008,1.4708,0.000228,-0.0026,0.0005
10.41,FLIGHT,0.8674,1.4933,0.0423,0.0845,0.1047,0.0631,-0.0223,-0.1942,-0.003,0.0071,1.02,0.0872,1.4818,0.000217,-0.0019,0.0004
10.415,FLIGHT,0.868,1.4936,0.1072,0.064,0.1611,0.0487,-0.0222,-0.1942,0.0124,0.0037,1.0205,0.0738,1.4924,0.000209,-0.0012,0.0002
10.42,FLIGHT,0.869,1.4938,0.1629,0.0501,0.2088,0.0404,-0.022,-0.1942,0.025,0.0012,1.0209,0.0609,1.5024,0.000204,-0.0007,0.0001
10.425,FLIGHT,0.8701,1.494,0.21,0.0421,0.2486,0.0374,-0.0219,-0.1942,0.0352,-0.0006,1.0213,0.0485,1.5118,0.000202,-0.0003,0.0001
10.43,FLIGHT,0.8714,1.4942,0.2492,0.0393,0.281,0.039,-0.0216,-0.1942,0.0432,-0.0016,1.0217,0.037,1.5204,0.000201,0.0,0.0
10.435,FLIGHT,0.8729,1.4944,0.2812,0.0412,0.3069,0.0446,-0.0214,-0.1942,0.0492,-0.0021,1.0221,0.0262,1.5282,0.000202,0.0003,0.0
10.44,FLIGHT,0.8745,1.4946,0.3068,0.0469,0.327,0.0535,-0.0211,-0.1942,0.0534,-0.002,1.0225,0.0164,1.5353,0.000204,0.0004,0.0
10.445,FLIGHT,0.8762,1.4949,0.3266,0.0558,0.3419,0.065,-0.0208,-0.1942,0.056,-0.0015,1.0228,0.0076,1.5415,0.000206,0.0006,0.0
10.45,FLIGHT,0.8779,1.4953,0.3413,0.0673,0.3524,0.0786,-0.0205,-0.1942,0.0573,-0.0006,1.0231,-0.0004,1.5469,0.000209,0.0006,0.0
10.455,FLIGHT,0.8797,1.4957,0.3516,0.0808,0.3591,0.0937,-0.0202,-0.1942,0.0575,0.0005,1.0234,-0.0073,1.5516,0.000213,0.0007,0.0
10.46,FLIGHT,0.8815,1.4962,0.3582,0.0959,0.3626,0.1098,-0.0199,-0.1942,0.0568,0.0019,1.0237,-0.0134,1.5556,0.000216,0.0007,0.0
10.465,FLIGHT,0.8833,1.4968,0.3617,0.1118,0.3635,0.1265,-0.0197,-0.1942,0.0553,0.0034,1.024,-0.0187,1.559,0.00022,0.0007,0.0
10.47,FLIGHT,0.8851,1.4975,0.3624,0.1284,0.3621,0.1433,-0.0194,-0.1942,0.0533,0.005,1.0243,-0.0231,1.5618,0.000223,0.0007,0.0
10.475,FLIGHT,0.8869,1.4982,0.3611,0.1451,0.359,0.16,-0.0192,-0.1941,0.0507,0.0067,1.0245,-0.0269,1.564,0.000227,0.0007,0.0
10.48,FLIGHT,0.8887,1.4991,0.358,0.1616,0.3546,0.1763,-0.0189,-0.1941,0.0479,0.0083,1.0247,-0.03,1.5658,0.00023,0.0006,0.0
10.485,FLIGHT,0.8905,1.5,0.3536,0.1777,0.3492,0.1919,-0.0187,-0.194,0.0449,0.01,1.025,-0.0324,1.5672,0.000233,0.0006,0.0
10.49,FLIGHT,0.8922,1.501,0.3482,0.1932,0.3431,0.2066,-0.0185,-0.194,0.0417,0.0116,1.0252,-0.0344,1.5682,0.000235,0.0005,0.0
10.495,FLIGHT,0.8939,1.5021,0.3421,0.2077,0.3365,0.2204,-0.0183,-0.1939,0.0386,0.0131,1.0253,-0.0359,1.5689,0.000238,0.0005,0.0
10.5,FLIGHT,0.8956,1.5032,0.3356,0.2213,0.3296,0.233,-0.0181,-0.1938,0.0354,0.0145,1.0255,-0.0371,1.5694,0.00024,0.0004,0.0
10.505,FLIGHT,0.8972,1.5044,0.3288,0.2338,0.3226,0.2444,-0.018,-0.1938,0.0324,0.0158,1.0256,-0.0379,1.5697,0.000242,0.0003,0.0
10.51,FLIGHT,0.8988,1.5056,0.3219,0.2451,0.3157,0.2546,-0.0178,-0.1937,0.0295,0.017,1.0258,-0.0385,1.5698,0.000243,0.0003,0.0
10.515,FLIGHT,0.9003,1.5069,0.3151,0.2551,0.309,0.2636,-0.0177,-0.1936,0.0268,0.0181,1.0259,-0.0388,1.5698,0.000245,0.0002,0.0
10.52,FLIGHT,0.9019,1.5083,0.3083,0.264,0.3024,0.2713,-0.0176,-0.1935,0.0243,0.0191,1.026,-0.039,1.5697,0.000246,0.0002,0.0
10.525,FLIGHT,0.9034,1.5097,0.3018,0.2716,0.2961,0.2779,-0.0175,-0.1934,0.022,0.0199,1.026,-0.039,1.5696,0.000247,0.0002,0.0
10.53,FLIGHT,0.9048,1.5111,0.2956,0.278,0.2902,0.2832,-0.0174,-0.1933,0.0199,0.0207,1.0261,-0.0389,1.5694,0.000247,0.0001,0.0
10.535,FLIGHT,0.9063,1.5125,0.2897,0.2833,0.2845,0.2875,-0.0173,-0.1932,0.018,0.0213,1.0261,-0.0388,1.5693,0.000248,0.0001,0.0
10.54,FLIGHT,0.9077,1.5139,0.2841,0.2874,0.2792,0.2907,-0.0172,-0.1931,0.0163,0.0218,1.0261,-0.0387,1.5691,0.000248,0.0001,0.0
10.545,FLIGHT,0.9091,1.5154,0.2788,0.2905,0.2742,0.2928,-0.0172,-0.1929,0.0149,0.0222,1.0261,-0.0385,1.569,0.000248,0.0,0.0
10.55,FLIGHT,0.9104,1.5169,0.2738,0.2926,0.2695,0.2941,-0.0171,-0.1928,0.0136,0.0225,1.0261,-0.0384,1.5689,0.000249,0.0,0.0
10.555,FLIGHT,0.9118,1.5183,0.2691,0.2939,0.265,0.2946,-0.017,-0.1927,0.0125,0.0227,1.026,-0.0382,1.5688,0.000249,-0.0,0.0
10.56,FLIGHT,0.9131,1.5198,0.2647,0.2942,0.2608,0.2942,-0.017,-0.1926,0.0116,0.0229,1.026,-0.0381,1.5688,0.000248,-0.0,0.0
10.565,FLIGHT,0.9144,1.5213,0.2605,0.2939,0.2569,0.2932,-0.0169,-0.1925,0.0108,0.0229,1.0259,-0.0381,1.5688,0.000248,-0.0,0.0
10.57,FLIGHT,0.9156,1.5227,0.2566,0.2928,0.2531,0.2916,-0.0169,-0.1924,0.0102,0.0229,1.0258,-0.0381,1.5689,0.000248,-0.0001,0.0
10.575,FLIGHT,0.9169,1.5242,0.2528,0.2911,0.2495,0.2894,-0.0168,-0.1923,0.0096,0.0228,1.0257,-0.0381,1.569,0.000248,-0.0001,0.0
10.58,FLIGHT,0.9181,1.5256,0.2492,0.2889,0.2461,0.2867,-0.0168,-0.1922,0.0092,0.0227,1.0255,-0.0382,1.5692,0.000247,-0.0001,0.0
10.585,FLIGHT,0.9194,1.527,0.2458,0.2862,0.2427,0.2836,-0.0167,-0.192,0.0089,0.0225,1.0254,-0.0383,1.5695,0.000247,-0.0001,0.0
10.59,FLIGHT,0.9206,1.5285,0.2424,0.2831,0.2395,0.2802,-0.0167,-0.1919,0.0086,0.0223,1.0252,-0.0385,1.5698,0.000247,-0.0001,0.0
10.595,FLIGHT,0.9218,1.5299,0.2391,0.2797,0.2362,0.2764,-0.0167,-0.1918,0.0085,0.0221,1.025,-0.0387,1.5701,0.000246,-0.0001,0.0
10.6,FLIGHT,0.9229,1.5312,0.2359,0.2759,0.2331,0.2724,-0.0166,-0.1917,0.0083,0.0218,1.0247,-0.039,1.5705,0.000246,-0.0001,0.0
10.605,FLIGHT,0.9241,1.5326,0.2327,0.2719,0.2299,0.2682,-0.0166,-0.1916,0.0082,0.0215,1.0245,-0.0393,1.5709,0.000245,-0.0001,0.0
10.61,FLIGHT,0.9252,1.5339,0.2296,0.2677,0.2267,0.2638,-0.0165,-0.1915,0.0082,0.0212,1.0242,-0.0397,1.5713,0.000245,-0.0001,0.0
10.615,FLIGHT,0.9264,1.5352,0.2264,0.2633,0.2235,0.2593,-0.0165,-0.1914,0.0081,0.0208,1.0239,-0.04,1.5718,0.000244,-0.0001,0.0
10.62,FLIGHT,0.9275,1.5365,0.2232,0.2588,0.2203,0.2547,-0.0164,-0.1913,0.0081,0.0205,1.0236,-0.0404,1.5723,0.000244,-0.0001,0.0
10.625,FLIGHT,0.9286,1.5378,0.22,0.2541,0.2171,0.2499,-0.0164,-0.1912,0.0081,0.0201,1.0233,-0.0409,1.5727,0.000244,-0.0001,0.0
10.63,FLIGHT,0.9296,1.539,0.2167,0.2494,0.2138,0.2452,-0.0164,-0.1911,0.0081,0.0197,1.0229,-0.0413,1.5733,0.000243,-0.0001,0.0
10.635,FLIGHT,0.9307,1.5402,0.2135,0.2447,0.2105,0.2404,-0.0163,-0.191,0.0081,0.0193,1.0226,-0.0417,1.5738,0.000243,-0.0001,0.0
10.64,FLIGHT,0.9317,1.5414,0.2101,0.2399,0.2071,0.2356,-0.0163,-0.1909,0.0081,0.019,1.0222,-0.0422,1.5743,0.000242,-0.0001,0.0
10.645,FLIGHT,0.9328,1.5426,0.2068,0.235,0.2037,0.2307,-0.0162,-0.1908,0.008,0.0186,1.0218,-0.0427,1.5748,0.000242,-0.0001,0.0
10.65,FLIGHT,0.9338,1.5437,0.2034,0.2302,0.2003,0.2259,-0.0162,-0.1907,0.008,0.0182,1.0213,-0.0431,1.5754,0.000241,-0.0001,0.0
10.655,FLIGHT,0.9348,1.5448,0.1999,0.2254,0.1968,0.2211,-0.0162,-0.1906,0.008,0.0178,1.0209,-0.0436,1.5759,0.000241,-0.0001,0.0
10.66,FLIGHT,0.9357,1.5459,0.1964,0.2207,0.1933,0.2164,-0.0161,-0.1905,0.0079,0.0174,1.0204,-0.044,1.5764,0.00024,-0.0001,0.0
10.665,FLIGHT,0.9367,1.547,0.1929,0.2159,0.1897,0.2117,-0.0161,-0.1905,0.0079,0.0171,1.0199,-0.0445,1.5769,0.00024,-0.0001,0.0
10.67,FLIGHT,0.9376,1.548,0.1893,0.2112,0.1861,0.207,-0.016,-0.1904,0.0078,0.0167,1.0194,-0.0449,1.5774,0.00024,-0.0001,0.0
10.675,FLIGHT,0.9386,1.5491,0.1857,0.2065,0.1825,0.2024,-0.016,-0.1903,0.0078,0.0163,1.0189,-0.0454,1.5779,0.000239,-0.0001,0.0
10.68,FLIGHT,0.9395,1.5501,0.1821,0.2019,0.1789,0.1978,-0.016,-0.1902,0.0077,0.016,1.0183,-0.0458,1.5784,0.000239,-0.0001,0.0
10.685,FLIGHT,0.9404,1.551,0.1785,0.1973,0.1753,0.1932,-0.0159,-0.1901,0.0076,0.0156,1.0178,-0.0462,1.5789,0.000238,-0.0001,0.0
10.69,FLIGHT,0.9412,1.552,0.1749,0.1928,0.1716,0.1888,-0.0159,-0.1901,0.0075,0.0152,1.0172,-0.0466,1.5793,0.000238,-0.0001,0.0
10.695,FLIGHT,0.9421,1.5529,0.1712,0.1883,0.168,0.1844,-0.0159,-0.19,0.0074,0.0149,1.0166,-0.047,1.5798,0.000238,-0.0001,0.0
10.7,FLIGHT,0.9429,1.5538,0.1676,0.1839,0.1644,0.18,-0.0158,-0.1899,0.0073,0.0145,1.016,-0.0474,1.5802,0.000237,-0.0001,0.0
10.705,FLIGHT,0.9437,1.5547,0.164,0.1796,0.1607,0.1757,-0.0158,-0.1899,0.0072,0.0142,1.0153,-0.0478,1.5806,0.000237,-0.0001,0.0
10.71,FLIGHT,0.9445,1.5556,0.1604,0.1753,0.1571,0.1715,-0.0158,-0.1898,0.007,0.0139,1.0146,-0.0481,1.5811,0.000236,-0.0001,0.0
10.715,FLIGHT,0.9453,1.5564,0.1568,0.171,0.1536,0.1673,-0.0157,-0.1897,0.0069,0.0135,1.014,-0.0485,1.5815,0.000236,-0.0001,0.0
10.72,FLIGHT,0.946,1.5573,0.1532,0.1669,0.15,0.1632,-0.0157,-0.1897,0.0068,0.0132,1.0133,-0.0488,1.5819,0.000236,-0.0001,0.0
10.725,FLIGHT,0.9468,1.5581,0.1497,0.1628,0.1465,0.1591,-0.0157,-0.1896,0.0066,0.0129,1.0126,-0.0491,1.5822,0.000235,-0.0001,0.0
10.73,FLIGHT,0.9475,1.5589,0.1462,0.1587,0.143,0.1551,-0.0156,-0.1895,0.0065,0.0126,1.0118,-0.0494,1.5826,0.000235,-0.0001,0.0
10.735,FLIGHT,0.9482,1.5596,0.1427,0.1547,0.1396,0.1511,-0.0156,-0.1895,0.0064,0.0123,1.0111,-0.0497,1.583,0.000234,-0.0001,0.0
10.74,FLIGHT,0.9489,1.5604,0.1393,0.1508,0.1362,0.1473,-0.0156,-0.1894,0.0063,0.0119,1.0103,-0.05,1.5833,0.000234,-0.0001,0.0
10.745,FLIGHT,0.9496,1.5611,0.1359,0.1469,0.1329,0.1434,-0.0155,-0.1893,0.0061,0.0116,1.0095,-0.0503,1.5836,0.000234,-0.0001,0.0
10.75,FLIGHT,0.9502,1.5618,0.1325,0.1431,0.1296,0.1397,-0.0155,-0.1893,0.006,0.0113,1.0087,-0.0505,1.584,0.000233,-0.0001,0.0
10.755,FLIGHT,0.9509,1.5625,0.1293,0.1393,0.1263,0.136,-0.0155,-0.1892,0.0059,0.011,1.0079,-0.0508,1.5843,0.000233,-0.0001,0.0
10.76,FLIGHT,0.9515,1.5632,0.126,0.1356,0.1231,0.1324,-0.0154,-0.1892,0.0057,0.0108,1.0071,-0.051,1.5846,0.000233,-0.0001,0.0
10.765,FLIGHT,0.9521,1.5638,0.1228,0.132,0.12,0.1288,-0.0154,-0.1891,0.0056,0.0105,1.0062,-0.0513,1.5849,0.000232,-0.0001,0.0
10.77,FLIGHT,0.9527,1.5645,0.1197,0.1284,0.1169,0.1253,-0.0154,-0.1891,0.0055,0.0102,1.0053,-0.0515,1.5852,0.000232,-0.0001,0.0
10.775,FLIGHT,0.9533,1.5651,0.1166,0.1249,0.1139,0.1218,-0.0154,-0.189,0.0054,0.0099,1.0045,-0.0517,1.5855,0.000232,-0.0001,0.0
10.78,FLIGHT,0.9538,1.5657,0.1136,0.1215,0.1109,0.1185,-0.0153,-0.189,0.0052,0.0096,1.0036,-0.0519,1.5858,0.000231,-0.0001,0.0
10.785,FLIGHT,0.9544,1.5663,0.1106,0.1181,0.108,0.1152,-0.0153,-0.1889,0.0051,0.0094,1.0026,-0.0522,1.586,0.000231,-0.0001,0.0
10.79,FLIGHT,0.9549,1.5668,0.1077,0.1148,0.1051,0.1119,-0.0153,-0.1889,0.005,0.0091,1.0017,-0.0524,1.5863,0.000231,-0.0001,0.0
10.795,FLIGHT,0.9554,1.5674,0.1048,0.1116,0.1023,0.1087,-0.0153,-0.1889,0.0049,0.0089,1.0008,-0.0526,1.5866,0.00023,-0.0001,0.0
10.8,STANCE,0.9561,1.5681,0.1272,0.1382,0.2333,0.2637,-0.0152,-0.1888,0.0056,0.011,0.9998,0.1903,-0.1616,4.3e-05,-0.1859,0.0372
10.805,STANCE,0.9586,1.5685,0.4123,0.084,0.7475,-0.1425,-0.0148,-0.1888,0.0666,0.0017,0.9991,0.0174,-0.7656,-0.001439,-0.3554,0.0725
10.81,STANCE,0.9631,1.566,0.7602,-0.3677,0.9504,-1.022,-0.0136,-0.1891,0.1931,-0.0443,0.9982,-0.3407,-1.2095,-0.003191,-0.2951,0.0622
10.815,STANCE,0.9666,1.5622,0.6647,-0.5733,0.3079,-0.3188,-0.0124,-0.1895,0.2033,-0.0607,0.9977,-0.6014,-1.6663,-0.004177,-0.059,0.016
10.82,STANCE,0.968,1.561,0.4005,-0.346,0.3294,-0.2997,-0.012,-0.1896,0.1227,-0.0363,0.998,-0.7791,-2.1842,-0.004183,0.0366,0.0042
10.825,STANCE,0.9702,1.558,0.4317,-0.5817,0.3984,-1.2576,-0.0112,-0.1899,0.1609,-0.0574,0.9981,-1.0498,-2.3222,-0.003879,0.1133,0.0039
10.83,STANCE,0.9725,1.55,0.4849,-1.253,0.7502,-1.4387,-0.0097,-0.1907,0.2636,-0.1162,0.9981,-1.2825,-2.0451,-0.003294,0.0511,0.0033
10.835,STANCE,0.9771,1.5413,0.7901,-1.6194,1.0084,-2.0729,-0.0076,-0.1915,0.3743,-0.1472,0.9983,-1.5351,-1.6785,-0.003497,-0.082,0.0199
10.84,STANCE,0.9812,1.5283,0.8105,-2.3161,0.9461,-2.7053,-0.005,-0.1926,0.4786,-0.2005,0.9982,-1.5612,-0.9906,-0.003621,-0.0674,0.0171
10.845,STANCE,0.9856,1.5138,0.8508,-2.7292,0.8038,-3.0567,-0.0021,-0.1938,0.5492,-0.226,0.9981,-1.4582,-0.3065,-0.003908,-0.0421,0.0123
10.85,STANCE,0.9894,1.4984,0.7776,-2.9733,0.6227,-3.1747,0.0008,-0.1951,0.575,-0.2356,0.998,-1.1715,0.3408,-0.004125,-0.0171,0.0075
10.855,STANCE,0.9924,1.483,0.6446,-3.0504,0.568,-2.9953,0.0036,-0.1963,0.5651,-0.232,0.998,-0.7645,0.876,-0.004257,-0.0365,0.0115
10.86,STANCE,0.9946,1.468,0.5022,-3.0048,0.3814,-2.9267,0.0062,-0.1974,0.5351,-0.2202,0.9981,-0.3439,1.251,-0.004288,0.0059,0.0043
10.865,STANCE,0.9965,1.4539,0.4108,-2.8638,0.3446,-2.7245,0.0086,-0.1984,0.5004,-0.2027,0.9982,-0.065,1.4195,-0.004257,0.0176,0.0043
10.87,FLIGHT,0.9981,1.4408,0.343,-2.694,0.2078,-2.444,0.0108,-0.1993,0.4652,-0.1844,0.9985,-1.3622,2.6281,-0.004089,0.0545,0.0041
10.875,FLIGHT,0.9977,1.4304,0.0293,-2.2339,-0.3488,-1.7156,0.0123,-0.2,0.3365,-0.1523,0.9988,-1.3149,2.5789,-0.003664,0.1133,0.0037
10.88,FLIGHT,0.9947,1.4235,-0.4261,-1.6209,-0.844,-1.063,0.0127,-0.2006,0.1548,-0.1153,0.9994,-1.1808,2.463,-0.002983,0.1564,0.003
10.885,FLIGHT,0.9894,1.4196,-0.8741,-1.0202,-1.251,-0.5099,0.0122,-0.2009,-0.0244,-0.0801,1.0001,-1.0164,2.3258,-0.002126,0.1841,0.0021
10.89,FLIGHT,0.9823,1.4182,-1.2575,-0.4923,-1.5651,-0.0592,0.011,-0.2011,-0.1801,-0.0477,1.0009,-0.8476,2.1872,-0.001164,0.1987,0.0012
10.895,FLIGHT,0.9739,1.4188,-1.5588,-0.0551,-1.791,0.2951,0.0092,-0.2011,-0.3054,-0.0183,1.0018,-0.686,2.056,-0.000157,0.2027,0.0002
10.9,FLIGHT,0.9645,1.421,-1.776,0.2918,-1.9339,0.5642,0.007,-0.201,-0.3997,0.0085,1.0028,-0.5385,1.937,0.000703,0.1322,0.0
10.905,FLIGHT,0.9547,1.4243,-1.9155,0.5558,-2.0091,0.7574,0.0046,-0.2008,-0.4655,0.0323,1.0038,-0.4062,1.8313,0.001201,0.0709,0.0
10.91,FLIGHT,0.9446,1.4285,-1.9885,0.7457,-2.0272,0.8856,0.0019,-0.2006,-0.5064,0.0527,1.0049,-0.2896,1.7388,0.001446,0.0303,0.0
10.915,FLIGHT,0.9345,1.4331,-2.0052,0.8719,-1.9977,0.9594,-0.0007,-0.2002,-0.5263,0.0695,1.006,-0.1884,1.6596,0.001528,0.0043,0.0
10.92,FLIGHT,0.9246,1.438,-1.9749,0.9446,-1.9295,0.9888,-0.0034,-0.1998,-0.5288,0.0824,1.007,-0.1023,1.593,0.001506,-0.0116,0.0023
10.925,FLIGHT,0.9152,1.4429,-1.9065,0.9737,-1.8306,0.9828,-0.006,-0.1994,-0.5172,0.0913,1.0081,-0.0304,1.5382,0.001423,-0.0207,0.0041
10.93,FLIGHT,0.9064,1.4478,-1.808,0.9679,-1.7085,0.9495,-0.0084,-0.1989,-0.4948,0.0965,1.0092,0.0284,1.4944,0.001306,-0.0252,0.005
10.935,FLIGHT,0.8982,1.4524,-1.6867,0.9352,-1.5699,0.8961,-0.0107,-0.1984,-0.4643,0.0983,1.0102,0.0752,1.4604,0.001176,-0.0267,0.0053
10.94,FLIGHT,0.8907,1.4567,-1.5492,0.8827,-1.4205,0.8286,-0.0128,-0.198,-0.4281,0.097,1.0112,0.1113,1.4351,0.001042,-0.0263,0.0053
10.945,FLIGHT,0.884,1.4607,-1.4011,0.8164,-1.2652,0.7525,-0.0146,-0.1975,-0.3883,0.0931,1.0121,0.1379,1.4175,0.000914,-0.0248,0.005
10.95,FLIGHT,0.878,1.4642,-1.2472,0.7415,-1.1081,0.6719,-0.0163,-0.1971,-0.3465,0.0872,1.0131,0.1562,1.4064,0.000795,-0.0227,0.0045
10.955,FLIGHT,0.8729,1.4674,-1.0918,0.6623,-0.9529,0.5905,-0.0177,-0.1967,-0.3042,0.0798,1.0139,0.1674,1.4009,0.000688,-0.0201,0.004
10.96,FLIGHT,0.8685,1.4701,-0.9381,0.5822,-0.8021,0.511,-0.019,-0.1964,-0.2625,0.0715,1.0148,0.1726,1.3998,0.000594,-0.0175,0.0035
10.965,FLIGHT,0.8649,1.4725,-0.7889,0.5041,-0.658,0.4357,-0.02,-0.1961,-0.2222,0.0627,1.0156,0.1728,1.4025,0.000513,-0.0149,0.003
10.97,FLIGHT,0.8619,1.4745,-0.6463,0.4301,-0.5221,0.3662,-0.0209,-0.1959,-0.184,0.0538,1.0163,0.169,1.408,0.000445,-0.0124,0.0025
10.975,FLIGHT,0.8596,1.4762,-0.512,0.3618,-0.3958,0.3034,-0.0215,-0.1957,-0.1483,0.0451,1.017,0.1619,1.4158,0.000388,-0.0102,0.002
10.98,FLIGHT,0.8579,1.4775,-0.387,0.3001,-0.2796,0.2482,-0.022,-0.1955,-0.1155,0.0369,1.0177,0.1524,1.4251,0.000342,-0.0082,0.0016
10.985,FLIGHT,0.8568,1.4787,-0.2722,0.2459,-0.1739,0.2008,-0.0224,-0.1954,-0.0858,0.0295,1.0184,0.1411,1.4354,0.000306,-0.0065,0.0013
10.99,FLIGHT,0.8562,1.4796,-0.1678,0.1995,-0.079,0.1614,-0.0227,-0.1953,-0.0592,0.0228,1.019,0.1285,1.4464,0.000277,-0.0051,0.001
10.995,FLIGHT,0.856,1.4803,-0.074,0.1608,0.0053,0.1296,-0.0228,-0.1952,-0.0357,0.017,1.0195,0.1151,1.4577,0.000254,-0.0039,0.0008
11.0,FLIGHT,0.8562,1.4809,0.0093,0.1297,0.0793,0.1052,-0.0228,-0.1951,-0.0153,0.0122,1.0201,0.1015,1.4689,0.000237,-0.0029,0.0006
11.005,FLIGHT,0.8568,1.4814,0.0824,0.1059,0.1435,0.0877,-0.0228,-0.1951,0.0021,0.0082,1.0206,0.0878,1.4798,0.000225,-0.002,0.0004
11.01,FLIGHT,0.8576,1.4818,0.1459,0.0889,0.1985,0.0765,-0.0227,-0.1951,0.0167,0.0052,1.0211,0.0744,1.4902,0.000217,-0.0014,0.0003
11.015,FLIGHT,0.8588,1.4821,0.2001,0.0781,0.2448,0.071,-0.0225,-0.1951,0.0287,0.0029,1.0215,0.0615,1.5001,0.000211,-0.0008,0.0002
11.02,FLIGHT,0.8601,1.4825,0.2459,0.0728,0.2833,0.0704,-0.0223,-0.1951,0.0383,0.0014,1.022,0.0493,1.5093,0.000209,-0.0004,0.0001
11.025,FLIGHT,0.8616,1.4828,0.2839,0.0725,0.3147,0.0742,-0.022,-0.1951,0.0458,0.0006,1.0224,0.0379,1.5177,0.000208,-0.0,0.0
11.03,FLIGHT,0.8632,1.4832,0.3148,0.0764,0.3396,0.0815,-0.0218,-0.1951,0.0513,0.0004,1.0228,0.0273,1.5253,0.000208,0.0002,0.0
11.035,FLIGHT,0.865,1.4837,0.3394,0.0838,0.3588,0.0919,-0.0215,-0.1951,0.0551,0.0006,1.0232,0.0177,1.5321,0.00021,0.0004,0.0
11.04,FLIGHT,0.8668,1.4842,0.3583,0.0942,0.373,0.1046,-0.0212,-0.1951,0.0574,0.0013,1.0235,0.009,1.5382,0.000212,0.0005,0.0
11.045,FLIGHT,0.8687,1.4847,0.3723,0.1069,0.3829,0.1192,-0.0209,-0.1951,0.0584,0.0023,1.0239,0.0013,1.5435,0.000215,0.0006,0.0
11.05,FLIGHT,0.8706,1.4853,0.3821,0.1214,0.389,0.1349,-0.0206,-0.195,0.0583,0.0035,1.0242,-0.0055,1.548,0.000218,0.0007,0.0
11.055,FLIGHT,0.8726,1.4861,0.3881,0.1371,0.3921,0.1515,-0.0203,-0.195,0.0574,0.005,1.0245,-0.0114,1.5519,0.000222,0.0007,0.0
11.06,FLIGHT,0.8745,1.4869,0.3911,0.1535,0.3926,0.1685,-0.02,-0.195,0.0558,0.0065,1.0248,-0.0165,1.5551,0.000225,0.0007,0.0
11.065,FLIGHT,0.8765,1.4877,0.3916,0.1704,0.391,0.1855,-0.0198,-0.1949,0.0536,0.0082,1.0251,-0.0208,1.5578,0.000229,0.0007,0.0
11.07,FLIGHT,0.8784,1.4887,0.39,0.1872,0.3878,0.2022,-0.0195,-0.1949,0.051,0.0099,1.0254,-0.0245,1.56,0.000232,0.0006,0.0
11.075,FLIGHT,0.8804,1.4898,0.3867,0.2037,0.3832,0.2183,-0.0193,-0.1948,0.0481,0.0115,1.0256,-0.0275,1.5618,0.000235,0.0006,0.0
11.08,FLIGHT,0.8823,1.4909,0.3822,0.2197,0.3777,0.2336,-0.0191,-0.1947,0.0451,0.0132,1.0259,-0.0299,1.5631,0.000238,0.0005,0.0
11.085,FLIGHT,0.8841,1.4921,0.3767,0.2348,0.3714,0.248,-0.0189,-0.1947,0.0419,0.0148,1.0261,-0.0318,1.5642,0.00024,0.0005,0.0
11.09,FLIGHT,0.886,1.4934,0.3705,0.2491,0.3648,0.2613,-0.0187,-0.1946,0.0388,0.0162,1.0263,-0.0333,1.5649,0.000243,0.0004,0.0
11.095,FLIGHT,0.8878,1.4947,0.3639,0.2622,0.3578,0.2735,-0.0185,-0.1945,0.0357,0.0176,1.0264,-0.0345,1.5654,0.000245,0.0004,0.0
11.1,FLIGHT,0.8896,1.4961,0.357,0.2742,0.3508,0.2844,-0.0184,-0.1944,0.0327,0.0189,1.0266,-0.0353,1.5657,0.000247,0.0003,0.0
11.105,FLIGHT,0.8913,1.4976,0.3501,0.285,0.3438,0.2941,-0.0182,-0.1943,0.0298,0.0201,1.0268,-0.0359,1.5659,0.000248,0.0003,0.0
11.11,FLIGHT,0.893,1.4991,0.3431,0.2945,0.337,0.3025,-0.0181,-0.1942,0.0272,0.0211,1.0269,-0.0362,1.566,0.000249,0.0002,0.0
11.115,FLIGHT,0.8947,1.5006,0.3363,0.3028,0.3303,0.3096,-0.018,-0.1941,0.0247,0.0221,1.027,-0.0365,1.566,0.00025,0.0002,0.0
11.12,FLIGHT,0.8963,1.5021,0.3297,0.3098,0.3239,0.3155,-0.0179,-0.194,0.0224,0.0229,1.0271,-0.0366,1.566,0.000251,0.0001,0.0
11.125,FLIGHT,0.8979,1.5037,0.3233,0.3156,0.3177,0.3202,-0.0178,-0.1938,0.0204,0.0236,1.0272,-0.0366,1.5659,0.000252,0.0001,0.0
11.13,FLIGHT,0.8995,1.5053,0.3172,0.3202,0.3119,0.3239,-0.0177,-0.1937,0.0185,0.0241,1.0272,-0.0365,1.5658,0.000252,0.0001,0.0
11.135,FLIGHT,0.901,1.507,0.3114,0.3237,0.3063,0.3264,-0.0176,-0.1936,0.0169,0.0246,1.0272,-0.0365,1.5658,0.000253,0.0,0.0
11.14,FLIGHT,0.9025,1.5086,0.3059,0.3262,0.3011,0.328,-0.0175,-0.1935,0.0155,0.0249,1.0273,-0.0364,1.5657,0.000253,0.0,0.0
11.145,FLIGHT,0.904,1.5102,0.3007,0.3277,0.2961,0.3287,-0.0174,-0.1933,0.0142,0.0252,1.0273,-0.0363,1.5657,0.000253,-0.0,0.0
11.15,FLIGHT,0.9055,1.5119,0.2957,0.3283,0.2914,0.3285,-0.0174,-0.1932,0.0132,0.0254,1.0272,-0.0363,1.5657,0.000253,-0.0,0.0
11.155,FLIGHT,0.907,1.5135,0.291,0.3281,0.2869,0.3276,-0.0173,-0.1931,0.0122,0.0255,1.0272,-0.0363,1.5658,0.000253,-0.0,0.0
11.16,FLIGHT,0.9084,1.5152,0.2865,0.3271,0.2826,0.3259,-0.0173,-0.193,0.0115,0.0255,1.0271,-0.0363,1.566,0.000252,-0.0001,0.0
11.165,FLIGHT,0.9098,1.5168,0.2822,0.3255,0.2785,0.3237,-0.0172,-0.1928,0.0108,0.0254,1.027,-0.0364,1.5661,0.000252,-0.0001,0.0
11.17,FLIGHT,0.9112,1.5184,0.2781,0.3232,0.2745,0.3209,-0.0172,-0.1927,0.0103,0.0253,1.0269,-0.0365,1.5664,0.000252,-0.0001,0.0
11.175,FLIGHT,0.9125,1.52,0.2741,0.3204,0.2706,0.3177,-0.0171,-0.1926,0.0099,0.0251,1.0268,-0.0366,1.5667,0.000251,-0.0001,0.0
11.18,FLIGHT,0.9139,1.5216,0.2703,0.3172,0.2668,0.314,-0.0171,-0.1925,0.0096,0.0249,1.0267,-0.0368,1.567,0.000251,-0.0001,0.0
11.185,FLIGHT,0.9152,1.5231,0.2665,0.3135,0.2631,0.31,-0.017,-0.1923,0.0093,0.0247,1.0265,-0.0371,1.5674,0.00025,-0.0001,0.0
11.19,FLIGHT,0.9165,1.5247,0.2628,0.3095,0.2595,0.3057,-0.017,-0.1922,0.0091,0.0244,1.0263,-0.0374,1.5678,0.00025,-0.0001,0.0
11.195,FLIGHT,0.9178,1.5262,0.2591,0.3051,0.2559,0.3012,-0.0169,-0.1921,0.009,0.024,1.0261,-0.0377,1.5682,0.00025,-0.0001,0.0
11.2,FLIGHT,0.9191,1.5277,0.2555,0.3006,0.2522,0.2964,-0.0169,-0.192,0.0088,0.0237,1.0259,-0.0381,1.5687,0.000249,-0.0001,0.0
11.205,FLIGHT,0.9203,1.5292,0.2519,0.2958,0.2486,0.2914,-0.0168,-0.1919,0.0088,0.0233,1.0256,-0.0385,1.5692,0.000249,-0.0001,0.0
11.21,FLIGHT,0.9215,1.5306,0.2482,0.2908,0.245,0.2863,-0.0168,-0.1917,0.0087,0.023,1.0253,-0.0389,1.5697,0.000248,-0.0001,0.0
11.215,FLIGHT,0.9228,1.532,0.2446,0.2858,0.2413,0.2812,-0.0168,-0.1916,0.0087,0.0226,1.025,-0.0394,1.5703,0.000248,-0.0001,0.0
11.22,FLIGHT,0.924,1.5334,0.2409,0.2806,0.2376,0.2759,-0.0167,-0.1915,0.0086,0.0222,1.0247,-0.0398,1.5708,0.000247,-0.0001,0.0
11.225,FLIGHT,0.9251,1.5348,0.2372,0.2753,0.2339,0.2706,-0.0167,-0.1914,0.0086,0.0217,1.0244,-0.0403,1.5714,0.000247,-0.0001,0.0
11.23,FLIGHT,0.9263,1.5361,0.2334,0.27,0.2301,0.2652,-0.0166,-0.1913,0.0086,0.0213,1.024,-0.0408,1.572,0.000246,-0.0001,0.0
11.235,FLIGHT,0.9274,1.5374,0.2297,0.2647,0.2263,0.2599,-0.0166,-0.1912,0.0085,0.0209,1.0237,-0.0413,1.5725,0.000246,-0.0001,0.0
11.24,FLIGHT,0.9286,1.5387,0.2258,0.2593,0.2224,0.2545,-0.0165,-0.1911,0.0085,0.0205,1.0233,-0.0418,1.5731,0.000245,-0.0001,0.0
11.245,FLIGHT,0.9297,1.54,0.222,0.254,0.2185,0.2492,-0.0165,-0.191,0.0085,0.0201,1.0229,-0.0423,1.5737,0.000245,-0.0001,0.0
11.25,FLIGHT,0.9307,1.5412,0.2181,0.2486,0.2146,0.2438,-0.0165,-0.1909,0.0084,0.0196,1.0224,-0.0428,1.5743,0.000244,-0.0001,0.0
11.255,FLIGHT,0.9318,1.5424,0.2141,0.2433,0.2106,0.2386,-0.0164,-0.1908,0.0084,0.0192,1.022,-0.0433,1.5748,0.000244,-0.0001,0.0
11.26,FLIGHT,0.9328,1.5436,0.2102,0.238,0.2066,0.2333,-0.0164,-0.1907,0.0083,0.0188,1.0215,-0.0438,1.5754,0.000243,-0.0001,0.0
11.265,FLIGHT,0.9339,1.5448,0.2062,0.2328,0.2026,0.2281,-0.0163,-0.1906,0.0082,0.0184,1.021,-0.0443,1.5759,0.000243,-0.0001,0.0
11.27,FLIGHT,0.9349,1.5459,0.2022,0.2276,0.1986,0.223,-0.0163,-0.1905,0.0081,0.018,1.0205,-0.0447,1.5765,0.000242,-0.0001,0.0
11.275,FLIGHT,0.9359,1.547,0.1981,0.2224,0.1945,0.2179,-0.0162,-0.1905,0.008,0.0176,1.02,-0.0452,1.577,0.000242,-0.0001,0.0
11.28,FLIGHT,0.9368,1.5481,0.1941,0.2174,0.1905,0.2128,-0.0162,-0.1904,0.0079,0.0172,1.0194,-0.0456,1.5775,0.000241,-0.0001,0.0
11.285,FLIGHT,0.9378,1.5491,0.1901,0.2123,0.1865,0.2078,-0.0162,-0.1903,0.0078,0.0168,1.0188,-0.0461,1.578,0.000241,-0.0001,0.0
11.29,FLIGHT,0.9387,1.5501,0.186,0.2074,0.1824,0.2029,-0.0161,-0.1902,0.0077,0.0164,1.0183,-0.0465,1.5785,0.00024,-0.0001,0.0
11.295,FLIGHT,0.9396,1.5511,0.182,0.2024,0.1784,0.1981,-0.0161,-0.1901,0.0076,0.016,1.0177,-0.0469,1.579,0.00024,-0.0001,0.0
11.3,FLIGHT,0.9405,1.5521,0.178,0.1976,0.1744,0.1933,-0.0161,-0.19,0.0075,0.0156,1.017,-0.0473,1.5794,0.000239,-0.0001,0.0
11.305,FLIGHT,0.9413,1.5531,0.174,0.1928,0.1705,0.1886,-0.016,-0.19,0.0073,0.0153,1.0164,-0.0476,1.5799,0.000239,-0.0001,0.0
11.31,FLIGHT,0.9422,1.554,0.1701,0.1881,0.1665,0.1839,-0.016,-0.1899,0.0072,0.0149,1.0157,-0.048,1.5803,0.000238,-0.0001,0.0
11.315,FLIGHT,0.943,1.5549,0.1661,0.1835,0.1626,0.1793,-0.0159,-0.1898,0.0071,0.0145,1.015,-0.0484,1.5807,0.000238,-0.0001,0.0
11.32,FLIGHT,0.9438,1.5558,0.1622,0.1789,0.1588,0.1748,-0.0159,-0.1898,0.0069,0.0142,1.0143,-0.0487,1.5811,0.000237,-0.0001,0.0
11.325,FLIGHT,0.9446,1.5567,0.1584,0.1744,0.155,0.1703,-0.0159,-0.1897,0.0068,0.0138,1.0136,-0.049,1.5816,0.000237,-0.0001,0.0
11.33,FLIGHT,0.9453,1.5575,0.1546,0.1699,0.1512,0.166,-0.0158,-0.1896,0.0066,0.0135,1.0129,-0.0493,1.5819,0.000237,-0.0001,0.0
11.335,FLIGHT,0.9461,1.5583,0.1508,0.1655,0.1475,0.1616,-0.0158,-0.1896,0.0065,0.0131,1.0121,-0.0496,1.5823,0.000236,-0.0001,0.0
11.34,FLIGHT,0.9468,1.5591,0.1471,0.1612,0.1438,0.1574,-0.0158,-0.1895,0.0064,0.0128,1.0114,-0.0499,1.5827,0.000236,-0.0001,0.0
11.345,FLIGHT,0.9475,1.5599,0.1435,0.157,0.1402,0.1532,-0.0158,-0.1894,0.0062,0.0124,1.0106,-0.0502,1.583,0.000235,-0.0001,0.0
11.35,FLIGHT,0.9482,1.5606,0.1399,0.1528,0.1367,0.1491,-0.0157,-0.1894,0.0061,0.0121,1.0098,-0.0505,1.5834,0.000235,-0.0001,0.0
11.355,FLIGHT,0.9489,1.5614,0.1363,0.1487,0.1332,0.1451,-0.0157,-0.1893,0.006,0.0118,1.0089,-0.0508,1.5837,0.000235,-0.0001,0.0
11.36,FLIGHT,0.9496,1.5621,0.1328,0.1447,0.1297,0.1411,-0.0157,-0.1893,0.0058,0.0115,1.0081,-0.051,1.5841,0.000234,-0.0001,0.0
11.365,FLIGHT,0.9502,1.5628,0.1294,0.1407,0.1264,0.1372,-0.0156,-0.1892,0.0057,0.0112,1.0072,-0.0513,1.5844,0.000234,-0.0001,0.0
11.37,FLIGHT,0.9508,1.5635,0.126,0.1368,0.123,0.1334,-0.0156,-0.1891,0.0056,0.0109,1.0064,-0.0515,1.5847,0.000233,-0.0001,0.0
11.375,FLIGHT,0.9514,1.5641,0.1227,0.133,0.1198,0.1296,-0.0156,-0.1891,0.0055,0.0106,1.0055,-0.0517,1.585,0.000233,-0.0001,0.0
11.38,FLIGHT,0.952,1.5648,0.1195,0.1293,0.1166,0.126,-0.0156,-0.189,0.0053,0.0103,1.0046,-0.052,1.5853,0.000233,-0.0001,0.0
11.385,FLIGHT,0.9526,1.5654,0.1163,0.1256,0.1135,0.1224,-0.0155,-0.189,0.0052,0.01,1.0036,-0.0522,1.5856,0.000232,-0.0001,0.0
11.39,FLIGHT,0.9532,1.566,0.1132,0.122,0.1104,0.1188,-0.0155,-0.1889,0.0051,0.0097,1.0027,-0.0524,1.5859,0.000232,-0.0001,0.0
11.395,FLIGHT,0.9537,1.5666,0.1101,0.1185,0.1074,0.1154,-0.0155,-0.1889,0.005,0.0094,1.0017,-0.0526,1.5861,0.000232,-0.0001,0.0
11.4,FLIGHT,0.9542,1.5671,0.1071,0.1151,0.1045,0.112,-0.0155,-0.1889,0.0049,0.0091,1.0008,-0.0528,1.5864,0.000231,-0.0001,0.0
11.405,STANCE,0.9549,1.5679,0.1307,0.143,0.2424,0.275,-0.0154,-0.1888,0.0056,0.0114,0.9998,0.1921,-0.1632,4.4e-05,-0.1853,0.0371
11.41,STANCE,0.9575,1.5684,0.423,0.0963,0.7636,-0.1253,-0.015,-0.1888,0.067,0.0027,0.9991,0.0177,-0.7716,-0.001435,-0.3554,0.0725
11.415,STANCE,0.9622,1.566,0.7851,-0.341,0.995,-0.9749,-0.0138,-0.1891,0.1942,-0.0424,0.9982,-0.3446,-1.223,-0.003213,-0.3063,0.0645
11.42,STANCE,0.9658,1.5623,0.6847,-0.5529,0.3148,-0.3231,-0.0126,-0.1895,0.2043,-0.0593,0.9977,-0.6019,-1.679,-0.004222,-0.0597,0.0162
11.425,STANCE,0.9671,1.561,0.4105,-0.3614,0.3349,-0.349,-0.0122,-0.1896,0.1267,-0.038,0.998,-0.7753,-2.1825,-0.004221,0.0396,0.0042
11.43,STANCE,0.9694,1.5576,0.4395,-0.6295,0.4057,-1.3225,-0.0113,-0.1899,0.1688,-0.0619,0.9981,-1.0466,-2.3054,-0.003899,0.1164,0.0039
11.435,STANCE,0.9717,1.5491,0.4943,-1.3505,0.7642,-1.6212,-0.0097,-0.1907,0.2787,-0.125,0.9981,-1.2838,-2.0032,-0.003347,0.0271,0.0033
11.44,STANCE,0.9763,1.5395,0.784,-1.7817,0.8662,-2.3998,-0.0075,-0.1916,0.3958,-0.161,0.9982,-1.5362,-1.6025,-0.00368,-0.0652,0.0167
11.445,STANCE,0.9802,1.5255,0.7954,-2.473,0.9754,-2.7823,-0.0048,-0.1928,0.498,-0.213,0.998,-1.5616,-0.9107,-0.003906,-0.1212,0.0281
11.45,STANCE,0.9842,1.5102,0.7959,-2.8943,0.8533,-3.0643,-0.0019,-0.1941,0.5626,-0.2384,0.9979,-1.442,-0.2203,-0.004298,-0.1127,0.0268
11.455,STANCE,0.9875,1.4944,0.6833,-3.0648,0.4564,-3.2263,0.001,-0.1954,0.5703,-0.2419,0.9978,-1.1348,0.3947,-0.004554,0.0063,0.0046
11.46,STANCE,0.9898,1.4793,0.5274,-3.0152,0.3451,-2.9947,0.0036,-0.1966,0.5375,-0.2292,0.9979,-0.712,0.8731,-0.004571,0.0208,0.0046
11.465,STANCE,0.9913,1.4647,0.3747,-2.9401,0.2704,-2.8424,0.006,-0.1977,0.5006,-0.2163,0.998,-0.284,1.2332,-0.004527,0.0043,0.0045
11.47,STANCE,0.9924,1.4507,0.263,-2.8403,0.1852,-2.7419,0.0083,-0.1987,0.4675,-0.2027,0.9982,0.0045,1.418,-0.004387,0.0462,0.0044
11.475,FLIGHT,0.9935,1.4377,0.2371,-2.6596,0.1462,-2.3994,0.0104,-0.1996,0.4388,-0.1839,0.9984,-1.2863,2.5696,-0.00426,0.035,0.0043
11.48,FLIGHT,0.9929,1.4275,-0.033,-2.2047,-0.376,-1.7008,0.0118,-0.2003,0.3194,-0.1517,0.9988,-1.2436,2.5237,-0.003928,0.0952,0.0039
11.485,FLIGHT,0.9898,1.4206,-0.4525,-1.6119,-0.8409,-1.0741,0.0122,-0.2008,0.1479,-0.1152,0.9994,-1.1167,2.4137,-0.003334,0.1399,0.0033
11.49,FLIGHT,0.9846,1.4166,-0.8701,-1.0334,-1.2223,-0.5423,0.0117,-0.2011,-0.022,-0.0807,1.0001,-0.9605,2.2831,-0.002555,0.1695,0.0026
11.495,FLIGHT,0.9778,1.415,-1.2284,-0.5252,-1.5157,-0.1081,0.0106,-0.2013,-0.1698,-0.0492,1.001,-0.7998,2.1511,-0.001661,0.186,0.0017
11.5,FLIGHT,0.9696,1.4154,-1.5094,-0.1037,-1.7254,0.2342,0.0089,-0.2014,-0.2887,-0.0207,1.0019,-0.646,2.0263,-0.000712,0.1921,0.0007
11.505,FLIGHT,0.9606,1.4172,-1.7118,0.2311,-1.8586,0.4942,0.0068,-0.2013,-0.3784,0.005,1.0029,-0.5049,1.9128,0.000235,0.1707,0.0
11.51,FLIGHT,0.9512,1.4202,-1.8398,0.4869,-1.9242,0.6832,0.0045,-0.2012,-0.4409,0.0277,1.0039,-0.3793,1.8125,0.000899,0.0987,0.0
11.515,FLIGHT,0.9415,1.424,-1.904,0.6725,-1.9361,0.81,0.002,-0.2009,-0.4797,0.0471,1.005,-0.2687,1.7251,0.00126,0.0493,0.0
11.52,FLIGHT,0.9319,1.4282,-1.9148,0.7974,-1.9034,0.8851,-0.0006,-0.2006,-0.4984,0.063,1.0061,-0.1729,1.6502,0.00142,0.0171,0.0
11.525,FLIGHT,0.9225,1.4327,-1.8814,0.8715,-1.8343,0.9178,-0.0031,-0.2002,-0.5007,0.0752,1.0072,-0.0914,1.5872,0.001451,-0.0032,0.0006
11.53,FLIGHT,0.9136,1.4373,-1.8122,0.9039,-1.7365,0.9168,-0.0055,-0.1998,-0.4897,0.0837,1.0083,-0.0233,1.5356,0.001402,-0.0153,0.0031
11.535,FLIGHT,0.9052,1.4419,-1.7149,0.9031,-1.6172,0.8898,-0.0078,-0.1994,-0.4684,0.0887,1.0094,0.0322,1.4942,0.001307,-0.0219,0.0044
11.54,FLIGHT,0.8974,1.4462,-1.5963,0.8766,-1.4824,0.8434,-0.01,-0.1989,-0.4395,0.0905,1.0104,0.0765,1.4622,0.001189,-0.0248,0.005
11.545,FLIGHT,0.8904,1.4503,-1.4625,0.8311,-1.3377,0.7836,-0.012,-0.1985,-0.4051,0.0894,1.0114,0.1105,1.4384,0.001063,-0.0253,0.0051
11.55,FLIGHT,0.8841,1.454,-1.3191,0.7724,-1.1876,0.7153,-0.0137,-0.1981,-0.3673,0.086,1.0124,0.1355,1.4219,0.000938,-0.0244,0.0049
11.555,FLIGHT,0.8785,1.4574,-1.1704,0.7052,-1.0362,0.6427,-0.0153,-0.1977,-0.3277,0.0808,1.0133,0.1527,1.4115,0.00082,-0.0227,0.0045
11.56,FLIGHT,0.8737,1.4604,-1.0205,0.6338,-0.8867,0.569,-0.0167,-0.1974,-0.2875,0.0742,1.0142,0.1631,1.4063,0.000713,-0.0204,0.0041
11.565,FLIGHT,0.8696,1.4631,-0.8725,0.5615,-0.7416,0.497,-0.0178,-0.1971,-0.2478,0.0667,1.0151,0.1679,1.4054,0.000617,-0.0179,0.0036
11.57,FLIGHT,0.8663,1.4654,-0.729,0.4907,-0.6031,0.4287,-0.0188,-0.1968,-0.2095,0.0588,1.0159,0.1679,1.408,0.000534,-0.0153,0.0031
11.575,FLIGHT,0.8636,1.4674,-0.592,0.4236,-0.4726,0.3657,-0.0196,-0.1966,-0.1732,0.0508,1.0167,0.164,1.4133,0.000463,-0.0129,0.0026
11.58,FLIGHT,0.8615,1.4691,-0.4629,0.3617,-0.3513,0.3089,-0.0202,-0.1964,-0.1393,0.043,1.0174,0.1572,1.4206,0.000405,-0.0106,0.0021
11.585,FLIGHT,0.8601,1.4705,-0.3429,0.306,-0.2397,0.259,-0.0207,-0.1962,-0.1081,0.0357,1.0181,0.1479,1.4295,0.000356,-0.0086,0.0017
11.59,FLIGHT,0.8591,1.4717,-0.2326,0.257,-0.1384,0.2164,-0.021,-0.1961,-0.0799,0.029,1.0188,0.137,1.4393,0.000318,-0.0069,0.0014
11.595,FLIGHT,0.8587,1.4727,-0.1324,0.2152,-0.0473,0.1811,-0.0213,-0.196,-0.0546,0.023,1.0194,0.1249,1.4498,0.000287,-0.0054,0.0011
11.6,FLIGHT,0.8586,1.4735,-0.0424,0.1807,0.0336,0.1528,-0.0214,-0.1959,-0.0324,0.0179,1.02,0.1121,1.4604,0.000263,-0.0041,0.0008
11.605,FLIGHT,0.859,1.4742,0.0375,0.1531,0.1047,0.1314,-0.0214,-0.1958,-0.013,0.0136,1.0206,0.099,1.4711,0.000246,-0.0031,0.0006
11.61,FLIGHT,0.8597,1.4748,0.1077,0.1322,0.1663,0.1164,-0.0213,-0.1958,0.0035,0.0101,1.0211,0.0859,1.4815,0.000232,-0.0022,0.0004
11.615,FLIGHT,0.8606,1.4754,0.1686,0.1176,0.2191,0.1071,-0.0212,-0.1958,0.0173,0.0075,1.0216,0.0731,1.4914,0.000223,-0.0015,0.0003
11.62,FLIGHT,0.8618,1.4759,0.2207,0.1087,0.2636,0.1031,-0.0211,-0.1957,0.0287,0.0056,1.0221,0.0608,1.5008,0.000217,-0.0009,0.0002
11.625,FLIGHT,0.8632,1.4764,0.2646,0.1049,0.3006,0.1036,-0.0209,-0.1957,0.0378,0.0043,1.0226,0.0491,1.5095,0.000213,-0.0005,0.0001
11.63,FLIGHT,0.8648,1.477,0.3012,0.1056,0.3307,0.1081,-0.0206,-0.1957,0.0448,0.0037,1.0231,0.0382,1.5175,0.000212,-0.0001,0.0
11.635,FLIGHT,0.8665,1.4775,0.3309,0.1102,0.3547,0.1159,-0.0204,-0.1957,0.05,0.0036,1.0235,0.0281,1.5248,0.000212,0.0001,0.0
11.64,FLIGHT,0.8684,1.4781,0.3545,0.1181,0.3732,0.1264,-0.0201,-0.1957,0.0536,0.0039,1.0239,0.0189,1.5313,0.000213,0.0003,0.0
11.645,FLIGHT,0.8703,1.4788,0.3727,0.1286,0.3869,0.139,-0.0198,-0.1956,0.0557,0.0046,1.0243,0.0106,1.5371,0.000215,0.0005,0.0
11.65,FLIGHT,0.8722,1.4795,0.3862,0.1412,0.3964,0.1533,-0.0195,-0.1956,0.0566,0.0056,1.0247,0.0031,1.5422,0.000218,0.0006,0.0
11.655,FLIGHT,0.8742,1.4803,0.3956,0.1554,0.4024,0.1686,-0.0192,-0.1956,0.0566,0.0068,1.025,-0.0034,1.5465,0.000221,0.0006,0.0
11.66,FLIGHT,0.8762,1.4812,0.4015,0.1706,0.4054,0.1846,-0.019,-0.1955,0.0556,0.0082,1.0254,-0.0091,1.5503,0.000224,0.0006,0.0
11.665,FLIGHT,0.8783,1.4822,0.4044,0.1865,0.4059,0.2009,-0.0187,-0.1955,0.054,0.0097,1.0257,-0.014,1.5535,0.000227,0.0006,0.0
11.67,FLIGHT,0.8803,1.4832,0.4049,0.2026,0.4043,0.2171,-0.0184,-0.1954,0.0519,0.0113,1.026,-0.0182,1.5561,0.00023,0.0006,0.0
11.675,FLIGHT,0.8823,1.4843,0.4033,0.2187,0.4012,0.233,-0.0182,-0.1954,0.0494,0.0129,1.0263,-0.0218,1.5582,0.000233,0.0006,0.0
11.68,FLIGHT,0.8843,1.4855,0.4002,0.2344,0.3967,0.2483,-0.018,-0.1953,0.0466,0.0144,1.0266,-0.0247,1.56,0.000236,0.0006,0.0
11.685,FLIGHT,0.8863,1.4868,0.3958,0.2495,0.3913,0.2627,-0.0177,-0.1952,0.0437,0.016,1.0268,-0.0271,1.5613,0.000239,0.0005,0.0
11.69,FLIGHT,0.8882,1.4882,0.3904,0.2638,0.3853,0.2763,-0.0175,-0.1951,0.0407,0.0174,1.0271,-0.029,1.5624,0.000241,0.0005,0.0
11.695,FLIGHT,0.8901,1.4896,0.3844,0.2772,0.3787,0.2887,-0.0174,-0.195,0.0376,0.0188,1.0273,-0.0305,1.5632,0.000244,0.0004,0.0
11.7,FLIGHT,0.892,1.4911,0.3779,0.2895,0.3719,0.3,-0.0172,-0.1949,0.0347,0.0201,1.0275,-0.0317,1.5638,0.000245,0.0004,0.0
11.705,FLIGHT,0.8939,1.4926,0.3711,0.3007,0.365,0.3101,-0.017,-0.1948,0.0318,0.0213,1.0277,-0.0326,1.5642,0.000247,0.0003,0.0
11.71,FLIGHT,0.8957,1.4942,0.3642,0.3106,0.358,0.319,-0.0169,-0.1947,0.0291,0.0224,1.0279,-0.0332,1.5644,0.000249,0.0003,0.0
11.715,FLIGHT,0.8974,1.4958,0.3573,0.3194,0.3512,0.3266,-0.0168,-0.1946,0.0265,0.0233,1.028,-0.0336,1.5646,0.00025,0.0002,0.0
11.72,FLIGHT,0.8992,1.4974,0.3505,0.3269,0.3445,0.333,-0.0167,-0.1944,0.0241,0.0242,1.0282,-0.0339,1.5647,0.000251,0.0002,0.0
11.725,FLIGHT,0.9009,1.4991,0.3439,0.3332,0.3381,0.3383,-0.0166,-0.1943,0.0219,0.0249,1.0283,-0.0341,1.5647,0.000251,0.0001,0.0
11.73,FLIGHT,0.9026,1.5008,0.3375,0.3383,0.3318,0.3424,-0.0165,-0.1942,0.02,0.0255,1.0284,-0.0342,1.5648,0.000252,0.0001,0.0
11.735,FLIGHT,0.9042,1.5025,0.3313,0.3423,0.3259,0.3453,-0.0164,-0.1941,0.0182,0.026,1.0285,-0.0343,1.5648,0.000252,0.0001,0.0
11.74,FLIGHT,0.9058,1.5043,0.3254,0.3452,0.3202,0.3473,-0.0163,-0.1939,0.0166,0.0264,1.0285,-0.0343,1.5648,0.000253,0.0,0.0
11.745,FLIGHT,0.9074,1.506,0.3197,0.3471,0.3147,0.3483,-0.0162,-0.1938,0.0152,0.0267,1.0286,-0.0343,1.5649,0.000253,0.0,0.0
11.75,FLIGHT,0.909,1.5077,0.3143,0.348,0.3096,0.3485,-0.0161,-0.1937,0.014,0.0269,1.0286,-0.0343,1.5649,0.000253,-0.0,0.0
11.755,FLIGHT,0.9105,1.5095,0.3091,0.3481,0.3046,0.3478,-0.0161,-0.1935,0.013,0.027,1.0286,-0.0343,1.565,0.000253,-0.0,0.0
11.76,FLIGHT,0.912,1.5112,0.3042,0.3474,0.2998,0.3464,-0.016,-0.1934,0.0121,0.0271,1.0286,-0.0344,1.5652,0.000253,-0.0,0.0
11.765,FLIGHT,0.9135,1.5129,0.2994,0.3459,0.2953,0.3443,-0.016,-0.1932,0.0113,0.027,1.0285,-0.0345,1.5654,0.000252,-0.0001,0.0
11.77,FLIGHT,0.915,1.5147,0.2949,0.3438,0.2909,0.3417,-0.0159,-0.1931,0.0107,0.0269,1.0285,-0.0346,1.5657,0.000252,-0.0001,0.0
11.775,FLIGHT,0.9164,1.5164,0.2905,0.3411,0.2866,0.3385,-0.0159,-0.193,0.0102,0.0268,1.0284,-0.0348,1.5659,0.000252,-0.0001,0.0
11.78,FLIGHT,0.9178,1.518,0.2862,0.3379,0.2824,0.3348,-0.0158,-0.1928,0.0097,0.0266,1.0283,-0.035,1.5663,0.000251,-0.0001,0.0
11.785,FLIGHT,0.9192,1.5197,0.282,0.3342,0.2783,0.3308,-0.0158,-0.1927,0.0094,0.0263,1.0282,-0.0352,1.5667,0.000251,-0.0001,0.0
11.79,FLIGHT,0.9206,1.5213,0.2779,0.3302,0.2743,0.3264,-0.0157,-0.1926,0.0091,0.0261,1.028,-0.0355,1.5671,0.00025,-0.0001,0.0
11.795,FLIGHT,0.922,1.523,0.2739,0.3258,0.2703,0.3217,-0.0157,-0.1925,0.0089,0.0257,1.0279,-0.0359,1.5675,0.00025,-0.0001,0.0
11.8,FLIGHT,0.9233,1.5246,0.2699,0.3211,0.2664,0.3167,-0.0156,-0.1923,0.0088,0.0254,1.0277,-0.0362,1.568,0.000249,-0.0001,0.0
11.805,FLIGHT,0.9246,1.5261,0.2659,0.3161,0.2624,0.3116,-0.0156,-0.1922,0.0086,0.025,1.0275,-0.0366,1.5685,0.000249,-0.0001,0.0
11.81,FLIGHT,0.9259,1.5277,0.262,0.311,0.2584,0.3063,-0.0156,-0.1921,0.0085,0.0246,1.0273,-0.0371,1.5691,0.000248,-0.0001,0.0
11.815,FLIGHT,0.9272,1.5292,0.258,0.3057,0.2545,0.3008,-0.0155,-0.192,0.0085,0.0242,1.027,-0.0375,1.5696,0.000248,-0.0001,0.0
11.82,FLIGHT,0.9285,1.5307,0.2541,0.3002,0.2505,0.2953,-0.0155,-0.1918,0.0084,0.0238,1.0267,-0.038,1.5702,0.000247,-0.0001,0.0
11.825,FLIGHT,0.9297,1.5321,0.2501,0.2947,0.2465,0.2897,-0.0154,-0.1917,0.0084,0.0234,1.0265,-0.0385,1.5708,0.000247,-0.0001,0.0
11.83,FLIGHT,0.9309,1.5336,0.246,0.2891,0.2424,0.284,-0.0154,-0.1916,0.0083,0.0229,1.0261,-0.039,1.5714,0.000246,-0.0001,0.0
11.835,FLIGHT,0.9321,1.535,0.242,0.2834,0.2383,0.2783,-0.0153,-0.1915,0.0083,0.0225,1.0258,-0.0395,1.572,0.000245,-0.0001,0.0
11.84,FLIGHT,0.9333,1.5364,0.2379,0.2777,0.2342,0.2726,-0.0153,-0.1914,0.0082,0.022,1.0255,-0.04,1.5726,0.000245,-0.0001,0.0
11.845,FLIGHT,0.9345,1.5377,0.2338,0.2721,0.2301,0.267,-0.0153,-0.1913,0.0082,0.0216,1.0251,-0.0405,1.5732,0.000244,-0.0001,0.0
11.85,FLIGHT,0.9356,1.539,0.2296,0.2664,0.2259,0.2613,-0.0152,-0.1912,0.0081,0.0211,1.0247,-0.0411,1.5738,0.000244,-0.0001,0.0
11.855,FLIGHT,0.9367,1.5403,0.2254,0.2607,0.2217,0.2556,-0.0152,-0.1911,0.0081,0.0207,1.0243,-0.0416,1.5744,0.000243,-0.0001,0.0
11.86,FLIGHT,0.9378,1.5416,0.2212,0.255,0.2174,0.25,-0.0151,-0.191,0.008,0.0203,1.0239,-0.0421,1.5749,0.000243,-0.0001,0.0
11.865,FLIGHT,0.9389,1.5428,0.217,0.2494,0.2132,0.2444,-0.0151,-0.1909,0.0079,0.0198,1.0234,-0.0426,1.5755,0.000242,-0.0001,0.0
11.87,FLIGHT,0.94,1.544,0.2127,0.2439,0.2089,0.2389,-0.0151,-0.1908,0.0079,0.0194,1.0229,-0.0431,1.5761,0.000242,-0.0001,0.0
11.875,FLIGHT,0.941,1.5452,0.2084,0.2384,0.2046,0.2334,-0.015,-0.1907,0.0078,0.0189,1.0224,-0.0435,1.5766,0.000241,-0.0001,0.0
11.88,FLIGHT,0.942,1.5464,0.2042,0.2329,0.2003,0.228,-0.015,-0.1906,0.0077,0.0185,1.0219,-0.044,1.5772,0.000241,-0.0001,0.0
11.885,FLIGHT,0.943,1.5475,0.1999,0.2275,0.1961,0.2227,-0.015,-0.1905,0.0076,0.0181,1.0214,-0.0445,1.5777,0.00024,-0.0001,0.0
11.89,FLIGHT,0.944,1.5486,0.1956,0.2222,0.1918,0.2174,-0.0149,-0.1904,0.0075,0.0177,1.0209,-0.0449,1.5782,0.00024,-0.0001,0.0
11.895,FLIGHT,0.9449,1.5497,0.1913,0.2169,0.1875,0.2122,-0.0149,-0.1903,0.0073,0.0173,1.0203,-0.0453,1.5787,0.000239,-0.0001,0.0
11.9,FLIGHT,0.9459,1.5507,0.1871,0.2117,0.1833,0.207,-0.0148,-0.1903,0.0072,0.0168,1.0197,-0.0457,1.5792,0.000239,-0.0001,0.0
11.905,FLIGHT,0.9468,1.5517,0.1829,0.2065,0.1791,0.2019,-0.0148,-0.1902,0.0071,0.0164,1.0191,-0.0461,1.5797,0.000238,-0.0001,0.0
11.91,FLIGHT,0.9476,1.5527,0.1787,0.2015,0.1749,0.1969,-0.0148,-0.1901,0.007,0.016,1.0185,-0.0465,1.5802,0.000238,-0.0001,0.0
11.915,FLIGHT,0.9485,1.5537,0.1745,0.1964,0.1708,0.192,-0.0147,-0.19,0.0068,0.0156,1.0178,-0.0469,1.5806,0.000237,-0.0001,0.0
11.92,FLIGHT,0.9494,1.5547,0.1704,0.1915,0.1667,0.1871,-0.0147,-0.1899,0.0067,0.0153,1.0171,-0.0473,1.5811,0.000237,-0.0001,0.0
11.925,FLIGHT,0.9502,1.5556,0.1663,0.1867,0.1627,0.1823,-0.0147,-0.1899,0.0066,0.0149,1.0165,-0.0476,1.5815,0.000236,-0.0001,0.0
11.93,FLIGHT,0.951,1.5565,0.1623,0.1819,0.1587,0.1776,-0.0146,-0.1898,0.0064,0.0145,1.0158,-0.048,1.5819,0.000236,-0.0001,0.0
11.935,FLIGHT,0.9518,1.5574,0.1583,0.1772,0.1547,0.173,-0.0146,-0.1897,0.0063,0.0141,1.015,-0.0483,1.5823,0.000235,-0.0001,0.0
11.94,FLIGHT,0.9525,1.5582,0.1543,0.1725,0.1508,0.1684,-0.0146,-0.1897,0.0061,0.0138,1.0143,-0.0486,1.5827,0.000235,-0.0001,0.0
11.945,FLIGHT,0.9533,1.559,0.1504,0.168,0.147,0.1639,-0.0145,-0.1896,0.006,0.0134,1.0135,-0.0489,1.5831,0.000234,-0.0001,0.0
11.95,FLIGHT,0.954,1.5598,0.1466,0.1635,0.1432,0.1595,-0.0145,-0.1895,0.0059,0.013,1.0128,-0.0492,1.5834,0.000234,-0.0001,0.0
11.955,FLIGHT,0.9547,1.5606,0.1429,0.1591,0.1395,0.1552,-0.0145,-0.1895,0.0058,0.0127,1.012,-0.0495,1.5838,0.000233,-0.0001,0.0
11.96,FLIGHT,0.9554,1.5614,0.1391,0.1547,0.1359,0.1509,-0.0145,-0.1894,0.0056,0.0124,1.0112,-0.0497,1.5841,0.000233,-0.0001,0.0
11.965,FLIGHT,0.9561,1.5621,0.1355,0.1505,0.1323,0.1467,-0.0144,-0.1893,0.0055,0.012,1.0103,-0.05,1.5845,0.000233,-0.0001,0.0
11.97,FLIGHT,0.9567,1.5629,0.1319,0.1463,0.1288,0.1426,-0.0144,-0.1893,0.0054,0.0117,1.0095,-0.0503,1.5848,0.000232,-0.0001,0.0
11.975,FLIGHT,0.9574,1.5636,0.1284,0.1422,0.1253,0.1386,-0.0144,-0.1892,0.0052,0.0114,1.0086,-0.0505,1.5851,0.000232,-0.0001,0.0
11.98,FLIGHT,0.958,1.5643,0.125,0.1382,0.1219,0.1346,-0.0144,-0.1892,0.0051,0.011,1.0078,-0.0507,1.5854,0.000231,-0.0001,0.0
11.985,FLIGHT,0.9586,1.5649,0.1216,0.1342,0.1186,0.1307,-0.0143,-0.1891,0.005,0.0107,1.0069,-0.051,1.5857,0.000231,-0.0001,0.0
11.99,FLIGHT,0.9592,1.5656,0.1183,0.1304,0.1153,0.127,-0.0143,-0.1891,0.0049,0.0104,1.006,-0.0512,1.586,0.000231,-0.0001,0.0
11.995,FLIGHT,0.9597,1.5662,0.115,0.1266,0.1122,0.1232,-0.0143,-0.189,0.0048,0.0101,1.005,-0.0514,1.5863,0.00023,-0.0001,0.0
12.0,FLIGHT,0.9603,1.5668,0.1118,0.1229,0.109,0.1196,-0.0143,-0.189,0.0047,0.0098,1.0041,-0.0516,1.5866,0.00023,-0.0001,0.0
12.005,FLIGHT,0.9608,1.5674,0.1087,0.1193,0.106,0.116,-0.0142,-0.1889,0.0046,0.0095,1.0031,-0.0518,1.5869,0.000229,-0.0001,0.0
12.01,FLIGHT,0.9613,1.568,0.1057,0.1157,0.103,0.1126,-0.0142,-0.1889,0.0045,0.0093,1.0022,-0.052,1.5871,0.000229,-0.0001,0.0
12.015,FLIGHT,0.9618,1.5685,0.1027,0.1122,0.1001,0.1092,-0.0142,-0.1888,0.0044,0.009,1.0012,-0.0522,1.5874,0.000229,-0.0001,0.0
12.02,FLIGHT,0.9623,1.569,0.0998,0.1089,0.0972,0.1059,-0.0142,-0.1888,0.0043,0.0087,1.0002,-0.0524,1.5877,0.000228,-0.0001,0.0
12.025,STANCE,0.9638,1.5699,0.2667,0.1528,0.5891,0.1062,-0.014,-0.1887,0.0299,0.0105,0.9993,0.0992,-0.5349,-0.000548,-0.3034,0.0612
12.03,STANCE,0.968,1.5691,0.6707,-0.0858,1.0387,-0.4522,-0.0131,-0.1889,0.1382,-0.0167,0.9985,-0.2342,-1.0735,-0.002285,-0.3677,0.0758
12.035,STANCE,0.9731,1.5655,0.8775,-0.5425,0.5938,-0.5952,-0.0117,-0.1893,0.2394,-0.0596,0.9978,-0.6109,-1.4596,-0.003831,-0.15,0.0338
12.04,STANCE,0.9748,1.5638,0.499,-0.3761,0.2684,-0.2468,-0.0111,-0.1894,0.1455,-0.0396,0.9979,-0.7608,-2.0013,-0.004056,0.0231,0.0041
12.045,STANCE,0.9767,1.5617,0.4318,-0.4337,0.5196,-0.664,-0.0105,-0.1896,0.1408,-0.0436,0.9982,-1.0125,-2.289,-0.003808,0.0656,0.0038
12.05,STANCE,0.9787,1.5547,0.4165,-1.1654,0.5464,-1.6859,-0.0091,-0.1903,0.2386,-0.1073,0.9981,-1.2486,-2.0741,-0.003241,0.0839,0.0032
12.055,STANCE,0.9827,1.5458,0.6868,-1.6098,0.8751,-2.1258,-0.0072,-0.1911,0.3532,-0.145,0.9982,-1.5294,-1.7513,-0.003431,-0.1098,0.0254
12.06,STANCE,0.9862,1.5325,0.7017,-2.3491,0.8686,-2.6878,-0.0046,-0.1923,0.4621,-0.2022,0.998,-1.6018,-1.106,-0.003737,-0.1309,0.0299
12.065,STANCE,0.9901,1.5183,0.7377,-2.7006,0.6112,-3.0039,-0.0019,-0.1935,0.523,-0.2233,0.998,-1.542,-0.4888,-0.004274,-0.0451,0.0133
12.07,STANCE,0.9928,1.5035,0.579,-2.883,0.4851,-2.8667,0.0007,-0.1947,0.5227,-0.2293,0.9979,-1.2502,0.1132,-0.004322,0.0137,0.0043
12.075,STANCE,0.9947,1.4889,0.4524,-2.895,0.3369,-2.8996,0.0032,-0.1958,0.504,-0.2224,0.998,-0.8562,0.632,-0.004376,-0.0451,0.0134
12.08,STANCE,0.9956,1.474,0.2507,-2.9659,0.1286,-2.9502,0.0055,-0.1969,0.4786,-0.2212,0.998,-0.3897,1.0974,-0.004375,-0.0086,0.0061
12.085,STANCE,0.9962,1.4597,0.1638,-2.8886,0.0881,-2.819,0.0077,-0.198,0.4536,-0.2092,0.9981,-0.0398,1.3624,-0.004468,0.005,0.0045
12.09,FLIGHT,0.9967,1.446,0.1122,-2.7859,0.098,-2.6709,0.0098,-0.199,0.4314,-0.1961,0.9982,-1.2016,2.5143,-0.004364,0.0333,0.0044
12.095,FLIGHT,0.9964,1.4339,-0.026,-2.4989,-0.2896,-2.0816,0.0115,-0.1998,0.3638,-0.1729,0.9985,-1.2109,2.5101,-0.004084,0.0841,0.0041
12.1,FLIGHT,0.9938,1.4251,-0.3893,-1.9579,-0.7498,-1.4365,0.0123,-0.2005,0.2119,-0.1382,0.9989,-1.1141,2.4227,-0.003542,0.1302,0.0035
12.105,FLIGHT,0.989,1.4194,-0.7903,-1.3798,-1.1377,-0.8771,0.0122,-0.2009,0.0456,-0.1035,0.9995,-0.9725,2.3023,-0.002806,0.1619,0.0028
12.11,FLIGHT,0.9826,1.4162,-1.1497,-0.8516,-1.4424,-0.412,0.0114,-0.2012,-0.1053,-0.0714,1.0002,-0.8189,2.1748,-0.001945,0.1806,0.0019
12.115,FLIGHT,0.9748,1.4151,-1.4395,-0.4025,-1.6653,-0.0383,0.01,-0.2014,-0.2305,-0.0423,1.0011,-0.6684,2.0517,-0.001018,0.1886,0.001
12.12,FLIGHT,0.966,1.4156,-1.654,-0.0378,-1.8132,0.252,0.0081,-0.2014,-0.3276,-0.0161,1.002,-0.528,1.938,-7.2e-05,0.1884,0.0001
12.125,FLIGHT,0.9567,1.4175,-1.7955,0.2476,-1.8915,0.4701,0.006,-0.2013,-0.3976,0.0072,1.0029,-0.402,1.8368,0.000682,0.1147,0.0
12.13,FLIGHT,0.9472,1.4202,-1.8722,0.4618,-1.915,0.6242,0.0037,-0.2012,-0.4436,0.0274,1.0039,-0.2903,1.748,0.001112,0.0608,0.0
12.135,FLIGHT,0.9377,1.4236,-1.8944,0.6136,-1.8927,0.7245,0.0013,-0.2009,-0.4691,0.0443,1.005,-0.1929,1.6714,0.00132,0.0252,0.0
12.14,FLIGHT,0.9283,1.4274,-1.8713,0.7125,-1.8328,0.7802,-0.0012,-0.2007,-0.4775,0.0578,1.006,-0.1094,1.6065,0.001385,0.0025,0.0
12.145,FLIGHT,0.9194,1.4314,-1.8112,0.7676,-1.743,0.7999,-0.0035,-0.2003,-0.4719,0.0677,1.007,-0.0392,1.5528,0.00136,-0.0114,0.0023
12.15,FLIGHT,0.911,1.4354,-1.7216,0.7874,-1.6302,0.7916,-0.0058,-0.2,-0.4553,0.0742,1.0081,0.0186,1.5093,0.001281,-0.0192,0.0038
12.155,FLIGHT,0.9031,1.4393,-1.6094,0.7794,-1.5007,0.7618,-0.0079,-0.1996,-0.4304,0.0776,1.0091,0.0651,1.4751,0.001175,-0.023,0.0046
12.16,FLIGHT,0.896,1.443,-1.4808,0.7503,-1.3599,0.7167,-0.0098,-0.1992,-0.3995,0.0782,1.0101,0.1013,1.4493,0.001056,-0.0242,0.0048
12.165,FLIGHT,0.8895,1.4464,-1.3412,0.7061,-1.2128,0.6613,-0.0116,-0.1988,-0.3644,0.0764,1.011,0.1284,1.4308,0.000936,-0.0237,0.0047
12.17,FLIGHT,0.8838,1.4496,-1.1954,0.6518,-1.0632,0.5999,-0.0132,-0.1985,-0.327,0.0727,1.0119,0.1475,1.4186,0.000821,-0.0222,0.0044
12.175,FLIGHT,0.8789,1.4524,-1.0473,0.5916,-0.9146,0.536,-0.0145,-0.1982,-0.2886,0.0675,1.0128,0.1598,1.4118,0.000715,-0.0201,0.004
12.18,FLIGHT,0.8747,1.4549,-0.9002,0.5288,-0.7697,0.4724,-0.0157,-0.1979,-0.2502,0.0614,1.0137,0.1661,1.4094,0.00062,-0.0178,0.0036
12.185,FLIGHT,0.8712,1.4571,-0.7567,0.4664,-0.6306,0.4113,-0.0167,-0.1976,-0.2129,0.0547,1.0145,0.1676,1.4106,0.000537,-0.0153,0.0031
12.19,FLIGHT,0.8684,1.459,-0.6191,0.4064,-0.499,0.3544,-0.0175,-0.1974,-0.1773,0.0477,1.0152,0.1651,1.4147,0.000466,-0.0129,0.0026
12.195,FLIGHT,0.8662,1.4607,-0.4889,0.3506,-0.376,0.3028,-0.0182,-0.1972,-0.1438,0.0409,1.016,0.1593,1.421,0.000407,-0.0107,0.0021
12.2,FLIGHT,0.8646,1.4621,-0.3673,0.3,-0.2625,0.2573,-0.0187,-0.1971,-0.1128,0.0344,1.0167,0.1511,1.4289,0.000359,-0.0087,0.0017
12.205,FLIGHT,0.8635,1.4633,-0.255,0.2554,-0.1588,0.2183,-0.019,-0.1969,-0.0846,0.0284,1.0173,0.141,1.438,0.000319,-0.007,0.0014
12.21,FLIGHT,0.863,1.4643,-0.1526,0.2173,-0.0653,0.1861,-0.0193,-0.1968,-0.0592,0.023,1.018,0.1296,1.4478,0.000288,-0.0055,0.0011
12.215,FLIGHT,0.8629,1.4651,-0.0601,0.1857,0.0183,0.1604,-0.0194,-0.1968,-0.0368,0.0183,1.0186,0.1174,1.458,0.000264,-0.0042,0.0008
12.22,FLIGHT,0.8632,1.4659,0.0225,0.1607,0.092,0.1412,-0.0195,-0.1967,-0.0172,0.0144,1.0191,0.1047,1.4682,0.000246,-0.0032,0.0006
12.225,FLIGHT,0.8638,1.4666,0.0954,0.142,0.1564,0.1279,-0.0194,-0.1966,-0.0003,0.0113,1.0197,0.0919,1.4782,0.000232,-0.0023,0.0005
12.23,FLIGHT,0.8647,1.4672,0.159,0.1291,0.2119,0.1201,-0.0193,-0.1966,0.0139,0.0089,1.0202,0.0794,1.4879,0.000222,-0.0016,0.0003
12.235,FLIGHT,0.8659,1.4678,0.2138,0.1217,0.2591,0.1173,-0.0192,-0.1966,0.0257,0.0071,1.0207,0.0672,1.4971,0.000216,-0.001,0.0002
12.24,FLIGHT,0.8673,1.4684,0.2604,0.1192,0.2987,0.1189,-0.019,-0.1965,0.0352,0.006,1.0212,0.0556,1.5057,0.000212,-0.0005,0.0001
12.245,FLIGHT,0.8689,1.469,0.2995,0.121,0.3313,0.1243,-0.0188,-0.1965,0.0426,0.0055,1.0216,0.0447,1.5136,0.000211,-0.0002,0.0
12.25,FLIGHT,0.8706,1.4696,0.3317,0.1265,0.3577,0.1329,-0.0185,-0.1965,0.0482,0.0055,1.0221,0.0346,1.5209,0.00021,0.0001,0.0
12.255,FLIGHT,0.8724,1.4703,0.3577,0.1351,0.3784,0.1441,-0.0182,-0.1965,0.0521,0.0059,1.0225,0.0253,1.5274,0.000211,0.0003,0.0
12.26,FLIGHT,0.8744,1.471,0.3781,0.1463,0.3941,0.1574,-0.018,-0.1964,0.0545,0.0066,1.0229,0.0169,1.5333,0.000213,0.0005,0.0
12.265,FLIGHT,0.8764,1.4719,0.3937,0.1596,0.4056,0.1722,-0.0177,-0.1964,0.0558,0.0076,1.0233,0.0094,1.5384,0.000216,0.0006,0.0
12.27,FLIGHT,0.8784,1.4728,0.4049,0.1743,0.4133,0.188,-0.0174,-0.1963,0.056,0.0089,1.0236,0.0027,1.5429,0.000219,0.0006,0.0
12.275,FLIGHT,0.8805,1.4738,0.4126,0.1901,0.4179,0.2046,-0.0171,-0.1963,0.0553,0.0103,1.024,-0.0032,1.5468,0.000222,0.0007,0.0
12.28,FLIGHT,0.8826,1.4748,0.417,0.2065,0.4198,0.2213,-0.0168,-0.1962,0.0539,0.0118,1.0243,-0.0083,1.5501,0.000226,0.0007,0.0
12.285,FLIGHT,0.8847,1.476,0.4189,0.2231,0.4195,0.238,-0.0166,-0.1962,0.052,0.0133,1.0246,-0.0127,1.5528,0.000229,0.0007,0.0
12.29,FLIGHT,0.8868,1.4772,0.4186,0.2397,0.4175,0.2543,-0.0163,-0.1961,0.0496,0.0149,1.0249,-0.0164,1.5551,0.000232,0.0006,0.0
12.295,FLIGHT,0.8889,1.4785,0.4165,0.2558,0.414,0.2701,-0.0161,-0.196,0.047,0.0165,1.0252,-0.0196,1.557,0.000235,0.0006,0.0
12.3,FLIGHT,0.8909,1.4799,0.413,0.2714,0.4094,0.285,-0.0159,-0.1959,0.0441,0.018,1.0255,-0.0221,1.5585,0.000238,0.0005,0.0
12.305,FLIGHT,0.8929,1.4814,0.4085,0.2861,0.404,0.2989,-0.0157,-0.1958,0.0412,0.0195,1.0257,-0.0243,1.5597,0.00024,0.0005,0.0
12.31,FLIGHT,0.895,1.4829,0.4032,0.2999,0.3981,0.3118,-0.0155,-0.1957,0.0382,0.0209,1.026,-0.026,1.5606,0.000243,0.0004,0.0
12.315,FLIGHT,0.8969,1.4845,0.3972,0.3127,0.3917,0.3235,-0.0153,-0.1956,0.0353,0.0222,1.0262,-0.0273,1.5614,0.000245,0.0004,0.0
12.32,FLIGHT,0.8989,1.4861,0.3909,0.3242,0.3851,0.334,-0.0152,-0.1955,0.0324,0.0233,1.0264,-0.0283,1.5619,0.000247,0.0003,0.0
12.325,FLIGHT,0.9008,1.4878,0.3844,0.3345,0.3785,0.3432,-0.015,-0.1953,0.0297,0.0244,1.0266,-0.0291,1.5623,0.000248,0.0003,0.0
12.33,FLIGHT,0.9027,1.4895,0.3778,0.3436,0.3718,0.3512,-0.0149,-0.1952,0.0271,0.0254,1.0267,-0.0297,1.5625,0.000249,0.0002,0.0
12.335,FLIGHT,0.9045,1.4913,0.3712,0.3515,0.3653,0.3579,-0.0148,-0.1951,0.0247,0.0262,1.0269,-0.0302,1.5627,0.00025,0.0002,0.0
12.34,FLIGHT,0.9063,1.4931,0.3646,0.3581,0.3588,0.3635,-0.0147,-0.1949,0.0225,0.027,1.027,-0.0305,1.5629,0.000251,0.0001,0.0
12.345,FLIGHT,0.9081,1.495,0.3582,0.3635,0.3526,0.3678,-0.0146,-0.1948,0.0204,0.0276,1.0271,-0.0307,1.563,0.000252,0.0001,0.0
12.35,FLIGHT,0.9098,1.4968,0.352,0.3677,0.3466,0.371,-0.0145,-0.1947,0.0186,0.0281,1.0272,-0.0308,1.5631,0.000252,0.0001,0.0
12.355,FLIGHT,0.9116,1.4987,0.3461,0.3709,0.3408,0.3732,-0.0144,-0.1945,0.017,0.0285,1.0273,-0.0309,1.5632,0.000253,0.0,0.0
12.36,FLIGHT,0.9132,1.5005,0.3403,0.3729,0.3352,0.3744,-0.0143,-0.1944,0.0155,0.0288,1.0274,-0.031,1.5633,0.000253,0.0,0.0
12.365,FLIGHT,0.9149,1.5024,0.3347,0.374,0.3298,0.3746,-0.0143,-0.1942,0.0143,0.029,1.0274,-0.0311,1.5635,0.000253,-0.0,0.0
12.37,FLIGHT,0.9165,1.5043,0.3293,0.3742,0.3246,0.374,-0.0142,-0.1941,0.0132,0.0291,1.0274,-0.0312,1.5637,0.000253,-0.0,0.0
12.375,FLIGHT,0.9182,1.5061,0.3242,0.3736,0.3196,0.3727,-0.0142,-0.1939,0.0122,0.0292,1.0274,-0.0314,1.5639,0.000253,-0.0,0.0
12.38,FLIGHT,0.9197,1.508,0.3192,0.3722,0.3148,0.3706,-0.0141,-0.1938,0.0114,0.0292,1.0274,-0.0315,1.5642,0.000252,-0.0001,0.0
12.385,FLIGHT,0.9213,1.5098,0.3144,0.3701,0.3101,0.3679,-0.014,-0.1936,0.0107,0.0291,1.0273,-0.0317,1.5645,0.000252,-0.0001,0.0
12.39,FLIGHT,0.9228,1.5117,0.3097,0.3674,0.3056,0.3647,-0.014,-0.1935,0.0101,0.0289,1.0273,-0.0319,1.5648,0.000252,-0.0001,0.0
12.395,FLIGHT,0.9244,1.5135,0.3051,0.3641,0.3011,0.3609,-0.0139,-0.1934,0.0097,0.0287,1.0272,-0.0322,1.5652,0.000251,-0.0001,0.0
12.4,FLIGHT,0.9259,1.5153,0.3007,0.3603,0.2967,0.3567,-0.0139,-0.1932,0.0093,0.0285,1.0271,-0.0325,1.5656,0.000251,-0.0001,0.0
12.405,FLIGHT,0.9273,1.5171,0.2963,0.3561,0.2923,0.3522,-0.0139,-0.1931,0.009,0.0282,1.0269,-0.0329,1.5661,0.00025,-0.0001,0.0
12.41,FLIGHT,0.9288,1.5188,0.2919,0.3516,0.288,0.3473,-0.0138,-0.1929,0.0087,0.0279,1.0268,-0.0332,1.5666,0.00025,-0.0001,0.0
12.415,FLIGHT,0.9302,1.5205,0.2876,0.3467,0.2837,0.3422,-0.0138,-0.1928,0.0085,0.0275,1.0266,-0.0337,1.5671,0.000249,-0.0001,0.0
12.42,FLIGHT,0.9316,1.5222,0.2833,0.3415,0.2794,0.3368,-0.0137,-0.1927,0.0083,0.0271,1.0264,-0.0341,1.5677,0.000249,-0.0001,0.0
12.425,FLIGHT,0.933,1.5239,0.279,0.3361,0.2751,0.3312,-0.0137,-0.1925,0.0082,0.0267,1.0262,-0.0346,1.5683,0.000248,-0.0001,0.0
12.43,FLIGHT,0.9344,1.5255,0.2747,0.3306,0.2708,0.3255,-0.0137,-0.1924,0.0081,0.0263,1.026,-0.0351,1.5689,0.000248,-0.0001,0.0
12.435,FLIGHT,0.9357,1.5272,0.2704,0.3248,0.2665,0.3196,-0.0136,-0.1923,0.008,0.0258,1.0257,-0.0356,1.5695,0.000247,-0.0001,0.0
12.44,FLIGHT,0.937,1.5287,0.266,0.319,0.2621,0.3137,-0.0136,-0.1922,0.008,0.0254,1.0255,-0.0361,1.5701,0.000246,-0.0001,0.0
12.445,FLIGHT,0.9383,1.5303,0.2617,0.3131,0.2577,0.3077,-0.0135,-0.192,0.0079,0.0249,1.0252,-0.0366,1.5707,0.000246,-0.0001,0.0
12.45,FLIGHT,0.9396,1.5318,0.2573,0.3071,0.2533,0.3017,-0.0135,-0.1919,0.0078,0.0245,1.0249,-0.0372,1.5714,0.000245,-0.0001,0.0
12.455,FLIGHT,0.9409,1.5333,0.2528,0.301,0.2489,0.2956,-0.0135,-0.1918,0.0078,0.024,1.0245,-0.0377,1.572,0.000245,-0.0001,0.0
12.46,FLIGHT,0.9421,1.5348,0.2484,0.295,0.2444,0.2895,-0.0134,-0.1917,0.0077,0.0235,1.0242,-0.0383,1.5726,0.000244,-0.0001,0.0
12.465,FLIGHT,0.9433,1.5362,0.2439,0.2889,0.2398,0.2834,-0.0134,-0.1916,0.0077,0.0231,1.0238,-0.0388,1.5733,0.000244,-0.0001,0.0
12.47,FLIGHT,0.9445,1.5376,0.2393,0.2828,0.2353,0.2774,-0.0133,-0.1914,0.0076,0.0226,1.0234,-0.0394,1.5739,0.000243,-0.0001,0.0
12.475,FLIGHT,0.9457,1.539,0.2348,0.2768,0.2307,0.2714,-0.0133,-0.1913,0.0075,0.0221,1.023,-0.0399,1.5745,0.000242,-0.0001,0.0
12.48,FLIGHT,0.9468,1.5403,0.2302,0.2708,0.2261,0.2654,-0.0133,-0.1912,0.0074,0.0216,1.0225,-0.0405,1.5751,0.000242,-0.0001,0.0
12.485,FLIGHT,0.9479,1.5416,0.2256,0.2648,0.2215,0.2594,-0.0132,-0.1911,0.0073,0.0212,1.0221,-0.041,1.5757,0.000241,-0.0001,0.0
12.49,FLIGHT,0.949,1.5429,0.221,0.2588,0.2169,0.2535,-0.0132,-0.191,0.0072,0.0207,1.0216,-0.0415,1.5763,0.000241,-0.0001,0.0
12.495,FLIGHT,0.9501,1.5442,0.2164,0.2529,0.2123,0.2477,-0.0132,-0.1909,0.0071,0.0202,1.0211,-0.042,1.5769,0.00024,-0.0001,0.0
12.5,FLIGHT,0.9511,1.5454,0.2118,0.2471,0.2076,0.2419,-0.0131,-0.1908,0.007,0.0198,1.0206,-0.0425,1.5775,0.00024,-0.0001,0.0
12.505,FLIGHT,0.9522,1.5466,0.2072,0.2413,0.203,0.2362,-0.0131,-0.1907,0.0069,0.0193,1.02,-0.043,1.578,0.000239,-0.0001,0.0
12.51,FLIGHT,0.9532,1.5478,0.2026,0.2356,0.1985,0.2306,-0.0131,-0.1906,0.0068,0.0189,1.0195,-0.0434,1.5786,0.000238,-0.0001,0.0
12.515,FLIGHT,0.9541,1.5489,0.198,0.23,0.1939,0.225,-0.013,-0.1905,0.0067,0.0184,1.0189,-0.0439,1.5791,0.000238,-0.0001,0.0
12.52,FLIGHT,0.9551,1.55,0.1934,0.2244,0.1894,0.2195,-0.013,-0.1905,0.0065,0.018,1.0183,-0.0443,1.5796,0.000237,-0.0001,0.0
12.525,FLIGHT,0.956,1.5511,0.1889,0.2189,0.1849,0.214,-0.013,-0.1904,0.0064,0.0176,1.0177,-0.0447,1.5801,0.000237,-0.0001,0.0
12.53,FLIGHT,0.957,1.5521,0.1844,0.2135,0.1804,0.2087,-0.0129,-0.1903,0.0063,0.0171,1.0171,-0.0451,1.5806,0.000236,-0.0001,0.0
12.535,FLIGHT,0.9578,1.5532,0.18,0.2081,0.176,0.2034,-0.0129,-0.1902,0.0061,0.0167,1.0164,-0.0455,1.581,0.000236,-0.0001,0.0
12.54,FLIGHT,0.9587,1.5542,0.1756,0.2029,0.1716,0.1982,-0.0129,-0.1901,0.006,0.0163,1.0157,-0.0459,1.5815,0.000235,-0.0001,0.0
12.545,FLIGHT,0.9596,1.5552,0.1712,0.1977,0.1673,0.193,-0.0128,-0.19,0.0059,0.0159,1.0151,-0.0462,1.5819,0.000235,-0.0001,0.0
12.55,FLIGHT,0.9604,1.5561,0.1669,0.1925,0.1631,0.188,-0.0128,-0.19,0.0057,0.0155,1.0143,-0.0466,1.5824,0.000234,-0.0001,0.0
12.555,FLIGHT,0.9612,1.557,0.1627,0.1875,0.1589,0.183,-0.0128,-0.1899,0.0056,0.0151,1.0136,-0.0469,1.5828,0.000234,-0.0001,0.0
12.56,FLIGHT,0.962,1.5579,0.1585,0.1825,0.1548,0.1781,-0.0128,-0.1898,0.0055,0.0147,1.0129,-0.0472,1.5832,0.000233,-0.0001,0.0
12.565,FLIGHT,0.9627,1.5588,0.1543,0.1776,0.1507,0.1733,-0.0127,-0.1897,0.0053,0.0143,1.0121,-0.0476,1.5836,0.000233,-0.0001,0.0
12.57,FLIGHT,0.9635,1.5597,0.1503,0.1728,0.1467,0.1686,-0.0127,-0.1897,0.0052,0.0139,1.0113,-0.0479,1.584,0.000232,-0.0001,0.0
12.575,FLIGHT,0.9642,1.5605,0.1463,0.1681,0.1427,0.1639,-0.0127,-0.1896,0.0051,0.0135,1.0105,-0.0482,1.5843,0.000232,-0.0001,0.0
12.58,FLIGHT,0.9649,1.5613,0.1424,0.1635,0.1389,0.1594,-0.0126,-0.1895,0.0049,0.0132,1.0097,-0.0484,1.5847,0.000231,-0.0001,0.0
12.585,FLIGHT,0.9656,1.5621,0.1385,0.1589,0.1351,0.1549,-0.0126,-0.1895,0.0048,0.0128,1.0089,-0.0487,1.5851,0.000231,-0.0001,0.0
12.59,FLIGHT,0.9663,1.5629,0.1347,0.1545,0.1313,0.1505,-0.0126,-0.1894,0.0047,0.0124,1.008,-0.049,1.5854,0.00023,-0.0001,0.0
12.595,FLIGHT,0.9669,1.5636,0.131,0.1501,0.1277,0.1462,-0.0126,-0.1894,0.0046,0.0121,1.0072,-0.0492,1.5857,0.00023,-0.0001,0.0
12.6,FLIGHT,0.9675,1.5643,0.1273,0.1458,0.1241,0.1419,-0.0126,-0.1893,0.0045,0.0118,1.0063,-0.0495,1.5861,0.000229,-0.0001,0.0
12.605,FLIGHT,0.9682,1.565,0.1238,0.1415,0.1206,0.1378,-0.0125,-0.1892,0.0043,0.0114,1.0054,-0.0497,1.5864,0.000229,-0.0001,0.0
12.61,FLIGHT,0.9687,1.5657,0.1203,0.1374,0.1171,0.1338,-0.0125,-0.1892,0.0042,0.0111,1.0045,-0.05,1.5867,0.000228,-0.0001,0.0
12.615,FLIGHT,0.9693,1.5664,0.1168,0.1334,0.1138,0.1298,-0.0125,-0.1891,0.0041,0.0108,1.0035,-0.0502,1.587,0.000228,-0.0001,0.0
12.62,FLIGHT,0.9699,1.567,0.1135,0.1294,0.1105,0.1259,-0.0125,-0.1891,0.004,0.0104,1.0026,-0.0504,1.5873,0.000228,-0.0001,0.0
12.625,FLIGHT,0.9704,1.5676,0.1102,0.1255,0.1073,0.1221,-0.0125,-0.189,0.0039,0.0101,1.0016,-0.0506,1.5876,0.000227,-0.0001,0.0
12.63,FLIGHT,0.971,1.5682,0.107,0.1217,0.1041,0.1184,-0.0124,-0.189,0.0038,0.0098,1.0006,-0.0508,1.5878,0.000227,-0.0001,0.0
12.635,STANCE,0.9716,1.569,0.1341,0.1538,0.2619,0.3046,-0.0124,-0.1889,0.0046,0.0124,0.9997,0.1451,-0.1677,5.3e-05,-0.1721,0.0344
12.64,STANCE,0.9743,1.5698,0.4412,0.1329,0.7885,-0.0658,-0.012,-0.1889,0.0654,0.0069,0.999,-0.0595,-0.769,-0.001328,-0.3327,0.0679
12.645,STANCE,0.9792,1.5678,0.8175,-0.2624,1.0559,-0.8325,-0.0108,-0.1891,0.1902,-0.0326,0.9981,-0.4559,-1.2169,-0.003026,-0.3059,0.0642
12.65,STANCE,0.9824,1.5648,0.6382,-0.4455,0.2781,-0.2218,-0.0098,-0.1894,0.1815,-0.0462,0.9978,-0.7032,-1.6684,-0.003811,-0.0342,0.0106
12.655,STANCE,0.9837,1.5637,0.3937,-0.2968,0.3427,-0.3379,-0.0094,-0.1895,0.1151,-0.0302,0.9981,-0.9083,-2.1398,-0.003756,0.0417,0.0038
12.66,STANCE,0.9859,1.5603,0.4327,-0.6135,0.3851,-1.3267,-0.0085,-0.1899,0.1661,-0.058,0.9982,-1.1981,-2.2311,-0.003432,0.1178,0.0034
12.665,STANCE,0.9881,1.5519,0.4643,-1.3163,0.719,-1.5165,-0.007,-0.1906,0.2699,-0.1179,0.9982,-1.4289,-1.9337,-0.00283,0.0585,0.0028
12.67,STANCE,0.9921,1.5427,0.691,-1.7245,0.6592,-2.395,-0.0049,-0.1914,0.3719,-0.1505,0.9983,-1.6449,-1.5509,-0.003275,-0.0805,0.0194
12.675,STANCE,0.995,1.5289,0.6247,-2.4275,0.6902,-2.8102,-0.0024,-0.1926,0.461,-0.2029,0.9981,-1.6174,-0.8698,-0.003673,-0.1634,0.0364
12.68,STANCE,0.9979,1.5146,0.5863,-2.7289,0.4526,-2.9555,0.0001,-0.1938,0.5004,-0.2197,0.998,-1.4523,-0.2522,-0.004221,-0.0553,0.0153
12.685,STANCE,1.0,1.5003,0.4617,-2.8207,0.2665,-2.9509,0.0026,-0.1949,0.4935,-0.2194,0.998,-1.1105,0.306,-0.004368,0.0174,0.0044
12.69,STANCE,1.0008,1.4853,0.2641,-2.927,0.1338,-2.9511,0.0049,-0.1961,0.474,-0.2209,0.9979,-0.6499,0.8336,-0.004385,-0.0471,0.0138
12.695,STANCE,1.0012,1.4707,0.1378,-2.9179,0.0515,-2.8716,0.0071,-0.1972,0.4514,-0.2142,0.9979,-0.2192,1.2129,-0.004625,-0.0531,0.0152
12.7,STANCE,1.0013,1.4565,0.0531,-2.8574,0.0038,-2.7815,0.0092,-0.1982,0.4289,-0.2043,0.9979,0.0657,1.4107,-0.004754,-0.004,0.0056
12.705,FLIGHT,1.0014,1.443,0.0256,-2.733,-0.0564,-2.5166,0.0112,-0.1991,0.4079,-0.1901,0.998,-1.1703,2.49,-0.004701,0.0302,0.0047
12.71,FLIGHT,0.9999,1.4321,-0.2151,-2.321,-0.5204,-1.8512,0.0125,-0.1999,0.3006,-0.1612,0.9983,-1.1338,2.4493,-0.004401,0.0873,0.0044
12.715,FLIGHT,0.9963,1.4244,-0.5883,-1.7626,-0.9336,-1.2523,0.0129,-0.2005,0.1435,-0.1269,0.9988,-1.0182,2.348,-0.003853,0.1298,0.0039
12.72,FLIGHT,0.9907,1.4195,-0.9591,-1.2113,-1.2711,-0.7415,0.0125,-0.2009,-0.0131,-0.0941,0.9993,-0.8749,2.2271,-0.003127,0.1583,0.0031
12.725,FLIGHT,0.9837,1.4168,-1.2756,-0.7236,-1.5284,-0.3218,0.0115,-0.2011,-0.1495,-0.0642,1.0,-0.727,2.1048,-0.00229,0.1747,0.0023
12.73,FLIGHT,0.9756,1.4161,-1.5216,-0.316,-1.7093,0.0122,0.01,-0.2013,-0.2597,-0.0371,1.0008,-0.5854,1.9892,-0.001396,0.1812,0.0014
12.735,FLIGHT,0.9667,1.4168,-1.696,0.0108,-1.8214,0.269,0.0081,-0.2013,-0.343,-0.0129,1.0017,-0.4549,1.8838,-0.00049,0.1802,0.0005
12.74,FLIGHT,0.9575,1.4187,-1.8037,0.2633,-1.8718,0.459,0.006,-0.2012,-0.4014,0.0084,1.0026,-0.3383,1.7904,0.000362,0.143,0.0
12.745,FLIGHT,0.9481,1.4213,-1.8515,0.4507,-1.8707,0.5918,0.0037,-0.2011,-0.4377,0.0267,1.0036,-0.2363,1.7096,0.000913,0.0808,0.0
12.75,FLIGHT,0.9388,1.4245,-1.85,0.5815,-1.8293,0.676,0.0014,-0.2009,-0.4555,0.0417,1.0045,-0.1481,1.6405,0.001204,0.0386,0.0
12.755,FLIGHT,0.9298,1.428,-1.8083,0.6647,-1.7553,0.7204,-0.0009,-0.2006,-0.4579,0.0535,1.0055,-0.0731,1.5824,0.001324,0.0113,0.0
12.76,FLIGHT,0.9213,1.4317,-1.7342,0.7087,-1.6556,0.733,-0.0032,-0.2003,-0.4482,0.0619,1.0065,-0.0104,1.5347,0.001334,-0.0057,0.0011
12.765,FLIGHT,0.9133,1.4353,-1.6349,0.7214,-1.5366,0.7209,-0.0053,-0.2,-0.4289,0.0673,1.0074,0.0407,1.4965,0.001278,-0.0157,0.0031
12.77,FLIGHT,0.906,1.4388,-1.5167,0.7098,-1.404,0.6903,-0.0073,-0.1996,-0.4024,0.0698,1.0084,0.0814,1.4668,0.001185,-0.0209,0.0042
12.775,FLIGHT,0.8993,1.4422,-1.385,0.6799,-1.2627,0.6467,-0.0091,-0.1993,-0.3709,0.0698,1.0093,0.1126,1.4448,0.001074,-0.0231,0.0046
12.78,FLIGHT,0.8933,1.4453,-1.245,0.6372,-1.117,0.5946,-0.0107,-0.199,-0.3362,0.0678,1.0102,0.1355,1.4295,0.000958,-0.0233,0.0047
12.785,FLIGHT,0.8881,1.4481,-1.1007,0.5862,-0.9706,0.5379,-0.0121,-0.1987,-0.2996,0.0641,1.0111,0.1511,1.4198,0.000844,-0.0222,0.0044
12.79,FLIGHT,0.8836,1.4507,-0.9556,0.5305,-0.8264,0.4797,-0.0133,-0.1984,-0.2626,0.0592,1.0119,0.1605,1.4149,0.000737,-0.0204,0.0041
12.795,FLIGHT,0.8799,1.4529,-0.8128,0.4735,-0.6867,0.4224,-0.0144,-0.1982,-0.2259,0.0536,1.0127,0.1646,1.414,0.000641,-0.0181,0.0036
12.8,FLIGHT,0.8768,1.4549,-0.6746,0.4173,-0.5534,0.368,-0.0153,-0.1979,-0.1905,0.0475,1.0134,0.1644,1.4163,0.000556,-0.0157,0.0031
12.805,FLIGHT,0.8743,1.4566,-0.5428,0.364,-0.428,0.318,-0.016,-0.1977,-0.1569,0.0413,1.0142,0.1605,1.4211,0.000483,-0.0134,0.0027
12.81,FLIGHT,0.8725,1.4581,-0.4187,0.3149,-0.3114,0.2732,-0.0166,-0.1976,-0.1255,0.0353,1.0148,0.1539,1.4278,0.000422,-0.0111,0.0022
12.815,FLIGHT,0.8712,1.4593,-0.3034,0.271,-0.2042,0.2342,-0.017,-0.1974,-0.0967,0.0297,1.0155,0.1451,1.4359,0.000372,-0.0091,0.0018
12.82,FLIGHT,0.8704,1.4604,-0.1974,0.2329,-0.1068,0.2015,-0.0173,-0.1973,-0.0705,0.0245,1.0161,0.1347,1.4449,0.000331,-0.0073,0.0015
12.825,FLIGHT,0.8701,1.4614,-0.1011,0.201,-0.0192,0.1751,-0.0175,-0.1972,-0.0471,0.02,1.0167,0.1233,1.4545,0.000298,-0.0058,0.0012
12.83,FLIGHT,0.8702,1.4622,-0.0145,0.1752,0.0587,0.1548,-0.0176,-0.1972,-0.0266,0.0162,1.0173,0.1112,1.4643,0.000272,-0.0045,0.0009
12.835,FLIGHT,0.8707,1.4629,0.0625,0.1554,0.1273,0.1404,-0.0176,-0.1971,-0.0087,0.013,1.0178,0.0988,1.4741,0.000253,-0.0034,0.0007
12.84,FLIGHT,0.8715,1.4636,0.1302,0.1414,0.1868,0.1314,-0.0175,-0.1971,0.0065,0.0106,1.0183,0.0864,1.4837,0.000239,-0.0025,0.0005
12.845,FLIGHT,0.8725,1.4643,0.1891,0.1328,0.238,0.1274,-0.0174,-0.197,0.0193,0.0088,1.0188,0.0744,1.4929,0.000228,-0.0017,0.0003
12.85,FLIGHT,0.8738,1.4649,0.2396,0.1291,0.2813,0.1278,-0.0172,-0.197,0.0297,0.0076,1.0193,0.0627,1.5015,0.000221,-0.0011,0.0002
12.855,FLIGHT,0.8753,1.4655,0.2824,0.1298,0.3174,0.1322,-0.017,-0.1969,0.038,0.007,1.0197,0.0517,1.5096,0.000217,-0.0006,0.0001
12.86,FLIGHT,0.877,1.4662,0.318,0.1343,0.347,0.1398,-0.0168,-0.1969,0.0444,0.0068,1.0201,0.0414,1.517,0.000215,-0.0003,0.0001
12.865,FLIGHT,0.8788,1.4669,0.3472,0.142,0.3707,0.1502,-0.0165,-0.1969,0.0491,0.0071,1.0205,0.0319,1.5238,0.000214,0.0,0.0
12.87,FLIGHT,0.8807,1.4677,0.3706,0.1525,0.3892,0.1628,-0.0163,-0.1968,0.0523,0.0077,1.0209,0.0232,1.5298,0.000215,0.0002,0.0
12.875,FLIGHT,0.8827,1.4686,0.3889,0.1651,0.4031,0.1772,-0.016,-0.1968,0.0541,0.0087,1.0213,0.0153,1.5352,0.000216,0.0004,0.0
12.88,FLIGHT,0.8847,1.4695,0.4026,0.1793,0.413,0.1927,-0.0157,-0.1967,0.0548,0.0098,1.0217,0.0083,1.5399,0.000218,0.0005,0.0
12.885,FLIGHT,0.8868,1.4705,0.4123,0.1948,0.4195,0.209,-0.0154,-0.1967,0.0546,0.0111,1.022,0.0021,1.5441,0.000221,0.0006,0.0
12.89,FLIGHT,0.8889,1.4716,0.4187,0.2109,0.4231,0.2257,-0.0152,-0.1966,0.0536,0.0126,1.0223,-0.0034,1.5476,0.000224,0.0006,0.0
12.895,FLIGHT,0.891,1.4728,0.4222,0.2275,0.4242,0.2424,-0.0149,-0.1965,0.052,0.0141,1.0226,-0.0081,1.5506,0.000227,0.0006,0.0
12.9,FLIGHT,0.8931,1.474,0.4233,0.2441,0.4234,0.2589,-0.0147,-0.1965,0.0499,0.0156,1.0229,-0.0121,1.5532,0.00023,0.0006,0.0
12.905,FLIGHT,0.8952,1.4753,0.4225,0.2604,0.4209,0.2748,-0.0144,-0.1964,0.0475,0.0172,1.0232,-0.0156,1.5553,0.000233,0.0006,0.0
12.91,FLIGHT,0.8973,1.4768,0.42,0.2762,0.4172,0.2901,-0.0142,-0.1963,0.0448,0.0187,1.0235,-0.0184,1.557,0.000236,0.0005,0.0
12.915,FLIGHT,0.8994,1.4782,0.4163,0.2913,0.4125,0.3044,-0.014,-0.1962,0.0419,0.0201,1.0237,-0.0208,1.5584,0.000238,0.0005,0.0
12.92,FLIGHT,0.9015,1.4798,0.4116,0.3055,0.407,0.3177,-0.0138,-0.1961,0.039,0.0215,1.0239,-0.0228,1.5595,0.000241,0.0005,0.0
12.925,FLIGHT,0.9035,1.4814,0.4062,0.3186,0.4011,0.3299,-0.0136,-0.196,0.0361,0.0228,1.0242,-0.0243,1.5603,0.000243,0.0004,0.0
12.93,FLIGHT,0.9055,1.4831,0.4003,0.3307,0.3948,0.3409,-0.0135,-0.1958,0.0332,0.024,1.0244,-0.0256,1.561,0.000245,0.0004,0.0
12.935,FLIGHT,0.9074,1.4848,0.394,0.3415,0.3883,0.3506,-0.0133,-0.1957,0.0305,0.0251,1.0245,-0.0265,1.5615,0.000246,0.0003,0.0
12.94,FLIGHT,0.9094,1.4866,0.3876,0.3511,0.3818,0.3591,-0.0132,-0.1956,0.0278,0.0261,1.0247,-0.0273,1.5619,0.000248,0.0003,0.0
12.945,FLIGHT,0.9113,1.4884,0.3811,0.3595,0.3752,0.3664,-0.0131,-0.1954,0.0254,0.027,1.0248,-0.0278,1.5622,0.000249,0.0002,0.0
12.95,FLIGHT,0.9131,1.4903,0.3746,0.3666,0.3688,0.3724,-0.013,-0.1953,0.0231,0.0277,1.025,-0.0282,1.5624,0.00025,0.0002,0.0
12.955,FLIGHT,0.9149,1.4921,0.3682,0.3725,0.3625,0.3772,-0.0129,-0.1952,0.021,0.0284,1.0251,-0.0286,1.5626,0.000251,0.0001,0.0
12.96,FLIGHT,0.9167,1.494,0.3619,0.3772,0.3564,0.3809,-0.0128,-0.195,0.019,0.0289,1.0252,-0.0288,1.5627,0.000251,0.0001,0.0
12.965,FLIGHT,0.9185,1.4959,0.3558,0.3808,0.3504,0.3835,-0.0127,-0.1949,0.0173,0.0294,1.0252,-0.029,1.5629,0.000252,0.0001,0.0
12.97,FLIGHT,0.9202,1.4979,0.3499,0.3833,0.3447,0.3851,-0.0126,-0.1947,0.0158,0.0297,1.0253,-0.0291,1.563,0.000252,0.0,0.0
12.975,FLIGHT,0.922,1.4998,0.3442,0.3848,0.3391,0.3857,-0.0126,-0.1946,0.0144,0.0299,1.0253,-0.0293,1.5632,0.000252,0.0,0.0
12.98,FLIGHT,0.9236,1.5017,0.3386,0.3853,0.3338,0.3854,-0.0125,-0.1944,0.0132,0.0301,1.0253,-0.0294,1.5634,0.000252,-0.0,0.0
12.985,FLIGHT,0.9253,1.5036,0.3333,0.385,0.3286,0.3844,-0.0124,-0.1943,0.0122,0.0302,1.0253,-0.0296,1.5636,0.000252,-0.0,0.0
12.99,FLIGHT,0.9269,1.5056,0.3281,0.3839,0.3236,0.3825,-0.0124,-0.1941,0.0113,0.0302,1.0253,-0.0298,1.5639,0.000252,-0.0001,0.0
12.995,FLIGHT,0.9285,1.5075,0.3231,0.382,0.3187,0.3801,-0.0123,-0.194,0.0105,0.0301,1.0253,-0.03,1.5642,0.000251,-0.0001,0.0
13.0,FLIGHT,0.9301,1.5094,0.3182,0.3795,0.3139,0.377,-0.0123,-0.1938,0.0099,0.03,1.0252,-0.0302,1.5646,0.000251,-0.0001,0.0
13.005,FLIGHT,0.9317,1.5112,0.3135,0.3764,0.3093,0.3734,-0.0122,-0.1937,0.0094,0.0298,1.0251,-0.0305,1.565,0.00025,-0.0001,0.0
13.01,FLIGHT,0.9332,1.5131,0.3088,0.3728,0.3047,0.3693,-0.0122,-0.1935,0.0089,0.0295,1.025,-0.0308,1.5654,0.00025,-0.0001,0.0
13.015,FLIGHT,0.9347,1.5149,0.3042,0.3687,0.3001,0.3648,-0.0121,-0.1934,0.0086,0.0293,1.0249,-0.0312,1.5659,0.00025,-0.0001,0.0
13.02,FLIGHT,0.9362,1.5167,0.2997,0.3642,0.2956,0.36,-0.0121,-0.1932,0.0083,0.0289,1.0247,-0.0316,1.5664,0.000249,-0.0001,0.0
13.025,FLIGHT,0.9377,1.5185,0.2952,0.3593,0.2912,0.3548,-0.0121,-0.1931,0.008,0.0286,1.0245,-0.032,1.5669,0.000248,-0.0001,0.0
13.03,FLIGHT,0.9391,1.5203,0.2907,0.3542,0.2867,0.3494,-0.012,-0.1929,0.0078,0.0282,1.0243,-0.0324,1.5675,0.000248,-0.0001,0.0
13.035,FLIGHT,0.9405,1.522,0.2863,0.3488,0.2823,0.3438,-0.012,-0.1928,0.0077,0.0278,1.0241,-0.0329,1.5681,0.000247,-0.0001,0.0
13.04,FLIGHT,0.9419,1.5237,0.2818,0.3432,0.2778,0.338,-0.0119,-0.1927,0.0076,0.0274,1.0239,-0.0334,1.5687,0.000247,-0.0001,0.0
13.045,FLIGHT,0.9433,1.5254,0.2773,0.3374,0.2733,0.3321,-0.0119,-0.1925,0.0075,0.0269,1.0237,-0.0339,1.5693,0.000246,-0.0001,0.0
13.05,FLIGHT,0.9447,1.5271,0.2728,0.3314,0.2688,0.3261,-0.0119,-0.1924,0.0074,0.0265,1.0234,-0.0345,1.5699,0.000246,-0.0001,0.0
13.055,FLIGHT,0.946,1.5287,0.2683,0.3254,0.2642,0.3199,-0.0118,-0.1923,0.0073,0.026,1.0231,-0.035,1.5706,0.000245,-0.0001,0.0
13.06,FLIGHT,0.9473,1.5303,0.2637,0.3193,0.2596,0.3137,-0.0118,-0.1921,0.0072,0.0255,1.0228,-0.0356,1.5712,0.000244,-0.0001,0.0
13.065,FLIGHT,0.9486,1.5318,0.2592,0.3131,0.255,0.3075,-0.0118,-0.192,0.0072,0.0251,1.0224,-0.0361,1.5719,0.000244,-0.0001,0.0
13.07,FLIGHT,0.9499,1.5333,0.2545,0.3069,0.2504,0.3013,-0.0117,-0.1919,0.0071,0.0246,1.0221,-0.0367,1.5725,0.000243,-0.0001,0.0
13.075,FLIGHT,0.9511,1.5348,0.2499,0.3006,0.2457,0.295,-0.0117,-0.1918,0.007,0.0241,1.0217,-0.0373,1.5732,0.000242,-0.0001,0.0
13.08,FLIGHT,0.9523,1.5363,0.2452,0.2944,0.241,0.2888,-0.0117,-0.1917,0.007,0.0236,1.0213,-0.0378,1.5738,0.000242,-0.0001,0.0
13.085,FLIGHT,0.9535,1.5377,0.2405,0.2881,0.2363,0.2826,-0.0116,-0.1915,0.0069,0.0231,1.0209,-0.0384,1.5745,0.000241,-0.0001,0.0
13.09,FLIGHT,0.9547,1.5391,0.2358,0.2819,0.2315,0.2764,-0.0116,-0.1914,0.0068,0.0226,1.0205,-0.0389,1.5751,0.000241,-0.0001,0.0
13.095,FLIGHT,0.9558,1.5405,0.231,0.2758,0.2268,0.2702,-0.0116,-0.1913,0.0067,0.0221,1.02,-0.0395,1.5757,0.00024,-0.0001,0.0
13.1,FLIGHT,0.9569,1.5418,0.2263,0.2696,0.222,0.2641,-0.0115,-0.1912,0.0066,0.0217,1.0195,-0.04,1.5763,0.000239,-0.0001,0.0
13.105,FLIGHT,0.958,1.5431,0.2215,0.2635,0.2172,0.2581,-0.0115,-0.1911,0.0065,0.0212,1.019,-0.0405,1.5769,0.000239,-0.0001,0.0
13.11,FLIGHT,0.9591,1.5444,0.2167,0.2575,0.2125,0.2521,-0.0115,-0.191,0.0064,0.0207,1.0185,-0.041,1.5775,0.000238,-0.0001,0.0
13.115,FLIGHT,0.9602,1.5456,0.212,0.2515,0.2077,0.2462,-0.0114,-0.1909,0.0063,0.0202,1.018,-0.0415,1.5781,0.000238,-0.0001,0.0
13.12,FLIGHT,0.9612,1.5469,0.2072,0.2456,0.203,0.2403,-0.0114,-0.1908,0.0062,0.0198,1.0174,-0.042,1.5786,0.000237,-0.0001,0.0
13.125,FLIGHT,0.9622,1.548,0.2025,0.2397,0.1983,0.2345,-0.0114,-0.1907,0.0061,0.0193,1.0168,-0.0425,1.5792,0.000236,-0.0001,0.0
13.13,FLIGHT,0.9632,1.5492,0.1978,0.2339,0.1936,0.2288,-0.0113,-0.1906,0.0059,0.0188,1.0162,-0.0429,1.5797,0.000236,-0.0001,0.0
13.135,FLIGHT,0.9641,1.5503,0.1931,0.2282,0.1889,0.2231,-0.0113,-0.1905,0.0058,0.0184,1.0156,-0.0433,1.5802,0.000235,-0.0001,0.0
13.14,FLIGHT,0.9651,1.5514,0.1885,0.2226,0.1843,0.2176,-0.0113,-0.1904,0.0057,0.018,1.015,-0.0438,1.5807,0.000235,-0.0001,0.0
13.145,FLIGHT,0.966,1.5525,0.1839,0.217,0.1797,0.2121,-0.0113,-0.1904,0.0055,0.0175,1.0143,-0.0442,1.5812,0.000234,-0.0001,0.0
13.15,FLIGHT,0.9669,1.5535,0.1793,0.2115,0.1752,0.2067,-0.0112,-0.1903,0.0054,0.0171,1.0137,-0.0446,1.5817,0.000234,-0.0001,0.0
13.155,FLIGHT,0.9677,1.5546,0.1748,0.2061,0.1708,0.2013,-0.0112,-0.1902,0.0053,0.0166,1.013,-0.0449,1.5821,0.000233,-0.0001,0.0
13.16,FLIGHT,0.9686,1.5556,0.1703,0.2008,0.1663,0.1961,-0.0112,-0.1901,0.0051,0.0162,1.0123,-0.0453,1.5826,0.000232,-0.0001,0.0
13.165,FLIGHT,0.9694,1.5565,0.1659,0.1955,0.162,0.1909,-0.0112,-0.19,0.005,0.0158,1.0115,-0.0457,1.583,0.000232,-0.0001,0.0
13.17,FLIGHT,0.9702,1.5575,0.1616,0.1904,0.1577,0.1858,-0.0111,-0.19,0.0049,0.0154,1.0108,-0.046,1.5834,0.000231,-0.0001,0.0
13.175,FLIGHT,0.971,1.5584,0.1573,0.1853,0.1535,0.1808,-0.0111,-0.1899,0.0047,0.015,1.01,-0.0463,1.5839,0.000231,-0.0001,0.0
13.18,FLIGHT,0.9717,1.5593,0.1531,0.1803,0.1493,0.1758,-0.0111,-0.1898,0.0046,0.0146,1.0092,-0.0466,1.5843,0.00023,-0.0001,0.0
13.185,FLIGHT,0.9725,1.5601,0.1489,0.1754,0.1452,0.171,-0.0111,-0.1897,0.0045,0.0142,1.0084,-0.0469,1.5846,0.00023,-0.0001,0.0
13.19,FLIGHT,0.9732,1.561,0.1448,0.1705,0.1412,0.1662,-0.011,-0.1897,0.0043,0.0138,1.0076,-0.0472,1.585,0.000229,-0.0001,0.0
13.195,FLIGHT,0.9739,1.5618,0.1408,0.1658,0.1373,0.1616,-0.011,-0.1896,0.0042,0.0134,1.0068,-0.0475,1.5854,0.000229,-0.0001,0.0
13.2,FLIGHT,0.9746,1.5626,0.1369,0.1611,0.1334,0.157,-0.011,-0.1895,0.0041,0.0131,1.0059,-0.0478,1.5857,0.000228,-0.0001,0.0
13.205,FLIGHT,0.9752,1.5634,0.133,0.1565,0.1296,0.1525,-0.011,-0.1895,0.004,0.0127,1.0051,-0.0481,1.5861,0.000228,-0.0001,0.0
13.21,FLIGHT,0.9759,1.5641,0.1292,0.152,0.1259,0.1481,-0.011,-0.1894,0.0039,0.0123,1.0042,-0.0483,1.5864,0.000227,-0.0001,0.0
13.215,FLIGHT,0.9765,1.5649,0.1255,0.1476,0.1222,0.1437,-0.0109,-0.1894,0.0037,0.012,1.0033,-0.0486,1.5867,0.000227,-0.0001,0.0
13.22,FLIGHT,0.9771,1.5656,0.1219,0.1433,0.1187,0.1395,-0.0109,-0.1893,0.0036,0.0116,1.0024,-0.0488,1.5871,0.000227,-0.0001,0.0
13.225,FLIGHT,0.9777,1.5663,0.1183,0.1391,0.1152,0.1353,-0.0109,-0.1892,0.0035,0.0113,1.0014,-0.0491,1.5874,0.000226,-0.0001,0.0
13.23,FLIGHT,0.9782,1.5669,0.1148,0.135,0.1117,0.1313,-0.0109,-0.1892,0.0034,0.011,1.0005,-0.0493,1.5877,0.000226,-0.0001,0.0
13.235,STANCE,0.9789,1.5678,0.143,0.1681,0.2758,0.3246,-0.0109,-0.1891,0.0042,0.0137,0.9996,0.1213,-0.1689,5.7e-05,-0.1668,0.0334
13.24,STANCE,0.9817,1.5687,0.4522,0.1543,0.7971,-0.039,-0.0105,-0.1891,0.0646,0.0092,0.9989,-0.0968,-0.7635,-0.001278,-0.3211,0.0655
13.245,STANCE,0.9866,1.5669,0.8274,-0.2286,1.1017,-0.7399,-0.0093,-0.1893,0.1878,-0.0281,0.9982,-0.5073,-1.205,-0.002923,-0.3119,0.0653
13.25,STANCE,0.9895,1.5646,0.6162,-0.344,0.3008,-0.2374,-0.0084,-0.1895,0.1638,-0.0357,0.998,-0.751,-1.678,-0.003568,-0.012,0.006
13.255,STANCE,0.9911,1.5631,0.421,-0.331,0.3977,-0.46,-0.0079,-0.1897,0.1252,-0.0325,0.9982,-0.9912,-2.0813,-0.003396,0.0632,0.0034
13.26,STANCE,0.9932,1.5586,0.4115,-0.7911,0.3209,-1.5877,-0.0069,-0.1901,0.1871,-0.0719,0.9982,-1.2752,-2.0996,-0.00291,0.1361,0.0029
13.265,STANCE,0.9964,1.5507,0.5875,-1.3327,0.805,-1.7819,-0.0052,-0.1908,0.2968,-0.1174,0.9983,-1.5751,-1.8606,-0.003028,-0.1621,0.0354
13.27,STANCE,0.9995,1.5395,0.611,-1.9651,0.755,-2.0613,-0.003,-0.1917,0.3919,-0.1665,0.9982,-1.7118,-1.3768,-0.00344,-0.0719,0.0178
13.275,STANCE,1.0023,1.5273,0.5637,-2.2988,0.6538,-2.3074,-0.0008,-0.1927,0.4329,-0.1883,0.9981,-1.6737,-0.864,-0.003485,-0.0489,0.0133
13.28,STANCE,1.0045,1.5141,0.4627,-2.5584,0.2722,-2.8884,0.0015,-0.1938,0.4537,-0.2028,0.9981,-1.4606,-0.2846,-0.003743,-0.071,0.0179
13.285,STANCE,1.0056,1.4995,0.2989,-2.7881,0.2591,-2.7674,0.0038,-0.1949,0.4584,-0.2144,0.998,-1.0857,0.3173,-0.004221,-0.1046,0.0251
13.29,STANCE,1.006,1.485,0.1429,-2.8659,0.1015,-2.7759,0.006,-0.1961,0.4426,-0.2145,0.9979,-0.628,0.8214,-0.004461,-0.0342,0.0113
13.295,STANCE,1.0059,1.4709,0.0246,-2.851,-0.0675,-2.827,0.008,-0.1971,0.4203,-0.2082,0.9979,-0.1902,1.1895,-0.004433,0.0025,0.0044
13.3,STANCE,1.0058,1.4573,-0.0062,-2.7548,-0.022,-2.6685,0.01,-0.1981,0.4029,-0.196,0.9979,0.0778,1.368,-0.004687,-0.0323,0.0112
13.305,STANCE,1.0058,1.4442,0.002,-2.6453,0.0294,-2.5369,0.0119,-0.199,0.3908,-0.183,0.998,0.1026,1.3745,-0.004767,-0.0012,0.005
13.31,FLIGHT,1.0056,1.4324,-0.0452,-2.4307,-0.2407,-2.0749,0.0136,-0.1998,0.3517,-0.1646,0.9982,-1.2051,2.5054,-0.004671,0.0485,0.0047
13.315,FLIGHT,1.0032,1.4237,-0.3632,-1.9319,-0.7037,-1.4304,0.0144,-0.2004,0.2147,-0.1338,0.9986,-1.1247,2.4312,-0.004287,0.1024,0.0043
13.32,FLIGHT,0.9987,1.4179,-0.7539,-1.3654,-1.1,-0.8661,0.0144,-0.2009,0.0519,-0.1014,0.9991,-0.9884,2.3152,-0.003673,0.141,0.0037
13.325,FLIGHT,0.9924,1.4148,-1.1162,-0.8371,-1.4143,-0.3948,0.0135,-0.2012,-0.1001,-0.0711,0.9998,-0.8354,2.1884,-0.0029,0.1657,0.0029
13.33,FLIGHT,0.9847,1.4138,-1.4133,-0.3838,-1.6462,-0.0152,0.0121,-0.2013,-0.2276,-0.0432,1.0005,-0.6837,2.0643,-0.002035,0.1788,0.002
13.335,FLIGHT,0.976,1.4145,-1.6359,-0.0141,-1.802,0.28,0.0103,-0.2014,-0.3273,-0.0178,1.0014,-0.5414,1.9492,-0.001128,0.1826,0.0011
13.34,FLIGHT,0.9668,1.4165,-1.7862,0.2752,-1.8903,0.5004,0.0081,-0.2013,-0.4,0.0049,1.0023,-0.4122,1.8457,-0.000221,0.1794,0.0002
13.345,FLIGHT,0.9572,1.4194,-1.8703,0.4922,-1.918,0.6573,0.0058,-0.2012,-0.4481,0.0249,1.0032,-0.2984,1.7553,0.000556,0.1207,0.0
13.35,FLIGHT,0.9477,1.423,-1.8968,0.6466,-1.8982,0.7595,0.0034,-0.201,-0.4749,0.0419,1.0042,-0.1995,1.6775,0.001012,0.0655,0.0
13.355,FLIGHT,0.9383,1.427,-1.8766,0.7474,-1.8403,0.8163,0.0009,-0.2007,-0.4842,0.0555,1.0052,-0.1148,1.6116,0.001242,0.0288,0.0
13.36,FLIGHT,0.9293,1.4311,-1.8186,0.8035,-1.7521,0.8364,-0.0015,-0.2004,-0.4792,0.0657,1.0061,-0.0434,1.5569,0.001322,0.0052,0.0
13.365,FLIGHT,0.9209,1.4353,-1.7306,0.8236,-1.6405,0.8277,-0.0038,-0.2,-0.463,0.0726,1.0071,0.0156,1.5125,0.001309,-0.0092,0.0018
13.37,FLIGHT,0.913,1.4393,-1.6196,0.8152,-1.5118,0.7971,-0.0059,-0.1996,-0.4383,0.0764,1.0081,0.063,1.4776,0.00124,-0.0175,0.0035
13.375,FLIGHT,0.9058,1.4432,-1.4918,0.7854,-1.3715,0.7508,-0.0079,-0.1993,-0.4073,0.0774,1.009,0.1002,1.4511,0.001141,-0.0216,0.0043
13.38,FLIGHT,0.8993,1.4468,-1.3527,0.7399,-1.2244,0.6937,-0.0097,-0.1989,-0.372,0.0759,1.0099,0.1281,1.432,0.001028,-0.0231,0.0046
13.385,FLIGHT,0.8935,1.4501,-1.2069,0.6839,-1.0747,0.6304,-0.0113,-0.1986,-0.3343,0.0726,1.0108,0.1479,1.4193,0.000913,-0.0228,0.0046
13.39,FLIGHT,0.8885,1.4531,-1.0586,0.6217,-0.9257,0.5644,-0.0127,-0.1982,-0.2955,0.0677,1.0116,0.1607,1.412,0.000802,-0.0215,0.0043
13.395,FLIGHT,0.8843,1.4558,-0.9111,0.5569,-0.7801,0.4986,-0.0139,-0.198,-0.2567,0.0618,1.0124,0.1675,1.4093,0.0007,-0.0195,0.0039
13.4,FLIGHT,0.8807,1.4581,-0.767,0.4923,-0.6403,0.4352,-0.015,-0.1977,-0.2189,0.0553,1.0131,0.1694,1.4102,0.000608,-0.0172,0.0034
13.405,FLIGHT,0.8778,1.4601,-0.6287,0.43,-0.5078,0.3759,-0.0158,-0.1975,-0.1827,0.0485,1.0138,0.1671,1.4142,0.000528,-0.0148,0.003
13.41,FLIGHT,0.8756,1.4619,-0.4976,0.3719,-0.384,0.322,-0.0165,-0.1973,-0.1487,0.0417,1.0145,0.1616,1.4204,0.000459,-0.0125,0.0025
13.415,FLIGHT,0.874,1.4634,-0.3751,0.319,-0.2695,0.2743,-0.017,-0.1971,-0.1172,0.0353,1.0152,0.1534,1.4283,0.000402,-0.0104,0.0021
13.42,FLIGHT,0.8729,1.4646,-0.262,0.2722,-0.1649,0.2332,-0.0174,-0.197,-0.0884,0.0293,1.0158,0.1434,1.4374,0.000355,-0.0084,0.0017
13.425,FLIGHT,0.8723,1.4657,-0.1586,0.232,-0.0705,0.1989,-0.0176,-0.1969,-0.0626,0.0239,1.0164,0.132,1.4472,0.000318,-0.0067,0.0013
13.43,FLIGHT,0.8722,1.4666,-0.0653,0.1984,0.0139,0.1714,-0.0178,-0.1968,-0.0396,0.0193,1.0169,0.1197,1.4574,0.000288,-0.0053,0.0011
13.435,FLIGHT,0.8724,1.4674,0.0181,0.1715,0.0884,0.1504,-0.0178,-0.1967,-0.0196,0.0154,1.0174,0.107,1.4678,0.000264,-0.004,0.0008
13.44,FLIGHT,0.873,1.4682,0.0918,0.1511,0.1535,0.1355,-0.0178,-0.1967,-0.0023,0.0122,1.0179,0.0942,1.4779,0.000247,-0.003,0.0006
13.445,FLIGHT,0.874,1.4688,0.156,0.1366,0.2096,0.1263,-0.0177,-0.1966,0.0122,0.0097,1.0184,0.0815,1.4877,0.000234,-0.0022,0.0004
13.45,FLIGHT,0.8751,1.4694,0.2115,0.1278,0.2573,0.1222,-0.0176,-0.1966,0.0243,0.0079,1.0189,0.0692,1.4971,0.000225,-0.0015,0.0003
13.455,FLIGHT,0.8765,1.47,0.2586,0.1239,0.2973,0.1226,-0.0174,-0.1966,0.0341,0.0068,1.0193,0.0574,1.5058,0.000219,-0.0009,0.0002
13.46,FLIGHT,0.8781,1.4707,0.2981,0.1246,0.3303,0.127,-0.0172,-0.1965,0.0417,0.0062,1.0197,0.0464,1.5139,0.000215,-0.0005,0.0001
13.465,FLIGHT,0.8798,1.4713,0.3306,0.1291,0.3568,0.1346,-0.0169,-0.1965,0.0475,0.0061,1.0201,0.0361,1.5213,0.000214,-0.0002,0.0
13.47,FLIGHT,0.8816,1.472,0.3569,0.1368,0.3777,0.1451,-0.0167,-0.1965,0.0516,0.0065,1.0205,0.0267,1.528,0.000214,0.0001,0.0
13.475,FLIGHT,0.8836,1.4728,0.3775,0.1473,0.3936,0.1577,-0.0164,-0.1964,0.0542,0.0072,1.0208,0.0181,1.5339,0.000215,0.0003,0.0
13.48,FLIGHT,0.8856,1.4736,0.3931,0.1598,0.4051,0.1719,-0.0161,-0.1964,0.0555,0.0081,1.0211,0.0104,1.5392,0.000217,0.0004,0.0
13.485,FLIGHT,0.8876,1.4745,0.4044,0.174,0.4128,0.1873,-0.0158,-0.1963,0.0558,0.0093,1.0215,0.0036,1.5438,0.000219,0.0005,0.0
13.49,FLIGHT,0.8897,1.4755,0.412,0.1893,0.4173,0.2034,-0.0155,-0.1963,0.0551,0.0107,1.0218,-0.0024,1.5477,0.000222,0.0006,0.0
13.495,FLIGHT,0.8918,1.4765,0.4164,0.2053,0.419,0.2199,-0.0153,-0.1962,0.0538,0.0121,1.0221,-0.0076,1.5511,0.000225,0.0006,0.0
13.5,FLIGHT,0.8939,1.4777,0.4181,0.2217,0.4186,0.2363,-0.015,-0.1962,0.0519,0.0136,1.0223,-0.0121,1.5539,0.000228,0.0006,0.0
13.505,FLIGHT,0.896,1.4789,0.4176,0.238,0.4163,0.2524,-0.0148,-0.1961,0.0495,0.0152,1.0226,-0.0159,1.5563,0.000231,0.0006,0.0
13.51,FLIGHT,0.898,1.4802,0.4154,0.2539,0.4127,0.268,-0.0145,-0.196,0.0468,0.0167,1.0228,-0.0191,1.5582,0.000234,0.0006,0.0
13.515,FLIGHT,0.9001,1.4816,0.4117,0.2693,0.4079,0.2828,-0.0143,-0.1959,0.044,0.0182,1.0231,-0.0218,1.5598,0.000236,0.0005,0.0
13.52,FLIGHT,0.9021,1.483,0.4069,0.284,0.4022,0.2967,-0.0141,-0.1958,0.041,0.0197,1.0233,-0.0239,1.561,0.000239,0.0005,0.0
13.525,FLIGHT,0.9041,1.4845,0.4013,0.2977,0.396,0.3095,-0.0139,-0.1957,0.038,0.021,1.0235,-0.0257,1.562,0.000241,0.0004,0.0
13.53,FLIGHT,0.9061,1.4861,0.3951,0.3103,0.3894,0.3212,-0.0138,-0.1956,0.035,0.0223,1.0236,-0.027,1.5627,0.000243,0.0004,0.0
13.535,FLIGHT,0.908,1.4877,0.3886,0.3218,0.3826,0.3316,-0.0136,-0.1955,0.0321,0.0234,1.0238,-0.0281,1.5632,0.000245,0.0003,0.0
13.54,FLIGHT,0.9099,1.4894,0.3818,0.3321,0.3757,0.3408,-0.0135,-0.1953,0.0293,0.0245,1.024,-0.0289,1.5636,0.000246,0.0003,0.0
13.545,FLIGHT,0.9118,1.4911,0.3749,0.3412,0.3688,0.3488,-0.0134,-0.1952,0.0266,0.0254,1.0241,-0.0295,1.5639,0.000248,0.0002,0.0
13.55,FLIGHT,0.9136,1.4929,0.3681,0.3491,0.362,0.3555,-0.0132,-0.1951,0.0242,0.0263,1.0242,-0.0299,1.5641,0.000249,0.0002,0.0
13.555,FLIGHT,0.9154,1.4947,0.3614,0.3557,0.3554,0.361,-0.0131,-0.1949,0.0219,0.027,1.0243,-0.0302,1.5642,0.000249,0.0001,0.0
13.56,FLIGHT,0.9171,1.4965,0.3548,0.3611,0.349,0.3654,-0.013,-0.1948,0.0199,0.0276,1.0244,-0.0304,1.5643,0.00025,0.0001,0.0
13.565,FLIGHT,0.9189,1.4984,0.3484,0.3653,0.3427,0.3686,-0.013,-0.1946,0.018,0.0281,1.0244,-0.0306,1.5644,0.000251,0.0001,0.0
13.57,FLIGHT,0.9206,1.5002,0.3422,0.3684,0.3368,0.3707,-0.0129,-0.1945,0.0163,0.0285,1.0244,-0.0307,1.5645,0.000251,0.0,0.0
13.575,FLIGHT,0.9222,1.5021,0.3363,0.3705,0.331,0.3719,-0.0128,-0.1944,0.0148,0.0288,1.0245,-0.0308,1.5646,0.000251,0.0,0.0
13.58,FLIGHT,0.9239,1.5039,0.3305,0.3716,0.3255,0.3722,-0.0127,-0.1942,0.0135,0.029,1.0245,-0.0308,1.5647,0.000251,-0.0,0.0
13.585,FLIGHT,0.9255,1.5058,0.325,0.3718,0.3202,0.3716,-0.0127,-0.1941,0.0124,0.0291,1.0244,-0.0309,1.5649,0.000251,-0.0,0.0
13.59,FLIGHT,0.9271,1.5076,0.3198,0.3711,0.3151,0.3702,-0.0126,-0.1939,0.0114,0.0291,1.0244,-0.031,1.5651,0.000251,-0.0,0.0
13.595,FLIGHT,0.9287,1.5095,0.3147,0.3697,0.3102,0.3681,-0.0126,-0.1938,0.0106,0.0291,1.0243,-0.0312,1.5654,0.00025,-0.0001,0.0
13.6,FLIGHT,0.9302,1.5113,0.3098,0.3676,0.3054,0.3654,-0.0125,-0.1936,0.0099,0.029,1.0242,-0.0313,1.5656,0.00025,-0.0001,0.0
13.605,FLIGHT,0.9317,1.5131,0.305,0.3649,0.3008,0.3621,-0.0125,-0.1935,0.0093,0.0289,1.0241,-0.0316,1.566,0.00025,-0.0001,0.0
13.61,FLIGHT,0.9332,1.5149,0.3004,0.3616,0.2963,0.3584,-0.0124,-0.1933,0.0088,0.0287,1.024,-0.0318,1.5663,0.000249,-0.0001,0.0
13.615,FLIGHT,0.9347,1.5167,0.2958,0.3578,0.2918,0.3542,-0.0124,-0.1932,0.0084,0.0284,1.0239,-0.0321,1.5668,0.000249,-0.0001,0.0
13.62,FLIGHT,0.9361,1.5185,0.2914,0.3536,0.2874,0.3496,-0.0124,-0.1931,0.0081,0.0281,1.0237,-0.0324,1.5672,0.000248,-0.0001,0.0
13.625,FLIGHT,0.9375,1.5202,0.287,0.349,0.2831,0.3447,-0.0123,-0.1929,0.0079,0.0278,1.0235,-0.0328,1.5677,0.000248,-0.0001,0.0
13.63,FLIGHT,0.9389,1.5219,0.2826,0.3441,0.2788,0.3395,-0.0123,-0.1928,0.0077,0.0274,1.0233,-0.0332,1.5682,0.000247,-0.0001,0.0
13.635,FLIGHT,0.9403,1.5236,0.2783,0.3389,0.2745,0.3341,-0.0122,-0.1927,0.0075,0.027,1.0231,-0.0336,1.5687,0.000247,-0.0001,0.0
13.64,FLIGHT,0.9417,1.5253,0.274,0.3335,0.2701,0.3285,-0.0122,-0.1925,0.0074,0.0266,1.0228,-0.0341,1.5693,0.000246,-0.0001,0.0
13.645,FLIGHT,0.943,1.5269,0.2697,0.3279,0.2658,0.3228,-0.0122,-0.1924,0.0073,0.0262,1.0226,-0.0346,1.5699,0.000246,-0.0001,0.0
13.65,FLIGHT,0.9444,1.5285,0.2654,0.3222,0.2615,0.317,-0.0121,-0.1923,0.0072,0.0257,1.0223,-0.0351,1.5705,0.000245,-0.0001,0.0
13.655,FLIGHT,0.9456,1.5301,0.261,0.3163,0.2571,0.311,-0.0121,-0.1921,0.0072,0.0253,1.022,-0.0356,1.5711,0.000244,-0.0001,0.0
13.66,FLIGHT,0.9469,1.5316,0.2567,0.3104,0.2527,0.305,-0.0121,-0.192,0.0071,0.0248,1.0216,-0.0361,1.5717,0.000244,-0.0001,0.0
13.665,FLIGHT,0.9482,1.5331,0.2523,0.3044,0.2483,0.299,-0.012,-0.1919,0.007,0.0244,1.0213,-0.0367,1.5724,0.000243,-0.0001,0.0
13.67,FLIGHT,0.9494,1.5346,0.2478,0.2983,0.2439,0.2929,-0.012,-0.1918,0.007,0.0239,1.0209,-0.0372,1.573,0.000243,-0.0001,0.0
13.675,FLIGHT,0.9506,1.536,0.2434,0.2922,0.2394,0.2868,-0.012,-0.1917,0.0069,0.0234,1.0205,-0.0378,1.5736,0.000242,-0.0001,0.0
13.68,FLIGHT,0.9518,1.5375,0.2389,0.2862,0.2349,0.2807,-0.0119,-0.1916,0.0069,0.0229,1.0201,-0.0383,1.5743,0.000241,-0.0001,0.0
13.685,FLIGHT,0.953,1.5388,0.2344,0.2801,0.2303,0.2747,-0.0119,-0.1914,0.0068,0.0225,1.0197,-0.0389,1.5749,0.000241,-0.0001,0.0
13.69,FLIGHT,0.9541,1.5402,0.2298,0.2741,0.2257,0.2687,-0.0119,-0.1913,0.0068,0.022,1.0192,-0.0394,1.5755,0.00024,-0.0001,0.0
13.695,FLIGHT,0.9552,1.5415,0.2253,0.2681,0.2212,0.2627,-0.0118,-0.1912,0.0067,0.0215,1.0188,-0.0399,1.5761,0.00024,-0.0001,0.0
13.7,FLIGHT,0.9563,1.5428,0.2207,0.2621,0.2166,0.2568,-0.0118,-0.1911,0.0066,0.021,1.0183,-0.0404,1.5767,0.000239,-0.0001,0.0
13.705,FLIGHT,0.9574,1.5441,0.2161,0.2562,0.212,0.2509,-0.0118,-0.191,0.0065,0.0206,1.0178,-0.041,1.5773,0.000238,-0.0001,0.0
13.71,FLIGHT,0.9584,1.5453,0.2115,0.2503,0.2074,0.2451,-0.0117,-0.1909,0.0064,0.0201,1.0172,-0.0415,1.5779,0.000238,-0.0001,0.0
13.715,FLIGHT,0.9595,1.5465,0.2069,0.2445,0.2028,0.2393,-0.0117,-0.1908,0.0063,0.0197,1.0167,-0.0419,1.5784,0.000237,-0.0001,0.0
13.72,FLIGHT,0.9605,1.5477,0.2023,0.2387,0.1982,0.2336,-0.0117,-0.1907,0.0062,0.0192,1.0161,-0.0424,1.579,0.000237,-0.0001,0.0
13.725,FLIGHT,0.9614,1.5489,0.1977,0.2331,0.1936,0.228,-0.0116,-0.1906,0.0061,0.0188,1.0155,-0.0429,1.5795,0.000236,-0.0001,0.0
13.73,FLIGHT,0.9624,1.55,0.1932,0.2274,0.1891,0.2224,-0.0116,-0.1905,0.0059,0.0183,1.0149,-0.0433,1.58,0.000236,-0.0001,0.0
13.735,FLIGHT,0.9633,1.5511,0.1886,0.2219,0.1846,0.217,-0.0116,-0.1905,0.0058,0.0179,1.0143,-0.0437,1.5805,0.000235,-0.0001,0.0
13.74,FLIGHT,0.9642,1.5522,0.1841,0.2164,0.1801,0.2116,-0.0115,-0.1904,0.0057,0.0174,1.0136,-0.0442,1.581,0.000234,-0.0001,0.0
13.745,FLIGHT,0.9651,1.5532,0.1797,0.211,0.1757,0.2062,-0.0115,-0.1903,0.0056,0.017,1.013,-0.0446,1.5815,0.000234,-0.0001,0.0
13.75,FLIGHT,0.966,1.5542,0.1752,0.2057,0.1713,0.201,-0.0115,-0.1902,0.0054,0.0166,1.0123,-0.0449,1.5819,0.000233,-0.0001,0.0
13.755,FLIGHT,0.9668,1.5552,0.1708,0.2005,0.1669,0.1958,-0.0115,-0.1901,0.0053,0.0162,1.0116,-0.0453,1.5824,0.000233,-0.0001,0.0
13.76,FLIGHT,0.9677,1.5562,0.1665,0.1953,0.1626,0.1907,-0.0114,-0.19,0.0052,0.0158,1.0109,-0.0457,1.5828,0.000232,-0.0001,0.0
13.765,FLIGHT,0.9685,1.5571,0.1622,0.1902,0.1584,0.1857,-0.0114,-0.19,0.005,0.0154,1.0101,-0.046,1.5833,0.000232,-0.0001,0.0
13.77,FLIGHT,0.9693,1.5581,0.158,0.1852,0.1542,0.1807,-0.0114,-0.1899,0.0049,0.015,1.0094,-0.0464,1.5837,0.000231,-0.0001,0.0
13.775,FLIGHT,0.97,1.559,0.1538,0.1803,0.1501,0.1759,-0.0114,-0.1898,0.0048,0.0146,1.0086,-0.0467,1.5841,0.000231,-0.0001,0.0
13.78,FLIGHT,0.9708,1.5598,0.1497,0.1754,0.1461,0.1711,-0.0113,-0.1898,0.0046,0.0142,1.0078,-0.047,1.5844,0.00023,-0.0001,0.0
13.785,FLIGHT,0.9715,1.5607,0.1457,0.1706,0.1421,0.1664,-0.0113,-0.1897,0.0045,0.0138,1.007,-0.0473,1.5848,0.00023,-0.0001,0.0
13.79,FLIGHT,0.9722,1.5615,0.1417,0.166,0.1382,0.1618,-0.0113,-0.1896,0.0044,0.0134,1.0062,-0.0476,1.5852,0.000229,-0.0001,0.0
13.795,FLIGHT,0.9729,1.5623,0.1378,0.1614,0.1343,0.1573,-0.0113,-0.1896,0.0043,0.0131,1.0053,-0.0479,1.5855,0.000229,-0.0001,0.0
13.8,FLIGHT,0.9735,1.5631,0.134,0.1568,0.1306,0.1528,-0.0113,-0.1895,0.0041,0.0127,1.0045,-0.0481,1.5859,0.000228,-0.0001,0.0
13.805,FLIGHT,0.9742,1.5638,0.1302,0.1524,0.1269,0.1485,-0.0112,-0.1894,0.004,0.0124,1.0036,-0.0484,1.5862,0.000228,-0.0001,0.0
13.81,FLIGHT,0.9748,1.5645,0.1265,0.148,0.1232,0.1442,-0.0112,-0.1894,0.0039,0.012,1.0027,-0.0487,1.5866,0.000227,-0.0001,0.0
13.815,FLIGHT,0.9754,1.5653,0.1229,0.1438,0.1197,0.14,-0.0112,-0.1893,0.0038,0.0117,1.0018,-0.0489,1.5869,0.000227,-0.0001,0.0
13.82,FLIGHT,0.976,1.5659,0.1193,0.1396,0.1162,0.1359,-0.0112,-0.1893,0.0037,0.0113,1.0008,-0.0491,1.5872,0.000227,-0.0001,0.0
13.825,STANCE,0.9766,1.5666,0.1158,0.1355,0.1311,0.1534,-0.0112,-0.1892,0.0036,0.011,0.9999,0.1303,-0.0437,0.000226,-0.02,0.004
13.83,STANCE,0.9786,1.5675,0.3502,0.1576,0.6887,0.0398,-0.0109,-0.1891,0.0449,0.0105,0.9992,-0.0137,-0.64,-0.000738,-0.2917,0.0591
13.835,STANCE,0.9831,1.5663,0.7449,-0.1449,1.0905,-0.5477,-0.0099,-0.1893,0.1607,-0.0204,0.9985,-0.4012,-1.1255,-0.002327,-0.3287,0.0681
13.84,STANCE,0.9877,1.5629,0.8128,-0.5046,0.4798,-0.4555,-0.0085,-0.1896,0.2232,-0.0517,0.998,-0.7609,-1.5097,-0.003508,-0.0878,0.0211
13.845,STANCE,0.9895,1.5611,0.4933,-0.395,0.3385,-0.3799,-0.008,-0.1898,0.1478,-0.0388,0.9981,-0.9591,-1.9778,-0.003588,0.034,0.0036
13.85,STANCE,0.9916,1.558,0.4568,-0.584,0.4094,-1.1118,-0.0071,-0.1901,0.1672,-0.0543,0.9983,-1.2387,-2.1514,-0.003294,0.102,0.0033
13.855,STANCE,0.9937,1.5504,0.4605,-1.2265,0.6654,-1.5547,-0.0057,-0.1908,0.2576,-0.1083,0.9983,-1.4782,-1.9187,-0.002827,-0.0432,0.0115
13.86,STANCE,0.9969,1.5404,0.5616,-1.8152,0.3856,-2.6565,-0.0037,-0.1916,0.3609,-0.1551,0.9981,-1.6658,-1.497,-0.003539,-0.0754,0.0186
13.865,STANCE,0.9997,1.5286,0.5667,-2.1644,0.4675,-2.4961,-0.0015,-0.1926,0.4138,-0.1789,0.9981,-1.678,-1.0055,-0.003906,-0.024,0.0087
13.87,STANCE,1.0015,1.5154,0.4355,-2.4817,0.2732,-2.7549,0.0007,-0.1937,0.4367,-0.1985,0.998,-1.4812,-0.4174,-0.003826,0.0529,0.0038
13.875,STANCE,1.0029,1.5016,0.3204,-2.6563,0.2161,-2.7475,0.003,-0.1948,0.4427,-0.2062,0.998,-1.1503,0.1588,-0.004076,-0.0325,0.0106
13.88,STANCE,1.0033,1.4873,0.1468,-2.8057,-0.0458,-2.961,0.0051,-0.1959,0.4336,-0.2121,0.9979,-0.6987,0.7052,-0.004405,-0.0814,0.0207
13.885,STANCE,1.0032,1.4732,0.0474,-2.8063,-0.0331,-2.7855,0.0071,-0.197,0.4172,-0.2068,0.9979,-0.2616,1.1063,-0.004739,-0.0388,0.0125
13.89,STANCE,1.0029,1.4593,-0.0373,-2.7849,-0.089,-2.7477,0.0091,-0.198,0.4001,-0.2004,0.9979,0.0653,1.3531,-0.004793,0.0112,0.0048
13.895,FLIGHT,1.0026,1.4459,-0.0455,-2.7008,0.038,-2.5341,0.011,-0.1989,0.3887,-0.1893,0.9979,-1.13,2.4607,-0.004752,-0.1228,0.0293
13.9,FLIGHT,1.0016,1.4349,-0.1714,-2.3279,-0.4198,-1.8809,0.0124,-0.1997,0.3102,-0.1614,0.9981,-1.1244,2.4436,-0.005147,-0.0377,0.0127
13.905,FLIGHT,0.9985,1.427,-0.5077,-1.7858,-0.8376,-1.2835,0.013,-0.2003,0.1631,-0.1276,0.9985,-1.0223,2.3523,-0.005159,0.0298,0.0052
13.91,FLIGHT,0.9934,1.4219,-0.8716,-1.2389,-1.1842,-0.7697,0.0127,-0.2007,0.0088,-0.095,0.9991,-0.8849,2.2359,-0.004877,0.08,0.0049
13.915,FLIGHT,0.9868,1.4192,-1.1926,-0.7496,-1.4519,-0.3451,0.0118,-0.2009,-0.1287,-0.0653,0.9997,-0.7395,2.1154,-0.004385,0.1149,0.0044
13.92,FLIGHT,0.979,1.4183,-1.4471,-0.3381,-1.6433,-0.0056,0.0103,-0.2011,-0.2411,-0.0384,1.0005,-0.5987,2.0003,-0.00375,0.1371,0.0038
13.925,FLIGHT,0.9704,1.419,-1.6312,-0.0062,-1.7654,0.2565,0.0085,-0.2011,-0.3272,-0.0143,1.0013,-0.4683,1.8948,-0.00303,0.1493,0.003
13.93,FLIGHT,0.9614,1.4208,-1.749,0.2512,-1.8268,0.4508,0.0064,-0.2011,-0.3884,0.0069,1.0022,-0.3508,1.8008,-0.00227,0.1538,0.0023
13.935,FLIGHT,0.9523,1.4234,-1.8078,0.4425,-1.8366,0.5869,0.0042,-0.2009,-0.4275,0.0251,1.0031,-0.2472,1.7186,-0.001502,0.1525,0.0015
13.94,FLIGHT,0.9431,1.4265,-1.8161,0.5768,-1.8034,0.6741,0.0019,-0.2007,-0.4478,0.0402,1.004,-0.1575,1.6483,-0.000751,0.1473,0.0008
13.945,FLIGHT,0.9343,1.4301,-1.7823,0.6629,-1.7357,0.7211,-0.0003,-0.2005,-0.4523,0.052,1.005,-0.0813,1.5893,-3.4e-05,0.1393,0.0
13.95,FLIGHT,0.9258,1.4337,-1.7136,0.7099,-1.6386,0.7369,-0.0026,-0.2002,-0.4441,0.0607,1.0059,-0.0185,1.5413,0.000522,0.0845,0.0
13.955,FLIGHT,0.9179,1.4374,-1.6178,0.7256,-1.5224,0.7275,-0.0047,-0.1998,-0.426,0.0663,1.0069,0.0327,1.5029,0.000839,0.0448,0.0
13.96,FLIGHT,0.9106,1.441,-1.5028,0.7165,-1.3929,0.6991,-0.0066,-0.1995,-0.4006,0.069,1.0078,0.0736,1.473,0.000992,0.0183,0.0
13.965,FLIGHT,0.904,1.4443,-1.3743,0.6888,-1.2548,0.6572,-0.0084,-0.1992,-0.37,0.0693,1.0087,0.1053,1.4506,0.001038,0.0015,0.0
13.97,FLIGHT,0.8981,1.4475,-1.2374,0.6477,-1.1122,0.6064,-0.01,-0.1988,-0.3361,0.0676,1.0095,0.1287,1.4347,0.001018,-0.0087,0.0017
13.975,FLIGHT,0.8929,1.4504,-1.0961,0.5979,-0.9686,0.5505,-0.0115,-0.1985,-0.3003,0.0641,1.0103,0.145,1.4245,0.000959,-0.0144,0.0029
13.98,FLIGHT,0.8884,1.453,-0.9538,0.5431,-0.8269,0.4927,-0.0127,-0.1983,-0.2639,0.0595,1.0111,0.1551,1.4191,0.000879,-0.017,0.0034
13.985,FLIGHT,0.8846,1.4553,-0.8135,0.4863,-0.6894,0.4355,-0.0138,-0.198,-0.2278,0.0541,1.0119,0.1599,1.4176,0.000792,-0.0177,0.0035
13.99,FLIGHT,0.8815,1.4574,-0.6774,0.4302,-0.558,0.3808,-0.0147,-0.1978,-0.1928,0.0481,1.0126,0.1603,1.4194,0.000704,-0.0172,0.0034
13.995,FLIGHT,0.879,1.4591,-0.5474,0.3766,-0.4341,0.3302,-0.0154,-0.1976,-0.1595,0.0421,1.0133,0.1571,1.4237,0.000621,-0.0159,0.0032
14.0,FLIGHT,0.8771,1.4607,-0.4248,0.3269,-0.3187,0.2846,-0.016,-0.1974,-0.1283,0.0362,1.014,0.151,1.43,0.000546,-0.0141,0.0028
14.005,FLIGHT,0.8758,1.462,-0.3107,0.2823,-0.2124,0.2447,-0.0164,-0.1973,-0.0996,0.0306,1.0146,0.1427,1.4378,0.00048,-0.0122,0.0024
14.01,FLIGHT,0.875,1.4631,-0.2056,0.2432,-0.1156,0.2109,-0.0168,-0.1972,-0.0735,0.0254,1.0152,0.1328,1.4465,0.000424,-0.0103,0.0021
14.015,FLIGHT,0.8746,1.4641,-0.1099,0.2101,-0.0285,0.1832,-0.017,-0.1971,-0.0501,0.0209,1.0158,0.1218,1.4558,0.000377,-0.0085,0.0017
14.02,FLIGHT,0.8747,1.465,-0.0237,0.1831,0.0492,0.1617,-0.0171,-0.197,-0.0295,0.017,1.0163,0.11,1.4654,0.000339,-0.0069,0.0014
14.025,FLIGHT,0.8751,1.4657,0.053,0.1621,0.1176,0.1459,-0.0171,-0.1969,-0.0115,0.0138,1.0168,0.098,1.4751,0.000308,-0.0055,0.0011
14.03,FLIGHT,0.8759,1.4664,0.1206,0.1468,0.1772,0.1356,-0.017,-0.1969,0.0039,0.0113,1.0173,0.0858,1.4845,0.000283,-0.0043,0.0009
14.035,FLIGHT,0.8769,1.4671,0.1795,0.1369,0.2285,0.1303,-0.0169,-0.1968,0.0168,0.0094,1.0177,0.0739,1.4936,0.000265,-0.0032,0.0006
14.04,FLIGHT,0.8781,1.4678,0.2301,0.132,0.2719,0.1295,-0.0168,-0.1968,0.0274,0.0081,1.0182,0.0625,1.5022,0.000251,-0.0024,0.0005
14.045,FLIGHT,0.8796,1.4684,0.2731,0.1314,0.3083,0.1327,-0.0166,-0.1968,0.0359,0.0074,1.0186,0.0515,1.5102,0.00024,-0.0017,0.0003
14.05,FLIGHT,0.8812,1.4691,0.309,0.1347,0.3381,0.1392,-0.0163,-0.1967,0.0425,0.0071,1.019,0.0413,1.5176,0.000233,-0.0011,0.0002
14.055,FLIGHT,0.883,1.4698,0.3384,0.1413,0.3621,0.1485,-0.0161,-0.1967,0.0474,0.0073,1.0194,0.0318,1.5244,0.000229,-0.0007,0.0001
14.06,FLIGHT,0.8848,1.4706,0.362,0.1507,0.3808,0.1602,-0.0158,-0.1966,0.0507,0.0078,1.0198,0.0231,1.5305,0.000226,-0.0003,0.0001
14.065,FLIGHT,0.8868,1.4714,0.3805,0.1623,0.395,0.1736,-0.0156,-0.1966,0.0527,0.0087,1.0201,0.0153,1.5359,0.000225,-0.0001,0.0
14.07,FLIGHT,0.8888,1.4723,0.3945,0.1757,0.4051,0.1883,-0.0153,-0.1966,0.0536,0.0097,1.0204,0.0082,1.5407,0.000225,0.0001,0.0
14.075,FLIGHT,0.8908,1.4733,0.4045,0.1903,0.4118,0.2039,-0.015,-0.1965,0.0536,0.011,1.0207,0.002,1.5448,0.000226,0.0003,0.0
14.08,FLIGHT,0.8929,1.4744,0.4111,0.2058,0.4156,0.2199,-0.0148,-0.1964,0.0527,0.0124,1.021,-0.0035,1.5484,0.000228,0.0004,0.0
14.085,FLIGHT,0.895,1.4755,0.4148,0.2217,0.4169,0.2361,-0.0145,-0.1964,0.0512,0.0138,1.0213,-0.0083,1.5515,0.00023,0.0004,0.0
14.09,FLIGHT,0.897,1.4767,0.416,0.2377,0.4162,0.252,-0.0143,-0.1963,0.0492,0.0153,1.0216,-0.0124,1.554,0.000232,0.0004,0.0
14.095,FLIGHT,0.8991,1.478,0.4153,0.2536,0.4139,0.2676,-0.014,-0.1962,0.0469,0.0168,1.0218,-0.0158,1.5562,0.000234,0.0005,0.0
14.1,FLIGHT,0.9012,1.4794,0.4129,0.269,0.4102,0.2825,-0.0138,-0.1961,0.0443,0.0183,1.0221,-0.0188,1.5579,0.000236,0.0004,0.0
14.105,FLIGHT,0.9032,1.4808,0.4093,0.2837,0.4056,0.2965,-0.0136,-0.196,0.0415,0.0197,1.0223,-0.0212,1.5594,0.000238,0.0004,0.0
14.11,FLIGHT,0.9052,1.4824,0.4047,0.2976,0.4002,0.3096,-0.0134,-0.1959,0.0386,0.021,1.0225,-0.0232,1.5605,0.00024,0.0004,0.0
14.115,FLIGHT,0.9072,1.4839,0.3993,0.3105,0.3943,0.3215,-0.0133,-0.1958,0.0358,0.0223,1.0227,-0.0247,1.5614,0.000242,0.0004,0.0
14.12,FLIGHT,0.9092,1.4856,0.3934,0.3223,0.388,0.3324,-0.0131,-0.1957,0.0329,0.0235,1.0229,-0.026,1.562,0.000244,0.0003,0.0
14.125,FLIGHT,0.9111,1.4873,0.3872,0.333,0.3815,0.342,-0.013,-0.1955,0.0302,0.0246,1.023,-0.027,1.5626,0.000246,0.0003,0.0
14.13,FLIGHT,0.913,1.489,0.3808,0.3425,0.375,0.3504,-0.0128,-0.1954,0.0276,0.0255,1.0232,-0.0278,1.563,0.000247,0.0002,0.0
14.135,FLIGHT,0.9148,1.4908,0.3743,0.3507,0.3684,0.3576,-0.0127,-0.1953,0.0251,0.0264,1.0233,-0.0284,1.5633,0.000248,0.0002,0.0
14.14,FLIGHT,0.9167,1.4926,0.3678,0.3578,0.362,0.3636,-0.0126,-0.1951,0.0228,0.0271,1.0234,-0.0288,1.5635,0.000249,0.0002,0.0
14.145,FLIGHT,0.9185,1.4944,0.3613,0.3637,0.3556,0.3684,-0.0125,-0.195,0.0207,0.0278,1.0235,-0.0291,1.5636,0.000249,0.0001,0.0
14.15,FLIGHT,0.9202,1.4962,0.355,0.3684,0.3495,0.3721,-0.0124,-0.1949,0.0188,0.0283,1.0235,-0.0293,1.5638,0.00025,0.0001,0.0
14.155,FLIGHT,0.922,1.4981,0.3489,0.372,0.3435,0.3747,-0.0123,-0.1947,0.0171,0.0287,1.0236,-0.0295,1.5639,0.00025,0.0001,0.0
14.16,FLIGHT,0.9237,1.5,0.343,0.3746,0.3378,0.3764,-0.0122,-0.1946,0.0155,0.0291,1.0236,-0.0297,1.5641,0.000251,0.0,0.0
14.165,FLIGHT,0.9253,1.5019,0.3373,0.3761,0.3322,0.377,-0.0122,-0.1944,0.0142,0.0293,1.0236,-0.0298,1.5643,0.000251,0.0,0.0
14.17,FLIGHT,0.927,1.5038,0.3317,0.3767,0.3269,0.3769,-0.0121,-0.1943,0.013,0.0295,1.0236,-0.0299,1.5644,0.000251,-0.0,0.0
14.175,FLIGHT,0.9286,1.5056,0.3264,0.3765,0.3217,0.3759,-0.0121,-0.1941,0.0119,0.0295,1.0236,-0.0301,1.5647,0.000251,-0.0,0.0
14.18,FLIGHT,0.9302,1.5075,0.3212,0.3754,0.3167,0.3741,-0.012,-0.194,0.011,0.0295,1.0235,-0.0303,1.5649,0.00025,-0.0,0.0
14.185,FLIGHT,0.9318,1.5094,0.3162,0.3736,0.3118,0.3717,-0.012,-0.1938,0.0103,0.0295,1.0234,-0.0305,1.5652,0.00025,-0.0001,0.0
14.19,FLIGHT,0.9333,1.5112,0.3113,0.3712,0.307,0.3688,-0.0119,-0.1937,0.0096,0.0293,1.0234,-0.0307,1.5655,0.00025,-0.0001,0.0
14.195,FLIGHT,0.9348,1.5131,0.3066,0.3682,0.3024,0.3652,-0.0119,-0.1935,0.0091,0.0292,1.0232,-0.031,1.5659,0.000249,-0.0001,0.0
14.2,FLIGHT,0.9363,1.5149,0.302,0.3647,0.2978,0.3613,-0.0118,-0.1934,0.0086,0.0289,1.0231,-0.0313,1.5663,0.000249,-0.0001,0.0
14.205,FLIGHT,0.9378,1.5167,0.2974,0.3607,0.2934,0.3569,-0.0118,-0.1932,0.0083,0.0287,1.023,-0.0316,1.5668,0.000248,-0.0001,0.0
14.21,FLIGHT,0.9393,1.5185,0.2929,0.3563,0.2889,0.3521,-0.0117,-0.1931,0.008,0.0283,1.0228,-0.032,1.5673,0.000248,-0.0001,0.0
14.215,FLIGHT,0.9407,1.5202,0.2885,0.3515,0.2845,0.3471,-0.0117,-0.193,0.0077,0.028,1.0226,-0.0324,1.5678,0.000247,-0.0001,0.0
14.22,FLIGHT,0.9421,1.5219,0.284,0.3465,0.2801,0.3418,-0.0117,-0.1928,0.0075,0.0276,1.0224,-0.0328,1.5683,0.000247,-0.0001,0.0
14.225,FLIGHT,0.9435,1.5236,0.2796,0.3412,0.2757,0.3363,-0.0116,-0.1927,0.0074,0.0272,1.0221,-0.0333,1.5689,0.000246,-0.0001,0.0
14.23,FLIGHT,0.9449,1.5253,0.2752,0.3357,0.2713,0.3306,-0.0116,-0.1926,0.0072,0.0268,1.0219,-0.0337,1.5695,0.000246,-0.0001,0.0
14.235,FLIGHT,0.9462,1.5269,0.2708,0.33,0.2669,0.3248,-0.0116,-0.1924,0.0071,0.0264,1.0216,-0.0342,1.5701,0.000245,-0.0001,0.0
14.24,FLIGHT,0.9476,1.5285,0.2664,0.3242,0.2624,0.3189,-0.0115,-0.1923,0.0071,0.0259,1.0213,-0.0348,1.5707,0.000244,-0.0001,0.0
14.245,FLIGHT,0.9489,1.5301,0.262,0.3182,0.258,0.3129,-0.0115,-0.1922,0.007,0.0255,1.021,-0.0353,1.5713,0.000244,-0.0001,0.0
14.25,FLIGHT,0.9501,1.5317,0.2575,0.3122,0.2535,0.3068,-0.0114,-0.1921,0.0069,0.025,1.0207,-0.0358,1.572,0.000243,-0.0001,0.0
14.255,FLIGHT,0.9514,1.5332,0.253,0.3061,0.2489,0.3007,-0.0114,-0.1919,0.0069,0.0245,1.0203,-0.0364,1.5726,0.000243,-0.0001,0.0
14.26,FLIGHT,0.9526,1.5347,0.2484,0.3,0.2444,0.2946,-0.0114,-0.1918,0.0068,0.0241,1.0199,-0.0369,1.5732,0.000242,-0.0001,0.0
14.265,FLIGHT,0.9538,1.5361,0.2439,0.2939,0.2398,0.2884,-0.0113,-0.1917,0.0067,0.0236,1.0195,-0.0375,1.5739,0.000241,-0.0001,0.0
14.27,FLIGHT,0.955,1.5376,0.2393,0.2878,0.2352,0.2823,-0.0113,-0.1916,0.0067,0.0231,1.0191,-0.038,1.5745,0.000241,-0.0001,0.0
14.275,FLIGHT,0.9562,1.5389,0.2347,0.2817,0.2305,0.2762,-0.0113,-0.1915,0.0066,0.0226,1.0187,-0.0386,1.5751,0.00024,-0.0001,0.0
14.28,FLIGHT,0.9573,1.5403,0.23,0.2756,0.2259,0.2701,-0.0112,-0.1914,0.0065,0.0221,1.0182,-0.0391,1.5757,0.00024,-0.0001,0.0
14.285,FLIGHT,0.9584,1.5417,0.2254,0.2695,0.2212,0.2641,-0.0112,-0.1912,0.0064,0.0217,1.0177,-0.0397,1.5763,0.000239,-0.0001,0.0
14.29,FLIGHT,0.9595,1.543,0.2207,0.2635,0.2165,0.2581,-0.0112,-0.1911,0.0063,0.0212,1.0172,-0.0402,1.5769,0.000238,-0.0001,0.0
14.295,FLIGHT,0.9606,1.5442,0.216,0.2575,0.2119,0.2522,-0.0112,-0.191,0.0062,0.0207,1.0167,-0.0407,1.5775,0.000238,-0.0001,0.0
14.3,FLIGHT,0.9617,1.5455,0.2114,0.2516,0.2072,0.2463,-0.0111,-0.1909,0.0061,0.0203,1.0162,-0.0412,1.5781,0.000237,-0.0001,0.0
14.305,FLIGHT,0.9627,1.5467,0.2067,0.2458,0.2025,0.2405,-0.0111,-0.1908,0.006,0.0198,1.0156,-0.0417,1.5787,0.000237,-0.0001,0.0
14.31,FLIGHT,0.9637,1.5479,0.2021,0.24,0.1979,0.2348,-0.0111,-0.1907,0.0059,0.0193,1.015,-0.0421,1.5792,0.000236,-0.0001,0.0
14.315,FLIGHT,0.9647,1.549,0.1974,0.2342,0.1933,0.2291,-0.011,-0.1907,0.0058,0.0189,1.0145,-0.0426,1.5797,0.000235,-0.0001,0.0
14.32,FLIGHT,0.9656,1.5502,0.1928,0.2286,0.1887,0.2235,-0.011,-0.1906,0.0057,0.0184,1.0138,-0.043,1.5802,0.000235,-0.0001,0.0
14.325,FLIGHT,0.9665,1.5513,0.1882,0.223,0.1841,0.218,-0.011,-0.1905,0.0055,0.018,1.0132,-0.0435,1.5807,0.000234,-0.0001,0.0
14.33,FLIGHT,0.9675,1.5524,0.1837,0.2174,0.1796,0.2125,-0.011,-0.1904,0.0054,0.0176,1.0125,-0.0439,1.5812,0.000234,-0.0001,0.0
14.335,FLIGHT,0.9683,1.5534,0.1791,0.212,0.1751,0.2071,-0.0109,-0.1903,0.0053,0.0171,1.0119,-0.0443,1.5817,0.000233,-0.0001,0.0
14.34,FLIGHT,0.9692,1.5544,0.1747,0.2066,0.1707,0.2018,-0.0109,-0.1902,0.0051,0.0167,1.0112,-0.0447,1.5822,0.000233,-0.0001,0.0
14.345,FLIGHT,0.97,1.5554,0.1702,0.2013,0.1663,0.1966,-0.0109,-0.1901,0.005,0.0163,1.0105,-0.045,1.5826,0.000232,-0.0001,0.0
14.35,FLIGHT,0.9709,1.5564,0.1659,0.1961,0.162,0.1915,-0.0109,-0.1901,0.0049,0.0159,1.0097,-0.0454,1.5831,0.000232,-0.0001,0.0
14.355,FLIGHT,0.9717,1.5573,0.1616,0.191,0.1577,0.1864,-0.0108,-0.19,0.0048,0.0155,1.009,-0.0457,1.5835,0.000231,-0.0001,0.0
14.36,FLIGHT,0.9724,1.5583,0.1573,0.1859,0.1535,0.1814,-0.0108,-0.1899,0.0046,0.0151,1.0082,-0.0461,1.5839,0.00023,-0.0001,0.0
14.365,FLIGHT,0.9732,1.5592,0.1531,0.1809,0.1494,0.1765,-0.0108,-0.1898,0.0045,0.0147,1.0075,-0.0464,1.5843,0.00023,-0.0001,0.0
14.37,FLIGHT,0.9739,1.56,0.149,0.176,0.1453,0.1717,-0.0108,-0.1898,0.0044,0.0143,1.0067,-0.0467,1.5847,0.000229,-0.0001,0.0
14.375,FLIGHT,0.9747,1.5609,0.1449,0.1712,0.1413,0.167,-0.0107,-0.1897,0.0042,0.0139,1.0058,-0.047,1.5851,0.000229,-0.0001,0.0
14.38,FLIGHT,0.9754,1.5617,0.1409,0.1665,0.1373,0.1623,-0.0107,-0.1896,0.0041,0.0135,1.005,-0.0473,1.5854,0.000228,-0.0001,0.0
14.385,FLIGHT,0.976,1.5625,0.137,0.1619,0.1335,0.1577,-0.0107,-0.1896,0.004,0.0131,1.0042,-0.0476,1.5858,0.000228,-0.0001,0.0
14.39,FLIGHT,0.9767,1.5633,0.1331,0.1573,0.1297,0.1532,-0.0107,-0.1895,0.0039,0.0128,1.0033,-0.0478,1.5861,0.000228,-0.0001,0.0
14.395,FLIGHT,0.9773,1.564,0.1293,0.1528,0.126,0.1489,-0.0107,-0.1894,0.0038,0.0124,1.0024,-0.0481,1.5865,0.000227,-0.0001,0.0
14.4,FLIGHT,0.9779,1.5648,0.1256,0.1484,0.1223,0.1445,-0.0106,-0.1894,0.0036,0.0121,1.0015,-0.0484,1.5868,0.000227,-0.0001,0.0
14.405,FLIGHT,0.9786,1.5655,0.122,0.1441,0.1187,0.1403,-0.0106,-0.1893,0.0035,0.0117,1.0006,-0.0486,1.5871,0.000226,-0.0001,0.0
14.41,STANCE,0.9792,1.5662,0.1321,0.156,0.2288,0.2698,-0.0106,-0.1893,0.0038,0.0127,0.9997,0.1247,-0.1599,0.000157,-0.1131,0.0226
14.415,STANCE,0.9819,1.567,0.4342,0.1347,0.788,-0.0464,-0.0102,-0.1892,0.0639,0.0077,0.999,-0.0924,-0.7491,-0.001021,-0.3031,0.0617
14.42,STANCE,0.9868,1.5653,0.8251,-0.2267,1.1562,-0.6677,-0.009,-0.1894,0.1872,-0.0277,0.9983,-0.5118,-1.1968,-0.002612,-0.3224,0.0671
14.425,STANCE,0.9909,1.5622,0.7618,-0.4557,0.4097,-0.3634,-0.0079,-0.1897,0.207,-0.0462,0.998,-0.8297,-1.6115,-0.003537,-0.0308,0.0097
14.43,STANCE,0.9926,1.5604,0.4843,-0.4012,0.382,-0.4721,-0.0073,-0.1899,0.1471,-0.0387,0.9982,-1.0451,-2.0235,-0.00338,0.0695,0.0034
14.435,STANCE,0.9948,1.5563,0.4444,-0.7393,0.3564,-1.4179,-0.0063,-0.1903,0.1866,-0.067,0.9983,-1.3185,-2.0905,-0.002894,0.1392,0.0029
14.44,STANCE,0.998,1.5485,0.6188,-1.3221,0.8899,-1.7593,-0.0046,-0.191,0.3019,-0.1156,0.9983,-1.6205,-1.8331,-0.002659,-0.0101,0.0047
14.445,STANCE,1.0031,1.5387,0.8951,-1.7741,1.0917,-2.1474,-0.0023,-0.1918,0.4204,-0.1496,0.9984,-1.8684,-1.4224,-0.002805,-0.0434,0.0115
14.45,STANCE,1.008,1.5264,0.9381,-2.255,0.9088,-2.6305,0.0004,-0.1928,0.5002,-0.1818,0.9984,-1.8838,-0.8403,-0.002955,-0.0498,0.0129
14.455,STANCE,1.0118,1.5124,0.8081,-2.6397,0.6034,-2.9613,0.0031,-0.1939,0.5342,-0.204,0.9982,-1.6685,-0.2038,-0.003279,-0.0747,0.0182
14.46,STANCE,1.0142,1.4973,0.5601,-2.907,0.3662,-3.0254,0.0058,-0.1951,0.5289,-0.2169,0.998,-1.2562,0.4087,-0.003838,-0.1742,0.0387
14.465,STANCE,1.0155,1.4832,0.3591,-2.8274,0.1455,-2.7502,0.0081,-0.1961,0.4818,-0.2049,0.998,-0.7664,0.8346,-0.004487,-0.0802,0.0205
14.47,STANCE,1.0155,1.4692,0.1019,-2.8182,-0.1094,-2.8332,0.0101,-0.1971,0.4331,-0.2003,0.9979,-0.2564,1.1902,-0.00465,0.0059,0.0046
14.475,STANCE,1.0149,1.4552,-0.0522,-2.7851,-0.0527,-2.6362,0.0121,-0.1981,0.4004,-0.1942,0.9978,0.0725,1.3861,-0.004616,-0.0924,0.0231
14.48,STANCE,1.0147,1.4424,-0.0344,-2.6309,-0.0033,-2.5,0.0139,-0.199,0.3834,-0.1784,0.9979,0.0949,1.3734,-0.004968,-0.0504,0.015
14.485,STANCE,1.0149,1.4302,0.0074,-2.4922,0.0483,-2.3745,0.0158,-0.1998,0.3732,-0.1638,0.998,0.0779,1.3483,-0.00513,-0.0154,0.0082
14.49,STANCE,1.0152,1.4186,0.0522,-2.3679,0.0906,-2.2626,0.0176,-0.2006,0.3655,-0.1506,0.9981,0.0591,1.3276,-0.005129,0.015,0.0051
14.495,FLIGHT,1.0157,1.4076,0.0916,-2.2564,0.1236,-2.1616,0.0193,-0.2013,0.3584,-0.1387,0.9983,-1.5936,2.7833,-0.004986,0.0414,0.005
14.5,FLIGHT,1.0153,1.3982,-0.0618,-1.9602,-0.3983,-1.4928,0.0207,-0.2018,0.2839,-0.1206,0.9986,-1.594,2.7741,-0.004639,0.1036,0.0046
14.505,FLIGHT,1.0118,1.3926,-0.5341,-1.3435,-1.0062,-0.7449,0.0208,-0.2023,0.0953,-0.0925,0.9991,-1.4513,2.6537,-0.003974,0.1593,0.004
14.51,FLIGHT,1.0054,1.3905,-1.0592,-0.6813,-1.5131,-0.1085,0.0198,-0.2025,-0.1116,-0.0627,0.9997,-1.2514,2.4906,-0.003078,0.1965,0.0031
14.515,FLIGHT,0.9968,1.3913,-1.5267,-0.085,-1.9056,0.4055,0.018,-0.2026,-0.2966,-0.0328,1.0005,-1.0394,2.3196,-0.002037,0.2172,0.002
14.52,FLIGHT,0.9866,1.3944,-1.8994,0.4087,-2.1875,0.802,0.0154,-0.2026,-0.446,-0.0029,1.0014,-0.8353,2.1562,-0.000929,0.2244,0.0009
14.525,FLIGHT,0.9751,1.3992,-2.1705,0.7942,-2.3684,1.0927,0.0124,-0.2024,-0.5574,0.0264,1.0023,-0.6482,2.007,0.000182,0.2052,0.0
14.53,FLIGHT,0.963,1.4052,-2.3441,1.0791,-2.4595,1.2922,0.0091,-0.2022,-0.6329,0.054,1.0033,-0.4824,1.8754,0.000982,0.1194,0.0
14.535,FLIGHT,0.9507,1.4119,-2.4333,1.2743,-2.4796,1.4127,0.0056,-0.2018,-0.677,0.0789,1.0043,-0.3375,1.7611,0.001422,0.0605,0.0
14.54,FLIGHT,0.9383,1.4192,-2.452,1.3925,-2.441,1.4676,0.002,-0.2013,-0.6948,0.1,1.0054,-0.2128,1.6636,0.001621,0.022,0.0
14.545,FLIGHT,0.9263,1.4265,-2.4127,1.4463,-2.3548,1.4695,-0.0014,-0.2007,-0.6912,0.1165,1.0064,-0.1075,1.5822,0.001665,-0.0023,0.0005
14.55,FLIGHT,0.9149,1.4338,-2.3265,1.4482,-2.2316,1.4299,-0.0048,-0.2001,-0.6705,0.1282,1.0075,-0.0202,1.5159,0.001614,-0.0169,0.0034
14.555,FLIGHT,0.9041,1.4408,-2.2039,1.4091,-2.0806,1.3588,-0.0079,-0.1995,-0.637,0.1349,1.0085,0.0505,1.4633,0.001507,-0.0249,0.005
14.56,FLIGHT,0.8941,1.4473,-2.054,1.339,-1.91,1.2651,-0.0108,-0.1988,-0.5941,0.1369,1.0094,0.1062,1.423,0.001372,-0.0286,0.0057
14.565,FLIGHT,0.885,1.4534,-1.8849,1.2467,-1.7269,1.1564,-0.0135,-0.1982,-0.5448,0.1348,1.0104,0.1487,1.3937,0.001226,-0.0294,0.0059
14.57,FLIGHT,0.8768,1.4589,-1.7035,1.1397,-1.5375,1.0392,-0.0158,-0.1976,-0.4918,0.1291,1.0113,0.1795,1.3738,0.00108,-0.0285,0.0057
14.575,FLIGHT,0.8696,1.4638,-1.5159,1.0242,-1.3467,0.9186,-0.0179,-0.197,-0.437,0.1206,1.0121,0.2001,1.362,0.000943,-0.0265,0.0053
14.58,FLIGHT,0.8634,1.4681,-1.3271,0.9055,-1.1587,0.7991,-0.0197,-0.1965,-0.3822,0.1101,1.0129,0.2121,1.3569,0.000816,-0.024,0.0048
14.585,FLIGHT,0.858,1.4718,-1.1411,0.7879,-0.9769,0.684,-0.0213,-0.196,-0.3287,0.0982,1.0136,0.2169,1.3573,0.000703,-0.0212,0.0042
14.59,FLIGHT,0.8536,1.4749,-0.9613,0.6745,-0.8037,0.5758,-0.0225,-0.1956,-0.2775,0.0857,1.0143,0.2157,1.3621,0.000605,-0.0183,0.0037
14.595,FLIGHT,0.85,1.4776,-0.79,0.568,-0.6411,0.4762,-0.0236,-0.1953,-0.2293,0.073,1.0149,0.2097,1.3703,0.00052,-0.0155,0.0031
14.6,FLIGHT,0.8471,1.4797,-0.6293,0.4701,-0.4904,0.3866,-0.0244,-0.195,-0.1845,0.0607,1.0155,0.1999,1.3811,0.000449,-0.0129,0.0026
14.605,FLIGHT,0.845,1.4814,-0.4803,0.3819,-0.3525,0.3076,-0.0251,-0.1948,-0.1436,0.049,1.016,0.1873,1.3936,0.000391,-0.0105,0.0021
14.61,FLIGHT,0.8436,1.4828,-0.344,0.3042,-0.2277,0.2394,-0.0255,-0.1947,-0.1068,0.0384,1.0165,0.1726,1.4073,0.000343,-0.0085,0.0017
14.615,FLIGHT,0.8427,1.4839,-0.2207,0.2373,-0.1161,0.1821,-0.0258,-0.1945,-0.0739,0.0288,1.017,0.1565,1.4216,0.000305,-0.0067,0.0013
14.62,FLIGHT,0.8424,1.4846,-0.1105,0.181,-0.0176,0.1352,-0.026,-0.1944,-0.0451,0.0205,1.0174,0.1396,1.4361,0.000276,-0.0051,0.001
14.625,FLIGHT,0.8425,1.4852,-0.0131,0.135,0.0685,0.0983,-0.0261,-0.1944,-0.0202,0.0135,1.0178,0.1224,1.4504,0.000254,-0.0039,0.0008
14.63,FLIGHT,0.8431,1.4856,0.0719,0.0988,0.1426,0.0706,-0.026,-0.1944,0.0011,0.0078,1.0181,0.1054,1.4642,0.000237,-0.0028,0.0006
14.635,FLIGHT,0.8439,1.4859,0.145,0.0717,0.2055,0.0513,-0.0259,-0.1944,0.0188,0.0032,1.0185,0.0888,1.4774,0.000225,-0.0019,0.0004
14.64,FLIGHT,0.8451,1.4862,0.2071,0.0529,0.258,0.0395,-0.0257,-0.1944,0.0333,-0.0002,1.0188,0.0729,1.4897,0.000217,-0.0012,0.0002
14.645,FLIGHT,0.8465,1.4863,0.259,0.0415,0.3011,0.0344,-0.0254,-0.1944,0.0449,-0.0025,1.0191,0.058,1.5011,0.000213,-0.0007,0.0001
14.65,FLIGHT,0.8481,1.4865,0.3015,0.0367,0.3357,0.035,-0.0251,-0.1944,0.0538,-0.004,1.0193,0.044,1.5115,0.00021,-0.0002,0.0
14.655,FLIGHT,0.8499,1.4867,0.3356,0.0375,0.3626,0.0405,-0.0248,-0.1944,0.0603,-0.0047,1.0196,0.0312,1.5208,0.00021,0.0001,0.0
14.66,FLIGHT,0.8517,1.4869,0.3622,0.0431,0.3828,0.05,-0.0245,-0.1945,0.0648,-0.0047,1.0198,0.0197,1.5291,0.000211,0.0003,0.0
14.665,FLIGHT,0.8537,1.4872,0.3821,0.0526,0.3972,0.0627,-0.0241,-0.1945,0.0674,-0.0041,1.02,0.0093,1.5364,0.000213,0.0005,0.0
14.67,FLIGHT,0.8557,1.4876,0.3962,0.0654,0.4065,0.078,-0.0238,-0.1945,0.0685,-0.0031,1.0202,0.0001,1.5428,0.000216,0.0006,0.0
14.675,FLIGHT,0.8577,1.488,0.4054,0.0805,0.4116,0.095,-0.0235,-0.1945,0.0682,-0.0018,1.0203,-0.008,1.5482,0.00022,0.0007,0.0
14.68,FLIGHT,0.8598,1.4885,0.4103,0.0975,0.4131,0.1132,-0.0231,-0.1945,0.067,-0.0001,1.0205,-0.0149,1.5528,0.000223,0.0007,0.0
14.685,FLIGHT,0.8619,1.4891,0.4118,0.1156,0.4118,0.1322,-0.0228,-0.1945,0.0648,0.0017,1.0206,-0.0209,1.5565,0.000227,0.0008,0.0
14.69,FLIGHT,0.8639,1.4898,0.4104,0.1343,0.4081,0.1513,-0.0225,-0.1945,0.0621,0.0036,1.0207,-0.0258,1.5596,0.000231,0.0007,0.0
14.695,FLIGHT,0.8659,1.4906,0.4067,0.1533,0.4026,0.1702,-0.0222,-0.1944,0.0588,0.0056,1.0209,-0.0299,1.5621,0.000234,0.0007,0.0
14.7,FLIGHT,0.8679,1.4915,0.4013,0.1721,0.3958,0.1887,-0.0219,-0.1944,0.0552,0.0076,1.021,-0.0332,1.564,0.000238,0.0007,0.0
14.705,FLIGHT,0.8699,1.4925,0.3945,0.1903,0.388,0.2063,-0.0217,-0.1943,0.0515,0.0095,1.021,-0.0359,1.5654,0.000241,0.0006,0.0
14.71,FLIGHT,0.8718,1.4936,0.3868,0.2077,0.3795,0.2229,-0.0215,-0.1943,0.0476,0.0114,1.0211,-0.0379,1.5664,0.000244,0.0005,0.0
14.715,FLIGHT,0.8737,1.4948,0.3784,0.2241,0.3707,0.2383,-0.0213,-0.1942,0.0438,0.0132,1.0211,-0.0394,1.567,0.000246,0.0005,0.0
14.72,FLIGHT,0.8755,1.496,0.3697,0.2394,0.3618,0.2524,-0.0211,-0.1941,0.04,0.0149,1.0212,-0.0405,1.5674,0.000249,0.0004,0.0
14.725,FLIGHT,0.8773,1.4973,0.3609,0.2533,0.353,0.2652,-0.0209,-0.194,0.0364,0.0165,1.0212,-0.0412,1.5676,0.000251,0.0004,0.0
14.73,FLIGHT,0.879,1.4986,0.3521,0.2659,0.3443,0.2765,-0.0207,-0.194,0.033,0.0179,1.0212,-0.0416,1.5676,0.000252,0.0003,0.0
14.735,FLIGHT,0.8807,1.5,0.3435,0.2771,0.3359,0.2864,-0.0206,-0.1939,0.0298,0.0191,1.0212,-0.0418,1.5675,0.000254,0.0002,0.0
14.74,FLIGHT,0.8824,1.5015,0.3352,0.2868,0.3279,0.2949,-0.0205,-0.1938,0.0269,0.0203,1.0212,-0.0417,1.5673,0.000255,0.0002,0.0
14.745,FLIGHT,0.884,1.503,0.3273,0.2952,0.3204,0.302,-0.0203,-0.1936,0.0242,0.0213,1.0211,-0.0416,1.567,0.000256,0.0002,0.0
14.75,FLIGHT,0.8856,1.5045,0.3198,0.3021,0.3132,0.3078,-0.0202,-0.1935,0.0218,0.0221,1.021,-0.0414,1.5667,0.000256,0.0001,0.0
14.755,FLIGHT,0.8872,1.5061,0.3127,0.3078,0.3066,0.3123,-0.0201,-0.1934,0.0196,0.0228,1.021,-0.0411,1.5664,0.000257,0.0001,0.0
14.76,FLIGHT,0.8887,1.5076,0.3061,0.3122,0.3003,0.3156,-0.0201,-0.1933,0.0177,0.0234,1.0209,-0.0408,1.5661,0.000257,0.0,0.0
14.765,FLIGHT,0.8902,1.5092,0.2999,0.3154,0.2946,0.3178,-0.02,-0.1932,0.0161,0.0238,1.0207,-0.0404,1.5659,0.000257,0.0,0.0
14.77,FLIGHT,0.8916,1.5108,0.2941,0.3175,0.2892,0.319,-0.0199,-0.1931,0.0146,0.0242,1.0206,-0.0401,1.5657,0.000257,-0.0,0.0
14.775,FLIGHT,0.8931,1.5124,0.2888,0.3186,0.2842,0.3192,-0.0198,-0.1929,0.0134,0.0244,1.0204,-0.0399,1.5656,0.000257,-0.0,0.0
14.78,FLIGHT,0.8945,1.514,0.2838,0.3188,0.2795,0.3186,-0.0198,-0.1928,0.0124,0.0246,1.0203,-0.0397,1.5655,0.000257,-0.0,0.0
14.785,FLIGHT,0.8959,1.5156,0.2791,0.3182,0.2751,0.3172,-0.0197,-0.1927,0.0116,0.0246,1.0201,-0.0395,1.5655,0.000257,-0.0001,0.0
14.79,FLIGHT,0.8972,1.5172,0.2748,0.3168,0.271,0.3152,-0.0197,-0.1926,0.0109,0.0246,1.0198,-0.0394,1.5656,0.000256,-0.0001,0.0
14.795,FLIGHT,0.8986,1.5187,0.2706,0.3147,0.267,0.3126,-0.0196,-0.1924,0.0103,0.0245,1.0196,-0.0394,1.5657,0.000256,-0.0001,0.0
14.8,FLIGHT,0.8999,1.5203,0.2667,0.312,0.2633,0.3094,-0.0196,-0.1923,0.0099,0.0244,1.0194,-0.0394,1.5659,0.000255,-0.0001,0.0
14.805,FLIGHT,0.9012,1.5218,0.263,0.3089,0.2597,0.3058,-0.0195,-0.1922,0.0096,0.0241,1.0191,-0.0395,1.5661,0.000255,-0.0001,0.0
14.81,FLIGHT,0.9025,1.5233,0.2593,0.3053,0.2562,0.3019,-0.0195,-0.1921,0.0093,0.0239,1.0188,-0.0397,1.5664,0.000255,-0.0001,0.0
14.815,FLIGHT,0.9038,1.5248,0.2558,0.3013,0.2527,0.2976,-0.0194,-0.192,0.0092,0.0236,1.0185,-0.0399,1.5668,0.000254,-0.0001,0.0
14.82,FLIGHT,0.905,1.5263,0.2524,0.297,0.2493,0.293,-0.0194,-0.1918,0.0091,0.0233,1.0181,-0.0402,1.5672,0.000254,-0.0001,0.0
14.825,FLIGHT,0.9063,1.5278,0.249,0.2925,0.246,0.2883,-0.0193,-0.1917,0.009,0.0229,1.0178,-0.0405,1.5676,0.000253,-0.0001,0.0
14.83,FLIGHT,0.9075,1.5292,0.2456,0.2877,0.2426,0.2834,-0.0193,-0.1916,0.0089,0.0226,1.0174,-0.0409,1.5681,0.000253,-0.0001,0.0
14.835,FLIGHT,0.9087,1.5306,0.2423,0.2828,0.2392,0.2783,-0.0193,-0.1915,0.0089,0.0222,1.017,-0.0413,1.5686,0.000252,-0.0001,0.0
14.84,FLIGHT,0.9099,1.532,0.2389,0.2777,0.2358,0.2732,-0.0192,-0.1914,0.0089,0.0218,1.0166,-0.0417,1.5691,0.000251,-0.0001,0.0
14.845,FLIGHT,0.911,1.5333,0.2355,0.2726,0.2324,0.2679,-0.0192,-0.1913,0.0089,0.0214,1.0162,-0.0421,1.5697,0.000251,-0.0001,0.0
14.85,FLIGHT,0.9122,1.5347,0.232,0.2674,0.2289,0.2627,-0.0191,-0.1912,0.0089,0.021,1.0157,-0.0426,1.5702,0.00025,-0.0001,0.0
14.855,FLIGHT,0.9133,1.536,0.2285,0.2621,0.2254,0.2574,-0.0191,-0.1911,0.009,0.0206,1.0153,-0.0431,1.5708,0.00025,-0.0001,0.0
14.86,FLIGHT,0.9144,1.5372,0.225,0.2569,0.2218,0.2521,-0.019,-0.191,0.009,0.0201,1.0148,-0.0436,1.5714,0.00025,-0.0001,0.0
14.865,FLIGHT,0.9155,1.5385,0.2214,0.2516,0.2182,0.2469,-0.019,-0.1909,0.009,0.0197,1.0143,-0.0441,1.572,0.000249,-0.0001,0.0
14.87,FLIGHT,0.9166,1.5397,0.2178,0.2463,0.2145,0.2416,-0.0189,-0.1908,0.0089,0.0193,1.0137,-0.0446,1.5725,0.000249,-0.0001,0.0
14.875,FLIGHT,0.9177,1.5409,0.2141,0.2411,0.2108,0.2364,-0.0189,-0.1907,0.0089,0.0189,1.0132,-0.0451,1.5731,0.000248,-0.0001,0.0
14.88,FLIGHT,0.9187,1.5421,0.2103,0.2359,0.207,0.2313,-0.0189,-0.1906,0.0089,0.0185,1.0126,-0.0456,1.5737,0.000248,-0.0001,0.0
14.885,FLIGHT,0.9198,1.5432,0.2066,0.2308,0.2032,0.2262,-0.0188,-0.1905,0.0088,0.0181,1.0121,-0.0461,1.5742,0.000247,-0.0001,0.0
14.89,FLIGHT,0.9208,1.5443,0.2028,0.2257,0.1993,0.2211,-0.0188,-0.1904,0.0087,0.0177,1.0115,-0.0465,1.5748,0.000247,-0.0001,0.0
14.895,FLIGHT,0.9218,1.5454,0.1989,0.2206,0.1955,0.2161,-0.0187,-0.1904,0.0087,0.0173,1.0108,-0.047,1.5753,0.000246,-0.0001,0.0
14.9,FLIGHT,0.9227,1.5465,0.195,0.2157,0.1916,0.2112,-0.0187,-0.1903,0.0086,0.0169,1.0102,-0.0475,1.5759,0.000246,-0.0001,0.0
14.905,FLIGHT,0.9237,1.5475,0.1912,0.2107,0.1877,0.2064,-0.0186,-0.1902,0.0085,0.0165,1.0095,-0.0479,1.5764,0.000245,-0.0001,0.0
14.91,FLIGHT,0.9246,1.5486,0.1873,0.2059,0.1838,0.2016,-0.0186,-0.1901,0.0084,0.0161,1.0089,-0.0484,1.5769,0.000245,-0.0001,0.0
14.915,FLIGHT,0.9255,1.5496,0.1833,0.2011,0.1799,0.1968,-0.0186,-0.19,0.0082,0.0158,1.0082,-0.0488,1.5774,0.000244,-0.0001,0.0
14.92,FLIGHT,0.9264,1.5505,0.1794,0.1964,0.176,0.1922,-0.0185,-0.19,0.0081,0.0154,1.0075,-0.0492,1.5778,0.000244,-0.0001,0.0
14.925,FLIGHT,0.9273,1.5515,0.1756,0.1917,0.1721,0.1876,-0.0185,-0.1899,0.008,0.015,1.0067,-0.0496,1.5783,0.000244,-0.0001,0.0
14.93,FLIGHT,0.9281,1.5524,0.1717,0.1871,0.1682,0.183,-0.0184,-0.1898,0.0078,0.0147,1.006,-0.05,1.5788,0.000243,-0.0001,0.0
14.935,FLIGHT,0.9289,1.5533,0.1678,0.1826,0.1644,0.1786,-0.0184,-0.1897,0.0077,0.0143,1.0052,-0.0503,1.5792,0.000243,-0.0001,0.0
14.94,FLIGHT,0.9298,1.5542,0.164,0.1781,0.1606,0.1742,-0.0184,-0.1897,0.0075,0.014,1.0044,-0.0507,1.5796,0.000242,-0.0001,0.0
14.945,FLIGHT,0.9306,1.5551,0.1602,0.1737,0.1568,0.1698,-0.0183,-0.1896,0.0074,0.0136,1.0036,-0.051,1.58,0.000242,-0.0001,0.0
14.95,FLIGHT,0.9313,1.5559,0.1564,0.1694,0.153,0.1656,-0.0183,-0.1895,0.0072,0.0133,1.0028,-0.0513,1.5804,0.000242,-0.0001,0.0
14.955,FLIGHT,0.9321,1.5567,0.1527,0.1652,0.1494,0.1614,-0.0183,-0.1895,0.0071,0.013,1.002,-0.0517,1.5808,0.000241,-0.0001,0.0
14.96,FLIGHT,0.9328,1.5575,0.149,0.161,0.1457,0.1572,-0.0182,-0.1894,0.0069,0.0126,1.0012,-0.052,1.5812,0.000241,-0.0001,0.0
14.965,STANCE,0.9336,1.5583,0.1534,0.1663,0.2094,0.2321,-0.0182,-0.1893,0.0071,0.0131,1.0003,0.2397,-0.1506,0.00017,-0.1148,0.023
14.97,STANCE,0.9359,1.5585,0.3916,0.0483,0.691,-0.2341,-0.0178,-0.1894,0.0678,-0.0024,0.9995,0.1092,-0.7429,-0.001314,-0.4372,0.0888
14.975,STANCE,0.9395,1.5547,0.6169,-0.5684,0.7281,-1.3384,-0.0166,-0.1898,0.1927,-0.0637,0.9984,-0.1709,-1.1346,-0.003158,-0.2887,0.0609
14.98,STANCE,0.9437,1.5475,0.7545,-1.1397,0.5239,-0.9842,-0.0148,-0.1905,0.2967,-0.1167,0.9974,-0.5189,-1.4371,-0.005155,-0.2721,0.0596
14.985,STANCE,0.9452,1.5449,0.4279,-0.6896,0.2298,-0.3634,-0.0142,-0.1908,0.1744,-0.0695,0.9976,-0.6644,-2.0421,-0.005861,-0.0558,0.017
14.99,STANCE,0.947,1.542,0.394,-0.6371,0.4899,-0.8892,-0.0135,-0.1911,0.1613,-0.0635,0.998,-0.8939,-2.3057,-0.005958,0.0105,0.006
14.995,STANCE,0.9486,1.5332,0.3255,-1.5001,0.1437,-2.6104,-0.012,-0.1919,0.2664,-0.1389,0.9978,-1.0721,-1.9516,-0.005498,0.1685,0.0055
15.0,STANCE,0.9512,1.522,0.4786,-1.9874,0.5381,-2.4797,-0.0099,-0.1929,0.3649,-0.1798,0.9978,-1.2618,-1.5263,-0.004865,0.1524,0.0049
15.005,STANCE,0.9545,1.5086,0.6285,-2.4592,0.7404,-2.8684,-0.0074,-0.1941,0.4629,-0.2156,0.9978,-1.343,-0.9258,-0.004875,-0.1283,0.0305
15.01,STANCE,0.9569,1.4922,0.514,-3.0557,0.506,-3.1879,-0.0047,-0.1955,0.529,-0.2565,0.9977,-1.1857,-0.1559,-0.005096,-0.0187,0.0088
15.015,STANCE,0.9596,1.4771,0.507,-3.0381,0.3347,-3.196,-0.002,-0.1968,0.5301,-0.2461,0.9977,-0.9351,0.3897,-0.005195,0.0349,0.0052
15.02,STANCE,0.9609,1.4611,0.3365,-3.154,0.158,-3.2506,0.0005,-0.198,0.5178,-0.2464,0.9977,-0.5279,0.9519,-0.005425,-0.0493,0.0153
15.025,STANCE,0.9612,1.4448,0.1406,-3.2224,-0.0076,-3.2272,0.0029,-0.1993,0.4931,-0.2438,0.9977,-0.1012,1.3874,-0.005476,0.0207,0.0055
15.03,STANCE,0.9614,1.4295,0.0834,-3.0949,0.1079,-2.8925,0.0052,-0.2004,0.467,-0.2272,0.9978,0.155,1.5723,-0.005759,-0.1292,0.0316
15.035,STANCE,0.9621,1.4156,0.1275,-2.8586,0.1798,-2.6424,0.0073,-0.2014,0.4446,-0.2032,0.998,0.1616,1.5313,-0.006287,-0.0839,0.0231
15.04,STANCE,0.9632,1.403,0.1902,-2.6245,0.2473,-2.4246,0.0094,-0.2023,0.4256,-0.1804,0.9983,0.1339,1.4693,-0.006607,-0.0446,0.0155
15.045,STANCE,0.9646,1.3913,0.2506,-2.4161,0.3008,-2.2433,0.0114,-0.2031,0.4094,-0.1602,0.9986,0.1063,1.4151,-0.006739,-0.0089,0.0085
15.05,STANCE,0.9662,1.3805,0.3013,-2.2384,0.3416,-2.0925,0.0134,-0.2038,0.3954,-0.1429,0.999,0.082,1.3711,-0.006702,0.0231,0.0067
15.055,STANCE,0.968,1.3704,0.3408,-2.0887,0.3714,-1.9659,0.0152,-0.2044,0.383,-0.1281,0.9994,0.0617,1.3366,-0.006515,0.0514,0.0065
15.06,STANCE,0.9699,1.3608,0.3701,-1.9623,0.3924,-1.858,0.0171,-0.205,0.3716,-0.1156,0.9999,0.0452,1.3099,-0.006195,0.0759,0.0062
15.065,STANCE,0.9719,1.3518,0.391,-1.8542,0.4063,-1.7644,0.0188,-0.2055,0.3611,-0.1047,1.0003,0.0319,1.2893,-0.005761,0.0969,0.0058
15.07,STANCE,0.9739,1.3431,0.4049,-1.7604,0.4147,-1.6817,0.0206,-0.206,0.351,-0.0952,1.0008,0.0212,1.2733,-0.005232,0.1144,0.0052
15.075,FLIGHT,0.9758,1.3352,0.3699,-1.6297,0.1916,-1.3574,0.0222,-0.2064,0.325,-0.0852,1.0013,-1.3482,2.5448,-0.004606,0.145,0.0046
15.08,FLIGHT,0.9754,1.3301,0.0318,-1.1791,-0.351,-0.6924,0.0229,-0.2067,0.1868,-0.066,1.0019,-1.264,2.4734,-0.003763,0.19,0.0038
15.085,FLIGHT,0.9724,1.3281,-0.4165,-0.6156,-0.819,-0.1114,0.0226,-0.2069,0.0079,-0.0443,1.0027,-1.1041,2.3459,-0.002732,0.2201,0.0027
15.09,FLIGHT,0.9674,1.3288,-0.8404,-0.0805,-1.1909,0.3673,0.0214,-0.207,-0.1617,-0.0226,1.0036,-0.923,2.2039,-0.001586,0.236,0.0016
15.095,FLIGHT,0.9607,1.3316,-1.1906,0.376,-1.4659,0.7443,0.0196,-0.2069,-0.3035,-0.0011,1.0045,-0.7445,2.0652,-0.000391,0.2402,0.0004
15.1,FLIGHT,0.9529,1.3361,-1.4533,0.7418,-1.6485,1.0296,0.0173,-0.2068,-0.4127,0.0201,1.0055,-0.58,1.9383,0.000699,0.1735,0.0
15.105,FLIGHT,0.9443,1.3418,-1.6302,1.0206,-1.7535,1.2334,0.0147,-0.2066,-0.4902,0.0405,1.0066,-0.4332,1.8257,0.001357,0.095,0.0
15.11,FLIGHT,0.9354,1.3483,-1.7326,1.2203,-1.7944,1.3667,0.0119,-0.2063,-0.5396,0.0593,1.0077,-0.3045,1.7276,0.001693,0.0429,0.0
15.115,FLIGHT,0.9265,1.3553,-1.7718,1.3514,-1.7819,1.4414,0.009,-0.2059,-0.5652,0.0757,1.0087,-0.1937,1.6439,0.001817,0.0093,0.0
15.12,FLIGHT,0.9177,1.3626,-1.7585,1.4249,-1.7261,1.4682,0.0061,-0.2055,-0.571,0.0893,1.0098,-0.0999,1.5739,0.001807,-0.0114,0.0023
15.125,FLIGHT,0.9093,1.3699,-1.7026,1.4514,-1.6362,1.457,0.0033,-0.205,-0.561,0.0996,1.0108,-0.022,1.5166,0.001717,-0.0234,0.0047
15.13,FLIGHT,0.9014,1.3771,-1.6131,1.4404,-1.5204,1.4164,0.0006,-0.2045,-0.5386,0.1066,1.0119,0.0413,1.471,0.001583,-0.0295,0.0059
15.135,FLIGHT,0.8941,1.3841,-1.4981,1.4006,-1.386,1.3543,-0.0019,-0.204,-0.507,0.1102,1.0129,0.0914,1.4358,0.001429,-0.0318,0.0064
15.14,FLIGHT,0.8875,1.3907,-1.365,1.3394,-1.2394,1.277,-0.0042,-0.2034,-0.4689,0.1109,1.0138,0.1299,1.4099,0.00127,-0.0316,0.0063
15.145,FLIGHT,0.8817,1.3968,-1.2198,1.2633,-1.086,1.1902,-0.0062,-0.2029,-0.4267,0.109,1.0147,0.1581,1.3919,0.001115,-0.03,0.006
15.15,FLIGHT,0.8767,1.4026,-1.0679,1.1779,-0.9302,1.0985,-0.008,-0.2024,-0.3822,0.105,1.0155,0.1775,1.3807,0.000971,-0.0275,0.0055
15.155,FLIGHT,0.8724,1.4078,-0.9137,1.0876,-0.7757,1.0057,-0.0096,-0.2019,-0.337,0.0993,1.0164,0.1893,1.3753,0.00084,-0.0247,0.0049
15.16,FLIGHT,0.8689,1.4126,-0.7609,0.9962,-0.6255,0.9147,-0.011,-0.2015,-0.2923,0.0924,1.0171,0.1947,1.3746,0.000724,-0.0216,0.0043
15.165,FLIGHT,0.8661,1.417,-0.6124,0.9065,-0.482,0.8278,-0.0122,-0.2011,-0.2491,0.0848,1.0178,0.1949,1.3776,0.000624,-0.0186,0.0037
15.17,FLIGHT,0.8641,1.4209,-0.4704,0.8209,-0.3467,0.7466,-0.0131,-0.2007,-0.208,0.0769,1.0185,0.1909,1.3837,0.000538,-0.0157,0.0031
15.175,FLIGHT,0.8627,1.4244,-0.3367,0.741,-0.221,0.6724,-0.0139,-0.2004,-0.1697,0.069,1.0191,0.1835,1.392,0.000467,-0.013,0.0026
15.18,FLIGHT,0.8618,1.4276,-0.2124,0.6679,-0.1057,0.6058,-0.0145,-0.2001,-0.1344,0.0615,1.0197,0.1736,1.4019,0.000408,-0.0105,0.0021
15.185,FLIGHT,0.8616,1.4305,-0.0984,0.6024,-0.0011,0.5473,-0.015,-0.1999,-0.1024,0.0544,1.0202,0.1618,1.4129,0.000361,-0.0084,0.0017
15.19,FLIGHT,0.8618,1.4331,0.0049,0.5449,0.0926,0.4969,-0.0153,-0.1996,-0.0737,0.048,1.0207,0.1487,1.4245,0.000323,-0.0066,0.0013
15.195,FLIGHT,0.8625,1.4355,0.0975,0.4953,0.1756,0.4545,-0.0155,-0.1994,-0.0484,0.0423,1.0212,0.1348,1.4364,0.000294,-0.0051,0.001
15.2,FLIGHT,0.8636,1.4377,0.1794,0.4536,0.248,0.4197,-0.0156,-0.1993,-0.0263,0.0374,1.0216,0.1206,1.4483,0.000272,-0.0038,0.0008
15.205,FLIGHT,0.865,1.4397,0.2509,0.4194,0.3105,0.392,-0.0156,-0.1991,-0.0074,0.0333,1.022,0.1064,1.46,0.000256,-0.0028,0.0006
15.21,FLIGHT,0.8666,1.4416,0.3126,0.3922,0.3635,0.3709,-0.0155,-0.199,0.0085,0.0299,1.0224,0.0924,1.4711,0.000244,-0.0019,0.0004
15.215,FLIGHT,0.8686,1.4434,0.3649,0.3716,0.4078,0.3558,-0.0153,-0.1988,0.0217,0.0273,1.0228,0.079,1.4817,0.000236,-0.0013,0.0003
15.22,FLIGHT,0.8707,1.4452,0.4086,0.3568,0.444,0.346,-0.0152,-0.1987,0.0324,0.0254,1.0231,0.0662,1.4916,0.000231,-0.0007,0.0001
15.225,FLIGHT,0.873,1.4469,0.4443,0.3472,0.4729,0.3407,-0.0149,-0.1986,0.0407,0.0241,1.0234,0.0543,1.5007,0.000229,-0.0003,0.0001
15.23,FLIGHT,0.8754,1.4486,0.4728,0.3421,0.4953,0.3394,-0.0147,-0.1985,0.047,0.0233,1.0237,0.0432,1.5091,0.000228,-0.0,0.0
15.235,FLIGHT,0.8779,1.4503,0.4948,0.3409,0.5118,0.3414,-0.0144,-0.1984,0.0514,0.023,1.024,0.033,1.5166,0.000229,0.0002,0.0
15.24,FLIGHT,0.8805,1.452,0.511,0.343,0.5232,0.346,-0.0141,-0.1982,0.0543,0.023,1.0242,0.0238,1.5234,0.00023,0.0004,0.0
15.245,FLIGHT,0.8832,1.4538,0.5222,0.3476,0.5302,0.3528,-0.0139,-0.1981,0.0558,0.0234,1.0245,0.0156,1.5294,0.000232,0.0005,0.0
15.25,FLIGHT,0.8858,1.4555,0.5291,0.3543,0.5334,0.3611,-0.0136,-0.198,0.0561,0.024,1.0247,0.0083,1.5346,0.000235,0.0005,0.0
15.255,FLIGHT,0.8885,1.4574,0.5321,0.3626,0.5334,0.3705,-0.0133,-0.1979,0.0555,0.0248,1.0249,0.0018,1.5392,0.000238,0.0006,0.0
15.26,FLIGHT,0.8912,1.4592,0.5321,0.3719,0.5307,0.3805,-0.013,-0.1977,0.0541,0.0257,1.0251,-0.0037,1.5432,0.000241,0.0006,0.0
15.265,FLIGHT,0.8938,1.4612,0.5293,0.3818,0.5259,0.3908,-0.0128,-0.1976,0.0521,0.0267,1.0253,-0.0085,1.5465,0.000243,0.0006,0.0
15.27,FLIGHT,0.8964,1.4632,0.5245,0.392,0.5193,0.4011,-0.0125,-0.1975,0.0497,0.0277,1.0254,-0.0126,1.5493,0.000246,0.0005,0.0
15.275,FLIGHT,0.899,1.4652,0.5179,0.4021,0.5114,0.4111,-0.0123,-0.1973,0.0469,0.0288,1.0256,-0.0161,1.5517,0.000249,0.0005,0.0
15.28,FLIGHT,0.9015,1.4673,0.51,0.4119,0.5025,0.4205,-0.0121,-0.1972,0.0439,0.0298,1.0257,-0.0189,1.5537,0.000251,0.0004,0.0
15.285,FLIGHT,0.904,1.4694,0.5012,0.4212,0.4929,0.4292,-0.0119,-0.197,0.0408,0.0308,1.0258,-0.0213,1.5553,0.000253,0.0004,0.0
15.29,FLIGHT,0.9065,1.4716,0.4916,0.4298,0.4828,0.4371,-0.0117,-0.1969,0.0376,0.0318,1.0259,-0.0231,1.5566,0.000255,0.0003,0.0
15.295,FLIGHT,0.9088,1.4738,0.4816,0.4375,0.4724,0.4439,-0.0115,-0.1967,0.0345,0.0326,1.026,-0.0246,1.5576,0.000257,0.0003,0.0
15.3,FLIGHT,0.9112,1.476,0.4713,0.4442,0.462,0.4498,-0.0114,-0.1965,0.0315,0.0334,1.026,-0.0258,1.5585,0.000258,0.0002,0.0
15.305,FLIGHT,0.9135,1.4783,0.4609,0.4499,0.4516,0.4545,-0.0113,-0.1964,0.0285,0.0341,1.0261,-0.0267,1.5591,0.000259,0.0002,0.0
15.31,FLIGHT,0.9157,1.4805,0.4505,0.4545,0.4413,0.4582,-0.0111,-0.1962,0.0258,0.0346,1.0261,-0.0274,1.5597,0.00026,0.0001,0.0
15.315,FLIGHT,0.9179,1.4828,0.4403,0.458,0.4313,0.4607,-0.011,-0.196,0.0232,0.0351,1.0261,-0.0279,1.5601,0.00026,0.0001,0.0
15.32,FLIGHT,0.92,1.4851,0.4304,0.4605,0.4215,0.4622,-0.0109,-0.1958,0.0209,0.0355,1.0261,-0.0283,1.5605,0.000261,0.0,0.0
15.325,FLIGHT,0.9221,1.4875,0.4207,0.4618,0.4121,0.4626,-0.0108,-0.1956,0.0187,0.0358,1.0261,-0.0286,1.5608,0.000261,0.0,0.0
15.33,FLIGHT,0.9241,1.4898,0.4113,0.4622,0.403,0.462,-0.0108,-0.1955,0.0168,0.036,1.026,-0.0288,1.5611,0.000261,-0.0,0.0
15.335,FLIGHT,0.9261,1.4921,0.4022,0.4615,0.3943,0.4605,-0.0107,-0.1953,0.015,0.036,1.0259,-0.0289,1.5614,0.00026,-0.0,0.0
15.34,FLIGHT,0.9281,1.4944,0.3935,0.46,0.3859,0.4581,-0.0106,-0.1951,0.0135,0.036,1.0259,-0.029,1.5617,0.00026,-0.0001,0.0
15.345,FLIGHT,0.93,1.4967,0.3852,0.4575,0.3779,0.4549,-0.0106,-0.1949,0.0122,0.036,1.0258,-0.0292,1.562,0.00026,-0.0001,0.0
15.35,FLIGHT,0.9319,1.4989,0.3772,0.4543,0.3701,0.451,-0.0105,-0.1948,0.011,0.0358,1.0256,-0.0293,1.5624,0.000259,-0.0001,0.0
15.355,FLIGHT,0.9337,1.5012,0.3695,0.4503,0.3627,0.4464,-0.0105,-0.1946,0.01,0.0356,1.0255,-0.0294,1.5627,0.000259,-0.0001,0.0
15.36,FLIGHT,0.9355,1.5034,0.362,0.4456,0.3555,0.4412,-0.0104,-0.1944,0.0091,0.0353,1.0253,-0.0296,1.5631,0.000258,-0.0001,0.0
15.365,FLIGHT,0.9372,1.5056,0.3549,0.4404,0.3486,0.4355,-0.0104,-0.1942,0.0084,0.035,1.0251,-0.0298,1.5636,0.000257,-0.0002,0.0
15.37,FLIGHT,0.939,1.5077,0.348,0.4347,0.3419,0.4293,-0.0103,-0.1941,0.0078,0.0346,1.0249,-0.0301,1.564,0.000256,-0.0002,0.0
15.375,FLIGHT,0.9407,1.5099,0.3413,0.4284,0.3354,0.4227,-0.0103,-0.1939,0.0073,0.0341,1.0247,-0.0304,1.5645,0.000256,-0.0002,0.0
15.38,FLIGHT,0.9423,1.512,0.3348,0.4218,0.3291,0.4158,-0.0103,-0.1937,0.0069,0.0337,1.0245,-0.0307,1.5651,0.000255,-0.0002,0.0
15.385,FLIGHT,0.944,1.514,0.3285,0.4149,0.3228,0.4085,-0.0102,-0.1935,0.0066,0.0331,1.0242,-0.0311,1.5657,0.000254,-0.0002,0.0
15.39,FLIGHT,0.9456,1.516,0.3223,0.4077,0.3168,0.4011,-0.0102,-0.1934,0.0064,0.0326,1.0239,-0.0315,1.5663,0.000253,-0.0002,0.0
15.395,FLIGHT,0.9471,1.518,0.3162,0.4002,0.3108,0.3935,-0.0102,-0.1932,0.0062,0.032,1.0236,-0.0319,1.5669,0.000252,-0.0002,0.0
15.4,FLIGHT,0.9487,1.52,0.3102,0.3926,0.3048,0.3857,-0.0101,-0.1931,0.006,0.0315,1.0233,-0.0324,1.5676,0.000251,-0.0002,0.0
15.405,FLIGHT,0.9502,1.5219,0.3042,0.3848,0.299,0.3778,-0.0101,-0.1929,0.0059,0.0309,1.0229,-0.0329,1.5682,0.00025,-0.0002,0.0
15.41,FLIGHT,0.9517,1.5238,0.2984,0.377,0.2932,0.3699,-0.0101,-0.1928,0.0059,0.0303,1.0226,-0.0334,1.5689,0.00025,-0.0002,0.0
15.415,FLIGHT,0.9531,1.5256,0.2926,0.369,0.2874,0.3619,-0.01,-0.1926,0.0058,0.0296,1.0222,-0.0339,1.5696,0.000249,-0.0002,0.0
15.42,FLIGHT,0.9545,1.5274,0.2868,0.3611,0.2817,0.3539,-0.01,-0.1925,0.0057,0.029,1.0218,-0.0345,1.5703,0.000248,-0.0002,0.0
15.425,FLIGHT,0.9559,1.5291,0.2811,0.3531,0.2759,0.3459,-0.01,-0.1923,0.0057,0.0284,1.0213,-0.035,1.5711,0.000247,-0.0002,0.0
15.43,FLIGHT,0.9573,1.5308,0.2754,0.3451,0.2702,0.338,-0.01,-0.1922,0.0057,0.0278,1.0209,-0.0356,1.5718,0.000246,-0.0002,0.0
15.435,FLIGHT,0.9586,1.5325,0.2697,0.3372,0.2646,0.3301,-0.0099,-0.1921,0.0056,0.0272,1.0204,-0.0362,1.5725,0.000245,-0.0002,0.0
15.44,FLIGHT,0.9599,1.5341,0.264,0.3293,0.2589,0.3222,-0.0099,-0.1919,0.0056,0.0265,1.0199,-0.0368,1.5732,0.000244,-0.0002,0.0
15.445,FLIGHT,0.9612,1.5357,0.2583,0.3215,0.2532,0.3145,-0.0099,-0.1918,0.0056,0.0259,1.0194,-0.0374,1.5739,0.000244,-0.0002,0.0
15.45,FLIGHT,0.9625,1.5373,0.2527,0.3137,0.2476,0.3068,-0.0099,-0.1917,0.0055,0.0253,1.0189,-0.0379,1.5746,0.000243,-0.0002,0.0
15.455,FLIGHT,0.9637,1.5388,0.247,0.3061,0.242,0.2992,-0.0098,-0.1916,0.0055,0.0247,1.0183,-0.0385,1.5753,0.000242,-0.0002,0.0
15.46,FLIGHT,0.9649,1.5403,0.2414,0.2985,0.2364,0.2918,-0.0098,-0.1914,0.0054,0.0241,1.0178,-0.039,1.576,0.000241,-0.0002,0.0
15.465,FLIGHT,0.9661,1.5417,0.2358,0.291,0.2308,0.2844,-0.0098,-0.1913,0.0053,0.0235,1.0172,-0.0396,1.5766,0.00024,-0.0002,0.0
15.47,FLIGHT,0.9672,1.5431,0.2303,0.2837,0.2253,0.2771,-0.0097,-0.1912,0.0052,0.0229,1.0166,-0.0401,1.5773,0.00024,-0.0002,0.0
15.475,FLIGHT,0.9683,1.5445,0.2247,0.2764,0.2198,0.27,-0.0097,-0.1911,0.0052,0.0224,1.0159,-0.0406,1.5779,0.000239,-0.0001,0.0
15.48,FLIGHT,0.9694,1.5458,0.2192,0.2693,0.2143,0.263,-0.0097,-0.191,0.0051,0.0218,1.0153,-0.0411,1.5785,0.000238,-0.0001,0.0
15.485,FLIGHT,0.9704,1.5471,0.2138,0.2623,0.2089,0.2561,-0.0097,-0.1909,0.005,0.0212,1.0146,-0.0416,1.5791,0.000237,-0.0001,0.0
15.49,FLIGHT,0.9715,1.5484,0.2084,0.2554,0.2036,0.2493,-0.0096,-0.1908,0.0049,0.0207,1.0139,-0.0421,1.5797,0.000237,-0.0001,0.0
15.495,FLIGHT,0.9725,1.5496,0.203,0.2486,0.1982,0.2426,-0.0096,-0.1907,0.0047,0.0202,1.0132,-0.0426,1.5803,0.000236,-0.0001,0.0
15.5,FLIGHT,0.9735,1.5508,0.1977,0.242,0.193,0.2361,-0.0096,-0.1906,0.0046,0.0196,1.0125,-0.043,1.5808,0.000235,-0.0001,0.0
15.505,FLIGHT,0.9744,1.552,0.1925,0.2354,0.1878,0.2296,-0.0096,-0.1905,0.0045,0.0191,1.0118,-0.0435,1.5814,0.000235,-0.0001,0.0
15.51,FLIGHT,0.9753,1.5531,0.1873,0.229,0.1827,0.2233,-0.0096,-0.1904,0.0044,0.0186,1.011,-0.0439,1.5819,0.000234,-0.0001,0.0
15.515,FLIGHT,0.9762,1.5542,0.1822,0.2227,0.1777,0.2171,-0.0095,-0.1903,0.0043,0.0181,1.0102,-0.0443,1.5824,0.000233,-0.0001,0.0
15.52,FLIGHT,0.9771,1.5553,0.1772,0.2165,0.1727,0.2111,-0.0095,-0.1902,0.0041,0.0176,1.0094,-0.0447,1.5829,0.000233,-0.0001,0.0
15.525,FLIGHT,0.978,1.5563,0.1722,0.2105,0.1678,0.2051,-0.0095,-0.1901,0.004,0.0171,1.0086,-0.045,1.5833,0.000232,-0.0001,0.0
15.53,FLIGHT,0.9788,1.5573,0.1673,0.2045,0.163,0.1993,-0.0095,-0.1901,0.0039,0.0166,1.0078,-0.0454,1.5838,0.000231,-0.0001,0.0
15.535,FLIGHT,0.9796,1.5583,0.1625,0.1987,0.1583,0.1935,-0.0095,-0.19,0.0038,0.0162,1.0069,-0.0457,1.5842,0.000231,-0.0001,0.0
15.54,FLIGHT,0.9804,1.5593,0.1578,0.193,0.1536,0.1879,-0.0094,-0.1899,0.0036,0.0157,1.0061,-0.0461,1.5847,0.00023,-0.0001,0.0
15.545,FLIGHT,0.9811,1.5602,0.1532,0.1874,0.1491,0.1824,-0.0094,-0.1898,0.0035,0.0153,1.0052,-0.0464,1.5851,0.000229,-0.0001,0.0
15.55,FLIGHT,0.9819,1.5611,0.1486,0.1819,0.1446,0.177,-0.0094,-0.1898,0.0034,0.0148,1.0043,-0.0467,1.5855,0.000229,-0.0001,0.0
15.555,FLIGHT,0.9826,1.562,0.1442,0.1765,0.1402,0.1718,-0.0094,-0.1897,0.0033,0.0144,1.0033,-0.047,1.5859,0.000228,-0.0001,0.0
15.56,FLIGHT,0.9833,1.5628,0.1398,0.1713,0.1359,0.1666,-0.0094,-0.1896,0.0031,0.014,1.0024,-0.0473,1.5862,0.000228,-0.0001,0.0
15.565,FLIGHT,0.9839,1.5636,0.1355,0.1661,0.1317,0.1616,-0.0094,-0.1895,0.003,0.0136,1.0015,-0.0476,1.5866,0.000227,-0.0001,0.0
15.57,FLIGHT,0.9846,1.5644,0.1314,0.1611,0.1276,0.1566,-0.0093,-0.1895,0.0029,0.0132,1.0005,-0.0478,1.587,0.000227,-0.0001,0.0
15.575,STANCE,0.9854,1.5654,0.1611,0.1959,0.3034,0.3628,-0.0093,-0.1894,0.0038,0.016,0.9996,0.096,-0.1726,6.6e-05,-0.1603,0.0321
15.58,STANCE,0.9883,1.5665,0.467,0.1819,0.7797,-0.0417,-0.0089,-0.1893,0.0636,0.012,0.9989,-0.1335,-0.7573,-0.0016,-0.443,0.0902
15.585,STANCE,0.9919,1.5638,0.6266,-0.3465,0.4964,-0.622,-0.0079,-0.1896,0.1663,-0.0355,0.998,-0.4675,-1.1268,-0.00334,-0.2074,0.0448
15.59,STANCE,0.9932,1.5625,0.3697,-0.2503,0.1828,-0.0717,-0.0074,-0.1897,0.1045,-0.0247,0.9979,-0.6901,-1.6857,-0.003776,-0.0084,0.0055
15.595,STANCE,0.9945,1.5616,0.3058,-0.2269,0.371,-0.3843,-0.0071,-0.1898,0.0893,-0.022,0.9982,-0.9849,-2.0923,-0.003644,0.0499,0.0036
15.6,STANCE,0.9967,1.5578,0.3993,-0.6558,0.341,-1.4473,-0.0061,-0.1902,0.1664,-0.0593,0.9983,-1.3119,-2.1239,-0.003266,0.1342,0.0033
15.605,STANCE,0.9991,1.5497,0.4787,-1.292,0.7331,-1.5842,-0.0046,-0.1909,0.2709,-0.1124,0.9983,-1.5676,-1.8491,-0.002707,0.0447,0.0027
15.61,STANCE,1.0035,1.5408,0.766,-1.6437,0.9867,-1.9759,-0.0025,-0.1916,0.377,-0.139,0.9985,-1.8072,-1.4909,-0.00264,-0.0026,0.0032
15.615,STANCE,1.008,1.5294,0.8557,-2.0946,0.9445,-2.379,0.0,-0.1926,0.4609,-0.1701,0.9986,-1.8339,-0.9292,-0.002525,0.0146,0.0025
15.62,STANCE,1.0125,1.5169,0.8741,-2.3711,0.866,-2.5292,0.0026,-0.1936,0.5076,-0.1845,0.9988,-1.6785,-0.3414,-0.002404,0.0245,0.0024
15.625,STANCE,1.0163,1.5039,0.786,-2.5265,0.7273,-2.5531,0.0052,-0.1946,0.5168,-0.1889,0.999,-1.3372,0.224,-0.002193,0.0377,0.0022
15.63,STANCE,1.0193,1.491,0.659,-2.5591,0.5328,-2.5559,0.0077,-0.1955,0.5005,-0.1845,0.9992,-0.8888,0.6991,-0.001917,0.0642,0.0019
15.635,STANCE,1.0217,1.4785,0.5282,-2.5223,0.4266,-2.4635,0.01,-0.1964,0.4728,-0.1761,0.9995,-0.4406,1.0458,-0.00157,0.0743,0.0016
15.64,STANCE,1.0237,1.4664,0.4355,-2.4447,0.3736,-2.3672,0.0121,-0.1972,0.446,-0.1654,0.9998,-0.1445,1.2218,-0.001179,0.0813,0.0012
15.645,FLIGHT,1.0254,1.4548,0.364,-2.3547,0.2418,-2.1329,0.0142,-0.198,0.4211,-0.1546,1.0002,-1.4956,2.7294,-0.000731,0.0918,0.0007
15.65,FLIGHT,1.025,1.446,0.0363,-1.9051,-0.3719,-1.3828,0.0154,-0.1986,0.2907,-0.1264,1.0007,-1.4455,2.6792,-0.000143,0.1414,0.0001
15.655,FLIGHT,1.0218,1.4408,-0.459,-1.2813,-0.9151,-0.7103,0.0156,-0.199,0.0995,-0.0921,1.0014,-1.2999,2.5548,0.000491,0.0999,0.0
15.66,FLIGHT,1.016,1.4387,-0.9493,-0.6663,-1.3632,-0.1446,0.0147,-0.1992,-0.0901,-0.0585,1.0022,-1.1211,2.4059,0.000875,0.056,0.0
15.665,FLIGHT,1.0083,1.4392,-1.3715,-0.1285,-1.7113,0.3106,0.0131,-0.1993,-0.2543,-0.0267,1.0031,-0.937,2.2547,0.001074,0.0259,0.0
15.67,FLIGHT,0.9991,1.4417,-1.7055,0.3119,-1.9641,0.6617,0.0109,-0.1993,-0.3858,0.0032,1.0042,-0.7607,2.1109,0.001151,0.0062,0.0
15.675,FLIGHT,0.9888,1.4457,-1.9501,0.6543,-2.1305,0.919,0.0083,-0.1991,-0.4839,0.0309,1.0053,-0.5983,1.9794,0.001148,-0.0062,0.0012
15.68,FLIGHT,0.9779,1.4507,-2.1115,0.9063,-2.2215,1.0945,0.0054,-0.1988,-0.5512,0.0559,1.0064,-0.4524,1.862,0.001097,-0.0135,0.0027
15.685,FLIGHT,0.9667,1.4565,-2.1993,1.0785,-2.2481,1.2003,0.0023,-0.1984,-0.5914,0.0776,1.0076,-0.324,1.7596,0.001019,-0.0175,0.0035
15.69,FLIGHT,0.9555,1.4626,-2.2241,1.1823,-2.2212,1.2481,-0.0008,-0.1979,-0.6087,0.0953,1.0087,-0.2131,1.6718,0.000926,-0.0191,0.0038
15.695,FLIGHT,0.9446,1.4689,-2.1963,1.2291,-2.1509,1.2487,-0.0038,-0.1974,-0.607,0.1087,1.0099,-0.1188,1.5983,0.00083,-0.0193,0.0039
15.7,FLIGHT,0.9341,1.4751,-2.1259,1.2296,-2.0466,1.2122,-0.0068,-0.1968,-0.5902,0.1176,1.0111,-0.0403,1.538,0.000735,-0.0184,0.0037
15.705,FLIGHT,0.9242,1.481,-2.0221,1.1935,-1.9165,1.1475,-0.0095,-0.1962,-0.562,0.1221,1.0122,0.0238,1.49,0.000646,-0.017,0.0034
15.71,FLIGHT,0.9149,1.4865,-1.8929,1.1296,-1.7681,1.0623,-0.0121,-0.1957,-0.5252,0.1225,1.0133,0.0747,1.4529,0.000565,-0.0153,0.0031
15.715,FLIGHT,0.9065,1.4916,-1.7457,1.0457,-1.6078,0.9635,-0.0144,-0.1951,-0.4827,0.1193,1.0144,0.1138,1.4256,0.000493,-0.0135,0.0027
15.72,FLIGHT,0.8989,1.4961,-1.5868,0.9483,-1.4409,0.8569,-0.0165,-0.1946,-0.4365,0.1132,1.0154,0.1426,1.4067,0.000431,-0.0116,0.0023
15.725,FLIGHT,0.8921,1.5001,-1.4216,0.8432,-1.2721,0.7471,-0.0184,-0.1941,-0.3887,0.1047,1.0164,0.1623,1.3952,0.000377,-0.0099,0.002
15.73,FLIGHT,0.8861,1.5036,-1.2545,0.7351,-1.1052,0.6381,-0.02,-0.1936,-0.3406,0.0945,1.0173,0.1742,1.3898,0.000331,-0.0083,0.0017
15.735,FLIGHT,0.881,1.5065,-1.0893,0.6277,-0.9432,0.5329,-0.0214,-0.1932,-0.2935,0.0832,1.0182,0.1796,1.3894,0.000293,-0.0069,0.0014
15.74,FLIGHT,0.8767,1.5089,-0.929,0.5242,-0.7884,0.4338,-0.0225,-0.1929,-0.2482,0.0714,1.019,0.1796,1.393,0.000262,-0.0057,0.0011
15.745,FLIGHT,0.8731,1.5109,-0.776,0.4267,-0.6427,0.3426,-0.0235,-0.1926,-0.2054,0.0596,1.0198,0.1751,1.3999,0.000236,-0.0046,0.0009
15.75,FLIGHT,0.8703,1.5124,-0.6319,0.3369,-0.5073,0.2603,-0.0242,-0.1924,-0.1656,0.0482,1.0206,0.167,1.4091,0.000216,-0.0036,0.0007
15.755,FLIGHT,0.868,1.5135,-0.4981,0.256,-0.3831,0.1877,-0.0248,-0.1923,-0.1291,0.0375,1.0213,0.1563,1.4201,0.0002,-0.0027,0.0005
15.76,FLIGHT,0.8664,1.5143,-0.3753,0.1846,-0.2704,0.125,-0.0252,-0.1922,-0.0961,0.0276,1.0219,0.1436,1.4321,0.000188,-0.002,0.0004
15.765,FLIGHT,0.8653,1.5148,-0.264,0.123,-0.1694,0.0722,-0.0255,-0.1921,-0.0667,0.0189,1.0226,0.1296,1.4448,0.00018,-0.0014,0.0003
15.77,FLIGHT,0.8647,1.515,-0.1642,0.0711,-0.08,0.029,-0.0256,-0.192,-0.0408,0.0112,1.0232,0.1148,1.4577,0.000174,-0.0009,0.0002
15.775,FLIGHT,0.8645,1.5151,-0.0759,0.0288,-0.0018,-0.005,-0.0257,-0.192,-0.0183,0.0048,1.0237,0.0996,1.4706,0.000171,-0.0004,0.0001
15.78,FLIGHT,0.8647,1.515,0.0014,-0.0045,0.0658,-0.0304,-0.0257,-0.192,0.0008,-0.0005,1.0243,0.0844,1.483,0.00017,-0.0,0.0
15.785,FLIGHT,0.8651,1.5148,0.0681,-0.0293,0.1233,-0.0481,-0.0255,-0.1921,0.0169,-0.0046,1.0248,0.0696,1.4949,0.00017,0.0003,0.0
15.79,FLIGHT,0.8659,1.5145,0.1248,-0.0465,0.1714,-0.0587,-0.0254,-0.1921,0.03,-0.0077,1.0252,0.0554,1.506,0.000172,0.0005,0.0
15.795,FLIGHT,0.8668,1.5142,0.1724,-0.0567,0.2111,-0.063,-0.0251,-0.1922,0.0405,-0.0099,1.0257,0.0419,1.5163,0.000175,0.0007,0.0
15.8,FLIGHT,0.868,1.5139,0.2115,-0.0608,0.243,-0.062,-0.0249,-0.1922,0.0486,-0.0112,1.0261,0.0294,1.5257,0.000179,0.0008,0.0
15.805,FLIGHT,0.8693,1.5136,0.243,-0.0596,0.268,-0.0564,-0.0246,-0.1923,0.0545,-0.0118,1.0265,0.0179,1.5342,0.000183,0.0009,0.0
15.81,FLIGHT,0.8706,1.5133,0.2677,-0.0539,0.287,-0.0469,-0.0243,-0.1923,0.0585,-0.0118,1.0269,0.0074,1.5417,0.000188,0.001,0.0
15.815,FLIGHT,0.8721,1.5131,0.2863,-0.0444,0.3006,-0.0344,-0.024,-0.1924,0.0609,-0.0112,1.0273,-0.0019,1.5483,0.000193,0.001,0.0
15.82,FLIGHT,0.8736,1.513,0.2998,-0.0319,0.3097,-0.0195,-0.0237,-0.1925,0.0619,-0.0102,1.0277,-0.0102,1.554,0.000198,0.001,0.0
15.825,FLIGHT,0.8752,1.5129,0.3087,-0.017,0.3149,-0.0028,-0.0234,-0.1925,0.0616,-0.0089,1.028,-0.0175,1.5588,0.000203,0.001,0.0
15.83,FLIGHT,0.8768,1.513,0.3138,-0.0004,0.3169,0.015,-0.0231,-0.1925,0.0605,-0.0073,1.0283,-0.0237,1.5629,0.000208,0.0009,0.0
15.835,FLIGHT,0.8784,1.5131,0.3157,0.0173,0.3162,0.0336,-0.0228,-0.1926,0.0585,-0.0055,1.0287,-0.029,1.5662,0.000212,0.0009,0.0
15.84,FLIGHT,0.8799,1.5133,0.3151,0.0357,0.3135,0.0524,-0.0225,-0.1926,0.056,-0.0036,1.0289,-0.0334,1.5689,0.000217,0.0008,0.0
15.845,FLIGHT,0.8815,1.5136,0.3124,0.0544,0.3092,0.071,-0.0222,-0.1926,0.053,-0.0017,1.0292,-0.0371,1.5709,0.000221,0.0008,0.0
15.85,FLIGHT,0.883,1.514,0.3081,0.0729,0.3037,0.0893,-0.022,-0.1926,0.0497,0.0002,1.0295,-0.04,1.5725,0.000224,0.0007,0.0
15.855,FLIGHT,0.8845,1.5145,0.3026,0.0909,0.2973,0.1068,-0.0218,-0.1926,0.0463,0.0021,1.0297,-0.0422,1.5736,0.000228,0.0006,0.0
15.86,FLIGHT,0.886,1.5151,0.2963,0.1083,0.2903,0.1234,-0.0216,-0.1925,0.0428,0.004,1.0299,-0.0439,1.5744,0.000231,0.0006,0.0
15.865,FLIGHT,0.8874,1.5157,0.2894,0.1247,0.2831,0.139,-0.0214,-0.1925,0.0393,0.0058,1.0302,-0.0452,1.5748,0.000234,0.0005,0.0
15.87,FLIGHT,0.8888,1.5165,0.2823,0.1401,0.2758,0.1534,-0.0212,-0.1925,0.0358,0.0074,1.0303,-0.046,1.5749,0.000236,0.0004,0.0
15.875,FLIGHT,0.8902,1.5173,0.275,0.1543,0.2685,0.1665,-0.021,-0.1924,0.0325,0.009,1.0305,-0.0465,1.5749,0.000238,0.0004,0.0
15.88,FLIGHT,0.8915,1.5181,0.2679,0.1673,0.2615,0.1783,-0.0209,-0.1924,0.0294,0.0104,1.0307,-0.0467,1.5747,0.00024,0.0003,0.0
15.885,FLIGHT,0.8928,1.519,0.2609,0.1789,0.2548,0.1887,-0.0208,-0.1923,0.0265,0.0117,1.0308,-0.0467,1.5744,0.000241,0.0003,0.0
15.89,FLIGHT,0.8941,1.52,0.2543,0.1892,0.2485,0.1979,-0.0207,-0.1922,0.0239,0.0128,1.0309,-0.0465,1.574,0.000242,0.0002,0.0
15.895,FLIGHT,0.8953,1.521,0.248,0.1983,0.2425,0.2058,-0.0206,-0.1922,0.0215,0.0138,1.031,-0.0462,1.5735,0.000243,0.0002,0.0
15.9,FLIGHT,0.8965,1.5221,0.2421,0.206,0.237,0.2124,-0.0205,-0.1921,0.0193,0.0147,1.0311,-0.0458,1.5731,0.000244,0.0001,0.0
15.905,FLIGHT,0.8977,1.5231,0.2367,0.2126,0.232,0.2179,-0.0204,-0.192,0.0173,0.0155,1.0312,-0.0454,1.5726,0.000245,0.0001,0.0
15.91,FLIGHT,0.8988,1.5242,0.2316,0.218,0.2274,0.2223,-0.0203,-0.1919,0.0157,0.0161,1.0312,-0.045,1.5722,0.000245,0.0001,0.0
15.915,FLIGHT,0.8999,1.5254,0.2271,0.2222,0.2231,0.2256,-0.0202,-0.1918,0.0142,0.0166,1.0312,-0.0446,1.5718,0.000246,0.0,0.0
15.92,FLIGHT,0.901,1.5265,0.2229,0.2255,0.2193,0.228,-0.0202,-0.1918,0.0129,0.017,1.0312,-0.0441,1.5714,0.000246,0.0,0.0
15.925,FLIGHT,0.9021,1.5276,0.2191,0.2278,0.2158,0.2295,-0.0201,-0.1917,0.0119,0.0173,1.0312,-0.0438,1.5711,0.000246,0.0,0.0
15.93,FLIGHT,0.9032,1.5288,0.2156,0.2293,0.2127,0.2302,-0.0201,-0.1916,0.011,0.0176,1.0312,-0.0434,1.5709,0.000246,-0.0,0.0
15.935,FLIGHT,0.9043,1.5299,0.2125,0.2299,0.2098,0.2302,-0.02,-0.1915,0.0103,0.0177,1.0311,-0.0432,1.5708,0.000246,-0.0,0.0
15.94,FLIGHT,0.9053,1.5311,0.2096,0.2299,0.2071,0.2296,-0.02,-0.1914,0.0097,0.0178,1.031,-0.043,1.5707,0.000245,-0.0,0.0
15.945,FLIGHT,0.9063,1.5322,0.2069,0.2293,0.2046,0.2284,-0.0199,-0.1913,0.0093,0.0178,1.0309,-0.0428,1.5706,0.000245,-0.0,0.0
15.95,FLIGHT,0.9073,1.5334,0.2045,0.2281,0.2023,0.2268,-0.0199,-0.1912,0.009,0.0177,1.0308,-0.0428,1.5707,0.000245,-0.0001,0.0
15.955,FLIGHT,0.9084,1.5345,0.2022,0.2264,0.2001,0.2247,-0.0198,-0.1911,0.0087,0.0176,1.0307,-0.0428,1.5708,0.000245,-0.0001,0.0
15.96,FLIGHT,0.9094,1.5356,0.2,0.2243,0.198,0.2223,-0.0198,-0.191,0.0086,0.0175,1.0305,-0.0428,1.5709,0.000244,-0.0001,0.0
15.965,FLIGHT,0.9103,1.5367,0.1979,0.2219,0.196,0.2196,-0.0198,-0.191,0.0085,0.0173,1.0303,-0.0429,1.5711,0.000244,-0.0001,0.0
15.97,FLIGHT,0.9113,1.5378,0.1958,0.2192,0.194,0.2167,-0.0197,-0.1909,0.0084,0.0171,1.0301,-0.0431,1.5714,0.000244,-0.0001,0.0
15.975,FLIGHT,0.9123,1.5389,0.1938,0.2162,0.192,0.2135,-0.0197,-0.1908,0.0084,0.0169,1.0299,-0.0433,1.5717,0.000243,-0.0001,0.0
15.98,FLIGHT,0.9132,1.5399,0.1918,0.2131,0.19,0.2102,-0.0196,-0.1907,0.0084,0.0166,1.0296,-0.0435,1.572,0.000243,-0.0001,0.0
15.985,FLIGHT,0.9142,1.541,0.1897,0.2097,0.1879,0.2067,-0.0196,-0.1906,0.0085,0.0163,1.0294,-0.0438,1.5724,0.000243,-0.0001,0.0
15.99,FLIGHT,0.9151,1.542,0.1877,0.2063,0.1858,0.2032,-0.0195,-0.1906,0.0085,0.0161,1.0291,-0.0441,1.5728,0.000243,-0.0001,0.0
15.995,FLIGHT,0.916,1.543,0.1856,0.2028,0.1837,0.1995,-0.0195,-0.1905,0.0086,0.0158,1.0288,-0.0445,1.5732,0.000242,-0.0001,0.0
16.0,FLIGHT,0.9169,1.544,0.1834,0.1991,0.1815,0.1959,-0.0195,-0.1904,0.0086,0.0155,1.0284,-0.0448,1.5736,0.000242,-0.0001,0.0
16.005,FLIGHT,0.9178,1.545,0.1812,0.1955,0.1792,0.1922,-0.0194,-0.1903,0.0087,0.0152,1.0281,-0.0452,1.574,0.000242,-0.0001,0.0
16.01,FLIGHT,0.9187,1.5459,0.179,0.1918,0.1769,0.1885,-0.0194,-0.1902,0.0087,0.0149,1.0277,-0.0456,1.5745,0.000241,-0.0001,0.0
16.015,FLIGHT,0.9196,1.5469,0.1766,0.1881,0.1745,0.1848,-0.0193,-0.1902,0.0088,0.0146,1.0273,-0.046,1.5749,0.000241,-0.0001,0.0
16.02,FLIGHT,0.9205,1.5478,0.1743,0.1844,0.1721,0.1811,-0.0193,-0.1901,0.0088,0.0143,1.0269,-0.0464,1.5754,0.000241,-0.0001,0.0
16.025,FLIGHT,0.9213,1.5487,0.1718,0.1807,0.1696,0.1774,-0.0192,-0.19,0.0088,0.014,1.0265,-0.0468,1.5758,0.00024,-0.0001,0.0
16.03,FLIGHT,0.9222,1.5495,0.1693,0.1771,0.167,0.1738,-0.0192,-0.19,0.0088,0.0137,1.026,-0.0472,1.5763,0.00024,-0.0001,0.0
16.035,FLIGHT,0.923,1.5504,0.1667,0.1734,0.1644,0.1702,-0.0191,-0.1899,0.0088,0.0134,1.0256,-0.0476,1.5767,0.00024,-0.0001,0.0
16.04,FLIGHT,0.9238,1.5513,0.1641,0.1698,0.1617,0.1666,-0.0191,-0.1898,0.0087,0.0131,1.0251,-0.048,1.5772,0.000239,-0.0001,0.0
16.045,FLIGHT,0.9246,1.5521,0.1614,0.1663,0.159,0.1631,-0.0191,-0.1898,0.0087,0.0128,1.0246,-0.0484,1.5776,0.000239,-0.0001,0.0
16.05,FLIGHT,0.9254,1.5529,0.1587,0.1627,0.1562,0.1596,-0.019,-0.1897,0.0086,0.0126,1.0241,-0.0487,1.578,0.000239,-0.0001,0.0
16.055,FLIGHT,0.9262,1.5537,0.1559,0.1592,0.1535,0.1561,-0.019,-0.1896,0.0086,0.0123,1.0235,-0.0491,1.5784,0.000239,-0.0001,0.0
16.06,FLIGHT,0.9269,1.5544,0.1532,0.1558,0.1507,0.1527,-0.0189,-0.1896,0.0085,0.012,1.0229,-0.0495,1.5788,0.000238,-0.0001,0.0
16.065,FLIGHT,0.9277,1.5552,0.1504,0.1524,0.1479,0.1494,-0.0189,-0.1895,0.0084,0.0117,1.0224,-0.0498,1.5792,0.000238,-0.0001,0.0
16.07,FLIGHT,0.9284,1.5559,0.1476,0.149,0.145,0.146,-0.0188,-0.1895,0.0083,0.0115,1.0218,-0.0501,1.5796,0.000238,-0.0001,0.0
16.075,FLIGHT,0.9291,1.5567,0.1447,0.1457,0.1422,0.1428,-0.0188,-0.1894,0.0082,0.0112,1.0211,-0.0504,1.5799,0.000238,-0.0001,0.0
16.08,FLIGHT,0.9298,1.5574,0.1419,0.1424,0.1394,0.1395,-0.0188,-0.1894,0.0081,0.011,1.0205,-0.0507,1.5803,0.000237,-0.0001,0.0
16.085,FLIGHT,0.9305,1.5581,0.1391,0.1392,0.1366,0.1363,-0.0187,-0.1893,0.008,0.0107,1.0199,-0.051,1.5807,0.000237,-0.0001,0.0
16.09,FLIGHT,0.9312,1.5587,0.1363,0.136,0.1338,0.1332,-0.0187,-0.1893,0.0078,0.0105,1.0192,-0.0513,1.581,0.000237,-0.0001,0.0
16.095,FLIGHT,0.9319,1.5594,0.1335,0.1329,0.131,0.1301,-0.0186,-0.1892,0.0077,0.0102,1.0185,-0.0516,1.5813,0.000236,-0.0001,0.0
16.1,FLIGHT,0.9325,1.56,0.1307,0.1298,0.1282,0.127,-0.0186,-0.1892,0.0076,0.01,1.0178,-0.0519,1.5816,0.000236,-0.0001,0.0
16.105,FLIGHT,0.9332,1.5607,0.1279,0.1267,0.1255,0.124,-0.0186,-0.1891,0.0075,0.0098,1.0171,-0.0521,1.5819,0.000236,-0.0001,0.0
16.11,FLIGHT,0.9338,1.5613,0.1252,0.1237,0.1228,0.121,-0.0185,-0.1891,0.0073,0.0095,1.0163,-0.0524,1.5822,0.000236,-0.0001,0.0
16.115,FLIGHT,0.9344,1.5619,0.1225,0.1207,0.1201,0.1181,-0.0185,-0.189,0.0072,0.0093,1.0155,-0.0526,1.5825,0.000235,-0.0001,0.0
16.12,FLIGHT,0.935,1.5625,0.1198,0.1178,0.1174,0.1152,-0.0185,-0.189,0.0071,0.0091,1.0148,-0.0528,1.5828,0.000235,-0.0001,0.0
16.125,FLIGHT,0.9356,1.563,0.1172,0.1149,0.1148,0.1123,-0.0184,-0.1889,0.007,0.0088,1.014,-0.053,1.5831,0.000235,-0.0001,0.0
16.13,FLIGHT,0.9361,1.5636,0.1146,0.112,0.1122,0.1095,-0.0184,-0.1889,0.0069,0.0086,1.0132,-0.0532,1.5834,0.000235,-0.0001,0.0
16.135,FLIGHT,0.9367,1.5641,0.112,0.1092,0.1097,0.1067,-0.0184,-0.1888,0.0067,0.0084,1.0123,-0.0534,1.5836,0.000234,-0.0,0.0
16.14,FLIGHT,0.9372,1.5646,0.1094,0.1065,0.1072,0.104,-0.0183,-0.1888,0.0066,0.0082,1.0115,-0.0536,1.5839,0.000234,-0.0,0.0
16.145,FLIGHT,0.9378,1.5652,0.107,0.1038,0.1047,0.1013,-0.0183,-0.1888,0.0065,0.008,1.0106,-0.0538,1.5841,0.000234,-0.0,0.0
16.15,FLIGHT,0.9383,1.5657,0.1045,0.1011,0.1023,0.0987,-0.0183,-0.1887,0.0064,0.0078,1.0097,-0.054,1.5844,0.000234,-0.0,0.0
16.155,FLIGHT,0.9388,1.5661,0.1021,0.0985,0.1,0.0961,-0.0182,-0.1887,0.0063,0.0076,1.0088,-0.0542,1.5846,0.000233,-0.0,0.0
16.16,FLIGHT,0.9393,1.5666,0.0997,0.0959,0.0976,0.0936,-0.0182,-0.1887,0.0062,0.0074,1.0079,-0.0544,1.5848,0.000233,-0.0,0.0
16.165,FLIGHT,0.9398,1.5671,0.0974,0.0933,0.0953,0.0911,-0.0182,-0.1886,0.0061,0.0072,1.007,-0.0545,1.5851,0.000233,-0.0,0.0
16.17,FLIGHT,0.9402,1.5675,0.0951,0.0909,0.0931,0.0886,-0.0181,-0.1886,0.0059,0.007,1.0061,-0.0547,1.5853,0.000233,-0.0,0.0
16.175,FLIGHT,0.9407,1.568,0.0929,0.0884,0.0909,0.0862,-0.0181,-0.1885,0.0058,0.0068,1.0051,-0.0549,1.5855,0.000233,-0.0,0.0
16.18,FLIGHT,0.9411,1.5684,0.0907,0.086,0.0887,0.0839,-0.0181,-0.1885,0.0057,0.0066,1.0041,-0.055,1.5857,0.000232,-0.0,0.0
16.185,FLIGHT,0.9416,1.5688,0.0885,0.0837,0.0866,0.0816,-0.0181,-0.1885,0.0056,0.0064,1.0031,-0.0552,1.5859,0.000232,-0.0,0.0
16.19,FLIGHT,0.942,1.5692,0.0864,0.0814,0.0845,0.0794,-0.018,-0.1885,0.0055,0.0062,1.0021,-0.0553,1.5861,0.000232,-0.0,0.0
16.195,FLIGHT,0.9424,1.5696,0.0843,0.0791,0.0825,0.0772,-0.018,-0.1884,0.0054,0.0061,1.0011,-0.0555,1.5863,0.000232,-0.0,0.0
16.2,STANCE,0.9428,1.57,0.0872,0.0827,0.1389,0.1438,-0.018,-0.1884,0.0055,0.0063,1.0001,0.226,-0.0311,0.000164,-0.1602,0.032
16.205,STANCE,0.9445,1.5703,0.2795,0.0431,0.4846,-0.2595,-0.0177,-0.1884,0.047,-0.0008,0.9992,0.151,-0.6403,-0.001797,-0.4424,0.0903
16.21,STANCE,0.9472,1.5665,0.4614,-0.5593,0.7338,-1.1076,-0.0167,-0.1888,0.1614,-0.0606,0.9979,-0.083,-1.0488,-0.003662,-0.3898,0.0816
16.215,STANCE,0.9496,1.5634,0.4192,-0.5251,0.1174,-0.0982,-0.0158,-0.1891,0.1493,-0.0559,0.9975,-0.3157,-1.6542,-0.004987,-0.1009,0.0252
16.22,STANCE,0.9501,1.5632,0.2088,-0.2149,0.1811,-0.1798,-0.0157,-0.1892,0.0682,-0.0234,0.9978,-0.4789,-2.2693,-0.005133,0.0177,0.0051
16.225,STANCE,0.9518,1.5607,0.3235,-0.4507,0.4464,-1.0184,-0.015,-0.1894,0.1215,-0.0469,0.9981,-0.7659,-2.4702,-0.004926,0.0772,0.0049
16.23,STANCE,0.9537,1.5517,0.3603,-1.4186,0.555,-1.9443,-0.0135,-0.1903,0.2597,-0.135,0.9979,-1.0013,-2.1177,-0.004246,0.1391,0.0042
16.235,STANCE,0.9579,1.5421,0.7163,-1.7741,1.073,-2.1284,-0.0114,-0.1912,0.3782,-0.1676,0.9982,-1.3019,-1.7855,-0.003886,0.0213,0.0039
16.24,STANCE,0.9634,1.5296,0.9796,-2.2908,1.1487,-2.7507,-0.0086,-0.1924,0.5036,-0.2088,0.9983,-1.4757,-1.184,-0.003727,0.0289,0.0037
16.245,STANCE,0.9692,1.5151,1.101,-2.729,1.1538,-3.0377,-0.0055,-0.1937,0.5934,-0.237,0.9984,-1.4666,-0.4812,-0.003582,0.0314,0.0036
16.25,STANCE,0.9748,1.4997,1.1031,-2.973,1.0707,-3.0904,-0.0022,-0.195,0.6345,-0.2453,0.9986,-1.2706,0.1907,-0.003418,0.0372,0.0034
16.255,STANCE,0.9799,1.4844,1.0225,-3.0273,0.9583,-2.9689,0.0009,-0.1962,0.6326,-0.2376,0.9988,-0.9296,0.7519,-0.003204,0.0403,0.0032
16.26,STANCE,0.984,1.4697,0.8866,-2.9648,0.7629,-2.8642,0.0038,-0.1973,0.6024,-0.2222,0.9991,-0.5282,1.1617,-0.002898,0.0668,0.0029
16.265,STANCE,0.9874,1.4556,0.7334,-2.8511,0.6334,-2.7022,0.0065,-0.1984,0.5602,-0.205,0.9994,-0.2016,1.3867,-0.002481,0.0831,0.0025
16.27,FLIGHT,0.9902,1.4425,0.6167,-2.6805,0.4417,-2.4337,0.009,-0.1993,0.5159,-0.1854,0.9998,-1.35,2.6164,-0.002004,0.1111,0.002
16.275,FLIGHT,0.991,1.4322,0.2733,-2.2251,-0.1222,-1.7116,0.0107,-0.2,0.3827,-0.152,1.0003,-1.3048,2.569,-0.001331,0.1562,0.0013
16.28,FLIGHT,0.9891,1.4253,-0.197,-1.6174,-0.6256,-1.0639,0.0113,-0.2005,0.1995,-0.1136,1.001,-1.1759,2.4573,-0.000465,0.1878,0.0005
16.285,FLIGHT,0.9849,1.4214,-0.6552,-1.0204,-1.0397,-0.512,0.0111,-0.2008,0.0192,-0.0776,1.0019,-1.0181,2.3253,0.000442,0.1502,0.0
16.29,FLIGHT,0.9789,1.42,-1.0471,-0.4932,-1.3627,-0.0597,0.0101,-0.201,-0.1377,-0.0449,1.0028,-0.8559,2.1918,0.001021,0.085,0.0
16.295,FLIGHT,0.9714,1.4206,-1.3587,-0.0546,-1.6014,0.2977,0.0085,-0.201,-0.2651,-0.0154,1.0039,-0.6995,2.0646,0.001328,0.0409,0.0
16.3,FLIGHT,0.963,1.4228,-1.5902,0.2949,-1.763,0.5696,0.0065,-0.2009,-0.3626,0.0111,1.005,-0.5546,1.9478,0.001456,0.0121,0.0
16.305,FLIGHT,0.9539,1.4262,-1.7472,0.5617,-1.8569,0.7663,0.0041,-0.2007,-0.4322,0.0344,1.0062,-0.4235,1.8432,0.001468,-0.0059,0.0012
16.31,FLIGHT,0.9445,1.4304,-1.838,0.7551,-1.8924,0.8984,0.0017,-0.2004,-0.4772,0.0544,1.0074,-0.3075,1.7514,0.001409,-0.0166,0.0033
16.315,FLIGHT,0.9351,1.4351,-1.8717,0.8852,-1.879,0.9764,-0.0009,-0.2001,-0.5011,0.0709,1.0086,-0.2067,1.6723,0.001309,-0.0224,0.0045
16.32,FLIGHT,0.9258,1.4401,-1.8573,0.9621,-1.8256,1.0099,-0.0035,-0.1996,-0.5074,0.0836,1.0098,-0.1205,1.6057,0.00119,-0.0249,0.005
16.325,FLIGHT,0.9169,1.4451,-1.8037,0.9951,-1.7405,1.0076,-0.006,-0.1992,-0.4994,0.0925,1.011,-0.0482,1.5506,0.001064,-0.0252,0.005
16.33,FLIGHT,0.9084,1.4501,-1.7189,0.993,-1.6312,0.9777,-0.0083,-0.1987,-0.4803,0.0978,1.0121,0.0111,1.5063,0.00094,-0.0243,0.0049
16.335,FLIGHT,0.9006,1.4549,-1.6102,0.9636,-1.5042,0.9271,-0.0106,-0.1982,-0.4528,0.0997,1.0133,0.0587,1.4716,0.000823,-0.0225,0.0045
16.34,FLIGHT,0.8934,1.4593,-1.4842,0.9138,-1.3653,0.862,-0.0126,-0.1978,-0.4193,0.0986,1.0144,0.0957,1.4456,0.000716,-0.0203,0.0041
16.345,FLIGHT,0.8869,1.4635,-1.3466,0.8497,-1.2196,0.7875,-0.0145,-0.1973,-0.3818,0.095,1.0155,0.1233,1.4272,0.00062,-0.0179,0.0036
16.35,FLIGHT,0.8812,1.4672,-1.2022,0.7764,-1.0712,0.708,-0.0161,-0.1969,-0.3422,0.0893,1.0165,0.1427,1.4152,0.000537,-0.0155,0.0031
16.355,FLIGHT,0.8762,1.4705,-1.0553,0.6982,-0.9236,0.627,-0.0175,-0.1965,-0.3017,0.0822,1.0175,0.155,1.4088,0.000465,-0.0131,0.0026
16.36,FLIGHT,0.872,1.4735,-0.9092,0.6186,-0.7796,0.5475,-0.0188,-0.1962,-0.2615,0.0741,1.0185,0.1613,1.4069,0.000405,-0.0109,0.0022
16.365,FLIGHT,0.8684,1.476,-0.7667,0.5403,-0.6414,0.4716,-0.0198,-0.1959,-0.2225,0.0655,1.0194,0.1627,1.4087,0.000355,-0.009,0.0018
16.37,FLIGHT,0.8655,1.4782,-0.63,0.4657,-0.5107,0.401,-0.0206,-0.1956,-0.1853,0.0567,1.0202,0.1599,1.4135,0.000315,-0.0073,0.0015
16.375,FLIGHT,0.8633,1.48,-0.5008,0.3963,-0.3888,0.3368,-0.0213,-0.1954,-0.1505,0.048,1.0211,0.1539,1.4205,0.000282,-0.0058,0.0012
16.38,FLIGHT,0.8616,1.4816,-0.3802,0.3332,-0.2763,0.2798,-0.0219,-0.1952,-0.1184,0.0399,1.0218,0.1453,1.4291,0.000256,-0.0046,0.0009
16.385,FLIGHT,0.8605,1.4829,-0.2691,0.2772,-0.1739,0.2304,-0.0222,-0.195,-0.0892,0.0323,1.0226,0.1348,1.4389,0.000236,-0.0035,0.0007
16.39,FLIGHT,0.8599,1.4839,-0.1678,0.2287,-0.0817,0.1886,-0.0225,-0.1949,-0.063,0.0256,1.0233,0.1231,1.4494,0.000221,-0.0026,0.0005
16.395,FLIGHT,0.8597,1.4848,-0.0767,0.1877,0.0005,0.1544,-0.0227,-0.1948,-0.0398,0.0196,1.024,0.1104,1.4602,0.00021,-0.0019,0.0004
16.4,FLIGHT,0.8599,1.4855,0.0045,0.1542,0.0727,0.1275,-0.0227,-0.1948,-0.0195,0.0146,1.0246,0.0974,1.471,0.000202,-0.0012,0.0002
16.405,FLIGHT,0.8604,1.486,0.0758,0.1279,0.1355,0.1073,-0.0227,-0.1947,-0.0021,0.0105,1.0253,0.0843,1.4816,0.000197,-0.0007,0.0001
16.41,FLIGHT,0.8612,1.4865,0.1378,0.1082,0.1893,0.0935,-0.0226,-0.1947,0.0125,0.0072,1.0258,0.0714,1.4918,0.000195,-0.0003,0.0001
16.415,FLIGHT,0.8623,1.487,0.191,0.0948,0.2348,0.0853,-0.0224,-0.1947,0.0247,0.0047,1.0264,0.0589,1.5015,0.000194,0.0,0.0
16.42,FLIGHT,0.8635,1.4874,0.2359,0.0869,0.2726,0.0821,-0.0223,-0.1947,0.0344,0.003,1.027,0.047,1.5105,0.000195,0.0003,0.0
16.425,FLIGHT,0.865,1.4878,0.2732,0.0839,0.3034,0.0833,-0.022,-0.1947,0.0421,0.002,1.0275,0.0359,1.5188,0.000196,0.0005,0.0
16.43,FLIGHT,0.8666,1.4882,0.3036,0.0853,0.328,0.0883,-0.0218,-0.1947,0.0478,0.0015,1.028,0.0256,1.5264,0.000199,0.0006,0.0
16.435,FLIGHT,0.8683,1.4887,0.3278,0.0904,0.3469,0.0963,-0.0215,-0.1947,0.0518,0.0015,1.0285,0.0162,1.5331,0.000202,0.0007,0.0
16.44,FLIGHT,0.87,1.4892,0.3465,0.0984,0.361,0.1068,-0.0212,-0.1947,0.0544,0.002,1.0289,0.0076,1.5392,0.000206,0.0008,0.0
16.445,FLIGHT,0.8719,1.4898,0.3603,0.1089,0.3707,0.1193,-0.021,-0.1946,0.0557,0.0027,1.0294,0.0,1.5444,0.00021,0.0008,0.0
16.45,FLIGHT,0.8737,1.4904,0.3699,0.1213,0.3768,0.1331,-0.0207,-0.1946,0.0559,0.0038,1.0298,-0.0067,1.549,0.000214,0.0008,0.0
16.455,FLIGHT,0.8756,1.4911,0.3759,0.1351,0.3799,0.1479,-0.0204,-0.1946,0.0552,0.005,1.0302,-0.0126,1.5529,0.000218,0.0008,0.0
16.46,FLIGHT,0.8775,1.4919,0.3789,0.1498,0.3803,0.1632,-0.0201,-0.1946,0.0538,0.0064,1.0306,-0.0177,1.5562,0.000222,0.0008,0.0
16.465,FLIGHT,0.8794,1.4927,0.3793,0.165,0.3787,0.1787,-0.0199,-0.1945,0.0518,0.0079,1.0309,-0.022,1.5589,0.000226,0.0007,0.0
16.47,FLIGHT,0.8813,1.4937,0.3777,0.1803,0.3754,0.194,-0.0196,-0.1945,0.0494,0.0095,1.0313,-0.0256,1.5612,0.000229,0.0007,0.0
16.475,FLIGHT,0.8832,1.4947,0.3744,0.1955,0.3709,0.2089,-0.0194,-0.1944,0.0467,0.011,1.0316,-0.0286,1.563,0.000232,0.0006,0.0
16.48,FLIGHT,0.885,1.4958,0.3699,0.2102,0.3653,0.2231,-0.0192,-0.1943,0.0438,0.0125,1.0319,-0.0311,1.5644,0.000235,0.0006,0.0
16.485,FLIGHT,0.8868,1.4969,0.3643,0.2242,0.3591,0.2365,-0.019,-0.1943,0.0408,0.014,1.0322,-0.033,1.5654,0.000238,0.0005,0.0
16.49,FLIGHT,0.8886,1.4981,0.3581,0.2375,0.3524,0.2489,-0.0188,-0.1942,0.0378,0.0154,1.0325,-0.0346,1.5662,0.00024,0.0004,0.0
16.495,FLIGHT,0.8903,1.4994,0.3515,0.2497,0.3454,0.2602,-0.0186,-0.1941,0.0348,0.0167,1.0328,-0.0357,1.5668,0.000243,0.0004,0.0
16.5,FLIGHT,0.8921,1.5007,0.3446,0.2609,0.3383,0.2705,-0.0185,-0.194,0.032,0.018,1.033,-0.0366,1.5671,0.000244,0.0003,0.0
16.505,FLIGHT,0.8937,1.5021,0.3376,0.271,0.3313,0.2795,-0.0183,-0.1939,0.0292,0.0191,1.0333,-0.0372,1.5673,0.000246,0.0003,0.0
16.51,FLIGHT,0.8954,1.5035,0.3306,0.2799,0.3244,0.2874,-0.0182,-0.1938,0.0266,0.0201,1.0335,-0.0375,1.5674,0.000247,0.0002,0.0
16.515,FLIGHT,0.897,1.505,0.3237,0.2877,0.3177,0.2941,-0.0181,-0.1937,0.0242,0.0209,1.0337,-0.0378,1.5674,0.000248,0.0002,0.0
16.52,FLIGHT,0.8985,1.5065,0.3171,0.2943,0.3112,0.2996,-0.018,-0.1936,0.022,0.0217,1.0338,-0.0379,1.5674,0.000249,0.0001,0.0
16.525,FLIGHT,0.9001,1.508,0.3107,0.2997,0.305,0.3041,-0.0179,-0.1935,0.02,0.0223,1.034,-0.0379,1.5673,0.00025,0.0001,0.0
16.53,FLIGHT,0.9016,1.5095,0.3045,0.304,0.2992,0.3074,-0.0178,-0.1934,0.0182,0.0229,1.0341,-0.0378,1.5672,0.00025,0.0001,0.0
16.535,FLIGHT,0.9031,1.511,0.2987,0.3073,0.2936,0.3098,-0.0177,-0.1932,0.0166,0.0233,1.0342,-0.0377,1.5671,0.00025,0.0,0.0
16.54,FLIGHT,0.9045,1.5126,0.2931,0.3096,0.2883,0.3112,-0.0177,-0.1931,0.0152,0.0237,1.0343,-0.0376,1.5671,0.00025,0.0,0.0
16.545,FLIGHT,0.906,1.5142,0.2879,0.3109,0.2833,0.3117,-0.0176,-0.193,0.014,0.0239,1.0344,-0.0376,1.5671,0.00025,-0.0,0.0
16.55,FLIGHT,0.9074,1.5157,0.2829,0.3114,0.2786,0.3115,-0.0175,-0.1929,0.0129,0.0241,1.0344,-0.0375,1.5671,0.00025,-0.0,0.0
16.555,FLIGHT,0.9087,1.5173,0.2782,0.3111,0.2741,0.3105,-0.0175,-0.1928,0.012,0.0241,1.0345,-0.0374,1.5671,0.00025,-0.0,0.0
16.56,FLIGHT,0.9101,1.5188,0.2738,0.3101,0.2699,0.3089,-0.0174,-0.1926,0.0113,0.0241,1.0345,-0.0374,1.5672,0.00025,-0.0001,0.0
16.565,FLIGHT,0.9114,1.5204,0.2695,0.3084,0.2658,0.3067,-0.0174,-0.1925,0.0106,0.0241,1.0344,-0.0375,1.5674,0.00025,-0.0001,0.0
16.57,FLIGHT,0.9128,1.5219,0.2655,0.3062,0.2619,0.3039,-0.0173,-0.1924,0.0101,0.024,1.0344,-0.0375,1.5676,0.000249,-0.0001,0.0
16.575,FLIGHT,0.9141,1.5234,0.2616,0.3034,0.2581,0.3008,-0.0173,-0.1923,0.0097,0.0238,1.0343,-0.0377,1.5678,0.000249,-0.0001,0.0
16.58,FLIGHT,0.9153,1.5249,0.2578,0.3002,0.2545,0.2972,-0.0172,-0.1922,0.0094,0.0236,1.0343,-0.0378,1.5681,0.000249,-0.0001,0.0
16.585,FLIGHT,0.9166,1.5264,0.2541,0.2966,0.2509,0.2933,-0.0172,-0.1921,0.0092,0.0233,1.0342,-0.0381,1.5685,0.000248,-0.0001,0.0
16.59,FLIGHT,0.9179,1.5278,0.2505,0.2927,0.2473,0.2891,-0.0171,-0.1919,0.009,0.023,1.034,-0.0383,1.5688,0.000248,-0.0001,0.0
16.595,FLIGHT,0.9191,1.5293,0.247,0.2885,0.2438,0.2846,-0.0171,-0.1918,0.0088,0.0227,1.0339,-0.0386,1.5692,0.000247,-0.0001,0.0
16.6,FLIGHT,0.9203,1.5307,0.2435,0.2841,0.2404,0.28,-0.017,-0.1917,0.0087,0.0224,1.0337,-0.0389,1.5697,0.000247,-0.0001,0.0
16.605,FLIGHT,0.9215,1.5321,0.24,0.2794,0.2369,0.2752,-0.017,-0.1916,0.0087,0.022,1.0336,-0.0393,1.5701,0.000246,-0.0001,0.0
16.61,FLIGHT,0.9227,1.5334,0.2365,0.2746,0.2334,0.2703,-0.017,-0.1915,0.0086,0.0217,1.0333,-0.0397,1.5706,0.000246,-0.0001,0.0
16.615,FLIGHT,0.9238,1.5348,0.2331,0.2697,0.2299,0.2653,-0.0169,-0.1914,0.0086,0.0213,1.0331,-0.0401,1.5711,0.000245,-0.0001,0.0
16.62,FLIGHT,0.925,1.5361,0.2296,0.2647,0.2264,0.2602,-0.0169,-0.1913,0.0086,0.0209,1.0329,-0.0405,1.5717,0.000245,-0.0001,0.0
16.625,FLIGHT,0.9261,1.5374,0.2261,0.2596,0.2229,0.2551,-0.0168,-0.1912,0.0086,0.0205,1.0326,-0.041,1.5722,0.000244,-0.0001,0.0
16.63,FLIGHT,0.9272,1.5386,0.2225,0.2545,0.2193,0.2499,-0.0168,-0.1911,0.0085,0.0201,1.0323,-0.0414,1.5727,0.000244,-0.0001,0.0
16.635,FLIGHT,0.9283,1.5399,0.2189,0.2494,0.2157,0.2448,-0.0167,-0.191,0.0085,0.0197,1.032,-0.0419,1.5733,0.000243,-0.0001,0.0
16.64,FLIGHT,0.9293,1.5411,0.2153,0.2442,0.2121,0.2396,-0.0167,-0.1909,0.0085,0.0193,1.0317,-0.0423,1.5738,0.000243,-0.0001,0.0
16.645,FLIGHT,0.9304,1.5423,0.2117,0.2391,0.2084,0.2345,-0.0167,-0.1908,0.0085,0.0189,1.0313,-0.0428,1.5744,0.000242,-0.0001,0.0
16.65,FLIGHT,0.9314,1.5434,0.208,0.234,0.2047,0.2294,-0.0166,-0.1907,0.0084,0.0185,1.0309,-0.0433,1.5749,0.000242,-0.0001,0.0
16.655,FLIGHT,0.9324,1.5445,0.2043,0.2289,0.2009,0.2243,-0.0166,-0.1906,0.0084,0.0181,1.0305,-0.0437,1.5754,0.000241,-0.0001,0.0
16.66,FLIGHT,0.9334,1.5457,0.2005,0.2238,0.1972,0.2193,-0.0165,-0.1905,0.0084,0.0177,1.0301,-0.0442,1.576,0.000241,-0.0001,0.0
16.665,FLIGHT,0.9344,1.5467,0.1968,0.2188,0.1934,0.2143,-0.0165,-0.1905,0.0083,0.0173,1.0297,-0.0446,1.5765,0.000241,-0.0001,0.0
16.67,FLIGHT,0.9354,1.5478,0.193,0.2139,0.1896,0.2094,-0.0164,-0.1904,0.0082,0.0169,1.0292,-0.0451,1.577,0.00024,-0.0001,0.0
16.675,FLIGHT,0.9363,1.5488,0.1892,0.209,0.1858,0.2046,-0.0164,-0.1903,0.0081,0.0165,1.0287,-0.0455,1.5775,0.00024,-0.0001,0.0
16.68,FLIGHT,0.9372,1.5498,0.1854,0.2041,0.182,0.1998,-0.0164,-0.1902,0.008,0.0161,1.0283,-0.0459,1.578,0.000239,-0.0001,0.0
16.685,FLIGHT,0.9381,1.5508,0.1816,0.1993,0.1782,0.1951,-0.0163,-0.1901,0.008,0.0157,1.0277,-0.0463,1.5784,0.000239,-0.0001,0.0
16.69,FLIGHT,0.939,1.5518,0.1778,0.1946,0.1745,0.1904,-0.0163,-0.1901,0.0078,0.0153,1.0272,-0.0467,1.5789,0.000238,-0.0001,0.0
16.695,FLIGHT,0.9399,1.5527,0.1741,0.1899,0.1707,0.1858,-0.0162,-0.19,0.0077,0.015,1.0266,-0.0471,1.5794,0.000238,-0.0001,0.0
16.7,FLIGHT,0.9407,1.5537,0.1703,0.1853,0.1669,0.1813,-0.0162,-0.1899,0.0076,0.0146,1.0261,-0.0475,1.5798,0.000237,-0.0001,0.0
16.705,FLIGHT,0.9415,1.5546,0.1666,0.1808,0.1632,0.1768,-0.0162,-0.1898,0.0075,0.0143,1.0255,-0.0478,1.5802,0.000237,-0.0001,0.0
16.71,FLIGHT,0.9424,1.5554,0.1628,0.1764,0.1595,0.1724,-0.0161,-0.1898,0.0074,0.0139,1.0249,-0.0482,1.5806,0.000237,-0.0001,0.0
16.715,FLIGHT,0.9431,1.5563,0.1591,0.172,0.1559,0.1681,-0.0161,-0.1897,0.0073,0.0136,1.0242,-0.0485,1.581,0.000236,-0.0001,0.0
16.72,FLIGHT,0.9439,1.5571,0.1555,0.1676,0.1522,0.1638,-0.0161,-0.1896,0.0071,0.0132,1.0236,-0.0488,1.5814,0.000236,-0.0001,0.0
16.725,FLIGHT,0.9447,1.5579,0.1519,0.1634,0.1487,0.1596,-0.016,-0.1896,0.007,0.0129,1.0229,-0.0491,1.5818,0.000235,-0.0001,0.0
16.73,FLIGHT,0.9454,1.5587,0.1483,0.1592,0.1451,0.1554,-0.016,-0.1895,0.0069,0.0126,1.0222,-0.0494,1.5822,0.000235,-0.0001,0.0
16.735,FLIGHT,0.9461,1.5595,0.1448,0.155,0.1416,0.1514,-0.016,-0.1894,0.0068,0.0122,1.0215,-0.0497,1.5825,0.000235,-0.0001,0.0
16.74,FLIGHT,0.9468,1.5602,0.1413,0.151,0.1382,0.1474,-0.0159,-0.1894,0.0066,0.0119,1.0208,-0.05,1.5829,0.000234,-0.0001,0.0
16.745,FLIGHT,0.9475,1.5609,0.1379,0.147,0.1348,0.1435,-0.0159,-0.1893,0.0065,0.0116,1.0201,-0.0502,1.5832,0.000234,-0.0001,0.0
16.75,FLIGHT,0.9482,1.5616,0.1345,0.1431,0.1315,0.1396,-0.0159,-0.1893,0.0064,0.0113,1.0193,-0.0505,1.5835,0.000233,-0.0001,0.0
16.755,FLIGHT,0.9488,1.5623,0.1312,0.1392,0.1282,0.1358,-0.0158,-0.1892,0.0063,0.011,1.0185,-0.0507,1.5839,0.000233,-0.0001,0.0
16.76,FLIGHT,0.9494,1.563,0.1279,0.1354,0.125,0.1321,-0.0158,-0.1892,0.0061,0.0107,1.0177,-0.051,1.5842,0.000233,-0.0001,0.0
16.765,FLIGHT,0.9501,1.5637,0.1247,0.1317,0.1218,0.1284,-0.0158,-0.1891,0.006,0.0104,1.0169,-0.0512,1.5845,0.000232,-0.0001,0.0
16.77,FLIGHT,0.9507,1.5643,0.1215,0.1281,0.1187,0.1248,-0.0157,-0.1891,0.0059,0.0101,1.0161,-0.0514,1.5848,0.000232,-0.0001,0.0
16.775,FLIGHT,0.9513,1.5649,0.1184,0.1245,0.1157,0.1213,-0.0157,-0.189,0.0058,0.0098,1.0152,-0.0517,1.5851,0.000232,-0.0001,0.0
16.78,FLIGHT,0.9518,1.5655,0.1154,0.121,0.1127,0.1179,-0.0157,-0.189,0.0057,0.0095,1.0144,-0.0519,1.5853,0.000231,-0.0001,0.0
16.785,FLIGHT,0.9524,1.5661,0.1124,0.1176,0.1098,0.1145,-0.0157,-0.1889,0.0056,0.0093,1.0135,-0.0521,1.5856,0.000231,-0.0001,0.0
16.79,FLIGHT,0.9529,1.5666,0.1095,0.1142,0.1069,0.1112,-0.0156,-0.1889,0.0055,0.009,1.0126,-0.0523,1.5859,0.000231,-0.0001,0.0
16.795,FLIGHT,0.9534,1.5672,0.1067,0.1109,0.1041,0.108,-0.0156,-0.1888,0.0054,0.0087,1.0117,-0.0525,1.5861,0.00023,-0.0001,0.0
16.8,FLIGHT,0.954,1.5677,0.1039,0.1077,0.1014,0.1048,-0.0156,-0.1888,0.0053,0.0085,1.0108,-0.0526,1.5864,0.00023,-0.0001,0.0
16.805,FLIGHT,0.9545,1.5682,0.1011,0.1045,0.0987,0.1017,-0.0156,-0.1888,0.0052,0.0082,1.0098,-0.0528,1.5866,0.00023,-0.0001,0.0
16.81,FLIGHT,0.9549,1.5687,0.0984,0.1014,0.0961,0.0987,-0.0155,-0.1887,0.0051,0.008,1.0089,-0.053,1.5869,0.000229,-0.0001,0.0
16.815,FLIGHT,0.9554,1.5692,0.0958,0.0984,0.0935,0.0958,-0.0155,-0.1887,0.005,0.0078,1.0079,-0.0532,1.5871,0.000229,-0.0001,0.0
16.82,FLIGHT,0.9559,1.5697,0.0932,0.0955,0.091,0.0929,-0.0155,-0.1886,0.0049,0.0075,1.0069,-0.0534,1.5873,0.000229,-0.0001,0.0
16.825,FLIGHT,0.9563,1.5702,0.0907,0.0926,0.0885,0.0901,-0.0155,-0.1886,0.0048,0.0073,1.0059,-0.0535,1.5876,0.000229,-0.0001,0.0
16.83,FLIGHT,0.9568,1.5706,0.0883,0.0898,0.0861,0.0873,-0.0154,-0.1886,0.0047,0.0071,1.0049,-0.0537,1.5878,0.000228,-0.0001,0.0
16.835,FLIGHT,0.9572,1.571,0.0859,0.0871,0.0837,0.0847,-0.0154,-0.1885,0.0046,0.0069,1.0038,-0.0538,1.588,0.000228,-0.0001,0.0
16.84,FLIGHT,0.9576,1.5715,0.0835,0.0844,0.0814,0.0821,-0.0154,-0.1885,0.0045,0.0066,1.0028,-0.054,1.5882,0.000228,-0.0,0.0
16.845,FLIGHT,0.958,1.5719,0.0812,0.0818,0.0792,0.0795,-0.0154,-0.1885,0.0044,0.0064,1.0017,-0.0541,1.5884,0.000228,-0.0,0.0
16.85,FLIGHT,0.9584,1.5722,0.079,0.0793,0.077,0.0771,-0.0153,-0.1884,0.0043,0.0062,1.0006,-0.0543,1.5886,0.000227,-0.0,0.0
16.855,STANCE,0.959,1.5728,0.124,0.114,0.3255,0.186,-0.0153,-0.1884,0.0082,0.0088,0.9996,0.1891,-0.283,-0.000146,-0.3079,0.0617
16.86,STANCE,0.962,1.5728,0.4644,-0.0038,0.7432,-0.3718,-0.0147,-0.1884,0.088,-0.0072,0.9987,-0.0411,-0.8736,-0.002307,-0.4454,0.0914
16.865,STANCE,0.9653,1.569,0.5725,-0.5298,0.3417,-0.5484,-0.0136,-0.1888,0.1792,-0.0568,0.9977,-0.3188,-1.2777,-0.003993,-0.1697,0.0379
16.87,STANCE,0.9659,1.5683,0.2628,-0.2331,0.0684,0.0375,-0.0134,-0.1889,0.081,-0.025,0.9977,-0.463,-1.9478,-0.004276,0.018,0.0043
16.875,STANCE,0.9668,1.5677,0.2181,-0.1796,0.3193,-0.3593,-0.0131,-0.189,0.0654,-0.0194,0.9981,-0.7067,-2.38,-0.004027,0.0722,0.004
16.88,STANCE,0.9688,1.5633,0.3317,-0.7316,0.299,-1.6897,-0.0122,-0.1894,0.1616,-0.0708,0.9982,-0.996,-2.3498,-0.003503,0.1663,0.0035
16.885,STANCE,0.9724,1.5541,0.6429,-1.4919,1.0733,-2.0043,-0.0103,-0.1903,0.3255,-0.1402,0.9982,-1.3316,-1.9804,-0.00322,-0.0222,0.0077
16.89,STANCE,0.9786,1.543,1.0672,-2.0192,1.3364,-2.4916,-0.0075,-0.1913,0.4823,-0.1841,0.9982,-1.6414,-1.4808,-0.003457,-0.052,0.0139
16.895,STANCE,0.9849,1.529,1.1996,-2.5582,1.3097,-2.8787,-0.0044,-0.1926,0.5878,-0.2211,0.9982,-1.7115,-0.8086,-0.003576,-0.0369,0.0109
16.9,STANCE,0.9909,1.5139,1.2015,-2.871,1.088,-3.1272,-0.0011,-0.1938,0.6384,-0.2351,0.9982,-1.5795,-0.1408,-0.003658,0.0058,0.0037
16.905,STANCE,0.9961,1.4985,1.0833,-3.0032,0.946,-3.0454,0.0021,-0.1951,0.6404,-0.2335,0.9983,-1.2572,0.4608,-0.003645,0.0122,0.0036
16.91,STANCE,1.0004,1.4836,0.916,-2.9819,0.7556,-2.9167,0.0051,-0.1962,0.6102,-0.2212,0.9984,-0.8261,0.9359,-0.003541,0.0307,0.0035
16.915,STANCE,1.0037,1.4694,0.7367,-2.8821,0.5785,-2.7794,0.0078,-0.1972,0.5651,-0.2052,0.9986,-0.4004,1.2543,-0.003328,0.0558,0.0033
16.92,STANCE,1.0065,1.456,0.6059,-2.7287,0.5165,-2.5784,0.0103,-0.1982,0.5207,-0.1871,0.9989,-0.1478,1.374,-0.003049,0.0601,0.003
16.925,FLIGHT,1.0083,1.444,0.4218,-2.4667,0.0957,-2.0452,0.0124,-0.199,0.4485,-0.1645,0.9993,-1.5258,2.7465,-0.002647,0.1086,0.0026
16.93,FLIGHT,1.0072,1.4357,-0.0441,-1.8798,-0.5159,-1.2924,0.0134,-0.1996,0.2699,-0.1279,0.9998,-1.421,2.6527,-0.001972,0.159,0.002
16.935,FLIGHT,1.0033,1.4309,-0.5757,-1.2185,-1.0414,-0.6377,0.0133,-0.1999,0.0657,-0.0901,1.0005,-1.2528,2.5109,-0.001085,0.193,0.0011
16.94,FLIGHT,0.997,1.4292,-1.0627,-0.6061,-1.4641,-0.0954,0.0124,-0.2001,-0.123,-0.0545,1.0013,-1.066,2.3565,-6.7e-05,0.2119,0.0001
16.945,FLIGHT,0.9889,1.4298,-1.4636,-0.0842,-1.7799,0.3385,0.0106,-0.2002,-0.2806,-0.0214,1.0023,-0.8825,2.2062,0.000786,0.1298,0.0
16.95,FLIGHT,0.9794,1.4324,-1.7699,0.3372,-2.0033,0.67,0.0083,-0.2001,-0.4036,0.0093,1.0033,-0.71,2.0662,0.001273,0.069,0.0
16.955,FLIGHT,0.969,1.4364,-1.9873,0.6614,-2.1445,0.9106,0.0057,-0.1999,-0.4935,0.0373,1.0044,-0.5525,1.9392,0.00151,0.0289,0.0
16.96,FLIGHT,0.958,1.4413,-2.1244,0.8974,-2.2143,1.0726,0.0028,-0.1996,-0.5535,0.0621,1.0056,-0.412,1.8267,0.001585,0.0032,0.0
16.965,FLIGHT,0.9469,1.447,-2.1915,1.0566,-2.2234,1.1681,-0.0002,-0.1991,-0.5876,0.0831,1.0067,-0.2889,1.729,0.001558,-0.0126,0.0025
16.97,FLIGHT,0.9359,1.4529,-2.1992,1.1503,-2.1825,1.2084,-0.0033,-0.1986,-0.5999,0.0999,1.0079,-0.183,1.6458,0.00147,-0.0216,0.0043
16.975,FLIGHT,0.9252,1.459,-2.1576,1.1899,-2.1013,1.2043,-0.0063,-0.1981,-0.5944,0.1122,1.0091,-0.0935,1.5765,0.00135,-0.0261,0.0052
16.98,FLIGHT,0.9149,1.4649,-2.0764,1.1859,-1.9886,1.1655,-0.0091,-0.1975,-0.5749,0.12,1.0102,-0.0193,1.5201,0.001215,-0.0276,0.0055
16.985,FLIGHT,0.9053,1.4706,-1.9644,1.1476,-1.8526,1.1005,-0.0118,-0.1969,-0.5448,0.1234,1.0113,0.0408,1.4755,0.001077,-0.0272,0.0054
16.99,FLIGHT,0.8964,1.4759,-1.8293,1.0835,-1.7002,1.0169,-0.0143,-0.1963,-0.507,0.1228,1.0124,0.0881,1.4415,0.000945,-0.0257,0.0051
16.995,FLIGHT,0.8883,1.4807,-1.6782,1.0011,-1.5376,0.9211,-0.0165,-0.1958,-0.464,0.1189,1.0135,0.124,1.4168,0.000822,-0.0235,0.0047
17.0,FLIGHT,0.8811,1.4851,-1.5171,0.9068,-1.3699,0.8185,-0.0185,-0.1953,-0.4179,0.1121,1.0145,0.15,1.4003,0.00071,-0.0209,0.0042
17.005,FLIGHT,0.8746,1.4889,-1.3511,0.8058,-1.2015,0.7137,-0.0203,-0.1948,-0.3705,0.1031,1.0154,0.1673,1.3906,0.000612,-0.0183,0.0037
17.01,FLIGHT,0.869,1.4922,-1.1844,0.7026,-1.0359,0.6103,-0.0218,-0.1943,-0.3232,0.0927,1.0163,0.1772,1.3866,0.000527,-0.0157,0.0031
17.015,FLIGHT,0.8643,1.495,-1.0206,0.6008,-0.876,0.5111,-0.0231,-0.194,-0.2771,0.0814,1.0172,0.1809,1.3874,0.000455,-0.0132,0.0026
17.02,FLIGHT,0.8603,1.4974,-0.8624,0.5031,-0.7239,0.4182,-0.0242,-0.1937,-0.2329,0.0697,1.018,0.1795,1.392,0.000395,-0.0109,0.0022
17.025,FLIGHT,0.857,1.4992,-0.7119,0.4117,-0.5812,0.3332,-0.0251,-0.1934,-0.1914,0.0581,1.0188,0.1739,1.3994,0.000346,-0.0089,0.0018
17.03,FLIGHT,0.8544,1.5007,-0.5708,0.3281,-0.449,0.257,-0.0258,-0.1932,-0.153,0.0469,1.0195,0.1651,1.409,0.000306,-0.0072,0.0014
17.035,FLIGHT,0.8525,1.5018,-0.4402,0.2532,-0.3282,0.1902,-0.0263,-0.193,-0.1178,0.0365,1.0202,0.1539,1.4202,0.000274,-0.0056,0.0011
17.04,FLIGHT,0.8511,1.5026,-0.3207,0.1876,-0.2189,0.1331,-0.0267,-0.1929,-0.0862,0.0271,1.0208,0.1408,1.4323,0.000249,-0.0044,0.0009
17.045,FLIGHT,0.8503,1.5032,-0.2128,0.1315,-0.1212,0.0855,-0.0269,-0.1928,-0.058,0.0187,1.0215,0.1266,1.4449,0.00023,-0.0033,0.0007
17.05,FLIGHT,0.8499,1.5035,-0.1163,0.0848,-0.035,0.0471,-0.027,-0.1928,-0.0334,0.0115,1.022,0.1118,1.4576,0.000216,-0.0024,0.0005
17.055,FLIGHT,0.8499,1.5036,-0.0311,0.0471,0.0403,0.0174,-0.027,-0.1928,-0.0121,0.0055,1.0226,0.0967,1.4702,0.000206,-0.0016,0.0003
17.06,FLIGHT,0.8503,1.5037,0.0432,0.0181,0.105,-0.0043,-0.027,-0.1928,0.006,0.0006,1.0231,0.0817,1.4823,0.000199,-0.001,0.0002
17.065,FLIGHT,0.851,1.5036,0.1072,-0.003,0.16,-0.0186,-0.0268,-0.1928,0.0211,-0.0032,1.0236,0.0672,1.4938,0.000195,-0.0005,0.0001
17.07,FLIGHT,0.8519,1.5035,0.1615,-0.0169,0.2059,-0.0263,-0.0266,-0.1928,0.0333,-0.006,1.0241,0.0533,1.5046,0.000193,-0.0001,0.0
17.075,FLIGHT,0.853,1.5034,0.2068,-0.0243,0.2436,-0.0282,-0.0264,-0.1929,0.043,-0.0079,1.0245,0.0402,1.5145,0.000194,0.0002,0.0
17.08,FLIGHT,0.8543,1.5032,0.2439,-0.026,0.2738,-0.0252,-0.0261,-0.1929,0.0504,-0.0089,1.0249,0.0281,1.5235,0.000195,0.0004,0.0
17.085,FLIGHT,0.8557,1.5031,0.2737,-0.0228,0.2973,-0.018,-0.0258,-0.193,0.0558,-0.0093,1.0253,0.017,1.5316,0.000198,0.0006,0.0
17.09,FLIGHT,0.8573,1.5031,0.297,-0.0155,0.3151,-0.0073,-0.0255,-0.193,0.0593,-0.0091,1.0257,0.0069,1.5388,0.000201,0.0007,0.0
17.095,FLIGHT,0.8589,1.503,0.3144,-0.0048,0.3277,0.0061,-0.0252,-0.1931,0.0613,-0.0084,1.0261,-0.0021,1.545,0.000204,0.0008,0.0
17.1,FLIGHT,0.8605,1.5031,0.3268,0.0086,0.336,0.0216,-0.0249,-0.1931,0.062,-0.0073,1.0264,-0.0101,1.5504,0.000208,0.0008,0.0
17.105,FLIGHT,0.8622,1.5033,0.335,0.024,0.3406,0.0386,-0.0246,-0.1931,0.0616,-0.0059,1.0267,-0.017,1.555,0.000213,0.0008,0.0
17.11,FLIGHT,0.8639,1.5035,0.3395,0.0409,0.3421,0.0565,-0.0243,-0.1931,0.0602,-0.0043,1.027,-0.0229,1.5589,0.000217,0.0008,0.0
17.115,FLIGHT,0.8656,1.5038,0.341,0.0587,0.3412,0.075,-0.024,-0.1932,0.0582,-0.0025,1.0273,-0.028,1.5621,0.000221,0.0008,0.0
17.12,FLIGHT,0.8673,1.5043,0.3401,0.077,0.3383,0.0935,-0.0237,-0.1932,0.0556,-0.0006,1.0276,-0.0322,1.5646,0.000225,0.0008,0.0
17.125,FLIGHT,0.869,1.5048,0.3371,0.0954,0.3338,0.1117,-0.0235,-0.1931,0.0526,0.0013,1.0279,-0.0357,1.5666,0.000228,0.0007,0.0
17.13,FLIGHT,0.8707,1.5054,0.3327,0.1134,0.3282,0.1294,-0.0232,-0.1931,0.0494,0.0032,1.0281,-0.0384,1.5681,0.000232,0.0006,0.0
17.135,FLIGHT,0.8723,1.5061,0.3272,0.1309,0.3218,0.1463,-0.023,-0.1931,0.046,0.0051,1.0283,-0.0406,1.5691,0.000235,0.0006,0.0
17.14,FLIGHT,0.8739,1.5068,0.3209,0.1477,0.3149,0.1622,-0.0228,-0.1931,0.0425,0.0069,1.0285,-0.0422,1.5699,0.000238,0.0005,0.0
17.145,FLIGHT,0.8755,1.5077,0.314,0.1634,0.3078,0.177,-0.0226,-0.193,0.0391,0.0086,1.0287,-0.0434,1.5703,0.00024,0.0005,0.0
17.15,FLIGHT,0.877,1.5086,0.3069,0.178,0.3005,0.1906,-0.0224,-0.193,0.0358,0.0102,1.0289,-0.0442,1.5705,0.000242,0.0004,0.0
17.155,FLIGHT,0.8785,1.5096,0.2998,0.1915,0.2934,0.2029,-0.0223,-0.1929,0.0326,0.0117,1.0291,-0.0447,1.5705,0.000244,0.0003,0.0
17.16,FLIGHT,0.8799,1.5106,0.2927,0.2036,0.2864,0.2139,-0.0221,-0.1928,0.0296,0.0131,1.0292,-0.045,1.5704,0.000246,0.0003,0.0
17.165,FLIGHT,0.8813,1.5117,0.2858,0.2145,0.2797,0.2236,-0.022,-0.1928,0.0268,0.0143,1.0293,-0.045,1.5701,0.000247,0.0002,0.0
17.17,FLIGHT,0.8827,1.5129,0.2791,0.224,0.2733,0.2319,-0.0219,-0.1927,0.0243,0.0154,1.0294,-0.0449,1.5698,0.000248,0.0002,0.0
17.175,FLIGHT,0.8841,1.514,0.2728,0.2322,0.2674,0.239,-0.0218,-0.1926,0.022,0.0164,1.0295,-0.0447,1.5695,0.000249,0.0002,0.0
17.18,FLIGHT,0.8854,1.5152,0.2669,0.2392,0.2618,0.2449,-0.0217,-0.1925,0.0199,0.0172,1.0296,-0.0444,1.5691,0.00025,0.0001,0.0
17.185,FLIGHT,0.8867,1.5165,0.2614,0.245,0.2566,0.2496,-0.0216,-0.1924,0.018,0.0179,1.0296,-0.044,1.5688,0.00025,0.0001,0.0
17.19,FLIGHT,0.888,1.5177,0.2563,0.2496,0.2518,0.2533,-0.0215,-0.1923,0.0164,0.0184,1.0296,-0.0437,1.5684,0.000251,0.0001,0.0
17.195,FLIGHT,0.8892,1.519,0.2515,0.2532,0.2474,0.2559,-0.0215,-0.1922,0.015,0.0189,1.0296,-0.0434,1.5681,0.000251,0.0,0.0
17.2,FLIGHT,0.8904,1.5203,0.2472,0.2558,0.2434,0.2576,-0.0214,-0.1921,0.0138,0.0193,1.0296,-0.043,1.5679,0.000251,0.0,0.0
17.205,FLIGHT,0.8916,1.5216,0.2431,0.2574,0.2397,0.2585,-0.0213,-0.192,0.0128,0.0195,1.0296,-0.0428,1.5677,0.000251,-0.0,0.0
17.21,FLIGHT,0.8928,1.5229,0.2394,0.2582,0.2362,0.2586,-0.0213,-0.1919,0.0119,0.0197,1.0295,-0.0425,1.5676,0.000251,-0.0,0.0
17.215,FLIGHT,0.894,1.5242,0.236,0.2583,0.233,0.258,-0.0212,-0.1918,0.0112,0.0198,1.0295,-0.0424,1.5676,0.000251,-0.0,0.0
17.22,FLIGHT,0.8952,1.5255,0.2328,0.2577,0.23,0.2568,-0.0212,-0.1917,0.0107,0.0198,1.0294,-0.0422,1.5676,0.000251,-0.0,0.0
17.225,FLIGHT,0.8963,1.5267,0.2298,0.2565,0.2272,0.2551,-0.0211,-0.1916,0.0103,0.0198,1.0293,-0.0422,1.5676,0.00025,-0.0001,0.0
17.23,FLIGHT,0.8974,1.528,0.227,0.2547,0.2245,0.2529,-0.0211,-0.1915,0.0099,0.0197,1.0291,-0.0422,1.5678,0.00025,-0.0001,0.0
17.235,FLIGHT,0.8985,1.5293,0.2243,0.2525,0.2219,0.2504,-0.021,-0.1914,0.0097,0.0196,1.029,-0.0423,1.5679,0.00025,-0.0001,0.0
17.24,FLIGHT,0.8996,1.5305,0.2217,0.2499,0.2194,0.2474,-0.021,-0.1913,0.0095,0.0194,1.0288,-0.0424,1.5682,0.000249,-0.0001,0.0
17.245,FLIGHT,0.9007,1.5317,0.2192,0.247,0.2169,0.2442,-0.0209,-0.1912,0.0094,0.0192,1.0286,-0.0426,1.5684,0.000249,-0.0001,0.0
17.25,FLIGHT,0.9018,1.533,0.2167,0.2438,0.2145,0.2408,-0.0209,-0.1911,0.0093,0.0189,1.0284,-0.0428,1.5688,0.000249,-0.0001,0.0
17.255,FLIGHT,0.9029,1.5342,0.2142,0.2403,0.212,0.2371,-0.0208,-0.1911,0.0093,0.0187,1.0281,-0.043,1.5691,0.000248,-0.0001,0.0
17.26,FLIGHT,0.9039,1.5353,0.2118,0.2367,0.2096,0.2333,-0.0208,-0.191,0.0093,0.0184,1.0279,-0.0433,1.5695,0.000248,-0.0001,0.0
17.265,FLIGHT,0.905,1.5365,0.2093,0.2328,0.2071,0.2294,-0.0207,-0.1909,0.0093,0.0181,1.0276,-0.0437,1.5699,0.000248,-0.0001,0.0
17.27,FLIGHT,0.906,1.5376,0.2068,0.2289,0.2046,0.2254,-0.0207,-0.1908,0.0093,0.0178,1.0273,-0.044,1.5704,0.000247,-0.0001,0.0
17.275,FLIGHT,0.907,1.5387,0.2043,0.2249,0.202,0.2213,-0.0206,-0.1907,0.0094,0.0174,1.027,-0.0444,1.5709,0.000247,-0.0001,0.0
17.28,FLIGHT,0.908,1.5398,0.2017,0.2208,0.1994,0.2172,-0.0206,-0.1906,0.0094,0.0171,1.0266,-0.0448,1.5713,0.000246,-0.0001,0.0
17.285,FLIGHT,0.909,1.5409,0.1991,0.2167,0.1967,0.213,-0.0206,-0.1905,0.0094,0.0168,1.0263,-0.0452,1.5718,0.000246,-0.0001,0.0
17.29,FLIGHT,0.91,1.542,0.1964,0.2126,0.1939,0.2088,-0.0205,-0.1905,0.0094,0.0164,1.0259,-0.0456,1.5723,0.000246,-0.0001,0.0
17.295,FLIGHT,0.911,1.543,0.1936,0.2084,0.1911,0.2047,-0.0205,-0.1904,0.0094,0.0161,1.0255,-0.0461,1.5728,0.000245,-0.0001,0.0
17.3,FLIGHT,0.9119,1.544,0.1908,0.2043,0.1882,0.2005,-0.0204,-0.1903,0.0094,0.0158,1.0251,-0.0465,1.5733,0.000245,-0.0001,0.0
17.305,FLIGHT,0.9128,1.545,0.1879,0.2001,0.1853,0.1964,-0.0204,-0.1902,0.0094,0.0155,1.0246,-0.0469,1.5738,0.000245,-0.0001,0.0
17.31,FLIGHT,0.9138,1.546,0.185,0.196,0.1824,0.1923,-0.0203,-0.1901,0.0094,0.0151,1.0242,-0.0474,1.5743,0.000244,-0.0001,0.0
17.315,FLIGHT,0.9147,1.5469,0.182,0.1919,0.1793,0.1883,-0.0203,-0.1901,0.0094,0.0148,1.0237,-0.0478,1.5747,0.000244,-0.0001,0.0
17.32,FLIGHT,0.9156,1.5479,0.179,0.1879,0.1763,0.1843,-0.0202,-0.19,0.0093,0.0145,1.0232,-0.0482,1.5752,0.000244,-0.0001,0.0
17.325,FLIGHT,0.9164,1.5488,0.176,0.1839,0.1732,0.1803,-0.0202,-0.1899,0.0092,0.0142,1.0227,-0.0486,1.5757,0.000243,-0.0001,0.0
17.33,FLIGHT,0.9173,1.5497,0.1729,0.1799,0.1701,0.1764,-0.0201,-0.1899,0.0092,0.0139,1.0221,-0.049,1.5761,0.000243,-0.0001,0.0
17.335,FLIGHT,0.9181,1.5505,0.1697,0.176,0.1669,0.1725,-0.0201,-0.1898,0.0091,0.0135,1.0216,-0.0494,1.5766,0.000243,-0.0001,0.0
17.34,FLIGHT,0.919,1.5514,0.1666,0.1721,0.1638,0.1687,-0.02,-0.1897,0.009,0.0132,1.021,-0.0497,1.577,0.000242,-0.0001,0.0
17.345,FLIGHT,0.9198,1.5522,0.1635,0.1683,0.1606,0.1649,-0.02,-0.1897,0.0089,0.0129,1.0204,-0.0501,1.5774,0.000242,-0.0001,0.0
17.35,FLIGHT,0.9206,1.553,0.1603,0.1645,0.1575,0.1612,-0.02,-0.1896,0.0088,0.0127,1.0198,-0.0505,1.5778,0.000242,-0.0001,0.0
17.355,FLIGHT,0.9213,1.5538,0.1572,0.1608,0.1543,0.1575,-0.0199,-0.1895,0.0086,0.0124,1.0192,-0.0508,1.5782,0.000241,-0.0001,0.0
17.36,FLIGHT,0.9221,1.5546,0.154,0.1571,0.1512,0.1538,-0.0199,-0.1895,0.0085,0.0121,1.0185,-0.0511,1.5786,0.000241,-0.0001,0.0
17.365,FLIGHT,0.9229,1.5554,0.1509,0.1535,0.1481,0.1502,-0.0198,-0.1894,0.0084,0.0118,1.0178,-0.0514,1.579,0.000241,-0.0001,0.0
17.37,FLIGHT,0.9236,1.5561,0.1477,0.1499,0.1449,0.1467,-0.0198,-0.1894,0.0083,0.0115,1.0172,-0.0517,1.5794,0.00024,-0.0001,0.0
17.375,FLIGHT,0.9243,1.5568,0.1446,0.1463,0.1419,0.1432,-0.0197,-0.1893,0.0081,0.0112,1.0165,-0.052,1.5797,0.00024,-0.0001,0.0
17.38,FLIGHT,0.925,1.5575,0.1415,0.1429,0.1388,0.1398,-0.0197,-0.1893,0.008,0.011,1.0157,-0.0523,1.5801,0.00024,-0.0001,0.0
17.385,FLIGHT,0.9257,1.5582,0.1385,0.1394,0.1358,0.1364,-0.0197,-0.1892,0.0079,0.0107,1.015,-0.0526,1.5804,0.00024,-0.0001,0.0
17.39,FLIGHT,0.9264,1.5589,0.1355,0.136,0.1328,0.133,-0.0196,-0.1891,0.0077,0.0105,1.0142,-0.0528,1.5807,0.000239,-0.0001,0.0
17.395,FLIGHT,0.927,1.5596,0.1325,0.1327,0.1298,0.1297,-0.0196,-0.1891,0.0076,0.0102,1.0135,-0.0531,1.581,0.000239,-0.0001,0.0
17.4,FLIGHT,0.9277,1.5602,0.1295,0.1294,0.1269,0.1265,-0.0196,-0.189,0.0075,0.0099,1.0127,-0.0533,1.5814,0.000239,-0.0001,0.0
17.405,FLIGHT,0.9283,1.5608,0.1266,0.1262,0.124,0.1233,-0.0195,-0.189,0.0073,0.0097,1.0119,-0.0535,1.5817,0.000238,-0.0001,0.0
17.41,FLIGHT,0.9289,1.5614,0.1237,0.123,0.1212,0.1201,-0.0195,-0.189,0.0072,0.0094,1.011,-0.0538,1.5819,0.000238,-0.0001,0.0
17.415,FLIGHT,0.9295,1.562,0.1209,0.1198,0.1184,0.117,-0.0194,-0.1889,0.0071,0.0092,1.0102,-0.054,1.5822,0.000238,-0.0001,0.0
17.42,FLIGHT,0.9301,1.5626,0.1181,0.1167,0.1157,0.114,-0.0194,-0.1889,0.007,0.009,1.0093,-0.0542,1.5825,0.000237,-0.0001,0.0
17.425,FLIGHT,0.9307,1.5632,0.1154,0.1137,0.113,0.111,-0.0194,-0.1888,0.0068,0.0087,1.0085,-0.0544,1.5828,0.000237,-0.0001,0.0
17.43,FLIGHT,0.9312,1.5637,0.1127,0.1107,0.1103,0.1081,-0.0193,-0.1888,0.0067,0.0085,1.0076,-0.0546,1.583,0.000237,-0.0001,0.0
17.435,FLIGHT,0.9318,1.5643,0.1101,0.1078,0.1077,0.1052,-0.0193,-0.1887,0.0066,0.0083,1.0067,-0.0548,1.5833,0.000237,-0.0001,0.0
17.44,FLIGHT,0.9323,1.5648,0.1075,0.1049,0.1052,0.1024,-0.0193,-0.1887,0.0065,0.008,1.0058,-0.055,1.5836,0.000236,-0.0001,0.0
17.445,FLIGHT,0.9328,1.5653,0.1049,0.1021,0.1027,0.0996,-0.0192,-0.1887,0.0064,0.0078,1.0048,-0.0552,1.5838,0.000236,-0.0001,0.0
17.45,FLIGHT,0.9333,1.5658,0.1024,0.0993,0.1002,0.0969,-0.0192,-0.1886,0.0063,0.0076,1.0039,-0.0553,1.584,0.000236,-0.0001,0.0
17.455,FLIGHT,0.9338,1.5662,0.1,0.0966,0.0978,0.0942,-0.0192,-0.1886,0.0061,0.0074,1.0029,-0.0555,1.5843,0.000236,-0.0,0.0
17.46,FLIGHT,0.9343,1.5667,0.0975,0.094,0.0954,0.0916,-0.0192,-0.1885,0.006,0.0072,1.0019,-0.0557,1.5845,0.000235,-0.0,0.0
17.465,FLIGHT,0.9348,1.5672,0.0952,0.0914,0.0931,0.0891,-0.0191,-0.1885,0.0059,0.007,1.0009,-0.0559,1.5847,0.000235,-0.0,0.0
17.47,STANCE,0.9354,1.5677,0.1282,0.1115,0.2908,0.1335,-0.0191,-0.1885,0.0095,0.0083,0.9999,0.2565,-0.2759,-9.3e-05,-0.2707,0.0542
17.475,STANCE,0.9382,1.5673,0.4458,-0.048,0.7812,-0.3711,-0.0185,-0.1886,0.0904,-0.0128,0.999,0.0673,-0.8714,-0.00204,-0.4407,0.0902
17.48,STANCE,0.9423,1.5628,0.7074,-0.6892,1.0182,-1.2647,-0.0171,-0.1891,0.2251,-0.0774,0.9979,-0.2436,-1.2493,-0.003884,-0.3726,0.0784
17.485,STANCE,0.9448,1.5595,0.5143,-0.6039,0.1665,-0.2049,-0.0162,-0.1894,0.1778,-0.0651,0.9976,-0.4297,-1.8322,-0.004763,-0.0372,0.0122
17.49,STANCE,0.9455,1.5586,0.2714,-0.313,0.2149,-0.2698,-0.016,-0.1895,0.0932,-0.0337,0.9978,-0.5747,-2.3723,-0.004671,0.0581,0.0047
17.495,STANCE,0.9472,1.5555,0.3182,-0.5823,0.3197,-1.3083,-0.0152,-0.1898,0.1383,-0.0591,0.998,-0.8138,-2.4774,-0.004235,0.1381,0.0042
17.5,STANCE,0.9502,1.547,0.5591,-1.3681,0.98,-1.9422,-0.0135,-0.1907,0.2911,-0.1329,0.998,-1.1064,-2.1116,-0.003875,-0.0146,0.0068
17.505,STANCE,0.9561,1.5359,1.0009,-1.9827,1.2223,-2.6361,-0.0109,-0.1917,0.4623,-0.1879,0.9981,-1.4254,-1.5762,-0.004098,-0.0294,0.01
17.51,STANCE,0.9624,1.5214,1.1794,-2.611,1.2693,-3.0791,-0.0077,-0.1931,0.5885,-0.2348,0.998,-1.5319,-0.8541,-0.00423,-0.0243,0.0091
17.515,STANCE,0.9688,1.5057,1.2397,-2.978,1.2173,-3.2204,-0.0043,-0.1944,0.6582,-0.2536,0.998,-1.4521,-0.1423,-0.004377,-0.0205,0.0085
17.52,STANCE,0.9745,1.4896,1.1619,-3.1426,1.0526,-3.202,-0.0009,-0.1958,0.6733,-0.2534,0.998,-1.1779,0.4974,-0.004441,-0.004,0.0052
17.525,STANCE,0.9792,1.4739,1.007,-3.1398,0.8653,-3.0639,0.0023,-0.197,0.6489,-0.2407,0.9981,-0.7805,1.0025,-0.004403,0.0142,0.0044
17.53,STANCE,0.9831,1.4589,0.8352,-3.026,0.6667,-2.9163,0.0052,-0.1981,0.604,-0.2216,0.9983,-0.3789,1.3314,-0.00426,0.0482,0.0043
17.535,STANCE,0.9862,1.445,0.6926,-2.855,0.575,-2.7017,0.0079,-0.1991,0.5552,-0.2006,0.9985,-0.1317,1.4518,-0.004016,0.0653,0.004
17.54,FLIGHT,0.9885,1.4326,0.5088,-2.5629,0.1992,-2.1154,0.0101,-0.2,0.479,-0.1743,0.9988,-1.4815,2.7068,-0.003651,0.0924,0.0037
17.545,FLIGHT,0.988,1.4239,0.0592,-1.962,-0.3995,-1.3713,0.0113,-0.2006,0.3018,-0.1344,0.9993,-1.3804,2.6153,-0.003045,0.1474,0.003
17.55,FLIGHT,0.9847,1.4187,-0.4592,-1.3012,-0.9145,-0.7231,0.0114,-0.201,0.1002,-0.0945,1.0,-1.2177,2.478,-0.002206,0.1853,0.0022
17.555,FLIGHT,0.979,1.4165,-0.9361,-0.6921,-1.3297,-0.1843,0.0106,-0.2012,-0.0861,-0.0577,1.0009,-1.0367,2.3288,-0.001218,0.2077,0.0012
17.56,FLIGHT,0.9715,1.4167,-1.3316,-0.1734,-1.6452,0.2468,0.0091,-0.2013,-0.2425,-0.0243,1.0018,-0.8573,2.1826,-0.000151,0.2172,0.0002
17.565,FLIGHT,0.9627,1.4188,-1.6346,0.247,-1.8646,0.5805,0.007,-0.2012,-0.365,0.0063,1.0028,-0.6899,2.0473,0.000773,0.142,0.0
17.57,FLIGHT,0.953,1.4224,-1.8486,0.5734,-2.0036,0.8259,0.0045,-0.201,-0.4549,0.0339,1.0039,-0.5376,1.9252,0.001307,0.076,0.0
17.575,FLIGHT,0.9428,1.4269,-1.9843,0.8142,-2.0739,0.9946,0.0018,-0.2007,-0.5157,0.0582,1.005,-0.4017,1.8169,0.001571,0.0324,0.0
17.58,FLIGHT,0.9324,1.4322,-2.0522,0.9801,-2.0858,1.0984,-0.001,-0.2003,-0.5513,0.0787,1.0062,-0.2825,1.7229,0.001657,0.0045,0.0
17.585,FLIGHT,0.922,1.4378,-2.0627,1.0821,-2.0492,1.1482,-0.0039,-0.1998,-0.5656,0.0951,1.0073,-0.1798,1.6428,0.001633,-0.0127,0.0025
17.59,FLIGHT,0.912,1.4436,-2.0254,1.1312,-1.9735,1.1545,-0.0067,-0.1993,-0.5626,0.1071,1.0085,-0.0929,1.5759,0.001543,-0.0225,0.0045
17.595,FLIGHT,0.9023,1.4493,-1.9497,1.1374,-1.8673,1.1265,-0.0094,-0.1987,-0.5458,0.1149,1.0096,-0.0208,1.5214,0.001417,-0.0273,0.0055
17.6,FLIGHT,0.8933,1.4548,-1.8441,1.1099,-1.7383,1.0726,-0.012,-0.1982,-0.5186,0.1185,1.0107,0.0376,1.4782,0.001275,-0.029,0.0058
17.605,FLIGHT,0.885,1.46,-1.7159,1.0567,-1.5932,0.9999,-0.0144,-0.1976,-0.4836,0.1183,1.0118,0.0838,1.4451,0.00113,-0.0286,0.0057
17.61,FLIGHT,0.8774,1.4648,-1.5721,0.9852,-1.438,0.9148,-0.0165,-0.1971,-0.4435,0.115,1.0128,0.1189,1.4211,0.000991,-0.027,0.0054
17.615,FLIGHT,0.8706,1.4691,-1.4183,0.9014,-1.2776,0.8225,-0.0184,-0.1965,-0.4001,0.1089,1.0138,0.1444,1.4047,0.000862,-0.0247,0.0049
17.62,FLIGHT,0.8646,1.473,-1.2595,0.8105,-1.1163,0.7273,-0.0201,-0.1961,-0.3554,0.1009,1.0147,0.1615,1.395,0.000745,-0.022,0.0044
17.625,FLIGHT,0.8595,1.4764,-1.0998,0.7168,-0.9575,0.6328,-0.0216,-0.1956,-0.3105,0.0914,1.0156,0.1714,1.3909,0.000642,-0.0192,0.0038
17.63,FLIGHT,0.8551,1.4793,-0.9427,0.6238,-0.8039,0.5417,-0.0228,-0.1953,-0.2666,0.081,1.0165,0.1754,1.3912,0.000553,-0.0164,0.0033
17.635,FLIGHT,0.8514,1.4818,-0.7907,0.5342,-0.6577,0.4561,-0.0239,-0.1949,-0.2245,0.0702,1.0173,0.1743,1.3952,0.000478,-0.0138,0.0028
17.64,FLIGHT,0.8485,1.4839,-0.6461,0.45,-0.5204,0.3775,-0.0247,-0.1947,-0.1848,0.0595,1.018,0.1693,1.4021,0.000415,-0.0114,0.0023
17.645,FLIGHT,0.8462,1.4856,-0.5104,0.3727,-0.3932,0.3069,-0.0254,-0.1944,-0.148,0.0492,1.0187,0.161,1.411,0.000363,-0.0092,0.0018
17.65,FLIGHT,0.8445,1.487,-0.3846,0.3033,-0.2766,0.2449,-0.0259,-0.1943,-0.1143,0.0396,1.0194,0.1504,1.4214,0.000322,-0.0074,0.0015
17.655,FLIGHT,0.8434,1.4881,-0.2694,0.2424,-0.1712,0.1917,-0.0263,-0.1941,-0.0839,0.0308,1.02,0.1381,1.4328,0.000289,-0.0058,0.0012
17.66,FLIGHT,0.8428,1.4889,-0.1652,0.1902,-0.0768,0.1474,-0.0265,-0.194,-0.0568,0.023,1.0206,0.1246,1.4447,0.000263,-0.0045,0.0009
17.665,FLIGHT,0.8426,1.4896,-0.072,0.1467,0.0066,0.1115,-0.0266,-0.194,-0.033,0.0163,1.0212,0.1105,1.4567,0.000244,-0.0033,0.0007
17.67,FLIGHT,0.8428,1.4901,0.0104,0.1115,0.0794,0.0836,-0.0266,-0.1939,-0.0125,0.0107,1.0217,0.0961,1.4686,0.00023,-0.0024,0.0005
17.675,FLIGHT,0.8434,1.4904,0.0823,0.0843,0.1422,0.0633,-0.0266,-0.1939,0.005,0.0061,1.0222,0.0819,1.4801,0.00022,-0.0017,0.0003
17.68,FLIGHT,0.8442,1.4907,0.1443,0.0644,0.1956,0.0497,-0.0264,-0.1939,0.0196,0.0025,1.0227,0.068,1.4911,0.000213,-0.001,0.0002
17.685,FLIGHT,0.8453,1.4909,0.1971,0.0513,0.2403,0.0423,-0.0263,-0.1939,0.0315,-0.0001,1.0232,0.0547,1.5014,0.000209,-0.0006,0.0001
17.69,FLIGHT,0.8466,1.4911,0.2412,0.0441,0.2771,0.0402,-0.026,-0.1939,0.041,-0.002,1.0236,0.0421,1.5109,0.000207,-0.0002,0.0
17.695,FLIGHT,0.8481,1.4913,0.2774,0.0423,0.3066,0.0428,-0.0258,-0.1939,0.0483,-0.003,1.024,0.0304,1.5195,0.000207,0.0001,0.0
17.7,FLIGHT,0.8497,1.4916,0.3066,0.045,0.3297,0.0493,-0.0255,-0.194,0.0536,-0.0034,1.0244,0.0197,1.5273,0.000208,0.0004,0.0
17.705,FLIGHT,0.8514,1.4918,0.3294,0.0515,0.3472,0.0589,-0.0252,-0.194,0.0571,-0.0033,1.0247,0.01,1.5343,0.000211,0.0005,0.0
17.71,FLIGHT,0.8531,1.4922,0.3466,0.0612,0.3597,0.0711,-0.0249,-0.194,0.0592,-0.0027,1.0251,0.0013,1.5404,0.000213,0.0006,0.0
17.715,FLIGHT,0.855,1.4926,0.3589,0.0734,0.368,0.0852,-0.0246,-0.194,0.06,-0.0017,1.0254,-0.0064,1.5457,0.000217,0.0007,0.0
17.72,FLIGHT,0.8568,1.493,0.367,0.0875,0.3726,0.1008,-0.0243,-0.194,0.0597,-0.0004,1.0257,-0.0132,1.5502,0.00022,0.0007,0.0
17.725,FLIGHT,0.8587,1.4936,0.3716,0.1029,0.3743,0.1172,-0.024,-0.194,0.0586,0.001,1.026,-0.019,1.5541,0.000224,0.0007,0.0
17.73,FLIGHT,0.8606,1.4942,0.3732,0.1192,0.3735,0.134,-0.0237,-0.194,0.0567,0.0026,1.0263,-0.024,1.5573,0.000227,0.0007,0.0
17.735,FLIGHT,0.8624,1.4949,0.3724,0.1359,0.3708,0.1509,-0.0235,-0.1939,0.0544,0.0044,1.0266,-0.0282,1.5598,0.000231,0.0007,0.0
17.74,FLIGHT,0.8643,1.4957,0.3697,0.1526,0.3665,0.1675,-0.0232,-0.1939,0.0516,0.0061,1.0268,-0.0317,1.5619,0.000234,0.0006,0.0
17.745,FLIGHT,0.8661,1.4966,0.3654,0.1691,0.361,0.1836,-0.023,-0.1939,0.0486,0.0079,1.027,-0.0345,1.5635,0.000237,0.0006,0.0
17.75,FLIGHT,0.8679,1.4975,0.36,0.185,0.3547,0.1989,-0.0228,-0.1938,0.0454,0.0096,1.0272,-0.0368,1.5647,0.00024,0.0005,0.0
17.755,FLIGHT,0.8696,1.4986,0.3537,0.2001,0.3478,0.2133,-0.0225,-0.1938,0.0421,0.0112,1.0274,-0.0385,1.5656,0.000243,0.0005,0.0
17.76,FLIGHT,0.8713,1.4997,0.3469,0.2144,0.3406,0.2267,-0.0224,-0.1937,0.0389,0.0128,1.0276,-0.0398,1.5662,0.000245,0.0004,0.0
17.765,FLIGHT,0.873,1.5008,0.3398,0.2275,0.3333,0.2388,-0.0222,-0.1936,0.0358,0.0142,1.0278,-0.0408,1.5666,0.000247,0.0004,0.0
17.77,FLIGHT,0.8747,1.5021,0.3325,0.2395,0.326,0.2498,-0.022,-0.1935,0.0327,0.0156,1.0279,-0.0414,1.5667,0.000249,0.0003,0.0
17.775,FLIGHT,0.8763,1.5033,0.3252,0.2503,0.3188,0.2594,-0.0219,-0.1934,0.0299,0.0168,1.028,-0.0418,1.5668,0.00025,0.0003,0.0
17.78,FLIGHT,0.8779,1.5046,0.3181,0.2599,0.3118,0.2679,-0.0218,-0.1934,0.0272,0.0179,1.0281,-0.042,1.5667,0.000252,0.0002,0.0
17.785,FLIGHT,0.8794,1.506,0.3112,0.2682,0.3051,0.2751,-0.0216,-0.1933,0.0247,0.0189,1.0282,-0.042,1.5666,0.000253,0.0002,0.0
17.79,FLIGHT,0.8809,1.5074,0.3046,0.2752,0.2988,0.281,-0.0215,-0.1932,0.0225,0.0198,1.0283,-0.042,1.5664,0.000253,0.0001,0.0
17.795,FLIGHT,0.8824,1.5088,0.2983,0.2811,0.2928,0.2858,-0.0214,-0.1931,0.0205,0.0205,1.0283,-0.0418,1.5662,0.000254,0.0001,0.0
17.8,FLIGHT,0.8838,1.5103,0.2923,0.2858,0.2871,0.2896,-0.0213,-0.1929,0.0186,0.0211,1.0284,-0.0416,1.566,0.000254,0.0001,0.0
17.805,FLIGHT,0.8853,1.5117,0.2867,0.2895,0.2818,0.2922,-0.0213,-0.1928,0.0171,0.0216,1.0284,-0.0414,1.5658,0.000255,0.0,0.0
17.81,FLIGHT,0.8867,1.5132,0.2814,0.2921,0.2769,0.2939,-0.0212,-0.1927,0.0157,0.022,1.0284,-0.0412,1.5657,0.000255,0.0,0.0
17.815,FLIGHT,0.888,1.5146,0.2765,0.2937,0.2722,0.2948,-0.0211,-0.1926,0.0145,0.0222,1.0283,-0.041,1.5656,0.000255,-0.0,0.0
17.82,FLIGHT,0.8894,1.5161,0.2719,0.2945,0.2679,0.2948,-0.021,-0.1925,0.0135,0.0224,1.0283,-0.0409,1.5655,0.000255,-0.0,0.0
17.825,FLIGHT,0.8907,1.5176,0.2675,0.2944,0.2638,0.294,-0.021,-0.1924,0.0126,0.0225,1.0282,-0.0408,1.5655,0.000255,-0.0,0.0
17.83,FLIGHT,0.892,1.5191,0.2635,0.2937,0.2599,0.2927,-0.0209,-0.1923,0.0119,0.0226,1.0281,-0.0407,1.5656,0.000254,-0.0,0.0
17.835,FLIGHT,0.8933,1.5205,0.2596,0.2922,0.2562,0.2907,-0.0209,-0.1922,0.0113,0.0225,1.028,-0.0407,1.5657,0.000254,-0.0001,0.0
17.84,FLIGHT,0.8946,1.522,0.2559,0.2902,0.2527,0.2882,-0.0208,-0.1921,0.0109,0.0224,1.0279,-0.0407,1.5659,0.000254,-0.0001,0.0
17.845,FLIGHT,0.8958,1.5234,0.2524,0.2877,0.2494,0.2853,-0.0208,-0.1919,0.0105,0.0223,1.0277,-0.0408,1.5661,0.000253,-0.0001,0.0
17.85,FLIGHT,0.8971,1.5248,0.2491,0.2848,0.2461,0.282,-0.0207,-0.1918,0.0102,0.0221,1.0276,-0.0409,1.5663,0.000253,-0.0001,0.0
17.855,FLIGHT,0.8983,1.5262,0.2458,0.2815,0.2429,0.2783,-0.0207,-0.1917,0.01,0.0219,1.0274,-0.0411,1.5667,0.000253,-0.0001,0.0
17.86,FLIGHT,0.8995,1.5276,0.2426,0.2778,0.2397,0.2744,-0.0206,-0.1916,0.0098,0.0216,1.0271,-0.0413,1.567,0.000252,-0.0001,0.0
17.865,FLIGHT,0.9007,1.529,0.2394,0.2739,0.2366,0.2702,-0.0206,-0.1915,0.0097,0.0213,1.0269,-0.0416,1.5674,0.000252,-0.0001,0.0
17.87,FLIGHT,0.9019,1.5303,0.2363,0.2697,0.2335,0.2659,-0.0205,-0.1914,0.0097,0.021,1.0267,-0.0419,1.5678,0.000251,-0.0001,0.0
17.875,FLIGHT,0.903,1.5316,0.2332,0.2654,0.2304,0.2614,-0.0205,-0.1913,0.0096,0.0207,1.0264,-0.0423,1.5683,0.000251,-0.0001,0.0
17.88,FLIGHT,0.9042,1.5329,0.2301,0.2609,0.2273,0.2568,-0.0204,-0.1912,0.0096,0.0203,1.0261,-0.0426,1.5688,0.00025,-0.0001,0.0
17.885,FLIGHT,0.9053,1.5342,0.2269,0.2563,0.2241,0.2521,-0.0204,-0.1911,0.0096,0.02,1.0258,-0.043,1.5693,0.00025,-0.0001,0.0
17.89,FLIGHT,0.9064,1.5354,0.2238,0.2516,0.2209,0.2473,-0.0203,-0.191,0.0096,0.0196,1.0254,-0.0435,1.5698,0.00025,-0.0001,0.0
17.895,FLIGHT,0.9075,1.5367,0.2206,0.2468,0.2177,0.2426,-0.0203,-0.1909,0.0096,0.0192,1.0251,-0.0439,1.5703,0.000249,-0.0001,0.0
17.9,FLIGHT,0.9086,1.5379,0.2173,0.242,0.2144,0.2377,-0.0202,-0.1908,0.0096,0.0188,1.0247,-0.0443,1.5708,0.000249,-0.0001,0.0
17.905,FLIGHT,0.9097,1.539,0.214,0.2372,0.2111,0.2329,-0.0202,-0.1907,0.0096,0.0184,1.0243,-0.0448,1.5714,0.000248,-0.0001,0.0
17.91,FLIGHT,0.9107,1.5402,0.2107,0.2324,0.2077,0.2281,-0.0201,-0.1906,0.0095,0.0181,1.0239,-0.0453,1.5719,0.000248,-0.0001,0.0
17.915,FLIGHT,0.9117,1.5413,0.2073,0.2276,0.2043,0.2233,-0.0201,-0.1905,0.0095,0.0177,1.0235,-0.0457,1.5724,0.000247,-0.0001,0.0
17.92,FLIGHT,0.9128,1.5424,0.2039,0.2229,0.2009,0.2186,-0.02,-0.1905,0.0095,0.0173,1.023,-0.0462,1.573,0.000247,-0.0001,0.0
17.925,FLIGHT,0.9138,1.5435,0.2005,0.2181,0.1974,0.2139,-0.02,-0.1904,0.0094,0.0169,1.0225,-0.0466,1.5735,0.000247,-0.0001,0.0
17.93,FLIGHT,0.9147,1.5446,0.197,0.2134,0.1938,0.2092,-0.0199,-0.1903,0.0094,0.0166,1.022,-0.0471,1.574,0.000246,-0.0001,0.0
17.935,FLIGHT,0.9157,1.5456,0.1935,0.2087,0.1903,0.2046,-0.0199,-0.1902,0.0093,0.0162,1.0215,-0.0475,1.5745,0.000246,-0.0001,0.0
17.94,FLIGHT,0.9166,1.5466,0.1899,0.2041,0.1867,0.2,-0.0199,-0.1901,0.0092,0.0158,1.021,-0.0479,1.575,0.000245,-0.0001,0.0
17.945,FLIGHT,0.9176,1.5476,0.1864,0.1996,0.1832,0.1955,-0.0198,-0.1901,0.0091,0.0155,1.0204,-0.0484,1.5755,0.000245,-0.0001,0.0
17.95,FLIGHT,0.9185,1.5486,0.1828,0.195,0.1796,0.191,-0.0198,-0.19,0.009,0.0151,1.0199,-0.0488,1.576,0.000245,-0.0001,0.0
17.955,FLIGHT,0.9194,1.5495,0.1792,0.1906,0.176,0.1866,-0.0197,-0.1899,0.0089,0.0148,1.0193,-0.0492,1.5765,0.000244,-0.0001,0.0
17.96,FLIGHT,0.9202,1.5504,0.1756,0.1862,0.1724,0.1823,-0.0197,-0.1898,0.0088,0.0144,1.0187,-0.0495,1.5769,0.000244,-0.0001,0.0
17.965,FLIGHT,0.9211,1.5513,0.172,0.1818,0.1688,0.178,-0.0196,-0.1898,0.0087,0.0141,1.018,-0.0499,1.5774,0.000243,-0.0001,0.0
17.97,FLIGHT,0.9219,1.5522,0.1684,0.1776,0.1652,0.1738,-0.0196,-0.1897,0.0086,0.0138,1.0174,-0.0503,1.5778,0.000243,-0.0001,0.0
17.975,FLIGHT,0.9227,1.5531,0.1649,0.1733,0.1617,0.1696,-0.0195,-0.1896,0.0084,0.0134,1.0167,-0.0506,1.5782,0.000243,-0.0001,0.0
17.98,FLIGHT,0.9235,1.5539,0.1613,0.1692,0.1582,0.1655,-0.0195,-0.1896,0.0083,0.0131,1.0161,-0.0509,1.5786,0.000242,-0.0001,0.0
17.985,FLIGHT,0.9243,1.5547,0.1578,0.1651,0.1547,0.1614,-0.0195,-0.1895,0.0082,0.0128,1.0154,-0.0513,1.579,0.000242,-0.0001,0.0
17.99,FLIGHT,0.9251,1.5555,0.1543,0.161,0.1512,0.1574,-0.0194,-0.1894,0.008,0.0125,1.0146,-0.0516,1.5794,0.000242,-0.0001,0.0
17.995,FLIGHT,0.9258,1.5563,0.1509,0.1571,0.1478,0.1535,-0.0194,-0.1894,0.0079,0.0122,1.0139,-0.0519,1.5798,0.000241,-0.0001,0.0
18.0,FLIGHT,0.9266,1.5571,0.1475,0.1531,0.1444,0.1496,-0.0193,-0.1893,0.0078,0.0119,1.0131,-0.0522,1.5801,0.000241,-0.0001,0.0
18.005,FLIGHT,0.9273,1.5578,0.1441,0.1493,0.1411,0.1458,-0.0193,-0.1893,0.0076,0.0116,1.0124,-0.0524,1.5805,0.00024,-0.0001,0.0
18.01,FLIGHT,0.928,1.5585,0.1408,0.1455,0.1378,0.1421,-0.0193,-0.1892,0.0075,0.0113,1.0116,-0.0527,1.5808,0.00024,-0.0001,0.0
18.015,FLIGHT,0.9286,1.5592,0.1375,0.1417,0.1346,0.1384,-0.0192,-0.1892,0.0073,0.011,1.0108,-0.053,1.5811,0.00024,-0.0001,0.0
18.02,FLIGHT,0.9293,1.5599,0.1343,0.1381,0.1314,0.1348,-0.0192,-0.1891,0.0072,0.0107,1.01,-0.0532,1.5815,0.000239,-0.0001,0.0
18.025,FLIGHT,0.93,1.5606,0.1311,0.1345,0.1282,0.1312,-0.0192,-0.1891,0.0071,0.0104,1.0091,-0.0534,1.5818,0.000239,-0.0001,0.0
18.03,FLIGHT,0.9306,1.5612,0.1279,0.1309,0.1252,0.1277,-0.0191,-0.189,0.0069,0.0101,1.0083,-0.0537,1.5821,0.000239,-0.0001,0.0
18.035,FLIGHT,0.9312,1.5618,0.1249,0.1274,0.1221,0.1243,-0.0191,-0.189,0.0068,0.0099,1.0074,-0.0539,1.5824,0.000238,-0.0001,0.0
18.04,FLIGHT,0.9318,1.5625,0.1218,0.124,0.1191,0.121,-0.0191,-0.1889,0.0067,0.0096,1.0065,-0.0541,1.5827,0.000238,-0.0001,0.0
18.045,FLIGHT,0.9324,1.5631,0.1188,0.1206,0.1162,0.1176,-0.019,-0.1889,0.0066,0.0093,1.0056,-0.0543,1.583,0.000238,-0.0001,0.0
18.05,FLIGHT,0.933,1.5636,0.1159,0.1173,0.1133,0.1144,-0.019,-0.1888,0.0064,0.0091,1.0047,-0.0545,1.5832,0.000237,-0.0001,0.0
18.055,FLIGHT,0.9335,1.5642,0.1131,0.1141,0.1105,0.1112,-0.019,-0.1888,0.0063,0.0088,1.0037,-0.0547,1.5835,0.000237,-0.0001,0.0
18.06,FLIGHT,0.9341,1.5647,0.1103,0.1109,0.1078,0.1081,-0.0189,-0.1887,0.0062,0.0086,1.0028,-0.0549,1.5838,0.000237,-0.0001,0.0
18.065,FLIGHT,0.9346,1.5653,0.1075,0.1078,0.1051,0.1051,-0.0189,-0.1887,0.0061,0.0083,1.0018,-0.0551,1.584,0.000237,-0.0001,0.0
18.07,FLIGHT,0.9351,1.5658,0.1048,0.1048,0.1024,0.1021,-0.0189,-0.1887,0.006,0.0081,1.0008,-0.0553,1.5843,0.000236,-0.0001,0.0
18.075,STANCE,0.9359,1.5665,0.1501,0.1395,0.3163,0.1659,-0.0188,-0.1886,0.0099,0.0106,0.9999,0.2458,-0.2834,-0.00024,-0.2905,0.0583
18.08,STANCE,0.9387,1.5662,0.4525,-0.0371,0.7326,-0.4242,-0.0183,-0.1887,0.0903,-0.0118,0.999,0.0605,-0.8701,-0.002106,-0.3852,0.0791
18.085,STANCE,0.943,1.5619,0.7613,-0.62,1.1539,-1.0963,-0.0169,-0.1892,0.2263,-0.0715,0.9979,-0.2726,-1.27,-0.003905,-0.4013,0.0842
18.09,STANCE,0.9466,1.5583,0.6651,-0.6239,0.2491,-0.224,-0.0157,-0.1896,0.2093,-0.0688,0.9975,-0.5104,-1.8079,-0.005075,-0.0617,0.0174
18.095,STANCE,0.9474,1.5578,0.3198,-0.2645,0.1724,-0.1298,-0.0155,-0.1896,0.096,-0.0297,0.9977,-0.6169,-2.3744,-0.005016,0.0614,0.005
18.1,STANCE,0.9489,1.556,0.3141,-0.3721,0.3496,-0.8465,-0.015,-0.1898,0.1095,-0.0393,0.998,-0.8274,-2.5545,-0.004578,0.1244,0.0046
18.105,STANCE,0.9505,1.5484,0.3269,-1.1737,0.5236,-1.4834,-0.0137,-0.1905,0.2204,-0.1122,0.998,-1.007,-2.2006,-0.003801,0.0953,0.0038
18.11,STANCE,0.9546,1.54,0.7028,-1.5477,1.0763,-1.953,-0.0117,-0.1914,0.3448,-0.1476,0.9982,-1.2642,-1.7965,-0.003722,-0.0317,0.0101
18.115,STANCE,0.96,1.5282,0.9413,-2.1552,0.9207,-2.879,-0.0091,-0.1925,0.4773,-0.1976,0.9982,-1.3756,-1.1055,-0.003781,0.045,0.0038
18.12,STANCE,0.9657,1.5141,1.0891,-2.5998,1.1151,-2.965,-0.006,-0.1937,0.5726,-0.2275,0.9983,-1.3283,-0.3674,-0.003834,-0.0007,0.004
18.125,STANCE,0.9711,1.499,1.0748,-2.8878,0.9855,-3.0906,-0.0029,-0.195,0.6163,-0.2402,0.9984,-1.0907,0.3306,-0.003805,0.0203,0.0038
18.13,STANCE,0.9758,1.4838,0.9792,-2.9828,0.8388,-3.0334,0.0002,-0.1962,0.617,-0.2363,0.9985,-0.735,0.8904,-0.003708,0.038,0.0037
18.135,STANCE,0.9798,1.4692,0.8515,-2.9377,0.7498,-2.8375,0.0031,-0.1974,0.5907,-0.2225,0.9987,-0.3682,1.2619,-0.003528,0.0398,0.0035
18.14,STANCE,0.9833,1.4554,0.7422,-2.8029,0.6587,-2.6604,0.0058,-0.1984,0.5542,-0.2035,0.9989,-0.1438,1.4047,-0.003277,0.0568,0.0033
18.145,FLIGHT,0.986,1.4429,0.5839,-2.5619,0.3208,-2.1944,0.0081,-0.1993,0.4911,-0.1795,0.9993,-1.1754,2.4841,-0.002899,0.0997,0.0029
18.15,FLIGHT,0.9863,1.4336,0.213,-2.0576,-0.161,-1.5555,0.0096,-0.2,0.345,-0.143,0.9998,-1.1048,2.4168,-0.002288,0.1425,0.0023
18.155,FLIGHT,0.9845,1.4272,-0.209,-1.4915,-0.5797,-0.9924,0.0101,-0.2004,0.1778,-0.1063,1.0004,-0.9831,2.3116,-0.001497,0.172,0.0015
18.16,FLIGHT,0.9807,1.4235,-0.5985,-0.9618,-0.9215,-0.5167,0.0099,-0.2007,0.0215,-0.0731,1.0012,-0.8448,2.1956,-0.000589,0.1893,0.0006
18.165,FLIGHT,0.9754,1.4219,-0.9245,-0.5029,-1.1836,-0.1268,0.0091,-0.2009,-0.1118,-0.0438,1.002,-0.7062,2.0814,0.000348,0.1631,0.0
18.17,FLIGHT,0.969,1.4221,-1.1772,-0.1223,-1.3715,0.1837,0.0078,-0.2009,-0.2186,-0.0179,1.0029,-0.5753,1.9748,0.00098,0.0933,0.0
18.175,FLIGHT,0.9618,1.4236,-1.3607,0.1819,-1.4962,0.4216,0.0061,-0.2009,-0.2998,0.0049,1.0039,-0.4546,1.8775,0.001319,0.0457,0.0
18.18,FLIGHT,0.9541,1.4262,-1.4822,0.4158,-1.5654,0.5962,0.0042,-0.2007,-0.3579,0.0246,1.0049,-0.3456,1.7906,0.001464,0.0147,0.0
18.185,FLIGHT,0.9462,1.4295,-1.5491,0.5877,-1.5868,0.7165,0.0021,-0.2005,-0.3954,0.0412,1.006,-0.2491,1.7144,0.001485,-0.0047,0.0009
18.19,FLIGHT,0.9383,1.4333,-1.5691,0.7063,-1.5682,0.7911,-0.0,-0.2002,-0.4154,0.0547,1.0071,-0.1652,1.6489,0.00143,-0.0163,0.0033
18.195,FLIGHT,0.9306,1.4374,-1.5497,0.7799,-1.5169,0.8281,-0.0021,-0.1999,-0.4209,0.065,1.0081,-0.0934,1.5937,0.001331,-0.0225,0.0045
18.2,FLIGHT,0.9232,1.4415,-1.4982,0.8165,-1.4396,0.835,-0.0042,-0.1995,-0.4145,0.0722,1.0092,-0.0332,1.5481,0.001211,-0.0252,0.005
18.205,FLIGHT,0.9162,1.4457,-1.4211,0.8234,-1.3426,0.8183,-0.0062,-0.1991,-0.3989,0.0766,1.0102,0.0162,1.5113,0.001083,-0.0257,0.0051
18.21,FLIGHT,0.9098,1.4497,-1.3246,0.8071,-1.2312,0.7839,-0.008,-0.1988,-0.3761,0.0783,1.0112,0.0558,1.4826,0.000956,-0.0247,0.0049
18.215,FLIGHT,0.9039,1.4535,-1.2141,0.7733,-1.1102,0.7368,-0.0097,-0.1984,-0.3484,0.0776,1.0122,0.0866,1.461,0.000837,-0.0229,0.0046
18.22,FLIGHT,0.8987,1.457,-1.0942,0.7272,-0.9839,0.6816,-0.0112,-0.198,-0.3172,0.0751,1.0131,0.1095,1.4457,0.000728,-0.0206,0.0041
18.225,FLIGHT,0.8941,1.4603,-0.9691,0.6728,-0.8557,0.6216,-0.0126,-0.1977,-0.2841,0.0711,1.014,0.1255,1.4358,0.000631,-0.0182,0.0036
18.23,FLIGHT,0.8901,1.4633,-0.8421,0.6139,-0.7284,0.56,-0.0138,-0.1974,-0.2503,0.0659,1.0149,0.1356,1.4305,0.000546,-0.0156,0.0031
18.235,FLIGHT,0.8868,1.4659,-0.7161,0.5534,-0.6044,0.4992,-0.0148,-0.1971,-0.2166,0.06,1.0157,0.1407,1.4289,0.000474,-0.0132,0.0026
18.24,FLIGHT,0.8841,1.4682,-0.5934,0.4936,-0.4856,0.4409,-0.0157,-0.1968,-0.1839,0.0537,1.0165,0.1416,1.4304,0.000414,-0.011,0.0022
18.245,FLIGHT,0.8819,1.4703,-0.4759,0.4363,-0.3734,0.3866,-0.0164,-0.1966,-0.1527,0.0473,1.0173,0.139,1.4344,0.000364,-0.009,0.0018
18.25,FLIGHT,0.8803,1.4721,-0.3649,0.383,-0.2686,0.3373,-0.0169,-0.1964,-0.1235,0.041,1.018,0.1337,1.4403,0.000324,-0.0072,0.0014
18.255,FLIGHT,0.8792,1.4737,-0.2613,0.3345,-0.1722,0.2935,-0.0174,-0.1963,-0.0965,0.0351,1.0187,0.1263,1.4476,0.000292,-0.0057,0.0011
18.26,FLIGHT,0.8786,1.4751,-0.1659,0.2916,-0.0843,0.2558,-0.0177,-0.1961,-0.0719,0.0296,1.0194,0.1172,1.4558,0.000266,-0.0044,0.0009
18.265,FLIGHT,0.8784,1.4763,-0.0791,0.2546,-0.0052,0.224,-0.0179,-0.196,-0.0498,0.0248,1.02,0.1071,1.4646,0.000247,-0.0034,0.0007
18.27,FLIGHT,0.8785,1.4773,-0.0009,0.2235,0.0652,0.1983,-0.018,-0.1959,-0.0303,0.0206,1.0206,0.0963,1.4737,0.000232,-0.0025,0.0005
18.275,FLIGHT,0.879,1.4783,0.0687,0.1983,0.1272,0.1783,-0.018,-0.1959,-0.0132,0.017,1.0212,0.0851,1.4829,0.000222,-0.0018,0.0004
18.28,FLIGHT,0.8798,1.4791,0.1298,0.1788,0.181,0.1638,-0.018,-0.1958,0.0014,0.0141,1.0218,0.0738,1.4918,0.000214,-0.0012,0.0002
18.285,FLIGHT,0.8808,1.4799,0.183,0.1646,0.2271,0.1542,-0.0179,-0.1957,0.0137,0.0119,1.0223,0.0627,1.5005,0.000209,-0.0007,0.0001
18.29,FLIGHT,0.882,1.4807,0.2285,0.1554,0.2661,0.1491,-0.0177,-0.1957,0.0238,0.0102,1.0228,0.052,1.5087,0.000207,-0.0003,0.0001
18.295,FLIGHT,0.8834,1.4814,0.267,0.1505,0.2985,0.148,-0.0176,-0.1956,0.032,0.0091,1.0233,0.0418,1.5164,0.000206,-0.0,0.0
18.3,FLIGHT,0.885,1.4821,0.299,0.1496,0.3248,0.1503,-0.0174,-0.1956,0.0383,0.0085,1.0237,0.0322,1.5235,0.000206,0.0002,0.0
18.305,FLIGHT,0.8867,1.4829,0.325,0.152,0.3458,0.1556,-0.0171,-0.1956,0.043,0.0083,1.0241,0.0233,1.53,0.000208,0.0004,0.0
18.31,FLIGHT,0.8885,1.4837,0.3456,0.1573,0.3619,0.1632,-0.0169,-0.1955,0.0463,0.0085,1.0246,0.0152,1.5358,0.00021,0.0005,0.0
18.315,FLIGHT,0.8903,1.4845,0.3615,0.165,0.3738,0.1727,-0.0167,-0.1955,0.0484,0.009,1.025,0.0078,1.541,0.000212,0.0006,0.0
18.32,FLIGHT,0.8922,1.4854,0.3732,0.1745,0.382,0.1837,-0.0164,-0.1954,0.0494,0.0098,1.0253,0.0012,1.5456,0.000215,0.0006,0.0
18.325,FLIGHT,0.8941,1.4864,0.3813,0.1855,0.387,0.1958,-0.0162,-0.1954,0.0494,0.0107,1.0257,-0.0047,1.5496,0.000219,0.0006,0.0
18.33,FLIGHT,0.8961,1.4874,0.3862,0.1974,0.3894,0.2084,-0.0159,-0.1953,0.0487,0.0118,1.0261,-0.0099,1.5531,0.000222,0.0006,0.0
18.335,FLIGHT,0.898,1.4885,0.3885,0.21,0.3895,0.2214,-0.0157,-0.1952,0.0474,0.013,1.0264,-0.0143,1.556,0.000225,0.0006,0.0
18.34,FLIGHT,0.8999,1.4896,0.3885,0.2228,0.3877,0.2344,-0.0155,-0.1952,0.0456,0.0142,1.0267,-0.0182,1.5585,0.000228,0.0006,0.0
18.345,FLIGHT,0.9019,1.4908,0.3868,0.2357,0.3845,0.2471,-0.0152,-0.1951,0.0435,0.0154,1.027,-0.0214,1.5605,0.000231,0.0006,0.0
18.35,FLIGHT,0.9038,1.4921,0.3836,0.2482,0.3801,0.2593,-0.015,-0.195,0.0411,0.0167,1.0273,-0.0242,1.5622,0.000233,0.0005,0.0
18.355,FLIGHT,0.9057,1.4934,0.3792,0.2603,0.3748,0.2709,-0.0149,-0.1949,0.0386,0.0179,1.0275,-0.0264,1.5636,0.000236,0.0005,0.0
18.36,FLIGHT,0.9075,1.4948,0.3739,0.2718,0.3689,0.2817,-0.0147,-0.1948,0.036,0.0191,1.0278,-0.0283,1.5646,0.000238,0.0004,0.0
18.365,FLIGHT,0.9094,1.4962,0.368,0.2825,0.3626,0.2917,-0.0145,-0.1947,0.0333,0.0202,1.028,-0.0297,1.5655,0.00024,0.0004,0.0
18.37,FLIGHT,0.9112,1.4977,0.3617,0.2923,0.3559,0.3006,-0.0144,-0.1946,0.0307,0.0212,1.0282,-0.0309,1.5661,0.000242,0.0003,0.0
18.375,FLIGHT,0.9129,1.4992,0.3551,0.3011,0.3491,0.3085,-0.0142,-0.1945,0.0282,0.0221,1.0284,-0.0318,1.5666,0.000243,0.0003,0.0
18.38,FLIGHT,0.9147,1.5008,0.3484,0.3089,0.3424,0.3154,-0.0141,-0.1944,0.0258,0.0229,1.0286,-0.0325,1.5669,0.000244,0.0002,0.0
18.385,FLIGHT,0.9164,1.5024,0.3417,0.3157,0.3356,0.3212,-0.014,-0.1943,0.0235,0.0237,1.0287,-0.033,1.5672,0.000245,0.0002,0.0
18.39,FLIGHT,0.918,1.504,0.335,0.3214,0.329,0.326,-0.0139,-0.1941,0.0214,0.0243,1.0288,-0.0333,1.5674,0.000246,0.0001,0.0
18.395,FLIGHT,0.9196,1.5056,0.3284,0.326,0.3226,0.3298,-0.0138,-0.194,0.0194,0.0249,1.0289,-0.0336,1.5675,0.000247,0.0001,0.0
18.4,FLIGHT,0.9212,1.5073,0.3221,0.3297,0.3164,0.3325,-0.0137,-0.1939,0.0177,0.0253,1.029,-0.0337,1.5676,0.000247,0.0001,0.0
18.405,FLIGHT,0.9228,1.509,0.3159,0.3324,0.3105,0.3343,-0.0136,-0.1937,0.0161,0.0257,1.0291,-0.0339,1.5677,0.000247,0.0,0.0
18.41,FLIGHT,0.9243,1.5106,0.3099,0.3341,0.3047,0.3353,-0.0136,-0.1936,0.0146,0.0259,1.0292,-0.0339,1.5678,0.000248,0.0,0.0
18.415,FLIGHT,0.9259,1.5123,0.3042,0.335,0.2992,0.3354,-0.0135,-0.1935,0.0134,0.0261,1.0292,-0.034,1.5679,0.000248,-0.0,0.0
18.42,FLIGHT,0.9273,1.514,0.2988,0.3351,0.2939,0.3348,-0.0134,-0.1934,0.0123,0.0262,1.0292,-0.0341,1.568,0.000248,-0.0,0.0
18.425,FLIGHT,0.9288,1.5157,0.2935,0.3344,0.2889,0.3334,-0.0134,-0.1932,0.0113,0.0263,1.0292,-0.0342,1.5682,0.000247,-0.0,0.0
18.43,FLIGHT,0.9302,1.5173,0.2884,0.333,0.284,0.3314,-0.0133,-0.1931,0.0105,0.0262,1.0292,-0.0343,1.5683,0.000247,-0.0001,0.0
18.435,FLIGHT,0.9316,1.519,0.2836,0.3309,0.2793,0.3289,-0.0133,-0.193,0.0098,0.0261,1.0291,-0.0344,1.5686,0.000247,-0.0001,0.0
18.44,FLIGHT,0.933,1.5206,0.2789,0.3283,0.2748,0.3258,-0.0132,-0.1928,0.0092,0.026,1.029,-0.0345,1.5688,0.000246,-0.0001,0.0
18.445,FLIGHT,0.9344,1.5222,0.2744,0.3252,0.2704,0.3222,-0.0132,-0.1927,0.0088,0.0258,1.0289,-0.0347,1.5691,0.000246,-0.0001,0.0
18.45,FLIGHT,0.9357,1.5238,0.27,0.3217,0.2661,0.3183,-0.0132,-0.1926,0.0084,0.0255,1.0288,-0.035,1.5695,0.000246,-0.0001,0.0
18.455,FLIGHT,0.937,1.5254,0.2656,0.3177,0.2618,0.314,-0.0131,-0.1925,0.008,0.0253,1.0287,-0.0352,1.5699,0.000245,-0.0001,0.0
18.46,FLIGHT,0.9383,1.527,0.2614,0.3135,0.2577,0.3095,-0.0131,-0.1923,0.0078,0.025,1.0285,-0.0355,1.5703,0.000245,-0.0001,0.0
18.465,FLIGHT,0.9396,1.5285,0.2573,0.3089,0.2536,0.3047,-0.013,-0.1922,0.0076,0.0246,1.0284,-0.0358,1.5707,0.000244,-0.0001,0.0
18.47,FLIGHT,0.9409,1.53,0.2532,0.3041,0.2495,0.2997,-0.013,-0.1921,0.0074,0.0242,1.0282,-0.0362,1.5712,0.000244,-0.0001,0.0
18.475,FLIGHT,0.9421,1.5315,0.2491,0.299,0.2455,0.2945,-0.013,-0.192,0.0073,0.0239,1.0279,-0.0366,1.5717,0.000243,-0.0001,0.0
18.48,FLIGHT,0.9433,1.533,0.2451,0.2939,0.2415,0.2891,-0.0129,-0.1919,0.0072,0.0235,1.0277,-0.037,1.5722,0.000242,-0.0001,0.0
18.485,FLIGHT,0.9445,1.5344,0.2411,0.2885,0.2375,0.2837,-0.0129,-0.1917,0.0071,0.0231,1.0274,-0.0374,1.5727,0.000242,-0.0001,0.0
18.49,FLIGHT,0.9457,1.5358,0.2371,0.2831,0.2334,0.2782,-0.0129,-0.1916,0.0071,0.0226,1.0272,-0.0379,1.5732,0.000241,-0.0001,0.0
18.495,FLIGHT,0.9469,1.5372,0.233,0.2776,0.2294,0.2727,-0.0128,-0.1915,0.007,0.0222,1.0269,-0.0383,1.5738,0.000241,-0.0001,0.0
18.5,FLIGHT,0.948,1.5385,0.229,0.2721,0.2254,0.2671,-0.0128,-0.1914,0.007,0.0218,1.0265,-0.0388,1.5743,0.00024,-0.0001,0.0
18.505,FLIGHT,0.9491,1.5398,0.2249,0.2665,0.2213,0.2615,-0.0128,-0.1913,0.0069,0.0213,1.0262,-0.0393,1.5749,0.00024,-0.0001,0.0
18.51,FLIGHT,0.9502,1.5411,0.2209,0.2609,0.2172,0.2559,-0.0127,-0.1912,0.0069,0.0209,1.0258,-0.0397,1.5754,0.000239,-0.0001,0.0
18.515,FLIGHT,0.9513,1.5424,0.2168,0.2553,0.2131,0.2503,-0.0127,-0.1911,0.0069,0.0204,1.0254,-0.0402,1.576,0.000239,-0.0001,0.0
18.52,FLIGHT,0.9523,1.5436,0.2127,0.2498,0.209,0.2448,-0.0127,-0.191,0.0068,0.02,1.025,-0.0407,1.5765,0.000238,-0.0001,0.0
18.525,FLIGHT,0.9534,1.5449,0.2086,0.2442,0.2049,0.2393,-0.0126,-0.1909,0.0068,0.0196,1.0246,-0.0412,1.5771,0.000237,-0.0001,0.0
18.53,FLIGHT,0.9544,1.546,0.2044,0.2387,0.2007,0.2338,-0.0126,-0.1908,0.0067,0.0191,1.0241,-0.0417,1.5776,0.000237,-0.0001,0.0
18.535,FLIGHT,0.9554,1.5472,0.2003,0.2333,0.1966,0.2284,-0.0126,-0.1907,0.0066,0.0187,1.0237,-0.0421,1.5782,0.000236,-0.0001,0.0
18.54,FLIGHT,0.9564,1.5483,0.1961,0.2279,0.1924,0.223,-0.0125,-0.1906,0.0066,0.0183,1.0232,-0.0426,1.5787,0.000236,-0.0001,0.0
18.545,FLIGHT,0.9573,1.5494,0.192,0.2225,0.1883,0.2178,-0.0125,-0.1905,0.0065,0.0178,1.0227,-0.043,1.5792,0.000235,-0.0001,0.0
18.55,FLIGHT,0.9582,1.5505,0.1879,0.2172,0.1841,0.2125,-0.0125,-0.1904,0.0064,0.0174,1.0222,-0.0434,1.5797,0.000235,-0.0001,0.0
18.555,FLIGHT,0.9592,1.5515,0.1837,0.212,0.18,0.2074,-0.0124,-0.1904,0.0063,0.017,1.0216,-0.0439,1.5802,0.000234,-0.0001,0.0
18.56,FLIGHT,0.96,1.5526,0.1796,0.2069,0.1759,0.2023,-0.0124,-0.1903,0.0062,0.0166,1.021,-0.0443,1.5807,0.000234,-0.0001,0.0
18.565,FLIGHT,0.9609,1.5536,0.1755,0.2018,0.1718,0.1973,-0.0124,-0.1902,0.0061,0.0162,1.0205,-0.0447,1.5811,0.000233,-0.0001,0.0
18.57,FLIGHT,0.9618,1.5545,0.1714,0.1968,0.1678,0.1923,-0.0123,-0.1901,0.006,0.0158,1.0198,-0.0451,1.5816,0.000233,-0.0001,0.0
18.575,FLIGHT,0.9626,1.5555,0.1674,0.1918,0.1638,0.1874,-0.0123,-0.19,0.0059,0.0154,1.0192,-0.0454,1.582,0.000232,-0.0001,0.0
18.58,FLIGHT,0.9634,1.5564,0.1634,0.187,0.1598,0.1826,-0.0123,-0.19,0.0058,0.015,1.0186,-0.0458,1.5825,0.000232,-0.0001,0.0
18.585,FLIGHT,0.9642,1.5573,0.1594,0.1822,0.1558,0.1779,-0.0122,-0.1899,0.0056,0.0146,1.0179,-0.0461,1.5829,0.000231,-0.0001,0.0
18.59,FLIGHT,0.965,1.5582,0.1555,0.1775,0.152,0.1733,-0.0122,-0.1898,0.0055,0.0143,1.0172,-0.0465,1.5833,0.000231,-0.0001,0.0
18.595,FLIGHT,0.9657,1.5591,0.1516,0.1728,0.1481,0.1687,-0.0122,-0.1898,0.0054,0.0139,1.0165,-0.0468,1.5837,0.00023,-0.0001,0.0
18.6,FLIGHT,0.9664,1.5599,0.1477,0.1683,0.1443,0.1642,-0.0122,-0.1897,0.0053,0.0135,1.0158,-0.0471,1.5841,0.00023,-0.0001,0.0
18.605,FLIGHT,0.9672,1.5607,0.1439,0.1638,0.1406,0.1598,-0.0121,-0.1896,0.0052,0.0132,1.0151,-0.0474,1.5844,0.00023,-0.0001,0.0
18.61,FLIGHT,0.9678,1.5615,0.1402,0.1594,0.1369,0.1555,-0.0121,-0.1896,0.005,0.0128,1.0143,-0.0477,1.5848,0.000229,-0.0001,0.0
18.615,FLIGHT,0.9685,1.5622,0.1365,0.155,0.1333,0.1512,-0.0121,-0.1895,0.0049,0.0125,1.0136,-0.048,1.5851,0.000229,-0.0001,0.0
18.62,FLIGHT,0.9692,1.563,0.1329,0.1508,0.1297,0.147,-0.0121,-0.1894,0.0048,0.0122,1.0128,-0.0482,1.5855,0.000228,-0.0001,0.0
18.625,FLIGHT,0.9698,1.5637,0.1293,0.1466,0.1262,0.1429,-0.012,-0.1894,0.0047,0.0118,1.012,-0.0485,1.5858,0.000228,-0.0001,0.0
18.63,FLIGHT,0.9704,1.5644,0.1258,0.1425,0.1227,0.1389,-0.012,-0.1893,0.0046,0.0115,1.0111,-0.0488,1.5861,0.000227,-0.0001,0.0
18.635,FLIGHT,0.971,1.5651,0.1224,0.1385,0.1194,0.1349,-0.012,-0.1893,0.0045,0.0112,1.0103,-0.049,1.5864,0.000227,-0.0001,0.0
18.64,FLIGHT,0.9716,1.5658,0.119,0.1346,0.1161,0.1311,-0.012,-0.1892,0.0043,0.0109,1.0094,-0.0492,1.5867,0.000227,-0.0001,0.0
18.645,FLIGHT,0.9722,1.5664,0.1157,0.1307,0.1128,0.1273,-0.012,-0.1892,0.0042,0.0105,1.0086,-0.0495,1.587,0.000226,-0.0001,0.0
18.65,FLIGHT,0.9728,1.567,0.1125,0.1269,0.1096,0.1235,-0.0119,-0.1891,0.0041,0.0102,1.0077,-0.0497,1.5873,0.000226,-0.0001,0.0
18.655,FLIGHT,0.9733,1.5677,0.1093,0.1232,0.1065,0.1199,-0.0119,-0.1891,0.004,0.0099,1.0068,-0.0499,1.5876,0.000225,-0.0001,0.0
18.66,FLIGHT,0.9738,1.5682,0.1062,0.1196,0.1035,0.1163,-0.0119,-0.189,0.0039,0.0097,1.0058,-0.0501,1.5879,0.000225,-0.0001,0.0
18.665,FLIGHT,0.9743,1.5688,0.1032,0.116,0.1005,0.1129,-0.0119,-0.189,0.0038,0.0094,1.0049,-0.0503,1.5881,0.000225,-0.0001,0.0
18.67,FLIGHT,0.9748,1.5694,0.1002,0.1125,0.0975,0.1095,-0.0119,-0.1889,0.0037,0.0091,1.0039,-0.0505,1.5884,0.000224,-0.0001,0.0
18.675,FLIGHT,0.9753,1.5699,0.0973,0.1091,0.0947,0.1061,-0.0118,-0.1889,0.0036,0.0088,1.003,-0.0507,1.5886,0.000224,-0.0001,0.0
18.68,FLIGHT,0.9758,1.5704,0.0944,0.1058,0.0919,0.1029,-0.0118,-0.1888,0.0035,0.0085,1.002,-0.0509,1.5889,0.000224,-0.0001,0.0
18.685,FLIGHT,0.9762,1.5709,0.0916,0.1026,0.0892,0.0997,-0.0118,-0.1888,0.0034,0.0083,1.001,-0.0511,1.5891,0.000223,-0.0001,0.0
18.69,FLIGHT,0.9767,1.5714,0.0889,0.0994,0.0865,0.0966,-0.0118,-0.1888,0.0034,0.008,1.0,-0.0512,1.5894,0.000223,-0.0001,0.0
18.695,STANCE,0.9783,1.5725,0.2772,0.1717,0.5878,0.1193,-0.0116,-0.1887,0.0291,0.0124,0.9992,0.0451,-0.5391,-0.000834,-0.3433,0.0695
18.7,STANCE,0.9822,1.5716,0.6306,-0.1109,0.8459,-0.6371,-0.0108,-0.1888,0.1341,-0.0168,0.9983,-0.2885,-1.0439,-0.002648,-0.3219,0.067
18.705,STANCE,0.985,1.5689,0.5409,-0.3461,0.2308,-0.1523,-0.0099,-0.1891,0.1493,-0.0365,0.9978,-0.5487,-1.5161,-0.003597,-0.0546,0.0145
18.71,STANCE,0.9859,1.5688,0.3041,-0.1257,0.2339,-0.031,-0.0097,-0.1891,0.0746,-0.0142,0.998,-0.7558,-2.0831,-0.003621,0.0273,0.0036
18.715,STANCE,0.9875,1.5678,0.3204,-0.1921,0.4023,-0.3894,-0.0093,-0.1892,0.0868,-0.0201,0.9983,-1.0395,-2.3726,-0.003349,0.0781,0.0033
18.72,STANCE,0.9893,1.563,0.3505,-0.7901,0.4804,-1.3565,-0.0082,-0.1896,0.1747,-0.0728,0.9983,-1.2805,-2.2298,-0.002777,0.0861,0.0028
18.725,STANCE,0.9931,1.5556,0.6459,-1.2754,0.964,-1.7086,-0.0065,-0.1903,0.2988,-0.1151,0.9984,-1.5588,-1.9059,-0.002706,-0.0346,0.0096
18.73,STANCE,0.9979,1.5453,0.8583,-1.8634,0.9723,-2.3861,-0.0042,-0.1912,0.4235,-0.1616,0.9984,-1.7037,-1.3386,-0.002826,-0.0145,0.0057
18.735,STANCE,1.003,1.5327,0.9584,-2.327,1.0178,-2.6352,-0.0014,-0.1923,0.5117,-0.193,0.9984,-1.6694,-0.6821,-0.00295,-0.0286,0.0087
18.74,STANCE,1.0077,1.519,0.9417,-2.6133,0.8722,-2.8033,0.0014,-0.1934,0.5537,-0.2071,0.9984,-1.4435,-0.0354,-0.003039,-0.0093,0.0049
18.745,STANCE,1.0117,1.5049,0.8318,-2.747,0.6633,-2.8588,0.0042,-0.1945,0.5562,-0.2085,0.9985,-1.0624,0.5355,-0.003048,0.0206,0.003
18.75,STANCE,1.0149,1.4911,0.6933,-2.7518,0.5468,-2.7403,0.0068,-0.1955,0.5342,-0.2009,0.9986,-0.6229,0.9718,-0.002982,0.0279,0.003
18.755,STANCE,1.0175,1.4778,0.5695,-2.6783,0.4511,-2.6176,0.0093,-0.1965,0.503,-0.1887,0.9988,-0.2574,1.2339,-0.002844,0.0432,0.0028
18.76,FLIGHT,1.0196,1.4651,0.4733,-2.5831,0.4175,-2.4787,0.0115,-0.1974,0.4734,-0.176,0.999,-1.3068,2.5957,-0.002604,0.0506,0.0026
18.765,FLIGHT,1.0203,1.4545,0.216,-2.2302,-0.1337,-1.7711,0.0132,-0.1981,0.3726,-0.1501,0.9993,-1.2946,2.5752,-0.002207,0.106,0.0022
18.77,FLIGHT,1.0184,1.4473,-0.2225,-1.6607,-0.6359,-1.1262,0.0139,-0.1986,0.202,-0.1157,0.9999,-1.181,2.4752,-0.001568,0.1473,0.0016
18.775,FLIGHT,1.0141,1.443,-0.6729,-1.0761,-1.0574,-0.5733,0.0137,-0.199,0.0256,-0.0822,1.0005,-1.0299,2.3475,-0.000758,0.1743,0.0008
18.78,FLIGHT,1.0079,1.4414,-1.0686,-0.5517,-1.3894,-0.118,0.0127,-0.1992,-0.1312,-0.0514,1.0013,-0.8702,2.2149,0.000148,0.1728,0.0
18.785,FLIGHT,1.0004,1.4417,-1.3855,-0.1107,-1.6327,0.2449,0.0112,-0.1992,-0.2597,-0.0232,1.0021,-0.716,2.0883,0.000825,0.1018,0.0
18.79,FLIGHT,0.9917,1.4437,-1.6222,0.2431,-1.8,0.5219,0.0092,-0.1992,-0.3588,0.0024,1.0031,-0.5721,1.9713,0.001202,0.0523,0.0
18.795,FLIGHT,0.9825,1.4468,-1.7849,0.5146,-1.8997,0.7233,0.0069,-0.199,-0.4303,0.0253,1.0041,-0.4414,1.8659,0.001376,0.0197,0.0
18.8,FLIGHT,0.9728,1.4508,-1.8816,0.7124,-1.9411,0.8594,0.0044,-0.1988,-0.4772,0.0452,1.0051,-0.325,1.7728,0.001418,-0.0009,0.0002
18.805,FLIGHT,0.9631,1.4553,-1.9209,0.8463,-1.9332,0.9405,0.0018,-0.1985,-0.5028,0.0618,1.0061,-0.2232,1.6923,0.00138,-0.0135,0.0027
18.81,FLIGHT,0.9536,1.4601,-1.9119,0.9261,-1.8847,0.9761,-0.0008,-0.1981,-0.5108,0.0748,1.0072,-0.1358,1.6239,0.001293,-0.0204,0.0041
18.815,FLIGHT,0.9443,1.465,-1.863,0.9611,-1.8037,0.9751,-0.0033,-0.1977,-0.5042,0.0841,1.0082,-0.062,1.5672,0.001182,-0.0237,0.0047
18.82,FLIGHT,0.9356,1.4698,-1.7821,0.9602,-1.6976,0.9456,-0.0057,-0.1973,-0.4863,0.0899,1.0092,-0.0011,1.5211,0.00106,-0.0246,0.0049
18.825,FLIGHT,0.9274,1.4744,-1.6766,0.9311,-1.5731,0.8946,-0.008,-0.1968,-0.4596,0.0923,1.0102,0.0481,1.4848,0.000938,-0.0239,0.0048
18.83,FLIGHT,0.9199,1.4787,-1.553,0.8809,-1.4359,0.8283,-0.0101,-0.1964,-0.4267,0.0918,1.0112,0.0866,1.4573,0.000822,-0.0224,0.0045
18.835,FLIGHT,0.9131,1.4827,-1.4169,0.8157,-1.2911,0.7522,-0.0119,-0.196,-0.3896,0.0886,1.0121,0.1157,1.4375,0.000715,-0.0203,0.0041
18.84,FLIGHT,0.907,1.4862,-1.2735,0.7407,-1.1429,0.6706,-0.0136,-0.1956,-0.3501,0.0834,1.0131,0.1365,1.4244,0.00062,-0.0179,0.0036
18.845,FLIGHT,0.9016,1.4894,-1.1267,0.6604,-0.995,0.5872,-0.0151,-0.1952,-0.3095,0.0767,1.0139,0.1501,1.4169,0.000536,-0.0155,0.0031
18.85,FLIGHT,0.897,1.4921,-0.9803,0.5783,-0.8501,0.505,-0.0164,-0.1949,-0.2691,0.0689,1.0147,0.1575,1.4142,0.000464,-0.0132,0.0026
18.855,FLIGHT,0.8931,1.4944,-0.8369,0.4975,-0.7107,0.4263,-0.0174,-0.1946,-0.2297,0.0605,1.0155,0.1598,1.4153,0.000404,-0.011,0.0022
18.86,FLIGHT,0.8899,1.4964,-0.699,0.4201,-0.5785,0.3529,-0.0183,-0.1944,-0.1921,0.0518,1.0163,0.1578,1.4195,0.000354,-0.0091,0.0018
18.865,FLIGHT,0.8873,1.498,-0.5682,0.3479,-0.4547,0.2859,-0.019,-0.1942,-0.1568,0.0433,1.017,0.1524,1.4261,0.000313,-0.0074,0.0015
18.87,FLIGHT,0.8853,1.4993,-0.4459,0.2821,-0.3403,0.2263,-0.0196,-0.194,-0.1241,0.0352,1.0177,0.1443,1.4345,0.00028,-0.0059,0.0012
18.875,FLIGHT,0.8839,1.5003,-0.3328,0.2235,-0.2359,0.1744,-0.02,-0.1939,-0.0943,0.0277,1.0183,0.1342,1.4441,0.000254,-0.0046,0.0009
18.88,FLIGHT,0.883,1.501,-0.2296,0.1726,-0.1416,0.1305,-0.0203,-0.1938,-0.0674,0.021,1.0189,0.1226,1.4545,0.000234,-0.0035,0.0007
18.885,FLIGHT,0.8825,1.5016,-0.1364,0.1294,-0.0575,0.0943,-0.0205,-0.1937,-0.0436,0.015,1.0195,0.1101,1.4653,0.000218,-0.0026,0.0005
18.89,FLIGHT,0.8824,1.502,-0.0533,0.094,0.0167,0.0656,-0.0205,-0.1937,-0.0228,0.01,1.02,0.0971,1.4762,0.000207,-0.0019,0.0004
18.895,FLIGHT,0.8826,1.5022,0.02,0.066,0.0814,0.0441,-0.0205,-0.1937,-0.0049,0.0058,1.0205,0.084,1.4869,0.000199,-0.0012,0.0002
18.9,FLIGHT,0.8832,1.5024,0.0839,0.045,0.137,0.0291,-0.0204,-0.1937,0.0103,0.0025,1.021,0.071,1.4972,0.000194,-0.0007,0.0001
18.905,FLIGHT,0.884,1.5025,0.1388,0.0304,0.1841,0.0201,-0.0203,-0.1937,0.0228,0.0001,1.0215,0.0584,1.507,0.000192,-0.0003,0.0001
18.91,FLIGHT,0.885,1.5026,0.1853,0.0217,0.2234,0.0164,-0.0201,-0.1937,0.033,-0.0017,1.0219,0.0463,1.5162,0.000191,-0.0,0.0
18.915,FLIGHT,0.8862,1.5027,0.2241,0.0183,0.2555,0.0173,-0.0199,-0.1937,0.041,-0.0027,1.0224,0.035,1.5246,0.000192,0.0002,0.0
18.92,FLIGHT,0.8875,1.5028,0.2558,0.0194,0.2813,0.0222,-0.0196,-0.1937,0.047,-0.0032,1.0228,0.0245,1.5323,0.000193,0.0004,0.0
18.925,FLIGHT,0.889,1.5029,0.2812,0.0244,0.3013,0.0305,-0.0194,-0.1937,0.0512,-0.0032,1.0232,0.0149,1.5392,0.000196,0.0006,0.0
18.93,FLIGHT,0.8905,1.5031,0.3009,0.0327,0.3162,0.0414,-0.0191,-0.1938,0.0539,-0.0027,1.0235,0.0062,1.5453,0.000199,0.0007,0.0
18.935,FLIGHT,0.8922,1.5034,0.3156,0.0436,0.3268,0.0544,-0.0188,-0.1938,0.0553,-0.0019,1.0239,-0.0016,1.5507,0.000202,0.0007,0.0
18.94,FLIGHT,0.8938,1.5037,0.326,0.0566,0.3336,0.069,-0.0185,-0.1938,0.0556,-0.0008,1.0242,-0.0085,1.5554,0.000206,0.0008,0.0
18.945,FLIGHT,0.8955,1.5041,0.3328,0.0711,0.3373,0.0847,-0.0183,-0.1938,0.055,0.0005,1.0245,-0.0145,1.5593,0.00021,0.0008,0.0
18.95,FLIGHT,0.8972,1.5045,0.3363,0.0867,0.3383,0.101,-0.018,-0.1938,0.0536,0.002,1.0248,-0.0196,1.5626,0.000214,0.0007,0.0
18.955,FLIGHT,0.8989,1.5051,0.3373,0.1029,0.3372,0.1175,-0.0177,-0.1937,0.0516,0.0036,1.0251,-0.024,1.5654,0.000217,0.0007,0.0
18.96,FLIGHT,0.9005,1.5057,0.3362,0.1193,0.3343,0.1339,-0.0175,-0.1937,0.0491,0.0052,1.0254,-0.0277,1.5676,0.000221,0.0007,0.0
18.965,FLIGHT,0.9022,1.5064,0.3333,0.1355,0.3301,0.15,-0.0173,-0.1937,0.0464,0.0068,1.0256,-0.0308,1.5693,0.000224,0.0006,0.0
18.97,FLIGHT,0.9038,1.5072,0.3291,0.1515,0.3249,0.1655,-0.0171,-0.1936,0.0434,0.0084,1.0258,-0.0332,1.5706,0.000227,0.0006,0.0
18.975,FLIGHT,0.9055,1.5081,0.324,0.1668,0.319,0.1801,-0.0169,-0.1936,0.0403,0.0099,1.0261,-0.0352,1.5716,0.00023,0.0005,0.0
18.98,FLIGHT,0.907,1.509,0.3182,0.1813,0.3127,0.1938,-0.0167,-0.1935,0.0372,0.0114,1.0263,-0.0367,1.5723,0.000232,0.0005,0.0
18.985,FLIGHT,0.9086,1.51,0.3119,0.1948,0.3061,0.2065,-0.0165,-0.1934,0.0341,0.0128,1.0264,-0.0378,1.5728,0.000234,0.0004,0.0
18.99,FLIGHT,0.9101,1.5111,0.3053,0.2073,0.2994,0.218,-0.0164,-0.1934,0.0312,0.0141,1.0266,-0.0386,1.573,0.000236,0.0004,0.0
18.995,FLIGHT,0.9116,1.5122,0.2987,0.2186,0.2927,0.2283,-0.0162,-0.1933,0.0283,0.0153,1.0267,-0.0391,1.5731,0.000238,0.0003,0.0
19.0,FLIGHT,0.913,1.5133,0.2921,0.2288,0.2862,0.2374,-0.0161,-0.1932,0.0256,0.0164,1.0269,-0.0394,1.573,0.000239,0.0003,0.0
19.005,FLIGHT,0.9144,1.5145,0.2856,0.2378,0.2799,0.2453,-0.016,-0.1931,0.0232,0.0173,1.027,-0.0396,1.5729,0.00024,0.0002,0.0
19.01,FLIGHT,0.9158,1.5158,0.2794,0.2456,0.2739,0.252,-0.0159,-0.193,0.0209,0.0182,1.0271,-0.0396,1.5727,0.000241,0.0002,0.0
19.015,FLIGHT,0.9172,1.5171,0.2734,0.2522,0.2682,0.2576,-0.0158,-0.1929,0.0188,0.0189,1.0271,-0.0395,1.5725,0.000242,0.0001,0.0
19.02,FLIGHT,0.9185,1.5184,0.2677,0.2577,0.2628,0.2621,-0.0157,-0.1928,0.0169,0.0195,1.0272,-0.0393,1.5723,0.000242,0.0001,0.0
19.025,FLIGHT,0.9198,1.5197,0.2624,0.2621,0.2577,0.2656,-0.0157,-0.1927,0.0153,0.02,1.0272,-0.0391,1.5721,0.000243,0.0001,0.0
19.03,FLIGHT,0.9211,1.521,0.2573,0.2655,0.253,0.2681,-0.0156,-0.1926,0.0138,0.0204,1.0272,-0.039,1.5719,0.000243,0.0,0.0
19.035,FLIGHT,0.9223,1.5224,0.2526,0.2679,0.2485,0.2697,-0.0155,-0.1925,0.0126,0.0207,1.0272,-0.0388,1.5717,0.000243,0.0,0.0
19.04,FLIGHT,0.9236,1.5237,0.2482,0.2694,0.2444,0.2704,-0.0155,-0.1924,0.0115,0.021,1.0272,-0.0386,1.5716,0.000243,-0.0,0.0
19.045,FLIGHT,0.9248,1.5251,0.2441,0.2701,0.2405,0.2704,-0.0154,-0.1923,0.0106,0.0211,1.0272,-0.0385,1.5716,0.000243,-0.0,0.0
19.05,FLIGHT,0.926,1.5264,0.2402,0.2701,0.2368,0.2697,-0.0154,-0.1922,0.0098,0.0212,1.0271,-0.0384,1.5715,0.000243,-0.0,0.0
19.055,FLIGHT,0.9271,1.5278,0.2365,0.2694,0.2334,0.2685,-0.0153,-0.1921,0.0092,0.0212,1.027,-0.0383,1.5716,0.000243,-0.0,0.0
19.06,FLIGHT,0.9283,1.5291,0.2331,0.2681,0.2301,0.2666,-0.0153,-0.192,0.0087,0.0211,1.0269,-0.0383,1.5717,0.000243,-0.0001,0.0
19.065,FLIGHT,0.9294,1.5304,0.2298,0.2662,0.2269,0.2643,-0.0153,-0.1919,0.0083,0.021,1.0268,-0.0384,1.5718,0.000242,-0.0001,0.0
19.07,FLIGHT,0.9306,1.5317,0.2266,0.2639,0.2239,0.2616,-0.0152,-0.1918,0.008,0.0209,1.0266,-0.0385,1.572,0.000242,-0.0001,0.0
19.075,FLIGHT,0.9317,1.533,0.2236,0.2612,0.2209,0.2585,-0.0152,-0.1917,0.0078,0.0207,1.0264,-0.0386,1.5722,0.000242,-0.0001,0.0
19.08,FLIGHT,0.9328,1.5343,0.2206,0.2581,0.218,0.2552,-0.0151,-0.1916,0.0076,0.0205,1.0262,-0.0388,1.5725,0.000241,-0.0001,0.0
19.085,FLIGHT,0.9339,1.5356,0.2177,0.2547,0.2151,0.2515,-0.0151,-0.1915,0.0075,0.0202,1.026,-0.039,1.5728,0.000241,-0.0001,0.0
19.09,FLIGHT,0.9349,1.5368,0.2148,0.2511,0.2123,0.2477,-0.0151,-0.1914,0.0074,0.0199,1.0258,-0.0393,1.5732,0.00024,-0.0001,0.0
19.095,FLIGHT,0.936,1.5381,0.212,0.2472,0.2094,0.2437,-0.015,-0.1913,0.0073,0.0196,1.0255,-0.0396,1.5736,0.00024,-0.0001,0.0
19.1,FLIGHT,0.937,1.5393,0.2091,0.2432,0.2066,0.2395,-0.015,-0.1912,0.0073,0.0193,1.0253,-0.04,1.574,0.00024,-0.0001,0.0
19.105,FLIGHT,0.9381,1.5405,0.2062,0.2391,0.2037,0.2353,-0.015,-0.1911,0.0073,0.019,1.025,-0.0403,1.5744,0.000239,-0.0001,0.0
19.11,FLIGHT,0.9391,1.5416,0.2033,0.2348,0.2007,0.231,-0.0149,-0.191,0.0073,0.0187,1.0247,-0.0407,1.5749,0.000239,-0.0001,0.0
19.115,FLIGHT,0.9401,1.5428,0.2004,0.2305,0.1978,0.2266,-0.0149,-0.1909,0.0073,0.0183,1.0243,-0.0411,1.5754,0.000238,-0.0001,0.0
19.12,FLIGHT,0.941,1.5439,0.1975,0.2261,0.1948,0.2222,-0.0148,-0.1908,0.0073,0.018,1.024,-0.0415,1.5758,0.000238,-0.0001,0.0
19.125,FLIGHT,0.942,1.545,0.1944,0.2217,0.1917,0.2177,-0.0148,-0.1907,0.0073,0.0176,1.0236,-0.042,1.5763,0.000238,-0.0001,0.0
19.13,FLIGHT,0.943,1.5461,0.1914,0.2173,0.1886,0.2133,-0.0148,-0.1906,0.0073,0.0173,1.0232,-0.0424,1.5768,0.000237,-0.0001,0.0
19.135,FLIGHT,0.9439,1.5471,0.1883,0.2128,0.1855,0.2089,-0.0147,-0.1906,0.0073,0.0169,1.0228,-0.0428,1.5773,0.000237,-0.0001,0.0
19.14,FLIGHT,0.9448,1.5482,0.1851,0.2084,0.1823,0.2045,-0.0147,-0.1905,0.0073,0.0166,1.0223,-0.0433,1.5778,0.000236,-0.0001,0.0
19.145,FLIGHT,0.9457,1.5492,0.182,0.204,0.1791,0.2001,-0.0147,-0.1904,0.0073,0.0162,1.0219,-0.0437,1.5783,0.000236,-0.0001,0.0
19.15,FLIGHT,0.9466,1.5502,0.1787,0.1996,0.1758,0.1957,-0.0146,-0.1903,0.0072,0.0159,1.0214,-0.0441,1.5787,0.000236,-0.0001,0.0
19.155,FLIGHT,0.9475,1.5511,0.1755,0.1953,0.1725,0.1914,-0.0146,-0.1902,0.0072,0.0155,1.0209,-0.0446,1.5792,0.000235,-0.0001,0.0
19.16,FLIGHT,0.9483,1.5521,0.1722,0.191,0.1692,0.1872,-0.0146,-0.1902,0.0071,0.0152,1.0204,-0.045,1.5797,0.000235,-0.0001,0.0
19.165,FLIGHT,0.9492,1.553,0.1689,0.1867,0.1659,0.1829,-0.0145,-0.1901,0.007,0.0148,1.0199,-0.0454,1.5801,0.000234,-0.0001,0.0
19.17,FLIGHT,0.95,1.5539,0.1655,0.1825,0.1625,0.1788,-0.0145,-0.19,0.007,0.0145,1.0193,-0.0458,1.5806,0.000234,-0.0001,0.0
19.175,FLIGHT,0.9508,1.5548,0.1622,0.1784,0.1592,0.1747,-0.0145,-0.19,0.0069,0.0142,1.0187,-0.0462,1.581,0.000234,-0.0001,0.0
19.18,FLIGHT,0.9516,1.5557,0.1588,0.1743,0.1558,0.1706,-0.0144,-0.1899,0.0068,0.0138,1.0182,-0.0465,1.5814,0.000233,-0.0001,0.0
19.185,FLIGHT,0.9524,1.5565,0.1555,0.1702,0.1525,0.1666,-0.0144,-0.1898,0.0067,0.0135,1.0175,-0.0469,1.5818,0.000233,-0.0001,0.0
19.19,FLIGHT,0.9531,1.5573,0.1521,0.1662,0.1491,0.1626,-0.0144,-0.1898,0.0066,0.0132,1.0169,-0.0472,1.5822,0.000233,-0.0001,0.0
19.195,FLIGHT,0.9538,1.5581,0.1488,0.1622,0.1458,0.1587,-0.0143,-0.1897,0.0065,0.0129,1.0163,-0.0476,1.5826,0.000232,-0.0001,0.0
19.2,FLIGHT,0.9546,1.5589,0.1455,0.1583,0.1425,0.1549,-0.0143,-0.1896,0.0063,0.0126,1.0156,-0.0479,1.583,0.000232,-0.0001,0.0
19.205,FLIGHT,0.9553,1.5597,0.1422,0.1545,0.1392,0.1511,-0.0143,-0.1896,0.0062,0.0123,1.0149,-0.0482,1.5833,0.000232,-0.0001,0.0
19.21,FLIGHT,0.956,1.5604,0.1389,0.1507,0.136,0.1473,-0.0142,-0.1895,0.0061,0.012,1.0142,-0.0485,1.5837,0.000231,-0.0001,0.0
19.215,FLIGHT,0.9566,1.5611,0.1356,0.147,0.1327,0.1436,-0.0142,-0.1894,0.006,0.0117,1.0135,-0.0488,1.584,0.000231,-0.0001,0.0
19.22,FLIGHT,0.9573,1.5619,0.1324,0.1433,0.1295,0.14,-0.0142,-0.1894,0.0059,0.0114,1.0128,-0.0491,1.5844,0.00023,-0.0001,0.0
19.225,FLIGHT,0.9579,1.5625,0.1292,0.1397,0.1264,0.1364,-0.0141,-0.1893,0.0057,0.0111,1.012,-0.0493,1.5847,0.00023,-0.0001,0.0
19.23,FLIGHT,0.9585,1.5632,0.1261,0.1361,0.1233,0.1329,-0.0141,-0.1893,0.0056,0.0108,1.0112,-0.0496,1.585,0.00023,-0.0001,0.0
19.235,FLIGHT,0.9592,1.5639,0.123,0.1326,0.1202,0.1295,-0.0141,-0.1892,0.0055,0.0106,1.0104,-0.0498,1.5853,0.000229,-0.0001,0.0
19.24,FLIGHT,0.9597,1.5645,0.1199,0.1291,0.1172,0.126,-0.0141,-0.1892,0.0054,0.0103,1.0096,-0.0501,1.5856,0.000229,-0.0001,0.0
19.245,FLIGHT,0.9603,1.5651,0.1169,0.1257,0.1142,0.1227,-0.014,-0.1891,0.0053,0.01,1.0088,-0.0503,1.5859,0.000229,-0.0001,0.0
19.25,FLIGHT,0.9609,1.5657,0.1139,0.1224,0.1113,0.1194,-0.014,-0.1891,0.0051,0.0097,1.008,-0.0505,1.5862,0.000228,-0.0001,0.0
19.255,FLIGHT,0.9614,1.5663,0.111,0.1191,0.1084,0.1162,-0.014,-0.189,0.005,0.0095,1.0071,-0.0508,1.5864,0.000228,-0.0001,0.0
19.26,FLIGHT,0.962,1.5669,0.1082,0.1159,0.1056,0.113,-0.014,-0.189,0.0049,0.0092,1.0062,-0.051,1.5867,0.000228,-0.0001,0.0
19.265,FLIGHT,0.9625,1.5675,0.1053,0.1127,0.1029,0.1099,-0.0139,-0.1889,0.0048,0.009,1.0053,-0.0512,1.587,0.000228,-0.0001,0.0
19.27,FLIGHT,0.963,1.568,0.1026,0.1096,0.1001,0.1068,-0.0139,-0.1889,0.0047,0.0087,1.0044,-0.0514,1.5872,0.000227,-0.0001,0.0
19.275,FLIGHT,0.9635,1.5685,0.0999,0.1065,0.0975,0.1038,-0.0139,-0.1889,0.0046,0.0085,1.0035,-0.0516,1.5875,0.000227,-0.0001,0.0
19.28,FLIGHT,0.964,1.569,0.0972,0.1035,0.0949,0.1009,-0.0139,-0.1888,0.0045,0.0083,1.0026,-0.0518,1.5877,0.000227,-0.0001,0.0
19.285,FLIGHT,0.9644,1.5695,0.0946,0.1006,0.0923,0.098,-0.0138,-0.1888,0.0044,0.008,1.0016,-0.0519,1.5879,0.000226,-0.0001,0.0
19.29,FLIGHT,0.9649,1.57,0.0921,0.0977,0.0898,0.0952,-0.0138,-0.1887,0.0043,0.0078,1.0007,-0.0521,1.5882,0.000226,-0.0001,0.0
19.295,STANCE,0.9655,1.5707,0.1168,0.1272,0.2319,0.2635,-0.0138,-0.1887,0.005,0.0102,0.9997,0.1691,-0.1625,3.3e-05,-0.1919,0.0384
19.3,STANCE,0.968,1.5712,0.4107,0.0878,0.7498,-0.1266,-0.0134,-0.1887,0.0657,0.0026,0.999,-0.0186,-0.7648,-0.001489,-0.3636,0.0742
19.305,STANCE,0.9724,1.5685,0.7312,-0.3842,0.9957,-0.9363,-0.0122,-0.189,0.19,-0.0441,0.9981,-0.3781,-1.1908,-0.003207,-0.3206,0.0673
19.31,STANCE,0.975,1.5661,0.5368,-0.4103,0.2267,-0.1628,-0.0114,-0.1892,0.1571,-0.0434,0.9978,-0.5993,-1.7223,-0.003944,-0.0309,0.0101
19.315,STANCE,0.9762,1.5653,0.3496,-0.2355,0.3392,-0.2339,-0.0111,-0.1893,0.0981,-0.0252,0.998,-0.8119,-2.2181,-0.003882,0.0411,0.0039
19.32,STANCE,0.9784,1.5627,0.4215,-0.4921,0.4019,-1.1774,-0.0103,-0.1896,0.1468,-0.0486,0.9982,-1.1016,-2.3475,-0.003569,0.1147,0.0036
19.325,STANCE,0.9811,1.5559,0.5326,-1.0487,0.7895,-1.3085,-0.0088,-0.1902,0.2448,-0.0977,0.9982,-1.3548,-2.1239,-0.003089,0.0251,0.0031
19.33,STANCE,0.9857,1.5477,0.8006,-1.5045,0.867,-2.1607,-0.0068,-0.191,0.3604,-0.1361,0.9983,-1.589,-1.7255,-0.003205,-0.0045,0.0041
19.335,STANCE,0.9906,1.5359,0.9256,-2.0963,0.9277,-2.6509,-0.0043,-0.192,0.4699,-0.1812,0.9982,-1.6536,-1.087,-0.003354,-0.0164,0.0066
19.34,STANCE,0.9954,1.5223,0.9561,-2.5305,0.916,-2.8586,-0.0014,-0.1931,0.5413,-0.2088,0.9982,-1.5417,-0.4005,-0.003526,-0.0263,0.0088
19.345,STANCE,0.9999,1.5079,0.9051,-2.7597,0.8304,-2.88,0.0015,-0.1943,0.5689,-0.2175,0.9982,-1.2598,0.2348,-0.003687,-0.0288,0.0094
19.35,STANCE,1.0035,1.4935,0.7726,-2.8503,0.584,-2.9367,0.0042,-0.1954,0.561,-0.2154,0.9982,-0.8495,0.771,-0.00375,0.0153,0.0037
19.355,STANCE,1.0064,1.4794,0.6356,-2.8151,0.4744,-2.7988,0.0068,-0.1965,0.5334,-0.2047,0.9983,-0.4291,1.1468,-0.003742,0.0278,0.0037
19.36,STANCE,1.0088,1.4661,0.5361,-2.701,0.4608,-2.5875,0.0093,-0.1974,0.5009,-0.1894,0.9985,-0.1463,1.324,-0.003671,0.0221,0.0037
19.365,FLIGHT,1.0108,1.4537,0.4183,-2.5358,0.1897,-2.2319,0.0115,-0.1983,0.4564,-0.1724,0.9987,-1.3532,2.6238,-0.00346,0.0688,0.0035
19.37,FLIGHT,1.0103,1.4443,0.0437,-2.0486,-0.3603,-1.5278,0.0128,-0.1989,0.3117,-0.1399,0.9991,-1.2856,2.5593,-0.002974,0.1229,0.003
19.375,FLIGHT,1.0073,1.4383,-0.4241,-1.4455,-0.8424,-0.9044,0.0131,-0.1994,0.1295,-0.104,0.9996,-1.1472,2.4404,-0.002256,0.1616,0.0023
19.38,FLIGHT,1.002,1.4351,-0.867,-0.8675,-1.2362,-0.3799,0.0125,-0.1997,-0.0448,-0.0702,1.0003,-0.9853,2.3052,-0.001382,0.1857,0.0014
19.385,FLIGHT,0.9951,1.4343,-1.2406,-0.3653,-1.539,0.045,0.0112,-0.1998,-0.194,-0.0392,1.0011,-0.8213,2.1702,-0.00042,0.1974,0.0004
19.39,FLIGHT,0.9868,1.4354,-1.5315,0.0478,-1.7538,0.3779,0.0094,-0.1998,-0.313,-0.011,1.0019,-0.6661,2.0436,0.000504,0.1505,0.0
19.395,FLIGHT,0.9777,1.4379,-1.7397,0.3736,-1.8919,0.6279,0.0072,-0.1997,-0.402,0.0145,1.0029,-0.5241,1.9287,0.00108,0.0839,0.0
19.4,FLIGHT,0.968,1.4415,-1.8745,0.6187,-1.9653,0.8048,0.0047,-0.1995,-0.4637,0.0371,1.0039,-0.3964,1.8263,0.001379,0.0391,0.0
19.405,FLIGHT,0.9581,1.4459,-1.9456,0.7925,-1.9834,0.9192,0.0021,-0.1992,-0.5017,0.0564,1.0049,-0.2837,1.7367,0.001497,0.0102,0.0
19.41,FLIGHT,0.9482,1.4506,-1.9621,0.9052,-1.9552,0.9816,-0.0005,-0.1989,-0.5195,0.072,1.0059,-0.186,1.6599,0.001499,-0.0078,0.0016
19.415,FLIGHT,0.9386,1.4556,-1.9331,0.9666,-1.8894,1.0014,-0.0031,-0.1984,-0.5206,0.0839,1.0069,-0.1027,1.5953,0.001431,-0.0184,0.0037
19.42,FLIGHT,0.9294,1.4606,-1.8672,0.9861,-1.7939,0.9875,-0.0057,-0.198,-0.5083,0.092,1.008,-0.0332,1.5422,0.001324,-0.0239,0.0048
19.425,FLIGHT,0.9207,1.4654,-1.772,0.9724,-1.6759,0.9476,-0.0081,-0.1975,-0.4856,0.0964,1.009,0.0237,1.4997,0.001198,-0.0261,0.0052
19.43,FLIGHT,0.9127,1.47,-1.6548,0.9331,-1.5418,0.8886,-0.0103,-0.1971,-0.4552,0.0975,1.0099,0.0691,1.4667,0.001066,-0.0262,0.0052
19.435,FLIGHT,0.9053,1.4743,-1.5217,0.875,-1.3972,0.8164,-0.0123,-0.1966,-0.4194,0.0956,1.0109,0.1041,1.4423,0.000938,-0.025,0.005
19.44,FLIGHT,0.8987,1.4782,-1.3784,0.8041,-1.2469,0.7363,-0.0141,-0.1962,-0.3801,0.0913,1.0118,0.1299,1.4252,0.000818,-0.023,0.0046
19.445,FLIGHT,0.8928,1.4817,-1.2295,0.7252,-1.0949,0.6523,-0.0158,-0.1958,-0.339,0.085,1.0126,0.1476,1.4146,0.000709,-0.0206,0.0041
19.45,FLIGHT,0.8877,1.4847,-1.079,0.6425,-0.9446,0.5678,-0.0172,-0.1954,-0.2975,0.0774,1.0135,0.1585,1.4092,0.000612,-0.018,0.0036
19.455,FLIGHT,0.8834,1.4873,-0.9303,0.5595,-0.7986,0.4858,-0.0184,-0.1951,-0.2566,0.0689,1.0143,0.1636,1.4084,0.000529,-0.0154,0.0031
19.46,FLIGHT,0.8798,1.4896,-0.7858,0.4787,-0.659,0.4081,-0.0194,-0.1948,-0.2171,0.0599,1.015,0.1638,1.4111,0.000458,-0.013,0.0026
19.465,FLIGHT,0.8768,1.4914,-0.6478,0.4024,-0.5275,0.3364,-0.0202,-0.1946,-0.1796,0.0509,1.0157,0.16,1.4166,0.000399,-0.0108,0.0022
19.47,FLIGHT,0.8745,1.4929,-0.5177,0.3319,-0.4052,0.2718,-0.0209,-0.1944,-0.1447,0.0422,1.0164,0.1531,1.4243,0.00035,-0.0088,0.0018
19.475,FLIGHT,0.8727,1.4942,-0.3967,0.2684,-0.2927,0.2148,-0.0214,-0.1942,-0.1126,0.0339,1.017,0.1438,1.4335,0.000311,-0.007,0.0014
19.48,FLIGHT,0.8715,1.4951,-0.2856,0.2124,-0.1905,0.1658,-0.0217,-0.1941,-0.0835,0.0264,1.0176,0.1327,1.4438,0.000279,-0.0055,0.0011
19.485,FLIGHT,0.8708,1.4958,-0.1846,0.1643,-0.0988,0.1248,-0.022,-0.194,-0.0575,0.0197,1.0182,0.1204,1.4546,0.000255,-0.0043,0.0009
19.49,FLIGHT,0.8705,1.4964,-0.0939,0.1242,-0.0173,0.0917,-0.0221,-0.194,-0.0346,0.0139,1.0187,0.1074,1.4657,0.000236,-0.0032,0.0006
19.495,FLIGHT,0.8706,1.4968,-0.0135,0.0917,0.0541,0.066,-0.0221,-0.1939,-0.0147,0.0091,1.0192,0.094,1.4768,0.000223,-0.0023,0.0005
19.5,FLIGHT,0.871,1.497,0.0571,0.0666,0.116,0.0473,-0.0221,-0.1939,0.0023,0.0051,1.0197,0.0806,1.4875,0.000213,-0.0016,0.0003
19.505,FLIGHT,0.8718,1.4972,0.1182,0.0484,0.1689,0.035,-0.022,-0.1939,0.0165,0.002,1.0201,0.0675,1.4979,0.000206,-0.001,0.0002
19.51,FLIGHT,0.8727,1.4974,0.1705,0.0365,0.2134,0.0285,-0.0218,-0.1939,0.0282,-0.0002,1.0205,0.0549,1.5076,0.000202,-0.0006,0.0001
19.515,FLIGHT,0.8739,1.4975,0.2144,0.0302,0.2503,0.027,-0.0216,-0.1939,0.0376,-0.0017,1.021,0.0429,1.5166,0.0002,-0.0002,0.0
19.52,FLIGHT,0.8752,1.4977,0.2508,0.029,0.2802,0.0299,-0.0214,-0.194,0.0448,-0.0026,1.0213,0.0317,1.5249,0.0002,0.0001,0.0
19.525,FLIGHT,0.8767,1.4978,0.2803,0.0321,0.3038,0.0366,-0.0211,-0.194,0.0501,-0.0029,1.0217,0.0214,1.5323,0.000201,0.0003,0.0
19.53,FLIGHT,0.8782,1.4981,0.3036,0.0388,0.322,0.0463,-0.0208,-0.194,0.0538,-0.0026,1.022,0.012,1.539,0.000203,0.0005,0.0
19.535,FLIGHT,0.8799,1.4983,0.3215,0.0485,0.3352,0.0584,-0.0205,-0.194,0.0559,-0.002,1.0224,0.0036,1.5449,0.000206,0.0006,0.0
19.54,FLIGHT,0.8816,1.4986,0.3346,0.0607,0.3444,0.0724,-0.0202,-0.194,0.0568,-0.001,1.0227,-0.0039,1.5501,0.000209,0.0007,0.0
19.545,FLIGHT,0.8833,1.499,0.3435,0.0746,0.3499,0.0878,-0.02,-0.194,0.0567,0.0002,1.023,-0.0106,1.5545,0.000213,0.0007,0.0
19.55,FLIGHT,0.8851,1.4995,0.349,0.0899,0.3525,0.1041,-0.0197,-0.194,0.0557,0.0016,1.0233,-0.0163,1.5582,0.000216,0.0007,0.0
19.555,FLIGHT,0.8868,1.5001,0.3515,0.1061,0.3525,0.1207,-0.0194,-0.194,0.054,0.0031,1.0235,-0.0212,1.5613,0.00022,0.0007,0.0
19.56,FLIGHT,0.8886,1.5007,0.3515,0.1226,0.3506,0.1375,-0.0192,-0.1939,0.0518,0.0048,1.0238,-0.0254,1.5639,0.000223,0.0007,0.0
19.565,FLIGHT,0.8903,1.5015,0.3496,0.1392,0.3471,0.154,-0.0189,-0.1939,0.0492,0.0064,1.024,-0.0288,1.566,0.000226,0.0006,0.0
19.57,FLIGHT,0.8921,1.5023,0.3461,0.1556,0.3424,0.17,-0.0187,-0.1939,0.0463,0.0081,1.0242,-0.0317,1.5676,0.000229,0.0006,0.0
19.575,FLIGHT,0.8938,1.5032,0.3415,0.1714,0.3368,0.1853,-0.0185,-0.1938,0.0433,0.0097,1.0244,-0.034,1.5688,0.000232,0.0005,0.0
19.58,FLIGHT,0.8954,1.5041,0.3359,0.1866,0.3306,0.1997,-0.0183,-0.1938,0.0401,0.0112,1.0246,-0.0357,1.5697,0.000235,0.0005,0.0
19.585,FLIGHT,0.8971,1.5052,0.3298,0.2008,0.3241,0.2131,-0.0181,-0.1937,0.037,0.0127,1.0247,-0.0371,1.5703,0.000237,0.0004,0.0
19.59,FLIGHT,0.8987,1.5062,0.3232,0.214,0.3173,0.2254,-0.0179,-0.1936,0.0339,0.0141,1.0249,-0.0381,1.5707,0.000239,0.0004,0.0
19.595,FLIGHT,0.9002,1.5074,0.3165,0.2261,0.3105,0.2364,-0.0178,-0.1935,0.031,0.0154,1.025,-0.0388,1.5708,0.000241,0.0003,0.0
19.6,FLIGHT,0.9018,1.5086,0.3098,0.237,0.3037,0.2463,-0.0177,-0.1935,0.0282,0.0166,1.0251,-0.0393,1.5709,0.000242,0.0003,0.0
19.605,FLIGHT,0.9033,1.5099,0.3031,0.2467,0.2972,0.2549,-0.0175,-0.1934,0.0256,0.0176,1.0252,-0.0395,1.5709,0.000244,0.0002,0.0
19.61,FLIGHT,0.9047,1.5112,0.2966,0.2552,0.2908,0.2623,-0.0174,-0.1933,0.0231,0.0185,1.0253,-0.0396,1.5707,0.000245,0.0002,0.0
19.615,FLIGHT,0.9062,1.5125,0.2903,0.2625,0.2848,0.2685,-0.0173,-0.1932,0.0209,0.0194,1.0253,-0.0396,1.5706,0.000246,0.0001,0.0
19.62,FLIGHT,0.9076,1.5138,0.2843,0.2686,0.2791,0.2736,-0.0172,-0.1931,0.0189,0.0201,1.0254,-0.0395,1.5704,0.000246,0.0001,0.0
19.625,FLIGHT,0.909,1.5152,0.2786,0.2736,0.2737,0.2776,-0.0172,-0.193,0.0171,0.0206,1.0254,-0.0394,1.5702,0.000247,0.0001,0.0
19.63,FLIGHT,0.9103,1.5166,0.2732,0.2775,0.2686,0.2805,-0.0171,-0.1929,0.0155,0.0211,1.0254,-0.0392,1.57,0.000247,0.0,0.0
19.635,FLIGHT,0.9117,1.518,0.2682,0.2804,0.2638,0.2825,-0.017,-0.1927,0.0141,0.0215,1.0254,-0.039,1.5699,0.000247,0.0,0.0
19.64,FLIGHT,0.913,1.5194,0.2635,0.2823,0.2594,0.2836,-0.0169,-0.1926,0.0129,0.0218,1.0253,-0.0389,1.5697,0.000247,0.0,0.0
19.645,FLIGHT,0.9143,1.5209,0.259,0.2834,0.2552,0.284,-0.0169,-0.1925,0.0119,0.022,1.0253,-0.0387,1.5697,0.000247,-0.0,0.0
19.65,FLIGHT,0.9155,1.5223,0.2548,0.2836,0.2512,0.2835,-0.0168,-0.1924,0.0111,0.0221,1.0252,-0.0386,1.5697,0.000247,-0.0,0.0
19.655,FLIGHT,0.9168,1.5237,0.2509,0.2832,0.2475,0.2825,-0.0168,-0.1923,0.0103,0.0221,1.0251,-0.0386,1.5697,0.000247,-0.0,0.0
19.66,FLIGHT,0.918,1.5251,0.2472,0.2821,0.2439,0.2808,-0.0167,-0.1922,0.0097,0.0221,1.0249,-0.0386,1.5698,0.000247,-0.0001,0.0
19.665,FLIGHT,0.9192,1.5265,0.2436,0.2804,0.2405,0.2786,-0.0167,-0.1921,0.0093,0.022,1.0248,-0.0386,1.5699,0.000246,-0.0001,0.0
19.67,FLIGHT,0.9204,1.5279,0.2402,0.2781,0.2372,0.2759,-0.0166,-0.192,0.0089,0.0219,1.0246,-0.0387,1.5701,0.000246,-0.0001,0.0
19.675,FLIGHT,0.9216,1.5293,0.2369,0.2755,0.2341,0.2729,-0.0166,-0.1919,0.0086,0.0217,1.0245,-0.0388,1.5704,0.000246,-0.0001,0.0
19.68,FLIGHT,0.9227,1.5306,0.2338,0.2724,0.231,0.2695,-0.0166,-0.1918,0.0084,0.0215,1.0243,-0.039,1.5706,0.000245,-0.0001,0.0
19.685,FLIGHT,0.9239,1.532,0.2307,0.269,0.2279,0.2658,-0.0165,-0.1917,0.0082,0.0212,1.024,-0.0392,1.571,0.000245,-0.0001,0.0
19.69,FLIGHT,0.925,1.5333,0.2276,0.2653,0.2249,0.2619,-0.0165,-0.1916,0.0081,0.021,1.0238,-0.0395,1.5713,0.000245,-0.0001,0.0
19.695,FLIGHT,0.9261,1.5346,0.2246,0.2614,0.2218,0.2578,-0.0164,-0.1915,0.008,0.0207,1.0235,-0.0398,1.5717,0.000244,-0.0001,0.0
19.7,FLIGHT,0.9272,1.5358,0.2215,0.2573,0.2188,0.2536,-0.0164,-0.1913,0.008,0.0203,1.0232,-0.0402,1.5722,0.000244,-0.0001,0.0
19.705,FLIGHT,0.9283,1.5371,0.2185,0.2531,0.2158,0.2492,-0.0164,-0.1913,0.0079,0.02,1.0229,-0.0405,1.5726,0.000243,-0.0001,0.0
19.71,FLIGHT,0.9294,1.5383,0.2154,0.2487,0.2127,0.2447,-0.0163,-0.1912,0.0079,0.0197,1.0226,-0.0409,1.5731,0.000243,-0.0001,0.0
19.715,FLIGHT,0.9305,1.5396,0.2124,0.2442,0.2096,0.2401,-0.0163,-0.1911,0.0079,0.0193,1.0223,-0.0413,1.5736,0.000242,-0.0001,0.0
19.72,FLIGHT,0.9315,1.5407,0.2092,0.2396,0.2064,0.2355,-0.0162,-0.191,0.0079,0.019,1.0219,-0.0418,1.574,0.000242,-0.0001,0.0
19.725,FLIGHT,0.9325,1.5419,0.2061,0.235,0.2032,0.2309,-0.0162,-0.1909,0.0079,0.0186,1.0215,-0.0422,1.5745,0.000241,-0.0001,0.0
19.73,FLIGHT,0.9335,1.5431,0.2029,0.2304,0.2,0.2263,-0.0162,-0.1908,0.0079,0.0182,1.0211,-0.0426,1.5751,0.000241,-0.0001,0.0
19.735,FLIGHT,0.9345,1.5442,0.1996,0.2258,0.1967,0.2216,-0.0161,-0.1907,0.0079,0.0179,1.0207,-0.0431,1.5756,0.000241,-0.0001,0.0
19.74,FLIGHT,0.9355,1.5453,0.1963,0.2211,0.1934,0.217,-0.0161,-0.1906,0.0079,0.0175,1.0202,-0.0436,1.5761,0.00024,-0.0001,0.0
19.745,FLIGHT,0.9365,1.5463,0.193,0.2165,0.19,0.2124,-0.016,-0.1905,0.0078,0.0171,1.0198,-0.044,1.5766,0.00024,-0.0001,0.0
19.75,FLIGHT,0.9374,1.5474,0.1896,0.2119,0.1866,0.2078,-0.016,-0.1904,0.0078,0.0168,1.0193,-0.0444,1.5771,0.000239,-0.0001,0.0
19.755,FLIGHT,0.9383,1.5484,0.1862,0.2074,0.1832,0.2033,-0.016,-0.1904,0.0077,0.0164,1.0188,-0.0449,1.5776,0.000239,-0.0001,0.0
19.76,FLIGHT,0.9392,1.5494,0.1828,0.2028,0.1797,0.1988,-0.0159,-0.1903,0.0077,0.016,1.0183,-0.0453,1.5781,0.000239,-0.0001,0.0
19.765,FLIGHT,0.9401,1.5504,0.1793,0.1984,0.1762,0.1944,-0.0159,-0.1902,0.0076,0.0157,1.0177,-0.0457,1.5785,0.000238,-0.0001,0.0
19.77,FLIGHT,0.941,1.5514,0.1758,0.1939,0.1727,0.19,-0.0159,-0.1901,0.0075,0.0153,1.0171,-0.0462,1.579,0.000238,-0.0001,0.0
19.775,FLIGHT,0.9418,1.5523,0.1723,0.1895,0.1692,0.1856,-0.0158,-0.19,0.0074,0.015,1.0166,-0.0466,1.5795,0.000237,-0.0001,0.0
19.78,FLIGHT,0.9427,1.5532,0.1688,0.1852,0.1657,0.1813,-0.0158,-0.19,0.0073,0.0146,1.016,-0.047,1.5799,0.000237,-0.0001,0.0
19.785,FLIGHT,0.9435,1.5541,0.1653,0.1809,0.1621,0.1771,-0.0157,-0.1899,0.0072,0.0143,1.0153,-0.0473,1.5804,0.000237,-0.0001,0.0
19.79,FLIGHT,0.9443,1.555,0.1618,0.1767,0.1586,0.1729,-0.0157,-0.1898,0.0071,0.014,1.0147,-0.0477,1.5808,0.000236,-0.0001,0.0
19.795,FLIGHT,0.9451,1.5558,0.1583,0.1725,0.1551,0.1688,-0.0157,-0.1898,0.007,0.0136,1.0141,-0.0481,1.5812,0.000236,-0.0001,0.0
19.8,FLIGHT,0.9459,1.5567,0.1548,0.1684,0.1517,0.1647,-0.0156,-0.1897,0.0069,0.0133,1.0134,-0.0484,1.5816,0.000235,-0.0001,0.0
19.805,FLIGHT,0.9466,1.5575,0.1513,0.1643,0.1482,0.1607,-0.0156,-0.1896,0.0068,0.013,1.0127,-0.0487,1.582,0.000235,-0.0001,0.0
19.81,FLIGHT,0.9473,1.5583,0.1479,0.1603,0.1448,0.1567,-0.0156,-0.1896,0.0066,0.0127,1.012,-0.049,1.5824,0.000235,-0.0001,0.0
19.815,FLIGHT,0.948,1.5591,0.1444,0.1564,0.1414,0.1528,-0.0155,-0.1895,0.0065,0.0124,1.0113,-0.0494,1.5827,0.000234,-0.0001,0.0
19.82,FLIGHT,0.9487,1.5598,0.1411,0.1525,0.138,0.149,-0.0155,-0.1895,0.0064,0.0121,1.0105,-0.0496,1.5831,0.000234,-0.0001,0.0
19.825,FLIGHT,0.9494,1.5606,0.1377,0.1486,0.1347,0.1452,-0.0155,-0.1894,0.0062,0.0118,1.0097,-0.0499,1.5834,0.000234,-0.0001,0.0
19.83,FLIGHT,0.9501,1.5613,0.1344,0.1449,0.1315,0.1415,-0.0155,-0.1893,0.0061,0.0115,1.009,-0.0502,1.5837,0.000233,-0.0001,0.0
19.835,FLIGHT,0.9507,1.562,0.1311,0.1411,0.1282,0.1378,-0.0154,-0.1893,0.006,0.0112,1.0082,-0.0505,1.5841,0.000233,-0.0001,0.0
19.84,FLIGHT,0.9514,1.5626,0.1279,0.1375,0.125,0.1342,-0.0154,-0.1892,0.0059,0.0109,1.0074,-0.0507,1.5844,0.000233,-0.0001,0.0
19.845,FLIGHT,0.952,1.5633,0.1247,0.1339,0.1219,0.1307,-0.0154,-0.1892,0.0057,0.0106,1.0065,-0.051,1.5847,0.000232,-0.0001,0.0
19.85,FLIGHT,0.9526,1.564,0.1216,0.1303,0.1188,0.1272,-0.0153,-0.1891,0.0056,0.0103,1.0057,-0.0512,1.585,0.000232,-0.0001,0.0
19.855,FLIGHT,0.9532,1.5646,0.1185,0.1269,0.1158,0.1238,-0.0153,-0.1891,0.0055,0.0101,1.0048,-0.0514,1.5853,0.000232,-0.0001,0.0
19.86,FLIGHT,0.9538,1.5652,0.1155,0.1234,0.1128,0.1204,-0.0153,-0.189,0.0054,0.0098,1.0039,-0.0517,1.5856,0.000231,-0.0001,0.0
19.865,FLIGHT,0.9543,1.5658,0.1125,0.1201,0.1099,0.1171,-0.0153,-0.189,0.0052,0.0095,1.003,-0.0519,1.5858,0.000231,-0.0001,0.0
19.87,FLIGHT,0.9549,1.5664,0.1096,0.1168,0.107,0.1139,-0.0152,-0.1889,0.0051,0.0093,1.0021,-0.0521,1.5861,0.000231,-0.0001,0.0
19.875,FLIGHT,0.9554,1.5669,0.1067,0.1136,0.1042,0.1107,-0.0152,-0.1889,0.005,0.009,1.0012,-0.0523,1.5864,0.00023,-0.0001,0.0
19.88,FLIGHT,0.9559,1.5675,0.1039,0.1104,0.1014,0.1076,-0.0152,-0.1888,0.0049,0.0088,1.0002,-0.0525,1.5866,0.00023,-0.0001,0.0
19.885,STANCE,0.9573,1.5682,0.2531,0.1327,0.551,0.0549,-0.015,-0.1888,0.0301,0.0086,0.9994,0.1267,-0.5265,-0.000566,-0.31,0.0626
19.89,STANCE,0.9612,1.5671,0.6376,-0.1337,0.9967,-0.5169,-0.0141,-0.189,0.1384,-0.0214,0.9986,-0.1893,-1.0597,-0.002334,-0.3733,0.077
19.895,STANCE,0.9663,1.5625,0.8791,-0.7066,0.7369,-0.8728,-0.0126,-0.1895,0.2619,-0.0757,0.9978,-0.5738,-1.4005,-0.003917,-0.2014,0.0442
19.9,STANCE,0.9682,1.5604,0.5206,-0.4692,0.251,-0.1858,-0.0119,-0.1897,0.1622,-0.0489,0.9978,-0.7287,-1.9713,-0.004282,0.003,0.0043
19.905,STANCE,0.9699,1.559,0.4131,-0.3687,0.4763,-0.4863,-0.0114,-0.1898,0.1284,-0.0381,0.9981,-0.9542,-2.332,-0.004114,0.0522,0.0041
19.91,STANCE,0.9721,1.5533,0.4087,-0.9785,0.3103,-1.9217,-0.0102,-0.1903,0.2111,-0.0918,0.9981,-1.1833,-2.1803,-0.003599,0.155,0.0036
19.915,STANCE,0.9755,1.5448,0.6292,-1.4603,0.9219,-1.7996,-0.0084,-0.1911,0.3208,-0.1336,0.9982,-1.436,-1.85,-0.003365,-0.0426,0.0119
19.92,STANCE,0.9801,1.5339,0.8152,-2.0079,0.843,-2.6114,-0.006,-0.1921,0.435,-0.177,0.9982,-1.5769,-1.2925,-0.003596,-0.021,0.0078
19.925,STANCE,0.9846,1.5202,0.8754,-2.5181,0.9262,-2.8483,-0.0032,-0.1933,0.5222,-0.2123,0.9981,-1.5375,-0.6061,-0.003817,-0.0573,0.0153
19.93,STANCE,0.9888,1.5053,0.8388,-2.8421,0.7202,-3.0998,-0.0003,-0.1945,0.566,-0.229,0.9981,-1.3172,0.0689,-0.004018,-0.0206,0.0081
19.935,STANCE,0.9922,1.49,0.7314,-2.9796,0.6387,-3.0042,0.0025,-0.1957,0.5699,-0.2301,0.9981,-0.9507,0.6536,-0.004161,-0.0298,0.0101
19.94,STANCE,0.9949,1.475,0.5885,-2.9821,0.4375,-2.963,0.0052,-0.1969,0.547,-0.2215,0.9981,-0.5206,1.0989,-0.004208,0.0094,0.0042
19.945,STANCE,0.9969,1.4607,0.455,-2.9003,0.3608,-2.7911,0.0077,-0.1979,0.5129,-0.208,0.9982,-0.1578,1.3646,-0.004136,0.023,0.0041
19.95,FLIGHT,0.9987,1.4473,0.3964,-2.737,0.3533,-2.5942,0.01,-0.1989,0.4809,-0.1895,0.9984,-1.3592,2.6291,-0.004035,0.0349,0.004
19.955,FLIGHT,0.9991,1.4362,0.1408,-2.3454,-0.2148,-1.8547,0.0117,-0.1996,0.3745,-0.1602,0.9988,-1.3419,2.6034,-0.003696,0.0979,0.0037
19.96,FLIGHT,0.9967,1.4286,-0.3072,-1.7435,-0.7303,-1.1826,0.0124,-0.2002,0.1966,-0.1228,0.9993,-1.2195,2.4962,-0.003082,0.1453,0.0031
19.965,FLIGHT,0.9919,1.4242,-0.7678,-1.132,-1.1605,-0.6076,0.0121,-0.2005,0.0136,-0.0866,0.9999,-1.0586,2.361,-0.00227,0.1768,0.0023
19.97,FLIGHT,0.9852,1.4224,-1.171,-0.586,-1.4975,-0.1355,0.011,-0.2007,-0.1485,-0.0533,1.0007,-0.8893,2.2215,-0.001337,0.1946,0.0013
19.975,FLIGHT,0.9771,1.4227,-1.4935,-0.1292,-1.7445,0.2384,0.0093,-0.2008,-0.2809,-0.023,1.0016,-0.7255,2.0879,-0.000343,0.2011,0.0003
19.98,FLIGHT,0.9679,1.4246,-1.7314,0.2362,-1.907,0.5244,0.0072,-0.2007,-0.3821,0.0045,1.0026,-0.5745,1.9659,0.000573,0.1464,0.0
19.985,FLIGHT,0.9581,1.4278,-1.8893,0.5168,-1.9981,0.7324,0.0048,-0.2006,-0.4541,0.0291,1.0036,-0.4387,1.8569,0.00113,0.0805,0.0
19.99,FLIGHT,0.9481,1.4318,-1.9782,0.7211,-2.03,0.8728,0.0022,-0.2003,-0.5003,0.0504,1.0047,-0.3184,1.7613,0.001416,0.0366,0.0
19.995,FLIGHT,0.9379,1.4364,-2.0083,0.8593,-2.0119,0.9565,-0.0005,-0.2,-0.5246,0.068,1.0057,-0.2136,1.6788,0.001522,0.0083,0.0
20.0,FLIGHT,0.928,1.4413,-1.9893,0.9417,-1.9529,0.9936,-0.0032,-0.1996,-0.5307,0.0818,1.0068,-0.124,1.6092,0.001516,-0.0093,0.0019
20.005,FLIGHT,0.9185,1.4463,-1.93,0.9783,-1.8614,0.9932,-0.0058,-0.1991,-0.522,0.0916,1.0079,-0.0488,1.5516,0.001442,-0.0194,0.0039
20.01,FLIGHT,0.9094,1.4512,-1.8388,0.978,-1.745,0.9638,-0.0083,-0.1986,-0.5018,0.0975,1.0089,0.0131,1.5052,0.00133,-0.0246,0.0049
20.015,FLIGHT,0.901,1.4559,-1.723,0.9492,-1.6104,0.9128,-0.0106,-0.1982,-0.4729,0.0998,1.01,0.0627,1.4688,0.001201,-0.0266,0.0053
20.02,FLIGHT,0.8933,1.4603,-1.5894,0.899,-1.4636,0.8464,-0.0128,-0.1977,-0.4378,0.099,1.011,0.1014,1.4415,0.001068,-0.0265,0.0053
20.025,FLIGHT,0.8864,1.4644,-1.4439,0.8337,-1.3098,0.7702,-0.0147,-0.1972,-0.3986,0.0954,1.0119,0.1302,1.4222,0.000938,-0.0252,0.005
20.03,FLIGHT,0.8803,1.468,-1.2916,0.7588,-1.1534,0.6888,-0.0164,-0.1968,-0.3571,0.0898,1.0129,0.1505,1.4096,0.000817,-0.0231,0.0046
20.035,FLIGHT,0.8749,1.4712,-1.1366,0.6787,-0.9978,0.6058,-0.0179,-0.1964,-0.3148,0.0825,1.0137,0.1633,1.4028,0.000707,-0.0206,0.0041
20.04,FLIGHT,0.8703,1.4741,-0.9826,0.5971,-0.846,0.5242,-0.0192,-0.1961,-0.2728,0.0741,1.0146,0.17,1.4007,0.000611,-0.018,0.0036
20.045,FLIGHT,0.8664,1.4765,-0.8325,0.5169,-0.7005,0.4464,-0.0202,-0.1958,-0.232,0.0651,1.0154,0.1714,1.4026,0.000527,-0.0154,0.0031
20.05,FLIGHT,0.8633,1.4785,-0.6885,0.4404,-0.5628,0.3742,-0.0211,-0.1955,-0.1932,0.056,1.0161,0.1685,1.4075,0.000457,-0.0129,0.0026
20.055,FLIGHT,0.8608,1.4802,-0.5523,0.3694,-0.4343,0.3086,-0.0218,-0.1953,-0.1569,0.047,1.0169,0.1622,1.4148,0.000398,-0.0106,0.0021
20.06,FLIGHT,0.8589,1.4816,-0.4252,0.305,-0.3158,0.2506,-0.0224,-0.1951,-0.1234,0.0385,1.0175,0.1532,1.4238,0.00035,-0.0086,0.0017
20.065,FLIGHT,0.8576,1.4828,-0.3081,0.248,-0.2078,0.2004,-0.0228,-0.195,-0.0929,0.0307,1.0182,0.1423,1.4339,0.000312,-0.0069,0.0014
20.07,FLIGHT,0.8568,1.4837,-0.2013,0.1988,-0.1104,0.1582,-0.0231,-0.1949,-0.0655,0.0237,1.0188,0.1299,1.4448,0.000281,-0.0054,0.0011
20.075,FLIGHT,0.8565,1.4844,-0.1052,0.1575,-0.0238,0.124,-0.0232,-0.1948,-0.0413,0.0175,1.0194,0.1167,1.4561,0.000258,-0.0041,0.0008
20.08,FLIGHT,0.8565,1.4849,-0.0195,0.1239,0.0526,0.0972,-0.0233,-0.1948,-0.0201,0.0123,1.0199,0.1031,1.4674,0.00024,-0.0031,0.0006
20.085,FLIGHT,0.857,1.4853,0.0559,0.0978,0.119,0.0776,-0.0233,-0.1947,-0.002,0.0081,1.0204,0.0894,1.4784,0.000227,-0.0022,0.0004
20.09,FLIGHT,0.8577,1.4857,0.1215,0.0786,0.176,0.0645,-0.0232,-0.1947,0.0133,0.0047,1.0209,0.0759,1.489,0.000218,-0.0015,0.0003
20.095,FLIGHT,0.8587,1.486,0.1778,0.0659,0.2243,0.0572,-0.023,-0.1947,0.0259,0.0022,1.0214,0.0629,1.499,0.000212,-0.0009,0.0002
20.1,FLIGHT,0.8599,1.4863,0.2255,0.059,0.2645,0.0552,-0.0228,-0.1947,0.0361,0.0005,1.0218,0.0505,1.5084,0.000208,-0.0005,0.0001
20.105,FLIGHT,0.8614,1.4866,0.2652,0.0573,0.2974,0.0578,-0.0226,-0.1947,0.0441,-0.0005,1.0222,0.0389,1.517,0.000207,-0.0001,0.0
20.11,FLIGHT,0.8629,1.4869,0.2976,0.06,0.3237,0.0642,-0.0223,-0.1947,0.05,-0.0009,1.0226,0.0281,1.5248,0.000207,0.0002,0.0
20.115,FLIGHT,0.8646,1.4872,0.3236,0.0664,0.3441,0.0737,-0.022,-0.1947,0.0542,-0.0008,1.023,0.0183,1.5319,0.000208,0.0004,0.0
20.12,FLIGHT,0.8663,1.4876,0.3437,0.076,0.3594,0.0859,-0.0217,-0.1947,0.0568,-0.0003,1.0234,0.0094,1.5381,0.000211,0.0005,0.0
20.125,FLIGHT,0.8682,1.4881,0.3588,0.0882,0.3702,0.1,-0.0214,-0.1947,0.0582,0.0007,1.0237,0.0015,1.5435,0.000213,0.0006,0.0
20.13,FLIGHT,0.87,1.4886,0.3694,0.1022,0.3771,0.1155,-0.0211,-0.1947,0.0584,0.0018,1.0241,-0.0055,1.5483,0.000217,0.0007,0.0
20.135,FLIGHT,0.8719,1.4892,0.3763,0.1177,0.3809,0.132,-0.0209,-0.1947,0.0576,0.0033,1.0244,-0.0117,1.5523,0.00022,0.0007,0.0
20.14,FLIGHT,0.8738,1.4899,0.3799,0.134,0.3819,0.1489,-0.0206,-0.1947,0.0561,0.0048,1.0247,-0.0169,1.5557,0.000223,0.0007,0.0
20.145,FLIGHT,0.8757,1.4907,0.3809,0.1508,0.3808,0.166,-0.0203,-0.1946,0.0541,0.0064,1.025,-0.0214,1.5585,0.000227,0.0007,0.0
20.15,FLIGHT,0.8776,1.4916,0.3797,0.1678,0.3779,0.1829,-0.0201,-0.1946,0.0515,0.0081,1.0252,-0.0252,1.5607,0.00023,0.0006,0.0
20.155,FLIGHT,0.8795,1.4925,0.3768,0.1845,0.3736,0.1993,-0.0198,-0.1945,0.0487,0.0098,1.0255,-0.0283,1.5626,0.000233,0.0006,0.0
20.16,FLIGHT,0.8814,1.4936,0.3726,0.2007,0.3683,0.2149,-0.0196,-0.1945,0.0457,0.0115,1.0257,-0.0308,1.564,0.000236,0.0006,0.0
20.165,FLIGHT,0.8832,1.4947,0.3673,0.2162,0.3622,0.2297,-0.0194,-0.1944,0.0425,0.0131,1.0259,-0.0328,1.565,0.000239,0.0005,0.0
20.17,FLIGHT,0.885,1.4959,0.3613,0.2308,0.3557,0.2434,-0.0192,-0.1943,0.0394,0.0146,1.0261,-0.0344,1.5658,0.000241,0.0005,0.0
20.175,FLIGHT,0.8868,1.4971,0.3548,0.2444,0.3489,0.256,-0.019,-0.1942,0.0363,0.0161,1.0263,-0.0356,1.5663,0.000243,0.0004,0.0
20.18,FLIGHT,0.8885,1.4984,0.3481,0.2568,0.3419,0.2674,-0.0189,-0.1942,0.0333,0.0174,1.0264,-0.0365,1.5667,0.000245,0.0003,0.0
20.185,FLIGHT,0.8902,1.4998,0.3412,0.2681,0.335,0.2776,-0.0187,-0.1941,0.0304,0.0186,1.0266,-0.0371,1.5668,0.000247,0.0003,0.0
20.19,FLIGHT,0.8918,1.5012,0.3343,0.278,0.3282,0.2864,-0.0186,-0.194,0.0277,0.0197,1.0267,-0.0374,1.5669,0.000248,0.0002,0.0
20.195,FLIGHT,0.8935,1.5027,0.3276,0.2868,0.3216,0.294,-0.0185,-0.1939,0.0252,0.0207,1.0268,-0.0377,1.5669,0.000249,0.0002,0.0
20.2,FLIGHT,0.8951,1.5041,0.321,0.2943,0.3153,0.3004,-0.0184,-0.1937,0.0229,0.0216,1.0269,-0.0377,1.5668,0.00025,0.0002,0.0
20.205,FLIGHT,0.8966,1.5057,0.3147,0.3005,0.3092,0.3056,-0.0183,-0.1936,0.0208,0.0223,1.027,-0.0377,1.5667,0.000251,0.0001,0.0
20.21,FLIGHT,0.8981,1.5072,0.3087,0.3056,0.3034,0.3097,-0.0182,-0.1935,0.0189,0.0229,1.027,-0.0377,1.5666,0.000251,0.0001,0.0
20.215,FLIGHT,0.8996,1.5087,0.3029,0.3096,0.2979,0.3127,-0.0181,-0.1934,0.0172,0.0234,1.0271,-0.0376,1.5665,0.000252,0.0001,0.0
20.22,FLIGHT,0.9011,1.5103,0.2975,0.3125,0.2928,0.3147,-0.018,-0.1933,0.0157,0.0238,1.0271,-0.0375,1.5664,0.000252,0.0,0.0
20.225,FLIGHT,0.9026,1.5119,0.2924,0.3145,0.2879,0.3158,-0.0179,-0.1932,0.0144,0.0241,1.0271,-0.0374,1.5664,0.000252,0.0,0.0
20.23,FLIGHT,0.904,1.5135,0.2875,0.3155,0.2833,0.316,-0.0179,-0.193,0.0133,0.0243,1.027,-0.0373,1.5664,0.000252,-0.0,0.0
20.235,FLIGHT,0.9054,1.5151,0.2829,0.3156,0.2789,0.3154,-0.0178,-0.1929,0.0124,0.0244,1.027,-0.0372,1.5664,0.000252,-0.0,0.0
20.24,FLIGHT,0.9068,1.5166,0.2785,0.315,0.2747,0.3142,-0.0178,-0.1928,0.0116,0.0245,1.0269,-0.0372,1.5665,0.000252,-0.0,0.0
20.245,FLIGHT,0.9082,1.5182,0.2744,0.3137,0.2707,0.3123,-0.0177,-0.1927,0.0109,0.0244,1.0269,-0.0373,1.5666,0.000251,-0.0001,0.0
20.25,FLIGHT,0.9095,1.5197,0.2704,0.3118,0.2669,0.3098,-0.0177,-0.1926,0.0104,0.0244,1.0267,-0.0373,1.5668,0.000251,-0.0001,0.0
20.255,FLIGHT,0.9108,1.5213,0.2666,0.3093,0.2632,0.3069,-0.0176,-0.1924,0.01,0.0242,1.0266,-0.0375,1.5671,0.000251,-0.0001,0.0
20.26,FLIGHT,0.9121,1.5228,0.2629,0.3064,0.2596,0.3035,-0.0176,-0.1923,0.0096,0.024,1.0265,-0.0376,1.5674,0.00025,-0.0001,0.0
20.265,FLIGHT,0.9134,1.5243,0.2593,0.303,0.2561,0.2998,-0.0175,-0.1922,0.0094,0.0238,1.0263,-0.0379,1.5677,0.00025,-0.0001,0.0
20.27,FLIGHT,0.9147,1.5258,0.2557,0.2993,0.2526,0.2958,-0.0175,-0.1921,0.0092,0.0235,1.0261,-0.0381,1.5681,0.00025,-0.0001,0.0
20.275,FLIGHT,0.916,1.5273,0.2523,0.2952,0.2492,0.2915,-0.0174,-0.192,0.009,0.0232,1.0259,-0.0384,1.5685,0.000249,-0.0001,0.0
20.28,FLIGHT,0.9172,1.5287,0.2488,0.2909,0.2457,0.287,-0.0174,-0.1918,0.0089,0.0229,1.0257,-0.0388,1.5689,0.000249,-0.0001,0.0
20.285,FLIGHT,0.9184,1.5302,0.2454,0.2864,0.2423,0.2823,-0.0173,-0.1917,0.0088,0.0226,1.0254,-0.0392,1.5694,0.000248,-0.0001,0.0
20.29,FLIGHT,0.9196,1.5316,0.2419,0.2817,0.2388,0.2774,-0.0173,-0.1916,0.0088,0.0222,1.0251,-0.0396,1.5699,0.000248,-0.0001,0.0
20.295,FLIGHT,0.9208,1.5329,0.2385,0.2769,0.2354,0.2725,-0.0172,-0.1915,0.0087,0.0218,1.0249,-0.04,1.5704,0.000247,-0.0001,0.0
20.3,FLIGHT,0.922,1.5343,0.235,0.2719,0.2318,0.2675,-0.0172,-0.1914,0.0087,0.0214,1.0245,-0.0404,1.571,0.000247,-0.0001,0.0
20.305,FLIGHT,0.9231,1.5356,0.2315,0.2669,0.2283,0.2624,-0.0172,-0.1913,0.0087,0.021,1.0242,-0.0409,1.5715,0.000246,-0.0001,0.0
20.31,FLIGHT,0.9242,1.5369,0.2279,0.2618,0.2247,0.2572,-0.0171,-0.1912,0.0087,0.0206,1.0239,-0.0414,1.5721,0.000246,-0.0001,0.0
20.315,FLIGHT,0.9254,1.5382,0.2243,0.2567,0.2211,0.2521,-0.0171,-0.1911,0.0086,0.0202,1.0235,-0.0419,1.5726,0.000245,-0.0001,0.0
20.32,FLIGHT,0.9265,1.5394,0.2207,0.2516,0.2174,0.247,-0.017,-0.191,0.0086,0.0198,1.0231,-0.0423,1.5732,0.000245,-0.0001,0.0
20.325,FLIGHT,0.9275,1.5406,0.217,0.2464,0.2137,0.2418,-0.017,-0.1909,0.0086,0.0194,1.0227,-0.0428,1.5737,0.000244,-0.0001,0.0
20.33,FLIGHT,0.9286,1.5418,0.2133,0.2413,0.2099,0.2367,-0.0169,-0.1908,0.0085,0.019,1.0222,-0.0433,1.5743,0.000244,-0.0001,0.0
20.335,FLIGHT,0.9296,1.543,0.2095,0.2362,0.2061,0.2316,-0.0169,-0.1907,0.0085,0.0186,1.0218,-0.0438,1.5748,0.000243,-0.0001,0.0
20.34,FLIGHT,0.9307,1.5442,0.2057,0.2311,0.2023,0.2266,-0.0169,-0.1906,0.0084,0.0182,1.0213,-0.0443,1.5754,0.000243,-0.0001,0.0
20.345,FLIGHT,0.9317,1.5453,0.2019,0.2261,0.1985,0.2216,-0.0168,-0.1905,0.0083,0.0178,1.0208,-0.0447,1.5759,0.000243,-0.0001,0.0
20.35,FLIGHT,0.9326,1.5464,0.1981,0.2211,0.1946,0.2166,-0.0168,-0.1905,0.0083,0.0174,1.0203,-0.0452,1.5764,0.000242,-0.0001,0.0
20.355,FLIGHT,0.9336,1.5474,0.1942,0.2161,0.1907,0.2117,-0.0167,-0.1904,0.0082,0.017,1.0198,-0.0456,1.577,0.000242,-0.0001,0.0
20.36,FLIGHT,0.9345,1.5485,0.1903,0.2112,0.1868,0.2069,-0.0167,-0.1903,0.0081,0.0167,1.0192,-0.0461,1.5775,0.000241,-0.0001,0.0
20.365,FLIGHT,0.9355,1.5495,0.1864,0.2064,0.183,0.2021,-0.0167,-0.1902,0.008,0.0163,1.0187,-0.0465,1.578,0.000241,-0.0001,0.0
20.37,FLIGHT,0.9364,1.5505,0.1825,0.2016,0.1791,0.1973,-0.0166,-0.1901,0.0079,0.0159,1.0181,-0.0469,1.5784,0.00024,-0.0001,0.0
20.375,FLIGHT,0.9373,1.5515,0.1787,0.1969,0.1752,0.1926,-0.0166,-0.1901,0.0077,0.0155,1.0175,-0.0473,1.5789,0.00024,-0.0001,0.0
20.38,FLIGHT,0.9381,1.5524,0.1748,0.1922,0.1714,0.188,-0.0165,-0.19,0.0076,0.0152,1.0168,-0.0477,1.5794,0.000239,-0.0001,0.0
20.385,FLIGHT,0.939,1.5534,0.171,0.1876,0.1675,0.1835,-0.0165,-0.1899,0.0075,0.0148,1.0162,-0.0481,1.5798,0.000239,-0.0001,0.0
20.39,FLIGHT,0.9398,1.5543,0.1671,0.183,0.1637,0.179,-0.0165,-0.1898,0.0073,0.0145,1.0155,-0.0484,1.5802,0.000239,-0.0001,0.0
20.395,FLIGHT,0.9406,1.5552,0.1633,0.1786,0.1599,0.1746,-0.0164,-0.1898,0.0072,0.0141,1.0149,-0.0488,1.5806,0.000238,-0.0001,0.0
20.4,FLIGHT,0.9414,1.556,0.1596,0.1741,0.1562,0.1702,-0.0164,-0.1897,0.0071,0.0138,1.0142,-0.0491,1.581,0.000238,-0.0001,0.0
20.405,FLIGHT,0.9422,1.5569,0.1558,0.1698,0.1525,0.1659,-0.0164,-0.1896,0.0069,0.0134,1.0134,-0.0494,1.5814,0.000237,-0.0001,0.0
20.41,FLIGHT,0.9429,1.5577,0.1521,0.1655,0.1489,0.1617,-0.0163,-0.1896,0.0068,0.0131,1.0127,-0.0497,1.5818,0.000237,-0.0001,0.0
20.415,FLIGHT,0.9437,1.5585,0.1485,0.1613,0.1453,0.1575,-0.0163,-0.1895,0.0067,0.0127,1.0119,-0.05,1.5822,0.000236,-0.0001,0.0
20.42,FLIGHT,0.9444,1.5592,0.1449,0.1571,0.1417,0.1534,-0.0163,-0.1894,0.0065,0.0124,1.0112,-0.0503,1.5825,0.000236,-0.0001,0.0
20.425,FLIGHT,0.9451,1.56,0.1414,0.153,0.1382,0.1494,-0.0162,-0.1894,0.0064,0.0121,1.0104,-0.0506,1.5829,0.000236,-0.0001,0.0
20.43,FLIGHT,0.9458,1.5607,0.1379,0.149,0.1347,0.1454,-0.0162,-0.1893,0.0063,0.0118,1.0096,-0.0509,1.5832,0.000235,-0.0001,0.0
20.435,FLIGHT,0.9464,1.5615,0.1344,0.145,0.1314,0.1415,-0.0162,-0.1893,0.0061,0.0115,1.0088,-0.0511,1.5836,0.000235,-0.0001,0.0
20.44,FLIGHT,0.9471,1.5622,0.131,0.1411,0.128,0.1377,-0.0161,-0.1892,0.006,0.0112,1.0079,-0.0514,1.5839,0.000235,-0.0001,0.0
20.445,FLIGHT,0.9477,1.5628,0.1277,0.1373,0.1247,0.1339,-0.0161,-0.1892,0.0059,0.0109,1.0071,-0.0516,1.5842,0.000234,-0.0001,0.0
20.45,FLIGHT,0.9483,1.5635,0.1244,0.1336,0.1215,0.1302,-0.0161,-0.1891,0.0057,0.0106,1.0062,-0.0519,1.5845,0.000234,-0.0001,0.0
20.455,FLIGHT,0.9489,1.5641,0.1212,0.1299,0.1184,0.1266,-0.0161,-0.1891,0.0056,0.0103,1.0053,-0.0521,1.5848,0.000233,-0.0001,0.0
20.46,FLIGHT,0.9495,1.5648,0.1181,0.1263,0.1153,0.1231,-0.016,-0.189,0.0055,0.01,1.0044,-0.0523,1.5851,0.000233,-0.0001,0.0
20.465,FLIGHT,0.9501,1.5654,0.115,0.1227,0.1122,0.1196,-0.016,-0.189,0.0054,0.0097,1.0035,-0.0525,1.5854,0.000233,-0.0001,0.0
20.47,FLIGHT,0.9506,1.566,0.1119,0.1192,0.1092,0.1162,-0.016,-0.1889,0.0053,0.0094,1.0025,-0.0527,1.5857,0.000232,-0.0001,0.0
20.475,FLIGHT,0.9512,1.5665,0.109,0.1158,0.1063,0.1128,-0.0159,-0.1889,0.0052,0.0092,1.0016,-0.0529,1.5859,0.000232,-0.0001,0.0
20.48,FLIGHT,0.9517,1.5671,0.106,0.1125,0.1035,0.1096,-0.0159,-0.1888,0.005,0.0089,1.0006,-0.0531,1.5862,0.000232,-0.0001,0.0
20.485,STANCE,0.9525,1.5679,0.1628,0.161,0.3553,0.2213,-0.0159,-0.1888,0.0093,0.0126,0.9997,0.1913,-0.29,-0.000177,-0.2498,0.0501
20.49,STANCE,0.9556,1.568,0.4931,0.0284,0.8408,-0.262,-0.0153,-0.1888,0.0893,-0.0049,0.9989,-0.0308,-0.877,-0.001809,-0.3661,0.075
20.495,STANCE,0.9604,1.5646,0.826,-0.4995,1.1195,-1.0623,-0.0139,-0.1892,0.2233,-0.0578,0.998,-0.4024,-1.2803,-0.003536,-0.3321,0.07
20.5,STANCE,0.9633,1.5616,0.6078,-0.518,0.2691,-0.2767,-0.013,-0.1895,0.1849,-0.0555,0.9978,-0.6093,-1.7992,-0.004311,-0.0325,0.0108
20.505,STANCE,0.9648,1.5601,0.4047,-0.3835,0.3934,-0.441,-0.0125,-0.1897,0.1285,-0.0401,0.998,-0.8045,-2.2483,-0.004226,0.0479,0.0042
20.51,STANCE,0.967,1.5556,0.4291,-0.8097,0.3381,-1.6786,-0.0115,-0.1901,0.1913,-0.0782,0.9981,-1.0658,-2.2612,-0.003815,0.1466,0.0038
20.515,STANCE,0.9699,1.5469,0.563,-1.4124,0.8552,-1.7207,-0.0097,-0.1909,0.3004,-0.1311,0.9981,-1.3207,-1.963,-0.003392,-0.025,0.0084
20.52,STANCE,0.9746,1.5366,0.8187,-1.9056,0.8121,-2.6141,-0.0074,-0.1918,0.4199,-0.1716,0.9982,-1.5412,-1.4951,-0.00376,-0.0332,0.0104
20.525,STANCE,0.9789,1.5224,0.8537,-2.5348,0.8466,-3.0187,-0.0046,-0.1931,0.5185,-0.2177,0.998,-1.5529,-0.799,-0.004018,-0.0594,0.0159
20.53,STANCE,0.9828,1.5067,0.8075,-2.9593,0.7541,-3.2116,-0.0017,-0.1944,0.5747,-0.2427,0.9979,-1.3891,-0.092,-0.004303,-0.0614,0.0166
20.535,STANCE,0.9862,1.4906,0.7118,-3.1428,0.6269,-3.1942,0.0013,-0.1957,0.5878,-0.2467,0.9978,-1.0707,0.5301,-0.004589,-0.0598,0.0165
20.54,STANCE,0.9888,1.4746,0.5677,-3.1667,0.4272,-3.1364,0.0041,-0.1969,0.5683,-0.2387,0.9978,-0.6485,1.0275,-0.004778,-0.0265,0.0101
20.545,STANCE,0.9905,1.4592,0.417,-3.0899,0.3022,-2.9795,0.0066,-0.1981,0.532,-0.2248,0.9979,-0.2358,1.3607,-0.004829,0.0002,0.0048
20.55,STANCE,0.9918,1.4448,0.3146,-2.9421,0.2969,-2.7382,0.009,-0.1991,0.4939,-0.207,0.998,0.0054,1.4873,-0.00475,-0.0006,0.0049
20.555,FLIGHT,0.9928,1.4321,0.2078,-2.6342,-0.052,-2.2007,0.0111,-0.2,0.4302,-0.1803,0.9982,-1.3846,2.6396,-0.004637,0.0552,0.0046
20.56,FLIGHT,0.9912,1.4229,-0.187,-2.0537,-0.5979,-1.4836,0.0121,-0.2006,0.2665,-0.1424,0.9987,-1.2892,2.5523,-0.004206,0.1145,0.0042
20.565,FLIGHT,0.987,1.4171,-0.6541,-1.416,-1.0656,-0.8579,0.0121,-0.2011,0.0783,-0.1042,0.9993,-1.1344,2.4209,-0.003521,0.1566,0.0035
20.57,FLIGHT,0.9807,1.4142,-1.0847,-0.8277,-1.4395,-0.3369,0.0113,-0.2014,-0.096,-0.0689,1.0001,-0.9621,2.2783,-0.002665,0.1832,0.0027
20.575,FLIGHT,0.9727,1.4136,-1.4397,-0.3259,-1.7195,0.0813,0.0098,-0.2015,-0.242,-0.0367,1.001,-0.7914,2.1389,-0.00171,0.1968,0.0017
20.58,FLIGHT,0.9636,1.4148,-1.7093,0.0816,-1.9129,0.405,0.0078,-0.2015,-0.3564,-0.0075,1.0019,-0.6312,2.0094,-0.000714,0.2002,0.0007
20.585,FLIGHT,0.9537,1.4175,-1.8963,0.3988,-2.0283,0.6452,0.0054,-0.2013,-0.44,0.0189,1.0029,-0.4859,1.8928,0.000267,0.1761,0.0
20.59,FLIGHT,0.9434,1.4212,-2.007,0.6353,-2.0754,0.8138,0.0028,-0.2011,-0.4956,0.042,1.004,-0.3578,1.7908,0.00095,0.1013,0.0
20.595,FLIGHT,0.9331,1.4255,-2.0532,0.801,-2.069,0.9208,0.0001,-0.2008,-0.5273,0.0616,1.0051,-0.2459,1.7026,0.00132,0.0503,0.0
20.6,FLIGHT,0.9228,1.4303,-2.046,0.9063,-2.0186,0.9766,-0.0027,-0.2004,-0.5392,0.0773,1.0062,-0.1497,1.6276,0.001482,0.017,0.0
20.605,FLIGHT,0.9129,1.4352,-1.9951,0.9615,-1.9327,0.9913,-0.0054,-0.2,-0.5348,0.0889,1.0073,-0.0685,1.5652,0.00151,-0.0039,0.0008
20.61,FLIGHT,0.9035,1.4401,-1.9094,0.976,-1.8193,0.9735,-0.0079,-0.1995,-0.5177,0.0965,1.0084,-0.0013,1.5145,0.001457,-0.0163,0.0033
20.615,FLIGHT,0.8948,1.4449,-1.7966,0.9586,-1.6856,0.9312,-0.0103,-0.199,-0.4908,0.1003,1.0095,0.053,1.4745,0.001357,-0.023,0.0046
20.62,FLIGHT,0.8867,1.4494,-1.6638,0.9171,-1.5379,0.8711,-0.0126,-0.1986,-0.4568,0.1007,1.0105,0.0956,1.444,0.001233,-0.026,0.0052
20.625,FLIGHT,0.8794,1.4536,-1.5173,0.8581,-1.3816,0.7993,-0.0146,-0.1981,-0.418,0.0981,1.0115,0.1279,1.4219,0.001101,-0.0265,0.0053
20.63,FLIGHT,0.8729,1.4574,-1.3624,0.7875,-1.2214,0.7205,-0.0164,-0.1976,-0.3763,0.0932,1.0125,0.151,1.4071,0.000971,-0.0255,0.0051
20.635,FLIGHT,0.8672,1.4608,-1.2037,0.7101,-1.0611,0.6389,-0.018,-0.1972,-0.3334,0.0864,1.0134,0.1663,1.3984,0.000848,-0.0236,0.0047
20.64,FLIGHT,0.8623,1.4638,-1.0451,0.6299,-0.9041,0.5578,-0.0194,-0.1969,-0.2904,0.0783,1.0143,0.1748,1.395,0.000736,-0.0212,0.0042
20.645,FLIGHT,0.8581,1.4664,-0.8897,0.5501,-0.7528,0.4797,-0.0205,-0.1965,-0.2485,0.0695,1.0151,0.1776,1.3957,0.000636,-0.0186,0.0037
20.65,FLIGHT,0.8547,1.4686,-0.74,0.4734,-0.6091,0.4066,-0.0215,-0.1963,-0.2083,0.0603,1.0159,0.1759,1.3999,0.000549,-0.016,0.0032
20.655,FLIGHT,0.852,1.4705,-0.5979,0.4015,-0.4744,0.3398,-0.0223,-0.196,-0.1705,0.0512,1.0166,0.1704,1.4066,0.000476,-0.0135,0.0027
20.66,FLIGHT,0.85,1.472,-0.4647,0.3359,-0.3498,0.2802,-0.0229,-0.1958,-0.1355,0.0425,1.0174,0.1619,1.4153,0.000414,-0.0111,0.0022
20.665,FLIGHT,0.8485,1.4733,-0.3416,0.2774,-0.2359,0.2285,-0.0233,-0.1957,-0.1035,0.0344,1.018,0.1513,1.4253,0.000364,-0.009,0.0018
20.67,FLIGHT,0.8476,1.4743,-0.2289,0.2267,-0.1328,0.1847,-0.0236,-0.1956,-0.0747,0.0271,1.0187,0.1391,1.4362,0.000324,-0.0072,0.0014
20.675,FLIGHT,0.8472,1.4751,-0.1271,0.1838,-0.0407,0.1489,-0.0238,-0.1955,-0.0491,0.0206,1.0193,0.1259,1.4475,0.000292,-0.0056,0.0011
20.68,FLIGHT,0.8472,1.4758,-0.036,0.1487,0.0408,0.1207,-0.0239,-0.1954,-0.0266,0.0151,1.0198,0.1121,1.4589,0.000267,-0.0043,0.0009
20.685,FLIGHT,0.8476,1.4763,0.0445,0.1212,0.1119,0.0998,-0.0239,-0.1954,-0.0073,0.0106,1.0204,0.0981,1.4702,0.000249,-0.0032,0.0006
20.69,FLIGHT,0.8483,1.4768,0.1148,0.1007,0.1733,0.0855,-0.0238,-0.1953,0.0091,0.0069,1.0209,0.0843,1.4811,0.000235,-0.0023,0.0005
20.695,FLIGHT,0.8493,1.4772,0.1754,0.0869,0.2256,0.0773,-0.0237,-0.1953,0.0228,0.0042,1.0214,0.0709,1.4915,0.000225,-0.0016,0.0003
20.7,FLIGHT,0.8505,1.4776,0.2271,0.0791,0.2694,0.0746,-0.0235,-0.1953,0.0339,0.0022,1.0219,0.058,1.5012,0.000219,-0.001,0.0002
20.705,FLIGHT,0.852,1.478,0.2703,0.0766,0.3056,0.0765,-0.0233,-0.1953,0.0427,0.001,1.0223,0.046,1.5101,0.000216,-0.0005,0.0001
20.71,FLIGHT,0.8536,1.4784,0.306,0.0787,0.3347,0.0824,-0.023,-0.1953,0.0494,0.0005,1.0227,0.0348,1.5183,0.000214,-0.0001,0.0
20.715,FLIGHT,0.8553,1.4788,0.3348,0.0848,0.3577,0.0918,-0.0227,-0.1953,0.0542,0.0005,1.0231,0.0245,1.5257,0.000214,0.0001,0.0
20.72,FLIGHT,0.8571,1.4793,0.3574,0.0941,0.3751,0.1038,-0.0224,-0.1953,0.0573,0.0009,1.0235,0.0151,1.5323,0.000215,0.0003,0.0
20.725,FLIGHT,0.8591,1.4798,0.3746,0.1061,0.3878,0.1179,-0.0221,-0.1953,0.0591,0.0018,1.0239,0.0067,1.538,0.000217,0.0005,0.0
20.73,FLIGHT,0.861,1.4805,0.3871,0.1202,0.3964,0.1336,-0.0218,-0.1953,0.0596,0.0029,1.0242,-0.0007,1.5431,0.00022,0.0006,0.0
20.735,FLIGHT,0.863,1.4812,0.3955,0.1358,0.4014,0.1503,-0.0215,-0.1953,0.0592,0.0043,1.0245,-0.0072,1.5474,0.000223,0.0006,0.0
20.74,FLIGHT,0.865,1.482,0.4005,0.1524,0.4036,0.1675,-0.0212,-0.1952,0.0579,0.0059,1.0249,-0.0128,1.551,0.000226,0.0007,0.0
20.745,FLIGHT,0.867,1.4829,0.4026,0.1695,0.4033,0.185,-0.021,-0.1952,0.056,0.0075,1.0252,-0.0177,1.5541,0.000229,0.0007,0.0
20.75,FLIGHT,0.8691,1.4838,0.4023,0.1868,0.4011,0.2023,-0.0207,-0.1951,0.0536,0.0092,1.0254,-0.0217,1.5566,0.000233,0.0006,0.0
20.755,FLIGHT,0.871,1.4849,0.4001,0.204,0.3973,0.2192,-0.0205,-0.1951,0.0509,0.011,1.0257,-0.0251,1.5586,0.000236,0.0006,0.0
20.76,FLIGHT,0.873,1.486,0.3963,0.2207,0.3924,0.2353,-0.0202,-0.195,0.0479,0.0127,1.026,-0.0279,1.5602,0.000239,0.0006,0.0
20.765,FLIGHT,0.875,1.4872,0.3914,0.2367,0.3866,0.2506,-0.02,-0.1949,0.0447,0.0143,1.0262,-0.0302,1.5614,0.000241,0.0005,0.0
20.77,FLIGHT,0.8769,1.4885,0.3857,0.2518,0.3802,0.2649,-0.0198,-0.1949,0.0416,0.0159,1.0264,-0.0319,1.5624,0.000244,0.0005,0.0
20.775,FLIGHT,0.8788,1.4899,0.3793,0.2658,0.3735,0.2779,-0.0196,-0.1948,0.0384,0.0174,1.0266,-0.0333,1.563,0.000246,0.0004,0.0
20.78,FLIGHT,0.8806,1.4913,0.3726,0.2788,0.3665,0.2898,-0.0194,-0.1947,0.0353,0.0188,1.0268,-0.0343,1.5635,0.000248,0.0004,0.0
20.785,FLIGHT,0.8824,1.4928,0.3657,0.2905,0.3595,0.3004,-0.0193,-0.1946,0.0324,0.0201,1.027,-0.0351,1.5638,0.00025,0.0003,0.0
20.79,FLIGHT,0.8842,1.4943,0.3587,0.3009,0.3525,0.3097,-0.0191,-0.1945,0.0296,0.0212,1.0271,-0.0356,1.5639,0.000251,0.0003,0.0
20.795,FLIGHT,0.886,1.4959,0.3518,0.31,0.3457,0.3176,-0.019,-0.1943,0.0269,0.0223,1.0272,-0.0359,1.564,0.000252,0.0002,0.0
20.8,FLIGHT,0.8877,1.4975,0.3451,0.3179,0.3391,0.3244,-0.0189,-0.1942,0.0245,0.0232,1.0273,-0.0361,1.564,0.000253,0.0002,0.0
20.805,FLIGHT,0.8894,1.4991,0.3385,0.3245,0.3328,0.3299,-0.0188,-0.1941,0.0223,0.0239,1.0274,-0.0362,1.564,0.000254,0.0001,0.0
20.81,FLIGHT,0.891,1.5008,0.3322,0.3299,0.3267,0.3342,-0.0187,-0.194,0.0204,0.0246,1.0275,-0.0362,1.5639,0.000255,0.0001,0.0
20.815,FLIGHT,0.8926,1.5024,0.3262,0.3341,0.3209,0.3374,-0.0186,-0.1939,0.0186,0.0251,1.0276,-0.0361,1.5639,0.000255,0.0001,0.0
20.82,FLIGHT,0.8942,1.5041,0.3205,0.3372,0.3154,0.3395,-0.0185,-0.1937,0.017,0.0256,1.0276,-0.0361,1.5638,0.000255,0.0,0.0
20.825,FLIGHT,0.8958,1.5058,0.315,0.3393,0.3102,0.3407,-0.0184,-0.1936,0.0157,0.0259,1.0276,-0.036,1.5638,0.000255,0.0,0.0
20.83,FLIGHT,0.8973,1.5075,0.3098,0.3404,0.3053,0.341,-0.0184,-0.1935,0.0145,0.0261,1.0276,-0.036,1.5639,0.000255,-0.0,0.0
20.835,FLIGHT,0.8988,1.5092,0.3049,0.3406,0.3006,0.3405,-0.0183,-0.1933,0.0134,0.0262,1.0276,-0.036,1.564,0.000255,-0.0,0.0
20.84,FLIGHT,0.9003,1.5109,0.3002,0.34,0.2961,0.3392,-0.0183,-0.1932,0.0126,0.0263,1.0276,-0.036,1.5641,0.000255,-0.0,0.0
20.845,FLIGHT,0.9018,1.5126,0.2957,0.3387,0.2918,0.3372,-0.0182,-0.1931,0.0119,0.0263,1.0275,-0.0361,1.5643,0.000255,-0.0001,0.0
20.85,FLIGHT,0.9032,1.5143,0.2914,0.3367,0.2876,0.3347,-0.0181,-0.1929,0.0113,0.0262,1.0274,-0.0362,1.5645,0.000255,-0.0001,0.0
20.855,FLIGHT,0.9047,1.516,0.2873,0.3342,0.2836,0.3316,-0.0181,-0.1928,0.0108,0.0261,1.0273,-0.0363,1.5648,0.000254,-0.0001,0.0
20.86,FLIGHT,0.9061,1.5176,0.2832,0.3311,0.2797,0.3281,-0.018,-0.1927,0.0104,0.0259,1.0272,-0.0365,1.5651,0.000254,-0.0001,0.0
20.865,FLIGHT,0.9075,1.5193,0.2793,0.3275,0.2758,0.3242,-0.018,-0.1926,0.0101,0.0256,1.027,-0.0368,1.5655,0.000253,-0.0001,0.0
20.87,FLIGHT,0.9088,1.5209,0.2755,0.3236,0.272,0.3199,-0.0179,-0.1924,0.0098,0.0254,1.0269,-0.037,1.5659,0.000253,-0.0001,0.0
20.875,FLIGHT,0.9102,1.5225,0.2717,0.3193,0.2683,0.3154,-0.0179,-0.1923,0.0096,0.0251,1.0267,-0.0374,1.5664,0.000252,-0.0001,0.0
20.88,FLIGHT,0.9115,1.524,0.2679,0.3148,0.2645,0.3106,-0.0178,-0.1922,0.0095,0.0247,1.0265,-0.0377,1.5668,0.000252,-0.0001,0.0
20.885,FLIGHT,0.9128,1.5256,0.2641,0.31,0.2608,0.3056,-0.0178,-0.1921,0.0094,0.0244,1.0263,-0.0381,1.5673,0.000251,-0.0001,0.0
20.89,FLIGHT,0.9141,1.5271,0.2604,0.305,0.257,0.3004,-0.0177,-0.1919,0.0093,0.024,1.026,-0.0386,1.5679,0.000251,-0.0001,0.0
20.895,FLIGHT,0.9154,1.5286,0.2566,0.2998,0.2533,0.2951,-0.0177,-0.1918,0.0093,0.0236,1.0257,-0.039,1.5684,0.00025,-0.0001,0.0
20.9,FLIGHT,0.9167,1.53,0.2528,0.2945,0.2494,0.2898,-0.0177,-0.1917,0.0092,0.0232,1.0254,-0.0395,1.569,0.00025,-0.0001,0.0
20.905,FLIGHT,0.9179,1.5315,0.249,0.2892,0.2456,0.2843,-0.0176,-0.1916,0.0092,0.0228,1.0251,-0.04,1.5696,0.000249,-0.0001,0.0
20.91,FLIGHT,0.9191,1.5329,0.2452,0.2837,0.2417,0.2788,-0.0176,-0.1915,0.0091,0.0223,1.0248,-0.0405,1.5702,0.000249,-0.0001,0.0
20.915,FLIGHT,0.9203,1.5343,0.2413,0.2782,0.2378,0.2733,-0.0175,-0.1914,0.0091,0.0219,1.0245,-0.041,1.5708,0.000248,-0.0001,0.0
20.92,FLIGHT,0.9215,1.5356,0.2373,0.2727,0.2338,0.2678,-0.0175,-0.1913,0.0091,0.0215,1.0241,-0.0415,1.5714,0.000248,-0.0001,0.0
20.925,FLIGHT,0.9226,1.5369,0.2334,0.2672,0.2298,0.2622,-0.0174,-0.1912,0.009,0.021,1.0237,-0.042,1.572,0.000247,-0.0001,0.0
20.93,FLIGHT,0.9238,1.5382,0.2293,0.2617,0.2257,0.2567,-0.0174,-0.1911,0.009,0.0206,1.0233,-0.0425,1.5726,0.000247,-0.0001,0.0
20.935,FLIGHT,0.9249,1.5395,0.2253,0.2562,0.2216,0.2512,-0.0173,-0.191,0.0089,0.0202,1.0229,-0.0431,1.5732,0.000246,-0.0001,0.0
20.94,FLIGHT,0.926,1.5407,0.2212,0.2507,0.2175,0.2458,-0.0173,-0.1909,0.0088,0.0197,1.0224,-0.0436,1.5738,0.000246,-0.0001,0.0
20.945,FLIGHT,0.9271,1.542,0.2171,0.2452,0.2134,0.2404,-0.0172,-0.1908,0.0088,0.0193,1.0219,-0.0441,1.5743,0.000245,-0.0001,0.0
20.95,FLIGHT,0.9281,1.5431,0.213,0.2398,0.2092,0.235,-0.0172,-0.1907,0.0087,0.0189,1.0214,-0.0445,1.5749,0.000245,-0.0001,0.0
20.955,FLIGHT,0.9292,1.5443,0.2088,0.2345,0.2051,0.2297,-0.0172,-0.1906,0.0086,0.0185,1.0209,-0.045,1.5754,0.000244,-0.0001,0.0
20.96,FLIGHT,0.9302,1.5454,0.2046,0.2292,0.2009,0.2245,-0.0171,-0.1905,0.0085,0.0181,1.0204,-0.0455,1.576,0.000244,-0.0001,0.0
20.965,FLIGHT,0.9312,1.5466,0.2005,0.2239,0.1967,0.2193,-0.0171,-0.1904,0.0084,0.0177,1.0199,-0.0459,1.5765,0.000243,-0.0001,0.0
20.97,FLIGHT,0.9322,1.5476,0.1963,0.2188,0.1925,0.2141,-0.017,-0.1903,0.0082,0.0172,1.0193,-0.0464,1.577,0.000243,-0.0001,0.0
20.975,FLIGHT,0.9331,1.5487,0.1921,0.2136,0.1884,0.2091,-0.017,-0.1902,0.0081,0.0168,1.0187,-0.0468,1.5775,0.000242,-0.0001,0.0
20.98,FLIGHT,0.934,1.5497,0.188,0.2086,0.1842,0.2041,-0.017,-0.1902,0.008,0.0164,1.0181,-0.0472,1.578,0.000242,-0.0001,0.0
20.985,FLIGHT,0.935,1.5507,0.1838,0.2036,0.1801,0.1991,-0.0169,-0.1901,0.0079,0.0161,1.0175,-0.0476,1.5785,0.000241,-0.0001,0.0
20.99,FLIGHT,0.9358,1.5517,0.1797,0.1986,0.176,0.1943,-0.0169,-0.19,0.0077,0.0157,1.0168,-0.048,1.579,0.000241,-0.0001,0.0
20.995,FLIGHT,0.9367,1.5527,0.1756,0.1938,0.172,0.1895,-0.0168,-0.1899,0.0076,0.0153,1.0162,-0.0484,1.5794,0.000241,-0.0001,0.0
21.0,FLIGHT,0.9376,1.5536,0.1716,0.189,0.168,0.1847,-0.0168,-0.1899,0.0074,0.0149,1.0155,-0.0487,1.5798,0.00024,-0.0001,0.0
21.005,FLIGHT,0.9384,1.5545,0.1676,0.1843,0.164,0.18,-0.0168,-0.1898,0.0073,0.0145,1.0148,-0.0491,1.5803,0.00024,-0.0001,0.0
21.01,FLIGHT,0.9392,1.5554,0.1636,0.1796,0.1601,0.1755,-0.0167,-0.1897,0.0071,0.0142,1.0141,-0.0494,1.5807,0.000239,-0.0001,0.0
21.015,FLIGHT,0.94,1.5563,0.1597,0.175,0.1562,0.1709,-0.0167,-0.1896,0.007,0.0138,1.0133,-0.0497,1.5811,0.000239,-0.0001,0.0
21.02,FLIGHT,0.9408,1.5571,0.1558,0.1705,0.1524,0.1665,-0.0167,-0.1896,0.0069,0.0135,1.0126,-0.05,1.5815,0.000238,-0.0001,0.0
21.025,FLIGHT,0.9415,1.5579,0.152,0.166,0.1486,0.1621,-0.0166,-0.1895,0.0067,0.0131,1.0118,-0.0503,1.5818,0.000238,-0.0001,0.0
21.03,FLIGHT,0.9422,1.5587,0.1482,0.1617,0.1449,0.1578,-0.0166,-0.1895,0.0066,0.0128,1.011,-0.0506,1.5822,0.000237,-0.0001,0.0
21.035,FLIGHT,0.943,1.5595,0.1445,0.1574,0.1413,0.1536,-0.0166,-0.1894,0.0064,0.0124,1.0102,-0.0509,1.5826,0.000237,-0.0001,0.0
21.04,FLIGHT,0.9437,1.5603,0.1409,0.1531,0.1377,0.1494,-0.0165,-0.1893,0.0063,0.0121,1.0094,-0.0512,1.5829,0.000237,-0.0001,0.0
21.045,FLIGHT,0.9443,1.561,0.1373,0.149,0.1341,0.1453,-0.0165,-0.1893,0.0062,0.0118,1.0085,-0.0514,1.5832,0.000236,-0.0001,0.0
21.05,FLIGHT,0.945,1.5617,0.1338,0.1449,0.1307,0.1413,-0.0165,-0.1892,0.006,0.0115,1.0077,-0.0517,1.5836,0.000236,-0.0001,0.0
21.055,FLIGHT,0.9456,1.5624,0.1303,0.1409,0.1273,0.1374,-0.0164,-0.1892,0.0059,0.0111,1.0068,-0.0519,1.5839,0.000235,-0.0001,0.0
21.06,FLIGHT,0.9463,1.5631,0.127,0.137,0.1239,0.1335,-0.0164,-0.1891,0.0058,0.0108,1.0059,-0.0522,1.5842,0.000235,-0.0001,0.0
21.065,FLIGHT,0.9469,1.5638,0.1236,0.1331,0.1207,0.1297,-0.0164,-0.1891,0.0057,0.0105,1.005,-0.0524,1.5845,0.000235,-0.0001,0.0
21.07,FLIGHT,0.9475,1.5644,0.1204,0.1293,0.1175,0.126,-0.0164,-0.189,0.0056,0.0102,1.0041,-0.0526,1.5848,0.000234,-0.0001,0.0
21.075,FLIGHT,0.9481,1.565,0.1172,0.1256,0.1143,0.1224,-0.0163,-0.189,0.0054,0.0099,1.0032,-0.0528,1.5851,0.000234,-0.0001,0.0
21.08,FLIGHT,0.9486,1.5656,0.114,0.122,0.1112,0.1188,-0.0163,-0.1889,0.0053,0.0096,1.0022,-0.053,1.5854,0.000233,-0.0001,0.0
21.085,FLIGHT,0.9492,1.5662,0.111,0.1185,0.1082,0.1153,-0.0163,-0.1889,0.0052,0.0094,1.0012,-0.0532,1.5857,0.000233,-0.0001,0.0
21.09,FLIGHT,0.9497,1.5668,0.1079,0.115,0.1053,0.1119,-0.0163,-0.1888,0.0051,0.0091,1.0003,-0.0534,1.5859,0.000233,-0.0001,0.0
21.095,STANCE,0.9513,1.5677,0.2783,0.1608,0.5743,0.0764,-0.0161,-0.1888,0.0311,0.0107,0.9994,0.1378,-0.541,-0.000745,-0.3204,0.0648
21.1,STANCE,0.9553,1.5667,0.657,-0.1208,1.0124,-0.5187,-0.0152,-0.1889,0.1402,-0.0213,0.9986,-0.1665,-1.0755,-0.002518,-0.3702,0.0766
21.105,STANCE,0.9605,1.5621,0.914,-0.6842,0.7884,-0.8087,-0.0136,-0.1894,0.2651,-0.0756,0.9977,-0.5478,-1.428,-0.004111,-0.22,0.0481
21.11,STANCE,0.9625,1.56,0.5432,-0.4713,0.2596,-0.2529,-0.0129,-0.1896,0.1665,-0.0502,0.9978,-0.69,-1.9955,-0.004498,0.0105,0.0045
21.115,STANCE,0.9643,1.558,0.4295,-0.452,0.4945,-0.6419,-0.0123,-0.1898,0.1426,-0.0465,0.9981,-0.9105,-2.3238,-0.004282,0.0627,0.0043
21.12,STANCE,0.9662,1.5508,0.3918,-1.1975,0.4958,-1.7802,-0.011,-0.1905,0.2374,-0.112,0.998,-1.1306,-2.1083,-0.003683,0.102,0.0037
21.125,STANCE,0.9701,1.5418,0.6741,-1.6303,0.9325,-2.0887,-0.009,-0.1914,0.3525,-0.1499,0.9981,-1.4159,-1.7904,-0.003777,-0.1179,0.0274
21.13,STANCE,0.9738,1.5284,0.7155,-2.3834,0.87,-2.8355,-0.0065,-0.1925,0.4681,-0.2092,0.998,-1.5069,-1.1339,-0.004055,-0.1155,0.0272
21.135,STANCE,0.9779,1.5137,0.7756,-2.7736,0.7442,-2.9386,-0.0036,-0.1938,0.5391,-0.2336,0.9979,-1.4717,-0.4887,-0.004545,-0.0531,0.0152
21.14,STANCE,0.9808,1.4983,0.62,-2.9863,0.5413,-2.9542,-0.0009,-0.1951,0.544,-0.2414,0.9979,-1.1982,0.1397,-0.004535,0.0218,0.0045
21.145,STANCE,0.9831,1.4834,0.496,-2.9965,0.3886,-2.9916,0.0017,-0.1963,0.526,-0.2335,0.9979,-0.8217,0.6702,-0.004573,-0.0292,0.0104
21.15,STANCE,0.9844,1.4682,0.3329,-3.0178,0.1817,-3.0248,0.0041,-0.1974,0.5012,-0.2275,0.998,-0.3845,1.1254,-0.004594,0.0121,0.0046
21.155,STANCE,0.9854,1.4537,0.243,-2.9286,0.168,-2.8409,0.0064,-0.1985,0.4742,-0.2139,0.9981,-0.0423,1.3918,-0.004652,0.0083,0.0047
21.16,FLIGHT,0.9863,1.4399,0.1898,-2.8065,0.1722,-2.6751,0.0086,-0.1995,0.4491,-0.1989,0.9983,-1.1916,2.5033,-0.004532,0.0364,0.0045
21.165,FLIGHT,0.9859,1.4283,-0.0168,-2.4434,-0.3164,-1.9876,0.0103,-0.2003,0.3566,-0.1707,0.9986,-1.1801,2.4819,-0.0042,0.0942,0.0042
21.17,FLIGHT,0.9832,1.4199,-0.3982,-1.8834,-0.7603,-1.3607,0.0109,-0.2009,0.1982,-0.1342,0.9991,-1.0726,2.3864,-0.003615,0.1378,0.0036
21.175,FLIGHT,0.9784,1.4145,-0.793,-1.3124,-1.1296,-0.8215,0.0108,-0.2014,0.0343,-0.0989,0.9998,-0.9299,2.2656,-0.002847,0.1671,0.0028
21.18,FLIGHT,0.972,1.4116,-1.138,-0.7997,-1.4167,-0.3752,0.0099,-0.2016,-0.1115,-0.0668,1.0006,-0.7791,2.1409,-0.001965,0.1839,0.002
21.185,FLIGHT,0.9644,1.4106,-1.4122,-0.3674,-1.6244,-0.0177,0.0085,-0.2018,-0.2309,-0.0379,1.0014,-0.6331,2.0217,-0.001025,0.1906,0.001
21.19,FLIGHT,0.9559,1.4113,-1.6125,-0.0178,-1.7598,0.2594,0.0067,-0.2018,-0.3228,-0.0121,1.0024,-0.4976,1.9123,-7.2e-05,0.1893,0.0001
21.195,FLIGHT,0.9469,1.4131,-1.742,0.2549,-1.8285,0.4672,0.0046,-0.2017,-0.3885,0.0106,1.0034,-0.3765,1.8154,0.000686,0.1152,0.0
21.2,FLIGHT,0.9377,1.4158,-1.8093,0.459,-1.8449,0.6137,0.0024,-0.2015,-0.4311,0.0301,1.0044,-0.2695,1.7305,0.001117,0.061,0.0
21.205,FLIGHT,0.9285,1.4192,-1.8247,0.6035,-1.818,0.7088,0.0001,-0.2013,-0.4541,0.0462,1.0055,-0.1764,1.6575,0.001327,0.0253,0.0
21.21,FLIGHT,0.9196,1.4228,-1.797,0.6974,-1.7554,0.7615,-0.0023,-0.201,-0.4608,0.0589,1.0066,-0.0968,1.5959,0.001392,0.0025,0.0
21.215,FLIGHT,0.911,1.4267,-1.7343,0.7496,-1.6646,0.78,-0.0045,-0.2007,-0.4543,0.0681,1.0076,-0.03,1.545,0.001366,-0.0114,0.0023
21.22,FLIGHT,0.903,1.4306,-1.6438,0.7681,-1.5523,0.7719,-0.0067,-0.2003,-0.4374,0.0741,1.0087,0.0249,1.504,0.001287,-0.0193,0.0039
21.225,FLIGHT,0.8955,1.4344,-1.5321,0.7603,-1.4244,0.7435,-0.0087,-0.1999,-0.4127,0.077,1.0097,0.0688,1.4719,0.00118,-0.0231,0.0046
21.23,FLIGHT,0.8887,1.438,-1.4052,0.7326,-1.2864,0.7007,-0.0106,-0.1996,-0.3823,0.0772,1.0107,0.1028,1.4477,0.001061,-0.0242,0.0048
21.235,FLIGHT,0.8827,1.4414,-1.2683,0.6907,-1.1425,0.6483,-0.0123,-0.1992,-0.3481,0.0752,1.0117,0.1282,1.4306,0.00094,-0.0238,0.0048
21.24,FLIGHT,0.8773,1.4445,-1.1258,0.6393,-0.9969,0.5902,-0.0138,-0.1989,-0.3118,0.0715,1.0126,0.1459,1.4194,0.000825,-0.0223,0.0045
21.245,FLIGHT,0.8727,1.4473,-0.9815,0.5824,-0.8525,0.53,-0.0151,-0.1985,-0.2746,0.0664,1.0135,0.157,1.4133,0.000719,-0.0202,0.004
21.25,FLIGHT,0.8688,1.4498,-0.8386,0.5233,-0.712,0.4702,-0.0162,-0.1983,-0.2376,0.0604,1.0144,0.1626,1.4115,0.000624,-0.0178,0.0036
21.255,FLIGHT,0.8656,1.452,-0.6995,0.4646,-0.5774,0.4128,-0.0171,-0.198,-0.2016,0.0539,1.0152,0.1635,1.413,0.000541,-0.0154,0.0031
21.26,FLIGHT,0.863,1.4539,-0.5664,0.4083,-0.4502,0.3595,-0.0179,-0.1978,-0.1673,0.0472,1.016,0.1606,1.4173,0.00047,-0.013,0.0026
21.265,FLIGHT,0.861,1.4556,-0.4406,0.356,-0.3316,0.3114,-0.0185,-0.1976,-0.1351,0.0407,1.0167,0.1547,1.4236,0.000411,-0.0107,0.0021
21.27,FLIGHT,0.8597,1.457,-0.3232,0.3088,-0.2222,0.2691,-0.019,-0.1974,-0.1054,0.0344,1.0174,0.1464,1.4314,0.000362,-0.0087,0.0017
21.275,FLIGHT,0.8588,1.4583,-0.2151,0.2674,-0.1225,0.233,-0.0193,-0.1973,-0.0784,0.0287,1.0181,0.1364,1.4403,0.000323,-0.007,0.0014
21.28,FLIGHT,0.8584,1.4594,-0.1165,0.2321,-0.0326,0.2033,-0.0195,-0.1972,-0.0542,0.0237,1.0188,0.1252,1.4499,0.000292,-0.0055,0.0011
21.285,FLIGHT,0.8585,1.4603,-0.0277,0.2031,0.0476,0.1799,-0.0196,-0.1971,-0.0327,0.0193,1.0194,0.1133,1.4597,0.000268,-0.0042,0.0008
21.29,FLIGHT,0.8589,1.4612,0.0516,0.1802,0.1183,0.1625,-0.0197,-0.197,-0.0141,0.0156,1.02,0.101,1.4696,0.000249,-0.0032,0.0006
21.295,FLIGHT,0.8596,1.462,0.1214,0.1633,0.1799,0.1508,-0.0196,-0.197,0.002,0.0127,1.0205,0.0886,1.4793,0.000236,-0.0023,0.0005
21.3,FLIGHT,0.8607,1.4627,0.1823,0.152,0.233,0.1442,-0.0195,-0.1969,0.0155,0.0105,1.0211,0.0764,1.4887,0.000226,-0.0016,0.0003
21.305,FLIGHT,0.8619,1.4634,0.2347,0.1458,0.278,0.1424,-0.0194,-0.1969,0.0266,0.0089,1.0216,0.0646,1.4976,0.00022,-0.001,0.0002
21.31,FLIGHT,0.8634,1.4641,0.2792,0.1442,0.3158,0.1446,-0.0192,-0.1969,0.0356,0.0079,1.0221,0.0534,1.5059,0.000216,-0.0005,0.0001
21.315,FLIGHT,0.8651,1.4649,0.3165,0.1466,0.3468,0.1504,-0.0189,-0.1968,0.0426,0.0075,1.0226,0.0429,1.5135,0.000214,-0.0002,0.0
21.32,FLIGHT,0.8669,1.4657,0.3471,0.1525,0.3717,0.1591,-0.0187,-0.1968,0.0478,0.0075,1.023,0.0332,1.5205,0.000214,0.0001,0.0
21.325,FLIGHT,0.8688,1.4665,0.3717,0.1613,0.3913,0.1703,-0.0184,-0.1967,0.0514,0.0079,1.0234,0.0243,1.5268,0.000215,0.0003,0.0
21.33,FLIGHT,0.8708,1.4674,0.3911,0.1724,0.4062,0.1833,-0.0182,-0.1967,0.0537,0.0087,1.0239,0.0162,1.5324,0.000217,0.0004,0.0
21.335,FLIGHT,0.8729,1.4683,0.4057,0.1854,0.4169,0.1978,-0.0179,-0.1967,0.0548,0.0097,1.0243,0.0089,1.5374,0.00022,0.0005,0.0
21.34,FLIGHT,0.875,1.4693,0.4162,0.1998,0.424,0.2131,-0.0176,-0.1966,0.0548,0.0109,1.0246,0.0025,1.5417,0.000222,0.0006,0.0
21.345,FLIGHT,0.8771,1.4704,0.4233,0.2151,0.4281,0.2291,-0.0173,-0.1965,0.0541,0.0123,1.025,-0.0032,1.5454,0.000226,0.0006,0.0
21.35,FLIGHT,0.8792,1.4716,0.4273,0.2309,0.4297,0.2451,-0.0171,-0.1965,0.0527,0.0137,1.0253,-0.0081,1.5486,0.000229,0.0006,0.0
21.355,FLIGHT,0.8814,1.4729,0.4288,0.2468,0.4292,0.2611,-0.0168,-0.1964,0.0508,0.0152,1.0257,-0.0123,1.5513,0.000232,0.0006,0.0
21.36,FLIGHT,0.8835,1.4742,0.4282,0.2626,0.4269,0.2766,-0.0166,-0.1963,0.0485,0.0167,1.026,-0.0159,1.5535,0.000235,0.0006,0.0
21.365,FLIGHT,0.8857,1.4757,0.426,0.278,0.4233,0.2916,-0.0164,-0.1962,0.0459,0.0182,1.0263,-0.019,1.5554,0.000238,0.0006,0.0
21.37,FLIGHT,0.8878,1.4772,0.4224,0.2928,0.4187,0.3056,-0.0162,-0.1961,0.0432,0.0197,1.0266,-0.0215,1.5569,0.000241,0.0005,0.0
21.375,FLIGHT,0.8898,1.4787,0.4178,0.3067,0.4132,0.3188,-0.016,-0.196,0.0403,0.0211,1.0268,-0.0235,1.5581,0.000243,0.0005,0.0
21.38,FLIGHT,0.8919,1.4803,0.4124,0.3197,0.4073,0.3308,-0.0158,-0.1959,0.0374,0.0224,1.0271,-0.0252,1.559,0.000245,0.0004,0.0
21.385,FLIGHT,0.8939,1.482,0.4064,0.3316,0.4009,0.3417,-0.0156,-0.1958,0.0346,0.0236,1.0273,-0.0265,1.5598,0.000247,0.0004,0.0
21.39,FLIGHT,0.8959,1.4838,0.4001,0.3423,0.3943,0.3514,-0.0155,-0.1956,0.0318,0.0248,1.0275,-0.0275,1.5603,0.000249,0.0003,0.0
21.395,FLIGHT,0.8979,1.4855,0.3936,0.3519,0.3876,0.3599,-0.0153,-0.1955,0.0292,0.0258,1.0277,-0.0283,1.5608,0.00025,0.0003,0.0
21.4,FLIGHT,0.8998,1.4874,0.3869,0.3602,0.381,0.3671,-0.0152,-0.1954,0.0267,0.0267,1.0279,-0.029,1.5611,0.000251,0.0002,0.0
21.405,FLIGHT,0.9017,1.4892,0.3803,0.3673,0.3744,0.3732,-0.0151,-0.1952,0.0244,0.0275,1.0281,-0.0294,1.5613,0.000252,0.0002,0.0
21.41,FLIGHT,0.9035,1.4911,0.3737,0.3733,0.3679,0.378,-0.015,-0.1951,0.0223,0.0281,1.0282,-0.0297,1.5615,0.000253,0.0001,0.0
21.415,FLIGHT,0.9053,1.493,0.3673,0.378,0.3616,0.3818,-0.0149,-0.1949,0.0203,0.0287,1.0283,-0.03,1.5617,0.000254,0.0001,0.0
21.42,FLIGHT,0.9071,1.4949,0.361,0.3816,0.3555,0.3844,-0.0148,-0.1948,0.0186,0.0292,1.0284,-0.0302,1.5619,0.000254,0.0001,0.0
21.425,FLIGHT,0.9089,1.4968,0.355,0.3842,0.3496,0.386,-0.0147,-0.1946,0.017,0.0295,1.0285,-0.0304,1.562,0.000254,0.0,0.0
21.43,FLIGHT,0.9106,1.4988,0.3491,0.3857,0.3439,0.3867,-0.0146,-0.1945,0.0156,0.0298,1.0286,-0.0305,1.5622,0.000255,0.0,0.0
21.435,FLIGHT,0.9123,1.5007,0.3434,0.3863,0.3384,0.3864,-0.0145,-0.1943,0.0144,0.03,1.0286,-0.0306,1.5624,0.000255,-0.0,0.0
21.44,FLIGHT,0.914,1.5026,0.338,0.386,0.3331,0.3854,-0.0145,-0.1942,0.0133,0.03,1.0287,-0.0308,1.5627,0.000254,-0.0,0.0
21.445,FLIGHT,0.9157,1.5045,0.3327,0.3849,0.328,0.3836,-0.0144,-0.194,0.0124,0.0301,1.0287,-0.031,1.5629,0.000254,-0.0,0.0
21.45,FLIGHT,0.9173,1.5065,0.3275,0.3831,0.323,0.3811,-0.0144,-0.1939,0.0116,0.03,1.0287,-0.0312,1.5632,0.000254,-0.0001,0.0
21.455,FLIGHT,0.9189,1.5084,0.3225,0.3806,0.3181,0.3781,-0.0143,-0.1937,0.0109,0.0299,1.0286,-0.0314,1.5636,0.000254,-0.0001,0.0
21.46,FLIGHT,0.9205,1.5102,0.3177,0.3775,0.3134,0.3745,-0.0143,-0.1936,0.0104,0.0297,1.0286,-0.0317,1.564,0.000253,-0.0001,0.0
21.465,FLIGHT,0.922,1.5121,0.3129,0.3739,0.3087,0.3704,-0.0142,-0.1935,0.0099,0.0295,1.0285,-0.032,1.5644,0.000253,-0.0001,0.0
21.47,FLIGHT,0.9236,1.5139,0.3083,0.3698,0.3041,0.3659,-0.0142,-0.1933,0.0095,0.0292,1.0284,-0.0323,1.5649,0.000252,-0.0001,0.0
21.475,FLIGHT,0.9251,1.5158,0.3037,0.3653,0.2996,0.361,-0.0141,-0.1932,0.0092,0.0289,1.0283,-0.0327,1.5654,0.000252,-0.0001,0.0
21.48,FLIGHT,0.9266,1.5175,0.2991,0.3604,0.2951,0.3559,-0.0141,-0.193,0.009,0.0285,1.0281,-0.0331,1.5659,0.000251,-0.0001,0.0
21.485,FLIGHT,0.928,1.5193,0.2946,0.3552,0.2906,0.3505,-0.014,-0.1929,0.0088,0.0281,1.028,-0.0335,1.5665,0.000251,-0.0001,0.0
21.49,FLIGHT,0.9295,1.5211,0.2901,0.3498,0.2861,0.3448,-0.014,-0.1927,0.0086,0.0277,1.0278,-0.034,1.5671,0.00025,-0.0001,0.0
21.495,FLIGHT,0.9309,1.5228,0.2856,0.3441,0.2816,0.339,-0.0139,-0.1926,0.0085,0.0273,1.0276,-0.0345,1.5677,0.000249,-0.0001,0.0
21.5,FLIGHT,0.9323,1.5244,0.2811,0.3383,0.2771,0.333,-0.0139,-0.1925,0.0083,0.0269,1.0274,-0.035,1.5683,0.000249,-0.0001,0.0
21.505,FLIGHT,0.9337,1.5261,0.2766,0.3324,0.2726,0.327,-0.0139,-0.1923,0.0083,0.0264,1.0271,-0.0355,1.5689,0.000248,-0.0001,0.0
21.51,FLIGHT,0.935,1.5277,0.2721,0.3263,0.268,0.3208,-0.0138,-0.1922,0.0082,0.026,1.0269,-0.036,1.5696,0.000248,-0.0001,0.0
21.515,FLIGHT,0.9363,1.5293,0.2675,0.3201,0.2634,0.3146,-0.0138,-0.1921,0.0081,0.0255,1.0266,-0.0366,1.5702,0.000247,-0.0001,0.0
21.52,FLIGHT,0.9376,1.5309,0.2629,0.3139,0.2588,0.3083,-0.0137,-0.192,0.008,0.025,1.0263,-0.0371,1.5709,0.000246,-0.0001,0.0
21.525,FLIGHT,0.9389,1.5324,0.2583,0.3077,0.2542,0.3021,-0.0137,-0.1918,0.008,0.0245,1.0259,-0.0377,1.5715,0.000246,-0.0001,0.0
21.53,FLIGHT,0.9402,1.5339,0.2537,0.3014,0.2495,0.2958,-0.0137,-0.1917,0.0079,0.024,1.0256,-0.0383,1.5722,0.000245,-0.0001,0.0
21.535,FLIGHT,0.9414,1.5353,0.249,0.2951,0.2448,0.2895,-0.0136,-0.1916,0.0078,0.0235,1.0252,-0.0388,1.5728,0.000245,-0.0001,0.0
21.54,FLIGHT,0.9426,1.5368,0.2443,0.2889,0.2401,0.2833,-0.0136,-0.1915,0.0078,0.023,1.0248,-0.0394,1.5735,0.000244,-0.0001,0.0
21.545,FLIGHT,0.9438,1.5382,0.2396,0.2826,0.2354,0.2771,-0.0135,-0.1914,0.0077,0.0226,1.0244,-0.0399,1.5741,0.000243,-0.0001,0.0
21.55,FLIGHT,0.945,1.5395,0.2349,0.2764,0.2306,0.2709,-0.0135,-0.1913,0.0076,0.0221,1.024,-0.0405,1.5747,0.000243,-0.0001,0.0
21.555,FLIGHT,0.9461,1.5409,0.2301,0.2703,0.2258,0.2648,-0.0135,-0.1912,0.0075,0.0216,1.0236,-0.041,1.5753,0.000242,-0.0001,0.0
21.56,FLIGHT,0.9472,1.5422,0.2254,0.2641,0.2211,0.2587,-0.0134,-0.1911,0.0074,0.0211,1.0231,-0.0415,1.5759,0.000242,-0.0001,0.0
21.565,FLIGHT,0.9483,1.5435,0.2206,0.2581,0.2163,0.2527,-0.0134,-0.191,0.0073,0.0206,1.0226,-0.042,1.5765,0.000241,-0.0001,0.0
21.57,FLIGHT,0.9494,1.5447,0.2158,0.2521,0.2116,0.2467,-0.0134,-0.1909,0.0072,0.0202,1.0221,-0.0425,1.5771,0.00024,-0.0001,0.0
21.575,FLIGHT,0.9505,1.5459,0.2111,0.2461,0.2069,0.2408,-0.0133,-0.1908,0.0071,0.0197,1.0216,-0.043,1.5776,0.00024,-0.0001,0.0
21.58,FLIGHT,0.9515,1.5471,0.2064,0.2403,0.2022,0.235,-0.0133,-0.1907,0.0069,0.0192,1.021,-0.0434,1.5782,0.000239,-0.0001,0.0
21.585,FLIGHT,0.9525,1.5483,0.2017,0.2345,0.1975,0.2293,-0.0133,-0.1906,0.0068,0.0188,1.0204,-0.0439,1.5787,0.000239,-0.0001,0.0
21.59,FLIGHT,0.9535,1.5494,0.197,0.2287,0.1929,0.2236,-0.0132,-0.1905,0.0067,0.0183,1.0198,-0.0443,1.5792,0.000238,-0.0001,0.0
21.595,FLIGHT,0.9544,1.5505,0.1924,0.2231,0.1883,0.218,-0.0132,-0.1904,0.0065,0.0179,1.0192,-0.0447,1.5798,0.000238,-0.0001,0.0
21.6,FLIGHT,0.9553,1.5516,0.1878,0.2175,0.1837,0.2125,-0.0132,-0.1903,0.0064,0.0174,1.0186,-0.0451,1.5802,0.000237,-0.0001,0.0
21.605,FLIGHT,0.9562,1.5526,0.1832,0.212,0.1792,0.2071,-0.0131,-0.1902,0.0063,0.017,1.018,-0.0455,1.5807,0.000236,-0.0001,0.0
21.61,FLIGHT,0.9571,1.5537,0.1787,0.2066,0.1747,0.2018,-0.0131,-0.1901,0.0061,0.0166,1.0173,-0.0459,1.5812,0.000236,-0.0001,0.0
21.615,FLIGHT,0.958,1.5547,0.1743,0.2012,0.1703,0.1965,-0.0131,-0.1901,0.006,0.0162,1.0166,-0.0463,1.5816,0.000235,-0.0001,0.0
21.62,FLIGHT,0.9588,1.5556,0.1699,0.196,0.166,0.1913,-0.013,-0.19,0.0059,0.0157,1.0159,-0.0466,1.5821,0.000235,-0.0001,0.0
21.625,FLIGHT,0.9597,1.5566,0.1656,0.1908,0.1617,0.1862,-0.013,-0.1899,0.0057,0.0153,1.0152,-0.047,1.5825,0.000234,-0.0001,0.0
21.63,FLIGHT,0.9604,1.5575,0.1613,0.1857,0.1575,0.1812,-0.013,-0.1898,0.0056,0.0149,1.0145,-0.0473,1.5829,0.000234,-0.0001,0.0
21.635,FLIGHT,0.9612,1.5584,0.1571,0.1807,0.1533,0.1763,-0.013,-0.1898,0.0054,0.0145,1.0137,-0.0476,1.5833,0.000233,-0.0001,0.0
21.64,FLIGHT,0.962,1.5593,0.1529,0.1758,0.1492,0.1714,-0.0129,-0.1897,0.0053,0.0141,1.0129,-0.0479,1.5837,0.000233,-0.0001,0.0
21.645,FLIGHT,0.9627,1.5601,0.1489,0.1709,0.1452,0.1667,-0.0129,-0.1896,0.0052,0.0138,1.0121,-0.0482,1.5841,0.000232,-0.0001,0.0
21.65,FLIGHT,0.9634,1.5609,0.1448,0.1662,0.1413,0.162,-0.0129,-0.1896,0.0051,0.0134,1.0113,-0.0485,1.5844,0.000232,-0.0001,0.0
21.655,FLIGHT,0.9641,1.5617,0.1409,0.1615,0.1374,0.1574,-0.0129,-0.1895,0.0049,0.013,1.0105,-0.0488,1.5848,0.000231,-0.0001,0.0
21.66,FLIGHT,0.9648,1.5625,0.1371,0.157,0.1336,0.1529,-0.0128,-0.1894,0.0048,0.0126,1.0096,-0.049,1.5852,0.000231,-0.0001,0.0
21.665,FLIGHT,0.9655,1.5633,0.1333,0.1525,0.1299,0.1485,-0.0128,-0.1894,0.0047,0.0123,1.0088,-0.0493,1.5855,0.00023,-0.0001,0.0
21.67,FLIGHT,0.9661,1.564,0.1296,0.1481,0.1263,0.1442,-0.0128,-0.1893,0.0046,0.0119,1.0079,-0.0495,1.5858,0.00023,-0.0001,0.0
21.675,FLIGHT,0.9667,1.5647,0.1259,0.1438,0.1227,0.1399,-0.0128,-0.1893,0.0045,0.0116,1.007,-0.0498,1.5861,0.000229,-0.0001,0.0
21.68,FLIGHT,0.9673,1.5654,0.1223,0.1395,0.1192,0.1358,-0.0127,-0.1892,0.0043,0.0112,1.0061,-0.05,1.5865,0.000229,-0.0001,0.0
21.685,FLIGHT,0.9679,1.5661,0.1189,0.1354,0.1158,0.1317,-0.0127,-0.1891,0.0042,0.0109,1.0052,-0.0503,1.5868,0.000229,-0.0001,0.0
21.69,FLIGHT,0.9685,1.5667,0.1154,0.1314,0.1124,0.1278,-0.0127,-0.1891,0.0041,0.0106,1.0042,-0.0505,1.5871,0.000228,-0.0001,0.0
21.695,FLIGHT,0.969,1.5673,0.1121,0.1274,0.1091,0.1239,-0.0127,-0.189,0.004,0.0103,1.0033,-0.0507,1.5873,0.000228,-0.0001,0.0
21.7,FLIGHT,0.9696,1.5679,0.1088,0.1235,0.1059,0.1201,-0.0127,-0.189,0.0039,0.01,1.0023,-0.0509,1.5876,0.000227,-0.0001,0.0
21.705,FLIGHT,0.9701,1.5685,0.1056,0.1198,0.1028,0.1164,-0.0126,-0.1889,0.0038,0.0097,1.0013,-0.0511,1.5879,0.000227,-0.0001,0.0
21.71,FLIGHT,0.9706,1.5691,0.1025,0.1161,0.0997,0.1128,-0.0126,-0.1889,0.0037,0.0094,1.0003,-0.0513,1.5882,0.000227,-0.0001,0.0
21.715,STANCE,0.9717,1.57,0.2062,0.168,0.4897,0.1994,-0.0125,-0.1888,0.0163,0.0128,0.9994,0.1099,-0.4117,-0.000254,-0.2592,0.0521
21.72,STANCE,0.9754,1.5699,0.5996,0.0163,0.9718,-0.2848,-0.0118,-0.1889,0.1111,-0.0056,0.9987,-0.2007,-0.9754,-0.001875,-0.3568,0.0732
21.725,STANCE,0.9808,1.567,0.9158,-0.4233,0.7804,-0.6223,-0.0104,-0.1892,0.2308,-0.0477,0.9979,-0.6184,-1.3769,-0.003554,-0.2011,0.0438
21.73,STANCE,0.9829,1.5653,0.5515,-0.3353,0.2728,-0.2161,-0.0098,-0.1894,0.1501,-0.0355,0.9979,-0.788,-1.9027,-0.003826,0.0333,0.0038
21.735,STANCE,0.9846,1.5635,0.4292,-0.3782,0.4744,-0.5843,-0.0092,-0.1896,0.133,-0.0377,0.9982,-1.0339,-2.2263,-0.003509,0.0812,0.0035
21.74,STANCE,0.9868,1.5575,0.4322,-1.0131,0.5549,-1.673,-0.008,-0.1901,0.2212,-0.0927,0.9982,-1.2943,-2.0927,-0.002979,0.021,0.003
21.745,STANCE,0.9906,1.5478,0.6596,-1.6818,0.7162,-2.3755,-0.0059,-0.191,0.3587,-0.1489,0.9981,-1.5858,-1.71,-0.003418,-0.0775,0.0189
21.75,STANCE,0.9942,1.5361,0.6921,-2.1501,0.6615,-2.4717,-0.0036,-0.192,0.4332,-0.1832,0.9981,-1.6804,-1.2193,-0.003624,0.0016,0.0036
21.755,STANCE,0.9973,1.5229,0.6266,-2.4952,0.4428,-2.9314,-0.0012,-0.1931,0.4728,-0.2048,0.9981,-1.5882,-0.6431,-0.003726,-0.0176,0.0072
21.76,STANCE,0.9996,1.5084,0.5132,-2.7705,0.4121,-2.8787,0.0014,-0.1943,0.4941,-0.2193,0.998,-1.3289,-0.0199,-0.004067,-0.0492,0.0139
21.765,STANCE,1.0011,1.4938,0.37,-2.8587,0.2447,-2.8844,0.0037,-0.1954,0.4829,-0.219,0.998,-0.9332,0.5283,-0.004191,-0.0253,0.0093
21.77,STANCE,1.0018,1.4791,0.2065,-2.902,0.0485,-2.9431,0.006,-0.1965,0.4608,-0.2161,0.998,-0.472,0.9947,-0.004291,-0.0105,0.0064
21.775,STANCE,1.0021,1.465,0.1105,-2.8532,0.0245,-2.8114,0.0081,-0.1976,0.438,-0.2068,0.998,-0.0864,1.2985,-0.004513,-0.0202,0.0086
21.78,FLIGHT,1.0022,1.4512,0.0467,-2.7817,0.0241,-2.6912,0.0101,-0.1986,0.4178,-0.1963,0.9981,-1.1877,2.5069,-0.004515,0.0153,0.0045
21.785,FLIGHT,1.0016,1.439,-0.0938,-2.514,-0.3549,-2.108,0.0118,-0.1994,0.3525,-0.1747,0.9984,-1.1974,2.5035,-0.004316,0.069,0.0043
21.79,FLIGHT,0.9987,1.4301,-0.4519,-1.9824,-0.8063,-1.467,0.0125,-0.2001,0.2031,-0.1408,0.9987,-1.1017,2.4169,-0.003844,0.1175,0.0038
21.795,FLIGHT,0.9937,1.4242,-0.8457,-1.4097,-1.1865,-0.9109,0.0124,-0.2005,0.0392,-0.1064,0.9993,-0.9615,2.2974,-0.003166,0.1513,0.0032
21.8,FLIGHT,0.9869,1.4208,-1.1979,-0.8852,-1.4845,-0.4483,0.0116,-0.2008,-0.1097,-0.0745,1.0,-0.8094,2.1708,-0.002354,0.1719,0.0024
21.805,FLIGHT,0.979,1.4195,-1.4813,-0.4386,-1.7016,-0.0764,0.0102,-0.201,-0.2331,-0.0455,1.0008,-0.6603,2.0485,-0.001466,0.1816,0.0015
21.81,FLIGHT,0.9701,1.4199,-1.6902,-0.0757,-1.8446,0.2127,0.0083,-0.2011,-0.3287,-0.0194,1.0016,-0.5211,1.9355,-0.000552,0.1828,0.0006
21.815,FLIGHT,0.9606,1.4215,-1.8279,0.208,-1.9206,0.4292,0.0062,-0.201,-0.3978,0.0038,1.0026,-0.3955,1.8345,0.000326,0.1505,0.0
21.82,FLIGHT,0.9509,1.4241,-1.9005,0.4212,-1.9396,0.5833,0.0039,-0.2009,-0.4429,0.024,1.0035,-0.2849,1.7464,0.000907,0.0856,0.0
21.825,FLIGHT,0.9413,1.4273,-1.9187,0.5729,-1.9136,0.6838,0.0015,-0.2007,-0.4676,0.0408,1.0045,-0.1886,1.6704,0.001217,0.0415,0.0
21.83,FLIGHT,0.9319,1.4309,-1.8921,0.6721,-1.8508,0.7401,-0.0009,-0.2004,-0.4754,0.0542,1.0055,-0.106,1.6061,0.001348,0.0129,0.0
21.835,FLIGHT,0.9228,1.4346,-1.8291,0.7278,-1.7587,0.7609,-0.0033,-0.2001,-0.4694,0.0641,1.0066,-0.0366,1.5528,0.001364,-0.005,0.001
21.84,FLIGHT,0.9143,1.4384,-1.7372,0.7485,-1.6441,0.7536,-0.0055,-0.1997,-0.4526,0.0707,1.0076,0.0206,1.5097,0.00131,-0.0156,0.0031
21.845,FLIGHT,0.9064,1.4421,-1.6232,0.7416,-1.5131,0.7252,-0.0076,-0.1994,-0.4276,0.0741,1.0085,0.0666,1.4759,0.001217,-0.0212,0.0042
21.85,FLIGHT,0.8992,1.4456,-1.4932,0.7139,-1.3713,0.6815,-0.0096,-0.199,-0.3966,0.0747,1.0095,0.1024,1.4503,0.001104,-0.0235,0.0047
21.855,FLIGHT,0.8927,1.4489,-1.3526,0.6712,-1.2233,0.6277,-0.0113,-0.1987,-0.3616,0.073,1.0104,0.1292,1.432,0.000985,-0.0238,0.0048
21.86,FLIGHT,0.887,1.4519,-1.2059,0.6184,-1.073,0.5679,-0.0129,-0.1983,-0.3243,0.0695,1.0113,0.1481,1.4199,0.000868,-0.0228,0.0046
21.865,FLIGHT,0.882,1.4546,-1.0571,0.5597,-0.9239,0.5055,-0.0142,-0.198,-0.286,0.0645,1.0122,0.1601,1.4131,0.000758,-0.021,0.0042
21.87,FLIGHT,0.8777,1.457,-0.9094,0.4985,-0.7785,0.4436,-0.0154,-0.1978,-0.2479,0.0585,1.013,0.1663,1.4108,0.000659,-0.0188,0.0038
21.875,FLIGHT,0.8742,1.459,-0.7656,0.4377,-0.6391,0.3841,-0.0164,-0.1975,-0.2107,0.0519,1.0138,0.1677,1.412,0.000571,-0.0163,0.0033
21.88,FLIGHT,0.8713,1.4608,-0.6276,0.3794,-0.5072,0.3287,-0.0172,-0.1973,-0.1752,0.0452,1.0146,0.165,1.4161,0.000495,-0.0139,0.0028
21.885,FLIGHT,0.8691,1.4623,-0.4971,0.3251,-0.384,0.2786,-0.0178,-0.1971,-0.1419,0.0385,1.0153,0.1592,1.4224,0.000432,-0.0116,0.0023
21.89,FLIGHT,0.8675,1.4636,-0.3753,0.276,-0.2702,0.2346,-0.0183,-0.197,-0.1111,0.0321,1.016,0.151,1.4303,0.000379,-0.0095,0.0019
21.895,FLIGHT,0.8664,1.4647,-0.2628,0.2329,-0.1664,0.1971,-0.0187,-0.1969,-0.0831,0.0263,1.0166,0.1408,1.4394,0.000336,-0.0077,0.0015
21.9,FLIGHT,0.8658,1.4656,-0.1602,0.1961,-0.0727,0.1661,-0.0189,-0.1968,-0.0579,0.0211,1.0172,0.1294,1.4491,0.000301,-0.0061,0.0012
21.905,FLIGHT,0.8656,1.4664,-0.0675,0.1659,0.011,0.1418,-0.019,-0.1967,-0.0356,0.0166,1.0178,0.1172,1.4592,0.000274,-0.0047,0.0009
21.91,FLIGHT,0.8659,1.467,0.0152,0.1422,0.0849,0.1237,-0.0191,-0.1966,-0.0161,0.0128,1.0184,0.1046,1.4693,0.000254,-0.0036,0.0007
21.915,FLIGHT,0.8665,1.4676,0.0883,0.1247,0.1495,0.1116,-0.019,-0.1966,0.0006,0.0098,1.0189,0.0918,1.4793,0.000238,-0.0026,0.0005
21.92,FLIGHT,0.8674,1.4681,0.152,0.113,0.2051,0.105,-0.0189,-0.1966,0.0147,0.0075,1.0194,0.0793,1.489,0.000227,-0.0019,0.0004
21.925,FLIGHT,0.8685,1.4687,0.207,0.1066,0.2525,0.1032,-0.0188,-0.1965,0.0263,0.0059,1.0199,0.0671,1.4981,0.00022,-0.0012,0.0002
21.93,FLIGHT,0.8699,1.4692,0.2538,0.1051,0.2923,0.1058,-0.0186,-0.1965,0.0357,0.0049,1.0204,0.0556,1.5066,0.000215,-0.0007,0.0001
21.935,FLIGHT,0.8714,1.4697,0.2931,0.1079,0.3251,0.1121,-0.0184,-0.1965,0.0431,0.0045,1.0208,0.0447,1.5145,0.000212,-0.0003,0.0001
21.94,FLIGHT,0.8731,1.4703,0.3255,0.1143,0.3516,0.1215,-0.0181,-0.1965,0.0485,0.0046,1.0213,0.0346,1.5217,0.000211,-0.0,0.0
21.945,FLIGHT,0.8749,1.4709,0.3516,0.1238,0.3725,0.1335,-0.0178,-0.1965,0.0524,0.0051,1.0217,0.0254,1.5282,0.000212,0.0002,0.0
21.95,FLIGHT,0.8768,1.4716,0.3722,0.1358,0.3884,0.1475,-0.0175,-0.1964,0.0548,0.0059,1.0221,0.017,1.534,0.000214,0.0004,0.0
21.955,FLIGHT,0.8788,1.4724,0.388,0.1497,0.4001,0.163,-0.0173,-0.1964,0.056,0.007,1.0225,0.0095,1.5391,0.000216,0.0005,0.0
21.96,FLIGHT,0.8808,1.4733,0.3995,0.1651,0.408,0.1795,-0.017,-0.1963,0.0561,0.0082,1.0228,0.0028,1.5435,0.000219,0.0006,0.0
21.965,FLIGHT,0.8829,1.4742,0.4073,0.1816,0.4128,0.1966,-0.0167,-0.1963,0.0554,0.0097,1.0232,-0.003,1.5473,0.000222,0.0006,0.0
21.97,FLIGHT,0.885,1.4752,0.412,0.1986,0.4149,0.2139,-0.0164,-0.1962,0.054,0.0112,1.0235,-0.0081,1.5506,0.000225,0.0006,0.0
21.975,FLIGHT,0.887,1.4764,0.414,0.2157,0.4149,0.2311,-0.0162,-0.1962,0.052,0.0128,1.0238,-0.0125,1.5533,0.000228,0.0006,0.0
21.98,FLIGHT,0.8891,1.4776,0.4139,0.2328,0.413,0.2479,-0.0159,-0.1961,0.0496,0.0145,1.0241,-0.0162,1.5556,0.000231,0.0006,0.0
21.985,FLIGHT,0.8912,1.4788,0.4121,0.2494,0.4097,0.2641,-0.0157,-0.196,0.0469,0.0161,1.0244,-0.0193,1.5574,0.000234,0.0006,0.0
21.99,FLIGHT,0.8932,1.4802,0.4088,0.2654,0.4054,0.2794,-0.0155,-0.1959,0.0441,0.0176,1.0246,-0.0219,1.5589,0.000237,0.0005,0.0
21.995,FLIGHT,0.8952,1.4816,0.4045,0.2806,0.4002,0.2938,-0.0153,-0.1958,0.0411,0.0191,1.0249,-0.024,1.5601,0.000239,0.0005,0.0
22.0,FLIGHT,0.8972,1.4831,0.3993,0.2948,0.3944,0.307,-0.0151,-0.1957,0.0381,0.0205,1.0251,-0.0256,1.561,0.000242,0.0004,0.0
22.005,FLIGHT,0.8992,1.4847,0.3936,0.3079,0.3883,0.3191,-0.0149,-0.1956,0.0352,0.0219,1.0253,-0.027,1.5617,0.000244,0.0004,0.0
22.01,FLIGHT,0.9011,1.4863,0.3875,0.3198,0.3819,0.3299,-0.0148,-0.1955,0.0323,0.0231,1.0255,-0.028,1.5622,0.000246,0.0003,0.0
22.015,FLIGHT,0.903,1.488,0.3812,0.3304,0.3754,0.3394,-0.0146,-0.1954,0.0296,0.0242,1.0257,-0.0288,1.5625,0.000247,0.0003,0.0
22.02,FLIGHT,0.9048,1.4897,0.3747,0.3398,0.369,0.3476,-0.0145,-0.1952,0.027,0.0251,1.0259,-0.0294,1.5628,0.000248,0.0002,0.0
22.025,FLIGHT,0.9067,1.4915,0.3683,0.3479,0.3626,0.3546,-0.0144,-0.1951,0.0246,0.026,1.026,-0.0298,1.563,0.00025,0.0002,0.0
22.03,FLIGHT,0.9085,1.4933,0.362,0.3548,0.3563,0.3604,-0.0143,-0.195,0.0223,0.0268,1.0262,-0.0301,1.5631,0.00025,0.0002,0.0
22.035,FLIGHT,0.9102,1.4951,0.3557,0.3604,0.3503,0.365,-0.0142,-0.1948,0.0203,0.0274,1.0263,-0.0303,1.5632,0.000251,0.0001,0.0
22.04,FLIGHT,0.912,1.4969,0.3497,0.3649,0.3444,0.3684,-0.0141,-0.1947,0.0185,0.0279,1.0264,-0.0305,1.5633,0.000252,0.0001,0.0
22.045,FLIGHT,0.9137,1.4987,0.3439,0.3683,0.3387,0.3708,-0.014,-0.1945,0.0168,0.0283,1.0264,-0.0306,1.5634,0.000252,0.0001,0.0
22.05,FLIGHT,0.9154,1.5006,0.3382,0.3705,0.3333,0.3721,-0.0139,-0.1944,0.0154,0.0287,1.0265,-0.0307,1.5635,0.000252,0.0,0.0
22.055,FLIGHT,0.917,1.5025,0.3328,0.3718,0.328,0.3726,-0.0139,-0.1943,0.0141,0.0289,1.0265,-0.0308,1.5637,0.000252,0.0,0.0
22.06,FLIGHT,0.9186,1.5043,0.3276,0.3722,0.323,0.3722,-0.0138,-0.1941,0.013,0.029,1.0265,-0.0309,1.5638,0.000252,-0.0,0.0
22.065,FLIGHT,0.9202,1.5062,0.3225,0.3717,0.3181,0.371,-0.0138,-0.194,0.0121,0.0291,1.0265,-0.031,1.5641,0.000252,-0.0,0.0
22.07,FLIGHT,0.9218,1.508,0.3177,0.3705,0.3134,0.3691,-0.0137,-0.1938,0.0113,0.0291,1.0265,-0.0312,1.5643,0.000252,-0.0001,0.0
22.075,FLIGHT,0.9234,1.5099,0.313,0.3686,0.3088,0.3665,-0.0136,-0.1937,0.0106,0.029,1.0264,-0.0314,1.5646,0.000251,-0.0001,0.0
22.08,FLIGHT,0.9249,1.5117,0.3084,0.366,0.3043,0.3634,-0.0136,-0.1935,0.01,0.0288,1.0264,-0.0316,1.565,0.000251,-0.0001,0.0
22.085,FLIGHT,0.9264,1.5135,0.3039,0.3628,0.2999,0.3598,-0.0136,-0.1934,0.0095,0.0286,1.0263,-0.0319,1.5654,0.000251,-0.0001,0.0
22.09,FLIGHT,0.9279,1.5153,0.2995,0.3592,0.2956,0.3557,-0.0135,-0.1932,0.0091,0.0284,1.0262,-0.0322,1.5658,0.00025,-0.0001,0.0
22.095,FLIGHT,0.9294,1.5171,0.2952,0.3551,0.2914,0.3513,-0.0135,-0.1931,0.0088,0.0281,1.026,-0.0325,1.5662,0.00025,-0.0001,0.0
22.1,FLIGHT,0.9308,1.5188,0.2909,0.3507,0.2871,0.3465,-0.0134,-0.193,0.0086,0.0278,1.0259,-0.0329,1.5667,0.000249,-0.0001,0.0
22.105,FLIGHT,0.9322,1.5205,0.2867,0.3459,0.2829,0.3415,-0.0134,-0.1928,0.0084,0.0275,1.0257,-0.0333,1.5673,0.000249,-0.0001,0.0
22.11,FLIGHT,0.9336,1.5222,0.2825,0.3409,0.2787,0.3362,-0.0133,-0.1927,0.0082,0.0271,1.0255,-0.0338,1.5678,0.000248,-0.0001,0.0
22.115,FLIGHT,0.935,1.5239,0.2782,0.3356,0.2744,0.3307,-0.0133,-0.1926,0.0081,0.0267,1.0253,-0.0342,1.5684,0.000248,-0.0001,0.0
22.12,FLIGHT,0.9364,1.5255,0.274,0.3301,0.2702,0.3251,-0.0133,-0.1924,0.008,0.0263,1.0251,-0.0347,1.569,0.000247,-0.0001,0.0
22.125,FLIGHT,0.9377,1.5271,0.2697,0.3245,0.2659,0.3194,-0.0132,-0.1923,0.0079,0.0258,1.0248,-0.0353,1.5696,0.000246,-0.0001,0.0
22.13,FLIGHT,0.939,1.5287,0.2654,0.3187,0.2616,0.3135,-0.0132,-0.1922,0.0078,0.0254,1.0245,-0.0358,1.5702,0.000246,-0.0001,0.0
22.135,FLIGHT,0.9403,1.5303,0.2611,0.3129,0.2572,0.3076,-0.0131,-0.1921,0.0078,0.0249,1.0242,-0.0363,1.5709,0.000245,-0.0001,0.0
22.14,FLIGHT,0.9416,1.5318,0.2567,0.3069,0.2528,0.3016,-0.0131,-0.1919,0.0077,0.0245,1.0239,-0.0369,1.5715,0.000245,-0.0001,0.0
22.145,FLIGHT,0.9429,1.5333,0.2524,0.301,0.2484,0.2956,-0.0131,-0.1918,0.0076,0.024,1.0236,-0.0374,1.5721,0.000244,-0.0001,0.0
22.15,FLIGHT,0.9441,1.5348,0.2479,0.295,0.2439,0.2896,-0.013,-0.1917,0.0076,0.0235,1.0232,-0.038,1.5728,0.000244,-0.0001,0.0
22.155,FLIGHT,0.9453,1.5362,0.2434,0.2889,0.2394,0.2836,-0.013,-0.1916,0.0075,0.0231,1.0229,-0.0385,1.5734,0.000243,-0.0001,0.0
22.16,FLIGHT,0.9465,1.5376,0.2389,0.2829,0.2349,0.2776,-0.013,-0.1915,0.0075,0.0226,1.0225,-0.0391,1.574,0.000242,-0.0001,0.0
22.165,FLIGHT,0.9477,1.539,0.2344,0.2769,0.2303,0.2716,-0.0129,-0.1914,0.0074,0.0221,1.022,-0.0396,1.5747,0.000242,-0.0001,0.0
22.17,FLIGHT,0.9488,1.5403,0.2299,0.271,0.2258,0.2656,-0.0129,-0.1913,0.0073,0.0217,1.0216,-0.0402,1.5753,0.000241,-0.0001,0.0
22.175,FLIGHT,0.9499,1.5416,0.2253,0.265,0.2212,0.2597,-0.0128,-0.1911,0.0072,0.0212,1.0211,-0.0407,1.5759,0.000241,-0.0001,0.0
22.18,FLIGHT,0.951,1.5429,0.2207,0.2591,0.2166,0.2539,-0.0128,-0.191,0.0071,0.0207,1.0207,-0.0412,1.5765,0.00024,-0.0001,0.0
22.185,FLIGHT,0.9521,1.5442,0.2161,0.2533,0.212,0.2481,-0.0128,-0.1909,0.007,0.0203,1.0202,-0.0417,1.577,0.00024,-0.0001,0.0
22.19,FLIGHT,0.9531,1.5454,0.2115,0.2475,0.2074,0.2423,-0.0127,-0.1908,0.0069,0.0198,1.0196,-0.0422,1.5776,0.000239,-0.0001,0.0
22.195,FLIGHT,0.9542,1.5466,0.2069,0.2417,0.2028,0.2366,-0.0127,-0.1908,0.0068,0.0194,1.0191,-0.0427,1.5782,0.000238,-0.0001,0.0
22.2,FLIGHT,0.9552,1.5478,0.2023,0.2361,0.1982,0.231,-0.0127,-0.1907,0.0067,0.0189,1.0185,-0.0431,1.5787,0.000238,-0.0001,0.0
22.205,FLIGHT,0.9561,1.5489,0.1977,0.2304,0.1937,0.2254,-0.0126,-0.1906,0.0065,0.0185,1.018,-0.0436,1.5792,0.000237,-0.0001,0.0
22.21,FLIGHT,0.9571,1.55,0.1932,0.2249,0.1891,0.22,-0.0126,-0.1905,0.0064,0.0181,1.0174,-0.044,1.5797,0.000237,-0.0001,0.0
22.215,FLIGHT,0.958,1.5511,0.1887,0.2194,0.1847,0.2145,-0.0126,-0.1904,0.0063,0.0176,1.0167,-0.0444,1.5802,0.000236,-0.0001,0.0
22.22,FLIGHT,0.9589,1.5522,0.1842,0.214,0.1802,0.2092,-0.0125,-0.1903,0.0061,0.0172,1.0161,-0.0448,1.5807,0.000236,-0.0001,0.0
22.225,FLIGHT,0.9598,1.5532,0.1798,0.2087,0.1758,0.2039,-0.0125,-0.1902,0.006,0.0168,1.0155,-0.0452,1.5812,0.000235,-0.0001,0.0
22.23,FLIGHT,0.9607,1.5542,0.1754,0.2034,0.1714,0.1987,-0.0125,-0.1901,0.0059,0.0164,1.0148,-0.0456,1.5816,0.000235,-0.0001,0.0
22.235,FLIGHT,0.9616,1.5552,0.171,0.1982,0.1671,0.1936,-0.0125,-0.1901,0.0057,0.0159,1.0141,-0.046,1.5821,0.000234,-0.0001,0.0
22.24,FLIGHT,0.9624,1.5561,0.1667,0.1931,0.1629,0.1886,-0.0124,-0.19,0.0056,0.0155,1.0134,-0.0463,1.5825,0.000234,-0.0001,0.0
22.245,FLIGHT,0.9632,1.5571,0.1625,0.1881,0.1587,0.1836,-0.0124,-0.1899,0.0054,0.0151,1.0127,-0.0467,1.5829,0.000233,-0.0001,0.0
22.25,FLIGHT,0.964,1.558,0.1583,0.1831,0.1545,0.1787,-0.0124,-0.1898,0.0053,0.0147,1.0119,-0.047,1.5833,0.000233,-0.0001,0.0
22.255,FLIGHT,0.9647,1.5588,0.1541,0.1782,0.1505,0.1739,-0.0124,-0.1898,0.0052,0.0144,1.0111,-0.0473,1.5837,0.000232,-0.0001,0.0
22.26,FLIGHT,0.9655,1.5597,0.1501,0.1734,0.1465,0.1692,-0.0123,-0.1897,0.005,0.014,1.0104,-0.0476,1.5841,0.000232,-0.0001,0.0
22.265,FLIGHT,0.9662,1.5605,0.1461,0.1687,0.1425,0.1645,-0.0123,-0.1896,0.0049,0.0136,1.0096,-0.0479,1.5845,0.000231,-0.0001,0.0
22.27,FLIGHT,0.9669,1.5613,0.1421,0.1641,0.1386,0.1599,-0.0123,-0.1896,0.0048,0.0132,1.0087,-0.0482,1.5848,0.000231,-0.0001,0.0
22.275,FLIGHT,0.9676,1.5621,0.1383,0.1595,0.1348,0.1555,-0.0123,-0.1895,0.0047,0.0129,1.0079,-0.0485,1.5852,0.00023,-0.0001,0.0
22.28,FLIGHT,0.9682,1.5629,0.1345,0.155,0.1311,0.1511,-0.0122,-0.1894,0.0045,0.0125,1.0071,-0.0487,1.5855,0.00023,-0.0001,0.0
22.285,FLIGHT,0.9689,1.5636,0.1307,0.1506,0.1274,0.1467,-0.0122,-0.1894,0.0044,0.0122,1.0062,-0.049,1.5859,0.000229,-0.0001,0.0
22.29,FLIGHT,0.9695,1.5644,0.1271,0.1463,0.1239,0.1425,-0.0122,-0.1893,0.0043,0.0118,1.0053,-0.0492,1.5862,0.000229,-0.0001,0.0
22.295,FLIGHT,0.9701,1.5651,0.1235,0.1421,0.1203,0.1384,-0.0122,-0.1893,0.0042,0.0115,1.0044,-0.0495,1.5865,0.000228,-0.0001,0.0
22.3,FLIGHT,0.9707,1.5658,0.12,0.138,0.1169,0.1343,-0.0121,-0.1892,0.0041,0.0111,1.0035,-0.0497,1.5868,0.000228,-0.0001,0.0
22.305,FLIGHT,0.9713,1.5664,0.1166,0.1339,0.1135,0.1303,-0.0121,-0.1892,0.004,0.0108,1.0025,-0.05,1.5871,0.000227,-0.0001,0.0
22.31,FLIGHT,0.9719,1.5671,0.1132,0.13,0.1102,0.1264,-0.0121,-0.1891,0.0039,0.0105,1.0016,-0.0502,1.5874,0.000227,-0.0001,0.0
22.315,FLIGHT,0.9724,1.5677,0.1099,0.1261,0.107,0.1226,-0.0121,-0.1891,0.0038,0.0102,1.0006,-0.0504,1.5877,0.000227,-0.0001,0.0
22.32,STANCE,0.9731,1.5685,0.1363,0.1573,0.2613,0.3046,-0.0121,-0.189,0.0045,0.0127,0.9997,0.1402,-0.1674,5.8e-05,-0.1669,0.0334
22.325,STANCE,0.9758,1.5692,0.4391,0.1323,0.7831,-0.0684,-0.0117,-0.189,0.0651,0.0069,0.999,-0.0655,-0.7649,-0.001283,-0.3238,0.066
22.33,STANCE,0.9806,1.5673,0.8126,-0.2631,1.0488,-0.8319,-0.0105,-0.1892,0.1895,-0.0323,0.9982,-0.4639,-1.2099,-0.002938,-0.2979,0.0625
22.335,STANCE,0.9838,1.5641,0.6412,-0.4601,0.2922,-0.2573,-0.0095,-0.1895,0.1842,-0.0472,0.9978,-0.7182,-1.6523,-0.003714,-0.0366,0.011
22.34,STANCE,0.9852,1.5629,0.4022,-0.3254,0.3499,-0.3697,-0.009,-0.1896,0.1207,-0.0326,0.9981,-0.9298,-2.1139,-0.003673,0.0395,0.0037
22.345,STANCE,0.9874,1.5593,0.4358,-0.6393,0.3813,-1.3451,-0.0081,-0.19,0.1704,-0.0599,0.9982,-1.2206,-2.2032,-0.003356,0.1168,0.0034
22.35,STANCE,0.99,1.551,0.5214,-1.3362,0.7751,-1.752,-0.0065,-0.1907,0.2839,-0.1193,0.9982,-1.4781,-1.9048,-0.003167,-0.1149,0.0261
22.355,STANCE,0.9932,1.54,0.6037,-1.9379,0.7849,-2.0477,-0.0043,-0.1917,0.3856,-0.1669,0.9981,-1.6391,-1.4339,-0.003454,-0.0497,0.0134
22.36,STANCE,0.9963,1.5277,0.5966,-2.3322,0.5537,-2.7222,-0.002,-0.1927,0.4427,-0.1939,0.9981,-1.6261,-0.8897,-0.003651,-0.109,0.0254
22.365,STANCE,0.9986,1.5136,0.4994,-2.6584,0.2977,-2.9899,0.0004,-0.1939,0.474,-0.2133,0.998,-1.4279,-0.2701,-0.003967,-0.0058,0.0051
22.37,STANCE,1.0003,1.4995,0.3889,-2.7797,0.2408,-2.9152,0.0028,-0.195,0.4737,-0.2158,0.998,-1.0864,0.2957,-0.004164,-0.0692,0.018
22.375,STANCE,1.0008,1.4844,0.1849,-2.9407,0.0512,-2.9983,0.005,-0.1961,0.4607,-0.222,0.9979,-0.62,0.8434,-0.004438,-0.096,0.0236
22.38,STANCE,1.0008,1.4696,0.0723,-2.9309,0.0873,-2.7621,0.0072,-0.1972,0.4405,-0.2153,0.9978,-0.1926,1.2214,-0.004763,-0.0599,0.0167
22.385,STANCE,1.0011,1.456,0.0591,-2.7894,0.0456,-2.679,0.0092,-0.1982,0.4202,-0.1992,0.9979,0.0637,1.3849,-0.004925,-0.0102,0.007
22.39,FLIGHT,1.0012,1.4431,0.0256,-2.6194,-0.1195,-2.3268,0.0111,-0.1991,0.3911,-0.1823,0.9981,-1.157,2.4771,-0.004885,0.0341,0.0049
22.395,FLIGHT,0.9995,1.4331,-0.2536,-2.1638,-0.5721,-1.6824,0.0123,-0.1998,0.2694,-0.1513,0.9984,-1.0999,2.4205,-0.004569,0.0899,0.0046
22.4,FLIGHT,0.9956,1.4262,-0.6287,-1.6079,-0.9673,-1.1098,0.0125,-0.2004,0.1122,-0.1173,0.9989,-0.9784,2.315,-0.004011,0.131,0.004
22.405,FLIGHT,0.99,1.4219,-0.9876,-1.0753,-1.2863,-0.6254,0.012,-0.2007,-0.039,-0.0852,0.9995,-0.8356,2.1951,-0.003282,0.1583,0.0033
22.41,FLIGHT,0.9829,1.4198,-1.2882,-0.6107,-1.5265,-0.2298,0.0109,-0.2009,-0.1687,-0.0562,1.0002,-0.6909,2.0757,-0.002448,0.1737,0.0024
22.415,FLIGHT,0.9748,1.4194,-1.5185,-0.2258,-1.6928,0.083,0.0093,-0.2011,-0.2721,-0.03,1.0011,-0.5536,1.9638,-0.001561,0.1797,0.0016
22.42,FLIGHT,0.9661,1.4205,-1.679,0.0806,-1.7929,0.3216,0.0074,-0.2011,-0.3494,-0.0067,1.0019,-0.4277,1.8623,-0.000663,0.1785,0.0007
22.425,FLIGHT,0.957,1.4225,-1.7754,0.3152,-1.8348,0.496,0.0053,-0.201,-0.4027,0.0137,1.0029,-0.3154,1.7726,0.000205,0.1551,0.0
22.43,FLIGHT,0.9478,1.4253,-1.8144,0.4874,-1.8265,0.6163,0.003,-0.2008,-0.4349,0.031,1.0038,-0.2178,1.6953,0.000808,0.0898,0.0
22.435,FLIGHT,0.9388,1.4286,-1.8059,0.6059,-1.7801,0.6905,0.0008,-0.2006,-0.4494,0.0451,1.0048,-0.1336,1.6294,0.001137,0.0449,0.0
22.44,FLIGHT,0.9301,1.4322,-1.7594,0.6792,-1.703,0.7271,-0.0015,-0.2003,-0.4494,0.0559,1.0058,-0.0622,1.5743,0.001283,0.0156,0.0
22.445,FLIGHT,0.9218,1.4358,-1.6824,0.7155,-1.6019,0.7337,-0.0037,-0.2,-0.438,0.0635,1.0068,-0.0027,1.5291,0.001311,-0.0028,0.0006
22.45,FLIGHT,0.9141,1.4395,-1.5818,0.7223,-1.4829,0.7172,-0.0057,-0.1996,-0.4176,0.0681,1.0077,0.0456,1.4931,0.001267,-0.0138,0.0028
22.455,FLIGHT,0.907,1.443,-1.4636,0.7063,-1.3515,0.6836,-0.0076,-0.1993,-0.3907,0.07,1.0087,0.0839,1.4654,0.001181,-0.0197,0.0039
22.46,FLIGHT,0.9006,1.4463,-1.3331,0.6734,-1.2123,0.638,-0.0094,-0.199,-0.3591,0.0695,1.0096,0.1132,1.4449,0.001075,-0.0224,0.0045
22.465,FLIGHT,0.8949,1.4494,-1.1951,0.6288,-1.0694,0.5848,-0.0109,-0.1987,-0.3246,0.067,1.0105,0.1345,1.4308,0.000961,-0.0228,0.0046
22.47,FLIGHT,0.8899,1.4521,-1.0535,0.5766,-0.9262,0.5277,-0.0123,-0.1984,-0.2885,0.0631,1.0113,0.1488,1.4221,0.000849,-0.022,0.0044
22.475,FLIGHT,0.8856,1.4546,-0.9118,0.5206,-0.7856,0.4696,-0.0135,-0.1981,-0.2521,0.058,1.0121,0.1571,1.418,0.000743,-0.0203,0.0041
22.48,FLIGHT,0.882,1.4568,-0.7726,0.4635,-0.6497,0.4127,-0.0145,-0.1978,-0.2163,0.0523,1.0129,0.1604,1.4177,0.000647,-0.0181,0.0036
22.485,FLIGHT,0.8791,1.4588,-0.6381,0.4078,-0.5204,0.3591,-0.0154,-0.1976,-0.1817,0.0462,1.0137,0.1596,1.4204,0.000562,-0.0158,0.0032
22.49,FLIGHT,0.8768,1.4604,-0.5102,0.3552,-0.399,0.3098,-0.016,-0.1974,-0.1491,0.0401,1.0144,0.1554,1.4254,0.000489,-0.0135,0.0027
22.495,FLIGHT,0.8751,1.4619,-0.3901,0.3069,-0.2862,0.2659,-0.0166,-0.1973,-0.1186,0.0342,1.0151,0.1485,1.4323,0.000427,-0.0112,0.0022
22.5,FLIGHT,0.8739,1.4631,-0.2786,0.2639,-0.1828,0.2279,-0.017,-0.1971,-0.0907,0.0286,1.0157,0.1396,1.4404,0.000376,-0.0092,0.0018
22.505,FLIGHT,0.8732,1.4642,-0.1763,0.2267,-0.089,0.1961,-0.0172,-0.197,-0.0654,0.0236,1.0163,0.1292,1.4494,0.000335,-0.0074,0.0015
22.51,FLIGHT,0.873,1.4651,-0.0836,0.1956,-0.0047,0.1704,-0.0174,-0.197,-0.0429,0.0192,1.0169,0.1179,1.4589,0.000302,-0.0059,0.0012
22.515,FLIGHT,0.8732,1.4659,-0.0003,0.1705,0.07,0.1508,-0.0175,-0.1969,-0.0231,0.0155,1.0175,0.1059,1.4686,0.000276,-0.0045,0.0009
22.52,FLIGHT,0.8737,1.4666,0.0736,0.1515,0.1357,0.137,-0.0175,-0.1968,-0.006,0.0125,1.018,0.0938,1.4782,0.000256,-0.0034,0.0007
22.525,FLIGHT,0.8745,1.4672,0.1384,0.1381,0.1926,0.1285,-0.0174,-0.1968,0.0086,0.0102,1.0185,0.0817,1.4876,0.000241,-0.0025,0.0005
22.53,FLIGHT,0.8756,1.4679,0.1947,0.1299,0.2413,0.1248,-0.0173,-0.1967,0.0207,0.0085,1.019,0.0699,1.4965,0.000231,-0.0018,0.0004
22.535,FLIGHT,0.8769,1.4685,0.2428,0.1265,0.2825,0.1255,-0.0171,-0.1967,0.0306,0.0073,1.0194,0.0585,1.505,0.000223,-0.0012,0.0002
22.54,FLIGHT,0.8784,1.4691,0.2835,0.1274,0.3167,0.1299,-0.0169,-0.1967,0.0385,0.0068,1.0199,0.0478,1.5128,0.000219,-0.0007,0.0001
22.545,FLIGHT,0.8801,1.4698,0.3172,0.1319,0.3446,0.1375,-0.0167,-0.1966,0.0445,0.0067,1.0203,0.0378,1.52,0.000216,-0.0003,0.0001
22.55,FLIGHT,0.8819,1.4705,0.3448,0.1396,0.3668,0.1478,-0.0164,-0.1966,0.0488,0.007,1.0207,0.0286,1.5266,0.000215,-0.0,0.0
22.555,FLIGHT,0.8837,1.4713,0.3667,0.15,0.384,0.1602,-0.0161,-0.1966,0.0517,0.0076,1.0211,0.0201,1.5324,0.000216,0.0002,0.0
22.56,FLIGHT,0.8857,1.4721,0.3837,0.1623,0.3968,0.1742,-0.0159,-0.1965,0.0534,0.0086,1.0215,0.0125,1.5376,0.000217,0.0003,0.0
22.565,FLIGHT,0.8877,1.473,0.3963,0.1763,0.4058,0.1894,-0.0156,-0.1965,0.0539,0.0097,1.0218,0.0057,1.5422,0.000219,0.0005,0.0
22.57,FLIGHT,0.8897,1.474,0.4051,0.1914,0.4115,0.2053,-0.0153,-0.1964,0.0536,0.011,1.0222,-0.0003,1.5462,0.000222,0.0005,0.0
22.575,FLIGHT,0.8918,1.4751,0.4108,0.2072,0.4145,0.2215,-0.0151,-0.1964,0.0525,0.0124,1.0225,-0.0055,1.5496,0.000224,0.0006,0.0
22.58,FLIGHT,0.8939,1.4762,0.4136,0.2233,0.4151,0.2378,-0.0148,-0.1963,0.0508,0.0139,1.0228,-0.01,1.5524,0.000227,0.0006,0.0
22.585,FLIGHT,0.896,1.4775,0.4142,0.2394,0.4139,0.2538,-0.0146,-0.1962,0.0487,0.0154,1.0231,-0.0139,1.5549,0.00023,0.0006,0.0
22.59,FLIGHT,0.898,1.4788,0.413,0.2552,0.4111,0.2692,-0.0144,-0.1961,0.0462,0.0169,1.0234,-0.0172,1.5569,0.000233,0.0005,0.0
22.595,FLIGHT,0.9001,1.4802,0.4102,0.2705,0.4072,0.2839,-0.0141,-0.196,0.0435,0.0184,1.0236,-0.0199,1.5585,0.000236,0.0005,0.0
22.6,FLIGHT,0.9021,1.4816,0.4063,0.2851,0.4023,0.2978,-0.0139,-0.1959,0.0407,0.0198,1.0239,-0.0222,1.5598,0.000238,0.0005,0.0
22.605,FLIGHT,0.9041,1.4831,0.4014,0.2988,0.3967,0.3106,-0.0138,-0.1958,0.0378,0.0211,1.0241,-0.024,1.5608,0.00024,0.0004,0.0
22.61,FLIGHT,0.9061,1.4847,0.3959,0.3115,0.3907,0.3223,-0.0136,-0.1957,0.035,0.0224,1.0243,-0.0255,1.5616,0.000242,0.0004,0.0
22.615,FLIGHT,0.908,1.4864,0.3899,0.323,0.3844,0.3328,-0.0134,-0.1956,0.0322,0.0235,1.0245,-0.0266,1.5622,0.000244,0.0003,0.0
22.62,FLIGHT,0.9099,1.488,0.3836,0.3334,0.3779,0.3422,-0.0133,-0.1954,0.0295,0.0246,1.0247,-0.0275,1.5627,0.000246,0.0003,0.0
22.625,FLIGHT,0.9118,1.4898,0.3772,0.3426,0.3714,0.3503,-0.0132,-0.1953,0.0269,0.0255,1.0248,-0.0282,1.563,0.000247,0.0002,0.0
22.63,FLIGHT,0.9136,1.4915,0.3708,0.3505,0.365,0.3571,-0.013,-0.1952,0.0245,0.0264,1.025,-0.0287,1.5633,0.000248,0.0002,0.0
22.635,FLIGHT,0.9154,1.4933,0.3643,0.3573,0.3586,0.3628,-0.0129,-0.1951,0.0223,0.0271,1.0251,-0.0291,1.5635,0.000249,0.0002,0.0
22.64,FLIGHT,0.9172,1.4952,0.358,0.3629,0.3524,0.3673,-0.0128,-0.1949,0.0202,0.0277,1.0252,-0.0294,1.5636,0.00025,0.0001,0.0
22.645,FLIGHT,0.919,1.497,0.3518,0.3673,0.3464,0.3707,-0.0128,-0.1948,0.0184,0.0282,1.0253,-0.0296,1.5638,0.00025,0.0001,0.0
22.65,FLIGHT,0.9207,1.4989,0.3458,0.3706,0.3405,0.3731,-0.0127,-0.1946,0.0167,0.0286,1.0253,-0.0298,1.5639,0.00025,0.0001,0.0
22.655,FLIGHT,0.9224,1.5007,0.34,0.3729,0.3349,0.3745,-0.0126,-0.1945,0.0152,0.0289,1.0254,-0.0299,1.5641,0.000251,0.0,0.0
22.66,FLIGHT,0.924,1.5026,0.3344,0.3742,0.3295,0.3749,-0.0125,-0.1943,0.0139,0.0292,1.0254,-0.0301,1.5642,0.000251,0.0,0.0
22.665,FLIGHT,0.9257,1.5045,0.329,0.3745,0.3242,0.3745,-0.0125,-0.1942,0.0128,0.0293,1.0254,-0.0302,1.5644,0.000251,-0.0,0.0
22.67,FLIGHT,0.9273,1.5064,0.3238,0.3741,0.3192,0.3733,-0.0124,-0.194,0.0118,0.0294,1.0254,-0.0303,1.5646,0.00025,-0.0,0.0
22.675,FLIGHT,0.9288,1.5082,0.3187,0.3728,0.3142,0.3714,-0.0124,-0.1939,0.0109,0.0293,1.0254,-0.0305,1.5649,0.00025,-0.0001,0.0
22.68,FLIGHT,0.9304,1.5101,0.3138,0.3709,0.3095,0.3689,-0.0123,-0.1937,0.0102,0.0293,1.0253,-0.0307,1.5652,0.00025,-0.0001,0.0
22.685,FLIGHT,0.9319,1.5119,0.309,0.3683,0.3048,0.3658,-0.0123,-0.1936,0.0096,0.0291,1.0252,-0.0309,1.5656,0.00025,-0.0001,0.0
22.69,FLIGHT,0.9335,1.5137,0.3044,0.3652,0.3003,0.3621,-0.0122,-0.1935,0.0091,0.0289,1.0252,-0.0312,1.5659,0.000249,-0.0001,0.0
22.695,FLIGHT,0.9349,1.5155,0.2998,0.3616,0.2958,0.3581,-0.0122,-0.1933,0.0087,0.0287,1.025,-0.0315,1.5664,0.000249,-0.0001,0.0
22.7,FLIGHT,0.9364,1.5173,0.2954,0.3575,0.2914,0.3536,-0.0121,-0.1932,0.0083,0.0284,1.0249,-0.0319,1.5668,0.000248,-0.0001,0.0
22.705,FLIGHT,0.9379,1.5191,0.2909,0.353,0.287,0.3488,-0.0121,-0.193,0.0081,0.0281,1.0247,-0.0322,1.5673,0.000248,-0.0001,0.0
22.71,FLIGHT,0.9393,1.5208,0.2865,0.3482,0.2826,0.3438,-0.0121,-0.1929,0.0078,0.0277,1.0246,-0.0327,1.5678,0.000247,-0.0001,0.0
22.715,FLIGHT,0.9407,1.5225,0.2822,0.3431,0.2783,0.3384,-0.012,-0.1928,0.0077,0.0273,1.0244,-0.0331,1.5684,0.000247,-0.0001,0.0
22.72,FLIGHT,0.9421,1.5242,0.2778,0.3378,0.2739,0.3329,-0.012,-0.1926,0.0075,0.0269,1.0242,-0.0336,1.569,0.000246,-0.0001,0.0
22.725,FLIGHT,0.9434,1.5258,0.2735,0.3323,0.2696,0.3272,-0.0119,-0.1925,0.0074,0.0265,1.0239,-0.0341,1.5695,0.000245,-0.0001,0.0
22.73,FLIGHT,0.9448,1.5275,0.2691,0.3266,0.2652,0.3214,-0.0119,-0.1924,0.0073,0.0261,1.0237,-0.0346,1.5701,0.000245,-0.0001,0.0
22.735,FLIGHT,0.9461,1.529,0.2647,0.3208,0.2608,0.3155,-0.0119,-0.1922,0.0072,0.0256,1.0234,-0.0351,1.5708,0.000244,-0.0001,0.0
22.74,FLIGHT,0.9474,1.5306,0.2603,0.3148,0.2563,0.3095,-0.0118,-0.1921,0.0072,0.0252,1.0231,-0.0356,1.5714,0.000244,-0.0001,0.0
22.745,FLIGHT,0.9486,1.5321,0.2559,0.3089,0.2519,0.3035,-0.0118,-0.192,0.0071,0.0247,1.0227,-0.0362,1.572,0.000243,-0.0001,0.0
22.75,FLIGHT,0.9499,1.5336,0.2514,0.3028,0.2474,0.2974,-0.0118,-0.1919,0.007,0.0242,1.0224,-0.0367,1.5727,0.000243,-0.0001,0.0
22.755,FLIGHT,0.9511,1.5351,0.2469,0.2968,0.2429,0.2913,-0.0117,-0.1918,0.007,0.0238,1.022,-0.0373,1.5733,0.000242,-0.0001,0.0
22.76,FLIGHT,0.9523,1.5366,0.2424,0.2907,0.2383,0.2852,-0.0117,-0.1916,0.0069,0.0233,1.0217,-0.0378,1.5739,0.000241,-0.0001,0.0
22.765,FLIGHT,0.9535,1.538,0.2378,0.2846,0.2337,0.2791,-0.0117,-0.1915,0.0069,0.0228,1.0213,-0.0384,1.5745,0.000241,-0.0001,0.0
22.77,FLIGHT,0.9547,1.5393,0.2332,0.2785,0.2291,0.2731,-0.0116,-0.1914,0.0068,0.0223,1.0208,-0.0389,1.5752,0.00024,-0.0001,0.0
22.775,FLIGHT,0.9558,1.5407,0.2286,0.2725,0.2245,0.2671,-0.0116,-0.1913,0.0067,0.0219,1.0204,-0.0394,1.5758,0.00024,-0.0001,0.0
22.78,FLIGHT,0.9569,1.542,0.224,0.2665,0.2199,0.2611,-0.0116,-0.1912,0.0066,0.0214,1.0199,-0.04,1.5764,0.000239,-0.0001,0.0
22.785,FLIGHT,0.958,1.5433,0.2194,0.2605,0.2152,0.2552,-0.0115,-0.1911,0.0065,0.0209,1.0194,-0.0405,1.577,0.000238,-0.0001,0.0
22.79,FLIGHT,0.959,1.5446,0.2147,0.2546,0.2106,0.2493,-0.0115,-0.191,0.0064,0.0205,1.0189,-0.041,1.5775,0.000238,-0.0001,0.0
22.795,FLIGHT,0.9601,1.5458,0.2101,0.2487,0.2059,0.2435,-0.0115,-0.1909,0.0063,0.02,1.0184,-0.0415,1.5781,0.000237,-0.0001,0.0
22.8,FLIGHT,0.9611,1.547,0.2055,0.2429,0.2013,0.2377,-0.0114,-0.1908,0.0062,0.0195,1.0179,-0.0419,1.5787,0.000237,-0.0001,0.0
22.805,FLIGHT,0.9621,1.5482,0.2008,0.2372,0.1967,0.232,-0.0114,-0.1907,0.0061,0.0191,1.0173,-0.0424,1.5792,0.000236,-0.0001,0.0
22.81,FLIGHT,0.9631,1.5493,0.1962,0.2315,0.1921,0.2264,-0.0114,-0.1906,0.006,0.0186,1.0167,-0.0428,1.5797,0.000235,-0.0001,0.0
22.815,FLIGHT,0.964,1.5504,0.1917,0.2259,0.1876,0.2209,-0.0113,-0.1905,0.0058,0.0182,1.0161,-0.0433,1.5802,0.000235,-0.0001,0.0
22.82,FLIGHT,0.9649,1.5515,0.1871,0.2203,0.183,0.2154,-0.0113,-0.1904,0.0057,0.0178,1.0155,-0.0437,1.5807,0.000234,-0.0001,0.0
22.825,FLIGHT,0.9659,1.5526,0.1826,0.2149,0.1786,0.21,-0.0113,-0.1903,0.0056,0.0173,1.0149,-0.0441,1.5812,0.000234,-0.0001,0.0
22.83,FLIGHT,0.9667,1.5536,0.1781,0.2095,0.1741,0.2047,-0.0113,-0.1903,0.0055,0.0169,1.0142,-0.0445,1.5817,0.000233,-0.0001,0.0
22.835,FLIGHT,0.9676,1.5546,0.1737,0.2042,0.1697,0.1994,-0.0112,-0.1902,0.0053,0.0165,1.0135,-0.0449,1.5821,0.000233,-0.0001,0.0
22.84,FLIGHT,0.9684,1.5556,0.1693,0.1989,0.1654,0.1943,-0.0112,-0.1901,0.0052,0.0161,1.0128,-0.0452,1.5826,0.000232,-0.0001,0.0
22.845,FLIGHT,0.9692,1.5566,0.165,0.1938,0.1611,0.1892,-0.0112,-0.19,0.0051,0.0157,1.0121,-0.0456,1.583,0.000232,-0.0001,0.0
22.85,FLIGHT,0.97,1.5575,0.1607,0.1887,0.1569,0.1842,-0.0112,-0.19,0.0049,0.0153,1.0114,-0.0459,1.5834,0.000231,-0.0001,0.0
22.855,FLIGHT,0.9708,1.5584,0.1565,0.1837,0.1527,0.1792,-0.0111,-0.1899,0.0048,0.0149,1.0106,-0.0463,1.5838,0.000231,-0.0001,0.0
22.86,FLIGHT,0.9716,1.5593,0.1523,0.1787,0.1486,0.1744,-0.0111,-0.1898,0.0047,0.0145,1.0098,-0.0466,1.5842,0.00023,-0.0001,0.0
22.865,FLIGHT,0.9723,1.5602,0.1482,0.1739,0.1446,0.1696,-0.0111,-0.1897,0.0045,0.0141,1.0091,-0.0469,1.5846,0.00023,-0.0001,0.0
22.87,FLIGHT,0.973,1.561,0.1442,0.1691,0.1406,0.1649,-0.0111,-0.1897,0.0044,0.0137,1.0083,-0.0472,1.585,0.000229,-0.0001,0.0
22.875,FLIGHT,0.9737,1.5618,0.1403,0.1645,0.1368,0.1603,-0.0111,-0.1896,0.0043,0.0133,1.0074,-0.0475,1.5854,0.000229,-0.0001,0.0
22.88,FLIGHT,0.9744,1.5626,0.1364,0.1599,0.1329,0.1558,-0.011,-0.1895,0.0042,0.013,1.0066,-0.0478,1.5857,0.000228,-0.0001,0.0
22.885,FLIGHT,0.975,1.5634,0.1326,0.1554,0.1292,0.1514,-0.011,-0.1895,0.004,0.0126,1.0057,-0.048,1.5861,0.000228,-0.0001,0.0
22.89,FLIGHT,0.9757,1.5641,0.1288,0.1509,0.1255,0.147,-0.011,-0.1894,0.0039,0.0122,1.0049,-0.0483,1.5864,0.000227,-0.0001,0.0
22.895,FLIGHT,0.9763,1.5649,0.1251,0.1466,0.1219,0.1428,-0.011,-0.1894,0.0038,0.0119,1.004,-0.0485,1.5867,0.000227,-0.0001,0.0
22.9,FLIGHT,0.9769,1.5656,0.1215,0.1423,0.1183,0.1386,-0.011,-0.1893,0.0037,0.0116,1.0031,-0.0488,1.587,0.000226,-0.0001,0.0
22.905,FLIGHT,0.9775,1.5662,0.118,0.1382,0.1149,0.1345,-0.0109,-0.1892,0.0036,0.0112,1.0021,-0.049,1.5873,0.000226,-0.0001,0.0
22.91,FLIGHT,0.978,1.5669,0.1146,0.1341,0.1115,0.1305,-0.0109,-0.1892,0.0035,0.0109,1.0012,-0.0492,1.5876,0.000225,-0.0001,0.0
22.915,FLIGHT,0.9786,1.5675,0.1112,0.1301,0.1082,0.1266,-0.0109,-0.1891,0.0034,0.0106,1.0002,-0.0495,1.5879,0.000225,-0.0001,0.0
22.92,STANCE,0.9797,1.5685,0.2103,0.1774,0.4829,0.1996,-0.0108,-0.1891,0.0157,0.0138,0.9994,0.0811,-0.4061,-0.000211,-0.2359,0.0474
22.925,STANCE,0.9834,1.5684,0.5913,0.0202,0.9531,-0.2798,-0.0101,-0.1891,0.1091,-0.0042,0.9987,-0.2396,-0.9553,-0.001693,-0.3273,0.0672
22.93,STANCE,0.9886,1.5655,0.9,-0.4173,0.7839,-0.6395,-0.0087,-0.1894,0.2275,-0.0449,0.998,-0.6701,-1.3443,-0.003237,-0.1848,0.0402
22.935,STANCE,0.9909,1.5636,0.5684,-0.3745,0.3092,-0.2905,-0.008,-0.1896,0.1591,-0.0377,0.998,-0.8706,-1.8365,-0.003526,0.0225,0.0035
22.94,STANCE,0.9927,1.5614,0.4485,-0.4347,0.481,-0.6387,-0.0074,-0.1898,0.1448,-0.0415,0.9983,-1.1327,-2.1391,-0.003255,0.0738,0.0033
22.945,STANCE,0.995,1.5554,0.4489,-1.025,0.5881,-1.6021,-0.0061,-0.1904,0.227,-0.0916,0.9983,-1.4006,-2.0158,-0.002829,-0.0386,0.0105
22.95,STANCE,0.9983,1.5456,0.581,-1.6922,0.6788,-2.0567,-0.0042,-0.1912,0.3466,-0.146,0.9982,-1.6506,-1.6349,-0.00341,-0.098,0.023
22.955,STANCE,1.0013,1.5346,0.5782,-2.0863,0.6089,-2.2653,-0.002,-0.1921,0.404,-0.1741,0.9981,-1.7168,-1.1865,-0.003641,-0.0176,0.0072
22.96,STANCE,1.0037,1.5221,0.5085,-2.3645,0.4606,-2.5412,0.0002,-0.1932,0.433,-0.1909,0.9981,-1.6048,-0.653,-0.003554,-0.0355,0.0107
22.965,STANCE,1.0051,1.5081,0.3312,-2.6886,0.1274,-2.975,0.0025,-0.1943,0.4483,-0.2105,0.998,-1.3001,-0.0267,-0.003891,-0.0629,0.0165
22.97,STANCE,1.0062,1.4944,0.2368,-2.7368,0.0252,-2.908,0.0046,-0.1953,0.4403,-0.2082,0.998,-0.9089,0.4911,-0.004189,-0.0011,0.0044
22.975,STANCE,1.006,1.4798,0.0477,-2.8578,-0.0884,-2.9141,0.0067,-0.1964,0.4239,-0.2122,0.9979,-0.4258,0.981,-0.004481,-0.1047,0.0254
22.98,STANCE,1.0052,1.4651,-0.0987,-2.908,-0.2011,-2.9197,0.0087,-0.1975,0.4053,-0.2113,0.9978,-0.0119,1.3214,-0.004806,-0.0334,0.0115
22.985,STANCE,1.0049,1.4517,-0.0447,-2.7277,0.0425,-2.5341,0.0106,-0.1985,0.3921,-0.1926,0.9979,0.1235,1.3887,-0.005021,-0.037,0.0124
22.99,STANCE,1.0053,1.4394,0.0382,-2.5452,0.1014,-2.406,0.0125,-0.1993,0.3841,-0.174,0.998,0.0894,1.3466,-0.005126,-0.0055,0.0062
22.995,STANCE,1.0059,1.4276,0.099,-2.4077,0.1454,-2.2977,0.0144,-0.2001,0.3779,-0.1592,0.9982,0.0636,1.321,-0.005081,0.023,0.0051
23.0,FLIGHT,1.0067,1.4165,0.1323,-2.2827,0.0663,-2.0799,0.0162,-0.2008,0.3679,-0.1461,0.9985,-1.2816,2.5521,-0.004898,0.0564,0.0049
23.005,FLIGHT,1.0057,1.4078,-0.1184,-1.8742,-0.4495,-1.4004,0.0173,-0.2014,0.2573,-0.1216,0.9989,-1.2386,2.5082,-0.004468,0.1135,0.0045
23.01,FLIGHT,1.0023,1.4023,-0.5273,-1.3089,-0.9078,-0.7919,0.0174,-0.2018,0.0901,-0.0923,0.9994,-1.107,2.3967,-0.003789,0.1555,0.0038
23.015,FLIGHT,0.9968,1.3997,-0.9365,-0.7518,-1.2811,-0.2786,0.0167,-0.2021,-0.0765,-0.0637,1.0001,-0.9455,2.264,-0.002938,0.1826,0.0029
23.02,FLIGHT,0.9896,1.3994,-1.2859,-0.2632,-1.5648,0.1365,0.0153,-0.2022,-0.2207,-0.0368,1.0009,-0.7804,2.1303,-0.001985,0.1969,0.002
23.025,FLIGHT,0.9813,1.4009,-1.557,0.139,-1.7636,0.4597,0.0134,-0.2022,-0.3356,-0.0116,1.0018,-0.6236,2.0045,-0.000986,0.201,0.001
23.03,FLIGHT,0.9721,1.4038,-1.7487,0.4546,-1.8864,0.7005,0.0111,-0.2022,-0.4208,0.0116,1.0027,-0.4804,1.8905,1.2e-05,0.1943,0.0
23.035,FLIGHT,0.9625,1.4078,-1.866,0.6916,-1.9402,0.8713,0.0086,-0.202,-0.4786,0.0326,1.0037,-0.3539,1.7905,0.000775,0.1152,0.0
23.04,FLIGHT,0.9528,1.4124,-1.9188,0.8592,-1.9409,0.981,0.0059,-0.2017,-0.5126,0.0508,1.0047,-0.2435,1.704,0.001204,0.0601,0.0
23.045,FLIGHT,0.9432,1.4175,-1.9187,0.9671,-1.8977,1.0401,0.0033,-0.2014,-0.5267,0.0658,1.0057,-0.1484,1.6304,0.001407,0.0238,0.0
23.05,FLIGHT,0.9339,1.4228,-1.8751,1.0254,-1.8192,1.0581,0.0006,-0.201,-0.5245,0.0773,1.0067,-0.0681,1.5689,0.001465,0.0008,0.0
23.055,FLIGHT,0.9251,1.428,-1.7967,1.0432,-1.7132,1.0437,-0.0019,-0.2006,-0.5094,0.0854,1.0077,-0.0015,1.5189,0.001431,-0.0131,0.0026
23.06,FLIGHT,0.9168,1.4332,-1.6912,1.0292,-1.5867,1.0046,-0.0043,-0.2002,-0.4844,0.0901,1.0087,0.0524,1.4792,0.001344,-0.0209,0.0042
23.065,FLIGHT,0.9092,1.4381,-1.5656,0.9908,-1.4459,0.9476,-0.0065,-0.1997,-0.4521,0.0917,1.0096,0.0949,1.4489,0.001228,-0.0246,0.0049
23.07,FLIGHT,0.9024,1.4426,-1.426,0.9348,-1.2963,0.8784,-0.0085,-0.1993,-0.4149,0.0905,1.0105,0.1272,1.4268,0.001102,-0.0256,0.0051
23.075,FLIGHT,0.8963,1.4468,-1.2777,0.8668,-1.1424,0.8019,-0.0103,-0.1989,-0.3745,0.0871,1.0114,0.1505,1.4118,0.000975,-0.025,0.005
23.08,FLIGHT,0.8909,1.4506,-1.1252,0.7915,-0.988,0.7221,-0.0119,-0.1985,-0.3327,0.0819,1.0122,0.166,1.4028,0.000854,-0.0234,0.0047
23.085,FLIGHT,0.8864,1.454,-0.9725,0.7131,-0.8365,0.6423,-0.0133,-0.1981,-0.2907,0.0754,1.013,0.1748,1.399,0.000742,-0.0211,0.0042
23.09,FLIGHT,0.8826,1.4571,-0.8224,0.6346,-0.6901,0.565,-0.0144,-0.1978,-0.2495,0.0681,1.0138,0.1781,1.3993,0.000643,-0.0186,0.0037
23.095,FLIGHT,0.8795,1.4597,-0.6777,0.5586,-0.551,0.4922,-0.0154,-0.1975,-0.21,0.0604,1.0145,0.1768,1.403,0.000556,-0.0161,0.0032
23.1,FLIGHT,0.877,1.462,-0.54,0.487,-0.4204,0.4253,-0.0162,-0.1973,-0.1727,0.0526,1.0152,0.1718,1.4092,0.000482,-0.0136,0.0027
23.105,FLIGHT,0.8752,1.464,-0.411,0.4212,-0.2995,0.3652,-0.0168,-0.1971,-0.1381,0.045,1.0158,0.1638,1.4175,0.00042,-0.0112,0.0022
23.11,FLIGHT,0.874,1.4657,-0.2914,0.3622,-0.1889,0.3125,-0.0173,-0.1969,-0.1064,0.038,1.0164,0.1537,1.427,0.000369,-0.0091,0.0018
23.115,FLIGHT,0.8733,1.4671,-0.1821,0.3105,-0.0888,0.2675,-0.0176,-0.1968,-0.0778,0.0315,1.017,0.1419,1.4375,0.000328,-0.0073,0.0015
23.12,FLIGHT,0.8731,1.4684,-0.0831,0.2663,0.0008,0.2301,-0.0178,-0.1967,-0.0523,0.0258,1.0175,0.1291,1.4485,0.000296,-0.0057,0.0011
23.125,FLIGHT,0.8733,1.4694,0.0054,0.2296,0.08,0.2001,-0.0179,-0.1966,-0.0299,0.0209,1.018,0.1157,1.4597,0.000271,-0.0044,0.0009
23.13,FLIGHT,0.8739,1.4704,0.0836,0.2003,0.1491,0.1771,-0.018,-0.1965,-0.0106,0.0168,1.0185,0.1021,1.4707,0.000251,-0.0033,0.0007
23.135,FLIGHT,0.8748,1.4712,0.1519,0.1778,0.2088,0.1607,-0.0179,-0.1964,0.0059,0.0136,1.0189,0.0886,1.4814,0.000237,-0.0024,0.0005
23.14,FLIGHT,0.876,1.472,0.2108,0.1618,0.2595,0.1501,-0.0178,-0.1964,0.0196,0.0111,1.0193,0.0754,1.4916,0.000227,-0.0017,0.0003
23.145,FLIGHT,0.8774,1.4727,0.2608,0.1516,0.3019,0.1449,-0.0176,-0.1963,0.0307,0.0093,1.0197,0.0628,1.5012,0.00022,-0.0011,0.0002
23.15,FLIGHT,0.879,1.4734,0.3027,0.1467,0.3368,0.1444,-0.0174,-0.1963,0.0396,0.0081,1.0201,0.0509,1.5101,0.000216,-0.0006,0.0001
23.155,FLIGHT,0.8807,1.4742,0.3371,0.1463,0.3648,0.1478,-0.0171,-0.1963,0.0464,0.0076,1.0205,0.0398,1.5183,0.000214,-0.0002,0.0
23.16,FLIGHT,0.8826,1.4749,0.3647,0.1499,0.3867,0.1546,-0.0169,-0.1962,0.0513,0.0075,1.0208,0.0295,1.5257,0.000214,0.0001,0.0
23.165,FLIGHT,0.8846,1.4757,0.3863,0.1567,0.4032,0.1642,-0.0166,-0.1962,0.0546,0.0078,1.0212,0.0202,1.5323,0.000215,0.0003,0.0
23.17,FLIGHT,0.8866,1.4766,0.4026,0.1663,0.415,0.1758,-0.0163,-0.1961,0.0564,0.0085,1.0215,0.0119,1.5381,0.000217,0.0004,0.0
23.175,FLIGHT,0.8887,1.4775,0.4142,0.1779,0.4226,0.1891,-0.016,-0.1961,0.0571,0.0095,1.0217,0.0044,1.5432,0.000219,0.0005,0.0
23.18,FLIGHT,0.8909,1.4785,0.4217,0.1911,0.4269,0.2035,-0.0157,-0.196,0.0567,0.0106,1.022,-0.0021,1.5476,0.000222,0.0006,0.0
23.185,FLIGHT,0.893,1.4795,0.4258,0.2054,0.4282,0.2185,-0.0154,-0.196,0.0556,0.012,1.0223,-0.0078,1.5514,0.000225,0.0006,0.0
23.19,FLIGHT,0.8951,1.4806,0.4271,0.2203,0.4271,0.2338,-0.0152,-0.1959,0.0537,0.0134,1.0225,-0.0127,1.5546,0.000228,0.0006,0.0
23.195,FLIGHT,0.8973,1.4819,0.426,0.2355,0.424,0.2491,-0.0149,-0.1958,0.0514,0.0148,1.0227,-0.0169,1.5573,0.000231,0.0006,0.0
23.2,FLIGHT,0.8994,1.4831,0.4229,0.2506,0.4194,0.2639,-0.0147,-0.1957,0.0487,0.0163,1.0229,-0.0204,1.5594,0.000234,0.0006,0.0
23.205,FLIGHT,0.9015,1.4845,0.4183,0.2653,0.4137,0.2782,-0.0145,-0.1957,0.0457,0.0178,1.0231,-0.0233,1.5612,0.000236,0.0005,0.0
23.21,FLIGHT,0.9035,1.4859,0.4126,0.2794,0.407,0.2917,-0.0143,-0.1956,0.0427,0.0192,1.0233,-0.0257,1.5625,0.000239,0.0005,0.0
23.215,FLIGHT,0.9055,1.4874,0.406,0.2927,0.3998,0.3042,-0.0141,-0.1954,0.0395,0.0205,1.0235,-0.0275,1.5636,0.000241,0.0004,0.0
23.22,FLIGHT,0.9075,1.489,0.3988,0.3051,0.3922,0.3157,-0.0139,-0.1953,0.0363,0.0218,1.0236,-0.029,1.5644,0.000243,0.0004,0.0
23.225,FLIGHT,0.9095,1.4906,0.3912,0.3163,0.3843,0.326,-0.0137,-0.1952,0.0333,0.0229,1.0238,-0.0302,1.565,0.000245,0.0003,0.0
23.23,FLIGHT,0.9114,1.4922,0.3834,0.3265,0.3764,0.3351,-0.0136,-0.1951,0.0303,0.024,1.0239,-0.031,1.5654,0.000247,0.0003,0.0
23.235,FLIGHT,0.9132,1.4939,0.3756,0.3355,0.3686,0.3429,-0.0135,-0.195,0.0275,0.0249,1.024,-0.0316,1.5657,0.000248,0.0002,0.0
23.24,FLIGHT,0.915,1.4956,0.3678,0.3432,0.3609,0.3496,-0.0133,-0.1948,0.0249,0.0258,1.024,-0.032,1.5659,0.000249,0.0002,0.0
23.245,FLIGHT,0.9168,1.4974,0.3602,0.3497,0.3534,0.3551,-0.0132,-0.1947,0.0225,0.0265,1.0241,-0.0323,1.566,0.00025,0.0001,0.0
23.25,FLIGHT,0.9186,1.4992,0.3528,0.3551,0.3462,0.3593,-0.0131,-0.1946,0.0202,0.0271,1.0241,-0.0324,1.566,0.00025,0.0001,0.0
23.255,FLIGHT,0.9203,1.501,0.3456,0.3593,0.3393,0.3625,-0.013,-0.1944,0.0182,0.0276,1.0241,-0.0325,1.5661,0.000251,0.0001,0.0
23.26,FLIGHT,0.922,1.5028,0.3387,0.3623,0.3327,0.3646,-0.013,-0.1943,0.0164,0.028,1.0242,-0.0326,1.5661,0.000251,0.0,0.0
23.265,FLIGHT,0.9236,1.5046,0.3321,0.3643,0.3264,0.3657,-0.0129,-0.1941,0.0148,0.0283,1.0241,-0.0326,1.5661,0.000251,0.0,0.0
23.27,FLIGHT,0.9252,1.5065,0.3258,0.3653,0.3203,0.3658,-0.0128,-0.194,0.0134,0.0285,1.0241,-0.0326,1.5662,0.000251,-0.0,0.0
23.275,FLIGHT,0.9268,1.5083,0.3198,0.3654,0.3146,0.3651,-0.0128,-0.1939,0.0122,0.0286,1.024,-0.0326,1.5663,0.000251,-0.0,0.0
23.28,FLIGHT,0.9284,1.5101,0.3141,0.3647,0.3091,0.3636,-0.0127,-0.1937,0.0112,0.0287,1.024,-0.0326,1.5665,0.000251,-0.0001,0.0
23.285,FLIGHT,0.9299,1.5119,0.3086,0.3632,0.3038,0.3615,-0.0127,-0.1936,0.0103,0.0286,1.0239,-0.0327,1.5666,0.00025,-0.0001,0.0
23.29,FLIGHT,0.9314,1.5137,0.3034,0.3609,0.2988,0.3586,-0.0126,-0.1934,0.0095,0.0285,1.0238,-0.0328,1.5669,0.00025,-0.0001,0.0
23.295,FLIGHT,0.9329,1.5155,0.2983,0.3581,0.2939,0.3552,-0.0126,-0.1933,0.0089,0.0284,1.0236,-0.0329,1.5671,0.00025,-0.0001,0.0
23.3,FLIGHT,0.9344,1.5173,0.2935,0.3546,0.2892,0.3513,-0.0125,-0.1932,0.0084,0.0281,1.0235,-0.0331,1.5674,0.000249,-0.0001,0.0
23.305,FLIGHT,0.9358,1.519,0.2887,0.3507,0.2846,0.347,-0.0125,-0.193,0.008,0.0279,1.0233,-0.0333,1.5678,0.000249,-0.0001,0.0
23.31,FLIGHT,0.9372,1.5208,0.2841,0.3464,0.2801,0.3423,-0.0125,-0.1929,0.0077,0.0276,1.0231,-0.0336,1.5682,0.000248,-0.0001,0.0
23.315,FLIGHT,0.9386,1.5225,0.2796,0.3416,0.2756,0.3373,-0.0124,-0.1927,0.0074,0.0272,1.0229,-0.0339,1.5687,0.000247,-0.0001,0.0
23.32,FLIGHT,0.94,1.5241,0.2752,0.3366,0.2713,0.332,-0.0124,-0.1926,0.0072,0.0269,1.0226,-0.0342,1.5691,0.000247,-0.0001,0.0
23.325,FLIGHT,0.9413,1.5258,0.2708,0.3313,0.2669,0.3265,-0.0123,-0.1925,0.0071,0.0265,1.0224,-0.0346,1.5696,0.000246,-0.0001,0.0
23.33,FLIGHT,0.9426,1.5274,0.2665,0.3258,0.2626,0.3208,-0.0123,-0.1923,0.007,0.026,1.0221,-0.035,1.5702,0.000246,-0.0001,0.0
23.335,FLIGHT,0.9439,1.529,0.2622,0.3201,0.2583,0.3149,-0.0123,-0.1922,0.0069,0.0256,1.0218,-0.0355,1.5707,0.000245,-0.0001,0.0
23.34,FLIGHT,0.9452,1.5305,0.2579,0.3143,0.254,0.309,-0.0122,-0.1921,0.0068,0.0251,1.0215,-0.036,1.5713,0.000244,-0.0001,0.0
23.345,FLIGHT,0.9465,1.5321,0.2536,0.3083,0.2497,0.303,-0.0122,-0.192,0.0068,0.0247,1.0211,-0.0364,1.5719,0.000244,-0.0001,0.0
23.35,FLIGHT,0.9477,1.5336,0.2492,0.3023,0.2454,0.2969,-0.0122,-0.1919,0.0068,0.0242,1.0208,-0.0369,1.5725,0.000243,-0.0001,0.0
23.355,FLIGHT,0.9489,1.535,0.2449,0.2963,0.241,0.2908,-0.0121,-0.1917,0.0067,0.0237,1.0204,-0.0375,1.5731,0.000243,-0.0001,0.0
23.36,FLIGHT,0.9501,1.5365,0.2405,0.2902,0.2366,0.2847,-0.0121,-0.1916,0.0067,0.0233,1.02,-0.038,1.5737,0.000242,-0.0001,0.0
23.365,FLIGHT,0.9513,1.5379,0.2361,0.2841,0.2322,0.2786,-0.0121,-0.1915,0.0067,0.0228,1.0196,-0.0385,1.5743,0.000241,-0.0001,0.0
23.37,FLIGHT,0.9524,1.5393,0.2317,0.278,0.2278,0.2725,-0.012,-0.1914,0.0066,0.0223,1.0191,-0.039,1.5749,0.000241,-0.0001,0.0
23.375,FLIGHT,0.9536,1.5406,0.2273,0.2719,0.2233,0.2665,-0.012,-0.1913,0.0066,0.0218,1.0187,-0.0396,1.5755,0.00024,-0.0001,0.0
23.38,FLIGHT,0.9547,1.5419,0.2229,0.2659,0.2189,0.2605,-0.012,-0.1912,0.0065,0.0213,1.0182,-0.0401,1.5761,0.00024,-0.0001,0.0
23.385,FLIGHT,0.9558,1.5432,0.2184,0.2599,0.2144,0.2545,-0.0119,-0.1911,0.0065,0.0209,1.0177,-0.0406,1.5767,0.000239,-0.0001,0.0
23.39,FLIGHT,0.9568,1.5445,0.2139,0.2539,0.2099,0.2486,-0.0119,-0.191,0.0064,0.0204,1.0172,-0.0411,1.5773,0.000238,-0.0001,0.0
23.395,FLIGHT,0.9579,1.5457,0.2094,0.2481,0.2054,0.2428,-0.0119,-0.1909,0.0063,0.0199,1.0166,-0.0416,1.5779,0.000238,-0.0001,0.0
23.4,FLIGHT,0.9589,1.5469,0.2049,0.2422,0.2009,0.2371,-0.0118,-0.1908,0.0062,0.0195,1.016,-0.0421,1.5785,0.000237,-0.0001,0.0
23.405,FLIGHT,0.9599,1.5481,0.2004,0.2365,0.1964,0.2314,-0.0118,-0.1907,0.0061,0.019,1.0155,-0.0426,1.579,0.000237,-0.0001,0.0
23.41,FLIGHT,0.9608,1.5492,0.1959,0.2308,0.1919,0.2258,-0.0118,-0.1906,0.006,0.0186,1.0149,-0.043,1.5795,0.000236,-0.0001,0.0
23.415,FLIGHT,0.9618,1.5503,0.1914,0.2252,0.1874,0.2202,-0.0118,-0.1905,0.0059,0.0181,1.0143,-0.0435,1.5801,0.000236,-0.0001,0.0
23.42,FLIGHT,0.9627,1.5514,0.187,0.2197,0.183,0.2148,-0.0117,-0.1904,0.0058,0.0177,1.0136,-0.0439,1.5806,0.000235,-0.0001,0.0
23.425,FLIGHT,0.9636,1.5525,0.1825,0.2142,0.1786,0.2094,-0.0117,-0.1903,0.0057,0.0173,1.013,-0.0443,1.5811,0.000234,-0.0001,0.0
23.43,FLIGHT,0.9645,1.5535,0.1781,0.2089,0.1742,0.2041,-0.0117,-0.1902,0.0056,0.0168,1.0123,-0.0447,1.5815,0.000234,-0.0001,0.0
23.435,FLIGHT,0.9654,1.5545,0.1738,0.2036,0.1699,0.1989,-0.0116,-0.1902,0.0055,0.0164,1.0116,-0.0451,1.582,0.000233,-0.0001,0.0
23.44,FLIGHT,0.9662,1.5555,0.1694,0.1984,0.1656,0.1937,-0.0116,-0.1901,0.0053,0.016,1.0109,-0.0455,1.5825,0.000233,-0.0001,0.0
23.445,FLIGHT,0.967,1.5565,0.1652,0.1932,0.1613,0.1887,-0.0116,-0.19,0.0052,0.0156,1.0101,-0.0459,1.5829,0.000232,-0.0001,0.0
23.45,FLIGHT,0.9678,1.5574,0.1609,0.1882,0.1571,0.1837,-0.0116,-0.1899,0.0051,0.0152,1.0094,-0.0462,1.5833,0.000232,-0.0001,0.0
23.455,FLIGHT,0.9686,1.5583,0.1567,0.1832,0.153,0.1788,-0.0115,-0.1899,0.0049,0.0148,1.0086,-0.0466,1.5837,0.000231,-0.0001,0.0
23.46,FLIGHT,0.9693,1.5592,0.1526,0.1783,0.1489,0.174,-0.0115,-0.1898,0.0048,0.0144,1.0078,-0.0469,1.5841,0.000231,-0.0001,0.0
23.465,FLIGHT,0.9701,1.56,0.1485,0.1735,0.1449,0.1693,-0.0115,-0.1897,0.0047,0.014,1.007,-0.0472,1.5845,0.00023,-0.0001,0.0
23.47,FLIGHT,0.9708,1.5609,0.1445,0.1688,0.141,0.1646,-0.0115,-0.1897,0.0045,0.0137,1.0062,-0.0475,1.5849,0.00023,-0.0001,0.0
23.475,FLIGHT,0.9715,1.5617,0.1406,0.1642,0.1371,0.1601,-0.0115,-0.1896,0.0044,0.0133,1.0054,-0.0478,1.5853,0.000229,-0.0001,0.0
23.48,FLIGHT,0.9722,1.5625,0.1367,0.1596,0.1333,0.1556,-0.0114,-0.1895,0.0043,0.0129,1.0045,-0.0481,1.5856,0.000229,-0.0001,0.0
23.485,FLIGHT,0.9728,1.5632,0.1329,0.1552,0.1295,0.1512,-0.0114,-0.1895,0.0042,0.0126,1.0037,-0.0483,1.586,0.000228,-0.0001,0.0
23.49,FLIGHT,0.9735,1.564,0.1292,0.1508,0.1259,0.1469,-0.0114,-0.1894,0.004,0.0122,1.0028,-0.0486,1.5863,0.000228,-0.0001,0.0
23.495,FLIGHT,0.9741,1.5647,0.1255,0.1465,0.1222,0.1427,-0.0114,-0.1893,0.0039,0.0119,1.0019,-0.0489,1.5866,0.000228,-0.0001,0.0
23.5,FLIGHT,0.9747,1.5654,0.1219,0.1423,0.1187,0.1385,-0.0114,-0.1893,0.0038,0.0115,1.001,-0.0491,1.5869,0.000227,-0.0001,0.0
23.505,FLIGHT,0.9753,1.5661,0.1184,0.1381,0.1152,0.1345,-0.0113,-0.1892,0.0037,0.0112,1.0,-0.0493,1.5872,0.000227,-0.0001,0.0
23.51,STANCE,0.977,1.5673,0.2988,0.2007,0.5998,0.1374,-0.0112,-0.1891,0.0293,0.0149,0.9993,0.0369,-0.5345,-0.000617,-0.2773,0.0561
23.515,STANCE,0.981,1.5666,0.6718,-0.0563,1.0119,-0.4315,-0.0103,-0.1892,0.1348,-0.012,0.9986,-0.3098,-1.0449,-0.002156,-0.322,0.0666
23.52,STANCE,0.986,1.563,0.8601,-0.5204,0.6172,-0.5808,-0.0089,-0.1896,0.2342,-0.0539,0.9979,-0.7052,-1.4062,-0.003496,-0.1373,0.031
23.525,STANCE,0.9879,1.5612,0.518,-0.3937,0.3006,-0.3047,-0.0083,-0.1898,0.1522,-0.0391,0.998,-0.896,-1.9096,-0.003702,0.0226,0.0037
23.53,STANCE,0.9898,1.5588,0.4439,-0.4793,0.5096,-0.7191,-0.0076,-0.19,0.1502,-0.0455,0.9983,-1.1659,-2.1672,-0.003453,0.0671,0.0035
23.535,STANCE,0.9918,1.5517,0.4155,-1.1753,0.565,-1.7069,-0.0062,-0.1907,0.2416,-0.1043,0.9982,-1.4067,-1.9574,-0.002905,0.053,0.0029
23.54,STANCE,0.9958,1.5428,0.699,-1.6047,0.9386,-2.0031,-0.0042,-0.1914,0.3572,-0.139,0.9983,-1.6946,-1.6385,-0.003155,-0.1376,0.0307
23.545,STANCE,0.9993,1.5301,0.6747,-2.2793,0.7193,-2.5053,-0.0018,-0.1925,0.4503,-0.1893,0.9981,-1.7382,-1.0313,-0.003543,-0.1218,0.0279
23.55,STANCE,1.002,1.5169,0.5603,-2.558,0.4221,-2.7342,0.0006,-0.1936,0.4714,-0.205,0.998,-1.5855,-0.4712,-0.003832,-0.0093,0.0057
23.555,STANCE,1.0037,1.5031,0.3974,-2.7164,0.2389,-2.8679,0.0029,-0.1947,0.4661,-0.2109,0.998,-1.2612,0.0946,-0.004051,-0.1326,0.0306
23.56,STANCE,1.0044,1.4887,0.2035,-2.8379,0.0916,-2.8219,0.0051,-0.1958,0.4493,-0.2143,0.9979,-0.8129,0.6366,-0.004485,-0.056,0.0157
23.565,STANCE,1.0043,1.4743,0.042,-2.8619,0.0295,-2.7082,0.0072,-0.1969,0.4242,-0.211,0.9979,-0.3412,1.0661,-0.004555,-0.0098,0.0065
23.57,STANCE,1.0042,1.4608,0.0087,-2.7386,-0.0076,-2.6355,0.0091,-0.1978,0.4024,-0.1967,0.9979,-0.0003,1.3017,-0.004623,-0.0362,0.0119
23.575,FLIGHT,1.0042,1.4479,0.0056,-2.6303,0.0224,-2.5307,0.011,-0.1988,0.3884,-0.184,0.998,-1.1884,2.5028,-0.004707,-0.0009,0.0049
23.58,FLIGHT,1.0036,1.4364,-0.1073,-2.3634,-0.3551,-1.9624,0.0126,-0.1996,0.3283,-0.1629,0.9983,-1.1999,2.501,-0.004581,0.0563,0.0046
23.585,FLIGHT,1.0007,1.4282,-0.4568,-1.8389,-0.8076,-1.3311,0.0132,-0.2002,0.1814,-0.1303,0.9987,-1.1035,2.4144,-0.004164,0.1078,0.0042
23.59,FLIGHT,0.9957,1.423,-0.8484,-1.275,-1.1883,-0.7844,0.013,-0.2006,0.019,-0.0972,0.9992,-0.9619,2.2944,-0.003528,0.1442,0.0035
23.595,FLIGHT,0.9889,1.4202,-1.2,-0.7598,-1.4862,-0.3312,0.0121,-0.2008,-0.1285,-0.0662,0.9999,-0.8085,2.1672,-0.002745,0.1669,0.0027
23.6,FLIGHT,0.9809,1.4195,-1.4829,-0.3226,-1.7028,0.0313,0.0106,-0.201,-0.2504,-0.038,1.0007,-0.6583,2.0444,-0.001878,0.1784,0.0019
23.605,FLIGHT,0.972,1.4204,-1.6911,0.031,-1.8447,0.3112,0.0086,-0.201,-0.3445,-0.0124,1.0015,-0.5184,1.9312,-0.000977,0.181,0.001
23.61,FLIGHT,0.9626,1.4225,-1.8281,0.3055,-1.921,0.5181,0.0064,-0.2009,-0.412,0.0103,1.0024,-0.392,1.8298,-7.9e-05,0.177,0.0001
23.615,FLIGHT,0.9529,1.4255,-1.9002,0.5096,-1.9382,0.6637,0.0041,-0.2008,-0.4555,0.0301,1.0034,-0.2812,1.7417,0.000629,0.1078,0.0
23.62,FLIGHT,0.9433,1.429,-1.9169,0.6526,-1.9103,0.7561,0.0016,-0.2005,-0.4785,0.0466,1.0043,-0.185,1.666,0.001033,0.0572,0.0
23.625,FLIGHT,0.9339,1.433,-1.8887,0.7438,-1.8459,0.8048,-0.0008,-0.2002,-0.4846,0.0596,1.0053,-0.1028,1.6021,0.00123,0.0238,0.0
23.63,FLIGHT,0.9249,1.437,-1.8241,0.792,-1.7525,0.8184,-0.0032,-0.1999,-0.4772,0.0691,1.0063,-0.0337,1.5492,0.001291,0.0024,0.0
23.635,FLIGHT,0.9164,1.4411,-1.731,0.8056,-1.6368,0.8046,-0.0055,-0.1995,-0.459,0.0753,1.0073,0.0231,1.5065,0.001268,-0.0106,0.0021
23.64,FLIGHT,0.9085,1.445,-1.616,0.7921,-1.5052,0.7701,-0.0076,-0.1991,-0.4328,0.0783,1.0082,0.0686,1.4731,0.001195,-0.0179,0.0036
23.645,FLIGHT,0.9014,1.4488,-1.4853,0.7584,-1.3629,0.7208,-0.0096,-0.1988,-0.4008,0.0785,1.0091,0.1041,1.448,0.001096,-0.0214,0.0043
23.65,FLIGHT,0.8949,1.4522,-1.3442,0.7101,-1.2146,0.6618,-0.0113,-0.1984,-0.3649,0.0764,1.01,0.1304,1.4301,0.000985,-0.0225,0.0045
23.655,FLIGHT,0.8892,1.4554,-1.1973,0.6521,-1.0643,0.5973,-0.0129,-0.1981,-0.3269,0.0725,1.0109,0.1489,1.4184,0.000873,-0.022,0.0044
23.66,FLIGHT,0.8843,1.4582,-1.0485,0.5888,-0.9153,0.5307,-0.0143,-0.1977,-0.2879,0.0671,1.0117,0.1606,1.412,0.000766,-0.0206,0.0041
23.665,FLIGHT,0.8801,1.4607,-0.9009,0.5235,-0.7702,0.4649,-0.0154,-0.1975,-0.2493,0.0607,1.0125,0.1665,1.41,0.000668,-0.0186,0.0037
23.67,FLIGHT,0.8766,1.4629,-0.7574,0.4588,-0.6312,0.4019,-0.0164,-0.1972,-0.2117,0.0538,1.0133,0.1675,1.4116,0.000581,-0.0164,0.0033
23.675,FLIGHT,0.8737,1.4647,-0.6198,0.397,-0.4998,0.3434,-0.0172,-0.197,-0.1758,0.0467,1.014,0.1646,1.416,0.000505,-0.014,0.0028
23.68,FLIGHT,0.8716,1.4663,-0.4899,0.3396,-0.3772,0.2905,-0.0179,-0.1968,-0.1423,0.0398,1.0147,0.1586,1.4226,0.00044,-0.0118,0.0024
23.685,FLIGHT,0.87,1.4676,-0.3686,0.2877,-0.2642,0.2439,-0.0184,-0.1967,-0.1113,0.0332,1.0153,0.1501,1.4308,0.000386,-0.0097,0.0019
23.69,FLIGHT,0.8689,1.4687,-0.2568,0.242,-0.1611,0.2041,-0.0187,-0.1965,-0.083,0.0271,1.0159,0.1398,1.4401,0.000342,-0.0079,0.0016
23.695,FLIGHT,0.8683,1.4697,-0.155,0.2031,-0.0682,0.1712,-0.019,-0.1964,-0.0577,0.0217,1.0165,0.1282,1.45,0.000307,-0.0063,0.0013
23.7,FLIGHT,0.8682,1.4705,-0.0631,0.1708,0.0147,0.145,-0.0191,-0.1964,-0.0353,0.017,1.017,0.1158,1.4603,0.00028,-0.0049,0.001
23.705,FLIGHT,0.8685,1.4711,0.0188,0.1453,0.0877,0.1253,-0.0191,-0.1963,-0.0158,0.0131,1.0176,0.103,1.4706,0.000258,-0.0037,0.0007
23.71,FLIGHT,0.8691,1.4717,0.091,0.1262,0.1514,0.1118,-0.0191,-0.1963,0.0009,0.0099,1.018,0.0901,1.4807,0.000242,-0.0028,0.0006
23.715,FLIGHT,0.87,1.4723,0.1539,0.113,0.2062,0.1038,-0.019,-0.1962,0.015,0.0075,1.0185,0.0775,1.4905,0.00023,-0.002,0.0004
23.72,FLIGHT,0.8711,1.4728,0.208,0.1054,0.2527,0.1009,-0.0188,-0.1962,0.0266,0.0058,1.019,0.0653,1.4997,0.000222,-0.0013,0.0003
23.725,FLIGHT,0.8725,1.4733,0.254,0.1028,0.2916,0.1025,-0.0186,-0.1962,0.036,0.0047,1.0194,0.0537,1.5083,0.000217,-0.0008,0.0002
23.73,FLIGHT,0.874,1.4738,0.2924,0.1045,0.3236,0.1078,-0.0184,-0.1962,0.0433,0.0042,1.0198,0.0427,1.5163,0.000214,-0.0004,0.0001
23.735,FLIGHT,0.8757,1.4744,0.3239,0.11,0.3493,0.1165,-0.0181,-0.1961,0.0487,0.0042,1.0202,0.0326,1.5235,0.000213,-0.0001,0.0
23.74,FLIGHT,0.8775,1.475,0.3493,0.1187,0.3694,0.1277,-0.0179,-0.1961,0.0525,0.0046,1.0206,0.0234,1.5301,0.000213,0.0002,0.0
23.745,FLIGHT,0.8794,1.4756,0.3692,0.13,0.3847,0.1411,-0.0176,-0.1961,0.0549,0.0054,1.0209,0.015,1.5359,0.000214,0.0003,0.0
23.75,FLIGHT,0.8813,1.4764,0.3842,0.1433,0.3956,0.156,-0.0173,-0.1961,0.056,0.0064,1.0212,0.0075,1.541,0.000217,0.0005,0.0
23.755,FLIGHT,0.8833,1.4772,0.395,0.1582,0.4029,0.172,-0.017,-0.196,0.0561,0.0077,1.0216,0.0008,1.5454,0.000219,0.0006,0.0
23.76,FLIGHT,0.8854,1.4781,0.4021,0.1741,0.4071,0.1886,-0.0168,-0.196,0.0553,0.0091,1.0219,-0.005,1.5492,0.000222,0.0006,0.0
23.765,FLIGHT,0.8874,1.4791,0.4062,0.1906,0.4086,0.2055,-0.0165,-0.1959,0.0538,0.0106,1.0222,-0.0101,1.5525,0.000225,0.0006,0.0
23.77,FLIGHT,0.8894,1.4802,0.4077,0.2073,0.408,0.2224,-0.0162,-0.1959,0.0518,0.0122,1.0224,-0.0144,1.5552,0.000228,0.0006,0.0
23.775,FLIGHT,0.8915,1.4813,0.4071,0.224,0.4057,0.2388,-0.016,-0.1958,0.0494,0.0138,1.0227,-0.0181,1.5574,0.000231,0.0006,0.0
23.78,FLIGHT,0.8935,1.4826,0.4047,0.2403,0.402,0.2547,-0.0158,-0.1957,0.0466,0.0154,1.0229,-0.0211,1.5592,0.000234,0.0006,0.0
23.785,FLIGHT,0.8955,1.4839,0.4011,0.256,0.3972,0.2697,-0.0155,-0.1956,0.0437,0.0169,1.0232,-0.0237,1.5607,0.000237,0.0005,0.0
23.79,FLIGHT,0.8975,1.4853,0.3963,0.2709,0.3917,0.2838,-0.0153,-0.1955,0.0407,0.0184,1.0234,-0.0257,1.5618,0.000239,0.0005,0.0
23.795,FLIGHT,0.8994,1.4867,0.3908,0.2848,0.3856,0.2968,-0.0152,-0.1954,0.0377,0.0198,1.0236,-0.0273,1.5627,0.000241,0.0004,0.0
23.8,FLIGHT,0.9013,1.4882,0.3848,0.2976,0.3792,0.3086,-0.015,-0.1953,0.0348,0.0211,1.0237,-0.0286,1.5633,0.000243,0.0004,0.0
23.805,FLIGHT,0.9032,1.4898,0.3784,0.3093,0.3726,0.3192,-0.0148,-0.1952,0.0319,0.0223,1.0239,-0.0296,1.5638,0.000245,0.0003,0.0
23.81,FLIGHT,0.905,1.4914,0.3719,0.3197,0.3659,0.3286,-0.0147,-0.1951,0.0291,0.0234,1.024,-0.0303,1.5641,0.000247,0.0003,0.0
23.815,FLIGHT,0.9069,1.4931,0.3652,0.329,0.3593,0.3366,-0.0146,-0.195,0.0265,0.0243,1.0242,-0.0309,1.5643,0.000248,0.0002,0.0
23.82,FLIGHT,0.9086,1.4948,0.3586,0.3369,0.3528,0.3435,-0.0145,-0.1948,0.0241,0.0252,1.0243,-0.0312,1.5645,0.000249,0.0002,0.0
23.825,FLIGHT,0.9104,1.4965,0.3521,0.3436,0.3464,0.3491,-0.0144,-0.1947,0.0219,0.0259,1.0244,-0.0315,1.5646,0.00025,0.0001,0.0
23.83,FLIGHT,0.9121,1.4983,0.3458,0.3491,0.3403,0.3536,-0.0143,-0.1946,0.0199,0.0266,1.0244,-0.0317,1.5646,0.00025,0.0001,0.0
23.835,FLIGHT,0.9138,1.5,0.3397,0.3535,0.3343,0.3569,-0.0142,-0.1944,0.018,0.0271,1.0245,-0.0318,1.5647,0.000251,0.0001,0.0
23.84,FLIGHT,0.9155,1.5018,0.3338,0.3567,0.3286,0.3592,-0.0141,-0.1943,0.0164,0.0275,1.0245,-0.0318,1.5648,0.000251,0.0,0.0
23.845,FLIGHT,0.9171,1.5036,0.3281,0.359,0.3232,0.3605,-0.014,-0.1942,0.015,0.0278,1.0245,-0.0319,1.5648,0.000251,0.0,0.0
23.85,FLIGHT,0.9187,1.5054,0.3227,0.3602,0.3179,0.3609,-0.014,-0.194,0.0137,0.028,1.0245,-0.032,1.5649,0.000251,-0.0,0.0
23.855,FLIGHT,0.9203,1.5072,0.3175,0.3605,0.3129,0.3604,-0.0139,-0.1939,0.0126,0.0281,1.0245,-0.032,1.5651,0.000251,-0.0,0.0
23.86,FLIGHT,0.9218,1.509,0.3125,0.36,0.3081,0.3592,-0.0138,-0.1937,0.0117,0.0282,1.0244,-0.0321,1.5653,0.000251,-0.0,0.0
23.865,FLIGHT,0.9233,1.5108,0.3077,0.3587,0.3034,0.3573,-0.0138,-0.1936,0.0109,0.0282,1.0244,-0.0323,1.5655,0.000251,-0.0001,0.0
23.87,FLIGHT,0.9248,1.5126,0.303,0.3568,0.2989,0.3547,-0.0137,-0.1934,0.0102,0.0281,1.0243,-0.0324,1.5658,0.000251,-0.0001,0.0
23.875,FLIGHT,0.9263,1.5144,0.2985,0.3542,0.2945,0.3516,-0.0137,-0.1933,0.0097,0.0279,1.0242,-0.0326,1.5661,0.00025,-0.0001,0.0
23.88,FLIGHT,0.9278,1.5161,0.2941,0.3511,0.2902,0.3481,-0.0136,-0.1932,0.0092,0.0278,1.0241,-0.0329,1.5664,0.00025,-0.0001,0.0
23.885,FLIGHT,0.9292,1.5179,0.2898,0.3475,0.286,0.344,-0.0136,-0.193,0.0088,0.0275,1.0239,-0.0332,1.5668,0.000249,-0.0001,0.0
23.89,FLIGHT,0.9307,1.5196,0.2855,0.3434,0.2818,0.3397,-0.0136,-0.1929,0.0085,0.0272,1.0237,-0.0335,1.5673,0.000249,-0.0001,0.0
23.895,FLIGHT,0.9321,1.5212,0.2814,0.3391,0.2777,0.335,-0.0135,-0.1928,0.0083,0.0269,1.0236,-0.0338,1.5677,0.000248,-0.0001,0.0
23.9,FLIGHT,0.9334,1.5229,0.2772,0.3343,0.2735,0.33,-0.0135,-0.1926,0.0081,0.0266,1.0233,-0.0342,1.5683,0.000248,-0.0001,0.0
23.905,FLIGHT,0.9348,1.5245,0.2731,0.3294,0.2694,0.3248,-0.0134,-0.1925,0.008,0.0262,1.0231,-0.0347,1.5688,0.000247,-0.0001,0.0
23.91,FLIGHT,0.9361,1.5262,0.269,0.3242,0.2653,0.3194,-0.0134,-0.1924,0.0078,0.0258,1.0229,-0.0351,1.5693,0.000247,-0.0001,0.0
23.915,FLIGHT,0.9374,1.5277,0.2649,0.3188,0.2612,0.3139,-0.0134,-0.1922,0.0077,0.0254,1.0226,-0.0356,1.5699,0.000246,-0.0001,0.0
23.92,FLIGHT,0.9387,1.5293,0.2607,0.3133,0.257,0.3083,-0.0133,-0.1921,0.0077,0.025,1.0223,-0.0361,1.5705,0.000246,-0.0001,0.0
23.925,FLIGHT,0.94,1.5308,0.2566,0.3076,0.2528,0.3026,-0.0133,-0.192,0.0076,0.0245,1.022,-0.0366,1.5711,0.000245,-0.0001,0.0
23.93,FLIGHT,0.9413,1.5323,0.2524,0.3019,0.2486,0.2968,-0.0132,-0.1919,0.0076,0.0241,1.0217,-0.0371,1.5717,0.000244,-0.0001,0.0
23.935,FLIGHT,0.9425,1.5338,0.2482,0.2961,0.2443,0.2909,-0.0132,-0.1918,0.0075,0.0236,1.0213,-0.0377,1.5723,0.000244,-0.0001,0.0
23.94,FLIGHT,0.9437,1.5352,0.2439,0.2903,0.2401,0.2851,-0.0132,-0.1917,0.0075,0.0232,1.0209,-0.0382,1.5729,0.000243,-0.0001,0.0
23.945,FLIGHT,0.9449,1.5366,0.2396,0.2845,0.2357,0.2792,-0.0131,-0.1915,0.0074,0.0227,1.0205,-0.0387,1.5736,0.000243,-0.0001,0.0
23.95,FLIGHT,0.9461,1.538,0.2353,0.2786,0.2314,0.2734,-0.0131,-0.1914,0.0073,0.0223,1.0201,-0.0393,1.5742,0.000242,-0.0001,0.0
23.955,FLIGHT,0.9472,1.5394,0.2309,0.2727,0.227,0.2675,-0.0131,-0.1913,0.0073,0.0218,1.0197,-0.0398,1.5748,0.000242,-0.0001,0.0
23.96,FLIGHT,0.9483,1.5407,0.2265,0.2669,0.2225,0.2617,-0.013,-0.1912,0.0072,0.0213,1.0192,-0.0403,1.5754,0.000241,-0.0001,0.0
23.965,FLIGHT,0.9494,1.542,0.2221,0.2611,0.2181,0.2559,-0.013,-0.1911,0.0071,0.0209,1.0188,-0.0409,1.576,0.000241,-0.0001,0.0
23.97,FLIGHT,0.9505,1.5433,0.2176,0.2554,0.2136,0.2502,-0.013,-0.191,0.007,0.0204,1.0183,-0.0414,1.5766,0.00024,-0.0001,0.0
23.975,FLIGHT,0.9516,1.5445,0.2132,0.2496,0.2092,0.2445,-0.0129,-0.1909,0.007,0.02,1.0178,-0.0419,1.5771,0.000239,-0.0001,0.0
23.98,FLIGHT,0.9526,1.5457,0.2087,0.244,0.2047,0.2389,-0.0129,-0.1908,0.0068,0.0195,1.0172,-0.0424,1.5777,0.000239,-0.0001,0.0
23.985,FLIGHT,0.9536,1.5469,0.2043,0.2383,0.2003,0.2333,-0.0128,-0.1907,0.0067,0.0191,1.0167,-0.0428,1.5783,0.000238,-0.0001,0.0
23.99,FLIGHT,0.9546,1.548,0.1998,0.2328,0.1958,0.2278,-0.0128,-0.1906,0.0066,0.0187,1.0161,-0.0433,1.5788,0.000238,-0.0001,0.0
23.995,FLIGHT,0.9556,1.5492,0.1953,0.2273,0.1914,0.2224,-0.0128,-0.1905,0.0065,0.0182,1.0155,-0.0437,1.5793,0.000237,-0.0001,0.0
24.0,FLIGHT,0.9565,1.5503,0.1909,0.2219,0.187,0.217,-0.0128,-0.1904,0.0064,0.0178,1.0149,-0.0442,1.5798,0.000237,-0.0001,0.0
24.005,FLIGHT,0.9574,1.5513,0.1865,0.2165,0.1826,0.2117,-0.0127,-0.1904,0.0063,0.0174,1.0143,-0.0446,1.5803,0.000236,-0.0001,0.0
24.01,FLIGHT,0.9583,1.5524,0.1821,0.2112,0.1782,0.2065,-0.0127,-0.1903,0.0061,0.017,1.0136,-0.045,1.5808,0.000236,-0.0001,0.0
24.015,FLIGHT,0.9592,1.5534,0.1778,0.206,0.1739,0.2013,-0.0127,-0.1902,0.006,0.0165,1.013,-0.0454,1.5813,0.000235,-0.0001,0.0
24.02,FLIGHT,0.9601,1.5544,0.1735,0.2008,0.1696,0.1962,-0.0126,-0.1901,0.0059,0.0161,1.0123,-0.0458,1.5817,0.000235,-0.0001,0.0
24.025,FLIGHT,0.9609,1.5554,0.1692,0.1957,0.1654,0.1912,-0.0126,-0.19,0.0057,0.0157,1.0116,-0.0461,1.5821,0.000234,-0.0001,0.0
24.03,FLIGHT,0.9617,1.5563,0.165,0.1907,0.1612,0.1863,-0.0126,-0.19,0.0056,0.0153,1.0109,-0.0465,1.5826,0.000234,-0.0001,0.0
24.035,FLIGHT,0.9625,1.5572,0.1608,0.1858,0.1571,0.1814,-0.0125,-0.1899,0.0054,0.015,1.0101,-0.0468,1.583,0.000233,-0.0001,0.0
24.04,FLIGHT,0.9633,1.5581,0.1567,0.1809,0.153,0.1766,-0.0125,-0.1898,0.0053,0.0146,1.0094,-0.0472,1.5834,0.000233,-0.0001,0.0
24.045,FLIGHT,0.9641,1.559,0.1526,0.1762,0.149,0.1719,-0.0125,-0.1897,0.0052,0.0142,1.0086,-0.0475,1.5838,0.000232,-0.0001,0.0
24.05,FLIGHT,0.9648,1.5598,0.1486,0.1714,0.1451,0.1673,-0.0125,-0.1897,0.005,0.0138,1.0078,-0.0478,1.5842,0.000232,-0.0001,0.0
24.055,FLIGHT,0.9655,1.5607,0.1447,0.1668,0.1412,0.1627,-0.0124,-0.1896,0.0049,0.0134,1.007,-0.0481,1.5845,0.000231,-0.0001,0.0
24.06,FLIGHT,0.9662,1.5615,0.1408,0.1623,0.1373,0.1582,-0.0124,-0.1895,0.0048,0.0131,1.0062,-0.0484,1.5849,0.000231,-0.0001,0.0
24.065,FLIGHT,0.9669,1.5622,0.137,0.1578,0.1336,0.1538,-0.0124,-0.1895,0.0047,0.0127,1.0053,-0.0487,1.5853,0.00023,-0.0001,0.0
24.07,FLIGHT,0.9675,1.563,0.1332,0.1534,0.1299,0.1495,-0.0124,-0.1894,0.0045,0.0124,1.0045,-0.0489,1.5856,0.00023,-0.0001,0.0
24.075,FLIGHT,0.9682,1.5637,0.1296,0.1491,0.1263,0.1453,-0.0124,-0.1894,0.0044,0.012,1.0036,-0.0492,1.5859,0.000229,-0.0001,0.0
24.08,FLIGHT,0.9688,1.5645,0.1259,0.1449,0.1227,0.1411,-0.0123,-0.1893,0.0043,0.0117,1.0027,-0.0494,1.5862,0.000229,-0.0001,0.0
24.085,FLIGHT,0.9694,1.5652,0.1224,0.1407,0.1193,0.1371,-0.0123,-0.1892,0.0042,0.0114,1.0018,-0.0497,1.5866,0.000228,-0.0001,0.0
24.09,FLIGHT,0.97,1.5658,0.1189,0.1367,0.1159,0.1331,-0.0123,-0.1892,0.0041,0.011,1.0008,-0.0499,1.5869,0.000228,-0.0001,0.0
24.095,STANCE,0.9706,1.5665,0.122,0.1403,0.1901,0.2204,-0.0123,-0.1891,0.0041,0.0113,0.9999,0.1427,-0.0454,0.000192,-0.084,0.0168
24.1,STANCE,0.9728,1.5676,0.3644,0.1693,0.6882,0.0288,-0.012,-0.1891,0.046,0.0111,0.9992,0.0035,-0.651,-0.000896,-0.2942,0.0597
24.105,STANCE,0.9773,1.5662,0.7444,-0.1597,1.0819,-0.5832,-0.011,-0.1892,0.1625,-0.0226,0.9985,-0.3679,-1.1335,-0.002467,-0.3228,0.067
24.11,STANCE,0.9822,1.5621,0.8808,-0.6069,0.5864,-0.5637,-0.0095,-0.1897,0.2498,-0.0625,0.9979,-0.7501,-1.4853,-0.003734,-0.1203,0.0278
24.115,STANCE,0.984,1.5603,0.5199,-0.431,0.3061,-0.344,-0.0089,-0.1898,0.1576,-0.0429,0.998,-0.9254,-1.9849,-0.003865,0.0364,0.0039
24.12,STANCE,0.986,1.5574,0.4456,-0.5541,0.4143,-1.0008,-0.0081,-0.1901,0.1607,-0.0525,0.9982,-1.1814,-2.1925,-0.003551,0.0995,0.0036
24.125,STANCE,0.988,1.5497,0.4363,-1.2579,0.6568,-1.6765,-0.0067,-0.1908,0.2568,-0.1121,0.9982,-1.4125,-1.9373,-0.002982,0.0485,0.003
24.13,STANCE,0.9924,1.5404,0.7526,-1.68,1.0276,-2.0441,-0.0045,-0.1916,0.378,-0.1461,0.9983,-1.6941,-1.581,-0.002965,-0.0216,0.0073
24.135,STANCE,0.9975,1.5289,0.9217,-2.1378,0.8915,-2.6426,-0.002,-0.1926,0.478,-0.1784,0.9984,-1.7963,-1.0322,-0.003008,0.03,0.003
24.14,STANCE,1.0024,1.5159,0.9661,-2.4596,0.8713,-2.7711,0.0008,-0.1937,0.5364,-0.1961,0.9985,-1.6986,-0.4254,-0.002986,0.0296,0.003
24.145,STANCE,1.0067,1.5022,0.8899,-2.6419,0.7412,-2.7923,0.0036,-0.1947,0.5522,-0.2015,0.9986,-1.4034,0.1643,-0.002876,0.0413,0.0029
24.15,STANCE,1.0102,1.4886,0.7421,-2.7036,0.5935,-2.7162,0.0063,-0.1958,0.5365,-0.1982,0.9988,-0.9711,0.6749,-0.00274,0.0207,0.0027
24.155,STANCE,1.0126,1.475,0.5594,-2.702,0.4095,-2.6665,0.0087,-0.1967,0.5043,-0.1916,0.9989,-0.5,1.0681,-0.002634,0.0124,0.0026
24.16,STANCE,1.0143,1.4618,0.4053,-2.6518,0.3125,-2.567,0.011,-0.1977,0.4698,-0.1826,0.9991,-0.1423,1.295,-0.002526,0.0105,0.0025
24.165,FLIGHT,1.0157,1.4493,0.3073,-2.5441,0.1366,-2.327,0.0131,-0.1985,0.4373,-0.1702,0.9993,-1.5925,2.8026,-0.002384,0.0513,0.0024
24.17,FLIGHT,1.0147,1.4397,-0.0668,-2.0774,-0.5108,-1.5267,0.0143,-0.1992,0.2952,-0.1406,0.9997,-1.5327,2.7446,-0.001963,0.1144,0.002
24.175,FLIGHT,1.0107,1.4339,-0.5987,-1.4177,-1.0849,-0.8131,0.0144,-0.1996,0.0912,-0.1035,1.0003,-1.3727,2.6083,-0.001269,0.16,0.0013
24.18,FLIGHT,1.004,1.4314,-1.1186,-0.7665,-1.5551,-0.2142,0.0134,-0.1999,-0.1099,-0.0668,1.001,-1.1785,2.447,-0.000391,0.1887,0.0004
24.185,FLIGHT,0.9953,1.4315,-1.5609,-0.1971,-1.9134,0.2681,0.0117,-0.2,-0.2831,-0.0318,1.0019,-0.981,2.2848,0.000514,0.1488,0.0
24.19,FLIGHT,0.9851,1.4339,-1.9047,0.2696,-2.1687,0.6402,0.0093,-0.1999,-0.4204,0.0014,1.0028,-0.7936,2.1319,0.001084,0.0831,0.0
24.195,FLIGHT,0.9738,1.4378,-2.1526,0.6322,-2.3338,0.9125,0.0064,-0.1997,-0.5221,0.0323,1.0038,-0.6213,1.9923,0.001382,0.039,0.0
24.2,FLIGHT,0.9619,1.4428,-2.3127,0.8989,-2.42,1.0979,0.0033,-0.1994,-0.5911,0.0601,1.0049,-0.4669,1.868,0.0015,0.0103,0.0
24.205,FLIGHT,0.9497,1.4486,-2.3958,1.0808,-2.4391,1.2095,0.0001,-0.199,-0.6315,0.0841,1.006,-0.3313,1.7595,0.001503,-0.0076,0.0015
24.21,FLIGHT,0.9376,1.4548,-2.4131,1.1904,-2.4024,1.2598,-0.0032,-0.1985,-0.6477,0.1037,1.0071,-0.2142,1.6669,0.001435,-0.0182,0.0036
24.215,FLIGHT,0.9258,1.4611,-2.3756,1.2398,-2.3206,1.2604,-0.0065,-0.1979,-0.644,0.1184,1.0082,-0.1149,1.5894,0.001329,-0.0238,0.0048
24.22,FLIGHT,0.9144,1.4674,-2.2937,1.2402,-2.2035,1.222,-0.0096,-0.1973,-0.6246,0.1281,1.0094,-0.0325,1.5261,0.001203,-0.026,0.0052
24.225,FLIGHT,0.9038,1.4733,-2.1772,1.2023,-2.0599,1.1541,-0.0125,-0.1967,-0.5933,0.1329,1.0104,0.0346,1.4759,0.001072,-0.0262,0.0052
24.23,FLIGHT,0.8939,1.4789,-2.0346,1.1354,-1.8976,1.0649,-0.0152,-0.196,-0.5532,0.1331,1.0115,0.0876,1.4373,0.000943,-0.0251,0.005
24.235,FLIGHT,0.8848,1.4839,-1.8737,1.0476,-1.7233,0.9618,-0.0176,-0.1954,-0.5072,0.1294,1.0125,0.1281,1.4091,0.000822,-0.0232,0.0046
24.24,FLIGHT,0.8766,1.4885,-1.701,0.946,-1.5428,0.8507,-0.0198,-0.1949,-0.4577,0.1223,1.0135,0.1577,1.3899,0.000712,-0.0208,0.0042
24.245,FLIGHT,0.8694,1.4924,-1.5222,0.8366,-1.3608,0.7367,-0.0218,-0.1943,-0.4066,0.1127,1.0144,0.1776,1.3784,0.000614,-0.0183,0.0037
24.25,FLIGHT,0.863,1.4958,-1.3421,0.7244,-1.1814,0.6238,-0.0235,-0.1939,-0.3554,0.1013,1.0153,0.1894,1.3733,0.000529,-0.0158,0.0032
24.255,FLIGHT,0.8576,1.4987,-1.1646,0.6133,-1.0077,0.5152,-0.0249,-0.1935,-0.3054,0.0888,1.0161,0.1943,1.3735,0.000457,-0.0133,0.0027
24.26,FLIGHT,0.8529,1.501,-0.9927,0.5064,-0.8421,0.4134,-0.0261,-0.1931,-0.2575,0.0757,1.0169,0.1936,1.3779,0.000396,-0.0111,0.0022
24.265,FLIGHT,0.8491,1.5028,-0.8289,0.4062,-0.6864,0.32,-0.0271,-0.1928,-0.2124,0.0627,1.0176,0.1881,1.3855,0.000345,-0.0091,0.0018
24.27,FLIGHT,0.8461,1.5042,-0.675,0.3143,-0.542,0.2362,-0.0278,-0.1926,-0.1706,0.0501,1.0183,0.1791,1.3957,0.000304,-0.0073,0.0015
24.275,FLIGHT,0.8437,1.5052,-0.5323,0.2319,-0.4097,0.1626,-0.0284,-0.1924,-0.1323,0.0384,1.0189,0.1673,1.4075,0.000272,-0.0058,0.0012
24.28,FLIGHT,0.8419,1.5059,-0.4015,0.1597,-0.2898,0.0996,-0.0288,-0.1923,-0.0977,0.0276,1.0195,0.1535,1.4205,0.000246,-0.0045,0.0009
24.285,FLIGHT,0.8408,1.5062,-0.283,0.0978,-0.1825,0.047,-0.0291,-0.1923,-0.067,0.0181,1.0201,0.1383,1.4341,0.000226,-0.0034,0.0007
24.29,FLIGHT,0.8401,1.5063,-0.177,0.0462,-0.0875,0.0046,-0.0293,-0.1922,-0.0399,0.0098,1.0206,0.1224,1.4478,0.000212,-0.0025,0.0005
24.295,FLIGHT,0.8399,1.5063,-0.0832,0.0046,-0.0045,-0.0283,-0.0293,-0.1922,-0.0166,0.0029,1.0211,0.1062,1.4614,0.000201,-0.0017,0.0003
24.3,FLIGHT,0.84,1.5061,-0.0012,-0.0276,0.0671,-0.0523,-0.0292,-0.1922,0.0033,-0.0027,1.0216,0.0901,1.4745,0.000195,-0.0011,0.0002
24.305,FLIGHT,0.8405,1.5058,0.0696,-0.051,0.1281,-0.0682,-0.0291,-0.1923,0.0199,-0.0072,1.022,0.0744,1.487,0.000191,-0.0005,0.0001
24.31,FLIGHT,0.8413,1.5054,0.1298,-0.0664,0.1793,-0.0769,-0.0289,-0.1924,0.0335,-0.0104,1.0224,0.0593,1.4987,0.000189,-0.0001,0.0
24.315,FLIGHT,0.8423,1.505,0.1803,-0.0746,0.2214,-0.0791,-0.0287,-0.1924,0.0443,-0.0127,1.0228,0.0452,1.5095,0.000189,0.0002,0.0
24.32,FLIGHT,0.8435,1.5046,0.2218,-0.0766,0.2553,-0.0758,-0.0284,-0.1925,0.0526,-0.014,1.0232,0.032,1.5193,0.000191,0.0005,0.0
24.325,FLIGHT,0.8448,1.5043,0.2553,-0.0731,0.282,-0.0678,-0.0281,-0.1926,0.0586,-0.0145,1.0235,0.0199,1.528,0.000194,0.0006,0.0
24.33,FLIGHT,0.8463,1.504,0.2817,-0.065,0.3023,-0.056,-0.0278,-0.1926,0.0627,-0.0143,1.0239,0.009,1.5358,0.000197,0.0008,0.0
24.335,FLIGHT,0.8479,1.5037,0.3017,-0.0532,0.317,-0.0411,-0.0274,-0.1927,0.065,-0.0136,1.0242,-0.0008,1.5426,0.000201,0.0009,0.0
24.34,FLIGHT,0.8495,1.5036,0.3162,-0.0383,0.327,-0.0238,-0.0271,-0.1928,0.0659,-0.0124,1.0245,-0.0094,1.5485,0.000206,0.0009,0.0
24.345,FLIGHT,0.8511,1.5035,0.326,-0.0211,0.3329,-0.0049,-0.0268,-0.1928,0.0656,-0.0108,1.0248,-0.0169,1.5535,0.00021,0.0009,0.0
24.35,FLIGHT,0.8528,1.5035,0.3318,-0.0023,0.3355,0.0152,-0.0264,-0.1929,0.0643,-0.009,1.025,-0.0234,1.5576,0.000215,0.0009,0.0
24.355,FLIGHT,0.8545,1.5036,0.3343,0.0177,0.3353,0.0358,-0.0261,-0.1929,0.0622,-0.007,1.0253,-0.0289,1.561,0.000219,0.0009,0.0
24.36,FLIGHT,0.8561,1.5039,0.3341,0.0381,0.3329,0.0566,-0.0258,-0.1929,0.0595,-0.0049,1.0255,-0.0334,1.5637,0.000224,0.0008,0.0
24.365,FLIGHT,0.8578,1.5042,0.3318,0.0588,0.3288,0.0772,-0.0256,-0.1929,0.0564,-0.0027,1.0257,-0.0372,1.5659,0.000228,0.0008,0.0
24.37,FLIGHT,0.8594,1.5046,0.3277,0.0791,0.3235,0.0971,-0.0253,-0.1929,0.0529,-0.0005,1.0259,-0.0402,1.5674,0.000231,0.0007,0.0
24.375,FLIGHT,0.861,1.5052,0.3225,0.0989,0.3173,0.1163,-0.0251,-0.1929,0.0493,0.0016,1.0261,-0.0425,1.5686,0.000235,0.0007,0.0
24.38,FLIGHT,0.8626,1.5058,0.3163,0.1179,0.3105,0.1344,-0.0249,-0.1929,0.0456,0.0037,1.0262,-0.0442,1.5693,0.000238,0.0006,0.0
24.385,FLIGHT,0.8641,1.5065,0.3096,0.1358,0.3034,0.1513,-0.0247,-0.1929,0.042,0.0056,1.0264,-0.0455,1.5697,0.000241,0.0005,0.0
24.39,FLIGHT,0.8656,1.5073,0.3026,0.1525,0.2962,0.1669,-0.0245,-0.1928,0.0384,0.0075,1.0265,-0.0463,1.5698,0.000243,0.0005,0.0
24.395,FLIGHT,0.8671,1.5082,0.2955,0.168,0.2891,0.1812,-0.0243,-0.1928,0.035,0.0092,1.0266,-0.0468,1.5698,0.000245,0.0004,0.0
24.4,FLIGHT,0.8685,1.5091,0.2884,0.182,0.2821,0.194,-0.0241,-0.1927,0.0318,0.0108,1.0267,-0.047,1.5696,0.000247,0.0003,0.0
24.405,FLIGHT,0.8699,1.5101,0.2815,0.1947,0.2755,0.2054,-0.024,-0.1926,0.0288,0.0122,1.0268,-0.047,1.5692,0.000249,0.0003,0.0
24.41,FLIGHT,0.8713,1.5112,0.275,0.2059,0.2692,0.2153,-0.0239,-0.1926,0.026,0.0135,1.0269,-0.0468,1.5688,0.00025,0.0002,0.0
24.415,FLIGHT,0.8726,1.5123,0.2688,0.2157,0.2634,0.2239,-0.0238,-0.1925,0.0235,0.0146,1.0269,-0.0465,1.5684,0.000251,0.0002,0.0
24.42,FLIGHT,0.8739,1.5134,0.263,0.2242,0.2579,0.2312,-0.0237,-0.1924,0.0213,0.0156,1.027,-0.0462,1.5679,0.000252,0.0001,0.0
24.425,FLIGHT,0.8752,1.5146,0.2576,0.2313,0.2529,0.2372,-0.0236,-0.1923,0.0193,0.0164,1.027,-0.0457,1.5675,0.000252,0.0001,0.0
24.43,FLIGHT,0.8764,1.5158,0.2526,0.2372,0.2484,0.242,-0.0235,-0.1922,0.0175,0.0171,1.027,-0.0453,1.5671,0.000253,0.0001,0.0
24.435,FLIGHT,0.8777,1.517,0.2481,0.242,0.2442,0.2457,-0.0234,-0.1922,0.016,0.0177,1.0269,-0.0449,1.5667,0.000253,0.0001,0.0
24.44,FLIGHT,0.8789,1.5182,0.2439,0.2456,0.2404,0.2484,-0.0233,-0.1921,0.0147,0.0182,1.0269,-0.0445,1.5664,0.000253,0.0,0.0
24.445,FLIGHT,0.8801,1.5195,0.2402,0.2482,0.2369,0.2502,-0.0233,-0.192,0.0136,0.0186,1.0268,-0.0441,1.5661,0.000253,0.0,0.0
24.45,FLIGHT,0.8813,1.5207,0.2367,0.25,0.2338,0.2511,-0.0232,-0.1919,0.0127,0.0188,1.0267,-0.0438,1.5659,0.000253,-0.0,0.0
24.455,FLIGHT,0.8824,1.522,0.2336,0.2508,0.2309,0.2513,-0.0232,-0.1918,0.012,0.019,1.0266,-0.0436,1.5658,0.000253,-0.0,0.0
24.46,FLIGHT,0.8836,1.5232,0.2307,0.251,0.2282,0.2508,-0.0231,-0.1917,0.0114,0.0191,1.0265,-0.0434,1.5657,0.000253,-0.0,0.0
24.465,FLIGHT,0.8847,1.5245,0.228,0.2505,0.2257,0.2497,-0.023,-0.1916,0.0109,0.0191,1.0263,-0.0433,1.5658,0.000253,-0.0,0.0
24.47,FLIGHT,0.8858,1.5257,0.2255,0.2493,0.2233,0.2481,-0.023,-0.1915,0.0106,0.0191,1.0262,-0.0433,1.5658,0.000253,-0.0,0.0
24.475,FLIGHT,0.8869,1.527,0.2231,0.2477,0.2211,0.2461,-0.0229,-0.1914,0.0103,0.019,1.026,-0.0433,1.566,0.000253,-0.0001,0.0
24.48,FLIGHT,0.888,1.5282,0.2209,0.2457,0.2189,0.2436,-0.0229,-0.1913,0.0101,0.0189,1.0258,-0.0434,1.5662,0.000252,-0.0001,0.0
24.485,FLIGHT,0.8891,1.5294,0.2187,0.2432,0.2168,0.2409,-0.0228,-0.1912,0.01,0.0187,1.0255,-0.0435,1.5664,0.000252,-0.0001,0.0
24.49,FLIGHT,0.8902,1.5306,0.2165,0.2404,0.2146,0.2378,-0.0228,-0.1911,0.01,0.0185,1.0253,-0.0437,1.5667,0.000252,-0.0001,0.0
24.495,FLIGHT,0.8913,1.5318,0.2144,0.2374,0.2125,0.2346,-0.0227,-0.191,0.0099,0.0183,1.025,-0.044,1.5671,0.000251,-0.0001,0.0
24.5,FLIGHT,0.8923,1.533,0.2123,0.2341,0.2104,0.2311,-0.0227,-0.1909,0.0099,0.018,1.0247,-0.0443,1.5675,0.000251,-0.0001,0.0
24.505,FLIGHT,0.8934,1.5341,0.2101,0.2307,0.2082,0.2275,-0.0226,-0.1909,0.01,0.0177,1.0244,-0.0446,1.5679,0.000251,-0.0001,0.0
24.51,FLIGHT,0.8944,1.5352,0.2079,0.2271,0.2059,0.2239,-0.0226,-0.1908,0.01,0.0174,1.0241,-0.0449,1.5683,0.00025,-0.0001,0.0
24.515,FLIGHT,0.8954,1.5363,0.2057,0.2234,0.2036,0.2201,-0.0225,-0.1907,0.01,0.0171,1.0237,-0.0453,1.5688,0.00025,-0.0001,0.0
24.52,FLIGHT,0.8964,1.5374,0.2033,0.2196,0.2012,0.2162,-0.0225,-0.1906,0.0101,0.0168,1.0234,-0.0457,1.5692,0.00025,-0.0001,0.0
24.525,FLIGHT,0.8974,1.5385,0.2009,0.2158,0.1988,0.2123,-0.0224,-0.1905,0.0101,0.0165,1.023,-0.0461,1.5697,0.000249,-0.0001,0.0
24.53,FLIGHT,0.8984,1.5396,0.1985,0.2119,0.1963,0.2084,-0.0224,-0.1904,0.0101,0.0162,1.0226,-0.0466,1.5702,0.000249,-0.0001,0.0
24.535,FLIGHT,0.8994,1.5406,0.196,0.208,0.1937,0.2045,-0.0223,-0.1904,0.0101,0.0159,1.0222,-0.047,1.5707,0.000249,-0.0001,0.0
24.54,FLIGHT,0.9004,1.5416,0.1934,0.2041,0.191,0.2006,-0.0223,-0.1903,0.0101,0.0156,1.0217,-0.0474,1.5712,0.000248,-0.0001,0.0
24.545,FLIGHT,0.9013,1.5426,0.1907,0.2002,0.1883,0.1967,-0.0222,-0.1902,0.0101,0.0153,1.0212,-0.0479,1.5717,0.000248,-0.0001,0.0
24.55,FLIGHT,0.9023,1.5436,0.1879,0.1963,0.1854,0.1928,-0.0222,-0.1901,0.0101,0.015,1.0208,-0.0483,1.5722,0.000248,-0.0001,0.0
24.555,FLIGHT,0.9032,1.5445,0.1851,0.1924,0.1826,0.1889,-0.0221,-0.1901,0.0101,0.0147,1.0203,-0.0487,1.5727,0.000247,-0.0001,0.0
24.56,FLIGHT,0.9041,1.5455,0.1823,0.1886,0.1797,0.1851,-0.0221,-0.19,0.01,0.0144,1.0197,-0.0492,1.5732,0.000247,-0.0001,0.0
24.565,FLIGHT,0.905,1.5464,0.1794,0.1847,0.1767,0.1813,-0.022,-0.1899,0.0099,0.0141,1.0192,-0.0496,1.5737,0.000247,-0.0001,0.0
24.57,FLIGHT,0.9058,1.5473,0.1764,0.1809,0.1737,0.1776,-0.022,-0.1899,0.0099,0.0138,1.0186,-0.05,1.5741,0.000247,-0.0001,0.0
24.575,FLIGHT,0.9067,1.5481,0.1734,0.1772,0.1707,0.1738,-0.0219,-0.1898,0.0098,0.0135,1.018,-0.0504,1.5746,0.000246,-0.0001,0.0
24.58,FLIGHT,0.9076,1.549,0.1704,0.1735,0.1676,0.1702,-0.0219,-0.1897,0.0097,0.0132,1.0175,-0.0508,1.575,0.000246,-0.0001,0.0
24.585,FLIGHT,0.9084,1.5498,0.1673,0.1698,0.1646,0.1665,-0.0218,-0.1897,0.0096,0.0129,1.0168,-0.0511,1.5755,0.000246,-0.0001,0.0
24.59,FLIGHT,0.9092,1.5507,0.1642,0.1661,0.1615,0.1629,-0.0218,-0.1896,0.0094,0.0126,1.0162,-0.0515,1.5759,0.000245,-0.0001,0.0
24.595,FLIGHT,0.91,1.5515,0.1612,0.1625,0.1584,0.1593,-0.0218,-0.1895,0.0093,0.0124,1.0155,-0.0518,1.5763,0.000245,-0.0001,0.0
24.6,FLIGHT,0.9108,1.5523,0.1581,0.159,0.1553,0.1558,-0.0217,-0.1895,0.0092,0.0121,1.0149,-0.0522,1.5767,0.000245,-0.0001,0.0
24.605,FLIGHT,0.9116,1.553,0.155,0.1555,0.1522,0.1523,-0.0217,-0.1894,0.009,0.0118,1.0142,-0.0525,1.5771,0.000244,-0.0001,0.0
24.61,FLIGHT,0.9123,1.5538,0.1519,0.152,0.1492,0.1489,-0.0216,-0.1894,0.0089,0.0115,1.0135,-0.0528,1.5774,0.000244,-0.0001,0.0
24.615,FLIGHT,0.913,1.5545,0.1488,0.1486,0.1461,0.1455,-0.0216,-0.1893,0.0088,0.0113,1.0128,-0.0531,1.5778,0.000244,-0.0001,0.0
24.62,FLIGHT,0.9138,1.5552,0.1458,0.1452,0.1431,0.1421,-0.0215,-0.1892,0.0086,0.011,1.012,-0.0534,1.5782,0.000244,-0.0001,0.0
24.625,FLIGHT,0.9145,1.5559,0.1428,0.1418,0.1401,0.1388,-0.0215,-0.1892,0.0085,0.0108,1.0113,-0.0537,1.5785,0.000243,-0.0001,0.0
24.63,FLIGHT,0.9152,1.5566,0.1398,0.1385,0.1371,0.1356,-0.0214,-0.1891,0.0083,0.0105,1.0105,-0.0539,1.5788,0.000243,-0.0001,0.0
24.635,FLIGHT,0.9158,1.5573,0.1368,0.1352,0.1342,0.1323,-0.0214,-0.1891,0.0082,0.0103,1.0097,-0.0542,1.5792,0.000243,-0.0001,0.0
24.64,FLIGHT,0.9165,1.558,0.1339,0.132,0.1313,0.1291,-0.0214,-0.189,0.0081,0.01,1.0089,-0.0544,1.5795,0.000242,-0.0001,0.0
24.645,FLIGHT,0.9172,1.5586,0.131,0.1288,0.1284,0.126,-0.0213,-0.189,0.0079,0.0098,1.0081,-0.0547,1.5798,0.000242,-0.0001,0.0
24.65,FLIGHT,0.9178,1.5592,0.1281,0.1257,0.1255,0.1229,-0.0213,-0.1889,0.0078,0.0095,1.0072,-0.0549,1.5801,0.000242,-0.0001,0.0
24.655,FLIGHT,0.9184,1.5598,0.1253,0.1226,0.1228,0.1199,-0.0213,-0.1889,0.0076,0.0093,1.0064,-0.0551,1.5804,0.000242,-0.0001,0.0
24.66,FLIGHT,0.919,1.5604,0.1225,0.1196,0.12,0.1169,-0.0212,-0.1889,0.0075,0.0091,1.0055,-0.0553,1.5807,0.000241,-0.0001,0.0
24.665,FLIGHT,0.9196,1.561,0.1197,0.1166,0.1173,0.1139,-0.0212,-0.1888,0.0074,0.0088,1.0046,-0.0556,1.581,0.000241,-0.0001,0.0
24.67,FLIGHT,0.9202,1.5616,0.117,0.1136,0.1146,0.111,-0.0211,-0.1888,0.0073,0.0086,1.0037,-0.0558,1.5812,0.000241,-0.0001,0.0
24.675,FLIGHT,0.9208,1.5621,0.1144,0.1107,0.112,0.1081,-0.0211,-0.1887,0.0071,0.0084,1.0028,-0.056,1.5815,0.00024,-0.0001,0.0
24.68,FLIGHT,0.9213,1.5626,0.1118,0.1079,0.1095,0.1053,-0.0211,-0.1887,0.007,0.0082,1.0018,-0.0562,1.5818,0.00024,-0.0001,0.0
24.685,FLIGHT,0.9219,1.5632,0.1092,0.1051,0.1069,0.1026,-0.021,-0.1886,0.0069,0.0079,1.0009,-0.0563,1.582,0.00024,-0.0001,0.0
24.69,STANCE,0.9228,1.5637,0.1788,0.1128,0.3787,0.028,-0.0209,-0.1886,0.019,0.0073,1.0,0.2781,-0.3985,-0.000439,-0.4151,0.0835
24.695,STANCE,0.9253,1.5619,0.4141,-0.2668,0.5789,-0.8679,-0.0202,-0.1888,0.1132,-0.0342,0.9989,0.1074,-0.9206,-0.002861,-0.4266,0.0882
24.7,STANCE,0.9286,1.5549,0.5806,-1.0799,0.819,-1.5776,-0.0187,-0.1896,0.2527,-0.1141,0.9975,-0.1689,-1.2179,-0.00471,-0.4218,0.0891
24.705,STANCE,0.9302,1.5516,0.3706,-0.7242,0.0855,-0.164,-0.0179,-0.1899,0.1664,-0.0754,0.9973,-0.3332,-1.8952,-0.005768,-0.0755,0.0209
24.71,STANCE,0.931,1.5504,0.2384,-0.4131,0.2997,-0.4576,-0.0176,-0.19,0.1001,-0.0433,0.9977,-0.5076,-2.4134,-0.005869,0.0156,0.0059
24.715,STANCE,0.933,1.5454,0.3535,-0.8934,0.3569,-1.8235,-0.0166,-0.1906,0.1865,-0.0896,0.9979,-0.7709,-2.3792,-0.005604,0.117,0.0056
24.72,STANCE,0.9352,1.5342,0.4355,-1.8028,0.7259,-2.1045,-0.0147,-0.1916,0.3262,-0.1721,0.9978,-0.9891,-1.9053,-0.004884,0.1236,0.0049
24.725,STANCE,0.9398,1.5223,0.7997,-2.2088,1.1948,-2.51,-0.0122,-0.1928,0.4549,-0.2078,0.998,-1.2482,-1.4184,-0.00449,0.0161,0.0045
24.73,STANCE,0.9459,1.5084,1.0713,-2.6355,1.1807,-3.0479,-0.0091,-0.1941,0.5713,-0.2389,0.9981,-1.3682,-0.7544,-0.004375,0.0394,0.0044
24.735,STANCE,0.9518,1.4928,1.1398,-2.9853,1.1635,-3.1867,-0.0058,-0.1954,0.6399,-0.2572,0.9982,-1.2734,-0.035,-0.004265,-0.0084,0.0059
24.74,STANCE,0.9568,1.4763,1.0355,-3.202,0.9206,-3.2919,-0.0024,-0.1968,0.6569,-0.2616,0.9983,-0.981,0.6302,-0.004257,-0.0307,0.0104
24.745,STANCE,0.9606,1.4596,0.8301,-3.283,0.6584,-3.2628,0.0007,-0.1981,0.6344,-0.2556,0.9984,-0.5708,1.162,-0.00429,-0.0265,0.0096
24.75,STANCE,0.9633,1.4435,0.6195,-3.2333,0.4428,-3.147,0.0035,-0.1994,0.591,-0.2413,0.9985,-0.1811,1.4962,-0.004245,0.037,0.0042
24.755,STANCE,0.9654,1.4285,0.4932,-3.0553,0.4634,-2.8098,0.0061,-0.2005,0.5445,-0.2195,0.9987,0.0072,1.5779,-0.004119,-0.0246,0.009
24.76,FLIGHT,0.9677,1.4151,0.4693,-2.7901,0.4546,-2.5641,0.0085,-0.2014,0.5046,-0.1928,0.999,-1.306,2.5735,-0.004161,0.0069,0.0042
24.765,FLIGHT,0.9686,1.4041,0.2398,-2.3477,-0.0956,-1.8382,0.0103,-0.2022,0.3955,-0.159,0.9995,-1.2857,2.5441,-0.00395,0.0752,0.0039
24.77,FLIGHT,0.9668,1.3966,-0.1875,-1.7388,-0.5934,-1.1801,0.0111,-0.2027,0.2197,-0.1202,1.0001,-1.1648,2.4388,-0.003437,0.127,0.0034
24.775,FLIGHT,0.9628,1.3921,-0.6301,-1.1337,-1.0078,-0.6169,0.0109,-0.2031,0.0401,-0.0838,1.0009,-1.0076,2.308,-0.002707,0.1625,0.0027
24.78,FLIGHT,0.9569,1.3903,-1.0177,-0.5965,-1.3314,-0.1537,0.01,-0.2032,-0.1186,-0.051,1.0018,-0.843,2.1737,-0.001836,0.1839,0.0018
24.785,FLIGHT,0.9496,1.3904,-1.3274,-0.1472,-1.568,0.2146,0.0085,-0.2033,-0.2481,-0.0215,1.0027,-0.6843,2.0459,-0.000888,0.1936,0.0009
24.79,FLIGHT,0.9414,1.3923,-1.5559,0.2129,-1.7253,0.4971,0.0066,-0.2032,-0.3475,0.0049,1.0038,-0.5377,1.9291,8.5e-05,0.1914,0.0
24.795,FLIGHT,0.9325,1.3953,-1.707,0.4909,-1.8101,0.7059,0.0043,-0.2031,-0.4182,0.0284,1.0049,-0.4071,1.8257,0.000835,0.1127,0.0
24.8,FLIGHT,0.9234,1.3992,-1.7904,0.696,-1.8383,0.8497,0.0019,-0.2028,-0.464,0.0486,1.006,-0.292,1.7354,0.001253,0.0582,0.0
24.805,FLIGHT,0.9142,1.4037,-1.8173,0.8376,-1.8191,0.939,-0.0006,-0.2025,-0.4885,0.0653,1.0071,-0.1921,1.6579,0.001448,0.0224,0.0
24.81,FLIGHT,0.9052,1.4085,-1.7974,0.9258,-1.7612,0.9836,-0.0031,-0.2021,-0.4954,0.0784,1.0083,-0.1069,1.5926,0.001498,-0.0003,0.0001
24.815,FLIGHT,0.8966,1.4135,-1.7394,0.9699,-1.6727,0.9924,-0.0056,-0.2017,-0.4882,0.0878,1.0094,-0.0356,1.5388,0.001459,-0.014,0.0028
24.82,FLIGHT,0.8885,1.4184,-1.6511,0.9787,-1.5608,0.9732,-0.0079,-0.2012,-0.4699,0.0936,1.0105,0.0228,1.4956,0.001368,-0.0216,0.0043
24.825,FLIGHT,0.8811,1.4232,-1.5399,0.9601,-1.4319,0.9331,-0.0101,-0.2007,-0.4432,0.0962,1.0116,0.0695,1.4619,0.00125,-0.0252,0.005
24.83,FLIGHT,0.8742,1.4277,-1.412,0.9207,-1.2918,0.8781,-0.012,-0.2003,-0.4105,0.0959,1.0127,0.1057,1.4366,0.001121,-0.0261,0.0052
24.835,FLIGHT,0.8682,1.4319,-1.2731,0.8667,-1.1453,0.8134,-0.0139,-0.1998,-0.3738,0.0931,1.0137,0.1325,1.4188,0.000991,-0.0254,0.0051
24.84,FLIGHT,0.8628,1.4358,-1.128,0.8031,-0.9964,0.7432,-0.0155,-0.1994,-0.3349,0.0884,1.0146,0.1513,1.4073,0.000868,-0.0237,0.0047
24.845,FLIGHT,0.8582,1.4394,-0.9806,0.7342,-0.8487,0.671,-0.0169,-0.199,-0.2952,0.0822,1.0156,0.1631,1.4011,0.000755,-0.0214,0.0043
24.85,FLIGHT,0.8543,1.4425,-0.8344,0.6633,-0.7049,0.5998,-0.0181,-0.1987,-0.2557,0.0751,1.0164,0.1689,1.3994,0.000654,-0.0189,0.0038
24.855,FLIGHT,0.8511,1.4454,-0.6921,0.5932,-0.567,0.5316,-0.0191,-0.1983,-0.2174,0.0673,1.0173,0.1699,1.4013,0.000566,-0.0163,0.0033
24.86,FLIGHT,0.8486,1.4479,-0.5557,0.5262,-0.4368,0.468,-0.0199,-0.1981,-0.1809,0.0594,1.0181,0.1669,1.4061,0.000491,-0.0137,0.0027
24.865,FLIGHT,0.8467,1.4501,-0.4269,0.4638,-0.3154,0.4103,-0.0206,-0.1978,-0.1467,0.0517,1.0188,0.1606,1.413,0.000429,-0.0114,0.0023
24.87,FLIGHT,0.8455,1.452,-0.3069,0.4071,-0.2035,0.3591,-0.0211,-0.1976,-0.1152,0.0443,1.0196,0.152,1.4215,0.000377,-0.0093,0.0019
24.875,FLIGHT,0.8447,1.4537,-0.1963,0.3568,-0.1016,0.3148,-0.0215,-0.1975,-0.0865,0.0375,1.0202,0.1415,1.4311,0.000336,-0.0074,0.0015
24.88,FLIGHT,0.8444,1.4551,-0.0956,0.3134,-0.0099,0.2776,-0.0217,-0.1973,-0.0607,0.0314,1.0209,0.1297,1.4413,0.000303,-0.0058,0.0012
24.885,FLIGHT,0.8446,1.4564,-0.005,0.2769,0.0717,0.2473,-0.0219,-0.1972,-0.0379,0.026,1.0215,0.1172,1.4519,0.000277,-0.0045,0.0009
24.89,FLIGHT,0.8451,1.4576,0.0757,0.2472,0.1435,0.2237,-0.0219,-0.1971,-0.0181,0.0215,1.0221,0.1043,1.4625,0.000258,-0.0033,0.0007
24.895,FLIGHT,0.846,1.4587,0.1466,0.2242,0.2059,0.2063,-0.0219,-0.197,-0.001,0.0178,1.0226,0.0913,1.4729,0.000244,-0.0024,0.0005
24.9,FLIGHT,0.8472,1.4597,0.2083,0.2072,0.2595,0.1947,-0.0218,-0.1969,0.0134,0.0149,1.0232,0.0786,1.4828,0.000233,-0.0017,0.0003
24.905,FLIGHT,0.8486,1.4606,0.2612,0.196,0.3048,0.1883,-0.0216,-0.1969,0.0253,0.0127,1.0237,0.0662,1.4923,0.000227,-0.0011,0.0002
24.91,FLIGHT,0.8502,1.4616,0.3059,0.1898,0.3425,0.1864,-0.0214,-0.1968,0.0349,0.0112,1.0241,0.0545,1.5012,0.000222,-0.0006,0.0001
24.915,FLIGHT,0.852,1.4625,0.3431,0.1882,0.3732,0.1885,-0.0212,-0.1968,0.0424,0.0103,1.0246,0.0435,1.5093,0.00022,-0.0002,0.0
24.92,FLIGHT,0.8539,1.4635,0.3734,0.1904,0.3977,0.194,-0.021,-0.1967,0.048,0.0099,1.025,0.0333,1.5168,0.00022,0.0001,0.0
24.925,FLIGHT,0.856,1.4645,0.3976,0.196,0.4167,0.2022,-0.0207,-0.1967,0.052,0.01,1.0254,0.024,1.5235,0.000221,0.0003,0.0
24.93,FLIGHT,0.8581,1.4655,0.4163,0.2042,0.4308,0.2126,-0.0204,-0.1966,0.0545,0.0105,1.0258,0.0155,1.5295,0.000223,0.0004,0.0
24.935,FLIGHT,0.8603,1.4666,0.4302,0.2146,0.4406,0.2247,-0.0201,-0.1966,0.0558,0.0113,1.0262,0.008,1.5348,0.000225,0.0005,0.0
24.94,FLIGHT,0.8625,1.4677,0.4399,0.2267,0.4468,0.238,-0.0198,-0.1965,0.0561,0.0123,1.0266,0.0012,1.5394,0.000228,0.0006,0.0
24.945,FLIGHT,0.8647,1.469,0.4459,0.2399,0.4499,0.2521,-0.0196,-0.1964,0.0554,0.0135,1.0269,-0.0047,1.5434,0.000231,0.0006,0.0
24.95,FLIGHT,0.867,1.4703,0.4489,0.2538,0.4504,0.2665,-0.0193,-0.1964,0.0541,0.0148,1.0272,-0.0098,1.5468,0.000234,0.0006,0.0
24.955,FLIGHT,0.8692,1.4716,0.4494,0.2681,0.4488,0.2809,-0.019,-0.1963,0.0522,0.0162,1.0275,-0.0142,1.5497,0.000237,0.0006,0.0
24.96,FLIGHT,0.8715,1.4731,0.4477,0.2823,0.4454,0.295,-0.0188,-0.1962,0.0499,0.0176,1.0278,-0.0179,1.5521,0.00024,0.0006,0.0
24.965,FLIGHT,0.8737,1.4746,0.4444,0.2963,0.4407,0.3087,-0.0186,-0.1961,0.0473,0.0191,1.0281,-0.0211,1.554,0.000243,0.0005,0.0
24.97,FLIGHT,0.8759,1.4762,0.4397,0.3098,0.435,0.3216,-0.0183,-0.196,0.0445,0.0205,1.0284,-0.0236,1.5557,0.000246,0.0005,0.0
24.975,FLIGHT,0.878,1.4778,0.434,0.3226,0.4285,0.3337,-0.0181,-0.1959,0.0416,0.0218,1.0286,-0.0258,1.5569,0.000248,0.0005,0.0
24.98,FLIGHT,0.8801,1.4795,0.4275,0.3345,0.4214,0.3447,-0.018,-0.1958,0.0387,0.0231,1.0288,-0.0275,1.558,0.00025,0.0004,0.0
24.985,FLIGHT,0.8822,1.4812,0.4205,0.3454,0.4141,0.3547,-0.0178,-0.1956,0.0358,0.0243,1.029,-0.0288,1.5588,0.000252,0.0003,0.0
24.99,FLIGHT,0.8843,1.483,0.4132,0.3552,0.4065,0.3635,-0.0176,-0.1955,0.0329,0.0254,1.0292,-0.0299,1.5594,0.000254,0.0003,0.0
24.995,FLIGHT,0.8863,1.4849,0.4057,0.3639,0.3989,0.3711,-0.0175,-0.1954,0.0302,0.0263,1.0294,-0.0307,1.5598,0.000255,0.0002,0.0
25.0,FLIGHT,0.8883,1.4868,0.3981,0.3714,0.3914,0.3776,-0.0173,-0.1952,0.0277,0.0272,1.0296,-0.0313,1.5602,0.000256,0.0002,0.0
25.005,FLIGHT,0.8902,1.4887,0.3906,0.3777,0.3839,0.3829,-0.0172,-0.1951,0.0253,0.028,1.0297,-0.0317,1.5605,0.000257,0.0002,0.0
25.01,FLIGHT,0.8921,1.4906,0.3832,0.3829,0.3767,0.387,-0.0171,-0.1949,0.0231,0.0286,1.0298,-0.032,1.5607,0.000258,0.0001,0.0
25.015,FLIGHT,0.894,1.4925,0.3761,0.3869,0.3697,0.39,-0.017,-0.1948,0.0211,0.0291,1.0299,-0.0323,1.5609,0.000258,0.0001,0.0
25.02,FLIGHT,0.8958,1.4945,0.3691,0.3899,0.3629,0.392,-0.0169,-0.1947,0.0193,0.0296,1.03,-0.0324,1.561,0.000259,0.0,0.0
25.025,FLIGHT,0.8976,1.4964,0.3623,0.3917,0.3564,0.393,-0.0168,-0.1945,0.0177,0.0299,1.0301,-0.0325,1.5612,0.000259,0.0,0.0
25.03,FLIGHT,0.8994,1.4984,0.3559,0.3926,0.3502,0.393,-0.0168,-0.1944,0.0163,0.0301,1.0301,-0.0326,1.5614,0.000259,-0.0,0.0
25.035,FLIGHT,0.9011,1.5004,0.3496,0.3926,0.3441,0.3922,-0.0167,-0.1942,0.015,0.0303,1.0301,-0.0328,1.5616,0.000259,-0.0,0.0
25.04,FLIGHT,0.9028,1.5023,0.3436,0.3917,0.3383,0.3906,-0.0166,-0.1941,0.014,0.0303,1.0301,-0.0329,1.5618,0.000259,-0.0,0.0
25.045,FLIGHT,0.9045,1.5043,0.3378,0.3901,0.3327,0.3882,-0.0165,-0.1939,0.013,0.0303,1.0301,-0.033,1.5621,0.000258,-0.0001,0.0
25.05,FLIGHT,0.9061,1.5062,0.3323,0.3877,0.3274,0.3853,-0.0165,-0.1937,0.0122,0.0302,1.0301,-0.0332,1.5624,0.000258,-0.0001,0.0
25.055,FLIGHT,0.9078,1.5081,0.3269,0.3847,0.3221,0.3817,-0.0164,-0.1936,0.0115,0.0301,1.03,-0.0334,1.5627,0.000257,-0.0001,0.0
25.06,FLIGHT,0.9094,1.51,0.3216,0.3811,0.317,0.3776,-0.0164,-0.1935,0.011,0.0298,1.0299,-0.0336,1.5631,0.000257,-0.0001,0.0
25.065,FLIGHT,0.9109,1.5119,0.3166,0.377,0.3121,0.3731,-0.0163,-0.1933,0.0105,0.0296,1.0298,-0.0339,1.5635,0.000257,-0.0001,0.0
25.07,FLIGHT,0.9125,1.5138,0.3116,0.3724,0.3072,0.3681,-0.0163,-0.1932,0.0101,0.0293,1.0297,-0.0342,1.564,0.000256,-0.0001,0.0
25.075,FLIGHT,0.914,1.5156,0.3067,0.3675,0.3024,0.3629,-0.0162,-0.193,0.0098,0.0289,1.0296,-0.0345,1.5645,0.000255,-0.0001,0.0
25.08,FLIGHT,0.9155,1.5174,0.3019,0.3622,0.2977,0.3573,-0.0162,-0.1929,0.0096,0.0285,1.0294,-0.0349,1.565,0.000255,-0.0001,0.0
25.085,FLIGHT,0.917,1.5192,0.2972,0.3566,0.293,0.3515,-0.0161,-0.1927,0.0094,0.0281,1.0292,-0.0353,1.5656,0.000254,-0.0001,0.0
25.09,FLIGHT,0.9184,1.5209,0.2925,0.3508,0.2883,0.3455,-0.0161,-0.1926,0.0092,0.0277,1.029,-0.0358,1.5662,0.000254,-0.0001,0.0
25.095,FLIGHT,0.9199,1.5226,0.2878,0.3448,0.2836,0.3394,-0.016,-0.1925,0.0091,0.0272,1.0288,-0.0362,1.5668,0.000253,-0.0001,0.0
25.1,FLIGHT,0.9213,1.5243,0.2831,0.3387,0.279,0.3331,-0.016,-0.1923,0.009,0.0268,1.0285,-0.0367,1.5674,0.000252,-0.0001,0.0
25.105,FLIGHT,0.9227,1.5259,0.2785,0.3324,0.2743,0.3267,-0.016,-0.1922,0.0089,0.0263,1.0283,-0.0372,1.568,0.000252,-0.0001,0.0
25.11,FLIGHT,0.924,1.5276,0.2738,0.326,0.2696,0.3203,-0.0159,-0.1921,0.0088,0.0258,1.028,-0.0378,1.5687,0.000251,-0.0001,0.0
25.115,FLIGHT,0.9254,1.5291,0.2691,0.3196,0.2649,0.3138,-0.0159,-0.1919,0.0088,0.0253,1.0277,-0.0383,1.5693,0.00025,-0.0001,0.0
25.12,FLIGHT,0.9267,1.5307,0.2644,0.3132,0.2602,0.3074,-0.0158,-0.1918,0.0087,0.0248,1.0273,-0.0388,1.57,0.00025,-0.0001,0.0
25.125,FLIGHT,0.928,1.5322,0.2597,0.3067,0.2555,0.3009,-0.0158,-0.1917,0.0086,0.0243,1.027,-0.0394,1.5707,0.000249,-0.0001,0.0
25.13,FLIGHT,0.9292,1.5337,0.255,0.3002,0.2507,0.2944,-0.0157,-0.1916,0.0086,0.0238,1.0266,-0.0399,1.5713,0.000248,-0.0001,0.0
25.135,FLIGHT,0.9305,1.5352,0.2502,0.2937,0.246,0.2879,-0.0157,-0.1915,0.0085,0.0233,1.0262,-0.0405,1.572,0.000248,-0.0001,0.0
25.14,FLIGHT,0.9317,1.5366,0.2455,0.2873,0.2412,0.2815,-0.0157,-0.1914,0.0084,0.0228,1.0258,-0.041,1.5726,0.000247,-0.0001,0.0
25.145,FLIGHT,0.9329,1.538,0.2407,0.2809,0.2364,0.2752,-0.0156,-0.1912,0.0084,0.0223,1.0254,-0.0416,1.5732,0.000247,-0.0001,0.0
25.15,FLIGHT,0.9341,1.5393,0.2359,0.2745,0.2316,0.2689,-0.0156,-0.1911,0.0083,0.0218,1.0249,-0.0421,1.5739,0.000246,-0.0001,0.0
25.155,FLIGHT,0.9352,1.5407,0.2311,0.2682,0.2268,0.2626,-0.0155,-0.191,0.0082,0.0213,1.0244,-0.0426,1.5745,0.000245,-0.0001,0.0
25.16,FLIGHT,0.9363,1.542,0.2263,0.262,0.222,0.2564,-0.0155,-0.1909,0.0081,0.0208,1.0239,-0.0431,1.5751,0.000245,-0.0001,0.0
25.165,FLIGHT,0.9374,1.5432,0.2215,0.2558,0.2172,0.2503,-0.0154,-0.1908,0.008,0.0203,1.0234,-0.0436,1.5757,0.000244,-0.0001,0.0
25.17,FLIGHT,0.9385,1.5445,0.2167,0.2497,0.2125,0.2443,-0.0154,-0.1907,0.0079,0.0198,1.0229,-0.0441,1.5762,0.000244,-0.0001,0.0
25.175,FLIGHT,0.9395,1.5457,0.212,0.2437,0.2077,0.2384,-0.0154,-0.1906,0.0078,0.0194,1.0223,-0.0446,1.5768,0.000243,-0.0001,0.0
25.18,FLIGHT,0.9406,1.5468,0.2072,0.2378,0.203,0.2325,-0.0153,-0.1905,0.0076,0.0189,1.0218,-0.045,1.5774,0.000242,-0.0001,0.0
25.185,FLIGHT,0.9416,1.548,0.2025,0.2319,0.1983,0.2267,-0.0153,-0.1904,0.0075,0.0185,1.0212,-0.0455,1.5779,0.000242,-0.0001,0.0
25.19,FLIGHT,0.9426,1.5491,0.1978,0.2261,0.1937,0.221,-0.0153,-0.1904,0.0074,0.018,1.0206,-0.0459,1.5784,0.000241,-0.0001,0.0
25.195,FLIGHT,0.9435,1.5502,0.1932,0.2205,0.1891,0.2154,-0.0152,-0.1903,0.0072,0.0175,1.0199,-0.0463,1.5789,0.000241,-0.0001,0.0
25.2,FLIGHT,0.9444,1.5513,0.1886,0.2148,0.1845,0.2099,-0.0152,-0.1902,0.0071,0.0171,1.0193,-0.0467,1.5794,0.00024,-0.0001,0.0
25.205,FLIGHT,0.9454,1.5523,0.1841,0.2093,0.18,0.2044,-0.0152,-0.1901,0.007,0.0167,1.0186,-0.0471,1.5799,0.00024,-0.0001,0.0
25.21,FLIGHT,0.9462,1.5533,0.1796,0.2039,0.1755,0.1991,-0.0151,-0.19,0.0068,0.0162,1.0179,-0.0474,1.5803,0.000239,-0.0001,0.0
25.215,FLIGHT,0.9471,1.5543,0.1751,0.1985,0.1712,0.1938,-0.0151,-0.1899,0.0067,0.0158,1.0172,-0.0478,1.5808,0.000239,-0.0001,0.0
25.22,FLIGHT,0.948,1.5553,0.1707,0.1933,0.1668,0.1886,-0.0151,-0.1899,0.0065,0.0154,1.0165,-0.0481,1.5812,0.000238,-0.0001,0.0
25.225,FLIGHT,0.9488,1.5562,0.1664,0.1881,0.1625,0.1835,-0.015,-0.1898,0.0064,0.015,1.0158,-0.0485,1.5817,0.000237,-0.0001,0.0
25.23,FLIGHT,0.9496,1.5571,0.1621,0.183,0.1583,0.1785,-0.015,-0.1897,0.0063,0.0146,1.015,-0.0488,1.5821,0.000237,-0.0001,0.0
25.235,FLIGHT,0.9504,1.558,0.1579,0.178,0.1542,0.1736,-0.015,-0.1897,0.0061,0.0142,1.0142,-0.0491,1.5825,0.000236,-0.0001,0.0
25.24,FLIGHT,0.9511,1.5588,0.1538,0.1731,0.1502,0.1688,-0.0149,-0.1896,0.006,0.0138,1.0134,-0.0494,1.5829,0.000236,-0.0001,0.0
25.245,FLIGHT,0.9519,1.5597,0.1498,0.1683,0.1462,0.1641,-0.0149,-0.1895,0.0059,0.0134,1.0126,-0.0497,1.5832,0.000235,-0.0001,0.0
25.25,FLIGHT,0.9526,1.5605,0.1458,0.1636,0.1422,0.1594,-0.0149,-0.1895,0.0057,0.0131,1.0118,-0.05,1.5836,0.000235,-0.0001,0.0
25.255,FLIGHT,0.9533,1.5613,0.1419,0.159,0.1384,0.1549,-0.0148,-0.1894,0.0056,0.0127,1.0109,-0.0503,1.584,0.000235,-0.0001,0.0
25.26,FLIGHT,0.954,1.562,0.138,0.1544,0.1346,0.1504,-0.0148,-0.1893,0.0055,0.0123,1.0101,-0.0505,1.5843,0.000234,-0.0001,0.0
25.265,FLIGHT,0.9546,1.5628,0.1343,0.15,0.1309,0.146,-0.0148,-0.1893,0.0053,0.012,1.0092,-0.0508,1.5846,0.000234,-0.0001,0.0
25.27,FLIGHT,0.9553,1.5635,0.1306,0.1456,0.1273,0.1418,-0.0148,-0.1892,0.0052,0.0116,1.0083,-0.051,1.585,0.000233,-0.0001,0.0
25.275,FLIGHT,0.9559,1.5642,0.127,0.1414,0.1238,0.1376,-0.0147,-0.1892,0.0051,0.0113,1.0074,-0.0513,1.5853,0.000233,-0.0001,0.0
25.28,FLIGHT,0.9565,1.5649,0.1234,0.1372,0.1203,0.1335,-0.0147,-0.1891,0.005,0.011,1.0064,-0.0515,1.5856,0.000232,-0.0001,0.0
25.285,FLIGHT,0.9571,1.5655,0.12,0.1331,0.1169,0.1295,-0.0147,-0.1891,0.0049,0.0106,1.0055,-0.0517,1.5859,0.000232,-0.0001,0.0
25.29,FLIGHT,0.9577,1.5661,0.1166,0.1291,0.1136,0.1256,-0.0147,-0.189,0.0048,0.0103,1.0045,-0.0519,1.5862,0.000231,-0.0001,0.0
25.295,FLIGHT,0.9582,1.5668,0.1133,0.1252,0.1103,0.1217,-0.0146,-0.1889,0.0047,0.01,1.0036,-0.0521,1.5865,0.000231,-0.0001,0.0
25.3,FLIGHT,0.9588,1.5674,0.11,0.1214,0.1072,0.118,-0.0146,-0.1889,0.0045,0.0097,1.0026,-0.0524,1.5868,0.000231,-0.0001,0.0
25.305,FLIGHT,0.9593,1.5679,0.1069,0.1177,0.104,0.1144,-0.0146,-0.1889,0.0044,0.0094,1.0015,-0.0526,1.587,0.00023,-0.0001,0.0
25.31,FLIGHT,0.9598,1.5685,0.1038,0.114,0.101,0.1108,-0.0146,-0.1888,0.0043,0.0091,1.0005,-0.0527,1.5873,0.00023,-0.0001,0.0
25.315,STANCE,0.9607,1.5693,0.1597,0.1615,0.3477,0.2177,-0.0145,-0.1887,0.0085,0.0127,0.9996,0.1687,-0.2914,-0.000425,-0.3981,0.08
25.32,STANCE,0.9632,1.5688,0.4059,-0.0645,0.5635,-0.5697,-0.014,-0.1888,0.0853,-0.0117,0.9986,-0.0295,-0.8313,-0.002674,-0.3942,0.0815
25.325,STANCE,0.9656,1.5646,0.4326,-0.5842,0.2066,-0.4521,-0.013,-0.1893,0.1605,-0.0593,0.9976,-0.2782,-1.2308,-0.004107,-0.1292,0.03
25.33,STANCE,0.9659,1.5644,0.1774,-0.1915,0.0506,0.0905,-0.0129,-0.1893,0.0594,-0.0199,0.9977,-0.4459,-1.9376,-0.004278,0.0251,0.0043
25.335,STANCE,0.9669,1.5638,0.2017,-0.1651,0.3541,-0.3871,-0.0126,-0.1893,0.0604,-0.0177,0.998,-0.7219,-2.3545,-0.00405,0.0617,0.0041
25.34,STANCE,0.969,1.5593,0.3542,-0.7538,0.3366,-1.7242,-0.0116,-0.1898,0.1693,-0.0725,0.9981,-1.0332,-2.3036,-0.003583,0.1559,0.0036
25.345,STANCE,0.9727,1.5499,0.6633,-1.5188,1.0822,-2.0263,-0.0096,-0.1907,0.3339,-0.1415,0.9981,-1.3714,-1.929,-0.003301,-0.0161,0.0065
25.35,STANCE,0.979,1.5387,1.0733,-2.032,1.3299,-2.4861,-0.0069,-0.1917,0.4865,-0.1833,0.9982,-1.6748,-1.4355,-0.003498,-0.0427,0.012
25.355,STANCE,0.9852,1.5248,1.1926,-2.5492,1.3218,-2.8159,-0.0038,-0.1929,0.5866,-0.218,0.9982,-1.7353,-0.7763,-0.00357,-0.0347,0.0105
25.36,STANCE,0.9912,1.51,1.1854,-2.8418,1.1184,-3.0215,-0.0005,-0.1941,0.6324,-0.2303,0.9983,-1.5931,-0.1236,-0.003612,0.0017,0.0036
25.365,STANCE,0.9963,1.4949,1.0714,-2.9498,0.9185,-2.9979,0.0026,-0.1953,0.6316,-0.2271,0.9984,-1.2654,0.4607,-0.003565,0.0242,0.0036
25.37,STANCE,1.0005,1.4803,0.8985,-2.9271,0.705,-2.8973,0.0056,-0.1964,0.5998,-0.2153,0.9985,-0.8257,0.9284,-0.003414,0.0499,0.0034
25.375,STANCE,1.0038,1.4664,0.7247,-2.8228,0.5829,-2.7064,0.0082,-0.1974,0.5549,-0.1994,0.9988,-0.3977,1.2399,-0.003169,0.058,0.0032
25.38,STANCE,1.0065,1.4533,0.5903,-2.6812,0.5052,-2.5348,0.0107,-0.1984,0.5113,-0.1826,0.999,-0.1417,1.3618,-0.002843,0.0675,0.0028
25.385,FLIGHT,1.0083,1.4415,0.4092,-2.4235,0.083,-2.0036,0.0128,-0.1992,0.4401,-0.1606,0.9994,-1.538,2.7537,-0.002409,0.1145,0.0024
25.39,FLIGHT,1.0071,1.4334,-0.0584,-1.837,-0.5326,-1.249,0.0137,-0.1997,0.261,-0.1246,0.9999,-1.4315,2.6588,-0.001706,0.1638,0.0017
25.395,FLIGHT,1.0031,1.4289,-0.5928,-1.1749,-1.0611,-0.5932,0.0136,-0.2001,0.0558,-0.0872,1.0007,-1.2611,2.5154,-0.000798,0.1968,0.0008
25.4,FLIGHT,0.9967,1.4273,-1.0822,-0.5617,-1.4844,-0.0503,0.0126,-0.2003,-0.1335,-0.0518,1.0015,-1.0723,2.3597,0.000221,0.1895,0.0
25.405,FLIGHT,0.9884,1.4282,-1.4842,-0.0396,-1.8015,0.3827,0.0108,-0.2003,-0.2914,-0.0188,1.0025,-0.8868,2.208,0.000962,0.1107,0.0
25.41,FLIGHT,0.9788,1.431,-1.7916,0.381,-2.0256,0.7126,0.0084,-0.2002,-0.4145,0.012,1.0035,-0.7124,2.0666,0.00137,0.0563,0.0
25.415,FLIGHT,0.9683,1.4352,-2.0093,0.7035,-2.1666,0.951,0.0057,-0.2,-0.5042,0.0401,1.0046,-0.5535,1.9385,0.001555,0.0206,0.0
25.42,FLIGHT,0.9573,1.4403,-2.1461,0.9374,-2.2354,1.1104,0.0028,-0.1996,-0.5638,0.065,1.0058,-0.4117,1.8251,0.001597,-0.0021,0.0004
25.425,FLIGHT,0.9461,1.4461,-2.2123,1.0938,-2.2432,1.2028,-0.0003,-0.1992,-0.5972,0.0862,1.0069,-0.2877,1.7267,0.001549,-0.0158,0.0032
25.43,FLIGHT,0.935,1.4523,-2.2186,1.1847,-2.2005,1.2401,-0.0034,-0.1987,-0.6087,0.103,1.0081,-0.181,1.6431,0.00145,-0.0234,0.0047
25.435,FLIGHT,0.9241,1.4585,-2.1754,1.2212,-2.1174,1.2328,-0.0064,-0.1981,-0.6023,0.1153,1.0093,-0.091,1.5735,0.001323,-0.0269,0.0054
25.44,FLIGHT,0.9138,1.4645,-2.0923,1.214,-2.0027,1.1908,-0.0093,-0.1975,-0.582,0.123,1.0104,-0.0166,1.5169,0.001185,-0.0278,0.0056
25.445,FLIGHT,0.9042,1.4703,-1.9782,1.1725,-1.8647,1.1227,-0.012,-0.1969,-0.5509,0.1263,1.0115,0.0436,1.4722,0.001048,-0.027,0.0054
25.45,FLIGHT,0.8952,1.4757,-1.8412,1.1054,-1.7103,1.0361,-0.0145,-0.1963,-0.5122,0.1255,1.0126,0.091,1.4383,0.000917,-0.0253,0.0051
25.455,FLIGHT,0.8871,1.4807,-1.6882,1.0201,-1.5458,0.9375,-0.0168,-0.1958,-0.4683,0.1213,1.0137,0.1269,1.4137,0.000796,-0.023,0.0046
25.46,FLIGHT,0.8798,1.4851,-1.5252,0.923,-1.3764,0.8324,-0.0188,-0.1952,-0.4215,0.1143,1.0147,0.1527,1.3973,0.000687,-0.0204,0.0041
25.465,FLIGHT,0.8733,1.489,-1.3575,0.8195,-1.2064,0.7253,-0.0206,-0.1947,-0.3734,0.1051,1.0156,0.1699,1.3878,0.000592,-0.0177,0.0035
25.47,FLIGHT,0.8677,1.4924,-1.1892,0.714,-1.0394,0.6197,-0.0221,-0.1943,-0.3255,0.0944,1.0165,0.1796,1.3841,0.00051,-0.0151,0.003
25.475,FLIGHT,0.8629,1.4952,-1.024,0.6101,-0.8782,0.5186,-0.0234,-0.1939,-0.2788,0.0827,1.0174,0.1831,1.3851,0.000441,-0.0127,0.0025
25.48,FLIGHT,0.8589,1.4976,-0.8645,0.5105,-0.725,0.4241,-0.0245,-0.1936,-0.2342,0.0708,1.0182,0.1814,1.3899,0.000383,-0.0105,0.0021
25.485,FLIGHT,0.8556,1.4995,-0.713,0.4175,-0.5814,0.3376,-0.0254,-0.1933,-0.1923,0.0589,1.019,0.1756,1.3976,0.000335,-0.0085,0.0017
25.49,FLIGHT,0.8531,1.5009,-0.571,0.3324,-0.4485,0.2601,-0.0261,-0.1931,-0.1535,0.0476,1.0197,0.1665,1.4075,0.000297,-0.0068,0.0014
25.495,FLIGHT,0.8511,1.5021,-0.4396,0.2563,-0.327,0.1923,-0.0266,-0.193,-0.1181,0.037,1.0204,0.155,1.4188,0.000267,-0.0054,0.0011
25.5,FLIGHT,0.8498,1.5029,-0.3196,0.1897,-0.2172,0.1343,-0.0269,-0.1928,-0.0862,0.0274,1.021,0.1418,1.4311,0.000243,-0.0041,0.0008
25.505,FLIGHT,0.8489,1.5034,-0.2111,0.1327,-0.1192,0.086,-0.0272,-0.1928,-0.0579,0.0189,1.0216,0.1273,1.4439,0.000225,-0.0031,0.0006
25.51,FLIGHT,0.8486,1.5038,-0.1143,0.0852,-0.0327,0.047,-0.0273,-0.1927,-0.033,0.0116,1.0222,0.1123,1.4568,0.000212,-0.0022,0.0004
25.515,FLIGHT,0.8486,1.5039,-0.0288,0.047,0.0427,0.0168,-0.0273,-0.1927,-0.0116,0.0055,1.0228,0.097,1.4695,0.000203,-0.0015,0.0003
25.52,FLIGHT,0.849,1.5039,0.0456,0.0175,0.1075,-0.0052,-0.0272,-0.1927,0.0065,0.0005,1.0233,0.0819,1.4818,0.000197,-0.0009,0.0002
25.525,FLIGHT,0.8497,1.5039,0.1097,-0.004,0.1625,-0.0198,-0.0271,-0.1927,0.0216,-0.0034,1.0237,0.0672,1.4934,0.000193,-0.0004,0.0001
25.53,FLIGHT,0.8506,1.5038,0.1639,-0.0181,0.2084,-0.0277,-0.0269,-0.1928,0.0339,-0.0062,1.0242,0.0532,1.5043,0.000192,-0.0001,0.0
25.535,FLIGHT,0.8517,1.5036,0.2092,-0.0257,0.2459,-0.0298,-0.0267,-0.1928,0.0437,-0.0081,1.0246,0.04,1.5143,0.000193,0.0002,0.0
25.54,FLIGHT,0.853,1.5035,0.2462,-0.0275,0.276,-0.0268,-0.0264,-0.1929,0.0511,-0.0092,1.025,0.0278,1.5234,0.000194,0.0005,0.0
25.545,FLIGHT,0.8545,1.5033,0.2759,-0.0244,0.2993,-0.0196,-0.0261,-0.1929,0.0564,-0.0096,1.0254,0.0166,1.5315,0.000197,0.0006,0.0
25.55,FLIGHT,0.856,1.5033,0.2989,-0.0171,0.3169,-0.009,-0.0258,-0.193,0.0599,-0.0094,1.0258,0.0064,1.5388,0.0002,0.0007,0.0
25.555,FLIGHT,0.8576,1.5033,0.3162,-0.0064,0.3293,0.0045,-0.0255,-0.193,0.0619,-0.0087,1.0262,-0.0026,1.5451,0.000204,0.0008,0.0
25.56,FLIGHT,0.8593,1.5033,0.3284,0.007,0.3373,0.02,-0.0252,-0.193,0.0625,-0.0076,1.0265,-0.0106,1.5505,0.000208,0.0008,0.0
25.565,FLIGHT,0.861,1.5035,0.3363,0.0224,0.3417,0.037,-0.0249,-0.1931,0.062,-0.0062,1.0268,-0.0175,1.5551,0.000213,0.0009,0.0
25.57,FLIGHT,0.8627,1.5037,0.3406,0.0394,0.343,0.055,-0.0246,-0.1931,0.0606,-0.0045,1.0271,-0.0235,1.559,0.000217,0.0008,0.0
25.575,FLIGHT,0.8644,1.504,0.3419,0.0573,0.3419,0.0735,-0.0243,-0.1931,0.0585,-0.0027,1.0274,-0.0286,1.5621,0.000221,0.0008,0.0
25.58,FLIGHT,0.8661,1.5044,0.3408,0.0756,0.3388,0.0921,-0.024,-0.1931,0.0559,-0.0008,1.0277,-0.0328,1.5647,0.000225,0.0008,0.0
25.585,FLIGHT,0.8678,1.5049,0.3377,0.094,0.3341,0.1104,-0.0237,-0.1931,0.0529,0.0011,1.0279,-0.0362,1.5667,0.000229,0.0007,0.0
25.59,FLIGHT,0.8695,1.5055,0.333,0.1121,0.3284,0.1282,-0.0235,-0.1931,0.0496,0.003,1.0282,-0.039,1.5681,0.000232,0.0007,0.0
25.595,FLIGHT,0.8711,1.5062,0.3273,0.1297,0.3218,0.1451,-0.0233,-0.1931,0.0462,0.0049,1.0284,-0.0411,1.5692,0.000235,0.0006,0.0
25.6,FLIGHT,0.8727,1.507,0.3209,0.1465,0.3148,0.1611,-0.0231,-0.193,0.0427,0.0068,1.0286,-0.0428,1.5699,0.000238,0.0005,0.0
25.605,FLIGHT,0.8742,1.5078,0.3139,0.1623,0.3075,0.1759,-0.0229,-0.193,0.0392,0.0085,1.0288,-0.0439,1.5703,0.000241,0.0005,0.0
25.61,FLIGHT,0.8758,1.5087,0.3066,0.1769,0.3001,0.1895,-0.0227,-0.1929,0.0359,0.0101,1.0289,-0.0447,1.5705,0.000243,0.0004,0.0
25.615,FLIGHT,0.8772,1.5097,0.2994,0.1904,0.2928,0.2019,-0.0225,-0.1929,0.0327,0.0116,1.0291,-0.0452,1.5705,0.000245,0.0003,0.0
25.62,FLIGHT,0.8787,1.5108,0.2922,0.2026,0.2858,0.2129,-0.0224,-0.1928,0.0297,0.013,1.0292,-0.0454,1.5704,0.000246,0.0003,0.0
25.625,FLIGHT,0.8801,1.5118,0.2852,0.2134,0.279,0.2225,-0.0223,-0.1927,0.0269,0.0142,1.0293,-0.0454,1.5701,0.000248,0.0002,0.0
25.63,FLIGHT,0.8815,1.513,0.2785,0.223,0.2726,0.2309,-0.0222,-0.1926,0.0243,0.0153,1.0294,-0.0453,1.5698,0.000249,0.0002,0.0
25.635,FLIGHT,0.8828,1.5142,0.2721,0.2312,0.2666,0.238,-0.0221,-0.1926,0.022,0.0162,1.0295,-0.0451,1.5694,0.00025,0.0002,0.0
25.64,FLIGHT,0.8841,1.5154,0.2661,0.2382,0.261,0.2439,-0.022,-0.1925,0.0199,0.0171,1.0296,-0.0448,1.569,0.00025,0.0001,0.0
25.645,FLIGHT,0.8854,1.5166,0.2606,0.244,0.2558,0.2486,-0.0219,-0.1924,0.018,0.0178,1.0296,-0.0444,1.5687,0.000251,0.0001,0.0
25.65,FLIGHT,0.8867,1.5178,0.2554,0.2486,0.251,0.2522,-0.0218,-0.1923,0.0164,0.0183,1.0296,-0.044,1.5683,0.000251,0.0001,0.0
25.655,FLIGHT,0.888,1.5191,0.2507,0.2521,0.2466,0.2549,-0.0217,-0.1922,0.015,0.0188,1.0296,-0.0437,1.568,0.000251,0.0,0.0
25.66,FLIGHT,0.8892,1.5204,0.2463,0.2547,0.2425,0.2566,-0.0217,-0.1921,0.0138,0.0192,1.0296,-0.0434,1.5678,0.000251,0.0,0.0
25.665,FLIGHT,0.8904,1.5217,0.2423,0.2563,0.2388,0.2574,-0.0216,-0.192,0.0128,0.0194,1.0296,-0.0431,1.5676,0.000251,-0.0,0.0
25.67,FLIGHT,0.8916,1.523,0.2385,0.2571,0.2353,0.2575,-0.0215,-0.1919,0.0119,0.0196,1.0295,-0.0428,1.5675,0.000251,-0.0,0.0
25.675,FLIGHT,0.8927,1.5242,0.2351,0.2572,0.2321,0.2569,-0.0215,-0.1918,0.0113,0.0197,1.0294,-0.0426,1.5674,0.000251,-0.0,0.0
25.68,FLIGHT,0.8939,1.5255,0.2319,0.2566,0.2292,0.2557,-0.0214,-0.1917,0.0107,0.0197,1.0293,-0.0425,1.5674,0.000251,-0.0,0.0
25.685,FLIGHT,0.895,1.5268,0.2289,0.2553,0.2264,0.254,-0.0214,-0.1916,0.0103,0.0197,1.0292,-0.0425,1.5675,0.000251,-0.0001,0.0
25.69,FLIGHT,0.8961,1.5281,0.2261,0.2536,0.2237,0.2518,-0.0213,-0.1915,0.01,0.0196,1.0291,-0.0425,1.5676,0.00025,-0.0001,0.0
25.695,FLIGHT,0.8973,1.5293,0.2235,0.2514,0.2211,0.2492,-0.0213,-0.1914,0.0097,0.0195,1.0289,-0.0425,1.5678,0.00025,-0.0001,0.0
25.7,FLIGHT,0.8984,1.5306,0.2209,0.2487,0.2186,0.2462,-0.0212,-0.1913,0.0095,0.0193,1.0287,-0.0426,1.568,0.00025,-0.0001,0.0
25.705,FLIGHT,0.8994,1.5318,0.2184,0.2458,0.2162,0.243,-0.0212,-0.1912,0.0094,0.0191,1.0285,-0.0428,1.5683,0.000249,-0.0001,0.0
25.71,FLIGHT,0.9005,1.533,0.2159,0.2426,0.2138,0.2396,-0.0211,-0.1911,0.0094,0.0188,1.0283,-0.043,1.5686,0.000249,-0.0001,0.0
25.715,FLIGHT,0.9016,1.5342,0.2135,0.2391,0.2113,0.2359,-0.0211,-0.191,0.0093,0.0185,1.028,-0.0433,1.569,0.000249,-0.0001,0.0
25.72,FLIGHT,0.9026,1.5353,0.2111,0.2355,0.2089,0.2321,-0.021,-0.1909,0.0093,0.0183,1.0278,-0.0436,1.5694,0.000248,-0.0001,0.0
25.725,FLIGHT,0.9037,1.5365,0.2086,0.2317,0.2064,0.2282,-0.021,-0.1908,0.0094,0.018,1.0275,-0.0439,1.5698,0.000248,-0.0001,0.0
25.73,FLIGHT,0.9047,1.5376,0.2062,0.2277,0.2039,0.2242,-0.0209,-0.1908,0.0094,0.0176,1.0272,-0.0443,1.5702,0.000248,-0.0001,0.0
25.735,FLIGHT,0.9057,1.5387,0.2036,0.2237,0.2014,0.2201,-0.0209,-0.1907,0.0094,0.0173,1.0268,-0.0446,1.5707,0.000247,-0.0001,0.0
25.74,FLIGHT,0.9067,1.5398,0.2011,0.2197,0.1988,0.216,-0.0209,-0.1906,0.0095,0.017,1.0265,-0.045,1.5712,0.000247,-0.0001,0.0
25.745,FLIGHT,0.9077,1.5409,0.1985,0.2156,0.1961,0.2119,-0.0208,-0.1905,0.0095,0.0167,1.0261,-0.0455,1.5717,0.000246,-0.0001,0.0
25.75,FLIGHT,0.9087,1.542,0.1958,0.2114,0.1934,0.2077,-0.0208,-0.1904,0.0095,0.0163,1.0257,-0.0459,1.5721,0.000246,-0.0001,0.0
25.755,FLIGHT,0.9096,1.543,0.1931,0.2073,0.1906,0.2036,-0.0207,-0.1903,0.0095,0.016,1.0253,-0.0463,1.5726,0.000246,-0.0001,0.0
25.76,FLIGHT,0.9106,1.544,0.1903,0.2031,0.1877,0.1994,-0.0207,-0.1903,0.0095,0.0157,1.0249,-0.0467,1.5731,0.000245,-0.0001,0.0
25.765,FLIGHT,0.9115,1.545,0.1874,0.199,0.1848,0.1953,-0.0206,-0.1902,0.0095,0.0153,1.0245,-0.0472,1.5736,0.000245,-0.0001,0.0
25.77,FLIGHT,0.9124,1.5459,0.1845,0.1949,0.1819,0.1913,-0.0206,-0.1901,0.0095,0.015,1.024,-0.0476,1.5741,0.000245,-0.0001,0.0
25.775,FLIGHT,0.9133,1.5469,0.1815,0.1909,0.1789,0.1872,-0.0205,-0.19,0.0094,0.0147,1.0235,-0.048,1.5746,0.000244,-0.0001,0.0
25.78,FLIGHT,0.9142,1.5478,0.1786,0.1868,0.1758,0.1833,-0.0205,-0.19,0.0094,0.0144,1.023,-0.0484,1.5751,0.000244,-0.0001,0.0
25.785,FLIGHT,0.9151,1.5487,0.1755,0.1829,0.1728,0.1793,-0.0204,-0.1899,0.0093,0.0141,1.0225,-0.0488,1.5755,0.000244,-0.0001,0.0
25.79,FLIGHT,0.9159,1.5496,0.1724,0.1789,0.1697,0.1754,-0.0204,-0.1898,0.0092,0.0138,1.0219,-0.0492,1.576,0.000243,-0.0001,0.0
25.795,FLIGHT,0.9168,1.5505,0.1693,0.175,0.1666,0.1715,-0.0203,-0.1898,0.0091,0.0135,1.0214,-0.0496,1.5764,0.000243,-0.0001,0.0
25.8,FLIGHT,0.9176,1.5513,0.1662,0.1712,0.1634,0.1677,-0.0203,-0.1897,0.009,0.0131,1.0208,-0.05,1.5769,0.000243,-0.0001,0.0
25.805,FLIGHT,0.9184,1.5522,0.1631,0.1674,0.1603,0.164,-0.0202,-0.1896,0.0089,0.0129,1.0202,-0.0503,1.5773,0.000242,-0.0001,0.0
25.81,FLIGHT,0.9192,1.553,0.16,0.1636,0.1571,0.1603,-0.0202,-0.1896,0.0088,0.0126,1.0196,-0.0507,1.5777,0.000242,-0.0001,0.0
25.815,FLIGHT,0.92,1.5538,0.1568,0.1599,0.154,0.1566,-0.0202,-0.1895,0.0087,0.0123,1.0189,-0.051,1.5781,0.000242,-0.0001,0.0
25.82,FLIGHT,0.9208,1.5545,0.1537,0.1562,0.1509,0.153,-0.0201,-0.1895,0.0086,0.012,1.0183,-0.0513,1.5785,0.000241,-0.0001,0.0
25.825,FLIGHT,0.9215,1.5553,0.1506,0.1526,0.1478,0.1494,-0.0201,-0.1894,0.0085,0.0117,1.0176,-0.0516,1.5788,0.000241,-0.0001,0.0
25.83,FLIGHT,0.9222,1.556,0.1474,0.1491,0.1447,0.1459,-0.02,-0.1893,0.0083,0.0114,1.0169,-0.0519,1.5792,0.000241,-0.0001,0.0
25.835,FLIGHT,0.9229,1.5567,0.1444,0.1456,0.1416,0.1424,-0.02,-0.1893,0.0082,0.0112,1.0162,-0.0522,1.5796,0.000241,-0.0001,0.0
25.84,FLIGHT,0.9236,1.5574,0.1413,0.1421,0.1386,0.139,-0.02,-0.1892,0.0081,0.0109,1.0155,-0.0525,1.5799,0.00024,-0.0001,0.0
25.845,FLIGHT,0.9243,1.5581,0.1382,0.1387,0.1355,0.1356,-0.0199,-0.1892,0.0079,0.0106,1.0148,-0.0528,1.5802,0.00024,-0.0001,0.0
25.85,FLIGHT,0.925,1.5588,0.1352,0.1353,0.1326,0.1323,-0.0199,-0.1891,0.0078,0.0104,1.014,-0.053,1.5806,0.00024,-0.0001,0.0
25.855,FLIGHT,0.9257,1.5595,0.1323,0.132,0.1296,0.129,-0.0198,-0.1891,0.0077,0.0101,1.0132,-0.0533,1.5809,0.000239,-0.0001,0.0
25.86,FLIGHT,0.9263,1.5601,0.1293,0.1287,0.1267,0.1258,-0.0198,-0.189,0.0075,0.0099,1.0124,-0.0535,1.5812,0.000239,-0.0001,0.0
25.865,FLIGHT,0.9269,1.5607,0.1264,0.1255,0.1239,0.1227,-0.0198,-0.189,0.0074,0.0096,1.0116,-0.0537,1.5815,0.000239,-0.0001,0.0
25.87,FLIGHT,0.9275,1.5613,0.1236,0.1223,0.121,0.1195,-0.0197,-0.1889,0.0073,0.0094,1.0108,-0.054,1.5818,0.000238,-0.0001,0.0
25.875,FLIGHT,0.9281,1.5619,0.1208,0.1192,0.1183,0.1165,-0.0197,-0.1889,0.0071,0.0091,1.0099,-0.0542,1.5821,0.000238,-0.0001,0.0
25.88,FLIGHT,0.9287,1.5625,0.118,0.1162,0.1155,0.1134,-0.0197,-0.1888,0.007,0.0089,1.0091,-0.0544,1.5823,0.000238,-0.0001,0.0
25.885,FLIGHT,0.9293,1.563,0.1153,0.1132,0.1129,0.1105,-0.0196,-0.1888,0.0069,0.0087,1.0082,-0.0546,1.5826,0.000238,-0.0001,0.0
25.89,FLIGHT,0.9298,1.5636,0.1126,0.1102,0.1102,0.1076,-0.0196,-0.1888,0.0068,0.0084,1.0073,-0.0548,1.5829,0.000237,-0.0001,0.0
25.895,FLIGHT,0.9304,1.5641,0.11,0.1073,0.1076,0.1047,-0.0196,-0.1887,0.0067,0.0082,1.0064,-0.055,1.5831,0.000237,-0.0001,0.0
25.9,FLIGHT,0.9309,1.5646,0.1074,0.1044,0.1051,0.1019,-0.0195,-0.1887,0.0065,0.008,1.0055,-0.0552,1.5834,0.000237,-0.0001,0.0
25.905,FLIGHT,0.9314,1.5651,0.1048,0.1016,0.1026,0.0991,-0.0195,-0.1886,0.0064,0.0078,1.0045,-0.0554,1.5836,0.000237,-0.0001,0.0
25.91,FLIGHT,0.9319,1.5656,0.1024,0.0989,0.1001,0.0964,-0.0195,-0.1886,0.0063,0.0076,1.0036,-0.0555,1.5839,0.000236,-0.0001,0.0
25.915,FLIGHT,0.9324,1.5661,0.0999,0.0962,0.0977,0.0938,-0.0194,-0.1886,0.0062,0.0073,1.0026,-0.0557,1.5841,0.000236,-0.0,0.0
25.92,FLIGHT,0.9329,1.5666,0.0975,0.0936,0.0954,0.0912,-0.0194,-0.1885,0.0061,0.0071,1.0016,-0.0559,1.5843,0.000236,-0.0,0.0
25.925,FLIGHT,0.9334,1.567,0.0952,0.091,0.0931,0.0887,-0.0194,-0.1885,0.006,0.0069,1.0006,-0.056,1.5846,0.000236,-0.0,0.0
25.93,STANCE,0.9344,1.5677,0.1842,0.1228,0.408,0.0706,-0.0193,-0.1885,0.0186,0.0083,0.9997,0.2401,-0.4081,-0.000708,-0.4028,0.0813
25.935,STANCE,0.9372,1.5662,0.4541,-0.2077,0.6327,-0.7827,-0.0185,-0.1886,0.113,-0.0283,0.9986,0.0404,-0.9412,-0.002807,-0.3604,0.0749
25.94,STANCE,0.9411,1.5609,0.6861,-0.7949,0.6468,-0.8128,-0.0171,-0.1892,0.2353,-0.087,0.9975,-0.2769,-1.3251,-0.004551,-0.2691,0.0584
25.945,STANCE,0.9424,1.5594,0.365,-0.4136,0.0825,-0.042,-0.0167,-0.1894,0.1241,-0.0451,0.9975,-0.3979,-2.0189,-0.00509,-0.0036,0.0058
25.95,STANCE,0.9432,1.5585,0.243,-0.2789,0.3032,-0.4196,-0.0164,-0.1895,0.0832,-0.0302,0.9979,-0.5828,-2.4639,-0.004893,0.0681,0.0049
25.955,STANCE,0.945,1.5535,0.3234,-0.8551,0.2872,-1.8565,-0.0154,-0.19,0.1758,-0.0847,0.9979,-0.8344,-2.3899,-0.00436,0.1696,0.0044
25.96,STANCE,0.9478,1.5438,0.532,-1.5808,0.9276,-1.9457,-0.0135,-0.1909,0.3148,-0.1518,0.998,-1.1017,-1.9974,-0.003835,0.0181,0.0038
25.965,STANCE,0.9536,1.5328,0.9695,-2.0204,1.3046,-2.4395,-0.0109,-0.192,0.4618,-0.1909,0.9982,-1.3931,-1.4995,-0.003926,-0.0358,0.0111
25.97,STANCE,0.9596,1.5186,1.1255,-2.6009,1.2936,-2.9394,-0.0078,-0.1933,0.577,-0.2337,0.9983,-1.4617,-0.7745,-0.003903,-0.0137,0.0067
25.975,STANCE,0.9656,1.5031,1.1806,-2.9487,1.1665,-3.1721,-0.0045,-0.1946,0.6427,-0.2514,0.9983,-1.3536,-0.0602,-0.003872,0.0132,0.0039
25.98,STANCE,0.9711,1.4872,1.1138,-3.0997,1.0294,-3.1372,-0.0012,-0.196,0.6578,-0.2507,0.9985,-1.0674,0.5718,-0.003765,0.0254,0.0038
25.985,STANCE,0.9757,1.4717,0.9714,-3.0956,0.8249,-3.0408,0.0019,-0.1972,0.6354,-0.2383,0.9987,-0.6751,1.0617,-0.003558,0.0523,0.0036
25.99,STANCE,0.9795,1.4569,0.8165,-2.9829,0.7049,-2.829,0.0048,-0.1983,0.5938,-0.2195,0.9989,-0.3033,1.3637,-0.003262,0.0608,0.0033
25.995,FLIGHT,0.9826,1.4432,0.6856,-2.8206,0.5916,-2.6593,0.0074,-0.1993,0.5485,-0.1993,0.9993,-1.3482,2.6172,-0.002872,0.0853,0.0029
26.0,FLIGHT,0.9847,1.4314,0.4738,-2.4663,0.1389,-1.9953,0.0096,-0.2001,0.4574,-0.1691,0.9997,-1.3566,2.6111,-0.002403,0.1197,0.0024
26.005,FLIGHT,0.984,1.4232,0.0294,-1.8711,-0.4035,-1.3056,0.0106,-0.2007,0.282,-0.1294,1.0004,-1.2502,2.516,-0.00169,0.163,0.0017
26.01,FLIGHT,0.9808,1.4182,-0.45,-1.2481,-0.8648,-0.7088,0.0107,-0.2011,0.0938,-0.091,1.0011,-1.0969,2.3866,-0.000798,0.1914,0.0008
26.015,FLIGHT,0.9755,1.4159,-0.8808,-0.6829,-1.2331,-0.2133,0.01,-0.2013,-0.0766,-0.0563,1.002,-0.9311,2.2498,0.000194,0.1892,0.0
26.02,FLIGHT,0.9687,1.4159,-1.2315,-0.2034,-1.5076,0.1852,0.0086,-0.2014,-0.2181,-0.025,1.003,-0.7695,2.118,0.000934,0.1107,0.0
26.025,FLIGHT,0.9606,1.4176,-1.4985,0.1851,-1.7014,0.493,0.0067,-0.2013,-0.3287,0.0032,1.0041,-0.618,1.9957,0.001343,0.0565,0.0
26.03,FLIGHT,0.9518,1.4207,-1.6871,0.4868,-1.8232,0.7205,0.0045,-0.2011,-0.4101,0.0282,1.0053,-0.4799,1.8852,0.00153,0.0209,0.0
26.035,FLIGHT,0.9425,1.4247,-1.8053,0.7103,-1.8824,0.8785,0.0021,-0.2009,-0.4652,0.05,1.0064,-0.3566,1.7874,0.001573,-0.0017,0.0003
26.04,FLIGHT,0.933,1.4294,-1.8623,0.8658,-1.8886,0.9776,-0.0005,-0.2005,-0.4975,0.0681,1.0076,-0.2486,1.7025,0.001528,-0.0153,0.0031
26.045,FLIGHT,0.9237,1.4344,-1.8672,0.9634,-1.851,1.0279,-0.0031,-0.2001,-0.5106,0.0825,1.0088,-0.1557,1.6304,0.001431,-0.0228,0.0046
26.05,FLIGHT,0.9146,1.4396,-1.8291,1.013,-1.7781,1.0387,-0.0056,-0.1996,-0.508,0.0931,1.01,-0.0772,1.5703,0.001306,-0.0264,0.0053
26.055,FLIGHT,0.9059,1.4447,-1.7562,1.0237,-1.6778,1.0184,-0.0081,-0.1991,-0.493,0.0998,1.0112,-0.0122,1.5214,0.001171,-0.0273,0.0055
26.06,FLIGHT,0.8978,1.4497,-1.6564,1.0038,-1.5571,0.9745,-0.0104,-0.1987,-0.4684,0.103,1.0123,0.0405,1.4826,0.001036,-0.0265,0.0053
26.065,FLIGHT,0.8904,1.4544,-1.5366,0.9607,-1.4221,0.9136,-0.0125,-0.1982,-0.4368,0.103,1.0134,0.082,1.453,0.000908,-0.0248,0.005
26.07,FLIGHT,0.8836,1.4588,-1.4027,0.9007,-1.2782,0.8411,-0.0145,-0.1977,-0.4005,0.1002,1.0145,0.1135,1.4315,0.000789,-0.0225,0.0045
26.075,FLIGHT,0.8776,1.4628,-1.2602,0.8294,-1.13,0.762,-0.0162,-0.1972,-0.3613,0.0951,1.0155,0.1363,1.417,0.000683,-0.02,0.004
26.08,FLIGHT,0.8723,1.4664,-1.1134,0.7516,-0.9811,0.6801,-0.0177,-0.1968,-0.3207,0.0883,1.0165,0.1515,1.4084,0.00059,-0.0173,0.0035
26.085,FLIGHT,0.8678,1.4696,-0.966,0.671,-0.8348,0.5985,-0.0191,-0.1964,-0.2799,0.0803,1.0175,0.1602,1.4047,0.00051,-0.0148,0.003
26.09,FLIGHT,0.864,1.4724,-0.8213,0.5907,-0.6935,0.5198,-0.0202,-0.1961,-0.2401,0.0716,1.0184,0.1635,1.4052,0.000442,-0.0123,0.0025
26.095,FLIGHT,0.8609,1.4748,-0.6815,0.5133,-0.5591,0.4458,-0.0211,-0.1958,-0.2018,0.0626,1.0193,0.1623,1.4089,0.000386,-0.0102,0.002
26.1,FLIGHT,0.8584,1.4769,-0.5485,0.4405,-0.433,0.3778,-0.0219,-0.1956,-0.1658,0.0536,1.0201,0.1575,1.4151,0.00034,-0.0082,0.0016
26.105,FLIGHT,0.8565,1.4786,-0.4239,0.3737,-0.3162,0.3169,-0.0225,-0.1954,-0.1323,0.045,1.0209,0.1498,1.4233,0.000303,-0.0066,0.0013
26.11,FLIGHT,0.8552,1.4801,-0.3084,0.3138,-0.2093,0.2635,-0.0229,-0.1952,-0.1017,0.037,1.0216,0.14,1.4327,0.000274,-0.0052,0.001
26.115,FLIGHT,0.8544,1.4813,-0.2027,0.2614,-0.1125,0.2178,-0.0232,-0.1951,-0.074,0.0297,1.0223,0.1286,1.443,0.000251,-0.004,0.0008
26.12,FLIGHT,0.8541,1.4823,-0.1071,0.2165,-0.026,0.1798,-0.0234,-0.195,-0.0494,0.0233,1.023,0.1162,1.4538,0.000234,-0.003,0.0006
26.125,FLIGHT,0.8541,1.4831,-0.0216,0.1793,0.0504,0.1492,-0.0235,-0.1949,-0.0278,0.0177,1.0236,0.1032,1.4648,0.000221,-0.0021,0.0004
26.13,FLIGHT,0.8545,1.4838,0.0539,0.1494,0.1172,0.1258,-0.0235,-0.1948,-0.0092,0.0131,1.0242,0.09,1.4756,0.000212,-0.0015,0.0003
26.135,FLIGHT,0.8553,1.4844,0.1198,0.1264,0.1747,0.1089,-0.0235,-0.1948,0.0067,0.0093,1.0248,0.0769,1.4861,0.000206,-0.0009,0.0002
26.14,FLIGHT,0.8563,1.4849,0.1767,0.1099,0.2237,0.0979,-0.0233,-0.1948,0.0199,0.0064,1.0253,0.0642,1.496,0.000203,-0.0004,0.0001
26.145,FLIGHT,0.8575,1.4853,0.225,0.0994,0.2646,0.0923,-0.0232,-0.1947,0.0307,0.0043,1.0259,0.052,1.5054,0.000202,-0.0001,0.0
26.15,FLIGHT,0.8589,1.4858,0.2654,0.094,0.2982,0.0914,-0.0229,-0.1947,0.0393,0.0029,1.0264,0.0404,1.5141,0.000202,0.0002,0.0
26.155,FLIGHT,0.8605,1.4863,0.2985,0.0933,0.3252,0.0945,-0.0227,-0.1947,0.0458,0.0021,1.0269,0.0297,1.522,0.000204,0.0004,0.0
26.16,FLIGHT,0.8622,1.4868,0.3252,0.0965,0.3463,0.101,-0.0224,-0.1947,0.0506,0.0019,1.0273,0.0199,1.5291,0.000206,0.0005,0.0
26.165,FLIGHT,0.8639,1.4873,0.346,0.1031,0.3623,0.1103,-0.0222,-0.1947,0.0537,0.0021,1.0278,0.0109,1.5355,0.000209,0.0006,0.0
26.17,FLIGHT,0.8658,1.4879,0.3617,0.1124,0.3736,0.1217,-0.0219,-0.1947,0.0555,0.0028,1.0282,0.0029,1.5411,0.000212,0.0007,0.0
26.175,FLIGHT,0.8677,1.4885,0.3729,0.1238,0.3811,0.1348,-0.0216,-0.1947,0.0562,0.0037,1.0286,-0.0042,1.546,0.000216,0.0007,0.0
26.18,FLIGHT,0.8696,1.4892,0.3802,0.1368,0.3852,0.149,-0.0213,-0.1946,0.0559,0.0048,1.029,-0.0105,1.5503,0.00022,0.0007,0.0
26.185,FLIGHT,0.8715,1.49,0.3843,0.1509,0.3866,0.1639,-0.021,-0.1946,0.0547,0.0062,1.0294,-0.0159,1.5538,0.000223,0.0007,0.0
26.19,FLIGHT,0.8734,1.4909,0.3856,0.1657,0.3857,0.1791,-0.0208,-0.1946,0.053,0.0076,1.0297,-0.0206,1.5568,0.000227,0.0007,0.0
26.195,FLIGHT,0.8754,1.4918,0.3846,0.1808,0.3829,0.1943,-0.0205,-0.1945,0.0508,0.0091,1.03,-0.0245,1.5593,0.00023,0.0007,0.0
26.2,FLIGHT,0.8773,1.4928,0.3818,0.1958,0.3787,0.2092,-0.0203,-0.1945,0.0482,0.0107,1.0304,-0.0278,1.5613,0.000234,0.0006,0.0
26.205,FLIGHT,0.8791,1.4939,0.3777,0.2106,0.3734,0.2235,-0.0201,-0.1944,0.0454,0.0122,1.0307,-0.0305,1.5628,0.000237,0.0006,0.0
26.21,FLIGHT,0.881,1.495,0.3724,0.2247,0.3672,0.2371,-0.0199,-0.1943,0.0424,0.0137,1.0309,-0.0326,1.5641,0.000239,0.0005,0.0
26.215,FLIGHT,0.8828,1.4962,0.3663,0.2381,0.3606,0.2498,-0.0197,-0.1943,0.0394,0.0151,1.0312,-0.0343,1.565,0.000242,0.0005,0.0
26.22,FLIGHT,0.8846,1.4975,0.3597,0.2506,0.3536,0.2614,-0.0195,-0.1942,0.0364,0.0165,1.0314,-0.0356,1.5656,0.000244,0.0004,0.0
26.225,FLIGHT,0.8863,1.4989,0.3527,0.2621,0.3464,0.2719,-0.0193,-0.1941,0.0335,0.0177,1.0317,-0.0366,1.5661,0.000246,0.0003,0.0
26.23,FLIGHT,0.8881,1.5002,0.3456,0.2725,0.3392,0.2813,-0.0192,-0.194,0.0307,0.0189,1.0319,-0.0373,1.5664,0.000247,0.0003,0.0
26.235,FLIGHT,0.8897,1.5017,0.3385,0.2818,0.3321,0.2895,-0.0191,-0.1939,0.028,0.0199,1.0321,-0.0378,1.5665,0.000249,0.0002,0.0
26.24,FLIGHT,0.8914,1.5031,0.3314,0.2899,0.3252,0.2966,-0.0189,-0.1938,0.0255,0.0209,1.0322,-0.0381,1.5666,0.00025,0.0002,0.0
26.245,FLIGHT,0.893,1.5046,0.3246,0.2968,0.3185,0.3025,-0.0188,-0.1937,0.0233,0.0217,1.0324,-0.0382,1.5665,0.000251,0.0002,0.0
26.25,FLIGHT,0.8946,1.5062,0.3179,0.3025,0.3121,0.3072,-0.0187,-0.1935,0.0212,0.0224,1.0325,-0.0383,1.5665,0.000251,0.0001,0.0
26.255,FLIGHT,0.8961,1.5077,0.3116,0.3072,0.306,0.3109,-0.0186,-0.1934,0.0193,0.0229,1.0326,-0.0383,1.5664,0.000252,0.0001,0.0
26.26,FLIGHT,0.8976,1.5093,0.3055,0.3108,0.3002,0.3135,-0.0185,-0.1933,0.0176,0.0234,1.0327,-0.0382,1.5664,0.000252,0.0001,0.0
26.265,FLIGHT,0.8991,1.5108,0.2997,0.3133,0.2947,0.3152,-0.0185,-0.1932,0.0161,0.0238,1.0328,-0.0381,1.5663,0.000252,0.0,0.0
26.27,FLIGHT,0.9006,1.5124,0.2943,0.3149,0.2895,0.316,-0.0184,-0.1931,0.0148,0.0241,1.0329,-0.038,1.5663,0.000252,0.0,0.0
26.275,FLIGHT,0.902,1.514,0.2891,0.3156,0.2846,0.3159,-0.0183,-0.193,0.0137,0.0243,1.0329,-0.038,1.5663,0.000252,-0.0,0.0
26.28,FLIGHT,0.9034,1.5156,0.2842,0.3155,0.2799,0.3151,-0.0183,-0.1928,0.0127,0.0244,1.0329,-0.0379,1.5663,0.000252,-0.0,0.0
26.285,FLIGHT,0.9048,1.5171,0.2795,0.3147,0.2755,0.3136,-0.0182,-0.1927,0.0119,0.0244,1.0329,-0.0379,1.5664,0.000252,-0.0,0.0
26.29,FLIGHT,0.9062,1.5187,0.2751,0.3132,0.2712,0.3115,-0.0182,-0.1926,0.0112,0.0244,1.0329,-0.0379,1.5666,0.000252,-0.0001,0.0
26.295,FLIGHT,0.9075,1.5203,0.2709,0.3111,0.2672,0.3089,-0.0181,-0.1925,0.0107,0.0243,1.0328,-0.038,1.5668,0.000251,-0.0001,0.0
26.3,FLIGHT,0.9088,1.5218,0.2668,0.3084,0.2633,0.3058,-0.0181,-0.1923,0.0102,0.0241,1.0328,-0.0381,1.567,0.000251,-0.0001,0.0
26.305,FLIGHT,0.9102,1.5233,0.2629,0.3053,0.2595,0.3023,-0.018,-0.1922,0.0098,0.0239,1.0327,-0.0382,1.5673,0.000251,-0.0001,0.0
26.31,FLIGHT,0.9114,1.5248,0.2591,0.3017,0.2558,0.2984,-0.018,-0.1921,0.0096,0.0237,1.0326,-0.0384,1.5676,0.00025,-0.0001,0.0
26.315,FLIGHT,0.9127,1.5263,0.2554,0.2978,0.2521,0.2942,-0.0179,-0.192,0.0093,0.0234,1.0324,-0.0387,1.568,0.00025,-0.0001,0.0
26.32,FLIGHT,0.914,1.5278,0.2518,0.2936,0.2486,0.2898,-0.0179,-0.1919,0.0092,0.0231,1.0323,-0.039,1.5684,0.000249,-0.0001,0.0
26.325,FLIGHT,0.9152,1.5292,0.2482,0.2892,0.245,0.2851,-0.0178,-0.1918,0.0091,0.0227,1.0321,-0.0393,1.5688,0.000249,-0.0001,0.0
26.33,FLIGHT,0.9164,1.5306,0.2446,0.2845,0.2415,0.2803,-0.0178,-0.1917,0.009,0.0224,1.0319,-0.0396,1.5693,0.000248,-0.0001,0.0
26.335,FLIGHT,0.9176,1.532,0.2411,0.2797,0.2379,0.2753,-0.0177,-0.1915,0.0089,0.022,1.0317,-0.04,1.5698,0.000248,-0.0001,0.0
26.34,FLIGHT,0.9188,1.5334,0.2375,0.2747,0.2344,0.2703,-0.0177,-0.1914,0.0089,0.0216,1.0314,-0.0404,1.5703,0.000247,-0.0001,0.0
26.345,FLIGHT,0.92,1.5347,0.234,0.2697,0.2308,0.2651,-0.0176,-0.1913,0.0089,0.0212,1.0312,-0.0408,1.5708,0.000247,-0.0001,0.0
26.35,FLIGHT,0.9211,1.536,0.2304,0.2646,0.2272,0.2599,-0.0176,-0.1912,0.0088,0.0208,1.0309,-0.0413,1.5713,0.000246,-0.0001,0.0
26.355,FLIGHT,0.9222,1.5373,0.2268,0.2594,0.2236,0.2547,-0.0176,-0.1911,0.0088,0.0204,1.0306,-0.0417,1.5719,0.000246,-0.0001,0.0
26.36,FLIGHT,0.9233,1.5386,0.2232,0.2542,0.2199,0.2495,-0.0175,-0.191,0.0088,0.02,1.0303,-0.0422,1.5724,0.000245,-0.0001,0.0
26.365,FLIGHT,0.9244,1.5398,0.2195,0.2489,0.2162,0.2443,-0.0175,-0.1909,0.0088,0.0196,1.0299,-0.0427,1.573,0.000245,-0.0001,0.0
26.37,FLIGHT,0.9255,1.541,0.2158,0.2437,0.2125,0.239,-0.0174,-0.1908,0.0088,0.0192,1.0295,-0.0431,1.5735,0.000244,-0.0001,0.0
26.375,FLIGHT,0.9266,1.5422,0.2121,0.2385,0.2088,0.2339,-0.0174,-0.1907,0.0087,0.0188,1.0292,-0.0436,1.5741,0.000244,-0.0001,0.0
26.38,FLIGHT,0.9276,1.5433,0.2084,0.2333,0.205,0.2287,-0.0173,-0.1907,0.0087,0.0184,1.0288,-0.0441,1.5746,0.000243,-0.0001,0.0
26.385,FLIGHT,0.9286,1.5445,0.2046,0.2282,0.2012,0.2236,-0.0173,-0.1906,0.0086,0.018,1.0283,-0.0445,1.5751,0.000243,-0.0001,0.0
26.39,FLIGHT,0.9296,1.5456,0.2008,0.2231,0.1974,0.2186,-0.0173,-0.1905,0.0086,0.0175,1.0279,-0.045,1.5757,0.000242,-0.0001,0.0
26.395,FLIGHT,0.9306,1.5467,0.197,0.2181,0.1935,0.2136,-0.0172,-0.1904,0.0085,0.0172,1.0274,-0.0454,1.5762,0.000242,-0.0001,0.0
26.4,FLIGHT,0.9315,1.5477,0.1931,0.2131,0.1897,0.2086,-0.0172,-0.1903,0.0084,0.0168,1.0269,-0.0459,1.5767,0.000242,-0.0001,0.0
26.405,FLIGHT,0.9325,1.5487,0.1893,0.2081,0.1858,0.2038,-0.0171,-0.1902,0.0083,0.0164,1.0264,-0.0463,1.5772,0.000241,-0.0001,0.0
26.41,FLIGHT,0.9334,1.5498,0.1854,0.2033,0.182,0.1989,-0.0171,-0.1901,0.0082,0.016,1.0259,-0.0467,1.5777,0.000241,-0.0001,0.0
26.415,FLIGHT,0.9343,1.5507,0.1816,0.1985,0.1782,0.1942,-0.017,-0.1901,0.0081,0.0156,1.0254,-0.0471,1.5782,0.00024,-0.0001,0.0
26.42,FLIGHT,0.9352,1.5517,0.1778,0.1937,0.1743,0.1895,-0.017,-0.19,0.008,0.0152,1.0248,-0.0475,1.5786,0.00024,-0.0001,0.0
26.425,FLIGHT,0.936,1.5526,0.1739,0.1891,0.1705,0.1849,-0.017,-0.1899,0.0079,0.0149,1.0242,-0.0478,1.5791,0.000239,-0.0001,0.0
26.43,FLIGHT,0.9369,1.5535,0.1701,0.1845,0.1668,0.1804,-0.0169,-0.1899,0.0078,0.0145,1.0236,-0.0482,1.5795,0.000239,-0.0001,0.0
26.435,FLIGHT,0.9377,1.5544,0.1664,0.1799,0.163,0.1759,-0.0169,-0.1898,0.0076,0.0142,1.023,-0.0486,1.5799,0.000238,-0.0001,0.0
26.44,FLIGHT,0.9385,1.5553,0.1626,0.1754,0.1593,0.1715,-0.0169,-0.1897,0.0075,0.0138,1.0223,-0.0489,1.5803,0.000238,-0.0001,0.0
26.445,FLIGHT,0.9393,1.5562,0.1589,0.171,0.1556,0.1671,-0.0168,-0.1896,0.0074,0.0135,1.0217,-0.0492,1.5807,0.000238,-0.0001,0.0
26.45,FLIGHT,0.9401,1.557,0.1552,0.1667,0.152,0.1628,-0.0168,-0.1896,0.0073,0.0131,1.021,-0.0495,1.5811,0.000237,-0.0001,0.0
26.455,FLIGHT,0.9408,1.5578,0.1516,0.1624,0.1484,0.1586,-0.0167,-0.1895,0.0071,0.0128,1.0203,-0.0498,1.5815,0.000237,-0.0001,0.0
26.46,FLIGHT,0.9416,1.5586,0.148,0.1582,0.1448,0.1545,-0.0167,-0.1895,0.007,0.0125,1.0196,-0.0501,1.5819,0.000236,-0.0001,0.0
26.465,FLIGHT,0.9423,1.5593,0.1445,0.1541,0.1413,0.1504,-0.0167,-0.1894,0.0069,0.0121,1.0189,-0.0504,1.5822,0.000236,-0.0001,0.0
26.47,FLIGHT,0.943,1.5601,0.141,0.15,0.1379,0.1464,-0.0166,-0.1893,0.0067,0.0118,1.0181,-0.0507,1.5826,0.000236,-0.0001,0.0
26.475,FLIGHT,0.9436,1.5608,0.1376,0.1461,0.1345,0.1425,-0.0166,-0.1893,0.0066,0.0115,1.0173,-0.0509,1.5829,0.000235,-0.0001,0.0
26.48,FLIGHT,0.9443,1.5615,0.1342,0.1421,0.1312,0.1387,-0.0166,-0.1892,0.0065,0.0112,1.0166,-0.0512,1.5832,0.000235,-0.0001,0.0
26.485,FLIGHT,0.945,1.5622,0.1309,0.1383,0.1279,0.1349,-0.0165,-0.1892,0.0064,0.0109,1.0158,-0.0514,1.5836,0.000234,-0.0001,0.0
26.49,FLIGHT,0.9456,1.5628,0.1276,0.1345,0.1247,0.1311,-0.0165,-0.1891,0.0062,0.0106,1.0149,-0.0517,1.5839,0.000234,-0.0001,0.0
26.495,FLIGHT,0.9462,1.5635,0.1244,0.1308,0.1215,0.1275,-0.0165,-0.1891,0.0061,0.0103,1.0141,-0.0519,1.5842,0.000234,-0.0001,0.0
26.5,FLIGHT,0.9468,1.5641,0.1212,0.1272,0.1184,0.1239,-0.0165,-0.189,0.006,0.01,1.0132,-0.0521,1.5845,0.000233,-0.0001,0.0
26.505,FLIGHT,0.9474,1.5647,0.1181,0.1236,0.1154,0.1204,-0.0164,-0.189,0.0059,0.0097,1.0124,-0.0523,1.5847,0.000233,-0.0001,0.0
26.51,FLIGHT,0.948,1.5653,0.1151,0.1201,0.1124,0.117,-0.0164,-0.1889,0.0058,0.0094,1.0115,-0.0525,1.585,0.000233,-0.0001,0.0
26.515,FLIGHT,0.9485,1.5659,0.1121,0.1167,0.1095,0.1136,-0.0164,-0.1889,0.0057,0.0092,1.0106,-0.0527,1.5853,0.000232,-0.0001,0.0
26.52,FLIGHT,0.9491,1.5665,0.1092,0.1133,0.1066,0.1103,-0.0163,-0.1888,0.0056,0.0089,1.0097,-0.0529,1.5856,0.000232,-0.0001,0.0
26.525,FLIGHT,0.9496,1.567,0.1064,0.11,0.1038,0.1071,-0.0163,-0.1888,0.0055,0.0086,1.0087,-0.0531,1.5858,0.000232,-0.0001,0.0
26.53,FLIGHT,0.9501,1.5675,0.1036,0.1068,0.1011,0.104,-0.0163,-0.1888,0.0054,0.0084,1.0078,-0.0533,1.5861,0.000231,-0.0001,0.0
26.535,FLIGHT,0.9506,1.568,0.1008,0.1037,0.0984,0.1009,-0.0163,-0.1887,0.0052,0.0081,1.0068,-0.0535,1.5863,0.000231,-0.0001,0.0
26.54,FLIGHT,0.9511,1.5685,0.0982,0.1006,0.0958,0.0979,-0.0162,-0.1887,0.0051,0.0079,1.0058,-0.0537,1.5866,0.000231,-0.0001,0.0
26.545,FLIGHT,0.9515,1.569,0.0955,0.0976,0.0932,0.095,-0.0162,-0.1886,0.005,0.0077,1.0048,-0.0539,1.5868,0.000231,-0.0001,0.0
26.55,FLIGHT,0.952,1.5695,0.093,0.0947,0.0907,0.0921,-0.0162,-0.1886,0.0049,0.0074,1.0038,-0.054,1.587,0.00023,-0.0001,0.0
26.555,FLIGHT,0.9525,1.5699,0.0905,0.0919,0.0883,0.0893,-0.0162,-0.1886,0.0049,0.0072,1.0028,-0.0542,1.5873,0.00023,-0.0001,0.0
26.56,FLIGHT,0.9529,1.5704,0.088,0.0891,0.0859,0.0866,-0.0161,-0.1885,0.0048,0.007,1.0017,-0.0544,1.5875,0.00023,-0.0001,0.0
26.565,FLIGHT,0.9533,1.5708,0.0856,0.0864,0.0835,0.084,-0.0161,-0.1885,0.0047,0.0068,1.0007,-0.0545,1.5877,0.000229,-0.0001,0.0
26.57,STANCE,0.954,1.5714,0.1284,0.1184,0.3235,0.1819,-0.0161,-0.1884,0.0085,0.0091,0.9997,0.202,-0.2825,-0.000104,-0.2749,0.0551
26.575,STANCE,0.957,1.5714,0.4774,0.0076,0.8406,-0.2653,-0.0155,-0.1885,0.089,-0.0067,0.9988,-0.0254,-0.8804,-0.002076,-0.452,0.0925
26.58,STANCE,0.9611,1.5674,0.7036,-0.585,0.5979,-0.9215,-0.0142,-0.1889,0.2113,-0.0643,0.9977,-0.349,-1.2599,-0.003907,-0.2272,0.0493
26.585,STANCE,0.9623,1.5659,0.3619,-0.3452,0.0645,0.0495,-0.0138,-0.1891,0.1148,-0.0369,0.9976,-0.4835,-1.9026,-0.004332,0.0026,0.0043
26.59,STANCE,0.9629,1.5658,0.2077,-0.1319,0.2305,-0.1846,-0.0136,-0.1891,0.057,-0.015,0.9979,-0.6752,-2.4062,-0.004142,0.0624,0.0041
26.595,STANCE,0.9647,1.563,0.3143,-0.4885,0.3331,-1.2665,-0.0129,-0.1894,0.1253,-0.0489,0.9981,-0.948,-2.4704,-0.003708,0.1377,0.0037
26.6,STANCE,0.9677,1.5548,0.5554,-1.2953,0.9663,-1.861,-0.0112,-0.1902,0.2814,-0.1232,0.9982,-1.2418,-2.096,-0.003333,-0.0094,0.0052
26.605,STANCE,0.9735,1.5442,0.99,-1.8777,1.2865,-2.3979,-0.0087,-0.1912,0.4469,-0.1739,0.9982,-1.5495,-1.581,-0.00354,-0.0508,0.0137
26.61,STANCE,0.9795,1.5303,1.1362,-2.4953,1.3147,-2.8206,-0.0056,-0.1924,0.5652,-0.2193,0.9982,-1.6269,-0.8759,-0.003628,-0.0466,0.013
26.615,STANCE,0.9856,1.5154,1.1869,-2.8387,1.2062,-3.0115,-0.0024,-0.1937,0.6292,-0.2366,0.9982,-1.5234,-0.1893,-0.003756,-0.0296,0.0097
26.62,STANCE,0.991,1.5,1.0985,-3.0031,0.9204,-3.1406,0.0009,-0.1949,0.6416,-0.2376,0.9982,-1.2252,0.4355,-0.003785,0.021,0.0038
26.625,STANCE,0.9954,1.4849,0.9425,-3.0106,0.834,-2.913,0.0039,-0.1961,0.618,-0.2271,0.9983,-0.8108,0.9328,-0.003718,0.0094,0.0037
26.63,STANCE,0.9989,1.4704,0.7732,-2.9189,0.6566,-2.7779,0.0067,-0.1972,0.5764,-0.211,0.9985,-0.3986,1.2626,-0.00355,0.0338,0.0035
26.635,STANCE,1.0018,1.4568,0.6375,-2.7736,0.5389,-2.6306,0.0092,-0.1982,0.5325,-0.1928,0.9988,-0.1487,1.3898,-0.003293,0.0591,0.0033
26.64,FLIGHT,1.0039,1.4447,0.4641,-2.5069,0.1737,-2.0744,0.0114,-0.199,0.4619,-0.169,0.9991,-1.438,2.6813,-0.002933,0.0867,0.0029
26.645,FLIGHT,1.0033,1.4361,0.0348,-1.9245,-0.4069,-1.351,0.0126,-0.1996,0.2917,-0.1312,0.9996,-1.3426,2.5942,-0.002361,0.1394,0.0024
26.65,FLIGHT,1.0,1.431,-0.4662,-1.2823,-0.9074,-0.7199,0.0127,-0.2,0.0967,-0.0932,1.0003,-1.1866,2.4619,-0.001566,0.1759,0.0016
26.655,FLIGHT,0.9944,1.4288,-0.929,-0.6894,-1.3117,-0.1947,0.0119,-0.2002,-0.084,-0.0583,1.0011,-1.0122,2.3174,-0.000627,0.1974,0.0006
26.66,FLIGHT,0.987,1.4289,-1.3136,-0.1837,-1.6177,0.2269,0.0104,-0.2003,-0.236,-0.0265,1.0021,-0.8395,2.176,0.000354,0.1712,0.0
26.665,FLIGHT,0.9783,1.4309,-1.6082,0.2272,-1.8329,0.5531,0.0084,-0.2002,-0.3553,0.0027,1.0031,-0.6776,2.0446,0.001017,0.098,0.0
26.67,FLIGHT,0.9688,1.4343,-1.8182,0.5463,-1.9709,0.7931,0.006,-0.2,-0.4433,0.0291,1.0041,-0.5297,1.9254,0.001373,0.0481,0.0
26.675,FLIGHT,0.9587,1.4387,-1.9525,0.7818,-2.0417,0.9584,0.0033,-0.1998,-0.5031,0.0524,1.0052,-0.3973,1.8196,0.001527,0.0156,0.0
26.68,FLIGHT,0.9485,1.4437,-2.0207,0.9443,-2.0552,1.0602,0.0005,-0.1994,-0.5383,0.0721,1.0064,-0.281,1.7274,0.001549,-0.0048,0.001
26.685,FLIGHT,0.9383,1.4492,-2.0327,1.0444,-2.0211,1.1094,-0.0023,-0.199,-0.5529,0.0879,1.0075,-0.1806,1.6488,0.001492,-0.017,0.0034
26.69,FLIGHT,0.9283,1.4548,-1.9979,1.0928,-1.9486,1.1158,-0.005,-0.1985,-0.5505,0.0996,1.0086,-0.0955,1.583,0.001388,-0.0236,0.0047
26.695,FLIGHT,0.9188,1.4603,-1.9254,1.099,-1.846,1.0885,-0.0077,-0.1979,-0.5347,0.1072,1.0098,-0.0248,1.5293,0.001262,-0.0265,0.0053
26.7,FLIGHT,0.9099,1.4656,-1.8233,1.0722,-1.7209,1.0357,-0.0102,-0.1974,-0.5084,0.1108,1.0108,0.0328,1.4866,0.001127,-0.027,0.0054
26.705,FLIGHT,0.9017,1.4706,-1.699,1.0202,-1.5798,0.9645,-0.0125,-0.1969,-0.4746,0.1109,1.0119,0.0783,1.4538,0.000994,-0.026,0.0052
26.71,FLIGHT,0.8941,1.4752,-1.5591,0.95,-1.4286,0.8809,-0.0146,-0.1964,-0.4356,0.1078,1.0129,0.1131,1.4298,0.000869,-0.0242,0.0048
26.715,FLIGHT,0.8874,1.4794,-1.4093,0.8677,-1.2721,0.7901,-0.0165,-0.1959,-0.3934,0.1022,1.0139,0.1384,1.4134,0.000754,-0.0218,0.0044
26.72,FLIGHT,0.8814,1.4831,-1.2543,0.7783,-1.1145,0.6963,-0.0182,-0.1954,-0.3497,0.0946,1.0149,0.1556,1.4036,0.000651,-0.0192,0.0038
26.725,FLIGHT,0.8762,1.4864,-1.0983,0.686,-0.9591,0.6031,-0.0196,-0.195,-0.3059,0.0856,1.0158,0.1657,1.3992,0.000562,-0.0166,0.0033
26.73,FLIGHT,0.8718,1.4892,-0.9445,0.5943,-0.8087,0.5132,-0.0209,-0.1947,-0.2629,0.0758,1.0166,0.1699,1.3992,0.000485,-0.0141,0.0028
26.735,FLIGHT,0.8681,1.4915,-0.7957,0.5058,-0.6653,0.4286,-0.0219,-0.1944,-0.2216,0.0656,1.0174,0.1692,1.4029,0.000421,-0.0117,0.0023
26.74,FLIGHT,0.8651,1.4935,-0.6539,0.4226,-0.5306,0.3509,-0.0227,-0.1941,-0.1827,0.0554,1.0182,0.1645,1.4094,0.000368,-0.0096,0.0019
26.745,FLIGHT,0.8628,1.495,-0.5207,0.3461,-0.4056,0.281,-0.0234,-0.1939,-0.1465,0.0455,1.0189,0.1567,1.418,0.000324,-0.0077,0.0015
26.75,FLIGHT,0.8611,1.4963,-0.3971,0.2774,-0.291,0.2195,-0.0239,-0.1938,-0.1134,0.0363,1.0196,0.1465,1.4281,0.00029,-0.0061,0.0012
26.755,FLIGHT,0.8599,1.4972,-0.2839,0.217,-0.1872,0.1667,-0.0243,-0.1937,-0.0834,0.0279,1.0203,0.1346,1.4391,0.000262,-0.0048,0.001
26.76,FLIGHT,0.8592,1.498,-0.1814,0.1652,-0.0943,0.1226,-0.0245,-0.1936,-0.0567,0.0205,1.0209,0.1215,1.4507,0.000241,-0.0036,0.0007
26.765,FLIGHT,0.8589,1.4985,-0.0896,0.1219,-0.0121,0.0869,-0.0246,-0.1935,-0.0333,0.0141,1.0215,0.1077,1.4625,0.000226,-0.0027,0.0005
26.77,FLIGHT,0.859,1.4988,-0.0084,0.0869,0.0597,0.0592,-0.0246,-0.1935,-0.013,0.0087,1.022,0.0936,1.4742,0.000214,-0.0019,0.0004
26.775,FLIGHT,0.8595,1.4991,0.0626,0.0598,0.1217,0.0388,-0.0246,-0.1935,0.0043,0.0043,1.0225,0.0796,1.4855,0.000206,-0.0013,0.0003
26.78,FLIGHT,0.8602,1.4992,0.1239,0.0399,0.1745,0.0253,-0.0245,-0.1935,0.0187,0.0009,1.023,0.066,1.4962,0.000202,-0.0007,0.0001
26.785,FLIGHT,0.8612,1.4993,0.1759,0.0268,0.2187,0.0178,-0.0243,-0.1935,0.0305,-0.0017,1.0235,0.0529,1.5063,0.000199,-0.0003,0.0001
26.79,FLIGHT,0.8624,1.4994,0.2196,0.0196,0.255,0.0156,-0.0241,-0.1935,0.0399,-0.0034,1.0239,0.0406,1.5157,0.000198,0.0,0.0
26.795,FLIGHT,0.8638,1.4995,0.2554,0.0177,0.2843,0.0181,-0.0238,-0.1935,0.0471,-0.0044,1.0244,0.0291,1.5242,0.000199,0.0003,0.0
26.8,FLIGHT,0.8653,1.4996,0.2843,0.0203,0.3072,0.0245,-0.0235,-0.1936,0.0524,-0.0047,1.0248,0.0185,1.5319,0.000201,0.0005,0.0
26.805,FLIGHT,0.8668,1.4998,0.3069,0.0268,0.3246,0.0341,-0.0232,-0.1936,0.0559,-0.0046,1.0252,0.0089,1.5388,0.000204,0.0006,0.0
26.81,FLIGHT,0.8685,1.5,0.324,0.0364,0.337,0.0462,-0.023,-0.1936,0.0579,-0.0039,1.0255,0.0003,1.5448,0.000207,0.0007,0.0
26.815,FLIGHT,0.8702,1.5002,0.3363,0.0485,0.3453,0.0603,-0.0227,-0.1936,0.0587,-0.003,1.0259,-0.0073,1.55,0.00021,0.0007,0.0
26.82,FLIGHT,0.8719,1.5006,0.3444,0.0626,0.35,0.0758,-0.0224,-0.1936,0.0584,-0.0017,1.0262,-0.014,1.5545,0.000214,0.0008,0.0
26.825,FLIGHT,0.8737,1.501,0.349,0.078,0.3518,0.0922,-0.0221,-0.1936,0.0573,-0.0002,1.0265,-0.0198,1.5583,0.000218,0.0008,0.0
26.83,FLIGHT,0.8755,1.5015,0.3507,0.0942,0.3511,0.1091,-0.0218,-0.1936,0.0555,0.0014,1.0268,-0.0247,1.5614,0.000222,0.0007,0.0
26.835,FLIGHT,0.8772,1.5021,0.35,0.111,0.3485,0.1261,-0.0215,-0.1936,0.0531,0.003,1.0271,-0.0288,1.5639,0.000225,0.0007,0.0
26.84,FLIGHT,0.8789,1.5028,0.3474,0.1278,0.3443,0.1428,-0.0213,-0.1936,0.0503,0.0048,1.0274,-0.0322,1.5659,0.000229,0.0007,0.0
26.845,FLIGHT,0.8806,1.5035,0.3433,0.1444,0.339,0.159,-0.0211,-0.1935,0.0473,0.0065,1.0276,-0.035,1.5675,0.000232,0.0006,0.0
26.85,FLIGHT,0.8823,1.5043,0.338,0.1604,0.3329,0.1745,-0.0209,-0.1935,0.0441,0.0082,1.0278,-0.0372,1.5686,0.000235,0.0006,0.0
26.855,FLIGHT,0.884,1.5052,0.3319,0.1757,0.3262,0.189,-0.0207,-0.1934,0.0409,0.0098,1.028,-0.0389,1.5694,0.000237,0.0005,0.0
26.86,FLIGHT,0.8856,1.5062,0.3253,0.1901,0.3192,0.2026,-0.0205,-0.1934,0.0377,0.0114,1.0282,-0.0402,1.57,0.00024,0.0004,0.0
26.865,FLIGHT,0.8872,1.5073,0.3184,0.2035,0.3121,0.2149,-0.0203,-0.1933,0.0345,0.0128,1.0284,-0.0411,1.5703,0.000242,0.0004,0.0
26.87,FLIGHT,0.8887,1.5084,0.3113,0.2157,0.305,0.2261,-0.0202,-0.1932,0.0315,0.0141,1.0286,-0.0417,1.5704,0.000243,0.0003,0.0
26.875,FLIGHT,0.8902,1.5095,0.3043,0.2267,0.298,0.236,-0.02,-0.1931,0.0287,0.0154,1.0287,-0.042,1.5704,0.000245,0.0003,0.0
26.88,FLIGHT,0.8917,1.5107,0.2974,0.2365,0.2913,0.2447,-0.0199,-0.1931,0.026,0.0165,1.0289,-0.0422,1.5703,0.000246,0.0002,0.0
26.885,FLIGHT,0.8931,1.512,0.2907,0.245,0.2848,0.2522,-0.0198,-0.193,0.0236,0.0174,1.029,-0.0422,1.5701,0.000247,0.0002,0.0
26.89,FLIGHT,0.8945,1.5133,0.2843,0.2524,0.2787,0.2584,-0.0197,-0.1929,0.0213,0.0183,1.029,-0.0421,1.5698,0.000248,0.0001,0.0
26.895,FLIGHT,0.8959,1.5146,0.2782,0.2585,0.273,0.2635,-0.0196,-0.1928,0.0193,0.019,1.0291,-0.0419,1.5696,0.000248,0.0001,0.0
26.9,FLIGHT,0.8973,1.5159,0.2725,0.2635,0.2676,0.2675,-0.0195,-0.1927,0.0175,0.0196,1.0292,-0.0417,1.5693,0.000249,0.0001,0.0
26.905,FLIGHT,0.8986,1.5172,0.2672,0.2675,0.2625,0.2705,-0.0194,-0.1926,0.0159,0.0201,1.0292,-0.0414,1.5691,0.000249,0.0,0.0
26.91,FLIGHT,0.8999,1.5186,0.2622,0.2704,0.2578,0.2725,-0.0194,-0.1925,0.0146,0.0205,1.0292,-0.0412,1.5689,0.000249,0.0,0.0
26.915,FLIGHT,0.9012,1.52,0.2575,0.2723,0.2535,0.2737,-0.0193,-0.1924,0.0134,0.0208,1.0292,-0.041,1.5688,0.000249,0.0,0.0
26.92,FLIGHT,0.9024,1.5213,0.2532,0.2734,0.2494,0.274,-0.0192,-0.1923,0.0124,0.021,1.0292,-0.0408,1.5687,0.000249,-0.0,0.0
26.925,FLIGHT,0.9037,1.5227,0.2491,0.2737,0.2456,0.2736,-0.0192,-0.1922,0.0115,0.0211,1.0291,-0.0406,1.5686,0.000249,-0.0,0.0
26.93,FLIGHT,0.9049,1.5241,0.2453,0.2732,0.242,0.2725,-0.0191,-0.1921,0.0108,0.0212,1.029,-0.0405,1.5686,0.000249,-0.0,0.0
26.935,FLIGHT,0.9061,1.5254,0.2417,0.2721,0.2386,0.2709,-0.0191,-0.192,0.0103,0.0211,1.0289,-0.0405,1.5687,0.000249,-0.0001,0.0
26.94,FLIGHT,0.9073,1.5268,0.2383,0.2705,0.2354,0.2687,-0.019,-0.1918,0.0098,0.0211,1.0288,-0.0405,1.5688,0.000249,-0.0001,0.0
26.945,FLIGHT,0.9084,1.5281,0.2351,0.2683,0.2323,0.2661,-0.019,-0.1917,0.0095,0.0209,1.0287,-0.0405,1.569,0.000248,-0.0001,0.0
26.95,FLIGHT,0.9096,1.5294,0.232,0.2657,0.2293,0.2632,-0.0189,-0.1916,0.0092,0.0208,1.0285,-0.0406,1.5692,0.000248,-0.0001,0.0
26.955,FLIGHT,0.9107,1.5307,0.2291,0.2627,0.2264,0.2599,-0.0189,-0.1915,0.009,0.0206,1.0284,-0.0408,1.5694,0.000248,-0.0001,0.0
26.96,FLIGHT,0.9119,1.532,0.2261,0.2594,0.2236,0.2563,-0.0188,-0.1914,0.0089,0.0203,1.0282,-0.041,1.5698,0.000247,-0.0001,0.0
26.965,FLIGHT,0.913,1.5333,0.2233,0.2558,0.2207,0.2525,-0.0188,-0.1913,0.0088,0.02,1.0279,-0.0412,1.5701,0.000247,-0.0001,0.0
26.97,FLIGHT,0.9141,1.5346,0.2204,0.252,0.2179,0.2485,-0.0188,-0.1912,0.0087,0.0197,1.0277,-0.0415,1.5705,0.000246,-0.0001,0.0
26.975,FLIGHT,0.9151,1.5358,0.2176,0.248,0.2151,0.2443,-0.0187,-0.1911,0.0087,0.0194,1.0274,-0.0419,1.5709,0.000246,-0.0001,0.0
26.98,FLIGHT,0.9162,1.537,0.2148,0.2438,0.2122,0.24,-0.0187,-0.191,0.0087,0.0191,1.0272,-0.0422,1.5713,0.000246,-0.0001,0.0
26.985,FLIGHT,0.9173,1.5382,0.2119,0.2395,0.2094,0.2357,-0.0186,-0.191,0.0087,0.0188,1.0269,-0.0426,1.5718,0.000245,-0.0001,0.0
26.99,FLIGHT,0.9183,1.5394,0.209,0.2352,0.2064,0.2313,-0.0186,-0.1909,0.0087,0.0184,1.0265,-0.043,1.5723,0.000245,-0.0001,0.0
26.995,FLIGHT,0.9193,1.5405,0.2061,0.2308,0.2035,0.2268,-0.0185,-0.1908,0.0087,0.0181,1.0262,-0.0434,1.5728,0.000244,-0.0001,0.0
27.0,FLIGHT,0.9203,1.5416,0.2032,0.2263,0.2005,0.2223,-0.0185,-0.1907,0.0087,0.0177,1.0258,-0.0438,1.5733,0.000244,-0.0001,0.0
27.005,FLIGHT,0.9213,1.5427,0.2001,0.2219,0.1974,0.2178,-0.0184,-0.1906,0.0087,0.0174,1.0255,-0.0442,1.5738,0.000243,-0.0001,0.0
27.01,FLIGHT,0.9223,1.5438,0.1971,0.2174,0.1943,0.2134,-0.0184,-0.1905,0.0087,0.017,1.0251,-0.0447,1.5743,0.000243,-0.0001,0.0
27.015,FLIGHT,0.9233,1.5449,0.194,0.2129,0.1912,0.2089,-0.0184,-0.1904,0.0087,0.0167,1.0246,-0.0451,1.5748,0.000243,-0.0001,0.0
27.02,FLIGHT,0.9242,1.5459,0.1908,0.2085,0.188,0.2045,-0.0183,-0.1904,0.0087,0.0163,1.0242,-0.0456,1.5753,0.000242,-0.0001,0.0
27.025,FLIGHT,0.9252,1.5469,0.1876,0.204,0.1848,0.2001,-0.0183,-0.1903,0.0087,0.0159,1.0237,-0.046,1.5758,0.000242,-0.0001,0.0
27.03,FLIGHT,0.9261,1.5479,0.1844,0.1997,0.1815,0.1957,-0.0182,-0.1902,0.0086,0.0156,1.0233,-0.0464,1.5762,0.000242,-0.0001,0.0
27.035,FLIGHT,0.927,1.5489,0.1811,0.1953,0.1782,0.1914,-0.0182,-0.1901,0.0086,0.0153,1.0228,-0.0468,1.5767,0.000241,-0.0001,0.0
27.04,FLIGHT,0.9279,1.5498,0.1778,0.191,0.1749,0.1872,-0.0181,-0.19,0.0085,0.0149,1.0222,-0.0472,1.5772,0.000241,-0.0001,0.0
27.045,FLIGHT,0.9287,1.5507,0.1745,0.1868,0.1715,0.183,-0.0181,-0.19,0.0084,0.0146,1.0217,-0.0476,1.5776,0.00024,-0.0001,0.0
27.05,FLIGHT,0.9296,1.5516,0.1712,0.1826,0.1682,0.1788,-0.0181,-0.1899,0.0083,0.0142,1.0211,-0.048,1.5781,0.00024,-0.0001,0.0
27.055,FLIGHT,0.9304,1.5525,0.1678,0.1784,0.1648,0.1747,-0.018,-0.1898,0.0082,0.0139,1.0206,-0.0484,1.5785,0.00024,-0.0001,0.0
27.06,FLIGHT,0.9312,1.5534,0.1645,0.1743,0.1615,0.1707,-0.018,-0.1898,0.0081,0.0136,1.02,-0.0488,1.579,0.000239,-0.0001,0.0
27.065,FLIGHT,0.932,1.5542,0.1611,0.1703,0.1581,0.1667,-0.0179,-0.1897,0.008,0.0133,1.0194,-0.0491,1.5794,0.000239,-0.0001,0.0
27.07,FLIGHT,0.9328,1.555,0.1578,0.1663,0.1548,0.1627,-0.0179,-0.1896,0.0079,0.013,1.0187,-0.0495,1.5798,0.000239,-0.0001,0.0
27.075,FLIGHT,0.9336,1.5558,0.1544,0.1623,0.1515,0.1588,-0.0179,-0.1896,0.0078,0.0127,1.0181,-0.0498,1.5802,0.000238,-0.0001,0.0
27.08,FLIGHT,0.9343,1.5566,0.1511,0.1585,0.1482,0.155,-0.0178,-0.1895,0.0077,0.0124,1.0174,-0.0501,1.5806,0.000238,-0.0001,0.0
27.085,FLIGHT,0.935,1.5574,0.1478,0.1546,0.1449,0.1512,-0.0178,-0.1895,0.0075,0.0121,1.0167,-0.0504,1.5809,0.000238,-0.0001,0.0
27.09,FLIGHT,0.9358,1.5581,0.1446,0.1509,0.1416,0.1475,-0.0177,-0.1894,0.0074,0.0118,1.016,-0.0507,1.5813,0.000237,-0.0001,0.0
27.095,FLIGHT,0.9365,1.5589,0.1413,0.1471,0.1384,0.1438,-0.0177,-0.1893,0.0073,0.0115,1.0153,-0.051,1.5816,0.000237,-0.0001,0.0
27.1,FLIGHT,0.9372,1.5596,0.1381,0.1435,0.1353,0.1402,-0.0177,-0.1893,0.0071,0.0112,1.0146,-0.0513,1.582,0.000237,-0.0001,0.0
27.105,FLIGHT,0.9378,1.5603,0.1349,0.1399,0.1321,0.1367,-0.0176,-0.1892,0.007,0.0109,1.0138,-0.0515,1.5823,0.000236,-0.0001,0.0
27.11,FLIGHT,0.9385,1.561,0.1318,0.1363,0.129,0.1332,-0.0176,-0.1892,0.0069,0.0106,1.013,-0.0518,1.5826,0.000236,-0.0001,0.0
27.115,FLIGHT,0.9391,1.5616,0.1287,0.1328,0.126,0.1297,-0.0176,-0.1891,0.0068,0.0104,1.0122,-0.052,1.5829,0.000236,-0.0001,0.0
27.12,FLIGHT,0.9397,1.5622,0.1257,0.1294,0.123,0.1264,-0.0175,-0.1891,0.0066,0.0101,1.0114,-0.0523,1.5832,0.000235,-0.0001,0.0
27.125,FLIGHT,0.9403,1.5629,0.1227,0.126,0.12,0.123,-0.0175,-0.189,0.0065,0.0098,1.0106,-0.0525,1.5835,0.000235,-0.0001,0.0
27.13,FLIGHT,0.9409,1.5635,0.1197,0.1227,0.1171,0.1198,-0.0175,-0.189,0.0064,0.0096,1.0098,-0.0527,1.5838,0.000235,-0.0001,0.0
27.135,FLIGHT,0.9415,1.5641,0.1168,0.1195,0.1143,0.1166,-0.0174,-0.1889,0.0063,0.0093,1.0089,-0.053,1.5841,0.000234,-0.0001,0.0
27.14,FLIGHT,0.9421,1.5646,0.114,0.1163,0.1114,0.1134,-0.0174,-0.1889,0.0061,0.0091,1.008,-0.0532,1.5844,0.000234,-0.0001,0.0
27.145,FLIGHT,0.9426,1.5652,0.1112,0.1131,0.1087,0.1103,-0.0174,-0.1888,0.006,0.0088,1.0071,-0.0534,1.5846,0.000234,-0.0001,0.0
27.15,FLIGHT,0.9432,1.5657,0.1084,0.11,0.106,0.1073,-0.0174,-0.1888,0.0059,0.0086,1.0062,-0.0536,1.5849,0.000233,-0.0001,0.0
27.155,FLIGHT,0.9437,1.5663,0.1057,0.107,0.1033,0.1043,-0.0173,-0.1888,0.0058,0.0083,1.0053,-0.0538,1.5851,0.000233,-0.0001,0.0
27.16,FLIGHT,0.9442,1.5668,0.1031,0.104,0.1007,0.1014,-0.0173,-0.1887,0.0057,0.0081,1.0044,-0.0539,1.5854,0.000233,-0.0001,0.0
27.165,FLIGHT,0.9447,1.5673,0.1005,0.1011,0.0982,0.0985,-0.0173,-0.1887,0.0056,0.0079,1.0034,-0.0541,1.5856,0.000233,-0.0001,0.0
27.17,FLIGHT,0.9452,1.5678,0.0979,0.0983,0.0957,0.0958,-0.0172,-0.1886,0.0055,0.0077,1.0024,-0.0543,1.5859,0.000232,-0.0001,0.0
27.175,FLIGHT,0.9456,1.5682,0.0954,0.0955,0.0932,0.093,-0.0172,-0.1886,0.0054,0.0074,1.0014,-0.0545,1.5861,0.000232,-0.0001,0.0
27.18,FLIGHT,0.9461,1.5687,0.093,0.0928,0.0908,0.0904,-0.0172,-0.1886,0.0053,0.0072,1.0004,-0.0546,1.5863,0.000232,-0.0001,0.0
27.185,STANCE,0.9472,1.5695,0.1978,0.1443,0.4468,0.1262,-0.0171,-0.1885,0.0182,0.0103,0.9995,0.1936,-0.4149,-0.000568,-0.3426,0.0691
27.19,STANCE,0.9505,1.5688,0.5416,-0.0886,0.8107,-0.5428,-0.0164,-0.1886,0.1139,-0.0172,0.9986,-0.0561,-0.9751,-0.00253,-0.3782,0.0782
27.195,STANCE,0.955,1.5643,0.7874,-0.6466,0.708,-0.7462,-0.0149,-0.1891,0.2354,-0.0721,0.9977,-0.4007,-1.3583,-0.004234,-0.2423,0.0527
27.2,STANCE,0.9566,1.5628,0.4369,-0.3663,0.1266,-0.0283,-0.0144,-0.1893,0.1318,-0.0403,0.9977,-0.5312,-1.9961,-0.004678,0.007,0.0047
27.205,STANCE,0.9574,1.5624,0.2621,-0.1922,0.2595,-0.2465,-0.0142,-0.1893,0.0754,-0.0215,0.9979,-0.7074,-2.4491,-0.004426,0.0809,0.0044
27.21,STANCE,0.9592,1.5592,0.3237,-0.5594,0.2955,-1.3753,-0.0135,-0.1897,0.1367,-0.0559,0.9981,-0.9476,-2.4684,-0.003879,0.1647,0.0039
27.215,STANCE,0.9623,1.5509,0.5834,-1.3306,1.0002,-1.8804,-0.0117,-0.1905,0.2915,-0.1273,0.9981,-1.2314,-2.0666,-0.00354,-0.0234,0.0082
27.22,STANCE,0.9683,1.5401,1.0041,-1.9186,1.1967,-2.5494,-0.0091,-0.1915,0.4553,-0.1784,0.9981,-1.5124,-1.5122,-0.003804,-0.036,0.011
27.225,STANCE,0.9743,1.5262,1.1586,-2.5116,1.317,-2.8458,-0.006,-0.1927,0.572,-0.2217,0.9981,-1.5702,-0.7898,-0.003965,-0.059,0.0158
27.23,STANCE,0.9802,1.5109,1.1733,-2.8806,1.1324,-3.1089,-0.0028,-0.194,0.6327,-0.2409,0.998,-1.4308,-0.0778,-0.004109,-0.0227,0.0087
27.235,STANCE,0.9855,1.4954,1.0844,-3.0319,0.9577,-3.1005,0.0005,-0.1953,0.6432,-0.2407,0.998,-1.1194,0.5425,-0.004188,-0.0036,0.0049
27.24,STANCE,0.9899,1.4802,0.9331,-3.0265,0.7976,-2.9559,0.0035,-0.1965,0.6186,-0.2291,0.9981,-0.7088,1.0215,-0.00417,0.0092,0.0042
27.245,STANCE,0.9934,1.4658,0.7723,-2.9239,0.6246,-2.8193,0.0063,-0.1976,0.577,-0.212,0.9983,-0.3242,1.3205,-0.004049,0.0402,0.004
27.25,FLIGHT,0.9964,1.4522,0.6469,-2.7695,0.553,-2.6236,0.0088,-0.1985,0.5338,-0.193,0.9985,-1.3736,2.6406,-0.003831,0.0541,0.0038
27.255,FLIGHT,0.9981,1.4404,0.4141,-2.4481,0.0656,-1.9922,0.0109,-0.1993,0.4432,-0.1663,0.9988,-1.3773,2.6322,-0.003434,0.1086,0.0034
27.26,FLIGHT,0.9972,1.4323,-0.0265,-1.844,-0.4552,-1.2663,0.0119,-0.1999,0.2673,-0.127,0.9993,-1.2736,2.5387,-0.002847,0.1346,0.0028
27.265,FLIGHT,0.9937,1.4276,-0.5061,-1.2113,-0.9241,-0.666,0.0119,-0.2003,0.0778,-0.089,1.0,-1.118,2.407,-0.002077,0.1707,0.0021
27.27,FLIGHT,0.9881,1.4255,-0.9415,-0.6413,-1.2991,-0.169,0.0111,-0.2005,-0.0941,-0.0547,1.0008,-0.9491,2.2672,-0.001164,0.1922,0.0012
27.275,FLIGHT,0.9808,1.4257,-1.2994,-0.1605,-1.582,0.2279,0.0096,-0.2006,-0.237,-0.0238,1.0017,-0.7831,2.1317,-0.000176,0.2016,0.0002
27.28,FLIGHT,0.9724,1.4276,-1.5713,0.2275,-1.7765,0.5348,0.0076,-0.2005,-0.3483,0.0043,1.0027,-0.6288,2.0068,0.000684,0.1324,0.0
27.285,FLIGHT,0.9632,1.4309,-1.7612,0.528,-1.8974,0.7603,0.0053,-0.2003,-0.4296,0.0294,1.0037,-0.4888,1.8943,0.001183,0.0713,0.0
27.29,FLIGHT,0.9535,1.4351,-1.8791,0.7494,-1.9555,0.9152,0.0028,-0.2,-0.4842,0.0514,1.0048,-0.3639,1.7947,0.001432,0.0309,0.0
27.295,FLIGHT,0.9437,1.44,-1.935,0.9018,-1.9602,1.0105,0.0001,-0.1997,-0.5157,0.0698,1.0059,-0.2544,1.7083,0.001516,0.0049,0.0
27.3,FLIGHT,0.934,1.4451,-1.9384,0.9956,-1.9207,1.0562,-0.0026,-0.1993,-0.5278,0.0843,1.007,-0.1601,1.6348,0.001497,-0.0111,0.0022
27.305,FLIGHT,0.9246,1.4505,-1.8984,1.0406,-1.8456,1.062,-0.0052,-0.1988,-0.5241,0.095,1.0081,-0.0803,1.5734,0.001416,-0.0202,0.004
27.31,FLIGHT,0.9156,1.4557,-1.8234,1.0463,-1.7428,1.0363,-0.0077,-0.1983,-0.5079,0.1018,1.0091,-0.0141,1.5235,0.001302,-0.0248,0.005
27.315,FLIGHT,0.9072,1.4608,-1.7211,1.021,-1.6194,0.9868,-0.0101,-0.1978,-0.482,0.1049,1.0102,0.0395,1.4839,0.001173,-0.0264,0.0053
27.32,FLIGHT,0.8994,1.4656,-1.5985,0.9723,-1.4815,0.9202,-0.0123,-0.1973,-0.4492,0.1046,1.0112,0.0818,1.4537,0.001041,-0.0261,0.0052
27.325,FLIGHT,0.8924,1.47,-1.4617,0.9068,-1.3346,0.8422,-0.0143,-0.1968,-0.4115,0.1016,1.0122,0.1139,1.4317,0.000914,-0.0247,0.0049
27.33,FLIGHT,0.8861,1.474,-1.3161,0.83,-1.1832,0.7577,-0.016,-0.1964,-0.371,0.0962,1.0131,0.1372,1.4168,0.000796,-0.0225,0.0045
27.335,FLIGHT,0.8806,1.4775,-1.1663,0.7467,-1.0313,0.6705,-0.0176,-0.1959,-0.3292,0.089,1.014,0.1527,1.408,0.000689,-0.0201,0.004
27.34,FLIGHT,0.8758,1.4807,-1.0159,0.661,-0.8819,0.584,-0.019,-0.1956,-0.2873,0.0805,1.0149,0.1616,1.4043,0.000595,-0.0175,0.0035
27.345,FLIGHT,0.8717,1.4834,-0.8681,0.5759,-0.7377,0.5007,-0.0201,-0.1952,-0.2463,0.0714,1.0157,0.165,1.4049,0.000515,-0.0149,0.003
27.35,FLIGHT,0.8684,1.4857,-0.7254,0.4939,-0.6005,0.4226,-0.0211,-0.195,-0.2071,0.0619,1.0165,0.1637,1.4087,0.000446,-0.0125,0.0025
27.355,FLIGHT,0.8657,1.4876,-0.5897,0.417,-0.4717,0.3509,-0.0219,-0.1947,-0.1701,0.0525,1.0172,0.1588,1.4151,0.000389,-0.0103,0.0021
27.36,FLIGHT,0.8637,1.4892,-0.4624,0.3465,-0.3525,0.2866,-0.0225,-0.1945,-0.1357,0.0435,1.0179,0.151,1.4235,0.000343,-0.0083,0.0017
27.365,FLIGHT,0.8622,1.4905,-0.3445,0.2834,-0.2434,0.2302,-0.0229,-0.1944,-0.1043,0.035,1.0186,0.1409,1.4333,0.000306,-0.0066,0.0013
27.37,FLIGHT,0.8612,1.4915,-0.2366,0.228,-0.1446,0.182,-0.0233,-0.1942,-0.076,0.0274,1.0192,0.1292,1.4439,0.000276,-0.0052,0.001
27.375,FLIGHT,0.8607,1.4923,-0.1391,0.1807,-0.0564,0.1419,-0.0235,-0.1941,-0.0508,0.0207,1.0198,0.1165,1.4551,0.000254,-0.004,0.0008
27.38,FLIGHT,0.8606,1.493,-0.0519,0.1414,0.0216,0.1097,-0.0236,-0.1941,-0.0287,0.0148,1.0203,0.1032,1.4663,0.000236,-0.003,0.0006
27.385,FLIGHT,0.8609,1.4934,0.0252,0.1098,0.0897,0.0849,-0.0236,-0.194,-0.0096,0.01,1.0208,0.0897,1.4774,0.000224,-0.0021,0.0004
27.39,FLIGHT,0.8615,1.4938,0.0924,0.0855,0.1484,0.0669,-0.0235,-0.194,0.0067,0.0061,1.0213,0.0763,1.4882,0.000215,-0.0014,0.0003
27.395,FLIGHT,0.8624,1.4941,0.1504,0.0681,0.1983,0.0553,-0.0234,-0.194,0.0202,0.003,1.0218,0.0632,1.4985,0.000209,-0.0009,0.0002
27.4,FLIGHT,0.8635,1.4944,0.1996,0.0568,0.2399,0.0493,-0.0232,-0.194,0.0312,0.0008,1.0222,0.0507,1.5081,0.000206,-0.0004,0.0001
27.405,FLIGHT,0.8648,1.4946,0.2407,0.0511,0.2742,0.0482,-0.023,-0.194,0.04,-0.0006,1.0227,0.0389,1.517,0.000204,-0.0001,0.0
27.41,FLIGHT,0.8662,1.4949,0.2745,0.0502,0.3016,0.0514,-0.0227,-0.194,0.0466,-0.0014,1.0231,0.028,1.5251,0.000204,0.0002,0.0
27.415,FLIGHT,0.8678,1.4951,0.3016,0.0535,0.3231,0.0581,-0.0225,-0.194,0.0515,-0.0017,1.0234,0.0179,1.5324,0.000206,0.0004,0.0
27.42,FLIGHT,0.8694,1.4955,0.3227,0.0603,0.3392,0.0677,-0.0222,-0.194,0.0547,-0.0014,1.0238,0.0088,1.5389,0.000208,0.0005,0.0
27.425,FLIGHT,0.8712,1.4958,0.3386,0.0699,0.3507,0.0797,-0.0219,-0.1941,0.0565,-0.0007,1.0241,0.0006,1.5446,0.000211,0.0006,0.0
27.43,FLIGHT,0.8729,1.4963,0.35,0.0819,0.3583,0.0934,-0.0216,-0.194,0.0571,0.0002,1.0245,-0.0067,1.5496,0.000214,0.0007,0.0
27.435,FLIGHT,0.8747,1.4968,0.3574,0.0955,0.3625,0.1083,-0.0213,-0.194,0.0567,0.0015,1.0248,-0.0131,1.5538,0.000217,0.0007,0.0
27.44,FLIGHT,0.8766,1.4973,0.3615,0.1103,0.3638,0.124,-0.021,-0.194,0.0555,0.0029,1.0251,-0.0186,1.5574,0.000221,0.0007,0.0
27.445,FLIGHT,0.8784,1.498,0.3628,0.1259,0.3629,0.1401,-0.0208,-0.194,0.0537,0.0044,1.0253,-0.0232,1.5604,0.000224,0.0007,0.0
27.45,FLIGHT,0.8802,1.4987,0.3618,0.1418,0.3601,0.1561,-0.0205,-0.194,0.0513,0.006,1.0256,-0.0272,1.5628,0.000228,0.0007,0.0
27.455,FLIGHT,0.882,1.4996,0.359,0.1577,0.3558,0.1719,-0.0203,-0.1939,0.0487,0.0076,1.0258,-0.0305,1.5648,0.000231,0.0006,0.0
27.46,FLIGHT,0.8837,1.5005,0.3548,0.1733,0.3505,0.1871,-0.0201,-0.1939,0.0457,0.0092,1.0261,-0.0331,1.5663,0.000234,0.0006,0.0
27.465,FLIGHT,0.8855,1.5014,0.3495,0.1884,0.3443,0.2016,-0.0199,-0.1938,0.0427,0.0108,1.0263,-0.0353,1.5674,0.000237,0.0005,0.0
27.47,FLIGHT,0.8872,1.5025,0.3434,0.2027,0.3377,0.2151,-0.0197,-0.1938,0.0396,0.0123,1.0265,-0.0369,1.5682,0.000239,0.0005,0.0
27.475,FLIGHT,0.8888,1.5036,0.3368,0.2161,0.3307,0.2276,-0.0195,-0.1937,0.0365,0.0138,1.0266,-0.0382,1.5688,0.000241,0.0004,0.0
27.48,FLIGHT,0.8905,1.5047,0.3299,0.2284,0.3236,0.239,-0.0193,-0.1936,0.0334,0.0151,1.0268,-0.0391,1.5692,0.000243,0.0004,0.0
27.485,FLIGHT,0.8921,1.506,0.3229,0.2397,0.3165,0.2492,-0.0192,-0.1935,0.0305,0.0163,1.0269,-0.0397,1.5693,0.000245,0.0003,0.0
27.49,FLIGHT,0.8936,1.5072,0.3158,0.2497,0.3096,0.2582,-0.019,-0.1934,0.0278,0.0174,1.027,-0.0401,1.5694,0.000246,0.0003,0.0
27.495,FLIGHT,0.8952,1.5085,0.3089,0.2586,0.3028,0.266,-0.0189,-0.1933,0.0253,0.0184,1.0271,-0.0403,1.5693,0.000247,0.0002,0.0
27.5,FLIGHT,0.8967,1.5099,0.3022,0.2663,0.2964,0.2726,-0.0188,-0.1932,0.0229,0.0193,1.0272,-0.0404,1.5692,0.000248,0.0002,0.0
27.505,FLIGHT,0.8981,1.5113,0.2958,0.2728,0.2902,0.2781,-0.0187,-0.1931,0.0208,0.0201,1.0273,-0.0403,1.5691,0.000249,0.0001,0.0
27.51,FLIGHT,0.8996,1.5127,0.2897,0.2782,0.2843,0.2825,-0.0186,-0.193,0.0188,0.0207,1.0273,-0.0402,1.5689,0.000249,0.0001,0.0
27.515,FLIGHT,0.901,1.5141,0.2839,0.2824,0.2788,0.2858,-0.0185,-0.1929,0.0171,0.0212,1.0274,-0.0401,1.5687,0.00025,0.0001,0.0
27.52,FLIGHT,0.9024,1.5155,0.2784,0.2856,0.2736,0.2881,-0.0185,-0.1928,0.0156,0.0217,1.0274,-0.0399,1.5686,0.00025,0.0,0.0
27.525,FLIGHT,0.9037,1.517,0.2732,0.2879,0.2688,0.2895,-0.0184,-0.1927,0.0143,0.022,1.0274,-0.0397,1.5685,0.00025,0.0,0.0
27.53,FLIGHT,0.9051,1.5184,0.2684,0.2892,0.2642,0.29,-0.0183,-0.1926,0.0131,0.0222,1.0273,-0.0396,1.5684,0.00025,-0.0,0.0
27.535,FLIGHT,0.9064,1.5199,0.2638,0.2897,0.2599,0.2898,-0.0183,-0.1925,0.0122,0.0224,1.0273,-0.0395,1.5684,0.00025,-0.0,0.0
27.54,FLIGHT,0.9077,1.5213,0.2595,0.2894,0.2558,0.2889,-0.0182,-0.1924,0.0114,0.0224,1.0272,-0.0394,1.5684,0.00025,-0.0,0.0
27.545,FLIGHT,0.9089,1.5228,0.2555,0.2885,0.252,0.2873,-0.0182,-0.1923,0.0107,0.0224,1.0271,-0.0393,1.5684,0.00025,-0.0001,0.0
27.55,FLIGHT,0.9102,1.5242,0.2517,0.2869,0.2483,0.2852,-0.0181,-0.1921,0.0101,0.0224,1.027,-0.0394,1.5686,0.000249,-0.0001,0.0
27.555,FLIGHT,0.9114,1.5256,0.248,0.2848,0.2448,0.2826,-0.0181,-0.192,0.0097,0.0223,1.0268,-0.0394,1.5687,0.000249,-0.0001,0.0
27.56,FLIGHT,0.9126,1.527,0.2445,0.2822,0.2414,0.2796,-0.018,-0.1919,0.0093,0.0221,1.0267,-0.0395,1.569,0.000249,-0.0001,0.0
27.565,FLIGHT,0.9138,1.5284,0.2411,0.2791,0.2381,0.2762,-0.018,-0.1918,0.0091,0.0219,1.0265,-0.0397,1.5692,0.000248,-0.0001,0.0
27.57,FLIGHT,0.915,1.5298,0.2378,0.2757,0.2349,0.2726,-0.0179,-0.1917,0.0089,0.0217,1.0263,-0.0399,1.5695,0.000248,-0.0001,0.0
27.575,FLIGHT,0.9162,1.5311,0.2346,0.272,0.2317,0.2686,-0.0179,-0.1916,0.0087,0.0214,1.0261,-0.0401,1.5699,0.000247,-0.0001,0.0
27.58,FLIGHT,0.9173,1.5325,0.2314,0.2681,0.2286,0.2644,-0.0179,-0.1915,0.0086,0.0211,1.0259,-0.0404,1.5703,0.000247,-0.0001,0.0
27.585,FLIGHT,0.9185,1.5338,0.2282,0.2639,0.2254,0.2601,-0.0178,-0.1914,0.0086,0.0208,1.0256,-0.0407,1.5707,0.000246,-0.0001,0.0
27.59,FLIGHT,0.9196,1.5351,0.2251,0.2596,0.2223,0.2556,-0.0178,-0.1913,0.0085,0.0204,1.0253,-0.0411,1.5711,0.000246,-0.0001,0.0
27.595,FLIGHT,0.9207,1.5363,0.2219,0.2551,0.2191,0.251,-0.0177,-0.1912,0.0085,0.0201,1.025,-0.0414,1.5716,0.000246,-0.0001,0.0
27.6,FLIGHT,0.9218,1.5376,0.2188,0.2505,0.2159,0.2463,-0.0177,-0.1911,0.0085,0.0197,1.0247,-0.0418,1.5721,0.000245,-0.0001,0.0
27.605,FLIGHT,0.9228,1.5388,0.2156,0.2458,0.2127,0.2416,-0.0176,-0.191,0.0085,0.0193,1.0244,-0.0423,1.5726,0.000245,-0.0001,0.0
27.61,FLIGHT,0.9239,1.54,0.2124,0.2411,0.2095,0.2369,-0.0176,-0.1909,0.0085,0.019,1.024,-0.0427,1.5731,0.000244,-0.0001,0.0
27.615,FLIGHT,0.9249,1.5412,0.2091,0.2364,0.2062,0.2321,-0.0176,-0.1908,0.0085,0.0186,1.0236,-0.0431,1.5736,0.000244,-0.0001,0.0
27.62,FLIGHT,0.926,1.5423,0.2058,0.2316,0.2028,0.2273,-0.0175,-0.1907,0.0084,0.0182,1.0232,-0.0436,1.5741,0.000243,-0.0001,0.0
27.625,FLIGHT,0.927,1.5434,0.2025,0.2268,0.1995,0.2226,-0.0175,-0.1906,0.0084,0.0178,1.0228,-0.044,1.5746,0.000243,-0.0001,0.0
27.63,FLIGHT,0.928,1.5445,0.1991,0.2221,0.196,0.2178,-0.0174,-0.1905,0.0084,0.0175,1.0224,-0.0445,1.5752,0.000243,-0.0001,0.0
27.635,FLIGHT,0.9289,1.5456,0.1957,0.2173,0.1926,0.2131,-0.0174,-0.1905,0.0084,0.0171,1.0219,-0.0449,1.5757,0.000242,-0.0001,0.0
27.64,FLIGHT,0.9299,1.5467,0.1922,0.2126,0.1891,0.2084,-0.0173,-0.1904,0.0083,0.0167,1.0214,-0.0454,1.5762,0.000242,-0.0001,0.0
27.645,FLIGHT,0.9308,1.5477,0.1887,0.208,0.1856,0.2038,-0.0173,-0.1903,0.0083,0.0163,1.0209,-0.0458,1.5767,0.000241,-0.0001,0.0
27.65,FLIGHT,0.9317,1.5487,0.1852,0.2034,0.1821,0.1992,-0.0173,-0.1902,0.0082,0.016,1.0204,-0.0462,1.5772,0.000241,-0.0001,0.0
27.655,FLIGHT,0.9326,1.5497,0.1817,0.1988,0.1785,0.1947,-0.0172,-0.1901,0.0081,0.0156,1.0199,-0.0467,1.5776,0.00024,-0.0001,0.0
27.66,FLIGHT,0.9335,1.5507,0.1782,0.1943,0.175,0.1903,-0.0172,-0.1901,0.008,0.0153,1.0193,-0.0471,1.5781,0.00024,-0.0001,0.0
27.665,FLIGHT,0.9344,1.5516,0.1746,0.1898,0.1714,0.1858,-0.0171,-0.19,0.0079,0.0149,1.0187,-0.0475,1.5786,0.00024,-0.0001,0.0
27.67,FLIGHT,0.9352,1.5525,0.171,0.1854,0.1679,0.1815,-0.0171,-0.1899,0.0078,0.0146,1.0181,-0.0478,1.579,0.000239,-0.0001,0.0
27.675,FLIGHT,0.9361,1.5534,0.1675,0.1811,0.1643,0.1772,-0.0171,-0.1899,0.0077,0.0142,1.0175,-0.0482,1.5795,0.000239,-0.0001,0.0
27.68,FLIGHT,0.9369,1.5543,0.1639,0.1768,0.1608,0.173,-0.017,-0.1898,0.0076,0.0139,1.0169,-0.0486,1.5799,0.000238,-0.0001,0.0
27.685,FLIGHT,0.9377,1.5551,0.1604,0.1725,0.1572,0.1688,-0.017,-0.1897,0.0075,0.0136,1.0162,-0.0489,1.5803,0.000238,-0.0001,0.0
27.69,FLIGHT,0.9384,1.556,0.1569,0.1684,0.1537,0.1647,-0.017,-0.1896,0.0074,0.0132,1.0156,-0.0493,1.5807,0.000238,-0.0001,0.0
27.695,FLIGHT,0.9392,1.5568,0.1534,0.1643,0.1503,0.1606,-0.0169,-0.1896,0.0072,0.0129,1.0149,-0.0496,1.5811,0.000237,-0.0001,0.0
27.7,FLIGHT,0.94,1.5576,0.1499,0.1602,0.1468,0.1566,-0.0169,-0.1895,0.0071,0.0126,1.0142,-0.0499,1.5815,0.000237,-0.0001,0.0
27.705,FLIGHT,0.9407,1.5584,0.1465,0.1562,0.1434,0.1527,-0.0168,-0.1895,0.007,0.0123,1.0134,-0.0502,1.5818,0.000237,-0.0001,0.0
27.71,FLIGHT,0.9414,1.5591,0.1431,0.1523,0.14,0.1488,-0.0168,-0.1894,0.0069,0.012,1.0127,-0.0505,1.5822,0.000236,-0.0001,0.0
27.715,FLIGHT,0.9421,1.5598,0.1397,0.1484,0.1367,0.145,-0.0168,-0.1893,0.0067,0.0117,1.0119,-0.0508,1.5825,0.000236,-0.0001,0.0
27.72,FLIGHT,0.9428,1.5606,0.1364,0.1446,0.1334,0.1413,-0.0167,-0.1893,0.0066,0.0114,1.0112,-0.051,1.5829,0.000235,-0.0001,0.0
27.725,FLIGHT,0.9434,1.5613,0.1331,0.1409,0.1302,0.1376,-0.0167,-0.1892,0.0065,0.0111,1.0104,-0.0513,1.5832,0.000235,-0.0001,0.0
27.73,FLIGHT,0.9441,1.5619,0.1299,0.1372,0.127,0.134,-0.0167,-0.1892,0.0063,0.0108,1.0096,-0.0516,1.5835,0.000235,-0.0001,0.0
27.735,FLIGHT,0.9447,1.5626,0.1267,0.1336,0.1238,0.1304,-0.0167,-0.1891,0.0062,0.0105,1.0087,-0.0518,1.5838,0.000234,-0.0001,0.0
27.74,FLIGHT,0.9453,1.5632,0.1235,0.13,0.1208,0.1269,-0.0166,-0.1891,0.0061,0.0102,1.0079,-0.052,1.5841,0.000234,-0.0001,0.0
27.745,FLIGHT,0.9459,1.5639,0.1205,0.1266,0.1177,0.1235,-0.0166,-0.189,0.006,0.01,1.007,-0.0523,1.5844,0.000234,-0.0001,0.0
27.75,FLIGHT,0.9465,1.5645,0.1174,0.1231,0.1147,0.1201,-0.0166,-0.189,0.0058,0.0097,1.0061,-0.0525,1.5847,0.000233,-0.0001,0.0
27.755,FLIGHT,0.947,1.5651,0.1145,0.1198,0.1118,0.1168,-0.0165,-0.1889,0.0057,0.0094,1.0052,-0.0527,1.585,0.000233,-0.0001,0.0
27.76,FLIGHT,0.9476,1.5656,0.1115,0.1165,0.109,0.1135,-0.0165,-0.1889,0.0056,0.0092,1.0043,-0.0529,1.5853,0.000233,-0.0001,0.0
27.765,FLIGHT,0.9481,1.5662,0.1087,0.1132,0.1061,0.1103,-0.0165,-0.1888,0.0055,0.0089,1.0034,-0.0531,1.5855,0.000232,-0.0001,0.0
27.77,FLIGHT,0.9486,1.5667,0.1059,0.11,0.1034,0.1072,-0.0165,-0.1888,0.0054,0.0087,1.0025,-0.0533,1.5858,0.000232,-0.0001,0.0
27.775,FLIGHT,0.9492,1.5673,0.1031,0.1069,0.1007,0.1042,-0.0164,-0.1888,0.0053,0.0084,1.0015,-0.0535,1.586,0.000232,-0.0001,0.0
27.78,FLIGHT,0.9497,1.5678,0.1004,0.1039,0.098,0.1012,-0.0164,-0.1887,0.0051,0.0082,1.0005,-0.0537,1.5863,0.000232,-0.0001,0.0
27.785,STANCE,0.9506,1.5685,0.1853,0.1321,0.4317,0.1126,-0.0163,-0.1887,0.0174,0.0095,0.9996,0.1867,-0.4049,-0.000314,-0.2929,0.0589
27.79,STANCE,0.954,1.5679,0.5487,-0.0731,0.909,-0.4134,-0.0156,-0.1888,0.1133,-0.0154,0.9988,-0.078,-0.9708,-0.002131,-0.3971,0.0816
27.795,STANCE,0.959,1.5635,0.8711,-0.6588,1.135,-1.0982,-0.0141,-0.1893,0.2532,-0.0733,0.9978,-0.4644,-1.3351,-0.003909,-0.3473,0.0734
27.8,STANCE,0.9617,1.5609,0.5921,-0.5093,0.2304,-0.1401,-0.0132,-0.1895,0.1808,-0.0546,0.9977,-0.6459,-1.9008,-0.004608,-0.0147,0.0075
27.805,STANCE,0.963,1.5602,0.3744,-0.2583,0.3455,-0.2321,-0.0129,-0.1896,0.1058,-0.0285,0.9979,-0.8193,-2.3726,-0.004461,0.0582,0.0045
27.81,STANCE,0.9649,1.5573,0.3765,-0.5421,0.2898,-1.2998,-0.0121,-0.1899,0.1448,-0.0539,0.9981,-1.0416,-2.4213,-0.003988,0.1558,0.004
27.815,STANCE,0.9669,1.5499,0.4272,-1.1503,0.6681,-1.4085,-0.0107,-0.1906,0.238,-0.1078,0.9981,-1.2243,-2.0999,-0.00341,0.0287,0.0034
27.82,STANCE,0.9713,1.5415,0.7555,-1.543,1.0148,-1.9967,-0.0087,-0.1914,0.3563,-0.1424,0.9983,-1.4357,-1.6554,-0.003505,-0.0379,0.0111
27.825,STANCE,0.9761,1.5295,0.8922,-2.1529,1.0053,-2.6069,-0.0062,-0.1925,0.4703,-0.19,0.9983,-1.4617,-0.95,-0.00354,-0.0164,0.0068
27.83,STANCE,0.981,1.5157,0.9609,-2.5714,0.9892,-2.8416,-0.0033,-0.1937,0.5468,-0.2167,0.9983,-1.3313,-0.2305,-0.003605,-0.0161,0.0068
27.835,STANCE,0.9855,1.5011,0.9169,-2.8122,0.8472,-2.9411,-0.0003,-0.1949,0.5775,-0.2263,0.9984,-1.0358,0.4239,-0.003615,0.0041,0.0036
27.84,STANCE,0.9895,1.4866,0.8299,-2.8638,0.7293,-2.8595,0.0025,-0.196,0.573,-0.2205,0.9985,-0.6561,0.93,-0.003586,0.0149,0.0036
27.845,STANCE,0.9929,1.4726,0.7202,-2.807,0.6307,-2.716,0.0052,-0.1971,0.5479,-0.2075,0.9986,-0.2986,1.2533,-0.003473,0.0271,0.0035
27.85,FLIGHT,0.9957,1.4592,0.6069,-2.7134,0.5118,-2.6237,0.0077,-0.198,0.5158,-0.1931,0.9988,-1.1711,2.492,-0.00323,0.0657,0.0032
27.855,FLIGHT,0.9976,1.4475,0.4246,-2.4231,0.1398,-2.0045,0.0098,-0.1989,0.4401,-0.1676,0.9991,-1.1916,2.4963,-0.002888,0.0887,0.0029
27.86,FLIGHT,0.9971,1.4391,0.0405,-1.8882,-0.3372,-1.3763,0.0109,-0.1995,0.2863,-0.1312,0.9996,-1.1047,2.4165,-0.002328,0.1329,0.0023
27.865,FLIGHT,0.9943,1.4336,-0.38,-1.3216,-0.7455,-0.8291,0.0112,-0.1999,0.119,-0.0959,1.0003,-0.9744,2.3049,-0.001582,0.1633,0.0016
27.87,FLIGHT,0.9897,1.4306,-0.7609,-0.8034,-1.0741,-0.3713,0.0107,-0.2001,-0.0338,-0.064,1.001,-0.8313,2.1854,-0.000715,0.1813,0.0007
27.875,FLIGHT,0.9837,1.4297,-1.0749,-0.3607,-1.3228,-0.0002,0.0096,-0.2002,-0.1622,-0.0357,1.0018,-0.6899,2.0692,0.000202,0.1681,0.0
27.88,FLIGHT,0.9766,1.4305,-1.3143,0.002,-1.4962,0.2917,0.0081,-0.2003,-0.2635,-0.0105,1.0028,-0.5577,1.9616,0.000858,0.0981,0.0
27.885,FLIGHT,0.9689,1.4325,-1.4838,0.2881,-1.6068,0.5118,0.0062,-0.2002,-0.339,0.0118,1.0037,-0.4367,1.8641,0.001219,0.0496,0.0
27.89,FLIGHT,0.9607,1.4355,-1.5915,0.5044,-1.6625,0.6695,0.0041,-0.2,-0.3914,0.031,1.0047,-0.328,1.7774,0.001382,0.0179,0.0
27.895,FLIGHT,0.9523,1.4391,-1.6451,0.6597,-1.6714,0.7739,0.002,-0.1997,-0.4236,0.0471,1.0057,-0.2322,1.7018,0.001417,-0.0021,0.0004
27.9,FLIGHT,0.944,1.4432,-1.6528,0.7626,-1.6413,0.8339,-0.0003,-0.1994,-0.4388,0.06,1.0068,-0.1493,1.6371,0.001374,-0.0142,0.0028
27.905,FLIGHT,0.9359,1.4474,-1.6221,0.8218,-1.5796,0.8576,-0.0025,-0.1991,-0.4398,0.0696,1.0078,-0.0788,1.5829,0.001285,-0.0208,0.0042
27.91,FLIGHT,0.9283,1.4517,-1.5603,0.8452,-1.493,0.8525,-0.0046,-0.1987,-0.4294,0.0761,1.0088,-0.02,1.5383,0.001172,-0.0238,0.0048
27.915,FLIGHT,0.921,1.4559,-1.474,0.8403,-1.3877,0.8251,-0.0067,-0.1983,-0.4102,0.0796,1.0098,0.0281,1.5028,0.00105,-0.0245,0.0049
27.92,FLIGHT,0.9144,1.4599,-1.3694,0.8134,-1.2692,0.7813,-0.0085,-0.1979,-0.3844,0.0805,1.0108,0.0662,1.4753,0.000929,-0.0238,0.0048
27.925,FLIGHT,0.9084,1.4637,-1.2518,0.7704,-1.1421,0.7261,-0.0102,-0.1976,-0.354,0.079,1.0117,0.0956,1.4549,0.000814,-0.0221,0.0044
27.93,FLIGHT,0.903,1.4672,-1.1259,0.7161,-1.0105,0.6638,-0.0118,-0.1972,-0.3207,0.0757,1.0126,0.1171,1.4408,0.000709,-0.02,0.004
27.935,FLIGHT,0.8983,1.4703,-0.9955,0.6548,-0.8779,0.5979,-0.0132,-0.1969,-0.2857,0.0709,1.0135,0.1318,1.432,0.000615,-0.0176,0.0035
27.94,FLIGHT,0.8942,1.4731,-0.8643,0.5901,-0.7471,0.5314,-0.0143,-0.1966,-0.2504,0.065,1.0143,0.1406,1.4277,0.000533,-0.0152,0.003
27.945,FLIGHT,0.8908,1.4756,-0.7348,0.5247,-0.6203,0.4665,-0.0154,-0.1963,-0.2155,0.0585,1.0151,0.1445,1.4272,0.000463,-0.0128,0.0026
27.95,FLIGHT,0.888,1.4778,-0.6093,0.4609,-0.4993,0.405,-0.0162,-0.196,-0.1819,0.0517,1.0159,0.1443,1.4296,0.000404,-0.0106,0.0021
27.955,FLIGHT,0.8858,1.4797,-0.4896,0.4004,-0.3853,0.3482,-0.0169,-0.1958,-0.15,0.0448,1.0166,0.1408,1.4345,0.000356,-0.0087,0.0017
27.96,FLIGHT,0.8841,1.4813,-0.3769,0.3446,-0.2795,0.297,-0.0174,-0.1957,-0.1202,0.0382,1.0173,0.1346,1.4411,0.000317,-0.007,0.0014
27.965,FLIGHT,0.883,1.4827,-0.2722,0.2944,-0.1823,0.252,-0.0178,-0.1955,-0.0928,0.0319,1.0179,0.1263,1.449,0.000286,-0.0056,0.0011
27.97,FLIGHT,0.8823,1.4838,-0.1762,0.2502,-0.0941,0.2135,-0.0181,-0.1954,-0.0681,0.0263,1.0186,0.1166,1.4578,0.000261,-0.0043,0.0009
27.975,FLIGHT,0.882,1.4848,-0.089,0.2124,-0.0149,0.1814,-0.0183,-0.1953,-0.0459,0.0213,1.0192,0.1058,1.4671,0.000242,-0.0033,0.0007
27.98,FLIGHT,0.8821,1.4857,-0.0108,0.181,0.0553,0.1557,-0.0184,-0.1952,-0.0264,0.0169,1.0197,0.0944,1.4766,0.000228,-0.0024,0.0005
27.985,FLIGHT,0.8826,1.4864,0.0586,0.1558,0.1168,0.136,-0.0184,-0.1952,-0.0095,0.0133,1.0203,0.0828,1.486,0.000218,-0.0017,0.0003
27.99,FLIGHT,0.8833,1.487,0.1194,0.1366,0.1701,0.1219,-0.0184,-0.1951,0.005,0.0104,1.0208,0.0712,1.4953,0.000211,-0.0011,0.0002
27.995,FLIGHT,0.8842,1.4876,0.172,0.1229,0.2155,0.113,-0.0182,-0.1951,0.0171,0.0082,1.0213,0.0598,1.5041,0.000206,-0.0007,0.0001
28.0,FLIGHT,0.8854,1.4882,0.2169,0.1143,0.2538,0.1087,-0.0181,-0.1951,0.0269,0.0066,1.0217,0.0489,1.5125,0.000204,-0.0003,0.0001
28.005,FLIGHT,0.8868,1.4887,0.2546,0.1103,0.2853,0.1086,-0.0179,-0.195,0.0348,0.0056,1.0222,0.0385,1.5203,0.000203,-0.0,0.0
28.01,FLIGHT,0.8883,1.4893,0.2857,0.1103,0.3109,0.1119,-0.0177,-0.195,0.0409,0.0051,1.0226,0.0288,1.5274,0.000204,0.0002,0.0
28.015,FLIGHT,0.8899,1.4898,0.3109,0.1137,0.331,0.1182,-0.0174,-0.195,0.0453,0.005,1.023,0.0198,1.5339,0.000205,0.0004,0.0
28.02,FLIGHT,0.8916,1.4904,0.3308,0.1201,0.3464,0.1269,-0.0172,-0.195,0.0483,0.0053,1.0234,0.0116,1.5397,0.000207,0.0005,0.0
28.025,FLIGHT,0.8933,1.4911,0.3459,0.1288,0.3575,0.1375,-0.0169,-0.1949,0.0501,0.006,1.0237,0.0043,1.5449,0.00021,0.0006,0.0
28.03,FLIGHT,0.8951,1.4918,0.3569,0.1394,0.365,0.1496,-0.0167,-0.1949,0.0508,0.0068,1.0241,-0.0023,1.5494,0.000213,0.0006,0.0
28.035,FLIGHT,0.897,1.4926,0.3643,0.1514,0.3694,0.1626,-0.0164,-0.1948,0.0505,0.0079,1.0244,-0.0081,1.5533,0.000216,0.0006,0.0
28.04,FLIGHT,0.8988,1.4935,0.3686,0.1643,0.3712,0.1763,-0.0162,-0.1948,0.0496,0.009,1.0247,-0.0132,1.5566,0.000219,0.0006,0.0
28.045,FLIGHT,0.9007,1.4944,0.3703,0.1779,0.3708,0.1902,-0.016,-0.1947,0.0481,0.0103,1.025,-0.0176,1.5595,0.000223,0.0006,0.0
28.05,FLIGHT,0.9025,1.4954,0.3699,0.1917,0.3686,0.204,-0.0157,-0.1947,0.0461,0.0116,1.0253,-0.0213,1.5618,0.000226,0.0006,0.0
28.055,FLIGHT,0.9044,1.4964,0.3677,0.2054,0.3651,0.2176,-0.0155,-0.1946,0.0438,0.013,1.0256,-0.0244,1.5637,0.000229,0.0006,0.0
28.06,FLIGHT,0.9062,1.4975,0.3641,0.2188,0.3604,0.2306,-0.0153,-0.1945,0.0412,0.0143,1.0258,-0.027,1.5653,0.000231,0.0005,0.0
28.065,FLIGHT,0.908,1.4987,0.3595,0.2317,0.355,0.243,-0.0151,-0.1945,0.0385,0.0156,1.026,-0.0291,1.5665,0.000234,0.0005,0.0
28.07,FLIGHT,0.9097,1.5,0.3541,0.2439,0.349,0.2545,-0.015,-0.1944,0.0358,0.0168,1.0263,-0.0308,1.5674,0.000236,0.0004,0.0
28.075,FLIGHT,0.9115,1.5013,0.3481,0.2553,0.3426,0.2651,-0.0148,-0.1943,0.033,0.018,1.0264,-0.0322,1.5681,0.000238,0.0004,0.0
28.08,FLIGHT,0.9132,1.5026,0.3418,0.2657,0.336,0.2746,-0.0146,-0.1942,0.0304,0.0191,1.0266,-0.0332,1.5686,0.00024,0.0003,0.0
28.085,FLIGHT,0.9148,1.504,0.3352,0.2751,0.3293,0.2831,-0.0145,-0.1941,0.0278,0.0201,1.0268,-0.034,1.569,0.000241,0.0003,0.0
28.09,FLIGHT,0.9164,1.5054,0.3286,0.2835,0.3226,0.2905,-0.0144,-0.194,0.0253,0.0209,1.0269,-0.0345,1.5692,0.000242,0.0002,0.0
28.095,FLIGHT,0.918,1.5069,0.322,0.2908,0.3161,0.2968,-0.0143,-0.1939,0.023,0.0217,1.027,-0.0349,1.5693,0.000243,0.0002,0.0
28.1,FLIGHT,0.9196,1.5084,0.3155,0.297,0.3097,0.302,-0.0142,-0.1938,0.0209,0.0224,1.0271,-0.0352,1.5694,0.000244,0.0001,0.0
28.105,FLIGHT,0.9211,1.5099,0.3091,0.3021,0.3036,0.3062,-0.0141,-0.1936,0.0189,0.023,1.0272,-0.0353,1.5694,0.000245,0.0001,0.0
28.11,FLIGHT,0.9226,1.5115,0.303,0.3062,0.2977,0.3094,-0.014,-0.1935,0.0171,0.0235,1.0273,-0.0354,1.5694,0.000245,0.0001,0.0
28.115,FLIGHT,0.9241,1.513,0.2972,0.3093,0.292,0.3116,-0.0139,-0.1934,0.0155,0.0239,1.0273,-0.0354,1.5694,0.000245,0.0,0.0
28.12,FLIGHT,0.9256,1.5146,0.2915,0.3114,0.2866,0.3129,-0.0139,-0.1933,0.0141,0.0242,1.0273,-0.0354,1.5694,0.000246,0.0,0.0
28.125,FLIGHT,0.927,1.5161,0.2862,0.3127,0.2815,0.3134,-0.0138,-0.1932,0.0129,0.0244,1.0273,-0.0354,1.5694,0.000246,-0.0,0.0
28.13,FLIGHT,0.9284,1.5177,0.281,0.3131,0.2766,0.3132,-0.0137,-0.193,0.0118,0.0245,1.0273,-0.0354,1.5695,0.000246,-0.0,0.0
28.135,FLIGHT,0.9298,1.5193,0.2762,0.3128,0.2719,0.3122,-0.0137,-0.1929,0.0109,0.0246,1.0273,-0.0354,1.5696,0.000245,-0.0,0.0
28.14,FLIGHT,0.9311,1.5208,0.2715,0.3118,0.2674,0.3105,-0.0136,-0.1928,0.0101,0.0246,1.0272,-0.0355,1.5697,0.000245,-0.0001,0.0
28.145,FLIGHT,0.9324,1.5224,0.267,0.3101,0.2631,0.3083,-0.0136,-0.1927,0.0094,0.0245,1.0272,-0.0356,1.5699,0.000245,-0.0001,0.0
28.15,FLIGHT,0.9337,1.5239,0.2627,0.3079,0.259,0.3056,-0.0136,-0.1925,0.0089,0.0244,1.0271,-0.0357,1.5701,0.000245,-0.0001,0.0
28.155,FLIGHT,0.935,1.5254,0.2586,0.3051,0.2549,0.3024,-0.0135,-0.1924,0.0084,0.0242,1.0269,-0.0358,1.5704,0.000244,-0.0001,0.0
28.16,FLIGHT,0.9363,1.5269,0.2546,0.3019,0.251,0.2989,-0.0135,-0.1923,0.0081,0.024,1.0268,-0.036,1.5707,0.000244,-0.0001,0.0
28.165,FLIGHT,0.9375,1.5284,0.2507,0.2983,0.2472,0.295,-0.0134,-0.1922,0.0078,0.0237,1.0266,-0.0363,1.571,0.000243,-0.0001,0.0
28.17,FLIGHT,0.9388,1.5299,0.2468,0.2944,0.2434,0.2908,-0.0134,-0.1921,0.0076,0.0234,1.0264,-0.0365,1.5714,0.000243,-0.0001,0.0
28.175,FLIGHT,0.94,1.5313,0.2431,0.2902,0.2397,0.2863,-0.0134,-0.192,0.0074,0.0231,1.0262,-0.0368,1.5718,0.000242,-0.0001,0.0
28.18,FLIGHT,0.9411,1.5327,0.2394,0.2858,0.236,0.2817,-0.0133,-0.1918,0.0073,0.0228,1.026,-0.0372,1.5722,0.000242,-0.0001,0.0
28.185,FLIGHT,0.9423,1.5341,0.2357,0.2811,0.2324,0.2769,-0.0133,-0.1917,0.0072,0.0224,1.0258,-0.0375,1.5727,0.000241,-0.0001,0.0
28.19,FLIGHT,0.9435,1.5355,0.232,0.2763,0.2287,0.2719,-0.0133,-0.1916,0.0071,0.0221,1.0255,-0.0379,1.5731,0.000241,-0.0001,0.0
28.195,FLIGHT,0.9446,1.5369,0.2283,0.2714,0.225,0.2669,-0.0132,-0.1915,0.007,0.0217,1.0252,-0.0383,1.5736,0.00024,-0.0001,0.0
28.2,FLIGHT,0.9457,1.5382,0.2247,0.2663,0.2214,0.2618,-0.0132,-0.1914,0.007,0.0213,1.0249,-0.0388,1.5741,0.00024,-0.0001,0.0
28.205,FLIGHT,0.9468,1.5395,0.221,0.2612,0.2177,0.2566,-0.0131,-0.1913,0.007,0.0209,1.0246,-0.0392,1.5746,0.000239,-0.0001,0.0
28.21,FLIGHT,0.9479,1.5408,0.2173,0.256,0.2139,0.2514,-0.0131,-0.1912,0.0069,0.0205,1.0242,-0.0396,1.5752,0.000239,-0.0001,0.0
28.215,FLIGHT,0.949,1.542,0.2135,0.2508,0.2102,0.2462,-0.0131,-0.1911,0.0069,0.0201,1.0239,-0.0401,1.5757,0.000238,-0.0001,0.0
28.22,FLIGHT,0.95,1.5432,0.2098,0.2456,0.2064,0.241,-0.013,-0.191,0.0069,0.0196,1.0235,-0.0406,1.5762,0.000238,-0.0001,0.0
28.225,FLIGHT,0.951,1.5444,0.206,0.2404,0.2026,0.2358,-0.013,-0.1909,0.0068,0.0192,1.0231,-0.041,1.5768,0.000237,-0.0001,0.0
28.23,FLIGHT,0.952,1.5456,0.2022,0.2352,0.1988,0.2306,-0.013,-0.1908,0.0068,0.0188,1.0226,-0.0415,1.5773,0.000237,-0.0001,0.0
28.235,FLIGHT,0.953,1.5467,0.1984,0.2301,0.1949,0.2255,-0.0129,-0.1907,0.0067,0.0184,1.0222,-0.042,1.5778,0.000236,-0.0001,0.0
28.24,FLIGHT,0.954,1.5478,0.1945,0.2249,0.1911,0.2204,-0.0129,-0.1906,0.0067,0.018,1.0217,-0.0424,1.5783,0.000236,-0.0001,0.0
28.245,FLIGHT,0.9549,1.5489,0.1907,0.2199,0.1872,0.2153,-0.0129,-0.1906,0.0066,0.0176,1.0212,-0.0429,1.5788,0.000235,-0.0001,0.0
28.25,FLIGHT,0.9558,1.55,0.1868,0.2148,0.1833,0.2103,-0.0128,-0.1905,0.0066,0.0172,1.0207,-0.0433,1.5793,0.000235,-0.0001,0.0
28.255,FLIGHT,0.9568,1.551,0.1829,0.2098,0.1794,0.2054,-0.0128,-0.1904,0.0065,0.0168,1.0202,-0.0437,1.5798,0.000234,-0.0001,0.0
28.26,FLIGHT,0.9576,1.552,0.179,0.2049,0.1755,0.2005,-0.0128,-0.1903,0.0064,0.0164,1.0196,-0.0441,1.5803,0.000234,-0.0001,0.0
28.265,FLIGHT,0.9585,1.553,0.1751,0.2,0.1717,0.1957,-0.0127,-0.1902,0.0063,0.016,1.0191,-0.0445,1.5808,0.000234,-0.0001,0.0
28.27,FLIGHT,0.9594,1.554,0.1713,0.1952,0.1678,0.191,-0.0127,-0.1901,0.0062,0.0157,1.0185,-0.0449,1.5812,0.000233,-0.0001,0.0
28.275,FLIGHT,0.9602,1.5549,0.1674,0.1905,0.164,0.1863,-0.0127,-0.1901,0.0061,0.0153,1.0179,-0.0453,1.5817,0.000233,-0.0001,0.0
28.28,FLIGHT,0.961,1.5559,0.1636,0.1858,0.1602,0.1817,-0.0127,-0.19,0.006,0.0149,1.0172,-0.0457,1.5821,0.000232,-0.0001,0.0
28.285,FLIGHT,0.9618,1.5567,0.1598,0.1812,0.1564,0.1771,-0.0126,-0.1899,0.0059,0.0145,1.0166,-0.0461,1.5825,0.000232,-0.0001,0.0
28.29,FLIGHT,0.9626,1.5576,0.156,0.1767,0.1526,0.1726,-0.0126,-0.1899,0.0058,0.0142,1.0159,-0.0464,1.5829,0.000231,-0.0001,0.0
28.295,FLIGHT,0.9633,1.5585,0.1522,0.1722,0.1489,0.1682,-0.0126,-0.1898,0.0056,0.0138,1.0152,-0.0467,1.5833,0.000231,-0.0001,0.0
28.3,FLIGHT,0.9641,1.5593,0.1485,0.1678,0.1452,0.1639,-0.0125,-0.1897,0.0055,0.0135,1.0145,-0.0471,1.5837,0.00023,-0.0001,0.0
28.305,FLIGHT,0.9648,1.5601,0.1448,0.1635,0.1416,0.1596,-0.0125,-0.1897,0.0054,0.0131,1.0138,-0.0474,1.5841,0.00023,-0.0001,0.0
28.31,FLIGHT,0.9655,1.5609,0.1412,0.1592,0.138,0.1554,-0.0125,-0.1896,0.0053,0.0128,1.0131,-0.0477,1.5845,0.00023,-0.0001,0.0
28.315,FLIGHT,0.9661,1.5617,0.1376,0.155,0.1344,0.1513,-0.0125,-0.1895,0.0052,0.0125,1.0123,-0.048,1.5848,0.000229,-0.0001,0.0
28.32,FLIGHT,0.9668,1.5624,0.1341,0.1509,0.1309,0.1472,-0.0124,-0.1895,0.005,0.0121,1.0116,-0.0482,1.5852,0.000229,-0.0001,0.0
28.325,FLIGHT,0.9675,1.5631,0.1306,0.1468,0.1275,0.1432,-0.0124,-0.1894,0.0049,0.0118,1.0108,-0.0485,1.5855,0.000228,-0.0001,0.0
28.33,FLIGHT,0.9681,1.5638,0.1272,0.1429,0.1241,0.1393,-0.0124,-0.1894,0.0048,0.0115,1.01,-0.0488,1.5858,0.000228,-0.0001,0.0
28.335,FLIGHT,0.9687,1.5645,0.1238,0.1389,0.1208,0.1355,-0.0124,-0.1893,0.0047,0.0112,1.0091,-0.049,1.5861,0.000228,-0.0001,0.0
28.34,FLIGHT,0.9693,1.5652,0.1205,0.1351,0.1175,0.1317,-0.0123,-0.1892,0.0046,0.0109,1.0083,-0.0493,1.5864,0.000227,-0.0001,0.0
28.345,FLIGHT,0.9699,1.5659,0.1172,0.1313,0.1143,0.128,-0.0123,-0.1892,0.0045,0.0106,1.0074,-0.0495,1.5867,0.000227,-0.0001,0.0
28.35,FLIGHT,0.9704,1.5665,0.114,0.1276,0.1112,0.1244,-0.0123,-0.1891,0.0043,0.0103,1.0066,-0.0497,1.587,0.000226,-0.0001,0.0
28.355,FLIGHT,0.971,1.5671,0.1109,0.124,0.1081,0.1208,-0.0123,-0.1891,0.0042,0.01,1.0057,-0.0499,1.5873,0.000226,-0.0001,0.0
28.36,FLIGHT,0.9715,1.5677,0.1078,0.1205,0.1051,0.1173,-0.0123,-0.189,0.0041,0.0097,1.0048,-0.0501,1.5876,0.000226,-0.0001,0.0
28.365,FLIGHT,0.972,1.5683,0.1048,0.117,0.1021,0.1139,-0.0122,-0.189,0.004,0.0094,1.0039,-0.0504,1.5878,0.000225,-0.0001,0.0
28.37,FLIGHT,0.9725,1.5688,0.1018,0.1136,0.0992,0.1105,-0.0122,-0.189,0.0039,0.0092,1.0029,-0.0506,1.5881,0.000225,-0.0001,0.0
28.375,FLIGHT,0.973,1.5694,0.0989,0.1102,0.0964,0.1073,-0.0122,-0.1889,0.0038,0.0089,1.002,-0.0507,1.5883,0.000225,-0.0001,0.0
28.38,FLIGHT,0.9735,1.5699,0.0961,0.107,0.0936,0.1041,-0.0122,-0.1889,0.0037,0.0086,1.001,-0.0509,1.5886,0.000224,-0.0001,0.0
28.385,FLIGHT,0.974,1.5704,0.0933,0.1038,0.0909,0.1009,-0.0122,-0.1888,0.0036,0.0084,1.0,-0.0511,1.5888,0.000224,-0.0001,0.0
28.39,STANCE,0.9756,1.5714,0.2752,0.168,0.5794,0.1069,-0.012,-0.1888,0.0293,0.0121,0.9992,0.0549,-0.5364,-0.000774,-0.3251,0.0658
28.395,STANCE,0.9795,1.5705,0.6411,-0.1019,0.8968,-0.5832,-0.0111,-0.1889,0.1349,-0.0164,0.9984,-0.2807,-1.0486,-0.002534,-0.3285,0.0682
28.4,STANCE,0.983,1.5674,0.6391,-0.4273,0.3247,-0.2746,-0.01,-0.1892,0.179,-0.0448,0.9978,-0.5794,-1.4813,-0.00365,-0.0799,0.0196
28.405,STANCE,0.9842,1.5668,0.3632,-0.2072,0.2553,-0.1009,-0.0097,-0.1893,0.0969,-0.0221,0.998,-0.7739,-2.0444,-0.003724,0.027,0.0037
28.41,STANCE,0.9861,1.5654,0.3959,-0.2747,0.5368,-0.4869,-0.0092,-0.1894,0.1125,-0.0282,0.9983,-1.07,-2.3277,-0.003502,0.0555,0.0035
28.415,STANCE,0.9883,1.5596,0.4294,-0.9274,0.6004,-1.2741,-0.008,-0.1899,0.2087,-0.0852,0.9982,-1.3231,-2.1512,-0.002969,0.0839,0.003
28.42,STANCE,0.9923,1.5527,0.699,-1.2608,0.9491,-1.6607,-0.0063,-0.1906,0.3073,-0.1136,0.9984,-1.5911,-1.8904,-0.002891,-0.0414,0.0112
28.425,STANCE,0.9968,1.5423,0.8363,-1.8536,0.9965,-2.2768,-0.004,-0.1915,0.4184,-0.1601,0.9983,-1.7019,-1.3239,-0.003009,-0.0482,0.0126
28.43,STANCE,1.0016,1.5298,0.9134,-2.3134,0.924,-2.6648,-0.0013,-0.1925,0.5016,-0.1912,0.9983,-1.654,-0.6726,-0.003202,-0.0355,0.0103
28.435,STANCE,1.0059,1.516,0.8731,-2.621,0.8495,-2.7584,0.0015,-0.1937,0.5419,-0.2073,0.9982,-1.4147,-0.0202,-0.003352,-0.0393,0.0112
28.44,STANCE,1.0096,1.5019,0.7642,-2.758,0.6353,-2.8309,0.0042,-0.1947,0.545,-0.2093,0.9983,-1.0312,0.5498,-0.003448,-0.0073,0.0049
28.445,STANCE,1.0124,1.488,0.6268,-2.7702,0.4872,-2.7591,0.0068,-0.1958,0.5242,-0.2025,0.9984,-0.5904,0.9877,-0.003463,0.0115,0.0035
28.45,STANCE,1.0147,1.4746,0.4999,-2.7094,0.4316,-2.6,0.0092,-0.1968,0.4941,-0.1914,0.9985,-0.2226,1.2546,-0.003386,0.0132,0.0034
28.455,FLIGHT,1.0166,1.4618,0.422,-2.6018,0.4049,-2.4606,0.0114,-0.1976,0.4662,-0.1778,0.9986,-1.3393,2.619,-0.003233,0.021,0.0032
28.46,FLIGHT,1.0172,1.4513,0.186,-2.2198,-0.1586,-1.742,0.0131,-0.1984,0.3652,-0.1497,0.999,-1.3266,2.5973,-0.002964,0.0843,0.003
28.465,FLIGHT,1.0151,1.4442,-0.2538,-1.6337,-0.6724,-1.0873,0.0137,-0.1989,0.1917,-0.1143,0.9995,-1.2091,2.494,-0.002416,0.1321,0.0024
28.47,FLIGHT,1.0107,1.4403,-0.7114,-1.038,-1.1029,-0.5269,0.0134,-0.1992,0.0121,-0.08,1.0001,-1.0529,2.3624,-0.001669,0.1644,0.0017
28.475,FLIGHT,1.0043,1.4388,-1.1146,-0.5059,-1.4421,-0.067,0.0124,-0.1994,-0.1474,-0.0485,1.0009,-0.8879,2.2257,-0.000795,0.183,0.0008
28.48,FLIGHT,0.9964,1.4394,-1.4392,-0.061,-1.6921,0.297,0.0107,-0.1994,-0.278,-0.0197,1.0018,-0.7279,2.0948,0.000136,0.1753,0.0
28.485,FLIGHT,0.9875,1.4416,-1.6797,0.2949,-1.859,0.575,0.0086,-0.1994,-0.3781,0.0066,1.0027,-0.5803,1.9749,0.000822,0.1031,0.0
28.49,FLIGHT,0.9779,1.445,-1.8429,0.5671,-1.9572,0.7757,0.0062,-0.1992,-0.4496,0.0302,1.0037,-0.4466,1.8671,0.001204,0.0528,0.0
28.495,FLIGHT,0.968,1.4493,-1.9383,0.7641,-1.9962,0.9098,0.0036,-0.1989,-0.496,0.0506,1.0047,-0.3278,1.7721,0.00138,0.0199,0.0
28.5,FLIGHT,0.958,1.454,-1.9754,0.8959,-1.9853,0.9878,0.001,-0.1986,-0.5207,0.0676,1.0057,-0.224,1.6901,0.001422,-0.001,0.0002
28.505,FLIGHT,0.9482,1.4591,-1.9634,0.9727,-1.9334,1.0197,-0.0017,-0.1982,-0.5274,0.0809,1.0067,-0.135,1.6205,0.001383,-0.0137,0.0027
28.51,FLIGHT,0.9388,1.4642,-1.9111,1.0041,-1.8486,1.0146,-0.0043,-0.1977,-0.5195,0.0903,1.0078,-0.06,1.5628,0.001295,-0.0207,0.0041
28.515,FLIGHT,0.9298,1.4692,-1.8265,0.9991,-1.7385,0.9807,-0.0068,-0.1973,-0.5001,0.096,1.0088,0.0019,1.5161,0.001182,-0.0239,0.0048
28.52,FLIGHT,0.9214,1.4739,-1.717,0.9656,-1.6098,0.9252,-0.0091,-0.1968,-0.4719,0.0982,1.0098,0.0518,1.4794,0.00106,-0.0248,0.005
28.525,FLIGHT,0.9137,1.4784,-1.5893,0.911,-1.4686,0.8544,-0.0112,-0.1963,-0.4375,0.0973,1.0107,0.0908,1.4517,0.000937,-0.0241,0.0048
28.53,FLIGHT,0.9067,1.4825,-1.4492,0.8413,-1.3197,0.7739,-0.0132,-0.1959,-0.3989,0.0937,1.0117,0.1201,1.4318,0.00082,-0.0225,0.0045
28.535,FLIGHT,0.9005,1.4861,-1.3017,0.7621,-1.1677,0.6882,-0.0149,-0.1955,-0.358,0.088,1.0126,0.141,1.4187,0.000713,-0.0203,0.0041
28.54,FLIGHT,0.8951,1.4894,-1.1512,0.6777,-1.0161,0.601,-0.0164,-0.1951,-0.3161,0.0807,1.0134,0.1545,1.4115,0.000618,-0.0179,0.0036
28.545,FLIGHT,0.8904,1.4921,-1.0011,0.5919,-0.8679,0.5153,-0.0177,-0.1948,-0.2745,0.0723,1.0142,0.1617,1.409,0.000534,-0.0155,0.0031
28.55,FLIGHT,0.8864,1.4945,-0.8545,0.5075,-0.7253,0.4334,-0.0188,-0.1945,-0.2341,0.0633,1.015,0.1637,1.4105,0.000463,-0.0131,0.0026
28.555,FLIGHT,0.8831,1.4965,-0.7134,0.427,-0.5903,0.3572,-0.0197,-0.1942,-0.1955,0.0541,1.0157,0.1614,1.415,0.000403,-0.0109,0.0022
28.56,FLIGHT,0.8805,1.4981,-0.5799,0.3521,-0.464,0.2878,-0.0204,-0.194,-0.1593,0.0451,1.0164,0.1556,1.422,0.000353,-0.0089,0.0018
28.565,FLIGHT,0.8784,1.4994,-0.455,0.2839,-0.3474,0.2261,-0.0209,-0.1939,-0.1258,0.0365,1.017,0.1471,1.4308,0.000313,-0.0072,0.0014
28.57,FLIGHT,0.877,1.5004,-0.3398,0.2232,-0.241,0.1724,-0.0214,-0.1937,-0.0954,0.0285,1.0176,0.1366,1.4408,0.000281,-0.0057,0.0011
28.575,FLIGHT,0.876,1.5011,-0.2346,0.1705,-0.1451,0.127,-0.0216,-0.1937,-0.068,0.0213,1.0182,0.1246,1.4516,0.000256,-0.0044,0.0009
28.58,FLIGHT,0.8755,1.5017,-0.1398,0.126,-0.0595,0.0896,-0.0218,-0.1936,-0.0437,0.0151,1.0188,0.1117,1.4627,0.000236,-0.0034,0.0007
28.585,FLIGHT,0.8754,1.502,-0.0553,0.0894,0.0159,0.0601,-0.0219,-0.1936,-0.0225,0.0098,1.0193,0.0984,1.4739,0.000222,-0.0025,0.0005
28.59,FLIGHT,0.8756,1.5023,0.0192,0.0604,0.0814,0.0379,-0.0219,-0.1935,-0.0043,0.0054,1.0198,0.0849,1.485,0.000211,-0.0017,0.0003
28.595,FLIGHT,0.8762,1.5024,0.0839,0.0388,0.1378,0.0224,-0.0218,-0.1935,0.0111,0.0019,1.0203,0.0715,1.4956,0.000204,-0.0011,0.0002
28.6,FLIGHT,0.877,1.5025,0.1396,0.0238,0.1855,0.0131,-0.0216,-0.1935,0.0239,-0.0008,1.0207,0.0586,1.5056,0.0002,-0.0006,0.0001
28.605,FLIGHT,0.878,1.5026,0.1866,0.0148,0.2252,0.0093,-0.0214,-0.1936,0.0342,-0.0026,1.0211,0.0463,1.515,0.000197,-0.0003,0.0001
28.61,FLIGHT,0.8792,1.5026,0.2258,0.0112,0.2576,0.0102,-0.0212,-0.1936,0.0422,-0.0037,1.0215,0.0348,1.5236,0.000197,0.0001,0.0
28.615,FLIGHT,0.8806,1.5027,0.2578,0.0123,0.2835,0.0152,-0.021,-0.1936,0.0483,-0.0042,1.0219,0.0241,1.5315,0.000198,0.0003,0.0
28.62,FLIGHT,0.8821,1.5028,0.2834,0.0174,0.3036,0.0236,-0.0207,-0.1936,0.0526,-0.0042,1.0222,0.0143,1.5385,0.0002,0.0005,0.0
28.625,FLIGHT,0.8836,1.5029,0.3032,0.0259,0.3185,0.0348,-0.0204,-0.1936,0.0553,-0.0037,1.0226,0.0054,1.5447,0.000202,0.0006,0.0
28.63,FLIGHT,0.8852,1.5031,0.3179,0.0371,0.3291,0.0481,-0.0201,-0.1937,0.0566,-0.0029,1.0229,-0.0025,1.5502,0.000205,0.0007,0.0
28.635,FLIGHT,0.8869,1.5034,0.3283,0.0503,0.3358,0.063,-0.0198,-0.1937,0.0569,-0.0018,1.0232,-0.0095,1.5549,0.000209,0.0007,0.0
28.64,FLIGHT,0.8886,1.5037,0.3349,0.0652,0.3393,0.079,-0.0196,-0.1937,0.0562,-0.0004,1.0235,-0.0156,1.5589,0.000212,0.0007,0.0
28.645,FLIGHT,0.8903,1.5042,0.3383,0.0811,0.3402,0.0957,-0.0193,-0.1937,0.0547,0.0011,1.0238,-0.0208,1.5622,0.000216,0.0007,0.0
28.65,FLIGHT,0.892,1.5047,0.3392,0.0976,0.3389,0.1126,-0.019,-0.1936,0.0527,0.0027,1.024,-0.0253,1.565,0.000219,0.0007,0.0
28.655,FLIGHT,0.8937,1.5053,0.3378,0.1144,0.3358,0.1294,-0.0188,-0.1936,0.0501,0.0044,1.0243,-0.029,1.5672,0.000223,0.0007,0.0
28.66,FLIGHT,0.8953,1.506,0.3348,0.1311,0.3315,0.1458,-0.0186,-0.1936,0.0473,0.006,1.0245,-0.032,1.569,0.000226,0.0006,0.0
28.665,FLIGHT,0.897,1.5068,0.3305,0.1473,0.3261,0.1616,-0.0183,-0.1935,0.0443,0.0077,1.0247,-0.0345,1.5703,0.000229,0.0006,0.0
28.67,FLIGHT,0.8986,1.5076,0.3252,0.163,0.3201,0.1766,-0.0181,-0.1935,0.0411,0.0093,1.0249,-0.0364,1.5713,0.000232,0.0005,0.0
28.675,FLIGHT,0.9002,1.5085,0.3192,0.1778,0.3136,0.1906,-0.018,-0.1934,0.038,0.0108,1.0251,-0.0379,1.5719,0.000234,0.0005,0.0
28.68,FLIGHT,0.9017,1.5095,0.3127,0.1916,0.3068,0.2035,-0.0178,-0.1934,0.0348,0.0123,1.0252,-0.039,1.5723,0.000236,0.0004,0.0
28.685,FLIGHT,0.9033,1.5106,0.3061,0.2044,0.3,0.2153,-0.0176,-0.1933,0.0318,0.0136,1.0254,-0.0398,1.5726,0.000238,0.0003,0.0
28.69,FLIGHT,0.9047,1.5117,0.2993,0.216,0.2933,0.2258,-0.0175,-0.1932,0.0289,0.0148,1.0255,-0.0403,1.5726,0.00024,0.0003,0.0
28.695,FLIGHT,0.9062,1.5128,0.2926,0.2264,0.2867,0.2352,-0.0174,-0.1931,0.0262,0.016,1.0256,-0.0405,1.5725,0.000241,0.0002,0.0
28.7,FLIGHT,0.9076,1.514,0.2861,0.2356,0.2803,0.2433,-0.0173,-0.1931,0.0237,0.017,1.0257,-0.0406,1.5724,0.000242,0.0002,0.0
28.705,FLIGHT,0.909,1.5153,0.2798,0.2436,0.2743,0.2502,-0.0172,-0.193,0.0214,0.0178,1.0257,-0.0406,1.5722,0.000243,0.0002,0.0
28.71,FLIGHT,0.9104,1.5165,0.2738,0.2504,0.2685,0.2559,-0.0171,-0.1929,0.0193,0.0186,1.0258,-0.0405,1.572,0.000244,0.0001,0.0
28.715,FLIGHT,0.9117,1.5178,0.2681,0.256,0.2631,0.2605,-0.017,-0.1928,0.0174,0.0192,1.0258,-0.0403,1.5717,0.000244,0.0001,0.0
28.72,FLIGHT,0.913,1.5191,0.2627,0.2605,0.2581,0.2641,-0.0169,-0.1927,0.0157,0.0198,1.0258,-0.0401,1.5715,0.000245,0.0001,0.0
28.725,FLIGHT,0.9143,1.5204,0.2577,0.264,0.2533,0.2667,-0.0168,-0.1926,0.0142,0.0202,1.0258,-0.0399,1.5713,0.000245,0.0,0.0
28.73,FLIGHT,0.9155,1.5218,0.253,0.2665,0.2489,0.2684,-0.0168,-0.1925,0.013,0.0205,1.0258,-0.0397,1.5711,0.000245,0.0,0.0
28.735,FLIGHT,0.9168,1.5231,0.2486,0.2682,0.2448,0.2692,-0.0167,-0.1924,0.0119,0.0208,1.0257,-0.0395,1.571,0.000245,-0.0,0.0
28.74,FLIGHT,0.918,1.5245,0.2445,0.2689,0.2409,0.2693,-0.0167,-0.1923,0.011,0.0209,1.0257,-0.0394,1.5709,0.000245,-0.0,0.0
28.745,FLIGHT,0.9192,1.5258,0.2406,0.269,0.2373,0.2687,-0.0166,-0.1921,0.0102,0.021,1.0256,-0.0392,1.5709,0.000245,-0.0,0.0
28.75,FLIGHT,0.9203,1.5272,0.237,0.2683,0.2339,0.2675,-0.0166,-0.192,0.0096,0.021,1.0255,-0.0392,1.5709,0.000245,-0.0,0.0
28.755,FLIGHT,0.9215,1.5285,0.2336,0.2671,0.2306,0.2657,-0.0165,-0.1919,0.0091,0.021,1.0253,-0.0392,1.571,0.000245,-0.0001,0.0
28.76,FLIGHT,0.9226,1.5298,0.2304,0.2653,0.2275,0.2634,-0.0165,-0.1918,0.0087,0.0209,1.0252,-0.0392,1.5711,0.000244,-0.0001,0.0
28.765,FLIGHT,0.9238,1.5311,0.2273,0.263,0.2245,0.2608,-0.0164,-0.1917,0.0084,0.0207,1.025,-0.0393,1.5713,0.000244,-0.0001,0.0
28.77,FLIGHT,0.9249,1.5324,0.2243,0.2603,0.2216,0.2577,-0.0164,-0.1916,0.0081,0.0205,1.0248,-0.0394,1.5715,0.000244,-0.0001,0.0
28.775,FLIGHT,0.926,1.5337,0.2213,0.2573,0.2188,0.2544,-0.0164,-0.1915,0.008,0.0203,1.0246,-0.0396,1.5718,0.000243,-0.0001,0.0
28.78,FLIGHT,0.9271,1.535,0.2185,0.2539,0.2159,0.2508,-0.0163,-0.1914,0.0078,0.0201,1.0244,-0.0398,1.5721,0.000243,-0.0001,0.0
28.785,FLIGHT,0.9282,1.5362,0.2157,0.2503,0.2131,0.247,-0.0163,-0.1913,0.0078,0.0198,1.0241,-0.0401,1.5725,0.000242,-0.0001,0.0
28.79,FLIGHT,0.9292,1.5374,0.2129,0.2465,0.2103,0.243,-0.0162,-0.1912,0.0077,0.0195,1.0238,-0.0404,1.5729,0.000242,-0.0001,0.0
28.795,FLIGHT,0.9303,1.5386,0.21,0.2425,0.2075,0.2389,-0.0162,-0.1911,0.0077,0.0192,1.0235,-0.0408,1.5733,0.000242,-0.0001,0.0
28.8,FLIGHT,0.9313,1.5398,0.2072,0.2384,0.2047,0.2347,-0.0162,-0.191,0.0077,0.0189,1.0232,-0.0411,1.5737,0.000241,-0.0001,0.0
28.805,FLIGHT,0.9323,1.541,0.2044,0.2342,0.2018,0.2304,-0.0161,-0.191,0.0077,0.0185,1.0229,-0.0415,1.5742,0.000241,-0.0001,0.0
28.81,FLIGHT,0.9333,1.5421,0.2015,0.2299,0.1989,0.2261,-0.0161,-0.1909,0.0077,0.0182,1.0225,-0.0419,1.5747,0.00024,-0.0001,0.0
28.815,FLIGHT,0.9343,1.5433,0.1986,0.2256,0.1959,0.2217,-0.016,-0.1908,0.0077,0.0178,1.0222,-0.0423,1.5751,0.00024,-0.0001,0.0
28.82,FLIGHT,0.9353,1.5443,0.1956,0.2212,0.1929,0.2173,-0.016,-0.1907,0.0077,0.0175,1.0218,-0.0428,1.5756,0.00024,-0.0001,0.0
28.825,FLIGHT,0.9362,1.5454,0.1926,0.2168,0.1898,0.2129,-0.016,-0.1906,0.0077,0.0171,1.0213,-0.0432,1.5761,0.000239,-0.0001,0.0
28.83,FLIGHT,0.9372,1.5465,0.1895,0.2124,0.1867,0.2085,-0.0159,-0.1905,0.0077,0.0168,1.0209,-0.0436,1.5766,0.000239,-0.0001,0.0
28.835,FLIGHT,0.9381,1.5475,0.1864,0.208,0.1836,0.2041,-0.0159,-0.1904,0.0077,0.0164,1.0205,-0.0441,1.5771,0.000238,-0.0001,0.0
28.84,FLIGHT,0.939,1.5485,0.1832,0.2037,0.1804,0.1998,-0.0159,-0.1904,0.0077,0.0161,1.02,-0.0445,1.5776,0.000238,-0.0001,0.0
28.845,FLIGHT,0.9399,1.5495,0.18,0.1993,0.1772,0.1954,-0.0158,-0.1903,0.0076,0.0158,1.0195,-0.0449,1.578,0.000238,-0.0001,0.0
28.85,FLIGHT,0.9408,1.5505,0.1768,0.195,0.1739,0.1912,-0.0158,-0.1902,0.0076,0.0154,1.019,-0.0454,1.5785,0.000237,-0.0001,0.0
28.855,FLIGHT,0.9416,1.5514,0.1735,0.1907,0.1706,0.1869,-0.0157,-0.1901,0.0075,0.0151,1.0184,-0.0458,1.579,0.000237,-0.0001,0.0
28.86,FLIGHT,0.9425,1.5523,0.1702,0.1865,0.1673,0.1828,-0.0157,-0.1901,0.0074,0.0147,1.0179,-0.0462,1.5794,0.000237,-0.0001,0.0
28.865,FLIGHT,0.9433,1.5532,0.1669,0.1823,0.164,0.1786,-0.0157,-0.19,0.0073,0.0144,1.0173,-0.0466,1.5799,0.000236,-0.0001,0.0
28.87,FLIGHT,0.9441,1.5541,0.1636,0.1782,0.1606,0.1745,-0.0156,-0.1899,0.0073,0.0141,1.0167,-0.047,1.5803,0.000236,-0.0001,0.0
28.875,FLIGHT,0.9449,1.555,0.1603,0.1741,0.1573,0.1705,-0.0156,-0.1898,0.0072,0.0138,1.0161,-0.0473,1.5807,0.000235,-0.0001,0.0
28.88,FLIGHT,0.9457,1.5558,0.1569,0.1701,0.1539,0.1665,-0.0156,-0.1898,0.0071,0.0134,1.0155,-0.0477,1.5811,0.000235,-0.0001,0.0
28.885,FLIGHT,0.9465,1.5567,0.1536,0.1661,0.1506,0.1626,-0.0155,-0.1897,0.0069,0.0131,1.0149,-0.048,1.5815,0.000235,-0.0001,0.0
28.89,FLIGHT,0.9472,1.5575,0.1503,0.1622,0.1473,0.1587,-0.0155,-0.1897,0.0068,0.0128,1.0142,-0.0484,1.5819,0.000234,-0.0001,0.0
28.895,FLIGHT,0.9479,1.5582,0.1469,0.1583,0.144,0.1549,-0.0155,-0.1896,0.0067,0.0125,1.0135,-0.0487,1.5823,0.000234,-0.0001,0.0
28.9,FLIGHT,0.9486,1.559,0.1437,0.1545,0.1407,0.1511,-0.0154,-0.1895,0.0066,0.0122,1.0128,-0.049,1.5827,0.000234,-0.0001,0.0
28.905,FLIGHT,0.9493,1.5598,0.1404,0.1508,0.1375,0.1474,-0.0154,-0.1895,0.0065,0.0119,1.0121,-0.0493,1.583,0.000233,-0.0001,0.0
28.91,FLIGHT,0.95,1.5605,0.1371,0.147,0.1342,0.1437,-0.0154,-0.1894,0.0063,0.0116,1.0114,-0.0496,1.5834,0.000233,-0.0001,0.0
28.915,FLIGHT,0.9507,1.5612,0.1339,0.1434,0.1311,0.1401,-0.0153,-0.1894,0.0062,0.0113,1.0106,-0.0499,1.5837,0.000233,-0.0001,0.0
28.92,FLIGHT,0.9513,1.5619,0.1308,0.1398,0.1279,0.1366,-0.0153,-0.1893,0.0061,0.0111,1.0098,-0.0502,1.584,0.000232,-0.0001,0.0
28.925,FLIGHT,0.952,1.5626,0.1276,0.1362,0.1248,0.1331,-0.0153,-0.1892,0.006,0.0108,1.0091,-0.0504,1.5844,0.000232,-0.0001,0.0
28.93,FLIGHT,0.9526,1.5632,0.1245,0.1327,0.1218,0.1296,-0.0152,-0.1892,0.0058,0.0105,1.0082,-0.0507,1.5847,0.000232,-0.0001,0.0
28.935,FLIGHT,0.9532,1.5639,0.1215,0.1293,0.1187,0.1263,-0.0152,-0.1891,0.0057,0.0102,1.0074,-0.0509,1.585,0.000231,-0.0001,0.0
28.94,FLIGHT,0.9538,1.5645,0.1185,0.1259,0.1158,0.1229,-0.0152,-0.1891,0.0056,0.01,1.0066,-0.0511,1.5853,0.000231,-0.0001,0.0
28.945,FLIGHT,0.9543,1.5651,0.1155,0.1226,0.1129,0.1197,-0.0152,-0.189,0.0055,0.0097,1.0057,-0.0514,1.5855,0.000231,-0.0001,0.0
28.95,FLIGHT,0.9549,1.5657,0.1126,0.1193,0.11,0.1164,-0.0151,-0.189,0.0053,0.0095,1.0049,-0.0516,1.5858,0.00023,-0.0001,0.0
28.955,FLIGHT,0.9554,1.5662,0.1097,0.1161,0.1072,0.1133,-0.0151,-0.189,0.0052,0.0092,1.004,-0.0518,1.5861,0.00023,-0.0001,0.0
28.96,FLIGHT,0.956,1.5668,0.1069,0.113,0.1044,0.1102,-0.0151,-0.1889,0.0051,0.009,1.0031,-0.052,1.5863,0.00023,-0.0001,0.0
28.965,FLIGHT,0.9565,1.5674,0.1041,0.1099,0.1017,0.1071,-0.0151,-0.1889,0.005,0.0087,1.0022,-0.0522,1.5866,0.000229,-0.0001,0.0
28.97,FLIGHT,0.957,1.5679,0.1014,0.1068,0.099,0.1041,-0.015,-0.1888,0.0049,0.0085,1.0012,-0.0524,1.5868,0.000229,-0.0001,0.0
28.975,FLIGHT,0.9575,1.5684,0.0988,0.1039,0.0964,0.1012,-0.015,-0.1888,0.0048,0.0082,1.0003,-0.0526,1.5871,0.000229,-0.0001,0.0
28.98,STANCE,0.9588,1.5691,0.248,0.1265,0.546,0.0494,-0.0148,-0.1887,0.0299,0.0081,0.9995,0.1239,-0.5257,-0.000554,-0.3054,0.0616
28.985,STANCE,0.9627,1.568,0.6335,-0.1377,0.9941,-0.5179,-0.014,-0.1889,0.1381,-0.0216,0.9986,-0.1939,-1.0588,-0.0023,-0.3693,0.0762
28.99,STANCE,0.9679,1.5635,0.9088,-0.6705,0.8052,-0.8025,-0.0124,-0.1894,0.2626,-0.0726,0.9978,-0.5937,-1.4154,-0.003919,-0.2217,0.0482
28.995,STANCE,0.9701,1.5615,0.5573,-0.4662,0.2814,-0.2329,-0.0117,-0.1896,0.1688,-0.0489,0.9978,-0.7548,-1.9709,-0.004297,0.0135,0.0043
29.0,STANCE,0.9719,1.5597,0.4403,-0.4044,0.4936,-0.5394,-0.0111,-0.1898,0.1384,-0.0414,0.9981,-0.9804,-2.3123,-0.004075,0.0628,0.0041
29.005,STANCE,0.974,1.5536,0.4092,-1.0569,0.3654,-1.8875,-0.0099,-0.1903,0.222,-0.0984,0.9981,-1.2024,-2.1387,-0.003496,0.1427,0.0035
29.01,STANCE,0.9775,1.5452,0.6391,-1.4772,0.9225,-1.818,-0.0081,-0.1911,0.3252,-0.1346,0.9982,-1.4591,-1.8333,-0.00329,-0.0513,0.0135
29.015,STANCE,0.982,1.5341,0.7961,-2.0442,0.7113,-2.7642,-0.0057,-0.1921,0.4367,-0.1793,0.9982,-1.5874,-1.2679,-0.003526,0.0101,0.0035
29.02,STANCE,0.9865,1.5204,0.8668,-2.5252,0.7728,-3.009,-0.0029,-0.1933,0.5219,-0.212,0.9981,-1.5498,-0.5948,-0.003784,-0.0207,0.0079
29.025,STANCE,0.9905,1.5054,0.8182,-2.8494,0.6468,-3.1577,0.0,-0.1945,0.5634,-0.2287,0.998,-1.3212,0.0779,-0.003998,-0.0089,0.0058
29.03,STANCE,0.9938,1.4901,0.7021,-2.9882,0.5142,-3.116,0.0028,-0.1957,0.5658,-0.23,0.998,-0.9476,0.6608,-0.004148,-0.0002,0.0042
29.035,STANCE,0.9963,1.4751,0.5694,-2.9755,0.4303,-2.9413,0.0055,-0.1968,0.5426,-0.2204,0.9981,-0.5186,1.0977,-0.004224,-0.0004,0.0043
29.04,STANCE,0.9981,1.4607,0.4259,-2.9052,0.3526,-2.774,0.0079,-0.1979,0.5081,-0.208,0.9982,-0.1498,1.3668,-0.004142,0.0116,0.0041
29.045,FLIGHT,0.9997,1.4472,0.3524,-2.7612,0.3035,-2.6277,0.0102,-0.1989,0.4759,-0.1911,0.9984,-1.3724,2.6399,-0.003994,0.0444,0.004
29.05,FLIGHT,0.9998,1.4359,0.0961,-2.3681,-0.2246,-1.8334,0.0119,-0.1996,0.3691,-0.1619,0.9987,-1.3603,2.6179,-0.00363,0.0717,0.0036
29.055,FLIGHT,0.9974,1.4285,-0.3311,-1.7346,-0.747,-1.1563,0.0125,-0.2002,0.1906,-0.1223,0.9993,-1.237,2.5091,-0.003133,0.1243,0.0031
29.06,FLIGHT,0.9925,1.4242,-0.7894,-1.1097,-1.1835,-0.577,0.0122,-0.2005,0.006,-0.0853,0.9999,-1.0738,2.3719,-0.002414,0.1604,0.0024
29.065,FLIGHT,0.9857,1.4226,-1.1955,-0.5569,-1.5253,-0.1021,0.0111,-0.2007,-0.1577,-0.0516,1.0007,-0.9018,2.2301,-0.001553,0.1819,0.0016
29.07,FLIGHT,0.9774,1.423,-1.5217,-0.0965,-1.7758,0.2733,0.0093,-0.2008,-0.2913,-0.021,1.0017,-0.7353,2.0944,-0.000615,0.1915,0.0006
29.075,FLIGHT,0.9681,1.4251,-1.7631,0.2704,-1.9415,0.5592,0.0071,-0.2007,-0.3934,0.0069,1.0026,-0.5815,1.9702,0.000318,0.1612,0.0
29.08,FLIGHT,0.9581,1.4285,-1.9232,0.5512,-2.0332,0.7666,0.0047,-0.2005,-0.4657,0.0318,1.0037,-0.4436,1.8596,0.000942,0.0922,0.0
29.085,FLIGHT,0.9478,1.4327,-2.0127,0.7548,-2.0647,0.9056,0.002,-0.2002,-0.5119,0.0533,1.0047,-0.3216,1.7626,0.001277,0.0452,0.0
29.09,FLIGHT,0.9376,1.4374,-2.0426,0.8916,-2.0456,0.9872,-0.0008,-0.1999,-0.5358,0.0712,1.0058,-0.2155,1.679,0.001421,0.0146,0.0
29.095,FLIGHT,0.9275,1.4425,-2.0227,0.972,-1.9853,1.0217,-0.0035,-0.1995,-0.5413,0.0851,1.0069,-0.1248,1.6085,0.001442,-0.0046,0.0009
29.1,FLIGHT,0.9178,1.4476,-1.962,1.006,-1.892,1.0186,-0.0061,-0.199,-0.5319,0.0949,1.008,-0.0486,1.5502,0.001388,-0.016,0.0032
29.105,FLIGHT,0.9086,1.4526,-1.869,1.003,-1.7736,0.9861,-0.0087,-0.1985,-0.5109,0.1008,1.0091,0.014,1.5033,0.001291,-0.0221,0.0044
29.11,FLIGHT,0.9001,1.4574,-1.7513,0.9711,-1.6368,0.9319,-0.011,-0.198,-0.4811,0.103,1.0101,0.0641,1.4666,0.001172,-0.0248,0.005
29.115,FLIGHT,0.8922,1.4619,-1.6156,0.9178,-1.4879,0.8624,-0.0132,-0.1975,-0.4451,0.102,1.0111,0.1031,1.439,0.001047,-0.0252,0.005
29.12,FLIGHT,0.8852,1.466,-1.4679,0.8495,-1.3318,0.7832,-0.0151,-0.1971,-0.405,0.0982,1.0121,0.1322,1.4195,0.000923,-0.0242,0.0048
29.125,FLIGHT,0.8789,1.4697,-1.3133,0.7715,-1.1731,0.6987,-0.0169,-0.1966,-0.3627,0.0922,1.0131,0.1526,1.4069,0.000806,-0.0224,0.0045
29.13,FLIGHT,0.8735,1.473,-1.1562,0.6884,-1.0155,0.613,-0.0184,-0.1962,-0.3195,0.0846,1.014,0.1655,1.4001,0.000699,-0.0201,0.004
29.135,FLIGHT,0.8688,1.4759,-1.0001,0.6041,-0.8617,0.5288,-0.0197,-0.1959,-0.2768,0.0759,1.0148,0.1721,1.3982,0.000605,-0.0176,0.0035
29.14,FLIGHT,0.8648,1.4783,-0.848,0.5213,-0.7143,0.4487,-0.0208,-0.1956,-0.2353,0.0666,1.0156,0.1734,1.4002,0.000523,-0.0151,0.003
29.145,FLIGHT,0.8616,1.4804,-0.7022,0.4426,-0.5749,0.3743,-0.0217,-0.1953,-0.1959,0.0571,1.0164,0.1703,1.4053,0.000454,-0.0127,0.0025
29.15,FLIGHT,0.8591,1.4821,-0.5643,0.3694,-0.4448,0.3069,-0.0224,-0.1951,-0.159,0.0478,1.0171,0.1638,1.4128,0.000396,-0.0105,0.0021
29.155,FLIGHT,0.8571,1.4834,-0.4357,0.3032,-0.3249,0.2471,-0.023,-0.1949,-0.125,0.039,1.0178,0.1547,1.422,0.000349,-0.0085,0.0017
29.16,FLIGHT,0.8558,1.4845,-0.3172,0.2445,-0.2157,0.1955,-0.0234,-0.1948,-0.094,0.0309,1.0184,0.1435,1.4325,0.00031,-0.0068,0.0014
29.165,FLIGHT,0.855,1.4854,-0.2092,0.1939,-0.1173,0.1522,-0.0237,-0.1947,-0.0663,0.0236,1.0191,0.131,1.4436,0.00028,-0.0053,0.0011
29.17,FLIGHT,0.8546,1.4861,-0.112,0.1514,-0.0298,0.1169,-0.0238,-0.1946,-0.0417,0.0172,1.0196,0.1176,1.455,0.000257,-0.0041,0.0008
29.175,FLIGHT,0.8547,1.4866,-0.0255,0.1168,0.0473,0.0893,-0.0239,-0.1946,-0.0203,0.0119,1.0202,0.1037,1.4665,0.000239,-0.003,0.0006
29.18,FLIGHT,0.8551,1.487,0.0507,0.0899,0.1144,0.069,-0.0239,-0.1945,-0.002,0.0074,1.0207,0.0898,1.4777,0.000226,-0.0022,0.0004
29.185,FLIGHT,0.8558,1.4873,0.1169,0.0701,0.1719,0.0554,-0.0238,-0.1945,0.0135,0.004,1.0212,0.0761,1.4885,0.000217,-0.0015,0.0003
29.19,FLIGHT,0.8568,1.4876,0.1737,0.0569,0.2205,0.0478,-0.0236,-0.1945,0.0263,0.0014,1.0217,0.0629,1.4987,0.000211,-0.0009,0.0002
29.195,FLIGHT,0.858,1.4878,0.2217,0.0496,0.2611,0.0456,-0.0234,-0.1945,0.0366,-0.0004,1.0221,0.0503,1.5082,0.000208,-0.0005,0.0001
29.2,FLIGHT,0.8594,1.488,0.2617,0.0476,0.2942,0.048,-0.0231,-0.1945,0.0446,-0.0015,1.0226,0.0386,1.517,0.000206,-0.0001,0.0
29.205,FLIGHT,0.8609,1.4883,0.2944,0.0502,0.3206,0.0543,-0.0229,-0.1945,0.0506,-0.0019,1.023,0.0277,1.5249,0.000207,0.0002,0.0
29.21,FLIGHT,0.8626,1.4886,0.3205,0.0566,0.3411,0.0639,-0.0226,-0.1946,0.0549,-0.0018,1.0233,0.0177,1.532,0.000208,0.0004,0.0
29.215,FLIGHT,0.8643,1.4889,0.3407,0.0663,0.3564,0.0762,-0.0223,-0.1946,0.0575,-0.0013,1.0237,0.0087,1.5383,0.00021,0.0005,0.0
29.22,FLIGHT,0.8661,1.4893,0.3558,0.0785,0.3672,0.0904,-0.022,-0.1946,0.0588,-0.0004,1.0241,0.0007,1.5438,0.000213,0.0006,0.0
29.225,FLIGHT,0.868,1.4898,0.3664,0.0927,0.3741,0.1061,-0.0217,-0.1946,0.059,0.0008,1.0244,-0.0064,1.5486,0.000216,0.0007,0.0
29.23,FLIGHT,0.8698,1.4904,0.3732,0.1083,0.3778,0.1228,-0.0214,-0.1945,0.0582,0.0023,1.0247,-0.0125,1.5526,0.00022,0.0007,0.0
29.235,FLIGHT,0.8717,1.491,0.3768,0.1249,0.3787,0.14,-0.0211,-0.1945,0.0567,0.0038,1.025,-0.0179,1.556,0.000223,0.0007,0.0
29.24,FLIGHT,0.8736,1.4918,0.3777,0.1419,0.3775,0.1573,-0.0209,-0.1945,0.0546,0.0055,1.0253,-0.0224,1.5588,0.000227,0.0007,0.0
29.245,FLIGHT,0.8755,1.4926,0.3764,0.1591,0.3745,0.1744,-0.0206,-0.1944,0.052,0.0072,1.0256,-0.0262,1.5611,0.00023,0.0007,0.0
29.25,FLIGHT,0.8774,1.4935,0.3734,0.1761,0.3701,0.1911,-0.0204,-0.1944,0.0492,0.009,1.0258,-0.0293,1.5629,0.000233,0.0006,0.0
29.255,FLIGHT,0.8792,1.4945,0.3691,0.1926,0.3647,0.207,-0.0202,-0.1943,0.0461,0.0107,1.026,-0.0318,1.5643,0.000236,0.0006,0.0
29.26,FLIGHT,0.881,1.4956,0.3637,0.2083,0.3586,0.222,-0.0199,-0.1943,0.0429,0.0123,1.0263,-0.0338,1.5654,0.000239,0.0005,0.0
29.265,FLIGHT,0.8828,1.4968,0.3577,0.2232,0.352,0.236,-0.0198,-0.1942,0.0397,0.0139,1.0265,-0.0354,1.5661,0.000241,0.0005,0.0
29.27,FLIGHT,0.8845,1.498,0.3511,0.237,0.3451,0.2489,-0.0196,-0.1941,0.0366,0.0154,1.0266,-0.0365,1.5666,0.000244,0.0004,0.0
29.275,FLIGHT,0.8862,1.4992,0.3443,0.2497,0.3381,0.2605,-0.0194,-0.194,0.0335,0.0167,1.0268,-0.0374,1.5669,0.000245,0.0003,0.0
29.28,FLIGHT,0.8879,1.5006,0.3374,0.2611,0.3312,0.2708,-0.0193,-0.1939,0.0306,0.018,1.027,-0.0379,1.5671,0.000247,0.0003,0.0
29.285,FLIGHT,0.8896,1.5019,0.3305,0.2713,0.3244,0.2799,-0.0191,-0.1938,0.0279,0.0191,1.0271,-0.0383,1.5671,0.000248,0.0002,0.0
29.29,FLIGHT,0.8912,1.5034,0.3237,0.2802,0.3177,0.2877,-0.019,-0.1937,0.0253,0.0201,1.0272,-0.0385,1.567,0.000249,0.0002,0.0
29.295,FLIGHT,0.8927,1.5048,0.3172,0.2879,0.3114,0.2942,-0.0189,-0.1936,0.023,0.021,1.0273,-0.0385,1.5669,0.00025,0.0002,0.0
29.3,FLIGHT,0.8943,1.5063,0.3109,0.2944,0.3054,0.2996,-0.0188,-0.1935,0.0209,0.0217,1.0274,-0.0385,1.5668,0.000251,0.0001,0.0
29.305,FLIGHT,0.8958,1.5078,0.3049,0.2996,0.2996,0.3038,-0.0187,-0.1934,0.019,0.0224,1.0274,-0.0384,1.5667,0.000252,0.0001,0.0
29.31,FLIGHT,0.8973,1.5093,0.2992,0.3038,0.2942,0.307,-0.0186,-0.1933,0.0173,0.0229,1.0275,-0.0383,1.5665,0.000252,0.0001,0.0
29.315,FLIGHT,0.8987,1.5109,0.2938,0.3068,0.2891,0.3091,-0.0185,-0.1932,0.0158,0.0233,1.0275,-0.0382,1.5664,0.000252,0.0,0.0
29.32,FLIGHT,0.9002,1.5124,0.2887,0.3089,0.2843,0.3103,-0.0185,-0.1931,0.0145,0.0236,1.0275,-0.038,1.5664,0.000252,0.0,0.0
29.325,FLIGHT,0.9016,1.514,0.2839,0.31,0.2797,0.3106,-0.0184,-0.1929,0.0134,0.0238,1.0275,-0.0379,1.5663,0.000252,-0.0,0.0
29.33,FLIGHT,0.903,1.5155,0.2794,0.3103,0.2754,0.3102,-0.0184,-0.1928,0.0125,0.024,1.0274,-0.0378,1.5664,0.000252,-0.0,0.0
29.335,FLIGHT,0.9043,1.5171,0.2751,0.3098,0.2714,0.3091,-0.0183,-0.1927,0.0117,0.024,1.0273,-0.0378,1.5664,0.000252,-0.0,0.0
29.34,FLIGHT,0.9057,1.5186,0.271,0.3086,0.2675,0.3073,-0.0182,-0.1926,0.011,0.024,1.0273,-0.0378,1.5666,0.000252,-0.0001,0.0
29.345,FLIGHT,0.907,1.5202,0.2671,0.3068,0.2637,0.305,-0.0182,-0.1925,0.0105,0.0239,1.0272,-0.0379,1.5667,0.000251,-0.0001,0.0
29.35,FLIGHT,0.9083,1.5217,0.2634,0.3045,0.2601,0.3021,-0.0181,-0.1923,0.0101,0.0238,1.027,-0.038,1.567,0.000251,-0.0001,0.0
29.355,FLIGHT,0.9096,1.5232,0.2598,0.3016,0.2566,0.2989,-0.0181,-0.1922,0.0097,0.0236,1.0269,-0.0382,1.5672,0.000251,-0.0001,0.0
29.36,FLIGHT,0.9109,1.5247,0.2563,0.2983,0.2532,0.2952,-0.018,-0.1921,0.0095,0.0234,1.0267,-0.0384,1.5676,0.00025,-0.0001,0.0
29.365,FLIGHT,0.9121,1.5261,0.2529,0.2947,0.2498,0.2913,-0.018,-0.192,0.0093,0.0231,1.0265,-0.0386,1.5679,0.00025,-0.0001,0.0
29.37,FLIGHT,0.9134,1.5276,0.2495,0.2908,0.2465,0.2871,-0.018,-0.1919,0.0091,0.0228,1.0263,-0.0389,1.5683,0.000249,-0.0001,0.0
29.375,FLIGHT,0.9146,1.529,0.2461,0.2866,0.2432,0.2827,-0.0179,-0.1918,0.009,0.0225,1.0261,-0.0392,1.5688,0.000249,-0.0001,0.0
29.38,FLIGHT,0.9158,1.5304,0.2428,0.2821,0.2398,0.2781,-0.0179,-0.1917,0.009,0.0222,1.0259,-0.0396,1.5692,0.000248,-0.0001,0.0
29.385,FLIGHT,0.917,1.5318,0.2395,0.2775,0.2365,0.2733,-0.0178,-0.1916,0.0089,0.0218,1.0256,-0.04,1.5697,0.000248,-0.0001,0.0
29.39,FLIGHT,0.9182,1.5331,0.2361,0.2728,0.2331,0.2685,-0.0178,-0.1914,0.0089,0.0215,1.0253,-0.0404,1.5702,0.000248,-0.0001,0.0
29.395,FLIGHT,0.9193,1.5345,0.2327,0.2679,0.2297,0.2635,-0.0177,-0.1913,0.0089,0.0211,1.025,-0.0409,1.5708,0.000247,-0.0001,0.0
29.4,FLIGHT,0.9205,1.5358,0.2293,0.263,0.2262,0.2586,-0.0177,-0.1912,0.0088,0.0207,1.0247,-0.0413,1.5713,0.000247,-0.0001,0.0
29.405,FLIGHT,0.9216,1.537,0.2258,0.258,0.2227,0.2535,-0.0176,-0.1911,0.0088,0.0203,1.0243,-0.0418,1.5719,0.000246,-0.0001,0.0
29.41,FLIGHT,0.9227,1.5383,0.2223,0.253,0.2192,0.2485,-0.0176,-0.191,0.0088,0.0199,1.0239,-0.0423,1.5724,0.000246,-0.0001,0.0
29.415,FLIGHT,0.9238,1.5395,0.2188,0.2479,0.2156,0.2434,-0.0176,-0.1909,0.0088,0.0195,1.0236,-0.0428,1.573,0.000245,-0.0001,0.0
29.42,FLIGHT,0.9249,1.5407,0.2152,0.2429,0.212,0.2384,-0.0175,-0.1909,0.0087,0.0191,1.0231,-0.0432,1.5735,0.000245,-0.0001,0.0
29.425,FLIGHT,0.9259,1.5419,0.2116,0.2379,0.2083,0.2334,-0.0175,-0.1908,0.0087,0.0187,1.0227,-0.0437,1.5741,0.000244,-0.0001,0.0
29.43,FLIGHT,0.9269,1.5431,0.2079,0.2329,0.2046,0.2284,-0.0174,-0.1907,0.0087,0.0183,1.0223,-0.0442,1.5746,0.000244,-0.0001,0.0
29.435,FLIGHT,0.928,1.5442,0.2042,0.2279,0.2008,0.2234,-0.0174,-0.1906,0.0086,0.0179,1.0218,-0.0447,1.5752,0.000243,-0.0001,0.0
29.44,FLIGHT,0.9289,1.5453,0.2004,0.2229,0.1971,0.2185,-0.0173,-0.1905,0.0085,0.0175,1.0213,-0.0451,1.5757,0.000243,-0.0001,0.0
29.445,FLIGHT,0.9299,1.5464,0.1967,0.218,0.1933,0.2136,-0.0173,-0.1904,0.0085,0.0171,1.0208,-0.0456,1.5762,0.000243,-0.0001,0.0
29.45,FLIGHT,0.9309,1.5474,0.1929,0.2132,0.1895,0.2088,-0.0173,-0.1903,0.0084,0.0168,1.0203,-0.046,1.5767,0.000242,-0.0001,0.0
29.455,FLIGHT,0.9318,1.5485,0.1891,0.2083,0.1857,0.2041,-0.0172,-0.1902,0.0083,0.0164,1.0197,-0.0465,1.5772,0.000242,-0.0001,0.0
29.46,FLIGHT,0.9327,1.5495,0.1853,0.2036,0.1819,0.1994,-0.0172,-0.1902,0.0082,0.016,1.0192,-0.0469,1.5777,0.000241,-0.0001,0.0
29.465,FLIGHT,0.9336,1.5505,0.1815,0.1989,0.178,0.1947,-0.0171,-0.1901,0.008,0.0156,1.0186,-0.0473,1.5782,0.000241,-0.0001,0.0
29.47,FLIGHT,0.9345,1.5514,0.1776,0.1942,0.1742,0.1901,-0.0171,-0.19,0.0079,0.0153,1.018,-0.0477,1.5786,0.00024,-0.0001,0.0
29.475,FLIGHT,0.9354,1.5524,0.1738,0.1897,0.1705,0.1856,-0.0171,-0.1899,0.0078,0.0149,1.0173,-0.0481,1.5791,0.00024,-0.0001,0.0
29.48,FLIGHT,0.9362,1.5533,0.1701,0.1851,0.1667,0.1811,-0.017,-0.1899,0.0077,0.0146,1.0167,-0.0484,1.5795,0.00024,-0.0001,0.0
29.485,FLIGHT,0.937,1.5542,0.1663,0.1807,0.1629,0.1767,-0.017,-0.1898,0.0075,0.0142,1.016,-0.0488,1.58,0.000239,-0.0001,0.0
29.49,FLIGHT,0.9379,1.5551,0.1626,0.1763,0.1592,0.1724,-0.0169,-0.1897,0.0074,0.0139,1.0154,-0.0491,1.5804,0.000239,-0.0001,0.0
29.495,FLIGHT,0.9386,1.5559,0.1589,0.1719,0.1556,0.1681,-0.0169,-0.1897,0.0073,0.0135,1.0147,-0.0495,1.5808,0.000238,-0.0001,0.0
29.5,FLIGHT,0.9394,1.5567,0.1552,0.1677,0.1519,0.1639,-0.0169,-0.1896,0.0071,0.0132,1.014,-0.0498,1.5812,0.000238,-0.0001,0.0
29.505,FLIGHT,0.9402,1.5575,0.1516,0.1634,0.1483,0.1597,-0.0168,-0.1895,0.007,0.0129,1.0132,-0.0501,1.5815,0.000237,-0.0001,0.0
29.51,FLIGHT,0.9409,1.5583,0.148,0.1593,0.1448,0.1556,-0.0168,-0.1895,0.0069,0.0125,1.0125,-0.0504,1.5819,0.000237,-0.0001,0.0
29.515,FLIGHT,0.9416,1.5591,0.1444,0.1552,0.1413,0.1516,-0.0168,-0.1894,0.0067,0.0122,1.0117,-0.0507,1.5823,0.000237,-0.0001,0.0
29.52,FLIGHT,0.9423,1.5598,0.1409,0.1512,0.1378,0.1476,-0.0167,-0.1893,0.0066,0.0119,1.0109,-0.0509,1.5826,0.000236,-0.0001,0.0
29.525,FLIGHT,0.943,1.5606,0.1375,0.1472,0.1344,0.1437,-0.0167,-0.1893,0.0065,0.0116,1.0101,-0.0512,1.5829,0.000236,-0.0001,0.0
29.53,FLIGHT,0.9436,1.5613,0.1341,0.1433,0.1311,0.1399,-0.0167,-0.1892,0.0063,0.0113,1.0093,-0.0515,1.5833,0.000236,-0.0001,0.0
29.535,FLIGHT,0.9443,1.562,0.1307,0.1395,0.1278,0.1361,-0.0166,-0.1892,0.0062,0.011,1.0085,-0.0517,1.5836,0.000235,-0.0001,0.0
29.54,FLIGHT,0.9449,1.5626,0.1275,0.1358,0.1245,0.1324,-0.0166,-0.1891,0.0061,0.0107,1.0076,-0.052,1.5839,0.000235,-0.0001,0.0
29.545,FLIGHT,0.9455,1.5633,0.1242,0.1321,0.1214,0.1288,-0.0166,-0.1891,0.0059,0.0104,1.0067,-0.0522,1.5842,0.000234,-0.0001,0.0
29.55,FLIGHT,0.9461,1.5639,0.1211,0.1284,0.1183,0.1252,-0.0166,-0.189,0.0058,0.0101,1.0059,-0.0524,1.5845,0.000234,-0.0001,0.0
29.555,FLIGHT,0.9467,1.5646,0.118,0.1249,0.1152,0.1217,-0.0165,-0.189,0.0057,0.0098,1.0049,-0.0526,1.5848,0.000234,-0.0001,0.0
29.56,FLIGHT,0.9473,1.5652,0.1149,0.1214,0.1122,0.1183,-0.0165,-0.1889,0.0056,0.0096,1.004,-0.0528,1.5851,0.000233,-0.0001,0.0
29.565,FLIGHT,0.9478,1.5657,0.1119,0.118,0.1093,0.115,-0.0165,-0.1889,0.0055,0.0093,1.0031,-0.0531,1.5853,0.000233,-0.0001,0.0
29.57,FLIGHT,0.9484,1.5663,0.109,0.1146,0.1064,0.1117,-0.0164,-0.1888,0.0053,0.009,1.0021,-0.0533,1.5856,0.000233,-0.0001,0.0
29.575,FLIGHT,0.9489,1.5669,0.1061,0.1114,0.1036,0.1084,-0.0164,-0.1888,0.0052,0.0088,1.0012,-0.0534,1.5859,0.000232,-0.0001,0.0
29.58,STANCE,0.9494,1.5674,0.1033,0.1081,0.1158,0.1231,-0.0164,-0.1888,0.0051,0.0085,1.0002,0.2031,-0.0347,0.000232,-0.0231,0.0046
29.585,STANCE,0.9513,1.568,0.3219,0.1023,0.6519,-0.047,-0.0161,-0.1887,0.0471,0.0045,0.9994,0.1051,-0.6485,-0.000875,-0.3341,0.0677
29.59,STANCE,0.9557,1.5663,0.7219,-0.2329,1.071,-0.68,-0.0151,-0.189,0.1675,-0.0326,0.9985,-0.236,-1.1576,-0.002693,-0.37,0.0767
29.595,STANCE,0.9608,1.5613,0.9003,-0.7485,0.6355,-0.7163,-0.0134,-0.1895,0.2713,-0.081,0.9977,-0.6002,-1.5078,-0.00419,-0.1662,0.0374
29.6,STANCE,0.9626,1.5593,0.5211,-0.487,0.2852,-0.2884,-0.0128,-0.1897,0.1645,-0.0513,0.9978,-0.7367,-2.0667,-0.004451,0.0189,0.0045
29.605,STANCE,0.9646,1.557,0.4542,-0.4937,0.5256,-0.7403,-0.0121,-0.1899,0.153,-0.0504,0.9981,-0.9697,-2.3444,-0.004223,0.0663,0.0042
29.61,STANCE,0.9666,1.5493,0.4228,-1.2797,0.5649,-1.8694,-0.0107,-0.1907,0.2548,-0.1193,0.998,-1.1806,-2.0667,-0.003645,0.0659,0.0036
29.615,STANCE,0.9707,1.54,0.7157,-1.694,0.9946,-2.0994,-0.0086,-0.1915,0.3697,-0.155,0.9982,-1.4519,-1.7145,-0.003752,-0.1048,0.0247
29.62,STANCE,0.9748,1.5267,0.7673,-2.392,0.8784,-2.8504,-0.006,-0.1927,0.4799,-0.2091,0.998,-1.522,-1.0498,-0.003975,-0.0761,0.0192
29.625,STANCE,0.9789,1.5114,0.7862,-2.8737,0.8149,-3.0942,-0.0031,-0.194,0.5561,-0.2403,0.9979,-1.4439,-0.3464,-0.004315,-0.0757,0.0194
29.63,STANCE,0.9823,1.4959,0.691,-3.0525,0.5264,-3.2307,-0.0002,-0.1953,0.5683,-0.2446,0.9978,-1.1738,0.2748,-0.004513,-0.0114,0.0068
29.635,STANCE,0.9849,1.4801,0.5475,-3.1314,0.4065,-3.1566,0.0025,-0.1965,0.5567,-0.2412,0.9978,-0.7769,0.8265,-0.004665,-0.0186,0.0084
29.64,STANCE,0.9866,1.4647,0.4021,-3.1007,0.3142,-2.9961,0.0051,-0.1977,0.5283,-0.2305,0.9979,-0.3495,1.2367,-0.004727,-0.0155,0.0078
29.645,STANCE,0.9878,1.45,0.2943,-2.9861,0.2586,-2.8163,0.0075,-0.1988,0.4942,-0.2148,0.998,-0.0282,1.4559,-0.004679,0.0016,0.0047
29.65,FLIGHT,0.989,1.4364,0.2549,-2.7865,0.1425,-2.5163,0.0097,-0.1997,0.4605,-0.194,0.9982,-1.3285,2.6026,-0.004588,0.0397,0.0046
29.655,FLIGHT,0.9884,1.4256,-0.0364,-2.3151,-0.3965,-1.7934,0.0111,-0.2005,0.3346,-0.1602,0.9986,-1.2823,2.5536,-0.004229,0.101,0.0042
29.66,FLIGHT,0.9852,1.4183,-0.4732,-1.7018,-0.8756,-1.1456,0.0116,-0.201,0.1567,-0.1219,0.9992,-1.1507,2.4394,-0.003604,0.1463,0.0036
29.665,FLIGHT,0.9798,1.414,-0.905,-1.1036,-1.2685,-0.5958,0.0111,-0.2014,-0.019,-0.0858,0.9999,-0.9894,2.3045,-0.002792,0.1762,0.0028
29.67,FLIGHT,0.9727,1.4122,-1.2744,-0.5782,-1.5705,-0.1469,0.01,-0.2016,-0.1716,-0.0528,1.0007,-0.8237,2.1684,-0.001865,0.1927,0.0019
29.675,FLIGHT,0.9642,1.4124,-1.5638,-0.1423,-1.7862,0.2073,0.0082,-0.2016,-0.2944,-0.0229,1.0016,-0.6652,2.0397,-0.000883,0.1985,0.0009
29.68,FLIGHT,0.9549,1.4141,-1.7722,0.2042,-1.9235,0.4765,0.0061,-0.2016,-0.3871,0.0039,1.0026,-0.5196,1.9225,0.0001,0.1819,0.0
29.685,FLIGHT,0.9451,1.417,-1.904,0.4691,-1.9907,0.6725,0.0037,-0.2014,-0.4516,0.0277,1.0037,-0.3901,1.8191,0.000812,0.107,0.0
29.69,FLIGHT,0.9351,1.4208,-1.9698,0.6616,-2.0025,0.8045,0.0012,-0.2012,-0.4916,0.0481,1.0048,-0.2761,1.729,0.001208,0.0549,0.0
29.695,FLIGHT,0.9252,1.425,-1.9805,0.7917,-1.9684,0.8831,-0.0015,-0.2008,-0.511,0.0647,1.0059,-0.1775,1.6518,0.001392,0.0209,0.0
29.7,FLIGHT,0.9155,1.4295,-1.9458,0.8692,-1.8969,0.918,-0.004,-0.2005,-0.5134,0.0775,1.007,-0.0936,1.587,0.001438,-0.0007,0.0001
29.705,FLIGHT,0.9062,1.4341,-1.8742,0.9038,-1.7959,0.9182,-0.0065,-0.2,-0.5022,0.0865,1.0081,-0.0235,1.5338,0.001399,-0.0137,0.0027
29.71,FLIGHT,0.8976,1.4386,-1.7736,0.9042,-1.6727,0.8915,-0.0089,-0.1996,-0.4803,0.0917,1.0091,0.0336,1.4912,0.00131,-0.0209,0.0042
29.715,FLIGHT,0.8895,1.443,-1.6512,0.8781,-1.5337,0.845,-0.0111,-0.1991,-0.4506,0.0936,1.0102,0.0791,1.4583,0.001196,-0.0243,0.0049
29.72,FLIGHT,0.8822,1.4471,-1.5133,0.8324,-1.3845,0.7846,-0.0131,-0.1987,-0.4153,0.0925,1.0112,0.114,1.4339,0.001071,-0.0251,0.005
29.725,FLIGHT,0.8757,1.4508,-1.3654,0.7731,-1.2299,0.7155,-0.0149,-0.1983,-0.3765,0.089,1.0122,0.1397,1.4168,0.000947,-0.0244,0.0049
29.73,FLIGHT,0.87,1.4542,-1.2122,0.7052,-1.0739,0.6418,-0.0165,-0.1979,-0.3358,0.0835,1.0131,0.1573,1.4062,0.000829,-0.0227,0.0045
29.735,FLIGHT,0.865,1.4572,-1.0577,0.6329,-0.9198,0.5671,-0.0179,-0.1975,-0.2945,0.0766,1.014,0.168,1.4009,0.000721,-0.0205,0.0041
29.74,FLIGHT,0.8607,1.4599,-0.9053,0.5595,-0.7705,0.4941,-0.0191,-0.1972,-0.2538,0.0688,1.0149,0.1728,1.4,0.000624,-0.0181,0.0036
29.745,FLIGHT,0.8573,1.4622,-0.7575,0.4878,-0.6278,0.425,-0.0201,-0.1969,-0.2146,0.0605,1.0157,0.1728,1.4027,0.00054,-0.0155,0.0031
29.75,FLIGHT,0.8545,1.4642,-0.6163,0.4198,-0.4934,0.3611,-0.0209,-0.1967,-0.1773,0.0521,1.0165,0.1688,1.4081,0.000469,-0.0131,0.0026
29.755,FLIGHT,0.8523,1.4658,-0.4834,0.3571,-0.3685,0.3037,-0.0216,-0.1965,-0.1426,0.044,1.0172,0.1617,1.4157,0.000409,-0.0108,0.0022
29.76,FLIGHT,0.8508,1.4672,-0.3599,0.3008,-0.2536,0.2534,-0.0221,-0.1963,-0.1107,0.0363,1.0179,0.1522,1.4248,0.00036,-0.0088,0.0018
29.765,FLIGHT,0.8497,1.4684,-0.2463,0.2514,-0.1493,0.2105,-0.0224,-0.1962,-0.0817,0.0293,1.0186,0.141,1.4349,0.000321,-0.007,0.0014
29.77,FLIGHT,0.8492,1.4693,-0.1432,0.2094,-0.0555,0.175,-0.0227,-0.1961,-0.0559,0.0231,1.0192,0.1286,1.4456,0.00029,-0.0055,0.0011
29.775,FLIGHT,0.8492,1.4701,-0.0505,0.1746,0.0278,0.1468,-0.0228,-0.196,-0.0331,0.0177,1.0198,0.1155,1.4565,0.000265,-0.0042,0.0008
29.78,FLIGHT,0.8495,1.4708,0.0318,0.1471,0.101,0.1256,-0.0228,-0.1959,-0.0133,0.0132,1.0204,0.102,1.4674,0.000247,-0.0031,0.0006
29.785,FLIGHT,0.8502,1.4714,0.1042,0.1264,0.1646,0.1108,-0.0227,-0.1959,0.0037,0.0096,1.0209,0.0886,1.478,0.000234,-0.0023,0.0005
29.79,FLIGHT,0.8511,1.4719,0.1669,0.1121,0.219,0.102,-0.0226,-0.1959,0.0178,0.0069,1.0215,0.0755,1.4882,0.000224,-0.0015,0.0003
29.795,FLIGHT,0.8523,1.4724,0.2207,0.1036,0.265,0.0984,-0.0225,-0.1959,0.0295,0.0049,1.0219,0.0629,1.4978,0.000218,-0.001,0.0002
29.8,FLIGHT,0.8538,1.4729,0.2661,0.1003,0.3032,0.0995,-0.0222,-0.1958,0.0388,0.0036,1.0224,0.0509,1.5067,0.000214,-0.0005,0.0001
29.805,FLIGHT,0.8554,1.4734,0.3039,0.1016,0.3344,0.1046,-0.022,-0.1958,0.046,0.0029,1.0229,0.0397,1.5149,0.000213,-0.0001,0.0
29.81,FLIGHT,0.8571,1.474,0.3346,0.1069,0.3593,0.1131,-0.0217,-0.1958,0.0513,0.0028,1.0233,0.0294,1.5223,0.000213,0.0001,0.0
29.815,FLIGHT,0.859,1.4746,0.3592,0.1154,0.3786,0.1244,-0.0214,-0.1958,0.055,0.0032,1.0237,0.02,1.5289,0.000214,0.0003,0.0
29.82,FLIGHT,0.8609,1.4752,0.3782,0.1266,0.3929,0.1377,-0.0212,-0.1958,0.0572,0.0039,1.0241,0.0115,1.5348,0.000216,0.0005,0.0
29.825,FLIGHT,0.8629,1.4759,0.3923,0.14,0.403,0.1527,-0.0209,-0.1958,0.0581,0.0049,1.0245,0.0039,1.54,0.000219,0.0006,0.0
29.83,FLIGHT,0.8649,1.4767,0.4023,0.1549,0.4095,0.1688,-0.0206,-0.1957,0.0581,0.0062,1.0248,-0.0027,1.5444,0.000222,0.0006,0.0
29.835,FLIGHT,0.867,1.4776,0.4086,0.1709,0.4128,0.1855,-0.0203,-0.1957,0.0571,0.0077,1.0252,-0.0086,1.5483,0.000225,0.0007,0.0
29.84,FLIGHT,0.869,1.4786,0.4119,0.1875,0.4136,0.2025,-0.02,-0.1956,0.0555,0.0093,1.0255,-0.0136,1.5515,0.000229,0.0007,0.0
29.845,FLIGHT,0.8711,1.4796,0.4126,0.2043,0.4123,0.2194,-0.0197,-0.1956,0.0534,0.0109,1.0258,-0.0179,1.5541,0.000232,0.0007,0.0
29.85,FLIGHT,0.8732,1.4808,0.4113,0.2211,0.4094,0.236,-0.0195,-0.1955,0.0508,0.0126,1.0261,-0.0215,1.5563,0.000235,0.0006,0.0
29.855,FLIGHT,0.8752,1.482,0.4084,0.2375,0.4051,0.2519,-0.0193,-0.1954,0.048,0.0142,1.0264,-0.0245,1.5581,0.000238,0.0006,0.0
29.86,FLIGHT,0.8772,1.4833,0.4041,0.2532,0.3998,0.267,-0.019,-0.1954,0.045,0.0158,1.0266,-0.0269,1.5595,0.000241,0.0005,0.0
29.865,FLIGHT,0.8792,1.4847,0.3989,0.2681,0.3939,0.281,-0.0188,-0.1953,0.042,0.0174,1.0269,-0.0289,1.5606,0.000243,0.0005,0.0
29.87,FLIGHT,0.8811,1.4861,0.393,0.282,0.3874,0.294,-0.0187,-0.1952,0.0389,0.0188,1.0271,-0.0304,1.5614,0.000246,0.0004,0.0
29.875,FLIGHT,0.8831,1.4876,0.3866,0.2949,0.3807,0.3058,-0.0185,-0.1951,0.0359,0.0202,1.0273,-0.0316,1.562,0.000248,0.0004,0.0
29.88,FLIGHT,0.8849,1.4892,0.3799,0.3065,0.3738,0.3164,-0.0183,-0.195,0.0329,0.0214,1.0275,-0.0325,1.5624,0.00025,0.0003,0.0
29.885,FLIGHT,0.8868,1.4908,0.373,0.3169,0.3669,0.3256,-0.0182,-0.1948,0.0302,0.0226,1.0276,-0.0331,1.5627,0.000251,0.0003,0.0
29.89,FLIGHT,0.8886,1.4924,0.3662,0.326,0.3601,0.3336,-0.018,-0.1947,0.0276,0.0236,1.0278,-0.0336,1.5628,0.000252,0.0002,0.0
29.895,FLIGHT,0.8904,1.4941,0.3594,0.3339,0.3534,0.3404,-0.0179,-0.1946,0.0251,0.0245,1.0279,-0.0339,1.5629,0.000253,0.0002,0.0
29.9,FLIGHT,0.8921,1.4958,0.3528,0.3405,0.347,0.3459,-0.0178,-0.1945,0.0229,0.0252,1.0281,-0.0341,1.563,0.000254,0.0001,0.0
29.905,FLIGHT,0.8939,1.4976,0.3464,0.3459,0.3408,0.3502,-0.0177,-0.1943,0.0209,0.0259,1.0282,-0.0342,1.563,0.000255,0.0001,0.0
29.91,FLIGHT,0.8956,1.4993,0.3402,0.3502,0.3348,0.3535,-0.0176,-0.1942,0.0191,0.0264,1.0282,-0.0342,1.563,0.000255,0.0001,0.0
29.915,FLIGHT,0.8972,1.5011,0.3343,0.3533,0.3291,0.3556,-0.0175,-0.1941,0.0175,0.0268,1.0283,-0.0343,1.5631,0.000255,0.0,0.0
29.92,FLIGHT,0.8988,1.5029,0.3287,0.3554,0.3237,0.3568,-0.0175,-0.1939,0.0161,0.0272,1.0283,-0.0343,1.5631,0.000256,0.0,0.0
29.925,FLIGHT,0.9005,1.5047,0.3232,0.3565,0.3185,0.3571,-0.0174,-0.1938,0.0148,0.0274,1.0284,-0.0343,1.5632,0.000256,-0.0,0.0
29.93,FLIGHT,0.902,1.5064,0.3181,0.3567,0.3135,0.3565,-0.0173,-0.1937,0.0137,0.0275,1.0284,-0.0343,1.5634,0.000255,-0.0,0.0
29.935,FLIGHT,0.9036,1.5082,0.3131,0.3561,0.3088,0.3552,-0.0173,-0.1935,0.0128,0.0276,1.0283,-0.0344,1.5635,0.000255,-0.0,0.0
29.94,FLIGHT,0.9051,1.51,0.3084,0.3548,0.3042,0.3532,-0.0172,-0.1934,0.0121,0.0276,1.0283,-0.0345,1.5637,0.000255,-0.0001,0.0
29.945,FLIGHT,0.9066,1.5118,0.3038,0.3527,0.2998,0.3506,-0.0171,-0.1932,0.0114,0.0275,1.0282,-0.0346,1.564,0.000255,-0.0001,0.0
29.95,FLIGHT,0.9081,1.5135,0.2994,0.3501,0.2955,0.3474,-0.0171,-0.1931,0.0109,0.0274,1.0282,-0.0348,1.5643,0.000254,-0.0001,0.0
29.955,FLIGHT,0.9096,1.5152,0.2951,0.3469,0.2913,0.3438,-0.017,-0.193,0.0104,0.0272,1.0281,-0.035,1.5647,0.000254,-0.0001,0.0
29.96,FLIGHT,0.911,1.5169,0.2909,0.3432,0.2871,0.3398,-0.017,-0.1928,0.0101,0.0269,1.0279,-0.0353,1.5651,0.000254,-0.0001,0.0
29.965,FLIGHT,0.9125,1.5186,0.2867,0.3392,0.2831,0.3354,-0.0169,-0.1927,0.0098,0.0266,1.0278,-0.0356,1.5655,0.000253,-0.0001,0.0
29.97,FLIGHT,0.9139,1.5203,0.2827,0.3347,0.279,0.3306,-0.0169,-0.1926,0.0096,0.0263,1.0276,-0.036,1.566,0.000253,-0.0001,0.0
29.975,FLIGHT,0.9152,1.5219,0.2786,0.33,0.275,0.3257,-0.0168,-0.1924,0.0094,0.026,1.0275,-0.0363,1.5665,0.000252,-0.0001,0.0
29.98,FLIGHT,0.9166,1.5236,0.2746,0.325,0.271,0.3205,-0.0168,-0.1923,0.0093,0.0256,1.0273,-0.0368,1.567,0.000251,-0.0001,0.0
29.985,FLIGHT,0.918,1.5251,0.2706,0.3199,0.267,0.3151,-0.0168,-0.1922,0.0092,0.0252,1.027,-0.0372,1.5676,0.000251,-0.0001,0.0
29.99,FLIGHT,0.9193,1.5267,0.2666,0.3145,0.263,0.3096,-0.0167,-0.1921,0.0091,0.0248,1.0268,-0.0377,1.5681,0.00025,-0.0001,0.0
29.995,FLIGHT,0.9206,1.5282,0.2626,0.309,0.2589,0.304,-0.0167,-0.1919,0.009,0.0244,1.0265,-0.0382,1.5687,0.00025,-0.0001,0.0
30.0,FLIGHT,0.9219,1.5297,0.2585,0.3034,0.2549,0.2983,-0.0166,-0.1918,0.009,0.024,1.0262,-0.0387,1.5693,0.000249,-0.0001,0.0
