t,phase,hip_pos,knee_pos,hip_vel_est,knee_vel_est,hip_vel_real,knee_vel_real,foot_x,foot_z,foot_vx,foot_vz,foot_z_world,tau_hip,tau_knee,foot_compression,foot_spring_vel,Fn_sensor
0.005,FLIGHT,1.0424,0.9071,-0.8654,1.3163,-3.2175,5.2853,0.1049,-0.2099,-0.3943,-0.1197,1.0755,-2.7425,3.2279,7e-05,0.022,0.0
0.01,FLIGHT,1.0171,0.9476,-3.8746,6.1491,-6.2556,9.6684,0.093,-0.2131,-1.8257,-0.4297,1.0768,-0.957,2.0127,0.000195,0.0264,0.0
0.015,FLIGHT,0.9862,0.993,-5.3838,8.0027,-5.6705,7.8646,0.079,-0.216,-2.4674,-0.4162,1.0782,0.1626,1.2332,0.000314,0.0192,0.0
0.02,FLIGHT,0.9624,1.0242,-4.8586,6.6305,-3.8732,4.7685,0.0687,-0.2176,-2.1359,-0.267,1.0792,0.1708,1.2327,0.000371,0.0002,0.0
0.025,FLIGHT,0.9462,1.0436,-3.6964,4.7,-2.7567,3.3321,0.062,-0.2184,-1.5698,-0.1548,1.0799,-0.2079,1.5096,0.000316,-0.0183,0.0037
0.03,FLIGHT,0.9333,1.0601,-2.9317,3.7509,-2.5024,3.3745,0.0565,-0.2188,-1.2482,-0.0885,1.0805,-0.3996,1.6529,0.000233,-0.0137,0.0027
0.035,FLIGHT,0.9208,1.0778,-2.645,3.6302,-2.5035,3.6769,0.0509,-0.2191,-1.164,-0.0422,1.081,-0.3408,1.6162,0.000179,-0.0081,0.0016
0.04,FLIGHT,0.9086,1.0961,-2.4987,3.6532,-2.3454,3.5988,0.0453,-0.2192,-1.1328,-0.0022,1.0815,-0.2103,1.5285,0.000149,-0.0044,0.0009
0.045,FLIGHT,0.8976,1.1133,-2.27,3.4767,-2.0167,3.2295,0.0402,-0.2191,-1.051,0.0301,1.082,-0.1348,1.4813,0.000132,-0.0024,0.0005
0.05,FLIGHT,0.8884,1.1284,-1.9577,3.1574,-1.6659,2.8594,0.0358,-0.2189,-0.9285,0.0523,1.0823,-0.1201,1.4783,0.000123,-0.0013,0.0003
0.055,FLIGHT,0.8808,1.1421,-1.6446,2.8545,-1.383,2.6201,0.0319,-0.2186,-0.809,0.0677,1.0826,-0.1224,1.4875,0.000119,-0.0005,0.0001
0.06,FLIGHT,0.8745,1.1548,-1.3793,2.6368,-1.1648,2.477,0.0286,-0.2182,-0.7141,0.0795,1.0828,-0.1141,1.4883,0.000118,0.0003,0.0
0.065,FLIGHT,0.8692,1.1669,-1.1588,2.4819,-0.9752,2.3579,0.0255,-0.2178,-0.6392,0.0891,1.0829,-0.0949,1.481,0.000121,0.0009,0.0
0.07,FLIGHT,0.8647,1.1784,-0.9627,2.3486,-0.7935,2.2316,0.0228,-0.2174,-0.5734,0.0962,1.083,-0.0749,1.4728,0.000127,0.0013,0.0
0.075,FLIGHT,0.8612,1.1892,-0.7792,2.2189,-0.62,2.1045,0.0203,-0.2169,-0.5114,0.1007,1.083,-0.0598,1.468,0.000134,0.0016,0.0
0.08,FLIGHT,0.8585,1.1994,-0.6082,2.0956,-0.4618,1.9904,0.0182,-0.2164,-0.4535,0.1032,1.083,-0.0491,1.4662,0.000143,0.0018,0.0
0.085,FLIGHT,0.8566,1.2091,-0.453,1.9855,-0.3218,1.8936,0.0162,-0.2159,-0.4015,0.1044,1.083,-0.0404,1.4655,0.000152,0.0019,0.0
0.09,FLIGHT,0.8553,1.2184,-0.3148,1.89,-0.1985,1.8104,0.0146,-0.2154,-0.3558,0.1049,1.0829,-0.0322,1.4649,0.000162,0.002,0.0
0.095,FLIGHT,0.8546,1.2273,-0.1923,1.8063,-0.0888,1.7356,0.0131,-0.2149,-0.3156,0.1047,1.0827,-0.0245,1.4644,0.000173,0.0021,0.0
0.1,FLIGHT,0.8544,1.2358,-0.0831,1.7311,0.0092,1.667,0.0117,-0.2143,-0.2797,0.1041,1.0825,-0.0177,1.4642,0.000183,0.0021,0.0
0.105,FLIGHT,0.8546,1.2439,0.0143,1.6626,0.0964,1.604,0.0105,-0.2138,-0.2477,0.103,1.0823,-0.012,1.4645,0.000193,0.0021,0.0
0.11,FLIGHT,0.8553,1.2518,0.1008,1.6001,0.1736,1.5466,0.0095,-0.2133,-0.2191,0.1017,1.0821,-0.0071,1.4653,0.000203,0.002,0.0
0.115,FLIGHT,0.8563,1.2594,0.1772,1.5431,0.2412,1.4943,0.0086,-0.2129,-0.1937,0.1002,1.0818,-0.003,1.4664,0.000213,0.0019,0.0
0.12,FLIGHT,0.8577,1.2668,0.2442,1.491,0.3004,1.4465,0.0078,-0.2124,-0.1711,0.0986,1.0815,0.0005,1.4677,0.000223,0.0018,0.0
0.125,FLIGHT,0.8593,1.2739,0.3029,1.4433,0.3519,1.4022,0.0071,-0.2119,-0.1512,0.0969,1.0812,0.0034,1.4691,0.000232,0.0017,0.0
0.13,FLIGHT,0.8612,1.2808,0.354,1.3992,0.3965,1.3611,0.0064,-0.2114,-0.1335,0.0952,1.0809,0.0059,1.4708,0.00024,0.0016,0.0
0.135,FLIGHT,0.8633,1.2875,0.3982,1.3582,0.435,1.3228,0.0059,-0.211,-0.1178,0.0935,1.0806,0.008,1.4725,0.000248,0.0015,0.0
0.14,FLIGHT,0.8656,1.294,0.4364,1.32,0.4679,1.2869,0.0054,-0.2105,-0.1039,0.0917,1.0802,0.0097,1.4744,0.000255,0.0014,0.0
0.145,FLIGHT,0.868,1.3004,0.469,1.2842,0.4959,1.2532,0.0049,-0.2101,-0.0916,0.09,1.0798,0.011,1.4764,0.000262,0.0013,0.0
0.15,FLIGHT,0.8705,1.3066,0.4966,1.2506,0.5193,1.2214,0.0046,-0.2096,-0.0807,0.0884,1.0795,0.0121,1.4784,0.000268,0.0011,0.0
0.155,FLIGHT,0.8732,1.3126,0.5198,1.2189,0.5388,1.1912,0.0042,-0.2092,-0.0711,0.0867,1.0791,0.0128,1.4805,0.000273,0.001,0.0
0.16,FLIGHT,0.8759,1.3185,0.5391,1.1888,0.5547,1.1626,0.0039,-0.2088,-0.0626,0.0851,1.0786,0.0134,1.4826,0.000278,0.0009,0.0
0.165,FLIGHT,0.8787,1.3242,0.5548,1.1602,0.5674,1.1352,0.0037,-0.2084,-0.0551,0.0835,1.0782,0.0138,1.4847,0.000282,0.0008,0.0
0.17,FLIGHT,0.8816,1.3298,0.5674,1.133,0.5774,1.1091,0.0034,-0.208,-0.0485,0.082,1.0778,0.0139,1.4869,0.000286,0.0007,0.0
0.175,FLIGHT,0.8845,1.3353,0.5772,1.1069,0.5848,1.084,0.0032,-0.2076,-0.0426,0.0805,1.0773,0.014,1.4891,0.000289,0.0006,0.0
0.18,FLIGHT,0.8874,1.3407,0.5845,1.0819,0.59,1.0599,0.0031,-0.2072,-0.0375,0.079,1.0768,0.0138,1.4913,0.000292,0.0005,0.0
0.185,FLIGHT,0.8904,1.3459,0.5896,1.0578,0.5933,1.0367,0.0029,-0.2068,-0.0329,0.0776,1.0764,0.0136,1.4934,0.000294,0.0004,0.0
0.19,FLIGHT,0.8933,1.351,0.5928,1.0346,0.5949,1.0142,0.0028,-0.2064,-0.0289,0.0762,1.0759,0.0133,1.4956,0.000296,0.0003,0.0
0.195,FLIGHT,0.8963,1.356,0.5943,1.0122,0.595,0.9924,0.0026,-0.206,-0.0254,0.0748,1.0753,0.0129,1.4977,0.000297,0.0002,0.0
0.2,FLIGHT,0.8993,1.361,0.5943,0.9905,0.5937,0.9714,0.0025,-0.2057,-0.0223,0.0734,1.0748,0.0124,1.4999,0.000298,0.0002,0.0
0.205,FLIGHT,0.9022,1.3658,0.593,0.9695,0.5913,0.9509,0.0024,-0.2053,-0.0196,0.0721,1.0743,0.0118,1.502,0.000299,0.0001,0.0
0.21,FLIGHT,0.9052,1.3705,0.5906,0.949,0.5879,0.931,0.0024,-0.205,-0.0172,0.0708,1.0737,0.0112,1.504,0.000299,0.0001,0.0
0.215,FLIGHT,0.9081,1.3751,0.5871,0.9291,0.5836,0.9115,0.0023,-0.2046,-0.0151,0.0695,1.0732,0.0106,1.5061,0.0003,0.0,0.0
0.22,FLIGHT,0.911,1.3796,0.5828,0.9098,0.5785,0.8926,0.0022,-0.2043,-0.0133,0.0683,1.0726,0.0098,1.5081,0.0003,-0.0,0.0
0.225,FLIGHT,0.9139,1.384,0.5777,0.8909,0.5728,0.8742,0.0022,-0.204,-0.0117,0.067,1.072,0.0091,1.5101,0.000299,-0.0001,0.0
0.23,FLIGHT,0.9168,1.3883,0.572,0.8725,0.5666,0.8561,0.0021,-0.2036,-0.0102,0.0658,1.0714,0.0084,1.512,0.000299,-0.0001,0.0
0.235,FLIGHT,0.9196,1.3926,0.5657,0.8545,0.5598,0.8385,0.0021,-0.2033,-0.009,0.0646,1.0708,0.0076,1.5139,0.000298,-0.0001,0.0
0.24,FLIGHT,0.9223,1.3967,0.5589,0.8369,0.5527,0.8213,0.0021,-0.203,-0.0079,0.0635,1.0701,0.0068,1.5158,0.000298,-0.0001,0.0
0.245,FLIGHT,0.9251,1.4008,0.5518,0.8197,0.5452,0.8044,0.002,-0.2027,-0.007,0.0623,1.0695,0.0059,1.5176,0.000297,-0.0002,0.0
0.25,FLIGHT,0.9278,1.4048,0.5443,0.8028,0.5374,0.7879,0.002,-0.2024,-0.0061,0.0612,1.0688,0.0051,1.5194,0.000296,-0.0002,0.0
0.255,FLIGHT,0.9305,1.4087,0.5365,0.7863,0.5294,0.7717,0.002,-0.2021,-0.0054,0.06,1.0681,0.0043,1.5212,0.000295,-0.0002,0.0
0.26,FLIGHT,0.9331,1.4125,0.5285,0.7702,0.5212,0.7558,0.0019,-0.2018,-0.0048,0.0589,1.0674,0.0034,1.5229,0.000294,-0.0002,0.0
0.265,FLIGHT,0.9357,1.4162,0.5203,0.7543,0.5129,0.7403,0.0019,-0.2015,-0.0042,0.0578,1.0667,0.0026,1.5246,0.000293,-0.0002,0.0
0.27,FLIGHT,0.9382,1.4199,0.512,0.7388,0.5044,0.725,0.0019,-0.2012,-0.0037,0.0568,1.066,0.0017,1.5263,0.000292,-0.0002,0.0
0.275,FLIGHT,0.9407,1.4235,0.5035,0.7236,0.4959,0.7101,0.0019,-0.201,-0.0033,0.0557,1.0653,0.0009,1.5279,0.00029,-0.0003,0.0001
0.28,FLIGHT,0.9432,1.427,0.495,0.7087,0.4873,0.6954,0.0019,-0.2007,-0.0029,0.0547,1.0645,0.0,1.5295,0.000289,-0.0003,0.0001
0.285,FLIGHT,0.9456,1.4304,0.4864,0.694,0.4787,0.681,0.0019,-0.2004,-0.0026,0.0536,1.0637,-0.0008,1.5311,0.000288,-0.0003,0.0001
0.29,FLIGHT,0.948,1.4338,0.4778,0.6797,0.4701,0.6669,0.0019,-0.2002,-0.0023,0.0526,1.0629,-0.0017,1.5326,0.000287,-0.0003,0.0001
0.295,FLIGHT,0.9503,1.4371,0.4692,0.6656,0.4615,0.6531,0.0018,-0.1999,-0.0021,0.0516,1.0621,-0.0025,1.5341,0.000285,-0.0003,0.0001
0.3,FLIGHT,0.9526,1.4403,0.4606,0.6518,0.4529,0.6395,0.0018,-0.1996,-0.0019,0.0506,1.0613,-0.0033,1.5355,0.000284,-0.0003,0.0001
0.305,FLIGHT,0.9548,1.4435,0.452,0.6382,0.4444,0.6262,0.0018,-0.1994,-0.0017,0.0497,1.0605,-0.0042,1.5369,0.000282,-0.0003,0.0001
0.31,FLIGHT,0.957,1.4466,0.4435,0.6249,0.4359,0.6131,0.0018,-0.1992,-0.0016,0.0487,1.0596,-0.005,1.5383,0.000281,-0.0003,0.0001
0.315,FLIGHT,0.9592,1.4496,0.435,0.6118,0.4274,0.6002,0.0018,-0.1989,-0.0015,0.0478,1.0588,-0.0058,1.5397,0.00028,-0.0003,0.0001
0.32,FLIGHT,0.9613,1.4526,0.4266,0.599,0.4191,0.5876,0.0018,-0.1987,-0.0013,0.0468,1.0579,-0.0066,1.541,0.000278,-0.0003,0.0001
0.325,FLIGHT,0.9634,1.4555,0.4182,0.5865,0.4108,0.5753,0.0018,-0.1985,-0.0013,0.0459,1.057,-0.0074,1.5423,0.000277,-0.0003,0.0001
0.33,FLIGHT,0.9654,1.4583,0.41,0.5741,0.4026,0.5632,0.0018,-0.1982,-0.0012,0.045,1.056,-0.0081,1.5435,0.000275,-0.0003,0.0001
0.335,FLIGHT,0.9674,1.4611,0.4018,0.562,0.3945,0.5513,0.0018,-0.198,-0.0011,0.0441,1.0551,-0.0089,1.5448,0.000274,-0.0003,0.0001
0.34,FLIGHT,0.9694,1.4639,0.3937,0.5502,0.3865,0.5396,0.0018,-0.1978,-0.0011,0.0433,1.0542,-0.0097,1.546,0.000273,-0.0003,0.0001
0.345,FLIGHT,0.9713,1.4665,0.3857,0.5385,0.3786,0.5282,0.0018,-0.1976,-0.001,0.0424,1.0532,-0.0104,1.5472,0.000271,-0.0003,0.0001
0.35,FLIGHT,0.9731,1.4691,0.3778,0.5271,0.3708,0.517,0.0018,-0.1974,-0.001,0.0416,1.0522,-0.0112,1.5483,0.00027,-0.0003,0.0001
0.355,FLIGHT,0.975,1.4717,0.37,0.5159,0.3631,0.506,0.0018,-0.1972,-0.001,0.0407,1.0512,-0.0119,1.5494,0.000269,-0.0003,0.0001
0.36,FLIGHT,0.9768,1.4742,0.3623,0.5049,0.3555,0.4952,0.0018,-0.197,-0.001,0.0399,1.0502,-0.0126,1.5505,0.000267,-0.0003,0.0001
0.365,FLIGHT,0.9785,1.4766,0.3548,0.4941,0.348,0.4846,0.0018,-0.1968,-0.0009,0.0391,1.0492,-0.0133,1.5516,0.000266,-0.0003,0.0001
0.37,FLIGHT,0.9803,1.479,0.3473,0.4836,0.3407,0.4742,0.0018,-0.1966,-0.0009,0.0383,1.0481,-0.014,1.5526,0.000265,-0.0003,0.0001
0.375,FLIGHT,0.9819,1.4814,0.34,0.4732,0.3334,0.464,0.0018,-0.1964,-0.0009,0.0375,1.0471,-0.0147,1.5537,0.000263,-0.0003,0.0001
0.38,FLIGHT,0.9836,1.4837,0.3327,0.4631,0.3263,0.4541,0.0018,-0.1962,-0.001,0.0368,1.046,-0.0154,1.5546,0.000262,-0.0003,0.0001
0.385,FLIGHT,0.9852,1.4859,0.3256,0.4531,0.3193,0.4443,0.0017,-0.1961,-0.001,0.036,1.0449,-0.016,1.5556,0.000261,-0.0003,0.0001
0.39,FLIGHT,0.9868,1.4881,0.3186,0.4434,0.3124,0.4347,0.0017,-0.1959,-0.001,0.0353,1.0438,-0.0167,1.5566,0.000259,-0.0002,0.0
0.395,FLIGHT,0.9883,1.4903,0.3117,0.4338,0.3056,0.4253,0.0017,-0.1957,-0.001,0.0346,1.0427,-0.0173,1.5575,0.000258,-0.0002,0.0
0.4,FLIGHT,0.9898,1.4924,0.3049,0.4244,0.2989,0.4161,0.0017,-0.1955,-0.001,0.0339,1.0415,-0.018,1.5584,0.000257,-0.0002,0.0
0.405,FLIGHT,0.9913,1.4944,0.2983,0.4152,0.2924,0.4071,0.0017,-0.1954,-0.001,0.0332,1.0404,-0.0186,1.5593,0.000256,-0.0002,0.0
0.41,FLIGHT,0.9928,1.4965,0.2917,0.4062,0.2859,0.3982,0.0017,-0.1952,-0.001,0.0325,1.0392,-0.0192,1.5601,0.000255,-0.0002,0.0
0.415,FLIGHT,0.9942,1.4984,0.2853,0.3974,0.2796,0.3896,0.0017,-0.1951,-0.0011,0.0318,1.038,-0.0198,1.561,0.000254,-0.0002,0.0
0.42,FLIGHT,0.9956,1.5003,0.279,0.3888,0.2734,0.3811,0.0017,-0.1949,-0.0011,0.0311,1.0368,-0.0204,1.5618,0.000252,-0.0002,0.0
0.425,FLIGHT,0.9969,1.5022,0.2728,0.3803,0.2672,0.3728,0.0017,-0.1948,-0.0011,0.0305,1.0356,-0.021,1.5626,0.000251,-0.0002,0.0
0.43,FLIGHT,0.9982,1.5041,0.2667,0.372,0.2612,0.3647,0.0017,-0.1946,-0.0012,0.0298,1.0344,-0.0215,1.5634,0.00025,-0.0002,0.0
0.435,FLIGHT,0.9995,1.5059,0.2607,0.3639,0.2554,0.3567,0.0017,-0.1945,-0.0012,0.0292,1.0331,-0.0221,1.5642,0.000249,-0.0002,0.0
0.44,FLIGHT,1.0008,1.5076,0.2548,0.356,0.2496,0.3489,0.0017,-0.1943,-0.0012,0.0286,1.0318,-0.0227,1.5649,0.000248,-0.0002,0.0
0.445,FLIGHT,1.002,1.5094,0.249,0.3482,0.2439,0.3412,0.0017,-0.1942,-0.0013,0.028,1.0306,-0.0232,1.5657,0.000247,-0.0002,0.0
0.45,FLIGHT,1.0032,1.5111,0.2433,0.3405,0.2383,0.3338,0.0017,-0.1941,-0.0013,0.0274,1.0293,-0.0237,1.5664,0.000246,-0.0002,0.0
0.455,FLIGHT,1.0044,1.5127,0.2378,0.3331,0.2329,0.3264,0.0017,-0.1939,-0.0013,0.0268,1.028,-0.0242,1.5671,0.000245,-0.0002,0.0
0.46,FLIGHT,1.0055,1.5143,0.2323,0.3258,0.2275,0.3193,0.0017,-0.1938,-0.0014,0.0263,1.0267,-0.0248,1.5678,0.000244,-0.0002,0.0
0.465,FLIGHT,1.0067,1.5159,0.227,0.3186,0.2222,0.3122,0.0017,-0.1937,-0.0014,0.0257,1.0253,-0.0253,1.5684,0.000243,-0.0002,0.0
0.47,FLIGHT,1.0078,1.5174,0.2217,0.3116,0.2171,0.3054,0.0016,-0.1935,-0.0014,0.0251,1.024,-0.0258,1.5691,0.000242,-0.0002,0.0
0.475,FLIGHT,1.0088,1.519,0.2166,0.3047,0.212,0.2986,0.0016,-0.1934,-0.0015,0.0246,1.0226,-0.0262,1.5697,0.000241,-0.0002,0.0
0.48,FLIGHT,1.0099,1.5204,0.2115,0.298,0.207,0.292,0.0016,-0.1933,-0.0015,0.0241,1.0213,-0.0267,1.5703,0.00024,-0.0002,0.0
0.485,FLIGHT,1.0109,1.5219,0.2065,0.2914,0.2022,0.2856,0.0016,-0.1932,-0.0015,0.0236,1.0199,-0.0272,1.5709,0.000239,-0.0002,0.0
0.49,FLIGHT,1.0119,1.5233,0.2017,0.285,0.1974,0.2793,0.0016,-0.1931,-0.0016,0.0231,1.0185,-0.0276,1.5715,0.000238,-0.0002,0.0
0.495,FLIGHT,1.0129,1.5247,0.1969,0.2787,0.1927,0.2731,0.0016,-0.193,-0.0016,0.0226,1.0171,-0.0281,1.5721,0.000238,-0.0002,0.0
0.5,FLIGHT,1.0138,1.526,0.1922,0.2725,0.1881,0.2671,0.0016,-0.1928,-0.0017,0.0221,1.0156,-0.0285,1.5727,0.000237,-0.0002,0.0
0.505,FLIGHT,1.0148,1.5273,0.1876,0.2665,0.1836,0.2612,0.0016,-0.1927,-0.0017,0.0216,1.0142,-0.029,1.5732,0.000236,-0.0002,0.0
0.51,FLIGHT,1.0157,1.5286,0.1831,0.2606,0.1792,0.2554,0.0016,-0.1926,-0.0017,0.0211,1.0128,-0.0294,1.5738,0.000235,-0.0002,0.0
0.515,FLIGHT,1.0166,1.5299,0.1787,0.2548,0.1748,0.2497,0.0016,-0.1925,-0.0018,0.0207,1.0113,-0.0298,1.5743,0.000234,-0.0002,0.0
0.52,FLIGHT,1.0174,1.5311,0.1744,0.2492,0.1706,0.2442,0.0016,-0.1924,-0.0018,0.0202,1.0098,-0.0302,1.5748,0.000234,-0.0002,0.0
0.525,FLIGHT,1.0183,1.5323,0.1702,0.2437,0.1664,0.2388,0.0016,-0.1923,-0.0019,0.0198,1.0083,-0.0306,1.5753,0.000233,-0.0002,0.0
0.53,FLIGHT,1.0191,1.5335,0.166,0.2383,0.1623,0.2335,0.0015,-0.1922,-0.0019,0.0194,1.0068,-0.031,1.5758,0.000232,-0.0001,0.0
0.535,FLIGHT,1.0199,1.5347,0.1619,0.233,0.1583,0.2283,0.0015,-0.1921,-0.0019,0.0189,1.0053,-0.0314,1.5763,0.000231,-0.0001,0.0
0.54,FLIGHT,1.0207,1.5358,0.158,0.2278,0.1544,0.2232,0.0015,-0.192,-0.002,0.0185,1.0038,-0.0318,1.5768,0.000231,-0.0001,0.0
0.545,FLIGHT,1.0214,1.5369,0.154,0.2227,0.1506,0.2182,0.0015,-0.192,-0.002,0.0181,1.0023,-0.0322,1.5772,0.00023,-0.0001,0.0
0.55,FLIGHT,1.0222,1.538,0.1502,0.2178,0.1468,0.2134,0.0015,-0.1919,-0.0021,0.0177,1.0007,-0.0325,1.5777,0.000229,-0.0001,0.0
0.555,STANCE,1.023,1.5393,0.1675,0.2675,0.3177,0.6542,0.0015,-0.1918,-0.0058,0.0218,0.9993,-0.0142,-0.1247,0.000106,-0.201,0.0402
0.56,STANCE,1.0305,1.5391,1.1952,-0.0289,2.2598,-0.6916,0.0029,-0.1918,0.2333,0.0012,0.9981,-0.6422,-0.5096,-0.002218,-0.5766,0.1175
0.565,STANCE,1.0348,1.5393,0.8621,0.0592,0.1887,0.3273,0.0037,-0.1917,0.1568,0.0079,0.9979,-0.8915,-1.0368,-0.003519,-0.084,0.0203
0.57,STANCE,1.0355,1.5406,0.3703,0.1892,0.2001,0.1151,0.0037,-0.1916,0.044,0.0163,0.9981,-1.1145,-1.5318,-0.003648,0.0103,0.0036
0.575,STANCE,1.0374,1.54,0.4006,-0.0598,0.5458,-0.3831,0.0041,-0.1917,0.0853,-0.003,0.9983,-1.5402,-1.7489,-0.003511,0.0447,0.0035
0.58,STANCE,1.0403,1.536,0.5223,-0.6435,0.4424,-2.0628,0.0053,-0.192,0.1925,-0.0471,0.9983,-1.9477,-1.6575,-0.003107,0.1801,0.0031
0.585,STANCE,1.0429,1.5295,0.5205,-1.027,0.5164,-0.9088,0.0067,-0.1925,0.2482,-0.0748,0.9984,-2.1896,-1.4711,-0.002427,0.1012,0.0024
0.59,STANCE,1.0461,1.5213,0.6186,-1.5322,0.8364,-2.0403,0.0085,-0.193,0.3415,-0.109,0.9984,-2.3247,-1.0742,-0.002081,0.0196,0.0021
0.595,STANCE,1.0503,1.5118,0.749,-1.7674,0.679,-1.7704,0.0107,-0.1937,0.4031,-0.1203,0.9986,-2.3061,-0.6561,-0.002134,-0.0128,0.0047
0.6,STANCE,1.0514,1.5018,0.367,-1.8688,0.0308,-1.5204,0.0124,-0.1944,0.3456,-0.1281,0.9988,-1.8764,-0.2372,-0.00187,0.0409,0.0019
0.605,STANCE,1.0502,1.4936,-0.0661,-1.7346,-0.5177,-2.0384,0.0133,-0.195,0.2425,-0.1222,0.9991,-1.2623,0.0917,-0.00148,0.1331,0.0015
0.61,STANCE,1.0483,1.4849,-0.2616,-1.7364,-0.4863,-2.2917,0.0143,-0.1956,0.2053,-0.1234,0.9995,-0.6792,0.4602,-0.001035,0.133,0.001
0.615,STANCE,1.0472,1.4749,-0.2117,-1.8994,-0.1267,-2.1677,0.0155,-0.1963,0.2402,-0.1317,0.9998,-0.2371,0.8306,-0.000647,0.0727,0.0006
0.62,STANCE,1.047,1.4634,-0.0768,-2.1512,0.0534,-2.3358,0.0172,-0.1971,0.3056,-0.1432,1.0001,-0.0004,1.114,-0.000306,0.0628,0.0003
0.625,FLIGHT,1.0464,1.4538,-0.1684,-1.8722,-0.9246,-0.1498,0.0185,-0.1977,0.2469,-0.1241,1.0007,-1.3077,2.5836,5.8e-05,0.0788,0.0
0.63,FLIGHT,1.0367,1.463,-1.456,0.8198,-2.6789,3.2016,0.0152,-0.1973,-0.409,0.0331,1.0026,-0.6914,2.0564,0.000382,0.0522,0.0
0.635,FLIGHT,1.0224,1.48,-2.4218,2.5581,-2.8542,3.2035,0.0099,-0.1963,-0.8495,0.1603,1.0046,-0.1223,1.5824,0.000586,0.0298,0.0
0.64,FLIGHT,1.0096,1.4927,-2.4643,2.4728,-2.1869,1.8662,0.0055,-0.1954,-0.8386,0.1736,1.0063,0.0361,1.462,0.000688,0.012,0.0
0.645,FLIGHT,1.0004,1.4993,-2.0105,1.637,-1.5544,0.8944,0.0028,-0.195,-0.6263,0.1221,1.0077,-0.0486,1.546,0.000715,-0.0,0.0
0.65,FLIGHT,0.9935,1.5029,-1.5665,1.0072,-1.251,0.6462,0.0009,-0.1947,-0.4483,0.0786,1.0089,-0.1468,1.6353,0.000696,-0.0069,0.0014
0.655,FLIGHT,0.9875,1.5064,-1.3111,0.797,-1.157,0.7444,-0.0007,-0.1944,-0.3678,0.0654,1.01,-0.1696,1.6571,0.000652,-0.0103,0.0021
0.66,FLIGHT,0.9819,1.5103,-1.1831,0.7983,-1.0919,0.8206,-0.0024,-0.1941,-0.342,0.0684,1.0113,-0.141,1.6346,0.000597,-0.0115,0.0023
0.665,FLIGHT,0.9767,1.5144,-1.0806,0.7994,-0.9823,0.7712,-0.0039,-0.1938,-0.3213,0.071,1.0125,-0.1072,1.6086,0.000539,-0.0116,0.0023
0.67,FLIGHT,0.9721,1.5179,-0.96,0.7365,-0.8442,0.6586,-0.0053,-0.1934,-0.2883,0.0674,1.0137,-0.0891,1.5965,0.000482,-0.011,0.0022
0.675,FLIGHT,0.9682,1.521,-0.8288,0.6421,-0.7129,0.5576,-0.0065,-0.1932,-0.2492,0.0603,1.0148,-0.0837,1.595,0.00043,-0.01,0.002
0.68,FLIGHT,0.965,1.5236,-0.7064,0.5576,-0.6044,0.4928,-0.0075,-0.1929,-0.2133,0.0535,1.0159,-0.0817,1.5958,0.000383,-0.0088,0.0018
0.685,FLIGHT,0.9622,1.5259,-0.6017,0.4972,-0.516,0.4526,-0.0084,-0.1927,-0.1844,0.0483,1.0169,-0.0781,1.5947,0.000342,-0.0075,0.0015
0.69,FLIGHT,0.9598,1.5281,-0.5132,0.4541,-0.4396,0.4201,-0.0091,-0.1925,-0.1612,0.0445,1.018,-0.0728,1.592,0.000308,-0.0062,0.0012
0.695,FLIGHT,0.9578,1.5301,-0.4358,0.4184,-0.3705,0.388,-0.0098,-0.1923,-0.1411,0.0412,1.019,-0.0675,1.5892,0.000279,-0.0051,0.001
0.7,FLIGHT,0.9561,1.532,-0.3665,0.3854,-0.3076,0.3567,-0.0104,-0.1921,-0.1231,0.038,1.0199,-0.0633,1.5871,0.000256,-0.0041,0.0008
0.705,FLIGHT,0.9547,1.5337,-0.3042,0.3547,-0.2517,0.3288,-0.0109,-0.1919,-0.1068,0.0349,1.0209,-0.0601,1.5857,0.000238,-0.0032,0.0006
0.71,FLIGHT,0.9535,1.5353,-0.249,0.3276,-0.2027,0.3051,-0.0113,-0.1918,-0.0924,0.0322,1.0218,-0.0576,1.5847,0.000224,-0.0024,0.0005
0.715,FLIGHT,0.9526,1.5368,-0.2006,0.3043,-0.1601,0.2851,-0.0117,-0.1916,-0.0798,0.0297,1.0227,-0.0554,1.5838,0.000214,-0.0018,0.0004
0.72,FLIGHT,0.9519,1.5381,-0.1583,0.2843,-0.123,0.2677,-0.012,-0.1915,-0.0689,0.0275,1.0235,-0.0534,1.583,0.000206,-0.0013,0.0003
0.725,FLIGHT,0.9514,1.5394,-0.1214,0.2668,-0.0905,0.2521,-0.0123,-0.1914,-0.0594,0.0256,1.0244,-0.0517,1.5824,0.000201,-0.0009,0.0002
0.73,FLIGHT,0.951,1.5407,-0.0892,0.2513,-0.0623,0.2382,-0.0125,-0.1913,-0.0511,0.0239,1.0252,-0.0502,1.5818,0.000198,-0.0005,0.0001
0.735,FLIGHT,0.9508,1.5418,-0.0611,0.2374,-0.0377,0.2257,-0.0127,-0.1911,-0.0438,0.0223,1.026,-0.049,1.5814,0.000196,-0.0003,0.0001
0.74,FLIGHT,0.9506,1.5429,-0.0367,0.225,-0.0164,0.2145,-0.0129,-0.191,-0.0374,0.0209,1.0267,-0.048,1.5811,0.000195,-0.0001,0.0
0.745,FLIGHT,0.9506,1.544,-0.0156,0.2139,0.002,0.2045,-0.013,-0.1909,-0.0319,0.0197,1.0275,-0.0472,1.5809,0.000195,0.0001,0.0
0.75,FLIGHT,0.9506,1.545,0.0026,0.2039,0.0178,0.1954,-0.0132,-0.1909,-0.027,0.0186,1.0282,-0.0465,1.5807,0.000196,0.0002,0.0
0.755,FLIGHT,0.9508,1.5459,0.0183,0.1949,0.0313,0.1872,-0.0133,-0.1908,-0.0228,0.0176,1.0288,-0.0459,1.5806,0.000197,0.0003,0.0
0.76,FLIGHT,0.951,1.5468,0.0318,0.1867,0.0429,0.1797,-0.0134,-0.1907,-0.0191,0.0167,1.0295,-0.0454,1.5806,0.000198,0.0003,0.0
0.765,FLIGHT,0.9512,1.5477,0.0433,0.1792,0.0527,0.1728,-0.0134,-0.1906,-0.0159,0.0158,1.0301,-0.045,1.5806,0.0002,0.0003,0.0
0.77,FLIGHT,0.9515,1.5486,0.053,0.1723,0.0611,0.1664,-0.0135,-0.1905,-0.0131,0.0151,1.0307,-0.0447,1.5806,0.000202,0.0004,0.0
0.775,FLIGHT,0.9518,1.5494,0.0613,0.166,0.0681,0.1605,-0.0135,-0.1905,-0.0107,0.0144,1.0313,-0.0445,1.5807,0.000203,0.0004,0.0
0.78,FLIGHT,0.9522,1.5502,0.0683,0.1601,0.074,0.1551,-0.0136,-0.1904,-0.0086,0.0138,1.0318,-0.0443,1.5808,0.000205,0.0003,0.0
0.785,FLIGHT,0.9525,1.5509,0.0741,0.1547,0.0789,0.15,-0.0136,-0.1903,-0.0067,0.0132,1.0323,-0.0441,1.5809,0.000207,0.0003,0.0
0.79,FLIGHT,0.9529,1.5517,0.079,0.1497,0.0829,0.1453,-0.0136,-0.1903,-0.0051,0.0127,1.0328,-0.044,1.581,0.000208,0.0003,0.0
0.795,FLIGHT,0.9534,1.5524,0.0829,0.1449,0.0862,0.1408,-0.0136,-0.1902,-0.0037,0.0122,1.0333,-0.044,1.5811,0.00021,0.0003,0.0
0.8,FLIGHT,0.9538,1.5531,0.0862,0.1405,0.0888,0.1366,-0.0136,-0.1902,-0.0025,0.0117,1.0337,-0.044,1.5813,0.000211,0.0003,0.0
0.805,FLIGHT,0.9543,1.5538,0.0888,0.1363,0.0908,0.1326,-0.0137,-0.1901,-0.0015,0.0113,1.0341,-0.044,1.5814,0.000213,0.0002,0.0
0.81,FLIGHT,0.9547,1.5544,0.0908,0.1323,0.0924,0.1289,-0.0137,-0.19,-0.0006,0.0109,1.0345,-0.044,1.5816,0.000214,0.0002,0.0
0.815,FLIGHT,0.9552,1.5551,0.0923,0.1286,0.0935,0.1253,-0.0137,-0.19,0.0002,0.0106,1.0349,-0.044,1.5818,0.000215,0.0002,0.0
0.82,FLIGHT,0.9557,1.5557,0.0935,0.125,0.0943,0.1219,-0.0136,-0.1899,0.0009,0.0102,1.0352,-0.0441,1.582,0.000215,0.0002,0.0
0.825,FLIGHT,0.9561,1.5563,0.0942,0.1216,0.0948,0.1187,-0.0136,-0.1899,0.0015,0.0099,1.0355,-0.0442,1.5821,0.000216,0.0001,0.0
0.83,FLIGHT,0.9566,1.5569,0.0947,0.1184,0.095,0.1156,-0.0136,-0.1898,0.0021,0.0096,1.0358,-0.0442,1.5823,0.000217,0.0001,0.0
0.835,FLIGHT,0.9571,1.5574,0.0949,0.1153,0.095,0.1126,-0.0136,-0.1898,0.0025,0.0093,1.0361,-0.0443,1.5825,0.000217,0.0001,0.0
0.84,FLIGHT,0.9575,1.558,0.0949,0.1123,0.0948,0.1097,-0.0136,-0.1898,0.0029,0.0091,1.0363,-0.0444,1.5827,0.000218,0.0001,0.0
0.845,FLIGHT,0.958,1.5585,0.0947,0.1095,0.0944,0.107,-0.0136,-0.1897,0.0032,0.0088,1.0365,-0.0445,1.5829,0.000218,0.0001,0.0
0.85,FLIGHT,0.9585,1.5591,0.0943,0.1067,0.0939,0.1043,-0.0136,-0.1897,0.0035,0.0086,1.0367,-0.0447,1.5831,0.000219,0.0001,0.0
0.855,FLIGHT,0.959,1.5596,0.0938,0.1041,0.0933,0.1018,-0.0135,-0.1896,0.0038,0.0083,1.0369,-0.0448,1.5833,0.000219,0.0,0.0
0.86,FLIGHT,0.9594,1.5601,0.0931,0.1015,0.0925,0.0993,-0.0135,-0.1896,0.004,0.0081,1.037,-0.0449,1.5835,0.000219,0.0,0.0
0.865,FLIGHT,0.9599,1.5606,0.0924,0.0991,0.0917,0.0969,-0.0135,-0.1895,0.0042,0.0079,1.0372,-0.045,1.5836,0.000219,0.0,0.0
0.87,FLIGHT,0.9603,1.561,0.0916,0.0967,0.0909,0.0946,-0.0135,-0.1895,0.0044,0.0077,1.0373,-0.0451,1.5838,0.000219,0.0,0.0
0.875,FLIGHT,0.9608,1.5615,0.0907,0.0944,0.0899,0.0924,-0.0135,-0.1895,0.0045,0.0075,1.0373,-0.0453,1.584,0.00022,0.0,0.0
0.88,FLIGHT,0.9612,1.562,0.0898,0.0922,0.089,0.0902,-0.0134,-0.1894,0.0046,0.0073,1.0374,-0.0454,1.5842,0.00022,0.0,0.0
0.885,FLIGHT,0.9617,1.5624,0.0888,0.09,0.088,0.0881,-0.0134,-0.1894,0.0047,0.0071,1.0374,-0.0455,1.5844,0.00022,0.0,0.0
0.89,FLIGHT,0.9621,1.5628,0.0878,0.0879,0.0869,0.0861,-0.0134,-0.1894,0.0048,0.0069,1.0374,-0.0456,1.5845,0.00022,-0.0,0.0
0.895,FLIGHT,0.9626,1.5633,0.0868,0.0859,0.0859,0.0841,-0.0134,-0.1893,0.0049,0.0068,1.0374,-0.0458,1.5847,0.00022,-0.0,0.0
0.9,FLIGHT,0.963,1.5637,0.0857,0.0839,0.0848,0.0821,-0.0133,-0.1893,0.0049,0.0066,1.0374,-0.0459,1.5849,0.00022,-0.0,0.0
0.905,FLIGHT,0.9634,1.5641,0.0847,0.082,0.0837,0.0803,-0.0133,-0.1893,0.005,0.0064,1.0373,-0.046,1.5851,0.00022,-0.0,0.0
0.91,FLIGHT,0.9638,1.5645,0.0836,0.0801,0.0826,0.0785,-0.0133,-0.1892,0.005,0.0063,1.0372,-0.0461,1.5852,0.00022,-0.0,0.0
0.915,FLIGHT,0.9642,1.5649,0.0825,0.0783,0.0815,0.0767,-0.0133,-0.1892,0.0051,0.0061,1.0371,-0.0463,1.5854,0.000219,-0.0,0.0
0.92,FLIGHT,0.9646,1.5653,0.0814,0.0765,0.0804,0.075,-0.0132,-0.1892,0.0051,0.006,1.037,-0.0464,1.5856,0.000219,-0.0,0.0
0.925,FLIGHT,0.965,1.5656,0.0803,0.0748,0.0794,0.0733,-0.0132,-0.1891,0.0051,0.0058,1.0368,-0.0465,1.5857,0.000219,-0.0,0.0
0.93,FLIGHT,0.9654,1.566,0.0792,0.0732,0.0783,0.0717,-0.0132,-0.1891,0.0051,0.0057,1.0366,-0.0466,1.5859,0.000219,-0.0,0.0
0.935,FLIGHT,0.9658,1.5663,0.0782,0.0715,0.0772,0.0701,-0.0132,-0.1891,0.0052,0.0056,1.0365,-0.0467,1.586,0.000219,-0.0,0.0
0.94,FLIGHT,0.9662,1.5667,0.0771,0.07,0.0761,0.0686,-0.0131,-0.1891,0.0052,0.0054,1.0362,-0.0469,1.5862,0.000219,-0.0,0.0
0.945,FLIGHT,0.9666,1.567,0.076,0.0684,0.0751,0.0671,-0.0131,-0.189,0.0052,0.0053,1.036,-0.047,1.5863,0.000219,-0.0,0.0
0.95,FLIGHT,0.9669,1.5674,0.075,0.0669,0.074,0.0656,-0.0131,-0.189,0.0052,0.0052,1.0357,-0.0471,1.5865,0.000219,-0.0,0.0
0.955,FLIGHT,0.9673,1.5677,0.0739,0.0655,0.073,0.0642,-0.0131,-0.189,0.0052,0.0051,1.0355,-0.0472,1.5866,0.000219,-0.0,0.0
0.96,FLIGHT,0.9677,1.568,0.0729,0.064,0.072,0.0628,-0.013,-0.189,0.0052,0.0049,1.0352,-0.0473,1.5868,0.000219,-0.0,0.0
0.965,FLIGHT,0.968,1.5683,0.0718,0.0627,0.0709,0.0614,-0.013,-0.1889,0.0051,0.0048,1.0349,-0.0474,1.5869,0.000219,-0.0,0.0
0.97,FLIGHT,0.9684,1.5686,0.0708,0.0613,0.0699,0.0601,-0.013,-0.1889,0.0051,0.0047,1.0345,-0.0475,1.5871,0.000219,-0.0,0.0
0.975,FLIGHT,0.9687,1.5689,0.0698,0.06,0.0689,0.0588,-0.013,-0.1889,0.0051,0.0046,1.0342,-0.0477,1.5872,0.000218,-0.0,0.0
0.98,FLIGHT,0.9691,1.5692,0.0688,0.0587,0.068,0.0576,-0.0129,-0.1889,0.0051,0.0045,1.0338,-0.0478,1.5873,0.000218,-0.0,0.0
0.985,FLIGHT,0.9694,1.5695,0.0679,0.0575,0.067,0.0564,-0.0129,-0.1889,0.0051,0.0044,1.0334,-0.0479,1.5875,0.000218,-0.0,0.0
0.99,FLIGHT,0.9697,1.5698,0.0669,0.0562,0.066,0.0552,-0.0129,-0.1888,0.0051,0.0043,1.033,-0.048,1.5876,0.000218,-0.0,0.0
0.995,FLIGHT,0.9701,1.57,0.0659,0.0551,0.0651,0.054,-0.0128,-0.1888,0.005,0.0042,1.0325,-0.0481,1.5877,0.000218,-0.0,0.0
1.0,FLIGHT,0.9704,1.5703,0.065,0.0539,0.0642,0.0529,-0.0128,-0.1888,0.005,0.0041,1.0321,-0.0482,1.5879,0.000218,-0.0,0.0
1.005,FLIGHT,0.9707,1.5706,0.0641,0.0528,0.0633,0.0518,-0.0128,-0.1888,0.005,0.004,1.0316,-0.0483,1.588,0.000218,-0.0,0.0
1.01,FLIGHT,0.971,1.5708,0.0632,0.0517,0.0624,0.0507,-0.0128,-0.1887,0.005,0.0039,1.0311,-0.0484,1.5881,0.000218,-0.0,0.0
1.015,FLIGHT,0.9713,1.5711,0.0623,0.0506,0.0615,0.0497,-0.0127,-0.1887,0.0049,0.0039,1.0306,-0.0485,1.5883,0.000218,-0.0,0.0
1.02,FLIGHT,0.9716,1.5713,0.0614,0.0496,0.0606,0.0487,-0.0127,-0.1887,0.0049,0.0038,1.0301,-0.0486,1.5884,0.000218,-0.0,0.0
1.025,FLIGHT,0.9719,1.5716,0.0605,0.0486,0.0597,0.0477,-0.0127,-0.1887,0.0049,0.0037,1.0295,-0.0487,1.5885,0.000218,-0.0,0.0
1.03,FLIGHT,0.9722,1.5718,0.0596,0.0476,0.0589,0.0467,-0.0127,-0.1887,0.0048,0.0036,1.0289,-0.0488,1.5886,0.000218,-0.0,0.0
1.035,FLIGHT,0.9725,1.572,0.0588,0.0466,0.058,0.0458,-0.0127,-0.1887,0.0048,0.0035,1.0284,-0.0489,1.5887,0.000218,-0.0,0.0
1.04,FLIGHT,0.9728,1.5723,0.0579,0.0457,0.0572,0.0448,-0.0126,-0.1886,0.0048,0.0035,1.0277,-0.049,1.5888,0.000218,-0.0,0.0
1.045,FLIGHT,0.9731,1.5725,0.0571,0.0448,0.0563,0.0439,-0.0126,-0.1886,0.0047,0.0034,1.0271,-0.0491,1.589,0.000217,-0.0,0.0
1.05,FLIGHT,0.9734,1.5727,0.0563,0.0439,0.0555,0.0431,-0.0126,-0.1886,0.0047,0.0033,1.0265,-0.0492,1.5891,0.000217,-0.0,0.0
1.055,FLIGHT,0.9737,1.5729,0.0554,0.043,0.0547,0.0422,-0.0126,-0.1886,0.0047,0.0033,1.0258,-0.0493,1.5892,0.000217,-0.0,0.0
1.06,FLIGHT,0.9739,1.5731,0.0546,0.0421,0.0539,0.0414,-0.0125,-0.1886,0.0046,0.0032,1.0252,-0.0494,1.5893,0.000217,-0.0,0.0
1.065,FLIGHT,0.9742,1.5733,0.0538,0.0413,0.0531,0.0406,-0.0125,-0.1886,0.0046,0.0031,1.0245,-0.0495,1.5894,0.000217,-0.0,0.0
1.07,FLIGHT,0.9745,1.5735,0.0531,0.0405,0.0524,0.0398,-0.0125,-0.1885,0.0045,0.0031,1.0238,-0.0496,1.5895,0.000217,-0.0,0.0
1.075,FLIGHT,0.9747,1.5737,0.0523,0.0397,0.0516,0.039,-0.0125,-0.1885,0.0045,0.003,1.023,-0.0497,1.5896,0.000217,-0.0,0.0
1.08,FLIGHT,0.975,1.5739,0.0515,0.039,0.0508,0.0383,-0.0124,-0.1885,0.0045,0.0029,1.0223,-0.0497,1.5897,0.000217,-0.0,0.0
1.085,FLIGHT,0.9752,1.5741,0.0508,0.0382,0.0501,0.0376,-0.0124,-0.1885,0.0044,0.0029,1.0215,-0.0498,1.5898,0.000217,-0.0,0.0
1.09,FLIGHT,0.9755,1.5743,0.05,0.0375,0.0493,0.0369,-0.0124,-0.1885,0.0044,0.0028,1.0207,-0.0499,1.5899,0.000217,-0.0,0.0
1.095,FLIGHT,0.9757,1.5745,0.0493,0.0368,0.0486,0.0362,-0.0124,-0.1885,0.0043,0.0028,1.02,-0.05,1.59,0.000217,-0.0,0.0
1.1,FLIGHT,0.976,1.5747,0.0485,0.0361,0.0479,0.0355,-0.0124,-0.1885,0.0043,0.0027,1.0191,-0.0501,1.5901,0.000217,-0.0,0.0
1.105,FLIGHT,0.9762,1.5748,0.0478,0.0354,0.0472,0.0348,-0.0123,-0.1884,0.0042,0.0027,1.0183,-0.0502,1.5902,0.000217,-0.0,0.0
1.11,FLIGHT,0.9764,1.575,0.0471,0.0348,0.0464,0.0342,-0.0123,-0.1884,0.0042,0.0026,1.0175,-0.0503,1.5903,0.000217,-0.0,0.0
1.115,FLIGHT,0.9767,1.5752,0.0464,0.0341,0.0457,0.0336,-0.0123,-0.1884,0.0041,0.0026,1.0166,-0.0504,1.5904,0.000217,-0.0,0.0
1.12,FLIGHT,0.9769,1.5753,0.0457,0.0335,0.045,0.033,-0.0123,-0.1884,0.0041,0.0025,1.0158,-0.0505,1.5905,0.000217,-0.0,0.0
1.125,FLIGHT,0.9771,1.5755,0.045,0.0329,0.0443,0.0324,-0.0123,-0.1884,0.004,0.0025,1.0149,-0.0505,1.5906,0.000217,-0.0,0.0
1.13,FLIGHT,0.9773,1.5757,0.0443,0.0323,0.0436,0.0318,-0.0122,-0.1884,0.004,0.0024,1.014,-0.0506,1.5907,0.000217,-0.0,0.0
1.135,FLIGHT,0.9776,1.5758,0.0436,0.0317,0.043,0.0312,-0.0122,-0.1884,0.0039,0.0024,1.013,-0.0507,1.5908,0.000217,-0.0,0.0
1.14,FLIGHT,0.9778,1.576,0.0429,0.0312,0.0423,0.0307,-0.0122,-0.1884,0.0039,0.0023,1.0121,-0.0508,1.5909,0.000217,-0.0,0.0
1.145,FLIGHT,0.978,1.5761,0.0422,0.0306,0.0416,0.0301,-0.0122,-0.1883,0.0038,0.0023,1.0112,-0.0509,1.591,0.000217,-0.0,0.0
1.15,FLIGHT,0.9782,1.5763,0.0415,0.0301,0.0409,0.0296,-0.0122,-0.1883,0.0038,0.0023,1.0102,-0.051,1.5911,0.000217,-0.0,0.0
1.155,FLIGHT,0.9784,1.5764,0.0409,0.0296,0.0403,0.0291,-0.0121,-0.1883,0.0037,0.0022,1.0092,-0.0511,1.5912,0.000217,-0.0,0.0
1.16,FLIGHT,0.9786,1.5766,0.0402,0.0291,0.0396,0.0286,-0.0121,-0.1883,0.0037,0.0022,1.0082,-0.0511,1.5913,0.000217,0.0,0.0
1.165,FLIGHT,0.9788,1.5767,0.0396,0.0286,0.039,0.0281,-0.0121,-0.1883,0.0036,0.0021,1.0072,-0.0512,1.5913,0.000217,0.0,0.0
1.17,FLIGHT,0.979,1.5769,0.0389,0.0281,0.0383,0.0277,-0.0121,-0.1883,0.0035,0.0021,1.0062,-0.0513,1.5914,0.000217,0.0,0.0
1.175,FLIGHT,0.9792,1.577,0.0383,0.0276,0.0377,0.0272,-0.0121,-0.1883,0.0035,0.0021,1.0052,-0.0514,1.5915,0.000217,0.0,0.0
1.18,FLIGHT,0.9794,1.5771,0.0376,0.0272,0.0371,0.0268,-0.0121,-0.1883,0.0034,0.002,1.0041,-0.0515,1.5916,0.000217,0.0,0.0
1.185,FLIGHT,0.9795,1.5773,0.037,0.0267,0.0364,0.0263,-0.012,-0.1883,0.0034,0.002,1.0031,-0.0516,1.5917,0.000217,0.0,0.0
1.19,FLIGHT,0.9797,1.5774,0.0364,0.0263,0.0358,0.0259,-0.012,-0.1883,0.0033,0.002,1.002,-0.0516,1.5918,0.000217,0.0,0.0
1.195,FLIGHT,0.9799,1.5775,0.0357,0.0259,0.0352,0.0255,-0.012,-0.1882,0.0032,0.0019,1.0009,-0.0517,1.5918,0.000217,0.0,0.0
1.2,FLIGHT,0.9801,1.5776,0.0351,0.0254,0.0345,0.0251,-0.012,-0.1882,0.0032,0.0019,0.9998,-0.0518,1.5919,0.000217,0.0,0.0
1.205,STANCE,0.9831,1.5775,0.5306,-0.0682,1.6683,-0.8252,-0.0114,-0.1883,0.1091,-0.0123,0.9988,-0.0695,-0.456,-0.000992,-0.4363,0.0882
1.21,STANCE,0.994,1.5702,1.6117,-1.0218,1.1801,-0.8601,-0.0083,-0.1891,0.4444,-0.1042,0.9979,-0.7469,-0.6472,-0.003286,-0.2615,0.0556
1.215,STANCE,0.9953,1.5697,0.6237,-0.3282,-0.1692,0.2771,-0.008,-0.1891,0.1628,-0.0341,0.9979,-0.652,-1.4908,-0.003755,0.0032,0.0038
1.22,STANCE,0.995,1.5704,0.1989,-0.0539,0.2087,-0.1706,-0.0082,-0.189,0.045,-0.0064,0.9982,-0.7856,-2.0781,-0.003571,0.0578,0.0036
1.225,STANCE,0.9977,1.5663,0.4596,-0.691,0.7492,-2.4509,-0.0071,-0.1894,0.182,-0.0639,0.9982,-1.2059,-2.0987,-0.003167,0.1627,0.0032
1.23,STANCE,1.0028,1.5571,0.8699,-1.4209,1.4448,-1.9866,-0.0049,-0.1902,0.3624,-0.1262,0.9984,-1.6695,-1.8357,-0.002684,0.0057,0.0027
1.235,STANCE,1.0111,1.5431,1.3918,-2.3495,1.6309,-2.6079,-0.0013,-0.1915,0.5965,-0.1962,0.9983,-2.1324,-1.2412,-0.002769,-0.0436,0.0115
1.24,STANCE,1.018,1.5277,1.3603,-2.8387,1.1801,-2.7236,0.0022,-0.1927,0.6661,-0.2228,0.9983,-2.217,-0.6687,-0.002864,-0.0363,0.0101
1.245,STANCE,1.0218,1.5141,0.9004,-2.7677,0.4215,-2.4382,0.0049,-0.1938,0.5721,-0.2089,0.9985,-1.9149,-0.2582,-0.002846,0.0187,0.0028
1.25,STANCE,1.0222,1.5022,0.3037,-2.4851,-0.2744,-2.4656,0.0066,-0.1947,0.4184,-0.1851,0.9987,-1.3648,0.0839,-0.002569,0.0996,0.0026
1.255,STANCE,1.0205,1.4908,-0.1337,-2.3416,-0.3454,-2.167,0.008,-0.1955,0.3141,-0.174,0.9991,-0.7643,0.4702,-0.002117,0.081,0.0021
1.26,STANCE,1.0187,1.4791,-0.2797,-2.3517,-0.367,-2.5736,0.0093,-0.1964,0.2885,-0.1729,0.9995,-0.265,0.8625,-0.001666,0.105,0.0017
1.265,STANCE,1.0175,1.4666,-0.2461,-2.4501,-0.134,-2.4347,0.0109,-0.1973,0.3112,-0.1761,0.9998,0.0654,1.174,-0.00124,0.0694,0.0012
1.27,FLIGHT,1.0173,1.4547,-0.0938,-2.3908,0.0773,-2.2485,0.0126,-0.1981,0.3345,-0.1663,1.0003,-1.1992,2.5094,-0.000921,0.0514,0.0009
1.275,FLIGHT,1.0143,1.4518,-0.559,-0.9202,-1.6105,1.5126,0.0124,-0.1984,0.025,-0.0705,1.0017,-0.9981,2.3207,-0.000588,0.0982,0.0006
1.28,FLIGHT,1.0031,1.4649,-1.7443,1.557,-2.5993,3.175,0.0083,-0.1976,-0.5718,0.0986,1.0038,-0.3581,1.7799,4.3e-05,0.1436,0.0
1.285,FLIGHT,0.9905,1.4794,-2.2432,2.4153,-2.2936,2.4127,0.0037,-0.1966,-0.7885,0.1765,1.0059,0.0055,1.4833,0.000609,0.0855,0.0
1.29,FLIGHT,0.9808,1.4883,-2.0045,1.9229,-1.6128,1.227,0.0005,-0.1959,-0.6666,0.1513,1.0076,0.0226,1.4819,0.000925,0.0435,0.0
1.295,FLIGHT,0.974,1.4927,-1.5416,1.1886,-1.1561,0.6549,-0.0014,-0.1955,-0.4697,0.0982,1.009,-0.0834,1.58,0.001068,0.016,0.0
1.3,FLIGHT,0.9687,1.4958,-1.2035,0.8023,-0.9867,0.6328,-0.0029,-0.1953,-0.348,0.0693,1.0104,-0.1478,1.6379,0.001102,-0.001,0.0002
1.305,FLIGHT,0.9639,1.4993,-1.0348,0.7376,-0.9333,0.7535,-0.0043,-0.195,-0.3052,0.0658,1.0118,-0.1436,1.6357,0.00107,-0.0108,0.0022
1.31,FLIGHT,0.9594,1.5032,-0.9412,0.7656,-0.8636,0.7796,-0.0057,-0.1946,-0.29,0.07,1.0132,-0.1113,1.6103,0.001002,-0.016,0.0032
1.315,FLIGHT,0.9554,1.5069,-0.8464,0.7481,-0.7527,0.7032,-0.007,-0.1943,-0.2683,0.0699,1.0146,-0.0862,1.5919,0.000915,-0.0184,0.0037
1.32,FLIGHT,0.9519,1.5102,-0.7345,0.6768,-0.6306,0.6015,-0.0082,-0.194,-0.236,0.0644,1.0159,-0.0764,1.5865,0.000821,-0.0189,0.0038
1.325,FLIGHT,0.949,1.513,-0.6209,0.5941,-0.5238,0.5258,-0.0091,-0.1937,-0.2021,0.0574,1.0172,-0.0743,1.5873,0.000728,-0.0182,0.0036
1.33,FLIGHT,0.9466,1.5155,-0.5205,0.5288,-0.4383,0.4804,-0.0099,-0.1934,-0.1733,0.0516,1.0185,-0.0725,1.5879,0.000641,-0.0167,0.0033
1.335,FLIGHT,0.9446,1.5178,-0.4365,0.4836,-0.3676,0.4496,-0.0106,-0.1932,-0.1506,0.0474,1.0197,-0.0686,1.5864,0.000562,-0.0148,0.003
1.34,FLIGHT,0.9429,1.52,-0.365,0.4494,-0.3051,0.4211,-0.0112,-0.193,-0.1318,0.0441,1.0209,-0.0639,1.584,0.000493,-0.0127,0.0025
1.345,FLIGHT,0.9416,1.522,-0.3017,0.4188,-0.248,0.3921,-0.0118,-0.1928,-0.1153,0.041,1.022,-0.0597,1.5818,0.000435,-0.0107,0.0021
1.35,FLIGHT,0.9405,1.5239,-0.2448,0.3898,-0.1965,0.3647,-0.0123,-0.1926,-0.1002,0.038,1.0232,-0.0566,1.5805,0.000386,-0.0088,0.0018
1.355,FLIGHT,0.9396,1.5257,-0.194,0.3632,-0.1512,0.3408,-0.0127,-0.1925,-0.0867,0.0352,1.0243,-0.0542,1.5796,0.000346,-0.0072,0.0014
1.36,FLIGHT,0.9389,1.5273,-0.1492,0.3398,-0.1118,0.3205,-0.013,-0.1923,-0.0748,0.0327,1.0253,-0.0522,1.5789,0.000314,-0.0057,0.0011
1.365,FLIGHT,0.9385,1.5289,-0.1102,0.3197,-0.0776,0.303,-0.0133,-0.1922,-0.0645,0.0305,1.0264,-0.0504,1.5784,0.000289,-0.0045,0.0009
1.37,FLIGHT,0.9382,1.5303,-0.0762,0.3022,-0.0479,0.2874,-0.0136,-0.192,-0.0555,0.0285,1.0274,-0.0489,1.5779,0.000269,-0.0035,0.0007
1.375,FLIGHT,0.938,1.5317,-0.0467,0.2865,-0.022,0.2733,-0.0138,-0.1919,-0.0477,0.0268,1.0284,-0.0476,1.5774,0.000253,-0.0027,0.0005
1.38,FLIGHT,0.9379,1.5331,-0.021,0.2725,0.0004,0.2605,-0.014,-0.1918,-0.0408,0.0252,1.0293,-0.0465,1.5772,0.000241,-0.002,0.0004
1.385,FLIGHT,0.938,1.5343,0.0013,0.2598,0.0198,0.2489,-0.0141,-0.1917,-0.0348,0.0238,1.0302,-0.0456,1.577,0.000233,-0.0015,0.0003
1.39,FLIGHT,0.9381,1.5356,0.0206,0.2483,0.0365,0.2385,-0.0143,-0.1915,-0.0295,0.0225,1.0311,-0.0449,1.5769,0.000226,-0.0011,0.0002
1.395,FLIGHT,0.9383,1.5367,0.0371,0.2379,0.0508,0.229,-0.0144,-0.1914,-0.0249,0.0213,1.032,-0.0443,1.5768,0.000222,-0.0007,0.0001
1.4,FLIGHT,0.9386,1.5379,0.0512,0.2284,0.0629,0.2203,-0.0145,-0.1913,-0.0209,0.0203,1.0329,-0.0438,1.5768,0.000219,-0.0005,0.0001
1.405,FLIGHT,0.939,1.5389,0.0633,0.2197,0.0732,0.2122,-0.0146,-0.1912,-0.0175,0.0193,1.0337,-0.0434,1.5769,0.000217,-0.0003,0.0001
1.41,FLIGHT,0.9394,1.54,0.0735,0.2117,0.0819,0.2048,-0.0146,-0.1912,-0.0144,0.0184,1.0345,-0.0431,1.5769,0.000216,-0.0001,0.0
1.415,FLIGHT,0.9398,1.541,0.0821,0.2043,0.0892,0.1979,-0.0147,-0.1911,-0.0118,0.0176,1.0352,-0.0428,1.577,0.000216,-0.0,0.0
1.42,FLIGHT,0.9402,1.542,0.0894,0.1974,0.0953,0.1915,-0.0147,-0.191,-0.0095,0.0169,1.0359,-0.0427,1.5772,0.000216,0.0,0.0
1.425,FLIGHT,0.9407,1.5429,0.0954,0.191,0.1002,0.1854,-0.0148,-0.1909,-0.0075,0.0162,1.0366,-0.0426,1.5773,0.000216,0.0001,0.0
1.43,FLIGHT,0.9412,1.5438,0.1003,0.185,0.1043,0.1798,-0.0148,-0.1908,-0.0057,0.0156,1.0373,-0.0425,1.5775,0.000217,0.0001,0.0
1.435,FLIGHT,0.9418,1.5447,0.1043,0.1793,0.1075,0.1744,-0.0148,-0.1908,-0.0042,0.015,1.038,-0.0424,1.5777,0.000217,0.0001,0.0
1.44,FLIGHT,0.9423,1.5456,0.1075,0.174,0.1101,0.1694,-0.0148,-0.1907,-0.0029,0.0145,1.0386,-0.0424,1.5779,0.000218,0.0001,0.0
1.445,FLIGHT,0.9429,1.5464,0.1101,0.169,0.112,0.1646,-0.0148,-0.1906,-0.0017,0.014,1.0392,-0.0425,1.5781,0.000219,0.0001,0.0
1.45,FLIGHT,0.9434,1.5472,0.112,0.1642,0.1135,0.16,-0.0148,-0.1905,-0.0007,0.0135,1.0397,-0.0425,1.5783,0.000219,0.0001,0.0
1.455,FLIGHT,0.944,1.548,0.1134,0.1597,0.1144,0.1557,-0.0148,-0.1905,0.0002,0.0131,1.0403,-0.0426,1.5786,0.00022,0.0001,0.0
1.46,FLIGHT,0.9446,1.5488,0.1143,0.1553,0.115,0.1515,-0.0148,-0.1904,0.0009,0.0127,1.0408,-0.0427,1.5788,0.000221,0.0001,0.0
1.465,FLIGHT,0.9452,1.5495,0.1149,0.1512,0.1153,0.1476,-0.0148,-0.1904,0.0016,0.0123,1.0413,-0.0428,1.579,0.000221,0.0001,0.0
1.47,FLIGHT,0.9457,1.5502,0.1152,0.1472,0.1153,0.1437,-0.0148,-0.1903,0.0022,0.0119,1.0418,-0.0429,1.5793,0.000222,0.0001,0.0
1.475,FLIGHT,0.9463,1.5509,0.1151,0.1434,0.115,0.1401,-0.0148,-0.1902,0.0027,0.0116,1.0422,-0.043,1.5795,0.000222,0.0001,0.0
1.48,FLIGHT,0.9469,1.5516,0.1149,0.1398,0.1145,0.1366,-0.0148,-0.1902,0.0031,0.0113,1.0426,-0.0431,1.5797,0.000222,0.0001,0.0
1.485,FLIGHT,0.9475,1.5523,0.1144,0.1363,0.1139,0.1332,-0.0148,-0.1901,0.0035,0.0109,1.043,-0.0432,1.58,0.000223,0.0001,0.0
1.49,FLIGHT,0.948,1.553,0.1138,0.1329,0.1131,0.1299,-0.0147,-0.1901,0.0038,0.0106,1.0433,-0.0434,1.5802,0.000223,0.0,0.0
1.495,FLIGHT,0.9486,1.5536,0.113,0.1296,0.1122,0.1267,-0.0147,-0.19,0.0041,0.0104,1.0437,-0.0435,1.5804,0.000223,0.0,0.0
1.5,FLIGHT,0.9491,1.5542,0.1121,0.1264,0.1112,0.1236,-0.0147,-0.19,0.0043,0.0101,1.044,-0.0437,1.5807,0.000223,0.0,0.0
1.505,FLIGHT,0.9497,1.5549,0.1111,0.1234,0.1101,0.1207,-0.0147,-0.1899,0.0046,0.0098,1.0443,-0.0438,1.5809,0.000223,0.0,0.0
1.51,FLIGHT,0.9502,1.5554,0.11,0.1204,0.109,0.1178,-0.0146,-0.1899,0.0047,0.0096,1.0445,-0.044,1.5811,0.000224,0.0,0.0
1.515,FLIGHT,0.9508,1.556,0.1088,0.1175,0.1078,0.115,-0.0146,-0.1898,0.0049,0.0093,1.0448,-0.0441,1.5814,0.000224,0.0,0.0
1.52,FLIGHT,0.9513,1.5566,0.1076,0.1147,0.1065,0.1123,-0.0146,-0.1898,0.005,0.0091,1.045,-0.0443,1.5816,0.000224,-0.0,0.0
1.525,FLIGHT,0.9519,1.5572,0.1064,0.112,0.1053,0.1097,-0.0146,-0.1898,0.0052,0.0088,1.0452,-0.0444,1.5818,0.000224,-0.0,0.0
1.53,FLIGHT,0.9524,1.5577,0.1051,0.1094,0.1039,0.1071,-0.0145,-0.1897,0.0053,0.0086,1.0453,-0.0446,1.582,0.000223,-0.0,0.0
1.535,FLIGHT,0.9529,1.5582,0.1038,0.1069,0.1026,0.1046,-0.0145,-0.1897,0.0054,0.0084,1.0455,-0.0447,1.5822,0.000223,-0.0,0.0
1.54,FLIGHT,0.9534,1.5587,0.1025,0.1044,0.1013,0.1022,-0.0145,-0.1896,0.0054,0.0082,1.0456,-0.0449,1.5824,0.000223,-0.0,0.0
1.545,FLIGHT,0.9539,1.5592,0.1011,0.102,0.0999,0.0999,-0.0145,-0.1896,0.0055,0.008,1.0457,-0.045,1.5826,0.000223,-0.0,0.0
1.55,FLIGHT,0.9544,1.5597,0.0998,0.0997,0.0986,0.0976,-0.0144,-0.1895,0.0056,0.0078,1.0457,-0.0452,1.5828,0.000223,-0.0,0.0
1.555,FLIGHT,0.9549,1.5602,0.0985,0.0974,0.0973,0.0954,-0.0144,-0.1895,0.0056,0.0076,1.0458,-0.0453,1.583,0.000223,-0.0,0.0
1.56,FLIGHT,0.9554,1.5607,0.0971,0.0952,0.0959,0.0932,-0.0144,-0.1895,0.0056,0.0074,1.0458,-0.0454,1.5832,0.000223,-0.0,0.0
1.565,FLIGHT,0.9558,1.5612,0.0958,0.093,0.0946,0.0911,-0.0143,-0.1894,0.0057,0.0073,1.0458,-0.0456,1.5834,0.000223,-0.0,0.0
1.57,FLIGHT,0.9563,1.5616,0.0945,0.0909,0.0933,0.089,-0.0143,-0.1894,0.0057,0.0071,1.0458,-0.0457,1.5836,0.000223,-0.0,0.0
1.575,FLIGHT,0.9568,1.562,0.0931,0.0889,0.092,0.087,-0.0143,-0.1894,0.0057,0.0069,1.0457,-0.0459,1.5838,0.000222,-0.0,0.0
1.58,FLIGHT,0.9572,1.5625,0.0918,0.0869,0.0907,0.0851,-0.0143,-0.1893,0.0057,0.0067,1.0456,-0.046,1.584,0.000222,-0.0,0.0
1.585,FLIGHT,0.9577,1.5629,0.0906,0.0849,0.0894,0.0832,-0.0142,-0.1893,0.0058,0.0066,1.0455,-0.0461,1.5842,0.000222,-0.0,0.0
1.59,FLIGHT,0.9581,1.5633,0.0893,0.083,0.0881,0.0814,-0.0142,-0.1893,0.0058,0.0064,1.0454,-0.0463,1.5844,0.000222,-0.0,0.0
1.595,FLIGHT,0.9586,1.5637,0.088,0.0812,0.0869,0.0796,-0.0142,-0.1892,0.0058,0.0063,1.0453,-0.0464,1.5845,0.000222,-0.0,0.0
1.6,FLIGHT,0.959,1.5641,0.0868,0.0794,0.0857,0.0778,-0.0141,-0.1892,0.0058,0.0061,1.0451,-0.0465,1.5847,0.000222,-0.0,0.0
1.605,FLIGHT,0.9594,1.5645,0.0855,0.0776,0.0844,0.0761,-0.0141,-0.1892,0.0058,0.006,1.045,-0.0467,1.5849,0.000222,-0.0,0.0
1.61,FLIGHT,0.9598,1.5649,0.0843,0.0759,0.0832,0.0744,-0.0141,-0.1891,0.0058,0.0059,1.0448,-0.0468,1.5851,0.000221,-0.0,0.0
1.615,FLIGHT,0.9603,1.5652,0.0831,0.0743,0.0821,0.0728,-0.0141,-0.1891,0.0058,0.0057,1.0445,-0.0469,1.5852,0.000221,-0.0,0.0
1.62,FLIGHT,0.9607,1.5656,0.0819,0.0727,0.0809,0.0712,-0.014,-0.1891,0.0058,0.0056,1.0443,-0.047,1.5854,0.000221,-0.0,0.0
1.625,FLIGHT,0.9611,1.5659,0.0808,0.0711,0.0797,0.0697,-0.014,-0.1891,0.0057,0.0055,1.044,-0.0472,1.5855,0.000221,-0.0,0.0
1.63,FLIGHT,0.9615,1.5663,0.0796,0.0695,0.0786,0.0682,-0.014,-0.189,0.0057,0.0053,1.0437,-0.0473,1.5857,0.000221,-0.0,0.0
1.635,FLIGHT,0.9619,1.5666,0.0785,0.068,0.0775,0.0667,-0.0139,-0.189,0.0057,0.0052,1.0434,-0.0474,1.5859,0.000221,-0.0,0.0
1.64,FLIGHT,0.9622,1.567,0.0774,0.0666,0.0764,0.0653,-0.0139,-0.189,0.0057,0.0051,1.0431,-0.0475,1.586,0.000221,-0.0,0.0
1.645,FLIGHT,0.9626,1.5673,0.0763,0.0652,0.0753,0.0639,-0.0139,-0.189,0.0057,0.005,1.0428,-0.0476,1.5862,0.000221,-0.0,0.0
1.65,FLIGHT,0.963,1.5676,0.0752,0.0638,0.0743,0.0625,-0.0139,-0.1889,0.0057,0.0049,1.0424,-0.0477,1.5863,0.00022,-0.0,0.0
1.655,FLIGHT,0.9634,1.5679,0.0742,0.0624,0.0732,0.0612,-0.0138,-0.1889,0.0056,0.0048,1.042,-0.0479,1.5865,0.00022,-0.0,0.0
1.66,FLIGHT,0.9637,1.5682,0.0731,0.0611,0.0722,0.0599,-0.0138,-0.1889,0.0056,0.0047,1.0416,-0.048,1.5866,0.00022,-0.0,0.0
1.665,FLIGHT,0.9641,1.5685,0.0721,0.0598,0.0712,0.0587,-0.0138,-0.1889,0.0056,0.0045,1.0412,-0.0481,1.5867,0.00022,-0.0,0.0
1.67,FLIGHT,0.9644,1.5688,0.0711,0.0585,0.0702,0.0574,-0.0137,-0.1888,0.0056,0.0044,1.0407,-0.0482,1.5869,0.00022,-0.0,0.0
1.675,FLIGHT,0.9648,1.5691,0.0701,0.0573,0.0692,0.0562,-0.0137,-0.1888,0.0055,0.0043,1.0403,-0.0483,1.587,0.00022,-0.0,0.0
1.68,FLIGHT,0.9651,1.5694,0.0691,0.0561,0.0682,0.0551,-0.0137,-0.1888,0.0055,0.0043,1.0398,-0.0484,1.5872,0.00022,-0.0,0.0
1.685,FLIGHT,0.9655,1.5696,0.0681,0.055,0.0673,0.0539,-0.0137,-0.1888,0.0055,0.0042,1.0393,-0.0485,1.5873,0.00022,-0.0,0.0
1.69,FLIGHT,0.9658,1.5699,0.0672,0.0538,0.0663,0.0528,-0.0136,-0.1888,0.0055,0.0041,1.0387,-0.0486,1.5874,0.00022,-0.0,0.0
1.695,FLIGHT,0.9661,1.5702,0.0662,0.0527,0.0654,0.0518,-0.0136,-0.1887,0.0054,0.004,1.0382,-0.0487,1.5876,0.00022,-0.0,0.0
1.7,FLIGHT,0.9665,1.5704,0.0653,0.0517,0.0645,0.0507,-0.0136,-0.1887,0.0054,0.0039,1.0376,-0.0488,1.5877,0.00022,-0.0,0.0
1.705,FLIGHT,0.9668,1.5707,0.0644,0.0506,0.0636,0.0497,-0.0136,-0.1887,0.0054,0.0038,1.0371,-0.0489,1.5878,0.000219,-0.0,0.0
1.71,FLIGHT,0.9671,1.5709,0.0635,0.0496,0.0627,0.0487,-0.0135,-0.1887,0.0053,0.0037,1.0365,-0.049,1.5879,0.000219,-0.0,0.0
1.715,FLIGHT,0.9674,1.5711,0.0626,0.0486,0.0618,0.0477,-0.0135,-0.1887,0.0053,0.0037,1.0359,-0.0491,1.5881,0.000219,-0.0,0.0
1.72,FLIGHT,0.9677,1.5714,0.0617,0.0476,0.0609,0.0468,-0.0135,-0.1887,0.0053,0.0036,1.0352,-0.0492,1.5882,0.000219,-0.0,0.0
1.725,FLIGHT,0.968,1.5716,0.0609,0.0467,0.0601,0.0458,-0.0134,-0.1886,0.0052,0.0035,1.0346,-0.0493,1.5883,0.000219,-0.0,0.0
1.73,FLIGHT,0.9683,1.5718,0.06,0.0457,0.0592,0.0449,-0.0134,-0.1886,0.0052,0.0034,1.0339,-0.0494,1.5884,0.000219,-0.0,0.0
1.735,FLIGHT,0.9686,1.5721,0.0592,0.0448,0.0584,0.044,-0.0134,-0.1886,0.0051,0.0034,1.0332,-0.0495,1.5885,0.000219,-0.0,0.0
1.74,FLIGHT,0.9689,1.5723,0.0583,0.044,0.0576,0.0432,-0.0134,-0.1886,0.0051,0.0033,1.0325,-0.0496,1.5886,0.000219,-0.0,0.0
1.745,FLIGHT,0.9692,1.5725,0.0575,0.0431,0.0568,0.0424,-0.0133,-0.1886,0.0051,0.0032,1.0318,-0.0497,1.5888,0.000219,-0.0,0.0
1.75,FLIGHT,0.9695,1.5727,0.0567,0.0423,0.056,0.0415,-0.0133,-0.1886,0.005,0.0032,1.0311,-0.0498,1.5889,0.000219,-0.0,0.0
1.755,FLIGHT,0.9697,1.5729,0.0559,0.0415,0.0552,0.0407,-0.0133,-0.1885,0.005,0.0031,1.0303,-0.0499,1.589,0.000219,-0.0,0.0
1.76,FLIGHT,0.97,1.5731,0.0551,0.0407,0.0544,0.04,-0.0133,-0.1885,0.0049,0.003,1.0295,-0.05,1.5891,0.000219,-0.0,0.0
1.765,FLIGHT,0.9703,1.5733,0.0543,0.0399,0.0536,0.0392,-0.0132,-0.1885,0.0049,0.003,1.0287,-0.0501,1.5892,0.000219,-0.0,0.0
1.77,FLIGHT,0.9705,1.5735,0.0535,0.0392,0.0528,0.0385,-0.0132,-0.1885,0.0048,0.0029,1.0279,-0.0502,1.5893,0.000219,-0.0,0.0
1.775,FLIGHT,0.9708,1.5737,0.0528,0.0384,0.0521,0.0378,-0.0132,-0.1885,0.0048,0.0029,1.0271,-0.0503,1.5894,0.000219,-0.0,0.0
1.78,FLIGHT,0.9711,1.5739,0.052,0.0377,0.0513,0.0371,-0.0132,-0.1885,0.0047,0.0028,1.0263,-0.0504,1.5895,0.000219,-0.0,0.0
1.785,FLIGHT,0.9713,1.5741,0.0512,0.037,0.0506,0.0364,-0.0132,-0.1885,0.0047,0.0027,1.0254,-0.0505,1.5896,0.000219,-0.0,0.0
1.79,FLIGHT,0.9716,1.5743,0.0505,0.0363,0.0498,0.0357,-0.0131,-0.1884,0.0046,0.0027,1.0246,-0.0506,1.5897,0.000219,-0.0,0.0
1.795,FLIGHT,0.9718,1.5744,0.0498,0.0357,0.0491,0.0351,-0.0131,-0.1884,0.0046,0.0026,1.0237,-0.0507,1.5898,0.000219,-0.0,0.0
1.8,FLIGHT,0.9721,1.5746,0.049,0.035,0.0484,0.0345,-0.0131,-0.1884,0.0045,0.0026,1.0228,-0.0507,1.5899,0.000219,-0.0,0.0
1.805,FLIGHT,0.9723,1.5748,0.0483,0.0344,0.0477,0.0338,-0.0131,-0.1884,0.0045,0.0025,1.0219,-0.0508,1.59,0.000219,-0.0,0.0
1.81,FLIGHT,0.9725,1.5749,0.0476,0.0338,0.0469,0.0332,-0.013,-0.1884,0.0044,0.0025,1.0209,-0.0509,1.5901,0.000219,-0.0,0.0
1.815,FLIGHT,0.9728,1.5751,0.0469,0.0332,0.0462,0.0327,-0.013,-0.1884,0.0044,0.0025,1.02,-0.051,1.5902,0.000219,-0.0,0.0
1.82,FLIGHT,0.973,1.5753,0.0462,0.0326,0.0455,0.0321,-0.013,-0.1884,0.0043,0.0024,1.019,-0.0511,1.5903,0.000219,-0.0,0.0
1.825,FLIGHT,0.9732,1.5754,0.0455,0.032,0.0448,0.0315,-0.013,-0.1884,0.0043,0.0024,1.018,-0.0512,1.5904,0.000219,-0.0,0.0
1.83,FLIGHT,0.9735,1.5756,0.0448,0.0315,0.0442,0.031,-0.013,-0.1883,0.0042,0.0023,1.0171,-0.0513,1.5905,0.000219,-0.0,0.0
1.835,FLIGHT,0.9737,1.5757,0.0441,0.0309,0.0435,0.0305,-0.0129,-0.1883,0.0041,0.0023,1.0161,-0.0514,1.5906,0.000219,-0.0,0.0
1.84,FLIGHT,0.9739,1.5759,0.0434,0.0304,0.0428,0.03,-0.0129,-0.1883,0.0041,0.0022,1.015,-0.0514,1.5907,0.000219,-0.0,0.0
1.845,FLIGHT,0.9741,1.576,0.0427,0.0299,0.0421,0.0295,-0.0129,-0.1883,0.004,0.0022,1.014,-0.0515,1.5908,0.000219,0.0,0.0
1.85,FLIGHT,0.9743,1.5762,0.042,0.0294,0.0414,0.029,-0.0129,-0.1883,0.004,0.0022,1.013,-0.0516,1.5909,0.000219,0.0,0.0
1.855,FLIGHT,0.9745,1.5763,0.0414,0.0289,0.0408,0.0285,-0.0129,-0.1883,0.0039,0.0021,1.0119,-0.0517,1.591,0.000219,0.0,0.0
1.86,FLIGHT,0.9747,1.5765,0.0407,0.0284,0.0401,0.028,-0.0128,-0.1883,0.0038,0.0021,1.0108,-0.0518,1.5911,0.000219,0.0,0.0
1.865,FLIGHT,0.9749,1.5766,0.0401,0.028,0.0395,0.0276,-0.0128,-0.1883,0.0038,0.0021,1.0097,-0.0519,1.5912,0.000219,0.0,0.0
1.87,FLIGHT,0.9751,1.5767,0.0394,0.0275,0.0388,0.0271,-0.0128,-0.1883,0.0037,0.002,1.0086,-0.052,1.5912,0.000219,0.0,0.0
1.875,FLIGHT,0.9753,1.5769,0.0387,0.0271,0.0382,0.0267,-0.0128,-0.1882,0.0037,0.002,1.0075,-0.052,1.5913,0.000219,0.0,0.0
1.88,FLIGHT,0.9755,1.577,0.0381,0.0267,0.0375,0.0263,-0.0128,-0.1882,0.0036,0.002,1.0064,-0.0521,1.5914,0.000219,0.0,0.0
1.885,FLIGHT,0.9757,1.5771,0.0374,0.0262,0.0369,0.0259,-0.0127,-0.1882,0.0035,0.0019,1.0052,-0.0522,1.5915,0.000219,0.0,0.0
1.89,FLIGHT,0.9759,1.5773,0.0368,0.0258,0.0362,0.0255,-0.0127,-0.1882,0.0035,0.0019,1.0041,-0.0523,1.5916,0.000219,0.0,0.0
1.895,FLIGHT,0.976,1.5774,0.0362,0.0254,0.0356,0.0251,-0.0127,-0.1882,0.0034,0.0019,1.0029,-0.0524,1.5917,0.000219,0.0,0.0
1.9,FLIGHT,0.9762,1.5775,0.0355,0.0251,0.035,0.0247,-0.0127,-0.1882,0.0033,0.0019,1.0017,-0.0525,1.5918,0.000219,0.0,0.0
1.905,FLIGHT,0.9764,1.5776,0.0349,0.0247,0.0343,0.0243,-0.0127,-0.1882,0.0033,0.0018,1.0005,-0.0526,1.5918,0.000219,0.0,0.0
1.91,STANCE,0.9767,1.5782,0.0665,0.1081,0.2051,0.4597,-0.0127,-0.1881,-0.002,0.0091,0.9994,0.1598,-0.1731,4e-06,-0.2135,0.0427
1.915,STANCE,0.9839,1.5754,1.1324,-0.4668,2.5447,-1.6251,-0.011,-0.1885,0.2766,-0.0548,0.9983,-0.3693,-0.538,-0.002044,-0.5386,0.1098
1.92,STANCE,0.992,1.5701,1.2631,-0.7347,0.204,0.0094,-0.0087,-0.189,0.3391,-0.0765,0.9978,-0.7051,-1.0045,-0.003788,-0.1036,0.0245
1.925,STANCE,0.9913,1.5716,0.2996,-0.028,-0.1606,0.2719,-0.0091,-0.1889,0.0604,-0.0052,0.998,-0.6086,-1.8436,-0.003858,0.0388,0.0039
1.93,STANCE,0.992,1.571,0.242,-0.1322,0.5242,-0.5591,-0.0088,-0.189,0.0638,-0.0139,0.9983,-0.885,-2.2186,-0.003568,0.0704,0.0036
1.935,STANCE,0.9961,1.5628,0.6628,-1.2696,1.0865,-1.9775,-0.0069,-0.1897,0.3004,-0.1157,0.9983,-1.379,-1.9269,-0.002995,0.1214,0.003
1.94,STANCE,1.0033,1.5499,1.2109,-2.2481,1.5169,-2.6252,-0.0038,-0.1909,0.5442,-0.1951,0.9983,-1.9039,-1.4407,-0.00272,0.0292,0.0027
1.945,STANCE,1.0112,1.5355,1.4579,-2.7652,1.5292,-3.5072,-0.0003,-0.1921,0.6703,-0.226,0.9983,-2.1995,-0.9436,-0.002844,-0.0451,0.0119
1.95,STANCE,1.0173,1.5182,1.2541,-3.2205,0.8818,-3.0218,0.0034,-0.1935,0.7031,-0.2479,0.9983,-2.1502,-0.3287,-0.003032,-0.0378,0.0106
1.955,STANCE,1.019,1.5043,0.5797,-2.8955,-0.0276,-2.2604,0.0057,-0.1945,0.5303,-0.2169,0.9985,-1.6779,-0.0057,-0.002976,0.0217,0.003
1.96,STANCE,1.0169,1.4923,-0.1227,-2.5549,-0.6789,-2.5271,0.007,-0.1954,0.3463,-0.1915,0.9988,-1.0198,0.3083,-0.002589,0.1133,0.0026
1.965,STANCE,1.0139,1.4805,-0.4464,-2.4273,-0.5824,-2.4742,0.0082,-0.1963,0.2657,-0.1816,0.9992,-0.4417,0.6835,-0.002148,0.0887,0.0021
1.97,STANCE,1.0114,1.4676,-0.47,-2.5378,-0.3864,-2.6046,0.0096,-0.1973,0.2787,-0.1867,0.9996,-0.0144,1.0797,-0.001729,0.072,0.0017
1.975,STANCE,1.0099,1.4544,-0.3491,-2.6006,-0.1803,-2.5068,0.0112,-0.1982,0.3135,-0.1862,1.0,0.2042,1.3141,-0.001358,0.0603,0.0014
1.98,FLIGHT,1.0096,1.4438,-0.1479,-2.2114,-0.3644,-0.9851,0.0127,-0.199,0.2976,-0.1535,1.0008,-1.1941,2.4963,-0.001178,0.0315,0.0012
1.985,FLIGHT,1.0028,1.4491,-1.0676,0.2062,-2.1537,2.5881,0.0106,-0.1987,-0.2425,0.0032,1.0027,-0.7161,2.0798,-0.000843,0.1015,0.0008
1.99,FLIGHT,0.9906,1.4642,-2.0171,2.1137,-2.5183,3.0013,0.0059,-0.1977,-0.7054,0.1452,1.005,-0.1511,1.6089,-0.000234,0.1333,0.0002
1.995,FLIGHT,0.9792,1.4765,-2.1542,2.2874,-1.9559,1.8722,0.0019,-0.1968,-0.7517,0.1738,1.007,0.0469,1.4545,0.000367,0.0952,0.0
2.0,FLIGHT,0.9711,1.4832,-1.7615,1.5919,-1.3347,0.9124,-0.0006,-0.1963,-0.572,0.1283,1.0086,-0.0155,1.5184,0.000728,0.0517,0.0
2.005,FLIGHT,0.9653,1.4868,-1.3302,0.9875,-1.0139,0.622,-0.0023,-0.196,-0.4003,0.0832,1.0101,-0.1151,1.6082,0.000909,0.0228,0.0
2.01,FLIGHT,0.9606,1.4901,-1.0717,0.7667,-0.9163,0.7067,-0.0037,-0.1957,-0.3176,0.0671,1.0115,-0.1483,1.6381,0.000974,0.0048,0.0
2.015,FLIGHT,0.9561,1.4939,-0.9482,0.7694,-0.8667,0.8016,-0.0051,-0.1954,-0.293,0.0691,1.013,-0.1269,1.6216,0.000968,-0.0061,0.0012
2.02,FLIGHT,0.952,1.4979,-0.8612,0.7878,-0.7798,0.7784,-0.0064,-0.195,-0.2777,0.0722,1.0145,-0.0955,1.5973,0.00092,-0.0123,0.0025
2.025,FLIGHT,0.9484,1.5016,-0.7603,0.7453,-0.6622,0.6835,-0.0077,-0.1947,-0.2514,0.0697,1.0159,-0.0775,1.585,0.00085,-0.0154,0.0031
2.03,FLIGHT,0.9453,1.5047,-0.6476,0.6654,-0.5469,0.5908,-0.0087,-0.1944,-0.2178,0.0632,1.0173,-0.0723,1.5834,0.00077,-0.0165,0.0033
2.035,FLIGHT,0.9429,1.5075,-0.5407,0.5893,-0.4517,0.5299,-0.0095,-0.1941,-0.1861,0.0566,1.0187,-0.0711,1.5848,0.000688,-0.0161,0.0032
2.04,FLIGHT,0.9408,1.5101,-0.4497,0.5338,-0.3755,0.493,-0.0103,-0.1939,-0.1605,0.0515,1.02,-0.0686,1.5846,0.00061,-0.015,0.003
2.045,FLIGHT,0.9391,1.5125,-0.3735,0.4947,-0.3107,0.464,-0.011,-0.1936,-0.1401,0.0478,1.0213,-0.0642,1.5826,0.000539,-0.0134,0.0027
2.05,FLIGHT,0.9377,1.5147,-0.3077,0.4626,-0.2522,0.4351,-0.0115,-0.1934,-0.1227,0.0447,1.0225,-0.0597,1.5803,0.000476,-0.0116,0.0023
2.055,FLIGHT,0.9366,1.5168,-0.2489,0.4325,-0.199,0.4063,-0.012,-0.1932,-0.1071,0.0417,1.0238,-0.0561,1.5786,0.000423,-0.0098,0.002
2.06,FLIGHT,0.9357,1.5188,-0.1961,0.4042,-0.1515,0.38,-0.0125,-0.193,-0.0929,0.0387,1.025,-0.0534,1.5776,0.000378,-0.0081,0.0016
2.065,FLIGHT,0.935,1.5206,-0.1493,0.3787,-0.11,0.3573,-0.0129,-0.1929,-0.0802,0.036,1.0261,-0.0513,1.5769,0.000341,-0.0066,0.0013
2.07,FLIGHT,0.9346,1.5224,-0.1083,0.3565,-0.0741,0.338,-0.0132,-0.1927,-0.0692,0.0336,1.0272,-0.0495,1.5763,0.000311,-0.0053,0.0011
2.075,FLIGHT,0.9343,1.524,-0.0726,0.3371,-0.0429,0.3209,-0.0135,-0.1925,-0.0597,0.0315,1.0283,-0.0479,1.5759,0.000288,-0.0042,0.0008
2.08,FLIGHT,0.9341,1.5256,-0.0417,0.32,-0.0158,0.3056,-0.0137,-0.1924,-0.0513,0.0297,1.0294,-0.0465,1.5755,0.000269,-0.0033,0.0007
2.085,FLIGHT,0.9341,1.5271,-0.0147,0.3047,0.0077,0.2916,-0.0139,-0.1923,-0.044,0.028,1.0305,-0.0453,1.5752,0.000255,-0.0025,0.0005
2.09,FLIGHT,0.9342,1.5285,0.0086,0.2908,0.0281,0.2789,-0.0141,-0.1921,-0.0376,0.0264,1.0315,-0.0444,1.575,0.000244,-0.0019,0.0004
2.095,FLIGHT,0.9344,1.5299,0.0288,0.2782,0.0456,0.2674,-0.0142,-0.192,-0.032,0.025,1.0324,-0.0436,1.5749,0.000236,-0.0014,0.0003
2.1,FLIGHT,0.9347,1.5312,0.0462,0.2667,0.0605,0.2569,-0.0144,-0.1919,-0.0271,0.0238,1.0334,-0.043,1.5749,0.00023,-0.001,0.0002
2.105,FLIGHT,0.935,1.5324,0.061,0.2562,0.0733,0.2473,-0.0145,-0.1918,-0.0228,0.0226,1.0343,-0.0424,1.5749,0.000225,-0.0007,0.0001
2.11,FLIGHT,0.9354,1.5336,0.0737,0.2466,0.0841,0.2384,-0.0145,-0.1917,-0.0191,0.0216,1.0352,-0.042,1.5749,0.000223,-0.0005,0.0001
2.115,FLIGHT,0.9358,1.5348,0.0844,0.2378,0.0932,0.2302,-0.0146,-0.1916,-0.0159,0.0206,1.0361,-0.0417,1.575,0.000221,-0.0003,0.0001
2.12,FLIGHT,0.9363,1.5359,0.0934,0.2296,0.1008,0.2225,-0.0147,-0.1915,-0.013,0.0198,1.0369,-0.0415,1.5752,0.00022,-0.0001,0.0
2.125,FLIGHT,0.9368,1.537,0.1009,0.222,0.1071,0.2154,-0.0147,-0.1914,-0.0105,0.019,1.0377,-0.0413,1.5753,0.000219,-0.0001,0.0
2.13,FLIGHT,0.9374,1.5381,0.1072,0.2148,0.1122,0.2087,-0.0148,-0.1913,-0.0084,0.0182,1.0385,-0.0412,1.5755,0.000219,0.0,0.0
2.135,FLIGHT,0.938,1.5391,0.1123,0.2082,0.1164,0.2024,-0.0148,-0.1912,-0.0065,0.0175,1.0393,-0.0411,1.5757,0.000219,0.0001,0.0
2.14,FLIGHT,0.9385,1.5401,0.1164,0.2019,0.1197,0.1964,-0.0148,-0.1911,-0.0049,0.0169,1.04,-0.0411,1.576,0.00022,0.0001,0.0
2.145,FLIGHT,0.9392,1.5411,0.1197,0.1959,0.1223,0.1908,-0.0148,-0.1911,-0.0035,0.0163,1.0407,-0.0411,1.5762,0.00022,0.0001,0.0
2.15,FLIGHT,0.9398,1.542,0.1223,0.1903,0.1243,0.1854,-0.0148,-0.191,-0.0022,0.0158,1.0414,-0.0411,1.5764,0.000221,0.0001,0.0
2.155,FLIGHT,0.9404,1.5429,0.1242,0.185,0.1257,0.1803,-0.0148,-0.1909,-0.0011,0.0152,1.042,-0.0412,1.5767,0.000221,0.0001,0.0
2.16,FLIGHT,0.941,1.5438,0.1256,0.1799,0.1266,0.1755,-0.0148,-0.1908,-0.0002,0.0148,1.0426,-0.0413,1.577,0.000222,0.0001,0.0
2.165,FLIGHT,0.9417,1.5447,0.1265,0.1751,0.1271,0.1708,-0.0148,-0.1908,0.0006,0.0143,1.0432,-0.0414,1.5772,0.000223,0.0001,0.0
2.17,FLIGHT,0.9423,1.5455,0.127,0.1704,0.1272,0.1663,-0.0148,-0.1907,0.0013,0.0139,1.0438,-0.0415,1.5775,0.000223,0.0001,0.0
2.175,FLIGHT,0.9429,1.5464,0.1271,0.166,0.1271,0.1621,-0.0148,-0.1906,0.002,0.0135,1.0443,-0.0416,1.5777,0.000224,0.0001,0.0
2.18,FLIGHT,0.9436,1.5472,0.127,0.1617,0.1267,0.1579,-0.0148,-0.1906,0.0025,0.0131,1.0448,-0.0417,1.578,0.000224,0.0001,0.0
2.185,FLIGHT,0.9442,1.5479,0.1266,0.1576,0.1261,0.154,-0.0148,-0.1905,0.003,0.0127,1.0453,-0.0419,1.5783,0.000224,0.0001,0.0
2.19,FLIGHT,0.9448,1.5487,0.1259,0.1536,0.1253,0.1501,-0.0148,-0.1904,0.0034,0.0124,1.0458,-0.042,1.5785,0.000224,0.0,0.0
2.195,FLIGHT,0.9455,1.5494,0.1252,0.1498,0.1244,0.1464,-0.0147,-0.1904,0.0037,0.012,1.0462,-0.0422,1.5788,0.000225,0.0,0.0
2.2,FLIGHT,0.9461,1.5502,0.1242,0.1461,0.1233,0.1429,-0.0147,-0.1903,0.004,0.0117,1.0466,-0.0423,1.5791,0.000225,0.0,0.0
2.205,FLIGHT,0.9467,1.5509,0.1231,0.1426,0.1221,0.1394,-0.0147,-0.1903,0.0043,0.0114,1.047,-0.0425,1.5793,0.000225,0.0,0.0
2.21,FLIGHT,0.9473,1.5516,0.122,0.1391,0.1209,0.1361,-0.0147,-0.1902,0.0045,0.0111,1.0474,-0.0427,1.5796,0.000225,0.0,0.0
2.215,FLIGHT,0.9479,1.5522,0.1207,0.1358,0.1195,0.1328,-0.0147,-0.1901,0.0047,0.0108,1.0477,-0.0428,1.5798,0.000225,0.0,0.0
2.22,FLIGHT,0.9485,1.5529,0.1194,0.1325,0.1181,0.1296,-0.0146,-0.1901,0.0049,0.0105,1.048,-0.043,1.5801,0.000225,-0.0,0.0
2.225,FLIGHT,0.9491,1.5535,0.118,0.1294,0.1167,0.1266,-0.0146,-0.19,0.0051,0.0103,1.0483,-0.0432,1.5803,0.000225,-0.0,0.0
2.23,FLIGHT,0.9497,1.5542,0.1165,0.1263,0.1153,0.1236,-0.0146,-0.19,0.0052,0.01,1.0485,-0.0433,1.5806,0.000225,-0.0,0.0
2.235,FLIGHT,0.9502,1.5548,0.1151,0.1233,0.1138,0.1207,-0.0146,-0.1899,0.0053,0.0098,1.0487,-0.0435,1.5808,0.000225,-0.0,0.0
2.24,FLIGHT,0.9508,1.5554,0.1136,0.1205,0.1123,0.1179,-0.0145,-0.1899,0.0054,0.0095,1.049,-0.0437,1.5811,0.000225,-0.0,0.0
2.245,FLIGHT,0.9513,1.5559,0.1121,0.1177,0.1107,0.1152,-0.0145,-0.1899,0.0055,0.0093,1.0491,-0.0438,1.5813,0.000225,-0.0,0.0
2.25,FLIGHT,0.9519,1.5565,0.1106,0.1149,0.1092,0.1125,-0.0145,-0.1898,0.0056,0.0091,1.0493,-0.044,1.5815,0.000225,-0.0,0.0
2.255,FLIGHT,0.9524,1.5571,0.1091,0.1123,0.1077,0.1099,-0.0144,-0.1898,0.0056,0.0088,1.0494,-0.0442,1.5818,0.000224,-0.0,0.0
2.26,FLIGHT,0.953,1.5576,0.1076,0.1097,0.1062,0.1074,-0.0144,-0.1897,0.0057,0.0086,1.0495,-0.0443,1.582,0.000224,-0.0,0.0
2.265,FLIGHT,0.9535,1.5581,0.106,0.1072,0.1047,0.105,-0.0144,-0.1897,0.0057,0.0084,1.0496,-0.0445,1.5822,0.000224,-0.0,0.0
2.27,FLIGHT,0.954,1.5587,0.1045,0.1047,0.1032,0.1026,-0.0144,-0.1896,0.0058,0.0082,1.0497,-0.0446,1.5824,0.000224,-0.0,0.0
2.275,FLIGHT,0.9545,1.5592,0.103,0.1024,0.1017,0.1002,-0.0143,-0.1896,0.0058,0.008,1.0497,-0.0448,1.5826,0.000224,-0.0,0.0
2.28,FLIGHT,0.955,1.5597,0.1016,0.1,0.1002,0.098,-0.0143,-0.1896,0.0058,0.0078,1.0497,-0.045,1.5828,0.000224,-0.0,0.0
2.285,FLIGHT,0.9555,1.5601,0.1001,0.0978,0.0988,0.0958,-0.0143,-0.1895,0.0059,0.0076,1.0497,-0.0451,1.583,0.000223,-0.0,0.0
2.29,FLIGHT,0.956,1.5606,0.0986,0.0956,0.0974,0.0936,-0.0142,-0.1895,0.0059,0.0075,1.0497,-0.0453,1.5832,0.000223,-0.0,0.0
2.295,FLIGHT,0.9565,1.5611,0.0972,0.0934,0.0959,0.0915,-0.0142,-0.1895,0.0059,0.0073,1.0496,-0.0454,1.5834,0.000223,-0.0,0.0
2.3,FLIGHT,0.957,1.5615,0.0958,0.0913,0.0945,0.0895,-0.0142,-0.1894,0.0059,0.0071,1.0496,-0.0455,1.5836,0.000223,-0.0,0.0
2.305,FLIGHT,0.9575,1.562,0.0944,0.0893,0.0932,0.0875,-0.0142,-0.1894,0.0059,0.0069,1.0495,-0.0457,1.5838,0.000223,-0.0,0.0
2.31,FLIGHT,0.9579,1.5624,0.093,0.0873,0.0918,0.0855,-0.0141,-0.1893,0.0059,0.0068,1.0493,-0.0458,1.584,0.000222,-0.0,0.0
2.315,FLIGHT,0.9584,1.5628,0.0917,0.0854,0.0905,0.0836,-0.0141,-0.1893,0.0059,0.0066,1.0492,-0.046,1.5842,0.000222,-0.0,0.0
2.32,FLIGHT,0.9588,1.5632,0.0903,0.0835,0.0891,0.0818,-0.0141,-0.1893,0.0059,0.0065,1.049,-0.0461,1.5844,0.000222,-0.0,0.0
2.325,FLIGHT,0.9593,1.5637,0.089,0.0816,0.0878,0.08,-0.014,-0.1893,0.0059,0.0063,1.0488,-0.0462,1.5846,0.000222,-0.0,0.0
2.33,FLIGHT,0.9597,1.564,0.0877,0.0798,0.0866,0.0782,-0.014,-0.1892,0.0059,0.0062,1.0486,-0.0464,1.5847,0.000222,-0.0,0.0
2.335,FLIGHT,0.9601,1.5644,0.0864,0.0781,0.0853,0.0765,-0.014,-0.1892,0.0059,0.006,1.0484,-0.0465,1.5849,0.000222,-0.0,0.0
2.34,FLIGHT,0.9606,1.5648,0.0852,0.0764,0.0841,0.0749,-0.0139,-0.1892,0.0059,0.0059,1.0481,-0.0466,1.5851,0.000222,-0.0,0.0
2.345,FLIGHT,0.961,1.5652,0.0839,0.0747,0.0829,0.0732,-0.0139,-0.1891,0.0059,0.0058,1.0479,-0.0468,1.5852,0.000221,-0.0,0.0
2.35,FLIGHT,0.9614,1.5655,0.0827,0.0731,0.0817,0.0717,-0.0139,-0.1891,0.0058,0.0056,1.0476,-0.0469,1.5854,0.000221,-0.0,0.0
2.355,FLIGHT,0.9618,1.5659,0.0815,0.0715,0.0805,0.0701,-0.0139,-0.1891,0.0058,0.0055,1.0473,-0.047,1.5856,0.000221,-0.0,0.0
2.36,FLIGHT,0.9622,1.5662,0.0804,0.07,0.0793,0.0686,-0.0138,-0.1891,0.0058,0.0054,1.0469,-0.0471,1.5857,0.000221,-0.0,0.0
2.365,FLIGHT,0.9626,1.5666,0.0792,0.0685,0.0782,0.0671,-0.0138,-0.189,0.0058,0.0052,1.0466,-0.0473,1.5859,0.000221,-0.0,0.0
2.37,FLIGHT,0.963,1.5669,0.0781,0.067,0.0771,0.0657,-0.0138,-0.189,0.0058,0.0051,1.0462,-0.0474,1.586,0.000221,-0.0,0.0
2.375,FLIGHT,0.9634,1.5672,0.0769,0.0656,0.076,0.0643,-0.0137,-0.189,0.0057,0.005,1.0458,-0.0475,1.5862,0.000221,-0.0,0.0
2.38,FLIGHT,0.9637,1.5676,0.0758,0.0642,0.0749,0.0629,-0.0137,-0.189,0.0057,0.0049,1.0454,-0.0476,1.5863,0.00022,-0.0,0.0
2.385,FLIGHT,0.9641,1.5679,0.0748,0.0628,0.0738,0.0616,-0.0137,-0.1889,0.0057,0.0048,1.045,-0.0477,1.5865,0.00022,-0.0,0.0
2.39,FLIGHT,0.9645,1.5682,0.0737,0.0615,0.0727,0.0603,-0.0137,-0.1889,0.0057,0.0047,1.0445,-0.0478,1.5866,0.00022,-0.0,0.0
2.395,FLIGHT,0.9648,1.5685,0.0726,0.0602,0.0717,0.0591,-0.0136,-0.1889,0.0056,0.0046,1.044,-0.048,1.5868,0.00022,-0.0,0.0
2.4,FLIGHT,0.9652,1.5688,0.0716,0.0589,0.0707,0.0578,-0.0136,-0.1889,0.0056,0.0045,1.0435,-0.0481,1.5869,0.00022,-0.0,0.0
2.405,FLIGHT,0.9655,1.5691,0.0706,0.0577,0.0697,0.0566,-0.0136,-0.1888,0.0056,0.0044,1.043,-0.0482,1.5871,0.00022,-0.0,0.0
2.41,FLIGHT,0.9659,1.5693,0.0696,0.0565,0.0687,0.0555,-0.0135,-0.1888,0.0056,0.0043,1.0425,-0.0483,1.5872,0.00022,-0.0,0.0
2.415,FLIGHT,0.9662,1.5696,0.0686,0.0554,0.0677,0.0543,-0.0135,-0.1888,0.0055,0.0042,1.042,-0.0484,1.5873,0.00022,-0.0,0.0
2.42,FLIGHT,0.9666,1.5699,0.0676,0.0542,0.0668,0.0532,-0.0135,-0.1888,0.0055,0.0041,1.0414,-0.0485,1.5875,0.00022,-0.0,0.0
2.425,FLIGHT,0.9669,1.5701,0.0667,0.0531,0.0658,0.0521,-0.0135,-0.1888,0.0055,0.004,1.0408,-0.0486,1.5876,0.00022,-0.0,0.0
2.43,FLIGHT,0.9672,1.5704,0.0657,0.052,0.0649,0.0511,-0.0134,-0.1887,0.0054,0.0039,1.0402,-0.0487,1.5877,0.00022,-0.0,0.0
2.435,FLIGHT,0.9675,1.5707,0.0648,0.051,0.064,0.05,-0.0134,-0.1887,0.0054,0.0038,1.0396,-0.0488,1.5879,0.000219,-0.0,0.0
2.44,FLIGHT,0.9679,1.5709,0.0639,0.05,0.063,0.049,-0.0134,-0.1887,0.0053,0.0038,1.0389,-0.0489,1.588,0.000219,-0.0,0.0
2.445,FLIGHT,0.9682,1.5711,0.063,0.0489,0.0621,0.0481,-0.0134,-0.1887,0.0053,0.0037,1.0383,-0.049,1.5881,0.000219,-0.0,0.0
2.45,FLIGHT,0.9685,1.5714,0.0621,0.048,0.0613,0.0471,-0.0133,-0.1887,0.0053,0.0036,1.0376,-0.0491,1.5882,0.000219,-0.0,0.0
2.455,FLIGHT,0.9688,1.5716,0.0612,0.047,0.0604,0.0462,-0.0133,-0.1886,0.0052,0.0035,1.0369,-0.0492,1.5884,0.000219,-0.0,0.0
2.46,FLIGHT,0.9691,1.5718,0.0603,0.0461,0.0595,0.0453,-0.0133,-0.1886,0.0052,0.0035,1.0362,-0.0493,1.5885,0.000219,-0.0,0.0
2.465,FLIGHT,0.9694,1.5721,0.0594,0.0452,0.0587,0.0444,-0.0133,-0.1886,0.0051,0.0034,1.0355,-0.0494,1.5886,0.000219,-0.0,0.0
2.47,FLIGHT,0.9697,1.5723,0.0586,0.0443,0.0578,0.0435,-0.0132,-0.1886,0.0051,0.0033,1.0347,-0.0495,1.5887,0.000219,-0.0,0.0
2.475,FLIGHT,0.97,1.5725,0.0578,0.0435,0.057,0.0427,-0.0132,-0.1886,0.0051,0.0033,1.034,-0.0496,1.5888,0.000219,-0.0,0.0
2.48,FLIGHT,0.9702,1.5727,0.0569,0.0426,0.0562,0.0419,-0.0132,-0.1886,0.005,0.0032,1.0332,-0.0497,1.5889,0.000219,-0.0,0.0
2.485,FLIGHT,0.9705,1.5729,0.0561,0.0418,0.0554,0.0411,-0.0132,-0.1885,0.005,0.0031,1.0324,-0.0498,1.5891,0.000219,-0.0,0.0
2.49,FLIGHT,0.9708,1.5731,0.0553,0.041,0.0546,0.0403,-0.0131,-0.1885,0.0049,0.0031,1.0316,-0.0499,1.5892,0.000219,-0.0,0.0
2.495,FLIGHT,0.9711,1.5733,0.0545,0.0402,0.0538,0.0395,-0.0131,-0.1885,0.0049,0.003,1.0308,-0.05,1.5893,0.000219,-0.0,0.0
2.5,FLIGHT,0.9713,1.5735,0.0537,0.0395,0.053,0.0388,-0.0131,-0.1885,0.0048,0.0029,1.0299,-0.0501,1.5894,0.000219,-0.0,0.0
2.505,FLIGHT,0.9716,1.5737,0.0529,0.0387,0.0522,0.0381,-0.0131,-0.1885,0.0048,0.0029,1.029,-0.0502,1.5895,0.000219,-0.0,0.0
2.51,FLIGHT,0.9719,1.5739,0.0521,0.038,0.0514,0.0374,-0.013,-0.1885,0.0047,0.0028,1.0282,-0.0503,1.5896,0.000219,-0.0,0.0
2.515,FLIGHT,0.9721,1.5741,0.0514,0.0373,0.0507,0.0367,-0.013,-0.1885,0.0047,0.0028,1.0273,-0.0504,1.5897,0.000219,-0.0,0.0
2.52,FLIGHT,0.9724,1.5743,0.0506,0.0366,0.0499,0.036,-0.013,-0.1884,0.0046,0.0027,1.0264,-0.0505,1.5898,0.000219,-0.0,0.0
2.525,FLIGHT,0.9726,1.5744,0.0499,0.036,0.0492,0.0354,-0.013,-0.1884,0.0046,0.0027,1.0254,-0.0506,1.5899,0.000219,-0.0,0.0
2.53,FLIGHT,0.9729,1.5746,0.0491,0.0353,0.0484,0.0347,-0.0129,-0.1884,0.0045,0.0026,1.0245,-0.0507,1.59,0.000219,-0.0,0.0
2.535,FLIGHT,0.9731,1.5748,0.0484,0.0347,0.0477,0.0341,-0.0129,-0.1884,0.0045,0.0026,1.0236,-0.0508,1.5901,0.000219,-0.0,0.0
2.54,FLIGHT,0.9733,1.575,0.0476,0.0341,0.047,0.0335,-0.0129,-0.1884,0.0044,0.0025,1.0226,-0.0508,1.5902,0.000219,-0.0,0.0
2.545,FLIGHT,0.9736,1.5751,0.0469,0.0335,0.0463,0.0329,-0.0129,-0.1884,0.0043,0.0025,1.0216,-0.0509,1.5903,0.000219,-0.0,0.0
2.55,FLIGHT,0.9738,1.5753,0.0462,0.0329,0.0456,0.0324,-0.0129,-0.1884,0.0043,0.0024,1.0206,-0.051,1.5904,0.000219,-0.0,0.0
2.555,FLIGHT,0.974,1.5755,0.0455,0.0323,0.0448,0.0318,-0.0128,-0.1884,0.0042,0.0024,1.0196,-0.0511,1.5905,0.000219,-0.0,0.0
2.56,FLIGHT,0.9742,1.5756,0.0448,0.0318,0.0441,0.0313,-0.0128,-0.1883,0.0042,0.0024,1.0186,-0.0512,1.5906,0.000219,-0.0,0.0
2.565,FLIGHT,0.9745,1.5758,0.0441,0.0312,0.0434,0.0307,-0.0128,-0.1883,0.0041,0.0023,1.0175,-0.0513,1.5907,0.000219,-0.0,0.0
2.57,FLIGHT,0.9747,1.5759,0.0434,0.0307,0.0428,0.0302,-0.0128,-0.1883,0.004,0.0023,1.0165,-0.0514,1.5908,0.000219,-0.0,0.0
2.575,FLIGHT,0.9749,1.5761,0.0427,0.0302,0.0421,0.0297,-0.0128,-0.1883,0.004,0.0022,1.0154,-0.0515,1.5909,0.000219,0.0,0.0
2.58,FLIGHT,0.9751,1.5762,0.042,0.0297,0.0414,0.0292,-0.0127,-0.1883,0.0039,0.0022,1.0143,-0.0516,1.591,0.000219,0.0,0.0
2.585,FLIGHT,0.9753,1.5764,0.0413,0.0292,0.0407,0.0287,-0.0127,-0.1883,0.0039,0.0022,1.0132,-0.0517,1.5911,0.000219,0.0,0.0
2.59,FLIGHT,0.9755,1.5765,0.0406,0.0287,0.04,0.0283,-0.0127,-0.1883,0.0038,0.0021,1.0121,-0.0517,1.5912,0.000219,0.0,0.0
2.595,FLIGHT,0.9757,1.5766,0.04,0.0282,0.0394,0.0278,-0.0127,-0.1883,0.0037,0.0021,1.011,-0.0518,1.5912,0.000219,0.0,0.0
2.6,FLIGHT,0.9759,1.5768,0.0393,0.0278,0.0387,0.0274,-0.0127,-0.1883,0.0037,0.0021,1.0098,-0.0519,1.5913,0.000219,0.0,0.0
2.605,FLIGHT,0.9761,1.5769,0.0386,0.0273,0.038,0.0269,-0.0126,-0.1883,0.0036,0.002,1.0087,-0.052,1.5914,0.000219,0.0,0.0
2.61,FLIGHT,0.9763,1.577,0.038,0.0269,0.0374,0.0265,-0.0126,-0.1882,0.0035,0.002,1.0075,-0.0521,1.5915,0.000219,0.0,0.0
2.615,FLIGHT,0.9765,1.5772,0.0373,0.0265,0.0367,0.0261,-0.0126,-0.1882,0.0035,0.002,1.0063,-0.0522,1.5916,0.000219,0.0,0.0
2.62,FLIGHT,0.9766,1.5773,0.0367,0.0261,0.0361,0.0257,-0.0126,-0.1882,0.0034,0.0019,1.0052,-0.0523,1.5917,0.000219,0.0,0.0
2.625,FLIGHT,0.9768,1.5774,0.036,0.0257,0.0354,0.0253,-0.0126,-0.1882,0.0033,0.0019,1.0039,-0.0523,1.5918,0.000219,0.0,0.0
2.63,FLIGHT,0.977,1.5776,0.0354,0.0253,0.0348,0.0249,-0.0126,-0.1882,0.0033,0.0019,1.0027,-0.0524,1.5918,0.000219,0.0,0.0
2.635,FLIGHT,0.9772,1.5777,0.0347,0.0249,0.0341,0.0246,-0.0125,-0.1882,0.0032,0.0019,1.0015,-0.0525,1.5919,0.000219,0.0,0.0
2.64,FLIGHT,0.9773,1.5778,0.0341,0.0245,0.0335,0.0242,-0.0125,-0.1882,0.0031,0.0018,1.0003,-0.0526,1.592,0.000219,0.0,0.0
2.645,STANCE,0.9781,1.5787,0.1517,0.155,0.7409,0.1354,-0.0125,-0.1881,0.0077,0.0124,0.9992,0.1229,-0.3092,-0.000264,-0.3158,0.0634
2.65,STANCE,0.9877,1.5741,1.4686,-0.6995,2.6354,-1.7465,-0.0101,-0.1886,0.372,-0.0779,0.9981,-0.559,-0.5594,-0.002613,-0.5288,0.1084
2.655,STANCE,0.992,1.5717,0.9099,-0.4318,-0.0864,0.2693,-0.0089,-0.1889,0.2308,-0.0467,0.9978,-0.6169,-1.2504,-0.003725,-0.0473,0.0132
2.66,STANCE,0.9913,1.5731,0.2103,0.0242,0.0238,0.0403,-0.0092,-0.1888,0.0364,0.0002,0.9981,-0.6269,-1.9711,-0.003665,0.0483,0.0037
2.665,STANCE,0.9933,1.5709,0.3817,-0.3355,0.7927,-0.9228,-0.0086,-0.189,0.1179,-0.0331,0.9983,-1.0058,-2.1957,-0.00335,0.0729,0.0034
2.67,STANCE,0.9983,1.5607,0.8367,-1.4756,1.3181,-1.9497,-0.0062,-0.1899,0.3624,-0.1335,0.9984,-1.5226,-1.8403,-0.002754,0.0599,0.0028
2.675,STANCE,1.006,1.5458,1.3045,-2.4771,1.5276,-2.5463,-0.0027,-0.1912,0.5958,-0.2111,0.9983,-2.012,-1.2856,-0.002636,-0.0036,0.0033
2.68,STANCE,1.0134,1.5299,1.4005,-3.0292,1.3661,-3.3402,0.001,-0.1925,0.699,-0.2425,0.9983,-2.2209,-0.7344,-0.002915,-0.0931,0.0215
2.685,STANCE,1.0177,1.5131,0.9898,-3.237,0.2668,-3.4303,0.0042,-0.1939,0.6561,-0.2466,0.9983,-2.0315,-0.2158,-0.003166,0.0188,0.0032
2.69,STANCE,1.0173,1.499,0.2196,-2.9148,-0.5077,-2.6592,0.0062,-0.1949,0.4639,-0.2187,0.9984,-1.4704,0.1061,-0.003084,0.0543,0.0031
2.695,STANCE,1.0138,1.4861,-0.4279,-2.6843,-0.8808,-2.6951,0.0073,-0.1959,0.3058,-0.2022,0.9988,-0.8068,0.4624,-0.002746,0.0917,0.0027
2.7,STANCE,1.0099,1.4732,-0.6714,-2.6613,-0.7713,-2.8122,0.0084,-0.1969,0.2559,-0.1995,0.9991,-0.255,0.8702,-0.002412,0.0789,0.0024
2.705,STANCE,1.0069,1.4599,-0.6106,-2.6862,-0.529,-2.8101,0.0098,-0.1979,0.2729,-0.1976,0.9995,0.1219,1.2079,-0.00216,0.0617,0.0022
2.71,STANCE,1.0052,1.4468,-0.4166,-2.6017,-0.1473,-2.3011,0.0114,-0.1988,0.3006,-0.186,1.0,0.2643,1.3463,-0.00195,0.0129,0.0019
2.715,FLIGHT,1.0045,1.4386,-0.2623,-1.8167,-0.7559,0.0118,0.0124,-0.1994,0.2164,-0.1278,1.001,-1.11,2.4213,-0.001977,0.0088,0.002
2.72,FLIGHT,0.9964,1.4471,-1.2561,0.7118,-2.2382,2.8314,0.0096,-0.1989,-0.3543,0.0385,1.0031,-0.5609,1.9501,-0.001739,0.0826,0.0017
2.725,FLIGHT,0.9845,1.4619,-2.0198,2.2237,-2.3389,2.7617,0.0051,-0.1979,-0.7217,0.1563,1.0054,-0.0748,1.5484,-0.001234,0.1106,0.0012
2.73,FLIGHT,0.9742,1.4729,-2.0062,2.1322,-1.7319,1.6035,0.0015,-0.1971,-0.7007,0.1633,1.0073,0.0483,1.4574,-0.000703,0.0979,0.0007
2.735,FLIGHT,0.9671,1.4786,-1.5882,1.4222,-1.1816,0.8047,-0.0008,-0.1966,-0.5145,0.1147,1.0089,-0.0343,1.537,-0.000268,0.0768,0.0003
2.74,FLIGHT,0.9619,1.482,-1.1994,0.9115,-0.9276,0.632,-0.0023,-0.1964,-0.3645,0.0766,1.0104,-0.1212,1.6147,8e-05,0.06,0.0
2.745,FLIGHT,0.9575,1.4854,-0.9813,0.7623,-0.851,0.7405,-0.0036,-0.1961,-0.2998,0.0661,1.012,-0.1397,1.6319,0.000315,0.0355,0.0
2.75,FLIGHT,0.9534,1.4894,-0.8733,0.7826,-0.7964,0.813,-0.005,-0.1957,-0.2806,0.0695,1.0135,-0.1143,1.612,0.000448,0.019,0.0
2.755,FLIGHT,0.9496,1.4934,-0.7865,0.7916,-0.703,0.7715,-0.0063,-0.1954,-0.2641,0.0717,1.015,-0.0859,1.5905,0.000514,0.008,0.0
2.76,FLIGHT,0.9464,1.497,-0.6845,0.741,-0.5872,0.6765,-0.0074,-0.195,-0.2365,0.0683,1.0165,-0.0718,1.5814,0.000535,0.0008,0.0
2.765,FLIGHT,0.9437,1.5001,-0.5752,0.6627,-0.4794,0.5929,-0.0084,-0.1948,-0.2038,0.0619,1.0179,-0.0684,1.5811,0.000527,-0.0035,0.0007
2.77,FLIGHT,0.9415,1.503,-0.475,0.5932,-0.3923,0.5401,-0.0092,-0.1945,-0.1742,0.0558,1.0193,-0.0674,1.5824,0.000503,-0.0059,0.0012
2.775,FLIGHT,0.9398,1.5056,-0.3907,0.5436,-0.3223,0.5068,-0.0099,-0.1942,-0.1507,0.0514,1.0206,-0.0646,1.5819,0.00047,-0.0069,0.0014
2.78,FLIGHT,0.9383,1.508,-0.3203,0.5076,-0.262,0.4786,-0.0105,-0.194,-0.1318,0.048,1.022,-0.0603,1.5799,0.000435,-0.0071,0.0014
2.785,FLIGHT,0.9371,1.5104,-0.2591,0.4766,-0.2074,0.4498,-0.011,-0.1938,-0.1155,0.045,1.0232,-0.0561,1.5778,0.0004,-0.0067,0.0013
2.79,FLIGHT,0.9362,1.5125,-0.2043,0.4472,-0.1579,0.4215,-0.0115,-0.1936,-0.1007,0.0421,1.0245,-0.0528,1.5764,0.000368,-0.0061,0.0012
2.795,FLIGHT,0.9355,1.5146,-0.1553,0.4196,-0.114,0.396,-0.0119,-0.1934,-0.0873,0.0393,1.0257,-0.0504,1.5756,0.00034,-0.0053,0.0011
2.8,FLIGHT,0.9351,1.5165,-0.112,0.3948,-0.0758,0.3741,-0.0123,-0.1932,-0.0754,0.0367,1.0269,-0.0485,1.575,0.000315,-0.0045,0.0009
2.805,FLIGHT,0.9348,1.5183,-0.0743,0.3732,-0.0428,0.3551,-0.0126,-0.1931,-0.0651,0.0345,1.0281,-0.0468,1.5746,0.000294,-0.0038,0.0008
2.81,FLIGHT,0.9346,1.5201,-0.0415,0.3542,-0.0142,0.3382,-0.0129,-0.1929,-0.0561,0.0324,1.0292,-0.0453,1.5742,0.000277,-0.0031,0.0006
2.815,FLIGHT,0.9346,1.5217,-0.013,0.3373,0.0106,0.3229,-0.0131,-0.1928,-0.0483,0.0306,1.0303,-0.0441,1.5739,0.000263,-0.0025,0.0005
2.82,FLIGHT,0.9347,1.5233,0.0116,0.3219,0.0322,0.3089,-0.0133,-0.1926,-0.0414,0.029,1.0314,-0.043,1.5737,0.000252,-0.002,0.0004
2.825,FLIGHT,0.9349,1.5248,0.033,0.308,0.0507,0.2961,-0.0134,-0.1925,-0.0354,0.0275,1.0324,-0.0422,1.5735,0.000243,-0.0015,0.0003
2.83,FLIGHT,0.9352,1.5262,0.0514,0.2953,0.0666,0.2844,-0.0136,-0.1924,-0.0301,0.0261,1.0334,-0.0415,1.5735,0.000237,-0.0011,0.0002
2.835,FLIGHT,0.9356,1.5276,0.0671,0.2837,0.0801,0.2738,-0.0137,-0.1922,-0.0255,0.0249,1.0344,-0.0409,1.5735,0.000232,-0.0008,0.0002
2.84,FLIGHT,0.936,1.529,0.0805,0.2731,0.0916,0.2639,-0.0138,-0.1921,-0.0214,0.0238,1.0354,-0.0405,1.5736,0.000228,-0.0006,0.0001
2.845,FLIGHT,0.9365,1.5303,0.0919,0.2633,0.1013,0.2548,-0.0139,-0.192,-0.0179,0.0227,1.0363,-0.0401,1.5737,0.000226,-0.0004,0.0001
2.85,FLIGHT,0.9371,1.5315,0.1015,0.2542,0.1093,0.2464,-0.0139,-0.1919,-0.0149,0.0218,1.0372,-0.0399,1.5739,0.000224,-0.0003,0.0001
2.855,FLIGHT,0.9376,1.5327,0.1095,0.2457,0.116,0.2384,-0.014,-0.1918,-0.0122,0.0209,1.0381,-0.0397,1.5741,0.000223,-0.0002,0.0
2.86,FLIGHT,0.9382,1.5339,0.1161,0.2379,0.1215,0.231,-0.014,-0.1917,-0.0098,0.0201,1.0389,-0.0396,1.5743,0.000222,-0.0001,0.0
2.865,FLIGHT,0.9388,1.5351,0.1216,0.2305,0.126,0.224,-0.0141,-0.1916,-0.0078,0.0194,1.0397,-0.0395,1.5745,0.000222,-0.0,0.0
2.87,FLIGHT,0.9395,1.5362,0.126,0.2235,0.1295,0.2174,-0.0141,-0.1915,-0.006,0.0187,1.0405,-0.0395,1.5748,0.000222,0.0,0.0
2.875,FLIGHT,0.9401,1.5372,0.1295,0.2169,0.1322,0.2112,-0.0141,-0.1914,-0.0045,0.0181,1.0412,-0.0395,1.575,0.000222,0.0001,0.0
2.88,FLIGHT,0.9408,1.5383,0.1321,0.2107,0.1342,0.2053,-0.0141,-0.1913,-0.0031,0.0175,1.042,-0.0395,1.5753,0.000223,0.0001,0.0
2.885,FLIGHT,0.9415,1.5393,0.1342,0.2048,0.1357,0.1996,-0.0141,-0.1912,-0.0019,0.0169,1.0427,-0.0396,1.5756,0.000223,0.0001,0.0
2.89,FLIGHT,0.9421,1.5403,0.1356,0.1992,0.1366,0.1943,-0.0141,-0.1912,-0.0009,0.0164,1.0433,-0.0397,1.5759,0.000223,0.0001,0.0
2.895,FLIGHT,0.9428,1.5412,0.1365,0.1938,0.1371,0.1891,-0.0141,-0.1911,-0.0,0.0159,1.044,-0.0398,1.5762,0.000224,0.0001,0.0
2.9,FLIGHT,0.9435,1.5422,0.137,0.1887,0.1372,0.1842,-0.0141,-0.191,0.0008,0.0154,1.0446,-0.0399,1.5764,0.000224,0.0001,0.0
2.905,FLIGHT,0.9442,1.5431,0.1371,0.1837,0.137,0.1794,-0.0141,-0.1909,0.0014,0.0149,1.0452,-0.04,1.5767,0.000225,0.0001,0.0
2.91,FLIGHT,0.9449,1.544,0.1369,0.179,0.1365,0.1748,-0.0141,-0.1909,0.002,0.0145,1.0457,-0.0402,1.577,0.000225,0.0001,0.0
2.915,FLIGHT,0.9456,1.5448,0.1364,0.1745,0.1358,0.1704,-0.0141,-0.1908,0.0025,0.0141,1.0463,-0.0404,1.5773,0.000225,0.0,0.0
2.92,FLIGHT,0.9462,1.5457,0.1356,0.1701,0.1349,0.1662,-0.0141,-0.1907,0.003,0.0137,1.0468,-0.0405,1.5776,0.000225,0.0,0.0
2.925,FLIGHT,0.9469,1.5465,0.1347,0.1658,0.1338,0.1621,-0.0141,-0.1907,0.0034,0.0134,1.0473,-0.0407,1.5779,0.000225,0.0,0.0
2.93,FLIGHT,0.9476,1.5473,0.1337,0.1617,0.1326,0.1581,-0.0141,-0.1906,0.0037,0.013,1.0477,-0.0409,1.5782,0.000226,0.0,0.0
2.935,FLIGHT,0.9482,1.5481,0.1324,0.1578,0.1313,0.1543,-0.014,-0.1905,0.004,0.0127,1.0481,-0.0411,1.5785,0.000226,0.0,0.0
2.94,FLIGHT,0.9489,1.5488,0.1311,0.154,0.1299,0.1506,-0.014,-0.1905,0.0043,0.0123,1.0485,-0.0412,1.5788,0.000226,0.0,0.0
2.945,FLIGHT,0.9495,1.5496,0.1297,0.1502,0.1284,0.147,-0.014,-0.1904,0.0045,0.012,1.0489,-0.0414,1.579,0.000226,-0.0,0.0
2.95,FLIGHT,0.9502,1.5503,0.1282,0.1466,0.1268,0.1435,-0.014,-0.1904,0.0047,0.0117,1.0493,-0.0416,1.5793,0.000226,-0.0,0.0
2.955,FLIGHT,0.9508,1.551,0.1266,0.1431,0.1252,0.1401,-0.0139,-0.1903,0.0048,0.0114,1.0496,-0.0418,1.5796,0.000226,-0.0,0.0
2.96,FLIGHT,0.9514,1.5517,0.1251,0.1398,0.1236,0.1368,-0.0139,-0.1902,0.005,0.0111,1.0499,-0.042,1.5799,0.000225,-0.0,0.0
2.965,FLIGHT,0.952,1.5524,0.1234,0.1365,0.1219,0.1335,-0.0139,-0.1902,0.0051,0.0109,1.0502,-0.0422,1.5801,0.000225,-0.0,0.0
2.97,FLIGHT,0.9526,1.553,0.1218,0.1333,0.1203,0.1304,-0.0139,-0.1901,0.0052,0.0106,1.0504,-0.0423,1.5804,0.000225,-0.0,0.0
2.975,FLIGHT,0.9532,1.5537,0.1201,0.1301,0.1186,0.1274,-0.0138,-0.1901,0.0053,0.0103,1.0507,-0.0425,1.5806,0.000225,-0.0,0.0
2.98,FLIGHT,0.9538,1.5543,0.1184,0.1271,0.1169,0.1244,-0.0138,-0.19,0.0054,0.0101,1.0509,-0.0427,1.5809,0.000225,-0.0,0.0
2.985,FLIGHT,0.9544,1.5549,0.1167,0.1242,0.1152,0.1216,-0.0138,-0.19,0.0055,0.0098,1.051,-0.0429,1.5811,0.000225,-0.0,0.0
2.99,FLIGHT,0.955,1.5555,0.115,0.1213,0.1135,0.1188,-0.0138,-0.1899,0.0055,0.0096,1.0512,-0.0431,1.5814,0.000224,-0.0,0.0
2.995,FLIGHT,0.9556,1.5561,0.1133,0.1185,0.1118,0.116,-0.0137,-0.1899,0.0056,0.0094,1.0513,-0.0432,1.5816,0.000224,-0.0,0.0
3.0,FLIGHT,0.9561,1.5567,0.1117,0.1158,0.1102,0.1134,-0.0137,-0.1899,0.0056,0.0091,1.0514,-0.0434,1.5819,0.000224,-0.0,0.0
3.005,FLIGHT,0.9567,1.5572,0.11,0.1131,0.1085,0.1108,-0.0137,-0.1898,0.0057,0.0089,1.0515,-0.0436,1.5821,0.000224,-0.0,0.0
3.01,FLIGHT,0.9572,1.5578,0.1084,0.1105,0.1069,0.1083,-0.0136,-0.1898,0.0057,0.0087,1.0516,-0.0437,1.5823,0.000224,-0.0,0.0
3.015,FLIGHT,0.9577,1.5583,0.1067,0.108,0.1053,0.1058,-0.0136,-0.1897,0.0057,0.0085,1.0516,-0.0439,1.5825,0.000223,-0.0,0.0
3.02,FLIGHT,0.9582,1.5588,0.1051,0.1056,0.1037,0.1034,-0.0136,-0.1897,0.0057,0.0083,1.0516,-0.0441,1.5828,0.000223,-0.0,0.0
3.025,FLIGHT,0.9588,1.5594,0.1035,0.1032,0.1021,0.1011,-0.0136,-0.1896,0.0058,0.0081,1.0516,-0.0442,1.583,0.000223,-0.0,0.0
3.03,FLIGHT,0.9593,1.5599,0.102,0.1008,0.1006,0.0988,-0.0135,-0.1896,0.0058,0.0079,1.0515,-0.0444,1.5832,0.000223,-0.0,0.0
3.035,FLIGHT,0.9598,1.5603,0.1004,0.0986,0.099,0.0966,-0.0135,-0.1896,0.0058,0.0077,1.0515,-0.0446,1.5834,0.000223,-0.0,0.0
3.04,FLIGHT,0.9603,1.5608,0.0989,0.0964,0.0975,0.0944,-0.0135,-0.1895,0.0058,0.0075,1.0514,-0.0447,1.5836,0.000222,-0.0,0.0
3.045,FLIGHT,0.9607,1.5613,0.0974,0.0942,0.096,0.0923,-0.0134,-0.1895,0.0058,0.0074,1.0513,-0.0449,1.5838,0.000222,-0.0,0.0
3.05,FLIGHT,0.9612,1.5617,0.0959,0.0921,0.0946,0.0902,-0.0134,-0.1895,0.0058,0.0072,1.0512,-0.045,1.584,0.000222,-0.0,0.0
3.055,FLIGHT,0.9617,1.5622,0.0944,0.09,0.0932,0.0882,-0.0134,-0.1894,0.0058,0.007,1.051,-0.0452,1.5842,0.000222,-0.0,0.0
3.06,FLIGHT,0.9621,1.5626,0.093,0.088,0.0917,0.0863,-0.0134,-0.1894,0.0058,0.0069,1.0509,-0.0453,1.5844,0.000222,-0.0,0.0
3.065,FLIGHT,0.9626,1.5631,0.0916,0.0861,0.0904,0.0844,-0.0133,-0.1894,0.0058,0.0067,1.0507,-0.0455,1.5846,0.000221,-0.0,0.0
3.07,FLIGHT,0.9631,1.5635,0.0902,0.0842,0.089,0.0825,-0.0133,-0.1893,0.0058,0.0066,1.0505,-0.0456,1.5847,0.000221,-0.0,0.0
3.075,FLIGHT,0.9635,1.5639,0.0889,0.0823,0.0876,0.0807,-0.0133,-0.1893,0.0057,0.0064,1.0502,-0.0457,1.5849,0.000221,-0.0,0.0
3.08,FLIGHT,0.9639,1.5643,0.0875,0.0805,0.0863,0.0789,-0.0132,-0.1893,0.0057,0.0063,1.05,-0.0459,1.5851,0.000221,-0.0,0.0
3.085,FLIGHT,0.9644,1.5647,0.0862,0.0787,0.085,0.0772,-0.0132,-0.1892,0.0057,0.0061,1.0497,-0.046,1.5853,0.000221,-0.0,0.0
3.09,FLIGHT,0.9648,1.5651,0.0849,0.077,0.0837,0.0755,-0.0132,-0.1892,0.0057,0.006,1.0494,-0.0461,1.5855,0.000221,-0.0,0.0
3.095,FLIGHT,0.9652,1.5654,0.0836,0.0753,0.0825,0.0739,-0.0132,-0.1892,0.0057,0.0058,1.0491,-0.0463,1.5856,0.00022,-0.0,0.0
3.1,FLIGHT,0.9656,1.5658,0.0824,0.0737,0.0813,0.0723,-0.0131,-0.1891,0.0057,0.0057,1.0487,-0.0464,1.5858,0.00022,-0.0,0.0
3.105,FLIGHT,0.966,1.5661,0.0811,0.0721,0.08,0.0707,-0.0131,-0.1891,0.0056,0.0056,1.0484,-0.0465,1.5859,0.00022,-0.0,0.0
3.11,FLIGHT,0.9664,1.5665,0.0799,0.0706,0.0789,0.0692,-0.0131,-0.1891,0.0056,0.0055,1.048,-0.0467,1.5861,0.00022,-0.0,0.0
3.115,FLIGHT,0.9668,1.5668,0.0787,0.069,0.0777,0.0677,-0.013,-0.1891,0.0056,0.0053,1.0476,-0.0468,1.5863,0.00022,-0.0,0.0
3.12,FLIGHT,0.9672,1.5672,0.0776,0.0676,0.0765,0.0662,-0.013,-0.189,0.0056,0.0052,1.0472,-0.0469,1.5864,0.00022,-0.0,0.0
3.125,FLIGHT,0.9676,1.5675,0.0764,0.0661,0.0754,0.0648,-0.013,-0.189,0.0055,0.0051,1.0467,-0.047,1.5866,0.00022,-0.0,0.0
3.13,FLIGHT,0.9679,1.5678,0.0753,0.0647,0.0743,0.0635,-0.013,-0.189,0.0055,0.005,1.0463,-0.0471,1.5867,0.00022,-0.0,0.0
3.135,FLIGHT,0.9683,1.5681,0.0742,0.0633,0.0732,0.0621,-0.0129,-0.189,0.0055,0.0049,1.0458,-0.0473,1.5869,0.000219,-0.0,0.0
3.14,FLIGHT,0.9687,1.5684,0.0731,0.062,0.0721,0.0608,-0.0129,-0.1889,0.0055,0.0048,1.0453,-0.0474,1.587,0.000219,-0.0,0.0
3.145,FLIGHT,0.969,1.5687,0.072,0.0607,0.071,0.0595,-0.0129,-0.1889,0.0054,0.0047,1.0448,-0.0475,1.5872,0.000219,-0.0,0.0
3.15,FLIGHT,0.9694,1.569,0.0709,0.0594,0.07,0.0583,-0.0128,-0.1889,0.0054,0.0046,1.0443,-0.0476,1.5873,0.000219,-0.0,0.0
3.155,FLIGHT,0.9697,1.5693,0.0699,0.0582,0.0689,0.0571,-0.0128,-0.1889,0.0054,0.0045,1.0437,-0.0477,1.5874,0.000219,-0.0,0.0
3.16,FLIGHT,0.9701,1.5696,0.0688,0.057,0.0679,0.0559,-0.0128,-0.1888,0.0053,0.0044,1.0431,-0.0478,1.5876,0.000219,-0.0,0.0
3.165,FLIGHT,0.9704,1.5699,0.0678,0.0558,0.0669,0.0547,-0.0128,-0.1888,0.0053,0.0043,1.0425,-0.048,1.5877,0.000219,-0.0,0.0
3.17,FLIGHT,0.9707,1.5702,0.0668,0.0546,0.0659,0.0536,-0.0127,-0.1888,0.0053,0.0042,1.0419,-0.0481,1.5879,0.000219,-0.0,0.0
3.175,FLIGHT,0.9711,1.5704,0.0658,0.0535,0.065,0.0525,-0.0127,-0.1888,0.0052,0.0041,1.0413,-0.0482,1.588,0.000219,-0.0,0.0
3.18,FLIGHT,0.9714,1.5707,0.0649,0.0524,0.064,0.0515,-0.0127,-0.1888,0.0052,0.004,1.0407,-0.0483,1.5881,0.000219,-0.0,0.0
3.185,FLIGHT,0.9717,1.5709,0.0639,0.0514,0.0631,0.0504,-0.0127,-0.1887,0.0051,0.0039,1.04,-0.0484,1.5882,0.000218,-0.0,0.0
3.19,FLIGHT,0.972,1.5712,0.063,0.0503,0.0621,0.0494,-0.0126,-0.1887,0.0051,0.0038,1.0393,-0.0485,1.5884,0.000218,-0.0,0.0
3.195,FLIGHT,0.9723,1.5714,0.062,0.0493,0.0612,0.0484,-0.0126,-0.1887,0.0051,0.0038,1.0386,-0.0486,1.5885,0.000218,-0.0,0.0
3.2,FLIGHT,0.9726,1.5717,0.0611,0.0483,0.0603,0.0474,-0.0126,-0.1887,0.005,0.0037,1.0379,-0.0487,1.5886,0.000218,-0.0,0.0
3.205,FLIGHT,0.9729,1.5719,0.0602,0.0474,0.0594,0.0465,-0.0126,-0.1887,0.005,0.0036,1.0372,-0.0488,1.5887,0.000218,-0.0,0.0
3.21,FLIGHT,0.9732,1.5721,0.0593,0.0464,0.0585,0.0456,-0.0125,-0.1887,0.0049,0.0035,1.0364,-0.0489,1.5889,0.000218,-0.0,0.0
3.215,FLIGHT,0.9735,1.5724,0.0584,0.0455,0.0576,0.0447,-0.0125,-0.1886,0.0049,0.0035,1.0356,-0.049,1.589,0.000218,-0.0,0.0
3.22,FLIGHT,0.9738,1.5726,0.0576,0.0446,0.0568,0.0438,-0.0125,-0.1886,0.0048,0.0034,1.0349,-0.0491,1.5891,0.000218,-0.0,0.0
3.225,FLIGHT,0.9741,1.5728,0.0567,0.0437,0.0559,0.043,-0.0125,-0.1886,0.0048,0.0033,1.0341,-0.0492,1.5892,0.000218,-0.0,0.0
3.23,FLIGHT,0.9744,1.573,0.0558,0.0429,0.0551,0.0421,-0.0124,-0.1886,0.0048,0.0032,1.0332,-0.0493,1.5893,0.000218,-0.0,0.0
3.235,FLIGHT,0.9746,1.5732,0.055,0.0421,0.0543,0.0413,-0.0124,-0.1886,0.0047,0.0032,1.0324,-0.0494,1.5894,0.000218,-0.0,0.0
3.24,FLIGHT,0.9749,1.5734,0.0542,0.0413,0.0534,0.0406,-0.0124,-0.1886,0.0047,0.0031,1.0316,-0.0495,1.5896,0.000218,-0.0,0.0
3.245,FLIGHT,0.9752,1.5736,0.0534,0.0405,0.0526,0.0398,-0.0124,-0.1885,0.0046,0.0031,1.0307,-0.0496,1.5897,0.000218,-0.0,0.0
3.25,FLIGHT,0.9754,1.5738,0.0525,0.0397,0.0518,0.039,-0.0123,-0.1885,0.0046,0.003,1.0298,-0.0497,1.5898,0.000218,-0.0,0.0
3.255,FLIGHT,0.9757,1.574,0.0517,0.039,0.051,0.0383,-0.0123,-0.1885,0.0045,0.0029,1.0289,-0.0498,1.5899,0.000218,-0.0,0.0
3.26,FLIGHT,0.9759,1.5742,0.0509,0.0382,0.0502,0.0376,-0.0123,-0.1885,0.0045,0.0029,1.028,-0.0499,1.59,0.000218,-0.0,0.0
3.265,FLIGHT,0.9762,1.5744,0.0502,0.0375,0.0495,0.0369,-0.0123,-0.1885,0.0044,0.0028,1.0271,-0.05,1.5901,0.000218,-0.0,0.0
3.27,FLIGHT,0.9764,1.5746,0.0494,0.0368,0.0487,0.0362,-0.0123,-0.1885,0.0043,0.0028,1.0261,-0.0501,1.5902,0.000218,-0.0,0.0
3.275,FLIGHT,0.9767,1.5748,0.0486,0.0362,0.0479,0.0356,-0.0122,-0.1885,0.0043,0.0027,1.0252,-0.0502,1.5903,0.000218,-0.0,0.0
3.28,FLIGHT,0.9769,1.5749,0.0479,0.0355,0.0472,0.0349,-0.0122,-0.1884,0.0042,0.0027,1.0242,-0.0503,1.5904,0.000218,-0.0,0.0
3.285,FLIGHT,0.9771,1.5751,0.0471,0.0349,0.0464,0.0343,-0.0122,-0.1884,0.0042,0.0026,1.0232,-0.0504,1.5905,0.000218,-0.0,0.0
3.29,FLIGHT,0.9774,1.5753,0.0464,0.0342,0.0457,0.0337,-0.0122,-0.1884,0.0041,0.0026,1.0222,-0.0505,1.5906,0.000218,-0.0,0.0
3.295,FLIGHT,0.9776,1.5754,0.0456,0.0336,0.045,0.0331,-0.0122,-0.1884,0.0041,0.0025,1.0212,-0.0506,1.5907,0.000218,-0.0,0.0
3.3,FLIGHT,0.9778,1.5756,0.0449,0.033,0.0442,0.0325,-0.0121,-0.1884,0.004,0.0025,1.0202,-0.0507,1.5908,0.000218,-0.0,0.0
3.305,FLIGHT,0.978,1.5758,0.0442,0.0325,0.0435,0.0319,-0.0121,-0.1884,0.0039,0.0024,1.0191,-0.0507,1.5909,0.000218,-0.0,0.0
3.31,FLIGHT,0.9783,1.5759,0.0434,0.0319,0.0428,0.0314,-0.0121,-0.1884,0.0039,0.0024,1.018,-0.0508,1.591,0.000218,-0.0,0.0
3.315,FLIGHT,0.9785,1.5761,0.0427,0.0313,0.0421,0.0309,-0.0121,-0.1884,0.0038,0.0024,1.017,-0.0509,1.5911,0.000218,-0.0,0.0
3.32,FLIGHT,0.9787,1.5762,0.042,0.0308,0.0414,0.0303,-0.0121,-0.1883,0.0038,0.0023,1.0159,-0.051,1.5912,0.000218,-0.0,0.0
3.325,FLIGHT,0.9789,1.5764,0.0413,0.0303,0.0407,0.0298,-0.012,-0.1883,0.0037,0.0023,1.0148,-0.0511,1.5913,0.000218,-0.0,0.0
3.33,FLIGHT,0.9791,1.5765,0.0406,0.0298,0.04,0.0293,-0.012,-0.1883,0.0036,0.0022,1.0137,-0.0512,1.5914,0.000218,0.0,0.0
3.335,FLIGHT,0.9793,1.5767,0.0399,0.0293,0.0393,0.0288,-0.012,-0.1883,0.0036,0.0022,1.0125,-0.0513,1.5915,0.000218,0.0,0.0
3.34,FLIGHT,0.9795,1.5768,0.0392,0.0288,0.0386,0.0284,-0.012,-0.1883,0.0035,0.0022,1.0114,-0.0514,1.5915,0.000218,0.0,0.0
3.345,FLIGHT,0.9797,1.577,0.0385,0.0283,0.0379,0.0279,-0.012,-0.1883,0.0034,0.0021,1.0102,-0.0515,1.5916,0.000218,0.0,0.0
3.35,FLIGHT,0.9799,1.5771,0.0379,0.0279,0.0373,0.0274,-0.012,-0.1883,0.0034,0.0021,1.0091,-0.0516,1.5917,0.000218,0.0,0.0
3.355,FLIGHT,0.98,1.5772,0.0372,0.0274,0.0366,0.027,-0.0119,-0.1883,0.0033,0.0021,1.0079,-0.0516,1.5918,0.000218,0.0,0.0
3.36,FLIGHT,0.9802,1.5774,0.0365,0.027,0.0359,0.0266,-0.0119,-0.1883,0.0032,0.002,1.0067,-0.0517,1.5919,0.000218,0.0,0.0
3.365,FLIGHT,0.9804,1.5775,0.0358,0.0265,0.0353,0.0262,-0.0119,-0.1883,0.0032,0.002,1.0055,-0.0518,1.592,0.000218,0.0,0.0
3.37,FLIGHT,0.9806,1.5776,0.0352,0.0261,0.0346,0.0257,-0.0119,-0.1882,0.0031,0.002,1.0042,-0.0519,1.5921,0.000218,0.0,0.0
3.375,FLIGHT,0.9807,1.5778,0.0345,0.0257,0.0339,0.0253,-0.0119,-0.1882,0.003,0.0019,1.003,-0.052,1.5921,0.000218,0.0,0.0
3.38,FLIGHT,0.9809,1.5779,0.0339,0.0253,0.0333,0.025,-0.0119,-0.1882,0.003,0.0019,1.0018,-0.0521,1.5922,0.000218,0.0,0.0
3.385,FLIGHT,0.9811,1.578,0.0332,0.0249,0.0326,0.0246,-0.0118,-0.1882,0.0029,0.0019,1.0005,-0.0522,1.5923,0.000218,0.0,0.0
3.39,STANCE,0.9814,1.5786,0.0688,0.1187,0.2246,0.5131,-0.0119,-0.1882,-0.0031,0.0101,0.9994,0.1461,-0.1777,8e-06,-0.2088,0.0418
3.395,STANCE,0.9888,1.5762,1.1527,-0.4075,2.5774,-1.5342,-0.0102,-0.1885,0.2725,-0.0485,0.9982,-0.3969,-0.5584,-0.002015,-0.5344,0.1089
3.4,STANCE,0.9958,1.5721,1.137,-0.5525,0.1121,0.1416,-0.0083,-0.1889,0.2903,-0.0585,0.9978,-0.6722,-1.0776,-0.003584,-0.087,0.021
3.405,STANCE,0.9951,1.5737,0.2738,0.0298,-0.0806,0.1891,-0.0086,-0.1887,0.0476,0.0003,0.998,-0.6196,-1.8647,-0.003617,0.0419,0.0036
3.41,STANCE,0.9965,1.5724,0.3115,-0.2209,0.6546,-0.7626,-0.0082,-0.1889,0.089,-0.0222,0.9984,-0.9463,-2.1701,-0.003314,0.0732,0.0033
3.415,STANCE,1.0011,1.5629,0.7575,-1.4172,1.1947,-1.9743,-0.006,-0.1897,0.3392,-0.1276,0.9984,-1.4673,-1.8375,-0.002714,0.0977,0.0027
3.42,STANCE,1.0086,1.5489,1.2805,-2.3933,1.6416,-2.7712,-0.0026,-0.191,0.5791,-0.204,0.9983,-1.9955,-1.3376,-0.002644,-0.0544,0.0135
3.425,STANCE,1.0161,1.5317,1.3956,-3.1286,1.0526,-3.8589,0.0012,-0.1924,0.7122,-0.2498,0.9982,-2.2512,-0.7314,-0.003021,-0.0108,0.0052
3.43,STANCE,1.0203,1.5162,0.9771,-3.0802,0.4105,-2.8714,0.0043,-0.1936,0.6308,-0.2347,0.9982,-2.0809,-0.3493,-0.003217,-0.049,0.013
3.435,STANCE,1.0198,1.5018,0.2033,-2.9166,-0.5293,-2.8465,0.0062,-0.1947,0.4609,-0.2191,0.9983,-1.5464,0.0255,-0.003286,0.0138,0.0033
3.44,STANCE,1.0162,1.4883,-0.4419,-2.7681,-0.9154,-2.8069,0.0075,-0.1957,0.3154,-0.2085,0.9984,-0.9014,0.4151,-0.003229,0.0336,0.0032
3.445,STANCE,1.0119,1.4749,-0.7289,-2.7328,-0.8588,-2.798,0.0086,-0.1968,0.2552,-0.2052,0.9986,-0.3306,0.8276,-0.003171,0.0155,0.0032
3.45,STANCE,1.008,1.4607,-0.7532,-2.7975,-0.6729,-2.7884,0.0099,-0.1978,0.2611,-0.2069,0.9988,0.105,1.2037,-0.003106,0.0069,0.0031
3.455,STANCE,1.0055,1.4477,-0.5558,-2.6357,-0.2704,-2.3178,0.0113,-0.1988,0.2779,-0.1902,0.9992,0.2976,1.345,-0.003137,-0.0303,0.0092
3.46,STANCE,1.0055,1.4376,-0.1619,-2.2035,0.214,-1.8404,0.0128,-0.1995,0.2939,-0.1525,1.0,0.1691,1.2145,-0.003416,-0.0719,0.0178
3.465,STANCE,1.0072,1.4284,0.1935,-1.9542,0.4331,-1.87,0.0145,-0.2001,0.3294,-0.1275,1.0008,0.0226,1.1376,-0.003741,-0.0501,0.0138
3.47,FLIGHT,1.0094,1.4188,0.3588,-1.9421,0.4211,-1.9636,0.0164,-0.2007,0.3624,-0.1201,1.0015,-1.2895,2.5493,-0.003871,-0.0011,0.0041
3.475,FLIGHT,1.0074,1.4173,-0.2799,-0.564,-1.5032,1.8976,0.0162,-0.2008,0.0281,-0.0412,1.003,-1.0763,2.3592,-0.003685,0.0842,0.0037
3.48,FLIGHT,0.9964,1.4325,-1.6363,1.964,-2.614,3.612,0.0117,-0.1999,-0.6173,0.116,1.0053,-0.3816,1.7849,-0.003065,0.1545,0.0031
3.485,FLIGHT,0.9837,1.449,-2.2307,2.8067,-2.3288,2.7512,0.0068,-0.1989,-0.8525,0.1902,1.0074,0.0121,1.4697,-0.002249,0.1627,0.0022
3.49,FLIGHT,0.9738,1.4594,-2.0144,2.2356,-1.6226,1.4632,0.0033,-0.1981,-0.7214,0.1634,1.0092,0.0288,1.4701,-0.001495,0.1369,0.0015
3.495,FLIGHT,0.967,1.4648,-1.545,1.4287,-1.153,0.8458,0.0012,-0.1977,-0.5101,0.1094,1.0107,-0.0868,1.576,-0.000878,0.1119,0.0009
3.5,FLIGHT,0.9618,1.4688,-1.2043,1.0062,-0.9897,0.8187,-0.0004,-0.1974,-0.3812,0.0802,1.0121,-0.1554,1.6372,-0.000353,0.0999,0.0004
3.505,FLIGHT,0.9569,1.4732,-1.0408,0.9302,-0.9436,0.9414,-0.002,-0.1971,-0.337,0.0769,1.0135,-0.1488,1.6336,0.00013,0.0865,0.0
3.51,FLIGHT,0.9524,1.4781,-0.9488,0.9535,-0.8701,0.9621,-0.0036,-0.1967,-0.321,0.0814,1.015,-0.1131,1.6061,0.000468,0.0509,0.0
3.515,FLIGHT,0.9483,1.4827,-0.8508,0.9272,-0.7527,0.8723,-0.005,-0.1963,-0.2971,0.0812,1.0164,-0.0864,1.5868,0.000656,0.0261,0.0
3.52,FLIGHT,0.9449,1.4867,-0.7335,0.844,-0.6248,0.7579,-0.0063,-0.1959,-0.2616,0.0756,1.0177,-0.0763,1.5815,0.000743,0.0096,0.0
3.525,FLIGHT,0.942,1.4903,-0.6151,0.7501,-0.5144,0.6728,-0.0073,-0.1956,-0.2247,0.0682,1.0191,-0.0742,1.5827,0.000763,-0.0008,0.0002
3.53,FLIGHT,0.9397,1.4935,-0.5114,0.6758,-0.4267,0.6201,-0.0082,-0.1953,-0.1936,0.0621,1.0203,-0.072,1.5832,0.000742,-0.007,0.0014
3.535,FLIGHT,0.9378,1.4965,-0.425,0.6229,-0.3542,0.5823,-0.009,-0.195,-0.169,0.0577,1.0216,-0.0675,1.5815,0.000698,-0.0103,0.0021
3.54,FLIGHT,0.9361,1.4993,-0.3513,0.5814,-0.2895,0.5467,-0.0097,-0.1948,-0.1486,0.054,1.0228,-0.0621,1.5788,0.000642,-0.0116,0.0023
3.545,FLIGHT,0.9349,1.502,-0.2858,0.5437,-0.2301,0.5108,-0.0103,-0.1945,-0.1304,0.0506,1.0239,-0.0573,1.5766,0.000584,-0.0117,0.0023
3.55,FLIGHT,0.9338,1.5045,-0.2266,0.508,-0.1763,0.4771,-0.0109,-0.1943,-0.1137,0.0472,1.0251,-0.0538,1.5751,0.000526,-0.0111,0.0022
3.555,FLIGHT,0.9331,1.5068,-0.1735,0.4753,-0.1287,0.4477,-0.0113,-0.1941,-0.0987,0.044,1.0262,-0.0511,1.5742,0.000474,-0.01,0.002
3.56,FLIGHT,0.9325,1.5089,-0.1265,0.4465,-0.0872,0.4225,-0.0117,-0.1939,-0.0856,0.0412,1.0272,-0.0488,1.5736,0.000427,-0.0087,0.0017
3.565,FLIGHT,0.9322,1.511,-0.0855,0.4215,-0.0511,0.4006,-0.0121,-0.1937,-0.0741,0.0386,1.0283,-0.0468,1.573,0.000387,-0.0074,0.0015
3.57,FLIGHT,0.932,1.5129,-0.0496,0.3995,-0.0196,0.3809,-0.0124,-0.1935,-0.064,0.0364,1.0293,-0.045,1.5725,0.000353,-0.0062,0.0012
3.575,FLIGHT,0.932,1.5148,-0.0182,0.3798,0.008,0.3631,-0.0126,-0.1933,-0.0552,0.0343,1.0303,-0.0435,1.5721,0.000325,-0.0051,0.001
3.58,FLIGHT,0.9321,1.5166,0.0092,0.3621,0.032,0.347,-0.0129,-0.1932,-0.0475,0.0325,1.0312,-0.0423,1.5719,0.000302,-0.0041,0.0008
3.585,FLIGHT,0.9323,1.5183,0.0329,0.346,0.0527,0.3324,-0.0131,-0.193,-0.0406,0.0308,1.0321,-0.0413,1.5718,0.000283,-0.0033,0.0007
3.59,FLIGHT,0.9326,1.5199,0.0535,0.3315,0.0705,0.3191,-0.0132,-0.1929,-0.0347,0.0292,1.033,-0.0405,1.5717,0.000269,-0.0026,0.0005
3.595,FLIGHT,0.933,1.5215,0.0711,0.3183,0.0858,0.307,-0.0134,-0.1928,-0.0294,0.0278,1.0339,-0.0398,1.5717,0.000258,-0.002,0.0004
3.6,FLIGHT,0.9335,1.523,0.0862,0.3062,0.0987,0.2958,-0.0135,-0.1926,-0.0249,0.0266,1.0347,-0.0393,1.5718,0.000249,-0.0015,0.0003
3.605,FLIGHT,0.934,1.5244,0.0991,0.2951,0.1096,0.2855,-0.0136,-0.1925,-0.0209,0.0254,1.0355,-0.0389,1.5719,0.000242,-0.0011,0.0002
3.61,FLIGHT,0.9346,1.5258,0.1099,0.2848,0.1188,0.276,-0.0137,-0.1924,-0.0174,0.0244,1.0363,-0.0386,1.5721,0.000237,-0.0008,0.0002
3.615,FLIGHT,0.9352,1.5272,0.119,0.2753,0.1264,0.267,-0.0137,-0.1923,-0.0144,0.0234,1.0371,-0.0384,1.5723,0.000234,-0.0006,0.0001
3.62,FLIGHT,0.9358,1.5285,0.1266,0.2664,0.1327,0.2587,-0.0138,-0.1922,-0.0117,0.0225,1.0378,-0.0382,1.5725,0.000231,-0.0004,0.0001
3.625,FLIGHT,0.9365,1.5298,0.1328,0.2581,0.1378,0.2509,-0.0138,-0.192,-0.0094,0.0217,1.0385,-0.0381,1.5728,0.000229,-0.0003,0.0001
3.63,FLIGHT,0.9372,1.531,0.1378,0.2503,0.1418,0.2435,-0.0138,-0.1919,-0.0074,0.0209,1.0392,-0.0381,1.5731,0.000228,-0.0002,0.0
3.635,FLIGHT,0.9379,1.5322,0.1418,0.2429,0.145,0.2365,-0.0139,-0.1918,-0.0056,0.0202,1.0398,-0.0381,1.5734,0.000228,-0.0001,0.0
3.64,FLIGHT,0.9387,1.5334,0.1449,0.2359,0.1473,0.2298,-0.0139,-0.1918,-0.0041,0.0195,1.0404,-0.0381,1.5737,0.000227,-0.0,0.0
3.645,FLIGHT,0.9394,1.5345,0.1472,0.2293,0.149,0.2235,-0.0139,-0.1917,-0.0027,0.0189,1.041,-0.0382,1.574,0.000227,-0.0,0.0
3.65,FLIGHT,0.9401,1.5356,0.1489,0.223,0.1501,0.2175,-0.0139,-0.1916,-0.0016,0.0183,1.0416,-0.0383,1.5743,0.000227,0.0,0.0
3.655,FLIGHT,0.9409,1.5367,0.15,0.217,0.1507,0.2117,-0.0139,-0.1915,-0.0006,0.0178,1.0421,-0.0384,1.5746,0.000227,0.0,0.0
3.66,FLIGHT,0.9416,1.5377,0.1505,0.2112,0.1508,0.2062,-0.0139,-0.1914,0.0003,0.0172,1.0426,-0.0386,1.575,0.000227,0.0,0.0
3.665,FLIGHT,0.9424,1.5388,0.1507,0.2057,0.1506,0.2009,-0.0139,-0.1913,0.0011,0.0167,1.0431,-0.0387,1.5753,0.000228,0.0,0.0
3.67,FLIGHT,0.9432,1.5397,0.1505,0.2005,0.1501,0.1958,-0.0139,-0.1912,0.0017,0.0163,1.0435,-0.0389,1.5756,0.000228,0.0,0.0
3.675,FLIGHT,0.9439,1.5407,0.1499,0.1954,0.1493,0.1909,-0.0139,-0.1912,0.0023,0.0158,1.0439,-0.0391,1.5759,0.000228,0.0,0.0
3.68,FLIGHT,0.9446,1.5417,0.1491,0.1905,0.1483,0.1862,-0.0139,-0.1911,0.0028,0.0154,1.0443,-0.0393,1.5763,0.000228,0.0,0.0
3.685,FLIGHT,0.9454,1.5426,0.1481,0.1857,0.1471,0.1816,-0.0138,-0.191,0.0032,0.015,1.0447,-0.0394,1.5766,0.000228,0.0,0.0
3.69,FLIGHT,0.9461,1.5435,0.1469,0.1812,0.1457,0.1771,-0.0138,-0.1909,0.0036,0.0146,1.0451,-0.0396,1.5769,0.000228,0.0,0.0
3.695,FLIGHT,0.9468,1.5443,0.1455,0.1768,0.1442,0.1729,-0.0138,-0.1909,0.0039,0.0142,1.0454,-0.0399,1.5772,0.000228,0.0,0.0
3.7,FLIGHT,0.9476,1.5452,0.144,0.1725,0.1426,0.1687,-0.0138,-0.1908,0.0042,0.0138,1.0457,-0.0401,1.5776,0.000228,-0.0,0.0
3.705,FLIGHT,0.9483,1.546,0.1424,0.1683,0.1409,0.1647,-0.0138,-0.1907,0.0045,0.0135,1.046,-0.0403,1.5779,0.000228,-0.0,0.0
3.71,FLIGHT,0.949,1.5468,0.1407,0.1643,0.1391,0.1608,-0.0137,-0.1907,0.0047,0.0131,1.0462,-0.0405,1.5782,0.000228,-0.0,0.0
3.715,FLIGHT,0.9497,1.5476,0.1389,0.1604,0.1373,0.157,-0.0137,-0.1906,0.0049,0.0128,1.0464,-0.0407,1.5785,0.000228,-0.0,0.0
3.72,FLIGHT,0.9503,1.5484,0.1371,0.1566,0.1354,0.1533,-0.0137,-0.1905,0.005,0.0125,1.0466,-0.0409,1.5788,0.000228,-0.0,0.0
3.725,FLIGHT,0.951,1.5492,0.1352,0.1529,0.1336,0.1497,-0.0137,-0.1905,0.0052,0.0122,1.0468,-0.0411,1.5791,0.000228,-0.0,0.0
3.73,FLIGHT,0.9517,1.5499,0.1333,0.1494,0.1316,0.1462,-0.0136,-0.1904,0.0053,0.0119,1.0469,-0.0413,1.5794,0.000228,-0.0,0.0
3.735,FLIGHT,0.9523,1.5506,0.1314,0.1459,0.1297,0.1428,-0.0136,-0.1904,0.0054,0.0116,1.0471,-0.0415,1.5797,0.000228,-0.0,0.0
3.74,FLIGHT,0.953,1.5513,0.1295,0.1425,0.1278,0.1395,-0.0136,-0.1903,0.0054,0.0113,1.0472,-0.0417,1.58,0.000227,-0.0,0.0
3.745,FLIGHT,0.9536,1.552,0.1276,0.1392,0.1258,0.1363,-0.0135,-0.1902,0.0055,0.0111,1.0472,-0.0419,1.5802,0.000227,-0.0,0.0
3.75,FLIGHT,0.9542,1.5527,0.1256,0.136,0.1239,0.1332,-0.0135,-0.1902,0.0056,0.0108,1.0473,-0.0421,1.5805,0.000227,-0.0,0.0
3.755,FLIGHT,0.9548,1.5534,0.1237,0.1329,0.122,0.1301,-0.0135,-0.1901,0.0056,0.0105,1.0473,-0.0423,1.5808,0.000227,-0.0,0.0
3.76,FLIGHT,0.9555,1.554,0.1218,0.1298,0.1201,0.1271,-0.0135,-0.1901,0.0057,0.0103,1.0473,-0.0425,1.581,0.000226,-0.0,0.0
3.765,FLIGHT,0.956,1.5546,0.1199,0.1269,0.1182,0.1242,-0.0134,-0.19,0.0057,0.01,1.0473,-0.0427,1.5813,0.000226,-0.0,0.0
3.77,FLIGHT,0.9566,1.5552,0.118,0.124,0.1163,0.1214,-0.0134,-0.19,0.0057,0.0098,1.0473,-0.0429,1.5815,0.000226,-0.0,0.0
3.775,FLIGHT,0.9572,1.5558,0.1161,0.1212,0.1145,0.1187,-0.0134,-0.1899,0.0057,0.0096,1.0472,-0.0431,1.5818,0.000226,-0.0,0.0
3.78,FLIGHT,0.9578,1.5564,0.1143,0.1184,0.1126,0.116,-0.0133,-0.1899,0.0058,0.0094,1.0471,-0.0433,1.582,0.000225,-0.0,0.0
3.785,FLIGHT,0.9583,1.557,0.1125,0.1157,0.1108,0.1134,-0.0133,-0.1899,0.0058,0.0091,1.047,-0.0435,1.5823,0.000225,-0.0,0.0
3.79,FLIGHT,0.9589,1.5576,0.1106,0.1131,0.109,0.1108,-0.0133,-0.1898,0.0058,0.0089,1.0469,-0.0437,1.5825,0.000225,-0.0,0.0
3.795,FLIGHT,0.9594,1.5581,0.1089,0.1106,0.1073,0.1083,-0.0133,-0.1898,0.0058,0.0087,1.0467,-0.0438,1.5828,0.000225,-0.0,0.0
3.8,FLIGHT,0.96,1.5587,0.1071,0.1081,0.1056,0.1059,-0.0132,-0.1897,0.0058,0.0085,1.0466,-0.044,1.583,0.000225,-0.0,0.0
3.805,FLIGHT,0.9605,1.5592,0.1054,0.1057,0.1039,0.1035,-0.0132,-0.1897,0.0058,0.0083,1.0464,-0.0442,1.5832,0.000224,-0.0,0.0
3.81,FLIGHT,0.961,1.5597,0.1037,0.1033,0.1022,0.1012,-0.0132,-0.1896,0.0058,0.0081,1.0462,-0.0444,1.5834,0.000224,-0.0,0.0
3.815,FLIGHT,0.9615,1.5602,0.102,0.101,0.1005,0.099,-0.0131,-0.1896,0.0057,0.0079,1.0459,-0.0445,1.5836,0.000224,-0.0,0.0
3.82,FLIGHT,0.962,1.5607,0.1004,0.0988,0.0989,0.0968,-0.0131,-0.1896,0.0057,0.0078,1.0457,-0.0447,1.5838,0.000224,-0.0,0.0
3.825,FLIGHT,0.9625,1.5612,0.0987,0.0966,0.0973,0.0946,-0.0131,-0.1895,0.0057,0.0076,1.0454,-0.0449,1.5841,0.000223,-0.0,0.0
3.83,FLIGHT,0.963,1.5616,0.0972,0.0944,0.0957,0.0925,-0.0131,-0.1895,0.0057,0.0074,1.0451,-0.045,1.5843,0.000223,-0.0,0.0
3.835,FLIGHT,0.9635,1.5621,0.0956,0.0923,0.0942,0.0905,-0.013,-0.1895,0.0057,0.0072,1.0448,-0.0452,1.5845,0.000223,-0.0,0.0
3.84,FLIGHT,0.9639,1.5625,0.094,0.0903,0.0927,0.0885,-0.013,-0.1894,0.0057,0.0071,1.0444,-0.0453,1.5847,0.000223,-0.0,0.0
3.845,FLIGHT,0.9644,1.563,0.0925,0.0883,0.0912,0.0866,-0.013,-0.1894,0.0056,0.0069,1.044,-0.0455,1.5849,0.000223,-0.0,0.0
3.85,FLIGHT,0.9648,1.5634,0.091,0.0864,0.0897,0.0847,-0.0129,-0.1894,0.0056,0.0068,1.0437,-0.0457,1.585,0.000222,-0.0,0.0
3.855,FLIGHT,0.9653,1.5638,0.0896,0.0845,0.0883,0.0828,-0.0129,-0.1893,0.0056,0.0066,1.0433,-0.0458,1.5852,0.000222,-0.0,0.0
3.86,FLIGHT,0.9657,1.5642,0.0881,0.0827,0.0869,0.081,-0.0129,-0.1893,0.0055,0.0065,1.0428,-0.046,1.5854,0.000222,-0.0,0.0
3.865,FLIGHT,0.9661,1.5646,0.0867,0.0809,0.0855,0.0793,-0.0129,-0.1893,0.0055,0.0063,1.0424,-0.0461,1.5856,0.000222,-0.0,0.0
3.87,FLIGHT,0.9666,1.565,0.0853,0.0791,0.0841,0.0776,-0.0128,-0.1892,0.0055,0.0062,1.0419,-0.0462,1.5858,0.000222,-0.0,0.0
3.875,FLIGHT,0.967,1.5654,0.084,0.0774,0.0827,0.0759,-0.0128,-0.1892,0.0055,0.006,1.0415,-0.0464,1.586,0.000222,-0.0,0.0
3.88,FLIGHT,0.9674,1.5658,0.0826,0.0757,0.0814,0.0743,-0.0128,-0.1892,0.0054,0.0059,1.0409,-0.0465,1.5861,0.000221,-0.0,0.0
3.885,FLIGHT,0.9678,1.5661,0.0813,0.0741,0.0801,0.0727,-0.0128,-0.1891,0.0054,0.0058,1.0404,-0.0467,1.5863,0.000221,-0.0,0.0
3.89,FLIGHT,0.9682,1.5665,0.08,0.0725,0.0788,0.0711,-0.0127,-0.1891,0.0054,0.0056,1.0399,-0.0468,1.5865,0.000221,-0.0,0.0
3.895,FLIGHT,0.9686,1.5669,0.0787,0.071,0.0776,0.0696,-0.0127,-0.1891,0.0053,0.0055,1.0393,-0.0469,1.5866,0.000221,-0.0,0.0
3.9,FLIGHT,0.969,1.5672,0.0774,0.0695,0.0763,0.0681,-0.0127,-0.1891,0.0053,0.0054,1.0388,-0.0471,1.5868,0.000221,-0.0,0.0
3.905,FLIGHT,0.9694,1.5675,0.0762,0.068,0.0751,0.0667,-0.0126,-0.189,0.0052,0.0053,1.0382,-0.0472,1.5869,0.000221,-0.0,0.0
3.91,FLIGHT,0.9697,1.5679,0.075,0.0666,0.0739,0.0653,-0.0126,-0.189,0.0052,0.0052,1.0375,-0.0473,1.5871,0.000221,-0.0,0.0
3.915,FLIGHT,0.9701,1.5682,0.0738,0.0652,0.0727,0.0639,-0.0126,-0.189,0.0052,0.0051,1.0369,-0.0475,1.5873,0.00022,-0.0,0.0
3.92,FLIGHT,0.9704,1.5685,0.0726,0.0638,0.0716,0.0626,-0.0126,-0.189,0.0051,0.0049,1.0363,-0.0476,1.5874,0.00022,-0.0,0.0
3.925,FLIGHT,0.9708,1.5688,0.0714,0.0625,0.0704,0.0613,-0.0125,-0.1889,0.0051,0.0048,1.0356,-0.0477,1.5876,0.00022,-0.0,0.0
3.93,FLIGHT,0.9712,1.5691,0.0703,0.0612,0.0693,0.06,-0.0125,-0.1889,0.005,0.0047,1.0349,-0.0478,1.5877,0.00022,-0.0,0.0
3.935,FLIGHT,0.9715,1.5694,0.0692,0.0599,0.0682,0.0588,-0.0125,-0.1889,0.005,0.0046,1.0342,-0.048,1.5878,0.00022,-0.0,0.0
3.94,FLIGHT,0.9718,1.5697,0.0681,0.0587,0.0671,0.0576,-0.0125,-0.1889,0.0049,0.0045,1.0335,-0.0481,1.588,0.00022,-0.0,0.0
3.945,FLIGHT,0.9722,1.57,0.067,0.0574,0.066,0.0564,-0.0124,-0.1888,0.0049,0.0044,1.0327,-0.0482,1.5881,0.00022,-0.0,0.0
3.95,FLIGHT,0.9725,1.5703,0.0659,0.0563,0.0649,0.0552,-0.0124,-0.1888,0.0049,0.0043,1.032,-0.0483,1.5883,0.00022,-0.0,0.0
3.955,FLIGHT,0.9728,1.5705,0.0648,0.0551,0.0639,0.0541,-0.0124,-0.1888,0.0048,0.0043,1.0312,-0.0484,1.5884,0.00022,-0.0,0.0
3.96,FLIGHT,0.9731,1.5708,0.0638,0.054,0.0628,0.053,-0.0124,-0.1888,0.0048,0.0042,1.0304,-0.0486,1.5885,0.000219,-0.0,0.0
3.965,FLIGHT,0.9734,1.5711,0.0627,0.0529,0.0618,0.0519,-0.0124,-0.1888,0.0047,0.0041,1.0296,-0.0487,1.5887,0.000219,-0.0,0.0
3.97,FLIGHT,0.9738,1.5713,0.0617,0.0518,0.0608,0.0509,-0.0123,-0.1887,0.0047,0.004,1.0288,-0.0488,1.5888,0.000219,-0.0,0.0
3.975,FLIGHT,0.9741,1.5716,0.0607,0.0508,0.0598,0.0499,-0.0123,-0.1887,0.0046,0.0039,1.028,-0.0489,1.5889,0.000219,-0.0,0.0
3.98,FLIGHT,0.9744,1.5718,0.0597,0.0498,0.0588,0.0489,-0.0123,-0.1887,0.0046,0.0038,1.0271,-0.049,1.5891,0.000219,-0.0,0.0
3.985,FLIGHT,0.9746,1.5721,0.0588,0.0488,0.0579,0.0479,-0.0123,-0.1887,0.0045,0.0038,1.0262,-0.0491,1.5892,0.000219,-0.0,0.0
3.99,FLIGHT,0.9749,1.5723,0.0578,0.0478,0.0569,0.047,-0.0122,-0.1887,0.0045,0.0037,1.0254,-0.0492,1.5893,0.000219,-0.0,0.0
3.995,FLIGHT,0.9752,1.5725,0.0568,0.0469,0.056,0.0461,-0.0122,-0.1886,0.0044,0.0036,1.0245,-0.0494,1.5894,0.000219,-0.0,0.0
4.0,FLIGHT,0.9755,1.5728,0.0559,0.046,0.0551,0.0452,-0.0122,-0.1886,0.0043,0.0035,1.0235,-0.0495,1.5896,0.000219,-0.0,0.0
4.005,FLIGHT,0.9758,1.573,0.055,0.0451,0.0541,0.0443,-0.0122,-0.1886,0.0043,0.0035,1.0226,-0.0496,1.5897,0.000219,-0.0,0.0
4.01,FLIGHT,0.976,1.5732,0.054,0.0442,0.0532,0.0435,-0.0122,-0.1886,0.0042,0.0034,1.0217,-0.0497,1.5898,0.000219,-0.0,0.0
4.015,FLIGHT,0.9763,1.5734,0.0531,0.0434,0.0523,0.0426,-0.0121,-0.1886,0.0042,0.0033,1.0207,-0.0498,1.5899,0.000219,-0.0,0.0
4.02,FLIGHT,0.9766,1.5736,0.0522,0.0425,0.0515,0.0418,-0.0121,-0.1886,0.0041,0.0033,1.0197,-0.0499,1.59,0.000219,-0.0,0.0
4.025,FLIGHT,0.9768,1.5738,0.0514,0.0417,0.0506,0.041,-0.0121,-0.1885,0.0041,0.0032,1.0187,-0.05,1.5901,0.000219,-0.0,0.0
4.03,FLIGHT,0.9771,1.574,0.0505,0.0409,0.0497,0.0402,-0.0121,-0.1885,0.004,0.0031,1.0177,-0.0501,1.5902,0.000219,-0.0,0.0
4.035,FLIGHT,0.9773,1.5742,0.0496,0.0402,0.0489,0.0395,-0.0121,-0.1885,0.0039,0.0031,1.0167,-0.0502,1.5904,0.000219,-0.0,0.0
4.04,FLIGHT,0.9775,1.5744,0.0488,0.0394,0.048,0.0388,-0.012,-0.1885,0.0039,0.003,1.0157,-0.0503,1.5905,0.000219,-0.0,0.0
4.045,FLIGHT,0.9778,1.5746,0.0479,0.0387,0.0472,0.038,-0.012,-0.1885,0.0038,0.003,1.0146,-0.0504,1.5906,0.000219,-0.0,0.0
4.05,FLIGHT,0.978,1.5748,0.0471,0.038,0.0463,0.0373,-0.012,-0.1885,0.0038,0.0029,1.0135,-0.0505,1.5907,0.000219,-0.0,0.0
4.055,FLIGHT,0.9782,1.575,0.0463,0.0373,0.0455,0.0367,-0.012,-0.1885,0.0037,0.0029,1.0125,-0.0506,1.5908,0.000219,-0.0,0.0
4.06,FLIGHT,0.9785,1.5752,0.0454,0.0366,0.0447,0.036,-0.012,-0.1884,0.0036,0.0028,1.0114,-0.0507,1.5909,0.000218,-0.0,0.0
4.065,FLIGHT,0.9787,1.5754,0.0446,0.0359,0.0439,0.0354,-0.0119,-0.1884,0.0036,0.0028,1.0103,-0.0508,1.591,0.000218,-0.0,0.0
4.07,FLIGHT,0.9789,1.5755,0.0438,0.0353,0.0431,0.0347,-0.0119,-0.1884,0.0035,0.0027,1.0091,-0.0509,1.5911,0.000218,-0.0,0.0
4.075,FLIGHT,0.9791,1.5757,0.043,0.0347,0.0423,0.0341,-0.0119,-0.1884,0.0034,0.0027,1.008,-0.051,1.5912,0.000218,-0.0,0.0
4.08,FLIGHT,0.9793,1.5759,0.0422,0.034,0.0415,0.0335,-0.0119,-0.1884,0.0034,0.0026,1.0069,-0.0511,1.5913,0.000218,-0.0,0.0
4.085,FLIGHT,0.9795,1.576,0.0415,0.0334,0.0408,0.0329,-0.0119,-0.1884,0.0033,0.0026,1.0057,-0.0512,1.5914,0.000218,-0.0,0.0
4.09,FLIGHT,0.9797,1.5762,0.0407,0.0329,0.04,0.0323,-0.0119,-0.1884,0.0032,0.0025,1.0045,-0.0513,1.5915,0.000218,-0.0,0.0
4.095,FLIGHT,0.9799,1.5764,0.0399,0.0323,0.0392,0.0318,-0.0118,-0.1883,0.0032,0.0025,1.0033,-0.0514,1.5916,0.000218,-0.0,0.0
4.1,FLIGHT,0.9801,1.5765,0.0391,0.0317,0.0385,0.0312,-0.0118,-0.1883,0.0031,0.0024,1.0021,-0.0515,1.5917,0.000218,-0.0,0.0
4.105,FLIGHT,0.9803,1.5767,0.0384,0.0312,0.0377,0.0307,-0.0118,-0.1883,0.003,0.0024,1.0009,-0.0516,1.5918,0.000218,-0.0,0.0
4.11,STANCE,0.9805,1.5768,0.0376,0.0307,0.0581,0.0879,-0.0118,-0.1883,0.003,0.0024,0.9997,0.1517,-0.0274,0.000218,-0.0243,0.0049
4.115,STANCE,0.9854,1.5757,0.8085,-0.2405,2.1419,-1.1471,-0.0107,-0.1885,0.1849,-0.0305,0.9987,-0.2149,-0.5026,-0.001191,-0.4683,0.0949
4.12,STANCE,0.9955,1.5693,1.4931,-0.8687,0.6566,-0.3728,-0.0079,-0.1891,0.4013,-0.0887,0.9979,-0.7634,-0.8199,-0.003233,-0.1751,0.0382
4.125,STANCE,0.9958,1.5698,0.4845,-0.1826,-0.1372,0.2237,-0.008,-0.1891,0.1166,-0.02,0.998,-0.6624,-1.6513,-0.00353,0.0103,0.0035
4.13,STANCE,0.9963,1.5693,0.2605,-0.175,0.4272,-0.535,-0.0078,-0.1891,0.0732,-0.0175,0.9983,-0.8847,-2.0931,-0.00333,0.06,0.0033
4.135,STANCE,0.9999,1.5613,0.606,-1.2551,1.0007,-2.0498,-0.006,-0.1899,0.2882,-0.1126,0.9983,-1.362,-1.8605,-0.002812,0.1039,0.0028
4.14,STANCE,1.0065,1.5484,1.1278,-2.3046,1.4985,-3.3418,-0.003,-0.191,0.5373,-0.1971,0.9982,-1.8954,-1.3834,-0.002741,-0.0414,0.011
4.145,STANCE,1.0133,1.5325,1.254,-2.9664,1.0527,-3.8814,0.0006,-0.1923,0.661,-0.2392,0.9982,-2.1694,-0.8544,-0.003073,-0.0586,0.0148
4.15,STANCE,1.0177,1.5161,0.9533,-3.17,0.3813,-3.5128,0.0038,-0.1936,0.6385,-0.2434,0.9981,-2.0878,-0.3847,-0.003375,-0.0048,0.0043
4.155,STANCE,1.0183,1.5013,0.3522,-3.0034,-0.2286,-2.6468,0.006,-0.1947,0.5022,-0.2253,0.9981,-1.6668,-0.0142,-0.003629,-0.1011,0.0238
4.16,STANCE,1.0148,1.4867,-0.3912,-2.9295,-1.1238,-3.2793,0.0074,-0.1959,0.3487,-0.22,0.9981,-1.0083,0.409,-0.003883,0.0068,0.0039
4.165,STANCE,1.0094,1.4721,-0.8695,-2.9386,-1.2294,-3.2211,0.0085,-0.197,0.2574,-0.2212,0.998,-0.3617,0.8475,-0.004104,-0.0034,0.0048
4.17,STANCE,1.0044,1.4579,-0.9563,-2.8901,-0.9469,-2.958,0.0096,-0.1981,0.2341,-0.2156,0.9981,0.1192,1.1957,-0.004398,-0.0374,0.0119
4.175,STANCE,1.0007,1.4442,-0.7753,-2.7572,-0.4575,-2.4082,0.0109,-0.1991,0.2517,-0.2013,0.9984,0.3637,1.3821,-0.00465,-0.0767,0.02
4.18,STANCE,1.0,1.4339,-0.3078,-2.2453,0.1619,-1.7875,0.0123,-0.1998,0.2706,-0.1576,0.999,0.241,1.2404,-0.005188,-0.1294,0.0311
4.185,STANCE,1.0018,1.4251,0.1544,-1.9173,0.4803,-1.7989,0.0139,-0.2004,0.3159,-0.1262,0.9998,0.0518,1.1311,-0.005804,-0.1061,0.027
4.19,STANCE,1.0043,1.4157,0.3912,-1.9028,0.4931,-1.9434,0.0158,-0.2009,0.3629,-0.1179,1.0005,-0.0492,1.1488,-0.006182,-0.0433,0.0148
4.195,STANCE,1.0065,1.406,0.4137,-1.9202,0.3712,-1.8955,0.0177,-0.2015,0.3717,-0.1144,1.0011,-0.0637,1.18,-0.006245,0.0158,0.0062
4.2,STANCE,1.0081,1.3969,0.3399,-1.8543,0.2655,-1.7747,0.0194,-0.2021,0.3484,-0.108,1.0018,-0.0381,1.1765,-0.006052,0.0587,0.0061
4.205,STANCE,1.0093,1.3882,0.2711,-1.7714,0.2268,-1.7095,0.021,-0.2026,0.3232,-0.1011,1.0025,-0.0136,1.1651,-0.005681,0.0881,0.0057
4.21,STANCE,1.0104,1.3797,0.2417,-1.7174,0.2309,-1.6784,0.0225,-0.2031,0.3102,-0.0956,1.0031,-0.0047,1.1646,-0.005187,0.108,0.0052
4.215,FLIGHT,1.0104,1.3738,0.0219,-1.2215,-0.8738,0.6574,0.0234,-0.2034,0.1906,-0.0703,1.0041,-1.4087,2.6072,-0.004584,0.1497,0.0046
4.22,FLIGHT,1.0007,1.387,-1.4218,1.5702,-2.7571,3.9597,0.0194,-0.2028,-0.5255,0.0689,1.0061,-0.7024,2.0296,-0.003623,0.2288,0.0036
4.225,FLIGHT,0.9859,1.4073,-2.4536,3.234,-2.8934,3.7563,0.0134,-0.2018,-0.9761,0.1828,1.0083,-0.0897,1.5385,-0.002408,0.2459,0.0024
4.23,FLIGHT,0.9732,1.4224,-2.4686,2.998,-2.1474,2.2646,0.0086,-0.2009,-0.9361,0.191,1.0101,0.0571,1.4325,-0.001253,0.2113,0.0013
4.235,FLIGHT,0.9643,1.4308,-1.97,2.0578,-1.4841,1.2588,0.0056,-0.2003,-0.6942,0.14,1.0116,-0.0521,1.5343,-0.000308,0.1682,0.0003
4.24,FLIGHT,0.9577,1.4363,-1.5087,1.401,-1.1898,1.0415,0.0034,-0.1999,-0.5044,0.1,1.0129,-0.1598,1.6288,0.000411,0.1126,0.0
4.245,FLIGHT,0.952,1.4418,-1.2575,1.2018,-1.1111,1.1602,0.0015,-0.1995,-0.4238,0.0903,1.0142,-0.1778,1.6462,0.00084,0.0622,0.0
4.25,FLIGHT,0.9466,1.4478,-1.1367,1.2067,-1.0491,1.2229,-0.0004,-0.1991,-0.3988,0.095,1.0155,-0.1412,1.6183,0.001061,0.0285,0.0
4.255,FLIGHT,0.9416,1.4538,-1.0339,1.1915,-0.9321,1.1422,-0.0023,-0.1986,-0.3746,0.0975,1.0168,-0.1033,1.5904,0.001145,0.0068,0.0
4.26,FLIGHT,0.9373,1.4592,-0.9073,1.1026,-0.7851,1.0009,-0.0039,-0.1981,-0.3356,0.0931,1.0181,-0.0848,1.579,0.001143,-0.0066,0.0013
4.265,FLIGHT,0.9338,1.4638,-0.7695,0.9841,-0.6486,0.8808,-0.0053,-0.1977,-0.2906,0.0851,1.0193,-0.0799,1.5786,0.001089,-0.0143,0.0029
4.27,FLIGHT,0.9308,1.468,-0.6427,0.8815,-0.5378,0.8028,-0.0064,-0.1974,-0.2503,0.0777,1.0204,-0.0776,1.5798,0.001006,-0.0181,0.0036
4.275,FLIGHT,0.9284,1.4719,-0.5353,0.807,-0.4474,0.7505,-0.0074,-0.197,-0.2181,0.072,1.0215,-0.0728,1.5784,0.000912,-0.0195,0.0039
4.28,FLIGHT,0.9263,1.4756,-0.4442,0.7508,-0.368,0.7051,-0.0084,-0.1967,-0.1918,0.0676,1.0226,-0.0662,1.5754,0.000814,-0.0193,0.0039
4.285,FLIGHT,0.9247,1.479,-0.3636,0.7021,-0.295,0.6599,-0.0092,-0.1964,-0.1687,0.0636,1.0236,-0.0601,1.5724,0.00072,-0.0181,0.0036
4.29,FLIGHT,0.9234,1.4822,-0.2905,0.6563,-0.2282,0.6167,-0.0099,-0.1961,-0.1477,0.0596,1.0246,-0.0552,1.5704,0.000634,-0.0163,0.0033
4.295,FLIGHT,0.9224,1.4851,-0.2244,0.6141,-0.1685,0.5783,-0.0105,-0.1959,-0.1286,0.0558,1.0256,-0.0516,1.5692,0.000558,-0.0143,0.0029
4.3,FLIGHT,0.9217,1.4879,-0.1656,0.5766,-0.1161,0.5453,-0.011,-0.1956,-0.1117,0.0522,1.0265,-0.0487,1.5683,0.000492,-0.0122,0.0024
4.305,FLIGHT,0.9212,1.4906,-0.1138,0.544,-0.0705,0.5168,-0.0114,-0.1954,-0.0969,0.0491,1.0274,-0.0461,1.5676,0.000436,-0.0101,0.002
4.31,FLIGHT,0.9209,1.4931,-0.0685,0.5155,-0.0306,0.4915,-0.0118,-0.1951,-0.084,0.0463,1.0283,-0.0438,1.567,0.00039,-0.0083,0.0017
4.315,FLIGHT,0.9209,1.4955,-0.0288,0.4901,0.0044,0.4686,-0.0122,-0.1949,-0.0727,0.0438,1.0291,-0.0419,1.5665,0.000353,-0.0067,0.0013
4.32,FLIGHT,0.921,1.4978,0.0059,0.4672,0.0349,0.4478,-0.0125,-0.1947,-0.0627,0.0415,1.0299,-0.0403,1.5662,0.000323,-0.0053,0.0011
4.325,FLIGHT,0.9212,1.5,0.0361,0.4466,0.0613,0.4289,-0.0127,-0.1945,-0.0539,0.0394,1.0307,-0.039,1.5661,0.0003,-0.0041,0.0008
4.33,FLIGHT,0.9216,1.5021,0.0623,0.4278,0.0841,0.4118,-0.0129,-0.1943,-0.0462,0.0374,1.0314,-0.0379,1.566,0.000281,-0.0032,0.0006
4.335,FLIGHT,0.9221,1.5041,0.0849,0.4108,0.1036,0.3962,-0.0131,-0.1942,-0.0395,0.0357,1.0322,-0.037,1.5661,0.000267,-0.0024,0.0005
4.34,FLIGHT,0.9226,1.5061,0.1042,0.3952,0.1202,0.3819,-0.0133,-0.194,-0.0335,0.0341,1.0328,-0.0363,1.5662,0.000257,-0.0018,0.0004
4.345,FLIGHT,0.9233,1.5079,0.1207,0.3809,0.1343,0.3686,-0.0134,-0.1938,-0.0284,0.0327,1.0335,-0.0358,1.5664,0.000249,-0.0013,0.0003
4.35,FLIGHT,0.924,1.5098,0.1347,0.3677,0.1461,0.3563,-0.0135,-0.1937,-0.0239,0.0313,1.0342,-0.0353,1.5666,0.000243,-0.001,0.0002
4.355,FLIGHT,0.9247,1.5115,0.1464,0.3555,0.1559,0.3449,-0.0136,-0.1935,-0.0199,0.0301,1.0348,-0.035,1.5669,0.000239,-0.0007,0.0001
4.36,FLIGHT,0.9255,1.5132,0.1561,0.344,0.164,0.3341,-0.0137,-0.1934,-0.0165,0.029,1.0354,-0.0348,1.5672,0.000237,-0.0004,0.0001
4.365,FLIGHT,0.9264,1.5148,0.1642,0.3333,0.1706,0.3241,-0.0137,-0.1933,-0.0135,0.0279,1.0359,-0.0347,1.5675,0.000235,-0.0003,0.0001
4.37,FLIGHT,0.9272,1.5164,0.1707,0.3233,0.1759,0.3146,-0.0138,-0.1931,-0.0109,0.0269,1.0364,-0.0346,1.5679,0.000234,-0.0002,0.0
4.375,FLIGHT,0.9281,1.518,0.1759,0.3138,0.18,0.3056,-0.0138,-0.193,-0.0086,0.026,1.0369,-0.0346,1.5682,0.000233,-0.0001,0.0
4.38,FLIGHT,0.929,1.5195,0.1799,0.3049,0.183,0.2971,-0.0139,-0.1929,-0.0066,0.0252,1.0374,-0.0346,1.5686,0.000233,-0.0,0.0
4.385,FLIGHT,0.9299,1.521,0.1829,0.2964,0.1852,0.289,-0.0139,-0.1928,-0.0049,0.0244,1.0379,-0.0347,1.569,0.000233,0.0,0.0
4.39,FLIGHT,0.9309,1.5224,0.1851,0.2883,0.1867,0.2812,-0.0139,-0.1926,-0.0034,0.0236,1.0383,-0.0349,1.5695,0.000233,0.0001,0.0
4.395,FLIGHT,0.9318,1.5238,0.1865,0.2806,0.1875,0.2738,-0.0139,-0.1925,-0.002,0.0229,1.0387,-0.035,1.5699,0.000234,0.0001,0.0
4.4,FLIGHT,0.9327,1.5251,0.1873,0.2732,0.1877,0.2667,-0.0139,-0.1924,-0.0009,0.0223,1.0391,-0.0352,1.5703,0.000234,0.0001,0.0
4.405,FLIGHT,0.9337,1.5264,0.1875,0.2661,0.1874,0.2599,-0.0139,-0.1923,0.0001,0.0216,1.0394,-0.0354,1.5707,0.000234,0.0001,0.0
4.41,FLIGHT,0.9346,1.5277,0.1872,0.2593,0.1868,0.2533,-0.0139,-0.1922,0.0009,0.021,1.0397,-0.0356,1.5712,0.000235,0.0001,0.0
4.415,FLIGHT,0.9355,1.529,0.1865,0.2528,0.1857,0.247,-0.0139,-0.1921,0.0017,0.0205,1.04,-0.0358,1.5716,0.000235,0.0001,0.0
4.42,FLIGHT,0.9365,1.5302,0.1855,0.2465,0.1844,0.2409,-0.0139,-0.192,0.0023,0.0199,1.0403,-0.0361,1.572,0.000235,0.0,0.0
4.425,FLIGHT,0.9374,1.5314,0.1842,0.2404,0.1829,0.235,-0.0139,-0.1919,0.0029,0.0194,1.0406,-0.0363,1.5725,0.000235,0.0,0.0
4.43,FLIGHT,0.9383,1.5326,0.1826,0.2345,0.1811,0.2293,-0.0138,-0.1918,0.0033,0.0189,1.0408,-0.0366,1.5729,0.000235,0.0,0.0
4.435,FLIGHT,0.9392,1.5337,0.1808,0.2288,0.1791,0.2238,-0.0138,-0.1917,0.0038,0.0184,1.041,-0.0368,1.5733,0.000236,0.0,0.0
4.44,FLIGHT,0.9401,1.5348,0.1788,0.2233,0.177,0.2185,-0.0138,-0.1916,0.0041,0.0179,1.0411,-0.0371,1.5737,0.000236,-0.0,0.0
4.445,FLIGHT,0.941,1.5359,0.1767,0.218,0.1748,0.2133,-0.0138,-0.1916,0.0044,0.0175,1.0413,-0.0374,1.5741,0.000236,-0.0,0.0
4.45,FLIGHT,0.9418,1.5369,0.1745,0.2128,0.1725,0.2083,-0.0138,-0.1915,0.0047,0.017,1.0414,-0.0376,1.5745,0.000235,-0.0,0.0
4.455,FLIGHT,0.9427,1.538,0.1722,0.2078,0.1701,0.2034,-0.0137,-0.1914,0.0049,0.0166,1.0415,-0.0379,1.5749,0.000235,-0.0,0.0
4.46,FLIGHT,0.9435,1.539,0.1698,0.2029,0.1677,0.1986,-0.0137,-0.1913,0.0051,0.0162,1.0416,-0.0382,1.5753,0.000235,-0.0,0.0
4.465,FLIGHT,0.9444,1.5399,0.1674,0.1982,0.1652,0.194,-0.0137,-0.1912,0.0053,0.0158,1.0416,-0.0385,1.5757,0.000235,-0.0,0.0
4.47,FLIGHT,0.9452,1.5409,0.1649,0.1936,0.1627,0.1895,-0.0136,-0.1912,0.0054,0.0155,1.0417,-0.0387,1.5761,0.000235,-0.0,0.0
4.475,FLIGHT,0.946,1.5418,0.1624,0.1891,0.1601,0.1851,-0.0136,-0.1911,0.0055,0.0151,1.0417,-0.039,1.5764,0.000234,-0.0001,0.0
4.48,FLIGHT,0.9468,1.5427,0.1599,0.1847,0.1576,0.1808,-0.0136,-0.191,0.0056,0.0147,1.0417,-0.0393,1.5768,0.000234,-0.0001,0.0
4.485,FLIGHT,0.9476,1.5436,0.1573,0.1804,0.155,0.1767,-0.0136,-0.1909,0.0057,0.0144,1.0416,-0.0395,1.5772,0.000234,-0.0001,0.0
4.49,FLIGHT,0.9483,1.5445,0.1548,0.1763,0.1525,0.1726,-0.0135,-0.1909,0.0058,0.014,1.0415,-0.0398,1.5775,0.000234,-0.0001,0.0
4.495,FLIGHT,0.9491,1.5454,0.1522,0.1723,0.15,0.1687,-0.0135,-0.1908,0.0058,0.0137,1.0415,-0.0401,1.5779,0.000233,-0.0001,0.0
4.5,FLIGHT,0.9498,1.5462,0.1497,0.1683,0.1475,0.1648,-0.0135,-0.1907,0.0059,0.0134,1.0413,-0.0403,1.5782,0.000233,-0.0001,0.0
4.505,FLIGHT,0.9506,1.547,0.1472,0.1645,0.145,0.1611,-0.0134,-0.1907,0.0059,0.0131,1.0412,-0.0406,1.5785,0.000233,-0.0001,0.0
4.51,FLIGHT,0.9513,1.5478,0.1447,0.1607,0.1425,0.1574,-0.0134,-0.1906,0.0059,0.0128,1.0411,-0.0408,1.5789,0.000232,-0.0001,0.0
4.515,FLIGHT,0.952,1.5486,0.1422,0.1571,0.1401,0.1539,-0.0134,-0.1905,0.0059,0.0125,1.0409,-0.0411,1.5792,0.000232,-0.0001,0.0
4.52,FLIGHT,0.9527,1.5494,0.1398,0.1535,0.1376,0.1504,-0.0134,-0.1905,0.0059,0.0122,1.0407,-0.0413,1.5795,0.000232,-0.0001,0.0
4.525,FLIGHT,0.9534,1.5501,0.1374,0.1501,0.1353,0.147,-0.0133,-0.1904,0.0059,0.0119,1.0405,-0.0415,1.5798,0.000231,-0.0001,0.0
4.53,FLIGHT,0.954,1.5508,0.135,0.1467,0.1329,0.1437,-0.0133,-0.1904,0.0059,0.0116,1.0402,-0.0418,1.5801,0.000231,-0.0001,0.0
4.535,FLIGHT,0.9547,1.5515,0.1327,0.1434,0.1306,0.1405,-0.0133,-0.1903,0.0059,0.0114,1.04,-0.042,1.5804,0.000231,-0.0001,0.0
4.54,FLIGHT,0.9554,1.5522,0.1304,0.1402,0.1283,0.1373,-0.0132,-0.1903,0.0059,0.0111,1.0397,-0.0422,1.5807,0.00023,-0.0001,0.0
4.545,FLIGHT,0.956,1.5529,0.1281,0.137,0.126,0.1342,-0.0132,-0.1902,0.0059,0.0109,1.0394,-0.0425,1.581,0.00023,-0.0001,0.0
4.55,FLIGHT,0.9566,1.5536,0.1258,0.1339,0.1238,0.1312,-0.0132,-0.1901,0.0059,0.0106,1.039,-0.0427,1.5813,0.00023,-0.0001,0.0
4.555,FLIGHT,0.9572,1.5542,0.1236,0.1309,0.1216,0.1283,-0.0132,-0.1901,0.0058,0.0104,1.0387,-0.0429,1.5816,0.000229,-0.0001,0.0
4.56,FLIGHT,0.9578,1.5549,0.1214,0.128,0.1195,0.1254,-0.0131,-0.19,0.0058,0.0101,1.0383,-0.0431,1.5818,0.000229,-0.0001,0.0
4.565,FLIGHT,0.9584,1.5555,0.1193,0.1252,0.1174,0.1226,-0.0131,-0.19,0.0058,0.0099,1.0379,-0.0433,1.5821,0.000229,-0.0001,0.0
4.57,FLIGHT,0.959,1.5561,0.1172,0.1224,0.1153,0.1199,-0.0131,-0.1899,0.0058,0.0097,1.0375,-0.0436,1.5824,0.000228,-0.0001,0.0
4.575,FLIGHT,0.9596,1.5567,0.1151,0.1197,0.1133,0.1173,-0.013,-0.1899,0.0057,0.0095,1.0371,-0.0438,1.5826,0.000228,-0.0001,0.0
4.58,FLIGHT,0.9601,1.5573,0.1131,0.117,0.1113,0.1147,-0.013,-0.1899,0.0057,0.0093,1.0366,-0.044,1.5829,0.000228,-0.0001,0.0
4.585,FLIGHT,0.9607,1.5578,0.1111,0.1144,0.1093,0.1121,-0.013,-0.1898,0.0057,0.009,1.0362,-0.0442,1.5831,0.000227,-0.0001,0.0
4.59,FLIGHT,0.9612,1.5584,0.1091,0.1119,0.1074,0.1097,-0.013,-0.1898,0.0056,0.0088,1.0357,-0.0444,1.5833,0.000227,-0.0001,0.0
4.595,FLIGHT,0.9618,1.5589,0.1072,0.1094,0.1055,0.1073,-0.0129,-0.1897,0.0056,0.0086,1.0352,-0.0446,1.5836,0.000227,-0.0001,0.0
4.6,FLIGHT,0.9623,1.5594,0.1053,0.107,0.1036,0.1049,-0.0129,-0.1897,0.0055,0.0085,1.0347,-0.0447,1.5838,0.000227,-0.0001,0.0
4.605,FLIGHT,0.9628,1.56,0.1034,0.1047,0.1018,0.1026,-0.0129,-0.1896,0.0055,0.0083,1.0341,-0.0449,1.584,0.000226,-0.0001,0.0
4.61,FLIGHT,0.9633,1.5605,0.1016,0.1024,0.1,0.1004,-0.0128,-0.1896,0.0055,0.0081,1.0335,-0.0451,1.5843,0.000226,-0.0,0.0
4.615,FLIGHT,0.9638,1.561,0.0998,0.1002,0.0982,0.0982,-0.0128,-0.1896,0.0054,0.0079,1.033,-0.0453,1.5845,0.000226,-0.0,0.0
4.62,FLIGHT,0.9643,1.5615,0.098,0.098,0.0965,0.096,-0.0128,-0.1895,0.0054,0.0077,1.0324,-0.0455,1.5847,0.000226,-0.0,0.0
4.625,FLIGHT,0.9648,1.5619,0.0963,0.0958,0.0947,0.0939,-0.0128,-0.1895,0.0053,0.0076,1.0317,-0.0457,1.5849,0.000225,-0.0,0.0
4.63,FLIGHT,0.9652,1.5624,0.0946,0.0938,0.0931,0.0919,-0.0127,-0.1894,0.0053,0.0074,1.0311,-0.0458,1.5851,0.000225,-0.0,0.0
4.635,FLIGHT,0.9657,1.5628,0.0929,0.0917,0.0914,0.0899,-0.0127,-0.1894,0.0052,0.0072,1.0304,-0.046,1.5853,0.000225,-0.0,0.0
4.64,FLIGHT,0.9661,1.5633,0.0912,0.0897,0.0898,0.088,-0.0127,-0.1894,0.0052,0.0071,1.0298,-0.0462,1.5855,0.000225,-0.0,0.0
4.645,FLIGHT,0.9666,1.5637,0.0896,0.0878,0.0882,0.0861,-0.0127,-0.1893,0.0051,0.0069,1.0291,-0.0463,1.5857,0.000225,-0.0,0.0
4.65,FLIGHT,0.967,1.5642,0.088,0.0859,0.0866,0.0842,-0.0126,-0.1893,0.0051,0.0068,1.0284,-0.0465,1.5859,0.000224,-0.0,0.0
4.655,FLIGHT,0.9675,1.5646,0.0865,0.0841,0.0851,0.0824,-0.0126,-0.1893,0.005,0.0066,1.0276,-0.0467,1.5861,0.000224,-0.0,0.0
4.66,FLIGHT,0.9679,1.565,0.0849,0.0823,0.0836,0.0807,-0.0126,-0.1892,0.005,0.0065,1.0269,-0.0468,1.5863,0.000224,-0.0,0.0
4.665,FLIGHT,0.9683,1.5654,0.0834,0.0805,0.0821,0.079,-0.0126,-0.1892,0.0049,0.0063,1.0261,-0.047,1.5865,0.000224,-0.0,0.0
4.67,FLIGHT,0.9687,1.5658,0.0819,0.0788,0.0806,0.0773,-0.0125,-0.1892,0.0049,0.0062,1.0254,-0.0471,1.5867,0.000224,-0.0,0.0
4.675,FLIGHT,0.9691,1.5662,0.0804,0.0771,0.0791,0.0757,-0.0125,-0.1892,0.0048,0.0061,1.0246,-0.0473,1.5868,0.000224,-0.0,0.0
4.68,FLIGHT,0.9695,1.5665,0.079,0.0755,0.0777,0.0741,-0.0125,-0.1891,0.0048,0.0059,1.0237,-0.0474,1.587,0.000223,-0.0,0.0
4.685,FLIGHT,0.9699,1.5669,0.0776,0.0739,0.0763,0.0725,-0.0125,-0.1891,0.0047,0.0058,1.0229,-0.0476,1.5872,0.000223,-0.0,0.0
4.69,FLIGHT,0.9703,1.5673,0.0762,0.0724,0.0749,0.071,-0.0124,-0.1891,0.0046,0.0057,1.0221,-0.0477,1.5874,0.000223,-0.0,0.0
4.695,FLIGHT,0.9706,1.5676,0.0748,0.0708,0.0736,0.0695,-0.0124,-0.189,0.0046,0.0056,1.0212,-0.0479,1.5875,0.000223,-0.0,0.0
4.7,FLIGHT,0.971,1.5679,0.0735,0.0694,0.0723,0.0681,-0.0124,-0.189,0.0045,0.0054,1.0203,-0.048,1.5877,0.000223,-0.0,0.0
4.705,FLIGHT,0.9713,1.5683,0.0721,0.0679,0.0709,0.0666,-0.0124,-0.189,0.0045,0.0053,1.0194,-0.0482,1.5879,0.000223,-0.0,0.0
4.71,FLIGHT,0.9717,1.5686,0.0708,0.0665,0.0697,0.0653,-0.0123,-0.189,0.0044,0.0052,1.0185,-0.0483,1.588,0.000223,-0.0,0.0
4.715,FLIGHT,0.972,1.5689,0.0695,0.0651,0.0684,0.0639,-0.0123,-0.1889,0.0044,0.0051,1.0176,-0.0485,1.5882,0.000222,-0.0,0.0
4.72,FLIGHT,0.9724,1.5693,0.0683,0.0638,0.0671,0.0626,-0.0123,-0.1889,0.0043,0.005,1.0167,-0.0486,1.5883,0.000222,-0.0,0.0
4.725,FLIGHT,0.9727,1.5696,0.067,0.0625,0.0659,0.0613,-0.0123,-0.1889,0.0042,0.0049,1.0157,-0.0487,1.5885,0.000222,-0.0,0.0
4.73,FLIGHT,0.973,1.5699,0.0658,0.0612,0.0647,0.0601,-0.0123,-0.1889,0.0042,0.0048,1.0147,-0.0489,1.5886,0.000222,-0.0,0.0
4.735,FLIGHT,0.9734,1.5702,0.0646,0.06,0.0635,0.0589,-0.0122,-0.1888,0.0041,0.0047,1.0138,-0.049,1.5888,0.000222,-0.0,0.0
4.74,FLIGHT,0.9737,1.5705,0.0634,0.0587,0.0623,0.0577,-0.0122,-0.1888,0.004,0.0046,1.0128,-0.0491,1.5889,0.000222,-0.0,0.0
4.745,FLIGHT,0.974,1.5707,0.0622,0.0575,0.0611,0.0565,-0.0122,-0.1888,0.004,0.0045,1.0117,-0.0493,1.5891,0.000222,-0.0,0.0
4.75,FLIGHT,0.9743,1.571,0.061,0.0564,0.06,0.0554,-0.0122,-0.1888,0.0039,0.0044,1.0107,-0.0494,1.5892,0.000222,-0.0,0.0
4.755,FLIGHT,0.9746,1.5713,0.0599,0.0553,0.0588,0.0543,-0.0122,-0.1888,0.0038,0.0043,1.0097,-0.0495,1.5893,0.000222,-0.0,0.0
4.76,FLIGHT,0.9749,1.5716,0.0587,0.0542,0.0577,0.0532,-0.0121,-0.1887,0.0038,0.0042,1.0086,-0.0497,1.5895,0.000221,-0.0,0.0
4.765,FLIGHT,0.9752,1.5718,0.0576,0.0531,0.0566,0.0521,-0.0121,-0.1887,0.0037,0.0042,1.0075,-0.0498,1.5896,0.000221,-0.0,0.0
4.77,FLIGHT,0.9754,1.5721,0.0565,0.052,0.0555,0.0511,-0.0121,-0.1887,0.0036,0.0041,1.0065,-0.0499,1.5897,0.000221,-0.0,0.0
4.775,FLIGHT,0.9757,1.5723,0.0554,0.051,0.0545,0.0501,-0.0121,-0.1887,0.0036,0.004,1.0054,-0.05,1.5899,0.000221,-0.0,0.0
4.78,FLIGHT,0.976,1.5726,0.0543,0.05,0.0534,0.0491,-0.0121,-0.1886,0.0035,0.0039,1.0042,-0.0502,1.59,0.000221,-0.0,0.0
4.785,FLIGHT,0.9762,1.5728,0.0533,0.049,0.0523,0.0481,-0.0121,-0.1886,0.0034,0.0038,1.0031,-0.0503,1.5901,0.000221,-0.0,0.0
4.79,FLIGHT,0.9765,1.5731,0.0522,0.0481,0.0513,0.0472,-0.012,-0.1886,0.0034,0.0038,1.002,-0.0504,1.5903,0.000221,-0.0,0.0
4.795,FLIGHT,0.9768,1.5733,0.0512,0.0471,0.0503,0.0463,-0.012,-0.1886,0.0033,0.0037,1.0008,-0.0505,1.5904,0.000221,-0.0,0.0
4.8,STANCE,0.977,1.5736,0.0575,0.0657,0.1372,0.2774,-0.012,-0.1886,0.002,0.0053,0.9997,0.1524,-0.0334,0.000179,-0.1001,0.02
4.805,STANCE,0.9821,1.5727,0.8356,-0.2118,2.1514,-1.1962,-0.0109,-0.1887,0.1864,-0.0284,0.9987,-0.216,-0.5069,-0.001349,-0.462,0.0937
4.81,STANCE,0.9938,1.5647,1.7701,-1.1115,1.0226,-0.6967,-0.0076,-0.1895,0.488,-0.1114,0.9978,-0.8764,-0.7039,-0.00357,-0.2215,0.0479
4.815,STANCE,0.9945,1.565,0.5995,-0.2652,-0.2369,0.3547,-0.0075,-0.1895,0.15,-0.0279,0.9979,-0.718,-1.5922,-0.003912,0.023,0.0039
4.82,STANCE,0.9943,1.5653,0.1971,-0.0876,0.2678,-0.367,-0.0076,-0.1895,0.0493,-0.0092,0.9982,-0.8623,-2.1077,-0.003631,0.0776,0.0036
4.825,STANCE,0.9973,1.5585,0.5037,-1.1059,0.882,-2.301,-0.0061,-0.1901,0.2484,-0.099,0.9982,-1.3122,-1.9117,-0.003053,0.1531,0.0031
4.83,STANCE,1.0037,1.5459,1.0758,-2.1864,1.5194,-3.983,-0.0031,-0.1912,0.511,-0.1873,0.9982,-1.8609,-1.4267,-0.003016,-0.0978,0.0226
4.835,STANCE,1.0103,1.5297,1.203,-2.8748,1.0878,-2.9696,0.0004,-0.1926,0.6385,-0.2321,0.9981,-2.1356,-0.8856,-0.003467,-0.0461,0.0127
4.84,STANCE,1.0141,1.5138,0.8856,-3.0481,0.54,-2.9498,0.0034,-0.1938,0.6078,-0.2351,0.9982,-2.0393,-0.436,-0.00345,-0.0978,0.023
4.845,STANCE,1.0143,1.4978,0.2649,-3.149,-0.3874,-3.2811,0.0057,-0.195,0.5062,-0.2371,0.998,-1.6146,0.0499,-0.004016,-0.0802,0.0201
4.85,STANCE,1.0115,1.4831,-0.3115,-2.9969,-0.6025,-2.4799,0.0073,-0.1962,0.3741,-0.2242,0.9979,-1.0306,0.4462,-0.004288,-0.0517,0.0146
4.855,STANCE,1.0069,1.4687,-0.7512,-2.9298,-1.1381,-3.1342,0.0085,-0.1973,0.2794,-0.2192,0.9979,-0.4036,0.8548,-0.004513,-0.0479,0.0141
4.86,STANCE,1.0015,1.4537,-0.9706,-2.9858,-1.0494,-3.0427,0.0096,-0.1984,0.2453,-0.222,0.9977,0.1314,1.2458,-0.004966,-0.0659,0.0181
4.865,STANCE,0.9974,1.4401,-0.839,-2.7681,-0.5262,-2.3236,0.0108,-0.1994,0.2405,-0.2024,0.9979,0.3975,1.3968,-0.005374,-0.1103,0.0274
4.87,STANCE,0.9965,1.4302,-0.3494,-2.1918,0.1567,-1.7204,0.0121,-0.2001,0.2543,-0.1544,0.9985,0.2665,1.2281,-0.00608,-0.162,0.0385
4.875,STANCE,0.9983,1.4216,0.1543,-1.8804,0.5124,-1.7914,0.0137,-0.2006,0.3104,-0.1238,0.9991,0.0604,1.1251,-0.006845,-0.1324,0.0333
4.88,STANCE,1.001,1.4122,0.415,-1.8898,0.5273,-1.9391,0.0157,-0.2012,0.3659,-0.1166,0.9997,-0.0506,1.1524,-0.007337,-0.0627,0.0199
4.885,STANCE,1.0034,1.4026,0.4399,-1.9046,0.3936,-1.8705,0.0176,-0.2018,0.3748,-0.113,1.0003,-0.0664,1.1823,-0.007481,0.0027,0.0075
4.89,STANCE,1.005,1.3936,0.3599,-1.8298,0.2799,-1.7459,0.0193,-0.2023,0.3489,-0.1061,1.0008,-0.0385,1.1749,-0.007339,0.0513,0.0073
4.895,STANCE,1.0063,1.385,0.2863,-1.7472,0.2392,-1.6889,0.0208,-0.2028,0.3227,-0.0994,1.0014,-0.0123,1.1633,-0.006992,0.0852,0.007
4.9,STANCE,1.0075,1.3767,0.2552,-1.6976,0.2437,-1.6618,0.0223,-0.2033,0.31,-0.0942,1.0019,-0.0028,1.1644,-0.006505,0.1083,0.0065
4.905,STANCE,1.0087,1.3685,0.2524,-1.6559,0.2557,-1.614,0.0238,-0.2037,0.3041,-0.089,1.0025,-0.0048,1.1682,-0.005921,0.1245,0.0059
4.91,STANCE,1.01,1.3605,0.257,-1.6032,0.2604,-1.5523,0.0253,-0.2042,0.2979,-0.0832,1.003,-0.0099,1.1669,-0.005266,0.137,0.0053
4.915,FLIGHT,1.0101,1.3554,0.03,-1.0762,-0.9163,0.8824,0.0261,-0.2044,0.1712,-0.0586,1.0039,-1.4908,2.6579,-0.004524,0.1779,0.0045
4.92,FLIGHT,0.9998,1.3701,-1.4952,1.8232,-2.9056,4.296,0.0218,-0.2039,-0.5819,0.075,1.0059,-0.7414,2.0509,-0.003415,0.2595,0.0034
4.925,FLIGHT,0.9843,1.392,-2.5848,3.5299,-3.0494,4.0447,0.0153,-0.2028,-1.0524,0.1885,1.008,-0.0954,1.5364,-0.002049,0.2746,0.002
4.93,FLIGHT,0.9709,1.4083,-2.6023,3.2508,-2.2665,2.4589,0.0102,-0.2019,-1.0054,0.1979,1.0097,0.0566,1.4274,-0.000764,0.2348,0.0008
4.935,FLIGHT,0.9615,1.4175,-2.0813,2.2464,-1.573,1.3988,0.0069,-0.2013,-0.7477,0.1469,1.011,-0.0604,1.5353,0.000279,0.1746,0.0
4.94,FLIGHT,0.9545,1.4237,-1.5996,1.5511,-1.2694,1.1698,0.0046,-0.2009,-0.5469,0.1069,1.0122,-0.1739,1.6342,0.000951,0.099,0.0
4.945,FLIGHT,0.9484,1.4298,-1.3419,1.3372,-1.1938,1.2885,0.0025,-0.2005,-0.4622,0.0976,1.0134,-0.191,1.651,0.00131,0.0485,0.0
4.95,FLIGHT,0.9425,1.4365,-1.2201,1.3354,-1.1313,1.3448,0.0004,-0.2,-0.4356,0.1027,1.0146,-0.1506,1.6205,0.001466,0.016,0.0
4.955,FLIGHT,0.9372,1.443,-1.1142,1.3103,-1.0077,1.25,-0.0016,-0.1994,-0.4091,0.1053,1.0158,-0.1096,1.5906,0.001491,-0.0043,0.0009
4.96,FLIGHT,0.9325,1.4489,-0.9808,1.2078,-0.8516,1.0935,-0.0034,-0.199,-0.3664,0.1005,1.0169,-0.0899,1.5786,0.001436,-0.0164,0.0033
4.965,FLIGHT,0.9286,1.454,-0.8348,1.076,-0.7066,0.962,-0.0049,-0.1985,-0.3175,0.092,1.0179,-0.0846,1.5782,0.001336,-0.0228,0.0046
4.97,FLIGHT,0.9254,1.4585,-0.7002,0.9631,-0.5886,0.8764,-0.0062,-0.1981,-0.2739,0.0841,1.0189,-0.0818,1.5793,0.001214,-0.0255,0.0051
4.975,FLIGHT,0.9227,1.4628,-0.5858,0.8808,-0.4919,0.8183,-0.0073,-0.1978,-0.239,0.0781,1.0199,-0.0763,1.5777,0.001085,-0.0258,0.0052
4.98,FLIGHT,0.9205,1.4667,-0.4881,0.8185,-0.4064,0.7676,-0.0083,-0.1974,-0.2104,0.0734,1.0208,-0.069,1.5742,0.000959,-0.0247,0.0049
4.985,FLIGHT,0.9186,1.4705,-0.4014,0.7643,-0.3274,0.7175,-0.0092,-0.1971,-0.1852,0.069,1.0217,-0.0622,1.571,0.00084,-0.0227,0.0045
4.99,FLIGHT,0.9172,1.4739,-0.3224,0.7136,-0.255,0.6699,-0.0099,-0.1968,-0.1622,0.0647,1.0225,-0.0569,1.5688,0.000732,-0.0203,0.0041
4.995,FLIGHT,0.9161,1.4772,-0.2508,0.667,-0.1902,0.6277,-0.0106,-0.1965,-0.1413,0.0605,1.0234,-0.0529,1.5674,0.000637,-0.0177,0.0035
5.0,FLIGHT,0.9153,1.4802,-0.187,0.6259,-0.1333,0.5916,-0.0112,-0.1962,-0.1229,0.0567,1.0242,-0.0497,1.5665,0.000556,-0.0151,0.003
5.005,FLIGHT,0.9147,1.4831,-0.1307,0.5901,-0.0835,0.5603,-0.0117,-0.1959,-0.1067,0.0533,1.0249,-0.0468,1.5657,0.000487,-0.0125,0.0025
5.01,FLIGHT,0.9144,1.4858,-0.0813,0.5589,-0.04,0.5326,-0.0121,-0.1957,-0.0925,0.0503,1.0256,-0.0443,1.565,0.00043,-0.0102,0.002
5.015,FLIGHT,0.9143,1.4884,-0.038,0.5311,-0.0017,0.5075,-0.0125,-0.1955,-0.0801,0.0475,1.0263,-0.0421,1.5645,0.000384,-0.0082,0.0016
5.02,FLIGHT,0.9144,1.4909,-0.0001,0.5061,0.0317,0.4848,-0.0128,-0.1953,-0.0692,0.045,1.027,-0.0403,1.5641,0.000347,-0.0065,0.0013
5.025,FLIGHT,0.9146,1.4933,0.0331,0.4835,0.0607,0.4643,-0.0131,-0.195,-0.0595,0.0427,1.0276,-0.0389,1.564,0.000318,-0.0051,0.001
5.03,FLIGHT,0.915,1.4955,0.0618,0.463,0.0857,0.4456,-0.0133,-0.1948,-0.0511,0.0406,1.0283,-0.0377,1.5639,0.000296,-0.0039,0.0008
5.035,FLIGHT,0.9155,1.4977,0.0866,0.4445,0.1072,0.4287,-0.0135,-0.1947,-0.0437,0.0387,1.0288,-0.0367,1.5639,0.000279,-0.003,0.0006
5.04,FLIGHT,0.9161,1.4998,0.1079,0.4276,0.1255,0.4131,-0.0137,-0.1945,-0.0372,0.0369,1.0294,-0.0359,1.564,0.000266,-0.0022,0.0004
5.045,FLIGHT,0.9167,1.5019,0.1261,0.412,0.141,0.3987,-0.0138,-0.1943,-0.0315,0.0354,1.0299,-0.0353,1.5642,0.000256,-0.0016,0.0003
5.05,FLIGHT,0.9175,1.5038,0.1415,0.3977,0.1541,0.3854,-0.014,-0.1941,-0.0265,0.0339,1.0304,-0.0348,1.5645,0.000249,-0.0012,0.0002
5.055,FLIGHT,0.9183,1.5057,0.1545,0.3844,0.1651,0.3729,-0.0141,-0.194,-0.0222,0.0326,1.0309,-0.0344,1.5648,0.000244,-0.0008,0.0002
5.06,FLIGHT,0.9191,1.5076,0.1653,0.372,0.1741,0.3613,-0.0142,-0.1938,-0.0184,0.0313,1.0314,-0.0342,1.5651,0.000241,-0.0005,0.0001
5.065,FLIGHT,0.92,1.5093,0.1742,0.3605,0.1814,0.3504,-0.0142,-0.1937,-0.0151,0.0302,1.0318,-0.034,1.5654,0.000239,-0.0003,0.0001
5.07,FLIGHT,0.9209,1.5111,0.1815,0.3496,0.1873,0.3402,-0.0143,-0.1935,-0.0122,0.0291,1.0322,-0.0339,1.5658,0.000238,-0.0002,0.0
5.075,FLIGHT,0.9219,1.5127,0.1873,0.3394,0.1919,0.3304,-0.0143,-0.1934,-0.0097,0.0281,1.0326,-0.0339,1.5663,0.000237,-0.0001,0.0
5.08,FLIGHT,0.9229,1.5144,0.1918,0.3297,0.1954,0.3212,-0.0144,-0.1933,-0.0075,0.0272,1.0329,-0.034,1.5667,0.000237,-0.0,0.0
5.085,FLIGHT,0.9238,1.5159,0.1953,0.3205,0.1979,0.3125,-0.0144,-0.1931,-0.0056,0.0264,1.0332,-0.034,1.5671,0.000237,0.0,0.0
5.09,FLIGHT,0.9248,1.5175,0.1977,0.3118,0.1996,0.3041,-0.0144,-0.193,-0.004,0.0255,1.0335,-0.0342,1.5676,0.000237,0.0001,0.0
5.095,FLIGHT,0.9258,1.519,0.1994,0.3034,0.2005,0.2961,-0.0144,-0.1929,-0.0026,0.0248,1.0338,-0.0343,1.568,0.000237,0.0001,0.0
5.1,FLIGHT,0.9268,1.5204,0.2003,0.2955,0.2009,0.2885,-0.0144,-0.1928,-0.0013,0.0241,1.034,-0.0345,1.5685,0.000238,0.0001,0.0
5.105,FLIGHT,0.9278,1.5219,0.2006,0.2878,0.2006,0.2811,-0.0144,-0.1926,-0.0002,0.0234,1.0343,-0.0347,1.569,0.000238,0.0001,0.0
5.11,FLIGHT,0.9288,1.5233,0.2004,0.2805,0.2,0.274,-0.0144,-0.1925,0.0007,0.0227,1.0345,-0.0349,1.5694,0.000238,0.0001,0.0
5.115,FLIGHT,0.9298,1.5246,0.1997,0.2734,0.1989,0.2672,-0.0144,-0.1924,0.0015,0.0221,1.0346,-0.0352,1.5699,0.000239,0.0001,0.0
5.12,FLIGHT,0.9308,1.5259,0.1987,0.2666,0.1976,0.2607,-0.0144,-0.1923,0.0022,0.0215,1.0348,-0.0355,1.5704,0.000239,0.0,0.0
5.125,FLIGHT,0.9318,1.5272,0.1973,0.2601,0.1959,0.2543,-0.0144,-0.1922,0.0028,0.0209,1.0349,-0.0357,1.5708,0.000239,0.0,0.0
5.13,FLIGHT,0.9328,1.5285,0.1956,0.2537,0.194,0.2482,-0.0143,-0.1921,0.0033,0.0204,1.035,-0.036,1.5713,0.000239,0.0,0.0
5.135,FLIGHT,0.9338,1.5297,0.1937,0.2476,0.1919,0.2422,-0.0143,-0.192,0.0038,0.0199,1.0351,-0.0363,1.5717,0.000239,0.0,0.0
5.14,FLIGHT,0.9347,1.5309,0.1916,0.2417,0.1897,0.2364,-0.0143,-0.1919,0.0042,0.0194,1.0351,-0.0366,1.5722,0.000239,-0.0,0.0
5.145,FLIGHT,0.9357,1.5321,0.1893,0.2359,0.1873,0.2309,-0.0143,-0.1918,0.0045,0.0189,1.0352,-0.0369,1.5726,0.000239,-0.0,0.0
5.15,FLIGHT,0.9366,1.5332,0.187,0.2304,0.1848,0.2254,-0.0143,-0.1917,0.0048,0.0184,1.0352,-0.0372,1.5731,0.000239,-0.0,0.0
5.155,FLIGHT,0.9375,1.5343,0.1845,0.2249,0.1822,0.2201,-0.0142,-0.1916,0.005,0.018,1.0352,-0.0375,1.5735,0.000239,-0.0,0.0
5.16,FLIGHT,0.9384,1.5354,0.1819,0.2197,0.1795,0.215,-0.0142,-0.1916,0.0052,0.0175,1.0351,-0.0378,1.5739,0.000239,-0.0,0.0
5.165,FLIGHT,0.9393,1.5365,0.1792,0.2146,0.1768,0.21,-0.0142,-0.1915,0.0054,0.0171,1.035,-0.038,1.5744,0.000239,-0.0,0.0
5.17,FLIGHT,0.9402,1.5375,0.1765,0.2096,0.1741,0.2052,-0.0142,-0.1914,0.0055,0.0167,1.035,-0.0383,1.5748,0.000239,-0.0001,0.0
5.175,FLIGHT,0.941,1.5385,0.1738,0.2047,0.1714,0.2004,-0.0141,-0.1913,0.0057,0.0163,1.0348,-0.0386,1.5752,0.000238,-0.0001,0.0
5.18,FLIGHT,0.9419,1.5395,0.1711,0.2,0.1686,0.1958,-0.0141,-0.1912,0.0058,0.0159,1.0347,-0.0389,1.5756,0.000238,-0.0001,0.0
5.185,FLIGHT,0.9427,1.5405,0.1683,0.1954,0.1658,0.1914,-0.0141,-0.1912,0.0058,0.0156,1.0346,-0.0392,1.576,0.000238,-0.0001,0.0
5.19,FLIGHT,0.9435,1.5414,0.1655,0.191,0.163,0.187,-0.014,-0.1911,0.0059,0.0152,1.0344,-0.0395,1.5763,0.000237,-0.0001,0.0
5.195,FLIGHT,0.9444,1.5424,0.1628,0.1866,0.1603,0.1827,-0.014,-0.191,0.0059,0.0148,1.0342,-0.0398,1.5767,0.000237,-0.0001,0.0
5.2,FLIGHT,0.9451,1.5433,0.16,0.1823,0.1575,0.1786,-0.014,-0.1909,0.006,0.0145,1.034,-0.0401,1.5771,0.000237,-0.0001,0.0
5.205,FLIGHT,0.9459,1.5441,0.1573,0.1782,0.1548,0.1745,-0.0139,-0.1909,0.006,0.0142,1.0337,-0.0403,1.5775,0.000236,-0.0001,0.0
5.21,FLIGHT,0.9467,1.545,0.1545,0.1742,0.1521,0.1706,-0.0139,-0.1908,0.006,0.0138,1.0335,-0.0406,1.5778,0.000236,-0.0001,0.0
5.215,FLIGHT,0.9474,1.5458,0.1519,0.1702,0.1495,0.1667,-0.0139,-0.1907,0.006,0.0135,1.0332,-0.0409,1.5782,0.000236,-0.0001,0.0
5.22,FLIGHT,0.9482,1.5467,0.1492,0.1664,0.1468,0.163,-0.0139,-0.1907,0.006,0.0132,1.0329,-0.0411,1.5785,0.000235,-0.0001,0.0
5.225,FLIGHT,0.9489,1.5475,0.1466,0.1626,0.1442,0.1593,-0.0138,-0.1906,0.006,0.0129,1.0326,-0.0414,1.5788,0.000235,-0.0001,0.0
5.23,FLIGHT,0.9496,1.5483,0.144,0.159,0.1416,0.1557,-0.0138,-0.1905,0.006,0.0126,1.0322,-0.0417,1.5792,0.000234,-0.0001,0.0
5.235,FLIGHT,0.9503,1.549,0.1414,0.1554,0.1391,0.1523,-0.0138,-0.1905,0.006,0.0123,1.0318,-0.0419,1.5795,0.000234,-0.0001,0.0
5.24,FLIGHT,0.951,1.5498,0.1389,0.1519,0.1366,0.1488,-0.0137,-0.1904,0.006,0.0121,1.0314,-0.0422,1.5798,0.000234,-0.0001,0.0
5.245,FLIGHT,0.9517,1.5505,0.1364,0.1485,0.1341,0.1455,-0.0137,-0.1904,0.006,0.0118,1.031,-0.0424,1.5801,0.000233,-0.0001,0.0
5.25,FLIGHT,0.9524,1.5512,0.1339,0.1452,0.1317,0.1423,-0.0137,-0.1903,0.0059,0.0115,1.0306,-0.0427,1.5804,0.000233,-0.0001,0.0
5.255,FLIGHT,0.953,1.5519,0.1315,0.142,0.1293,0.1391,-0.0136,-0.1902,0.0059,0.0113,1.0302,-0.0429,1.5807,0.000233,-0.0001,0.0
5.26,FLIGHT,0.9537,1.5526,0.1291,0.1388,0.127,0.136,-0.0136,-0.1902,0.0059,0.011,1.0297,-0.0431,1.581,0.000232,-0.0001,0.0
5.265,FLIGHT,0.9543,1.5533,0.1267,0.1357,0.1247,0.133,-0.0136,-0.1901,0.0058,0.0108,1.0292,-0.0434,1.5813,0.000232,-0.0001,0.0
5.27,FLIGHT,0.9549,1.554,0.1244,0.1327,0.1224,0.13,-0.0136,-0.1901,0.0058,0.0105,1.0287,-0.0436,1.5816,0.000232,-0.0001,0.0
5.275,FLIGHT,0.9555,1.5546,0.1222,0.1298,0.1202,0.1272,-0.0135,-0.19,0.0057,0.0103,1.0282,-0.0438,1.5819,0.000231,-0.0001,0.0
5.28,FLIGHT,0.9561,1.5552,0.1199,0.1269,0.118,0.1244,-0.0135,-0.19,0.0057,0.01,1.0276,-0.044,1.5821,0.000231,-0.0001,0.0
5.285,FLIGHT,0.9567,1.5558,0.1177,0.1241,0.1158,0.1216,-0.0135,-0.1899,0.0057,0.0098,1.0271,-0.0443,1.5824,0.000231,-0.0001,0.0
5.29,FLIGHT,0.9573,1.5565,0.1156,0.1214,0.1137,0.1189,-0.0134,-0.1899,0.0056,0.0096,1.0265,-0.0445,1.5827,0.00023,-0.0001,0.0
5.295,FLIGHT,0.9578,1.557,0.1135,0.1187,0.1116,0.1163,-0.0134,-0.1898,0.0056,0.0094,1.0259,-0.0447,1.5829,0.00023,-0.0001,0.0
5.3,FLIGHT,0.9584,1.5576,0.1114,0.1161,0.1095,0.1138,-0.0134,-0.1898,0.0055,0.0092,1.0253,-0.0449,1.5832,0.00023,-0.0001,0.0
5.305,FLIGHT,0.9589,1.5582,0.1093,0.1136,0.1075,0.1113,-0.0134,-0.1898,0.0055,0.009,1.0246,-0.0451,1.5834,0.000229,-0.0001,0.0
5.31,FLIGHT,0.9595,1.5587,0.1073,0.1111,0.1055,0.1089,-0.0133,-0.1897,0.0054,0.0088,1.024,-0.0453,1.5837,0.000229,-0.0001,0.0
5.315,FLIGHT,0.96,1.5593,0.1054,0.1086,0.1036,0.1065,-0.0133,-0.1897,0.0054,0.0086,1.0233,-0.0455,1.5839,0.000229,-0.0001,0.0
5.32,FLIGHT,0.9605,1.5598,0.1034,0.1063,0.1017,0.1042,-0.0133,-0.1896,0.0053,0.0084,1.0226,-0.0457,1.5841,0.000229,-0.0001,0.0
5.325,FLIGHT,0.961,1.5603,0.1015,0.104,0.0998,0.1019,-0.0133,-0.1896,0.0053,0.0082,1.0219,-0.0459,1.5844,0.000228,-0.0001,0.0
5.33,FLIGHT,0.9615,1.5608,0.0996,0.1017,0.098,0.0997,-0.0132,-0.1895,0.0052,0.008,1.0212,-0.0461,1.5846,0.000228,-0.0,0.0
5.335,FLIGHT,0.962,1.5613,0.0978,0.0995,0.0962,0.0975,-0.0132,-0.1895,0.0051,0.0079,1.0204,-0.0463,1.5848,0.000228,-0.0,0.0
5.34,FLIGHT,0.9625,1.5618,0.096,0.0974,0.0944,0.0954,-0.0132,-0.1895,0.0051,0.0077,1.0197,-0.0464,1.585,0.000228,-0.0,0.0
5.345,FLIGHT,0.9629,1.5623,0.0942,0.0953,0.0926,0.0934,-0.0132,-0.1894,0.005,0.0075,1.0189,-0.0466,1.5852,0.000227,-0.0,0.0
5.35,FLIGHT,0.9634,1.5627,0.0924,0.0932,0.0909,0.0914,-0.0131,-0.1894,0.005,0.0074,1.0181,-0.0468,1.5855,0.000227,-0.0,0.0
5.355,FLIGHT,0.9638,1.5632,0.0907,0.0912,0.0892,0.0894,-0.0131,-0.1894,0.0049,0.0072,1.0173,-0.047,1.5857,0.000227,-0.0,0.0
5.36,FLIGHT,0.9643,1.5636,0.089,0.0892,0.0875,0.0875,-0.0131,-0.1893,0.0048,0.007,1.0165,-0.0472,1.5859,0.000227,-0.0,0.0
5.365,FLIGHT,0.9647,1.564,0.0874,0.0873,0.0859,0.0857,-0.0131,-0.1893,0.0048,0.0069,1.0156,-0.0473,1.5861,0.000227,-0.0,0.0
5.37,FLIGHT,0.9651,1.5645,0.0857,0.0855,0.0843,0.0838,-0.013,-0.1893,0.0047,0.0067,1.0148,-0.0475,1.5863,0.000226,-0.0,0.0
5.375,FLIGHT,0.9655,1.5649,0.0841,0.0837,0.0827,0.0821,-0.013,-0.1892,0.0047,0.0066,1.0139,-0.0477,1.5864,0.000226,-0.0,0.0
5.38,FLIGHT,0.966,1.5653,0.0825,0.0819,0.0811,0.0803,-0.013,-0.1892,0.0046,0.0065,1.013,-0.0478,1.5866,0.000226,-0.0,0.0
5.385,FLIGHT,0.9664,1.5657,0.081,0.0802,0.0796,0.0786,-0.013,-0.1892,0.0045,0.0063,1.0121,-0.048,1.5868,0.000226,-0.0,0.0
5.39,FLIGHT,0.9668,1.5661,0.0795,0.0785,0.0781,0.077,-0.0129,-0.1891,0.0045,0.0062,1.0112,-0.0482,1.587,0.000226,-0.0,0.0
5.395,FLIGHT,0.9671,1.5665,0.078,0.0768,0.0766,0.0754,-0.0129,-0.1891,0.0044,0.0061,1.0102,-0.0483,1.5872,0.000226,-0.0,0.0
5.4,FLIGHT,0.9675,1.5668,0.0765,0.0752,0.0752,0.0738,-0.0129,-0.1891,0.0043,0.0059,1.0093,-0.0485,1.5874,0.000225,-0.0,0.0
5.405,FLIGHT,0.9679,1.5672,0.075,0.0736,0.0737,0.0722,-0.0129,-0.189,0.0043,0.0058,1.0083,-0.0486,1.5875,0.000225,-0.0,0.0
5.41,FLIGHT,0.9683,1.5676,0.0736,0.0721,0.0723,0.0707,-0.0129,-0.189,0.0042,0.0057,1.0073,-0.0488,1.5877,0.000225,-0.0,0.0
5.415,FLIGHT,0.9686,1.5679,0.0722,0.0706,0.0709,0.0693,-0.0128,-0.189,0.0041,0.0056,1.0063,-0.0489,1.5879,0.000225,-0.0,0.0
5.42,FLIGHT,0.969,1.5682,0.0708,0.0691,0.0695,0.0678,-0.0128,-0.189,0.0041,0.0055,1.0053,-0.0491,1.588,0.000225,-0.0,0.0
5.425,FLIGHT,0.9693,1.5686,0.0694,0.0677,0.0682,0.0664,-0.0128,-0.1889,0.004,0.0053,1.0043,-0.0492,1.5882,0.000225,-0.0,0.0
5.43,FLIGHT,0.9696,1.5689,0.068,0.0663,0.0668,0.0651,-0.0128,-0.1889,0.0039,0.0052,1.0032,-0.0494,1.5884,0.000224,-0.0,0.0
5.435,FLIGHT,0.97,1.5692,0.0667,0.065,0.0655,0.0637,-0.0128,-0.1889,0.0039,0.0051,1.0022,-0.0495,1.5885,0.000224,-0.0,0.0
5.44,FLIGHT,0.9703,1.5695,0.0654,0.0636,0.0642,0.0624,-0.0127,-0.1889,0.0038,0.005,1.0011,-0.0497,1.5887,0.000224,-0.0,0.0
5.445,FLIGHT,0.9706,1.5699,0.0641,0.0623,0.063,0.0612,-0.0127,-0.1888,0.0037,0.0049,1.0,-0.0498,1.5888,0.000224,-0.0,0.0
5.45,STANCE,0.9738,1.5699,0.5575,-0.0448,1.6929,-0.8287,-0.0121,-0.1889,0.1114,-0.0109,0.9991,-0.053,-0.4475,-0.000851,-0.3971,0.0803
5.455,STANCE,0.9869,1.5607,2.0385,-1.3615,3.0141,-2.4262,-0.0084,-0.1898,0.5734,-0.1376,0.9979,-0.9006,-0.4822,-0.003269,-0.4973,0.1027
5.46,STANCE,0.9917,1.5571,1.1393,-0.7695,-0.1561,0.2895,-0.007,-0.1902,0.3226,-0.0752,0.9977,-0.8792,-1.2493,-0.00425,-0.0194,0.0081
5.465,STANCE,0.9904,1.5587,0.2066,-0.0558,-0.1067,0.0648,-0.0074,-0.19,0.0469,-0.0064,0.998,-0.8066,-2.0129,-0.004048,0.0769,0.004
5.47,STANCE,0.9918,1.5564,0.2923,-0.3895,0.6211,-1.4342,-0.0069,-0.1902,0.1093,-0.036,0.9982,-1.139,-2.1711,-0.00359,0.1279,0.0036
5.475,STANCE,0.9962,1.5451,0.7429,-1.6399,1.4686,-2.5182,-0.0045,-0.1912,0.3701,-0.1428,0.9983,-1.6278,-1.6826,-0.00299,-0.0485,0.0127
5.48,STANCE,1.004,1.5288,1.2724,-2.7251,1.2628,-3.0063,-0.0007,-0.1926,0.6295,-0.2234,0.9981,-2.1054,-1.0065,-0.003544,-0.0753,0.0186
5.485,STANCE,1.0084,1.5128,0.9826,-3.0089,0.4861,-3.3771,0.0024,-0.1939,0.62,-0.2346,0.9981,-2.0626,-0.5301,-0.003628,-0.0259,0.0088
5.49,STANCE,1.0093,1.4965,0.4201,-3.1362,-0.0603,-3.0631,0.0049,-0.1952,0.5338,-0.2373,0.9979,-1.7051,-0.0395,-0.004228,-0.1172,0.0277
5.495,STANCE,1.0074,1.4812,-0.1538,-3.0781,-0.7193,-3.156,0.0068,-0.1963,0.4163,-0.23,0.9979,-1.1586,0.3994,-0.004489,0.0191,0.0045
5.5,STANCE,1.0034,1.467,-0.6106,-2.9145,-1.0542,-3.0435,0.0081,-0.1974,0.3044,-0.2174,0.9978,-0.54,0.7772,-0.004662,-0.0534,0.0153
5.505,STANCE,0.9979,1.4519,-0.9357,-2.9649,-1.0909,-2.9912,0.0092,-0.1985,0.2486,-0.2206,0.9977,0.0464,1.1842,-0.005192,-0.1121,0.0276
5.51,STANCE,0.9934,1.4381,-0.8939,-2.7999,-0.6498,-2.4316,0.0103,-0.1996,0.2336,-0.2056,0.9978,0.385,1.3867,-0.005752,-0.1296,0.0317
5.515,STANCE,0.9919,1.4278,-0.4451,-2.2602,0.0623,-1.7652,0.0115,-0.2003,0.2448,-0.1607,0.9983,0.3163,1.2616,-0.006549,-0.1831,0.0432
5.52,STANCE,0.9935,1.4192,0.0928,-1.8885,0.4997,-1.7403,0.0131,-0.2009,0.299,-0.1259,0.9989,0.0972,1.1343,-0.007447,-0.1627,0.04
5.525,STANCE,0.9962,1.4101,0.4084,-1.8591,0.5646,-1.9003,0.015,-0.2014,0.3597,-0.1157,0.9995,-0.036,1.1454,-0.00809,-0.0915,0.0264
5.53,STANCE,0.9988,1.4006,0.4689,-1.8827,0.4416,-1.8643,0.017,-0.202,0.3772,-0.1121,1.0001,-0.0666,1.1786,-0.008361,-0.019,0.0122
5.535,STANCE,1.0007,1.3916,0.3975,-1.8205,0.3159,-1.7412,0.0187,-0.2025,0.3549,-0.1056,1.0006,-0.0427,1.1762,-0.008308,0.0369,0.0083
5.54,STANCE,1.0021,1.3831,0.3171,-1.7368,0.2616,-1.6742,0.0203,-0.203,0.3272,-0.0989,1.0012,-0.0141,1.164,-0.008019,0.0765,0.008
5.545,STANCE,1.0034,1.3748,0.2775,-1.6833,0.2601,-1.646,0.0218,-0.2035,0.3122,-0.0935,1.0017,-0.0014,1.1634,-0.007564,0.1039,0.0076
5.55,STANCE,1.0047,1.3666,0.2706,-1.6424,0.2722,-1.6026,0.0233,-0.2039,0.3056,-0.0885,1.0022,-0.002,1.1673,-0.006993,0.1232,0.007
5.555,STANCE,1.0061,1.3588,0.2746,-1.592,0.2784,-1.5425,0.0248,-0.2044,0.2997,-0.0828,1.0028,-0.0071,1.1669,-0.006339,0.1379,0.0063
5.56,STANCE,1.0075,1.3512,0.2769,-1.536,0.2769,-1.4869,0.0262,-0.2047,0.2924,-0.0771,1.0033,-0.0115,1.1634,-0.005619,0.1499,0.0056
5.565,FLIGHT,1.0088,1.3439,0.2748,-1.4844,0.2713,-1.441,0.0276,-0.2051,0.2849,-0.072,1.0038,-1.6319,2.764,-0.004844,0.1595,0.0048
5.57,FLIGHT,1.0053,1.3464,-0.5464,0.1644,-2.0533,3.029,0.0265,-0.2051,-0.1373,-0.0055,1.0051,-1.3258,2.5098,-0.003891,0.237,0.0039
5.575,FLIGHT,0.9909,1.3679,-2.1924,3.0494,-3.3581,4.8682,0.0203,-0.2042,-0.9098,0.1384,1.0073,-0.457,1.8148,-0.00252,0.2991,0.0025
5.58,FLIGHT,0.9747,1.3899,-2.8783,3.8884,-2.9612,3.684,0.0137,-0.2031,-1.1645,0.2163,1.0093,0.0141,1.4461,-0.001035,0.2843,0.001
5.585,FLIGHT,0.9621,1.4041,-2.5826,3.0834,-2.0854,2.0833,0.009,-0.2022,-0.9767,0.1916,1.0108,0.0176,1.4582,0.00025,0.2172,0.0
5.59,FLIGHT,0.9533,1.4122,-1.9998,2.0657,-1.5223,1.345,0.006,-0.2017,-0.7053,0.1371,1.012,-0.1304,1.589,0.001087,0.1235,0.0
5.595,FLIGHT,0.9462,1.4187,-1.5912,1.5461,-1.3386,1.3141,0.0037,-0.2013,-0.5447,0.1088,1.0132,-0.2094,1.6581,0.001538,0.0611,0.0
5.6,FLIGHT,0.9397,1.4256,-1.4003,1.4423,-1.2882,1.4372,0.0014,-0.2008,-0.4891,0.1079,1.0143,-0.1931,1.6474,0.001735,0.021,0.0
5.605,FLIGHT,0.9334,1.4328,-1.2927,1.4407,-1.1977,1.4185,-0.0009,-0.2002,-0.465,0.1137,1.0155,-0.1433,1.6101,0.001773,-0.004,0.0008
5.61,FLIGHT,0.9278,1.4396,-1.1704,1.3704,-1.0455,1.2696,-0.003,-0.1997,-0.4285,0.1129,1.0166,-0.1079,1.5854,0.001712,-0.0189,0.0038
5.615,FLIGHT,0.923,1.4455,-1.0196,1.2344,-0.8791,1.102,-0.0048,-0.1992,-0.3775,0.1053,1.0176,-0.0944,1.5789,0.001595,-0.027,0.0054
5.62,FLIGHT,0.919,1.4507,-0.8662,1.0936,-0.7351,0.9794,-0.0063,-0.1987,-0.3258,0.0959,1.0186,-0.0908,1.58,0.00145,-0.0305,0.0061
5.625,FLIGHT,0.9156,1.4554,-0.7305,0.9838,-0.6188,0.9009,-0.0077,-0.1983,-0.2824,0.088,1.0195,-0.0865,1.5798,0.001295,-0.031,0.0062
5.63,FLIGHT,0.9127,1.4597,-0.6154,0.9041,-0.5201,0.8421,-0.0088,-0.1979,-0.2477,0.0821,1.0204,-0.0792,1.5768,0.001143,-0.0298,0.006
5.635,FLIGHT,0.9104,1.4638,-0.5152,0.8403,-0.4304,0.7868,-0.0099,-0.1976,-0.2183,0.0771,1.0212,-0.0712,1.5729,0.000999,-0.0275,0.0055
5.64,FLIGHT,0.9084,1.4676,-0.4246,0.7826,-0.347,0.7326,-0.0108,-0.1972,-0.1919,0.0723,1.022,-0.0643,1.5697,0.000868,-0.0248,0.005
5.645,FLIGHT,0.9069,1.4711,-0.3418,0.7289,-0.2712,0.683,-0.0116,-0.1969,-0.1677,0.0675,1.0228,-0.0591,1.5677,0.000752,-0.0218,0.0044
5.65,FLIGHT,0.9057,1.4744,-0.2671,0.6806,-0.2039,0.6401,-0.0123,-0.1966,-0.146,0.063,1.0236,-0.055,1.5664,0.000651,-0.0187,0.0037
5.655,FLIGHT,0.9048,1.4775,-0.2007,0.6384,-0.1449,0.6034,-0.0129,-0.1963,-0.1269,0.059,1.0243,-0.0516,1.5653,0.000564,-0.0158,0.0032
5.66,FLIGHT,0.9042,1.4805,-0.1422,0.6019,-0.0931,0.5714,-0.0134,-0.196,-0.1101,0.0554,1.025,-0.0485,1.5644,0.000492,-0.0131,0.0026
5.665,FLIGHT,0.9039,1.4833,-0.0907,0.5699,-0.0476,0.5429,-0.0138,-0.1958,-0.0955,0.0521,1.0256,-0.0459,1.5637,0.000433,-0.0106,0.0021
5.67,FLIGHT,0.9038,1.4859,-0.0455,0.5413,-0.0076,0.5171,-0.0142,-0.1956,-0.0826,0.0492,1.0262,-0.0436,1.5631,0.000386,-0.0084,0.0017
5.675,FLIGHT,0.9038,1.4884,-0.0059,0.5156,0.0273,0.4938,-0.0145,-0.1953,-0.0712,0.0465,1.0268,-0.0417,1.5628,0.000348,-0.0066,0.0013
5.68,FLIGHT,0.904,1.4908,0.0287,0.4924,0.0576,0.4727,-0.0148,-0.1951,-0.0612,0.044,1.0274,-0.0402,1.5626,0.000319,-0.0051,0.001
5.685,FLIGHT,0.9044,1.4932,0.0588,0.4715,0.0838,0.4537,-0.0151,-0.1949,-0.0525,0.0418,1.0279,-0.039,1.5625,0.000296,-0.0039,0.0008
5.69,FLIGHT,0.9049,1.4954,0.0847,0.4525,0.1062,0.4363,-0.0153,-0.1947,-0.0448,0.0398,1.0284,-0.0379,1.5625,0.000279,-0.003,0.0006
5.695,FLIGHT,0.9054,1.4975,0.107,0.4352,0.1254,0.4204,-0.0155,-0.1945,-0.0381,0.0379,1.0289,-0.0371,1.5626,0.000266,-0.0022,0.0004
5.7,FLIGHT,0.9061,1.4996,0.1261,0.4194,0.1418,0.4057,-0.0156,-0.1944,-0.0322,0.0363,1.0294,-0.0364,1.5628,0.000257,-0.0016,0.0003
5.705,FLIGHT,0.9068,1.5016,0.1422,0.4047,0.1555,0.3921,-0.0157,-0.1942,-0.027,0.0347,1.0298,-0.0359,1.563,0.00025,-0.0011,0.0002
5.71,FLIGHT,0.9077,1.5035,0.1559,0.3912,0.167,0.3794,-0.0158,-0.194,-0.0225,0.0333,1.0302,-0.0355,1.5633,0.000246,-0.0008,0.0002
5.715,FLIGHT,0.9085,1.5054,0.1673,0.3785,0.1766,0.3676,-0.0159,-0.1939,-0.0186,0.032,1.0306,-0.0352,1.5637,0.000243,-0.0005,0.0001
5.72,FLIGHT,0.9094,1.5072,0.1767,0.3667,0.1843,0.3565,-0.016,-0.1937,-0.0152,0.0308,1.031,-0.0351,1.564,0.000241,-0.0003,0.0001
5.725,FLIGHT,0.9104,1.5089,0.1844,0.3557,0.1906,0.346,-0.016,-0.1936,-0.0122,0.0297,1.0313,-0.035,1.5644,0.00024,-0.0001,0.0
5.73,FLIGHT,0.9113,1.5107,0.1906,0.3452,0.1955,0.3361,-0.0161,-0.1934,-0.0096,0.0287,1.0316,-0.0349,1.5649,0.000239,-0.0,0.0
5.735,FLIGHT,0.9123,1.5123,0.1954,0.3354,0.1992,0.3268,-0.0161,-0.1933,-0.0073,0.0277,1.0319,-0.0349,1.5653,0.000239,0.0,0.0
5.74,FLIGHT,0.9133,1.5139,0.1991,0.326,0.202,0.3179,-0.0161,-0.1932,-0.0054,0.0268,1.0321,-0.035,1.5657,0.000239,0.0001,0.0
5.745,FLIGHT,0.9143,1.5155,0.2018,0.3171,0.2039,0.3094,-0.0162,-0.193,-0.0037,0.026,1.0323,-0.0351,1.5662,0.00024,0.0001,0.0
5.75,FLIGHT,0.9154,1.517,0.2037,0.3087,0.205,0.3012,-0.0162,-0.1929,-0.0022,0.0252,1.0325,-0.0353,1.5667,0.00024,0.0001,0.0
5.755,FLIGHT,0.9164,1.5185,0.2048,0.3006,0.2054,0.2935,-0.0162,-0.1928,-0.0009,0.0244,1.0327,-0.0355,1.5671,0.000241,0.0001,0.0
5.76,FLIGHT,0.9174,1.52,0.2052,0.2928,0.2054,0.286,-0.0162,-0.1927,0.0002,0.0237,1.0329,-0.0357,1.5676,0.000241,0.0001,0.0
5.765,FLIGHT,0.9184,1.5214,0.2051,0.2854,0.2048,0.2788,-0.0162,-0.1926,0.0012,0.0231,1.033,-0.0359,1.5681,0.000242,0.0001,0.0
5.77,FLIGHT,0.9195,1.5227,0.2045,0.2782,0.2038,0.2719,-0.0161,-0.1924,0.002,0.0224,1.0331,-0.0361,1.5686,0.000242,0.0001,0.0
5.775,FLIGHT,0.9205,1.5241,0.2035,0.2713,0.2025,0.2652,-0.0161,-0.1923,0.0027,0.0218,1.0332,-0.0364,1.569,0.000242,0.0001,0.0
5.78,FLIGHT,0.9215,1.5254,0.2022,0.2646,0.2009,0.2588,-0.0161,-0.1922,0.0034,0.0212,1.0333,-0.0367,1.5695,0.000243,0.0,0.0
5.785,FLIGHT,0.9225,1.5267,0.2006,0.2582,0.199,0.2525,-0.0161,-0.1921,0.0039,0.0207,1.0333,-0.0369,1.57,0.000243,0.0,0.0
5.79,FLIGHT,0.9235,1.5279,0.1987,0.252,0.1969,0.2465,-0.0161,-0.192,0.0044,0.0202,1.0333,-0.0372,1.5705,0.000243,0.0,0.0
5.795,FLIGHT,0.9244,1.5291,0.1966,0.246,0.1947,0.2407,-0.016,-0.1919,0.0047,0.0196,1.0333,-0.0375,1.5709,0.000243,0.0,0.0
5.8,FLIGHT,0.9254,1.5303,0.1943,0.2401,0.1923,0.235,-0.016,-0.1918,0.0051,0.0191,1.0333,-0.0378,1.5714,0.000243,-0.0,0.0
5.805,FLIGHT,0.9264,1.5315,0.192,0.2345,0.1898,0.2295,-0.016,-0.1917,0.0054,0.0187,1.0332,-0.0381,1.5718,0.000243,-0.0,0.0
5.81,FLIGHT,0.9273,1.5326,0.1895,0.229,0.1872,0.2241,-0.016,-0.1917,0.0056,0.0182,1.0331,-0.0384,1.5723,0.000243,-0.0,0.0
5.815,FLIGHT,0.9282,1.5337,0.1869,0.2236,0.1845,0.2189,-0.0159,-0.1916,0.0058,0.0178,1.033,-0.0387,1.5727,0.000243,-0.0,0.0
5.82,FLIGHT,0.9292,1.5348,0.1842,0.2185,0.1818,0.2139,-0.0159,-0.1915,0.006,0.0173,1.0329,-0.039,1.5731,0.000242,-0.0,0.0
5.825,FLIGHT,0.9301,1.5359,0.1815,0.2134,0.179,0.2089,-0.0159,-0.1914,0.0061,0.0169,1.0327,-0.0393,1.5736,0.000242,-0.0,0.0
5.83,FLIGHT,0.9309,1.5369,0.1787,0.2085,0.1762,0.2042,-0.0158,-0.1913,0.0063,0.0165,1.0326,-0.0396,1.574,0.000242,-0.0001,0.0
5.835,FLIGHT,0.9318,1.5379,0.1759,0.2037,0.1734,0.1995,-0.0158,-0.1912,0.0063,0.0161,1.0324,-0.0399,1.5744,0.000242,-0.0001,0.0
5.84,FLIGHT,0.9327,1.5389,0.1731,0.1991,0.1706,0.1949,-0.0158,-0.1912,0.0064,0.0158,1.0322,-0.0402,1.5748,0.000241,-0.0001,0.0
5.845,FLIGHT,0.9335,1.5399,0.1703,0.1945,0.1678,0.1905,-0.0157,-0.1911,0.0065,0.0154,1.0319,-0.0405,1.5752,0.000241,-0.0001,0.0
5.85,FLIGHT,0.9344,1.5408,0.1675,0.1901,0.165,0.1862,-0.0157,-0.191,0.0065,0.015,1.0317,-0.0408,1.5756,0.000241,-0.0001,0.0
5.855,FLIGHT,0.9352,1.5417,0.1647,0.1858,0.1622,0.182,-0.0157,-0.1909,0.0066,0.0147,1.0314,-0.0411,1.5759,0.00024,-0.0001,0.0
5.86,FLIGHT,0.936,1.5426,0.1619,0.1816,0.1595,0.1779,-0.0156,-0.1909,0.0066,0.0143,1.0311,-0.0413,1.5763,0.00024,-0.0001,0.0
5.865,FLIGHT,0.9368,1.5435,0.1592,0.1775,0.1567,0.1739,-0.0156,-0.1908,0.0066,0.014,1.0308,-0.0416,1.5767,0.00024,-0.0001,0.0
5.87,FLIGHT,0.9375,1.5444,0.1564,0.1735,0.154,0.17,-0.0156,-0.1907,0.0066,0.0137,1.0304,-0.0419,1.577,0.000239,-0.0001,0.0
5.875,FLIGHT,0.9383,1.5452,0.1537,0.1696,0.1513,0.1662,-0.0155,-0.1907,0.0066,0.0134,1.0301,-0.0422,1.5774,0.000239,-0.0001,0.0
5.88,FLIGHT,0.9391,1.546,0.151,0.1658,0.1487,0.1625,-0.0155,-0.1906,0.0066,0.0131,1.0297,-0.0424,1.5777,0.000238,-0.0001,0.0
5.885,FLIGHT,0.9398,1.5468,0.1484,0.1621,0.146,0.1588,-0.0155,-0.1905,0.0066,0.0128,1.0293,-0.0427,1.5781,0.000238,-0.0001,0.0
5.89,FLIGHT,0.9405,1.5476,0.1458,0.1585,0.1435,0.1553,-0.0154,-0.1905,0.0065,0.0125,1.0289,-0.0429,1.5784,0.000238,-0.0001,0.0
5.895,FLIGHT,0.9412,1.5484,0.1432,0.155,0.1409,0.1518,-0.0154,-0.1904,0.0065,0.0122,1.0284,-0.0432,1.5787,0.000237,-0.0001,0.0
5.9,FLIGHT,0.9419,1.5491,0.1407,0.1515,0.1384,0.1485,-0.0154,-0.1903,0.0065,0.0119,1.028,-0.0434,1.5791,0.000237,-0.0001,0.0
5.905,FLIGHT,0.9426,1.5499,0.1382,0.1482,0.1359,0.1452,-0.0153,-0.1903,0.0065,0.0117,1.0275,-0.0437,1.5794,0.000237,-0.0001,0.0
5.91,FLIGHT,0.9433,1.5506,0.1357,0.1449,0.1335,0.142,-0.0153,-0.1902,0.0064,0.0114,1.027,-0.0439,1.5797,0.000236,-0.0001,0.0
5.915,FLIGHT,0.9439,1.5513,0.1333,0.1417,0.1311,0.1388,-0.0153,-0.1902,0.0064,0.0111,1.0265,-0.0442,1.58,0.000236,-0.0001,0.0
5.92,FLIGHT,0.9446,1.552,0.1309,0.1385,0.1287,0.1358,-0.0152,-0.1901,0.0063,0.0109,1.0259,-0.0444,1.5803,0.000236,-0.0001,0.0
5.925,FLIGHT,0.9452,1.5526,0.1285,0.1355,0.1264,0.1328,-0.0152,-0.1901,0.0063,0.0107,1.0254,-0.0446,1.5806,0.000235,-0.0001,0.0
5.93,FLIGHT,0.9459,1.5533,0.1262,0.1325,0.1241,0.1299,-0.0152,-0.19,0.0062,0.0104,1.0248,-0.0449,1.5809,0.000235,-0.0001,0.0
5.935,FLIGHT,0.9465,1.5539,0.1239,0.1296,0.1219,0.127,-0.0152,-0.19,0.0062,0.0102,1.0242,-0.0451,1.5811,0.000235,-0.0001,0.0
5.94,FLIGHT,0.9471,1.5546,0.1217,0.1268,0.1197,0.1242,-0.0151,-0.1899,0.0061,0.01,1.0236,-0.0453,1.5814,0.000234,-0.0001,0.0
5.945,FLIGHT,0.9477,1.5552,0.1195,0.124,0.1175,0.1215,-0.0151,-0.1899,0.0061,0.0097,1.023,-0.0455,1.5817,0.000234,-0.0001,0.0
5.95,FLIGHT,0.9483,1.5558,0.1173,0.1213,0.1154,0.1189,-0.0151,-0.1898,0.006,0.0095,1.0223,-0.0457,1.5819,0.000234,-0.0001,0.0
5.955,FLIGHT,0.9488,1.5564,0.1152,0.1186,0.1133,0.1163,-0.015,-0.1898,0.006,0.0093,1.0216,-0.046,1.5822,0.000233,-0.0001,0.0
5.96,FLIGHT,0.9494,1.5569,0.1131,0.1161,0.1112,0.1138,-0.015,-0.1897,0.0059,0.0091,1.021,-0.0462,1.5825,0.000233,-0.0001,0.0
5.965,FLIGHT,0.9499,1.5575,0.111,0.1135,0.1092,0.1113,-0.015,-0.1897,0.0059,0.0089,1.0203,-0.0464,1.5827,0.000233,-0.0001,0.0
5.97,FLIGHT,0.9505,1.5581,0.109,0.1111,0.1072,0.1089,-0.0149,-0.1896,0.0058,0.0087,1.0195,-0.0466,1.583,0.000233,-0.0001,0.0
5.975,FLIGHT,0.951,1.5586,0.107,0.1087,0.1053,0.1065,-0.0149,-0.1896,0.0057,0.0085,1.0188,-0.0468,1.5832,0.000232,-0.0001,0.0
5.98,FLIGHT,0.9515,1.5591,0.1051,0.1063,0.1033,0.1042,-0.0149,-0.1896,0.0057,0.0083,1.018,-0.047,1.5834,0.000232,-0.0001,0.0
5.985,FLIGHT,0.952,1.5596,0.1031,0.104,0.1014,0.102,-0.0149,-0.1895,0.0056,0.0081,1.0173,-0.0472,1.5837,0.000232,-0.0001,0.0
5.99,FLIGHT,0.9525,1.5601,0.1013,0.1018,0.0996,0.0998,-0.0148,-0.1895,0.0056,0.008,1.0165,-0.0474,1.5839,0.000231,-0.0,0.0
5.995,FLIGHT,0.953,1.5606,0.0994,0.0996,0.0978,0.0977,-0.0148,-0.1894,0.0055,0.0078,1.0157,-0.0475,1.5841,0.000231,-0.0,0.0
6.0,FLIGHT,0.9535,1.5611,0.0976,0.0975,0.096,0.0956,-0.0148,-0.1894,0.0054,0.0076,1.0149,-0.0477,1.5843,0.000231,-0.0,0.0
6.005,FLIGHT,0.954,1.5616,0.0958,0.0954,0.0942,0.0936,-0.0148,-0.1894,0.0054,0.0075,1.014,-0.0479,1.5846,0.000231,-0.0,0.0
6.01,FLIGHT,0.9545,1.5621,0.094,0.0934,0.0924,0.0916,-0.0147,-0.1893,0.0053,0.0073,1.0132,-0.0481,1.5848,0.000231,-0.0,0.0
6.015,FLIGHT,0.9549,1.5625,0.0923,0.0914,0.0907,0.0896,-0.0147,-0.1893,0.0052,0.0071,1.0123,-0.0483,1.585,0.00023,-0.0,0.0
6.02,FLIGHT,0.9554,1.563,0.0906,0.0895,0.0891,0.0877,-0.0147,-0.1893,0.0052,0.007,1.0114,-0.0485,1.5852,0.00023,-0.0,0.0
6.025,FLIGHT,0.9558,1.5634,0.0889,0.0876,0.0874,0.0859,-0.0147,-0.1892,0.0051,0.0068,1.0105,-0.0486,1.5854,0.00023,-0.0,0.0
6.03,FLIGHT,0.9563,1.5638,0.0872,0.0857,0.0858,0.0841,-0.0146,-0.1892,0.005,0.0067,1.0096,-0.0488,1.5856,0.00023,-0.0,0.0
6.035,FLIGHT,0.9567,1.5642,0.0856,0.0839,0.0842,0.0823,-0.0146,-0.1892,0.005,0.0066,1.0086,-0.049,1.5858,0.00023,-0.0,0.0
6.04,FLIGHT,0.9571,1.5646,0.084,0.0822,0.0826,0.0806,-0.0146,-0.1891,0.0049,0.0064,1.0077,-0.0491,1.586,0.000229,-0.0,0.0
6.045,FLIGHT,0.9575,1.565,0.0824,0.0804,0.081,0.0789,-0.0146,-0.1891,0.0048,0.0063,1.0067,-0.0493,1.5862,0.000229,-0.0,0.0
6.05,FLIGHT,0.9579,1.5654,0.0809,0.0788,0.0795,0.0773,-0.0145,-0.1891,0.0048,0.0062,1.0058,-0.0495,1.5863,0.000229,-0.0,0.0
6.055,FLIGHT,0.9583,1.5658,0.0794,0.0771,0.078,0.0757,-0.0145,-0.189,0.0047,0.006,1.0048,-0.0496,1.5865,0.000229,-0.0,0.0
6.06,FLIGHT,0.9587,1.5662,0.0779,0.0755,0.0765,0.0741,-0.0145,-0.189,0.0046,0.0059,1.0038,-0.0498,1.5867,0.000229,-0.0,0.0
6.065,FLIGHT,0.9591,1.5665,0.0764,0.074,0.0751,0.0726,-0.0145,-0.189,0.0045,0.0058,1.0027,-0.0499,1.5869,0.000229,-0.0,0.0
6.07,FLIGHT,0.9594,1.5669,0.0749,0.0724,0.0736,0.0711,-0.0144,-0.189,0.0045,0.0057,1.0017,-0.0501,1.5871,0.000228,-0.0,0.0
6.075,FLIGHT,0.9598,1.5673,0.0735,0.071,0.0722,0.0696,-0.0144,-0.1889,0.0044,0.0055,1.0006,-0.0502,1.5872,0.000228,-0.0,0.0
6.08,STANCE,0.9606,1.5679,0.1557,0.1124,0.6938,-0.0331,-0.0143,-0.1889,0.0144,0.0082,0.9997,0.17,-0.2675,-3.2e-05,-0.2334,0.0467
6.085,STANCE,0.9699,1.5624,1.4338,-0.8256,2.8487,-2.1147,-0.0118,-0.1895,0.3834,-0.0921,0.9985,-0.4819,-0.4896,-0.002024,-0.5068,0.1034
6.09,STANCE,0.9818,1.5527,1.9019,-1.4498,0.7027,-0.6049,-0.0083,-0.1905,0.5612,-0.1435,0.9977,-1.0065,-0.7688,-0.004089,-0.1701,0.0381
6.095,STANCE,0.9816,1.553,0.5433,-0.3856,-0.3072,0.2701,-0.0083,-0.1905,0.1564,-0.0385,0.9978,-0.7711,-1.7107,-0.004333,0.0283,0.0043
6.1,STANCE,0.9812,1.5527,0.1518,-0.2152,0.2345,-0.517,-0.0084,-0.1905,0.0584,-0.0203,0.9981,-0.9012,-2.1637,-0.004031,0.0825,0.004
6.105,STANCE,0.9838,1.5445,0.4414,-1.3062,0.815,-2.0641,-0.0067,-0.1912,0.2647,-0.1162,0.9981,-1.3173,-1.8568,-0.003407,0.1039,0.0034
6.11,STANCE,0.9916,1.5312,1.2854,-2.3233,2.2535,-3.4356,-0.0034,-0.1924,0.5722,-0.199,0.9982,-1.9488,-1.3085,-0.003402,-0.0814,0.0197
6.115,STANCE,1.0015,1.512,1.6986,-3.2994,1.4686,-3.0647,0.0012,-0.194,0.7988,-0.2608,0.9981,-2.3332,-0.5425,-0.003535,0.0035,0.0035
6.12,STANCE,1.0062,1.4986,1.1164,-2.87,0.3628,-2.525,0.004,-0.195,0.63,-0.2167,0.9983,-2.0565,-0.3095,-0.003407,0.0526,0.0034
6.125,STANCE,1.0056,1.486,0.2475,-2.6117,-0.6712,-3.0189,0.0057,-0.196,0.4261,-0.1953,0.9986,-1.4473,0.0235,-0.003176,0.0941,0.0032
6.13,STANCE,1.0018,1.4718,-0.4635,-2.7726,-0.9802,-3.0627,0.007,-0.1971,0.3116,-0.208,0.9987,-0.7619,0.5408,-0.003173,-0.0254,0.0082
6.135,STANCE,0.9965,1.4562,-0.8681,-3.0341,-1.0599,-3.1021,0.0083,-0.1982,0.2712,-0.2266,0.9986,-0.1446,1.0685,-0.003459,-0.0856,0.0206
6.14,STANCE,0.9915,1.4411,-0.9553,-3.0048,-0.8635,-2.7441,0.0095,-0.1994,0.2507,-0.222,0.9988,0.2984,1.3843,-0.003785,-0.0709,0.018
6.145,STANCE,0.9887,1.4296,-0.6403,-2.4727,-0.1958,-1.8831,0.0106,-0.2002,0.2364,-0.1788,0.9993,0.3949,1.3377,-0.004314,-0.1419,0.0327
6.15,STANCE,0.9894,1.4211,-0.0855,-1.9426,0.3991,-1.6553,0.012,-0.2008,0.2705,-0.1335,1.0001,0.1787,1.1512,-0.005111,-0.1615,0.0374
6.155,STANCE,0.992,1.4123,0.3392,-1.8305,0.5963,-1.8632,0.0138,-0.2013,0.3407,-0.1171,1.0008,0.0022,1.1284,-0.005803,-0.1083,0.0275
6.16,STANCE,0.9949,1.4028,0.4895,-1.882,0.5165,-1.902,0.0158,-0.2019,0.3805,-0.114,1.0015,-0.065,1.1728,-0.006168,-0.0385,0.0139
6.165,STANCE,0.9971,1.3936,0.4489,-1.8465,0.3717,-1.7725,0.0177,-0.2025,0.3685,-0.1083,1.0022,-0.0543,1.1816,-0.00621,0.0189,0.0062
6.17,STANCE,0.9987,1.385,0.3591,-1.7546,0.2875,-1.6782,0.0193,-0.203,0.3378,-0.1008,1.0029,-0.0224,1.1663,-0.006006,0.0603,0.006
6.175,STANCE,1.0001,1.3767,0.3018,-1.69,0.2711,-1.649,0.0208,-0.2035,0.3176,-0.095,1.0036,-0.0029,1.1612,-0.005629,0.0887,0.0056
6.18,STANCE,1.0014,1.3685,0.2849,-1.651,0.2816,-1.6164,0.0224,-0.2039,0.3093,-0.0902,1.0042,0.0004,1.166,-0.005134,0.1079,0.0051
6.185,FLIGHT,1.0016,1.3632,0.0393,-1.1067,-0.9794,0.9652,0.0232,-0.2042,0.1768,-0.0629,1.0052,-1.6094,2.7483,-0.004523,0.1575,0.0045
6.19,FLIGHT,0.9905,1.3789,-1.6064,1.967,-3.133,4.5892,0.0185,-0.2035,-0.6237,0.0916,1.0074,-0.8133,2.1002,-0.003479,0.2529,0.0035
6.195,FLIGHT,0.9737,1.4023,-2.7955,3.7719,-3.3157,4.3079,0.0116,-0.2022,-1.1246,0.223,1.0097,-0.1245,1.5486,-0.002125,0.2754,0.0021
6.2,FLIGHT,0.959,1.4196,-2.84,3.4589,-2.5024,2.5998,0.0061,-0.2012,-1.0764,0.2332,1.0116,0.0406,1.4293,-0.000829,0.2375,0.0008
6.205,FLIGHT,0.9485,1.4293,-2.3034,2.3701,-1.7747,1.4494,0.0026,-0.2005,-0.8044,0.1727,1.0131,-0.0803,1.5421,0.000226,0.177,0.0
6.21,FLIGHT,0.9406,1.4356,-1.8008,1.6097,-1.4555,1.1866,0.0001,-0.2,-0.5911,0.1245,1.0144,-0.1988,1.6465,0.000909,0.1009,0.0
6.215,FLIGHT,0.9335,1.4418,-1.531,1.3649,-1.3755,1.2998,-0.0022,-0.1995,-0.4998,0.1116,1.0157,-0.2162,1.6639,0.001278,0.05,0.0
6.22,FLIGHT,0.9268,1.4485,-1.4027,1.3505,-1.3088,1.3517,-0.0045,-0.199,-0.47,0.116,1.0171,-0.1729,1.6311,0.00144,0.0172,0.0
6.225,FLIGHT,0.9206,1.4551,-1.2901,1.3159,-1.1765,1.246,-0.0066,-0.1984,-0.4405,0.1178,1.0183,-0.1288,1.5986,0.00147,-0.0034,0.0007
6.23,FLIGHT,0.9151,1.4609,-1.1475,1.2016,-1.009,1.0761,-0.0085,-0.1979,-0.3945,0.1114,1.0196,-0.1069,1.5851,0.001419,-0.0157,0.0031
6.235,FLIGHT,0.9105,1.4659,-0.9906,1.0575,-0.8522,0.9332,-0.0101,-0.1974,-0.342,0.1009,1.0207,-0.1005,1.584,0.001323,-0.0223,0.0045
6.24,FLIGHT,0.9065,1.4703,-0.8448,0.9343,-0.7235,0.8398,-0.0115,-0.197,-0.2951,0.0911,1.0218,-0.0968,1.5847,0.001203,-0.0251,0.005
6.245,FLIGHT,0.9032,1.4743,-0.7199,0.8446,-0.6171,0.7765,-0.0127,-0.1966,-0.2574,0.0836,1.0229,-0.0905,1.5825,0.001076,-0.0255,0.0051
6.25,FLIGHT,0.9004,1.4781,-0.6127,0.777,-0.5226,0.7221,-0.0138,-0.1962,-0.2263,0.0776,1.0239,-0.0824,1.5785,0.000951,-0.0244,0.0049
6.255,FLIGHT,0.898,1.4815,-0.517,0.7188,-0.4353,0.6689,-0.0147,-0.1959,-0.199,0.0722,1.0249,-0.0748,1.5747,0.000833,-0.0225,0.0045
6.26,FLIGHT,0.896,1.4847,-0.4296,0.6649,-0.3549,0.6187,-0.0156,-0.1955,-0.1742,0.0669,1.0259,-0.0688,1.5721,0.000726,-0.0201,0.004
6.265,FLIGHT,0.8944,1.4877,-0.3502,0.6159,-0.2828,0.5746,-0.0163,-0.1952,-0.1516,0.0618,1.0268,-0.0642,1.5704,0.000632,-0.0176,0.0035
6.27,FLIGHT,0.8931,1.4905,-0.2791,0.5729,-0.2192,0.5372,-0.0169,-0.195,-0.1316,0.0572,1.0277,-0.0604,1.5691,0.000551,-0.015,0.003
6.275,FLIGHT,0.8922,1.4931,-0.2162,0.5358,-0.1634,0.5051,-0.0174,-0.1947,-0.1141,0.0532,1.0285,-0.0571,1.568,0.000482,-0.0125,0.0025
6.28,FLIGHT,0.8915,1.4956,-0.1608,0.5038,-0.1142,0.4769,-0.0179,-0.1945,-0.0989,0.0495,1.0293,-0.0542,1.567,0.000426,-0.0102,0.002
6.285,FLIGHT,0.891,1.4979,-0.1119,0.4755,-0.0709,0.4517,-0.0183,-0.1943,-0.0854,0.0463,1.0301,-0.0517,1.5662,0.00038,-0.0082,0.0016
6.29,FLIGHT,0.8908,1.5001,-0.0689,0.4504,-0.0329,0.4291,-0.0186,-0.194,-0.0736,0.0433,1.0309,-0.0495,1.5656,0.000343,-0.0065,0.0013
6.295,FLIGHT,0.8907,1.5022,-0.0313,0.4279,0.0003,0.4088,-0.0189,-0.1938,-0.0632,0.0406,1.0316,-0.0478,1.5652,0.000315,-0.005,0.001
6.3,FLIGHT,0.8908,1.5042,0.0016,0.4077,0.0291,0.3906,-0.0192,-0.1937,-0.054,0.0382,1.0323,-0.0463,1.565,0.000293,-0.0039,0.0008
6.305,FLIGHT,0.891,1.5061,0.0302,0.3896,0.054,0.3742,-0.0194,-0.1935,-0.046,0.0361,1.033,-0.0451,1.5648,0.000276,-0.0029,0.0006
6.31,FLIGHT,0.8913,1.5079,0.055,0.3733,0.0755,0.3593,-0.0196,-0.1933,-0.039,0.0341,1.0336,-0.0441,1.5647,0.000263,-0.0022,0.0004
6.315,FLIGHT,0.8917,1.5097,0.0763,0.3584,0.0939,0.3457,-0.0197,-0.1932,-0.0329,0.0323,1.0343,-0.0433,1.5648,0.000254,-0.0016,0.0003
6.32,FLIGHT,0.8922,1.5114,0.0946,0.3448,0.1097,0.3331,-0.0199,-0.193,-0.0275,0.0307,1.0348,-0.0426,1.5648,0.000247,-0.0011,0.0002
6.325,FLIGHT,0.8928,1.513,0.1101,0.3323,0.123,0.3215,-0.02,-0.1929,-0.0228,0.0293,1.0354,-0.0421,1.565,0.000243,-0.0008,0.0002
6.33,FLIGHT,0.8935,1.5146,0.1233,0.3207,0.1342,0.3108,-0.0201,-0.1927,-0.0187,0.028,1.0359,-0.0417,1.5652,0.00024,-0.0005,0.0001
6.335,FLIGHT,0.8942,1.5161,0.1345,0.3101,0.1436,0.3008,-0.0201,-0.1926,-0.0152,0.0267,1.0365,-0.0414,1.5654,0.000238,-0.0003,0.0001
6.34,FLIGHT,0.8949,1.5176,0.1437,0.3001,0.1513,0.2915,-0.0202,-0.1925,-0.0121,0.0256,1.0369,-0.0412,1.5657,0.000237,-0.0001,0.0
6.345,FLIGHT,0.8957,1.519,0.1514,0.2908,0.1576,0.2827,-0.0202,-0.1924,-0.0094,0.0246,1.0374,-0.041,1.566,0.000236,-0.0,0.0
6.35,FLIGHT,0.8965,1.5204,0.1577,0.282,0.1627,0.2744,-0.0203,-0.1922,-0.007,0.0237,1.0378,-0.0409,1.5663,0.000236,0.0,0.0
6.355,FLIGHT,0.8973,1.5218,0.1627,0.2738,0.1667,0.2666,-0.0203,-0.1921,-0.0049,0.0228,1.0382,-0.0409,1.5666,0.000237,0.0001,0.0
6.36,FLIGHT,0.8981,1.5231,0.1667,0.266,0.1698,0.2592,-0.0203,-0.192,-0.0032,0.022,1.0386,-0.0409,1.567,0.000237,0.0001,0.0
6.365,FLIGHT,0.899,1.5244,0.1697,0.2586,0.172,0.2522,-0.0203,-0.1919,-0.0016,0.0212,1.0389,-0.041,1.5673,0.000238,0.0001,0.0
6.37,FLIGHT,0.8999,1.5256,0.1719,0.2516,0.1736,0.2454,-0.0203,-0.1918,-0.0003,0.0205,1.0393,-0.0411,1.5677,0.000238,0.0001,0.0
6.375,FLIGHT,0.9007,1.5268,0.1735,0.2449,0.1746,0.239,-0.0203,-0.1917,0.0009,0.0199,1.0396,-0.0412,1.5681,0.000239,0.0001,0.0
6.38,FLIGHT,0.9016,1.528,0.1744,0.2385,0.175,0.2329,-0.0203,-0.1916,0.0019,0.0193,1.0399,-0.0413,1.5685,0.00024,0.0001,0.0
6.385,FLIGHT,0.9025,1.5292,0.1748,0.2324,0.175,0.227,-0.0203,-0.1915,0.0028,0.0187,1.0401,-0.0415,1.5688,0.00024,0.0001,0.0
6.39,FLIGHT,0.9034,1.5303,0.1748,0.2265,0.1746,0.2213,-0.0202,-0.1914,0.0036,0.0181,1.0403,-0.0417,1.5692,0.000241,0.0001,0.0
6.395,FLIGHT,0.9042,1.5314,0.1744,0.2208,0.1739,0.2158,-0.0202,-0.1914,0.0042,0.0176,1.0405,-0.0418,1.5696,0.000241,0.0001,0.0
6.4,FLIGHT,0.9051,1.5324,0.1736,0.2154,0.1729,0.2106,-0.0202,-0.1913,0.0048,0.0171,1.0407,-0.042,1.57,0.000242,0.0001,0.0
6.405,FLIGHT,0.906,1.5335,0.1726,0.2101,0.1716,0.2055,-0.0202,-0.1912,0.0053,0.0166,1.0409,-0.0423,1.5704,0.000242,0.0001,0.0
6.41,FLIGHT,0.9068,1.5345,0.1714,0.205,0.1702,0.2006,-0.0201,-0.1911,0.0057,0.0162,1.041,-0.0425,1.5708,0.000242,0.0,0.0
6.415,FLIGHT,0.9077,1.5355,0.17,0.2001,0.1686,0.1958,-0.0201,-0.191,0.0061,0.0157,1.0411,-0.0427,1.5711,0.000242,0.0,0.0
6.42,FLIGHT,0.9085,1.5365,0.1684,0.1954,0.1669,0.1912,-0.0201,-0.191,0.0064,0.0153,1.0412,-0.0429,1.5715,0.000242,0.0,0.0
6.425,FLIGHT,0.9093,1.5374,0.1667,0.1908,0.1651,0.1867,-0.02,-0.1909,0.0066,0.0149,1.0412,-0.0431,1.5719,0.000242,0.0,0.0
6.43,FLIGHT,0.9102,1.5383,0.1648,0.1863,0.1631,0.1824,-0.02,-0.1908,0.0069,0.0146,1.0413,-0.0434,1.5722,0.000242,-0.0,0.0
6.435,FLIGHT,0.911,1.5392,0.1629,0.182,0.1611,0.1782,-0.02,-0.1907,0.0071,0.0142,1.0413,-0.0436,1.5726,0.000242,-0.0,0.0
6.44,FLIGHT,0.9118,1.5401,0.1609,0.1778,0.1591,0.1741,-0.0199,-0.1907,0.0072,0.0138,1.0413,-0.0438,1.573,0.000242,-0.0,0.0
6.445,FLIGHT,0.9126,1.541,0.1588,0.1737,0.157,0.1701,-0.0199,-0.1906,0.0074,0.0135,1.0412,-0.0441,1.5733,0.000242,-0.0,0.0
6.45,FLIGHT,0.9133,1.5418,0.1568,0.1697,0.1549,0.1662,-0.0199,-0.1905,0.0075,0.0132,1.0412,-0.0443,1.5736,0.000242,-0.0,0.0
6.455,FLIGHT,0.9141,1.5426,0.1546,0.1659,0.1527,0.1625,-0.0198,-0.1905,0.0076,0.0128,1.0411,-0.0445,1.574,0.000242,-0.0,0.0
6.46,FLIGHT,0.9149,1.5434,0.1525,0.1621,0.1506,0.1588,-0.0198,-0.1904,0.0077,0.0125,1.041,-0.0448,1.5743,0.000242,-0.0,0.0
6.465,FLIGHT,0.9156,1.5442,0.1503,0.1585,0.1484,0.1552,-0.0197,-0.1903,0.0077,0.0122,1.0409,-0.045,1.5746,0.000241,-0.0,0.0
6.47,FLIGHT,0.9163,1.545,0.1482,0.1549,0.1462,0.1518,-0.0197,-0.1903,0.0078,0.0119,1.0407,-0.0452,1.575,0.000241,-0.0,0.0
6.475,FLIGHT,0.9171,1.5457,0.146,0.1514,0.1441,0.1484,-0.0197,-0.1902,0.0078,0.0116,1.0406,-0.0454,1.5753,0.000241,-0.0,0.0
6.48,FLIGHT,0.9178,1.5465,0.1438,0.1481,0.1419,0.1451,-0.0196,-0.1902,0.0078,0.0114,1.0404,-0.0456,1.5756,0.000241,-0.0001,0.0
6.485,FLIGHT,0.9185,1.5472,0.1417,0.1448,0.1398,0.1419,-0.0196,-0.1901,0.0079,0.0111,1.0401,-0.0459,1.5759,0.00024,-0.0001,0.0
6.49,FLIGHT,0.9192,1.5479,0.1396,0.1416,0.1377,0.1387,-0.0195,-0.1901,0.0079,0.0108,1.0399,-0.0461,1.5762,0.00024,-0.0001,0.0
6.495,FLIGHT,0.9199,1.5486,0.1375,0.1384,0.1356,0.1357,-0.0195,-0.19,0.0079,0.0106,1.0397,-0.0463,1.5765,0.00024,-0.0001,0.0
6.5,FLIGHT,0.9205,1.5492,0.1354,0.1354,0.1335,0.1327,-0.0195,-0.19,0.0079,0.0103,1.0394,-0.0465,1.5768,0.00024,-0.0001,0.0
6.505,FLIGHT,0.9212,1.5499,0.1333,0.1324,0.1315,0.1298,-0.0194,-0.1899,0.0079,0.0101,1.0391,-0.0467,1.5771,0.000239,-0.0001,0.0
6.51,FLIGHT,0.9219,1.5505,0.1313,0.1295,0.1295,0.127,-0.0194,-0.1899,0.0078,0.0099,1.0388,-0.0469,1.5774,0.000239,-0.0001,0.0
6.515,FLIGHT,0.9225,1.5512,0.1293,0.1267,0.1275,0.1242,-0.0193,-0.1898,0.0078,0.0096,1.0384,-0.0471,1.5776,0.000239,-0.0001,0.0
6.52,FLIGHT,0.9231,1.5518,0.1273,0.1239,0.1255,0.1215,-0.0193,-0.1898,0.0078,0.0094,1.0381,-0.0473,1.5779,0.000239,-0.0001,0.0
6.525,FLIGHT,0.9237,1.5524,0.1253,0.1212,0.1236,0.1189,-0.0193,-0.1897,0.0078,0.0092,1.0377,-0.0475,1.5782,0.000238,-0.0001,0.0
6.53,FLIGHT,0.9244,1.553,0.1234,0.1186,0.1216,0.1163,-0.0192,-0.1897,0.0078,0.009,1.0373,-0.0477,1.5784,0.000238,-0.0001,0.0
6.535,FLIGHT,0.925,1.5535,0.1215,0.1161,0.1198,0.1138,-0.0192,-0.1896,0.0077,0.0088,1.0369,-0.0479,1.5787,0.000238,-0.0,0.0
6.54,FLIGHT,0.9256,1.5541,0.1196,0.1136,0.1179,0.1113,-0.0191,-0.1896,0.0077,0.0086,1.0364,-0.0481,1.579,0.000238,-0.0,0.0
6.545,FLIGHT,0.9261,1.5547,0.1177,0.1111,0.1161,0.109,-0.0191,-0.1896,0.0077,0.0084,1.036,-0.0482,1.5792,0.000237,-0.0,0.0
6.55,FLIGHT,0.9267,1.5552,0.1159,0.1087,0.1143,0.1066,-0.0191,-0.1895,0.0076,0.0082,1.0355,-0.0484,1.5795,0.000237,-0.0,0.0
6.555,FLIGHT,0.9273,1.5557,0.1141,0.1064,0.1125,0.1044,-0.019,-0.1895,0.0076,0.008,1.035,-0.0486,1.5797,0.000237,-0.0,0.0
6.56,FLIGHT,0.9278,1.5562,0.1124,0.1042,0.1108,0.1022,-0.019,-0.1894,0.0075,0.0078,1.0345,-0.0488,1.5799,0.000237,-0.0,0.0
6.565,FLIGHT,0.9284,1.5568,0.1106,0.102,0.1091,0.1,-0.019,-0.1894,0.0075,0.0077,1.0339,-0.049,1.5802,0.000236,-0.0,0.0
6.57,FLIGHT,0.9289,1.5572,0.1089,0.0998,0.1074,0.0979,-0.0189,-0.1894,0.0075,0.0075,1.0334,-0.0491,1.5804,0.000236,-0.0,0.0
6.575,FLIGHT,0.9295,1.5577,0.1072,0.0977,0.1057,0.0958,-0.0189,-0.1893,0.0074,0.0073,1.0328,-0.0493,1.5806,0.000236,-0.0,0.0
6.58,FLIGHT,0.93,1.5582,0.1056,0.0956,0.1041,0.0938,-0.0188,-0.1893,0.0074,0.0072,1.0322,-0.0495,1.5808,0.000236,-0.0,0.0
6.585,FLIGHT,0.9305,1.5587,0.1039,0.0936,0.1025,0.0919,-0.0188,-0.1893,0.0073,0.007,1.0316,-0.0496,1.5811,0.000236,-0.0,0.0
6.59,FLIGHT,0.931,1.5591,0.1023,0.0917,0.1009,0.0899,-0.0188,-0.1892,0.0073,0.0069,1.031,-0.0498,1.5813,0.000235,-0.0,0.0
6.595,FLIGHT,0.9315,1.5596,0.1008,0.0898,0.0994,0.0881,-0.0187,-0.1892,0.0072,0.0067,1.0303,-0.0499,1.5815,0.000235,-0.0,0.0
6.6,FLIGHT,0.932,1.56,0.0992,0.0879,0.0978,0.0863,-0.0187,-0.1892,0.0072,0.0066,1.0297,-0.0501,1.5817,0.000235,-0.0,0.0
6.605,FLIGHT,0.9325,1.5604,0.0977,0.0861,0.0963,0.0845,-0.0187,-0.1891,0.0071,0.0064,1.029,-0.0503,1.5819,0.000235,-0.0,0.0
6.61,FLIGHT,0.933,1.5608,0.0962,0.0843,0.0948,0.0827,-0.0186,-0.1891,0.0071,0.0063,1.0283,-0.0504,1.5821,0.000235,-0.0,0.0
6.615,FLIGHT,0.9334,1.5613,0.0947,0.0826,0.0934,0.0811,-0.0186,-0.1891,0.007,0.0061,1.0276,-0.0506,1.5823,0.000234,-0.0,0.0
6.62,FLIGHT,0.9339,1.5617,0.0932,0.0809,0.0919,0.0794,-0.0186,-0.189,0.007,0.006,1.0268,-0.0507,1.5825,0.000234,-0.0,0.0
6.625,FLIGHT,0.9344,1.5621,0.0918,0.0793,0.0905,0.0778,-0.0185,-0.189,0.0069,0.0059,1.0261,-0.0509,1.5827,0.000234,-0.0,0.0
6.63,FLIGHT,0.9348,1.5624,0.0904,0.0776,0.0891,0.0762,-0.0185,-0.189,0.0068,0.0058,1.0253,-0.051,1.5829,0.000234,-0.0,0.0
6.635,FLIGHT,0.9353,1.5628,0.089,0.0761,0.0878,0.0747,-0.0185,-0.1889,0.0068,0.0056,1.0245,-0.0512,1.5831,0.000234,-0.0,0.0
6.64,FLIGHT,0.9357,1.5632,0.0876,0.0745,0.0864,0.0732,-0.0184,-0.1889,0.0067,0.0055,1.0237,-0.0513,1.5833,0.000234,-0.0,0.0
6.645,FLIGHT,0.9361,1.5635,0.0863,0.073,0.0851,0.0717,-0.0184,-0.1889,0.0067,0.0054,1.0229,-0.0514,1.5834,0.000234,-0.0,0.0
6.65,FLIGHT,0.9365,1.5639,0.0849,0.0716,0.0838,0.0703,-0.0184,-0.1889,0.0066,0.0053,1.0221,-0.0516,1.5836,0.000233,-0.0,0.0
6.655,FLIGHT,0.937,1.5642,0.0836,0.0702,0.0825,0.0689,-0.0183,-0.1888,0.0065,0.0052,1.0212,-0.0517,1.5838,0.000233,-0.0,0.0
6.66,FLIGHT,0.9374,1.5646,0.0823,0.0688,0.0812,0.0675,-0.0183,-0.1888,0.0065,0.0051,1.0204,-0.0519,1.584,0.000233,-0.0,0.0
6.665,FLIGHT,0.9378,1.5649,0.0811,0.0674,0.0799,0.0662,-0.0183,-0.1888,0.0064,0.005,1.0195,-0.052,1.5841,0.000233,-0.0,0.0
6.67,FLIGHT,0.9382,1.5653,0.0798,0.0661,0.0787,0.0649,-0.0182,-0.1888,0.0063,0.0049,1.0186,-0.0521,1.5843,0.000233,-0.0,0.0
6.675,FLIGHT,0.9386,1.5656,0.0786,0.0648,0.0775,0.0637,-0.0182,-0.1887,0.0063,0.0048,1.0177,-0.0523,1.5845,0.000233,-0.0,0.0
6.68,FLIGHT,0.9389,1.5659,0.0773,0.0635,0.0762,0.0624,-0.0182,-0.1887,0.0062,0.0047,1.0167,-0.0524,1.5846,0.000233,-0.0,0.0
6.685,FLIGHT,0.9393,1.5662,0.0761,0.0623,0.075,0.0612,-0.0181,-0.1887,0.0061,0.0046,1.0158,-0.0525,1.5848,0.000233,-0.0,0.0
6.69,FLIGHT,0.9397,1.5665,0.0749,0.0611,0.0739,0.0601,-0.0181,-0.1887,0.0061,0.0045,1.0148,-0.0527,1.585,0.000232,-0.0,0.0
6.695,FLIGHT,0.9401,1.5668,0.0737,0.0599,0.0727,0.0589,-0.0181,-0.1886,0.006,0.0044,1.0139,-0.0528,1.5851,0.000232,-0.0,0.0
6.7,FLIGHT,0.9404,1.5671,0.0726,0.0588,0.0715,0.0578,-0.0181,-0.1886,0.0059,0.0043,1.0129,-0.0529,1.5853,0.000232,-0.0,0.0
6.705,FLIGHT,0.9408,1.5674,0.0714,0.0577,0.0704,0.0567,-0.018,-0.1886,0.0059,0.0042,1.0119,-0.053,1.5854,0.000232,-0.0,0.0
6.71,FLIGHT,0.9411,1.5677,0.0703,0.0566,0.0693,0.0556,-0.018,-0.1886,0.0058,0.0041,1.0108,-0.0532,1.5856,0.000232,-0.0,0.0
6.715,FLIGHT,0.9415,1.5679,0.0692,0.0555,0.0682,0.0546,-0.018,-0.1886,0.0057,0.0041,1.0098,-0.0533,1.5857,0.000232,-0.0,0.0
6.72,FLIGHT,0.9418,1.5682,0.0681,0.0545,0.0671,0.0536,-0.0179,-0.1885,0.0056,0.004,1.0088,-0.0534,1.5859,0.000232,-0.0,0.0
6.725,FLIGHT,0.9421,1.5685,0.067,0.0535,0.066,0.0526,-0.0179,-0.1885,0.0056,0.0039,1.0077,-0.0535,1.586,0.000232,-0.0,0.0
6.73,FLIGHT,0.9425,1.5687,0.0659,0.0525,0.0649,0.0516,-0.0179,-0.1885,0.0055,0.0038,1.0066,-0.0537,1.5862,0.000232,-0.0,0.0
6.735,FLIGHT,0.9428,1.569,0.0648,0.0515,0.0638,0.0507,-0.0179,-0.1885,0.0054,0.0038,1.0055,-0.0538,1.5863,0.000232,-0.0,0.0
6.74,FLIGHT,0.9431,1.5692,0.0637,0.0506,0.0628,0.0497,-0.0178,-0.1885,0.0053,0.0037,1.0044,-0.0539,1.5864,0.000232,-0.0,0.0
6.745,FLIGHT,0.9434,1.5695,0.0627,0.0497,0.0618,0.0488,-0.0178,-0.1885,0.0053,0.0036,1.0033,-0.054,1.5866,0.000232,-0.0,0.0
6.75,FLIGHT,0.9437,1.5697,0.0616,0.0488,0.0607,0.048,-0.0178,-0.1884,0.0052,0.0036,1.0022,-0.0541,1.5867,0.000231,-0.0,0.0
6.755,FLIGHT,0.944,1.57,0.0606,0.0479,0.0597,0.0471,-0.0178,-0.1884,0.0051,0.0035,1.001,-0.0543,1.5868,0.000231,-0.0,0.0
6.76,STANCE,0.9444,1.5704,0.0731,0.0828,0.1714,0.3388,-0.0177,-0.1884,0.0028,0.0066,0.9999,0.2443,-0.1476,0.000148,-0.1364,0.0273
6.765,STANCE,0.9513,1.5662,1.0919,-0.6962,2.2307,-2.6852,-0.0159,-0.1889,0.299,-0.0828,0.9985,-0.2266,-0.4542,-0.002456,-0.6666,0.1358
6.77,STANCE,0.96,1.5526,1.3782,-1.8447,0.2198,-0.5875,-0.0124,-0.1903,0.5117,-0.1851,0.9972,-0.6054,-0.5573,-0.005081,-0.2986,0.0648
6.775,STANCE,0.9575,1.5548,0.0728,-0.2389,-0.7068,0.7869,-0.0132,-0.19,0.046,-0.0229,0.9974,-0.3244,-1.7884,-0.005921,-0.0823,0.0224
6.78,STANCE,0.9557,1.5567,-0.1818,0.1136,0.0787,-0.2176,-0.0138,-0.1898,-0.0498,0.013,0.9978,-0.455,-2.3999,-0.006122,-0.0087,0.0079
6.785,STANCE,0.9585,1.5494,0.3688,-1.1535,0.921,-3.4531,-0.0123,-0.1905,0.2264,-0.1093,0.9979,-0.9569,-2.0921,-0.005914,0.1371,0.0059
6.79,STANCE,0.9642,1.5343,0.9005,-2.4573,1.2498,-3.2493,-0.0091,-0.192,0.5101,-0.2244,0.9979,-1.4634,-1.4751,-0.005298,0.1459,0.0053
6.795,STANCE,0.97,1.516,1.0734,-3.3155,1.1495,-3.5955,-0.0055,-0.1936,0.6697,-0.2865,0.9979,-1.7397,-0.8173,-0.004356,0.1884,0.0044
6.8,STANCE,0.9766,1.5002,1.2386,-3.1731,1.2796,-2.878,-0.002,-0.1949,0.6894,-0.2611,0.9983,-1.8542,-0.4381,-0.003835,0.07,0.0038
6.805,STANCE,0.9809,1.4851,0.9409,-3.0558,0.5944,-2.6108,0.001,-0.1961,0.6207,-0.2397,0.9988,-1.5947,0.0134,-0.003189,0.137,0.0032
6.81,STANCE,0.9821,1.4724,0.4239,-2.6966,-0.1018,-2.5542,0.0031,-0.1971,0.4713,-0.2057,0.9995,-1.0722,0.3612,-0.002322,0.2029,0.0023
6.815,STANCE,0.9809,1.4601,-0.0365,-2.5451,-0.3845,-2.5894,0.0046,-0.1981,0.3609,-0.1915,1.0001,-0.4821,0.7549,-0.001415,0.1784,0.0014
6.82,STANCE,0.979,1.4472,-0.273,-2.5711,-0.3755,-2.6003,0.0061,-0.199,0.3197,-0.1908,1.0008,0.0037,1.1337,-0.000657,0.1358,0.0007
6.825,STANCE,0.9775,1.4346,-0.27,-2.5178,-0.1386,-2.3062,0.0076,-0.2,0.3143,-0.1832,1.0015,0.255,1.3294,-3.4e-05,0.0983,0.0
6.83,FLIGHT,0.977,1.4262,-0.1911,-1.8273,-0.643,-0.15,0.0088,-0.2006,0.23,-0.1311,1.0026,-0.9709,2.31,0.000293,0.0454,0.0
6.835,FLIGHT,0.97,1.4332,-1.0683,0.4965,-1.9204,2.448,0.0064,-0.2001,-0.2862,0.0294,1.0047,-0.4699,1.8818,0.000475,0.0282,0.0
6.84,FLIGHT,0.9599,1.4461,-1.7139,1.898,-1.9622,2.4117,0.0025,-0.1992,-0.6149,0.1404,1.007,-0.0334,1.5231,0.000579,0.014,0.0
6.845,FLIGHT,0.9515,1.4557,-1.6631,1.8454,-1.3879,1.3951,-0.0006,-0.1985,-0.5934,0.1463,1.009,0.0705,1.447,0.00062,0.0028,0.0
6.85,FLIGHT,0.9459,1.4607,-1.2635,1.2367,-0.8837,0.7098,-0.0024,-0.198,-0.4257,0.1023,1.0107,-0.0104,1.5228,0.000614,-0.0044,0.0009
6.855,FLIGHT,0.9422,1.4638,-0.9044,0.8099,-0.6568,0.5866,-0.0036,-0.1978,-0.2933,0.069,1.0123,-0.092,1.5943,0.000582,-0.0081,0.0016
6.86,FLIGHT,0.9391,1.467,-0.7085,0.7037,-0.5938,0.7057,-0.0046,-0.1975,-0.239,0.0611,1.014,-0.1095,1.6098,0.000537,-0.0094,0.0019
6.865,FLIGHT,0.9362,1.4707,-0.6148,0.742,-0.5486,0.7836,-0.0057,-0.1972,-0.2253,0.0651,1.0156,-0.087,1.5921,0.00049,-0.0094,0.0019
6.87,FLIGHT,0.9336,1.4746,-0.5398,0.7631,-0.4674,0.7545,-0.0068,-0.1968,-0.2129,0.0677,1.0172,-0.0627,1.5736,0.000444,-0.0088,0.0018
6.875,FLIGHT,0.9315,1.4782,-0.4513,0.7269,-0.3668,0.6765,-0.0077,-0.1965,-0.1899,0.0651,1.0188,-0.0517,1.5667,0.000402,-0.008,0.0016
6.88,FLIGHT,0.93,1.4814,-0.3569,0.6647,-0.2749,0.609,-0.0085,-0.1962,-0.1623,0.0598,1.0203,-0.0502,1.5676,0.000364,-0.007,0.0014
6.885,FLIGHT,0.9288,1.4843,-0.2719,0.6098,-0.2025,0.5684,-0.0091,-0.196,-0.1377,0.0549,1.0219,-0.0505,1.5696,0.000332,-0.006,0.0012
6.89,FLIGHT,0.9279,1.4871,-0.2019,0.5717,-0.1457,0.5439,-0.0096,-0.1957,-0.1185,0.0514,1.0233,-0.049,1.5698,0.000305,-0.0049,0.001
6.895,FLIGHT,0.9273,1.4898,-0.1446,0.5444,-0.0976,0.5222,-0.0101,-0.1955,-0.1034,0.0488,1.0248,-0.046,1.5686,0.000282,-0.004,0.0008
6.9,FLIGHT,0.9269,1.4923,-0.0956,0.5203,-0.0544,0.4989,-0.0106,-0.1953,-0.0903,0.0465,1.0262,-0.0429,1.5673,0.000265,-0.0031,0.0006
6.905,FLIGHT,0.9267,1.4948,-0.0522,0.4964,-0.0157,0.4752,-0.0109,-0.1951,-0.0784,0.0441,1.0275,-0.0407,1.5665,0.000251,-0.0024,0.0005
6.91,FLIGHT,0.9268,1.4971,-0.0139,0.4733,0.0181,0.4534,-0.0112,-0.1949,-0.0677,0.0418,1.0289,-0.0392,1.5663,0.000241,-0.0018,0.0004
6.915,FLIGHT,0.9269,1.4993,0.0193,0.4522,0.0469,0.4343,-0.0115,-0.1947,-0.0582,0.0397,1.0302,-0.038,1.5662,0.000233,-0.0013,0.0003
6.92,FLIGHT,0.9272,1.5014,0.0479,0.4334,0.0714,0.4174,-0.0118,-0.1945,-0.05,0.0378,1.0315,-0.037,1.5662,0.000227,-0.0009,0.0002
6.925,FLIGHT,0.9276,1.5035,0.0722,0.4164,0.0922,0.402,-0.012,-0.1943,-0.0429,0.0361,1.0327,-0.0361,1.5662,0.000224,-0.0006,0.0001
6.93,FLIGHT,0.9281,1.5055,0.0929,0.4009,0.1099,0.3875,-0.0121,-0.1941,-0.0367,0.0345,1.0339,-0.0354,1.5663,0.000221,-0.0003,0.0001
6.935,FLIGHT,0.9287,1.5074,0.1105,0.3865,0.125,0.3741,-0.0123,-0.194,-0.0313,0.0331,1.0351,-0.0348,1.5664,0.00022,-0.0002,0.0
6.94,FLIGHT,0.9294,1.5092,0.1254,0.3731,0.1376,0.3615,-0.0124,-0.1938,-0.0266,0.0318,1.0363,-0.0343,1.5667,0.00022,-0.0,0.0
6.945,FLIGHT,0.9301,1.511,0.1379,0.3606,0.1482,0.3498,-0.0125,-0.1937,-0.0224,0.0305,1.0374,-0.034,1.5669,0.00022,0.0001,0.0
6.95,FLIGHT,0.9309,1.5127,0.1484,0.349,0.1568,0.3389,-0.0126,-0.1935,-0.0188,0.0294,1.0385,-0.0338,1.5672,0.00022,0.0001,0.0
6.955,FLIGHT,0.9317,1.5144,0.157,0.338,0.1639,0.3286,-0.0127,-0.1934,-0.0157,0.0283,1.0395,-0.0336,1.5675,0.000221,0.0002,0.0
6.96,FLIGHT,0.9325,1.516,0.164,0.3278,0.1696,0.3188,-0.0127,-0.1932,-0.0129,0.0274,1.0406,-0.0335,1.5679,0.000222,0.0002,0.0
6.965,FLIGHT,0.9334,1.5176,0.1696,0.3181,0.1741,0.3096,-0.0128,-0.1931,-0.0105,0.0264,1.0416,-0.0335,1.5682,0.000223,0.0002,0.0
6.97,FLIGHT,0.9342,1.5191,0.174,0.3089,0.1775,0.3009,-0.0128,-0.193,-0.0084,0.0256,1.0426,-0.0335,1.5686,0.000224,0.0002,0.0
6.975,FLIGHT,0.9351,1.5206,0.1774,0.3002,0.18,0.2926,-0.0128,-0.1929,-0.0066,0.0248,1.0435,-0.0336,1.569,0.000225,0.0002,0.0
6.98,FLIGHT,0.936,1.522,0.1799,0.2919,0.1817,0.2846,-0.0129,-0.1927,-0.005,0.024,1.0444,-0.0337,1.5694,0.000226,0.0002,0.0
6.985,FLIGHT,0.9369,1.5234,0.1815,0.284,0.1827,0.2771,-0.0129,-0.1926,-0.0036,0.0233,1.0453,-0.0338,1.5699,0.000227,0.0002,0.0
6.99,FLIGHT,0.9379,1.5248,0.1826,0.2764,0.1832,0.2698,-0.0129,-0.1925,-0.0024,0.0226,1.0462,-0.034,1.5703,0.000228,0.0001,0.0
6.995,FLIGHT,0.9388,1.5261,0.183,0.2692,0.1831,0.2628,-0.0129,-0.1924,-0.0013,0.022,1.047,-0.0342,1.5707,0.000229,0.0001,0.0
7.0,FLIGHT,0.9397,1.5274,0.1829,0.2622,0.1827,0.2561,-0.0129,-0.1923,-0.0004,0.0213,1.0478,-0.0344,1.5711,0.000229,0.0001,0.0
7.005,FLIGHT,0.9406,1.5287,0.1824,0.2555,0.1818,0.2496,-0.0129,-0.1922,0.0004,0.0208,1.0486,-0.0346,1.5715,0.00023,0.0001,0.0
7.01,FLIGHT,0.9415,1.5299,0.1816,0.249,0.1807,0.2434,-0.0129,-0.1921,0.0011,0.0202,1.0493,-0.0348,1.572,0.00023,0.0001,0.0
7.015,FLIGHT,0.9424,1.5311,0.1805,0.2428,0.1793,0.2373,-0.0129,-0.192,0.0017,0.0197,1.05,-0.035,1.5724,0.00023,0.0001,0.0
7.02,FLIGHT,0.9433,1.5323,0.179,0.2368,0.1777,0.2315,-0.0128,-0.1919,0.0023,0.0191,1.0507,-0.0353,1.5728,0.000231,0.0,0.0
7.025,FLIGHT,0.9442,1.5334,0.1774,0.231,0.1759,0.2258,-0.0128,-0.1918,0.0027,0.0186,1.0513,-0.0355,1.5732,0.000231,0.0,0.0
7.03,FLIGHT,0.9451,1.5345,0.1756,0.2253,0.1739,0.2204,-0.0128,-0.1917,0.0031,0.0182,1.052,-0.0358,1.5736,0.000231,0.0,0.0
7.035,FLIGHT,0.9459,1.5356,0.1737,0.2199,0.1718,0.2151,-0.0128,-0.1916,0.0035,0.0177,1.0526,-0.0361,1.574,0.000231,-0.0,0.0
7.04,FLIGHT,0.9468,1.5367,0.1716,0.2146,0.1697,0.2099,-0.0128,-0.1916,0.0038,0.0173,1.0531,-0.0363,1.5744,0.000231,-0.0,0.0
7.045,FLIGHT,0.9476,1.5377,0.1694,0.2094,0.1674,0.2049,-0.0128,-0.1915,0.0041,0.0168,1.0537,-0.0366,1.5748,0.000231,-0.0,0.0
7.05,FLIGHT,0.9484,1.5387,0.1671,0.2044,0.1651,0.2,-0.0127,-0.1914,0.0043,0.0164,1.0542,-0.0368,1.5752,0.00023,-0.0,0.0
7.055,FLIGHT,0.9493,1.5397,0.1648,0.1996,0.1627,0.1953,-0.0127,-0.1913,0.0045,0.016,1.0547,-0.0371,1.5755,0.00023,-0.0,0.0
7.06,FLIGHT,0.9501,1.5407,0.1625,0.1949,0.1604,0.1907,-0.0127,-0.1912,0.0047,0.0156,1.0552,-0.0373,1.5759,0.00023,-0.0,0.0
7.065,FLIGHT,0.9509,1.5416,0.1601,0.1903,0.1579,0.1862,-0.0127,-0.1912,0.0048,0.0153,1.0556,-0.0376,1.5763,0.00023,-0.0001,0.0
7.07,FLIGHT,0.9517,1.5426,0.1577,0.1858,0.1555,0.1819,-0.0126,-0.1911,0.005,0.0149,1.056,-0.0379,1.5766,0.00023,-0.0001,0.0
7.075,FLIGHT,0.9524,1.5435,0.1553,0.1815,0.1531,0.1776,-0.0126,-0.191,0.0051,0.0145,1.0564,-0.0381,1.577,0.000229,-0.0001,0.0
7.08,FLIGHT,0.9532,1.5443,0.1528,0.1772,0.1507,0.1735,-0.0126,-0.1909,0.0052,0.0142,1.0568,-0.0384,1.5773,0.000229,-0.0001,0.0
7.085,FLIGHT,0.9539,1.5452,0.1504,0.1731,0.1483,0.1694,-0.0126,-0.1909,0.0053,0.0138,1.0571,-0.0386,1.5777,0.000229,-0.0001,0.0
7.09,FLIGHT,0.9547,1.546,0.148,0.1691,0.1459,0.1655,-0.0125,-0.1908,0.0054,0.0135,1.0574,-0.0388,1.578,0.000228,-0.0001,0.0
7.095,FLIGHT,0.9554,1.5469,0.1456,0.1652,0.1435,0.1617,-0.0125,-0.1907,0.0054,0.0132,1.0577,-0.0391,1.5783,0.000228,-0.0001,0.0
7.1,FLIGHT,0.9561,1.5477,0.1432,0.1613,0.1411,0.158,-0.0125,-0.1907,0.0055,0.0129,1.058,-0.0393,1.5786,0.000228,-0.0001,0.0
7.105,FLIGHT,0.9568,1.5484,0.1409,0.1576,0.1388,0.1543,-0.0125,-0.1906,0.0055,0.0126,1.0582,-0.0396,1.579,0.000227,-0.0001,0.0
7.11,FLIGHT,0.9575,1.5492,0.1386,0.154,0.1365,0.1508,-0.0124,-0.1906,0.0056,0.0123,1.0584,-0.0398,1.5793,0.000227,-0.0001,0.0
7.115,FLIGHT,0.9582,1.5499,0.1363,0.1504,0.1342,0.1473,-0.0124,-0.1905,0.0056,0.012,1.0586,-0.04,1.5796,0.000227,-0.0001,0.0
7.12,FLIGHT,0.9588,1.5507,0.134,0.147,0.132,0.1439,-0.0124,-0.1904,0.0056,0.0117,1.0587,-0.0402,1.5799,0.000226,-0.0001,0.0
7.125,FLIGHT,0.9595,1.5514,0.1318,0.1436,0.1298,0.1406,-0.0123,-0.1904,0.0057,0.0114,1.0589,-0.0405,1.5801,0.000226,-0.0001,0.0
7.13,FLIGHT,0.9601,1.5521,0.1296,0.1403,0.1276,0.1374,-0.0123,-0.1903,0.0057,0.0112,1.059,-0.0407,1.5804,0.000226,-0.0001,0.0
7.135,FLIGHT,0.9608,1.5528,0.1274,0.1371,0.1255,0.1343,-0.0123,-0.1903,0.0057,0.0109,1.0591,-0.0409,1.5807,0.000225,-0.0001,0.0
7.14,FLIGHT,0.9614,1.5534,0.1253,0.134,0.1234,0.1312,-0.0123,-0.1902,0.0057,0.0107,1.0591,-0.0411,1.581,0.000225,-0.0001,0.0
7.145,FLIGHT,0.962,1.5541,0.1232,0.1309,0.1213,0.1282,-0.0122,-0.1902,0.0057,0.0104,1.0592,-0.0413,1.5812,0.000225,-0.0001,0.0
7.15,FLIGHT,0.9626,1.5547,0.1211,0.1279,0.1193,0.1253,-0.0122,-0.1901,0.0057,0.0102,1.0592,-0.0415,1.5815,0.000224,-0.0001,0.0
7.155,FLIGHT,0.9632,1.5553,0.1191,0.125,0.1173,0.1225,-0.0122,-0.1901,0.0057,0.0099,1.0592,-0.0417,1.5818,0.000224,-0.0001,0.0
7.16,FLIGHT,0.9638,1.5559,0.1171,0.1222,0.1153,0.1197,-0.0121,-0.19,0.0057,0.0097,1.0591,-0.0419,1.582,0.000224,-0.0001,0.0
7.165,FLIGHT,0.9643,1.5565,0.1151,0.1194,0.1134,0.117,-0.0121,-0.19,0.0057,0.0095,1.0591,-0.0421,1.5823,0.000223,-0.0001,0.0
7.17,FLIGHT,0.9649,1.5571,0.1132,0.1167,0.1115,0.1143,-0.0121,-0.1899,0.0057,0.0093,1.059,-0.0423,1.5825,0.000223,-0.0001,0.0
7.175,FLIGHT,0.9655,1.5577,0.1113,0.1141,0.1097,0.1118,-0.0121,-0.1899,0.0057,0.009,1.0589,-0.0425,1.5827,0.000223,-0.0001,0.0
7.18,FLIGHT,0.966,1.5582,0.1095,0.1115,0.1078,0.1092,-0.012,-0.1898,0.0057,0.0088,1.0588,-0.0426,1.583,0.000222,-0.0001,0.0
7.185,FLIGHT,0.9665,1.5588,0.1077,0.109,0.1061,0.1068,-0.012,-0.1898,0.0057,0.0086,1.0586,-0.0428,1.5832,0.000222,-0.0001,0.0
7.19,FLIGHT,0.9671,1.5593,0.1059,0.1066,0.1043,0.1044,-0.012,-0.1898,0.0057,0.0084,1.0585,-0.043,1.5834,0.000222,-0.0001,0.0
7.195,FLIGHT,0.9676,1.5598,0.1041,0.1042,0.1026,0.1021,-0.0119,-0.1897,0.0057,0.0082,1.0583,-0.0432,1.5837,0.000222,-0.0001,0.0
7.2,FLIGHT,0.9681,1.5603,0.1024,0.1018,0.1009,0.0998,-0.0119,-0.1897,0.0057,0.008,1.0581,-0.0433,1.5839,0.000221,-0.0,0.0
7.205,FLIGHT,0.9686,1.5608,0.1007,0.0996,0.0992,0.0976,-0.0119,-0.1896,0.0056,0.0079,1.0578,-0.0435,1.5841,0.000221,-0.0,0.0
7.21,FLIGHT,0.9691,1.5613,0.0991,0.0974,0.0976,0.0954,-0.0119,-0.1896,0.0056,0.0077,1.0576,-0.0437,1.5843,0.000221,-0.0,0.0
7.215,FLIGHT,0.9696,1.5617,0.0974,0.0952,0.096,0.0933,-0.0118,-0.1896,0.0056,0.0075,1.0573,-0.0438,1.5845,0.000221,-0.0,0.0
7.22,FLIGHT,0.97,1.5622,0.0958,0.0931,0.0944,0.0912,-0.0118,-0.1895,0.0056,0.0073,1.057,-0.044,1.5847,0.00022,-0.0,0.0
7.225,FLIGHT,0.9705,1.5627,0.0943,0.091,0.0929,0.0892,-0.0118,-0.1895,0.0056,0.0072,1.0567,-0.0442,1.5849,0.00022,-0.0,0.0
7.23,FLIGHT,0.971,1.5631,0.0927,0.089,0.0914,0.0872,-0.0117,-0.1895,0.0055,0.007,1.0563,-0.0443,1.5851,0.00022,-0.0,0.0
7.235,FLIGHT,0.9714,1.5635,0.0912,0.087,0.0899,0.0853,-0.0117,-0.1894,0.0055,0.0069,1.056,-0.0445,1.5853,0.00022,-0.0,0.0
7.24,FLIGHT,0.9719,1.564,0.0897,0.0851,0.0884,0.0834,-0.0117,-0.1894,0.0055,0.0067,1.0556,-0.0446,1.5855,0.00022,-0.0,0.0
7.245,FLIGHT,0.9723,1.5644,0.0883,0.0833,0.087,0.0816,-0.0117,-0.1894,0.0055,0.0065,1.0552,-0.0448,1.5857,0.000219,-0.0,0.0
7.25,FLIGHT,0.9727,1.5648,0.0869,0.0814,0.0856,0.0798,-0.0116,-0.1893,0.0054,0.0064,1.0548,-0.0449,1.5858,0.000219,-0.0,0.0
7.255,FLIGHT,0.9732,1.5652,0.0855,0.0797,0.0842,0.0781,-0.0116,-0.1893,0.0054,0.0063,1.0543,-0.0451,1.586,0.000219,-0.0,0.0
7.26,FLIGHT,0.9736,1.5656,0.0841,0.0779,0.0828,0.0764,-0.0116,-0.1893,0.0054,0.0061,1.0539,-0.0452,1.5862,0.000219,-0.0,0.0
7.265,FLIGHT,0.974,1.5659,0.0827,0.0762,0.0815,0.0747,-0.0116,-0.1892,0.0053,0.006,1.0534,-0.0453,1.5864,0.000219,-0.0,0.0
7.27,FLIGHT,0.9744,1.5663,0.0814,0.0746,0.0802,0.0731,-0.0115,-0.1892,0.0053,0.0058,1.0529,-0.0455,1.5865,0.000219,-0.0,0.0
7.275,FLIGHT,0.9748,1.5667,0.0801,0.073,0.0789,0.0715,-0.0115,-0.1892,0.0053,0.0057,1.0524,-0.0456,1.5867,0.000218,-0.0,0.0
7.28,FLIGHT,0.9752,1.567,0.0788,0.0714,0.0776,0.07,-0.0115,-0.1891,0.0052,0.0056,1.0519,-0.0458,1.5869,0.000218,-0.0,0.0
7.285,FLIGHT,0.9756,1.5674,0.0775,0.0699,0.0764,0.0685,-0.0114,-0.1891,0.0052,0.0055,1.0513,-0.0459,1.587,0.000218,-0.0,0.0
7.29,FLIGHT,0.976,1.5677,0.0763,0.0684,0.0752,0.0671,-0.0114,-0.1891,0.0052,0.0053,1.0507,-0.046,1.5872,0.000218,-0.0,0.0
7.295,FLIGHT,0.9763,1.568,0.0751,0.0669,0.074,0.0656,-0.0114,-0.1891,0.0051,0.0052,1.0501,-0.0462,1.5873,0.000218,-0.0,0.0
7.3,FLIGHT,0.9767,1.5684,0.0738,0.0655,0.0728,0.0642,-0.0114,-0.189,0.0051,0.0051,1.0495,-0.0463,1.5875,0.000218,-0.0,0.0
7.305,FLIGHT,0.9771,1.5687,0.0727,0.0641,0.0716,0.0629,-0.0113,-0.189,0.0051,0.005,1.0489,-0.0464,1.5876,0.000218,-0.0,0.0
7.31,FLIGHT,0.9774,1.569,0.0715,0.0628,0.0705,0.0616,-0.0113,-0.189,0.005,0.0049,1.0482,-0.0465,1.5878,0.000218,-0.0,0.0
7.315,FLIGHT,0.9778,1.5693,0.0703,0.0614,0.0693,0.0603,-0.0113,-0.189,0.005,0.0048,1.0476,-0.0467,1.5879,0.000217,-0.0,0.0
7.32,FLIGHT,0.9781,1.5696,0.0692,0.0602,0.0682,0.059,-0.0113,-0.1889,0.0049,0.0047,1.0469,-0.0468,1.5881,0.000217,-0.0,0.0
7.325,FLIGHT,0.9784,1.5699,0.0681,0.0589,0.0671,0.0578,-0.0112,-0.1889,0.0049,0.0046,1.0462,-0.0469,1.5882,0.000217,-0.0,0.0
7.33,FLIGHT,0.9788,1.5702,0.067,0.0577,0.066,0.0566,-0.0112,-0.1889,0.0049,0.0045,1.0455,-0.047,1.5884,0.000217,-0.0,0.0
7.335,FLIGHT,0.9791,1.5704,0.0659,0.0565,0.065,0.0554,-0.0112,-0.1889,0.0048,0.0044,1.0447,-0.0472,1.5885,0.000217,-0.0,0.0
7.34,FLIGHT,0.9794,1.5707,0.0649,0.0553,0.0639,0.0543,-0.0112,-0.1889,0.0048,0.0043,1.044,-0.0473,1.5886,0.000217,-0.0,0.0
7.345,FLIGHT,0.9797,1.571,0.0638,0.0542,0.0629,0.0532,-0.0112,-0.1888,0.0047,0.0042,1.0432,-0.0474,1.5888,0.000217,-0.0,0.0
7.35,FLIGHT,0.98,1.5713,0.0628,0.0531,0.0619,0.0521,-0.0111,-0.1888,0.0047,0.0041,1.0424,-0.0475,1.5889,0.000217,-0.0,0.0
7.355,FLIGHT,0.9804,1.5715,0.0618,0.052,0.0609,0.0511,-0.0111,-0.1888,0.0046,0.004,1.0416,-0.0476,1.589,0.000217,-0.0,0.0
7.36,FLIGHT,0.9807,1.5718,0.0608,0.051,0.0599,0.05,-0.0111,-0.1888,0.0046,0.004,1.0408,-0.0477,1.5892,0.000217,-0.0,0.0
7.365,FLIGHT,0.981,1.572,0.0598,0.0499,0.0589,0.049,-0.0111,-0.1888,0.0045,0.0039,1.0399,-0.0478,1.5893,0.000217,-0.0,0.0
7.37,FLIGHT,0.9812,1.5723,0.0588,0.0489,0.0579,0.048,-0.011,-0.1887,0.0045,0.0038,1.0391,-0.048,1.5894,0.000217,-0.0,0.0
7.375,FLIGHT,0.9815,1.5725,0.0579,0.048,0.057,0.0471,-0.011,-0.1887,0.0044,0.0037,1.0382,-0.0481,1.5895,0.000216,-0.0,0.0
7.38,FLIGHT,0.9818,1.5727,0.0569,0.047,0.0561,0.0462,-0.011,-0.1887,0.0044,0.0036,1.0373,-0.0482,1.5897,0.000216,-0.0,0.0
7.385,FLIGHT,0.9821,1.573,0.056,0.0461,0.0551,0.0453,-0.011,-0.1887,0.0043,0.0036,1.0364,-0.0483,1.5898,0.000216,-0.0,0.0
7.39,FLIGHT,0.9824,1.5732,0.055,0.0452,0.0542,0.0444,-0.011,-0.1887,0.0043,0.0035,1.0355,-0.0484,1.5899,0.000216,-0.0,0.0
7.395,FLIGHT,0.9826,1.5734,0.0541,0.0443,0.0533,0.0435,-0.0109,-0.1887,0.0042,0.0034,1.0346,-0.0485,1.59,0.000216,-0.0,0.0
7.4,FLIGHT,0.9829,1.5736,0.0532,0.0434,0.0524,0.0427,-0.0109,-0.1886,0.0042,0.0034,1.0336,-0.0486,1.5901,0.000216,-0.0,0.0
7.405,FLIGHT,0.9832,1.5738,0.0523,0.0426,0.0516,0.0418,-0.0109,-0.1886,0.0041,0.0033,1.0326,-0.0487,1.5902,0.000216,-0.0,0.0
7.41,FLIGHT,0.9834,1.574,0.0515,0.0418,0.0507,0.041,-0.0109,-0.1886,0.0041,0.0032,1.0317,-0.0488,1.5903,0.000216,-0.0,0.0
7.415,FLIGHT,0.9837,1.5742,0.0506,0.041,0.0498,0.0403,-0.0108,-0.1886,0.004,0.0032,1.0307,-0.0489,1.5905,0.000216,-0.0,0.0
7.42,FLIGHT,0.9839,1.5744,0.0497,0.0402,0.049,0.0395,-0.0108,-0.1886,0.0039,0.0031,1.0296,-0.049,1.5906,0.000216,-0.0,0.0
7.425,FLIGHT,0.9842,1.5746,0.0489,0.0394,0.0481,0.0388,-0.0108,-0.1886,0.0039,0.0031,1.0286,-0.0491,1.5907,0.000216,-0.0,0.0
7.43,FLIGHT,0.9844,1.5748,0.0481,0.0387,0.0473,0.038,-0.0108,-0.1885,0.0038,0.003,1.0276,-0.0492,1.5908,0.000216,-0.0,0.0
7.435,FLIGHT,0.9846,1.575,0.0472,0.038,0.0465,0.0373,-0.0108,-0.1885,0.0038,0.0029,1.0265,-0.0493,1.5909,0.000216,-0.0,0.0
7.44,FLIGHT,0.9849,1.5752,0.0464,0.0373,0.0457,0.0366,-0.0108,-0.1885,0.0037,0.0029,1.0254,-0.0494,1.591,0.000216,-0.0,0.0
7.445,FLIGHT,0.9851,1.5754,0.0456,0.0366,0.0449,0.036,-0.0107,-0.1885,0.0036,0.0028,1.0244,-0.0495,1.5911,0.000216,-0.0,0.0
7.45,FLIGHT,0.9853,1.5756,0.0448,0.0359,0.0441,0.0353,-0.0107,-0.1885,0.0036,0.0028,1.0233,-0.0496,1.5912,0.000216,-0.0,0.0
7.455,FLIGHT,0.9855,1.5757,0.044,0.0353,0.0433,0.0347,-0.0107,-0.1885,0.0035,0.0027,1.0222,-0.0497,1.5913,0.000216,-0.0,0.0
7.46,FLIGHT,0.9857,1.5759,0.0432,0.0346,0.0425,0.0341,-0.0107,-0.1885,0.0035,0.0027,1.021,-0.0498,1.5914,0.000216,-0.0,0.0
7.465,FLIGHT,0.986,1.5761,0.0424,0.034,0.0417,0.0334,-0.0107,-0.1884,0.0034,0.0026,1.0199,-0.0499,1.5915,0.000216,-0.0,0.0
7.47,FLIGHT,0.9862,1.5762,0.0417,0.0334,0.041,0.0328,-0.0107,-0.1884,0.0033,0.0026,1.0187,-0.05,1.5916,0.000216,-0.0,0.0
7.475,FLIGHT,0.9864,1.5764,0.0409,0.0328,0.0402,0.0323,-0.0106,-0.1884,0.0033,0.0025,1.0176,-0.0501,1.5917,0.000216,-0.0,0.0
7.48,FLIGHT,0.9866,1.5766,0.0401,0.0322,0.0395,0.0317,-0.0106,-0.1884,0.0032,0.0025,1.0164,-0.0502,1.5918,0.000216,-0.0,0.0
7.485,FLIGHT,0.9868,1.5767,0.0394,0.0317,0.0387,0.0312,-0.0106,-0.1884,0.0031,0.0025,1.0152,-0.0503,1.5919,0.000216,-0.0,0.0
7.49,FLIGHT,0.9869,1.5769,0.0386,0.0311,0.038,0.0306,-0.0106,-0.1884,0.0031,0.0024,1.014,-0.0504,1.592,0.000216,-0.0,0.0
7.495,FLIGHT,0.9871,1.577,0.0379,0.0306,0.0372,0.0301,-0.0106,-0.1884,0.003,0.0024,1.0128,-0.0505,1.5921,0.000216,-0.0,0.0
7.5,FLIGHT,0.9873,1.5772,0.0372,0.03,0.0365,0.0296,-0.0106,-0.1884,0.0029,0.0023,1.0115,-0.0506,1.5922,0.000216,-0.0,0.0
7.505,FLIGHT,0.9875,1.5773,0.0364,0.0295,0.0358,0.0291,-0.0105,-0.1883,0.0029,0.0023,1.0103,-0.0507,1.5922,0.000216,0.0,0.0
7.51,FLIGHT,0.9877,1.5775,0.0357,0.029,0.0351,0.0286,-0.0105,-0.1883,0.0028,0.0023,1.009,-0.0508,1.5923,0.000216,0.0,0.0
7.515,FLIGHT,0.9879,1.5776,0.035,0.0286,0.0344,0.0281,-0.0105,-0.1883,0.0027,0.0022,1.0078,-0.0509,1.5924,0.000216,0.0,0.0
7.52,FLIGHT,0.988,1.5777,0.0343,0.0281,0.0337,0.0277,-0.0105,-0.1883,0.0027,0.0022,1.0065,-0.051,1.5925,0.000216,0.0,0.0
7.525,FLIGHT,0.9882,1.5779,0.0336,0.0276,0.033,0.0272,-0.0105,-0.1883,0.0026,0.0022,1.0052,-0.0511,1.5926,0.000216,0.0,0.0
7.53,FLIGHT,0.9884,1.578,0.0329,0.0272,0.0323,0.0268,-0.0105,-0.1883,0.0025,0.0021,1.0039,-0.0512,1.5927,0.000216,0.0,0.0
7.535,FLIGHT,0.9885,1.5781,0.0322,0.0267,0.0316,0.0263,-0.0105,-0.1883,0.0024,0.0021,1.0026,-0.0513,1.5928,0.000216,0.0,0.0
7.54,FLIGHT,0.9887,1.5783,0.0315,0.0263,0.0309,0.0259,-0.0105,-0.1883,0.0024,0.0021,1.0012,-0.0513,1.5928,0.000216,0.0,0.0
7.545,FLIGHT,0.9888,1.5784,0.0308,0.0259,0.0302,0.0255,-0.0104,-0.1883,0.0023,0.002,0.9999,-0.0514,1.5929,0.000216,0.0,0.0
7.55,STANCE,0.9907,1.5796,0.3419,0.1713,1.281,-0.1698,-0.0102,-0.1882,0.0411,0.012,0.9988,-0.0012,-0.4315,-0.000745,-0.5338,0.1075
7.555,STANCE,0.9991,1.5743,1.1814,-0.6909,0.6725,-0.5675,-0.008,-0.1887,0.3175,-0.0707,0.9978,-0.5422,-0.667,-0.003569,-0.3346,0.0705
7.56,STANCE,0.999,1.5752,0.3249,-0.0387,-0.2873,0.51,-0.0081,-0.1886,0.0666,-0.0061,0.9978,-0.4772,-1.5181,-0.004495,-0.0921,0.0229
7.565,STANCE,0.9986,1.5764,0.0815,0.106,0.2298,-0.1832,-0.0083,-0.1885,0.0009,0.0088,0.9982,-0.6797,-2.0853,-0.004735,-0.0143,0.0076
7.57,STANCE,1.0015,1.5717,0.4658,-0.7458,0.8396,-2.6771,-0.0071,-0.189,0.1904,-0.0689,0.9983,-1.1654,-2.0488,-0.004625,0.1144,0.0046
7.575,STANCE,1.0068,1.5596,0.8803,-1.9096,1.1574,-2.7295,-0.0045,-0.1901,0.4322,-0.1674,0.9983,-1.6702,-1.6227,-0.004114,0.1282,0.0041
7.58,STANCE,1.0126,1.5451,1.0597,-2.5663,1.1316,-2.8159,-0.0013,-0.1913,0.5631,-0.2138,0.9983,-1.9988,-1.1838,-0.003362,0.1543,0.0034
7.585,STANCE,1.0172,1.5294,0.9922,-2.8546,1.0265,-2.4766,0.0018,-0.1926,0.5967,-0.2263,0.9984,-2.0791,-0.731,-0.002483,0.0932,0.0025
7.59,STANCE,1.0215,1.5175,0.8725,-2.5449,0.4103,-2.9318,0.0043,-0.1935,0.5337,-0.1937,0.9989,-1.9412,-0.4436,-0.002033,0.1705,0.002
7.595,STANCE,1.0232,1.5055,0.4803,-2.4192,-0.0215,-2.5957,0.0063,-0.1944,0.4427,-0.1799,0.9994,-1.5119,-0.0368,-0.001297,0.1992,0.0013
7.6,STANCE,1.0229,1.4944,0.1011,-2.2727,-0.156,-2.1337,0.0079,-0.1952,0.3498,-0.1675,1.0001,-0.9559,0.3553,-0.000394,0.1863,0.0004
7.605,STANCE,1.0219,1.4835,-0.0962,-2.2352,-0.2201,-2.3789,0.0093,-0.196,0.3074,-0.1632,1.0007,-0.4324,0.7421,0.000509,0.1563,0.0
7.61,STANCE,1.0208,1.4707,-0.18,-2.4651,-0.2189,-2.677,0.011,-0.197,0.3264,-0.1767,1.0012,-0.0245,1.1348,0.001124,0.0915,0.0
7.615,FLIGHT,1.02,1.4577,-0.168,-2.5446,-0.0845,-2.4099,0.0127,-0.1979,0.3425,-0.178,1.0017,-1.1076,2.447,0.00145,0.0418,0.0
7.62,FLIGHT,1.0165,1.4538,-0.6321,-1.1057,-1.6003,1.2378,0.0126,-0.1982,0.038,-0.0843,1.0031,-0.9029,2.2561,0.001573,0.0113,0.0
7.625,FLIGHT,1.0057,1.4652,-1.6996,1.2717,-2.4495,2.8237,0.0088,-0.1975,-0.5215,0.077,1.0053,-0.302,1.7471,0.001582,-0.0066,0.0013
7.63,FLIGHT,0.994,1.4781,-2.1142,2.1037,-2.1193,2.1206,0.0046,-0.1966,-0.7193,0.1499,1.0075,0.0329,1.4734,0.001517,-0.0186,0.0037
7.635,FLIGHT,0.9851,1.4858,-1.8507,1.6651,-1.4543,1.0358,0.0017,-0.1961,-0.601,0.1271,1.0093,0.0432,1.4762,0.001404,-0.0262,0.0052
7.64,FLIGHT,0.9791,1.4895,-1.3907,1.0048,-1.0114,0.5308,0.0,-0.1958,-0.4152,0.08,1.0108,-0.0599,1.5703,0.001261,-0.0298,0.006
7.645,FLIGHT,0.9745,1.492,-1.058,0.6714,-0.8439,0.5367,-0.0012,-0.1956,-0.3021,0.0554,1.0123,-0.1222,1.6252,0.001113,-0.0293,0.0059
7.65,FLIGHT,0.9705,1.4951,-0.89,0.6352,-0.7878,0.6695,-0.0024,-0.1953,-0.2635,0.054,1.0139,-0.1196,1.6237,0.00097,-0.0273,0.0055
7.655,FLIGHT,0.9667,1.4986,-0.7958,0.6805,-0.7184,0.7085,-0.0037,-0.195,-0.2508,0.0592,1.0154,-0.0907,1.6006,0.00084,-0.0246,0.0049
7.66,FLIGHT,0.9633,1.502,-0.703,0.6789,-0.6127,0.6487,-0.0048,-0.1947,-0.2319,0.0601,1.017,-0.0687,1.5841,0.000725,-0.0217,0.0043
7.665,FLIGHT,0.9606,1.505,-0.5964,0.6243,-0.4985,0.5636,-0.0058,-0.1945,-0.203,0.0561,1.0185,-0.0609,1.5799,0.000623,-0.0188,0.0038
7.67,FLIGHT,0.9583,1.5076,-0.4904,0.557,-0.4005,0.5015,-0.0066,-0.1942,-0.1727,0.0506,1.0199,-0.0602,1.5813,0.000537,-0.0159,0.0032
7.675,FLIGHT,0.9565,1.5101,-0.3983,0.5045,-0.3235,0.4662,-0.0072,-0.194,-0.1472,0.0461,1.0214,-0.0596,1.5824,0.000464,-0.0132,0.0026
7.68,FLIGHT,0.9551,1.5123,-0.3225,0.4693,-0.261,0.4431,-0.0078,-0.1938,-0.1274,0.043,1.0228,-0.0568,1.5815,0.000404,-0.0107,0.0021
7.685,FLIGHT,0.9539,1.5145,-0.2591,0.4429,-0.2064,0.4209,-0.0084,-0.1936,-0.1113,0.0406,1.0241,-0.0531,1.5796,0.000356,-0.0086,0.0017
7.69,FLIGHT,0.953,1.5165,-0.2038,0.4187,-0.1572,0.3972,-0.0088,-0.1934,-0.0971,0.0383,1.0255,-0.0499,1.578,0.000318,-0.0068,0.0014
7.695,FLIGHT,0.9523,1.5185,-0.1546,0.395,-0.1132,0.3742,-0.0092,-0.1932,-0.0842,0.036,1.0268,-0.0475,1.5771,0.000288,-0.0053,0.0011
7.7,FLIGHT,0.9518,1.5203,-0.1112,0.3728,-0.075,0.3539,-0.0096,-0.1931,-0.0727,0.0338,1.028,-0.0458,1.5766,0.000265,-0.004,0.0008
7.705,FLIGHT,0.9516,1.522,-0.0735,0.353,-0.0422,0.3364,-0.0099,-0.1929,-0.0626,0.0318,1.0293,-0.0444,1.5762,0.000247,-0.003,0.0006
7.71,FLIGHT,0.9514,1.5236,-0.041,0.3356,-0.014,0.3211,-0.0101,-0.1928,-0.0539,0.03,1.0305,-0.0431,1.5759,0.000234,-0.0022,0.0004
7.715,FLIGHT,0.9514,1.5252,-0.0131,0.3203,0.0101,0.3072,-0.0103,-0.1926,-0.0464,0.0285,1.0317,-0.042,1.5756,0.000225,-0.0016,0.0003
7.72,FLIGHT,0.9515,1.5267,0.011,0.3063,0.0309,0.2944,-0.0105,-0.1925,-0.0398,0.0271,1.0328,-0.0411,1.5755,0.000218,-0.0011,0.0002
7.725,FLIGHT,0.9517,1.5282,0.0316,0.2936,0.0487,0.2826,-0.0107,-0.1924,-0.034,0.0257,1.0339,-0.0403,1.5754,0.000214,-0.0007,0.0001
7.73,FLIGHT,0.952,1.5295,0.0493,0.2818,0.0639,0.2718,-0.0108,-0.1923,-0.029,0.0246,1.035,-0.0397,1.5754,0.000211,-0.0004,0.0001
7.735,FLIGHT,0.9523,1.5309,0.0644,0.2711,0.0768,0.2618,-0.0109,-0.1921,-0.0246,0.0235,1.0361,-0.0392,1.5754,0.000209,-0.0002,0.0
7.74,FLIGHT,0.9528,1.5322,0.0772,0.2611,0.0877,0.2526,-0.011,-0.192,-0.0208,0.0225,1.0371,-0.0388,1.5755,0.000208,-0.0001,0.0
7.745,FLIGHT,0.9532,1.5334,0.0879,0.252,0.0968,0.2441,-0.0111,-0.1919,-0.0175,0.0215,1.0381,-0.0386,1.5756,0.000208,0.0,0.0
7.75,FLIGHT,0.9537,1.5346,0.097,0.2434,0.1043,0.2361,-0.0112,-0.1918,-0.0146,0.0207,1.0391,-0.0383,1.5758,0.000209,0.0001,0.0
7.755,FLIGHT,0.9543,1.5358,0.1045,0.2355,0.1105,0.2286,-0.0112,-0.1917,-0.0121,0.0199,1.0401,-0.0382,1.5759,0.00021,0.0002,0.0
7.76,FLIGHT,0.9548,1.5369,0.1106,0.228,0.1156,0.2215,-0.0113,-0.1916,-0.0098,0.0192,1.041,-0.0381,1.5761,0.00021,0.0002,0.0
7.765,FLIGHT,0.9554,1.538,0.1156,0.221,0.1197,0.2149,-0.0113,-0.1915,-0.0079,0.0185,1.0419,-0.038,1.5764,0.000211,0.0002,0.0
7.77,FLIGHT,0.956,1.539,0.1197,0.2144,0.1229,0.2086,-0.0113,-0.1915,-0.0063,0.0179,1.0427,-0.038,1.5766,0.000212,0.0002,0.0
7.775,FLIGHT,0.9566,1.5401,0.1228,0.2081,0.1253,0.2026,-0.0113,-0.1914,-0.0048,0.0173,1.0436,-0.038,1.5769,0.000214,0.0002,0.0
7.78,FLIGHT,0.9573,1.5411,0.1253,0.2022,0.1271,0.197,-0.0114,-0.1913,-0.0035,0.0167,1.0444,-0.0381,1.5771,0.000215,0.0002,0.0
7.785,FLIGHT,0.9579,1.542,0.127,0.1965,0.1284,0.1915,-0.0114,-0.1912,-0.0024,0.0162,1.0451,-0.0382,1.5774,0.000215,0.0002,0.0
7.79,FLIGHT,0.9586,1.543,0.1283,0.1911,0.1291,0.1864,-0.0114,-0.1911,-0.0015,0.0157,1.0459,-0.0383,1.5777,0.000216,0.0002,0.0
7.795,FLIGHT,0.9592,1.5439,0.129,0.1859,0.1295,0.1814,-0.0114,-0.1911,-0.0006,0.0153,1.0466,-0.0384,1.5779,0.000217,0.0001,0.0
7.8,FLIGHT,0.9599,1.5448,0.1294,0.181,0.1295,0.1767,-0.0114,-0.191,0.0001,0.0148,1.0473,-0.0385,1.5782,0.000218,0.0001,0.0
7.805,FLIGHT,0.9605,1.5457,0.1294,0.1763,0.1292,0.1721,-0.0114,-0.1909,0.0007,0.0144,1.048,-0.0387,1.5785,0.000218,0.0001,0.0
7.81,FLIGHT,0.9611,1.5465,0.1291,0.1717,0.1287,0.1677,-0.0114,-0.1908,0.0013,0.014,1.0486,-0.0388,1.5788,0.000219,0.0001,0.0
7.815,FLIGHT,0.9618,1.5474,0.1285,0.1673,0.1279,0.1635,-0.0114,-0.1908,0.0018,0.0136,1.0492,-0.039,1.579,0.000219,0.0001,0.0
7.82,FLIGHT,0.9624,1.5482,0.1277,0.1631,0.127,0.1594,-0.0113,-0.1907,0.0022,0.0132,1.0498,-0.0391,1.5793,0.000219,0.0001,0.0
7.825,FLIGHT,0.9631,1.5489,0.1268,0.159,0.1259,0.1554,-0.0113,-0.1906,0.0026,0.0129,1.0503,-0.0393,1.5796,0.00022,0.0,0.0
7.83,FLIGHT,0.9637,1.5497,0.1257,0.1551,0.1247,0.1516,-0.0113,-0.1906,0.0029,0.0126,1.0509,-0.0395,1.5799,0.00022,0.0,0.0
7.835,FLIGHT,0.9643,1.5505,0.1245,0.1512,0.1234,0.1479,-0.0113,-0.1905,0.0032,0.0122,1.0514,-0.0396,1.5801,0.00022,0.0,0.0
7.84,FLIGHT,0.9649,1.5512,0.1232,0.1475,0.122,0.1443,-0.0113,-0.1905,0.0034,0.0119,1.0518,-0.0398,1.5804,0.00022,0.0,0.0
7.845,FLIGHT,0.9655,1.5519,0.1218,0.144,0.1205,0.1408,-0.0113,-0.1904,0.0036,0.0116,1.0523,-0.04,1.5807,0.00022,-0.0,0.0
7.85,FLIGHT,0.9661,1.5526,0.1203,0.1405,0.119,0.1374,-0.0112,-0.1904,0.0038,0.0113,1.0527,-0.0402,1.5809,0.00022,-0.0,0.0
7.855,FLIGHT,0.9667,1.5533,0.1188,0.1371,0.1174,0.1341,-0.0112,-0.1903,0.004,0.011,1.0531,-0.0404,1.5812,0.00022,-0.0,0.0
7.86,FLIGHT,0.9673,1.5539,0.1173,0.1338,0.1159,0.1309,-0.0112,-0.1902,0.0041,0.0108,1.0535,-0.0405,1.5814,0.00022,-0.0,0.0
7.865,FLIGHT,0.9679,1.5546,0.1157,0.1307,0.1142,0.1278,-0.0112,-0.1902,0.0043,0.0105,1.0538,-0.0407,1.5817,0.00022,-0.0,0.0
7.87,FLIGHT,0.9684,1.5552,0.1141,0.1276,0.1126,0.1248,-0.0112,-0.1901,0.0044,0.0102,1.0541,-0.0409,1.5819,0.00022,-0.0,0.0
7.875,FLIGHT,0.969,1.5558,0.1124,0.1246,0.111,0.1219,-0.0111,-0.1901,0.0045,0.01,1.0544,-0.0411,1.5822,0.000219,-0.0,0.0
7.88,FLIGHT,0.9695,1.5564,0.1108,0.1216,0.1094,0.119,-0.0111,-0.19,0.0046,0.0097,1.0547,-0.0413,1.5824,0.000219,-0.0,0.0
7.885,FLIGHT,0.9701,1.557,0.1092,0.1188,0.1077,0.1163,-0.0111,-0.19,0.0046,0.0095,1.0549,-0.0414,1.5827,0.000219,-0.0,0.0
7.89,FLIGHT,0.9706,1.5576,0.1076,0.116,0.1061,0.1136,-0.0111,-0.1899,0.0047,0.0093,1.0552,-0.0416,1.5829,0.000219,-0.0,0.0
7.895,FLIGHT,0.9712,1.5582,0.1059,0.1133,0.1045,0.1109,-0.011,-0.1899,0.0047,0.0091,1.0554,-0.0418,1.5831,0.000219,-0.0,0.0
7.9,FLIGHT,0.9717,1.5587,0.1043,0.1107,0.1029,0.1083,-0.011,-0.1899,0.0048,0.0088,1.0555,-0.0419,1.5833,0.000218,-0.0,0.0
7.905,FLIGHT,0.9722,1.5592,0.1027,0.1081,0.1013,0.1058,-0.011,-0.1898,0.0048,0.0086,1.0557,-0.0421,1.5835,0.000218,-0.0,0.0
7.91,FLIGHT,0.9727,1.5598,0.1011,0.1056,0.0997,0.1034,-0.011,-0.1898,0.0049,0.0084,1.0558,-0.0423,1.5838,0.000218,-0.0,0.0
7.915,FLIGHT,0.9732,1.5603,0.0996,0.1032,0.0982,0.101,-0.0109,-0.1897,0.0049,0.0082,1.0559,-0.0424,1.584,0.000218,-0.0,0.0
7.92,FLIGHT,0.9737,1.5608,0.098,0.1008,0.0967,0.0987,-0.0109,-0.1897,0.0049,0.008,1.056,-0.0426,1.5842,0.000218,-0.0,0.0
7.925,FLIGHT,0.9741,1.5613,0.0965,0.0985,0.0951,0.0965,-0.0109,-0.1897,0.0049,0.0078,1.056,-0.0427,1.5844,0.000217,-0.0,0.0
7.93,FLIGHT,0.9746,1.5617,0.095,0.0963,0.0937,0.0943,-0.0109,-0.1896,0.005,0.0077,1.056,-0.0429,1.5846,0.000217,-0.0,0.0
7.935,FLIGHT,0.9751,1.5622,0.0935,0.0941,0.0922,0.0921,-0.0108,-0.1896,0.005,0.0075,1.056,-0.043,1.5848,0.000217,-0.0,0.0
7.94,FLIGHT,0.9755,1.5627,0.092,0.0919,0.0907,0.09,-0.0108,-0.1895,0.005,0.0073,1.056,-0.0432,1.585,0.000217,-0.0,0.0
7.945,FLIGHT,0.976,1.5631,0.0906,0.0898,0.0893,0.088,-0.0108,-0.1895,0.005,0.0071,1.056,-0.0433,1.5851,0.000217,-0.0,0.0
7.95,FLIGHT,0.9764,1.5635,0.0892,0.0878,0.0879,0.086,-0.0108,-0.1895,0.005,0.007,1.0559,-0.0435,1.5853,0.000216,-0.0,0.0
7.955,FLIGHT,0.9769,1.564,0.0878,0.0858,0.0866,0.0841,-0.0107,-0.1894,0.005,0.0068,1.0558,-0.0436,1.5855,0.000216,-0.0,0.0
7.96,FLIGHT,0.9773,1.5644,0.0864,0.0839,0.0852,0.0822,-0.0107,-0.1894,0.005,0.0066,1.0557,-0.0438,1.5857,0.000216,-0.0,0.0
7.965,FLIGHT,0.9777,1.5648,0.0851,0.082,0.0839,0.0803,-0.0107,-0.1894,0.005,0.0065,1.0556,-0.0439,1.5859,0.000216,-0.0,0.0
7.97,FLIGHT,0.9781,1.5652,0.0837,0.0802,0.0826,0.0785,-0.0107,-0.1893,0.005,0.0063,1.0554,-0.044,1.586,0.000216,-0.0,0.0
7.975,FLIGHT,0.9785,1.5656,0.0824,0.0784,0.0813,0.0768,-0.0106,-0.1893,0.005,0.0062,1.0553,-0.0442,1.5862,0.000216,-0.0,0.0
7.98,FLIGHT,0.9789,1.566,0.0812,0.0766,0.08,0.0751,-0.0106,-0.1893,0.005,0.0061,1.0551,-0.0443,1.5864,0.000215,-0.0,0.0
7.985,FLIGHT,0.9793,1.5663,0.0799,0.0749,0.0788,0.0734,-0.0106,-0.1893,0.005,0.0059,1.0548,-0.0444,1.5865,0.000215,-0.0,0.0
7.99,FLIGHT,0.9797,1.5667,0.0786,0.0733,0.0775,0.0718,-0.0106,-0.1892,0.0049,0.0058,1.0546,-0.0446,1.5867,0.000215,-0.0,0.0
7.995,FLIGHT,0.9801,1.567,0.0774,0.0716,0.0763,0.0702,-0.0105,-0.1892,0.0049,0.0057,1.0543,-0.0447,1.5868,0.000215,-0.0,0.0
8.0,FLIGHT,0.9805,1.5674,0.0762,0.0701,0.0752,0.0687,-0.0105,-0.1892,0.0049,0.0055,1.0541,-0.0448,1.587,0.000215,-0.0,0.0
8.005,FLIGHT,0.9809,1.5677,0.0751,0.0685,0.074,0.0671,-0.0105,-0.1891,0.0049,0.0054,1.0537,-0.045,1.5872,0.000215,-0.0,0.0
8.01,FLIGHT,0.9812,1.5681,0.0739,0.067,0.0729,0.0657,-0.0105,-0.1891,0.0049,0.0053,1.0534,-0.0451,1.5873,0.000215,-0.0,0.0
8.015,FLIGHT,0.9816,1.5684,0.0728,0.0655,0.0717,0.0642,-0.0104,-0.1891,0.0049,0.0052,1.0531,-0.0452,1.5875,0.000214,-0.0,0.0
8.02,FLIGHT,0.982,1.5687,0.0716,0.0641,0.0706,0.0629,-0.0104,-0.1891,0.0048,0.005,1.0527,-0.0453,1.5876,0.000214,-0.0,0.0
8.025,FLIGHT,0.9823,1.569,0.0705,0.0627,0.0696,0.0615,-0.0104,-0.189,0.0048,0.0049,1.0523,-0.0454,1.5877,0.000214,-0.0,0.0
8.03,FLIGHT,0.9827,1.5693,0.0695,0.0614,0.0685,0.0602,-0.0104,-0.189,0.0048,0.0048,1.0519,-0.0456,1.5879,0.000214,-0.0,0.0
8.035,FLIGHT,0.983,1.5696,0.0684,0.06,0.0674,0.0589,-0.0104,-0.189,0.0048,0.0047,1.0515,-0.0457,1.588,0.000214,-0.0,0.0
8.04,FLIGHT,0.9833,1.5699,0.0673,0.0588,0.0664,0.0576,-0.0103,-0.189,0.0047,0.0046,1.0511,-0.0458,1.5882,0.000214,-0.0,0.0
8.045,FLIGHT,0.9837,1.5702,0.0663,0.0575,0.0654,0.0564,-0.0103,-0.189,0.0047,0.0045,1.0506,-0.0459,1.5883,0.000214,-0.0,0.0
8.05,FLIGHT,0.984,1.5705,0.0653,0.0563,0.0644,0.0552,-0.0103,-0.1889,0.0047,0.0044,1.0501,-0.046,1.5884,0.000214,-0.0,0.0
8.055,FLIGHT,0.9843,1.5707,0.0643,0.0551,0.0634,0.054,-0.0103,-0.1889,0.0047,0.0043,1.0496,-0.0461,1.5886,0.000214,-0.0,0.0
8.06,FLIGHT,0.9846,1.571,0.0633,0.0539,0.0624,0.0529,-0.0102,-0.1889,0.0046,0.0042,1.0491,-0.0462,1.5887,0.000214,-0.0,0.0
8.065,FLIGHT,0.9849,1.5713,0.0623,0.0528,0.0615,0.0518,-0.0102,-0.1889,0.0046,0.0041,1.0485,-0.0463,1.5888,0.000213,-0.0,0.0
8.07,FLIGHT,0.9852,1.5715,0.0614,0.0517,0.0605,0.0507,-0.0102,-0.1888,0.0046,0.004,1.048,-0.0464,1.5889,0.000213,-0.0,0.0
8.075,FLIGHT,0.9855,1.5718,0.0604,0.0506,0.0596,0.0496,-0.0102,-0.1888,0.0045,0.0039,1.0474,-0.0466,1.5891,0.000213,-0.0,0.0
8.08,FLIGHT,0.9858,1.572,0.0595,0.0495,0.0587,0.0486,-0.0101,-0.1888,0.0045,0.0039,1.0468,-0.0467,1.5892,0.000213,-0.0,0.0
8.085,FLIGHT,0.9861,1.5723,0.0586,0.0485,0.0578,0.0476,-0.0101,-0.1888,0.0045,0.0038,1.0462,-0.0468,1.5893,0.000213,-0.0,0.0
8.09,FLIGHT,0.9864,1.5725,0.0577,0.0475,0.0569,0.0466,-0.0101,-0.1888,0.0044,0.0037,1.0455,-0.0469,1.5894,0.000213,-0.0,0.0
8.095,FLIGHT,0.9867,1.5727,0.0568,0.0465,0.056,0.0457,-0.0101,-0.1888,0.0044,0.0036,1.0449,-0.047,1.5895,0.000213,-0.0,0.0
8.1,FLIGHT,0.987,1.573,0.056,0.0456,0.0552,0.0447,-0.0101,-0.1887,0.0044,0.0035,1.0442,-0.0471,1.5896,0.000213,-0.0,0.0
8.105,FLIGHT,0.9872,1.5732,0.0551,0.0447,0.0543,0.0438,-0.01,-0.1887,0.0043,0.0035,1.0435,-0.0472,1.5898,0.000213,-0.0,0.0
8.11,FLIGHT,0.9875,1.5734,0.0542,0.0438,0.0535,0.043,-0.01,-0.1887,0.0043,0.0034,1.0428,-0.0473,1.5899,0.000213,-0.0,0.0
8.115,FLIGHT,0.9878,1.5736,0.0534,0.0429,0.0527,0.0421,-0.01,-0.1887,0.0043,0.0033,1.0421,-0.0474,1.59,0.000213,-0.0,0.0
8.12,FLIGHT,0.988,1.5738,0.0526,0.042,0.0518,0.0413,-0.01,-0.1887,0.0042,0.0033,1.0414,-0.0475,1.5901,0.000213,-0.0,0.0
8.125,FLIGHT,0.9883,1.574,0.0518,0.0412,0.051,0.0404,-0.0099,-0.1887,0.0042,0.0032,1.0406,-0.0476,1.5902,0.000213,-0.0,0.0
8.13,FLIGHT,0.9885,1.5742,0.051,0.0404,0.0502,0.0396,-0.0099,-0.1886,0.0041,0.0031,1.0398,-0.0477,1.5903,0.000213,-0.0,0.0
8.135,FLIGHT,0.9888,1.5744,0.0502,0.0396,0.0494,0.0389,-0.0099,-0.1886,0.0041,0.0031,1.0391,-0.0478,1.5904,0.000213,-0.0,0.0
8.14,FLIGHT,0.989,1.5746,0.0494,0.0388,0.0487,0.0381,-0.0099,-0.1886,0.004,0.003,1.0382,-0.0479,1.5905,0.000213,-0.0,0.0
8.145,FLIGHT,0.9893,1.5748,0.0486,0.038,0.0479,0.0374,-0.0099,-0.1886,0.004,0.0029,1.0374,-0.0479,1.5906,0.000213,-0.0,0.0
8.15,FLIGHT,0.9895,1.575,0.0478,0.0373,0.0471,0.0367,-0.0098,-0.1886,0.0039,0.0029,1.0366,-0.048,1.5907,0.000213,-0.0,0.0
8.155,FLIGHT,0.9898,1.5752,0.0471,0.0366,0.0464,0.036,-0.0098,-0.1886,0.0039,0.0028,1.0357,-0.0481,1.5908,0.000213,-0.0,0.0
8.16,FLIGHT,0.99,1.5754,0.0463,0.0359,0.0456,0.0353,-0.0098,-0.1886,0.0039,0.0028,1.0349,-0.0482,1.5909,0.000213,-0.0,0.0
8.165,FLIGHT,0.9902,1.5755,0.0456,0.0352,0.0449,0.0346,-0.0098,-0.1885,0.0038,0.0027,1.034,-0.0483,1.591,0.000213,-0.0,0.0
8.17,FLIGHT,0.9904,1.5757,0.0448,0.0346,0.0442,0.034,-0.0098,-0.1885,0.0038,0.0027,1.0331,-0.0484,1.5911,0.000213,-0.0,0.0
8.175,FLIGHT,0.9906,1.5759,0.0441,0.0339,0.0435,0.0333,-0.0098,-0.1885,0.0037,0.0026,1.0321,-0.0485,1.5912,0.000213,-0.0,0.0
8.18,FLIGHT,0.9909,1.576,0.0434,0.0333,0.0428,0.0327,-0.0097,-0.1885,0.0037,0.0026,1.0312,-0.0486,1.5913,0.000212,-0.0,0.0
8.185,FLIGHT,0.9911,1.5762,0.0427,0.0327,0.0421,0.0321,-0.0097,-0.1885,0.0036,0.0025,1.0303,-0.0487,1.5914,0.000212,-0.0,0.0
8.19,FLIGHT,0.9913,1.5764,0.042,0.0321,0.0414,0.0315,-0.0097,-0.1885,0.0036,0.0025,1.0293,-0.0488,1.5915,0.000212,-0.0,0.0
8.195,FLIGHT,0.9915,1.5765,0.0413,0.0315,0.0407,0.031,-0.0097,-0.1885,0.0035,0.0024,1.0283,-0.0489,1.5916,0.000212,-0.0,0.0
8.2,FLIGHT,0.9917,1.5767,0.0406,0.0309,0.04,0.0304,-0.0097,-0.1884,0.0034,0.0024,1.0273,-0.049,1.5917,0.000212,-0.0,0.0
8.205,FLIGHT,0.9919,1.5768,0.0399,0.0304,0.0393,0.0299,-0.0096,-0.1884,0.0034,0.0023,1.0263,-0.049,1.5917,0.000212,0.0,0.0
8.21,FLIGHT,0.9921,1.577,0.0392,0.0298,0.0386,0.0293,-0.0096,-0.1884,0.0033,0.0023,1.0253,-0.0491,1.5918,0.000212,0.0,0.0
8.215,FLIGHT,0.9923,1.5771,0.0386,0.0293,0.038,0.0288,-0.0096,-0.1884,0.0033,0.0023,1.0242,-0.0492,1.5919,0.000212,0.0,0.0
8.22,FLIGHT,0.9925,1.5772,0.0379,0.0288,0.0373,0.0283,-0.0096,-0.1884,0.0032,0.0022,1.0232,-0.0493,1.592,0.000212,0.0,0.0
8.225,FLIGHT,0.9926,1.5774,0.0372,0.0283,0.0366,0.0278,-0.0096,-0.1884,0.0032,0.0022,1.0221,-0.0494,1.5921,0.000213,0.0,0.0
8.23,FLIGHT,0.9928,1.5775,0.0366,0.0278,0.036,0.0274,-0.0096,-0.1884,0.0031,0.0022,1.021,-0.0495,1.5922,0.000213,0.0,0.0
8.235,FLIGHT,0.993,1.5777,0.0359,0.0273,0.0354,0.0269,-0.0096,-0.1884,0.0031,0.0021,1.0199,-0.0496,1.5923,0.000213,0.0,0.0
8.24,FLIGHT,0.9932,1.5778,0.0353,0.0269,0.0347,0.0264,-0.0095,-0.1884,0.003,0.0021,1.0188,-0.0496,1.5923,0.000213,0.0,0.0
8.245,FLIGHT,0.9934,1.5779,0.0346,0.0264,0.0341,0.026,-0.0095,-0.1884,0.0029,0.002,1.0177,-0.0497,1.5924,0.000213,0.0,0.0
8.25,FLIGHT,0.9935,1.5781,0.034,0.026,0.0334,0.0256,-0.0095,-0.1883,0.0029,0.002,1.0166,-0.0498,1.5925,0.000213,0.0,0.0
8.255,FLIGHT,0.9937,1.5782,0.0334,0.0255,0.0328,0.0252,-0.0095,-0.1883,0.0028,0.002,1.0154,-0.0499,1.5926,0.000213,0.0,0.0
8.26,FLIGHT,0.9939,1.5783,0.0328,0.0251,0.0322,0.0247,-0.0095,-0.1883,0.0028,0.0019,1.0143,-0.05,1.5927,0.000213,0.0,0.0
8.265,FLIGHT,0.994,1.5784,0.0321,0.0247,0.0316,0.0243,-0.0095,-0.1883,0.0027,0.0019,1.0131,-0.0501,1.5928,0.000213,0.0,0.0
8.27,FLIGHT,0.9942,1.5786,0.0315,0.0243,0.031,0.024,-0.0095,-0.1883,0.0026,0.0019,1.0119,-0.0502,1.5928,0.000213,0.0,0.0
8.275,FLIGHT,0.9943,1.5787,0.0309,0.0239,0.0304,0.0236,-0.0094,-0.1883,0.0026,0.0019,1.0107,-0.0502,1.5929,0.000213,0.0,0.0
8.28,FLIGHT,0.9945,1.5788,0.0303,0.0235,0.0298,0.0232,-0.0094,-0.1883,0.0025,0.0018,1.0095,-0.0503,1.593,0.000213,0.0,0.0
8.285,FLIGHT,0.9946,1.5789,0.0297,0.0232,0.0292,0.0228,-0.0094,-0.1883,0.0024,0.0018,1.0082,-0.0504,1.5931,0.000213,0.0,0.0
8.29,FLIGHT,0.9948,1.579,0.0291,0.0228,0.0286,0.0225,-0.0094,-0.1883,0.0024,0.0018,1.007,-0.0505,1.5931,0.000213,0.0,0.0
8.295,FLIGHT,0.9949,1.5791,0.0285,0.0225,0.028,0.0222,-0.0094,-0.1883,0.0023,0.0018,1.0057,-0.0506,1.5932,0.000213,0.0,0.0
8.3,FLIGHT,0.995,1.5792,0.0279,0.0221,0.0274,0.0218,-0.0094,-0.1882,0.0022,0.0017,1.0045,-0.0507,1.5933,0.000213,0.0,0.0
8.305,FLIGHT,0.9952,1.5793,0.0273,0.0218,0.0268,0.0215,-0.0094,-0.1882,0.0022,0.0017,1.0032,-0.0507,1.5934,0.000213,0.0,0.0
8.31,FLIGHT,0.9953,1.5795,0.0267,0.0215,0.0262,0.0212,-0.0094,-0.1882,0.0021,0.0017,1.0019,-0.0508,1.5934,0.000213,0.0,0.0
8.315,FLIGHT,0.9954,1.5796,0.0261,0.0211,0.0256,0.0209,-0.0094,-0.1882,0.002,0.0017,1.0006,-0.0509,1.5935,0.000213,0.0,0.0
8.32,STANCE,0.9956,1.5798,0.0353,0.0468,0.1422,0.3288,-0.0094,-0.1882,0.0003,0.0039,0.9994,0.1148,-0.0412,0.000161,-0.1236,0.0247
8.325,STANCE,1.0008,1.5794,0.8409,-0.1376,2.156,-1.0756,-0.0083,-0.1883,0.1771,-0.0193,0.9983,-0.284,-0.5406,-0.001927,-0.6309,0.1281
8.33,STANCE,1.0069,1.5765,0.9376,-0.33,0.1254,0.1876,-0.0068,-0.1886,0.2221,-0.0354,0.9979,-0.5879,-1.0431,-0.004016,-0.1884,0.0417
8.335,STANCE,1.0065,1.5781,0.25,0.1005,-0.0338,0.1958,-0.0071,-0.1884,0.0333,0.0071,0.9981,-0.616,-1.7757,-0.004527,-0.044,0.0133
8.34,STANCE,1.0077,1.5771,0.2811,-0.1506,0.5582,-0.6439,-0.0067,-0.1885,0.0737,-0.0151,0.9984,-0.9551,-2.1035,-0.004584,0.0156,0.0046
8.345,STANCE,1.0117,1.5687,0.6425,-1.3045,0.9848,-2.0153,-0.0048,-0.1893,0.3021,-0.1155,0.9984,-1.4501,-1.8316,-0.004218,0.0933,0.0042
8.35,STANCE,1.0167,1.5566,0.896,-2.1071,1.086,-2.3744,-0.0022,-0.1903,0.4652,-0.1785,0.9984,-1.8562,-1.47,-0.003573,0.1326,0.0036
8.355,STANCE,1.0214,1.5419,0.8971,-2.7066,0.8642,-2.8919,0.0008,-0.1916,0.5546,-0.2187,0.9983,-2.0485,-0.9914,-0.00264,0.1843,0.0026
8.36,STANCE,1.0262,1.5295,0.9447,-2.532,0.9453,-2.3296,0.0035,-0.1925,0.5435,-0.1958,0.9987,-2.0857,-0.7039,-0.002113,0.0671,0.0021
8.365,STANCE,1.0292,1.5165,0.6873,-2.5614,0.4368,-2.253,0.0059,-0.1935,0.5019,-0.1915,0.9991,-1.8162,-0.2518,-0.00153,0.1103,0.0015
8.37,STANCE,1.03,1.5054,0.2973,-2.3446,-0.0108,-2.0441,0.0077,-0.1944,0.3976,-0.1727,0.9997,-1.3193,0.1147,-0.000818,0.1515,0.0008
8.375,STANCE,1.0292,1.4948,-0.0181,-2.1952,-0.2732,-2.2849,0.0091,-0.1952,0.3162,-0.1608,1.0003,-0.754,0.4867,4.4e-05,0.1941,0.0
8.38,STANCE,1.0281,1.4833,-0.1581,-2.2866,-0.2241,-2.4977,0.0105,-0.196,0.3038,-0.1655,1.0008,-0.2624,0.889,0.000813,0.1224,0.0
8.385,STANCE,1.0269,1.4699,-0.2094,-2.5671,-0.2347,-2.7745,0.0123,-0.197,0.3368,-0.182,1.0012,0.0709,1.2417,0.001279,0.066,0.0
8.39,FLIGHT,1.0262,1.4572,-0.1511,-2.5156,-0.0279,-2.2522,0.014,-0.1978,0.3427,-0.1734,1.0018,-1.132,2.4653,0.001496,0.0222,0.0
8.395,FLIGHT,1.021,1.4575,-0.8669,-0.5364,-1.9133,1.8868,0.0129,-0.1979,-0.0923,-0.0482,1.0034,-0.7976,2.1649,0.001549,0.0008,0.0
8.4,FLIGHT,1.0094,1.4706,-1.8765,1.6381,-2.4899,2.8614,0.0087,-0.1971,-0.609,0.1025,1.0057,-0.2106,1.6701,0.001517,-0.0126,0.0025
8.405,FLIGHT,0.9979,1.4829,-2.1355,2.1332,-2.0244,1.9224,0.0047,-0.1963,-0.7267,0.1521,1.0077,0.0509,1.4596,0.001429,-0.0217,0.0043
8.41,FLIGHT,0.9894,1.4897,-1.7949,1.5576,-1.3759,0.9009,0.002,-0.1958,-0.5742,0.1181,1.0094,0.0205,1.4965,0.001305,-0.0279,0.0056
8.415,FLIGHT,0.9836,1.493,-1.3446,0.9284,-0.9953,0.5154,0.0004,-0.1955,-0.395,0.0732,1.0109,-0.0825,1.5898,0.001159,-0.0296,0.0059
8.42,FLIGHT,0.979,1.4956,-1.0487,0.6606,-0.8645,0.572,-0.0008,-0.1953,-0.2984,0.0541,1.0124,-0.1303,1.6321,0.001014,-0.0282,0.0056
8.425,FLIGHT,0.9749,1.4988,-0.9036,0.6528,-0.8121,0.6929,-0.0021,-0.195,-0.2684,0.0551,1.0139,-0.1183,1.6227,0.000879,-0.0256,0.0051
8.43,FLIGHT,0.971,1.5024,-0.8131,0.691,-0.7336,0.7051,-0.0034,-0.1947,-0.2554,0.0598,1.0155,-0.0884,1.5991,0.000758,-0.0227,0.0045
8.435,FLIGHT,0.9676,1.5057,-0.7162,0.6736,-0.6219,0.6313,-0.0045,-0.1944,-0.2335,0.0595,1.017,-0.069,1.5849,0.000652,-0.0197,0.0039
8.44,FLIGHT,0.9648,1.5087,-0.6066,0.6103,-0.5077,0.5461,-0.0055,-0.1942,-0.2029,0.0548,1.0184,-0.063,1.5822,0.00056,-0.0168,0.0034
8.445,FLIGHT,0.9625,1.5112,-0.5008,0.5423,-0.4121,0.488,-0.0063,-0.1939,-0.1726,0.0492,1.0198,-0.0625,1.5839,0.000483,-0.0141,0.0028
8.45,FLIGHT,0.9606,1.5136,-0.4102,0.4917,-0.3367,0.4551,-0.0069,-0.1937,-0.1477,0.0449,1.0212,-0.0612,1.5844,0.000419,-0.0116,0.0023
8.455,FLIGHT,0.9591,1.5158,-0.3355,0.4576,-0.2744,0.4317,-0.0075,-0.1935,-0.1282,0.0419,1.0226,-0.058,1.5831,0.000367,-0.0093,0.0019
8.46,FLIGHT,0.9579,1.5179,-0.2722,0.4309,-0.2193,0.4083,-0.0081,-0.1933,-0.1121,0.0395,1.0239,-0.0541,1.5811,0.000325,-0.0074,0.0015
8.465,FLIGHT,0.9569,1.5199,-0.2165,0.4059,-0.1695,0.3839,-0.0085,-0.1932,-0.0978,0.0372,1.0252,-0.0509,1.5795,0.000293,-0.0058,0.0012
8.47,FLIGHT,0.9561,1.5217,-0.1669,0.3818,-0.1252,0.3608,-0.0089,-0.193,-0.0848,0.0348,1.0265,-0.0485,1.5786,0.000267,-0.0044,0.0009
8.475,FLIGHT,0.9556,1.5235,-0.1232,0.3595,-0.0867,0.3407,-0.0093,-0.1928,-0.0732,0.0327,1.0277,-0.0468,1.578,0.000248,-0.0033,0.0007
8.48,FLIGHT,0.9553,1.5251,-0.0852,0.3398,-0.0537,0.3234,-0.0096,-0.1927,-0.0631,0.0307,1.0289,-0.0453,1.5776,0.000234,-0.0025,0.0005
8.485,FLIGHT,0.9551,1.5267,-0.0525,0.3226,-0.0253,0.3082,-0.0098,-0.1925,-0.0543,0.029,1.0301,-0.044,1.5773,0.000223,-0.0018,0.0004
8.49,FLIGHT,0.955,1.5282,-0.0242,0.3074,-0.0008,0.2944,-0.01,-0.1924,-0.0468,0.0274,1.0313,-0.0429,1.577,0.000215,-0.0012,0.0002
8.495,FLIGHT,0.9551,1.5297,0.0001,0.2936,0.0203,0.2818,-0.0102,-0.1923,-0.0402,0.026,1.0324,-0.0419,1.5767,0.00021,-0.0008,0.0002
8.5,FLIGHT,0.9552,1.5311,0.0211,0.2809,0.0384,0.2701,-0.0104,-0.1922,-0.0344,0.0247,1.0335,-0.0411,1.5766,0.000207,-0.0005,0.0001
8.505,FLIGHT,0.9554,1.5324,0.0391,0.2694,0.0539,0.2595,-0.0105,-0.192,-0.0293,0.0235,1.0345,-0.0405,1.5766,0.000205,-0.0003,0.0001
8.51,FLIGHT,0.9557,1.5336,0.0544,0.2588,0.0671,0.2497,-0.0106,-0.1919,-0.0249,0.0225,1.0356,-0.04,1.5766,0.000204,-0.0001,0.0
8.515,FLIGHT,0.9561,1.5349,0.0674,0.2491,0.0782,0.2408,-0.0107,-0.1918,-0.0211,0.0215,1.0366,-0.0396,1.5766,0.000204,0.0,0.0
8.52,FLIGHT,0.9565,1.5361,0.0785,0.2401,0.0875,0.2324,-0.0108,-0.1917,-0.0177,0.0206,1.0375,-0.0392,1.5767,0.000205,0.0001,0.0
8.525,FLIGHT,0.957,1.5372,0.0877,0.2318,0.0953,0.2246,-0.0109,-0.1916,-0.0148,0.0198,1.0385,-0.039,1.5769,0.000206,0.0002,0.0
8.53,FLIGHT,0.9575,1.5383,0.0955,0.2241,0.1018,0.2174,-0.0109,-0.1915,-0.0123,0.019,1.0394,-0.0388,1.577,0.000207,0.0002,0.0
8.535,FLIGHT,0.958,1.5394,0.1019,0.2168,0.107,0.2105,-0.011,-0.1914,-0.01,0.0183,1.0403,-0.0387,1.5772,0.000208,0.0002,0.0
8.54,FLIGHT,0.9585,1.5404,0.1071,0.21,0.1113,0.2041,-0.011,-0.1914,-0.0081,0.0176,1.0411,-0.0386,1.5774,0.000209,0.0002,0.0
8.545,FLIGHT,0.9591,1.5414,0.1113,0.2036,0.1147,0.1981,-0.0111,-0.1913,-0.0064,0.017,1.042,-0.0386,1.5776,0.00021,0.0002,0.0
8.55,FLIGHT,0.9597,1.5424,0.1147,0.1976,0.1174,0.1923,-0.0111,-0.1912,-0.005,0.0165,1.0428,-0.0386,1.5778,0.000211,0.0002,0.0
8.555,FLIGHT,0.9603,1.5433,0.1173,0.1919,0.1194,0.1869,-0.0111,-0.1911,-0.0037,0.0159,1.0435,-0.0387,1.5781,0.000212,0.0002,0.0
8.56,FLIGHT,0.9609,1.5443,0.1193,0.1864,0.1208,0.1817,-0.0111,-0.191,-0.0026,0.0154,1.0443,-0.0387,1.5783,0.000213,0.0002,0.0
8.565,FLIGHT,0.9615,1.5452,0.1207,0.1813,0.1217,0.1767,-0.0111,-0.191,-0.0016,0.0149,1.045,-0.0388,1.5786,0.000214,0.0002,0.0
8.57,FLIGHT,0.9621,1.546,0.1216,0.1763,0.1222,0.172,-0.0111,-0.1909,-0.0008,0.0145,1.0457,-0.0389,1.5788,0.000215,0.0002,0.0
8.575,FLIGHT,0.9627,1.5469,0.1221,0.1716,0.1224,0.1674,-0.0111,-0.1908,-0.0,0.0141,1.0464,-0.039,1.5791,0.000216,0.0001,0.0
8.58,FLIGHT,0.9633,1.5477,0.1223,0.167,0.1223,0.1631,-0.0111,-0.1908,0.0006,0.0137,1.047,-0.0391,1.5794,0.000217,0.0001,0.0
8.585,FLIGHT,0.9639,1.5485,0.1221,0.1627,0.1219,0.1589,-0.0111,-0.1907,0.0012,0.0133,1.0476,-0.0393,1.5796,0.000217,0.0001,0.0
8.59,FLIGHT,0.9645,1.5493,0.1217,0.1585,0.1213,0.1548,-0.0111,-0.1906,0.0017,0.0129,1.0482,-0.0394,1.5799,0.000217,0.0001,0.0
8.595,FLIGHT,0.9651,1.5501,0.1211,0.1545,0.1205,0.1509,-0.0111,-0.1906,0.0021,0.0126,1.0487,-0.0396,1.5801,0.000218,0.0001,0.0
8.6,FLIGHT,0.9657,1.5508,0.1203,0.1506,0.1195,0.1472,-0.0111,-0.1905,0.0025,0.0122,1.0493,-0.0397,1.5804,0.000218,0.0,0.0
8.605,FLIGHT,0.9663,1.5515,0.1194,0.1468,0.1185,0.1435,-0.0111,-0.1904,0.0028,0.0119,1.0497,-0.0399,1.5807,0.000218,0.0,0.0
8.61,FLIGHT,0.9669,1.5522,0.1183,0.1432,0.1173,0.14,-0.011,-0.1904,0.0031,0.0116,1.0502,-0.0401,1.5809,0.000218,0.0,0.0
8.615,FLIGHT,0.9675,1.5529,0.1171,0.1397,0.116,0.1366,-0.011,-0.1903,0.0033,0.0113,1.0507,-0.0402,1.5812,0.000219,0.0,0.0
8.62,FLIGHT,0.9681,1.5536,0.1158,0.1363,0.1147,0.1333,-0.011,-0.1903,0.0035,0.011,1.0511,-0.0404,1.5814,0.000219,0.0,0.0
8.625,FLIGHT,0.9687,1.5543,0.1145,0.133,0.1133,0.1301,-0.011,-0.1902,0.0037,0.0107,1.0515,-0.0406,1.5817,0.000219,-0.0,0.0
8.63,FLIGHT,0.9692,1.5549,0.1131,0.1298,0.1118,0.127,-0.011,-0.1902,0.0039,0.0105,1.0519,-0.0408,1.5819,0.000219,-0.0,0.0
8.635,FLIGHT,0.9698,1.5555,0.1116,0.1267,0.1103,0.1239,-0.0109,-0.1901,0.004,0.0102,1.0522,-0.0409,1.5821,0.000218,-0.0,0.0
8.64,FLIGHT,0.9703,1.5561,0.1102,0.1237,0.1088,0.121,-0.0109,-0.1901,0.0041,0.0099,1.0525,-0.0411,1.5824,0.000218,-0.0,0.0
8.645,FLIGHT,0.9709,1.5567,0.1087,0.1207,0.1073,0.1181,-0.0109,-0.19,0.0043,0.0097,1.0528,-0.0413,1.5826,0.000218,-0.0,0.0
8.65,FLIGHT,0.9714,1.5573,0.1072,0.1179,0.1058,0.1154,-0.0109,-0.19,0.0043,0.0095,1.0531,-0.0414,1.5828,0.000218,-0.0,0.0
8.655,FLIGHT,0.9719,1.5579,0.1056,0.1151,0.1043,0.1126,-0.0109,-0.1899,0.0044,0.0092,1.0533,-0.0416,1.5831,0.000218,-0.0,0.0
8.66,FLIGHT,0.9724,1.5585,0.1041,0.1124,0.1027,0.11,-0.0108,-0.1899,0.0045,0.009,1.0535,-0.0418,1.5833,0.000218,-0.0,0.0
8.665,FLIGHT,0.973,1.559,0.1026,0.1098,0.1012,0.1075,-0.0108,-0.1898,0.0046,0.0088,1.0537,-0.0419,1.5835,0.000218,-0.0,0.0
8.67,FLIGHT,0.9735,1.5595,0.1011,0.1072,0.0997,0.105,-0.0108,-0.1898,0.0046,0.0086,1.0539,-0.0421,1.5837,0.000218,-0.0,0.0
8.675,FLIGHT,0.9739,1.56,0.0995,0.1047,0.0982,0.1025,-0.0108,-0.1898,0.0047,0.0084,1.054,-0.0422,1.5839,0.000217,-0.0,0.0
8.68,FLIGHT,0.9744,1.5606,0.098,0.1023,0.0967,0.1002,-0.0107,-0.1897,0.0047,0.0082,1.0542,-0.0424,1.5841,0.000217,-0.0,0.0
8.685,FLIGHT,0.9749,1.561,0.0965,0.0999,0.0952,0.0979,-0.0107,-0.1897,0.0047,0.008,1.0543,-0.0426,1.5843,0.000217,-0.0,0.0
8.69,FLIGHT,0.9754,1.5615,0.0951,0.0976,0.0937,0.0956,-0.0107,-0.1896,0.0048,0.0078,1.0543,-0.0427,1.5845,0.000217,-0.0,0.0
8.695,FLIGHT,0.9759,1.562,0.0936,0.0954,0.0923,0.0934,-0.0107,-0.1896,0.0048,0.0076,1.0544,-0.0429,1.5847,0.000217,-0.0,0.0
8.7,FLIGHT,0.9763,1.5625,0.0921,0.0932,0.0909,0.0913,-0.0106,-0.1896,0.0048,0.0074,1.0544,-0.043,1.5849,0.000216,-0.0,0.0
8.705,FLIGHT,0.9768,1.5629,0.0907,0.0911,0.0895,0.0892,-0.0106,-0.1895,0.0048,0.0073,1.0544,-0.0432,1.5851,0.000216,-0.0,0.0
8.71,FLIGHT,0.9772,1.5634,0.0893,0.089,0.0881,0.0872,-0.0106,-0.1895,0.0048,0.0071,1.0544,-0.0433,1.5853,0.000216,-0.0,0.0
8.715,FLIGHT,0.9776,1.5638,0.0879,0.087,0.0867,0.0852,-0.0106,-0.1895,0.0048,0.0069,1.0543,-0.0434,1.5855,0.000216,-0.0,0.0
8.72,FLIGHT,0.9781,1.5642,0.0866,0.085,0.0853,0.0833,-0.0105,-0.1894,0.0049,0.0068,1.0543,-0.0436,1.5856,0.000216,-0.0,0.0
8.725,FLIGHT,0.9785,1.5646,0.0852,0.0831,0.084,0.0814,-0.0105,-0.1894,0.0049,0.0066,1.0542,-0.0437,1.5858,0.000216,-0.0,0.0
8.73,FLIGHT,0.9789,1.565,0.0839,0.0812,0.0827,0.0796,-0.0105,-0.1894,0.0049,0.0064,1.0541,-0.0439,1.586,0.000215,-0.0,0.0
8.735,FLIGHT,0.9793,1.5654,0.0826,0.0794,0.0814,0.0778,-0.0105,-0.1893,0.0049,0.0063,1.0539,-0.044,1.5862,0.000215,-0.0,0.0
8.74,FLIGHT,0.9797,1.5658,0.0813,0.0776,0.0802,0.076,-0.0105,-0.1893,0.0048,0.0061,1.0538,-0.0441,1.5863,0.000215,-0.0,0.0
8.745,FLIGHT,0.9801,1.5662,0.08,0.0759,0.0789,0.0744,-0.0104,-0.1893,0.0048,0.006,1.0536,-0.0443,1.5865,0.000215,-0.0,0.0
8.75,FLIGHT,0.9805,1.5665,0.0788,0.0742,0.0777,0.0727,-0.0104,-0.1892,0.0048,0.0059,1.0534,-0.0444,1.5867,0.000215,-0.0,0.0
8.755,FLIGHT,0.9809,1.5669,0.0776,0.0725,0.0765,0.0711,-0.0104,-0.1892,0.0048,0.0057,1.0532,-0.0445,1.5868,0.000215,-0.0,0.0
8.76,FLIGHT,0.9813,1.5673,0.0764,0.0709,0.0753,0.0695,-0.0104,-0.1892,0.0048,0.0056,1.053,-0.0446,1.587,0.000214,-0.0,0.0
8.765,FLIGHT,0.9817,1.5676,0.0752,0.0694,0.0742,0.068,-0.0103,-0.1892,0.0048,0.0055,1.0527,-0.0448,1.5871,0.000214,-0.0,0.0
8.77,FLIGHT,0.982,1.5679,0.074,0.0678,0.073,0.0665,-0.0103,-0.1891,0.0048,0.0054,1.0524,-0.0449,1.5873,0.000214,-0.0,0.0
8.775,FLIGHT,0.9824,1.5683,0.0729,0.0664,0.0719,0.065,-0.0103,-0.1891,0.0048,0.0052,1.0521,-0.045,1.5874,0.000214,-0.0,0.0
8.78,FLIGHT,0.9827,1.5686,0.0718,0.0649,0.0708,0.0636,-0.0103,-0.1891,0.0048,0.0051,1.0518,-0.0451,1.5876,0.000214,-0.0,0.0
8.785,FLIGHT,0.9831,1.5689,0.0707,0.0635,0.0697,0.0622,-0.0102,-0.1891,0.0047,0.005,1.0514,-0.0453,1.5877,0.000214,-0.0,0.0
8.79,FLIGHT,0.9834,1.5692,0.0696,0.0621,0.0686,0.0609,-0.0102,-0.189,0.0047,0.0049,1.0511,-0.0454,1.5879,0.000214,-0.0,0.0
8.795,FLIGHT,0.9838,1.5695,0.0685,0.0608,0.0676,0.0596,-0.0102,-0.189,0.0047,0.0048,1.0507,-0.0455,1.588,0.000214,-0.0,0.0
8.8,FLIGHT,0.9841,1.5698,0.0675,0.0594,0.0665,0.0583,-0.0102,-0.189,0.0047,0.0047,1.0503,-0.0456,1.5881,0.000214,-0.0,0.0
8.805,FLIGHT,0.9844,1.5701,0.0664,0.0582,0.0655,0.057,-0.0101,-0.189,0.0047,0.0046,1.0499,-0.0457,1.5883,0.000213,-0.0,0.0
8.81,FLIGHT,0.9848,1.5704,0.0654,0.0569,0.0645,0.0558,-0.0101,-0.1889,0.0046,0.0045,1.0494,-0.0458,1.5884,0.000213,-0.0,0.0
8.815,FLIGHT,0.9851,1.5707,0.0644,0.0557,0.0635,0.0546,-0.0101,-0.1889,0.0046,0.0044,1.049,-0.0459,1.5885,0.000213,-0.0,0.0
8.82,FLIGHT,0.9854,1.5709,0.0634,0.0545,0.0626,0.0535,-0.0101,-0.1889,0.0046,0.0043,1.0485,-0.046,1.5887,0.000213,-0.0,0.0
8.825,FLIGHT,0.9857,1.5712,0.0625,0.0534,0.0616,0.0523,-0.01,-0.1889,0.0045,0.0042,1.048,-0.0462,1.5888,0.000213,-0.0,0.0
8.83,FLIGHT,0.986,1.5714,0.0615,0.0522,0.0607,0.0512,-0.01,-0.1889,0.0045,0.0041,1.0475,-0.0463,1.5889,0.000213,-0.0,0.0
8.835,FLIGHT,0.9863,1.5717,0.0606,0.0511,0.0597,0.0502,-0.01,-0.1888,0.0045,0.004,1.0469,-0.0464,1.589,0.000213,-0.0,0.0
8.84,FLIGHT,0.9866,1.5719,0.0596,0.0501,0.0588,0.0491,-0.01,-0.1888,0.0045,0.0039,1.0464,-0.0465,1.5891,0.000213,-0.0,0.0
8.845,FLIGHT,0.9869,1.5722,0.0587,0.049,0.0579,0.0481,-0.01,-0.1888,0.0044,0.0038,1.0458,-0.0466,1.5893,0.000213,-0.0,0.0
8.85,FLIGHT,0.9872,1.5724,0.0578,0.048,0.057,0.0471,-0.0099,-0.1888,0.0044,0.0037,1.0452,-0.0467,1.5894,0.000213,-0.0,0.0
8.855,FLIGHT,0.9875,1.5727,0.0569,0.047,0.0562,0.0461,-0.0099,-0.1888,0.0044,0.0037,1.0446,-0.0468,1.5895,0.000213,-0.0,0.0
8.86,FLIGHT,0.9878,1.5729,0.0561,0.046,0.0553,0.0452,-0.0099,-0.1888,0.0043,0.0036,1.0439,-0.0469,1.5896,0.000213,-0.0,0.0
8.865,FLIGHT,0.988,1.5731,0.0552,0.0451,0.0544,0.0443,-0.0099,-0.1887,0.0043,0.0035,1.0433,-0.047,1.5897,0.000212,-0.0,0.0
8.87,FLIGHT,0.9883,1.5733,0.0544,0.0442,0.0536,0.0434,-0.0099,-0.1887,0.0043,0.0034,1.0426,-0.0471,1.5898,0.000212,-0.0,0.0
8.875,FLIGHT,0.9886,1.5735,0.0535,0.0433,0.0528,0.0425,-0.0098,-0.1887,0.0042,0.0034,1.0419,-0.0472,1.59,0.000212,-0.0,0.0
8.88,FLIGHT,0.9888,1.5738,0.0527,0.0424,0.052,0.0416,-0.0098,-0.1887,0.0042,0.0033,1.0412,-0.0473,1.5901,0.000212,-0.0,0.0
8.885,FLIGHT,0.9891,1.574,0.0519,0.0416,0.0511,0.0408,-0.0098,-0.1887,0.0041,0.0032,1.0405,-0.0474,1.5902,0.000212,-0.0,0.0
8.89,FLIGHT,0.9893,1.5742,0.0511,0.0407,0.0503,0.04,-0.0098,-0.1887,0.0041,0.0032,1.0398,-0.0475,1.5903,0.000212,-0.0,0.0
8.895,FLIGHT,0.9896,1.5744,0.0503,0.0399,0.0496,0.0392,-0.0097,-0.1886,0.0041,0.0031,1.039,-0.0476,1.5904,0.000212,-0.0,0.0
8.9,FLIGHT,0.9898,1.5746,0.0495,0.0391,0.0488,0.0384,-0.0097,-0.1886,0.004,0.003,1.0382,-0.0477,1.5905,0.000212,-0.0,0.0
8.905,FLIGHT,0.9901,1.5747,0.0487,0.0384,0.048,0.0377,-0.0097,-0.1886,0.004,0.003,1.0374,-0.0478,1.5906,0.000212,-0.0,0.0
8.91,FLIGHT,0.9903,1.5749,0.0479,0.0376,0.0473,0.037,-0.0097,-0.1886,0.0039,0.0029,1.0366,-0.0479,1.5907,0.000212,-0.0,0.0
8.915,FLIGHT,0.9906,1.5751,0.0472,0.0369,0.0465,0.0362,-0.0097,-0.1886,0.0039,0.0029,1.0358,-0.0479,1.5908,0.000212,-0.0,0.0
8.92,FLIGHT,0.9908,1.5753,0.0464,0.0362,0.0458,0.0356,-0.0097,-0.1886,0.0038,0.0028,1.035,-0.048,1.5909,0.000212,-0.0,0.0
8.925,FLIGHT,0.991,1.5755,0.0457,0.0355,0.045,0.0349,-0.0096,-0.1886,0.0038,0.0028,1.0341,-0.0481,1.591,0.000212,-0.0,0.0
8.93,FLIGHT,0.9912,1.5756,0.045,0.0348,0.0443,0.0342,-0.0096,-0.1885,0.0037,0.0027,1.0333,-0.0482,1.5911,0.000212,-0.0,0.0
8.935,FLIGHT,0.9915,1.5758,0.0442,0.0342,0.0436,0.0336,-0.0096,-0.1885,0.0037,0.0026,1.0324,-0.0483,1.5912,0.000212,-0.0,0.0
8.94,FLIGHT,0.9917,1.576,0.0435,0.0335,0.0429,0.033,-0.0096,-0.1885,0.0036,0.0026,1.0315,-0.0484,1.5913,0.000212,-0.0,0.0
8.945,FLIGHT,0.9919,1.5761,0.0428,0.0329,0.0422,0.0323,-0.0096,-0.1885,0.0036,0.0025,1.0305,-0.0485,1.5914,0.000212,-0.0,0.0
8.95,FLIGHT,0.9921,1.5763,0.0421,0.0323,0.0415,0.0317,-0.0095,-0.1885,0.0035,0.0025,1.0296,-0.0486,1.5915,0.000212,-0.0,0.0
8.955,FLIGHT,0.9923,1.5765,0.0414,0.0317,0.0408,0.0312,-0.0095,-0.1885,0.0035,0.0025,1.0287,-0.0487,1.5915,0.000212,-0.0,0.0
8.96,FLIGHT,0.9925,1.5766,0.0407,0.0311,0.0401,0.0306,-0.0095,-0.1885,0.0034,0.0024,1.0277,-0.0488,1.5916,0.000212,-0.0,0.0
8.965,FLIGHT,0.9927,1.5768,0.04,0.0306,0.0394,0.0301,-0.0095,-0.1884,0.0034,0.0024,1.0267,-0.0488,1.5917,0.000212,0.0,0.0
8.97,FLIGHT,0.9929,1.5769,0.0394,0.03,0.0388,0.0295,-0.0095,-0.1884,0.0033,0.0023,1.0257,-0.0489,1.5918,0.000212,0.0,0.0
8.975,FLIGHT,0.9931,1.5771,0.0387,0.0295,0.0381,0.029,-0.0095,-0.1884,0.0033,0.0023,1.0247,-0.049,1.5919,0.000212,0.0,0.0
8.98,FLIGHT,0.9933,1.5772,0.038,0.0289,0.0375,0.0285,-0.0094,-0.1884,0.0032,0.0022,1.0237,-0.0491,1.592,0.000212,0.0,0.0
8.985,FLIGHT,0.9935,1.5773,0.0374,0.0284,0.0368,0.028,-0.0094,-0.1884,0.0032,0.0022,1.0227,-0.0492,1.5921,0.000212,0.0,0.0
8.99,FLIGHT,0.9936,1.5775,0.0367,0.0279,0.0362,0.0275,-0.0094,-0.1884,0.0031,0.0022,1.0216,-0.0493,1.5922,0.000212,0.0,0.0
8.995,FLIGHT,0.9938,1.5776,0.0361,0.0275,0.0355,0.027,-0.0094,-0.1884,0.0031,0.0021,1.0205,-0.0494,1.5922,0.000212,0.0,0.0
9.0,FLIGHT,0.994,1.5778,0.0354,0.027,0.0349,0.0266,-0.0094,-0.1884,0.003,0.0021,1.0195,-0.0494,1.5923,0.000212,0.0,0.0
9.005,FLIGHT,0.9942,1.5779,0.0348,0.0265,0.0342,0.0261,-0.0094,-0.1884,0.0029,0.0021,1.0184,-0.0495,1.5924,0.000212,0.0,0.0
9.01,FLIGHT,0.9943,1.578,0.0342,0.0261,0.0336,0.0257,-0.0094,-0.1884,0.0029,0.002,1.0173,-0.0496,1.5925,0.000212,0.0,0.0
9.015,FLIGHT,0.9945,1.5781,0.0336,0.0256,0.033,0.0253,-0.0093,-0.1883,0.0028,0.002,1.0161,-0.0497,1.5926,0.000212,0.0,0.0
9.02,FLIGHT,0.9947,1.5783,0.0329,0.0252,0.0324,0.0248,-0.0093,-0.1883,0.0028,0.002,1.015,-0.0498,1.5926,0.000212,0.0,0.0
9.025,FLIGHT,0.9948,1.5784,0.0323,0.0248,0.0318,0.0244,-0.0093,-0.1883,0.0027,0.0019,1.0138,-0.0499,1.5927,0.000212,0.0,0.0
9.03,FLIGHT,0.995,1.5785,0.0317,0.0244,0.0312,0.024,-0.0093,-0.1883,0.0027,0.0019,1.0127,-0.05,1.5928,0.000212,0.0,0.0
9.035,FLIGHT,0.9951,1.5786,0.0311,0.024,0.0306,0.0237,-0.0093,-0.1883,0.0026,0.0019,1.0115,-0.05,1.5929,0.000212,0.0,0.0
9.04,FLIGHT,0.9953,1.5788,0.0305,0.0236,0.03,0.0233,-0.0093,-0.1883,0.0025,0.0018,1.0103,-0.0501,1.593,0.000212,0.0,0.0
9.045,FLIGHT,0.9954,1.5789,0.0299,0.0233,0.0294,0.0229,-0.0093,-0.1883,0.0025,0.0018,1.0091,-0.0502,1.593,0.000212,0.0,0.0
9.05,FLIGHT,0.9956,1.579,0.0293,0.0229,0.0288,0.0226,-0.0092,-0.1883,0.0024,0.0018,1.0079,-0.0503,1.5931,0.000212,0.0,0.0
9.055,FLIGHT,0.9957,1.5791,0.0287,0.0225,0.0282,0.0222,-0.0092,-0.1883,0.0023,0.0018,1.0067,-0.0504,1.5932,0.000212,0.0,0.0
9.06,FLIGHT,0.9959,1.5792,0.0281,0.0222,0.0276,0.0219,-0.0092,-0.1883,0.0023,0.0017,1.0054,-0.0504,1.5933,0.000212,0.0,0.0
9.065,FLIGHT,0.996,1.5793,0.0275,0.0218,0.027,0.0215,-0.0092,-0.1883,0.0022,0.0017,1.0042,-0.0505,1.5933,0.000212,0.0,0.0
9.07,FLIGHT,0.9961,1.5794,0.0269,0.0215,0.0264,0.0212,-0.0092,-0.1882,0.0021,0.0017,1.0029,-0.0506,1.5934,0.000212,0.0,0.0
9.075,FLIGHT,0.9963,1.5795,0.0264,0.0212,0.0258,0.0209,-0.0092,-0.1882,0.0021,0.0017,1.0017,-0.0507,1.5935,0.000212,0.0,0.0
9.08,FLIGHT,0.9964,1.5796,0.0258,0.0209,0.0253,0.0206,-0.0092,-0.1882,0.002,0.0016,1.0004,-0.0508,1.5935,0.000212,0.0,0.0
9.085,STANCE,0.9967,1.5802,0.0628,0.1179,0.2233,0.5217,-0.0092,-0.1882,-0.0042,0.01,0.9992,0.1069,-0.1791,-6e-05,-0.2741,0.0549
9.09,STANCE,1.0038,1.5776,1.0987,-0.4639,2.0264,-1.9296,-0.0075,-0.1885,0.2706,-0.0493,0.998,-0.4372,-0.5209,-0.002498,-0.5008,0.1027
9.095,STANCE,1.0067,1.5754,0.6344,-0.3178,-0.1855,0.4262,-0.0067,-0.1887,0.1634,-0.0321,0.9978,-0.528,-1.1581,-0.003678,-0.0826,0.0202
9.1,STANCE,1.0056,1.5778,0.0644,0.2095,-0.0727,0.2825,-0.0072,-0.1885,-0.0166,0.018,0.9981,-0.6,-1.92,-0.003809,0.013,0.0038
9.105,STANCE,1.0069,1.5769,0.2403,-0.1107,0.6185,-0.6789,-0.0068,-0.1886,0.0605,-0.0114,0.9984,-0.9902,-2.1927,-0.003633,0.0538,0.0036
9.11,STANCE,1.0111,1.5679,0.6623,-1.3042,1.0295,-1.8183,-0.0048,-0.1894,0.3059,-0.1156,0.9984,-1.4998,-1.8638,-0.003082,0.1112,0.0031
9.115,STANCE,1.0163,1.556,0.9193,-2.0507,1.1613,-2.2188,-0.0022,-0.1904,0.4618,-0.1738,0.9984,-1.8846,-1.4889,-0.002334,0.1097,0.0023
9.12,STANCE,1.0235,1.5414,1.2761,-2.7403,1.4519,-3.5437,0.0013,-0.1916,0.6326,-0.2196,0.9985,-2.216,-0.9268,-0.002016,0.0683,0.002
9.125,STANCE,1.0302,1.5266,1.297,-2.8347,1.0497,-2.4917,0.0047,-0.1927,0.6563,-0.214,0.9988,-2.2418,-0.4769,-0.00185,0.0373,0.0018
9.13,STANCE,1.0327,1.5142,0.7033,-2.5626,0.1534,-2.0246,0.0069,-0.1937,0.5065,-0.1886,0.9993,-1.7928,-0.1452,-0.001309,0.1255,0.0013
9.135,STANCE,1.0319,1.504,0.1064,-2.1896,-0.283,-1.9108,0.0083,-0.1944,0.3386,-0.1614,0.9998,-1.1707,0.1445,-0.000491,0.1703,0.0005
9.14,STANCE,1.0302,1.4934,-0.1958,-2.1599,-0.3658,-2.407,0.0095,-0.1952,0.2768,-0.1592,1.0004,-0.5964,0.5515,0.000359,0.1399,0.0
9.145,STANCE,1.0288,1.4809,-0.2491,-2.4195,-0.2103,-2.5895,0.011,-0.1962,0.3059,-0.175,1.0009,-0.1525,1.0028,0.00094,0.0923,0.0
9.15,STANCE,1.0276,1.4671,-0.2411,-2.6441,-0.2054,-2.6825,0.0128,-0.1971,0.3425,-0.1865,1.0013,0.1161,1.3001,0.001278,0.0454,0.0
9.155,FLIGHT,1.0269,1.4557,-0.1759,-2.3378,-0.4596,-1.1591,0.0144,-0.1979,0.3118,-0.161,1.002,-1.1274,2.4568,0.001404,0.0084,0.0
9.16,FLIGHT,1.02,1.4599,-1.0866,0.007,-2.1173,2.3214,0.0124,-0.1977,-0.2159,-0.013,1.0039,-0.6628,2.0507,0.001406,-0.0062,0.0012
9.165,FLIGHT,1.0081,1.4735,-1.9695,1.8657,-2.419,2.7391,0.008,-0.1969,-0.6596,0.1207,1.0061,-0.1254,1.6003,0.00135,-0.0156,0.0031
9.17,FLIGHT,0.9973,1.4847,-2.071,2.0537,-1.8606,1.6722,0.0043,-0.1961,-0.7019,0.1479,1.0081,0.0602,1.4547,0.001255,-0.022,0.0044
9.175,FLIGHT,0.9896,1.4906,-1.677,1.405,-1.2559,0.7696,0.0019,-0.1957,-0.5291,0.1068,1.0098,-0.0011,1.5168,0.001132,-0.0272,0.0054
9.18,FLIGHT,0.9842,1.4935,-1.2526,0.8426,-0.9411,0.5065,0.0005,-0.1955,-0.3648,0.0664,1.0113,-0.0974,1.6034,0.000994,-0.0272,0.0054
9.185,FLIGHT,0.9798,1.4963,-0.9967,0.6459,-0.8413,0.6008,-0.0008,-0.1952,-0.2862,0.0528,1.0128,-0.1303,1.6327,0.000863,-0.0251,0.005
9.19,FLIGHT,0.9757,1.4996,-0.8721,0.6617,-0.7892,0.7039,-0.002,-0.195,-0.2634,0.0557,1.0143,-0.1114,1.6176,0.000745,-0.0223,0.0045
9.195,FLIGHT,0.9719,1.5031,-0.7844,0.6915,-0.7035,0.6929,-0.0033,-0.1947,-0.2499,0.0597,1.0158,-0.0825,1.595,0.000641,-0.0193,0.0039
9.2,FLIGHT,0.9687,1.5064,-0.6854,0.6618,-0.59,0.6119,-0.0044,-0.1944,-0.2259,0.0582,1.0173,-0.0663,1.5836,0.000551,-0.0165,0.0033
9.205,FLIGHT,0.966,1.5092,-0.5765,0.5948,-0.4798,0.5312,-0.0053,-0.1941,-0.1949,0.0532,1.0188,-0.0622,1.5824,0.000475,-0.0138,0.0028
9.21,FLIGHT,0.9639,1.5117,-0.4744,0.5299,-0.3896,0.4796,-0.0061,-0.1939,-0.1657,0.0479,1.0202,-0.0619,1.5841,0.000412,-0.0114,0.0023
9.215,FLIGHT,0.9621,1.514,-0.3881,0.4835,-0.3182,0.4499,-0.0067,-0.1937,-0.1423,0.0439,1.0216,-0.0602,1.5842,0.000361,-0.0092,0.0018
9.22,FLIGHT,0.9607,1.5162,-0.3168,0.4517,-0.2584,0.427,-0.0073,-0.1935,-0.1239,0.0411,1.023,-0.0567,1.5827,0.00032,-0.0073,0.0015
9.225,FLIGHT,0.9595,1.5183,-0.256,0.4257,-0.205,0.4034,-0.0078,-0.1933,-0.1083,0.0388,1.0243,-0.0529,1.5807,0.000287,-0.0057,0.0011
9.23,FLIGHT,0.9586,1.5203,-0.2022,0.401,-0.1568,0.3791,-0.0083,-0.1931,-0.0944,0.0365,1.0256,-0.0499,1.5793,0.000262,-0.0044,0.0009
9.235,FLIGHT,0.9579,1.5221,-0.1543,0.3772,-0.1141,0.3567,-0.0086,-0.193,-0.0817,0.0342,1.0269,-0.0477,1.5785,0.000243,-0.0033,0.0007
9.24,FLIGHT,0.9575,1.5238,-0.1123,0.3555,-0.0772,0.3372,-0.009,-0.1928,-0.0705,0.0321,1.0281,-0.0461,1.578,0.000229,-0.0024,0.0005
9.245,FLIGHT,0.9572,1.5255,-0.0758,0.3364,-0.0455,0.3205,-0.0093,-0.1927,-0.0608,0.0302,1.0293,-0.0447,1.5776,0.000219,-0.0017,0.0003
9.25,FLIGHT,0.957,1.527,-0.0443,0.3197,-0.0182,0.3056,-0.0095,-0.1925,-0.0524,0.0285,1.0305,-0.0434,1.5773,0.000211,-0.0012,0.0002
9.255,FLIGHT,0.957,1.5285,-0.0172,0.3048,0.0052,0.2921,-0.0097,-0.1924,-0.0451,0.027,1.0316,-0.0423,1.577,0.000206,-0.0008,0.0002
9.26,FLIGHT,0.9571,1.53,0.0061,0.2913,0.0255,0.2797,-0.0099,-0.1923,-0.0387,0.0257,1.0328,-0.0414,1.5768,0.000203,-0.0005,0.0001
9.265,FLIGHT,0.9572,1.5313,0.0262,0.2789,0.0428,0.2683,-0.01,-0.1922,-0.0331,0.0244,1.0339,-0.0407,1.5767,0.000202,-0.0002,0.0
9.27,FLIGHT,0.9575,1.5327,0.0434,0.2675,0.0577,0.2578,-0.0102,-0.192,-0.0283,0.0233,1.0349,-0.0401,1.5767,0.000201,-0.0,0.0
9.275,FLIGHT,0.9578,1.5339,0.0581,0.2572,0.0702,0.2482,-0.0103,-0.1919,-0.024,0.0222,1.0359,-0.0396,1.5767,0.000201,0.0001,0.0
9.28,FLIGHT,0.9582,1.5351,0.0706,0.2476,0.0808,0.2394,-0.0104,-0.1918,-0.0203,0.0213,1.0369,-0.0392,1.5767,0.000202,0.0002,0.0
9.285,FLIGHT,0.9586,1.5363,0.0811,0.2388,0.0897,0.2312,-0.0105,-0.1917,-0.0171,0.0204,1.0379,-0.0389,1.5768,0.000203,0.0002,0.0
9.29,FLIGHT,0.9591,1.5375,0.0899,0.2306,0.0971,0.2235,-0.0105,-0.1916,-0.0142,0.0196,1.0389,-0.0387,1.577,0.000204,0.0003,0.0
9.295,FLIGHT,0.9596,1.5386,0.0972,0.2229,0.1032,0.2163,-0.0106,-0.1915,-0.0118,0.0189,1.0398,-0.0385,1.5771,0.000205,0.0003,0.0
9.3,FLIGHT,0.9601,1.5396,0.1033,0.2158,0.1082,0.2096,-0.0106,-0.1915,-0.0097,0.0182,1.0407,-0.0384,1.5773,0.000207,0.0003,0.0
9.305,FLIGHT,0.9607,1.5406,0.1082,0.2091,0.1122,0.2032,-0.0107,-0.1914,-0.0078,0.0175,1.0415,-0.0384,1.5775,0.000208,0.0003,0.0
9.31,FLIGHT,0.9612,1.5416,0.1122,0.2027,0.1154,0.1972,-0.0107,-0.1913,-0.0062,0.0169,1.0424,-0.0383,1.5778,0.00021,0.0003,0.0
9.315,FLIGHT,0.9618,1.5426,0.1154,0.1967,0.1178,0.1915,-0.0107,-0.1912,-0.0048,0.0164,1.0432,-0.0384,1.578,0.000211,0.0002,0.0
9.32,FLIGHT,0.9624,1.5436,0.1178,0.1911,0.1197,0.1861,-0.0107,-0.1911,-0.0035,0.0158,1.0439,-0.0384,1.5782,0.000212,0.0002,0.0
9.325,FLIGHT,0.963,1.5445,0.1196,0.1857,0.121,0.181,-0.0107,-0.191,-0.0024,0.0153,1.0447,-0.0385,1.5785,0.000213,0.0002,0.0
9.33,FLIGHT,0.9636,1.5454,0.1209,0.1805,0.1218,0.1761,-0.0107,-0.191,-0.0015,0.0149,1.0454,-0.0386,1.5787,0.000214,0.0002,0.0
9.335,FLIGHT,0.9642,1.5462,0.1217,0.1756,0.1222,0.1713,-0.0107,-0.1909,-0.0007,0.0144,1.0461,-0.0387,1.579,0.000215,0.0002,0.0
9.34,FLIGHT,0.9648,1.5471,0.1221,0.1709,0.1223,0.1668,-0.0107,-0.1908,0.0,0.014,1.0467,-0.0388,1.5792,0.000215,0.0001,0.0
9.345,FLIGHT,0.9654,1.5479,0.1221,0.1664,0.122,0.1625,-0.0107,-0.1908,0.0006,0.0136,1.0474,-0.0389,1.5795,0.000216,0.0001,0.0
9.35,FLIGHT,0.966,1.5487,0.1219,0.1621,0.1216,0.1583,-0.0107,-0.1907,0.0012,0.0132,1.048,-0.0391,1.5798,0.000217,0.0001,0.0
9.355,FLIGHT,0.9667,1.5495,0.1214,0.158,0.1209,0.1543,-0.0107,-0.1906,0.0017,0.0129,1.0486,-0.0392,1.58,0.000217,0.0001,0.0
9.36,FLIGHT,0.9673,1.5503,0.1208,0.1539,0.1201,0.1504,-0.0107,-0.1906,0.0021,0.0125,1.0491,-0.0394,1.5803,0.000217,0.0001,0.0
9.365,FLIGHT,0.9679,1.551,0.1199,0.1501,0.1191,0.1467,-0.0107,-0.1905,0.0024,0.0122,1.0496,-0.0395,1.5806,0.000218,0.0,0.0
9.37,FLIGHT,0.9684,1.5517,0.1189,0.1463,0.118,0.143,-0.0107,-0.1905,0.0027,0.0119,1.0501,-0.0397,1.5808,0.000218,0.0,0.0
9.375,FLIGHT,0.969,1.5524,0.1178,0.1427,0.1168,0.1395,-0.0107,-0.1904,0.003,0.0116,1.0506,-0.0399,1.5811,0.000218,0.0,0.0
9.38,FLIGHT,0.9696,1.5531,0.1166,0.1392,0.1155,0.1361,-0.0106,-0.1903,0.0032,0.0113,1.0511,-0.04,1.5813,0.000218,0.0,0.0
9.385,FLIGHT,0.9702,1.5538,0.1153,0.1358,0.1141,0.1328,-0.0106,-0.1903,0.0035,0.011,1.0515,-0.0402,1.5816,0.000218,0.0,0.0
9.39,FLIGHT,0.9708,1.5544,0.1139,0.1326,0.1127,0.1296,-0.0106,-0.1902,0.0036,0.0107,1.0519,-0.0404,1.5818,0.000218,-0.0,0.0
9.395,FLIGHT,0.9713,1.5551,0.1125,0.1294,0.1112,0.1265,-0.0106,-0.1902,0.0038,0.0104,1.0523,-0.0405,1.582,0.000218,-0.0,0.0
9.4,FLIGHT,0.9719,1.5557,0.111,0.1263,0.1097,0.1235,-0.0106,-0.1901,0.0039,0.0102,1.0526,-0.0407,1.5823,0.000218,-0.0,0.0
9.405,FLIGHT,0.9724,1.5563,0.1096,0.1233,0.1082,0.1206,-0.0105,-0.1901,0.0041,0.0099,1.0529,-0.0409,1.5825,0.000218,-0.0,0.0
9.41,FLIGHT,0.9729,1.5569,0.108,0.1203,0.1067,0.1177,-0.0105,-0.19,0.0042,0.0097,1.0532,-0.041,1.5828,0.000218,-0.0,0.0
9.415,FLIGHT,0.9735,1.5575,0.1065,0.1175,0.1052,0.115,-0.0105,-0.19,0.0043,0.0094,1.0535,-0.0412,1.583,0.000218,-0.0,0.0
9.42,FLIGHT,0.974,1.5581,0.105,0.1147,0.1036,0.1123,-0.0105,-0.1899,0.0043,0.0092,1.0537,-0.0414,1.5832,0.000217,-0.0,0.0
9.425,FLIGHT,0.9745,1.5586,0.1035,0.112,0.1021,0.1097,-0.0105,-0.1899,0.0044,0.009,1.0539,-0.0415,1.5834,0.000217,-0.0,0.0
9.43,FLIGHT,0.975,1.5592,0.1019,0.1094,0.1005,0.1071,-0.0104,-0.1899,0.0045,0.0088,1.0541,-0.0417,1.5836,0.000217,-0.0,0.0
9.435,FLIGHT,0.9755,1.5597,0.1004,0.1069,0.099,0.1046,-0.0104,-0.1898,0.0045,0.0086,1.0543,-0.0419,1.5839,0.000217,-0.0,0.0
9.44,FLIGHT,0.976,1.5602,0.0989,0.1044,0.0975,0.1022,-0.0104,-0.1898,0.0046,0.0084,1.0544,-0.042,1.5841,0.000217,-0.0,0.0
9.445,FLIGHT,0.9765,1.5607,0.0974,0.102,0.096,0.0998,-0.0104,-0.1897,0.0046,0.0082,1.0546,-0.0422,1.5843,0.000217,-0.0,0.0
9.45,FLIGHT,0.977,1.5612,0.0959,0.0996,0.0945,0.0975,-0.0103,-0.1897,0.0046,0.008,1.0547,-0.0423,1.5845,0.000216,-0.0,0.0
9.455,FLIGHT,0.9774,1.5617,0.0944,0.0973,0.0931,0.0953,-0.0103,-0.1897,0.0047,0.0078,1.0547,-0.0425,1.5847,0.000216,-0.0,0.0
9.46,FLIGHT,0.9779,1.5622,0.0929,0.0951,0.0916,0.0931,-0.0103,-0.1896,0.0047,0.0076,1.0548,-0.0426,1.5849,0.000216,-0.0,0.0
9.465,FLIGHT,0.9784,1.5626,0.0915,0.0929,0.0902,0.091,-0.0103,-0.1896,0.0047,0.0074,1.0548,-0.0428,1.5851,0.000216,-0.0,0.0
9.47,FLIGHT,0.9788,1.5631,0.09,0.0908,0.0888,0.0889,-0.0103,-0.1895,0.0047,0.0072,1.0548,-0.0429,1.5852,0.000216,-0.0,0.0
9.475,FLIGHT,0.9792,1.5635,0.0886,0.0887,0.0874,0.0869,-0.0102,-0.1895,0.0047,0.0071,1.0548,-0.0431,1.5854,0.000215,-0.0,0.0
9.48,FLIGHT,0.9797,1.5639,0.0872,0.0867,0.086,0.0849,-0.0102,-0.1895,0.0047,0.0069,1.0548,-0.0432,1.5856,0.000215,-0.0,0.0
9.485,FLIGHT,0.9801,1.5644,0.0859,0.0847,0.0847,0.083,-0.0102,-0.1894,0.0047,0.0067,1.0547,-0.0434,1.5858,0.000215,-0.0,0.0
9.49,FLIGHT,0.9805,1.5648,0.0845,0.0828,0.0833,0.0811,-0.0102,-0.1894,0.0048,0.0066,1.0546,-0.0435,1.586,0.000215,-0.0,0.0
9.495,FLIGHT,0.9809,1.5652,0.0832,0.0809,0.082,0.0793,-0.0101,-0.1894,0.0048,0.0064,1.0545,-0.0436,1.5861,0.000215,-0.0,0.0
9.5,FLIGHT,0.9813,1.5656,0.0819,0.0791,0.0807,0.0775,-0.0101,-0.1893,0.0047,0.0063,1.0544,-0.0438,1.5863,0.000215,-0.0,0.0
9.505,FLIGHT,0.9817,1.566,0.0806,0.0774,0.0795,0.0758,-0.0101,-0.1893,0.0047,0.0061,1.0542,-0.0439,1.5865,0.000214,-0.0,0.0
9.51,FLIGHT,0.9821,1.5663,0.0794,0.0756,0.0782,0.0741,-0.0101,-0.1893,0.0047,0.006,1.054,-0.044,1.5866,0.000214,-0.0,0.0
9.515,FLIGHT,0.9825,1.5667,0.0781,0.0739,0.077,0.0724,-0.01,-0.1893,0.0047,0.0059,1.0538,-0.0442,1.5868,0.000214,-0.0,0.0
9.52,FLIGHT,0.9829,1.567,0.0769,0.0723,0.0758,0.0708,-0.01,-0.1892,0.0047,0.0057,1.0536,-0.0443,1.5869,0.000214,-0.0,0.0
9.525,FLIGHT,0.9833,1.5674,0.0757,0.0707,0.0746,0.0693,-0.01,-0.1892,0.0047,0.0056,1.0534,-0.0444,1.5871,0.000214,-0.0,0.0
9.53,FLIGHT,0.9837,1.5677,0.0745,0.0691,0.0735,0.0677,-0.01,-0.1892,0.0047,0.0055,1.0531,-0.0446,1.5872,0.000214,-0.0,0.0
9.535,FLIGHT,0.984,1.5681,0.0734,0.0676,0.0723,0.0662,-0.0099,-0.1891,0.0047,0.0053,1.0528,-0.0447,1.5874,0.000214,-0.0,0.0
9.54,FLIGHT,0.9844,1.5684,0.0722,0.0661,0.0712,0.0648,-0.0099,-0.1891,0.0047,0.0052,1.0525,-0.0448,1.5875,0.000213,-0.0,0.0
9.545,FLIGHT,0.9847,1.5687,0.0711,0.0647,0.0701,0.0634,-0.0099,-0.1891,0.0047,0.0051,1.0522,-0.0449,1.5877,0.000213,-0.0,0.0
9.55,FLIGHT,0.9851,1.569,0.07,0.0632,0.069,0.062,-0.0099,-0.1891,0.0046,0.005,1.0519,-0.045,1.5878,0.000213,-0.0,0.0
9.555,FLIGHT,0.9854,1.5693,0.0689,0.0619,0.0679,0.0606,-0.0099,-0.189,0.0046,0.0049,1.0515,-0.0452,1.588,0.000213,-0.0,0.0
9.56,FLIGHT,0.9858,1.5696,0.0678,0.0605,0.0669,0.0593,-0.0098,-0.189,0.0046,0.0048,1.0511,-0.0453,1.5881,0.000213,-0.0,0.0
9.565,FLIGHT,0.9861,1.5699,0.0668,0.0592,0.0659,0.058,-0.0098,-0.189,0.0046,0.0047,1.0507,-0.0454,1.5882,0.000213,-0.0,0.0
9.57,FLIGHT,0.9864,1.5702,0.0658,0.0579,0.0648,0.0568,-0.0098,-0.189,0.0045,0.0046,1.0503,-0.0455,1.5884,0.000213,-0.0,0.0
9.575,FLIGHT,0.9867,1.5705,0.0647,0.0567,0.0638,0.0556,-0.0098,-0.189,0.0045,0.0045,1.0498,-0.0456,1.5885,0.000213,-0.0,0.0
9.58,FLIGHT,0.9871,1.5708,0.0637,0.0555,0.0629,0.0544,-0.0097,-0.1889,0.0045,0.0044,1.0494,-0.0457,1.5886,0.000213,-0.0,0.0
9.585,FLIGHT,0.9874,1.5711,0.0628,0.0543,0.0619,0.0532,-0.0097,-0.1889,0.0045,0.0043,1.0489,-0.0458,1.5888,0.000212,-0.0,0.0
9.59,FLIGHT,0.9877,1.5713,0.0618,0.0531,0.0609,0.0521,-0.0097,-0.1889,0.0044,0.0042,1.0484,-0.0459,1.5889,0.000212,-0.0,0.0
9.595,FLIGHT,0.988,1.5716,0.0608,0.052,0.06,0.051,-0.0097,-0.1889,0.0044,0.0041,1.0479,-0.0461,1.589,0.000212,-0.0,0.0
9.6,FLIGHT,0.9883,1.5718,0.0599,0.0509,0.0591,0.0499,-0.0097,-0.1889,0.0044,0.004,1.0473,-0.0462,1.5891,0.000212,-0.0,0.0
9.605,FLIGHT,0.9886,1.5721,0.059,0.0498,0.0582,0.0489,-0.0096,-0.1888,0.0044,0.0039,1.0468,-0.0463,1.5893,0.000212,-0.0,0.0
9.61,FLIGHT,0.9889,1.5723,0.0581,0.0488,0.0573,0.0479,-0.0096,-0.1888,0.0043,0.0038,1.0462,-0.0464,1.5894,0.000212,-0.0,0.0
9.615,FLIGHT,0.9891,1.5726,0.0572,0.0478,0.0564,0.0469,-0.0096,-0.1888,0.0043,0.0037,1.0456,-0.0465,1.5895,0.000212,-0.0,0.0
9.62,FLIGHT,0.9894,1.5728,0.0563,0.0468,0.0555,0.0459,-0.0096,-0.1888,0.0043,0.0037,1.045,-0.0466,1.5896,0.000212,-0.0,0.0
9.625,FLIGHT,0.9897,1.573,0.0554,0.0458,0.0546,0.045,-0.0095,-0.1888,0.0042,0.0036,1.0443,-0.0467,1.5897,0.000212,-0.0,0.0
9.63,FLIGHT,0.99,1.5732,0.0545,0.0449,0.0538,0.0441,-0.0095,-0.1887,0.0042,0.0035,1.0437,-0.0468,1.5898,0.000212,-0.0,0.0
9.635,FLIGHT,0.9902,1.5735,0.0537,0.044,0.0529,0.0432,-0.0095,-0.1887,0.0041,0.0034,1.043,-0.0469,1.59,0.000212,-0.0,0.0
9.64,FLIGHT,0.9905,1.5737,0.0529,0.0431,0.0521,0.0423,-0.0095,-0.1887,0.0041,0.0034,1.0423,-0.047,1.5901,0.000212,-0.0,0.0
9.645,FLIGHT,0.9908,1.5739,0.052,0.0422,0.0513,0.0414,-0.0095,-0.1887,0.0041,0.0033,1.0416,-0.0471,1.5902,0.000212,-0.0,0.0
9.65,FLIGHT,0.991,1.5741,0.0512,0.0414,0.0505,0.0406,-0.0094,-0.1887,0.004,0.0032,1.0409,-0.0472,1.5903,0.000212,-0.0,0.0
9.655,FLIGHT,0.9913,1.5743,0.0504,0.0405,0.0497,0.0398,-0.0094,-0.1887,0.004,0.0032,1.0402,-0.0473,1.5904,0.000212,-0.0,0.0
9.66,FLIGHT,0.9915,1.5745,0.0496,0.0397,0.0489,0.039,-0.0094,-0.1886,0.004,0.0031,1.0394,-0.0474,1.5905,0.000212,-0.0,0.0
9.665,FLIGHT,0.9918,1.5747,0.0488,0.0389,0.0481,0.0383,-0.0094,-0.1886,0.0039,0.003,1.0386,-0.0475,1.5906,0.000212,-0.0,0.0
9.67,FLIGHT,0.992,1.5749,0.0481,0.0382,0.0474,0.0375,-0.0094,-0.1886,0.0039,0.003,1.0379,-0.0475,1.5907,0.000212,-0.0,0.0
9.675,FLIGHT,0.9922,1.575,0.0473,0.0374,0.0466,0.0368,-0.0093,-0.1886,0.0038,0.0029,1.037,-0.0476,1.5908,0.000212,-0.0,0.0
9.68,FLIGHT,0.9925,1.5752,0.0465,0.0367,0.0459,0.0361,-0.0093,-0.1886,0.0038,0.0029,1.0362,-0.0477,1.5909,0.000212,-0.0,0.0
9.685,FLIGHT,0.9927,1.5754,0.0458,0.036,0.0451,0.0354,-0.0093,-0.1886,0.0037,0.0028,1.0354,-0.0478,1.591,0.000211,-0.0,0.0
9.69,FLIGHT,0.9929,1.5756,0.0451,0.0353,0.0444,0.0347,-0.0093,-0.1886,0.0037,0.0027,1.0345,-0.0479,1.5911,0.000211,-0.0,0.0
9.695,FLIGHT,0.9931,1.5758,0.0443,0.0346,0.0437,0.034,-0.0093,-0.1885,0.0036,0.0027,1.0337,-0.048,1.5912,0.000211,-0.0,0.0
9.7,FLIGHT,0.9933,1.5759,0.0436,0.034,0.043,0.0334,-0.0093,-0.1885,0.0036,0.0026,1.0328,-0.0481,1.5913,0.000211,-0.0,0.0
9.705,FLIGHT,0.9936,1.5761,0.0429,0.0333,0.0423,0.0328,-0.0092,-0.1885,0.0035,0.0026,1.0319,-0.0482,1.5914,0.000211,-0.0,0.0
9.71,FLIGHT,0.9938,1.5762,0.0422,0.0327,0.0416,0.0322,-0.0092,-0.1885,0.0035,0.0025,1.031,-0.0483,1.5915,0.000211,-0.0,0.0
9.715,FLIGHT,0.994,1.5764,0.0415,0.0321,0.0409,0.0316,-0.0092,-0.1885,0.0034,0.0025,1.03,-0.0484,1.5915,0.000211,-0.0,0.0
9.72,FLIGHT,0.9942,1.5766,0.0408,0.0315,0.0402,0.031,-0.0092,-0.1885,0.0034,0.0025,1.0291,-0.0485,1.5916,0.000211,-0.0,0.0
9.725,FLIGHT,0.9944,1.5767,0.0401,0.0309,0.0395,0.0304,-0.0092,-0.1885,0.0033,0.0024,1.0281,-0.0485,1.5917,0.000211,-0.0,0.0
9.73,FLIGHT,0.9946,1.5769,0.0394,0.0304,0.0388,0.0299,-0.0092,-0.1885,0.0033,0.0024,1.0271,-0.0486,1.5918,0.000211,0.0,0.0
9.735,FLIGHT,0.9948,1.577,0.0388,0.0298,0.0382,0.0294,-0.0091,-0.1884,0.0032,0.0023,1.0261,-0.0487,1.5919,0.000211,0.0,0.0
9.74,FLIGHT,0.995,1.5772,0.0381,0.0293,0.0375,0.0288,-0.0091,-0.1884,0.0032,0.0023,1.0251,-0.0488,1.592,0.000211,0.0,0.0
9.745,FLIGHT,0.9951,1.5773,0.0374,0.0288,0.0368,0.0283,-0.0091,-0.1884,0.0031,0.0022,1.0241,-0.0489,1.5921,0.000211,0.0,0.0
9.75,FLIGHT,0.9953,1.5774,0.0368,0.0283,0.0362,0.0278,-0.0091,-0.1884,0.0031,0.0022,1.0231,-0.049,1.5922,0.000211,0.0,0.0
9.755,FLIGHT,0.9955,1.5776,0.0361,0.0278,0.0355,0.0273,-0.0091,-0.1884,0.003,0.0022,1.022,-0.0491,1.5922,0.000211,0.0,0.0
9.76,FLIGHT,0.9957,1.5777,0.0355,0.0273,0.0349,0.0269,-0.0091,-0.1884,0.003,0.0021,1.0209,-0.0492,1.5923,0.000211,0.0,0.0
9.765,FLIGHT,0.9958,1.5779,0.0348,0.0268,0.0343,0.0264,-0.009,-0.1884,0.0029,0.0021,1.0199,-0.0492,1.5924,0.000211,0.0,0.0
9.77,FLIGHT,0.996,1.578,0.0342,0.0264,0.0336,0.026,-0.009,-0.1884,0.0029,0.0021,1.0188,-0.0493,1.5925,0.000211,0.0,0.0
9.775,FLIGHT,0.9962,1.5781,0.0336,0.0259,0.033,0.0255,-0.009,-0.1884,0.0028,0.002,1.0177,-0.0494,1.5926,0.000211,0.0,0.0
9.78,FLIGHT,0.9963,1.5782,0.033,0.0255,0.0324,0.0251,-0.009,-0.1884,0.0027,0.002,1.0165,-0.0495,1.5927,0.000211,0.0,0.0
9.785,FLIGHT,0.9965,1.5784,0.0323,0.0251,0.0318,0.0247,-0.009,-0.1883,0.0027,0.002,1.0154,-0.0496,1.5927,0.000212,0.0,0.0
9.79,FLIGHT,0.9967,1.5785,0.0317,0.0247,0.0312,0.0243,-0.009,-0.1883,0.0026,0.0019,1.0143,-0.0497,1.5928,0.000212,0.0,0.0
9.795,FLIGHT,0.9968,1.5786,0.0311,0.0243,0.0306,0.0239,-0.009,-0.1883,0.0026,0.0019,1.0131,-0.0497,1.5929,0.000212,0.0,0.0
9.8,FLIGHT,0.997,1.5787,0.0305,0.0239,0.03,0.0235,-0.009,-0.1883,0.0025,0.0019,1.0119,-0.0498,1.593,0.000212,0.0,0.0
9.805,FLIGHT,0.9971,1.5788,0.0299,0.0235,0.0294,0.0231,-0.0089,-0.1883,0.0024,0.0018,1.0107,-0.0499,1.593,0.000212,0.0,0.0
9.81,FLIGHT,0.9973,1.579,0.0293,0.0231,0.0288,0.0228,-0.0089,-0.1883,0.0024,0.0018,1.0095,-0.05,1.5931,0.000212,0.0,0.0
9.815,FLIGHT,0.9974,1.5791,0.0287,0.0227,0.0282,0.0224,-0.0089,-0.1883,0.0023,0.0018,1.0083,-0.0501,1.5932,0.000212,0.0,0.0
9.82,FLIGHT,0.9975,1.5792,0.0281,0.0224,0.0276,0.0221,-0.0089,-0.1883,0.0022,0.0018,1.0071,-0.0502,1.5933,0.000212,0.0,0.0
9.825,FLIGHT,0.9977,1.5793,0.0276,0.022,0.027,0.0217,-0.0089,-0.1883,0.0022,0.0017,1.0058,-0.0502,1.5933,0.000212,0.0,0.0
9.83,FLIGHT,0.9978,1.5794,0.027,0.0217,0.0264,0.0214,-0.0089,-0.1883,0.0021,0.0017,1.0046,-0.0503,1.5934,0.000212,0.0,0.0
9.835,FLIGHT,0.9979,1.5795,0.0264,0.0214,0.0259,0.0211,-0.0089,-0.1883,0.0021,0.0017,1.0033,-0.0504,1.5935,0.000212,0.0,0.0
9.84,FLIGHT,0.9981,1.5796,0.0258,0.0211,0.0253,0.0208,-0.0089,-0.1882,0.002,0.0017,1.0021,-0.0505,1.5936,0.000212,0.0,0.0
9.845,FLIGHT,0.9982,1.5797,0.0252,0.0207,0.0247,0.0205,-0.0089,-0.1882,0.0019,0.0016,1.0008,-0.0506,1.5936,0.000212,0.0,0.0
9.85,STANCE,0.9983,1.5798,0.0247,0.0204,0.0467,0.0814,-0.0088,-0.1882,0.0019,0.0016,0.9995,0.1123,-0.0307,0.000212,-0.033,0.0066
9.855,STANCE,1.0031,1.5789,0.7924,-0.2091,2.1066,-1.0652,-0.0078,-0.1884,0.1778,-0.0248,0.9984,-0.2744,-0.5075,-0.001548,-0.5594,0.1134
9.86,STANCE,1.0092,1.5759,0.9308,-0.374,0.1756,0.1132,-0.0062,-0.1887,0.227,-0.0385,0.998,-0.6003,-1.0163,-0.003279,-0.1245,0.0282
9.865,STANCE,1.0091,1.5771,0.2816,0.0387,-0.0037,0.159,-0.0064,-0.1886,0.0478,0.0016,0.9981,-0.6523,-1.7339,-0.003511,0.0039,0.0035
9.87,STANCE,1.0102,1.5763,0.271,-0.1352,0.4832,-0.5255,-0.0061,-0.1886,0.0697,-0.0135,0.9984,-0.9781,-2.09,-0.003353,0.0546,0.0034
9.875,STANCE,1.0136,1.5689,0.5617,-1.1551,0.837,-1.8227,-0.0045,-0.1893,0.2663,-0.1018,0.9983,-1.4362,-1.8812,-0.00282,0.1276,0.0028
9.88,STANCE,1.018,1.5588,0.7691,-1.8279,0.8782,-2.4355,-0.0022,-0.1902,0.4017,-0.1551,0.9984,-1.8044,-1.5931,-0.002084,0.1547,0.0021
9.885,STANCE,1.0243,1.5469,1.149,-2.2272,1.643,-2.6816,0.0006,-0.1911,0.5342,-0.1805,0.9986,-2.1467,-1.2096,-0.001821,-0.0222,0.0063
9.89,STANCE,1.0316,1.5313,1.3233,-2.8774,1.2073,-3.0579,0.0043,-0.1924,0.6663,-0.2191,0.9987,-2.2797,-0.5479,-0.001754,0.033,0.0018
9.895,STANCE,1.0356,1.5185,0.913,-2.6468,0.1737,-2.6906,0.0069,-0.1933,0.5587,-0.194,0.9991,-1.9524,-0.199,-0.001485,0.1414,0.0015
9.9,STANCE,1.0353,1.5075,0.2199,-2.3164,-0.312,-2.0301,0.0084,-0.1942,0.379,-0.1699,0.9996,-1.3177,0.1103,-0.000781,0.1617,0.0008
9.905,STANCE,1.0337,1.4978,-0.1581,-2.0855,-0.4051,-2.2424,0.0095,-0.1949,0.2732,-0.1537,1.0001,-0.7146,0.4387,2e-06,0.1786,0.0
9.91,STANCE,1.0322,1.4864,-0.2372,-2.2556,-0.2351,-2.5449,0.0109,-0.1957,0.284,-0.1639,1.0006,-0.2432,0.8701,0.000665,0.1025,0.0
9.915,STANCE,1.0314,1.4733,-0.1865,-2.518,-0.1485,-2.7297,0.0127,-0.1967,0.3344,-0.1779,1.001,0.0501,1.214,0.001064,0.0574,0.0
9.92,FLIGHT,1.031,1.4605,-0.1022,-2.5112,0.012,-2.3,0.0145,-0.1975,0.352,-0.1719,1.0015,-1.1673,2.4931,0.001257,0.0221,0.0
9.925,FLIGHT,1.0258,1.4609,-0.8527,-0.5221,-1.944,1.9465,0.0134,-0.1976,-0.0913,-0.0473,1.0032,-0.8302,2.1903,0.001316,0.0033,0.0
9.93,FLIGHT,1.014,1.4743,-1.9106,1.7019,-2.5606,2.9577,0.0091,-0.1968,-0.6245,0.1059,1.0054,-0.2274,1.6817,0.001301,-0.0088,0.0018
9.935,FLIGHT,1.0021,1.4871,-2.1975,2.2109,-2.0998,1.994,0.0049,-0.1959,-0.7494,0.1573,1.0074,0.0444,1.4625,0.001234,-0.0173,0.0035
9.94,FLIGHT,0.9933,1.4942,-1.8623,1.6158,-1.4417,0.9349,0.0021,-0.1954,-0.5949,0.1225,1.0091,0.0161,1.4982,0.001132,-0.0236,0.0047
9.945,FLIGHT,0.9872,1.4976,-1.4074,0.9602,-1.053,0.5266,0.0005,-0.1951,-0.4112,0.0758,1.0105,-0.0883,1.5933,0.001006,-0.0257,0.0051
9.95,FLIGHT,0.9823,1.5002,-1.1068,0.6751,-0.9193,0.5761,-0.0009,-0.1949,-0.3114,0.0554,1.012,-0.1373,1.637,0.00088,-0.0244,0.0049
9.955,FLIGHT,0.9778,1.5034,-0.9592,0.6598,-0.8663,0.696,-0.0022,-0.1947,-0.2798,0.056,1.0135,-0.125,1.6276,0.000763,-0.0221,0.0044
9.96,FLIGHT,0.9737,1.507,-0.8674,0.6949,-0.7867,0.7068,-0.0035,-0.1944,-0.2661,0.0606,1.015,-0.0942,1.6032,0.000659,-0.0195,0.0039
9.965,FLIGHT,0.97,1.5103,-0.7687,0.6747,-0.6724,0.6296,-0.0047,-0.1941,-0.2435,0.0602,1.0164,-0.0738,1.5883,0.000568,-0.0168,0.0034
9.97,FLIGHT,0.967,1.5133,-0.6565,0.6079,-0.5547,0.5404,-0.0057,-0.1938,-0.2119,0.0552,1.0178,-0.0672,1.5853,0.000491,-0.0143,0.0029
9.975,FLIGHT,0.9645,1.5158,-0.5474,0.5364,-0.4557,0.4792,-0.0065,-0.1936,-0.1804,0.0494,1.0192,-0.0664,1.5867,0.000426,-0.0119,0.0024
9.98,FLIGHT,0.9624,1.5181,-0.4535,0.483,-0.3771,0.4441,-0.0072,-0.1934,-0.1546,0.0448,1.0205,-0.0649,1.5872,0.000372,-0.0097,0.0019
9.985,FLIGHT,0.9607,1.5203,-0.3757,0.4468,-0.312,0.4193,-0.0079,-0.1932,-0.1343,0.0416,1.0219,-0.0614,1.5857,0.000329,-0.0077,0.0015
9.99,FLIGHT,0.9592,1.5223,-0.3096,0.4186,-0.2543,0.3949,-0.0084,-0.193,-0.1175,0.039,1.0231,-0.0573,1.5835,0.000294,-0.0061,0.0012
9.995,FLIGHT,0.9581,1.5242,-0.2513,0.3926,-0.202,0.3696,-0.0089,-0.1928,-0.1025,0.0366,1.0244,-0.0538,1.5818,0.000267,-0.0047,0.0009
10.0,FLIGHT,0.9572,1.526,-0.1993,0.3675,-0.1554,0.3459,-0.0093,-0.1926,-0.0889,0.0341,1.0256,-0.0513,1.5807,0.000247,-0.0036,0.0007
10.005,FLIGHT,0.9565,1.5277,-0.1533,0.3445,-0.1148,0.3252,-0.0097,-0.1925,-0.0768,0.0318,1.0268,-0.0494,1.5801,0.000231,-0.0027,0.0005
10.01,FLIGHT,0.9561,1.5292,-0.1132,0.3243,-0.0798,0.3075,-0.01,-0.1923,-0.0662,0.0298,1.028,-0.0478,1.5796,0.000219,-0.0019,0.0004
10.015,FLIGHT,0.9557,1.5307,-0.0785,0.3068,-0.0497,0.2921,-0.0102,-0.1922,-0.0571,0.028,1.0291,-0.0463,1.5791,0.000211,-0.0014,0.0003
10.02,FLIGHT,0.9556,1.5322,-0.0486,0.2913,-0.0236,0.2782,-0.0105,-0.1921,-0.0491,0.0264,1.0302,-0.0451,1.5787,0.000206,-0.0009,0.0002
10.025,FLIGHT,0.9555,1.5335,-0.0226,0.2773,-0.0011,0.2655,-0.0107,-0.1919,-0.0422,0.0249,1.0313,-0.044,1.5784,0.000202,-0.0006,0.0001
10.03,FLIGHT,0.9555,1.5348,-0.0002,0.2647,0.0184,0.2538,-0.0108,-0.1918,-0.0361,0.0236,1.0323,-0.0431,1.5782,0.0002,-0.0003,0.0001
10.035,FLIGHT,0.9557,1.5361,0.0191,0.2531,0.0351,0.2433,-0.011,-0.1917,-0.0309,0.0224,1.0334,-0.0424,1.5781,0.000199,-0.0001,0.0
10.04,FLIGHT,0.9559,1.5373,0.0356,0.2426,0.0493,0.2336,-0.0111,-0.1916,-0.0262,0.0213,1.0344,-0.0418,1.5781,0.000199,0.0001,0.0
10.045,FLIGHT,0.9562,1.5384,0.0497,0.233,0.0614,0.2248,-0.0112,-0.1915,-0.0222,0.0203,1.0353,-0.0413,1.5781,0.0002,0.0002,0.0
10.05,FLIGHT,0.9565,1.5395,0.0617,0.2242,0.0716,0.2166,-0.0113,-0.1914,-0.0187,0.0194,1.0362,-0.041,1.5781,0.000201,0.0002,0.0
10.055,FLIGHT,0.9569,1.5406,0.0719,0.2161,0.0802,0.2091,-0.0114,-0.1913,-0.0156,0.0186,1.0372,-0.0407,1.5782,0.000202,0.0003,0.0
10.06,FLIGHT,0.9573,1.5416,0.0804,0.2085,0.0874,0.202,-0.0114,-0.1912,-0.013,0.0178,1.038,-0.0404,1.5783,0.000203,0.0003,0.0
10.065,FLIGHT,0.9578,1.5426,0.0875,0.2015,0.0934,0.1954,-0.0115,-0.1912,-0.0107,0.0171,1.0389,-0.0403,1.5784,0.000205,0.0003,0.0
10.07,FLIGHT,0.9582,1.5436,0.0935,0.1949,0.0983,0.1893,-0.0115,-0.1911,-0.0086,0.0165,1.0397,-0.0402,1.5786,0.000206,0.0003,0.0
10.075,FLIGHT,0.9587,1.5445,0.0983,0.1888,0.1022,0.1835,-0.0115,-0.191,-0.0069,0.0159,1.0405,-0.0401,1.5788,0.000208,0.0003,0.0
10.08,FLIGHT,0.9593,1.5454,0.1022,0.183,0.1054,0.178,-0.0116,-0.1909,-0.0053,0.0153,1.0413,-0.0401,1.579,0.000209,0.0003,0.0
10.085,FLIGHT,0.9598,1.5463,0.1054,0.1776,0.1078,0.1728,-0.0116,-0.1908,-0.004,0.0148,1.042,-0.0401,1.5792,0.00021,0.0002,0.0
10.09,FLIGHT,0.9603,1.5471,0.1078,0.1724,0.1097,0.1679,-0.0116,-0.1908,-0.0028,0.0143,1.0427,-0.0401,1.5794,0.000212,0.0002,0.0
10.095,FLIGHT,0.9609,1.5479,0.1096,0.1675,0.1111,0.1632,-0.0116,-0.1907,-0.0018,0.0139,1.0434,-0.0402,1.5796,0.000213,0.0002,0.0
10.1,FLIGHT,0.9614,1.5487,0.111,0.1628,0.112,0.1587,-0.0116,-0.1906,-0.0009,0.0134,1.044,-0.0402,1.5798,0.000214,0.0002,0.0
10.105,FLIGHT,0.962,1.5495,0.1119,0.1584,0.1125,0.1545,-0.0116,-0.1906,-0.0002,0.013,1.0447,-0.0403,1.5801,0.000214,0.0002,0.0
10.11,FLIGHT,0.9626,1.5503,0.1124,0.1541,0.1127,0.1504,-0.0116,-0.1905,0.0005,0.0126,1.0453,-0.0404,1.5803,0.000215,0.0001,0.0
10.115,FLIGHT,0.9631,1.551,0.1126,0.15,0.1126,0.1464,-0.0116,-0.1905,0.0011,0.0123,1.0458,-0.0405,1.5805,0.000216,0.0001,0.0
10.12,FLIGHT,0.9637,1.5518,0.1125,0.1461,0.1123,0.1427,-0.0116,-0.1904,0.0016,0.0119,1.0464,-0.0407,1.5808,0.000216,0.0001,0.0
10.125,FLIGHT,0.9642,1.5525,0.1122,0.1424,0.1118,0.139,-0.0116,-0.1903,0.002,0.0116,1.0469,-0.0408,1.581,0.000217,0.0001,0.0
10.13,FLIGHT,0.9648,1.5531,0.1116,0.1387,0.1111,0.1355,-0.0116,-0.1903,0.0024,0.0113,1.0474,-0.0409,1.5812,0.000217,0.0001,0.0
10.135,FLIGHT,0.9654,1.5538,0.1109,0.1352,0.1103,0.1322,-0.0116,-0.1902,0.0028,0.011,1.0478,-0.0411,1.5815,0.000217,0.0,0.0
10.14,FLIGHT,0.9659,1.5545,0.1101,0.1319,0.1093,0.1289,-0.0115,-0.1902,0.0031,0.0107,1.0483,-0.0412,1.5817,0.000218,0.0,0.0
10.145,FLIGHT,0.9665,1.5551,0.1092,0.1286,0.1083,0.1257,-0.0115,-0.1901,0.0033,0.0104,1.0487,-0.0414,1.5819,0.000218,0.0,0.0
10.15,FLIGHT,0.967,1.5557,0.1081,0.1255,0.1071,0.1227,-0.0115,-0.1901,0.0035,0.0101,1.0491,-0.0415,1.5821,0.000218,0.0,0.0
10.155,FLIGHT,0.9675,1.5563,0.107,0.1224,0.106,0.1197,-0.0115,-0.19,0.0037,0.0099,1.0494,-0.0417,1.5824,0.000218,0.0,0.0
10.16,FLIGHT,0.968,1.5569,0.1058,0.1194,0.1047,0.1168,-0.0115,-0.19,0.0039,0.0096,1.0498,-0.0418,1.5826,0.000218,0.0,0.0
10.165,FLIGHT,0.9686,1.5575,0.1046,0.1166,0.1034,0.114,-0.0114,-0.1899,0.0041,0.0094,1.0501,-0.042,1.5828,0.000218,-0.0,0.0
10.17,FLIGHT,0.9691,1.5581,0.1033,0.1138,0.1021,0.1113,-0.0114,-0.1899,0.0042,0.0091,1.0504,-0.0421,1.583,0.000218,-0.0,0.0
10.175,FLIGHT,0.9696,1.5586,0.102,0.1111,0.1008,0.1087,-0.0114,-0.1898,0.0043,0.0089,1.0506,-0.0423,1.5832,0.000218,-0.0,0.0
10.18,FLIGHT,0.9701,1.5592,0.1006,0.1085,0.0994,0.1061,-0.0114,-0.1898,0.0044,0.0087,1.0509,-0.0424,1.5835,0.000218,-0.0,0.0
10.185,FLIGHT,0.9706,1.5597,0.0993,0.1059,0.0981,0.1036,-0.0114,-0.1898,0.0045,0.0085,1.0511,-0.0426,1.5837,0.000218,-0.0,0.0
10.19,FLIGHT,0.9711,1.5602,0.0979,0.1034,0.0967,0.1012,-0.0113,-0.1897,0.0046,0.0083,1.0513,-0.0428,1.5839,0.000218,-0.0,0.0
10.195,FLIGHT,0.9716,1.5607,0.0965,0.101,0.0953,0.0989,-0.0113,-0.1897,0.0046,0.0081,1.0514,-0.0429,1.5841,0.000217,-0.0,0.0
10.2,FLIGHT,0.972,1.5612,0.0952,0.0987,0.0939,0.0966,-0.0113,-0.1896,0.0047,0.0079,1.0516,-0.043,1.5843,0.000217,-0.0,0.0
10.205,FLIGHT,0.9725,1.5617,0.0938,0.0964,0.0926,0.0943,-0.0113,-0.1896,0.0047,0.0077,1.0517,-0.0432,1.5845,0.000217,-0.0,0.0
10.21,FLIGHT,0.973,1.5621,0.0924,0.0941,0.0912,0.0922,-0.0112,-0.1896,0.0048,0.0075,1.0518,-0.0433,1.5847,0.000217,-0.0,0.0
10.215,FLIGHT,0.9734,1.5626,0.0911,0.092,0.0899,0.0901,-0.0112,-0.1895,0.0048,0.0073,1.0519,-0.0435,1.5848,0.000217,-0.0,0.0
10.22,FLIGHT,0.9738,1.563,0.0898,0.0899,0.0886,0.088,-0.0112,-0.1895,0.0048,0.0071,1.0519,-0.0436,1.585,0.000217,-0.0,0.0
10.225,FLIGHT,0.9743,1.5635,0.0884,0.0878,0.0872,0.086,-0.0112,-0.1895,0.0049,0.007,1.0519,-0.0438,1.5852,0.000217,-0.0,0.0
10.23,FLIGHT,0.9747,1.5639,0.0871,0.0858,0.0859,0.084,-0.0111,-0.1894,0.0049,0.0068,1.0519,-0.0439,1.5854,0.000216,-0.0,0.0
10.235,FLIGHT,0.9751,1.5643,0.0858,0.0839,0.0847,0.0821,-0.0111,-0.1894,0.0049,0.0066,1.0519,-0.044,1.5856,0.000216,-0.0,0.0
10.24,FLIGHT,0.9756,1.5647,0.0845,0.082,0.0834,0.0803,-0.0111,-0.1894,0.0049,0.0065,1.0519,-0.0442,1.5857,0.000216,-0.0,0.0
10.245,FLIGHT,0.976,1.5651,0.0833,0.0801,0.0821,0.0785,-0.0111,-0.1893,0.0049,0.0063,1.0518,-0.0443,1.5859,0.000216,-0.0,0.0
10.25,FLIGHT,0.9764,1.5655,0.082,0.0783,0.0809,0.0767,-0.011,-0.1893,0.0049,0.0062,1.0517,-0.0444,1.5861,0.000216,-0.0,0.0
10.255,FLIGHT,0.9768,1.5659,0.0808,0.0765,0.0797,0.075,-0.011,-0.1893,0.0049,0.006,1.0516,-0.0446,1.5862,0.000216,-0.0,0.0
10.26,FLIGHT,0.9772,1.5662,0.0796,0.0748,0.0785,0.0733,-0.011,-0.1892,0.0049,0.0059,1.0514,-0.0447,1.5864,0.000215,-0.0,0.0
10.265,FLIGHT,0.9776,1.5666,0.0784,0.0732,0.0773,0.0717,-0.011,-0.1892,0.0049,0.0058,1.0513,-0.0448,1.5865,0.000215,-0.0,0.0
10.27,FLIGHT,0.978,1.567,0.0772,0.0715,0.0762,0.0701,-0.0109,-0.1892,0.0049,0.0056,1.0511,-0.0449,1.5867,0.000215,-0.0,0.0
10.275,FLIGHT,0.9783,1.5673,0.076,0.0699,0.075,0.0685,-0.0109,-0.1892,0.0049,0.0055,1.0509,-0.0451,1.5869,0.000215,-0.0,0.0
10.28,FLIGHT,0.9787,1.5676,0.0749,0.0684,0.0739,0.067,-0.0109,-0.1891,0.0049,0.0054,1.0507,-0.0452,1.587,0.000215,-0.0,0.0
10.285,FLIGHT,0.9791,1.568,0.0738,0.0669,0.0728,0.0655,-0.0109,-0.1891,0.0049,0.0053,1.0504,-0.0453,1.5872,0.000215,-0.0,0.0
10.29,FLIGHT,0.9794,1.5683,0.0727,0.0654,0.0717,0.0641,-0.0108,-0.1891,0.0049,0.0051,1.0502,-0.0454,1.5873,0.000215,-0.0,0.0
10.295,FLIGHT,0.9798,1.5686,0.0716,0.064,0.0706,0.0627,-0.0108,-0.1891,0.0049,0.005,1.0499,-0.0455,1.5874,0.000215,-0.0,0.0
10.3,FLIGHT,0.9801,1.5689,0.0705,0.0626,0.0696,0.0613,-0.0108,-0.189,0.0048,0.0049,1.0496,-0.0457,1.5876,0.000214,-0.0,0.0
10.305,FLIGHT,0.9805,1.5692,0.0695,0.0612,0.0685,0.06,-0.0108,-0.189,0.0048,0.0048,1.0493,-0.0458,1.5877,0.000214,-0.0,0.0
10.31,FLIGHT,0.9808,1.5695,0.0684,0.0599,0.0675,0.0587,-0.0107,-0.189,0.0048,0.0047,1.0489,-0.0459,1.5879,0.000214,-0.0,0.0
10.315,FLIGHT,0.9812,1.5698,0.0674,0.0586,0.0665,0.0575,-0.0107,-0.189,0.0048,0.0046,1.0485,-0.046,1.588,0.000214,-0.0,0.0
10.32,FLIGHT,0.9815,1.5701,0.0664,0.0573,0.0655,0.0562,-0.0107,-0.1889,0.0048,0.0045,1.0481,-0.0461,1.5881,0.000214,-0.0,0.0
10.325,FLIGHT,0.9818,1.5704,0.0654,0.0561,0.0645,0.055,-0.0107,-0.1889,0.0048,0.0044,1.0477,-0.0462,1.5883,0.000214,-0.0,0.0
10.33,FLIGHT,0.9821,1.5707,0.0645,0.0549,0.0636,0.0538,-0.0107,-0.1889,0.0047,0.0043,1.0473,-0.0463,1.5884,0.000214,-0.0,0.0
10.335,FLIGHT,0.9825,1.5709,0.0635,0.0537,0.0626,0.0527,-0.0106,-0.1889,0.0047,0.0042,1.0469,-0.0464,1.5885,0.000214,-0.0,0.0
10.34,FLIGHT,0.9828,1.5712,0.0626,0.0526,0.0617,0.0516,-0.0106,-0.1889,0.0047,0.0041,1.0464,-0.0465,1.5886,0.000214,-0.0,0.0
10.345,FLIGHT,0.9831,1.5714,0.0616,0.0515,0.0608,0.0505,-0.0106,-0.1888,0.0047,0.004,1.0459,-0.0466,1.5888,0.000214,-0.0,0.0
10.35,FLIGHT,0.9834,1.5717,0.0607,0.0504,0.0599,0.0495,-0.0106,-0.1888,0.0046,0.0039,1.0454,-0.0467,1.5889,0.000214,-0.0,0.0
10.355,FLIGHT,0.9837,1.5719,0.0598,0.0494,0.059,0.0484,-0.0105,-0.1888,0.0046,0.0038,1.0449,-0.0468,1.589,0.000213,-0.0,0.0
10.36,FLIGHT,0.984,1.5722,0.0589,0.0483,0.0581,0.0474,-0.0105,-0.1888,0.0046,0.0038,1.0443,-0.0469,1.5891,0.000213,-0.0,0.0
10.365,FLIGHT,0.9843,1.5724,0.058,0.0473,0.0573,0.0464,-0.0105,-0.1888,0.0045,0.0037,1.0438,-0.047,1.5892,0.000213,-0.0,0.0
10.37,FLIGHT,0.9845,1.5726,0.0572,0.0464,0.0564,0.0455,-0.0105,-0.1887,0.0045,0.0036,1.0432,-0.0471,1.5894,0.000213,-0.0,0.0
10.375,FLIGHT,0.9848,1.5729,0.0563,0.0454,0.0556,0.0446,-0.0104,-0.1887,0.0045,0.0035,1.0426,-0.0472,1.5895,0.000213,-0.0,0.0
10.38,FLIGHT,0.9851,1.5731,0.0555,0.0445,0.0548,0.0437,-0.0104,-0.1887,0.0044,0.0034,1.042,-0.0473,1.5896,0.000213,-0.0,0.0
10.385,FLIGHT,0.9854,1.5733,0.0547,0.0436,0.0539,0.0428,-0.0104,-0.1887,0.0044,0.0034,1.0414,-0.0474,1.5897,0.000213,-0.0,0.0
10.39,FLIGHT,0.9856,1.5735,0.0539,0.0427,0.0531,0.0419,-0.0104,-0.1887,0.0044,0.0033,1.0407,-0.0475,1.5898,0.000213,-0.0,0.0
10.395,FLIGHT,0.9859,1.5737,0.053,0.0418,0.0523,0.0411,-0.0104,-0.1887,0.0043,0.0032,1.04,-0.0476,1.5899,0.000213,-0.0,0.0
10.4,FLIGHT,0.9862,1.5739,0.0523,0.041,0.0515,0.0403,-0.0103,-0.1886,0.0043,0.0032,1.0393,-0.0477,1.59,0.000213,-0.0,0.0
10.405,FLIGHT,0.9864,1.5741,0.0515,0.0402,0.0508,0.0395,-0.0103,-0.1886,0.0043,0.0031,1.0386,-0.0478,1.5901,0.000213,-0.0,0.0
10.41,FLIGHT,0.9867,1.5743,0.0507,0.0394,0.05,0.0387,-0.0103,-0.1886,0.0042,0.003,1.0379,-0.0479,1.5902,0.000213,-0.0,0.0
10.415,FLIGHT,0.9869,1.5745,0.0499,0.0386,0.0492,0.0379,-0.0103,-0.1886,0.0042,0.003,1.0372,-0.048,1.5903,0.000213,-0.0,0.0
10.42,FLIGHT,0.9872,1.5747,0.0492,0.0379,0.0485,0.0372,-0.0103,-0.1886,0.0041,0.0029,1.0364,-0.0481,1.5904,0.000213,-0.0,0.0
10.425,FLIGHT,0.9874,1.5749,0.0484,0.0371,0.0478,0.0365,-0.0102,-0.1886,0.0041,0.0029,1.0357,-0.0482,1.5905,0.000213,-0.0,0.0
10.43,FLIGHT,0.9876,1.5751,0.0477,0.0364,0.047,0.0358,-0.0102,-0.1886,0.0041,0.0028,1.0349,-0.0483,1.5906,0.000213,-0.0,0.0
10.435,FLIGHT,0.9879,1.5752,0.047,0.0357,0.0463,0.0351,-0.0102,-0.1885,0.004,0.0027,1.0341,-0.0484,1.5907,0.000213,-0.0,0.0
10.44,FLIGHT,0.9881,1.5754,0.0462,0.035,0.0456,0.0344,-0.0102,-0.1885,0.004,0.0027,1.0332,-0.0484,1.5908,0.000213,-0.0,0.0
10.445,FLIGHT,0.9883,1.5756,0.0455,0.0344,0.0449,0.0338,-0.0102,-0.1885,0.0039,0.0026,1.0324,-0.0485,1.5909,0.000213,-0.0,0.0
10.45,FLIGHT,0.9885,1.5757,0.0448,0.0337,0.0442,0.0331,-0.0101,-0.1885,0.0039,0.0026,1.0315,-0.0486,1.591,0.000213,-0.0,0.0
10.455,FLIGHT,0.9888,1.5759,0.0441,0.0331,0.0435,0.0325,-0.0101,-0.1885,0.0038,0.0025,1.0307,-0.0487,1.5911,0.000213,-0.0,0.0
10.46,FLIGHT,0.989,1.5761,0.0434,0.0325,0.0428,0.0319,-0.0101,-0.1885,0.0038,0.0025,1.0298,-0.0488,1.5912,0.000213,-0.0,0.0
10.465,FLIGHT,0.9892,1.5762,0.0427,0.0319,0.0421,0.0314,-0.0101,-0.1885,0.0037,0.0024,1.0289,-0.0489,1.5913,0.000213,-0.0,0.0
10.47,FLIGHT,0.9894,1.5764,0.0421,0.0313,0.0414,0.0308,-0.0101,-0.1885,0.0037,0.0024,1.028,-0.049,1.5914,0.000213,-0.0,0.0
10.475,FLIGHT,0.9896,1.5765,0.0414,0.0307,0.0408,0.0302,-0.01,-0.1884,0.0036,0.0024,1.027,-0.0491,1.5915,0.000213,-0.0,0.0
10.48,FLIGHT,0.9898,1.5767,0.0407,0.0302,0.0401,0.0297,-0.01,-0.1884,0.0036,0.0023,1.0261,-0.0491,1.5916,0.000213,0.0,0.0
10.485,FLIGHT,0.99,1.5768,0.0401,0.0296,0.0395,0.0292,-0.01,-0.1884,0.0035,0.0023,1.0251,-0.0492,1.5916,0.000213,0.0,0.0
10.49,FLIGHT,0.9902,1.577,0.0394,0.0291,0.0388,0.0287,-0.01,-0.1884,0.0035,0.0022,1.0241,-0.0493,1.5917,0.000213,0.0,0.0
10.495,FLIGHT,0.9904,1.5771,0.0388,0.0286,0.0382,0.0282,-0.01,-0.1884,0.0034,0.0022,1.0231,-0.0494,1.5918,0.000213,0.0,0.0
10.5,FLIGHT,0.9906,1.5773,0.0381,0.0281,0.0375,0.0277,-0.01,-0.1884,0.0034,0.0022,1.0221,-0.0495,1.5919,0.000213,0.0,0.0
10.505,FLIGHT,0.9908,1.5774,0.0375,0.0276,0.0369,0.0272,-0.0099,-0.1884,0.0033,0.0021,1.0211,-0.0496,1.592,0.000213,0.0,0.0
10.51,FLIGHT,0.991,1.5775,0.0368,0.0271,0.0363,0.0267,-0.0099,-0.1884,0.0033,0.0021,1.0201,-0.0497,1.5921,0.000213,0.0,0.0
10.515,FLIGHT,0.9911,1.5777,0.0362,0.0267,0.0356,0.0263,-0.0099,-0.1884,0.0032,0.002,1.019,-0.0497,1.5922,0.000213,0.0,0.0
10.52,FLIGHT,0.9913,1.5778,0.0356,0.0262,0.035,0.0258,-0.0099,-0.1883,0.0031,0.002,1.018,-0.0498,1.5922,0.000213,0.0,0.0
10.525,FLIGHT,0.9915,1.5779,0.035,0.0258,0.0344,0.0254,-0.0099,-0.1883,0.0031,0.002,1.0169,-0.0499,1.5923,0.000213,0.0,0.0
10.53,FLIGHT,0.9917,1.578,0.0344,0.0254,0.0338,0.025,-0.0099,-0.1883,0.003,0.0019,1.0158,-0.05,1.5924,0.000213,0.0,0.0
10.535,FLIGHT,0.9918,1.5782,0.0337,0.025,0.0332,0.0246,-0.0098,-0.1883,0.003,0.0019,1.0147,-0.0501,1.5925,0.000213,0.0,0.0
10.54,FLIGHT,0.992,1.5783,0.0331,0.0245,0.0326,0.0242,-0.0098,-0.1883,0.0029,0.0019,1.0136,-0.0502,1.5926,0.000213,0.0,0.0
10.545,FLIGHT,0.9921,1.5784,0.0325,0.0242,0.032,0.0238,-0.0098,-0.1883,0.0028,0.0019,1.0124,-0.0502,1.5926,0.000213,0.0,0.0
10.55,FLIGHT,0.9923,1.5785,0.0319,0.0238,0.0314,0.0234,-0.0098,-0.1883,0.0028,0.0018,1.0113,-0.0503,1.5927,0.000213,0.0,0.0
10.555,FLIGHT,0.9925,1.5786,0.0313,0.0234,0.0308,0.0231,-0.0098,-0.1883,0.0027,0.0018,1.0101,-0.0504,1.5928,0.000213,0.0,0.0
10.56,FLIGHT,0.9926,1.5788,0.0307,0.023,0.0302,0.0227,-0.0098,-0.1883,0.0027,0.0018,1.0089,-0.0505,1.5929,0.000213,0.0,0.0
10.565,FLIGHT,0.9928,1.5789,0.0302,0.0227,0.0296,0.0223,-0.0098,-0.1883,0.0026,0.0017,1.0077,-0.0506,1.5929,0.000213,0.0,0.0
10.57,FLIGHT,0.9929,1.579,0.0296,0.0223,0.0291,0.022,-0.0098,-0.1883,0.0025,0.0017,1.0065,-0.0506,1.593,0.000213,0.0,0.0
10.575,FLIGHT,0.9931,1.5791,0.029,0.022,0.0285,0.0217,-0.0097,-0.1882,0.0025,0.0017,1.0053,-0.0507,1.5931,0.000213,0.0,0.0
10.58,FLIGHT,0.9932,1.5792,0.0284,0.0216,0.0279,0.0214,-0.0097,-0.1882,0.0024,0.0017,1.0041,-0.0508,1.5932,0.000213,0.0,0.0
10.585,FLIGHT,0.9933,1.5793,0.0278,0.0213,0.0273,0.021,-0.0097,-0.1882,0.0023,0.0017,1.0029,-0.0509,1.5932,0.000213,0.0,0.0
10.59,FLIGHT,0.9935,1.5794,0.0273,0.021,0.0268,0.0207,-0.0097,-0.1882,0.0023,0.0016,1.0016,-0.051,1.5933,0.000213,0.0,0.0
10.595,FLIGHT,0.9936,1.5795,0.0267,0.0207,0.0262,0.0204,-0.0097,-0.1882,0.0022,0.0016,1.0004,-0.051,1.5934,0.000213,0.0,0.0
10.6,STANCE,0.9939,1.5801,0.0618,0.113,0.215,0.5005,-0.0097,-0.1882,-0.0037,0.0096,0.9992,0.115,-0.1772,-3.9e-05,-0.2505,0.0501
10.605,STANCE,1.0011,1.5777,1.125,-0.4037,2.2693,-1.3262,-0.008,-0.1884,0.2672,-0.0449,0.9982,-0.4361,-0.5492,-0.002317,-0.5409,0.1105
10.61,STANCE,1.0049,1.5761,0.7613,-0.2579,-0.0113,0.2503,-0.0071,-0.1886,0.179,-0.0281,0.998,-0.5659,-1.1911,-0.003519,-0.0722,0.018
10.615,STANCE,1.0046,1.5774,0.2096,0.073,0.038,0.0891,-0.0073,-0.1885,0.0295,0.0049,0.9981,-0.6521,-1.8669,-0.003593,0.0243,0.0036
10.62,STANCE,1.006,1.5762,0.2892,-0.1817,0.544,-0.6043,-0.0069,-0.1886,0.0795,-0.018,0.9984,-1.0055,-2.1635,-0.003353,0.0683,0.0034
10.625,STANCE,1.0096,1.5683,0.5868,-1.226,0.8438,-1.7984,-0.0051,-0.1893,0.2805,-0.109,0.9983,-1.4518,-1.9081,-0.002742,0.1389,0.0027
10.63,STANCE,1.0139,1.5586,0.7749,-1.7607,0.9055,-1.988,-0.003,-0.1902,0.3928,-0.151,0.9984,-1.7845,-1.6446,-0.001999,0.1145,0.002
10.635,STANCE,1.0214,1.5464,1.3138,-2.2814,1.8689,-2.8728,0.0002,-0.1912,0.573,-0.1862,0.9986,-2.1765,-1.1691,-0.001967,-0.0554,0.0131
10.64,STANCE,1.0292,1.5298,1.4509,-2.9755,1.2993,-2.9387,0.004,-0.1925,0.7048,-0.227,0.9986,-2.2745,-0.4538,-0.001977,0.0018,0.002
10.645,STANCE,1.033,1.5168,0.9149,-2.717,0.2175,-2.3824,0.0066,-0.1935,0.5691,-0.1999,0.999,-1.8678,-0.1008,-0.001725,0.1083,0.0017
10.65,STANCE,1.0325,1.5062,0.1973,-2.292,-0.2628,-1.809,0.0081,-0.1943,0.3708,-0.1689,0.9995,-1.2034,0.1742,-0.001071,0.1315,0.0011
10.655,STANCE,1.0309,1.4964,-0.1612,-2.0856,-0.2285,-1.8858,0.0092,-0.195,0.2724,-0.1541,1.0,-0.6073,0.5094,-0.000339,0.1243,0.0003
10.66,STANCE,1.0298,1.4851,-0.1861,-2.2221,-0.1855,-2.5927,0.0106,-0.1958,0.2889,-0.1613,1.0005,-0.1777,0.9104,0.000324,0.1041,0.0
10.665,STANCE,1.0293,1.472,-0.12,-2.4936,-0.0538,-2.655,0.0124,-0.1968,0.3437,-0.1756,1.0009,0.0635,1.2274,0.000724,0.0589,0.0
10.67,FLIGHT,1.0291,1.4602,-0.0677,-2.355,-0.3829,-1.2873,0.0142,-0.1976,0.3354,-0.1614,1.0015,-1.1327,2.4624,0.000933,0.0273,0.0
10.675,FLIGHT,1.0225,1.4639,-1.0118,-0.0572,-2.0732,2.2646,0.0123,-0.1974,-0.1913,-0.0164,1.0033,-0.6755,2.0625,0.001021,0.0094,0.0
10.68,FLIGHT,1.0108,1.4774,-1.9282,1.8284,-2.4049,2.7316,0.008,-0.1966,-0.6452,0.1186,1.0054,-0.1322,1.6066,0.001035,-0.0028,0.0006
10.685,FLIGHT,1.0,1.4886,-2.0533,2.0412,-1.8573,1.6721,0.0043,-0.1958,-0.6959,0.1474,1.0073,0.0602,1.455,0.000998,-0.0115,0.0023
10.69,FLIGHT,0.9923,1.4944,-1.6688,1.3963,-1.2512,0.7571,0.0019,-0.1954,-0.5256,0.1063,1.0089,0.0015,1.5154,0.000924,-0.0181,0.0036
10.695,FLIGHT,0.987,1.4973,-1.2453,0.8268,-0.933,0.4837,0.0005,-0.1952,-0.3606,0.0652,1.0103,-0.0957,1.6029,0.000828,-0.0198,0.004
10.7,FLIGHT,0.9826,1.4999,-0.9884,0.6242,-0.8327,0.5762,-0.0007,-0.195,-0.2811,0.0511,1.0117,-0.1302,1.6336,0.00073,-0.0191,0.0038
10.705,FLIGHT,0.9786,1.5031,-0.8645,0.6392,-0.783,0.6825,-0.002,-0.1947,-0.2585,0.0539,1.0132,-0.112,1.6191,0.000638,-0.0174,0.0035
10.71,FLIGHT,0.9749,1.5065,-0.7788,0.6712,-0.7,0.6751,-0.0032,-0.1944,-0.2457,0.058,1.0147,-0.0832,1.5964,0.000557,-0.0154,0.0031
10.715,FLIGHT,0.9716,1.5097,-0.6821,0.6439,-0.5885,0.5957,-0.0043,-0.1941,-0.2225,0.0567,1.0161,-0.0667,1.5847,0.000485,-0.0133,0.0027
10.72,FLIGHT,0.969,1.5125,-0.5749,0.5782,-0.4794,0.5153,-0.0052,-0.1939,-0.1921,0.0517,1.0175,-0.0625,1.5834,0.000424,-0.0112,0.0022
10.725,FLIGHT,0.9668,1.5149,-0.4739,0.5138,-0.39,0.4637,-0.0059,-0.1937,-0.1633,0.0465,1.0188,-0.0622,1.5851,0.000372,-0.0093,0.0019
10.73,FLIGHT,0.965,1.5172,-0.3885,0.4677,-0.3194,0.4344,-0.0066,-0.1935,-0.1401,0.0425,1.0201,-0.0606,1.5853,0.00033,-0.0076,0.0015
10.735,FLIGHT,0.9636,1.5193,-0.3181,0.4363,-0.2603,0.412,-0.0072,-0.1933,-0.1219,0.0398,1.0214,-0.0572,1.5838,0.000296,-0.006,0.0012
10.74,FLIGHT,0.9624,1.5213,-0.258,0.4109,-0.2077,0.389,-0.0077,-0.1931,-0.1066,0.0375,1.0226,-0.0535,1.5818,0.000269,-0.0047,0.0009
10.745,FLIGHT,0.9615,1.5232,-0.2049,0.3867,-0.16,0.3653,-0.0081,-0.1929,-0.0929,0.0352,1.0239,-0.0504,1.5804,0.000249,-0.0036,0.0007
10.75,FLIGHT,0.9608,1.5249,-0.1576,0.3634,-0.1179,0.3432,-0.0085,-0.1928,-0.0804,0.033,1.0251,-0.0483,1.5795,0.000233,-0.0027,0.0005
10.755,FLIGHT,0.9603,1.5266,-0.1161,0.3421,-0.0814,0.3242,-0.0088,-0.1926,-0.0694,0.0309,1.0262,-0.0466,1.579,0.000221,-0.002,0.0004
10.76,FLIGHT,0.96,1.5282,-0.08,0.3234,-0.05,0.3078,-0.0091,-0.1925,-0.0598,0.0291,1.0274,-0.0452,1.5786,0.000212,-0.0014,0.0003
10.765,FLIGHT,0.9598,1.5297,-0.0489,0.307,-0.0231,0.2933,-0.0093,-0.1923,-0.0515,0.0275,1.0285,-0.044,1.5783,0.000207,-0.001,0.0002
10.77,FLIGHT,0.9598,1.5311,-0.0221,0.2925,0.0002,0.2801,-0.0095,-0.1922,-0.0444,0.026,1.0295,-0.0429,1.578,0.000203,-0.0006,0.0001
10.775,FLIGHT,0.9598,1.5325,0.001,0.2793,0.0202,0.268,-0.0097,-0.1921,-0.0381,0.0247,1.0306,-0.042,1.5778,0.0002,-0.0003,0.0001
10.78,FLIGHT,0.9599,1.5338,0.0209,0.2672,0.0374,0.2569,-0.0099,-0.192,-0.0326,0.0234,1.0316,-0.0412,1.5777,0.000199,-0.0001,0.0
10.785,FLIGHT,0.9602,1.535,0.038,0.2562,0.0521,0.2468,-0.01,-0.1919,-0.0278,0.0223,1.0326,-0.0406,1.5776,0.000199,0.0,0.0
10.79,FLIGHT,0.9605,1.5363,0.0526,0.2461,0.0646,0.2375,-0.0101,-0.1918,-0.0236,0.0213,1.0336,-0.0401,1.5776,0.0002,0.0001,0.0
10.795,FLIGHT,0.9608,1.5374,0.065,0.2369,0.0751,0.2289,-0.0102,-0.1917,-0.0199,0.0204,1.0345,-0.0398,1.5777,0.0002,0.0002,0.0
10.8,FLIGHT,0.9612,1.5385,0.0754,0.2283,0.084,0.2209,-0.0103,-0.1916,-0.0167,0.0195,1.0354,-0.0395,1.5778,0.000202,0.0003,0.0
10.805,FLIGHT,0.9617,1.5396,0.0842,0.2204,0.0914,0.2135,-0.0103,-0.1915,-0.014,0.0188,1.0363,-0.0392,1.5779,0.000203,0.0003,0.0
10.81,FLIGHT,0.9621,1.5407,0.0915,0.213,0.0975,0.2066,-0.0104,-0.1914,-0.0116,0.018,1.0371,-0.0391,1.578,0.000204,0.0003,0.0
10.815,FLIGHT,0.9626,1.5417,0.0976,0.2061,0.1025,0.2001,-0.0104,-0.1913,-0.0095,0.0174,1.0379,-0.039,1.5782,0.000206,0.0003,0.0
10.82,FLIGHT,0.9631,1.5427,0.1025,0.1996,0.1065,0.194,-0.0105,-0.1912,-0.0076,0.0167,1.0387,-0.0389,1.5784,0.000207,0.0003,0.0
10.825,FLIGHT,0.9637,1.5436,0.1065,0.1935,0.1097,0.1882,-0.0105,-0.1911,-0.006,0.0162,1.0395,-0.0389,1.5786,0.000209,0.0003,0.0
10.83,FLIGHT,0.9642,1.5446,0.1097,0.1878,0.1122,0.1828,-0.0105,-0.1911,-0.0046,0.0156,1.0402,-0.0389,1.5788,0.00021,0.0002,0.0
10.835,FLIGHT,0.9648,1.5455,0.1122,0.1823,0.1141,0.1776,-0.0105,-0.191,-0.0034,0.0151,1.0409,-0.0389,1.579,0.000211,0.0002,0.0
10.84,FLIGHT,0.9654,1.5463,0.114,0.1772,0.1154,0.1726,-0.0105,-0.1909,-0.0024,0.0146,1.0416,-0.039,1.5793,0.000212,0.0002,0.0
10.845,FLIGHT,0.966,1.5472,0.1153,0.1722,0.1163,0.1679,-0.0105,-0.1908,-0.0015,0.0142,1.0423,-0.0391,1.5795,0.000213,0.0002,0.0
10.85,FLIGHT,0.9665,1.548,0.1162,0.1675,0.1168,0.1634,-0.0105,-0.1908,-0.0007,0.0138,1.0429,-0.0392,1.5798,0.000214,0.0002,0.0
10.855,FLIGHT,0.9671,1.5488,0.1167,0.163,0.1169,0.1591,-0.0105,-0.1907,0.0,0.0134,1.0435,-0.0393,1.58,0.000215,0.0001,0.0
10.86,FLIGHT,0.9677,1.5496,0.1168,0.1587,0.1168,0.1549,-0.0105,-0.1906,0.0007,0.013,1.0441,-0.0394,1.5803,0.000215,0.0001,0.0
10.865,FLIGHT,0.9683,1.5504,0.1166,0.1546,0.1164,0.151,-0.0105,-0.1906,0.0012,0.0126,1.0446,-0.0395,1.5805,0.000216,0.0001,0.0
10.87,FLIGHT,0.9689,1.5511,0.1163,0.1506,0.1158,0.1471,-0.0105,-0.1905,0.0016,0.0123,1.0451,-0.0397,1.5808,0.000216,0.0001,0.0
10.875,FLIGHT,0.9695,1.5519,0.1156,0.1468,0.115,0.1434,-0.0105,-0.1905,0.002,0.0119,1.0456,-0.0398,1.581,0.000217,0.0001,0.0
10.88,FLIGHT,0.97,1.5526,0.1149,0.1431,0.1141,0.1398,-0.0105,-0.1904,0.0024,0.0116,1.0461,-0.04,1.5813,0.000217,0.0,0.0
10.885,FLIGHT,0.9706,1.5532,0.114,0.1395,0.1131,0.1364,-0.0105,-0.1903,0.0027,0.0113,1.0465,-0.0401,1.5815,0.000217,0.0,0.0
10.89,FLIGHT,0.9712,1.5539,0.1129,0.1361,0.1119,0.133,-0.0105,-0.1903,0.003,0.011,1.0469,-0.0403,1.5817,0.000217,0.0,0.0
10.895,FLIGHT,0.9717,1.5546,0.1118,0.1327,0.1107,0.1298,-0.0104,-0.1902,0.0032,0.0107,1.0473,-0.0405,1.582,0.000217,0.0,0.0
10.9,FLIGHT,0.9723,1.5552,0.1105,0.1295,0.1094,0.1267,-0.0104,-0.1902,0.0034,0.0105,1.0477,-0.0406,1.5822,0.000217,0.0,0.0
10.905,FLIGHT,0.9728,1.5558,0.1092,0.1264,0.1081,0.1236,-0.0104,-0.1901,0.0036,0.0102,1.048,-0.0408,1.5825,0.000217,-0.0,0.0
10.91,FLIGHT,0.9733,1.5565,0.1079,0.1233,0.1067,0.1206,-0.0104,-0.1901,0.0037,0.0099,1.0483,-0.0409,1.5827,0.000217,-0.0,0.0
10.915,FLIGHT,0.9739,1.5571,0.1065,0.1204,0.1053,0.1178,-0.0104,-0.19,0.0039,0.0097,1.0486,-0.0411,1.5829,0.000217,-0.0,0.0
10.92,FLIGHT,0.9744,1.5576,0.1051,0.1175,0.1038,0.115,-0.0104,-0.19,0.004,0.0095,1.0489,-0.0413,1.5831,0.000217,-0.0,0.0
10.925,FLIGHT,0.9749,1.5582,0.1037,0.1147,0.1024,0.1123,-0.0103,-0.1899,0.0041,0.0092,1.0491,-0.0414,1.5834,0.000217,-0.0,0.0
10.93,FLIGHT,0.9754,1.5588,0.1022,0.112,0.1009,0.1096,-0.0103,-0.1899,0.0042,0.009,1.0493,-0.0416,1.5836,0.000217,-0.0,0.0
10.935,FLIGHT,0.9759,1.5593,0.1007,0.1094,0.0994,0.1071,-0.0103,-0.1899,0.0042,0.0088,1.0495,-0.0418,1.5838,0.000217,-0.0,0.0
10.94,FLIGHT,0.9764,1.5598,0.0993,0.1068,0.0979,0.1046,-0.0103,-0.1898,0.0043,0.0086,1.0497,-0.0419,1.584,0.000217,-0.0,0.0
10.945,FLIGHT,0.9769,1.5603,0.0978,0.1043,0.0965,0.1021,-0.0102,-0.1898,0.0044,0.0084,1.0498,-0.0421,1.5842,0.000217,-0.0,0.0
10.95,FLIGHT,0.9774,1.5609,0.0963,0.1019,0.095,0.0998,-0.0102,-0.1897,0.0044,0.0082,1.0499,-0.0422,1.5844,0.000216,-0.0,0.0
10.955,FLIGHT,0.9779,1.5613,0.0949,0.0996,0.0936,0.0975,-0.0102,-0.1897,0.0044,0.008,1.05,-0.0424,1.5846,0.000216,-0.0,0.0
10.96,FLIGHT,0.9783,1.5618,0.0934,0.0973,0.0921,0.0952,-0.0102,-0.1897,0.0045,0.0078,1.0501,-0.0425,1.5848,0.000216,-0.0,0.0
10.965,FLIGHT,0.9788,1.5623,0.092,0.095,0.0907,0.093,-0.0102,-0.1896,0.0045,0.0076,1.0501,-0.0427,1.585,0.000216,-0.0,0.0
10.97,FLIGHT,0.9792,1.5628,0.0905,0.0928,0.0893,0.0909,-0.0101,-0.1896,0.0045,0.0074,1.0501,-0.0428,1.5852,0.000216,-0.0,0.0
10.975,FLIGHT,0.9797,1.5632,0.0891,0.0907,0.0879,0.0888,-0.0101,-0.1895,0.0046,0.0072,1.0501,-0.043,1.5854,0.000216,-0.0,0.0
10.98,FLIGHT,0.9801,1.5636,0.0877,0.0886,0.0865,0.0868,-0.0101,-0.1895,0.0046,0.0071,1.0501,-0.0431,1.5856,0.000215,-0.0,0.0
10.985,FLIGHT,0.9805,1.5641,0.0864,0.0866,0.0852,0.0848,-0.0101,-0.1895,0.0046,0.0069,1.0501,-0.0433,1.5857,0.000215,-0.0,0.0
10.99,FLIGHT,0.981,1.5645,0.085,0.0847,0.0838,0.0829,-0.01,-0.1894,0.0046,0.0068,1.05,-0.0434,1.5859,0.000215,-0.0,0.0
10.995,FLIGHT,0.9814,1.5649,0.0837,0.0827,0.0825,0.081,-0.01,-0.1894,0.0046,0.0066,1.0499,-0.0436,1.5861,0.000215,-0.0,0.0
11.0,FLIGHT,0.9818,1.5653,0.0824,0.0809,0.0812,0.0792,-0.01,-0.1894,0.0046,0.0064,1.0498,-0.0437,1.5863,0.000215,-0.0,0.0
11.005,FLIGHT,0.9822,1.5657,0.0811,0.0791,0.0799,0.0774,-0.01,-0.1893,0.0046,0.0063,1.0496,-0.0438,1.5864,0.000215,-0.0,0.0
11.01,FLIGHT,0.9826,1.5661,0.0798,0.0773,0.0787,0.0757,-0.0099,-0.1893,0.0046,0.0061,1.0495,-0.044,1.5866,0.000214,-0.0,0.0
11.015,FLIGHT,0.983,1.5665,0.0785,0.0755,0.0774,0.074,-0.0099,-0.1893,0.0046,0.006,1.0493,-0.0441,1.5868,0.000214,-0.0,0.0
11.02,FLIGHT,0.9834,1.5668,0.0773,0.0739,0.0762,0.0724,-0.0099,-0.1893,0.0046,0.0059,1.0491,-0.0442,1.5869,0.000214,-0.0,0.0
11.025,FLIGHT,0.9837,1.5672,0.0761,0.0722,0.075,0.0708,-0.0099,-0.1892,0.0046,0.0057,1.0489,-0.0444,1.5871,0.000214,-0.0,0.0
11.03,FLIGHT,0.9841,1.5675,0.0749,0.0706,0.0738,0.0692,-0.0099,-0.1892,0.0046,0.0056,1.0486,-0.0445,1.5872,0.000214,-0.0,0.0
11.035,FLIGHT,0.9845,1.5679,0.0737,0.069,0.0727,0.0677,-0.0098,-0.1892,0.0045,0.0055,1.0484,-0.0446,1.5874,0.000214,-0.0,0.0
11.04,FLIGHT,0.9848,1.5682,0.0725,0.0675,0.0715,0.0662,-0.0098,-0.1891,0.0045,0.0054,1.0481,-0.0447,1.5875,0.000214,-0.0,0.0
11.045,FLIGHT,0.9852,1.5685,0.0714,0.066,0.0704,0.0647,-0.0098,-0.1891,0.0045,0.0052,1.0478,-0.0449,1.5877,0.000213,-0.0,0.0
11.05,FLIGHT,0.9855,1.5688,0.0703,0.0646,0.0693,0.0633,-0.0098,-0.1891,0.0045,0.0051,1.0474,-0.045,1.5878,0.000213,-0.0,0.0
11.055,FLIGHT,0.9859,1.5692,0.0692,0.0632,0.0682,0.0619,-0.0097,-0.1891,0.0045,0.005,1.0471,-0.0451,1.588,0.000213,-0.0,0.0
11.06,FLIGHT,0.9862,1.5695,0.0681,0.0618,0.0671,0.0606,-0.0097,-0.189,0.0045,0.0049,1.0467,-0.0452,1.5881,0.000213,-0.0,0.0
11.065,FLIGHT,0.9865,1.5698,0.067,0.0605,0.0661,0.0593,-0.0097,-0.189,0.0044,0.0048,1.0463,-0.0453,1.5882,0.000213,-0.0,0.0
11.07,FLIGHT,0.9869,1.5701,0.066,0.0591,0.065,0.058,-0.0097,-0.189,0.0044,0.0047,1.0459,-0.0455,1.5884,0.000213,-0.0,0.0
11.075,FLIGHT,0.9872,1.5703,0.0649,0.0579,0.064,0.0567,-0.0097,-0.189,0.0044,0.0046,1.0455,-0.0456,1.5885,0.000213,-0.0,0.0
11.08,FLIGHT,0.9875,1.5706,0.0639,0.0566,0.063,0.0555,-0.0096,-0.189,0.0044,0.0045,1.0451,-0.0457,1.5886,0.000213,-0.0,0.0
11.085,FLIGHT,0.9878,1.5709,0.0629,0.0554,0.062,0.0543,-0.0096,-0.1889,0.0043,0.0044,1.0446,-0.0458,1.5888,0.000213,-0.0,0.0
11.09,FLIGHT,0.9881,1.5712,0.0619,0.0542,0.061,0.0532,-0.0096,-0.1889,0.0043,0.0043,1.0441,-0.0459,1.5889,0.000212,-0.0,0.0
11.095,FLIGHT,0.9884,1.5714,0.0609,0.0531,0.0601,0.0521,-0.0096,-0.1889,0.0043,0.0042,1.0436,-0.046,1.589,0.000212,-0.0,0.0
11.1,FLIGHT,0.9887,1.5717,0.06,0.0519,0.0591,0.051,-0.0095,-0.1889,0.0043,0.0041,1.0431,-0.0461,1.5892,0.000212,-0.0,0.0
11.105,FLIGHT,0.989,1.5719,0.059,0.0509,0.0582,0.0499,-0.0095,-0.1888,0.0042,0.004,1.0425,-0.0462,1.5893,0.000212,-0.0,0.0
11.11,FLIGHT,0.9893,1.5722,0.0581,0.0498,0.0573,0.0488,-0.0095,-0.1888,0.0042,0.0039,1.042,-0.0463,1.5894,0.000212,-0.0,0.0
11.115,FLIGHT,0.9896,1.5724,0.0572,0.0487,0.0564,0.0478,-0.0095,-0.1888,0.0042,0.0038,1.0414,-0.0464,1.5895,0.000212,-0.0,0.0
11.12,FLIGHT,0.9899,1.5727,0.0563,0.0477,0.0555,0.0468,-0.0095,-0.1888,0.0041,0.0037,1.0408,-0.0465,1.5896,0.000212,-0.0,0.0
11.125,FLIGHT,0.9902,1.5729,0.0554,0.0467,0.0546,0.0459,-0.0094,-0.1888,0.0041,0.0037,1.0402,-0.0466,1.5897,0.000212,-0.0,0.0
11.13,FLIGHT,0.9904,1.5731,0.0545,0.0458,0.0538,0.0449,-0.0094,-0.1888,0.0041,0.0036,1.0395,-0.0467,1.5899,0.000212,-0.0,0.0
11.135,FLIGHT,0.9907,1.5734,0.0537,0.0448,0.0529,0.044,-0.0094,-0.1887,0.004,0.0035,1.0389,-0.0468,1.59,0.000212,-0.0,0.0
11.14,FLIGHT,0.991,1.5736,0.0528,0.0439,0.0521,0.0431,-0.0094,-0.1887,0.004,0.0034,1.0382,-0.0469,1.5901,0.000212,-0.0,0.0
11.145,FLIGHT,0.9912,1.5738,0.052,0.043,0.0512,0.0422,-0.0094,-0.1887,0.004,0.0034,1.0375,-0.047,1.5902,0.000212,-0.0,0.0
11.15,FLIGHT,0.9915,1.574,0.0512,0.0422,0.0504,0.0414,-0.0093,-0.1887,0.0039,0.0033,1.0368,-0.0471,1.5903,0.000212,-0.0,0.0
11.155,FLIGHT,0.9917,1.5742,0.0503,0.0413,0.0496,0.0406,-0.0093,-0.1887,0.0039,0.0032,1.0361,-0.0472,1.5904,0.000212,-0.0,0.0
11.16,FLIGHT,0.992,1.5744,0.0495,0.0405,0.0488,0.0397,-0.0093,-0.1887,0.0038,0.0032,1.0354,-0.0473,1.5905,0.000212,-0.0,0.0
11.165,FLIGHT,0.9922,1.5746,0.0487,0.0397,0.048,0.039,-0.0093,-0.1886,0.0038,0.0031,1.0346,-0.0474,1.5906,0.000212,-0.0,0.0
11.17,FLIGHT,0.9924,1.5748,0.048,0.0389,0.0473,0.0382,-0.0093,-0.1886,0.0037,0.003,1.0338,-0.0475,1.5907,0.000212,-0.0,0.0
11.175,FLIGHT,0.9927,1.575,0.0472,0.0381,0.0465,0.0374,-0.0092,-0.1886,0.0037,0.003,1.033,-0.0476,1.5908,0.000212,-0.0,0.0
11.18,FLIGHT,0.9929,1.5752,0.0464,0.0374,0.0457,0.0367,-0.0092,-0.1886,0.0037,0.0029,1.0322,-0.0477,1.5909,0.000211,-0.0,0.0
11.185,FLIGHT,0.9931,1.5753,0.0456,0.0367,0.045,0.036,-0.0092,-0.1886,0.0036,0.0029,1.0314,-0.0478,1.591,0.000211,-0.0,0.0
11.19,FLIGHT,0.9934,1.5755,0.0449,0.0359,0.0442,0.0353,-0.0092,-0.1886,0.0036,0.0028,1.0306,-0.0479,1.5911,0.000211,-0.0,0.0
11.195,FLIGHT,0.9936,1.5757,0.0442,0.0353,0.0435,0.0346,-0.0092,-0.1886,0.0035,0.0028,1.0297,-0.048,1.5912,0.000211,-0.0,0.0
11.2,FLIGHT,0.9938,1.5759,0.0434,0.0346,0.0428,0.034,-0.0092,-0.1885,0.0035,0.0027,1.0288,-0.0481,1.5913,0.000211,-0.0,0.0
11.205,FLIGHT,0.994,1.576,0.0427,0.0339,0.0421,0.0333,-0.0091,-0.1885,0.0034,0.0026,1.0279,-0.0482,1.5914,0.000211,-0.0,0.0
11.21,FLIGHT,0.9942,1.5762,0.042,0.0333,0.0414,0.0327,-0.0091,-0.1885,0.0034,0.0026,1.027,-0.0483,1.5915,0.000211,-0.0,0.0
11.215,FLIGHT,0.9944,1.5764,0.0413,0.0327,0.0406,0.0321,-0.0091,-0.1885,0.0033,0.0026,1.0261,-0.0483,1.5916,0.000211,-0.0,0.0
11.22,FLIGHT,0.9946,1.5765,0.0406,0.0321,0.04,0.0315,-0.0091,-0.1885,0.0033,0.0025,1.0252,-0.0484,1.5917,0.000211,-0.0,0.0
11.225,FLIGHT,0.9948,1.5767,0.0399,0.0315,0.0393,0.0309,-0.0091,-0.1885,0.0032,0.0025,1.0242,-0.0485,1.5918,0.000211,-0.0,0.0
11.23,FLIGHT,0.995,1.5768,0.0392,0.0309,0.0386,0.0304,-0.0091,-0.1885,0.0032,0.0024,1.0233,-0.0486,1.5918,0.000211,-0.0,0.0
11.235,FLIGHT,0.9952,1.577,0.0385,0.0303,0.0379,0.0298,-0.009,-0.1885,0.0031,0.0024,1.0223,-0.0487,1.5919,0.000211,-0.0,0.0
11.24,FLIGHT,0.9954,1.5771,0.0378,0.0298,0.0372,0.0293,-0.009,-0.1884,0.0031,0.0023,1.0213,-0.0488,1.592,0.000211,0.0,0.0
11.245,FLIGHT,0.9956,1.5773,0.0372,0.0292,0.0366,0.0288,-0.009,-0.1884,0.003,0.0023,1.0203,-0.0489,1.5921,0.000211,0.0,0.0
11.25,FLIGHT,0.9958,1.5774,0.0365,0.0287,0.0359,0.0283,-0.009,-0.1884,0.003,0.0022,1.0193,-0.049,1.5922,0.000211,0.0,0.0
11.255,FLIGHT,0.9959,1.5776,0.0359,0.0282,0.0353,0.0278,-0.009,-0.1884,0.0029,0.0022,1.0182,-0.0491,1.5923,0.000211,0.0,0.0
11.26,FLIGHT,0.9961,1.5777,0.0352,0.0277,0.0346,0.0273,-0.009,-0.1884,0.0029,0.0022,1.0172,-0.0491,1.5924,0.000211,0.0,0.0
11.265,FLIGHT,0.9963,1.5778,0.0346,0.0272,0.034,0.0268,-0.009,-0.1884,0.0028,0.0021,1.0161,-0.0492,1.5924,0.000211,0.0,0.0
11.27,FLIGHT,0.9965,1.578,0.0339,0.0268,0.0334,0.0263,-0.0089,-0.1884,0.0027,0.0021,1.015,-0.0493,1.5925,0.000211,0.0,0.0
11.275,FLIGHT,0.9966,1.5781,0.0333,0.0263,0.0327,0.0259,-0.0089,-0.1884,0.0027,0.0021,1.0139,-0.0494,1.5926,0.000211,0.0,0.0
11.28,FLIGHT,0.9968,1.5782,0.0327,0.0259,0.0321,0.0255,-0.0089,-0.1884,0.0026,0.002,1.0128,-0.0495,1.5927,0.000211,0.0,0.0
11.285,FLIGHT,0.9969,1.5783,0.032,0.0254,0.0315,0.025,-0.0089,-0.1883,0.0026,0.002,1.0117,-0.0496,1.5928,0.000211,0.0,0.0
11.29,FLIGHT,0.9971,1.5785,0.0314,0.025,0.0309,0.0246,-0.0089,-0.1883,0.0025,0.002,1.0106,-0.0496,1.5928,0.000211,0.0,0.0
11.295,FLIGHT,0.9973,1.5786,0.0308,0.0246,0.0303,0.0242,-0.0089,-0.1883,0.0025,0.0019,1.0094,-0.0497,1.5929,0.000211,0.0,0.0
11.3,FLIGHT,0.9974,1.5787,0.0302,0.0242,0.0297,0.0238,-0.0089,-0.1883,0.0024,0.0019,1.0083,-0.0498,1.593,0.000211,0.0,0.0
11.305,FLIGHT,0.9975,1.5788,0.0296,0.0238,0.0291,0.0234,-0.0089,-0.1883,0.0023,0.0019,1.0071,-0.0499,1.5931,0.000211,0.0,0.0
11.31,FLIGHT,0.9977,1.5789,0.029,0.0234,0.0285,0.0231,-0.0088,-0.1883,0.0023,0.0018,1.0059,-0.05,1.5931,0.000212,0.0,0.0
11.315,FLIGHT,0.9978,1.5791,0.0284,0.023,0.0279,0.0227,-0.0088,-0.1883,0.0022,0.0018,1.0047,-0.0501,1.5932,0.000212,0.0,0.0
11.32,FLIGHT,0.998,1.5792,0.0278,0.0227,0.0273,0.0223,-0.0088,-0.1883,0.0021,0.0018,1.0035,-0.0501,1.5933,0.000212,0.0,0.0
11.325,FLIGHT,0.9981,1.5793,0.0272,0.0223,0.0267,0.022,-0.0088,-0.1883,0.0021,0.0018,1.0023,-0.0502,1.5934,0.000212,0.0,0.0
11.33,FLIGHT,0.9982,1.5794,0.0266,0.022,0.0261,0.0217,-0.0088,-0.1883,0.002,0.0017,1.001,-0.0503,1.5934,0.000212,0.0,0.0
11.335,FLIGHT,0.9984,1.5795,0.026,0.0216,0.0255,0.0213,-0.0088,-0.1883,0.002,0.0017,0.9998,-0.0504,1.5935,0.000212,0.0,0.0
11.34,STANCE,1.0001,1.5804,0.3148,0.1261,1.2297,-0.216,-0.0086,-0.1882,0.0421,0.0086,0.9988,-0.0207,-0.4104,-0.000701,-0.4215,0.085
11.345,STANCE,1.0073,1.5773,0.9953,-0.3475,0.5208,-0.1502,-0.0068,-0.1885,0.2353,-0.0374,0.9981,-0.5027,-0.8019,-0.002676,-0.1786,0.0384
11.35,STANCE,1.0079,1.5778,0.3815,-0.0297,0.0108,0.1421,-0.0068,-0.1885,0.076,-0.0052,0.9981,-0.5513,-1.5069,-0.003015,-0.002,0.0034
11.355,STANCE,1.0087,1.5776,0.2556,-0.0739,0.3557,-0.3036,-0.0066,-0.1885,0.0583,-0.0082,0.9983,-0.8294,-1.9733,-0.002882,0.0506,0.0029
11.36,STANCE,1.0116,1.5746,0.4914,-0.4588,0.7376,-1.3185,-0.0056,-0.1888,0.156,-0.0427,0.9984,-1.2558,-2.1293,-0.002536,0.112,0.0025
11.365,STANCE,1.0155,1.5654,0.6972,-1.3238,0.8536,-1.3682,-0.0036,-0.1896,0.3162,-0.1153,0.9984,-1.6491,-1.8535,-0.001949,0.0589,0.0019
11.37,STANCE,1.0222,1.5559,1.2083,-1.8114,1.9617,-2.722,-0.001,-0.1904,0.4843,-0.1515,0.9985,-2.0874,-1.5214,-0.001984,-0.0758,0.0172
11.375,STANCE,1.0309,1.539,1.5484,-2.8028,1.4916,-2.7281,0.003,-0.1918,0.6961,-0.2176,0.9984,-2.3789,-0.7503,-0.002088,-0.0313,0.0083
11.38,STANCE,1.036,1.5261,1.1304,-2.6732,0.4939,-2.5729,0.0059,-0.1928,0.6024,-0.1985,0.9986,-2.1294,-0.3808,-0.002027,0.0766,0.002
11.385,STANCE,1.037,1.5152,0.4525,-2.3397,-0.1304,-2.1022,0.0076,-0.1936,0.4262,-0.1721,0.999,-1.5652,-0.0747,-0.001586,0.1207,0.0016
11.39,STANCE,1.0359,1.5053,-0.0038,-2.0975,-0.2035,-1.8626,0.0089,-0.1943,0.3042,-0.1547,0.9995,-0.9605,0.2644,-0.000996,0.1059,0.001
11.395,STANCE,1.0349,1.4947,-0.1385,-2.1202,-0.1584,-2.2471,0.0102,-0.1951,0.2827,-0.1548,0.9999,-0.4542,0.6705,-0.000405,0.115,0.0004
11.4,STANCE,1.0344,1.4829,-0.1009,-2.291,-0.0664,-2.5359,0.0118,-0.196,0.3168,-0.1631,1.0003,-0.0918,1.0354,0.000146,0.0956,0.0
11.405,STANCE,1.0343,1.4703,-0.0344,-2.4465,0.0367,-2.4784,0.0137,-0.1968,0.3547,-0.1689,1.0007,0.046,1.2299,0.000506,0.0529,0.0
11.41,FLIGHT,1.0327,1.4629,-0.3115,-1.5897,-1.1871,0.5065,0.0145,-0.1974,0.1741,-0.1126,1.0017,-1.0365,2.3724,0.000702,0.028,0.0
11.415,FLIGHT,1.0232,1.4725,-1.4584,0.9153,-2.393,2.8056,0.0112,-0.1968,-0.4214,0.0486,1.0037,-0.4414,1.8635,0.0008,0.0124,0.0
11.42,FLIGHT,1.0111,1.4863,-2.0953,2.126,-2.2789,2.4159,0.0068,-0.1959,-0.7187,0.1444,1.0058,-0.0196,1.5141,0.000832,0.0006,0.0
11.425,FLIGHT,1.0013,1.4954,-1.9667,1.8563,-1.6314,1.2613,0.0035,-0.1953,-0.6505,0.1366,1.0075,0.0494,1.4679,0.000812,-0.0078,0.0016
11.43,FLIGHT,0.9945,1.4998,-1.5238,1.1508,-1.1257,0.588,0.0016,-0.195,-0.4612,0.0884,1.0089,-0.0451,1.557,0.000756,-0.0138,0.0028
11.435,FLIGHT,0.9895,1.5023,-1.1581,0.7152,-0.9121,0.5012,0.0003,-0.1948,-0.3271,0.0569,1.0103,-0.1219,1.6257,0.000682,-0.0152,0.003
11.44,FLIGHT,0.9851,1.5051,-0.9638,0.6198,-0.848,0.6272,-0.001,-0.1945,-0.2752,0.0512,1.0116,-0.1309,1.6344,0.000607,-0.0148,0.003
11.445,FLIGHT,0.981,1.5085,-0.8641,0.656,-0.7884,0.6895,-0.0023,-0.1943,-0.2603,0.0558,1.013,-0.1037,1.6126,0.000536,-0.0135,0.0027
11.45,FLIGHT,0.9773,1.5118,-0.7757,0.6642,-0.6898,0.6426,-0.0035,-0.194,-0.2436,0.0578,1.0144,-0.0782,1.593,0.000472,-0.012,0.0024
11.455,FLIGHT,0.9742,1.5148,-0.672,0.6147,-0.5744,0.5541,-0.0045,-0.1937,-0.2161,0.0546,1.0158,-0.0669,1.5859,0.000416,-0.0104,0.0021
11.46,FLIGHT,0.9716,1.5174,-0.5639,0.5437,-0.4705,0.4823,-0.0054,-0.1935,-0.1849,0.049,1.0171,-0.0649,1.5864,0.000368,-0.0088,0.0018
11.465,FLIGHT,0.9694,1.5197,-0.467,0.4842,-0.3875,0.4399,-0.0061,-0.1933,-0.1575,0.0441,1.0183,-0.0642,1.5876,0.000328,-0.0073,0.0015
11.47,FLIGHT,0.9677,1.5218,-0.3863,0.4435,-0.3207,0.4138,-0.0067,-0.1931,-0.1361,0.0406,1.0196,-0.0616,1.5869,0.000295,-0.0059,0.0012
11.475,FLIGHT,0.9662,1.5238,-0.3188,0.4144,-0.263,0.3909,-0.0073,-0.1929,-0.1188,0.0381,1.0208,-0.0578,1.585,0.000268,-0.0047,0.0009
11.48,FLIGHT,0.965,1.5257,-0.2602,0.389,-0.2109,0.3668,-0.0078,-0.1927,-0.1039,0.0357,1.022,-0.0541,1.5831,0.000247,-0.0037,0.0007
11.485,FLIGHT,0.9641,1.5275,-0.2081,0.3645,-0.164,0.3431,-0.0082,-0.1926,-0.0903,0.0334,1.0231,-0.0513,1.5818,0.000231,-0.0028,0.0006
11.49,FLIGHT,0.9634,1.5292,-0.1617,0.3415,-0.1228,0.3219,-0.0086,-0.1924,-0.0781,0.0312,1.0243,-0.0493,1.581,0.000219,-0.0021,0.0004
11.495,FLIGHT,0.9628,1.5307,-0.1211,0.3209,-0.0873,0.3038,-0.0089,-0.1923,-0.0674,0.0292,1.0254,-0.0477,1.5805,0.00021,-0.0015,0.0003
11.5,FLIGHT,0.9625,1.5322,-0.0859,0.303,-0.0566,0.2881,-0.0092,-0.1921,-0.0581,0.0274,1.0264,-0.0462,1.5801,0.000204,-0.001,0.0002
11.505,FLIGHT,0.9623,1.5336,-0.0555,0.2874,-0.0302,0.2742,-0.0094,-0.192,-0.0501,0.0259,1.0275,-0.045,1.5797,0.0002,-0.0007,0.0001
11.51,FLIGHT,0.9622,1.535,-0.0292,0.2734,-0.0074,0.2614,-0.0096,-0.1919,-0.0431,0.0244,1.0285,-0.0439,1.5794,0.000197,-0.0004,0.0001
11.515,FLIGHT,0.9622,1.5362,-0.0065,0.2607,0.0123,0.2498,-0.0098,-0.1918,-0.0369,0.0231,1.0295,-0.043,1.5791,0.000196,-0.0001,0.0
11.52,FLIGHT,0.9623,1.5375,0.013,0.2491,0.0293,0.2392,-0.0099,-0.1917,-0.0316,0.022,1.0304,-0.0422,1.579,0.000196,0.0,0.0
11.525,FLIGHT,0.9625,1.5386,0.0298,0.2386,0.0437,0.2296,-0.01,-0.1916,-0.0269,0.0209,1.0313,-0.0416,1.579,0.000196,0.0001,0.0
11.53,FLIGHT,0.9627,1.5397,0.0442,0.229,0.056,0.2207,-0.0101,-0.1915,-0.0228,0.0199,1.0322,-0.0412,1.5789,0.000197,0.0002,0.0
11.535,FLIGHT,0.963,1.5408,0.0564,0.2201,0.0665,0.2126,-0.0102,-0.1914,-0.0193,0.019,1.0331,-0.0408,1.579,0.000198,0.0003,0.0
11.54,FLIGHT,0.9634,1.5419,0.0668,0.212,0.0753,0.2051,-0.0103,-0.1913,-0.0162,0.0182,1.0339,-0.0405,1.579,0.0002,0.0003,0.0
11.545,FLIGHT,0.9638,1.5429,0.0755,0.2045,0.0826,0.1981,-0.0104,-0.1912,-0.0135,0.0175,1.0348,-0.0402,1.5791,0.000201,0.0003,0.0
11.55,FLIGHT,0.9642,1.5439,0.0828,0.1976,0.0887,0.1915,-0.0104,-0.1911,-0.0111,0.0168,1.0355,-0.04,1.5793,0.000203,0.0003,0.0
11.555,FLIGHT,0.9647,1.5448,0.0888,0.191,0.0937,0.1854,-0.0105,-0.191,-0.0091,0.0161,1.0363,-0.0399,1.5794,0.000204,0.0003,0.0
11.56,FLIGHT,0.9652,1.5457,0.0938,0.1849,0.0978,0.1797,-0.0105,-0.191,-0.0073,0.0156,1.037,-0.0399,1.5796,0.000206,0.0003,0.0
11.565,FLIGHT,0.9657,1.5466,0.0978,0.1792,0.1011,0.1742,-0.0105,-0.1909,-0.0057,0.015,1.0377,-0.0398,1.5798,0.000207,0.0003,0.0
11.57,FLIGHT,0.9662,1.5475,0.1011,0.1738,0.1037,0.1691,-0.0105,-0.1908,-0.0044,0.0145,1.0384,-0.0398,1.5799,0.000209,0.0003,0.0
11.575,FLIGHT,0.9667,1.5483,0.1036,0.1687,0.1056,0.1643,-0.0105,-0.1907,-0.0032,0.014,1.0391,-0.0398,1.5801,0.00021,0.0002,0.0
11.58,FLIGHT,0.9672,1.5491,0.1056,0.1639,0.107,0.1597,-0.0106,-0.1907,-0.0022,0.0136,1.0397,-0.0399,1.5804,0.000211,0.0002,0.0
11.585,FLIGHT,0.9678,1.5499,0.107,0.1593,0.108,0.1553,-0.0106,-0.1906,-0.0013,0.0131,1.0403,-0.04,1.5806,0.000212,0.0002,0.0
11.59,FLIGHT,0.9683,1.5507,0.1079,0.1549,0.1086,0.1511,-0.0106,-0.1905,-0.0005,0.0127,1.0409,-0.04,1.5808,0.000213,0.0002,0.0
11.595,FLIGHT,0.9688,1.5514,0.1085,0.1507,0.1089,0.1471,-0.0106,-0.1905,0.0002,0.0124,1.0414,-0.0401,1.581,0.000213,0.0001,0.0
11.6,FLIGHT,0.9694,1.5521,0.1088,0.1467,0.1088,0.1432,-0.0106,-0.1904,0.0007,0.012,1.0419,-0.0403,1.5813,0.000214,0.0001,0.0
11.605,FLIGHT,0.9699,1.5528,0.1087,0.1429,0.1086,0.1395,-0.0105,-0.1904,0.0013,0.0117,1.0424,-0.0404,1.5815,0.000215,0.0001,0.0
11.61,FLIGHT,0.9705,1.5535,0.1084,0.1392,0.1081,0.1359,-0.0105,-0.1903,0.0017,0.0113,1.0429,-0.0405,1.5817,0.000215,0.0001,0.0
11.615,FLIGHT,0.971,1.5542,0.108,0.1356,0.1075,0.1325,-0.0105,-0.1903,0.0021,0.011,1.0433,-0.0406,1.5819,0.000215,0.0001,0.0
11.62,FLIGHT,0.9715,1.5548,0.1073,0.1322,0.1067,0.1292,-0.0105,-0.1902,0.0024,0.0107,1.0437,-0.0408,1.5822,0.000216,0.0001,0.0
11.625,FLIGHT,0.9721,1.5555,0.1065,0.1289,0.1058,0.126,-0.0105,-0.1902,0.0027,0.0105,1.0441,-0.0409,1.5824,0.000216,0.0,0.0
11.63,FLIGHT,0.9726,1.5561,0.1056,0.1257,0.1048,0.1229,-0.0105,-0.1901,0.003,0.0102,1.0444,-0.0411,1.5826,0.000216,0.0,0.0
11.635,FLIGHT,0.9731,1.5567,0.1046,0.1226,0.1037,0.1199,-0.0105,-0.1901,0.0032,0.0099,1.0448,-0.0412,1.5828,0.000216,0.0,0.0
11.64,FLIGHT,0.9736,1.5573,0.1035,0.1196,0.1025,0.117,-0.0104,-0.19,0.0034,0.0097,1.0451,-0.0414,1.5831,0.000216,0.0,0.0
11.645,FLIGHT,0.9742,1.5579,0.1024,0.1167,0.1013,0.1142,-0.0104,-0.19,0.0036,0.0094,1.0454,-0.0415,1.5833,0.000216,0.0,0.0
11.65,FLIGHT,0.9747,1.5584,0.1011,0.1139,0.1,0.1114,-0.0104,-0.1899,0.0037,0.0092,1.0456,-0.0417,1.5835,0.000216,-0.0,0.0
11.655,FLIGHT,0.9752,1.559,0.0999,0.1112,0.0987,0.1088,-0.0104,-0.1899,0.0038,0.009,1.0459,-0.0418,1.5837,0.000216,-0.0,0.0
11.66,FLIGHT,0.9756,1.5595,0.0986,0.1086,0.0974,0.1062,-0.0104,-0.1898,0.0039,0.0087,1.0461,-0.042,1.5839,0.000216,-0.0,0.0
11.665,FLIGHT,0.9761,1.5601,0.0973,0.106,0.0961,0.1037,-0.0104,-0.1898,0.004,0.0085,1.0463,-0.0421,1.5841,0.000216,-0.0,0.0
11.67,FLIGHT,0.9766,1.5606,0.0959,0.1035,0.0947,0.1013,-0.0103,-0.1897,0.0041,0.0083,1.0464,-0.0423,1.5843,0.000216,-0.0,0.0
11.675,FLIGHT,0.9771,1.5611,0.0946,0.1011,0.0934,0.0989,-0.0103,-0.1897,0.0042,0.0081,1.0466,-0.0424,1.5845,0.000216,-0.0,0.0
11.68,FLIGHT,0.9775,1.5616,0.0932,0.0987,0.092,0.0966,-0.0103,-0.1897,0.0043,0.0079,1.0467,-0.0426,1.5847,0.000216,-0.0,0.0
11.685,FLIGHT,0.978,1.562,0.0919,0.0964,0.0907,0.0944,-0.0103,-0.1896,0.0043,0.0077,1.0468,-0.0427,1.5849,0.000216,-0.0,0.0
11.69,FLIGHT,0.9784,1.5625,0.0905,0.0942,0.0893,0.0922,-0.0102,-0.1896,0.0044,0.0075,1.0468,-0.0429,1.5851,0.000216,-0.0,0.0
11.695,FLIGHT,0.9789,1.563,0.0892,0.092,0.088,0.0901,-0.0102,-0.1896,0.0044,0.0074,1.0469,-0.043,1.5853,0.000215,-0.0,0.0
11.7,FLIGHT,0.9793,1.5634,0.0878,0.0899,0.0866,0.088,-0.0102,-0.1895,0.0044,0.0072,1.0469,-0.0432,1.5855,0.000215,-0.0,0.0
11.705,FLIGHT,0.9798,1.5638,0.0865,0.0878,0.0853,0.086,-0.0102,-0.1895,0.0044,0.007,1.0469,-0.0433,1.5857,0.000215,-0.0,0.0
11.71,FLIGHT,0.9802,1.5643,0.0852,0.0858,0.084,0.084,-0.0102,-0.1895,0.0045,0.0068,1.0469,-0.0435,1.5858,0.000215,-0.0,0.0
11.715,FLIGHT,0.9806,1.5647,0.0839,0.0839,0.0827,0.0821,-0.0101,-0.1894,0.0045,0.0067,1.0468,-0.0436,1.586,0.000215,-0.0,0.0
11.72,FLIGHT,0.981,1.5651,0.0826,0.082,0.0814,0.0803,-0.0101,-0.1894,0.0045,0.0065,1.0467,-0.0437,1.5862,0.000215,-0.0,0.0
11.725,FLIGHT,0.9814,1.5655,0.0813,0.0801,0.0802,0.0785,-0.0101,-0.1894,0.0045,0.0064,1.0466,-0.0439,1.5863,0.000215,-0.0,0.0
11.73,FLIGHT,0.9818,1.5659,0.0801,0.0783,0.0789,0.0767,-0.0101,-0.1893,0.0045,0.0062,1.0465,-0.044,1.5865,0.000214,-0.0,0.0
11.735,FLIGHT,0.9822,1.5662,0.0788,0.0765,0.0777,0.075,-0.01,-0.1893,0.0045,0.0061,1.0464,-0.0441,1.5867,0.000214,-0.0,0.0
11.74,FLIGHT,0.9826,1.5666,0.0776,0.0748,0.0765,0.0733,-0.01,-0.1893,0.0045,0.0059,1.0462,-0.0443,1.5868,0.000214,-0.0,0.0
11.745,FLIGHT,0.983,1.567,0.0764,0.0731,0.0753,0.0716,-0.01,-0.1892,0.0045,0.0058,1.046,-0.0444,1.587,0.000214,-0.0,0.0
11.75,FLIGHT,0.9833,1.5673,0.0752,0.0715,0.0741,0.0701,-0.01,-0.1892,0.0045,0.0057,1.0458,-0.0445,1.5871,0.000214,-0.0,0.0
11.755,FLIGHT,0.9837,1.5677,0.074,0.0699,0.073,0.0685,-0.01,-0.1892,0.0045,0.0055,1.0456,-0.0446,1.5873,0.000214,-0.0,0.0
11.76,FLIGHT,0.9841,1.568,0.0729,0.0684,0.0718,0.067,-0.0099,-0.1892,0.0045,0.0054,1.0454,-0.0448,1.5874,0.000214,-0.0,0.0
11.765,FLIGHT,0.9844,1.5684,0.0717,0.0668,0.0707,0.0655,-0.0099,-0.1891,0.0045,0.0053,1.0451,-0.0449,1.5876,0.000214,-0.0,0.0
11.77,FLIGHT,0.9848,1.5687,0.0706,0.0654,0.0696,0.0641,-0.0099,-0.1891,0.0045,0.0052,1.0448,-0.045,1.5877,0.000213,-0.0,0.0
11.775,FLIGHT,0.9851,1.569,0.0695,0.0639,0.0685,0.0627,-0.0099,-0.1891,0.0044,0.0051,1.0445,-0.0451,1.5879,0.000213,-0.0,0.0
11.78,FLIGHT,0.9855,1.5693,0.0684,0.0625,0.0675,0.0613,-0.0098,-0.1891,0.0044,0.0049,1.0442,-0.0453,1.588,0.000213,-0.0,0.0
11.785,FLIGHT,0.9858,1.5696,0.0674,0.0612,0.0664,0.06,-0.0098,-0.189,0.0044,0.0048,1.0438,-0.0454,1.5882,0.000213,-0.0,0.0
11.79,FLIGHT,0.9861,1.5699,0.0663,0.0598,0.0654,0.0587,-0.0098,-0.189,0.0044,0.0047,1.0435,-0.0455,1.5883,0.000213,-0.0,0.0
11.795,FLIGHT,0.9864,1.5702,0.0653,0.0585,0.0644,0.0574,-0.0098,-0.189,0.0044,0.0046,1.0431,-0.0456,1.5884,0.000213,-0.0,0.0
11.8,FLIGHT,0.9868,1.5705,0.0643,0.0573,0.0634,0.0562,-0.0098,-0.189,0.0044,0.0045,1.0427,-0.0457,1.5886,0.000213,-0.0,0.0
11.805,FLIGHT,0.9871,1.5708,0.0633,0.056,0.0624,0.0549,-0.0097,-0.1889,0.0043,0.0044,1.0422,-0.0458,1.5887,0.000213,-0.0,0.0
11.81,FLIGHT,0.9874,1.571,0.0623,0.0548,0.0614,0.0538,-0.0097,-0.1889,0.0043,0.0043,1.0418,-0.0459,1.5888,0.000213,-0.0,0.0
11.815,FLIGHT,0.9877,1.5713,0.0613,0.0537,0.0604,0.0526,-0.0097,-0.1889,0.0043,0.0042,1.0413,-0.046,1.5889,0.000212,-0.0,0.0
11.82,FLIGHT,0.988,1.5716,0.0603,0.0525,0.0595,0.0515,-0.0097,-0.1889,0.0043,0.0041,1.0408,-0.0461,1.5891,0.000212,-0.0,0.0
11.825,FLIGHT,0.9883,1.5718,0.0594,0.0514,0.0586,0.0504,-0.0096,-0.1889,0.0042,0.004,1.0403,-0.0463,1.5892,0.000212,-0.0,0.0
11.83,FLIGHT,0.9886,1.5721,0.0585,0.0503,0.0577,0.0494,-0.0096,-0.1888,0.0042,0.004,1.0398,-0.0464,1.5893,0.000212,-0.0,0.0
11.835,FLIGHT,0.9889,1.5723,0.0576,0.0493,0.0568,0.0483,-0.0096,-0.1888,0.0042,0.0039,1.0393,-0.0465,1.5894,0.000212,-0.0,0.0
11.84,FLIGHT,0.9891,1.5725,0.0567,0.0482,0.0559,0.0473,-0.0096,-0.1888,0.0041,0.0038,1.0387,-0.0466,1.5895,0.000212,-0.0,0.0
11.845,FLIGHT,0.9894,1.5728,0.0558,0.0472,0.055,0.0463,-0.0096,-0.1888,0.0041,0.0037,1.0381,-0.0467,1.5897,0.000212,-0.0,0.0
11.85,FLIGHT,0.9897,1.573,0.0549,0.0463,0.0541,0.0454,-0.0095,-0.1888,0.0041,0.0036,1.0375,-0.0468,1.5898,0.000212,-0.0,0.0
11.855,FLIGHT,0.99,1.5732,0.054,0.0453,0.0533,0.0445,-0.0095,-0.1887,0.004,0.0036,1.0369,-0.0469,1.5899,0.000212,-0.0,0.0
11.86,FLIGHT,0.9902,1.5734,0.0532,0.0444,0.0524,0.0435,-0.0095,-0.1887,0.004,0.0035,1.0363,-0.047,1.59,0.000212,-0.0,0.0
11.865,FLIGHT,0.9905,1.5737,0.0524,0.0435,0.0516,0.0427,-0.0095,-0.1887,0.004,0.0034,1.0356,-0.0471,1.5901,0.000212,-0.0,0.0
11.87,FLIGHT,0.9907,1.5739,0.0515,0.0426,0.0508,0.0418,-0.0095,-0.1887,0.0039,0.0033,1.035,-0.0472,1.5902,0.000212,-0.0,0.0
11.875,FLIGHT,0.991,1.5741,0.0507,0.0417,0.05,0.041,-0.0094,-0.1887,0.0039,0.0033,1.0343,-0.0473,1.5903,0.000212,-0.0,0.0
11.88,FLIGHT,0.9912,1.5743,0.0499,0.0409,0.0492,0.0401,-0.0094,-0.1887,0.0039,0.0032,1.0336,-0.0474,1.5904,0.000212,-0.0,0.0
11.885,FLIGHT,0.9915,1.5745,0.0491,0.0401,0.0484,0.0393,-0.0094,-0.1886,0.0038,0.0031,1.0329,-0.0474,1.5905,0.000212,-0.0,0.0
11.89,FLIGHT,0.9917,1.5747,0.0483,0.0393,0.0476,0.0386,-0.0094,-0.1886,0.0038,0.0031,1.0321,-0.0475,1.5906,0.000212,-0.0,0.0
11.895,FLIGHT,0.992,1.5749,0.0475,0.0385,0.0469,0.0378,-0.0094,-0.1886,0.0037,0.003,1.0314,-0.0476,1.5907,0.000212,-0.0,0.0
11.9,FLIGHT,0.9922,1.5751,0.0468,0.0377,0.0461,0.0371,-0.0094,-0.1886,0.0037,0.0029,1.0306,-0.0477,1.5908,0.000212,-0.0,0.0
11.905,FLIGHT,0.9924,1.5752,0.046,0.037,0.0454,0.0363,-0.0093,-0.1886,0.0036,0.0029,1.0298,-0.0478,1.5909,0.000212,-0.0,0.0
11.91,FLIGHT,0.9927,1.5754,0.0453,0.0363,0.0446,0.0356,-0.0093,-0.1886,0.0036,0.0028,1.029,-0.0479,1.591,0.000212,-0.0,0.0
11.915,FLIGHT,0.9929,1.5756,0.0445,0.0356,0.0439,0.0349,-0.0093,-0.1886,0.0036,0.0028,1.0282,-0.048,1.5911,0.000212,-0.0,0.0
11.92,FLIGHT,0.9931,1.5758,0.0438,0.0349,0.0432,0.0343,-0.0093,-0.1885,0.0035,0.0027,1.0273,-0.0481,1.5912,0.000211,-0.0,0.0
11.925,FLIGHT,0.9933,1.5759,0.0431,0.0342,0.0424,0.0336,-0.0093,-0.1885,0.0035,0.0027,1.0265,-0.0482,1.5913,0.000211,-0.0,0.0
11.93,FLIGHT,0.9935,1.5761,0.0424,0.0336,0.0417,0.033,-0.0092,-0.1885,0.0034,0.0026,1.0256,-0.0483,1.5914,0.000211,-0.0,0.0
11.935,FLIGHT,0.9937,1.5763,0.0417,0.0329,0.041,0.0324,-0.0092,-0.1885,0.0034,0.0026,1.0247,-0.0484,1.5915,0.000211,-0.0,0.0
11.94,FLIGHT,0.9939,1.5764,0.041,0.0323,0.0403,0.0318,-0.0092,-0.1885,0.0033,0.0025,1.0238,-0.0485,1.5916,0.000211,-0.0,0.0
11.945,FLIGHT,0.9941,1.5766,0.0403,0.0317,0.0397,0.0312,-0.0092,-0.1885,0.0033,0.0025,1.0229,-0.0485,1.5917,0.000211,-0.0,0.0
11.95,FLIGHT,0.9943,1.5767,0.0396,0.0311,0.039,0.0306,-0.0092,-0.1885,0.0032,0.0024,1.022,-0.0486,1.5918,0.000211,-0.0,0.0
11.955,FLIGHT,0.9945,1.5769,0.0389,0.0306,0.0383,0.0301,-0.0092,-0.1885,0.0032,0.0024,1.021,-0.0487,1.5919,0.000211,-0.0,0.0
11.96,FLIGHT,0.9947,1.577,0.0382,0.03,0.0376,0.0295,-0.0091,-0.1884,0.0031,0.0023,1.0201,-0.0488,1.5919,0.000211,-0.0,0.0
11.965,FLIGHT,0.9949,1.5772,0.0376,0.0295,0.037,0.029,-0.0091,-0.1884,0.0031,0.0023,1.0191,-0.0489,1.592,0.000211,0.0,0.0
11.97,FLIGHT,0.9951,1.5773,0.0369,0.0289,0.0363,0.0285,-0.0091,-0.1884,0.003,0.0023,1.0181,-0.049,1.5921,0.000211,0.0,0.0
11.975,FLIGHT,0.9953,1.5775,0.0363,0.0284,0.0357,0.028,-0.0091,-0.1884,0.003,0.0022,1.0171,-0.0491,1.5922,0.000211,0.0,0.0
11.98,FLIGHT,0.9954,1.5776,0.0356,0.0279,0.035,0.0275,-0.0091,-0.1884,0.0029,0.0022,1.0161,-0.0491,1.5923,0.000211,0.0,0.0
11.985,FLIGHT,0.9956,1.5777,0.035,0.0274,0.0344,0.027,-0.0091,-0.1884,0.0029,0.0021,1.015,-0.0492,1.5924,0.000211,0.0,0.0
11.99,FLIGHT,0.9958,1.5779,0.0343,0.0269,0.0338,0.0265,-0.0091,-0.1884,0.0028,0.0021,1.014,-0.0493,1.5924,0.000211,0.0,0.0
11.995,FLIGHT,0.9959,1.578,0.0337,0.0265,0.0331,0.0261,-0.009,-0.1884,0.0027,0.0021,1.0129,-0.0494,1.5925,0.000211,0.0,0.0
12.0,FLIGHT,0.9961,1.5781,0.0331,0.026,0.0325,0.0256,-0.009,-0.1884,0.0027,0.002,1.0118,-0.0495,1.5926,0.000211,0.0,0.0
12.005,FLIGHT,0.9963,1.5783,0.0325,0.0256,0.0319,0.0252,-0.009,-0.1883,0.0026,0.002,1.0108,-0.0496,1.5927,0.000211,0.0,0.0
12.01,FLIGHT,0.9964,1.5784,0.0318,0.0252,0.0313,0.0248,-0.009,-0.1883,0.0026,0.002,1.0096,-0.0497,1.5928,0.000212,0.0,0.0
12.015,FLIGHT,0.9966,1.5785,0.0312,0.0247,0.0307,0.0244,-0.009,-0.1883,0.0025,0.0019,1.0085,-0.0497,1.5928,0.000212,0.0,0.0
12.02,FLIGHT,0.9967,1.5786,0.0306,0.0243,0.0301,0.024,-0.009,-0.1883,0.0025,0.0019,1.0074,-0.0498,1.5929,0.000212,0.0,0.0
12.025,FLIGHT,0.9969,1.5788,0.03,0.0239,0.0295,0.0236,-0.009,-0.1883,0.0024,0.0019,1.0063,-0.0499,1.593,0.000212,0.0,0.0
12.03,FLIGHT,0.997,1.5789,0.0294,0.0235,0.0289,0.0232,-0.009,-0.1883,0.0023,0.0018,1.0051,-0.05,1.5931,0.000212,0.0,0.0
12.035,FLIGHT,0.9972,1.579,0.0288,0.0232,0.0283,0.0228,-0.009,-0.1883,0.0023,0.0018,1.0039,-0.0501,1.5931,0.000212,0.0,0.0
12.04,FLIGHT,0.9973,1.5791,0.0282,0.0228,0.0277,0.0225,-0.0089,-0.1883,0.0022,0.0018,1.0027,-0.0501,1.5932,0.000212,0.0,0.0
12.045,FLIGHT,0.9974,1.5792,0.0277,0.0224,0.0271,0.0221,-0.0089,-0.1883,0.0022,0.0018,1.0015,-0.0502,1.5933,0.000212,0.0,0.0
12.05,FLIGHT,0.9976,1.5793,0.0271,0.0221,0.0265,0.0218,-0.0089,-0.1883,0.0021,0.0017,1.0003,-0.0503,1.5934,0.000212,0.0,0.0
12.055,STANCE,0.9979,1.5799,0.0609,0.1114,0.2092,0.4868,-0.0089,-0.1882,-0.0037,0.0094,0.9992,0.1044,-0.1753,-9e-06,-0.2195,0.0439
12.06,STANCE,1.005,1.5775,1.1125,-0.4107,2.2507,-1.3301,-0.0073,-0.1885,0.266,-0.0444,0.9982,-0.448,-0.5401,-0.002071,-0.4973,0.1015
12.065,STANCE,1.009,1.5756,0.7848,-0.2993,0.0502,0.1707,-0.0063,-0.1887,0.1892,-0.0311,0.998,-0.6013,-1.1605,-0.00314,-0.0533,0.0138
12.07,STANCE,1.009,1.5765,0.2632,0.0075,0.121,0.0202,-0.0064,-0.1886,0.0486,-0.001,0.9982,-0.7116,-1.816,-0.00314,0.0327,0.0031
12.075,STANCE,1.011,1.575,0.3908,-0.2353,0.7009,-0.6351,-0.0058,-0.1887,0.1062,-0.0228,0.9984,-1.0985,-2.1056,-0.002907,0.0562,0.0029
12.08,STANCE,1.0154,1.567,0.7297,-1.1999,1.0327,-1.4911,-0.0039,-0.1895,0.3048,-0.1053,0.9983,-1.5764,-1.8705,-0.002386,0.0863,0.0024
12.085,STANCE,1.0205,1.5586,0.9394,-1.6166,1.3031,-2.5212,-0.0017,-0.1902,0.405,-0.1367,0.9984,-1.921,-1.6575,-0.001984,0.0424,0.002
12.09,STANCE,1.0284,1.5459,1.4079,-2.2731,1.812,-2.7973,0.0016,-0.1912,0.5913,-0.1811,0.9985,-2.2915,-1.121,-0.002136,-0.0835,0.0188
12.095,STANCE,1.0355,1.53,1.3772,-2.8636,1.1219,-2.7067,0.0052,-0.1925,0.676,-0.2143,0.9984,-2.3052,-0.4621,-0.002256,-0.0253,0.0073
12.1,STANCE,1.0386,1.518,0.7867,-2.5542,0.096,-2.2416,0.0075,-0.1934,0.5215,-0.1861,0.9987,-1.857,-0.1473,-0.002153,0.0749,0.0022
12.105,STANCE,1.0377,1.5078,0.1136,-2.1937,-0.2878,-1.7827,0.0088,-0.1941,0.3409,-0.161,0.9991,-1.1993,0.144,-0.001691,0.088,0.0017
12.11,STANCE,1.036,1.4979,-0.1948,-2.0654,-0.2688,-2.0119,0.01,-0.1949,0.2635,-0.152,0.9994,-0.6164,0.5055,-0.001176,0.0892,0.0012
12.115,STANCE,1.0348,1.4864,-0.207,-2.2302,-0.1358,-2.4089,0.0114,-0.1957,0.2866,-0.161,0.9998,-0.1858,0.9136,-0.000688,0.0906,0.0007
12.12,STANCE,1.0346,1.4742,-0.0898,-2.3792,0.0172,-2.4815,0.0132,-0.1966,0.3333,-0.1662,1.0002,0.0379,1.1764,-0.000276,0.08,0.0003
12.125,FLIGHT,1.0347,1.4626,-0.027,-2.2854,-0.376,-1.246,0.0149,-0.1974,0.3336,-0.155,1.0007,-1.2286,2.534,0.000106,0.0668,0.0
12.13,FLIGHT,1.0277,1.4672,-1.0578,0.0845,-2.2195,2.515,0.0128,-0.1971,-0.221,-0.0077,1.0025,-0.7498,2.1159,0.00038,0.0441,0.0
12.135,FLIGHT,1.0151,1.4821,-2.0733,2.0644,-2.6179,3.012,0.0082,-0.1962,-0.7073,0.1346,1.0046,-0.1689,1.6279,0.000552,0.0254,0.0
12.14,FLIGHT,1.0032,1.4945,-2.2441,2.2764,-2.0644,1.8686,0.004,-0.1953,-0.7656,0.166,1.0065,0.0425,1.461,0.000639,0.0101,0.0
12.145,FLIGHT,0.9945,1.5011,-1.8602,1.5685,-1.4324,0.8653,0.0014,-0.1949,-0.5861,0.1214,1.008,-0.0146,1.5215,0.000661,-0.0006,0.0001
12.15,FLIGHT,0.9883,1.5043,-1.4223,0.9352,-1.0969,0.5454,-0.0003,-0.1946,-0.4094,0.0756,1.0093,-0.1153,1.6133,0.000641,-0.0067,0.0013
12.155,FLIGHT,0.9832,1.5072,-1.1538,0.6943,-0.9904,0.6231,-0.0017,-0.1944,-0.3222,0.0586,1.0106,-0.151,1.6459,0.000599,-0.0096,0.0019
12.16,FLIGHT,0.9783,1.5106,-1.0233,0.6913,-0.937,0.7234,-0.0031,-0.1941,-0.2957,0.0603,1.012,-0.1309,1.6302,0.000548,-0.0105,0.0021
12.165,FLIGHT,0.9739,1.5142,-0.9321,0.7123,-0.8478,0.7067,-0.0045,-0.1938,-0.2802,0.0639,1.0133,-0.0992,1.6054,0.000496,-0.0104,0.0021
12.17,FLIGHT,0.9699,1.5175,-0.8281,0.6738,-0.7269,0.615,-0.0057,-0.1935,-0.254,0.0619,1.0147,-0.0804,1.5922,0.000445,-0.0098,0.002
12.175,FLIGHT,0.9666,1.5204,-0.7115,0.5962,-0.6072,0.5228,-0.0067,-0.1932,-0.2201,0.0559,1.0159,-0.0747,1.5901,0.000399,-0.0088,0.0018
12.18,FLIGHT,0.9638,1.5228,-0.6005,0.5209,-0.5076,0.4621,-0.0076,-0.193,-0.1879,0.0496,1.0171,-0.0734,1.5913,0.000357,-0.0077,0.0015
12.185,FLIGHT,0.9615,1.525,-0.5053,0.4662,-0.4277,0.4263,-0.0084,-0.1927,-0.1616,0.0448,1.0183,-0.071,1.5911,0.000322,-0.0066,0.0013
12.19,FLIGHT,0.9595,1.5271,-0.4257,0.4284,-0.3601,0.3991,-0.009,-0.1926,-0.1409,0.0414,1.0195,-0.0668,1.5891,0.000292,-0.0054,0.0011
12.195,FLIGHT,0.9579,1.529,-0.3572,0.398,-0.2995,0.3722,-0.0096,-0.1924,-0.1233,0.0385,1.0207,-0.0623,1.5867,0.000267,-0.0044,0.0009
12.2,FLIGHT,0.9565,1.5308,-0.2961,0.3699,-0.2444,0.3452,-0.0101,-0.1922,-0.1075,0.0357,1.0218,-0.0586,1.5848,0.000248,-0.0035,0.0007
12.205,FLIGHT,0.9554,1.5325,-0.2414,0.3433,-0.1953,0.3205,-0.0105,-0.192,-0.0933,0.0331,1.0229,-0.0559,1.5836,0.000232,-0.0027,0.0005
12.21,FLIGHT,0.9545,1.534,-0.193,0.3193,-0.1524,0.2993,-0.0109,-0.1919,-0.0806,0.0306,1.0239,-0.0537,1.5828,0.00022,-0.002,0.0004
12.215,FLIGHT,0.9539,1.5355,-0.1506,0.2985,-0.1152,0.2813,-0.0113,-0.1918,-0.0695,0.0284,1.025,-0.0519,1.5822,0.000212,-0.0015,0.0003
12.22,FLIGHT,0.9534,1.5368,-0.1137,0.2806,-0.083,0.2656,-0.0115,-0.1916,-0.06,0.0265,1.026,-0.0502,1.5816,0.000205,-0.001,0.0002
12.225,FLIGHT,0.953,1.5381,-0.0817,0.2648,-0.055,0.2515,-0.0118,-0.1915,-0.0516,0.0248,1.0269,-0.0488,1.5811,0.000201,-0.0007,0.0001
12.23,FLIGHT,0.9528,1.5394,-0.0538,0.2508,-0.0306,0.2388,-0.012,-0.1914,-0.0443,0.0233,1.0279,-0.0476,1.5807,0.000198,-0.0004,0.0001
12.235,FLIGHT,0.9527,1.5405,-0.0296,0.2381,-0.0095,0.2273,-0.0122,-0.1913,-0.038,0.0219,1.0288,-0.0466,1.5804,0.000197,-0.0002,0.0
12.24,FLIGHT,0.9527,1.5416,-0.0087,0.2267,0.0087,0.217,-0.0123,-0.1912,-0.0324,0.0206,1.0297,-0.0458,1.5802,0.000197,-0.0,0.0
12.245,FLIGHT,0.9528,1.5427,0.0093,0.2164,0.0243,0.2076,-0.0124,-0.1911,-0.0275,0.0195,1.0305,-0.0451,1.58,0.000197,0.0001,0.0
12.25,FLIGHT,0.953,1.5437,0.0249,0.207,0.0377,0.1991,-0.0125,-0.191,-0.0233,0.0185,1.0314,-0.0445,1.58,0.000198,0.0002,0.0
12.255,FLIGHT,0.9532,1.5447,0.0381,0.1985,0.0491,0.1913,-0.0126,-0.1909,-0.0196,0.0176,1.0322,-0.0441,1.5799,0.000199,0.0003,0.0
12.26,FLIGHT,0.9535,1.5456,0.0495,0.1907,0.0588,0.1841,-0.0127,-0.1908,-0.0164,0.0167,1.0329,-0.0437,1.5799,0.0002,0.0003,0.0
12.265,FLIGHT,0.9538,1.5465,0.0591,0.1836,0.067,0.1774,-0.0128,-0.1908,-0.0136,0.016,1.0337,-0.0434,1.58,0.000202,0.0003,0.0
12.27,FLIGHT,0.9541,1.5474,0.0672,0.177,0.0739,0.1713,-0.0128,-0.1907,-0.0111,0.0153,1.0344,-0.0432,1.5801,0.000203,0.0003,0.0
12.275,FLIGHT,0.9545,1.5482,0.074,0.1709,0.0796,0.1656,-0.0129,-0.1906,-0.009,0.0146,1.0351,-0.043,1.5802,0.000205,0.0003,0.0
12.28,FLIGHT,0.9549,1.5491,0.0797,0.1652,0.0843,0.1602,-0.0129,-0.1905,-0.0071,0.014,1.0358,-0.0429,1.5803,0.000207,0.0003,0.0
12.285,FLIGHT,0.9554,1.5498,0.0844,0.1598,0.0882,0.1552,-0.0129,-0.1905,-0.0055,0.0135,1.0364,-0.0428,1.5804,0.000208,0.0003,0.0
12.29,FLIGHT,0.9558,1.5506,0.0883,0.1548,0.0914,0.1505,-0.0129,-0.1904,-0.0041,0.013,1.037,-0.0427,1.5806,0.000209,0.0003,0.0
12.295,FLIGHT,0.9563,1.5514,0.0914,0.1501,0.0938,0.1461,-0.0129,-0.1903,-0.0029,0.0125,1.0376,-0.0427,1.5807,0.000211,0.0002,0.0
12.3,FLIGHT,0.9567,1.5521,0.0938,0.1457,0.0958,0.1419,-0.013,-0.1903,-0.0018,0.0121,1.0382,-0.0427,1.5809,0.000212,0.0002,0.0
12.305,FLIGHT,0.9572,1.5528,0.0957,0.1415,0.0972,0.1379,-0.013,-0.1902,-0.0009,0.0117,1.0387,-0.0428,1.5811,0.000213,0.0002,0.0
12.31,FLIGHT,0.9577,1.5535,0.0972,0.1375,0.0983,0.134,-0.013,-0.1902,-0.0001,0.0113,1.0392,-0.0428,1.5813,0.000214,0.0002,0.0
12.315,FLIGHT,0.9582,1.5541,0.0982,0.1337,0.0989,0.1304,-0.013,-0.1901,0.0006,0.011,1.0397,-0.0429,1.5815,0.000215,0.0002,0.0
12.32,FLIGHT,0.9587,1.5548,0.0988,0.1301,0.0993,0.1269,-0.0129,-0.1901,0.0012,0.0106,1.0402,-0.043,1.5817,0.000215,0.0001,0.0
12.325,FLIGHT,0.9592,1.5554,0.0992,0.1267,0.0994,0.1236,-0.0129,-0.19,0.0018,0.0103,1.0406,-0.043,1.5819,0.000216,0.0001,0.0
12.33,FLIGHT,0.9597,1.556,0.0993,0.1233,0.0993,0.1204,-0.0129,-0.19,0.0022,0.01,1.041,-0.0431,1.5821,0.000217,0.0001,0.0
12.335,FLIGHT,0.9602,1.5566,0.0992,0.1202,0.099,0.1174,-0.0129,-0.1899,0.0026,0.0097,1.0414,-0.0433,1.5823,0.000217,0.0001,0.0
12.34,FLIGHT,0.9607,1.5572,0.0989,0.1171,0.0985,0.1144,-0.0129,-0.1899,0.003,0.0094,1.0417,-0.0434,1.5825,0.000217,0.0001,0.0
12.345,FLIGHT,0.9612,1.5577,0.0984,0.1142,0.0979,0.1116,-0.0129,-0.1898,0.0033,0.0092,1.0421,-0.0435,1.5827,0.000218,0.0001,0.0
12.35,FLIGHT,0.9617,1.5583,0.0978,0.1113,0.0972,0.1088,-0.0129,-0.1898,0.0035,0.0089,1.0424,-0.0436,1.5829,0.000218,0.0,0.0
12.355,FLIGHT,0.9621,1.5588,0.0971,0.1086,0.0964,0.1062,-0.0128,-0.1897,0.0038,0.0087,1.0427,-0.0437,1.5831,0.000218,0.0,0.0
12.36,FLIGHT,0.9626,1.5593,0.0963,0.1059,0.0955,0.1036,-0.0128,-0.1897,0.004,0.0085,1.0429,-0.0439,1.5833,0.000218,0.0,0.0
12.365,FLIGHT,0.9631,1.5599,0.0954,0.1034,0.0946,0.1011,-0.0128,-0.1897,0.0042,0.0082,1.0431,-0.044,1.5835,0.000218,0.0,0.0
12.37,FLIGHT,0.9636,1.5604,0.0944,0.1009,0.0936,0.0987,-0.0128,-0.1896,0.0043,0.008,1.0433,-0.0441,1.5837,0.000218,0.0,0.0
12.375,FLIGHT,0.964,1.5608,0.0934,0.0985,0.0925,0.0964,-0.0128,-0.1896,0.0044,0.0078,1.0435,-0.0443,1.5838,0.000218,0.0,0.0
12.38,FLIGHT,0.9645,1.5613,0.0924,0.0961,0.0914,0.0941,-0.0127,-0.1895,0.0045,0.0076,1.0437,-0.0444,1.584,0.000218,-0.0,0.0
12.385,FLIGHT,0.965,1.5618,0.0913,0.0939,0.0903,0.0919,-0.0127,-0.1895,0.0046,0.0074,1.0438,-0.0445,1.5842,0.000218,-0.0,0.0
12.39,FLIGHT,0.9654,1.5622,0.0902,0.0917,0.0892,0.0897,-0.0127,-0.1895,0.0047,0.0073,1.0439,-0.0446,1.5844,0.000218,-0.0,0.0
12.395,FLIGHT,0.9658,1.5627,0.0891,0.0896,0.0881,0.0877,-0.0127,-0.1894,0.0048,0.0071,1.044,-0.0448,1.5846,0.000218,-0.0,0.0
12.4,FLIGHT,0.9663,1.5631,0.0879,0.0875,0.0869,0.0856,-0.0126,-0.1894,0.0049,0.0069,1.0441,-0.0449,1.5848,0.000218,-0.0,0.0
12.405,FLIGHT,0.9667,1.5635,0.0868,0.0855,0.0858,0.0837,-0.0126,-0.1894,0.0049,0.0067,1.0441,-0.045,1.5849,0.000218,-0.0,0.0
12.41,FLIGHT,0.9671,1.564,0.0857,0.0835,0.0846,0.0818,-0.0126,-0.1893,0.005,0.0066,1.0441,-0.0452,1.5851,0.000218,-0.0,0.0
12.415,FLIGHT,0.9676,1.5644,0.0845,0.0816,0.0835,0.0799,-0.0126,-0.1893,0.005,0.0064,1.0441,-0.0453,1.5853,0.000218,-0.0,0.0
12.42,FLIGHT,0.968,1.5648,0.0834,0.0797,0.0823,0.0781,-0.0125,-0.1893,0.005,0.0063,1.0441,-0.0454,1.5854,0.000218,-0.0,0.0
12.425,FLIGHT,0.9684,1.5651,0.0822,0.0779,0.0812,0.0763,-0.0125,-0.1892,0.005,0.0061,1.0441,-0.0455,1.5856,0.000218,-0.0,0.0
12.43,FLIGHT,0.9688,1.5655,0.0811,0.0762,0.0801,0.0746,-0.0125,-0.1892,0.0051,0.006,1.044,-0.0457,1.5858,0.000218,-0.0,0.0
12.435,FLIGHT,0.9692,1.5659,0.08,0.0745,0.079,0.073,-0.0125,-0.1892,0.0051,0.0058,1.0439,-0.0458,1.5859,0.000218,-0.0,0.0
12.44,FLIGHT,0.9696,1.5662,0.0788,0.0728,0.0779,0.0713,-0.0124,-0.1892,0.0051,0.0057,1.0438,-0.0459,1.5861,0.000218,-0.0,0.0
12.445,FLIGHT,0.97,1.5666,0.0777,0.0712,0.0768,0.0697,-0.0124,-0.1891,0.0051,0.0056,1.0436,-0.046,1.5862,0.000217,-0.0,0.0
12.45,FLIGHT,0.9703,1.5669,0.0767,0.0696,0.0757,0.0682,-0.0124,-0.1891,0.0051,0.0054,1.0435,-0.0461,1.5864,0.000217,-0.0,0.0
12.455,FLIGHT,0.9707,1.5673,0.0756,0.0681,0.0746,0.0667,-0.0124,-0.1891,0.0051,0.0053,1.0433,-0.0463,1.5865,0.000217,-0.0,0.0
12.46,FLIGHT,0.9711,1.5676,0.0745,0.0666,0.0736,0.0652,-0.0123,-0.189,0.0051,0.0052,1.0431,-0.0464,1.5867,0.000217,-0.0,0.0
12.465,FLIGHT,0.9715,1.5679,0.0735,0.0651,0.0725,0.0638,-0.0123,-0.189,0.0051,0.0051,1.0429,-0.0465,1.5868,0.000217,-0.0,0.0
12.47,FLIGHT,0.9718,1.5682,0.0724,0.0637,0.0715,0.0624,-0.0123,-0.189,0.0051,0.0049,1.0426,-0.0466,1.587,0.000217,-0.0,0.0
12.475,FLIGHT,0.9722,1.5686,0.0714,0.0623,0.0705,0.0611,-0.0123,-0.189,0.0051,0.0048,1.0424,-0.0467,1.5871,0.000217,-0.0,0.0
12.48,FLIGHT,0.9725,1.5689,0.0704,0.0609,0.0695,0.0598,-0.0122,-0.1889,0.0051,0.0047,1.0421,-0.0468,1.5873,0.000217,-0.0,0.0
12.485,FLIGHT,0.9729,1.5692,0.0694,0.0596,0.0685,0.0585,-0.0122,-0.1889,0.0051,0.0046,1.0418,-0.0469,1.5874,0.000217,-0.0,0.0
12.49,FLIGHT,0.9732,1.5694,0.0684,0.0583,0.0675,0.0572,-0.0122,-0.1889,0.0051,0.0045,1.0414,-0.047,1.5875,0.000217,-0.0,0.0
12.495,FLIGHT,0.9735,1.5697,0.0674,0.0571,0.0666,0.056,-0.0122,-0.1889,0.005,0.0044,1.0411,-0.0471,1.5877,0.000216,-0.0,0.0
12.5,FLIGHT,0.9739,1.57,0.0665,0.0559,0.0656,0.0548,-0.0121,-0.1889,0.005,0.0043,1.0407,-0.0472,1.5878,0.000216,-0.0,0.0
12.505,FLIGHT,0.9742,1.5703,0.0655,0.0547,0.0647,0.0536,-0.0121,-0.1888,0.005,0.0042,1.0403,-0.0474,1.5879,0.000216,-0.0,0.0
12.51,FLIGHT,0.9745,1.5705,0.0646,0.0535,0.0638,0.0525,-0.0121,-0.1888,0.005,0.0041,1.0399,-0.0475,1.5881,0.000216,-0.0,0.0
12.515,FLIGHT,0.9748,1.5708,0.0637,0.0524,0.0629,0.0514,-0.0121,-0.1888,0.005,0.004,1.0395,-0.0476,1.5882,0.000216,-0.0,0.0
12.52,FLIGHT,0.9751,1.5711,0.0628,0.0513,0.062,0.0503,-0.012,-0.1888,0.0049,0.0039,1.039,-0.0477,1.5883,0.000216,-0.0,0.0
12.525,FLIGHT,0.9755,1.5713,0.0619,0.0502,0.0611,0.0493,-0.012,-0.1888,0.0049,0.0039,1.0386,-0.0478,1.5884,0.000216,-0.0,0.0
12.53,FLIGHT,0.9758,1.5715,0.061,0.0492,0.0602,0.0483,-0.012,-0.1887,0.0049,0.0038,1.0381,-0.0479,1.5885,0.000216,-0.0,0.0
12.535,FLIGHT,0.9761,1.5718,0.0602,0.0482,0.0594,0.0473,-0.012,-0.1887,0.0049,0.0037,1.0376,-0.048,1.5887,0.000216,-0.0,0.0
12.54,FLIGHT,0.9764,1.572,0.0593,0.0472,0.0586,0.0463,-0.0119,-0.1887,0.0048,0.0036,1.0371,-0.0481,1.5888,0.000216,-0.0,0.0
12.545,FLIGHT,0.9766,1.5722,0.0585,0.0462,0.0577,0.0454,-0.0119,-0.1887,0.0048,0.0035,1.0365,-0.0482,1.5889,0.000216,-0.0,0.0
12.55,FLIGHT,0.9769,1.5725,0.0576,0.0453,0.0569,0.0444,-0.0119,-0.1887,0.0048,0.0035,1.036,-0.0482,1.589,0.000216,-0.0,0.0
12.555,FLIGHT,0.9772,1.5727,0.0568,0.0444,0.0561,0.0435,-0.0119,-0.1887,0.0047,0.0034,1.0354,-0.0483,1.5891,0.000216,-0.0,0.0
12.56,FLIGHT,0.9775,1.5729,0.056,0.0435,0.0553,0.0427,-0.0118,-0.1886,0.0047,0.0033,1.0348,-0.0484,1.5892,0.000216,-0.0,0.0
12.565,FLIGHT,0.9778,1.5731,0.0552,0.0426,0.0545,0.0418,-0.0118,-0.1886,0.0047,0.0032,1.0342,-0.0485,1.5893,0.000216,-0.0,0.0
12.57,FLIGHT,0.978,1.5733,0.0544,0.0417,0.0537,0.041,-0.0118,-0.1886,0.0046,0.0032,1.0335,-0.0486,1.5894,0.000215,-0.0,0.0
12.575,FLIGHT,0.9783,1.5735,0.0537,0.0409,0.053,0.0402,-0.0118,-0.1886,0.0046,0.0031,1.0329,-0.0487,1.5896,0.000215,-0.0,0.0
12.58,FLIGHT,0.9786,1.5737,0.0529,0.0401,0.0522,0.0394,-0.0117,-0.1886,0.0046,0.003,1.0322,-0.0488,1.5897,0.000215,-0.0,0.0
12.585,FLIGHT,0.9788,1.5739,0.0521,0.0393,0.0515,0.0386,-0.0117,-0.1886,0.0045,0.003,1.0315,-0.0489,1.5898,0.000215,-0.0,0.0
12.59,FLIGHT,0.9791,1.5741,0.0514,0.0386,0.0507,0.0379,-0.0117,-0.1885,0.0045,0.0029,1.0308,-0.049,1.5899,0.000215,-0.0,0.0
12.595,FLIGHT,0.9793,1.5743,0.0506,0.0378,0.05,0.0372,-0.0117,-0.1885,0.0044,0.0029,1.0301,-0.0491,1.59,0.000215,-0.0,0.0
12.6,FLIGHT,0.9796,1.5745,0.0499,0.0371,0.0493,0.0364,-0.0117,-0.1885,0.0044,0.0028,1.0294,-0.0492,1.5901,0.000215,-0.0,0.0
12.605,FLIGHT,0.9798,1.5747,0.0492,0.0364,0.0485,0.0358,-0.0116,-0.1885,0.0044,0.0028,1.0286,-0.0493,1.5902,0.000215,-0.0,0.0
12.61,FLIGHT,0.9801,1.5748,0.0485,0.0357,0.0478,0.0351,-0.0116,-0.1885,0.0043,0.0027,1.0279,-0.0493,1.5903,0.000215,-0.0,0.0
12.615,FLIGHT,0.9803,1.575,0.0478,0.035,0.0471,0.0344,-0.0116,-0.1885,0.0043,0.0026,1.0271,-0.0494,1.5904,0.000215,-0.0,0.0
12.62,FLIGHT,0.9805,1.5752,0.047,0.0344,0.0464,0.0338,-0.0116,-0.1885,0.0042,0.0026,1.0263,-0.0495,1.5905,0.000215,-0.0,0.0
12.625,FLIGHT,0.9808,1.5754,0.0464,0.0337,0.0457,0.0332,-0.0115,-0.1885,0.0042,0.0025,1.0254,-0.0496,1.5906,0.000215,-0.0,0.0
12.63,FLIGHT,0.981,1.5755,0.0457,0.0331,0.0451,0.0326,-0.0115,-0.1884,0.0041,0.0025,1.0246,-0.0497,1.5907,0.000215,-0.0,0.0
12.635,FLIGHT,0.9812,1.5757,0.045,0.0325,0.0444,0.032,-0.0115,-0.1884,0.0041,0.0024,1.0238,-0.0498,1.5907,0.000215,-0.0,0.0
12.64,FLIGHT,0.9814,1.5758,0.0443,0.0319,0.0437,0.0314,-0.0115,-0.1884,0.004,0.0024,1.0229,-0.0499,1.5908,0.000215,-0.0,0.0
12.645,FLIGHT,0.9817,1.576,0.0436,0.0313,0.043,0.0308,-0.0115,-0.1884,0.004,0.0024,1.022,-0.0499,1.5909,0.000215,-0.0,0.0
12.65,FLIGHT,0.9819,1.5761,0.043,0.0308,0.0424,0.0303,-0.0114,-0.1884,0.0039,0.0023,1.0211,-0.05,1.591,0.000215,-0.0,0.0
12.655,FLIGHT,0.9821,1.5763,0.0423,0.0302,0.0417,0.0297,-0.0114,-0.1884,0.0039,0.0023,1.0202,-0.0501,1.5911,0.000215,0.0,0.0
12.66,FLIGHT,0.9823,1.5764,0.0417,0.0297,0.0411,0.0292,-0.0114,-0.1884,0.0038,0.0022,1.0193,-0.0502,1.5912,0.000215,0.0,0.0
12.665,FLIGHT,0.9825,1.5766,0.041,0.0292,0.0404,0.0287,-0.0114,-0.1884,0.0038,0.0022,1.0183,-0.0503,1.5913,0.000215,0.0,0.0
12.67,FLIGHT,0.9827,1.5767,0.0404,0.0287,0.0398,0.0282,-0.0114,-0.1883,0.0037,0.0022,1.0174,-0.0504,1.5914,0.000215,0.0,0.0
12.675,FLIGHT,0.9829,1.5769,0.0397,0.0282,0.0392,0.0277,-0.0114,-0.1883,0.0037,0.0021,1.0164,-0.0504,1.5915,0.000215,0.0,0.0
12.68,FLIGHT,0.9831,1.577,0.0391,0.0277,0.0385,0.0273,-0.0113,-0.1883,0.0036,0.0021,1.0154,-0.0505,1.5915,0.000215,0.0,0.0
12.685,FLIGHT,0.9833,1.5771,0.0385,0.0272,0.0379,0.0268,-0.0113,-0.1883,0.0036,0.002,1.0144,-0.0506,1.5916,0.000215,0.0,0.0
12.69,FLIGHT,0.9835,1.5773,0.0379,0.0268,0.0373,0.0264,-0.0113,-0.1883,0.0035,0.002,1.0134,-0.0507,1.5917,0.000215,0.0,0.0
12.695,FLIGHT,0.9836,1.5774,0.0372,0.0263,0.0367,0.0259,-0.0113,-0.1883,0.0035,0.002,1.0123,-0.0508,1.5918,0.000215,0.0,0.0
12.7,FLIGHT,0.9838,1.5775,0.0366,0.0259,0.0361,0.0255,-0.0113,-0.1883,0.0034,0.0019,1.0113,-0.0509,1.5919,0.000215,0.0,0.0
12.705,FLIGHT,0.984,1.5777,0.036,0.0255,0.0355,0.0251,-0.0112,-0.1883,0.0033,0.0019,1.0102,-0.0509,1.592,0.000215,0.0,0.0
12.71,FLIGHT,0.9842,1.5778,0.0354,0.0251,0.0349,0.0247,-0.0112,-0.1883,0.0033,0.0019,1.0092,-0.051,1.592,0.000215,0.0,0.0
12.715,FLIGHT,0.9844,1.5779,0.0348,0.0247,0.0343,0.0243,-0.0112,-0.1883,0.0032,0.0019,1.0081,-0.0511,1.5921,0.000215,0.0,0.0
12.72,FLIGHT,0.9845,1.578,0.0342,0.0243,0.0337,0.0239,-0.0112,-0.1883,0.0032,0.0018,1.007,-0.0512,1.5922,0.000215,0.0,0.0
12.725,FLIGHT,0.9847,1.5782,0.0336,0.0239,0.0331,0.0236,-0.0112,-0.1882,0.0031,0.0018,1.0059,-0.0513,1.5923,0.000215,0.0,0.0
12.73,FLIGHT,0.9849,1.5783,0.033,0.0235,0.0325,0.0232,-0.0112,-0.1882,0.003,0.0018,1.0047,-0.0513,1.5924,0.000215,0.0,0.0
12.735,FLIGHT,0.985,1.5784,0.0324,0.0232,0.0319,0.0228,-0.0112,-0.1882,0.003,0.0017,1.0036,-0.0514,1.5924,0.000215,0.0,0.0
12.74,FLIGHT,0.9852,1.5785,0.0318,0.0228,0.0313,0.0225,-0.0111,-0.1882,0.0029,0.0017,1.0024,-0.0515,1.5925,0.000215,0.0,0.0
12.745,FLIGHT,0.9853,1.5786,0.0313,0.0225,0.0307,0.0222,-0.0111,-0.1882,0.0028,0.0017,1.0013,-0.0516,1.5926,0.000215,0.0,0.0
12.75,FLIGHT,0.9855,1.5787,0.0307,0.0221,0.0302,0.0218,-0.0111,-0.1882,0.0028,0.0017,1.0001,-0.0517,1.5927,0.000215,0.0,0.0
12.755,STANCE,0.987,1.579,0.2827,0.0329,1.1817,-0.3566,-0.0109,-0.1882,0.0488,-0.0001,0.999,0.0343,-0.3765,-0.00041,-0.3623,0.0729
12.76,STANCE,0.9973,1.5729,1.5384,-0.8732,1.6165,-1.0855,-0.0081,-0.1888,0.4099,-0.0899,0.998,-0.679,-0.5913,-0.002749,-0.3512,0.073
12.765,STANCE,0.9997,1.5719,0.7221,-0.3508,-0.1046,0.2483,-0.0075,-0.1889,0.1845,-0.0364,0.9979,-0.652,-1.3713,-0.003452,-0.0198,0.0074
12.77,STANCE,0.9994,1.5727,0.2206,-0.0302,0.1577,-0.0869,-0.0077,-0.1889,0.0458,-0.0044,0.9982,-0.7604,-1.9995,-0.003343,0.0476,0.0033
12.775,STANCE,1.0019,1.5703,0.444,-0.3804,0.7962,-1.3213,-0.0069,-0.1891,0.1362,-0.0364,0.9983,-1.1682,-2.1812,-0.00305,0.0929,0.0031
12.78,STANCE,1.0067,1.5606,0.8196,-1.3841,1.1616,-1.574,-0.0046,-0.19,0.3476,-0.1225,0.9984,-1.6379,-1.8428,-0.002492,0.0635,0.0025
12.785,STANCE,1.0143,1.5471,1.2948,-2.3586,1.4475,-2.5826,-0.0013,-0.1911,0.5787,-0.197,0.9983,-2.0974,-1.2741,-0.002427,0.013,0.0024
12.79,STANCE,1.0211,1.5348,1.3269,-2.4811,1.0136,-3.4429,0.0018,-0.1921,0.6072,-0.1964,0.9984,-2.2177,-0.9037,-0.002504,0.0456,0.0025
12.795,STANCE,1.0259,1.5205,1.0554,-2.6907,0.5212,-3.017,0.0047,-0.1932,0.59,-0.2032,0.9985,-2.0376,-0.385,-0.002542,0.0445,0.0025
12.8,STANCE,1.027,1.5074,0.4602,-2.6097,-0.0107,-2.188,0.0068,-0.1942,0.4667,-0.1935,0.9988,-1.5254,0.0431,-0.002291,0.0495,0.0023
12.805,STANCE,1.0258,1.4964,-0.0385,-2.3392,-0.3513,-2.1196,0.0082,-0.1951,0.3324,-0.1732,0.9991,-0.9119,0.3796,-0.001911,0.0811,0.0019
12.81,STANCE,1.0239,1.4851,-0.2694,-2.2969,-0.3877,-2.4418,0.0094,-0.1959,0.2825,-0.1692,0.9995,-0.369,0.7632,-0.001456,0.0994,0.0015
12.815,STANCE,1.0225,1.4729,-0.2663,-2.4067,-0.1825,-2.4779,0.011,-0.1968,0.3008,-0.1737,0.9999,0.0059,1.1058,-0.001032,0.0759,0.001
12.82,STANCE,1.0219,1.4603,-0.1552,-2.4776,-0.0152,-2.4202,0.0127,-0.1977,0.335,-0.1734,1.0002,0.1253,1.2673,-0.000643,0.0676,0.0006
12.825,FLIGHT,1.0201,1.4535,-0.3769,-1.5061,-1.2645,0.703,0.0133,-0.1982,0.1481,-0.1081,1.0013,-1.0975,2.4114,-0.000311,0.0889,0.0003
12.83,FLIGHT,1.01,1.4644,-1.565,1.1022,-2.539,3.055,0.0097,-0.1975,-0.4706,0.0636,1.0033,-0.4715,1.878,0.000236,0.1017,0.0
12.835,FLIGHT,0.9972,1.4793,-2.228,2.3392,-2.4181,2.6171,0.0051,-0.1965,-0.7758,0.1655,1.0055,-0.0307,1.5139,0.000634,0.0593,0.0
12.84,FLIGHT,0.9867,1.4892,-2.0931,2.0334,-1.7437,1.3945,0.0016,-0.1958,-0.7003,0.1563,1.0072,0.0399,1.4672,0.000848,0.0282,0.0
12.845,FLIGHT,0.9795,1.4941,-1.6333,1.2816,-1.2212,0.6839,-0.0005,-0.1954,-0.501,0.1037,1.0086,-0.0591,1.5605,0.000934,0.0078,0.0
12.85,FLIGHT,0.974,1.4971,-1.2559,0.8175,-1.0032,0.5869,-0.002,-0.1952,-0.3606,0.0691,1.01,-0.1379,1.6312,0.000939,-0.0045,0.0009
12.855,FLIGHT,0.9692,1.5004,-1.0568,0.7095,-0.9384,0.7093,-0.0034,-0.1949,-0.3057,0.0622,1.0114,-0.1453,1.639,0.000898,-0.0113,0.0023
12.86,FLIGHT,0.9646,1.5041,-0.9541,0.7378,-0.8755,0.7636,-0.0048,-0.1946,-0.2888,0.0664,1.0128,-0.1155,1.6153,0.000833,-0.0146,0.0029
12.865,FLIGHT,0.9605,1.5078,-0.8613,0.7363,-0.7704,0.705,-0.0062,-0.1942,-0.2698,0.0678,1.0141,-0.0879,1.5945,0.000756,-0.0158,0.0032
12.87,FLIGHT,0.9569,1.5111,-0.7512,0.6756,-0.6474,0.6053,-0.0073,-0.1939,-0.2393,0.0634,1.0155,-0.0755,1.5869,0.000676,-0.0157,0.0031
12.875,FLIGHT,0.954,1.5139,-0.6361,0.5945,-0.5364,0.5249,-0.0083,-0.1937,-0.2053,0.0567,1.0167,-0.0728,1.5872,0.0006,-0.0148,0.003
12.88,FLIGHT,0.9515,1.5164,-0.5324,0.5269,-0.4471,0.4762,-0.0091,-0.1934,-0.1755,0.0508,1.018,-0.0715,1.5882,0.000529,-0.0133,0.0027
12.885,FLIGHT,0.9495,1.5187,-0.4454,0.4799,-0.3744,0.4452,-0.0098,-0.1932,-0.152,0.0465,1.0192,-0.0682,1.5871,0.000467,-0.0116,0.0023
12.89,FLIGHT,0.9478,1.5208,-0.3721,0.4457,-0.3111,0.418,-0.0104,-0.193,-0.1329,0.0433,1.0204,-0.0637,1.5848,0.000414,-0.0098,0.002
12.895,FLIGHT,0.9464,1.5229,-0.3078,0.4159,-0.2535,0.39,-0.011,-0.1928,-0.1162,0.0403,1.0216,-0.0594,1.5826,0.000369,-0.0082,0.0016
12.9,FLIGHT,0.9452,1.5247,-0.2502,0.3876,-0.2014,0.363,-0.0114,-0.1926,-0.1011,0.0375,1.0227,-0.0562,1.5812,0.000332,-0.0067,0.0013
12.905,FLIGHT,0.9443,1.5265,-0.1988,0.3614,-0.1555,0.3391,-0.0119,-0.1924,-0.0875,0.0347,1.0238,-0.0538,1.5802,0.000302,-0.0053,0.0011
12.91,FLIGHT,0.9437,1.5281,-0.1535,0.3381,-0.1156,0.3188,-0.0122,-0.1923,-0.0755,0.0323,1.0249,-0.0518,1.5796,0.000278,-0.0042,0.0008
12.915,FLIGHT,0.9432,1.5297,-0.114,0.318,-0.081,0.3013,-0.0125,-0.1921,-0.0651,0.0301,1.0259,-0.0501,1.579,0.000259,-0.0033,0.0007
12.92,FLIGHT,0.9429,1.5312,-0.0797,0.3005,-0.0511,0.2858,-0.0128,-0.192,-0.056,0.0282,1.0269,-0.0486,1.5785,0.000245,-0.0025,0.0005
12.925,FLIGHT,0.9427,1.5325,-0.0498,0.2849,-0.025,0.2717,-0.013,-0.1919,-0.0482,0.0265,1.0279,-0.0473,1.5781,0.000234,-0.0019,0.0004
12.93,FLIGHT,0.9426,1.5339,-0.0239,0.2709,-0.0024,0.259,-0.0132,-0.1918,-0.0413,0.0249,1.0289,-0.0462,1.5778,0.000226,-0.0014,0.0003
12.935,FLIGHT,0.9426,1.5351,-0.0015,0.2582,0.0171,0.2475,-0.0134,-0.1916,-0.0352,0.0235,1.0298,-0.0453,1.5776,0.00022,-0.001,0.0002
12.94,FLIGHT,0.9428,1.5364,0.0179,0.2468,0.0339,0.237,-0.0135,-0.1915,-0.0299,0.0223,1.0307,-0.0445,1.5775,0.000216,-0.0006,0.0001
12.945,FLIGHT,0.943,1.5375,0.0345,0.2364,0.0483,0.2275,-0.0136,-0.1914,-0.0253,0.0211,1.0316,-0.0439,1.5774,0.000214,-0.0004,0.0001
12.95,FLIGHT,0.9432,1.5386,0.0487,0.2269,0.0605,0.2188,-0.0137,-0.1913,-0.0213,0.0201,1.0324,-0.0434,1.5774,0.000212,-0.0002,0.0
12.955,FLIGHT,0.9436,1.5397,0.0608,0.2182,0.0708,0.2108,-0.0138,-0.1912,-0.0178,0.0191,1.0332,-0.043,1.5775,0.000212,-0.0001,0.0
12.96,FLIGHT,0.944,1.5407,0.0711,0.2102,0.0796,0.2034,-0.0139,-0.1912,-0.0148,0.0183,1.034,-0.0427,1.5775,0.000211,0.0,0.0
12.965,FLIGHT,0.9444,1.5417,0.0798,0.2028,0.0869,0.1965,-0.0139,-0.1911,-0.0121,0.0175,1.0348,-0.0425,1.5776,0.000212,0.0001,0.0
12.97,FLIGHT,0.9448,1.5427,0.0871,0.196,0.093,0.19,-0.014,-0.191,-0.0098,0.0168,1.0355,-0.0423,1.5778,0.000212,0.0001,0.0
12.975,FLIGHT,0.9453,1.5436,0.0931,0.1896,0.098,0.184,-0.014,-0.1909,-0.0078,0.0161,1.0362,-0.0422,1.5779,0.000213,0.0002,0.0
12.98,FLIGHT,0.9458,1.5445,0.0981,0.1836,0.1021,0.1784,-0.014,-0.1908,-0.006,0.0155,1.0369,-0.0421,1.5781,0.000214,0.0002,0.0
12.985,FLIGHT,0.9463,1.5454,0.1021,0.1779,0.1054,0.173,-0.014,-0.1908,-0.0045,0.0149,1.0375,-0.0421,1.5783,0.000215,0.0002,0.0
12.99,FLIGHT,0.9469,1.5463,0.1054,0.1726,0.1079,0.168,-0.0141,-0.1907,-0.0031,0.0144,1.0382,-0.0421,1.5785,0.000216,0.0002,0.0
12.995,FLIGHT,0.9474,1.5471,0.1079,0.1676,0.1099,0.1632,-0.0141,-0.1906,-0.002,0.0139,1.0388,-0.0421,1.5787,0.000217,0.0002,0.0
13.0,FLIGHT,0.9479,1.5479,0.1099,0.1629,0.1114,0.1587,-0.0141,-0.1905,-0.001,0.0134,1.0393,-0.0421,1.5789,0.000217,0.0002,0.0
13.005,FLIGHT,0.9485,1.5487,0.1113,0.1583,0.1124,0.1544,-0.0141,-0.1905,-0.0001,0.013,1.0399,-0.0422,1.5791,0.000218,0.0001,0.0
13.01,FLIGHT,0.9491,1.5494,0.1123,0.154,0.113,0.1502,-0.0141,-0.1904,0.0007,0.0126,1.0404,-0.0423,1.5793,0.000219,0.0001,0.0
13.015,FLIGHT,0.9496,1.5502,0.1129,0.1499,0.1133,0.1463,-0.0141,-0.1904,0.0013,0.0122,1.0409,-0.0424,1.5796,0.00022,0.0001,0.0
13.02,FLIGHT,0.9502,1.5509,0.1131,0.1459,0.1132,0.1425,-0.014,-0.1903,0.0019,0.0119,1.0413,-0.0425,1.5798,0.00022,0.0001,0.0
13.025,FLIGHT,0.9508,1.5516,0.1131,0.1422,0.113,0.1388,-0.014,-0.1902,0.0024,0.0115,1.0418,-0.0426,1.58,0.000221,0.0001,0.0
13.03,FLIGHT,0.9513,1.5523,0.1129,0.1385,0.1126,0.1353,-0.014,-0.1902,0.0028,0.0112,1.0422,-0.0427,1.5803,0.000221,0.0001,0.0
13.035,FLIGHT,0.9519,1.553,0.1124,0.135,0.1119,0.1319,-0.014,-0.1901,0.0032,0.0109,1.0426,-0.0429,1.5805,0.000221,0.0001,0.0
13.04,FLIGHT,0.9525,1.5536,0.1118,0.1317,0.1112,0.1287,-0.014,-0.1901,0.0036,0.0106,1.0429,-0.043,1.5807,0.000222,0.0,0.0
13.045,FLIGHT,0.953,1.5543,0.111,0.1284,0.1103,0.1255,-0.014,-0.19,0.0038,0.0103,1.0433,-0.0431,1.581,0.000222,0.0,0.0
13.05,FLIGHT,0.9536,1.5549,0.1101,0.1253,0.1093,0.1225,-0.0139,-0.19,0.0041,0.01,1.0436,-0.0433,1.5812,0.000222,0.0,0.0
13.055,FLIGHT,0.9541,1.5555,0.1092,0.1222,0.1082,0.1195,-0.0139,-0.1899,0.0043,0.0098,1.0439,-0.0434,1.5814,0.000222,0.0,0.0
13.06,FLIGHT,0.9546,1.5561,0.1081,0.1193,0.1071,0.1167,-0.0139,-0.1899,0.0045,0.0095,1.0441,-0.0436,1.5816,0.000222,0.0,0.0
13.065,FLIGHT,0.9552,1.5566,0.1069,0.1164,0.1059,0.1139,-0.0139,-0.1898,0.0047,0.0093,1.0444,-0.0437,1.5819,0.000222,0.0,0.0
13.07,FLIGHT,0.9557,1.5572,0.1058,0.1136,0.1047,0.1112,-0.0138,-0.1898,0.0048,0.009,1.0446,-0.0439,1.5821,0.000222,-0.0,0.0
13.075,FLIGHT,0.9562,1.5578,0.1045,0.111,0.1034,0.1086,-0.0138,-0.1898,0.0049,0.0088,1.0448,-0.044,1.5823,0.000222,-0.0,0.0
13.08,FLIGHT,0.9567,1.5583,0.1032,0.1084,0.1021,0.1061,-0.0138,-0.1897,0.005,0.0086,1.0449,-0.0442,1.5825,0.000222,-0.0,0.0
13.085,FLIGHT,0.9572,1.5588,0.102,0.1058,0.1008,0.1036,-0.0138,-0.1897,0.0051,0.0084,1.0451,-0.0443,1.5827,0.000222,-0.0,0.0
13.09,FLIGHT,0.9577,1.5593,0.1006,0.1034,0.0995,0.1012,-0.0137,-0.1896,0.0052,0.0082,1.0452,-0.0445,1.5829,0.000222,-0.0,0.0
13.095,FLIGHT,0.9582,1.5598,0.0993,0.101,0.0981,0.0989,-0.0137,-0.1896,0.0053,0.008,1.0453,-0.0446,1.5831,0.000222,-0.0,0.0
13.1,FLIGHT,0.9587,1.5603,0.098,0.0987,0.0968,0.0966,-0.0137,-0.1896,0.0053,0.0078,1.0454,-0.0448,1.5833,0.000222,-0.0,0.0
13.105,FLIGHT,0.9592,1.5608,0.0967,0.0964,0.0955,0.0944,-0.0137,-0.1895,0.0054,0.0076,1.0454,-0.0449,1.5835,0.000222,-0.0,0.0
13.11,FLIGHT,0.9597,1.5613,0.0953,0.0942,0.0941,0.0922,-0.0136,-0.1895,0.0054,0.0074,1.0454,-0.0451,1.5837,0.000221,-0.0,0.0
13.115,FLIGHT,0.9601,1.5617,0.094,0.092,0.0928,0.0902,-0.0136,-0.1894,0.0054,0.0072,1.0454,-0.0452,1.5839,0.000221,-0.0,0.0
13.12,FLIGHT,0.9606,1.5622,0.0927,0.09,0.0915,0.0881,-0.0136,-0.1894,0.0055,0.007,1.0454,-0.0453,1.5841,0.000221,-0.0,0.0
13.125,FLIGHT,0.9611,1.5626,0.0914,0.0879,0.0902,0.0861,-0.0136,-0.1894,0.0055,0.0069,1.0454,-0.0455,1.5843,0.000221,-0.0,0.0
13.13,FLIGHT,0.9615,1.563,0.0901,0.086,0.0889,0.0842,-0.0135,-0.1893,0.0055,0.0067,1.0453,-0.0456,1.5845,0.000221,-0.0,0.0
13.135,FLIGHT,0.9619,1.5634,0.0888,0.084,0.0876,0.0823,-0.0135,-0.1893,0.0055,0.0066,1.0452,-0.0457,1.5847,0.000221,-0.0,0.0
13.14,FLIGHT,0.9624,1.5639,0.0875,0.0821,0.0864,0.0805,-0.0135,-0.1893,0.0055,0.0064,1.0451,-0.0459,1.5848,0.000221,-0.0,0.0
13.145,FLIGHT,0.9628,1.5643,0.0863,0.0803,0.0851,0.0787,-0.0134,-0.1892,0.0055,0.0062,1.0449,-0.046,1.585,0.00022,-0.0,0.0
13.15,FLIGHT,0.9632,1.5646,0.085,0.0785,0.0839,0.077,-0.0134,-0.1892,0.0055,0.0061,1.0448,-0.0461,1.5852,0.00022,-0.0,0.0
13.155,FLIGHT,0.9636,1.565,0.0838,0.0768,0.0827,0.0753,-0.0134,-0.1892,0.0055,0.006,1.0446,-0.0463,1.5853,0.00022,-0.0,0.0
13.16,FLIGHT,0.9641,1.5654,0.0826,0.0751,0.0815,0.0736,-0.0134,-0.1892,0.0055,0.0058,1.0444,-0.0464,1.5855,0.00022,-0.0,0.0
13.165,FLIGHT,0.9645,1.5658,0.0814,0.0735,0.0803,0.072,-0.0133,-0.1891,0.0055,0.0057,1.0442,-0.0465,1.5857,0.00022,-0.0,0.0
13.17,FLIGHT,0.9649,1.5661,0.0802,0.0718,0.0792,0.0704,-0.0133,-0.1891,0.0055,0.0056,1.044,-0.0466,1.5858,0.00022,-0.0,0.0
13.175,FLIGHT,0.9653,1.5665,0.0791,0.0703,0.078,0.0689,-0.0133,-0.1891,0.0055,0.0054,1.0437,-0.0468,1.586,0.00022,-0.0,0.0
13.18,FLIGHT,0.9656,1.5668,0.0779,0.0688,0.0769,0.0674,-0.0132,-0.189,0.0055,0.0053,1.0434,-0.0469,1.5861,0.00022,-0.0,0.0
13.185,FLIGHT,0.966,1.5671,0.0768,0.0673,0.0758,0.0659,-0.0132,-0.189,0.0055,0.0052,1.0431,-0.047,1.5863,0.000219,-0.0,0.0
13.19,FLIGHT,0.9664,1.5675,0.0757,0.0658,0.0747,0.0645,-0.0132,-0.189,0.0055,0.0051,1.0428,-0.0471,1.5865,0.000219,-0.0,0.0
13.195,FLIGHT,0.9668,1.5678,0.0746,0.0644,0.0737,0.0631,-0.0132,-0.189,0.0054,0.005,1.0424,-0.0472,1.5866,0.000219,-0.0,0.0
13.2,FLIGHT,0.9671,1.5681,0.0735,0.063,0.0726,0.0618,-0.0131,-0.189,0.0054,0.0048,1.0421,-0.0474,1.5867,0.000219,-0.0,0.0
13.205,FLIGHT,0.9675,1.5684,0.0725,0.0617,0.0716,0.0605,-0.0131,-0.1889,0.0054,0.0047,1.0417,-0.0475,1.5869,0.000219,-0.0,0.0
13.21,FLIGHT,0.9679,1.5687,0.0715,0.0604,0.0705,0.0592,-0.0131,-0.1889,0.0054,0.0046,1.0413,-0.0476,1.587,0.000219,-0.0,0.0
13.215,FLIGHT,0.9682,1.569,0.0704,0.0591,0.0695,0.058,-0.0131,-0.1889,0.0054,0.0045,1.0409,-0.0477,1.5872,0.000219,-0.0,0.0
13.22,FLIGHT,0.9685,1.5693,0.0694,0.0578,0.0685,0.0567,-0.013,-0.1889,0.0053,0.0044,1.0404,-0.0478,1.5873,0.000219,-0.0,0.0
13.225,FLIGHT,0.9689,1.5696,0.0684,0.0566,0.0675,0.0555,-0.013,-0.1888,0.0053,0.0043,1.0399,-0.0479,1.5874,0.000219,-0.0,0.0
13.23,FLIGHT,0.9692,1.5698,0.0675,0.0554,0.0666,0.0544,-0.013,-0.1888,0.0053,0.0042,1.0395,-0.048,1.5876,0.000219,-0.0,0.0
13.235,FLIGHT,0.9696,1.5701,0.0665,0.0543,0.0656,0.0533,-0.013,-0.1888,0.0053,0.0041,1.039,-0.0481,1.5877,0.000218,-0.0,0.0
13.24,FLIGHT,0.9699,1.5704,0.0655,0.0532,0.0647,0.0522,-0.0129,-0.1888,0.0052,0.004,1.0384,-0.0482,1.5878,0.000218,-0.0,0.0
13.245,FLIGHT,0.9702,1.5706,0.0646,0.0521,0.0638,0.0511,-0.0129,-0.1888,0.0052,0.004,1.0379,-0.0483,1.588,0.000218,-0.0,0.0
13.25,FLIGHT,0.9705,1.5709,0.0637,0.051,0.0629,0.0501,-0.0129,-0.1887,0.0052,0.0039,1.0373,-0.0484,1.5881,0.000218,-0.0,0.0
13.255,FLIGHT,0.9708,1.5711,0.0628,0.05,0.062,0.049,-0.0129,-0.1887,0.0051,0.0038,1.0368,-0.0485,1.5882,0.000218,-0.0,0.0
13.26,FLIGHT,0.9711,1.5714,0.0619,0.0489,0.0611,0.048,-0.0128,-0.1887,0.0051,0.0037,1.0362,-0.0486,1.5883,0.000218,-0.0,0.0
13.265,FLIGHT,0.9714,1.5716,0.061,0.048,0.0602,0.0471,-0.0128,-0.1887,0.0051,0.0036,1.0356,-0.0487,1.5885,0.000218,-0.0,0.0
13.27,FLIGHT,0.9717,1.5718,0.0601,0.047,0.0593,0.0461,-0.0128,-0.1887,0.005,0.0036,1.0349,-0.0488,1.5886,0.000218,-0.0,0.0
13.275,FLIGHT,0.972,1.5721,0.0593,0.046,0.0585,0.0452,-0.0128,-0.1886,0.005,0.0035,1.0343,-0.0489,1.5887,0.000218,-0.0,0.0
13.28,FLIGHT,0.9723,1.5723,0.0584,0.0451,0.0577,0.0443,-0.0127,-0.1886,0.0049,0.0034,1.0336,-0.049,1.5888,0.000218,-0.0,0.0
13.285,FLIGHT,0.9726,1.5725,0.0576,0.0442,0.0568,0.0434,-0.0127,-0.1886,0.0049,0.0033,1.0329,-0.0491,1.5889,0.000218,-0.0,0.0
13.29,FLIGHT,0.9729,1.5727,0.0567,0.0434,0.056,0.0426,-0.0127,-0.1886,0.0049,0.0033,1.0322,-0.0492,1.589,0.000218,-0.0,0.0
13.295,FLIGHT,0.9732,1.5729,0.0559,0.0425,0.0552,0.0418,-0.0127,-0.1886,0.0048,0.0032,1.0315,-0.0493,1.5892,0.000218,-0.0,0.0
13.3,FLIGHT,0.9734,1.5731,0.0551,0.0417,0.0544,0.041,-0.0126,-0.1886,0.0048,0.0031,1.0308,-0.0494,1.5893,0.000218,-0.0,0.0
13.305,FLIGHT,0.9737,1.5733,0.0543,0.0409,0.0536,0.0402,-0.0126,-0.1886,0.0047,0.0031,1.03,-0.0495,1.5894,0.000218,-0.0,0.0
13.31,FLIGHT,0.974,1.5735,0.0535,0.0401,0.0528,0.0394,-0.0126,-0.1885,0.0047,0.003,1.0292,-0.0496,1.5895,0.000218,-0.0,0.0
13.315,FLIGHT,0.9742,1.5737,0.0527,0.0393,0.052,0.0387,-0.0126,-0.1885,0.0046,0.003,1.0285,-0.0497,1.5896,0.000218,-0.0,0.0
13.32,FLIGHT,0.9745,1.5739,0.052,0.0386,0.0513,0.0379,-0.0125,-0.1885,0.0046,0.0029,1.0277,-0.0498,1.5897,0.000218,-0.0,0.0
13.325,FLIGHT,0.9748,1.5741,0.0512,0.0379,0.0505,0.0372,-0.0125,-0.1885,0.0046,0.0028,1.0268,-0.0499,1.5898,0.000218,-0.0,0.0
13.33,FLIGHT,0.975,1.5743,0.0505,0.0372,0.0498,0.0365,-0.0125,-0.1885,0.0045,0.0028,1.026,-0.05,1.5899,0.000217,-0.0,0.0
13.335,FLIGHT,0.9753,1.5745,0.0497,0.0365,0.049,0.0359,-0.0125,-0.1885,0.0045,0.0027,1.0252,-0.0501,1.59,0.000217,-0.0,0.0
13.34,FLIGHT,0.9755,1.5747,0.049,0.0358,0.0483,0.0352,-0.0124,-0.1885,0.0044,0.0027,1.0243,-0.0502,1.5901,0.000217,-0.0,0.0
13.345,FLIGHT,0.9757,1.5748,0.0482,0.0351,0.0476,0.0346,-0.0124,-0.1884,0.0044,0.0026,1.0234,-0.0503,1.5902,0.000217,-0.0,0.0
13.35,FLIGHT,0.976,1.575,0.0475,0.0345,0.0469,0.0339,-0.0124,-0.1884,0.0043,0.0026,1.0225,-0.0503,1.5903,0.000217,-0.0,0.0
13.355,FLIGHT,0.9762,1.5752,0.0468,0.0339,0.0461,0.0333,-0.0124,-0.1884,0.0043,0.0025,1.0216,-0.0504,1.5904,0.000217,-0.0,0.0
13.36,FLIGHT,0.9764,1.5753,0.0461,0.0333,0.0454,0.0327,-0.0124,-0.1884,0.0042,0.0025,1.0207,-0.0505,1.5905,0.000217,-0.0,0.0
13.365,FLIGHT,0.9767,1.5755,0.0454,0.0327,0.0447,0.0321,-0.0123,-0.1884,0.0041,0.0024,1.0197,-0.0506,1.5906,0.000217,-0.0,0.0
13.37,FLIGHT,0.9769,1.5757,0.0447,0.0321,0.0441,0.0316,-0.0123,-0.1884,0.0041,0.0024,1.0188,-0.0507,1.5907,0.000217,-0.0,0.0
13.375,FLIGHT,0.9771,1.5758,0.044,0.0315,0.0434,0.031,-0.0123,-0.1884,0.004,0.0024,1.0178,-0.0508,1.5908,0.000217,-0.0,0.0
13.38,FLIGHT,0.9773,1.576,0.0433,0.031,0.0427,0.0305,-0.0123,-0.1884,0.004,0.0023,1.0168,-0.0509,1.5909,0.000217,-0.0,0.0
13.385,FLIGHT,0.9775,1.5761,0.0426,0.0304,0.042,0.03,-0.0123,-0.1883,0.0039,0.0023,1.0158,-0.051,1.591,0.000217,-0.0,0.0
13.39,FLIGHT,0.9777,1.5763,0.0419,0.0299,0.0413,0.0295,-0.0122,-0.1883,0.0039,0.0022,1.0148,-0.051,1.5911,0.000217,0.0,0.0
13.395,FLIGHT,0.9779,1.5764,0.0413,0.0294,0.0407,0.029,-0.0122,-0.1883,0.0038,0.0022,1.0137,-0.0511,1.5912,0.000217,0.0,0.0
13.4,FLIGHT,0.9781,1.5766,0.0406,0.0289,0.04,0.0285,-0.0122,-0.1883,0.0037,0.0022,1.0127,-0.0512,1.5912,0.000217,0.0,0.0
13.405,FLIGHT,0.9783,1.5767,0.0399,0.0284,0.0393,0.028,-0.0122,-0.1883,0.0037,0.0021,1.0116,-0.0513,1.5913,0.000217,0.0,0.0
13.41,FLIGHT,0.9785,1.5768,0.0393,0.028,0.0387,0.0275,-0.0122,-0.1883,0.0036,0.0021,1.0106,-0.0514,1.5914,0.000217,0.0,0.0
13.415,FLIGHT,0.9787,1.577,0.0386,0.0275,0.038,0.0271,-0.0122,-0.1883,0.0036,0.0021,1.0095,-0.0515,1.5915,0.000217,0.0,0.0
13.42,FLIGHT,0.9789,1.5771,0.038,0.0271,0.0374,0.0267,-0.0121,-0.1883,0.0035,0.002,1.0084,-0.0516,1.5916,0.000217,0.0,0.0
13.425,FLIGHT,0.9791,1.5772,0.0373,0.0266,0.0368,0.0262,-0.0121,-0.1883,0.0034,0.002,1.0073,-0.0516,1.5917,0.000217,0.0,0.0
13.43,FLIGHT,0.9793,1.5774,0.0367,0.0262,0.0361,0.0258,-0.0121,-0.1882,0.0034,0.002,1.0061,-0.0517,1.5918,0.000217,0.0,0.0
13.435,FLIGHT,0.9795,1.5775,0.0361,0.0258,0.0355,0.0254,-0.0121,-0.1882,0.0033,0.0019,1.005,-0.0518,1.5918,0.000217,0.0,0.0
13.44,FLIGHT,0.9796,1.5776,0.0354,0.0254,0.0349,0.025,-0.0121,-0.1882,0.0032,0.0019,1.0038,-0.0519,1.5919,0.000217,0.0,0.0
13.445,FLIGHT,0.9798,1.5778,0.0348,0.025,0.0342,0.0246,-0.0121,-0.1882,0.0032,0.0019,1.0027,-0.052,1.592,0.000217,0.0,0.0
13.45,FLIGHT,0.98,1.5779,0.0342,0.0246,0.0336,0.0243,-0.012,-0.1882,0.0031,0.0018,1.0015,-0.0521,1.5921,0.000217,0.0,0.0
13.455,FLIGHT,0.9801,1.578,0.0335,0.0242,0.033,0.0239,-0.012,-0.1882,0.003,0.0018,1.0003,-0.0522,1.5922,0.000217,0.0,0.0
13.46,STANCE,0.9809,1.5788,0.1451,0.1403,0.7179,0.0881,-0.012,-0.1881,0.0084,0.0111,0.9992,0.1172,-0.3026,-0.000252,-0.3076,0.0618
13.465,STANCE,0.9903,1.5739,1.4398,-0.7353,2.8566,-1.9912,-0.0096,-0.1887,0.3717,-0.0798,0.9981,-0.5597,-0.5403,-0.002545,-0.5554,0.1136
13.47,STANCE,0.9957,1.5705,1.0254,-0.5625,-0.0266,0.2162,-0.0081,-0.189,0.2708,-0.0581,0.9978,-0.6903,-1.1803,-0.003787,-0.0512,0.014
13.475,STANCE,0.9949,1.572,0.2303,0.0132,-0.0432,0.1403,-0.0084,-0.1889,0.0417,-0.0008,0.998,-0.6687,-1.9435,-0.003725,0.0503,0.0037
13.48,STANCE,0.9964,1.5706,0.3246,-0.2408,0.6853,-0.7507,-0.0079,-0.189,0.0943,-0.0239,0.9984,-1.0147,-2.2133,-0.003403,0.0739,0.0034
13.485,STANCE,1.001,1.5613,0.7528,-1.3857,1.1589,-1.8146,-0.0058,-0.1899,0.3343,-0.1244,0.9983,-1.5133,-1.8643,-0.002786,0.1012,0.0028
13.49,STANCE,1.0082,1.5482,1.2423,-2.2679,1.632,-2.6493,-0.0026,-0.191,0.5544,-0.1933,0.9983,-1.9951,-1.3762,-0.00255,-0.0185,0.0063
13.495,STANCE,1.0165,1.5321,1.5045,-3.0091,1.4689,-3.6347,0.0013,-0.1924,0.7162,-0.2399,0.9983,-2.2815,-0.7411,-0.002852,-0.0523,0.0133
13.5,STANCE,1.0218,1.5155,1.1356,-3.1832,0.596,-2.7831,0.0046,-0.1936,0.6768,-0.2406,0.9983,-2.1139,-0.2342,-0.003031,-0.0202,0.0071
13.505,STANCE,1.0221,1.5026,0.3493,-2.7632,-0.4427,-2.5766,0.0066,-0.1946,0.4674,-0.2059,0.9985,-1.5438,0.0416,-0.002867,0.0925,0.0029
13.51,STANCE,1.0193,1.4911,-0.2794,-2.4537,-0.7606,-2.5736,0.0077,-0.1955,0.3017,-0.1839,0.9989,-0.8853,0.3595,-0.002446,0.1215,0.0024
13.515,STANCE,1.0162,1.4791,-0.5022,-2.4392,-0.4828,-2.3596,0.0088,-0.1964,0.2571,-0.182,0.9993,-0.3416,0.7675,-0.002012,0.0623,0.002
13.52,STANCE,1.0141,1.4662,-0.4456,-2.5398,-0.3084,-2.5498,0.0103,-0.1974,0.2845,-0.1855,0.9996,0.0367,1.1339,-0.001655,0.0558,0.0017
13.525,STANCE,1.013,1.4536,-0.2719,-2.5138,-0.0712,-2.3668,0.0119,-0.1983,0.3167,-0.178,1.0001,0.1868,1.2942,-0.001391,0.0387,0.0014
13.53,FLIGHT,1.0124,1.4449,-0.2144,-1.8567,-0.8097,-0.0249,0.0131,-0.1989,0.2322,-0.1297,1.0011,-1.1842,2.4807,-0.001256,0.0425,0.0013
13.535,FLIGHT,1.0038,1.4537,-1.3224,0.753,-2.3967,2.9693,0.0101,-0.1984,-0.3728,0.04,1.0032,-0.6054,1.9842,-0.000857,0.1129,0.0009
13.54,FLIGHT,0.991,1.4693,-2.1611,2.3396,-2.5198,2.9058,0.0053,-0.1973,-0.765,0.1641,1.0054,-0.0895,1.5567,-0.000213,0.1356,0.0002
13.545,FLIGHT,0.9799,1.4808,-2.1635,2.2411,-1.8823,1.6801,0.0014,-0.1965,-0.7455,0.1723,1.0074,0.0438,1.4576,0.000388,0.0946,0.0
13.55,FLIGHT,0.972,1.4868,-1.7275,1.4852,-1.3003,0.8251,-0.001,-0.196,-0.5493,0.1208,1.0089,-0.0416,1.5405,0.000745,0.051,0.0
13.555,FLIGHT,0.9663,1.4902,-1.3178,0.9362,-1.0315,0.6322,-0.0026,-0.1957,-0.3901,0.0797,1.0104,-0.1331,1.6227,0.000923,0.0224,0.0
13.56,FLIGHT,0.9614,1.4936,-1.0892,0.7696,-0.9537,0.7396,-0.004,-0.1954,-0.321,0.068,1.0119,-0.1526,1.641,0.000987,0.0044,0.0
13.565,FLIGHT,0.9568,1.4975,-0.9777,0.785,-0.8985,0.8131,-0.0055,-0.1951,-0.3004,0.0712,1.0133,-0.1255,1.6198,0.000979,-0.0065,0.0013
13.57,FLIGHT,0.9525,1.5015,-0.8879,0.7909,-0.8012,0.7671,-0.0068,-0.1947,-0.2829,0.0734,1.0148,-0.0949,1.5965,0.00093,-0.0126,0.0025
13.575,FLIGHT,0.9488,1.5051,-0.7812,0.7348,-0.6786,0.6644,-0.0081,-0.1944,-0.2536,0.0695,1.0162,-0.0793,1.5863,0.000858,-0.0157,0.0031
13.58,FLIGHT,0.9457,1.5082,-0.6654,0.6498,-0.5635,0.5741,-0.0091,-0.1941,-0.2187,0.0625,1.0176,-0.0753,1.5857,0.000776,-0.0167,0.0033
13.585,FLIGHT,0.9431,1.5109,-0.5583,0.5745,-0.4696,0.5169,-0.01,-0.1938,-0.1872,0.0559,1.019,-0.0738,1.5869,0.000693,-0.0164,0.0033
13.59,FLIGHT,0.941,1.5134,-0.4677,0.5208,-0.3937,0.4811,-0.0107,-0.1936,-0.1619,0.051,1.0203,-0.0707,1.5861,0.000614,-0.0152,0.003
13.595,FLIGHT,0.9392,1.5157,-0.3914,0.4822,-0.3281,0.4514,-0.0114,-0.1933,-0.1416,0.0473,1.0215,-0.066,1.5838,0.000542,-0.0136,0.0027
13.6,FLIGHT,0.9377,1.5179,-0.3248,0.4495,-0.2685,0.4213,-0.012,-0.1931,-0.124,0.0441,1.0228,-0.0613,1.5814,0.000479,-0.0117,0.0023
13.605,FLIGHT,0.9365,1.5199,-0.265,0.4188,-0.2143,0.392,-0.0125,-0.1929,-0.1081,0.0409,1.024,-0.0577,1.5798,0.000424,-0.0099,0.002
13.61,FLIGHT,0.9355,1.5218,-0.2113,0.3901,-0.166,0.3658,-0.0129,-0.1928,-0.0937,0.0379,1.0252,-0.055,1.5787,0.000379,-0.0082,0.0016
13.615,FLIGHT,0.9348,1.5236,-0.1638,0.3646,-0.1239,0.3434,-0.0133,-0.1926,-0.081,0.0352,1.0263,-0.0528,1.578,0.000342,-0.0067,0.0013
13.62,FLIGHT,0.9343,1.5253,-0.1222,0.3425,-0.0874,0.3242,-0.0136,-0.1924,-0.0699,0.0328,1.0274,-0.051,1.5774,0.000312,-0.0054,0.0011
13.625,FLIGHT,0.9339,1.5268,-0.0859,0.3234,-0.0556,0.3073,-0.0139,-0.1923,-0.0602,0.0307,1.0285,-0.0493,1.5769,0.000288,-0.0043,0.0009
13.63,FLIGHT,0.9337,1.5283,-0.0543,0.3064,-0.028,0.2921,-0.0142,-0.1921,-0.0518,0.0288,1.0296,-0.0479,1.5764,0.000269,-0.0033,0.0007
13.635,FLIGHT,0.9336,1.5298,-0.0268,0.2912,-0.0039,0.2783,-0.0144,-0.192,-0.0444,0.027,1.0306,-0.0467,1.5761,0.000254,-0.0025,0.0005
13.64,FLIGHT,0.9337,1.5311,-0.0029,0.2775,0.017,0.2658,-0.0145,-0.1919,-0.038,0.0255,1.0316,-0.0457,1.5759,0.000243,-0.0019,0.0004
13.645,FLIGHT,0.9338,1.5324,0.0177,0.265,0.0349,0.2545,-0.0147,-0.1918,-0.0323,0.0241,1.0326,-0.0449,1.5757,0.000235,-0.0014,0.0003
13.65,FLIGHT,0.934,1.5337,0.0355,0.2538,0.0503,0.2442,-0.0148,-0.1917,-0.0273,0.0228,1.0335,-0.0442,1.5757,0.000229,-0.001,0.0002
13.655,FLIGHT,0.9343,1.5349,0.0508,0.2436,0.0634,0.2348,-0.0149,-0.1916,-0.023,0.0217,1.0344,-0.0437,1.5757,0.000225,-0.0007,0.0001
13.66,FLIGHT,0.9346,1.536,0.0638,0.2342,0.0746,0.2262,-0.015,-0.1915,-0.0193,0.0206,1.0353,-0.0432,1.5757,0.000222,-0.0005,0.0001
13.665,FLIGHT,0.935,1.5371,0.0749,0.2256,0.084,0.2182,-0.0151,-0.1914,-0.016,0.0197,1.0362,-0.0429,1.5758,0.00022,-0.0003,0.0001
13.67,FLIGHT,0.9355,1.5382,0.0842,0.2177,0.0919,0.2108,-0.0151,-0.1913,-0.0131,0.0188,1.037,-0.0426,1.5759,0.000219,-0.0001,0.0
13.675,FLIGHT,0.936,1.5392,0.0921,0.2103,0.0985,0.2039,-0.0152,-0.1912,-0.0106,0.018,1.0378,-0.0424,1.576,0.000218,-0.0,0.0
13.68,FLIGHT,0.9365,1.5402,0.0986,0.2034,0.104,0.1974,-0.0152,-0.1911,-0.0084,0.0173,1.0386,-0.0423,1.5762,0.000218,0.0,0.0
13.685,FLIGHT,0.937,1.5412,0.104,0.1969,0.1084,0.1914,-0.0153,-0.191,-0.0066,0.0167,1.0393,-0.0422,1.5764,0.000218,0.0001,0.0
13.69,FLIGHT,0.9375,1.5422,0.1084,0.1909,0.112,0.1857,-0.0153,-0.1909,-0.0049,0.016,1.04,-0.0421,1.5766,0.000219,0.0001,0.0
13.695,FLIGHT,0.9381,1.5431,0.112,0.1852,0.1148,0.1803,-0.0153,-0.1909,-0.0035,0.0155,1.0407,-0.0421,1.5768,0.000219,0.0001,0.0
13.7,FLIGHT,0.9387,1.544,0.1148,0.1798,0.117,0.1751,-0.0153,-0.1908,-0.0022,0.0149,1.0414,-0.0421,1.577,0.00022,0.0001,0.0
13.705,FLIGHT,0.9393,1.5448,0.1169,0.1747,0.1186,0.1703,-0.0153,-0.1907,-0.0011,0.0144,1.042,-0.0422,1.5772,0.000221,0.0001,0.0
13.71,FLIGHT,0.9399,1.5457,0.1185,0.1699,0.1197,0.1656,-0.0153,-0.1906,-0.0002,0.014,1.0426,-0.0422,1.5775,0.000221,0.0001,0.0
13.715,FLIGHT,0.9405,1.5465,0.1196,0.1652,0.1204,0.1612,-0.0153,-0.1906,0.0007,0.0135,1.0432,-0.0423,1.5777,0.000222,0.0001,0.0
13.72,FLIGHT,0.9411,1.5473,0.1203,0.1608,0.1207,0.157,-0.0153,-0.1905,0.0014,0.0131,1.0438,-0.0424,1.578,0.000222,0.0001,0.0
13.725,FLIGHT,0.9417,1.548,0.1206,0.1566,0.1208,0.1529,-0.0153,-0.1904,0.002,0.0127,1.0443,-0.0425,1.5782,0.000223,0.0001,0.0
13.73,FLIGHT,0.9423,1.5488,0.1206,0.1525,0.1206,0.149,-0.0153,-0.1904,0.0025,0.0123,1.0448,-0.0427,1.5785,0.000223,0.0001,0.0
13.735,FLIGHT,0.9429,1.5495,0.1204,0.1486,0.1201,0.1452,-0.0152,-0.1903,0.003,0.012,1.0453,-0.0428,1.5787,0.000224,0.0001,0.0
13.74,FLIGHT,0.9435,1.5503,0.12,0.1449,0.1195,0.1416,-0.0152,-0.1903,0.0034,0.0116,1.0457,-0.0429,1.579,0.000224,0.0001,0.0
13.745,FLIGHT,0.9441,1.551,0.1193,0.1413,0.1187,0.1381,-0.0152,-0.1902,0.0038,0.0113,1.0461,-0.0431,1.5792,0.000224,0.0,0.0
13.75,FLIGHT,0.9447,1.5516,0.1186,0.1378,0.1178,0.1347,-0.0152,-0.1902,0.0041,0.011,1.0465,-0.0432,1.5795,0.000224,0.0,0.0
13.755,FLIGHT,0.9453,1.5523,0.1176,0.1344,0.1168,0.1314,-0.0152,-0.1901,0.0044,0.0107,1.0469,-0.0434,1.5797,0.000225,0.0,0.0
13.76,FLIGHT,0.9458,1.5529,0.1166,0.1311,0.1156,0.1283,-0.0151,-0.1901,0.0046,0.0104,1.0473,-0.0435,1.5799,0.000225,0.0,0.0
13.765,FLIGHT,0.9464,1.5536,0.1155,0.128,0.1145,0.1252,-0.0151,-0.19,0.0048,0.0102,1.0476,-0.0437,1.5802,0.000225,0.0,0.0
13.77,FLIGHT,0.947,1.5542,0.1143,0.1249,0.1132,0.1222,-0.0151,-0.19,0.005,0.0099,1.0479,-0.0438,1.5804,0.000225,0.0,0.0
13.775,FLIGHT,0.9475,1.5548,0.113,0.122,0.1119,0.1193,-0.0151,-0.1899,0.0051,0.0096,1.0481,-0.044,1.5807,0.000225,-0.0,0.0
13.78,FLIGHT,0.9481,1.5554,0.1117,0.1191,0.1106,0.1165,-0.015,-0.1899,0.0053,0.0094,1.0484,-0.0441,1.5809,0.000225,-0.0,0.0
13.785,FLIGHT,0.9487,1.556,0.1104,0.1163,0.1092,0.1138,-0.015,-0.1898,0.0054,0.0092,1.0486,-0.0443,1.5811,0.000225,-0.0,0.0
13.79,FLIGHT,0.9492,1.5565,0.1091,0.1136,0.1078,0.1112,-0.015,-0.1898,0.0055,0.0089,1.0488,-0.0444,1.5813,0.000225,-0.0,0.0
13.795,FLIGHT,0.9497,1.5571,0.1077,0.1109,0.1064,0.1086,-0.015,-0.1897,0.0056,0.0087,1.049,-0.0446,1.5816,0.000224,-0.0,0.0
13.8,FLIGHT,0.9503,1.5576,0.1063,0.1084,0.105,0.1061,-0.0149,-0.1897,0.0057,0.0085,1.0491,-0.0448,1.5818,0.000224,-0.0,0.0
13.805,FLIGHT,0.9508,1.5581,0.1049,0.1059,0.1036,0.1037,-0.0149,-0.1896,0.0057,0.0083,1.0492,-0.0449,1.582,0.000224,-0.0,0.0
13.81,FLIGHT,0.9513,1.5587,0.1035,0.1034,0.1022,0.1013,-0.0149,-0.1896,0.0058,0.0081,1.0493,-0.0451,1.5822,0.000224,-0.0,0.0
13.815,FLIGHT,0.9518,1.5592,0.1021,0.1011,0.1008,0.099,-0.0148,-0.1896,0.0058,0.0079,1.0494,-0.0452,1.5824,0.000224,-0.0,0.0
13.82,FLIGHT,0.9523,1.5596,0.1007,0.0988,0.0994,0.0967,-0.0148,-0.1895,0.0059,0.0077,1.0495,-0.0453,1.5826,0.000224,-0.0,0.0
13.825,FLIGHT,0.9528,1.5601,0.0993,0.0965,0.0981,0.0945,-0.0148,-0.1895,0.0059,0.0075,1.0495,-0.0455,1.5828,0.000224,-0.0,0.0
13.83,FLIGHT,0.9533,1.5606,0.0979,0.0943,0.0967,0.0924,-0.0148,-0.1895,0.0059,0.0073,1.0495,-0.0456,1.583,0.000223,-0.0,0.0
13.835,FLIGHT,0.9538,1.561,0.0966,0.0922,0.0953,0.0903,-0.0147,-0.1894,0.0059,0.0072,1.0495,-0.0458,1.5832,0.000223,-0.0,0.0
13.84,FLIGHT,0.9542,1.5615,0.0952,0.0901,0.094,0.0883,-0.0147,-0.1894,0.006,0.007,1.0495,-0.0459,1.5834,0.000223,-0.0,0.0
13.845,FLIGHT,0.9547,1.5619,0.0939,0.0881,0.0927,0.0863,-0.0147,-0.1893,0.006,0.0068,1.0494,-0.0461,1.5836,0.000223,-0.0,0.0
13.85,FLIGHT,0.9552,1.5624,0.0926,0.0862,0.0914,0.0844,-0.0146,-0.1893,0.006,0.0067,1.0493,-0.0462,1.5838,0.000223,-0.0,0.0
13.855,FLIGHT,0.9556,1.5628,0.0913,0.0843,0.0901,0.0826,-0.0146,-0.1893,0.006,0.0065,1.0492,-0.0463,1.584,0.000223,-0.0,0.0
13.86,FLIGHT,0.9561,1.5632,0.09,0.0824,0.0888,0.0807,-0.0146,-0.1893,0.006,0.0064,1.0491,-0.0465,1.5841,0.000223,-0.0,0.0
13.865,FLIGHT,0.9565,1.5636,0.0887,0.0806,0.0876,0.079,-0.0145,-0.1892,0.006,0.0062,1.0489,-0.0466,1.5843,0.000222,-0.0,0.0
13.87,FLIGHT,0.9569,1.564,0.0875,0.0788,0.0863,0.0772,-0.0145,-0.1892,0.006,0.0061,1.0488,-0.0467,1.5845,0.000222,-0.0,0.0
13.875,FLIGHT,0.9574,1.5644,0.0862,0.0771,0.0851,0.0755,-0.0145,-0.1892,0.006,0.0059,1.0486,-0.0468,1.5847,0.000222,-0.0,0.0
13.88,FLIGHT,0.9578,1.5647,0.085,0.0754,0.0839,0.0739,-0.0145,-0.1891,0.006,0.0058,1.0484,-0.047,1.5848,0.000222,-0.0,0.0
13.885,FLIGHT,0.9582,1.5651,0.0838,0.0737,0.0828,0.0723,-0.0144,-0.1891,0.006,0.0056,1.0481,-0.0471,1.585,0.000222,-0.0,0.0
13.89,FLIGHT,0.9586,1.5655,0.0826,0.0721,0.0816,0.0707,-0.0144,-0.1891,0.006,0.0055,1.0479,-0.0472,1.5852,0.000222,-0.0,0.0
13.895,FLIGHT,0.959,1.5658,0.0815,0.0706,0.0805,0.0692,-0.0144,-0.1891,0.006,0.0054,1.0476,-0.0473,1.5853,0.000222,-0.0,0.0
13.9,FLIGHT,0.9594,1.5661,0.0803,0.0691,0.0793,0.0677,-0.0143,-0.189,0.0059,0.0053,1.0473,-0.0475,1.5855,0.000221,-0.0,0.0
13.905,FLIGHT,0.9598,1.5665,0.0792,0.0676,0.0782,0.0663,-0.0143,-0.189,0.0059,0.0051,1.047,-0.0476,1.5856,0.000221,-0.0,0.0
13.91,FLIGHT,0.9602,1.5668,0.0781,0.0661,0.0771,0.0649,-0.0143,-0.189,0.0059,0.005,1.0466,-0.0477,1.5858,0.000221,-0.0,0.0
13.915,FLIGHT,0.9606,1.5671,0.077,0.0647,0.0761,0.0635,-0.0142,-0.1889,0.0059,0.0049,1.0463,-0.0478,1.5859,0.000221,-0.0,0.0
13.92,FLIGHT,0.961,1.5674,0.076,0.0634,0.075,0.0621,-0.0142,-0.1889,0.0059,0.0048,1.0459,-0.0479,1.5861,0.000221,-0.0,0.0
13.925,FLIGHT,0.9613,1.5677,0.0749,0.062,0.074,0.0608,-0.0142,-0.1889,0.0058,0.0047,1.0455,-0.048,1.5862,0.000221,-0.0,0.0
13.93,FLIGHT,0.9617,1.5681,0.0739,0.0607,0.073,0.0596,-0.0142,-0.1889,0.0058,0.0046,1.0451,-0.0481,1.5864,0.000221,-0.0,0.0
13.935,FLIGHT,0.9621,1.5683,0.0729,0.0594,0.0719,0.0583,-0.0141,-0.1889,0.0058,0.0045,1.0446,-0.0483,1.5865,0.000221,-0.0,0.0
13.94,FLIGHT,0.9624,1.5686,0.0718,0.0582,0.071,0.0571,-0.0141,-0.1888,0.0058,0.0044,1.0442,-0.0484,1.5867,0.000221,-0.0,0.0
13.945,FLIGHT,0.9628,1.5689,0.0709,0.057,0.07,0.0559,-0.0141,-0.1888,0.0057,0.0043,1.0437,-0.0485,1.5868,0.00022,-0.0,0.0
13.95,FLIGHT,0.9631,1.5692,0.0699,0.0558,0.069,0.0548,-0.014,-0.1888,0.0057,0.0042,1.0432,-0.0486,1.5869,0.00022,-0.0,0.0
13.955,FLIGHT,0.9635,1.5695,0.0689,0.0547,0.0681,0.0536,-0.014,-0.1888,0.0057,0.0041,1.0427,-0.0487,1.5871,0.00022,-0.0,0.0
13.96,FLIGHT,0.9638,1.5697,0.068,0.0535,0.0671,0.0525,-0.014,-0.1888,0.0057,0.004,1.0421,-0.0488,1.5872,0.00022,-0.0,0.0
13.965,FLIGHT,0.9641,1.57,0.067,0.0524,0.0662,0.0515,-0.014,-0.1887,0.0056,0.0039,1.0416,-0.0489,1.5873,0.00022,-0.0,0.0
13.97,FLIGHT,0.9645,1.5702,0.0661,0.0514,0.0653,0.0504,-0.0139,-0.1887,0.0056,0.0038,1.041,-0.049,1.5875,0.00022,-0.0,0.0
13.975,FLIGHT,0.9648,1.5705,0.0652,0.0503,0.0644,0.0494,-0.0139,-0.1887,0.0056,0.0038,1.0404,-0.0491,1.5876,0.00022,-0.0,0.0
13.98,FLIGHT,0.9651,1.5707,0.0643,0.0493,0.0635,0.0484,-0.0139,-0.1887,0.0055,0.0037,1.0398,-0.0492,1.5877,0.00022,-0.0,0.0
13.985,FLIGHT,0.9654,1.571,0.0634,0.0484,0.0627,0.0475,-0.0139,-0.1887,0.0055,0.0036,1.0392,-0.0493,1.5878,0.00022,-0.0,0.0
13.99,FLIGHT,0.9657,1.5712,0.0626,0.0474,0.0618,0.0465,-0.0138,-0.1886,0.0055,0.0035,1.0385,-0.0494,1.588,0.00022,-0.0,0.0
13.995,FLIGHT,0.966,1.5714,0.0617,0.0465,0.0609,0.0456,-0.0138,-0.1886,0.0054,0.0035,1.0379,-0.0495,1.5881,0.00022,-0.0,0.0
14.0,FLIGHT,0.9664,1.5717,0.0609,0.0455,0.0601,0.0447,-0.0138,-0.1886,0.0054,0.0034,1.0372,-0.0496,1.5882,0.00022,-0.0,0.0
14.005,FLIGHT,0.9666,1.5719,0.06,0.0447,0.0593,0.0439,-0.0137,-0.1886,0.0053,0.0033,1.0365,-0.0497,1.5883,0.00022,-0.0,0.0
14.01,FLIGHT,0.9669,1.5721,0.0592,0.0438,0.0585,0.043,-0.0137,-0.1886,0.0053,0.0032,1.0358,-0.0498,1.5884,0.00022,-0.0,0.0
14.015,FLIGHT,0.9672,1.5723,0.0584,0.0429,0.0576,0.0422,-0.0137,-0.1886,0.0052,0.0032,1.0351,-0.0499,1.5885,0.00022,-0.0,0.0
14.02,FLIGHT,0.9675,1.5725,0.0576,0.0421,0.0568,0.0414,-0.0137,-0.1885,0.0052,0.0031,1.0343,-0.05,1.5887,0.00022,-0.0,0.0
14.025,FLIGHT,0.9678,1.5727,0.0568,0.0413,0.0561,0.0406,-0.0136,-0.1885,0.0052,0.0031,1.0335,-0.0501,1.5888,0.00022,-0.0,0.0
14.03,FLIGHT,0.9681,1.5729,0.056,0.0405,0.0553,0.0398,-0.0136,-0.1885,0.0051,0.003,1.0328,-0.0502,1.5889,0.000219,-0.0,0.0
14.035,FLIGHT,0.9684,1.5731,0.0552,0.0398,0.0545,0.0391,-0.0136,-0.1885,0.0051,0.0029,1.032,-0.0503,1.589,0.000219,-0.0,0.0
14.04,FLIGHT,0.9686,1.5733,0.0544,0.039,0.0537,0.0384,-0.0136,-0.1885,0.005,0.0029,1.0311,-0.0503,1.5891,0.000219,-0.0,0.0
14.045,FLIGHT,0.9689,1.5735,0.0537,0.0383,0.053,0.0377,-0.0135,-0.1885,0.005,0.0028,1.0303,-0.0504,1.5892,0.000219,-0.0,0.0
14.05,FLIGHT,0.9692,1.5737,0.0529,0.0376,0.0522,0.037,-0.0135,-0.1885,0.0049,0.0028,1.0295,-0.0505,1.5893,0.000219,-0.0,0.0
14.055,FLIGHT,0.9694,1.5739,0.0522,0.0369,0.0515,0.0363,-0.0135,-0.1884,0.0049,0.0027,1.0286,-0.0506,1.5894,0.000219,-0.0,0.0
14.06,FLIGHT,0.9697,1.5741,0.0514,0.0362,0.0508,0.0357,-0.0135,-0.1884,0.0048,0.0027,1.0277,-0.0507,1.5895,0.000219,-0.0,0.0
14.065,FLIGHT,0.9699,1.5742,0.0507,0.0356,0.05,0.035,-0.0134,-0.1884,0.0048,0.0026,1.0268,-0.0508,1.5896,0.000219,-0.0,0.0
14.07,FLIGHT,0.9702,1.5744,0.05,0.035,0.0493,0.0344,-0.0134,-0.1884,0.0047,0.0026,1.0259,-0.0509,1.5897,0.000219,-0.0,0.0
14.075,FLIGHT,0.9704,1.5746,0.0492,0.0343,0.0486,0.0338,-0.0134,-0.1884,0.0047,0.0025,1.025,-0.051,1.5898,0.000219,-0.0,0.0
14.08,FLIGHT,0.9707,1.5748,0.0485,0.0337,0.0479,0.0332,-0.0134,-0.1884,0.0046,0.0025,1.024,-0.0511,1.5899,0.000219,-0.0,0.0
14.085,FLIGHT,0.9709,1.5749,0.0478,0.0331,0.0472,0.0326,-0.0133,-0.1884,0.0046,0.0024,1.0231,-0.0512,1.59,0.000219,-0.0,0.0
14.09,FLIGHT,0.9711,1.5751,0.0471,0.0326,0.0465,0.0321,-0.0133,-0.1884,0.0045,0.0024,1.0221,-0.0512,1.5901,0.000219,-0.0,0.0
14.095,FLIGHT,0.9714,1.5752,0.0464,0.032,0.0458,0.0315,-0.0133,-0.1883,0.0044,0.0023,1.0211,-0.0513,1.5902,0.000219,-0.0,0.0
14.1,FLIGHT,0.9716,1.5754,0.0457,0.0315,0.0451,0.031,-0.0133,-0.1883,0.0044,0.0023,1.0201,-0.0514,1.5903,0.000219,-0.0,0.0
14.105,FLIGHT,0.9718,1.5756,0.045,0.0309,0.0444,0.0305,-0.0133,-0.1883,0.0043,0.0023,1.0191,-0.0515,1.5904,0.000219,-0.0,0.0
14.11,FLIGHT,0.972,1.5757,0.0443,0.0304,0.0437,0.0299,-0.0132,-0.1883,0.0043,0.0022,1.0181,-0.0516,1.5905,0.000219,0.0,0.0
14.115,FLIGHT,0.9722,1.5759,0.0437,0.0299,0.0431,0.0295,-0.0132,-0.1883,0.0042,0.0022,1.017,-0.0517,1.5906,0.000219,0.0,0.0
14.12,FLIGHT,0.9725,1.576,0.043,0.0294,0.0424,0.029,-0.0132,-0.1883,0.0041,0.0022,1.016,-0.0518,1.5907,0.000219,0.0,0.0
14.125,FLIGHT,0.9727,1.5761,0.0423,0.0289,0.0417,0.0285,-0.0132,-0.1883,0.0041,0.0021,1.0149,-0.0519,1.5908,0.000219,0.0,0.0
14.13,FLIGHT,0.9729,1.5763,0.0417,0.0285,0.0411,0.028,-0.0132,-0.1883,0.004,0.0021,1.0138,-0.0519,1.5909,0.000219,0.0,0.0
14.135,FLIGHT,0.9731,1.5764,0.041,0.028,0.0404,0.0276,-0.0131,-0.1883,0.004,0.0021,1.0127,-0.052,1.591,0.000219,0.0,0.0
14.14,FLIGHT,0.9733,1.5766,0.0403,0.0276,0.0398,0.0272,-0.0131,-0.1882,0.0039,0.002,1.0116,-0.0521,1.591,0.000219,0.0,0.0
14.145,FLIGHT,0.9735,1.5767,0.0397,0.0271,0.0391,0.0267,-0.0131,-0.1882,0.0038,0.002,1.0105,-0.0522,1.5911,0.000219,0.0,0.0
14.15,FLIGHT,0.9737,1.5768,0.039,0.0267,0.0385,0.0263,-0.0131,-0.1882,0.0038,0.002,1.0093,-0.0523,1.5912,0.000219,0.0,0.0
14.155,FLIGHT,0.9739,1.577,0.0384,0.0263,0.0378,0.0259,-0.0131,-0.1882,0.0037,0.0019,1.0082,-0.0524,1.5913,0.000219,0.0,0.0
14.16,FLIGHT,0.9741,1.5771,0.0378,0.0259,0.0372,0.0255,-0.013,-0.1882,0.0036,0.0019,1.007,-0.0525,1.5914,0.000219,0.0,0.0
14.165,FLIGHT,0.9742,1.5772,0.0371,0.0255,0.0365,0.0251,-0.013,-0.1882,0.0036,0.0019,1.0058,-0.0525,1.5915,0.000219,0.0,0.0
14.17,FLIGHT,0.9744,1.5773,0.0365,0.0251,0.0359,0.0248,-0.013,-0.1882,0.0035,0.0018,1.0046,-0.0526,1.5916,0.000219,0.0,0.0
14.175,FLIGHT,0.9746,1.5775,0.0358,0.0247,0.0353,0.0244,-0.013,-0.1882,0.0034,0.0018,1.0034,-0.0527,1.5916,0.000219,0.0,0.0
14.18,FLIGHT,0.9748,1.5776,0.0352,0.0244,0.0347,0.024,-0.013,-0.1882,0.0034,0.0018,1.0022,-0.0528,1.5917,0.000219,0.0,0.0
14.185,FLIGHT,0.9749,1.5777,0.0346,0.024,0.034,0.0237,-0.013,-0.1882,0.0033,0.0018,1.001,-0.0529,1.5918,0.000219,0.0,0.0
14.19,STANCE,0.9751,1.5778,0.034,0.0237,0.0539,0.0794,-0.0129,-0.1882,0.0032,0.0017,0.9998,0.1666,-0.027,0.000219,-0.0262,0.0052
14.195,STANCE,0.98,1.5765,0.807,-0.2592,2.1488,-1.1801,-0.0119,-0.1883,0.1869,-0.0333,0.9987,-0.1921,-0.504,-0.001272,-0.4919,0.0997
14.2,STANCE,0.9901,1.57,1.4909,-0.8899,0.6319,-0.3714,-0.0091,-0.189,0.4032,-0.093,0.9979,-0.7299,-0.8285,-0.00341,-0.1829,0.04
14.205,STANCE,0.9902,1.5706,0.4574,-0.1735,-0.1817,0.2641,-0.0091,-0.189,0.1101,-0.0197,0.9979,-0.6065,-1.6824,-0.003716,0.0121,0.0037
14.21,STANCE,0.9905,1.5704,0.2248,-0.1295,0.3936,-0.4577,-0.009,-0.189,0.0601,-0.0136,0.9982,-0.8123,-2.1503,-0.003512,0.0596,0.0035
14.215,STANCE,0.994,1.5629,0.5858,-1.1901,0.9972,-1.9631,-0.0073,-0.1897,0.2746,-0.1088,0.9982,-1.2851,-1.9358,-0.002999,0.107,0.003
14.22,STANCE,1.0007,1.5502,1.1365,-2.2366,1.5113,-3.2377,-0.0043,-0.1908,0.5278,-0.1953,0.9982,-1.8246,-1.4664,-0.002793,0.0196,0.0028
14.225,STANCE,1.0082,1.5362,1.3714,-2.6558,1.2634,-3.8079,-0.0009,-0.192,0.6373,-0.2194,0.9983,-2.1373,-1.0469,-0.0029,0.0006,0.0029
14.23,STANCE,1.0141,1.5185,1.2051,-3.2568,0.8537,-3.3769,0.0027,-0.1934,0.6979,-0.2533,0.9982,-2.1382,-0.3929,-0.003195,-0.0578,0.0148
14.235,STANCE,1.0158,1.5028,0.5582,-3.1494,-0.1016,-2.7127,0.0053,-0.1946,0.5624,-0.2373,0.9983,-1.7191,0.0194,-0.003288,0.0028,0.0033
14.24,STANCE,1.0134,1.4897,-0.1792,-2.7748,-0.7821,-2.6291,0.0067,-0.1957,0.3669,-0.2086,0.9986,-1.0711,0.3222,-0.003086,0.0739,0.0031
14.245,STANCE,1.0094,1.4772,-0.5954,-2.6075,-0.7797,-2.5613,0.0078,-0.1966,0.2623,-0.1963,0.9989,-0.4592,0.6904,-0.002777,0.0593,0.0028
14.25,STANCE,1.0058,1.4637,-0.6616,-2.6611,-0.6159,-2.7467,0.009,-0.1976,0.2584,-0.1977,0.9992,0.002,1.0848,-0.00248,0.0547,0.0025
14.255,STANCE,1.0033,1.45,-0.538,-2.7003,-0.3324,-2.5523,0.0105,-0.1986,0.2901,-0.1958,0.9996,0.2627,1.3441,-0.002213,0.0349,0.0022
14.26,STANCE,1.0028,1.439,-0.2124,-2.3323,0.1326,-1.9159,0.0121,-0.1994,0.3023,-0.1632,1.0003,0.1958,1.2625,-0.002201,-0.0254,0.0073
14.265,STANCE,1.0043,1.4299,0.1404,-1.9825,0.4007,-1.8103,0.0137,-0.2,0.3224,-0.1315,1.0012,0.0511,1.1453,-0.002356,-0.0265,0.0077
14.27,FLIGHT,1.0062,1.4211,0.2894,-1.8056,-0.0641,-0.8199,0.0154,-0.2006,0.3274,-0.1142,1.0021,-1.279,2.5387,-0.002396,0.0199,0.0024
14.275,FLIGHT,1.0004,1.4276,-0.8038,0.52,-2.0519,2.9213,0.0133,-0.2002,-0.2381,0.0245,1.0041,-0.7855,2.1187,-0.002065,0.1107,0.0021
14.28,FLIGHT,0.9884,1.4445,-1.9121,2.4635,-2.5268,3.3708,0.0084,-0.1992,-0.7413,0.1609,1.0065,-0.178,1.6197,-0.001373,0.1556,0.0014
14.285,FLIGHT,0.9769,1.4585,-2.1386,2.6216,-1.9899,2.161,0.004,-0.1982,-0.8026,0.1893,1.0085,0.0423,1.4499,-0.000603,0.1462,0.0006
14.29,FLIGHT,0.9686,1.4664,-1.7768,1.859,-1.3613,1.1139,0.0013,-0.1976,-0.6174,0.1425,1.0102,-0.019,1.514,5.9e-05,0.1175,0.0
14.295,FLIGHT,0.9627,1.4709,-1.3496,1.1915,-1.0337,0.7813,-0.0005,-0.1973,-0.4359,0.0952,1.0117,-0.1242,1.609,0.000516,0.0685,0.0
14.3,FLIGHT,0.9578,1.4749,-1.0932,0.9351,-0.9416,0.8544,-0.0021,-0.1969,-0.3478,0.0776,1.0132,-0.1596,1.6414,0.000771,0.0355,0.0
14.305,FLIGHT,0.9532,1.4795,-0.9754,0.9221,-0.8995,0.9444,-0.0036,-0.1965,-0.3217,0.079,1.0147,-0.1365,1.6239,0.00089,0.0138,0.0
14.31,FLIGHT,0.9489,1.4842,-0.8936,0.9301,-0.8156,0.9111,-0.0051,-0.1961,-0.3057,0.0819,1.0162,-0.102,1.5978,0.000922,0.0,0.0
14.315,FLIGHT,0.9451,1.4885,-0.7946,0.8755,-0.6963,0.802,-0.0065,-0.1958,-0.2777,0.0789,1.0176,-0.082,1.5843,0.000899,-0.0083,0.0017
14.32,FLIGHT,0.942,1.4922,-0.6804,0.7822,-0.5775,0.6958,-0.0076,-0.1954,-0.2417,0.0718,1.019,-0.0758,1.5824,0.000845,-0.0128,0.0026
14.325,FLIGHT,0.9393,1.4955,-0.5707,0.6938,-0.4788,0.6244,-0.0086,-0.1951,-0.2074,0.0646,1.0204,-0.0741,1.5836,0.000775,-0.0148,0.003
14.33,FLIGHT,0.9371,1.4985,-0.4764,0.6284,-0.3993,0.5797,-0.0094,-0.1948,-0.1795,0.059,1.0217,-0.071,1.5833,0.0007,-0.0152,0.003
14.335,FLIGHT,0.9353,1.5013,-0.397,0.5813,-0.3312,0.5442,-0.0102,-0.1946,-0.1572,0.0548,1.023,-0.066,1.581,0.000625,-0.0145,0.0029
14.34,FLIGHT,0.9338,1.5039,-0.3278,0.5425,-0.2693,0.5093,-0.0108,-0.1943,-0.1382,0.0513,1.0242,-0.0608,1.5785,0.000556,-0.0132,0.0026
14.345,FLIGHT,0.9326,1.5064,-0.2655,0.5064,-0.2125,0.4751,-0.0114,-0.1941,-0.1209,0.0478,1.0254,-0.0566,1.5765,0.000494,-0.0116,0.0023
14.35,FLIGHT,0.9317,1.5087,-0.2092,0.4728,-0.1614,0.4441,-0.0119,-0.1939,-0.1052,0.0445,1.0266,-0.0534,1.5754,0.00044,-0.01,0.002
14.355,FLIGHT,0.931,1.5108,-0.1589,0.4426,-0.1166,0.4174,-0.0123,-0.1937,-0.0911,0.0415,1.0277,-0.051,1.5746,0.000394,-0.0083,0.0017
14.36,FLIGHT,0.9305,1.5129,-0.1146,0.4163,-0.0776,0.3945,-0.0127,-0.1935,-0.0789,0.0388,1.0288,-0.0489,1.574,0.000356,-0.0069,0.0014
14.365,FLIGHT,0.9302,1.5148,-0.0759,0.3935,-0.0435,0.3744,-0.013,-0.1933,-0.0682,0.0364,1.0299,-0.047,1.5734,0.000325,-0.0056,0.0011
14.37,FLIGHT,0.9301,1.5166,-0.0421,0.3733,-0.0138,0.3563,-0.0133,-0.1932,-0.0588,0.0342,1.031,-0.0454,1.573,0.0003,-0.0044,0.0009
14.375,FLIGHT,0.9301,1.5184,-0.0125,0.3553,0.0121,0.3399,-0.0135,-0.193,-0.0506,0.0323,1.032,-0.0441,1.5727,0.00028,-0.0035,0.0007
14.38,FLIGHT,0.9302,1.52,0.0132,0.3389,0.0346,0.325,-0.0137,-0.1929,-0.0434,0.0306,1.033,-0.043,1.5725,0.000265,-0.0027,0.0005
14.385,FLIGHT,0.9304,1.5216,0.0354,0.3241,0.054,0.3116,-0.0139,-0.1927,-0.037,0.029,1.0339,-0.0421,1.5724,0.000253,-0.0021,0.0004
14.39,FLIGHT,0.9307,1.5231,0.0546,0.3107,0.0706,0.2993,-0.014,-0.1926,-0.0315,0.0275,1.0349,-0.0413,1.5723,0.000244,-0.0015,0.0003
14.395,FLIGHT,0.9311,1.5246,0.0711,0.2985,0.0847,0.2881,-0.0141,-0.1924,-0.0267,0.0262,1.0358,-0.0407,1.5724,0.000237,-0.0011,0.0002
14.4,FLIGHT,0.9316,1.526,0.0852,0.2873,0.0967,0.2777,-0.0143,-0.1923,-0.0224,0.025,1.0366,-0.0403,1.5724,0.000233,-0.0008,0.0002
14.405,FLIGHT,0.9321,1.5274,0.0971,0.277,0.1069,0.2681,-0.0143,-0.1922,-0.0187,0.0239,1.0375,-0.0399,1.5726,0.000229,-0.0006,0.0001
14.41,FLIGHT,0.9326,1.5287,0.1071,0.2675,0.1154,0.2592,-0.0144,-0.1921,-0.0155,0.0229,1.0383,-0.0396,1.5727,0.000227,-0.0004,0.0001
14.415,FLIGHT,0.9332,1.53,0.1155,0.2586,0.1224,0.2509,-0.0145,-0.192,-0.0127,0.022,1.0391,-0.0394,1.5729,0.000225,-0.0002,0.0
14.42,FLIGHT,0.9339,1.5312,0.1225,0.2503,0.1282,0.2431,-0.0145,-0.1919,-0.0102,0.0212,1.0398,-0.0393,1.5732,0.000225,-0.0001,0.0
14.425,FLIGHT,0.9345,1.5324,0.1282,0.2426,0.1328,0.2358,-0.0145,-0.1918,-0.0081,0.0204,1.0406,-0.0392,1.5734,0.000224,-0.0,0.0
14.43,FLIGHT,0.9352,1.5336,0.1328,0.2353,0.1365,0.2289,-0.0146,-0.1917,-0.0062,0.0197,1.0413,-0.0392,1.5737,0.000224,0.0,0.0
14.435,FLIGHT,0.9359,1.5347,0.1365,0.2284,0.1394,0.2224,-0.0146,-0.1916,-0.0046,0.019,1.042,-0.0392,1.5739,0.000224,0.0,0.0
14.44,FLIGHT,0.9366,1.5358,0.1393,0.2218,0.1415,0.2161,-0.0146,-0.1915,-0.0032,0.0184,1.0426,-0.0392,1.5742,0.000225,0.0001,0.0
14.445,FLIGHT,0.9373,1.5369,0.1414,0.2156,0.143,0.2102,-0.0146,-0.1914,-0.002,0.0178,1.0432,-0.0393,1.5745,0.000225,0.0001,0.0
14.45,FLIGHT,0.938,1.5379,0.1429,0.2097,0.144,0.2046,-0.0146,-0.1913,-0.0009,0.0172,1.0438,-0.0394,1.5748,0.000225,0.0001,0.0
14.455,FLIGHT,0.9387,1.5389,0.1438,0.2041,0.1445,0.1992,-0.0146,-0.1912,0.0001,0.0167,1.0444,-0.0395,1.5751,0.000226,0.0001,0.0
14.46,FLIGHT,0.9394,1.5399,0.1443,0.1987,0.1446,0.194,-0.0146,-0.1912,0.0009,0.0162,1.0449,-0.0396,1.5754,0.000226,0.0001,0.0
14.465,FLIGHT,0.9402,1.5408,0.1444,0.1935,0.1444,0.189,-0.0146,-0.1911,0.0016,0.0157,1.0454,-0.0398,1.5758,0.000227,0.0001,0.0
14.47,FLIGHT,0.9409,1.5418,0.1442,0.1886,0.1438,0.1842,-0.0146,-0.191,0.0022,0.0153,1.0459,-0.0399,1.5761,0.000227,0.0001,0.0
14.475,FLIGHT,0.9416,1.5427,0.1437,0.1838,0.1431,0.1796,-0.0146,-0.1909,0.0027,0.0148,1.0464,-0.0401,1.5764,0.000227,0.0001,0.0
14.48,FLIGHT,0.9423,1.5436,0.1429,0.1792,0.1421,0.1751,-0.0146,-0.1909,0.0032,0.0144,1.0468,-0.0403,1.5767,0.000227,0.0,0.0
14.485,FLIGHT,0.943,1.5444,0.1419,0.1747,0.1409,0.1708,-0.0145,-0.1908,0.0036,0.0141,1.0472,-0.0405,1.577,0.000228,0.0,0.0
14.49,FLIGHT,0.9437,1.5453,0.1407,0.1704,0.1396,0.1667,-0.0145,-0.1907,0.0039,0.0137,1.0476,-0.0407,1.5773,0.000228,0.0,0.0
14.495,FLIGHT,0.9444,1.5461,0.1394,0.1663,0.1382,0.1626,-0.0145,-0.1907,0.0042,0.0133,1.048,-0.0409,1.5776,0.000228,0.0,0.0
14.5,FLIGHT,0.9451,1.5469,0.138,0.1623,0.1367,0.1587,-0.0145,-0.1906,0.0045,0.013,1.0483,-0.041,1.5779,0.000228,0.0,0.0
14.505,FLIGHT,0.9458,1.5477,0.1365,0.1584,0.1351,0.1549,-0.0144,-0.1905,0.0047,0.0126,1.0486,-0.0412,1.5782,0.000228,-0.0,0.0
14.51,FLIGHT,0.9465,1.5485,0.1349,0.1546,0.1335,0.1513,-0.0144,-0.1905,0.0049,0.0123,1.0489,-0.0414,1.5785,0.000228,-0.0,0.0
14.515,FLIGHT,0.9471,1.5492,0.1333,0.1509,0.1318,0.1477,-0.0144,-0.1904,0.0051,0.012,1.0491,-0.0416,1.5788,0.000228,-0.0,0.0
14.52,FLIGHT,0.9478,1.5499,0.1316,0.1474,0.13,0.1442,-0.0144,-0.1904,0.0052,0.0117,1.0494,-0.0418,1.5791,0.000228,-0.0,0.0
14.525,FLIGHT,0.9484,1.5506,0.1298,0.1439,0.1282,0.1408,-0.0143,-0.1903,0.0054,0.0114,1.0496,-0.042,1.5794,0.000227,-0.0,0.0
14.53,FLIGHT,0.9491,1.5513,0.1281,0.1405,0.1265,0.1376,-0.0143,-0.1902,0.0055,0.0111,1.0498,-0.0422,1.5796,0.000227,-0.0,0.0
14.535,FLIGHT,0.9497,1.552,0.1263,0.1373,0.1247,0.1344,-0.0143,-0.1902,0.0056,0.0109,1.0499,-0.0424,1.5799,0.000227,-0.0,0.0
14.54,FLIGHT,0.9503,1.5527,0.1245,0.1341,0.1229,0.1313,-0.0143,-0.1901,0.0057,0.0106,1.05,-0.0426,1.5802,0.000227,-0.0,0.0
14.545,FLIGHT,0.9509,1.5533,0.1227,0.131,0.1211,0.1282,-0.0142,-0.1901,0.0057,0.0104,1.0502,-0.0428,1.5804,0.000227,-0.0,0.0
14.55,FLIGHT,0.9515,1.554,0.1209,0.128,0.1193,0.1253,-0.0142,-0.19,0.0058,0.0101,1.0502,-0.043,1.5807,0.000227,-0.0,0.0
14.555,FLIGHT,0.9521,1.5546,0.1191,0.125,0.1175,0.1224,-0.0142,-0.19,0.0058,0.0099,1.0503,-0.0432,1.5809,0.000226,-0.0,0.0
14.56,FLIGHT,0.9527,1.5552,0.1173,0.1222,0.1157,0.1196,-0.0141,-0.1899,0.0059,0.0096,1.0503,-0.0434,1.5812,0.000226,-0.0,0.0
14.565,FLIGHT,0.9533,1.5558,0.1155,0.1194,0.1139,0.1169,-0.0141,-0.1899,0.0059,0.0094,1.0504,-0.0435,1.5814,0.000226,-0.0,0.0
14.57,FLIGHT,0.9538,1.5564,0.1138,0.1167,0.1122,0.1143,-0.0141,-0.1899,0.0059,0.0092,1.0503,-0.0437,1.5817,0.000226,-0.0,0.0
14.575,FLIGHT,0.9544,1.5569,0.112,0.114,0.1105,0.1117,-0.0141,-0.1898,0.0059,0.009,1.0503,-0.0439,1.5819,0.000226,-0.0,0.0
14.58,FLIGHT,0.9549,1.5575,0.1103,0.1114,0.1088,0.1092,-0.014,-0.1898,0.006,0.0087,1.0503,-0.0441,1.5821,0.000225,-0.0,0.0
14.585,FLIGHT,0.9555,1.558,0.1086,0.1089,0.1071,0.1067,-0.014,-0.1897,0.006,0.0085,1.0502,-0.0442,1.5824,0.000225,-0.0,0.0
14.59,FLIGHT,0.956,1.5585,0.1069,0.1065,0.1054,0.1043,-0.014,-0.1897,0.006,0.0083,1.0501,-0.0444,1.5826,0.000225,-0.0,0.0
14.595,FLIGHT,0.9565,1.5591,0.1053,0.1041,0.1038,0.102,-0.0139,-0.1896,0.006,0.0081,1.05,-0.0446,1.5828,0.000225,-0.0,0.0
14.6,FLIGHT,0.957,1.5596,0.1036,0.1018,0.1022,0.0997,-0.0139,-0.1896,0.006,0.008,1.0498,-0.0447,1.583,0.000224,-0.0,0.0
14.605,FLIGHT,0.9576,1.5601,0.102,0.0995,0.1006,0.0975,-0.0139,-0.1896,0.006,0.0078,1.0496,-0.0449,1.5832,0.000224,-0.0,0.0
14.61,FLIGHT,0.9581,1.5605,0.1005,0.0973,0.0991,0.0953,-0.0138,-0.1895,0.006,0.0076,1.0495,-0.0451,1.5834,0.000224,-0.0,0.0
14.615,FLIGHT,0.9585,1.561,0.0989,0.0951,0.0975,0.0932,-0.0138,-0.1895,0.006,0.0074,1.0492,-0.0452,1.5837,0.000224,-0.0,0.0
14.62,FLIGHT,0.959,1.5615,0.0974,0.093,0.096,0.0911,-0.0138,-0.1895,0.006,0.0072,1.049,-0.0454,1.5839,0.000224,-0.0,0.0
14.625,FLIGHT,0.9595,1.5619,0.0959,0.0909,0.0945,0.0891,-0.0138,-0.1894,0.0059,0.0071,1.0488,-0.0455,1.5841,0.000223,-0.0,0.0
14.63,FLIGHT,0.96,1.5624,0.0944,0.0889,0.0931,0.0872,-0.0137,-0.1894,0.0059,0.0069,1.0485,-0.0457,1.5842,0.000223,-0.0,0.0
14.635,FLIGHT,0.9604,1.5628,0.0929,0.087,0.0916,0.0853,-0.0137,-0.1893,0.0059,0.0068,1.0482,-0.0458,1.5844,0.000223,-0.0,0.0
14.64,FLIGHT,0.9609,1.5632,0.0915,0.0851,0.0902,0.0834,-0.0137,-0.1893,0.0059,0.0066,1.0479,-0.046,1.5846,0.000223,-0.0,0.0
14.645,FLIGHT,0.9613,1.5636,0.0901,0.0832,0.0888,0.0816,-0.0136,-0.1893,0.0059,0.0065,1.0475,-0.0461,1.5848,0.000223,-0.0,0.0
14.65,FLIGHT,0.9618,1.564,0.0887,0.0814,0.0875,0.0798,-0.0136,-0.1893,0.0059,0.0063,1.0472,-0.0463,1.585,0.000222,-0.0,0.0
14.655,FLIGHT,0.9622,1.5644,0.0873,0.0796,0.0861,0.0781,-0.0136,-0.1892,0.0058,0.0062,1.0468,-0.0464,1.5852,0.000222,-0.0,0.0
14.66,FLIGHT,0.9626,1.5648,0.086,0.0779,0.0848,0.0764,-0.0136,-0.1892,0.0058,0.006,1.0464,-0.0465,1.5853,0.000222,-0.0,0.0
14.665,FLIGHT,0.9631,1.5652,0.0847,0.0762,0.0835,0.0747,-0.0135,-0.1892,0.0058,0.0059,1.046,-0.0467,1.5855,0.000222,-0.0,0.0
14.67,FLIGHT,0.9635,1.5656,0.0834,0.0746,0.0822,0.0731,-0.0135,-0.1891,0.0057,0.0058,1.0456,-0.0468,1.5857,0.000222,-0.0,0.0
14.675,FLIGHT,0.9639,1.5659,0.0821,0.073,0.081,0.0716,-0.0135,-0.1891,0.0057,0.0056,1.0451,-0.0469,1.5859,0.000222,-0.0,0.0
14.68,FLIGHT,0.9643,1.5663,0.0809,0.0714,0.0797,0.07,-0.0134,-0.1891,0.0057,0.0055,1.0446,-0.0471,1.586,0.000222,-0.0,0.0
14.685,FLIGHT,0.9647,1.5666,0.0796,0.0699,0.0785,0.0686,-0.0134,-0.1891,0.0057,0.0054,1.0441,-0.0472,1.5862,0.000221,-0.0,0.0
14.69,FLIGHT,0.9651,1.567,0.0784,0.0684,0.0773,0.0671,-0.0134,-0.189,0.0056,0.0053,1.0436,-0.0473,1.5863,0.000221,-0.0,0.0
14.695,FLIGHT,0.9655,1.5673,0.0772,0.067,0.0762,0.0657,-0.0134,-0.189,0.0056,0.0052,1.0431,-0.0475,1.5865,0.000221,-0.0,0.0
14.7,FLIGHT,0.9658,1.5676,0.076,0.0656,0.075,0.0643,-0.0133,-0.189,0.0056,0.005,1.0425,-0.0476,1.5867,0.000221,-0.0,0.0
14.705,FLIGHT,0.9662,1.5679,0.0749,0.0642,0.0739,0.063,-0.0133,-0.189,0.0055,0.0049,1.042,-0.0477,1.5868,0.000221,-0.0,0.0
14.71,FLIGHT,0.9666,1.5682,0.0738,0.0628,0.0727,0.0616,-0.0133,-0.1889,0.0055,0.0048,1.0414,-0.0478,1.587,0.000221,-0.0,0.0
14.715,FLIGHT,0.9669,1.5686,0.0726,0.0615,0.0716,0.0604,-0.0132,-0.1889,0.0055,0.0047,1.0408,-0.0479,1.5871,0.000221,-0.0,0.0
14.72,FLIGHT,0.9673,1.5689,0.0715,0.0603,0.0706,0.0591,-0.0132,-0.1889,0.0054,0.0046,1.0402,-0.0481,1.5873,0.000221,-0.0,0.0
14.725,FLIGHT,0.9676,1.5691,0.0704,0.059,0.0695,0.0579,-0.0132,-0.1889,0.0054,0.0045,1.0395,-0.0482,1.5874,0.00022,-0.0,0.0
14.73,FLIGHT,0.968,1.5694,0.0694,0.0578,0.0684,0.0567,-0.0132,-0.1888,0.0053,0.0044,1.0388,-0.0483,1.5875,0.00022,-0.0,0.0
14.735,FLIGHT,0.9683,1.5697,0.0683,0.0566,0.0674,0.0556,-0.0131,-0.1888,0.0053,0.0043,1.0382,-0.0484,1.5877,0.00022,-0.0,0.0
14.74,FLIGHT,0.9687,1.57,0.0673,0.0555,0.0664,0.0544,-0.0131,-0.1888,0.0052,0.0042,1.0375,-0.0485,1.5878,0.00022,-0.0,0.0
14.745,FLIGHT,0.969,1.5703,0.0663,0.0543,0.0654,0.0533,-0.0131,-0.1888,0.0052,0.0041,1.0368,-0.0486,1.5879,0.00022,-0.0,0.0
14.75,FLIGHT,0.9693,1.5705,0.0653,0.0532,0.0644,0.0523,-0.0131,-0.1888,0.0052,0.0041,1.036,-0.0488,1.5881,0.00022,-0.0,0.0
14.755,FLIGHT,0.9696,1.5708,0.0643,0.0522,0.0634,0.0512,-0.013,-0.1887,0.0051,0.004,1.0353,-0.0489,1.5882,0.00022,-0.0,0.0
14.76,FLIGHT,0.9699,1.571,0.0633,0.0511,0.0624,0.0502,-0.013,-0.1887,0.0051,0.0039,1.0345,-0.049,1.5883,0.00022,-0.0,0.0
14.765,FLIGHT,0.9703,1.5713,0.0623,0.0501,0.0614,0.0492,-0.013,-0.1887,0.005,0.0038,1.0337,-0.0491,1.5885,0.00022,-0.0,0.0
14.77,FLIGHT,0.9706,1.5715,0.0614,0.0491,0.0605,0.0482,-0.013,-0.1887,0.005,0.0037,1.0329,-0.0492,1.5886,0.00022,-0.0,0.0
14.775,FLIGHT,0.9709,1.5718,0.0604,0.0481,0.0596,0.0473,-0.0129,-0.1887,0.0049,0.0037,1.0321,-0.0493,1.5887,0.00022,-0.0,0.0
14.78,FLIGHT,0.9712,1.572,0.0595,0.0472,0.0587,0.0463,-0.0129,-0.1886,0.0049,0.0036,1.0313,-0.0494,1.5888,0.00022,-0.0,0.0
14.785,FLIGHT,0.9714,1.5722,0.0586,0.0463,0.0577,0.0454,-0.0129,-0.1886,0.0048,0.0035,1.0304,-0.0495,1.589,0.00022,-0.0,0.0
14.79,FLIGHT,0.9717,1.5724,0.0577,0.0454,0.0569,0.0446,-0.0129,-0.1886,0.0048,0.0034,1.0296,-0.0496,1.5891,0.00022,-0.0,0.0
14.795,FLIGHT,0.972,1.5727,0.0568,0.0445,0.056,0.0437,-0.0128,-0.1886,0.0047,0.0034,1.0287,-0.0497,1.5892,0.000219,-0.0,0.0
14.8,FLIGHT,0.9723,1.5729,0.0559,0.0436,0.0551,0.0429,-0.0128,-0.1886,0.0047,0.0033,1.0278,-0.0498,1.5893,0.000219,-0.0,0.0
14.805,FLIGHT,0.9726,1.5731,0.055,0.0428,0.0542,0.0421,-0.0128,-0.1886,0.0046,0.0032,1.0269,-0.0499,1.5894,0.000219,-0.0,0.0
14.81,FLIGHT,0.9728,1.5733,0.0541,0.042,0.0534,0.0413,-0.0128,-0.1885,0.0046,0.0032,1.026,-0.05,1.5896,0.000219,-0.0,0.0
14.815,FLIGHT,0.9731,1.5735,0.0533,0.0412,0.0525,0.0405,-0.0127,-0.1885,0.0045,0.0031,1.025,-0.0501,1.5897,0.000219,-0.0,0.0
14.82,FLIGHT,0.9734,1.5737,0.0524,0.0404,0.0517,0.0397,-0.0127,-0.1885,0.0044,0.0031,1.0241,-0.0502,1.5898,0.000219,-0.0,0.0
14.825,FLIGHT,0.9736,1.5739,0.0516,0.0397,0.0509,0.039,-0.0127,-0.1885,0.0044,0.003,1.0231,-0.0503,1.5899,0.000219,-0.0,0.0
14.83,FLIGHT,0.9739,1.5741,0.0508,0.0389,0.05,0.0383,-0.0127,-0.1885,0.0043,0.0029,1.0221,-0.0504,1.59,0.000219,-0.0,0.0
14.835,FLIGHT,0.9741,1.5743,0.05,0.0382,0.0492,0.0376,-0.0127,-0.1885,0.0043,0.0029,1.0211,-0.0505,1.5901,0.000219,-0.0,0.0
14.84,FLIGHT,0.9744,1.5745,0.0491,0.0375,0.0484,0.0369,-0.0126,-0.1885,0.0042,0.0028,1.0201,-0.0506,1.5902,0.000219,-0.0,0.0
14.845,FLIGHT,0.9746,1.5747,0.0483,0.0368,0.0476,0.0362,-0.0126,-0.1884,0.0042,0.0028,1.019,-0.0507,1.5903,0.000219,-0.0,0.0
14.85,FLIGHT,0.9748,1.5748,0.0475,0.0362,0.0468,0.0356,-0.0126,-0.1884,0.0041,0.0027,1.018,-0.0508,1.5904,0.000219,-0.0,0.0
14.855,FLIGHT,0.9751,1.575,0.0468,0.0355,0.0461,0.035,-0.0126,-0.1884,0.004,0.0027,1.0169,-0.0509,1.5905,0.000219,-0.0,0.0
14.86,FLIGHT,0.9753,1.5752,0.046,0.0349,0.0453,0.0343,-0.0126,-0.1884,0.004,0.0026,1.0159,-0.051,1.5906,0.000219,-0.0,0.0
14.865,FLIGHT,0.9755,1.5754,0.0452,0.0343,0.0445,0.0337,-0.0125,-0.1884,0.0039,0.0026,1.0148,-0.0511,1.5907,0.000219,-0.0,0.0
14.87,FLIGHT,0.9757,1.5755,0.0444,0.0337,0.0438,0.0332,-0.0125,-0.1884,0.0038,0.0025,1.0137,-0.0512,1.5908,0.000219,-0.0,0.0
14.875,FLIGHT,0.976,1.5757,0.0437,0.0331,0.043,0.0326,-0.0125,-0.1884,0.0038,0.0025,1.0125,-0.0513,1.5909,0.000219,-0.0,0.0
14.88,FLIGHT,0.9762,1.5759,0.0429,0.0325,0.0423,0.032,-0.0125,-0.1884,0.0037,0.0025,1.0114,-0.0514,1.591,0.000219,-0.0,0.0
14.885,FLIGHT,0.9764,1.576,0.0422,0.032,0.0415,0.0315,-0.0125,-0.1883,0.0036,0.0024,1.0103,-0.0515,1.5911,0.000219,-0.0,0.0
14.89,FLIGHT,0.9766,1.5762,0.0414,0.0314,0.0408,0.0309,-0.0124,-0.1883,0.0036,0.0024,1.0091,-0.0516,1.5912,0.000219,-0.0,0.0
14.895,FLIGHT,0.9768,1.5763,0.0407,0.0309,0.0401,0.0304,-0.0124,-0.1883,0.0035,0.0023,1.0079,-0.0517,1.5913,0.000219,-0.0,0.0
14.9,FLIGHT,0.977,1.5765,0.04,0.0304,0.0393,0.0299,-0.0124,-0.1883,0.0034,0.0023,1.0068,-0.0518,1.5914,0.000219,-0.0,0.0
14.905,FLIGHT,0.9772,1.5766,0.0393,0.0299,0.0386,0.0294,-0.0124,-0.1883,0.0034,0.0023,1.0056,-0.0519,1.5915,0.000219,-0.0,0.0
14.91,FLIGHT,0.9774,1.5768,0.0385,0.0294,0.0379,0.0289,-0.0124,-0.1883,0.0033,0.0022,1.0044,-0.052,1.5916,0.000219,-0.0,0.0
14.915,FLIGHT,0.9776,1.5769,0.0378,0.0289,0.0372,0.0285,-0.0124,-0.1883,0.0032,0.0022,1.0031,-0.0521,1.5917,0.000219,0.0,0.0
14.92,FLIGHT,0.9777,1.5771,0.0371,0.0284,0.0365,0.028,-0.0123,-0.1883,0.0032,0.0022,1.0019,-0.0522,1.5918,0.000219,0.0,0.0
14.925,FLIGHT,0.9779,1.5772,0.0364,0.028,0.0358,0.0276,-0.0123,-0.1883,0.0031,0.0021,1.0007,-0.0522,1.5918,0.000219,0.0,0.0
14.93,STANCE,0.9782,1.5775,0.0516,0.0695,0.1667,0.3705,-0.0123,-0.1882,0.0003,0.0058,0.9995,0.1617,-0.1557,0.000128,-0.1489,0.0298
14.935,STANCE,0.9854,1.5749,1.1263,-0.4526,2.5587,-1.5331,-0.0106,-0.1885,0.2737,-0.053,0.9983,-0.3736,-0.5397,-0.001769,-0.5297,0.1077
14.94,STANCE,0.9935,1.5698,1.2751,-0.7001,0.2299,0.0071,-0.0084,-0.1891,0.3368,-0.0729,0.9978,-0.7198,-1.0127,-0.003519,-0.1118,0.0259
14.945,STANCE,0.9929,1.5711,0.3251,-0.0405,-0.1225,0.2098,-0.0087,-0.189,0.067,-0.0064,0.998,-0.6336,-1.8288,-0.003644,0.0293,0.0036
14.95,STANCE,0.9939,1.5701,0.2812,-0.2069,0.5751,-0.6951,-0.0084,-0.1891,0.0814,-0.0207,0.9983,-0.9232,-2.1712,-0.003387,0.0661,0.0034
14.955,STANCE,0.9982,1.5609,0.6982,-1.3695,1.1252,-1.9135,-0.0063,-0.1899,0.3214,-0.1235,0.9983,-1.426,-1.8575,-0.002823,0.089,0.0028
14.96,STANCE,1.0054,1.5469,1.2177,-2.4381,1.4882,-2.8426,-0.003,-0.1911,0.5733,-0.2085,0.9983,-1.949,-1.3232,-0.002747,-0.006,0.004
14.965,STANCE,1.0124,1.5309,1.3179,-3.0596,1.2715,-3.6233,0.0006,-0.1925,0.6868,-0.2463,0.9982,-2.1867,-0.7757,-0.003009,-0.1027,0.0235
14.97,STANCE,1.0169,1.5134,0.9862,-3.3399,0.2451,-3.7797,0.004,-0.1938,0.6699,-0.2554,0.9981,-2.0681,-0.2422,-0.00344,0.014,0.0034
14.975,STANCE,1.0167,1.4986,0.2386,-3.0593,-0.4058,-2.5409,0.0061,-0.195,0.4884,-0.2297,0.9982,-1.5502,0.0909,-0.003526,-0.0262,0.0088
14.98,STANCE,1.0132,1.4857,-0.4224,-2.7157,-0.7511,-2.2285,0.0073,-0.196,0.3114,-0.2046,0.9984,-0.8979,0.3991,-0.003533,-0.0365,0.0108
14.985,STANCE,1.0086,1.4724,-0.7357,-2.6566,-0.8547,-2.7013,0.0083,-0.197,0.2424,-0.1998,0.9985,-0.3166,0.8014,-0.003495,0.0009,0.0035
14.99,STANCE,1.0045,1.4579,-0.7822,-2.82,-0.6735,-2.7807,0.0096,-0.1981,0.2584,-0.2089,0.9987,0.1265,1.2194,-0.003398,-0.0014,0.0037
14.995,STANCE,1.0021,1.445,-0.5547,-2.6196,-0.2466,-2.2738,0.011,-0.199,0.2754,-0.1891,0.9991,0.3059,1.3453,-0.00348,-0.0411,0.0117
15.0,STANCE,1.0021,1.435,-0.1423,-2.174,0.2439,-1.8133,0.0125,-0.1997,0.2933,-0.1504,0.9998,0.1695,1.2091,-0.003807,-0.0799,0.0198
15.005,STANCE,1.004,1.4259,0.2185,-1.9342,0.4581,-1.8601,0.0142,-0.2003,0.3314,-0.126,1.0006,0.0206,1.1358,-0.004163,-0.0544,0.015
15.01,FLIGHT,1.0063,1.4164,0.3807,-1.9291,0.4383,-1.9523,0.0161,-0.2009,0.3649,-0.1192,1.0014,-1.2968,2.5529,-0.004307,-0.0028,0.0049
15.015,FLIGHT,1.0044,1.415,-0.2661,-0.5464,-1.4988,1.9233,0.0159,-0.201,0.0282,-0.0398,1.0028,-1.0815,2.3613,-0.004125,0.0846,0.0041
15.02,FLIGHT,0.9934,1.4303,-1.6318,1.9884,-2.616,3.6391,0.0115,-0.2001,-0.6202,0.1185,1.0051,-0.3827,1.7843,-0.003498,0.1565,0.0035
15.025,FLIGHT,0.9807,1.4469,-2.2305,2.8297,-2.33,2.77,0.0065,-0.199,-0.856,0.1929,1.0073,0.0127,1.4681,-0.002671,0.1655,0.0027
15.03,FLIGHT,0.9708,1.4574,-2.0142,2.2528,-1.6216,1.4753,0.003,-0.1983,-0.724,0.1656,1.009,0.0289,1.4691,-0.001901,0.1402,0.0019
15.035,FLIGHT,0.964,1.4629,-1.5441,1.4415,-1.1516,0.856,0.0009,-0.1979,-0.5119,0.1111,1.0105,-0.0876,1.5756,-0.001266,0.1156,0.0013
15.04,FLIGHT,0.9588,1.4669,-1.2034,1.0175,-0.9892,0.8297,-0.0007,-0.1976,-0.3827,0.0816,1.0119,-0.1563,1.6369,-0.000723,0.1038,0.0007
15.045,FLIGHT,0.9539,1.4714,-1.0407,0.9413,-0.9457,0.9512,-0.0023,-0.1972,-0.3386,0.0783,1.0133,-0.1494,1.6331,-0.000213,0.1006,0.0002
15.05,FLIGHT,0.9494,1.4763,-0.9514,0.9627,-0.8733,0.9704,-0.0039,-0.1968,-0.3229,0.0826,1.0148,-0.113,1.6052,0.000251,0.0756,0.0
15.055,FLIGHT,0.9453,1.4809,-0.8525,0.9357,-0.7529,0.8804,-0.0054,-0.1964,-0.2986,0.0824,1.0162,-0.0862,1.5859,0.000543,0.043,0.0
15.06,FLIGHT,0.9419,1.485,-0.7333,0.8522,-0.623,0.7658,-0.0066,-0.196,-0.2627,0.0767,1.0175,-0.0764,1.5809,0.000699,0.0207,0.0
15.065,FLIGHT,0.939,1.4886,-0.6135,0.7583,-0.5118,0.681,-0.0077,-0.1957,-0.2255,0.0693,1.0188,-0.0745,1.5821,0.000763,0.0061,0.0
15.07,FLIGHT,0.9367,1.4919,-0.509,0.6842,-0.4239,0.6288,-0.0086,-0.1954,-0.1942,0.0632,1.0201,-0.0724,1.5827,0.000769,-0.003,0.0006
15.075,FLIGHT,0.9348,1.4949,-0.4223,0.6316,-0.3514,0.5911,-0.0094,-0.1951,-0.1696,0.0587,1.0213,-0.0678,1.581,0.000739,-0.0083,0.0017
15.08,FLIGHT,0.9332,1.4978,-0.3486,0.59,-0.2868,0.5551,-0.0101,-0.1949,-0.1492,0.055,1.0225,-0.0623,1.5782,0.00069,-0.0109,0.0022
15.085,FLIGHT,0.9319,1.5005,-0.2831,0.552,-0.2274,0.5188,-0.0107,-0.1946,-0.1309,0.0515,1.0236,-0.0576,1.576,0.000633,-0.0119,0.0024
15.09,FLIGHT,0.9309,1.503,-0.2239,0.5159,-0.1737,0.4846,-0.0112,-0.1944,-0.1142,0.048,1.0247,-0.054,1.5745,0.000574,-0.0117,0.0023
15.095,FLIGHT,0.9301,1.5053,-0.1709,0.4827,-0.1262,0.4548,-0.0117,-0.1942,-0.0992,0.0448,1.0258,-0.0512,1.5737,0.000517,-0.0109,0.0022
15.1,FLIGHT,0.9296,1.5075,-0.124,0.4535,-0.0847,0.4292,-0.0121,-0.194,-0.086,0.0419,1.0269,-0.0489,1.573,0.000465,-0.0097,0.0019
15.105,FLIGHT,0.9293,1.5096,-0.083,0.4282,-0.0486,0.4069,-0.0125,-0.1938,-0.0744,0.0393,1.0279,-0.0469,1.5724,0.00042,-0.0084,0.0017
15.11,FLIGHT,0.9291,1.5116,-0.0471,0.4058,-0.0171,0.387,-0.0128,-0.1936,-0.0644,0.037,1.0289,-0.0451,1.5719,0.000381,-0.0071,0.0014
15.115,FLIGHT,0.9291,1.5135,-0.0157,0.3859,0.0105,0.3689,-0.013,-0.1934,-0.0555,0.0349,1.0299,-0.0436,1.5715,0.000348,-0.0059,0.0012
15.12,FLIGHT,0.9292,1.5153,0.0117,0.3679,0.0345,0.3525,-0.0133,-0.1933,-0.0477,0.033,1.0308,-0.0424,1.5713,0.000321,-0.0048,0.001
15.125,FLIGHT,0.9295,1.517,0.0355,0.3516,0.0553,0.3377,-0.0134,-0.1931,-0.0408,0.0313,1.0317,-0.0414,1.5712,0.0003,-0.0039,0.0008
15.13,FLIGHT,0.9298,1.5187,0.0561,0.3368,0.0732,0.3242,-0.0136,-0.193,-0.0348,0.0297,1.0326,-0.0405,1.5711,0.000282,-0.0031,0.0006
15.135,FLIGHT,0.9302,1.5203,0.0738,0.3234,0.0884,0.3119,-0.0137,-0.1928,-0.0296,0.0283,1.0334,-0.0399,1.5712,0.000269,-0.0024,0.0005
15.14,FLIGHT,0.9307,1.5218,0.0889,0.3111,0.1014,0.3006,-0.0139,-0.1927,-0.025,0.027,1.0343,-0.0393,1.5713,0.000258,-0.0019,0.0004
15.145,FLIGHT,0.9312,1.5233,0.1018,0.2998,0.1124,0.2901,-0.014,-0.1926,-0.0209,0.0259,1.0351,-0.0389,1.5714,0.00025,-0.0014,0.0003
15.15,FLIGHT,0.9318,1.5247,0.1127,0.2894,0.1217,0.2804,-0.014,-0.1924,-0.0174,0.0248,1.0358,-0.0386,1.5716,0.000244,-0.0011,0.0002
15.155,FLIGHT,0.9324,1.5261,0.1219,0.2798,0.1293,0.2714,-0.0141,-0.1923,-0.0144,0.0238,1.0366,-0.0384,1.5718,0.000239,-0.0008,0.0002
15.16,FLIGHT,0.9331,1.5274,0.1295,0.2707,0.1356,0.2629,-0.0142,-0.1922,-0.0117,0.0229,1.0373,-0.0382,1.572,0.000235,-0.0006,0.0001
15.165,FLIGHT,0.9338,1.5287,0.1357,0.2623,0.1407,0.255,-0.0142,-0.1921,-0.0093,0.022,1.0379,-0.0381,1.5723,0.000233,-0.0004,0.0001
15.17,FLIGHT,0.9345,1.53,0.1407,0.2544,0.1448,0.2475,-0.0142,-0.192,-0.0073,0.0213,1.0386,-0.0381,1.5726,0.000231,-0.0003,0.0001
15.175,FLIGHT,0.9352,1.5312,0.1447,0.2469,0.1479,0.2404,-0.0143,-0.1919,-0.0055,0.0205,1.0392,-0.0381,1.5729,0.00023,-0.0002,0.0
15.18,FLIGHT,0.936,1.5324,0.1478,0.2399,0.1503,0.2337,-0.0143,-0.1918,-0.004,0.0199,1.0398,-0.0381,1.5732,0.00023,-0.0001,0.0
15.185,FLIGHT,0.9367,1.5335,0.1502,0.2331,0.1519,0.2273,-0.0143,-0.1917,-0.0026,0.0192,1.0404,-0.0382,1.5735,0.000229,-0.0001,0.0
15.19,FLIGHT,0.9375,1.5347,0.1518,0.2268,0.153,0.2212,-0.0143,-0.1916,-0.0015,0.0186,1.0409,-0.0383,1.5738,0.000229,-0.0,0.0
15.195,FLIGHT,0.9382,1.5358,0.1529,0.2207,0.1536,0.2153,-0.0143,-0.1915,-0.0005,0.0181,1.0415,-0.0384,1.5741,0.000229,-0.0,0.0
15.2,FLIGHT,0.939,1.5368,0.1534,0.2148,0.1537,0.2097,-0.0143,-0.1914,0.0004,0.0175,1.0419,-0.0386,1.5745,0.000229,0.0,0.0
15.205,FLIGHT,0.9398,1.5378,0.1535,0.2093,0.1535,0.2043,-0.0143,-0.1914,0.0012,0.017,1.0424,-0.0388,1.5748,0.000229,0.0,0.0
15.21,FLIGHT,0.9405,1.5389,0.1533,0.2039,0.1529,0.1992,-0.0143,-0.1913,0.0019,0.0165,1.0428,-0.0389,1.5752,0.000229,0.0,0.0
15.215,FLIGHT,0.9413,1.5398,0.1527,0.1987,0.1521,0.1942,-0.0142,-0.1912,0.0024,0.0161,1.0433,-0.0391,1.5755,0.000229,0.0,0.0
15.22,FLIGHT,0.9421,1.5408,0.1519,0.1938,0.1511,0.1894,-0.0142,-0.1911,0.0029,0.0156,1.0436,-0.0393,1.5758,0.000229,0.0,0.0
15.225,FLIGHT,0.9428,1.5417,0.1508,0.189,0.1498,0.1847,-0.0142,-0.191,0.0034,0.0152,1.044,-0.0395,1.5762,0.000229,0.0,0.0
15.23,FLIGHT,0.9436,1.5426,0.1496,0.1843,0.1484,0.1802,-0.0142,-0.191,0.0038,0.0148,1.0443,-0.0397,1.5765,0.000229,0.0,0.0
15.235,FLIGHT,0.9443,1.5435,0.1482,0.1798,0.1469,0.1759,-0.0142,-0.1909,0.0041,0.0144,1.0446,-0.0399,1.5768,0.00023,0.0,0.0
15.24,FLIGHT,0.945,1.5444,0.1467,0.1755,0.1452,0.1717,-0.0142,-0.1908,0.0044,0.0141,1.0449,-0.0401,1.5771,0.000229,-0.0,0.0
15.245,FLIGHT,0.9457,1.5453,0.145,0.1713,0.1435,0.1676,-0.0141,-0.1908,0.0046,0.0137,1.0452,-0.0403,1.5775,0.000229,-0.0,0.0
15.25,FLIGHT,0.9465,1.5461,0.1433,0.1672,0.1417,0.1636,-0.0141,-0.1907,0.0048,0.0134,1.0454,-0.0406,1.5778,0.000229,-0.0,0.0
15.255,FLIGHT,0.9472,1.5469,0.1415,0.1632,0.1398,0.1597,-0.0141,-0.1906,0.005,0.013,1.0456,-0.0408,1.5781,0.000229,-0.0,0.0
15.26,FLIGHT,0.9479,1.5477,0.1396,0.1594,0.1379,0.156,-0.0141,-0.1906,0.0052,0.0127,1.0458,-0.041,1.5784,0.000229,-0.0,0.0
15.265,FLIGHT,0.9485,1.5485,0.1377,0.1556,0.136,0.1523,-0.014,-0.1905,0.0053,0.0124,1.046,-0.0412,1.5787,0.000229,-0.0,0.0
15.27,FLIGHT,0.9492,1.5492,0.1358,0.152,0.134,0.1488,-0.014,-0.1904,0.0054,0.0121,1.0461,-0.0414,1.579,0.000229,-0.0,0.0
15.275,FLIGHT,0.9499,1.5499,0.1338,0.1485,0.1321,0.1454,-0.014,-0.1904,0.0055,0.0118,1.0462,-0.0416,1.5793,0.000229,-0.0,0.0
15.28,FLIGHT,0.9505,1.5507,0.1319,0.145,0.1301,0.142,-0.0139,-0.1903,0.0056,0.0115,1.0463,-0.0418,1.5796,0.000228,-0.0,0.0
15.285,FLIGHT,0.9512,1.5514,0.1299,0.1417,0.1281,0.1387,-0.0139,-0.1903,0.0057,0.0112,1.0464,-0.042,1.5799,0.000228,-0.0,0.0
15.29,FLIGHT,0.9518,1.552,0.1279,0.1384,0.1261,0.1355,-0.0139,-0.1902,0.0057,0.011,1.0464,-0.0422,1.5801,0.000228,-0.0,0.0
15.295,FLIGHT,0.9524,1.5527,0.1259,0.1353,0.1242,0.1324,-0.0139,-0.1902,0.0058,0.0107,1.0464,-0.0424,1.5804,0.000228,-0.0,0.0
15.3,FLIGHT,0.9531,1.5534,0.124,0.1322,0.1222,0.1294,-0.0138,-0.1901,0.0058,0.0105,1.0464,-0.0426,1.5807,0.000228,-0.0,0.0
15.305,FLIGHT,0.9537,1.554,0.1221,0.1291,0.1203,0.1265,-0.0138,-0.1901,0.0058,0.0102,1.0464,-0.0428,1.5809,0.000227,-0.0,0.0
15.31,FLIGHT,0.9543,1.5546,0.1201,0.1262,0.1184,0.1236,-0.0138,-0.19,0.0059,0.01,1.0464,-0.043,1.5812,0.000227,-0.0,0.0
15.315,FLIGHT,0.9549,1.5552,0.1182,0.1233,0.1165,0.1208,-0.0137,-0.19,0.0059,0.0097,1.0463,-0.0432,1.5815,0.000227,-0.0,0.0
15.32,FLIGHT,0.9554,1.5558,0.1163,0.1205,0.1147,0.1181,-0.0137,-0.1899,0.0059,0.0095,1.0462,-0.0434,1.5817,0.000227,-0.0,0.0
15.325,FLIGHT,0.956,1.5564,0.1145,0.1178,0.1128,0.1154,-0.0137,-0.1899,0.0059,0.0093,1.0461,-0.0436,1.582,0.000226,-0.0,0.0
15.33,FLIGHT,0.9566,1.557,0.1126,0.1152,0.111,0.1128,-0.0137,-0.1898,0.0059,0.0091,1.0459,-0.0438,1.5822,0.000226,-0.0,0.0
15.335,FLIGHT,0.9571,1.5576,0.1108,0.1126,0.1092,0.1103,-0.0136,-0.1898,0.0059,0.0089,1.0458,-0.044,1.5824,0.000226,-0.0,0.0
15.34,FLIGHT,0.9577,1.5581,0.109,0.1101,0.1075,0.1078,-0.0136,-0.1897,0.0059,0.0087,1.0456,-0.0442,1.5827,0.000226,-0.0,0.0
15.345,FLIGHT,0.9582,1.5586,0.1073,0.1076,0.1057,0.1054,-0.0136,-0.1897,0.0059,0.0085,1.0454,-0.0443,1.5829,0.000225,-0.0,0.0
15.35,FLIGHT,0.9587,1.5592,0.1055,0.1052,0.104,0.1031,-0.0135,-0.1897,0.0059,0.0083,1.0451,-0.0445,1.5831,0.000225,-0.0,0.0
15.355,FLIGHT,0.9592,1.5597,0.1038,0.1029,0.1023,0.1008,-0.0135,-0.1896,0.0059,0.0081,1.0449,-0.0447,1.5833,0.000225,-0.0,0.0
15.36,FLIGHT,0.9597,1.5602,0.1022,0.1006,0.1007,0.0985,-0.0135,-0.1896,0.0058,0.0079,1.0446,-0.0449,1.5836,0.000225,-0.0,0.0
15.365,FLIGHT,0.9602,1.5606,0.1005,0.0983,0.099,0.0964,-0.0134,-0.1895,0.0058,0.0077,1.0443,-0.045,1.5838,0.000224,-0.0,0.0
15.37,FLIGHT,0.9607,1.5611,0.0989,0.0962,0.0974,0.0942,-0.0134,-0.1895,0.0058,0.0075,1.044,-0.0452,1.584,0.000224,-0.0,0.0
15.375,FLIGHT,0.9612,1.5616,0.0973,0.0941,0.0959,0.0922,-0.0134,-0.1895,0.0058,0.0074,1.0437,-0.0453,1.5842,0.000224,-0.0,0.0
15.38,FLIGHT,0.9617,1.562,0.0957,0.092,0.0943,0.0901,-0.0134,-0.1894,0.0058,0.0072,1.0433,-0.0455,1.5844,0.000224,-0.0,0.0
15.385,FLIGHT,0.9622,1.5625,0.0942,0.09,0.0928,0.0882,-0.0133,-0.1894,0.0057,0.007,1.043,-0.0457,1.5846,0.000224,-0.0,0.0
15.39,FLIGHT,0.9626,1.5629,0.0927,0.088,0.0913,0.0863,-0.0133,-0.1894,0.0057,0.0069,1.0426,-0.0458,1.5848,0.000223,-0.0,0.0
15.395,FLIGHT,0.9631,1.5634,0.0912,0.0861,0.0898,0.0844,-0.0133,-0.1893,0.0057,0.0067,1.0421,-0.046,1.585,0.000223,-0.0,0.0
15.4,FLIGHT,0.9635,1.5638,0.0897,0.0842,0.0884,0.0825,-0.0132,-0.1893,0.0057,0.0066,1.0417,-0.0461,1.5852,0.000223,-0.0,0.0
15.405,FLIGHT,0.9639,1.5642,0.0883,0.0824,0.087,0.0808,-0.0132,-0.1893,0.0056,0.0064,1.0413,-0.0463,1.5853,0.000223,-0.0,0.0
15.41,FLIGHT,0.9644,1.5646,0.0868,0.0806,0.0856,0.079,-0.0132,-0.1892,0.0056,0.0063,1.0408,-0.0464,1.5855,0.000223,-0.0,0.0
15.415,FLIGHT,0.9648,1.565,0.0854,0.0789,0.0842,0.0773,-0.0132,-0.1892,0.0056,0.0061,1.0403,-0.0466,1.5857,0.000222,-0.0,0.0
15.42,FLIGHT,0.9652,1.5654,0.0841,0.0772,0.0828,0.0757,-0.0131,-0.1892,0.0055,0.006,1.0398,-0.0467,1.5859,0.000222,-0.0,0.0
15.425,FLIGHT,0.9656,1.5657,0.0827,0.0755,0.0815,0.074,-0.0131,-0.1891,0.0055,0.0059,1.0392,-0.0468,1.586,0.000222,-0.0,0.0
15.43,FLIGHT,0.966,1.5661,0.0814,0.0739,0.0802,0.0725,-0.0131,-0.1891,0.0055,0.0057,1.0387,-0.047,1.5862,0.000222,-0.0,0.0
15.435,FLIGHT,0.9664,1.5665,0.0801,0.0723,0.0789,0.0709,-0.0131,-0.1891,0.0054,0.0056,1.0381,-0.0471,1.5864,0.000222,-0.0,0.0
15.44,FLIGHT,0.9668,1.5668,0.0788,0.0708,0.0777,0.0694,-0.013,-0.1891,0.0054,0.0055,1.0375,-0.0473,1.5866,0.000222,-0.0,0.0
15.445,FLIGHT,0.9672,1.5671,0.0775,0.0693,0.0764,0.068,-0.013,-0.189,0.0053,0.0054,1.0369,-0.0474,1.5867,0.000222,-0.0,0.0
15.45,FLIGHT,0.9676,1.5675,0.0763,0.0678,0.0752,0.0665,-0.013,-0.189,0.0053,0.0053,1.0363,-0.0475,1.5869,0.000221,-0.0,0.0
15.455,FLIGHT,0.968,1.5678,0.0751,0.0664,0.074,0.0651,-0.0129,-0.189,0.0053,0.0051,1.0357,-0.0477,1.587,0.000221,-0.0,0.0
15.46,FLIGHT,0.9683,1.5681,0.0739,0.065,0.0728,0.0638,-0.0129,-0.189,0.0052,0.005,1.035,-0.0478,1.5872,0.000221,-0.0,0.0
15.465,FLIGHT,0.9687,1.5684,0.0727,0.0636,0.0716,0.0624,-0.0129,-0.1889,0.0052,0.0049,1.0343,-0.0479,1.5873,0.000221,-0.0,0.0
15.47,FLIGHT,0.969,1.5688,0.0715,0.0623,0.0705,0.0611,-0.0129,-0.1889,0.0051,0.0048,1.0336,-0.048,1.5875,0.000221,-0.0,0.0
15.475,FLIGHT,0.9694,1.5691,0.0704,0.061,0.0694,0.0599,-0.0128,-0.1889,0.0051,0.0047,1.0329,-0.0482,1.5876,0.000221,-0.0,0.0
15.48,FLIGHT,0.9697,1.5694,0.0692,0.0598,0.0682,0.0587,-0.0128,-0.1889,0.005,0.0046,1.0322,-0.0483,1.5878,0.000221,-0.0,0.0
15.485,FLIGHT,0.9701,1.5696,0.0681,0.0585,0.0671,0.0575,-0.0128,-0.1888,0.005,0.0045,1.0315,-0.0484,1.5879,0.000221,-0.0,0.0
15.49,FLIGHT,0.9704,1.5699,0.067,0.0573,0.0661,0.0563,-0.0128,-0.1888,0.0049,0.0044,1.0307,-0.0485,1.5881,0.000221,-0.0,0.0
15.495,FLIGHT,0.9707,1.5702,0.0659,0.0562,0.065,0.0551,-0.0127,-0.1888,0.0049,0.0043,1.0299,-0.0486,1.5882,0.00022,-0.0,0.0
15.5,FLIGHT,0.9711,1.5705,0.0649,0.055,0.0639,0.054,-0.0127,-0.1888,0.0048,0.0042,1.0291,-0.0488,1.5883,0.00022,-0.0,0.0
15.505,FLIGHT,0.9714,1.5708,0.0638,0.0539,0.0629,0.0529,-0.0127,-0.1888,0.0048,0.0041,1.0283,-0.0489,1.5885,0.00022,-0.0,0.0
15.51,FLIGHT,0.9717,1.571,0.0628,0.0528,0.0619,0.0519,-0.0127,-0.1887,0.0047,0.0041,1.0275,-0.049,1.5886,0.00022,-0.0,0.0
15.515,FLIGHT,0.972,1.5713,0.0618,0.0518,0.0609,0.0508,-0.0127,-0.1887,0.0047,0.004,1.0266,-0.0491,1.5887,0.00022,-0.0,0.0
15.52,FLIGHT,0.9723,1.5715,0.0608,0.0508,0.0599,0.0498,-0.0126,-0.1887,0.0046,0.0039,1.0258,-0.0492,1.5889,0.00022,-0.0,0.0
15.525,FLIGHT,0.9726,1.5718,0.0598,0.0497,0.0589,0.0489,-0.0126,-0.1887,0.0046,0.0038,1.0249,-0.0493,1.589,0.00022,-0.0,0.0
15.53,FLIGHT,0.9729,1.572,0.0588,0.0488,0.0579,0.0479,-0.0126,-0.1887,0.0045,0.0037,1.024,-0.0495,1.5891,0.00022,-0.0,0.0
15.535,FLIGHT,0.9732,1.5722,0.0578,0.0478,0.057,0.047,-0.0126,-0.1886,0.0045,0.0037,1.0231,-0.0496,1.5892,0.00022,-0.0,0.0
15.54,FLIGHT,0.9735,1.5725,0.0569,0.0469,0.056,0.046,-0.0125,-0.1886,0.0044,0.0036,1.0222,-0.0497,1.5894,0.00022,-0.0,0.0
15.545,FLIGHT,0.9737,1.5727,0.0559,0.046,0.0551,0.0452,-0.0125,-0.1886,0.0044,0.0035,1.0212,-0.0498,1.5895,0.00022,-0.0,0.0
15.55,FLIGHT,0.974,1.5729,0.055,0.0451,0.0541,0.0443,-0.0125,-0.1886,0.0043,0.0035,1.0203,-0.0499,1.5896,0.00022,-0.0,0.0
15.555,FLIGHT,0.9743,1.5732,0.0541,0.0442,0.0532,0.0434,-0.0125,-0.1886,0.0042,0.0034,1.0193,-0.05,1.5897,0.00022,-0.0,0.0
15.56,FLIGHT,0.9745,1.5734,0.0531,0.0434,0.0523,0.0426,-0.0125,-0.1886,0.0042,0.0033,1.0183,-0.0501,1.5898,0.00022,-0.0,0.0
15.565,FLIGHT,0.9748,1.5736,0.0522,0.0425,0.0514,0.0418,-0.0124,-0.1885,0.0041,0.0033,1.0173,-0.0502,1.59,0.00022,-0.0,0.0
15.57,FLIGHT,0.9751,1.5738,0.0514,0.0417,0.0506,0.041,-0.0124,-0.1885,0.0041,0.0032,1.0163,-0.0503,1.5901,0.000219,-0.0,0.0
15.575,FLIGHT,0.9753,1.574,0.0505,0.041,0.0497,0.0403,-0.0124,-0.1885,0.004,0.0031,1.0153,-0.0504,1.5902,0.000219,-0.0,0.0
15.58,FLIGHT,0.9756,1.5742,0.0496,0.0402,0.0488,0.0395,-0.0124,-0.1885,0.0039,0.0031,1.0142,-0.0505,1.5903,0.000219,-0.0,0.0
15.585,FLIGHT,0.9758,1.5744,0.0487,0.0394,0.048,0.0388,-0.0124,-0.1885,0.0039,0.003,1.0132,-0.0506,1.5904,0.000219,-0.0,0.0
15.59,FLIGHT,0.976,1.5746,0.0479,0.0387,0.0471,0.0381,-0.0123,-0.1885,0.0038,0.003,1.0121,-0.0507,1.5905,0.000219,-0.0,0.0
15.595,FLIGHT,0.9763,1.5748,0.047,0.038,0.0463,0.0374,-0.0123,-0.1885,0.0037,0.0029,1.011,-0.0508,1.5906,0.000219,-0.0,0.0
15.6,FLIGHT,0.9765,1.5749,0.0462,0.0373,0.0455,0.0367,-0.0123,-0.1884,0.0037,0.0029,1.0099,-0.0509,1.5907,0.000219,-0.0,0.0
15.605,FLIGHT,0.9767,1.5751,0.0454,0.0366,0.0446,0.036,-0.0123,-0.1884,0.0036,0.0028,1.0088,-0.051,1.5908,0.000219,-0.0,0.0
15.61,FLIGHT,0.9769,1.5753,0.0446,0.036,0.0438,0.0354,-0.0123,-0.1884,0.0036,0.0028,1.0077,-0.0511,1.5909,0.000219,-0.0,0.0
15.615,FLIGHT,0.9772,1.5755,0.0437,0.0353,0.043,0.0348,-0.0122,-0.1884,0.0035,0.0027,1.0065,-0.0512,1.591,0.000219,-0.0,0.0
15.62,FLIGHT,0.9774,1.5757,0.0429,0.0347,0.0422,0.0341,-0.0122,-0.1884,0.0034,0.0027,1.0054,-0.0513,1.5911,0.000219,-0.0,0.0
15.625,FLIGHT,0.9776,1.5758,0.0422,0.0341,0.0414,0.0335,-0.0122,-0.1884,0.0033,0.0026,1.0042,-0.0514,1.5912,0.000219,-0.0,0.0
15.63,FLIGHT,0.9778,1.576,0.0414,0.0335,0.0407,0.033,-0.0122,-0.1884,0.0033,0.0026,1.003,-0.0515,1.5913,0.000219,-0.0,0.0
15.635,FLIGHT,0.978,1.5762,0.0406,0.0329,0.0399,0.0324,-0.0122,-0.1883,0.0032,0.0025,1.0018,-0.0516,1.5914,0.000219,-0.0,0.0
15.64,FLIGHT,0.9782,1.5763,0.0398,0.0323,0.0391,0.0318,-0.0122,-0.1883,0.0031,0.0025,1.0006,-0.0517,1.5915,0.000219,-0.0,0.0
15.645,STANCE,0.9785,1.5767,0.0548,0.0734,0.1689,0.3715,-0.0122,-0.1883,0.0004,0.0061,0.9995,0.1595,-0.1549,0.000132,-0.143,0.0286
15.65,STANCE,0.9856,1.574,1.1249,-0.4553,2.5511,-1.5416,-0.0104,-0.1886,0.2739,-0.0529,0.9984,-0.3754,-0.5349,-0.001708,-0.5153,0.1048
15.655,STANCE,0.9938,1.5688,1.2839,-0.7225,0.261,-0.0436,-0.0082,-0.1892,0.3417,-0.0746,0.9979,-0.728,-0.9976,-0.00342,-0.1124,0.0259
15.66,STANCE,0.9934,1.5698,0.3513,-0.0873,-0.0911,0.15,-0.0084,-0.1891,0.0784,-0.0107,0.998,-0.6534,-1.7992,-0.003564,0.0241,0.0036
15.665,STANCE,0.9945,1.5685,0.3022,-0.2594,0.584,-0.7471,-0.008,-0.1892,0.0927,-0.0254,0.9983,-0.9456,-2.1344,-0.003326,0.0638,0.0033
15.67,STANCE,0.9987,1.5592,0.7022,-1.4142,1.1155,-1.9607,-0.0059,-0.1901,0.3287,-0.1267,0.9983,-1.4448,-1.8202,-0.002785,0.0797,0.0028
15.675,STANCE,1.0061,1.5446,1.2428,-2.5389,1.5523,-3.037,-0.0025,-0.1913,0.5931,-0.2154,0.9982,-1.9818,-1.257,-0.002929,-0.0871,0.0204
15.68,STANCE,1.0124,1.5287,1.2276,-2.9799,0.8625,-3.6201,0.0009,-0.1926,0.6589,-0.2387,0.9982,-2.1649,-0.7881,-0.003179,0.0127,0.0032
15.685,STANCE,1.0156,1.5119,0.7887,-3.2477,0.1784,-3.6115,0.004,-0.1939,0.6185,-0.249,0.9981,-1.9852,-0.2745,-0.00352,-0.0092,0.0054
15.69,STANCE,1.0155,1.4969,0.1839,-3.0959,-0.529,-3.1425,0.0061,-0.1951,0.4832,-0.2326,0.9981,-1.5264,0.112,-0.003744,-0.0268,0.0091
15.695,STANCE,1.0117,1.4824,-0.4931,-2.9769,-0.9926,-2.8638,0.0075,-0.1962,0.3358,-0.2238,0.998,-0.8715,0.5185,-0.004046,-0.0631,0.0167
15.7,STANCE,1.0062,1.4676,-0.9154,-2.9693,-0.9974,-2.628,0.0085,-0.1973,0.2528,-0.2233,0.998,-0.2424,0.9434,-0.0043,-0.1029,0.0249
15.705,STANCE,1.0013,1.4536,-0.9478,-2.875,-0.8777,-2.8707,0.0096,-0.1984,0.2335,-0.2139,0.9981,0.2004,1.2528,-0.004657,-0.0513,0.0149
15.71,STANCE,0.9982,1.4407,-0.6905,-2.6467,-0.3122,-2.2414,0.0109,-0.1993,0.2523,-0.1922,0.9985,0.3699,1.367,-0.005016,-0.101,0.0252
15.715,STANCE,0.9982,1.4309,-0.1906,-2.1446,0.2707,-1.7533,0.0123,-0.2,0.2793,-0.149,0.9992,0.1987,1.2075,-0.005643,-0.1379,0.0332
15.72,STANCE,1.0003,1.4221,0.2351,-1.8958,0.5133,-1.8306,0.0141,-0.2006,0.3291,-0.1232,0.9999,0.0232,1.13,-0.006261,-0.1,0.0263
15.725,STANCE,1.0029,1.4126,0.4198,-1.9039,0.4815,-1.937,0.016,-0.2012,0.3691,-0.1169,1.0006,-0.0571,1.157,-0.006597,-0.0339,0.0134
15.73,STANCE,1.005,1.4031,0.4112,-1.9032,0.3536,-1.8621,0.0178,-0.2017,0.3689,-0.1129,1.0013,-0.0589,1.1806,-0.006615,0.0237,0.0066
15.735,STANCE,1.0065,1.3941,0.3321,-1.8291,0.2612,-1.7509,0.0195,-0.2023,0.3432,-0.1062,1.0019,-0.0311,1.1735,-0.006388,0.0648,0.0064
15.74,STANCE,1.0077,1.3855,0.2708,-1.7523,0.2343,-1.697,0.0211,-0.2028,0.3204,-0.0997,1.0026,-0.0096,1.1643,-0.005989,0.0929,0.006
15.745,STANCE,1.0089,1.377,0.2484,-1.7025,0.2419,-1.6642,0.0226,-0.2032,0.3094,-0.0943,1.0032,-0.0036,1.1654,-0.005474,0.112,0.0055
15.75,FLIGHT,1.0101,1.3688,0.2485,-1.6578,0.2524,-1.6138,0.0241,-0.2037,0.3037,-0.0889,1.0039,-1.4637,2.6537,-0.004878,0.1256,0.0049
15.755,FLIGHT,1.007,1.3698,-0.486,-0.1234,-1.8424,2.5387,0.0233,-0.2037,-0.0802,-0.0185,1.0053,-1.1924,2.4236,-0.004106,0.1966,0.0041
15.76,FLIGHT,0.9941,1.3884,-1.9689,2.5689,-3.019,4.2829,0.0178,-0.2029,-0.786,0.1258,1.0075,-0.4081,1.7897,-0.002951,0.2546,0.003
15.765,FLIGHT,0.9795,1.4078,-2.5842,3.3899,-2.6535,3.2465,0.012,-0.2018,-1.0242,0.1986,1.0096,0.0211,1.4519,-0.00168,0.2445,0.0017
15.77,FLIGHT,0.9682,1.4203,-2.3086,2.6939,-1.8515,1.8062,0.0079,-0.2011,-0.8592,0.1736,1.0112,0.0273,1.4612,-0.000565,0.1999,0.0006
15.775,FLIGHT,0.9604,1.4273,-1.7733,1.7844,-1.3318,1.1393,0.0053,-0.2006,-0.6155,0.1215,1.0126,-0.1061,1.5801,0.000313,0.1433,0.0
15.78,FLIGHT,0.9543,1.4328,-1.3916,1.3223,-1.1522,1.1204,0.0033,-0.2002,-0.47,0.0947,1.0138,-0.1799,1.6448,0.000864,0.0807,0.0
15.785,FLIGHT,0.9487,1.4387,-1.2086,1.2392,-1.1003,1.2459,0.0013,-0.1998,-0.4197,0.0935,1.0152,-0.1681,1.6373,0.001155,0.0389,0.0
15.79,FLIGHT,0.9434,1.445,-1.1061,1.2517,-1.0177,1.2446,-0.0007,-0.1993,-0.3993,0.0988,1.0165,-0.125,1.6047,0.001277,0.012,0.0
15.795,FLIGHT,0.9386,1.4509,-0.9945,1.2022,-0.8818,1.1228,-0.0025,-0.1988,-0.3685,0.0985,1.0177,-0.0937,1.5828,0.001292,-0.0048,0.001
15.8,FLIGHT,0.9346,1.4562,-0.8592,1.0907,-0.7336,0.9798,-0.004,-0.1984,-0.3246,0.092,1.0189,-0.082,1.577,0.00124,-0.0147,0.0029
15.805,FLIGHT,0.9313,1.4608,-0.7223,0.9717,-0.6056,0.8745,-0.0053,-0.198,-0.2797,0.0839,1.0201,-0.0792,1.5782,0.001152,-0.0199,0.004
15.81,FLIGHT,0.9285,1.465,-0.6018,0.8783,-0.503,0.8079,-0.0065,-0.1976,-0.242,0.0771,1.0212,-0.076,1.5785,0.001046,-0.022,0.0044
15.815,FLIGHT,0.9262,1.4689,-0.5004,0.8109,-0.4168,0.7586,-0.0075,-0.1973,-0.2119,0.072,1.0222,-0.0701,1.5762,0.000935,-0.0221,0.0044
15.82,FLIGHT,0.9243,1.4726,-0.4129,0.7572,-0.339,0.7121,-0.0083,-0.197,-0.1867,0.0678,1.0233,-0.0633,1.5729,0.000827,-0.021,0.0042
15.825,FLIGHT,0.9228,1.476,-0.3343,0.7084,-0.2672,0.6659,-0.0091,-0.1966,-0.164,0.0637,1.0243,-0.0575,1.5703,0.000727,-0.0192,0.0038
15.83,FLIGHT,0.9216,1.4793,-0.2628,0.6626,-0.202,0.6232,-0.0098,-0.1964,-0.1433,0.0597,1.0252,-0.0531,1.5686,0.000636,-0.017,0.0034
15.835,FLIGHT,0.9208,1.4823,-0.1986,0.621,-0.1444,0.586,-0.0104,-0.1961,-0.1246,0.056,1.0262,-0.0498,1.5676,0.000557,-0.0147,0.0029
15.84,FLIGHT,0.9202,1.4851,-0.1417,0.5845,-0.094,0.5541,-0.0109,-0.1958,-0.1082,0.0526,1.0271,-0.0469,1.5668,0.000489,-0.0124,0.0025
15.845,FLIGHT,0.9198,1.4878,-0.0917,0.5528,-0.05,0.5262,-0.0113,-0.1956,-0.0939,0.0495,1.0279,-0.0444,1.5662,0.000433,-0.0102,0.002
15.85,FLIGHT,0.9197,1.4904,-0.048,0.5248,-0.0114,0.5012,-0.0117,-0.1954,-0.0814,0.0468,1.0288,-0.0422,1.5656,0.000387,-0.0083,0.0017
15.855,FLIGHT,0.9197,1.4928,-0.0097,0.4998,0.0223,0.4785,-0.012,-0.1951,-0.0704,0.0443,1.0296,-0.0404,1.5652,0.00035,-0.0066,0.0013
15.86,FLIGHT,0.9199,1.4952,0.0237,0.4771,0.0516,0.4579,-0.0123,-0.1949,-0.0606,0.042,1.0303,-0.0389,1.565,0.00032,-0.0052,0.001
15.865,FLIGHT,0.9202,1.4974,0.0528,0.4566,0.077,0.4392,-0.0126,-0.1947,-0.0521,0.04,1.0311,-0.0377,1.5649,0.000298,-0.004,0.0008
15.87,FLIGHT,0.9206,1.4996,0.0779,0.438,0.0987,0.4222,-0.0128,-0.1946,-0.0446,0.0381,1.0318,-0.0366,1.5649,0.00028,-0.0031,0.0006
15.875,FLIGHT,0.9212,1.5016,0.0995,0.4211,0.1174,0.4066,-0.013,-0.1944,-0.0381,0.0364,1.0325,-0.0358,1.565,0.000266,-0.0023,0.0005
15.88,FLIGHT,0.9218,1.5036,0.1179,0.4056,0.1332,0.3922,-0.0131,-0.1942,-0.0323,0.0348,1.0332,-0.0352,1.5651,0.000256,-0.0017,0.0003
15.885,FLIGHT,0.9225,1.5056,0.1336,0.3913,0.1465,0.3789,-0.0132,-0.194,-0.0273,0.0333,1.0338,-0.0347,1.5654,0.000249,-0.0013,0.0003
15.89,FLIGHT,0.9233,1.5074,0.1469,0.378,0.1577,0.3666,-0.0133,-0.1939,-0.0229,0.032,1.0344,-0.0343,1.5656,0.000244,-0.0009,0.0002
15.895,FLIGHT,0.9241,1.5092,0.1579,0.3657,0.1669,0.355,-0.0134,-0.1937,-0.0191,0.0308,1.035,-0.034,1.5659,0.00024,-0.0006,0.0001
15.9,FLIGHT,0.9249,1.511,0.1671,0.3542,0.1745,0.3442,-0.0135,-0.1936,-0.0158,0.0297,1.0355,-0.0339,1.5663,0.000237,-0.0004,0.0001
15.905,FLIGHT,0.9258,1.5127,0.1745,0.3434,0.1806,0.334,-0.0136,-0.1935,-0.0128,0.0286,1.0361,-0.0338,1.5666,0.000236,-0.0002,0.0
15.91,FLIGHT,0.9267,1.5143,0.1806,0.3332,0.1853,0.3244,-0.0136,-0.1933,-0.0103,0.0277,1.0366,-0.0337,1.567,0.000235,-0.0001,0.0
15.915,FLIGHT,0.9277,1.5159,0.1853,0.3236,0.189,0.3152,-0.0136,-0.1932,-0.0081,0.0267,1.0371,-0.0337,1.5675,0.000234,-0.0,0.0
15.92,FLIGHT,0.9286,1.5175,0.1889,0.3145,0.1917,0.3066,-0.0137,-0.1931,-0.0062,0.0259,1.0375,-0.0338,1.5679,0.000234,0.0,0.0
15.925,FLIGHT,0.9296,1.519,0.1916,0.3059,0.1935,0.2983,-0.0137,-0.1929,-0.0045,0.0251,1.0379,-0.0339,1.5683,0.000234,0.0,0.0
15.93,FLIGHT,0.9306,1.5205,0.1934,0.2976,0.1947,0.2904,-0.0137,-0.1928,-0.003,0.0243,1.0383,-0.0341,1.5688,0.000235,0.0001,0.0
15.935,FLIGHT,0.9315,1.5219,0.1945,0.2897,0.1952,0.2828,-0.0137,-0.1927,-0.0018,0.0236,1.0387,-0.0342,1.5692,0.000235,0.0001,0.0
15.94,FLIGHT,0.9325,1.5233,0.1949,0.2822,0.1951,0.2756,-0.0137,-0.1926,-0.0007,0.023,1.039,-0.0344,1.5697,0.000235,0.0001,0.0
15.945,FLIGHT,0.9335,1.5247,0.1949,0.2749,0.1946,0.2686,-0.0137,-0.1925,0.0003,0.0223,1.0393,-0.0346,1.5701,0.000236,0.0001,0.0
15.95,FLIGHT,0.9345,1.526,0.1943,0.268,0.1937,0.2619,-0.0137,-0.1924,0.0011,0.0217,1.0396,-0.0349,1.5706,0.000236,0.0001,0.0
15.955,FLIGHT,0.9354,1.5273,0.1934,0.2613,0.1924,0.2554,-0.0137,-0.1923,0.0018,0.0211,1.0399,-0.0351,1.571,0.000236,0.0,0.0
15.96,FLIGHT,0.9364,1.5285,0.1921,0.2548,0.1909,0.2491,-0.0137,-0.1922,0.0025,0.0206,1.0402,-0.0354,1.5715,0.000236,0.0,0.0
15.965,FLIGHT,0.9373,1.5298,0.1906,0.2486,0.1891,0.2431,-0.0136,-0.1921,0.003,0.02,1.0404,-0.0357,1.5719,0.000237,0.0,0.0
15.97,FLIGHT,0.9383,1.531,0.1888,0.2425,0.1871,0.2372,-0.0136,-0.192,0.0035,0.0195,1.0406,-0.0359,1.5723,0.000237,0.0,0.0
15.975,FLIGHT,0.9392,1.5321,0.1868,0.2367,0.185,0.2315,-0.0136,-0.1919,0.0039,0.019,1.0407,-0.0362,1.5728,0.000237,0.0,0.0
15.98,FLIGHT,0.9401,1.5333,0.1847,0.231,0.1827,0.226,-0.0136,-0.1918,0.0042,0.0185,1.0409,-0.0365,1.5732,0.000237,-0.0,0.0
15.985,FLIGHT,0.941,1.5344,0.1824,0.2255,0.1803,0.2207,-0.0136,-0.1917,0.0045,0.0181,1.041,-0.0368,1.5736,0.000237,-0.0,0.0
15.99,FLIGHT,0.9419,1.5355,0.18,0.2202,0.1779,0.2155,-0.0135,-0.1916,0.0047,0.0176,1.0411,-0.0371,1.5741,0.000236,-0.0,0.0
15.995,FLIGHT,0.9428,1.5366,0.1776,0.215,0.1753,0.2104,-0.0135,-0.1915,0.005,0.0172,1.0412,-0.0373,1.5745,0.000236,-0.0,0.0
16.0,FLIGHT,0.9437,1.5376,0.175,0.21,0.1727,0.2055,-0.0135,-0.1914,0.0051,0.0168,1.0412,-0.0376,1.5749,0.000236,-0.0,0.0
16.005,FLIGHT,0.9445,1.5386,0.1725,0.2051,0.1701,0.2008,-0.0135,-0.1914,0.0053,0.0164,1.0412,-0.0379,1.5753,0.000236,-0.0,0.0
16.01,FLIGHT,0.9454,1.5396,0.1698,0.2003,0.1675,0.1961,-0.0134,-0.1913,0.0054,0.016,1.0412,-0.0382,1.5757,0.000236,-0.0001,0.0
16.015,FLIGHT,0.9462,1.5406,0.1672,0.1957,0.1648,0.1916,-0.0134,-0.1912,0.0055,0.0156,1.0412,-0.0385,1.5761,0.000235,-0.0001,0.0
16.02,FLIGHT,0.947,1.5415,0.1645,0.1912,0.1621,0.1872,-0.0134,-0.1911,0.0056,0.0153,1.0412,-0.0388,1.5764,0.000235,-0.0001,0.0
16.025,FLIGHT,0.9478,1.5424,0.1618,0.1868,0.1595,0.1829,-0.0134,-0.191,0.0057,0.0149,1.0411,-0.039,1.5768,0.000235,-0.0001,0.0
16.03,FLIGHT,0.9486,1.5433,0.1592,0.1825,0.1568,0.1787,-0.0133,-0.191,0.0058,0.0145,1.041,-0.0393,1.5772,0.000234,-0.0001,0.0
16.035,FLIGHT,0.9494,1.5442,0.1565,0.1783,0.1541,0.1746,-0.0133,-0.1909,0.0058,0.0142,1.0409,-0.0396,1.5775,0.000234,-0.0001,0.0
16.04,FLIGHT,0.9502,1.5451,0.1539,0.1742,0.1515,0.1706,-0.0133,-0.1908,0.0058,0.0139,1.0408,-0.0398,1.5779,0.000234,-0.0001,0.0
16.045,FLIGHT,0.9509,1.5459,0.1513,0.1703,0.1489,0.1668,-0.0132,-0.1908,0.0059,0.0136,1.0406,-0.0401,1.5782,0.000233,-0.0001,0.0
16.05,FLIGHT,0.9517,1.5468,0.1487,0.1664,0.1463,0.163,-0.0132,-0.1907,0.0059,0.0132,1.0404,-0.0404,1.5786,0.000233,-0.0001,0.0
16.055,FLIGHT,0.9524,1.5476,0.1461,0.1626,0.1438,0.1593,-0.0132,-0.1906,0.0059,0.0129,1.0402,-0.0406,1.5789,0.000233,-0.0001,0.0
16.06,FLIGHT,0.9531,1.5484,0.1435,0.159,0.1413,0.1557,-0.0131,-0.1906,0.0059,0.0126,1.04,-0.0409,1.5792,0.000232,-0.0001,0.0
16.065,FLIGHT,0.9538,1.5491,0.141,0.1554,0.1388,0.1522,-0.0131,-0.1905,0.0059,0.0124,1.0397,-0.0411,1.5795,0.000232,-0.0001,0.0
16.07,FLIGHT,0.9545,1.5499,0.1385,0.1519,0.1363,0.1488,-0.0131,-0.1905,0.0059,0.0121,1.0395,-0.0414,1.5799,0.000232,-0.0001,0.0
16.075,FLIGHT,0.9552,1.5506,0.1361,0.1484,0.1339,0.1454,-0.0131,-0.1904,0.0059,0.0118,1.0392,-0.0416,1.5802,0.000231,-0.0001,0.0
16.08,FLIGHT,0.9558,1.5513,0.1337,0.1451,0.1315,0.1421,-0.013,-0.1903,0.0059,0.0115,1.0389,-0.0418,1.5805,0.000231,-0.0001,0.0
16.085,FLIGHT,0.9565,1.552,0.1313,0.1418,0.1292,0.139,-0.013,-0.1903,0.0058,0.0113,1.0385,-0.0421,1.5808,0.00023,-0.0001,0.0
16.09,FLIGHT,0.9571,1.5527,0.129,0.1387,0.1269,0.1359,-0.013,-0.1902,0.0058,0.011,1.0382,-0.0423,1.5811,0.00023,-0.0001,0.0
16.095,FLIGHT,0.9577,1.5534,0.1267,0.1356,0.1246,0.1328,-0.0129,-0.1902,0.0058,0.0108,1.0378,-0.0425,1.5813,0.00023,-0.0001,0.0
16.1,FLIGHT,0.9584,1.554,0.1244,0.1325,0.1224,0.1299,-0.0129,-0.1901,0.0058,0.0105,1.0374,-0.0428,1.5816,0.000229,-0.0001,0.0
16.105,FLIGHT,0.959,1.5547,0.1222,0.1296,0.1202,0.127,-0.0129,-0.1901,0.0057,0.0103,1.037,-0.043,1.5819,0.000229,-0.0001,0.0
16.11,FLIGHT,0.9596,1.5553,0.12,0.1267,0.118,0.1241,-0.0129,-0.19,0.0057,0.01,1.0366,-0.0432,1.5822,0.000229,-0.0001,0.0
16.115,FLIGHT,0.9602,1.5559,0.1178,0.1239,0.1159,0.1214,-0.0128,-0.19,0.0057,0.0098,1.0361,-0.0434,1.5824,0.000229,-0.0001,0.0
16.12,FLIGHT,0.9607,1.5565,0.1157,0.1211,0.1138,0.1187,-0.0128,-0.1899,0.0056,0.0096,1.0357,-0.0436,1.5827,0.000228,-0.0001,0.0
16.125,FLIGHT,0.9613,1.5571,0.1136,0.1185,0.1118,0.1161,-0.0128,-0.1899,0.0056,0.0094,1.0352,-0.0438,1.5829,0.000228,-0.0001,0.0
16.13,FLIGHT,0.9618,1.5577,0.1116,0.1158,0.1098,0.1135,-0.0127,-0.1898,0.0056,0.0092,1.0346,-0.044,1.5832,0.000228,-0.0001,0.0
16.135,FLIGHT,0.9624,1.5583,0.1096,0.1133,0.1078,0.111,-0.0127,-0.1898,0.0055,0.009,1.0341,-0.0442,1.5834,0.000227,-0.0001,0.0
16.14,FLIGHT,0.9629,1.5588,0.1076,0.1108,0.1059,0.1086,-0.0127,-0.1897,0.0055,0.0088,1.0336,-0.0444,1.5837,0.000227,-0.0001,0.0
16.145,FLIGHT,0.9634,1.5593,0.1057,0.1084,0.104,0.1062,-0.0127,-0.1897,0.0054,0.0086,1.033,-0.0446,1.5839,0.000227,-0.0001,0.0
16.15,FLIGHT,0.964,1.5599,0.1038,0.106,0.1021,0.1039,-0.0126,-0.1897,0.0054,0.0084,1.0324,-0.0448,1.5841,0.000227,-0.0001,0.0
16.155,FLIGHT,0.9645,1.5604,0.1019,0.1037,0.1002,0.1016,-0.0126,-0.1896,0.0053,0.0082,1.0318,-0.045,1.5844,0.000226,-0.0001,0.0
16.16,FLIGHT,0.965,1.5609,0.1001,0.1014,0.0984,0.0994,-0.0126,-0.1896,0.0053,0.008,1.0312,-0.0452,1.5846,0.000226,-0.0,0.0
16.165,FLIGHT,0.9655,1.5614,0.0983,0.0992,0.0967,0.0972,-0.0126,-0.1895,0.0052,0.0078,1.0305,-0.0454,1.5848,0.000226,-0.0,0.0
16.17,FLIGHT,0.9659,1.5619,0.0965,0.097,0.0949,0.0951,-0.0125,-0.1895,0.0052,0.0077,1.0299,-0.0456,1.585,0.000226,-0.0,0.0
16.175,FLIGHT,0.9664,1.5623,0.0947,0.0949,0.0932,0.0931,-0.0125,-0.1895,0.0051,0.0075,1.0292,-0.0457,1.5852,0.000225,-0.0,0.0
16.18,FLIGHT,0.9669,1.5628,0.093,0.0929,0.0915,0.091,-0.0125,-0.1894,0.0051,0.0073,1.0285,-0.0459,1.5854,0.000225,-0.0,0.0
16.185,FLIGHT,0.9673,1.5632,0.0913,0.0909,0.0898,0.0891,-0.0125,-0.1894,0.005,0.0072,1.0278,-0.0461,1.5856,0.000225,-0.0,0.0
16.19,FLIGHT,0.9678,1.5637,0.0897,0.0889,0.0882,0.0872,-0.0124,-0.1894,0.005,0.007,1.0271,-0.0463,1.5858,0.000225,-0.0,0.0
16.195,FLIGHT,0.9682,1.5641,0.0881,0.087,0.0866,0.0853,-0.0124,-0.1893,0.0049,0.0069,1.0263,-0.0464,1.586,0.000225,-0.0,0.0
16.2,FLIGHT,0.9686,1.5645,0.0865,0.0851,0.085,0.0835,-0.0124,-0.1893,0.0049,0.0067,1.0255,-0.0466,1.5862,0.000224,-0.0,0.0
16.205,FLIGHT,0.969,1.5649,0.0849,0.0833,0.0835,0.0817,-0.0124,-0.1893,0.0048,0.0066,1.0248,-0.0468,1.5864,0.000224,-0.0,0.0
16.21,FLIGHT,0.9695,1.5653,0.0833,0.0815,0.082,0.0799,-0.0123,-0.1892,0.0048,0.0064,1.024,-0.0469,1.5866,0.000224,-0.0,0.0
16.215,FLIGHT,0.9699,1.5657,0.0818,0.0798,0.0805,0.0782,-0.0123,-0.1892,0.0047,0.0063,1.0232,-0.0471,1.5868,0.000224,-0.0,0.0
16.22,FLIGHT,0.9703,1.5661,0.0803,0.0781,0.079,0.0766,-0.0123,-0.1892,0.0047,0.0062,1.0223,-0.0472,1.587,0.000224,-0.0,0.0
16.225,FLIGHT,0.9707,1.5665,0.0788,0.0764,0.0775,0.075,-0.0123,-0.1891,0.0046,0.006,1.0215,-0.0474,1.5872,0.000223,-0.0,0.0
16.23,FLIGHT,0.971,1.5669,0.0774,0.0748,0.0761,0.0734,-0.0122,-0.1891,0.0045,0.0059,1.0206,-0.0475,1.5873,0.000223,-0.0,0.0
16.235,FLIGHT,0.9714,1.5672,0.076,0.0733,0.0747,0.0719,-0.0122,-0.1891,0.0045,0.0058,1.0197,-0.0477,1.5875,0.000223,-0.0,0.0
16.24,FLIGHT,0.9718,1.5676,0.0746,0.0717,0.0733,0.0704,-0.0122,-0.1891,0.0044,0.0057,1.0188,-0.0478,1.5877,0.000223,-0.0,0.0
16.245,FLIGHT,0.9722,1.5679,0.0732,0.0702,0.072,0.0689,-0.0122,-0.189,0.0044,0.0055,1.0179,-0.048,1.5878,0.000223,-0.0,0.0
16.25,FLIGHT,0.9725,1.5683,0.0718,0.0688,0.0706,0.0675,-0.0122,-0.189,0.0043,0.0054,1.017,-0.0481,1.588,0.000223,-0.0,0.0
16.255,FLIGHT,0.9729,1.5686,0.0705,0.0673,0.0693,0.0661,-0.0121,-0.189,0.0042,0.0053,1.016,-0.0483,1.5882,0.000223,-0.0,0.0
16.26,FLIGHT,0.9732,1.5689,0.0692,0.0659,0.068,0.0647,-0.0121,-0.1889,0.0042,0.0052,1.0151,-0.0484,1.5883,0.000222,-0.0,0.0
16.265,FLIGHT,0.9735,1.5693,0.0679,0.0646,0.0667,0.0634,-0.0121,-0.1889,0.0041,0.0051,1.0141,-0.0486,1.5885,0.000222,-0.0,0.0
16.27,FLIGHT,0.9739,1.5696,0.0666,0.0632,0.0655,0.0621,-0.0121,-0.1889,0.004,0.005,1.0131,-0.0487,1.5886,0.000222,-0.0,0.0
16.275,FLIGHT,0.9742,1.5699,0.0654,0.0619,0.0642,0.0608,-0.012,-0.1889,0.004,0.0049,1.0121,-0.0488,1.5888,0.000222,-0.0,0.0
16.28,FLIGHT,0.9745,1.5702,0.0641,0.0607,0.063,0.0596,-0.012,-0.1889,0.0039,0.0048,1.0111,-0.049,1.5889,0.000222,-0.0,0.0
16.285,FLIGHT,0.9748,1.5705,0.0629,0.0594,0.0618,0.0583,-0.012,-0.1888,0.0039,0.0047,1.0101,-0.0491,1.5891,0.000222,-0.0,0.0
16.29,FLIGHT,0.9751,1.5708,0.0617,0.0582,0.0606,0.0572,-0.012,-0.1888,0.0038,0.0046,1.009,-0.0493,1.5892,0.000222,-0.0,0.0
16.295,FLIGHT,0.9754,1.5711,0.0605,0.0571,0.0594,0.056,-0.012,-0.1888,0.0037,0.0045,1.008,-0.0494,1.5894,0.000222,-0.0,0.0
16.3,FLIGHT,0.9757,1.5713,0.0593,0.0559,0.0583,0.0549,-0.012,-0.1888,0.0037,0.0044,1.0069,-0.0495,1.5895,0.000222,-0.0,0.0
16.305,FLIGHT,0.976,1.5716,0.0582,0.0548,0.0572,0.0538,-0.0119,-0.1887,0.0036,0.0043,1.0058,-0.0496,1.5896,0.000221,-0.0,0.0
16.31,FLIGHT,0.9763,1.5719,0.057,0.0537,0.056,0.0527,-0.0119,-0.1887,0.0035,0.0042,1.0047,-0.0498,1.5898,0.000221,-0.0,0.0
16.315,FLIGHT,0.9766,1.5721,0.0559,0.0526,0.0549,0.0517,-0.0119,-0.1887,0.0034,0.0041,1.0036,-0.0499,1.5899,0.000221,-0.0,0.0
16.32,FLIGHT,0.9768,1.5724,0.0548,0.0516,0.0538,0.0507,-0.0119,-0.1887,0.0034,0.0041,1.0024,-0.05,1.59,0.000221,-0.0,0.0
16.325,FLIGHT,0.9771,1.5726,0.0537,0.0506,0.0527,0.0497,-0.0119,-0.1887,0.0033,0.004,1.0013,-0.0502,1.5902,0.000221,-0.0,0.0
16.33,FLIGHT,0.9774,1.5729,0.0526,0.0496,0.0517,0.0487,-0.0119,-0.1886,0.0032,0.0039,1.0001,-0.0503,1.5903,0.000221,-0.0,0.0
16.335,STANCE,0.9792,1.5737,0.3293,0.1105,1.2325,-0.3138,-0.0116,-0.1886,0.0472,0.0063,0.9992,0.0383,-0.3956,-0.000517,-0.3529,0.0711
16.34,STANCE,0.9906,1.5668,1.7605,-1.0103,2.849,-2.0941,-0.0085,-0.1893,0.4714,-0.1047,0.998,-0.7462,-0.5222,-0.002855,-0.5019,0.1032
16.345,STANCE,0.9954,1.5637,1.0557,-0.6191,-0.0749,0.2354,-0.0072,-0.1896,0.2853,-0.0619,0.9978,-0.7842,-1.2301,-0.003884,-0.0334,0.0106
16.35,STANCE,0.9946,1.5649,0.2454,-0.0527,-0.0091,0.0063,-0.0075,-0.1895,0.0538,-0.0065,0.998,-0.7666,-1.957,-0.003752,0.0634,0.0038
16.355,STANCE,0.9963,1.5625,0.3615,-0.4061,0.6961,-1.4343,-0.0068,-0.1897,0.1245,-0.038,0.9982,-1.127,-2.1381,-0.003357,0.1155,0.0034
16.36,STANCE,1.001,1.5515,0.7863,-1.5972,1.411,-2.3544,-0.0044,-0.1907,0.3719,-0.1397,0.9983,-1.6245,-1.7122,-0.002784,-0.0589,0.0146
16.365,STANCE,1.0085,1.5356,1.2501,-2.634,1.3653,-2.5852,-0.0008,-0.1921,0.6112,-0.217,0.9982,-2.0951,-1.0969,-0.003415,-0.1267,0.0288
16.37,STANCE,1.0131,1.5195,1.0073,-3.0199,0.6275,-3.3423,0.0024,-0.1934,0.6253,-0.2364,0.9981,-2.1063,-0.6033,-0.003499,0.0439,0.0035
16.375,STANCE,1.0152,1.5039,0.5637,-3.111,-0.2398,-3.7829,0.005,-0.1946,0.5575,-0.2352,0.998,-1.8358,-0.1422,-0.003633,-0.0115,0.0059
16.38,STANCE,1.0136,1.4887,-0.0683,-3.0397,-0.3699,-2.3693,0.0069,-0.1957,0.4273,-0.2271,0.998,-1.2923,0.2854,-0.004157,-0.1273,0.0296
16.385,STANCE,1.0097,1.4746,-0.5628,-2.8706,-1.0078,-2.9844,0.0082,-0.1968,0.3075,-0.2144,0.9979,-0.6696,0.6637,-0.004354,-0.0087,0.0061
16.39,STANCE,1.0045,1.4599,-0.8929,-2.9348,-1.1081,-3.1135,0.0093,-0.1979,0.253,-0.2187,0.9978,-0.0745,1.0904,-0.004741,-0.0642,0.0176
16.395,STANCE,0.9999,1.4459,-0.8834,-2.8077,-0.6894,-2.4997,0.0105,-0.1989,0.2372,-0.2067,0.9979,0.3092,1.3358,-0.005339,-0.1501,0.0354
16.4,STANCE,0.998,1.4349,-0.503,-2.3558,-0.0485,-1.9135,0.0117,-0.1997,0.2475,-0.1684,0.9983,0.3241,1.282,-0.006188,-0.1884,0.0439
16.405,STANCE,0.9991,1.4259,0.0084,-1.9793,0.4166,-1.7869,0.0133,-0.2003,0.2954,-0.1334,0.9989,0.1169,1.154,-0.00713,-0.176,0.0423
16.41,STANCE,1.0016,1.4166,0.341,-1.9009,0.5216,-1.9113,0.0151,-0.2009,0.3521,-0.1198,0.9995,-0.0224,1.1458,-0.007855,-0.1095,0.0298
16.415,STANCE,1.004,1.407,0.4293,-1.9127,0.4241,-1.9001,0.017,-0.2015,0.3733,-0.115,1.0,-0.0637,1.1745,-0.008215,-0.0362,0.0155
16.42,STANCE,1.0058,1.3978,0.3756,-1.8616,0.3029,-1.7911,0.0188,-0.2021,0.3563,-0.1089,1.0006,-0.0467,1.1771,-0.008242,0.0225,0.0082
16.425,STANCE,1.0071,1.389,0.299,-1.7812,0.2423,-1.716,0.0204,-0.2026,0.33,-0.1021,1.0011,-0.0194,1.1668,-0.008017,0.0649,0.008
16.43,STANCE,1.0083,1.3806,0.2562,-1.7225,0.2353,-1.6802,0.0219,-0.203,0.3136,-0.0965,1.0017,-0.0052,1.1646,-0.007615,0.0945,0.0076
16.435,STANCE,1.0095,1.3723,0.2462,-1.6781,0.2461,-1.6373,0.0234,-0.2035,0.3059,-0.0913,1.0022,-0.0042,1.1676,-0.007087,0.1156,0.0071
16.44,STANCE,1.0107,1.3642,0.2495,-1.6278,0.2534,-1.5789,0.0249,-0.2039,0.2998,-0.0856,1.0027,-0.0087,1.1676,-0.006467,0.1316,0.0065
16.445,STANCE,1.012,1.3565,0.2524,-1.5719,0.2534,-1.5221,0.0264,-0.2043,0.2928,-0.0799,1.0032,-0.013,1.1646,-0.005775,0.1446,0.0058
16.45,STANCE,1.0133,1.349,0.2514,-1.5189,0.2487,-1.4739,0.0278,-0.2047,0.2852,-0.0746,1.0038,-0.0157,1.1621,-0.005025,0.155,0.005
16.455,FLIGHT,1.0117,1.3473,-0.2457,-0.4814,-1.5377,2.0676,0.0277,-0.2048,0.0238,-0.0326,1.0048,-1.4488,2.6139,-0.004157,0.2133,0.0042
16.46,FLIGHT,0.999,1.366,-1.8956,2.5267,-3.2243,4.7318,0.0222,-0.2041,-0.7714,0.1057,1.0069,-0.6045,1.9359,-0.002882,0.2868,0.0029
16.465,FLIGHT,0.9827,1.3886,-2.8037,3.8174,-3.0757,3.9536,0.0155,-0.203,-1.141,0.2023,1.009,-0.0324,1.484,-0.001421,0.2856,0.0014
16.47,FLIGHT,0.9694,1.4042,-2.6509,3.238,-2.2172,2.3028,0.0105,-0.2022,-1.0147,0.1945,1.0106,0.0416,1.4388,-0.000107,0.2369,0.0001
16.475,FLIGHT,0.9601,1.413,-2.0794,2.1929,-1.5721,1.3886,0.0073,-0.2016,-0.7407,0.1412,1.0118,-0.098,1.5639,0.000826,0.1402,0.0
16.48,FLIGHT,0.953,1.4194,-1.6248,1.5737,-1.3301,1.2646,0.005,-0.2012,-0.5561,0.1073,1.013,-0.1971,1.6501,0.001348,0.0732,0.0
16.485,FLIGHT,0.9465,1.426,-1.4,1.4165,-1.271,1.3929,0.0027,-0.2007,-0.4859,0.1028,1.0141,-0.1963,1.6522,0.001598,0.0298,0.0
16.49,FLIGHT,0.9403,1.4331,-1.2863,1.4172,-1.1946,1.4112,0.0004,-0.2002,-0.4611,0.1087,1.0153,-0.1492,1.6167,0.001673,0.0024,0.0
16.495,FLIGHT,0.9347,1.4399,-1.1712,1.3677,-1.0535,1.2838,-0.0017,-0.1997,-0.429,0.1099,1.0164,-0.1099,1.5886,0.001639,-0.0142,0.0028
16.5,FLIGHT,0.9299,1.4459,-1.0263,1.2439,-0.8886,1.1164,-0.0035,-0.1992,-0.3808,0.1036,1.0175,-0.0932,1.5793,0.001542,-0.0236,0.0047
16.505,FLIGHT,0.9258,1.4511,-0.8734,1.1035,-0.741,0.9861,-0.005,-0.1987,-0.3292,0.0946,1.0185,-0.0888,1.5797,0.001412,-0.028,0.0056
16.51,FLIGHT,0.9224,1.4558,-0.7355,0.9893,-0.6217,0.9026,-0.0064,-0.1983,-0.2847,0.0867,1.0194,-0.0852,1.5802,0.001268,-0.0292,0.0058
16.515,FLIGHT,0.9195,1.4602,-0.6185,0.9066,-0.5221,0.8431,-0.0076,-0.198,-0.2492,0.0807,1.0204,-0.0787,1.5778,0.001123,-0.0285,0.0057
16.52,FLIGHT,0.9172,1.4643,-0.5177,0.8423,-0.4327,0.789,-0.0086,-0.1976,-0.2196,0.0759,1.0212,-0.0708,1.574,0.000985,-0.0266,0.0053
16.525,FLIGHT,0.9152,1.4681,-0.4272,0.7851,-0.3498,0.7356,-0.0095,-0.1973,-0.1932,0.0713,1.0221,-0.0637,1.5707,0.000858,-0.0241,0.0048
16.53,FLIGHT,0.9136,1.4716,-0.3445,0.7317,-0.274,0.6858,-0.0103,-0.1969,-0.169,0.0667,1.0229,-0.0584,1.5685,0.000744,-0.0213,0.0043
16.535,FLIGHT,0.9125,1.475,-0.2697,0.6832,-0.2064,0.6424,-0.011,-0.1966,-0.1472,0.0624,1.0236,-0.0543,1.5671,0.000645,-0.0184,0.0037
16.54,FLIGHT,0.9116,1.4781,-0.2031,0.6406,-0.1472,0.6052,-0.0116,-0.1964,-0.128,0.0584,1.0244,-0.0508,1.5661,0.00056,-0.0156,0.0031
16.545,FLIGHT,0.911,1.481,-0.1444,0.6038,-0.0952,0.573,-0.0121,-0.1961,-0.1112,0.0549,1.0251,-0.0478,1.5652,0.000489,-0.0129,0.0026
16.55,FLIGHT,0.9106,1.4838,-0.0929,0.5715,-0.0497,0.5443,-0.0126,-0.1958,-0.0965,0.0517,1.0258,-0.0451,1.5645,0.000431,-0.0105,0.0021
16.555,FLIGHT,0.9105,1.4865,-0.0476,0.5428,-0.0097,0.5184,-0.013,-0.1956,-0.0835,0.0488,1.0264,-0.0429,1.5639,0.000384,-0.0084,0.0017
16.56,FLIGHT,0.9105,1.489,-0.0079,0.517,0.0253,0.495,-0.0133,-0.1954,-0.0721,0.0462,1.027,-0.041,1.5635,0.000347,-0.0066,0.0013
16.565,FLIGHT,0.9107,1.4914,0.0268,0.4937,0.0557,0.4738,-0.0136,-0.1952,-0.0621,0.0438,1.0276,-0.0395,1.5633,0.000318,-0.0051,0.001
16.57,FLIGHT,0.9111,1.4937,0.0569,0.4726,0.0819,0.4547,-0.0138,-0.195,-0.0532,0.0416,1.0282,-0.0382,1.5633,0.000295,-0.0039,0.0008
16.575,FLIGHT,0.9115,1.496,0.0829,0.4535,0.1045,0.4372,-0.0141,-0.1948,-0.0455,0.0396,1.0287,-0.0372,1.5633,0.000278,-0.003,0.0006
16.58,FLIGHT,0.9121,1.4981,0.1052,0.4361,0.1237,0.4212,-0.0142,-0.1946,-0.0388,0.0378,1.0292,-0.0363,1.5634,0.000265,-0.0022,0.0004
16.585,FLIGHT,0.9128,1.5002,0.1243,0.4202,0.1401,0.4065,-0.0144,-0.1944,-0.0328,0.0362,1.0297,-0.0356,1.5635,0.000256,-0.0016,0.0003
16.59,FLIGHT,0.9135,1.5022,0.1405,0.4054,0.1539,0.3928,-0.0145,-0.1942,-0.0277,0.0347,1.0302,-0.0351,1.5638,0.000249,-0.0011,0.0002
16.595,FLIGHT,0.9143,1.5041,0.1542,0.3918,0.1654,0.38,-0.0146,-0.1941,-0.0232,0.0333,1.0306,-0.0347,1.5641,0.000244,-0.0008,0.0002
16.6,FLIGHT,0.9151,1.506,0.1656,0.3791,0.1749,0.3681,-0.0147,-0.1939,-0.0192,0.032,1.031,-0.0345,1.5644,0.000241,-0.0005,0.0001
16.605,FLIGHT,0.916,1.5078,0.1751,0.3673,0.1827,0.357,-0.0148,-0.1938,-0.0158,0.0308,1.0314,-0.0343,1.5648,0.000239,-0.0003,0.0001
16.61,FLIGHT,0.917,1.5095,0.1828,0.3561,0.189,0.3465,-0.0148,-0.1936,-0.0128,0.0297,1.0317,-0.0342,1.5651,0.000238,-0.0002,0.0
16.615,FLIGHT,0.9179,1.5113,0.189,0.3457,0.1939,0.3366,-0.0149,-0.1935,-0.0102,0.0287,1.0321,-0.0341,1.5656,0.000237,-0.0001,0.0
16.62,FLIGHT,0.9189,1.5129,0.1938,0.3358,0.1977,0.3271,-0.0149,-0.1933,-0.0079,0.0277,1.0324,-0.0342,1.566,0.000237,0.0,0.0
16.625,FLIGHT,0.9199,1.5145,0.1976,0.3264,0.2004,0.3182,-0.015,-0.1932,-0.0059,0.0269,1.0326,-0.0342,1.5664,0.000238,0.0001,0.0
16.63,FLIGHT,0.9209,1.5161,0.2003,0.3175,0.2023,0.3097,-0.015,-0.1931,-0.0042,0.026,1.0329,-0.0344,1.5669,0.000238,0.0001,0.0
16.635,FLIGHT,0.9219,1.5176,0.2021,0.309,0.2034,0.3015,-0.015,-0.1929,-0.0027,0.0252,1.0331,-0.0345,1.5674,0.000238,0.0001,0.0
16.64,FLIGHT,0.9229,1.5191,0.2032,0.3008,0.2039,0.2937,-0.015,-0.1928,-0.0014,0.0245,1.0333,-0.0347,1.5678,0.000239,0.0001,0.0
16.645,FLIGHT,0.924,1.5206,0.2037,0.293,0.2038,0.2862,-0.015,-0.1927,-0.0003,0.0238,1.0335,-0.0349,1.5683,0.000239,0.0001,0.0
16.65,FLIGHT,0.925,1.522,0.2035,0.2856,0.2032,0.279,-0.015,-0.1926,0.0007,0.0231,1.0337,-0.0351,1.5688,0.00024,0.0001,0.0
16.655,FLIGHT,0.926,1.5234,0.203,0.2784,0.2022,0.2721,-0.015,-0.1925,0.0015,0.0225,1.0338,-0.0354,1.5693,0.00024,0.0001,0.0
16.66,FLIGHT,0.927,1.5247,0.202,0.2715,0.2009,0.2654,-0.015,-0.1924,0.0023,0.0219,1.0339,-0.0356,1.5697,0.00024,0.0001,0.0
16.665,FLIGHT,0.928,1.526,0.2006,0.2648,0.1993,0.2589,-0.0149,-0.1923,0.0029,0.0213,1.034,-0.0359,1.5702,0.000241,0.0,0.0
16.67,FLIGHT,0.929,1.5273,0.199,0.2583,0.1974,0.2526,-0.0149,-0.1922,0.0034,0.0208,1.034,-0.0362,1.5707,0.000241,0.0,0.0
16.675,FLIGHT,0.93,1.5285,0.1971,0.2521,0.1953,0.2466,-0.0149,-0.1921,0.0039,0.0202,1.0341,-0.0365,1.5711,0.000241,0.0,0.0
16.68,FLIGHT,0.9309,1.5298,0.195,0.2461,0.1931,0.2407,-0.0149,-0.192,0.0043,0.0197,1.0341,-0.0368,1.5716,0.000241,0.0,0.0
16.685,FLIGHT,0.9319,1.5309,0.1928,0.2402,0.1907,0.235,-0.0149,-0.1919,0.0046,0.0192,1.0341,-0.037,1.572,0.000241,-0.0,0.0
16.69,FLIGHT,0.9328,1.5321,0.1904,0.2345,0.1882,0.2295,-0.0148,-0.1918,0.0049,0.0187,1.034,-0.0373,1.5725,0.000241,-0.0,0.0
16.695,FLIGHT,0.9338,1.5332,0.1878,0.229,0.1856,0.2241,-0.0148,-0.1917,0.0052,0.0183,1.034,-0.0376,1.5729,0.000241,-0.0,0.0
16.7,FLIGHT,0.9347,1.5343,0.1852,0.2237,0.1829,0.2189,-0.0148,-0.1916,0.0054,0.0178,1.0339,-0.0379,1.5734,0.000241,-0.0,0.0
16.705,FLIGHT,0.9356,1.5354,0.1826,0.2185,0.1802,0.2139,-0.0147,-0.1915,0.0056,0.0174,1.0338,-0.0382,1.5738,0.00024,-0.0,0.0
16.71,FLIGHT,0.9365,1.5365,0.1798,0.2134,0.1774,0.2089,-0.0147,-0.1914,0.0057,0.017,1.0336,-0.0385,1.5742,0.00024,-0.0001,0.0
16.715,FLIGHT,0.9374,1.5375,0.1771,0.2085,0.1746,0.2041,-0.0147,-0.1914,0.0058,0.0166,1.0335,-0.0388,1.5746,0.00024,-0.0001,0.0
16.72,FLIGHT,0.9382,1.5385,0.1743,0.2037,0.1718,0.1994,-0.0147,-0.1913,0.0059,0.0162,1.0333,-0.0391,1.575,0.00024,-0.0001,0.0
16.725,FLIGHT,0.9391,1.5395,0.1715,0.199,0.169,0.1949,-0.0146,-0.1912,0.006,0.0158,1.0331,-0.0394,1.5754,0.000239,-0.0001,0.0
16.73,FLIGHT,0.9399,1.5405,0.1687,0.1945,0.1662,0.1904,-0.0146,-0.1911,0.0061,0.0155,1.0329,-0.0397,1.5758,0.000239,-0.0001,0.0
16.735,FLIGHT,0.9408,1.5414,0.1659,0.19,0.1634,0.1861,-0.0146,-0.191,0.0061,0.0151,1.0327,-0.04,1.5762,0.000239,-0.0001,0.0
16.74,FLIGHT,0.9416,1.5423,0.1631,0.1857,0.1606,0.1819,-0.0145,-0.191,0.0062,0.0147,1.0324,-0.0403,1.5766,0.000238,-0.0001,0.0
16.745,FLIGHT,0.9424,1.5432,0.1603,0.1815,0.1578,0.1778,-0.0145,-0.1909,0.0062,0.0144,1.0321,-0.0406,1.577,0.000238,-0.0001,0.0
16.75,FLIGHT,0.9432,1.5441,0.1575,0.1774,0.1551,0.1738,-0.0145,-0.1908,0.0062,0.0141,1.0318,-0.0409,1.5773,0.000238,-0.0001,0.0
16.755,FLIGHT,0.9439,1.545,0.1548,0.1734,0.1523,0.1698,-0.0144,-0.1908,0.0062,0.0137,1.0315,-0.0411,1.5777,0.000237,-0.0001,0.0
16.76,FLIGHT,0.9447,1.5458,0.1521,0.1695,0.1497,0.166,-0.0144,-0.1907,0.0062,0.0134,1.0312,-0.0414,1.578,0.000237,-0.0001,0.0
16.765,FLIGHT,0.9454,1.5466,0.1494,0.1657,0.147,0.1623,-0.0144,-0.1906,0.0062,0.0131,1.0308,-0.0417,1.5784,0.000236,-0.0001,0.0
16.77,FLIGHT,0.9461,1.5474,0.1467,0.162,0.1444,0.1587,-0.0143,-0.1906,0.0062,0.0128,1.0304,-0.0419,1.5787,0.000236,-0.0001,0.0
16.775,FLIGHT,0.9469,1.5482,0.1441,0.1583,0.1418,0.1551,-0.0143,-0.1905,0.0062,0.0125,1.03,-0.0422,1.579,0.000236,-0.0001,0.0
16.78,FLIGHT,0.9476,1.549,0.1415,0.1548,0.1392,0.1517,-0.0143,-0.1904,0.0061,0.0123,1.0296,-0.0424,1.5794,0.000235,-0.0001,0.0
16.785,FLIGHT,0.9483,1.5497,0.139,0.1513,0.1367,0.1483,-0.0143,-0.1904,0.0061,0.012,1.0292,-0.0427,1.5797,0.000235,-0.0001,0.0
16.79,FLIGHT,0.9489,1.5505,0.1365,0.148,0.1342,0.145,-0.0142,-0.1903,0.0061,0.0117,1.0287,-0.0429,1.58,0.000235,-0.0001,0.0
16.795,FLIGHT,0.9496,1.5512,0.134,0.1447,0.1318,0.1418,-0.0142,-0.1903,0.0061,0.0114,1.0282,-0.0432,1.5803,0.000234,-0.0001,0.0
16.8,FLIGHT,0.9502,1.5519,0.1316,0.1415,0.1294,0.1386,-0.0142,-0.1902,0.006,0.0112,1.0277,-0.0434,1.5806,0.000234,-0.0001,0.0
16.805,FLIGHT,0.9509,1.5526,0.1292,0.1383,0.1271,0.1355,-0.0141,-0.1902,0.006,0.0109,1.0272,-0.0437,1.5809,0.000234,-0.0001,0.0
16.81,FLIGHT,0.9515,1.5532,0.1268,0.1353,0.1247,0.1325,-0.0141,-0.1901,0.0059,0.0107,1.0266,-0.0439,1.5812,0.000233,-0.0001,0.0
16.815,FLIGHT,0.9521,1.5539,0.1245,0.1323,0.1225,0.1296,-0.0141,-0.1901,0.0059,0.0105,1.0261,-0.0441,1.5815,0.000233,-0.0001,0.0
16.82,FLIGHT,0.9527,1.5545,0.1222,0.1294,0.1202,0.1268,-0.014,-0.19,0.0058,0.0102,1.0255,-0.0443,1.5817,0.000233,-0.0001,0.0
16.825,FLIGHT,0.9533,1.5552,0.12,0.1265,0.118,0.124,-0.014,-0.19,0.0058,0.01,1.0249,-0.0446,1.582,0.000232,-0.0001,0.0
16.83,FLIGHT,0.9539,1.5558,0.1178,0.1237,0.1158,0.1213,-0.014,-0.1899,0.0057,0.0098,1.0243,-0.0448,1.5823,0.000232,-0.0001,0.0
16.835,FLIGHT,0.9545,1.5564,0.1156,0.121,0.1137,0.1186,-0.014,-0.1899,0.0057,0.0096,1.0237,-0.045,1.5826,0.000232,-0.0001,0.0
16.84,FLIGHT,0.9551,1.557,0.1135,0.1184,0.1116,0.116,-0.0139,-0.1898,0.0056,0.0093,1.023,-0.0452,1.5828,0.000231,-0.0001,0.0
16.845,FLIGHT,0.9556,1.5575,0.1114,0.1158,0.1096,0.1135,-0.0139,-0.1898,0.0056,0.0091,1.0223,-0.0454,1.5831,0.000231,-0.0001,0.0
16.85,FLIGHT,0.9562,1.5581,0.1094,0.1132,0.1075,0.111,-0.0139,-0.1897,0.0055,0.0089,1.0216,-0.0456,1.5833,0.000231,-0.0001,0.0
16.855,FLIGHT,0.9567,1.5587,0.1073,0.1108,0.1055,0.1086,-0.0139,-0.1897,0.0055,0.0087,1.0209,-0.0458,1.5836,0.00023,-0.0001,0.0
16.86,FLIGHT,0.9572,1.5592,0.1054,0.1084,0.1036,0.1062,-0.0138,-0.1896,0.0054,0.0085,1.0202,-0.046,1.5838,0.00023,-0.0001,0.0
16.865,FLIGHT,0.9577,1.5597,0.1034,0.106,0.1017,0.1039,-0.0138,-0.1896,0.0054,0.0084,1.0195,-0.0462,1.584,0.00023,-0.0001,0.0
16.87,FLIGHT,0.9582,1.5602,0.1015,0.1037,0.0998,0.1017,-0.0138,-0.1896,0.0053,0.0082,1.0187,-0.0464,1.5843,0.00023,-0.0001,0.0
16.875,FLIGHT,0.9587,1.5607,0.0996,0.1015,0.0979,0.0995,-0.0137,-0.1895,0.0052,0.008,1.0179,-0.0466,1.5845,0.000229,-0.0,0.0
16.88,FLIGHT,0.9592,1.5612,0.0978,0.0993,0.0961,0.0973,-0.0137,-0.1895,0.0052,0.0078,1.0172,-0.0468,1.5847,0.000229,-0.0,0.0
16.885,FLIGHT,0.9597,1.5617,0.0959,0.0971,0.0943,0.0953,-0.0137,-0.1894,0.0051,0.0077,1.0163,-0.047,1.5849,0.000229,-0.0,0.0
16.89,FLIGHT,0.9601,1.5622,0.0941,0.0951,0.0926,0.0932,-0.0137,-0.1894,0.0051,0.0075,1.0155,-0.0472,1.5851,0.000229,-0.0,0.0
16.895,FLIGHT,0.9606,1.5626,0.0924,0.093,0.0908,0.0912,-0.0136,-0.1894,0.005,0.0073,1.0147,-0.0473,1.5853,0.000229,-0.0,0.0
16.9,FLIGHT,0.9611,1.5631,0.0907,0.091,0.0891,0.0893,-0.0136,-0.1893,0.0049,0.0072,1.0138,-0.0475,1.5856,0.000228,-0.0,0.0
16.905,FLIGHT,0.9615,1.5635,0.089,0.0891,0.0874,0.0874,-0.0136,-0.1893,0.0049,0.007,1.013,-0.0477,1.5858,0.000228,-0.0,0.0
16.91,FLIGHT,0.9619,1.564,0.0873,0.0872,0.0858,0.0855,-0.0136,-0.1893,0.0048,0.0069,1.0121,-0.0479,1.586,0.000228,-0.0,0.0
16.915,FLIGHT,0.9624,1.5644,0.0856,0.0854,0.0842,0.0837,-0.0135,-0.1892,0.0047,0.0067,1.0112,-0.048,1.5861,0.000228,-0.0,0.0
16.92,FLIGHT,0.9628,1.5648,0.084,0.0835,0.0826,0.0819,-0.0135,-0.1892,0.0047,0.0066,1.0102,-0.0482,1.5863,0.000227,-0.0,0.0
16.925,FLIGHT,0.9632,1.5652,0.0824,0.0818,0.081,0.0802,-0.0135,-0.1892,0.0046,0.0064,1.0093,-0.0484,1.5865,0.000227,-0.0,0.0
16.93,FLIGHT,0.9636,1.5656,0.0809,0.0801,0.0795,0.0785,-0.0135,-0.1891,0.0045,0.0063,1.0083,-0.0485,1.5867,0.000227,-0.0,0.0
16.935,FLIGHT,0.964,1.566,0.0793,0.0784,0.0779,0.0769,-0.0135,-0.1891,0.0045,0.0062,1.0074,-0.0487,1.5869,0.000227,-0.0,0.0
16.94,FLIGHT,0.9644,1.5664,0.0778,0.0767,0.0764,0.0753,-0.0134,-0.1891,0.0044,0.006,1.0064,-0.0489,1.5871,0.000227,-0.0,0.0
16.945,FLIGHT,0.9647,1.5667,0.0763,0.0751,0.075,0.0737,-0.0134,-0.189,0.0043,0.0059,1.0054,-0.049,1.5873,0.000227,-0.0,0.0
16.95,FLIGHT,0.9651,1.5671,0.0748,0.0736,0.0735,0.0722,-0.0134,-0.189,0.0043,0.0058,1.0044,-0.0492,1.5874,0.000226,-0.0,0.0
16.955,FLIGHT,0.9655,1.5675,0.0734,0.0721,0.0721,0.0707,-0.0134,-0.189,0.0042,0.0057,1.0034,-0.0493,1.5876,0.000226,-0.0,0.0
16.96,FLIGHT,0.9658,1.5678,0.072,0.0706,0.0707,0.0692,-0.0133,-0.189,0.0041,0.0056,1.0023,-0.0495,1.5878,0.000226,-0.0,0.0
16.965,FLIGHT,0.9662,1.5682,0.0706,0.0691,0.0693,0.0678,-0.0133,-0.1889,0.004,0.0054,1.0013,-0.0496,1.5879,0.000226,-0.0,0.0
16.97,FLIGHT,0.9665,1.5685,0.0692,0.0677,0.0679,0.0664,-0.0133,-0.1889,0.004,0.0053,1.0002,-0.0498,1.5881,0.000226,-0.0,0.0
16.975,STANCE,0.9683,1.5692,0.3366,0.1003,1.2276,-0.3742,-0.0131,-0.1889,0.0501,0.0049,0.9993,0.0683,-0.3841,-0.000493,-0.3443,0.0694
16.98,STANCE,0.9798,1.5619,1.7591,-1.0736,3.1128,-2.4147,-0.0099,-0.1897,0.4798,-0.1137,0.9981,-0.7012,-0.4959,-0.002779,-0.5284,0.1085
16.985,STANCE,0.9878,1.5555,1.4443,-1.0257,0.0854,0.0472,-0.0075,-0.1903,0.4158,-0.1007,0.9976,-0.9162,-1.0449,-0.004279,-0.0732,0.0189
16.99,STANCE,0.9867,1.557,0.2989,-0.1223,-0.2246,0.2122,-0.0079,-0.1902,0.0736,-0.0131,0.9979,-0.7584,-1.9098,-0.004228,0.0609,0.0042
16.995,STANCE,0.9872,1.5557,0.2159,-0.2761,0.498,-0.7996,-0.0077,-0.1903,0.079,-0.0259,0.9982,-1.0191,-2.1873,-0.003822,0.095,0.0038
17.0,STANCE,0.991,1.5458,0.6102,-1.4891,1.0855,-2.131,-0.0056,-0.1912,0.323,-0.1313,0.9982,-1.4855,-1.7697,-0.003148,0.0696,0.0031
17.005,STANCE,0.999,1.5295,1.2876,-2.773,1.5218,-3.1821,-0.0018,-0.1926,0.6378,-0.231,0.9981,-2.049,-1.0492,-0.003627,-0.1427,0.0322
17.01,STANCE,1.0041,1.513,1.0656,-3.1472,0.7563,-3.082,0.0016,-0.1939,0.6546,-0.2483,0.998,-2.0789,-0.5522,-0.003843,-0.0002,0.0039
17.015,STANCE,1.0063,1.4977,0.5913,-3.0986,-0.0856,-3.3438,0.0042,-0.1951,0.5607,-0.2359,0.998,-1.7986,-0.1473,-0.003928,-0.0773,0.0194
17.02,STANCE,1.0042,1.4817,-0.1142,-3.1365,-0.7915,-3.3307,0.0061,-0.1963,0.4317,-0.2357,0.9979,-1.2313,0.3309,-0.004639,-0.0807,0.0208
17.025,STANCE,0.9999,1.4665,-0.6448,-3.0677,-0.9731,-2.9149,0.0074,-0.1975,0.3193,-0.2298,0.9977,-0.601,0.7575,-0.004939,-0.027,0.0103
17.03,STANCE,0.9948,1.4521,-0.8894,-2.9307,-0.9155,-2.625,0.0085,-0.1986,0.2521,-0.2185,0.9978,-0.0455,1.1053,-0.004981,-0.0865,0.0223
17.035,STANCE,0.9908,1.4391,-0.8162,-2.7052,-0.613,-2.4722,0.0096,-0.1995,0.2346,-0.199,0.9979,0.3071,1.3108,-0.005336,-0.0743,0.0202
17.04,STANCE,0.9892,1.4281,-0.4337,-2.3259,0.0146,-1.9209,0.011,-0.2003,0.2564,-0.1659,0.9984,0.3184,1.2871,-0.00583,-0.1232,0.0305
17.045,STANCE,0.9906,1.4191,0.065,-1.9551,0.4595,-1.7445,0.0125,-0.2009,0.303,-0.1316,0.999,0.1156,1.1612,-0.006478,-0.1232,0.0311
17.05,STANCE,0.9932,1.4102,0.385,-1.8541,0.5579,-1.8498,0.0144,-0.2015,0.3539,-0.1169,0.9996,-0.0191,1.1432,-0.006966,-0.0675,0.0205
17.055,STANCE,0.9958,1.4008,0.4692,-1.8618,0.4636,-1.855,0.0163,-0.202,0.3737,-0.1119,1.0002,-0.0592,1.1696,-0.007139,-0.003,0.0077
17.06,STANCE,0.9978,1.3918,0.4163,-1.8201,0.3449,-1.7577,0.0181,-0.2026,0.3583,-0.1064,1.0008,-0.0431,1.1755,-0.00702,0.0481,0.007
17.065,STANCE,0.9994,1.3832,0.3403,-1.7447,0.2835,-1.6805,0.0197,-0.2031,0.3328,-0.0998,1.0013,-0.0166,1.1668,-0.006684,0.0837,0.0067
17.07,STANCE,1.0007,1.3749,0.2966,-1.6851,0.2745,-1.6415,0.0212,-0.2035,0.3161,-0.0941,1.0019,-0.0025,1.1637,-0.006202,0.1078,0.0062
17.075,STANCE,1.0021,1.3668,0.2853,-1.6402,0.2839,-1.6002,0.0228,-0.204,0.308,-0.0889,1.0024,-0.0015,1.1661,-0.005619,0.1243,0.0056
17.08,FLIGHT,1.0036,1.3589,0.2872,-1.5917,0.2901,-1.5448,0.0242,-0.2044,0.302,-0.0833,1.003,-1.5636,2.721,-0.004965,0.1366,0.005
17.085,FLIGHT,1.0003,1.3607,-0.4977,0.0152,-1.9452,2.8019,0.0233,-0.2044,-0.104,-0.0107,1.0043,-1.2736,2.4768,-0.004126,0.2139,0.0041
17.09,FLIGHT,0.9866,1.3809,-2.0815,2.8267,-3.2056,4.607,0.0175,-0.2035,-0.849,0.1406,1.0065,-0.4409,1.8064,-0.002871,0.2766,0.0029
17.095,FLIGHT,0.9711,1.4017,-2.7456,3.6623,-2.8295,3.4854,0.0112,-0.2023,-1.098,0.2184,1.0085,0.0131,1.4497,-0.001489,0.2657,0.0015
17.1,FLIGHT,0.9591,1.4151,-2.465,2.9033,-1.9909,1.9485,0.0068,-0.2015,-0.9216,0.1916,1.01,0.0189,1.4601,-0.000277,0.2176,0.0003
17.105,FLIGHT,0.9507,1.4227,-1.9072,1.9287,-1.4471,1.2378,0.004,-0.201,-0.6633,0.1353,1.0113,-0.122,1.5856,0.000624,0.1378,0.0
17.11,FLIGHT,0.944,1.4286,-1.5114,1.4311,-1.2651,1.21,0.0018,-0.2006,-0.5096,0.1059,1.0124,-0.1988,1.653,0.001143,0.074,0.0
17.115,FLIGHT,0.9378,1.435,-1.3244,1.3346,-1.2143,1.3337,-0.0003,-0.2001,-0.4562,0.1042,1.0136,-0.1846,1.6439,0.001401,0.0323,0.0
17.12,FLIGHT,0.9319,1.4417,-1.2195,1.3387,-1.1278,1.323,-0.0025,-0.1995,-0.4338,0.1095,1.0148,-0.1378,1.6086,0.001491,0.0058,0.0
17.125,FLIGHT,0.9266,1.448,-1.1023,1.2776,-0.9833,1.1865,-0.0044,-0.199,-0.4,0.1086,1.016,-0.1041,1.5851,0.001476,-0.0105,0.0021
17.13,FLIGHT,0.9221,1.4535,-0.9588,1.1526,-0.8251,1.0299,-0.0061,-0.1985,-0.3523,0.1011,1.017,-0.0913,1.5788,0.001398,-0.0198,0.004
17.135,FLIGHT,0.9183,1.4584,-0.8129,1.0216,-0.6882,0.915,-0.0075,-0.1981,-0.3039,0.0918,1.0181,-0.088,1.5798,0.001286,-0.0244,0.0049
17.14,FLIGHT,0.9152,1.4628,-0.6838,0.9191,-0.5778,0.8418,-0.0088,-0.1977,-0.2631,0.084,1.019,-0.0841,1.5799,0.001159,-0.0259,0.0052
17.145,FLIGHT,0.9125,1.4668,-0.5747,0.845,-0.4844,0.7874,-0.0099,-0.1973,-0.2305,0.0782,1.02,-0.0774,1.5771,0.00103,-0.0255,0.0051
17.15,FLIGHT,0.9103,1.4706,-0.4799,0.7858,-0.3998,0.7362,-0.0108,-0.197,-0.2031,0.0733,1.0209,-0.0698,1.5734,0.000906,-0.0239,0.0048
17.155,FLIGHT,0.9085,1.4742,-0.3944,0.7323,-0.3213,0.686,-0.0117,-0.1967,-0.1784,0.0686,1.0217,-0.0634,1.5705,0.000792,-0.0217,0.0043
17.16,FLIGHT,0.9071,1.4775,-0.3165,0.6824,-0.25,0.6398,-0.0124,-0.1963,-0.1558,0.064,1.0226,-0.0585,1.5686,0.00069,-0.0192,0.0038
17.165,FLIGHT,0.906,1.4806,-0.2462,0.6374,-0.1868,0.5997,-0.013,-0.1961,-0.1355,0.0597,1.0234,-0.0548,1.5674,0.0006,-0.0165,0.0033
17.17,FLIGHT,0.9052,1.4835,-0.1838,0.5981,-0.1313,0.5655,-0.0136,-0.1958,-0.1176,0.0558,1.0241,-0.0516,1.5664,0.000524,-0.0139,0.0028
17.175,FLIGHT,0.9047,1.4863,-0.1288,0.5641,-0.0828,0.5356,-0.0141,-0.1955,-0.102,0.0523,1.0249,-0.0487,1.5656,0.000461,-0.0115,0.0023
17.18,FLIGHT,0.9044,1.4889,-0.0806,0.5342,-0.0401,0.509,-0.0145,-0.1953,-0.0884,0.0492,1.0256,-0.0463,1.5649,0.000409,-0.0093,0.0019
17.185,FLIGHT,0.9043,1.4914,-0.0382,0.5075,-0.0027,0.4849,-0.0148,-0.1951,-0.0763,0.0464,1.0262,-0.0442,1.5644,0.000367,-0.0074,0.0015
17.19,FLIGHT,0.9044,1.4937,-0.0011,0.4835,0.0299,0.4632,-0.0152,-0.1949,-0.0657,0.0438,1.0269,-0.0424,1.5641,0.000334,-0.0058,0.0012
17.195,FLIGHT,0.9046,1.496,0.0313,0.4619,0.0583,0.4435,-0.0154,-0.1947,-0.0564,0.0415,1.0275,-0.041,1.5639,0.000308,-0.0045,0.0009
17.2,FLIGHT,0.9049,1.4982,0.0594,0.4423,0.0827,0.4257,-0.0156,-0.1945,-0.0482,0.0394,1.0281,-0.0398,1.5638,0.000288,-0.0035,0.0007
17.205,FLIGHT,0.9054,1.5002,0.0836,0.4246,0.1037,0.4095,-0.0158,-0.1943,-0.0411,0.0375,1.0286,-0.0389,1.5638,0.000273,-0.0026,0.0005
17.21,FLIGHT,0.906,1.5023,0.1044,0.4084,0.1216,0.3946,-0.016,-0.1941,-0.0348,0.0357,1.0292,-0.0381,1.5639,0.000262,-0.0019,0.0004
17.215,FLIGHT,0.9066,1.5042,0.1222,0.3936,0.1368,0.3808,-0.0161,-0.1939,-0.0293,0.0341,1.0297,-0.0375,1.5641,0.000253,-0.0014,0.0003
17.22,FLIGHT,0.9073,1.5061,0.1372,0.3799,0.1496,0.3681,-0.0162,-0.1938,-0.0246,0.0327,1.0302,-0.037,1.5643,0.000248,-0.001,0.0002
17.225,FLIGHT,0.9081,1.5079,0.1499,0.3672,0.1603,0.3562,-0.0163,-0.1936,-0.0204,0.0313,1.0306,-0.0367,1.5646,0.000243,-0.0007,0.0001
17.23,FLIGHT,0.9089,1.5096,0.1605,0.3553,0.1691,0.3451,-0.0164,-0.1935,-0.0167,0.0301,1.0311,-0.0364,1.5649,0.000241,-0.0004,0.0001
17.235,FLIGHT,0.9098,1.5113,0.1692,0.3443,0.1763,0.3347,-0.0165,-0.1933,-0.0135,0.029,1.0315,-0.0363,1.5653,0.000239,-0.0002,0.0
17.24,FLIGHT,0.9107,1.513,0.1764,0.3339,0.1821,0.3249,-0.0165,-0.1932,-0.0108,0.0279,1.0318,-0.0362,1.5657,0.000238,-0.0001,0.0
17.245,FLIGHT,0.9116,1.5146,0.1821,0.3241,0.1866,0.3156,-0.0166,-0.1931,-0.0084,0.0269,1.0322,-0.0362,1.566,0.000238,-0.0,0.0
17.25,FLIGHT,0.9126,1.5161,0.1866,0.3149,0.1901,0.3068,-0.0166,-0.1929,-0.0063,0.026,1.0325,-0.0362,1.5665,0.000238,0.0,0.0
17.255,FLIGHT,0.9135,1.5176,0.19,0.3061,0.1926,0.2984,-0.0166,-0.1928,-0.0044,0.0252,1.0328,-0.0363,1.5669,0.000238,0.0001,0.0
17.26,FLIGHT,0.9145,1.5191,0.1925,0.2977,0.1943,0.2904,-0.0166,-0.1927,-0.0028,0.0244,1.0331,-0.0364,1.5673,0.000238,0.0001,0.0
17.265,FLIGHT,0.9155,1.5206,0.1941,0.2898,0.1953,0.2828,-0.0166,-0.1926,-0.0015,0.0236,1.0333,-0.0365,1.5678,0.000239,0.0001,0.0
17.27,FLIGHT,0.9164,1.5219,0.1951,0.2822,0.1957,0.2755,-0.0166,-0.1925,-0.0003,0.0229,1.0336,-0.0367,1.5682,0.000239,0.0001,0.0
17.275,FLIGHT,0.9174,1.5233,0.1955,0.2749,0.1956,0.2685,-0.0166,-0.1924,0.0008,0.0223,1.0338,-0.0369,1.5686,0.00024,0.0001,0.0
17.28,FLIGHT,0.9184,1.5246,0.1953,0.2679,0.195,0.2618,-0.0166,-0.1922,0.0017,0.0216,1.0339,-0.0371,1.5691,0.00024,0.0001,0.0
17.285,FLIGHT,0.9194,1.5259,0.1948,0.2612,0.1941,0.2553,-0.0166,-0.1921,0.0024,0.021,1.0341,-0.0373,1.5695,0.000241,0.0001,0.0
17.29,FLIGHT,0.9203,1.5272,0.1938,0.2547,0.1928,0.249,-0.0166,-0.192,0.0031,0.0205,1.0342,-0.0376,1.57,0.000241,0.0001,0.0
17.295,FLIGHT,0.9213,1.5284,0.1925,0.2485,0.1912,0.243,-0.0166,-0.1919,0.0037,0.0199,1.0343,-0.0378,1.5704,0.000241,0.0,0.0
17.3,FLIGHT,0.9222,1.5296,0.191,0.2424,0.1895,0.2371,-0.0165,-0.1918,0.0042,0.0194,1.0344,-0.0381,1.5709,0.000241,0.0,0.0
17.305,FLIGHT,0.9232,1.5308,0.1892,0.2366,0.1875,0.2314,-0.0165,-0.1918,0.0046,0.0189,1.0345,-0.0384,1.5713,0.000241,0.0,0.0
17.31,FLIGHT,0.9241,1.5319,0.1872,0.2309,0.1854,0.2259,-0.0165,-0.1917,0.005,0.0184,1.0345,-0.0386,1.5717,0.000242,0.0,0.0
17.315,FLIGHT,0.925,1.533,0.1851,0.2254,0.1831,0.2206,-0.0165,-0.1916,0.0053,0.0179,1.0345,-0.0389,1.5722,0.000242,-0.0,0.0
17.32,FLIGHT,0.9259,1.5341,0.1828,0.2201,0.1808,0.2154,-0.0164,-0.1915,0.0056,0.0175,1.0345,-0.0392,1.5726,0.000241,-0.0,0.0
17.325,FLIGHT,0.9268,1.5352,0.1805,0.215,0.1783,0.2104,-0.0164,-0.1914,0.0058,0.0171,1.0345,-0.0395,1.573,0.000241,-0.0,0.0
17.33,FLIGHT,0.9277,1.5362,0.178,0.21,0.1758,0.2055,-0.0164,-0.1913,0.006,0.0167,1.0344,-0.0398,1.5734,0.000241,-0.0,0.0
17.335,FLIGHT,0.9286,1.5373,0.1755,0.2051,0.1733,0.2008,-0.0163,-0.1912,0.0061,0.0162,1.0343,-0.04,1.5738,0.000241,-0.0,0.0
17.34,FLIGHT,0.9295,1.5383,0.173,0.2004,0.1707,0.1962,-0.0163,-0.1912,0.0063,0.0159,1.0342,-0.0403,1.5742,0.000241,-0.0,0.0
17.345,FLIGHT,0.9303,1.5392,0.1704,0.1958,0.1681,0.1917,-0.0163,-0.1911,0.0064,0.0155,1.0341,-0.0406,1.5746,0.000241,-0.0001,0.0
17.35,FLIGHT,0.9311,1.5402,0.1678,0.1913,0.1654,0.1873,-0.0162,-0.191,0.0065,0.0151,1.0339,-0.0409,1.575,0.00024,-0.0001,0.0
17.355,FLIGHT,0.932,1.5411,0.1652,0.1869,0.1628,0.183,-0.0162,-0.1909,0.0065,0.0148,1.0338,-0.0411,1.5754,0.00024,-0.0001,0.0
17.36,FLIGHT,0.9328,1.542,0.1625,0.1826,0.1602,0.1789,-0.0162,-0.1909,0.0066,0.0144,1.0336,-0.0414,1.5758,0.00024,-0.0001,0.0
17.365,FLIGHT,0.9336,1.5429,0.1599,0.1785,0.1576,0.1748,-0.0161,-0.1908,0.0066,0.0141,1.0334,-0.0417,1.5761,0.000239,-0.0001,0.0
17.37,FLIGHT,0.9343,1.5437,0.1573,0.1745,0.155,0.1709,-0.0161,-0.1907,0.0067,0.0137,1.0331,-0.0419,1.5765,0.000239,-0.0001,0.0
17.375,FLIGHT,0.9351,1.5446,0.1547,0.1705,0.1524,0.167,-0.0161,-0.1907,0.0067,0.0134,1.0329,-0.0422,1.5768,0.000239,-0.0001,0.0
17.38,FLIGHT,0.9359,1.5454,0.1521,0.1667,0.1498,0.1633,-0.016,-0.1906,0.0067,0.0131,1.0326,-0.0425,1.5772,0.000238,-0.0001,0.0
17.385,FLIGHT,0.9366,1.5462,0.1495,0.1629,0.1473,0.1596,-0.016,-0.1905,0.0067,0.0128,1.0323,-0.0427,1.5775,0.000238,-0.0001,0.0
17.39,FLIGHT,0.9373,1.547,0.147,0.1593,0.1447,0.156,-0.016,-0.1905,0.0067,0.0125,1.032,-0.043,1.5778,0.000238,-0.0001,0.0
17.395,FLIGHT,0.9381,1.5478,0.1445,0.1557,0.1423,0.1526,-0.0159,-0.1904,0.0067,0.0122,1.0316,-0.0432,1.5782,0.000237,-0.0001,0.0
17.4,FLIGHT,0.9388,1.5485,0.142,0.1522,0.1398,0.1492,-0.0159,-0.1904,0.0067,0.012,1.0313,-0.0435,1.5785,0.000237,-0.0001,0.0
17.405,FLIGHT,0.9395,1.5493,0.1396,0.1489,0.1374,0.1458,-0.0159,-0.1903,0.0067,0.0117,1.0309,-0.0437,1.5788,0.000237,-0.0001,0.0
17.41,FLIGHT,0.9401,1.55,0.1372,0.1455,0.135,0.1426,-0.0158,-0.1902,0.0066,0.0114,1.0305,-0.044,1.5791,0.000236,-0.0001,0.0
17.415,FLIGHT,0.9408,1.5507,0.1348,0.1423,0.1327,0.1395,-0.0158,-0.1902,0.0066,0.0112,1.0301,-0.0442,1.5794,0.000236,-0.0001,0.0
17.42,FLIGHT,0.9415,1.5514,0.1324,0.1392,0.1304,0.1364,-0.0158,-0.1901,0.0066,0.0109,1.0296,-0.0444,1.5797,0.000236,-0.0001,0.0
17.425,FLIGHT,0.9421,1.5521,0.1301,0.1361,0.1281,0.1334,-0.0157,-0.1901,0.0066,0.0107,1.0291,-0.0446,1.58,0.000235,-0.0001,0.0
17.43,FLIGHT,0.9427,1.5527,0.1279,0.1331,0.1258,0.1304,-0.0157,-0.19,0.0065,0.0104,1.0287,-0.0449,1.5803,0.000235,-0.0001,0.0
17.435,FLIGHT,0.9434,1.5534,0.1256,0.1302,0.1236,0.1276,-0.0157,-0.19,0.0065,0.0102,1.0282,-0.0451,1.5806,0.000235,-0.0001,0.0
17.44,FLIGHT,0.944,1.554,0.1234,0.1273,0.1215,0.1248,-0.0156,-0.1899,0.0064,0.01,1.0276,-0.0453,1.5808,0.000234,-0.0001,0.0
17.445,FLIGHT,0.9446,1.5546,0.1213,0.1245,0.1193,0.122,-0.0156,-0.1899,0.0064,0.0097,1.0271,-0.0455,1.5811,0.000234,-0.0001,0.0
17.45,FLIGHT,0.9452,1.5552,0.1191,0.1218,0.1172,0.1194,-0.0156,-0.1898,0.0063,0.0095,1.0265,-0.0457,1.5814,0.000234,-0.0001,0.0
17.455,FLIGHT,0.9458,1.5558,0.117,0.1191,0.1152,0.1168,-0.0155,-0.1898,0.0063,0.0093,1.026,-0.0459,1.5816,0.000234,-0.0001,0.0
17.46,FLIGHT,0.9463,1.5564,0.115,0.1165,0.1132,0.1142,-0.0155,-0.1897,0.0062,0.0091,1.0254,-0.0461,1.5819,0.000233,-0.0001,0.0
17.465,FLIGHT,0.9469,1.557,0.113,0.114,0.1112,0.1117,-0.0155,-0.1897,0.0062,0.0089,1.0248,-0.0464,1.5821,0.000233,-0.0001,0.0
17.47,FLIGHT,0.9474,1.5575,0.111,0.1115,0.1092,0.1093,-0.0155,-0.1897,0.0061,0.0087,1.0241,-0.0465,1.5824,0.000233,-0.0001,0.0
17.475,FLIGHT,0.948,1.558,0.109,0.1091,0.1073,0.107,-0.0154,-0.1896,0.0061,0.0085,1.0235,-0.0467,1.5826,0.000232,-0.0001,0.0
17.48,FLIGHT,0.9485,1.5586,0.1071,0.1067,0.1054,0.1047,-0.0154,-0.1896,0.006,0.0083,1.0228,-0.0469,1.5829,0.000232,-0.0001,0.0
17.485,FLIGHT,0.949,1.5591,0.1052,0.1044,0.1035,0.1024,-0.0154,-0.1895,0.006,0.0081,1.0221,-0.0471,1.5831,0.000232,-0.0,0.0
17.49,FLIGHT,0.9495,1.5596,0.1033,0.1022,0.1017,0.1002,-0.0153,-0.1895,0.0059,0.008,1.0214,-0.0473,1.5833,0.000232,-0.0,0.0
17.495,FLIGHT,0.95,1.5601,0.1015,0.1,0.0999,0.0981,-0.0153,-0.1894,0.0059,0.0078,1.0207,-0.0475,1.5836,0.000231,-0.0,0.0
17.5,FLIGHT,0.9505,1.5606,0.0997,0.0979,0.0981,0.096,-0.0153,-0.1894,0.0058,0.0076,1.02,-0.0477,1.5838,0.000231,-0.0,0.0
17.505,FLIGHT,0.951,1.5611,0.0979,0.0958,0.0964,0.0939,-0.0152,-0.1894,0.0058,0.0075,1.0192,-0.0479,1.584,0.000231,-0.0,0.0
17.51,FLIGHT,0.9515,1.5615,0.0962,0.0937,0.0947,0.0919,-0.0152,-0.1893,0.0057,0.0073,1.0184,-0.048,1.5842,0.000231,-0.0,0.0
17.515,FLIGHT,0.952,1.562,0.0945,0.0917,0.093,0.09,-0.0152,-0.1893,0.0056,0.0071,1.0177,-0.0482,1.5844,0.000231,-0.0,0.0
17.52,FLIGHT,0.9524,1.5624,0.0928,0.0898,0.0913,0.0881,-0.0152,-0.1893,0.0056,0.007,1.0168,-0.0484,1.5846,0.00023,-0.0,0.0
17.525,FLIGHT,0.9529,1.5629,0.0912,0.0879,0.0897,0.0862,-0.0151,-0.1892,0.0055,0.0068,1.016,-0.0486,1.5848,0.00023,-0.0,0.0
17.53,FLIGHT,0.9533,1.5633,0.0895,0.086,0.0881,0.0844,-0.0151,-0.1892,0.0054,0.0067,1.0152,-0.0487,1.585,0.00023,-0.0,0.0
17.535,FLIGHT,0.9538,1.5637,0.0879,0.0842,0.0865,0.0826,-0.0151,-0.1892,0.0054,0.0065,1.0143,-0.0489,1.5852,0.00023,-0.0,0.0
17.54,FLIGHT,0.9542,1.5641,0.0864,0.0825,0.085,0.0809,-0.0151,-0.1891,0.0053,0.0064,1.0135,-0.0491,1.5854,0.00023,-0.0,0.0
17.545,FLIGHT,0.9546,1.5645,0.0848,0.0807,0.0834,0.0792,-0.015,-0.1891,0.0052,0.0063,1.0126,-0.0492,1.5856,0.000229,-0.0,0.0
17.55,FLIGHT,0.955,1.5649,0.0833,0.0791,0.0819,0.0776,-0.015,-0.1891,0.0052,0.0061,1.0117,-0.0494,1.5858,0.000229,-0.0,0.0
17.555,FLIGHT,0.9554,1.5653,0.0818,0.0774,0.0804,0.076,-0.015,-0.189,0.0051,0.006,1.0108,-0.0495,1.586,0.000229,-0.0,0.0
17.56,FLIGHT,0.9558,1.5657,0.0803,0.0758,0.079,0.0744,-0.015,-0.189,0.005,0.0059,1.0098,-0.0497,1.5862,0.000229,-0.0,0.0
17.565,FLIGHT,0.9562,1.566,0.0788,0.0742,0.0776,0.0729,-0.0149,-0.189,0.005,0.0058,1.0089,-0.0498,1.5863,0.000229,-0.0,0.0
17.57,FLIGHT,0.9566,1.5664,0.0774,0.0727,0.0761,0.0714,-0.0149,-0.189,0.0049,0.0056,1.0079,-0.05,1.5865,0.000229,-0.0,0.0
17.575,FLIGHT,0.957,1.5667,0.076,0.0712,0.0747,0.0699,-0.0149,-0.1889,0.0048,0.0055,1.0069,-0.0502,1.5867,0.000228,-0.0,0.0
17.58,FLIGHT,0.9574,1.5671,0.0746,0.0698,0.0734,0.0685,-0.0149,-0.1889,0.0048,0.0054,1.0059,-0.0503,1.5868,0.000228,-0.0,0.0
17.585,FLIGHT,0.9577,1.5674,0.0732,0.0684,0.072,0.0671,-0.0148,-0.1889,0.0047,0.0053,1.0049,-0.0504,1.587,0.000228,-0.0,0.0
17.59,FLIGHT,0.9581,1.5678,0.0719,0.067,0.0707,0.0657,-0.0148,-0.1889,0.0046,0.0052,1.0039,-0.0506,1.5872,0.000228,-0.0,0.0
17.595,FLIGHT,0.9584,1.5681,0.0706,0.0656,0.0694,0.0644,-0.0148,-0.1888,0.0046,0.0051,1.0029,-0.0507,1.5873,0.000228,-0.0,0.0
17.6,FLIGHT,0.9588,1.5684,0.0692,0.0643,0.0681,0.0631,-0.0148,-0.1888,0.0045,0.005,1.0018,-0.0509,1.5875,0.000228,-0.0,0.0
17.605,FLIGHT,0.9591,1.5687,0.0679,0.063,0.0668,0.0619,-0.0147,-0.1888,0.0044,0.0049,1.0008,-0.051,1.5877,0.000228,-0.0,0.0
17.61,STANCE,0.9596,1.5694,0.0947,0.1345,0.2153,0.4392,-0.0147,-0.1887,-0.0001,0.0112,0.9998,0.1939,-0.1631,4.9e-05,-0.1776,0.0355
17.615,STANCE,0.9668,1.5661,1.1402,-0.528,2.5396,-1.7637,-0.0129,-0.1891,0.2867,-0.0633,0.9987,-0.3118,-0.5008,-0.001745,-0.4834,0.0984
17.62,STANCE,0.9804,1.5553,2.1362,-1.5998,1.3216,-1.1288,-0.0089,-0.1903,0.6253,-0.1608,0.9977,-1.0253,-0.6126,-0.004092,-0.2558,0.0553
17.625,STANCE,0.9812,1.5549,0.7159,-0.4894,-0.369,0.3991,-0.0087,-0.1903,0.2032,-0.0495,0.9977,-0.7669,-1.5896,-0.004485,0.0276,0.0045
17.63,STANCE,0.9801,1.5557,0.1086,-0.0976,0.0655,-0.2685,-0.009,-0.1902,0.034,-0.0096,0.998,-0.8041,-2.1756,-0.004153,0.0917,0.0042
17.635,STANCE,0.9822,1.5492,0.3541,-1.0745,0.7234,-2.2867,-0.0077,-0.1908,0.2153,-0.0968,0.9981,-1.1976,-1.9731,-0.003502,0.1526,0.0035
17.64,STANCE,0.9888,1.5368,1.0941,-2.0998,2.124,-3.2632,-0.0047,-0.1919,0.5021,-0.1836,0.9982,-1.7887,-1.4773,-0.003284,-0.0615,0.0156
17.645,STANCE,0.9996,1.5172,1.8007,-3.3908,1.786,-3.6051,0.0001,-0.1936,0.8289,-0.2733,0.998,-2.3362,-0.6029,-0.003504,-0.0077,0.005
17.65,STANCE,1.0059,1.503,1.3763,-2.9516,0.6697,-2.5233,0.0034,-0.1947,0.6909,-0.2248,0.9983,-2.1799,-0.3748,-0.003426,0.0732,0.0034
17.655,STANCE,1.0067,1.4909,0.5097,-2.5481,-0.3085,-2.4949,0.0052,-0.1956,0.4673,-0.1907,0.9987,-1.6122,-0.1056,-0.002883,0.1383,0.0029
17.66,STANCE,1.0045,1.479,-0.1569,-2.4585,-0.6864,-2.7644,0.0065,-0.1965,0.3257,-0.1841,0.9991,-0.9693,0.3063,-0.002461,0.083,0.0025
17.665,STANCE,1.001,1.4651,-0.5248,-2.6894,-0.699,-2.8064,0.0079,-0.1976,0.2884,-0.2004,0.9993,-0.378,0.8322,-0.002364,-0.0301,0.0084
17.67,STANCE,0.9973,1.4504,-0.6717,-2.8533,-0.6937,-2.8262,0.0093,-0.1987,0.2848,-0.2098,0.9995,0.1013,1.2517,-0.002437,-0.0271,0.0079
17.675,STANCE,0.9946,1.4377,-0.5488,-2.6029,-0.2947,-2.1895,0.0106,-0.1996,0.2738,-0.1877,0.9999,0.3223,1.357,-0.002643,-0.066,0.0158
17.68,STANCE,0.9946,1.4281,-0.1587,-2.1089,0.2353,-1.736,0.012,-0.2002,0.2802,-0.1463,1.0006,0.1951,1.2003,-0.003097,-0.1058,0.0243
17.685,STANCE,0.9965,1.4193,0.2249,-1.8804,0.4909,-1.8285,0.0137,-0.2008,0.3247,-0.1227,1.0014,0.0368,1.1309,-0.003581,-0.0793,0.0194
17.69,STANCE,0.999,1.4098,0.4121,-1.8943,0.4856,-1.9253,0.0156,-0.2014,0.3661,-0.1169,1.0022,-0.0444,1.1601,-0.003845,-0.0254,0.0089
17.695,FLIGHT,1.0,1.4029,0.193,-1.4123,-0.7861,0.5665,0.0169,-0.2018,0.2507,-0.087,1.0032,-1.5177,2.6995,-0.003818,0.0514,0.0038
17.7,FLIGHT,0.9901,1.4163,-1.3881,1.551,-2.8605,4.0994,0.0129,-0.2011,-0.5094,0.0866,1.0055,-0.7799,2.0867,-0.003272,0.1596,0.0033
17.705,FLIGHT,0.9747,1.4374,-2.5497,3.3333,-3.0773,3.9004,0.0067,-0.1998,-0.9956,0.2255,1.0079,-0.1302,1.5587,-0.002347,0.1978,0.0023
17.71,FLIGHT,0.961,1.4529,-2.6285,3.0881,-2.3371,2.3052,0.0017,-0.1987,-0.9659,0.2333,1.0099,0.034,1.4387,-0.001397,0.1766,0.0014
17.715,FLIGHT,0.9511,1.4613,-2.144,2.0755,-1.6586,1.2072,-0.0015,-0.198,-0.7198,0.1684,1.0115,-0.0732,1.5422,-0.000602,0.142,0.0006
17.72,FLIGHT,0.9437,1.4665,-1.6803,1.3513,-1.36,0.9433,-0.0036,-0.1976,-0.5229,0.1161,1.0129,-0.1837,1.6416,4.5e-05,0.1179,0.0
17.725,FLIGHT,0.9372,1.4714,-1.4269,1.115,-1.279,1.0533,-0.0056,-0.1971,-0.4377,0.1006,1.0143,-0.203,1.6608,0.000506,0.0697,0.0
17.73,FLIGHT,0.9309,1.4769,-1.305,1.1063,-1.2168,1.116,-0.0076,-0.1966,-0.4107,0.1036,1.0157,-0.1654,1.6319,0.000767,0.0365,0.0
17.735,FLIGHT,0.9251,1.4823,-1.2009,1.086,-1.0971,1.0328,-0.0095,-0.1961,-0.3858,0.1051,1.0171,-0.1253,1.602,0.00089,0.0144,0.0
17.74,FLIGHT,0.92,1.4871,-1.0708,0.9922,-0.9445,0.8855,-0.0112,-0.1957,-0.3459,0.0989,1.0184,-0.1049,1.589,0.000924,0.0003,0.0
17.745,FLIGHT,0.9157,1.4912,-0.9274,0.8677,-0.8006,0.7591,-0.0126,-0.1952,-0.2997,0.0887,1.0197,-0.0987,1.5878,0.000903,-0.0082,0.0016
17.75,FLIGHT,0.912,1.4948,-0.7936,0.7598,-0.6823,0.6769,-0.0138,-0.1949,-0.2581,0.0791,1.0209,-0.0956,1.5884,0.000849,-0.0128,0.0026
17.755,FLIGHT,0.9088,1.498,-0.6791,0.6815,-0.5849,0.6226,-0.0149,-0.1945,-0.2245,0.0718,1.0221,-0.0902,1.5866,0.000779,-0.0148,0.003
17.76,FLIGHT,0.9061,1.501,-0.5812,0.6235,-0.4992,0.5768,-0.0158,-0.1942,-0.1971,0.0661,1.0232,-0.0831,1.5831,0.000703,-0.0152,0.003
17.765,FLIGHT,0.9038,1.5038,-0.4942,0.5742,-0.4201,0.5319,-0.0166,-0.1939,-0.1731,0.0611,1.0244,-0.0763,1.5796,0.000628,-0.0146,0.0029
17.77,FLIGHT,0.9019,1.5063,-0.4151,0.5286,-0.3476,0.4894,-0.0173,-0.1937,-0.1513,0.0562,1.0254,-0.0709,1.5771,0.000559,-0.0133,0.0027
17.775,FLIGHT,0.9003,1.5087,-0.3433,0.4869,-0.2824,0.4519,-0.018,-0.1934,-0.1315,0.0515,1.0265,-0.0668,1.5755,0.000496,-0.0117,0.0023
17.78,FLIGHT,0.899,1.5109,-0.2791,0.4504,-0.225,0.4202,-0.0185,-0.1932,-0.114,0.0473,1.0275,-0.0634,1.5742,0.000442,-0.01,0.002
17.785,FLIGHT,0.898,1.5129,-0.2222,0.4191,-0.1745,0.3932,-0.019,-0.193,-0.0987,0.0436,1.0285,-0.0605,1.5732,0.000396,-0.0084,0.0017
17.79,FLIGHT,0.8973,1.5148,-0.1722,0.3922,-0.1302,0.3697,-0.0194,-0.1928,-0.0853,0.0403,1.0294,-0.0579,1.5722,0.000358,-0.0069,0.0014
17.795,FLIGHT,0.8967,1.5166,-0.1281,0.3686,-0.0911,0.3487,-0.0197,-0.1926,-0.0736,0.0374,1.0303,-0.0556,1.5714,0.000327,-0.0055,0.0011
17.8,FLIGHT,0.8964,1.5183,-0.0893,0.3477,-0.0568,0.33,-0.02,-0.1924,-0.0633,0.0348,1.0312,-0.0537,1.5708,0.000302,-0.0044,0.0009
17.805,FLIGHT,0.8962,1.5199,-0.0553,0.329,-0.0269,0.3133,-0.0202,-0.1923,-0.0542,0.0324,1.0321,-0.0521,1.5704,0.000282,-0.0034,0.0007
17.81,FLIGHT,0.8961,1.5214,-0.0256,0.3124,-0.0008,0.2984,-0.0205,-0.1921,-0.0462,0.0303,1.0329,-0.0508,1.5701,0.000267,-0.0026,0.0005
17.815,FLIGHT,0.8961,1.5229,0.0003,0.2976,0.0218,0.285,-0.0206,-0.192,-0.0392,0.0284,1.0337,-0.0497,1.5699,0.000256,-0.002,0.0004
17.82,FLIGHT,0.8963,1.5243,0.0227,0.2842,0.0413,0.2729,-0.0208,-0.1919,-0.0331,0.0267,1.0345,-0.0487,1.5697,0.000247,-0.0015,0.0003
17.825,FLIGHT,0.8966,1.5256,0.0421,0.2721,0.0581,0.2619,-0.0209,-0.1917,-0.0278,0.0252,1.0352,-0.048,1.5696,0.000241,-0.0011,0.0002
17.83,FLIGHT,0.8969,1.5269,0.0587,0.2612,0.0725,0.2518,-0.021,-0.1916,-0.0231,0.0238,1.036,-0.0473,1.5696,0.000236,-0.0007,0.0001
17.835,FLIGHT,0.8973,1.5281,0.073,0.2511,0.0848,0.2426,-0.0211,-0.1915,-0.0191,0.0226,1.0366,-0.0468,1.5697,0.000233,-0.0005,0.0001
17.84,FLIGHT,0.8977,1.5293,0.0852,0.2419,0.0952,0.234,-0.0212,-0.1914,-0.0155,0.0215,1.0373,-0.0464,1.5698,0.000231,-0.0003,0.0001
17.845,FLIGHT,0.8982,1.5305,0.0955,0.2335,0.104,0.2261,-0.0212,-0.1913,-0.0124,0.0205,1.0379,-0.0461,1.5699,0.00023,-0.0001,0.0
17.85,FLIGHT,0.8988,1.5316,0.1042,0.2256,0.1113,0.2188,-0.0213,-0.1912,-0.0097,0.0195,1.0385,-0.0459,1.5701,0.00023,-0.0,0.0
17.855,FLIGHT,0.8993,1.5327,0.1114,0.2183,0.1174,0.2119,-0.0213,-0.1911,-0.0074,0.0187,1.0391,-0.0457,1.5703,0.00023,0.0,0.0
17.86,FLIGHT,0.8999,1.5337,0.1175,0.2114,0.1223,0.2055,-0.0213,-0.191,-0.0053,0.0179,1.0397,-0.0456,1.5705,0.00023,0.0001,0.0
17.865,FLIGHT,0.9006,1.5347,0.1224,0.205,0.1264,0.1995,-0.0214,-0.191,-0.0036,0.0172,1.0402,-0.0455,1.5707,0.000231,0.0001,0.0
17.87,FLIGHT,0.9012,1.5357,0.1264,0.199,0.1296,0.1937,-0.0214,-0.1909,-0.002,0.0165,1.0407,-0.0455,1.5709,0.000231,0.0001,0.0
17.875,FLIGHT,0.9019,1.5367,0.1296,0.1933,0.1321,0.1883,-0.0214,-0.1908,-0.0007,0.0159,1.0412,-0.0455,1.5712,0.000232,0.0001,0.0
17.88,FLIGHT,0.9025,1.5376,0.132,0.1879,0.1339,0.1832,-0.0214,-0.1907,0.0005,0.0154,1.0416,-0.0455,1.5714,0.000233,0.0001,0.0
17.885,FLIGHT,0.9032,1.5385,0.1339,0.1828,0.1353,0.1783,-0.0213,-0.1906,0.0015,0.0148,1.0421,-0.0456,1.5717,0.000233,0.0001,0.0
17.89,FLIGHT,0.9039,1.5394,0.1352,0.1779,0.1362,0.1736,-0.0213,-0.1906,0.0024,0.0143,1.0424,-0.0456,1.572,0.000234,0.0001,0.0
17.895,FLIGHT,0.9046,1.5402,0.1361,0.1732,0.1366,0.1691,-0.0213,-0.1905,0.0032,0.0139,1.0428,-0.0457,1.5723,0.000234,0.0001,0.0
17.9,FLIGHT,0.9052,1.5411,0.1365,0.1688,0.1368,0.1648,-0.0213,-0.1904,0.0039,0.0134,1.0432,-0.0458,1.5725,0.000235,0.0001,0.0
17.905,FLIGHT,0.9059,1.5419,0.1367,0.1645,0.1366,0.1607,-0.0213,-0.1904,0.0044,0.013,1.0435,-0.046,1.5728,0.000235,0.0001,0.0
17.91,FLIGHT,0.9066,1.5427,0.1365,0.1604,0.1362,0.1568,-0.0212,-0.1903,0.0049,0.0126,1.0438,-0.0461,1.5731,0.000236,0.0001,0.0
17.915,FLIGHT,0.9073,1.5435,0.1361,0.1564,0.1356,0.1529,-0.0212,-0.1903,0.0054,0.0123,1.0441,-0.0462,1.5734,0.000236,0.0001,0.0
17.92,FLIGHT,0.908,1.5442,0.1355,0.1526,0.1349,0.1493,-0.0212,-0.1902,0.0058,0.0119,1.0443,-0.0464,1.5737,0.000236,0.0,0.0
17.925,FLIGHT,0.9086,1.5449,0.1347,0.1489,0.1339,0.1457,-0.0212,-0.1901,0.0061,0.0116,1.0445,-0.0465,1.5739,0.000237,0.0,0.0
17.93,FLIGHT,0.9093,1.5457,0.1338,0.1454,0.1329,0.1422,-0.0211,-0.1901,0.0064,0.0113,1.0447,-0.0467,1.5742,0.000237,0.0,0.0
17.935,FLIGHT,0.91,1.5464,0.1327,0.1419,0.1317,0.1389,-0.0211,-0.19,0.0066,0.011,1.0449,-0.0468,1.5745,0.000237,0.0,0.0
17.94,FLIGHT,0.9106,1.5471,0.1316,0.1386,0.1305,0.1357,-0.0211,-0.19,0.0068,0.0107,1.045,-0.047,1.5748,0.000237,0.0,0.0
17.945,FLIGHT,0.9113,1.5477,0.1303,0.1354,0.1292,0.1326,-0.021,-0.1899,0.007,0.0104,1.0452,-0.0472,1.575,0.000237,0.0,0.0
17.95,FLIGHT,0.9119,1.5484,0.129,0.1323,0.1278,0.1295,-0.021,-0.1899,0.0072,0.0101,1.0453,-0.0473,1.5753,0.000237,-0.0,0.0
17.955,FLIGHT,0.9125,1.549,0.1277,0.1293,0.1264,0.1266,-0.0209,-0.1898,0.0073,0.0098,1.0453,-0.0475,1.5756,0.000237,-0.0,0.0
17.96,FLIGHT,0.9132,1.5496,0.1263,0.1263,0.125,0.1237,-0.0209,-0.1898,0.0074,0.0096,1.0454,-0.0476,1.5758,0.000237,-0.0,0.0
17.965,FLIGHT,0.9138,1.5503,0.1248,0.1235,0.1235,0.1209,-0.0209,-0.1897,0.0075,0.0094,1.0454,-0.0478,1.5761,0.000237,-0.0,0.0
17.97,FLIGHT,0.9144,1.5509,0.1234,0.1207,0.1221,0.1182,-0.0208,-0.1897,0.0076,0.0091,1.0454,-0.048,1.5763,0.000237,-0.0,0.0
17.975,FLIGHT,0.915,1.5514,0.1219,0.118,0.1206,0.1156,-0.0208,-0.1896,0.0076,0.0089,1.0454,-0.0481,1.5766,0.000237,-0.0,0.0
17.98,FLIGHT,0.9156,1.552,0.1204,0.1154,0.1191,0.113,-0.0208,-0.1896,0.0077,0.0087,1.0454,-0.0483,1.5768,0.000237,-0.0,0.0
17.985,FLIGHT,0.9162,1.5526,0.1189,0.1128,0.1176,0.1105,-0.0207,-0.1896,0.0078,0.0085,1.0453,-0.0484,1.5771,0.000236,-0.0,0.0
17.99,FLIGHT,0.9168,1.5531,0.1174,0.1103,0.1161,0.1081,-0.0207,-0.1895,0.0078,0.0083,1.0452,-0.0486,1.5773,0.000236,-0.0,0.0
17.995,FLIGHT,0.9174,1.5537,0.1159,0.1079,0.1146,0.1058,-0.0206,-0.1895,0.0078,0.0081,1.0451,-0.0488,1.5776,0.000236,-0.0,0.0
18.0,FLIGHT,0.9179,1.5542,0.1144,0.1055,0.1131,0.1035,-0.0206,-0.1894,0.0078,0.0079,1.045,-0.0489,1.5778,0.000236,-0.0,0.0
18.005,FLIGHT,0.9185,1.5547,0.113,0.1032,0.1117,0.1012,-0.0206,-0.1894,0.0079,0.0077,1.0449,-0.0491,1.578,0.000236,-0.0,0.0
18.01,FLIGHT,0.9191,1.5552,0.1115,0.101,0.1102,0.099,-0.0205,-0.1894,0.0079,0.0075,1.0447,-0.0492,1.5782,0.000236,-0.0,0.0
18.015,FLIGHT,0.9196,1.5557,0.1101,0.0988,0.1088,0.0969,-0.0205,-0.1893,0.0079,0.0073,1.0445,-0.0493,1.5785,0.000236,-0.0,0.0
18.02,FLIGHT,0.9201,1.5562,0.1086,0.0967,0.1073,0.0948,-0.0204,-0.1893,0.0079,0.0071,1.0443,-0.0495,1.5787,0.000235,-0.0,0.0
18.025,FLIGHT,0.9207,1.5566,0.1072,0.0946,0.1059,0.0928,-0.0204,-0.1893,0.0079,0.007,1.044,-0.0496,1.5789,0.000235,-0.0,0.0
18.03,FLIGHT,0.9212,1.5571,0.1058,0.0926,0.1046,0.0908,-0.0204,-0.1892,0.0079,0.0068,1.0438,-0.0498,1.5791,0.000235,-0.0,0.0
18.035,FLIGHT,0.9217,1.5575,0.1044,0.0907,0.1032,0.0889,-0.0203,-0.1892,0.0079,0.0067,1.0435,-0.0499,1.5793,0.000235,-0.0,0.0
18.04,FLIGHT,0.9222,1.558,0.103,0.0887,0.1018,0.087,-0.0203,-0.1892,0.0079,0.0065,1.0432,-0.0501,1.5795,0.000235,-0.0,0.0
18.045,FLIGHT,0.9227,1.5584,0.1017,0.0869,0.1005,0.0852,-0.0202,-0.1891,0.0078,0.0063,1.0429,-0.0502,1.5797,0.000235,-0.0,0.0
18.05,FLIGHT,0.9232,1.5588,0.1004,0.0851,0.0992,0.0834,-0.0202,-0.1891,0.0078,0.0062,1.0426,-0.0503,1.5799,0.000234,-0.0,0.0
18.055,FLIGHT,0.9237,1.5592,0.0991,0.0833,0.0979,0.0817,-0.0202,-0.1891,0.0078,0.0061,1.0422,-0.0505,1.5801,0.000234,-0.0,0.0
18.06,FLIGHT,0.9242,1.5596,0.0978,0.0816,0.0966,0.08,-0.0201,-0.189,0.0078,0.0059,1.0418,-0.0506,1.5803,0.000234,-0.0,0.0
18.065,FLIGHT,0.9247,1.56,0.0965,0.0799,0.0954,0.0784,-0.0201,-0.189,0.0078,0.0058,1.0414,-0.0507,1.5805,0.000234,-0.0,0.0
18.07,FLIGHT,0.9252,1.5604,0.0952,0.0782,0.0941,0.0768,-0.0201,-0.189,0.0077,0.0057,1.041,-0.0509,1.5807,0.000234,-0.0,0.0
18.075,FLIGHT,0.9256,1.5608,0.094,0.0766,0.0929,0.0752,-0.02,-0.189,0.0077,0.0055,1.0406,-0.051,1.5809,0.000234,-0.0,0.0
18.08,FLIGHT,0.9261,1.5612,0.0928,0.0751,0.0917,0.0737,-0.02,-0.1889,0.0077,0.0054,1.0401,-0.0511,1.5811,0.000234,-0.0,0.0
18.085,FLIGHT,0.9266,1.5615,0.0916,0.0735,0.0905,0.0722,-0.0199,-0.1889,0.0076,0.0053,1.0396,-0.0512,1.5812,0.000233,-0.0,0.0
18.09,FLIGHT,0.927,1.5619,0.0904,0.072,0.0893,0.0707,-0.0199,-0.1889,0.0076,0.0052,1.0391,-0.0513,1.5814,0.000233,-0.0,0.0
18.095,FLIGHT,0.9274,1.5622,0.0892,0.0706,0.0882,0.0693,-0.0199,-0.1888,0.0076,0.0051,1.0386,-0.0515,1.5816,0.000233,-0.0,0.0
18.1,FLIGHT,0.9279,1.5626,0.0881,0.0692,0.0871,0.0679,-0.0198,-0.1888,0.0075,0.0049,1.0381,-0.0516,1.5818,0.000233,-0.0,0.0
18.105,FLIGHT,0.9283,1.5629,0.0869,0.0678,0.0859,0.0666,-0.0198,-0.1888,0.0075,0.0048,1.0375,-0.0517,1.5819,0.000233,-0.0,0.0
18.11,FLIGHT,0.9287,1.5633,0.0858,0.0665,0.0848,0.0653,-0.0198,-0.1888,0.0075,0.0047,1.037,-0.0518,1.5821,0.000233,-0.0,0.0
18.115,FLIGHT,0.9292,1.5636,0.0847,0.0652,0.0837,0.064,-0.0197,-0.1888,0.0074,0.0046,1.0364,-0.0519,1.5823,0.000233,-0.0,0.0
18.12,FLIGHT,0.9296,1.5639,0.0836,0.0639,0.0827,0.0627,-0.0197,-0.1887,0.0074,0.0045,1.0358,-0.0521,1.5824,0.000233,-0.0,0.0
18.125,FLIGHT,0.93,1.5642,0.0826,0.0626,0.0816,0.0615,-0.0196,-0.1887,0.0074,0.0044,1.0351,-0.0522,1.5826,0.000233,-0.0,0.0
18.13,FLIGHT,0.9304,1.5645,0.0815,0.0614,0.0806,0.0603,-0.0196,-0.1887,0.0073,0.0043,1.0345,-0.0523,1.5828,0.000232,-0.0,0.0
18.135,FLIGHT,0.9308,1.5648,0.0805,0.0602,0.0795,0.0592,-0.0196,-0.1887,0.0073,0.0042,1.0338,-0.0524,1.5829,0.000232,-0.0,0.0
18.14,FLIGHT,0.9312,1.5651,0.0794,0.0591,0.0785,0.058,-0.0195,-0.1886,0.0072,0.0042,1.0331,-0.0525,1.5831,0.000232,-0.0,0.0
18.145,FLIGHT,0.9316,1.5654,0.0784,0.0579,0.0775,0.0569,-0.0195,-0.1886,0.0072,0.0041,1.0324,-0.0526,1.5832,0.000232,-0.0,0.0
18.15,FLIGHT,0.932,1.5657,0.0774,0.0568,0.0765,0.0559,-0.0195,-0.1886,0.0071,0.004,1.0317,-0.0527,1.5834,0.000232,-0.0,0.0
18.155,FLIGHT,0.9323,1.566,0.0764,0.0558,0.0755,0.0548,-0.0194,-0.1886,0.0071,0.0039,1.031,-0.0528,1.5835,0.000232,-0.0,0.0
18.16,FLIGHT,0.9327,1.5662,0.0754,0.0547,0.0746,0.0538,-0.0194,-0.1886,0.007,0.0038,1.0303,-0.0529,1.5837,0.000232,-0.0,0.0
18.165,FLIGHT,0.9331,1.5665,0.0745,0.0537,0.0736,0.0528,-0.0194,-0.1885,0.007,0.0037,1.0295,-0.053,1.5838,0.000232,-0.0,0.0
18.17,FLIGHT,0.9335,1.5668,0.0735,0.0527,0.0727,0.0518,-0.0193,-0.1885,0.0069,0.0037,1.0287,-0.0531,1.584,0.000232,-0.0,0.0
18.175,FLIGHT,0.9338,1.567,0.0726,0.0517,0.0717,0.0509,-0.0193,-0.1885,0.0069,0.0036,1.0279,-0.0533,1.5841,0.000232,-0.0,0.0
18.18,FLIGHT,0.9342,1.5673,0.0716,0.0508,0.0708,0.05,-0.0193,-0.1885,0.0068,0.0035,1.0271,-0.0534,1.5843,0.000232,-0.0,0.0
18.185,FLIGHT,0.9345,1.5675,0.0707,0.0499,0.0699,0.0491,-0.0192,-0.1885,0.0068,0.0035,1.0263,-0.0535,1.5844,0.000232,-0.0,0.0
18.19,FLIGHT,0.9349,1.5678,0.0698,0.049,0.069,0.0482,-0.0192,-0.1885,0.0067,0.0034,1.0254,-0.0536,1.5845,0.000232,-0.0,0.0
18.195,FLIGHT,0.9352,1.568,0.0689,0.0481,0.0681,0.0473,-0.0192,-0.1884,0.0067,0.0033,1.0246,-0.0537,1.5847,0.000231,-0.0,0.0
18.2,FLIGHT,0.9356,1.5682,0.068,0.0473,0.0672,0.0465,-0.0191,-0.1884,0.0066,0.0033,1.0237,-0.0538,1.5848,0.000231,-0.0,0.0
18.205,FLIGHT,0.9359,1.5685,0.0671,0.0464,0.0663,0.0457,-0.0191,-0.1884,0.0065,0.0032,1.0228,-0.0539,1.5849,0.000231,-0.0,0.0
18.21,FLIGHT,0.9362,1.5687,0.0662,0.0456,0.0655,0.0449,-0.0191,-0.1884,0.0065,0.0031,1.0219,-0.054,1.5851,0.000231,-0.0,0.0
18.215,FLIGHT,0.9365,1.5689,0.0654,0.0448,0.0646,0.0441,-0.019,-0.1884,0.0064,0.0031,1.0209,-0.0541,1.5852,0.000231,-0.0,0.0
18.22,FLIGHT,0.9369,1.5691,0.0645,0.044,0.0637,0.0433,-0.019,-0.1884,0.0064,0.003,1.02,-0.0542,1.5853,0.000231,-0.0,0.0
18.225,FLIGHT,0.9372,1.5693,0.0637,0.0433,0.0629,0.0426,-0.019,-0.1884,0.0063,0.003,1.019,-0.0543,1.5855,0.000231,-0.0,0.0
18.23,FLIGHT,0.9375,1.5695,0.0628,0.0425,0.062,0.0419,-0.0189,-0.1883,0.0062,0.0029,1.0181,-0.0544,1.5856,0.000231,-0.0,0.0
18.235,FLIGHT,0.9378,1.5698,0.062,0.0418,0.0612,0.0412,-0.0189,-0.1883,0.0062,0.0029,1.0171,-0.0545,1.5857,0.000231,-0.0,0.0
18.24,FLIGHT,0.9381,1.57,0.0611,0.0411,0.0604,0.0405,-0.0189,-0.1883,0.0061,0.0028,1.0161,-0.0546,1.5858,0.000231,-0.0,0.0
18.245,FLIGHT,0.9384,1.5702,0.0603,0.0404,0.0596,0.0398,-0.0188,-0.1883,0.006,0.0028,1.0151,-0.0547,1.586,0.000231,-0.0,0.0
18.25,FLIGHT,0.9387,1.5704,0.0595,0.0398,0.0587,0.0392,-0.0188,-0.1883,0.006,0.0027,1.014,-0.0548,1.5861,0.000231,-0.0,0.0
18.255,FLIGHT,0.939,1.5706,0.0587,0.0391,0.0579,0.0385,-0.0188,-0.1883,0.0059,0.0027,1.013,-0.0549,1.5862,0.000231,-0.0,0.0
18.26,FLIGHT,0.9393,1.5707,0.0578,0.0385,0.0571,0.0379,-0.0187,-0.1883,0.0058,0.0026,1.0119,-0.055,1.5863,0.000231,-0.0,0.0
18.265,FLIGHT,0.9396,1.5709,0.057,0.0379,0.0563,0.0373,-0.0187,-0.1882,0.0058,0.0026,1.0109,-0.0551,1.5864,0.000231,-0.0,0.0
18.27,FLIGHT,0.9398,1.5711,0.0562,0.0373,0.0555,0.0367,-0.0187,-0.1882,0.0057,0.0025,1.0098,-0.0551,1.5866,0.000231,-0.0,0.0
18.275,FLIGHT,0.9401,1.5713,0.0554,0.0367,0.0547,0.0362,-0.0187,-0.1882,0.0056,0.0025,1.0087,-0.0552,1.5867,0.000231,-0.0,0.0
18.28,FLIGHT,0.9404,1.5715,0.0547,0.0361,0.0539,0.0356,-0.0186,-0.1882,0.0055,0.0025,1.0076,-0.0553,1.5868,0.000231,-0.0,0.0
18.285,FLIGHT,0.9407,1.5717,0.0539,0.0355,0.0532,0.035,-0.0186,-0.1882,0.0055,0.0024,1.0064,-0.0554,1.5869,0.000231,-0.0,0.0
18.29,FLIGHT,0.9409,1.5718,0.0531,0.035,0.0524,0.0345,-0.0186,-0.1882,0.0054,0.0024,1.0053,-0.0555,1.587,0.000231,-0.0,0.0
18.295,FLIGHT,0.9412,1.572,0.0523,0.0345,0.0516,0.034,-0.0186,-0.1882,0.0053,0.0023,1.0041,-0.0556,1.5871,0.000231,-0.0,0.0
18.3,FLIGHT,0.9414,1.5722,0.0515,0.0339,0.0508,0.0335,-0.0185,-0.1882,0.0052,0.0023,1.003,-0.0557,1.5872,0.000231,-0.0,0.0
18.305,FLIGHT,0.9417,1.5723,0.0508,0.0334,0.0501,0.033,-0.0185,-0.1881,0.0052,0.0023,1.0018,-0.0558,1.5873,0.000231,-0.0,0.0
18.31,FLIGHT,0.9419,1.5725,0.05,0.0329,0.0493,0.0325,-0.0185,-0.1881,0.0051,0.0022,1.0006,-0.0559,1.5875,0.000231,-0.0,0.0
18.315,STANCE,0.9435,1.5726,0.3007,0.0045,1.1975,-0.5379,-0.0182,-0.1882,0.056,-0.005,0.9995,0.1662,-0.3706,-0.000538,-0.5244,0.1054
18.32,STANCE,0.9537,1.5612,1.5369,-1.79,2.622,-3.8506,-0.0148,-0.1894,0.5307,-0.1892,0.9976,-0.4843,-0.2555,-0.003784,-0.6667,0.1371
18.325,STANCE,0.9567,1.5555,0.7237,-1.1011,-0.5738,0.5108,-0.0134,-0.19,0.2857,-0.1109,0.9972,-0.4161,-1.1196,-0.005489,-0.1561,0.0367
18.33,STANCE,0.9533,1.5591,-0.212,0.123,-0.4905,0.5223,-0.0146,-0.1896,-0.0567,0.0145,0.9975,-0.2615,-2.1804,-0.005896,-0.0292,0.0117
18.335,STANCE,0.9533,1.5586,-0.0088,-0.119,0.5282,-0.823,-0.0145,-0.1896,0.0143,-0.0109,0.998,-0.5812,-2.4701,-0.005901,0.0219,0.0059
18.34,STANCE,0.9579,1.5468,0.6486,-1.7532,1.1516,-3.4777,-0.012,-0.1908,0.3614,-0.1665,0.9979,-1.1441,-1.8879,-0.005446,0.1522,0.0054
18.345,STANCE,0.9642,1.5296,1.0664,-2.9316,1.1835,-4.1465,-0.0085,-0.1924,0.6087,-0.2651,0.9979,-1.5858,-1.2194,-0.004644,0.2239,0.0046
18.35,STANCE,0.9717,1.5122,1.3966,-3.2721,1.713,-3.3246,-0.0046,-0.1939,0.7282,-0.2809,0.9982,-1.8819,-0.7021,-0.004043,0.0497,0.004
18.355,STANCE,0.9785,1.4948,1.3412,-3.3877,1.0976,-3.0113,-0.0008,-0.1954,0.7423,-0.2737,0.9985,-1.8569,-0.1631,-0.003574,0.0944,0.0036
18.36,STANCE,0.9816,1.4806,0.7914,-2.9801,0.1109,-2.7577,0.0018,-0.1965,0.582,-0.2311,0.9991,-1.421,0.1762,-0.002832,0.2075,0.0028
18.365,STANCE,0.9812,1.4688,0.1911,-2.5472,-0.1834,-2.1318,0.0034,-0.1974,0.4046,-0.1939,0.9998,-0.8149,0.4814,-0.001802,0.2002,0.0018
18.37,STANCE,0.9798,1.4571,-0.1382,-2.4311,-0.2593,-2.3503,0.0048,-0.1983,0.3246,-0.1827,1.0006,-0.2722,0.8617,-0.00077,0.1762,0.0008
18.375,STANCE,0.9785,1.4444,-0.215,-2.514,-0.2135,-2.6012,0.0064,-0.1992,0.3233,-0.1855,1.0013,0.1065,1.2129,0.000101,0.156,0.0
18.38,FLIGHT,0.9781,1.4323,-0.1065,-2.4124,0.0852,-2.1306,0.0081,-0.2001,0.3321,-0.1734,1.0021,-1.0214,2.3646,0.0007,0.0852,0.0
18.385,FLIGHT,0.9758,1.4293,-0.4468,-0.9646,-1.3048,1.2624,0.0081,-0.2003,0.0518,-0.0725,1.0037,-0.8292,2.1838,0.001005,0.0426,0.0
18.39,FLIGHT,0.9667,1.4405,-1.4127,1.2711,-2.0979,2.719,0.0046,-0.1996,-0.4663,0.088,1.006,-0.2662,1.7116,0.00115,0.0171,0.0
18.395,FLIGHT,0.9567,1.4529,-1.79,2.0435,-1.791,2.056,0.0009,-0.1987,-0.6486,0.157,1.0082,0.0438,1.4616,0.001188,-0.0005,0.0001
18.4,FLIGHT,0.9493,1.4605,-1.5443,1.6357,-1.1787,1.0548,-0.0017,-0.1981,-0.5385,0.1331,1.0101,0.0481,1.4688,0.001155,-0.012,0.0024
18.405,FLIGHT,0.9445,1.4644,-1.1237,1.031,-0.7803,0.6017,-0.0032,-0.1977,-0.3681,0.0871,1.0118,-0.0512,1.5582,0.001077,-0.0182,0.0036
18.41,FLIGHT,0.9411,1.4673,-0.8265,0.7341,-0.6391,0.6195,-0.0043,-0.1975,-0.2667,0.0637,1.0134,-0.1094,1.609,0.000979,-0.0207,0.0041
18.415,FLIGHT,0.938,1.4707,-0.6827,0.7093,-0.5976,0.746,-0.0054,-0.1972,-0.2342,0.0624,1.0151,-0.1058,1.6067,0.000874,-0.0208,0.0042
18.42,FLIGHT,0.9351,1.4746,-0.6046,0.7537,-0.5398,0.7795,-0.0065,-0.1969,-0.2244,0.067,1.0168,-0.0784,1.5852,0.000772,-0.0197,0.0039
18.425,FLIGHT,0.9326,1.4784,-0.5252,0.7507,-0.4466,0.7206,-0.0075,-0.1965,-0.2078,0.0675,1.0184,-0.0584,1.5707,0.000678,-0.018,0.0036
18.43,FLIGHT,0.9307,1.4818,-0.4318,0.6979,-0.3457,0.6401,-0.0084,-0.1962,-0.1817,0.0632,1.02,-0.052,1.5676,0.000593,-0.016,0.0032
18.435,FLIGHT,0.9292,1.4848,-0.3388,0.6344,-0.2602,0.5823,-0.0091,-0.1959,-0.1542,0.0576,1.0216,-0.052,1.5696,0.000519,-0.0138,0.0028
18.44,FLIGHT,0.928,1.4876,-0.2586,0.5853,-0.1939,0.5493,-0.0097,-0.1957,-0.1315,0.0532,1.0231,-0.0516,1.571,0.000455,-0.0116,0.0023
18.445,FLIGHT,0.9272,1.4903,-0.1933,0.5519,-0.1405,0.5268,-0.0102,-0.1955,-0.1139,0.05,1.0246,-0.0492,1.5704,0.000403,-0.0095,0.0019
18.45,FLIGHT,0.9266,1.4929,-0.1389,0.5262,-0.0937,0.5044,-0.0107,-0.1952,-0.0995,0.0475,1.026,-0.046,1.5689,0.00036,-0.0077,0.0015
18.455,FLIGHT,0.9263,1.4954,-0.0914,0.502,-0.0514,0.4804,-0.0111,-0.195,-0.0868,0.0451,1.0274,-0.0431,1.5677,0.000326,-0.0061,0.0012
18.46,FLIGHT,0.9261,1.4977,-0.0493,0.4782,-0.0138,0.4572,-0.0115,-0.1948,-0.0752,0.0427,1.0288,-0.0412,1.5672,0.000299,-0.0048,0.001
18.465,FLIGHT,0.9261,1.4999,-0.0122,0.4556,0.0188,0.4364,-0.0118,-0.1946,-0.0647,0.0405,1.0302,-0.0398,1.567,0.000278,-0.0037,0.0007
18.47,FLIGHT,0.9263,1.5021,0.02,0.4354,0.0465,0.4183,-0.012,-0.1944,-0.0557,0.0384,1.0315,-0.0386,1.5669,0.000262,-0.0028,0.0006
18.475,FLIGHT,0.9266,1.5041,0.0474,0.4174,0.0701,0.4021,-0.0122,-0.1942,-0.0478,0.0366,1.0328,-0.0376,1.5669,0.000249,-0.0021,0.0004
18.48,FLIGHT,0.927,1.5061,0.0709,0.4011,0.0902,0.3872,-0.0124,-0.1941,-0.041,0.0349,1.034,-0.0368,1.5669,0.000241,-0.0015,0.0003
18.485,FLIGHT,0.9275,1.508,0.0909,0.3862,0.1074,0.3733,-0.0126,-0.1939,-0.035,0.0334,1.0353,-0.036,1.567,0.000234,-0.0011,0.0002
18.49,FLIGHT,0.928,1.5098,0.1079,0.3723,0.1219,0.3603,-0.0127,-0.1937,-0.0298,0.032,1.0365,-0.0355,1.5671,0.00023,-0.0007,0.0001
18.495,FLIGHT,0.9287,1.5116,0.1223,0.3594,0.1342,0.3483,-0.0129,-0.1936,-0.0252,0.0307,1.0376,-0.0351,1.5673,0.000227,-0.0005,0.0001
18.5,FLIGHT,0.9294,1.5133,0.1344,0.3474,0.1443,0.337,-0.013,-0.1934,-0.0212,0.0295,1.0388,-0.0348,1.5676,0.000225,-0.0003,0.0001
18.505,FLIGHT,0.9301,1.515,0.1445,0.3362,0.1527,0.3265,-0.013,-0.1933,-0.0178,0.0284,1.0399,-0.0345,1.5679,0.000224,-0.0001,0.0
18.51,FLIGHT,0.9309,1.5166,0.1528,0.3257,0.1595,0.3166,-0.0131,-0.1932,-0.0147,0.0273,1.041,-0.0344,1.5682,0.000224,-0.0,0.0
18.515,FLIGHT,0.9317,1.5182,0.1596,0.3159,0.165,0.3073,-0.0132,-0.193,-0.0121,0.0264,1.042,-0.0343,1.5685,0.000224,0.0001,0.0
18.52,FLIGHT,0.9326,1.5197,0.165,0.3065,0.1693,0.2984,-0.0132,-0.1929,-0.0098,0.0255,1.043,-0.0343,1.5689,0.000225,0.0001,0.0
18.525,FLIGHT,0.9334,1.5211,0.1693,0.2977,0.1726,0.29,-0.0132,-0.1928,-0.0078,0.0247,1.044,-0.0343,1.5692,0.000225,0.0001,0.0
18.53,FLIGHT,0.9343,1.5226,0.1725,0.2893,0.175,0.282,-0.0133,-0.1927,-0.006,0.0239,1.045,-0.0344,1.5696,0.000226,0.0001,0.0
18.535,FLIGHT,0.9352,1.524,0.1749,0.2814,0.1767,0.2744,-0.0133,-0.1926,-0.0045,0.0231,1.0459,-0.0345,1.57,0.000226,0.0001,0.0
18.54,FLIGHT,0.936,1.5253,0.1765,0.2737,0.1776,0.2671,-0.0133,-0.1924,-0.0031,0.0225,1.0468,-0.0346,1.5704,0.000227,0.0001,0.0
18.545,FLIGHT,0.9369,1.5266,0.1775,0.2665,0.1781,0.2601,-0.0133,-0.1923,-0.002,0.0218,1.0476,-0.0348,1.5708,0.000228,0.0001,0.0
18.55,FLIGHT,0.9378,1.5279,0.1779,0.2595,0.178,0.2533,-0.0133,-0.1922,-0.0009,0.0212,1.0485,-0.0349,1.5712,0.000228,0.0001,0.0
18.555,FLIGHT,0.9387,1.5292,0.1778,0.2528,0.1776,0.2469,-0.0133,-0.1921,-0.0001,0.0206,1.0493,-0.0351,1.5716,0.000229,0.0001,0.0
18.56,FLIGHT,0.9396,1.5304,0.1773,0.2463,0.1768,0.2406,-0.0133,-0.192,0.0007,0.02,1.0501,-0.0353,1.572,0.000229,0.0001,0.0
18.565,FLIGHT,0.9405,1.5316,0.1765,0.2401,0.1756,0.2346,-0.0133,-0.1919,0.0014,0.0195,1.0508,-0.0356,1.5724,0.00023,0.0001,0.0
18.57,FLIGHT,0.9414,1.5327,0.1754,0.2341,0.1743,0.2288,-0.0133,-0.1918,0.002,0.0189,1.0516,-0.0358,1.5728,0.00023,0.0,0.0
18.575,FLIGHT,0.9422,1.5339,0.174,0.2283,0.1727,0.2232,-0.0133,-0.1918,0.0025,0.0184,1.0522,-0.036,1.5732,0.00023,0.0,0.0
18.58,FLIGHT,0.9431,1.535,0.1725,0.2227,0.171,0.2177,-0.0133,-0.1917,0.0029,0.018,1.0529,-0.0363,1.5736,0.00023,0.0,0.0
18.585,FLIGHT,0.9439,1.536,0.1707,0.2172,0.1691,0.2124,-0.0132,-0.1916,0.0033,0.0175,1.0536,-0.0365,1.574,0.00023,0.0,0.0
18.59,FLIGHT,0.9448,1.5371,0.1688,0.212,0.1671,0.2073,-0.0132,-0.1915,0.0037,0.0171,1.0542,-0.0368,1.5744,0.00023,-0.0,0.0
18.595,FLIGHT,0.9456,1.5381,0.1668,0.2069,0.165,0.2023,-0.0132,-0.1914,0.004,0.0166,1.0548,-0.037,1.5748,0.00023,-0.0,0.0
18.6,FLIGHT,0.9464,1.5391,0.1647,0.2019,0.1628,0.1975,-0.0132,-0.1913,0.0042,0.0162,1.0553,-0.0373,1.5752,0.00023,-0.0,0.0
18.605,FLIGHT,0.9472,1.5401,0.1626,0.1971,0.1606,0.1928,-0.0131,-0.1913,0.0044,0.0158,1.0558,-0.0375,1.5755,0.00023,-0.0,0.0
18.61,FLIGHT,0.948,1.541,0.1603,0.1924,0.1583,0.1883,-0.0131,-0.1912,0.0046,0.0154,1.0563,-0.0378,1.5759,0.00023,-0.0,0.0
18.615,FLIGHT,0.9488,1.542,0.1581,0.1878,0.156,0.1838,-0.0131,-0.1911,0.0048,0.015,1.0568,-0.038,1.5763,0.00023,-0.0,0.0
18.62,FLIGHT,0.9496,1.5429,0.1558,0.1834,0.1537,0.1795,-0.0131,-0.191,0.005,0.0147,1.0573,-0.0383,1.5766,0.000229,-0.0,0.0
18.625,FLIGHT,0.9504,1.5438,0.1535,0.1791,0.1514,0.1753,-0.013,-0.191,0.0051,0.0143,1.0577,-0.0385,1.5769,0.000229,-0.0001,0.0
18.63,FLIGHT,0.9511,1.5446,0.1511,0.1749,0.1491,0.1712,-0.013,-0.1909,0.0052,0.014,1.0581,-0.0387,1.5773,0.000229,-0.0001,0.0
18.635,FLIGHT,0.9518,1.5455,0.1488,0.1708,0.1467,0.1672,-0.013,-0.1908,0.0053,0.0136,1.0585,-0.039,1.5776,0.000229,-0.0001,0.0
18.64,FLIGHT,0.9526,1.5463,0.1465,0.1668,0.1444,0.1633,-0.013,-0.1908,0.0054,0.0133,1.0588,-0.0392,1.5779,0.000228,-0.0001,0.0
18.645,FLIGHT,0.9533,1.5471,0.1442,0.163,0.1421,0.1595,-0.0129,-0.1907,0.0055,0.013,1.0591,-0.0394,1.5783,0.000228,-0.0001,0.0
18.65,FLIGHT,0.954,1.5479,0.1419,0.1592,0.1398,0.1558,-0.0129,-0.1906,0.0055,0.0127,1.0594,-0.0397,1.5786,0.000228,-0.0001,0.0
18.655,FLIGHT,0.9547,1.5487,0.1396,0.1555,0.1376,0.1522,-0.0129,-0.1906,0.0056,0.0124,1.0597,-0.0399,1.5789,0.000227,-0.0001,0.0
18.66,FLIGHT,0.9554,1.5494,0.1374,0.1519,0.1353,0.1487,-0.0129,-0.1905,0.0056,0.0121,1.0599,-0.0401,1.5792,0.000227,-0.0001,0.0
18.665,FLIGHT,0.956,1.5502,0.1351,0.1484,0.1331,0.1453,-0.0128,-0.1905,0.0057,0.0118,1.0601,-0.0403,1.5795,0.000227,-0.0001,0.0
18.67,FLIGHT,0.9567,1.5509,0.1329,0.145,0.131,0.142,-0.0128,-0.1904,0.0057,0.0115,1.0603,-0.0406,1.5798,0.000226,-0.0001,0.0
18.675,FLIGHT,0.9573,1.5516,0.1307,0.1417,0.1288,0.1387,-0.0128,-0.1903,0.0058,0.0113,1.0605,-0.0408,1.5801,0.000226,-0.0001,0.0
18.68,FLIGHT,0.958,1.5523,0.1286,0.1384,0.1267,0.1355,-0.0127,-0.1903,0.0058,0.011,1.0606,-0.041,1.5803,0.000226,-0.0001,0.0
18.685,FLIGHT,0.9586,1.5529,0.1265,0.1352,0.1246,0.1324,-0.0127,-0.1902,0.0058,0.0107,1.0608,-0.0412,1.5806,0.000225,-0.0001,0.0
18.69,FLIGHT,0.9592,1.5536,0.1244,0.1322,0.1226,0.1294,-0.0127,-0.1902,0.0058,0.0105,1.0609,-0.0414,1.5809,0.000225,-0.0001,0.0
18.695,FLIGHT,0.9598,1.5542,0.1224,0.1291,0.1206,0.1265,-0.0127,-0.1901,0.0058,0.0102,1.0609,-0.0416,1.5811,0.000225,-0.0001,0.0
18.7,FLIGHT,0.9604,1.5548,0.1204,0.1262,0.1186,0.1236,-0.0126,-0.1901,0.0058,0.01,1.061,-0.0418,1.5814,0.000224,-0.0001,0.0
18.705,FLIGHT,0.961,1.5555,0.1184,0.1233,0.1166,0.1208,-0.0126,-0.19,0.0058,0.0098,1.061,-0.042,1.5817,0.000224,-0.0001,0.0
18.71,FLIGHT,0.9616,1.5561,0.1164,0.1205,0.1147,0.118,-0.0126,-0.19,0.0058,0.0095,1.061,-0.0422,1.5819,0.000224,-0.0001,0.0
18.715,FLIGHT,0.9622,1.5566,0.1145,0.1178,0.1128,0.1154,-0.0125,-0.1899,0.0058,0.0093,1.061,-0.0424,1.5821,0.000223,-0.0001,0.0
18.72,FLIGHT,0.9627,1.5572,0.1127,0.1151,0.111,0.1128,-0.0125,-0.1899,0.0058,0.0091,1.0609,-0.0425,1.5824,0.000223,-0.0001,0.0
18.725,FLIGHT,0.9633,1.5578,0.1108,0.1125,0.1092,0.1102,-0.0125,-0.1898,0.0058,0.0089,1.0609,-0.0427,1.5826,0.000223,-0.0001,0.0
18.73,FLIGHT,0.9638,1.5583,0.109,0.11,0.1074,0.1077,-0.0125,-0.1898,0.0058,0.0087,1.0608,-0.0429,1.5828,0.000223,-0.0001,0.0
18.735,FLIGHT,0.9644,1.5588,0.1072,0.1075,0.1057,0.1053,-0.0124,-0.1898,0.0058,0.0085,1.0607,-0.0431,1.5831,0.000222,-0.0001,0.0
18.74,FLIGHT,0.9649,1.5594,0.1055,0.1051,0.104,0.103,-0.0124,-0.1897,0.0058,0.0083,1.0605,-0.0433,1.5833,0.000222,-0.0001,0.0
18.745,FLIGHT,0.9654,1.5599,0.1038,0.1027,0.1023,0.1007,-0.0124,-0.1897,0.0058,0.0081,1.0604,-0.0434,1.5835,0.000222,-0.0,0.0
18.75,FLIGHT,0.9659,1.5604,0.1021,0.1004,0.1006,0.0984,-0.0123,-0.1896,0.0058,0.0079,1.0602,-0.0436,1.5837,0.000222,-0.0,0.0
18.755,FLIGHT,0.9664,1.5609,0.1005,0.0982,0.099,0.0962,-0.0123,-0.1896,0.0058,0.0077,1.06,-0.0438,1.5839,0.000221,-0.0,0.0
18.76,FLIGHT,0.9669,1.5613,0.0988,0.096,0.0974,0.0941,-0.0123,-0.1896,0.0058,0.0076,1.0598,-0.0439,1.5841,0.000221,-0.0,0.0
18.765,FLIGHT,0.9674,1.5618,0.0973,0.0939,0.0959,0.092,-0.0122,-0.1895,0.0058,0.0074,1.0595,-0.0441,1.5843,0.000221,-0.0,0.0
18.77,FLIGHT,0.9679,1.5623,0.0957,0.0918,0.0943,0.0899,-0.0122,-0.1895,0.0057,0.0072,1.0593,-0.0442,1.5845,0.000221,-0.0,0.0
18.775,FLIGHT,0.9683,1.5627,0.0942,0.0898,0.0928,0.088,-0.0122,-0.1895,0.0057,0.007,1.059,-0.0444,1.5847,0.00022,-0.0,0.0
18.78,FLIGHT,0.9688,1.5631,0.0927,0.0878,0.0913,0.086,-0.0122,-0.1894,0.0057,0.0069,1.0587,-0.0445,1.5849,0.00022,-0.0,0.0
18.785,FLIGHT,0.9692,1.5636,0.0912,0.0858,0.0899,0.0841,-0.0121,-0.1894,0.0057,0.0067,1.0583,-0.0447,1.5851,0.00022,-0.0,0.0
18.79,FLIGHT,0.9697,1.564,0.0897,0.084,0.0885,0.0823,-0.0121,-0.1894,0.0057,0.0066,1.058,-0.0448,1.5853,0.00022,-0.0,0.0
18.795,FLIGHT,0.9701,1.5644,0.0883,0.0821,0.0871,0.0805,-0.0121,-0.1893,0.0056,0.0064,1.0576,-0.045,1.5855,0.00022,-0.0,0.0
18.8,FLIGHT,0.9706,1.5648,0.0869,0.0803,0.0857,0.0787,-0.012,-0.1893,0.0056,0.0063,1.0572,-0.0451,1.5857,0.00022,-0.0,0.0
18.805,FLIGHT,0.971,1.5652,0.0856,0.0786,0.0843,0.077,-0.012,-0.1893,0.0056,0.0061,1.0568,-0.0453,1.5858,0.000219,-0.0,0.0
18.81,FLIGHT,0.9714,1.5656,0.0842,0.0769,0.083,0.0753,-0.012,-0.1892,0.0056,0.006,1.0564,-0.0454,1.586,0.000219,-0.0,0.0
18.815,FLIGHT,0.9718,1.5659,0.0829,0.0752,0.0817,0.0737,-0.012,-0.1892,0.0055,0.0059,1.0559,-0.0455,1.5862,0.000219,-0.0,0.0
18.82,FLIGHT,0.9722,1.5663,0.0816,0.0736,0.0804,0.0721,-0.0119,-0.1892,0.0055,0.0057,1.0554,-0.0457,1.5863,0.000219,-0.0,0.0
18.825,FLIGHT,0.9726,1.5666,0.0803,0.072,0.0792,0.0706,-0.0119,-0.1892,0.0055,0.0056,1.055,-0.0458,1.5865,0.000219,-0.0,0.0
18.83,FLIGHT,0.973,1.567,0.079,0.0704,0.0779,0.0691,-0.0119,-0.1891,0.0054,0.0055,1.0544,-0.0459,1.5867,0.000219,-0.0,0.0
18.835,FLIGHT,0.9734,1.5673,0.0778,0.0689,0.0767,0.0676,-0.0119,-0.1891,0.0054,0.0054,1.0539,-0.0461,1.5868,0.000218,-0.0,0.0
18.84,FLIGHT,0.9738,1.5677,0.0766,0.0675,0.0755,0.0662,-0.0118,-0.1891,0.0054,0.0052,1.0534,-0.0462,1.587,0.000218,-0.0,0.0
18.845,FLIGHT,0.9741,1.568,0.0754,0.066,0.0743,0.0648,-0.0118,-0.189,0.0053,0.0051,1.0528,-0.0463,1.5871,0.000218,-0.0,0.0
18.85,FLIGHT,0.9745,1.5683,0.0742,0.0646,0.0732,0.0634,-0.0118,-0.189,0.0053,0.005,1.0522,-0.0465,1.5873,0.000218,-0.0,0.0
18.855,FLIGHT,0.9749,1.5686,0.0731,0.0633,0.072,0.0621,-0.0118,-0.189,0.0053,0.0049,1.0516,-0.0466,1.5874,0.000218,-0.0,0.0
18.86,FLIGHT,0.9752,1.5689,0.0719,0.0619,0.0709,0.0608,-0.0117,-0.189,0.0052,0.0048,1.051,-0.0467,1.5876,0.000218,-0.0,0.0
18.865,FLIGHT,0.9756,1.5692,0.0708,0.0606,0.0698,0.0595,-0.0117,-0.1889,0.0052,0.0047,1.0503,-0.0468,1.5877,0.000218,-0.0,0.0
18.87,FLIGHT,0.9759,1.5695,0.0697,0.0594,0.0687,0.0582,-0.0117,-0.1889,0.0051,0.0046,1.0497,-0.047,1.5879,0.000218,-0.0,0.0
18.875,FLIGHT,0.9763,1.5698,0.0686,0.0581,0.0677,0.057,-0.0116,-0.1889,0.0051,0.0045,1.049,-0.0471,1.588,0.000218,-0.0,0.0
18.88,FLIGHT,0.9766,1.5701,0.0675,0.0569,0.0666,0.0559,-0.0116,-0.1889,0.0051,0.0044,1.0483,-0.0472,1.5882,0.000217,-0.0,0.0
18.885,FLIGHT,0.9769,1.5704,0.0665,0.0558,0.0656,0.0547,-0.0116,-0.1889,0.005,0.0043,1.0476,-0.0473,1.5883,0.000217,-0.0,0.0
18.89,FLIGHT,0.9773,1.5707,0.0655,0.0546,0.0645,0.0536,-0.0116,-0.1888,0.005,0.0042,1.0469,-0.0474,1.5884,0.000217,-0.0,0.0
18.895,FLIGHT,0.9776,1.5709,0.0644,0.0535,0.0635,0.0525,-0.0115,-0.1888,0.0049,0.0041,1.0461,-0.0475,1.5886,0.000217,-0.0,0.0
18.9,FLIGHT,0.9779,1.5712,0.0634,0.0524,0.0625,0.0514,-0.0115,-0.1888,0.0049,0.004,1.0454,-0.0477,1.5887,0.000217,-0.0,0.0
18.905,FLIGHT,0.9782,1.5714,0.0624,0.0513,0.0615,0.0504,-0.0115,-0.1888,0.0048,0.004,1.0446,-0.0478,1.5888,0.000217,-0.0,0.0
18.91,FLIGHT,0.9785,1.5717,0.0614,0.0503,0.0606,0.0494,-0.0115,-0.1888,0.0048,0.0039,1.0438,-0.0479,1.589,0.000217,-0.0,0.0
18.915,FLIGHT,0.9788,1.5719,0.0605,0.0493,0.0596,0.0484,-0.0115,-0.1887,0.0048,0.0038,1.043,-0.048,1.5891,0.000217,-0.0,0.0
18.92,FLIGHT,0.9791,1.5722,0.0595,0.0483,0.0587,0.0474,-0.0114,-0.1887,0.0047,0.0037,1.0421,-0.0481,1.5892,0.000217,-0.0,0.0
18.925,FLIGHT,0.9794,1.5724,0.0586,0.0474,0.0578,0.0465,-0.0114,-0.1887,0.0047,0.0036,1.0413,-0.0482,1.5893,0.000217,-0.0,0.0
18.93,FLIGHT,0.9797,1.5726,0.0577,0.0464,0.0568,0.0456,-0.0114,-0.1887,0.0046,0.0036,1.0404,-0.0483,1.5894,0.000217,-0.0,0.0
18.935,FLIGHT,0.98,1.5729,0.0567,0.0455,0.0559,0.0447,-0.0114,-0.1887,0.0046,0.0035,1.0395,-0.0484,1.5896,0.000217,-0.0,0.0
18.94,FLIGHT,0.9802,1.5731,0.0558,0.0446,0.055,0.0438,-0.0113,-0.1887,0.0045,0.0034,1.0386,-0.0485,1.5897,0.000217,-0.0,0.0
18.945,FLIGHT,0.9805,1.5733,0.0549,0.0438,0.0542,0.043,-0.0113,-0.1886,0.0044,0.0034,1.0377,-0.0486,1.5898,0.000217,-0.0,0.0
18.95,FLIGHT,0.9808,1.5735,0.0541,0.0429,0.0533,0.0422,-0.0113,-0.1886,0.0044,0.0033,1.0368,-0.0487,1.5899,0.000217,-0.0,0.0
18.955,FLIGHT,0.9811,1.5737,0.0532,0.0421,0.0524,0.0414,-0.0113,-0.1886,0.0043,0.0032,1.0358,-0.0488,1.59,0.000217,-0.0,0.0
18.96,FLIGHT,0.9813,1.5739,0.0523,0.0413,0.0516,0.0406,-0.0113,-0.1886,0.0043,0.0032,1.0349,-0.0489,1.5901,0.000216,-0.0,0.0
18.965,FLIGHT,0.9816,1.5741,0.0515,0.0405,0.0507,0.0398,-0.0112,-0.1886,0.0042,0.0031,1.0339,-0.049,1.5903,0.000216,-0.0,0.0
18.97,FLIGHT,0.9818,1.5743,0.0506,0.0397,0.0499,0.0391,-0.0112,-0.1886,0.0042,0.003,1.0329,-0.0492,1.5904,0.000216,-0.0,0.0
18.975,FLIGHT,0.9821,1.5745,0.0498,0.039,0.0491,0.0383,-0.0112,-0.1885,0.0041,0.003,1.0319,-0.0493,1.5905,0.000216,-0.0,0.0
18.98,FLIGHT,0.9823,1.5747,0.049,0.0383,0.0483,0.0376,-0.0112,-0.1885,0.0041,0.0029,1.0309,-0.0494,1.5906,0.000216,-0.0,0.0
18.985,FLIGHT,0.9826,1.5749,0.0482,0.0375,0.0474,0.0369,-0.0111,-0.1885,0.004,0.0029,1.0299,-0.0495,1.5907,0.000216,-0.0,0.0
18.99,FLIGHT,0.9828,1.5751,0.0474,0.0369,0.0467,0.0362,-0.0111,-0.1885,0.0039,0.0028,1.0288,-0.0496,1.5908,0.000216,-0.0,0.0
18.995,FLIGHT,0.983,1.5753,0.0466,0.0362,0.0459,0.0356,-0.0111,-0.1885,0.0039,0.0028,1.0277,-0.0497,1.5909,0.000216,-0.0,0.0
19.0,FLIGHT,0.9832,1.5754,0.0458,0.0355,0.0451,0.0349,-0.0111,-0.1885,0.0038,0.0027,1.0267,-0.0497,1.591,0.000216,-0.0,0.0
19.005,FLIGHT,0.9835,1.5756,0.045,0.0349,0.0443,0.0343,-0.0111,-0.1885,0.0038,0.0027,1.0256,-0.0498,1.5911,0.000216,-0.0,0.0
19.01,FLIGHT,0.9837,1.5758,0.0442,0.0343,0.0435,0.0337,-0.0111,-0.1884,0.0037,0.0026,1.0245,-0.0499,1.5912,0.000216,-0.0,0.0
19.015,FLIGHT,0.9839,1.5759,0.0435,0.0336,0.0428,0.0331,-0.011,-0.1884,0.0036,0.0026,1.0233,-0.05,1.5913,0.000216,-0.0,0.0
19.02,FLIGHT,0.9841,1.5761,0.0427,0.0331,0.042,0.0325,-0.011,-0.1884,0.0036,0.0025,1.0222,-0.0501,1.5914,0.000216,-0.0,0.0
19.025,FLIGHT,0.9843,1.5763,0.0419,0.0325,0.0413,0.032,-0.011,-0.1884,0.0035,0.0025,1.0211,-0.0502,1.5915,0.000216,-0.0,0.0
19.03,FLIGHT,0.9845,1.5764,0.0412,0.0319,0.0405,0.0314,-0.011,-0.1884,0.0034,0.0024,1.0199,-0.0503,1.5916,0.000216,-0.0,0.0
19.035,FLIGHT,0.9847,1.5766,0.0405,0.0314,0.0398,0.0309,-0.011,-0.1884,0.0034,0.0024,1.0187,-0.0504,1.5917,0.000216,-0.0,0.0
19.04,FLIGHT,0.9849,1.5767,0.0397,0.0308,0.0391,0.0303,-0.0109,-0.1884,0.0033,0.0024,1.0175,-0.0505,1.5918,0.000216,-0.0,0.0
19.045,FLIGHT,0.9851,1.5769,0.039,0.0303,0.0384,0.0298,-0.0109,-0.1884,0.0032,0.0023,1.0163,-0.0506,1.5919,0.000216,0.0,0.0
19.05,FLIGHT,0.9853,1.577,0.0383,0.0298,0.0376,0.0293,-0.0109,-0.1884,0.0032,0.0023,1.0151,-0.0507,1.5919,0.000216,0.0,0.0
19.055,FLIGHT,0.9855,1.5772,0.0376,0.0293,0.0369,0.0288,-0.0109,-0.1883,0.0031,0.0023,1.0139,-0.0508,1.592,0.000216,0.0,0.0
19.06,FLIGHT,0.9857,1.5773,0.0369,0.0288,0.0362,0.0284,-0.0109,-0.1883,0.003,0.0022,1.0126,-0.0509,1.5921,0.000216,0.0,0.0
19.065,FLIGHT,0.9859,1.5775,0.0362,0.0283,0.0355,0.0279,-0.0109,-0.1883,0.003,0.0022,1.0114,-0.051,1.5922,0.000216,0.0,0.0
19.07,FLIGHT,0.986,1.5776,0.0355,0.0279,0.0348,0.0274,-0.0109,-0.1883,0.0029,0.0021,1.0101,-0.0511,1.5923,0.000216,0.0,0.0
19.075,FLIGHT,0.9862,1.5777,0.0348,0.0274,0.0341,0.027,-0.0108,-0.1883,0.0028,0.0021,1.0088,-0.0512,1.5924,0.000216,0.0,0.0
19.08,FLIGHT,0.9864,1.5779,0.0341,0.027,0.0335,0.0266,-0.0108,-0.1883,0.0028,0.0021,1.0076,-0.0513,1.5925,0.000216,0.0,0.0
19.085,FLIGHT,0.9865,1.578,0.0334,0.0265,0.0328,0.0261,-0.0108,-0.1883,0.0027,0.002,1.0063,-0.0513,1.5926,0.000216,0.0,0.0
19.09,FLIGHT,0.9867,1.5781,0.0327,0.0261,0.0321,0.0257,-0.0108,-0.1883,0.0026,0.002,1.0049,-0.0514,1.5926,0.000216,0.0,0.0
19.095,FLIGHT,0.9869,1.5783,0.032,0.0257,0.0314,0.0253,-0.0108,-0.1883,0.0026,0.002,1.0036,-0.0515,1.5927,0.000216,0.0,0.0
19.1,FLIGHT,0.987,1.5784,0.0314,0.0253,0.0308,0.0249,-0.0108,-0.1882,0.0025,0.002,1.0023,-0.0516,1.5928,0.000216,0.0,0.0
19.105,FLIGHT,0.9872,1.5785,0.0307,0.0249,0.0301,0.0246,-0.0108,-0.1882,0.0024,0.0019,1.0009,-0.0517,1.5929,0.000216,0.0,0.0
19.11,STANCE,0.9873,1.5786,0.03,0.0245,0.0569,0.0989,-0.0108,-0.1882,0.0023,0.0019,0.9996,0.1377,-0.0294,0.000216,-0.0247,0.0049
19.115,STANCE,0.9923,1.5778,0.8192,-0.1956,2.1509,-1.0952,-0.0097,-0.1884,0.1809,-0.0256,0.9985,-0.2439,-0.5208,-0.00174,-0.6722,0.1362
19.12,STANCE,0.9991,1.5733,1.0211,-0.5645,0.1577,0.0333,-0.0078,-0.1888,0.2701,-0.058,0.9978,-0.5853,-0.9526,-0.00411,-0.2283,0.0498
19.125,STANCE,0.9984,1.5749,0.2272,0.0412,-0.1488,0.2936,-0.0082,-0.1887,0.0372,0.0018,0.998,-0.5593,-1.7632,-0.004764,-0.065,0.0178
19.13,STANCE,0.9991,1.5744,0.2021,-0.1032,0.4714,-0.5636,-0.008,-0.1887,0.0522,-0.0108,0.9983,-0.8602,-2.1466,-0.004909,0.0003,0.0049
19.135,STANCE,1.0028,1.5663,0.5982,-1.2576,0.9888,-2.0786,-0.0061,-0.1895,0.2867,-0.1132,0.9983,-1.3581,-1.8841,-0.004627,0.0816,0.0046
19.14,STANCE,1.0081,1.5538,0.91,-2.1511,1.1462,-2.4749,-0.0034,-0.1906,0.4731,-0.1851,0.9982,-1.7887,-1.4844,-0.004039,0.1223,0.004
19.145,STANCE,1.0131,1.5389,0.9679,-2.7024,0.8255,-3.3415,-0.0004,-0.1918,0.5667,-0.2214,0.9982,-2.0102,-1.0201,-0.003172,0.218,0.0032
19.15,STANCE,1.0171,1.5238,0.8713,-2.82,0.8759,-2.3555,0.0026,-0.193,0.5701,-0.2208,0.9984,-2.0024,-0.5945,-0.002324,0.0835,0.0023
19.155,STANCE,1.0208,1.513,0.7619,-2.3513,0.49,-2.239,0.0048,-0.1938,0.4855,-0.1775,0.999,-1.7917,-0.352,-0.001947,0.1073,0.0019
19.16,STANCE,1.0218,1.501,0.3647,-2.3766,-0.0602,-2.5498,0.0067,-0.1948,0.4148,-0.1761,0.9995,-1.3055,0.1241,-0.001187,0.1918,0.0012
19.165,STANCE,1.0215,1.4899,0.0605,-2.2571,-0.1209,-2.1064,0.0083,-0.1956,0.3401,-0.1656,1.0002,-0.7558,0.5167,-0.000325,0.1719,0.0003
19.17,STANCE,1.0207,1.4787,-0.0906,-2.2552,-0.2549,-2.5979,0.0097,-0.1964,0.312,-0.1635,1.0008,-0.2664,0.8848,0.000517,0.136,0.0
19.175,STANCE,1.0197,1.4658,-0.1499,-2.459,-0.1281,-2.5197,0.0114,-0.1973,0.332,-0.1747,1.0013,0.0659,1.2082,0.001045,0.0773,0.0
19.18,FLIGHT,1.0192,1.4544,-0.1124,-2.292,-0.4165,-1.2399,0.013,-0.1981,0.3165,-0.159,1.002,-1.1277,2.4538,0.001316,0.0347,0.0
19.185,FLIGHT,1.0125,1.4583,-1.041,-0.0175,-2.0876,2.2828,0.0111,-0.1979,-0.2035,-0.0128,1.0039,-0.6721,2.0563,0.001423,0.0099,0.0
19.19,FLIGHT,1.0008,1.4718,-1.9428,1.8496,-2.4089,2.742,0.0068,-0.1971,-0.6515,0.1236,1.0061,-0.1312,1.6035,0.001429,-0.0064,0.0013
19.195,FLIGHT,0.9899,1.4831,-2.059,2.0566,-1.8576,1.687,0.0031,-0.1963,-0.6994,0.1524,1.0081,0.0596,1.4537,0.001367,-0.0174,0.0035
19.2,FLIGHT,0.9823,1.489,-1.6707,1.414,-1.2513,0.7786,0.0007,-0.1958,-0.5287,0.1107,1.0098,0.0003,1.5143,0.001262,-0.024,0.0048
19.205,FLIGHT,0.9769,1.492,-1.246,0.8488,-0.9331,0.5089,-0.0007,-0.1956,-0.3641,0.0691,1.0113,-0.0965,1.6013,0.001135,-0.0262,0.0052
19.21,FLIGHT,0.9726,1.4947,-0.9885,0.6486,-0.832,0.6014,-0.002,-0.1954,-0.2847,0.0547,1.0128,-0.1305,1.6314,0.001004,-0.0259,0.0052
19.215,FLIGHT,0.9685,1.498,-0.8633,0.6635,-0.7806,0.706,-0.0032,-0.1951,-0.2618,0.0574,1.0144,-0.112,1.6167,0.000878,-0.0242,0.0048
19.22,FLIGHT,0.9648,1.5016,-0.7762,0.6942,-0.6961,0.6967,-0.0045,-0.1948,-0.2484,0.0613,1.0159,-0.0831,1.5941,0.000763,-0.0218,0.0044
19.225,FLIGHT,0.9616,1.5049,-0.6781,0.6655,-0.5834,0.6163,-0.0055,-0.1945,-0.2247,0.0598,1.0174,-0.0667,1.5826,0.00066,-0.0193,0.0039
19.23,FLIGHT,0.959,1.5077,-0.5698,0.599,-0.4735,0.5355,-0.0065,-0.1942,-0.194,0.0546,1.0189,-0.0625,1.5814,0.00057,-0.0166,0.0033
19.235,FLIGHT,0.9568,1.5103,-0.4681,0.5341,-0.3836,0.4837,-0.0072,-0.194,-0.1649,0.0491,1.0203,-0.0622,1.5831,0.000494,-0.014,0.0028
19.24,FLIGHT,0.9551,1.5126,-0.3822,0.4875,-0.3126,0.4538,-0.0079,-0.1938,-0.1415,0.0451,1.0217,-0.0605,1.5833,0.00043,-0.0116,0.0023
19.245,FLIGHT,0.9537,1.5148,-0.3112,0.4557,-0.253,0.4309,-0.0085,-0.1936,-0.1231,0.0422,1.023,-0.0571,1.5817,0.000377,-0.0094,0.0019
19.25,FLIGHT,0.9526,1.5169,-0.2506,0.4297,-0.1999,0.4073,-0.009,-0.1934,-0.1077,0.0397,1.0244,-0.0533,1.5798,0.000335,-0.0075,0.0015
19.255,FLIGHT,0.9517,1.5189,-0.1971,0.405,-0.1519,0.3831,-0.0094,-0.1932,-0.0938,0.0373,1.0257,-0.0503,1.5784,0.000302,-0.0059,0.0012
19.26,FLIGHT,0.951,1.5208,-0.1494,0.3811,-0.1094,0.3606,-0.0098,-0.193,-0.0812,0.035,1.0269,-0.0481,1.5776,0.000276,-0.0046,0.0009
19.265,FLIGHT,0.9506,1.5225,-0.1075,0.3594,-0.0725,0.3411,-0.0101,-0.1929,-0.07,0.0328,1.0282,-0.0465,1.5771,0.000255,-0.0035,0.0007
19.27,FLIGHT,0.9503,1.5242,-0.0712,0.3403,-0.041,0.3243,-0.0104,-0.1927,-0.0603,0.0309,1.0294,-0.0451,1.5768,0.00024,-0.0026,0.0005
19.275,FLIGHT,0.9502,1.5258,-0.0398,0.3235,-0.0138,0.3094,-0.0106,-0.1926,-0.0519,0.0291,1.0306,-0.0438,1.5764,0.000229,-0.0019,0.0004
19.28,FLIGHT,0.9502,1.5273,-0.0128,0.3086,0.0096,0.2959,-0.0108,-0.1924,-0.0446,0.0276,1.0317,-0.0427,1.5762,0.000221,-0.0013,0.0003
19.285,FLIGHT,0.9503,1.5287,0.0105,0.295,0.0298,0.2834,-0.011,-0.1923,-0.0383,0.0262,1.0328,-0.0418,1.576,0.000215,-0.0009,0.0002
19.29,FLIGHT,0.9504,1.5301,0.0305,0.2826,0.0471,0.272,-0.0112,-0.1922,-0.0327,0.0249,1.0339,-0.0411,1.5759,0.000212,-0.0006,0.0001
19.295,FLIGHT,0.9507,1.5314,0.0476,0.2712,0.0618,0.2615,-0.0113,-0.1921,-0.0278,0.0237,1.035,-0.0405,1.5759,0.000209,-0.0003,0.0001
19.3,FLIGHT,0.9511,1.5327,0.0623,0.2608,0.0743,0.2518,-0.0114,-0.192,-0.0236,0.0226,1.036,-0.04,1.5759,0.000208,-0.0001,0.0
19.305,FLIGHT,0.9515,1.534,0.0747,0.2512,0.0849,0.2429,-0.0115,-0.1919,-0.0199,0.0217,1.037,-0.0396,1.576,0.000208,-0.0,0.0
19.31,FLIGHT,0.9519,1.5352,0.0851,0.2423,0.0937,0.2347,-0.0116,-0.1918,-0.0166,0.0208,1.038,-0.0393,1.5761,0.000208,0.0001,0.0
19.315,FLIGHT,0.9524,1.5363,0.0939,0.2341,0.1011,0.227,-0.0116,-0.1917,-0.0138,0.0199,1.0389,-0.0391,1.5763,0.000209,0.0001,0.0
19.32,FLIGHT,0.9529,1.5374,0.1012,0.2264,0.1071,0.2197,-0.0117,-0.1916,-0.0114,0.0192,1.0399,-0.039,1.5764,0.00021,0.0002,0.0
19.325,FLIGHT,0.9535,1.5385,0.1072,0.2192,0.1121,0.2129,-0.0117,-0.1915,-0.0093,0.0185,1.0408,-0.0389,1.5766,0.00021,0.0002,0.0
19.33,FLIGHT,0.954,1.5396,0.1121,0.2124,0.116,0.2065,-0.0118,-0.1914,-0.0074,0.0178,1.0416,-0.0388,1.5768,0.000212,0.0002,0.0
19.335,FLIGHT,0.9546,1.5406,0.116,0.206,0.1192,0.2005,-0.0118,-0.1913,-0.0058,0.0172,1.0424,-0.0388,1.5771,0.000213,0.0002,0.0
19.34,FLIGHT,0.9552,1.5416,0.1192,0.2,0.1216,0.1947,-0.0118,-0.1912,-0.0044,0.0166,1.0432,-0.0388,1.5773,0.000214,0.0002,0.0
19.345,FLIGHT,0.9558,1.5425,0.1215,0.1943,0.1234,0.1893,-0.0118,-0.1911,-0.0031,0.0161,1.044,-0.0389,1.5775,0.000215,0.0002,0.0
19.35,FLIGHT,0.9565,1.5435,0.1233,0.1888,0.1246,0.184,-0.0118,-0.1911,-0.0021,0.0156,1.0448,-0.0389,1.5778,0.000216,0.0002,0.0
19.355,FLIGHT,0.9571,1.5444,0.1245,0.1836,0.1254,0.1791,-0.0118,-0.191,-0.0011,0.0151,1.0455,-0.039,1.5781,0.000216,0.0002,0.0
19.36,FLIGHT,0.9577,1.5452,0.1253,0.1787,0.1258,0.1743,-0.0118,-0.1909,-0.0003,0.0147,1.0462,-0.0391,1.5783,0.000217,0.0001,0.0
19.365,FLIGHT,0.9583,1.5461,0.1256,0.1739,0.1258,0.1697,-0.0118,-0.1908,0.0004,0.0142,1.0468,-0.0393,1.5786,0.000218,0.0001,0.0
19.37,FLIGHT,0.959,1.5469,0.1257,0.1693,0.1255,0.1653,-0.0118,-0.1908,0.001,0.0138,1.0475,-0.0394,1.5789,0.000218,0.0001,0.0
19.375,FLIGHT,0.9596,1.5478,0.1254,0.165,0.125,0.1611,-0.0118,-0.1907,0.0015,0.0134,1.0481,-0.0395,1.5791,0.000219,0.0001,0.0
19.38,FLIGHT,0.9602,1.5486,0.1249,0.1608,0.1243,0.157,-0.0118,-0.1906,0.002,0.0131,1.0487,-0.0397,1.5794,0.000219,0.0001,0.0
19.385,FLIGHT,0.9608,1.5493,0.1242,0.1567,0.1235,0.1531,-0.0118,-0.1906,0.0024,0.0127,1.0492,-0.0398,1.5797,0.000219,0.0001,0.0
19.39,FLIGHT,0.9615,1.5501,0.1233,0.1528,0.1224,0.1493,-0.0118,-0.1905,0.0028,0.0124,1.0497,-0.04,1.5799,0.00022,0.0,0.0
19.395,FLIGHT,0.9621,1.5508,0.1223,0.149,0.1213,0.1456,-0.0118,-0.1905,0.0031,0.012,1.0502,-0.0402,1.5802,0.00022,0.0,0.0
19.4,FLIGHT,0.9627,1.5515,0.1211,0.1453,0.12,0.1421,-0.0118,-0.1904,0.0034,0.0117,1.0507,-0.0403,1.5805,0.00022,0.0,0.0
19.405,FLIGHT,0.9633,1.5522,0.1199,0.1418,0.1187,0.1386,-0.0117,-0.1903,0.0036,0.0114,1.0512,-0.0405,1.5807,0.00022,0.0,0.0
19.41,FLIGHT,0.9639,1.5529,0.1185,0.1383,0.1173,0.1353,-0.0117,-0.1903,0.0038,0.0111,1.0516,-0.0407,1.581,0.00022,0.0,0.0
19.415,FLIGHT,0.9644,1.5536,0.1171,0.135,0.1159,0.132,-0.0117,-0.1902,0.004,0.0109,1.052,-0.0409,1.5812,0.00022,-0.0,0.0
19.42,FLIGHT,0.965,1.5543,0.1157,0.1317,0.1144,0.1289,-0.0117,-0.1902,0.0041,0.0106,1.0523,-0.041,1.5815,0.00022,-0.0,0.0
19.425,FLIGHT,0.9656,1.5549,0.1142,0.1286,0.1129,0.1258,-0.0117,-0.1901,0.0043,0.0103,1.0527,-0.0412,1.5817,0.00022,-0.0,0.0
19.43,FLIGHT,0.9661,1.5555,0.1127,0.1255,0.1113,0.1228,-0.0116,-0.1901,0.0044,0.0101,1.053,-0.0414,1.582,0.00022,-0.0,0.0
19.435,FLIGHT,0.9667,1.5561,0.1111,0.1226,0.1098,0.12,-0.0116,-0.19,0.0045,0.0098,1.0533,-0.0415,1.5822,0.00022,-0.0,0.0
19.44,FLIGHT,0.9672,1.5567,0.1096,0.1197,0.1082,0.1171,-0.0116,-0.19,0.0046,0.0096,1.0536,-0.0417,1.5824,0.00022,-0.0,0.0
19.445,FLIGHT,0.9678,1.5573,0.108,0.1169,0.1066,0.1144,-0.0116,-0.1899,0.0047,0.0093,1.0538,-0.0419,1.5826,0.000219,-0.0,0.0
19.45,FLIGHT,0.9683,1.5579,0.1065,0.1142,0.1051,0.1117,-0.0115,-0.1899,0.0048,0.0091,1.054,-0.0421,1.5829,0.000219,-0.0,0.0
19.455,FLIGHT,0.9688,1.5584,0.1049,0.1115,0.1035,0.1091,-0.0115,-0.1899,0.0048,0.0089,1.0542,-0.0422,1.5831,0.000219,-0.0,0.0
19.46,FLIGHT,0.9693,1.5589,0.1034,0.1089,0.102,0.1066,-0.0115,-0.1898,0.0049,0.0087,1.0544,-0.0424,1.5833,0.000219,-0.0,0.0
19.465,FLIGHT,0.9698,1.5595,0.1018,0.1064,0.1004,0.1041,-0.0115,-0.1898,0.0049,0.0085,1.0545,-0.0425,1.5835,0.000219,-0.0,0.0
19.47,FLIGHT,0.9703,1.56,0.1003,0.1039,0.0989,0.1018,-0.0114,-0.1897,0.0049,0.0083,1.0547,-0.0427,1.5837,0.000219,-0.0,0.0
19.475,FLIGHT,0.9708,1.5605,0.0988,0.1015,0.0974,0.0994,-0.0114,-0.1897,0.005,0.0081,1.0547,-0.0429,1.5839,0.000218,-0.0,0.0
19.48,FLIGHT,0.9713,1.561,0.0973,0.0992,0.0959,0.0971,-0.0114,-0.1897,0.005,0.0079,1.0548,-0.043,1.5841,0.000218,-0.0,0.0
19.485,FLIGHT,0.9718,1.5615,0.0958,0.0969,0.0945,0.0949,-0.0114,-0.1896,0.005,0.0077,1.0549,-0.0432,1.5843,0.000218,-0.0,0.0
19.49,FLIGHT,0.9723,1.5619,0.0943,0.0947,0.093,0.0928,-0.0113,-0.1896,0.005,0.0075,1.0549,-0.0433,1.5845,0.000218,-0.0,0.0
19.495,FLIGHT,0.9727,1.5624,0.0929,0.0926,0.0916,0.0906,-0.0113,-0.1895,0.0051,0.0073,1.0549,-0.0435,1.5847,0.000218,-0.0,0.0
19.5,FLIGHT,0.9732,1.5628,0.0914,0.0905,0.0902,0.0886,-0.0113,-0.1895,0.0051,0.0072,1.0549,-0.0436,1.5849,0.000217,-0.0,0.0
19.505,FLIGHT,0.9736,1.5633,0.09,0.0884,0.0888,0.0866,-0.0113,-0.1895,0.0051,0.007,1.0548,-0.0438,1.5851,0.000217,-0.0,0.0
19.51,FLIGHT,0.9741,1.5637,0.0886,0.0864,0.0874,0.0846,-0.0112,-0.1894,0.0051,0.0068,1.0548,-0.0439,1.5853,0.000217,-0.0,0.0
19.515,FLIGHT,0.9745,1.5641,0.0873,0.0845,0.0861,0.0827,-0.0112,-0.1894,0.0051,0.0067,1.0547,-0.044,1.5855,0.000217,-0.0,0.0
19.52,FLIGHT,0.9749,1.5645,0.0859,0.0826,0.0847,0.0809,-0.0112,-0.1894,0.0051,0.0065,1.0546,-0.0442,1.5856,0.000217,-0.0,0.0
19.525,FLIGHT,0.9753,1.5649,0.0846,0.0807,0.0834,0.0791,-0.0112,-0.1893,0.0051,0.0064,1.0544,-0.0443,1.5858,0.000217,-0.0,0.0
19.53,FLIGHT,0.9758,1.5653,0.0833,0.0789,0.0822,0.0773,-0.0111,-0.1893,0.0051,0.0062,1.0543,-0.0444,1.586,0.000216,-0.0,0.0
19.535,FLIGHT,0.9762,1.5657,0.082,0.0771,0.0809,0.0756,-0.0111,-0.1893,0.0051,0.0061,1.0541,-0.0446,1.5861,0.000216,-0.0,0.0
19.54,FLIGHT,0.9766,1.5661,0.0808,0.0754,0.0797,0.0739,-0.0111,-0.1892,0.0051,0.0059,1.0539,-0.0447,1.5863,0.000216,-0.0,0.0
19.545,FLIGHT,0.977,1.5664,0.0796,0.0737,0.0785,0.0723,-0.0111,-0.1892,0.0051,0.0058,1.0537,-0.0448,1.5865,0.000216,-0.0,0.0
19.55,FLIGHT,0.9774,1.5668,0.0783,0.0721,0.0773,0.0707,-0.011,-0.1892,0.005,0.0057,1.0535,-0.045,1.5866,0.000216,-0.0,0.0
19.555,FLIGHT,0.9777,1.5671,0.0771,0.0705,0.0761,0.0691,-0.011,-0.1892,0.005,0.0055,1.0532,-0.0451,1.5868,0.000216,-0.0,0.0
19.56,FLIGHT,0.9781,1.5675,0.076,0.069,0.0749,0.0676,-0.011,-0.1891,0.005,0.0054,1.0529,-0.0452,1.5869,0.000215,-0.0,0.0
19.565,FLIGHT,0.9785,1.5678,0.0748,0.0675,0.0738,0.0661,-0.011,-0.1891,0.005,0.0053,1.0526,-0.0453,1.5871,0.000215,-0.0,0.0
19.57,FLIGHT,0.9789,1.5682,0.0737,0.066,0.0727,0.0647,-0.0109,-0.1891,0.005,0.0052,1.0523,-0.0455,1.5872,0.000215,-0.0,0.0
19.575,FLIGHT,0.9792,1.5685,0.0726,0.0646,0.0716,0.0633,-0.0109,-0.1891,0.005,0.0051,1.0519,-0.0456,1.5874,0.000215,-0.0,0.0
19.58,FLIGHT,0.9796,1.5688,0.0715,0.0632,0.0705,0.0619,-0.0109,-0.189,0.005,0.0049,1.0516,-0.0457,1.5875,0.000215,-0.0,0.0
19.585,FLIGHT,0.9799,1.5691,0.0704,0.0618,0.0694,0.0606,-0.0109,-0.189,0.0049,0.0048,1.0512,-0.0458,1.5877,0.000215,-0.0,0.0
19.59,FLIGHT,0.9803,1.5694,0.0693,0.0605,0.0684,0.0593,-0.0108,-0.189,0.0049,0.0047,1.0508,-0.0459,1.5878,0.000215,-0.0,0.0
19.595,FLIGHT,0.9806,1.5697,0.0683,0.0592,0.0674,0.058,-0.0108,-0.189,0.0049,0.0046,1.0504,-0.046,1.5879,0.000215,-0.0,0.0
19.6,FLIGHT,0.9809,1.57,0.0673,0.0579,0.0663,0.0568,-0.0108,-0.1889,0.0049,0.0045,1.0499,-0.0462,1.5881,0.000215,-0.0,0.0
19.605,FLIGHT,0.9813,1.5703,0.0662,0.0567,0.0653,0.0556,-0.0108,-0.1889,0.0048,0.0044,1.0495,-0.0463,1.5882,0.000214,-0.0,0.0
19.61,FLIGHT,0.9816,1.5705,0.0652,0.0555,0.0644,0.0544,-0.0107,-0.1889,0.0048,0.0043,1.049,-0.0464,1.5883,0.000214,-0.0,0.0
19.615,FLIGHT,0.9819,1.5708,0.0643,0.0543,0.0634,0.0532,-0.0107,-0.1889,0.0048,0.0042,1.0485,-0.0465,1.5885,0.000214,-0.0,0.0
19.62,FLIGHT,0.9822,1.5711,0.0633,0.0531,0.0624,0.0521,-0.0107,-0.1889,0.0048,0.0041,1.048,-0.0466,1.5886,0.000214,-0.0,0.0
19.625,FLIGHT,0.9825,1.5713,0.0623,0.052,0.0615,0.051,-0.0107,-0.1888,0.0047,0.004,1.0474,-0.0467,1.5887,0.000214,-0.0,0.0
19.63,FLIGHT,0.9828,1.5716,0.0614,0.0509,0.0606,0.05,-0.0106,-0.1888,0.0047,0.004,1.0469,-0.0468,1.5889,0.000214,-0.0,0.0
19.635,FLIGHT,0.9831,1.5718,0.0605,0.0499,0.0597,0.0489,-0.0106,-0.1888,0.0047,0.0039,1.0463,-0.0469,1.589,0.000214,-0.0,0.0
19.64,FLIGHT,0.9834,1.5721,0.0596,0.0488,0.0588,0.0479,-0.0106,-0.1888,0.0046,0.0038,1.0457,-0.047,1.5891,0.000214,-0.0,0.0
19.645,FLIGHT,0.9837,1.5723,0.0587,0.0478,0.0579,0.0469,-0.0106,-0.1888,0.0046,0.0037,1.0451,-0.0471,1.5892,0.000214,-0.0,0.0
19.65,FLIGHT,0.984,1.5725,0.0578,0.0469,0.057,0.046,-0.0106,-0.1887,0.0046,0.0036,1.0444,-0.0472,1.5893,0.000214,-0.0,0.0
19.655,FLIGHT,0.9843,1.5728,0.0569,0.0459,0.0562,0.0451,-0.0105,-0.1887,0.0045,0.0036,1.0438,-0.0473,1.5894,0.000214,-0.0,0.0
19.66,FLIGHT,0.9846,1.573,0.0561,0.045,0.0553,0.0441,-0.0105,-0.1887,0.0045,0.0035,1.0431,-0.0474,1.5896,0.000214,-0.0,0.0
19.665,FLIGHT,0.9848,1.5732,0.0552,0.0441,0.0545,0.0433,-0.0105,-0.1887,0.0044,0.0034,1.0424,-0.0475,1.5897,0.000214,-0.0,0.0
19.67,FLIGHT,0.9851,1.5734,0.0544,0.0432,0.0536,0.0424,-0.0105,-0.1887,0.0044,0.0033,1.0417,-0.0476,1.5898,0.000214,-0.0,0.0
19.675,FLIGHT,0.9854,1.5736,0.0536,0.0423,0.0528,0.0415,-0.0104,-0.1887,0.0044,0.0033,1.041,-0.0477,1.5899,0.000214,-0.0,0.0
19.68,FLIGHT,0.9856,1.5738,0.0527,0.0415,0.052,0.0407,-0.0104,-0.1886,0.0043,0.0032,1.0403,-0.0478,1.59,0.000213,-0.0,0.0
19.685,FLIGHT,0.9859,1.574,0.0519,0.0407,0.0512,0.0399,-0.0104,-0.1886,0.0043,0.0031,1.0395,-0.0479,1.5901,0.000213,-0.0,0.0
19.69,FLIGHT,0.9862,1.5742,0.0511,0.0399,0.0504,0.0391,-0.0104,-0.1886,0.0042,0.0031,1.0387,-0.048,1.5902,0.000213,-0.0,0.0
19.695,FLIGHT,0.9864,1.5744,0.0504,0.0391,0.0497,0.0384,-0.0104,-0.1886,0.0042,0.003,1.0379,-0.0481,1.5903,0.000213,-0.0,0.0
19.7,FLIGHT,0.9867,1.5746,0.0496,0.0383,0.0489,0.0376,-0.0103,-0.1886,0.0042,0.003,1.0371,-0.0482,1.5904,0.000213,-0.0,0.0
19.705,FLIGHT,0.9869,1.5748,0.0488,0.0376,0.0481,0.0369,-0.0103,-0.1886,0.0041,0.0029,1.0363,-0.0483,1.5905,0.000213,-0.0,0.0
19.71,FLIGHT,0.9871,1.575,0.0481,0.0369,0.0474,0.0362,-0.0103,-0.1886,0.0041,0.0028,1.0355,-0.0484,1.5906,0.000213,-0.0,0.0
19.715,FLIGHT,0.9874,1.5752,0.0473,0.0362,0.0466,0.0355,-0.0103,-0.1885,0.004,0.0028,1.0346,-0.0485,1.5907,0.000213,-0.0,0.0
19.72,FLIGHT,0.9876,1.5753,0.0466,0.0355,0.0459,0.0349,-0.0103,-0.1885,0.004,0.0027,1.0338,-0.0486,1.5908,0.000213,-0.0,0.0
19.725,FLIGHT,0.9878,1.5755,0.0458,0.0348,0.0452,0.0342,-0.0102,-0.1885,0.0039,0.0027,1.0329,-0.0486,1.5909,0.000213,-0.0,0.0
19.73,FLIGHT,0.9881,1.5757,0.0451,0.0342,0.0445,0.0336,-0.0102,-0.1885,0.0039,0.0026,1.032,-0.0487,1.591,0.000213,-0.0,0.0
19.735,FLIGHT,0.9883,1.5758,0.0444,0.0335,0.0438,0.033,-0.0102,-0.1885,0.0038,0.0026,1.031,-0.0488,1.5911,0.000213,-0.0,0.0
19.74,FLIGHT,0.9885,1.576,0.0437,0.0329,0.0431,0.0324,-0.0102,-0.1885,0.0038,0.0025,1.0301,-0.0489,1.5912,0.000213,-0.0,0.0
19.745,FLIGHT,0.9887,1.5762,0.043,0.0323,0.0424,0.0318,-0.0102,-0.1885,0.0037,0.0025,1.0292,-0.049,1.5913,0.000213,-0.0,0.0
19.75,FLIGHT,0.9889,1.5763,0.0423,0.0317,0.0417,0.0312,-0.0101,-0.1885,0.0037,0.0024,1.0282,-0.0491,1.5914,0.000213,-0.0,0.0
19.755,FLIGHT,0.9891,1.5765,0.0416,0.0311,0.041,0.0306,-0.0101,-0.1884,0.0036,0.0024,1.0272,-0.0492,1.5915,0.000213,-0.0,0.0
19.76,FLIGHT,0.9893,1.5766,0.0409,0.0306,0.0403,0.0301,-0.0101,-0.1884,0.0036,0.0023,1.0262,-0.0493,1.5916,0.000213,0.0,0.0
19.765,FLIGHT,0.9895,1.5768,0.0402,0.03,0.0396,0.0296,-0.0101,-0.1884,0.0035,0.0023,1.0252,-0.0494,1.5917,0.000213,0.0,0.0
19.77,FLIGHT,0.9897,1.5769,0.0396,0.0295,0.039,0.029,-0.0101,-0.1884,0.0034,0.0023,1.0242,-0.0494,1.5917,0.000213,0.0,0.0
19.775,FLIGHT,0.9899,1.5771,0.0389,0.029,0.0383,0.0285,-0.0101,-0.1884,0.0034,0.0022,1.0232,-0.0495,1.5918,0.000213,0.0,0.0
19.78,FLIGHT,0.9901,1.5772,0.0382,0.0285,0.0377,0.028,-0.01,-0.1884,0.0033,0.0022,1.0221,-0.0496,1.5919,0.000213,0.0,0.0
19.785,FLIGHT,0.9903,1.5774,0.0376,0.028,0.037,0.0276,-0.01,-0.1884,0.0033,0.0022,1.021,-0.0497,1.592,0.000213,0.0,0.0
19.79,FLIGHT,0.9905,1.5775,0.0369,0.0275,0.0364,0.0271,-0.01,-0.1884,0.0032,0.0021,1.02,-0.0498,1.5921,0.000213,0.0,0.0
19.795,FLIGHT,0.9907,1.5776,0.0363,0.0271,0.0357,0.0266,-0.01,-0.1884,0.0032,0.0021,1.0189,-0.0499,1.5922,0.000213,0.0,0.0
19.8,FLIGHT,0.9908,1.5778,0.0357,0.0266,0.0351,0.0262,-0.01,-0.1883,0.0031,0.002,1.0177,-0.05,1.5923,0.000213,0.0,0.0
19.805,FLIGHT,0.991,1.5779,0.035,0.0262,0.0345,0.0258,-0.01,-0.1883,0.003,0.002,1.0166,-0.05,1.5923,0.000213,0.0,0.0
19.81,FLIGHT,0.9912,1.578,0.0344,0.0257,0.0338,0.0254,-0.0099,-0.1883,0.003,0.002,1.0155,-0.0501,1.5924,0.000213,0.0,0.0
19.815,FLIGHT,0.9913,1.5781,0.0338,0.0253,0.0332,0.0249,-0.0099,-0.1883,0.0029,0.0019,1.0143,-0.0502,1.5925,0.000213,0.0,0.0
19.82,FLIGHT,0.9915,1.5783,0.0331,0.0249,0.0326,0.0245,-0.0099,-0.1883,0.0029,0.0019,1.0132,-0.0503,1.5926,0.000213,0.0,0.0
19.825,FLIGHT,0.9917,1.5784,0.0325,0.0245,0.032,0.0241,-0.0099,-0.1883,0.0028,0.0019,1.012,-0.0504,1.5927,0.000213,0.0,0.0
19.83,FLIGHT,0.9918,1.5785,0.0319,0.0241,0.0314,0.0238,-0.0099,-0.1883,0.0027,0.0019,1.0108,-0.0505,1.5927,0.000213,0.0,0.0
19.835,FLIGHT,0.992,1.5786,0.0313,0.0237,0.0308,0.0234,-0.0099,-0.1883,0.0027,0.0018,1.0096,-0.0506,1.5928,0.000213,0.0,0.0
19.84,FLIGHT,0.9921,1.5787,0.0307,0.0234,0.0302,0.023,-0.0099,-0.1883,0.0026,0.0018,1.0084,-0.0506,1.5929,0.000213,0.0,0.0
19.845,FLIGHT,0.9923,1.5789,0.0301,0.023,0.0296,0.0227,-0.0099,-0.1883,0.0025,0.0018,1.0072,-0.0507,1.593,0.000213,0.0,0.0
19.85,FLIGHT,0.9924,1.579,0.0295,0.0226,0.029,0.0223,-0.0098,-0.1882,0.0025,0.0018,1.0059,-0.0508,1.593,0.000213,0.0,0.0
19.855,FLIGHT,0.9926,1.5791,0.0289,0.0223,0.0284,0.022,-0.0098,-0.1882,0.0024,0.0017,1.0047,-0.0509,1.5931,0.000213,0.0,0.0
19.86,FLIGHT,0.9927,1.5792,0.0283,0.022,0.0278,0.0217,-0.0098,-0.1882,0.0023,0.0017,1.0034,-0.051,1.5932,0.000214,0.0,0.0
19.865,FLIGHT,0.9929,1.5793,0.0277,0.0216,0.0272,0.0214,-0.0098,-0.1882,0.0023,0.0017,1.0021,-0.051,1.5933,0.000214,0.0,0.0
19.87,FLIGHT,0.993,1.5794,0.0271,0.0213,0.0266,0.021,-0.0098,-0.1882,0.0022,0.0017,1.0009,-0.0511,1.5933,0.000214,0.0,0.0
19.875,FLIGHT,0.9931,1.5795,0.0265,0.021,0.026,0.0207,-0.0098,-0.1882,0.0021,0.0016,0.9996,-0.0512,1.5934,0.000214,0.0,0.0
19.88,STANCE,0.9964,1.5801,0.5601,0.0299,1.7229,-0.6467,-0.0092,-0.1882,0.1013,-0.0025,0.9986,-0.1268,-0.4928,-0.001356,-0.5705,0.1155
19.885,STANCE,1.0042,1.5762,1.1059,-0.4475,0.3878,-0.0278,-0.0072,-0.1886,0.2699,-0.0475,0.9979,-0.5855,-0.8826,-0.003783,-0.2407,0.0519
19.89,STANCE,1.0041,1.5775,0.3219,0.0582,-0.1142,0.3026,-0.0075,-0.1885,0.0527,0.0027,0.998,-0.5653,-1.6611,-0.004413,-0.0533,0.0151
19.895,STANCE,1.0046,1.5774,0.2146,-0.0448,0.4081,-0.4396,-0.0073,-0.1885,0.0466,-0.0055,0.9983,-0.8403,-2.0867,-0.004494,0.0135,0.0045
19.9,STANCE,1.008,1.5706,0.5509,-1.0861,0.8849,-2.2308,-0.0058,-0.1891,0.2539,-0.0976,0.9983,-1.3185,-1.9157,-0.004181,0.111,0.0042
19.905,STANCE,1.0129,1.5591,0.8401,-1.9888,1.0115,-2.6545,-0.0032,-0.1901,0.4368,-0.1711,0.9983,-1.7516,-1.5594,-0.003547,0.1571,0.0035
19.91,STANCE,1.0176,1.5447,0.8911,-2.6503,0.8939,-2.8947,-0.0003,-0.1913,0.5439,-0.2176,0.9983,-1.991,-1.0918,-0.002629,0.182,0.0026
19.915,STANCE,1.0228,1.5323,0.9993,-2.5216,1.0909,-2.4079,0.0024,-0.1923,0.551,-0.1981,0.9987,-2.0915,-0.8063,-0.002137,0.0522,0.0021
19.92,STANCE,1.0267,1.5188,0.827,-2.6476,0.6104,-2.4161,0.0051,-0.1934,0.5403,-0.1996,0.999,-1.904,-0.317,-0.001644,0.0956,0.0016
19.925,STANCE,1.0282,1.5071,0.4302,-2.4438,0.0654,-2.1372,0.0071,-0.1943,0.4371,-0.1805,0.9996,-1.4403,0.0601,-0.000997,0.1462,0.001
19.93,STANCE,1.0277,1.4964,0.0536,-2.2062,-0.1714,-1.9854,0.0085,-0.195,0.3313,-0.162,1.0002,-0.8649,0.406,-0.000165,0.1643,0.0002
19.935,STANCE,1.0264,1.4853,-0.1414,-2.2194,-0.3045,-2.5592,0.0099,-0.1959,0.2967,-0.1617,1.0007,-0.3435,0.796,0.000697,0.1362,0.0
19.94,STANCE,1.0254,1.4726,-0.1758,-2.4295,-0.1589,-2.5967,0.0116,-0.1968,0.3225,-0.1733,1.0012,0.0165,1.1514,0.00123,0.0782,0.0
19.945,FLIGHT,1.0249,1.4599,-0.111,-2.4845,-0.001,-2.3649,0.0133,-0.1977,0.3453,-0.1722,1.0018,-1.1064,2.4456,0.001501,0.033,0.0
19.95,FLIGHT,1.0199,1.4596,-0.8221,-0.6112,-1.859,1.7637,0.0124,-0.1978,-0.0724,-0.0526,1.0034,-0.7906,2.1615,0.001595,0.0069,0.0
19.955,FLIGHT,1.0086,1.4722,-1.8273,1.5472,-2.4431,2.782,0.0083,-0.197,-0.5856,0.0976,1.0057,-0.2113,1.6728,0.001585,-0.0096,0.0019
19.96,FLIGHT,0.9973,1.4842,-2.0934,2.0666,-1.9908,1.8818,0.0044,-0.1962,-0.7084,0.1485,1.0077,0.0518,1.4605,0.001508,-0.0206,0.0041
19.965,FLIGHT,0.989,1.4908,-1.7612,1.5155,-1.3477,0.8751,0.0018,-0.1957,-0.5612,0.1157,1.0094,0.0247,1.4945,0.001386,-0.0276,0.0055
19.97,FLIGHT,0.9833,1.494,-1.3144,0.8978,-0.966,0.49,0.0002,-0.1954,-0.3845,0.0712,1.011,-0.0771,1.5867,0.00124,-0.03,0.006
19.975,FLIGHT,0.9789,1.4965,-1.0183,0.6328,-0.8334,0.5453,-0.001,-0.1952,-0.2885,0.0521,1.0125,-0.1258,1.6296,0.001091,-0.0292,0.0058
19.98,FLIGHT,0.9748,1.4996,-0.8727,0.6265,-0.7814,0.6685,-0.0022,-0.195,-0.2585,0.0531,1.014,-0.1151,1.6213,0.00095,-0.027,0.0054
19.985,FLIGHT,0.9711,1.503,-0.7832,0.6678,-0.7053,0.6854,-0.0034,-0.1947,-0.2463,0.0579,1.0156,-0.086,1.5981,0.000822,-0.0242,0.0048
19.99,FLIGHT,0.9678,1.5063,-0.6885,0.6545,-0.5965,0.616,-0.0045,-0.1944,-0.2254,0.0578,1.0171,-0.0669,1.5841,0.000708,-0.0213,0.0043
19.995,FLIGHT,0.9651,1.5091,-0.5815,0.595,-0.4848,0.5337,-0.0054,-0.1941,-0.1959,0.0534,1.0185,-0.061,1.5814,0.000609,-0.0184,0.0037
20.0,FLIGHT,0.963,1.5117,-0.4781,0.5297,-0.3914,0.4775,-0.0062,-0.1939,-0.1664,0.048,1.02,-0.0607,1.5831,0.000524,-0.0155,0.0031
20.005,FLIGHT,0.9612,1.514,-0.3896,0.4811,-0.318,0.4459,-0.0069,-0.1937,-0.1422,0.0439,1.0214,-0.0596,1.5838,0.000454,-0.0128,0.0026
20.01,FLIGHT,0.9598,1.5161,-0.3169,0.4485,-0.2576,0.4238,-0.0075,-0.1935,-0.1234,0.041,1.0228,-0.0566,1.5826,0.000396,-0.0104,0.0021
20.015,FLIGHT,0.9586,1.5182,-0.2555,0.4231,-0.2043,0.4016,-0.008,-0.1933,-0.1079,0.0386,1.0241,-0.0529,1.5806,0.000349,-0.0083,0.0017
20.02,FLIGHT,0.9577,1.5201,-0.2017,0.3993,-0.1562,0.3782,-0.0084,-0.1931,-0.094,0.0364,1.0254,-0.0498,1.5791,0.000312,-0.0065,0.0013
20.025,FLIGHT,0.957,1.522,-0.1538,0.3762,-0.1135,0.356,-0.0088,-0.193,-0.0815,0.0342,1.0267,-0.0476,1.5783,0.000283,-0.0051,0.001
20.03,FLIGHT,0.9566,1.5237,-0.1116,0.3547,-0.0764,0.3366,-0.0091,-0.1928,-0.0703,0.0321,1.028,-0.0459,1.5778,0.000261,-0.0039,0.0008
20.035,FLIGHT,0.9563,1.5253,-0.075,0.3357,-0.0445,0.3199,-0.0094,-0.1927,-0.0605,0.0302,1.0292,-0.0446,1.5774,0.000244,-0.0029,0.0006
20.04,FLIGHT,0.9561,1.5269,-0.0434,0.3191,-0.0173,0.3052,-0.0096,-0.1925,-0.0521,0.0285,1.0304,-0.0433,1.5771,0.000231,-0.0021,0.0004
20.045,FLIGHT,0.9561,1.5284,-0.0163,0.3044,0.0062,0.2918,-0.0099,-0.1924,-0.0448,0.027,1.0316,-0.0423,1.5768,0.000222,-0.0015,0.0003
20.05,FLIGHT,0.9562,1.5298,0.0071,0.291,0.0264,0.2795,-0.01,-0.1923,-0.0385,0.0257,1.0327,-0.0413,1.5766,0.000216,-0.0011,0.0002
20.055,FLIGHT,0.9564,1.5312,0.0271,0.2787,0.0438,0.2682,-0.0102,-0.1922,-0.0329,0.0244,1.0338,-0.0406,1.5765,0.000211,-0.0007,0.0001
20.06,FLIGHT,0.9566,1.5325,0.0443,0.2675,0.0586,0.2579,-0.0103,-0.192,-0.0281,0.0233,1.0349,-0.04,1.5765,0.000209,-0.0004,0.0001
20.065,FLIGHT,0.9569,1.5338,0.059,0.2572,0.0711,0.2483,-0.0104,-0.1919,-0.0238,0.0222,1.0359,-0.0396,1.5765,0.000207,-0.0002,0.0
20.07,FLIGHT,0.9573,1.535,0.0714,0.2477,0.0816,0.2395,-0.0105,-0.1918,-0.0201,0.0213,1.0369,-0.0392,1.5766,0.000207,-0.0001,0.0
20.075,FLIGHT,0.9577,1.5362,0.0819,0.2389,0.0905,0.2314,-0.0106,-0.1917,-0.0169,0.0204,1.0379,-0.0389,1.5767,0.000207,0.0,0.0
20.08,FLIGHT,0.9582,1.5373,0.0907,0.2308,0.0979,0.2237,-0.0107,-0.1916,-0.0141,0.0196,1.0389,-0.0387,1.5769,0.000207,0.0001,0.0
20.085,FLIGHT,0.9587,1.5384,0.098,0.2232,0.1039,0.2166,-0.0107,-0.1915,-0.0117,0.0189,1.0398,-0.0385,1.577,0.000208,0.0002,0.0
20.09,FLIGHT,0.9593,1.5395,0.104,0.216,0.1089,0.2099,-0.0108,-0.1915,-0.0095,0.0182,1.0407,-0.0384,1.5772,0.000209,0.0002,0.0
20.095,FLIGHT,0.9598,1.5405,0.1089,0.2093,0.1129,0.2035,-0.0108,-0.1914,-0.0077,0.0175,1.0416,-0.0384,1.5774,0.00021,0.0002,0.0
20.1,FLIGHT,0.9604,1.5415,0.1129,0.203,0.116,0.1975,-0.0108,-0.1913,-0.0061,0.0169,1.0425,-0.0384,1.5777,0.000211,0.0002,0.0
20.105,FLIGHT,0.961,1.5425,0.116,0.1971,0.1184,0.1919,-0.0108,-0.1912,-0.0047,0.0164,1.0433,-0.0384,1.5779,0.000212,0.0002,0.0
20.11,FLIGHT,0.9616,1.5434,0.1184,0.1914,0.1202,0.1865,-0.0109,-0.1911,-0.0034,0.0159,1.0441,-0.0384,1.5781,0.000213,0.0002,0.0
20.115,FLIGHT,0.9622,1.5444,0.1202,0.186,0.1215,0.1813,-0.0109,-0.191,-0.0024,0.0154,1.0448,-0.0385,1.5784,0.000214,0.0002,0.0
20.12,FLIGHT,0.9628,1.5452,0.1214,0.1809,0.1223,0.1764,-0.0109,-0.191,-0.0014,0.0149,1.0456,-0.0386,1.5786,0.000214,0.0002,0.0
20.125,FLIGHT,0.9634,1.5461,0.1222,0.176,0.1227,0.1717,-0.0109,-0.1909,-0.0006,0.0145,1.0463,-0.0387,1.5789,0.000215,0.0001,0.0
20.13,FLIGHT,0.964,1.547,0.1225,0.1713,0.1227,0.1672,-0.0109,-0.1908,0.0001,0.014,1.0469,-0.0388,1.5792,0.000216,0.0001,0.0
20.135,FLIGHT,0.9646,1.5478,0.1226,0.1668,0.1225,0.1628,-0.0109,-0.1908,0.0007,0.0136,1.0476,-0.039,1.5794,0.000216,0.0001,0.0
20.14,FLIGHT,0.9652,1.5486,0.1224,0.1625,0.122,0.1587,-0.0109,-0.1907,0.0012,0.0133,1.0482,-0.0391,1.5797,0.000217,0.0001,0.0
20.145,FLIGHT,0.9658,1.5494,0.1219,0.1583,0.1213,0.1546,-0.0109,-0.1906,0.0017,0.0129,1.0488,-0.0392,1.5799,0.000217,0.0001,0.0
20.15,FLIGHT,0.9664,1.5501,0.1212,0.1543,0.1205,0.1508,-0.0108,-0.1906,0.0021,0.0125,1.0494,-0.0394,1.5802,0.000218,0.0001,0.0
20.155,FLIGHT,0.967,1.5509,0.1203,0.1504,0.1195,0.147,-0.0108,-0.1905,0.0025,0.0122,1.0499,-0.0396,1.5805,0.000218,0.0,0.0
20.16,FLIGHT,0.9676,1.5516,0.1193,0.1467,0.1184,0.1434,-0.0108,-0.1905,0.0028,0.0119,1.0504,-0.0397,1.5807,0.000218,0.0,0.0
20.165,FLIGHT,0.9682,1.5523,0.1182,0.143,0.1171,0.1399,-0.0108,-0.1904,0.003,0.0116,1.0509,-0.0399,1.581,0.000218,0.0,0.0
20.17,FLIGHT,0.9688,1.553,0.117,0.1395,0.1158,0.1365,-0.0108,-0.1903,0.0033,0.0113,1.0514,-0.0401,1.5812,0.000218,0.0,0.0
20.175,FLIGHT,0.9694,1.5537,0.1157,0.1361,0.1145,0.1331,-0.0108,-0.1903,0.0035,0.011,1.0518,-0.0402,1.5815,0.000218,0.0,0.0
20.18,FLIGHT,0.97,1.5543,0.1143,0.1329,0.113,0.1299,-0.0107,-0.1902,0.0037,0.0107,1.0522,-0.0404,1.5817,0.000218,-0.0,0.0
20.185,FLIGHT,0.9705,1.555,0.1129,0.1297,0.1116,0.1268,-0.0107,-0.1902,0.0038,0.0105,1.0526,-0.0406,1.582,0.000218,-0.0,0.0
20.19,FLIGHT,0.9711,1.5556,0.1114,0.1266,0.1101,0.1238,-0.0107,-0.1901,0.004,0.0102,1.053,-0.0407,1.5822,0.000218,-0.0,0.0
20.195,FLIGHT,0.9716,1.5562,0.1099,0.1235,0.1086,0.1209,-0.0107,-0.1901,0.0041,0.0099,1.0533,-0.0409,1.5824,0.000218,-0.0,0.0
20.2,FLIGHT,0.9722,1.5568,0.1084,0.1206,0.107,0.118,-0.0107,-0.19,0.0042,0.0097,1.0536,-0.0411,1.5827,0.000218,-0.0,0.0
20.205,FLIGHT,0.9727,1.5574,0.1069,0.1178,0.1055,0.1152,-0.0106,-0.19,0.0043,0.0095,1.0539,-0.0413,1.5829,0.000218,-0.0,0.0
20.21,FLIGHT,0.9732,1.558,0.1053,0.115,0.104,0.1125,-0.0106,-0.1899,0.0044,0.0092,1.0541,-0.0414,1.5831,0.000218,-0.0,0.0
20.215,FLIGHT,0.9737,1.5585,0.1038,0.1123,0.1024,0.1099,-0.0106,-0.1899,0.0044,0.009,1.0544,-0.0416,1.5833,0.000217,-0.0,0.0
20.22,FLIGHT,0.9742,1.5591,0.1023,0.1097,0.1009,0.1073,-0.0106,-0.1899,0.0045,0.0088,1.0546,-0.0417,1.5836,0.000217,-0.0,0.0
20.225,FLIGHT,0.9747,1.5596,0.1007,0.1071,0.0994,0.1049,-0.0106,-0.1898,0.0046,0.0086,1.0548,-0.0419,1.5838,0.000217,-0.0,0.0
20.23,FLIGHT,0.9752,1.5601,0.0992,0.1046,0.0978,0.1024,-0.0105,-0.1898,0.0046,0.0084,1.0549,-0.0421,1.584,0.000217,-0.0,0.0
20.235,FLIGHT,0.9757,1.5606,0.0977,0.1022,0.0963,0.1001,-0.0105,-0.1897,0.0046,0.0082,1.0551,-0.0422,1.5842,0.000217,-0.0,0.0
20.24,FLIGHT,0.9762,1.5611,0.0962,0.0998,0.0949,0.0978,-0.0105,-0.1897,0.0047,0.008,1.0552,-0.0424,1.5844,0.000217,-0.0,0.0
20.245,FLIGHT,0.9767,1.5616,0.0947,0.0975,0.0934,0.0955,-0.0105,-0.1897,0.0047,0.0078,1.0553,-0.0425,1.5846,0.000216,-0.0,0.0
20.25,FLIGHT,0.9771,1.5621,0.0933,0.0953,0.0919,0.0933,-0.0104,-0.1896,0.0047,0.0076,1.0553,-0.0427,1.5848,0.000216,-0.0,0.0
20.255,FLIGHT,0.9776,1.5625,0.0918,0.0931,0.0905,0.0912,-0.0104,-0.1896,0.0047,0.0074,1.0554,-0.0428,1.585,0.000216,-0.0,0.0
20.26,FLIGHT,0.978,1.563,0.0904,0.091,0.0891,0.0891,-0.0104,-0.1895,0.0048,0.0073,1.0554,-0.043,1.5852,0.000216,-0.0,0.0
20.265,FLIGHT,0.9785,1.5634,0.089,0.0889,0.0877,0.0871,-0.0104,-0.1895,0.0048,0.0071,1.0554,-0.0431,1.5853,0.000216,-0.0,0.0
20.27,FLIGHT,0.9789,1.5639,0.0876,0.0869,0.0864,0.0851,-0.0103,-0.1895,0.0048,0.0069,1.0553,-0.0433,1.5855,0.000215,-0.0,0.0
20.275,FLIGHT,0.9793,1.5643,0.0862,0.0849,0.085,0.0832,-0.0103,-0.1894,0.0048,0.0068,1.0553,-0.0434,1.5857,0.000215,-0.0,0.0
20.28,FLIGHT,0.9798,1.5647,0.0849,0.083,0.0837,0.0813,-0.0103,-0.1894,0.0048,0.0066,1.0552,-0.0435,1.5859,0.000215,-0.0,0.0
20.285,FLIGHT,0.9802,1.5651,0.0836,0.0811,0.0824,0.0795,-0.0103,-0.1894,0.0048,0.0064,1.0551,-0.0437,1.5861,0.000215,-0.0,0.0
20.29,FLIGHT,0.9806,1.5655,0.0823,0.0793,0.0811,0.0777,-0.0102,-0.1893,0.0048,0.0063,1.055,-0.0438,1.5862,0.000215,-0.0,0.0
20.295,FLIGHT,0.981,1.5659,0.081,0.0775,0.0798,0.0759,-0.0102,-0.1893,0.0048,0.0061,1.0549,-0.044,1.5864,0.000215,-0.0,0.0
20.3,FLIGHT,0.9814,1.5662,0.0797,0.0758,0.0786,0.0742,-0.0102,-0.1893,0.0048,0.006,1.0547,-0.0441,1.5865,0.000214,-0.0,0.0
20.305,FLIGHT,0.9818,1.5666,0.0785,0.0741,0.0774,0.0726,-0.0102,-0.1893,0.0048,0.0059,1.0545,-0.0442,1.5867,0.000214,-0.0,0.0
20.31,FLIGHT,0.9822,1.567,0.0773,0.0724,0.0762,0.071,-0.0101,-0.1892,0.0048,0.0057,1.0543,-0.0443,1.5869,0.000214,-0.0,0.0
20.315,FLIGHT,0.9825,1.5673,0.0761,0.0708,0.075,0.0694,-0.0101,-0.1892,0.0048,0.0056,1.0541,-0.0445,1.587,0.000214,-0.0,0.0
20.32,FLIGHT,0.9829,1.5677,0.0749,0.0693,0.0738,0.0679,-0.0101,-0.1892,0.0048,0.0055,1.0538,-0.0446,1.5872,0.000214,-0.0,0.0
20.325,FLIGHT,0.9833,1.568,0.0737,0.0677,0.0727,0.0664,-0.0101,-0.1891,0.0047,0.0054,1.0536,-0.0447,1.5873,0.000214,-0.0,0.0
20.33,FLIGHT,0.9836,1.5683,0.0726,0.0662,0.0716,0.0649,-0.0101,-0.1891,0.0047,0.0052,1.0533,-0.0448,1.5875,0.000214,-0.0,0.0
20.335,FLIGHT,0.984,1.5686,0.0715,0.0648,0.0705,0.0635,-0.01,-0.1891,0.0047,0.0051,1.0529,-0.045,1.5876,0.000213,-0.0,0.0
20.34,FLIGHT,0.9843,1.569,0.0704,0.0634,0.0694,0.0621,-0.01,-0.1891,0.0047,0.005,1.0526,-0.0451,1.5878,0.000213,-0.0,0.0
20.345,FLIGHT,0.9847,1.5693,0.0693,0.062,0.0683,0.0608,-0.01,-0.189,0.0047,0.0049,1.0523,-0.0452,1.5879,0.000213,-0.0,0.0
20.35,FLIGHT,0.985,1.5696,0.0682,0.0606,0.0673,0.0594,-0.01,-0.189,0.0047,0.0048,1.0519,-0.0453,1.588,0.000213,-0.0,0.0
20.355,FLIGHT,0.9854,1.5699,0.0672,0.0593,0.0662,0.0582,-0.0099,-0.189,0.0046,0.0047,1.0515,-0.0454,1.5882,0.000213,-0.0,0.0
20.36,FLIGHT,0.9857,1.5701,0.0661,0.058,0.0652,0.0569,-0.0099,-0.189,0.0046,0.0046,1.0511,-0.0455,1.5883,0.000213,-0.0,0.0
20.365,FLIGHT,0.986,1.5704,0.0651,0.0568,0.0642,0.0557,-0.0099,-0.189,0.0046,0.0045,1.0506,-0.0456,1.5884,0.000213,-0.0,0.0
20.37,FLIGHT,0.9863,1.5707,0.0641,0.0556,0.0632,0.0545,-0.0099,-0.1889,0.0046,0.0044,1.0502,-0.0458,1.5886,0.000213,-0.0,0.0
20.375,FLIGHT,0.9866,1.571,0.0631,0.0544,0.0623,0.0533,-0.0098,-0.1889,0.0045,0.0043,1.0497,-0.0459,1.5887,0.000213,-0.0,0.0
20.38,FLIGHT,0.9869,1.5712,0.0622,0.0532,0.0613,0.0522,-0.0098,-0.1889,0.0045,0.0042,1.0492,-0.046,1.5888,0.000213,-0.0,0.0
20.385,FLIGHT,0.9873,1.5715,0.0612,0.0521,0.0604,0.0511,-0.0098,-0.1889,0.0045,0.0041,1.0487,-0.0461,1.5889,0.000212,-0.0,0.0
20.39,FLIGHT,0.9876,1.5718,0.0603,0.051,0.0595,0.05,-0.0098,-0.1889,0.0044,0.004,1.0482,-0.0462,1.5891,0.000212,-0.0,0.0
20.395,FLIGHT,0.9878,1.572,0.0594,0.0499,0.0585,0.049,-0.0098,-0.1888,0.0044,0.0039,1.0476,-0.0463,1.5892,0.000212,-0.0,0.0
20.4,FLIGHT,0.9881,1.5722,0.0585,0.0489,0.0577,0.048,-0.0097,-0.1888,0.0044,0.0038,1.0471,-0.0464,1.5893,0.000212,-0.0,0.0
20.405,FLIGHT,0.9884,1.5725,0.0576,0.0479,0.0568,0.047,-0.0097,-0.1888,0.0044,0.0037,1.0465,-0.0465,1.5894,0.000212,-0.0,0.0
20.41,FLIGHT,0.9887,1.5727,0.0567,0.0469,0.0559,0.046,-0.0097,-0.1888,0.0043,0.0037,1.0459,-0.0466,1.5895,0.000212,-0.0,0.0
20.415,FLIGHT,0.989,1.5729,0.0558,0.0459,0.055,0.0451,-0.0097,-0.1888,0.0043,0.0036,1.0453,-0.0467,1.5897,0.000212,-0.0,0.0
20.42,FLIGHT,0.9893,1.5732,0.055,0.045,0.0542,0.0441,-0.0096,-0.1887,0.0043,0.0035,1.0446,-0.0468,1.5898,0.000212,-0.0,0.0
20.425,FLIGHT,0.9895,1.5734,0.0541,0.0441,0.0534,0.0432,-0.0096,-0.1887,0.0042,0.0034,1.044,-0.0469,1.5899,0.000212,-0.0,0.0
20.43,FLIGHT,0.9898,1.5736,0.0533,0.0432,0.0525,0.0424,-0.0096,-0.1887,0.0042,0.0034,1.0433,-0.047,1.59,0.000212,-0.0,0.0
20.435,FLIGHT,0.99,1.5738,0.0524,0.0423,0.0517,0.0415,-0.0096,-0.1887,0.0041,0.0033,1.0426,-0.0471,1.5901,0.000212,-0.0,0.0
20.44,FLIGHT,0.9903,1.574,0.0516,0.0414,0.0509,0.0407,-0.0096,-0.1887,0.0041,0.0032,1.0419,-0.0472,1.5902,0.000212,-0.0,0.0
20.445,FLIGHT,0.9906,1.5742,0.0508,0.0406,0.0501,0.0399,-0.0095,-0.1887,0.0041,0.0032,1.0412,-0.0473,1.5903,0.000212,-0.0,0.0
20.45,FLIGHT,0.9908,1.5744,0.05,0.0398,0.0493,0.0391,-0.0095,-0.1886,0.004,0.0031,1.0404,-0.0474,1.5904,0.000212,-0.0,0.0
20.455,FLIGHT,0.9911,1.5746,0.0493,0.039,0.0486,0.0383,-0.0095,-0.1886,0.004,0.003,1.0396,-0.0475,1.5905,0.000212,-0.0,0.0
20.46,FLIGHT,0.9913,1.5748,0.0485,0.0383,0.0478,0.0376,-0.0095,-0.1886,0.0039,0.003,1.0389,-0.0476,1.5906,0.000212,-0.0,0.0
20.465,FLIGHT,0.9915,1.575,0.0477,0.0375,0.047,0.0368,-0.0095,-0.1886,0.0039,0.0029,1.0381,-0.0477,1.5907,0.000212,-0.0,0.0
20.47,FLIGHT,0.9918,1.5752,0.047,0.0368,0.0463,0.0361,-0.0094,-0.1886,0.0039,0.0029,1.0373,-0.0478,1.5908,0.000212,-0.0,0.0
20.475,FLIGHT,0.992,1.5753,0.0462,0.0361,0.0456,0.0354,-0.0094,-0.1886,0.0038,0.0028,1.0364,-0.0478,1.5909,0.000212,-0.0,0.0
20.48,FLIGHT,0.9922,1.5755,0.0455,0.0354,0.0448,0.0348,-0.0094,-0.1886,0.0038,0.0027,1.0356,-0.0479,1.591,0.000212,-0.0,0.0
20.485,FLIGHT,0.9924,1.5757,0.0448,0.0347,0.0441,0.0341,-0.0094,-0.1885,0.0037,0.0027,1.0347,-0.048,1.5911,0.000212,-0.0,0.0
20.49,FLIGHT,0.9927,1.5759,0.044,0.034,0.0434,0.0335,-0.0094,-0.1885,0.0037,0.0026,1.0338,-0.0481,1.5912,0.000212,-0.0,0.0
20.495,FLIGHT,0.9929,1.576,0.0433,0.0334,0.0427,0.0328,-0.0094,-0.1885,0.0036,0.0026,1.0329,-0.0482,1.5913,0.000212,-0.0,0.0
20.5,FLIGHT,0.9931,1.5762,0.0426,0.0328,0.042,0.0322,-0.0093,-0.1885,0.0036,0.0025,1.032,-0.0483,1.5914,0.000212,-0.0,0.0
20.505,FLIGHT,0.9933,1.5763,0.0419,0.0322,0.0413,0.0316,-0.0093,-0.1885,0.0035,0.0025,1.0311,-0.0484,1.5915,0.000212,-0.0,0.0
20.51,FLIGHT,0.9935,1.5765,0.0412,0.0316,0.0406,0.0311,-0.0093,-0.1885,0.0035,0.0025,1.0302,-0.0485,1.5916,0.000212,-0.0,0.0
20.515,FLIGHT,0.9937,1.5767,0.0405,0.031,0.0399,0.0305,-0.0093,-0.1885,0.0034,0.0024,1.0292,-0.0486,1.5917,0.000212,-0.0,0.0
20.52,FLIGHT,0.9939,1.5768,0.0399,0.0304,0.0393,0.0299,-0.0093,-0.1885,0.0034,0.0024,1.0282,-0.0487,1.5917,0.000212,0.0,0.0
20.525,FLIGHT,0.9941,1.577,0.0392,0.0299,0.0386,0.0294,-0.0093,-0.1884,0.0033,0.0023,1.0273,-0.0487,1.5918,0.000212,0.0,0.0
20.53,FLIGHT,0.9943,1.5771,0.0385,0.0294,0.0379,0.0289,-0.0092,-0.1884,0.0033,0.0023,1.0263,-0.0488,1.5919,0.000212,0.0,0.0
20.535,FLIGHT,0.9945,1.5772,0.0379,0.0288,0.0373,0.0284,-0.0092,-0.1884,0.0032,0.0022,1.0252,-0.0489,1.592,0.000212,0.0,0.0
20.54,FLIGHT,0.9947,1.5774,0.0372,0.0283,0.0366,0.0279,-0.0092,-0.1884,0.0032,0.0022,1.0242,-0.049,1.5921,0.000212,0.0,0.0
20.545,FLIGHT,0.9948,1.5775,0.0366,0.0278,0.036,0.0274,-0.0092,-0.1884,0.0031,0.0022,1.0232,-0.0491,1.5922,0.000212,0.0,0.0
20.55,FLIGHT,0.995,1.5777,0.0359,0.0274,0.0354,0.0269,-0.0092,-0.1884,0.003,0.0021,1.0221,-0.0492,1.5923,0.000212,0.0,0.0
20.555,FLIGHT,0.9952,1.5778,0.0353,0.0269,0.0347,0.0265,-0.0092,-0.1884,0.003,0.0021,1.021,-0.0493,1.5923,0.000212,0.0,0.0
20.56,FLIGHT,0.9954,1.5779,0.0347,0.0264,0.0341,0.026,-0.0091,-0.1884,0.0029,0.0021,1.0199,-0.0493,1.5924,0.000212,0.0,0.0
20.565,FLIGHT,0.9955,1.5781,0.034,0.026,0.0335,0.0256,-0.0091,-0.1884,0.0029,0.002,1.0188,-0.0494,1.5925,0.000212,0.0,0.0
20.57,FLIGHT,0.9957,1.5782,0.0334,0.0255,0.0329,0.0252,-0.0091,-0.1884,0.0028,0.002,1.0177,-0.0495,1.5926,0.000212,0.0,0.0
20.575,FLIGHT,0.9959,1.5783,0.0328,0.0251,0.0323,0.0247,-0.0091,-0.1883,0.0028,0.002,1.0166,-0.0496,1.5927,0.000212,0.0,0.0
20.58,FLIGHT,0.996,1.5784,0.0322,0.0247,0.0316,0.0243,-0.0091,-0.1883,0.0027,0.0019,1.0155,-0.0497,1.5927,0.000212,0.0,0.0
20.585,FLIGHT,0.9962,1.5785,0.0316,0.0243,0.031,0.0239,-0.0091,-0.1883,0.0026,0.0019,1.0143,-0.0498,1.5928,0.000212,0.0,0.0
20.59,FLIGHT,0.9963,1.5787,0.031,0.0239,0.0304,0.0236,-0.0091,-0.1883,0.0026,0.0019,1.0131,-0.0498,1.5929,0.000212,0.0,0.0
20.595,FLIGHT,0.9965,1.5788,0.0304,0.0235,0.0298,0.0232,-0.0091,-0.1883,0.0025,0.0018,1.012,-0.0499,1.593,0.000212,0.0,0.0
20.6,FLIGHT,0.9966,1.5789,0.0298,0.0232,0.0292,0.0228,-0.009,-0.1883,0.0025,0.0018,1.0108,-0.05,1.5931,0.000212,0.0,0.0
20.605,FLIGHT,0.9968,1.579,0.0292,0.0228,0.0287,0.0225,-0.009,-0.1883,0.0024,0.0018,1.0096,-0.0501,1.5931,0.000212,0.0,0.0
20.61,FLIGHT,0.9969,1.5791,0.0286,0.0224,0.0281,0.0221,-0.009,-0.1883,0.0023,0.0018,1.0083,-0.0502,1.5932,0.000212,0.0,0.0
20.615,FLIGHT,0.9971,1.5792,0.028,0.0221,0.0275,0.0218,-0.009,-0.1883,0.0023,0.0017,1.0071,-0.0503,1.5933,0.000212,0.0,0.0
20.62,FLIGHT,0.9972,1.5793,0.0274,0.0218,0.0269,0.0215,-0.009,-0.1883,0.0022,0.0017,1.0059,-0.0503,1.5933,0.000212,0.0,0.0
20.625,FLIGHT,0.9973,1.5794,0.0269,0.0214,0.0263,0.0211,-0.009,-0.1883,0.0021,0.0017,1.0046,-0.0504,1.5934,0.000212,0.0,0.0
20.63,FLIGHT,0.9975,1.5795,0.0263,0.0211,0.0258,0.0208,-0.009,-0.1882,0.0021,0.0017,1.0033,-0.0505,1.5935,0.000212,0.0,0.0
20.635,FLIGHT,0.9976,1.5797,0.0257,0.0208,0.0252,0.0205,-0.009,-0.1882,0.002,0.0016,1.0021,-0.0506,1.5936,0.000212,0.0,0.0
20.64,FLIGHT,0.9977,1.5798,0.0251,0.0205,0.0246,0.0202,-0.009,-0.1882,0.0019,0.0016,1.0008,-0.0507,1.5936,0.000212,0.0,0.0
20.645,STANCE,0.9978,1.5799,0.0246,0.0202,0.0468,0.0815,-0.0089,-0.1882,0.0019,0.0016,0.9995,0.1136,-0.0307,0.000212,-0.0346,0.0069
20.65,STANCE,1.0026,1.5789,0.7938,-0.2081,2.1089,-1.0663,-0.0079,-0.1883,0.178,-0.0248,0.9984,-0.273,-0.5086,-0.001615,-0.5772,0.1171
20.655,STANCE,1.0087,1.576,0.9262,-0.3667,0.1616,0.1332,-0.0064,-0.1886,0.2251,-0.038,0.998,-0.5953,-1.021,-0.003417,-0.136,0.0306
20.66,STANCE,1.0086,1.5772,0.2711,0.0538,-0.0118,0.1688,-0.0066,-0.1885,0.0437,0.0029,0.9981,-0.643,-1.7435,-0.003699,-0.0044,0.0046
20.665,STANCE,1.0097,1.5764,0.2737,-0.1416,0.5053,-0.5624,-0.0062,-0.1886,0.0711,-0.0141,0.9984,-0.9736,-2.0912,-0.003577,0.0479,0.0036
20.67,STANCE,1.0132,1.5686,0.5808,-1.2126,0.872,-1.8459,-0.0045,-0.1893,0.2779,-0.1068,0.9983,-1.4416,-1.8579,-0.003064,0.1204,0.0031
20.675,STANCE,1.0177,1.5577,0.7944,-1.9276,0.9502,-2.2009,-0.0021,-0.1903,0.4207,-0.1632,0.9984,-1.8187,-1.5451,-0.00232,0.1354,0.0023
20.68,STANCE,1.024,1.5462,1.1587,-2.2265,1.6039,-2.6984,0.0007,-0.1912,0.5361,-0.1802,0.9986,-2.1531,-1.2045,-0.002039,-0.004,0.0028
20.685,STANCE,1.0308,1.53,1.2758,-2.8607,1.2145,-2.7599,0.0043,-0.1925,0.655,-0.2178,0.9987,-2.2606,-0.5483,-0.001816,0.0208,0.0018
20.69,STANCE,1.0344,1.5172,0.8447,-2.6692,0.2357,-2.4438,0.0068,-0.1934,0.5488,-0.1962,0.9991,-1.9215,-0.1863,-0.001466,0.1272,0.0015
20.695,STANCE,1.0341,1.5063,0.1973,-2.318,-0.247,-1.8868,0.0084,-0.1943,0.3748,-0.1702,0.9996,-1.3051,0.114,-0.000728,0.1524,0.0007
20.7,STANCE,1.0325,1.4964,-0.1724,-2.1268,-0.2883,-1.9599,0.0095,-0.195,0.2764,-0.1568,1.0002,-0.7059,0.4594,0.000106,0.1551,0.0
20.705,STANCE,1.031,1.4847,-0.2526,-2.3063,-0.148,-2.3265,0.0109,-0.1959,0.2885,-0.1675,1.0007,-0.2341,0.8949,0.000732,0.1029,0.0
20.71,STANCE,1.0303,1.4719,-0.1873,-2.5163,-0.1608,-2.7451,0.0126,-0.1968,0.334,-0.1777,1.0011,0.0533,1.2167,0.001127,0.056,0.0
20.715,FLIGHT,1.0296,1.4596,-0.1587,-2.4131,-0.4898,-1.3163,0.0143,-0.1976,0.3262,-0.1663,1.0018,-1.1788,2.4989,0.001313,0.0212,0.0
20.72,FLIGHT,1.0223,1.4635,-1.1361,-0.0416,-2.2311,2.3562,0.0123,-0.1975,-0.2182,-0.0169,1.0036,-0.7028,2.083,0.001367,0.0022,0.0
20.725,FLIGHT,1.0098,1.4776,-2.078,1.9035,-2.5639,2.8319,0.0078,-0.1966,-0.6854,0.1238,1.0058,-0.1396,1.6101,0.001345,-0.0104,0.0021
20.73,FLIGHT,0.9982,1.4892,-2.1986,2.1167,-1.9879,1.7288,0.0038,-0.1958,-0.7347,0.1543,1.0078,0.0594,1.4531,0.00127,-0.0189,0.0038
20.735,FLIGHT,0.99,1.4952,-1.7925,1.4437,-1.3535,0.7784,0.0014,-0.1953,-0.5561,0.1115,1.0094,-0.0016,1.5156,0.001157,-0.0261,0.0052
20.74,FLIGHT,0.9841,1.4981,-1.3475,0.8511,-1.019,0.4938,-0.0002,-0.1951,-0.3837,0.0685,1.0109,-0.102,1.6061,0.001021,-0.0273,0.0055
20.745,FLIGHT,0.9794,1.5008,-1.0763,0.6395,-0.9108,0.5883,-0.0015,-0.1949,-0.3002,0.0535,1.0123,-0.1373,1.6375,0.000888,-0.0255,0.0051
20.75,FLIGHT,0.975,1.504,-0.9434,0.6534,-0.8551,0.6969,-0.0028,-0.1946,-0.2755,0.0564,1.0139,-0.1181,1.6222,0.000767,-0.0228,0.0046
20.755,FLIGHT,0.9709,1.5075,-0.8505,0.685,-0.7654,0.6876,-0.0041,-0.1943,-0.2612,0.0606,1.0154,-0.088,1.5984,0.000661,-0.0199,0.004
20.76,FLIGHT,0.9674,1.5108,-0.7465,0.6553,-0.6464,0.6042,-0.0052,-0.194,-0.2363,0.0591,1.0168,-0.0707,1.5863,0.000568,-0.0171,0.0034
20.765,FLIGHT,0.9644,1.5136,-0.6321,0.5862,-0.5303,0.5202,-0.0062,-0.1938,-0.204,0.0538,1.0182,-0.0662,1.5848,0.000489,-0.0144,0.0029
20.77,FLIGHT,0.962,1.516,-0.5245,0.5186,-0.435,0.4662,-0.007,-0.1935,-0.1734,0.0482,1.0196,-0.0657,1.5864,0.000424,-0.0119,0.0024
20.775,FLIGHT,0.96,1.5183,-0.4334,0.4703,-0.3595,0.4354,-0.0077,-0.1933,-0.1488,0.0439,1.021,-0.0639,1.5865,0.00037,-0.0097,0.0019
20.78,FLIGHT,0.9584,1.5204,-0.358,0.4374,-0.2961,0.412,-0.0083,-0.1931,-0.1295,0.041,1.0223,-0.0602,1.5848,0.000327,-0.0077,0.0015
20.785,FLIGHT,0.9571,1.5224,-0.2935,0.4108,-0.2395,0.388,-0.0088,-0.1929,-0.1132,0.0385,1.0236,-0.0562,1.5827,0.000292,-0.006,0.0012
20.79,FLIGHT,0.956,1.5243,-0.2366,0.3856,-0.1885,0.3633,-0.0093,-0.1928,-0.0986,0.036,1.0249,-0.053,1.5811,0.000266,-0.0047,0.0009
20.795,FLIGHT,0.9552,1.526,-0.1859,0.3613,-0.1432,0.3405,-0.0097,-0.1926,-0.0854,0.0336,1.0261,-0.0507,1.5802,0.000245,-0.0035,0.0007
20.8,FLIGHT,0.9546,1.5277,-0.1412,0.3393,-0.1039,0.3208,-0.0101,-0.1925,-0.0736,0.0314,1.0273,-0.0489,1.5796,0.00023,-0.0026,0.0005
20.805,FLIGHT,0.9541,1.5292,-0.1024,0.32,-0.0702,0.3039,-0.0104,-0.1923,-0.0635,0.0294,1.0285,-0.0473,1.5791,0.000219,-0.0019,0.0004
20.81,FLIGHT,0.9538,1.5307,-0.0689,0.3032,-0.0411,0.289,-0.0106,-0.1922,-0.0547,0.0277,1.0297,-0.046,1.5787,0.000211,-0.0013,0.0003
20.815,FLIGHT,0.9537,1.5321,-0.04,0.2882,-0.016,0.2756,-0.0108,-0.192,-0.047,0.0261,1.0308,-0.0448,1.5783,0.000206,-0.0009,0.0002
20.82,FLIGHT,0.9537,1.5335,-0.015,0.2747,0.0057,0.2632,-0.011,-0.1919,-0.0404,0.0247,1.0319,-0.0438,1.5781,0.000202,-0.0005,0.0001
20.825,FLIGHT,0.9538,1.5348,0.0065,0.2625,0.0244,0.2519,-0.0112,-0.1918,-0.0345,0.0234,1.033,-0.0429,1.5779,0.0002,-0.0003,0.0001
20.83,FLIGHT,0.9539,1.536,0.025,0.2512,0.0404,0.2417,-0.0113,-0.1917,-0.0294,0.0222,1.034,-0.0423,1.5778,0.0002,-0.0001,0.0
20.835,FLIGHT,0.9542,1.5372,0.0409,0.241,0.054,0.2323,-0.0114,-0.1916,-0.025,0.0212,1.035,-0.0417,1.5778,0.0002,0.0001,0.0
20.84,FLIGHT,0.9545,1.5383,0.0544,0.2317,0.0655,0.2236,-0.0115,-0.1915,-0.0211,0.0202,1.036,-0.0413,1.5778,0.0002,0.0002,0.0
20.845,FLIGHT,0.9548,1.5394,0.0659,0.223,0.0753,0.2156,-0.0116,-0.1914,-0.0177,0.0193,1.0369,-0.0409,1.5779,0.000201,0.0002,0.0
20.85,FLIGHT,0.9552,1.5405,0.0755,0.2151,0.0835,0.2082,-0.0117,-0.1913,-0.0148,0.0185,1.0379,-0.0407,1.578,0.000203,0.0003,0.0
20.855,FLIGHT,0.9556,1.5415,0.0836,0.2077,0.0903,0.2013,-0.0117,-0.1912,-0.0122,0.0177,1.0387,-0.0405,1.5781,0.000204,0.0003,0.0
20.86,FLIGHT,0.9561,1.5425,0.0904,0.2008,0.0959,0.1948,-0.0118,-0.1911,-0.01,0.017,1.0396,-0.0403,1.5782,0.000206,0.0003,0.0
20.865,FLIGHT,0.9566,1.5435,0.096,0.1943,0.1005,0.1887,-0.0118,-0.1911,-0.008,0.0164,1.0404,-0.0402,1.5784,0.000207,0.0003,0.0
20.87,FLIGHT,0.9571,1.5444,0.1006,0.1883,0.1042,0.183,-0.0118,-0.191,-0.0063,0.0158,1.0413,-0.0402,1.5786,0.000209,0.0003,0.0
20.875,FLIGHT,0.9576,1.5453,0.1042,0.1826,0.1072,0.1776,-0.0119,-0.1909,-0.0049,0.0153,1.042,-0.0401,1.5788,0.00021,0.0003,0.0
20.88,FLIGHT,0.9582,1.5462,0.1072,0.1772,0.1094,0.1725,-0.0119,-0.1908,-0.0036,0.0147,1.0428,-0.0402,1.579,0.000211,0.0002,0.0
20.885,FLIGHT,0.9587,1.547,0.1094,0.1721,0.1111,0.1676,-0.0119,-0.1908,-0.0025,0.0143,1.0435,-0.0402,1.5792,0.000212,0.0002,0.0
20.89,FLIGHT,0.9593,1.5478,0.1111,0.1672,0.1124,0.163,-0.0119,-0.1907,-0.0015,0.0138,1.0442,-0.0403,1.5794,0.000213,0.0002,0.0
20.895,FLIGHT,0.9599,1.5486,0.1123,0.1626,0.1131,0.1585,-0.0119,-0.1906,-0.0006,0.0134,1.0449,-0.0403,1.5797,0.000214,0.0002,0.0
20.9,FLIGHT,0.9604,1.5494,0.113,0.1582,0.1135,0.1543,-0.0119,-0.1906,0.0001,0.013,1.0455,-0.0404,1.5799,0.000215,0.0001,0.0
20.905,FLIGHT,0.961,1.5502,0.1134,0.154,0.1137,0.1502,-0.0119,-0.1905,0.0007,0.0126,1.0461,-0.0405,1.5801,0.000216,0.0001,0.0
20.91,FLIGHT,0.9616,1.5509,0.1135,0.1499,0.1135,0.1463,-0.0119,-0.1904,0.0013,0.0122,1.0467,-0.0407,1.5804,0.000216,0.0001,0.0
20.915,FLIGHT,0.9621,1.5516,0.1134,0.146,0.1131,0.1426,-0.0119,-0.1904,0.0018,0.0119,1.0473,-0.0408,1.5806,0.000217,0.0001,0.0
20.92,FLIGHT,0.9627,1.5523,0.113,0.1423,0.1125,0.139,-0.0119,-0.1903,0.0022,0.0116,1.0478,-0.0409,1.5808,0.000217,0.0001,0.0
20.925,FLIGHT,0.9633,1.553,0.1124,0.1387,0.1118,0.1355,-0.0118,-0.1903,0.0026,0.0112,1.0483,-0.0411,1.5811,0.000218,0.0001,0.0
20.93,FLIGHT,0.9638,1.5537,0.1116,0.1352,0.1109,0.1321,-0.0118,-0.1902,0.0029,0.0109,1.0488,-0.0412,1.5813,0.000218,0.0,0.0
20.935,FLIGHT,0.9644,1.5544,0.1108,0.1318,0.1099,0.1289,-0.0118,-0.1902,0.0032,0.0106,1.0492,-0.0414,1.5815,0.000218,0.0,0.0
20.94,FLIGHT,0.9649,1.555,0.1098,0.1286,0.1089,0.1257,-0.0118,-0.1901,0.0035,0.0104,1.0497,-0.0415,1.5818,0.000218,0.0,0.0
20.945,FLIGHT,0.9654,1.5556,0.1087,0.1254,0.1077,0.1227,-0.0118,-0.1901,0.0037,0.0101,1.0501,-0.0417,1.582,0.000218,0.0,0.0
20.95,FLIGHT,0.966,1.5562,0.1076,0.1224,0.1065,0.1197,-0.0118,-0.19,0.0039,0.0098,1.0504,-0.0418,1.5822,0.000218,0.0,0.0
20.955,FLIGHT,0.9665,1.5568,0.1063,0.1194,0.1052,0.1168,-0.0117,-0.19,0.004,0.0096,1.0508,-0.042,1.5825,0.000218,-0.0,0.0
20.96,FLIGHT,0.967,1.5574,0.1051,0.1166,0.1039,0.114,-0.0117,-0.1899,0.0042,0.0093,1.0511,-0.0421,1.5827,0.000218,-0.0,0.0
20.965,FLIGHT,0.9676,1.558,0.1038,0.1138,0.1026,0.1113,-0.0117,-0.1899,0.0043,0.0091,1.0514,-0.0423,1.5829,0.000218,-0.0,0.0
20.97,FLIGHT,0.9681,1.5585,0.1025,0.1111,0.1013,0.1087,-0.0117,-0.1898,0.0044,0.0089,1.0517,-0.0424,1.5831,0.000218,-0.0,0.0
20.975,FLIGHT,0.9686,1.559,0.1011,0.1085,0.0999,0.1061,-0.0116,-0.1898,0.0045,0.0087,1.0519,-0.0426,1.5833,0.000218,-0.0,0.0
20.98,FLIGHT,0.9691,1.5596,0.0998,0.1059,0.0985,0.1037,-0.0116,-0.1898,0.0046,0.0085,1.0522,-0.0427,1.5835,0.000218,-0.0,0.0
20.985,FLIGHT,0.9696,1.5601,0.0984,0.1034,0.0972,0.1012,-0.0116,-0.1897,0.0047,0.0082,1.0524,-0.0429,1.5837,0.000218,-0.0,0.0
20.99,FLIGHT,0.97,1.5606,0.097,0.101,0.0958,0.0989,-0.0116,-0.1897,0.0047,0.008,1.0525,-0.043,1.5839,0.000218,-0.0,0.0
20.995,FLIGHT,0.9705,1.5611,0.0956,0.0987,0.0944,0.0966,-0.0116,-0.1896,0.0048,0.0079,1.0527,-0.0432,1.5841,0.000218,-0.0,0.0
21.0,FLIGHT,0.971,1.5615,0.0943,0.0964,0.0931,0.0944,-0.0115,-0.1896,0.0048,0.0077,1.0528,-0.0433,1.5843,0.000217,-0.0,0.0
21.005,FLIGHT,0.9714,1.562,0.0929,0.0942,0.0917,0.0922,-0.0115,-0.1896,0.0049,0.0075,1.0529,-0.0435,1.5845,0.000217,-0.0,0.0
21.01,FLIGHT,0.9719,1.5625,0.0916,0.092,0.0904,0.0901,-0.0115,-0.1895,0.0049,0.0073,1.053,-0.0436,1.5847,0.000217,-0.0,0.0
21.015,FLIGHT,0.9723,1.5629,0.0902,0.0899,0.089,0.088,-0.0115,-0.1895,0.0049,0.0071,1.0531,-0.0437,1.5849,0.000217,-0.0,0.0
21.02,FLIGHT,0.9728,1.5633,0.0889,0.0878,0.0877,0.086,-0.0114,-0.1895,0.0049,0.007,1.0531,-0.0439,1.5851,0.000217,-0.0,0.0
21.025,FLIGHT,0.9732,1.5638,0.0876,0.0858,0.0864,0.0841,-0.0114,-0.1894,0.005,0.0068,1.0531,-0.044,1.5852,0.000217,-0.0,0.0
21.03,FLIGHT,0.9737,1.5642,0.0863,0.0839,0.0851,0.0821,-0.0114,-0.1894,0.005,0.0066,1.0531,-0.0442,1.5854,0.000217,-0.0,0.0
21.035,FLIGHT,0.9741,1.5646,0.085,0.082,0.0839,0.0803,-0.0114,-0.1894,0.005,0.0065,1.0531,-0.0443,1.5856,0.000216,-0.0,0.0
21.04,FLIGHT,0.9745,1.565,0.0838,0.0801,0.0826,0.0785,-0.0113,-0.1893,0.005,0.0063,1.053,-0.0444,1.5858,0.000216,-0.0,0.0
21.045,FLIGHT,0.9749,1.5654,0.0825,0.0783,0.0814,0.0767,-0.0113,-0.1893,0.005,0.0062,1.0529,-0.0445,1.5859,0.000216,-0.0,0.0
21.05,FLIGHT,0.9753,1.5658,0.0813,0.0766,0.0802,0.075,-0.0113,-0.1893,0.005,0.006,1.0528,-0.0447,1.5861,0.000216,-0.0,0.0
21.055,FLIGHT,0.9757,1.5661,0.0801,0.0748,0.079,0.0733,-0.0113,-0.1892,0.005,0.0059,1.0527,-0.0448,1.5863,0.000216,-0.0,0.0
21.06,FLIGHT,0.9761,1.5665,0.0789,0.0732,0.0778,0.0717,-0.0112,-0.1892,0.005,0.0058,1.0525,-0.0449,1.5864,0.000216,-0.0,0.0
21.065,FLIGHT,0.9765,1.5668,0.0777,0.0715,0.0767,0.0701,-0.0112,-0.1892,0.005,0.0056,1.0524,-0.0451,1.5866,0.000216,-0.0,0.0
21.07,FLIGHT,0.9769,1.5672,0.0766,0.07,0.0755,0.0686,-0.0112,-0.1892,0.005,0.0055,1.0522,-0.0452,1.5867,0.000215,-0.0,0.0
21.075,FLIGHT,0.9772,1.5675,0.0754,0.0684,0.0744,0.067,-0.0112,-0.1891,0.005,0.0054,1.052,-0.0453,1.5869,0.000215,-0.0,0.0
21.08,FLIGHT,0.9776,1.5679,0.0743,0.0669,0.0733,0.0656,-0.0111,-0.1891,0.005,0.0052,1.0517,-0.0454,1.587,0.000215,-0.0,0.0
21.085,FLIGHT,0.978,1.5682,0.0732,0.0654,0.0722,0.0641,-0.0111,-0.1891,0.005,0.0051,1.0515,-0.0455,1.5872,0.000215,-0.0,0.0
21.09,FLIGHT,0.9783,1.5685,0.0721,0.064,0.0712,0.0627,-0.0111,-0.189,0.005,0.005,1.0512,-0.0456,1.5873,0.000215,-0.0,0.0
21.095,FLIGHT,0.9787,1.5688,0.0711,0.0626,0.0701,0.0614,-0.0111,-0.189,0.005,0.0049,1.0509,-0.0458,1.5875,0.000215,-0.0,0.0
21.1,FLIGHT,0.979,1.5691,0.07,0.0612,0.0691,0.06,-0.011,-0.189,0.0049,0.0048,1.0506,-0.0459,1.5876,0.000215,-0.0,0.0
21.105,FLIGHT,0.9794,1.5694,0.069,0.0599,0.0681,0.0587,-0.011,-0.189,0.0049,0.0047,1.0503,-0.046,1.5877,0.000215,-0.0,0.0
21.11,FLIGHT,0.9797,1.5697,0.068,0.0586,0.0671,0.0575,-0.011,-0.189,0.0049,0.0046,1.0499,-0.0461,1.5879,0.000214,-0.0,0.0
21.115,FLIGHT,0.98,1.57,0.067,0.0574,0.0661,0.0562,-0.011,-0.1889,0.0049,0.0045,1.0495,-0.0462,1.588,0.000214,-0.0,0.0
21.12,FLIGHT,0.9804,1.5703,0.066,0.0561,0.0651,0.055,-0.0109,-0.1889,0.0049,0.0044,1.0491,-0.0463,1.5881,0.000214,-0.0,0.0
21.125,FLIGHT,0.9807,1.5705,0.065,0.0549,0.0642,0.0539,-0.0109,-0.1889,0.0048,0.0043,1.0487,-0.0464,1.5883,0.000214,-0.0,0.0
21.13,FLIGHT,0.981,1.5708,0.0641,0.0538,0.0632,0.0527,-0.0109,-0.1889,0.0048,0.0042,1.0483,-0.0465,1.5884,0.000214,-0.0,0.0
21.135,FLIGHT,0.9813,1.5711,0.0631,0.0526,0.0623,0.0516,-0.0109,-0.1888,0.0048,0.0041,1.0478,-0.0466,1.5885,0.000214,-0.0,0.0
21.14,FLIGHT,0.9816,1.5713,0.0622,0.0515,0.0614,0.0505,-0.0108,-0.1888,0.0048,0.004,1.0474,-0.0467,1.5886,0.000214,-0.0,0.0
21.145,FLIGHT,0.9819,1.5716,0.0613,0.0504,0.0605,0.0495,-0.0108,-0.1888,0.0047,0.0039,1.0469,-0.0468,1.5888,0.000214,-0.0,0.0
21.15,FLIGHT,0.9822,1.5718,0.0604,0.0494,0.0596,0.0484,-0.0108,-0.1888,0.0047,0.0038,1.0463,-0.0469,1.5889,0.000214,-0.0,0.0
21.155,FLIGHT,0.9825,1.5721,0.0595,0.0484,0.0587,0.0474,-0.0108,-0.1888,0.0047,0.0037,1.0458,-0.047,1.589,0.000214,-0.0,0.0
21.16,FLIGHT,0.9828,1.5723,0.0587,0.0474,0.0579,0.0465,-0.0107,-0.1888,0.0047,0.0037,1.0453,-0.0471,1.5891,0.000214,-0.0,0.0
21.165,FLIGHT,0.9831,1.5725,0.0578,0.0464,0.057,0.0455,-0.0107,-0.1887,0.0046,0.0036,1.0447,-0.0472,1.5892,0.000214,-0.0,0.0
21.17,FLIGHT,0.9834,1.5727,0.057,0.0454,0.0562,0.0446,-0.0107,-0.1887,0.0046,0.0035,1.0441,-0.0473,1.5893,0.000214,-0.0,0.0
21.175,FLIGHT,0.9837,1.573,0.0561,0.0445,0.0554,0.0437,-0.0107,-0.1887,0.0046,0.0034,1.0435,-0.0474,1.5895,0.000213,-0.0,0.0
21.18,FLIGHT,0.984,1.5732,0.0553,0.0436,0.0546,0.0428,-0.0107,-0.1887,0.0045,0.0034,1.0429,-0.0475,1.5896,0.000213,-0.0,0.0
21.185,FLIGHT,0.9842,1.5734,0.0545,0.0427,0.0538,0.0419,-0.0106,-0.1887,0.0045,0.0033,1.0422,-0.0476,1.5897,0.000213,-0.0,0.0
21.19,FLIGHT,0.9845,1.5736,0.0537,0.0419,0.053,0.0411,-0.0106,-0.1887,0.0045,0.0032,1.0416,-0.0477,1.5898,0.000213,-0.0,0.0
21.195,FLIGHT,0.9848,1.5738,0.0529,0.041,0.0522,0.0403,-0.0106,-0.1886,0.0044,0.0032,1.0409,-0.0478,1.5899,0.000213,-0.0,0.0
21.2,FLIGHT,0.985,1.574,0.0521,0.0402,0.0514,0.0395,-0.0106,-0.1886,0.0044,0.0031,1.0402,-0.0479,1.59,0.000213,-0.0,0.0
21.205,FLIGHT,0.9853,1.5742,0.0513,0.0394,0.0507,0.0387,-0.0105,-0.1886,0.0043,0.003,1.0395,-0.048,1.5901,0.000213,-0.0,0.0
21.21,FLIGHT,0.9855,1.5744,0.0506,0.0386,0.0499,0.038,-0.0105,-0.1886,0.0043,0.003,1.0387,-0.0481,1.5902,0.000213,-0.0,0.0
21.215,FLIGHT,0.9858,1.5746,0.0498,0.0379,0.0492,0.0372,-0.0105,-0.1886,0.0043,0.0029,1.038,-0.0482,1.5903,0.000213,-0.0,0.0
21.22,FLIGHT,0.986,1.5748,0.0491,0.0372,0.0484,0.0365,-0.0105,-0.1886,0.0042,0.0028,1.0372,-0.0483,1.5904,0.000213,-0.0,0.0
21.225,FLIGHT,0.9862,1.5749,0.0484,0.0364,0.0477,0.0358,-0.0105,-0.1885,0.0042,0.0028,1.0365,-0.0484,1.5905,0.000213,-0.0,0.0
21.23,FLIGHT,0.9865,1.5751,0.0476,0.0357,0.047,0.0351,-0.0104,-0.1885,0.0041,0.0027,1.0357,-0.0484,1.5906,0.000213,-0.0,0.0
21.235,FLIGHT,0.9867,1.5753,0.0469,0.0351,0.0463,0.0345,-0.0104,-0.1885,0.0041,0.0027,1.0348,-0.0485,1.5907,0.000213,-0.0,0.0
21.24,FLIGHT,0.9869,1.5755,0.0462,0.0344,0.0456,0.0338,-0.0104,-0.1885,0.004,0.0026,1.034,-0.0486,1.5908,0.000213,-0.0,0.0
21.245,FLIGHT,0.9872,1.5756,0.0455,0.0338,0.0449,0.0332,-0.0104,-0.1885,0.004,0.0026,1.0332,-0.0487,1.5909,0.000213,-0.0,0.0
21.25,FLIGHT,0.9874,1.5758,0.0448,0.0331,0.0442,0.0326,-0.0104,-0.1885,0.004,0.0025,1.0323,-0.0488,1.591,0.000213,-0.0,0.0
21.255,FLIGHT,0.9876,1.576,0.0441,0.0325,0.0435,0.032,-0.0103,-0.1885,0.0039,0.0025,1.0314,-0.0489,1.5911,0.000213,-0.0,0.0
21.26,FLIGHT,0.9878,1.5761,0.0434,0.0319,0.0428,0.0314,-0.0103,-0.1885,0.0039,0.0024,1.0305,-0.049,1.5912,0.000213,-0.0,0.0
21.265,FLIGHT,0.988,1.5763,0.0428,0.0313,0.0421,0.0308,-0.0103,-0.1884,0.0038,0.0024,1.0296,-0.0491,1.5913,0.000213,-0.0,0.0
21.27,FLIGHT,0.9883,1.5764,0.0421,0.0308,0.0415,0.0303,-0.0103,-0.1884,0.0038,0.0024,1.0287,-0.0491,1.5913,0.000213,0.0,0.0
21.275,FLIGHT,0.9885,1.5766,0.0414,0.0302,0.0408,0.0297,-0.0103,-0.1884,0.0037,0.0023,1.0277,-0.0492,1.5914,0.000213,0.0,0.0
21.28,FLIGHT,0.9887,1.5767,0.0408,0.0297,0.0402,0.0292,-0.0102,-0.1884,0.0037,0.0023,1.0268,-0.0493,1.5915,0.000213,0.0,0.0
21.285,FLIGHT,0.9889,1.5769,0.0401,0.0292,0.0395,0.0287,-0.0102,-0.1884,0.0036,0.0022,1.0258,-0.0494,1.5916,0.000213,0.0,0.0
21.29,FLIGHT,0.9891,1.577,0.0395,0.0286,0.0389,0.0282,-0.0102,-0.1884,0.0035,0.0022,1.0248,-0.0495,1.5917,0.000213,0.0,0.0
21.295,FLIGHT,0.9893,1.5771,0.0388,0.0282,0.0382,0.0277,-0.0102,-0.1884,0.0035,0.0021,1.0238,-0.0496,1.5918,0.000213,0.0,0.0
21.3,FLIGHT,0.9894,1.5773,0.0382,0.0277,0.0376,0.0272,-0.0102,-0.1884,0.0034,0.0021,1.0228,-0.0497,1.5919,0.000213,0.0,0.0
21.305,FLIGHT,0.9896,1.5774,0.0376,0.0272,0.037,0.0268,-0.0102,-0.1884,0.0034,0.0021,1.0218,-0.0497,1.5919,0.000213,0.0,0.0
21.31,FLIGHT,0.9898,1.5776,0.0369,0.0267,0.0364,0.0263,-0.0101,-0.1884,0.0033,0.002,1.0207,-0.0498,1.592,0.000213,0.0,0.0
21.315,FLIGHT,0.99,1.5777,0.0363,0.0263,0.0358,0.0259,-0.0101,-0.1883,0.0033,0.002,1.0197,-0.0499,1.5921,0.000213,0.0,0.0
21.32,FLIGHT,0.9902,1.5778,0.0357,0.0258,0.0351,0.0255,-0.0101,-0.1883,0.0032,0.002,1.0186,-0.05,1.5922,0.000213,0.0,0.0
21.325,FLIGHT,0.9903,1.5779,0.0351,0.0254,0.0345,0.025,-0.0101,-0.1883,0.0032,0.0019,1.0175,-0.0501,1.5923,0.000213,0.0,0.0
21.33,FLIGHT,0.9905,1.5781,0.0345,0.025,0.0339,0.0246,-0.0101,-0.1883,0.0031,0.0019,1.0164,-0.0502,1.5924,0.000213,0.0,0.0
21.335,FLIGHT,0.9907,1.5782,0.0339,0.0246,0.0333,0.0242,-0.0101,-0.1883,0.003,0.0019,1.0153,-0.0502,1.5924,0.000213,0.0,0.0
21.34,FLIGHT,0.9908,1.5783,0.0333,0.0242,0.0327,0.0239,-0.01,-0.1883,0.003,0.0019,1.0142,-0.0503,1.5925,0.000213,0.0,0.0
21.345,FLIGHT,0.991,1.5784,0.0327,0.0238,0.0321,0.0235,-0.01,-0.1883,0.0029,0.0018,1.013,-0.0504,1.5926,0.000213,0.0,0.0
21.35,FLIGHT,0.9912,1.5785,0.0321,0.0234,0.0315,0.0231,-0.01,-0.1883,0.0029,0.0018,1.0119,-0.0505,1.5927,0.000213,0.0,0.0
21.355,FLIGHT,0.9913,1.5787,0.0315,0.0231,0.031,0.0228,-0.01,-0.1883,0.0028,0.0018,1.0107,-0.0506,1.5927,0.000213,0.0,0.0
21.36,FLIGHT,0.9915,1.5788,0.0309,0.0227,0.0304,0.0224,-0.01,-0.1883,0.0027,0.0017,1.0095,-0.0506,1.5928,0.000213,0.0,0.0
21.365,FLIGHT,0.9916,1.5789,0.0303,0.0224,0.0298,0.0221,-0.01,-0.1882,0.0027,0.0017,1.0083,-0.0507,1.5929,0.000213,0.0,0.0
21.37,FLIGHT,0.9918,1.579,0.0297,0.022,0.0292,0.0217,-0.01,-0.1882,0.0026,0.0017,1.0071,-0.0508,1.593,0.000213,0.0,0.0
21.375,FLIGHT,0.9919,1.5791,0.0291,0.0217,0.0286,0.0214,-0.01,-0.1882,0.0025,0.0017,1.0059,-0.0509,1.593,0.000213,0.0,0.0
21.38,FLIGHT,0.9921,1.5792,0.0286,0.0214,0.0281,0.0211,-0.0099,-0.1882,0.0025,0.0016,1.0047,-0.051,1.5931,0.000213,0.0,0.0
21.385,FLIGHT,0.9922,1.5793,0.028,0.0211,0.0275,0.0208,-0.0099,-0.1882,0.0024,0.0016,1.0034,-0.051,1.5932,0.000213,0.0,0.0
21.39,FLIGHT,0.9923,1.5794,0.0274,0.0208,0.0269,0.0205,-0.0099,-0.1882,0.0023,0.0016,1.0022,-0.0511,1.5933,0.000213,0.0,0.0
21.395,FLIGHT,0.9925,1.5795,0.0269,0.0205,0.0264,0.0202,-0.0099,-0.1882,0.0023,0.0016,1.0009,-0.0512,1.5933,0.000214,0.0,0.0
21.4,FLIGHT,0.9926,1.5796,0.0263,0.0202,0.0258,0.0199,-0.0099,-0.1882,0.0022,0.0016,0.9997,-0.0513,1.5934,0.000214,0.0,0.0
21.405,STANCE,0.9958,1.5799,0.5452,-0.0014,1.7019,-0.6781,-0.0093,-0.1882,0.1028,-0.0052,0.9986,-0.1187,-0.4804,-0.001267,-0.5169,0.1046
21.41,STANCE,1.0035,1.5759,1.1039,-0.4812,0.4141,-0.0857,-0.0073,-0.1886,0.2742,-0.0506,0.998,-0.5819,-0.8692,-0.003404,-0.1877,0.041
21.415,STANCE,1.0036,1.577,0.3423,0.0055,-0.092,0.2604,-0.0075,-0.1885,0.0638,-0.0021,0.998,-0.5723,-1.6382,-0.003801,-0.0135,0.0065
21.42,STANCE,1.0041,1.5769,0.2034,-0.0371,0.3425,-0.3406,-0.0074,-0.1885,0.0434,-0.0048,0.9983,-0.8332,-2.0891,-0.003705,0.0455,0.0037
21.425,STANCE,1.007,1.5712,0.4778,-0.9346,0.7548,-2.0795,-0.006,-0.1891,0.2191,-0.0844,0.9983,-1.2753,-1.9875,-0.003258,0.1408,0.0033
21.43,STANCE,1.0112,1.5619,0.736,-1.5992,0.7867,-2.8667,-0.0039,-0.1899,0.3619,-0.1393,0.9983,-1.6734,-1.7523,-0.002562,0.2114,0.0026
21.435,STANCE,1.0166,1.5503,1.0141,-2.0829,1.5395,-2.5383,-0.0013,-0.1909,0.4859,-0.174,0.9985,-1.9922,-1.3766,-0.002057,0.0016,0.0021
21.44,STANCE,1.0246,1.5347,1.3866,-2.8629,1.4157,-3.4862,0.0024,-0.1921,0.6737,-0.2245,0.9986,-2.2495,-0.6795,-0.002038,0.0344,0.002
21.445,STANCE,1.0303,1.5207,1.1782,-2.7612,0.6641,-2.4842,0.0056,-0.1932,0.6247,-0.2054,0.9989,-2.0665,-0.267,-0.001917,0.0652,0.0019
21.45,STANCE,1.0311,1.5087,0.4472,-2.4675,-0.2695,-2.3603,0.0074,-0.1941,0.444,-0.1816,0.9993,-1.4616,0.0704,-0.001297,0.1755,0.0013
21.455,STANCE,1.0296,1.4987,-0.0665,-2.1518,-0.3248,-1.9471,0.0086,-0.1949,0.2999,-0.1592,0.9999,-0.822,0.3778,-0.000518,0.1524,0.0005
21.46,STANCE,1.0282,1.4881,-0.1998,-2.1428,-0.1396,-2.1263,0.0099,-0.1957,0.2739,-0.157,1.0004,-0.3237,0.7572,0.000253,0.1254,0.0
21.465,STANCE,1.0274,1.4753,-0.1677,-2.4293,-0.0992,-2.6378,0.0116,-0.1966,0.324,-0.1735,1.0009,0.0084,1.1443,0.000758,0.0772,0.0
21.47,FLIGHT,1.0271,1.4624,-0.0786,-2.5134,0.0285,-2.4003,0.0134,-0.1975,0.356,-0.1738,1.0014,-1.1118,2.4515,0.001039,0.0373,0.0
21.475,FLIGHT,1.0222,1.462,-0.7985,-0.6327,-1.8464,1.7566,0.0125,-0.1976,-0.0644,-0.0539,1.0029,-0.796,2.1669,0.001162,0.0139,0.0
21.48,FLIGHT,1.0109,1.4746,-1.816,1.541,-2.4416,2.7865,0.0084,-0.1968,-0.5821,0.097,1.0051,-0.2139,1.6753,0.001191,-0.0013,0.0003
21.485,FLIGHT,0.9996,1.4866,-2.0904,2.0669,-1.9928,1.8833,0.0045,-0.196,-0.7074,0.1483,1.0071,0.0513,1.4611,0.001156,-0.0119,0.0024
21.49,FLIGHT,0.9913,1.4933,-1.7616,1.5139,-1.3495,0.87,0.0019,-0.1955,-0.5607,0.1154,1.0088,0.0248,1.4947,0.001077,-0.0195,0.0039
21.495,FLIGHT,0.9857,1.4964,-1.3154,0.8919,-0.9672,0.4807,0.0003,-0.1952,-0.3837,0.0706,1.0102,-0.0774,1.5873,0.000969,-0.0225,0.0045
21.5,FLIGHT,0.9812,1.4988,-1.0196,0.6242,-0.835,0.5353,-0.0009,-0.195,-0.2873,0.0512,1.0117,-0.1265,1.6307,0.000857,-0.0222,0.0044
21.505,FLIGHT,0.9772,1.5018,-0.8746,0.6172,-0.7839,0.6593,-0.0021,-0.1948,-0.2574,0.0522,1.0132,-0.1159,1.6224,0.000749,-0.0206,0.0041
21.51,FLIGHT,0.9734,1.5052,-0.7859,0.6589,-0.7088,0.6769,-0.0033,-0.1945,-0.2454,0.057,1.0147,-0.0868,1.5992,0.000651,-0.0184,0.0037
21.515,FLIGHT,0.9701,1.5084,-0.692,0.646,-0.6005,0.6077,-0.0044,-0.1942,-0.2248,0.057,1.0161,-0.0675,1.5851,0.000565,-0.0161,0.0032
21.52,FLIGHT,0.9674,1.5113,-0.5855,0.5866,-0.4892,0.5253,-0.0053,-0.194,-0.1954,0.0526,1.0175,-0.0616,1.5823,0.000491,-0.0138,0.0028
21.525,FLIGHT,0.9652,1.5137,-0.4824,0.5213,-0.3958,0.469,-0.0061,-0.1937,-0.166,0.0472,1.0189,-0.0612,1.584,0.000427,-0.0115,0.0023
21.53,FLIGHT,0.9634,1.516,-0.3941,0.4726,-0.3226,0.4374,-0.0067,-0.1935,-0.1418,0.0431,1.0203,-0.0602,1.5847,0.000375,-0.0095,0.0019
21.535,FLIGHT,0.962,1.5181,-0.3215,0.44,-0.2623,0.4154,-0.0073,-0.1934,-0.1231,0.0402,1.0216,-0.0572,1.5834,0.000332,-0.0076,0.0015
21.54,FLIGHT,0.9608,1.5202,-0.2602,0.4147,-0.2091,0.3933,-0.0078,-0.1932,-0.1076,0.0379,1.0229,-0.0535,1.5815,0.000298,-0.006,0.0012
21.545,FLIGHT,0.9599,1.5221,-0.2064,0.3911,-0.1611,0.3701,-0.0083,-0.193,-0.0938,0.0357,1.0241,-0.0504,1.58,0.000272,-0.0047,0.0009
21.55,FLIGHT,0.9592,1.5239,-0.1586,0.368,-0.1183,0.348,-0.0086,-0.1928,-0.0813,0.0335,1.0254,-0.0481,1.5791,0.000251,-0.0036,0.0007
21.555,FLIGHT,0.9587,1.5256,-0.1165,0.3467,-0.0813,0.3287,-0.009,-0.1927,-0.0701,0.0314,1.0266,-0.0465,1.5786,0.000236,-0.0027,0.0005
21.56,FLIGHT,0.9584,1.5272,-0.0799,0.3279,-0.0495,0.3121,-0.0093,-0.1925,-0.0604,0.0295,1.0277,-0.0451,1.5782,0.000224,-0.002,0.0004
21.565,FLIGHT,0.9582,1.5287,-0.0483,0.3114,-0.0222,0.2976,-0.0095,-0.1924,-0.052,0.0279,1.0289,-0.0438,1.5779,0.000216,-0.0014,0.0003
21.57,FLIGHT,0.9581,1.5301,-0.0212,0.2968,0.0013,0.2843,-0.0097,-0.1923,-0.0447,0.0264,1.03,-0.0427,1.5776,0.00021,-0.0009,0.0002
21.575,FLIGHT,0.9582,1.5315,0.0022,0.2835,0.0216,0.2722,-0.0099,-0.1921,-0.0384,0.025,1.0311,-0.0418,1.5774,0.000206,-0.0006,0.0001
21.58,FLIGHT,0.9583,1.5329,0.0223,0.2714,0.039,0.261,-0.01,-0.192,-0.0329,0.0238,1.0321,-0.0411,1.5773,0.000204,-0.0003,0.0001
21.585,FLIGHT,0.9586,1.5341,0.0395,0.2603,0.0538,0.2508,-0.0102,-0.1919,-0.028,0.0227,1.0332,-0.0405,1.5772,0.000203,-0.0001,0.0
21.59,FLIGHT,0.9589,1.5354,0.0542,0.2501,0.0664,0.2414,-0.0103,-0.1918,-0.0238,0.0217,1.0342,-0.04,1.5772,0.000202,0.0,0.0
21.595,FLIGHT,0.9592,1.5365,0.0667,0.2407,0.077,0.2327,-0.0104,-0.1917,-0.0201,0.0207,1.0351,-0.0396,1.5773,0.000203,0.0001,0.0
21.6,FLIGHT,0.9596,1.5377,0.0773,0.2321,0.0859,0.2247,-0.0104,-0.1916,-0.0169,0.0199,1.0361,-0.0393,1.5774,0.000203,0.0002,0.0
21.605,FLIGHT,0.9601,1.5388,0.0861,0.2241,0.0933,0.2172,-0.0105,-0.1915,-0.0141,0.0191,1.037,-0.0391,1.5775,0.000204,0.0002,0.0
21.61,FLIGHT,0.9606,1.5399,0.0935,0.2166,0.0995,0.2102,-0.0106,-0.1914,-0.0117,0.0183,1.0379,-0.0389,1.5777,0.000206,0.0002,0.0
21.615,FLIGHT,0.9611,1.5409,0.0996,0.2096,0.1045,0.2036,-0.0106,-0.1913,-0.0095,0.0177,1.0387,-0.0388,1.5778,0.000207,0.0003,0.0
21.62,FLIGHT,0.9616,1.5419,0.1046,0.2031,0.1086,0.1974,-0.0106,-0.1913,-0.0077,0.017,1.0396,-0.0388,1.578,0.000208,0.0003,0.0
21.625,FLIGHT,0.9622,1.5429,0.1086,0.1969,0.1118,0.1915,-0.0107,-0.1912,-0.0061,0.0165,1.0404,-0.0387,1.5783,0.000209,0.0002,0.0
21.63,FLIGHT,0.9627,1.5438,0.1118,0.1911,0.1143,0.186,-0.0107,-0.1911,-0.0047,0.0159,1.0411,-0.0387,1.5785,0.000211,0.0002,0.0
21.635,FLIGHT,0.9633,1.5447,0.1142,0.1855,0.1161,0.1807,-0.0107,-0.191,-0.0035,0.0154,1.0419,-0.0388,1.5787,0.000212,0.0002,0.0
21.64,FLIGHT,0.9639,1.5456,0.1161,0.1803,0.1175,0.1757,-0.0107,-0.191,-0.0024,0.0149,1.0426,-0.0389,1.5789,0.000213,0.0002,0.0
21.645,FLIGHT,0.9645,1.5465,0.1174,0.1753,0.1183,0.1709,-0.0107,-0.1909,-0.0015,0.0144,1.0433,-0.0389,1.5792,0.000214,0.0002,0.0
21.65,FLIGHT,0.9651,1.5473,0.1182,0.1705,0.1188,0.1663,-0.0107,-0.1908,-0.0007,0.014,1.0439,-0.039,1.5794,0.000214,0.0001,0.0
21.655,FLIGHT,0.9657,1.5482,0.1187,0.166,0.1189,0.1619,-0.0107,-0.1907,0.0,0.0136,1.0446,-0.0392,1.5797,0.000215,0.0001,0.0
21.66,FLIGHT,0.9663,1.549,0.1188,0.1616,0.1188,0.1577,-0.0107,-0.1907,0.0007,0.0132,1.0452,-0.0393,1.5799,0.000216,0.0001,0.0
21.665,FLIGHT,0.9669,1.5497,0.1186,0.1574,0.1183,0.1537,-0.0107,-0.1906,0.0012,0.0129,1.0457,-0.0394,1.5802,0.000216,0.0001,0.0
21.67,FLIGHT,0.9674,1.5505,0.1182,0.1533,0.1177,0.1498,-0.0107,-0.1906,0.0017,0.0125,1.0463,-0.0396,1.5804,0.000217,0.0001,0.0
21.675,FLIGHT,0.968,1.5512,0.1176,0.1494,0.1169,0.146,-0.0107,-0.1905,0.0021,0.0122,1.0468,-0.0397,1.5807,0.000217,0.0001,0.0
21.68,FLIGHT,0.9686,1.552,0.1168,0.1457,0.116,0.1424,-0.0107,-0.1904,0.0024,0.0118,1.0473,-0.0399,1.581,0.000217,0.0,0.0
21.685,FLIGHT,0.9692,1.5527,0.1158,0.142,0.1149,0.1388,-0.0107,-0.1904,0.0027,0.0115,1.0478,-0.04,1.5812,0.000217,0.0,0.0
21.69,FLIGHT,0.9698,1.5533,0.1148,0.1385,0.1138,0.1354,-0.0106,-0.1903,0.003,0.0112,1.0482,-0.0402,1.5814,0.000218,0.0,0.0
21.695,FLIGHT,0.9703,1.554,0.1136,0.1351,0.1125,0.1321,-0.0106,-0.1903,0.0032,0.0109,1.0487,-0.0404,1.5817,0.000218,0.0,0.0
21.7,FLIGHT,0.9709,1.5547,0.1124,0.1318,0.1112,0.1289,-0.0106,-0.1902,0.0034,0.0107,1.049,-0.0405,1.5819,0.000218,0.0,0.0
21.705,FLIGHT,0.9714,1.5553,0.111,0.1287,0.1098,0.1258,-0.0106,-0.1902,0.0036,0.0104,1.0494,-0.0407,1.5822,0.000218,-0.0,0.0
21.71,FLIGHT,0.972,1.5559,0.1097,0.1256,0.1084,0.1228,-0.0106,-0.1901,0.0038,0.0101,1.0498,-0.0409,1.5824,0.000218,-0.0,0.0
21.715,FLIGHT,0.9725,1.5565,0.1083,0.1226,0.107,0.1199,-0.0106,-0.1901,0.0039,0.0099,1.0501,-0.041,1.5826,0.000218,-0.0,0.0
21.72,FLIGHT,0.9731,1.5571,0.1068,0.1196,0.1055,0.1171,-0.0105,-0.19,0.004,0.0096,1.0504,-0.0412,1.5829,0.000218,-0.0,0.0
21.725,FLIGHT,0.9736,1.5577,0.1054,0.1168,0.104,0.1143,-0.0105,-0.19,0.0041,0.0094,1.0506,-0.0414,1.5831,0.000217,-0.0,0.0
21.73,FLIGHT,0.9741,1.5583,0.1039,0.114,0.1026,0.1116,-0.0105,-0.1899,0.0042,0.0092,1.0509,-0.0415,1.5833,0.000217,-0.0,0.0
21.735,FLIGHT,0.9746,1.5588,0.1024,0.1114,0.1011,0.109,-0.0105,-0.1899,0.0043,0.0089,1.0511,-0.0417,1.5835,0.000217,-0.0,0.0
21.74,FLIGHT,0.9751,1.5594,0.1009,0.1088,0.0996,0.1064,-0.0104,-0.1898,0.0044,0.0087,1.0513,-0.0418,1.5837,0.000217,-0.0,0.0
21.745,FLIGHT,0.9756,1.5599,0.0994,0.1062,0.0981,0.104,-0.0104,-0.1898,0.0044,0.0085,1.0514,-0.042,1.584,0.000217,-0.0,0.0
21.75,FLIGHT,0.9761,1.5604,0.0979,0.1037,0.0966,0.1016,-0.0104,-0.1898,0.0045,0.0083,1.0516,-0.0422,1.5842,0.000217,-0.0,0.0
21.755,FLIGHT,0.9766,1.5609,0.0964,0.1013,0.0951,0.0992,-0.0104,-0.1897,0.0045,0.0081,1.0517,-0.0423,1.5844,0.000217,-0.0,0.0
21.76,FLIGHT,0.977,1.5614,0.095,0.099,0.0937,0.0969,-0.0104,-0.1897,0.0046,0.0079,1.0518,-0.0425,1.5846,0.000216,-0.0,0.0
21.765,FLIGHT,0.9775,1.5619,0.0935,0.0967,0.0922,0.0947,-0.0103,-0.1896,0.0046,0.0077,1.0519,-0.0426,1.5848,0.000216,-0.0,0.0
21.77,FLIGHT,0.978,1.5623,0.0921,0.0945,0.0908,0.0925,-0.0103,-0.1896,0.0046,0.0075,1.0519,-0.0428,1.585,0.000216,-0.0,0.0
21.775,FLIGHT,0.9784,1.5628,0.0907,0.0923,0.0894,0.0904,-0.0103,-0.1896,0.0046,0.0074,1.052,-0.0429,1.5851,0.000216,-0.0,0.0
21.78,FLIGHT,0.9789,1.5632,0.0892,0.0902,0.088,0.0883,-0.0103,-0.1895,0.0046,0.0072,1.052,-0.0431,1.5853,0.000216,-0.0,0.0
21.785,FLIGHT,0.9793,1.5637,0.0879,0.0882,0.0866,0.0863,-0.0102,-0.1895,0.0047,0.007,1.0519,-0.0432,1.5855,0.000215,-0.0,0.0
21.79,FLIGHT,0.9797,1.5641,0.0865,0.0862,0.0853,0.0844,-0.0102,-0.1895,0.0047,0.0069,1.0519,-0.0434,1.5857,0.000215,-0.0,0.0
21.795,FLIGHT,0.9801,1.5645,0.0851,0.0842,0.0839,0.0825,-0.0102,-0.1894,0.0047,0.0067,1.0518,-0.0435,1.5859,0.000215,-0.0,0.0
21.8,FLIGHT,0.9806,1.5649,0.0838,0.0823,0.0826,0.0806,-0.0102,-0.1894,0.0047,0.0065,1.0517,-0.0436,1.586,0.000215,-0.0,0.0
21.805,FLIGHT,0.981,1.5653,0.0825,0.0804,0.0813,0.0788,-0.0101,-0.1894,0.0047,0.0064,1.0516,-0.0438,1.5862,0.000215,-0.0,0.0
21.81,FLIGHT,0.9814,1.5657,0.0812,0.0786,0.0801,0.077,-0.0101,-0.1893,0.0047,0.0062,1.0515,-0.0439,1.5864,0.000215,-0.0,0.0
21.815,FLIGHT,0.9818,1.5661,0.0799,0.0769,0.0788,0.0753,-0.0101,-0.1893,0.0047,0.0061,1.0513,-0.044,1.5865,0.000214,-0.0,0.0
21.82,FLIGHT,0.9822,1.5665,0.0787,0.0751,0.0776,0.0736,-0.0101,-0.1893,0.0047,0.006,1.0512,-0.0442,1.5867,0.000214,-0.0,0.0
21.825,FLIGHT,0.9825,1.5668,0.0774,0.0735,0.0764,0.072,-0.0101,-0.1892,0.0047,0.0058,1.051,-0.0443,1.5869,0.000214,-0.0,0.0
21.83,FLIGHT,0.9829,1.5672,0.0762,0.0718,0.0752,0.0704,-0.01,-0.1892,0.0047,0.0057,1.0507,-0.0444,1.587,0.000214,-0.0,0.0
21.835,FLIGHT,0.9833,1.5675,0.075,0.0702,0.074,0.0688,-0.01,-0.1892,0.0046,0.0056,1.0505,-0.0446,1.5872,0.000214,-0.0,0.0
21.84,FLIGHT,0.9837,1.5679,0.0739,0.0687,0.0728,0.0673,-0.01,-0.1892,0.0046,0.0054,1.0502,-0.0447,1.5873,0.000214,-0.0,0.0
21.845,FLIGHT,0.984,1.5682,0.0727,0.0672,0.0717,0.0658,-0.01,-0.1891,0.0046,0.0053,1.05,-0.0448,1.5875,0.000214,-0.0,0.0
21.85,FLIGHT,0.9844,1.5685,0.0716,0.0657,0.0706,0.0644,-0.0099,-0.1891,0.0046,0.0052,1.0497,-0.0449,1.5876,0.000213,-0.0,0.0
21.855,FLIGHT,0.9847,1.5688,0.0705,0.0642,0.0695,0.063,-0.0099,-0.1891,0.0046,0.0051,1.0493,-0.045,1.5878,0.000213,-0.0,0.0
21.86,FLIGHT,0.9851,1.5692,0.0694,0.0628,0.0684,0.0616,-0.0099,-0.1891,0.0046,0.005,1.049,-0.0452,1.5879,0.000213,-0.0,0.0
21.865,FLIGHT,0.9854,1.5695,0.0683,0.0615,0.0673,0.0603,-0.0099,-0.189,0.0046,0.0049,1.0486,-0.0453,1.5881,0.000213,-0.0,0.0
21.87,FLIGHT,0.9858,1.5698,0.0672,0.0601,0.0663,0.059,-0.0098,-0.189,0.0045,0.0047,1.0482,-0.0454,1.5882,0.000213,-0.0,0.0
21.875,FLIGHT,0.9861,1.5701,0.0662,0.0588,0.0653,0.0577,-0.0098,-0.189,0.0045,0.0046,1.0478,-0.0455,1.5883,0.000213,-0.0,0.0
21.88,FLIGHT,0.9864,1.5703,0.0652,0.0576,0.0643,0.0564,-0.0098,-0.189,0.0045,0.0045,1.0474,-0.0456,1.5885,0.000213,-0.0,0.0
21.885,FLIGHT,0.9867,1.5706,0.0642,0.0563,0.0633,0.0552,-0.0098,-0.1889,0.0045,0.0044,1.047,-0.0457,1.5886,0.000213,-0.0,0.0
21.89,FLIGHT,0.987,1.5709,0.0632,0.0551,0.0623,0.0541,-0.0098,-0.1889,0.0044,0.0043,1.0465,-0.0458,1.5887,0.000213,-0.0,0.0
21.895,FLIGHT,0.9873,1.5712,0.0622,0.054,0.0613,0.0529,-0.0097,-0.1889,0.0044,0.0042,1.046,-0.0459,1.5888,0.000213,-0.0,0.0
21.9,FLIGHT,0.9876,1.5714,0.0612,0.0528,0.0604,0.0518,-0.0097,-0.1889,0.0044,0.0041,1.0455,-0.0461,1.589,0.000212,-0.0,0.0
21.905,FLIGHT,0.9879,1.5717,0.0603,0.0517,0.0594,0.0507,-0.0097,-0.1889,0.0044,0.0041,1.045,-0.0462,1.5891,0.000212,-0.0,0.0
21.91,FLIGHT,0.9882,1.5719,0.0593,0.0506,0.0585,0.0496,-0.0097,-0.1888,0.0043,0.004,1.0445,-0.0463,1.5892,0.000212,-0.0,0.0
21.915,FLIGHT,0.9885,1.5722,0.0584,0.0495,0.0576,0.0486,-0.0097,-0.1888,0.0043,0.0039,1.0439,-0.0464,1.5893,0.000212,-0.0,0.0
21.92,FLIGHT,0.9888,1.5724,0.0575,0.0485,0.0567,0.0476,-0.0096,-0.1888,0.0043,0.0038,1.0433,-0.0465,1.5895,0.000212,-0.0,0.0
21.925,FLIGHT,0.9891,1.5727,0.0566,0.0475,0.0558,0.0466,-0.0096,-0.1888,0.0042,0.0037,1.0427,-0.0466,1.5896,0.000212,-0.0,0.0
21.93,FLIGHT,0.9894,1.5729,0.0557,0.0465,0.0549,0.0456,-0.0096,-0.1888,0.0042,0.0036,1.0421,-0.0467,1.5897,0.000212,-0.0,0.0
21.935,FLIGHT,0.9897,1.5731,0.0549,0.0456,0.0541,0.0447,-0.0096,-0.1887,0.0042,0.0036,1.0415,-0.0468,1.5898,0.000212,-0.0,0.0
21.94,FLIGHT,0.9899,1.5733,0.054,0.0446,0.0532,0.0438,-0.0095,-0.1887,0.0041,0.0035,1.0408,-0.0469,1.5899,0.000212,-0.0,0.0
21.945,FLIGHT,0.9902,1.5735,0.0532,0.0437,0.0524,0.0429,-0.0095,-0.1887,0.0041,0.0034,1.0402,-0.047,1.59,0.000212,-0.0,0.0
21.95,FLIGHT,0.9904,1.5738,0.0523,0.0428,0.0516,0.042,-0.0095,-0.1887,0.004,0.0033,1.0395,-0.0471,1.5901,0.000212,-0.0,0.0
21.955,FLIGHT,0.9907,1.574,0.0515,0.042,0.0508,0.0412,-0.0095,-0.1887,0.004,0.0033,1.0388,-0.0472,1.5902,0.000212,-0.0,0.0
21.96,FLIGHT,0.991,1.5742,0.0507,0.0411,0.05,0.0404,-0.0095,-0.1887,0.004,0.0032,1.0381,-0.0473,1.5903,0.000212,-0.0,0.0
21.965,FLIGHT,0.9912,1.5744,0.0499,0.0403,0.0492,0.0396,-0.0094,-0.1887,0.0039,0.0031,1.0373,-0.0474,1.5904,0.000212,-0.0,0.0
21.97,FLIGHT,0.9914,1.5746,0.0491,0.0395,0.0484,0.0388,-0.0094,-0.1886,0.0039,0.0031,1.0366,-0.0475,1.5905,0.000212,-0.0,0.0
21.975,FLIGHT,0.9917,1.5748,0.0483,0.0387,0.0476,0.038,-0.0094,-0.1886,0.0038,0.003,1.0358,-0.0476,1.5907,0.000212,-0.0,0.0
21.98,FLIGHT,0.9919,1.5749,0.0475,0.038,0.0469,0.0373,-0.0094,-0.1886,0.0038,0.003,1.035,-0.0477,1.5908,0.000212,-0.0,0.0
21.985,FLIGHT,0.9922,1.5751,0.0468,0.0372,0.0461,0.0366,-0.0094,-0.1886,0.0038,0.0029,1.0342,-0.0477,1.5909,0.000212,-0.0,0.0
21.99,FLIGHT,0.9924,1.5753,0.046,0.0365,0.0454,0.0359,-0.0094,-0.1886,0.0037,0.0028,1.0334,-0.0478,1.5909,0.000212,-0.0,0.0
21.995,FLIGHT,0.9926,1.5755,0.0453,0.0358,0.0446,0.0352,-0.0093,-0.1886,0.0037,0.0028,1.0325,-0.0479,1.591,0.000212,-0.0,0.0
22.0,FLIGHT,0.9928,1.5757,0.0446,0.0351,0.0439,0.0345,-0.0093,-0.1886,0.0036,0.0027,1.0317,-0.048,1.5911,0.000212,-0.0,0.0
22.005,FLIGHT,0.993,1.5758,0.0438,0.0344,0.0432,0.0338,-0.0093,-0.1885,0.0036,0.0027,1.0308,-0.0481,1.5912,0.000212,-0.0,0.0
22.01,FLIGHT,0.9933,1.576,0.0431,0.0338,0.0425,0.0332,-0.0093,-0.1885,0.0035,0.0026,1.0299,-0.0482,1.5913,0.000212,-0.0,0.0
22.015,FLIGHT,0.9935,1.5762,0.0424,0.0331,0.0418,0.0326,-0.0093,-0.1885,0.0035,0.0026,1.029,-0.0483,1.5914,0.000212,-0.0,0.0
22.02,FLIGHT,0.9937,1.5763,0.0417,0.0325,0.0411,0.032,-0.0092,-0.1885,0.0034,0.0025,1.0281,-0.0484,1.5915,0.000212,-0.0,0.0
22.025,FLIGHT,0.9939,1.5765,0.041,0.0319,0.0404,0.0314,-0.0092,-0.1885,0.0034,0.0025,1.0272,-0.0485,1.5916,0.000211,-0.0,0.0
22.03,FLIGHT,0.9941,1.5766,0.0403,0.0313,0.0397,0.0308,-0.0092,-0.1885,0.0033,0.0024,1.0262,-0.0486,1.5917,0.000211,-0.0,0.0
22.035,FLIGHT,0.9943,1.5768,0.0396,0.0308,0.039,0.0303,-0.0092,-0.1885,0.0033,0.0024,1.0253,-0.0486,1.5918,0.000211,-0.0,0.0
22.04,FLIGHT,0.9945,1.5769,0.0389,0.0302,0.0383,0.0297,-0.0092,-0.1885,0.0032,0.0024,1.0243,-0.0487,1.5919,0.000211,0.0,0.0
22.045,FLIGHT,0.9947,1.5771,0.0383,0.0297,0.0377,0.0292,-0.0092,-0.1884,0.0032,0.0023,1.0233,-0.0488,1.592,0.000211,0.0,0.0
22.05,FLIGHT,0.9948,1.5772,0.0376,0.0291,0.037,0.0287,-0.0091,-0.1884,0.0031,0.0023,1.0223,-0.0489,1.592,0.000211,0.0,0.0
22.055,FLIGHT,0.995,1.5774,0.037,0.0286,0.0364,0.0282,-0.0091,-0.1884,0.0031,0.0022,1.0213,-0.049,1.5921,0.000212,0.0,0.0
22.06,FLIGHT,0.9952,1.5775,0.0363,0.0281,0.0357,0.0277,-0.0091,-0.1884,0.003,0.0022,1.0202,-0.0491,1.5922,0.000212,0.0,0.0
22.065,FLIGHT,0.9954,1.5777,0.0357,0.0276,0.0351,0.0272,-0.0091,-0.1884,0.003,0.0022,1.0192,-0.0492,1.5923,0.000212,0.0,0.0
22.07,FLIGHT,0.9956,1.5778,0.035,0.0271,0.0344,0.0267,-0.0091,-0.1884,0.0029,0.0021,1.0181,-0.0493,1.5924,0.000212,0.0,0.0
22.075,FLIGHT,0.9957,1.5779,0.0344,0.0267,0.0338,0.0263,-0.0091,-0.1884,0.0028,0.0021,1.017,-0.0493,1.5925,0.000212,0.0,0.0
22.08,FLIGHT,0.9959,1.5781,0.0338,0.0262,0.0332,0.0258,-0.0091,-0.1884,0.0028,0.002,1.016,-0.0494,1.5925,0.000212,0.0,0.0
22.085,FLIGHT,0.9961,1.5782,0.0331,0.0258,0.0326,0.0254,-0.009,-0.1884,0.0027,0.002,1.0148,-0.0495,1.5926,0.000212,0.0,0.0
22.09,FLIGHT,0.9962,1.5783,0.0325,0.0253,0.032,0.025,-0.009,-0.1883,0.0027,0.002,1.0137,-0.0496,1.5927,0.000212,0.0,0.0
22.095,FLIGHT,0.9964,1.5784,0.0319,0.0249,0.0313,0.0245,-0.009,-0.1883,0.0026,0.0019,1.0126,-0.0497,1.5928,0.000212,0.0,0.0
22.1,FLIGHT,0.9965,1.5786,0.0313,0.0245,0.0307,0.0241,-0.009,-0.1883,0.0026,0.0019,1.0114,-0.0498,1.5929,0.000212,0.0,0.0
22.105,FLIGHT,0.9967,1.5787,0.0307,0.0241,0.0301,0.0238,-0.009,-0.1883,0.0025,0.0019,1.0103,-0.0498,1.5929,0.000212,0.0,0.0
22.11,FLIGHT,0.9968,1.5788,0.0301,0.0237,0.0295,0.0234,-0.009,-0.1883,0.0024,0.0019,1.0091,-0.0499,1.593,0.000212,0.0,0.0
22.115,FLIGHT,0.997,1.5789,0.0295,0.0233,0.0289,0.023,-0.009,-0.1883,0.0024,0.0018,1.0079,-0.05,1.5931,0.000212,0.0,0.0
22.12,FLIGHT,0.9971,1.579,0.0289,0.023,0.0283,0.0226,-0.009,-0.1883,0.0023,0.0018,1.0067,-0.0501,1.5932,0.000212,0.0,0.0
22.125,FLIGHT,0.9973,1.5791,0.0283,0.0226,0.0278,0.0223,-0.009,-0.1883,0.0022,0.0018,1.0055,-0.0502,1.5932,0.000212,0.0,0.0
22.13,FLIGHT,0.9974,1.5792,0.0277,0.0223,0.0272,0.0219,-0.0089,-0.1883,0.0022,0.0017,1.0043,-0.0502,1.5933,0.000212,0.0,0.0
22.135,FLIGHT,0.9975,1.5793,0.0271,0.0219,0.0266,0.0216,-0.0089,-0.1883,0.0021,0.0017,1.0031,-0.0503,1.5934,0.000212,0.0,0.0
22.14,FLIGHT,0.9977,1.5795,0.0265,0.0216,0.026,0.0213,-0.0089,-0.1883,0.0021,0.0017,1.0018,-0.0504,1.5935,0.000212,0.0,0.0
22.145,FLIGHT,0.9978,1.5796,0.0259,0.0212,0.0254,0.021,-0.0089,-0.1882,0.002,0.0017,1.0006,-0.0505,1.5935,0.000212,0.0,0.0
22.15,STANCE,0.998,1.5798,0.0337,0.0432,0.125,0.2854,-0.0089,-0.1882,0.0005,0.0036,0.9993,0.1096,-0.0397,0.000157,-0.1312,0.0262
22.155,STANCE,1.003,1.5792,0.824,-0.1584,2.1363,-1.0661,-0.0079,-0.1883,0.1768,-0.0206,0.9984,-0.2861,-0.5292,-0.001716,-0.5412,0.1099
22.16,STANCE,1.0073,1.5775,0.7283,-0.2093,0.0916,0.1397,-0.0068,-0.1885,0.166,-0.0234,0.9981,-0.5043,-1.0952,-0.003007,-0.0789,0.0188
22.165,STANCE,1.0075,1.5782,0.2574,0.0192,0.1064,0.0129,-0.0069,-0.1884,0.0459,-0.0001,0.9982,-0.6254,-1.7404,-0.003102,0.0206,0.0031
22.17,STANCE,1.009,1.5769,0.3224,-0.2057,0.541,-0.5676,-0.0064,-0.1886,0.0891,-0.0201,0.9984,-0.9843,-2.0732,-0.002878,0.0655,0.0029
22.175,STANCE,1.0125,1.5697,0.5842,-1.1518,0.8099,-1.7256,-0.0048,-0.1892,0.2699,-0.1021,0.9983,-1.4288,-1.8964,-0.002303,0.118,0.0023
22.18,STANCE,1.0175,1.5618,0.9021,-1.471,1.5438,-2.1659,-0.0027,-0.1899,0.3765,-0.1266,0.9985,-1.8319,-1.7668,-0.002005,-0.0192,0.0058
22.185,STANCE,1.0256,1.5464,1.3625,-2.5485,1.255,-2.4026,0.001,-0.1912,0.6208,-0.2054,0.9984,-2.249,-1.0679,-0.001983,0.0238,0.002
22.19,STANCE,1.0316,1.5348,1.241,-2.3889,0.9627,-2.5187,0.0038,-0.1921,0.5795,-0.1831,0.9987,-2.2249,-0.7738,-0.001976,0.031,0.002
22.195,STANCE,1.0346,1.5219,0.8007,-2.4563,0.4495,-2.093,0.0062,-0.1931,0.5084,-0.1825,0.9989,-1.881,-0.307,-0.001616,0.0588,0.0016
22.2,STANCE,1.0352,1.5109,0.3171,-2.2374,-0.0466,-1.98,0.0079,-0.1939,0.3857,-0.1645,0.9994,-1.3426,0.0567,-0.001087,0.1082,0.0011
22.205,STANCE,1.0341,1.5001,-0.0355,-2.1715,-0.1566,-1.9655,0.0093,-0.1947,0.3093,-0.1594,0.9999,-0.7606,0.4628,-0.000413,0.1146,0.0004
22.21,STANCE,1.0332,1.4891,-0.1307,-2.1941,-0.1541,-2.3376,0.0107,-0.1955,0.2956,-0.1589,1.0004,-0.2864,0.8368,0.000227,0.0995,0.0
22.215,STANCE,1.0324,1.4763,-0.1305,-2.4165,-0.0381,-2.425,0.0124,-0.1964,0.3301,-0.1708,1.0008,0.0255,1.1653,0.000628,0.0615,0.0
22.22,FLIGHT,1.0323,1.4649,-0.069,-2.2905,-0.3722,-1.3157,0.0141,-0.1972,0.3254,-0.1575,1.0014,-1.1082,2.4442,0.000852,0.0303,0.0
22.225,FLIGHT,1.0258,1.4683,-0.9902,-0.0805,-2.0312,2.1859,0.0123,-0.1971,-0.1833,-0.0178,1.0031,-0.6696,2.0597,0.000954,0.0119,0.0
22.23,FLIGHT,1.0143,1.4815,-1.8942,1.7741,-2.3698,2.674,0.0081,-0.1963,-0.63,0.1149,1.0053,-0.1374,1.6123,0.000981,-0.0007,0.0001
22.235,FLIGHT,1.0036,1.4925,-2.0261,1.9985,-1.841,1.6477,0.0044,-0.1955,-0.6837,0.144,1.0072,0.0551,1.4603,0.000953,-0.0097,0.0019
22.24,FLIGHT,0.996,1.4982,-1.6541,1.3726,-1.2463,0.7466,0.0021,-0.1951,-0.5188,0.1042,1.0087,0.0004,1.5172,0.000888,-0.0162,0.0032
22.245,FLIGHT,0.9907,1.501,-1.2384,0.8114,-0.9301,0.4704,0.0007,-0.1949,-0.3567,0.0638,1.0101,-0.0943,1.6028,0.000801,-0.0182,0.0036
22.25,FLIGHT,0.9863,1.5035,-0.9837,0.6076,-0.8284,0.5566,-0.0005,-0.1947,-0.2776,0.0495,1.0115,-0.1288,1.6335,0.00071,-0.0179,0.0036
22.255,FLIGHT,0.9823,1.5066,-0.8598,0.6195,-0.7783,0.6607,-0.0018,-0.1944,-0.2546,0.0521,1.013,-0.1116,1.6198,0.000624,-0.0165,0.0033
22.26,FLIGHT,0.9786,1.5099,-0.7746,0.6506,-0.6968,0.6548,-0.0029,-0.1941,-0.2418,0.056,1.0144,-0.0834,1.5976,0.000546,-0.0147,0.0029
22.265,FLIGHT,0.9754,1.513,-0.6794,0.6245,-0.5873,0.5778,-0.004,-0.1939,-0.2191,0.0549,1.0158,-0.0671,1.586,0.000477,-0.0128,0.0026
22.27,FLIGHT,0.9727,1.5157,-0.5739,0.5605,-0.4798,0.499,-0.0049,-0.1936,-0.1893,0.05,1.0172,-0.0627,1.5846,0.000418,-0.0109,0.0022
22.275,FLIGHT,0.9706,1.5181,-0.4743,0.4973,-0.3914,0.448,-0.0056,-0.1934,-0.1609,0.0449,1.0185,-0.0623,1.5861,0.000368,-0.0091,0.0018
22.28,FLIGHT,0.9688,1.5202,-0.3899,0.4518,-0.3215,0.4189,-0.0063,-0.1932,-0.1381,0.041,1.0198,-0.0607,1.5863,0.000327,-0.0074,0.0015
22.285,FLIGHT,0.9673,1.5223,-0.3202,0.4208,-0.2631,0.3969,-0.0069,-0.193,-0.1201,0.0383,1.0211,-0.0574,1.5848,0.000294,-0.0059,0.0012
22.29,FLIGHT,0.9661,1.5242,-0.2608,0.3958,-0.211,0.3744,-0.0073,-0.1929,-0.105,0.0361,1.0223,-0.0537,1.5829,0.000268,-0.0046,0.0009
22.295,FLIGHT,0.9652,1.526,-0.2083,0.3722,-0.164,0.3513,-0.0078,-0.1927,-0.0915,0.0339,1.0235,-0.0508,1.5814,0.000247,-0.0036,0.0007
22.3,FLIGHT,0.9645,1.5277,-0.1616,0.3494,-0.1223,0.3297,-0.0081,-0.1925,-0.0793,0.0317,1.0247,-0.0486,1.5806,0.000232,-0.0027,0.0005
22.305,FLIGHT,0.964,1.5293,-0.1205,0.3286,-0.0862,0.3111,-0.0085,-0.1924,-0.0684,0.0297,1.0259,-0.047,1.5801,0.00022,-0.002,0.0004
22.31,FLIGHT,0.9636,1.5308,-0.0848,0.3103,-0.0551,0.2951,-0.0087,-0.1923,-0.059,0.0279,1.027,-0.0456,1.5797,0.000211,-0.0014,0.0003
22.315,FLIGHT,0.9634,1.5323,-0.054,0.2944,-0.0285,0.281,-0.009,-0.1921,-0.0508,0.0263,1.0281,-0.0443,1.5793,0.000206,-0.001,0.0002
22.32,FLIGHT,0.9633,1.5336,-0.0275,0.2802,-0.0054,0.2682,-0.0092,-0.192,-0.0437,0.0249,1.0292,-0.0432,1.579,0.000202,-0.0006,0.0001
22.325,FLIGHT,0.9634,1.535,-0.0046,0.2674,0.0144,0.2564,-0.0094,-0.1919,-0.0375,0.0236,1.0302,-0.0423,1.5788,0.000199,-0.0003,0.0001
22.33,FLIGHT,0.9635,1.5362,0.0151,0.2557,0.0315,0.2456,-0.0095,-0.1918,-0.0321,0.0224,1.0312,-0.0416,1.5786,0.000198,-0.0001,0.0
22.335,FLIGHT,0.9637,1.5374,0.0321,0.245,0.0461,0.2358,-0.0096,-0.1917,-0.0274,0.0214,1.0322,-0.041,1.5786,0.000198,0.0,0.0
22.34,FLIGHT,0.9639,1.5386,0.0465,0.2352,0.0584,0.2268,-0.0097,-0.1916,-0.0233,0.0204,1.0332,-0.0405,1.5786,0.000198,0.0001,0.0
22.345,FLIGHT,0.9642,1.5397,0.0588,0.2262,0.0689,0.2185,-0.0098,-0.1915,-0.0197,0.0195,1.0341,-0.0401,1.5786,0.000199,0.0002,0.0
22.35,FLIGHT,0.9646,1.5408,0.0692,0.2179,0.0777,0.2108,-0.0099,-0.1914,-0.0165,0.0187,1.035,-0.0398,1.5787,0.0002,0.0002,0.0
22.355,FLIGHT,0.965,1.5418,0.078,0.2103,0.0851,0.2037,-0.01,-0.1913,-0.0138,0.0179,1.0358,-0.0396,1.5788,0.000202,0.0003,0.0
22.36,FLIGHT,0.9655,1.5428,0.0853,0.2032,0.0912,0.197,-0.01,-0.1912,-0.0114,0.0172,1.0367,-0.0394,1.5789,0.000203,0.0003,0.0
22.365,FLIGHT,0.9659,1.5438,0.0913,0.1965,0.0962,0.1907,-0.0101,-0.1911,-0.0094,0.0166,1.0375,-0.0393,1.5791,0.000204,0.0003,0.0
22.37,FLIGHT,0.9664,1.5447,0.0963,0.1903,0.1003,0.1849,-0.0101,-0.1911,-0.0076,0.016,1.0383,-0.0392,1.5792,0.000206,0.0003,0.0
22.375,FLIGHT,0.9669,1.5456,0.1003,0.1844,0.1036,0.1793,-0.0101,-0.191,-0.006,0.0154,1.039,-0.0392,1.5794,0.000207,0.0003,0.0
22.38,FLIGHT,0.9675,1.5465,0.1036,0.1789,0.1061,0.1741,-0.0102,-0.1909,-0.0046,0.0149,1.0398,-0.0392,1.5796,0.000208,0.0002,0.0
22.385,FLIGHT,0.968,1.5474,0.1061,0.1736,0.108,0.1691,-0.0102,-0.1908,-0.0034,0.0144,1.0405,-0.0392,1.5798,0.00021,0.0002,0.0
22.39,FLIGHT,0.9685,1.5482,0.108,0.1687,0.1094,0.1643,-0.0102,-0.1908,-0.0024,0.014,1.0411,-0.0393,1.5801,0.000211,0.0002,0.0
22.395,FLIGHT,0.9691,1.549,0.1094,0.164,0.1104,0.1598,-0.0102,-0.1907,-0.0015,0.0135,1.0418,-0.0394,1.5803,0.000212,0.0002,0.0
22.4,FLIGHT,0.9696,1.5498,0.1103,0.1595,0.1109,0.1555,-0.0102,-0.1906,-0.0007,0.0131,1.0424,-0.0395,1.5805,0.000212,0.0002,0.0
22.405,FLIGHT,0.9702,1.5506,0.1108,0.1552,0.1111,0.1514,-0.0102,-0.1906,-0.0,0.0127,1.043,-0.0396,1.5807,0.000213,0.0001,0.0
22.41,FLIGHT,0.9707,1.5513,0.111,0.151,0.1111,0.1474,-0.0102,-0.1905,0.0006,0.0124,1.0436,-0.0397,1.581,0.000214,0.0001,0.0
22.415,FLIGHT,0.9713,1.552,0.111,0.1471,0.1108,0.1436,-0.0102,-0.1905,0.0011,0.012,1.0441,-0.0398,1.5812,0.000214,0.0001,0.0
22.42,FLIGHT,0.9719,1.5527,0.1106,0.1433,0.1103,0.1399,-0.0102,-0.1904,0.0015,0.0117,1.0446,-0.0399,1.5815,0.000215,0.0001,0.0
22.425,FLIGHT,0.9724,1.5534,0.1101,0.1396,0.1096,0.1364,-0.0102,-0.1903,0.0019,0.0114,1.0451,-0.0401,1.5817,0.000215,0.0001,0.0
22.43,FLIGHT,0.973,1.5541,0.1094,0.1361,0.1087,0.133,-0.0101,-0.1903,0.0023,0.0111,1.0456,-0.0402,1.5819,0.000215,0.0001,0.0
22.435,FLIGHT,0.9735,1.5548,0.1086,0.1327,0.1078,0.1297,-0.0101,-0.1902,0.0026,0.0108,1.046,-0.0404,1.5822,0.000216,0.0,0.0
22.44,FLIGHT,0.974,1.5554,0.1076,0.1294,0.1067,0.1265,-0.0101,-0.1902,0.0028,0.0105,1.0464,-0.0405,1.5824,0.000216,0.0,0.0
22.445,FLIGHT,0.9746,1.556,0.1066,0.1262,0.1056,0.1234,-0.0101,-0.1901,0.0031,0.0102,1.0468,-0.0407,1.5826,0.000216,0.0,0.0
22.45,FLIGHT,0.9751,1.5566,0.1055,0.1231,0.1044,0.1204,-0.0101,-0.1901,0.0033,0.01,1.0471,-0.0408,1.5828,0.000216,0.0,0.0
22.455,FLIGHT,0.9756,1.5572,0.1042,0.1202,0.1031,0.1175,-0.0101,-0.19,0.0034,0.0097,1.0475,-0.041,1.5831,0.000216,0.0,0.0
22.46,FLIGHT,0.9761,1.5578,0.103,0.1173,0.1018,0.1147,-0.01,-0.19,0.0036,0.0095,1.0478,-0.0412,1.5833,0.000216,-0.0,0.0
22.465,FLIGHT,0.9766,1.5584,0.1017,0.1144,0.1005,0.112,-0.01,-0.1899,0.0037,0.0092,1.048,-0.0413,1.5835,0.000216,-0.0,0.0
22.47,FLIGHT,0.9771,1.5589,0.1004,0.1117,0.0991,0.1093,-0.01,-0.1899,0.0038,0.009,1.0483,-0.0415,1.5837,0.000216,-0.0,0.0
22.475,FLIGHT,0.9776,1.5595,0.099,0.1091,0.0978,0.1067,-0.01,-0.1899,0.0039,0.0088,1.0485,-0.0416,1.5839,0.000216,-0.0,0.0
22.48,FLIGHT,0.9781,1.56,0.0976,0.1065,0.0964,0.1042,-0.01,-0.1898,0.004,0.0086,1.0487,-0.0418,1.5841,0.000216,-0.0,0.0
22.485,FLIGHT,0.9786,1.5605,0.0962,0.104,0.095,0.1018,-0.0099,-0.1898,0.0041,0.0084,1.0489,-0.0419,1.5843,0.000216,-0.0,0.0
22.49,FLIGHT,0.979,1.561,0.0948,0.1016,0.0936,0.0994,-0.0099,-0.1897,0.0042,0.0082,1.0491,-0.0421,1.5845,0.000215,-0.0,0.0
22.495,FLIGHT,0.9795,1.5615,0.0935,0.0992,0.0922,0.0971,-0.0099,-0.1897,0.0042,0.008,1.0492,-0.0422,1.5847,0.000215,-0.0,0.0
22.5,FLIGHT,0.98,1.562,0.0921,0.0969,0.0908,0.0948,-0.0099,-0.1897,0.0043,0.0078,1.0493,-0.0424,1.5849,0.000215,-0.0,0.0
22.505,FLIGHT,0.9804,1.5625,0.0907,0.0946,0.0895,0.0926,-0.0099,-0.1896,0.0043,0.0076,1.0494,-0.0425,1.5851,0.000215,-0.0,0.0
22.51,FLIGHT,0.9809,1.5629,0.0893,0.0924,0.0881,0.0905,-0.0098,-0.1896,0.0043,0.0074,1.0495,-0.0427,1.5853,0.000215,-0.0,0.0
22.515,FLIGHT,0.9813,1.5634,0.088,0.0903,0.0867,0.0884,-0.0098,-0.1895,0.0044,0.0072,1.0495,-0.0428,1.5855,0.000215,-0.0,0.0
22.52,FLIGHT,0.9817,1.5638,0.0866,0.0882,0.0854,0.0864,-0.0098,-0.1895,0.0044,0.0071,1.0495,-0.043,1.5857,0.000215,-0.0,0.0
22.525,FLIGHT,0.9822,1.5642,0.0853,0.0862,0.0841,0.0844,-0.0098,-0.1895,0.0044,0.0069,1.0495,-0.0431,1.5858,0.000214,-0.0,0.0
22.53,FLIGHT,0.9826,1.5646,0.0839,0.0843,0.0828,0.0825,-0.0098,-0.1894,0.0044,0.0067,1.0495,-0.0433,1.586,0.000214,-0.0,0.0
22.535,FLIGHT,0.983,1.565,0.0826,0.0823,0.0815,0.0806,-0.0097,-0.1894,0.0044,0.0066,1.0494,-0.0434,1.5862,0.000214,-0.0,0.0
22.54,FLIGHT,0.9834,1.5654,0.0814,0.0805,0.0802,0.0788,-0.0097,-0.1894,0.0044,0.0064,1.0493,-0.0435,1.5864,0.000214,-0.0,0.0
22.545,FLIGHT,0.9838,1.5658,0.0801,0.0786,0.079,0.077,-0.0097,-0.1893,0.0045,0.0063,1.0493,-0.0437,1.5865,0.000214,-0.0,0.0
22.55,FLIGHT,0.9842,1.5662,0.0788,0.0769,0.0777,0.0753,-0.0097,-0.1893,0.0045,0.0061,1.0491,-0.0438,1.5867,0.000214,-0.0,0.0
22.555,FLIGHT,0.9846,1.5666,0.0776,0.0751,0.0765,0.0736,-0.0096,-0.1893,0.0045,0.006,1.049,-0.0439,1.5869,0.000213,-0.0,0.0
22.56,FLIGHT,0.9849,1.567,0.0764,0.0735,0.0753,0.072,-0.0096,-0.1893,0.0045,0.0058,1.0488,-0.0441,1.587,0.000213,-0.0,0.0
22.565,FLIGHT,0.9853,1.5673,0.0752,0.0718,0.0741,0.0704,-0.0096,-0.1892,0.0044,0.0057,1.0486,-0.0442,1.5872,0.000213,-0.0,0.0
22.57,FLIGHT,0.9857,1.5677,0.074,0.0702,0.073,0.0688,-0.0096,-0.1892,0.0044,0.0056,1.0484,-0.0443,1.5873,0.000213,-0.0,0.0
22.575,FLIGHT,0.986,1.568,0.0728,0.0686,0.0718,0.0673,-0.0096,-0.1892,0.0044,0.0055,1.0482,-0.0444,1.5875,0.000213,-0.0,0.0
22.58,FLIGHT,0.9864,1.5683,0.0717,0.0671,0.0707,0.0658,-0.0095,-0.1891,0.0044,0.0053,1.048,-0.0445,1.5876,0.000213,-0.0,0.0
22.585,FLIGHT,0.9868,1.5687,0.0706,0.0656,0.0696,0.0643,-0.0095,-0.1891,0.0044,0.0052,1.0477,-0.0447,1.5878,0.000213,-0.0,0.0
22.59,FLIGHT,0.9871,1.569,0.0695,0.0642,0.0685,0.0629,-0.0095,-0.1891,0.0044,0.0051,1.0474,-0.0448,1.5879,0.000213,-0.0,0.0
22.595,FLIGHT,0.9874,1.5693,0.0684,0.0628,0.0674,0.0615,-0.0095,-0.1891,0.0044,0.005,1.0471,-0.0449,1.588,0.000212,-0.0,0.0
22.6,FLIGHT,0.9878,1.5696,0.0673,0.0614,0.0664,0.0602,-0.0094,-0.189,0.0044,0.0049,1.0468,-0.045,1.5882,0.000212,-0.0,0.0
22.605,FLIGHT,0.9881,1.5699,0.0663,0.0601,0.0653,0.0589,-0.0094,-0.189,0.0043,0.0048,1.0464,-0.0451,1.5883,0.000212,-0.0,0.0
22.61,FLIGHT,0.9884,1.5702,0.0652,0.0588,0.0643,0.0576,-0.0094,-0.189,0.0043,0.0047,1.046,-0.0453,1.5884,0.000212,-0.0,0.0
22.615,FLIGHT,0.9887,1.5705,0.0642,0.0575,0.0633,0.0564,-0.0094,-0.189,0.0043,0.0045,1.0456,-0.0454,1.5886,0.000212,-0.0,0.0
22.62,FLIGHT,0.9891,1.5707,0.0632,0.0562,0.0623,0.0551,-0.0094,-0.189,0.0043,0.0044,1.0452,-0.0455,1.5887,0.000212,-0.0,0.0
22.625,FLIGHT,0.9894,1.571,0.0622,0.055,0.0613,0.054,-0.0093,-0.1889,0.0043,0.0043,1.0448,-0.0456,1.5888,0.000212,-0.0,0.0
22.63,FLIGHT,0.9897,1.5713,0.0612,0.0539,0.0604,0.0528,-0.0093,-0.1889,0.0042,0.0043,1.0443,-0.0457,1.589,0.000212,-0.0,0.0
22.635,FLIGHT,0.99,1.5715,0.0603,0.0527,0.0594,0.0517,-0.0093,-0.1889,0.0042,0.0042,1.0439,-0.0458,1.5891,0.000212,-0.0,0.0
22.64,FLIGHT,0.9903,1.5718,0.0593,0.0516,0.0585,0.0506,-0.0093,-0.1889,0.0042,0.0041,1.0434,-0.0459,1.5892,0.000212,-0.0,0.0
22.645,FLIGHT,0.9906,1.572,0.0584,0.0505,0.0576,0.0495,-0.0093,-0.1889,0.0042,0.004,1.0429,-0.046,1.5893,0.000211,-0.0,0.0
22.65,FLIGHT,0.9908,1.5723,0.0575,0.0494,0.0567,0.0485,-0.0092,-0.1888,0.0041,0.0039,1.0423,-0.0461,1.5894,0.000211,-0.0,0.0
22.655,FLIGHT,0.9911,1.5725,0.0566,0.0484,0.0558,0.0475,-0.0092,-0.1888,0.0041,0.0038,1.0418,-0.0462,1.5896,0.000211,-0.0,0.0
22.66,FLIGHT,0.9914,1.5728,0.0557,0.0474,0.0549,0.0465,-0.0092,-0.1888,0.0041,0.0037,1.0412,-0.0463,1.5897,0.000211,-0.0,0.0
22.665,FLIGHT,0.9917,1.573,0.0548,0.0464,0.0541,0.0455,-0.0092,-0.1888,0.004,0.0036,1.0407,-0.0464,1.5898,0.000211,-0.0,0.0
22.67,FLIGHT,0.9919,1.5732,0.054,0.0454,0.0532,0.0446,-0.0092,-0.1888,0.004,0.0036,1.04,-0.0465,1.5899,0.000211,-0.0,0.0
22.675,FLIGHT,0.9922,1.5734,0.0531,0.0445,0.0524,0.0437,-0.0091,-0.1887,0.004,0.0035,1.0394,-0.0466,1.59,0.000211,-0.0,0.0
22.68,FLIGHT,0.9925,1.5737,0.0523,0.0436,0.0515,0.0428,-0.0091,-0.1887,0.0039,0.0034,1.0388,-0.0467,1.5901,0.000211,-0.0,0.0
22.685,FLIGHT,0.9927,1.5739,0.0515,0.0427,0.0507,0.0419,-0.0091,-0.1887,0.0039,0.0034,1.0381,-0.0468,1.5902,0.000211,-0.0,0.0
22.69,FLIGHT,0.993,1.5741,0.0506,0.0418,0.0499,0.041,-0.0091,-0.1887,0.0039,0.0033,1.0375,-0.0469,1.5903,0.000211,-0.0,0.0
22.695,FLIGHT,0.9932,1.5743,0.0498,0.041,0.0491,0.0402,-0.0091,-0.1887,0.0038,0.0032,1.0368,-0.047,1.5904,0.000211,-0.0,0.0
22.7,FLIGHT,0.9935,1.5745,0.049,0.0401,0.0483,0.0394,-0.009,-0.1887,0.0038,0.0031,1.0361,-0.0471,1.5905,0.000211,-0.0,0.0
22.705,FLIGHT,0.9937,1.5747,0.0483,0.0393,0.0476,0.0386,-0.009,-0.1886,0.0037,0.0031,1.0353,-0.0472,1.5907,0.000211,-0.0,0.0
22.71,FLIGHT,0.9939,1.5749,0.0475,0.0386,0.0468,0.0379,-0.009,-0.1886,0.0037,0.003,1.0346,-0.0473,1.5908,0.000211,-0.0,0.0
22.715,FLIGHT,0.9942,1.5751,0.0467,0.0378,0.046,0.0371,-0.009,-0.1886,0.0037,0.003,1.0338,-0.0474,1.5909,0.000211,-0.0,0.0
22.72,FLIGHT,0.9944,1.5752,0.046,0.0371,0.0453,0.0364,-0.009,-0.1886,0.0036,0.0029,1.0331,-0.0475,1.5909,0.000211,-0.0,0.0
22.725,FLIGHT,0.9946,1.5754,0.0452,0.0363,0.0446,0.0357,-0.0089,-0.1886,0.0036,0.0028,1.0323,-0.0476,1.591,0.000211,-0.0,0.0
22.73,FLIGHT,0.9948,1.5756,0.0445,0.0356,0.0438,0.035,-0.0089,-0.1886,0.0035,0.0028,1.0315,-0.0477,1.5911,0.000211,-0.0,0.0
22.735,FLIGHT,0.9951,1.5758,0.0438,0.0349,0.0431,0.0343,-0.0089,-0.1886,0.0035,0.0027,1.0306,-0.0478,1.5912,0.000211,-0.0,0.0
22.74,FLIGHT,0.9953,1.5759,0.043,0.0343,0.0424,0.0337,-0.0089,-0.1885,0.0034,0.0027,1.0298,-0.0478,1.5913,0.000211,-0.0,0.0
22.745,FLIGHT,0.9955,1.5761,0.0423,0.0336,0.0417,0.033,-0.0089,-0.1885,0.0034,0.0026,1.0289,-0.0479,1.5914,0.000211,-0.0,0.0
22.75,FLIGHT,0.9957,1.5763,0.0416,0.033,0.041,0.0324,-0.0089,-0.1885,0.0034,0.0026,1.0281,-0.048,1.5915,0.000211,-0.0,0.0
22.755,FLIGHT,0.9959,1.5764,0.0409,0.0324,0.0403,0.0318,-0.0088,-0.1885,0.0033,0.0025,1.0272,-0.0481,1.5916,0.000211,-0.0,0.0
22.76,FLIGHT,0.9961,1.5766,0.0402,0.0317,0.0396,0.0312,-0.0088,-0.1885,0.0033,0.0025,1.0263,-0.0482,1.5917,0.000211,-0.0,0.0
22.765,FLIGHT,0.9963,1.5767,0.0395,0.0312,0.0389,0.0306,-0.0088,-0.1885,0.0032,0.0024,1.0253,-0.0483,1.5918,0.000211,-0.0,0.0
22.77,FLIGHT,0.9965,1.5769,0.0389,0.0306,0.0383,0.0301,-0.0088,-0.1885,0.0032,0.0024,1.0244,-0.0484,1.5919,0.000211,-0.0,0.0
22.775,FLIGHT,0.9967,1.577,0.0382,0.03,0.0376,0.0295,-0.0088,-0.1885,0.0031,0.0023,1.0235,-0.0485,1.592,0.000211,0.0,0.0
22.78,FLIGHT,0.9969,1.5772,0.0375,0.0295,0.0369,0.029,-0.0088,-0.1884,0.0031,0.0023,1.0225,-0.0485,1.592,0.000211,0.0,0.0
22.785,FLIGHT,0.997,1.5773,0.0369,0.0289,0.0363,0.0285,-0.0087,-0.1884,0.003,0.0023,1.0215,-0.0486,1.5921,0.000211,0.0,0.0
22.79,FLIGHT,0.9972,1.5775,0.0362,0.0284,0.0357,0.028,-0.0087,-0.1884,0.003,0.0022,1.0205,-0.0487,1.5922,0.000211,0.0,0.0
22.795,FLIGHT,0.9974,1.5776,0.0356,0.0279,0.035,0.0275,-0.0087,-0.1884,0.0029,0.0022,1.0195,-0.0488,1.5923,0.000211,0.0,0.0
22.8,FLIGHT,0.9976,1.5777,0.035,0.0274,0.0344,0.027,-0.0087,-0.1884,0.0028,0.0021,1.0185,-0.0489,1.5924,0.000211,0.0,0.0
22.805,FLIGHT,0.9977,1.5779,0.0343,0.0269,0.0338,0.0265,-0.0087,-0.1884,0.0028,0.0021,1.0174,-0.049,1.5925,0.000211,0.0,0.0
22.81,FLIGHT,0.9979,1.578,0.0337,0.0265,0.0331,0.0261,-0.0087,-0.1884,0.0027,0.0021,1.0164,-0.0491,1.5925,0.000211,0.0,0.0
22.815,FLIGHT,0.9981,1.5781,0.0331,0.026,0.0325,0.0256,-0.0087,-0.1884,0.0027,0.002,1.0153,-0.0491,1.5926,0.000211,0.0,0.0
22.82,FLIGHT,0.9982,1.5783,0.0325,0.0256,0.0319,0.0252,-0.0087,-0.1884,0.0026,0.002,1.0142,-0.0492,1.5927,0.000211,0.0,0.0
22.825,FLIGHT,0.9984,1.5784,0.0318,0.0251,0.0313,0.0248,-0.0086,-0.1884,0.0026,0.002,1.0131,-0.0493,1.5928,0.000211,0.0,0.0
22.83,FLIGHT,0.9986,1.5785,0.0312,0.0247,0.0307,0.0244,-0.0086,-0.1883,0.0025,0.0019,1.012,-0.0494,1.5929,0.000211,0.0,0.0
22.835,FLIGHT,0.9987,1.5786,0.0306,0.0243,0.0301,0.0239,-0.0086,-0.1883,0.0025,0.0019,1.0109,-0.0495,1.5929,0.000211,0.0,0.0
22.84,FLIGHT,0.9989,1.5788,0.03,0.0239,0.0295,0.0236,-0.0086,-0.1883,0.0024,0.0019,1.0098,-0.0496,1.593,0.000211,0.0,0.0
22.845,FLIGHT,0.999,1.5789,0.0294,0.0235,0.0289,0.0232,-0.0086,-0.1883,0.0023,0.0018,1.0086,-0.0496,1.5931,0.000211,0.0,0.0
22.85,FLIGHT,0.9991,1.579,0.0288,0.0231,0.0283,0.0228,-0.0086,-0.1883,0.0023,0.0018,1.0075,-0.0497,1.5932,0.000211,0.0,0.0
22.855,FLIGHT,0.9993,1.5791,0.0283,0.0228,0.0277,0.0224,-0.0086,-0.1883,0.0022,0.0018,1.0063,-0.0498,1.5932,0.000211,0.0,0.0
22.86,FLIGHT,0.9994,1.5792,0.0277,0.0224,0.0272,0.0221,-0.0086,-0.1883,0.0022,0.0018,1.0051,-0.0499,1.5933,0.000211,0.0,0.0
22.865,FLIGHT,0.9996,1.5793,0.0271,0.0221,0.0266,0.0217,-0.0085,-0.1883,0.0021,0.0017,1.0039,-0.05,1.5934,0.000211,0.0,0.0
22.87,FLIGHT,0.9997,1.5794,0.0265,0.0217,0.026,0.0214,-0.0085,-0.1883,0.002,0.0017,1.0027,-0.05,1.5934,0.000211,0.0,0.0
22.875,FLIGHT,0.9998,1.5795,0.0259,0.0214,0.0254,0.0211,-0.0085,-0.1883,0.002,0.0017,1.0015,-0.0501,1.5935,0.000211,0.0,0.0
22.88,FLIGHT,0.9999,1.5796,0.0254,0.021,0.0249,0.0208,-0.0085,-0.1883,0.0019,0.0017,1.0002,-0.0502,1.5936,0.000211,0.0,0.0
22.885,STANCE,1.0005,1.5802,0.1176,0.0948,0.6808,0.073,-0.0085,-0.1882,0.0092,0.0075,0.9991,0.0699,-0.2811,-0.000115,-0.2852,0.0571
22.89,STANCE,1.0089,1.5764,1.2312,-0.5443,1.4176,-0.7735,-0.0064,-0.1886,0.307,-0.0556,0.9982,-0.5575,-0.5969,-0.002286,-0.3422,0.0707
22.895,STANCE,1.0111,1.5759,0.6287,-0.1991,-0.0108,0.2129,-0.0059,-0.1887,0.146,-0.0211,0.9981,-0.614,-1.3077,-0.003001,-0.0283,0.0087
22.9,STANCE,1.0113,1.5765,0.2496,-0.0035,0.2174,-0.0826,-0.0059,-0.1886,0.0476,-0.0018,0.9982,-0.7899,-1.8938,-0.002945,0.036,0.0029
22.905,STANCE,1.0137,1.5745,0.4297,-0.2956,0.679,-0.6807,-0.0052,-0.1888,0.1219,-0.0279,0.9985,-1.1986,-2.1255,-0.002696,0.0691,0.0027
22.91,STANCE,1.0173,1.5666,0.6242,-1.2045,0.7583,-1.416,-0.0034,-0.1895,0.2857,-0.1047,0.9983,-1.5963,-1.8798,-0.00209,0.0876,0.0021
22.915,STANCE,1.022,1.5594,0.8854,-1.4063,1.5006,-2.1117,-0.0016,-0.1901,0.3653,-0.1187,0.9986,-1.924,-1.7315,-0.001897,-0.0345,0.0088
22.92,STANCE,1.0297,1.5442,1.3166,-2.5136,1.1869,-2.3332,0.0021,-0.1914,0.6087,-0.1989,0.9984,-2.2638,-0.9627,-0.001925,0.0104,0.0019
22.925,STANCE,1.0348,1.533,1.0818,-2.3541,0.5514,-2.9309,0.0046,-0.1922,0.5451,-0.1783,0.9986,-2.1139,-0.6352,-0.001888,0.0938,0.0019
22.93,STANCE,1.0373,1.5215,0.68,-2.2592,0.2979,-2.1135,0.0068,-0.1931,0.4573,-0.1668,0.9989,-1.7107,-0.2242,-0.001622,0.063,0.0016
22.935,STANCE,1.0376,1.5104,0.2389,-2.2087,-0.1578,-2.3302,0.0084,-0.1939,0.3669,-0.162,0.9993,-1.146,0.2097,-0.00114,0.1257,0.0011
22.94,STANCE,1.0369,1.4997,-0.0189,-2.1713,-0.1915,-2.2797,0.0099,-0.1947,0.313,-0.1582,0.9997,-0.5937,0.6091,-0.000594,0.1202,0.0006
22.945,STANCE,1.0363,1.4884,-0.0804,-2.2294,-0.1515,-2.5367,0.0114,-0.1955,0.3112,-0.1597,1.0002,-0.1675,0.9542,-5.8e-05,0.1273,0.0001
22.95,STANCE,1.0363,1.4766,-0.0135,-2.3171,0.0599,-2.4238,0.0131,-0.1964,0.3391,-0.1612,1.0006,0.0251,1.158,0.000363,0.06,0.0
22.955,FLIGHT,1.0349,1.4688,-0.2772,-1.6094,-1.1156,0.3528,0.014,-0.1969,0.1834,-0.1142,1.0015,-0.9982,2.3458,0.000593,0.0342,0.0
22.96,FLIGHT,1.0258,1.4776,-1.3825,0.7912,-2.2894,2.6335,0.0109,-0.1964,-0.3876,0.0412,1.0034,-0.4321,1.8603,0.00072,0.0173,0.0
22.965,FLIGHT,1.0142,1.4907,-2.0067,1.9922,-2.1937,2.3044,0.0067,-0.1956,-0.6811,0.1354,1.0054,-0.0218,1.5195,0.000772,0.0043,0.0
22.97,FLIGHT,1.0047,1.4994,-1.891,1.7605,-1.5715,1.2035,0.0036,-0.195,-0.6213,0.1294,1.0071,0.0499,1.4705,0.000769,-0.005,0.001
22.975,FLIGHT,0.9982,1.5035,-1.4642,1.0898,-1.0776,0.5491,0.0018,-0.1947,-0.4405,0.0834,1.0084,-0.0395,1.555,0.000726,-0.0112,0.0022
22.98,FLIGHT,0.9935,1.5059,-1.107,0.6688,-0.8653,0.4605,0.0005,-0.1945,-0.3103,0.0529,1.0098,-0.1146,1.6223,0.000663,-0.0134,0.0027
22.985,FLIGHT,0.9893,1.5085,-0.9153,0.5758,-0.8007,0.5835,-0.0007,-0.1943,-0.2593,0.0472,1.0111,-0.1249,1.6319,0.000596,-0.0135,0.0027
22.99,FLIGHT,0.9854,1.5116,-0.8172,0.613,-0.7436,0.6486,-0.0018,-0.194,-0.245,0.0517,1.0125,-0.0996,1.6116,0.00053,-0.0127,0.0025
22.995,FLIGHT,0.9819,1.5148,-0.7321,0.6252,-0.65,0.6082,-0.003,-0.1937,-0.2296,0.0539,1.0138,-0.0751,1.5927,0.00047,-0.0114,0.0023
23.0,FLIGHT,0.979,1.5176,-0.633,0.5812,-0.5398,0.5257,-0.0039,-0.1935,-0.2038,0.0511,1.0151,-0.0643,1.5858,0.000416,-0.01,0.002
23.005,FLIGHT,0.9765,1.52,-0.5297,0.5153,-0.4403,0.4578,-0.0048,-0.1933,-0.1743,0.046,1.0164,-0.0624,1.5862,0.000369,-0.0086,0.0017
23.01,FLIGHT,0.9745,1.5222,-0.437,0.4594,-0.361,0.4178,-0.0055,-0.1931,-0.1483,0.0414,1.0176,-0.0619,1.5875,0.00033,-0.0072,0.0014
23.015,FLIGHT,0.9729,1.5242,-0.3599,0.4213,-0.2975,0.3936,-0.006,-0.1929,-0.1279,0.0382,1.0188,-0.0596,1.5869,0.000297,-0.0059,0.0012
23.02,FLIGHT,0.9715,1.5262,-0.2958,0.3943,-0.2428,0.3725,-0.0066,-0.1927,-0.1116,0.0358,1.02,-0.056,1.5851,0.000271,-0.0047,0.0009
23.025,FLIGHT,0.9705,1.528,-0.2403,0.3708,-0.1936,0.3502,-0.007,-0.1926,-0.0976,0.0337,1.0212,-0.0526,1.5833,0.00025,-0.0037,0.0007
23.03,FLIGHT,0.9696,1.5297,-0.1909,0.348,-0.1493,0.328,-0.0074,-0.1924,-0.0848,0.0316,1.0223,-0.05,1.5821,0.000234,-0.0028,0.0006
23.035,FLIGHT,0.969,1.5313,-0.1472,0.3265,-0.1105,0.3081,-0.0078,-0.1923,-0.0733,0.0295,1.0234,-0.0481,1.5815,0.000221,-0.0021,0.0004
23.04,FLIGHT,0.9685,1.5328,-0.1089,0.3072,-0.077,0.291,-0.0081,-0.1921,-0.0632,0.0277,1.0245,-0.0466,1.581,0.000212,-0.0015,0.0003
23.045,FLIGHT,0.9682,1.5342,-0.0757,0.2904,-0.0482,0.2763,-0.0083,-0.192,-0.0545,0.026,1.0255,-0.0453,1.5806,0.000206,-0.0011,0.0002
23.05,FLIGHT,0.968,1.5355,-0.0471,0.2756,-0.0234,0.2632,-0.0085,-0.1919,-0.0469,0.0246,1.0265,-0.0442,1.5802,0.000201,-0.0007,0.0001
23.055,FLIGHT,0.9679,1.5368,-0.0225,0.2624,-0.002,0.2512,-0.0087,-0.1918,-0.0404,0.0232,1.0275,-0.0432,1.58,0.000198,-0.0004,0.0001
23.06,FLIGHT,0.968,1.538,-0.0012,0.2504,0.0164,0.2402,-0.0089,-0.1917,-0.0346,0.022,1.0285,-0.0423,1.5798,0.000197,-0.0002,0.0
23.065,FLIGHT,0.9681,1.5392,0.0171,0.2395,0.0322,0.2302,-0.009,-0.1916,-0.0296,0.021,1.0294,-0.0417,1.5796,0.000196,-0.0,0.0
23.07,FLIGHT,0.9683,1.5403,0.0328,0.2295,0.0457,0.221,-0.0092,-0.1915,-0.0252,0.02,1.0303,-0.0411,1.5796,0.000196,0.0001,0.0
23.075,FLIGHT,0.9686,1.5414,0.0461,0.2204,0.0572,0.2126,-0.0093,-0.1914,-0.0214,0.019,1.0312,-0.0407,1.5796,0.000197,0.0002,0.0
23.08,FLIGHT,0.9689,1.5425,0.0575,0.212,0.0669,0.2048,-0.0093,-0.1913,-0.018,0.0182,1.032,-0.0403,1.5796,0.000198,0.0002,0.0
23.085,FLIGHT,0.9692,1.5435,0.0671,0.2043,0.075,0.1977,-0.0094,-0.1912,-0.0151,0.0175,1.0328,-0.0401,1.5797,0.000199,0.0003,0.0
23.09,FLIGHT,0.9696,1.5444,0.0752,0.1972,0.0818,0.191,-0.0095,-0.1911,-0.0126,0.0168,1.0336,-0.0398,1.5798,0.000201,0.0003,0.0
23.095,FLIGHT,0.97,1.5454,0.0819,0.1905,0.0874,0.1848,-0.0095,-0.191,-0.0104,0.0161,1.0344,-0.0397,1.5799,0.000202,0.0003,0.0
23.1,FLIGHT,0.9705,1.5463,0.0875,0.1843,0.092,0.1789,-0.0095,-0.191,-0.0085,0.0155,1.0351,-0.0396,1.5801,0.000204,0.0003,0.0
23.105,FLIGHT,0.971,1.5472,0.092,0.1785,0.0957,0.1734,-0.0096,-0.1909,-0.0068,0.015,1.0358,-0.0395,1.5803,0.000205,0.0003,0.0
23.11,FLIGHT,0.9714,1.548,0.0957,0.173,0.0987,0.1682,-0.0096,-0.1908,-0.0054,0.0145,1.0365,-0.0395,1.5804,0.000206,0.0003,0.0
23.115,FLIGHT,0.9719,1.5488,0.0987,0.1678,0.101,0.1633,-0.0096,-0.1907,-0.0041,0.014,1.0372,-0.0395,1.5806,0.000208,0.0002,0.0
23.12,FLIGHT,0.9724,1.5497,0.1009,0.1629,0.1027,0.1587,-0.0096,-0.1907,-0.003,0.0135,1.0378,-0.0396,1.5808,0.000209,0.0002,0.0
23.125,FLIGHT,0.973,1.5504,0.1027,0.1583,0.104,0.1542,-0.0096,-0.1906,-0.002,0.0131,1.0384,-0.0396,1.581,0.00021,0.0002,0.0
23.13,FLIGHT,0.9735,1.5512,0.1039,0.1539,0.1048,0.15,-0.0096,-0.1906,-0.0012,0.0127,1.039,-0.0397,1.5813,0.000211,0.0002,0.0
23.135,FLIGHT,0.974,1.5519,0.1047,0.1496,0.1053,0.146,-0.0096,-0.1905,-0.0005,0.0123,1.0395,-0.0398,1.5815,0.000211,0.0001,0.0
23.14,FLIGHT,0.9745,1.5527,0.1052,0.1456,0.1054,0.1421,-0.0096,-0.1904,0.0001,0.012,1.04,-0.0399,1.5817,0.000212,0.0001,0.0
23.145,FLIGHT,0.9751,1.5534,0.1053,0.1418,0.1053,0.1384,-0.0096,-0.1904,0.0007,0.0116,1.0405,-0.04,1.5819,0.000213,0.0001,0.0
23.15,FLIGHT,0.9756,1.554,0.1052,0.1381,0.105,0.1348,-0.0096,-0.1903,0.0012,0.0113,1.041,-0.0401,1.5821,0.000213,0.0001,0.0
23.155,FLIGHT,0.9761,1.5547,0.1048,0.1345,0.1044,0.1314,-0.0096,-0.1903,0.0016,0.011,1.0414,-0.0403,1.5824,0.000213,0.0001,0.0
23.16,FLIGHT,0.9766,1.5554,0.1043,0.1311,0.1038,0.1281,-0.0096,-0.1902,0.002,0.0107,1.0418,-0.0404,1.5826,0.000214,0.0001,0.0
23.165,FLIGHT,0.9772,1.556,0.1036,0.1278,0.103,0.1249,-0.0096,-0.1902,0.0023,0.0104,1.0422,-0.0405,1.5828,0.000214,0.0,0.0
23.17,FLIGHT,0.9777,1.5566,0.1028,0.1246,0.102,0.1218,-0.0096,-0.1901,0.0025,0.0101,1.0426,-0.0407,1.583,0.000214,0.0,0.0
23.175,FLIGHT,0.9782,1.5572,0.1019,0.1215,0.101,0.1188,-0.0096,-0.1901,0.0028,0.0099,1.0429,-0.0408,1.5832,0.000214,0.0,0.0
23.18,FLIGHT,0.9787,1.5578,0.1009,0.1185,0.0999,0.1159,-0.0096,-0.19,0.003,0.0096,1.0432,-0.041,1.5834,0.000215,0.0,0.0
23.185,FLIGHT,0.9792,1.5584,0.0998,0.1156,0.0987,0.1131,-0.0095,-0.19,0.0032,0.0094,1.0435,-0.0411,1.5837,0.000215,0.0,0.0
23.19,FLIGHT,0.9797,1.5589,0.0986,0.1128,0.0975,0.1104,-0.0095,-0.1899,0.0033,0.0091,1.0438,-0.0413,1.5839,0.000215,0.0,0.0
23.195,FLIGHT,0.9801,1.5595,0.0974,0.1101,0.0963,0.1077,-0.0095,-0.1899,0.0035,0.0089,1.044,-0.0414,1.5841,0.000215,-0.0,0.0
23.2,FLIGHT,0.9806,1.56,0.0961,0.1075,0.095,0.1052,-0.0095,-0.1898,0.0036,0.0087,1.0442,-0.0416,1.5843,0.000215,-0.0,0.0
23.205,FLIGHT,0.9811,1.5605,0.0949,0.1049,0.0937,0.1027,-0.0095,-0.1898,0.0037,0.0085,1.0444,-0.0417,1.5845,0.000215,-0.0,0.0
23.21,FLIGHT,0.9816,1.561,0.0936,0.1025,0.0924,0.1003,-0.0095,-0.1898,0.0038,0.0083,1.0446,-0.0419,1.5847,0.000214,-0.0,0.0
23.215,FLIGHT,0.982,1.5615,0.0923,0.1,0.0911,0.0979,-0.0094,-0.1897,0.0039,0.0081,1.0447,-0.042,1.5849,0.000214,-0.0,0.0
23.22,FLIGHT,0.9825,1.562,0.0909,0.0977,0.0897,0.0956,-0.0094,-0.1897,0.0039,0.0079,1.0449,-0.0422,1.5851,0.000214,-0.0,0.0
23.225,FLIGHT,0.9829,1.5625,0.0896,0.0954,0.0884,0.0934,-0.0094,-0.1896,0.004,0.0077,1.0449,-0.0423,1.5853,0.000214,-0.0,0.0
23.23,FLIGHT,0.9834,1.5629,0.0883,0.0932,0.0871,0.0912,-0.0094,-0.1896,0.004,0.0075,1.045,-0.0425,1.5855,0.000214,-0.0,0.0
23.235,FLIGHT,0.9838,1.5634,0.0869,0.091,0.0858,0.0891,-0.0094,-0.1896,0.0041,0.0073,1.0451,-0.0426,1.5856,0.000214,-0.0,0.0
23.24,FLIGHT,0.9842,1.5638,0.0856,0.0889,0.0844,0.0871,-0.0093,-0.1895,0.0041,0.0071,1.0451,-0.0428,1.5858,0.000214,-0.0,0.0
23.245,FLIGHT,0.9846,1.5643,0.0843,0.0869,0.0831,0.0851,-0.0093,-0.1895,0.0041,0.007,1.0451,-0.0429,1.586,0.000214,-0.0,0.0
23.25,FLIGHT,0.985,1.5647,0.083,0.0849,0.0819,0.0831,-0.0093,-0.1895,0.0041,0.0068,1.0451,-0.043,1.5862,0.000214,-0.0,0.0
23.255,FLIGHT,0.9854,1.5651,0.0817,0.083,0.0806,0.0812,-0.0093,-0.1894,0.0042,0.0066,1.045,-0.0432,1.5863,0.000213,-0.0,0.0
23.26,FLIGHT,0.9858,1.5655,0.0804,0.0811,0.0793,0.0794,-0.0092,-0.1894,0.0042,0.0065,1.045,-0.0433,1.5865,0.000213,-0.0,0.0
23.265,FLIGHT,0.9862,1.5659,0.0792,0.0792,0.0781,0.0776,-0.0092,-0.1894,0.0042,0.0063,1.0449,-0.0435,1.5867,0.000213,-0.0,0.0
23.27,FLIGHT,0.9866,1.5663,0.0779,0.0774,0.0768,0.0758,-0.0092,-0.1893,0.0042,0.0062,1.0448,-0.0436,1.5868,0.000213,-0.0,0.0
23.275,FLIGHT,0.987,1.5666,0.0767,0.0757,0.0756,0.0741,-0.0092,-0.1893,0.0042,0.0061,1.0446,-0.0437,1.587,0.000213,-0.0,0.0
23.28,FLIGHT,0.9874,1.567,0.0755,0.074,0.0744,0.0725,-0.0092,-0.1893,0.0042,0.0059,1.0445,-0.0438,1.5872,0.000213,-0.0,0.0
23.285,FLIGHT,0.9878,1.5674,0.0743,0.0723,0.0732,0.0708,-0.0091,-0.1892,0.0042,0.0058,1.0443,-0.044,1.5873,0.000213,-0.0,0.0
23.29,FLIGHT,0.9881,1.5677,0.0731,0.0707,0.0721,0.0693,-0.0091,-0.1892,0.0042,0.0056,1.0441,-0.0441,1.5875,0.000212,-0.0,0.0
23.295,FLIGHT,0.9885,1.5681,0.072,0.0691,0.0709,0.0677,-0.0091,-0.1892,0.0042,0.0055,1.0439,-0.0442,1.5876,0.000212,-0.0,0.0
23.3,FLIGHT,0.9888,1.5684,0.0708,0.0676,0.0698,0.0662,-0.0091,-0.1892,0.0042,0.0054,1.0436,-0.0444,1.5878,0.000212,-0.0,0.0
23.305,FLIGHT,0.9892,1.5687,0.0697,0.0661,0.0687,0.0647,-0.0091,-0.1891,0.0042,0.0053,1.0434,-0.0445,1.5879,0.000212,-0.0,0.0
23.31,FLIGHT,0.9895,1.569,0.0686,0.0646,0.0676,0.0633,-0.009,-0.1891,0.0042,0.0051,1.0431,-0.0446,1.5881,0.000212,-0.0,0.0
23.315,FLIGHT,0.9898,1.5694,0.0675,0.0632,0.0665,0.0619,-0.009,-0.1891,0.0041,0.005,1.0428,-0.0447,1.5882,0.000212,-0.0,0.0
23.32,FLIGHT,0.9902,1.5697,0.0664,0.0618,0.0654,0.0606,-0.009,-0.1891,0.0041,0.0049,1.0425,-0.0448,1.5883,0.000212,-0.0,0.0
23.325,FLIGHT,0.9905,1.57,0.0653,0.0604,0.0644,0.0592,-0.009,-0.189,0.0041,0.0048,1.0421,-0.0449,1.5885,0.000212,-0.0,0.0
23.33,FLIGHT,0.9908,1.5703,0.0643,0.0591,0.0634,0.058,-0.009,-0.189,0.0041,0.0047,1.0417,-0.0451,1.5886,0.000211,-0.0,0.0
23.335,FLIGHT,0.9911,1.5705,0.0633,0.0578,0.0624,0.0567,-0.0089,-0.189,0.0041,0.0046,1.0414,-0.0452,1.5887,0.000211,-0.0,0.0
23.34,FLIGHT,0.9914,1.5708,0.0623,0.0566,0.0614,0.0555,-0.0089,-0.189,0.004,0.0045,1.041,-0.0453,1.5889,0.000211,-0.0,0.0
23.345,FLIGHT,0.9918,1.5711,0.0613,0.0554,0.0604,0.0543,-0.0089,-0.1889,0.004,0.0044,1.0405,-0.0454,1.589,0.000211,-0.0,0.0
23.35,FLIGHT,0.9921,1.5714,0.0603,0.0542,0.0594,0.0531,-0.0089,-0.1889,0.004,0.0043,1.0401,-0.0455,1.5891,0.000211,-0.0,0.0
23.355,FLIGHT,0.9923,1.5716,0.0593,0.053,0.0585,0.052,-0.0089,-0.1889,0.004,0.0042,1.0396,-0.0456,1.5892,0.000211,-0.0,0.0
23.36,FLIGHT,0.9926,1.5719,0.0584,0.0519,0.0575,0.0509,-0.0088,-0.1889,0.0039,0.0041,1.0391,-0.0457,1.5894,0.000211,-0.0,0.0
23.365,FLIGHT,0.9929,1.5721,0.0574,0.0508,0.0566,0.0498,-0.0088,-0.1889,0.0039,0.004,1.0386,-0.0458,1.5895,0.000211,-0.0,0.0
23.37,FLIGHT,0.9932,1.5724,0.0565,0.0497,0.0557,0.0487,-0.0088,-0.1888,0.0039,0.0039,1.0381,-0.0459,1.5896,0.000211,-0.0,0.0
23.375,FLIGHT,0.9935,1.5726,0.0556,0.0486,0.0548,0.0477,-0.0088,-0.1888,0.0039,0.0039,1.0376,-0.046,1.5897,0.000211,-0.0,0.0
23.38,FLIGHT,0.9937,1.5729,0.0547,0.0476,0.0539,0.0467,-0.0088,-0.1888,0.0038,0.0038,1.037,-0.0461,1.5898,0.000211,-0.0,0.0
23.385,FLIGHT,0.994,1.5731,0.0538,0.0466,0.053,0.0457,-0.0087,-0.1888,0.0038,0.0037,1.0365,-0.0462,1.5899,0.000211,-0.0,0.0
23.39,FLIGHT,0.9943,1.5733,0.053,0.0457,0.0522,0.0448,-0.0087,-0.1888,0.0038,0.0036,1.0359,-0.0463,1.5901,0.000211,-0.0,0.0
23.395,FLIGHT,0.9945,1.5735,0.0521,0.0447,0.0513,0.0439,-0.0087,-0.1888,0.0037,0.0035,1.0352,-0.0464,1.5902,0.00021,-0.0,0.0
23.4,FLIGHT,0.9948,1.5738,0.0513,0.0438,0.0505,0.043,-0.0087,-0.1887,0.0037,0.0035,1.0346,-0.0465,1.5903,0.00021,-0.0,0.0
23.405,FLIGHT,0.995,1.574,0.0504,0.0429,0.0497,0.0421,-0.0087,-0.1887,0.0037,0.0034,1.034,-0.0466,1.5904,0.00021,-0.0,0.0
23.41,FLIGHT,0.9953,1.5742,0.0496,0.042,0.0489,0.0412,-0.0086,-0.1887,0.0036,0.0033,1.0333,-0.0467,1.5905,0.00021,-0.0,0.0
23.415,FLIGHT,0.9955,1.5744,0.0488,0.0412,0.0481,0.0404,-0.0086,-0.1887,0.0036,0.0032,1.0326,-0.0468,1.5906,0.00021,-0.0,0.0
23.42,FLIGHT,0.9958,1.5746,0.048,0.0403,0.0473,0.0396,-0.0086,-0.1887,0.0036,0.0032,1.0319,-0.0469,1.5907,0.00021,-0.0,0.0
23.425,FLIGHT,0.996,1.5748,0.0472,0.0395,0.0465,0.0388,-0.0086,-0.1887,0.0035,0.0031,1.0312,-0.047,1.5908,0.00021,-0.0,0.0
23.43,FLIGHT,0.9962,1.575,0.0464,0.0387,0.0457,0.038,-0.0086,-0.1886,0.0035,0.0031,1.0305,-0.0471,1.5909,0.00021,-0.0,0.0
23.435,FLIGHT,0.9965,1.5752,0.0457,0.0379,0.045,0.0373,-0.0086,-0.1886,0.0034,0.003,1.0297,-0.0472,1.591,0.00021,-0.0,0.0
23.44,FLIGHT,0.9967,1.5753,0.0449,0.0372,0.0442,0.0365,-0.0085,-0.1886,0.0034,0.0029,1.029,-0.0473,1.5911,0.00021,-0.0,0.0
23.445,FLIGHT,0.9969,1.5755,0.0441,0.0365,0.0435,0.0358,-0.0085,-0.1886,0.0033,0.0029,1.0282,-0.0474,1.5912,0.00021,-0.0,0.0
23.45,FLIGHT,0.9971,1.5757,0.0434,0.0357,0.0427,0.0351,-0.0085,-0.1886,0.0033,0.0028,1.0274,-0.0475,1.5913,0.00021,-0.0,0.0
23.455,FLIGHT,0.9973,1.5759,0.0427,0.0351,0.042,0.0344,-0.0085,-0.1886,0.0033,0.0028,1.0265,-0.0476,1.5914,0.00021,-0.0,0.0
23.46,FLIGHT,0.9975,1.576,0.042,0.0344,0.0413,0.0338,-0.0085,-0.1886,0.0032,0.0027,1.0257,-0.0477,1.5915,0.00021,-0.0,0.0
23.465,FLIGHT,0.9977,1.5762,0.0412,0.0337,0.0406,0.0331,-0.0085,-0.1885,0.0032,0.0027,1.0249,-0.0478,1.5916,0.00021,-0.0,0.0
23.47,FLIGHT,0.9979,1.5764,0.0405,0.0331,0.0399,0.0325,-0.0084,-0.1885,0.0031,0.0026,1.024,-0.0479,1.5917,0.00021,-0.0,0.0
23.475,FLIGHT,0.9981,1.5765,0.0398,0.0324,0.0392,0.0319,-0.0084,-0.1885,0.0031,0.0026,1.0231,-0.0479,1.5917,0.00021,-0.0,0.0
23.48,FLIGHT,0.9983,1.5767,0.0391,0.0318,0.0385,0.0313,-0.0084,-0.1885,0.003,0.0025,1.0222,-0.048,1.5918,0.00021,-0.0,0.0
23.485,FLIGHT,0.9985,1.5769,0.0385,0.0312,0.0378,0.0307,-0.0084,-0.1885,0.003,0.0025,1.0213,-0.0481,1.5919,0.00021,-0.0,0.0
23.49,FLIGHT,0.9987,1.577,0.0378,0.0306,0.0372,0.0301,-0.0084,-0.1885,0.0029,0.0024,1.0204,-0.0482,1.592,0.00021,-0.0,0.0
23.495,FLIGHT,0.9989,1.5772,0.0371,0.0301,0.0365,0.0296,-0.0084,-0.1885,0.0029,0.0024,1.0194,-0.0483,1.5921,0.00021,-0.0,0.0
23.5,FLIGHT,0.9991,1.5773,0.0364,0.0295,0.0358,0.029,-0.0084,-0.1885,0.0028,0.0023,1.0185,-0.0484,1.5922,0.00021,0.0,0.0
23.505,FLIGHT,0.9993,1.5774,0.0358,0.029,0.0352,0.0285,-0.0083,-0.1884,0.0028,0.0023,1.0175,-0.0485,1.5923,0.00021,0.0,0.0
23.51,FLIGHT,0.9994,1.5776,0.0351,0.0285,0.0346,0.028,-0.0083,-0.1884,0.0027,0.0022,1.0165,-0.0485,1.5923,0.00021,0.0,0.0
23.515,FLIGHT,0.9996,1.5777,0.0345,0.028,0.0339,0.0275,-0.0083,-0.1884,0.0027,0.0022,1.0155,-0.0486,1.5924,0.00021,0.0,0.0
23.52,FLIGHT,0.9998,1.5779,0.0338,0.0275,0.0333,0.027,-0.0083,-0.1884,0.0026,0.0022,1.0145,-0.0487,1.5925,0.00021,0.0,0.0
23.525,FLIGHT,0.9999,1.578,0.0332,0.027,0.0326,0.0265,-0.0083,-0.1884,0.0026,0.0021,1.0135,-0.0488,1.5926,0.00021,0.0,0.0
23.53,FLIGHT,1.0001,1.5781,0.0326,0.0265,0.032,0.0261,-0.0083,-0.1884,0.0025,0.0021,1.0124,-0.0489,1.5927,0.00021,0.0,0.0
23.535,FLIGHT,1.0003,1.5783,0.032,0.026,0.0314,0.0256,-0.0083,-0.1884,0.0025,0.0021,1.0114,-0.049,1.5928,0.00021,0.0,0.0
23.54,FLIGHT,1.0004,1.5784,0.0313,0.0256,0.0308,0.0252,-0.0083,-0.1884,0.0024,0.002,1.0103,-0.049,1.5928,0.00021,0.0,0.0
23.545,FLIGHT,1.0006,1.5785,0.0307,0.0252,0.0302,0.0248,-0.0082,-0.1884,0.0024,0.002,1.0092,-0.0491,1.5929,0.00021,0.0,0.0
23.55,FLIGHT,1.0007,1.5786,0.0301,0.0247,0.0296,0.0243,-0.0082,-0.1884,0.0023,0.002,1.0081,-0.0492,1.593,0.00021,0.0,0.0
23.555,FLIGHT,1.0009,1.5787,0.0295,0.0243,0.029,0.0239,-0.0082,-0.1883,0.0022,0.0019,1.007,-0.0493,1.5931,0.00021,0.0,0.0
23.56,FLIGHT,1.001,1.5789,0.0289,0.0239,0.0284,0.0235,-0.0082,-0.1883,0.0022,0.0019,1.0059,-0.0494,1.5931,0.00021,0.0,0.0
23.565,FLIGHT,1.0011,1.579,0.0283,0.0235,0.0278,0.0232,-0.0082,-0.1883,0.0021,0.0019,1.0047,-0.0495,1.5932,0.00021,0.0,0.0
23.57,FLIGHT,1.0013,1.5791,0.0277,0.0231,0.0272,0.0228,-0.0082,-0.1883,0.0021,0.0018,1.0036,-0.0495,1.5933,0.00021,0.0,0.0
23.575,FLIGHT,1.0014,1.5792,0.0272,0.0227,0.0266,0.0224,-0.0082,-0.1883,0.002,0.0018,1.0024,-0.0496,1.5934,0.00021,0.0,0.0
23.58,FLIGHT,1.0016,1.5793,0.0266,0.0224,0.0261,0.0221,-0.0082,-0.1883,0.0019,0.0018,1.0012,-0.0497,1.5934,0.00021,0.0,0.0
23.585,FLIGHT,1.0017,1.5794,0.026,0.022,0.0255,0.0217,-0.0082,-0.1883,0.0019,0.0017,1.0,-0.0498,1.5935,0.00021,0.0,0.0
23.59,STANCE,1.0024,1.5803,0.1421,0.1539,0.7177,0.147,-0.0081,-0.1882,0.0057,0.0125,0.999,0.0545,-0.3044,-0.000269,-0.3112,0.0625
23.595,STANCE,1.0108,1.5766,1.247,-0.5289,1.417,-0.7832,-0.006,-0.1886,0.308,-0.0538,0.9981,-0.5726,-0.6006,-0.002419,-0.3289,0.0682
23.6,STANCE,1.013,1.5761,0.6254,-0.1752,-0.026,0.2517,-0.0056,-0.1887,0.1421,-0.0187,0.9981,-0.624,-1.313,-0.003084,-0.0206,0.0072
23.605,STANCE,1.0133,1.5769,0.2514,0.0162,0.2415,-0.0923,-0.0056,-0.1886,0.0452,-0.0,0.9983,-0.8043,-1.8958,-0.002996,0.0414,0.003
23.61,STANCE,1.016,1.5747,0.484,-0.3346,0.8478,-0.8,-0.0048,-0.1888,0.1376,-0.0312,0.9984,-1.241,-2.098,-0.002737,0.0591,0.0027
23.615,STANCE,1.0207,1.5658,0.8173,-1.2668,1.1098,-1.413,-0.0027,-0.1896,0.3315,-0.1093,0.9984,-1.7143,-1.8255,-0.002189,0.0726,0.0022
23.62,STANCE,1.0255,1.5562,0.8968,-1.7177,0.8228,-1.5523,-0.0004,-0.1904,0.4123,-0.1421,0.9985,-1.9881,-1.5529,-0.001665,0.0709,0.0017
23.625,STANCE,1.0309,1.5471,1.0653,-1.8395,1.4212,-2.3091,0.0019,-0.1911,0.4644,-0.146,0.9987,-2.1563,-1.2511,-0.001661,-0.055,0.0127
23.63,STANCE,1.0371,1.5323,1.1639,-2.6042,1.1304,-2.7054,0.0052,-0.1923,0.5973,-0.1957,0.9987,-2.172,-0.5166,-0.001708,-0.0255,0.0068
23.635,STANCE,1.0406,1.5195,0.7878,-2.5684,0.3053,-2.2266,0.0077,-0.1932,0.5238,-0.1869,0.9989,-1.789,-0.0714,-0.001617,0.0448,0.0016
23.64,STANCE,1.0404,1.5088,0.1863,-2.2886,-0.2654,-2.0077,0.0092,-0.194,0.369,-0.1668,0.9992,-1.148,0.2599,-0.001211,0.099,0.0012
23.645,STANCE,1.0388,1.4989,-0.1504,-2.1069,-0.2348,-1.9163,0.0104,-0.1948,0.2785,-0.154,0.9996,-0.5518,0.5903,-0.000714,0.0813,0.0007
23.65,STANCE,1.0377,1.4878,-0.1828,-2.1985,-0.1111,-2.3309,0.0118,-0.1956,0.287,-0.158,1.0,-0.1318,0.9449,-0.000241,0.0858,0.0002
23.655,STANCE,1.0376,1.4756,-0.0693,-2.3635,0.0414,-2.4963,0.0135,-0.1964,0.3353,-0.1643,1.0004,0.0441,1.1792,0.000151,0.0611,0.0
23.66,FLIGHT,1.036,1.4678,-0.3189,-1.6187,-1.1856,0.4316,0.0144,-0.197,0.1768,-0.115,1.0013,-1.0525,2.3871,0.000391,0.0376,0.0
23.665,FLIGHT,1.0264,1.4772,-1.4724,0.8836,-2.4241,2.8004,0.0111,-0.1964,-0.4189,0.0464,1.0032,-0.4608,1.8797,0.00054,0.0225,0.0
23.67,FLIGHT,1.0141,1.4911,-2.131,2.1286,-2.3328,2.4455,0.0067,-0.1955,-0.725,0.1451,1.0052,-0.031,1.5225,0.000619,0.0096,0.0
23.675,FLIGHT,1.004,1.5004,-2.0167,1.876,-1.688,1.2846,0.0034,-0.1949,-0.6619,0.1389,1.0069,0.0451,1.4703,0.000641,-0.0004,0.0001
23.68,FLIGHT,0.997,1.5048,-1.5753,1.165,-1.1744,0.5912,0.0014,-0.1946,-0.4724,0.0902,1.0083,-0.0472,1.558,0.000618,-0.0076,0.0015
23.685,FLIGHT,0.9918,1.5073,-1.2044,0.7159,-0.953,0.4906,-0.0,-0.1944,-0.3356,0.0576,1.0096,-0.1248,1.6278,0.000573,-0.0102,0.002
23.69,FLIGHT,0.9872,1.51,-1.0047,0.6109,-0.885,0.6128,-0.0013,-0.1941,-0.2813,0.051,1.0109,-0.1349,1.6376,0.00052,-0.0107,0.0021
23.695,FLIGHT,0.9829,1.5133,-0.9017,0.6438,-0.8241,0.6761,-0.0026,-0.1939,-0.2653,0.0554,1.0122,-0.108,1.616,0.000467,-0.0102,0.002
23.7,FLIGHT,0.979,1.5166,-0.8117,0.6516,-0.7245,0.63,-0.0038,-0.1936,-0.2484,0.0575,1.0136,-0.0819,1.596,0.000418,-0.0093,0.0019
23.705,FLIGHT,0.9757,1.5195,-0.7065,0.6019,-0.6074,0.5408,-0.0049,-0.1933,-0.2205,0.0542,1.0148,-0.0702,1.5884,0.000374,-0.0083,0.0017
23.71,FLIGHT,0.9729,1.522,-0.5966,0.53,-0.5014,0.4675,-0.0057,-0.1931,-0.1889,0.0485,1.0161,-0.0678,1.5887,0.000335,-0.0072,0.0014
23.715,FLIGHT,0.9706,1.5243,-0.4975,0.4691,-0.4162,0.4237,-0.0065,-0.1929,-0.161,0.0434,1.0173,-0.0669,1.5898,0.000302,-0.0061,0.0012
23.72,FLIGHT,0.9687,1.5263,-0.4148,0.4274,-0.3475,0.3968,-0.0071,-0.1927,-0.139,0.0398,1.0185,-0.0642,1.5891,0.000274,-0.005,0.001
23.725,FLIGHT,0.9671,1.5282,-0.3455,0.3976,-0.2881,0.3736,-0.0077,-0.1925,-0.1214,0.0372,1.0196,-0.0603,1.587,0.000252,-0.004,0.0008
23.73,FLIGHT,0.9658,1.53,-0.2853,0.3718,-0.2346,0.3494,-0.0082,-0.1923,-0.1061,0.0348,1.0208,-0.0565,1.585,0.000234,-0.0031,0.0006
23.735,FLIGHT,0.9648,1.5317,-0.2317,0.3472,-0.1863,0.3256,-0.0086,-0.1922,-0.0923,0.0324,1.0219,-0.0536,1.5836,0.000221,-0.0024,0.0005
23.74,FLIGHT,0.964,1.5333,-0.1839,0.324,-0.1439,0.3043,-0.009,-0.192,-0.0798,0.0301,1.023,-0.0514,1.5828,0.000211,-0.0017,0.0003
23.745,FLIGHT,0.9633,1.5348,-0.1421,0.3034,-0.1071,0.2862,-0.0093,-0.1919,-0.0689,0.0281,1.024,-0.0497,1.5822,0.000203,-0.0012,0.0002
23.75,FLIGHT,0.9629,1.5362,-0.1057,0.2855,-0.0754,0.2706,-0.0096,-0.1918,-0.0594,0.0263,1.025,-0.0482,1.5817,0.000198,-0.0008,0.0002
23.755,FLIGHT,0.9626,1.5375,-0.0742,0.2699,-0.048,0.2568,-0.0099,-0.1917,-0.0511,0.0247,1.026,-0.0469,1.5813,0.000195,-0.0005,0.0001
23.76,FLIGHT,0.9624,1.5387,-0.0469,0.256,-0.0243,0.2443,-0.0101,-0.1916,-0.044,0.0232,1.027,-0.0457,1.5809,0.000193,-0.0002,0.0
23.765,FLIGHT,0.9623,1.5399,-0.0234,0.2435,-0.0037,0.2328,-0.0102,-0.1914,-0.0377,0.0219,1.0279,-0.0447,1.5806,0.000192,-0.0001,0.0
23.77,FLIGHT,0.9624,1.5411,-0.003,0.2322,0.014,0.2225,-0.0104,-0.1913,-0.0322,0.0207,1.0288,-0.044,1.5804,0.000192,0.0001,0.0
23.775,FLIGHT,0.9625,1.5422,0.0146,0.2219,0.0291,0.2131,-0.0105,-0.1912,-0.0275,0.0197,1.0297,-0.0433,1.5803,0.000193,0.0002,0.0
23.78,FLIGHT,0.9626,1.5432,0.0296,0.2125,0.0421,0.2045,-0.0106,-0.1912,-0.0233,0.0187,1.0305,-0.0428,1.5803,0.000194,0.0003,0.0
23.785,FLIGHT,0.9629,1.5442,0.0425,0.204,0.0531,0.1966,-0.0107,-0.1911,-0.0197,0.0178,1.0314,-0.0423,1.5802,0.000196,0.0003,0.0
23.79,FLIGHT,0.9632,1.5452,0.0534,0.1961,0.0624,0.1894,-0.0108,-0.191,-0.0165,0.017,1.0322,-0.042,1.5803,0.000197,0.0003,0.0
23.795,FLIGHT,0.9635,1.5461,0.0627,0.1889,0.0702,0.1827,-0.0109,-0.1909,-0.0138,0.0163,1.0329,-0.0417,1.5803,0.000199,0.0003,0.0
23.8,FLIGHT,0.9639,1.547,0.0704,0.1822,0.0768,0.1765,-0.0109,-0.1908,-0.0114,0.0156,1.0337,-0.0415,1.5804,0.000201,0.0003,0.0
23.805,FLIGHT,0.9643,1.5479,0.077,0.176,0.0823,0.1706,-0.0109,-0.1908,-0.0093,0.015,1.0344,-0.0414,1.5805,0.000203,0.0003,0.0
23.81,FLIGHT,0.9647,1.5487,0.0824,0.1702,0.0868,0.1652,-0.011,-0.1907,-0.0074,0.0144,1.0351,-0.0413,1.5807,0.000204,0.0003,0.0
23.815,FLIGHT,0.9651,1.5495,0.0868,0.1648,0.0904,0.1601,-0.011,-0.1906,-0.0059,0.0139,1.0357,-0.0412,1.5808,0.000206,0.0003,0.0
23.82,FLIGHT,0.9656,1.5503,0.0904,0.1597,0.0933,0.1553,-0.011,-0.1906,-0.0045,0.0134,1.0364,-0.0412,1.581,0.000207,0.0003,0.0
23.825,FLIGHT,0.9661,1.5511,0.0933,0.1549,0.0956,0.1507,-0.011,-0.1905,-0.0033,0.0129,1.037,-0.0412,1.5812,0.000208,0.0002,0.0
23.83,FLIGHT,0.9666,1.5518,0.0956,0.1504,0.0973,0.1464,-0.0111,-0.1904,-0.0022,0.0125,1.0375,-0.0412,1.5813,0.00021,0.0002,0.0
23.835,FLIGHT,0.967,1.5525,0.0973,0.1461,0.0986,0.1423,-0.0111,-0.1904,-0.0013,0.0121,1.0381,-0.0412,1.5815,0.000211,0.0002,0.0
23.84,FLIGHT,0.9675,1.5532,0.0985,0.142,0.0995,0.1384,-0.0111,-0.1903,-0.0005,0.0117,1.0386,-0.0413,1.5817,0.000212,0.0002,0.0
23.845,FLIGHT,0.968,1.5539,0.0994,0.1381,0.1,0.1347,-0.0111,-0.1903,0.0002,0.0113,1.0391,-0.0414,1.5819,0.000212,0.0002,0.0
23.85,FLIGHT,0.9685,1.5546,0.0999,0.1344,0.1002,0.1311,-0.0111,-0.1902,0.0008,0.011,1.0396,-0.0415,1.5821,0.000213,0.0001,0.0
23.855,FLIGHT,0.969,1.5552,0.1001,0.1308,0.1002,0.1277,-0.011,-0.1901,0.0013,0.0107,1.04,-0.0416,1.5823,0.000214,0.0001,0.0
23.86,FLIGHT,0.9695,1.5559,0.1001,0.1274,0.0999,0.1244,-0.011,-0.1901,0.0017,0.0104,1.0405,-0.0417,1.5825,0.000214,0.0001,0.0
23.865,FLIGHT,0.97,1.5565,0.0998,0.1241,0.0995,0.1212,-0.011,-0.19,0.0021,0.0101,1.0409,-0.0418,1.5827,0.000215,0.0001,0.0
23.87,FLIGHT,0.9705,1.5571,0.0994,0.1209,0.0989,0.1182,-0.011,-0.19,0.0025,0.0098,1.0412,-0.0419,1.583,0.000215,0.0001,0.0
23.875,FLIGHT,0.971,1.5577,0.0988,0.1179,0.0982,0.1152,-0.011,-0.1899,0.0028,0.0096,1.0416,-0.0421,1.5832,0.000215,0.0001,0.0
23.88,FLIGHT,0.9715,1.5582,0.0981,0.115,0.0974,0.1124,-0.011,-0.1899,0.003,0.0093,1.0419,-0.0422,1.5834,0.000215,0.0,0.0
23.885,FLIGHT,0.972,1.5588,0.0973,0.1121,0.0965,0.1096,-0.011,-0.1899,0.0033,0.0091,1.0422,-0.0423,1.5836,0.000216,0.0,0.0
23.89,FLIGHT,0.9725,1.5593,0.0964,0.1094,0.0955,0.107,-0.0109,-0.1898,0.0034,0.0088,1.0425,-0.0425,1.5838,0.000216,0.0,0.0
23.895,FLIGHT,0.973,1.5598,0.0954,0.1067,0.0945,0.1044,-0.0109,-0.1898,0.0036,0.0086,1.0427,-0.0426,1.584,0.000216,0.0,0.0
23.9,FLIGHT,0.9734,1.5604,0.0944,0.1041,0.0934,0.1019,-0.0109,-0.1897,0.0038,0.0084,1.0429,-0.0427,1.5842,0.000216,0.0,0.0
23.905,FLIGHT,0.9739,1.5609,0.0933,0.1017,0.0923,0.0995,-0.0109,-0.1897,0.0039,0.0082,1.0431,-0.0429,1.5844,0.000216,0.0,0.0
23.91,FLIGHT,0.9743,1.5614,0.0921,0.0992,0.0911,0.0971,-0.0109,-0.1897,0.004,0.008,1.0433,-0.043,1.5845,0.000216,-0.0,0.0
23.915,FLIGHT,0.9748,1.5618,0.091,0.0969,0.0899,0.0948,-0.0108,-0.1896,0.0041,0.0078,1.0434,-0.0432,1.5847,0.000216,-0.0,0.0
23.92,FLIGHT,0.9752,1.5623,0.0898,0.0946,0.0887,0.0926,-0.0108,-0.1896,0.0042,0.0076,1.0436,-0.0433,1.5849,0.000216,-0.0,0.0
23.925,FLIGHT,0.9757,1.5628,0.0886,0.0924,0.0875,0.0904,-0.0108,-0.1895,0.0043,0.0074,1.0437,-0.0434,1.5851,0.000216,-0.0,0.0
23.93,FLIGHT,0.9761,1.5632,0.0874,0.0902,0.0863,0.0883,-0.0108,-0.1895,0.0043,0.0072,1.0437,-0.0436,1.5853,0.000216,-0.0,0.0
23.935,FLIGHT,0.9766,1.5636,0.0862,0.0881,0.0851,0.0863,-0.0108,-0.1895,0.0044,0.007,1.0438,-0.0437,1.5855,0.000216,-0.0,0.0
23.94,FLIGHT,0.977,1.5641,0.085,0.0861,0.0839,0.0843,-0.0107,-0.1894,0.0044,0.0069,1.0438,-0.0438,1.5856,0.000215,-0.0,0.0
23.945,FLIGHT,0.9774,1.5645,0.0838,0.0841,0.0827,0.0824,-0.0107,-0.1894,0.0044,0.0067,1.0438,-0.044,1.5858,0.000215,-0.0,0.0
23.95,FLIGHT,0.9778,1.5649,0.0826,0.0822,0.0815,0.0805,-0.0107,-0.1894,0.0045,0.0065,1.0438,-0.0441,1.586,0.000215,-0.0,0.0
23.955,FLIGHT,0.9782,1.5653,0.0814,0.0803,0.0803,0.0787,-0.0107,-0.1893,0.0045,0.0064,1.0438,-0.0442,1.5862,0.000215,-0.0,0.0
23.96,FLIGHT,0.9786,1.5657,0.0802,0.0785,0.0791,0.0769,-0.0106,-0.1893,0.0045,0.0062,1.0437,-0.0444,1.5863,0.000215,-0.0,0.0
23.965,FLIGHT,0.979,1.5661,0.079,0.0767,0.0779,0.0751,-0.0106,-0.1893,0.0045,0.0061,1.0436,-0.0445,1.5865,0.000215,-0.0,0.0
23.97,FLIGHT,0.9794,1.5664,0.0778,0.075,0.0768,0.0735,-0.0106,-0.1892,0.0045,0.0059,1.0435,-0.0446,1.5866,0.000215,-0.0,0.0
23.975,FLIGHT,0.9798,1.5668,0.0767,0.0733,0.0756,0.0718,-0.0106,-0.1892,0.0046,0.0058,1.0434,-0.0447,1.5868,0.000215,-0.0,0.0
23.98,FLIGHT,0.9801,1.5672,0.0755,0.0717,0.0745,0.0702,-0.0106,-0.1892,0.0046,0.0057,1.0433,-0.0449,1.5869,0.000215,-0.0,0.0
23.985,FLIGHT,0.9805,1.5675,0.0744,0.0701,0.0734,0.0686,-0.0105,-0.1892,0.0046,0.0055,1.0431,-0.045,1.5871,0.000214,-0.0,0.0
23.99,FLIGHT,0.9809,1.5678,0.0733,0.0685,0.0723,0.0671,-0.0105,-0.1891,0.0046,0.0054,1.0429,-0.0451,1.5872,0.000214,-0.0,0.0
23.995,FLIGHT,0.9812,1.5682,0.0722,0.067,0.0712,0.0656,-0.0105,-0.1891,0.0046,0.0053,1.0427,-0.0452,1.5874,0.000214,-0.0,0.0
24.0,FLIGHT,0.9816,1.5685,0.0711,0.0655,0.0701,0.0642,-0.0105,-0.1891,0.0045,0.0052,1.0425,-0.0454,1.5875,0.000214,-0.0,0.0
24.005,FLIGHT,0.9819,1.5688,0.07,0.064,0.069,0.0628,-0.0104,-0.1891,0.0045,0.0051,1.0422,-0.0455,1.5877,0.000214,-0.0,0.0
24.01,FLIGHT,0.9823,1.5691,0.0689,0.0626,0.068,0.0614,-0.0104,-0.189,0.0045,0.0049,1.0419,-0.0456,1.5878,0.000214,-0.0,0.0
24.015,FLIGHT,0.9826,1.5694,0.0679,0.0613,0.067,0.06,-0.0104,-0.189,0.0045,0.0048,1.0416,-0.0457,1.588,0.000214,-0.0,0.0
24.02,FLIGHT,0.9829,1.5697,0.0669,0.0599,0.066,0.0587,-0.0104,-0.189,0.0045,0.0047,1.0413,-0.0458,1.5881,0.000214,-0.0,0.0
24.025,FLIGHT,0.9833,1.57,0.0659,0.0586,0.065,0.0575,-0.0104,-0.189,0.0045,0.0046,1.041,-0.0459,1.5882,0.000214,-0.0,0.0
24.03,FLIGHT,0.9836,1.5703,0.0649,0.0574,0.064,0.0562,-0.0103,-0.1889,0.0045,0.0045,1.0406,-0.046,1.5884,0.000213,-0.0,0.0
24.035,FLIGHT,0.9839,1.5706,0.0639,0.0561,0.063,0.055,-0.0103,-0.1889,0.0045,0.0044,1.0402,-0.0461,1.5885,0.000213,-0.0,0.0
24.04,FLIGHT,0.9842,1.5709,0.0629,0.0549,0.0621,0.0538,-0.0103,-0.1889,0.0044,0.0043,1.0398,-0.0462,1.5886,0.000213,-0.0,0.0
24.045,FLIGHT,0.9845,1.5711,0.062,0.0537,0.0611,0.0527,-0.0103,-0.1889,0.0044,0.0042,1.0394,-0.0464,1.5887,0.000213,-0.0,0.0
24.05,FLIGHT,0.9848,1.5714,0.061,0.0526,0.0602,0.0516,-0.0102,-0.1889,0.0044,0.0041,1.039,-0.0465,1.5889,0.000213,-0.0,0.0
24.055,FLIGHT,0.9851,1.5716,0.0601,0.0515,0.0593,0.0505,-0.0102,-0.1888,0.0044,0.004,1.0385,-0.0466,1.589,0.000213,-0.0,0.0
24.06,FLIGHT,0.9854,1.5719,0.0592,0.0504,0.0584,0.0494,-0.0102,-0.1888,0.0043,0.0039,1.0381,-0.0467,1.5891,0.000213,-0.0,0.0
24.065,FLIGHT,0.9857,1.5721,0.0583,0.0493,0.0575,0.0484,-0.0102,-0.1888,0.0043,0.0039,1.0376,-0.0468,1.5892,0.000213,-0.0,0.0
24.07,FLIGHT,0.986,1.5724,0.0574,0.0483,0.0566,0.0474,-0.0102,-0.1888,0.0043,0.0038,1.0371,-0.0469,1.5893,0.000213,-0.0,0.0
24.075,FLIGHT,0.9863,1.5726,0.0565,0.0473,0.0558,0.0464,-0.0101,-0.1888,0.0043,0.0037,1.0365,-0.047,1.5895,0.000213,-0.0,0.0
24.08,FLIGHT,0.9866,1.5728,0.0557,0.0463,0.0549,0.0454,-0.0101,-0.1887,0.0042,0.0036,1.036,-0.0471,1.5896,0.000213,-0.0,0.0
24.085,FLIGHT,0.9868,1.5731,0.0548,0.0453,0.0541,0.0445,-0.0101,-0.1887,0.0042,0.0035,1.0354,-0.0472,1.5897,0.000213,-0.0,0.0
24.09,FLIGHT,0.9871,1.5733,0.054,0.0444,0.0533,0.0436,-0.0101,-0.1887,0.0042,0.0035,1.0348,-0.0473,1.5898,0.000213,-0.0,0.0
24.095,FLIGHT,0.9874,1.5735,0.0532,0.0435,0.0524,0.0427,-0.0101,-0.1887,0.0041,0.0034,1.0342,-0.0474,1.5899,0.000213,-0.0,0.0
24.1,FLIGHT,0.9876,1.5737,0.0524,0.0426,0.0516,0.0418,-0.01,-0.1887,0.0041,0.0033,1.0336,-0.0475,1.59,0.000213,-0.0,0.0
24.105,FLIGHT,0.9879,1.5739,0.0516,0.0417,0.0508,0.041,-0.01,-0.1887,0.0041,0.0032,1.033,-0.0475,1.5901,0.000212,-0.0,0.0
24.11,FLIGHT,0.9881,1.5741,0.0508,0.0409,0.0501,0.0402,-0.01,-0.1886,0.004,0.0032,1.0323,-0.0476,1.5902,0.000212,-0.0,0.0
24.115,FLIGHT,0.9884,1.5743,0.05,0.0401,0.0493,0.0394,-0.01,-0.1886,0.004,0.0031,1.0316,-0.0477,1.5903,0.000212,-0.0,0.0
24.12,FLIGHT,0.9886,1.5745,0.0492,0.0393,0.0485,0.0386,-0.01,-0.1886,0.0039,0.0031,1.0309,-0.0478,1.5904,0.000212,-0.0,0.0
24.125,FLIGHT,0.9889,1.5747,0.0485,0.0385,0.0478,0.0378,-0.0099,-0.1886,0.0039,0.003,1.0302,-0.0479,1.5905,0.000212,-0.0,0.0
24.13,FLIGHT,0.9891,1.5749,0.0477,0.0378,0.047,0.0371,-0.0099,-0.1886,0.0039,0.0029,1.0295,-0.048,1.5906,0.000212,-0.0,0.0
24.135,FLIGHT,0.9893,1.5751,0.047,0.037,0.0463,0.0364,-0.0099,-0.1886,0.0038,0.0029,1.0287,-0.0481,1.5907,0.000212,-0.0,0.0
24.14,FLIGHT,0.9896,1.5752,0.0462,0.0363,0.0456,0.0357,-0.0099,-0.1886,0.0038,0.0028,1.028,-0.0482,1.5908,0.000212,-0.0,0.0
24.145,FLIGHT,0.9898,1.5754,0.0455,0.0356,0.0448,0.035,-0.0099,-0.1885,0.0037,0.0028,1.0272,-0.0483,1.5909,0.000212,-0.0,0.0
24.15,FLIGHT,0.99,1.5756,0.0448,0.0349,0.0441,0.0343,-0.0098,-0.1885,0.0037,0.0027,1.0264,-0.0484,1.591,0.000212,-0.0,0.0
24.155,FLIGHT,0.9902,1.5758,0.0441,0.0342,0.0434,0.0336,-0.0098,-0.1885,0.0037,0.0027,1.0256,-0.0485,1.5911,0.000212,-0.0,0.0
24.16,FLIGHT,0.9905,1.5759,0.0434,0.0336,0.0427,0.033,-0.0098,-0.1885,0.0036,0.0026,1.0248,-0.0485,1.5912,0.000212,-0.0,0.0
24.165,FLIGHT,0.9907,1.5761,0.0427,0.033,0.042,0.0324,-0.0098,-0.1885,0.0036,0.0026,1.0239,-0.0486,1.5913,0.000212,-0.0,0.0
24.17,FLIGHT,0.9909,1.5763,0.042,0.0323,0.0414,0.0318,-0.0098,-0.1885,0.0035,0.0025,1.0231,-0.0487,1.5914,0.000212,-0.0,0.0
24.175,FLIGHT,0.9911,1.5764,0.0413,0.0317,0.0407,0.0312,-0.0097,-0.1885,0.0035,0.0025,1.0222,-0.0488,1.5915,0.000212,-0.0,0.0
24.18,FLIGHT,0.9913,1.5766,0.0406,0.0311,0.04,0.0306,-0.0097,-0.1885,0.0034,0.0024,1.0213,-0.0489,1.5916,0.000212,-0.0,0.0
24.185,FLIGHT,0.9915,1.5767,0.04,0.0306,0.0394,0.0301,-0.0097,-0.1884,0.0034,0.0024,1.0204,-0.049,1.5917,0.000212,-0.0,0.0
24.19,FLIGHT,0.9917,1.5769,0.0393,0.03,0.0387,0.0295,-0.0097,-0.1884,0.0033,0.0023,1.0195,-0.0491,1.5917,0.000212,-0.0,0.0
24.195,FLIGHT,0.9919,1.577,0.0386,0.0295,0.038,0.029,-0.0097,-0.1884,0.0033,0.0023,1.0186,-0.0492,1.5918,0.000212,0.0,0.0
24.2,FLIGHT,0.9921,1.5772,0.038,0.0289,0.0374,0.0285,-0.0097,-0.1884,0.0032,0.0022,1.0176,-0.0492,1.5919,0.000212,0.0,0.0
24.205,FLIGHT,0.9922,1.5773,0.0373,0.0284,0.0368,0.028,-0.0096,-0.1884,0.0032,0.0022,1.0166,-0.0493,1.592,0.000212,0.0,0.0
24.21,FLIGHT,0.9924,1.5774,0.0367,0.0279,0.0361,0.0275,-0.0096,-0.1884,0.0031,0.0022,1.0157,-0.0494,1.5921,0.000212,0.0,0.0
24.215,FLIGHT,0.9926,1.5776,0.0361,0.0274,0.0355,0.027,-0.0096,-0.1884,0.0031,0.0021,1.0147,-0.0495,1.5922,0.000212,0.0,0.0
24.22,FLIGHT,0.9928,1.5777,0.0354,0.027,0.0349,0.0265,-0.0096,-0.1884,0.003,0.0021,1.0136,-0.0496,1.5922,0.000212,0.0,0.0
24.225,FLIGHT,0.9929,1.5778,0.0348,0.0265,0.0343,0.0261,-0.0096,-0.1884,0.003,0.0021,1.0126,-0.0497,1.5923,0.000212,0.0,0.0
24.23,FLIGHT,0.9931,1.578,0.0342,0.026,0.0336,0.0256,-0.0096,-0.1883,0.0029,0.002,1.0116,-0.0497,1.5924,0.000212,0.0,0.0
24.235,FLIGHT,0.9933,1.5781,0.0336,0.0256,0.033,0.0252,-0.0096,-0.1883,0.0028,0.002,1.0105,-0.0498,1.5925,0.000212,0.0,0.0
24.24,FLIGHT,0.9934,1.5782,0.033,0.0252,0.0324,0.0248,-0.0095,-0.1883,0.0028,0.002,1.0095,-0.0499,1.5926,0.000212,0.0,0.0
24.245,FLIGHT,0.9936,1.5783,0.0324,0.0248,0.0318,0.0244,-0.0095,-0.1883,0.0027,0.0019,1.0084,-0.05,1.5926,0.000212,0.0,0.0
24.25,FLIGHT,0.9938,1.5785,0.0318,0.0243,0.0312,0.024,-0.0095,-0.1883,0.0027,0.0019,1.0073,-0.0501,1.5927,0.000212,0.0,0.0
24.255,FLIGHT,0.9939,1.5786,0.0312,0.024,0.0306,0.0236,-0.0095,-0.1883,0.0026,0.0019,1.0062,-0.0501,1.5928,0.000212,0.0,0.0
24.26,FLIGHT,0.9941,1.5787,0.0306,0.0236,0.0301,0.0232,-0.0095,-0.1883,0.0026,0.0018,1.0051,-0.0502,1.5929,0.000212,0.0,0.0
24.265,FLIGHT,0.9942,1.5788,0.03,0.0232,0.0295,0.0228,-0.0095,-0.1883,0.0025,0.0018,1.0039,-0.0503,1.5929,0.000212,0.0,0.0
24.27,FLIGHT,0.9944,1.5789,0.0294,0.0228,0.0289,0.0225,-0.0095,-0.1883,0.0024,0.0018,1.0028,-0.0504,1.593,0.000212,0.0,0.0
24.275,FLIGHT,0.9945,1.579,0.0288,0.0225,0.0283,0.0221,-0.0095,-0.1883,0.0024,0.0017,1.0016,-0.0505,1.5931,0.000212,0.0,0.0
24.28,FLIGHT,0.9947,1.5792,0.0282,0.0221,0.0277,0.0218,-0.0094,-0.1883,0.0023,0.0017,1.0005,-0.0505,1.5932,0.000212,0.0,0.0
24.285,STANCE,0.9949,1.5795,0.0427,0.0617,0.1521,0.3478,-0.0094,-0.1882,-0.0003,0.0051,0.9993,0.1199,-0.1548,0.000122,-0.1485,0.0297
24.29,STANCE,1.0018,1.5768,1.0862,-0.4577,2.4745,-1.5146,-0.0078,-0.1885,0.2674,-0.049,0.9983,-0.4249,-0.5229,-0.001739,-0.5159,0.1049
24.295,STANCE,1.0069,1.5739,0.8994,-0.4344,0.1184,0.0754,-0.0064,-0.1888,0.2296,-0.0438,0.998,-0.6391,-1.1033,-0.002952,-0.0658,0.0161
24.3,STANCE,1.007,1.5745,0.3055,-0.0637,0.108,-0.004,-0.0065,-0.1888,0.0664,-0.0076,0.9982,-0.7208,-1.7831,-0.002997,0.0276,0.003
24.305,STANCE,1.0089,1.5729,0.4002,-0.2888,0.7056,-0.7042,-0.0059,-0.1889,0.1154,-0.0275,0.9984,-1.0946,-2.0786,-0.00278,0.0544,0.0028
24.31,STANCE,1.0133,1.5643,0.743,-1.2896,1.0679,-1.5948,-0.0039,-0.1897,0.3201,-0.1129,0.9984,-1.5782,-1.8232,-0.002278,0.0711,0.0023
24.315,STANCE,1.0202,1.5538,1.2092,-1.9769,1.5049,-3.6637,-0.0011,-0.1906,0.5079,-0.1653,0.9984,-2.0575,-1.4713,-0.002176,0.0393,0.0022
24.32,STANCE,1.0275,1.5404,1.358,-2.3604,1.3399,-2.322,0.0022,-0.1917,0.5955,-0.1859,0.9985,-2.2975,-1.0428,-0.002248,-0.0483,0.0119
24.325,STANCE,1.0323,1.5266,1.0678,-2.634,0.7774,-2.4606,0.0051,-0.1927,0.5838,-0.1983,0.9986,-2.171,-0.5441,-0.002255,-0.0165,0.0056
24.33,STANCE,1.0341,1.5142,0.5552,-2.4936,0.1321,-2.0462,0.0072,-0.1937,0.4681,-0.1837,0.9988,-1.7458,-0.1657,-0.002114,0.0245,0.0021
24.335,STANCE,1.0331,1.503,0.0223,-2.3133,-0.2503,-1.8883,0.0086,-0.1945,0.3406,-0.1706,0.9991,-1.1489,0.2046,-0.001741,0.0517,0.0017
24.34,STANCE,1.0311,1.4919,-0.2601,-2.2501,-0.2821,-1.9979,0.0099,-0.1953,0.2777,-0.1657,0.9994,-0.5786,0.5964,-0.001315,0.0529,0.0013
24.345,STANCE,1.0295,1.4801,-0.2979,-2.3433,-0.2582,-2.4668,0.0113,-0.1962,0.2854,-0.1697,0.9998,-0.1362,0.9754,-0.000917,0.0771,0.0009
24.35,STANCE,1.0286,1.4676,-0.2102,-2.4546,-0.0872,-2.465,0.0129,-0.1971,0.3208,-0.1728,1.0002,0.1011,1.2232,-0.000549,0.0638,0.0005
24.355,FLIGHT,1.0277,1.458,-0.2417,-1.9644,-0.8944,-0.2013,0.0142,-0.1978,0.2432,-0.137,1.0009,-1.1974,2.5005,-0.000255,0.0725,0.0003
24.36,FLIGHT,1.0186,1.4661,-1.3919,0.6399,-2.486,2.8925,0.0112,-0.1973,-0.3687,0.0296,1.0029,-0.6174,2.0009,0.000219,0.0904,0.0
24.365,FLIGHT,1.0054,1.4815,-2.2414,2.2725,-2.6027,2.8747,0.0063,-0.1963,-0.7693,0.1555,1.0051,-0.0955,1.5655,0.000576,0.0536,0.0
24.37,FLIGHT,0.9939,1.4928,-2.2436,2.1981,-1.9606,1.6443,0.0025,-0.1955,-0.7533,0.166,1.0069,0.043,1.461,0.00077,0.0258,0.0
24.375,FLIGHT,0.9857,1.4986,-1.8028,1.4399,-1.369,0.7717,0.0,-0.1951,-0.5562,0.1151,1.0084,-0.0402,1.5425,0.000849,0.0071,0.0
24.38,FLIGHT,0.9796,1.5017,-1.3843,0.8806,-1.0894,0.5679,-0.0016,-0.1948,-0.3941,0.0738,1.0097,-0.1321,1.6257,0.000854,-0.0041,0.0008
24.385,FLIGHT,0.9744,1.5048,-1.1466,0.7073,-1.0038,0.6745,-0.003,-0.1945,-0.3225,0.0618,1.0111,-0.1531,1.6453,0.000816,-0.0103,0.0021
24.39,FLIGHT,0.9696,1.5084,-1.0282,0.7225,-0.944,0.7527,-0.0045,-0.1942,-0.3008,0.065,1.0125,-0.1267,1.6244,0.000757,-0.0132,0.0026
24.395,FLIGHT,0.9651,1.5121,-0.9337,0.7319,-0.8433,0.7118,-0.0059,-0.1939,-0.2829,0.0675,1.0139,-0.0962,1.6009,0.000687,-0.0143,0.0029
24.4,FLIGHT,0.9612,1.5154,-0.8231,0.6796,-0.7173,0.6123,-0.0071,-0.1936,-0.2535,0.0641,1.0152,-0.0804,1.5904,0.000616,-0.0141,0.0028
24.405,FLIGHT,0.9579,1.5182,-0.7038,0.5974,-0.5987,0.5238,-0.0081,-0.1933,-0.2185,0.0575,1.0165,-0.0761,1.5895,0.000547,-0.0132,0.0026
24.41,FLIGHT,0.9552,1.5207,-0.5933,0.5241,-0.5018,0.4681,-0.009,-0.1931,-0.1867,0.0511,1.0178,-0.0748,1.5906,0.000485,-0.0119,0.0024
24.415,FLIGHT,0.9528,1.523,-0.4997,0.4721,-0.4234,0.434,-0.0097,-0.1929,-0.1612,0.0464,1.019,-0.0718,1.5899,0.000429,-0.0103,0.0021
24.42,FLIGHT,0.9509,1.5251,-0.4211,0.4353,-0.3559,0.4062,-0.0104,-0.1926,-0.1407,0.0429,1.0202,-0.0672,1.5876,0.000382,-0.0087,0.0017
24.425,FLIGHT,0.9493,1.527,-0.3526,0.4046,-0.2949,0.3781,-0.011,-0.1925,-0.1231,0.0399,1.0214,-0.0627,1.5852,0.000342,-0.0072,0.0014
24.43,FLIGHT,0.9479,1.5288,-0.2915,0.3757,-0.2396,0.3505,-0.0115,-0.1923,-0.1072,0.037,1.0225,-0.0591,1.5835,0.000309,-0.0059,0.0012
24.435,FLIGHT,0.9469,1.5305,-0.2367,0.3486,-0.1905,0.3257,-0.0119,-0.1921,-0.0929,0.0341,1.0236,-0.0564,1.5824,0.000283,-0.0047,0.0009
24.44,FLIGHT,0.946,1.5321,-0.1882,0.3246,-0.1477,0.3046,-0.0123,-0.192,-0.0802,0.0316,1.0247,-0.0542,1.5816,0.000262,-0.0037,0.0007
24.445,FLIGHT,0.9454,1.5336,-0.1459,0.3038,-0.1106,0.2866,-0.0126,-0.1918,-0.0692,0.0293,1.0258,-0.0524,1.5809,0.000246,-0.0029,0.0006
24.45,FLIGHT,0.9449,1.535,-0.1091,0.2859,-0.0784,0.2708,-0.0129,-0.1917,-0.0596,0.0273,1.0268,-0.0507,1.5803,0.000233,-0.0022,0.0004
24.455,FLIGHT,0.9446,1.5363,-0.077,0.27,-0.0503,0.2567,-0.0131,-0.1916,-0.0513,0.0256,1.0278,-0.0493,1.5798,0.000224,-0.0016,0.0003
24.46,FLIGHT,0.9444,1.5375,-0.0492,0.2559,-0.0259,0.2438,-0.0133,-0.1914,-0.044,0.024,1.0288,-0.0481,1.5795,0.000217,-0.0011,0.0002
24.465,FLIGHT,0.9443,1.5387,-0.025,0.2431,-0.0048,0.2323,-0.0135,-0.1913,-0.0376,0.0225,1.0297,-0.0471,1.5792,0.000213,-0.0008,0.0002
24.47,FLIGHT,0.9444,1.5399,-0.004,0.2316,0.0134,0.2218,-0.0137,-0.1912,-0.032,0.0212,1.0306,-0.0463,1.579,0.000209,-0.0005,0.0001
24.475,FLIGHT,0.9445,1.541,0.014,0.2212,0.029,0.2124,-0.0138,-0.1911,-0.0272,0.0201,1.0315,-0.0456,1.5789,0.000208,-0.0003,0.0001
24.48,FLIGHT,0.9446,1.542,0.0295,0.2118,0.0424,0.2038,-0.0139,-0.191,-0.0229,0.019,1.0324,-0.045,1.5788,0.000207,-0.0001,0.0
24.485,FLIGHT,0.9449,1.543,0.0428,0.2032,0.0538,0.1959,-0.014,-0.191,-0.0192,0.0181,1.0332,-0.0445,1.5788,0.000207,0.0,0.0
24.49,FLIGHT,0.9452,1.544,0.0541,0.1954,0.0634,0.1886,-0.0141,-0.1909,-0.016,0.0172,1.034,-0.0442,1.5788,0.000207,0.0001,0.0
24.495,FLIGHT,0.9455,1.5449,0.0637,0.1882,0.0716,0.1819,-0.0141,-0.1908,-0.0132,0.0164,1.0348,-0.0439,1.5789,0.000208,0.0002,0.0
24.5,FLIGHT,0.9459,1.5458,0.0718,0.1815,0.0785,0.1757,-0.0142,-0.1907,-0.0107,0.0157,1.0355,-0.0437,1.579,0.000208,0.0002,0.0
24.505,FLIGHT,0.9463,1.5466,0.0786,0.1753,0.0842,0.1699,-0.0142,-0.1906,-0.0086,0.015,1.0362,-0.0435,1.5791,0.00021,0.0002,0.0
24.51,FLIGHT,0.9467,1.5475,0.0843,0.1695,0.0889,0.1645,-0.0142,-0.1906,-0.0067,0.0144,1.0369,-0.0434,1.5792,0.000211,0.0002,0.0
24.515,FLIGHT,0.9472,1.5483,0.089,0.1641,0.0928,0.1594,-0.0143,-0.1905,-0.0051,0.0139,1.0376,-0.0433,1.5793,0.000212,0.0002,0.0
24.52,FLIGHT,0.9477,1.5491,0.0928,0.159,0.0959,0.1546,-0.0143,-0.1904,-0.0037,0.0133,1.0382,-0.0433,1.5795,0.000213,0.0002,0.0
24.525,FLIGHT,0.9481,1.5498,0.0959,0.1542,0.0983,0.1501,-0.0143,-0.1904,-0.0025,0.0129,1.0388,-0.0432,1.5797,0.000214,0.0002,0.0
24.53,FLIGHT,0.9486,1.5506,0.0983,0.1497,0.1002,0.1458,-0.0143,-0.1903,-0.0014,0.0124,1.0394,-0.0433,1.5799,0.000215,0.0002,0.0
24.535,FLIGHT,0.9491,1.5513,0.1002,0.1455,0.1016,0.1417,-0.0143,-0.1903,-0.0005,0.012,1.04,-0.0433,1.5801,0.000216,0.0002,0.0
24.54,FLIGHT,0.9497,1.552,0.1016,0.1414,0.1026,0.1378,-0.0143,-0.1902,0.0003,0.0116,1.0405,-0.0433,1.5803,0.000217,0.0002,0.0
24.545,FLIGHT,0.9502,1.5527,0.1026,0.1375,0.1033,0.1341,-0.0143,-0.1901,0.001,0.0112,1.041,-0.0434,1.5805,0.000217,0.0001,0.0
24.55,FLIGHT,0.9507,1.5533,0.1032,0.1338,0.1036,0.1306,-0.0143,-0.1901,0.0016,0.0109,1.0415,-0.0435,1.5807,0.000218,0.0001,0.0
24.555,FLIGHT,0.9512,1.554,0.1035,0.1303,0.1037,0.1272,-0.0143,-0.19,0.0022,0.0106,1.0419,-0.0436,1.5809,0.000219,0.0001,0.0
24.56,FLIGHT,0.9517,1.5546,0.1036,0.1269,0.1035,0.1239,-0.0142,-0.19,0.0026,0.0103,1.0423,-0.0437,1.5811,0.000219,0.0001,0.0
24.565,FLIGHT,0.9522,1.5552,0.1034,0.1237,0.1032,0.1208,-0.0142,-0.1899,0.003,0.01,1.0427,-0.0438,1.5813,0.00022,0.0001,0.0
24.57,FLIGHT,0.9528,1.5558,0.1031,0.1205,0.1027,0.1178,-0.0142,-0.1899,0.0034,0.0097,1.0431,-0.0439,1.5815,0.00022,0.0001,0.0
24.575,FLIGHT,0.9533,1.5564,0.1026,0.1175,0.1021,0.1149,-0.0142,-0.1898,0.0037,0.0094,1.0435,-0.044,1.5817,0.00022,0.0001,0.0
24.58,FLIGHT,0.9538,1.557,0.1019,0.1146,0.1013,0.112,-0.0142,-0.1898,0.004,0.0092,1.0438,-0.0442,1.5819,0.00022,0.0,0.0
24.585,FLIGHT,0.9543,1.5575,0.1012,0.1118,0.1005,0.1093,-0.0142,-0.1898,0.0042,0.0089,1.0441,-0.0443,1.5821,0.000221,0.0,0.0
24.59,FLIGHT,0.9548,1.5581,0.1003,0.1091,0.0995,0.1067,-0.0141,-0.1897,0.0044,0.0087,1.0444,-0.0444,1.5823,0.000221,0.0,0.0
24.595,FLIGHT,0.9553,1.5586,0.0994,0.1065,0.0986,0.1041,-0.0141,-0.1897,0.0046,0.0084,1.0446,-0.0446,1.5825,0.000221,0.0,0.0
24.6,FLIGHT,0.9558,1.5591,0.0984,0.1039,0.0975,0.1017,-0.0141,-0.1896,0.0047,0.0082,1.0448,-0.0447,1.5827,0.000221,0.0,0.0
24.605,FLIGHT,0.9562,1.5596,0.0974,0.1015,0.0965,0.0993,-0.0141,-0.1896,0.0048,0.008,1.045,-0.0448,1.5829,0.000221,0.0,0.0
24.61,FLIGHT,0.9567,1.5601,0.0963,0.0991,0.0954,0.0969,-0.014,-0.1895,0.005,0.0078,1.0452,-0.045,1.5831,0.000221,-0.0,0.0
24.615,FLIGHT,0.9572,1.5606,0.0952,0.0967,0.0942,0.0947,-0.014,-0.1895,0.0051,0.0076,1.0454,-0.0451,1.5833,0.000221,-0.0,0.0
24.62,FLIGHT,0.9577,1.561,0.0941,0.0945,0.0931,0.0925,-0.014,-0.1895,0.0051,0.0074,1.0455,-0.0452,1.5835,0.000221,-0.0,0.0
24.625,FLIGHT,0.9581,1.5615,0.0929,0.0923,0.0919,0.0904,-0.014,-0.1894,0.0052,0.0072,1.0456,-0.0453,1.5837,0.000221,-0.0,0.0
24.63,FLIGHT,0.9586,1.5619,0.0918,0.0902,0.0907,0.0883,-0.0139,-0.1894,0.0053,0.0071,1.0457,-0.0455,1.5839,0.000221,-0.0,0.0
24.635,FLIGHT,0.959,1.5624,0.0906,0.0881,0.0896,0.0863,-0.0139,-0.1894,0.0053,0.0069,1.0457,-0.0456,1.584,0.000221,-0.0,0.0
24.64,FLIGHT,0.9595,1.5628,0.0894,0.0861,0.0884,0.0843,-0.0139,-0.1893,0.0054,0.0067,1.0458,-0.0457,1.5842,0.000221,-0.0,0.0
24.645,FLIGHT,0.9599,1.5632,0.0883,0.0841,0.0872,0.0824,-0.0139,-0.1893,0.0054,0.0066,1.0458,-0.0459,1.5844,0.00022,-0.0,0.0
24.65,FLIGHT,0.9604,1.5636,0.0871,0.0822,0.0861,0.0805,-0.0138,-0.1893,0.0054,0.0064,1.0458,-0.046,1.5846,0.00022,-0.0,0.0
24.655,FLIGHT,0.9608,1.564,0.086,0.0804,0.0849,0.0787,-0.0138,-0.1892,0.0055,0.0062,1.0457,-0.0461,1.5847,0.00022,-0.0,0.0
24.66,FLIGHT,0.9612,1.5644,0.0848,0.0786,0.0838,0.077,-0.0138,-0.1892,0.0055,0.0061,1.0457,-0.0462,1.5849,0.00022,-0.0,0.0
24.665,FLIGHT,0.9616,1.5648,0.0837,0.0768,0.0826,0.0753,-0.0137,-0.1892,0.0055,0.006,1.0456,-0.0464,1.5851,0.00022,-0.0,0.0
24.67,FLIGHT,0.962,1.5652,0.0825,0.0751,0.0815,0.0736,-0.0137,-0.1892,0.0055,0.0058,1.0455,-0.0465,1.5852,0.00022,-0.0,0.0
24.675,FLIGHT,0.9624,1.5655,0.0814,0.0734,0.0804,0.072,-0.0137,-0.1891,0.0055,0.0057,1.0454,-0.0466,1.5854,0.00022,-0.0,0.0
24.68,FLIGHT,0.9628,1.5659,0.0803,0.0718,0.0793,0.0704,-0.0137,-0.1891,0.0055,0.0055,1.0452,-0.0467,1.5855,0.00022,-0.0,0.0
24.685,FLIGHT,0.9632,1.5662,0.0792,0.0702,0.0782,0.0688,-0.0136,-0.1891,0.0055,0.0054,1.0451,-0.0468,1.5857,0.00022,-0.0,0.0
24.69,FLIGHT,0.9636,1.5666,0.0781,0.0687,0.0771,0.0673,-0.0136,-0.189,0.0055,0.0053,1.0449,-0.047,1.5859,0.000219,-0.0,0.0
24.695,FLIGHT,0.964,1.5669,0.077,0.0672,0.0761,0.0659,-0.0136,-0.189,0.0055,0.0052,1.0447,-0.0471,1.586,0.000219,-0.0,0.0
24.7,FLIGHT,0.9644,1.5672,0.076,0.0657,0.075,0.0644,-0.0135,-0.189,0.0055,0.005,1.0445,-0.0472,1.5862,0.000219,-0.0,0.0
24.705,FLIGHT,0.9648,1.5676,0.0749,0.0643,0.074,0.063,-0.0135,-0.189,0.0055,0.0049,1.0442,-0.0473,1.5863,0.000219,-0.0,0.0
24.71,FLIGHT,0.9651,1.5679,0.0739,0.0629,0.073,0.0617,-0.0135,-0.1889,0.0055,0.0048,1.0439,-0.0474,1.5864,0.000219,-0.0,0.0
24.715,FLIGHT,0.9655,1.5682,0.0729,0.0616,0.072,0.0604,-0.0135,-0.1889,0.0055,0.0047,1.0436,-0.0475,1.5866,0.000219,-0.0,0.0
24.72,FLIGHT,0.9658,1.5685,0.0719,0.0602,0.071,0.0591,-0.0134,-0.1889,0.0055,0.0046,1.0433,-0.0476,1.5867,0.000219,-0.0,0.0
24.725,FLIGHT,0.9662,1.5688,0.0709,0.059,0.07,0.0578,-0.0134,-0.1889,0.0055,0.0045,1.043,-0.0477,1.5869,0.000219,-0.0,0.0
24.73,FLIGHT,0.9665,1.569,0.07,0.0577,0.0691,0.0566,-0.0134,-0.1889,0.0055,0.0044,1.0426,-0.0478,1.587,0.000219,-0.0,0.0
24.735,FLIGHT,0.9669,1.5693,0.069,0.0565,0.0681,0.0554,-0.0134,-0.1888,0.0054,0.0043,1.0423,-0.0479,1.5871,0.000219,-0.0,0.0
24.74,FLIGHT,0.9672,1.5696,0.0681,0.0553,0.0672,0.0542,-0.0133,-0.1888,0.0054,0.0042,1.0419,-0.048,1.5873,0.000218,-0.0,0.0
24.745,FLIGHT,0.9676,1.5699,0.0671,0.0541,0.0663,0.0531,-0.0133,-0.1888,0.0054,0.0041,1.0415,-0.0481,1.5874,0.000218,-0.0,0.0
24.75,FLIGHT,0.9679,1.5701,0.0662,0.053,0.0654,0.052,-0.0133,-0.1888,0.0054,0.004,1.041,-0.0482,1.5875,0.000218,-0.0,0.0
24.755,FLIGHT,0.9682,1.5704,0.0653,0.0519,0.0645,0.0509,-0.0132,-0.1888,0.0054,0.0039,1.0406,-0.0483,1.5877,0.000218,-0.0,0.0
24.76,FLIGHT,0.9685,1.5706,0.0644,0.0508,0.0636,0.0499,-0.0132,-0.1887,0.0053,0.0038,1.0401,-0.0484,1.5878,0.000218,-0.0,0.0
24.765,FLIGHT,0.9688,1.5709,0.0635,0.0498,0.0628,0.0489,-0.0132,-0.1887,0.0053,0.0038,1.0396,-0.0485,1.5879,0.000218,-0.0,0.0
24.77,FLIGHT,0.9692,1.5711,0.0627,0.0488,0.0619,0.0479,-0.0132,-0.1887,0.0053,0.0037,1.0391,-0.0486,1.588,0.000218,-0.0,0.0
24.775,FLIGHT,0.9695,1.5714,0.0618,0.0478,0.0611,0.0469,-0.0131,-0.1887,0.0052,0.0036,1.0386,-0.0487,1.5881,0.000218,-0.0,0.0
24.78,FLIGHT,0.9698,1.5716,0.061,0.0468,0.0602,0.046,-0.0131,-0.1887,0.0052,0.0035,1.038,-0.0488,1.5883,0.000218,-0.0,0.0
24.785,FLIGHT,0.9701,1.5718,0.0602,0.0459,0.0594,0.045,-0.0131,-0.1886,0.0052,0.0034,1.0375,-0.0489,1.5884,0.000218,-0.0,0.0
24.79,FLIGHT,0.9704,1.572,0.0593,0.045,0.0586,0.0441,-0.0131,-0.1886,0.0052,0.0034,1.0369,-0.049,1.5885,0.000218,-0.0,0.0
24.795,FLIGHT,0.9707,1.5723,0.0585,0.0441,0.0578,0.0433,-0.013,-0.1886,0.0051,0.0033,1.0363,-0.0491,1.5886,0.000218,-0.0,0.0
24.8,FLIGHT,0.9709,1.5725,0.0577,0.0432,0.057,0.0424,-0.013,-0.1886,0.0051,0.0032,1.0357,-0.0492,1.5887,0.000218,-0.0,0.0
24.805,FLIGHT,0.9712,1.5727,0.057,0.0423,0.0563,0.0416,-0.013,-0.1886,0.005,0.0032,1.035,-0.0493,1.5888,0.000218,-0.0,0.0
24.81,FLIGHT,0.9715,1.5729,0.0562,0.0415,0.0555,0.0408,-0.013,-0.1886,0.005,0.0031,1.0344,-0.0494,1.5889,0.000218,-0.0,0.0
24.815,FLIGHT,0.9718,1.5731,0.0554,0.0407,0.0547,0.04,-0.0129,-0.1885,0.005,0.003,1.0337,-0.0495,1.5891,0.000218,-0.0,0.0
24.82,FLIGHT,0.972,1.5733,0.0546,0.0399,0.054,0.0392,-0.0129,-0.1885,0.0049,0.003,1.033,-0.0496,1.5892,0.000218,-0.0,0.0
24.825,FLIGHT,0.9723,1.5735,0.0539,0.0392,0.0532,0.0385,-0.0129,-0.1885,0.0049,0.0029,1.0323,-0.0497,1.5893,0.000218,-0.0,0.0
24.83,FLIGHT,0.9726,1.5737,0.0531,0.0384,0.0525,0.0377,-0.0129,-0.1885,0.0049,0.0029,1.0316,-0.0497,1.5894,0.000217,-0.0,0.0
24.835,FLIGHT,0.9728,1.5739,0.0524,0.0377,0.0518,0.037,-0.0128,-0.1885,0.0048,0.0028,1.0308,-0.0498,1.5895,0.000217,-0.0,0.0
24.84,FLIGHT,0.9731,1.5741,0.0517,0.037,0.051,0.0363,-0.0128,-0.1885,0.0048,0.0027,1.0301,-0.0499,1.5896,0.000217,-0.0,0.0
24.845,FLIGHT,0.9734,1.5742,0.051,0.0363,0.0503,0.0357,-0.0128,-0.1885,0.0047,0.0027,1.0293,-0.05,1.5897,0.000217,-0.0,0.0
24.85,FLIGHT,0.9736,1.5744,0.0503,0.0356,0.0496,0.035,-0.0128,-0.1885,0.0047,0.0026,1.0285,-0.0501,1.5898,0.000217,-0.0,0.0
24.855,FLIGHT,0.9738,1.5746,0.0495,0.035,0.0489,0.0344,-0.0127,-0.1884,0.0046,0.0026,1.0277,-0.0502,1.5899,0.000217,-0.0,0.0
24.86,FLIGHT,0.9741,1.5748,0.0489,0.0343,0.0482,0.0337,-0.0127,-0.1884,0.0046,0.0025,1.0269,-0.0503,1.59,0.000217,-0.0,0.0
24.865,FLIGHT,0.9743,1.5749,0.0482,0.0337,0.0475,0.0331,-0.0127,-0.1884,0.0045,0.0025,1.026,-0.0504,1.5901,0.000217,-0.0,0.0
24.87,FLIGHT,0.9746,1.5751,0.0475,0.0331,0.0469,0.0325,-0.0127,-0.1884,0.0045,0.0024,1.0252,-0.0504,1.5902,0.000217,-0.0,0.0
24.875,FLIGHT,0.9748,1.5752,0.0468,0.0325,0.0462,0.032,-0.0127,-0.1884,0.0044,0.0024,1.0243,-0.0505,1.5903,0.000217,-0.0,0.0
24.88,FLIGHT,0.975,1.5754,0.0461,0.0319,0.0455,0.0314,-0.0126,-0.1884,0.0044,0.0024,1.0234,-0.0506,1.5904,0.000217,-0.0,0.0
24.885,FLIGHT,0.9753,1.5756,0.0455,0.0314,0.0449,0.0309,-0.0126,-0.1884,0.0043,0.0023,1.0225,-0.0507,1.5905,0.000217,-0.0,0.0
24.89,FLIGHT,0.9755,1.5757,0.0448,0.0308,0.0442,0.0303,-0.0126,-0.1884,0.0043,0.0023,1.0216,-0.0508,1.5905,0.000217,-0.0,0.0
24.895,FLIGHT,0.9757,1.5759,0.0441,0.0303,0.0435,0.0298,-0.0126,-0.1883,0.0042,0.0022,1.0207,-0.0509,1.5906,0.000217,0.0,0.0
24.9,FLIGHT,0.9759,1.576,0.0435,0.0298,0.0429,0.0293,-0.0126,-0.1883,0.0042,0.0022,1.0197,-0.051,1.5907,0.000217,0.0,0.0
24.905,FLIGHT,0.9761,1.5762,0.0428,0.0293,0.0423,0.0288,-0.0125,-0.1883,0.0041,0.0022,1.0187,-0.051,1.5908,0.000217,0.0,0.0
24.91,FLIGHT,0.9763,1.5763,0.0422,0.0288,0.0416,0.0283,-0.0125,-0.1883,0.0041,0.0021,1.0178,-0.0511,1.5909,0.000217,0.0,0.0
24.915,FLIGHT,0.9765,1.5764,0.0416,0.0283,0.041,0.0279,-0.0125,-0.1883,0.004,0.0021,1.0168,-0.0512,1.591,0.000217,0.0,0.0
24.92,FLIGHT,0.9767,1.5766,0.0409,0.0278,0.0404,0.0274,-0.0125,-0.1883,0.004,0.002,1.0158,-0.0513,1.5911,0.000217,0.0,0.0
24.925,FLIGHT,0.9769,1.5767,0.0403,0.0274,0.0397,0.0269,-0.0125,-0.1883,0.0039,0.002,1.0147,-0.0514,1.5912,0.000217,0.0,0.0
24.93,FLIGHT,0.9771,1.5768,0.0397,0.0269,0.0391,0.0265,-0.0124,-0.1883,0.0038,0.002,1.0137,-0.0514,1.5913,0.000217,0.0,0.0
24.935,FLIGHT,0.9773,1.577,0.039,0.0265,0.0385,0.0261,-0.0124,-0.1883,0.0038,0.002,1.0127,-0.0515,1.5913,0.000217,0.0,0.0
24.94,FLIGHT,0.9775,1.5771,0.0384,0.0261,0.0379,0.0257,-0.0124,-0.1883,0.0037,0.0019,1.0116,-0.0516,1.5914,0.000217,0.0,0.0
24.945,FLIGHT,0.9777,1.5772,0.0378,0.0256,0.0373,0.0253,-0.0124,-0.1882,0.0037,0.0019,1.0105,-0.0517,1.5915,0.000217,0.0,0.0
24.95,FLIGHT,0.9779,1.5774,0.0372,0.0252,0.0366,0.0249,-0.0124,-0.1882,0.0036,0.0019,1.0094,-0.0518,1.5916,0.000217,0.0,0.0
24.955,FLIGHT,0.9781,1.5775,0.0366,0.0248,0.036,0.0245,-0.0123,-0.1882,0.0035,0.0018,1.0083,-0.0519,1.5917,0.000217,0.0,0.0
24.96,FLIGHT,0.9783,1.5776,0.036,0.0245,0.0354,0.0241,-0.0123,-0.1882,0.0035,0.0018,1.0072,-0.0519,1.5917,0.000217,0.0,0.0
24.965,FLIGHT,0.9784,1.5777,0.0354,0.0241,0.0348,0.0238,-0.0123,-0.1882,0.0034,0.0018,1.0061,-0.052,1.5918,0.000217,0.0,0.0
24.97,FLIGHT,0.9786,1.5778,0.0348,0.0237,0.0342,0.0234,-0.0123,-0.1882,0.0034,0.0018,1.0049,-0.0521,1.5919,0.000218,0.0,0.0
24.975,FLIGHT,0.9788,1.578,0.0342,0.0234,0.0336,0.0231,-0.0123,-0.1882,0.0033,0.0017,1.0038,-0.0522,1.592,0.000218,0.0,0.0
24.98,FLIGHT,0.9789,1.5781,0.0336,0.023,0.0331,0.0227,-0.0123,-0.1882,0.0032,0.0017,1.0026,-0.0523,1.5921,0.000218,0.0,0.0
24.985,FLIGHT,0.9791,1.5782,0.033,0.0227,0.0325,0.0224,-0.0122,-0.1882,0.0032,0.0017,1.0014,-0.0523,1.5921,0.000218,0.0,0.0
24.99,FLIGHT,0.9793,1.5783,0.0324,0.0224,0.0319,0.0221,-0.0122,-0.1882,0.0031,0.0017,1.0002,-0.0524,1.5922,0.000218,0.0,0.0
24.995,STANCE,0.9808,1.5785,0.2846,0.0284,1.1871,-0.3742,-0.012,-0.1882,0.0497,-0.0008,0.9991,0.0537,-0.3769,-0.000397,-0.3575,0.0719
25.0,STANCE,0.9916,1.572,1.6356,-0.9604,1.9754,-1.391,-0.009,-0.1889,0.4398,-0.1006,0.998,-0.6914,-0.5632,-0.002787,-0.4054,0.0839
25.005,STANCE,0.9946,1.5703,0.8233,-0.4541,-0.1112,0.2327,-0.0082,-0.189,0.2177,-0.0471,0.9979,-0.6638,-1.3376,-0.003618,-0.0287,0.0094
25.01,STANCE,0.9942,1.5712,0.2212,-0.0518,0.1032,-0.0717,-0.0084,-0.189,0.0489,-0.0065,0.9981,-0.7236,-2.0048,-0.003521,0.0492,0.0035
25.015,STANCE,0.9964,1.5678,0.4091,-0.5779,0.6853,-2.4717,-0.0076,-0.1893,0.1567,-0.054,0.9982,-1.1152,-2.1138,-0.003162,0.161,0.0032
25.02,STANCE,1.0014,1.5584,0.8415,-1.4295,1.462,-2.0883,-0.0053,-0.1901,0.3578,-0.1277,0.9984,-1.6052,-1.8393,-0.0027,-0.0054,0.0038
25.025,STANCE,1.0091,1.5436,1.3055,-2.4306,1.4236,-2.3237,-0.0018,-0.1914,0.5909,-0.2042,0.9983,-2.0704,-1.2476,-0.002702,0.0007,0.0027
25.03,STANCE,1.0157,1.5289,1.2929,-2.8442,1.2145,-3.1177,0.0015,-0.1926,0.6529,-0.2256,0.9983,-2.1867,-0.7409,-0.002814,-0.0504,0.0129
25.035,STANCE,1.02,1.5137,0.9449,-2.979,0.5139,-2.6869,0.0045,-0.1938,0.6108,-0.2258,0.9984,-1.9772,-0.2478,-0.002955,-0.0204,0.007
25.04,STANCE,1.02,1.5002,0.273,-2.7589,-0.3857,-2.6221,0.0065,-0.1948,0.4521,-0.206,0.9986,-1.4281,0.1219,-0.002759,0.08,0.0028
25.045,STANCE,1.0175,1.4883,-0.2624,-2.4876,-0.4894,-2.0609,0.0077,-0.1957,0.31,-0.186,0.999,-0.7964,0.4587,-0.002389,0.0471,0.0024
25.05,STANCE,1.0146,1.476,-0.4842,-2.4876,-0.539,-2.5442,0.0089,-0.1967,0.2679,-0.1849,0.9993,-0.2567,0.8618,-0.001974,0.0792,0.002
25.055,STANCE,1.0123,1.4629,-0.4556,-2.5941,-0.3745,-2.6957,0.0104,-0.1976,0.2906,-0.1889,0.9997,0.1081,1.2056,-0.001596,0.0764,0.0016
25.06,FLIGHT,1.0114,1.4507,-0.2547,-2.4692,-0.0128,-2.2228,0.012,-0.1985,0.3137,-0.1743,1.0002,-1.175,2.4919,-0.001366,0.0238,0.0014
25.065,FLIGHT,1.0081,1.4479,-0.6388,-0.9344,-1.6254,1.4978,0.0118,-0.1987,0.0109,-0.0724,1.0016,-0.9728,2.3005,-0.001182,0.0699,0.0012
25.07,FLIGHT,0.997,1.4607,-1.7627,1.5223,-2.5747,3.1175,0.0077,-0.1979,-0.5708,0.0974,1.0038,-0.3445,1.7695,-0.000682,0.1222,0.0007
25.075,FLIGHT,0.9845,1.4749,-2.2317,2.364,-2.2679,2.3583,0.0032,-0.1969,-0.7794,0.1744,1.006,0.0109,1.4801,-5e-05,0.1234,0.0001
25.08,FLIGHT,0.9749,1.4837,-1.9827,1.8812,-1.5857,1.2017,0.0,-0.1962,-0.6569,0.1493,1.0077,0.0256,1.4803,0.000438,0.0735,0.0
25.085,FLIGHT,0.9683,1.488,-1.5164,1.1667,-1.1295,0.6499,-0.0019,-0.1959,-0.4621,0.0973,1.0092,-0.0799,1.5774,0.000712,0.0384,0.0
25.09,FLIGHT,0.9631,1.4911,-1.1769,0.7956,-0.9587,0.636,-0.0033,-0.1956,-0.3423,0.0692,1.0106,-0.1436,1.6342,0.000842,0.0156,0.0
25.095,FLIGHT,0.9585,1.4946,-1.0063,0.7385,-0.9031,0.7586,-0.0047,-0.1953,-0.3001,0.0662,1.0121,-0.1393,1.6319,0.000882,0.0014,0.0
25.1,FLIGHT,0.9541,1.4985,-0.9109,0.7697,-0.832,0.7859,-0.0061,-0.195,-0.2849,0.0705,1.0136,-0.1077,1.607,0.000866,-0.0071,0.0014
25.105,FLIGHT,0.9502,1.5023,-0.8153,0.7545,-0.7213,0.7116,-0.0074,-0.1946,-0.2634,0.0705,1.015,-0.0833,1.589,0.000817,-0.0119,0.0024
25.11,FLIGHT,0.9469,1.5056,-0.7036,0.6856,-0.6004,0.6125,-0.0085,-0.1943,-0.2315,0.0652,1.0164,-0.0739,1.5839,0.000751,-0.0141,0.0028
25.115,FLIGHT,0.9442,1.5085,-0.5912,0.6053,-0.4954,0.5389,-0.0094,-0.194,-0.1981,0.0583,1.0178,-0.072,1.5849,0.000679,-0.0146,0.0029
25.12,FLIGHT,0.942,1.511,-0.4923,0.5419,-0.4115,0.4949,-0.0102,-0.1938,-0.1698,0.0526,1.0191,-0.0704,1.5855,0.000607,-0.014,0.0028
25.125,FLIGHT,0.9401,1.5134,-0.4099,0.498,-0.3424,0.4648,-0.0109,-0.1936,-0.1475,0.0485,1.0204,-0.0667,1.5841,0.00054,-0.0128,0.0026
25.13,FLIGHT,0.9385,1.5157,-0.3398,0.4645,-0.2813,0.4367,-0.0115,-0.1933,-0.1292,0.0452,1.0216,-0.0621,1.5818,0.000479,-0.0113,0.0023
25.135,FLIGHT,0.9373,1.5178,-0.278,0.4344,-0.2256,0.408,-0.012,-0.1931,-0.1129,0.0422,1.0229,-0.058,1.5798,0.000427,-0.0097,0.0019
25.14,FLIGHT,0.9363,1.5198,-0.2225,0.4056,-0.1754,0.3808,-0.0125,-0.193,-0.0981,0.0392,1.0241,-0.055,1.5785,0.000382,-0.0081,0.0016
25.145,FLIGHT,0.9355,1.5216,-0.173,0.3792,-0.1314,0.357,-0.0129,-0.1928,-0.0848,0.0364,1.0252,-0.0527,1.5777,0.000345,-0.0067,0.0013
25.15,FLIGHT,0.9349,1.5234,-0.1295,0.356,-0.0931,0.3367,-0.0132,-0.1926,-0.0732,0.0339,1.0264,-0.0508,1.5771,0.000315,-0.0054,0.0011
25.155,FLIGHT,0.9345,1.525,-0.0916,0.3359,-0.06,0.3191,-0.0135,-0.1925,-0.0631,0.0317,1.0275,-0.0491,1.5766,0.000291,-0.0043,0.0009
25.16,FLIGHT,0.9343,1.5265,-0.0586,0.3183,-0.0312,0.3034,-0.0138,-0.1923,-0.0543,0.0298,1.0285,-0.0476,1.5761,0.000271,-0.0034,0.0007
25.165,FLIGHT,0.9342,1.528,-0.03,0.3025,-0.0062,0.2891,-0.014,-0.1922,-0.0466,0.028,1.0296,-0.0463,1.5758,0.000257,-0.0026,0.0005
25.17,FLIGHT,0.9343,1.5294,-0.0052,0.2883,0.0155,0.2761,-0.0142,-0.192,-0.0399,0.0264,1.0306,-0.0453,1.5756,0.000245,-0.002,0.0004
25.175,FLIGHT,0.9344,1.5308,0.0163,0.2754,0.0342,0.2644,-0.0144,-0.1919,-0.034,0.025,1.0316,-0.0445,1.5754,0.000236,-0.0015,0.0003
25.18,FLIGHT,0.9346,1.5321,0.0349,0.2636,0.0502,0.2537,-0.0145,-0.1918,-0.0288,0.0237,1.0325,-0.0438,1.5753,0.00023,-0.0011,0.0002
25.185,FLIGHT,0.9349,1.5333,0.0508,0.253,0.0639,0.2439,-0.0146,-0.1917,-0.0243,0.0225,1.0335,-0.0432,1.5753,0.000226,-0.0008,0.0002
25.19,FLIGHT,0.9352,1.5345,0.0643,0.2432,0.0755,0.2349,-0.0147,-0.1916,-0.0204,0.0214,1.0344,-0.0428,1.5754,0.000222,-0.0005,0.0001
25.195,FLIGHT,0.9356,1.5357,0.0758,0.2343,0.0853,0.2266,-0.0148,-0.1915,-0.017,0.0204,1.0352,-0.0424,1.5754,0.00022,-0.0003,0.0001
25.2,FLIGHT,0.9361,1.5368,0.0856,0.226,0.0936,0.2189,-0.0148,-0.1914,-0.014,0.0196,1.0361,-0.0421,1.5756,0.000219,-0.0002,0.0
25.205,FLIGHT,0.9366,1.5379,0.0938,0.2183,0.1005,0.2117,-0.0149,-0.1913,-0.0114,0.0187,1.0369,-0.0419,1.5757,0.000219,-0.0001,0.0
25.21,FLIGHT,0.9371,1.5389,0.1006,0.2112,0.1061,0.205,-0.0149,-0.1912,-0.0091,0.018,1.0377,-0.0418,1.5759,0.000219,0.0,0.0
25.215,FLIGHT,0.9376,1.5399,0.1062,0.2045,0.1108,0.1987,-0.015,-0.1911,-0.0072,0.0173,1.0384,-0.0417,1.5761,0.000219,0.0001,0.0
25.22,FLIGHT,0.9382,1.5409,0.1108,0.1982,0.1145,0.1927,-0.015,-0.1911,-0.0054,0.0167,1.0392,-0.0416,1.5763,0.000219,0.0001,0.0
25.225,FLIGHT,0.9388,1.5418,0.1145,0.1923,0.1175,0.1871,-0.015,-0.191,-0.0039,0.0161,1.0399,-0.0416,1.5765,0.00022,0.0001,0.0
25.23,FLIGHT,0.9394,1.5428,0.1174,0.1867,0.1197,0.1818,-0.015,-0.1909,-0.0026,0.0155,1.0406,-0.0416,1.5767,0.00022,0.0001,0.0
25.235,FLIGHT,0.94,1.5437,0.1197,0.1814,0.1214,0.1767,-0.015,-0.1908,-0.0015,0.015,1.0412,-0.0417,1.5769,0.000221,0.0001,0.0
25.24,FLIGHT,0.9406,1.5445,0.1213,0.1763,0.1226,0.1719,-0.015,-0.1908,-0.0005,0.0145,1.0418,-0.0417,1.5772,0.000221,0.0001,0.0
25.245,FLIGHT,0.9412,1.5454,0.1225,0.1715,0.1233,0.1673,-0.015,-0.1907,0.0003,0.014,1.0424,-0.0418,1.5774,0.000222,0.0001,0.0
25.25,FLIGHT,0.9418,1.5462,0.1232,0.1669,0.1237,0.1629,-0.015,-0.1906,0.0011,0.0136,1.043,-0.0419,1.5777,0.000222,0.0001,0.0
25.255,FLIGHT,0.9424,1.547,0.1236,0.1625,0.1237,0.1587,-0.015,-0.1906,0.0017,0.0132,1.0435,-0.042,1.578,0.000223,0.0001,0.0
25.26,FLIGHT,0.943,1.5478,0.1236,0.1583,0.1235,0.1546,-0.015,-0.1905,0.0023,0.0128,1.044,-0.0421,1.5782,0.000223,0.0001,0.0
25.265,FLIGHT,0.9437,1.5486,0.1234,0.1542,0.1231,0.1507,-0.015,-0.1904,0.0028,0.0125,1.0445,-0.0423,1.5785,0.000224,0.0001,0.0
25.27,FLIGHT,0.9443,1.5493,0.1229,0.1503,0.1224,0.1469,-0.015,-0.1904,0.0032,0.0121,1.045,-0.0424,1.5787,0.000224,0.0001,0.0
25.275,FLIGHT,0.9449,1.55,0.1223,0.1466,0.1216,0.1433,-0.0149,-0.1903,0.0036,0.0118,1.0454,-0.0426,1.579,0.000224,0.0,0.0
25.28,FLIGHT,0.9455,1.5507,0.1214,0.143,0.1206,0.1398,-0.0149,-0.1903,0.0039,0.0114,1.0458,-0.0427,1.5792,0.000224,0.0,0.0
25.285,FLIGHT,0.9461,1.5514,0.1205,0.1395,0.1196,0.1364,-0.0149,-0.1902,0.0042,0.0111,1.0462,-0.0429,1.5795,0.000225,0.0,0.0
25.29,FLIGHT,0.9467,1.5521,0.1194,0.1361,0.1184,0.1331,-0.0149,-0.1901,0.0045,0.0108,1.0466,-0.043,1.5797,0.000225,0.0,0.0
25.295,FLIGHT,0.9473,1.5528,0.1183,0.1328,0.1172,0.1299,-0.0148,-0.1901,0.0047,0.0106,1.0469,-0.0432,1.58,0.000225,0.0,0.0
25.3,FLIGHT,0.9479,1.5534,0.117,0.1296,0.1159,0.1268,-0.0148,-0.19,0.0049,0.0103,1.0472,-0.0434,1.5802,0.000225,0.0,0.0
25.305,FLIGHT,0.9484,1.554,0.1157,0.1265,0.1145,0.1238,-0.0148,-0.19,0.005,0.01,1.0475,-0.0435,1.5805,0.000225,-0.0,0.0
25.31,FLIGHT,0.949,1.5546,0.1144,0.1235,0.1131,0.1209,-0.0148,-0.1899,0.0052,0.0098,1.0478,-0.0437,1.5807,0.000225,-0.0,0.0
25.315,FLIGHT,0.9496,1.5552,0.113,0.1206,0.1117,0.118,-0.0147,-0.1899,0.0053,0.0095,1.048,-0.0438,1.5809,0.000225,-0.0,0.0
25.32,FLIGHT,0.9501,1.5558,0.1116,0.1178,0.1103,0.1153,-0.0147,-0.1898,0.0054,0.0093,1.0482,-0.044,1.5812,0.000225,-0.0,0.0
25.325,FLIGHT,0.9507,1.5564,0.1101,0.115,0.1088,0.1126,-0.0147,-0.1898,0.0055,0.0091,1.0484,-0.0442,1.5814,0.000225,-0.0,0.0
25.33,FLIGHT,0.9512,1.5569,0.1087,0.1124,0.1074,0.11,-0.0147,-0.1898,0.0056,0.0088,1.0486,-0.0443,1.5816,0.000224,-0.0,0.0
25.335,FLIGHT,0.9517,1.5575,0.1072,0.1098,0.1059,0.1075,-0.0146,-0.1897,0.0056,0.0086,1.0487,-0.0445,1.5819,0.000224,-0.0,0.0
25.34,FLIGHT,0.9523,1.558,0.1058,0.1073,0.1045,0.105,-0.0146,-0.1897,0.0057,0.0084,1.0488,-0.0446,1.5821,0.000224,-0.0,0.0
25.345,FLIGHT,0.9528,1.5585,0.1043,0.1048,0.103,0.1026,-0.0146,-0.1896,0.0057,0.0082,1.0489,-0.0448,1.5823,0.000224,-0.0,0.0
25.35,FLIGHT,0.9533,1.559,0.1029,0.1024,0.1016,0.1003,-0.0145,-0.1896,0.0058,0.008,1.049,-0.0449,1.5825,0.000224,-0.0,0.0
25.355,FLIGHT,0.9538,1.5595,0.1014,0.1001,0.1001,0.098,-0.0145,-0.1896,0.0058,0.0078,1.049,-0.0451,1.5827,0.000224,-0.0,0.0
25.36,FLIGHT,0.9543,1.56,0.1,0.0978,0.0987,0.0958,-0.0145,-0.1895,0.0058,0.0076,1.049,-0.0452,1.5829,0.000223,-0.0,0.0
25.365,FLIGHT,0.9548,1.5605,0.0986,0.0956,0.0973,0.0936,-0.0145,-0.1895,0.0059,0.0074,1.049,-0.0454,1.5831,0.000223,-0.0,0.0
25.37,FLIGHT,0.9553,1.561,0.0972,0.0934,0.0959,0.0915,-0.0144,-0.1894,0.0059,0.0073,1.049,-0.0455,1.5833,0.000223,-0.0,0.0
25.375,FLIGHT,0.9557,1.5614,0.0958,0.0914,0.0945,0.0895,-0.0144,-0.1894,0.0059,0.0071,1.0489,-0.0457,1.5835,0.000223,-0.0,0.0
25.38,FLIGHT,0.9562,1.5619,0.0944,0.0893,0.0932,0.0875,-0.0144,-0.1894,0.0059,0.0069,1.0489,-0.0458,1.5837,0.000223,-0.0,0.0
25.385,FLIGHT,0.9567,1.5623,0.0931,0.0873,0.0918,0.0855,-0.0143,-0.1893,0.0059,0.0068,1.0488,-0.046,1.5839,0.000223,-0.0,0.0
25.39,FLIGHT,0.9571,1.5627,0.0917,0.0854,0.0905,0.0837,-0.0143,-0.1893,0.0059,0.0066,1.0487,-0.0461,1.5841,0.000223,-0.0,0.0
25.395,FLIGHT,0.9576,1.5631,0.0904,0.0835,0.0892,0.0818,-0.0143,-0.1893,0.0059,0.0065,1.0485,-0.0462,1.5842,0.000222,-0.0,0.0
25.4,FLIGHT,0.958,1.5635,0.0891,0.0816,0.0879,0.08,-0.0143,-0.1892,0.0059,0.0063,1.0484,-0.0464,1.5844,0.000222,-0.0,0.0
25.405,FLIGHT,0.9585,1.5639,0.0878,0.0798,0.0867,0.0782,-0.0142,-0.1892,0.0059,0.0062,1.0482,-0.0465,1.5846,0.000222,-0.0,0.0
25.41,FLIGHT,0.9589,1.5643,0.0866,0.0781,0.0854,0.0765,-0.0142,-0.1892,0.0059,0.006,1.048,-0.0466,1.5848,0.000222,-0.0,0.0
25.415,FLIGHT,0.9593,1.5647,0.0853,0.0764,0.0842,0.0749,-0.0142,-0.1892,0.0059,0.0059,1.0477,-0.0468,1.5849,0.000222,-0.0,0.0
25.42,FLIGHT,0.9597,1.5651,0.0841,0.0747,0.083,0.0732,-0.0141,-0.1891,0.0059,0.0057,1.0475,-0.0469,1.5851,0.000222,-0.0,0.0
25.425,FLIGHT,0.9601,1.5654,0.0829,0.0731,0.0818,0.0716,-0.0141,-0.1891,0.0059,0.0056,1.0472,-0.047,1.5853,0.000221,-0.0,0.0
25.43,FLIGHT,0.9606,1.5658,0.0817,0.0715,0.0807,0.0701,-0.0141,-0.1891,0.0059,0.0055,1.0469,-0.0471,1.5854,0.000221,-0.0,0.0
25.435,FLIGHT,0.961,1.5661,0.0806,0.07,0.0795,0.0686,-0.014,-0.189,0.0058,0.0054,1.0466,-0.0472,1.5856,0.000221,-0.0,0.0
25.44,FLIGHT,0.9613,1.5665,0.0794,0.0685,0.0784,0.0671,-0.014,-0.189,0.0058,0.0052,1.0463,-0.0474,1.5858,0.000221,-0.0,0.0
25.445,FLIGHT,0.9617,1.5668,0.0783,0.067,0.0773,0.0657,-0.014,-0.189,0.0058,0.0051,1.046,-0.0475,1.5859,0.000221,-0.0,0.0
25.45,FLIGHT,0.9621,1.5671,0.0772,0.0656,0.0762,0.0643,-0.014,-0.189,0.0058,0.005,1.0456,-0.0476,1.5861,0.000221,-0.0,0.0
25.455,FLIGHT,0.9625,1.5674,0.0761,0.0642,0.0751,0.0629,-0.0139,-0.1889,0.0058,0.0049,1.0452,-0.0477,1.5862,0.000221,-0.0,0.0
25.46,FLIGHT,0.9629,1.5678,0.075,0.0628,0.0741,0.0616,-0.0139,-0.1889,0.0057,0.0048,1.0448,-0.0478,1.5864,0.000221,-0.0,0.0
25.465,FLIGHT,0.9632,1.5681,0.0739,0.0615,0.073,0.0603,-0.0139,-0.1889,0.0057,0.0047,1.0444,-0.0479,1.5865,0.00022,-0.0,0.0
25.47,FLIGHT,0.9636,1.5684,0.0729,0.0602,0.072,0.059,-0.0138,-0.1889,0.0057,0.0046,1.0439,-0.0481,1.5866,0.00022,-0.0,0.0
25.475,FLIGHT,0.964,1.5687,0.0719,0.0589,0.071,0.0578,-0.0138,-0.1889,0.0057,0.0045,1.0434,-0.0482,1.5868,0.00022,-0.0,0.0
25.48,FLIGHT,0.9643,1.5689,0.0709,0.0577,0.07,0.0566,-0.0138,-0.1888,0.0056,0.0044,1.0429,-0.0483,1.5869,0.00022,-0.0,0.0
25.485,FLIGHT,0.9647,1.5692,0.0699,0.0565,0.069,0.0554,-0.0138,-0.1888,0.0056,0.0043,1.0424,-0.0484,1.5871,0.00022,-0.0,0.0
25.49,FLIGHT,0.965,1.5695,0.0689,0.0553,0.068,0.0543,-0.0137,-0.1888,0.0056,0.0042,1.0419,-0.0485,1.5872,0.00022,-0.0,0.0
25.495,FLIGHT,0.9653,1.5698,0.0679,0.0542,0.0671,0.0532,-0.0137,-0.1888,0.0056,0.0041,1.0414,-0.0486,1.5873,0.00022,-0.0,0.0
25.5,FLIGHT,0.9657,1.57,0.067,0.0531,0.0661,0.0521,-0.0137,-0.1888,0.0055,0.004,1.0408,-0.0487,1.5875,0.00022,-0.0,0.0
25.505,FLIGHT,0.966,1.5703,0.066,0.052,0.0652,0.0511,-0.0136,-0.1887,0.0055,0.0039,1.0402,-0.0488,1.5876,0.00022,-0.0,0.0
25.51,FLIGHT,0.9663,1.5705,0.0651,0.051,0.0643,0.05,-0.0136,-0.1887,0.0055,0.0038,1.0396,-0.0489,1.5877,0.00022,-0.0,0.0
25.515,FLIGHT,0.9666,1.5708,0.0642,0.0499,0.0634,0.049,-0.0136,-0.1887,0.0054,0.0038,1.039,-0.049,1.5878,0.00022,-0.0,0.0
25.52,FLIGHT,0.967,1.571,0.0633,0.0489,0.0625,0.048,-0.0136,-0.1887,0.0054,0.0037,1.0384,-0.0491,1.588,0.00022,-0.0,0.0
25.525,FLIGHT,0.9673,1.5713,0.0624,0.048,0.0616,0.0471,-0.0135,-0.1887,0.0053,0.0036,1.0377,-0.0492,1.5881,0.00022,-0.0,0.0
25.53,FLIGHT,0.9676,1.5715,0.0615,0.047,0.0608,0.0462,-0.0135,-0.1886,0.0053,0.0035,1.037,-0.0493,1.5882,0.000219,-0.0,0.0
25.535,FLIGHT,0.9679,1.5717,0.0607,0.0461,0.0599,0.0453,-0.0135,-0.1886,0.0053,0.0034,1.0364,-0.0494,1.5883,0.000219,-0.0,0.0
25.54,FLIGHT,0.9682,1.5719,0.0598,0.0452,0.0591,0.0444,-0.0135,-0.1886,0.0052,0.0034,1.0357,-0.0495,1.5885,0.000219,-0.0,0.0
25.545,FLIGHT,0.9685,1.5722,0.059,0.0443,0.0582,0.0435,-0.0134,-0.1886,0.0052,0.0033,1.0349,-0.0496,1.5886,0.000219,-0.0,0.0
25.55,FLIGHT,0.9688,1.5724,0.0582,0.0434,0.0574,0.0427,-0.0134,-0.1886,0.0051,0.0032,1.0342,-0.0497,1.5887,0.000219,-0.0,0.0
25.555,FLIGHT,0.969,1.5726,0.0573,0.0426,0.0566,0.0419,-0.0134,-0.1886,0.0051,0.0032,1.0334,-0.0498,1.5888,0.000219,-0.0,0.0
25.56,FLIGHT,0.9693,1.5728,0.0565,0.0418,0.0558,0.0411,-0.0134,-0.1885,0.005,0.0031,1.0327,-0.0499,1.5889,0.000219,-0.0,0.0
25.565,FLIGHT,0.9696,1.573,0.0557,0.041,0.055,0.0403,-0.0133,-0.1885,0.005,0.003,1.0319,-0.05,1.589,0.000219,-0.0,0.0
25.57,FLIGHT,0.9699,1.5732,0.0549,0.0402,0.0542,0.0395,-0.0133,-0.1885,0.005,0.003,1.0311,-0.0501,1.5891,0.000219,-0.0,0.0
25.575,FLIGHT,0.9701,1.5734,0.0541,0.0395,0.0534,0.0388,-0.0133,-0.1885,0.0049,0.0029,1.0302,-0.0502,1.5892,0.000219,-0.0,0.0
25.58,FLIGHT,0.9704,1.5736,0.0534,0.0387,0.0527,0.0381,-0.0133,-0.1885,0.0049,0.0029,1.0294,-0.0503,1.5894,0.000219,-0.0,0.0
25.585,FLIGHT,0.9707,1.5738,0.0526,0.038,0.0519,0.0374,-0.0132,-0.1885,0.0048,0.0028,1.0285,-0.0504,1.5895,0.000219,-0.0,0.0
25.59,FLIGHT,0.9709,1.574,0.0518,0.0373,0.0511,0.0367,-0.0132,-0.1885,0.0048,0.0028,1.0277,-0.0505,1.5896,0.000219,-0.0,0.0
25.595,FLIGHT,0.9712,1.5741,0.0511,0.0366,0.0504,0.036,-0.0132,-0.1884,0.0047,0.0027,1.0268,-0.0506,1.5897,0.000219,-0.0,0.0
25.6,FLIGHT,0.9714,1.5743,0.0503,0.036,0.0497,0.0354,-0.0132,-0.1884,0.0047,0.0027,1.0259,-0.0506,1.5898,0.000219,-0.0,0.0
25.605,FLIGHT,0.9717,1.5745,0.0496,0.0353,0.0489,0.0347,-0.0131,-0.1884,0.0046,0.0026,1.025,-0.0507,1.5899,0.000219,-0.0,0.0
25.61,FLIGHT,0.9719,1.5747,0.0489,0.0347,0.0482,0.0341,-0.0131,-0.1884,0.0045,0.0026,1.024,-0.0508,1.59,0.000219,-0.0,0.0
25.615,FLIGHT,0.9722,1.5748,0.0481,0.0341,0.0475,0.0335,-0.0131,-0.1884,0.0045,0.0025,1.0231,-0.0509,1.5901,0.000219,-0.0,0.0
25.62,FLIGHT,0.9724,1.575,0.0474,0.0335,0.0468,0.0329,-0.0131,-0.1884,0.0044,0.0025,1.0221,-0.051,1.5902,0.000219,-0.0,0.0
25.625,FLIGHT,0.9726,1.5752,0.0467,0.0329,0.0461,0.0324,-0.0131,-0.1884,0.0044,0.0024,1.0211,-0.0511,1.5903,0.000219,-0.0,0.0
25.63,FLIGHT,0.9729,1.5753,0.046,0.0323,0.0454,0.0318,-0.013,-0.1884,0.0043,0.0024,1.0201,-0.0512,1.5904,0.000219,-0.0,0.0
25.635,FLIGHT,0.9731,1.5755,0.0453,0.0317,0.0447,0.0313,-0.013,-0.1883,0.0043,0.0023,1.0191,-0.0513,1.5905,0.000219,-0.0,0.0
25.64,FLIGHT,0.9733,1.5756,0.0446,0.0312,0.044,0.0307,-0.013,-0.1883,0.0042,0.0023,1.0181,-0.0514,1.5906,0.000219,-0.0,0.0
25.645,FLIGHT,0.9735,1.5758,0.0439,0.0307,0.0433,0.0302,-0.013,-0.1883,0.0041,0.0023,1.0171,-0.0515,1.5907,0.000219,-0.0,0.0
25.65,FLIGHT,0.9737,1.5759,0.0432,0.0302,0.0426,0.0297,-0.013,-0.1883,0.0041,0.0022,1.016,-0.0515,1.5907,0.000219,0.0,0.0
25.655,FLIGHT,0.9739,1.5761,0.0425,0.0297,0.0419,0.0292,-0.0129,-0.1883,0.004,0.0022,1.0149,-0.0516,1.5908,0.000219,0.0,0.0
25.66,FLIGHT,0.9742,1.5762,0.0419,0.0292,0.0413,0.0287,-0.0129,-0.1883,0.004,0.0022,1.0139,-0.0517,1.5909,0.000219,0.0,0.0
25.665,FLIGHT,0.9744,1.5764,0.0412,0.0287,0.0406,0.0283,-0.0129,-0.1883,0.0039,0.0021,1.0128,-0.0518,1.591,0.000219,0.0,0.0
25.67,FLIGHT,0.9746,1.5765,0.0405,0.0282,0.0399,0.0278,-0.0129,-0.1883,0.0038,0.0021,1.0117,-0.0519,1.5911,0.000219,0.0,0.0
25.675,FLIGHT,0.9748,1.5767,0.0399,0.0278,0.0393,0.0274,-0.0129,-0.1883,0.0038,0.0021,1.0105,-0.052,1.5912,0.000219,0.0,0.0
25.68,FLIGHT,0.975,1.5768,0.0392,0.0273,0.0386,0.0269,-0.0128,-0.1882,0.0037,0.002,1.0094,-0.0521,1.5913,0.000219,0.0,0.0
25.685,FLIGHT,0.9751,1.5769,0.0385,0.0269,0.038,0.0265,-0.0128,-0.1882,0.0036,0.002,1.0083,-0.0521,1.5914,0.000219,0.0,0.0
25.69,FLIGHT,0.9753,1.5771,0.0379,0.0265,0.0373,0.0261,-0.0128,-0.1882,0.0036,0.002,1.0071,-0.0522,1.5915,0.000219,0.0,0.0
25.695,FLIGHT,0.9755,1.5772,0.0372,0.0261,0.0367,0.0257,-0.0128,-0.1882,0.0035,0.0019,1.0059,-0.0523,1.5915,0.000219,0.0,0.0
25.7,FLIGHT,0.9757,1.5773,0.0366,0.0257,0.036,0.0253,-0.0128,-0.1882,0.0034,0.0019,1.0047,-0.0524,1.5916,0.000219,0.0,0.0
25.705,FLIGHT,0.9759,1.5774,0.036,0.0253,0.0354,0.0249,-0.0127,-0.1882,0.0034,0.0019,1.0035,-0.0525,1.5917,0.000219,0.0,0.0
25.71,FLIGHT,0.9761,1.5776,0.0353,0.0249,0.0347,0.0246,-0.0127,-0.1882,0.0033,0.0018,1.0023,-0.0526,1.5918,0.000219,0.0,0.0
25.715,FLIGHT,0.9762,1.5777,0.0347,0.0245,0.0341,0.0242,-0.0127,-0.1882,0.0032,0.0018,1.0011,-0.0527,1.5919,0.000219,0.0,0.0
25.72,FLIGHT,0.9764,1.5778,0.034,0.0242,0.0335,0.0238,-0.0127,-0.1882,0.0032,0.0018,0.9999,-0.0527,1.592,0.000219,0.0,0.0
25.725,STANCE,0.9796,1.578,0.5514,-0.0276,1.7209,-0.7459,-0.0121,-0.1882,0.1075,-0.0092,0.9988,-0.0647,-0.4766,-0.00102,-0.4491,0.0908
25.73,STANCE,0.9907,1.571,1.6513,-0.9564,1.1717,-0.7697,-0.0091,-0.1889,0.4424,-0.1005,0.9979,-0.7435,-0.6843,-0.003392,-0.2699,0.0574
25.735,STANCE,0.9917,1.5711,0.598,-0.2365,-0.2315,0.371,-0.0089,-0.1889,0.1453,-0.0264,0.9979,-0.6116,-1.5486,-0.003864,0.0081,0.0039
25.74,STANCE,0.9914,1.5718,0.181,-0.0204,0.2361,-0.2406,-0.0091,-0.1889,0.037,-0.0035,0.9982,-0.7394,-2.1204,-0.003645,0.0658,0.0036
25.745,STANCE,0.9944,1.566,0.4965,-0.952,0.896,-2.2093,-0.0077,-0.1894,0.2246,-0.0878,0.9982,-1.1892,-2.0118,-0.003145,0.1416,0.0031
25.75,STANCE,1.0006,1.5549,1.0422,-1.8722,1.5446,-3.3748,-0.005,-0.1904,0.4579,-0.1659,0.9983,-1.7288,-1.6503,-0.00278,0.0283,0.0028
25.755,STANCE,1.0089,1.5382,1.4421,-2.9057,1.4577,-3.3658,-0.0011,-0.1919,0.6855,-0.2407,0.9982,-2.162,-0.9881,-0.002967,-0.025,0.008
25.76,STANCE,1.0147,1.5226,1.2133,-3.0679,0.8936,-2.9553,0.0023,-0.1931,0.6713,-0.2405,0.9983,-2.1569,-0.553,-0.00313,-0.0636,0.0158
25.765,STANCE,1.0167,1.5074,0.6129,-3.019,0.1164,-2.5044,0.0048,-0.1943,0.5531,-0.229,0.9983,-1.7894,-0.1332,-0.003222,-0.0354,0.0103
25.77,STANCE,1.015,1.4938,-0.0667,-2.7986,-0.5196,-2.4,0.0064,-0.1953,0.3919,-0.2106,0.9985,-1.1974,0.2348,-0.003074,0.0222,0.0031
25.775,STANCE,1.0115,1.481,-0.4981,-2.6425,-0.742,-2.5903,0.0076,-0.1963,0.2864,-0.1987,0.9988,-0.5934,0.6173,-0.00282,0.0526,0.0028
25.78,STANCE,1.0078,1.4674,-0.6518,-2.7138,-0.7125,-2.8846,0.0089,-0.1973,0.2679,-0.202,0.9991,-0.0872,1.0378,-0.002524,0.0708,0.0025
25.785,STANCE,1.0052,1.4541,-0.5497,-2.6642,-0.3864,-2.5646,0.0103,-0.1983,0.2823,-0.1941,0.9995,0.2182,1.291,-0.002333,0.0306,0.0023
25.79,FLIGHT,1.0044,1.4426,-0.2659,-2.3871,0.059,-2.0336,0.0118,-0.1991,0.2994,-0.1683,1.0002,-1.1334,2.4551,-0.00231,-0.0215,0.0066
25.795,FLIGHT,0.9995,1.4438,-0.8561,-0.3777,-1.8569,2.0384,0.0107,-0.1991,-0.1149,-0.0356,1.0019,-0.8138,2.1657,-0.002236,0.053,0.0022
25.8,FLIGHT,0.9881,1.4576,-1.8513,1.784,-2.4729,2.9956,0.0064,-0.1982,-0.6263,0.1197,1.0041,-0.2261,1.673,-0.001829,0.1015,0.0018
25.805,FLIGHT,0.9766,1.4705,-2.1251,2.2678,-2.0283,2.048,0.0023,-0.1973,-0.7447,0.1704,1.0062,0.0393,1.4608,-0.001307,0.1012,0.0013
25.81,FLIGHT,0.9681,1.478,-1.7973,1.682,-1.3868,1.016,-0.0005,-0.1967,-0.5929,0.1347,1.0079,0.0108,1.4964,-0.000851,0.0805,0.0009
25.815,FLIGHT,0.9623,1.4818,-1.3541,1.0421,-1.0093,0.6195,-0.0022,-0.1964,-0.4134,0.0873,1.0094,-0.0914,1.5891,-0.000491,0.0652,0.0005
25.82,FLIGHT,0.9576,1.4849,-1.0625,0.7636,-0.8816,0.6654,-0.0035,-0.1961,-0.3159,0.0664,1.0109,-0.1383,1.6308,-0.000179,0.0616,0.0002
25.825,FLIGHT,0.9533,1.4886,-0.9199,0.7454,-0.8286,0.7775,-0.0049,-0.1958,-0.2846,0.0665,1.0124,-0.125,1.6209,0.00012,0.051,0.0
25.83,FLIGHT,0.9494,1.4925,-0.828,0.7754,-0.7465,0.7826,-0.0062,-0.1954,-0.27,0.0705,1.0139,-0.0946,1.5971,0.00032,0.0302,0.0
25.835,FLIGHT,0.9459,1.4962,-0.7287,0.7508,-0.6324,0.7025,-0.0074,-0.1951,-0.2465,0.0694,1.0154,-0.0748,1.5831,0.000433,0.0159,0.0
25.84,FLIGHT,0.9431,1.4995,-0.6173,0.6814,-0.517,0.6122,-0.0084,-0.1948,-0.2146,0.0639,1.0168,-0.0686,1.5804,0.000487,0.0063,0.0
25.845,FLIGHT,0.9407,1.5024,-0.5103,0.6082,-0.4206,0.5496,-0.0093,-0.1945,-0.1832,0.0575,1.0182,-0.0676,1.5818,0.000502,0.0002,0.0
25.85,FLIGHT,0.9388,1.505,-0.4188,0.5529,-0.3445,0.5121,-0.01,-0.1943,-0.1574,0.0525,1.0195,-0.0658,1.5822,0.000493,-0.0034,0.0007
25.855,FLIGHT,0.9373,1.5075,-0.3431,0.5141,-0.2812,0.4841,-0.0106,-0.1941,-0.1371,0.0489,1.0208,-0.062,1.5806,0.000471,-0.0053,0.0011
25.86,FLIGHT,0.936,1.5099,-0.2787,0.483,-0.2248,0.4564,-0.0112,-0.1938,-0.1201,0.0459,1.0221,-0.0577,1.5784,0.000442,-0.0061,0.0012
25.865,FLIGHT,0.935,1.5121,-0.2218,0.4538,-0.1736,0.4282,-0.0117,-0.1936,-0.1049,0.043,1.0234,-0.0541,1.5768,0.000411,-0.0062,0.0012
25.87,FLIGHT,0.9342,1.5142,-0.1708,0.4259,-0.1278,0.4018,-0.0121,-0.1934,-0.0911,0.0401,1.0246,-0.0514,1.5757,0.000381,-0.0059,0.0012
25.875,FLIGHT,0.9337,1.5161,-0.1256,0.4004,-0.0878,0.3788,-0.0125,-0.1932,-0.0788,0.0375,1.0258,-0.0494,1.5751,0.000353,-0.0053,0.0011
25.88,FLIGHT,0.9334,1.518,-0.0862,0.3778,-0.0532,0.359,-0.0128,-0.1931,-0.068,0.0351,1.0269,-0.0476,1.5747,0.000328,-0.0046,0.0009
25.885,FLIGHT,0.9332,1.5197,-0.0519,0.3581,-0.0233,0.3416,-0.0131,-0.1929,-0.0586,0.033,1.0281,-0.0461,1.5743,0.000306,-0.0039,0.0008
25.89,FLIGHT,0.9331,1.5214,-0.0221,0.3407,0.0026,0.3259,-0.0133,-0.1928,-0.0505,0.0311,1.0292,-0.0448,1.5739,0.000288,-0.0033,0.0007
25.895,FLIGHT,0.9332,1.523,0.0037,0.3249,0.0251,0.3115,-0.0135,-0.1926,-0.0433,0.0294,1.0302,-0.0437,1.5737,0.000273,-0.0027,0.0005
25.9,FLIGHT,0.9334,1.5245,0.026,0.3106,0.0446,0.2984,-0.0137,-0.1925,-0.037,0.0279,1.0313,-0.0427,1.5735,0.000261,-0.0022,0.0004
25.905,FLIGHT,0.9336,1.526,0.0453,0.2976,0.0613,0.2864,-0.0138,-0.1924,-0.0315,0.0265,1.0323,-0.042,1.5735,0.000251,-0.0017,0.0003
25.91,FLIGHT,0.934,1.5274,0.0618,0.2857,0.0755,0.2755,-0.014,-0.1922,-0.0267,0.0252,1.0333,-0.0414,1.5735,0.000244,-0.0013,0.0003
25.915,FLIGHT,0.9344,1.5287,0.076,0.2748,0.0876,0.2655,-0.0141,-0.1921,-0.0225,0.024,1.0342,-0.0409,1.5735,0.000238,-0.001,0.0002
25.92,FLIGHT,0.9348,1.53,0.088,0.2648,0.0978,0.2562,-0.0142,-0.192,-0.0189,0.023,1.0351,-0.0405,1.5737,0.000234,-0.0008,0.0002
25.925,FLIGHT,0.9354,1.5313,0.0981,0.2555,0.1064,0.2475,-0.0142,-0.1919,-0.0156,0.022,1.036,-0.0402,1.5738,0.00023,-0.0005,0.0001
25.93,FLIGHT,0.9359,1.5325,0.1066,0.2469,0.1135,0.2395,-0.0143,-0.1918,-0.0129,0.0211,1.0369,-0.04,1.574,0.000228,-0.0004,0.0001
25.935,FLIGHT,0.9365,1.5337,0.1137,0.2389,0.1194,0.232,-0.0143,-0.1917,-0.0104,0.0203,1.0377,-0.0399,1.5742,0.000227,-0.0003,0.0001
25.94,FLIGHT,0.9371,1.5348,0.1195,0.2314,0.1242,0.2249,-0.0144,-0.1916,-0.0083,0.0195,1.0385,-0.0398,1.5744,0.000225,-0.0002,0.0
25.945,FLIGHT,0.9377,1.5359,0.1242,0.2244,0.128,0.2182,-0.0144,-0.1915,-0.0064,0.0188,1.0393,-0.0397,1.5746,0.000225,-0.0001,0.0
25.95,FLIGHT,0.9384,1.537,0.128,0.2177,0.131,0.2119,-0.0144,-0.1914,-0.0048,0.0182,1.0401,-0.0397,1.5749,0.000225,-0.0,0.0
25.955,FLIGHT,0.939,1.5381,0.1309,0.2114,0.1332,0.2059,-0.0144,-0.1913,-0.0034,0.0175,1.0408,-0.0398,1.5752,0.000224,-0.0,0.0
25.96,FLIGHT,0.9397,1.5391,0.1332,0.2054,0.1349,0.2002,-0.0144,-0.1912,-0.0022,0.017,1.0415,-0.0398,1.5754,0.000224,0.0,0.0
25.965,FLIGHT,0.9404,1.5401,0.1348,0.1998,0.136,0.1948,-0.0145,-0.1912,-0.0011,0.0164,1.0422,-0.0399,1.5757,0.000225,0.0,0.0
25.97,FLIGHT,0.9411,1.541,0.1359,0.1944,0.1366,0.1896,-0.0145,-0.1911,-0.0002,0.0159,1.0428,-0.04,1.576,0.000225,0.0,0.0
25.975,FLIGHT,0.9418,1.5419,0.1365,0.1892,0.1369,0.1846,-0.0144,-0.191,0.0006,0.0154,1.0434,-0.0401,1.5763,0.000225,0.0,0.0
25.98,FLIGHT,0.9424,1.5429,0.1367,0.1842,0.1368,0.1799,-0.0144,-0.1909,0.0013,0.015,1.044,-0.0403,1.5766,0.000225,0.0,0.0
25.985,FLIGHT,0.9431,1.5437,0.1366,0.1795,0.1364,0.1753,-0.0144,-0.1909,0.0019,0.0146,1.0446,-0.0404,1.5769,0.000225,0.0,0.0
25.99,FLIGHT,0.9438,1.5446,0.1362,0.1749,0.1358,0.1708,-0.0144,-0.1908,0.0025,0.0142,1.0451,-0.0406,1.5772,0.000226,0.0,0.0
25.995,FLIGHT,0.9445,1.5455,0.1356,0.1705,0.1349,0.1666,-0.0144,-0.1907,0.0029,0.0138,1.0456,-0.0407,1.5775,0.000226,0.0,0.0
26.0,FLIGHT,0.9452,1.5463,0.1348,0.1662,0.1339,0.1625,-0.0144,-0.1907,0.0033,0.0134,1.0461,-0.0409,1.5777,0.000226,0.0,0.0
26.005,FLIGHT,0.9458,1.5471,0.1337,0.1621,0.1328,0.1585,-0.0144,-0.1906,0.0037,0.013,1.0465,-0.0411,1.578,0.000226,0.0,0.0
26.01,FLIGHT,0.9465,1.5479,0.1326,0.1581,0.1315,0.1546,-0.0143,-0.1905,0.004,0.0127,1.047,-0.0413,1.5783,0.000226,0.0,0.0
26.015,FLIGHT,0.9471,1.5486,0.1313,0.1543,0.1301,0.1509,-0.0143,-0.1905,0.0043,0.0124,1.0474,-0.0415,1.5786,0.000226,0.0,0.0
26.02,FLIGHT,0.9478,1.5494,0.1299,0.1506,0.1286,0.1473,-0.0143,-0.1904,0.0045,0.012,1.0477,-0.0416,1.5789,0.000226,-0.0,0.0
26.025,FLIGHT,0.9484,1.5501,0.1285,0.147,0.1271,0.1438,-0.0143,-0.1904,0.0047,0.0117,1.0481,-0.0418,1.5792,0.000226,-0.0,0.0
26.03,FLIGHT,0.9491,1.5508,0.1269,0.1435,0.1256,0.1404,-0.0142,-0.1903,0.0049,0.0114,1.0484,-0.042,1.5794,0.000226,-0.0,0.0
26.035,FLIGHT,0.9497,1.5515,0.1254,0.1401,0.1239,0.137,-0.0142,-0.1902,0.005,0.0111,1.0487,-0.0422,1.5797,0.000226,-0.0,0.0
26.04,FLIGHT,0.9503,1.5522,0.1238,0.1368,0.1223,0.1338,-0.0142,-0.1902,0.0052,0.0109,1.049,-0.0424,1.58,0.000226,-0.0,0.0
26.045,FLIGHT,0.9509,1.5528,0.1221,0.1335,0.1206,0.1307,-0.0142,-0.1901,0.0053,0.0106,1.0492,-0.0426,1.5802,0.000226,-0.0,0.0
26.05,FLIGHT,0.9515,1.5535,0.1205,0.1304,0.119,0.1277,-0.0141,-0.1901,0.0054,0.0103,1.0495,-0.0427,1.5805,0.000226,-0.0,0.0
26.055,FLIGHT,0.9521,1.5541,0.1188,0.1274,0.1173,0.1247,-0.0141,-0.19,0.0055,0.0101,1.0497,-0.0429,1.5807,0.000225,-0.0,0.0
26.06,FLIGHT,0.9527,1.5547,0.1171,0.1244,0.1156,0.1218,-0.0141,-0.19,0.0055,0.0098,1.0498,-0.0431,1.581,0.000225,-0.0,0.0
26.065,FLIGHT,0.9532,1.5553,0.1154,0.1216,0.1139,0.119,-0.0141,-0.1899,0.0056,0.0096,1.05,-0.0433,1.5812,0.000225,-0.0,0.0
26.07,FLIGHT,0.9538,1.5559,0.1138,0.1188,0.1123,0.1163,-0.014,-0.1899,0.0056,0.0094,1.0501,-0.0434,1.5815,0.000225,-0.0,0.0
26.075,FLIGHT,0.9544,1.5565,0.1121,0.116,0.1106,0.1136,-0.014,-0.1898,0.0057,0.0091,1.0502,-0.0436,1.5817,0.000225,-0.0,0.0
26.08,FLIGHT,0.9549,1.5571,0.1104,0.1134,0.109,0.111,-0.014,-0.1898,0.0057,0.0089,1.0503,-0.0438,1.5819,0.000224,-0.0,0.0
26.085,FLIGHT,0.9555,1.5576,0.1088,0.1108,0.1073,0.1085,-0.0139,-0.1898,0.0058,0.0087,1.0504,-0.044,1.5822,0.000224,-0.0,0.0
26.09,FLIGHT,0.956,1.5581,0.1072,0.1083,0.1057,0.106,-0.0139,-0.1897,0.0058,0.0085,1.0504,-0.0441,1.5824,0.000224,-0.0,0.0
26.095,FLIGHT,0.9565,1.5587,0.1056,0.1058,0.1041,0.1036,-0.0139,-0.1897,0.0058,0.0083,1.0504,-0.0443,1.5826,0.000224,-0.0,0.0
26.1,FLIGHT,0.957,1.5592,0.104,0.1034,0.1026,0.1013,-0.0139,-0.1896,0.0058,0.0081,1.0504,-0.0444,1.5828,0.000224,-0.0,0.0
26.105,FLIGHT,0.9575,1.5597,0.1024,0.1011,0.101,0.099,-0.0138,-0.1896,0.0058,0.0079,1.0503,-0.0446,1.583,0.000223,-0.0,0.0
26.11,FLIGHT,0.958,1.5602,0.1009,0.0988,0.0995,0.0968,-0.0138,-0.1896,0.0058,0.0077,1.0503,-0.0448,1.5832,0.000223,-0.0,0.0
26.115,FLIGHT,0.9585,1.5607,0.0993,0.0966,0.098,0.0946,-0.0138,-0.1895,0.0058,0.0076,1.0502,-0.0449,1.5834,0.000223,-0.0,0.0
26.12,FLIGHT,0.959,1.5611,0.0978,0.0944,0.0965,0.0925,-0.0137,-0.1895,0.0059,0.0074,1.0501,-0.0451,1.5836,0.000223,-0.0,0.0
26.125,FLIGHT,0.9595,1.5616,0.0964,0.0923,0.095,0.0904,-0.0137,-0.1894,0.0059,0.0072,1.05,-0.0452,1.5838,0.000223,-0.0,0.0
26.13,FLIGHT,0.96,1.562,0.0949,0.0903,0.0936,0.0884,-0.0137,-0.1894,0.0058,0.007,1.0498,-0.0454,1.584,0.000222,-0.0,0.0
26.135,FLIGHT,0.9604,1.5625,0.0935,0.0883,0.0922,0.0865,-0.0137,-0.1894,0.0058,0.0069,1.0497,-0.0455,1.5842,0.000222,-0.0,0.0
26.14,FLIGHT,0.9609,1.5629,0.0921,0.0863,0.0908,0.0846,-0.0136,-0.1893,0.0058,0.0067,1.0495,-0.0457,1.5844,0.000222,-0.0,0.0
26.145,FLIGHT,0.9613,1.5633,0.0907,0.0844,0.0894,0.0827,-0.0136,-0.1893,0.0058,0.0066,1.0493,-0.0458,1.5846,0.000222,-0.0,0.0
26.15,FLIGHT,0.9618,1.5637,0.0893,0.0825,0.0881,0.0809,-0.0136,-0.1893,0.0058,0.0064,1.049,-0.0459,1.5848,0.000222,-0.0,0.0
26.155,FLIGHT,0.9622,1.5641,0.088,0.0807,0.0868,0.0791,-0.0135,-0.1893,0.0058,0.0063,1.0488,-0.0461,1.585,0.000222,-0.0,0.0
26.16,FLIGHT,0.9627,1.5645,0.0866,0.079,0.0855,0.0774,-0.0135,-0.1892,0.0058,0.0061,1.0485,-0.0462,1.5851,0.000221,-0.0,0.0
26.165,FLIGHT,0.9631,1.5649,0.0853,0.0772,0.0842,0.0757,-0.0135,-0.1892,0.0058,0.006,1.0482,-0.0463,1.5853,0.000221,-0.0,0.0
26.17,FLIGHT,0.9635,1.5653,0.0841,0.0756,0.0829,0.0741,-0.0134,-0.1892,0.0058,0.0058,1.0479,-0.0465,1.5855,0.000221,-0.0,0.0
26.175,FLIGHT,0.9639,1.5656,0.0828,0.0739,0.0817,0.0725,-0.0134,-0.1891,0.0057,0.0057,1.0475,-0.0466,1.5856,0.000221,-0.0,0.0
26.18,FLIGHT,0.9643,1.566,0.0816,0.0723,0.0805,0.0709,-0.0134,-0.1891,0.0057,0.0056,1.0472,-0.0467,1.5858,0.000221,-0.0,0.0
26.185,FLIGHT,0.9647,1.5663,0.0804,0.0708,0.0793,0.0694,-0.0134,-0.1891,0.0057,0.0055,1.0468,-0.0469,1.586,0.000221,-0.0,0.0
26.19,FLIGHT,0.9651,1.5667,0.0792,0.0692,0.0781,0.0679,-0.0133,-0.1891,0.0057,0.0053,1.0464,-0.047,1.5861,0.00022,-0.0,0.0
26.195,FLIGHT,0.9655,1.567,0.078,0.0678,0.077,0.0664,-0.0133,-0.189,0.0056,0.0052,1.046,-0.0471,1.5863,0.00022,-0.0,0.0
26.2,FLIGHT,0.9659,1.5673,0.0769,0.0663,0.0758,0.065,-0.0133,-0.189,0.0056,0.0051,1.0455,-0.0472,1.5864,0.00022,-0.0,0.0
26.205,FLIGHT,0.9663,1.5677,0.0757,0.0649,0.0747,0.0637,-0.0133,-0.189,0.0056,0.005,1.0451,-0.0474,1.5866,0.00022,-0.0,0.0
26.21,FLIGHT,0.9666,1.568,0.0746,0.0635,0.0736,0.0623,-0.0132,-0.189,0.0056,0.0049,1.0446,-0.0475,1.5867,0.00022,-0.0,0.0
26.215,FLIGHT,0.967,1.5683,0.0735,0.0622,0.0725,0.061,-0.0132,-0.1889,0.0055,0.0048,1.0441,-0.0476,1.5869,0.00022,-0.0,0.0
26.22,FLIGHT,0.9673,1.5686,0.0724,0.0609,0.0715,0.0597,-0.0132,-0.1889,0.0055,0.0047,1.0436,-0.0477,1.587,0.00022,-0.0,0.0
26.225,FLIGHT,0.9677,1.5689,0.0714,0.0596,0.0704,0.0585,-0.0131,-0.1889,0.0055,0.0046,1.0431,-0.0478,1.5872,0.00022,-0.0,0.0
26.23,FLIGHT,0.9681,1.5692,0.0703,0.0584,0.0694,0.0573,-0.0131,-0.1889,0.0054,0.0045,1.0425,-0.0479,1.5873,0.00022,-0.0,0.0
26.235,FLIGHT,0.9684,1.5695,0.0693,0.0572,0.0684,0.0561,-0.0131,-0.1888,0.0054,0.0044,1.0419,-0.0481,1.5875,0.000219,-0.0,0.0
26.24,FLIGHT,0.9687,1.5697,0.0683,0.056,0.0674,0.0549,-0.0131,-0.1888,0.0054,0.0043,1.0413,-0.0482,1.5876,0.000219,-0.0,0.0
26.245,FLIGHT,0.9691,1.57,0.0673,0.0548,0.0664,0.0538,-0.013,-0.1888,0.0053,0.0042,1.0407,-0.0483,1.5877,0.000219,-0.0,0.0
26.25,FLIGHT,0.9694,1.5703,0.0663,0.0537,0.0654,0.0527,-0.013,-0.1888,0.0053,0.0041,1.0401,-0.0484,1.5879,0.000219,-0.0,0.0
26.255,FLIGHT,0.9697,1.5705,0.0653,0.0526,0.0644,0.0516,-0.013,-0.1888,0.0053,0.004,1.0395,-0.0485,1.588,0.000219,-0.0,0.0
26.26,FLIGHT,0.97,1.5708,0.0643,0.0515,0.0635,0.0506,-0.013,-0.1887,0.0052,0.0039,1.0388,-0.0486,1.5881,0.000219,-0.0,0.0
26.265,FLIGHT,0.9704,1.571,0.0634,0.0505,0.0625,0.0496,-0.0129,-0.1887,0.0052,0.0038,1.0381,-0.0487,1.5882,0.000219,-0.0,0.0
26.27,FLIGHT,0.9707,1.5713,0.0625,0.0495,0.0616,0.0486,-0.0129,-0.1887,0.0051,0.0038,1.0374,-0.0488,1.5884,0.000219,-0.0,0.0
26.275,FLIGHT,0.971,1.5715,0.0615,0.0485,0.0607,0.0476,-0.0129,-0.1887,0.0051,0.0037,1.0367,-0.0489,1.5885,0.000219,-0.0,0.0
26.28,FLIGHT,0.9713,1.5718,0.0606,0.0475,0.0598,0.0467,-0.0129,-0.1887,0.005,0.0036,1.036,-0.049,1.5886,0.000219,-0.0,0.0
26.285,FLIGHT,0.9716,1.572,0.0597,0.0466,0.0589,0.0458,-0.0128,-0.1886,0.005,0.0035,1.0352,-0.0491,1.5887,0.000219,-0.0,0.0
26.29,FLIGHT,0.9719,1.5722,0.0588,0.0457,0.0581,0.0449,-0.0128,-0.1886,0.005,0.0035,1.0344,-0.0492,1.5889,0.000219,-0.0,0.0
26.295,FLIGHT,0.9722,1.5724,0.058,0.0448,0.0572,0.044,-0.0128,-0.1886,0.0049,0.0034,1.0337,-0.0493,1.589,0.000219,-0.0,0.0
26.3,FLIGHT,0.9724,1.5727,0.0571,0.0439,0.0563,0.0431,-0.0128,-0.1886,0.0049,0.0033,1.0329,-0.0494,1.5891,0.000219,-0.0,0.0
26.305,FLIGHT,0.9727,1.5729,0.0563,0.0431,0.0555,0.0423,-0.0127,-0.1886,0.0048,0.0032,1.032,-0.0495,1.5892,0.000219,-0.0,0.0
26.31,FLIGHT,0.973,1.5731,0.0554,0.0422,0.0547,0.0415,-0.0127,-0.1886,0.0048,0.0032,1.0312,-0.0496,1.5893,0.000219,-0.0,0.0
26.315,FLIGHT,0.9733,1.5733,0.0546,0.0414,0.0538,0.0407,-0.0127,-0.1886,0.0047,0.0031,1.0304,-0.0497,1.5894,0.000218,-0.0,0.0
26.32,FLIGHT,0.9735,1.5735,0.0538,0.0406,0.053,0.0399,-0.0127,-0.1885,0.0047,0.0031,1.0295,-0.0498,1.5895,0.000218,-0.0,0.0
26.325,FLIGHT,0.9738,1.5737,0.0529,0.0399,0.0522,0.0392,-0.0126,-0.1885,0.0046,0.003,1.0286,-0.0499,1.5897,0.000218,-0.0,0.0
26.33,FLIGHT,0.9741,1.5739,0.0521,0.0391,0.0514,0.0385,-0.0126,-0.1885,0.0046,0.0029,1.0277,-0.05,1.5898,0.000218,-0.0,0.0
26.335,FLIGHT,0.9743,1.5741,0.0513,0.0384,0.0506,0.0378,-0.0126,-0.1885,0.0045,0.0029,1.0268,-0.0501,1.5899,0.000218,-0.0,0.0
26.34,FLIGHT,0.9746,1.5743,0.0506,0.0377,0.0499,0.0371,-0.0126,-0.1885,0.0045,0.0028,1.0259,-0.0502,1.59,0.000218,-0.0,0.0
26.345,FLIGHT,0.9748,1.5744,0.0498,0.037,0.0491,0.0364,-0.0125,-0.1885,0.0044,0.0028,1.0249,-0.0503,1.5901,0.000218,-0.0,0.0
26.35,FLIGHT,0.9751,1.5746,0.049,0.0363,0.0483,0.0357,-0.0125,-0.1884,0.0043,0.0027,1.024,-0.0504,1.5902,0.000218,-0.0,0.0
26.355,FLIGHT,0.9753,1.5748,0.0482,0.0357,0.0476,0.0351,-0.0125,-0.1884,0.0043,0.0027,1.023,-0.0505,1.5903,0.000218,-0.0,0.0
26.36,FLIGHT,0.9755,1.575,0.0475,0.035,0.0468,0.0345,-0.0125,-0.1884,0.0042,0.0026,1.022,-0.0506,1.5904,0.000218,-0.0,0.0
26.365,FLIGHT,0.9758,1.5752,0.0467,0.0344,0.0461,0.0338,-0.0125,-0.1884,0.0042,0.0026,1.021,-0.0507,1.5905,0.000218,-0.0,0.0
26.37,FLIGHT,0.976,1.5753,0.046,0.0338,0.0453,0.0332,-0.0124,-0.1884,0.0041,0.0025,1.02,-0.0508,1.5906,0.000218,-0.0,0.0
26.375,FLIGHT,0.9762,1.5755,0.0453,0.0332,0.0446,0.0327,-0.0124,-0.1884,0.0041,0.0025,1.019,-0.0509,1.5907,0.000218,-0.0,0.0
26.38,FLIGHT,0.9764,1.5756,0.0445,0.0326,0.0439,0.0321,-0.0124,-0.1884,0.004,0.0024,1.0179,-0.051,1.5908,0.000218,-0.0,0.0
26.385,FLIGHT,0.9767,1.5758,0.0438,0.032,0.0432,0.0315,-0.0124,-0.1884,0.0039,0.0024,1.0168,-0.051,1.5909,0.000218,-0.0,0.0
26.39,FLIGHT,0.9769,1.576,0.0431,0.0315,0.0424,0.031,-0.0124,-0.1883,0.0039,0.0024,1.0158,-0.0511,1.591,0.000218,-0.0,0.0
26.395,FLIGHT,0.9771,1.5761,0.0424,0.031,0.0417,0.0305,-0.0123,-0.1883,0.0038,0.0023,1.0147,-0.0512,1.5911,0.000218,-0.0,0.0
26.4,FLIGHT,0.9773,1.5763,0.0417,0.0304,0.041,0.03,-0.0123,-0.1883,0.0038,0.0023,1.0136,-0.0513,1.5912,0.000218,-0.0,0.0
26.405,FLIGHT,0.9775,1.5764,0.041,0.0299,0.0403,0.0295,-0.0123,-0.1883,0.0037,0.0022,1.0125,-0.0514,1.5912,0.000218,0.0,0.0
26.41,FLIGHT,0.9777,1.5766,0.0403,0.0294,0.0397,0.029,-0.0123,-0.1883,0.0036,0.0022,1.0113,-0.0515,1.5913,0.000218,0.0,0.0
26.415,FLIGHT,0.9779,1.5767,0.0396,0.0289,0.039,0.0285,-0.0123,-0.1883,0.0036,0.0022,1.0102,-0.0516,1.5914,0.000218,0.0,0.0
26.42,FLIGHT,0.9781,1.5768,0.0389,0.0285,0.0383,0.028,-0.0123,-0.1883,0.0035,0.0021,1.009,-0.0517,1.5915,0.000218,0.0,0.0
26.425,FLIGHT,0.9783,1.577,0.0382,0.028,0.0376,0.0276,-0.0122,-0.1883,0.0034,0.0021,1.0079,-0.0518,1.5916,0.000218,0.0,0.0
26.43,FLIGHT,0.9785,1.5771,0.0375,0.0275,0.0369,0.0271,-0.0122,-0.1883,0.0034,0.0021,1.0067,-0.0519,1.5917,0.000218,0.0,0.0
26.435,FLIGHT,0.9786,1.5773,0.0369,0.0271,0.0363,0.0267,-0.0122,-0.1883,0.0033,0.002,1.0055,-0.0519,1.5918,0.000218,0.0,0.0
26.44,FLIGHT,0.9788,1.5774,0.0362,0.0267,0.0356,0.0263,-0.0122,-0.1882,0.0032,0.002,1.0043,-0.052,1.5919,0.000218,0.0,0.0
26.445,FLIGHT,0.979,1.5775,0.0355,0.0263,0.0349,0.0259,-0.0122,-0.1882,0.0032,0.002,1.0031,-0.0521,1.5919,0.000218,0.0,0.0
26.45,FLIGHT,0.9792,1.5776,0.0349,0.0258,0.0343,0.0255,-0.0122,-0.1882,0.0031,0.0019,1.0018,-0.0522,1.592,0.000218,0.0,0.0
26.455,FLIGHT,0.9793,1.5778,0.0342,0.0254,0.0336,0.0251,-0.0121,-0.1882,0.003,0.0019,1.0006,-0.0523,1.5921,0.000218,0.0,0.0
26.46,STANCE,0.9797,1.5784,0.0683,0.1155,0.2181,0.4946,-0.0122,-0.1882,-0.0027,0.0098,0.9994,0.151,-0.176,1.3e-05,-0.2041,0.0408
26.465,STANCE,0.987,1.5758,1.1457,-0.4293,2.5666,-1.5668,-0.0104,-0.1885,0.2741,-0.0508,0.9983,-0.387,-0.5505,-0.001977,-0.5276,0.1075
26.47,STANCE,0.9941,1.5714,1.1504,-0.6067,0.1543,0.049,-0.0085,-0.1889,0.3002,-0.0638,0.9979,-0.6692,-1.0569,-0.00354,-0.0904,0.0216
26.475,STANCE,0.9936,1.5726,0.3019,-0.043,-0.057,0.124,-0.0087,-0.1888,0.0629,-0.0065,0.998,-0.6237,-1.8344,-0.003589,0.0397,0.0036
26.48,STANCE,0.995,1.5711,0.3236,-0.2699,0.6471,-0.7836,-0.0083,-0.189,0.098,-0.0266,0.9983,-0.9447,-2.1478,-0.003291,0.0731,0.0033
26.485,STANCE,0.9995,1.5614,0.7429,-1.439,1.1614,-1.9319,-0.0061,-0.1899,0.3396,-0.1295,0.9983,-1.4542,-1.8258,-0.002703,0.0825,0.0027
26.49,STANCE,1.0072,1.5467,1.3157,-2.5881,1.6831,-3.1626,-0.0026,-0.1911,0.6135,-0.2202,0.9982,-2.0088,-1.2491,-0.002766,-0.0751,0.0178
26.495,STANCE,1.0141,1.5302,1.3223,-3.128,1.1487,-3.2364,0.0011,-0.1925,0.698,-0.2503,0.9982,-2.2107,-0.7314,-0.00306,-0.0523,0.0135
26.5,STANCE,1.0181,1.5149,0.9144,-3.0765,0.3902,-2.8944,0.004,-0.1937,0.618,-0.2354,0.9982,-2.0414,-0.3536,-0.003325,-0.0702,0.0174
26.505,STANCE,1.0174,1.5001,0.1812,-2.9438,-0.4926,-2.8049,0.006,-0.1948,0.4604,-0.2216,0.9982,-1.5258,0.0371,-0.003471,-0.016,0.0067
26.51,STANCE,1.0137,1.4862,-0.4605,-2.8179,-0.8716,-2.6767,0.0073,-0.1959,0.3188,-0.2124,0.9983,-0.8848,0.4392,-0.003465,-0.0013,0.0037
26.515,STANCE,1.0091,1.4723,-0.7732,-2.7886,-0.9662,-2.9614,0.0084,-0.197,0.2544,-0.2096,0.9985,-0.3041,0.8557,-0.003429,0.0258,0.0034
26.52,STANCE,1.005,1.4583,-0.7874,-2.7835,-0.7051,-2.7734,0.0096,-0.198,0.252,-0.2063,0.9988,0.1272,1.2037,-0.003424,-0.0013,0.0037
26.525,STANCE,1.0024,1.4454,-0.5726,-2.6235,-0.2648,-2.308,0.011,-0.199,0.2725,-0.1896,0.9992,0.3122,1.346,-0.003502,-0.0406,0.0116
26.53,STANCE,1.0025,1.4352,-0.1559,-2.1918,0.2363,-1.8269,0.0125,-0.1997,0.2932,-0.1518,0.9999,0.1742,1.2156,-0.003832,-0.0817,0.0202
26.535,STANCE,1.0043,1.4262,0.2113,-1.9398,0.4561,-1.8532,0.0143,-0.2002,0.3308,-0.1265,1.0008,0.0227,1.1375,-0.004201,-0.0574,0.0157
26.54,STANCE,1.0066,1.4166,0.3783,-1.9263,0.4392,-1.9478,0.0161,-0.2008,0.364,-0.1191,1.0015,-0.0499,1.156,-0.00436,-0.0055,0.0055
26.545,FLIGHT,1.0063,1.4118,-0.0169,-1.0647,-1.0946,1.148,0.0168,-0.2012,0.1561,-0.0687,1.0028,-1.1944,2.4562,-0.004225,0.0709,0.0042
26.55,FLIGHT,0.9966,1.4251,-1.4063,1.587,-2.5373,3.5713,0.0129,-0.2004,-0.5172,0.0894,1.005,-0.5073,1.8866,-0.003649,0.1516,0.0036
26.555,FLIGHT,0.9836,1.4424,-2.1951,2.8099,-2.4515,3.0322,0.0077,-0.1993,-0.8483,0.1858,1.0072,-0.0264,1.4985,-0.002818,0.1706,0.0028
26.56,FLIGHT,0.9731,1.4541,-2.0945,2.4158,-1.7492,1.6876,0.0039,-0.1985,-0.765,0.174,1.0091,0.0469,1.4522,-0.002014,0.1477,0.002
26.565,FLIGHT,0.9658,1.4603,-1.6292,1.5766,-1.2095,0.9178,0.0016,-0.1981,-0.549,0.1193,1.0106,-0.0635,1.5547,-0.001347,0.1205,0.0013
26.57,FLIGHT,0.9604,1.4644,-1.2486,1.0667,-0.9985,0.8127,-0.0001,-0.1978,-0.3992,0.084,1.012,-0.1483,1.6301,-0.000787,0.1058,0.0008
26.575,FLIGHT,0.9556,1.4688,-1.0566,0.9439,-0.9466,0.9365,-0.0016,-0.1974,-0.3426,0.0773,1.0134,-0.1535,1.6365,-0.000272,0.1012,0.0003
26.58,FLIGHT,0.951,1.4736,-0.9613,0.9644,-0.8849,0.9829,-0.0032,-0.197,-0.3256,0.0816,1.0149,-0.1189,1.6098,0.000209,0.0811,0.0
26.585,FLIGHT,0.9468,1.4784,-0.8666,0.952,-0.771,0.9086,-0.0047,-0.1966,-0.3042,0.0828,1.0163,-0.0888,1.5877,0.000523,0.0467,0.0
26.59,FLIGHT,0.9433,1.4826,-0.75,0.8767,-0.6401,0.7929,-0.006,-0.1962,-0.2698,0.0779,1.0177,-0.0762,1.5804,0.000694,0.0231,0.0
26.595,FLIGHT,0.9404,1.4864,-0.6287,0.7817,-0.5244,0.701,-0.0071,-0.1959,-0.2321,0.0706,1.019,-0.0737,1.5812,0.000767,0.0075,0.0
26.6,FLIGHT,0.938,1.4897,-0.5208,0.7031,-0.4327,0.6438,-0.008,-0.1956,-0.1995,0.0643,1.0203,-0.072,1.5822,0.000778,-0.0023,0.0005
26.605,FLIGHT,0.936,1.4928,-0.4312,0.6472,-0.3582,0.6047,-0.0088,-0.1953,-0.1738,0.0596,1.0216,-0.0679,1.5809,0.000751,-0.0079,0.0016
26.61,FLIGHT,0.9344,1.4958,-0.3556,0.6044,-0.2926,0.569,-0.0096,-0.1951,-0.1528,0.0559,1.0228,-0.0624,1.5782,0.000703,-0.0109,0.0022
26.615,FLIGHT,0.9331,1.4985,-0.289,0.5661,-0.2324,0.5326,-0.0102,-0.1948,-0.1342,0.0524,1.0239,-0.0575,1.5758,0.000646,-0.012,0.0024
26.62,FLIGHT,0.9321,1.5011,-0.2288,0.5295,-0.1777,0.4978,-0.0108,-0.1946,-0.1172,0.049,1.0251,-0.0537,1.5743,0.000586,-0.0119,0.0024
26.625,FLIGHT,0.9313,1.5035,-0.1748,0.4956,-0.1292,0.467,-0.0112,-0.1943,-0.1019,0.0457,1.0262,-0.0509,1.5733,0.000528,-0.0112,0.0022
26.63,FLIGHT,0.9308,1.5058,-0.1269,0.4656,-0.0869,0.4406,-0.0117,-0.1941,-0.0883,0.0428,1.0273,-0.0485,1.5727,0.000474,-0.01,0.002
26.635,FLIGHT,0.9304,1.5079,-0.085,0.4395,-0.05,0.4177,-0.012,-0.1939,-0.0765,0.0401,1.0283,-0.0465,1.5721,0.000428,-0.0087,0.0017
26.64,FLIGHT,0.9303,1.51,-0.0484,0.4166,-0.0178,0.3973,-0.0123,-0.1938,-0.0662,0.0378,1.0294,-0.0447,1.5716,0.000387,-0.0074,0.0015
26.645,FLIGHT,0.9303,1.5119,-0.0164,0.3961,0.0103,0.3788,-0.0126,-0.1936,-0.0571,0.0357,1.0304,-0.0431,1.5712,0.000354,-0.0061,0.0012
26.65,FLIGHT,0.9304,1.5137,0.0115,0.3777,0.0348,0.3619,-0.0128,-0.1934,-0.0492,0.0338,1.0313,-0.0418,1.571,0.000326,-0.005,0.001
26.655,FLIGHT,0.9306,1.5155,0.0358,0.3609,0.0561,0.3467,-0.013,-0.1933,-0.0421,0.032,1.0322,-0.0408,1.5708,0.000303,-0.004,0.0008
26.66,FLIGHT,0.9309,1.5172,0.0568,0.3458,0.0743,0.3328,-0.0132,-0.1931,-0.036,0.0304,1.0331,-0.04,1.5708,0.000285,-0.0032,0.0006
26.665,FLIGHT,0.9313,1.5188,0.0749,0.332,0.0899,0.3202,-0.0133,-0.193,-0.0306,0.029,1.034,-0.0393,1.5708,0.000271,-0.0025,0.0005
26.67,FLIGHT,0.9318,1.5204,0.0904,0.3194,0.1032,0.3086,-0.0134,-0.1928,-0.0259,0.0277,1.0349,-0.0388,1.5709,0.00026,-0.002,0.0004
26.675,FLIGHT,0.9324,1.5219,0.1036,0.3078,0.1144,0.2979,-0.0135,-0.1927,-0.0217,0.0265,1.0357,-0.0383,1.5711,0.000251,-0.0015,0.0003
26.68,FLIGHT,0.933,1.5234,0.1147,0.2971,0.1238,0.2879,-0.0136,-0.1926,-0.0181,0.0254,1.0365,-0.038,1.5712,0.000244,-0.0011,0.0002
26.685,FLIGHT,0.9336,1.5248,0.124,0.2872,0.1317,0.2786,-0.0137,-0.1925,-0.015,0.0244,1.0372,-0.0378,1.5715,0.00024,-0.0008,0.0002
26.69,FLIGHT,0.9343,1.5262,0.1318,0.278,0.1381,0.27,-0.0138,-0.1923,-0.0123,0.0235,1.038,-0.0376,1.5717,0.000236,-0.0006,0.0001
26.695,FLIGHT,0.935,1.5275,0.1382,0.2693,0.1433,0.2618,-0.0138,-0.1922,-0.0099,0.0226,1.0387,-0.0375,1.572,0.000233,-0.0004,0.0001
26.7,FLIGHT,0.9357,1.5288,0.1433,0.2612,0.1474,0.2541,-0.0138,-0.1921,-0.0078,0.0218,1.0393,-0.0375,1.5723,0.000232,-0.0003,0.0001
26.705,FLIGHT,0.9365,1.5301,0.1474,0.2535,0.1506,0.2468,-0.0139,-0.192,-0.006,0.0211,1.04,-0.0375,1.5726,0.00023,-0.0002,0.0
26.71,FLIGHT,0.9372,1.5313,0.1506,0.2462,0.153,0.2399,-0.0139,-0.1919,-0.0044,0.0204,1.0406,-0.0375,1.5729,0.00023,-0.0001,0.0
26.715,FLIGHT,0.938,1.5325,0.1529,0.2394,0.1547,0.2333,-0.0139,-0.1918,-0.003,0.0197,1.0412,-0.0376,1.5732,0.000229,-0.0001,0.0
26.72,FLIGHT,0.9388,1.5336,0.1546,0.2328,0.1558,0.2271,-0.0139,-0.1917,-0.0018,0.0191,1.0418,-0.0377,1.5735,0.000229,-0.0,0.0
26.725,FLIGHT,0.9395,1.5347,0.1557,0.2265,0.1564,0.2211,-0.0139,-0.1916,-0.0007,0.0185,1.0423,-0.0378,1.5739,0.000229,-0.0,0.0
26.73,FLIGHT,0.9403,1.5358,0.1563,0.2206,0.1566,0.2153,-0.0139,-0.1916,0.0002,0.018,1.0428,-0.038,1.5742,0.000229,0.0,0.0
26.735,FLIGHT,0.9411,1.5369,0.1564,0.2148,0.1563,0.2098,-0.0139,-0.1915,0.001,0.0175,1.0433,-0.0381,1.5746,0.000229,0.0,0.0
26.74,FLIGHT,0.9419,1.5379,0.1561,0.2093,0.1557,0.2045,-0.0139,-0.1914,0.0016,0.017,1.0438,-0.0383,1.5749,0.000229,0.0,0.0
26.745,FLIGHT,0.9427,1.5389,0.1555,0.204,0.1549,0.1993,-0.0139,-0.1913,0.0022,0.0165,1.0442,-0.0385,1.5753,0.000229,0.0,0.0
26.75,FLIGHT,0.9434,1.5399,0.1547,0.1989,0.1538,0.1944,-0.0139,-0.1912,0.0028,0.0161,1.0446,-0.0387,1.5756,0.000229,0.0,0.0
26.755,FLIGHT,0.9442,1.5409,0.1536,0.194,0.1525,0.1896,-0.0138,-0.1911,0.0032,0.0156,1.045,-0.0389,1.5759,0.000229,0.0,0.0
26.76,FLIGHT,0.945,1.5418,0.1523,0.1892,0.1511,0.185,-0.0138,-0.1911,0.0036,0.0152,1.0453,-0.0391,1.5763,0.000229,0.0,0.0
26.765,FLIGHT,0.9457,1.5427,0.1509,0.1846,0.1495,0.1805,-0.0138,-0.191,0.0039,0.0148,1.0457,-0.0393,1.5766,0.000229,-0.0,0.0
26.77,FLIGHT,0.9465,1.5436,0.1493,0.1801,0.1478,0.1762,-0.0138,-0.1909,0.0042,0.0145,1.046,-0.0396,1.577,0.000229,-0.0,0.0
26.775,FLIGHT,0.9472,1.5445,0.1476,0.1758,0.146,0.172,-0.0137,-0.1909,0.0045,0.0141,1.0463,-0.0398,1.5773,0.000229,-0.0,0.0
26.78,FLIGHT,0.9479,1.5453,0.1458,0.1716,0.1442,0.1679,-0.0137,-0.1908,0.0047,0.0137,1.0465,-0.04,1.5776,0.000229,-0.0,0.0
26.785,FLIGHT,0.9486,1.5462,0.144,0.1675,0.1423,0.1639,-0.0137,-0.1907,0.0049,0.0134,1.0467,-0.0402,1.5779,0.000229,-0.0,0.0
26.79,FLIGHT,0.9493,1.547,0.142,0.1636,0.1403,0.1601,-0.0137,-0.1907,0.005,0.0131,1.0469,-0.0404,1.5782,0.000229,-0.0,0.0
26.795,FLIGHT,0.95,1.5478,0.1401,0.1597,0.1383,0.1563,-0.0136,-0.1906,0.0052,0.0127,1.0471,-0.0407,1.5785,0.000229,-0.0,0.0
26.8,FLIGHT,0.9507,1.5485,0.1381,0.156,0.1363,0.1527,-0.0136,-0.1905,0.0053,0.0124,1.0473,-0.0409,1.5789,0.000229,-0.0,0.0
26.805,FLIGHT,0.9514,1.5493,0.1361,0.1524,0.1343,0.1492,-0.0136,-0.1905,0.0054,0.0121,1.0474,-0.0411,1.5792,0.000228,-0.0,0.0
26.81,FLIGHT,0.9521,1.55,0.1341,0.1488,0.1323,0.1457,-0.0136,-0.1904,0.0055,0.0118,1.0475,-0.0413,1.5794,0.000228,-0.0,0.0
26.815,FLIGHT,0.9527,1.5507,0.1321,0.1454,0.1303,0.1423,-0.0135,-0.1904,0.0056,0.0116,1.0476,-0.0415,1.5797,0.000228,-0.0,0.0
26.82,FLIGHT,0.9534,1.5515,0.13,0.142,0.1282,0.1391,-0.0135,-0.1903,0.0056,0.0113,1.0477,-0.0417,1.58,0.000228,-0.0,0.0
26.825,FLIGHT,0.954,1.5521,0.128,0.1388,0.1262,0.1359,-0.0135,-0.1902,0.0057,0.011,1.0477,-0.0419,1.5803,0.000227,-0.0,0.0
26.83,FLIGHT,0.9546,1.5528,0.126,0.1356,0.1242,0.1328,-0.0135,-0.1902,0.0057,0.0108,1.0477,-0.0421,1.5806,0.000227,-0.0001,0.0
26.835,FLIGHT,0.9552,1.5535,0.124,0.1325,0.1223,0.1297,-0.0134,-0.1901,0.0057,0.0105,1.0477,-0.0423,1.5808,0.000227,-0.0001,0.0
26.84,FLIGHT,0.9559,1.5541,0.1221,0.1295,0.1203,0.1268,-0.0134,-0.1901,0.0058,0.0103,1.0477,-0.0425,1.5811,0.000227,-0.0001,0.0
26.845,FLIGHT,0.9565,1.5547,0.1201,0.1265,0.1184,0.1239,-0.0134,-0.19,0.0058,0.01,1.0476,-0.0427,1.5814,0.000226,-0.0001,0.0
26.85,FLIGHT,0.957,1.5553,0.1182,0.1237,0.1165,0.1211,-0.0133,-0.19,0.0058,0.0098,1.0475,-0.0429,1.5816,0.000226,-0.0001,0.0
26.855,FLIGHT,0.9576,1.5559,0.1163,0.1209,0.1146,0.1184,-0.0133,-0.1899,0.0058,0.0095,1.0474,-0.0431,1.5819,0.000226,-0.0001,0.0
26.86,FLIGHT,0.9582,1.5565,0.1144,0.1181,0.1127,0.1157,-0.0133,-0.1899,0.0058,0.0093,1.0473,-0.0433,1.5821,0.000226,-0.0001,0.0
26.865,FLIGHT,0.9587,1.5571,0.1125,0.1155,0.1109,0.1131,-0.0133,-0.1899,0.0058,0.0091,1.0472,-0.0435,1.5824,0.000225,-0.0001,0.0
26.87,FLIGHT,0.9593,1.5577,0.1107,0.1129,0.1091,0.1106,-0.0132,-0.1898,0.0058,0.0089,1.047,-0.0437,1.5826,0.000225,-0.0001,0.0
26.875,FLIGHT,0.9598,1.5582,0.1089,0.1103,0.1073,0.1081,-0.0132,-0.1898,0.0058,0.0087,1.0468,-0.0439,1.5828,0.000225,-0.0,0.0
26.88,FLIGHT,0.9604,1.5587,0.1071,0.1079,0.1055,0.1057,-0.0132,-0.1897,0.0058,0.0085,1.0466,-0.044,1.5831,0.000225,-0.0,0.0
26.885,FLIGHT,0.9609,1.5593,0.1054,0.1055,0.1038,0.1033,-0.0131,-0.1897,0.0058,0.0083,1.0464,-0.0442,1.5833,0.000224,-0.0,0.0
26.89,FLIGHT,0.9614,1.5598,0.1036,0.1031,0.1021,0.101,-0.0131,-0.1896,0.0058,0.0081,1.0461,-0.0444,1.5835,0.000224,-0.0,0.0
26.895,FLIGHT,0.9619,1.5603,0.1019,0.1008,0.1004,0.0988,-0.0131,-0.1896,0.0058,0.0079,1.0458,-0.0446,1.5837,0.000224,-0.0,0.0
26.9,FLIGHT,0.9624,1.5608,0.1003,0.0986,0.0988,0.0966,-0.013,-0.1896,0.0057,0.0077,1.0455,-0.0447,1.5839,0.000224,-0.0,0.0
26.905,FLIGHT,0.9629,1.5612,0.0986,0.0964,0.0972,0.0945,-0.013,-0.1895,0.0057,0.0076,1.0452,-0.0449,1.5841,0.000224,-0.0,0.0
26.91,FLIGHT,0.9634,1.5617,0.097,0.0943,0.0956,0.0924,-0.013,-0.1895,0.0057,0.0074,1.0449,-0.0451,1.5843,0.000223,-0.0,0.0
26.915,FLIGHT,0.9639,1.5622,0.0955,0.0922,0.0941,0.0904,-0.013,-0.1895,0.0057,0.0072,1.0445,-0.0452,1.5845,0.000223,-0.0,0.0
26.92,FLIGHT,0.9643,1.5626,0.0939,0.0902,0.0925,0.0884,-0.0129,-0.1894,0.0056,0.0071,1.0441,-0.0454,1.5847,0.000223,-0.0,0.0
26.925,FLIGHT,0.9648,1.563,0.0924,0.0882,0.091,0.0864,-0.0129,-0.1894,0.0056,0.0069,1.0437,-0.0455,1.5849,0.000223,-0.0,0.0
26.93,FLIGHT,0.9652,1.5635,0.0909,0.0863,0.0895,0.0846,-0.0129,-0.1893,0.0056,0.0067,1.0433,-0.0457,1.5851,0.000223,-0.0,0.0
26.935,FLIGHT,0.9657,1.5639,0.0894,0.0844,0.0881,0.0827,-0.0129,-0.1893,0.0056,0.0066,1.0429,-0.0458,1.5853,0.000222,-0.0,0.0
26.94,FLIGHT,0.9661,1.5643,0.0879,0.0825,0.0867,0.0809,-0.0128,-0.1893,0.0055,0.0065,1.0424,-0.046,1.5855,0.000222,-0.0,0.0
26.945,FLIGHT,0.9665,1.5647,0.0865,0.0808,0.0852,0.0792,-0.0128,-0.1893,0.0055,0.0063,1.0419,-0.0461,1.5857,0.000222,-0.0,0.0
26.95,FLIGHT,0.967,1.5651,0.0851,0.079,0.0839,0.0775,-0.0128,-0.1892,0.0055,0.0062,1.0414,-0.0463,1.5859,0.000222,-0.0,0.0
26.955,FLIGHT,0.9674,1.5655,0.0837,0.0773,0.0825,0.0758,-0.0127,-0.1892,0.0054,0.006,1.0409,-0.0464,1.586,0.000222,-0.0,0.0
26.96,FLIGHT,0.9678,1.5659,0.0824,0.0756,0.0812,0.0742,-0.0127,-0.1892,0.0054,0.0059,1.0404,-0.0466,1.5862,0.000221,-0.0,0.0
26.965,FLIGHT,0.9682,1.5662,0.081,0.074,0.0799,0.0726,-0.0127,-0.1891,0.0054,0.0058,1.0398,-0.0467,1.5864,0.000221,-0.0,0.0
26.97,FLIGHT,0.9686,1.5666,0.0797,0.0724,0.0786,0.071,-0.0127,-0.1891,0.0053,0.0056,1.0393,-0.0468,1.5865,0.000221,-0.0,0.0
26.975,FLIGHT,0.969,1.5669,0.0784,0.0709,0.0773,0.0695,-0.0126,-0.1891,0.0053,0.0055,1.0387,-0.047,1.5867,0.000221,-0.0,0.0
26.98,FLIGHT,0.9694,1.5673,0.0772,0.0694,0.076,0.0681,-0.0126,-0.1891,0.0052,0.0054,1.0381,-0.0471,1.5869,0.000221,-0.0,0.0
26.985,FLIGHT,0.9697,1.5676,0.0759,0.0679,0.0748,0.0666,-0.0126,-0.189,0.0052,0.0053,1.0374,-0.0472,1.587,0.000221,-0.0,0.0
26.99,FLIGHT,0.9701,1.5679,0.0747,0.0665,0.0736,0.0652,-0.0126,-0.189,0.0052,0.0052,1.0368,-0.0474,1.5872,0.000221,-0.0,0.0
26.995,FLIGHT,0.9705,1.5683,0.0735,0.0651,0.0724,0.0639,-0.0125,-0.189,0.0051,0.0051,1.0361,-0.0475,1.5873,0.000221,-0.0,0.0
27.0,FLIGHT,0.9708,1.5686,0.0723,0.0637,0.0712,0.0625,-0.0125,-0.189,0.0051,0.0049,1.0354,-0.0476,1.5875,0.00022,-0.0,0.0
27.005,FLIGHT,0.9712,1.5689,0.0711,0.0624,0.0701,0.0612,-0.0125,-0.1889,0.005,0.0048,1.0347,-0.0478,1.5876,0.00022,-0.0,0.0
27.01,FLIGHT,0.9715,1.5692,0.07,0.0611,0.0689,0.06,-0.0125,-0.1889,0.005,0.0047,1.034,-0.0479,1.5878,0.00022,-0.0,0.0
27.015,FLIGHT,0.9719,1.5695,0.0688,0.0599,0.0678,0.0587,-0.0124,-0.1889,0.0049,0.0046,1.0333,-0.048,1.5879,0.00022,-0.0,0.0
27.02,FLIGHT,0.9722,1.5698,0.0677,0.0586,0.0667,0.0575,-0.0124,-0.1889,0.0049,0.0045,1.0325,-0.0481,1.5881,0.00022,-0.0,0.0
27.025,FLIGHT,0.9725,1.5701,0.0666,0.0574,0.0656,0.0564,-0.0124,-0.1888,0.0048,0.0044,1.0318,-0.0483,1.5882,0.00022,-0.0,0.0
27.03,FLIGHT,0.9729,1.5703,0.0655,0.0562,0.0646,0.0552,-0.0124,-0.1888,0.0048,0.0043,1.031,-0.0484,1.5884,0.00022,-0.0,0.0
27.035,FLIGHT,0.9732,1.5706,0.0645,0.0551,0.0635,0.0541,-0.0123,-0.1888,0.0047,0.0043,1.0302,-0.0485,1.5885,0.00022,-0.0,0.0
27.04,FLIGHT,0.9735,1.5709,0.0634,0.054,0.0625,0.053,-0.0123,-0.1888,0.0047,0.0042,1.0294,-0.0486,1.5886,0.00022,-0.0,0.0
27.045,FLIGHT,0.9738,1.5711,0.0624,0.0529,0.0614,0.0519,-0.0123,-0.1888,0.0046,0.0041,1.0285,-0.0487,1.5888,0.00022,-0.0,0.0
27.05,FLIGHT,0.9741,1.5714,0.0613,0.0518,0.0604,0.0509,-0.0123,-0.1887,0.0046,0.004,1.0277,-0.0489,1.5889,0.000219,-0.0,0.0
27.055,FLIGHT,0.9744,1.5717,0.0603,0.0508,0.0594,0.0499,-0.0122,-0.1887,0.0045,0.0039,1.0268,-0.049,1.589,0.000219,-0.0,0.0
27.06,FLIGHT,0.9747,1.5719,0.0593,0.0498,0.0584,0.0489,-0.0122,-0.1887,0.0045,0.0038,1.0259,-0.0491,1.5892,0.000219,-0.0,0.0
27.065,FLIGHT,0.975,1.5721,0.0583,0.0488,0.0575,0.0479,-0.0122,-0.1887,0.0044,0.0038,1.025,-0.0492,1.5893,0.000219,-0.0,0.0
27.07,FLIGHT,0.9753,1.5724,0.0574,0.0478,0.0565,0.047,-0.0122,-0.1887,0.0044,0.0037,1.0241,-0.0493,1.5894,0.000219,-0.0,0.0
27.075,FLIGHT,0.9756,1.5726,0.0564,0.0469,0.0556,0.0461,-0.0122,-0.1886,0.0043,0.0036,1.0232,-0.0494,1.5895,0.000219,-0.0,0.0
27.08,FLIGHT,0.9758,1.5728,0.0555,0.046,0.0546,0.0452,-0.0121,-0.1886,0.0043,0.0035,1.0222,-0.0495,1.5896,0.000219,-0.0,0.0
27.085,FLIGHT,0.9761,1.5731,0.0545,0.0451,0.0537,0.0443,-0.0121,-0.1886,0.0042,0.0035,1.0213,-0.0496,1.5898,0.000219,-0.0,0.0
27.09,FLIGHT,0.9764,1.5733,0.0536,0.0442,0.0528,0.0435,-0.0121,-0.1886,0.0041,0.0034,1.0203,-0.0497,1.5899,0.000219,-0.0,0.0
27.095,FLIGHT,0.9766,1.5735,0.0527,0.0434,0.0519,0.0426,-0.0121,-0.1886,0.0041,0.0033,1.0193,-0.0499,1.59,0.000219,-0.0,0.0
27.1,FLIGHT,0.9769,1.5737,0.0518,0.0425,0.051,0.0418,-0.0121,-0.1886,0.004,0.0033,1.0183,-0.05,1.5901,0.000219,-0.0,0.0
27.105,FLIGHT,0.9772,1.5739,0.0509,0.0417,0.0501,0.041,-0.012,-0.1885,0.004,0.0032,1.0173,-0.0501,1.5902,0.000219,-0.0,0.0
27.11,FLIGHT,0.9774,1.5741,0.05,0.041,0.0492,0.0403,-0.012,-0.1885,0.0039,0.0032,1.0163,-0.0502,1.5903,0.000219,-0.0,0.0
27.115,FLIGHT,0.9776,1.5743,0.0491,0.0402,0.0484,0.0395,-0.012,-0.1885,0.0038,0.0031,1.0152,-0.0503,1.5904,0.000219,-0.0,0.0
27.12,FLIGHT,0.9779,1.5745,0.0483,0.0394,0.0475,0.0388,-0.012,-0.1885,0.0038,0.003,1.0142,-0.0504,1.5906,0.000219,-0.0,0.0
27.125,FLIGHT,0.9781,1.5747,0.0474,0.0387,0.0467,0.0381,-0.012,-0.1885,0.0037,0.003,1.0131,-0.0505,1.5907,0.000219,-0.0,0.0
27.13,FLIGHT,0.9784,1.5749,0.0466,0.038,0.0458,0.0374,-0.0119,-0.1885,0.0037,0.0029,1.012,-0.0506,1.5908,0.000219,-0.0,0.0
27.135,FLIGHT,0.9786,1.5751,0.0457,0.0373,0.045,0.0367,-0.0119,-0.1885,0.0036,0.0029,1.0109,-0.0507,1.5909,0.000219,-0.0,0.0
27.14,FLIGHT,0.9788,1.5753,0.0449,0.0366,0.0442,0.036,-0.0119,-0.1884,0.0035,0.0028,1.0098,-0.0508,1.591,0.000219,-0.0,0.0
27.145,FLIGHT,0.979,1.5754,0.0441,0.036,0.0434,0.0354,-0.0119,-0.1884,0.0035,0.0028,1.0086,-0.0509,1.5911,0.000219,-0.0,0.0
27.15,FLIGHT,0.9792,1.5756,0.0433,0.0353,0.0426,0.0347,-0.0119,-0.1884,0.0034,0.0027,1.0075,-0.051,1.5912,0.000219,-0.0,0.0
27.155,FLIGHT,0.9794,1.5758,0.0425,0.0347,0.0418,0.0341,-0.0119,-0.1884,0.0033,0.0027,1.0063,-0.0511,1.5913,0.000219,-0.0,0.0
27.16,FLIGHT,0.9797,1.576,0.0417,0.0341,0.041,0.0335,-0.0118,-0.1884,0.0033,0.0026,1.0052,-0.0512,1.5914,0.000219,-0.0,0.0
27.165,FLIGHT,0.9799,1.5761,0.0409,0.0335,0.0402,0.0329,-0.0118,-0.1884,0.0032,0.0026,1.004,-0.0513,1.5915,0.000218,-0.0,0.0
27.17,FLIGHT,0.9801,1.5763,0.0401,0.0329,0.0394,0.0324,-0.0118,-0.1884,0.0031,0.0025,1.0028,-0.0514,1.5916,0.000218,-0.0,0.0
27.175,FLIGHT,0.9802,1.5765,0.0393,0.0323,0.0386,0.0318,-0.0118,-0.1883,0.0031,0.0025,1.0016,-0.0515,1.5917,0.000218,-0.0,0.0
27.18,FLIGHT,0.9804,1.5766,0.0386,0.0317,0.0379,0.0313,-0.0118,-0.1883,0.003,0.0025,1.0003,-0.0516,1.5918,0.000218,-0.0,0.0
27.185,STANCE,0.9813,1.5775,0.1547,0.1591,0.7377,0.1308,-0.0117,-0.1883,0.0077,0.0127,0.9993,0.1119,-0.3063,-0.000223,-0.2911,0.0584
27.19,STANCE,0.9908,1.5729,1.4594,-0.6986,2.8833,-1.9473,-0.0093,-0.1888,0.3706,-0.0762,0.9982,-0.5713,-0.5499,-0.002426,-0.539,0.1102
27.195,STANCE,0.9963,1.5695,1.0516,-0.5572,0.0029,0.1853,-0.0078,-0.1891,0.2752,-0.0575,0.9978,-0.708,-1.1745,-0.003649,-0.0538,0.0144
27.2,STANCE,0.9957,1.5707,0.2639,-0.0306,-0.0013,0.0411,-0.0081,-0.189,0.0541,-0.0049,0.9981,-0.6948,-1.9128,-0.003588,0.0527,0.0036
27.205,STANCE,0.9975,1.5685,0.3677,-0.3578,0.7368,-0.9423,-0.0075,-0.1892,0.1187,-0.0343,0.9983,-1.0535,-2.1436,-0.003241,0.0812,0.0032
27.21,STANCE,1.0022,1.5581,0.7887,-1.5042,1.2522,-2.0013,-0.0051,-0.1902,0.3582,-0.1335,0.9984,-1.5598,-1.7814,-0.002644,0.0453,0.0026
27.215,STANCE,1.0098,1.5428,1.2901,-2.5848,1.4879,-2.6752,-0.0015,-0.1915,0.61,-0.2161,0.9982,-2.068,-1.1883,-0.002931,-0.0827,0.0195
27.22,STANCE,1.0155,1.5269,1.1619,-2.9867,0.9237,-3.2082,0.0018,-0.1928,0.6486,-0.2362,0.9982,-2.1672,-0.7104,-0.003131,-0.1218,0.0275
27.225,STANCE,1.0181,1.5099,0.6906,-3.2584,0.2972,-2.973,0.0047,-0.1941,0.6023,-0.2475,0.9981,-1.9338,-0.1785,-0.003493,-0.0638,0.0162
27.23,STANCE,1.0172,1.495,0.0342,-3.0857,-0.727,-3.1786,0.0067,-0.1952,0.4534,-0.2311,0.998,-1.4134,0.2021,-0.00377,-0.0264,0.0091
27.235,STANCE,1.0127,1.4806,-0.6259,-2.9509,-1.027,-2.7047,0.0079,-0.1963,0.3064,-0.2219,0.998,-0.7384,0.5972,-0.004094,-0.0875,0.0216
27.24,STANCE,1.007,1.4661,-0.9675,-2.9192,-1.1139,-2.9346,0.0089,-0.1974,0.2356,-0.2195,0.998,-0.136,0.999,-0.004398,-0.06,0.0164
27.245,STANCE,1.0018,1.451,-1.0033,-2.9761,-0.8728,-2.8694,0.0101,-0.1986,0.2378,-0.2208,0.998,0.2902,1.3483,-0.004585,-0.0406,0.0127
27.25,STANCE,0.999,1.4387,-0.6643,-2.5749,-0.2164,-2.0397,0.0113,-0.1995,0.2473,-0.1862,0.9984,0.3788,1.3558,-0.004963,-0.113,0.0276
27.255,STANCE,0.9995,1.4297,-0.1189,-2.0389,0.3502,-1.7062,0.0128,-0.2001,0.2783,-0.1401,0.9992,0.1669,1.1683,-0.005631,-0.1388,0.0334
27.26,STANCE,1.0018,1.4208,0.2906,-1.8777,0.5385,-1.8811,0.0146,-0.2006,0.3379,-0.1203,0.9999,-0.0028,1.1261,-0.00622,-0.0897,0.0242
27.265,STANCE,1.0044,1.4111,0.437,-1.9207,0.4653,-1.9503,0.0165,-0.2012,0.3755,-0.1166,1.0006,-0.0678,1.1675,-0.006499,-0.0224,0.011
27.27,STANCE,1.0064,1.4016,0.3999,-1.8998,0.3264,-1.8367,0.0183,-0.2018,0.3665,-0.1119,1.0012,-0.0579,1.1829,-0.006466,0.0324,0.0065
27.275,STANCE,1.0078,1.3927,0.3133,-1.8119,0.2435,-1.7323,0.02,-0.2023,0.3372,-0.1047,1.0018,-0.0267,1.17,-0.006202,0.0708,0.0062
27.28,STANCE,1.0089,1.3842,0.2573,-1.7408,0.2274,-1.6934,0.0215,-0.2028,0.3162,-0.0985,1.0025,-0.0072,1.1629,-0.005778,0.0968,0.0058
27.285,STANCE,1.0101,1.3758,0.2413,-1.697,0.239,-1.6606,0.023,-0.2033,0.3074,-0.0934,1.0031,-0.0037,1.1664,-0.005248,0.1144,0.0052
27.29,FLIGHT,1.011,1.3682,0.1855,-1.5276,-0.3279,-0.3964,0.0243,-0.2037,0.2711,-0.0826,1.0039,-1.4653,2.6526,-0.004636,0.1404,0.0046
27.295,FLIGHT,1.0033,1.3779,-1.1105,1.0467,-2.5236,3.6602,0.0213,-0.2033,-0.3846,0.0388,1.0058,-0.8652,2.1597,-0.00372,0.2235,0.0037
27.3,FLIGHT,0.9889,1.3983,-2.3299,3.1099,-2.9727,4.0132,0.0153,-0.2023,-0.9364,0.1662,1.008,-0.1723,1.603,-0.002498,0.2536,0.0025
27.305,FLIGHT,0.9755,1.415,-2.5244,3.1767,-2.3052,2.5844,0.0101,-0.2014,-0.9769,0.1948,1.0099,0.0606,1.4266,-0.001287,0.2245,0.0013
27.31,FLIGHT,0.9659,1.4247,-2.0724,2.2691,-1.5781,1.4135,0.0068,-0.2008,-0.7477,0.1498,1.0114,-0.0232,1.5082,-0.000279,0.1793,0.0003
27.315,FLIGHT,0.959,1.4306,-1.5758,1.5172,-1.2143,1.067,0.0045,-0.2004,-0.5361,0.1052,1.0126,-0.1449,1.6151,0.000484,0.1189,0.0
27.32,FLIGHT,0.9533,1.4361,-1.2844,1.2421,-1.1127,1.1601,0.0026,-0.2,-0.4362,0.0907,1.0139,-0.1804,1.6471,0.000934,0.0648,0.0
27.325,FLIGHT,0.9478,1.4422,-1.149,1.2295,-1.0589,1.2494,0.0006,-0.1995,-0.4057,0.0944,1.0152,-0.1493,1.6239,0.001163,0.0291,0.0
27.33,FLIGHT,0.9428,1.4483,-1.0493,1.227,-0.9529,1.1915,-0.0013,-0.199,-0.3838,0.0982,1.0165,-0.1084,1.5934,0.001247,0.0062,0.0
27.335,FLIGHT,0.9384,1.4539,-0.9276,1.1492,-0.8079,1.0524,-0.0029,-0.1986,-0.3472,0.0951,1.0178,-0.0859,1.5787,0.001239,-0.0079,0.0016
27.34,FLIGHT,0.9347,1.4589,-0.7899,1.0305,-0.6669,0.9231,-0.0044,-0.1982,-0.302,0.0875,1.0189,-0.0793,1.5771,0.001178,-0.016,0.0032
27.345,FLIGHT,0.9317,1.4632,-0.6596,0.9217,-0.5509,0.8367,-0.0056,-0.1978,-0.26,0.0798,1.0201,-0.0772,1.5785,0.001086,-0.02,0.004
27.35,FLIGHT,0.9292,1.4673,-0.5482,0.8411,-0.4572,0.7805,-0.0066,-0.1974,-0.226,0.0739,1.0211,-0.0729,1.5778,0.000982,-0.0214,0.0043
27.355,FLIGHT,0.9271,1.4711,-0.4542,0.7817,-0.3761,0.734,-0.0076,-0.1971,-0.1986,0.0694,1.0222,-0.0665,1.5749,0.000875,-0.0211,0.0042
27.36,FLIGHT,0.9254,1.4746,-0.3718,0.7314,-0.3017,0.6882,-0.0084,-0.1968,-0.1748,0.0654,1.0232,-0.0601,1.5718,0.000773,-0.0198,0.004
27.365,FLIGHT,0.9241,1.4779,-0.2971,0.6844,-0.2334,0.6436,-0.0091,-0.1965,-0.1533,0.0614,1.0242,-0.0549,1.5696,0.000679,-0.0179,0.0036
27.37,FLIGHT,0.923,1.4811,-0.2294,0.6407,-0.1721,0.6035,-0.0098,-0.1962,-0.1336,0.0575,1.0251,-0.0511,1.5683,0.000595,-0.0157,0.0031
27.375,FLIGHT,0.9223,1.484,-0.169,0.6017,-0.1182,0.569,-0.0103,-0.196,-0.1161,0.054,1.026,-0.0481,1.5674,0.000522,-0.0134,0.0027
27.38,FLIGHT,0.9219,1.4868,-0.1158,0.5676,-0.0712,0.5392,-0.0108,-0.1957,-0.1008,0.0508,1.0269,-0.0454,1.5667,0.00046,-0.0112,0.0022
27.385,FLIGHT,0.9216,1.4894,-0.0691,0.5379,-0.0301,0.5129,-0.0112,-0.1955,-0.0874,0.0479,1.0278,-0.0431,1.5661,0.00041,-0.0092,0.0018
27.39,FLIGHT,0.9215,1.4919,-0.0283,0.5115,0.0059,0.4891,-0.0115,-0.1953,-0.0757,0.0453,1.0286,-0.0411,1.5656,0.000368,-0.0074,0.0015
27.395,FLIGHT,0.9217,1.4943,0.0074,0.4877,0.0372,0.4675,-0.0119,-0.195,-0.0654,0.043,1.0294,-0.0394,1.5653,0.000335,-0.0059,0.0012
27.4,FLIGHT,0.9219,1.4966,0.0385,0.4662,0.0645,0.4479,-0.0121,-0.1948,-0.0563,0.0408,1.0302,-0.038,1.5651,0.000309,-0.0046,0.0009
27.405,FLIGHT,0.9223,1.4988,0.0655,0.4467,0.0879,0.43,-0.0123,-0.1947,-0.0483,0.0389,1.0309,-0.0369,1.5651,0.000289,-0.0036,0.0007
27.41,FLIGHT,0.9228,1.5009,0.0888,0.4289,0.108,0.4138,-0.0125,-0.1945,-0.0413,0.0371,1.0316,-0.036,1.5651,0.000273,-0.0027,0.0005
27.415,FLIGHT,0.9234,1.5029,0.1087,0.4127,0.1252,0.3988,-0.0127,-0.1943,-0.0352,0.0355,1.0323,-0.0353,1.5653,0.000261,-0.002,0.0004
27.42,FLIGHT,0.924,1.5049,0.1257,0.3978,0.1397,0.3851,-0.0128,-0.1941,-0.0298,0.034,1.0329,-0.0347,1.5655,0.000252,-0.0015,0.0003
27.425,FLIGHT,0.9248,1.5068,0.1401,0.3841,0.1518,0.3722,-0.013,-0.194,-0.0251,0.0326,1.0336,-0.0343,1.5657,0.000246,-0.0011,0.0002
27.43,FLIGHT,0.9255,1.5086,0.1521,0.3713,0.162,0.3603,-0.0131,-0.1938,-0.021,0.0313,1.0342,-0.034,1.566,0.000242,-0.0008,0.0002
27.435,FLIGHT,0.9264,1.5104,0.1622,0.3594,0.1703,0.3491,-0.0131,-0.1937,-0.0175,0.0302,1.0347,-0.0338,1.5663,0.000238,-0.0005,0.0001
27.44,FLIGHT,0.9272,1.5121,0.1704,0.3483,0.1771,0.3386,-0.0132,-0.1935,-0.0144,0.0291,1.0353,-0.0336,1.5667,0.000236,-0.0003,0.0001
27.445,FLIGHT,0.9281,1.5137,0.1771,0.3378,0.1825,0.3287,-0.0133,-0.1934,-0.0116,0.0281,1.0358,-0.0336,1.567,0.000235,-0.0002,0.0
27.45,FLIGHT,0.9291,1.5154,0.1825,0.328,0.1867,0.3194,-0.0133,-0.1933,-0.0093,0.0272,1.0363,-0.0336,1.5674,0.000234,-0.0001,0.0
27.455,FLIGHT,0.93,1.5169,0.1866,0.3186,0.1898,0.3105,-0.0133,-0.1931,-0.0072,0.0263,1.0367,-0.0336,1.5679,0.000234,-0.0,0.0
27.46,FLIGHT,0.931,1.5185,0.1897,0.3098,0.1921,0.302,-0.0133,-0.193,-0.0054,0.0255,1.0372,-0.0337,1.5683,0.000234,0.0,0.0
27.465,FLIGHT,0.9319,1.52,0.1919,0.3013,0.1935,0.2939,-0.0134,-0.1929,-0.0039,0.0247,1.0376,-0.0338,1.5687,0.000234,0.0,0.0
27.47,FLIGHT,0.9329,1.5214,0.1934,0.2933,0.1943,0.2862,-0.0134,-0.1928,-0.0025,0.024,1.038,-0.034,1.5692,0.000234,0.0001,0.0
27.475,FLIGHT,0.9339,1.5228,0.1941,0.2856,0.1945,0.2788,-0.0134,-0.1926,-0.0013,0.0233,1.0383,-0.0342,1.5696,0.000235,0.0001,0.0
27.48,FLIGHT,0.9348,1.5242,0.1943,0.2782,0.1942,0.2717,-0.0134,-0.1925,-0.0003,0.0226,1.0386,-0.0344,1.5701,0.000235,0.0001,0.0
27.485,FLIGHT,0.9358,1.5255,0.194,0.2711,0.1935,0.2649,-0.0134,-0.1924,0.0006,0.022,1.039,-0.0346,1.5705,0.000235,0.0001,0.0
27.49,FLIGHT,0.9368,1.5269,0.1932,0.2643,0.1924,0.2583,-0.0134,-0.1923,0.0014,0.0214,1.0392,-0.0348,1.571,0.000236,0.0,0.0
27.495,FLIGHT,0.9377,1.5281,0.1921,0.2577,0.191,0.2519,-0.0134,-0.1922,0.002,0.0208,1.0395,-0.0351,1.5714,0.000236,0.0,0.0
27.5,FLIGHT,0.9387,1.5294,0.1907,0.2513,0.1893,0.2458,-0.0133,-0.1921,0.0026,0.0203,1.0397,-0.0354,1.5719,0.000236,0.0,0.0
27.505,FLIGHT,0.9396,1.5306,0.1891,0.2452,0.1875,0.2398,-0.0133,-0.192,0.0031,0.0198,1.0399,-0.0356,1.5723,0.000236,0.0,0.0
27.51,FLIGHT,0.9406,1.5318,0.1872,0.2393,0.1854,0.234,-0.0133,-0.1919,0.0035,0.0193,1.0401,-0.0359,1.5727,0.000236,0.0,0.0
27.515,FLIGHT,0.9415,1.5329,0.1851,0.2335,0.1832,0.2284,-0.0133,-0.1918,0.0039,0.0188,1.0403,-0.0362,1.5732,0.000236,-0.0,0.0
27.52,FLIGHT,0.9424,1.5341,0.1829,0.2279,0.1809,0.223,-0.0133,-0.1917,0.0042,0.0183,1.0404,-0.0365,1.5736,0.000236,-0.0,0.0
27.525,FLIGHT,0.9433,1.5352,0.1806,0.2225,0.1784,0.2178,-0.0132,-0.1917,0.0045,0.0178,1.0405,-0.0368,1.574,0.000236,-0.0,0.0
27.53,FLIGHT,0.9442,1.5362,0.1781,0.2173,0.1759,0.2126,-0.0132,-0.1916,0.0047,0.0174,1.0406,-0.037,1.5744,0.000236,-0.0,0.0
27.535,FLIGHT,0.945,1.5373,0.1756,0.2122,0.1734,0.2077,-0.0132,-0.1915,0.0049,0.017,1.0407,-0.0373,1.5749,0.000236,-0.0,0.0
27.54,FLIGHT,0.9459,1.5383,0.1731,0.2072,0.1707,0.2028,-0.0132,-0.1914,0.0051,0.0166,1.0407,-0.0376,1.5753,0.000235,-0.0,0.0
27.545,FLIGHT,0.9468,1.5393,0.1704,0.2024,0.1681,0.1981,-0.0131,-0.1913,0.0052,0.0162,1.0407,-0.0379,1.5757,0.000235,-0.0001,0.0
27.55,FLIGHT,0.9476,1.5403,0.1678,0.1977,0.1654,0.1936,-0.0131,-0.1912,0.0054,0.0158,1.0407,-0.0382,1.576,0.000235,-0.0001,0.0
27.555,FLIGHT,0.9484,1.5412,0.1651,0.1931,0.1628,0.1891,-0.0131,-0.1912,0.0055,0.0154,1.0407,-0.0385,1.5764,0.000235,-0.0001,0.0
27.56,FLIGHT,0.9492,1.5422,0.1625,0.1887,0.1601,0.1847,-0.0131,-0.1911,0.0055,0.0151,1.0406,-0.0387,1.5768,0.000234,-0.0001,0.0
27.565,FLIGHT,0.95,1.5431,0.1598,0.1844,0.1574,0.1805,-0.013,-0.191,0.0056,0.0147,1.0405,-0.039,1.5772,0.000234,-0.0001,0.0
27.57,FLIGHT,0.9508,1.544,0.1572,0.1801,0.1548,0.1764,-0.013,-0.1909,0.0057,0.0144,1.0404,-0.0393,1.5775,0.000234,-0.0001,0.0
27.575,FLIGHT,0.9516,1.5449,0.1545,0.176,0.1521,0.1724,-0.013,-0.1909,0.0057,0.014,1.0403,-0.0395,1.5779,0.000233,-0.0001,0.0
27.58,FLIGHT,0.9523,1.5457,0.1519,0.172,0.1495,0.1684,-0.0129,-0.1908,0.0057,0.0137,1.0402,-0.0398,1.5782,0.000233,-0.0001,0.0
27.585,FLIGHT,0.9531,1.5465,0.1493,0.1681,0.1469,0.1646,-0.0129,-0.1907,0.0058,0.0134,1.04,-0.0401,1.5786,0.000233,-0.0001,0.0
27.59,FLIGHT,0.9538,1.5474,0.1467,0.1643,0.1444,0.1609,-0.0129,-0.1907,0.0058,0.0131,1.0398,-0.0403,1.5789,0.000232,-0.0001,0.0
27.595,FLIGHT,0.9545,1.5482,0.1441,0.1605,0.1418,0.1572,-0.0129,-0.1906,0.0058,0.0128,1.0396,-0.0406,1.5792,0.000232,-0.0001,0.0
27.6,FLIGHT,0.9552,1.5489,0.1416,0.1569,0.1393,0.1537,-0.0128,-0.1906,0.0058,0.0125,1.0393,-0.0408,1.5796,0.000232,-0.0001,0.0
27.605,FLIGHT,0.9559,1.5497,0.1391,0.1534,0.1369,0.1502,-0.0128,-0.1905,0.0058,0.0122,1.0391,-0.0411,1.5799,0.000231,-0.0001,0.0
27.61,FLIGHT,0.9566,1.5504,0.1366,0.1499,0.1344,0.1468,-0.0128,-0.1904,0.0058,0.0119,1.0388,-0.0413,1.5802,0.000231,-0.0001,0.0
27.615,FLIGHT,0.9572,1.5512,0.1342,0.1465,0.132,0.1435,-0.0127,-0.1904,0.0058,0.0117,1.0385,-0.0416,1.5805,0.000231,-0.0001,0.0
27.62,FLIGHT,0.9579,1.5519,0.1318,0.1432,0.1297,0.1403,-0.0127,-0.1903,0.0057,0.0114,1.0382,-0.0418,1.5808,0.00023,-0.0001,0.0
27.625,FLIGHT,0.9585,1.5526,0.1294,0.14,0.1273,0.1372,-0.0127,-0.1903,0.0057,0.0111,1.0379,-0.042,1.5811,0.00023,-0.0001,0.0
27.63,FLIGHT,0.9592,1.5532,0.1271,0.1369,0.1251,0.1341,-0.0127,-0.1902,0.0057,0.0109,1.0375,-0.0423,1.5814,0.000229,-0.0001,0.0
27.635,FLIGHT,0.9598,1.5539,0.1248,0.1338,0.1228,0.1311,-0.0126,-0.1902,0.0057,0.0106,1.0371,-0.0425,1.5817,0.000229,-0.0001,0.0
27.64,FLIGHT,0.9604,1.5546,0.1226,0.1308,0.1206,0.1282,-0.0126,-0.1901,0.0056,0.0104,1.0367,-0.0427,1.5819,0.000229,-0.0001,0.0
27.645,FLIGHT,0.961,1.5552,0.1204,0.1279,0.1184,0.1253,-0.0126,-0.1901,0.0056,0.0102,1.0363,-0.0429,1.5822,0.000228,-0.0001,0.0
27.65,FLIGHT,0.9616,1.5558,0.1182,0.1251,0.1163,0.1225,-0.0125,-0.19,0.0056,0.0099,1.0358,-0.0432,1.5825,0.000228,-0.0001,0.0
27.655,FLIGHT,0.9622,1.5564,0.1161,0.1223,0.1142,0.1198,-0.0125,-0.19,0.0055,0.0097,1.0354,-0.0434,1.5827,0.000228,-0.0001,0.0
27.66,FLIGHT,0.9627,1.557,0.114,0.1196,0.1121,0.1172,-0.0125,-0.1899,0.0055,0.0095,1.0349,-0.0436,1.583,0.000228,-0.0001,0.0
27.665,FLIGHT,0.9633,1.5576,0.1119,0.1169,0.1101,0.1146,-0.0125,-0.1899,0.0055,0.0093,1.0344,-0.0438,1.5832,0.000227,-0.0001,0.0
27.67,FLIGHT,0.9638,1.5581,0.1099,0.1143,0.1081,0.1121,-0.0124,-0.1898,0.0054,0.0091,1.0339,-0.044,1.5835,0.000227,-0.0001,0.0
27.675,FLIGHT,0.9644,1.5587,0.1079,0.1118,0.1061,0.1096,-0.0124,-0.1898,0.0054,0.0089,1.0333,-0.0442,1.5837,0.000227,-0.0001,0.0
27.68,FLIGHT,0.9649,1.5592,0.106,0.1094,0.1042,0.1072,-0.0124,-0.1897,0.0053,0.0087,1.0328,-0.0444,1.584,0.000226,-0.0001,0.0
27.685,FLIGHT,0.9654,1.5598,0.104,0.107,0.1023,0.1048,-0.0123,-0.1897,0.0053,0.0085,1.0322,-0.0446,1.5842,0.000226,-0.0001,0.0
27.69,FLIGHT,0.9659,1.5603,0.1022,0.1046,0.1005,0.1025,-0.0123,-0.1896,0.0052,0.0083,1.0316,-0.0448,1.5844,0.000226,-0.0001,0.0
27.695,FLIGHT,0.9664,1.5608,0.1003,0.1023,0.0987,0.1003,-0.0123,-0.1896,0.0052,0.0081,1.031,-0.0449,1.5846,0.000226,-0.0,0.0
27.7,FLIGHT,0.9669,1.5613,0.0985,0.1001,0.0969,0.0981,-0.0123,-0.1896,0.0052,0.0079,1.0304,-0.0451,1.5849,0.000225,-0.0,0.0
27.705,FLIGHT,0.9674,1.5618,0.0967,0.0979,0.0951,0.096,-0.0122,-0.1895,0.0051,0.0078,1.0297,-0.0453,1.5851,0.000225,-0.0,0.0
27.71,FLIGHT,0.9678,1.5623,0.0949,0.0958,0.0934,0.0939,-0.0122,-0.1895,0.0051,0.0076,1.029,-0.0455,1.5853,0.000225,-0.0,0.0
27.715,FLIGHT,0.9683,1.5627,0.0932,0.0937,0.0917,0.0918,-0.0122,-0.1895,0.005,0.0074,1.0284,-0.0457,1.5855,0.000225,-0.0,0.0
27.72,FLIGHT,0.9688,1.5632,0.0915,0.0917,0.09,0.0899,-0.0122,-0.1894,0.005,0.0073,1.0277,-0.0458,1.5857,0.000225,-0.0,0.0
27.725,FLIGHT,0.9692,1.5636,0.0898,0.0897,0.0884,0.0879,-0.0121,-0.1894,0.0049,0.0071,1.0269,-0.046,1.5859,0.000224,-0.0,0.0
27.73,FLIGHT,0.9696,1.5641,0.0882,0.0877,0.0867,0.086,-0.0121,-0.1894,0.0048,0.0069,1.0262,-0.0462,1.5861,0.000224,-0.0,0.0
27.735,FLIGHT,0.9701,1.5645,0.0866,0.0859,0.0852,0.0842,-0.0121,-0.1893,0.0048,0.0068,1.0254,-0.0464,1.5863,0.000224,-0.0,0.0
27.74,FLIGHT,0.9705,1.5649,0.085,0.084,0.0836,0.0824,-0.0121,-0.1893,0.0047,0.0066,1.0247,-0.0465,1.5865,0.000224,-0.0,0.0
27.745,FLIGHT,0.9709,1.5653,0.0834,0.0822,0.0821,0.0806,-0.0121,-0.1893,0.0047,0.0065,1.0239,-0.0467,1.5867,0.000224,-0.0,0.0
27.75,FLIGHT,0.9713,1.5657,0.0819,0.0805,0.0805,0.0789,-0.012,-0.1892,0.0046,0.0064,1.0231,-0.0468,1.5869,0.000223,-0.0,0.0
27.755,FLIGHT,0.9717,1.5661,0.0804,0.0788,0.0791,0.0772,-0.012,-0.1892,0.0046,0.0062,1.0222,-0.047,1.587,0.000223,-0.0,0.0
27.76,FLIGHT,0.9721,1.5665,0.0789,0.0771,0.0776,0.0756,-0.012,-0.1892,0.0045,0.0061,1.0214,-0.0472,1.5872,0.000223,-0.0,0.0
27.765,FLIGHT,0.9725,1.5668,0.0775,0.0754,0.0762,0.074,-0.012,-0.1891,0.0045,0.006,1.0206,-0.0473,1.5874,0.000223,-0.0,0.0
27.77,FLIGHT,0.9729,1.5672,0.076,0.0739,0.0748,0.0724,-0.0119,-0.1891,0.0044,0.0058,1.0197,-0.0475,1.5876,0.000223,-0.0,0.0
27.775,FLIGHT,0.9732,1.5676,0.0746,0.0723,0.0734,0.0709,-0.0119,-0.1891,0.0043,0.0057,1.0188,-0.0476,1.5877,0.000223,-0.0,0.0
27.78,FLIGHT,0.9736,1.5679,0.0732,0.0708,0.072,0.0694,-0.0119,-0.189,0.0043,0.0056,1.0179,-0.0478,1.5879,0.000222,-0.0,0.0
27.785,FLIGHT,0.974,1.5683,0.0719,0.0693,0.0706,0.068,-0.0119,-0.189,0.0042,0.0055,1.017,-0.0479,1.5881,0.000222,-0.0,0.0
27.79,FLIGHT,0.9743,1.5686,0.0705,0.0679,0.0693,0.0666,-0.0119,-0.189,0.0042,0.0054,1.016,-0.0481,1.5882,0.000222,-0.0,0.0
27.795,FLIGHT,0.9746,1.5689,0.0692,0.0664,0.068,0.0652,-0.0118,-0.189,0.0041,0.0052,1.0151,-0.0482,1.5884,0.000222,-0.0,0.0
27.8,FLIGHT,0.975,1.5693,0.0679,0.0651,0.0667,0.0638,-0.0118,-0.1889,0.004,0.0051,1.0141,-0.0483,1.5885,0.000222,-0.0,0.0
27.805,FLIGHT,0.9753,1.5696,0.0666,0.0637,0.0655,0.0625,-0.0118,-0.1889,0.004,0.005,1.0131,-0.0485,1.5887,0.000222,-0.0,0.0
27.81,FLIGHT,0.9756,1.5699,0.0653,0.0624,0.0642,0.0613,-0.0118,-0.1889,0.0039,0.0049,1.0121,-0.0486,1.5888,0.000222,-0.0,0.0
27.815,FLIGHT,0.976,1.5702,0.0641,0.0611,0.063,0.06,-0.0118,-0.1889,0.0038,0.0048,1.0111,-0.0488,1.589,0.000221,-0.0,0.0
27.82,FLIGHT,0.9763,1.5705,0.0629,0.0599,0.0618,0.0588,-0.0117,-0.1888,0.0038,0.0047,1.0101,-0.0489,1.5891,0.000221,-0.0,0.0
27.825,FLIGHT,0.9766,1.5708,0.0617,0.0587,0.0606,0.0576,-0.0117,-0.1888,0.0037,0.0046,1.0091,-0.049,1.5893,0.000221,-0.0,0.0
27.83,FLIGHT,0.9769,1.5711,0.0605,0.0575,0.0594,0.0564,-0.0117,-0.1888,0.0037,0.0045,1.008,-0.0492,1.5894,0.000221,-0.0,0.0
27.835,FLIGHT,0.9772,1.5713,0.0593,0.0563,0.0582,0.0553,-0.0117,-0.1888,0.0036,0.0044,1.0069,-0.0493,1.5896,0.000221,-0.0,0.0
27.84,FLIGHT,0.9775,1.5716,0.0581,0.0552,0.0571,0.0542,-0.0117,-0.1888,0.0035,0.0044,1.0059,-0.0494,1.5897,0.000221,-0.0,0.0
27.845,FLIGHT,0.9777,1.5719,0.057,0.0541,0.056,0.0531,-0.0116,-0.1887,0.0034,0.0043,1.0048,-0.0495,1.5898,0.000221,-0.0,0.0
27.85,FLIGHT,0.978,1.5721,0.0559,0.053,0.0548,0.052,-0.0116,-0.1887,0.0034,0.0042,1.0037,-0.0497,1.59,0.000221,-0.0,0.0
27.855,FLIGHT,0.9783,1.5724,0.0547,0.0519,0.0537,0.051,-0.0116,-0.1887,0.0033,0.0041,1.0025,-0.0498,1.5901,0.000221,-0.0,0.0
27.86,FLIGHT,0.9786,1.5727,0.0536,0.0509,0.0527,0.05,-0.0116,-0.1887,0.0032,0.004,1.0014,-0.0499,1.5902,0.000221,-0.0,0.0
27.865,FLIGHT,0.9788,1.5729,0.0526,0.0499,0.0516,0.049,-0.0116,-0.1887,0.0032,0.0039,1.0003,-0.0501,1.5904,0.000221,-0.0,0.0
27.87,STANCE,0.9804,1.5733,0.3028,0.0535,1.1977,-0.3568,-0.0113,-0.1886,0.0499,0.0014,0.9992,0.0445,-0.3709,-0.000333,-0.3261,0.0655
27.875,STANCE,0.9917,1.5664,1.7344,-1.0168,3.0965,-2.2707,-0.0083,-0.1894,0.4676,-0.1044,0.9981,-0.7421,-0.5159,-0.002612,-0.536,0.1098
27.88,STANCE,0.9976,1.5624,1.1744,-0.721,-0.021,0.199,-0.0066,-0.1898,0.3221,-0.0707,0.9978,-0.8511,-1.1745,-0.003817,-0.0525,0.0143
27.885,STANCE,0.9968,1.5638,0.268,-0.058,-0.0655,0.0811,-0.007,-0.1896,0.0588,-0.0069,0.998,-0.7991,-1.9368,-0.003746,0.0552,0.0037
27.89,STANCE,0.9982,1.5618,0.3221,-0.349,0.6634,-0.9255,-0.0064,-0.1898,0.1092,-0.0325,0.9982,-1.1328,-2.1449,-0.003385,0.0843,0.0034
27.895,STANCE,1.0025,1.5514,0.7262,-1.5127,1.2635,-2.154,-0.0041,-0.1907,0.3489,-0.1317,0.9983,-1.6167,-1.7356,-0.002799,-0.0054,0.0039
27.9,STANCE,1.0095,1.5362,1.1691,-2.5311,1.2333,-2.8665,-0.0007,-0.192,0.5812,-0.2082,0.9981,-2.0697,-1.1366,-0.003237,-0.0682,0.0169
27.905,STANCE,1.014,1.5202,0.9743,-2.9626,0.8772,-2.6583,0.0025,-0.1933,0.6107,-0.2317,0.9982,-2.0983,-0.6261,-0.003192,-0.0052,0.0042
27.91,STANCE,1.0159,1.5046,0.5017,-3.1117,-0.1587,-3.4258,0.0051,-0.1945,0.5454,-0.2356,0.9981,-1.8129,-0.144,-0.003731,-0.1729,0.0383
27.915,STANCE,1.0143,1.4897,-0.0596,-2.9814,-0.601,-2.9701,0.0069,-0.1957,0.4205,-0.2228,0.9979,-1.2973,0.2586,-0.004468,-0.0797,0.0204
27.92,STANCE,1.0103,1.475,-0.5724,-2.9262,-1.0709,-3.1928,0.0083,-0.1968,0.3138,-0.2185,0.9978,-0.6685,0.6858,-0.004627,0.0398,0.0046
27.925,STANCE,1.0057,1.4612,-0.7941,-2.7689,-0.9037,-2.7439,0.0094,-0.1978,0.2483,-0.206,0.9979,-0.1171,1.0206,-0.004596,0.0096,0.0046
27.93,STANCE,1.0019,1.448,-0.7472,-2.6664,-0.5789,-2.539,0.0105,-0.1988,0.2436,-0.1954,0.998,0.2496,1.2739,-0.004867,-0.0746,0.0198
27.935,STANCE,1.0004,1.4365,-0.4222,-2.393,-0.0321,-2.0477,0.0119,-0.1996,0.2693,-0.1698,0.9984,0.286,1.2929,-0.005328,-0.1122,0.0278
27.94,STANCE,1.0013,1.4271,0.0201,-2.0386,0.3759,-1.8076,0.0135,-0.2002,0.3067,-0.137,0.9989,0.1066,1.1748,-0.005922,-0.1141,0.0287
27.945,STANCE,1.0036,1.4179,0.3141,-1.9068,0.4784,-1.8787,0.0153,-0.2008,0.3476,-0.1203,0.9995,-0.0166,1.145,-0.006378,-0.0636,0.0191
27.95,STANCE,1.0058,1.4084,0.4003,-1.9029,0.404,-1.8979,0.0172,-0.2014,0.366,-0.1146,1.0001,-0.0567,1.1672,-0.006542,-0.0029,0.0071
27.955,STANCE,1.0076,1.3991,0.3597,-1.8681,0.299,-1.8124,0.019,-0.2019,0.3541,-0.1094,1.0006,-0.0448,1.1765,-0.006428,0.0457,0.0064
27.96,STANCE,1.0089,1.3902,0.2926,-1.7956,0.2408,-1.7296,0.0206,-0.2025,0.3309,-0.1029,1.0011,-0.0213,1.1696,-0.006109,0.0798,0.0061
27.965,STANCE,1.0101,1.3817,0.2519,-1.7316,0.2308,-1.6832,0.0221,-0.2029,0.3141,-0.0969,1.0016,-0.0079,1.1653,-0.005648,0.103,0.0056
27.97,STANCE,1.0112,1.3734,0.2408,-1.6829,0.2393,-1.641,0.0236,-0.2034,0.3055,-0.0915,1.0021,-0.0064,1.1666,-0.005091,0.1192,0.0051
27.975,FLIGHT,1.0098,1.3707,-0.2255,-0.6835,-1.4457,1.7715,0.0237,-0.2036,0.0583,-0.0447,1.0032,-1.3697,2.5671,-0.004396,0.1781,0.0044
27.98,FLIGHT,0.9978,1.3877,-1.7869,2.2203,-3.0467,4.359,0.0187,-0.2028,-0.6972,0.1041,1.0053,-0.5755,1.922,-0.003299,0.2515,0.0033
27.985,FLIGHT,0.9824,1.4086,-2.6505,3.4908,-2.9121,3.6538,0.0125,-0.2017,-1.0528,0.2022,1.0073,-0.033,1.4901,-0.002005,0.2549,0.002
27.99,FLIGHT,0.9698,1.4228,-2.509,2.9692,-2.0994,2.0987,0.0078,-0.2009,-0.9392,0.1922,1.0089,0.0408,1.4445,-0.000827,0.213,0.0008
27.995,FLIGHT,0.961,1.4308,-1.9694,1.9869,-1.4884,1.2265,0.0049,-0.2003,-0.6834,0.1369,1.0102,-0.0886,1.562,0.00012,0.1616,0.0
28.0,FLIGHT,0.9543,1.4364,-1.5341,1.4014,-1.2483,1.1097,0.0027,-0.1999,-0.5091,0.1017,1.0114,-0.1828,1.6447,0.000748,0.0935,0.0
28.005,FLIGHT,0.9482,1.4423,-1.3136,1.2553,-1.1855,1.2373,0.0007,-0.1995,-0.4422,0.0961,1.0126,-0.1844,1.6484,0.001092,0.0474,0.0
28.01,FLIGHT,0.9425,1.4486,-1.2011,1.263,-1.1116,1.2652,-0.0014,-0.199,-0.4191,0.1014,1.0138,-0.1417,1.616,0.001249,0.0175,0.0
28.015,FLIGHT,0.9372,1.4547,-1.0908,1.2257,-0.9794,1.155,-0.0033,-0.1985,-0.3902,0.1024,1.0149,-0.1052,1.5896,0.001285,-0.0014,0.0003
28.02,FLIGHT,0.9327,1.4601,-0.9543,1.1175,-0.8249,1.0038,-0.0049,-0.1981,-0.3464,0.0964,1.016,-0.0894,1.5807,0.001248,-0.0127,0.0025
28.025,FLIGHT,0.929,1.4648,-0.8108,0.9912,-0.6866,0.885,-0.0063,-0.1976,-0.2992,0.0876,1.017,-0.0854,1.5811,0.001167,-0.0188,0.0038
28.03,FLIGHT,0.9258,1.469,-0.6814,0.8877,-0.5748,0.8092,-0.0075,-0.1973,-0.2583,0.0799,1.018,-0.0823,1.5817,0.001065,-0.0215,0.0043
28.035,FLIGHT,0.9232,1.4729,-0.572,0.813,-0.482,0.7559,-0.0086,-0.1969,-0.2257,0.0742,1.019,-0.0765,1.5796,0.000955,-0.0221,0.0044
28.04,FLIGHT,0.921,1.4766,-0.4781,0.7553,-0.3992,0.7076,-0.0095,-0.1966,-0.1986,0.0695,1.0199,-0.0694,1.5761,0.000847,-0.0212,0.0042
28.045,FLIGHT,0.9192,1.48,-0.3942,0.7041,-0.3227,0.6599,-0.0104,-0.1963,-0.1746,0.0651,1.0208,-0.063,1.5731,0.000745,-0.0195,0.0039
28.05,FLIGHT,0.9177,1.4832,-0.3179,0.6563,-0.2528,0.6151,-0.0111,-0.196,-0.1526,0.0608,1.0217,-0.0581,1.5711,0.000652,-0.0174,0.0035
28.055,FLIGHT,0.9166,1.4861,-0.2489,0.6126,-0.1906,0.5758,-0.0117,-0.1957,-0.1328,0.0568,1.0225,-0.0543,1.5698,0.000571,-0.0151,0.003
28.06,FLIGHT,0.9158,1.4889,-0.1876,0.5742,-0.1361,0.5423,-0.0123,-0.1954,-0.1153,0.0531,1.0233,-0.0512,1.5689,0.000501,-0.0128,0.0026
28.065,FLIGHT,0.9153,1.4916,-0.1336,0.541,-0.0884,0.5133,-0.0127,-0.1952,-0.1,0.0498,1.024,-0.0485,1.568,0.000442,-0.0106,0.0021
28.07,FLIGHT,0.9149,1.4941,-0.0863,0.5119,-0.0466,0.4874,-0.0131,-0.195,-0.0867,0.0468,1.0248,-0.0461,1.5674,0.000394,-0.0086,0.0017
28.075,FLIGHT,0.9148,1.4964,-0.0447,0.486,-0.01,0.4641,-0.0135,-0.1948,-0.0749,0.0441,1.0255,-0.044,1.5668,0.000356,-0.0069,0.0014
28.08,FLIGHT,0.9148,1.4987,-0.0084,0.4628,0.022,0.443,-0.0138,-0.1946,-0.0646,0.0417,1.0261,-0.0423,1.5665,0.000325,-0.0055,0.0011
28.085,FLIGHT,0.915,1.5009,0.0234,0.4418,0.0498,0.424,-0.0141,-0.1944,-0.0555,0.0395,1.0268,-0.0409,1.5663,0.000301,-0.0042,0.0008
28.09,FLIGHT,0.9153,1.503,0.0509,0.4228,0.0738,0.4067,-0.0143,-0.1942,-0.0475,0.0375,1.0274,-0.0398,1.5662,0.000282,-0.0033,0.0007
28.095,FLIGHT,0.9157,1.5049,0.0746,0.4057,0.0943,0.391,-0.0145,-0.194,-0.0405,0.0357,1.028,-0.0389,1.5662,0.000268,-0.0025,0.0005
28.1,FLIGHT,0.9162,1.5069,0.095,0.39,0.1119,0.3766,-0.0146,-0.1938,-0.0344,0.034,1.0285,-0.0381,1.5663,0.000257,-0.0018,0.0004
28.105,FLIGHT,0.9168,1.5087,0.1124,0.3756,0.1268,0.3633,-0.0148,-0.1937,-0.029,0.0325,1.0291,-0.0375,1.5664,0.000249,-0.0013,0.0003
28.11,FLIGHT,0.9175,1.5105,0.1272,0.3624,0.1394,0.351,-0.0149,-0.1935,-0.0244,0.0311,1.0296,-0.0371,1.5666,0.000244,-0.0009,0.0002
28.115,FLIGHT,0.9182,1.5122,0.1397,0.3501,0.1499,0.3395,-0.015,-0.1934,-0.0203,0.0299,1.03,-0.0367,1.5669,0.00024,-0.0006,0.0001
28.12,FLIGHT,0.919,1.5139,0.1501,0.3387,0.1585,0.3289,-0.015,-0.1932,-0.0167,0.0287,1.0305,-0.0365,1.5671,0.000237,-0.0004,0.0001
28.125,FLIGHT,0.9198,1.5155,0.1587,0.3281,0.1656,0.3188,-0.0151,-0.1931,-0.0136,0.0276,1.0309,-0.0363,1.5675,0.000236,-0.0002,0.0
28.13,FLIGHT,0.9207,1.5171,0.1657,0.3181,0.1713,0.3094,-0.0151,-0.193,-0.0109,0.0266,1.0313,-0.0362,1.5678,0.000235,-0.0001,0.0
28.135,FLIGHT,0.9215,1.5186,0.1713,0.3087,0.1758,0.3005,-0.0152,-0.1929,-0.0086,0.0257,1.0317,-0.0362,1.5682,0.000234,-0.0,0.0
28.14,FLIGHT,0.9224,1.5201,0.1758,0.2998,0.1793,0.292,-0.0152,-0.1927,-0.0065,0.0248,1.0321,-0.0362,1.5685,0.000234,0.0,0.0
28.145,FLIGHT,0.9233,1.5215,0.1792,0.2914,0.1818,0.284,-0.0152,-0.1926,-0.0047,0.024,1.0324,-0.0363,1.5689,0.000235,0.0001,0.0
28.15,FLIGHT,0.9242,1.5229,0.1817,0.2834,0.1835,0.2764,-0.0152,-0.1925,-0.0032,0.0233,1.0327,-0.0364,1.5693,0.000235,0.0001,0.0
28.155,FLIGHT,0.9252,1.5243,0.1834,0.2757,0.1846,0.269,-0.0153,-0.1924,-0.0018,0.0226,1.033,-0.0365,1.5698,0.000235,0.0001,0.0
28.16,FLIGHT,0.9261,1.5256,0.1844,0.2684,0.185,0.262,-0.0153,-0.1923,-0.0007,0.0219,1.0332,-0.0367,1.5702,0.000236,0.0001,0.0
28.165,FLIGHT,0.927,1.5269,0.1848,0.2615,0.185,0.2553,-0.0153,-0.1922,0.0003,0.0212,1.0334,-0.0368,1.5706,0.000236,0.0001,0.0
28.17,FLIGHT,0.9279,1.5282,0.1847,0.2548,0.1845,0.2489,-0.0152,-0.1921,0.0012,0.0206,1.0336,-0.037,1.571,0.000237,0.0001,0.0
28.175,FLIGHT,0.9288,1.5294,0.1842,0.2483,0.1836,0.2427,-0.0152,-0.192,0.002,0.0201,1.0338,-0.0373,1.5714,0.000237,0.0001,0.0
28.18,FLIGHT,0.9298,1.5306,0.1834,0.2421,0.1825,0.2367,-0.0152,-0.1919,0.0026,0.0195,1.034,-0.0375,1.5719,0.000237,0.0001,0.0
28.185,FLIGHT,0.9307,1.5318,0.1822,0.2362,0.181,0.2309,-0.0152,-0.1918,0.0032,0.019,1.0341,-0.0377,1.5723,0.000237,0.0,0.0
28.19,FLIGHT,0.9316,1.5329,0.1808,0.2304,0.1794,0.2253,-0.0152,-0.1917,0.0037,0.0185,1.0342,-0.038,1.5727,0.000238,0.0,0.0
28.195,FLIGHT,0.9325,1.534,0.1791,0.2248,0.1775,0.2199,-0.0152,-0.1916,0.0041,0.018,1.0343,-0.0382,1.5731,0.000238,0.0,0.0
28.2,FLIGHT,0.9333,1.5351,0.1772,0.2194,0.1755,0.2146,-0.0151,-0.1915,0.0045,0.0176,1.0343,-0.0385,1.5735,0.000238,0.0,0.0
28.205,FLIGHT,0.9342,1.5362,0.1752,0.2142,0.1734,0.2096,-0.0151,-0.1914,0.0048,0.0171,1.0343,-0.0388,1.5739,0.000238,-0.0,0.0
28.21,FLIGHT,0.9351,1.5372,0.1731,0.2091,0.1711,0.2046,-0.0151,-0.1913,0.005,0.0167,1.0344,-0.039,1.5743,0.000238,-0.0,0.0
28.215,FLIGHT,0.9359,1.5382,0.1709,0.2042,0.1688,0.1998,-0.0151,-0.1913,0.0053,0.0163,1.0343,-0.0393,1.5747,0.000238,-0.0,0.0
28.22,FLIGHT,0.9368,1.5392,0.1686,0.1994,0.1665,0.1952,-0.015,-0.1912,0.0054,0.0159,1.0343,-0.0396,1.5751,0.000238,-0.0,0.0
28.225,FLIGHT,0.9376,1.5402,0.1662,0.1948,0.164,0.1906,-0.015,-0.1911,0.0056,0.0155,1.0342,-0.0398,1.5755,0.000237,-0.0,0.0
28.23,FLIGHT,0.9384,1.5411,0.1638,0.1902,0.1616,0.1862,-0.015,-0.191,0.0057,0.0151,1.0342,-0.0401,1.5759,0.000237,-0.0,0.0
28.235,FLIGHT,0.9392,1.542,0.1613,0.1858,0.1591,0.182,-0.0149,-0.191,0.0058,0.0148,1.0341,-0.0404,1.5762,0.000237,-0.0,0.0
28.24,FLIGHT,0.94,1.5429,0.1588,0.1816,0.1566,0.1778,-0.0149,-0.1909,0.0059,0.0144,1.0339,-0.0406,1.5766,0.000237,-0.0001,0.0
28.245,FLIGHT,0.9408,1.5438,0.1563,0.1774,0.1541,0.1737,-0.0149,-0.1908,0.006,0.0141,1.0338,-0.0409,1.5769,0.000236,-0.0001,0.0
28.25,FLIGHT,0.9415,1.5447,0.1538,0.1733,0.1516,0.1698,-0.0149,-0.1908,0.0061,0.0137,1.0336,-0.0412,1.5773,0.000236,-0.0001,0.0
28.255,FLIGHT,0.9423,1.5455,0.1513,0.1694,0.1491,0.1659,-0.0148,-0.1907,0.0061,0.0134,1.0334,-0.0414,1.5776,0.000236,-0.0001,0.0
28.26,FLIGHT,0.943,1.5463,0.1488,0.1655,0.1466,0.1621,-0.0148,-0.1906,0.0062,0.0131,1.0332,-0.0417,1.578,0.000236,-0.0001,0.0
28.265,FLIGHT,0.9438,1.5471,0.1464,0.1618,0.1442,0.1585,-0.0148,-0.1906,0.0062,0.0128,1.033,-0.0419,1.5783,0.000235,-0.0001,0.0
28.27,FLIGHT,0.9445,1.5479,0.1439,0.1581,0.1417,0.1549,-0.0147,-0.1905,0.0062,0.0125,1.0327,-0.0422,1.5786,0.000235,-0.0001,0.0
28.275,FLIGHT,0.9452,1.5487,0.1415,0.1546,0.1393,0.1514,-0.0147,-0.1904,0.0062,0.0122,1.0324,-0.0424,1.579,0.000235,-0.0001,0.0
28.28,FLIGHT,0.9459,1.5494,0.1391,0.1511,0.1369,0.148,-0.0147,-0.1904,0.0062,0.0119,1.0321,-0.0427,1.5793,0.000234,-0.0001,0.0
28.285,FLIGHT,0.9465,1.5502,0.1367,0.1477,0.1345,0.1447,-0.0146,-0.1903,0.0062,0.0117,1.0318,-0.0429,1.5796,0.000234,-0.0001,0.0
28.29,FLIGHT,0.9472,1.5509,0.1343,0.1444,0.1322,0.1415,-0.0146,-0.1903,0.0062,0.0114,1.0315,-0.0431,1.5799,0.000234,-0.0001,0.0
28.295,FLIGHT,0.9479,1.5516,0.132,0.1412,0.1299,0.1383,-0.0146,-0.1902,0.0062,0.0111,1.0311,-0.0434,1.5802,0.000233,-0.0001,0.0
28.3,FLIGHT,0.9485,1.5523,0.1297,0.138,0.1277,0.1352,-0.0145,-0.1902,0.0061,0.0109,1.0307,-0.0436,1.5805,0.000233,-0.0001,0.0
28.305,FLIGHT,0.9491,1.5529,0.1274,0.1349,0.1254,0.1322,-0.0145,-0.1901,0.0061,0.0106,1.0303,-0.0438,1.5807,0.000233,-0.0001,0.0
28.31,FLIGHT,0.9498,1.5536,0.1252,0.1319,0.1232,0.1293,-0.0145,-0.1901,0.0061,0.0104,1.0299,-0.044,1.581,0.000232,-0.0001,0.0
28.315,FLIGHT,0.9504,1.5542,0.123,0.129,0.121,0.1264,-0.0145,-0.19,0.0061,0.0102,1.0294,-0.0443,1.5813,0.000232,-0.0001,0.0
28.32,FLIGHT,0.951,1.5548,0.1208,0.1262,0.1189,0.1236,-0.0144,-0.19,0.006,0.0099,1.029,-0.0445,1.5816,0.000232,-0.0001,0.0
28.325,FLIGHT,0.9516,1.5555,0.1187,0.1234,0.1168,0.1209,-0.0144,-0.1899,0.006,0.0097,1.0285,-0.0447,1.5818,0.000231,-0.0001,0.0
28.33,FLIGHT,0.9521,1.5561,0.1166,0.1206,0.1148,0.1182,-0.0144,-0.1899,0.006,0.0095,1.028,-0.0449,1.5821,0.000231,-0.0001,0.0
28.335,FLIGHT,0.9527,1.5566,0.1146,0.118,0.1127,0.1156,-0.0143,-0.1898,0.0059,0.0093,1.0275,-0.0451,1.5824,0.000231,-0.0001,0.0
28.34,FLIGHT,0.9533,1.5572,0.1125,0.1154,0.1107,0.1131,-0.0143,-0.1898,0.0059,0.0091,1.0269,-0.0453,1.5826,0.000231,-0.0001,0.0
28.345,FLIGHT,0.9538,1.5578,0.1105,0.1129,0.1088,0.1106,-0.0143,-0.1897,0.0058,0.0089,1.0264,-0.0455,1.5828,0.00023,-0.0001,0.0
28.35,FLIGHT,0.9544,1.5583,0.1086,0.1104,0.1068,0.1082,-0.0142,-0.1897,0.0058,0.0087,1.0258,-0.0457,1.5831,0.00023,-0.0001,0.0
28.355,FLIGHT,0.9549,1.5589,0.1066,0.108,0.1049,0.1059,-0.0142,-0.1896,0.0057,0.0085,1.0252,-0.0459,1.5833,0.00023,-0.0001,0.0
28.36,FLIGHT,0.9554,1.5594,0.1048,0.1056,0.1031,0.1036,-0.0142,-0.1896,0.0057,0.0083,1.0246,-0.0461,1.5836,0.00023,-0.0001,0.0
28.365,FLIGHT,0.9559,1.5599,0.1029,0.1033,0.1012,0.1013,-0.0142,-0.1896,0.0056,0.0081,1.024,-0.0463,1.5838,0.000229,-0.0,0.0
28.37,FLIGHT,0.9564,1.5604,0.1011,0.1011,0.0994,0.0991,-0.0141,-0.1895,0.0056,0.0079,1.0233,-0.0465,1.584,0.000229,-0.0,0.0
28.375,FLIGHT,0.9569,1.5609,0.0993,0.0989,0.0977,0.097,-0.0141,-0.1895,0.0055,0.0078,1.0226,-0.0466,1.5842,0.000229,-0.0,0.0
28.38,FLIGHT,0.9574,1.5614,0.0975,0.0968,0.0959,0.0949,-0.0141,-0.1894,0.0055,0.0076,1.0219,-0.0468,1.5845,0.000229,-0.0,0.0
28.385,FLIGHT,0.9579,1.5618,0.0957,0.0947,0.0942,0.0928,-0.0141,-0.1894,0.0054,0.0074,1.0212,-0.047,1.5847,0.000228,-0.0,0.0
28.39,FLIGHT,0.9583,1.5623,0.094,0.0927,0.0925,0.0909,-0.014,-0.1894,0.0054,0.0073,1.0205,-0.0472,1.5849,0.000228,-0.0,0.0
28.395,FLIGHT,0.9588,1.5627,0.0924,0.0907,0.0909,0.0889,-0.014,-0.1893,0.0053,0.0071,1.0198,-0.0474,1.5851,0.000228,-0.0,0.0
28.4,FLIGHT,0.9593,1.5632,0.0907,0.0887,0.0892,0.087,-0.014,-0.1893,0.0053,0.0069,1.019,-0.0475,1.5853,0.000228,-0.0,0.0
28.405,FLIGHT,0.9597,1.5636,0.0891,0.0868,0.0876,0.0852,-0.0139,-0.1893,0.0052,0.0068,1.0183,-0.0477,1.5855,0.000228,-0.0,0.0
28.41,FLIGHT,0.9601,1.564,0.0875,0.085,0.0861,0.0834,-0.0139,-0.1892,0.0051,0.0067,1.0175,-0.0479,1.5857,0.000227,-0.0,0.0
28.415,FLIGHT,0.9606,1.5644,0.0859,0.0832,0.0845,0.0816,-0.0139,-0.1892,0.0051,0.0065,1.0167,-0.048,1.5859,0.000227,-0.0,0.0
28.42,FLIGHT,0.961,1.5648,0.0844,0.0814,0.083,0.0799,-0.0139,-0.1892,0.005,0.0064,1.0158,-0.0482,1.5861,0.000227,-0.0,0.0
28.425,FLIGHT,0.9614,1.5652,0.0828,0.0797,0.0815,0.0782,-0.0138,-0.1891,0.005,0.0062,1.015,-0.0483,1.5862,0.000227,-0.0,0.0
28.43,FLIGHT,0.9618,1.5656,0.0813,0.078,0.08,0.0766,-0.0138,-0.1891,0.0049,0.0061,1.0142,-0.0485,1.5864,0.000227,-0.0,0.0
28.435,FLIGHT,0.9622,1.566,0.0799,0.0764,0.0785,0.075,-0.0138,-0.1891,0.0048,0.006,1.0133,-0.0487,1.5866,0.000226,-0.0,0.0
28.44,FLIGHT,0.9626,1.5664,0.0784,0.0748,0.0771,0.0734,-0.0138,-0.189,0.0048,0.0058,1.0124,-0.0488,1.5868,0.000226,-0.0,0.0
28.445,FLIGHT,0.963,1.5667,0.077,0.0733,0.0757,0.0719,-0.0137,-0.189,0.0047,0.0057,1.0115,-0.049,1.5869,0.000226,-0.0,0.0
28.45,FLIGHT,0.9633,1.5671,0.0756,0.0717,0.0743,0.0704,-0.0137,-0.189,0.0047,0.0056,1.0106,-0.0491,1.5871,0.000226,-0.0,0.0
28.455,FLIGHT,0.9637,1.5674,0.0742,0.0702,0.073,0.0689,-0.0137,-0.189,0.0046,0.0055,1.0096,-0.0493,1.5873,0.000226,-0.0,0.0
28.46,FLIGHT,0.9641,1.5678,0.0728,0.0688,0.0716,0.0675,-0.0137,-0.1889,0.0045,0.0054,1.0087,-0.0494,1.5874,0.000226,-0.0,0.0
28.465,FLIGHT,0.9644,1.5681,0.0715,0.0674,0.0703,0.0661,-0.0137,-0.1889,0.0045,0.0053,1.0077,-0.0495,1.5876,0.000226,-0.0,0.0
28.47,FLIGHT,0.9648,1.5684,0.0702,0.066,0.069,0.0648,-0.0136,-0.1889,0.0044,0.0052,1.0068,-0.0497,1.5878,0.000225,-0.0,0.0
28.475,FLIGHT,0.9651,1.5688,0.0688,0.0646,0.0677,0.0635,-0.0136,-0.1889,0.0043,0.005,1.0058,-0.0498,1.5879,0.000225,-0.0,0.0
28.48,FLIGHT,0.9654,1.5691,0.0676,0.0633,0.0664,0.0622,-0.0136,-0.1888,0.0043,0.0049,1.0048,-0.05,1.5881,0.000225,-0.0,0.0
28.485,FLIGHT,0.9658,1.5694,0.0663,0.062,0.0652,0.0609,-0.0136,-0.1888,0.0042,0.0048,1.0037,-0.0501,1.5882,0.000225,-0.0,0.0
28.49,FLIGHT,0.9661,1.5697,0.065,0.0608,0.0639,0.0597,-0.0136,-0.1888,0.0041,0.0047,1.0027,-0.0502,1.5884,0.000225,-0.0,0.0
28.495,FLIGHT,0.9664,1.57,0.0638,0.0596,0.0627,0.0585,-0.0135,-0.1888,0.0041,0.0046,1.0017,-0.0504,1.5885,0.000225,-0.0,0.0
28.5,FLIGHT,0.9667,1.5703,0.0626,0.0584,0.0615,0.0573,-0.0135,-0.1887,0.004,0.0046,1.0006,-0.0505,1.5887,0.000225,-0.0,0.0
28.505,STANCE,0.9675,1.5708,0.1454,0.1023,0.684,-0.0327,-0.0134,-0.1887,0.0137,0.0075,0.9996,0.1546,-0.2695,-3.3e-05,-0.2319,0.0464
28.51,STANCE,0.9767,1.5654,1.4209,-0.8154,2.8314,-2.0822,-0.011,-0.1893,0.3795,-0.0894,0.9985,-0.5032,-0.4953,-0.002014,-0.5042,0.1029
28.515,STANCE,0.9876,1.5568,1.742,-1.2914,0.5354,-0.4173,-0.0077,-0.1902,0.5086,-0.1269,0.9977,-0.9671,-0.8371,-0.003935,-0.1431,0.0326
28.52,STANCE,0.9872,1.5574,0.4819,-0.3076,-0.2511,0.2366,-0.0079,-0.1901,0.1338,-0.0309,0.9978,-0.7727,-1.7472,-0.004102,0.0358,0.0041
28.525,STANCE,0.9872,1.5567,0.1939,-0.2379,0.3388,-0.6001,-0.0078,-0.1902,0.0695,-0.0224,0.9982,-0.9531,-2.1533,-0.003783,0.0829,0.0038
28.53,STANCE,0.9903,1.548,0.507,-1.3294,0.886,-1.8688,-0.006,-0.191,0.2807,-0.1177,0.9982,-1.3885,-1.8371,-0.003169,0.0823,0.0032
28.535,STANCE,0.9975,1.5337,1.1969,-2.5357,1.8127,-3.9398,-0.0026,-0.1922,0.5854,-0.2143,0.9981,-1.9597,-1.2072,-0.003452,-0.1872,0.0409
28.54,STANCE,1.0038,1.5167,1.1714,-3.1313,0.8779,-3.1144,0.001,-0.1936,0.6716,-0.2493,0.998,-2.1159,-0.6367,-0.003942,-0.0358,0.0111
28.545,STANCE,1.0065,1.5011,0.7241,-3.0967,0.5019,-2.5264,0.0037,-0.1948,0.5854,-0.2369,0.9981,-1.8879,-0.238,-0.003841,-0.0181,0.0075
28.55,STANCE,1.0059,1.4859,0.0747,-3.117,-0.6981,-3.4175,0.0058,-0.196,0.4653,-0.2342,0.9979,-1.3804,0.2271,-0.004167,-0.1253,0.0292
28.555,STANCE,1.0016,1.4705,-0.5551,-3.0546,-0.8743,-2.6961,0.0072,-0.1972,0.3348,-0.229,0.9978,-0.7289,0.6611,-0.004981,-0.1503,0.035
28.56,STANCE,0.9963,1.4555,-0.9048,-2.9919,-1.0533,-2.8797,0.0083,-0.1983,0.2578,-0.2237,0.9977,-0.1299,1.054,-0.005363,-0.0548,0.0163
28.565,STANCE,0.9913,1.4412,-0.9481,-2.8965,-0.8235,-2.6897,0.0094,-0.1994,0.2362,-0.2143,0.9977,0.2961,1.3405,-0.005539,-0.0393,0.0134
28.57,STANCE,0.9888,1.4296,-0.6101,-2.4601,-0.159,-1.9512,0.0106,-0.2002,0.2405,-0.1776,0.9981,0.3827,1.3326,-0.0059,-0.1069,0.0273
28.575,STANCE,0.9895,1.4208,-0.0614,-1.9731,0.4086,-1.6835,0.0121,-0.2008,0.2799,-0.1352,0.9988,0.1687,1.1642,-0.006526,-0.1287,0.0323
28.58,STANCE,0.9922,1.412,0.3456,-1.837,0.5885,-1.8419,0.0139,-0.2014,0.343,-0.1173,0.9994,-0.0007,1.1317,-0.007062,-0.0792,0.0229
28.585,STANCE,0.995,1.4026,0.4858,-1.8698,0.5092,-1.8863,0.0159,-0.2019,0.3779,-0.1131,1.0,-0.0638,1.1683,-0.007289,-0.0122,0.0097
28.59,STANCE,0.9972,1.3935,0.4452,-1.8401,0.3704,-1.7759,0.0177,-0.2025,0.3669,-0.1079,1.0005,-0.053,1.1794,-0.007206,0.0427,0.0072
28.595,STANCE,0.9988,1.3848,0.3583,-1.7564,0.2888,-1.6831,0.0193,-0.203,0.338,-0.1009,1.0011,-0.0223,1.1674,-0.00689,0.0813,0.0069
28.6,STANCE,1.0002,1.3765,0.3025,-1.6912,0.2723,-1.6471,0.0209,-0.2035,0.3179,-0.095,1.0016,-0.0034,1.1622,-0.006415,0.1072,0.0064
28.605,STANCE,1.0016,1.3684,0.2857,-1.649,0.2823,-1.6126,0.0224,-0.2039,0.3092,-0.09,1.0022,-0.0002,1.1657,-0.005833,0.1244,0.0058
28.61,STANCE,1.003,1.3604,0.2872,-1.6032,0.2909,-1.557,0.0239,-0.2043,0.3035,-0.0846,1.0027,-0.0044,1.1672,-0.005178,0.1368,0.0052
28.615,FLIGHT,1.0032,1.3553,0.0543,-1.0678,-0.9202,0.9335,0.0247,-0.2046,0.1745,-0.0587,1.0036,-1.5364,2.69,-0.004437,0.1793,0.0044
28.62,FLIGHT,0.9927,1.3705,-1.5183,1.8956,-2.9745,4.4221,0.0203,-0.204,-0.5969,0.0832,1.0056,-0.7679,2.0673,-0.003309,0.265,0.0033
28.625,FLIGHT,0.9768,1.393,-2.647,3.6359,-3.1335,4.1556,0.0136,-0.2028,-1.079,0.2035,1.0077,-0.105,1.5391,-0.001911,0.2817,0.0019
28.63,FLIGHT,0.963,1.4097,-2.6754,3.3412,-2.3393,2.5222,0.0084,-0.2018,-1.0312,0.2129,1.0094,0.0513,1.4268,-0.00059,0.2414,0.0006
28.635,FLIGHT,0.9532,1.4192,-2.1486,2.3045,-1.6323,1.4305,0.005,-0.2012,-0.768,0.158,1.0108,-0.068,1.5371,0.000464,0.1696,0.0
28.64,FLIGHT,0.946,1.4255,-1.6599,1.586,-1.3257,1.1901,0.0027,-0.2008,-0.5627,0.1149,1.0119,-0.1836,1.6382,0.001111,0.0939,0.0
28.645,FLIGHT,0.9396,1.4317,-1.3999,1.3615,-1.251,1.3073,0.0005,-0.2003,-0.476,0.1042,1.0131,-0.2006,1.655,0.001446,0.044,0.0
28.65,FLIGHT,0.9334,1.4385,-1.2775,1.3551,-1.1883,1.3612,-0.0017,-0.1998,-0.4486,0.1091,1.0143,-0.1587,1.6235,0.00158,0.0121,0.0
28.655,FLIGHT,0.9278,1.4451,-1.1704,1.3257,-1.062,1.261,-0.0038,-0.1993,-0.421,0.1113,1.0155,-0.1164,1.5926,0.001587,-0.0077,0.0015
28.66,FLIGHT,0.9229,1.451,-1.0343,1.2179,-0.9021,1.0987,-0.0056,-0.1987,-0.377,0.1058,1.0165,-0.0959,1.5801,0.001517,-0.0193,0.0039
28.665,FLIGHT,0.9188,1.4561,-0.8847,1.0808,-0.7531,0.9624,-0.0071,-0.1983,-0.3268,0.0965,1.0176,-0.0902,1.5796,0.001404,-0.0253,0.0051
28.67,FLIGHT,0.9153,1.4607,-0.7464,0.9637,-0.6315,0.8738,-0.0085,-0.1979,-0.282,0.0878,1.0186,-0.0871,1.5805,0.001271,-0.0276,0.0055
28.675,FLIGHT,0.9124,1.4649,-0.6285,0.8783,-0.5315,0.8135,-0.0096,-0.1975,-0.246,0.0812,1.0195,-0.0813,1.5787,0.001132,-0.0275,0.0055
28.68,FLIGHT,0.91,1.4688,-0.5276,0.8138,-0.4429,0.7612,-0.0106,-0.1971,-0.2165,0.076,1.0204,-0.0737,1.5751,0.000997,-0.0261,0.0052
28.685,FLIGHT,0.908,1.4725,-0.4377,0.7578,-0.361,0.7096,-0.0115,-0.1968,-0.1905,0.0711,1.0213,-0.0666,1.5716,0.000872,-0.024,0.0048
28.69,FLIGHT,0.9064,1.4759,-0.3557,0.7057,-0.2857,0.6608,-0.0123,-0.1965,-0.1668,0.0664,1.0221,-0.061,1.5693,0.000759,-0.0214,0.0043
28.695,FLIGHT,0.9051,1.4791,-0.2813,0.6579,-0.2182,0.6176,-0.013,-0.1962,-0.1452,0.0619,1.0229,-0.0568,1.5678,0.000659,-0.0186,0.0037
28.7,FLIGHT,0.9042,1.4821,-0.2148,0.6158,-0.1589,0.5808,-0.0136,-0.1959,-0.1262,0.0578,1.0237,-0.0534,1.5668,0.000573,-0.0158,0.0032
28.705,FLIGHT,0.9035,1.4849,-0.1562,0.5794,-0.107,0.5491,-0.0141,-0.1956,-0.1095,0.0541,1.0244,-0.0504,1.5659,0.0005,-0.0132,0.0026
28.71,FLIGHT,0.9031,1.4876,-0.1046,0.5476,-0.0614,0.521,-0.0146,-0.1954,-0.0949,0.0508,1.0251,-0.0477,1.5651,0.00044,-0.0108,0.0022
28.715,FLIGHT,0.9029,1.4901,-0.0593,0.5195,-0.0213,0.4957,-0.015,-0.1952,-0.0821,0.0478,1.0258,-0.0454,1.5645,0.000392,-0.0086,0.0017
28.72,FLIGHT,0.9029,1.4926,-0.0195,0.4942,0.0137,0.4728,-0.0153,-0.1949,-0.0708,0.0451,1.0264,-0.0435,1.5641,0.000353,-0.0068,0.0014
28.725,FLIGHT,0.903,1.4949,0.0152,0.4715,0.0442,0.4521,-0.0156,-0.1947,-0.0608,0.0426,1.0271,-0.0419,1.5638,0.000323,-0.0053,0.0011
28.73,FLIGHT,0.9033,1.4971,0.0454,0.4509,0.0706,0.4335,-0.0158,-0.1945,-0.0521,0.0404,1.0277,-0.0406,1.5637,0.0003,-0.0041,0.0008
28.735,FLIGHT,0.9037,1.4992,0.0716,0.4324,0.0933,0.4165,-0.016,-0.1944,-0.0444,0.0384,1.0282,-0.0396,1.5637,0.000282,-0.0031,0.0006
28.74,FLIGHT,0.9042,1.5012,0.0941,0.4155,0.1128,0.401,-0.0162,-0.1942,-0.0377,0.0366,1.0288,-0.0387,1.5638,0.000268,-0.0023,0.0005
28.745,FLIGHT,0.9048,1.5032,0.1134,0.4,0.1293,0.3867,-0.0163,-0.194,-0.0319,0.0349,1.0293,-0.038,1.5639,0.000258,-0.0017,0.0003
28.75,FLIGHT,0.9055,1.5051,0.1298,0.3858,0.1433,0.3735,-0.0165,-0.1938,-0.0268,0.0334,1.0298,-0.0375,1.5641,0.000251,-0.0012,0.0002
28.755,FLIGHT,0.9063,1.507,0.1437,0.3726,0.155,0.3613,-0.0166,-0.1937,-0.0223,0.032,1.0302,-0.0371,1.5643,0.000246,-0.0008,0.0002
28.76,FLIGHT,0.9071,1.5087,0.1553,0.3604,0.1648,0.3498,-0.0167,-0.1935,-0.0184,0.0307,1.0306,-0.0368,1.5646,0.000243,-0.0006,0.0001
28.765,FLIGHT,0.9079,1.5105,0.165,0.349,0.1728,0.3391,-0.0167,-0.1934,-0.015,0.0295,1.031,-0.0366,1.565,0.00024,-0.0003,0.0001
28.77,FLIGHT,0.9088,1.5121,0.1729,0.3383,0.1793,0.329,-0.0168,-0.1932,-0.012,0.0284,1.0314,-0.0364,1.5653,0.000239,-0.0002,0.0
28.775,FLIGHT,0.9097,1.5137,0.1793,0.3283,0.1844,0.3195,-0.0168,-0.1931,-0.0094,0.0274,1.0318,-0.0364,1.5657,0.000238,-0.0001,0.0
28.78,FLIGHT,0.9106,1.5153,0.1844,0.3188,0.1884,0.3105,-0.0168,-0.193,-0.0072,0.0264,1.0321,-0.0364,1.5661,0.000238,-0.0,0.0
28.785,FLIGHT,0.9116,1.5169,0.1884,0.3098,0.1914,0.302,-0.0169,-0.1929,-0.0052,0.0256,1.0324,-0.0364,1.5665,0.000238,0.0,0.0
28.79,FLIGHT,0.9125,1.5183,0.1913,0.3013,0.1935,0.2938,-0.0169,-0.1927,-0.0035,0.0247,1.0327,-0.0365,1.567,0.000239,0.0001,0.0
28.795,FLIGHT,0.9135,1.5198,0.1934,0.2931,0.1949,0.286,-0.0169,-0.1926,-0.002,0.024,1.0329,-0.0367,1.5674,0.000239,0.0001,0.0
28.8,FLIGHT,0.9145,1.5212,0.1947,0.2854,0.1956,0.2786,-0.0169,-0.1925,-0.0007,0.0232,1.0332,-0.0368,1.5678,0.000239,0.0001,0.0
28.805,FLIGHT,0.9155,1.5226,0.1954,0.278,0.1957,0.2715,-0.0169,-0.1924,0.0004,0.0226,1.0334,-0.037,1.5683,0.00024,0.0001,0.0
28.81,FLIGHT,0.9164,1.5239,0.1955,0.2709,0.1954,0.2646,-0.0169,-0.1923,0.0013,0.0219,1.0335,-0.0372,1.5687,0.00024,0.0001,0.0
28.815,FLIGHT,0.9174,1.5252,0.1951,0.264,0.1946,0.258,-0.0169,-0.1922,0.0022,0.0213,1.0337,-0.0374,1.5692,0.000241,0.0001,0.0
28.82,FLIGHT,0.9184,1.5265,0.1944,0.2574,0.1935,0.2516,-0.0169,-0.1921,0.0029,0.0207,1.0338,-0.0377,1.5696,0.000241,0.0001,0.0
28.825,FLIGHT,0.9193,1.5277,0.1932,0.2511,0.1921,0.2455,-0.0168,-0.192,0.0035,0.0201,1.0339,-0.0379,1.5701,0.000241,0.0001,0.0
28.83,FLIGHT,0.9203,1.529,0.1918,0.245,0.1904,0.2396,-0.0168,-0.1919,0.004,0.0196,1.034,-0.0382,1.5705,0.000242,0.0,0.0
28.835,FLIGHT,0.9213,1.5301,0.1902,0.239,0.1886,0.2338,-0.0168,-0.1918,0.0045,0.0191,1.0341,-0.0384,1.571,0.000242,0.0,0.0
28.84,FLIGHT,0.9222,1.5313,0.1883,0.2333,0.1865,0.2283,-0.0168,-0.1917,0.0049,0.0186,1.0341,-0.0387,1.5714,0.000242,0.0,0.0
28.845,FLIGHT,0.9231,1.5324,0.1862,0.2278,0.1844,0.2229,-0.0167,-0.1916,0.0052,0.0181,1.0341,-0.039,1.5718,0.000242,-0.0,0.0
28.85,FLIGHT,0.924,1.5335,0.1841,0.2224,0.1821,0.2176,-0.0167,-0.1915,0.0055,0.0177,1.0341,-0.0393,1.5723,0.000242,-0.0,0.0
28.855,FLIGHT,0.9249,1.5346,0.1818,0.2172,0.1797,0.2125,-0.0167,-0.1914,0.0058,0.0172,1.0341,-0.0395,1.5727,0.000242,-0.0,0.0
28.86,FLIGHT,0.9258,1.5356,0.1794,0.2121,0.1772,0.2076,-0.0166,-0.1913,0.006,0.0168,1.034,-0.0398,1.5731,0.000242,-0.0,0.0
28.865,FLIGHT,0.9267,1.5367,0.1769,0.2072,0.1747,0.2028,-0.0166,-0.1913,0.0062,0.0164,1.0339,-0.0401,1.5735,0.000242,-0.0,0.0
28.87,FLIGHT,0.9276,1.5377,0.1744,0.2024,0.1721,0.1981,-0.0166,-0.1912,0.0063,0.016,1.0338,-0.0404,1.5739,0.000241,-0.0,0.0
28.875,FLIGHT,0.9284,1.5387,0.1718,0.1977,0.1695,0.1936,-0.0166,-0.1911,0.0064,0.0156,1.0337,-0.0407,1.5743,0.000241,-0.0,0.0
28.88,FLIGHT,0.9293,1.5396,0.1692,0.1932,0.1669,0.1892,-0.0165,-0.191,0.0065,0.0153,1.0335,-0.0409,1.5747,0.000241,-0.0001,0.0
28.885,FLIGHT,0.9301,1.5405,0.1666,0.1888,0.1643,0.1849,-0.0165,-0.191,0.0066,0.0149,1.0334,-0.0412,1.5751,0.000241,-0.0001,0.0
28.89,FLIGHT,0.9309,1.5415,0.164,0.1845,0.1616,0.1807,-0.0165,-0.1909,0.0067,0.0145,1.0332,-0.0415,1.5754,0.00024,-0.0001,0.0
28.895,FLIGHT,0.9317,1.5424,0.1614,0.1803,0.159,0.1766,-0.0164,-0.1908,0.0067,0.0142,1.033,-0.0418,1.5758,0.00024,-0.0001,0.0
28.9,FLIGHT,0.9325,1.5432,0.1587,0.1762,0.1564,0.1726,-0.0164,-0.1907,0.0067,0.0139,1.0327,-0.042,1.5762,0.00024,-0.0001,0.0
28.905,FLIGHT,0.9333,1.5441,0.1561,0.1722,0.1538,0.1687,-0.0163,-0.1907,0.0068,0.0135,1.0325,-0.0423,1.5765,0.000239,-0.0001,0.0
28.91,FLIGHT,0.934,1.5449,0.1535,0.1683,0.1512,0.1649,-0.0163,-0.1906,0.0068,0.0132,1.0322,-0.0426,1.5769,0.000239,-0.0001,0.0
28.915,FLIGHT,0.9348,1.5457,0.151,0.1646,0.1487,0.1612,-0.0163,-0.1906,0.0068,0.0129,1.0319,-0.0428,1.5772,0.000239,-0.0001,0.0
28.92,FLIGHT,0.9355,1.5465,0.1484,0.1609,0.1462,0.1576,-0.0162,-0.1905,0.0068,0.0126,1.0316,-0.0431,1.5775,0.000238,-0.0001,0.0
28.925,FLIGHT,0.9363,1.5473,0.1459,0.1573,0.1437,0.1541,-0.0162,-0.1904,0.0068,0.0123,1.0312,-0.0433,1.5779,0.000238,-0.0001,0.0
28.93,FLIGHT,0.937,1.5481,0.1434,0.1538,0.1412,0.1506,-0.0162,-0.1904,0.0068,0.0121,1.0309,-0.0436,1.5782,0.000238,-0.0001,0.0
28.935,FLIGHT,0.9377,1.5488,0.141,0.1503,0.1388,0.1473,-0.0161,-0.1903,0.0068,0.0118,1.0305,-0.0438,1.5785,0.000237,-0.0001,0.0
28.94,FLIGHT,0.9384,1.5495,0.1385,0.147,0.1364,0.144,-0.0161,-0.1903,0.0067,0.0115,1.0301,-0.044,1.5788,0.000237,-0.0001,0.0
28.945,FLIGHT,0.939,1.5503,0.1361,0.1437,0.134,0.1408,-0.0161,-0.1902,0.0067,0.0113,1.0297,-0.0443,1.5791,0.000237,-0.0001,0.0
28.95,FLIGHT,0.9397,1.5509,0.1338,0.1405,0.1317,0.1377,-0.016,-0.1901,0.0067,0.011,1.0292,-0.0445,1.5794,0.000236,-0.0001,0.0
28.955,FLIGHT,0.9403,1.5516,0.1315,0.1374,0.1294,0.1347,-0.016,-0.1901,0.0066,0.0108,1.0288,-0.0447,1.5797,0.000236,-0.0001,0.0
28.96,FLIGHT,0.941,1.5523,0.1292,0.1344,0.1271,0.1317,-0.016,-0.19,0.0066,0.0105,1.0283,-0.045,1.58,0.000236,-0.0001,0.0
28.965,FLIGHT,0.9416,1.5529,0.1269,0.1315,0.1249,0.1288,-0.0159,-0.19,0.0066,0.0103,1.0278,-0.0452,1.5803,0.000235,-0.0001,0.0
28.97,FLIGHT,0.9422,1.5536,0.1247,0.1286,0.1227,0.126,-0.0159,-0.1899,0.0065,0.01,1.0273,-0.0454,1.5806,0.000235,-0.0001,0.0
28.975,FLIGHT,0.9428,1.5542,0.1225,0.1257,0.1206,0.1233,-0.0159,-0.1899,0.0065,0.0098,1.0267,-0.0456,1.5808,0.000235,-0.0001,0.0
28.98,FLIGHT,0.9434,1.5548,0.1204,0.123,0.1185,0.1206,-0.0158,-0.1898,0.0064,0.0096,1.0262,-0.0458,1.5811,0.000234,-0.0001,0.0
28.985,FLIGHT,0.944,1.5554,0.1183,0.1203,0.1164,0.1179,-0.0158,-0.1898,0.0064,0.0094,1.0256,-0.046,1.5814,0.000234,-0.0001,0.0
28.99,FLIGHT,0.9446,1.556,0.1162,0.1177,0.1144,0.1154,-0.0158,-0.1897,0.0063,0.0092,1.025,-0.0463,1.5816,0.000234,-0.0001,0.0
28.995,FLIGHT,0.9452,1.5566,0.1142,0.1151,0.1123,0.1129,-0.0158,-0.1897,0.0063,0.009,1.0244,-0.0465,1.5819,0.000234,-0.0001,0.0
29.0,FLIGHT,0.9457,1.5571,0.1122,0.1126,0.1104,0.1104,-0.0157,-0.1897,0.0062,0.0088,1.0238,-0.0467,1.5821,0.000233,-0.0001,0.0
29.005,FLIGHT,0.9463,1.5577,0.1102,0.1102,0.1084,0.108,-0.0157,-0.1896,0.0062,0.0086,1.0231,-0.0469,1.5824,0.000233,-0.0001,0.0
29.01,FLIGHT,0.9468,1.5582,0.1082,0.1078,0.1065,0.1057,-0.0157,-0.1896,0.0061,0.0084,1.0225,-0.047,1.5826,0.000233,-0.0001,0.0
29.015,FLIGHT,0.9473,1.5587,0.1063,0.1055,0.1046,0.1034,-0.0156,-0.1895,0.0061,0.0082,1.0218,-0.0472,1.5829,0.000233,-0.0,0.0
29.02,FLIGHT,0.9479,1.5592,0.1045,0.1032,0.1028,0.1012,-0.0156,-0.1895,0.006,0.008,1.0211,-0.0474,1.5831,0.000232,-0.0,0.0
29.025,FLIGHT,0.9484,1.5597,0.1026,0.101,0.101,0.099,-0.0156,-0.1895,0.006,0.0079,1.0204,-0.0476,1.5833,0.000232,-0.0,0.0
29.03,FLIGHT,0.9489,1.5602,0.1008,0.0988,0.0992,0.0969,-0.0155,-0.1894,0.0059,0.0077,1.0196,-0.0478,1.5835,0.000232,-0.0,0.0
29.035,FLIGHT,0.9494,1.5607,0.099,0.0967,0.0974,0.0949,-0.0155,-0.1894,0.0058,0.0075,1.0189,-0.048,1.5838,0.000232,-0.0,0.0
29.04,FLIGHT,0.9498,1.5612,0.0973,0.0947,0.0957,0.0929,-0.0155,-0.1893,0.0058,0.0074,1.0181,-0.0482,1.584,0.000231,-0.0,0.0
29.045,FLIGHT,0.9503,1.5616,0.0955,0.0927,0.094,0.0909,-0.0155,-0.1893,0.0057,0.0072,1.0173,-0.0483,1.5842,0.000231,-0.0,0.0
29.05,FLIGHT,0.9508,1.5621,0.0939,0.0907,0.0923,0.089,-0.0154,-0.1893,0.0057,0.007,1.0165,-0.0485,1.5844,0.000231,-0.0,0.0
29.055,FLIGHT,0.9512,1.5625,0.0922,0.0888,0.0907,0.0871,-0.0154,-0.1892,0.0056,0.0069,1.0157,-0.0487,1.5846,0.000231,-0.0,0.0
29.06,FLIGHT,0.9517,1.563,0.0905,0.0869,0.0891,0.0853,-0.0154,-0.1892,0.0055,0.0067,1.0148,-0.0489,1.5848,0.000231,-0.0,0.0
29.065,FLIGHT,0.9521,1.5634,0.0889,0.0851,0.0875,0.0835,-0.0153,-0.1892,0.0055,0.0066,1.014,-0.049,1.585,0.00023,-0.0,0.0
29.07,FLIGHT,0.9526,1.5638,0.0873,0.0833,0.0859,0.0817,-0.0153,-0.1891,0.0054,0.0065,1.0131,-0.0492,1.5852,0.00023,-0.0,0.0
29.075,FLIGHT,0.953,1.5642,0.0858,0.0816,0.0844,0.08,-0.0153,-0.1891,0.0053,0.0063,1.0122,-0.0493,1.5854,0.00023,-0.0,0.0
29.08,FLIGHT,0.9534,1.5646,0.0842,0.0799,0.0829,0.0784,-0.0153,-0.1891,0.0053,0.0062,1.0113,-0.0495,1.5856,0.00023,-0.0,0.0
29.085,FLIGHT,0.9538,1.565,0.0827,0.0782,0.0814,0.0767,-0.0152,-0.1891,0.0052,0.0061,1.0104,-0.0497,1.5858,0.00023,-0.0,0.0
29.09,FLIGHT,0.9542,1.5654,0.0812,0.0766,0.0799,0.0752,-0.0152,-0.189,0.0051,0.0059,1.0095,-0.0498,1.5859,0.000229,-0.0,0.0
29.095,FLIGHT,0.9546,1.5657,0.0798,0.075,0.0785,0.0736,-0.0152,-0.189,0.0051,0.0058,1.0085,-0.05,1.5861,0.000229,-0.0,0.0
29.1,FLIGHT,0.955,1.5661,0.0783,0.0735,0.077,0.0721,-0.0152,-0.189,0.005,0.0057,1.0076,-0.0501,1.5863,0.000229,-0.0,0.0
29.105,FLIGHT,0.9554,1.5665,0.0769,0.072,0.0756,0.0706,-0.0151,-0.1889,0.0049,0.0056,1.0066,-0.0503,1.5865,0.000229,-0.0,0.0
29.11,FLIGHT,0.9558,1.5668,0.0755,0.0705,0.0742,0.0692,-0.0151,-0.1889,0.0048,0.0055,1.0056,-0.0504,1.5866,0.000229,-0.0,0.0
29.115,FLIGHT,0.9561,1.5671,0.0741,0.0691,0.0729,0.0678,-0.0151,-0.1889,0.0048,0.0053,1.0046,-0.0506,1.5868,0.000229,-0.0,0.0
29.12,FLIGHT,0.9565,1.5675,0.0728,0.0677,0.0715,0.0664,-0.0151,-0.1889,0.0047,0.0052,1.0036,-0.0507,1.587,0.000229,-0.0,0.0
29.125,FLIGHT,0.9569,1.5678,0.0714,0.0663,0.0702,0.0651,-0.015,-0.1888,0.0046,0.0051,1.0026,-0.0509,1.5871,0.000228,-0.0,0.0
29.13,FLIGHT,0.9572,1.5681,0.0701,0.065,0.0689,0.0638,-0.015,-0.1888,0.0046,0.005,1.0015,-0.051,1.5873,0.000228,-0.0,0.0
29.135,FLIGHT,0.9575,1.5684,0.0688,0.0637,0.0676,0.0625,-0.015,-0.1888,0.0045,0.0049,1.0004,-0.0512,1.5875,0.000228,-0.0,0.0
29.14,STANCE,0.9592,1.5687,0.3127,0.0362,1.2018,-0.4505,-0.0147,-0.1888,0.0542,-0.0012,0.9994,0.1077,-0.3623,-0.000313,-0.3203,0.0644
29.145,STANCE,0.9706,1.5611,1.7518,-1.1278,3.1308,-2.461,-0.0115,-0.1896,0.4849,-0.1226,0.9982,-0.6541,-0.4884,-0.002564,-0.5315,0.1089
29.15,STANCE,0.98,1.5533,1.6149,-1.2432,0.2344,-0.1838,-0.0087,-0.1904,0.4778,-0.124,0.9977,-0.9382,-0.9717,-0.004262,-0.1057,0.0254
29.155,STANCE,0.979,1.5543,0.3659,-0.2565,-0.2746,0.1939,-0.009,-0.1903,0.1047,-0.0261,0.9978,-0.7329,-1.8729,-0.004333,0.0454,0.0043
29.16,STANCE,0.9791,1.5532,0.1738,-0.2948,0.3848,-0.7389,-0.0088,-0.1904,0.0735,-0.0276,0.9981,-0.9377,-2.2058,-0.003977,0.0895,0.004
29.165,STANCE,0.9823,1.5435,0.5273,-1.4593,0.9926,-2.0854,-0.0069,-0.1913,0.3023,-0.1302,0.9981,-1.3759,-1.8173,-0.003344,0.0701,0.0033
29.17,STANCE,0.9917,1.5284,1.519,-2.6029,2.4123,-3.6605,-0.003,-0.1926,0.6573,-0.2215,0.9981,-2.0715,-1.1553,-0.003528,-0.0956,0.0227
29.175,STANCE,1.0008,1.5097,1.6575,-3.2562,1.2982,-2.8454,0.0014,-0.1942,0.7854,-0.2563,0.9981,-2.3032,-0.4998,-0.00357,0.0116,0.0036
29.18,STANCE,1.0045,1.4966,0.9657,-2.8334,0.2114,-2.4919,0.004,-0.1952,0.5956,-0.2143,0.9985,-1.9386,-0.2538,-0.003237,0.1124,0.0032
29.185,STANCE,1.004,1.4849,0.2063,-2.5094,-0.4945,-2.6715,0.0056,-0.1961,0.4031,-0.1881,0.9989,-1.3441,0.0571,-0.002744,0.123,0.0027
29.19,STANCE,1.0013,1.4721,-0.3258,-2.5876,-0.7133,-2.8651,0.0069,-0.197,0.3117,-0.1936,0.9991,-0.7208,0.5394,-0.002481,0.0345,0.0025
29.195,STANCE,0.9976,1.4575,-0.613,-2.8126,-0.7888,-2.9979,0.0083,-0.1981,0.2894,-0.2086,0.9993,-0.1597,1.0403,-0.002495,-0.0113,0.0048
29.2,STANCE,0.9937,1.4427,-0.7159,-2.8998,-0.6654,-2.723,0.0097,-0.1992,0.2832,-0.2121,0.9995,0.2597,1.3792,-0.002462,-0.001,0.0027
29.205,STANCE,0.9917,1.4313,-0.4684,-2.4295,-0.1004,-1.8748,0.011,-0.2001,0.2647,-0.1737,1.0001,0.3261,1.3205,-0.002651,-0.075,0.0176
29.21,STANCE,0.9925,1.4227,-0.0099,-1.9371,0.3876,-1.6804,0.0124,-0.2006,0.285,-0.1318,1.0009,0.1406,1.145,-0.003113,-0.096,0.0223
29.215,STANCE,0.995,1.4138,0.3368,-1.8454,0.5448,-1.884,0.0142,-0.2012,0.3426,-0.1176,1.0017,-0.0042,1.1306,-0.003502,-0.0542,0.0143
29.22,FLIGHT,0.9976,1.4042,0.4555,-1.8956,0.4727,-1.9106,0.0162,-0.2018,0.3757,-0.1149,1.0024,-1.5419,2.7274,-0.003636,-0.0002,0.0037
29.225,FLIGHT,0.9951,1.4042,-0.3409,-0.3141,-1.8059,2.4813,0.0157,-0.2018,-0.0218,-0.0257,1.0039,-1.2768,2.4959,-0.003409,0.103,0.0034
29.23,FLIGHT,0.982,1.423,-1.9556,2.5306,-3.1179,4.3558,0.0103,-0.2007,-0.7656,0.156,1.0064,-0.4642,1.8279,-0.002655,0.187,0.0027
29.235,FLIGHT,0.9668,1.4427,-2.6702,3.4188,-2.8029,3.2852,0.0043,-0.1994,-1.0279,0.2438,1.0086,-0.0099,1.4651,-0.001671,0.1956,0.0017
29.24,FLIGHT,0.9548,1.4551,-2.4396,2.6946,-2.0033,1.7571,0.0001,-0.1985,-0.8697,0.2104,1.0104,0.0072,1.4674,-0.000768,0.1634,0.0008
29.245,FLIGHT,0.9462,1.4617,-1.9152,1.7233,-1.4777,1.0235,-0.0025,-0.198,-0.6236,0.1432,1.0119,-0.1252,1.5891,-3.5e-05,0.1317,0.0
29.25,FLIGHT,0.9394,1.4665,-1.5342,1.2124,-1.2938,0.979,-0.0045,-0.1976,-0.4739,0.1064,1.0133,-0.2012,1.6574,0.000487,0.079,0.0
29.255,FLIGHT,0.9331,1.4718,-1.3506,1.1064,-1.2424,1.1018,-0.0065,-0.1971,-0.421,0.1013,1.0147,-0.1905,1.651,0.000783,0.0421,0.0
29.26,FLIGHT,0.927,1.4773,-1.2489,1.1123,-1.1613,1.1031,-0.0085,-0.1966,-0.4,0.1054,1.0161,-0.1466,1.6173,0.000928,0.0174,0.0
29.265,FLIGHT,0.9216,1.4826,-1.1376,1.0615,-1.0246,0.981,-0.0103,-0.1961,-0.3696,0.1037,1.0175,-0.1137,1.5937,0.000973,0.0017,0.0
29.27,FLIGHT,0.9168,1.4871,-1.0008,0.9481,-0.8727,0.8349,-0.0118,-0.1956,-0.3259,0.0953,1.0188,-0.1004,1.5867,0.000955,-0.0079,0.0016
29.275,FLIGHT,0.9128,1.491,-0.8602,0.8263,-0.7394,0.7266,-0.0131,-0.1952,-0.2807,0.0849,1.02,-0.0966,1.5873,0.000901,-0.0132,0.0026
29.28,FLIGHT,0.9094,1.4944,-0.7348,0.7304,-0.6314,0.6585,-0.0143,-0.1949,-0.2425,0.0762,1.0212,-0.0929,1.5872,0.000828,-0.0156,0.0031
29.285,FLIGHT,0.9065,1.4976,-0.6283,0.6621,-0.5403,0.6096,-0.0153,-0.1945,-0.2118,0.0697,1.0224,-0.0866,1.5845,0.000748,-0.0162,0.0032
29.29,FLIGHT,0.904,1.5005,-0.536,0.6088,-0.458,0.5645,-0.0162,-0.1942,-0.1862,0.0644,1.0235,-0.0794,1.5808,0.000668,-0.0157,0.0031
29.295,FLIGHT,0.9019,1.5033,-0.4529,0.5613,-0.3819,0.5203,-0.0169,-0.1939,-0.1633,0.0594,1.0246,-0.0732,1.5777,0.000592,-0.0144,0.0029
29.3,FLIGHT,0.9001,1.5058,-0.3771,0.5173,-0.3126,0.4797,-0.0176,-0.1937,-0.1424,0.0546,1.0257,-0.0684,1.5757,0.000524,-0.0127,0.0025
29.305,FLIGHT,0.8987,1.5081,-0.3087,0.4777,-0.2509,0.4446,-0.0182,-0.1934,-0.1236,0.0502,1.0267,-0.0647,1.5743,0.000465,-0.011,0.0022
29.31,FLIGHT,0.8976,1.5102,-0.2479,0.4434,-0.1967,0.415,-0.0187,-0.1932,-0.107,0.0462,1.0277,-0.0616,1.5732,0.000415,-0.0092,0.0018
29.315,FLIGHT,0.8967,1.5122,-0.1942,0.414,-0.1492,0.3896,-0.0191,-0.193,-0.0926,0.0427,1.0286,-0.0588,1.5722,0.000373,-0.0076,0.0015
29.32,FLIGHT,0.8961,1.5141,-0.147,0.3885,-0.1073,0.3672,-0.0195,-0.1928,-0.08,0.0396,1.0296,-0.0563,1.5713,0.000339,-0.0061,0.0012
29.325,FLIGHT,0.8957,1.5159,-0.1054,0.366,-0.0705,0.3471,-0.0198,-0.1927,-0.0689,0.0368,1.0305,-0.0542,1.5706,0.000311,-0.0049,0.001
29.33,FLIGHT,0.8954,1.5176,-0.0689,0.3461,-0.0383,0.3292,-0.0201,-0.1925,-0.0591,0.0343,1.0313,-0.0525,1.5701,0.000289,-0.0038,0.0008
29.335,FLIGHT,0.8953,1.5192,-0.0369,0.3282,-0.0101,0.3131,-0.0203,-0.1923,-0.0505,0.032,1.0322,-0.051,1.5697,0.000272,-0.003,0.0006
29.34,FLIGHT,0.8953,1.5207,-0.009,0.3123,0.0143,0.2988,-0.0205,-0.1922,-0.043,0.03,1.033,-0.0498,1.5695,0.00026,-0.0022,0.0004
29.345,FLIGHT,0.8954,1.5222,0.0152,0.298,0.0354,0.2859,-0.0207,-0.192,-0.0364,0.0282,1.0338,-0.0488,1.5693,0.00025,-0.0017,0.0003
29.35,FLIGHT,0.8956,1.5236,0.0362,0.2851,0.0536,0.2741,-0.0208,-0.1919,-0.0307,0.0266,1.0345,-0.048,1.5692,0.000243,-0.0012,0.0002
29.355,FLIGHT,0.8959,1.5249,0.0542,0.2734,0.0692,0.2634,-0.0209,-0.1918,-0.0256,0.0251,1.0352,-0.0473,1.5692,0.000238,-0.0008,0.0002
29.36,FLIGHT,0.8963,1.5262,0.0697,0.2627,0.0825,0.2536,-0.021,-0.1917,-0.0213,0.0238,1.0359,-0.0467,1.5692,0.000234,-0.0006,0.0001
29.365,FLIGHT,0.8968,1.5275,0.0829,0.253,0.0938,0.2446,-0.0211,-0.1916,-0.0174,0.0226,1.0366,-0.0462,1.5693,0.000232,-0.0003,0.0001
29.37,FLIGHT,0.8973,1.5287,0.0941,0.244,0.1034,0.2362,-0.0212,-0.1915,-0.0141,0.0215,1.0373,-0.0459,1.5694,0.000231,-0.0002,0.0
29.375,FLIGHT,0.8978,1.5298,0.1036,0.2356,0.1114,0.2284,-0.0212,-0.1914,-0.0112,0.0205,1.0379,-0.0456,1.5696,0.00023,-0.0001,0.0
29.38,FLIGHT,0.8984,1.5309,0.1116,0.2279,0.1181,0.2212,-0.0213,-0.1913,-0.0086,0.0196,1.0385,-0.0454,1.5697,0.00023,0.0,0.0
29.385,FLIGHT,0.899,1.532,0.1182,0.2207,0.1236,0.2144,-0.0213,-0.1912,-0.0064,0.0188,1.039,-0.0453,1.5699,0.00023,0.0001,0.0
29.39,FLIGHT,0.8996,1.5331,0.1236,0.2139,0.128,0.208,-0.0213,-0.1911,-0.0045,0.018,1.0396,-0.0452,1.5702,0.000231,0.0001,0.0
29.395,FLIGHT,0.9003,1.5341,0.1281,0.2075,0.1316,0.202,-0.0213,-0.191,-0.0028,0.0173,1.0401,-0.0451,1.5704,0.000231,0.0001,0.0
29.4,FLIGHT,0.9009,1.5351,0.1316,0.2015,0.1344,0.1963,-0.0213,-0.1909,-0.0013,0.0167,1.0406,-0.0451,1.5707,0.000232,0.0001,0.0
29.405,FLIGHT,0.9016,1.5361,0.1344,0.1959,0.1365,0.1909,-0.0213,-0.1908,-0.0001,0.0161,1.041,-0.0452,1.5709,0.000233,0.0001,0.0
29.41,FLIGHT,0.9023,1.537,0.1365,0.1905,0.1381,0.1858,-0.0213,-0.1908,0.001,0.0155,1.0414,-0.0452,1.5712,0.000233,0.0001,0.0
29.415,FLIGHT,0.903,1.5379,0.138,0.1853,0.1391,0.1809,-0.0213,-0.1907,0.002,0.015,1.0419,-0.0453,1.5715,0.000234,0.0001,0.0
29.42,FLIGHT,0.9037,1.5388,0.139,0.1804,0.1397,0.1762,-0.0213,-0.1906,0.0028,0.0145,1.0422,-0.0454,1.5718,0.000235,0.0001,0.0
29.425,FLIGHT,0.9044,1.5397,0.1396,0.1758,0.14,0.1717,-0.0213,-0.1906,0.0035,0.014,1.0426,-0.0455,1.5721,0.000235,0.0001,0.0
29.43,FLIGHT,0.9051,1.5405,0.1399,0.1713,0.1399,0.1674,-0.0213,-0.1905,0.0042,0.0136,1.0429,-0.0456,1.5724,0.000236,0.0001,0.0
29.435,FLIGHT,0.9058,1.5414,0.1398,0.167,0.1396,0.1632,-0.0212,-0.1904,0.0047,0.0132,1.0432,-0.0457,1.5726,0.000236,0.0001,0.0
29.44,FLIGHT,0.9065,1.5422,0.1395,0.1628,0.1391,0.1592,-0.0212,-0.1904,0.0052,0.0128,1.0435,-0.0459,1.5729,0.000237,0.0001,0.0
29.445,FLIGHT,0.9072,1.543,0.1389,0.1589,0.1383,0.1554,-0.0212,-0.1903,0.0056,0.0124,1.0438,-0.046,1.5732,0.000237,0.0001,0.0
29.45,FLIGHT,0.9079,1.5437,0.1381,0.155,0.1374,0.1516,-0.0211,-0.1902,0.0059,0.0121,1.044,-0.0462,1.5735,0.000237,0.0,0.0
29.455,FLIGHT,0.9085,1.5445,0.1372,0.1513,0.1363,0.148,-0.0211,-0.1902,0.0063,0.0118,1.0442,-0.0463,1.5738,0.000237,0.0,0.0
29.46,FLIGHT,0.9092,1.5452,0.1362,0.1477,0.1352,0.1446,-0.0211,-0.1901,0.0065,0.0114,1.0444,-0.0465,1.5741,0.000237,0.0,0.0
29.465,FLIGHT,0.9099,1.5459,0.135,0.1442,0.1339,0.1412,-0.021,-0.1901,0.0067,0.0111,1.0445,-0.0467,1.5744,0.000238,0.0,0.0
29.47,FLIGHT,0.9106,1.5466,0.1337,0.1409,0.1326,0.1379,-0.021,-0.19,0.0069,0.0108,1.0447,-0.0468,1.5746,0.000238,0.0,0.0
29.475,FLIGHT,0.9112,1.5473,0.1324,0.1376,0.1312,0.1347,-0.021,-0.19,0.0071,0.0105,1.0448,-0.047,1.5749,0.000238,-0.0,0.0
29.48,FLIGHT,0.9119,1.548,0.131,0.1345,0.1297,0.1317,-0.0209,-0.1899,0.0072,0.0103,1.0449,-0.0472,1.5752,0.000238,-0.0,0.0
29.485,FLIGHT,0.9125,1.5486,0.1296,0.1314,0.1283,0.1287,-0.0209,-0.1899,0.0074,0.01,1.0449,-0.0473,1.5755,0.000238,-0.0,0.0
29.49,FLIGHT,0.9131,1.5493,0.1281,0.1284,0.1268,0.1258,-0.0209,-0.1898,0.0075,0.0098,1.045,-0.0475,1.5757,0.000237,-0.0,0.0
29.495,FLIGHT,0.9138,1.5499,0.1266,0.1255,0.1252,0.1229,-0.0208,-0.1898,0.0076,0.0095,1.045,-0.0477,1.576,0.000237,-0.0,0.0
29.5,FLIGHT,0.9144,1.5505,0.1251,0.1227,0.1237,0.1202,-0.0208,-0.1897,0.0076,0.0093,1.045,-0.0478,1.5762,0.000237,-0.0,0.0
29.505,FLIGHT,0.915,1.5511,0.1235,0.12,0.1221,0.1175,-0.0208,-0.1897,0.0077,0.0091,1.0449,-0.048,1.5765,0.000237,-0.0,0.0
29.51,FLIGHT,0.9156,1.5517,0.122,0.1173,0.1206,0.1149,-0.0207,-0.1896,0.0078,0.0088,1.0449,-0.0481,1.5768,0.000237,-0.0,0.0
29.515,FLIGHT,0.9162,1.5522,0.1204,0.1147,0.1191,0.1124,-0.0207,-0.1896,0.0078,0.0086,1.0448,-0.0483,1.577,0.000237,-0.0,0.0
29.52,FLIGHT,0.9168,1.5528,0.1189,0.1122,0.1175,0.1099,-0.0206,-0.1895,0.0078,0.0084,1.0447,-0.0485,1.5772,0.000237,-0.0,0.0
29.525,FLIGHT,0.9174,1.5533,0.1174,0.1097,0.116,0.1075,-0.0206,-0.1895,0.0079,0.0082,1.0446,-0.0486,1.5775,0.000237,-0.0,0.0
29.53,FLIGHT,0.918,1.5539,0.1158,0.1073,0.1145,0.1052,-0.0206,-0.1895,0.0079,0.008,1.0444,-0.0488,1.5777,0.000236,-0.0,0.0
29.535,FLIGHT,0.9185,1.5544,0.1143,0.105,0.1129,0.1029,-0.0205,-0.1894,0.0079,0.0078,1.0443,-0.0489,1.578,0.000236,-0.0,0.0
29.54,FLIGHT,0.9191,1.5549,0.1128,0.1027,0.1115,0.1007,-0.0205,-0.1894,0.0079,0.0076,1.0441,-0.0491,1.5782,0.000236,-0.0,0.0
29.545,FLIGHT,0.9197,1.5554,0.1113,0.1005,0.11,0.0985,-0.0204,-0.1894,0.0079,0.0075,1.0439,-0.0492,1.5784,0.000236,-0.0,0.0
29.55,FLIGHT,0.9202,1.5559,0.1098,0.0983,0.1085,0.0964,-0.0204,-0.1893,0.0079,0.0073,1.0437,-0.0494,1.5786,0.000236,-0.0,0.0
29.555,FLIGHT,0.9207,1.5564,0.1084,0.0962,0.1071,0.0944,-0.0204,-0.1893,0.0079,0.0071,1.0434,-0.0495,1.5788,0.000235,-0.0,0.0
29.56,FLIGHT,0.9213,1.5568,0.1069,0.0942,0.1056,0.0924,-0.0203,-0.1892,0.0079,0.0069,1.0431,-0.0497,1.5791,0.000235,-0.0,0.0
29.565,FLIGHT,0.9218,1.5573,0.1055,0.0922,0.1042,0.0904,-0.0203,-0.1892,0.0079,0.0068,1.0428,-0.0498,1.5793,0.000235,-0.0,0.0
29.57,FLIGHT,0.9223,1.5577,0.1041,0.0902,0.1029,0.0885,-0.0202,-0.1892,0.0079,0.0066,1.0425,-0.05,1.5795,0.000235,-0.0,0.0
29.575,FLIGHT,0.9228,1.5582,0.1027,0.0883,0.1015,0.0867,-0.0202,-0.1891,0.0078,0.0065,1.0422,-0.0501,1.5797,0.000235,-0.0,0.0
29.58,FLIGHT,0.9233,1.5586,0.1014,0.0865,0.1001,0.0848,-0.0202,-0.1891,0.0078,0.0063,1.0418,-0.0502,1.5799,0.000235,-0.0,0.0
29.585,FLIGHT,0.9238,1.559,0.1,0.0847,0.0988,0.0831,-0.0201,-0.1891,0.0078,0.0062,1.0415,-0.0504,1.5801,0.000234,-0.0,0.0
29.59,FLIGHT,0.9243,1.5594,0.0987,0.0829,0.0975,0.0814,-0.0201,-0.1891,0.0078,0.006,1.0411,-0.0505,1.5803,0.000234,-0.0,0.0
29.595,FLIGHT,0.9248,1.5598,0.0974,0.0812,0.0962,0.0797,-0.02,-0.189,0.0077,0.0059,1.0407,-0.0506,1.5805,0.000234,-0.0,0.0
29.6,FLIGHT,0.9253,1.5602,0.0961,0.0795,0.0949,0.078,-0.02,-0.189,0.0077,0.0058,1.0402,-0.0508,1.5807,0.000234,-0.0,0.0
29.605,FLIGHT,0.9258,1.5606,0.0948,0.0779,0.0937,0.0765,-0.02,-0.189,0.0077,0.0056,1.0398,-0.0509,1.5809,0.000234,-0.0,0.0
29.61,FLIGHT,0.9262,1.561,0.0936,0.0763,0.0925,0.0749,-0.0199,-0.1889,0.0077,0.0055,1.0393,-0.051,1.581,0.000234,-0.0,0.0
29.615,FLIGHT,0.9267,1.5614,0.0923,0.0748,0.0913,0.0734,-0.0199,-0.1889,0.0076,0.0054,1.0388,-0.0512,1.5812,0.000234,-0.0,0.0
29.62,FLIGHT,0.9271,1.5617,0.0911,0.0732,0.0901,0.0719,-0.0199,-0.1889,0.0076,0.0053,1.0383,-0.0513,1.5814,0.000233,-0.0,0.0
29.625,FLIGHT,0.9276,1.5621,0.0899,0.0718,0.0889,0.0705,-0.0198,-0.1889,0.0076,0.0052,1.0378,-0.0514,1.5816,0.000233,-0.0,0.0
29.63,FLIGHT,0.928,1.5624,0.0888,0.0703,0.0877,0.069,-0.0198,-0.1888,0.0075,0.005,1.0372,-0.0515,1.5818,0.000233,-0.0,0.0
29.635,FLIGHT,0.9285,1.5628,0.0876,0.0689,0.0866,0.0677,-0.0197,-0.1888,0.0075,0.0049,1.0367,-0.0516,1.5819,0.000233,-0.0,0.0
29.64,FLIGHT,0.9289,1.5631,0.0865,0.0676,0.0854,0.0663,-0.0197,-0.1888,0.0075,0.0048,1.0361,-0.0518,1.5821,0.000233,-0.0,0.0
29.645,FLIGHT,0.9293,1.5634,0.0853,0.0662,0.0843,0.065,-0.0197,-0.1888,0.0074,0.0047,1.0355,-0.0519,1.5823,0.000233,-0.0,0.0
29.65,FLIGHT,0.9297,1.5638,0.0842,0.0649,0.0832,0.0638,-0.0196,-0.1887,0.0074,0.0046,1.0349,-0.052,1.5824,0.000233,-0.0,0.0
29.655,FLIGHT,0.9301,1.5641,0.0831,0.0636,0.0822,0.0625,-0.0196,-0.1887,0.0073,0.0045,1.0342,-0.0521,1.5826,0.000233,-0.0,0.0
29.66,FLIGHT,0.9305,1.5644,0.082,0.0624,0.0811,0.0613,-0.0196,-0.1887,0.0073,0.0044,1.0336,-0.0522,1.5828,0.000233,-0.0,0.0
29.665,FLIGHT,0.931,1.5647,0.081,0.0612,0.08,0.0601,-0.0195,-0.1887,0.0072,0.0043,1.0329,-0.0523,1.5829,0.000233,-0.0,0.0
29.67,FLIGHT,0.9313,1.565,0.0799,0.06,0.079,0.059,-0.0195,-0.1887,0.0072,0.0042,1.0322,-0.0525,1.5831,0.000232,-0.0,0.0
29.675,FLIGHT,0.9317,1.5653,0.0789,0.0589,0.078,0.0579,-0.0194,-0.1886,0.0071,0.0041,1.0315,-0.0526,1.5832,0.000232,-0.0,0.0
29.68,FLIGHT,0.9321,1.5656,0.0779,0.0578,0.077,0.0568,-0.0194,-0.1886,0.0071,0.0041,1.0308,-0.0527,1.5834,0.000232,-0.0,0.0
29.685,FLIGHT,0.9325,1.5658,0.0769,0.0567,0.076,0.0557,-0.0194,-0.1886,0.007,0.004,1.03,-0.0528,1.5835,0.000232,-0.0,0.0
29.69,FLIGHT,0.9329,1.5661,0.0759,0.0556,0.075,0.0547,-0.0193,-0.1886,0.007,0.0039,1.0293,-0.0529,1.5837,0.000232,-0.0,0.0
29.695,FLIGHT,0.9333,1.5664,0.0749,0.0546,0.074,0.0536,-0.0193,-0.1886,0.0069,0.0038,1.0285,-0.053,1.5838,0.000232,-0.0,0.0
29.7,FLIGHT,0.9336,1.5667,0.0739,0.0535,0.073,0.0526,-0.0193,-0.1885,0.0069,0.0037,1.0277,-0.0531,1.584,0.000232,-0.0,0.0
29.705,FLIGHT,0.934,1.5669,0.0729,0.0526,0.0721,0.0517,-0.0192,-0.1885,0.0068,0.0037,1.0269,-0.0532,1.5841,0.000232,-0.0,0.0
29.71,FLIGHT,0.9343,1.5672,0.072,0.0516,0.0711,0.0507,-0.0192,-0.1885,0.0068,0.0036,1.0261,-0.0533,1.5843,0.000232,-0.0,0.0
29.715,FLIGHT,0.9347,1.5674,0.071,0.0507,0.0702,0.0498,-0.0192,-0.1885,0.0067,0.0035,1.0252,-0.0534,1.5844,0.000232,-0.0,0.0
29.72,FLIGHT,0.935,1.5677,0.0701,0.0497,0.0693,0.0489,-0.0191,-0.1885,0.0067,0.0035,1.0244,-0.0535,1.5846,0.000232,-0.0,0.0
29.725,FLIGHT,0.9354,1.5679,0.0692,0.0488,0.0683,0.048,-0.0191,-0.1885,0.0066,0.0034,1.0235,-0.0536,1.5847,0.000232,-0.0,0.0
29.73,FLIGHT,0.9357,1.5681,0.0683,0.048,0.0674,0.0472,-0.0191,-0.1884,0.0066,0.0033,1.0226,-0.0538,1.5848,0.000232,-0.0,0.0
29.735,FLIGHT,0.9361,1.5684,0.0673,0.0471,0.0665,0.0464,-0.019,-0.1884,0.0065,0.0033,1.0217,-0.0539,1.585,0.000232,-0.0,0.0
29.74,FLIGHT,0.9364,1.5686,0.0665,0.0463,0.0657,0.0456,-0.019,-0.1884,0.0064,0.0032,1.0208,-0.054,1.5851,0.000231,-0.0,0.0
29.745,FLIGHT,0.9367,1.5688,0.0656,0.0455,0.0648,0.0448,-0.019,-0.1884,0.0064,0.0031,1.0198,-0.0541,1.5852,0.000231,-0.0,0.0
29.75,FLIGHT,0.937,1.5691,0.0647,0.0447,0.0639,0.044,-0.0189,-0.1884,0.0063,0.0031,1.0189,-0.0542,1.5854,0.000231,-0.0,0.0
29.755,FLIGHT,0.9374,1.5693,0.0638,0.0439,0.063,0.0432,-0.0189,-0.1884,0.0062,0.003,1.0179,-0.0543,1.5855,0.000231,-0.0,0.0
29.76,FLIGHT,0.9377,1.5695,0.0629,0.0432,0.0622,0.0425,-0.0189,-0.1883,0.0062,0.003,1.0169,-0.0544,1.5856,0.000231,-0.0,0.0
29.765,FLIGHT,0.938,1.5697,0.0621,0.0424,0.0613,0.0418,-0.0189,-0.1883,0.0061,0.0029,1.0159,-0.0545,1.5857,0.000231,-0.0,0.0
29.77,FLIGHT,0.9383,1.5699,0.0612,0.0417,0.0605,0.0411,-0.0188,-0.1883,0.006,0.0029,1.0149,-0.0546,1.5859,0.000231,-0.0,0.0
29.775,FLIGHT,0.9386,1.5701,0.0604,0.041,0.0596,0.0404,-0.0188,-0.1883,0.006,0.0028,1.0139,-0.0547,1.586,0.000231,-0.0,0.0
29.78,FLIGHT,0.9389,1.5703,0.0596,0.0403,0.0588,0.0397,-0.0188,-0.1883,0.0059,0.0028,1.0129,-0.0548,1.5861,0.000231,-0.0,0.0
29.785,FLIGHT,0.9392,1.5705,0.0587,0.0397,0.058,0.0391,-0.0187,-0.1883,0.0058,0.0027,1.0118,-0.0549,1.5862,0.000231,-0.0,0.0
29.79,FLIGHT,0.9395,1.5707,0.0579,0.039,0.0572,0.0385,-0.0187,-0.1883,0.0058,0.0027,1.0107,-0.055,1.5864,0.000231,-0.0,0.0
29.795,FLIGHT,0.9397,1.5709,0.0571,0.0384,0.0563,0.0378,-0.0187,-0.1883,0.0057,0.0026,1.0097,-0.0551,1.5865,0.000231,-0.0,0.0
29.8,FLIGHT,0.94,1.5711,0.0563,0.0378,0.0555,0.0372,-0.0187,-0.1882,0.0056,0.0026,1.0086,-0.0552,1.5866,0.000231,-0.0,0.0
29.805,FLIGHT,0.9403,1.5713,0.0554,0.0372,0.0547,0.0366,-0.0186,-0.1882,0.0055,0.0025,1.0075,-0.0553,1.5867,0.000231,-0.0,0.0
29.81,FLIGHT,0.9406,1.5715,0.0546,0.0366,0.0539,0.0361,-0.0186,-0.1882,0.0055,0.0025,1.0063,-0.0553,1.5868,0.000231,-0.0,0.0
29.815,FLIGHT,0.9408,1.5716,0.0538,0.036,0.0531,0.0355,-0.0186,-0.1882,0.0054,0.0025,1.0052,-0.0554,1.5869,0.000231,-0.0,0.0
29.82,FLIGHT,0.9411,1.5718,0.053,0.0354,0.0523,0.035,-0.0185,-0.1882,0.0053,0.0024,1.0041,-0.0555,1.5871,0.000231,-0.0,0.0
29.825,FLIGHT,0.9414,1.572,0.0523,0.0349,0.0516,0.0344,-0.0185,-0.1882,0.0052,0.0024,1.0029,-0.0556,1.5872,0.000231,-0.0,0.0
29.83,FLIGHT,0.9416,1.5722,0.0515,0.0344,0.0508,0.0339,-0.0185,-0.1882,0.0052,0.0024,1.0017,-0.0557,1.5873,0.000231,-0.0,0.0
29.835,FLIGHT,0.9419,1.5723,0.0507,0.0338,0.05,0.0334,-0.0185,-0.1882,0.0051,0.0023,1.0005,-0.0558,1.5874,0.000231,-0.0,0.0
29.84,STANCE,0.9436,1.5728,0.3239,0.0548,1.2216,-0.5111,-0.0182,-0.1881,0.0537,-0.0006,0.9994,0.1567,-0.3912,-0.000729,-0.55,0.1107
29.845,STANCE,0.9539,1.5614,1.5719,-1.7091,2.5378,-3.0897,-0.0148,-0.1894,0.5265,-0.1822,0.9977,-0.4986,-0.2886,-0.003963,-0.6866,0.1413
29.85,STANCE,0.9569,1.5571,0.7481,-0.9383,-0.4894,0.4693,-0.0136,-0.1898,0.2682,-0.0966,0.9973,-0.4217,-1.1933,-0.005783,-0.1764,0.0411
29.855,STANCE,0.9541,1.56,-0.1256,0.0764,-0.3694,0.3451,-0.0145,-0.1895,-0.034,0.0089,0.9976,-0.2981,-2.1647,-0.00628,-0.0448,0.0152
29.86,STANCE,0.9545,1.5587,0.0797,-0.2306,0.5884,-0.9292,-0.0143,-0.1896,0.0461,-0.0225,0.9979,-0.6277,-2.4197,-0.006348,0.0122,0.0063
29.865,STANCE,0.9591,1.5463,0.6703,-1.827,1.0933,-3.6112,-0.0117,-0.1908,0.3759,-0.1729,0.9979,-1.1688,-1.8461,-0.0059,0.1587,0.0059
29.87,STANCE,0.9652,1.5296,1.0477,-2.8513,1.2554,-3.4072,-0.0083,-0.1924,0.5943,-0.2573,0.9979,-1.5887,-1.2453,-0.005133,0.1709,0.0051
29.875,STANCE,0.9708,1.511,1.109,-3.373,1.2551,-3.0824,-0.0046,-0.194,0.6867,-0.2879,0.998,-1.765,-0.6571,-0.00413,0.1221,0.0041
29.88,STANCE,0.9768,1.4963,1.1505,-3.0904,0.8252,-3.3928,-0.0014,-0.1952,0.662,-0.2517,0.9985,-1.7561,-0.3038,-0.003653,0.1586,0.0037
29.885,STANCE,0.98,1.4817,0.7798,-2.9187,0.2634,-2.8849,0.0013,-0.1964,0.5703,-0.2278,0.9991,-1.3993,0.1372,-0.0029,0.1953,0.0029
29.89,STANCE,0.9805,1.4692,0.2975,-2.609,-0.0553,-2.2653,0.0032,-0.1974,0.4342,-0.1987,0.9998,-0.8516,0.5016,-0.00193,0.1968,0.0019
29.895,STANCE,0.9795,1.4574,-0.0418,-2.4498,-0.2424,-2.3968,0.0047,-0.1983,0.3463,-0.1838,1.0005,-0.309,0.8676,-0.000911,0.1908,0.0009
29.9,STANCE,0.9783,1.4448,-0.1804,-2.4973,-0.2249,-2.5646,0.0063,-0.1992,0.3277,-0.1843,1.0012,0.0936,1.2048,1.3e-05,0.1752,0.0
29.905,FLIGHT,0.9778,1.4329,-0.1067,-2.3982,0.0677,-2.1344,0.008,-0.2001,0.3298,-0.1727,1.002,-0.9963,2.346,0.000692,0.0995,0.0
29.91,FLIGHT,0.9755,1.4297,-0.4446,-0.9848,-1.2831,1.2021,0.008,-0.2003,0.0552,-0.074,1.0036,-0.8078,2.1688,0.001056,0.0514,0.0
29.915,FLIGHT,0.9666,1.4405,-1.3859,1.2142,-2.0513,2.6415,0.0046,-0.1996,-0.4527,0.0839,1.0059,-0.2561,1.7058,0.001233,0.0216,0.0
29.92,FLIGHT,0.9568,1.4525,-1.7486,1.9798,-1.7431,1.999,0.0009,-0.1987,-0.6313,0.1519,1.008,0.0474,1.461,0.001287,0.0012,0.0
29.925,FLIGHT,0.9496,1.4599,-1.5013,1.587,-1.1378,1.0231,-0.0016,-0.1981,-0.5232,0.1287,1.0099,0.051,1.4684,0.001258,-0.0119,0.0024
29.93,FLIGHT,0.945,1.4637,-1.0842,1.0,-0.7442,0.5838,-0.003,-0.1978,-0.356,0.0841,1.0116,-0.0471,1.5564,0.001178,-0.0192,0.0038
29.935,FLIGHT,0.9418,1.4666,-0.7899,0.7137,-0.6043,0.6054,-0.0041,-0.1976,-0.2568,0.0615,1.0132,-0.1046,1.6064,0.001073,-0.0222,0.0044
29.94,FLIGHT,0.9388,1.4699,-0.6474,0.6935,-0.5632,0.7327,-0.0051,-0.1973,-0.2252,0.0606,1.0149,-0.1014,1.6044,0.00096,-0.0227,0.0045
29.945,FLIGHT,0.9362,1.4737,-0.5703,0.7402,-0.5066,0.768,-0.0062,-0.1969,-0.216,0.0653,1.0166,-0.0748,1.5835,0.000848,-0.0217,0.0043
29.95,FLIGHT,0.9338,1.4774,-0.4925,0.7396,-0.4156,0.712,-0.0071,-0.1966,-0.2,0.0659,1.0182,-0.0555,1.5693,0.000744,-0.0199,0.004
29.955,FLIGHT,0.932,1.4808,-0.4012,0.6898,-0.3173,0.6346,-0.008,-0.1963,-0.1747,0.0619,1.0198,-0.0494,1.5664,0.00065,-0.0178,0.0036
29.96,FLIGHT,0.9306,1.4838,-0.3107,0.629,-0.2343,0.579,-0.0087,-0.196,-0.1481,0.0566,1.0213,-0.0495,1.5685,0.000566,-0.0155,0.0031
29.965,FLIGHT,0.9296,1.4866,-0.2329,0.5819,-0.1702,0.5475,-0.0092,-0.1958,-0.1261,0.0523,1.0228,-0.0494,1.5699,0.000495,-0.0131,0.0026
29.97,FLIGHT,0.9289,1.4893,-0.1698,0.5501,-0.1188,0.5261,-0.0098,-0.1956,-0.1092,0.0493,1.0243,-0.0472,1.5694,0.000435,-0.0108,0.0022
29.975,FLIGHT,0.9284,1.4919,-0.1174,0.5255,-0.074,0.5046,-0.0102,-0.1953,-0.0954,0.047,1.0257,-0.0441,1.5681,0.000387,-0.0088,0.0018
29.98,FLIGHT,0.9282,1.4944,-0.0718,0.5023,-0.0334,0.4815,-0.0106,-0.1951,-0.0831,0.0447,1.0272,-0.0414,1.567,0.000347,-0.007,0.0014
29.985,FLIGHT,0.9281,1.4967,-0.0314,0.4792,0.0026,0.4589,-0.0109,-0.1949,-0.0719,0.0424,1.0285,-0.0396,1.5665,0.000316,-0.0055,0.0011
29.99,FLIGHT,0.9282,1.499,0.0041,0.4574,0.0337,0.4388,-0.0112,-0.1947,-0.0619,0.0402,1.0299,-0.0383,1.5664,0.000292,-0.0043,0.0009
29.995,FLIGHT,0.9284,1.5011,0.0347,0.4377,0.0601,0.4211,-0.0115,-0.1945,-0.0532,0.0383,1.0312,-0.0372,1.5664,0.000273,-0.0033,0.0007
30.0,FLIGHT,0.9288,1.5032,0.0609,0.4201,0.0824,0.4053,-0.0117,-0.1943,-0.0457,0.0365,1.0325,-0.0363,1.5664,0.000258,-0.0025,0.0005
