t,phase,hip_pos,knee_pos,hip_vel_est,knee_vel_est,hip_vel_real,knee_vel_real,foot_x,foot_z,foot_vx,foot_vz,foot_z_world,tau_hip,tau_knee,foot_compression,foot_spring_vel,Fn_sensor
0.005,FLIGHT,1.0453,0.9016,-0.3432,0.3092,-1.2883,1.3156,0.1064,-0.2095,-0.1218,-0.0437,1.0752,-2.9787,3.3798,3.9e-05,0.0145,0.0
0.01,FLIGHT,1.0338,0.914,-1.7837,1.9037,-3.255,3.5641,0.102,-0.211,-0.6844,-0.2189,1.0758,-2.3178,2.9412,0.000129,0.0203,0.0
0.015,FLIGHT,1.0137,0.9363,-3.3597,3.7143,-4.6398,5.2179,0.0941,-0.2133,-1.3202,-0.363,1.0766,-1.453,2.3571,0.000232,0.0199,0.0
0.02,FLIGHT,0.9885,0.9651,-4.5431,5.151,-5.3646,6.1996,0.084,-0.2158,-1.8197,-0.4013,1.0778,-0.665,1.8174,0.000321,0.0155,0.0
0.025,FLIGHT,0.9611,0.9973,-5.1863,6.0434,-5.5248,6.5996,0.0728,-0.2179,-2.1145,-0.3419,1.079,-0.058,1.3961,0.000383,0.0092,0.0
0.03,FLIGHT,0.9339,1.0303,-5.3319,6.4235,-5.2719,6.5651,0.0615,-0.2193,-2.2118,-0.2271,1.0802,0.3564,1.1054,0.000414,0.0031,0.0
0.035,FLIGHT,0.9088,1.0624,-5.0965,6.4029,-4.7536,6.243,0.0508,-0.2201,-2.1533,-0.099,1.0814,0.6064,0.9299,0.000415,-0.0024,0.0005
0.04,FLIGHT,0.8866,1.0925,-4.6076,6.1083,-4.0907,5.7566,0.0411,-0.2202,-1.9896,0.0142,1.0824,0.7314,0.8443,0.000379,-0.0131,0.0026
0.045,FLIGHT,0.868,1.1199,-3.9755,5.6519,-3.3723,5.1985,0.0326,-0.2199,-1.7666,0.1,1.0833,0.7689,0.8233,0.000281,-0.026,0.0052
0.05,FLIGHT,0.8529,1.1444,-3.2848,5.1213,-2.659,4.6328,0.0255,-0.2193,-1.5199,0.1563,1.084,0.7499,0.8452,0.000123,-0.0366,0.0073
0.055,FLIGHT,0.8413,1.1663,-2.5943,4.5784,-1.9884,4.1,0.0195,-0.2185,-1.2741,0.1876,1.0845,0.6973,0.8926,-7.7e-05,-0.0424,0.0086
0.06,FLIGHT,0.8329,1.1855,-1.9415,4.0636,-1.381,3.623,0.0147,-0.2176,-1.0441,0.2002,1.0849,0.6275,0.9532,-0.000292,-0.0426,0.0088
0.065,FLIGHT,0.8274,1.2026,-1.3475,3.6001,-0.8455,3.212,0.0109,-0.2166,-0.838,0.2003,1.0851,0.5514,1.0185,-0.000494,-0.0375,0.008
0.07,FLIGHT,0.8243,1.2178,-0.8221,3.199,-0.3831,2.8689,0.008,-0.2157,-0.659,0.1934,1.0852,0.4759,1.0828,-0.000659,-0.0277,0.0062
0.075,FLIGHT,0.8234,1.2314,-0.367,2.8629,0.0096,2.5904,0.0057,-0.2149,-0.5073,0.1831,1.0852,0.4049,1.1429,-0.000765,-0.0145,0.0037
0.08,FLIGHT,0.8243,1.2438,0.0204,2.5891,0.3386,2.3703,0.0041,-0.2141,-0.3811,0.172,1.0851,0.3407,1.1973,-0.000799,0.0013,0.0008
0.085,FLIGHT,0.8267,1.2552,0.3457,2.372,0.6111,2.2009,0.0029,-0.2133,-0.278,0.1617,1.085,0.284,1.2452,-0.00075,0.0184,0.0008
0.09,FLIGHT,0.8304,1.2659,0.6154,2.2045,0.8342,2.0744,0.0021,-0.2126,-0.195,0.1529,1.0848,0.2348,1.2866,-0.000614,0.0362,0.0006
0.095,FLIGHT,0.835,1.276,0.8367,2.079,1.0152,1.9832,0.0016,-0.2119,-0.1292,0.146,1.0846,0.1927,1.322,-0.000389,0.0537,0.0004
0.1,FLIGHT,0.8405,1.2857,1.0164,1.9882,1.1606,1.9203,0.0013,-0.2112,-0.0779,0.1409,1.0844,0.1571,1.3519,-7.8e-05,0.0706,0.0001
0.105,FLIGHT,0.8466,1.2952,1.1617,1.9258,1.2789,1.881,0.0012,-0.2105,-0.0383,0.1376,1.0842,0.1268,1.3774,0.000247,0.0518,0.0
0.11,FLIGHT,0.8532,1.3046,1.2789,1.8861,1.3721,1.859,0.0012,-0.2098,-0.0083,0.1357,1.084,0.101,1.3991,0.000449,0.0304,0.0
0.115,FLIGHT,0.8602,1.3138,1.371,1.8635,1.4434,1.8495,0.0013,-0.2091,0.0137,0.1349,1.0838,0.0795,1.4172,0.000562,0.0156,0.0
0.12,FLIGHT,0.8676,1.3231,1.4418,1.8534,1.4967,1.8486,0.0015,-0.2085,0.0292,0.1351,1.0836,0.0617,1.4323,0.000613,0.0057,0.0
0.125,FLIGHT,0.8752,1.3323,1.4947,1.8518,1.5351,1.8533,0.0017,-0.2078,0.0397,0.1359,1.0834,0.047,1.4449,0.000625,-0.0006,0.0001
0.13,FLIGHT,0.8829,1.3416,1.533,1.8558,1.5616,1.8609,0.002,-0.2071,0.0463,0.137,1.0833,0.0348,1.4556,0.000612,-0.0042,0.0008
0.135,FLIGHT,0.8908,1.351,1.5593,1.8626,1.5781,1.8694,0.0023,-0.2064,0.0498,0.1384,1.0832,0.0247,1.4646,0.000585,-0.0061,0.0012
0.14,FLIGHT,0.8987,1.3603,1.5757,1.8704,1.5866,1.8773,0.0025,-0.2057,0.0512,0.1398,1.0831,0.0161,1.4724,0.000552,-0.0069,0.0014
0.145,FLIGHT,0.9066,1.3697,1.584,1.8776,1.5883,1.8833,0.0028,-0.205,0.0509,0.1411,1.0831,0.0088,1.4792,0.000518,-0.0068,0.0014
0.15,FLIGHT,0.9146,1.3792,1.5856,1.883,1.5844,1.8868,0.003,-0.2043,0.0495,0.1423,1.0831,0.0025,1.4853,0.000485,-0.0063,0.0013
0.155,FLIGHT,0.9225,1.3886,1.5816,1.8859,1.5758,1.8871,0.0033,-0.2036,0.0474,0.1433,1.0831,-0.0031,1.4908,0.000455,-0.0055,0.0011
0.16,FLIGHT,0.9303,1.398,1.5728,1.8856,1.563,1.8837,0.0035,-0.2029,0.0447,0.1441,1.0831,-0.0082,1.4959,0.00043,-0.0047,0.0009
0.165,FLIGHT,0.9381,1.4074,1.5599,1.8818,1.5467,1.8767,0.0037,-0.2022,0.0418,0.1445,1.0832,-0.0128,1.5007,0.000408,-0.0039,0.0008
0.17,FLIGHT,0.9458,1.4168,1.5434,1.8742,1.5272,1.8657,0.0039,-0.2014,0.0386,0.1446,1.0833,-0.017,1.5052,0.00039,-0.0032,0.0006
0.175,FLIGHT,0.9534,1.4261,1.5237,1.8628,1.5048,1.8509,0.0041,-0.2007,0.0355,0.1444,1.0834,-0.021,1.5096,0.000376,-0.0026,0.0005
0.18,FLIGHT,0.9608,1.4353,1.5012,1.8476,1.4799,1.8323,0.0042,-0.2,0.0323,0.1439,1.0835,-0.0249,1.5138,0.000364,-0.002,0.0004
0.185,FLIGHT,0.9682,1.4444,1.4762,1.8287,1.4526,1.81,0.0044,-0.1993,0.0293,0.1431,1.0836,-0.0285,1.518,0.000355,-0.0016,0.0003
0.19,FLIGHT,0.9754,1.4534,1.4488,1.8061,1.4232,1.7843,0.0045,-0.1986,0.0263,0.1419,1.0838,-0.032,1.522,0.000348,-0.0013,0.0003
0.195,FLIGHT,0.9824,1.4622,1.4192,1.78,1.3918,1.7552,0.0046,-0.1979,0.0234,0.1405,1.0839,-0.0354,1.5259,0.000343,-0.001,0.0002
0.2,FLIGHT,0.9893,1.4709,1.3876,1.7507,1.3585,1.723,0.0047,-0.1972,0.0207,0.1387,1.0841,-0.0387,1.5298,0.000338,-0.0008,0.0002
0.205,FLIGHT,0.996,1.4795,1.3542,1.7183,1.3235,1.688,0.0048,-0.1965,0.0181,0.1367,1.0842,-0.0419,1.5336,0.000334,-0.0007,0.0001
0.21,FLIGHT,1.0025,1.4878,1.3191,1.6831,1.2869,1.6504,0.0049,-0.1959,0.0157,0.1344,1.0843,-0.045,1.5374,0.000331,-0.0006,0.0001
0.215,FLIGHT,1.0088,1.4959,1.2824,1.6453,1.2489,1.6103,0.0049,-0.1952,0.0133,0.1319,1.0845,-0.048,1.5411,0.000328,-0.0006,0.0001
0.22,FLIGHT,1.015,1.5039,1.2443,1.6051,1.2095,1.568,0.005,-0.1946,0.0111,0.1291,1.0846,-0.0508,1.5447,0.000325,-0.0005,0.0001
0.225,FLIGHT,1.0209,1.5116,1.2049,1.5627,1.169,1.5238,0.005,-0.1939,0.009,0.1261,1.0847,-0.0536,1.5483,0.000323,-0.0005,0.0001
0.23,FLIGHT,1.0267,1.5191,1.1643,1.5183,1.1274,1.4778,0.0051,-0.1933,0.007,0.1229,1.0847,-0.0562,1.5517,0.00032,-0.0005,0.0001
0.235,FLIGHT,1.0322,1.5264,1.1226,1.4723,1.0849,1.4303,0.0051,-0.1928,0.0051,0.1196,1.0848,-0.0587,1.5551,0.000317,-0.0005,0.0001
0.24,FLIGHT,1.0375,1.5334,1.0801,1.4247,1.0416,1.3815,0.0051,-0.1922,0.0033,0.116,1.0848,-0.0611,1.5584,0.000315,-0.0006,0.0001
0.245,FLIGHT,1.0426,1.5402,1.0367,1.3758,0.9976,1.3315,0.0051,-0.1916,0.0016,0.1123,1.0848,-0.0634,1.5617,0.000312,-0.0006,0.0001
0.25,FLIGHT,1.0475,1.5467,0.9927,1.3259,0.953,1.2807,0.0051,-0.1911,-0.0001,0.1085,1.0847,-0.0655,1.5648,0.000309,-0.0006,0.0001
0.255,FLIGHT,1.0521,1.553,0.9482,1.275,0.9081,1.2291,0.0051,-0.1906,-0.0016,0.1046,1.0846,-0.0674,1.5678,0.000306,-0.0006,0.0001
0.26,FLIGHT,1.0566,1.559,0.9032,1.2234,0.8628,1.1769,0.0051,-0.1901,-0.0031,0.1006,1.0845,-0.0693,1.5707,0.000302,-0.0007,0.0001
0.265,FLIGHT,1.0608,1.5648,0.858,1.1712,0.8175,1.1243,0.0051,-0.1896,-0.0045,0.0965,1.0843,-0.071,1.5736,0.000299,-0.0007,0.0001
0.27,FLIGHT,1.0647,1.5703,0.8127,1.1187,0.772,1.0715,0.005,-0.1892,-0.0058,0.0924,1.0841,-0.0725,1.5763,0.000295,-0.0007,0.0001
0.275,FLIGHT,1.0685,1.5755,0.7673,1.066,0.7267,1.0186,0.005,-0.1887,-0.0071,0.0882,1.0839,-0.0739,1.5789,0.000292,-0.0007,0.0001
0.28,FLIGHT,1.072,1.5805,0.722,1.0131,0.6816,0.9658,0.0049,-0.1883,-0.0083,0.084,1.0836,-0.0751,1.5814,0.000288,-0.0007,0.0001
0.285,FLIGHT,1.0753,1.5852,0.677,0.9604,0.6368,0.9132,0.0049,-0.1879,-0.0094,0.0797,1.0832,-0.0762,1.5838,0.000284,-0.0008,0.0002
0.29,FLIGHT,1.0784,1.5896,0.6322,0.9078,0.5924,0.8609,0.0048,-0.1876,-0.0105,0.0755,1.0828,-0.0772,1.5861,0.00028,-0.0008,0.0002
0.295,FLIGHT,1.0812,1.5938,0.588,0.8556,0.5485,0.809,0.0048,-0.1872,-0.0115,0.0712,1.0823,-0.078,1.5883,0.000277,-0.0008,0.0002
0.3,FLIGHT,1.0839,1.5977,0.5442,0.8038,0.5053,0.7577,0.0047,-0.1869,-0.0124,0.067,1.0818,-0.0787,1.5904,0.000273,-0.0008,0.0002
0.305,FLIGHT,1.0863,1.6013,0.5011,0.7526,0.4628,0.707,0.0047,-0.1866,-0.0133,0.0628,1.0813,-0.0793,1.5923,0.000269,-0.0008,0.0002
0.31,FLIGHT,1.0885,1.6048,0.4587,0.7021,0.4211,0.6572,0.0046,-0.1863,-0.0141,0.0586,1.0807,-0.0797,1.5942,0.000265,-0.0008,0.0002
0.315,FLIGHT,1.0905,1.6079,0.4171,0.6523,0.3802,0.6081,0.0045,-0.186,-0.0148,0.0545,1.08,-0.08,1.5959,0.000261,-0.0008,0.0002
0.32,FLIGHT,1.0923,1.6108,0.3764,0.6035,0.3404,0.5601,0.0044,-0.1858,-0.0155,0.0504,1.0793,-0.0802,1.5976,0.000257,-0.0008,0.0002
0.325,FLIGHT,1.0939,1.6135,0.3367,0.5555,0.3016,0.513,0.0043,-0.1856,-0.0161,0.0464,1.0785,-0.0802,1.5991,0.000253,-0.0008,0.0002
0.33,FLIGHT,1.0953,1.616,0.298,0.5086,0.2639,0.467,0.0043,-0.1854,-0.0167,0.0425,1.0777,-0.0802,1.6005,0.00025,-0.0007,0.0001
0.335,FLIGHT,1.0965,1.6182,0.2604,0.4628,0.2273,0.4222,0.0042,-0.1852,-0.0172,0.0387,1.0768,-0.08,1.6019,0.000246,-0.0007,0.0001
0.34,FLIGHT,1.0976,1.6202,0.224,0.4181,0.1919,0.3786,0.0041,-0.185,-0.0176,0.0349,1.0759,-0.0798,1.6031,0.000242,-0.0007,0.0001
0.345,FLIGHT,1.0985,1.622,0.1888,0.3746,0.1578,0.3363,0.004,-0.1849,-0.018,0.0313,1.0749,-0.0794,1.6042,0.000239,-0.0007,0.0001
0.35,FLIGHT,1.0992,1.6236,0.1548,0.3325,0.125,0.2953,0.0039,-0.1847,-0.0183,0.0277,1.0739,-0.079,1.6053,0.000235,-0.0007,0.0001
0.355,FLIGHT,1.0997,1.6249,0.1222,0.2916,0.0935,0.2556,0.0038,-0.1846,-0.0186,0.0243,1.0728,-0.0785,1.6062,0.000232,-0.0007,0.0001
0.36,FLIGHT,1.1001,1.6261,0.0908,0.2521,0.0633,0.2173,0.0037,-0.1845,-0.0188,0.021,1.0717,-0.0779,1.6071,0.000229,-0.0006,0.0001
0.365,FLIGHT,1.1004,1.6271,0.0608,0.214,0.0345,0.1805,0.0036,-0.1844,-0.0189,0.0178,1.0706,-0.0772,1.6079,0.000226,-0.0006,0.0001
0.37,FLIGHT,1.1005,1.6279,0.0322,0.1773,0.0071,0.1451,0.0035,-0.1844,-0.019,0.0147,1.0694,-0.0765,1.6086,0.000223,-0.0006,0.0001
0.375,FLIGHT,1.1004,1.6286,0.0049,0.1421,-0.0189,0.1112,0.0034,-0.1843,-0.0191,0.0117,1.0681,-0.0757,1.6092,0.00022,-0.0006,0.0001
0.38,FLIGHT,1.1003,1.629,-0.021,0.1083,-0.0435,0.0787,0.0033,-0.1843,-0.0191,0.0088,1.0668,-0.0749,1.6097,0.000217,-0.0006,0.0001
0.385,FLIGHT,1.1,1.6294,-0.0454,0.076,-0.0667,0.0478,0.0032,-0.1842,-0.0191,0.0061,1.0655,-0.074,1.6102,0.000214,-0.0005,0.0001
0.39,FLIGHT,1.0996,1.6295,-0.0685,0.0453,-0.0885,0.0184,0.0031,-0.1842,-0.019,0.0035,1.0641,-0.0731,1.6105,0.000211,-0.0005,0.0001
0.395,FLIGHT,1.0991,1.6295,-0.0901,0.016,-0.1089,-0.0095,0.003,-0.1842,-0.0189,0.001,1.0627,-0.0721,1.6109,0.000209,-0.0005,0.0001
0.4,FLIGHT,1.0985,1.6294,-0.1104,-0.0118,-0.128,-0.036,0.003,-0.1842,-0.0187,-0.0013,1.0613,-0.0712,1.6111,0.000206,-0.0005,0.0001
0.405,FLIGHT,1.0978,1.6292,-0.1293,-0.038,-0.1457,-0.0609,0.0029,-0.1843,-0.0185,-0.0035,1.0598,-0.0701,1.6113,0.000204,-0.0005,0.0001
0.41,FLIGHT,1.0971,1.6288,-0.1469,-0.0628,-0.162,-0.0843,0.0028,-0.1843,-0.0182,-0.0056,1.0583,-0.0691,1.6114,0.000202,-0.0004,0.0001
0.415,FLIGHT,1.0962,1.6283,-0.1631,-0.0861,-0.177,-0.1063,0.0027,-0.1843,-0.018,-0.0076,1.0568,-0.0681,1.6115,0.0002,-0.0004,0.0001
0.42,FLIGHT,1.0953,1.6278,-0.178,-0.1079,-0.1908,-0.1267,0.0026,-0.1844,-0.0177,-0.0094,1.0552,-0.067,1.6115,0.000198,-0.0004,0.0001
0.425,FLIGHT,1.0943,1.6271,-0.1916,-0.1282,-0.2032,-0.1458,0.0025,-0.1845,-0.0173,-0.0111,1.0536,-0.0659,1.6115,0.000196,-0.0004,0.0001
0.43,FLIGHT,1.0933,1.6263,-0.204,-0.1471,-0.2145,-0.1634,0.0024,-0.1845,-0.017,-0.0127,1.052,-0.0648,1.6114,0.000194,-0.0003,0.0001
0.435,FLIGHT,1.0922,1.6255,-0.2151,-0.1646,-0.2245,-0.1796,0.0023,-0.1846,-0.0166,-0.0141,1.0504,-0.0638,1.6113,0.000192,-0.0003,0.0001
0.44,FLIGHT,1.091,1.6245,-0.225,-0.1807,-0.2334,-0.1945,0.0023,-0.1847,-0.0162,-0.0155,1.0487,-0.0627,1.6111,0.000191,-0.0003,0.0001
0.445,FLIGHT,1.0898,1.6235,-0.2338,-0.1954,-0.2411,-0.208,0.0022,-0.1848,-0.0158,-0.0167,1.0471,-0.0616,1.6109,0.000189,-0.0003,0.0001
0.45,FLIGHT,1.0886,1.6224,-0.2414,-0.2088,-0.2477,-0.2202,0.0021,-0.1849,-0.0153,-0.0178,1.0454,-0.0606,1.6107,0.000188,-0.0003,0.0001
0.455,FLIGHT,1.0874,1.6213,-0.2479,-0.2209,-0.2533,-0.2311,0.002,-0.1849,-0.0149,-0.0188,1.0436,-0.0595,1.6104,0.000187,-0.0003,0.0001
0.46,FLIGHT,1.0861,1.6201,-0.2535,-0.2317,-0.2579,-0.2408,0.002,-0.185,-0.0144,-0.0197,1.0419,-0.0585,1.6101,0.000185,-0.0002,0.0
0.465,FLIGHT,1.0848,1.6189,-0.258,-0.2413,-0.2616,-0.2493,0.0019,-0.1852,-0.0139,-0.0205,1.0401,-0.0575,1.6098,0.000184,-0.0002,0.0
0.47,FLIGHT,1.0835,1.6176,-0.2615,-0.2496,-0.2643,-0.2566,0.0018,-0.1853,-0.0134,-0.0212,1.0384,-0.0565,1.6094,0.000183,-0.0002,0.0
0.475,FLIGHT,1.0821,1.6163,-0.2641,-0.2568,-0.2661,-0.2628,0.0018,-0.1854,-0.0129,-0.0218,1.0366,-0.0556,1.609,0.000182,-0.0002,0.0
0.48,FLIGHT,1.0808,1.615,-0.2659,-0.2629,-0.2671,-0.2679,0.0017,-0.1855,-0.0124,-0.0223,1.0348,-0.0546,1.6086,0.000182,-0.0002,0.0
0.485,FLIGHT,1.0795,1.6137,-0.2668,-0.268,-0.2672,-0.272,0.0016,-0.1856,-0.0119,-0.0227,1.033,-0.0537,1.6082,0.000181,-0.0001,0.0
0.49,FLIGHT,1.0781,1.6123,-0.2669,-0.272,-0.2667,-0.2751,0.0016,-0.1857,-0.0114,-0.023,1.0312,-0.0528,1.6077,0.00018,-0.0001,0.0
0.495,FLIGHT,1.0768,1.6109,-0.2663,-0.2749,-0.2654,-0.2772,0.0015,-0.1858,-0.0109,-0.0232,1.0293,-0.052,1.6073,0.000179,-0.0001,0.0
0.5,FLIGHT,1.0755,1.6095,-0.265,-0.277,-0.2635,-0.2784,0.0015,-0.1859,-0.0104,-0.0234,1.0275,-0.0512,1.6068,0.000179,-0.0001,0.0
0.505,FLIGHT,1.0742,1.6081,-0.263,-0.2781,-0.2609,-0.2788,0.0014,-0.1861,-0.0099,-0.0235,1.0256,-0.0504,1.6063,0.000178,-0.0001,0.0
0.51,FLIGHT,1.0729,1.6067,-0.2604,-0.2784,-0.2578,-0.2783,0.0014,-0.1862,-0.0094,-0.0235,1.0238,-0.0496,1.6059,0.000178,-0.0001,0.0
0.515,FLIGHT,1.0716,1.6053,-0.2572,-0.2779,-0.2541,-0.277,0.0013,-0.1863,-0.0089,-0.0234,1.0219,-0.0489,1.6054,0.000178,-0.0001,0.0
0.52,FLIGHT,1.0703,1.604,-0.2535,-0.2766,-0.25,-0.275,0.0013,-0.1864,-0.0084,-0.0233,1.0201,-0.0482,1.6049,0.000177,-0.0001,0.0
0.525,FLIGHT,1.0691,1.6026,-0.2493,-0.2745,-0.2453,-0.2724,0.0013,-0.1865,-0.008,-0.0231,1.0182,-0.0475,1.6044,0.000177,-0.0,0.0
0.53,FLIGHT,1.0679,1.6012,-0.2447,-0.2718,-0.2403,-0.269,0.0012,-0.1866,-0.0075,-0.0228,1.0163,-0.0469,1.6039,0.000177,-0.0,0.0
0.535,FLIGHT,1.0667,1.5999,-0.2396,-0.2684,-0.2349,-0.2651,0.0012,-0.1868,-0.0071,-0.0225,1.0144,-0.0463,1.6034,0.000177,-0.0,0.0
0.54,FLIGHT,1.0655,1.5986,-0.2342,-0.2645,-0.2291,-0.2607,0.0012,-0.1869,-0.0066,-0.0222,1.0125,-0.0457,1.6029,0.000177,-0.0,0.0
0.545,FLIGHT,1.0644,1.5973,-0.2284,-0.2599,-0.2231,-0.2557,0.0011,-0.187,-0.0062,-0.0218,1.0107,-0.0451,1.6024,0.000177,-0.0,0.0
0.55,FLIGHT,1.0633,1.596,-0.2223,-0.2549,-0.2167,-0.2502,0.0011,-0.1871,-0.0058,-0.0214,1.0088,-0.0446,1.6019,0.000177,0.0,0.0
0.555,FLIGHT,1.0622,1.5948,-0.216,-0.2494,-0.2102,-0.2443,0.0011,-0.1872,-0.0054,-0.0209,1.0069,-0.0442,1.6014,0.000177,0.0,0.0
0.56,FLIGHT,1.0612,1.5936,-0.2094,-0.2435,-0.2034,-0.238,0.0011,-0.1873,-0.005,-0.0204,1.005,-0.0437,1.6009,0.000177,0.0,0.0
0.565,FLIGHT,1.0602,1.5924,-0.2026,-0.2372,-0.1965,-0.2313,0.001,-0.1874,-0.0047,-0.0198,1.0031,-0.0433,1.6004,0.000177,0.0,0.0
0.57,FLIGHT,1.0592,1.5913,-0.1957,-0.2305,-0.1894,-0.2244,0.001,-0.1875,-0.0043,-0.0193,1.0012,-0.043,1.5999,0.000177,0.0,0.0
0.575,FLIGHT,1.0583,1.5902,-0.1886,-0.2235,-0.1822,-0.2171,0.001,-0.1876,-0.004,-0.0187,0.9993,-0.0426,1.5995,0.000177,0.0,0.0
0.58,STANCE,1.0572,1.5913,-0.2158,0.1624,-0.3054,0.8403,0.0006,-0.1875,-0.0632,0.0133,0.9983,0.0105,-0.4246,3.5e-05,-0.035,0.007
0.585,STANCE,1.0564,1.5949,-0.1632,0.5152,0.01,0.5125,-0.0,-0.1872,-0.1026,0.0431,0.9984,-0.2479,-1.1302,-5.2e-05,-0.0037,0.0008
0.59,STANCE,1.0575,1.5962,0.1142,0.3157,0.4236,0.0017,-0.0,-0.1871,-0.0228,0.0264,0.9986,-0.7152,-1.5848,-4.4e-05,0.0074,0.0
0.595,STANCE,1.0606,1.5949,0.4865,-0.1063,0.827,-0.5219,0.0008,-0.1872,0.106,-0.0084,0.9988,-1.2731,-1.838,1.5e-05,0.0134,0.0
0.6,STANCE,1.0649,1.5899,0.7265,-0.7731,0.8731,-1.3147,0.0023,-0.1876,0.2453,-0.0615,0.9988,-1.7738,-1.8181,7e-05,-0.0022,0.0004
0.605,STANCE,1.0694,1.5835,0.8405,-1.1382,0.8201,-1.581,0.004,-0.1881,0.3196,-0.0879,0.9988,-2.1492,-1.7368,4.3e-05,-0.003,0.0006
0.61,STANCE,1.0742,1.5747,0.9301,-1.6057,1.046,-2.0587,0.0062,-0.1888,0.4052,-0.1198,0.9988,-2.4,-1.4246,-3e-06,-0.0164,0.0033
0.615,STANCE,1.0797,1.5637,1.0368,-2.0274,1.0612,-2.3491,0.0088,-0.1896,0.4891,-0.1447,0.9989,-2.51,-0.966,-6.3e-05,-0.0014,0.0003
0.62,STANCE,1.0847,1.5518,0.9848,-2.2744,0.9125,-2.3378,0.0115,-0.1904,0.5185,-0.1557,0.999,-2.3699,-0.4754,-5.3e-05,-0.0023,0.0005
0.625,STANCE,1.088,1.5396,0.7418,-2.3941,0.4224,-2.5164,0.0139,-0.1912,0.493,-0.16,0.9991,-1.9645,0.0038,3e-05,0.0102,0.0
0.63,STANCE,1.0894,1.5274,0.4161,-2.4264,0.1115,-2.4484,0.016,-0.1921,0.4381,-0.1611,0.9992,-1.3832,0.4351,7.8e-05,0.0119,0.0
0.635,STANCE,1.0894,1.5152,0.1231,-2.4267,-0.069,-2.3897,0.0178,-0.1929,0.384,-0.1612,0.9994,-0.7632,0.7957,0.000148,0.0154,0.0
0.64,STANCE,1.0888,1.5031,-0.0526,-2.4303,-0.1345,-2.4259,0.0194,-0.1937,0.3525,-0.1605,0.9996,-0.267,1.0564,0.000224,0.014,0.0
0.645,FLIGHT,1.0881,1.4907,-0.1019,-2.4661,-0.1343,-2.5581,0.0212,-0.1945,0.3501,-0.1597,0.9997,-1.2846,2.5997,0.000283,0.0097,0.0
0.65,FLIGHT,1.0862,1.4799,-0.342,-2.1919,-0.8152,-1.5709,0.0224,-0.1953,0.2632,-0.1448,1.0,-1.2904,2.5956,0.000342,0.0121,0.0
0.655,FLIGHT,1.0799,1.4749,-1.0064,-1.3275,-1.6665,-0.4711,0.0219,-0.1957,0.0028,-0.1053,1.0006,-1.0853,2.4195,0.000397,0.0097,0.0
0.66,FLIGHT,1.0698,1.4748,-1.7239,-0.3928,-2.3241,0.3951,0.02,-0.1959,-0.2789,-0.0597,1.0015,-0.803,2.1834,0.000437,0.0065,0.0
0.665,FLIGHT,1.0571,1.4784,-2.3101,0.3886,-2.7521,0.9911,0.0169,-0.1959,-0.5104,-0.0132,1.0025,-0.5218,1.9507,0.000461,0.003,0.0
0.67,FLIGHT,1.0427,1.4843,-2.7031,0.9439,-2.9656,1.3368,0.0132,-0.1958,-0.6682,0.03,1.0037,-0.2778,1.7502,0.000468,-0.0002,0.0
0.675,FLIGHT,1.0277,1.4914,-2.9025,1.2734,-3.0013,1.4758,0.0093,-0.1954,-0.7528,0.0659,1.0049,-0.0837,1.5923,0.00046,-0.003,0.0006
0.68,FLIGHT,1.0129,1.4988,-2.9357,1.4099,-2.9019,1.4585,0.0053,-0.195,-0.7756,0.0917,1.0061,0.0601,1.4773,0.000439,-0.0051,0.001
0.685,FLIGHT,0.9988,1.5058,-2.84,1.3975,-2.7077,1.3329,0.0016,-0.1945,-0.7514,0.1061,1.0073,0.159,1.4006,0.00041,-0.0066,0.0013
0.69,FLIGHT,0.9859,1.512,-2.6524,1.2801,-2.4536,1.1401,-0.0018,-0.194,-0.695,0.1096,1.0085,0.2203,1.3558,0.000374,-0.0074,0.0015
0.695,FLIGHT,0.9744,1.5172,-2.4062,1.0969,-2.1678,0.9133,-0.0048,-0.1935,-0.6187,0.1039,1.0096,0.252,1.3359,0.000336,-0.0077,0.0015
0.7,FLIGHT,0.9643,1.5211,-2.1283,0.8798,-1.8719,0.6779,-0.0073,-0.1931,-0.5327,0.0913,1.0107,0.2614,1.3346,0.000298,-0.0076,0.0015
0.705,FLIGHT,0.9556,1.524,-1.8397,0.6533,-1.5815,0.4521,-0.0093,-0.1928,-0.4444,0.0745,1.0117,0.2547,1.3462,0.000261,-0.0071,0.0014
0.71,FLIGHT,0.9484,1.5257,-1.5559,0.4353,-1.3074,0.2477,-0.011,-0.1926,-0.3591,0.0558,1.0127,0.237,1.3661,0.000227,-0.0064,0.0013
0.715,FLIGHT,0.9425,1.5265,-1.2876,0.2376,-1.0564,0.0721,-0.0122,-0.1924,-0.2801,0.0371,1.0136,0.2126,1.3907,0.000197,-0.0056,0.0011
0.72,FLIGHT,0.9378,1.5265,-1.0414,0.0674,-0.8321,-0.0715,-0.0131,-0.1924,-0.2095,0.0198,1.0144,0.1847,1.4171,0.000171,-0.0047,0.0009
0.725,FLIGHT,0.9342,1.5258,-0.821,-0.0719,-0.6358,-0.1825,-0.0137,-0.1924,-0.1482,0.0047,1.0152,0.1557,1.4434,0.000151,-0.0037,0.0007
0.73,FLIGHT,0.9314,1.5247,-0.6279,-0.1797,-0.4671,-0.2624,-0.0141,-0.1924,-0.0965,-0.0075,1.016,0.1272,1.4681,0.000134,-0.0028,0.0006
0.735,FLIGHT,0.9294,1.5232,-0.4616,-0.2573,-0.3243,-0.3139,-0.0143,-0.1925,-0.0541,-0.0169,1.0167,0.1007,1.4905,0.000122,-0.002,0.0004
0.74,FLIGHT,0.9281,1.5216,-0.3207,-0.3072,-0.2052,-0.3404,-0.0143,-0.1927,-0.0203,-0.0234,1.0174,0.0766,1.5099,0.000115,-0.0012,0.0002
0.745,FLIGHT,0.9273,1.5199,-0.2029,-0.3328,-0.1071,-0.3459,-0.0142,-0.1928,0.0059,-0.0274,1.0182,0.0555,1.5264,0.00011,-0.0006,0.0001
0.75,FLIGHT,0.927,1.5182,-0.1057,-0.3377,-0.0269,-0.334,-0.0141,-0.193,0.0253,-0.0292,1.0189,0.0375,1.5398,0.000109,-0.0,0.0
0.755,FLIGHT,0.9271,1.5166,-0.0262,-0.3258,0.038,-0.3087,-0.0138,-0.1931,0.0391,-0.0292,1.0195,0.0225,1.5504,0.00011,0.0004,0.0
0.76,FLIGHT,0.9274,1.5151,0.0384,-0.3006,0.0904,-0.2731,-0.0136,-0.1933,0.0482,-0.0277,1.0202,0.0103,1.5586,0.000113,0.0008,0.0
0.765,FLIGHT,0.9279,1.5138,0.0907,-0.2655,0.1327,-0.2304,-0.0133,-0.1934,0.0536,-0.0251,1.0209,0.0006,1.5645,0.000118,0.001,0.0
0.77,FLIGHT,0.9287,1.5128,0.1329,-0.2232,0.1669,-0.183,-0.013,-0.1935,0.0561,-0.0218,1.0216,-0.007,1.5687,0.000123,0.0012,0.0
0.775,FLIGHT,0.9296,1.512,0.1672,-0.1764,0.195,-0.1331,-0.0127,-0.1936,0.0564,-0.0179,1.0223,-0.0127,1.5713,0.000129,0.0013,0.0
0.78,FLIGHT,0.9306,1.5115,0.1954,-0.1272,0.2183,-0.0825,-0.0125,-0.1936,0.0552,-0.0138,1.0229,-0.0169,1.5728,0.000136,0.0013,0.0
0.785,FLIGHT,0.9318,1.5112,0.2188,-0.0771,0.2381,-0.0324,-0.0122,-0.1937,0.0529,-0.0096,1.0236,-0.0199,1.5734,0.000143,0.0013,0.0
0.79,FLIGHT,0.933,1.5112,0.2387,-0.0276,0.2552,0.0162,-0.012,-0.1937,0.05,-0.0053,1.0243,-0.022,1.5733,0.000149,0.0013,0.0
0.795,FLIGHT,0.9343,1.5114,0.256,0.0203,0.2705,0.0624,-0.0117,-0.1937,0.0468,-0.0012,1.0249,-0.0234,1.5729,0.000156,0.0013,0.0
0.8,FLIGHT,0.9357,1.5118,0.2713,0.066,0.2843,0.1058,-0.0115,-0.1937,0.0435,0.0027,1.0256,-0.0244,1.5722,0.000162,0.0012,0.0
0.805,FLIGHT,0.9372,1.5124,0.2852,0.109,0.2971,0.1461,-0.0113,-0.1936,0.0403,0.0064,1.0263,-0.0251,1.5713,0.000168,0.0011,0.0
0.81,FLIGHT,0.9387,1.5132,0.298,0.1489,0.309,0.1832,-0.0111,-0.1936,0.0373,0.0099,1.0269,-0.0256,1.5705,0.000173,0.001,0.0
0.815,FLIGHT,0.9403,1.5142,0.3099,0.1856,0.3202,0.2171,-0.011,-0.1935,0.0345,0.013,1.0275,-0.026,1.5697,0.000178,0.001,0.0
0.82,FLIGHT,0.9419,1.5154,0.321,0.2191,0.3307,0.2477,-0.0108,-0.1934,0.0321,0.0159,1.0282,-0.0264,1.569,0.000183,0.0009,0.0
0.825,FLIGHT,0.9436,1.5167,0.3315,0.2495,0.3406,0.2752,-0.0107,-0.1933,0.0299,0.0185,1.0288,-0.0269,1.5684,0.000187,0.0008,0.0
0.83,FLIGHT,0.9453,1.5181,0.3413,0.2767,0.3497,0.2998,-0.0105,-0.1932,0.028,0.0209,1.0294,-0.0275,1.568,0.000191,0.0007,0.0
0.835,FLIGHT,0.9471,1.5197,0.3504,0.301,0.3582,0.3215,-0.0104,-0.1931,0.0264,0.0229,1.03,-0.0282,1.5678,0.000194,0.0007,0.0
0.84,FLIGHT,0.9489,1.5214,0.3587,0.3226,0.3658,0.3407,-0.0103,-0.193,0.025,0.0248,1.0306,-0.0289,1.5677,0.000197,0.0006,0.0
0.845,FLIGHT,0.9507,1.5231,0.3662,0.3415,0.3726,0.3574,-0.0102,-0.1928,0.0238,0.0264,1.0311,-0.0298,1.5678,0.0002,0.0005,0.0
0.85,FLIGHT,0.9526,1.5249,0.3729,0.3581,0.3784,0.3719,-0.0101,-0.1927,0.0228,0.0279,1.0317,-0.0307,1.5681,0.000203,0.0005,0.0
0.855,FLIGHT,0.9545,1.5268,0.3786,0.3724,0.3834,0.3843,-0.0099,-0.1925,0.0219,0.0291,1.0322,-0.0318,1.5684,0.000205,0.0005,0.0
0.86,FLIGHT,0.9564,1.5288,0.3834,0.3846,0.3873,0.3947,-0.0098,-0.1924,0.0211,0.0302,1.0327,-0.0329,1.5689,0.000207,0.0004,0.0
0.865,FLIGHT,0.9584,1.5308,0.3873,0.3949,0.3903,0.4033,-0.0097,-0.1922,0.0203,0.0311,1.0332,-0.034,1.5695,0.000209,0.0004,0.0
0.87,FLIGHT,0.9603,1.5328,0.3901,0.4035,0.3922,0.4103,-0.0096,-0.1921,0.0196,0.0319,1.0337,-0.0352,1.5701,0.000211,0.0003,0.0
0.875,FLIGHT,0.9623,1.5349,0.392,0.4103,0.3932,0.4157,-0.0096,-0.1919,0.019,0.0325,1.0342,-0.0364,1.5708,0.000213,0.0003,0.0
0.88,FLIGHT,0.9643,1.5369,0.3928,0.4156,0.3932,0.4196,-0.0095,-0.1917,0.0184,0.033,1.0346,-0.0377,1.5716,0.000214,0.0003,0.0
0.885,FLIGHT,0.9662,1.5391,0.3927,0.4194,0.3922,0.4222,-0.0094,-0.1916,0.0178,0.0334,1.035,-0.0389,1.5724,0.000216,0.0003,0.0
0.89,FLIGHT,0.9682,1.5412,0.3917,0.4219,0.3903,0.4235,-0.0093,-0.1914,0.0172,0.0336,1.0355,-0.0401,1.5732,0.000217,0.0002,0.0
0.895,FLIGHT,0.9701,1.5433,0.3897,0.4231,0.3875,0.4236,-0.0092,-0.1912,0.0166,0.0338,1.0358,-0.0413,1.5741,0.000218,0.0002,0.0
0.9,FLIGHT,0.972,1.5454,0.3868,0.4231,0.3838,0.4226,-0.0091,-0.1911,0.016,0.0339,1.0362,-0.0425,1.5749,0.000219,0.0002,0.0
0.905,FLIGHT,0.974,1.5475,0.3831,0.422,0.3793,0.4205,-0.0091,-0.1909,0.0153,0.0339,1.0365,-0.0437,1.5758,0.00022,0.0002,0.0
0.91,FLIGHT,0.9758,1.5496,0.3785,0.4198,0.3741,0.4174,-0.009,-0.1907,0.0147,0.0337,1.0369,-0.0448,1.5767,0.000221,0.0002,0.0
0.915,FLIGHT,0.9777,1.5517,0.3732,0.4166,0.3682,0.4133,-0.0089,-0.1905,0.0141,0.0336,1.0372,-0.0459,1.5776,0.000221,0.0001,0.0
0.92,FLIGHT,0.9795,1.5537,0.3672,0.4125,0.3615,0.4084,-0.0088,-0.1904,0.0134,0.0333,1.0374,-0.0469,1.5785,0.000222,0.0001,0.0
0.925,FLIGHT,0.9813,1.5558,0.3606,0.4075,0.3543,0.4027,-0.0088,-0.1902,0.0128,0.0329,1.0377,-0.0479,1.5794,0.000223,0.0001,0.0
0.93,FLIGHT,0.9831,1.5578,0.3533,0.4017,0.3465,0.3962,-0.0087,-0.1901,0.0122,0.0325,1.0379,-0.0489,1.5803,0.000223,0.0001,0.0
0.935,FLIGHT,0.9848,1.5597,0.3455,0.3952,0.3382,0.389,-0.0087,-0.1899,0.0115,0.032,1.0381,-0.0498,1.5811,0.000223,0.0001,0.0
0.94,FLIGHT,0.9864,1.5617,0.3371,0.3879,0.3294,0.3811,-0.0086,-0.1897,0.0109,0.0315,1.0383,-0.0506,1.582,0.000224,0.0,0.0
0.945,FLIGHT,0.9881,1.5635,0.3283,0.38,0.3203,0.3726,-0.0086,-0.1896,0.0103,0.0309,1.0384,-0.0515,1.5828,0.000224,0.0,0.0
0.95,FLIGHT,0.9896,1.5654,0.3191,0.3714,0.3107,0.3635,-0.0085,-0.1894,0.0097,0.0303,1.0386,-0.0522,1.5836,0.000224,0.0,0.0
0.955,FLIGHT,0.9912,1.5672,0.3096,0.3624,0.3008,0.354,-0.0085,-0.1893,0.0091,0.0296,1.0387,-0.053,1.5844,0.000224,0.0,0.0
0.96,FLIGHT,0.9927,1.5689,0.2997,0.3528,0.2907,0.344,-0.0084,-0.1892,0.0085,0.0288,1.0387,-0.0537,1.5852,0.000224,-0.0,0.0
0.965,FLIGHT,0.9941,1.5706,0.2895,0.3427,0.2803,0.3335,-0.0084,-0.189,0.0079,0.028,1.0388,-0.0543,1.586,0.000224,-0.0,0.0
0.97,FLIGHT,0.9955,1.5723,0.2791,0.3323,0.2697,0.3228,-0.0084,-0.1889,0.0073,0.0272,1.0388,-0.0549,1.5868,0.000224,-0.0,0.0
0.975,FLIGHT,0.9968,1.5738,0.2685,0.3215,0.259,0.3117,-0.0083,-0.1887,0.0068,0.0264,1.0388,-0.0555,1.5875,0.000224,-0.0,0.0
0.98,FLIGHT,0.998,1.5754,0.2578,0.3104,0.2481,0.3003,-0.0083,-0.1886,0.0062,0.0255,1.0387,-0.056,1.5882,0.000223,-0.0001,0.0
0.985,FLIGHT,0.9993,1.5768,0.247,0.299,0.2372,0.2887,-0.0083,-0.1885,0.0057,0.0246,1.0387,-0.0565,1.5889,0.000223,-0.0001,0.0
0.99,FLIGHT,1.0004,1.5783,0.236,0.2874,0.2262,0.2769,-0.0082,-0.1884,0.0052,0.0236,1.0386,-0.0569,1.5896,0.000223,-0.0001,0.0
0.995,FLIGHT,1.0015,1.5796,0.2251,0.2756,0.2152,0.265,-0.0082,-0.1883,0.0047,0.0227,1.0384,-0.0573,1.5902,0.000222,-0.0001,0.0
1.0,FLIGHT,1.0026,1.5809,0.2141,0.2637,0.2042,0.253,-0.0082,-0.1882,0.0043,0.0217,1.0383,-0.0577,1.5908,0.000222,-0.0001,0.0
1.005,FLIGHT,1.0036,1.5821,0.2031,0.2517,0.1933,0.2409,-0.0082,-0.1881,0.0038,0.0208,1.0381,-0.058,1.5914,0.000221,-0.0001,0.0
1.01,FLIGHT,1.0045,1.5833,0.1922,0.2396,0.1824,0.2288,-0.0082,-0.188,0.0034,0.0198,1.0379,-0.0583,1.592,0.000221,-0.0001,0.0
1.015,FLIGHT,1.0054,1.5844,0.1813,0.2275,0.1717,0.2167,-0.0081,-0.1879,0.003,0.0188,1.0377,-0.0585,1.5926,0.00022,-0.0001,0.0
1.02,FLIGHT,1.0062,1.5855,0.1706,0.2154,0.161,0.2046,-0.0081,-0.1878,0.0026,0.0178,1.0374,-0.0588,1.5931,0.00022,-0.0001,0.0
1.025,FLIGHT,1.007,1.5865,0.16,0.2034,0.1505,0.1926,-0.0081,-0.1877,0.0023,0.0169,1.0371,-0.059,1.5936,0.000219,-0.0001,0.0
1.03,FLIGHT,1.0077,1.5874,0.1495,0.1914,0.1402,0.1807,-0.0081,-0.1876,0.0019,0.0159,1.0368,-0.0591,1.5941,0.000219,-0.0001,0.0
1.035,FLIGHT,1.0084,1.5883,0.1392,0.1795,0.1301,0.1689,-0.0081,-0.1876,0.0016,0.0149,1.0365,-0.0593,1.5946,0.000218,-0.0001,0.0
1.04,FLIGHT,1.009,1.5891,0.1291,0.1678,0.1201,0.1573,-0.0081,-0.1875,0.0013,0.0139,1.0361,-0.0594,1.595,0.000217,-0.0001,0.0
1.045,FLIGHT,1.0096,1.5899,0.1192,0.1562,0.1104,0.1459,-0.0081,-0.1874,0.001,0.013,1.0357,-0.0594,1.5954,0.000217,-0.0001,0.0
1.05,FLIGHT,1.0101,1.5906,0.1095,0.1448,0.101,0.1347,-0.0081,-0.1874,0.0008,0.0121,1.0353,-0.0595,1.5958,0.000216,-0.0001,0.0
1.055,FLIGHT,1.0106,1.5912,0.1001,0.1336,0.0917,0.1236,-0.0081,-0.1873,0.0005,0.0111,1.0348,-0.0595,1.5962,0.000216,-0.0001,0.0
1.06,FLIGHT,1.011,1.5918,0.0909,0.1226,0.0828,0.1129,-0.0081,-0.1873,0.0003,0.0102,1.0344,-0.0595,1.5965,0.000215,-0.0001,0.0
1.065,FLIGHT,1.0114,1.5923,0.082,0.1119,0.0741,0.1024,-0.0081,-0.1872,0.0001,0.0093,1.0339,-0.0595,1.5968,0.000214,-0.0001,0.0
1.07,FLIGHT,1.0118,1.5928,0.0733,0.1014,0.0657,0.0921,-0.0081,-0.1872,-0.0001,0.0085,1.0333,-0.0594,1.5971,0.000214,-0.0001,0.0
1.075,FLIGHT,1.0121,1.5932,0.065,0.0912,0.0576,0.0822,-0.0081,-0.1871,-0.0003,0.0076,1.0328,-0.0593,1.5974,0.000213,-0.0001,0.0
1.08,FLIGHT,1.0124,1.5936,0.0569,0.0813,0.0498,0.0725,-0.0081,-0.1871,-0.0004,0.0068,1.0322,-0.0593,1.5977,0.000212,-0.0001,0.0
1.085,FLIGHT,1.0126,1.594,0.0492,0.0716,0.0423,0.0632,-0.0081,-0.1871,-0.0006,0.006,1.0316,-0.0592,1.5979,0.000212,-0.0001,0.0
1.09,FLIGHT,1.0128,1.5943,0.0417,0.0623,0.0352,0.0541,-0.0081,-0.1871,-0.0007,0.0052,1.031,-0.059,1.5981,0.000211,-0.0001,0.0
1.095,FLIGHT,1.013,1.5945,0.0346,0.0533,0.0283,0.0454,-0.0081,-0.187,-0.0008,0.0045,1.0304,-0.0589,1.5983,0.000211,-0.0001,0.0
1.1,FLIGHT,1.0131,1.5947,0.0277,0.0447,0.0218,0.0371,-0.0081,-0.187,-0.0009,0.0038,1.0297,-0.0588,1.5985,0.00021,-0.0001,0.0
1.105,FLIGHT,1.0132,1.5949,0.0212,0.0364,0.0156,0.0291,-0.0081,-0.187,-0.001,0.0031,1.029,-0.0586,1.5987,0.00021,-0.0001,0.0
1.11,FLIGHT,1.0132,1.595,0.0151,0.0284,0.0097,0.0214,-0.0081,-0.187,-0.0011,0.0024,1.0283,-0.0584,1.5988,0.000209,-0.0001,0.0
1.115,FLIGHT,1.0133,1.5951,0.0092,0.0208,0.0041,0.0141,-0.0081,-0.187,-0.0011,0.0018,1.0275,-0.0582,1.5989,0.000208,-0.0001,0.0
1.12,FLIGHT,1.0133,1.5952,0.0036,0.0135,-0.0012,0.0071,-0.0081,-0.187,-0.0012,0.0012,1.0268,-0.0581,1.5991,0.000208,-0.0001,0.0
1.125,FLIGHT,1.0133,1.5952,-0.0016,0.0066,-0.0061,0.0005,-0.0081,-0.187,-0.0012,0.0006,1.026,-0.0579,1.5991,0.000208,-0.0001,0.0
1.13,FLIGHT,1.0132,1.5952,-0.0065,0.0,-0.0107,-0.0057,-0.0081,-0.187,-0.0012,0.0001,1.0252,-0.0577,1.5992,0.000207,-0.0001,0.0
1.135,FLIGHT,1.0131,1.5951,-0.0111,-0.0062,-0.0151,-0.0116,-0.0081,-0.187,-0.0012,-0.0005,1.0244,-0.0574,1.5993,0.000207,-0.0001,0.0
1.14,FLIGHT,1.0131,1.595,-0.0154,-0.0121,-0.0191,-0.0172,-0.0082,-0.187,-0.0012,-0.001,1.0235,-0.0572,1.5993,0.000206,-0.0001,0.0
1.145,FLIGHT,1.013,1.5949,-0.0194,-0.0176,-0.0228,-0.0223,-0.0082,-0.187,-0.0012,-0.0014,1.0227,-0.057,1.5994,0.000206,-0.0001,0.0
1.15,FLIGHT,1.0128,1.5948,-0.023,-0.0227,-0.0262,-0.0272,-0.0082,-0.187,-0.0012,-0.0018,1.0218,-0.0568,1.5994,0.000205,-0.0001,0.0
1.155,FLIGHT,1.0127,1.5947,-0.0264,-0.0275,-0.0294,-0.0317,-0.0082,-0.187,-0.0012,-0.0023,1.0209,-0.0566,1.5994,0.000205,-0.0001,0.0
1.16,FLIGHT,1.0125,1.5945,-0.0296,-0.032,-0.0322,-0.0359,-0.0082,-0.187,-0.0012,-0.0026,1.02,-0.0563,1.5994,0.000205,-0.0001,0.0
1.165,FLIGHT,1.0124,1.5943,-0.0324,-0.0362,-0.0348,-0.0397,-0.0082,-0.187,-0.0011,-0.003,1.0191,-0.0561,1.5994,0.000204,-0.0001,0.0
1.17,FLIGHT,1.0122,1.5941,-0.0349,-0.04,-0.0371,-0.0432,-0.0082,-0.1871,-0.0011,-0.0033,1.0181,-0.0559,1.5994,0.000204,-0.0001,0.0
1.175,FLIGHT,1.012,1.5939,-0.0372,-0.0435,-0.0392,-0.0464,-0.0082,-0.1871,-0.001,-0.0036,1.0171,-0.0557,1.5993,0.000204,-0.0001,0.0
1.18,FLIGHT,1.0118,1.5936,-0.0393,-0.0466,-0.041,-0.0493,-0.0082,-0.1871,-0.001,-0.0039,1.0162,-0.0555,1.5993,0.000203,-0.0001,0.0
1.185,FLIGHT,1.0116,1.5934,-0.0411,-0.0495,-0.0426,-0.0519,-0.0082,-0.1871,-0.0009,-0.0041,1.0152,-0.0552,1.5993,0.000203,-0.0,0.0
1.19,FLIGHT,1.0114,1.5931,-0.0426,-0.0521,-0.0439,-0.0542,-0.0082,-0.1871,-0.0009,-0.0043,1.0141,-0.055,1.5992,0.000203,-0.0,0.0
1.195,FLIGHT,1.0112,1.5929,-0.0439,-0.0543,-0.045,-0.0562,-0.0082,-0.1872,-0.0008,-0.0045,1.0131,-0.0548,1.5991,0.000203,-0.0,0.0
1.2,FLIGHT,1.0109,1.5926,-0.045,-0.0563,-0.0459,-0.058,-0.0082,-0.1872,-0.0008,-0.0047,1.0121,-0.0546,1.5991,0.000203,-0.0,0.0
1.205,FLIGHT,1.0107,1.5923,-0.0459,-0.058,-0.0466,-0.0595,-0.0082,-0.1872,-0.0007,-0.0048,1.011,-0.0544,1.599,0.000202,-0.0,0.0
1.21,FLIGHT,1.0105,1.592,-0.0466,-0.0595,-0.0471,-0.0607,-0.0082,-0.1872,-0.0006,-0.0049,1.0099,-0.0542,1.5989,0.000202,-0.0,0.0
1.215,FLIGHT,1.0102,1.5917,-0.0471,-0.0607,-0.0475,-0.0616,-0.0082,-0.1873,-0.0006,-0.005,1.0088,-0.054,1.5988,0.000202,-0.0,0.0
1.22,FLIGHT,1.01,1.5914,-0.0474,-0.0616,-0.0476,-0.0624,-0.0082,-0.1873,-0.0005,-0.0051,1.0077,-0.0538,1.5988,0.000202,-0.0,0.0
1.225,FLIGHT,1.0097,1.591,-0.0476,-0.0623,-0.0476,-0.0629,-0.0082,-0.1873,-0.0004,-0.0052,1.0066,-0.0537,1.5987,0.000202,-0.0,0.0
1.23,FLIGHT,1.0095,1.5907,-0.0475,-0.0628,-0.0475,-0.0632,-0.0082,-0.1873,-0.0003,-0.0052,1.0055,-0.0535,1.5986,0.000202,-0.0,0.0
1.235,FLIGHT,1.0093,1.5904,-0.0474,-0.0631,-0.0472,-0.0633,-0.0082,-0.1874,-0.0003,-0.0053,1.0043,-0.0533,1.5985,0.000202,-0.0,0.0
1.24,FLIGHT,1.009,1.5901,-0.0471,-0.0632,-0.0467,-0.0632,-0.0082,-0.1874,-0.0002,-0.0053,1.0032,-0.0532,1.5984,0.000202,-0.0,0.0
1.245,FLIGHT,1.0088,1.5898,-0.0466,-0.0631,-0.0461,-0.0629,-0.0082,-0.1874,-0.0001,-0.0053,1.002,-0.053,1.5983,0.000202,-0.0,0.0
1.25,FLIGHT,1.0086,1.5895,-0.046,-0.0628,-0.0455,-0.0624,-0.0082,-0.1875,-0.0001,-0.0052,1.0008,-0.0529,1.5982,0.000202,-0.0,0.0
1.255,FLIGHT,1.0084,1.5892,-0.0453,-0.0623,-0.0447,-0.0618,-0.0082,-0.1875,-0.0,-0.0052,0.9996,-0.0527,1.5981,0.000202,0.0,0.0
1.26,STANCE,1.0094,1.5899,0.1721,0.0975,0.6613,0.1772,-0.0081,-0.1874,0.019,0.0073,0.9987,0.0114,-0.4227,-0.000527,-0.3197,0.0645
1.265,STANCE,1.013,1.5898,0.5079,0.0216,0.3084,0.041,-0.0075,-0.1875,0.0923,-0.0019,0.9983,-0.3122,-0.9937,-0.001969,-0.1277,0.0275
1.27,STANCE,1.0139,1.5901,0.2753,0.0487,0.1796,0.0066,-0.0073,-0.1874,0.0449,0.0023,0.9983,-0.5075,-1.5904,-0.002197,0.0033,0.0022
1.275,STANCE,1.0156,1.5892,0.3436,-0.1334,0.5411,-0.4143,-0.0069,-0.1875,0.0827,-0.0142,0.9985,-0.8669,-2.0014,-0.002076,0.0386,0.0021
1.28,STANCE,1.0189,1.5845,0.566,-0.7578,0.7992,-1.346,-0.0056,-0.188,0.2107,-0.0694,0.9985,-1.2987,-2.0496,-0.00173,0.0891,0.0017
1.285,STANCE,1.0243,1.5766,0.9376,-1.3748,1.2376,-2.2664,-0.0035,-0.1887,0.3677,-0.1209,0.9986,-1.7643,-1.8765,-0.001563,0.0047,0.0016
1.29,STANCE,1.0317,1.5643,1.3079,-2.1315,1.3725,-2.9609,-0.0004,-0.1897,0.5475,-0.177,0.9985,-2.1715,-1.407,-0.00178,-0.0094,0.0037
1.295,STANCE,1.0383,1.5511,1.3035,-2.4873,1.2741,-2.7504,0.0027,-0.1908,0.602,-0.1954,0.9985,-2.2787,-0.9367,-0.001831,-0.0208,0.006
1.3,STANCE,1.0442,1.5366,1.2074,-2.7718,1.1596,-2.8501,0.0059,-0.1919,0.6298,-0.2065,0.9986,-2.1755,-0.3813,-0.001931,-0.0408,0.0101
1.305,STANCE,1.0486,1.5216,0.9761,-2.9278,0.7103,-3.0035,0.0089,-0.193,0.6133,-0.2087,0.9987,-1.8361,0.1674,-0.001947,0.013,0.0019
1.31,STANCE,1.0514,1.507,0.6714,-2.9152,0.3442,-2.9081,0.0116,-0.194,0.557,-0.2013,0.9988,-1.3187,0.6283,-0.001837,0.0458,0.0018
1.315,STANCE,1.0527,1.4932,0.381,-2.8037,0.2069,-2.6138,0.0139,-0.195,0.4877,-0.1896,0.9991,-0.7422,0.9782,-0.001621,0.0373,0.0016
1.32,STANCE,1.0531,1.48,0.1647,-2.6942,0.0139,-2.6187,0.0159,-0.1959,0.432,-0.1792,0.9993,-0.2562,1.214,-0.001312,0.0692,0.0013
1.325,STANCE,1.0531,1.467,0.0655,-2.6173,0.0111,-2.5854,0.0179,-0.1968,0.4035,-0.1704,0.9997,-0.0411,1.3063,-0.00096,0.0771,0.001
1.33,FLIGHT,1.0523,1.4552,-0.1347,-2.3962,-0.5952,-1.8252,0.0195,-0.1975,0.3327,-0.1558,1.0001,-1.4124,2.6777,-0.000475,0.1308,0.0005
1.335,FLIGHT,1.0469,1.4492,-0.8288,-1.52,-1.5415,-0.6085,0.0193,-0.198,0.0639,-0.113,1.0008,-1.2107,2.5051,0.000299,0.1459,0.0
1.34,FLIGHT,1.0372,1.4487,-1.6156,-0.5021,-2.2827,0.3717,0.0175,-0.1982,-0.2453,-0.0609,1.0018,-0.908,2.2537,0.000872,0.086,0.0
1.345,FLIGHT,1.0245,1.4524,-2.2743,0.3748,-2.777,1.059,0.0144,-0.1982,-0.5063,-0.0073,1.003,-0.5984,1.9995,0.001189,0.0435,0.0
1.35,FLIGHT,1.0099,1.4588,-2.7272,1.0123,-3.0354,1.4696,0.0105,-0.1979,-0.6885,0.0429,1.0044,-0.3268,1.7779,0.001331,0.0151,0.0
1.355,FLIGHT,0.9945,1.4667,-2.9682,1.4027,-3.0961,1.6497,0.0063,-0.1975,-0.7898,0.0852,1.0058,-0.1094,1.6021,0.001357,-0.0032,0.0006
1.36,FLIGHT,0.9791,1.475,-3.0252,1.5787,-3.0053,1.6539,0.0021,-0.1969,-0.8221,0.1161,1.0072,0.0521,1.4734,0.001311,-0.0145,0.0029
1.365,FLIGHT,0.9646,1.4831,-2.9381,1.5876,-2.8079,1.5353,-0.0019,-0.1963,-0.8015,0.1338,1.0086,0.1633,1.3871,0.001221,-0.0208,0.0042
1.37,FLIGHT,0.9512,1.4903,-2.7479,1.4778,-2.5427,1.3396,-0.0055,-0.1956,-0.7444,0.1389,1.01,0.2326,1.3361,0.001108,-0.0238,0.0048
1.375,FLIGHT,0.9392,1.4964,-2.4913,1.2925,-2.2411,1.1039,-0.0087,-0.195,-0.6647,0.1331,1.0114,0.2688,1.3129,0.000986,-0.0246,0.0049
1.38,FLIGHT,0.9288,1.5013,-2.1983,1.0672,-1.927,0.8562,-0.0114,-0.1945,-0.5738,0.1194,1.0126,0.2802,1.3103,0.000865,-0.0238,0.0048
1.385,FLIGHT,0.9199,1.505,-1.8924,0.8293,-1.618,0.6169,-0.0136,-0.1941,-0.48,0.1005,1.0138,0.2737,1.322,0.00075,-0.0222,0.0044
1.39,FLIGHT,0.9126,1.5075,-1.5906,0.5985,-1.326,0.3993,-0.0154,-0.1937,-0.389,0.0792,1.0149,0.2552,1.3429,0.000644,-0.02,0.004
1.395,FLIGHT,0.9066,1.509,-1.3048,0.388,-1.0584,0.2114,-0.0168,-0.1935,-0.3046,0.0577,1.016,0.2292,1.3689,0.00055,-0.0176,0.0035
1.4,FLIGHT,0.902,1.5097,-1.0424,0.2059,-0.8193,0.057,-0.0178,-0.1934,-0.2291,0.0377,1.017,0.1994,1.3971,0.000468,-0.0151,0.003
1.405,FLIGHT,0.8984,1.5096,-0.8075,0.0561,-0.61,-0.0633,-0.0184,-0.1933,-0.1636,0.0201,1.0179,0.1684,1.4251,0.000399,-0.0127,0.0025
1.41,FLIGHT,0.8958,1.5091,-0.6016,-0.0607,-0.4302,-0.1507,-0.0189,-0.1933,-0.1082,0.0057,1.0188,0.138,1.4516,0.000342,-0.0104,0.0021
1.415,FLIGHT,0.894,1.5082,-0.4244,-0.1457,-0.2782,-0.2083,-0.0191,-0.1934,-0.0627,-0.0056,1.0197,0.1096,1.4755,0.000295,-0.0084,0.0017
1.42,FLIGHT,0.893,1.507,-0.2743,-0.2016,-0.1514,-0.2396,-0.0192,-0.1934,-0.0262,-0.0137,1.0205,0.0839,1.4964,0.000258,-0.0065,0.0013
1.425,FLIGHT,0.8925,1.5058,-0.1489,-0.2319,-0.0469,-0.2488,-0.0191,-0.1935,0.0021,-0.0189,1.0213,0.0614,1.514,0.000229,-0.005,0.001
1.43,FLIGHT,0.8925,1.5046,-0.0455,-0.2405,0.0383,-0.2397,-0.0189,-0.1937,0.0233,-0.0217,1.0221,0.0421,1.5286,0.000207,-0.0037,0.0007
1.435,FLIGHT,0.8928,1.5034,0.0391,-0.2314,0.1072,-0.2164,-0.0187,-0.1938,0.0385,-0.0224,1.0229,0.026,1.5401,0.000192,-0.0026,0.0005
1.44,FLIGHT,0.8935,1.5024,0.1077,-0.2083,0.1627,-0.1824,-0.0184,-0.1939,0.0487,-0.0214,1.0237,0.0128,1.5491,0.000181,-0.0017,0.0003
1.445,FLIGHT,0.8945,1.5016,0.163,-0.1747,0.2073,-0.1408,-0.0181,-0.194,0.055,-0.0192,1.0245,0.0023,1.5557,0.000175,-0.001,0.0002
1.45,FLIGHT,0.8956,1.501,0.2075,-0.1336,0.2433,-0.0942,-0.0178,-0.194,0.0582,-0.0161,1.0253,-0.0059,1.5604,0.000171,-0.0004,0.0001
1.455,FLIGHT,0.8969,1.5007,0.2435,-0.0876,0.2724,-0.045,-0.0175,-0.1941,0.059,-0.0124,1.026,-0.0122,1.5636,0.00017,-0.0,0.0
1.46,FLIGHT,0.8983,1.5006,0.2727,-0.039,0.2964,0.0051,-0.0173,-0.1941,0.0582,-0.0083,1.0268,-0.0169,1.5655,0.000171,0.0003,0.0
1.465,FLIGHT,0.8998,1.5007,0.2968,0.0105,0.3164,0.0548,-0.017,-0.1941,0.0562,-0.0041,1.0275,-0.0204,1.5665,0.000173,0.0005,0.0
1.47,FLIGHT,0.9015,1.5011,0.3169,0.0595,0.3335,0.1028,-0.0167,-0.1941,0.0535,0.0002,1.0283,-0.0229,1.5668,0.000176,0.0006,0.0
1.475,FLIGHT,0.9032,1.5018,0.3341,0.1069,0.3484,0.1485,-0.0165,-0.1941,0.0505,0.0043,1.029,-0.0247,1.5667,0.000179,0.0007,0.0
1.48,FLIGHT,0.9049,1.5026,0.3491,0.1521,0.3616,0.1913,-0.0162,-0.1941,0.0472,0.0083,1.0298,-0.0259,1.5663,0.000183,0.0008,0.0
1.485,FLIGHT,0.9068,1.5037,0.3623,0.1944,0.3736,0.231,-0.016,-0.194,0.0441,0.012,1.0305,-0.0269,1.5657,0.000187,0.0008,0.0
1.49,FLIGHT,0.9087,1.5049,0.3743,0.2337,0.3845,0.2673,-0.0158,-0.1939,0.0411,0.0155,1.0312,-0.0276,1.5651,0.000191,0.0008,0.0
1.495,FLIGHT,0.9106,1.5063,0.3852,0.2696,0.3946,0.3003,-0.0156,-0.1938,0.0383,0.0186,1.0319,-0.0283,1.5646,0.000194,0.0007,0.0
1.5,FLIGHT,0.9126,1.5079,0.3952,0.3022,0.4038,0.3299,-0.0155,-0.1937,0.0358,0.0215,1.0326,-0.0289,1.5641,0.000198,0.0007,0.0
1.505,FLIGHT,0.9147,1.5096,0.4044,0.3315,0.4123,0.3563,-0.0153,-0.1936,0.0335,0.0241,1.0333,-0.0296,1.5638,0.000201,0.0007,0.0
1.51,FLIGHT,0.9167,1.5115,0.4128,0.3576,0.42,0.3795,-0.0151,-0.1934,0.0316,0.0264,1.034,-0.0303,1.5636,0.000205,0.0006,0.0
1.515,FLIGHT,0.9189,1.5134,0.4204,0.3806,0.4268,0.3999,-0.015,-0.1933,0.0299,0.0284,1.0346,-0.0312,1.5635,0.000208,0.0006,0.0
1.52,FLIGHT,0.921,1.5155,0.4271,0.4008,0.4328,0.4176,-0.0149,-0.1931,0.0284,0.0302,1.0353,-0.0321,1.5637,0.00021,0.0005,0.0
1.525,FLIGHT,0.9232,1.5176,0.433,0.4182,0.4378,0.4327,-0.0147,-0.193,0.0271,0.0318,1.0359,-0.0331,1.5639,0.000213,0.0005,0.0
1.53,FLIGHT,0.9254,1.5198,0.4379,0.4332,0.4419,0.4454,-0.0146,-0.1928,0.0259,0.0331,1.0365,-0.0341,1.5643,0.000215,0.0005,0.0
1.535,FLIGHT,0.9276,1.5221,0.4419,0.4457,0.445,0.456,-0.0145,-0.1926,0.0249,0.0343,1.0371,-0.0353,1.5649,0.000218,0.0004,0.0
1.54,FLIGHT,0.9298,1.5244,0.4449,0.4561,0.4471,0.4645,-0.0144,-0.1925,0.024,0.0353,1.0377,-0.0365,1.5655,0.00022,0.0004,0.0
1.545,FLIGHT,0.9321,1.5267,0.4469,0.4645,0.4482,0.4711,-0.0142,-0.1923,0.0232,0.0361,1.0383,-0.0378,1.5662,0.000221,0.0004,0.0
1.55,FLIGHT,0.9343,1.5291,0.4478,0.471,0.4483,0.476,-0.0141,-0.1921,0.0224,0.0367,1.0388,-0.039,1.567,0.000223,0.0003,0.0
1.555,FLIGHT,0.9366,1.5314,0.4478,0.4758,0.4473,0.4793,-0.014,-0.1919,0.0217,0.0372,1.0393,-0.0403,1.5679,0.000225,0.0003,0.0
1.56,FLIGHT,0.9388,1.5339,0.4467,0.4789,0.4453,0.481,-0.0139,-0.1917,0.021,0.0375,1.0398,-0.0417,1.5688,0.000226,0.0003,0.0
1.565,FLIGHT,0.941,1.5363,0.4447,0.4805,0.4424,0.4813,-0.0138,-0.1915,0.0203,0.0378,1.0403,-0.043,1.5697,0.000227,0.0002,0.0
1.57,FLIGHT,0.9432,1.5387,0.4416,0.4807,0.4385,0.4803,-0.0137,-0.1913,0.0196,0.0379,1.0408,-0.0443,1.5707,0.000228,0.0002,0.0
1.575,FLIGHT,0.9454,1.5411,0.4377,0.4796,0.4337,0.4781,-0.0136,-0.1911,0.0189,0.0379,1.0412,-0.0455,1.5717,0.000229,0.0002,0.0
1.58,FLIGHT,0.9475,1.5434,0.4328,0.4773,0.4281,0.4747,-0.0135,-0.191,0.0183,0.0378,1.0416,-0.0468,1.5727,0.00023,0.0002,0.0
1.585,FLIGHT,0.9497,1.5458,0.4271,0.4738,0.4216,0.4702,-0.0135,-0.1908,0.0176,0.0376,1.042,-0.048,1.5737,0.000231,0.0001,0.0
1.59,FLIGHT,0.9518,1.5481,0.4206,0.4693,0.4145,0.4647,-0.0134,-0.1906,0.0169,0.0373,1.0424,-0.0492,1.5747,0.000232,0.0001,0.0
1.595,FLIGHT,0.9538,1.5504,0.4134,0.4637,0.4066,0.4583,-0.0133,-0.1904,0.0162,0.037,1.0428,-0.0503,1.5757,0.000232,0.0001,0.0
1.6,FLIGHT,0.9558,1.5527,0.4054,0.4572,0.398,0.451,-0.0132,-0.1902,0.0155,0.0365,1.0431,-0.0514,1.5767,0.000233,0.0001,0.0
1.605,FLIGHT,0.9578,1.555,0.3968,0.4499,0.3889,0.4429,-0.0131,-0.19,0.0148,0.036,1.0434,-0.0524,1.5777,0.000233,0.0001,0.0
1.61,FLIGHT,0.9597,1.5572,0.3877,0.4417,0.3792,0.434,-0.0131,-0.1899,0.0141,0.0354,1.0437,-0.0534,1.5787,0.000234,0.0001,0.0
1.615,FLIGHT,0.9616,1.5593,0.378,0.4328,0.369,0.4245,-0.013,-0.1897,0.0134,0.0348,1.0439,-0.0543,1.5797,0.000234,0.0,0.0
1.62,FLIGHT,0.9634,1.5614,0.3678,0.4232,0.3584,0.4143,-0.0129,-0.1895,0.0127,0.0341,1.0441,-0.0552,1.5806,0.000234,0.0,0.0
1.625,FLIGHT,0.9652,1.5634,0.3572,0.413,0.3475,0.4035,-0.0129,-0.1894,0.012,0.0333,1.0443,-0.0561,1.5815,0.000234,0.0,0.0
1.63,FLIGHT,0.9669,1.5654,0.3462,0.4022,0.3362,0.3923,-0.0128,-0.1892,0.0113,0.0325,1.0445,-0.0569,1.5824,0.000234,-0.0,0.0
1.635,FLIGHT,0.9685,1.5674,0.3348,0.3909,0.3246,0.3805,-0.0128,-0.189,0.0107,0.0316,1.0446,-0.0576,1.5833,0.000234,-0.0,0.0
1.64,FLIGHT,0.9701,1.5692,0.3232,0.3791,0.3127,0.3683,-0.0127,-0.1889,0.01,0.0307,1.0447,-0.0583,1.5842,0.000234,-0.0,0.0
1.645,FLIGHT,0.9717,1.571,0.3114,0.3669,0.3007,0.3558,-0.0127,-0.1887,0.0094,0.0298,1.0448,-0.059,1.585,0.000233,-0.0001,0.0
1.65,FLIGHT,0.9731,1.5728,0.2994,0.3544,0.2885,0.343,-0.0126,-0.1886,0.0088,0.0288,1.0449,-0.0596,1.5858,0.000233,-0.0001,0.0
1.655,FLIGHT,0.9745,1.5745,0.2872,0.3415,0.2762,0.3299,-0.0126,-0.1885,0.0082,0.0278,1.0449,-0.0601,1.5866,0.000233,-0.0001,0.0
1.66,FLIGHT,0.9759,1.5761,0.2749,0.3284,0.2639,0.3166,-0.0126,-0.1883,0.0076,0.0268,1.0449,-0.0606,1.5874,0.000232,-0.0001,0.0
1.665,FLIGHT,0.9772,1.5776,0.2626,0.3151,0.2515,0.3031,-0.0125,-0.1882,0.007,0.0257,1.0449,-0.0611,1.5881,0.000232,-0.0001,0.0
1.67,FLIGHT,0.9784,1.5791,0.2502,0.3016,0.2391,0.2895,-0.0125,-0.1881,0.0065,0.0247,1.0448,-0.0615,1.5889,0.000231,-0.0001,0.0
1.675,FLIGHT,0.9796,1.5805,0.2378,0.288,0.2268,0.2758,-0.0125,-0.188,0.006,0.0236,1.0447,-0.0619,1.5895,0.000231,-0.0001,0.0
1.68,FLIGHT,0.9807,1.5819,0.2255,0.2744,0.2145,0.2621,-0.0124,-0.1879,0.0055,0.0225,1.0446,-0.0622,1.5902,0.00023,-0.0001,0.0
1.685,FLIGHT,0.9817,1.5832,0.2133,0.2606,0.2024,0.2484,-0.0124,-0.1877,0.005,0.0214,1.0444,-0.0625,1.5908,0.00023,-0.0001,0.0
1.69,FLIGHT,0.9827,1.5844,0.2011,0.2469,0.1903,0.2347,-0.0124,-0.1876,0.0046,0.0203,1.0443,-0.0628,1.5915,0.000229,-0.0001,0.0
1.695,FLIGHT,0.9836,1.5855,0.1891,0.2333,0.1785,0.2211,-0.0124,-0.1876,0.0041,0.0192,1.0441,-0.063,1.592,0.000228,-0.0001,0.0
1.7,FLIGHT,0.9845,1.5866,0.1773,0.2197,0.1668,0.2076,-0.0124,-0.1875,0.0037,0.0181,1.0438,-0.0632,1.5926,0.000228,-0.0001,0.0
1.705,FLIGHT,0.9853,1.5876,0.1656,0.2062,0.1553,0.1942,-0.0123,-0.1874,0.0033,0.017,1.0436,-0.0634,1.5931,0.000227,-0.0001,0.0
1.71,FLIGHT,0.986,1.5885,0.1542,0.1929,0.144,0.181,-0.0123,-0.1873,0.003,0.0159,1.0433,-0.0635,1.5936,0.000226,-0.0001,0.0
1.715,FLIGHT,0.9867,1.5894,0.1429,0.1797,0.133,0.168,-0.0123,-0.1872,0.0026,0.0148,1.043,-0.0636,1.5941,0.000226,-0.0001,0.0
1.72,FLIGHT,0.9874,1.5902,0.132,0.1668,0.1222,0.1553,-0.0123,-0.1872,0.0023,0.0138,1.0426,-0.0636,1.5945,0.000225,-0.0001,0.0
1.725,FLIGHT,0.9879,1.5909,0.1212,0.154,0.1118,0.1427,-0.0123,-0.1871,0.002,0.0127,1.0422,-0.0636,1.595,0.000224,-0.0001,0.0
1.73,FLIGHT,0.9885,1.5916,0.1108,0.1415,0.1016,0.1305,-0.0123,-0.187,0.0017,0.0117,1.0419,-0.0636,1.5954,0.000224,-0.0001,0.0
1.735,FLIGHT,0.989,1.5922,0.1007,0.1293,0.0917,0.1185,-0.0123,-0.187,0.0015,0.0107,1.0414,-0.0636,1.5957,0.000223,-0.0001,0.0
1.74,FLIGHT,0.9894,1.5928,0.0909,0.1174,0.0822,0.1068,-0.0123,-0.187,0.0012,0.0097,1.041,-0.0636,1.5961,0.000222,-0.0001,0.0
1.745,FLIGHT,0.9898,1.5933,0.0813,0.1058,0.073,0.0955,-0.0123,-0.1869,0.001,0.0088,1.0405,-0.0635,1.5964,0.000221,-0.0001,0.0
1.75,FLIGHT,0.9901,1.5938,0.0722,0.0945,0.0641,0.0845,-0.0123,-0.1869,0.0008,0.0079,1.04,-0.0634,1.5967,0.000221,-0.0001,0.0
1.755,FLIGHT,0.9904,1.5942,0.0633,0.0835,0.0556,0.0738,-0.0123,-0.1868,0.0006,0.0069,1.0395,-0.0633,1.597,0.00022,-0.0001,0.0
1.76,FLIGHT,0.9907,1.5945,0.0549,0.0729,0.0474,0.0635,-0.0123,-0.1868,0.0005,0.0061,1.0389,-0.0631,1.5972,0.000219,-0.0001,0.0
1.765,FLIGHT,0.9909,1.5948,0.0467,0.0626,0.0396,0.0536,-0.0123,-0.1868,0.0003,0.0052,1.0383,-0.063,1.5975,0.000219,-0.0001,0.0
1.77,FLIGHT,0.9911,1.595,0.0389,0.0527,0.0321,0.0441,-0.0123,-0.1868,0.0002,0.0044,1.0377,-0.0628,1.5977,0.000218,-0.0001,0.0
1.775,FLIGHT,0.9912,1.5952,0.0315,0.0432,0.025,0.0349,-0.0123,-0.1867,0.0001,0.0036,1.0371,-0.0626,1.5979,0.000217,-0.0001,0.0
1.78,FLIGHT,0.9913,1.5954,0.0245,0.0341,0.0183,0.0261,-0.0123,-0.1867,-0.0,0.0029,1.0364,-0.0624,1.598,0.000217,-0.0001,0.0
1.785,FLIGHT,0.9914,1.5955,0.0178,0.0254,0.012,0.0178,-0.0123,-0.1867,-0.0001,0.0021,1.0358,-0.0622,1.5982,0.000216,-0.0001,0.0
1.79,FLIGHT,0.9915,1.5956,0.0115,0.0171,0.0059,0.0098,-0.0123,-0.1867,-0.0002,0.0014,1.0351,-0.062,1.5983,0.000216,-0.0001,0.0
1.795,FLIGHT,0.9915,1.5956,0.0055,0.0092,0.0003,0.0023,-0.0123,-0.1867,-0.0002,0.0008,1.0344,-0.0618,1.5984,0.000215,-0.0001,0.0
1.8,FLIGHT,0.9915,1.5956,-0.0001,0.0016,-0.005,-0.0049,-0.0123,-0.1867,-0.0002,0.0002,1.0336,-0.0615,1.5985,0.000215,-0.0001,0.0
1.805,FLIGHT,0.9914,1.5956,-0.0054,-0.0055,-0.0099,-0.0117,-0.0123,-0.1867,-0.0003,-0.0004,1.0329,-0.0613,1.5986,0.000214,-0.0001,0.0
1.81,FLIGHT,0.9914,1.5955,-0.0103,-0.0122,-0.0145,-0.018,-0.0123,-0.1867,-0.0003,-0.001,1.0321,-0.061,1.5986,0.000214,-0.0001,0.0
1.815,FLIGHT,0.9913,1.5954,-0.0148,-0.0185,-0.0188,-0.024,-0.0123,-0.1867,-0.0003,-0.0015,1.0313,-0.0608,1.5987,0.000213,-0.0001,0.0
1.82,FLIGHT,0.9912,1.5952,-0.019,-0.0244,-0.0227,-0.0296,-0.0123,-0.1867,-0.0003,-0.002,1.0304,-0.0605,1.5987,0.000213,-0.0001,0.0
1.825,FLIGHT,0.991,1.5951,-0.0229,-0.03,-0.0263,-0.0347,-0.0123,-0.1868,-0.0003,-0.0025,1.0296,-0.0603,1.5987,0.000212,-0.0001,0.0
1.83,FLIGHT,0.9909,1.5949,-0.0265,-0.0351,-0.0295,-0.0395,-0.0123,-0.1868,-0.0002,-0.0029,1.0287,-0.06,1.5987,0.000212,-0.0001,0.0
1.835,FLIGHT,0.9908,1.5947,-0.0297,-0.0399,-0.0325,-0.044,-0.0123,-0.1868,-0.0002,-0.0033,1.0279,-0.0597,1.5987,0.000211,-0.0001,0.0
1.84,FLIGHT,0.9906,1.5945,-0.0326,-0.0442,-0.0351,-0.048,-0.0123,-0.1868,-0.0002,-0.0037,1.027,-0.0595,1.5987,0.000211,-0.0001,0.0
1.845,FLIGHT,0.9904,1.5942,-0.0353,-0.0483,-0.0375,-0.0517,-0.0123,-0.1868,-0.0001,-0.004,1.026,-0.0592,1.5987,0.000211,-0.0001,0.0
1.85,FLIGHT,0.9902,1.5939,-0.0376,-0.0519,-0.0396,-0.055,-0.0123,-0.1869,-0.0001,-0.0043,1.0251,-0.059,1.5986,0.00021,-0.0001,0.0
1.855,FLIGHT,0.99,1.5937,-0.0396,-0.0552,-0.0414,-0.058,-0.0123,-0.1869,0.0,-0.0046,1.0242,-0.0587,1.5986,0.00021,-0.0001,0.0
1.86,FLIGHT,0.9898,1.5934,-0.0414,-0.0582,-0.0429,-0.0607,-0.0123,-0.1869,0.0001,-0.0049,1.0232,-0.0585,1.5985,0.00021,-0.0001,0.0
1.865,FLIGHT,0.9896,1.593,-0.0429,-0.0608,-0.0442,-0.063,-0.0123,-0.1869,0.0001,-0.0051,1.0222,-0.0582,1.5985,0.000209,-0.0,0.0
1.87,FLIGHT,0.9894,1.5927,-0.0442,-0.0631,-0.0452,-0.065,-0.0123,-0.187,0.0002,-0.0053,1.0212,-0.058,1.5984,0.000209,-0.0,0.0
1.875,FLIGHT,0.9891,1.5924,-0.0452,-0.0651,-0.046,-0.0668,-0.0123,-0.187,0.0003,-0.0055,1.0202,-0.0577,1.5983,0.000209,-0.0,0.0
1.88,FLIGHT,0.9889,1.5921,-0.046,-0.0668,-0.0466,-0.0682,-0.0123,-0.187,0.0004,-0.0056,1.0191,-0.0575,1.5982,0.000209,-0.0,0.0
1.885,FLIGHT,0.9887,1.5917,-0.0466,-0.0682,-0.047,-0.0693,-0.0123,-0.187,0.0004,-0.0057,1.0181,-0.0573,1.5981,0.000209,-0.0,0.0
1.89,FLIGHT,0.9884,1.5914,-0.0469,-0.0693,-0.0471,-0.0702,-0.0123,-0.1871,0.0005,-0.0058,1.017,-0.0571,1.598,0.000209,-0.0,0.0
1.895,FLIGHT,0.9882,1.591,-0.0471,-0.0701,-0.0471,-0.0708,-0.0123,-0.1871,0.0006,-0.0059,1.016,-0.0569,1.5979,0.000208,-0.0,0.0
1.9,FLIGHT,0.988,1.5907,-0.047,-0.0707,-0.0469,-0.0711,-0.0123,-0.1871,0.0007,-0.006,1.0149,-0.0567,1.5978,0.000208,-0.0,0.0
1.905,FLIGHT,0.9877,1.5903,-0.0468,-0.0711,-0.0466,-0.0713,-0.0123,-0.1872,0.0008,-0.006,1.0138,-0.0565,1.5977,0.000208,-0.0,0.0
1.91,FLIGHT,0.9875,1.5899,-0.0465,-0.0712,-0.0461,-0.0712,-0.0122,-0.1872,0.0009,-0.006,1.0126,-0.0563,1.5976,0.000208,-0.0,0.0
1.915,FLIGHT,0.9873,1.5896,-0.0459,-0.0711,-0.0454,-0.0709,-0.0122,-0.1872,0.0009,-0.006,1.0115,-0.0561,1.5975,0.000208,-0.0,0.0
1.92,FLIGHT,0.987,1.5892,-0.0453,-0.0707,-0.0446,-0.0703,-0.0122,-0.1873,0.001,-0.006,1.0104,-0.0559,1.5974,0.000208,-0.0,0.0
1.925,FLIGHT,0.9868,1.5889,-0.0445,-0.0702,-0.0437,-0.0697,-0.0122,-0.1873,0.0011,-0.0059,1.0092,-0.0558,1.5973,0.000208,-0.0,0.0
1.93,FLIGHT,0.9866,1.5885,-0.0436,-0.0695,-0.0427,-0.0688,-0.0122,-0.1873,0.0012,-0.0059,1.008,-0.0556,1.5972,0.000208,-0.0,0.0
1.935,FLIGHT,0.9864,1.5882,-0.0425,-0.0686,-0.0415,-0.0677,-0.0122,-0.1873,0.0013,-0.0058,1.0069,-0.0555,1.5971,0.000208,0.0,0.0
1.94,FLIGHT,0.9862,1.5879,-0.0414,-0.0676,-0.0403,-0.0665,-0.0122,-0.1874,0.0013,-0.0057,1.0057,-0.0553,1.597,0.000208,0.0,0.0
1.945,FLIGHT,0.986,1.5875,-0.0402,-0.0664,-0.039,-0.0652,-0.0122,-0.1874,0.0014,-0.0056,1.0045,-0.0552,1.5969,0.000208,0.0,0.0
1.95,FLIGHT,0.9858,1.5872,-0.0388,-0.065,-0.0376,-0.0637,-0.0122,-0.1874,0.0015,-0.0055,1.0032,-0.0551,1.5968,0.000208,0.0,0.0
1.955,FLIGHT,0.9856,1.5869,-0.0375,-0.0635,-0.0362,-0.0622,-0.0122,-0.1875,0.0015,-0.0054,1.002,-0.055,1.5967,0.000208,0.0,0.0
1.96,FLIGHT,0.9854,1.5866,-0.036,-0.062,-0.0347,-0.0605,-0.0122,-0.1875,0.0016,-0.0053,1.0008,-0.0549,1.5965,0.000208,0.0,0.0
1.965,STANCE,0.9853,1.5863,-0.0345,-0.0603,-0.0014,-0.0155,-0.0122,-0.1875,0.0016,-0.0051,0.9995,0.1686,-0.0146,0.000208,-0.026,0.0052
1.97,STANCE,0.9878,1.5867,0.4008,0.0207,1.0422,-0.1498,-0.0117,-0.1875,0.0724,-0.0028,0.9986,-0.0495,-0.6438,-0.001085,-0.3982,0.0807
1.975,STANCE,0.9929,1.5851,0.7541,-0.2065,0.4135,-0.1297,-0.0106,-0.1877,0.1695,-0.0268,0.9981,-0.4139,-1.1699,-0.002768,-0.1454,0.0319
1.98,STANCE,0.9938,1.585,0.3648,-0.0693,0.1685,-0.0279,-0.0104,-0.1877,0.0779,-0.0101,0.9982,-0.5404,-1.8022,-0.003016,0.0088,0.003
1.985,STANCE,0.9956,1.5838,0.3758,-0.2164,0.5647,-0.5154,-0.0099,-0.1878,0.0999,-0.0233,0.9984,-0.8491,-2.1921,-0.002855,0.0481,0.0029
1.99,STANCE,0.999,1.5779,0.5955,-0.9369,0.7929,-1.74,-0.0085,-0.1884,0.24,-0.0886,0.9984,-1.2467,-2.1365,-0.002421,0.1182,0.0024
1.995,STANCE,1.0049,1.5683,1.0406,-1.6432,1.5638,-2.3713,-0.006,-0.1893,0.4234,-0.1493,0.9984,-1.7102,-1.8417,-0.002343,-0.0794,0.0182
2.0,STANCE,1.0127,1.5542,1.3995,-2.4428,1.4088,-3.0128,-0.0026,-0.1905,0.6079,-0.2088,0.9983,-2.0767,-1.2668,-0.002647,-0.0112,0.0049
2.005,STANCE,1.0194,1.5388,1.3496,-2.8838,1.2041,-3.3096,0.0009,-0.1918,0.667,-0.2322,0.9983,-2.1242,-0.6847,-0.00272,-0.007,0.0041
2.01,STANCE,1.0253,1.5223,1.2137,-3.1814,0.9528,-3.4761,0.0043,-0.1931,0.6903,-0.242,0.9983,-1.9636,-0.0678,-0.00288,-0.0043,0.0037
2.015,STANCE,1.0296,1.5056,0.9524,-3.2869,0.6256,-3.3563,0.0076,-0.1944,0.6614,-0.2383,0.9984,-1.5781,0.489,-0.002955,0.0117,0.003
2.02,STANCE,1.0322,1.4897,0.632,-3.206,0.3706,-3.0429,0.0104,-0.1955,0.5924,-0.2243,0.9985,-1.0422,0.9233,-0.002905,0.015,0.0029
2.025,STANCE,1.0331,1.4746,0.3207,-3.0587,0.066,-2.9301,0.0128,-0.1966,0.5138,-0.209,0.9987,-0.4822,1.2342,-0.002705,0.0547,0.0027
2.03,STANCE,1.0332,1.4604,0.1056,-2.9083,-0.0534,-2.8143,0.0149,-0.1975,0.4524,-0.1949,0.999,-0.0738,1.4048,-0.002398,0.0773,0.0024
2.035,FLIGHT,1.0333,1.4471,0.0528,-2.7373,0.0404,-2.6144,0.0169,-0.1984,0.419,-0.1785,0.9994,-1.3903,2.6616,-0.0021,0.065,0.0021
2.04,FLIGHT,1.031,1.4372,-0.3477,-2.1466,-0.9441,-1.3411,0.0179,-0.1991,0.2522,-0.1445,1.0001,-1.3231,2.5949,-0.00157,0.1439,0.0016
2.045,FLIGHT,1.0241,1.4334,-1.1014,-1.1479,-1.8046,-0.2229,0.0171,-0.1995,-0.048,-0.0933,1.001,-1.0631,2.377,-0.000701,0.1988,0.0007
2.05,FLIGHT,1.0134,1.4345,-1.8372,-0.1726,-2.4295,0.6267,0.0148,-0.1996,-0.3409,-0.0387,1.0021,-0.7515,2.1212,0.000333,0.1843,0.0
2.055,FLIGHT,1.0002,1.4392,-2.3967,0.6048,-2.8026,1.192,0.0115,-0.1994,-0.5672,0.0143,1.0035,-0.4591,1.8832,0.001048,0.1061,0.0
2.06,FLIGHT,0.9857,1.446,-2.7428,1.1359,-2.9594,1.5027,0.0076,-0.1991,-0.7119,0.0614,1.0049,-0.2145,1.6856,0.001436,0.0524,0.0
2.065,FLIGHT,0.9709,1.4538,-2.8901,1.4351,-2.9428,1.6103,0.0035,-0.1986,-0.7811,0.0984,1.0064,-0.0259,1.5347,0.001603,0.0171,0.0
2.07,FLIGHT,0.9565,1.4618,-2.874,1.5433,-2.7985,1.569,-0.0005,-0.198,-0.7891,0.1231,1.0079,0.1095,1.4286,0.001628,-0.0053,0.0011
2.075,FLIGHT,0.943,1.4694,-2.7354,1.5089,-2.5683,1.4281,-0.0042,-0.1973,-0.7525,0.135,1.0094,0.1987,1.361,0.001565,-0.0187,0.0037
2.08,FLIGHT,0.9309,1.476,-2.5132,1.3776,-2.287,1.2287,-0.0075,-0.1967,-0.6864,0.1353,1.0109,0.2506,1.3246,0.001452,-0.026,0.0052
2.085,FLIGHT,0.9202,1.4816,-2.2405,1.1884,-1.982,1.003,-0.0104,-0.1961,-0.6034,0.1264,1.0122,0.2738,1.3119,0.001312,-0.0292,0.0058
2.09,FLIGHT,0.9111,1.486,-1.9439,0.9726,-1.6738,0.7748,-0.0128,-0.1956,-0.5134,0.1111,1.0135,0.2759,1.3163,0.001164,-0.0297,0.0059
2.095,FLIGHT,0.9035,1.4894,-1.6433,0.7533,-1.3768,0.5605,-0.0147,-0.1952,-0.4231,0.0921,1.0148,0.2633,1.3322,0.001018,-0.0285,0.0057
2.1,FLIGHT,0.8973,1.4917,-1.3529,0.5466,-1.1005,0.3705,-0.0163,-0.1949,-0.3375,0.0719,1.0159,0.2412,1.355,0.000881,-0.0263,0.0053
2.105,FLIGHT,0.8924,1.4931,-1.0821,0.3629,-0.8503,0.2107,-0.0174,-0.1947,-0.2595,0.0523,1.017,0.2137,1.3813,0.000757,-0.0236,0.0047
2.11,FLIGHT,0.8887,1.4939,-0.8366,0.208,-0.6289,0.083,-0.0182,-0.1946,-0.1907,0.0345,1.0181,0.1838,1.4086,0.000646,-0.0206,0.0041
2.115,FLIGHT,0.8861,1.494,-0.6189,0.0841,-0.4367,-0.0128,-0.0188,-0.1945,-0.1317,0.0194,1.0191,0.1536,1.435,0.000551,-0.0176,0.0035
2.12,FLIGHT,0.8843,1.4938,-0.4297,-0.0089,-0.2727,-0.0789,-0.0191,-0.1945,-0.0824,0.0074,1.02,0.1248,1.4593,0.00047,-0.0148,0.003
2.125,FLIGHT,0.8833,1.4933,-0.2678,-0.073,-0.1346,-0.1184,-0.0192,-0.1945,-0.0423,-0.0017,1.021,0.0983,1.481,0.000403,-0.0121,0.0024
2.13,FLIGHT,0.8829,1.4926,-0.1314,-0.1113,-0.0198,-0.135,-0.0192,-0.1946,-0.0107,-0.0079,1.0219,0.0747,1.4997,0.000348,-0.0097,0.0019
2.135,FLIGHT,0.8831,1.492,-0.0178,-0.1272,0.0745,-0.1326,-0.0191,-0.1947,0.0135,-0.0115,1.0228,0.0542,1.5153,0.000305,-0.0076,0.0015
2.14,FLIGHT,0.8836,1.4913,0.0757,-0.1246,0.1513,-0.1151,-0.0189,-0.1947,0.0314,-0.013,1.0236,0.0368,1.5281,0.000271,-0.0059,0.0012
2.145,FLIGHT,0.8846,1.4908,0.152,-0.1072,0.2136,-0.0859,-0.0186,-0.1948,0.044,-0.0128,1.0245,0.0224,1.5381,0.000246,-0.0044,0.0009
2.15,FLIGHT,0.8858,1.4905,0.214,-0.0783,0.2637,-0.0483,-0.0183,-0.1948,0.0522,-0.0112,1.0253,0.0106,1.5458,0.000227,-0.0032,0.0006
2.155,FLIGHT,0.8872,1.4904,0.264,-0.0411,0.3042,-0.0049,-0.018,-0.1949,0.057,-0.0086,1.0262,0.0013,1.5515,0.000213,-0.0022,0.0004
2.16,FLIGHT,0.8888,1.4904,0.3044,0.0017,0.3369,0.0418,-0.0177,-0.1949,0.0591,-0.0052,1.027,-0.0061,1.5556,0.000204,-0.0015,0.0003
2.165,FLIGHT,0.8905,1.4908,0.3371,0.0478,0.3635,0.09,-0.0174,-0.1949,0.0593,-0.0015,1.0278,-0.0117,1.5583,0.000198,-0.0009,0.0002
2.17,FLIGHT,0.8924,1.4913,0.3638,0.0954,0.3854,0.1381,-0.0172,-0.1949,0.0581,0.0025,1.0287,-0.016,1.5601,0.000195,-0.0004,0.0001
2.175,FLIGHT,0.8944,1.4922,0.3858,0.1429,0.4037,0.1851,-0.0169,-0.1948,0.0559,0.0066,1.0295,-0.0193,1.561,0.000194,-0.0001,0.0
2.18,FLIGHT,0.8964,1.4932,0.4042,0.1892,0.4192,0.2299,-0.0166,-0.1948,0.0532,0.0106,1.0303,-0.0217,1.5614,0.000194,0.0002,0.0
2.185,FLIGHT,0.8986,1.4944,0.4197,0.2335,0.4326,0.2721,-0.0164,-0.1947,0.0502,0.0145,1.0311,-0.0235,1.5615,0.000195,0.0003,0.0
2.19,FLIGHT,0.9008,1.4959,0.4331,0.2752,0.4443,0.3112,-0.0161,-0.1946,0.0471,0.0182,1.0319,-0.025,1.5613,0.000197,0.0005,0.0
2.195,FLIGHT,0.903,1.4976,0.4448,0.3138,0.4546,0.347,-0.0159,-0.1945,0.0441,0.0216,1.0327,-0.0261,1.5611,0.0002,0.0005,0.0
2.2,FLIGHT,0.9053,1.4994,0.4551,0.3492,0.4638,0.3794,-0.0157,-0.1944,0.0413,0.0247,1.0334,-0.0271,1.5608,0.000202,0.0006,0.0
2.205,FLIGHT,0.9077,1.5013,0.4642,0.3812,0.4719,0.4084,-0.0155,-0.1942,0.0387,0.0276,1.0342,-0.028,1.5606,0.000205,0.0006,0.0
2.21,FLIGHT,0.91,1.5034,0.4723,0.4099,0.4791,0.4341,-0.0154,-0.1941,0.0363,0.0301,1.0349,-0.029,1.5605,0.000208,0.0006,0.0
2.215,FLIGHT,0.9124,1.5057,0.4794,0.4353,0.4853,0.4566,-0.0152,-0.1939,0.0341,0.0324,1.0357,-0.0299,1.5606,0.000211,0.0006,0.0
2.22,FLIGHT,0.9149,1.508,0.4855,0.4575,0.4906,0.476,-0.015,-0.1937,0.0322,0.0344,1.0364,-0.0309,1.5607,0.000214,0.0005,0.0
2.225,FLIGHT,0.9173,1.5104,0.4907,0.4767,0.4949,0.4926,-0.0149,-0.1935,0.0305,0.0361,1.0371,-0.032,1.561,0.000216,0.0005,0.0
2.23,FLIGHT,0.9198,1.5129,0.4949,0.4931,0.4982,0.5065,-0.0147,-0.1933,0.029,0.0376,1.0378,-0.0331,1.5615,0.000219,0.0005,0.0
2.235,FLIGHT,0.9223,1.5155,0.4981,0.5068,0.5006,0.5179,-0.0146,-0.1931,0.0277,0.0389,1.0385,-0.0343,1.562,0.000221,0.0004,0.0
2.24,FLIGHT,0.9248,1.5181,0.5003,0.518,0.5018,0.527,-0.0145,-0.1929,0.0265,0.04,1.0391,-0.0356,1.5627,0.000223,0.0004,0.0
2.245,FLIGHT,0.9273,1.5208,0.5015,0.5269,0.5021,0.5339,-0.0144,-0.1927,0.0254,0.0408,1.0398,-0.0369,1.5634,0.000225,0.0004,0.0
2.25,FLIGHT,0.9299,1.5234,0.5016,0.5337,0.5012,0.5388,-0.0142,-0.1925,0.0245,0.0415,1.0404,-0.0383,1.5643,0.000227,0.0003,0.0
2.255,FLIGHT,0.9324,1.5261,0.5007,0.5385,0.4993,0.5419,-0.0141,-0.1923,0.0235,0.042,1.041,-0.0396,1.5652,0.000228,0.0003,0.0
2.26,FLIGHT,0.9348,1.5289,0.4987,0.5414,0.4964,0.5432,-0.014,-0.1921,0.0227,0.0424,1.0416,-0.041,1.5662,0.00023,0.0003,0.0
2.265,FLIGHT,0.9373,1.5316,0.4957,0.5426,0.4925,0.5429,-0.0139,-0.1919,0.0218,0.0426,1.0422,-0.0424,1.5673,0.000231,0.0003,0.0
2.27,FLIGHT,0.9398,1.5343,0.4916,0.5422,0.4876,0.5411,-0.0138,-0.1917,0.021,0.0427,1.0427,-0.0438,1.5683,0.000232,0.0002,0.0
2.275,FLIGHT,0.9422,1.537,0.4866,0.5403,0.4817,0.5379,-0.0137,-0.1915,0.0202,0.0427,1.0432,-0.0452,1.5694,0.000233,0.0002,0.0
2.28,FLIGHT,0.9446,1.5397,0.4807,0.537,0.475,0.5335,-0.0136,-0.1913,0.0194,0.0425,1.0437,-0.0465,1.5706,0.000234,0.0002,0.0
2.285,FLIGHT,0.9469,1.5423,0.4739,0.5325,0.4673,0.5278,-0.0135,-0.191,0.0187,0.0423,1.0442,-0.0479,1.5717,0.000235,0.0001,0.0
2.29,FLIGHT,0.9493,1.5449,0.4662,0.5267,0.4589,0.5211,-0.0134,-0.1908,0.0179,0.0419,1.0447,-0.0491,1.5728,0.000236,0.0001,0.0
2.295,FLIGHT,0.9515,1.5475,0.4577,0.5199,0.4497,0.5133,-0.0133,-0.1906,0.0171,0.0415,1.0451,-0.0504,1.5739,0.000236,0.0001,0.0
2.3,FLIGHT,0.9538,1.5501,0.4485,0.512,0.4399,0.5045,-0.0133,-0.1904,0.0163,0.0409,1.0455,-0.0516,1.5751,0.000237,0.0001,0.0
2.305,FLIGHT,0.9559,1.5526,0.4385,0.5032,0.4294,0.4949,-0.0132,-0.1902,0.0156,0.0403,1.0459,-0.0527,1.5762,0.000237,0.0001,0.0
2.31,FLIGHT,0.958,1.555,0.428,0.4935,0.4183,0.4845,-0.0131,-0.19,0.0148,0.0396,1.0462,-0.0538,1.5773,0.000237,0.0,0.0
2.315,FLIGHT,0.9601,1.5574,0.4169,0.483,0.4067,0.4733,-0.013,-0.1898,0.014,0.0389,1.0465,-0.0548,1.5783,0.000238,0.0,0.0
2.32,FLIGHT,0.9621,1.5597,0.4052,0.4718,0.3946,0.4614,-0.013,-0.1897,0.0133,0.038,1.0468,-0.0558,1.5794,0.000238,0.0,0.0
2.325,FLIGHT,0.9641,1.562,0.3932,0.4599,0.3821,0.4489,-0.0129,-0.1895,0.0125,0.0371,1.0471,-0.0567,1.5804,0.000238,-0.0,0.0
2.33,FLIGHT,0.9659,1.5642,0.3807,0.4474,0.3693,0.4359,-0.0129,-0.1893,0.0118,0.0362,1.0473,-0.0576,1.5814,0.000238,-0.0,0.0
2.335,FLIGHT,0.9677,1.5664,0.3678,0.4343,0.3562,0.4224,-0.0128,-0.1891,0.0111,0.0352,1.0476,-0.0584,1.5824,0.000237,-0.0,0.0
2.34,FLIGHT,0.9695,1.5685,0.3547,0.4207,0.3428,0.4084,-0.0127,-0.1889,0.0104,0.0341,1.0477,-0.0592,1.5834,0.000237,-0.0001,0.0
2.345,FLIGHT,0.9712,1.5705,0.3413,0.4068,0.3292,0.3941,-0.0127,-0.1888,0.0097,0.0331,1.0479,-0.0599,1.5843,0.000237,-0.0001,0.0
2.35,FLIGHT,0.9728,1.5724,0.3277,0.3924,0.3155,0.3794,-0.0127,-0.1886,0.009,0.032,1.048,-0.0605,1.5852,0.000236,-0.0001,0.0
2.355,FLIGHT,0.9743,1.5743,0.314,0.3778,0.3016,0.3645,-0.0126,-0.1885,0.0083,0.0308,1.0481,-0.0611,1.5861,0.000236,-0.0001,0.0
2.36,FLIGHT,0.9758,1.576,0.3001,0.3629,0.2877,0.3494,-0.0126,-0.1883,0.0077,0.0296,1.0482,-0.0617,1.587,0.000235,-0.0001,0.0
2.365,FLIGHT,0.9772,1.5778,0.2863,0.3477,0.2738,0.3341,-0.0125,-0.1882,0.0071,0.0284,1.0482,-0.0622,1.5878,0.000235,-0.0001,0.0
2.37,FLIGHT,0.9785,1.5794,0.2724,0.3325,0.2599,0.3187,-0.0125,-0.1881,0.0065,0.0272,1.0482,-0.0626,1.5886,0.000234,-0.0001,0.0
2.375,FLIGHT,0.9798,1.5809,0.2585,0.3171,0.2461,0.3033,-0.0125,-0.1879,0.0059,0.026,1.0482,-0.063,1.5893,0.000234,-0.0001,0.0
2.38,FLIGHT,0.981,1.5824,0.2447,0.3016,0.2323,0.2878,-0.0125,-0.1878,0.0054,0.0248,1.0481,-0.0634,1.5901,0.000233,-0.0001,0.0
2.385,FLIGHT,0.9821,1.5838,0.2309,0.2862,0.2187,0.2723,-0.0124,-0.1877,0.0049,0.0235,1.048,-0.0637,1.5908,0.000232,-0.0001,0.0
2.39,FLIGHT,0.9832,1.5851,0.2173,0.2707,0.2052,0.2569,-0.0124,-0.1876,0.0044,0.0223,1.0479,-0.064,1.5914,0.000231,-0.0002,0.0
2.395,FLIGHT,0.9842,1.5864,0.2039,0.2554,0.192,0.2416,-0.0124,-0.1875,0.0039,0.0211,1.0478,-0.0642,1.5921,0.000231,-0.0002,0.0
2.4,FLIGHT,0.9851,1.5876,0.1907,0.2401,0.1789,0.2265,-0.0124,-0.1874,0.0035,0.0198,1.0476,-0.0644,1.5927,0.00023,-0.0002,0.0
2.405,FLIGHT,0.986,1.5887,0.1777,0.225,0.1661,0.2115,-0.0124,-0.1873,0.0031,0.0186,1.0474,-0.0646,1.5933,0.000229,-0.0002,0.0
2.41,FLIGHT,0.9868,1.5897,0.1649,0.21,0.1536,0.1967,-0.0123,-0.1872,0.0027,0.0174,1.0472,-0.0647,1.5938,0.000228,-0.0002,0.0
2.415,FLIGHT,0.9875,1.5906,0.1524,0.1953,0.1413,0.1822,-0.0123,-0.1871,0.0023,0.0162,1.0469,-0.0648,1.5943,0.000228,-0.0002,0.0
2.42,FLIGHT,0.9882,1.5915,0.1401,0.1808,0.1293,0.1679,-0.0123,-0.1871,0.002,0.015,1.0466,-0.0648,1.5948,0.000227,-0.0002,0.0
2.425,FLIGHT,0.9888,1.5923,0.1282,0.1665,0.1177,0.1539,-0.0123,-0.187,0.0016,0.0138,1.0463,-0.0648,1.5953,0.000226,-0.0002,0.0
2.43,FLIGHT,0.9894,1.593,0.1166,0.1526,0.1064,0.1402,-0.0123,-0.1869,0.0013,0.0127,1.0459,-0.0648,1.5957,0.000225,-0.0002,0.0
2.435,FLIGHT,0.9899,1.5937,0.1054,0.1389,0.0955,0.1269,-0.0123,-0.1869,0.0011,0.0116,1.0456,-0.0648,1.5961,0.000224,-0.0002,0.0
2.44,FLIGHT,0.9903,1.5943,0.0945,0.1256,0.0849,0.1139,-0.0123,-0.1868,0.0008,0.0105,1.0451,-0.0647,1.5965,0.000223,-0.0002,0.0
2.445,FLIGHT,0.9907,1.5948,0.084,0.1127,0.0747,0.1012,-0.0123,-0.1868,0.0006,0.0094,1.0447,-0.0646,1.5968,0.000223,-0.0002,0.0
2.45,FLIGHT,0.9911,1.5953,0.0738,0.1001,0.0649,0.089,-0.0123,-0.1867,0.0004,0.0084,1.0443,-0.0645,1.5971,0.000222,-0.0002,0.0
2.455,FLIGHT,0.9914,1.5957,0.0641,0.0879,0.0555,0.0772,-0.0123,-0.1867,0.0002,0.0074,1.0438,-0.0643,1.5974,0.000221,-0.0002,0.0
2.46,FLIGHT,0.9916,1.5961,0.0547,0.0761,0.0465,0.0658,-0.0123,-0.1867,0.0,0.0064,1.0433,-0.0641,1.5977,0.00022,-0.0002,0.0
2.465,FLIGHT,0.9918,1.5964,0.0458,0.0648,0.0379,0.0548,-0.0123,-0.1866,-0.0001,0.0054,1.0427,-0.064,1.5979,0.000219,-0.0001,0.0
2.47,FLIGHT,0.992,1.5966,0.0372,0.0538,0.0297,0.0442,-0.0123,-0.1866,-0.0003,0.0045,1.0421,-0.0637,1.5982,0.000219,-0.0001,0.0
2.475,FLIGHT,0.9921,1.5968,0.0291,0.0433,0.022,0.0341,-0.0123,-0.1866,-0.0004,0.0037,1.0416,-0.0635,1.5983,0.000218,-0.0001,0.0
2.48,FLIGHT,0.9922,1.597,0.0213,0.0332,0.0146,0.0244,-0.0123,-0.1866,-0.0005,0.0028,1.0409,-0.0633,1.5985,0.000217,-0.0001,0.0
2.485,FLIGHT,0.9923,1.5971,0.014,0.0236,0.0076,0.0152,-0.0123,-0.1866,-0.0006,0.002,1.0403,-0.063,1.5987,0.000217,-0.0001,0.0
2.49,FLIGHT,0.9923,1.5971,0.0071,0.0144,0.0011,0.0064,-0.0123,-0.1866,-0.0006,0.0012,1.0396,-0.0628,1.5988,0.000216,-0.0001,0.0
2.495,FLIGHT,0.9923,1.5971,0.0006,0.0057,-0.0051,-0.0019,-0.0123,-0.1866,-0.0007,0.0005,1.039,-0.0625,1.5989,0.000215,-0.0001,0.0
2.5,FLIGHT,0.9922,1.5971,-0.0055,-0.0026,-0.0108,-0.0098,-0.0123,-0.1866,-0.0007,-0.0002,1.0382,-0.0622,1.599,0.000215,-0.0001,0.0
2.505,FLIGHT,0.9922,1.597,-0.0112,-0.0104,-0.0162,-0.0172,-0.0123,-0.1866,-0.0007,-0.0008,1.0375,-0.062,1.5991,0.000214,-0.0001,0.0
2.51,FLIGHT,0.9921,1.5969,-0.0165,-0.0178,-0.0211,-0.0242,-0.0123,-0.1866,-0.0007,-0.0014,1.0368,-0.0617,1.5991,0.000214,-0.0001,0.0
2.515,FLIGHT,0.992,1.5968,-0.0215,-0.0247,-0.0257,-0.0307,-0.0123,-0.1866,-0.0007,-0.002,1.036,-0.0614,1.5992,0.000213,-0.0001,0.0
2.52,FLIGHT,0.9918,1.5966,-0.026,-0.0312,-0.0299,-0.0368,-0.0123,-0.1866,-0.0007,-0.0026,1.0352,-0.0611,1.5992,0.000212,-0.0001,0.0
2.525,FLIGHT,0.9917,1.5964,-0.0302,-0.0372,-0.0337,-0.0424,-0.0123,-0.1866,-0.0006,-0.0031,1.0344,-0.0608,1.5992,0.000212,-0.0001,0.0
2.53,FLIGHT,0.9915,1.5962,-0.034,-0.0428,-0.0372,-0.0477,-0.0123,-0.1867,-0.0006,-0.0036,1.0335,-0.0605,1.5992,0.000212,-0.0001,0.0
2.535,FLIGHT,0.9913,1.596,-0.0374,-0.048,-0.0403,-0.0525,-0.0123,-0.1867,-0.0005,-0.004,1.0327,-0.0602,1.5992,0.000211,-0.0001,0.0
2.54,FLIGHT,0.9911,1.5957,-0.0405,-0.0528,-0.0431,-0.0568,-0.0123,-0.1867,-0.0005,-0.0044,1.0318,-0.0599,1.5991,0.000211,-0.0001,0.0
2.545,FLIGHT,0.9909,1.5954,-0.0433,-0.0571,-0.0456,-0.0608,-0.0123,-0.1867,-0.0004,-0.0048,1.0309,-0.0596,1.5991,0.00021,-0.0001,0.0
2.55,FLIGHT,0.9906,1.5951,-0.0457,-0.0611,-0.0477,-0.0644,-0.0124,-0.1868,-0.0003,-0.0051,1.03,-0.0593,1.599,0.00021,-0.0001,0.0
2.555,FLIGHT,0.9904,1.5948,-0.0478,-0.0646,-0.0496,-0.0676,-0.0124,-0.1868,-0.0003,-0.0054,1.0291,-0.059,1.599,0.00021,-0.0001,0.0
2.56,FLIGHT,0.9901,1.5944,-0.0496,-0.0678,-0.0511,-0.0704,-0.0124,-0.1868,-0.0002,-0.0057,1.0281,-0.0587,1.5989,0.000209,-0.0001,0.0
2.565,FLIGHT,0.9899,1.594,-0.0511,-0.0706,-0.0524,-0.0729,-0.0124,-0.1868,-0.0001,-0.0059,1.0272,-0.0584,1.5988,0.000209,-0.0001,0.0
2.57,FLIGHT,0.9896,1.5937,-0.0524,-0.073,-0.0534,-0.075,-0.0124,-0.1869,0.0,-0.0061,1.0262,-0.0582,1.5987,0.000209,-0.0001,0.0
2.575,FLIGHT,0.9893,1.5933,-0.0534,-0.0751,-0.0541,-0.0768,-0.0124,-0.1869,0.0001,-0.0063,1.0252,-0.0579,1.5986,0.000208,-0.0,0.0
2.58,FLIGHT,0.9891,1.5929,-0.0541,-0.0768,-0.0546,-0.0782,-0.0124,-0.1869,0.0002,-0.0064,1.0242,-0.0576,1.5985,0.000208,-0.0,0.0
2.585,FLIGHT,0.9888,1.5925,-0.0545,-0.0783,-0.0549,-0.0794,-0.0123,-0.187,0.0003,-0.0066,1.0232,-0.0574,1.5984,0.000208,-0.0,0.0
2.59,FLIGHT,0.9885,1.5921,-0.0548,-0.0794,-0.0549,-0.0802,-0.0123,-0.187,0.0004,-0.0067,1.0221,-0.0571,1.5983,0.000208,-0.0,0.0
2.595,FLIGHT,0.9883,1.5917,-0.0548,-0.0802,-0.0547,-0.0808,-0.0123,-0.187,0.0005,-0.0067,1.0211,-0.0569,1.5982,0.000208,-0.0,0.0
2.6,FLIGHT,0.988,1.5913,-0.0546,-0.0807,-0.0544,-0.0811,-0.0123,-0.1871,0.0006,-0.0068,1.02,-0.0567,1.5981,0.000208,-0.0,0.0
2.605,FLIGHT,0.9877,1.5909,-0.0543,-0.081,-0.0538,-0.0811,-0.0123,-0.1871,0.0007,-0.0068,1.0189,-0.0565,1.598,0.000208,-0.0,0.0
2.61,FLIGHT,0.9874,1.5905,-0.0537,-0.081,-0.0531,-0.0809,-0.0123,-0.1871,0.0008,-0.0068,1.0178,-0.0562,1.5978,0.000207,-0.0,0.0
2.615,FLIGHT,0.9872,1.5901,-0.053,-0.0807,-0.0522,-0.0804,-0.0123,-0.1872,0.0009,-0.0068,1.0167,-0.056,1.5977,0.000207,-0.0,0.0
2.62,FLIGHT,0.9869,1.5897,-0.0521,-0.0802,-0.0512,-0.0797,-0.0123,-0.1872,0.001,-0.0068,1.0156,-0.0558,1.5976,0.000207,-0.0,0.0
2.625,FLIGHT,0.9867,1.5893,-0.0511,-0.0795,-0.0501,-0.0788,-0.0123,-0.1872,0.0011,-0.0067,1.0145,-0.0557,1.5975,0.000207,-0.0,0.0
2.63,FLIGHT,0.9864,1.5889,-0.0499,-0.0786,-0.0488,-0.0778,-0.0123,-0.1873,0.0012,-0.0067,1.0133,-0.0555,1.5973,0.000207,-0.0,0.0
2.635,FLIGHT,0.9862,1.5885,-0.0486,-0.0776,-0.0474,-0.0765,-0.0123,-0.1873,0.0013,-0.0066,1.0122,-0.0553,1.5972,0.000207,0.0,0.0
2.64,FLIGHT,0.9859,1.5881,-0.0472,-0.0763,-0.0459,-0.0751,-0.0123,-0.1873,0.0014,-0.0065,1.011,-0.0552,1.5971,0.000207,0.0,0.0
2.645,FLIGHT,0.9857,1.5878,-0.0457,-0.0749,-0.0443,-0.0735,-0.0123,-0.1874,0.0015,-0.0063,1.0098,-0.055,1.597,0.000207,0.0,0.0
2.65,FLIGHT,0.9855,1.5874,-0.0441,-0.0733,-0.0427,-0.0718,-0.0123,-0.1874,0.0016,-0.0062,1.0086,-0.0549,1.5968,0.000207,0.0,0.0
2.655,FLIGHT,0.9853,1.5871,-0.0425,-0.0715,-0.041,-0.0699,-0.0123,-0.1874,0.0017,-0.0061,1.0074,-0.0548,1.5967,0.000207,0.0,0.0
2.66,FLIGHT,0.9851,1.5867,-0.0407,-0.0697,-0.0392,-0.068,-0.0123,-0.1875,0.0017,-0.0059,1.0062,-0.0547,1.5966,0.000208,0.0,0.0
2.665,FLIGHT,0.9849,1.5864,-0.039,-0.0677,-0.0373,-0.0659,-0.0123,-0.1875,0.0018,-0.0058,1.0049,-0.0546,1.5965,0.000208,0.0,0.0
2.67,FLIGHT,0.9847,1.586,-0.0371,-0.0656,-0.0354,-0.0637,-0.0122,-0.1875,0.0019,-0.0056,1.0037,-0.0545,1.5964,0.000208,0.0,0.0
2.675,FLIGHT,0.9845,1.5857,-0.0352,-0.0635,-0.0335,-0.0615,-0.0122,-0.1875,0.0019,-0.0054,1.0024,-0.0544,1.5962,0.000208,0.0,0.0
2.68,FLIGHT,0.9844,1.5854,-0.0333,-0.0612,-0.0316,-0.0592,-0.0122,-0.1876,0.002,-0.0052,1.0012,-0.0543,1.5961,0.000208,0.0,0.0
2.685,FLIGHT,0.9842,1.5851,-0.0314,-0.0589,-0.0296,-0.0568,-0.0122,-0.1876,0.002,-0.005,0.9999,-0.0542,1.596,0.000208,0.0,0.0
2.69,STANCE,0.9854,1.5859,0.1891,0.1009,0.6879,0.1765,-0.0121,-0.1875,0.0219,0.007,0.9989,0.0812,-0.4258,-0.000562,-0.3387,0.0683
2.695,STANCE,0.9909,1.5849,0.8417,-0.1443,1.0056,-0.3694,-0.0109,-0.1877,0.1775,-0.0224,0.9981,-0.3457,-0.9477,-0.002554,-0.3194,0.0664
2.7,STANCE,0.9928,1.5846,0.4847,-0.0605,0.1036,0.0943,-0.0105,-0.1877,0.0992,-0.0106,0.9981,-0.468,-1.5849,-0.003199,-0.0179,0.0068
2.705,STANCE,0.9938,1.5844,0.3066,-0.0728,0.3717,-0.2783,-0.0103,-0.1878,0.0674,-0.0098,0.9983,-0.692,-2.0936,-0.003089,0.047,0.0031
2.71,STANCE,0.9966,1.5804,0.4875,-0.6565,0.5735,-1.8165,-0.0093,-0.1882,0.181,-0.0635,0.9984,-1.0753,-2.1857,-0.002719,0.1397,0.0027
2.715,STANCE,1.0014,1.572,0.8507,-1.3649,1.2766,-2.0976,-0.0072,-0.189,0.348,-0.1263,0.9984,-1.5205,-1.9876,-0.002374,-0.0209,0.0065
2.72,STANCE,1.0087,1.5582,1.2892,-2.3533,1.5604,-3.2187,-0.0039,-0.1902,0.5723,-0.2054,0.9983,-1.9607,-1.4163,-0.002651,-0.0716,0.017
2.725,STANCE,1.0154,1.5429,1.2949,-2.8705,1.2148,-3.0702,-0.0005,-0.1915,0.6523,-0.2362,0.9983,-2.095,-0.8567,-0.002727,0.0146,0.0027
2.73,STANCE,1.0211,1.5274,1.1576,-3.0692,0.9981,-3.2721,0.0028,-0.1927,0.6607,-0.2394,0.9983,-1.9959,-0.3164,-0.002796,-0.026,0.008
2.735,STANCE,1.0254,1.5108,0.9284,-3.245,0.7137,-3.297,0.006,-0.194,0.648,-0.2412,0.9984,-1.6849,0.2665,-0.002941,-0.0308,0.0091
2.74,STANCE,1.0278,1.4943,0.6175,-3.2807,0.2714,-3.3173,0.0089,-0.1952,0.5982,-0.235,0.9985,-1.1931,0.7743,-0.002979,0.0191,0.003
2.745,STANCE,1.0287,1.4784,0.3086,-3.1878,0.0255,-3.1101,0.0114,-0.1963,0.5286,-0.2224,0.9986,-0.632,1.1543,-0.002898,0.036,0.0029
2.75,STANCE,1.0285,1.4634,0.0655,-3.0569,-0.027,-2.8393,0.0136,-0.1974,0.4649,-0.209,0.9989,-0.1496,1.3969,-0.002689,0.0271,0.0027
2.755,STANCE,1.0282,1.4493,-0.0229,-2.8824,-0.0648,-2.7562,0.0156,-0.1983,0.4243,-0.1924,0.9992,0.0566,1.4566,-0.002465,0.0561,0.0025
2.76,FLIGHT,1.0271,1.4369,-0.1882,-2.5672,-0.6035,-1.9603,0.0172,-0.1992,0.3464,-0.17,0.9997,-1.3175,2.5993,-0.002094,0.1084,0.0021
2.765,FLIGHT,1.0219,1.4301,-0.8249,-1.6876,-1.4847,-0.7964,0.0172,-0.1997,0.0878,-0.1234,1.0005,-1.1221,2.4317,-0.001383,0.1722,0.0014
2.77,FLIGHT,1.0126,1.4285,-1.5546,-0.702,-2.173,0.1388,0.0156,-0.2,-0.2062,-0.0704,1.0015,-0.8326,2.1925,-0.000417,0.2097,0.0004
2.775,FLIGHT,1.0006,1.431,-2.1606,0.1415,-2.617,0.8012,0.0128,-0.2,-0.453,-0.018,1.0028,-0.5398,1.9538,0.000567,0.1589,0.0
2.78,FLIGHT,0.9868,1.4361,-2.566,0.7592,-2.8365,1.2056,0.0093,-0.1998,-0.6241,0.0299,1.0042,-0.2854,1.748,0.001173,0.0881,0.0
2.785,FLIGHT,0.9725,1.4427,-2.7713,1.1451,-2.8731,1.395,0.0055,-0.1994,-0.719,0.0694,1.0056,-0.0831,1.586,0.001486,0.0404,0.0
2.79,FLIGHT,0.9583,1.4498,-2.8056,1.3313,-2.7708,1.4215,0.0016,-0.1989,-0.7494,0.0978,1.0071,0.0662,1.4681,0.001605,0.0094,0.0
2.795,FLIGHT,0.945,1.4567,-2.7072,1.3624,-2.5713,1.3345,-0.002,-0.1984,-0.7307,0.1142,1.0086,0.1683,1.3897,0.0016,-0.0099,0.002
2.8,FLIGHT,0.9327,1.463,-2.5147,1.2839,-2.3108,1.1768,-0.0053,-0.1978,-0.678,0.1193,1.01,0.2311,1.344,0.00152,-0.0212,0.0042
2.805,FLIGHT,0.9219,1.4684,-2.2625,1.1358,-2.0185,0.9824,-0.0082,-0.1973,-0.6045,0.1149,1.0114,0.2631,1.3236,0.001397,-0.027,0.0054
2.81,FLIGHT,0.9126,1.4728,-1.9783,0.951,-1.7164,0.7769,-0.0107,-0.1968,-0.5207,0.1035,1.0128,0.2722,1.3219,0.001255,-0.0293,0.0059
2.815,FLIGHT,0.9047,1.4762,-1.6839,0.7544,-1.4205,0.5788,-0.0127,-0.1964,-0.4342,0.0879,1.014,0.2648,1.333,0.001108,-0.0291,0.0058
2.82,FLIGHT,0.8983,1.4786,-1.3948,0.5639,-1.1417,0.3999,-0.0143,-0.1961,-0.3504,0.0703,1.0152,0.2466,1.3524,0.000966,-0.0276,0.0055
2.825,FLIGHT,0.8933,1.4802,-1.1217,0.3914,-0.8865,0.2473,-0.0155,-0.1959,-0.2729,0.0527,1.0164,0.2217,1.3762,0.000834,-0.0252,0.005
2.83,FLIGHT,0.8894,1.4812,-0.8713,0.2439,-0.6585,0.1243,-0.0164,-0.1958,-0.2036,0.0364,1.0175,0.1935,1.4018,0.000715,-0.0224,0.0045
2.835,FLIGHT,0.8866,1.4815,-0.6472,0.1248,-0.4587,0.0312,-0.017,-0.1957,-0.1435,0.0224,1.0185,0.1644,1.4271,0.000611,-0.0194,0.0039
2.84,FLIGHT,0.8848,1.4815,-0.4504,0.0347,-0.2865,-0.0333,-0.0173,-0.1957,-0.0928,0.011,1.0195,0.1362,1.4509,0.000521,-0.0165,0.0033
2.845,FLIGHT,0.8837,1.4812,-0.2807,-0.0278,-0.1403,-0.072,-0.0175,-0.1957,-0.0512,0.0024,1.0205,0.1098,1.4723,0.000445,-0.0137,0.0027
2.85,FLIGHT,0.8833,1.4808,-0.1363,-0.0651,-0.0176,-0.0882,-0.0175,-0.1957,-0.0179,-0.0036,1.0215,0.086,1.491,0.000383,-0.0111,0.0022
2.855,FLIGHT,0.8835,1.4804,-0.0149,-0.0806,0.0842,-0.0856,-0.0174,-0.1957,0.0079,-0.0071,1.0224,0.0651,1.5069,0.000334,-0.0089,0.0018
2.86,FLIGHT,0.8842,1.48,0.086,-0.0776,0.168,-0.0678,-0.0172,-0.1958,0.0273,-0.0086,1.0233,0.0472,1.5199,0.000294,-0.0069,0.0014
2.865,FLIGHT,0.8852,1.4797,0.1692,-0.0598,0.2365,-0.0381,-0.017,-0.1958,0.0412,-0.0083,1.0242,0.0322,1.5304,0.000264,-0.0053,0.0011
2.87,FLIGHT,0.8865,1.4796,0.2373,-0.0304,0.2924,0.0001,-0.0167,-0.1959,0.0506,-0.0067,1.0251,0.0198,1.5386,0.000241,-0.0039,0.0008
2.875,FLIGHT,0.8881,1.4797,0.293,0.0074,0.3379,0.0443,-0.0164,-0.1959,0.0564,-0.0041,1.026,0.0098,1.5447,0.000224,-0.0028,0.0006
2.88,FLIGHT,0.8899,1.4801,0.3384,0.0511,0.375,0.092,-0.0161,-0.1959,0.0594,-0.0008,1.0269,0.0018,1.5493,0.000212,-0.0019,0.0004
2.885,FLIGHT,0.8918,1.4807,0.3754,0.0982,0.4054,0.1414,-0.0158,-0.1958,0.0602,0.0029,1.0277,-0.0045,1.5524,0.000204,-0.0012,0.0002
2.89,FLIGHT,0.8939,1.4815,0.4059,0.1469,0.4306,0.1908,-0.0155,-0.1958,0.0595,0.007,1.0286,-0.0094,1.5546,0.000199,-0.0007,0.0001
2.895,FLIGHT,0.8961,1.4826,0.431,0.1957,0.4516,0.2391,-0.0152,-0.1957,0.0578,0.0111,1.0295,-0.0131,1.5559,0.000197,-0.0003,0.0001
2.9,FLIGHT,0.8984,1.4839,0.4521,0.2435,0.4694,0.2854,-0.015,-0.1957,0.0554,0.0152,1.0303,-0.0161,1.5566,0.000196,0.0,0.0
2.905,FLIGHT,0.9008,1.4854,0.4699,0.2892,0.4845,0.3291,-0.0147,-0.1956,0.0526,0.0191,1.0312,-0.0183,1.557,0.000196,0.0002,0.0
2.91,FLIGHT,0.9033,1.4872,0.485,0.3323,0.4976,0.3696,-0.0145,-0.1954,0.0496,0.0228,1.032,-0.0202,1.5572,0.000198,0.0004,0.0
2.915,FLIGHT,0.9058,1.4891,0.4981,0.3724,0.5091,0.4068,-0.0142,-0.1953,0.0466,0.0263,1.0328,-0.0217,1.5572,0.0002,0.0005,0.0
2.92,FLIGHT,0.9083,1.4912,0.5095,0.4091,0.519,0.4405,-0.014,-0.1951,0.0437,0.0296,1.0337,-0.023,1.5571,0.000203,0.0005,0.0
2.925,FLIGHT,0.911,1.4935,0.5194,0.4424,0.5277,0.4706,-0.0138,-0.195,0.0411,0.0325,1.0345,-0.0242,1.5572,0.000205,0.0006,0.0
2.93,FLIGHT,0.9136,1.4959,0.528,0.4722,0.5351,0.4973,-0.0136,-0.1948,0.0386,0.0351,1.0353,-0.0254,1.5572,0.000208,0.0006,0.0
2.935,FLIGHT,0.9163,1.4985,0.5354,0.4986,0.5414,0.5207,-0.0135,-0.1946,0.0363,0.0375,1.0361,-0.0266,1.5574,0.000211,0.0006,0.0
2.94,FLIGHT,0.919,1.5011,0.5416,0.5217,0.5466,0.5409,-0.0133,-0.1944,0.0342,0.0395,1.0369,-0.0278,1.5578,0.000214,0.0006,0.0
2.945,FLIGHT,0.9218,1.5039,0.5466,0.5415,0.5506,0.558,-0.0131,-0.1942,0.0324,0.0414,1.0376,-0.0291,1.5582,0.000217,0.0005,0.0
2.95,FLIGHT,0.9245,1.5067,0.5505,0.5584,0.5536,0.5722,-0.013,-0.194,0.0308,0.0429,1.0384,-0.0304,1.5588,0.000219,0.0005,0.0
2.955,FLIGHT,0.9273,1.5096,0.5533,0.5725,0.5553,0.5838,-0.0128,-0.1938,0.0293,0.0442,1.0391,-0.0318,1.5595,0.000222,0.0005,0.0
2.96,FLIGHT,0.9301,1.5125,0.555,0.5838,0.5559,0.5929,-0.0127,-0.1935,0.0279,0.0453,1.0398,-0.0332,1.5603,0.000224,0.0004,0.0
2.965,FLIGHT,0.9329,1.5155,0.5555,0.5927,0.5554,0.5996,-0.0126,-0.1933,0.0267,0.0462,1.0405,-0.0347,1.5612,0.000226,0.0004,0.0
2.97,FLIGHT,0.9356,1.5185,0.5548,0.5993,0.5537,0.6041,-0.0125,-0.1931,0.0256,0.0469,1.0412,-0.0362,1.5622,0.000228,0.0004,0.0
2.975,FLIGHT,0.9384,1.5216,0.553,0.6036,0.5509,0.6066,-0.0123,-0.1928,0.0245,0.0474,1.0419,-0.0377,1.5632,0.00023,0.0003,0.0
2.98,FLIGHT,0.9412,1.5246,0.5501,0.606,0.5469,0.6073,-0.0122,-0.1926,0.0235,0.0477,1.0425,-0.0392,1.5643,0.000231,0.0003,0.0
2.985,FLIGHT,0.9439,1.5276,0.546,0.6065,0.5419,0.6062,-0.0121,-0.1923,0.0225,0.0479,1.0432,-0.0408,1.5655,0.000233,0.0003,0.0
2.99,FLIGHT,0.9466,1.5307,0.5409,0.6053,0.5358,0.6034,-0.012,-0.1921,0.0216,0.0479,1.0438,-0.0423,1.5667,0.000234,0.0002,0.0
2.995,FLIGHT,0.9492,1.5337,0.5347,0.6024,0.5287,0.5992,-0.0119,-0.1919,0.0207,0.0478,1.0444,-0.0438,1.5679,0.000235,0.0002,0.0
3.0,FLIGHT,0.9519,1.5366,0.5275,0.5981,0.5206,0.5935,-0.0118,-0.1916,0.0198,0.0476,1.0449,-0.0452,1.5692,0.000236,0.0002,0.0
3.005,FLIGHT,0.9544,1.5396,0.5193,0.5923,0.5116,0.5866,-0.0117,-0.1914,0.0189,0.0473,1.0454,-0.0466,1.5704,0.000237,0.0002,0.0
3.01,FLIGHT,0.957,1.5425,0.5103,0.5853,0.5018,0.5784,-0.0116,-0.1912,0.018,0.0468,1.046,-0.048,1.5717,0.000238,0.0001,0.0
3.015,FLIGHT,0.9595,1.5454,0.5004,0.577,0.4911,0.5691,-0.0115,-0.1909,0.0172,0.0462,1.0464,-0.0494,1.5729,0.000238,0.0001,0.0
3.02,FLIGHT,0.9619,1.5482,0.4897,0.5677,0.4798,0.5588,-0.0115,-0.1907,0.0163,0.0456,1.0469,-0.0507,1.5742,0.000239,0.0001,0.0
3.025,FLIGHT,0.9642,1.551,0.4782,0.5573,0.4677,0.5476,-0.0114,-0.1905,0.0154,0.0449,1.0473,-0.0519,1.5754,0.000239,0.0001,0.0
3.03,FLIGHT,0.9666,1.5537,0.4662,0.546,0.4551,0.5354,-0.0113,-0.1903,0.0146,0.044,1.0478,-0.0531,1.5766,0.000239,0.0,0.0
3.035,FLIGHT,0.9688,1.5563,0.4535,0.5338,0.4418,0.5225,-0.0112,-0.19,0.0138,0.0431,1.0481,-0.0542,1.5778,0.000239,0.0,0.0
3.04,FLIGHT,0.971,1.5589,0.4402,0.5208,0.4282,0.5089,-0.0112,-0.1898,0.0129,0.0422,1.0485,-0.0552,1.579,0.000239,-0.0,0.0
3.045,FLIGHT,0.9731,1.5614,0.4265,0.5071,0.414,0.4946,-0.0111,-0.1896,0.0121,0.0411,1.0488,-0.0562,1.5801,0.000239,-0.0,0.0
3.05,FLIGHT,0.9751,1.5638,0.4124,0.4928,0.3996,0.4797,-0.0111,-0.1894,0.0113,0.04,1.0491,-0.0572,1.5812,0.000239,-0.0,0.0
3.055,FLIGHT,0.9771,1.5662,0.3979,0.4779,0.3848,0.4643,-0.011,-0.1892,0.0105,0.0389,1.0494,-0.0581,1.5823,0.000239,-0.0001,0.0
3.06,FLIGHT,0.979,1.5685,0.3831,0.4625,0.3697,0.4484,-0.011,-0.1891,0.0098,0.0377,1.0496,-0.0589,1.5834,0.000238,-0.0001,0.0
3.065,FLIGHT,0.9808,1.5707,0.368,0.4466,0.3545,0.4322,-0.0109,-0.1889,0.009,0.0365,1.0498,-0.0597,1.5844,0.000238,-0.0001,0.0
3.07,FLIGHT,0.9825,1.5728,0.3528,0.4304,0.3391,0.4156,-0.0109,-0.1887,0.0083,0.0352,1.05,-0.0604,1.5854,0.000237,-0.0001,0.0
3.075,FLIGHT,0.9842,1.5748,0.3374,0.4138,0.3236,0.3988,-0.0108,-0.1885,0.0076,0.0339,1.0501,-0.061,1.5864,0.000237,-0.0001,0.0
3.08,FLIGHT,0.9857,1.5768,0.3219,0.397,0.3081,0.3818,-0.0108,-0.1884,0.0069,0.0326,1.0502,-0.0616,1.5873,0.000236,-0.0001,0.0
3.085,FLIGHT,0.9872,1.5787,0.3064,0.38,0.2925,0.3646,-0.0108,-0.1882,0.0063,0.0312,1.0503,-0.0621,1.5882,0.000235,-0.0001,0.0
3.09,FLIGHT,0.9887,1.5804,0.2909,0.3628,0.277,0.3474,-0.0107,-0.1881,0.0056,0.0299,1.0504,-0.0626,1.5891,0.000235,-0.0002,0.0
3.095,FLIGHT,0.99,1.5821,0.2754,0.3455,0.2616,0.33,-0.0107,-0.1879,0.005,0.0285,1.0504,-0.063,1.5899,0.000234,-0.0002,0.0
3.1,FLIGHT,0.9913,1.5837,0.2601,0.3282,0.2463,0.3127,-0.0107,-0.1878,0.0045,0.0271,1.0504,-0.0634,1.5907,0.000233,-0.0002,0.0
3.105,FLIGHT,0.9925,1.5853,0.2448,0.3109,0.2312,0.2955,-0.0107,-0.1877,0.0039,0.0257,1.0503,-0.0637,1.5914,0.000232,-0.0002,0.0
3.11,FLIGHT,0.9936,1.5867,0.2297,0.2937,0.2163,0.2783,-0.0107,-0.1876,0.0034,0.0243,1.0502,-0.064,1.5922,0.000231,-0.0002,0.0
3.115,FLIGHT,0.9946,1.588,0.2148,0.2766,0.2015,0.2613,-0.0107,-0.1874,0.0029,0.0229,1.0501,-0.0643,1.5929,0.00023,-0.0002,0.0
3.12,FLIGHT,0.9956,1.5893,0.2001,0.2596,0.1871,0.2444,-0.0106,-0.1873,0.0024,0.0215,1.05,-0.0645,1.5935,0.000229,-0.0002,0.0
3.125,FLIGHT,0.9965,1.5905,0.1857,0.2427,0.1729,0.2277,-0.0106,-0.1872,0.002,0.0202,1.0498,-0.0646,1.5941,0.000228,-0.0002,0.0
3.13,FLIGHT,0.9973,1.5916,0.1716,0.2261,0.159,0.2113,-0.0106,-0.1872,0.0016,0.0188,1.0496,-0.0647,1.5947,0.000228,-0.0002,0.0
3.135,FLIGHT,0.9981,1.5926,0.1577,0.2097,0.1455,0.1952,-0.0106,-0.1871,0.0012,0.0175,1.0494,-0.0648,1.5953,0.000227,-0.0002,0.0
3.14,FLIGHT,0.9988,1.5935,0.1443,0.1937,0.1323,0.1794,-0.0106,-0.187,0.0008,0.0162,1.0491,-0.0648,1.5958,0.000226,-0.0002,0.0
3.145,FLIGHT,0.9994,1.5944,0.1311,0.1779,0.1195,0.1639,-0.0106,-0.1869,0.0005,0.0149,1.0488,-0.0648,1.5963,0.000225,-0.0002,0.0
3.15,FLIGHT,1.0,1.5952,0.1184,0.1624,0.1071,0.1488,-0.0106,-0.1869,0.0002,0.0136,1.0485,-0.0648,1.5968,0.000224,-0.0002,0.0
3.155,FLIGHT,1.0005,1.5959,0.106,0.1474,0.0951,0.134,-0.0106,-0.1868,-0.0001,0.0123,1.0481,-0.0647,1.5972,0.000223,-0.0002,0.0
3.16,FLIGHT,1.0009,1.5965,0.094,0.1327,0.0835,0.1197,-0.0106,-0.1867,-0.0003,0.0111,1.0477,-0.0646,1.5976,0.000222,-0.0002,0.0
3.165,FLIGHT,1.0013,1.5971,0.0825,0.1184,0.0723,0.1058,-0.0106,-0.1867,-0.0006,0.01,1.0473,-0.0645,1.598,0.000221,-0.0002,0.0
3.17,FLIGHT,1.0017,1.5976,0.0713,0.1045,0.0616,0.0923,-0.0106,-0.1867,-0.0008,0.0088,1.0469,-0.0643,1.5983,0.00022,-0.0002,0.0
3.175,FLIGHT,1.0019,1.598,0.0606,0.0911,0.0513,0.0793,-0.0106,-0.1866,-0.001,0.0077,1.0464,-0.0641,1.5986,0.000219,-0.0002,0.0
3.18,FLIGHT,1.0022,1.5984,0.0504,0.0781,0.0414,0.0667,-0.0106,-0.1866,-0.0011,0.0066,1.0459,-0.0639,1.5989,0.000218,-0.0002,0.0
3.185,FLIGHT,1.0024,1.5987,0.0406,0.0656,0.0321,0.0547,-0.0106,-0.1866,-0.0013,0.0056,1.0454,-0.0637,1.5991,0.000217,-0.0002,0.0
3.19,FLIGHT,1.0025,1.5989,0.0313,0.0536,0.0231,0.0431,-0.0107,-0.1865,-0.0014,0.0046,1.0448,-0.0635,1.5994,0.000217,-0.0002,0.0
3.195,FLIGHT,1.0026,1.5991,0.0224,0.0421,0.0147,0.032,-0.0107,-0.1865,-0.0015,0.0036,1.0443,-0.0632,1.5996,0.000216,-0.0002,0.0
3.2,FLIGHT,1.0026,1.5992,0.014,0.0311,0.0067,0.0214,-0.0107,-0.1865,-0.0016,0.0027,1.0437,-0.063,1.5997,0.000215,-0.0002,0.0
3.205,FLIGHT,1.0027,1.5993,0.006,0.0205,-0.0009,0.0113,-0.0107,-0.1865,-0.0016,0.0018,1.043,-0.0627,1.5999,0.000214,-0.0002,0.0
3.21,FLIGHT,1.0026,1.5994,-0.0014,0.0105,-0.008,0.0017,-0.0107,-0.1865,-0.0017,0.001,1.0424,-0.0624,1.6,0.000213,-0.0001,0.0
3.215,FLIGHT,1.0026,1.5993,-0.0085,0.001,-0.0146,-0.0073,-0.0107,-0.1865,-0.0017,0.0002,1.0417,-0.0621,1.6001,0.000213,-0.0001,0.0
3.22,FLIGHT,1.0025,1.5993,-0.0151,-0.008,-0.0208,-0.0159,-0.0107,-0.1865,-0.0017,-0.0006,1.041,-0.0618,1.6002,0.000212,-0.0001,0.0
3.225,FLIGHT,1.0024,1.5992,-0.0212,-0.0166,-0.0265,-0.024,-0.0107,-0.1865,-0.0017,-0.0013,1.0403,-0.0614,1.6003,0.000211,-0.0001,0.0
3.23,FLIGHT,1.0022,1.599,-0.0269,-0.0246,-0.0318,-0.0315,-0.0107,-0.1865,-0.0017,-0.002,1.0396,-0.0611,1.6003,0.000211,-0.0001,0.0
3.235,FLIGHT,1.0021,1.5989,-0.0322,-0.0321,-0.0367,-0.0386,-0.0107,-0.1865,-0.0017,-0.0026,1.0388,-0.0608,1.6003,0.00021,-0.0001,0.0
3.24,FLIGHT,1.0019,1.5987,-0.037,-0.0391,-0.0412,-0.0452,-0.0107,-0.1866,-0.0016,-0.0032,1.038,-0.0604,1.6004,0.000209,-0.0001,0.0
3.245,FLIGHT,1.0016,1.5984,-0.0415,-0.0456,-0.0452,-0.0512,-0.0107,-0.1866,-0.0016,-0.0037,1.0372,-0.0601,1.6003,0.000209,-0.0001,0.0
3.25,FLIGHT,1.0014,1.5981,-0.0455,-0.0517,-0.0489,-0.0569,-0.0108,-0.1866,-0.0015,-0.0042,1.0364,-0.0598,1.6003,0.000208,-0.0001,0.0
3.255,FLIGHT,1.0012,1.5978,-0.0491,-0.0572,-0.0522,-0.062,-0.0108,-0.1866,-0.0014,-0.0047,1.0355,-0.0594,1.6003,0.000208,-0.0001,0.0
3.26,FLIGHT,1.0009,1.5975,-0.0524,-0.0623,-0.0551,-0.0667,-0.0108,-0.1866,-0.0014,-0.0051,1.0347,-0.0591,1.6002,0.000207,-0.0001,0.0
3.265,FLIGHT,1.0006,1.5972,-0.0552,-0.067,-0.0576,-0.071,-0.0108,-0.1867,-0.0013,-0.0055,1.0338,-0.0588,1.6002,0.000207,-0.0001,0.0
3.27,FLIGHT,1.0003,1.5968,-0.0577,-0.0712,-0.0598,-0.0748,-0.0108,-0.1867,-0.0012,-0.0059,1.0329,-0.0584,1.6001,0.000207,-0.0001,0.0
3.275,FLIGHT,1.0,1.5964,-0.0599,-0.075,-0.0617,-0.0782,-0.0108,-0.1867,-0.0011,-0.0062,1.0319,-0.0581,1.6,0.000206,-0.0001,0.0
3.28,FLIGHT,0.9997,1.596,-0.0617,-0.0783,-0.0632,-0.0811,-0.0108,-0.1868,-0.001,-0.0065,1.031,-0.0578,1.5999,0.000206,-0.0001,0.0
3.285,FLIGHT,0.9994,1.5956,-0.0632,-0.0813,-0.0645,-0.0837,-0.0108,-0.1868,-0.0009,-0.0068,1.0301,-0.0575,1.5998,0.000206,-0.0001,0.0
3.29,FLIGHT,0.9991,1.5952,-0.0644,-0.0838,-0.0654,-0.0859,-0.0108,-0.1868,-0.0007,-0.007,1.0291,-0.0572,1.5997,0.000205,-0.0001,0.0
3.295,FLIGHT,0.9987,1.5948,-0.0653,-0.086,-0.066,-0.0877,-0.0108,-0.1869,-0.0006,-0.0072,1.0281,-0.0569,1.5996,0.000205,-0.0001,0.0
3.3,FLIGHT,0.9984,1.5943,-0.066,-0.0878,-0.0664,-0.0892,-0.0108,-0.1869,-0.0005,-0.0073,1.0271,-0.0566,1.5995,0.000205,-0.0,0.0
3.305,FLIGHT,0.9981,1.5939,-0.0663,-0.0892,-0.0665,-0.0903,-0.0108,-0.187,-0.0004,-0.0074,1.0261,-0.0563,1.5994,0.000205,-0.0,0.0
3.31,FLIGHT,0.9977,1.5934,-0.0664,-0.0903,-0.0664,-0.0911,-0.0108,-0.187,-0.0002,-0.0075,1.025,-0.056,1.5992,0.000204,-0.0,0.0
3.315,FLIGHT,0.9974,1.593,-0.0663,-0.0911,-0.0661,-0.0916,-0.0108,-0.187,-0.0001,-0.0076,1.024,-0.0557,1.5991,0.000204,-0.0,0.0
3.32,FLIGHT,0.9971,1.5925,-0.0659,-0.0915,-0.0655,-0.0918,-0.0108,-0.1871,0.0,-0.0077,1.0229,-0.0555,1.5989,0.000204,-0.0,0.0
3.325,FLIGHT,0.9967,1.592,-0.0654,-0.0917,-0.0648,-0.0917,-0.0108,-0.1871,0.0001,-0.0077,1.0218,-0.0552,1.5988,0.000204,-0.0,0.0
3.33,FLIGHT,0.9964,1.5916,-0.0646,-0.0916,-0.0638,-0.0913,-0.0108,-0.1871,0.0003,-0.0077,1.0207,-0.055,1.5986,0.000204,-0.0,0.0
3.335,FLIGHT,0.9961,1.5911,-0.0637,-0.0912,-0.0627,-0.0907,-0.0108,-0.1872,0.0004,-0.0076,1.0196,-0.0548,1.5985,0.000204,-0.0,0.0
3.34,FLIGHT,0.9958,1.5907,-0.0625,-0.0905,-0.0615,-0.0898,-0.0108,-0.1872,0.0005,-0.0076,1.0185,-0.0546,1.5984,0.000204,-0.0,0.0
3.345,FLIGHT,0.9955,1.5902,-0.0613,-0.0896,-0.0601,-0.0888,-0.0108,-0.1873,0.0006,-0.0075,1.0174,-0.0544,1.5982,0.000204,-0.0,0.0
3.35,FLIGHT,0.9952,1.5898,-0.0599,-0.0885,-0.0585,-0.0875,-0.0108,-0.1873,0.0007,-0.0074,1.0162,-0.0542,1.5981,0.000204,-0.0,0.0
3.355,FLIGHT,0.9949,1.5894,-0.0583,-0.0872,-0.0569,-0.086,-0.0108,-0.1873,0.0009,-0.0073,1.0151,-0.054,1.5979,0.000204,0.0,0.0
3.36,FLIGHT,0.9946,1.5889,-0.0566,-0.0857,-0.0551,-0.0843,-0.0108,-0.1874,0.001,-0.0072,1.0139,-0.0538,1.5978,0.000204,0.0,0.0
3.365,FLIGHT,0.9944,1.5885,-0.0549,-0.0841,-0.0532,-0.0825,-0.0108,-0.1874,0.0011,-0.0071,1.0127,-0.0537,1.5976,0.000204,0.0,0.0
3.37,FLIGHT,0.9941,1.5881,-0.053,-0.0822,-0.0513,-0.0805,-0.0108,-0.1874,0.0012,-0.0069,1.0115,-0.0535,1.5975,0.000204,0.0,0.0
3.375,FLIGHT,0.9938,1.5877,-0.051,-0.0802,-0.0492,-0.0784,-0.0108,-0.1875,0.0013,-0.0068,1.0103,-0.0534,1.5973,0.000204,0.0,0.0
3.38,FLIGHT,0.9936,1.5873,-0.049,-0.0781,-0.0472,-0.0761,-0.0108,-0.1875,0.0014,-0.0066,1.0091,-0.0532,1.5972,0.000204,0.0,0.0
3.385,FLIGHT,0.9934,1.587,-0.0469,-0.0758,-0.045,-0.0738,-0.0107,-0.1875,0.0014,-0.0064,1.0079,-0.0531,1.597,0.000204,0.0,0.0
3.39,FLIGHT,0.9932,1.5866,-0.0448,-0.0735,-0.0428,-0.0713,-0.0107,-0.1876,0.0015,-0.0062,1.0066,-0.053,1.5969,0.000204,0.0,0.0
3.395,FLIGHT,0.9929,1.5862,-0.0426,-0.071,-0.0406,-0.0687,-0.0107,-0.1876,0.0016,-0.006,1.0054,-0.0529,1.5968,0.000204,0.0,0.0
3.4,FLIGHT,0.9927,1.5859,-0.0404,-0.0684,-0.0384,-0.0661,-0.0107,-0.1876,0.0017,-0.0058,1.0041,-0.0528,1.5967,0.000205,0.0,0.0
3.405,FLIGHT,0.9926,1.5856,-0.0381,-0.0658,-0.0361,-0.0634,-0.0107,-0.1877,0.0017,-0.0056,1.0029,-0.0528,1.5965,0.000205,0.0,0.0
3.41,FLIGHT,0.9924,1.5853,-0.0359,-0.0631,-0.0339,-0.0607,-0.0107,-0.1877,0.0018,-0.0054,1.0016,-0.0527,1.5964,0.000205,0.0,0.0
3.415,FLIGHT,0.9922,1.585,-0.0336,-0.0604,-0.0316,-0.0579,-0.0107,-0.1877,0.0019,-0.0051,1.0003,-0.0526,1.5963,0.000205,0.0,0.0
3.42,STANCE,0.9924,1.5851,0.0242,0.018,0.2628,0.3418,-0.0107,-0.1877,0.0021,0.0014,0.9991,0.1351,-0.1528,-0.0,-0.2047,0.0409
3.425,STANCE,0.9964,1.5857,0.6057,0.0538,1.2705,-0.2399,-0.01,-0.1877,0.1064,-0.0012,0.9983,-0.1976,-0.7692,-0.001703,-0.419,0.0855
3.43,STANCE,0.9991,1.5854,0.5046,0.0028,0.1406,0.0947,-0.0095,-0.1877,0.0943,-0.0045,0.9981,-0.4023,-1.3607,-0.00269,-0.0548,0.0136
3.435,STANCE,1.0,1.5855,0.2863,-0.0129,0.2954,-0.1846,-0.0093,-0.1877,0.0555,-0.0038,0.9983,-0.6125,-1.9063,-0.002725,0.0252,0.0027
3.44,STANCE,1.0025,1.5828,0.464,-0.4137,0.6142,-1.2804,-0.0085,-0.188,0.1436,-0.0409,0.9984,-1.007,-2.1424,-0.002505,0.0911,0.0025
3.445,STANCE,1.0066,1.5747,0.7322,-1.2536,1.1335,-1.8813,-0.0066,-0.1887,0.3105,-0.1148,0.9985,-1.4396,-1.9716,-0.002055,0.0109,0.0021
3.45,STANCE,1.0136,1.5623,1.1933,-2.1529,1.4313,-3.0954,-0.0036,-0.1898,0.526,-0.1873,0.9984,-1.9232,-1.5242,-0.002387,-0.0671,0.0158
3.455,STANCE,1.0201,1.5478,1.2387,-2.6774,1.2283,-2.7755,-0.0003,-0.1911,0.6138,-0.2202,0.9984,-2.1234,-1.0324,-0.002485,0.0095,0.0025
3.46,STANCE,1.0256,1.5327,1.1362,-2.9472,0.9674,-3.278,0.0029,-0.1923,0.6385,-0.23,0.9984,-2.0968,-0.5111,-0.002631,-0.0466,0.012
3.465,STANCE,1.0297,1.5158,0.8959,-3.2492,0.6078,-3.4758,0.0061,-0.1936,0.6417,-0.242,0.9983,-1.837,0.103,-0.002881,-0.0394,0.0108
3.47,STANCE,1.032,1.4988,0.5781,-3.3497,0.2948,-3.3258,0.009,-0.1948,0.6003,-0.2405,0.9983,-1.3786,0.6407,-0.003086,-0.0376,0.0106
3.475,STANCE,1.0325,1.4823,0.2327,-3.2999,-0.031,-3.1706,0.0115,-0.196,0.53,-0.2312,0.9984,-0.8027,1.0635,-0.003168,-0.011,0.0054
3.48,STANCE,1.0317,1.4668,-0.0335,-3.1539,-0.2082,-2.9931,0.0137,-0.1971,0.4596,-0.2172,0.9986,-0.2609,1.346,-0.003145,0.0097,0.0031
3.485,STANCE,1.0303,1.452,-0.202,-3.0302,-0.2965,-2.9321,0.0156,-0.1981,0.4107,-0.2053,0.9988,0.092,1.4939,-0.00297,0.0511,0.003
3.49,FLIGHT,1.0291,1.438,-0.2214,-2.844,-0.3483,-2.4794,0.0174,-0.1991,0.3813,-0.1882,0.9991,-1.3423,2.626,-0.002758,0.0509,0.0028
3.495,FLIGHT,1.0251,1.4287,-0.6768,-2.1068,-1.2724,-1.2525,0.018,-0.1997,0.1807,-0.1471,0.9997,-1.2247,2.5183,-0.002298,0.1296,0.0023
3.5,FLIGHT,1.0167,1.4252,-1.3969,-1.1036,-2.0481,-0.2074,0.0169,-0.2001,-0.1144,-0.095,1.0007,-0.9537,2.2923,-0.001506,0.1828,0.0015
3.505,FLIGHT,1.005,1.4262,-2.0637,-0.1778,-2.5902,0.5664,0.0144,-0.2002,-0.3868,-0.0415,1.0018,-0.6497,2.0437,-0.000517,0.2088,0.0005
3.51,FLIGHT,0.9912,1.4304,-2.5496,0.5363,-2.8892,1.0687,0.011,-0.2001,-0.5894,0.0091,1.0032,-0.3727,1.8192,0.000468,0.161,0.0
3.515,FLIGHT,0.9764,1.4365,-2.8247,1.0121,-2.9819,1.3353,0.0072,-0.1998,-0.7123,0.053,1.0046,-0.1465,1.6374,0.001085,0.0901,0.0
3.52,FLIGHT,0.9616,1.4434,-2.9121,1.2705,-2.9172,1.4166,0.0032,-0.1994,-0.7642,0.0867,1.0061,0.0246,1.5015,0.001407,0.0422,0.0
3.525,FLIGHT,0.9475,1.4504,-2.8499,1.3542,-2.7393,1.3649,-0.0006,-0.1989,-0.7602,0.1082,1.0075,0.1448,1.4081,0.001534,0.011,0.0
3.53,FLIGHT,0.9344,1.4569,-2.6785,1.3101,-2.4875,1.2266,-0.0042,-0.1983,-0.7163,0.1177,1.009,0.2217,1.3506,0.001537,-0.0085,0.0017
3.535,FLIGHT,0.9227,1.4626,-2.4349,1.1815,-2.1939,1.0398,-0.0073,-0.1978,-0.6468,0.1167,1.0104,0.2642,1.3217,0.001463,-0.0199,0.004
3.54,FLIGHT,0.9125,1.4673,-2.1499,1.0047,-1.8837,0.8336,-0.0099,-0.1973,-0.5634,0.1076,1.0117,0.2806,1.3141,0.001347,-0.0258,0.0052
3.545,FLIGHT,0.9038,1.4709,-1.8477,0.8079,-1.5752,0.6293,-0.0121,-0.1969,-0.4749,0.0932,1.013,0.2779,1.3217,0.001212,-0.028,0.0056
3.55,FLIGHT,0.8967,1.4736,-1.5464,0.6118,-1.281,0.4412,-0.0139,-0.1966,-0.3875,0.0759,1.0143,0.2624,1.3391,0.001071,-0.028,0.0056
3.555,FLIGHT,0.891,1.4754,-1.2585,0.4307,-1.0093,0.278,-0.0153,-0.1963,-0.3056,0.058,1.0154,0.2387,1.3622,0.000934,-0.0265,0.0053
3.56,FLIGHT,0.8866,1.4764,-0.9921,0.2731,-0.7647,0.1442,-0.0163,-0.1961,-0.2316,0.0409,1.0165,0.2106,1.388,0.000807,-0.0242,0.0048
3.565,FLIGHT,0.8833,1.4769,-0.7517,0.1438,-0.5489,0.0412,-0.017,-0.1961,-0.1668,0.0259,1.0176,0.1809,1.4141,0.000692,-0.0215,0.0043
3.57,FLIGHT,0.881,1.4769,-0.5394,0.0441,-0.3618,-0.0321,-0.0174,-0.196,-0.1117,0.0134,1.0186,0.1515,1.4389,0.000592,-0.0186,0.0037
3.575,FLIGHT,0.8796,1.4766,-0.355,-0.0269,-0.202,-0.078,-0.0177,-0.196,-0.066,0.0038,1.0196,0.1238,1.4617,0.000506,-0.0158,0.0032
3.58,FLIGHT,0.879,1.4762,-0.1972,-0.0712,-0.0673,-0.0999,-0.0177,-0.196,-0.0291,-0.003,1.0205,0.0985,1.4817,0.000434,-0.0131,0.0026
3.585,FLIGHT,0.8789,1.4757,-0.064,-0.0921,0.0451,-0.1013,-0.0177,-0.1961,-0.0001,-0.0073,1.0215,0.0761,1.4988,0.000375,-0.0106,0.0021
3.59,FLIGHT,0.8794,1.4752,0.0474,-0.093,0.1381,-0.086,-0.0175,-0.1961,0.0218,-0.0093,1.0224,0.0568,1.513,0.000328,-0.0084,0.0017
3.595,FLIGHT,0.8803,1.4748,0.1396,-0.0776,0.2146,-0.0576,-0.0173,-0.1962,0.0379,-0.0095,1.0233,0.0404,1.5245,0.00029,-0.0066,0.0013
3.6,FLIGHT,0.8815,1.4746,0.2156,-0.0495,0.2771,-0.0195,-0.017,-0.1962,0.049,-0.0082,1.0242,0.0269,1.5335,0.000261,-0.005,0.001
3.605,FLIGHT,0.883,1.4746,0.2779,-0.0118,0.3283,0.0254,-0.0167,-0.1963,0.0561,-0.0057,1.0251,0.0159,1.5404,0.00024,-0.0037,0.0007
3.61,FLIGHT,0.8848,1.4749,0.3289,0.0326,0.3702,0.0747,-0.0164,-0.1963,0.0601,-0.0024,1.026,0.007,1.5455,0.000224,-0.0026,0.0005
3.615,FLIGHT,0.8867,1.4754,0.3707,0.0813,0.4046,0.1261,-0.0161,-0.1962,0.0617,0.0014,1.0268,0.0,1.5492,0.000213,-0.0018,0.0004
3.62,FLIGHT,0.8888,1.4761,0.4052,0.1321,0.4332,0.1781,-0.0158,-0.1962,0.0616,0.0055,1.0277,-0.0054,1.5517,0.000206,-0.0011,0.0002
3.625,FLIGHT,0.891,1.4772,0.4338,0.1834,0.4571,0.2292,-0.0155,-0.1962,0.0602,0.0098,1.0286,-0.0096,1.5533,0.000201,-0.0006,0.0001
3.63,FLIGHT,0.8934,1.4784,0.4577,0.2339,0.4774,0.2785,-0.0152,-0.1961,0.058,0.0141,1.0294,-0.0129,1.5542,0.000199,-0.0003,0.0001
3.635,FLIGHT,0.8958,1.4799,0.478,0.2826,0.4948,0.3252,-0.015,-0.196,0.0552,0.0183,1.0303,-0.0155,1.5547,0.000199,0.0,0.0
3.64,FLIGHT,0.8983,1.4817,0.4954,0.3287,0.5098,0.3688,-0.0147,-0.1959,0.0523,0.0222,1.0311,-0.0176,1.5549,0.000199,0.0002,0.0
3.645,FLIGHT,0.9009,1.4836,0.5104,0.3718,0.5229,0.4089,-0.0145,-0.1957,0.0493,0.026,1.032,-0.0193,1.555,0.000201,0.0004,0.0
3.65,FLIGHT,0.9035,1.4858,0.5234,0.4115,0.5343,0.4455,-0.0142,-0.1956,0.0463,0.0294,1.0328,-0.0207,1.555,0.000203,0.0005,0.0
3.655,FLIGHT,0.9062,1.4881,0.5348,0.4477,0.5444,0.4785,-0.014,-0.1954,0.0435,0.0326,1.0336,-0.022,1.555,0.000206,0.0005,0.0
3.66,FLIGHT,0.909,1.4905,0.5448,0.4803,0.5531,0.5079,-0.0138,-0.1952,0.0409,0.0355,1.0344,-0.0233,1.5551,0.000208,0.0006,0.0
3.665,FLIGHT,0.9118,1.4931,0.5534,0.5093,0.5605,0.5337,-0.0136,-0.195,0.0385,0.0381,1.0352,-0.0246,1.5553,0.000211,0.0006,0.0
3.67,FLIGHT,0.9146,1.4959,0.5608,0.5349,0.5668,0.5562,-0.0135,-0.1948,0.0364,0.0403,1.036,-0.0259,1.5556,0.000214,0.0006,0.0
3.675,FLIGHT,0.9174,1.4987,0.5669,0.557,0.5718,0.5755,-0.0133,-0.1946,0.0344,0.0423,1.0368,-0.0272,1.5561,0.000217,0.0005,0.0
3.68,FLIGHT,0.9203,1.5016,0.5718,0.576,0.5756,0.5917,-0.0131,-0.1944,0.0327,0.0441,1.0376,-0.0286,1.5567,0.000219,0.0005,0.0
3.685,FLIGHT,0.9232,1.5046,0.5755,0.592,0.5783,0.605,-0.013,-0.1941,0.0311,0.0455,1.0383,-0.03,1.5574,0.000222,0.0005,0.0
3.69,FLIGHT,0.9261,1.5077,0.578,0.6052,0.5796,0.6157,-0.0128,-0.1939,0.0296,0.0468,1.039,-0.0315,1.5582,0.000224,0.0005,0.0
3.695,FLIGHT,0.929,1.5108,0.5792,0.6157,0.5798,0.6239,-0.0127,-0.1937,0.0283,0.0478,1.0398,-0.033,1.5591,0.000226,0.0004,0.0
3.7,FLIGHT,0.9319,1.5139,0.5792,0.6236,0.5787,0.6297,-0.0126,-0.1934,0.0271,0.0486,1.0405,-0.0346,1.5601,0.000228,0.0004,0.0
3.705,FLIGHT,0.9348,1.5171,0.578,0.6293,0.5764,0.6334,-0.0124,-0.1932,0.026,0.0492,1.0411,-0.0362,1.5612,0.00023,0.0004,0.0
3.71,FLIGHT,0.9376,1.5202,0.5756,0.6328,0.5729,0.6351,-0.0123,-0.1929,0.0249,0.0497,1.0418,-0.0378,1.5624,0.000232,0.0003,0.0
3.715,FLIGHT,0.9405,1.5234,0.572,0.6344,0.5683,0.6348,-0.0122,-0.1927,0.0239,0.05,1.0425,-0.0394,1.5636,0.000234,0.0003,0.0
3.72,FLIGHT,0.9433,1.5266,0.5673,0.634,0.5625,0.6328,-0.0121,-0.1924,0.0229,0.0501,1.0431,-0.041,1.5648,0.000235,0.0003,0.0
3.725,FLIGHT,0.9461,1.5297,0.5614,0.6319,0.5556,0.6292,-0.012,-0.1922,0.0219,0.05,1.0437,-0.0426,1.5661,0.000236,0.0002,0.0
3.73,FLIGHT,0.9489,1.5329,0.5544,0.6281,0.5477,0.6241,-0.0119,-0.1919,0.021,0.0499,1.0443,-0.0441,1.5674,0.000237,0.0002,0.0
3.735,FLIGHT,0.9516,1.536,0.5464,0.6229,0.5388,0.6175,-0.0118,-0.1917,0.0201,0.0496,1.0448,-0.0456,1.5687,0.000238,0.0002,0.0
3.74,FLIGHT,0.9543,1.539,0.5375,0.6162,0.529,0.6096,-0.0117,-0.1914,0.0191,0.0492,1.0454,-0.0471,1.57,0.000239,0.0001,0.0
3.745,FLIGHT,0.9569,1.5421,0.5276,0.6082,0.5183,0.6005,-0.0116,-0.1912,0.0182,0.0487,1.0459,-0.0485,1.5713,0.00024,0.0001,0.0
3.75,FLIGHT,0.9594,1.545,0.5169,0.5991,0.5069,0.5903,-0.0115,-0.191,0.0173,0.048,1.0464,-0.0499,1.5726,0.00024,0.0001,0.0
3.755,FLIGHT,0.9619,1.548,0.5053,0.5888,0.4947,0.5791,-0.0114,-0.1907,0.0164,0.0473,1.0468,-0.0512,1.5739,0.000241,0.0001,0.0
3.76,FLIGHT,0.9644,1.5508,0.4931,0.5774,0.4818,0.5669,-0.0113,-0.1905,0.0155,0.0465,1.0473,-0.0525,1.5752,0.000241,0.0,0.0
3.765,FLIGHT,0.9668,1.5536,0.4801,0.5652,0.4683,0.5538,-0.0113,-0.1903,0.0146,0.0456,1.0477,-0.0537,1.5764,0.000241,0.0,0.0
3.77,FLIGHT,0.9691,1.5564,0.4666,0.552,0.4542,0.5399,-0.0112,-0.19,0.0138,0.0446,1.048,-0.0548,1.5777,0.000241,-0.0,0.0
3.775,FLIGHT,0.9713,1.559,0.4525,0.5381,0.4397,0.5253,-0.0111,-0.1898,0.0129,0.0436,1.0484,-0.0559,1.5789,0.000241,-0.0,0.0
3.78,FLIGHT,0.9735,1.5616,0.438,0.5234,0.4248,0.51,-0.0111,-0.1896,0.0121,0.0425,1.0487,-0.0569,1.5801,0.000241,-0.0,0.0
3.785,FLIGHT,0.9755,1.5641,0.4231,0.5082,0.4095,0.4942,-0.011,-0.1894,0.0112,0.0413,1.049,-0.0579,1.5812,0.000241,-0.0001,0.0
3.79,FLIGHT,0.9776,1.5666,0.4078,0.4923,0.3939,0.4779,-0.011,-0.1892,0.0104,0.0401,1.0493,-0.0587,1.5823,0.00024,-0.0001,0.0
3.795,FLIGHT,0.9795,1.5689,0.3922,0.476,0.3781,0.4611,-0.0109,-0.189,0.0096,0.0388,1.0495,-0.0596,1.5834,0.00024,-0.0001,0.0
3.8,FLIGHT,0.9813,1.5712,0.3764,0.4592,0.3621,0.444,-0.0109,-0.1888,0.0089,0.0375,1.0497,-0.0603,1.5845,0.000239,-0.0001,0.0
3.805,FLIGHT,0.9831,1.5733,0.3604,0.442,0.346,0.4265,-0.0108,-0.1887,0.0081,0.0362,1.0499,-0.0611,1.5855,0.000239,-0.0001,0.0
3.81,FLIGHT,0.9848,1.5754,0.3442,0.4246,0.3298,0.4088,-0.0108,-0.1885,0.0074,0.0348,1.05,-0.0617,1.5865,0.000238,-0.0001,0.0
3.815,FLIGHT,0.9864,1.5774,0.328,0.4069,0.3135,0.3909,-0.0108,-0.1883,0.0067,0.0334,1.0501,-0.0623,1.5875,0.000237,-0.0001,0.0
3.82,FLIGHT,0.9879,1.5793,0.3118,0.389,0.2973,0.3729,-0.0107,-0.1882,0.006,0.032,1.0502,-0.0628,1.5884,0.000237,-0.0002,0.0
3.825,FLIGHT,0.9894,1.5812,0.2956,0.371,0.2811,0.3548,-0.0107,-0.188,0.0054,0.0306,1.0502,-0.0633,1.5893,0.000236,-0.0002,0.0
3.83,FLIGHT,0.9907,1.5829,0.2795,0.3529,0.2651,0.3367,-0.0107,-0.1879,0.0048,0.0291,1.0502,-0.0637,1.5901,0.000235,-0.0002,0.0
3.835,FLIGHT,0.992,1.5845,0.2635,0.3348,0.2492,0.3186,-0.0107,-0.1877,0.0042,0.0277,1.0502,-0.0641,1.5909,0.000234,-0.0002,0.0
3.84,FLIGHT,0.9932,1.5861,0.2476,0.3168,0.2334,0.3006,-0.0107,-0.1876,0.0036,0.0262,1.0501,-0.0644,1.5917,0.000233,-0.0002,0.0
3.845,FLIGHT,0.9944,1.5875,0.2319,0.2988,0.2179,0.2827,-0.0106,-0.1875,0.0031,0.0248,1.05,-0.0647,1.5925,0.000232,-0.0002,0.0
3.85,FLIGHT,0.9954,1.5889,0.2164,0.2809,0.2027,0.2649,-0.0106,-0.1874,0.0026,0.0233,1.0499,-0.0649,1.5932,0.000231,-0.0002,0.0
3.855,FLIGHT,0.9964,1.5902,0.2012,0.2632,0.1877,0.2474,-0.0106,-0.1873,0.0021,0.0219,1.0498,-0.0651,1.5938,0.00023,-0.0002,0.0
3.86,FLIGHT,0.9973,1.5914,0.1862,0.2457,0.173,0.2301,-0.0106,-0.1872,0.0017,0.0204,1.0496,-0.0652,1.5945,0.000229,-0.0002,0.0
3.865,FLIGHT,0.9981,1.5925,0.1716,0.2284,0.1586,0.2131,-0.0106,-0.1871,0.0013,0.019,1.0494,-0.0653,1.5951,0.000228,-0.0002,0.0
3.87,FLIGHT,0.9989,1.5935,0.1573,0.2114,0.1446,0.1963,-0.0106,-0.187,0.0009,0.0176,1.0491,-0.0654,1.5956,0.000227,-0.0002,0.0
3.875,FLIGHT,0.9996,1.5945,0.1434,0.1947,0.131,0.18,-0.0106,-0.1869,0.0005,0.0163,1.0489,-0.0654,1.5962,0.000226,-0.0002,0.0
3.88,FLIGHT,1.0002,1.5953,0.1298,0.1784,0.1178,0.1639,-0.0106,-0.1868,0.0002,0.0149,1.0485,-0.0654,1.5967,0.000225,-0.0002,0.0
3.885,FLIGHT,1.0007,1.5961,0.1166,0.1624,0.105,0.1483,-0.0106,-0.1868,-0.0001,0.0136,1.0482,-0.0653,1.5971,0.000224,-0.0002,0.0
3.89,FLIGHT,1.0012,1.5968,0.1039,0.1468,0.0926,0.1331,-0.0106,-0.1867,-0.0004,0.0123,1.0478,-0.0652,1.5976,0.000223,-0.0002,0.0
3.895,FLIGHT,1.0017,1.5974,0.0915,0.1317,0.0807,0.1183,-0.0106,-0.1867,-0.0007,0.0111,1.0474,-0.0651,1.598,0.000222,-0.0002,0.0
3.9,FLIGHT,1.002,1.598,0.0797,0.1169,0.0692,0.1039,-0.0106,-0.1866,-0.0009,0.0099,1.047,-0.065,1.5983,0.000221,-0.0002,0.0
3.905,FLIGHT,1.0024,1.5985,0.0682,0.1026,0.0582,0.0901,-0.0106,-0.1866,-0.0011,0.0087,1.0466,-0.0648,1.5987,0.00022,-0.0002,0.0
3.91,FLIGHT,1.0026,1.5989,0.0573,0.0888,0.0477,0.0767,-0.0106,-0.1865,-0.0013,0.0075,1.0461,-0.0646,1.599,0.000219,-0.0002,0.0
3.915,FLIGHT,1.0028,1.5992,0.0468,0.0755,0.0376,0.0638,-0.0106,-0.1865,-0.0015,0.0064,1.0456,-0.0644,1.5992,0.000218,-0.0002,0.0
3.92,FLIGHT,1.003,1.5995,0.0368,0.0627,0.028,0.0514,-0.0106,-0.1865,-0.0016,0.0053,1.045,-0.0641,1.5995,0.000218,-0.0002,0.0
3.925,FLIGHT,1.0031,1.5997,0.0272,0.0503,0.0189,0.0395,-0.0106,-0.1865,-0.0017,0.0043,1.0445,-0.0639,1.5997,0.000217,-0.0002,0.0
3.93,FLIGHT,1.0032,1.5999,0.0182,0.0385,0.0103,0.0281,-0.0107,-0.1865,-0.0018,0.0033,1.0439,-0.0636,1.5999,0.000216,-0.0002,0.0
3.935,FLIGHT,1.0032,1.6,0.0096,0.0272,0.0021,0.0173,-0.0107,-0.1864,-0.0019,0.0024,1.0433,-0.0633,1.6001,0.000215,-0.0002,0.0
3.94,FLIGHT,1.0032,1.6001,0.0015,0.0164,-0.0055,0.007,-0.0107,-0.1864,-0.0019,0.0015,1.0426,-0.063,1.6002,0.000214,-0.0002,0.0
3.945,FLIGHT,1.0032,1.6001,-0.0061,0.0062,-0.0127,-0.0028,-0.0107,-0.1864,-0.002,0.0006,1.042,-0.0627,1.6003,0.000213,-0.0002,0.0
3.95,FLIGHT,1.0031,1.6001,-0.0133,-0.0035,-0.0195,-0.012,-0.0107,-0.1864,-0.002,-0.0002,1.0413,-0.0624,1.6004,0.000213,-0.0001,0.0
3.955,FLIGHT,1.003,1.6,-0.0199,-0.0127,-0.0257,-0.0207,-0.0107,-0.1864,-0.002,-0.001,1.0406,-0.062,1.6005,0.000212,-0.0001,0.0
3.96,FLIGHT,1.0028,1.5999,-0.0262,-0.0214,-0.0315,-0.0289,-0.0107,-0.1865,-0.002,-0.0017,1.0398,-0.0617,1.6006,0.000211,-0.0001,0.0
3.965,FLIGHT,1.0027,1.5997,-0.0319,-0.0295,-0.0369,-0.0366,-0.0107,-0.1865,-0.002,-0.0024,1.0391,-0.0613,1.6006,0.000211,-0.0001,0.0
3.97,FLIGHT,1.0025,1.5995,-0.0372,-0.0372,-0.0418,-0.0438,-0.0107,-0.1865,-0.0019,-0.003,1.0383,-0.061,1.6006,0.00021,-0.0001,0.0
3.975,FLIGHT,1.0022,1.5993,-0.0421,-0.0443,-0.0462,-0.0504,-0.0107,-0.1865,-0.0019,-0.0036,1.0375,-0.0606,1.6006,0.000209,-0.0001,0.0
3.98,FLIGHT,1.002,1.599,-0.0465,-0.0509,-0.0503,-0.0566,-0.0108,-0.1865,-0.0018,-0.0042,1.0367,-0.0603,1.6006,0.000209,-0.0001,0.0
3.985,FLIGHT,1.0017,1.5987,-0.0505,-0.057,-0.0539,-0.0622,-0.0108,-0.1866,-0.0017,-0.0047,1.0358,-0.0599,1.6006,0.000208,-0.0001,0.0
3.99,FLIGHT,1.0015,1.5984,-0.0541,-0.0626,-0.0572,-0.0674,-0.0108,-0.1866,-0.0017,-0.0052,1.035,-0.0596,1.6005,0.000208,-0.0001,0.0
3.995,FLIGHT,1.0012,1.598,-0.0573,-0.0677,-0.06,-0.0721,-0.0108,-0.1866,-0.0016,-0.0056,1.0341,-0.0592,1.6005,0.000207,-0.0001,0.0
4.0,FLIGHT,1.0009,1.5976,-0.0601,-0.0723,-0.0625,-0.0763,-0.0108,-0.1866,-0.0015,-0.006,1.0332,-0.0589,1.6004,0.000207,-0.0001,0.0
4.005,FLIGHT,1.0005,1.5973,-0.0626,-0.0765,-0.0646,-0.0801,-0.0108,-0.1867,-0.0014,-0.0063,1.0323,-0.0585,1.6003,0.000207,-0.0001,0.0
4.01,FLIGHT,1.0002,1.5968,-0.0647,-0.0803,-0.0664,-0.0834,-0.0108,-0.1867,-0.0013,-0.0067,1.0313,-0.0582,1.6002,0.000206,-0.0001,0.0
4.015,FLIGHT,0.9999,1.5964,-0.0664,-0.0836,-0.0679,-0.0864,-0.0108,-0.1867,-0.0011,-0.0069,1.0304,-0.0579,1.6001,0.000206,-0.0001,0.0
4.02,FLIGHT,0.9995,1.596,-0.0679,-0.0865,-0.069,-0.0889,-0.0108,-0.1868,-0.001,-0.0072,1.0294,-0.0575,1.6,0.000205,-0.0001,0.0
4.025,FLIGHT,0.9992,1.5955,-0.069,-0.089,-0.0698,-0.091,-0.0108,-0.1868,-0.0009,-0.0074,1.0284,-0.0572,1.5999,0.000205,-0.0001,0.0
4.03,FLIGHT,0.9988,1.5951,-0.0698,-0.091,-0.0703,-0.0927,-0.0108,-0.1869,-0.0008,-0.0076,1.0274,-0.0569,1.5998,0.000205,-0.0001,0.0
4.035,FLIGHT,0.9985,1.5946,-0.0703,-0.0927,-0.0706,-0.0941,-0.0108,-0.1869,-0.0006,-0.0077,1.0264,-0.0566,1.5996,0.000205,-0.0,0.0
4.04,FLIGHT,0.9981,1.5941,-0.0705,-0.0941,-0.0706,-0.0951,-0.0108,-0.1869,-0.0005,-0.0078,1.0254,-0.0563,1.5995,0.000204,-0.0,0.0
4.045,FLIGHT,0.9978,1.5937,-0.0705,-0.0951,-0.0704,-0.0958,-0.0108,-0.187,-0.0004,-0.0079,1.0243,-0.056,1.5994,0.000204,-0.0,0.0
4.05,FLIGHT,0.9974,1.5932,-0.0702,-0.0957,-0.0699,-0.0962,-0.0108,-0.187,-0.0002,-0.008,1.0233,-0.0557,1.5992,0.000204,-0.0,0.0
4.055,FLIGHT,0.9971,1.5927,-0.0698,-0.0961,-0.0692,-0.0962,-0.0108,-0.187,-0.0001,-0.008,1.0222,-0.0555,1.5991,0.000204,-0.0,0.0
4.06,FLIGHT,0.9967,1.5922,-0.0691,-0.0961,-0.0683,-0.096,-0.0108,-0.1871,0.0,-0.008,1.0211,-0.0552,1.5989,0.000204,-0.0,0.0
4.065,FLIGHT,0.9964,1.5917,-0.0681,-0.0958,-0.0673,-0.0955,-0.0108,-0.1871,0.0002,-0.008,1.02,-0.055,1.5988,0.000204,-0.0,0.0
4.07,FLIGHT,0.9961,1.5913,-0.0671,-0.0953,-0.066,-0.0947,-0.0108,-0.1872,0.0003,-0.008,1.0189,-0.0547,1.5986,0.000204,-0.0,0.0
4.075,FLIGHT,0.9957,1.5908,-0.0658,-0.0945,-0.0646,-0.0937,-0.0108,-0.1872,0.0004,-0.0079,1.0177,-0.0545,1.5984,0.000204,-0.0,0.0
4.08,FLIGHT,0.9954,1.5903,-0.0644,-0.0935,-0.063,-0.0925,-0.0108,-0.1872,0.0006,-0.0078,1.0166,-0.0543,1.5983,0.000204,-0.0,0.0
4.085,FLIGHT,0.9951,1.5899,-0.0628,-0.0922,-0.0614,-0.091,-0.0108,-0.1873,0.0007,-0.0077,1.0154,-0.0541,1.5981,0.000204,0.0,0.0
4.09,FLIGHT,0.9948,1.5894,-0.0611,-0.0908,-0.0596,-0.0894,-0.0108,-0.1873,0.0008,-0.0076,1.0143,-0.0539,1.598,0.000204,0.0,0.0
4.095,FLIGHT,0.9945,1.589,-0.0593,-0.0891,-0.0576,-0.0876,-0.0108,-0.1874,0.0009,-0.0075,1.0131,-0.0538,1.5978,0.000204,0.0,0.0
4.1,FLIGHT,0.9942,1.5885,-0.0574,-0.0873,-0.0556,-0.0856,-0.0108,-0.1874,0.001,-0.0073,1.0119,-0.0536,1.5977,0.000204,0.0,0.0
4.105,FLIGHT,0.994,1.5881,-0.0554,-0.0853,-0.0535,-0.0834,-0.0108,-0.1874,0.0011,-0.0072,1.0107,-0.0534,1.5975,0.000204,0.0,0.0
4.11,FLIGHT,0.9937,1.5877,-0.0533,-0.0831,-0.0514,-0.0811,-0.0108,-0.1875,0.0012,-0.007,1.0095,-0.0533,1.5974,0.000204,0.0,0.0
4.115,FLIGHT,0.9934,1.5873,-0.0511,-0.0808,-0.0492,-0.0787,-0.0108,-0.1875,0.0013,-0.0068,1.0083,-0.0532,1.5972,0.000204,0.0,0.0
4.12,FLIGHT,0.9932,1.5869,-0.0489,-0.0784,-0.0469,-0.0762,-0.0108,-0.1875,0.0014,-0.0066,1.007,-0.0531,1.5971,0.000204,0.0,0.0
4.125,FLIGHT,0.993,1.5865,-0.0466,-0.0759,-0.0446,-0.0736,-0.0108,-0.1876,0.0015,-0.0064,1.0058,-0.053,1.5969,0.000204,0.0,0.0
4.13,FLIGHT,0.9928,1.5862,-0.0443,-0.0733,-0.0422,-0.0709,-0.0108,-0.1876,0.0016,-0.0062,1.0045,-0.0529,1.5968,0.000204,0.0,0.0
4.135,FLIGHT,0.9926,1.5858,-0.042,-0.0706,-0.0399,-0.0681,-0.0107,-0.1876,0.0017,-0.006,1.0033,-0.0528,1.5967,0.000204,0.0,0.0
4.14,FLIGHT,0.9924,1.5855,-0.0396,-0.0678,-0.0375,-0.0653,-0.0107,-0.1877,0.0017,-0.0058,1.002,-0.0527,1.5965,0.000205,0.0,0.0
4.145,FLIGHT,0.9922,1.5852,-0.0372,-0.065,-0.0351,-0.0624,-0.0107,-0.1877,0.0018,-0.0055,1.0007,-0.0526,1.5964,0.000205,0.0,0.0
4.15,STANCE,0.992,1.5849,-0.0349,-0.0621,0.0029,-0.0111,-0.0107,-0.1877,0.0018,-0.0053,0.9994,0.1519,-0.0104,0.000205,-0.0248,0.005
4.155,STANCE,0.9948,1.5856,0.4268,0.0603,1.0906,-0.067,-0.0103,-0.1877,0.0719,0.0011,0.9985,-0.0882,-0.6481,-0.001042,-0.3852,0.0781
4.16,STANCE,0.9995,1.5846,0.7109,-0.0921,0.3393,0.0131,-0.0093,-0.1878,0.146,-0.0149,0.9981,-0.4353,-1.197,-0.002566,-0.121,0.0268
4.165,STANCE,1.0004,1.585,0.3429,0.0123,0.1908,-0.0244,-0.0092,-0.1878,0.0627,-0.002,0.9982,-0.5804,-1.8089,-0.002764,0.0087,0.0028
4.17,STANCE,1.0023,1.5834,0.4002,-0.2405,0.6226,-0.6393,-0.0086,-0.1879,0.108,-0.025,0.9985,-0.9213,-2.1445,-0.002608,0.0471,0.0026
4.175,STANCE,1.0058,1.5764,0.6166,-1.0924,0.9321,-1.6017,-0.007,-0.1886,0.2662,-0.1005,0.9984,-1.3333,-2.0193,-0.002148,0.0777,0.0021
4.18,STANCE,1.0116,1.566,1.0016,-1.8454,1.361,-2.7133,-0.0044,-0.1895,0.4456,-0.1628,0.9984,-1.7816,-1.6946,-0.002208,-0.0867,0.0196
4.185,STANCE,1.0187,1.5512,1.2843,-2.6009,1.3455,-2.9135,-0.001,-0.1908,0.6103,-0.2165,0.9983,-2.1141,-1.1361,-0.00273,-0.0727,0.0173
4.19,STANCE,1.0241,1.5354,1.1225,-2.9807,0.8569,-3.2718,0.0022,-0.1921,0.6393,-0.2352,0.9983,-2.1004,-0.5881,-0.002736,0.0525,0.0027
4.195,STANCE,1.0283,1.5196,0.8989,-3.1295,0.746,-3.1566,0.0053,-0.1933,0.6236,-0.2359,0.9983,-1.8773,-0.0526,-0.002878,-0.0978,0.0224
4.2,STANCE,1.0305,1.5028,0.5742,-3.2713,0.2378,-3.375,0.0082,-0.1945,0.5866,-0.2379,0.9983,-1.4434,0.5035,-0.003211,-0.0632,0.0158
4.205,STANCE,1.0307,1.486,0.2039,-3.3199,-0.1266,-3.3278,0.0107,-0.1958,0.526,-0.2358,0.9982,-0.8719,0.9833,-0.003457,-0.0369,0.0108
4.21,STANCE,1.0296,1.4698,-0.0865,-3.2425,-0.3148,-3.166,0.0128,-0.1969,0.4612,-0.2264,0.9983,-0.3112,1.3211,-0.003625,-0.0179,0.0072
4.215,STANCE,1.0277,1.4542,-0.2797,-3.1517,-0.2833,-2.9262,0.0148,-0.198,0.4124,-0.2167,0.9984,0.0941,1.5178,-0.003607,-0.0279,0.0092
4.22,STANCE,1.0265,1.44,-0.2429,-2.9288,-0.172,-2.745,0.0166,-0.199,0.3889,-0.1959,0.9987,0.1489,1.4985,-0.00369,-0.0083,0.0054
4.225,FLIGHT,1.0251,1.4277,-0.3108,-2.5672,-0.6657,-1.9434,0.0182,-0.1998,0.3229,-0.1696,0.9991,-1.2854,2.5723,-0.003624,0.0532,0.0036
4.23,FLIGHT,1.0195,1.4209,-0.8972,-1.6836,-1.5233,-0.7975,0.0181,-0.2003,0.0729,-0.1234,0.9999,-1.0945,2.4082,-0.003159,0.1285,0.0032
4.235,FLIGHT,1.0102,1.4193,-1.5963,-0.707,-2.1918,0.1241,0.0165,-0.2006,-0.2145,-0.0721,1.0009,-0.8085,2.1726,-0.002386,0.176,0.0024
4.24,FLIGHT,0.998,1.4216,-2.1817,0.1252,-2.6247,0.7743,0.0137,-0.2006,-0.4563,-0.0214,1.0021,-0.5179,1.9366,-0.001443,0.1974,0.0014
4.245,FLIGHT,0.9843,1.4266,-2.5744,0.7319,-2.8346,1.1698,0.0102,-0.2005,-0.6239,0.0249,1.0035,-0.2651,1.733,-0.000447,0.1981,0.0004
4.25,FLIGHT,0.97,1.433,-2.7675,1.1105,-2.8566,1.3562,0.0064,-0.2001,-0.7158,0.0632,1.0049,-0.0656,1.5739,0.000456,0.1457,0.0
4.255,FLIGHT,0.956,1.4399,-2.7873,1.2943,-2.7399,1.384,0.0026,-0.1997,-0.7433,0.091,1.0063,0.08,1.4595,0.001012,0.0807,0.0
4.26,FLIGHT,0.9428,1.4466,-2.6761,1.3266,-2.5301,1.3013,-0.001,-0.1992,-0.7224,0.1072,1.0078,0.1785,1.3841,0.001299,0.037,0.0
4.265,FLIGHT,0.9308,1.4528,-2.4741,1.2523,-2.263,1.1502,-0.0043,-0.1986,-0.6684,0.1124,1.0092,0.2383,1.3407,0.001408,0.0088,0.0
4.27,FLIGHT,0.9202,1.4581,-2.2153,1.1108,-1.9668,0.9641,-0.0071,-0.1981,-0.5945,0.1086,1.0106,0.268,1.322,0.001405,-0.0086,0.0017
4.275,FLIGHT,0.9111,1.4624,-1.9273,0.9342,-1.6629,0.768,-0.0095,-0.1977,-0.5108,0.0981,1.0119,0.2753,1.3213,0.001334,-0.0187,0.0037
4.28,FLIGHT,0.9035,1.4658,-1.631,0.7467,-1.3667,0.5796,-0.0115,-0.1973,-0.4248,0.0836,1.0131,0.2668,1.333,0.001226,-0.0238,0.0048
4.285,FLIGHT,0.8974,1.4682,-1.3414,0.5658,-1.0884,0.4104,-0.013,-0.197,-0.3419,0.0673,1.0143,0.2479,1.3525,0.001102,-0.0256,0.0051
4.29,FLIGHT,0.8926,1.4699,-1.0688,0.4027,-0.8343,0.267,-0.0142,-0.1968,-0.2654,0.051,1.0154,0.2228,1.3761,0.000973,-0.0254,0.0051
4.295,FLIGHT,0.889,1.471,-0.8193,0.2643,-0.6074,0.1524,-0.0151,-0.1967,-0.1971,0.036,1.0165,0.1946,1.4013,0.00085,-0.0239,0.0048
4.3,FLIGHT,0.8865,1.4715,-0.5963,0.1535,-0.4088,0.0669,-0.0156,-0.1966,-0.1381,0.0231,1.0175,0.1657,1.4261,0.000735,-0.0217,0.0043
4.305,FLIGHT,0.8849,1.4717,-0.4007,0.0707,-0.2377,0.0089,-0.016,-0.1966,-0.0884,0.0128,1.0185,0.1377,1.4494,0.000633,-0.0191,0.0038
4.31,FLIGHT,0.8841,1.4716,-0.2319,0.0147,-0.0923,-0.0242,-0.0161,-0.1965,-0.0476,0.0051,1.0195,0.1116,1.4703,0.000544,-0.0164,0.0033
4.315,FLIGHT,0.8839,1.4715,-0.0882,-0.0172,0.0298,-0.0358,-0.0161,-0.1966,-0.015,-0.0001,1.0204,0.0882,1.4886,0.000469,-0.0138,0.0028
4.32,FLIGHT,0.8843,1.4713,0.0326,-0.0281,0.1313,-0.0295,-0.016,-0.1966,0.0102,-0.0031,1.0213,0.0676,1.504,0.000406,-0.0113,0.0023
4.325,FLIGHT,0.8852,1.4712,0.1332,-0.0215,0.2151,-0.0087,-0.0158,-0.1966,0.0291,-0.004,1.0222,0.0499,1.5167,0.000355,-0.0091,0.0018
4.33,FLIGHT,0.8864,1.4712,0.2163,-0.0008,0.2838,0.0231,-0.0156,-0.1966,0.0426,-0.0034,1.0231,0.0351,1.5269,0.000314,-0.0072,0.0014
4.335,FLIGHT,0.888,1.4714,0.2846,0.0308,0.3399,0.063,-0.0153,-0.1966,0.0518,-0.0016,1.024,0.0229,1.5349,0.000283,-0.0055,0.0011
4.34,FLIGHT,0.8898,1.4719,0.3405,0.0702,0.3857,0.1083,-0.015,-0.1966,0.0574,0.0012,1.0249,0.0129,1.541,0.000258,-0.0042,0.0008
4.345,FLIGHT,0.8919,1.4725,0.3863,0.1149,0.4232,0.1567,-0.0147,-0.1966,0.0603,0.0046,1.0257,0.0049,1.5455,0.00024,-0.0031,0.0006
4.35,FLIGHT,0.8941,1.4734,0.4237,0.1628,0.454,0.2064,-0.0144,-0.1965,0.0611,0.0084,1.0266,-0.0014,1.5487,0.000227,-0.0022,0.0004
4.355,FLIGHT,0.8964,1.4746,0.4545,0.2119,0.4795,0.2559,-0.0141,-0.1965,0.0604,0.0125,1.0274,-0.0063,1.5509,0.000218,-0.0015,0.0003
4.36,FLIGHT,0.8988,1.476,0.4799,0.2608,0.5007,0.3041,-0.0138,-0.1964,0.0586,0.0166,1.0283,-0.0102,1.5524,0.000212,-0.0009,0.0002
4.365,FLIGHT,0.9014,1.4776,0.5012,0.3084,0.5186,0.3501,-0.0135,-0.1963,0.0562,0.0206,1.0291,-0.0133,1.5533,0.000209,-0.0005,0.0001
4.37,FLIGHT,0.904,1.4795,0.519,0.3538,0.5337,0.3934,-0.0133,-0.1961,0.0534,0.0245,1.03,-0.0157,1.5538,0.000207,-0.0002,0.0
4.375,FLIGHT,0.9067,1.4816,0.5342,0.3965,0.5467,0.4333,-0.013,-0.196,0.0504,0.0282,1.0308,-0.0177,1.5541,0.000207,0.0001,0.0
4.38,FLIGHT,0.9095,1.4838,0.5471,0.436,0.5578,0.4699,-0.0128,-0.1958,0.0475,0.0316,1.0316,-0.0195,1.5543,0.000208,0.0002,0.0
4.385,FLIGHT,0.9123,1.4863,0.5582,0.4721,0.5673,0.5028,-0.0126,-0.1956,0.0446,0.0348,1.0325,-0.021,1.5545,0.000209,0.0003,0.0
4.39,FLIGHT,0.9152,1.4888,0.5676,0.5046,0.5754,0.5322,-0.0124,-0.1954,0.0418,0.0376,1.0333,-0.0224,1.5547,0.000211,0.0004,0.0
4.395,FLIGHT,0.918,1.4916,0.5756,0.5336,0.5822,0.558,-0.0122,-0.1952,0.0393,0.0402,1.0341,-0.0237,1.555,0.000213,0.0005,0.0
4.4,FLIGHT,0.921,1.4944,0.5823,0.5591,0.5877,0.5804,-0.012,-0.195,0.037,0.0425,1.0349,-0.0251,1.5553,0.000216,0.0005,0.0
4.405,FLIGHT,0.9239,1.4974,0.5877,0.5813,0.5919,0.5996,-0.0118,-0.1948,0.0349,0.0445,1.0356,-0.0265,1.5558,0.000218,0.0005,0.0
4.41,FLIGHT,0.9269,1.5004,0.5918,0.6001,0.595,0.6156,-0.0117,-0.1946,0.033,0.0462,1.0364,-0.0279,1.5564,0.00022,0.0005,0.0
4.415,FLIGHT,0.9299,1.5035,0.5947,0.6159,0.5968,0.6287,-0.0115,-0.1943,0.0312,0.0476,1.0371,-0.0294,1.5572,0.000223,0.0005,0.0
4.42,FLIGHT,0.9329,1.5067,0.5964,0.6288,0.5974,0.6391,-0.0114,-0.1941,0.0297,0.0489,1.0379,-0.0309,1.558,0.000225,0.0004,0.0
4.425,FLIGHT,0.9358,1.5099,0.5969,0.639,0.5968,0.6469,-0.0112,-0.1938,0.0282,0.0499,1.0386,-0.0324,1.559,0.000227,0.0004,0.0
4.43,FLIGHT,0.9388,1.5132,0.5961,0.6466,0.5949,0.6523,-0.0111,-0.1936,0.0269,0.0506,1.0393,-0.034,1.56,0.000229,0.0004,0.0
4.435,FLIGHT,0.9418,1.5164,0.5942,0.6518,0.5919,0.6554,-0.011,-0.1933,0.0257,0.0512,1.04,-0.0356,1.5611,0.000231,0.0003,0.0
4.44,FLIGHT,0.9447,1.5197,0.591,0.6548,0.5876,0.6565,-0.0109,-0.1931,0.0245,0.0516,1.0407,-0.0372,1.5623,0.000232,0.0003,0.0
4.445,FLIGHT,0.9477,1.523,0.5867,0.6557,0.5823,0.6556,-0.0107,-0.1928,0.0234,0.0519,1.0413,-0.0388,1.5635,0.000234,0.0003,0.0
4.45,FLIGHT,0.9506,1.5263,0.5812,0.6547,0.5757,0.653,-0.0106,-0.1925,0.0224,0.0519,1.0419,-0.0404,1.5648,0.000235,0.0003,0.0
4.455,FLIGHT,0.9534,1.5295,0.5746,0.6519,0.5682,0.6486,-0.0105,-0.1923,0.0214,0.0518,1.0425,-0.042,1.5661,0.000236,0.0002,0.0
4.46,FLIGHT,0.9562,1.5327,0.5669,0.6475,0.5596,0.6428,-0.0104,-0.192,0.0204,0.0516,1.0431,-0.0436,1.5674,0.000237,0.0002,0.0
4.465,FLIGHT,0.959,1.5359,0.5582,0.6415,0.55,0.6354,-0.0103,-0.1918,0.0194,0.0513,1.0437,-0.0451,1.5688,0.000238,0.0002,0.0
4.47,FLIGHT,0.9617,1.5391,0.5485,0.6341,0.5395,0.6268,-0.0102,-0.1915,0.0184,0.0508,1.0442,-0.0466,1.5701,0.000239,0.0001,0.0
4.475,FLIGHT,0.9644,1.5422,0.538,0.6253,0.5281,0.6169,-0.0102,-0.1913,0.0175,0.0502,1.0447,-0.048,1.5715,0.00024,0.0001,0.0
4.48,FLIGHT,0.967,1.5453,0.5265,0.6154,0.5159,0.6059,-0.0101,-0.191,0.0166,0.0495,1.0452,-0.0494,1.5728,0.00024,0.0001,0.0
4.485,FLIGHT,0.9696,1.5483,0.5143,0.6043,0.503,0.5939,-0.01,-0.1908,0.0157,0.0487,1.0457,-0.0507,1.5741,0.00024,0.0001,0.0
4.49,FLIGHT,0.972,1.5512,0.5014,0.5922,0.4895,0.5809,-0.0099,-0.1905,0.0147,0.0479,1.0461,-0.052,1.5754,0.000241,0.0,0.0
4.495,FLIGHT,0.9745,1.5541,0.4878,0.5791,0.4753,0.567,-0.0099,-0.1903,0.0138,0.0469,1.0465,-0.0532,1.5767,0.000241,0.0,0.0
4.5,FLIGHT,0.9768,1.5569,0.4736,0.5652,0.4606,0.5523,-0.0098,-0.1901,0.013,0.0459,1.0469,-0.0544,1.578,0.000241,-0.0,0.0
4.505,FLIGHT,0.9791,1.5596,0.4588,0.5504,0.4454,0.5369,-0.0097,-0.1899,0.0121,0.0447,1.0472,-0.0555,1.5792,0.00024,-0.0,0.0
4.51,FLIGHT,0.9813,1.5622,0.4437,0.535,0.4299,0.5209,-0.0097,-0.1896,0.0112,0.0436,1.0476,-0.0565,1.5804,0.00024,-0.0001,0.0
4.515,FLIGHT,0.9834,1.5648,0.4281,0.519,0.414,0.5043,-0.0096,-0.1894,0.0104,0.0423,1.0478,-0.0575,1.5816,0.00024,-0.0001,0.0
4.52,FLIGHT,0.9854,1.5673,0.4121,0.5023,0.3978,0.4872,-0.0096,-0.1892,0.0096,0.0411,1.0481,-0.0584,1.5828,0.000239,-0.0001,0.0
4.525,FLIGHT,0.9873,1.5697,0.3959,0.4852,0.3813,0.4697,-0.0095,-0.189,0.0088,0.0397,1.0483,-0.0592,1.5839,0.000239,-0.0001,0.0
4.53,FLIGHT,0.9892,1.572,0.3795,0.4677,0.3647,0.4519,-0.0095,-0.1888,0.008,0.0384,1.0485,-0.06,1.585,0.000238,-0.0001,0.0
4.535,FLIGHT,0.991,1.5742,0.3629,0.4499,0.348,0.4337,-0.0095,-0.1887,0.0073,0.037,1.0487,-0.0607,1.586,0.000238,-0.0001,0.0
4.54,FLIGHT,0.9927,1.5763,0.3462,0.4317,0.3312,0.4153,-0.0094,-0.1885,0.0065,0.0355,1.0488,-0.0613,1.587,0.000237,-0.0001,0.0
4.545,FLIGHT,0.9943,1.5783,0.3295,0.4133,0.3145,0.3968,-0.0094,-0.1883,0.0058,0.0341,1.0489,-0.0619,1.588,0.000236,-0.0002,0.0
4.55,FLIGHT,0.9958,1.5803,0.3127,0.3948,0.2977,0.3781,-0.0094,-0.1882,0.0052,0.0326,1.049,-0.0624,1.5889,0.000235,-0.0002,0.0
4.555,FLIGHT,0.9973,1.5821,0.296,0.3761,0.281,0.3594,-0.0094,-0.188,0.0045,0.0311,1.049,-0.0629,1.5898,0.000235,-0.0002,0.0
4.56,FLIGHT,0.9986,1.5839,0.2794,0.3574,0.2645,0.3407,-0.0093,-0.1879,0.0039,0.0296,1.049,-0.0633,1.5907,0.000234,-0.0002,0.0
4.565,FLIGHT,0.9999,1.5855,0.2628,0.3387,0.2481,0.322,-0.0093,-0.1877,0.0033,0.0281,1.049,-0.0637,1.5915,0.000233,-0.0002,0.0
4.57,FLIGHT,1.0011,1.5871,0.2465,0.3201,0.2319,0.3034,-0.0093,-0.1876,0.0028,0.0266,1.0489,-0.064,1.5923,0.000232,-0.0002,0.0
4.575,FLIGHT,1.0022,1.5886,0.2304,0.3015,0.216,0.285,-0.0093,-0.1875,0.0022,0.0251,1.0488,-0.0643,1.5931,0.000231,-0.0002,0.0
4.58,FLIGHT,1.0033,1.5899,0.2145,0.2831,0.2003,0.2667,-0.0093,-0.1874,0.0017,0.0236,1.0487,-0.0645,1.5938,0.00023,-0.0002,0.0
4.585,FLIGHT,1.0042,1.5912,0.1988,0.2649,0.1849,0.2486,-0.0093,-0.1873,0.0013,0.0221,1.0485,-0.0647,1.5945,0.000229,-0.0002,0.0
4.59,FLIGHT,1.0051,1.5924,0.1835,0.2469,0.1699,0.2309,-0.0093,-0.1872,0.0008,0.0206,1.0483,-0.0648,1.5951,0.000228,-0.0002,0.0
4.595,FLIGHT,1.0059,1.5935,0.1685,0.2291,0.1552,0.2134,-0.0093,-0.1871,0.0004,0.0191,1.0481,-0.0649,1.5957,0.000227,-0.0002,0.0
4.6,FLIGHT,1.0067,1.5946,0.1538,0.2117,0.1409,0.1962,-0.0093,-0.187,0.0,0.0177,1.0478,-0.0649,1.5963,0.000226,-0.0002,0.0
4.605,FLIGHT,1.0074,1.5955,0.1396,0.1946,0.127,0.1794,-0.0093,-0.1869,-0.0003,0.0163,1.0476,-0.0649,1.5968,0.000224,-0.0002,0.0
4.61,FLIGHT,1.008,1.5964,0.1257,0.1778,0.1135,0.163,-0.0093,-0.1868,-0.0006,0.0149,1.0472,-0.0649,1.5973,0.000223,-0.0002,0.0
4.615,FLIGHT,1.0085,1.5971,0.1123,0.1615,0.1004,0.147,-0.0093,-0.1868,-0.0009,0.0136,1.0469,-0.0648,1.5978,0.000222,-0.0002,0.0
4.62,FLIGHT,1.009,1.5978,0.0992,0.1455,0.0878,0.1314,-0.0093,-0.1867,-0.0012,0.0123,1.0465,-0.0647,1.5982,0.000221,-0.0002,0.0
4.625,FLIGHT,1.0094,1.5985,0.0867,0.13,0.0756,0.1163,-0.0093,-0.1866,-0.0014,0.011,1.0461,-0.0646,1.5986,0.00022,-0.0002,0.0
4.63,FLIGHT,1.0097,1.599,0.0746,0.115,0.064,0.1017,-0.0093,-0.1866,-0.0017,0.0097,1.0457,-0.0644,1.599,0.000219,-0.0002,0.0
4.635,FLIGHT,1.01,1.5995,0.063,0.1004,0.0528,0.0875,-0.0093,-0.1866,-0.0019,0.0085,1.0452,-0.0642,1.5993,0.000218,-0.0002,0.0
4.64,FLIGHT,1.0102,1.5999,0.0518,0.0863,0.042,0.0739,-0.0093,-0.1865,-0.002,0.0073,1.0447,-0.064,1.5996,0.000217,-0.0002,0.0
4.645,FLIGHT,1.0104,1.6002,0.0411,0.0727,0.0318,0.0608,-0.0093,-0.1865,-0.0022,0.0062,1.0442,-0.0638,1.5999,0.000216,-0.0002,0.0
4.65,FLIGHT,1.0106,1.6005,0.031,0.0596,0.0221,0.0482,-0.0094,-0.1865,-0.0023,0.0051,1.0436,-0.0635,1.6001,0.000215,-0.0002,0.0
4.655,FLIGHT,1.0107,1.6007,0.0213,0.0471,0.0129,0.0361,-0.0094,-0.1865,-0.0024,0.0041,1.043,-0.0632,1.6003,0.000215,-0.0002,0.0
4.66,FLIGHT,1.0107,1.6008,0.0121,0.0351,0.0041,0.0245,-0.0094,-0.1864,-0.0025,0.0031,1.0424,-0.0629,1.6005,0.000214,-0.0002,0.0
4.665,FLIGHT,1.0107,1.6009,0.0035,0.0236,-0.0041,0.0135,-0.0094,-0.1864,-0.0025,0.0021,1.0418,-0.0626,1.6007,0.000213,-0.0002,0.0
4.67,FLIGHT,1.0107,1.601,-0.0047,0.0127,-0.0118,0.0031,-0.0094,-0.1864,-0.0026,0.0012,1.0411,-0.0623,1.6008,0.000212,-0.0002,0.0
4.675,FLIGHT,1.0106,1.601,-0.0124,0.0023,-0.0191,-0.0068,-0.0094,-0.1864,-0.0026,0.0003,1.0405,-0.062,1.601,0.000211,-0.0002,0.0
4.68,FLIGHT,1.0105,1.6009,-0.0196,-0.0076,-0.0258,-0.0161,-0.0094,-0.1864,-0.0026,-0.0005,1.0398,-0.0616,1.601,0.000211,-0.0001,0.0
4.685,FLIGHT,1.0103,1.6008,-0.0263,-0.0169,-0.0321,-0.025,-0.0095,-0.1864,-0.0026,-0.0013,1.039,-0.0613,1.6011,0.00021,-0.0001,0.0
4.69,FLIGHT,1.0101,1.6007,-0.0325,-0.0256,-0.0379,-0.0332,-0.0095,-0.1865,-0.0026,-0.002,1.0383,-0.0609,1.6012,0.000209,-0.0001,0.0
4.695,FLIGHT,1.0099,1.6005,-0.0383,-0.0338,-0.0433,-0.041,-0.0095,-0.1865,-0.0026,-0.0027,1.0375,-0.0606,1.6012,0.000208,-0.0001,0.0
4.7,FLIGHT,1.0097,1.6003,-0.0436,-0.0415,-0.0482,-0.0482,-0.0095,-0.1865,-0.0025,-0.0034,1.0367,-0.0602,1.6012,0.000208,-0.0001,0.0
4.705,FLIGHT,1.0095,1.6,-0.0485,-0.0487,-0.0526,-0.0548,-0.0095,-0.1865,-0.0024,-0.004,1.0359,-0.0598,1.6012,0.000207,-0.0001,0.0
4.71,FLIGHT,1.0092,1.5997,-0.0529,-0.0553,-0.0566,-0.061,-0.0095,-0.1865,-0.0024,-0.0045,1.0351,-0.0595,1.6012,0.000207,-0.0001,0.0
4.715,FLIGHT,1.0089,1.5994,-0.0568,-0.0614,-0.0602,-0.0667,-0.0095,-0.1866,-0.0023,-0.005,1.0342,-0.0591,1.6011,0.000206,-0.0001,0.0
4.72,FLIGHT,1.0086,1.599,-0.0604,-0.067,-0.0634,-0.0718,-0.0095,-0.1866,-0.0022,-0.0055,1.0333,-0.0587,1.6011,0.000206,-0.0001,0.0
4.725,FLIGHT,1.0083,1.5987,-0.0636,-0.0721,-0.0662,-0.0765,-0.0095,-0.1866,-0.0021,-0.0059,1.0324,-0.0584,1.601,0.000205,-0.0001,0.0
4.73,FLIGHT,1.0079,1.5983,-0.0663,-0.0768,-0.0686,-0.0807,-0.0096,-0.1867,-0.002,-0.0063,1.0315,-0.058,1.6009,0.000205,-0.0001,0.0
4.735,FLIGHT,1.0076,1.5979,-0.0687,-0.0809,-0.0707,-0.0845,-0.0096,-0.1867,-0.0019,-0.0067,1.0306,-0.0577,1.6008,0.000204,-0.0001,0.0
4.74,FLIGHT,1.0072,1.5974,-0.0707,-0.0846,-0.0724,-0.0878,-0.0096,-0.1867,-0.0017,-0.007,1.0296,-0.0573,1.6007,0.000204,-0.0001,0.0
4.745,FLIGHT,1.0069,1.597,-0.0724,-0.0879,-0.0738,-0.0906,-0.0096,-0.1868,-0.0016,-0.0073,1.0287,-0.057,1.6006,0.000203,-0.0001,0.0
4.75,FLIGHT,1.0065,1.5965,-0.0737,-0.0907,-0.0748,-0.0931,-0.0096,-0.1868,-0.0015,-0.0075,1.0277,-0.0566,1.6005,0.000203,-0.0001,0.0
4.755,FLIGHT,1.0061,1.5961,-0.0748,-0.0931,-0.0755,-0.0951,-0.0096,-0.1868,-0.0013,-0.0077,1.0267,-0.0563,1.6004,0.000203,-0.0001,0.0
4.76,FLIGHT,1.0057,1.5956,-0.0755,-0.0952,-0.076,-0.0968,-0.0096,-0.1869,-0.0012,-0.0079,1.0257,-0.056,1.6002,0.000203,-0.0001,0.0
4.765,FLIGHT,1.0053,1.5951,-0.0759,-0.0968,-0.0761,-0.0981,-0.0096,-0.1869,-0.0011,-0.008,1.0247,-0.0557,1.6001,0.000202,-0.0,0.0
4.77,FLIGHT,1.005,1.5946,-0.076,-0.098,-0.076,-0.099,-0.0096,-0.187,-0.0009,-0.0082,1.0236,-0.0554,1.5999,0.000202,-0.0,0.0
4.775,FLIGHT,1.0046,1.5941,-0.0759,-0.0989,-0.0757,-0.0996,-0.0096,-0.187,-0.0008,-0.0082,1.0225,-0.0551,1.5998,0.000202,-0.0,0.0
4.78,FLIGHT,1.0042,1.5936,-0.0755,-0.0995,-0.0751,-0.0998,-0.0096,-0.187,-0.0006,-0.0083,1.0215,-0.0548,1.5996,0.000202,-0.0,0.0
4.785,FLIGHT,1.0038,1.5931,-0.0749,-0.0997,-0.0743,-0.0998,-0.0096,-0.1871,-0.0005,-0.0083,1.0204,-0.0545,1.5995,0.000202,-0.0,0.0
4.79,FLIGHT,1.0035,1.5926,-0.0741,-0.0997,-0.0733,-0.0995,-0.0096,-0.1871,-0.0004,-0.0083,1.0193,-0.0543,1.5993,0.000201,-0.0,0.0
4.795,FLIGHT,1.0031,1.5921,-0.0731,-0.0993,-0.0721,-0.0988,-0.0096,-0.1872,-0.0002,-0.0083,1.0182,-0.054,1.5991,0.000201,-0.0,0.0
4.8,FLIGHT,1.0027,1.5916,-0.0719,-0.0987,-0.0707,-0.098,-0.0096,-0.1872,-0.0001,-0.0082,1.017,-0.0538,1.599,0.000201,-0.0,0.0
4.805,FLIGHT,1.0024,1.5911,-0.0705,-0.0978,-0.0692,-0.0968,-0.0096,-0.1872,0.0,-0.0082,1.0159,-0.0536,1.5988,0.000201,-0.0,0.0
4.81,FLIGHT,1.0021,1.5907,-0.069,-0.0966,-0.0675,-0.0955,-0.0096,-0.1873,0.0002,-0.0081,1.0147,-0.0534,1.5987,0.000201,-0.0,0.0
4.815,FLIGHT,1.0017,1.5902,-0.0673,-0.0952,-0.0657,-0.0939,-0.0096,-0.1873,0.0003,-0.008,1.0136,-0.0532,1.5985,0.000201,0.0,0.0
4.82,FLIGHT,1.0014,1.5897,-0.0655,-0.0937,-0.0638,-0.0922,-0.0096,-0.1874,0.0004,-0.0078,1.0124,-0.053,1.5983,0.000201,0.0,0.0
4.825,FLIGHT,1.0011,1.5893,-0.0636,-0.0919,-0.0618,-0.0902,-0.0096,-0.1874,0.0005,-0.0077,1.0112,-0.0528,1.5982,0.000201,0.0,0.0
4.83,FLIGHT,1.0008,1.5888,-0.0615,-0.0899,-0.0597,-0.0881,-0.0096,-0.1874,0.0007,-0.0075,1.01,-0.0526,1.598,0.000201,0.0,0.0
4.835,FLIGHT,1.0005,1.5884,-0.0594,-0.0878,-0.0575,-0.0859,-0.0096,-0.1875,0.0008,-0.0074,1.0088,-0.0525,1.5978,0.000201,0.0,0.0
4.84,FLIGHT,1.0002,1.588,-0.0572,-0.0856,-0.0552,-0.0835,-0.0096,-0.1875,0.0009,-0.0072,1.0076,-0.0523,1.5977,0.000202,0.0,0.0
4.845,FLIGHT,0.9999,1.5875,-0.0549,-0.0831,-0.0529,-0.0809,-0.0096,-0.1875,0.001,-0.007,1.0063,-0.0522,1.5975,0.000202,0.0,0.0
4.85,FLIGHT,0.9997,1.5871,-0.0526,-0.0806,-0.0505,-0.0783,-0.0096,-0.1876,0.0011,-0.0068,1.0051,-0.0521,1.5974,0.000202,0.0,0.0
4.855,FLIGHT,0.9994,1.5868,-0.0502,-0.078,-0.0481,-0.0756,-0.0096,-0.1876,0.0012,-0.0066,1.0038,-0.052,1.5972,0.000202,0.0,0.0
4.86,FLIGHT,0.9992,1.5864,-0.0478,-0.0752,-0.0456,-0.0728,-0.0096,-0.1876,0.0012,-0.0063,1.0026,-0.0519,1.5971,0.000202,0.0,0.0
4.865,FLIGHT,0.999,1.586,-0.0454,-0.0724,-0.0432,-0.0699,-0.0096,-0.1877,0.0013,-0.0061,1.0013,-0.0518,1.597,0.000202,0.0,0.0
4.87,FLIGHT,0.9988,1.5857,-0.0429,-0.0695,-0.0407,-0.0669,-0.0096,-0.1877,0.0014,-0.0059,1.0,-0.0517,1.5968,0.000202,0.0,0.0
4.875,STANCE,0.9993,1.5862,0.0898,0.0748,0.4985,0.3118,-0.0095,-0.1877,0.0067,0.0059,0.9989,0.087,-0.2907,-0.000217,-0.2614,0.0525
4.88,STANCE,1.0038,1.5864,0.6701,0.0214,0.7511,-0.0883,-0.0087,-0.1877,0.1229,-0.0039,0.9983,-0.2938,-0.8724,-0.001898,-0.254,0.0527
4.885,STANCE,1.0054,1.5866,0.3943,0.042,0.1345,0.0686,-0.0084,-0.1877,0.0683,0.0004,0.9982,-0.4505,-1.4817,-0.002435,-0.0233,0.0071
4.89,STANCE,1.0066,1.586,0.3147,-0.093,0.429,-0.3778,-0.0081,-0.1877,0.0718,-0.0109,0.9984,-0.735,-1.9458,-0.002394,0.032,0.0024
4.895,STANCE,1.0096,1.5813,0.5031,-0.7559,0.618,-1.7915,-0.0069,-0.1882,0.1983,-0.0702,0.9984,-1.1501,-2.0203,-0.002073,0.1179,0.0021
4.9,STANCE,1.0144,1.5728,0.8571,-1.4075,1.3063,-2.0074,-0.0049,-0.189,0.3565,-0.1257,0.9985,-1.6195,-1.8728,-0.00191,-0.1027,0.0224
4.905,STANCE,1.0209,1.5594,1.1645,-2.2937,1.2773,-2.9085,-0.0018,-0.1901,0.5424,-0.1938,0.9984,-2.0235,-1.3841,-0.002384,-0.0832,0.019
4.91,STANCE,1.0265,1.5447,1.1239,-2.7544,1.0896,-2.8557,0.0014,-0.1913,0.6051,-0.2208,0.9984,-2.1504,-0.8916,-0.002539,-0.0067,0.0039
4.915,STANCE,1.0309,1.5289,0.9269,-3.0609,0.5583,-3.546,0.0045,-0.1926,0.6169,-0.2342,0.9983,-2.0388,-0.3412,-0.002707,-0.0324,0.0092
4.92,STANCE,1.0337,1.5121,0.6611,-3.2489,0.4383,-3.265,0.0074,-0.1938,0.5983,-0.2389,0.9982,-1.7174,0.2217,-0.003133,-0.0648,0.0161
4.925,STANCE,1.0349,1.4958,0.3623,-3.2524,0.1249,-3.1561,0.01,-0.195,0.5455,-0.2322,0.9982,-1.2263,0.703,-0.003378,-0.0921,0.0218
4.93,STANCE,1.0341,1.4795,-0.0036,-3.2594,-0.316,-3.2523,0.0123,-0.1962,0.4788,-0.2289,0.9981,-0.6244,1.127,-0.003653,-0.047,0.013
4.935,STANCE,1.0323,1.4637,-0.266,-3.1926,-0.4875,-3.1773,0.0142,-0.1973,0.4203,-0.2214,0.9981,-0.0963,1.4147,-0.00392,-0.0134,0.0066
4.94,STANCE,1.0304,1.4488,-0.3301,-3.0267,-0.3099,-2.8562,0.0161,-0.1983,0.3854,-0.2058,0.9982,0.166,1.5117,-0.004191,-0.0556,0.0153
4.945,STANCE,1.0292,1.435,-0.2598,-2.8442,-0.1656,-2.6879,0.0179,-0.1993,0.3742,-0.1877,0.9984,0.1489,1.4773,-0.00441,-0.0331,0.011
4.95,STANCE,1.0287,1.4219,-0.145,-2.6807,-0.0405,-2.5443,0.0198,-0.2001,0.3746,-0.1703,0.9987,0.1042,1.4445,-0.004522,-0.0115,0.0068
4.955,FLIGHT,1.0286,1.4096,-0.0581,-2.5157,-0.1627,-2.1863,0.0216,-0.2009,0.369,-0.1537,0.9991,-1.4017,2.6501,-0.004515,0.027,0.0045
4.96,FLIGHT,1.0254,1.4019,-0.518,-1.7874,-1.1362,-0.9216,0.0221,-0.2014,0.1667,-0.1186,0.9998,-1.2822,2.5435,-0.004146,0.1167,0.0041
4.965,FLIGHT,1.0175,1.4001,-1.2713,-0.7628,-1.9556,0.1562,0.0208,-0.2017,-0.141,-0.0729,1.0008,-0.995,2.308,-0.003396,0.1787,0.0034
4.97,FLIGHT,1.0062,1.4029,-1.9731,0.1869,-2.5276,0.9496,0.0181,-0.2017,-0.4261,-0.024,1.002,-0.6722,2.0476,-0.00241,0.2111,0.0024
4.975,FLIGHT,0.9927,1.4091,-2.486,0.9157,-2.8467,1.4551,0.0145,-0.2015,-0.6376,0.0244,1.0033,-0.3783,1.8123,-0.001326,0.2187,0.0013
4.98,FLIGHT,0.9781,1.4171,-2.7794,1.3931,-2.9476,1.7127,0.0103,-0.2012,-0.7647,0.0677,1.0048,-0.1392,1.6221,-0.000253,0.2083,0.0003
4.985,FLIGHT,0.9635,1.4259,-2.8718,1.6437,-2.8751,1.7797,0.0061,-0.2007,-0.8161,0.1019,1.0062,0.039,1.4818,0.000637,0.1374,0.0
4.99,FLIGHT,0.9496,1.4346,-2.8034,1.7134,-2.6844,1.7094,0.0021,-0.2001,-0.808,0.1245,1.0077,0.1619,1.387,0.001154,0.0736,0.0
4.995,FLIGHT,0.9368,1.4428,-2.6212,1.6512,-2.4197,1.5503,-0.0017,-0.1995,-0.7583,0.1348,1.0091,0.2391,1.3298,0.001409,0.0314,0.0
5.0,FLIGHT,0.9255,1.4501,-2.3658,1.5024,-2.1144,1.3422,-0.005,-0.1988,-0.6824,0.1344,1.0105,0.2803,1.3022,0.001494,0.0044,0.0
5.005,FLIGHT,0.9157,1.4562,-2.0697,1.3049,-1.7944,1.1156,-0.0078,-0.1983,-0.5928,0.1255,1.0118,0.2947,1.2964,0.001471,-0.012,0.0024
5.01,FLIGHT,0.9075,1.4612,-1.7582,1.0881,-1.4782,0.8921,-0.0101,-0.1978,-0.4986,0.111,1.0131,0.2899,1.306,0.001385,-0.0213,0.0043
5.015,FLIGHT,0.9009,1.4652,-1.4495,0.8732,-1.1784,0.6863,-0.0119,-0.1974,-0.4063,0.0934,1.0142,0.2721,1.3254,0.001266,-0.0258,0.0052
5.02,FLIGHT,0.8957,1.4681,-1.1563,0.6746,-0.9032,0.5069,-0.0134,-0.197,-0.3203,0.075,1.0153,0.2464,1.3504,0.001132,-0.0271,0.0054
5.025,FLIGHT,0.8918,1.4703,-0.8864,0.501,-0.6566,0.3584,-0.0144,-0.1968,-0.2428,0.0574,1.0164,0.2164,1.3779,0.000998,-0.0265,0.0053
5.03,FLIGHT,0.8891,1.4718,-0.6442,0.3571,-0.4404,0.2419,-0.0152,-0.1966,-0.1753,0.0418,1.0174,0.1851,1.4056,0.000869,-0.0248,0.005
5.035,FLIGHT,0.8873,1.4728,-0.4315,0.2439,-0.2541,0.1563,-0.0156,-0.1965,-0.1179,0.0287,1.0183,0.1543,1.4319,0.000751,-0.0223,0.0045
5.04,FLIGHT,0.8865,1.4734,-0.2479,0.1607,-0.0962,0.099,-0.0159,-0.1964,-0.0705,0.0185,1.0192,0.1254,1.4558,0.000646,-0.0196,0.0039
5.045,FLIGHT,0.8863,1.4738,-0.092,0.1051,0.0359,0.0666,-0.016,-0.1964,-0.0323,0.011,1.0201,0.0991,1.4769,0.000555,-0.0168,0.0034
5.05,FLIGHT,0.8868,1.4741,0.0386,0.0737,0.145,0.0554,-0.0159,-0.1964,-0.0024,0.006,1.021,0.0759,1.495,0.000478,-0.014,0.0028
5.055,FLIGHT,0.8878,1.4744,0.1466,0.063,0.2341,0.0615,-0.0158,-0.1964,0.0202,0.0034,1.0218,0.0558,1.51,0.000415,-0.0114,0.0023
5.06,FLIGHT,0.8891,1.4747,0.235,0.0691,0.3063,0.0811,-0.0156,-0.1963,0.0367,0.0026,1.0226,0.0389,1.5223,0.000364,-0.0092,0.0018
5.065,FLIGHT,0.8908,1.4752,0.3067,0.0886,0.3643,0.111,-0.0153,-0.1963,0.0482,0.0033,1.0234,0.0249,1.532,0.000323,-0.0072,0.0014
5.07,FLIGHT,0.8927,1.4758,0.3644,0.1181,0.4106,0.1481,-0.015,-0.1963,0.0555,0.0051,1.0242,0.0134,1.5395,0.000291,-0.0055,0.0011
5.075,FLIGHT,0.8949,1.4767,0.4106,0.1546,0.4475,0.1898,-0.0147,-0.1963,0.0595,0.0078,1.025,0.0042,1.5451,0.000267,-0.0042,0.0008
5.08,FLIGHT,0.8972,1.4777,0.4475,0.1957,0.4769,0.234,-0.0144,-0.1962,0.0611,0.0111,1.0258,-0.003,1.5492,0.000249,-0.0031,0.0006
5.085,FLIGHT,0.8996,1.479,0.4769,0.2393,0.5003,0.2789,-0.0141,-0.1961,0.0609,0.0146,1.0266,-0.0087,1.5521,0.000236,-0.0022,0.0004
5.09,FLIGHT,0.9022,1.4805,0.5004,0.2836,0.5191,0.3233,-0.0138,-0.196,0.0594,0.0184,1.0274,-0.0131,1.5541,0.000227,-0.0015,0.0003
5.095,FLIGHT,0.9048,1.4823,0.5192,0.3274,0.5342,0.366,-0.0135,-0.1959,0.057,0.0221,1.0281,-0.0166,1.5554,0.000221,-0.0009,0.0002
5.1,FLIGHT,0.9075,1.4842,0.5343,0.3695,0.5465,0.4063,-0.0132,-0.1958,0.0541,0.0258,1.0289,-0.0192,1.5562,0.000217,-0.0005,0.0001
5.105,FLIGHT,0.9103,1.4863,0.5466,0.4093,0.5565,0.4436,-0.013,-0.1956,0.051,0.0292,1.0297,-0.0214,1.5567,0.000215,-0.0002,0.0
5.11,FLIGHT,0.9131,1.4886,0.5566,0.4461,0.5647,0.4777,-0.0128,-0.1954,0.0478,0.0325,1.0304,-0.0231,1.5569,0.000215,0.0,0.0
5.115,FLIGHT,0.9159,1.4911,0.5648,0.4798,0.5713,0.5084,-0.0125,-0.1953,0.0446,0.0355,1.0311,-0.0246,1.5571,0.000215,0.0002,0.0
5.12,FLIGHT,0.9188,1.4937,0.5714,0.51,0.5767,0.5356,-0.0123,-0.1951,0.0417,0.0382,1.0319,-0.0259,1.5573,0.000216,0.0003,0.0
5.125,FLIGHT,0.9217,1.4964,0.5767,0.5369,0.5808,0.5593,-0.0121,-0.1949,0.0389,0.0406,1.0326,-0.0272,1.5576,0.000218,0.0003,0.0
5.13,FLIGHT,0.9246,1.4993,0.5807,0.5602,0.5839,0.5797,-0.012,-0.1946,0.0364,0.0427,1.0333,-0.0284,1.5579,0.00022,0.0004,0.0
5.135,FLIGHT,0.9275,1.5022,0.5837,0.5803,0.5859,0.5968,-0.0118,-0.1944,0.0341,0.0445,1.034,-0.0296,1.5583,0.000222,0.0004,0.0
5.14,FLIGHT,0.9305,1.5052,0.5856,0.5971,0.5868,0.6108,-0.0116,-0.1942,0.032,0.0461,1.0347,-0.0309,1.5589,0.000224,0.0004,0.0
5.145,FLIGHT,0.9334,1.5083,0.5864,0.611,0.5867,0.622,-0.0115,-0.1939,0.0301,0.0474,1.0353,-0.0322,1.5595,0.000226,0.0004,0.0
5.15,FLIGHT,0.9363,1.5115,0.5862,0.6219,0.5855,0.6305,-0.0114,-0.1937,0.0285,0.0485,1.036,-0.0336,1.5603,0.000228,0.0004,0.0
5.155,FLIGHT,0.9393,1.5146,0.5849,0.6302,0.5833,0.6365,-0.0112,-0.1934,0.027,0.0493,1.0366,-0.035,1.5612,0.000229,0.0003,0.0
5.16,FLIGHT,0.9422,1.5178,0.5826,0.636,0.58,0.6401,-0.0111,-0.1932,0.0256,0.05,1.0373,-0.0365,1.5622,0.000231,0.0003,0.0
5.165,FLIGHT,0.945,1.521,0.5791,0.6395,0.5756,0.6416,-0.011,-0.1929,0.0243,0.0504,1.0379,-0.0379,1.5632,0.000233,0.0003,0.0
5.17,FLIGHT,0.9479,1.5242,0.5747,0.6408,0.5702,0.641,-0.0109,-0.1927,0.0231,0.0507,1.0384,-0.0394,1.5644,0.000234,0.0003,0.0
5.175,FLIGHT,0.9507,1.5274,0.5691,0.6401,0.5637,0.6387,-0.0108,-0.1924,0.022,0.0508,1.039,-0.0409,1.5656,0.000235,0.0002,0.0
5.18,FLIGHT,0.9535,1.5306,0.5626,0.6376,0.5563,0.6346,-0.0107,-0.1922,0.021,0.0507,1.0395,-0.0424,1.5668,0.000236,0.0002,0.0
5.185,FLIGHT,0.9563,1.5338,0.555,0.6335,0.5478,0.629,-0.0106,-0.1919,0.02,0.0505,1.0401,-0.0439,1.5681,0.000237,0.0002,0.0
5.19,FLIGHT,0.959,1.5369,0.5465,0.6277,0.5385,0.6219,-0.0105,-0.1917,0.019,0.0502,1.0406,-0.0454,1.5693,0.000238,0.0002,0.0
5.195,FLIGHT,0.9617,1.54,0.5371,0.6205,0.5282,0.6135,-0.0104,-0.1914,0.0181,0.0497,1.041,-0.0468,1.5706,0.000239,0.0001,0.0
5.2,FLIGHT,0.9643,1.543,0.5268,0.612,0.5171,0.6039,-0.0103,-0.1912,0.0172,0.0492,1.0415,-0.0482,1.5719,0.000239,0.0001,0.0
5.205,FLIGHT,0.9669,1.546,0.5156,0.6023,0.5053,0.5931,-0.0102,-0.1909,0.0163,0.0485,1.0419,-0.0496,1.5733,0.00024,0.0001,0.0
5.21,FLIGHT,0.9694,1.549,0.5037,0.5915,0.4927,0.5813,-0.0101,-0.1907,0.0154,0.0477,1.0423,-0.0509,1.5745,0.00024,0.0,0.0
5.215,FLIGHT,0.9718,1.5518,0.4911,0.5797,0.4795,0.5686,-0.0101,-0.1905,0.0145,0.0469,1.0427,-0.0521,1.5758,0.00024,0.0,0.0
5.22,FLIGHT,0.9742,1.5547,0.4779,0.5669,0.4657,0.555,-0.01,-0.1903,0.0136,0.0459,1.043,-0.0533,1.5771,0.00024,0.0,0.0
5.225,FLIGHT,0.9764,1.5574,0.464,0.5533,0.4514,0.5407,-0.0099,-0.19,0.0128,0.0449,1.0433,-0.0545,1.5783,0.00024,-0.0,0.0
5.23,FLIGHT,0.9787,1.5601,0.4497,0.5389,0.4366,0.5257,-0.0099,-0.1898,0.0119,0.0438,1.0436,-0.0555,1.5795,0.00024,-0.0,0.0
5.235,FLIGHT,0.9808,1.5626,0.4348,0.5238,0.4214,0.51,-0.0098,-0.1896,0.0111,0.0427,1.0439,-0.0565,1.5807,0.00024,-0.0001,0.0
5.24,FLIGHT,0.9829,1.5652,0.4196,0.5081,0.4058,0.4938,-0.0098,-0.1894,0.0103,0.0415,1.0441,-0.0575,1.5819,0.00024,-0.0001,0.0
5.245,FLIGHT,0.9849,1.5676,0.4041,0.4919,0.39,0.4771,-0.0097,-0.1892,0.0095,0.0402,1.0443,-0.0584,1.583,0.000239,-0.0001,0.0
5.25,FLIGHT,0.9868,1.5699,0.3882,0.4751,0.3739,0.46,-0.0097,-0.189,0.0087,0.0389,1.0445,-0.0592,1.5841,0.000239,-0.0001,0.0
5.255,FLIGHT,0.9886,1.5722,0.3722,0.458,0.3577,0.4425,-0.0096,-0.1888,0.008,0.0376,1.0446,-0.06,1.5852,0.000238,-0.0001,0.0
5.26,FLIGHT,0.9904,1.5744,0.356,0.4406,0.3414,0.4248,-0.0096,-0.1886,0.0072,0.0362,1.0447,-0.0607,1.5862,0.000237,-0.0001,0.0
5.265,FLIGHT,0.992,1.5764,0.3396,0.4228,0.325,0.4068,-0.0096,-0.1885,0.0065,0.0348,1.0448,-0.0613,1.5872,0.000237,-0.0001,0.0
5.27,FLIGHT,0.9936,1.5784,0.3232,0.4049,0.3085,0.3887,-0.0095,-0.1883,0.0058,0.0333,1.0448,-0.0619,1.5882,0.000236,-0.0002,0.0
5.275,FLIGHT,0.9951,1.5803,0.3068,0.3867,0.2921,0.3704,-0.0095,-0.1882,0.0052,0.0319,1.0449,-0.0624,1.5891,0.000235,-0.0002,0.0
5.28,FLIGHT,0.9965,1.5821,0.2905,0.3685,0.2758,0.3521,-0.0095,-0.188,0.0045,0.0304,1.0448,-0.0629,1.59,0.000234,-0.0002,0.0
5.285,FLIGHT,0.9979,1.5838,0.2742,0.3502,0.2596,0.3338,-0.0095,-0.1879,0.0039,0.029,1.0448,-0.0633,1.5908,0.000234,-0.0002,0.0
5.29,FLIGHT,0.9991,1.5855,0.258,0.3319,0.2436,0.3156,-0.0095,-0.1877,0.0034,0.0275,1.0447,-0.0636,1.5916,0.000233,-0.0002,0.0
5.295,FLIGHT,1.0003,1.587,0.242,0.3137,0.2277,0.2974,-0.0095,-0.1876,0.0028,0.026,1.0446,-0.064,1.5924,0.000232,-0.0002,0.0
5.3,FLIGHT,1.0014,1.5884,0.2262,0.2956,0.2121,0.2794,-0.0094,-0.1875,0.0023,0.0246,1.0444,-0.0642,1.5931,0.000231,-0.0002,0.0
5.305,FLIGHT,1.0024,1.5898,0.2106,0.2776,0.1968,0.2615,-0.0094,-0.1874,0.0018,0.0231,1.0443,-0.0644,1.5938,0.00023,-0.0002,0.0
5.31,FLIGHT,1.0034,1.5911,0.1953,0.2597,0.1817,0.2439,-0.0094,-0.1873,0.0013,0.0216,1.044,-0.0646,1.5945,0.000229,-0.0002,0.0
5.315,FLIGHT,1.0042,1.5922,0.1803,0.2421,0.167,0.2265,-0.0094,-0.1872,0.0009,0.0202,1.0438,-0.0647,1.5951,0.000228,-0.0002,0.0
5.32,FLIGHT,1.005,1.5933,0.1656,0.2248,0.1526,0.2094,-0.0094,-0.1871,0.0005,0.0188,1.0435,-0.0648,1.5957,0.000227,-0.0002,0.0
5.325,FLIGHT,1.0058,1.5943,0.1512,0.2077,0.1385,0.1926,-0.0094,-0.187,0.0001,0.0174,1.0432,-0.0648,1.5963,0.000226,-0.0002,0.0
5.33,FLIGHT,1.0064,1.5952,0.1372,0.191,0.1249,0.1762,-0.0094,-0.1869,-0.0002,0.016,1.0429,-0.0648,1.5968,0.000225,-0.0002,0.0
5.335,FLIGHT,1.007,1.5961,0.1236,0.1746,0.1117,0.1601,-0.0094,-0.1868,-0.0006,0.0146,1.0425,-0.0648,1.5973,0.000224,-0.0002,0.0
5.34,FLIGHT,1.0075,1.5968,0.1105,0.1586,0.0988,0.1444,-0.0094,-0.1868,-0.0009,0.0133,1.0421,-0.0647,1.5978,0.000223,-0.0002,0.0
5.345,FLIGHT,1.008,1.5975,0.0977,0.143,0.0865,0.1292,-0.0094,-0.1867,-0.0011,0.012,1.0417,-0.0646,1.5982,0.000222,-0.0002,0.0
5.35,FLIGHT,1.0084,1.5981,0.0854,0.1278,0.0746,0.1144,-0.0094,-0.1867,-0.0014,0.0108,1.0412,-0.0645,1.5986,0.000221,-0.0002,0.0
5.355,FLIGHT,1.0088,1.5987,0.0735,0.1131,0.0631,0.1001,-0.0095,-0.1866,-0.0016,0.0096,1.0408,-0.0644,1.5989,0.00022,-0.0002,0.0
5.36,FLIGHT,1.009,1.5991,0.0621,0.0988,0.0521,0.0862,-0.0095,-0.1866,-0.0018,0.0084,1.0402,-0.0642,1.5993,0.000219,-0.0002,0.0
5.365,FLIGHT,1.0093,1.5995,0.0512,0.085,0.0416,0.0729,-0.0095,-0.1866,-0.002,0.0072,1.0397,-0.064,1.5996,0.000218,-0.0002,0.0
5.37,FLIGHT,1.0095,1.5999,0.0407,0.0717,0.0316,0.06,-0.0095,-0.1865,-0.0021,0.0061,1.0391,-0.0637,1.5998,0.000217,-0.0002,0.0
5.375,FLIGHT,1.0096,1.6001,0.0307,0.0589,0.022,0.0477,-0.0095,-0.1865,-0.0022,0.0051,1.0385,-0.0635,1.6001,0.000216,-0.0002,0.0
5.38,FLIGHT,1.0097,1.6004,0.0213,0.0466,0.013,0.0358,-0.0095,-0.1865,-0.0023,0.004,1.0379,-0.0632,1.6003,0.000215,-0.0002,0.0
5.385,FLIGHT,1.0097,1.6005,0.0122,0.0348,0.0044,0.0245,-0.0095,-0.1865,-0.0024,0.003,1.0373,-0.0629,1.6005,0.000214,-0.0002,0.0
5.39,FLIGHT,1.0097,1.6006,0.0037,0.0236,-0.0037,0.0138,-0.0095,-0.1865,-0.0025,0.0021,1.0366,-0.0626,1.6006,0.000213,-0.0002,0.0
5.395,FLIGHT,1.0097,1.6006,-0.0043,0.0129,-0.0113,0.0035,-0.0095,-0.1865,-0.0025,0.0012,1.0359,-0.0623,1.6008,0.000213,-0.0002,0.0
5.4,FLIGHT,1.0096,1.6006,-0.0119,0.0027,-0.0184,-0.0062,-0.0096,-0.1865,-0.0026,0.0004,1.0352,-0.062,1.6009,0.000212,-0.0002,0.0
5.405,FLIGHT,1.0095,1.6006,-0.0189,-0.0069,-0.025,-0.0153,-0.0096,-0.1865,-0.0026,-0.0004,1.0345,-0.0617,1.601,0.000211,-0.0001,0.0
5.41,FLIGHT,1.0094,1.6005,-0.0255,-0.016,-0.0312,-0.024,-0.0096,-0.1865,-0.0026,-0.0012,1.0337,-0.0613,1.601,0.00021,-0.0001,0.0
5.415,FLIGHT,1.0092,1.6003,-0.0317,-0.0246,-0.0369,-0.0321,-0.0096,-0.1865,-0.0026,-0.0019,1.0329,-0.061,1.6011,0.00021,-0.0001,0.0
5.42,FLIGHT,1.009,1.6002,-0.0373,-0.0327,-0.0422,-0.0396,-0.0096,-0.1865,-0.0025,-0.0026,1.0321,-0.0606,1.6011,0.000209,-0.0001,0.0
5.425,FLIGHT,1.0088,1.5999,-0.0426,-0.0402,-0.047,-0.0467,-0.0096,-0.1865,-0.0025,-0.0032,1.0313,-0.0603,1.6011,0.000208,-0.0001,0.0
5.43,FLIGHT,1.0085,1.5997,-0.0473,-0.0472,-0.0514,-0.0532,-0.0096,-0.1865,-0.0024,-0.0038,1.0304,-0.0599,1.6011,0.000208,-0.0001,0.0
5.435,FLIGHT,1.0083,1.5994,-0.0517,-0.0537,-0.0554,-0.0593,-0.0096,-0.1866,-0.0024,-0.0044,1.0295,-0.0596,1.6011,0.000207,-0.0001,0.0
5.44,FLIGHT,1.008,1.5991,-0.0556,-0.0597,-0.0589,-0.0648,-0.0097,-0.1866,-0.0023,-0.0049,1.0287,-0.0592,1.6011,0.000207,-0.0001,0.0
5.445,FLIGHT,1.0077,1.5988,-0.0591,-0.0652,-0.0621,-0.0699,-0.0097,-0.1866,-0.0022,-0.0054,1.0277,-0.0589,1.601,0.000206,-0.0001,0.0
5.45,FLIGHT,1.0073,1.5984,-0.0622,-0.0702,-0.0649,-0.0745,-0.0097,-0.1866,-0.0021,-0.0058,1.0268,-0.0585,1.6009,0.000206,-0.0001,0.0
5.455,FLIGHT,1.007,1.598,-0.065,-0.0748,-0.0673,-0.0786,-0.0097,-0.1867,-0.002,-0.0062,1.0259,-0.0582,1.6009,0.000205,-0.0001,0.0
5.46,FLIGHT,1.0067,1.5976,-0.0674,-0.0789,-0.0693,-0.0823,-0.0097,-0.1867,-0.0019,-0.0065,1.0249,-0.0578,1.6008,0.000205,-0.0001,0.0
5.465,FLIGHT,1.0063,1.5972,-0.0694,-0.0825,-0.071,-0.0856,-0.0097,-0.1867,-0.0018,-0.0068,1.0239,-0.0575,1.6007,0.000204,-0.0001,0.0
5.47,FLIGHT,1.006,1.5968,-0.071,-0.0857,-0.0724,-0.0884,-0.0097,-0.1868,-0.0017,-0.0071,1.0229,-0.0571,1.6006,0.000204,-0.0001,0.0
5.475,FLIGHT,1.0056,1.5963,-0.0724,-0.0885,-0.0734,-0.0908,-0.0097,-0.1868,-0.0015,-0.0073,1.0219,-0.0568,1.6005,0.000204,-0.0001,0.0
5.48,FLIGHT,1.0052,1.5959,-0.0734,-0.0909,-0.0742,-0.0928,-0.0097,-0.1868,-0.0014,-0.0075,1.0209,-0.0565,1.6003,0.000203,-0.0001,0.0
5.485,FLIGHT,1.0049,1.5954,-0.0741,-0.0928,-0.0746,-0.0944,-0.0097,-0.1869,-0.0013,-0.0077,1.0198,-0.0562,1.6002,0.000203,-0.0,0.0
5.49,FLIGHT,1.0045,1.5949,-0.0746,-0.0944,-0.0748,-0.0957,-0.0097,-0.1869,-0.0011,-0.0078,1.0188,-0.0559,1.6001,0.000203,-0.0,0.0
5.495,FLIGHT,1.0041,1.5944,-0.0747,-0.0957,-0.0748,-0.0966,-0.0097,-0.187,-0.001,-0.008,1.0177,-0.0556,1.5999,0.000203,-0.0,0.0
5.5,FLIGHT,1.0037,1.5939,-0.0746,-0.0966,-0.0744,-0.0972,-0.0097,-0.187,-0.0009,-0.008,1.0166,-0.0553,1.5998,0.000203,-0.0,0.0
5.505,FLIGHT,1.0034,1.5935,-0.0743,-0.0971,-0.0739,-0.0975,-0.0098,-0.187,-0.0007,-0.0081,1.0155,-0.055,1.5996,0.000202,-0.0,0.0
5.51,FLIGHT,1.003,1.593,-0.0738,-0.0974,-0.0732,-0.0975,-0.0098,-0.1871,-0.0006,-0.0081,1.0144,-0.0548,1.5995,0.000202,-0.0,0.0
5.515,FLIGHT,1.0026,1.5925,-0.073,-0.0973,-0.0722,-0.0971,-0.0098,-0.1871,-0.0005,-0.0081,1.0133,-0.0545,1.5993,0.000202,-0.0,0.0
5.52,FLIGHT,1.0023,1.592,-0.072,-0.097,-0.0711,-0.0965,-0.0098,-0.1872,-0.0003,-0.0081,1.0121,-0.0543,1.5991,0.000202,-0.0,0.0
5.525,FLIGHT,1.0019,1.5915,-0.0709,-0.0964,-0.0698,-0.0957,-0.0098,-0.1872,-0.0002,-0.008,1.0109,-0.054,1.599,0.000202,-0.0,0.0
5.53,FLIGHT,1.0016,1.591,-0.0696,-0.0955,-0.0683,-0.0946,-0.0098,-0.1872,-0.0001,-0.008,1.0098,-0.0538,1.5988,0.000202,-0.0,0.0
5.535,FLIGHT,1.0012,1.5906,-0.0681,-0.0944,-0.0667,-0.0933,-0.0098,-0.1873,0.0,-0.0079,1.0086,-0.0536,1.5987,0.000202,-0.0,0.0
5.54,FLIGHT,1.0009,1.5901,-0.0665,-0.0931,-0.065,-0.0918,-0.0098,-0.1873,0.0002,-0.0078,1.0074,-0.0534,1.5985,0.000202,0.0,0.0
5.545,FLIGHT,1.0006,1.5897,-0.0647,-0.0915,-0.0631,-0.0901,-0.0098,-0.1874,0.0003,-0.0077,1.0062,-0.0532,1.5983,0.000202,0.0,0.0
5.55,FLIGHT,1.0003,1.5892,-0.0629,-0.0898,-0.0612,-0.0882,-0.0098,-0.1874,0.0004,-0.0075,1.005,-0.0531,1.5982,0.000202,0.0,0.0
5.555,FLIGHT,1.0,1.5888,-0.0609,-0.0879,-0.0591,-0.0861,-0.0098,-0.1874,0.0005,-0.0074,1.0038,-0.0529,1.598,0.000202,0.0,0.0
5.56,FLIGHT,0.9997,1.5884,-0.0589,-0.0858,-0.057,-0.0839,-0.0097,-0.1875,0.0006,-0.0072,1.0025,-0.0528,1.5979,0.000202,0.0,0.0
5.565,FLIGHT,0.9994,1.5879,-0.0567,-0.0836,-0.0548,-0.0816,-0.0097,-0.1875,0.0007,-0.007,1.0013,-0.0526,1.5977,0.000202,0.0,0.0
5.57,FLIGHT,0.9991,1.5875,-0.0545,-0.0813,-0.0525,-0.0791,-0.0097,-0.1875,0.0008,-0.0068,1.0,-0.0525,1.5976,0.000202,0.0,0.0
5.575,STANCE,0.9996,1.5879,0.0756,0.0593,0.4783,0.2873,-0.0097,-0.1875,0.0061,0.0046,0.999,0.0924,-0.2895,-0.000197,-0.2492,0.05
5.58,STANCE,1.0042,1.5879,0.6912,-0.0193,0.8961,-0.1847,-0.0088,-0.1876,0.1323,-0.0078,0.9983,-0.3016,-0.8618,-0.001851,-0.2794,0.0577
5.585,STANCE,1.0061,1.5879,0.4341,0.0061,0.1429,0.0673,-0.0085,-0.1876,0.0806,-0.0031,0.9982,-0.4668,-1.4726,-0.002439,-0.025,0.0074
5.59,STANCE,1.0073,1.5874,0.3193,-0.0949,0.4083,-0.3593,-0.0082,-0.1876,0.0728,-0.0111,0.9984,-0.7358,-1.9518,-0.00239,0.0356,0.0024
5.595,STANCE,1.0102,1.583,0.5012,-0.7149,0.5695,-1.8645,-0.0071,-0.188,0.1922,-0.0667,0.9985,-1.1457,-2.0468,-0.002066,0.1317,0.0021
5.6,STANCE,1.0148,1.5744,0.8319,-1.3963,1.27,-1.9685,-0.005,-0.1888,0.35,-0.125,0.9986,-1.6037,-1.8886,-0.001824,-0.0948,0.0208
5.605,STANCE,1.0211,1.5608,1.133,-2.3324,1.3658,-2.7037,-0.0019,-0.19,0.5414,-0.1976,0.9984,-2.0043,-1.3799,-0.002321,-0.1256,0.0274
5.61,STANCE,1.0269,1.5463,1.1175,-2.7482,0.9251,-3.1482,0.0012,-0.1912,0.6026,-0.221,0.9984,-2.1406,-0.9067,-0.002584,0.0141,0.0026
5.615,STANCE,1.0312,1.5308,0.9306,-2.9987,0.5553,-3.4481,0.0043,-0.1924,0.6081,-0.2302,0.9983,-2.032,-0.3802,-0.002665,-0.0169,0.006
5.62,STANCE,1.0337,1.514,0.6289,-3.239,0.3614,-3.3362,0.0072,-0.1937,0.5901,-0.2394,0.9982,-1.6962,0.2047,-0.003186,-0.0836,0.0199
5.625,STANCE,1.0349,1.4976,0.3511,-3.2492,0.0437,-3.2874,0.0098,-0.1949,0.5424,-0.233,0.9981,-1.2159,0.6911,-0.00344,-0.0043,0.0043
5.63,STANCE,1.0344,1.4815,0.0383,-3.2231,-0.2936,-3.2643,0.012,-0.1961,0.4813,-0.2267,0.9981,-0.6388,1.1041,-0.003823,-0.0735,0.0185
5.635,STANCE,1.0324,1.4652,-0.2671,-3.2293,-0.4093,-3.118,0.014,-0.1972,0.4252,-0.2246,0.998,-0.0951,1.4245,-0.004148,-0.1049,0.0251
5.64,STANCE,1.0303,1.4499,-0.3687,-3.1114,-0.3903,-2.9895,0.0159,-0.1983,0.3901,-0.2125,0.998,0.1818,1.5429,-0.004529,-0.0555,0.0156
5.645,STANCE,1.0287,1.4355,-0.3214,-2.9483,-0.2318,-2.7857,0.0177,-0.1992,0.3774,-0.1959,0.9981,0.1748,1.5176,-0.004752,-0.0351,0.0118
5.65,STANCE,1.0279,1.422,-0.2023,-2.7648,-0.088,-2.6032,0.0196,-0.2001,0.3757,-0.177,0.9983,0.1291,1.4779,-0.00488,-0.016,0.0081
5.655,FLIGHT,1.0278,1.4094,-0.0805,-2.594,0.02,-2.4508,0.0215,-0.2009,0.3763,-0.1592,0.9986,-1.3681,2.6265,-0.004909,0.0049,0.0049
5.66,FLIGHT,1.0254,1.4003,-0.3986,-1.9918,-0.9498,-1.182,0.0224,-0.2015,0.2218,-0.1278,0.9992,-1.307,2.5652,-0.00464,0.0991,0.0046
5.665,FLIGHT,1.0185,1.3973,-1.1172,-0.9907,-1.7985,-0.0651,0.0214,-0.2018,-0.0754,-0.0837,1.0,-1.0423,2.3469,-0.003962,0.1672,0.004
5.67,FLIGHT,1.0079,1.3992,-1.8331,-0.0164,-2.4118,0.7798,0.019,-0.2019,-0.3677,-0.0359,1.0011,-0.7231,2.0892,-0.003019,0.2056,0.003
5.675,FLIGHT,0.9948,1.4046,-2.3787,0.7555,-2.7717,1.3363,0.0156,-0.2018,-0.593,0.0121,1.0024,-0.4239,1.8495,-0.001951,0.218,0.002
5.68,FLIGHT,0.9805,1.4121,-2.7081,1.2788,-2.9076,1.6383,0.0116,-0.2015,-0.735,0.0559,1.0038,-0.176,1.6523,-0.000871,0.2111,0.0009
5.685,FLIGHT,0.966,1.4207,-2.8342,1.5701,-2.8654,1.7393,0.0074,-0.201,-0.7997,0.0915,1.0052,0.0122,1.504,0.000135,0.1802,0.0
5.69,FLIGHT,0.9521,1.4293,-2.7919,1.6734,-2.6924,1.6961,0.0033,-0.2005,-0.8021,0.116,1.0066,0.1436,1.4023,0.000835,0.1044,0.0
5.695,FLIGHT,0.9392,1.4375,-2.6276,1.6373,-2.439,1.5565,-0.0004,-0.1999,-0.7597,0.1286,1.008,0.2276,1.3394,0.001218,0.0523,0.0
5.7,FLIGHT,0.9278,1.4448,-2.3837,1.5076,-2.1402,1.3616,-0.0037,-0.1993,-0.6886,0.1304,1.0093,0.2742,1.3074,0.001389,0.0184,0.0
5.705,FLIGHT,0.9179,1.451,-2.0942,1.3232,-1.823,1.1433,-0.0066,-0.1987,-0.6019,0.1235,1.0106,0.2926,1.2982,0.001423,-0.0029,0.0006
5.71,FLIGHT,0.9095,1.4562,-1.7857,1.1147,-1.5069,0.9244,-0.009,-0.1982,-0.5092,0.1105,1.0118,0.2907,1.3053,0.001374,-0.0156,0.0031
5.715,FLIGHT,0.9028,1.4603,-1.4772,0.9046,-1.2053,0.7207,-0.0109,-0.1978,-0.4173,0.0941,1.0129,0.2749,1.323,0.001277,-0.0224,0.0045
5.72,FLIGHT,0.8975,1.4634,-1.1822,0.7081,-0.927,0.5415,-0.0124,-0.1975,-0.3309,0.0765,1.014,0.2506,1.3469,0.001156,-0.0253,0.0051
5.725,FLIGHT,0.8935,1.4658,-0.9094,0.535,-0.6766,0.3921,-0.0135,-0.1972,-0.2526,0.0595,1.015,0.2215,1.3737,0.001028,-0.0257,0.0051
5.73,FLIGHT,0.8906,1.4674,-0.6635,0.3902,-0.4561,0.2739,-0.0143,-0.197,-0.184,0.0441,1.016,0.1905,1.401,0.000902,-0.0246,0.0049
5.735,FLIGHT,0.8888,1.4686,-0.4467,0.2755,-0.2656,0.1863,-0.0148,-0.1969,-0.1255,0.0312,1.0169,0.1598,1.4272,0.000784,-0.0226,0.0045
5.74,FLIGHT,0.8879,1.4693,-0.2589,0.1905,-0.1034,0.127,-0.0151,-0.1968,-0.0769,0.021,1.0178,0.1308,1.4513,0.000677,-0.0201,0.004
5.745,FLIGHT,0.8878,1.4699,-0.0989,0.1329,0.0326,0.0927,-0.0152,-0.1968,-0.0375,0.0134,1.0186,0.1043,1.4726,0.000583,-0.0174,0.0035
5.75,FLIGHT,0.8882,1.4703,0.0356,0.0996,0.1453,0.0797,-0.0151,-0.1967,-0.0066,0.0084,1.0194,0.0807,1.491,0.000503,-0.0147,0.0029
5.755,FLIGHT,0.8892,1.4707,0.1472,0.0872,0.2377,0.0843,-0.015,-0.1967,0.0171,0.0056,1.0202,0.0603,1.5063,0.000436,-0.0121,0.0024
5.76,FLIGHT,0.8906,1.4712,0.2388,0.0919,0.3128,0.1027,-0.0148,-0.1967,0.0344,0.0047,1.021,0.043,1.5189,0.000381,-0.0098,0.002
5.765,FLIGHT,0.8923,1.4717,0.3133,0.1102,0.3732,0.1316,-0.0145,-0.1967,0.0466,0.0053,1.0218,0.0285,1.5289,0.000337,-0.0078,0.0016
5.77,FLIGHT,0.8943,1.4725,0.3735,0.1387,0.4217,0.168,-0.0142,-0.1966,0.0545,0.007,1.0226,0.0167,1.5367,0.000303,-0.006,0.0012
5.775,FLIGHT,0.8965,1.4734,0.4218,0.1746,0.4604,0.2093,-0.0139,-0.1966,0.0591,0.0097,1.0233,0.0072,1.5427,0.000276,-0.0046,0.0009
5.78,FLIGHT,0.8989,1.4746,0.4604,0.2153,0.4912,0.2532,-0.0136,-0.1965,0.061,0.0128,1.0241,-0.0004,1.547,0.000256,-0.0034,0.0007
5.785,FLIGHT,0.9014,1.476,0.4912,0.2586,0.5158,0.2981,-0.0133,-0.1964,0.0611,0.0164,1.0248,-0.0064,1.5502,0.000242,-0.0025,0.0005
5.79,FLIGHT,0.904,1.4776,0.5159,0.3029,0.5355,0.3425,-0.013,-0.1963,0.0598,0.0201,1.0256,-0.0111,1.5523,0.000232,-0.0017,0.0003
5.795,FLIGHT,0.9067,1.4794,0.5356,0.3467,0.5514,0.3854,-0.0127,-0.1962,0.0576,0.0238,1.0263,-0.0147,1.5538,0.000225,-0.0011,0.0002
5.8,FLIGHT,0.9095,1.4814,0.5514,0.389,0.5642,0.4259,-0.0125,-0.196,0.0548,0.0274,1.027,-0.0176,1.5547,0.00022,-0.0007,0.0001
5.805,FLIGHT,0.9124,1.4836,0.5642,0.4289,0.5745,0.4635,-0.0122,-0.1959,0.0517,0.0309,1.0277,-0.0199,1.5553,0.000218,-0.0003,0.0001
5.81,FLIGHT,0.9153,1.486,0.5746,0.4661,0.5829,0.4979,-0.012,-0.1957,0.0485,0.0342,1.0285,-0.0218,1.5557,0.000217,-0.0001,0.0
5.815,FLIGHT,0.9182,1.4886,0.583,0.5,0.5897,0.5289,-0.0118,-0.1955,0.0454,0.0372,1.0292,-0.0234,1.556,0.000217,0.0001,0.0
5.82,FLIGHT,0.9212,1.4913,0.5897,0.5305,0.5951,0.5563,-0.0115,-0.1953,0.0424,0.0399,1.0299,-0.0248,1.5563,0.000218,0.0002,0.0
5.825,FLIGHT,0.9242,1.4942,0.595,0.5576,0.5992,0.5803,-0.0114,-0.1951,0.0396,0.0423,1.0306,-0.0261,1.5566,0.000219,0.0003,0.0
5.83,FLIGHT,0.9272,1.4971,0.5991,0.5812,0.6021,0.6008,-0.0112,-0.1949,0.037,0.0444,1.0312,-0.0274,1.557,0.000221,0.0004,0.0
5.835,FLIGHT,0.9302,1.5002,0.6019,0.6015,0.604,0.6181,-0.011,-0.1946,0.0346,0.0463,1.0319,-0.0288,1.5575,0.000223,0.0004,0.0
5.84,FLIGHT,0.9332,1.5033,0.6036,0.6185,0.6047,0.6323,-0.0108,-0.1944,0.0325,0.0479,1.0326,-0.0301,1.5581,0.000224,0.0004,0.0
5.845,FLIGHT,0.9362,1.5065,0.6042,0.6324,0.6043,0.6435,-0.0107,-0.1941,0.0305,0.0492,1.0332,-0.0315,1.5588,0.000226,0.0004,0.0
5.85,FLIGHT,0.9392,1.5097,0.6038,0.6433,0.6028,0.6519,-0.0106,-0.1939,0.0288,0.0503,1.0338,-0.0329,1.5596,0.000228,0.0004,0.0
5.855,FLIGHT,0.9422,1.513,0.6022,0.6516,0.6003,0.6578,-0.0104,-0.1936,0.0272,0.0511,1.0345,-0.0343,1.5606,0.00023,0.0003,0.0
5.86,FLIGHT,0.9452,1.5163,0.5995,0.6573,0.5966,0.6613,-0.0103,-0.1934,0.0258,0.0517,1.0351,-0.0358,1.5616,0.000232,0.0003,0.0
5.865,FLIGHT,0.9482,1.5196,0.5957,0.6606,0.5918,0.6626,-0.0102,-0.1931,0.0245,0.0522,1.0356,-0.0374,1.5627,0.000233,0.0003,0.0
5.87,FLIGHT,0.9512,1.5229,0.5909,0.6617,0.586,0.6618,-0.0101,-0.1928,0.0232,0.0524,1.0362,-0.0389,1.5638,0.000235,0.0003,0.0
5.875,FLIGHT,0.9541,1.5262,0.5849,0.6608,0.5792,0.6591,-0.01,-0.1926,0.0221,0.0525,1.0367,-0.0404,1.5651,0.000236,0.0002,0.0
5.88,FLIGHT,0.9569,1.5295,0.578,0.658,0.5713,0.6547,-0.0098,-0.1923,0.021,0.0524,1.0373,-0.042,1.5663,0.000237,0.0002,0.0
5.885,FLIGHT,0.9598,1.5328,0.57,0.6535,0.5624,0.6487,-0.0098,-0.1921,0.0199,0.0522,1.0378,-0.0435,1.5676,0.000238,0.0002,0.0
5.89,FLIGHT,0.9626,1.536,0.561,0.6474,0.5525,0.6412,-0.0097,-0.1918,0.0189,0.0518,1.0382,-0.045,1.569,0.000239,0.0001,0.0
5.895,FLIGHT,0.9653,1.5392,0.5511,0.6398,0.5418,0.6324,-0.0096,-0.1915,0.018,0.0514,1.0387,-0.0465,1.5703,0.000239,0.0001,0.0
5.9,FLIGHT,0.968,1.5423,0.5403,0.6309,0.5303,0.6223,-0.0095,-0.1913,0.017,0.0507,1.0391,-0.0479,1.5716,0.00024,0.0001,0.0
5.905,FLIGHT,0.9706,1.5454,0.5287,0.6207,0.5179,0.611,-0.0094,-0.191,0.0161,0.05,1.0395,-0.0493,1.573,0.00024,0.0001,0.0
5.91,FLIGHT,0.9732,1.5484,0.5163,0.6093,0.5048,0.5987,-0.0093,-0.1908,0.0152,0.0492,1.0399,-0.0506,1.5743,0.000241,0.0,0.0
5.915,FLIGHT,0.9756,1.5514,0.5032,0.597,0.4911,0.5854,-0.0093,-0.1906,0.0143,0.0483,1.0402,-0.0519,1.5756,0.000241,0.0,0.0
5.92,FLIGHT,0.9781,1.5543,0.4894,0.5836,0.4768,0.5713,-0.0092,-0.1903,0.0134,0.0473,1.0406,-0.0531,1.5769,0.000241,-0.0,0.0
5.925,FLIGHT,0.9804,1.5571,0.475,0.5694,0.4619,0.5563,-0.0091,-0.1901,0.0125,0.0463,1.0409,-0.0543,1.5782,0.000241,-0.0,0.0
5.93,FLIGHT,0.9827,1.5598,0.4601,0.5544,0.4465,0.5407,-0.0091,-0.1899,0.0116,0.0451,1.0411,-0.0554,1.5795,0.000241,-0.0,0.0
5.935,FLIGHT,0.9849,1.5625,0.4447,0.5388,0.4308,0.5244,-0.009,-0.1897,0.0108,0.0439,1.0414,-0.0564,1.5807,0.00024,-0.0001,0.0
5.94,FLIGHT,0.987,1.5651,0.429,0.5225,0.4147,0.5076,-0.009,-0.1894,0.0099,0.0427,1.0416,-0.0574,1.5819,0.00024,-0.0001,0.0
5.945,FLIGHT,0.989,1.5676,0.4129,0.5056,0.3983,0.4903,-0.0089,-0.1892,0.0091,0.0414,1.0418,-0.0583,1.583,0.00024,-0.0001,0.0
5.95,FLIGHT,0.991,1.57,0.3965,0.4883,0.3817,0.4726,-0.0089,-0.189,0.0083,0.04,1.0419,-0.0591,1.5842,0.000239,-0.0001,0.0
5.955,FLIGHT,0.9928,1.5723,0.3799,0.4705,0.3649,0.4545,-0.0089,-0.1889,0.0076,0.0386,1.042,-0.0599,1.5853,0.000238,-0.0001,0.0
5.96,FLIGHT,0.9946,1.5745,0.3631,0.4525,0.348,0.4361,-0.0088,-0.1887,0.0068,0.0372,1.0421,-0.0606,1.5863,0.000238,-0.0001,0.0
5.965,FLIGHT,0.9963,1.5767,0.3462,0.4341,0.3311,0.4175,-0.0088,-0.1885,0.0061,0.0358,1.0422,-0.0612,1.5873,0.000237,-0.0002,0.0
5.97,FLIGHT,0.9979,1.5787,0.3293,0.4155,0.3141,0.3988,-0.0088,-0.1883,0.0054,0.0343,1.0422,-0.0618,1.5883,0.000236,-0.0002,0.0
5.975,FLIGHT,0.9995,1.5807,0.3123,0.3968,0.2972,0.3799,-0.0087,-0.1882,0.0047,0.0328,1.0422,-0.0624,1.5893,0.000235,-0.0002,0.0
5.98,FLIGHT,1.0009,1.5825,0.2954,0.3779,0.2803,0.361,-0.0087,-0.188,0.0041,0.0313,1.0421,-0.0628,1.5902,0.000235,-0.0002,0.0
5.985,FLIGHT,1.0023,1.5843,0.2786,0.359,0.2636,0.3421,-0.0087,-0.1879,0.0035,0.0297,1.0421,-0.0633,1.591,0.000234,-0.0002,0.0
5.99,FLIGHT,1.0035,1.5859,0.2619,0.3402,0.2471,0.3233,-0.0087,-0.1877,0.0029,0.0282,1.0419,-0.0636,1.5919,0.000233,-0.0002,0.0
5.995,FLIGHT,1.0047,1.5875,0.2454,0.3213,0.2307,0.3045,-0.0087,-0.1876,0.0023,0.0267,1.0418,-0.0639,1.5927,0.000232,-0.0002,0.0
6.0,FLIGHT,1.0059,1.589,0.2291,0.3026,0.2146,0.2859,-0.0087,-0.1875,0.0018,0.0252,1.0416,-0.0642,1.5934,0.000231,-0.0002,0.0
6.005,FLIGHT,1.0069,1.5904,0.2131,0.284,0.1988,0.2675,-0.0087,-0.1874,0.0013,0.0237,1.0414,-0.0644,1.5941,0.00023,-0.0002,0.0
6.01,FLIGHT,1.0078,1.5917,0.1973,0.2657,0.1833,0.2493,-0.0087,-0.1872,0.0008,0.0222,1.0412,-0.0646,1.5948,0.000229,-0.0002,0.0
6.015,FLIGHT,1.0087,1.5929,0.1818,0.2475,0.1681,0.2314,-0.0087,-0.1871,0.0004,0.0207,1.0409,-0.0647,1.5955,0.000227,-0.0002,0.0
6.02,FLIGHT,1.0095,1.594,0.1667,0.2296,0.1533,0.2137,-0.0087,-0.1871,-0.0,0.0192,1.0406,-0.0648,1.5961,0.000226,-0.0002,0.0
6.025,FLIGHT,1.0103,1.595,0.1519,0.2121,0.1388,0.1965,-0.0087,-0.187,-0.0004,0.0178,1.0403,-0.0648,1.5967,0.000225,-0.0002,0.0
6.03,FLIGHT,1.0109,1.5959,0.1375,0.1948,0.1248,0.1795,-0.0087,-0.1869,-0.0008,0.0163,1.0399,-0.0648,1.5972,0.000224,-0.0002,0.0
6.035,FLIGHT,1.0115,1.5968,0.1235,0.1779,0.1112,0.163,-0.0087,-0.1868,-0.0011,0.015,1.0395,-0.0648,1.5977,0.000223,-0.0002,0.0
6.04,FLIGHT,1.012,1.5976,0.11,0.1615,0.098,0.1469,-0.0087,-0.1868,-0.0014,0.0136,1.0391,-0.0647,1.5982,0.000222,-0.0002,0.0
6.045,FLIGHT,1.0125,1.5983,0.0968,0.1454,0.0853,0.1312,-0.0087,-0.1867,-0.0017,0.0123,1.0387,-0.0646,1.5986,0.000221,-0.0002,0.0
6.05,FLIGHT,1.0129,1.5989,0.0842,0.1298,0.073,0.116,-0.0087,-0.1866,-0.0019,0.011,1.0382,-0.0645,1.599,0.00022,-0.0002,0.0
6.055,FLIGHT,1.0132,1.5994,0.072,0.1146,0.0613,0.1013,-0.0087,-0.1866,-0.0021,0.0097,1.0377,-0.0643,1.5993,0.000219,-0.0002,0.0
6.06,FLIGHT,1.0135,1.5999,0.0603,0.1,0.05,0.087,-0.0087,-0.1866,-0.0023,0.0085,1.0372,-0.0641,1.5997,0.000218,-0.0002,0.0
6.065,FLIGHT,1.0137,1.6003,0.049,0.0858,0.0392,0.0733,-0.0087,-0.1865,-0.0025,0.0073,1.0366,-0.0639,1.6,0.000217,-0.0002,0.0
6.07,FLIGHT,1.0139,1.6006,0.0383,0.0721,0.0289,0.0601,-0.0088,-0.1865,-0.0026,0.0062,1.036,-0.0636,1.6003,0.000216,-0.0002,0.0
6.075,FLIGHT,1.014,1.6009,0.028,0.0589,0.0191,0.0474,-0.0088,-0.1865,-0.0028,0.0051,1.0354,-0.0634,1.6005,0.000215,-0.0002,0.0
6.08,FLIGHT,1.0141,1.6011,0.0183,0.0463,0.0098,0.0353,-0.0088,-0.1865,-0.0029,0.004,1.0347,-0.0631,1.6007,0.000214,-0.0002,0.0
6.085,FLIGHT,1.0141,1.6012,0.0091,0.0342,0.001,0.0237,-0.0088,-0.1864,-0.003,0.003,1.0341,-0.0628,1.6009,0.000213,-0.0002,0.0
6.09,FLIGHT,1.0141,1.6013,0.0003,0.0227,-0.0073,0.0126,-0.0088,-0.1864,-0.003,0.002,1.0334,-0.0625,1.6011,0.000213,-0.0002,0.0
6.095,FLIGHT,1.014,1.6014,-0.0079,0.0117,-0.0151,0.0021,-0.0088,-0.1864,-0.0031,0.0011,1.0326,-0.0622,1.6012,0.000212,-0.0002,0.0
6.1,FLIGHT,1.0139,1.6014,-0.0156,0.0013,-0.0224,-0.0078,-0.0089,-0.1864,-0.0031,0.0003,1.0319,-0.0618,1.6013,0.000211,-0.0002,0.0
6.105,FLIGHT,1.0138,1.6013,-0.0229,-0.0086,-0.0292,-0.0172,-0.0089,-0.1864,-0.0031,-0.0006,1.0311,-0.0615,1.6014,0.00021,-0.0002,0.0
6.11,FLIGHT,1.0136,1.6012,-0.0296,-0.0179,-0.0355,-0.026,-0.0089,-0.1864,-0.0031,-0.0014,1.0303,-0.0612,1.6015,0.000209,-0.0001,0.0
6.115,FLIGHT,1.0135,1.601,-0.0359,-0.0267,-0.0413,-0.0343,-0.0089,-0.1865,-0.0031,-0.0021,1.0295,-0.0608,1.6015,0.000209,-0.0001,0.0
6.12,FLIGHT,1.0132,1.6008,-0.0417,-0.035,-0.0467,-0.0421,-0.0089,-0.1865,-0.003,-0.0028,1.0287,-0.0604,1.6015,0.000208,-0.0001,0.0
6.125,FLIGHT,1.013,1.6006,-0.047,-0.0427,-0.0516,-0.0493,-0.0089,-0.1865,-0.003,-0.0034,1.0278,-0.0601,1.6016,0.000207,-0.0001,0.0
6.13,FLIGHT,1.0127,1.6004,-0.0519,-0.0498,-0.0561,-0.056,-0.0089,-0.1865,-0.0029,-0.004,1.027,-0.0597,1.6015,0.000207,-0.0001,0.0
6.135,FLIGHT,1.0124,1.6001,-0.0564,-0.0565,-0.0601,-0.0622,-0.009,-0.1865,-0.0028,-0.0046,1.0261,-0.0593,1.6015,0.000206,-0.0001,0.0
6.14,FLIGHT,1.0121,1.5997,-0.0604,-0.0626,-0.0638,-0.0679,-0.009,-0.1866,-0.0028,-0.0051,1.0252,-0.059,1.6015,0.000206,-0.0001,0.0
6.145,FLIGHT,1.0118,1.5994,-0.0639,-0.0682,-0.067,-0.073,-0.009,-0.1866,-0.0027,-0.0056,1.0242,-0.0586,1.6014,0.000205,-0.0001,0.0
6.15,FLIGHT,1.0114,1.599,-0.0671,-0.0734,-0.0698,-0.0777,-0.009,-0.1866,-0.0026,-0.006,1.0233,-0.0582,1.6013,0.000205,-0.0001,0.0
6.155,FLIGHT,1.0111,1.5986,-0.0699,-0.078,-0.0722,-0.0819,-0.009,-0.1867,-0.0025,-0.0064,1.0223,-0.0579,1.6013,0.000204,-0.0001,0.0
6.16,FLIGHT,1.0107,1.5982,-0.0723,-0.0822,-0.0743,-0.0857,-0.009,-0.1867,-0.0023,-0.0068,1.0213,-0.0575,1.6012,0.000204,-0.0001,0.0
6.165,FLIGHT,1.0103,1.5977,-0.0743,-0.0859,-0.076,-0.089,-0.009,-0.1867,-0.0022,-0.0071,1.0203,-0.0572,1.6011,0.000203,-0.0001,0.0
6.17,FLIGHT,1.01,1.5973,-0.076,-0.0891,-0.0773,-0.0918,-0.009,-0.1868,-0.0021,-0.0074,1.0193,-0.0568,1.6009,0.000203,-0.0001,0.0
6.175,FLIGHT,1.0096,1.5968,-0.0773,-0.0919,-0.0784,-0.0943,-0.009,-0.1868,-0.002,-0.0076,1.0182,-0.0565,1.6008,0.000203,-0.0001,0.0
6.18,FLIGHT,1.0092,1.5964,-0.0783,-0.0943,-0.0791,-0.0963,-0.0091,-0.1868,-0.0018,-0.0078,1.0172,-0.0561,1.6007,0.000202,-0.0001,0.0
6.185,FLIGHT,1.0088,1.5959,-0.079,-0.0963,-0.0795,-0.098,-0.0091,-0.1869,-0.0017,-0.008,1.0161,-0.0558,1.6005,0.000202,-0.0001,0.0
6.19,FLIGHT,1.0084,1.5954,-0.0795,-0.098,-0.0797,-0.0992,-0.0091,-0.1869,-0.0016,-0.0081,1.015,-0.0555,1.6004,0.000202,-0.0,0.0
6.195,FLIGHT,1.008,1.5949,-0.0796,-0.0992,-0.0796,-0.1001,-0.0091,-0.187,-0.0014,-0.0082,1.0139,-0.0552,1.6002,0.000202,-0.0,0.0
6.2,FLIGHT,1.0076,1.5944,-0.0795,-0.1001,-0.0792,-0.1007,-0.0091,-0.187,-0.0013,-0.0083,1.0128,-0.0549,1.6001,0.000201,-0.0,0.0
6.205,FLIGHT,1.0072,1.5939,-0.0791,-0.1006,-0.0786,-0.1009,-0.0091,-0.187,-0.0011,-0.0084,1.0117,-0.0546,1.5999,0.000201,-0.0,0.0
6.21,FLIGHT,1.0068,1.5934,-0.0785,-0.1008,-0.0778,-0.1009,-0.0091,-0.1871,-0.001,-0.0084,1.0105,-0.0544,1.5998,0.000201,-0.0,0.0
6.215,FLIGHT,1.0064,1.5929,-0.0777,-0.1007,-0.0768,-0.1005,-0.0091,-0.1871,-0.0009,-0.0084,1.0094,-0.0541,1.5996,0.000201,-0.0,0.0
6.22,FLIGHT,1.006,1.5924,-0.0766,-0.1003,-0.0756,-0.0999,-0.0091,-0.1872,-0.0007,-0.0084,1.0082,-0.0539,1.5994,0.000201,-0.0,0.0
6.225,FLIGHT,1.0057,1.5919,-0.0754,-0.0997,-0.0742,-0.099,-0.0091,-0.1872,-0.0006,-0.0083,1.007,-0.0536,1.5993,0.000201,-0.0,0.0
6.23,FLIGHT,1.0053,1.5914,-0.074,-0.0988,-0.0727,-0.0978,-0.0091,-0.1873,-0.0004,-0.0082,1.0059,-0.0534,1.5991,0.000201,-0.0,0.0
6.235,FLIGHT,1.0049,1.5909,-0.0725,-0.0976,-0.071,-0.0965,-0.0091,-0.1873,-0.0003,-0.0081,1.0047,-0.0532,1.5989,0.000201,-0.0,0.0
6.24,FLIGHT,1.0046,1.5904,-0.0708,-0.0962,-0.0692,-0.0949,-0.0091,-0.1873,-0.0002,-0.008,1.0034,-0.053,1.5988,0.000201,0.0,0.0
6.245,FLIGHT,1.0042,1.5899,-0.069,-0.0946,-0.0673,-0.0931,-0.0091,-0.1874,-0.0001,-0.0079,1.0022,-0.0528,1.5986,0.000201,0.0,0.0
6.25,FLIGHT,1.0039,1.5895,-0.067,-0.0928,-0.0652,-0.0911,-0.0091,-0.1874,0.0,-0.0078,1.001,-0.0526,1.5984,0.000201,0.0,0.0
6.255,FLIGHT,1.0036,1.589,-0.065,-0.0908,-0.0631,-0.089,-0.0091,-0.1874,0.0002,-0.0076,0.9997,-0.0524,1.5983,0.000201,0.0,0.0
6.26,STANCE,1.0044,1.5893,0.1321,0.0397,0.6592,0.1667,-0.009,-0.1874,0.0194,0.0024,0.9987,0.0436,-0.401,-0.00029,-0.2714,0.0546
6.265,STANCE,1.0088,1.5892,0.6233,-0.0245,0.4762,-0.002,-0.0082,-0.1875,0.1202,-0.0073,0.9982,-0.3388,-0.9804,-0.001765,-0.1632,0.0344
6.27,STANCE,1.0099,1.5895,0.3367,0.0396,0.1683,0.0194,-0.008,-0.1875,0.0577,0.0008,0.9983,-0.5076,-1.5963,-0.002102,-0.0107,0.0043
6.275,STANCE,1.0115,1.5884,0.3523,-0.1732,0.5305,-0.5296,-0.0075,-0.1876,0.0898,-0.0181,0.9985,-0.8405,-1.9985,-0.002047,0.029,0.002
6.28,STANCE,1.0147,1.5823,0.5468,-0.9692,0.7794,-1.6787,-0.0061,-0.1881,0.2361,-0.0883,0.9985,-1.2634,-1.9712,-0.001698,0.0817,0.0017
6.285,STANCE,1.0202,1.5734,0.9623,-1.5588,1.4413,-2.1743,-0.0038,-0.1889,0.398,-0.1372,0.9986,-1.7531,-1.8,-0.001529,-0.0097,0.0035
6.29,STANCE,1.0282,1.5601,1.4002,-2.3486,1.7453,-2.9742,-0.0005,-0.1901,0.5961,-0.1948,0.9986,-2.2001,-1.3045,-0.001596,-0.0259,0.0068
6.295,STANCE,1.037,1.5444,1.6391,-2.9109,1.7015,-3.2902,0.0034,-0.1913,0.7283,-0.2249,0.9987,-2.4435,-0.7153,-0.001728,-0.0147,0.0047
6.3,STANCE,1.0449,1.5281,1.5772,-3.1403,1.441,-3.1452,0.0073,-0.1925,0.757,-0.2264,0.9987,-2.3784,-0.1604,-0.001758,-0.0029,0.0023
6.305,STANCE,1.0506,1.5125,1.2479,-3.1252,0.8456,-3.0703,0.0107,-0.1936,0.6977,-0.2137,0.9988,-2.0006,0.3185,-0.001709,0.0063,0.0017
6.31,STANCE,1.0532,1.4973,0.7239,-3.068,0.2136,-3.0303,0.0134,-0.1947,0.5926,-0.2051,0.9989,-1.3801,0.7488,-0.001709,-0.007,0.0031
6.315,STANCE,1.0532,1.4824,0.2049,-3.003,-0.2682,-3.0242,0.0156,-0.1957,0.4853,-0.2005,0.999,-0.691,1.1029,-0.001861,-0.0075,0.0034
6.32,STANCE,1.0517,1.4679,-0.1585,-2.935,-0.4366,-2.9327,0.0174,-0.1967,0.4064,-0.1962,0.999,-0.1283,1.3454,-0.002134,-0.0207,0.0063
6.325,STANCE,1.0496,1.4536,-0.3198,-2.872,-0.2955,-2.7056,0.0192,-0.1977,0.3673,-0.1902,0.9991,0.1219,1.4418,-0.002304,-0.0983,0.022
6.33,STANCE,1.0484,1.4403,-0.2584,-2.7212,-0.1829,-2.6108,0.0209,-0.1986,0.3587,-0.1748,0.9993,0.1004,1.4147,-0.002711,-0.0651,0.0157
6.335,STANCE,1.0477,1.4274,-0.1689,-2.6136,-0.089,-2.5275,0.0227,-0.1994,0.362,-0.1618,0.9995,0.0662,1.4038,-0.002959,-0.0347,0.0099
6.34,FLIGHT,1.0475,1.415,-0.0869,-2.5224,-0.0213,-2.4433,0.0246,-0.2001,0.3663,-0.1499,0.9998,-1.7419,2.9143,-0.003062,-0.0066,0.0044
6.345,FLIGHT,1.0454,1.4054,-0.3744,-2.0372,-1.0133,-1.1808,0.0256,-0.2007,0.2356,-0.1266,1.0003,-1.7115,2.8786,-0.002882,0.0903,0.0029
6.35,FLIGHT,1.0374,1.4031,-1.2671,-0.8876,-2.148,0.2268,0.0244,-0.201,-0.1196,-0.0826,1.0012,-1.4012,2.623,-0.002199,0.1772,0.0022
6.355,FLIGHT,1.0244,1.4071,-2.2143,0.3101,-2.9964,1.3039,0.0212,-0.2011,-0.4922,-0.028,1.0023,-0.9973,2.2957,-0.001173,0.2274,0.0012
6.36,FLIGHT,1.008,1.4155,-2.9657,1.2792,-3.5196,2.0108,0.0166,-0.2009,-0.7872,0.0335,1.0037,-0.6085,1.9817,2e-05,0.2406,0.0
6.365,FLIGHT,0.9897,1.4266,-3.4408,1.9376,-3.7415,2.3868,0.0113,-0.2004,-0.9757,0.0949,1.0052,-0.2836,1.7195,0.000965,0.1423,0.0
6.37,FLIGHT,0.971,1.4389,-3.6507,2.2947,-3.7334,2.4927,0.0057,-0.1997,-1.0628,0.1479,1.0068,-0.0343,1.5193,0.001493,0.0738,0.0
6.375,FLIGHT,0.9527,1.4512,-3.6439,2.4003,-3.5571,2.4007,0.0003,-0.1988,-1.0681,0.186,1.0084,0.1431,1.3787,0.001741,0.0285,0.0
6.38,FLIGHT,0.9356,1.4627,-3.4756,2.3173,-3.2683,2.177,-0.0047,-0.1978,-1.0141,0.2065,1.0099,0.2589,1.2898,0.001806,-0.0004,0.0001
6.385,FLIGHT,0.9201,1.4729,-3.1976,2.1065,-2.9134,1.8767,-0.0092,-0.1969,-0.9218,0.2097,1.0114,0.3252,1.2425,0.001756,-0.0179,0.0036
6.39,FLIGHT,0.9065,1.4814,-2.8542,1.8202,-2.5284,1.5431,-0.0131,-0.196,-0.8084,0.1986,1.0127,0.3538,1.227,0.001639,-0.0276,0.0055
6.395,FLIGHT,0.8948,1.4883,-2.4804,1.5,-2.1402,1.2079,-0.0163,-0.1952,-0.6869,0.1771,1.014,0.3549,1.2342,0.001488,-0.0321,0.0064
6.4,FLIGHT,0.8851,1.4935,-2.1021,1.1768,-1.7673,0.893,-0.0189,-0.1946,-0.5664,0.1493,1.0152,0.3373,1.2565,0.001324,-0.0332,0.0066
6.405,FLIGHT,0.8771,1.4973,-1.7378,0.8722,-1.4219,0.6122,-0.0209,-0.194,-0.4529,0.119,1.0163,0.3075,1.2879,0.00116,-0.0322,0.0064
6.41,FLIGHT,0.8708,1.4997,-1.3997,0.5999,-1.1108,0.3731,-0.0225,-0.1937,-0.3501,0.089,1.0173,0.271,1.3238,0.001004,-0.0299,0.006
6.415,FLIGHT,0.8659,1.5011,-1.0946,0.3674,-0.8374,0.1783,-0.0236,-0.1934,-0.2599,0.0614,1.0182,0.2316,1.3607,0.000862,-0.0269,0.0054
6.42,FLIGHT,0.8624,1.5016,-0.8259,0.1778,-0.6018,0.0271,-0.0243,-0.1933,-0.1829,0.0374,1.0191,0.1922,1.3963,0.000736,-0.0236,0.0047
6.425,FLIGHT,0.8599,1.5014,-0.594,0.0304,-0.4025,-0.0832,-0.0248,-0.1932,-0.1188,0.0177,1.0199,0.1547,1.429,0.000626,-0.0203,0.0041
6.43,FLIGHT,0.8583,1.5008,-0.3975,-0.0773,-0.2366,-0.1571,-0.025,-0.1933,-0.0667,0.0024,1.0206,0.1204,1.4581,0.000533,-0.0171,0.0034
6.435,FLIGHT,0.8574,1.4999,-0.2336,-0.1494,-0.1006,-0.1995,-0.0251,-0.1933,-0.0257,-0.0087,1.0214,0.09,1.4831,0.000455,-0.014,0.0028
6.44,FLIGHT,0.8572,1.4989,-0.0991,-0.1908,0.0095,-0.2156,-0.025,-0.1934,0.0058,-0.0161,1.0221,0.0637,1.5039,0.000392,-0.0113,0.0023
6.445,FLIGHT,0.8575,1.4978,0.0101,-0.2064,0.0976,-0.2104,-0.0248,-0.1935,0.0289,-0.0204,1.0227,0.0416,1.5208,0.000341,-0.0089,0.0018
6.45,FLIGHT,0.8582,1.4968,0.0975,-0.2013,0.1673,-0.1889,-0.0245,-0.1937,0.0452,-0.022,1.0234,0.0233,1.5341,0.000302,-0.0069,0.0014
6.455,FLIGHT,0.8592,1.4959,0.167,-0.1801,0.2221,-0.1551,-0.0242,-0.1938,0.056,-0.0215,1.0241,0.0087,1.5442,0.000272,-0.0052,0.001
6.46,FLIGHT,0.8604,1.4952,0.2217,-0.1468,0.2651,-0.1127,-0.0239,-0.1939,0.0622,-0.0195,1.0247,-0.0028,1.5516,0.000249,-0.0038,0.0008
6.465,FLIGHT,0.8618,1.4948,0.2647,-0.1051,0.2988,-0.0649,-0.0236,-0.1939,0.0652,-0.0164,1.0253,-0.0117,1.5568,0.000233,-0.0027,0.0005
6.47,FLIGHT,0.8634,1.4946,0.2985,-0.058,0.3254,-0.0142,-0.0232,-0.194,0.0655,-0.0125,1.026,-0.0183,1.5602,0.000222,-0.0018,0.0004
6.475,FLIGHT,0.865,1.4947,0.3253,-0.0081,0.3466,0.0374,-0.0229,-0.194,0.0642,-0.0082,1.0266,-0.0231,1.5622,0.000214,-0.0012,0.0002
6.48,FLIGHT,0.8668,1.495,0.3467,0.0428,0.364,0.0883,-0.0226,-0.194,0.0616,-0.0037,1.0272,-0.0266,1.5632,0.00021,-0.0007,0.0001
6.485,FLIGHT,0.8687,1.4955,0.3643,0.093,0.3785,0.1374,-0.0223,-0.194,0.0584,0.0008,1.0278,-0.029,1.5635,0.000208,-0.0003,0.0001
6.49,FLIGHT,0.8706,1.4963,0.3789,0.1415,0.391,0.1839,-0.0221,-0.194,0.0548,0.0052,1.0284,-0.0306,1.5632,0.000207,-0.0,0.0
6.495,FLIGHT,0.8726,1.4974,0.3915,0.1874,0.4021,0.2272,-0.0218,-0.1939,0.0511,0.0093,1.029,-0.0317,1.5627,0.000207,0.0002,0.0
6.5,FLIGHT,0.8746,1.4986,0.4026,0.2302,0.412,0.2671,-0.0216,-0.1939,0.0476,0.0132,1.0296,-0.0324,1.562,0.000209,0.0003,0.0
6.505,FLIGHT,0.8767,1.5,0.4126,0.2696,0.4211,0.3033,-0.0214,-0.1938,0.0443,0.0168,1.0302,-0.033,1.5614,0.000211,0.0004,0.0
6.51,FLIGHT,0.8788,1.5016,0.4217,0.3054,0.4296,0.3359,-0.0212,-0.1937,0.0412,0.0201,1.0308,-0.0335,1.5607,0.000213,0.0005,0.0
6.515,FLIGHT,0.881,1.5034,0.4301,0.3377,0.4373,0.365,-0.021,-0.1935,0.0385,0.0231,1.0313,-0.034,1.5602,0.000215,0.0005,0.0
6.52,FLIGHT,0.8832,1.5053,0.4379,0.3664,0.4445,0.3906,-0.0208,-0.1934,0.0361,0.0257,1.0319,-0.0346,1.5599,0.000217,0.0005,0.0
6.525,FLIGHT,0.8854,1.5073,0.4449,0.3918,0.4509,0.413,-0.0206,-0.1933,0.0341,0.028,1.0324,-0.0352,1.5597,0.00022,0.0005,0.0
6.53,FLIGHT,0.8877,1.5094,0.4513,0.4139,0.4566,0.4324,-0.0205,-0.1931,0.0323,0.0301,1.0329,-0.036,1.5597,0.000222,0.0005,0.0
6.535,FLIGHT,0.89,1.5116,0.4569,0.4331,0.4615,0.449,-0.0203,-0.1929,0.0308,0.0318,1.0334,-0.0369,1.5598,0.000224,0.0004,0.0
6.54,FLIGHT,0.8923,1.5139,0.4617,0.4495,0.4656,0.4629,-0.0202,-0.1928,0.0294,0.0333,1.0339,-0.0378,1.5601,0.000227,0.0004,0.0
6.545,FLIGHT,0.8947,1.5162,0.4656,0.4633,0.4687,0.4745,-0.02,-0.1926,0.0283,0.0346,1.0344,-0.0389,1.5606,0.000229,0.0004,0.0
6.55,FLIGHT,0.897,1.5186,0.4686,0.4746,0.4709,0.4838,-0.0199,-0.1924,0.0273,0.0357,1.0348,-0.04,1.5612,0.00023,0.0004,0.0
6.555,FLIGHT,0.8994,1.5211,0.4707,0.4838,0.4721,0.4911,-0.0198,-0.1922,0.0264,0.0366,1.0353,-0.0413,1.5619,0.000232,0.0003,0.0
6.56,FLIGHT,0.9017,1.5235,0.4718,0.4909,0.4723,0.4964,-0.0197,-0.192,0.0256,0.0373,1.0357,-0.0425,1.5627,0.000234,0.0003,0.0
6.565,FLIGHT,0.9041,1.526,0.4719,0.4962,0.4715,0.5001,-0.0195,-0.1919,0.0248,0.0379,1.0361,-0.0438,1.5636,0.000235,0.0003,0.0
6.57,FLIGHT,0.9064,1.5285,0.4709,0.4997,0.4697,0.5021,-0.0194,-0.1917,0.0241,0.0383,1.0365,-0.0451,1.5645,0.000237,0.0003,0.0
6.575,FLIGHT,0.9088,1.531,0.469,0.5016,0.4669,0.5026,-0.0193,-0.1915,0.0234,0.0386,1.0369,-0.0465,1.5655,0.000238,0.0002,0.0
6.58,FLIGHT,0.9111,1.5336,0.4661,0.502,0.4631,0.5017,-0.0192,-0.1913,0.0227,0.0388,1.0372,-0.0478,1.5665,0.000239,0.0002,0.0
6.585,FLIGHT,0.9134,1.5361,0.4623,0.501,0.4584,0.4995,-0.0191,-0.1911,0.022,0.0388,1.0375,-0.0491,1.5675,0.00024,0.0002,0.0
6.59,FLIGHT,0.9157,1.5386,0.4575,0.4987,0.4528,0.4961,-0.019,-0.1909,0.0213,0.0387,1.0379,-0.0504,1.5686,0.000241,0.0002,0.0
6.595,FLIGHT,0.9179,1.541,0.4518,0.4952,0.4464,0.4915,-0.0189,-0.1907,0.0206,0.0386,1.0381,-0.0517,1.5696,0.000242,0.0002,0.0
6.6,FLIGHT,0.9201,1.5435,0.4453,0.4906,0.4391,0.486,-0.0188,-0.1905,0.0199,0.0383,1.0384,-0.0529,1.5707,0.000242,0.0001,0.0
6.605,FLIGHT,0.9223,1.5459,0.438,0.4849,0.4312,0.4794,-0.0187,-0.1903,0.0192,0.038,1.0386,-0.0541,1.5718,0.000243,0.0001,0.0
6.61,FLIGHT,0.9245,1.5483,0.43,0.4783,0.4225,0.4719,-0.0186,-0.1901,0.0185,0.0376,1.0389,-0.0552,1.5728,0.000243,0.0001,0.0
6.615,FLIGHT,0.9265,1.5506,0.4213,0.4707,0.4132,0.4636,-0.0185,-0.1899,0.0177,0.037,1.0391,-0.0563,1.5739,0.000244,0.0001,0.0
6.62,FLIGHT,0.9286,1.5529,0.412,0.4624,0.4033,0.4545,-0.0184,-0.1898,0.017,0.0365,1.0392,-0.0573,1.5749,0.000244,0.0001,0.0
6.625,FLIGHT,0.9306,1.5551,0.4021,0.4532,0.3929,0.4446,-0.0183,-0.1896,0.0163,0.0358,1.0394,-0.0583,1.5759,0.000244,0.0,0.0
6.63,FLIGHT,0.9325,1.5573,0.3916,0.4433,0.3821,0.4342,-0.0183,-0.1894,0.0156,0.0351,1.0395,-0.0593,1.5769,0.000245,0.0,0.0
6.635,FLIGHT,0.9344,1.5595,0.3808,0.4328,0.3708,0.4231,-0.0182,-0.1892,0.0148,0.0344,1.0396,-0.0601,1.5779,0.000245,0.0,0.0
6.64,FLIGHT,0.9362,1.5616,0.3695,0.4216,0.3592,0.4114,-0.0181,-0.1891,0.0141,0.0335,1.0396,-0.061,1.5789,0.000245,-0.0,0.0
6.645,FLIGHT,0.938,1.5636,0.3578,0.41,0.3472,0.3993,-0.018,-0.1889,0.0134,0.0327,1.0397,-0.0618,1.5798,0.000245,-0.0,0.0
6.65,FLIGHT,0.9397,1.5656,0.3459,0.3978,0.335,0.3867,-0.018,-0.1888,0.0127,0.0318,1.0397,-0.0625,1.5807,0.000244,-0.0,0.0
6.655,FLIGHT,0.9413,1.5675,0.3336,0.3852,0.3226,0.3738,-0.0179,-0.1886,0.012,0.0308,1.0397,-0.0632,1.5816,0.000244,-0.0001,0.0
6.66,FLIGHT,0.9429,1.5693,0.3212,0.3722,0.31,0.3605,-0.0179,-0.1885,0.0114,0.0298,1.0397,-0.0638,1.5825,0.000244,-0.0001,0.0
6.665,FLIGHT,0.9444,1.5711,0.3086,0.3589,0.2973,0.3469,-0.0178,-0.1883,0.0107,0.0288,1.0396,-0.0644,1.5833,0.000244,-0.0001,0.0
6.67,FLIGHT,0.9459,1.5728,0.2959,0.3454,0.2845,0.3331,-0.0178,-0.1882,0.0101,0.0278,1.0395,-0.065,1.5841,0.000243,-0.0001,0.0
6.675,FLIGHT,0.9473,1.5744,0.2831,0.3316,0.2717,0.3191,-0.0177,-0.1881,0.0095,0.0267,1.0394,-0.0655,1.5849,0.000243,-0.0001,0.0
6.68,FLIGHT,0.9486,1.576,0.2703,0.3176,0.2588,0.305,-0.0177,-0.1879,0.0089,0.0256,1.0392,-0.0659,1.5857,0.000242,-0.0001,0.0
6.685,FLIGHT,0.9499,1.5774,0.2575,0.3035,0.246,0.2908,-0.0176,-0.1878,0.0083,0.0245,1.039,-0.0663,1.5864,0.000242,-0.0001,0.0
6.69,FLIGHT,0.9511,1.5789,0.2447,0.2893,0.2332,0.2766,-0.0176,-0.1877,0.0077,0.0234,1.0388,-0.0667,1.5871,0.000241,-0.0001,0.0
6.695,FLIGHT,0.9522,1.5802,0.2319,0.2751,0.2206,0.2623,-0.0176,-0.1876,0.0072,0.0223,1.0386,-0.067,1.5878,0.00024,-0.0001,0.0
6.7,FLIGHT,0.9533,1.5815,0.2193,0.2609,0.208,0.2481,-0.0175,-0.1875,0.0067,0.0211,1.0384,-0.0673,1.5884,0.00024,-0.0001,0.0
6.705,FLIGHT,0.9543,1.5827,0.2068,0.2467,0.1956,0.234,-0.0175,-0.1874,0.0062,0.02,1.0381,-0.0675,1.589,0.000239,-0.0001,0.0
6.71,FLIGHT,0.9552,1.5838,0.1944,0.2325,0.1834,0.2199,-0.0175,-0.1873,0.0058,0.0189,1.0377,-0.0677,1.5896,0.000239,-0.0001,0.0
6.715,FLIGHT,0.9561,1.5849,0.1822,0.2185,0.1714,0.206,-0.0175,-0.1872,0.0053,0.0178,1.0374,-0.0679,1.5902,0.000238,-0.0001,0.0
6.72,FLIGHT,0.9569,1.5859,0.1703,0.2046,0.1597,0.1923,-0.0174,-0.1871,0.0049,0.0167,1.037,-0.068,1.5907,0.000237,-0.0001,0.0
6.725,FLIGHT,0.9577,1.5868,0.1585,0.1909,0.1481,0.1787,-0.0174,-0.187,0.0045,0.0156,1.0366,-0.0681,1.5912,0.000236,-0.0001,0.0
6.73,FLIGHT,0.9584,1.5877,0.1471,0.1774,0.1369,0.1654,-0.0174,-0.187,0.0041,0.0145,1.0362,-0.0682,1.5917,0.000236,-0.0001,0.0
6.735,FLIGHT,0.9591,1.5885,0.1358,0.1641,0.1259,0.1523,-0.0174,-0.1869,0.0038,0.0134,1.0358,-0.0682,1.5922,0.000235,-0.0001,0.0
6.74,FLIGHT,0.9597,1.5892,0.1249,0.1511,0.1153,0.1395,-0.0174,-0.1869,0.0034,0.0123,1.0353,-0.0682,1.5926,0.000234,-0.0001,0.0
6.745,FLIGHT,0.9602,1.5899,0.1143,0.1383,0.1049,0.127,-0.0173,-0.1868,0.0031,0.0113,1.0348,-0.0682,1.593,0.000233,-0.0001,0.0
6.75,FLIGHT,0.9607,1.5905,0.104,0.1259,0.0949,0.1149,-0.0173,-0.1867,0.0028,0.0103,1.0343,-0.0681,1.5934,0.000233,-0.0001,0.0
6.755,FLIGHT,0.9612,1.591,0.094,0.1137,0.0852,0.103,-0.0173,-0.1867,0.0026,0.0093,1.0337,-0.0681,1.5937,0.000232,-0.0001,0.0
6.76,FLIGHT,0.9616,1.5915,0.0844,0.1019,0.0759,0.0915,-0.0173,-0.1867,0.0023,0.0083,1.0331,-0.068,1.594,0.000231,-0.0001,0.0
6.765,FLIGHT,0.9619,1.5919,0.0751,0.0905,0.0669,0.0804,-0.0173,-0.1866,0.0021,0.0074,1.0325,-0.0679,1.5943,0.000231,-0.0001,0.0
6.77,FLIGHT,0.9623,1.5923,0.0662,0.0794,0.0583,0.0696,-0.0173,-0.1866,0.0019,0.0065,1.0319,-0.0677,1.5946,0.00023,-0.0001,0.0
6.775,FLIGHT,0.9625,1.5926,0.0576,0.0686,0.0501,0.0592,-0.0173,-0.1866,0.0017,0.0056,1.0313,-0.0676,1.5948,0.000229,-0.0001,0.0
6.78,FLIGHT,0.9628,1.5929,0.0494,0.0583,0.0422,0.0492,-0.0173,-0.1865,0.0015,0.0047,1.0306,-0.0674,1.5951,0.000229,-0.0001,0.0
6.785,FLIGHT,0.963,1.5931,0.0416,0.0483,0.0347,0.0396,-0.0173,-0.1865,0.0014,0.0039,1.0299,-0.0672,1.5953,0.000228,-0.0001,0.0
6.79,FLIGHT,0.9631,1.5933,0.0341,0.0388,0.0276,0.0304,-0.0173,-0.1865,0.0013,0.0031,1.0292,-0.067,1.5955,0.000227,-0.0001,0.0
6.795,FLIGHT,0.9632,1.5934,0.027,0.0297,0.0209,0.0217,-0.0172,-0.1865,0.0011,0.0024,1.0284,-0.0668,1.5956,0.000227,-0.0001,0.0
6.8,FLIGHT,0.9633,1.5935,0.0203,0.0209,0.0145,0.0133,-0.0172,-0.1865,0.001,0.0017,1.0277,-0.0666,1.5958,0.000226,-0.0001,0.0
6.805,FLIGHT,0.9634,1.5936,0.014,0.0126,0.0085,0.0054,-0.0172,-0.1865,0.001,0.001,1.0269,-0.0663,1.5959,0.000225,-0.0001,0.0
6.81,FLIGHT,0.9634,1.5936,0.0081,0.0047,0.0029,-0.0022,-0.0172,-0.1865,0.0009,0.0003,1.0261,-0.0661,1.596,0.000225,-0.0001,0.0
6.815,FLIGHT,0.9634,1.5935,0.0025,-0.0028,-0.0024,-0.0093,-0.0172,-0.1865,0.0008,-0.0003,1.0252,-0.0658,1.5961,0.000224,-0.0001,0.0
6.82,FLIGHT,0.9634,1.5935,-0.0027,-0.0098,-0.0072,-0.016,-0.0172,-0.1865,0.0008,-0.0009,1.0244,-0.0656,1.5962,0.000224,-0.0001,0.0
6.825,FLIGHT,0.9633,1.5934,-0.0076,-0.0165,-0.0118,-0.0222,-0.0172,-0.1865,0.0008,-0.0015,1.0235,-0.0653,1.5962,0.000223,-0.0001,0.0
6.83,FLIGHT,0.9633,1.5933,-0.0121,-0.0227,-0.016,-0.0281,-0.0172,-0.1865,0.0007,-0.002,1.0226,-0.065,1.5963,0.000223,-0.0001,0.0
6.835,FLIGHT,0.9632,1.5931,-0.0162,-0.0285,-0.0198,-0.0336,-0.0172,-0.1865,0.0007,-0.0025,1.0217,-0.0648,1.5963,0.000222,-0.0001,0.0
6.84,FLIGHT,0.9631,1.5929,-0.0201,-0.0339,-0.0233,-0.0386,-0.0172,-0.1866,0.0007,-0.0029,1.0208,-0.0645,1.5963,0.000222,-0.0001,0.0
6.845,FLIGHT,0.9629,1.5927,-0.0235,-0.039,-0.0265,-0.0433,-0.0172,-0.1866,0.0007,-0.0033,1.0199,-0.0642,1.5963,0.000221,-0.0001,0.0
6.85,FLIGHT,0.9628,1.5925,-0.0267,-0.0436,-0.0294,-0.0476,-0.0172,-0.1866,0.0008,-0.0037,1.0189,-0.0639,1.5963,0.000221,-0.0001,0.0
6.855,FLIGHT,0.9626,1.5922,-0.0295,-0.0478,-0.0319,-0.0515,-0.0172,-0.1866,0.0008,-0.0041,1.0179,-0.0637,1.5963,0.000221,-0.0001,0.0
6.86,FLIGHT,0.9625,1.592,-0.032,-0.0517,-0.0342,-0.055,-0.0172,-0.1866,0.0008,-0.0044,1.0169,-0.0634,1.5962,0.00022,-0.0001,0.0
6.865,FLIGHT,0.9623,1.5917,-0.0343,-0.0552,-0.0362,-0.0582,-0.0172,-0.1867,0.0009,-0.0047,1.0159,-0.0631,1.5962,0.00022,-0.0001,0.0
6.87,FLIGHT,0.9621,1.5914,-0.0362,-0.0583,-0.0378,-0.061,-0.0172,-0.1867,0.0009,-0.005,1.0149,-0.0629,1.5962,0.00022,-0.0001,0.0
6.875,FLIGHT,0.9619,1.5911,-0.0379,-0.0611,-0.0393,-0.0635,-0.0172,-0.1867,0.001,-0.0052,1.0139,-0.0626,1.5961,0.000219,-0.0001,0.0
6.88,FLIGHT,0.9617,1.5908,-0.0393,-0.0636,-0.0405,-0.0656,-0.0172,-0.1867,0.001,-0.0054,1.0128,-0.0624,1.596,0.000219,-0.0,0.0
6.885,FLIGHT,0.9615,1.5904,-0.0405,-0.0657,-0.0414,-0.0675,-0.0172,-0.1868,0.0011,-0.0056,1.0117,-0.0621,1.596,0.000219,-0.0,0.0
6.89,FLIGHT,0.9613,1.5901,-0.0414,-0.0675,-0.0421,-0.069,-0.0172,-0.1868,0.0012,-0.0058,1.0106,-0.0619,1.5959,0.000219,-0.0,0.0
6.895,FLIGHT,0.9611,1.5897,-0.0421,-0.069,-0.0426,-0.0702,-0.0172,-0.1868,0.0012,-0.0059,1.0095,-0.0616,1.5958,0.000219,-0.0,0.0
6.9,FLIGHT,0.9609,1.5894,-0.0425,-0.0702,-0.0428,-0.0712,-0.0171,-0.1869,0.0013,-0.006,1.0084,-0.0614,1.5957,0.000218,-0.0,0.0
6.905,FLIGHT,0.9607,1.589,-0.0428,-0.0711,-0.0429,-0.0718,-0.0171,-0.1869,0.0014,-0.0061,1.0073,-0.0612,1.5956,0.000218,-0.0,0.0
6.91,FLIGHT,0.9605,1.5887,-0.0428,-0.0718,-0.0428,-0.0722,-0.0171,-0.1869,0.0015,-0.0061,1.0061,-0.061,1.5955,0.000218,-0.0,0.0
6.915,FLIGHT,0.9603,1.5883,-0.0427,-0.0722,-0.0425,-0.0724,-0.0171,-0.1869,0.0015,-0.0062,1.005,-0.0608,1.5954,0.000218,-0.0,0.0
6.92,FLIGHT,0.96,1.5879,-0.0424,-0.0723,-0.042,-0.0723,-0.0171,-0.187,0.0016,-0.0062,1.0038,-0.0606,1.5953,0.000218,-0.0,0.0
6.925,FLIGHT,0.9598,1.5876,-0.0419,-0.0722,-0.0414,-0.0721,-0.0171,-0.187,0.0017,-0.0062,1.0026,-0.0604,1.5952,0.000218,-0.0,0.0
6.93,FLIGHT,0.9596,1.5872,-0.0413,-0.0719,-0.0407,-0.0716,-0.0171,-0.187,0.0018,-0.0062,1.0014,-0.0602,1.5951,0.000218,-0.0,0.0
6.935,FLIGHT,0.9594,1.5869,-0.0405,-0.0714,-0.0398,-0.0709,-0.0171,-0.1871,0.0018,-0.0061,1.0002,-0.06,1.595,0.000218,-0.0,0.0
6.94,STANCE,0.9604,1.5874,0.1637,0.0602,0.6438,0.085,-0.017,-0.187,0.0227,0.003,0.9993,0.174,-0.4285,-0.000469,-0.305,0.0615
6.945,STANCE,0.966,1.5856,0.8635,-0.2706,1.5643,-0.8536,-0.0157,-0.1873,0.1976,-0.0392,0.9983,-0.2301,-0.947,-0.002348,-0.4196,0.0863
6.95,STANCE,0.9713,1.5822,0.8874,-0.4955,0.3107,-0.2212,-0.0143,-0.1877,0.2327,-0.059,0.9979,-0.4915,-1.4687,-0.003689,-0.0782,0.0193
6.955,STANCE,0.9721,1.5814,0.4071,-0.2751,0.2235,-0.2816,-0.014,-0.1878,0.1132,-0.0314,0.9981,-0.5642,-2.0927,-0.003674,0.0539,0.0037
6.96,STANCE,0.9743,1.5779,0.4392,-0.6248,0.4961,-1.6431,-0.0131,-0.1881,0.1665,-0.0636,0.9982,-0.8535,-2.307,-0.003269,0.1406,0.0033
6.965,STANCE,0.978,1.5682,0.6903,-1.504,1.1713,-2.0457,-0.0111,-0.1891,0.3342,-0.1441,0.9983,-1.2351,-2.0495,-0.002736,0.0275,0.0027
6.97,STANCE,0.9859,1.5555,1.3417,-2.2629,1.9265,-3.0078,-0.0079,-0.1903,0.566,-0.2095,0.9984,-1.7573,-1.5791,-0.002857,-0.057,0.0143
6.975,STANCE,0.9957,1.5379,1.7714,-3.1336,2.1174,-3.6453,-0.0036,-0.1919,0.7774,-0.2699,0.9983,-2.1155,-0.8328,-0.003039,-0.0616,0.0154
6.98,STANCE,1.0055,1.5187,1.8875,-3.6197,1.8599,-3.831,0.001,-0.1934,0.8792,-0.2877,0.9983,-2.1925,-0.1129,-0.003198,-0.0242,0.008
6.985,STANCE,1.0137,1.5,1.6912,-3.6913,1.3704,-3.6488,0.0053,-0.1949,0.8616,-0.2722,0.9984,-1.9472,0.4685,-0.003211,0.0276,0.0032
6.99,STANCE,1.0195,1.4829,1.2979,-3.4826,0.8851,-3.2449,0.0089,-0.1961,0.7624,-0.2422,0.9986,-1.4486,0.8923,-0.003017,0.0576,0.003
6.995,STANCE,1.0226,1.4673,0.8136,-3.2238,0.4208,-2.9604,0.0118,-0.1972,0.6348,-0.2165,0.9989,-0.8247,1.2044,-0.002678,0.0603,0.0027
7.0,STANCE,1.0238,1.4529,0.4124,-2.9808,0.1289,-2.7742,0.0142,-0.1982,0.5236,-0.1963,0.9992,-0.2788,1.3953,-0.002336,0.0637,0.0023
7.005,FLIGHT,1.0241,1.4392,0.1597,-2.8088,0.0087,-2.6802,0.0163,-0.1991,0.4508,-0.1821,0.9996,-1.6836,2.8778,-0.001922,0.0944,0.0019
7.01,FLIGHT,1.0222,1.4284,-0.266,-2.2989,-0.9497,-1.4531,0.0175,-0.1998,0.2911,-0.1527,1.0002,-1.6282,2.822,-0.001292,0.1687,0.0013
7.015,FLIGHT,1.0146,1.4246,-1.1647,-1.1812,-2.0244,-0.107,0.0166,-0.2002,-0.0566,-0.096,1.0011,-1.3311,2.5741,-0.000271,0.2344,0.0003
7.02,FLIGHT,1.0024,1.4268,-2.0755,-0.0289,-2.8187,0.9274,0.0138,-0.2002,-0.4113,-0.0306,1.0023,-0.9555,2.2662,0.000795,0.1675,0.0
7.025,FLIGHT,0.987,1.4332,-2.7876,0.9057,-3.3128,1.6137,0.0097,-0.2,-0.6906,0.0366,1.0037,-0.5955,1.9729,0.00143,0.0914,0.0
7.03,FLIGHT,0.9697,1.4424,-3.244,1.5454,-3.5385,1.9855,0.005,-0.1994,-0.8713,0.0986,1.0053,-0.2918,1.7265,0.001751,0.0405,0.0
7.035,FLIGHT,0.952,1.4527,-3.4559,1.9007,-3.5473,2.1041,-0.0001,-0.1987,-0.9585,0.1489,1.0069,-0.0565,1.5371,0.001864,0.0073,0.0
7.04,FLIGHT,0.9345,1.4631,-3.4644,2.019,-3.3955,2.0361,-0.005,-0.1978,-0.9695,0.1833,1.0085,0.1126,1.403,0.001844,-0.0135,0.0027
7.045,FLIGHT,0.9182,1.4728,-3.3192,1.9591,-3.135,1.8429,-0.0096,-0.1969,-0.925,0.2,1.0101,0.2244,1.3174,0.001744,-0.0256,0.0051
7.05,FLIGHT,0.9033,1.4814,-3.0684,1.7777,-2.8094,1.576,-0.0137,-0.196,-0.844,0.2003,1.0116,0.2898,1.2709,0.001599,-0.0318,0.0064
7.055,FLIGHT,0.8901,1.4885,-2.7534,1.5237,-2.4529,1.2761,-0.0172,-0.1951,-0.7424,0.1873,1.0131,0.3194,1.2543,0.001433,-0.034,0.0068
7.06,FLIGHT,0.8788,1.4941,-2.4071,1.2362,-2.0909,0.9731,-0.0202,-0.1944,-0.6324,0.1649,1.0144,0.3229,1.2594,0.001263,-0.0337,0.0067
7.065,FLIGHT,0.8692,1.4983,-2.0544,0.9445,-1.7415,0.6879,-0.0226,-0.1938,-0.5226,0.137,1.0157,0.3083,1.279,0.001098,-0.0319,0.0064
7.07,FLIGHT,0.8613,1.5011,-1.7131,0.6689,-1.4163,0.4338,-0.0245,-0.1933,-0.4187,0.107,1.0169,0.2819,1.3073,0.000946,-0.0291,0.0058
7.075,FLIGHT,0.855,1.5027,-1.3948,0.4227,-1.1224,0.2178,-0.0259,-0.193,-0.3241,0.0777,1.018,0.2488,1.3401,0.000808,-0.0259,0.0052
7.08,FLIGHT,0.85,1.5033,-1.1065,0.2131,-0.8629,0.0429,-0.027,-0.1928,-0.2409,0.0509,1.019,0.2127,1.374,0.000687,-0.0226,0.0045
7.085,FLIGHT,0.8463,1.5032,-0.8515,0.0431,-0.6384,-0.0914,-0.0277,-0.1927,-0.1697,0.0278,1.02,0.1764,1.4068,0.000582,-0.0192,0.0038
7.09,FLIGHT,0.8436,1.5025,-0.6305,-0.0877,-0.4476,-0.1879,-0.0281,-0.1927,-0.1102,0.009,1.0209,0.1417,1.437,0.000494,-0.0161,0.0032
7.095,FLIGHT,0.8418,1.5014,-0.4424,-0.1817,-0.2879,-0.2503,-0.0283,-0.1928,-0.0619,-0.0056,1.0217,0.1099,1.4639,0.000421,-0.0132,0.0026
7.1,FLIGHT,0.8407,1.5,-0.2846,-0.2425,-0.156,-0.2835,-0.0283,-0.1929,-0.0236,-0.0162,1.0226,0.0817,1.4869,0.000362,-0.0105,0.0021
7.105,FLIGHT,0.8402,1.4986,-0.1541,-0.2747,-0.0484,-0.2921,-0.0282,-0.193,0.0057,-0.023,1.0234,0.0572,1.5061,0.000315,-0.0083,0.0017
7.11,FLIGHT,0.8402,1.4971,-0.0474,-0.283,0.0386,-0.2811,-0.0281,-0.1931,0.0274,-0.0268,1.0242,0.0367,1.5216,0.000279,-0.0063,0.0013
7.115,FLIGHT,0.8405,1.4958,0.0391,-0.272,0.1084,-0.2548,-0.0278,-0.1933,0.0427,-0.0281,1.0249,0.0198,1.5338,0.000251,-0.0047,0.0009
7.12,FLIGHT,0.8412,1.4946,0.1086,-0.246,0.1643,-0.2172,-0.0275,-0.1934,0.0529,-0.0274,1.0257,0.0062,1.543,0.000231,-0.0034,0.0007
7.125,FLIGHT,0.8422,1.4936,0.1644,-0.2089,0.209,-0.1718,-0.0272,-0.1936,0.0589,-0.0251,1.0265,-0.0045,1.5497,0.000217,-0.0024,0.0005
7.13,FLIGHT,0.8433,1.4929,0.2091,-0.1641,0.245,-0.1214,-0.0269,-0.1937,0.0618,-0.0218,1.0272,-0.0127,1.5544,0.000207,-0.0015,0.0003
7.135,FLIGHT,0.8446,1.4924,0.2452,-0.1145,0.2742,-0.0685,-0.0266,-0.1937,0.0624,-0.0178,1.0279,-0.0189,1.5574,0.000201,-0.0009,0.0002
7.14,FLIGHT,0.846,1.4922,0.2746,-0.0623,0.2984,-0.015,-0.0263,-0.1938,0.0613,-0.0133,1.0286,-0.0234,1.5591,0.000198,-0.0004,0.0001
7.145,FLIGHT,0.8476,1.4923,0.2989,-0.0094,0.3188,0.0378,-0.026,-0.1938,0.0592,-0.0087,1.0294,-0.0266,1.5598,0.000197,-0.0,0.0
7.15,FLIGHT,0.8492,1.4926,0.3195,0.0428,0.3365,0.0888,-0.0257,-0.1938,0.0563,-0.004,1.0301,-0.0288,1.5599,0.000197,0.0002,0.0
7.155,FLIGHT,0.8509,1.4931,0.3372,0.0931,0.3521,0.1371,-0.0255,-0.1938,0.0532,0.0005,1.0308,-0.0303,1.5596,0.000199,0.0004,0.0
7.16,FLIGHT,0.8527,1.4939,0.3529,0.1408,0.3663,0.1823,-0.0252,-0.1938,0.05,0.0048,1.0315,-0.0314,1.559,0.000201,0.0005,0.0
7.165,FLIGHT,0.8546,1.495,0.3671,0.1855,0.3793,0.2241,-0.025,-0.1937,0.0469,0.0089,1.0321,-0.0321,1.5583,0.000204,0.0006,0.0
7.17,FLIGHT,0.8565,1.4962,0.3801,0.2269,0.3913,0.2623,-0.0248,-0.1937,0.044,0.0127,1.0328,-0.0327,1.5576,0.000207,0.0006,0.0
7.175,FLIGHT,0.8585,1.4976,0.3922,0.2647,0.4026,0.2971,-0.0246,-0.1936,0.0413,0.0161,1.0335,-0.0333,1.557,0.00021,0.0006,0.0
7.18,FLIGHT,0.8606,1.4991,0.4034,0.2991,0.4131,0.3283,-0.0244,-0.1935,0.0389,0.0192,1.0341,-0.0338,1.5564,0.000213,0.0006,0.0
7.185,FLIGHT,0.8626,1.5009,0.4139,0.33,0.4229,0.3562,-0.0242,-0.1934,0.0368,0.022,1.0348,-0.0344,1.5561,0.000216,0.0006,0.0
7.19,FLIGHT,0.8648,1.5027,0.4236,0.3576,0.4319,0.3809,-0.024,-0.1932,0.035,0.0245,1.0354,-0.0351,1.5559,0.000219,0.0006,0.0
7.195,FLIGHT,0.867,1.5047,0.4324,0.3821,0.44,0.4027,-0.0239,-0.1931,0.0335,0.0268,1.036,-0.0359,1.5559,0.000221,0.0005,0.0
7.2,FLIGHT,0.8692,1.5067,0.4405,0.4036,0.4472,0.4216,-0.0237,-0.193,0.0321,0.0287,1.0366,-0.0368,1.556,0.000224,0.0005,0.0
7.205,FLIGHT,0.8714,1.5089,0.4476,0.4223,0.4535,0.4379,-0.0236,-0.1928,0.031,0.0304,1.0372,-0.0378,1.5563,0.000227,0.0005,0.0
7.21,FLIGHT,0.8737,1.5111,0.4537,0.4385,0.4588,0.4519,-0.0234,-0.1926,0.03,0.0319,1.0377,-0.0389,1.5567,0.000229,0.0004,0.0
7.215,FLIGHT,0.876,1.5134,0.4589,0.4523,0.463,0.4635,-0.0233,-0.1925,0.0291,0.0332,1.0383,-0.0401,1.5573,0.000231,0.0004,0.0
7.22,FLIGHT,0.8783,1.5157,0.463,0.4638,0.4662,0.4731,-0.0231,-0.1923,0.0283,0.0343,1.0388,-0.0414,1.558,0.000233,0.0004,0.0
7.225,FLIGHT,0.8807,1.5181,0.466,0.4732,0.4683,0.4808,-0.023,-0.1921,0.0275,0.0352,1.0393,-0.0427,1.5588,0.000235,0.0004,0.0
7.23,FLIGHT,0.883,1.5205,0.468,0.4808,0.4692,0.4867,-0.0229,-0.1919,0.0268,0.036,1.0398,-0.044,1.5596,0.000236,0.0003,0.0
7.235,FLIGHT,0.8854,1.523,0.4689,0.4865,0.4692,0.4909,-0.0227,-0.1918,0.0262,0.0366,1.0403,-0.0453,1.5605,0.000238,0.0003,0.0
7.24,FLIGHT,0.8877,1.5254,0.4687,0.4906,0.468,0.4935,-0.0226,-0.1916,0.0255,0.037,1.0407,-0.0467,1.5615,0.00024,0.0003,0.0
7.245,FLIGHT,0.89,1.5279,0.4674,0.4931,0.4659,0.4946,-0.0225,-0.1914,0.0249,0.0374,1.0412,-0.048,1.5625,0.000241,0.0003,0.0
7.25,FLIGHT,0.8924,1.5304,0.4652,0.4941,0.4627,0.4944,-0.0224,-0.1912,0.0242,0.0376,1.0416,-0.0494,1.5635,0.000242,0.0002,0.0
7.255,FLIGHT,0.8947,1.5329,0.4619,0.4938,0.4586,0.4929,-0.0222,-0.191,0.0236,0.0377,1.042,-0.0507,1.5645,0.000243,0.0002,0.0
7.26,FLIGHT,0.897,1.5353,0.4577,0.4922,0.4535,0.4902,-0.0221,-0.1908,0.0229,0.0377,1.0424,-0.052,1.5656,0.000244,0.0002,0.0
7.265,FLIGHT,0.8992,1.5378,0.4526,0.4894,0.4477,0.4863,-0.022,-0.1906,0.0222,0.0376,1.0427,-0.0532,1.5666,0.000245,0.0002,0.0
7.27,FLIGHT,0.9014,1.5402,0.4467,0.4854,0.441,0.4814,-0.0219,-0.1904,0.0215,0.0374,1.043,-0.0545,1.5677,0.000246,0.0001,0.0
7.275,FLIGHT,0.9036,1.5426,0.4399,0.4804,0.4335,0.4755,-0.0218,-0.1903,0.0208,0.0371,1.0433,-0.0556,1.5688,0.000246,0.0001,0.0
7.28,FLIGHT,0.9058,1.5449,0.4324,0.4744,0.4254,0.4686,-0.0217,-0.1901,0.0201,0.0368,1.0436,-0.0568,1.5698,0.000247,0.0001,0.0
7.285,FLIGHT,0.9079,1.5473,0.4242,0.4675,0.4166,0.4609,-0.0216,-0.1899,0.0194,0.0363,1.0439,-0.0579,1.5709,0.000248,0.0001,0.0
7.29,FLIGHT,0.9099,1.5495,0.4154,0.4597,0.4072,0.4524,-0.0215,-0.1897,0.0187,0.0358,1.0441,-0.0589,1.5719,0.000248,0.0001,0.0
7.295,FLIGHT,0.9119,1.5518,0.4059,0.4512,0.3973,0.4431,-0.0214,-0.1895,0.0179,0.0352,1.0443,-0.0599,1.5729,0.000248,0.0001,0.0
7.3,FLIGHT,0.9139,1.554,0.396,0.4418,0.3869,0.4332,-0.0213,-0.1894,0.0172,0.0346,1.0445,-0.0608,1.5739,0.000248,0.0,0.0
7.305,FLIGHT,0.9158,1.5561,0.3856,0.4318,0.3761,0.4226,-0.0213,-0.1892,0.0165,0.0339,1.0447,-0.0617,1.5749,0.000249,0.0,0.0
7.31,FLIGHT,0.9177,1.5582,0.3747,0.4212,0.3649,0.4114,-0.0212,-0.189,0.0158,0.0331,1.0448,-0.0626,1.5758,0.000249,0.0,0.0
7.315,FLIGHT,0.9195,1.5602,0.3635,0.41,0.3533,0.3998,-0.0211,-0.1889,0.0151,0.0323,1.0449,-0.0634,1.5768,0.000249,-0.0,0.0
7.32,FLIGHT,0.9212,1.5622,0.352,0.3983,0.3415,0.3877,-0.021,-0.1887,0.0144,0.0314,1.045,-0.0641,1.5777,0.000248,-0.0,0.0
7.325,FLIGHT,0.9229,1.5641,0.3402,0.3862,0.3295,0.3751,-0.021,-0.1886,0.0137,0.0305,1.045,-0.0648,1.5786,0.000248,-0.0,0.0
7.33,FLIGHT,0.9245,1.5659,0.3281,0.3736,0.3173,0.3622,-0.0209,-0.1884,0.013,0.0296,1.0451,-0.0654,1.5794,0.000248,-0.0001,0.0
7.335,FLIGHT,0.926,1.5677,0.3159,0.3608,0.3049,0.3491,-0.0208,-0.1883,0.0124,0.0286,1.0451,-0.066,1.5803,0.000248,-0.0001,0.0
7.34,FLIGHT,0.9275,1.5694,0.3035,0.3476,0.2924,0.3356,-0.0208,-0.1882,0.0117,0.0276,1.045,-0.0666,1.5811,0.000247,-0.0001,0.0
7.345,FLIGHT,0.929,1.5711,0.2911,0.3341,0.2799,0.322,-0.0207,-0.188,0.0111,0.0266,1.045,-0.0671,1.5819,0.000247,-0.0001,0.0
7.35,FLIGHT,0.9303,1.5727,0.2786,0.3205,0.2673,0.3082,-0.0207,-0.1879,0.0105,0.0255,1.0449,-0.0676,1.5827,0.000247,-0.0001,0.0
7.355,FLIGHT,0.9316,1.5742,0.266,0.3067,0.2548,0.2943,-0.0206,-0.1878,0.0099,0.0245,1.0448,-0.068,1.5834,0.000246,-0.0001,0.0
7.36,FLIGHT,0.9329,1.5756,0.2535,0.2928,0.2423,0.2803,-0.0206,-0.1877,0.0094,0.0234,1.0447,-0.0684,1.5841,0.000246,-0.0001,0.0
7.365,FLIGHT,0.9341,1.577,0.241,0.2789,0.2298,0.2663,-0.0205,-0.1876,0.0088,0.0223,1.0445,-0.0687,1.5848,0.000245,-0.0001,0.0
7.37,FLIGHT,0.9352,1.5783,0.2286,0.2649,0.2175,0.2524,-0.0205,-0.1874,0.0083,0.0212,1.0443,-0.069,1.5854,0.000244,-0.0001,0.0
7.375,FLIGHT,0.9362,1.5795,0.2163,0.2509,0.2053,0.2384,-0.0205,-0.1873,0.0078,0.0201,1.0441,-0.0692,1.5861,0.000244,-0.0001,0.0
7.38,FLIGHT,0.9372,1.5806,0.2041,0.237,0.1933,0.2246,-0.0204,-0.1873,0.0073,0.019,1.0438,-0.0695,1.5867,0.000243,-0.0001,0.0
7.385,FLIGHT,0.9382,1.5817,0.1921,0.2232,0.1815,0.2109,-0.0204,-0.1872,0.0069,0.0179,1.0436,-0.0696,1.5873,0.000242,-0.0001,0.0
7.39,FLIGHT,0.939,1.5828,0.1803,0.2095,0.1699,0.1973,-0.0204,-0.1871,0.0064,0.0168,1.0433,-0.0698,1.5878,0.000242,-0.0001,0.0
7.395,FLIGHT,0.9399,1.5837,0.1687,0.1959,0.1585,0.1839,-0.0203,-0.187,0.006,0.0157,1.0429,-0.0699,1.5883,0.000241,-0.0001,0.0
7.4,FLIGHT,0.9406,1.5846,0.1574,0.1826,0.1473,0.1707,-0.0203,-0.1869,0.0056,0.0147,1.0426,-0.07,1.5888,0.00024,-0.0001,0.0
7.405,FLIGHT,0.9413,1.5854,0.1463,0.1694,0.1364,0.1577,-0.0203,-0.1869,0.0053,0.0136,1.0422,-0.07,1.5893,0.00024,-0.0001,0.0
7.41,FLIGHT,0.942,1.5862,0.1354,0.1565,0.1259,0.145,-0.0203,-0.1868,0.0049,0.0126,1.0418,-0.07,1.5897,0.000239,-0.0001,0.0
7.415,FLIGHT,0.9426,1.5869,0.1249,0.1438,0.1156,0.1326,-0.0202,-0.1868,0.0046,0.0116,1.0414,-0.07,1.5901,0.000238,-0.0001,0.0
7.42,FLIGHT,0.9432,1.5875,0.1147,0.1315,0.1056,0.1205,-0.0202,-0.1867,0.0043,0.0106,1.0409,-0.07,1.5905,0.000238,-0.0001,0.0
7.425,FLIGHT,0.9437,1.5881,0.1047,0.1194,0.096,0.1087,-0.0202,-0.1867,0.004,0.0096,1.0404,-0.0699,1.5909,0.000237,-0.0001,0.0
7.43,FLIGHT,0.9441,1.5886,0.0951,0.1076,0.0867,0.0972,-0.0202,-0.1866,0.0037,0.0086,1.0399,-0.0699,1.5912,0.000236,-0.0001,0.0
7.435,FLIGHT,0.9445,1.589,0.0859,0.0962,0.0777,0.0861,-0.0202,-0.1866,0.0035,0.0077,1.0394,-0.0698,1.5915,0.000236,-0.0001,0.0
7.44,FLIGHT,0.9449,1.5894,0.0769,0.0851,0.0691,0.0753,-0.0201,-0.1865,0.0033,0.0068,1.0388,-0.0696,1.5918,0.000235,-0.0001,0.0
7.445,FLIGHT,0.9452,1.5898,0.0684,0.0744,0.0609,0.0649,-0.0201,-0.1865,0.0031,0.0059,1.0382,-0.0695,1.5921,0.000234,-0.0001,0.0
7.45,FLIGHT,0.9455,1.5901,0.0602,0.064,0.053,0.0549,-0.0201,-0.1865,0.0029,0.0051,1.0376,-0.0693,1.5923,0.000234,-0.0001,0.0
7.455,FLIGHT,0.9457,1.5903,0.0523,0.0541,0.0455,0.0453,-0.0201,-0.1865,0.0027,0.0042,1.037,-0.0691,1.5926,0.000233,-0.0001,0.0
7.46,FLIGHT,0.946,1.5905,0.0449,0.0445,0.0383,0.0361,-0.0201,-0.1865,0.0026,0.0035,1.0363,-0.0689,1.5928,0.000232,-0.0001,0.0
7.465,FLIGHT,0.9461,1.5907,0.0377,0.0353,0.0315,0.0273,-0.0201,-0.1865,0.0024,0.0027,1.0356,-0.0687,1.5929,0.000232,-0.0001,0.0
7.47,FLIGHT,0.9463,1.5908,0.031,0.0266,0.0251,0.0189,-0.0201,-0.1864,0.0023,0.002,1.0349,-0.0685,1.5931,0.000231,-0.0001,0.0
7.475,FLIGHT,0.9464,1.5909,0.0246,0.0182,0.0191,0.0109,-0.0201,-0.1864,0.0022,0.0013,1.0342,-0.0683,1.5932,0.00023,-0.0001,0.0
7.48,FLIGHT,0.9465,1.5909,0.0186,0.0102,0.0134,0.0033,-0.02,-0.1864,0.0021,0.0006,1.0335,-0.068,1.5934,0.00023,-0.0001,0.0
7.485,FLIGHT,0.9465,1.5909,0.013,0.0027,0.0081,-0.0039,-0.02,-0.1864,0.0021,0.0,1.0327,-0.0678,1.5935,0.000229,-0.0001,0.0
7.49,FLIGHT,0.9465,1.5909,0.0077,-0.0044,0.0031,-0.0106,-0.02,-0.1864,0.002,-0.0006,1.0319,-0.0675,1.5936,0.000229,-0.0001,0.0
7.495,FLIGHT,0.9465,1.5908,0.0028,-0.0112,-0.0015,-0.017,-0.02,-0.1864,0.002,-0.0011,1.0311,-0.0673,1.5936,0.000228,-0.0001,0.0
7.5,FLIGHT,0.9465,1.5907,-0.0018,-0.0175,-0.0058,-0.023,-0.02,-0.1865,0.0019,-0.0017,1.0303,-0.067,1.5937,0.000228,-0.0001,0.0
7.505,FLIGHT,0.9465,1.5906,-0.006,-0.0234,-0.0097,-0.0285,-0.02,-0.1865,0.0019,-0.0022,1.0294,-0.0668,1.5937,0.000227,-0.0001,0.0
7.51,FLIGHT,0.9464,1.5904,-0.0099,-0.0289,-0.0133,-0.0337,-0.02,-0.1865,0.0019,-0.0026,1.0286,-0.0665,1.5938,0.000227,-0.0001,0.0
7.515,FLIGHT,0.9464,1.5903,-0.0135,-0.034,-0.0165,-0.0385,-0.02,-0.1865,0.0019,-0.0031,1.0277,-0.0662,1.5938,0.000227,-0.0001,0.0
7.52,FLIGHT,0.9463,1.5901,-0.0167,-0.0388,-0.0195,-0.0428,-0.02,-0.1865,0.0019,-0.0035,1.0268,-0.0659,1.5938,0.000226,-0.0001,0.0
7.525,FLIGHT,0.9462,1.5898,-0.0197,-0.0431,-0.0222,-0.0469,-0.02,-0.1865,0.002,-0.0038,1.0259,-0.0657,1.5938,0.000226,-0.0001,0.0
7.53,FLIGHT,0.946,1.5896,-0.0223,-0.0471,-0.0245,-0.0505,-0.0199,-0.1866,0.002,-0.0042,1.0249,-0.0654,1.5938,0.000225,-0.0001,0.0
7.535,FLIGHT,0.9459,1.5893,-0.0246,-0.0507,-0.0266,-0.0538,-0.0199,-0.1866,0.002,-0.0045,1.024,-0.0651,1.5937,0.000225,-0.0001,0.0
7.54,FLIGHT,0.9458,1.5891,-0.0267,-0.054,-0.0284,-0.0567,-0.0199,-0.1866,0.0021,-0.0047,1.023,-0.0649,1.5937,0.000225,-0.0001,0.0
7.545,FLIGHT,0.9456,1.5888,-0.0284,-0.0569,-0.0299,-0.0593,-0.0199,-0.1866,0.0021,-0.005,1.022,-0.0646,1.5937,0.000224,-0.0001,0.0
7.55,FLIGHT,0.9455,1.5885,-0.0299,-0.0594,-0.0312,-0.0616,-0.0199,-0.1867,0.0022,-0.0052,1.021,-0.0644,1.5936,0.000224,-0.0001,0.0
7.555,FLIGHT,0.9453,1.5881,-0.0312,-0.0617,-0.0322,-0.0635,-0.0199,-0.1867,0.0022,-0.0054,1.02,-0.0641,1.5936,0.000224,-0.0,0.0
7.56,FLIGHT,0.9452,1.5878,-0.0322,-0.0636,-0.033,-0.0652,-0.0199,-0.1867,0.0023,-0.0056,1.0189,-0.0639,1.5935,0.000224,-0.0,0.0
7.565,FLIGHT,0.945,1.5875,-0.033,-0.0652,-0.0336,-0.0665,-0.0199,-0.1867,0.0024,-0.0057,1.0179,-0.0636,1.5934,0.000224,-0.0,0.0
7.57,FLIGHT,0.9448,1.5872,-0.0335,-0.0665,-0.0339,-0.0676,-0.0199,-0.1868,0.0024,-0.0058,1.0168,-0.0634,1.5933,0.000223,-0.0,0.0
7.575,FLIGHT,0.9447,1.5868,-0.0339,-0.0676,-0.0341,-0.0684,-0.0198,-0.1868,0.0025,-0.0059,1.0157,-0.0632,1.5933,0.000223,-0.0,0.0
7.58,FLIGHT,0.9445,1.5865,-0.034,-0.0683,-0.0341,-0.0689,-0.0198,-0.1868,0.0026,-0.006,1.0147,-0.063,1.5932,0.000223,-0.0,0.0
7.585,FLIGHT,0.9443,1.5861,-0.034,-0.0688,-0.0339,-0.0692,-0.0198,-0.1869,0.0026,-0.006,1.0135,-0.0628,1.5931,0.000223,-0.0,0.0
7.59,FLIGHT,0.9441,1.5858,-0.0338,-0.0691,-0.0335,-0.0692,-0.0198,-0.1869,0.0027,-0.0061,1.0124,-0.0626,1.593,0.000223,-0.0,0.0
7.595,FLIGHT,0.944,1.5854,-0.0334,-0.0691,-0.033,-0.069,-0.0198,-0.1869,0.0028,-0.0061,1.0113,-0.0624,1.5929,0.000223,-0.0,0.0
7.6,FLIGHT,0.9438,1.5851,-0.0329,-0.0689,-0.0323,-0.0686,-0.0198,-0.187,0.0029,-0.0061,1.0101,-0.0622,1.5928,0.000223,-0.0,0.0
7.605,FLIGHT,0.9437,1.5848,-0.0322,-0.0685,-0.0315,-0.068,-0.0198,-0.187,0.0029,-0.006,1.009,-0.062,1.5927,0.000223,-0.0,0.0
7.61,FLIGHT,0.9435,1.5844,-0.0314,-0.0679,-0.0306,-0.0672,-0.0197,-0.187,0.003,-0.006,1.0078,-0.0618,1.5927,0.000223,-0.0,0.0
7.615,FLIGHT,0.9434,1.5841,-0.0304,-0.0671,-0.0296,-0.0663,-0.0197,-0.187,0.0031,-0.0059,1.0066,-0.0617,1.5926,0.000223,-0.0,0.0
7.62,FLIGHT,0.9432,1.5838,-0.0294,-0.0661,-0.0284,-0.0651,-0.0197,-0.1871,0.0031,-0.0059,1.0054,-0.0615,1.5925,0.000223,0.0,0.0
7.625,FLIGHT,0.9431,1.5834,-0.0283,-0.0649,-0.0272,-0.0638,-0.0197,-0.1871,0.0032,-0.0058,1.0042,-0.0614,1.5924,0.000223,0.0,0.0
7.63,FLIGHT,0.9429,1.5831,-0.027,-0.0636,-0.0259,-0.0624,-0.0197,-0.1871,0.0033,-0.0057,1.003,-0.0613,1.5923,0.000223,0.0,0.0
7.635,FLIGHT,0.9428,1.5828,-0.0257,-0.0622,-0.0245,-0.0609,-0.0197,-0.1872,0.0033,-0.0056,1.0018,-0.0612,1.5922,0.000223,0.0,0.0
7.64,FLIGHT,0.9427,1.5825,-0.0243,-0.0607,-0.0231,-0.0592,-0.0197,-0.1872,0.0034,-0.0054,1.0005,-0.061,1.5921,0.000223,0.0,0.0
7.645,STANCE,0.9435,1.5826,0.1338,0.0061,0.575,-0.0308,-0.0195,-0.1872,0.0242,-0.002,0.9994,0.2389,-0.402,-0.000618,-0.5083,0.1023
7.65,STANCE,0.9479,1.5792,0.6725,-0.5611,1.029,-1.6334,-0.0182,-0.1876,0.2,-0.0662,0.9981,-0.0762,-0.8364,-0.003547,-0.5082,0.1052
7.655,STANCE,0.9503,1.5742,0.455,-0.7231,-0.0931,-0.0058,-0.0171,-0.1881,0.1813,-0.0767,0.9974,-0.2029,-1.4008,-0.005103,-0.1421,0.0335
7.66,STANCE,0.9496,1.5752,0.0566,-0.1073,-0.0282,0.0893,-0.0174,-0.188,0.0248,-0.0112,0.9977,-0.2624,-2.2205,-0.005432,-0.0142,0.0083
7.665,STANCE,0.9509,1.5735,0.2363,-0.3077,0.5948,-0.801,-0.0169,-0.1882,0.0852,-0.0333,0.9981,-0.5699,-2.5316,-0.005374,0.0321,0.0054
7.67,STANCE,0.9543,1.5637,0.5586,-1.4915,0.9906,-2.0983,-0.015,-0.1892,0.305,-0.1475,0.9981,-0.9613,-2.1668,-0.004863,0.1014,0.0049
7.675,STANCE,0.9594,1.5499,0.8919,-2.3882,1.139,-3.0533,-0.0121,-0.1905,0.4933,-0.2276,0.998,-1.3299,-1.6541,-0.004117,0.1711,0.0041
7.68,STANCE,0.9672,1.5333,1.3868,-3.0263,1.9541,-3.4161,-0.0084,-0.1921,0.6827,-0.2763,0.9981,-1.6969,-1.0162,-0.003695,-0.0026,0.0042
7.685,STANCE,0.977,1.5149,1.7623,-3.5201,1.748,-4.117,-0.0039,-0.1937,0.8342,-0.3009,0.9983,-1.8992,-0.2809,-0.003684,0.0565,0.0037
7.69,STANCE,0.9859,1.4954,1.7571,-3.7795,1.5063,-3.9988,0.0005,-0.1953,0.8811,-0.2995,0.9985,-1.7768,0.4135,-0.003527,0.0737,0.0035
7.695,STANCE,0.9929,1.4768,1.4838,-3.7236,1.1212,-3.6143,0.0046,-0.1967,0.8293,-0.2756,0.9988,-1.3795,0.9431,-0.003186,0.0991,0.0032
7.7,STANCE,0.9977,1.4599,1.0997,-3.4575,0.825,-3.074,0.008,-0.198,0.7222,-0.2426,0.9992,-0.8413,1.2886,-0.002656,0.1046,0.0027
7.705,STANCE,1.0006,1.4449,0.732,-3.1424,0.4846,-2.8169,0.0107,-0.199,0.6082,-0.2123,0.9997,-0.3394,1.473,-0.001968,0.1383,0.002
7.71,FLIGHT,1.0024,1.4312,0.4817,-2.8578,0.307,-2.6461,0.0131,-0.1999,0.52,-0.1873,1.0003,-1.3858,2.6469,-0.001212,0.1576,0.0012
7.715,FLIGHT,1.0023,1.4202,0.089,-2.3441,-0.4955,-1.5832,0.0148,-0.2007,0.3671,-0.1538,1.0011,-1.3355,2.5944,-0.000321,0.2071,0.0003
7.72,FLIGHT,0.9976,1.4152,-0.6629,-1.3622,-1.3724,-0.4286,0.0145,-0.2011,0.0697,-0.0997,1.0022,-1.0952,2.3928,0.000663,0.1586,0.0
7.725,FLIGHT,0.989,1.4155,-1.4145,-0.3623,-2.0302,0.4684,0.0128,-0.2012,-0.2308,-0.0425,1.0035,-0.7917,2.1446,0.001269,0.0881,0.0
7.73,FLIGHT,0.9777,1.4194,-2.0073,0.4554,-2.4473,1.082,0.0099,-0.201,-0.4706,0.0118,1.0051,-0.499,1.908,0.001583,0.0407,0.0
7.735,FLIGHT,0.9649,1.4258,-2.3929,1.0319,-2.6452,1.44,0.0064,-0.2007,-0.6309,0.0595,1.0067,-0.2506,1.7088,0.001703,0.0095,0.0
7.74,FLIGHT,0.9515,1.4335,-2.5789,1.3765,-2.6648,1.5913,0.0026,-0.2002,-0.715,0.0973,1.0084,-0.0571,1.5551,0.001697,-0.0102,0.002
7.745,FLIGHT,0.9385,1.4415,-2.5978,1.5272,-2.5517,1.5891,-0.0011,-0.1996,-0.7365,0.123,1.0101,0.0831,1.4457,0.001615,-0.0219,0.0044
7.75,FLIGHT,0.9262,1.4492,-2.4897,1.5309,-2.3479,1.4823,-0.0047,-0.1989,-0.7114,0.1363,1.0117,0.1766,1.3749,0.001488,-0.0281,0.0056
7.755,FLIGHT,0.9151,1.4562,-2.2936,1.4331,-2.089,1.3121,-0.0079,-0.1983,-0.655,0.1384,1.0134,0.2323,1.3354,0.00134,-0.0306,0.0061
7.76,FLIGHT,0.9053,1.4623,-2.0431,1.2727,-1.8028,1.1109,-0.0107,-0.1977,-0.5799,0.1314,1.0149,0.2587,1.3198,0.001186,-0.0307,0.0061
7.765,FLIGHT,0.8971,1.4673,-1.7652,1.081,-1.5105,0.9028,-0.013,-0.1971,-0.4963,0.118,1.0164,0.2636,1.3215,0.001036,-0.0292,0.0058
7.77,FLIGHT,0.8902,1.4713,-1.4803,0.8815,-1.2268,0.7046,-0.0149,-0.1967,-0.4112,0.1009,1.0178,0.2535,1.3349,0.000896,-0.0269,0.0054
7.775,FLIGHT,0.8848,1.4744,-1.2032,0.6906,-0.9616,0.5271,-0.0164,-0.1963,-0.3298,0.0823,1.0192,0.2335,1.3556,0.000768,-0.0241,0.0048
7.78,FLIGHT,0.8806,1.4766,-0.9434,0.5192,-0.7206,0.3764,-0.0175,-0.196,-0.255,0.064,1.0204,0.2079,1.38,0.000655,-0.0211,0.0042
7.785,FLIGHT,0.8775,1.4782,-0.707,0.3732,-0.5067,0.255,-0.0183,-0.1958,-0.1886,0.0473,1.0217,0.1796,1.4056,0.000558,-0.018,0.0036
7.79,FLIGHT,0.8755,1.4792,-0.4968,0.2555,-0.3206,0.1628,-0.0188,-0.1957,-0.1315,0.033,1.0228,0.1509,1.4307,0.000475,-0.0151,0.003
7.795,FLIGHT,0.8743,1.4799,-0.3136,0.166,-0.1614,0.0981,-0.0192,-0.1956,-0.0836,0.0214,1.024,0.1233,1.454,0.000406,-0.0124,0.0025
7.8,FLIGHT,0.8738,1.4803,-0.1566,0.1032,-0.0272,0.0582,-0.0193,-0.1956,-0.0444,0.0126,1.0251,0.0978,1.4749,0.00035,-0.01,0.002
7.805,FLIGHT,0.8739,1.4805,-0.024,0.0645,0.0844,0.0396,-0.0193,-0.1956,-0.0133,0.0065,1.0261,0.0749,1.493,0.000305,-0.0079,0.0016
7.81,FLIGHT,0.8746,1.4807,0.0864,0.0466,0.1762,0.0388,-0.0192,-0.1955,0.0107,0.0027,1.0272,0.0549,1.5083,0.000271,-0.0061,0.0012
7.815,FLIGHT,0.8757,1.4809,0.1774,0.046,0.251,0.0523,-0.019,-0.1955,0.0285,0.0009,1.0282,0.0379,1.5209,0.000244,-0.0045,0.0009
7.82,FLIGHT,0.8771,1.4812,0.2516,0.0595,0.3113,0.0768,-0.0188,-0.1955,0.0412,0.0008,1.0292,0.0236,1.531,0.000225,-0.0033,0.0007
7.825,FLIGHT,0.8788,1.4817,0.3116,0.0836,0.3598,0.1092,-0.0185,-0.1955,0.0497,0.002,1.0302,0.0119,1.5389,0.000211,-0.0023,0.0005
7.83,FLIGHT,0.8807,1.4823,0.3599,0.1156,0.3986,0.147,-0.0182,-0.1955,0.0548,0.0041,1.0312,0.0024,1.5449,0.000202,-0.0014,0.0003
7.835,FLIGHT,0.8827,1.4832,0.3986,0.1529,0.4295,0.1881,-0.0179,-0.1955,0.0573,0.0069,1.0322,-0.0051,1.5493,0.000196,-0.0008,0.0002
7.84,FLIGHT,0.885,1.4842,0.4295,0.1934,0.4543,0.2305,-0.0177,-0.1954,0.0579,0.0102,1.0332,-0.011,1.5525,0.000193,-0.0003,0.0001
7.845,FLIGHT,0.8873,1.4855,0.4543,0.2353,0.4742,0.2729,-0.0174,-0.1953,0.0571,0.0137,1.0341,-0.0157,1.5547,0.000193,0.0,0.0
7.85,FLIGHT,0.8897,1.4869,0.4742,0.2771,0.4902,0.3142,-0.0171,-0.1952,0.0552,0.0173,1.0351,-0.0192,1.5561,0.000194,0.0003,0.0
7.855,FLIGHT,0.8922,1.4886,0.4904,0.3178,0.5033,0.3535,-0.0168,-0.1951,0.0528,0.0208,1.036,-0.022,1.557,0.000195,0.0005,0.0
7.86,FLIGHT,0.8947,1.4905,0.5035,0.3566,0.5141,0.3902,-0.0166,-0.195,0.0501,0.0243,1.037,-0.0242,1.5575,0.000198,0.0006,0.0
7.865,FLIGHT,0.8973,1.4925,0.5142,0.3928,0.523,0.424,-0.0164,-0.1949,0.0472,0.0275,1.0379,-0.0259,1.5578,0.000201,0.0006,0.0
7.87,FLIGHT,0.8999,1.4947,0.5231,0.4262,0.5303,0.4547,-0.0161,-0.1947,0.0443,0.0305,1.0388,-0.0274,1.558,0.000204,0.0007,0.0
7.875,FLIGHT,0.9026,1.4971,0.5304,0.4564,0.5363,0.482,-0.0159,-0.1945,0.0415,0.0332,1.0397,-0.0287,1.5582,0.000208,0.0007,0.0
7.88,FLIGHT,0.9053,1.4995,0.5364,0.4834,0.5412,0.5061,-0.0158,-0.1943,0.039,0.0357,1.0406,-0.0298,1.5583,0.000211,0.0007,0.0
7.885,FLIGHT,0.908,1.5021,0.5412,0.5072,0.545,0.527,-0.0156,-0.1942,0.0366,0.0379,1.0415,-0.031,1.5586,0.000214,0.0006,0.0
7.89,FLIGHT,0.9108,1.5048,0.545,0.5278,0.5478,0.5448,-0.0154,-0.194,0.0344,0.0398,1.0423,-0.0321,1.5589,0.000217,0.0006,0.0
7.895,FLIGHT,0.9135,1.5076,0.5477,0.5453,0.5496,0.5596,-0.0152,-0.1937,0.0324,0.0414,1.0432,-0.0333,1.5593,0.00022,0.0006,0.0
7.9,FLIGHT,0.9163,1.5104,0.5494,0.5599,0.5505,0.5717,-0.0151,-0.1935,0.0307,0.0428,1.044,-0.0345,1.5599,0.000223,0.0005,0.0
7.905,FLIGHT,0.919,1.5133,0.5501,0.5717,0.5503,0.5811,-0.015,-0.1933,0.0291,0.044,1.0448,-0.0358,1.5606,0.000225,0.0005,0.0
7.91,FLIGHT,0.9218,1.5162,0.5498,0.581,0.5491,0.5882,-0.0148,-0.1931,0.0277,0.0449,1.0456,-0.0371,1.5613,0.000228,0.0004,0.0
7.915,FLIGHT,0.9245,1.5191,0.5485,0.5878,0.5469,0.5929,-0.0147,-0.1928,0.0264,0.0456,1.0464,-0.0384,1.5622,0.00023,0.0004,0.0
7.92,FLIGHT,0.9272,1.5221,0.5462,0.5924,0.5437,0.5955,-0.0146,-0.1926,0.0252,0.0462,1.0471,-0.0398,1.5631,0.000231,0.0003,0.0
7.925,FLIGHT,0.9299,1.5251,0.5429,0.5949,0.5395,0.5963,-0.0144,-0.1924,0.0241,0.0465,1.0479,-0.0412,1.5642,0.000233,0.0003,0.0
7.93,FLIGHT,0.9326,1.5281,0.5386,0.5955,0.5343,0.5952,-0.0143,-0.1922,0.0231,0.0467,1.0486,-0.0426,1.5652,0.000235,0.0003,0.0
7.935,FLIGHT,0.9353,1.531,0.5333,0.5943,0.5281,0.5924,-0.0142,-0.1919,0.0222,0.0468,1.0493,-0.044,1.5664,0.000236,0.0002,0.0
7.94,FLIGHT,0.9379,1.534,0.527,0.5914,0.521,0.5882,-0.0141,-0.1917,0.0212,0.0467,1.0499,-0.0454,1.5675,0.000237,0.0002,0.0
7.945,FLIGHT,0.9405,1.5369,0.5198,0.5871,0.513,0.5825,-0.014,-0.1915,0.0203,0.0465,1.0506,-0.0468,1.5687,0.000238,0.0002,0.0
7.95,FLIGHT,0.943,1.5398,0.5118,0.5813,0.5041,0.5755,-0.0139,-0.1912,0.0195,0.0461,1.0512,-0.0482,1.5699,0.000239,0.0001,0.0
7.955,FLIGHT,0.9455,1.5427,0.5028,0.5742,0.4944,0.5673,-0.0138,-0.191,0.0186,0.0457,1.0518,-0.0495,1.5712,0.000239,0.0001,0.0
7.96,FLIGHT,0.948,1.5455,0.4931,0.566,0.484,0.5581,-0.0137,-0.1908,0.0178,0.0451,1.0524,-0.0508,1.5724,0.00024,0.0001,0.0
7.965,FLIGHT,0.9504,1.5483,0.4826,0.5566,0.4729,0.5478,-0.0137,-0.1905,0.017,0.0445,1.0529,-0.0521,1.5736,0.00024,0.0001,0.0
7.97,FLIGHT,0.9527,1.551,0.4714,0.5463,0.4611,0.5366,-0.0136,-0.1903,0.0161,0.0438,1.0534,-0.0533,1.5748,0.000241,0.0,0.0
7.975,FLIGHT,0.955,1.5536,0.4596,0.535,0.4487,0.5245,-0.0135,-0.1901,0.0153,0.0429,1.0539,-0.0544,1.576,0.000241,0.0,0.0
7.98,FLIGHT,0.9572,1.5562,0.4471,0.5229,0.4358,0.5117,-0.0134,-0.1899,0.0145,0.0421,1.0544,-0.0555,1.5771,0.000241,0.0,0.0
7.985,FLIGHT,0.9593,1.5587,0.4342,0.51,0.4224,0.4982,-0.0134,-0.1897,0.0137,0.0411,1.0548,-0.0566,1.5783,0.000241,-0.0,0.0
7.99,FLIGHT,0.9614,1.5612,0.4208,0.4965,0.4086,0.484,-0.0133,-0.1895,0.0129,0.0401,1.0552,-0.0575,1.5794,0.000241,-0.0,0.0
7.995,FLIGHT,0.9634,1.5636,0.4069,0.4823,0.3944,0.4693,-0.0132,-0.1893,0.0122,0.039,1.0556,-0.0585,1.5805,0.000241,-0.0,0.0
8.0,FLIGHT,0.9653,1.5659,0.3928,0.4676,0.3799,0.4542,-0.0132,-0.1891,0.0114,0.0379,1.0559,-0.0593,1.5816,0.00024,-0.0001,0.0
8.005,FLIGHT,0.9672,1.5681,0.3783,0.4524,0.3652,0.4385,-0.0131,-0.1889,0.0107,0.0367,1.0562,-0.0601,1.5826,0.00024,-0.0001,0.0
8.01,FLIGHT,0.969,1.5703,0.3636,0.4367,0.3503,0.4226,-0.0131,-0.1888,0.0099,0.0355,1.0565,-0.0609,1.5836,0.00024,-0.0001,0.0
8.015,FLIGHT,0.9707,1.5723,0.3487,0.4208,0.3352,0.4063,-0.013,-0.1886,0.0092,0.0343,1.0568,-0.0616,1.5846,0.000239,-0.0001,0.0
8.02,FLIGHT,0.9723,1.5743,0.3336,0.4045,0.3201,0.3897,-0.013,-0.1884,0.0085,0.033,1.057,-0.0622,1.5856,0.000238,-0.0001,0.0
8.025,FLIGHT,0.9739,1.5762,0.3185,0.3879,0.3049,0.373,-0.013,-0.1883,0.0079,0.0317,1.0572,-0.0628,1.5865,0.000238,-0.0001,0.0
8.03,FLIGHT,0.9754,1.5781,0.3033,0.3712,0.2897,0.3562,-0.0129,-0.1881,0.0072,0.0304,1.0573,-0.0633,1.5874,0.000237,-0.0001,0.0
8.035,FLIGHT,0.9768,1.5798,0.2881,0.3543,0.2746,0.3392,-0.0129,-0.188,0.0066,0.029,1.0574,-0.0638,1.5882,0.000236,-0.0001,0.0
8.04,FLIGHT,0.9781,1.5815,0.273,0.3374,0.2595,0.3222,-0.0129,-0.1879,0.006,0.0277,1.0575,-0.0642,1.589,0.000236,-0.0002,0.0
8.045,FLIGHT,0.9794,1.583,0.258,0.3204,0.2446,0.3052,-0.0128,-0.1877,0.0054,0.0263,1.0576,-0.0645,1.5898,0.000235,-0.0002,0.0
8.05,FLIGHT,0.9806,1.5845,0.2431,0.3035,0.2298,0.2883,-0.0128,-0.1876,0.0049,0.025,1.0576,-0.0649,1.5906,0.000234,-0.0002,0.0
8.055,FLIGHT,0.9817,1.5859,0.2283,0.2866,0.2152,0.2715,-0.0128,-0.1875,0.0044,0.0236,1.0576,-0.0651,1.5913,0.000233,-0.0002,0.0
8.06,FLIGHT,0.9827,1.5872,0.2137,0.2698,0.2008,0.2548,-0.0128,-0.1874,0.0039,0.0223,1.0576,-0.0654,1.5919,0.000232,-0.0002,0.0
8.065,FLIGHT,0.9837,1.5885,0.1994,0.2531,0.1867,0.2382,-0.0128,-0.1873,0.0034,0.0209,1.0575,-0.0655,1.5926,0.000231,-0.0002,0.0
8.07,FLIGHT,0.9846,1.5896,0.1853,0.2366,0.1728,0.2219,-0.0127,-0.1872,0.003,0.0196,1.0574,-0.0657,1.5932,0.000231,-0.0002,0.0
8.075,FLIGHT,0.9854,1.5907,0.1715,0.2203,0.1593,0.2059,-0.0127,-0.1871,0.0026,0.0183,1.0573,-0.0658,1.5938,0.00023,-0.0002,0.0
8.08,FLIGHT,0.9862,1.5917,0.158,0.2043,0.1461,0.1901,-0.0127,-0.187,0.0022,0.0169,1.0571,-0.0658,1.5943,0.000229,-0.0002,0.0
8.085,FLIGHT,0.9869,1.5926,0.1449,0.1886,0.1332,0.1746,-0.0127,-0.1869,0.0018,0.0157,1.0569,-0.0659,1.5948,0.000228,-0.0002,0.0
8.09,FLIGHT,0.9875,1.5934,0.1321,0.1731,0.1208,0.1594,-0.0127,-0.1869,0.0015,0.0144,1.0567,-0.0658,1.5953,0.000227,-0.0002,0.0
8.095,FLIGHT,0.9881,1.5942,0.1196,0.158,0.1086,0.1446,-0.0127,-0.1868,0.0012,0.0132,1.0565,-0.0658,1.5958,0.000226,-0.0002,0.0
8.1,FLIGHT,0.9886,1.5949,0.1076,0.1433,0.0969,0.1302,-0.0127,-0.1868,0.0009,0.0119,1.0562,-0.0657,1.5962,0.000225,-0.0002,0.0
8.105,FLIGHT,0.9891,1.5955,0.0959,0.1289,0.0856,0.1162,-0.0127,-0.1867,0.0006,0.0108,1.0559,-0.0656,1.5966,0.000224,-0.0002,0.0
8.11,FLIGHT,0.9895,1.596,0.0846,0.1149,0.0748,0.1026,-0.0127,-0.1867,0.0004,0.0096,1.0555,-0.0655,1.5969,0.000223,-0.0002,0.0
8.115,FLIGHT,0.9898,1.5965,0.0738,0.1014,0.0643,0.0894,-0.0127,-0.1866,0.0002,0.0085,1.0552,-0.0653,1.5973,0.000222,-0.0002,0.0
8.12,FLIGHT,0.9901,1.5969,0.0634,0.0883,0.0543,0.0767,-0.0127,-0.1866,0.0,0.0074,1.0548,-0.0652,1.5976,0.000222,-0.0002,0.0
8.125,FLIGHT,0.9904,1.5973,0.0535,0.0756,0.0447,0.0645,-0.0127,-0.1865,-0.0002,0.0063,1.0543,-0.065,1.5978,0.000221,-0.0002,0.0
8.13,FLIGHT,0.9906,1.5976,0.0439,0.0634,0.0356,0.0527,-0.0127,-0.1865,-0.0003,0.0053,1.0539,-0.0647,1.5981,0.00022,-0.0002,0.0
8.135,FLIGHT,0.9907,1.5978,0.0349,0.0517,0.0269,0.0414,-0.0127,-0.1865,-0.0004,0.0044,1.0534,-0.0645,1.5983,0.000219,-0.0002,0.0
8.14,FLIGHT,0.9908,1.598,0.0262,0.0404,0.0187,0.0305,-0.0127,-0.1865,-0.0005,0.0034,1.0529,-0.0643,1.5985,0.000218,-0.0002,0.0
8.145,FLIGHT,0.9909,1.5981,0.0181,0.0296,0.011,0.0202,-0.0127,-0.1865,-0.0006,0.0025,1.0524,-0.064,1.5987,0.000217,-0.0002,0.0
8.15,FLIGHT,0.991,1.5982,0.0104,0.0194,0.0036,0.0104,-0.0127,-0.1865,-0.0007,0.0017,1.0518,-0.0637,1.5988,0.000217,-0.0001,0.0
8.155,FLIGHT,0.991,1.5982,0.0031,0.0096,-0.0032,0.001,-0.0127,-0.1865,-0.0007,0.0009,1.0512,-0.0634,1.5989,0.000216,-0.0001,0.0
8.16,FLIGHT,0.9909,1.5982,-0.0037,0.0003,-0.0096,-0.0078,-0.0127,-0.1865,-0.0007,0.0001,1.0506,-0.0631,1.599,0.000215,-0.0001,0.0
8.165,FLIGHT,0.9909,1.5981,-0.0101,-0.0085,-0.0156,-0.0161,-0.0127,-0.1865,-0.0008,-0.0007,1.05,-0.0628,1.5991,0.000215,-0.0001,0.0
8.17,FLIGHT,0.9908,1.598,-0.0161,-0.0168,-0.0212,-0.024,-0.0127,-0.1865,-0.0007,-0.0014,1.0494,-0.0625,1.5992,0.000214,-0.0001,0.0
8.175,FLIGHT,0.9906,1.5979,-0.0216,-0.0246,-0.0263,-0.0313,-0.0127,-0.1865,-0.0007,-0.002,1.0487,-0.0621,1.5992,0.000213,-0.0001,0.0
8.18,FLIGHT,0.9905,1.5977,-0.0267,-0.0319,-0.031,-0.0382,-0.0127,-0.1865,-0.0007,-0.0026,1.048,-0.0618,1.5993,0.000213,-0.0001,0.0
8.185,FLIGHT,0.9903,1.5975,-0.0313,-0.0387,-0.0353,-0.0446,-0.0127,-0.1865,-0.0007,-0.0032,1.0473,-0.0615,1.5993,0.000212,-0.0001,0.0
8.19,FLIGHT,0.9901,1.5973,-0.0356,-0.045,-0.0393,-0.0505,-0.0127,-0.1865,-0.0006,-0.0037,1.0465,-0.0611,1.5993,0.000212,-0.0001,0.0
8.195,FLIGHT,0.9899,1.597,-0.0395,-0.0509,-0.0428,-0.056,-0.0127,-0.1866,-0.0005,-0.0042,1.0458,-0.0608,1.5993,0.000211,-0.0001,0.0
8.2,FLIGHT,0.9897,1.5967,-0.043,-0.0563,-0.0459,-0.061,-0.0127,-0.1866,-0.0005,-0.0047,1.045,-0.0605,1.5992,0.000211,-0.0001,0.0
8.205,FLIGHT,0.9895,1.5964,-0.0461,-0.0613,-0.0487,-0.0655,-0.0127,-0.1866,-0.0004,-0.0051,1.0442,-0.0601,1.5992,0.00021,-0.0001,0.0
8.21,FLIGHT,0.9892,1.5961,-0.0488,-0.0658,-0.0511,-0.0696,-0.0127,-0.1866,-0.0003,-0.0055,1.0434,-0.0598,1.5991,0.00021,-0.0001,0.0
8.215,FLIGHT,0.989,1.5957,-0.0512,-0.0698,-0.0532,-0.0733,-0.0127,-0.1867,-0.0002,-0.0058,1.0425,-0.0595,1.5991,0.000209,-0.0001,0.0
8.22,FLIGHT,0.9887,1.5953,-0.0533,-0.0735,-0.055,-0.0766,-0.0127,-0.1867,-0.0001,-0.0061,1.0417,-0.0592,1.599,0.000209,-0.0001,0.0
8.225,FLIGHT,0.9884,1.5949,-0.055,-0.0767,-0.0564,-0.0794,-0.0127,-0.1867,0.0,-0.0064,1.0408,-0.0589,1.5989,0.000209,-0.0001,0.0
8.23,FLIGHT,0.9881,1.5945,-0.0564,-0.0795,-0.0576,-0.0819,-0.0127,-0.1868,0.0001,-0.0067,1.0399,-0.0585,1.5988,0.000208,-0.0001,0.0
8.235,FLIGHT,0.9879,1.5941,-0.0575,-0.082,-0.0584,-0.084,-0.0127,-0.1868,0.0002,-0.0069,1.039,-0.0582,1.5987,0.000208,-0.0001,0.0
8.24,FLIGHT,0.9876,1.5937,-0.0584,-0.084,-0.059,-0.0857,-0.0127,-0.1868,0.0004,-0.0071,1.0381,-0.0579,1.5986,0.000208,-0.0,0.0
8.245,FLIGHT,0.9873,1.5933,-0.0589,-0.0857,-0.0593,-0.0871,-0.0127,-0.1869,0.0005,-0.0072,1.0371,-0.0577,1.5985,0.000208,-0.0,0.0
8.25,FLIGHT,0.987,1.5928,-0.0592,-0.0871,-0.0594,-0.0881,-0.0127,-0.1869,0.0006,-0.0073,1.0362,-0.0574,1.5983,0.000207,-0.0,0.0
8.255,FLIGHT,0.9867,1.5924,-0.0593,-0.0881,-0.0592,-0.0889,-0.0127,-0.187,0.0007,-0.0074,1.0352,-0.0571,1.5982,0.000207,-0.0,0.0
8.26,FLIGHT,0.9864,1.5919,-0.0591,-0.0888,-0.0588,-0.0893,-0.0127,-0.187,0.0009,-0.0075,1.0342,-0.0568,1.5981,0.000207,-0.0,0.0
8.265,FLIGHT,0.9861,1.5915,-0.0587,-0.0892,-0.0582,-0.0894,-0.0127,-0.187,0.001,-0.0075,1.0332,-0.0566,1.598,0.000207,-0.0,0.0
8.27,FLIGHT,0.9858,1.591,-0.0581,-0.0893,-0.0575,-0.0893,-0.0127,-0.1871,0.0011,-0.0075,1.0322,-0.0564,1.5978,0.000207,-0.0,0.0
8.275,FLIGHT,0.9855,1.5906,-0.0573,-0.0891,-0.0565,-0.0889,-0.0127,-0.1871,0.0012,-0.0075,1.0311,-0.0561,1.5977,0.000207,-0.0,0.0
8.28,FLIGHT,0.9852,1.5901,-0.0563,-0.0887,-0.0554,-0.0882,-0.0127,-0.1871,0.0014,-0.0075,1.0301,-0.0559,1.5975,0.000207,-0.0,0.0
8.285,FLIGHT,0.985,1.5897,-0.0552,-0.088,-0.0541,-0.0873,-0.0127,-0.1872,0.0015,-0.0075,1.029,-0.0557,1.5974,0.000207,-0.0,0.0
8.29,FLIGHT,0.9847,1.5893,-0.0539,-0.0871,-0.0527,-0.0862,-0.0127,-0.1872,0.0016,-0.0074,1.028,-0.0555,1.5973,0.000207,-0.0,0.0
8.295,FLIGHT,0.9844,1.5888,-0.0525,-0.086,-0.0511,-0.0849,-0.0127,-0.1873,0.0017,-0.0073,1.0269,-0.0553,1.5971,0.000207,0.0,0.0
8.3,FLIGHT,0.9842,1.5884,-0.0509,-0.0847,-0.0495,-0.0834,-0.0127,-0.1873,0.0018,-0.0072,1.0258,-0.0551,1.597,0.000207,0.0,0.0
8.305,FLIGHT,0.9839,1.588,-0.0492,-0.0832,-0.0477,-0.0817,-0.0127,-0.1873,0.0019,-0.0071,1.0246,-0.055,1.5968,0.000207,0.0,0.0
8.31,FLIGHT,0.9837,1.5876,-0.0475,-0.0815,-0.0458,-0.0799,-0.0126,-0.1874,0.002,-0.0069,1.0235,-0.0548,1.5967,0.000207,0.0,0.0
8.315,FLIGHT,0.9835,1.5872,-0.0456,-0.0796,-0.0439,-0.0779,-0.0126,-0.1874,0.0021,-0.0068,1.0224,-0.0547,1.5966,0.000207,0.0,0.0
8.32,FLIGHT,0.9833,1.5868,-0.0437,-0.0776,-0.0419,-0.0758,-0.0126,-0.1874,0.0022,-0.0066,1.0212,-0.0545,1.5964,0.000207,0.0,0.0
8.325,FLIGHT,0.9831,1.5865,-0.0416,-0.0755,-0.0398,-0.0735,-0.0126,-0.1875,0.0023,-0.0065,1.0201,-0.0544,1.5963,0.000207,0.0,0.0
8.33,FLIGHT,0.9829,1.5861,-0.0396,-0.0733,-0.0377,-0.0712,-0.0126,-0.1875,0.0024,-0.0063,1.0189,-0.0543,1.5962,0.000207,0.0,0.0
8.335,FLIGHT,0.9827,1.5857,-0.0375,-0.0709,-0.0355,-0.0687,-0.0126,-0.1875,0.0025,-0.0061,1.0177,-0.0542,1.596,0.000207,0.0,0.0
8.34,FLIGHT,0.9825,1.5854,-0.0353,-0.0685,-0.0334,-0.0662,-0.0126,-0.1875,0.0026,-0.0059,1.0165,-0.0541,1.5959,0.000207,0.0,0.0
8.345,FLIGHT,0.9823,1.5851,-0.0331,-0.0659,-0.0312,-0.0636,-0.0126,-0.1876,0.0026,-0.0057,1.0153,-0.054,1.5958,0.000207,0.0,0.0
8.35,FLIGHT,0.9822,1.5848,-0.0309,-0.0633,-0.0289,-0.061,-0.0125,-0.1876,0.0027,-0.0055,1.0141,-0.0539,1.5957,0.000208,0.0,0.0
8.355,FLIGHT,0.9821,1.5845,-0.0287,-0.0607,-0.0267,-0.0582,-0.0125,-0.1876,0.0028,-0.0052,1.0128,-0.0539,1.5956,0.000208,0.0,0.0
8.36,FLIGHT,0.9819,1.5842,-0.0265,-0.0579,-0.0245,-0.0555,-0.0125,-0.1877,0.0028,-0.005,1.0116,-0.0538,1.5955,0.000208,0.0,0.0
8.365,FLIGHT,0.9818,1.5839,-0.0243,-0.0552,-0.0223,-0.0527,-0.0125,-0.1877,0.0029,-0.0048,1.0103,-0.0538,1.5954,0.000208,0.0,0.0
8.37,FLIGHT,0.9817,1.5837,-0.022,-0.0524,-0.0201,-0.0499,-0.0125,-0.1877,0.0029,-0.0046,1.0091,-0.0538,1.5953,0.000208,0.0,0.0
8.375,FLIGHT,0.9816,1.5834,-0.0199,-0.0496,-0.0179,-0.0471,-0.0125,-0.1877,0.0029,-0.0043,1.0078,-0.0537,1.5952,0.000209,0.0,0.0
8.38,FLIGHT,0.9815,1.5832,-0.0177,-0.0468,-0.0158,-0.0443,-0.0125,-0.1877,0.003,-0.0041,1.0065,-0.0537,1.5951,0.000209,0.0,0.0
8.385,FLIGHT,0.9815,1.583,-0.0156,-0.044,-0.0137,-0.0415,-0.0124,-0.1878,0.003,-0.0039,1.0052,-0.0537,1.595,0.000209,0.0,0.0
8.39,FLIGHT,0.9814,1.5828,-0.0135,-0.0412,-0.0116,-0.0387,-0.0124,-0.1878,0.003,-0.0036,1.0039,-0.0537,1.595,0.000209,0.0,0.0
8.395,FLIGHT,0.9813,1.5826,-0.0114,-0.0384,-0.0096,-0.0359,-0.0124,-0.1878,0.003,-0.0034,1.0026,-0.0537,1.5949,0.000209,0.0,0.0
8.4,FLIGHT,0.9813,1.5824,-0.0094,-0.0356,-0.0076,-0.0331,-0.0124,-0.1878,0.003,-0.0032,1.0013,-0.0537,1.5948,0.00021,0.0,0.0
8.405,FLIGHT,0.9813,1.5823,-0.0074,-0.0328,-0.0057,-0.0304,-0.0124,-0.1878,0.003,-0.0029,0.9999,-0.0537,1.5948,0.00021,0.0,0.0
8.41,STANCE,0.9825,1.5831,0.207,0.1185,0.6897,0.1722,-0.0123,-0.1878,0.0229,0.0084,0.9989,0.0818,-0.4259,-0.001,-0.5194,0.1049
8.415,STANCE,0.9869,1.5815,0.652,-0.2175,0.5065,-0.3765,-0.0112,-0.188,0.1519,-0.0272,0.998,-0.2564,-0.9112,-0.003586,-0.3404,0.0717
8.42,STANCE,0.9875,1.5818,0.2595,-0.0031,-0.0431,0.2498,-0.0112,-0.1879,0.0492,-0.0032,0.9979,-0.3512,-1.6094,-0.004536,-0.0941,0.0234
8.425,STANCE,0.9879,1.5822,0.1584,0.0269,0.2736,-0.1946,-0.0111,-0.1879,0.0261,0.0007,0.9982,-0.5932,-2.1458,-0.004775,-0.0128,0.0073
8.43,STANCE,0.9904,1.5789,0.413,-0.5038,0.5666,-1.6203,-0.0102,-0.1882,0.1461,-0.0498,0.9983,-0.9938,-2.2707,-0.004693,0.0834,0.0047
8.435,STANCE,0.9942,1.5694,0.6761,-1.4444,0.8578,-2.2728,-0.0082,-0.1891,0.3254,-0.1336,0.9983,-1.3917,-1.9794,-0.004195,0.1298,0.0042
8.44,STANCE,0.9986,1.5564,0.8314,-2.2434,0.8032,-3.123,-0.0056,-0.1903,0.4685,-0.1982,0.9982,-1.6827,-1.5108,-0.00341,0.2084,0.0034
8.445,STANCE,1.004,1.5419,1.0281,-2.6846,1.3774,-2.8896,-0.0025,-0.1915,0.5728,-0.2268,0.9984,-1.8779,-0.9951,-0.002674,0.0637,0.0027
8.45,STANCE,1.0114,1.527,1.327,-2.9101,1.2437,-3.4083,0.001,-0.1928,0.6685,-0.2326,0.9986,-1.9763,-0.4312,-0.002494,0.0856,0.0025
8.455,STANCE,1.0177,1.5105,1.2884,-3.1389,1.254,-3.1157,0.0046,-0.194,0.7008,-0.2362,0.999,-1.7704,0.1921,-0.002159,0.0499,0.0022
8.46,STANCE,1.0224,1.4944,1.0489,-3.1766,0.9317,-2.9338,0.0078,-0.1952,0.666,-0.2272,0.9993,-1.3324,0.7157,-0.001675,0.0758,0.0017
8.465,STANCE,1.0257,1.4795,0.7696,-3.0226,0.5102,-2.8638,0.0106,-0.1963,0.5939,-0.2078,0.9998,-0.8014,1.079,-0.001099,0.1289,0.0011
8.47,STANCE,1.0277,1.4656,0.5031,-2.8503,0.3442,-2.6462,0.0131,-0.1972,0.52,-0.1905,1.0003,-0.3209,1.3073,-0.000395,0.138,0.0004
8.475,STANCE,1.0289,1.4523,0.3214,-2.7177,0.1883,-2.6436,0.0153,-0.1981,0.4676,-0.1771,1.0008,-0.0828,1.3833,0.000327,0.1256,0.0
8.48,FLIGHT,1.0289,1.4403,0.0757,-2.4581,-0.3741,-1.8918,0.0171,-0.1989,0.3824,-0.1589,1.0015,-1.2869,2.5733,0.000816,0.0735,0.0
8.485,FLIGHT,1.0249,1.4337,-0.5753,-1.6164,-1.234,-0.7537,0.0172,-0.1994,0.127,-0.1147,1.0024,-1.1007,2.4138,0.001088,0.0379,0.0
8.49,FLIGHT,1.0169,1.4324,-1.2999,-0.6576,-1.9128,0.1635,0.0159,-0.1996,-0.1614,-0.0639,1.0036,-0.824,2.1851,0.001214,0.0141,0.0
8.495,FLIGHT,1.0061,1.4349,-1.9044,0.168,-2.3653,0.8146,0.0133,-0.1996,-0.4051,-0.014,1.0049,-0.542,1.9551,0.001243,-0.0015,0.0003
8.5,FLIGHT,0.9936,1.4401,-2.3195,0.7748,-2.6022,1.2151,0.0101,-0.1994,-0.5765,0.0312,1.0064,-0.2948,1.7552,0.001208,-0.0115,0.0023
8.505,FLIGHT,0.9804,1.4467,-2.5409,1.1573,-2.6589,1.4069,0.0065,-0.1991,-0.6743,0.0684,1.008,-0.0972,1.5971,0.001134,-0.0174,0.0035
8.51,FLIGHT,0.9673,1.4539,-2.5944,1.3456,-2.5777,1.4397,0.0028,-0.1986,-0.7091,0.0953,1.0096,0.0493,1.4815,0.001039,-0.0205,0.0041
8.515,FLIGHT,0.9548,1.4609,-2.5166,1.3825,-2.3995,1.361,-0.0007,-0.198,-0.6955,0.111,1.0112,0.1501,1.404,0.000933,-0.0216,0.0043
8.52,FLIGHT,0.9434,1.4674,-2.3452,1.3117,-2.1599,1.2119,-0.0038,-0.1975,-0.6483,0.116,1.0127,0.2128,1.3582,0.000825,-0.0214,0.0043
8.525,FLIGHT,0.9333,1.473,-2.1133,1.1718,-1.8872,1.0255,-0.0066,-0.197,-0.5802,0.1122,1.0142,0.2456,1.3371,0.000721,-0.0202,0.004
8.53,FLIGHT,0.9245,1.4776,-1.8485,0.9946,-1.6033,0.8269,-0.009,-0.1965,-0.5012,0.1018,1.0156,0.2558,1.3343,0.000623,-0.0186,0.0037
8.535,FLIGHT,0.9172,1.4813,-1.5719,0.8044,-1.3239,0.634,-0.0109,-0.1961,-0.4191,0.0873,1.017,0.2499,1.3442,0.000535,-0.0166,0.0033
8.54,FLIGHT,0.9113,1.484,-1.2991,0.6189,-1.0598,0.4585,-0.0125,-0.1958,-0.3392,0.0709,1.0183,0.2333,1.3621,0.000458,-0.0145,0.0029
8.545,FLIGHT,0.9066,1.4859,-1.0405,0.4496,-0.8176,0.3077,-0.0136,-0.1956,-0.2649,0.0543,1.0195,0.2101,1.3847,0.000391,-0.0124,0.0025
8.55,FLIGHT,0.9031,1.4871,-0.803,0.3037,-0.601,0.1847,-0.0145,-0.1954,-0.1982,0.0389,1.0207,0.1834,1.409,0.000334,-0.0103,0.0021
8.555,FLIGHT,0.9005,1.4878,-0.5902,0.1846,-0.4111,0.0903,-0.0151,-0.1953,-0.1403,0.0256,1.0219,0.1557,1.4333,0.000287,-0.0085,0.0017
8.56,FLIGHT,0.8989,1.4881,-0.4033,0.0931,-0.2476,0.0232,-0.0154,-0.1953,-0.0914,0.0147,1.023,0.1287,1.4563,0.000249,-0.0067,0.0013
8.565,FLIGHT,0.898,1.4881,-0.2421,0.028,-0.1089,-0.0189,-0.0156,-0.1953,-0.0511,0.0063,1.0241,0.1033,1.4771,0.000219,-0.0052,0.001
8.57,FLIGHT,0.8978,1.4879,-0.1052,-0.0128,0.0072,-0.0393,-0.0156,-0.1953,-0.0188,0.0005,1.0251,0.0804,1.4953,0.000197,-0.0039,0.0008
8.575,FLIGHT,0.8981,1.4877,0.0096,-0.0324,0.1032,-0.0414,-0.0156,-0.1953,0.0063,-0.0031,1.0262,0.0602,1.5108,0.00018,-0.0028,0.0006
8.58,FLIGHT,0.8988,1.4875,0.1047,-0.0341,0.1819,-0.0286,-0.0154,-0.1953,0.0251,-0.0047,1.0272,0.0428,1.5236,0.000169,-0.0018,0.0004
8.585,FLIGHT,0.8998,1.4874,0.1827,-0.0212,0.2458,-0.0042,-0.0152,-0.1954,0.0386,-0.0047,1.0282,0.0282,1.5339,0.000162,-0.0011,0.0002
8.59,FLIGHT,0.9012,1.4875,0.2463,0.003,0.2974,0.0288,-0.0149,-0.1954,0.0477,-0.0034,1.0292,0.0161,1.542,0.000158,-0.0004,0.0001
8.595,FLIGHT,0.9028,1.4877,0.2977,0.0356,0.339,0.0677,-0.0146,-0.1954,0.0533,-0.0012,1.0301,0.0063,1.5482,0.000157,0.0,0.0
8.6,FLIGHT,0.9046,1.4882,0.3392,0.074,0.3725,0.1103,-0.0144,-0.1954,0.0562,0.0018,1.0311,-0.0015,1.5527,0.000158,0.0004,0.0
8.605,FLIGHT,0.9065,1.4888,0.3726,0.116,0.3995,0.1546,-0.0141,-0.1953,0.057,0.0052,1.0321,-0.0076,1.5559,0.00016,0.0006,0.0
8.61,FLIGHT,0.9086,1.4897,0.3997,0.1597,0.4214,0.1993,-0.0138,-0.1953,0.0563,0.0088,1.033,-0.0123,1.5581,0.000164,0.0008,0.0
8.615,FLIGHT,0.9107,1.4908,0.4217,0.2038,0.4394,0.243,-0.0135,-0.1952,0.0545,0.0125,1.034,-0.016,1.5595,0.000169,0.0009,0.0
8.62,FLIGHT,0.913,1.4921,0.4397,0.2469,0.4543,0.2849,-0.0133,-0.1951,0.0521,0.0162,1.0349,-0.0188,1.5603,0.000173,0.001,0.0
8.625,FLIGHT,0.9153,1.4937,0.4546,0.2883,0.4668,0.3243,-0.013,-0.195,0.0493,0.0198,1.0359,-0.021,1.5607,0.000178,0.001,0.0
8.63,FLIGHT,0.9176,1.4954,0.4671,0.3273,0.4774,0.3609,-0.0128,-0.1949,0.0464,0.0232,1.0368,-0.0227,1.5608,0.000183,0.001,0.0
8.635,FLIGHT,0.92,1.4973,0.4777,0.3634,0.4864,0.3944,-0.0126,-0.1948,0.0434,0.0263,1.0377,-0.0241,1.5608,0.000188,0.001,0.0
8.64,FLIGHT,0.9225,1.4993,0.4867,0.3964,0.4941,0.4246,-0.0124,-0.1946,0.0405,0.0292,1.0386,-0.0253,1.5608,0.000193,0.0009,0.0
8.645,FLIGHT,0.925,1.5015,0.4944,0.4262,0.5007,0.4515,-0.0122,-0.1944,0.0379,0.0318,1.0395,-0.0264,1.5608,0.000197,0.0009,0.0
8.65,FLIGHT,0.9275,1.5038,0.5009,0.4528,0.5062,0.4751,-0.012,-0.1943,0.0354,0.0342,1.0404,-0.0275,1.5609,0.000201,0.0008,0.0
8.655,FLIGHT,0.93,1.5063,0.5063,0.4761,0.5107,0.4956,-0.0119,-0.1941,0.0332,0.0363,1.0412,-0.0286,1.5611,0.000205,0.0007,0.0
8.66,FLIGHT,0.9326,1.5088,0.5107,0.4964,0.5142,0.5132,-0.0117,-0.1939,0.0312,0.0381,1.0421,-0.0297,1.5613,0.000209,0.0007,0.0
8.665,FLIGHT,0.9352,1.5114,0.5142,0.5137,0.5168,0.5278,-0.0116,-0.1937,0.0294,0.0397,1.0429,-0.0308,1.5617,0.000212,0.0006,0.0
8.67,FLIGHT,0.9378,1.5141,0.5166,0.5281,0.5184,0.5398,-0.0114,-0.1935,0.0278,0.041,1.0438,-0.032,1.5623,0.000215,0.0006,0.0
8.675,FLIGHT,0.9404,1.5168,0.5181,0.5399,0.5189,0.5494,-0.0113,-0.1933,0.0263,0.0421,1.0446,-0.0332,1.5629,0.000217,0.0005,0.0
8.68,FLIGHT,0.943,1.5195,0.5185,0.5493,0.5185,0.5566,-0.0112,-0.1931,0.025,0.043,1.0454,-0.0345,1.5636,0.00022,0.0004,0.0
8.685,FLIGHT,0.9455,1.5223,0.5179,0.5563,0.517,0.5616,-0.0111,-0.1928,0.0239,0.0437,1.0461,-0.0359,1.5645,0.000222,0.0004,0.0
8.69,FLIGHT,0.9481,1.5252,0.5164,0.5612,0.5145,0.5646,-0.0109,-0.1926,0.0228,0.0443,1.0469,-0.0372,1.5654,0.000224,0.0004,0.0
8.695,FLIGHT,0.9507,1.528,0.5138,0.5641,0.511,0.5658,-0.0108,-0.1924,0.0218,0.0446,1.0476,-0.0386,1.5663,0.000225,0.0003,0.0
8.7,FLIGHT,0.9532,1.5308,0.5101,0.5652,0.5065,0.5653,-0.0107,-0.1922,0.0208,0.0448,1.0483,-0.04,1.5674,0.000227,0.0003,0.0
8.705,FLIGHT,0.9557,1.5336,0.5056,0.5645,0.501,0.5632,-0.0106,-0.1919,0.0199,0.0449,1.049,-0.0414,1.5685,0.000228,0.0002,0.0
8.71,FLIGHT,0.9582,1.5364,0.5,0.5623,0.4946,0.5597,-0.0105,-0.1917,0.0191,0.0448,1.0496,-0.0428,1.5696,0.000229,0.0002,0.0
8.715,FLIGHT,0.9607,1.5392,0.4935,0.5587,0.4873,0.5548,-0.0105,-0.1915,0.0182,0.0446,1.0503,-0.0441,1.5707,0.00023,0.0002,0.0
8.72,FLIGHT,0.9631,1.542,0.4861,0.5537,0.4791,0.5486,-0.0104,-0.1913,0.0174,0.0443,1.0509,-0.0455,1.5719,0.000231,0.0002,0.0
8.725,FLIGHT,0.9655,1.5447,0.4779,0.5474,0.4702,0.5413,-0.0103,-0.1911,0.0166,0.0439,1.0515,-0.0468,1.573,0.000232,0.0001,0.0
8.73,FLIGHT,0.9678,1.5474,0.4689,0.54,0.4604,0.5329,-0.0102,-0.1908,0.0158,0.0434,1.052,-0.048,1.5742,0.000232,0.0001,0.0
8.735,FLIGHT,0.9701,1.55,0.4591,0.5316,0.45,0.5235,-0.0101,-0.1906,0.015,0.0428,1.0526,-0.0492,1.5754,0.000233,0.0001,0.0
8.74,FLIGHT,0.9723,1.5526,0.4486,0.5221,0.439,0.5132,-0.0101,-0.1904,0.0142,0.0422,1.0531,-0.0504,1.5765,0.000233,0.0001,0.0
8.745,FLIGHT,0.9745,1.5552,0.4375,0.5118,0.4273,0.5021,-0.01,-0.1902,0.0135,0.0414,1.0536,-0.0515,1.5776,0.000233,0.0,0.0
8.75,FLIGHT,0.9766,1.5577,0.4258,0.5006,0.4151,0.4902,-0.0099,-0.19,0.0127,0.0406,1.054,-0.0526,1.5788,0.000234,0.0,0.0
8.755,FLIGHT,0.9786,1.5601,0.4136,0.4887,0.4025,0.4777,-0.0099,-0.1898,0.0119,0.0397,1.0544,-0.0536,1.5798,0.000234,-0.0,0.0
8.76,FLIGHT,0.9806,1.5624,0.401,0.4761,0.3894,0.4645,-0.0098,-0.1896,0.0112,0.0387,1.0548,-0.0545,1.5809,0.000234,-0.0,0.0
8.765,FLIGHT,0.9825,1.5647,0.3879,0.4629,0.376,0.4508,-0.0098,-0.1894,0.0105,0.0377,1.0552,-0.0554,1.582,0.000233,-0.0,0.0
8.77,FLIGHT,0.9844,1.5669,0.3744,0.4491,0.3623,0.4365,-0.0097,-0.1893,0.0097,0.0366,1.0555,-0.0563,1.583,0.000233,-0.0001,0.0
8.775,FLIGHT,0.9861,1.5691,0.3607,0.4348,0.3483,0.4219,-0.0097,-0.1891,0.009,0.0355,1.0558,-0.0571,1.584,0.000233,-0.0001,0.0
8.78,FLIGHT,0.9878,1.5712,0.3467,0.4202,0.3341,0.4068,-0.0096,-0.1889,0.0083,0.0344,1.0561,-0.0578,1.585,0.000232,-0.0001,0.0
8.785,FLIGHT,0.9895,1.5732,0.3326,0.4051,0.3198,0.3915,-0.0096,-0.1887,0.0077,0.0332,1.0563,-0.0585,1.5859,0.000232,-0.0001,0.0
8.79,FLIGHT,0.991,1.5751,0.3183,0.3898,0.3054,0.3759,-0.0096,-0.1886,0.007,0.032,1.0565,-0.0591,1.5868,0.000232,-0.0001,0.0
8.795,FLIGHT,0.9925,1.5769,0.3039,0.3741,0.2909,0.3601,-0.0095,-0.1884,0.0064,0.0307,1.0567,-0.0596,1.5877,0.000231,-0.0001,0.0
8.8,FLIGHT,0.994,1.5787,0.2894,0.3583,0.2765,0.3441,-0.0095,-0.1883,0.0058,0.0295,1.0569,-0.0601,1.5885,0.00023,-0.0001,0.0
8.805,FLIGHT,0.9953,1.5804,0.275,0.3424,0.262,0.328,-0.0095,-0.1882,0.0052,0.0282,1.057,-0.0606,1.5893,0.00023,-0.0001,0.0
8.81,FLIGHT,0.9966,1.5819,0.2605,0.3263,0.2476,0.3119,-0.0095,-0.188,0.0046,0.0269,1.0571,-0.061,1.5901,0.000229,-0.0001,0.0
8.815,FLIGHT,0.9978,1.5835,0.2462,0.3102,0.2334,0.2957,-0.0094,-0.1879,0.0041,0.0256,1.0571,-0.0614,1.5909,0.000228,-0.0002,0.0
8.82,FLIGHT,0.9989,1.5849,0.2319,0.2941,0.2192,0.2796,-0.0094,-0.1878,0.0036,0.0243,1.0571,-0.0617,1.5916,0.000227,-0.0002,0.0
8.825,FLIGHT,1.0,1.5863,0.2178,0.278,0.2053,0.2636,-0.0094,-0.1877,0.0031,0.023,1.0571,-0.062,1.5923,0.000227,-0.0002,0.0
8.83,FLIGHT,1.001,1.5875,0.2039,0.262,0.1915,0.2477,-0.0094,-0.1876,0.0027,0.0217,1.0571,-0.0622,1.5929,0.000226,-0.0002,0.0
8.835,FLIGHT,1.0019,1.5887,0.1902,0.2461,0.178,0.2319,-0.0094,-0.1875,0.0022,0.0204,1.057,-0.0624,1.5936,0.000225,-0.0002,0.0
8.84,FLIGHT,1.0027,1.5899,0.1767,0.2304,0.1647,0.2164,-0.0094,-0.1874,0.0018,0.0191,1.0569,-0.0625,1.5942,0.000224,-0.0002,0.0
8.845,FLIGHT,1.0035,1.5909,0.1635,0.2148,0.1518,0.201,-0.0094,-0.1873,0.0015,0.0179,1.0568,-0.0626,1.5947,0.000223,-0.0002,0.0
8.85,FLIGHT,1.0043,1.5919,0.1505,0.1995,0.1391,0.1859,-0.0094,-0.1872,0.0011,0.0166,1.0566,-0.0627,1.5952,0.000222,-0.0002,0.0
8.855,FLIGHT,1.0049,1.5928,0.1379,0.1845,0.1267,0.1711,-0.0094,-0.1871,0.0008,0.0154,1.0564,-0.0627,1.5957,0.000222,-0.0002,0.0
8.86,FLIGHT,1.0055,1.5936,0.1256,0.1697,0.1147,0.1566,-0.0094,-0.1871,0.0005,0.0142,1.0562,-0.0628,1.5962,0.000221,-0.0002,0.0
8.865,FLIGHT,1.0061,1.5943,0.1136,0.1552,0.1031,0.1424,-0.0094,-0.187,0.0002,0.013,1.0559,-0.0627,1.5966,0.00022,-0.0002,0.0
8.87,FLIGHT,1.0066,1.595,0.102,0.1411,0.0918,0.1286,-0.0094,-0.1869,-0.0001,0.0118,1.0556,-0.0627,1.597,0.000219,-0.0002,0.0
8.875,FLIGHT,1.007,1.5956,0.0908,0.1273,0.0809,0.1151,-0.0094,-0.1869,-0.0003,0.0107,1.0553,-0.0626,1.5974,0.000218,-0.0002,0.0
8.88,FLIGHT,1.0074,1.5962,0.08,0.1139,0.0704,0.102,-0.0094,-0.1868,-0.0005,0.0096,1.055,-0.0625,1.5978,0.000217,-0.0002,0.0
8.885,FLIGHT,1.0077,1.5966,0.0695,0.1009,0.0604,0.0894,-0.0094,-0.1868,-0.0007,0.0085,1.0546,-0.0623,1.5981,0.000216,-0.0002,0.0
8.89,FLIGHT,1.008,1.5971,0.0595,0.0883,0.0507,0.0771,-0.0094,-0.1868,-0.0009,0.0074,1.0542,-0.0622,1.5984,0.000215,-0.0002,0.0
8.895,FLIGHT,1.0082,1.5974,0.0499,0.0761,0.0414,0.0653,-0.0094,-0.1867,-0.001,0.0064,1.0537,-0.062,1.5987,0.000215,-0.0002,0.0
8.9,FLIGHT,1.0084,1.5977,0.0407,0.0643,0.0326,0.054,-0.0094,-0.1867,-0.0011,0.0054,1.0533,-0.0618,1.5989,0.000214,-0.0002,0.0
8.905,FLIGHT,1.0085,1.598,0.0319,0.053,0.0242,0.0431,-0.0094,-0.1867,-0.0012,0.0045,1.0528,-0.0616,1.5991,0.000213,-0.0002,0.0
8.91,FLIGHT,1.0086,1.5981,0.0235,0.0421,0.0162,0.0326,-0.0094,-0.1867,-0.0013,0.0036,1.0523,-0.0613,1.5993,0.000212,-0.0001,0.0
8.915,FLIGHT,1.0087,1.5983,0.0156,0.0317,0.0087,0.0226,-0.0094,-0.1867,-0.0014,0.0027,1.0518,-0.0611,1.5995,0.000212,-0.0001,0.0
8.92,FLIGHT,1.0087,1.5984,0.0081,0.0218,0.0016,0.0131,-0.0094,-0.1867,-0.0014,0.0019,1.0512,-0.0608,1.5996,0.000211,-0.0001,0.0
8.925,FLIGHT,1.0087,1.5984,0.001,0.0123,-0.0051,0.0041,-0.0094,-0.1866,-0.0015,0.0011,1.0506,-0.0606,1.5998,0.00021,-0.0001,0.0
8.93,FLIGHT,1.0087,1.5984,-0.0056,0.0033,-0.0114,-0.0045,-0.0094,-0.1866,-0.0015,0.0004,1.05,-0.0603,1.5999,0.000209,-0.0001,0.0
8.935,FLIGHT,1.0086,1.5984,-0.0118,-0.0052,-0.0172,-0.0126,-0.0094,-0.1867,-0.0015,-0.0004,1.0494,-0.06,1.5999,0.000209,-0.0001,0.0
8.94,FLIGHT,1.0085,1.5983,-0.0176,-0.0133,-0.0226,-0.0203,-0.0094,-0.1867,-0.0015,-0.001,1.0487,-0.0597,1.6,0.000208,-0.0001,0.0
8.945,FLIGHT,1.0084,1.5982,-0.023,-0.0208,-0.0277,-0.0274,-0.0095,-0.1867,-0.0015,-0.0017,1.048,-0.0594,1.6001,0.000208,-0.0001,0.0
8.95,FLIGHT,1.0082,1.598,-0.028,-0.028,-0.0323,-0.0341,-0.0095,-0.1867,-0.0014,-0.0023,1.0473,-0.0591,1.6001,0.000207,-0.0001,0.0
8.955,FLIGHT,1.008,1.5978,-0.0326,-0.0346,-0.0366,-0.0404,-0.0095,-0.1867,-0.0014,-0.0028,1.0466,-0.0588,1.6001,0.000207,-0.0001,0.0
8.96,FLIGHT,1.0079,1.5976,-0.0368,-0.0408,-0.0404,-0.0462,-0.0095,-0.1867,-0.0013,-0.0034,1.0459,-0.0585,1.6001,0.000206,-0.0001,0.0
8.965,FLIGHT,1.0076,1.5974,-0.0407,-0.0466,-0.0439,-0.0515,-0.0095,-0.1867,-0.0013,-0.0038,1.0451,-0.0582,1.6001,0.000206,-0.0001,0.0
8.97,FLIGHT,1.0074,1.5971,-0.0441,-0.0519,-0.047,-0.0564,-0.0095,-0.1868,-0.0012,-0.0043,1.0443,-0.0578,1.6001,0.000205,-0.0001,0.0
8.975,FLIGHT,1.0072,1.5968,-0.0472,-0.0567,-0.0498,-0.0609,-0.0095,-0.1868,-0.0011,-0.0047,1.0435,-0.0575,1.6,0.000205,-0.0001,0.0
8.98,FLIGHT,1.0069,1.5965,-0.05,-0.0612,-0.0523,-0.065,-0.0095,-0.1868,-0.001,-0.0051,1.0427,-0.0572,1.6,0.000204,-0.0001,0.0
8.985,FLIGHT,1.0067,1.5962,-0.0524,-0.0652,-0.0544,-0.0686,-0.0095,-0.1868,-0.0009,-0.0054,1.0418,-0.0569,1.5999,0.000204,-0.0001,0.0
8.99,FLIGHT,1.0064,1.5958,-0.0545,-0.0688,-0.0562,-0.0719,-0.0095,-0.1869,-0.0008,-0.0057,1.041,-0.0566,1.5998,0.000204,-0.0001,0.0
8.995,FLIGHT,1.0061,1.5954,-0.0562,-0.0721,-0.0577,-0.0748,-0.0095,-0.1869,-0.0007,-0.006,1.0401,-0.0563,1.5998,0.000203,-0.0001,0.0
9.0,FLIGHT,1.0058,1.5951,-0.0577,-0.0749,-0.0589,-0.0773,-0.0095,-0.1869,-0.0006,-0.0062,1.0392,-0.056,1.5997,0.000203,-0.0001,0.0
9.005,FLIGHT,1.0055,1.5947,-0.0589,-0.0774,-0.0598,-0.0794,-0.0095,-0.187,-0.0005,-0.0064,1.0383,-0.0557,1.5996,0.000203,-0.0001,0.0
9.01,FLIGHT,1.0052,1.5943,-0.0598,-0.0795,-0.0605,-0.0812,-0.0095,-0.187,-0.0004,-0.0066,1.0374,-0.0555,1.5995,0.000202,-0.0,0.0
9.015,FLIGHT,1.0049,1.5938,-0.0604,-0.0812,-0.0609,-0.0827,-0.0095,-0.187,-0.0003,-0.0068,1.0364,-0.0552,1.5993,0.000202,-0.0,0.0
9.02,FLIGHT,1.0046,1.5934,-0.0608,-0.0827,-0.0611,-0.0838,-0.0095,-0.1871,-0.0002,-0.0069,1.0354,-0.0549,1.5992,0.000202,-0.0,0.0
9.025,FLIGHT,1.0043,1.593,-0.061,-0.0838,-0.061,-0.0846,-0.0095,-0.1871,-0.0001,-0.007,1.0345,-0.0547,1.5991,0.000202,-0.0,0.0
9.03,FLIGHT,1.004,1.5926,-0.0609,-0.0846,-0.0608,-0.0851,-0.0095,-0.1871,0.0001,-0.0071,1.0335,-0.0544,1.599,0.000202,-0.0,0.0
9.035,FLIGHT,1.0037,1.5922,-0.0606,-0.0851,-0.0603,-0.0854,-0.0095,-0.1872,0.0002,-0.0071,1.0325,-0.0542,1.5989,0.000202,-0.0,0.0
9.04,FLIGHT,1.0034,1.5917,-0.0601,-0.0853,-0.0596,-0.0854,-0.0095,-0.1872,0.0003,-0.0071,1.0314,-0.054,1.5987,0.000201,-0.0,0.0
9.045,FLIGHT,1.0031,1.5913,-0.0595,-0.0853,-0.0588,-0.0851,-0.0095,-0.1872,0.0004,-0.0071,1.0304,-0.0537,1.5986,0.000201,-0.0,0.0
9.05,FLIGHT,1.0028,1.5909,-0.0586,-0.085,-0.0578,-0.0846,-0.0095,-0.1873,0.0005,-0.0071,1.0293,-0.0535,1.5984,0.000201,-0.0,0.0
9.055,FLIGHT,1.0025,1.5905,-0.0576,-0.0844,-0.0567,-0.0838,-0.0095,-0.1873,0.0007,-0.0071,1.0283,-0.0533,1.5983,0.000201,-0.0,0.0
9.06,FLIGHT,1.0022,1.59,-0.0565,-0.0837,-0.0554,-0.0829,-0.0095,-0.1873,0.0008,-0.007,1.0272,-0.0531,1.5982,0.000201,-0.0,0.0
9.065,FLIGHT,1.002,1.5896,-0.0552,-0.0827,-0.054,-0.0817,-0.0095,-0.1874,0.0009,-0.0069,1.0261,-0.053,1.598,0.000201,0.0,0.0
9.07,FLIGHT,1.0017,1.5892,-0.0538,-0.0815,-0.0525,-0.0804,-0.0095,-0.1874,0.001,-0.0069,1.025,-0.0528,1.5979,0.000201,0.0,0.0
9.075,FLIGHT,1.0014,1.5888,-0.0523,-0.0802,-0.0508,-0.0789,-0.0095,-0.1874,0.0011,-0.0067,1.0239,-0.0526,1.5978,0.000201,0.0,0.0
9.08,FLIGHT,1.0012,1.5884,-0.0506,-0.0787,-0.0491,-0.0772,-0.0095,-0.1875,0.0012,-0.0066,1.0227,-0.0525,1.5976,0.000201,0.0,0.0
9.085,FLIGHT,1.0009,1.5881,-0.0489,-0.077,-0.0473,-0.0754,-0.0095,-0.1875,0.0013,-0.0065,1.0216,-0.0523,1.5975,0.000201,0.0,0.0
9.09,FLIGHT,1.0007,1.5877,-0.0471,-0.0752,-0.0455,-0.0735,-0.0095,-0.1875,0.0014,-0.0063,1.0204,-0.0522,1.5974,0.000201,0.0,0.0
9.095,FLIGHT,1.0005,1.5873,-0.0452,-0.0732,-0.0435,-0.0714,-0.0095,-0.1876,0.0015,-0.0062,1.0192,-0.0521,1.5972,0.000202,0.0,0.0
9.1,FLIGHT,1.0003,1.587,-0.0433,-0.0711,-0.0416,-0.0692,-0.0095,-0.1876,0.0015,-0.006,1.0181,-0.052,1.5971,0.000202,0.0,0.0
9.105,FLIGHT,1.0001,1.5866,-0.0413,-0.069,-0.0395,-0.067,-0.0094,-0.1876,0.0016,-0.0058,1.0169,-0.0519,1.597,0.000202,0.0,0.0
9.11,FLIGHT,0.9999,1.5863,-0.0393,-0.0667,-0.0375,-0.0646,-0.0094,-0.1877,0.0017,-0.0056,1.0157,-0.0518,1.5969,0.000202,0.0,0.0
9.115,FLIGHT,0.9997,1.586,-0.0373,-0.0643,-0.0354,-0.0622,-0.0094,-0.1877,0.0017,-0.0055,1.0145,-0.0517,1.5967,0.000202,0.0,0.0
9.12,FLIGHT,0.9995,1.5857,-0.0352,-0.0619,-0.0333,-0.0597,-0.0094,-0.1877,0.0018,-0.0053,1.0132,-0.0517,1.5966,0.000202,0.0,0.0
9.125,FLIGHT,0.9994,1.5854,-0.0331,-0.0594,-0.0312,-0.0572,-0.0094,-0.1877,0.0019,-0.005,1.012,-0.0516,1.5965,0.000202,0.0,0.0
9.13,FLIGHT,0.9992,1.5851,-0.031,-0.0569,-0.0291,-0.0546,-0.0094,-0.1878,0.0019,-0.0048,1.0107,-0.0515,1.5964,0.000202,0.0,0.0
9.135,FLIGHT,0.9991,1.5848,-0.0289,-0.0543,-0.027,-0.052,-0.0094,-0.1878,0.002,-0.0046,1.0095,-0.0515,1.5963,0.000203,0.0,0.0
9.14,FLIGHT,0.9989,1.5846,-0.0268,-0.0517,-0.0249,-0.0493,-0.0094,-0.1878,0.002,-0.0044,1.0082,-0.0515,1.5962,0.000203,0.0,0.0
9.145,FLIGHT,0.9988,1.5843,-0.0247,-0.0491,-0.0229,-0.0467,-0.0094,-0.1878,0.002,-0.0042,1.0069,-0.0514,1.5961,0.000203,0.0,0.0
9.15,FLIGHT,0.9987,1.5841,-0.0227,-0.0464,-0.0208,-0.044,-0.0094,-0.1878,0.002,-0.004,1.0056,-0.0514,1.596,0.000203,0.0,0.0
9.155,FLIGHT,0.9986,1.5839,-0.0206,-0.0438,-0.0188,-0.0414,-0.0093,-0.1879,0.0021,-0.0037,1.0043,-0.0514,1.596,0.000203,0.0,0.0
9.16,FLIGHT,0.9985,1.5837,-0.0186,-0.0411,-0.0169,-0.0387,-0.0093,-0.1879,0.0021,-0.0035,1.003,-0.0514,1.5959,0.000204,0.0,0.0
9.165,FLIGHT,0.9984,1.5835,-0.0167,-0.0385,-0.0149,-0.0361,-0.0093,-0.1879,0.0021,-0.0033,1.0017,-0.0514,1.5958,0.000204,0.0,0.0
9.17,FLIGHT,0.9984,1.5833,-0.0147,-0.0358,-0.013,-0.0335,-0.0093,-0.1879,0.0021,-0.0031,1.0004,-0.0514,1.5957,0.000204,0.0,0.0
9.175,STANCE,0.9986,1.5836,0.04,0.0385,0.2657,0.3447,-0.0093,-0.1879,0.0023,0.0031,0.9992,0.1115,-0.1558,-8.5e-05,-0.2887,0.0578
9.18,STANCE,1.0024,1.584,0.573,0.0185,0.9674,-0.416,-0.0086,-0.1879,0.1051,-0.0033,0.9983,-0.2124,-0.7403,-0.002326,-0.4524,0.0928
9.185,STANCE,1.0042,1.5837,0.3803,0.0059,0.0614,0.1781,-0.0083,-0.1879,0.0707,-0.0026,0.9981,-0.3878,-1.3387,-0.003509,-0.1069,0.0249
9.19,STANCE,1.0047,1.5843,0.1987,0.0679,0.214,-0.0535,-0.0083,-0.1879,0.0281,0.0044,0.9982,-0.6189,-1.9111,-0.003774,-0.0129,0.0064
9.195,STANCE,1.0067,1.5825,0.3705,-0.2608,0.6323,-0.7011,-0.0076,-0.1881,0.1053,-0.026,0.9985,-1.0101,-2.1782,-0.003713,0.033,0.0037
9.2,STANCE,1.01,1.5751,0.5845,-1.114,0.8444,-1.6209,-0.006,-0.1887,0.2637,-0.1007,0.9984,-1.413,-2.0093,-0.003267,0.0963,0.0033
9.205,STANCE,1.0141,1.5644,0.7465,-1.8351,0.7182,-2.6957,-0.0037,-0.1897,0.3966,-0.1592,0.9984,-1.7366,-1.6665,-0.002563,0.1935,0.0026
9.21,STANCE,1.019,1.5522,0.9399,-2.2147,1.2574,-2.4057,-0.0011,-0.1907,0.4902,-0.1846,0.9986,-1.9639,-1.2644,-0.001946,0.0451,0.0019
9.215,STANCE,1.0253,1.5386,1.1414,-2.6135,1.1463,-3.1038,0.002,-0.1918,0.5901,-0.2069,0.9988,-2.0608,-0.6963,-0.001724,0.0719,0.0017
9.22,STANCE,1.0313,1.5234,1.1665,-2.9075,1.0151,-3.1872,0.0053,-0.193,0.6428,-0.2177,0.9991,-1.9214,-0.0823,-0.001474,0.0781,0.0015
9.225,STANCE,1.0361,1.5082,0.9983,-3.0028,0.8406,-2.9311,0.0085,-0.1941,0.6297,-0.2142,0.9994,-1.5406,0.4595,-0.001104,0.0764,0.0011
9.23,STANCE,1.0392,1.4936,0.7304,-2.9364,0.4551,-2.8629,0.0112,-0.1951,0.5727,-0.2019,0.9998,-1.0117,0.8806,-0.000591,0.1209,0.0006
9.235,STANCE,1.0411,1.4799,0.4818,-2.7866,0.2591,-2.6869,0.0136,-0.1961,0.5057,-0.1865,1.0002,-0.4888,1.1632,1.7e-05,0.1308,0.0
9.24,STANCE,1.0419,1.4665,0.2669,-2.7127,0.1273,-2.6557,0.0157,-0.197,0.4555,-0.1779,1.0007,-0.1245,1.3303,0.000542,0.0809,0.0
9.245,FLIGHT,1.0423,1.4533,0.1333,-2.6506,-0.0961,-2.4093,0.0178,-0.1978,0.4225,-0.1703,1.0012,-1.3171,2.6075,0.000847,0.0439,0.0
9.25,FLIGHT,1.0396,1.4443,-0.3844,-2.0087,-1.0043,-1.2117,0.0186,-0.1985,0.2247,-0.1361,1.0019,-1.2099,2.5104,0.001005,0.0206,0.0
9.255,FLIGHT,1.0325,1.4409,-1.1188,-1.0523,-1.7765,-0.1858,0.0177,-0.1988,-0.065,-0.0879,1.0029,-0.9542,2.2965,0.001066,0.0052,0.0
9.26,FLIGHT,1.0222,1.442,-1.7934,-0.1503,-2.329,0.5799,0.0155,-0.1989,-0.3344,-0.0377,1.0041,-0.6641,2.0581,0.001065,-0.005,0.001
9.265,FLIGHT,1.0096,1.4463,-2.2948,0.5536,-2.6542,1.0803,0.0123,-0.1988,-0.538,0.0098,1.0055,-0.3962,1.84,0.001023,-0.0115,0.0023
9.27,FLIGHT,0.996,1.4524,-2.5965,1.0265,-2.7802,1.3499,0.0087,-0.1985,-0.6657,0.0511,1.0069,-0.1744,1.661,0.000955,-0.0154,0.0031
9.275,FLIGHT,0.9821,1.4594,-2.7148,1.2873,-2.7483,1.4371,0.0049,-0.1981,-0.7242,0.083,1.0085,-0.0046,1.5256,0.000872,-0.0174,0.0035
9.28,FLIGHT,0.9687,1.4666,-2.6841,1.3761,-2.6012,1.3919,0.0013,-0.1976,-0.7275,0.1037,1.01,0.1162,1.4313,0.000783,-0.0181,0.0036
9.285,FLIGHT,0.9562,1.4732,-2.5427,1.3377,-2.3776,1.259,-0.0021,-0.1971,-0.6906,0.1132,1.0115,0.1951,1.372,0.000693,-0.0178,0.0036
9.29,FLIGHT,0.945,1.4791,-2.3266,1.2138,-2.1091,1.0756,-0.0052,-0.1965,-0.6276,0.1128,1.0129,0.2401,1.3408,0.000606,-0.0168,0.0034
9.295,FLIGHT,0.9352,1.4839,-2.0662,1.0399,-1.8208,0.8706,-0.0078,-0.1961,-0.5498,0.1045,1.0143,0.2593,1.3309,0.000526,-0.0154,0.0031
9.3,FLIGHT,0.9268,1.4878,-1.7856,0.8439,-1.531,0.6651,-0.01,-0.1957,-0.4659,0.091,1.0156,0.2594,1.3363,0.000452,-0.0138,0.0028
9.305,FLIGHT,0.9198,1.4906,-1.5029,0.6464,-1.2529,0.4736,-0.0117,-0.1953,-0.3823,0.0745,1.0169,0.2465,1.3518,0.000387,-0.0121,0.0024
9.31,FLIGHT,0.9142,1.4925,-1.2308,0.4618,-0.9947,0.3053,-0.0131,-0.1951,-0.3032,0.0572,1.0181,0.2252,1.3734,0.000331,-0.0104,0.0021
9.315,FLIGHT,0.9098,1.4937,-0.9778,0.2992,-0.7614,0.1651,-0.0141,-0.1949,-0.2313,0.0407,1.0192,0.1991,1.3979,0.000283,-0.0087,0.0017
9.32,FLIGHT,0.9066,1.4943,-0.7488,0.1634,-0.5552,0.0546,-0.0148,-0.1948,-0.1681,0.0258,1.0204,0.171,1.4231,0.000243,-0.0071,0.0014
9.325,FLIGHT,0.9042,1.4943,-0.546,0.0563,-0.3763,-0.0267,-0.0153,-0.1948,-0.114,0.0134,1.0214,0.1428,1.4474,0.000211,-0.0057,0.0011
9.33,FLIGHT,0.9028,1.494,-0.3698,-0.0225,-0.2236,-0.0809,-0.0155,-0.1948,-0.069,0.0037,1.0224,0.116,1.4697,0.000187,-0.0043,0.0009
9.335,FLIGHT,0.902,1.4935,-0.2191,-0.075,-0.0951,-0.111,-0.0156,-0.1948,-0.0325,-0.0034,1.0235,0.0915,1.4895,0.000168,-0.0032,0.0006
9.34,FLIGHT,0.9018,1.493,-0.0921,-0.104,0.0118,-0.1204,-0.0156,-0.1949,-0.0039,-0.008,1.0244,0.0696,1.5066,0.000155,-0.0022,0.0004
9.345,FLIGHT,0.9021,1.4924,0.0137,-0.1128,0.0997,-0.1128,-0.0154,-0.1949,0.0179,-0.0105,1.0254,0.0506,1.5208,0.000146,-0.0013,0.0003
9.35,FLIGHT,0.9027,1.4918,0.1009,-0.1051,0.1715,-0.0917,-0.0152,-0.195,0.0339,-0.0111,1.0264,0.0346,1.5323,0.000141,-0.0006,0.0001
9.355,FLIGHT,0.9037,1.4915,0.1722,-0.084,0.2297,-0.0602,-0.015,-0.1951,0.045,-0.0102,1.0273,0.0213,1.5414,0.000139,-0.0001,0.0
9.36,FLIGHT,0.905,1.4913,0.2301,-0.053,0.2767,-0.0215,-0.0147,-0.1951,0.0521,-0.0082,1.0282,0.0104,1.5484,0.00014,0.0003,0.0
9.365,FLIGHT,0.9065,1.4913,0.277,-0.0147,0.3148,0.0221,-0.0144,-0.1951,0.056,-0.0053,1.0292,0.0017,1.5535,0.000142,0.0007,0.0
9.37,FLIGHT,0.9082,1.4915,0.315,0.0284,0.3456,0.0684,-0.0141,-0.1951,0.0576,-0.0019,1.0301,-0.0051,1.5571,0.000146,0.0009,0.0
9.375,FLIGHT,0.9099,1.4919,0.3459,0.0741,0.3708,0.1157,-0.0138,-0.1951,0.0574,0.0019,1.031,-0.0103,1.5596,0.000151,0.001,0.0
9.38,FLIGHT,0.9119,1.4926,0.3712,0.1207,0.3916,0.1625,-0.0135,-0.1951,0.0559,0.0058,1.0319,-0.0143,1.5611,0.000157,0.0011,0.0
9.385,FLIGHT,0.9139,1.4936,0.392,0.167,0.409,0.208,-0.0133,-0.195,0.0537,0.0097,1.0328,-0.0174,1.562,0.000162,0.0012,0.0
9.39,FLIGHT,0.9159,1.4947,0.4095,0.2119,0.4238,0.2512,-0.013,-0.1949,0.0509,0.0136,1.0337,-0.0197,1.5623,0.000168,0.0012,0.0
9.395,FLIGHT,0.9181,1.4961,0.4242,0.2546,0.4365,0.2917,-0.0128,-0.1948,0.0479,0.0172,1.0346,-0.0215,1.5624,0.000174,0.0011,0.0
9.4,FLIGHT,0.9203,1.4976,0.437,0.2946,0.4476,0.329,-0.0126,-0.1947,0.0449,0.0207,1.0354,-0.0229,1.5623,0.000179,0.0011,0.0
9.405,FLIGHT,0.9226,1.4994,0.448,0.3315,0.4573,0.3631,-0.0124,-0.1946,0.0419,0.0239,1.0363,-0.024,1.5621,0.000185,0.001,0.0
9.41,FLIGHT,0.9249,1.5013,0.4577,0.3652,0.4658,0.3939,-0.0122,-0.1945,0.0391,0.0269,1.0372,-0.0251,1.5619,0.00019,0.001,0.0
9.415,FLIGHT,0.9272,1.5033,0.4662,0.3956,0.4734,0.4213,-0.012,-0.1943,0.0365,0.0295,1.038,-0.0261,1.5617,0.000194,0.0009,0.0
9.42,FLIGHT,0.9296,1.5055,0.4737,0.4227,0.4799,0.4455,-0.0118,-0.1941,0.0342,0.0319,1.0388,-0.027,1.5617,0.000199,0.0008,0.0
9.425,FLIGHT,0.932,1.5077,0.4801,0.4466,0.4855,0.4666,-0.0117,-0.194,0.0321,0.034,1.0397,-0.028,1.5618,0.000203,0.0007,0.0
9.43,FLIGHT,0.9345,1.5101,0.4856,0.4674,0.4901,0.4847,-0.0115,-0.1938,0.0302,0.0359,1.0405,-0.0291,1.562,0.000206,0.0007,0.0
9.435,FLIGHT,0.9369,1.5126,0.4901,0.4853,0.4937,0.5,-0.0114,-0.1936,0.0285,0.0375,1.0413,-0.0302,1.5624,0.000209,0.0006,0.0
9.44,FLIGHT,0.9394,1.5151,0.4936,0.5004,0.4964,0.5127,-0.0113,-0.1934,0.0271,0.0389,1.042,-0.0313,1.5628,0.000212,0.0006,0.0
9.445,FLIGHT,0.9419,1.5177,0.4962,0.5129,0.498,0.523,-0.0111,-0.1932,0.0257,0.04,1.0428,-0.0326,1.5634,0.000215,0.0005,0.0
9.45,FLIGHT,0.9444,1.5203,0.4977,0.523,0.4986,0.531,-0.011,-0.193,0.0245,0.041,1.0435,-0.0338,1.5641,0.000217,0.0005,0.0
9.455,FLIGHT,0.9469,1.523,0.4982,0.5308,0.4981,0.5369,-0.0109,-0.1928,0.0235,0.0417,1.0442,-0.0352,1.5649,0.000219,0.0004,0.0
9.46,FLIGHT,0.9494,1.5257,0.4976,0.5366,0.4966,0.5409,-0.0108,-0.1926,0.0225,0.0423,1.045,-0.0365,1.5658,0.000221,0.0004,0.0
9.465,FLIGHT,0.9518,1.5284,0.496,0.5404,0.4941,0.543,-0.0107,-0.1924,0.0216,0.0427,1.0456,-0.0379,1.5668,0.000223,0.0003,0.0
9.47,FLIGHT,0.9543,1.5311,0.4933,0.5424,0.4905,0.5435,-0.0106,-0.1921,0.0207,0.043,1.0463,-0.0393,1.5678,0.000225,0.0003,0.0
9.475,FLIGHT,0.9567,1.5339,0.4897,0.5428,0.486,0.5424,-0.0105,-0.1919,0.0198,0.0431,1.0469,-0.0407,1.5688,0.000226,0.0003,0.0
9.48,FLIGHT,0.9591,1.5366,0.4851,0.5416,0.4805,0.5399,-0.0104,-0.1917,0.019,0.0432,1.0476,-0.0421,1.5699,0.000227,0.0002,0.0
9.485,FLIGHT,0.9615,1.5392,0.4795,0.539,0.4741,0.536,-0.0103,-0.1915,0.0182,0.043,1.0481,-0.0434,1.571,0.000228,0.0002,0.0
9.49,FLIGHT,0.9639,1.5419,0.473,0.535,0.4668,0.5309,-0.0102,-0.1913,0.0174,0.0428,1.0487,-0.0447,1.5721,0.000229,0.0002,0.0
9.495,FLIGHT,0.9662,1.5446,0.4656,0.5298,0.4587,0.5246,-0.0101,-0.1911,0.0167,0.0425,1.0493,-0.046,1.5732,0.00023,0.0001,0.0
9.5,FLIGHT,0.9685,1.5472,0.4574,0.5234,0.4498,0.5172,-0.0101,-0.1909,0.0159,0.0421,1.0498,-0.0473,1.5744,0.000231,0.0001,0.0
9.505,FLIGHT,0.9707,1.5497,0.4485,0.516,0.4402,0.5089,-0.01,-0.1907,0.0151,0.0416,1.0503,-0.0485,1.5755,0.000231,0.0001,0.0
9.51,FLIGHT,0.9729,1.5522,0.4388,0.5076,0.4299,0.4996,-0.0099,-0.1905,0.0143,0.041,1.0507,-0.0497,1.5766,0.000232,0.0001,0.0
9.515,FLIGHT,0.975,1.5547,0.4285,0.4982,0.419,0.4895,-0.0098,-0.1903,0.0136,0.0403,1.0512,-0.0508,1.5777,0.000232,0.0001,0.0
9.52,FLIGHT,0.9771,1.5571,0.4176,0.4881,0.4076,0.4786,-0.0098,-0.1901,0.0128,0.0395,1.0516,-0.0518,1.5788,0.000232,0.0,0.0
9.525,FLIGHT,0.9791,1.5595,0.4062,0.4771,0.3957,0.467,-0.0097,-0.1899,0.0121,0.0387,1.052,-0.0528,1.5798,0.000232,0.0,0.0
9.53,FLIGHT,0.981,1.5618,0.3943,0.4655,0.3834,0.4548,-0.0097,-0.1897,0.0113,0.0378,1.0523,-0.0538,1.5809,0.000232,-0.0,0.0
9.535,FLIGHT,0.9829,1.5641,0.3819,0.4532,0.3707,0.442,-0.0096,-0.1895,0.0106,0.0369,1.0527,-0.0547,1.5819,0.000232,-0.0,0.0
9.54,FLIGHT,0.9847,1.5662,0.3692,0.4404,0.3576,0.4286,-0.0096,-0.1893,0.0099,0.0359,1.053,-0.0555,1.5829,0.000232,-0.0,0.0
9.545,FLIGHT,0.9865,1.5683,0.3561,0.427,0.3443,0.4148,-0.0095,-0.1891,0.0092,0.0349,1.0532,-0.0563,1.5839,0.000232,-0.0001,0.0
9.55,FLIGHT,0.9882,1.5704,0.3428,0.4132,0.3308,0.4007,-0.0095,-0.189,0.0085,0.0338,1.0535,-0.057,1.5848,0.000231,-0.0001,0.0
9.555,FLIGHT,0.9898,1.5723,0.3293,0.399,0.3171,0.3861,-0.0094,-0.1888,0.0079,0.0327,1.0537,-0.0577,1.5857,0.000231,-0.0001,0.0
9.56,FLIGHT,0.9913,1.5742,0.3156,0.3845,0.3033,0.3713,-0.0094,-0.1887,0.0072,0.0315,1.0539,-0.0583,1.5866,0.000231,-0.0001,0.0
9.565,FLIGHT,0.9928,1.5761,0.3018,0.3696,0.2894,0.3562,-0.0094,-0.1885,0.0066,0.0304,1.054,-0.0589,1.5875,0.00023,-0.0001,0.0
9.57,FLIGHT,0.9942,1.5778,0.2879,0.3546,0.2754,0.341,-0.0093,-0.1884,0.006,0.0292,1.0541,-0.0594,1.5883,0.000229,-0.0001,0.0
9.575,FLIGHT,0.9956,1.5795,0.274,0.3393,0.2615,0.3256,-0.0093,-0.1882,0.0054,0.0279,1.0542,-0.0599,1.5891,0.000229,-0.0001,0.0
9.58,FLIGHT,0.9968,1.5811,0.2601,0.324,0.2476,0.3102,-0.0093,-0.1881,0.0049,0.0267,1.0543,-0.0603,1.5899,0.000228,-0.0001,0.0
9.585,FLIGHT,0.9981,1.5826,0.2462,0.3085,0.2338,0.2947,-0.0093,-0.188,0.0043,0.0255,1.0543,-0.0607,1.5906,0.000228,-0.0001,0.0
9.59,FLIGHT,0.9992,1.584,0.2324,0.293,0.2201,0.2792,-0.0093,-0.1879,0.0038,0.0242,1.0543,-0.061,1.5913,0.000227,-0.0001,0.0
9.595,FLIGHT,1.0003,1.5854,0.2188,0.2776,0.2066,0.2637,-0.0092,-0.1877,0.0034,0.023,1.0542,-0.0613,1.592,0.000226,-0.0002,0.0
9.6,FLIGHT,1.0013,1.5866,0.2053,0.2621,0.1932,0.2484,-0.0092,-0.1876,0.0029,0.0217,1.0542,-0.0616,1.5927,0.000225,-0.0002,0.0
9.605,FLIGHT,1.0022,1.5878,0.1919,0.2468,0.1801,0.2331,-0.0092,-0.1875,0.0025,0.0205,1.0541,-0.0618,1.5933,0.000225,-0.0002,0.0
9.61,FLIGHT,1.0031,1.589,0.1788,0.2316,0.1671,0.218,-0.0092,-0.1874,0.0021,0.0192,1.0539,-0.062,1.5939,0.000224,-0.0002,0.0
9.615,FLIGHT,1.0039,1.59,0.1659,0.2165,0.1545,0.2031,-0.0092,-0.1874,0.0017,0.018,1.0538,-0.0621,1.5944,0.000223,-0.0002,0.0
9.62,FLIGHT,1.0046,1.591,0.1533,0.2017,0.1421,0.1885,-0.0092,-0.1873,0.0013,0.0168,1.0536,-0.0622,1.595,0.000222,-0.0002,0.0
9.625,FLIGHT,1.0053,1.5919,0.1409,0.187,0.13,0.174,-0.0092,-0.1872,0.001,0.0156,1.0534,-0.0622,1.5955,0.000221,-0.0002,0.0
9.63,FLIGHT,1.0059,1.5927,0.1289,0.1727,0.1182,0.1599,-0.0092,-0.1871,0.0007,0.0144,1.0531,-0.0623,1.5959,0.00022,-0.0002,0.0
9.635,FLIGHT,1.0065,1.5935,0.1171,0.1586,0.1068,0.1461,-0.0092,-0.1871,0.0004,0.0132,1.0528,-0.0623,1.5964,0.00022,-0.0002,0.0
9.64,FLIGHT,1.007,1.5942,0.1058,0.1448,0.0957,0.1325,-0.0092,-0.187,0.0001,0.0121,1.0525,-0.0622,1.5968,0.000219,-0.0002,0.0
9.645,FLIGHT,1.0074,1.5948,0.0947,0.1313,0.085,0.1194,-0.0092,-0.187,-0.0001,0.011,1.0522,-0.0622,1.5972,0.000218,-0.0002,0.0
9.65,FLIGHT,1.0078,1.5954,0.084,0.1182,0.0746,0.1066,-0.0092,-0.1869,-0.0003,0.0099,1.0518,-0.0621,1.5975,0.000217,-0.0002,0.0
9.655,FLIGHT,1.0082,1.5959,0.0737,0.1054,0.0647,0.0941,-0.0092,-0.1869,-0.0005,0.0088,1.0514,-0.062,1.5979,0.000216,-0.0002,0.0
9.66,FLIGHT,1.0085,1.5963,0.0638,0.093,0.0551,0.0821,-0.0092,-0.1868,-0.0007,0.0078,1.051,-0.0618,1.5982,0.000215,-0.0002,0.0
9.665,FLIGHT,1.0087,1.5967,0.0543,0.081,0.0459,0.0705,-0.0092,-0.1868,-0.0008,0.0068,1.0505,-0.0617,1.5984,0.000215,-0.0002,0.0
9.67,FLIGHT,1.0089,1.597,0.0452,0.0695,0.0372,0.0593,-0.0092,-0.1868,-0.001,0.0059,1.0501,-0.0615,1.5987,0.000214,-0.0002,0.0
9.675,FLIGHT,1.0091,1.5973,0.0364,0.0583,0.0288,0.0485,-0.0092,-0.1867,-0.0011,0.0049,1.0496,-0.0613,1.5989,0.000213,-0.0001,0.0
9.68,FLIGHT,1.0092,1.5975,0.0281,0.0476,0.0209,0.0382,-0.0092,-0.1867,-0.0012,0.004,1.049,-0.0611,1.5991,0.000212,-0.0001,0.0
9.685,FLIGHT,1.0093,1.5977,0.0202,0.0373,0.0133,0.0283,-0.0092,-0.1867,-0.0013,0.0032,1.0485,-0.0608,1.5993,0.000212,-0.0001,0.0
9.69,FLIGHT,1.0093,1.5978,0.0127,0.0274,0.0062,0.0188,-0.0092,-0.1867,-0.0013,0.0024,1.0479,-0.0606,1.5995,0.000211,-0.0001,0.0
9.695,FLIGHT,1.0094,1.5979,0.0057,0.018,-0.0005,0.0098,-0.0092,-0.1867,-0.0014,0.0016,1.0473,-0.0604,1.5996,0.00021,-0.0001,0.0
9.7,FLIGHT,1.0093,1.5979,-0.001,0.0091,-0.0068,0.0013,-0.0092,-0.1867,-0.0014,0.0008,1.0467,-0.0601,1.5997,0.00021,-0.0001,0.0
9.705,FLIGHT,1.0093,1.5979,-0.0073,0.0006,-0.0127,-0.0068,-0.0092,-0.1867,-0.0014,0.0001,1.046,-0.0598,1.5998,0.000209,-0.0001,0.0
9.71,FLIGHT,1.0092,1.5978,-0.0131,-0.0074,-0.0182,-0.0144,-0.0093,-0.1867,-0.0014,-0.0006,1.0453,-0.0595,1.5999,0.000208,-0.0001,0.0
9.715,FLIGHT,1.0091,1.5978,-0.0186,-0.015,-0.0233,-0.0216,-0.0093,-0.1867,-0.0014,-0.0012,1.0446,-0.0593,1.5999,0.000208,-0.0001,0.0
9.72,FLIGHT,1.009,1.5976,-0.0237,-0.0222,-0.0281,-0.0284,-0.0093,-0.1867,-0.0014,-0.0018,1.0439,-0.059,1.6,0.000207,-0.0001,0.0
9.725,FLIGHT,1.0088,1.5975,-0.0284,-0.0289,-0.0324,-0.0347,-0.0093,-0.1867,-0.0014,-0.0023,1.0432,-0.0587,1.6,0.000207,-0.0001,0.0
9.73,FLIGHT,1.0087,1.5973,-0.0327,-0.0351,-0.0364,-0.0405,-0.0093,-0.1867,-0.0013,-0.0029,1.0424,-0.0584,1.6,0.000206,-0.0001,0.0
9.735,FLIGHT,1.0085,1.5971,-0.0366,-0.0409,-0.04,-0.0459,-0.0093,-0.1868,-0.0013,-0.0034,1.0416,-0.0581,1.6,0.000206,-0.0001,0.0
9.74,FLIGHT,1.0083,1.5968,-0.0402,-0.0463,-0.0432,-0.0509,-0.0093,-0.1868,-0.0012,-0.0038,1.0408,-0.0578,1.6,0.000205,-0.0001,0.0
9.745,FLIGHT,1.008,1.5966,-0.0434,-0.0513,-0.0462,-0.0555,-0.0093,-0.1868,-0.0012,-0.0042,1.04,-0.0575,1.6,0.000205,-0.0001,0.0
9.75,FLIGHT,1.0078,1.5963,-0.0463,-0.0558,-0.0487,-0.0597,-0.0093,-0.1868,-0.0011,-0.0046,1.0392,-0.0572,1.5999,0.000204,-0.0001,0.0
9.755,FLIGHT,1.0076,1.596,-0.0489,-0.0599,-0.051,-0.0635,-0.0093,-0.1869,-0.001,-0.005,1.0383,-0.0569,1.5999,0.000204,-0.0001,0.0
9.76,FLIGHT,1.0073,1.5956,-0.0511,-0.0637,-0.053,-0.0669,-0.0093,-0.1869,-0.0009,-0.0053,1.0374,-0.0566,1.5998,0.000204,-0.0001,0.0
9.765,FLIGHT,1.007,1.5953,-0.053,-0.067,-0.0546,-0.0699,-0.0093,-0.1869,-0.0008,-0.0056,1.0365,-0.0563,1.5997,0.000203,-0.0001,0.0
9.77,FLIGHT,1.0067,1.5949,-0.0547,-0.07,-0.056,-0.0725,-0.0093,-0.1869,-0.0007,-0.0058,1.0356,-0.056,1.5997,0.000203,-0.0001,0.0
9.775,FLIGHT,1.0065,1.5946,-0.056,-0.0726,-0.0571,-0.0748,-0.0093,-0.187,-0.0006,-0.006,1.0347,-0.0558,1.5996,0.000203,-0.0001,0.0
9.78,FLIGHT,1.0062,1.5942,-0.0571,-0.0749,-0.0579,-0.0767,-0.0093,-0.187,-0.0005,-0.0062,1.0338,-0.0555,1.5995,0.000203,-0.0,0.0
9.785,FLIGHT,1.0059,1.5938,-0.0579,-0.0768,-0.0585,-0.0784,-0.0093,-0.187,-0.0004,-0.0064,1.0328,-0.0552,1.5994,0.000202,-0.0,0.0
9.79,FLIGHT,1.0056,1.5934,-0.0584,-0.0784,-0.0588,-0.0796,-0.0093,-0.1871,-0.0003,-0.0065,1.0318,-0.055,1.5993,0.000202,-0.0,0.0
9.795,FLIGHT,1.0053,1.593,-0.0587,-0.0796,-0.0589,-0.0806,-0.0093,-0.1871,-0.0002,-0.0067,1.0308,-0.0547,1.5991,0.000202,-0.0,0.0
9.8,FLIGHT,1.005,1.5926,-0.0588,-0.0806,-0.0588,-0.0813,-0.0093,-0.1871,-0.0001,-0.0067,1.0298,-0.0545,1.599,0.000202,-0.0,0.0
9.805,FLIGHT,1.0047,1.5922,-0.0587,-0.0813,-0.0585,-0.0818,-0.0093,-0.1872,0.0,-0.0068,1.0288,-0.0542,1.5989,0.000202,-0.0,0.0
9.81,FLIGHT,1.0044,1.5918,-0.0584,-0.0817,-0.058,-0.0819,-0.0093,-0.1872,0.0001,-0.0068,1.0277,-0.054,1.5988,0.000202,-0.0,0.0
9.815,FLIGHT,1.0041,1.5914,-0.0579,-0.0818,-0.0574,-0.0818,-0.0093,-0.1872,0.0003,-0.0068,1.0267,-0.0538,1.5986,0.000201,-0.0,0.0
9.82,FLIGHT,1.0038,1.591,-0.0572,-0.0817,-0.0566,-0.0815,-0.0093,-0.1873,0.0004,-0.0068,1.0256,-0.0536,1.5985,0.000201,-0.0,0.0
9.825,FLIGHT,1.0036,1.5906,-0.0564,-0.0813,-0.0556,-0.0809,-0.0093,-0.1873,0.0005,-0.0068,1.0245,-0.0534,1.5984,0.000201,-0.0,0.0
9.83,FLIGHT,1.0033,1.5902,-0.0554,-0.0807,-0.0545,-0.0801,-0.0093,-0.1873,0.0006,-0.0068,1.0234,-0.0532,1.5983,0.000201,-0.0,0.0
9.835,FLIGHT,1.003,1.5898,-0.0543,-0.0799,-0.0532,-0.0791,-0.0093,-0.1874,0.0007,-0.0067,1.0223,-0.053,1.5981,0.000201,-0.0,0.0
9.84,FLIGHT,1.0028,1.5894,-0.053,-0.0789,-0.0518,-0.078,-0.0093,-0.1874,0.0008,-0.0066,1.0212,-0.0529,1.598,0.000201,0.0,0.0
9.845,FLIGHT,1.0025,1.589,-0.0516,-0.0778,-0.0504,-0.0766,-0.0093,-0.1874,0.0009,-0.0065,1.0201,-0.0527,1.5979,0.000201,0.0,0.0
9.85,FLIGHT,1.0023,1.5886,-0.0502,-0.0764,-0.0488,-0.0751,-0.0093,-0.1875,0.001,-0.0064,1.0189,-0.0526,1.5977,0.000201,0.0,0.0
9.855,FLIGHT,1.002,1.5882,-0.0486,-0.0749,-0.0471,-0.0735,-0.0093,-0.1875,0.0011,-0.0063,1.0177,-0.0524,1.5976,0.000201,0.0,0.0
9.86,FLIGHT,1.0018,1.5879,-0.0469,-0.0733,-0.0454,-0.0717,-0.0093,-0.1875,0.0011,-0.0062,1.0166,-0.0523,1.5975,0.000202,0.0,0.0
9.865,FLIGHT,1.0016,1.5875,-0.0452,-0.0715,-0.0436,-0.0698,-0.0093,-0.1876,0.0012,-0.006,1.0154,-0.0522,1.5973,0.000202,0.0,0.0
9.87,FLIGHT,1.0013,1.5872,-0.0434,-0.0696,-0.0418,-0.0678,-0.0093,-0.1876,0.0013,-0.0059,1.0142,-0.0521,1.5972,0.000202,0.0,0.0
9.875,FLIGHT,1.0011,1.5868,-0.0416,-0.0675,-0.0399,-0.0657,-0.0093,-0.1876,0.0014,-0.0057,1.013,-0.052,1.5971,0.000202,0.0,0.0
9.88,FLIGHT,1.0009,1.5865,-0.0397,-0.0654,-0.038,-0.0635,-0.0093,-0.1876,0.0014,-0.0055,1.0118,-0.0519,1.597,0.000202,0.0,0.0
9.885,FLIGHT,1.0008,1.5862,-0.0377,-0.0632,-0.036,-0.0612,-0.0093,-0.1877,0.0015,-0.0053,1.0105,-0.0518,1.5969,0.000202,0.0,0.0
9.89,FLIGHT,1.0006,1.5859,-0.0358,-0.0609,-0.034,-0.0589,-0.0092,-0.1877,0.0016,-0.0052,1.0093,-0.0517,1.5968,0.000202,0.0,0.0
9.895,FLIGHT,1.0004,1.5856,-0.0338,-0.0586,-0.032,-0.0565,-0.0092,-0.1877,0.0016,-0.005,1.008,-0.0517,1.5967,0.000202,0.0,0.0
9.9,FLIGHT,1.0003,1.5853,-0.0318,-0.0562,-0.03,-0.054,-0.0092,-0.1877,0.0017,-0.0048,1.0068,-0.0516,1.5966,0.000203,0.0,0.0
9.905,FLIGHT,1.0001,1.5851,-0.0298,-0.0537,-0.028,-0.0515,-0.0092,-0.1878,0.0017,-0.0046,1.0055,-0.0516,1.5965,0.000203,0.0,0.0
9.91,FLIGHT,1.0,1.5848,-0.0278,-0.0512,-0.026,-0.049,-0.0092,-0.1878,0.0017,-0.0044,1.0042,-0.0515,1.5964,0.000203,0.0,0.0
9.915,FLIGHT,0.9999,1.5846,-0.0258,-0.0487,-0.0241,-0.0465,-0.0092,-0.1878,0.0018,-0.0041,1.0029,-0.0515,1.5963,0.000203,0.0,0.0
9.92,FLIGHT,0.9997,1.5844,-0.0239,-0.0462,-0.0221,-0.0439,-0.0092,-0.1878,0.0018,-0.0039,1.0016,-0.0515,1.5962,0.000203,0.0,0.0
9.925,FLIGHT,0.9996,1.5841,-0.0219,-0.0437,-0.0202,-0.0414,-0.0092,-0.1879,0.0018,-0.0037,1.0003,-0.0515,1.5961,0.000203,0.0,0.0
9.93,STANCE,0.9998,1.5843,0.0336,0.0316,0.2623,0.3424,-0.0092,-0.1878,0.002,0.0025,0.9991,0.1108,-0.1549,-6.3e-05,-0.2659,0.0532
9.935,STANCE,1.0037,1.5849,0.5934,0.0489,1.1172,-0.2088,-0.0085,-0.1878,0.1048,-0.0007,0.9983,-0.225,-0.7542,-0.002185,-0.4783,0.0978
9.94,STANCE,1.0059,1.585,0.4349,0.0473,0.1121,0.1494,-0.0081,-0.1878,0.0752,0.0007,0.9981,-0.4166,-1.3571,-0.003418,-0.1096,0.0253
9.945,STANCE,1.0066,1.5853,0.2424,0.0487,0.2396,-0.0954,-0.008,-0.1878,0.0389,0.0024,0.9983,-0.6471,-1.9021,-0.003692,-0.0137,0.0064
9.95,STANCE,1.0087,1.5834,0.3856,-0.2725,0.6163,-0.6832,-0.0074,-0.188,0.1098,-0.027,0.9985,-1.0291,-2.1704,-0.003629,0.035,0.0036
9.955,STANCE,1.0118,1.5762,0.5675,-1.0894,0.8359,-1.4398,-0.0058,-0.1886,0.2571,-0.0983,0.9985,-1.4176,-2.0178,-0.003169,0.0901,0.0032
9.96,STANCE,1.0158,1.5662,0.7229,-1.7184,0.7497,-2.3703,-0.0037,-0.1895,0.3758,-0.1492,0.9984,-1.7324,-1.7191,-0.002473,0.176,0.0025
9.965,STANCE,1.0203,1.5543,0.8884,-2.157,1.2208,-2.3743,-0.0011,-0.1905,0.472,-0.18,0.9986,-1.9437,-1.2974,-0.001835,0.0408,0.0018
9.97,STANCE,1.0268,1.5411,1.1515,-2.5258,1.1513,-3.0691,0.002,-0.1916,0.5791,-0.2003,0.9988,-2.064,-0.7437,-0.001703,0.0605,0.0017
9.975,STANCE,1.0327,1.5259,1.17,-2.8763,1.1456,-3.0245,0.0053,-0.1928,0.6386,-0.2158,0.999,-1.9225,-0.1062,-0.001492,0.0399,0.0015
9.98,STANCE,1.0375,1.5105,1.0049,-3.0009,0.7722,-3.0501,0.0084,-0.1939,0.6303,-0.2144,0.9993,-1.5444,0.4493,-0.001167,0.0838,0.0012
9.985,STANCE,1.0407,1.4959,0.7455,-2.9402,0.4979,-2.8396,0.0112,-0.195,0.5758,-0.2024,0.9997,-1.0204,0.8744,-0.000717,0.1028,0.0007
9.99,STANCE,1.0426,1.4821,0.4872,-2.808,0.2882,-2.6776,0.0136,-0.1959,0.5097,-0.1882,1.0001,-0.4944,1.1657,-0.000154,0.1197,0.0002
9.995,STANCE,1.0436,1.4688,0.2828,-2.7171,0.108,-2.7023,0.0157,-0.1968,0.4591,-0.1782,1.0005,-0.135,1.3263,0.000369,0.083,0.0
10.0,FLIGHT,1.0439,1.4554,0.1233,-2.6848,-0.1176,-2.4595,0.0178,-0.1977,0.4255,-0.1728,1.0009,-1.3009,2.5972,0.000689,0.0476,0.0
10.005,FLIGHT,1.0411,1.4461,-0.3974,-2.0574,-1.0139,-1.2712,0.0186,-0.1983,0.2294,-0.1395,1.0016,-1.1954,2.5016,0.000866,0.0246,0.0
10.01,FLIGHT,1.034,1.4424,-1.1254,-1.1112,-1.7761,-0.2521,0.0178,-0.1987,-0.0574,-0.0919,1.0025,-0.9433,2.2905,0.000948,0.0089,0.0
10.015,FLIGHT,1.0237,1.4431,-1.7924,-0.2158,-2.3217,0.51,0.0156,-0.1988,-0.3242,-0.0423,1.0037,-0.657,2.055,0.000964,-0.0017,0.0003
10.02,FLIGHT,1.0112,1.447,-2.2878,0.4849,-2.6428,1.0102,0.0125,-0.1987,-0.5263,0.0047,1.005,-0.3924,1.8394,0.000937,-0.0086,0.0017
10.025,FLIGHT,0.9976,1.4528,-2.5857,0.9576,-2.7671,1.2821,0.009,-0.1985,-0.6534,0.0454,1.0064,-0.173,1.6623,0.000882,-0.0129,0.0026
10.03,FLIGHT,0.9838,1.4595,-2.7025,1.2208,-2.7353,1.3736,0.0053,-0.1981,-0.7122,0.0769,1.0079,-0.0049,1.5282,0.000811,-0.0152,0.003
10.035,FLIGHT,0.9704,1.4664,-2.6717,1.3137,-2.5894,1.3338,0.0016,-0.1976,-0.7163,0.0975,1.0094,0.1149,1.4345,0.000732,-0.0162,0.0032
10.04,FLIGHT,0.958,1.4727,-2.5314,1.2806,-2.3675,1.2071,-0.0017,-0.1971,-0.6807,0.1071,1.0108,0.1932,1.3756,0.000651,-0.0161,0.0032
10.045,FLIGHT,0.9468,1.4783,-2.3169,1.1627,-2.101,1.03,-0.0047,-0.1966,-0.6189,0.107,1.0122,0.2381,1.3444,0.000572,-0.0154,0.0031
10.05,FLIGHT,0.937,1.483,-2.0585,0.995,-1.8147,0.8312,-0.0073,-0.1962,-0.5424,0.0992,1.0136,0.2573,1.3343,0.000498,-0.0143,0.0029
10.055,FLIGHT,0.9287,1.4867,-1.7798,0.805,-1.5269,0.6315,-0.0094,-0.1958,-0.4598,0.0863,1.0149,0.2578,1.3393,0.00043,-0.0129,0.0026
10.06,FLIGHT,0.9218,1.4893,-1.4989,0.6133,-1.2503,0.4454,-0.0112,-0.1955,-0.3773,0.0705,1.0161,0.2452,1.3544,0.000369,-0.0114,0.0023
10.065,FLIGHT,0.9162,1.4911,-1.2283,0.434,-0.9935,0.282,-0.0125,-0.1953,-0.2992,0.0538,1.0173,0.2242,1.3755,0.000316,-0.0098,0.002
10.07,FLIGHT,0.9118,1.4922,-0.9766,0.2762,-0.7612,0.1461,-0.0135,-0.1951,-0.2282,0.0379,1.0184,0.1985,1.3996,0.000271,-0.0082,0.0016
10.075,FLIGHT,0.9085,1.4927,-0.7485,0.1447,-0.5557,0.0394,-0.0142,-0.195,-0.1656,0.0236,1.0195,0.1707,1.4244,0.000233,-0.0067,0.0013
10.08,FLIGHT,0.9062,1.4926,-0.5464,0.0413,-0.3772,-0.0386,-0.0147,-0.195,-0.1122,0.0117,1.0205,0.1429,1.4483,0.000203,-0.0053,0.0011
10.085,FLIGHT,0.9047,1.4923,-0.3706,-0.0342,-0.2247,-0.0899,-0.0149,-0.195,-0.0676,0.0024,1.0215,0.1164,1.4703,0.00018,-0.0041,0.0008
10.09,FLIGHT,0.9039,1.4918,-0.22,-0.0839,-0.0961,-0.1176,-0.015,-0.195,-0.0315,-0.0043,1.0225,0.0921,1.4898,0.000162,-0.003,0.0006
10.095,FLIGHT,0.9037,1.4912,-0.093,-0.1105,0.0111,-0.1249,-0.0149,-0.1951,-0.0031,-0.0086,1.0234,0.0704,1.5066,0.00015,-0.002,0.0004
10.1,FLIGHT,0.904,1.4906,0.0131,-0.1173,0.0994,-0.1155,-0.0148,-0.1951,0.0185,-0.0108,1.0244,0.0517,1.5206,0.000142,-0.0012,0.0002
10.105,FLIGHT,0.9047,1.49,0.1007,-0.1077,0.1717,-0.0929,-0.0146,-0.1952,0.0343,-0.0112,1.0253,0.0357,1.5319,0.000138,-0.0005,0.0001
10.11,FLIGHT,0.9057,1.4897,0.1725,-0.0852,0.2305,-0.0602,-0.0143,-0.1952,0.0453,-0.0101,1.0262,0.0225,1.5409,0.000136,-0.0,0.0
10.115,FLIGHT,0.9069,1.4895,0.231,-0.0528,0.2782,-0.0203,-0.0141,-0.1953,0.0523,-0.008,1.0272,0.0117,1.5478,0.000137,0.0004,0.0
10.12,FLIGHT,0.9084,1.4895,0.2786,-0.0134,0.3169,0.0243,-0.0138,-0.1953,0.0562,-0.005,1.0281,0.0031,1.5528,0.00014,0.0007,0.0
10.125,FLIGHT,0.9101,1.4897,0.3173,0.0306,0.3485,0.0714,-0.0135,-0.1953,0.0578,-0.0015,1.029,-0.0037,1.5564,0.000144,0.0009,0.0
10.13,FLIGHT,0.9119,1.4902,0.3488,0.0772,0.3743,0.1195,-0.0132,-0.1953,0.0576,0.0023,1.0299,-0.0089,1.5589,0.000149,0.0011,0.0
10.135,FLIGHT,0.9138,1.4909,0.3747,0.1246,0.3958,0.1671,-0.0129,-0.1952,0.0561,0.0062,1.0307,-0.013,1.5604,0.000155,0.0012,0.0
10.14,FLIGHT,0.9159,1.4918,0.3962,0.1716,0.4138,0.2131,-0.0127,-0.1952,0.0539,0.0102,1.0316,-0.016,1.5612,0.000161,0.0012,0.0
10.145,FLIGHT,0.918,1.493,0.4142,0.2171,0.4291,0.2569,-0.0124,-0.1951,0.0511,0.0141,1.0325,-0.0184,1.5616,0.000167,0.0012,0.0
10.15,FLIGHT,0.9201,1.4944,0.4296,0.2604,0.4423,0.298,-0.0122,-0.195,0.0481,0.0178,1.0334,-0.0202,1.5616,0.000173,0.0012,0.0
10.155,FLIGHT,0.9224,1.496,0.4428,0.3009,0.4539,0.3359,-0.0119,-0.1949,0.0451,0.0213,1.0342,-0.0217,1.5615,0.000178,0.0011,0.0
10.16,FLIGHT,0.9247,1.4978,0.4544,0.3383,0.464,0.3704,-0.0117,-0.1948,0.0422,0.0246,1.0351,-0.0229,1.5614,0.000184,0.001,0.0
10.165,FLIGHT,0.927,1.4997,0.4645,0.3725,0.473,0.4016,-0.0116,-0.1946,0.0394,0.0275,1.0359,-0.024,1.5612,0.000189,0.001,0.0
10.17,FLIGHT,0.9294,1.5018,0.4734,0.4034,0.4808,0.4295,-0.0114,-0.1945,0.0368,0.0302,1.0367,-0.025,1.5611,0.000193,0.0009,0.0
10.175,FLIGHT,0.9318,1.504,0.4811,0.4309,0.4876,0.4541,-0.0112,-0.1943,0.0344,0.0326,1.0376,-0.026,1.5611,0.000198,0.0008,0.0
10.18,FLIGHT,0.9343,1.5063,0.4879,0.4552,0.4934,0.4755,-0.011,-0.1941,0.0323,0.0348,1.0384,-0.027,1.5612,0.000202,0.0008,0.0
10.185,FLIGHT,0.9368,1.5087,0.4936,0.4763,0.4982,0.4939,-0.0109,-0.1939,0.0304,0.0367,1.0392,-0.0281,1.5614,0.000205,0.0007,0.0
10.19,FLIGHT,0.9393,1.5112,0.4983,0.4945,0.502,0.5095,-0.0108,-0.1937,0.0288,0.0383,1.0399,-0.0293,1.5618,0.000209,0.0006,0.0
10.195,FLIGHT,0.9418,1.5138,0.502,0.5099,0.5048,0.5225,-0.0106,-0.1935,0.0273,0.0397,1.0407,-0.0305,1.5623,0.000212,0.0006,0.0
10.2,FLIGHT,0.9443,1.5165,0.5046,0.5227,0.5065,0.533,-0.0105,-0.1933,0.0259,0.0408,1.0414,-0.0317,1.5629,0.000214,0.0005,0.0
10.205,FLIGHT,0.9468,1.5191,0.5062,0.533,0.5071,0.5412,-0.0104,-0.1931,0.0247,0.0418,1.0422,-0.0331,1.5637,0.000217,0.0005,0.0
10.21,FLIGHT,0.9494,1.5219,0.5067,0.5411,0.5067,0.5473,-0.0103,-0.1929,0.0236,0.0426,1.0429,-0.0344,1.5645,0.000219,0.0004,0.0
10.215,FLIGHT,0.9519,1.5246,0.5061,0.547,0.5052,0.5514,-0.0101,-0.1927,0.0226,0.0432,1.0436,-0.0358,1.5654,0.000221,0.0004,0.0
10.22,FLIGHT,0.9544,1.5274,0.5045,0.5509,0.5026,0.5536,-0.01,-0.1925,0.0216,0.0436,1.0443,-0.0372,1.5664,0.000223,0.0003,0.0
10.225,FLIGHT,0.9569,1.5302,0.5019,0.553,0.499,0.5541,-0.0099,-0.1923,0.0207,0.0439,1.0449,-0.0387,1.5674,0.000224,0.0003,0.0
10.23,FLIGHT,0.9594,1.5329,0.4982,0.5535,0.4944,0.5531,-0.0098,-0.192,0.0199,0.0441,1.0455,-0.0401,1.5685,0.000226,0.0003,0.0
10.235,FLIGHT,0.9619,1.5357,0.4934,0.5523,0.4888,0.5506,-0.0097,-0.1918,0.019,0.0441,1.0461,-0.0415,1.5696,0.000227,0.0002,0.0
10.24,FLIGHT,0.9643,1.5384,0.4878,0.5497,0.4823,0.5467,-0.0097,-0.1916,0.0182,0.044,1.0467,-0.0429,1.5707,0.000228,0.0002,0.0
10.245,FLIGHT,0.9667,1.5411,0.4812,0.5456,0.4748,0.5415,-0.0096,-0.1914,0.0174,0.0437,1.0473,-0.0442,1.5718,0.000229,0.0002,0.0
10.25,FLIGHT,0.9691,1.5438,0.4737,0.5404,0.4666,0.5351,-0.0095,-0.1912,0.0166,0.0434,1.0478,-0.0455,1.573,0.00023,0.0001,0.0
10.255,FLIGHT,0.9714,1.5465,0.4653,0.5339,0.4575,0.5277,-0.0094,-0.191,0.0158,0.043,1.0483,-0.0468,1.5741,0.00023,0.0001,0.0
10.26,FLIGHT,0.9736,1.5491,0.4562,0.5264,0.4477,0.5192,-0.0093,-0.1907,0.015,0.0424,1.0488,-0.048,1.5752,0.000231,0.0001,0.0
10.265,FLIGHT,0.9758,1.5517,0.4464,0.5179,0.4373,0.5098,-0.0093,-0.1905,0.0142,0.0418,1.0493,-0.0492,1.5764,0.000231,0.0001,0.0
10.27,FLIGHT,0.978,1.5542,0.4359,0.5084,0.4262,0.4995,-0.0092,-0.1903,0.0135,0.0411,1.0497,-0.0503,1.5775,0.000232,0.0001,0.0
10.275,FLIGHT,0.9801,1.5567,0.4248,0.498,0.4145,0.4884,-0.0091,-0.1901,0.0127,0.0404,1.0501,-0.0514,1.5786,0.000232,0.0,0.0
10.28,FLIGHT,0.9821,1.5591,0.4131,0.4869,0.4024,0.4766,-0.0091,-0.1899,0.0119,0.0395,1.0505,-0.0524,1.5797,0.000232,0.0,0.0
10.285,FLIGHT,0.9841,1.5614,0.4009,0.4751,0.3898,0.4641,-0.009,-0.1897,0.0112,0.0386,1.0508,-0.0534,1.5807,0.000232,-0.0,0.0
10.29,FLIGHT,0.986,1.5637,0.3883,0.4626,0.3769,0.4511,-0.009,-0.1896,0.0104,0.0377,1.0512,-0.0543,1.5818,0.000232,-0.0,0.0
10.295,FLIGHT,0.9879,1.566,0.3754,0.4495,0.3636,0.4375,-0.0089,-0.1894,0.0097,0.0367,1.0515,-0.0552,1.5828,0.000232,-0.0,0.0
10.3,FLIGHT,0.9897,1.5681,0.3621,0.4359,0.35,0.4235,-0.0089,-0.1892,0.009,0.0356,1.0517,-0.056,1.5838,0.000232,-0.0001,0.0
10.305,FLIGHT,0.9914,1.5702,0.3485,0.4218,0.3362,0.409,-0.0088,-0.189,0.0083,0.0345,1.0519,-0.0567,1.5848,0.000231,-0.0001,0.0
10.31,FLIGHT,0.993,1.5722,0.3347,0.4073,0.3223,0.3942,-0.0088,-0.1889,0.0076,0.0334,1.0521,-0.0574,1.5857,0.000231,-0.0001,0.0
10.315,FLIGHT,0.9946,1.5741,0.3207,0.3925,0.3082,0.3791,-0.0088,-0.1887,0.007,0.0322,1.0523,-0.0581,1.5866,0.00023,-0.0001,0.0
10.32,FLIGHT,0.9961,1.576,0.3066,0.3774,0.294,0.3637,-0.0087,-0.1886,0.0064,0.031,1.0525,-0.0586,1.5875,0.00023,-0.0001,0.0
10.325,FLIGHT,0.9976,1.5778,0.2925,0.362,0.2798,0.3482,-0.0087,-0.1884,0.0057,0.0298,1.0526,-0.0592,1.5883,0.000229,-0.0001,0.0
10.33,FLIGHT,0.9989,1.5795,0.2783,0.3465,0.2656,0.3325,-0.0087,-0.1883,0.0052,0.0286,1.0526,-0.0597,1.5892,0.000229,-0.0001,0.0
10.335,FLIGHT,1.0002,1.5811,0.2641,0.3308,0.2514,0.3167,-0.0087,-0.1881,0.0046,0.0273,1.0527,-0.0601,1.5899,0.000228,-0.0001,0.0
10.34,FLIGHT,1.0014,1.5826,0.2499,0.3151,0.2373,0.3009,-0.0086,-0.188,0.0041,0.026,1.0527,-0.0605,1.5907,0.000227,-0.0001,0.0
10.345,FLIGHT,1.0026,1.5841,0.2359,0.2993,0.2233,0.2851,-0.0086,-0.1879,0.0035,0.0248,1.0527,-0.0608,1.5914,0.000227,-0.0002,0.0
10.35,FLIGHT,1.0037,1.5855,0.2219,0.2835,0.2095,0.2694,-0.0086,-0.1878,0.0031,0.0235,1.0526,-0.0611,1.5921,0.000226,-0.0002,0.0
10.355,FLIGHT,1.0047,1.5868,0.2082,0.2678,0.1959,0.2537,-0.0086,-0.1877,0.0026,0.0222,1.0526,-0.0614,1.5928,0.000225,-0.0002,0.0
10.36,FLIGHT,1.0056,1.588,0.1945,0.2521,0.1824,0.2382,-0.0086,-0.1876,0.0022,0.0209,1.0524,-0.0616,1.5934,0.000224,-0.0002,0.0
10.365,FLIGHT,1.0065,1.5892,0.1811,0.2366,0.1693,0.2228,-0.0086,-0.1875,0.0018,0.0197,1.0523,-0.0618,1.594,0.000223,-0.0002,0.0
10.37,FLIGHT,1.0073,1.5903,0.168,0.2212,0.1563,0.2076,-0.0086,-0.1874,0.0014,0.0184,1.0521,-0.0619,1.5946,0.000223,-0.0002,0.0
10.375,FLIGHT,1.0081,1.5913,0.1551,0.2061,0.1437,0.1926,-0.0086,-0.1873,0.001,0.0172,1.0519,-0.062,1.5951,0.000222,-0.0002,0.0
10.38,FLIGHT,1.0088,1.5922,0.1425,0.1911,0.1313,0.1779,-0.0086,-0.1872,0.0007,0.0159,1.0517,-0.0621,1.5956,0.000221,-0.0002,0.0
10.385,FLIGHT,1.0094,1.593,0.1302,0.1765,0.1193,0.1634,-0.0086,-0.1871,0.0004,0.0147,1.0514,-0.0621,1.5961,0.00022,-0.0002,0.0
10.39,FLIGHT,1.0099,1.5938,0.1182,0.1621,0.1076,0.1493,-0.0086,-0.1871,0.0001,0.0136,1.0511,-0.0621,1.5966,0.000219,-0.0002,0.0
10.395,FLIGHT,1.0105,1.5945,0.1066,0.148,0.0963,0.1355,-0.0086,-0.187,-0.0002,0.0124,1.0508,-0.062,1.597,0.000218,-0.0002,0.0
10.4,FLIGHT,1.0109,1.5952,0.0953,0.1342,0.0854,0.1221,-0.0086,-0.187,-0.0004,0.0113,1.0505,-0.062,1.5974,0.000217,-0.0002,0.0
10.405,FLIGHT,1.0113,1.5957,0.0844,0.1208,0.0748,0.109,-0.0086,-0.1869,-0.0007,0.0101,1.0501,-0.0619,1.5977,0.000217,-0.0002,0.0
10.41,FLIGHT,1.0117,1.5963,0.0739,0.1078,0.0646,0.0963,-0.0086,-0.1869,-0.0009,0.0091,1.0497,-0.0618,1.5981,0.000216,-0.0002,0.0
10.415,FLIGHT,1.012,1.5967,0.0637,0.0952,0.0548,0.084,-0.0086,-0.1868,-0.001,0.008,1.0492,-0.0616,1.5984,0.000215,-0.0002,0.0
10.42,FLIGHT,1.0122,1.5971,0.054,0.0829,0.0455,0.0722,-0.0086,-0.1868,-0.0012,0.007,1.0488,-0.0615,1.5987,0.000214,-0.0002,0.0
10.425,FLIGHT,1.0124,1.5974,0.0447,0.0711,0.0365,0.0607,-0.0086,-0.1868,-0.0013,0.006,1.0483,-0.0613,1.5989,0.000213,-0.0002,0.0
10.43,FLIGHT,1.0126,1.5977,0.0358,0.0597,0.028,0.0497,-0.0086,-0.1867,-0.0014,0.0051,1.0478,-0.0611,1.5992,0.000213,-0.0002,0.0
10.435,FLIGHT,1.0127,1.5979,0.0273,0.0488,0.0198,0.0392,-0.0086,-0.1867,-0.0015,0.0042,1.0472,-0.0609,1.5994,0.000212,-0.0001,0.0
10.44,FLIGHT,1.0128,1.5981,0.0192,0.0383,0.0121,0.0291,-0.0086,-0.1867,-0.0016,0.0033,1.0467,-0.0607,1.5995,0.000211,-0.0001,0.0
10.445,FLIGHT,1.0128,1.5982,0.0115,0.0282,0.0049,0.0194,-0.0086,-0.1867,-0.0017,0.0024,1.0461,-0.0604,1.5997,0.00021,-0.0001,0.0
10.45,FLIGHT,1.0128,1.5983,0.0043,0.0186,-0.002,0.0102,-0.0086,-0.1867,-0.0017,0.0016,1.0455,-0.0602,1.5998,0.00021,-0.0001,0.0
10.455,FLIGHT,1.0128,1.5983,-0.0025,0.0095,-0.0085,0.0015,-0.0087,-0.1867,-0.0018,0.0009,1.0448,-0.0599,1.6,0.000209,-0.0001,0.0
10.46,FLIGHT,1.0127,1.5983,-0.0089,0.0008,-0.0145,-0.0068,-0.0087,-0.1867,-0.0018,0.0001,1.0442,-0.0596,1.6001,0.000208,-0.0001,0.0
10.465,FLIGHT,1.0127,1.5983,-0.0149,-0.0074,-0.0201,-0.0146,-0.0087,-0.1867,-0.0018,-0.0005,1.0435,-0.0593,1.6001,0.000208,-0.0001,0.0
10.47,FLIGHT,1.0125,1.5982,-0.0205,-0.0152,-0.0254,-0.0219,-0.0087,-0.1867,-0.0018,-0.0012,1.0428,-0.059,1.6002,0.000207,-0.0001,0.0
10.475,FLIGHT,1.0124,1.598,-0.0257,-0.0225,-0.0302,-0.0288,-0.0087,-0.1867,-0.0017,-0.0018,1.042,-0.0587,1.6002,0.000206,-0.0001,0.0
10.48,FLIGHT,1.0122,1.5979,-0.0305,-0.0293,-0.0346,-0.0352,-0.0087,-0.1867,-0.0017,-0.0024,1.0413,-0.0584,1.6003,0.000206,-0.0001,0.0
10.485,FLIGHT,1.0121,1.5977,-0.0349,-0.0357,-0.0387,-0.0412,-0.0087,-0.1867,-0.0017,-0.0029,1.0405,-0.0581,1.6003,0.000205,-0.0001,0.0
10.49,FLIGHT,1.0118,1.5975,-0.039,-0.0417,-0.0424,-0.0468,-0.0087,-0.1868,-0.0016,-0.0034,1.0397,-0.0578,1.6003,0.000205,-0.0001,0.0
10.495,FLIGHT,1.0116,1.5972,-0.0426,-0.0472,-0.0457,-0.0519,-0.0087,-0.1868,-0.0016,-0.0039,1.0389,-0.0575,1.6002,0.000204,-0.0001,0.0
10.5,FLIGHT,1.0114,1.5969,-0.0459,-0.0522,-0.0487,-0.0566,-0.0087,-0.1868,-0.0015,-0.0043,1.0381,-0.0572,1.6002,0.000204,-0.0001,0.0
10.505,FLIGHT,1.0111,1.5967,-0.0489,-0.0569,-0.0514,-0.0609,-0.0087,-0.1868,-0.0014,-0.0047,1.0372,-0.0569,1.6002,0.000204,-0.0001,0.0
10.51,FLIGHT,1.0109,1.5963,-0.0515,-0.0611,-0.0537,-0.0647,-0.0087,-0.1869,-0.0013,-0.0051,1.0363,-0.0566,1.6001,0.000203,-0.0001,0.0
10.515,FLIGHT,1.0106,1.596,-0.0538,-0.065,-0.0557,-0.0682,-0.0087,-0.1869,-0.0012,-0.0054,1.0354,-0.0563,1.6001,0.000203,-0.0001,0.0
10.52,FLIGHT,1.0103,1.5957,-0.0558,-0.0684,-0.0574,-0.0713,-0.0088,-0.1869,-0.0011,-0.0057,1.0345,-0.056,1.6,0.000203,-0.0001,0.0
10.525,FLIGHT,1.01,1.5953,-0.0574,-0.0714,-0.0588,-0.074,-0.0088,-0.1869,-0.001,-0.0059,1.0336,-0.0557,1.5999,0.000202,-0.0001,0.0
10.53,FLIGHT,1.0097,1.5949,-0.0588,-0.0741,-0.0599,-0.0764,-0.0088,-0.187,-0.0009,-0.0062,1.0327,-0.0555,1.5998,0.000202,-0.0001,0.0
10.535,FLIGHT,1.0094,1.5945,-0.0599,-0.0764,-0.0608,-0.0784,-0.0088,-0.187,-0.0008,-0.0064,1.0317,-0.0552,1.5997,0.000202,-0.0,0.0
10.54,FLIGHT,1.0091,1.5941,-0.0607,-0.0784,-0.0614,-0.08,-0.0088,-0.187,-0.0007,-0.0065,1.0307,-0.0549,1.5996,0.000201,-0.0,0.0
10.545,FLIGHT,1.0088,1.5937,-0.0613,-0.08,-0.0617,-0.0814,-0.0088,-0.1871,-0.0006,-0.0067,1.0297,-0.0547,1.5995,0.000201,-0.0,0.0
10.55,FLIGHT,1.0085,1.5933,-0.0617,-0.0813,-0.0619,-0.0824,-0.0088,-0.1871,-0.0005,-0.0068,1.0287,-0.0544,1.5994,0.000201,-0.0,0.0
10.555,FLIGHT,1.0082,1.5929,-0.0618,-0.0823,-0.0618,-0.0831,-0.0088,-0.1871,-0.0004,-0.0069,1.0277,-0.0542,1.5992,0.000201,-0.0,0.0
10.56,FLIGHT,1.0079,1.5925,-0.0616,-0.083,-0.0615,-0.0835,-0.0088,-0.1872,-0.0002,-0.0069,1.0267,-0.0539,1.5991,0.000201,-0.0,0.0
10.565,FLIGHT,1.0076,1.5921,-0.0613,-0.0835,-0.061,-0.0837,-0.0088,-0.1872,-0.0001,-0.007,1.0256,-0.0537,1.599,0.000201,-0.0,0.0
10.57,FLIGHT,1.0073,1.5917,-0.0608,-0.0836,-0.0603,-0.0836,-0.0088,-0.1872,-0.0,-0.007,1.0246,-0.0535,1.5989,0.000201,-0.0,0.0
10.575,FLIGHT,1.007,1.5912,-0.0601,-0.0835,-0.0595,-0.0833,-0.0088,-0.1873,0.0001,-0.007,1.0235,-0.0533,1.5987,0.0002,-0.0,0.0
10.58,FLIGHT,1.0067,1.5908,-0.0593,-0.0831,-0.0585,-0.0827,-0.0088,-0.1873,0.0002,-0.007,1.0224,-0.0531,1.5986,0.0002,-0.0,0.0
10.585,FLIGHT,1.0064,1.5904,-0.0583,-0.0826,-0.0573,-0.0819,-0.0088,-0.1873,0.0003,-0.0069,1.0213,-0.0529,1.5985,0.0002,-0.0,0.0
10.59,FLIGHT,1.0061,1.59,-0.0571,-0.0818,-0.056,-0.081,-0.0088,-0.1874,0.0004,-0.0068,1.0202,-0.0527,1.5983,0.0002,-0.0,0.0
10.595,FLIGHT,1.0058,1.5896,-0.0559,-0.0808,-0.0547,-0.0798,-0.0088,-0.1874,0.0005,-0.0068,1.019,-0.0525,1.5982,0.0002,0.0,0.0
10.6,FLIGHT,1.0056,1.5892,-0.0545,-0.0796,-0.0532,-0.0784,-0.0088,-0.1874,0.0006,-0.0067,1.0179,-0.0524,1.598,0.0002,0.0,0.0
10.605,FLIGHT,1.0053,1.5888,-0.053,-0.0782,-0.0516,-0.0769,-0.0088,-0.1875,0.0007,-0.0066,1.0167,-0.0522,1.5979,0.0002,0.0,0.0
10.61,FLIGHT,1.0051,1.5884,-0.0513,-0.0767,-0.0499,-0.0752,-0.0088,-0.1875,0.0008,-0.0064,1.0155,-0.0521,1.5978,0.0002,0.0,0.0
10.615,FLIGHT,1.0048,1.5881,-0.0497,-0.075,-0.0481,-0.0734,-0.0088,-0.1875,0.0009,-0.0063,1.0144,-0.0519,1.5976,0.000201,0.0,0.0
10.62,FLIGHT,1.0046,1.5877,-0.0479,-0.0732,-0.0463,-0.0715,-0.0087,-0.1876,0.001,-0.0062,1.0132,-0.0518,1.5975,0.000201,0.0,0.0
10.625,FLIGHT,1.0043,1.5874,-0.0461,-0.0713,-0.0444,-0.0695,-0.0087,-0.1876,0.0011,-0.006,1.012,-0.0517,1.5974,0.000201,0.0,0.0
10.63,FLIGHT,1.0041,1.587,-0.0442,-0.0692,-0.0425,-0.0673,-0.0087,-0.1876,0.0011,-0.0058,1.0107,-0.0516,1.5973,0.000201,0.0,0.0
10.635,FLIGHT,1.0039,1.5867,-0.0422,-0.0671,-0.0405,-0.0651,-0.0087,-0.1877,0.0012,-0.0056,1.0095,-0.0515,1.5971,0.000201,0.0,0.0
10.64,FLIGHT,1.0037,1.5864,-0.0403,-0.0648,-0.0385,-0.0628,-0.0087,-0.1877,0.0013,-0.0055,1.0083,-0.0514,1.597,0.000201,0.0,0.0
10.645,FLIGHT,1.0035,1.5861,-0.0383,-0.0625,-0.0365,-0.0604,-0.0087,-0.1877,0.0013,-0.0053,1.007,-0.0513,1.5969,0.000201,0.0,0.0
10.65,FLIGHT,1.0034,1.5858,-0.0362,-0.0601,-0.0344,-0.0579,-0.0087,-0.1877,0.0014,-0.0051,1.0058,-0.0513,1.5968,0.000201,0.0,0.0
10.655,FLIGHT,1.0032,1.5855,-0.0342,-0.0577,-0.0324,-0.0554,-0.0087,-0.1878,0.0014,-0.0049,1.0045,-0.0512,1.5967,0.000202,0.0,0.0
10.66,FLIGHT,1.003,1.5852,-0.0322,-0.0552,-0.0303,-0.0529,-0.0087,-0.1878,0.0015,-0.0047,1.0032,-0.0512,1.5966,0.000202,0.0,0.0
10.665,FLIGHT,1.0029,1.5849,-0.0301,-0.0526,-0.0283,-0.0504,-0.0087,-0.1878,0.0015,-0.0045,1.0019,-0.0511,1.5965,0.000202,0.0,0.0
10.67,FLIGHT,1.0028,1.5847,-0.0281,-0.0501,-0.0263,-0.0478,-0.0087,-0.1878,0.0015,-0.0042,1.0006,-0.0511,1.5964,0.000202,0.0,0.0
10.675,STANCE,1.0026,1.5845,-0.0261,-0.0475,0.0107,0.0024,-0.0087,-0.1878,0.0016,-0.004,0.9993,0.1219,-0.0152,0.000202,-0.0309,0.0062
10.68,STANCE,1.0054,1.5852,0.424,0.0685,1.0676,-0.0662,-0.0083,-0.1878,0.0703,0.0026,0.9984,-0.1289,-0.6387,-0.001306,-0.4562,0.0925
10.685,STANCE,1.0086,1.585,0.509,0.0194,0.1847,0.1236,-0.0076,-0.1878,0.093,-0.0022,0.9981,-0.4052,-1.2209,-0.002702,-0.1029,0.0233
10.69,STANCE,1.0093,1.5855,0.2616,0.0684,0.1935,-0.0039,-0.0076,-0.1878,0.0398,0.0041,0.9983,-0.6121,-1.7998,-0.002898,0.0045,0.0029
10.695,STANCE,1.011,1.5843,0.3389,-0.1679,0.5205,-0.5056,-0.0071,-0.1879,0.0867,-0.0172,0.9985,-0.9703,-2.1351,-0.002746,0.0517,0.0027
10.7,STANCE,1.014,1.5787,0.5127,-0.8831,0.7213,-1.4162,-0.0057,-0.1884,0.2182,-0.08,0.9985,-1.3596,-2.0728,-0.002272,0.112,0.0023
10.705,STANCE,1.0183,1.5698,0.7857,-1.5153,1.2229,-2.0555,-0.0037,-0.1892,0.3591,-0.1323,0.9985,-1.7406,-1.8173,-0.001769,0.0221,0.0018
10.71,STANCE,1.0256,1.5576,1.2498,-2.2029,1.3929,-3.1007,-0.0006,-0.1903,0.5473,-0.1829,0.9986,-2.1298,-1.3082,-0.001843,0.0184,0.0018
10.715,STANCE,1.0335,1.5422,1.4876,-2.8033,1.5027,-3.3021,0.0031,-0.1915,0.684,-0.2179,0.9986,-2.2977,-0.6594,-0.001981,-0.0119,0.0044
10.72,STANCE,1.0406,1.5257,1.4152,-3.1252,1.2026,-3.3125,0.0068,-0.1928,0.7234,-0.228,0.9986,-2.1582,-0.0381,-0.002027,0.014,0.002
10.725,STANCE,1.0458,1.51,1.1439,-3.1288,0.921,-2.9255,0.0101,-0.1939,0.6778,-0.2168,0.9988,-1.752,0.4602,-0.001932,0.0154,0.0019
10.73,STANCE,1.0489,1.4954,0.7697,-2.9762,0.4122,-2.8311,0.0128,-0.1949,0.5876,-0.1996,0.9991,-1.1731,0.8438,-0.001655,0.0768,0.0017
10.735,STANCE,1.0503,1.4818,0.4287,-2.7831,0.1661,-2.6225,0.0151,-0.1958,0.4961,-0.1833,0.9994,-0.5827,1.1168,-0.001231,0.0959,0.0012
10.74,STANCE,1.0509,1.469,0.2061,-2.6286,0.0565,-2.5361,0.0171,-0.1967,0.4321,-0.1705,0.9998,-0.1604,1.2729,-0.000729,0.1082,0.0007
10.745,FLIGHT,1.0513,1.4566,0.1131,-2.5424,0.0761,-2.4913,0.0191,-0.1975,0.4032,-0.1613,1.0002,-1.4675,2.7216,-0.000199,0.1077,0.0002
10.75,FLIGHT,1.0492,1.4477,-0.2995,-1.9493,-0.9215,-1.1213,0.02,-0.1981,0.2335,-0.1293,1.0009,-1.4026,2.6572,0.000356,0.0954,0.0
10.755,FLIGHT,1.0422,1.445,-1.0903,-0.9183,-1.8316,0.0386,0.019,-0.1984,-0.0786,-0.0794,1.0019,-1.1327,2.4308,0.000734,0.057,0.0
10.76,FLIGHT,1.0313,1.4476,-1.8701,0.09,-2.5036,0.9142,0.0165,-0.1984,-0.3845,-0.0248,1.0031,-0.8067,2.1622,0.000944,0.0288,0.0
10.765,FLIGHT,1.0177,1.4537,-2.4744,0.8882,-2.9175,1.4875,0.0128,-0.1982,-0.6217,0.0294,1.0045,-0.4983,1.9101,0.001037,0.0095,0.0
10.77,FLIGHT,1.0025,1.462,-2.8567,1.4258,-3.1005,1.792,0.0086,-0.1978,-0.7733,0.0784,1.006,-0.2395,1.6998,0.00105,-0.0032,0.0006
10.775,FLIGHT,0.987,1.4712,-3.0285,1.7179,-3.0979,1.8815,0.0042,-0.1972,-0.845,0.1176,1.0076,-0.0395,1.5389,0.001013,-0.0112,0.0022
10.78,FLIGHT,0.9718,1.4805,-3.026,1.8079,-2.9585,1.8129,-0.0001,-0.1965,-0.852,0.1439,1.0091,0.1042,1.4253,0.000944,-0.0158,0.0032
10.785,FLIGHT,0.9575,1.4892,-2.8924,1.7465,-2.7265,1.6385,-0.0041,-0.1958,-0.8116,0.1563,1.0106,0.1993,1.3528,0.000858,-0.0181,0.0036
10.79,FLIGHT,0.9446,1.4968,-2.6688,1.5823,-2.4392,1.4022,-0.0077,-0.195,-0.7402,0.1559,1.0121,0.2549,1.3136,0.000765,-0.0187,0.0037
10.795,FLIGHT,0.9332,1.5032,-2.3905,1.3571,-2.1257,1.1384,-0.0108,-0.1944,-0.6509,0.1453,1.0135,0.2802,1.2999,0.000673,-0.0182,0.0036
10.8,FLIGHT,0.9234,1.5082,-2.0858,1.1038,-1.8077,0.8725,-0.0134,-0.1938,-0.5543,0.1273,1.0148,0.283,1.3047,0.000585,-0.017,0.0034
10.805,FLIGHT,0.9151,1.5119,-1.7758,0.8476,-1.5009,0.6223,-0.0155,-0.1934,-0.4577,0.1052,1.016,0.2702,1.3218,0.000504,-0.0154,0.0031
10.81,FLIGHT,0.9083,1.5144,-1.476,0.6057,-1.2152,0.3992,-0.0172,-0.193,-0.366,0.0816,1.0172,0.2472,1.3466,0.000431,-0.0135,0.0027
10.815,FLIGHT,0.9029,1.516,-1.1963,0.3895,-0.9568,0.2095,-0.0184,-0.1928,-0.2825,0.0586,1.0182,0.2183,1.3751,0.000369,-0.0116,0.0023
10.82,FLIGHT,0.8987,1.5166,-0.9428,0.2052,-0.7286,0.0555,-0.0193,-0.1926,-0.2089,0.0376,1.0193,0.1866,1.4048,0.000315,-0.0097,0.0019
10.825,FLIGHT,0.8956,1.5166,-0.7185,0.0555,-0.5311,-0.0631,-0.0199,-0.1926,-0.1457,0.0196,1.0202,0.1547,1.4336,0.000271,-0.0079,0.0016
10.83,FLIGHT,0.8933,1.516,-0.5241,-0.0599,-0.3632,-0.1484,-0.0203,-0.1926,-0.093,0.0049,1.0212,0.1241,1.4602,0.000236,-0.0063,0.0013
10.835,FLIGHT,0.8919,1.5151,-0.3586,-0.143,-0.2228,-0.2038,-0.0204,-0.1926,-0.0502,-0.0063,1.0221,0.096,1.484,0.000208,-0.0048,0.001
10.84,FLIGHT,0.8911,1.514,-0.2199,-0.197,-0.107,-0.2334,-0.0204,-0.1927,-0.0163,-0.0142,1.0229,0.0709,1.5044,0.000187,-0.0036,0.0007
10.845,FLIGHT,0.8908,1.5128,-0.1054,-0.2257,-0.0128,-0.2414,-0.0203,-0.1928,0.0096,-0.0193,1.0238,0.0491,1.5215,0.000173,-0.0025,0.0005
10.85,FLIGHT,0.8909,1.5117,-0.012,-0.2333,0.0631,-0.2319,-0.0202,-0.193,0.0286,-0.0219,1.0246,0.0307,1.5354,0.000163,-0.0016,0.0003
10.855,FLIGHT,0.8914,1.5105,0.0633,-0.2238,0.1236,-0.2088,-0.0199,-0.1931,0.0419,-0.0224,1.0254,0.0155,1.5463,0.000157,-0.0008,0.0002
10.86,FLIGHT,0.8921,1.5096,0.1236,-0.201,0.1717,-0.1757,-0.0197,-0.1932,0.0506,-0.0214,1.0262,0.0032,1.5546,0.000154,-0.0003,0.0001
10.865,FLIGHT,0.8931,1.5088,0.1715,-0.1684,0.2097,-0.1356,-0.0194,-0.1933,0.0556,-0.0192,1.027,-0.0064,1.5607,0.000154,0.0002,0.0
10.87,FLIGHT,0.8942,1.5082,0.2096,-0.1288,0.2399,-0.0911,-0.0191,-0.1933,0.0577,-0.0161,1.0278,-0.0139,1.5649,0.000155,0.0005,0.0
10.875,FLIGHT,0.8955,1.5079,0.2398,-0.0849,0.264,-0.0443,-0.0188,-0.1934,0.0577,-0.0125,1.0286,-0.0194,1.5676,0.000158,0.0007,0.0
10.88,FLIGHT,0.8968,1.5078,0.2641,-0.0388,0.2836,0.003,-0.0185,-0.1934,0.0563,-0.0085,1.0294,-0.0235,1.5691,0.000162,0.0009,0.0
10.885,FLIGHT,0.8983,1.5079,0.2839,0.0079,0.2999,0.0496,-0.0182,-0.1935,0.0539,-0.0044,1.0301,-0.0264,1.5698,0.000167,0.001,0.0
10.89,FLIGHT,0.8998,1.5083,0.3003,0.0539,0.3137,0.0945,-0.018,-0.1934,0.0509,-0.0004,1.0309,-0.0284,1.5698,0.000172,0.001,0.0
10.895,FLIGHT,0.9014,1.5089,0.3142,0.0982,0.3258,0.1369,-0.0178,-0.1934,0.0476,0.0036,1.0316,-0.0298,1.5695,0.000177,0.001,0.0
10.9,FLIGHT,0.9031,1.5096,0.3264,0.1401,0.3366,0.1765,-0.0175,-0.1934,0.0443,0.0073,1.0324,-0.0307,1.5689,0.000182,0.001,0.0
10.905,FLIGHT,0.9048,1.5106,0.3372,0.1793,0.3464,0.2129,-0.0173,-0.1933,0.0412,0.0108,1.0331,-0.0314,1.5682,0.000187,0.0009,0.0
10.91,FLIGHT,0.9065,1.5118,0.3471,0.2153,0.3555,0.2462,-0.0172,-0.1932,0.0382,0.014,1.0338,-0.0319,1.5675,0.000191,0.0009,0.0
10.915,FLIGHT,0.9083,1.5131,0.3562,0.2482,0.364,0.2761,-0.017,-0.1932,0.0355,0.0169,1.0346,-0.0323,1.5669,0.000195,0.0008,0.0
10.92,FLIGHT,0.9102,1.5145,0.3646,0.2778,0.3719,0.3029,-0.0168,-0.193,0.0331,0.0196,1.0353,-0.0327,1.5664,0.000199,0.0007,0.0
10.925,FLIGHT,0.9121,1.5161,0.3724,0.3043,0.3791,0.3267,-0.0167,-0.1929,0.031,0.022,1.0359,-0.0332,1.566,0.000203,0.0007,0.0
10.93,FLIGHT,0.914,1.5178,0.3796,0.3278,0.3857,0.3475,-0.0165,-0.1928,0.0292,0.0241,1.0366,-0.0338,1.5657,0.000206,0.0006,0.0
10.935,FLIGHT,0.9159,1.5196,0.3861,0.3485,0.3917,0.3657,-0.0164,-0.1927,0.0276,0.0259,1.0373,-0.0345,1.5657,0.000209,0.0006,0.0
10.94,FLIGHT,0.9179,1.5214,0.392,0.3664,0.3969,0.3814,-0.0163,-0.1925,0.0263,0.0275,1.0379,-0.0353,1.5657,0.000212,0.0005,0.0
10.945,FLIGHT,0.9199,1.5234,0.3971,0.3819,0.4013,0.3947,-0.0161,-0.1924,0.0251,0.0289,1.0386,-0.0362,1.566,0.000214,0.0005,0.0
10.95,FLIGHT,0.9219,1.5254,0.4014,0.395,0.4049,0.4058,-0.016,-0.1922,0.0241,0.0301,1.0392,-0.0371,1.5663,0.000216,0.0004,0.0
10.955,FLIGHT,0.9239,1.5274,0.4049,0.406,0.4076,0.415,-0.0159,-0.1921,0.0233,0.0311,1.0398,-0.0381,1.5668,0.000218,0.0004,0.0
10.96,FLIGHT,0.926,1.5295,0.4075,0.4151,0.4094,0.4223,-0.0158,-0.1919,0.0225,0.032,1.0403,-0.0392,1.5674,0.00022,0.0004,0.0
10.965,FLIGHT,0.928,1.5317,0.4092,0.4223,0.4103,0.428,-0.0157,-0.1918,0.0218,0.0327,1.0409,-0.0404,1.568,0.000222,0.0003,0.0
10.97,FLIGHT,0.9301,1.5338,0.41,0.4278,0.4103,0.432,-0.0156,-0.1916,0.0211,0.0332,1.0414,-0.0415,1.5688,0.000223,0.0003,0.0
10.975,FLIGHT,0.9321,1.536,0.4098,0.4318,0.4093,0.4346,-0.0155,-0.1914,0.0205,0.0336,1.0419,-0.0427,1.5696,0.000225,0.0003,0.0
10.98,FLIGHT,0.9342,1.5382,0.4088,0.4343,0.4074,0.4359,-0.0154,-0.1912,0.0199,0.0339,1.0424,-0.0439,1.5704,0.000226,0.0002,0.0
10.985,FLIGHT,0.9362,1.5403,0.4068,0.4354,0.4047,0.4359,-0.0153,-0.1911,0.0193,0.0341,1.0429,-0.0451,1.5713,0.000227,0.0002,0.0
10.99,FLIGHT,0.9382,1.5425,0.404,0.4354,0.401,0.4347,-0.0152,-0.1909,0.0187,0.0342,1.0433,-0.0463,1.5722,0.000228,0.0002,0.0
10.995,FLIGHT,0.9402,1.5447,0.4003,0.4341,0.3966,0.4325,-0.0151,-0.1907,0.0181,0.0342,1.0438,-0.0475,1.5731,0.000229,0.0002,0.0
11.0,FLIGHT,0.9422,1.5468,0.3958,0.4318,0.3914,0.4292,-0.015,-0.1906,0.0175,0.0341,1.0442,-0.0486,1.574,0.00023,0.0002,0.0
11.005,FLIGHT,0.9441,1.549,0.3905,0.4284,0.3855,0.4249,-0.0149,-0.1904,0.0169,0.0339,1.0445,-0.0497,1.5749,0.000231,0.0001,0.0
11.01,FLIGHT,0.946,1.5511,0.3846,0.4241,0.3789,0.4198,-0.0149,-0.1902,0.0163,0.0336,1.0449,-0.0507,1.5758,0.000231,0.0001,0.0
11.015,FLIGHT,0.9479,1.5532,0.3779,0.4189,0.3716,0.4138,-0.0148,-0.1901,0.0157,0.0333,1.0452,-0.0518,1.5768,0.000232,0.0001,0.0
11.02,FLIGHT,0.9498,1.5552,0.3706,0.4128,0.3638,0.4071,-0.0147,-0.1899,0.015,0.0329,1.0455,-0.0528,1.5777,0.000232,0.0001,0.0
11.025,FLIGHT,0.9515,1.5572,0.3628,0.406,0.3555,0.3996,-0.0146,-0.1897,0.0144,0.0324,1.0458,-0.0537,1.5786,0.000233,0.0001,0.0
11.03,FLIGHT,0.9533,1.5592,0.3544,0.3985,0.3466,0.3915,-0.0146,-0.1896,0.0138,0.0318,1.0461,-0.0546,1.5795,0.000233,0.0,0.0
11.035,FLIGHT,0.955,1.5611,0.3455,0.3904,0.3374,0.3827,-0.0145,-0.1894,0.0131,0.0312,1.0463,-0.0554,1.5803,0.000233,0.0,0.0
11.04,FLIGHT,0.9567,1.563,0.3362,0.3816,0.3277,0.3734,-0.0144,-0.1893,0.0125,0.0306,1.0465,-0.0562,1.5812,0.000233,0.0,0.0
11.045,FLIGHT,0.9583,1.5649,0.3265,0.3722,0.3177,0.3636,-0.0144,-0.1891,0.0119,0.0299,1.0467,-0.057,1.582,0.000233,0.0,0.0
11.05,FLIGHT,0.9599,1.5667,0.3165,0.3624,0.3074,0.3533,-0.0143,-0.189,0.0113,0.0292,1.0468,-0.0577,1.5828,0.000233,-0.0,0.0
11.055,FLIGHT,0.9614,1.5684,0.3062,0.3521,0.2969,0.3426,-0.0143,-0.1888,0.0107,0.0284,1.047,-0.0584,1.5836,0.000233,-0.0,0.0
11.06,FLIGHT,0.9628,1.5701,0.2957,0.3413,0.2862,0.3316,-0.0142,-0.1887,0.0101,0.0275,1.0471,-0.059,1.5844,0.000233,-0.0,0.0
11.065,FLIGHT,0.9642,1.5717,0.2849,0.3303,0.2752,0.3202,-0.0142,-0.1886,0.0095,0.0267,1.0471,-0.0596,1.5852,0.000233,-0.0,0.0
11.07,FLIGHT,0.9656,1.5733,0.274,0.3189,0.2642,0.3086,-0.0141,-0.1884,0.009,0.0258,1.0472,-0.0601,1.5859,0.000233,-0.0001,0.0
11.075,FLIGHT,0.9669,1.5748,0.263,0.3072,0.2531,0.2967,-0.0141,-0.1883,0.0084,0.0249,1.0472,-0.0606,1.5866,0.000232,-0.0001,0.0
11.08,FLIGHT,0.9681,1.5763,0.2519,0.2953,0.2419,0.2846,-0.0141,-0.1882,0.0079,0.024,1.0472,-0.061,1.5873,0.000232,-0.0001,0.0
11.085,FLIGHT,0.9693,1.5777,0.2407,0.2833,0.2307,0.2724,-0.014,-0.1881,0.0074,0.023,1.0471,-0.0615,1.588,0.000232,-0.0001,0.0
11.09,FLIGHT,0.9704,1.579,0.2295,0.2711,0.2195,0.2601,-0.014,-0.188,0.0069,0.0221,1.0471,-0.0618,1.5886,0.000231,-0.0001,0.0
11.095,FLIGHT,0.9715,1.5803,0.2184,0.2588,0.2084,0.2477,-0.014,-0.1879,0.0064,0.0211,1.047,-0.0622,1.5893,0.000231,-0.0001,0.0
11.1,FLIGHT,0.9725,1.5815,0.2072,0.2464,0.1973,0.2353,-0.0139,-0.1878,0.006,0.0201,1.0468,-0.0625,1.5899,0.00023,-0.0001,0.0
11.105,FLIGHT,0.9735,1.5826,0.1962,0.234,0.1863,0.2229,-0.0139,-0.1877,0.0055,0.0191,1.0467,-0.0627,1.5904,0.00023,-0.0001,0.0
11.11,FLIGHT,0.9744,1.5837,0.1852,0.2216,0.1755,0.2106,-0.0139,-0.1876,0.0051,0.0181,1.0465,-0.063,1.591,0.000229,-0.0001,0.0
11.115,FLIGHT,0.9752,1.5847,0.1744,0.2093,0.1648,0.1983,-0.0139,-0.1875,0.0047,0.0171,1.0463,-0.0632,1.5915,0.000228,-0.0001,0.0
11.12,FLIGHT,0.976,1.5857,0.1637,0.197,0.1543,0.1861,-0.0138,-0.1874,0.0044,0.0161,1.046,-0.0633,1.592,0.000228,-0.0001,0.0
11.125,FLIGHT,0.9768,1.5866,0.1532,0.1849,0.1439,0.1741,-0.0138,-0.1874,0.004,0.0151,1.0458,-0.0634,1.5925,0.000227,-0.0001,0.0
11.13,FLIGHT,0.9774,1.5874,0.1429,0.1729,0.1338,0.1622,-0.0138,-0.1873,0.0037,0.0142,1.0455,-0.0635,1.5929,0.000227,-0.0001,0.0
11.135,FLIGHT,0.9781,1.5882,0.1328,0.161,0.1239,0.1505,-0.0138,-0.1872,0.0034,0.0132,1.0452,-0.0636,1.5934,0.000226,-0.0001,0.0
11.14,FLIGHT,0.9787,1.5889,0.1229,0.1493,0.1142,0.1389,-0.0138,-0.1872,0.0031,0.0123,1.0448,-0.0637,1.5938,0.000225,-0.0001,0.0
11.145,FLIGHT,0.9792,1.5896,0.1133,0.1378,0.1048,0.1277,-0.0137,-0.1871,0.0028,0.0113,1.0444,-0.0637,1.5942,0.000225,-0.0001,0.0
11.15,FLIGHT,0.9797,1.5902,0.1039,0.1266,0.0957,0.1166,-0.0137,-0.1871,0.0025,0.0104,1.044,-0.0637,1.5945,0.000224,-0.0001,0.0
11.155,FLIGHT,0.9802,1.5908,0.0948,0.1156,0.0868,0.1059,-0.0137,-0.187,0.0023,0.0095,1.0436,-0.0636,1.5949,0.000224,-0.0001,0.0
11.16,FLIGHT,0.9806,1.5913,0.086,0.1049,0.0782,0.0954,-0.0137,-0.187,0.0021,0.0086,1.0432,-0.0636,1.5952,0.000223,-0.0001,0.0
11.165,FLIGHT,0.981,1.5917,0.0775,0.0944,0.07,0.0852,-0.0137,-0.1869,0.0019,0.0078,1.0427,-0.0635,1.5955,0.000222,-0.0001,0.0
11.17,FLIGHT,0.9813,1.5921,0.0692,0.0843,0.062,0.0753,-0.0137,-0.1869,0.0017,0.0069,1.0422,-0.0634,1.5957,0.000222,-0.0001,0.0
11.175,FLIGHT,0.9816,1.5925,0.0613,0.0744,0.0544,0.0657,-0.0137,-0.1869,0.0015,0.0061,1.0417,-0.0633,1.596,0.000221,-0.0001,0.0
11.18,FLIGHT,0.9818,1.5928,0.0537,0.0649,0.047,0.0565,-0.0137,-0.1869,0.0014,0.0053,1.0411,-0.0632,1.5962,0.000221,-0.0001,0.0
11.185,FLIGHT,0.9821,1.593,0.0464,0.0557,0.04,0.0476,-0.0137,-0.1868,0.0012,0.0046,1.0405,-0.0631,1.5964,0.00022,-0.0001,0.0
11.19,FLIGHT,0.9822,1.5933,0.0395,0.0468,0.0334,0.039,-0.0137,-0.1868,0.0011,0.0038,1.0399,-0.0629,1.5966,0.000219,-0.0001,0.0
11.195,FLIGHT,0.9824,1.5934,0.0328,0.0383,0.027,0.0308,-0.0137,-0.1868,0.001,0.0031,1.0393,-0.0627,1.5968,0.000219,-0.0001,0.0
11.2,FLIGHT,0.9825,1.5936,0.0265,0.0301,0.021,0.023,-0.0137,-0.1868,0.0009,0.0025,1.0387,-0.0626,1.5969,0.000218,-0.0001,0.0
11.205,FLIGHT,0.9826,1.5937,0.0205,0.0223,0.0153,0.0155,-0.0137,-0.1868,0.0008,0.0018,1.038,-0.0624,1.5971,0.000218,-0.0001,0.0
11.21,FLIGHT,0.9827,1.5937,0.0149,0.0149,0.0099,0.0084,-0.0137,-0.1868,0.0008,0.0012,1.0373,-0.0622,1.5972,0.000217,-0.0001,0.0
11.215,FLIGHT,0.9827,1.5937,0.0095,0.0078,0.0049,0.0016,-0.0137,-0.1868,0.0007,0.0006,1.0366,-0.062,1.5973,0.000217,-0.0001,0.0
11.22,FLIGHT,0.9827,1.5937,0.0045,0.0011,0.0002,-0.0048,-0.0136,-0.1868,0.0007,0.0,1.0359,-0.0618,1.5974,0.000216,-0.0001,0.0
11.225,FLIGHT,0.9827,1.5937,-0.0002,-0.0053,-0.0043,-0.0108,-0.0136,-0.1868,0.0007,-0.0005,1.0351,-0.0615,1.5975,0.000216,-0.0001,0.0
11.23,FLIGHT,0.9827,1.5936,-0.0046,-0.0113,-0.0083,-0.0165,-0.0136,-0.1868,0.0007,-0.001,1.0344,-0.0613,1.5975,0.000215,-0.0001,0.0
11.235,FLIGHT,0.9826,1.5935,-0.0086,-0.0169,-0.0121,-0.0218,-0.0136,-0.1868,0.0006,-0.0015,1.0336,-0.0611,1.5976,0.000215,-0.0001,0.0
11.24,FLIGHT,0.9826,1.5934,-0.0124,-0.0222,-0.0156,-0.0267,-0.0136,-0.1868,0.0006,-0.0019,1.0328,-0.0609,1.5976,0.000215,-0.0001,0.0
11.245,FLIGHT,0.9825,1.5933,-0.0159,-0.0271,-0.0188,-0.0313,-0.0136,-0.1868,0.0007,-0.0023,1.0319,-0.0606,1.5976,0.000214,-0.0001,0.0
11.25,FLIGHT,0.9824,1.5931,-0.019,-0.0317,-0.0217,-0.0356,-0.0136,-0.1868,0.0007,-0.0027,1.0311,-0.0604,1.5976,0.000214,-0.0001,0.0
11.255,FLIGHT,0.9823,1.5929,-0.0219,-0.0359,-0.0244,-0.0395,-0.0136,-0.1868,0.0007,-0.0031,1.0302,-0.0602,1.5976,0.000213,-0.0001,0.0
11.26,FLIGHT,0.9821,1.5927,-0.0245,-0.0398,-0.0267,-0.0431,-0.0136,-0.1869,0.0007,-0.0034,1.0293,-0.0599,1.5976,0.000213,-0.0001,0.0
11.265,FLIGHT,0.982,1.5925,-0.0268,-0.0433,-0.0288,-0.0464,-0.0136,-0.1869,0.0008,-0.0037,1.0284,-0.0597,1.5976,0.000213,-0.0001,0.0
11.27,FLIGHT,0.9818,1.5922,-0.0289,-0.0466,-0.0307,-0.0493,-0.0136,-0.1869,0.0008,-0.004,1.0275,-0.0595,1.5975,0.000213,-0.0001,0.0
11.275,FLIGHT,0.9817,1.592,-0.0307,-0.0495,-0.0323,-0.052,-0.0136,-0.1869,0.0009,-0.0042,1.0266,-0.0592,1.5975,0.000212,-0.0001,0.0
11.28,FLIGHT,0.9815,1.5917,-0.0323,-0.0521,-0.0336,-0.0543,-0.0136,-0.187,0.0009,-0.0044,1.0256,-0.059,1.5975,0.000212,-0.0,0.0
11.285,FLIGHT,0.9813,1.5914,-0.0337,-0.0544,-0.0348,-0.0563,-0.0136,-0.187,0.001,-0.0046,1.0246,-0.0588,1.5974,0.000212,-0.0,0.0
11.29,FLIGHT,0.9812,1.5912,-0.0348,-0.0564,-0.0357,-0.0581,-0.0136,-0.187,0.001,-0.0048,1.0236,-0.0586,1.5973,0.000212,-0.0,0.0
11.295,FLIGHT,0.981,1.5909,-0.0357,-0.0582,-0.0364,-0.0596,-0.0136,-0.187,0.0011,-0.0049,1.0226,-0.0584,1.5973,0.000211,-0.0,0.0
11.3,FLIGHT,0.9808,1.5906,-0.0364,-0.0596,-0.0369,-0.0608,-0.0136,-0.187,0.0012,-0.0051,1.0216,-0.0582,1.5972,0.000211,-0.0,0.0
11.305,FLIGHT,0.9806,1.5903,-0.0369,-0.0608,-0.0372,-0.0618,-0.0136,-0.1871,0.0012,-0.0052,1.0206,-0.058,1.5971,0.000211,-0.0,0.0
11.31,FLIGHT,0.9804,1.5899,-0.0372,-0.0618,-0.0374,-0.0625,-0.0136,-0.1871,0.0013,-0.0053,1.0195,-0.0578,1.5971,0.000211,-0.0,0.0
11.315,FLIGHT,0.9802,1.5896,-0.0373,-0.0625,-0.0374,-0.063,-0.0136,-0.1871,0.0014,-0.0053,1.0185,-0.0576,1.597,0.000211,-0.0,0.0
11.32,FLIGHT,0.9801,1.5893,-0.0373,-0.063,-0.0372,-0.0633,-0.0136,-0.1872,0.0014,-0.0054,1.0174,-0.0574,1.5969,0.000211,-0.0,0.0
11.325,FLIGHT,0.9799,1.589,-0.0371,-0.0632,-0.0369,-0.0633,-0.0135,-0.1872,0.0015,-0.0054,1.0163,-0.0572,1.5968,0.000211,-0.0,0.0
11.33,FLIGHT,0.9797,1.5887,-0.0368,-0.0633,-0.0364,-0.0632,-0.0135,-0.1872,0.0016,-0.0054,1.0152,-0.0571,1.5967,0.000211,-0.0,0.0
11.335,FLIGHT,0.9795,1.5884,-0.0363,-0.0631,-0.0358,-0.0629,-0.0135,-0.1872,0.0016,-0.0054,1.0141,-0.0569,1.5966,0.000211,-0.0,0.0
11.34,FLIGHT,0.9793,1.5881,-0.0357,-0.0628,-0.0351,-0.0624,-0.0135,-0.1873,0.0017,-0.0054,1.0129,-0.0568,1.5965,0.000211,-0.0,0.0
11.345,FLIGHT,0.9792,1.5877,-0.035,-0.0622,-0.0343,-0.0617,-0.0135,-0.1873,0.0018,-0.0053,1.0118,-0.0566,1.5964,0.000211,-0.0,0.0
11.35,FLIGHT,0.979,1.5874,-0.0342,-0.0616,-0.0334,-0.0609,-0.0135,-0.1873,0.0018,-0.0053,1.0106,-0.0565,1.5963,0.000211,0.0,0.0
11.355,FLIGHT,0.9788,1.5871,-0.0332,-0.0607,-0.0324,-0.0599,-0.0135,-0.1873,0.0019,-0.0052,1.0095,-0.0564,1.5962,0.000211,0.0,0.0
11.36,FLIGHT,0.9787,1.5868,-0.0322,-0.0597,-0.0313,-0.0588,-0.0135,-0.1874,0.002,-0.0051,1.0083,-0.0562,1.5962,0.000211,0.0,0.0
11.365,FLIGHT,0.9785,1.5865,-0.0311,-0.0586,-0.0301,-0.0576,-0.0135,-0.1874,0.002,-0.005,1.0071,-0.0561,1.5961,0.000211,0.0,0.0
11.37,FLIGHT,0.9784,1.5863,-0.03,-0.0574,-0.0289,-0.0562,-0.0135,-0.1874,0.0021,-0.0049,1.0059,-0.056,1.596,0.000211,0.0,0.0
11.375,FLIGHT,0.9782,1.586,-0.0287,-0.056,-0.0276,-0.0547,-0.0135,-0.1874,0.0021,-0.0048,1.0047,-0.0559,1.5959,0.000211,0.0,0.0
11.38,FLIGHT,0.9781,1.5857,-0.0275,-0.0545,-0.0263,-0.0532,-0.0134,-0.1875,0.0022,-0.0047,1.0034,-0.0559,1.5958,0.000211,0.0,0.0
11.385,FLIGHT,0.978,1.5855,-0.0261,-0.053,-0.0249,-0.0516,-0.0134,-0.1875,0.0022,-0.0046,1.0022,-0.0558,1.5957,0.000211,0.0,0.0
11.39,FLIGHT,0.9778,1.5852,-0.0247,-0.0513,-0.0235,-0.0498,-0.0134,-0.1875,0.0022,-0.0044,1.0009,-0.0557,1.5956,0.000211,0.0,0.0
11.395,FLIGHT,0.9777,1.585,-0.0233,-0.0496,-0.0221,-0.0481,-0.0134,-0.1875,0.0023,-0.0043,0.9997,-0.0556,1.5955,0.000211,0.0,0.0
11.4,STANCE,0.9796,1.5858,0.3051,0.0935,0.8683,0.01,-0.0132,-0.1875,0.0447,0.0047,0.9987,0.0399,-0.5508,-0.001082,-0.4272,0.0865
11.405,STANCE,0.9851,1.5842,0.8194,-0.2065,0.6159,-0.2388,-0.0119,-0.1877,0.1816,-0.0288,0.998,-0.352,-1.0582,-0.003198,-0.2452,0.0522
11.41,STANCE,0.9861,1.5842,0.3814,-0.0432,0.0588,0.1057,-0.0117,-0.1877,0.0774,-0.0084,0.998,-0.4375,-1.7268,-0.003723,-0.0212,0.008
11.415,STANCE,0.9869,1.5841,0.2359,-0.0448,0.2835,-0.2098,-0.0116,-0.1877,0.0503,-0.0068,0.9982,-0.6607,-2.2251,-0.003639,0.0466,0.0036
11.42,STANCE,0.9891,1.5813,0.3948,-0.4552,0.4691,-1.4798,-0.0108,-0.188,0.1358,-0.0457,0.9984,-1.0048,-2.3717,-0.003274,0.1375,0.0033
11.425,STANCE,0.9924,1.5734,0.5912,-1.2345,0.8543,-1.8614,-0.0091,-0.1887,0.2798,-0.1158,0.9983,-1.3408,-2.1264,-0.002585,0.1156,0.0026
11.43,STANCE,0.9988,1.5628,1.1015,-1.8758,1.6605,-2.5262,-0.0064,-0.1897,0.4674,-0.1706,0.9984,-1.7537,-1.6938,-0.002483,-0.0495,0.0124
11.435,STANCE,1.0074,1.5476,1.5379,-2.7139,1.8908,-3.2824,-0.0027,-0.1911,0.6733,-0.2316,0.9984,-2.0566,-0.9595,-0.002699,-0.0685,0.0164
11.44,STANCE,1.0163,1.5299,1.6931,-3.2765,1.7356,-3.5454,0.0015,-0.1925,0.7912,-0.2598,0.9983,-2.0972,-0.2094,-0.002933,-0.0512,0.0132
11.445,STANCE,1.0238,1.512,1.5387,-3.4761,1.3376,-3.4449,0.0055,-0.1939,0.7988,-0.2573,0.9983,-1.8306,0.422,-0.003041,-0.0152,0.0061
11.45,STANCE,1.0293,1.4954,1.2156,-3.3564,0.8473,-3.2123,0.009,-0.1951,0.726,-0.2349,0.9985,-1.342,0.8762,-0.003,0.0341,0.003
11.455,STANCE,1.0326,1.48,0.8143,-3.1409,0.4969,-2.8976,0.0119,-0.1962,0.6214,-0.2119,0.9987,-0.7576,1.1929,-0.002742,0.0615,0.0027
11.46,STANCE,1.0344,1.466,0.4981,-2.8994,0.2912,-2.6755,0.0143,-0.1971,0.5275,-0.1906,0.999,-0.2808,1.3605,-0.00236,0.0804,0.0024
11.465,FLIGHT,1.0356,1.453,0.3208,-2.7002,0.2144,-2.5574,0.0165,-0.198,0.4659,-0.1731,0.9994,-1.3793,2.6531,-0.001912,0.0947,0.0019
11.47,FLIGHT,1.035,1.4422,-0.0254,-2.2544,-0.5882,-1.5328,0.018,-0.1987,0.3324,-0.146,0.9999,-1.346,2.6151,-0.0013,0.1576,0.0013
11.475,FLIGHT,1.0298,1.4375,-0.7686,-1.302,-1.4824,-0.3854,0.0176,-0.1991,0.0418,-0.0977,1.0008,-1.1119,2.4176,-0.000366,0.2115,0.0004
11.48,FLIGHT,1.0206,1.438,-1.5292,-0.3143,-2.153,0.5109,0.0157,-0.1992,-0.2578,-0.0448,1.0019,-0.8097,2.1687,0.000647,0.1645,0.0
11.485,FLIGHT,1.0086,1.4422,-2.1308,0.4999,-2.5788,1.1247,0.0127,-0.1991,-0.4982,0.0071,1.0032,-0.5168,1.9298,0.001274,0.091,0.0
11.49,FLIGHT,0.9951,1.4488,-2.5252,1.0744,-2.7851,1.4801,0.0091,-0.1988,-0.6594,0.0538,1.0046,-0.2666,1.7273,0.001597,0.0416,0.0
11.495,FLIGHT,0.9811,1.4566,-2.7193,1.4151,-2.8119,1.6254,0.0052,-0.1983,-0.7444,0.0916,1.006,-0.0703,1.5699,0.001719,0.0094,0.0
11.5,FLIGHT,0.9673,1.4648,-2.7448,1.5591,-2.7038,1.6135,0.0012,-0.1977,-0.7661,0.1179,1.0075,0.0731,1.4568,0.001712,-0.0108,0.0022
11.505,FLIGHT,0.9542,1.4726,-2.6413,1.5528,-2.5026,1.4938,-0.0024,-0.1971,-0.7405,0.1319,1.0089,0.17,1.3826,0.001625,-0.0226,0.0045
11.51,FLIGHT,0.9423,1.4796,-2.4476,1.4419,-2.244,1.3081,-0.0058,-0.1965,-0.6829,0.1344,1.0103,0.2287,1.3404,0.001495,-0.0288,0.0058
11.515,FLIGHT,0.9318,1.4856,-2.1971,1.2661,-1.9561,1.0897,-0.0087,-0.1959,-0.606,0.1276,1.0117,0.2577,1.323,0.001344,-0.0312,0.0062
11.52,FLIGHT,0.9228,1.4905,-1.9174,1.0575,-1.6603,0.8636,-0.0111,-0.1954,-0.52,0.114,1.013,0.2644,1.3235,0.001187,-0.0311,0.0062
11.525,FLIGHT,0.9152,1.4942,-1.6291,0.8402,-1.372,0.6474,-0.0131,-0.195,-0.4323,0.0963,1.0142,0.2556,1.3365,0.001036,-0.0295,0.0059
11.53,FLIGHT,0.909,1.497,-1.3475,0.6317,-1.1016,0.4526,-0.0147,-0.1946,-0.348,0.0769,1.0153,0.2363,1.3572,0.000894,-0.027,0.0054
11.535,FLIGHT,0.9042,1.4988,-1.0827,0.4433,-0.8552,0.2858,-0.0159,-0.1944,-0.2703,0.0577,1.0164,0.2109,1.3821,0.000766,-0.0241,0.0048
11.54,FLIGHT,0.9004,1.4999,-0.841,0.2816,-0.6361,0.15,-0.0167,-0.1942,-0.2013,0.04,1.0174,0.1824,1.4085,0.000653,-0.021,0.0042
11.545,FLIGHT,0.8977,1.5004,-0.6257,0.1498,-0.4451,0.0453,-0.0173,-0.1941,-0.1416,0.0247,1.0184,0.1531,1.4345,0.000556,-0.0179,0.0036
11.55,FLIGHT,0.8959,1.5004,-0.4378,0.048,-0.2816,-0.0299,-0.0177,-0.1941,-0.0914,0.0122,1.0193,0.1248,1.4588,0.000474,-0.015,0.003
11.555,FLIGHT,0.8949,1.5001,-0.2766,-0.025,-0.1439,-0.0783,-0.0179,-0.1941,-0.0504,0.0026,1.0202,0.0985,1.4807,0.000406,-0.0123,0.0025
11.56,FLIGHT,0.8945,1.4996,-0.1406,-0.072,-0.0294,-0.1034,-0.0179,-0.1942,-0.0177,-0.0042,1.0211,0.0748,1.4997,0.00035,-0.0099,0.002
11.565,FLIGHT,0.8946,1.4991,-0.0274,-0.0963,0.0646,-0.1089,-0.0178,-0.1942,0.0076,-0.0084,1.0219,0.0541,1.5158,0.000307,-0.0078,0.0016
11.57,FLIGHT,0.8951,1.4986,0.0658,-0.1015,0.141,-0.0986,-0.0176,-0.1943,0.0264,-0.0105,1.0227,0.0365,1.529,0.000272,-0.006,0.0012
11.575,FLIGHT,0.8959,1.4981,0.1416,-0.0911,0.2025,-0.076,-0.0174,-0.1943,0.0398,-0.0109,1.0236,0.0217,1.5396,0.000246,-0.0045,0.0009
11.58,FLIGHT,0.8971,1.4978,0.2028,-0.0687,0.2518,-0.0442,-0.0171,-0.1944,0.0487,-0.0098,1.0244,0.0096,1.5477,0.000227,-0.0033,0.0007
11.585,FLIGHT,0.8984,1.4977,0.2519,-0.0373,0.2911,-0.006,-0.0168,-0.1944,0.054,-0.0077,1.0252,-0.0001,1.5538,0.000213,-0.0023,0.0005
11.59,FLIGHT,0.9,1.4978,0.2911,0.0004,0.3225,0.0362,-0.0166,-0.1944,0.0565,-0.0048,1.026,-0.0077,1.5583,0.000204,-0.0015,0.0003
11.595,FLIGHT,0.9017,1.4981,0.3225,0.042,0.3476,0.0804,-0.0163,-0.1944,0.057,-0.0014,1.0267,-0.0136,1.5613,0.000198,-0.0009,0.0002
11.6,FLIGHT,0.9034,1.4986,0.3477,0.0855,0.368,0.125,-0.016,-0.1944,0.0561,0.0023,1.0275,-0.018,1.5632,0.000195,-0.0004,0.0001
11.605,FLIGHT,0.9053,1.4993,0.3681,0.1296,0.3846,0.1688,-0.0157,-0.1944,0.054,0.006,1.0283,-0.0214,1.5644,0.000193,-0.0001,0.0
11.61,FLIGHT,0.9073,1.5003,0.3849,0.1728,0.3985,0.2109,-0.0155,-0.1943,0.0514,0.0098,1.0291,-0.0239,1.5649,0.000193,0.0001,0.0
11.615,FLIGHT,0.9093,1.5014,0.3988,0.2144,0.4102,0.2506,-0.0152,-0.1942,0.0485,0.0134,1.0298,-0.0257,1.565,0.000194,0.0003,0.0
11.62,FLIGHT,0.9114,1.5028,0.4105,0.2536,0.4203,0.2875,-0.015,-0.1941,0.0454,0.0169,1.0306,-0.0271,1.5649,0.000196,0.0004,0.0
11.625,FLIGHT,0.9135,1.5043,0.4206,0.2901,0.429,0.3214,-0.0148,-0.194,0.0423,0.0201,1.0313,-0.0282,1.5646,0.000199,0.0005,0.0
11.63,FLIGHT,0.9157,1.506,0.4294,0.3235,0.4368,0.352,-0.0146,-0.1939,0.0395,0.0231,1.032,-0.0291,1.5644,0.000201,0.0005,0.0
11.635,FLIGHT,0.9179,1.5078,0.4371,0.3538,0.4436,0.3794,-0.0144,-0.1938,0.0368,0.0258,1.0327,-0.03,1.5641,0.000204,0.0005,0.0
11.64,FLIGHT,0.9201,1.5098,0.4439,0.3808,0.4496,0.4037,-0.0143,-0.1936,0.0344,0.0282,1.0335,-0.0308,1.5639,0.000207,0.0005,0.0
11.645,FLIGHT,0.9224,1.5118,0.4498,0.4048,0.4547,0.4248,-0.0141,-0.1935,0.0322,0.0303,1.0341,-0.0316,1.5639,0.000209,0.0005,0.0
11.65,FLIGHT,0.9247,1.514,0.4549,0.4257,0.4591,0.4431,-0.014,-0.1933,0.0302,0.0322,1.0348,-0.0324,1.564,0.000212,0.0005,0.0
11.655,FLIGHT,0.927,1.5163,0.4591,0.4437,0.4626,0.4587,-0.0138,-0.1931,0.0285,0.0339,1.0355,-0.0334,1.5642,0.000214,0.0005,0.0
11.66,FLIGHT,0.9293,1.5186,0.4625,0.4591,0.4652,0.4716,-0.0137,-0.193,0.027,0.0353,1.0361,-0.0344,1.5645,0.000217,0.0004,0.0
11.665,FLIGHT,0.9316,1.521,0.4651,0.4718,0.467,0.4822,-0.0136,-0.1928,0.0257,0.0364,1.0368,-0.0355,1.565,0.000219,0.0004,0.0
11.67,FLIGHT,0.9339,1.5234,0.4667,0.4822,0.4678,0.4905,-0.0134,-0.1926,0.0245,0.0374,1.0374,-0.0366,1.5655,0.000221,0.0004,0.0
11.675,FLIGHT,0.9363,1.5259,0.4675,0.4904,0.4677,0.4968,-0.0133,-0.1924,0.0235,0.0382,1.038,-0.0378,1.5662,0.000222,0.0003,0.0
11.68,FLIGHT,0.9386,1.5284,0.4673,0.4966,0.4667,0.5012,-0.0132,-0.1922,0.0225,0.0388,1.0386,-0.039,1.567,0.000224,0.0003,0.0
11.685,FLIGHT,0.941,1.5309,0.4661,0.5009,0.4647,0.5039,-0.0131,-0.192,0.0216,0.0393,1.0391,-0.0403,1.5678,0.000226,0.0003,0.0
11.69,FLIGHT,0.9433,1.5334,0.464,0.5034,0.4618,0.5049,-0.013,-0.1918,0.0208,0.0396,1.0396,-0.0416,1.5687,0.000227,0.0003,0.0
11.695,FLIGHT,0.9456,1.5359,0.461,0.5043,0.4579,0.5045,-0.0129,-0.1916,0.02,0.0398,1.0402,-0.0428,1.5697,0.000228,0.0002,0.0
11.7,FLIGHT,0.9478,1.5385,0.4571,0.5038,0.4531,0.5026,-0.0128,-0.1914,0.0193,0.0399,1.0407,-0.0441,1.5707,0.000229,0.0002,0.0
11.705,FLIGHT,0.9501,1.541,0.4522,0.5018,0.4475,0.4995,-0.0127,-0.1912,0.0185,0.0398,1.0411,-0.0454,1.5717,0.00023,0.0002,0.0
11.71,FLIGHT,0.9523,1.5435,0.4465,0.4986,0.4411,0.4951,-0.0126,-0.191,0.0178,0.0397,1.0416,-0.0466,1.5727,0.000231,0.0002,0.0
11.715,FLIGHT,0.9545,1.5459,0.44,0.4942,0.4338,0.4897,-0.0125,-0.1908,0.0171,0.0394,1.042,-0.0479,1.5738,0.000232,0.0001,0.0
11.72,FLIGHT,0.9567,1.5484,0.4327,0.4886,0.4259,0.4832,-0.0125,-0.1906,0.0164,0.039,1.0424,-0.049,1.5748,0.000232,0.0001,0.0
11.725,FLIGHT,0.9588,1.5508,0.4247,0.4821,0.4172,0.4758,-0.0124,-0.1904,0.0157,0.0386,1.0428,-0.0502,1.5759,0.000233,0.0001,0.0
11.73,FLIGHT,0.9608,1.5531,0.416,0.4746,0.4079,0.4675,-0.0123,-0.1902,0.0149,0.0381,1.0431,-0.0513,1.5769,0.000233,0.0001,0.0
11.735,FLIGHT,0.9628,1.5554,0.4066,0.4663,0.398,0.4584,-0.0122,-0.1901,0.0142,0.0375,1.0435,-0.0523,1.5779,0.000234,0.0001,0.0
11.74,FLIGHT,0.9648,1.5577,0.3967,0.4571,0.3876,0.4486,-0.0122,-0.1899,0.0135,0.0368,1.0438,-0.0533,1.5789,0.000234,0.0,0.0
11.745,FLIGHT,0.9667,1.5599,0.3862,0.4472,0.3767,0.4381,-0.0121,-0.1897,0.0128,0.0361,1.044,-0.0543,1.5799,0.000234,0.0,0.0
11.75,FLIGHT,0.9686,1.5621,0.3753,0.4367,0.3653,0.4269,-0.0121,-0.1895,0.0121,0.0353,1.0443,-0.0552,1.5809,0.000234,0.0,0.0
11.755,FLIGHT,0.9704,1.5642,0.364,0.4255,0.3536,0.4152,-0.012,-0.1893,0.0114,0.0344,1.0445,-0.0561,1.5819,0.000234,-0.0,0.0
11.76,FLIGHT,0.9721,1.5662,0.3523,0.4138,0.3416,0.403,-0.0119,-0.1892,0.0107,0.0335,1.0447,-0.0569,1.5828,0.000234,-0.0,0.0
11.765,FLIGHT,0.9738,1.5682,0.3402,0.4016,0.3293,0.3904,-0.0119,-0.189,0.0101,0.0326,1.0448,-0.0576,1.5837,0.000234,-0.0,0.0
11.77,FLIGHT,0.9754,1.5701,0.3279,0.3889,0.3168,0.3774,-0.0119,-0.1889,0.0094,0.0316,1.045,-0.0583,1.5846,0.000233,-0.0001,0.0
11.775,FLIGHT,0.977,1.572,0.3154,0.3758,0.3041,0.364,-0.0118,-0.1887,0.0088,0.0306,1.0451,-0.059,1.5855,0.000233,-0.0001,0.0
11.78,FLIGHT,0.9784,1.5738,0.3027,0.3625,0.2913,0.3503,-0.0118,-0.1886,0.0082,0.0296,1.0452,-0.0596,1.5863,0.000233,-0.0001,0.0
11.785,FLIGHT,0.9799,1.5755,0.2899,0.3488,0.2784,0.3364,-0.0117,-0.1884,0.0076,0.0285,1.0452,-0.0601,1.5871,0.000232,-0.0001,0.0
11.79,FLIGHT,0.9812,1.5771,0.277,0.3349,0.2654,0.3224,-0.0117,-0.1883,0.007,0.0274,1.0452,-0.0606,1.5879,0.000232,-0.0001,0.0
11.795,FLIGHT,0.9825,1.5787,0.2641,0.3208,0.2525,0.3081,-0.0117,-0.1882,0.0064,0.0263,1.0452,-0.0611,1.5887,0.000231,-0.0001,0.0
11.8,FLIGHT,0.9837,1.5802,0.2511,0.3066,0.2395,0.2938,-0.0116,-0.188,0.0059,0.0252,1.0452,-0.0615,1.5894,0.000231,-0.0001,0.0
11.805,FLIGHT,0.9849,1.5816,0.2382,0.2923,0.2266,0.2794,-0.0116,-0.1879,0.0054,0.024,1.0451,-0.0619,1.5901,0.00023,-0.0001,0.0
11.81,FLIGHT,0.986,1.583,0.2253,0.2779,0.2139,0.265,-0.0116,-0.1878,0.0049,0.0229,1.045,-0.0622,1.5908,0.00023,-0.0001,0.0
11.815,FLIGHT,0.9871,1.5843,0.2126,0.2636,0.2012,0.2507,-0.0116,-0.1877,0.0044,0.0217,1.0449,-0.0625,1.5914,0.000229,-0.0001,0.0
11.82,FLIGHT,0.988,1.5855,0.1999,0.2492,0.1887,0.2364,-0.0116,-0.1876,0.0039,0.0205,1.0447,-0.0627,1.5921,0.000228,-0.0001,0.0
11.825,FLIGHT,0.9889,1.5867,0.1875,0.2349,0.1764,0.2222,-0.0115,-0.1875,0.0035,0.0194,1.0445,-0.0629,1.5927,0.000228,-0.0001,0.0
11.83,FLIGHT,0.9898,1.5877,0.1752,0.2208,0.1643,0.2081,-0.0115,-0.1874,0.0031,0.0182,1.0443,-0.0631,1.5932,0.000227,-0.0001,0.0
11.835,FLIGHT,0.9906,1.5887,0.1631,0.2067,0.1524,0.1942,-0.0115,-0.1873,0.0027,0.0171,1.0441,-0.0632,1.5937,0.000226,-0.0001,0.0
11.84,FLIGHT,0.9913,1.5897,0.1513,0.1929,0.1407,0.1805,-0.0115,-0.1873,0.0023,0.016,1.0438,-0.0633,1.5943,0.000225,-0.0002,0.0
11.845,FLIGHT,0.992,1.5905,0.1397,0.1792,0.1294,0.1671,-0.0115,-0.1872,0.002,0.0149,1.0435,-0.0634,1.5947,0.000225,-0.0002,0.0
11.85,FLIGHT,0.9926,1.5913,0.1283,0.1658,0.1183,0.1538,-0.0115,-0.1871,0.0017,0.0138,1.0432,-0.0635,1.5952,0.000224,-0.0002,0.0
11.855,FLIGHT,0.9932,1.5921,0.1173,0.1526,0.1075,0.1409,-0.0115,-0.1871,0.0014,0.0127,1.0428,-0.0635,1.5956,0.000223,-0.0002,0.0
11.86,FLIGHT,0.9937,1.5928,0.1066,0.1397,0.0971,0.1282,-0.0115,-0.187,0.0011,0.0116,1.0424,-0.0634,1.596,0.000222,-0.0002,0.0
11.865,FLIGHT,0.9941,1.5934,0.0962,0.127,0.087,0.1159,-0.0115,-0.187,0.0009,0.0106,1.042,-0.0634,1.5964,0.000222,-0.0002,0.0
11.87,FLIGHT,0.9946,1.5939,0.0861,0.1147,0.0772,0.1039,-0.0115,-0.1869,0.0006,0.0096,1.0416,-0.0633,1.5967,0.000221,-0.0001,0.0
11.875,FLIGHT,0.9949,1.5944,0.0764,0.1028,0.0678,0.0922,-0.0115,-0.1869,0.0004,0.0086,1.0411,-0.0632,1.597,0.00022,-0.0001,0.0
11.88,FLIGHT,0.9952,1.5948,0.067,0.0911,0.0587,0.0809,-0.0115,-0.1868,0.0002,0.0076,1.0406,-0.0631,1.5973,0.000219,-0.0001,0.0
11.885,FLIGHT,0.9955,1.5952,0.058,0.0799,0.05,0.0699,-0.0115,-0.1868,0.0001,0.0067,1.0401,-0.063,1.5976,0.000219,-0.0001,0.0
11.89,FLIGHT,0.9957,1.5955,0.0493,0.069,0.0417,0.0594,-0.0115,-0.1868,-0.0001,0.0058,1.0395,-0.0628,1.5978,0.000218,-0.0001,0.0
11.895,FLIGHT,0.9959,1.5958,0.041,0.0585,0.0338,0.0493,-0.0115,-0.1868,-0.0002,0.0049,1.039,-0.0626,1.5981,0.000217,-0.0001,0.0
11.9,FLIGHT,0.9961,1.596,0.0331,0.0484,0.0262,0.0395,-0.0115,-0.1867,-0.0003,0.0041,1.0384,-0.0624,1.5983,0.000217,-0.0001,0.0
11.905,FLIGHT,0.9962,1.5962,0.0256,0.0387,0.0191,0.0302,-0.0115,-0.1867,-0.0004,0.0033,1.0377,-0.0622,1.5984,0.000216,-0.0001,0.0
11.91,FLIGHT,0.9963,1.5963,0.0185,0.0294,0.0123,0.0213,-0.0115,-0.1867,-0.0005,0.0025,1.0371,-0.062,1.5986,0.000215,-0.0001,0.0
11.915,FLIGHT,0.9963,1.5964,0.0117,0.0205,0.0059,0.0128,-0.0115,-0.1867,-0.0006,0.0018,1.0364,-0.0618,1.5987,0.000215,-0.0001,0.0
11.92,FLIGHT,0.9963,1.5965,0.0054,0.0121,-0.0002,0.0047,-0.0115,-0.1867,-0.0006,0.001,1.0357,-0.0616,1.5989,0.000214,-0.0001,0.0
11.925,FLIGHT,0.9963,1.5965,-0.0006,0.004,-0.0058,-0.003,-0.0115,-0.1867,-0.0007,0.0004,1.035,-0.0613,1.599,0.000213,-0.0001,0.0
11.93,FLIGHT,0.9963,1.5964,-0.0063,-0.0036,-0.0111,-0.0102,-0.0115,-0.1867,-0.0007,-0.0003,1.0343,-0.0611,1.599,0.000213,-0.0001,0.0
11.935,FLIGHT,0.9962,1.5964,-0.0115,-0.0108,-0.0161,-0.017,-0.0115,-0.1867,-0.0007,-0.0009,1.0336,-0.0608,1.5991,0.000212,-0.0001,0.0
11.94,FLIGHT,0.9961,1.5963,-0.0164,-0.0176,-0.0206,-0.0234,-0.0115,-0.1867,-0.0007,-0.0014,1.0328,-0.0605,1.5991,0.000212,-0.0001,0.0
11.945,FLIGHT,0.996,1.5961,-0.0209,-0.0239,-0.0248,-0.0294,-0.0115,-0.1867,-0.0007,-0.002,1.032,-0.0603,1.5992,0.000211,-0.0001,0.0
11.95,FLIGHT,0.9959,1.596,-0.0251,-0.0299,-0.0287,-0.035,-0.0115,-0.1867,-0.0007,-0.0025,1.0312,-0.06,1.5992,0.000211,-0.0001,0.0
11.955,FLIGHT,0.9957,1.5958,-0.0289,-0.0354,-0.0322,-0.0402,-0.0115,-0.1868,-0.0006,-0.0029,1.0303,-0.0597,1.5992,0.00021,-0.0001,0.0
11.96,FLIGHT,0.9955,1.5956,-0.0324,-0.0405,-0.0354,-0.045,-0.0115,-0.1868,-0.0006,-0.0034,1.0295,-0.0594,1.5992,0.00021,-0.0001,0.0
11.965,FLIGHT,0.9954,1.5953,-0.0356,-0.0453,-0.0383,-0.0493,-0.0115,-0.1868,-0.0006,-0.0038,1.0286,-0.0592,1.5992,0.00021,-0.0001,0.0
11.97,FLIGHT,0.9952,1.5951,-0.0384,-0.0496,-0.0408,-0.0534,-0.0115,-0.1868,-0.0005,-0.0041,1.0277,-0.0589,1.5992,0.000209,-0.0001,0.0
11.975,FLIGHT,0.9949,1.5948,-0.0409,-0.0536,-0.0431,-0.057,-0.0115,-0.1868,-0.0004,-0.0045,1.0268,-0.0586,1.5991,0.000209,-0.0001,0.0
11.98,FLIGHT,0.9947,1.5945,-0.0432,-0.0572,-0.045,-0.0603,-0.0115,-0.1869,-0.0004,-0.0048,1.0259,-0.0584,1.5991,0.000209,-0.0001,0.0
11.985,FLIGHT,0.9945,1.5942,-0.0451,-0.0604,-0.0467,-0.0632,-0.0115,-0.1869,-0.0003,-0.005,1.0249,-0.0581,1.599,0.000208,-0.0001,0.0
11.99,FLIGHT,0.9943,1.5939,-0.0468,-0.0633,-0.0481,-0.0657,-0.0115,-0.1869,-0.0002,-0.0053,1.024,-0.0578,1.5989,0.000208,-0.0001,0.0
11.995,FLIGHT,0.994,1.5935,-0.0482,-0.0658,-0.0493,-0.068,-0.0115,-0.1869,-0.0001,-0.0055,1.023,-0.0576,1.5989,0.000208,-0.0,0.0
12.0,FLIGHT,0.9938,1.5932,-0.0493,-0.0681,-0.0502,-0.0699,-0.0115,-0.187,-0.0001,-0.0057,1.022,-0.0573,1.5988,0.000207,-0.0,0.0
12.005,FLIGHT,0.9935,1.5928,-0.0502,-0.0699,-0.0509,-0.0715,-0.0115,-0.187,0.0,-0.0059,1.021,-0.0571,1.5987,0.000207,-0.0,0.0
12.01,FLIGHT,0.9933,1.5925,-0.0508,-0.0715,-0.0513,-0.0728,-0.0115,-0.187,0.0001,-0.006,1.0199,-0.0568,1.5986,0.000207,-0.0,0.0
12.015,FLIGHT,0.993,1.5921,-0.0513,-0.0728,-0.0515,-0.0738,-0.0115,-0.1871,0.0002,-0.0061,1.0189,-0.0566,1.5985,0.000207,-0.0,0.0
12.02,FLIGHT,0.9927,1.5917,-0.0515,-0.0738,-0.0516,-0.0745,-0.0115,-0.1871,0.0003,-0.0062,1.0178,-0.0564,1.5984,0.000207,-0.0,0.0
12.025,FLIGHT,0.9925,1.5914,-0.0515,-0.0745,-0.0514,-0.075,-0.0115,-0.1871,0.0004,-0.0063,1.0168,-0.0562,1.5983,0.000207,-0.0,0.0
12.03,FLIGHT,0.9922,1.591,-0.0513,-0.0749,-0.0511,-0.0752,-0.0115,-0.1872,0.0005,-0.0063,1.0157,-0.056,1.5982,0.000207,-0.0,0.0
12.035,FLIGHT,0.992,1.5906,-0.051,-0.0751,-0.0506,-0.0752,-0.0115,-0.1872,0.0006,-0.0063,1.0146,-0.0558,1.5981,0.000206,-0.0,0.0
12.04,FLIGHT,0.9917,1.5902,-0.0504,-0.0751,-0.0499,-0.075,-0.0115,-0.1872,0.0007,-0.0063,1.0135,-0.0556,1.5979,0.000206,-0.0,0.0
12.045,FLIGHT,0.9915,1.5899,-0.0498,-0.0748,-0.0491,-0.0745,-0.0115,-0.1872,0.0008,-0.0063,1.0124,-0.0554,1.5978,0.000206,-0.0,0.0
12.05,FLIGHT,0.9912,1.5895,-0.0489,-0.0744,-0.0482,-0.0738,-0.0115,-0.1873,0.0008,-0.0063,1.0112,-0.0552,1.5977,0.000206,-0.0,0.0
12.055,FLIGHT,0.991,1.5891,-0.048,-0.0737,-0.0471,-0.073,-0.0115,-0.1873,0.0009,-0.0062,1.0101,-0.055,1.5976,0.000206,-0.0,0.0
12.06,FLIGHT,0.9908,1.5888,-0.0469,-0.0728,-0.0459,-0.072,-0.0115,-0.1873,0.001,-0.0061,1.0089,-0.0549,1.5975,0.000206,0.0,0.0
12.065,FLIGHT,0.9905,1.5884,-0.0457,-0.0718,-0.0446,-0.0708,-0.0115,-0.1874,0.0011,-0.0061,1.0077,-0.0547,1.5974,0.000206,0.0,0.0
12.07,FLIGHT,0.9903,1.5881,-0.0445,-0.0706,-0.0433,-0.0694,-0.0115,-0.1874,0.0012,-0.006,1.0065,-0.0546,1.5972,0.000206,0.0,0.0
12.075,FLIGHT,0.9901,1.5877,-0.0431,-0.0692,-0.0418,-0.0679,-0.0115,-0.1874,0.0013,-0.0059,1.0053,-0.0545,1.5971,0.000206,0.0,0.0
12.08,FLIGHT,0.9899,1.5874,-0.0416,-0.0677,-0.0403,-0.0663,-0.0115,-0.1875,0.0013,-0.0057,1.0041,-0.0543,1.597,0.000206,0.0,0.0
12.085,FLIGHT,0.9897,1.5871,-0.0401,-0.0661,-0.0387,-0.0646,-0.0114,-0.1875,0.0014,-0.0056,1.0029,-0.0542,1.5969,0.000206,0.0,0.0
12.09,FLIGHT,0.9895,1.5867,-0.0385,-0.0644,-0.0371,-0.0628,-0.0114,-0.1875,0.0015,-0.0055,1.0017,-0.0541,1.5968,0.000207,0.0,0.0
12.095,FLIGHT,0.9893,1.5864,-0.0369,-0.0625,-0.0354,-0.0608,-0.0114,-0.1875,0.0015,-0.0053,1.0004,-0.054,1.5967,0.000207,0.0,0.0
12.1,STANCE,0.9893,1.5863,-0.0119,-0.0289,0.158,0.2021,-0.0114,-0.1875,0.0017,-0.0025,0.9993,0.1582,-0.1378,0.00011,-0.159,0.0318
12.105,STANCE,0.9929,1.5864,0.5509,-0.021,1.2254,-0.306,-0.0108,-0.1876,0.1062,-0.0078,0.9984,-0.1602,-0.7466,-0.001585,-0.4406,0.0897
12.11,STANCE,0.9966,1.5854,0.5982,-0.1155,0.2027,0.0338,-0.0099,-0.1877,0.1279,-0.0164,0.9981,-0.4247,-1.3201,-0.002902,-0.0859,0.0201
12.115,STANCE,0.9973,1.5856,0.2932,-0.0098,0.2103,-0.0378,-0.0098,-0.1877,0.0564,-0.0038,0.9982,-0.5941,-1.9198,-0.003013,0.0173,0.003
12.12,STANCE,0.9994,1.5844,0.3947,-0.2063,0.6266,-0.5134,-0.0093,-0.1878,0.1022,-0.0222,0.9984,-0.9417,-2.2547,-0.002842,0.0459,0.0028
12.125,STANCE,1.0028,1.5782,0.6053,-0.9629,0.8836,-1.3886,-0.0078,-0.1884,0.2457,-0.0901,0.9984,-1.3279,-2.1428,-0.002387,0.0914,0.0024
12.13,STANCE,1.0083,1.5702,0.9547,-1.4577,1.3158,-2.1896,-0.0056,-0.1891,0.3817,-0.132,0.9985,-1.7188,-1.9102,-0.002152,0.0002,0.0022
12.135,STANCE,1.0162,1.5572,1.3892,-2.2841,1.7125,-3.0155,-0.0024,-0.1903,0.5835,-0.195,0.9984,-2.0809,-1.3009,-0.002388,-0.0655,0.0155
12.14,STANCE,1.0239,1.5425,1.4583,-2.7285,1.3683,-2.8956,0.0012,-0.1915,0.6656,-0.2187,0.9984,-2.1503,-0.6918,-0.002542,-0.0098,0.0045
12.145,STANCE,1.0301,1.5275,1.303,-2.9265,1.0907,-3.107,0.0045,-0.1927,0.6703,-0.2217,0.9984,-1.9463,-0.1105,-0.002591,0.0046,0.0026
12.15,STANCE,1.0351,1.5124,1.0738,-2.9843,0.8215,-2.9879,0.0077,-0.1938,0.6402,-0.2152,0.9985,-1.5493,0.4231,-0.002582,0.0152,0.0026
12.155,STANCE,1.0383,1.4977,0.768,-2.9451,0.499,-2.8626,0.0104,-0.1949,0.58,-0.2048,0.9987,-1.0137,0.8632,-0.002421,0.0446,0.0024
12.16,STANCE,1.0403,1.4838,0.5037,-2.8208,0.3044,-2.6963,0.0129,-0.1958,0.514,-0.1908,0.9989,-0.4915,1.1632,-0.00216,0.0601,0.0022
12.165,STANCE,1.0416,1.4706,0.3306,-2.693,0.2399,-2.5694,0.0151,-0.1967,0.4642,-0.1776,0.9992,-0.1486,1.3118,-0.001827,0.066,0.0018
12.17,FLIGHT,1.0425,1.4578,0.2199,-2.5961,-0.0092,-2.3453,0.0171,-0.1975,0.4307,-0.167,0.9996,-1.3339,2.6198,-0.001416,0.1042,0.0014
12.175,FLIGHT,1.0403,1.4494,-0.2703,-1.9001,-0.8837,-1.0729,0.018,-0.1981,0.2306,-0.1281,1.0002,-1.2283,2.5225,-0.000808,0.153,0.0008
12.18,FLIGHT,1.0338,1.4467,-1.0091,-0.924,-1.677,-0.0487,0.0171,-0.1984,-0.0623,-0.0777,1.0011,-0.9704,2.3063,8.5e-05,0.1956,0.0
12.185,FLIGHT,1.024,1.4485,-1.6937,-0.0156,-2.2376,0.7178,0.0149,-0.1985,-0.3338,-0.0262,1.0022,-0.68,2.0671,0.000857,0.1169,0.0
12.19,FLIGHT,1.0119,1.4534,-2.2043,0.69,-2.5722,1.2168,0.0117,-0.1983,-0.5388,0.0222,1.0035,-0.4122,1.8486,0.001292,0.061,0.0
12.195,FLIGHT,0.9986,1.4603,-2.5158,1.1617,-2.7087,1.4832,0.0081,-0.1979,-0.6675,0.064,1.0049,-0.1902,1.6689,0.001498,0.0239,0.0
12.2,FLIGHT,0.985,1.468,-2.6448,1.4194,-2.6879,1.5655,0.0043,-0.1974,-0.7271,0.0961,1.0063,-0.0198,1.5326,0.001553,0.0,0.0
12.205,FLIGHT,0.9719,1.4757,-2.6249,1.5032,-2.5517,1.5138,0.0006,-0.1969,-0.7314,0.1167,1.0077,0.102,1.4372,0.001514,-0.0147,0.0029
12.21,FLIGHT,0.9596,1.483,-2.4941,1.4582,-2.3383,1.373,-0.0028,-0.1963,-0.6955,0.1259,1.009,0.1821,1.3768,0.001417,-0.023,0.0046
12.215,FLIGHT,0.9486,1.4894,-2.2881,1.3263,-2.0791,1.1802,-0.0059,-0.1957,-0.6331,0.1248,1.0103,0.2285,1.3447,0.001291,-0.027,0.0054
12.22,FLIGHT,0.9389,1.4947,-2.0368,1.143,-1.7991,0.9647,-0.0086,-0.1952,-0.5558,0.1157,1.0116,0.2489,1.334,0.001152,-0.0281,0.0056
12.225,FLIGHT,0.9306,1.499,-1.7643,0.9365,-1.5166,0.7479,-0.0108,-0.1947,-0.4722,0.1012,1.0128,0.2503,1.3387,0.001013,-0.0274,0.0055
12.23,FLIGHT,0.9237,1.5022,-1.4887,0.7278,-1.2447,0.5447,-0.0125,-0.1944,-0.3887,0.0835,1.0139,0.2384,1.3539,0.00088,-0.0256,0.0051
12.235,FLIGHT,0.9181,1.5045,-1.2229,0.5316,-0.992,0.3645,-0.0139,-0.1941,-0.3095,0.065,1.015,0.2178,1.3753,0.000758,-0.0232,0.0046
12.24,FLIGHT,0.9137,1.5059,-0.9753,0.3571,-0.7635,0.2124,-0.015,-0.1939,-0.2374,0.0471,1.016,0.1923,1.3999,0.000649,-0.0204,0.0041
12.245,FLIGHT,0.9104,1.5067,-0.7511,0.2097,-0.5616,0.0905,-0.0157,-0.1938,-0.1738,0.031,1.0169,0.1646,1.4252,0.000554,-0.0176,0.0035
12.25,FLIGHT,0.9081,1.5069,-0.5526,0.0912,-0.3866,-0.0017,-0.0162,-0.1937,-0.1193,0.0173,1.0178,0.1367,1.4498,0.000473,-0.0149,0.003
12.255,FLIGHT,0.9065,1.5067,-0.3803,0.0016,-0.2375,-0.0662,-0.0165,-0.1937,-0.0739,0.0064,1.0187,0.11,1.4726,0.000405,-0.0123,0.0025
12.26,FLIGHT,0.9057,1.5063,-0.2333,-0.061,-0.1125,-0.1058,-0.0166,-0.1937,-0.037,-0.0018,1.0196,0.0855,1.4928,0.00035,-0.0099,0.002
12.265,FLIGHT,0.9054,1.5057,-0.1098,-0.0994,-0.009,-0.1239,-0.0166,-0.1938,-0.0079,-0.0073,1.0204,0.0636,1.5103,0.000305,-0.0079,0.0016
12.27,FLIGHT,0.9055,1.505,-0.0073,-0.1169,0.0757,-0.1243,-0.0164,-0.1938,0.0143,-0.0106,1.0212,0.0445,1.5249,0.00027,-0.0061,0.0012
12.275,FLIGHT,0.9061,1.5044,0.0766,-0.117,0.1442,-0.1103,-0.0163,-0.1939,0.0306,-0.012,1.022,0.0284,1.5368,0.000244,-0.0046,0.0009
12.28,FLIGHT,0.907,1.504,0.1446,-0.1031,0.1992,-0.0853,-0.016,-0.194,0.0419,-0.0118,1.0228,0.015,1.5462,0.000224,-0.0034,0.0007
12.285,FLIGHT,0.9081,1.5036,0.1994,-0.0784,0.2432,-0.0523,-0.0158,-0.194,0.0493,-0.0103,1.0235,0.0041,1.5534,0.000209,-0.0024,0.0005
12.29,FLIGHT,0.9094,1.5034,0.2432,-0.0458,0.2782,-0.0139,-0.0155,-0.1941,0.0534,-0.0079,1.0243,-0.0045,1.5587,0.0002,-0.0016,0.0003
12.295,FLIGHT,0.9108,1.5035,0.2781,-0.0079,0.3061,0.0278,-0.0152,-0.1941,0.055,-0.0049,1.025,-0.0113,1.5625,0.000193,-0.001,0.0002
12.3,FLIGHT,0.9124,1.5037,0.3061,0.0332,0.3285,0.071,-0.0149,-0.1941,0.0549,-0.0016,1.0258,-0.0165,1.565,0.00019,-0.0005,0.0001
12.305,FLIGHT,0.9141,1.5042,0.3286,0.0758,0.3466,0.1142,-0.0147,-0.1941,0.0535,0.0021,1.0265,-0.0203,1.5665,0.000188,-0.0001,0.0
12.31,FLIGHT,0.9159,1.5049,0.3468,0.1185,0.3616,0.1563,-0.0144,-0.194,0.0512,0.0057,1.0273,-0.0232,1.5673,0.000188,0.0001,0.0
12.315,FLIGHT,0.9177,1.5057,0.3619,0.1601,0.3741,0.1966,-0.0142,-0.194,0.0485,0.0093,1.028,-0.0254,1.5676,0.000189,0.0003,0.0
12.32,FLIGHT,0.9196,1.5068,0.3744,0.1999,0.3848,0.2345,-0.014,-0.1939,0.0455,0.0128,1.0287,-0.0269,1.5676,0.000191,0.0004,0.0
12.325,FLIGHT,0.9216,1.5081,0.3852,0.2372,0.3941,0.2695,-0.0138,-0.1938,0.0424,0.0161,1.0294,-0.0281,1.5674,0.000193,0.0005,0.0
12.33,FLIGHT,0.9236,1.5095,0.3944,0.2718,0.4022,0.3015,-0.0136,-0.1937,0.0395,0.0192,1.0301,-0.029,1.567,0.000196,0.0005,0.0
12.335,FLIGHT,0.9256,1.5111,0.4026,0.3035,0.4095,0.3304,-0.0134,-0.1936,0.0367,0.022,1.0308,-0.0298,1.5667,0.000199,0.0006,0.0
12.34,FLIGHT,0.9277,1.5128,0.4098,0.332,0.4159,0.3562,-0.0132,-0.1935,0.0342,0.0245,1.0315,-0.0306,1.5664,0.000202,0.0006,0.0
12.345,FLIGHT,0.9298,1.5147,0.4162,0.3575,0.4215,0.379,-0.0131,-0.1933,0.0319,0.0267,1.0322,-0.0313,1.5662,0.000204,0.0005,0.0
12.35,FLIGHT,0.9319,1.5166,0.4218,0.38,0.4265,0.3989,-0.0129,-0.1932,0.0298,0.0287,1.0328,-0.032,1.5661,0.000207,0.0005,0.0
12.355,FLIGHT,0.934,1.5186,0.4266,0.3997,0.4306,0.416,-0.0128,-0.193,0.028,0.0305,1.0335,-0.0328,1.5662,0.00021,0.0005,0.0
12.36,FLIGHT,0.9362,1.5208,0.4307,0.4165,0.434,0.4305,-0.0126,-0.1929,0.0264,0.032,1.0341,-0.0337,1.5663,0.000212,0.0005,0.0
12.365,FLIGHT,0.9384,1.5229,0.434,0.4309,0.4366,0.4426,-0.0125,-0.1927,0.025,0.0333,1.0347,-0.0347,1.5667,0.000214,0.0004,0.0
12.37,FLIGHT,0.9406,1.5252,0.4365,0.4428,0.4383,0.4525,-0.0124,-0.1925,0.0238,0.0344,1.0353,-0.0357,1.5671,0.000216,0.0004,0.0
12.375,FLIGHT,0.9427,1.5275,0.4381,0.4525,0.4391,0.4602,-0.0123,-0.1923,0.0227,0.0353,1.0358,-0.0368,1.5676,0.000218,0.0004,0.0
12.38,FLIGHT,0.9449,1.5298,0.4388,0.4602,0.4391,0.4661,-0.0122,-0.1922,0.0218,0.0361,1.0364,-0.0379,1.5683,0.00022,0.0003,0.0
12.385,FLIGHT,0.9471,1.5321,0.4387,0.4659,0.4382,0.4702,-0.0121,-0.192,0.0209,0.0366,1.0369,-0.0391,1.569,0.000221,0.0003,0.0
12.39,FLIGHT,0.9493,1.5345,0.4376,0.4699,0.4363,0.4727,-0.012,-0.1918,0.0201,0.0371,1.0374,-0.0403,1.5698,0.000223,0.0003,0.0
12.395,FLIGHT,0.9515,1.5368,0.4357,0.4722,0.4336,0.4736,-0.0119,-0.1916,0.0193,0.0373,1.0379,-0.0415,1.5706,0.000224,0.0002,0.0
12.4,FLIGHT,0.9537,1.5392,0.4329,0.473,0.4299,0.4731,-0.0118,-0.1914,0.0186,0.0375,1.0384,-0.0427,1.5715,0.000225,0.0002,0.0
12.405,FLIGHT,0.9558,1.5416,0.4292,0.4725,0.4255,0.4714,-0.0117,-0.1912,0.0179,0.0376,1.0389,-0.0439,1.5725,0.000226,0.0002,0.0
12.41,FLIGHT,0.9579,1.5439,0.4246,0.4706,0.4202,0.4684,-0.0116,-0.191,0.0172,0.0375,1.0393,-0.0451,1.5734,0.000227,0.0002,0.0
12.415,FLIGHT,0.96,1.5463,0.4192,0.4676,0.4141,0.4643,-0.0115,-0.1909,0.0165,0.0373,1.0397,-0.0463,1.5744,0.000228,0.0001,0.0
12.42,FLIGHT,0.962,1.5486,0.4131,0.4634,0.4072,0.4592,-0.0115,-0.1907,0.0158,0.0371,1.0401,-0.0475,1.5754,0.000228,0.0001,0.0
12.425,FLIGHT,0.9641,1.5508,0.4062,0.4583,0.3997,0.4532,-0.0114,-0.1905,0.0152,0.0367,1.0404,-0.0486,1.5764,0.000229,0.0001,0.0
12.43,FLIGHT,0.966,1.5531,0.3986,0.4521,0.3915,0.4462,-0.0113,-0.1903,0.0145,0.0363,1.0408,-0.0497,1.5774,0.000229,0.0001,0.0
12.435,FLIGHT,0.968,1.5553,0.3904,0.4451,0.3828,0.4384,-0.0113,-0.1901,0.0138,0.0358,1.0411,-0.0507,1.5783,0.00023,0.0001,0.0
12.44,FLIGHT,0.9699,1.5575,0.3816,0.4373,0.3734,0.4299,-0.0112,-0.19,0.0132,0.0352,1.0414,-0.0517,1.5793,0.00023,0.0001,0.0
12.445,FLIGHT,0.9717,1.5596,0.3722,0.4287,0.3636,0.4207,-0.0111,-0.1898,0.0125,0.0346,1.0416,-0.0526,1.5803,0.00023,0.0,0.0
12.45,FLIGHT,0.9735,1.5617,0.3624,0.4194,0.3533,0.4108,-0.0111,-0.1896,0.0118,0.0339,1.0419,-0.0535,1.5812,0.000231,0.0,0.0
12.455,FLIGHT,0.9752,1.5637,0.352,0.4095,0.3426,0.4004,-0.011,-0.1894,0.0112,0.0332,1.0421,-0.0544,1.5821,0.000231,0.0,0.0
12.46,FLIGHT,0.9769,1.5657,0.3414,0.3991,0.3316,0.3894,-0.011,-0.1893,0.0105,0.0324,1.0422,-0.0552,1.583,0.000231,-0.0,0.0
12.465,FLIGHT,0.9786,1.5676,0.3303,0.3881,0.3203,0.378,-0.0109,-0.1891,0.0099,0.0315,1.0424,-0.056,1.5839,0.000231,-0.0,0.0
12.47,FLIGHT,0.9801,1.5695,0.319,0.3766,0.3087,0.3661,-0.0109,-0.189,0.0092,0.0307,1.0425,-0.0567,1.5847,0.00023,-0.0,0.0
12.475,FLIGHT,0.9816,1.5713,0.3074,0.3647,0.2969,0.3539,-0.0108,-0.1888,0.0086,0.0297,1.0426,-0.0573,1.5856,0.00023,-0.0001,0.0
12.48,FLIGHT,0.9831,1.573,0.2956,0.3525,0.285,0.3414,-0.0108,-0.1887,0.008,0.0288,1.0427,-0.0579,1.5864,0.00023,-0.0001,0.0
12.485,FLIGHT,0.9845,1.5747,0.2837,0.3399,0.2729,0.3286,-0.0108,-0.1886,0.0074,0.0278,1.0427,-0.0585,1.5872,0.00023,-0.0001,0.0
12.49,FLIGHT,0.9858,1.5763,0.2716,0.3271,0.2608,0.3155,-0.0107,-0.1884,0.0069,0.0268,1.0427,-0.059,1.5879,0.000229,-0.0001,0.0
12.495,FLIGHT,0.9871,1.5778,0.2595,0.3141,0.2486,0.3023,-0.0107,-0.1883,0.0063,0.0257,1.0427,-0.0595,1.5887,0.000229,-0.0001,0.0
12.5,FLIGHT,0.9883,1.5793,0.2473,0.3009,0.2364,0.289,-0.0107,-0.1882,0.0058,0.0247,1.0426,-0.0599,1.5894,0.000228,-0.0001,0.0
12.505,FLIGHT,0.9895,1.5807,0.2351,0.2875,0.2242,0.2755,-0.0106,-0.1881,0.0053,0.0236,1.0426,-0.0603,1.5901,0.000228,-0.0001,0.0
12.51,FLIGHT,0.9906,1.5821,0.223,0.2741,0.2121,0.262,-0.0106,-0.1879,0.0048,0.0225,1.0425,-0.0607,1.5907,0.000227,-0.0001,0.0
12.515,FLIGHT,0.9916,1.5833,0.2109,0.2606,0.2001,0.2485,-0.0106,-0.1878,0.0044,0.0215,1.0423,-0.061,1.5914,0.000227,-0.0001,0.0
12.52,FLIGHT,0.9926,1.5846,0.1989,0.2471,0.1882,0.2351,-0.0106,-0.1877,0.0039,0.0204,1.0422,-0.0612,1.592,0.000226,-0.0001,0.0
12.525,FLIGHT,0.9935,1.5857,0.187,0.2337,0.1765,0.2217,-0.0106,-0.1877,0.0035,0.0193,1.042,-0.0615,1.5926,0.000225,-0.0001,0.0
12.53,FLIGHT,0.9943,1.5868,0.1753,0.2203,0.1649,0.2083,-0.0105,-0.1876,0.0031,0.0182,1.0417,-0.0617,1.5931,0.000225,-0.0001,0.0
12.535,FLIGHT,0.9951,1.5878,0.1638,0.207,0.1535,0.1952,-0.0105,-0.1875,0.0027,0.0171,1.0415,-0.0618,1.5936,0.000224,-0.0001,0.0
12.54,FLIGHT,0.9959,1.5887,0.1524,0.1938,0.1423,0.1821,-0.0105,-0.1874,0.0024,0.0161,1.0412,-0.0619,1.5941,0.000223,-0.0001,0.0
12.545,FLIGHT,0.9965,1.5896,0.1413,0.1808,0.1314,0.1693,-0.0105,-0.1873,0.002,0.015,1.0409,-0.062,1.5946,0.000223,-0.0001,0.0
12.55,FLIGHT,0.9972,1.5904,0.1304,0.168,0.1207,0.1566,-0.0105,-0.1873,0.0017,0.0139,1.0406,-0.0621,1.5951,0.000222,-0.0001,0.0
12.555,FLIGHT,0.9978,1.5912,0.1197,0.1554,0.1103,0.1442,-0.0105,-0.1872,0.0014,0.0129,1.0402,-0.0621,1.5955,0.000221,-0.0001,0.0
12.56,FLIGHT,0.9983,1.5919,0.1094,0.143,0.1002,0.1321,-0.0105,-0.1871,0.0011,0.0119,1.0398,-0.0621,1.5959,0.000221,-0.0001,0.0
12.565,FLIGHT,0.9988,1.5925,0.0993,0.1309,0.0904,0.1202,-0.0105,-0.1871,0.0009,0.0109,1.0394,-0.0621,1.5963,0.00022,-0.0001,0.0
12.57,FLIGHT,0.9992,1.5931,0.0895,0.1191,0.0809,0.1086,-0.0105,-0.187,0.0007,0.0099,1.039,-0.0621,1.5966,0.000219,-0.0001,0.0
12.575,FLIGHT,0.9996,1.5936,0.0801,0.1075,0.0718,0.0973,-0.0105,-0.187,0.0004,0.009,1.0385,-0.062,1.5969,0.000218,-0.0001,0.0
12.58,FLIGHT,0.9999,1.594,0.0709,0.0963,0.0629,0.0864,-0.0105,-0.187,0.0003,0.008,1.038,-0.0619,1.5972,0.000218,-0.0001,0.0
12.585,FLIGHT,1.0002,1.5944,0.0621,0.0854,0.0544,0.0758,-0.0105,-0.1869,0.0001,0.0071,1.0375,-0.0618,1.5975,0.000217,-0.0001,0.0
12.59,FLIGHT,1.0004,1.5948,0.0537,0.0749,0.0463,0.0656,-0.0105,-0.1869,-0.0001,0.0063,1.0369,-0.0617,1.5977,0.000216,-0.0001,0.0
12.595,FLIGHT,1.0007,1.5951,0.0456,0.0646,0.0384,0.0557,-0.0105,-0.1869,-0.0002,0.0054,1.0364,-0.0615,1.598,0.000216,-0.0001,0.0
12.6,FLIGHT,1.0008,1.5953,0.0378,0.0548,0.031,0.0462,-0.0105,-0.1868,-0.0003,0.0046,1.0358,-0.0614,1.5982,0.000215,-0.0001,0.0
12.605,FLIGHT,1.001,1.5956,0.0304,0.0453,0.0239,0.037,-0.0105,-0.1868,-0.0004,0.0038,1.0351,-0.0612,1.5984,0.000214,-0.0001,0.0
12.61,FLIGHT,1.0011,1.5957,0.0233,0.0362,0.0172,0.0283,-0.0105,-0.1868,-0.0005,0.0031,1.0345,-0.061,1.5985,0.000214,-0.0001,0.0
12.615,FLIGHT,1.0011,1.5958,0.0166,0.0275,0.0108,0.0199,-0.0105,-0.1868,-0.0006,0.0023,1.0338,-0.0608,1.5987,0.000213,-0.0001,0.0
12.62,FLIGHT,1.0012,1.5959,0.0103,0.0192,0.0048,0.0119,-0.0105,-0.1868,-0.0007,0.0016,1.0331,-0.0606,1.5988,0.000213,-0.0001,0.0
12.625,FLIGHT,1.0012,1.596,0.0043,0.0113,-0.0009,0.0044,-0.0105,-0.1868,-0.0007,0.001,1.0324,-0.0604,1.5989,0.000212,-0.0001,0.0
12.63,FLIGHT,1.0012,1.596,-0.0013,0.0038,-0.0062,-0.0028,-0.0105,-0.1868,-0.0008,0.0004,1.0317,-0.0602,1.599,0.000212,-0.0001,0.0
12.635,FLIGHT,1.0011,1.5959,-0.0066,-0.0034,-0.0112,-0.0096,-0.0105,-0.1868,-0.0008,-0.0002,1.0309,-0.0599,1.5991,0.000211,-0.0001,0.0
12.64,FLIGHT,1.0011,1.5959,-0.0116,-0.0101,-0.0158,-0.016,-0.0105,-0.1868,-0.0008,-0.0008,1.0302,-0.0597,1.5992,0.000211,-0.0001,0.0
12.645,FLIGHT,1.001,1.5958,-0.0162,-0.0165,-0.0201,-0.022,-0.0105,-0.1868,-0.0008,-0.0013,1.0294,-0.0594,1.5992,0.00021,-0.0001,0.0
12.65,FLIGHT,1.0009,1.5956,-0.0204,-0.0224,-0.0241,-0.0276,-0.0105,-0.1868,-0.0008,-0.0018,1.0286,-0.0592,1.5992,0.00021,-0.0001,0.0
12.655,FLIGHT,1.0007,1.5955,-0.0243,-0.028,-0.0277,-0.0328,-0.0105,-0.1868,-0.0008,-0.0023,1.0277,-0.0589,1.5993,0.000209,-0.0001,0.0
12.66,FLIGHT,1.0006,1.5953,-0.0279,-0.0332,-0.031,-0.0377,-0.0105,-0.1868,-0.0007,-0.0027,1.0269,-0.0587,1.5993,0.000209,-0.0001,0.0
12.665,FLIGHT,1.0004,1.5951,-0.0312,-0.038,-0.034,-0.0421,-0.0105,-0.1869,-0.0007,-0.0031,1.026,-0.0584,1.5993,0.000208,-0.0001,0.0
12.67,FLIGHT,1.0002,1.5949,-0.0342,-0.0424,-0.0367,-0.0463,-0.0105,-0.1869,-0.0007,-0.0035,1.0251,-0.0582,1.5992,0.000208,-0.0001,0.0
12.675,FLIGHT,1.0001,1.5947,-0.0369,-0.0465,-0.0392,-0.05,-0.0105,-0.1869,-0.0006,-0.0039,1.0242,-0.0579,1.5992,0.000208,-0.0001,0.0
12.68,FLIGHT,0.9999,1.5944,-0.0393,-0.0502,-0.0413,-0.0534,-0.0105,-0.1869,-0.0006,-0.0042,1.0233,-0.0577,1.5992,0.000207,-0.0001,0.0
12.685,FLIGHT,0.9996,1.5941,-0.0414,-0.0536,-0.0431,-0.0565,-0.0105,-0.1869,-0.0005,-0.0045,1.0223,-0.0574,1.5991,0.000207,-0.0001,0.0
12.69,FLIGHT,0.9994,1.5938,-0.0432,-0.0566,-0.0447,-0.0592,-0.0105,-0.187,-0.0004,-0.0047,1.0214,-0.0572,1.5991,0.000207,-0.0001,0.0
12.695,FLIGHT,0.9992,1.5935,-0.0448,-0.0593,-0.0461,-0.0616,-0.0105,-0.187,-0.0004,-0.0049,1.0204,-0.0569,1.599,0.000206,-0.0,0.0
12.7,FLIGHT,0.999,1.5932,-0.0461,-0.0617,-0.0472,-0.0637,-0.0105,-0.187,-0.0003,-0.0051,1.0194,-0.0567,1.5989,0.000206,-0.0,0.0
12.705,FLIGHT,0.9987,1.5929,-0.0472,-0.0638,-0.048,-0.0655,-0.0105,-0.187,-0.0002,-0.0053,1.0184,-0.0565,1.5989,0.000206,-0.0,0.0
12.71,FLIGHT,0.9985,1.5926,-0.048,-0.0656,-0.0487,-0.067,-0.0105,-0.1871,-0.0001,-0.0055,1.0174,-0.0562,1.5988,0.000206,-0.0,0.0
12.715,FLIGHT,0.9982,1.5922,-0.0487,-0.067,-0.0491,-0.0682,-0.0105,-0.1871,-0.0001,-0.0056,1.0163,-0.056,1.5987,0.000206,-0.0,0.0
12.72,FLIGHT,0.998,1.5919,-0.0491,-0.0682,-0.0494,-0.0692,-0.0105,-0.1871,0.0,-0.0057,1.0153,-0.0558,1.5986,0.000205,-0.0,0.0
12.725,FLIGHT,0.9977,1.5915,-0.0493,-0.0691,-0.0494,-0.0699,-0.0105,-0.1872,0.0001,-0.0058,1.0142,-0.0556,1.5985,0.000205,-0.0,0.0
12.73,FLIGHT,0.9975,1.5912,-0.0493,-0.0698,-0.0493,-0.0703,-0.0105,-0.1872,0.0002,-0.0058,1.0131,-0.0554,1.5984,0.000205,-0.0,0.0
12.735,FLIGHT,0.9973,1.5908,-0.0492,-0.0702,-0.049,-0.0705,-0.0105,-0.1872,0.0003,-0.0059,1.012,-0.0552,1.5983,0.000205,-0.0,0.0
12.74,FLIGHT,0.997,1.5905,-0.0489,-0.0704,-0.0485,-0.0705,-0.0105,-0.1873,0.0004,-0.0059,1.0109,-0.055,1.5982,0.000205,-0.0,0.0
12.745,FLIGHT,0.9968,1.5901,-0.0484,-0.0704,-0.0479,-0.0703,-0.0105,-0.1873,0.0004,-0.0059,1.0098,-0.0548,1.5981,0.000205,-0.0,0.0
12.75,FLIGHT,0.9965,1.5898,-0.0478,-0.0701,-0.0472,-0.0698,-0.0105,-0.1873,0.0005,-0.0059,1.0086,-0.0547,1.598,0.000205,-0.0,0.0
12.755,FLIGHT,0.9963,1.5894,-0.0471,-0.0697,-0.0463,-0.0692,-0.0105,-0.1873,0.0006,-0.0059,1.0075,-0.0545,1.5979,0.000205,-0.0,0.0
12.76,FLIGHT,0.9961,1.5891,-0.0462,-0.0691,-0.0454,-0.0684,-0.0105,-0.1874,0.0007,-0.0058,1.0063,-0.0543,1.5978,0.000205,-0.0,0.0
12.765,FLIGHT,0.9958,1.5887,-0.0452,-0.0683,-0.0443,-0.0675,-0.0105,-0.1874,0.0008,-0.0057,1.0051,-0.0542,1.5976,0.000205,0.0,0.0
12.77,FLIGHT,0.9956,1.5884,-0.0441,-0.0673,-0.0431,-0.0663,-0.0105,-0.1874,0.0008,-0.0057,1.0039,-0.0541,1.5975,0.000205,0.0,0.0
12.775,FLIGHT,0.9954,1.5881,-0.0429,-0.0662,-0.0418,-0.0651,-0.0105,-0.1875,0.0009,-0.0056,1.0027,-0.0539,1.5974,0.000205,0.0,0.0
12.78,FLIGHT,0.9952,1.5878,-0.0417,-0.0649,-0.0405,-0.0637,-0.0105,-0.1875,0.001,-0.0055,1.0015,-0.0538,1.5973,0.000205,0.0,0.0
12.785,FLIGHT,0.995,1.5874,-0.0403,-0.0635,-0.0391,-0.0622,-0.0105,-0.1875,0.001,-0.0054,1.0003,-0.0537,1.5972,0.000205,0.0,0.0
12.79,STANCE,0.9951,1.5875,0.0113,0.0064,0.2259,0.2982,-0.0105,-0.1875,0.0013,0.0005,0.9992,0.1333,-0.1541,-1e-06,-0.2052,0.041
12.795,STANCE,0.9988,1.5878,0.5641,0.0045,1.2091,-0.3138,-0.0098,-0.1875,0.1052,-0.0051,0.9984,-0.1886,-0.7542,-0.001698,-0.4164,0.085
12.8,STANCE,1.0015,1.5872,0.49,-0.0604,0.163,0.0263,-0.0092,-0.1876,0.1001,-0.01,0.9982,-0.4062,-1.3378,-0.002675,-0.0531,0.0133
12.805,STANCE,1.0024,1.587,0.2886,-0.0474,0.292,-0.1599,-0.0091,-0.1876,0.0606,-0.0069,0.9983,-0.626,-1.8928,-0.002692,0.0283,0.0027
12.81,STANCE,1.0049,1.585,0.4587,-0.3215,0.6974,-0.7761,-0.0083,-0.1878,0.13,-0.0325,0.9985,-1.0151,-2.1837,-0.00248,0.0605,0.0025
12.815,STANCE,1.0087,1.5778,0.682,-1.0778,1.0032,-1.3406,-0.0066,-0.1885,0.2765,-0.0992,0.9985,-1.4209,-2.0565,-0.001995,0.0618,0.002
12.82,STANCE,1.015,1.5681,1.0937,-1.7462,1.4834,-2.544,-0.0041,-0.1894,0.4493,-0.154,0.9985,-1.8598,-1.7305,-0.002019,-0.0462,0.0113
12.825,STANCE,1.0232,1.5535,1.4697,-2.5879,1.5941,-3.2839,-0.0005,-0.1906,0.6441,-0.2141,0.9984,-2.2111,-1.099,-0.002371,-0.0533,0.013
12.83,STANCE,1.0298,1.5387,1.3366,-2.8304,1.2051,-2.6994,0.0029,-0.1918,0.6593,-0.221,0.9984,-2.1812,-0.5838,-0.002383,0.0001,0.0024
12.835,STANCE,1.0348,1.5243,1.072,-2.8938,0.8383,-2.9468,0.0059,-0.1929,0.6231,-0.2155,0.9985,-1.9081,-0.0774,-0.002346,0.0107,0.0023
12.84,STANCE,1.0383,1.5098,0.7985,-2.9169,0.585,-2.849,0.0087,-0.194,0.5785,-0.209,0.9987,-1.4702,0.4234,-0.002285,0.0142,0.0023
12.845,STANCE,1.0403,1.4955,0.5139,-2.8735,0.289,-2.7872,0.0111,-0.195,0.5209,-0.2002,0.9989,-0.9267,0.849,-0.002107,0.0426,0.0021
12.85,STANCE,1.0412,1.4817,0.2745,-2.7953,0.0689,-2.7594,0.0133,-0.196,0.466,-0.1906,0.9991,-0.4048,1.1609,-0.001825,0.0733,0.0018
12.855,STANCE,1.0416,1.4684,0.142,-2.7045,0.0341,-2.6799,0.0154,-0.1969,0.4293,-0.1803,0.9994,-0.0736,1.3221,-0.001495,0.0814,0.0015
12.86,FLIGHT,1.042,1.4555,0.0912,-2.6051,-0.0786,-2.3238,0.0174,-0.1977,0.4069,-0.169,0.9998,-1.3499,2.6321,-0.001128,0.0855,0.0011
12.865,FLIGHT,1.0392,1.4469,-0.3991,-1.9306,-1.0187,-1.112,0.0181,-0.1983,0.2098,-0.132,1.0005,-1.2422,2.5337,-0.000518,0.1554,0.0005
12.87,FLIGHT,1.032,1.444,-1.1434,-0.9542,-1.8133,-0.0721,0.0171,-0.1986,-0.0846,-0.0819,1.0014,-0.9802,2.3144,0.000345,0.1582,0.0
12.875,FLIGHT,1.0215,1.4457,-1.8306,-0.0372,-2.3764,0.704,0.0148,-0.1987,-0.3582,-0.0295,1.0025,-0.684,2.0705,0.000961,0.0917,0.0
12.88,FLIGHT,1.0087,1.4506,-2.342,0.6758,-2.709,1.2078,0.0115,-0.1985,-0.5645,0.0202,1.0038,-0.4105,1.8474,0.001296,0.0454,0.0
12.885,FLIGHT,0.9947,1.4574,-2.6507,1.1515,-2.8394,1.4747,0.0077,-0.1982,-0.6933,0.0633,1.0052,-0.1839,1.6641,0.001441,0.0149,0.0
12.89,FLIGHT,0.9806,1.4651,-2.7732,1.4095,-2.8092,1.5545,0.0038,-0.1977,-0.7515,0.0964,1.0066,-0.0104,1.5254,0.001462,-0.0047,0.0009
12.895,FLIGHT,0.9668,1.4727,-2.7442,1.4908,-2.6619,1.4983,0.0,-0.1971,-0.7535,0.1177,1.0081,0.1133,1.4286,0.001407,-0.0165,0.0033
12.9,FLIGHT,0.9541,1.4799,-2.6025,1.4416,-2.4363,1.3521,-0.0035,-0.1965,-0.7147,0.1271,1.0095,0.1942,1.3677,0.001306,-0.023,0.0046
12.905,FLIGHT,0.9426,1.4862,-2.3846,1.3047,-2.1649,1.1541,-0.0066,-0.1959,-0.6493,0.1259,1.0108,0.2406,1.3357,0.001182,-0.026,0.0052
12.91,FLIGHT,0.9325,1.4914,-2.1213,1.1165,-1.873,0.934,-0.0093,-0.1954,-0.5688,0.1163,1.0121,0.2604,1.3255,0.00105,-0.0265,0.0053
12.915,FLIGHT,0.9238,1.4955,-1.8373,0.9056,-1.5795,0.7135,-0.0116,-0.195,-0.4824,0.1012,1.0134,0.2609,1.3311,0.00092,-0.0255,0.0051
12.92,FLIGHT,0.9166,1.4985,-1.551,0.6935,-1.2976,0.5078,-0.0134,-0.1946,-0.3963,0.0829,1.0145,0.2479,1.3471,0.000797,-0.0236,0.0047
12.925,FLIGHT,0.9108,1.5006,-1.2753,0.495,-1.0361,0.3263,-0.0148,-0.1943,-0.3149,0.0638,1.0156,0.2263,1.3695,0.000685,-0.0212,0.0042
12.93,FLIGHT,0.9062,1.5019,-1.019,0.3193,-0.7998,0.1741,-0.0159,-0.1941,-0.2409,0.0454,1.0167,0.1997,1.3949,0.000585,-0.0186,0.0037
12.935,FLIGHT,0.9028,1.5024,-0.787,0.1718,-0.5911,0.053,-0.0166,-0.194,-0.1758,0.0289,1.0177,0.1709,1.421,0.000499,-0.0159,0.0032
12.94,FLIGHT,0.9003,1.5024,-0.5818,0.0542,-0.4102,-0.0376,-0.0171,-0.194,-0.1202,0.015,1.0186,0.1422,1.4462,0.000426,-0.0133,0.0027
12.945,FLIGHT,0.8986,1.5021,-0.4037,-0.0337,-0.2561,-0.0997,-0.0174,-0.194,-0.0738,0.0039,1.0195,0.1147,1.4694,0.000366,-0.0109,0.0022
12.95,FLIGHT,0.8977,1.5015,-0.2517,-0.094,-0.1267,-0.1364,-0.0175,-0.194,-0.0362,-0.0043,1.0204,0.0896,1.49,0.000317,-0.0088,0.0018
12.955,FLIGHT,0.8973,1.5008,-0.1239,-0.1296,-0.0194,-0.1514,-0.0175,-0.1941,-0.0067,-0.0098,1.0213,0.0672,1.5077,0.000278,-0.0069,0.0014
12.96,FLIGHT,0.8974,1.5,-0.0177,-0.1439,0.0685,-0.1482,-0.0173,-0.1942,0.0159,-0.013,1.0221,0.0477,1.5225,0.000247,-0.0053,0.0011
12.965,FLIGHT,0.898,1.4993,0.0696,-0.1405,0.14,-0.1307,-0.0171,-0.1942,0.0324,-0.0142,1.0229,0.0313,1.5345,0.000225,-0.0039,0.0008
12.97,FLIGHT,0.8988,1.4987,0.1406,-0.1231,0.1977,-0.1022,-0.0169,-0.1943,0.0439,-0.0137,1.0237,0.0177,1.544,0.000208,-0.0028,0.0006
12.975,FLIGHT,0.8999,1.4983,0.198,-0.0949,0.244,-0.0656,-0.0166,-0.1944,0.0513,-0.012,1.0246,0.0066,1.5512,0.000196,-0.0019,0.0004
12.98,FLIGHT,0.9013,1.4981,0.2442,-0.0588,0.2813,-0.0237,-0.0163,-0.1944,0.0554,-0.0094,1.0254,-0.0021,1.5565,0.000189,-0.0012,0.0002
12.985,FLIGHT,0.9027,1.4981,0.2814,-0.0174,0.3113,0.0213,-0.0161,-0.1944,0.0571,-0.0061,1.0262,-0.009,1.5602,0.000184,-0.0006,0.0001
12.99,FLIGHT,0.9044,1.4983,0.3115,0.027,0.3357,0.0676,-0.0158,-0.1944,0.0569,-0.0024,1.0269,-0.0142,1.5627,0.000182,-0.0002,0.0
12.995,FLIGHT,0.9061,1.4987,0.3359,0.0728,0.3557,0.1139,-0.0155,-0.1944,0.0555,0.0014,1.0277,-0.0182,1.5642,0.000182,0.0001,0.0
13.0,FLIGHT,0.9079,1.4994,0.356,0.1184,0.3724,0.1589,-0.0152,-0.1944,0.0532,0.0053,1.0285,-0.0211,1.565,0.000183,0.0003,0.0
13.005,FLIGHT,0.9098,1.5003,0.3728,0.1628,0.3866,0.2018,-0.015,-0.1943,0.0504,0.0092,1.0293,-0.0233,1.5652,0.000185,0.0005,0.0
13.01,FLIGHT,0.9118,1.5014,0.387,0.2052,0.3988,0.2422,-0.0148,-0.1943,0.0474,0.0129,1.03,-0.0249,1.5652,0.000188,0.0006,0.0
13.015,FLIGHT,0.9138,1.5027,0.3993,0.2451,0.4096,0.2795,-0.0145,-0.1942,0.0443,0.0164,1.0308,-0.0262,1.5649,0.000191,0.0006,0.0
13.02,FLIGHT,0.9159,1.5042,0.4101,0.282,0.4191,0.3137,-0.0143,-0.1941,0.0413,0.0196,1.0315,-0.0272,1.5646,0.000194,0.0007,0.0
13.025,FLIGHT,0.918,1.5059,0.4196,0.3158,0.4276,0.3446,-0.0142,-0.194,0.0385,0.0226,1.0323,-0.0281,1.5642,0.000197,0.0007,0.0
13.03,FLIGHT,0.9201,1.5077,0.4281,0.3464,0.4353,0.3723,-0.014,-0.1938,0.036,0.0253,1.033,-0.0289,1.5639,0.000201,0.0006,0.0
13.035,FLIGHT,0.9223,1.5096,0.4356,0.3737,0.442,0.3968,-0.0138,-0.1937,0.0337,0.0277,1.0337,-0.0297,1.5638,0.000204,0.0006,0.0
13.04,FLIGHT,0.9246,1.5116,0.4423,0.398,0.448,0.4183,-0.0137,-0.1935,0.0316,0.0299,1.0344,-0.0305,1.5637,0.000207,0.0006,0.0
13.045,FLIGHT,0.9268,1.5138,0.4482,0.4192,0.453,0.4369,-0.0135,-0.1934,0.0298,0.0318,1.0351,-0.0314,1.5638,0.000209,0.0005,0.0
13.05,FLIGHT,0.9291,1.516,0.4532,0.4375,0.4572,0.4527,-0.0134,-0.1932,0.0282,0.0334,1.0357,-0.0324,1.564,0.000212,0.0005,0.0
13.055,FLIGHT,0.9314,1.5183,0.4573,0.4532,0.4605,0.466,-0.0132,-0.193,0.0267,0.0349,1.0364,-0.0334,1.5644,0.000215,0.0005,0.0
13.06,FLIGHT,0.9337,1.5207,0.4604,0.4663,0.4629,0.477,-0.0131,-0.1928,0.0255,0.0361,1.037,-0.0345,1.5648,0.000217,0.0004,0.0
13.065,FLIGHT,0.936,1.5231,0.4627,0.4771,0.4643,0.4857,-0.013,-0.1927,0.0244,0.0371,1.0376,-0.0357,1.5654,0.000219,0.0004,0.0
13.07,FLIGHT,0.9383,1.5255,0.464,0.4857,0.4647,0.4925,-0.0129,-0.1925,0.0234,0.0379,1.0383,-0.0369,1.5661,0.000221,0.0004,0.0
13.075,FLIGHT,0.9407,1.528,0.4643,0.4923,0.4641,0.4973,-0.0128,-0.1923,0.0225,0.0385,1.0388,-0.0382,1.5669,0.000222,0.0003,0.0
13.08,FLIGHT,0.943,1.5305,0.4636,0.497,0.4626,0.5004,-0.0127,-0.1921,0.0216,0.039,1.0394,-0.0394,1.5677,0.000224,0.0003,0.0
13.085,FLIGHT,0.9453,1.533,0.462,0.5,0.4601,0.5019,-0.0126,-0.1919,0.0208,0.0394,1.0399,-0.0407,1.5687,0.000225,0.0003,0.0
13.09,FLIGHT,0.9476,1.5355,0.4594,0.5013,0.4566,0.5019,-0.0125,-0.1917,0.02,0.0396,1.0405,-0.0421,1.5696,0.000227,0.0002,0.0
13.095,FLIGHT,0.9498,1.538,0.4558,0.5012,0.4522,0.5005,-0.0124,-0.1915,0.0193,0.0397,1.041,-0.0434,1.5706,0.000228,0.0002,0.0
13.1,FLIGHT,0.9521,1.5405,0.4513,0.4997,0.4469,0.4978,-0.0123,-0.1913,0.0186,0.0397,1.0414,-0.0446,1.5716,0.000229,0.0002,0.0
13.105,FLIGHT,0.9543,1.543,0.4459,0.4969,0.4407,0.4938,-0.0122,-0.1911,0.0178,0.0395,1.0419,-0.0459,1.5726,0.00023,0.0002,0.0
13.11,FLIGHT,0.9565,1.5454,0.4397,0.4929,0.4338,0.4888,-0.0121,-0.1909,0.0171,0.0393,1.0423,-0.0471,1.5737,0.000231,0.0001,0.0
13.115,FLIGHT,0.9586,1.5479,0.4327,0.4878,0.4261,0.4827,-0.012,-0.1907,0.0164,0.039,1.0427,-0.0483,1.5747,0.000231,0.0001,0.0
13.12,FLIGHT,0.9608,1.5503,0.4249,0.4817,0.4177,0.4757,-0.0119,-0.1905,0.0157,0.0386,1.0431,-0.0495,1.5758,0.000232,0.0001,0.0
13.125,FLIGHT,0.9628,1.5526,0.4165,0.4745,0.4086,0.4678,-0.0119,-0.1903,0.015,0.0381,1.0435,-0.0506,1.5768,0.000232,0.0001,0.0
13.13,FLIGHT,0.9648,1.5549,0.4073,0.4666,0.3989,0.459,-0.0118,-0.1901,0.0143,0.0375,1.0438,-0.0517,1.5778,0.000233,0.0001,0.0
13.135,FLIGHT,0.9668,1.5572,0.3976,0.4577,0.3887,0.4495,-0.0117,-0.1899,0.0135,0.0369,1.0441,-0.0527,1.5789,0.000233,0.0,0.0
13.14,FLIGHT,0.9687,1.5594,0.3874,0.4482,0.378,0.4393,-0.0117,-0.1898,0.0128,0.0362,1.0444,-0.0536,1.5799,0.000233,0.0,0.0
13.145,FLIGHT,0.9706,1.5616,0.3766,0.4379,0.3668,0.4284,-0.0116,-0.1896,0.0121,0.0354,1.0447,-0.0546,1.5808,0.000233,0.0,0.0
13.15,FLIGHT,0.9724,1.5637,0.3655,0.427,0.3553,0.417,-0.0116,-0.1894,0.0114,0.0346,1.0449,-0.0554,1.5818,0.000233,-0.0,0.0
13.155,FLIGHT,0.9741,1.5658,0.3539,0.4155,0.3434,0.405,-0.0115,-0.1892,0.0108,0.0337,1.0451,-0.0562,1.5827,0.000233,-0.0,0.0
13.16,FLIGHT,0.9758,1.5678,0.342,0.4036,0.3313,0.3926,-0.0115,-0.1891,0.0101,0.0328,1.0453,-0.057,1.5836,0.000233,-0.0,0.0
13.165,FLIGHT,0.9775,1.5697,0.3299,0.3911,0.3189,0.3798,-0.0114,-0.1889,0.0094,0.0318,1.0454,-0.0577,1.5845,0.000233,-0.0001,0.0
13.17,FLIGHT,0.979,1.5716,0.3175,0.3783,0.3063,0.3666,-0.0114,-0.1888,0.0088,0.0308,1.0455,-0.0584,1.5854,0.000232,-0.0001,0.0
13.175,FLIGHT,0.9805,1.5734,0.3049,0.3651,0.2936,0.3531,-0.0113,-0.1886,0.0082,0.0298,1.0456,-0.059,1.5863,0.000232,-0.0001,0.0
13.18,FLIGHT,0.9819,1.5751,0.2922,0.3516,0.2807,0.3394,-0.0113,-0.1885,0.0076,0.0287,1.0457,-0.0596,1.5871,0.000232,-0.0001,0.0
13.185,FLIGHT,0.9833,1.5768,0.2794,0.3378,0.2679,0.3254,-0.0113,-0.1884,0.007,0.0277,1.0457,-0.0601,1.5879,0.000231,-0.0001,0.0
13.19,FLIGHT,0.9846,1.5783,0.2665,0.3239,0.2549,0.3113,-0.0112,-0.1882,0.0064,0.0265,1.0457,-0.0606,1.5886,0.000231,-0.0001,0.0
13.195,FLIGHT,0.9859,1.5799,0.2536,0.3098,0.2421,0.2971,-0.0112,-0.1881,0.0059,0.0254,1.0456,-0.061,1.5894,0.00023,-0.0001,0.0
13.2,FLIGHT,0.987,1.5813,0.2407,0.2956,0.2292,0.2828,-0.0112,-0.188,0.0053,0.0243,1.0456,-0.0614,1.5901,0.00023,-0.0001,0.0
13.205,FLIGHT,0.9882,1.5827,0.2279,0.2813,0.2165,0.2685,-0.0111,-0.1879,0.0048,0.0231,1.0455,-0.0617,1.5907,0.000229,-0.0001,0.0
13.21,FLIGHT,0.9892,1.584,0.2152,0.267,0.2038,0.2542,-0.0111,-0.1878,0.0044,0.022,1.0454,-0.062,1.5914,0.000228,-0.0001,0.0
13.215,FLIGHT,0.9902,1.5852,0.2026,0.2527,0.1913,0.2399,-0.0111,-0.1877,0.0039,0.0208,1.0452,-0.0623,1.592,0.000228,-0.0001,0.0
13.22,FLIGHT,0.9911,1.5864,0.1901,0.2385,0.179,0.2258,-0.0111,-0.1876,0.0035,0.0197,1.045,-0.0625,1.5926,0.000227,-0.0001,0.0
13.225,FLIGHT,0.992,1.5875,0.1778,0.2244,0.1669,0.2117,-0.0111,-0.1875,0.0031,0.0185,1.0448,-0.0627,1.5932,0.000226,-0.0001,0.0
13.23,FLIGHT,0.9928,1.5885,0.1657,0.2103,0.155,0.1979,-0.0111,-0.1874,0.0027,0.0174,1.0446,-0.0628,1.5937,0.000226,-0.0001,0.0
13.235,FLIGHT,0.9935,1.5895,0.1538,0.1965,0.1433,0.1842,-0.0111,-0.1873,0.0023,0.0163,1.0443,-0.0629,1.5942,0.000225,-0.0001,0.0
13.24,FLIGHT,0.9942,1.5904,0.1422,0.1828,0.1319,0.1707,-0.011,-0.1872,0.002,0.0152,1.044,-0.063,1.5947,0.000224,-0.0002,0.0
13.245,FLIGHT,0.9949,1.5912,0.1309,0.1694,0.1208,0.1574,-0.011,-0.1872,0.0016,0.0141,1.0437,-0.063,1.5952,0.000223,-0.0002,0.0
13.25,FLIGHT,0.9954,1.5919,0.1198,0.1562,0.11,0.1444,-0.011,-0.1871,0.0013,0.013,1.0434,-0.0631,1.5956,0.000223,-0.0002,0.0
13.255,FLIGHT,0.996,1.5926,0.109,0.1432,0.0995,0.1317,-0.011,-0.187,0.0011,0.0119,1.043,-0.063,1.596,0.000222,-0.0002,0.0
13.26,FLIGHT,0.9964,1.5932,0.0985,0.1306,0.0893,0.1194,-0.011,-0.187,0.0008,0.0109,1.0426,-0.063,1.5964,0.000221,-0.0002,0.0
13.265,FLIGHT,0.9969,1.5938,0.0884,0.1182,0.0795,0.1073,-0.011,-0.1869,0.0006,0.0099,1.0421,-0.0629,1.5967,0.00022,-0.0001,0.0
13.27,FLIGHT,0.9972,1.5943,0.0786,0.1062,0.07,0.0956,-0.011,-0.1869,0.0004,0.0089,1.0417,-0.0629,1.5971,0.00022,-0.0001,0.0
13.275,FLIGHT,0.9976,1.5948,0.0692,0.0945,0.0609,0.0842,-0.011,-0.1869,0.0002,0.0079,1.0412,-0.0628,1.5974,0.000219,-0.0001,0.0
13.28,FLIGHT,0.9978,1.5952,0.0601,0.0832,0.0521,0.0732,-0.011,-0.1868,0.0,0.007,1.0407,-0.0626,1.5976,0.000218,-0.0001,0.0
13.285,FLIGHT,0.9981,1.5955,0.0513,0.0722,0.0437,0.0626,-0.011,-0.1868,-0.0001,0.0061,1.0401,-0.0625,1.5979,0.000217,-0.0001,0.0
13.29,FLIGHT,0.9983,1.5958,0.043,0.0616,0.0357,0.0523,-0.011,-0.1868,-0.0003,0.0052,1.0396,-0.0623,1.5981,0.000217,-0.0001,0.0
13.295,FLIGHT,0.9984,1.596,0.035,0.0515,0.028,0.0425,-0.011,-0.1868,-0.0004,0.0043,1.039,-0.0621,1.5983,0.000216,-0.0001,0.0
13.3,FLIGHT,0.9986,1.5962,0.0274,0.0417,0.0208,0.0331,-0.011,-0.1867,-0.0005,0.0035,1.0384,-0.0619,1.5985,0.000215,-0.0001,0.0
13.305,FLIGHT,0.9986,1.5964,0.0202,0.0323,0.0139,0.0241,-0.011,-0.1867,-0.0006,0.0027,1.0377,-0.0617,1.5987,0.000215,-0.0001,0.0
13.31,FLIGHT,0.9987,1.5965,0.0133,0.0233,0.0074,0.0155,-0.011,-0.1867,-0.0007,0.002,1.0371,-0.0615,1.5988,0.000214,-0.0001,0.0
13.315,FLIGHT,0.9987,1.5965,0.0069,0.0148,0.0012,0.0073,-0.011,-0.1867,-0.0007,0.0013,1.0364,-0.0613,1.5989,0.000213,-0.0001,0.0
13.32,FLIGHT,0.9987,1.5965,0.0008,0.0066,-0.0045,-0.0005,-0.011,-0.1867,-0.0008,0.0006,1.0357,-0.061,1.599,0.000213,-0.0001,0.0
13.325,FLIGHT,0.9987,1.5965,-0.005,-0.0011,-0.0099,-0.0078,-0.011,-0.1867,-0.0008,-0.0,1.035,-0.0608,1.5991,0.000212,-0.0001,0.0
13.33,FLIGHT,0.9986,1.5965,-0.0103,-0.0084,-0.0149,-0.0147,-0.011,-0.1867,-0.0008,-0.0007,1.0342,-0.0605,1.5992,0.000212,-0.0001,0.0
13.335,FLIGHT,0.9985,1.5964,-0.0153,-0.0153,-0.0196,-0.0212,-0.0111,-0.1867,-0.0008,-0.0012,1.0335,-0.0602,1.5993,0.000211,-0.0001,0.0
13.34,FLIGHT,0.9984,1.5962,-0.0199,-0.0217,-0.0239,-0.0273,-0.0111,-0.1867,-0.0008,-0.0018,1.0327,-0.06,1.5993,0.000211,-0.0001,0.0
13.345,FLIGHT,0.9983,1.5961,-0.0242,-0.0278,-0.0279,-0.033,-0.0111,-0.1868,-0.0008,-0.0023,1.0319,-0.0597,1.5993,0.00021,-0.0001,0.0
13.35,FLIGHT,0.9981,1.5959,-0.0281,-0.0334,-0.0315,-0.0383,-0.0111,-0.1868,-0.0007,-0.0028,1.031,-0.0594,1.5993,0.00021,-0.0001,0.0
13.355,FLIGHT,0.998,1.5957,-0.0317,-0.0387,-0.0348,-0.0432,-0.0111,-0.1868,-0.0007,-0.0032,1.0302,-0.0592,1.5993,0.000209,-0.0001,0.0
13.36,FLIGHT,0.9978,1.5955,-0.0349,-0.0435,-0.0377,-0.0477,-0.0111,-0.1868,-0.0007,-0.0036,1.0293,-0.0589,1.5993,0.000209,-0.0001,0.0
13.365,FLIGHT,0.9976,1.5952,-0.0379,-0.048,-0.0404,-0.0518,-0.0111,-0.1868,-0.0006,-0.004,1.0284,-0.0586,1.5993,0.000209,-0.0001,0.0
13.37,FLIGHT,0.9974,1.595,-0.0405,-0.0521,-0.0427,-0.0556,-0.0111,-0.1868,-0.0006,-0.0043,1.0275,-0.0584,1.5992,0.000208,-0.0001,0.0
13.375,FLIGHT,0.9972,1.5947,-0.0428,-0.0558,-0.0448,-0.0589,-0.0111,-0.1869,-0.0005,-0.0046,1.0266,-0.0581,1.5992,0.000208,-0.0001,0.0
13.38,FLIGHT,0.9969,1.5944,-0.0448,-0.0591,-0.0465,-0.0619,-0.0111,-0.1869,-0.0004,-0.0049,1.0256,-0.0578,1.5991,0.000208,-0.0001,0.0
13.385,FLIGHT,0.9967,1.5941,-0.0466,-0.0621,-0.048,-0.0646,-0.0111,-0.1869,-0.0003,-0.0052,1.0247,-0.0576,1.5991,0.000207,-0.0001,0.0
13.39,FLIGHT,0.9965,1.5937,-0.0481,-0.0647,-0.0493,-0.067,-0.0111,-0.1869,-0.0003,-0.0054,1.0237,-0.0573,1.599,0.000207,-0.0001,0.0
13.395,FLIGHT,0.9962,1.5934,-0.0493,-0.0671,-0.0502,-0.069,-0.0111,-0.187,-0.0002,-0.0056,1.0227,-0.057,1.5989,0.000207,-0.0,0.0
13.4,FLIGHT,0.996,1.593,-0.0502,-0.069,-0.051,-0.0707,-0.0111,-0.187,-0.0001,-0.0058,1.0217,-0.0568,1.5988,0.000207,-0.0,0.0
13.405,FLIGHT,0.9957,1.5927,-0.051,-0.0707,-0.0515,-0.0721,-0.0111,-0.187,0.0,-0.0059,1.0207,-0.0566,1.5987,0.000206,-0.0,0.0
13.41,FLIGHT,0.9954,1.5923,-0.0515,-0.0721,-0.0518,-0.0732,-0.0111,-0.1871,0.0001,-0.006,1.0197,-0.0563,1.5986,0.000206,-0.0,0.0
13.415,FLIGHT,0.9952,1.592,-0.0517,-0.0732,-0.0519,-0.074,-0.0111,-0.1871,0.0002,-0.0061,1.0186,-0.0561,1.5985,0.000206,-0.0,0.0
13.42,FLIGHT,0.9949,1.5916,-0.0518,-0.074,-0.0518,-0.0745,-0.0111,-0.1871,0.0003,-0.0062,1.0175,-0.0559,1.5984,0.000206,-0.0,0.0
13.425,FLIGHT,0.9947,1.5912,-0.0517,-0.0745,-0.0515,-0.0749,-0.0111,-0.1872,0.0004,-0.0062,1.0165,-0.0557,1.5983,0.000206,-0.0,0.0
13.43,FLIGHT,0.9944,1.5908,-0.0514,-0.0748,-0.0511,-0.0749,-0.0111,-0.1872,0.0005,-0.0063,1.0154,-0.0555,1.5982,0.000206,-0.0,0.0
13.435,FLIGHT,0.9942,1.5905,-0.051,-0.0748,-0.0505,-0.0748,-0.0111,-0.1872,0.0006,-0.0063,1.0143,-0.0553,1.5981,0.000206,-0.0,0.0
13.44,FLIGHT,0.9939,1.5901,-0.0503,-0.0746,-0.0497,-0.0744,-0.0111,-0.1873,0.0006,-0.0063,1.0131,-0.0551,1.598,0.000206,-0.0,0.0
13.445,FLIGHT,0.9937,1.5897,-0.0496,-0.0742,-0.0488,-0.0738,-0.0111,-0.1873,0.0007,-0.0062,1.012,-0.0549,1.5979,0.000205,-0.0,0.0
13.45,FLIGHT,0.9934,1.5893,-0.0487,-0.0736,-0.0478,-0.073,-0.0111,-0.1873,0.0008,-0.0062,1.0109,-0.0548,1.5977,0.000205,-0.0,0.0
13.455,FLIGHT,0.9932,1.589,-0.0476,-0.0728,-0.0467,-0.072,-0.0111,-0.1873,0.0009,-0.0061,1.0097,-0.0546,1.5976,0.000205,0.0,0.0
13.46,FLIGHT,0.9929,1.5886,-0.0465,-0.0719,-0.0454,-0.0709,-0.0111,-0.1874,0.001,-0.0061,1.0085,-0.0544,1.5975,0.000205,0.0,0.0
13.465,FLIGHT,0.9927,1.5883,-0.0453,-0.0707,-0.0441,-0.0696,-0.011,-0.1874,0.0011,-0.006,1.0073,-0.0543,1.5974,0.000206,0.0,0.0
13.47,FLIGHT,0.9925,1.5879,-0.0439,-0.0694,-0.0427,-0.0682,-0.011,-0.1874,0.0011,-0.0059,1.0061,-0.0542,1.5973,0.000206,0.0,0.0
13.475,FLIGHT,0.9923,1.5876,-0.0425,-0.068,-0.0412,-0.0666,-0.011,-0.1875,0.0012,-0.0057,1.0049,-0.0541,1.5972,0.000206,0.0,0.0
13.48,FLIGHT,0.9921,1.5873,-0.041,-0.0664,-0.0396,-0.065,-0.011,-0.1875,0.0013,-0.0056,1.0037,-0.0539,1.597,0.000206,0.0,0.0
13.485,FLIGHT,0.9919,1.5869,-0.0394,-0.0647,-0.038,-0.0632,-0.011,-0.1875,0.0013,-0.0055,1.0025,-0.0538,1.5969,0.000206,0.0,0.0
13.49,FLIGHT,0.9917,1.5866,-0.0378,-0.0629,-0.0364,-0.0613,-0.011,-0.1875,0.0014,-0.0053,1.0012,-0.0537,1.5968,0.000206,0.0,0.0
13.495,FLIGHT,0.9915,1.5863,-0.0362,-0.061,-0.0346,-0.0593,-0.011,-0.1876,0.0015,-0.0052,1.0,-0.0537,1.5967,0.000206,0.0,0.0
13.5,STANCE,0.9924,1.5867,0.1443,0.0459,0.6396,0.1231,-0.0109,-0.1875,0.0209,0.0026,0.9989,0.0765,-0.4022,-0.000355,-0.3075,0.0619
13.505,STANCE,0.9978,1.5856,0.8117,-0.1663,1.0026,-0.3634,-0.0097,-0.1877,0.1749,-0.0229,0.9982,-0.3663,-0.9291,-0.002275,-0.3151,0.0653
13.51,STANCE,0.9998,1.5853,0.4904,-0.075,0.133,0.0801,-0.0093,-0.1877,0.1023,-0.0113,0.9981,-0.515,-1.5598,-0.002923,-0.0223,0.0074
13.515,STANCE,1.0009,1.5851,0.3221,-0.0736,0.3826,-0.2541,-0.0091,-0.1878,0.0705,-0.0095,0.9983,-0.7544,-2.065,-0.002842,0.0407,0.0028
13.52,STANCE,1.0038,1.5819,0.5241,-0.5168,0.623,-1.5428,-0.0081,-0.1881,0.1691,-0.0503,0.9984,-1.1515,-2.212,-0.002551,0.1181,0.0026
13.525,STANCE,1.0079,1.5733,0.7592,-1.2897,1.1057,-1.4835,-0.0061,-0.1889,0.3209,-0.1173,0.9985,-1.5435,-1.9875,-0.002018,0.0564,0.002
13.53,STANCE,1.0144,1.5626,1.1277,-1.9516,1.317,-2.9011,-0.0034,-0.1898,0.4856,-0.1697,0.9985,-1.9274,-1.5793,-0.002085,-0.0135,0.0048
13.535,STANCE,1.022,1.5471,1.3987,-2.7694,1.4651,-3.5075,0.0002,-0.1911,0.658,-0.2261,0.9984,-2.1767,-0.8925,-0.002413,-0.0523,0.0129
13.54,STANCE,1.0293,1.5301,1.4147,-3.1911,1.1779,-3.2956,0.004,-0.1925,0.7286,-0.2441,0.9983,-2.1589,-0.2436,-0.002753,-0.0171,0.0062
13.545,STANCE,1.0343,1.5138,1.1153,-3.2327,0.8862,-3.1106,0.0073,-0.1937,0.6836,-0.2349,0.9983,-1.8158,0.2806,-0.002858,-0.0371,0.0103
13.55,STANCE,1.0373,1.498,0.7418,-3.1684,0.4198,-3.0442,0.0102,-0.1948,0.6072,-0.2221,0.9984,-1.2887,0.737,-0.002856,0.0096,0.0029
13.555,STANCE,1.0385,1.4831,0.3906,-3.0264,0.131,-2.8595,0.0126,-0.1959,0.5219,-0.2073,0.9986,-0.7,1.086,-0.002723,0.0328,0.0027
13.56,STANCE,1.0386,1.469,0.1334,-2.8796,0.0127,-2.6922,0.0147,-0.1969,0.4529,-0.1939,0.9989,-0.2049,1.3139,-0.002477,0.0416,0.0025
13.565,STANCE,1.0384,1.4555,0.0117,-2.7592,-0.0594,-2.6921,0.0167,-0.1978,0.4135,-0.182,0.9992,0.0173,1.3918,-0.002169,0.0746,0.0022
13.57,FLIGHT,1.0373,1.4433,-0.1872,-2.4933,-0.6376,-1.8985,0.0183,-0.1986,0.3362,-0.164,0.9996,-1.3841,2.6519,-0.001703,0.1273,0.0017
13.575,FLIGHT,1.0317,1.4369,-0.8661,-1.6054,-1.5648,-0.6941,0.0181,-0.1991,0.0681,-0.1189,1.0003,-1.1802,2.4775,-0.0009,0.19,0.0009
13.58,FLIGHT,1.022,1.436,-1.6373,-0.5934,-2.2885,0.2725,0.0163,-0.1993,-0.2378,-0.0656,1.0013,-0.8775,2.2273,0.000143,0.2052,0.0
13.585,FLIGHT,1.0093,1.4391,-2.2746,0.2757,-2.7563,0.954,0.0133,-0.1993,-0.4942,-0.0116,1.0025,-0.5718,1.9774,0.000949,0.1212,0.0
13.59,FLIGHT,0.9948,1.445,-2.7046,0.9084,-2.9934,1.3633,0.0096,-0.1991,-0.6717,0.0386,1.0039,-0.3052,1.761,0.001398,0.0623,0.0
13.595,FLIGHT,0.9797,1.4524,-2.926,1.2983,-3.0381,1.5469,0.0055,-0.1986,-0.7696,0.0803,1.0053,-0.0929,1.5902,0.001605,0.0234,0.0
13.6,FLIGHT,0.9647,1.4602,-2.9677,1.4784,-2.9363,1.5594,0.0014,-0.1981,-0.7999,0.1105,1.0067,0.0641,1.4658,0.001655,-0.0015,0.0003
13.605,FLIGHT,0.9505,1.4678,-2.8699,1.4957,-2.7319,1.4527,-0.0025,-0.1975,-0.7787,0.1278,1.0082,0.1715,1.383,0.001606,-0.0167,0.0033
13.61,FLIGHT,0.9375,1.4746,-2.6728,1.3979,-2.4629,1.2718,-0.006,-0.1969,-0.722,0.1327,1.0096,0.2378,1.3346,0.001498,-0.0252,0.005
13.615,FLIGHT,0.9259,1.4804,-2.4124,1.2272,-2.16,1.0526,-0.0091,-0.1963,-0.6436,0.1273,1.0109,0.2717,1.313,0.001361,-0.0292,0.0058
13.62,FLIGHT,0.9159,1.4851,-2.118,1.0183,-1.8463,0.8224,-0.0117,-0.1958,-0.5545,0.1143,1.0122,0.2815,1.3113,0.001212,-0.0302,0.006
13.625,FLIGHT,0.9074,1.4887,-1.8124,0.7975,-1.5389,0.6006,-0.0139,-0.1954,-0.4627,0.0965,1.0134,0.274,1.3233,0.001062,-0.0292,0.0058
13.63,FLIGHT,0.9005,1.4912,-1.512,0.5839,-1.2491,0.4,-0.0156,-0.195,-0.374,0.0765,1.0145,0.2549,1.344,0.000921,-0.0272,0.0054
13.635,FLIGHT,0.8949,1.4927,-1.2283,0.3901,-0.9839,0.228,-0.0169,-0.1948,-0.2918,0.0565,1.0156,0.2289,1.3694,0.000791,-0.0246,0.0049
13.64,FLIGHT,0.8906,1.4935,-0.9681,0.2236,-0.7471,0.0881,-0.0178,-0.1947,-0.2185,0.0379,1.0166,0.1993,1.3968,0.000676,-0.0216,0.0043
13.645,FLIGHT,0.8874,1.4937,-0.7355,0.0881,-0.5399,-0.0192,-0.0184,-0.1946,-0.1549,0.0217,1.0176,0.1688,1.4239,0.000575,-0.0186,0.0037
13.65,FLIGHT,0.8851,1.4934,-0.5315,-0.016,-0.3617,-0.0954,-0.0188,-0.1946,-0.1013,0.0085,1.0185,0.139,1.4493,0.00049,-0.0157,0.0031
13.655,FLIGHT,0.8837,1.4928,-0.3558,-0.0899,-0.2107,-0.1434,-0.019,-0.1946,-0.0572,-0.0016,1.0194,0.1112,1.4723,0.000419,-0.0129,0.0026
13.66,FLIGHT,0.883,1.492,-0.2067,-0.1364,-0.0844,-0.1667,-0.0191,-0.1947,-0.022,-0.0088,1.0203,0.0862,1.4923,0.00036,-0.0104,0.0021
13.665,FLIGHT,0.8828,1.4911,-0.0819,-0.1589,0.02,-0.1694,-0.019,-0.1947,0.0053,-0.0132,1.0211,0.0642,1.5092,0.000314,-0.0083,0.0017
13.67,FLIGHT,0.8832,1.4903,0.0216,-0.1611,0.1055,-0.1552,-0.0188,-0.1948,0.0258,-0.0154,1.022,0.0454,1.5231,0.000277,-0.0064,0.0013
13.675,FLIGHT,0.8839,1.4896,0.1065,-0.1469,0.1752,-0.1279,-0.0186,-0.1949,0.0405,-0.0156,1.0228,0.0297,1.5342,0.000249,-0.0048,0.001
13.68,FLIGHT,0.8849,1.489,0.1758,-0.1199,0.2316,-0.0909,-0.0183,-0.195,0.0504,-0.0143,1.0236,0.0168,1.5428,0.000228,-0.0035,0.0007
13.685,FLIGHT,0.8862,1.4887,0.2321,-0.0833,0.2773,-0.0472,-0.018,-0.195,0.0564,-0.0119,1.0244,0.0065,1.5492,0.000213,-0.0025,0.0005
13.69,FLIGHT,0.8876,1.4886,0.2777,-0.0401,0.3145,0.0008,-0.0177,-0.1951,0.0596,-0.0086,1.0252,-0.0017,1.5538,0.000203,-0.0017,0.0003
13.695,FLIGHT,0.8893,1.4887,0.3148,0.0073,0.3448,0.0509,-0.0174,-0.1951,0.0604,-0.0048,1.026,-0.008,1.557,0.000196,-0.001,0.0002
13.7,FLIGHT,0.8911,1.4891,0.3452,0.0568,0.3699,0.1015,-0.0171,-0.1951,0.0597,-0.0007,1.0268,-0.0129,1.5591,0.000193,-0.0005,0.0001
13.705,FLIGHT,0.893,1.4897,0.3703,0.1067,0.3909,0.1512,-0.0168,-0.195,0.0578,0.0035,1.0276,-0.0165,1.5602,0.000191,-0.0001,0.0
13.71,FLIGHT,0.895,1.4906,0.3914,0.1558,0.4087,0.1991,-0.0166,-0.195,0.0553,0.0078,1.0283,-0.0193,1.5608,0.000191,0.0001,0.0
13.715,FLIGHT,0.8971,1.4917,0.4093,0.2031,0.4241,0.2444,-0.0163,-0.1949,0.0524,0.0119,1.0291,-0.0213,1.5609,0.000192,0.0003,0.0
13.72,FLIGHT,0.8992,1.493,0.4247,0.2479,0.4376,0.2867,-0.0161,-0.1948,0.0493,0.0158,1.0299,-0.0229,1.5608,0.000194,0.0005,0.0
13.725,FLIGHT,0.9014,1.4946,0.4383,0.2897,0.4496,0.3257,-0.0158,-0.1947,0.0462,0.0195,1.0306,-0.0242,1.5605,0.000197,0.0005,0.0
13.73,FLIGHT,0.9037,1.4963,0.4502,0.3282,0.4604,0.3612,-0.0156,-0.1946,0.0432,0.0228,1.0314,-0.0252,1.5602,0.000199,0.0006,0.0
13.735,FLIGHT,0.906,1.4982,0.4609,0.3633,0.47,0.3932,-0.0154,-0.1945,0.0405,0.0259,1.0321,-0.0262,1.5599,0.000202,0.0006,0.0
13.74,FLIGHT,0.9084,1.5002,0.4705,0.395,0.4785,0.4218,-0.0152,-0.1943,0.038,0.0287,1.0328,-0.0271,1.5598,0.000205,0.0006,0.0
13.745,FLIGHT,0.9108,1.5024,0.479,0.4232,0.4861,0.447,-0.0151,-0.1942,0.0357,0.0313,1.0336,-0.0281,1.5597,0.000208,0.0006,0.0
13.75,FLIGHT,0.9133,1.5047,0.4864,0.4482,0.4927,0.4691,-0.0149,-0.194,0.0337,0.0335,1.0343,-0.0291,1.5598,0.000211,0.0006,0.0
13.755,FLIGHT,0.9158,1.5071,0.4929,0.47,0.4983,0.4882,-0.0147,-0.1938,0.0319,0.0354,1.0349,-0.0302,1.56,0.000214,0.0005,0.0
13.76,FLIGHT,0.9183,1.5096,0.4984,0.4888,0.5028,0.5044,-0.0146,-0.1936,0.0304,0.0371,1.0356,-0.0313,1.5604,0.000217,0.0005,0.0
13.765,FLIGHT,0.9208,1.5121,0.5028,0.5048,0.5063,0.5179,-0.0145,-0.1934,0.0289,0.0386,1.0363,-0.0325,1.5609,0.000219,0.0005,0.0
13.77,FLIGHT,0.9233,1.5147,0.5062,0.5182,0.5087,0.529,-0.0143,-0.1932,0.0277,0.0398,1.0369,-0.0338,1.5615,0.000221,0.0004,0.0
13.775,FLIGHT,0.9259,1.5174,0.5085,0.5291,0.5101,0.5378,-0.0142,-0.193,0.0266,0.0409,1.0375,-0.0352,1.5623,0.000223,0.0004,0.0
13.78,FLIGHT,0.9284,1.5201,0.5097,0.5377,0.5103,0.5445,-0.0141,-0.1928,0.0255,0.0417,1.0382,-0.0365,1.5631,0.000225,0.0004,0.0
13.785,FLIGHT,0.931,1.5228,0.5098,0.5442,0.5094,0.5492,-0.0139,-0.1926,0.0246,0.0424,1.0388,-0.038,1.564,0.000227,0.0003,0.0
13.79,FLIGHT,0.9335,1.5256,0.5088,0.5488,0.5074,0.552,-0.0138,-0.1924,0.0237,0.0429,1.0393,-0.0394,1.565,0.000229,0.0003,0.0
13.795,FLIGHT,0.936,1.5284,0.5067,0.5515,0.5043,0.5531,-0.0137,-0.1922,0.0228,0.0432,1.0399,-0.0408,1.566,0.00023,0.0003,0.0
13.8,FLIGHT,0.9386,1.5311,0.5035,0.5524,0.5002,0.5526,-0.0136,-0.192,0.022,0.0434,1.0404,-0.0423,1.5671,0.000232,0.0003,0.0
13.805,FLIGHT,0.941,1.5339,0.4993,0.5518,0.4951,0.5506,-0.0135,-0.1917,0.0211,0.0435,1.0409,-0.0437,1.5682,0.000233,0.0002,0.0
13.81,FLIGHT,0.9435,1.5366,0.4941,0.5497,0.489,0.5472,-0.0134,-0.1915,0.0203,0.0435,1.0414,-0.0451,1.5693,0.000234,0.0002,0.0
13.815,FLIGHT,0.9459,1.5394,0.4879,0.5463,0.482,0.5425,-0.0133,-0.1913,0.0195,0.0433,1.0419,-0.0465,1.5705,0.000235,0.0002,0.0
13.82,FLIGHT,0.9483,1.542,0.4809,0.5415,0.4741,0.5367,-0.0132,-0.1911,0.0187,0.043,1.0423,-0.0478,1.5716,0.000236,0.0002,0.0
13.825,FLIGHT,0.9507,1.5447,0.4729,0.5355,0.4654,0.5297,-0.0131,-0.1909,0.0179,0.0427,1.0427,-0.0491,1.5728,0.000236,0.0001,0.0
13.83,FLIGHT,0.953,1.5473,0.4642,0.5284,0.456,0.5216,-0.013,-0.1907,0.0171,0.0422,1.0431,-0.0504,1.5739,0.000237,0.0001,0.0
13.835,FLIGHT,0.9552,1.5499,0.4547,0.5203,0.4458,0.5126,-0.013,-0.1905,0.0163,0.0416,1.0435,-0.0516,1.5751,0.000237,0.0001,0.0
13.84,FLIGHT,0.9574,1.5525,0.4445,0.5113,0.435,0.5027,-0.0129,-0.1903,0.0155,0.041,1.0439,-0.0527,1.5762,0.000238,0.0001,0.0
13.845,FLIGHT,0.9596,1.555,0.4336,0.5013,0.4237,0.492,-0.0128,-0.1901,0.0148,0.0403,1.0442,-0.0538,1.5773,0.000238,0.0,0.0
13.85,FLIGHT,0.9617,1.5574,0.4222,0.4905,0.4118,0.4805,-0.0127,-0.1899,0.014,0.0395,1.0445,-0.0548,1.5784,0.000238,0.0,0.0
13.855,FLIGHT,0.9637,1.5598,0.4103,0.479,0.3994,0.4684,-0.0127,-0.1897,0.0132,0.0386,1.0447,-0.0558,1.5795,0.000238,0.0,0.0
13.86,FLIGHT,0.9657,1.5621,0.3979,0.4668,0.3866,0.4556,-0.0126,-0.1895,0.0124,0.0377,1.045,-0.0568,1.5805,0.000238,-0.0,0.0
13.865,FLIGHT,0.9676,1.5643,0.3851,0.454,0.3735,0.4423,-0.0126,-0.1893,0.0117,0.0368,1.0452,-0.0577,1.5815,0.000238,-0.0,0.0
13.87,FLIGHT,0.9694,1.5665,0.372,0.4407,0.3601,0.4285,-0.0125,-0.1891,0.0109,0.0357,1.0454,-0.0585,1.5825,0.000238,-0.0,0.0
13.875,FLIGHT,0.9712,1.5686,0.3586,0.4268,0.3464,0.4142,-0.0124,-0.189,0.0102,0.0347,1.0455,-0.0592,1.5835,0.000238,-0.0001,0.0
13.88,FLIGHT,0.9729,1.5706,0.3449,0.4126,0.3326,0.3996,-0.0124,-0.1888,0.0095,0.0336,1.0457,-0.06,1.5845,0.000237,-0.0001,0.0
13.885,FLIGHT,0.9745,1.5726,0.331,0.3979,0.3186,0.3846,-0.0124,-0.1886,0.0088,0.0324,1.0457,-0.0606,1.5854,0.000237,-0.0001,0.0
13.89,FLIGHT,0.976,1.5745,0.317,0.383,0.3044,0.3694,-0.0123,-0.1885,0.0082,0.0313,1.0458,-0.0612,1.5863,0.000236,-0.0001,0.0
13.895,FLIGHT,0.9775,1.5763,0.3029,0.3677,0.2903,0.354,-0.0123,-0.1883,0.0075,0.0301,1.0459,-0.0618,1.5871,0.000236,-0.0001,0.0
13.9,FLIGHT,0.9789,1.578,0.2888,0.3523,0.2761,0.3384,-0.0122,-0.1882,0.0069,0.0288,1.0459,-0.0623,1.588,0.000235,-0.0001,0.0
13.905,FLIGHT,0.9803,1.5797,0.2746,0.3367,0.2619,0.3227,-0.0122,-0.1881,0.0063,0.0276,1.0458,-0.0627,1.5888,0.000235,-0.0001,0.0
13.91,FLIGHT,0.9816,1.5812,0.2605,0.3211,0.2478,0.307,-0.0122,-0.1879,0.0057,0.0264,1.0458,-0.0632,1.5895,0.000234,-0.0001,0.0
13.915,FLIGHT,0.9828,1.5827,0.2464,0.3053,0.2338,0.2912,-0.0122,-0.1878,0.0052,0.0251,1.0457,-0.0635,1.5903,0.000233,-0.0001,0.0
13.92,FLIGHT,0.9839,1.5842,0.2324,0.2896,0.22,0.2755,-0.0121,-0.1877,0.0047,0.0238,1.0456,-0.0638,1.591,0.000232,-0.0002,0.0
13.925,FLIGHT,0.985,1.5855,0.2186,0.2739,0.2063,0.2598,-0.0121,-0.1876,0.0042,0.0226,1.0454,-0.0641,1.5917,0.000232,-0.0002,0.0
13.93,FLIGHT,0.986,1.5868,0.2049,0.2582,0.1928,0.2442,-0.0121,-0.1875,0.0037,0.0213,1.0453,-0.0643,1.5923,0.000231,-0.0002,0.0
13.935,FLIGHT,0.9869,1.5879,0.1915,0.2427,0.1795,0.2288,-0.0121,-0.1874,0.0032,0.0201,1.045,-0.0645,1.5929,0.00023,-0.0002,0.0
13.94,FLIGHT,0.9878,1.589,0.1782,0.2273,0.1665,0.2136,-0.0121,-0.1873,0.0028,0.0188,1.0448,-0.0647,1.5935,0.000229,-0.0002,0.0
13.945,FLIGHT,0.9886,1.5901,0.1652,0.2121,0.1537,0.1985,-0.0121,-0.1872,0.0024,0.0176,1.0446,-0.0648,1.5941,0.000228,-0.0002,0.0
13.95,FLIGHT,0.9893,1.591,0.1525,0.1971,0.1412,0.1838,-0.0121,-0.1871,0.002,0.0163,1.0443,-0.0649,1.5946,0.000228,-0.0002,0.0
13.955,FLIGHT,0.99,1.5919,0.1401,0.1823,0.1291,0.1692,-0.012,-0.187,0.0017,0.0151,1.0439,-0.0649,1.5951,0.000227,-0.0002,0.0
13.96,FLIGHT,0.9906,1.5927,0.128,0.1679,0.1173,0.155,-0.012,-0.187,0.0014,0.014,1.0436,-0.0649,1.5955,0.000226,-0.0002,0.0
13.965,FLIGHT,0.9911,1.5935,0.1162,0.1537,0.1058,0.1411,-0.012,-0.1869,0.0011,0.0128,1.0432,-0.0649,1.596,0.000225,-0.0002,0.0
13.97,FLIGHT,0.9916,1.5941,0.1048,0.1398,0.0947,0.1276,-0.012,-0.1869,0.0008,0.0117,1.0428,-0.0648,1.5964,0.000224,-0.0002,0.0
13.975,FLIGHT,0.9921,1.5947,0.0937,0.1263,0.084,0.1144,-0.012,-0.1868,0.0005,0.0105,1.0424,-0.0648,1.5967,0.000223,-0.0002,0.0
13.98,FLIGHT,0.9925,1.5953,0.083,0.1132,0.0736,0.1016,-0.012,-0.1868,0.0003,0.0095,1.0419,-0.0647,1.5971,0.000223,-0.0002,0.0
13.985,FLIGHT,0.9928,1.5958,0.0727,0.1004,0.0637,0.0891,-0.012,-0.1867,0.0001,0.0084,1.0414,-0.0645,1.5974,0.000222,-0.0002,0.0
13.99,FLIGHT,0.9931,1.5962,0.0628,0.088,0.0541,0.0771,-0.012,-0.1867,-0.0001,0.0074,1.0409,-0.0644,1.5977,0.000221,-0.0002,0.0
13.995,FLIGHT,0.9934,1.5965,0.0533,0.0761,0.045,0.0655,-0.012,-0.1867,-0.0003,0.0064,1.0403,-0.0642,1.598,0.00022,-0.0002,0.0
14.0,FLIGHT,0.9936,1.5968,0.0442,0.0645,0.0363,0.0544,-0.012,-0.1866,-0.0004,0.0054,1.0398,-0.064,1.5982,0.000219,-0.0002,0.0
14.005,FLIGHT,0.9937,1.5971,0.0355,0.0534,0.0279,0.0437,-0.012,-0.1866,-0.0005,0.0045,1.0392,-0.0638,1.5984,0.000219,-0.0001,0.0
14.01,FLIGHT,0.9939,1.5973,0.0273,0.0428,0.0201,0.0334,-0.012,-0.1866,-0.0007,0.0036,1.0386,-0.0636,1.5986,0.000218,-0.0001,0.0
14.015,FLIGHT,0.9939,1.5974,0.0194,0.0326,0.0126,0.0236,-0.012,-0.1866,-0.0007,0.0028,1.0379,-0.0633,1.5988,0.000217,-0.0001,0.0
14.02,FLIGHT,0.994,1.5975,0.012,0.0228,0.0055,0.0143,-0.0121,-0.1866,-0.0008,0.002,1.0373,-0.0631,1.599,0.000216,-0.0001,0.0
14.025,FLIGHT,0.994,1.5976,0.005,0.0135,-0.0011,0.0054,-0.0121,-0.1866,-0.0009,0.0012,1.0366,-0.0628,1.5991,0.000216,-0.0001,0.0
14.03,FLIGHT,0.994,1.5976,-0.0016,0.0047,-0.0073,-0.003,-0.0121,-0.1866,-0.0009,0.0005,1.0359,-0.0626,1.5992,0.000215,-0.0001,0.0
14.035,FLIGHT,0.9939,1.5975,-0.0078,-0.0037,-0.0131,-0.011,-0.0121,-0.1866,-0.001,-0.0002,1.0351,-0.0623,1.5993,0.000215,-0.0001,0.0
14.04,FLIGHT,0.9938,1.5974,-0.0136,-0.0116,-0.0185,-0.0185,-0.0121,-0.1866,-0.001,-0.0009,1.0344,-0.062,1.5994,0.000214,-0.0001,0.0
14.045,FLIGHT,0.9937,1.5973,-0.0189,-0.0191,-0.0236,-0.0256,-0.0121,-0.1866,-0.001,-0.0015,1.0336,-0.0617,1.5994,0.000213,-0.0001,0.0
14.05,FLIGHT,0.9936,1.5972,-0.0239,-0.0261,-0.0282,-0.0322,-0.0121,-0.1866,-0.001,-0.0021,1.0328,-0.0614,1.5994,0.000213,-0.0001,0.0
14.055,FLIGHT,0.9935,1.597,-0.0285,-0.0326,-0.0324,-0.0383,-0.0121,-0.1866,-0.0009,-0.0027,1.032,-0.0611,1.5995,0.000212,-0.0001,0.0
14.06,FLIGHT,0.9933,1.5968,-0.0327,-0.0387,-0.0363,-0.044,-0.0121,-0.1866,-0.0009,-0.0032,1.0311,-0.0608,1.5995,0.000212,-0.0001,0.0
14.065,FLIGHT,0.9931,1.5966,-0.0365,-0.0444,-0.0398,-0.0493,-0.0121,-0.1866,-0.0009,-0.0037,1.0303,-0.0605,1.5995,0.000211,-0.0001,0.0
14.07,FLIGHT,0.9929,1.5963,-0.04,-0.0496,-0.043,-0.0541,-0.0121,-0.1867,-0.0008,-0.0041,1.0294,-0.0602,1.5994,0.000211,-0.0001,0.0
14.075,FLIGHT,0.9927,1.596,-0.0431,-0.0544,-0.0458,-0.0585,-0.0121,-0.1867,-0.0007,-0.0045,1.0285,-0.0599,1.5994,0.00021,-0.0001,0.0
14.08,FLIGHT,0.9924,1.5957,-0.0459,-0.0588,-0.0482,-0.0625,-0.0121,-0.1867,-0.0007,-0.0049,1.0276,-0.0596,1.5994,0.00021,-0.0001,0.0
14.085,FLIGHT,0.9922,1.5954,-0.0484,-0.0628,-0.0504,-0.0662,-0.0121,-0.1867,-0.0006,-0.0052,1.0266,-0.0593,1.5993,0.00021,-0.0001,0.0
14.09,FLIGHT,0.9919,1.5951,-0.0505,-0.0664,-0.0522,-0.0694,-0.0121,-0.1868,-0.0005,-0.0055,1.0257,-0.059,1.5992,0.000209,-0.0001,0.0
14.095,FLIGHT,0.9917,1.5947,-0.0523,-0.0695,-0.0538,-0.0722,-0.0121,-0.1868,-0.0004,-0.0058,1.0247,-0.0587,1.5991,0.000209,-0.0001,0.0
14.1,FLIGHT,0.9914,1.5944,-0.0538,-0.0723,-0.0551,-0.0747,-0.0121,-0.1868,-0.0003,-0.006,1.0237,-0.0584,1.5991,0.000209,-0.0001,0.0
14.105,FLIGHT,0.9911,1.594,-0.0551,-0.0748,-0.056,-0.0768,-0.0121,-0.1869,-0.0002,-0.0062,1.0227,-0.0581,1.599,0.000208,-0.0001,0.0
14.11,FLIGHT,0.9908,1.5936,-0.056,-0.0769,-0.0568,-0.0786,-0.0121,-0.1869,-0.0001,-0.0064,1.0217,-0.0579,1.5989,0.000208,-0.0,0.0
14.115,FLIGHT,0.9905,1.5932,-0.0567,-0.0786,-0.0573,-0.08,-0.0121,-0.1869,-0.0,-0.0066,1.0207,-0.0576,1.5988,0.000208,-0.0,0.0
14.12,FLIGHT,0.9903,1.5928,-0.0572,-0.08,-0.0575,-0.0812,-0.0121,-0.187,0.0001,-0.0067,1.0196,-0.0573,1.5987,0.000208,-0.0,0.0
14.125,FLIGHT,0.99,1.5924,-0.0574,-0.0811,-0.0575,-0.082,-0.0121,-0.187,0.0002,-0.0068,1.0186,-0.0571,1.5985,0.000208,-0.0,0.0
14.13,FLIGHT,0.9897,1.592,-0.0574,-0.0819,-0.0573,-0.0825,-0.0121,-0.187,0.0003,-0.0069,1.0175,-0.0568,1.5984,0.000207,-0.0,0.0
14.135,FLIGHT,0.9894,1.5916,-0.0572,-0.0824,-0.0569,-0.0828,-0.0121,-0.1871,0.0004,-0.0069,1.0164,-0.0566,1.5983,0.000207,-0.0,0.0
14.14,FLIGHT,0.9891,1.5911,-0.0568,-0.0827,-0.0564,-0.0828,-0.0121,-0.1871,0.0005,-0.0069,1.0153,-0.0564,1.5982,0.000207,-0.0,0.0
14.145,FLIGHT,0.9888,1.5907,-0.0562,-0.0827,-0.0556,-0.0825,-0.0121,-0.1871,0.0006,-0.0069,1.0142,-0.0562,1.598,0.000207,-0.0,0.0
14.15,FLIGHT,0.9886,1.5903,-0.0555,-0.0824,-0.0547,-0.082,-0.0121,-0.1872,0.0007,-0.0069,1.0131,-0.056,1.5979,0.000207,-0.0,0.0
14.155,FLIGHT,0.9883,1.5899,-0.0546,-0.0819,-0.0537,-0.0813,-0.0121,-0.1872,0.0008,-0.0069,1.0119,-0.0558,1.5978,0.000207,-0.0,0.0
14.16,FLIGHT,0.988,1.5895,-0.0535,-0.0811,-0.0525,-0.0804,-0.0121,-0.1872,0.0009,-0.0068,1.0107,-0.0556,1.5977,0.000207,-0.0,0.0
14.165,FLIGHT,0.9878,1.5891,-0.0523,-0.0802,-0.0512,-0.0793,-0.0121,-0.1873,0.001,-0.0068,1.0096,-0.0554,1.5975,0.000207,-0.0,0.0
14.17,FLIGHT,0.9875,1.5887,-0.051,-0.0791,-0.0498,-0.078,-0.0121,-0.1873,0.0011,-0.0067,1.0084,-0.0552,1.5974,0.000207,0.0,0.0
14.175,FLIGHT,0.9873,1.5883,-0.0496,-0.0778,-0.0482,-0.0765,-0.0121,-0.1873,0.0012,-0.0066,1.0072,-0.0551,1.5973,0.000207,0.0,0.0
14.18,FLIGHT,0.987,1.5879,-0.048,-0.0763,-0.0466,-0.0749,-0.0121,-0.1874,0.0013,-0.0065,1.006,-0.0549,1.5971,0.000207,0.0,0.0
14.185,FLIGHT,0.9868,1.5876,-0.0464,-0.0747,-0.0449,-0.0731,-0.0121,-0.1874,0.0013,-0.0063,1.0048,-0.0548,1.597,0.000207,0.0,0.0
14.19,FLIGHT,0.9866,1.5872,-0.0447,-0.0729,-0.0431,-0.0712,-0.0121,-0.1874,0.0014,-0.0062,1.0036,-0.0547,1.5969,0.000207,0.0,0.0
14.195,FLIGHT,0.9864,1.5869,-0.0429,-0.071,-0.0413,-0.0692,-0.012,-0.1875,0.0015,-0.006,1.0023,-0.0546,1.5967,0.000207,0.0,0.0
14.2,FLIGHT,0.9862,1.5865,-0.0411,-0.069,-0.0394,-0.0671,-0.012,-0.1875,0.0016,-0.0059,1.0011,-0.0544,1.5966,0.000207,0.0,0.0
14.205,FLIGHT,0.986,1.5862,-0.0392,-0.0669,-0.0375,-0.0649,-0.012,-0.1875,0.0016,-0.0057,0.9998,-0.0544,1.5965,0.000207,0.0,0.0
14.21,STANCE,0.9876,1.5866,0.2619,0.0421,0.8484,0.0003,-0.0118,-0.1875,0.0434,0.0008,0.9988,0.0295,-0.5266,-0.000674,-0.3519,0.0711
14.215,STANCE,0.993,1.5851,0.8147,-0.2097,0.661,-0.2569,-0.0106,-0.1877,0.1813,-0.0277,0.9982,-0.3904,-1.044,-0.00251,-0.2148,0.0455
14.22,STANCE,0.9945,1.5848,0.4291,-0.0986,0.1534,-0.0156,-0.0102,-0.1877,0.0939,-0.0133,0.9981,-0.5136,-1.678,-0.002937,-0.0085,0.0046
14.225,STANCE,0.9959,1.5838,0.3586,-0.1958,0.4928,-0.4616,-0.0098,-0.1878,0.0939,-0.0212,0.9984,-0.7903,-2.1172,-0.002822,0.0436,0.0028
14.23,STANCE,0.9991,1.5783,0.5511,-0.8888,0.8102,-1.5189,-0.0085,-0.1884,0.2251,-0.084,0.9984,-1.1838,-2.1136,-0.002422,0.098,0.0024
14.235,STANCE,1.0048,1.5686,0.9801,-1.6812,1.4337,-2.573,-0.0061,-0.1893,0.4171,-0.1524,0.9984,-1.6586,-1.8228,-0.002383,-0.0649,0.0154
14.24,STANCE,1.0118,1.5547,1.254,-2.4234,1.1656,-3.0827,-0.0028,-0.1905,0.5771,-0.2077,0.9983,-2.0072,-1.3137,-0.00259,0.039,0.0026
14.245,STANCE,1.018,1.5401,1.2272,-2.8012,1.0772,-3.3244,0.0004,-0.1917,0.6311,-0.2272,0.9984,-2.0854,-0.7931,-0.002631,-0.0049,0.0036
14.25,STANCE,1.0234,1.5234,1.1112,-3.1912,1.0093,-3.3844,0.0038,-0.193,0.671,-0.2451,0.9983,-1.9631,-0.1539,-0.002858,-0.0607,0.015
14.255,STANCE,1.0274,1.5062,0.8784,-3.3643,0.6353,-3.3976,0.0071,-0.1943,0.6575,-0.2464,0.9983,-1.6173,0.431,-0.003062,-0.0346,0.01
14.26,STANCE,1.0295,1.4894,0.549,-3.3494,0.2731,-3.2287,0.0099,-0.1955,0.5967,-0.2369,0.9984,-1.0929,0.9052,-0.003127,-0.0076,0.0046
14.265,STANCE,1.03,1.4736,0.2336,-3.2092,-0.0283,-3.0728,0.0123,-0.1967,0.5185,-0.2216,0.9986,-0.5237,1.2416,-0.00306,0.0283,0.0031
14.27,STANCE,1.0295,1.4586,-0.0025,-3.0551,-0.0966,-2.8434,0.0145,-0.1977,0.4524,-0.2072,0.9988,-0.0688,1.4423,-0.002853,0.031,0.0029
14.275,FLIGHT,1.029,1.4446,-0.0707,-2.8684,-0.086,-2.7243,0.0164,-0.1986,0.4137,-0.19,0.9991,-1.3625,2.6431,-0.002633,0.0523,0.0026
14.28,FLIGHT,1.027,1.4332,-0.3333,-2.4092,-0.8466,-1.6776,0.0178,-0.1994,0.2943,-0.1611,0.9997,-1.3355,2.6085,-0.002227,0.1202,0.0022
14.285,FLIGHT,1.0206,1.4278,-1.0368,-1.4468,-1.7249,-0.522,0.0173,-0.1999,0.0093,-0.1113,1.0005,-1.1007,2.4101,-0.00146,0.182,0.0015
14.29,FLIGHT,1.0102,1.4275,-1.7755,-0.4515,-2.3855,0.3782,0.0152,-0.2001,-0.2879,-0.0569,1.0016,-0.7936,2.1576,-0.000453,0.2162,0.0005
14.295,FLIGHT,0.9971,1.4311,-2.3616,0.3667,-2.7926,0.9951,0.0121,-0.2,-0.5266,-0.0034,1.0029,-0.4957,1.9153,0.000575,0.1683,0.0
14.3,FLIGHT,0.9826,1.437,-2.7344,0.9448,-2.9734,1.3533,0.0083,-0.1997,-0.6846,0.0449,1.0044,-0.2431,1.7113,0.001218,0.0933,0.0
14.305,FLIGHT,0.9677,1.4442,-2.9043,1.2881,-2.9747,1.5002,0.0043,-0.1993,-0.7654,0.0839,1.0059,-0.046,1.5538,0.00155,0.0429,0.0
14.31,FLIGHT,0.9531,1.4518,-2.9051,1.434,-2.8421,1.4903,0.0003,-0.1988,-0.7827,0.1109,1.0074,0.0969,1.4414,0.001676,0.0102,0.0
14.315,FLIGHT,0.9394,1.4589,-2.7777,1.4301,-2.6182,1.3736,-0.0034,-0.1982,-0.7528,0.1253,1.0089,0.1925,1.3685,0.001672,-0.0102,0.002
14.32,FLIGHT,0.927,1.4654,-2.5616,1.3227,-2.3388,1.1926,-0.0068,-0.1976,-0.6912,0.128,1.0103,0.2494,1.3279,0.001588,-0.0221,0.0044
14.325,FLIGHT,0.9161,1.4708,-2.2908,1.1519,-2.0324,0.9807,-0.0097,-0.197,-0.611,0.1212,1.0117,0.2762,1.312,0.00146,-0.0283,0.0057
14.33,FLIGHT,0.9067,1.4752,-1.9928,0.95,-1.7204,0.7628,-0.0122,-0.1965,-0.5222,0.1076,1.013,0.2809,1.314,0.001312,-0.0306,0.0061
14.335,FLIGHT,0.8989,1.4785,-1.6885,0.741,-1.4179,0.5563,-0.0142,-0.1962,-0.4323,0.0901,1.0143,0.2701,1.3282,0.001158,-0.0305,0.0061
14.34,FLIGHT,0.8925,1.4808,-1.3928,0.5422,-1.1351,0.3723,-0.0157,-0.1958,-0.3463,0.0709,1.0155,0.2491,1.3499,0.001009,-0.0288,0.0058
14.345,FLIGHT,0.8875,1.4822,-1.1158,0.3645,-0.878,0.217,-0.0169,-0.1956,-0.2675,0.0521,1.0166,0.2222,1.3754,0.000871,-0.0263,0.0053
14.35,FLIGHT,0.8837,1.483,-0.8634,0.2143,-0.6496,0.0932,-0.0177,-0.1955,-0.1977,0.035,1.0177,0.1925,1.4022,0.000747,-0.0234,0.0047
14.355,FLIGHT,0.8809,1.4832,-0.6388,0.0944,-0.4504,0.0006,-0.0183,-0.1954,-0.1375,0.0204,1.0187,0.1624,1.4284,0.000637,-0.0203,0.0041
14.36,FLIGHT,0.8791,1.4831,-0.4426,0.0046,-0.2795,-0.0626,-0.0186,-0.1954,-0.0871,0.0087,1.0197,0.1334,1.4527,0.000543,-0.0173,0.0035
14.365,FLIGHT,0.8781,1.4826,-0.2741,-0.0566,-0.135,-0.0995,-0.0188,-0.1954,-0.046,-0.0001,1.0207,0.1067,1.4744,0.000464,-0.0144,0.0029
14.37,FLIGHT,0.8777,1.4821,-0.1313,-0.0922,-0.0143,-0.1136,-0.0188,-0.1955,-0.0133,-0.0061,1.0216,0.0827,1.4932,0.000399,-0.0117,0.0023
14.375,FLIGHT,0.8779,1.4815,-0.0118,-0.1056,0.0856,-0.1088,-0.0187,-0.1955,0.0119,-0.0096,1.0225,0.0618,1.509,0.000346,-0.0094,0.0019
14.38,FLIGHT,0.8786,1.481,0.0872,-0.1005,0.1676,-0.0888,-0.0185,-0.1956,0.0306,-0.0109,1.0234,0.0441,1.5219,0.000305,-0.0073,0.0015
14.385,FLIGHT,0.8796,1.4807,0.1686,-0.0807,0.2345,-0.0573,-0.0182,-0.1956,0.0438,-0.0105,1.0243,0.0292,1.5322,0.000272,-0.0056,0.0011
14.39,FLIGHT,0.8809,1.4805,0.2352,-0.0494,0.2889,-0.0172,-0.0179,-0.1957,0.0527,-0.0088,1.0252,0.0171,1.5401,0.000248,-0.0042,0.0008
14.395,FLIGHT,0.8824,1.4805,0.2894,-0.0098,0.3331,0.0285,-0.0176,-0.1957,0.058,-0.006,1.0261,0.0073,1.546,0.00023,-0.003,0.0006
14.4,FLIGHT,0.8842,1.4808,0.3336,0.0353,0.3692,0.0775,-0.0173,-0.1957,0.0605,-0.0026,1.0269,-0.0004,1.5503,0.000217,-0.0021,0.0004
14.405,FLIGHT,0.8861,1.4813,0.3697,0.0837,0.3989,0.1279,-0.017,-0.1957,0.061,0.0014,1.0278,-0.0065,1.5533,0.000208,-0.0014,0.0003
14.41,FLIGHT,0.8882,1.4821,0.3993,0.1335,0.4234,0.1783,-0.0167,-0.1957,0.0601,0.0055,1.0286,-0.0111,1.5552,0.000203,-0.0008,0.0002
14.415,FLIGHT,0.8903,1.4831,0.4239,0.1832,0.4441,0.2273,-0.0164,-0.1956,0.0582,0.0097,1.0295,-0.0147,1.5564,0.0002,-0.0004,0.0001
14.42,FLIGHT,0.8926,1.4843,0.4446,0.2317,0.4616,0.2742,-0.0162,-0.1955,0.0556,0.0139,1.0303,-0.0174,1.557,0.000199,-0.0001,0.0
14.425,FLIGHT,0.895,1.4858,0.4621,0.278,0.4767,0.3183,-0.0159,-0.1954,0.0527,0.0179,1.0312,-0.0195,1.5572,0.000199,0.0002,0.0
14.43,FLIGHT,0.8974,1.4875,0.4772,0.3216,0.4898,0.3592,-0.0157,-0.1953,0.0497,0.0217,1.032,-0.0212,1.5573,0.0002,0.0003,0.0
14.435,FLIGHT,0.8998,1.4894,0.4903,0.362,0.5013,0.3967,-0.0154,-0.1952,0.0467,0.0252,1.0328,-0.0227,1.5572,0.000202,0.0004,0.0
14.44,FLIGHT,0.9024,1.4915,0.5018,0.399,0.5114,0.4306,-0.0152,-0.195,0.0438,0.0285,1.0336,-0.0239,1.5571,0.000205,0.0005,0.0
14.445,FLIGHT,0.905,1.4937,0.5119,0.4326,0.5203,0.461,-0.015,-0.1949,0.0411,0.0315,1.0344,-0.025,1.557,0.000207,0.0005,0.0
14.45,FLIGHT,0.9076,1.4961,0.5207,0.4626,0.5281,0.488,-0.0148,-0.1947,0.0387,0.0341,1.0352,-0.0262,1.5571,0.00021,0.0006,0.0
14.455,FLIGHT,0.9102,1.4986,0.5284,0.4892,0.5347,0.5115,-0.0147,-0.1945,0.0364,0.0365,1.036,-0.0273,1.5572,0.000213,0.0005,0.0
14.46,FLIGHT,0.9129,1.5012,0.5349,0.5125,0.5402,0.5319,-0.0145,-0.1943,0.0344,0.0386,1.0367,-0.0285,1.5575,0.000215,0.0005,0.0
14.465,FLIGHT,0.9156,1.5039,0.5403,0.5326,0.5446,0.5492,-0.0143,-0.1941,0.0326,0.0404,1.0375,-0.0298,1.558,0.000218,0.0005,0.0
14.47,FLIGHT,0.9184,1.5067,0.5445,0.5497,0.5479,0.5637,-0.0142,-0.1939,0.031,0.042,1.0382,-0.0311,1.5585,0.000221,0.0005,0.0
14.475,FLIGHT,0.9211,1.5095,0.5477,0.564,0.55,0.5755,-0.014,-0.1937,0.0296,0.0433,1.0389,-0.0324,1.5592,0.000223,0.0005,0.0
14.48,FLIGHT,0.9239,1.5124,0.5497,0.5756,0.551,0.5848,-0.0139,-0.1935,0.0283,0.0444,1.0397,-0.0338,1.56,0.000225,0.0004,0.0
14.485,FLIGHT,0.9266,1.5154,0.5505,0.5847,0.5508,0.5918,-0.0138,-0.1932,0.0271,0.0454,1.0403,-0.0353,1.5609,0.000227,0.0004,0.0
14.49,FLIGHT,0.9294,1.5183,0.5502,0.5915,0.5494,0.5966,-0.0136,-0.193,0.026,0.0461,1.041,-0.0368,1.5619,0.000229,0.0004,0.0
14.495,FLIGHT,0.9321,1.5213,0.5487,0.5962,0.5469,0.5994,-0.0135,-0.1928,0.025,0.0466,1.0417,-0.0383,1.5629,0.000231,0.0003,0.0
14.5,FLIGHT,0.9348,1.5243,0.5461,0.5989,0.5433,0.6004,-0.0134,-0.1925,0.024,0.047,1.0423,-0.0398,1.564,0.000232,0.0003,0.0
14.505,FLIGHT,0.9375,1.5273,0.5424,0.5997,0.5386,0.5996,-0.0133,-0.1923,0.0231,0.0472,1.0429,-0.0414,1.5652,0.000234,0.0003,0.0
14.51,FLIGHT,0.9402,1.5303,0.5376,0.5987,0.5328,0.5972,-0.0132,-0.1921,0.0221,0.0472,1.0435,-0.0429,1.5664,0.000235,0.0002,0.0
14.515,FLIGHT,0.9429,1.5333,0.5317,0.5962,0.526,0.5932,-0.0131,-0.1918,0.0213,0.0472,1.0441,-0.0444,1.5676,0.000236,0.0002,0.0
14.52,FLIGHT,0.9455,1.5362,0.5249,0.5922,0.5183,0.5879,-0.013,-0.1916,0.0204,0.047,1.0446,-0.0458,1.5688,0.000237,0.0002,0.0
14.525,FLIGHT,0.9481,1.5392,0.517,0.5868,0.5096,0.5813,-0.0129,-0.1913,0.0195,0.0467,1.0451,-0.0472,1.5701,0.000238,0.0002,0.0
14.53,FLIGHT,0.9506,1.5421,0.5083,0.5801,0.5,0.5735,-0.0128,-0.1911,0.0186,0.0462,1.0456,-0.0486,1.5713,0.000239,0.0001,0.0
14.535,FLIGHT,0.9531,1.5449,0.4987,0.5721,0.4897,0.5645,-0.0127,-0.1909,0.0178,0.0457,1.0461,-0.05,1.5725,0.000239,0.0001,0.0
14.54,FLIGHT,0.9555,1.5477,0.4883,0.5631,0.4786,0.5545,-0.0126,-0.1907,0.0169,0.0451,1.0466,-0.0512,1.5738,0.00024,0.0001,0.0
14.545,FLIGHT,0.9578,1.5504,0.4771,0.5531,0.4668,0.5436,-0.0125,-0.1904,0.0161,0.0444,1.047,-0.0525,1.575,0.00024,0.0001,0.0
14.55,FLIGHT,0.9601,1.5531,0.4653,0.5421,0.4544,0.5318,-0.0125,-0.1902,0.0152,0.0436,1.0474,-0.0536,1.5762,0.00024,0.0,0.0
14.555,FLIGHT,0.9624,1.5558,0.4529,0.5302,0.4415,0.5192,-0.0124,-0.19,0.0144,0.0427,1.0477,-0.0548,1.5774,0.00024,0.0,0.0
14.56,FLIGHT,0.9646,1.5583,0.4399,0.5175,0.4281,0.5058,-0.0123,-0.1898,0.0136,0.0418,1.0481,-0.0558,1.5785,0.00024,-0.0,0.0
14.565,FLIGHT,0.9667,1.5608,0.4264,0.5041,0.4142,0.4918,-0.0123,-0.1896,0.0128,0.0408,1.0484,-0.0568,1.5797,0.00024,-0.0,0.0
14.57,FLIGHT,0.9687,1.5632,0.4126,0.4901,0.3999,0.4773,-0.0122,-0.1894,0.012,0.0397,1.0487,-0.0578,1.5808,0.00024,-0.0,0.0
14.575,FLIGHT,0.9707,1.5656,0.3983,0.4755,0.3854,0.4621,-0.0121,-0.1892,0.0112,0.0386,1.0489,-0.0587,1.5819,0.00024,-0.0001,0.0
14.58,FLIGHT,0.9726,1.5679,0.3837,0.4603,0.3706,0.4466,-0.0121,-0.189,0.0104,0.0374,1.0492,-0.0595,1.5829,0.00024,-0.0001,0.0
14.585,FLIGHT,0.9744,1.5701,0.3689,0.4448,0.3555,0.4306,-0.012,-0.1889,0.0097,0.0362,1.0493,-0.0602,1.5839,0.000239,-0.0001,0.0
14.59,FLIGHT,0.9761,1.5722,0.3539,0.4288,0.3404,0.4143,-0.012,-0.1887,0.0089,0.035,1.0495,-0.061,1.5849,0.000239,-0.0001,0.0
14.595,FLIGHT,0.9778,1.5742,0.3387,0.4125,0.3251,0.3978,-0.012,-0.1885,0.0082,0.0337,1.0496,-0.0616,1.5859,0.000238,-0.0001,0.0
14.6,FLIGHT,0.9794,1.5761,0.3234,0.3959,0.3097,0.381,-0.0119,-0.1884,0.0075,0.0324,1.0497,-0.0622,1.5868,0.000237,-0.0001,0.0
14.605,FLIGHT,0.9809,1.578,0.3081,0.3791,0.2944,0.364,-0.0119,-0.1882,0.0069,0.0311,1.0498,-0.0627,1.5877,0.000237,-0.0001,0.0
14.61,FLIGHT,0.9823,1.5798,0.2928,0.3622,0.279,0.347,-0.0119,-0.1881,0.0062,0.0297,1.0499,-0.0632,1.5886,0.000236,-0.0001,0.0
14.615,FLIGHT,0.9837,1.5815,0.2775,0.3452,0.2638,0.3299,-0.0118,-0.1879,0.0056,0.0284,1.0499,-0.0637,1.5894,0.000235,-0.0002,0.0
14.62,FLIGHT,0.9849,1.5831,0.2622,0.3281,0.2486,0.3127,-0.0118,-0.1878,0.0051,0.027,1.0498,-0.064,1.5902,0.000235,-0.0002,0.0
14.625,FLIGHT,0.9861,1.5846,0.2471,0.311,0.2337,0.2957,-0.0118,-0.1877,0.0045,0.0256,1.0498,-0.0644,1.5909,0.000234,-0.0002,0.0
14.63,FLIGHT,0.9873,1.586,0.2322,0.2939,0.2189,0.2787,-0.0118,-0.1875,0.004,0.0243,1.0497,-0.0647,1.5917,0.000233,-0.0002,0.0
14.635,FLIGHT,0.9883,1.5874,0.2174,0.277,0.2043,0.2618,-0.0117,-0.1874,0.0035,0.0229,1.0496,-0.0649,1.5924,0.000232,-0.0002,0.0
14.64,FLIGHT,0.9893,1.5887,0.2028,0.2601,0.1899,0.2451,-0.0117,-0.1873,0.003,0.0215,1.0494,-0.0651,1.593,0.000231,-0.0002,0.0
14.645,FLIGHT,0.9902,1.5898,0.1885,0.2434,0.1758,0.2286,-0.0117,-0.1872,0.0025,0.0202,1.0493,-0.0653,1.5937,0.00023,-0.0002,0.0
14.65,FLIGHT,0.9911,1.5909,0.1745,0.227,0.1621,0.2123,-0.0117,-0.1871,0.0021,0.0188,1.049,-0.0654,1.5942,0.000229,-0.0002,0.0
14.655,FLIGHT,0.9919,1.592,0.1608,0.2107,0.1486,0.1963,-0.0117,-0.1871,0.0017,0.0175,1.0488,-0.0655,1.5948,0.000228,-0.0002,0.0
14.66,FLIGHT,0.9926,1.5929,0.1474,0.1948,0.1355,0.1806,-0.0117,-0.187,0.0014,0.0162,1.0485,-0.0655,1.5953,0.000227,-0.0002,0.0
14.665,FLIGHT,0.9932,1.5938,0.1343,0.1791,0.1228,0.1652,-0.0117,-0.1869,0.001,0.0149,1.0482,-0.0655,1.5958,0.000226,-0.0002,0.0
14.67,FLIGHT,0.9938,1.5946,0.1216,0.1638,0.1104,0.1502,-0.0117,-0.1868,0.0007,0.0137,1.0479,-0.0655,1.5963,0.000226,-0.0002,0.0
14.675,FLIGHT,0.9943,1.5953,0.1093,0.1488,0.0984,0.1356,-0.0117,-0.1868,0.0004,0.0124,1.0475,-0.0654,1.5967,0.000225,-0.0002,0.0
14.68,FLIGHT,0.9948,1.5959,0.0974,0.1342,0.0869,0.1213,-0.0117,-0.1867,0.0001,0.0112,1.0471,-0.0653,1.5971,0.000224,-0.0002,0.0
14.685,FLIGHT,0.9952,1.5965,0.0859,0.12,0.0758,0.1075,-0.0117,-0.1867,-0.0001,0.0101,1.0467,-0.0652,1.5975,0.000223,-0.0002,0.0
14.69,FLIGHT,0.9955,1.597,0.0748,0.1062,0.0651,0.0941,-0.0117,-0.1866,-0.0003,0.0089,1.0463,-0.065,1.5978,0.000222,-0.0002,0.0
14.695,FLIGHT,0.9958,1.5974,0.0641,0.0929,0.0548,0.0811,-0.0117,-0.1866,-0.0005,0.0078,1.0458,-0.0649,1.5981,0.000221,-0.0002,0.0
14.7,FLIGHT,0.9961,1.5978,0.0539,0.08,0.045,0.0686,-0.0117,-0.1866,-0.0007,0.0067,1.0453,-0.0647,1.5984,0.00022,-0.0002,0.0
14.705,FLIGHT,0.9963,1.5981,0.0442,0.0675,0.0356,0.0566,-0.0117,-0.1865,-0.0008,0.0057,1.0448,-0.0645,1.5987,0.000219,-0.0002,0.0
14.71,FLIGHT,0.9964,1.5984,0.0348,0.0556,0.0267,0.0451,-0.0117,-0.1865,-0.001,0.0047,1.0442,-0.0642,1.5989,0.000218,-0.0002,0.0
14.715,FLIGHT,0.9966,1.5986,0.026,0.0441,0.0182,0.034,-0.0117,-0.1865,-0.0011,0.0038,1.0437,-0.064,1.5991,0.000218,-0.0002,0.0
14.72,FLIGHT,0.9966,1.5987,0.0176,0.0331,0.0102,0.0234,-0.0117,-0.1865,-0.0012,0.0028,1.0431,-0.0637,1.5993,0.000217,-0.0002,0.0
14.725,FLIGHT,0.9967,1.5988,0.0096,0.0226,0.0027,0.0134,-0.0117,-0.1865,-0.0012,0.002,1.0424,-0.0634,1.5994,0.000216,-0.0001,0.0
14.73,FLIGHT,0.9967,1.5988,0.0021,0.0126,-0.0044,0.0038,-0.0117,-0.1865,-0.0013,0.0011,1.0418,-0.0632,1.5996,0.000215,-0.0001,0.0
14.735,FLIGHT,0.9966,1.5988,-0.005,0.003,-0.0111,-0.0053,-0.0117,-0.1865,-0.0013,0.0003,1.0411,-0.0629,1.5997,0.000215,-0.0001,0.0
14.74,FLIGHT,0.9965,1.5988,-0.0116,-0.006,-0.0173,-0.0138,-0.0117,-0.1865,-0.0014,-0.0004,1.0404,-0.0625,1.5998,0.000214,-0.0001,0.0
14.745,FLIGHT,0.9964,1.5987,-0.0177,-0.0145,-0.0231,-0.0219,-0.0118,-0.1865,-0.0014,-0.0011,1.0397,-0.0622,1.5998,0.000213,-0.0001,0.0
14.75,FLIGHT,0.9963,1.5986,-0.0235,-0.0225,-0.0284,-0.0295,-0.0118,-0.1865,-0.0014,-0.0018,1.0389,-0.0619,1.5999,0.000213,-0.0001,0.0
14.755,FLIGHT,0.9962,1.5984,-0.0288,-0.03,-0.0333,-0.0365,-0.0118,-0.1865,-0.0013,-0.0024,1.0382,-0.0616,1.5999,0.000212,-0.0001,0.0
14.76,FLIGHT,0.996,1.5982,-0.0336,-0.0371,-0.0378,-0.0431,-0.0118,-0.1865,-0.0013,-0.003,1.0374,-0.0612,1.5999,0.000212,-0.0001,0.0
14.765,FLIGHT,0.9958,1.598,-0.0381,-0.0436,-0.0419,-0.0492,-0.0118,-0.1865,-0.0013,-0.0036,1.0366,-0.0609,1.5999,0.000211,-0.0001,0.0
14.77,FLIGHT,0.9956,1.5977,-0.0422,-0.0497,-0.0456,-0.0549,-0.0118,-0.1866,-0.0012,-0.0041,1.0357,-0.0606,1.5999,0.00021,-0.0001,0.0
14.775,FLIGHT,0.9953,1.5974,-0.0458,-0.0553,-0.049,-0.0601,-0.0118,-0.1866,-0.0011,-0.0046,1.0349,-0.0602,1.5999,0.00021,-0.0001,0.0
14.78,FLIGHT,0.9951,1.5971,-0.0491,-0.0604,-0.0519,-0.0648,-0.0118,-0.1866,-0.0011,-0.005,1.034,-0.0599,1.5998,0.000209,-0.0001,0.0
14.785,FLIGHT,0.9948,1.5968,-0.0521,-0.0651,-0.0545,-0.0691,-0.0118,-0.1866,-0.001,-0.0054,1.0331,-0.0596,1.5998,0.000209,-0.0001,0.0
14.79,FLIGHT,0.9945,1.5964,-0.0546,-0.0693,-0.0568,-0.0729,-0.0118,-0.1867,-0.0009,-0.0058,1.0322,-0.0592,1.5997,0.000209,-0.0001,0.0
14.795,FLIGHT,0.9942,1.5961,-0.0568,-0.0731,-0.0587,-0.0764,-0.0118,-0.1867,-0.0008,-0.0061,1.0313,-0.0589,1.5996,0.000208,-0.0001,0.0
14.8,FLIGHT,0.9939,1.5957,-0.0587,-0.0765,-0.0602,-0.0794,-0.0118,-0.1867,-0.0007,-0.0064,1.0304,-0.0586,1.5996,0.000208,-0.0001,0.0
14.805,FLIGHT,0.9936,1.5953,-0.0603,-0.0795,-0.0615,-0.082,-0.0118,-0.1868,-0.0006,-0.0066,1.0294,-0.0583,1.5995,0.000208,-0.0001,0.0
14.81,FLIGHT,0.9933,1.5949,-0.0615,-0.0821,-0.0625,-0.0842,-0.0118,-0.1868,-0.0005,-0.0068,1.0284,-0.058,1.5994,0.000207,-0.0001,0.0
14.815,FLIGHT,0.993,1.5944,-0.0625,-0.0843,-0.0632,-0.0861,-0.0118,-0.1868,-0.0003,-0.007,1.0274,-0.0577,1.5992,0.000207,-0.0001,0.0
14.82,FLIGHT,0.9927,1.594,-0.0632,-0.0861,-0.0637,-0.0876,-0.0118,-0.1869,-0.0002,-0.0072,1.0264,-0.0574,1.5991,0.000207,-0.0,0.0
14.825,FLIGHT,0.9924,1.5935,-0.0636,-0.0876,-0.0638,-0.0888,-0.0118,-0.1869,-0.0001,-0.0073,1.0254,-0.0571,1.599,0.000207,-0.0,0.0
14.83,FLIGHT,0.9921,1.5931,-0.0637,-0.0888,-0.0638,-0.0896,-0.0118,-0.187,0.0,-0.0074,1.0244,-0.0568,1.5989,0.000206,-0.0,0.0
14.835,FLIGHT,0.9917,1.5927,-0.0637,-0.0896,-0.0635,-0.0902,-0.0118,-0.187,0.0001,-0.0075,1.0233,-0.0566,1.5987,0.000206,-0.0,0.0
14.84,FLIGHT,0.9914,1.5922,-0.0634,-0.0901,-0.063,-0.0904,-0.0118,-0.187,0.0003,-0.0076,1.0222,-0.0563,1.5986,0.000206,-0.0,0.0
14.845,FLIGHT,0.9911,1.5917,-0.0628,-0.0903,-0.0623,-0.0904,-0.0118,-0.1871,0.0004,-0.0076,1.0212,-0.0561,1.5985,0.000206,-0.0,0.0
14.85,FLIGHT,0.9908,1.5913,-0.0621,-0.0902,-0.0614,-0.09,-0.0118,-0.1871,0.0005,-0.0076,1.0201,-0.0558,1.5983,0.000206,-0.0,0.0
14.855,FLIGHT,0.9905,1.5908,-0.0612,-0.0899,-0.0604,-0.0895,-0.0118,-0.1871,0.0006,-0.0076,1.019,-0.0556,1.5982,0.000206,-0.0,0.0
14.86,FLIGHT,0.9902,1.5904,-0.0602,-0.0893,-0.0592,-0.0887,-0.0118,-0.1872,0.0007,-0.0075,1.0178,-0.0554,1.598,0.000206,-0.0,0.0
14.865,FLIGHT,0.9899,1.59,-0.059,-0.0885,-0.0578,-0.0876,-0.0118,-0.1872,0.0009,-0.0074,1.0167,-0.0552,1.5979,0.000206,-0.0,0.0
14.87,FLIGHT,0.9896,1.5895,-0.0576,-0.0874,-0.0563,-0.0864,-0.0118,-0.1873,0.001,-0.0074,1.0156,-0.055,1.5977,0.000206,-0.0,0.0
14.875,FLIGHT,0.9893,1.5891,-0.0561,-0.0862,-0.0547,-0.0849,-0.0118,-0.1873,0.0011,-0.0073,1.0144,-0.0548,1.5976,0.000206,0.0,0.0
14.88,FLIGHT,0.9891,1.5887,-0.0545,-0.0847,-0.053,-0.0833,-0.0118,-0.1873,0.0012,-0.0072,1.0132,-0.0547,1.5975,0.000206,0.0,0.0
14.885,FLIGHT,0.9888,1.5883,-0.0527,-0.0831,-0.0512,-0.0815,-0.0118,-0.1874,0.0013,-0.007,1.012,-0.0545,1.5973,0.000206,0.0,0.0
14.89,FLIGHT,0.9886,1.5879,-0.0509,-0.0813,-0.0493,-0.0796,-0.0118,-0.1874,0.0014,-0.0069,1.0109,-0.0543,1.5972,0.000206,0.0,0.0
14.895,FLIGHT,0.9883,1.5875,-0.049,-0.0793,-0.0473,-0.0775,-0.0118,-0.1874,0.0015,-0.0067,1.0096,-0.0542,1.597,0.000206,0.0,0.0
14.9,FLIGHT,0.9881,1.5871,-0.047,-0.0772,-0.0452,-0.0753,-0.0118,-0.1875,0.0016,-0.0065,1.0084,-0.0541,1.5969,0.000206,0.0,0.0
14.905,FLIGHT,0.9879,1.5867,-0.045,-0.075,-0.0431,-0.073,-0.0117,-0.1875,0.0017,-0.0064,1.0072,-0.054,1.5968,0.000206,0.0,0.0
14.91,FLIGHT,0.9877,1.5864,-0.0429,-0.0727,-0.041,-0.0706,-0.0117,-0.1875,0.0017,-0.0062,1.006,-0.0539,1.5966,0.000206,0.0,0.0
14.915,FLIGHT,0.9875,1.586,-0.0408,-0.0703,-0.0388,-0.0681,-0.0117,-0.1876,0.0018,-0.006,1.0047,-0.0538,1.5965,0.000206,0.0,0.0
14.92,FLIGHT,0.9873,1.5857,-0.0386,-0.0678,-0.0366,-0.0655,-0.0117,-0.1876,0.0019,-0.0058,1.0035,-0.0537,1.5964,0.000206,0.0,0.0
14.925,FLIGHT,0.9871,1.5854,-0.0364,-0.0652,-0.0344,-0.0628,-0.0117,-0.1876,0.002,-0.0056,1.0022,-0.0536,1.5963,0.000207,0.0,0.0
14.93,FLIGHT,0.9869,1.5851,-0.0342,-0.0625,-0.0322,-0.0601,-0.0117,-0.1876,0.002,-0.0053,1.0009,-0.0535,1.5961,0.000207,0.0,0.0
14.935,FLIGHT,0.9868,1.5848,-0.032,-0.0598,-0.03,-0.0574,-0.0117,-0.1877,0.0021,-0.0051,0.9996,-0.0535,1.596,0.000207,0.0,0.0
14.94,STANCE,0.9888,1.5857,0.3177,0.1154,0.9032,0.0729,-0.0114,-0.1876,0.044,0.0069,0.9987,0.0021,-0.552,-0.000903,-0.3721,0.0753
14.945,STANCE,0.994,1.5847,0.7852,-0.1151,0.5331,-0.1172,-0.0103,-0.1877,0.163,-0.0185,0.9981,-0.3847,-1.0777,-0.00269,-0.1839,0.0395
14.95,STANCE,0.9951,1.5849,0.3781,-0.0026,0.1275,0.0421,-0.0101,-0.1877,0.0713,-0.0041,0.9981,-0.4973,-1.7147,-0.003024,0.0041,0.003
14.955,STANCE,0.9966,1.5839,0.3439,-0.1609,0.5108,-0.4881,-0.0097,-0.1878,0.0864,-0.0179,0.9984,-0.7892,-2.1292,-0.002862,0.0512,0.0029
14.96,STANCE,0.9997,1.578,0.5488,-0.953,0.8057,-1.6697,-0.0083,-0.1884,0.2335,-0.0895,0.9984,-1.1914,-2.0812,-0.002408,0.1089,0.0024
14.965,STANCE,1.0053,1.5684,0.9601,-1.6756,1.2171,-2.74,-0.006,-0.1893,0.4127,-0.1515,0.9984,-1.6579,-1.8195,-0.002331,-0.0177,0.0059
14.97,STANCE,1.0126,1.5539,1.3052,-2.5015,1.378,-2.9387,-0.0026,-0.1906,0.5982,-0.2134,0.9983,-2.042,-1.2692,-0.002744,-0.0466,0.0121
14.975,STANCE,1.0186,1.5385,1.2242,-2.8974,1.0783,-3.2393,0.0008,-0.1918,0.6448,-0.2337,0.9983,-2.1008,-0.7363,-0.002786,-0.0208,0.007
14.98,STANCE,1.0234,1.5215,1.0254,-3.2534,0.7929,-3.5325,0.0041,-0.1932,0.664,-0.2492,0.9982,-1.9391,-0.1141,-0.003027,-0.0536,0.0137
14.985,STANCE,1.0266,1.5039,0.7435,-3.4287,0.439,-3.5127,0.0072,-0.1945,0.6411,-0.2514,0.9982,-1.5667,0.4683,-0.003319,-0.0484,0.013
14.99,STANCE,1.0279,1.4867,0.3927,-3.4278,0.1338,-3.2864,0.01,-0.1958,0.5779,-0.2436,0.9982,-1.0283,0.9459,-0.003507,-0.0418,0.0119
14.995,STANCE,1.0276,1.4704,0.0759,-3.2995,-0.1748,-3.1624,0.0123,-0.1969,0.5009,-0.2295,0.9983,-0.4549,1.2865,-0.003565,0.001,0.0036
15.0,STANCE,1.0264,1.4551,-0.1289,-3.1225,-0.23,-2.9357,0.0144,-0.198,0.4374,-0.2134,0.9985,-0.0106,1.4781,-0.003514,0.0105,0.0035
15.005,FLIGHT,1.0254,1.4408,-0.1843,-2.9368,-0.1758,-2.7769,0.0163,-0.199,0.4014,-0.1962,0.9988,-1.3129,2.6063,-0.003399,0.0306,0.0034
15.01,FLIGHT,1.0231,1.4291,-0.4153,-2.4703,-0.8974,-1.7469,0.0176,-0.1998,0.287,-0.1663,0.9993,-1.2872,2.5721,-0.003098,0.1007,0.0031
15.015,FLIGHT,1.0164,1.4232,-1.0834,-1.5246,-1.7404,-0.6185,0.0171,-0.2002,0.0113,-0.1169,1.0002,-1.0594,2.3793,-0.002422,0.1653,0.0024
15.02,FLIGHT,1.0061,1.4224,-1.7893,-0.5501,-2.3722,0.2622,0.0152,-0.2005,-0.2767,-0.0634,1.0012,-0.7611,2.1342,-0.001492,0.2023,0.0015
15.025,FLIGHT,0.9931,1.4254,-2.3497,0.2509,-2.7632,0.8657,0.0121,-0.2004,-0.5081,-0.0114,1.0025,-0.471,1.8987,-0.000441,0.2145,0.0004
15.03,FLIGHT,0.9788,1.4307,-2.7057,0.8175,-2.93,1.2198,0.0085,-0.2002,-0.6616,0.0352,1.0039,-0.2251,1.7006,0.000551,0.1606,0.0
15.035,FLIGHT,0.9641,1.4372,-2.8605,1.1579,-2.919,1.3707,0.0046,-0.1998,-0.7397,0.0729,1.0054,-0.0343,1.5485,0.001163,0.0885,0.0
15.04,FLIGHT,0.9498,1.4441,-2.8504,1.3076,-2.7797,1.3698,0.0007,-0.1994,-0.7559,0.099,1.0069,0.1035,1.4404,0.001476,0.0403,0.0
15.045,FLIGHT,0.9365,1.4507,-2.7166,1.3127,-2.5533,1.2661,-0.0029,-0.1988,-0.7264,0.113,1.0083,0.1952,1.3707,0.001594,0.0091,0.0
15.05,FLIGHT,0.9244,1.4567,-2.4979,1.218,-2.2744,1.1005,-0.0061,-0.1983,-0.6664,0.116,1.0098,0.2494,1.332,0.001587,-0.0102,0.002
15.055,FLIGHT,0.9138,1.4617,-2.2275,1.0623,-1.9704,0.9053,-0.0089,-0.1978,-0.5884,0.11,1.0111,0.2747,1.317,0.001505,-0.0214,0.0043
15.06,FLIGHT,0.9047,1.4657,-1.9318,0.8766,-1.662,0.7043,-0.0113,-0.1973,-0.5022,0.0978,1.0125,0.2785,1.3193,0.001382,-0.0271,0.0054
15.065,FLIGHT,0.8971,1.4688,-1.6308,0.6843,-1.3636,0.5143,-0.0132,-0.197,-0.4151,0.0818,1.0137,0.2675,1.3331,0.001241,-0.0291,0.0058
15.07,FLIGHT,0.891,1.4709,-1.339,0.5016,-1.0849,0.3458,-0.0147,-0.1967,-0.3318,0.0644,1.0149,0.2467,1.3541,0.001095,-0.0288,0.0058
15.075,FLIGHT,0.8862,1.4723,-1.0659,0.3392,-0.8315,0.2048,-0.0158,-0.1965,-0.2555,0.0474,1.016,0.2203,1.3787,0.000954,-0.0272,0.0054
15.08,FLIGHT,0.8827,1.473,-0.8171,0.203,-0.6063,0.0937,-0.0166,-0.1964,-0.188,0.032,1.0171,0.1913,1.4045,0.000824,-0.0248,0.005
15.085,FLIGHT,0.8801,1.4733,-0.5956,0.0955,-0.4097,0.0122,-0.0171,-0.1963,-0.1298,0.0189,1.0182,0.162,1.4296,0.000707,-0.0219,0.0044
15.09,FLIGHT,0.8785,1.4732,-0.4019,0.0166,-0.2408,-0.0415,-0.0174,-0.1963,-0.0811,0.0085,1.0192,0.1338,1.4528,0.000605,-0.019,0.0038
15.095,FLIGHT,0.8777,1.4729,-0.2352,-0.0352,-0.0975,-0.0704,-0.0175,-0.1963,-0.0414,0.0009,1.0202,0.1078,1.4736,0.000518,-0.016,0.0032
15.1,FLIGHT,0.8775,1.4725,-0.0937,-0.0629,0.0226,-0.0778,-0.0175,-0.1964,-0.0099,-0.0041,1.0211,0.0846,1.4916,0.000445,-0.0133,0.0027
15.105,FLIGHT,0.8779,1.4721,0.0252,-0.0697,0.1223,-0.0676,-0.0174,-0.1964,0.0144,-0.0068,1.0221,0.0643,1.5066,0.000385,-0.0107,0.0021
15.11,FLIGHT,0.8787,1.4719,0.1241,-0.0593,0.2046,-0.0433,-0.0172,-0.1964,0.0324,-0.0075,1.023,0.047,1.519,0.000337,-0.0085,0.0017
15.115,FLIGHT,0.8799,1.4717,0.2058,-0.0351,0.2721,-0.0083,-0.017,-0.1965,0.0452,-0.0067,1.0239,0.0326,1.5288,0.000299,-0.0067,0.0013
15.12,FLIGHT,0.8814,1.4718,0.273,-0.0004,0.3274,0.0344,-0.0167,-0.1965,0.0537,-0.0046,1.0248,0.0207,1.5364,0.00027,-0.0051,0.001
15.125,FLIGHT,0.8832,1.4721,0.3281,0.0418,0.3727,0.0822,-0.0164,-0.1965,0.0588,-0.0016,1.0257,0.0111,1.5422,0.000248,-0.0038,0.0008
15.13,FLIGHT,0.8851,1.4726,0.3733,0.089,0.4099,0.1328,-0.0161,-0.1965,0.0613,0.002,1.0266,0.0034,1.5464,0.000232,-0.0027,0.0005
15.135,FLIGHT,0.8872,1.4734,0.4105,0.1389,0.4407,0.1844,-0.0157,-0.1964,0.0618,0.0061,1.0274,-0.0026,1.5493,0.00022,-0.0019,0.0004
15.14,FLIGHT,0.8895,1.4745,0.4413,0.1899,0.4664,0.2355,-0.0154,-0.1964,0.0608,0.0103,1.0283,-0.0073,1.5513,0.000213,-0.0012,0.0002
15.145,FLIGHT,0.8919,1.4758,0.4669,0.2404,0.488,0.2852,-0.0151,-0.1963,0.059,0.0145,1.0292,-0.011,1.5525,0.000208,-0.0007,0.0001
15.15,FLIGHT,0.8944,1.4773,0.4885,0.2895,0.5063,0.3324,-0.0149,-0.1962,0.0565,0.0187,1.0301,-0.0139,1.5533,0.000205,-0.0003,0.0001
15.155,FLIGHT,0.897,1.4791,0.5069,0.3362,0.5221,0.3768,-0.0146,-0.1961,0.0536,0.0227,1.0309,-0.0162,1.5537,0.000204,-0.0,0.0
15.16,FLIGHT,0.8996,1.4811,0.5227,0.38,0.5358,0.4178,-0.0144,-0.1959,0.0506,0.0265,1.0318,-0.0181,1.5538,0.000205,0.0002,0.0
15.165,FLIGHT,0.9023,1.4832,0.5363,0.4205,0.5477,0.4553,-0.0141,-0.1958,0.0477,0.03,1.0326,-0.0197,1.554,0.000206,0.0003,0.0
15.17,FLIGHT,0.9051,1.4856,0.5482,0.4576,0.558,0.4891,-0.0139,-0.1956,0.0449,0.0333,1.0334,-0.0211,1.5541,0.000208,0.0004,0.0
15.175,FLIGHT,0.9079,1.4881,0.5584,0.491,0.5669,0.5193,-0.0137,-0.1954,0.0422,0.0362,1.0343,-0.0225,1.5542,0.00021,0.0005,0.0
15.18,FLIGHT,0.9107,1.4908,0.5672,0.5209,0.5745,0.546,-0.0135,-0.1952,0.0397,0.0389,1.0351,-0.0238,1.5544,0.000212,0.0005,0.0
15.185,FLIGHT,0.9136,1.4936,0.5747,0.5472,0.5809,0.5692,-0.0133,-0.195,0.0375,0.0412,1.0359,-0.0252,1.5548,0.000215,0.0005,0.0
15.19,FLIGHT,0.9166,1.4965,0.581,0.5701,0.586,0.5892,-0.0132,-0.1948,0.0354,0.0433,1.0367,-0.0265,1.5552,0.000218,0.0005,0.0
15.195,FLIGHT,0.9195,1.4995,0.5859,0.5898,0.5898,0.606,-0.013,-0.1946,0.0336,0.0451,1.0374,-0.028,1.5558,0.00022,0.0005,0.0
15.2,FLIGHT,0.9224,1.5025,0.5896,0.6064,0.5924,0.6199,-0.0128,-0.1943,0.0319,0.0466,1.0382,-0.0294,1.5565,0.000223,0.0005,0.0
15.205,FLIGHT,0.9254,1.5057,0.5921,0.62,0.5937,0.631,-0.0127,-0.1941,0.0304,0.0479,1.039,-0.0309,1.5574,0.000225,0.0005,0.0
15.21,FLIGHT,0.9284,1.5088,0.5933,0.6309,0.5938,0.6395,-0.0125,-0.1938,0.029,0.049,1.0397,-0.0325,1.5583,0.000227,0.0004,0.0
15.215,FLIGHT,0.9313,1.5121,0.5933,0.6393,0.5927,0.6457,-0.0124,-0.1936,0.0277,0.0498,1.0404,-0.0341,1.5593,0.000229,0.0004,0.0
15.22,FLIGHT,0.9343,1.5153,0.592,0.6453,0.5903,0.6496,-0.0123,-0.1933,0.0265,0.0505,1.0411,-0.0357,1.5604,0.000231,0.0004,0.0
15.225,FLIGHT,0.9373,1.5185,0.5895,0.649,0.5867,0.6514,-0.0121,-0.1931,0.0254,0.0509,1.0418,-0.0373,1.5616,0.000233,0.0003,0.0
15.23,FLIGHT,0.9402,1.5218,0.5858,0.6506,0.582,0.6512,-0.012,-0.1928,0.0243,0.0512,1.0425,-0.039,1.5628,0.000234,0.0003,0.0
15.235,FLIGHT,0.9431,1.5251,0.5809,0.6503,0.5761,0.6492,-0.0119,-0.1926,0.0233,0.0514,1.0431,-0.0406,1.5641,0.000236,0.0003,0.0
15.24,FLIGHT,0.9459,1.5283,0.5749,0.6482,0.569,0.6456,-0.0118,-0.1923,0.0223,0.0513,1.0437,-0.0422,1.5654,0.000237,0.0002,0.0
15.245,FLIGHT,0.9488,1.5315,0.5678,0.6445,0.561,0.6404,-0.0117,-0.192,0.0213,0.0512,1.0443,-0.0438,1.5667,0.000238,0.0002,0.0
15.25,FLIGHT,0.9515,1.5347,0.5596,0.6391,0.5519,0.6337,-0.0116,-0.1918,0.0204,0.0509,1.0449,-0.0453,1.568,0.000239,0.0002,0.0
15.255,FLIGHT,0.9543,1.5378,0.5505,0.6323,0.5419,0.6256,-0.0115,-0.1915,0.0194,0.0505,1.0454,-0.0468,1.5694,0.00024,0.0001,0.0
15.26,FLIGHT,0.957,1.541,0.5404,0.6242,0.5309,0.6163,-0.0114,-0.1913,0.0185,0.0499,1.046,-0.0483,1.5707,0.000241,0.0001,0.0
15.265,FLIGHT,0.9596,1.544,0.5294,0.6148,0.5192,0.6059,-0.0113,-0.1911,0.0176,0.0493,1.0465,-0.0497,1.5721,0.000241,0.0001,0.0
15.27,FLIGHT,0.9621,1.547,0.5176,0.6043,0.5067,0.5944,-0.0112,-0.1908,0.0166,0.0486,1.047,-0.051,1.5734,0.000241,0.0001,0.0
15.275,FLIGHT,0.9646,1.5499,0.5051,0.5927,0.4935,0.5819,-0.0112,-0.1906,0.0157,0.0477,1.0474,-0.0523,1.5747,0.000242,0.0,0.0
15.28,FLIGHT,0.9671,1.5528,0.4919,0.5801,0.4797,0.5685,-0.0111,-0.1903,0.0148,0.0468,1.0478,-0.0535,1.576,0.000242,0.0,0.0
15.285,FLIGHT,0.9694,1.5556,0.478,0.5667,0.4654,0.5542,-0.011,-0.1901,0.0139,0.0458,1.0482,-0.0547,1.5772,0.000242,-0.0,0.0
15.29,FLIGHT,0.9717,1.5584,0.4636,0.5524,0.4505,0.5393,-0.011,-0.1899,0.013,0.0448,1.0486,-0.0558,1.5785,0.000242,-0.0,0.0
15.295,FLIGHT,0.9739,1.561,0.4488,0.5374,0.4352,0.5236,-0.0109,-0.1897,0.0122,0.0436,1.0489,-0.0568,1.5797,0.000242,-0.0,0.0
15.3,FLIGHT,0.9761,1.5636,0.4335,0.5217,0.4196,0.5074,-0.0108,-0.1895,0.0113,0.0424,1.0492,-0.0578,1.5809,0.000241,-0.0001,0.0
15.305,FLIGHT,0.9781,1.5661,0.4178,0.5055,0.4036,0.4907,-0.0108,-0.1893,0.0105,0.0412,1.0495,-0.0587,1.582,0.000241,-0.0001,0.0
15.31,FLIGHT,0.9801,1.5685,0.4018,0.4887,0.3874,0.4735,-0.0107,-0.1891,0.0097,0.0399,1.0498,-0.0596,1.5832,0.000241,-0.0001,0.0
15.315,FLIGHT,0.982,1.5708,0.3856,0.4715,0.371,0.4559,-0.0107,-0.1889,0.0089,0.0386,1.05,-0.0604,1.5842,0.00024,-0.0001,0.0
15.32,FLIGHT,0.9838,1.5731,0.3692,0.4539,0.3545,0.438,-0.0107,-0.1887,0.0082,0.0372,1.0502,-0.0611,1.5853,0.000239,-0.0001,0.0
15.325,FLIGHT,0.9856,1.5752,0.3527,0.436,0.3379,0.4199,-0.0106,-0.1885,0.0074,0.0358,1.0503,-0.0618,1.5863,0.000239,-0.0001,0.0
15.33,FLIGHT,0.9872,1.5773,0.3361,0.4179,0.3212,0.4015,-0.0106,-0.1883,0.0067,0.0343,1.0504,-0.0624,1.5873,0.000238,-0.0002,0.0
15.335,FLIGHT,0.9888,1.5792,0.3195,0.3995,0.3046,0.3831,-0.0106,-0.1882,0.006,0.0329,1.0505,-0.0629,1.5882,0.000237,-0.0002,0.0
15.34,FLIGHT,0.9903,1.5811,0.3029,0.3811,0.288,0.3645,-0.0105,-0.188,0.0054,0.0314,1.0506,-0.0634,1.5892,0.000236,-0.0002,0.0
15.345,FLIGHT,0.9917,1.5829,0.2863,0.3625,0.2716,0.3459,-0.0105,-0.1879,0.0047,0.0299,1.0506,-0.0639,1.59,0.000235,-0.0002,0.0
15.35,FLIGHT,0.993,1.5846,0.2699,0.344,0.2552,0.3274,-0.0105,-0.1877,0.0041,0.0284,1.0506,-0.0643,1.5909,0.000235,-0.0002,0.0
15.355,FLIGHT,0.9942,1.5861,0.2536,0.3254,0.2391,0.3089,-0.0105,-0.1876,0.0036,0.0269,1.0505,-0.0646,1.5917,0.000234,-0.0002,0.0
15.36,FLIGHT,0.9954,1.5876,0.2375,0.307,0.2232,0.2905,-0.0105,-0.1875,0.003,0.0255,1.0505,-0.0649,1.5924,0.000233,-0.0002,0.0
15.365,FLIGHT,0.9964,1.589,0.2216,0.2886,0.2075,0.2723,-0.0105,-0.1874,0.0025,0.024,1.0504,-0.0651,1.5932,0.000232,-0.0002,0.0
15.37,FLIGHT,0.9974,1.5904,0.206,0.2705,0.1922,0.2543,-0.0104,-0.1873,0.002,0.0225,1.0502,-0.0653,1.5938,0.000231,-0.0002,0.0
15.375,FLIGHT,0.9984,1.5916,0.1907,0.2525,0.1771,0.2365,-0.0104,-0.1872,0.0016,0.021,1.0501,-0.0654,1.5945,0.00023,-0.0002,0.0
15.38,FLIGHT,0.9992,1.5927,0.1757,0.2348,0.1624,0.2191,-0.0104,-0.1871,0.0011,0.0196,1.0499,-0.0655,1.5951,0.000229,-0.0002,0.0
15.385,FLIGHT,1.0,1.5938,0.161,0.2174,0.148,0.2019,-0.0104,-0.187,0.0007,0.0181,1.0496,-0.0656,1.5957,0.000228,-0.0002,0.0
15.39,FLIGHT,1.0007,1.5948,0.1467,0.2003,0.134,0.1851,-0.0104,-0.1869,0.0004,0.0167,1.0494,-0.0656,1.5962,0.000227,-0.0002,0.0
15.395,FLIGHT,1.0013,1.5956,0.1328,0.1835,0.1205,0.1686,-0.0104,-0.1868,0.0,0.0154,1.0491,-0.0656,1.5968,0.000225,-0.0002,0.0
15.4,FLIGHT,1.0019,1.5964,0.1192,0.1671,0.1073,0.1526,-0.0104,-0.1868,-0.0003,0.014,1.0487,-0.0655,1.5972,0.000224,-0.0002,0.0
15.405,FLIGHT,1.0024,1.5972,0.1061,0.1511,0.0946,0.1369,-0.0104,-0.1867,-0.0006,0.0127,1.0484,-0.0654,1.5977,0.000223,-0.0002,0.0
15.41,FLIGHT,1.0028,1.5978,0.0935,0.1355,0.0824,0.1217,-0.0104,-0.1866,-0.0008,0.0114,1.048,-0.0653,1.5981,0.000222,-0.0002,0.0
15.415,FLIGHT,1.0032,1.5984,0.0813,0.1204,0.0706,0.107,-0.0104,-0.1866,-0.0011,0.0102,1.0476,-0.0652,1.5985,0.000221,-0.0002,0.0
15.42,FLIGHT,1.0036,1.5989,0.0696,0.1057,0.0593,0.0928,-0.0105,-0.1866,-0.0013,0.0089,1.0471,-0.065,1.5988,0.00022,-0.0002,0.0
15.425,FLIGHT,1.0038,1.5993,0.0583,0.0915,0.0484,0.079,-0.0105,-0.1865,-0.0015,0.0078,1.0466,-0.0648,1.5991,0.000219,-0.0002,0.0
15.43,FLIGHT,1.004,1.5997,0.0475,0.0778,0.0381,0.0658,-0.0105,-0.1865,-0.0016,0.0066,1.0461,-0.0646,1.5994,0.000219,-0.0002,0.0
15.435,FLIGHT,1.0042,1.6,0.0372,0.0646,0.0282,0.053,-0.0105,-0.1865,-0.0018,0.0055,1.0456,-0.0643,1.5997,0.000218,-0.0002,0.0
15.44,FLIGHT,1.0043,1.6002,0.0274,0.052,0.0189,0.0408,-0.0105,-0.1864,-0.0019,0.0045,1.0451,-0.0641,1.5999,0.000217,-0.0002,0.0
15.445,FLIGHT,1.0044,1.6004,0.0181,0.0398,0.01,0.0292,-0.0105,-0.1864,-0.002,0.0035,1.0445,-0.0638,1.6001,0.000216,-0.0002,0.0
15.45,FLIGHT,1.0044,1.6005,0.0093,0.0282,0.0016,0.018,-0.0105,-0.1864,-0.0021,0.0025,1.0439,-0.0635,1.6003,0.000215,-0.0002,0.0
15.455,FLIGHT,1.0044,1.6006,0.001,0.0171,-0.0062,0.0074,-0.0105,-0.1864,-0.0021,0.0016,1.0432,-0.0632,1.6004,0.000214,-0.0002,0.0
15.46,FLIGHT,1.0044,1.6006,-0.0068,0.0066,-0.0136,-0.0026,-0.0105,-0.1864,-0.0022,0.0007,1.0426,-0.0628,1.6005,0.000213,-0.0002,0.0
15.465,FLIGHT,1.0043,1.6005,-0.0142,-0.0034,-0.0205,-0.0121,-0.0105,-0.1864,-0.0022,-0.0002,1.0419,-0.0625,1.6006,0.000213,-0.0002,0.0
15.47,FLIGHT,1.0042,1.6004,-0.021,-0.0129,-0.027,-0.0211,-0.0106,-0.1864,-0.0022,-0.001,1.0412,-0.0622,1.6007,0.000212,-0.0001,0.0
15.475,FLIGHT,1.004,1.6003,-0.0274,-0.0218,-0.0329,-0.0295,-0.0106,-0.1864,-0.0022,-0.0017,1.0405,-0.0618,1.6008,0.000211,-0.0001,0.0
15.48,FLIGHT,1.0038,1.6002,-0.0333,-0.0301,-0.0384,-0.0374,-0.0106,-0.1864,-0.0022,-0.0024,1.0397,-0.0614,1.6008,0.00021,-0.0001,0.0
15.485,FLIGHT,1.0036,1.6,-0.0388,-0.038,-0.0435,-0.0447,-0.0106,-0.1865,-0.0021,-0.0031,1.0389,-0.0611,1.6008,0.00021,-0.0001,0.0
15.49,FLIGHT,1.0034,1.5997,-0.0438,-0.0453,-0.0481,-0.0516,-0.0106,-0.1865,-0.0021,-0.0037,1.0381,-0.0607,1.6008,0.000209,-0.0001,0.0
15.495,FLIGHT,1.0031,1.5994,-0.0483,-0.0521,-0.0522,-0.0579,-0.0106,-0.1865,-0.002,-0.0043,1.0373,-0.0604,1.6008,0.000209,-0.0001,0.0
15.5,FLIGHT,1.0029,1.5991,-0.0525,-0.0583,-0.056,-0.0637,-0.0106,-0.1865,-0.0019,-0.0048,1.0365,-0.06,1.6008,0.000208,-0.0001,0.0
15.505,FLIGHT,1.0026,1.5988,-0.0562,-0.0641,-0.0593,-0.0691,-0.0106,-0.1866,-0.0018,-0.0053,1.0356,-0.0596,1.6007,0.000208,-0.0001,0.0
15.51,FLIGHT,1.0023,1.5984,-0.0595,-0.0694,-0.0622,-0.0739,-0.0106,-0.1866,-0.0017,-0.0057,1.0348,-0.0593,1.6007,0.000207,-0.0001,0.0
15.515,FLIGHT,1.002,1.5981,-0.0624,-0.0742,-0.0648,-0.0783,-0.0106,-0.1866,-0.0016,-0.0061,1.0339,-0.0589,1.6006,0.000207,-0.0001,0.0
15.52,FLIGHT,1.0016,1.5977,-0.0649,-0.0785,-0.067,-0.0822,-0.0106,-0.1866,-0.0015,-0.0065,1.0329,-0.0585,1.6005,0.000206,-0.0001,0.0
15.525,FLIGHT,1.0013,1.5972,-0.067,-0.0824,-0.0688,-0.0856,-0.0107,-0.1867,-0.0014,-0.0068,1.032,-0.0582,1.6004,0.000206,-0.0001,0.0
15.53,FLIGHT,1.0009,1.5968,-0.0688,-0.0858,-0.0703,-0.0886,-0.0107,-0.1867,-0.0013,-0.0071,1.0311,-0.0579,1.6003,0.000205,-0.0001,0.0
15.535,FLIGHT,1.0006,1.5964,-0.0703,-0.0887,-0.0715,-0.0912,-0.0107,-0.1868,-0.0012,-0.0074,1.0301,-0.0575,1.6002,0.000205,-0.0001,0.0
15.54,FLIGHT,1.0002,1.5959,-0.0714,-0.0913,-0.0723,-0.0934,-0.0107,-0.1868,-0.001,-0.0076,1.0291,-0.0572,1.6001,0.000205,-0.0001,0.0
15.545,FLIGHT,0.9999,1.5954,-0.0723,-0.0935,-0.0729,-0.0952,-0.0107,-0.1868,-0.0009,-0.0078,1.0281,-0.0569,1.5999,0.000205,-0.0001,0.0
15.55,FLIGHT,0.9995,1.5949,-0.0728,-0.0952,-0.0731,-0.0966,-0.0107,-0.1869,-0.0008,-0.0079,1.0271,-0.0566,1.5998,0.000204,-0.0,0.0
15.555,FLIGHT,0.9991,1.5945,-0.073,-0.0966,-0.0731,-0.0977,-0.0107,-0.1869,-0.0006,-0.0081,1.0261,-0.0563,1.5997,0.000204,-0.0,0.0
15.56,FLIGHT,0.9988,1.594,-0.073,-0.0976,-0.0729,-0.0984,-0.0107,-0.187,-0.0005,-0.0081,1.025,-0.056,1.5995,0.000204,-0.0,0.0
15.565,FLIGHT,0.9984,1.5935,-0.0728,-0.0983,-0.0724,-0.0988,-0.0107,-0.187,-0.0003,-0.0082,1.024,-0.0557,1.5994,0.000204,-0.0,0.0
15.57,FLIGHT,0.998,1.593,-0.0723,-0.0987,-0.0717,-0.0989,-0.0107,-0.187,-0.0002,-0.0082,1.0229,-0.0554,1.5992,0.000204,-0.0,0.0
15.575,FLIGHT,0.9977,1.5925,-0.0715,-0.0987,-0.0708,-0.0986,-0.0107,-0.1871,-0.0001,-0.0083,1.0218,-0.0551,1.599,0.000203,-0.0,0.0
15.58,FLIGHT,0.9973,1.592,-0.0706,-0.0985,-0.0697,-0.0981,-0.0107,-0.1871,0.0001,-0.0082,1.0207,-0.0549,1.5989,0.000203,-0.0,0.0
15.585,FLIGHT,0.997,1.5915,-0.0695,-0.0979,-0.0684,-0.0973,-0.0107,-0.1872,0.0002,-0.0082,1.0196,-0.0547,1.5987,0.000203,-0.0,0.0
15.59,FLIGHT,0.9967,1.591,-0.0682,-0.0971,-0.067,-0.0963,-0.0107,-0.1872,0.0004,-0.0081,1.0185,-0.0544,1.5986,0.000203,-0.0,0.0
15.595,FLIGHT,0.9963,1.5905,-0.0667,-0.0961,-0.0654,-0.0951,-0.0107,-0.1872,0.0005,-0.0081,1.0173,-0.0542,1.5984,0.000203,-0.0,0.0
15.6,FLIGHT,0.996,1.5901,-0.0651,-0.0948,-0.0636,-0.0936,-0.0107,-0.1873,0.0006,-0.008,1.0162,-0.054,1.5982,0.000203,0.0,0.0
15.605,FLIGHT,0.9957,1.5896,-0.0634,-0.0933,-0.0618,-0.0919,-0.0107,-0.1873,0.0007,-0.0078,1.015,-0.0538,1.5981,0.000203,0.0,0.0
15.61,FLIGHT,0.9954,1.5891,-0.0615,-0.0917,-0.0598,-0.0901,-0.0107,-0.1874,0.0009,-0.0077,1.0138,-0.0536,1.5979,0.000203,0.0,0.0
15.615,FLIGHT,0.9951,1.5887,-0.0595,-0.0898,-0.0577,-0.088,-0.0107,-0.1874,0.001,-0.0076,1.0126,-0.0535,1.5978,0.000203,0.0,0.0
15.62,FLIGHT,0.9948,1.5883,-0.0575,-0.0877,-0.0556,-0.0858,-0.0107,-0.1874,0.0011,-0.0074,1.0114,-0.0533,1.5976,0.000203,0.0,0.0
15.625,FLIGHT,0.9945,1.5878,-0.0553,-0.0855,-0.0533,-0.0835,-0.0106,-0.1875,0.0012,-0.0072,1.0102,-0.0532,1.5974,0.000203,0.0,0.0
15.63,FLIGHT,0.9943,1.5874,-0.0531,-0.0832,-0.0511,-0.081,-0.0106,-0.1875,0.0013,-0.007,1.009,-0.053,1.5973,0.000203,0.0,0.0
15.635,FLIGHT,0.994,1.587,-0.0508,-0.0807,-0.0487,-0.0784,-0.0106,-0.1875,0.0014,-0.0068,1.0078,-0.0529,1.5971,0.000204,0.0,0.0
15.64,FLIGHT,0.9938,1.5867,-0.0484,-0.0781,-0.0463,-0.0758,-0.0106,-0.1876,0.0015,-0.0066,1.0065,-0.0528,1.597,0.000204,0.0,0.0
15.645,FLIGHT,0.9936,1.5863,-0.0461,-0.0754,-0.0439,-0.073,-0.0106,-0.1876,0.0016,-0.0064,1.0053,-0.0527,1.5969,0.000204,0.0,0.0
15.65,FLIGHT,0.9933,1.5859,-0.0437,-0.0727,-0.0415,-0.0702,-0.0106,-0.1876,0.0016,-0.0062,1.004,-0.0526,1.5967,0.000204,0.0,0.0
15.655,FLIGHT,0.9931,1.5856,-0.0412,-0.0698,-0.039,-0.0672,-0.0106,-0.1877,0.0017,-0.0059,1.0027,-0.0525,1.5966,0.000204,0.0,0.0
15.66,FLIGHT,0.993,1.5852,-0.0388,-0.0669,-0.0366,-0.0643,-0.0106,-0.1877,0.0018,-0.0057,1.0015,-0.0525,1.5965,0.000204,0.0,0.0
15.665,FLIGHT,0.9928,1.5849,-0.0363,-0.064,-0.0341,-0.0613,-0.0106,-0.1877,0.0018,-0.0054,1.0002,-0.0524,1.5963,0.000205,0.0,0.0
15.67,STANCE,0.9931,1.5851,0.0564,0.026,0.4444,0.2331,-0.0105,-0.1877,0.0071,0.0018,0.999,0.1185,-0.2705,-7.4e-05,-0.2348,0.047
15.675,STANCE,0.9979,1.585,0.713,-0.0358,1.1206,-0.2634,-0.0096,-0.1878,0.1387,-0.0101,0.9983,-0.2858,-0.8537,-0.001826,-0.3516,0.0721
15.68,STANCE,1.0001,1.5849,0.4862,-0.0166,0.1429,0.0798,-0.0092,-0.1878,0.0936,-0.006,0.9981,-0.4591,-1.4648,-0.002596,-0.0411,0.0108
15.685,STANCE,1.0012,1.5846,0.3158,-0.0686,0.3686,-0.2914,-0.009,-0.1878,0.0686,-0.009,0.9983,-0.6979,-1.9699,-0.002609,0.0234,0.0026
15.69,STANCE,1.0041,1.5811,0.5131,-0.5578,0.6171,-1.6023,-0.0079,-0.1882,0.1728,-0.0537,0.9984,-1.1039,-2.1283,-0.002385,0.1056,0.0024
15.695,STANCE,1.0082,1.572,0.7562,-1.3768,1.1179,-1.6827,-0.0059,-0.189,0.3326,-0.1244,0.9985,-1.52,-1.9177,-0.001922,0.032,0.0019
15.7,STANCE,1.0144,1.5601,1.0819,-2.1621,1.051,-3.4122,-0.0031,-0.19,0.5069,-0.1863,0.9984,-1.9175,-1.4864,-0.002243,-0.0154,0.0053
15.705,STANCE,1.0208,1.5443,1.1993,-2.8338,1.1329,-3.2118,0.0003,-0.1914,0.6296,-0.2305,0.9983,-2.1233,-0.8943,-0.002668,-0.0474,0.0121
15.71,STANCE,1.0258,1.5284,1.0556,-3.0717,0.725,-3.4598,0.0036,-0.1926,0.6421,-0.2374,0.9983,-2.0451,-0.3627,-0.002846,-0.0128,0.0054
15.715,STANCE,1.029,1.5112,0.7379,-3.3362,0.4101,-3.5245,0.0066,-0.1939,0.6249,-0.2473,0.9982,-1.7144,0.2411,-0.003176,-0.0715,0.0175
15.72,STANCE,1.0301,1.4938,0.3735,-3.4335,0.0916,-3.382,0.0094,-0.1952,0.5735,-0.2468,0.9981,-1.2069,0.7712,-0.00356,-0.0858,0.0207
15.725,STANCE,1.0295,1.4768,0.0051,-3.4123,-0.3287,-3.3938,0.0118,-0.1964,0.5025,-0.2406,0.9981,-0.6108,1.191,-0.003818,-0.021,0.008
15.73,STANCE,1.0278,1.4608,-0.2383,-3.2728,-0.443,-3.1912,0.0138,-0.1976,0.4372,-0.2271,0.9981,-0.0945,1.453,-0.003989,-0.0005,0.0041
15.735,STANCE,1.0259,1.4457,-0.3153,-3.0776,-0.2794,-2.8502,0.0157,-0.1986,0.3955,-0.2094,0.9983,0.1713,1.54,-0.004076,-0.0317,0.0104
15.74,STANCE,1.0249,1.4319,-0.2335,-2.8459,-0.1335,-2.6575,0.0175,-0.1995,0.3794,-0.1878,0.9986,0.1492,1.4856,-0.004192,-0.0152,0.0072
15.745,FLIGHT,1.0245,1.419,-0.115,-2.6573,-0.0092,-2.5069,0.0194,-0.2004,0.3769,-0.1687,0.999,-1.3263,2.6004,-0.004225,0.0024,0.0042
15.75,FLIGHT,1.0221,1.4096,-0.4172,-2.0629,-0.9481,-1.2698,0.0203,-0.201,0.2275,-0.1355,0.9997,-1.2694,2.5417,-0.003976,0.0937,0.004
15.755,FLIGHT,1.0153,1.4061,-1.1116,-1.0837,-1.7712,-0.1788,0.0195,-0.2014,-0.0605,-0.0889,1.0007,-1.0154,2.3308,-0.003331,0.1598,0.0033
15.76,FLIGHT,1.0048,1.4074,-1.8058,-0.1305,-2.3678,0.6494,0.0172,-0.2015,-0.3442,-0.0393,1.0018,-0.7079,2.0812,-0.002427,0.1971,0.0024
15.765,FLIGHT,0.992,1.4121,-2.3366,0.627,-2.7199,1.1984,0.0139,-0.2014,-0.5638,0.0093,1.0032,-0.4186,1.8487,-0.001402,0.2094,0.0014
15.77,FLIGHT,0.978,1.4189,-2.6589,1.1436,-2.855,1.5003,0.01,-0.2011,-0.7032,0.0529,1.0047,-0.1781,1.6568,-0.000365,0.2029,0.0004
15.775,FLIGHT,0.9637,1.4268,-2.7831,1.4355,-2.8144,1.6081,0.006,-0.2006,-0.7677,0.0877,1.0062,0.0047,1.5124,0.000537,0.1428,0.0
15.78,FLIGHT,0.95,1.4348,-2.7443,1.5444,-2.6501,1.5737,0.0021,-0.2001,-0.7718,0.1115,1.0077,0.1333,1.4126,0.001079,0.078,0.0
15.785,FLIGHT,0.9374,1.4423,-2.5875,1.5168,-2.4066,1.4446,-0.0015,-0.1995,-0.7326,0.1235,1.0092,0.2162,1.3505,0.001353,0.0347,0.0
15.79,FLIGHT,0.9261,1.4491,-2.3528,1.3974,-2.1178,1.261,-0.0047,-0.1989,-0.6653,0.1249,1.0106,0.2629,1.3182,0.001452,0.0069,0.0
15.795,FLIGHT,0.9162,1.4549,-2.0728,1.2238,-1.8099,1.0536,-0.0075,-0.1984,-0.5825,0.1178,1.012,0.282,1.3083,0.00144,-0.0102,0.002
15.8,FLIGHT,0.908,1.4596,-1.7732,1.0259,-1.5021,0.8449,-0.0098,-0.1979,-0.4934,0.105,1.0133,0.2811,1.3144,0.001362,-0.0199,0.004
15.805,FLIGHT,0.9012,1.4634,-1.4728,0.8257,-1.2077,0.6502,-0.0116,-0.1975,-0.4048,0.0889,1.0145,0.2666,1.331,0.001249,-0.0248,0.005
15.81,FLIGHT,0.8958,1.4662,-1.1849,0.6381,-0.9353,0.479,-0.0131,-0.1972,-0.3212,0.0716,1.0157,0.2435,1.3537,0.00112,-0.0264,0.0053
15.815,FLIGHT,0.8918,1.4682,-0.9178,0.4727,-0.6897,0.3363,-0.0141,-0.197,-0.2454,0.055,1.0168,0.2156,1.3795,0.000988,-0.026,0.0052
15.82,FLIGHT,0.8889,1.4696,-0.6767,0.3346,-0.4731,0.2239,-0.0149,-0.1968,-0.1788,0.04,1.0179,0.1857,1.4058,0.000862,-0.0244,0.0049
15.825,FLIGHT,0.887,1.4705,-0.4635,0.2257,-0.2853,0.1411,-0.0154,-0.1967,-0.1219,0.0274,1.0189,0.156,1.4312,0.000746,-0.022,0.0044
15.83,FLIGHT,0.886,1.4711,-0.2785,0.1453,-0.1252,0.0857,-0.0157,-0.1966,-0.0745,0.0174,1.0199,0.1279,1.4545,0.000642,-0.0194,0.0039
15.835,FLIGHT,0.8857,1.4714,-0.1205,0.0917,0.0095,0.0547,-0.0158,-0.1966,-0.0361,0.0102,1.0209,0.1021,1.4751,0.000552,-0.0166,0.0033
15.84,FLIGHT,0.8861,1.4716,0.0126,0.0617,0.1215,0.0444,-0.0157,-0.1966,-0.0059,0.0054,1.0218,0.0791,1.4929,0.000476,-0.0139,0.0028
15.845,FLIGHT,0.8869,1.4719,0.1235,0.0519,0.2136,0.0512,-0.0156,-0.1966,0.0172,0.0027,1.0227,0.0592,1.5079,0.000413,-0.0114,0.0023
15.85,FLIGHT,0.8882,1.4722,0.2148,0.0588,0.2887,0.0715,-0.0154,-0.1966,0.0342,0.002,1.0236,0.0423,1.5201,0.000362,-0.0091,0.0018
15.855,FLIGHT,0.8898,1.4726,0.2894,0.079,0.3496,0.102,-0.0151,-0.1965,0.0461,0.0027,1.0245,0.0282,1.5298,0.000321,-0.0072,0.0014
15.86,FLIGHT,0.8916,1.4732,0.35,0.1091,0.3987,0.1397,-0.0149,-0.1965,0.0539,0.0046,1.0254,0.0166,1.5373,0.000289,-0.0056,0.0011
15.865,FLIGHT,0.8937,1.474,0.3989,0.1464,0.4381,0.1822,-0.0146,-0.1965,0.0584,0.0073,1.0263,0.0073,1.5431,0.000265,-0.0042,0.0008
15.87,FLIGHT,0.896,1.475,0.4383,0.1883,0.4699,0.2272,-0.0142,-0.1964,0.0604,0.0106,1.0271,-0.0001,1.5473,0.000247,-0.0031,0.0006
15.875,FLIGHT,0.8984,1.4763,0.47,0.2327,0.4955,0.2731,-0.0139,-0.1963,0.0605,0.0142,1.028,-0.006,1.5503,0.000234,-0.0022,0.0004
15.88,FLIGHT,0.901,1.4778,0.4956,0.278,0.5162,0.3185,-0.0136,-0.1962,0.0593,0.018,1.0288,-0.0106,1.5524,0.000225,-0.0015,0.0003
15.885,FLIGHT,0.9036,1.4795,0.5164,0.3228,0.5331,0.3624,-0.0134,-0.1961,0.0571,0.0218,1.0297,-0.0142,1.5537,0.000219,-0.0009,0.0002
15.89,FLIGHT,0.9063,1.4814,0.5333,0.366,0.547,0.4038,-0.0131,-0.196,0.0545,0.0255,1.0305,-0.017,1.5546,0.000215,-0.0005,0.0001
15.895,FLIGHT,0.909,1.4835,0.5472,0.407,0.5585,0.4424,-0.0128,-0.1958,0.0515,0.029,1.0313,-0.0192,1.5552,0.000213,-0.0002,0.0
15.9,FLIGHT,0.9119,1.4858,0.5586,0.445,0.568,0.4777,-0.0126,-0.1957,0.0484,0.0323,1.0322,-0.0211,1.5555,0.000213,0.0,0.0
15.905,FLIGHT,0.9147,1.4883,0.5681,0.4799,0.5758,0.5097,-0.0124,-0.1955,0.0453,0.0354,1.033,-0.0227,1.5558,0.000213,0.0002,0.0
15.91,FLIGHT,0.9176,1.4909,0.5759,0.5114,0.5822,0.5381,-0.0122,-0.1953,0.0424,0.0382,1.0338,-0.0241,1.556,0.000215,0.0003,0.0
15.915,FLIGHT,0.9205,1.4937,0.5823,0.5395,0.5874,0.563,-0.012,-0.1951,0.0397,0.0407,1.0346,-0.0255,1.5563,0.000216,0.0004,0.0
15.92,FLIGHT,0.9235,1.4965,0.5873,0.5641,0.5913,0.5846,-0.0118,-0.1949,0.0372,0.0429,1.0354,-0.0268,1.5566,0.000218,0.0004,0.0
15.925,FLIGHT,0.9265,1.4995,0.5912,0.5853,0.5941,0.6028,-0.0116,-0.1946,0.0349,0.0449,1.0361,-0.0281,1.5571,0.00022,0.0004,0.0
15.93,FLIGHT,0.9294,1.5025,0.5938,0.6033,0.5957,0.618,-0.0115,-0.1944,0.0328,0.0465,1.0369,-0.0294,1.5577,0.000222,0.0004,0.0
15.935,FLIGHT,0.9324,1.5057,0.5954,0.6182,0.5963,0.6302,-0.0113,-0.1942,0.0309,0.0479,1.0376,-0.0308,1.5584,0.000224,0.0004,0.0
15.94,FLIGHT,0.9354,1.5088,0.5958,0.6301,0.5957,0.6396,-0.0112,-0.1939,0.0292,0.0491,1.0384,-0.0322,1.5591,0.000226,0.0004,0.0
15.945,FLIGHT,0.9384,1.5121,0.5951,0.6394,0.594,0.6465,-0.011,-0.1937,0.0277,0.05,1.0391,-0.0337,1.56,0.000228,0.0004,0.0
15.95,FLIGHT,0.9413,1.5153,0.5933,0.646,0.5911,0.6509,-0.0109,-0.1934,0.0263,0.0507,1.0398,-0.0352,1.561,0.00023,0.0003,0.0
15.955,FLIGHT,0.9443,1.5186,0.5903,0.6503,0.5872,0.6532,-0.0108,-0.1932,0.025,0.0512,1.0405,-0.0367,1.5621,0.000232,0.0003,0.0
15.96,FLIGHT,0.9472,1.5218,0.5863,0.6524,0.5822,0.6533,-0.0107,-0.1929,0.0238,0.0515,1.0411,-0.0383,1.5633,0.000233,0.0003,0.0
15.965,FLIGHT,0.9501,1.5251,0.5811,0.6524,0.576,0.6516,-0.0106,-0.1926,0.0227,0.0517,1.0418,-0.0398,1.5645,0.000234,0.0003,0.0
15.97,FLIGHT,0.953,1.5283,0.5749,0.6506,0.5689,0.6481,-0.0105,-0.1924,0.0216,0.0517,1.0424,-0.0414,1.5657,0.000236,0.0002,0.0
15.975,FLIGHT,0.9558,1.5316,0.5676,0.6469,0.5607,0.6429,-0.0104,-0.1921,0.0206,0.0515,1.043,-0.0429,1.567,0.000237,0.0002,0.0
15.98,FLIGHT,0.9586,1.5348,0.5594,0.6417,0.5515,0.6363,-0.0103,-0.1919,0.0196,0.0513,1.0435,-0.0444,1.5683,0.000238,0.0002,0.0
15.985,FLIGHT,0.9613,1.5379,0.5501,0.6349,0.5415,0.6282,-0.0102,-0.1916,0.0186,0.0508,1.0441,-0.0459,1.5696,0.000238,0.0001,0.0
15.99,FLIGHT,0.964,1.5411,0.54,0.6268,0.5305,0.6189,-0.0101,-0.1914,0.0177,0.0503,1.0446,-0.0473,1.571,0.000239,0.0001,0.0
15.995,FLIGHT,0.9666,1.5441,0.529,0.6174,0.5188,0.6084,-0.01,-0.1911,0.0168,0.0497,1.0451,-0.0487,1.5723,0.00024,0.0001,0.0
16.0,FLIGHT,0.9692,1.5471,0.5172,0.6068,0.5063,0.5968,-0.0099,-0.1909,0.0159,0.0489,1.0456,-0.0501,1.5736,0.00024,0.0001,0.0
16.005,FLIGHT,0.9717,1.5501,0.5046,0.5952,0.4931,0.5842,-0.0098,-0.1906,0.015,0.0481,1.046,-0.0513,1.5749,0.00024,0.0,0.0
16.01,FLIGHT,0.9741,1.553,0.4914,0.5825,0.4792,0.5708,-0.0098,-0.1904,0.0141,0.0471,1.0465,-0.0526,1.5762,0.00024,0.0,0.0
16.015,FLIGHT,0.9764,1.5558,0.4775,0.569,0.4649,0.5565,-0.0097,-0.1902,0.0132,0.0461,1.0469,-0.0538,1.5775,0.00024,-0.0,0.0
16.02,FLIGHT,0.9787,1.5585,0.4631,0.5546,0.45,0.5414,-0.0096,-0.1899,0.0123,0.0451,1.0472,-0.0549,1.5787,0.00024,-0.0,0.0
16.025,FLIGHT,0.9809,1.5612,0.4482,0.5395,0.4347,0.5257,-0.0096,-0.1897,0.0115,0.0439,1.0475,-0.0559,1.58,0.00024,-0.0,0.0
16.03,FLIGHT,0.9831,1.5638,0.4329,0.5238,0.419,0.5094,-0.0095,-0.1895,0.0107,0.0427,1.0479,-0.0569,1.5812,0.00024,-0.0001,0.0
16.035,FLIGHT,0.9851,1.5663,0.4172,0.5075,0.403,0.4926,-0.0095,-0.1893,0.0098,0.0415,1.0481,-0.0578,1.5823,0.000239,-0.0001,0.0
16.04,FLIGHT,0.9871,1.5687,0.4012,0.4906,0.3867,0.4753,-0.0094,-0.1891,0.009,0.0401,1.0484,-0.0587,1.5834,0.000239,-0.0001,0.0
16.045,FLIGHT,0.989,1.5711,0.3849,0.4733,0.3703,0.4577,-0.0094,-0.1889,0.0083,0.0388,1.0486,-0.0595,1.5845,0.000238,-0.0001,0.0
16.05,FLIGHT,0.9908,1.5733,0.3685,0.4557,0.3537,0.4397,-0.0094,-0.1887,0.0075,0.0374,1.0488,-0.0602,1.5856,0.000238,-0.0001,0.0
16.055,FLIGHT,0.9925,1.5754,0.3519,0.4377,0.337,0.4215,-0.0093,-0.1886,0.0068,0.036,1.0489,-0.0609,1.5866,0.000237,-0.0001,0.0
16.06,FLIGHT,0.9942,1.5775,0.3353,0.4195,0.3203,0.4031,-0.0093,-0.1884,0.0061,0.0345,1.049,-0.0615,1.5876,0.000236,-0.0002,0.0
16.065,FLIGHT,0.9957,1.5795,0.3186,0.4011,0.3036,0.3846,-0.0093,-0.1882,0.0054,0.0331,1.0491,-0.0621,1.5886,0.000235,-0.0002,0.0
16.07,FLIGHT,0.9972,1.5814,0.3019,0.3826,0.287,0.3659,-0.0093,-0.1881,0.0048,0.0316,1.0492,-0.0626,1.5895,0.000235,-0.0002,0.0
16.075,FLIGHT,0.9986,1.5831,0.2853,0.364,0.2705,0.3473,-0.0092,-0.1879,0.0041,0.0301,1.0492,-0.063,1.5904,0.000234,-0.0002,0.0
16.08,FLIGHT,0.9999,1.5848,0.2688,0.3454,0.2541,0.3287,-0.0092,-0.1878,0.0035,0.0286,1.0492,-0.0634,1.5912,0.000233,-0.0002,0.0
16.085,FLIGHT,1.0012,1.5864,0.2524,0.3268,0.2379,0.3101,-0.0092,-0.1877,0.003,0.0271,1.0491,-0.0637,1.592,0.000232,-0.0002,0.0
16.09,FLIGHT,1.0023,1.5879,0.2363,0.3082,0.2219,0.2917,-0.0092,-0.1875,0.0024,0.0256,1.049,-0.064,1.5928,0.000231,-0.0002,0.0
16.095,FLIGHT,1.0034,1.5893,0.2203,0.2898,0.2062,0.2734,-0.0092,-0.1874,0.0019,0.0241,1.0489,-0.0643,1.5935,0.00023,-0.0002,0.0
16.1,FLIGHT,1.0044,1.5907,0.2047,0.2716,0.1907,0.2554,-0.0092,-0.1873,0.0015,0.0226,1.0488,-0.0644,1.5942,0.000229,-0.0002,0.0
16.105,FLIGHT,1.0053,1.5919,0.1893,0.2536,0.1756,0.2376,-0.0092,-0.1872,0.001,0.0211,1.0486,-0.0646,1.5949,0.000228,-0.0002,0.0
16.11,FLIGHT,1.0061,1.593,0.1742,0.2358,0.1608,0.22,-0.0092,-0.1871,0.0006,0.0197,1.0484,-0.0647,1.5955,0.000227,-0.0002,0.0
16.115,FLIGHT,1.0069,1.5941,0.1594,0.2183,0.1464,0.2028,-0.0092,-0.187,0.0002,0.0183,1.0481,-0.0647,1.5961,0.000226,-0.0002,0.0
16.12,FLIGHT,1.0076,1.5951,0.1451,0.2011,0.1324,0.1859,-0.0092,-0.1869,-0.0002,0.0168,1.0479,-0.0648,1.5966,0.000225,-0.0002,0.0
16.125,FLIGHT,1.0082,1.596,0.1311,0.1843,0.1187,0.1694,-0.0092,-0.1869,-0.0005,0.0155,1.0476,-0.0647,1.5971,0.000224,-0.0002,0.0
16.13,FLIGHT,1.0088,1.5968,0.1175,0.1679,0.1056,0.1533,-0.0092,-0.1868,-0.0008,0.0141,1.0472,-0.0647,1.5976,0.000223,-0.0002,0.0
16.135,FLIGHT,1.0093,1.5975,0.1044,0.1518,0.0928,0.1376,-0.0092,-0.1867,-0.0011,0.0128,1.0469,-0.0646,1.598,0.000222,-0.0002,0.0
16.14,FLIGHT,1.0097,1.5981,0.0917,0.1362,0.0805,0.1223,-0.0092,-0.1867,-0.0014,0.0115,1.0465,-0.0645,1.5984,0.00022,-0.0002,0.0
16.145,FLIGHT,1.0101,1.5987,0.0794,0.121,0.0687,0.1076,-0.0092,-0.1866,-0.0016,0.0102,1.046,-0.0643,1.5988,0.000219,-0.0002,0.0
16.15,FLIGHT,1.0104,1.5992,0.0676,0.1062,0.0573,0.0933,-0.0092,-0.1866,-0.0018,0.009,1.0456,-0.0641,1.5992,0.000218,-0.0002,0.0
16.155,FLIGHT,1.0107,1.5996,0.0563,0.092,0.0464,0.0795,-0.0092,-0.1866,-0.002,0.0078,1.0451,-0.0639,1.5995,0.000218,-0.0002,0.0
16.16,FLIGHT,1.0109,1.6,0.0455,0.0782,0.036,0.0662,-0.0092,-0.1865,-0.0021,0.0067,1.0446,-0.0637,1.5998,0.000217,-0.0002,0.0
16.165,FLIGHT,1.011,1.6003,0.0352,0.065,0.0261,0.0534,-0.0093,-0.1865,-0.0023,0.0056,1.0441,-0.0635,1.6,0.000216,-0.0002,0.0
16.17,FLIGHT,1.0111,1.6005,0.0253,0.0523,0.0167,0.0411,-0.0093,-0.1865,-0.0024,0.0045,1.0435,-0.0632,1.6002,0.000215,-0.0002,0.0
16.175,FLIGHT,1.0112,1.6007,0.016,0.0401,0.0078,0.0294,-0.0093,-0.1865,-0.0025,0.0035,1.0429,-0.0629,1.6004,0.000214,-0.0002,0.0
16.18,FLIGHT,1.0112,1.6008,0.0071,0.0284,-0.0006,0.0182,-0.0093,-0.1865,-0.0025,0.0025,1.0423,-0.0626,1.6006,0.000213,-0.0002,0.0
16.185,FLIGHT,1.0112,1.6009,-0.0012,0.0173,-0.0085,0.0076,-0.0093,-0.1864,-0.0026,0.0016,1.0417,-0.0623,1.6008,0.000212,-0.0002,0.0
16.19,FLIGHT,1.0111,1.6009,-0.0091,0.0067,-0.0159,-0.0025,-0.0093,-0.1864,-0.0026,0.0007,1.041,-0.062,1.6009,0.000211,-0.0002,0.0
16.195,FLIGHT,1.011,1.6009,-0.0165,-0.0033,-0.0229,-0.0121,-0.0093,-0.1864,-0.0026,-0.0001,1.0403,-0.0616,1.601,0.000211,-0.0002,0.0
16.2,FLIGHT,1.0109,1.6008,-0.0234,-0.0128,-0.0293,-0.0211,-0.0093,-0.1865,-0.0026,-0.0009,1.0396,-0.0613,1.6011,0.00021,-0.0001,0.0
16.205,FLIGHT,1.0107,1.6007,-0.0298,-0.0218,-0.0353,-0.0295,-0.0094,-0.1865,-0.0026,-0.0017,1.0388,-0.061,1.6011,0.000209,-0.0001,0.0
16.21,FLIGHT,1.0105,1.6005,-0.0357,-0.0302,-0.0408,-0.0375,-0.0094,-0.1865,-0.0026,-0.0024,1.0381,-0.0606,1.6012,0.000208,-0.0001,0.0
16.215,FLIGHT,1.0103,1.6003,-0.0412,-0.038,-0.0459,-0.0449,-0.0094,-0.1865,-0.0025,-0.0031,1.0373,-0.0602,1.6012,0.000208,-0.0001,0.0
16.22,FLIGHT,1.0101,1.6001,-0.0462,-0.0454,-0.0505,-0.0517,-0.0094,-0.1865,-0.0025,-0.0037,1.0365,-0.0599,1.6012,0.000207,-0.0001,0.0
16.225,FLIGHT,1.0098,1.5998,-0.0508,-0.0522,-0.0547,-0.0581,-0.0094,-0.1865,-0.0024,-0.0043,1.0357,-0.0595,1.6012,0.000207,-0.0001,0.0
16.23,FLIGHT,1.0095,1.5995,-0.0549,-0.0585,-0.0585,-0.0639,-0.0094,-0.1866,-0.0023,-0.0048,1.0348,-0.0591,1.6011,0.000206,-0.0001,0.0
16.235,FLIGHT,1.0092,1.5991,-0.0587,-0.0643,-0.0618,-0.0693,-0.0094,-0.1866,-0.0022,-0.0053,1.034,-0.0588,1.6011,0.000206,-0.0001,0.0
16.24,FLIGHT,1.0089,1.5988,-0.062,-0.0696,-0.0648,-0.0742,-0.0094,-0.1866,-0.0021,-0.0057,1.0331,-0.0584,1.601,0.000205,-0.0001,0.0
16.245,FLIGHT,1.0086,1.5984,-0.0649,-0.0745,-0.0673,-0.0786,-0.0094,-0.1866,-0.002,-0.0061,1.0322,-0.0581,1.601,0.000205,-0.0001,0.0
16.25,FLIGHT,1.0082,1.598,-0.0674,-0.0788,-0.0695,-0.0825,-0.0095,-0.1867,-0.0019,-0.0065,1.0313,-0.0577,1.6009,0.000204,-0.0001,0.0
16.255,FLIGHT,1.0079,1.5976,-0.0696,-0.0827,-0.0714,-0.086,-0.0095,-0.1867,-0.0018,-0.0068,1.0303,-0.0574,1.6008,0.000204,-0.0001,0.0
16.26,FLIGHT,1.0075,1.5971,-0.0714,-0.0861,-0.0729,-0.089,-0.0095,-0.1868,-0.0017,-0.0071,1.0294,-0.057,1.6007,0.000203,-0.0001,0.0
16.265,FLIGHT,1.0072,1.5967,-0.0729,-0.0891,-0.0741,-0.0916,-0.0095,-0.1868,-0.0015,-0.0074,1.0284,-0.0567,1.6005,0.000203,-0.0001,0.0
16.27,FLIGHT,1.0068,1.5962,-0.074,-0.0917,-0.0749,-0.0938,-0.0095,-0.1868,-0.0014,-0.0076,1.0274,-0.0563,1.6004,0.000203,-0.0001,0.0
16.275,FLIGHT,1.0064,1.5958,-0.0749,-0.0939,-0.0755,-0.0957,-0.0095,-0.1869,-0.0013,-0.0078,1.0264,-0.056,1.6003,0.000202,-0.0001,0.0
16.28,FLIGHT,1.006,1.5953,-0.0754,-0.0957,-0.0758,-0.0971,-0.0095,-0.1869,-0.0011,-0.008,1.0254,-0.0557,1.6002,0.000202,-0.0,0.0
16.285,FLIGHT,1.0057,1.5948,-0.0757,-0.0971,-0.0758,-0.0982,-0.0095,-0.1869,-0.001,-0.0081,1.0243,-0.0554,1.6,0.000202,-0.0,0.0
16.29,FLIGHT,1.0053,1.5943,-0.0757,-0.0981,-0.0755,-0.0989,-0.0095,-0.187,-0.0008,-0.0082,1.0233,-0.0551,1.5999,0.000202,-0.0,0.0
16.295,FLIGHT,1.0049,1.5938,-0.0754,-0.0988,-0.0751,-0.0993,-0.0095,-0.187,-0.0007,-0.0082,1.0222,-0.0548,1.5997,0.000202,-0.0,0.0
16.3,FLIGHT,1.0045,1.5933,-0.0749,-0.0992,-0.0744,-0.0994,-0.0095,-0.1871,-0.0006,-0.0083,1.0211,-0.0546,1.5995,0.000201,-0.0,0.0
16.305,FLIGHT,1.0042,1.5928,-0.0742,-0.0993,-0.0735,-0.0992,-0.0095,-0.1871,-0.0004,-0.0083,1.02,-0.0543,1.5994,0.000201,-0.0,0.0
16.31,FLIGHT,1.0038,1.5923,-0.0733,-0.099,-0.0723,-0.0987,-0.0095,-0.1872,-0.0003,-0.0083,1.0189,-0.054,1.5992,0.000201,-0.0,0.0
16.315,FLIGHT,1.0034,1.5918,-0.0721,-0.0985,-0.0711,-0.0979,-0.0095,-0.1872,-0.0001,-0.0082,1.0178,-0.0538,1.5991,0.000201,-0.0,0.0
16.32,FLIGHT,1.0031,1.5913,-0.0709,-0.0977,-0.0696,-0.0969,-0.0095,-0.1872,-0.0,-0.0082,1.0167,-0.0536,1.5989,0.000201,-0.0,0.0
16.325,FLIGHT,1.0027,1.5908,-0.0694,-0.0967,-0.068,-0.0957,-0.0095,-0.1873,0.0001,-0.0081,1.0155,-0.0534,1.5987,0.000201,-0.0,0.0
16.33,FLIGHT,1.0024,1.5904,-0.0678,-0.0954,-0.0663,-0.0942,-0.0095,-0.1873,0.0002,-0.008,1.0144,-0.0532,1.5986,0.000201,0.0,0.0
16.335,FLIGHT,1.0021,1.5899,-0.066,-0.094,-0.0644,-0.0925,-0.0095,-0.1874,0.0004,-0.0079,1.0132,-0.053,1.5984,0.000201,0.0,0.0
16.34,FLIGHT,1.0018,1.5894,-0.0642,-0.0923,-0.0624,-0.0907,-0.0095,-0.1874,0.0005,-0.0077,1.012,-0.0528,1.5982,0.000201,0.0,0.0
16.345,FLIGHT,1.0014,1.589,-0.0622,-0.0904,-0.0604,-0.0887,-0.0095,-0.1874,0.0006,-0.0076,1.0108,-0.0526,1.5981,0.000201,0.0,0.0
16.35,FLIGHT,1.0012,1.5886,-0.0601,-0.0884,-0.0582,-0.0865,-0.0095,-0.1875,0.0007,-0.0074,1.0096,-0.0525,1.5979,0.000201,0.0,0.0
16.355,FLIGHT,1.0009,1.5881,-0.058,-0.0862,-0.056,-0.0841,-0.0095,-0.1875,0.0008,-0.0072,1.0084,-0.0523,1.5978,0.000201,0.0,0.0
16.36,FLIGHT,1.0006,1.5877,-0.0557,-0.0838,-0.0537,-0.0817,-0.0095,-0.1875,0.0009,-0.007,1.0072,-0.0522,1.5976,0.000201,0.0,0.0
16.365,FLIGHT,1.0003,1.5873,-0.0534,-0.0814,-0.0513,-0.0791,-0.0095,-0.1876,0.001,-0.0068,1.0059,-0.0521,1.5974,0.000202,0.0,0.0
16.37,FLIGHT,1.0001,1.5869,-0.0511,-0.0788,-0.0489,-0.0764,-0.0095,-0.1876,0.0011,-0.0066,1.0047,-0.0519,1.5973,0.000202,0.0,0.0
16.375,FLIGHT,0.9998,1.5865,-0.0487,-0.0761,-0.0465,-0.0737,-0.0095,-0.1876,0.0012,-0.0064,1.0034,-0.0518,1.5972,0.000202,0.0,0.0
16.38,FLIGHT,0.9996,1.5862,-0.0463,-0.0733,-0.0441,-0.0708,-0.0095,-0.1877,0.0013,-0.0062,1.0022,-0.0518,1.597,0.000202,0.0,0.0
16.385,FLIGHT,0.9994,1.5858,-0.0438,-0.0705,-0.0416,-0.0679,-0.0095,-0.1877,0.0013,-0.0059,1.0009,-0.0517,1.5969,0.000202,0.0,0.0
16.39,FLIGHT,0.9992,1.5855,-0.0414,-0.0676,-0.0392,-0.065,-0.0095,-0.1877,0.0014,-0.0057,0.9996,-0.0516,1.5968,0.000202,0.0,0.0
16.395,STANCE,1.0009,1.5861,0.2809,0.0756,0.8921,0.084,-0.0092,-0.1877,0.0424,0.0042,0.9987,-0.0263,-0.5275,-0.000635,-0.3352,0.0677
16.4,STANCE,1.0054,1.5857,0.6552,-0.0372,0.3838,0.0059,-0.0083,-0.1878,0.1281,-0.0088,0.9982,-0.3911,-1.0887,-0.002128,-0.1345,0.029
16.405,STANCE,1.0064,1.5859,0.3408,0.0182,0.1975,-0.0318,-0.0082,-0.1878,0.0615,-0.0011,0.9983,-0.5592,-1.6881,-0.002385,-0.002,0.0028
16.41,STANCE,1.0083,1.5845,0.389,-0.2275,0.5929,-0.6075,-0.0076,-0.1879,0.1042,-0.0232,0.9985,-0.9069,-2.048,-0.002291,0.0362,0.0023
16.415,STANCE,1.0117,1.5777,0.5893,-1.0517,0.8769,-1.5884,-0.006,-0.1885,0.2558,-0.0955,0.9985,-1.3272,-1.9681,-0.001898,0.0686,0.0019
16.42,STANCE,1.0172,1.5679,0.9581,-1.7446,1.1925,-2.7224,-0.0036,-0.1894,0.4238,-0.1523,0.9985,-1.7857,-1.7094,-0.00201,-0.0713,0.0163
16.425,STANCE,1.0237,1.5538,1.1831,-2.4729,1.17,-2.9175,-0.0004,-0.1906,0.5733,-0.2043,0.9984,-2.1114,-1.2057,-0.002535,-0.054,0.0133
16.43,STANCE,1.0288,1.5387,1.0429,-2.8609,0.8064,-3.1833,0.0027,-0.1918,0.6071,-0.2249,0.9983,-2.1288,-0.6889,-0.002547,0.0488,0.0025
16.435,STANCE,1.0325,1.5229,0.813,-3.0985,0.6314,-3.2279,0.0057,-0.193,0.6025,-0.2333,0.9983,-1.9279,-0.1379,-0.00279,-0.1298,0.0288
16.44,STANCE,1.0344,1.506,0.5033,-3.2757,0.1373,-3.4539,0.0085,-0.1943,0.5735,-0.2384,0.9981,-1.5197,0.4253,-0.003295,-0.0561,0.0145
16.445,STANCE,1.0348,1.4896,0.2049,-3.2781,-0.0485,-3.2147,0.0109,-0.1955,0.5201,-0.2325,0.9981,-0.9849,0.8899,-0.003539,-0.0696,0.0175
16.45,STANCE,1.0338,1.4737,-0.0797,-3.2077,-0.2883,-3.1064,0.0131,-0.1966,0.4575,-0.2237,0.9981,-0.4137,1.2456,-0.003902,-0.0843,0.0208
16.455,STANCE,1.0318,1.458,-0.3094,-3.1571,-0.4656,-3.1177,0.015,-0.1977,0.4074,-0.2174,0.998,0.0472,1.4854,-0.004106,-0.009,0.0059
16.46,STANCE,1.03,1.4433,-0.3224,-2.9886,-0.2334,-2.7763,0.0168,-0.1987,0.3821,-0.2011,0.9982,0.1719,1.5142,-0.004327,-0.0705,0.0184
16.465,STANCE,1.0292,1.4298,-0.2046,-2.7763,-0.0917,-2.6076,0.0187,-0.1996,0.3759,-0.1803,0.9984,0.1267,1.4629,-0.004616,-0.0451,0.0136
16.47,STANCE,1.0291,1.4171,-0.0843,-2.609,0.0151,-2.4761,0.0206,-0.2004,0.3768,-0.1627,0.9987,0.079,1.4277,-0.004775,-0.0183,0.0084
16.475,FLIGHT,1.0293,1.405,0.0131,-2.4752,0.0876,-2.3667,0.0225,-0.2011,0.378,-0.1478,0.9991,-1.4163,2.6577,-0.004799,0.0086,0.0048
16.48,FLIGHT,1.0272,1.3965,-0.3372,-1.8842,-0.9189,-1.0674,0.0233,-0.2017,0.2185,-0.1187,0.9998,-1.3518,2.5947,-0.004507,0.1046,0.0045
16.485,FLIGHT,1.0204,1.3941,-1.0894,-0.8678,-1.7993,0.075,0.0223,-0.202,-0.0883,-0.0759,1.0007,-1.077,2.3694,-0.003798,0.1737,0.0038
16.49,FLIGHT,1.0097,1.3967,-1.8342,0.1252,-2.4357,0.9365,0.0197,-0.202,-0.3895,-0.0285,1.0019,-0.7468,2.1033,-0.002822,0.2122,0.0028
16.495,FLIGHT,0.9965,1.403,-2.4014,0.9105,-2.8101,1.5,0.0161,-0.2019,-0.6211,0.0199,1.0032,-0.4377,1.8562,-0.001721,0.2242,0.0017
16.5,FLIGHT,0.982,1.4113,-2.7445,1.4397,-2.953,1.801,0.012,-0.2015,-0.7665,0.0648,1.0046,-0.1821,1.653,-0.000613,0.2164,0.0006
16.505,FLIGHT,0.9672,1.4206,-2.877,1.7299,-2.9107,1.8957,0.0076,-0.201,-0.8319,0.1015,1.0061,0.0114,1.5006,0.000388,0.1658,0.0
16.51,FLIGHT,0.9531,1.43,-2.836,1.8266,-2.7361,1.8412,0.0034,-0.2004,-0.8329,0.127,1.0076,0.1463,1.3961,0.001024,0.0929,0.0
16.515,FLIGHT,0.94,1.4389,-2.6701,1.7796,-2.4789,1.6876,-0.0005,-0.1998,-0.7881,0.14,1.009,0.2324,1.3317,0.001357,0.0439,0.0
16.52,FLIGHT,0.9284,1.4468,-2.4224,1.6364,-2.175,1.4776,-0.0039,-0.1991,-0.714,0.1417,1.0104,0.2801,1.299,0.001491,0.0122,0.0
16.525,FLIGHT,0.9183,1.4536,-2.128,1.4373,-1.852,1.2439,-0.0069,-0.1985,-0.6239,0.1341,1.0117,0.2988,1.2899,0.001499,-0.0076,0.0015
16.53,FLIGHT,0.9098,1.4592,-1.8139,1.2137,-1.5302,1.01,-0.0093,-0.198,-0.5278,0.1202,1.013,0.2966,1.2975,0.00143,-0.019,0.0038
16.535,FLIGHT,0.903,1.4637,-1.5,0.9889,-1.2233,0.7921,-0.0113,-0.1975,-0.4328,0.1027,1.0142,0.2803,1.316,0.001318,-0.0249,0.005
16.54,FLIGHT,0.8976,1.4672,-1.1999,0.7786,-0.9403,0.6,-0.0129,-0.1971,-0.3434,0.0839,1.0153,0.2551,1.3409,0.001187,-0.0272,0.0054
16.545,FLIGHT,0.8935,1.4698,-0.9226,0.5926,-0.6861,0.4389,-0.014,-0.1969,-0.2626,0.0656,1.0163,0.225,1.3689,0.00105,-0.0271,0.0054
16.55,FLIGHT,0.8907,1.4716,-0.673,0.4364,-0.4626,0.3105,-0.0148,-0.1966,-0.1918,0.049,1.0173,0.1931,1.3973,0.000918,-0.0256,0.0051
16.555,FLIGHT,0.8888,1.4729,-0.4532,0.3117,-0.2698,0.214,-0.0154,-0.1965,-0.1314,0.035,1.0182,0.1615,1.4246,0.000795,-0.0233,0.0047
16.56,FLIGHT,0.8879,1.4738,-0.2633,0.2178,-0.1062,0.147,-0.0157,-0.1964,-0.0813,0.0238,1.0191,0.1316,1.4496,0.000685,-0.0206,0.0041
16.565,FLIGHT,0.8877,1.4744,-0.1018,0.1526,0.0306,0.1062,-0.0158,-0.1963,-0.0407,0.0154,1.02,0.1043,1.4717,0.000589,-0.0178,0.0036
16.57,FLIGHT,0.8882,1.4749,0.0334,0.1129,0.1435,0.0877,-0.0158,-0.1963,-0.0088,0.0097,1.0208,0.0801,1.4908,0.000507,-0.015,0.003
16.575,FLIGHT,0.8891,1.4754,0.1452,0.095,0.2357,0.0877,-0.0156,-0.1963,0.0156,0.0063,1.0216,0.0591,1.5068,0.000439,-0.0124,0.0025
16.58,FLIGHT,0.8905,1.4758,0.2365,0.0952,0.31,0.1022,-0.0154,-0.1963,0.0335,0.0049,1.0224,0.0413,1.5199,0.000383,-0.01,0.002
16.585,FLIGHT,0.8922,1.4764,0.3103,0.1096,0.3695,0.1279,-0.0152,-0.1962,0.046,0.0051,1.0232,0.0265,1.5303,0.000339,-0.0079,0.0016
16.59,FLIGHT,0.8942,1.4771,0.3695,0.1349,0.4167,0.1616,-0.0149,-0.1962,0.0541,0.0066,1.024,0.0144,1.5384,0.000304,-0.0061,0.0012
16.595,FLIGHT,0.8964,1.478,0.4166,0.1681,0.4541,0.2005,-0.0146,-0.1962,0.0588,0.009,1.0248,0.0047,1.5446,0.000277,-0.0046,0.0009
16.6,FLIGHT,0.8987,1.4791,0.4539,0.2065,0.4834,0.2425,-0.0143,-0.1961,0.0608,0.012,1.0255,-0.003,1.5491,0.000257,-0.0034,0.0007
16.605,FLIGHT,0.9012,1.4804,0.4833,0.2479,0.5066,0.2857,-0.014,-0.196,0.0609,0.0154,1.0263,-0.0091,1.5523,0.000242,-0.0025,0.0005
16.61,FLIGHT,0.9038,1.482,0.5064,0.2905,0.5248,0.3287,-0.0137,-0.1959,0.0596,0.019,1.0271,-0.0137,1.5545,0.000232,-0.0017,0.0003
16.615,FLIGHT,0.9064,1.4837,0.5247,0.3328,0.5392,0.3702,-0.0134,-0.1958,0.0573,0.0226,1.0278,-0.0174,1.556,0.000225,-0.0011,0.0002
16.62,FLIGHT,0.9091,1.4857,0.5392,0.3737,0.5507,0.4095,-0.0131,-0.1956,0.0544,0.0261,1.0285,-0.0202,1.5569,0.000221,-0.0007,0.0001
16.625,FLIGHT,0.9119,1.4878,0.5506,0.4125,0.5598,0.4461,-0.0129,-0.1955,0.0512,0.0295,1.0293,-0.0224,1.5575,0.000218,-0.0003,0.0001
16.63,FLIGHT,0.9147,1.4901,0.5598,0.4485,0.567,0.4794,-0.0126,-0.1953,0.048,0.0327,1.03,-0.0242,1.5578,0.000217,-0.0001,0.0
16.635,FLIGHT,0.9176,1.4926,0.567,0.4815,0.5728,0.5095,-0.0124,-0.1951,0.0448,0.0356,1.0307,-0.0257,1.558,0.000217,0.0001,0.0
16.64,FLIGHT,0.9205,1.4952,0.5727,0.5111,0.5772,0.536,-0.0122,-0.1949,0.0417,0.0383,1.0314,-0.027,1.5582,0.000218,0.0002,0.0
16.645,FLIGHT,0.9234,1.498,0.5771,0.5372,0.5805,0.5592,-0.012,-0.1947,0.0389,0.0407,1.0321,-0.0282,1.5585,0.000219,0.0003,0.0
16.65,FLIGHT,0.9263,1.5008,0.5804,0.56,0.5828,0.579,-0.0118,-0.1945,0.0363,0.0427,1.0328,-0.0294,1.5588,0.000221,0.0003,0.0
16.655,FLIGHT,0.9292,1.5038,0.5825,0.5795,0.584,0.5955,-0.0117,-0.1943,0.0339,0.0445,1.0335,-0.0306,1.5592,0.000223,0.0004,0.0
16.66,FLIGHT,0.9321,1.5068,0.5837,0.5958,0.5843,0.609,-0.0115,-0.1941,0.0317,0.0461,1.0341,-0.0318,1.5597,0.000225,0.0004,0.0
16.665,FLIGHT,0.935,1.5098,0.5838,0.6091,0.5835,0.6197,-0.0114,-0.1938,0.0298,0.0473,1.0348,-0.0331,1.5603,0.000226,0.0004,0.0
16.67,FLIGHT,0.9379,1.513,0.583,0.6195,0.5817,0.6276,-0.0112,-0.1936,0.0281,0.0484,1.0354,-0.0344,1.5611,0.000228,0.0003,0.0
16.675,FLIGHT,0.9408,1.5161,0.5811,0.6273,0.579,0.633,-0.0111,-0.1933,0.0265,0.0492,1.036,-0.0358,1.562,0.00023,0.0003,0.0
16.68,FLIGHT,0.9437,1.5193,0.5782,0.6325,0.5752,0.6362,-0.011,-0.1931,0.0251,0.0498,1.0366,-0.0372,1.5629,0.000231,0.0003,0.0
16.685,FLIGHT,0.9466,1.5225,0.5743,0.6355,0.5704,0.6371,-0.0109,-0.1928,0.0239,0.0502,1.0372,-0.0386,1.5639,0.000233,0.0003,0.0
16.69,FLIGHT,0.9494,1.5257,0.5694,0.6363,0.5646,0.6362,-0.0108,-0.1926,0.0227,0.0504,1.0378,-0.0401,1.5651,0.000234,0.0003,0.0
16.695,FLIGHT,0.9522,1.5288,0.5635,0.6352,0.5578,0.6333,-0.0107,-0.1923,0.0216,0.0504,1.0383,-0.0415,1.5662,0.000235,0.0002,0.0
16.7,FLIGHT,0.955,1.532,0.5566,0.6323,0.55,0.6289,-0.0106,-0.1921,0.0205,0.0503,1.0388,-0.043,1.5674,0.000236,0.0002,0.0
16.705,FLIGHT,0.9577,1.5351,0.5487,0.6277,0.5413,0.6228,-0.0105,-0.1918,0.0195,0.0501,1.0393,-0.0445,1.5687,0.000237,0.0002,0.0
16.71,FLIGHT,0.9604,1.5382,0.54,0.6215,0.5317,0.6154,-0.0104,-0.1916,0.0186,0.0497,1.0398,-0.0459,1.57,0.000238,0.0001,0.0
16.715,FLIGHT,0.9631,1.5413,0.5303,0.614,0.5213,0.6067,-0.0103,-0.1913,0.0176,0.0493,1.0402,-0.0473,1.5712,0.000239,0.0001,0.0
16.72,FLIGHT,0.9656,1.5443,0.5198,0.6052,0.51,0.5967,-0.0102,-0.1911,0.0167,0.0487,1.0407,-0.0487,1.5725,0.000239,0.0001,0.0
16.725,FLIGHT,0.9682,1.5472,0.5085,0.5952,0.498,0.5857,-0.0101,-0.1909,0.0158,0.0479,1.0411,-0.05,1.5738,0.00024,0.0001,0.0
16.73,FLIGHT,0.9706,1.5501,0.4964,0.5841,0.4853,0.5737,-0.01,-0.1906,0.015,0.0472,1.0414,-0.0513,1.5751,0.00024,0.0,0.0
16.735,FLIGHT,0.973,1.553,0.4837,0.572,0.472,0.5608,-0.01,-0.1904,0.0141,0.0463,1.0418,-0.0525,1.5764,0.00024,0.0,0.0
16.74,FLIGHT,0.9753,1.5557,0.4704,0.559,0.4582,0.547,-0.0099,-0.1902,0.0132,0.0453,1.0421,-0.0537,1.5776,0.00024,-0.0,0.0
16.745,FLIGHT,0.9776,1.5584,0.4565,0.5452,0.4438,0.5325,-0.0099,-0.1899,0.0124,0.0443,1.0424,-0.0548,1.5788,0.00024,-0.0,0.0
16.75,FLIGHT,0.9798,1.5611,0.4421,0.5307,0.4289,0.5174,-0.0098,-0.1897,0.0116,0.0432,1.0426,-0.0558,1.58,0.00024,-0.0,0.0
16.755,FLIGHT,0.9819,1.5636,0.4272,0.5155,0.4137,0.5016,-0.0097,-0.1895,0.0108,0.042,1.0429,-0.0568,1.5812,0.00024,-0.0001,0.0
16.76,FLIGHT,0.9839,1.5661,0.412,0.4997,0.3982,0.4854,-0.0097,-0.1893,0.01,0.0408,1.0431,-0.0577,1.5824,0.000239,-0.0001,0.0
16.765,FLIGHT,0.9859,1.5685,0.3964,0.4834,0.3824,0.4686,-0.0097,-0.1891,0.0092,0.0395,1.0433,-0.0586,1.5835,0.000239,-0.0001,0.0
16.77,FLIGHT,0.9877,1.5708,0.3806,0.4667,0.3664,0.4515,-0.0096,-0.1889,0.0084,0.0382,1.0434,-0.0594,1.5846,0.000238,-0.0001,0.0
16.775,FLIGHT,0.9895,1.573,0.3646,0.4496,0.3502,0.4341,-0.0096,-0.1888,0.0077,0.0369,1.0435,-0.0601,1.5856,0.000238,-0.0001,0.0
16.78,FLIGHT,0.9912,1.5751,0.3485,0.4321,0.334,0.4164,-0.0095,-0.1886,0.0069,0.0355,1.0436,-0.0608,1.5866,0.000237,-0.0001,0.0
16.785,FLIGHT,0.9929,1.5771,0.3322,0.4144,0.3176,0.3985,-0.0095,-0.1884,0.0062,0.0341,1.0436,-0.0614,1.5876,0.000236,-0.0001,0.0
16.79,FLIGHT,0.9944,1.5791,0.3159,0.3965,0.3013,0.3804,-0.0095,-0.1883,0.0056,0.0327,1.0437,-0.062,1.5885,0.000236,-0.0002,0.0
16.795,FLIGHT,0.9959,1.5809,0.2996,0.3785,0.2851,0.3623,-0.0095,-0.1881,0.0049,0.0312,1.0436,-0.0625,1.5894,0.000235,-0.0002,0.0
16.8,FLIGHT,0.9973,1.5827,0.2834,0.3604,0.2689,0.3441,-0.0094,-0.188,0.0043,0.0298,1.0436,-0.0629,1.5903,0.000234,-0.0002,0.0
16.805,FLIGHT,0.9986,1.5844,0.2672,0.3422,0.2528,0.3259,-0.0094,-0.1878,0.0037,0.0283,1.0435,-0.0633,1.5911,0.000233,-0.0002,0.0
16.81,FLIGHT,0.9998,1.586,0.2512,0.3241,0.2369,0.3078,-0.0094,-0.1877,0.0031,0.0269,1.0434,-0.0637,1.5919,0.000232,-0.0002,0.0
16.815,FLIGHT,1.0009,1.5875,0.2354,0.306,0.2213,0.2898,-0.0094,-0.1876,0.0026,0.0254,1.0433,-0.064,1.5927,0.000231,-0.0002,0.0
16.82,FLIGHT,1.002,1.5889,0.2197,0.288,0.2058,0.2719,-0.0094,-0.1874,0.0021,0.0239,1.0431,-0.0642,1.5934,0.00023,-0.0002,0.0
16.825,FLIGHT,1.003,1.5902,0.2043,0.2702,0.1907,0.2543,-0.0094,-0.1873,0.0016,0.0225,1.0429,-0.0644,1.5941,0.000229,-0.0002,0.0
16.83,FLIGHT,1.0039,1.5914,0.1892,0.2525,0.1758,0.2368,-0.0094,-0.1872,0.0012,0.021,1.0427,-0.0646,1.5947,0.000228,-0.0002,0.0
16.835,FLIGHT,1.0047,1.5925,0.1744,0.2351,0.1612,0.2196,-0.0094,-0.1871,0.0007,0.0196,1.0424,-0.0647,1.5954,0.000227,-0.0002,0.0
16.84,FLIGHT,1.0055,1.5936,0.1599,0.218,0.147,0.2027,-0.0094,-0.1871,0.0003,0.0182,1.0421,-0.0647,1.5959,0.000226,-0.0002,0.0
16.845,FLIGHT,1.0062,1.5946,0.1457,0.2011,0.1332,0.1862,-0.0094,-0.187,-0.0,0.0168,1.0418,-0.0648,1.5965,0.000225,-0.0002,0.0
16.85,FLIGHT,1.0069,1.5955,0.132,0.1846,0.1198,0.17,-0.0094,-0.1869,-0.0004,0.0155,1.0414,-0.0648,1.597,0.000224,-0.0002,0.0
16.855,FLIGHT,1.0074,1.5963,0.1186,0.1684,0.1068,0.1541,-0.0094,-0.1868,-0.0007,0.0141,1.041,-0.0647,1.5975,0.000223,-0.0002,0.0
16.86,FLIGHT,1.0079,1.597,0.1056,0.1527,0.0942,0.1387,-0.0094,-0.1868,-0.001,0.0128,1.0406,-0.0646,1.5979,0.000222,-0.0002,0.0
16.865,FLIGHT,1.0084,1.5977,0.0931,0.1373,0.082,0.1237,-0.0094,-0.1867,-0.0012,0.0116,1.0401,-0.0645,1.5983,0.000221,-0.0002,0.0
16.87,FLIGHT,1.0087,1.5982,0.081,0.1223,0.0703,0.1092,-0.0094,-0.1867,-0.0015,0.0103,1.0397,-0.0644,1.5987,0.00022,-0.0002,0.0
16.875,FLIGHT,1.0091,1.5988,0.0693,0.1079,0.0591,0.0951,-0.0094,-0.1866,-0.0017,0.0091,1.0392,-0.0642,1.599,0.000219,-0.0002,0.0
16.88,FLIGHT,1.0093,1.5992,0.0581,0.0938,0.0483,0.0815,-0.0094,-0.1866,-0.0019,0.008,1.0386,-0.064,1.5994,0.000218,-0.0002,0.0
16.885,FLIGHT,1.0095,1.5996,0.0474,0.0803,0.038,0.0684,-0.0094,-0.1865,-0.002,0.0068,1.0381,-0.0638,1.5997,0.000217,-0.0002,0.0
16.89,FLIGHT,1.0097,1.5999,0.0372,0.0672,0.0282,0.0557,-0.0094,-0.1865,-0.0022,0.0057,1.0375,-0.0636,1.5999,0.000216,-0.0002,0.0
16.895,FLIGHT,1.0098,1.6001,0.0274,0.0547,0.0189,0.0436,-0.0094,-0.1865,-0.0023,0.0047,1.0369,-0.0633,1.6001,0.000216,-0.0002,0.0
16.9,FLIGHT,1.0099,1.6003,0.0181,0.0426,0.01,0.0321,-0.0095,-0.1865,-0.0024,0.0037,1.0362,-0.0631,1.6003,0.000215,-0.0002,0.0
16.905,FLIGHT,1.0099,1.6005,0.0093,0.0311,0.0017,0.021,-0.0095,-0.1865,-0.0025,0.0027,1.0356,-0.0628,1.6005,0.000214,-0.0002,0.0
16.91,FLIGHT,1.0099,1.6005,0.001,0.0201,-0.0062,0.0105,-0.0095,-0.1865,-0.0025,0.0018,1.0349,-0.0625,1.6007,0.000213,-0.0002,0.0
16.915,FLIGHT,1.0099,1.6006,-0.0068,0.0096,-0.0136,0.0005,-0.0095,-0.1865,-0.0026,0.0009,1.0342,-0.0622,1.6008,0.000212,-0.0002,0.0
16.92,FLIGHT,1.0098,1.6005,-0.0142,-0.0003,-0.0206,-0.009,-0.0095,-0.1865,-0.0026,0.0001,1.0334,-0.0618,1.6009,0.000211,-0.0001,0.0
16.925,FLIGHT,1.0097,1.6005,-0.0211,-0.0097,-0.027,-0.0179,-0.0095,-0.1865,-0.0026,-0.0007,1.0327,-0.0615,1.601,0.000211,-0.0001,0.0
16.93,FLIGHT,1.0095,1.6004,-0.0275,-0.0186,-0.033,-0.0263,-0.0095,-0.1865,-0.0026,-0.0014,1.0319,-0.0612,1.6011,0.00021,-0.0001,0.0
16.935,FLIGHT,1.0093,1.6002,-0.0334,-0.027,-0.0386,-0.0342,-0.0096,-0.1865,-0.0026,-0.0021,1.0311,-0.0608,1.6011,0.000209,-0.0001,0.0
16.94,FLIGHT,1.0091,1.6,-0.0389,-0.0348,-0.0437,-0.0416,-0.0096,-0.1865,-0.0025,-0.0028,1.0303,-0.0605,1.6011,0.000209,-0.0001,0.0
16.945,FLIGHT,1.0089,1.5998,-0.044,-0.0421,-0.0483,-0.0484,-0.0096,-0.1865,-0.0025,-0.0034,1.0294,-0.0601,1.6011,0.000208,-0.0001,0.0
16.95,FLIGHT,1.0086,1.5995,-0.0486,-0.0489,-0.0525,-0.0548,-0.0096,-0.1865,-0.0024,-0.004,1.0285,-0.0598,1.6011,0.000208,-0.0001,0.0
16.955,FLIGHT,1.0084,1.5992,-0.0528,-0.0552,-0.0564,-0.0606,-0.0096,-0.1866,-0.0024,-0.0045,1.0277,-0.0594,1.6011,0.000207,-0.0001,0.0
16.96,FLIGHT,1.0081,1.5989,-0.0566,-0.061,-0.0598,-0.066,-0.0096,-0.1866,-0.0023,-0.005,1.0267,-0.0591,1.6011,0.000206,-0.0001,0.0
16.965,FLIGHT,1.0078,1.5986,-0.06,-0.0663,-0.0628,-0.0709,-0.0096,-0.1866,-0.0022,-0.0054,1.0258,-0.0587,1.601,0.000206,-0.0001,0.0
16.97,FLIGHT,1.0075,1.5982,-0.0629,-0.0712,-0.0654,-0.0753,-0.0096,-0.1867,-0.0021,-0.0059,1.0249,-0.0584,1.6009,0.000206,-0.0001,0.0
16.975,FLIGHT,1.0071,1.5978,-0.0655,-0.0756,-0.0677,-0.0793,-0.0096,-0.1867,-0.002,-0.0062,1.0239,-0.058,1.6008,0.000205,-0.0001,0.0
16.98,FLIGHT,1.0068,1.5974,-0.0678,-0.0795,-0.0696,-0.0828,-0.0097,-0.1867,-0.0019,-0.0066,1.0229,-0.0577,1.6008,0.000205,-0.0001,0.0
16.985,FLIGHT,1.0064,1.597,-0.0697,-0.083,-0.0712,-0.0859,-0.0097,-0.1868,-0.0018,-0.0069,1.0219,-0.0573,1.6007,0.000204,-0.0001,0.0
16.99,FLIGHT,1.0061,1.5966,-0.0712,-0.086,-0.0725,-0.0885,-0.0097,-0.1868,-0.0017,-0.0071,1.0209,-0.057,1.6005,0.000204,-0.0001,0.0
16.995,FLIGHT,1.0057,1.5961,-0.0725,-0.0886,-0.0734,-0.0908,-0.0097,-0.1868,-0.0015,-0.0073,1.0199,-0.0567,1.6004,0.000204,-0.0001,0.0
17.0,FLIGHT,1.0053,1.5957,-0.0734,-0.0909,-0.0741,-0.0927,-0.0097,-0.1869,-0.0014,-0.0075,1.0189,-0.0564,1.6003,0.000203,-0.0001,0.0
17.005,FLIGHT,1.005,1.5952,-0.074,-0.0927,-0.0745,-0.0942,-0.0097,-0.1869,-0.0013,-0.0077,1.0178,-0.0561,1.6002,0.000203,-0.0,0.0
17.01,FLIGHT,1.0046,1.5947,-0.0744,-0.0942,-0.0746,-0.0954,-0.0097,-0.1869,-0.0011,-0.0078,1.0167,-0.0558,1.6,0.000203,-0.0,0.0
17.015,FLIGHT,1.0042,1.5942,-0.0745,-0.0953,-0.0745,-0.0962,-0.0097,-0.187,-0.001,-0.0079,1.0156,-0.0555,1.5999,0.000203,-0.0,0.0
17.02,FLIGHT,1.0038,1.5938,-0.0743,-0.0961,-0.0741,-0.0967,-0.0097,-0.187,-0.0009,-0.008,1.0145,-0.0552,1.5997,0.000203,-0.0,0.0
17.025,FLIGHT,1.0035,1.5933,-0.0739,-0.0966,-0.0735,-0.0968,-0.0097,-0.1871,-0.0007,-0.008,1.0134,-0.0549,1.5996,0.000202,-0.0,0.0
17.03,FLIGHT,1.0031,1.5928,-0.0733,-0.0967,-0.0727,-0.0967,-0.0097,-0.1871,-0.0006,-0.0081,1.0123,-0.0547,1.5994,0.000202,-0.0,0.0
17.035,FLIGHT,1.0028,1.5923,-0.0725,-0.0966,-0.0717,-0.0963,-0.0097,-0.1871,-0.0005,-0.008,1.0111,-0.0544,1.5993,0.000202,-0.0,0.0
17.04,FLIGHT,1.0024,1.5918,-0.0715,-0.0961,-0.0705,-0.0956,-0.0097,-0.1872,-0.0004,-0.008,1.01,-0.0542,1.5991,0.000202,-0.0,0.0
17.045,FLIGHT,1.002,1.5914,-0.0703,-0.0955,-0.0692,-0.0947,-0.0097,-0.1872,-0.0002,-0.008,1.0088,-0.054,1.5989,0.000202,-0.0,0.0
17.05,FLIGHT,1.0017,1.5909,-0.069,-0.0945,-0.0677,-0.0936,-0.0097,-0.1873,-0.0001,-0.0079,1.0076,-0.0538,1.5988,0.000202,-0.0,0.0
17.055,FLIGHT,1.0014,1.5904,-0.0675,-0.0934,-0.0661,-0.0922,-0.0097,-0.1873,0.0,-0.0078,1.0064,-0.0536,1.5986,0.000202,-0.0,0.0
17.06,FLIGHT,1.001,1.59,-0.0658,-0.092,-0.0643,-0.0906,-0.0097,-0.1873,0.0001,-0.0077,1.0052,-0.0534,1.5985,0.000202,0.0,0.0
17.065,FLIGHT,1.0007,1.5895,-0.0641,-0.0904,-0.0624,-0.0889,-0.0097,-0.1874,0.0003,-0.0076,1.004,-0.0532,1.5983,0.000202,0.0,0.0
17.07,FLIGHT,1.0004,1.5891,-0.0622,-0.0886,-0.0605,-0.087,-0.0097,-0.1874,0.0004,-0.0074,1.0028,-0.053,1.5981,0.000202,0.0,0.0
17.075,FLIGHT,1.0001,1.5886,-0.0602,-0.0867,-0.0584,-0.0849,-0.0097,-0.1874,0.0005,-0.0073,1.0015,-0.0529,1.598,0.000202,0.0,0.0
17.08,FLIGHT,0.9998,1.5882,-0.0581,-0.0846,-0.0563,-0.0826,-0.0097,-0.1875,0.0006,-0.0071,1.0003,-0.0527,1.5978,0.000202,0.0,0.0
17.085,STANCE,0.9997,1.588,-0.0301,-0.0471,0.1596,0.2101,-0.0097,-0.1875,0.0007,-0.004,0.9991,0.1373,-0.1333,0.000123,-0.1307,0.0261
17.09,STANCE,1.0034,1.5884,0.5592,0.005,1.136,-0.1901,-0.009,-0.1875,0.1042,-0.0046,0.9984,-0.2055,-0.7503,-0.001311,-0.353,0.0719
17.095,STANCE,1.0058,1.5882,0.4485,-0.0012,0.1609,0.0574,-0.0086,-0.1875,0.0843,-0.004,0.9982,-0.4123,-1.3553,-0.002113,-0.0505,0.0122
17.1,STANCE,1.0069,1.5878,0.3056,-0.0743,0.3597,-0.2983,-0.0083,-0.1876,0.0674,-0.0092,0.9984,-0.664,-1.8686,-0.002177,0.0109,0.0022
17.105,STANCE,1.0097,1.5844,0.494,-0.5539,0.5916,-1.5749,-0.0073,-0.1879,0.1686,-0.0527,0.9985,-1.0763,-2.06,-0.002016,0.0932,0.002
17.11,STANCE,1.0139,1.5759,0.7682,-1.3209,1.1822,-1.8288,-0.0054,-0.1887,0.3272,-0.1189,0.9986,-1.5209,-1.9094,-0.001694,-0.0257,0.0068
17.115,STANCE,1.0203,1.5631,1.1093,-2.2561,1.3889,-3.0358,-0.0024,-0.1898,0.5255,-0.1926,0.9984,-1.9562,-1.4447,-0.002105,-0.1325,0.0286
17.12,STANCE,1.0265,1.5486,1.1652,-2.7119,1.1496,-2.8123,0.0008,-0.191,0.6057,-0.2195,0.9984,-2.1558,-0.9834,-0.002476,-0.0367,0.0098
17.125,STANCE,1.031,1.5331,0.9815,-2.9841,0.7796,-3.2269,0.0039,-0.1922,0.6151,-0.2303,0.9983,-2.0847,-0.4674,-0.002648,-0.1217,0.027
17.13,STANCE,1.0338,1.5165,0.6755,-3.2053,0.2963,-3.4348,0.0068,-0.1935,0.5935,-0.2379,0.9982,-1.7799,0.1004,-0.002967,-0.0019,0.0033
17.135,STANCE,1.035,1.5001,0.347,-3.2698,0.2318,-3.0657,0.0094,-0.1947,0.544,-0.2358,0.9981,-1.3016,0.6113,-0.003318,-0.1459,0.0325
17.14,STANCE,1.0344,1.4838,0.0085,-3.288,-0.1296,-3.1231,0.0117,-0.1959,0.4845,-0.2327,0.998,-0.72,1.0565,-0.003742,-0.0675,0.0172
17.145,STANCE,1.0331,1.4682,-0.1852,-3.1684,-0.3797,-3.1225,0.0138,-0.197,0.4319,-0.2202,0.998,-0.2041,1.3485,-0.004125,-0.0576,0.0156
17.15,STANCE,1.031,1.4527,-0.3497,-3.1199,-0.4241,-3.0504,0.0156,-0.1981,0.3948,-0.2136,0.9979,0.1494,1.528,-0.004262,-0.0067,0.0056
17.155,STANCE,1.0297,1.4384,-0.2789,-2.9119,-0.1586,-2.7014,0.0175,-0.199,0.3801,-0.1936,0.9981,0.1554,1.4956,-0.004707,-0.1129,0.0273
17.16,STANCE,1.0292,1.4253,-0.1458,-2.707,-0.0324,-2.5482,0.0194,-0.1999,0.378,-0.1731,0.9984,0.1033,1.4464,-0.005181,-0.0765,0.0205
17.165,STANCE,1.0293,1.4129,-0.0324,-2.5514,0.0562,-2.429,0.0212,-0.2006,0.3792,-0.1564,0.9987,0.0578,1.4153,-0.005472,-0.0403,0.0135
17.17,STANCE,1.0297,1.401,0.0513,-2.4282,0.1132,-2.328,0.0231,-0.2014,0.3792,-0.1424,0.9991,0.0232,1.3957,-0.005586,-0.0058,0.0067
17.175,STANCE,1.0304,1.3896,0.1074,-2.3238,0.1469,-2.2357,0.025,-0.202,0.3763,-0.1305,0.9995,-0.0009,1.3825,-0.005535,0.0256,0.0055
17.18,STANCE,1.0312,1.3787,0.1417,-2.2294,0.1648,-2.1477,0.0268,-0.2026,0.3704,-0.12,0.9999,-0.0166,1.3721,-0.005336,0.0533,0.0053
17.185,STANCE,1.032,1.3681,0.1608,-2.1403,0.1727,-2.0622,0.0286,-0.2032,0.3621,-0.1105,1.0003,-0.0263,1.3628,-0.00501,0.0767,0.005
17.19,FLIGHT,1.0318,1.3592,-0.0149,-1.8353,-0.5114,-1.1656,0.03,-0.2036,0.2803,-0.0967,1.0009,-1.5801,2.7469,-0.004505,0.1421,0.0045
17.195,FLIGHT,1.0265,1.3568,-0.7809,-0.8426,-1.5749,0.1708,0.0293,-0.2039,-0.0293,-0.0674,1.0018,-1.3214,2.5379,-0.003595,0.217,0.0036
17.2,FLIGHT,1.0165,1.3605,-1.6547,0.2747,-2.3898,1.2216,0.0267,-0.204,-0.3797,-0.029,1.0029,-0.9501,2.2437,-0.00239,0.2597,0.0024
17.205,FLIGHT,1.0032,1.3685,-2.3695,1.2127,-2.9034,1.9331,0.0227,-0.2039,-0.6677,0.0168,1.0043,-0.5826,1.9538,-0.001049,0.2721,0.001
17.21,FLIGHT,0.988,1.3793,-2.8358,1.8714,-3.1363,2.3322,0.018,-0.2035,-0.8592,0.0654,1.0058,-0.2709,1.7084,0.000277,0.2368,0.0
17.215,FLIGHT,0.9722,1.3914,-3.0499,2.252,-3.1403,2.4792,0.013,-0.203,-0.9545,0.1099,1.0073,-0.0321,1.5211,0.001195,0.1359,0.0
17.22,FLIGHT,0.9568,1.4037,-3.0558,2.3968,-2.9839,2.4374,0.008,-0.2023,-0.9706,0.1444,1.0088,0.1374,1.3897,0.001691,0.0674,0.0
17.225,FLIGHT,0.9425,1.4155,-2.9074,2.3627,-2.7206,2.269,0.0034,-0.2015,-0.9288,0.1656,1.0103,0.2477,1.3065,0.001908,0.0226,0.0
17.23,FLIGHT,0.9297,1.4263,-2.6546,2.2058,-2.3947,2.0255,-0.0007,-0.2007,-0.849,0.1732,1.0118,0.3106,1.262,0.001944,-0.0055,0.0011
17.235,FLIGHT,0.9186,1.4357,-2.3397,1.9749,-2.0403,1.7471,-0.0043,-0.2,-0.7477,0.1692,1.0131,0.3377,1.2467,0.001871,-0.0223,0.0045
17.24,FLIGHT,0.9093,1.4438,-1.9958,1.7086,-1.6828,1.4635,-0.0073,-0.1993,-0.6374,0.1564,1.0144,0.339,1.2523,0.001735,-0.0312,0.0062
17.245,FLIGHT,0.9018,1.4504,-1.6476,1.4357,-1.3394,1.1948,-0.0097,-0.1986,-0.527,0.1381,1.0156,0.3227,1.2717,0.001567,-0.035,0.007
17.25,FLIGHT,0.8959,1.4558,-1.3123,1.1761,-1.0214,0.9537,-0.0116,-0.1981,-0.4224,0.1171,1.0167,0.2952,1.2995,0.00139,-0.0355,0.0071
17.255,FLIGHT,0.8915,1.46,-1.001,0.9424,-0.7352,0.7472,-0.0131,-0.1977,-0.3273,0.0958,1.0177,0.2615,1.3313,0.001216,-0.034,0.0068
17.26,FLIGHT,0.8885,1.4633,-0.7202,0.7418,-0.4835,0.578,-0.0141,-0.1974,-0.2436,0.0759,1.0187,0.2253,1.3642,0.001052,-0.0313,0.0063
17.265,FLIGHT,0.8866,1.4658,-0.473,0.577,-0.2668,0.4457,-0.0148,-0.1971,-0.1719,0.0585,1.0196,0.189,1.396,0.000904,-0.028,0.0056
17.27,FLIGHT,0.8858,1.4678,-0.2596,0.448,-0.0834,0.3478,-0.0153,-0.1969,-0.1121,0.0441,1.0204,0.1545,1.4255,0.000773,-0.0245,0.0049
17.275,FLIGHT,0.8857,1.4694,-0.0788,0.3524,0.0692,0.2808,-0.0155,-0.1968,-0.0634,0.0329,1.0212,0.1229,1.4518,0.000659,-0.021,0.0042
17.28,FLIGHT,0.8864,1.4707,0.0719,0.2869,0.1942,0.2405,-0.0155,-0.1967,-0.0249,0.0247,1.022,0.0947,1.4746,0.000563,-0.0176,0.0035
17.285,FLIGHT,0.8876,1.4718,0.1955,0.2474,0.2952,0.2224,-0.0154,-0.1966,0.0048,0.0192,1.0227,0.0702,1.4939,0.000483,-0.0145,0.0029
17.29,FLIGHT,0.8893,1.4729,0.2956,0.2297,0.3756,0.2222,-0.0153,-0.1965,0.0268,0.0161,1.0235,0.0493,1.5098,0.000417,-0.0117,0.0023
17.295,FLIGHT,0.8914,1.4741,0.3754,0.2294,0.4387,0.2359,-0.015,-0.1964,0.0425,0.0149,1.0242,0.0319,1.5226,0.000365,-0.0092,0.0018
17.3,FLIGHT,0.8937,1.4753,0.4381,0.2428,0.4876,0.2598,-0.0147,-0.1964,0.053,0.0153,1.0249,0.0177,1.5327,0.000325,-0.0071,0.0014
17.305,FLIGHT,0.8962,1.4767,0.4869,0.2662,0.525,0.2908,-0.0144,-0.1963,0.0593,0.0168,1.0256,0.0062,1.5404,0.000294,-0.0054,0.0011
17.31,FLIGHT,0.8989,1.4782,0.5242,0.2967,0.5533,0.3263,-0.0141,-0.1962,0.0624,0.0191,1.0263,-0.0029,1.5463,0.00027,-0.004,0.0008
17.315,FLIGHT,0.9017,1.4799,0.5524,0.3315,0.5742,0.3641,-0.0138,-0.1961,0.0631,0.0219,1.0269,-0.0101,1.5505,0.000253,-0.0029,0.0006
17.32,FLIGHT,0.9047,1.4818,0.5735,0.3687,0.5896,0.4024,-0.0135,-0.1959,0.062,0.0251,1.0276,-0.0156,1.5535,0.000241,-0.002,0.0004
17.325,FLIGHT,0.9076,1.484,0.5889,0.4064,0.6007,0.4399,-0.0132,-0.1958,0.0598,0.0283,1.0283,-0.0198,1.5556,0.000233,-0.0013,0.0003
17.33,FLIGHT,0.9107,1.4862,0.6001,0.4433,0.6084,0.4757,-0.0129,-0.1956,0.0568,0.0316,1.0289,-0.0231,1.557,0.000228,-0.0008,0.0002
17.335,FLIGHT,0.9137,1.4887,0.6079,0.4784,0.6137,0.5089,-0.0126,-0.1954,0.0534,0.0347,1.0296,-0.0256,1.5579,0.000225,-0.0004,0.0001
17.34,FLIGHT,0.9168,1.4913,0.6132,0.5111,0.6169,0.5391,-0.0124,-0.1952,0.0498,0.0377,1.0302,-0.0276,1.5585,0.000224,-0.0001,0.0
17.345,FLIGHT,0.9199,1.4941,0.6165,0.5408,0.6187,0.566,-0.0122,-0.195,0.0462,0.0404,1.0309,-0.0292,1.5589,0.000224,0.0001,0.0
17.35,FLIGHT,0.923,1.497,0.6183,0.5673,0.6192,0.5895,-0.012,-0.1948,0.0428,0.0428,1.0315,-0.0305,1.5592,0.000224,0.0002,0.0
17.355,FLIGHT,0.9261,1.5,0.6188,0.5904,0.6187,0.6096,-0.0118,-0.1946,0.0396,0.045,1.0321,-0.0317,1.5595,0.000225,0.0003,0.0
17.36,FLIGHT,0.9292,1.5031,0.6182,0.6101,0.6172,0.6263,-0.0116,-0.1944,0.0366,0.0468,1.0327,-0.0329,1.5599,0.000227,0.0003,0.0
17.365,FLIGHT,0.9322,1.5062,0.6167,0.6265,0.6149,0.6397,-0.0114,-0.1941,0.0339,0.0484,1.0333,-0.034,1.5604,0.000229,0.0003,0.0
17.37,FLIGHT,0.9353,1.5095,0.6143,0.6397,0.6117,0.65,-0.0113,-0.1939,0.0315,0.0497,1.0339,-0.0352,1.5609,0.00023,0.0003,0.0
17.375,FLIGHT,0.9384,1.5127,0.611,0.6498,0.6077,0.6575,-0.0111,-0.1936,0.0294,0.0507,1.0344,-0.0364,1.5616,0.000232,0.0003,0.0
17.38,FLIGHT,0.9414,1.516,0.6069,0.657,0.6028,0.6622,-0.011,-0.1933,0.0274,0.0515,1.035,-0.0376,1.5624,0.000234,0.0003,0.0
17.385,FLIGHT,0.9444,1.5194,0.6019,0.6615,0.5971,0.6645,-0.0109,-0.1931,0.0257,0.0521,1.0355,-0.0389,1.5633,0.000235,0.0003,0.0
17.39,FLIGHT,0.9473,1.5227,0.5961,0.6636,0.5905,0.6644,-0.0108,-0.1928,0.0242,0.0524,1.036,-0.0402,1.5642,0.000237,0.0003,0.0
17.395,FLIGHT,0.9503,1.526,0.5894,0.6634,0.583,0.6623,-0.0106,-0.1926,0.0228,0.0526,1.0365,-0.0416,1.5653,0.000238,0.0002,0.0
17.4,FLIGHT,0.9532,1.5293,0.5818,0.6611,0.5746,0.6582,-0.0105,-0.1923,0.0215,0.0526,1.037,-0.043,1.5665,0.000239,0.0002,0.0
17.405,FLIGHT,0.956,1.5326,0.5733,0.6569,0.5654,0.6524,-0.0104,-0.192,0.0203,0.0524,1.0375,-0.0444,1.5677,0.00024,0.0002,0.0
17.41,FLIGHT,0.9588,1.5358,0.564,0.651,0.5553,0.6449,-0.0103,-0.1918,0.0192,0.0521,1.0379,-0.0458,1.5689,0.000241,0.0001,0.0
17.415,FLIGHT,0.9616,1.539,0.5538,0.6435,0.5444,0.636,-0.0103,-0.1915,0.0182,0.0516,1.0383,-0.0472,1.5702,0.000241,0.0001,0.0
17.42,FLIGHT,0.9643,1.5422,0.5429,0.6345,0.5327,0.6258,-0.0102,-0.1913,0.0172,0.051,1.0387,-0.0485,1.5715,0.000242,0.0001,0.0
17.425,FLIGHT,0.9669,1.5453,0.5311,0.6242,0.5203,0.6144,-0.0101,-0.191,0.0162,0.0503,1.039,-0.0499,1.5728,0.000242,0.0001,0.0
17.43,FLIGHT,0.9695,1.5483,0.5186,0.6127,0.5071,0.6019,-0.01,-0.1908,0.0153,0.0494,1.0394,-0.0512,1.5741,0.000242,0.0,0.0
17.435,FLIGHT,0.972,1.5513,0.5054,0.6002,0.4933,0.5885,-0.0099,-0.1905,0.0144,0.0485,1.0397,-0.0524,1.5754,0.000243,0.0,0.0
17.44,FLIGHT,0.9744,1.5542,0.4916,0.5866,0.479,0.5741,-0.0099,-0.1903,0.0136,0.0475,1.0399,-0.0537,1.5767,0.000243,-0.0,0.0
17.445,FLIGHT,0.9768,1.557,0.4772,0.5722,0.4641,0.559,-0.0098,-0.1901,0.0127,0.0465,1.0402,-0.0548,1.578,0.000242,-0.0,0.0
17.45,FLIGHT,0.979,1.5598,0.4623,0.557,0.4487,0.5431,-0.0098,-0.1898,0.0118,0.0453,1.0404,-0.0559,1.5793,0.000242,-0.0001,0.0
17.455,FLIGHT,0.9813,1.5625,0.4469,0.5412,0.4329,0.5266,-0.0097,-0.1896,0.011,0.0441,1.0406,-0.057,1.5805,0.000242,-0.0001,0.0
17.46,FLIGHT,0.9834,1.5651,0.4311,0.5247,0.4168,0.5096,-0.0097,-0.1894,0.0102,0.0428,1.0408,-0.0579,1.5817,0.000242,-0.0001,0.0
17.465,FLIGHT,0.9854,1.5676,0.4149,0.5076,0.4003,0.4921,-0.0096,-0.1892,0.0094,0.0415,1.0409,-0.0589,1.5829,0.000241,-0.0001,0.0
17.47,FLIGHT,0.9874,1.57,0.3985,0.4901,0.3837,0.4742,-0.0096,-0.189,0.0086,0.0401,1.041,-0.0597,1.584,0.000241,-0.0001,0.0
17.475,FLIGHT,0.9893,1.5723,0.3819,0.4722,0.3668,0.456,-0.0095,-0.1888,0.0078,0.0387,1.0411,-0.0605,1.5852,0.00024,-0.0001,0.0
17.48,FLIGHT,0.991,1.5745,0.365,0.454,0.3499,0.4375,-0.0095,-0.1886,0.0071,0.0373,1.0411,-0.0612,1.5862,0.000239,-0.0001,0.0
17.485,FLIGHT,0.9928,1.5767,0.3481,0.4355,0.3329,0.4188,-0.0095,-0.1885,0.0064,0.0358,1.0411,-0.0619,1.5873,0.000239,-0.0002,0.0
17.49,FLIGHT,0.9944,1.5787,0.3311,0.4168,0.3158,0.3999,-0.0094,-0.1883,0.0057,0.0344,1.0411,-0.0625,1.5882,0.000238,-0.0002,0.0
17.495,FLIGHT,0.9959,1.5807,0.314,0.3979,0.2988,0.3809,-0.0094,-0.1881,0.005,0.0328,1.0411,-0.063,1.5892,0.000237,-0.0002,0.0
17.5,FLIGHT,0.9974,1.5825,0.2971,0.3789,0.2819,0.3619,-0.0094,-0.188,0.0043,0.0313,1.041,-0.0635,1.5901,0.000236,-0.0002,0.0
17.505,FLIGHT,0.9987,1.5843,0.2802,0.3599,0.2651,0.3429,-0.0094,-0.1878,0.0037,0.0298,1.0409,-0.0639,1.591,0.000235,-0.0002,0.0
17.51,FLIGHT,1.0,1.586,0.2634,0.341,0.2485,0.324,-0.0094,-0.1877,0.0031,0.0283,1.0407,-0.0643,1.5918,0.000234,-0.0002,0.0
17.515,FLIGHT,1.0012,1.5875,0.2468,0.322,0.232,0.3051,-0.0094,-0.1876,0.0026,0.0267,1.0406,-0.0646,1.5926,0.000233,-0.0002,0.0
17.52,FLIGHT,1.0023,1.589,0.2304,0.3032,0.2159,0.2864,-0.0093,-0.1874,0.002,0.0252,1.0403,-0.0649,1.5934,0.000232,-0.0002,0.0
17.525,FLIGHT,1.0034,1.5904,0.2143,0.2846,0.1999,0.2679,-0.0093,-0.1873,0.0015,0.0237,1.0401,-0.0651,1.5941,0.000231,-0.0002,0.0
17.53,FLIGHT,1.0043,1.5917,0.1984,0.2661,0.1843,0.2497,-0.0093,-0.1872,0.001,0.0222,1.0398,-0.0652,1.5948,0.00023,-0.0002,0.0
17.535,FLIGHT,1.0052,1.5929,0.1829,0.2479,0.1691,0.2317,-0.0093,-0.1871,0.0006,0.0207,1.0395,-0.0654,1.5954,0.000229,-0.0002,0.0
17.54,FLIGHT,1.006,1.594,0.1677,0.2299,0.1542,0.214,-0.0093,-0.187,0.0002,0.0192,1.0392,-0.0654,1.596,0.000228,-0.0002,0.0
17.545,FLIGHT,1.0068,1.595,0.1528,0.2123,0.1397,0.1966,-0.0093,-0.1869,-0.0002,0.0178,1.0388,-0.0655,1.5966,0.000227,-0.0002,0.0
17.55,FLIGHT,1.0074,1.596,0.1383,0.195,0.1256,0.1796,-0.0093,-0.1869,-0.0006,0.0164,1.0384,-0.0655,1.5972,0.000226,-0.0002,0.0
17.555,FLIGHT,1.008,1.5968,0.1243,0.178,0.1119,0.163,-0.0093,-0.1868,-0.0009,0.015,1.038,-0.0654,1.5977,0.000225,-0.0002,0.0
17.56,FLIGHT,1.0085,1.5976,0.1107,0.1615,0.0986,0.1469,-0.0093,-0.1867,-0.0012,0.0136,1.0375,-0.0654,1.5981,0.000224,-0.0002,0.0
17.565,FLIGHT,1.009,1.5983,0.0975,0.1454,0.0859,0.1311,-0.0094,-0.1867,-0.0015,0.0123,1.037,-0.0653,1.5986,0.000222,-0.0002,0.0
17.57,FLIGHT,1.0094,1.5989,0.0847,0.1297,0.0736,0.1159,-0.0094,-0.1866,-0.0018,0.011,1.0365,-0.0651,1.5989,0.000221,-0.0002,0.0
17.575,FLIGHT,1.0097,1.5995,0.0725,0.1145,0.0617,0.1011,-0.0094,-0.1866,-0.002,0.0097,1.036,-0.0649,1.5993,0.00022,-0.0002,0.0
17.58,FLIGHT,1.01,1.5999,0.0607,0.0998,0.0504,0.0868,-0.0094,-0.1865,-0.0022,0.0085,1.0354,-0.0648,1.5996,0.000219,-0.0002,0.0
17.585,FLIGHT,1.0102,1.6003,0.0494,0.0855,0.0395,0.073,-0.0094,-0.1865,-0.0024,0.0073,1.0348,-0.0645,1.5999,0.000218,-0.0002,0.0
17.59,FLIGHT,1.0104,1.6007,0.0386,0.0718,0.0292,0.0598,-0.0094,-0.1865,-0.0025,0.0062,1.0342,-0.0643,1.6002,0.000217,-0.0002,0.0
17.595,FLIGHT,1.0105,1.6009,0.0284,0.0586,0.0194,0.047,-0.0094,-0.1864,-0.0027,0.0051,1.0335,-0.064,1.6005,0.000217,-0.0002,0.0
17.6,FLIGHT,1.0106,1.6011,0.0186,0.046,0.01,0.0349,-0.0094,-0.1864,-0.0028,0.004,1.0329,-0.0637,1.6007,0.000216,-0.0002,0.0
17.605,FLIGHT,1.0106,1.6013,0.0093,0.0338,0.0012,0.0232,-0.0095,-0.1864,-0.0028,0.003,1.0321,-0.0634,1.6009,0.000215,-0.0002,0.0
17.61,FLIGHT,1.0106,1.6014,0.0005,0.0223,-0.0071,0.0122,-0.0095,-0.1864,-0.0029,0.002,1.0314,-0.0631,1.601,0.000214,-0.0002,0.0
17.615,FLIGHT,1.0106,1.6014,-0.0077,0.0113,-0.0149,0.0016,-0.0095,-0.1864,-0.003,0.0011,1.0307,-0.0628,1.6012,0.000213,-0.0002,0.0
17.62,FLIGHT,1.0105,1.6014,-0.0155,0.0008,-0.0222,-0.0083,-0.0095,-0.1864,-0.003,0.0002,1.0299,-0.0625,1.6013,0.000212,-0.0002,0.0
17.625,FLIGHT,1.0103,1.6013,-0.0228,-0.0091,-0.0291,-0.0177,-0.0095,-0.1864,-0.003,-0.0006,1.0291,-0.0621,1.6014,0.000211,-0.0002,0.0
17.63,FLIGHT,1.0102,1.6012,-0.0295,-0.0185,-0.0354,-0.0266,-0.0095,-0.1864,-0.003,-0.0014,1.0283,-0.0618,1.6014,0.000211,-0.0001,0.0
17.635,FLIGHT,1.01,1.6011,-0.0358,-0.0273,-0.0413,-0.0349,-0.0095,-0.1864,-0.003,-0.0021,1.0274,-0.0614,1.6015,0.00021,-0.0001,0.0
17.64,FLIGHT,1.0098,1.6009,-0.0417,-0.0355,-0.0467,-0.0427,-0.0096,-0.1864,-0.003,-0.0028,1.0266,-0.061,1.6015,0.000209,-0.0001,0.0
17.645,FLIGHT,1.0095,1.6006,-0.047,-0.0433,-0.0516,-0.0499,-0.0096,-0.1865,-0.0029,-0.0035,1.0257,-0.0607,1.6015,0.000209,-0.0001,0.0
17.65,FLIGHT,1.0093,1.6004,-0.0519,-0.0504,-0.0561,-0.0566,-0.0096,-0.1865,-0.0029,-0.0041,1.0248,-0.0603,1.6015,0.000208,-0.0001,0.0
17.655,FLIGHT,1.009,1.6001,-0.0564,-0.0571,-0.0601,-0.0628,-0.0096,-0.1865,-0.0028,-0.0046,1.0238,-0.0599,1.6015,0.000208,-0.0001,0.0
17.66,FLIGHT,1.0087,1.5997,-0.0604,-0.0632,-0.0638,-0.0685,-0.0096,-0.1865,-0.0027,-0.0052,1.0229,-0.0596,1.6014,0.000207,-0.0001,0.0
17.665,FLIGHT,1.0083,1.5994,-0.064,-0.0688,-0.067,-0.0737,-0.0096,-0.1866,-0.0026,-0.0056,1.0219,-0.0592,1.6014,0.000206,-0.0001,0.0
17.67,FLIGHT,1.008,1.599,-0.0671,-0.074,-0.0698,-0.0783,-0.0096,-0.1866,-0.0025,-0.0061,1.0209,-0.0588,1.6013,0.000206,-0.0001,0.0
17.675,FLIGHT,1.0076,1.5986,-0.0699,-0.0786,-0.0722,-0.0825,-0.0097,-0.1866,-0.0024,-0.0065,1.0199,-0.0585,1.6012,0.000206,-0.0001,0.0
17.68,FLIGHT,1.0073,1.5982,-0.0723,-0.0828,-0.0743,-0.0863,-0.0097,-0.1867,-0.0023,-0.0068,1.0189,-0.0581,1.6011,0.000205,-0.0001,0.0
17.685,FLIGHT,1.0069,1.5977,-0.0744,-0.0865,-0.076,-0.0896,-0.0097,-0.1867,-0.0022,-0.0071,1.0179,-0.0578,1.601,0.000205,-0.0001,0.0
17.69,FLIGHT,1.0065,1.5973,-0.076,-0.0897,-0.0774,-0.0924,-0.0097,-0.1867,-0.0021,-0.0074,1.0168,-0.0574,1.6009,0.000204,-0.0001,0.0
17.695,FLIGHT,1.0061,1.5968,-0.0774,-0.0925,-0.0784,-0.0948,-0.0097,-0.1868,-0.0019,-0.0076,1.0158,-0.0571,1.6008,0.000204,-0.0001,0.0
17.7,FLIGHT,1.0057,1.5963,-0.0784,-0.0949,-0.0791,-0.0969,-0.0097,-0.1868,-0.0018,-0.0079,1.0147,-0.0567,1.6006,0.000204,-0.0001,0.0
17.705,FLIGHT,1.0053,1.5958,-0.0791,-0.0969,-0.0796,-0.0985,-0.0097,-0.1868,-0.0017,-0.008,1.0136,-0.0564,1.6005,0.000203,-0.0001,0.0
17.71,FLIGHT,1.0049,1.5953,-0.0795,-0.0985,-0.0797,-0.0998,-0.0097,-0.1869,-0.0015,-0.0082,1.0125,-0.0561,1.6003,0.000203,-0.0,0.0
17.715,FLIGHT,1.0045,1.5948,-0.0796,-0.0997,-0.0796,-0.1006,-0.0097,-0.1869,-0.0014,-0.0083,1.0113,-0.0558,1.6002,0.000203,-0.0,0.0
17.72,FLIGHT,1.0041,1.5943,-0.0795,-0.1006,-0.0793,-0.1012,-0.0097,-0.187,-0.0012,-0.0084,1.0102,-0.0555,1.6,0.000203,-0.0,0.0
17.725,FLIGHT,1.0037,1.5938,-0.0791,-0.1011,-0.0787,-0.1014,-0.0097,-0.187,-0.0011,-0.0084,1.0091,-0.0552,1.5999,0.000203,-0.0,0.0
17.73,FLIGHT,1.0033,1.5933,-0.0785,-0.1013,-0.0779,-0.1013,-0.0097,-0.1871,-0.001,-0.0084,1.0079,-0.0549,1.5997,0.000203,-0.0,0.0
17.735,FLIGHT,1.003,1.5928,-0.0777,-0.1012,-0.0768,-0.101,-0.0097,-0.1871,-0.0008,-0.0084,1.0067,-0.0547,1.5995,0.000202,-0.0,0.0
17.74,FLIGHT,1.0026,1.5923,-0.0766,-0.1008,-0.0756,-0.1003,-0.0097,-0.1871,-0.0007,-0.0084,1.0055,-0.0544,1.5994,0.000202,-0.0,0.0
17.745,FLIGHT,1.0022,1.5918,-0.0754,-0.1001,-0.0742,-0.0994,-0.0097,-0.1872,-0.0006,-0.0083,1.0043,-0.0542,1.5992,0.000202,-0.0,0.0
17.75,FLIGHT,1.0018,1.5913,-0.074,-0.0992,-0.0727,-0.0982,-0.0097,-0.1872,-0.0004,-0.0083,1.0031,-0.054,1.599,0.000202,-0.0,0.0
17.755,FLIGHT,1.0015,1.5908,-0.0725,-0.098,-0.071,-0.0968,-0.0098,-0.1873,-0.0003,-0.0082,1.0019,-0.0538,1.5989,0.000202,-0.0,0.0
17.76,FLIGHT,1.0011,1.5904,-0.0708,-0.0966,-0.0692,-0.0952,-0.0098,-0.1873,-0.0002,-0.0081,1.0006,-0.0536,1.5987,0.000202,0.0,0.0
17.765,FLIGHT,1.0008,1.5899,-0.0689,-0.0949,-0.0673,-0.0934,-0.0098,-0.1873,-0.0,-0.0079,0.9994,-0.0534,1.5985,0.000202,0.0,0.0
17.77,STANCE,1.0027,1.5908,0.2957,0.1035,0.8945,0.0884,-0.0095,-0.1873,0.0413,0.0065,0.9986,-0.0348,-0.5528,-0.000774,-0.3297,0.0667
17.775,STANCE,1.0059,1.5908,0.4684,0.0426,0.1995,0.0704,-0.0089,-0.1873,0.0819,-0.0003,0.9983,-0.3075,-1.1437,-0.001917,-0.0857,0.0191
17.78,STANCE,1.0067,1.5909,0.2654,0.006,0.2427,-0.1509,-0.0088,-0.1873,0.0489,-0.0018,0.9984,-0.5127,-1.7127,-0.002078,0.0009,0.0021
17.785,STANCE,1.0089,1.5887,0.412,-0.3339,0.6413,-0.8559,-0.0081,-0.1875,0.1228,-0.0331,0.9985,-0.9004,-2.0339,-0.001993,0.0402,0.002
17.79,STANCE,1.0127,1.5812,0.6671,-1.1346,1.0662,-1.6858,-0.0063,-0.1882,0.2814,-0.1038,0.9986,-1.3472,-1.9585,-0.001662,0.0276,0.0017
17.795,STANCE,1.0199,1.5704,1.2269,-1.8796,1.6916,-2.6669,-0.0035,-0.1892,0.4932,-0.1646,0.9986,-1.9045,-1.6606,-0.001741,-0.0334,0.0084
17.8,STANCE,1.0289,1.5552,1.6389,-2.6782,1.9673,-3.1678,0.0003,-0.1905,0.6897,-0.2188,0.9985,-2.3387,-1.1019,-0.001926,-0.0619,0.0143
17.805,STANCE,1.0381,1.5385,1.7749,-3.1351,1.8066,-3.3014,0.0045,-0.1918,0.7888,-0.2372,0.9985,-2.5169,-0.5185,-0.00213,-0.0446,0.011
17.81,STANCE,1.0459,1.5219,1.599,-3.2425,1.2613,-3.292,0.0084,-0.193,0.7784,-0.2288,0.9985,-2.3668,-0.0002,-0.002187,0.0231,0.0022
17.815,STANCE,1.0511,1.5065,1.2003,-3.1159,0.7424,-2.9981,0.0116,-0.1941,0.6891,-0.2094,0.9987,-1.9205,0.4278,-0.002026,0.0591,0.002
17.82,STANCE,1.0537,1.4923,0.7104,-2.9161,0.2422,-2.783,0.0142,-0.195,0.5689,-0.1918,0.9989,-1.2873,0.782,-0.001802,0.0471,0.0018
17.825,STANCE,1.054,1.4788,0.2506,-2.773,-0.1249,-2.6998,0.0163,-0.196,0.461,-0.1822,0.9991,-0.621,1.079,-0.001662,0.0253,0.0017
17.83,STANCE,1.0529,1.4653,-0.0754,-2.7154,-0.1923,-2.5692,0.0181,-0.1969,0.3907,-0.1788,0.9993,-0.1046,1.2946,-0.001558,-0.0379,0.0091
17.835,FLIGHT,1.0519,1.4523,-0.1662,-2.6334,-0.1976,-2.599,0.0198,-0.1977,0.3625,-0.1707,0.9996,-1.7019,2.9027,-0.001634,0.0015,0.0016
17.84,FLIGHT,1.0479,1.4431,-0.6668,-2.0127,-1.4006,-1.1013,0.0204,-0.1984,0.1705,-0.1399,1.0001,-1.6135,2.8199,-0.001351,0.1074,0.0014
17.845,FLIGHT,1.0381,1.441,-1.5895,-0.8651,-2.4473,0.2048,0.0188,-0.1987,-0.1861,-0.0852,1.0009,-1.2892,2.5493,-0.000612,0.1825,0.0006
17.85,FLIGHT,1.0239,1.4446,-2.4842,0.2607,-3.2022,1.1787,0.0154,-0.1987,-0.5325,-0.0209,1.0021,-0.9041,2.232,0.000373,0.1781,0.0
17.855,FLIGHT,1.0066,1.4522,-3.1599,1.1444,-3.6475,1.8018,0.0109,-0.1984,-0.7954,0.046,1.0034,-0.5453,1.9374,0.001064,0.1024,0.0
17.86,FLIGHT,0.9879,1.4621,-3.5725,1.7255,-3.8273,2.1123,0.0057,-0.1979,-0.9571,0.1081,1.0049,-0.2472,1.6936,0.001437,0.0502,0.0
17.865,FLIGHT,0.9687,1.4729,-3.7414,2.0224,-3.7958,2.1751,0.0004,-0.1971,-1.0261,0.1579,1.0064,-0.019,1.5085,0.001596,0.0159,0.0
17.87,FLIGHT,0.9502,1.4835,-3.7112,2.0867,-3.6102,2.0579,-0.0048,-0.1962,-1.0211,0.1907,1.0079,0.1431,1.3793,0.001617,-0.006,0.0012
17.875,FLIGHT,0.9328,1.4933,-3.5331,1.9788,-3.3219,1.8225,-0.0095,-0.1953,-0.9631,0.2052,1.0094,0.2487,1.2983,0.001551,-0.0191,0.0038
17.88,FLIGHT,0.917,1.5016,-3.2549,1.756,-2.9737,1.5201,-0.0138,-0.1943,-0.8712,0.2028,1.0108,0.3089,1.2563,0.001435,-0.0262,0.0052
17.885,FLIGHT,0.9031,1.5084,-2.9175,1.467,-2.5989,1.1907,-0.0174,-0.1935,-0.7612,0.1868,1.0121,0.3342,1.2438,0.001295,-0.0293,0.0059
17.89,FLIGHT,0.8911,1.5136,-2.5531,1.1504,-2.2223,0.8638,-0.0204,-0.1928,-0.6445,0.1614,1.0133,0.3341,1.2525,0.001147,-0.0297,0.0059
17.895,FLIGHT,0.8809,1.5171,-2.1859,0.8351,-1.8613,0.5597,-0.0228,-0.1922,-0.5297,0.1308,1.0144,0.3164,1.2752,0.001001,-0.0284,0.0057
17.9,FLIGHT,0.8724,1.5192,-1.833,0.5409,-1.5272,0.291,-0.0247,-0.1918,-0.422,0.0984,1.0155,0.2874,1.3064,0.000864,-0.0262,0.0052
17.905,FLIGHT,0.8655,1.5201,-1.5058,0.2804,-1.2263,0.0645,-0.0261,-0.1916,-0.3247,0.0672,1.0164,0.2522,1.3415,0.00074,-0.0235,0.0047
17.91,FLIGHT,0.8601,1.5199,-1.2106,0.0603,-0.9617,-0.1178,-0.0272,-0.1914,-0.2395,0.0389,1.0173,0.2143,1.3773,0.00063,-0.0205,0.0041
17.915,FLIGHT,0.8559,1.519,-0.9506,-0.117,-0.7336,-0.2566,-0.0279,-0.1914,-0.1669,0.0147,1.0182,0.1764,1.4117,0.000535,-0.0175,0.0035
17.92,FLIGHT,0.8527,1.5174,-0.7259,-0.2521,-0.5403,-0.3551,-0.0283,-0.1915,-0.1066,-0.0048,1.019,0.1406,1.4432,0.000455,-0.0146,0.0029
17.925,FLIGHT,0.8504,1.5155,-0.5353,-0.3481,-0.379,-0.4176,-0.0285,-0.1916,-0.0579,-0.0198,1.0197,0.1078,1.4709,0.000389,-0.0119,0.0024
17.93,FLIGHT,0.8488,1.5133,-0.376,-0.409,-0.2463,-0.4493,-0.0285,-0.1918,-0.0196,-0.0304,1.0204,0.0789,1.4946,0.000335,-0.0095,0.0019
17.935,FLIGHT,0.8479,1.511,-0.2446,-0.4397,-0.1383,-0.4552,-0.0284,-0.192,0.0095,-0.0372,1.0211,0.054,1.5141,0.000293,-0.0074,0.0015
17.94,FLIGHT,0.8474,1.5088,-0.1375,-0.4453,-0.0513,-0.4406,-0.0282,-0.1922,0.0309,-0.0407,1.0218,0.0332,1.5298,0.00026,-0.0057,0.0011
17.945,FLIGHT,0.8473,1.5067,-0.0509,-0.4308,0.0185,-0.41,-0.0279,-0.1924,0.0457,-0.0416,1.0225,0.0163,1.5419,0.000236,-0.0042,0.0008
17.95,FLIGHT,0.8476,1.5047,0.0187,-0.4006,0.0743,-0.3678,-0.0276,-0.1926,0.0553,-0.0404,1.0232,0.0028,1.5509,0.000218,-0.003,0.0006
17.955,FLIGHT,0.8481,1.503,0.0744,-0.3588,0.1191,-0.3174,-0.0273,-0.1928,0.0607,-0.0377,1.0238,-0.0077,1.5572,0.000205,-0.002,0.0004
17.96,FLIGHT,0.8488,1.5016,0.1193,-0.3092,0.1553,-0.262,-0.027,-0.1929,0.063,-0.0338,1.0245,-0.0156,1.5614,0.000197,-0.0013,0.0003
17.965,FLIGHT,0.8496,1.5004,0.1556,-0.2545,0.1851,-0.2041,-0.0267,-0.1931,0.0631,-0.0293,1.0251,-0.0213,1.5639,0.000192,-0.0007,0.0001
17.97,FLIGHT,0.8506,1.4995,0.1856,-0.1973,0.2101,-0.1456,-0.0264,-0.1932,0.0615,-0.0243,1.0258,-0.0254,1.5651,0.00019,-0.0003,0.0001
17.975,FLIGHT,0.8517,1.4989,0.2108,-0.1395,0.2316,-0.0879,-0.0261,-0.1933,0.0589,-0.0192,1.0264,-0.0281,1.5654,0.00019,0.0001,0.0
17.98,FLIGHT,0.8529,1.4986,0.2325,-0.0826,0.2508,-0.0323,-0.0258,-0.1933,0.0557,-0.0141,1.027,-0.0299,1.5649,0.00019,0.0003,0.0
17.985,FLIGHT,0.8542,1.4986,0.2518,-0.0276,0.2682,0.0205,-0.0255,-0.1934,0.0523,-0.0091,1.0277,-0.031,1.5641,0.000192,0.0004,0.0
17.99,FLIGHT,0.8556,1.4988,0.2693,0.0247,0.2844,0.0701,-0.0253,-0.1934,0.0489,-0.0044,1.0283,-0.0316,1.563,0.000195,0.0005,0.0
17.995,FLIGHT,0.8571,1.4993,0.2856,0.0738,0.2997,0.1162,-0.0251,-0.1934,0.0456,0.0,1.0289,-0.032,1.5618,0.000198,0.0006,0.0
18.0,FLIGHT,0.8586,1.5,0.3009,0.1194,0.3143,0.1586,-0.0249,-0.1934,0.0426,0.0042,1.0295,-0.0322,1.5607,0.000201,0.0006,0.0
18.005,FLIGHT,0.8602,1.5009,0.3155,0.1613,0.3283,0.1973,-0.0247,-0.1933,0.0399,0.0079,1.0301,-0.0324,1.5597,0.000204,0.0006,0.0
18.01,FLIGHT,0.8619,1.502,0.3295,0.1997,0.3417,0.2325,-0.0245,-0.1932,0.0376,0.0114,1.0306,-0.0327,1.5588,0.000207,0.0006,0.0
18.015,FLIGHT,0.8636,1.5032,0.3428,0.2346,0.3545,0.2643,-0.0243,-0.1932,0.0355,0.0145,1.0312,-0.0331,1.5581,0.00021,0.0006,0.0
18.02,FLIGHT,0.8654,1.5046,0.3555,0.2661,0.3666,0.2929,-0.0242,-0.1931,0.0338,0.0173,1.0318,-0.0336,1.5576,0.000213,0.0006,0.0
18.025,FLIGHT,0.8673,1.5061,0.3675,0.2945,0.3779,0.3185,-0.024,-0.193,0.0324,0.0198,1.0323,-0.0342,1.5574,0.000215,0.0005,0.0
18.03,FLIGHT,0.8692,1.5078,0.3787,0.3198,0.3883,0.3412,-0.0238,-0.1929,0.0312,0.022,1.0328,-0.035,1.5573,0.000218,0.0005,0.0
18.035,FLIGHT,0.8712,1.5095,0.389,0.3423,0.3978,0.3613,-0.0237,-0.1927,0.0302,0.024,1.0333,-0.0358,1.5573,0.00022,0.0005,0.0
18.04,FLIGHT,0.8732,1.5114,0.3984,0.3623,0.4063,0.379,-0.0235,-0.1926,0.0293,0.0258,1.0338,-0.0368,1.5576,0.000223,0.0005,0.0
18.045,FLIGHT,0.8752,1.5133,0.4068,0.3798,0.4138,0.3944,-0.0234,-0.1925,0.0286,0.0274,1.0343,-0.0379,1.558,0.000225,0.0004,0.0
18.05,FLIGHT,0.8773,1.5153,0.4141,0.395,0.4202,0.4078,-0.0233,-0.1923,0.0279,0.0287,1.0348,-0.0391,1.5585,0.000227,0.0004,0.0
18.055,FLIGHT,0.8794,1.5174,0.4203,0.4082,0.4254,0.4191,-0.0231,-0.1922,0.0273,0.0299,1.0352,-0.0403,1.5591,0.000229,0.0004,0.0
18.06,FLIGHT,0.8816,1.5195,0.4254,0.4195,0.4295,0.4287,-0.023,-0.192,0.0268,0.0309,1.0357,-0.0416,1.5598,0.000231,0.0004,0.0
18.065,FLIGHT,0.8837,1.5217,0.4294,0.4289,0.4325,0.4365,-0.0229,-0.1918,0.0262,0.0318,1.0361,-0.0429,1.5605,0.000233,0.0003,0.0
18.07,FLIGHT,0.8859,1.5239,0.4323,0.4366,0.4344,0.4428,-0.0227,-0.1917,0.0257,0.0326,1.0365,-0.0442,1.5614,0.000234,0.0003,0.0
18.075,FLIGHT,0.8881,1.5261,0.4341,0.4427,0.4352,0.4475,-0.0226,-0.1915,0.0252,0.0332,1.0369,-0.0456,1.5622,0.000236,0.0003,0.0
18.08,FLIGHT,0.8902,1.5283,0.4347,0.4474,0.4349,0.4508,-0.0225,-0.1913,0.0246,0.0337,1.0372,-0.0469,1.5632,0.000237,0.0003,0.0
18.085,FLIGHT,0.8924,1.5306,0.4344,0.4506,0.4335,0.4528,-0.0224,-0.1912,0.024,0.034,1.0376,-0.0482,1.5641,0.000238,0.0003,0.0
18.09,FLIGHT,0.8946,1.5329,0.4329,0.4524,0.4312,0.4535,-0.0223,-0.191,0.0235,0.0343,1.0379,-0.0495,1.5651,0.00024,0.0002,0.0
18.095,FLIGHT,0.8967,1.5351,0.4306,0.453,0.428,0.453,-0.0221,-0.1908,0.0229,0.0345,1.0382,-0.0508,1.566,0.000241,0.0002,0.0
18.1,FLIGHT,0.8988,1.5374,0.4272,0.4524,0.4239,0.4513,-0.022,-0.1907,0.0222,0.0345,1.0385,-0.052,1.567,0.000242,0.0002,0.0
18.105,FLIGHT,0.901,1.5396,0.423,0.4507,0.4189,0.4486,-0.0219,-0.1905,0.0216,0.0345,1.0387,-0.0532,1.568,0.000243,0.0002,0.0
18.11,FLIGHT,0.903,1.5419,0.418,0.4479,0.4132,0.4449,-0.0218,-0.1903,0.0209,0.0344,1.039,-0.0543,1.569,0.000243,0.0002,0.0
18.115,FLIGHT,0.9051,1.5441,0.4122,0.444,0.4067,0.4402,-0.0217,-0.1901,0.0203,0.0342,1.0392,-0.0554,1.5699,0.000244,0.0001,0.0
18.12,FLIGHT,0.9071,1.5463,0.4057,0.4392,0.3995,0.4345,-0.0216,-0.19,0.0196,0.0339,1.0394,-0.0565,1.5709,0.000245,0.0001,0.0
18.125,FLIGHT,0.9091,1.5484,0.3985,0.4336,0.3917,0.4281,-0.0215,-0.1898,0.0189,0.0336,1.0396,-0.0575,1.5719,0.000245,0.0001,0.0
18.13,FLIGHT,0.911,1.5506,0.3907,0.427,0.3834,0.4208,-0.0214,-0.1896,0.0182,0.0332,1.0397,-0.0585,1.5728,0.000246,0.0001,0.0
18.135,FLIGHT,0.9129,1.5526,0.3823,0.4197,0.3745,0.4129,-0.0214,-0.1895,0.0175,0.0327,1.0398,-0.0595,1.5737,0.000246,0.0001,0.0
18.14,FLIGHT,0.9148,1.5547,0.3734,0.4117,0.3652,0.4042,-0.0213,-0.1893,0.0169,0.0321,1.0399,-0.0604,1.5747,0.000246,0.0,0.0
18.145,FLIGHT,0.9166,1.5567,0.364,0.403,0.3554,0.3949,-0.0212,-0.1892,0.0162,0.0315,1.04,-0.0612,1.5756,0.000246,0.0,0.0
18.15,FLIGHT,0.9183,1.5586,0.3542,0.3937,0.3453,0.3851,-0.0211,-0.189,0.0155,0.0309,1.0401,-0.062,1.5764,0.000247,0.0,0.0
18.155,FLIGHT,0.92,1.5605,0.3441,0.3838,0.3349,0.3747,-0.021,-0.1889,0.0148,0.0302,1.0401,-0.0628,1.5773,0.000247,-0.0,0.0
18.16,FLIGHT,0.9217,1.5624,0.3336,0.3734,0.3241,0.3639,-0.021,-0.1887,0.0142,0.0294,1.0401,-0.0635,1.5782,0.000247,-0.0,0.0
18.165,FLIGHT,0.9233,1.5642,0.3229,0.3626,0.3132,0.3527,-0.0209,-0.1886,0.0135,0.0286,1.0401,-0.0641,1.579,0.000246,-0.0,0.0
18.17,FLIGHT,0.9248,1.5659,0.3119,0.3514,0.302,0.3411,-0.0208,-0.1884,0.0129,0.0278,1.04,-0.0647,1.5798,0.000246,-0.0,0.0
18.175,FLIGHT,0.9263,1.5676,0.3008,0.3398,0.2907,0.3292,-0.0208,-0.1883,0.0123,0.0269,1.0399,-0.0653,1.5806,0.000246,-0.0,0.0
18.18,FLIGHT,0.9277,1.5692,0.2894,0.3278,0.2792,0.317,-0.0207,-0.1882,0.0116,0.026,1.0398,-0.0659,1.5814,0.000246,-0.0001,0.0
18.185,FLIGHT,0.9291,1.5708,0.278,0.3157,0.2677,0.3047,-0.0207,-0.1881,0.0111,0.0251,1.0397,-0.0664,1.5821,0.000246,-0.0001,0.0
18.19,FLIGHT,0.9304,1.5722,0.2665,0.3033,0.2562,0.2921,-0.0206,-0.1879,0.0105,0.0241,1.0395,-0.0668,1.5828,0.000245,-0.0001,0.0
18.195,FLIGHT,0.9316,1.5737,0.2549,0.2907,0.2446,0.2794,-0.0206,-0.1878,0.0099,0.0231,1.0394,-0.0672,1.5835,0.000245,-0.0001,0.0
18.2,FLIGHT,0.9328,1.575,0.2434,0.278,0.233,0.2666,-0.0205,-0.1877,0.0094,0.0222,1.0391,-0.0676,1.5842,0.000244,-0.0001,0.0
18.205,FLIGHT,0.934,1.5763,0.2319,0.2653,0.2215,0.2538,-0.0205,-0.1876,0.0089,0.0212,1.0389,-0.0679,1.5849,0.000244,-0.0001,0.0
18.21,FLIGHT,0.935,1.5776,0.2204,0.2525,0.2101,0.241,-0.0204,-0.1875,0.0084,0.0202,1.0387,-0.0682,1.5855,0.000243,-0.0001,0.0
18.215,FLIGHT,0.9361,1.5788,0.209,0.2396,0.1988,0.2282,-0.0204,-0.1874,0.0079,0.0191,1.0384,-0.0685,1.5861,0.000243,-0.0001,0.0
18.22,FLIGHT,0.937,1.5799,0.1977,0.2268,0.1876,0.2154,-0.0204,-0.1873,0.0074,0.0181,1.038,-0.0687,1.5867,0.000242,-0.0001,0.0
18.225,FLIGHT,0.9379,1.5809,0.1865,0.2141,0.1766,0.2027,-0.0203,-0.1872,0.007,0.0171,1.0377,-0.0689,1.5872,0.000242,-0.0001,0.0
18.23,FLIGHT,0.9388,1.5819,0.1755,0.2014,0.1658,0.1902,-0.0203,-0.1872,0.0066,0.0161,1.0373,-0.0691,1.5877,0.000241,-0.0001,0.0
18.235,FLIGHT,0.9396,1.5828,0.1647,0.1889,0.1551,0.1778,-0.0203,-0.1871,0.0062,0.0151,1.0369,-0.0692,1.5882,0.00024,-0.0001,0.0
18.24,FLIGHT,0.9403,1.5837,0.1541,0.1765,0.1447,0.1655,-0.0202,-0.187,0.0058,0.0141,1.0365,-0.0693,1.5887,0.00024,-0.0001,0.0
18.245,FLIGHT,0.941,1.5845,0.1437,0.1643,0.1345,0.1535,-0.0202,-0.187,0.0054,0.0132,1.0361,-0.0693,1.5892,0.000239,-0.0001,0.0
18.25,FLIGHT,0.9417,1.5852,0.1336,0.1523,0.1246,0.1417,-0.0202,-0.1869,0.0051,0.0122,1.0356,-0.0694,1.5896,0.000239,-0.0001,0.0
18.255,FLIGHT,0.9423,1.5859,0.1237,0.1405,0.1149,0.1301,-0.0202,-0.1868,0.0048,0.0113,1.0351,-0.0694,1.59,0.000238,-0.0001,0.0
18.26,FLIGHT,0.9428,1.5865,0.114,0.129,0.1055,0.1188,-0.0201,-0.1868,0.0045,0.0103,1.0346,-0.0694,1.5904,0.000237,-0.0001,0.0
18.265,FLIGHT,0.9433,1.5871,0.1047,0.1177,0.0965,0.1078,-0.0201,-0.1868,0.0042,0.0094,1.0341,-0.0693,1.5907,0.000237,-0.0001,0.0
18.27,FLIGHT,0.9438,1.5876,0.0956,0.1067,0.0877,0.097,-0.0201,-0.1867,0.0039,0.0085,1.0335,-0.0693,1.591,0.000236,-0.0001,0.0
18.275,FLIGHT,0.9442,1.588,0.0869,0.096,0.0792,0.0866,-0.0201,-0.1867,0.0037,0.0077,1.0329,-0.0692,1.5913,0.000235,-0.0001,0.0
18.28,FLIGHT,0.9446,1.5884,0.0785,0.0857,0.071,0.0765,-0.0201,-0.1866,0.0035,0.0068,1.0323,-0.0691,1.5916,0.000235,-0.0001,0.0
18.285,FLIGHT,0.9449,1.5888,0.0703,0.0756,0.0632,0.0667,-0.0201,-0.1866,0.0033,0.006,1.0316,-0.069,1.5919,0.000234,-0.0001,0.0
18.29,FLIGHT,0.9452,1.5891,0.0625,0.0659,0.0557,0.0573,-0.02,-0.1866,0.0031,0.0052,1.031,-0.0688,1.5921,0.000234,-0.0001,0.0
18.295,FLIGHT,0.9455,1.5894,0.0551,0.0565,0.0485,0.0483,-0.02,-0.1866,0.0029,0.0044,1.0303,-0.0687,1.5924,0.000233,-0.0001,0.0
18.3,FLIGHT,0.9457,1.5896,0.0479,0.0475,0.0417,0.0396,-0.02,-0.1866,0.0028,0.0037,1.0296,-0.0685,1.5926,0.000232,-0.0001,0.0
18.305,FLIGHT,0.9459,1.5898,0.0411,0.0388,0.0352,0.0312,-0.02,-0.1865,0.0026,0.003,1.0289,-0.0683,1.5927,0.000232,-0.0001,0.0
18.31,FLIGHT,0.9461,1.5899,0.0347,0.0305,0.029,0.0232,-0.02,-0.1865,0.0025,0.0023,1.0281,-0.0682,1.5929,0.000231,-0.0001,0.0
18.315,FLIGHT,0.9462,1.59,0.0286,0.0226,0.0232,0.0157,-0.02,-0.1865,0.0024,0.0016,1.0273,-0.068,1.593,0.000231,-0.0001,0.0
18.32,FLIGHT,0.9463,1.5901,0.0228,0.015,0.0177,0.0084,-0.02,-0.1865,0.0023,0.001,1.0265,-0.0677,1.5932,0.00023,-0.0001,0.0
18.325,FLIGHT,0.9464,1.5901,0.0173,0.0079,0.0126,0.0016,-0.02,-0.1865,0.0022,0.0004,1.0257,-0.0675,1.5933,0.00023,-0.0001,0.0
18.33,FLIGHT,0.9464,1.5901,0.0122,0.0011,0.0078,-0.0049,-0.0199,-0.1865,0.0021,-0.0001,1.0249,-0.0673,1.5934,0.000229,-0.0001,0.0
18.335,FLIGHT,0.9465,1.59,0.0074,-0.0054,0.0033,-0.011,-0.0199,-0.1865,0.0021,-0.0007,1.0241,-0.0671,1.5935,0.000229,-0.0001,0.0
18.34,FLIGHT,0.9465,1.59,0.0029,-0.0114,-0.0009,-0.0167,-0.0199,-0.1865,0.002,-0.0012,1.0232,-0.0668,1.5935,0.000228,-0.0001,0.0
18.345,FLIGHT,0.9464,1.5899,-0.0012,-0.0171,-0.0048,-0.022,-0.0199,-0.1865,0.002,-0.0016,1.0223,-0.0666,1.5936,0.000228,-0.0001,0.0
18.35,FLIGHT,0.9464,1.5898,-0.0051,-0.0224,-0.0084,-0.027,-0.0199,-0.1865,0.002,-0.0021,1.0214,-0.0664,1.5936,0.000227,-0.0001,0.0
18.355,FLIGHT,0.9464,1.5896,-0.0086,-0.0274,-0.0116,-0.0316,-0.0199,-0.1866,0.002,-0.0025,1.0205,-0.0661,1.5936,0.000227,-0.0001,0.0
18.36,FLIGHT,0.9463,1.5894,-0.0118,-0.0319,-0.0146,-0.0359,-0.0199,-0.1866,0.002,-0.0029,1.0195,-0.0659,1.5937,0.000227,-0.0001,0.0
18.365,FLIGHT,0.9462,1.5893,-0.0148,-0.0362,-0.0173,-0.0398,-0.0199,-0.1866,0.002,-0.0032,1.0185,-0.0656,1.5937,0.000226,-0.0001,0.0
18.37,FLIGHT,0.9461,1.589,-0.0174,-0.0401,-0.0197,-0.0434,-0.0199,-0.1866,0.002,-0.0036,1.0176,-0.0654,1.5937,0.000226,-0.0001,0.0
18.375,FLIGHT,0.946,1.5888,-0.0198,-0.0436,-0.0218,-0.0466,-0.0199,-0.1866,0.002,-0.0039,1.0166,-0.0651,1.5937,0.000226,-0.0001,0.0
18.38,FLIGHT,0.9459,1.5886,-0.0219,-0.0468,-0.0237,-0.0495,-0.0198,-0.1867,0.002,-0.0041,1.0156,-0.0649,1.5936,0.000225,-0.0001,0.0
18.385,FLIGHT,0.9458,1.5883,-0.0237,-0.0497,-0.0253,-0.0521,-0.0198,-0.1867,0.0021,-0.0044,1.0145,-0.0647,1.5936,0.000225,-0.0001,0.0
18.39,FLIGHT,0.9457,1.5881,-0.0254,-0.0523,-0.0267,-0.0544,-0.0198,-0.1867,0.0021,-0.0046,1.0135,-0.0644,1.5936,0.000225,-0.0,0.0
18.395,FLIGHT,0.9455,1.5878,-0.0267,-0.0545,-0.0278,-0.0564,-0.0198,-0.1867,0.0021,-0.0048,1.0124,-0.0642,1.5935,0.000225,-0.0,0.0
18.4,FLIGHT,0.9454,1.5875,-0.0279,-0.0565,-0.0288,-0.0581,-0.0198,-0.1868,0.0022,-0.005,1.0114,-0.064,1.5935,0.000224,-0.0,0.0
18.405,FLIGHT,0.9452,1.5872,-0.0288,-0.0582,-0.0295,-0.0595,-0.0198,-0.1868,0.0022,-0.0051,1.0103,-0.0638,1.5934,0.000224,-0.0,0.0
18.41,FLIGHT,0.9451,1.5869,-0.0295,-0.0596,-0.03,-0.0607,-0.0198,-0.1868,0.0023,-0.0052,1.0092,-0.0636,1.5933,0.000224,-0.0,0.0
18.415,FLIGHT,0.9449,1.5866,-0.03,-0.0607,-0.0304,-0.0616,-0.0198,-0.1868,0.0023,-0.0053,1.008,-0.0634,1.5933,0.000224,-0.0,0.0
18.42,FLIGHT,0.9448,1.5863,-0.0303,-0.0616,-0.0305,-0.0622,-0.0198,-0.1869,0.0024,-0.0054,1.0069,-0.0632,1.5932,0.000224,-0.0,0.0
18.425,FLIGHT,0.9446,1.586,-0.0305,-0.0622,-0.0305,-0.0626,-0.0197,-0.1869,0.0024,-0.0055,1.0058,-0.063,1.5931,0.000224,-0.0,0.0
18.43,FLIGHT,0.9445,1.5857,-0.0304,-0.0626,-0.0303,-0.0628,-0.0197,-0.1869,0.0025,-0.0055,1.0046,-0.0628,1.5931,0.000224,-0.0,0.0
18.435,FLIGHT,0.9443,1.5853,-0.0303,-0.0628,-0.03,-0.0628,-0.0197,-0.1869,0.0025,-0.0055,1.0034,-0.0626,1.593,0.000223,-0.0,0.0
18.44,FLIGHT,0.9442,1.585,-0.0299,-0.0627,-0.0296,-0.0626,-0.0197,-0.187,0.0026,-0.0055,1.0023,-0.0624,1.5929,0.000223,-0.0,0.0
18.445,FLIGHT,0.944,1.5847,-0.0295,-0.0625,-0.029,-0.0622,-0.0197,-0.187,0.0027,-0.0055,1.0011,-0.0623,1.5928,0.000223,-0.0,0.0
18.45,STANCE,0.9439,1.5845,-0.0187,-0.0482,0.0937,0.1038,-0.0197,-0.187,0.0028,-0.0043,0.9999,0.2656,-0.0149,0.00018,-0.103,0.0206
18.455,STANCE,0.9466,1.5848,0.4198,0.0035,1.0425,-0.2638,-0.0192,-0.187,0.0781,-0.0077,0.999,0.1019,-0.6737,-0.00123,-0.4083,0.0829
18.46,STANCE,0.9539,1.5806,1.1605,-0.6448,1.6911,-1.6583,-0.0173,-0.1876,0.3028,-0.0817,0.9979,-0.3664,-1.0679,-0.00362,-0.4677,0.0972
18.465,STANCE,0.9573,1.577,0.7384,-0.5994,0.069,-0.0555,-0.0162,-0.188,0.2183,-0.0687,0.9976,-0.4487,-1.681,-0.004666,-0.0411,0.0129
18.47,STANCE,0.9576,1.5766,0.294,-0.2605,0.2093,-0.2943,-0.0161,-0.188,0.0899,-0.0294,0.9979,-0.5121,-2.3151,-0.004561,0.0597,0.0046
18.475,STANCE,0.9598,1.5721,0.4082,-0.8043,0.4663,-2.1911,-0.0151,-0.1885,0.1842,-0.0815,0.9981,-0.8115,-2.3781,-0.004107,0.1688,0.0041
18.48,STANCE,0.9639,1.5611,0.7378,-1.7259,1.2628,-2.2792,-0.0128,-0.1896,0.3725,-0.1676,0.9982,-1.2003,-2.0128,-0.003454,0.0518,0.0035
18.485,STANCE,0.9719,1.5467,1.3506,-2.5779,1.9143,-3.3522,-0.0093,-0.1909,0.6106,-0.241,0.9983,-1.6747,-1.4136,-0.003382,-0.0209,0.0076
18.49,STANCE,0.982,1.528,1.8033,-3.3817,1.9893,-4.0503,-0.0048,-0.1926,0.8185,-0.295,0.9983,-1.9998,-0.6218,-0.003488,-0.0054,0.0046
18.495,STANCE,0.9919,1.5081,1.9158,-3.7949,1.8013,-4.0463,-0.0001,-0.1943,0.9103,-0.3055,0.9983,-2.0268,0.1142,-0.003569,0.0097,0.0036
18.5,STANCE,1.0,1.4888,1.6945,-3.823,1.3833,-3.7096,0.0042,-0.1958,0.8821,-0.2854,0.9984,-1.7293,0.6964,-0.003476,0.0409,0.0035
18.505,STANCE,1.0056,1.4711,1.2656,-3.614,0.7819,-3.4433,0.0079,-0.1971,0.7759,-0.2544,0.9987,-1.1977,1.1137,-0.003202,0.0816,0.0032
18.51,STANCE,1.0085,1.4549,0.776,-3.3501,0.35,-3.1307,0.0109,-0.1982,0.6464,-0.2273,0.999,-0.5927,1.395,-0.002848,0.0831,0.0028
18.515,STANCE,1.0097,1.44,0.3951,-3.0887,0.1093,-2.8944,0.0133,-0.1992,0.5363,-0.2048,0.9994,-0.1296,1.5275,-0.002456,0.0999,0.0025
18.52,FLIGHT,1.0101,1.4263,0.1735,-2.8245,-0.1194,-2.3741,0.0154,-0.2002,0.4559,-0.1835,0.9998,-1.6087,2.8134,-0.001983,0.1003,0.002
18.525,FLIGHT,1.0066,1.418,-0.4711,-1.9555,-1.2337,-0.9656,0.0159,-0.2007,0.1976,-0.135,1.0006,-1.4448,2.6696,-0.001266,0.1825,0.0013
18.53,FLIGHT,0.9981,1.4162,-1.3648,-0.8049,-2.1572,0.2138,0.0145,-0.201,-0.1544,-0.073,1.0017,-1.116,2.3983,-0.000209,0.2353,0.0002
18.535,FLIGHT,0.9856,1.4196,-2.1659,0.2403,-2.7915,1.0743,0.0115,-0.2009,-0.4707,-0.0084,1.0031,-0.7588,2.1076,0.000816,0.1586,0.0
18.54,FLIGHT,0.9706,1.4264,-2.7432,1.0323,-3.1496,1.6139,0.0075,-0.2006,-0.7014,0.0536,1.0046,-0.4373,1.8475,0.001415,0.0857,0.0
18.545,FLIGHT,0.9545,1.4353,-3.0769,1.5423,-3.2726,1.879,0.0029,-0.2,-0.8384,0.1072,1.0062,-0.1764,1.6377,0.001713,0.037,0.0
18.55,FLIGHT,0.9382,1.4449,-3.1934,1.7995,-3.2129,1.9311,-0.0017,-0.1993,-0.8929,0.1477,1.0079,0.0195,1.482,0.001813,0.0054,0.0
18.555,FLIGHT,0.9226,1.4543,-3.1368,1.8554,-3.0227,1.8319,-0.0061,-0.1985,-0.8832,0.1726,1.0096,0.1559,1.3759,0.001788,-0.0141,0.0028
18.56,FLIGHT,0.9081,1.463,-2.9544,1.7656,-2.748,1.6354,-0.0102,-0.1976,-0.8285,0.1818,1.0112,0.2422,1.3116,0.001686,-0.0255,0.0051
18.565,FLIGHT,0.8952,1.4706,-2.6893,1.5807,-2.4261,1.3857,-0.0138,-0.1968,-0.7454,0.1773,1.0127,0.289,1.2803,0.001542,-0.0311,0.0062
18.57,FLIGHT,0.8839,1.4768,-2.3773,1.3429,-2.0858,1.1165,-0.0169,-0.1961,-0.6477,0.1624,1.0142,0.3059,1.2737,0.001381,-0.0331,0.0066
18.575,FLIGHT,0.8743,1.4818,-2.0464,1.0847,-1.748,0.8521,-0.0194,-0.1954,-0.5451,0.1406,1.0155,0.3016,1.2842,0.001216,-0.0326,0.0065
18.58,FLIGHT,0.8664,1.4854,-1.7169,0.83,-1.427,0.6088,-0.0214,-0.1949,-0.4449,0.1153,1.0168,0.2828,1.3059,0.001057,-0.0307,0.0061
18.585,FLIGHT,0.86,1.4879,-1.403,0.5949,-1.132,0.3964,-0.023,-0.1946,-0.3515,0.0893,1.018,0.2552,1.3339,0.00091,-0.0279,0.0056
18.59,FLIGHT,0.855,1.4894,-1.1139,0.3892,-0.8677,0.2199,-0.0242,-0.1943,-0.2675,0.0645,1.0191,0.2228,1.3647,0.000778,-0.0248,0.005
18.595,FLIGHT,0.8513,1.4902,-0.8544,0.2179,-0.6361,0.0805,-0.025,-0.1941,-0.1944,0.0425,1.0202,0.1888,1.3956,0.000662,-0.0215,0.0043
18.6,FLIGHT,0.8486,1.4903,-0.6266,0.0823,-0.4369,-0.0232,-0.0255,-0.194,-0.1324,0.024,1.0212,0.1554,1.4249,0.000563,-0.0183,0.0037
18.605,FLIGHT,0.8468,1.49,-0.4304,-0.0185,-0.2683,-0.094,-0.0258,-0.194,-0.0811,0.0093,1.0222,0.124,1.4515,0.000479,-0.0152,0.003
18.61,FLIGHT,0.8459,1.4894,-0.264,-0.0875,-0.1276,-0.136,-0.026,-0.1941,-0.0398,-0.0017,1.0232,0.0956,1.4749,0.00041,-0.0124,0.0025
18.615,FLIGHT,0.8455,1.4887,-0.1249,-0.1282,-0.0117,-0.1533,-0.0259,-0.1941,-0.0075,-0.0093,1.0241,0.0706,1.4947,0.000355,-0.0099,0.002
18.62,FLIGHT,0.8457,1.4879,-0.0101,-0.145,0.0828,-0.1505,-0.0258,-0.1942,0.017,-0.0139,1.0249,0.0492,1.5111,0.000311,-0.0077,0.0015
18.625,FLIGHT,0.8463,1.4872,0.0837,-0.142,0.1593,-0.1318,-0.0256,-0.1943,0.0348,-0.016,1.0258,0.0312,1.5243,0.000277,-0.0059,0.0012
18.63,FLIGHT,0.8473,1.4866,0.1597,-0.1235,0.2207,-0.101,-0.0253,-0.1944,0.0472,-0.0161,1.0267,0.0165,1.5346,0.000251,-0.0044,0.0009
18.635,FLIGHT,0.8485,1.4862,0.2209,-0.0931,0.27,-0.0616,-0.025,-0.1944,0.0552,-0.0146,1.0275,0.0046,1.5424,0.000232,-0.0032,0.0006
18.64,FLIGHT,0.85,1.486,0.2701,-0.0542,0.3095,-0.0164,-0.0247,-0.1945,0.0596,-0.0119,1.0283,-0.0047,1.5481,0.000219,-0.0022,0.0004
18.645,FLIGHT,0.8516,1.486,0.3097,-0.0096,0.3414,0.032,-0.0244,-0.1945,0.0615,-0.0085,1.0291,-0.0119,1.552,0.00021,-0.0014,0.0003
18.65,FLIGHT,0.8534,1.4863,0.3416,0.0381,0.3674,0.0818,-0.0241,-0.1946,0.0615,-0.0046,1.0299,-0.0174,1.5546,0.000205,-0.0008,0.0002
18.655,FLIGHT,0.8553,1.4869,0.3677,0.0872,0.3888,0.1313,-0.0238,-0.1945,0.0601,-0.0004,1.0307,-0.0214,1.5562,0.000202,-0.0003,0.0001
18.66,FLIGHT,0.8572,1.4876,0.3892,0.1361,0.4068,0.1794,-0.0235,-0.1945,0.0578,0.0039,1.0315,-0.0244,1.5569,0.000201,-0.0,0.0
18.665,FLIGHT,0.8593,1.4886,0.4073,0.1836,0.4222,0.2253,-0.0232,-0.1945,0.055,0.0082,1.0323,-0.0267,1.5572,0.000202,0.0002,0.0
18.67,FLIGHT,0.8615,1.4899,0.4227,0.2289,0.4356,0.2683,-0.023,-0.1944,0.052,0.0122,1.0331,-0.0283,1.5571,0.000204,0.0004,0.0
18.675,FLIGHT,0.8637,1.4913,0.4361,0.2715,0.4474,0.3081,-0.0227,-0.1943,0.0489,0.0161,1.0338,-0.0296,1.5569,0.000206,0.0005,0.0
18.68,FLIGHT,0.8659,1.493,0.448,0.3108,0.458,0.3445,-0.0225,-0.1942,0.046,0.0196,1.0346,-0.0306,1.5566,0.000208,0.0006,0.0
18.685,FLIGHT,0.8682,1.4948,0.4586,0.3468,0.4675,0.3774,-0.0223,-0.1941,0.0432,0.0229,1.0353,-0.0315,1.5563,0.000211,0.0006,0.0
18.69,FLIGHT,0.8706,1.4967,0.4681,0.3793,0.4761,0.4069,-0.0221,-0.194,0.0407,0.0259,1.0361,-0.0323,1.556,0.000214,0.0006,0.0
18.695,FLIGHT,0.873,1.4988,0.4766,0.4084,0.4838,0.4329,-0.0219,-0.1938,0.0384,0.0285,1.0368,-0.0332,1.5559,0.000217,0.0006,0.0
18.7,FLIGHT,0.8754,1.501,0.4842,0.4342,0.4905,0.4558,-0.0217,-0.1936,0.0364,0.0309,1.0375,-0.0341,1.5559,0.00022,0.0006,0.0
18.705,FLIGHT,0.8779,1.5034,0.4908,0.4567,0.4964,0.4756,-0.0216,-0.1935,0.0346,0.033,1.0382,-0.035,1.5561,0.000223,0.0005,0.0
18.71,FLIGHT,0.8804,1.5058,0.4965,0.4763,0.5012,0.4925,-0.0214,-0.1933,0.033,0.0348,1.0388,-0.0361,1.5564,0.000225,0.0005,0.0
18.715,FLIGHT,0.8829,1.5083,0.5013,0.493,0.5051,0.5067,-0.0213,-0.1931,0.0316,0.0364,1.0395,-0.0372,1.5568,0.000228,0.0005,0.0
18.72,FLIGHT,0.8855,1.5109,0.505,0.507,0.5079,0.5184,-0.0211,-0.1929,0.0304,0.0377,1.0401,-0.0384,1.5574,0.00023,0.0004,0.0
18.725,FLIGHT,0.888,1.5135,0.5078,0.5186,0.5098,0.5278,-0.021,-0.1927,0.0293,0.0388,1.0408,-0.0397,1.5581,0.000232,0.0004,0.0
18.73,FLIGHT,0.8906,1.5161,0.5095,0.5278,0.5105,0.535,-0.0208,-0.1925,0.0283,0.0398,1.0414,-0.041,1.5589,0.000234,0.0004,0.0
18.735,FLIGHT,0.8931,1.5188,0.5101,0.5349,0.5102,0.5403,-0.0207,-0.1923,0.0274,0.0405,1.042,-0.0423,1.5598,0.000236,0.0003,0.0
18.74,FLIGHT,0.8957,1.5215,0.5096,0.5399,0.5088,0.5436,-0.0206,-0.1921,0.0266,0.0411,1.0425,-0.0437,1.5607,0.000238,0.0003,0.0
18.745,FLIGHT,0.8982,1.5243,0.5081,0.5432,0.5063,0.5453,-0.0204,-0.1919,0.0258,0.0415,1.0431,-0.0451,1.5617,0.000239,0.0003,0.0
18.75,FLIGHT,0.9007,1.527,0.5056,0.5447,0.5028,0.5453,-0.0203,-0.1917,0.025,0.0418,1.0436,-0.0465,1.5628,0.000241,0.0003,0.0
18.755,FLIGHT,0.9032,1.5297,0.502,0.5446,0.4983,0.5439,-0.0202,-0.1915,0.0242,0.0419,1.0441,-0.0479,1.5639,0.000242,0.0002,0.0
18.76,FLIGHT,0.9057,1.5324,0.4974,0.5431,0.4928,0.541,-0.0201,-0.1913,0.0234,0.0419,1.0446,-0.0493,1.565,0.000243,0.0002,0.0
18.765,FLIGHT,0.9081,1.5351,0.4918,0.5401,0.4865,0.5369,-0.02,-0.1911,0.0227,0.0418,1.0451,-0.0507,1.5662,0.000244,0.0002,0.0
18.77,FLIGHT,0.9106,1.5378,0.4854,0.5359,0.4792,0.5315,-0.0198,-0.1909,0.0219,0.0416,1.0455,-0.052,1.5673,0.000245,0.0002,0.0
18.775,FLIGHT,0.9129,1.5404,0.4781,0.5304,0.4711,0.525,-0.0197,-0.1907,0.0211,0.0413,1.0459,-0.0533,1.5685,0.000246,0.0001,0.0
18.78,FLIGHT,0.9153,1.543,0.4699,0.5239,0.4623,0.5175,-0.0196,-0.1905,0.0204,0.0409,1.0463,-0.0545,1.5696,0.000246,0.0001,0.0
18.785,FLIGHT,0.9176,1.5456,0.461,0.5163,0.4527,0.509,-0.0195,-0.1903,0.0196,0.0404,1.0467,-0.0557,1.5708,0.000247,0.0001,0.0
18.79,FLIGHT,0.9198,1.5481,0.4514,0.5077,0.4425,0.4996,-0.0195,-0.1901,0.0188,0.0399,1.0471,-0.0569,1.5719,0.000247,0.0001,0.0
18.795,FLIGHT,0.922,1.5506,0.4411,0.4983,0.4316,0.4894,-0.0194,-0.1899,0.0181,0.0392,1.0474,-0.058,1.573,0.000247,0.0001,0.0
18.8,FLIGHT,0.9241,1.553,0.4302,0.488,0.4203,0.4784,-0.0193,-0.1897,0.0173,0.0385,1.0477,-0.059,1.5741,0.000248,0.0,0.0
18.805,FLIGHT,0.9262,1.5554,0.4188,0.477,0.4084,0.4668,-0.0192,-0.1895,0.0165,0.0377,1.048,-0.06,1.5752,0.000248,0.0,0.0
18.81,FLIGHT,0.9282,1.5577,0.407,0.4652,0.3961,0.4545,-0.0191,-0.1893,0.0157,0.0369,1.0482,-0.061,1.5762,0.000248,-0.0,0.0
18.815,FLIGHT,0.9301,1.5599,0.3947,0.4529,0.3835,0.4416,-0.019,-0.1891,0.015,0.036,1.0484,-0.0619,1.5773,0.000248,-0.0,0.0
18.82,FLIGHT,0.932,1.5621,0.382,0.44,0.3705,0.4282,-0.019,-0.189,0.0142,0.035,1.0486,-0.0627,1.5783,0.000248,-0.0,0.0
18.825,FLIGHT,0.9338,1.5642,0.369,0.4266,0.3573,0.4144,-0.0189,-0.1888,0.0135,0.034,1.0488,-0.0635,1.5792,0.000247,-0.0,0.0
18.83,FLIGHT,0.9356,1.5662,0.3558,0.4128,0.3438,0.4002,-0.0188,-0.1886,0.0128,0.033,1.0489,-0.0642,1.5802,0.000247,-0.0001,0.0
18.835,FLIGHT,0.9373,1.5682,0.3424,0.3985,0.3302,0.3856,-0.0188,-0.1885,0.0121,0.0319,1.049,-0.0649,1.5811,0.000247,-0.0001,0.0
18.84,FLIGHT,0.9389,1.5701,0.3287,0.384,0.3165,0.3708,-0.0187,-0.1883,0.0114,0.0308,1.0491,-0.0655,1.582,0.000246,-0.0001,0.0
18.845,FLIGHT,0.9404,1.5719,0.315,0.3691,0.3027,0.3557,-0.0187,-0.1882,0.0107,0.0296,1.0491,-0.0661,1.5829,0.000246,-0.0001,0.0
18.85,FLIGHT,0.9419,1.5737,0.3012,0.3541,0.2888,0.3405,-0.0186,-0.188,0.0101,0.0285,1.0491,-0.0666,1.5837,0.000245,-0.0001,0.0
18.855,FLIGHT,0.9433,1.5753,0.2874,0.3389,0.275,0.3252,-0.0186,-0.1879,0.0094,0.0273,1.0491,-0.067,1.5845,0.000245,-0.0001,0.0
18.86,FLIGHT,0.9447,1.5769,0.2735,0.3235,0.2612,0.3097,-0.0185,-0.1878,0.0088,0.0261,1.0491,-0.0675,1.5853,0.000244,-0.0001,0.0
18.865,FLIGHT,0.9459,1.5784,0.2597,0.3081,0.2474,0.2942,-0.0185,-0.1876,0.0082,0.0249,1.049,-0.0678,1.5861,0.000243,-0.0001,0.0
18.87,FLIGHT,0.9472,1.5799,0.246,0.2926,0.2338,0.2788,-0.0185,-0.1875,0.0077,0.0237,1.0489,-0.0682,1.5868,0.000243,-0.0001,0.0
18.875,FLIGHT,0.9483,1.5812,0.2325,0.2772,0.2204,0.2634,-0.0184,-0.1874,0.0071,0.0224,1.0488,-0.0685,1.5875,0.000242,-0.0001,0.0
18.88,FLIGHT,0.9494,1.5825,0.219,0.2618,0.2071,0.2481,-0.0184,-0.1873,0.0066,0.0212,1.0486,-0.0687,1.5881,0.000241,-0.0001,0.0
18.885,FLIGHT,0.9504,1.5837,0.2058,0.2465,0.194,0.2329,-0.0184,-0.1872,0.0061,0.02,1.0484,-0.0689,1.5888,0.000241,-0.0002,0.0
18.89,FLIGHT,0.9513,1.5848,0.1927,0.2313,0.1811,0.2178,-0.0183,-0.1871,0.0057,0.0188,1.0482,-0.0691,1.5894,0.00024,-0.0002,0.0
18.895,FLIGHT,0.9522,1.5859,0.1799,0.2163,0.1685,0.203,-0.0183,-0.187,0.0052,0.0176,1.048,-0.0692,1.5899,0.000239,-0.0002,0.0
18.9,FLIGHT,0.953,1.5868,0.1673,0.2015,0.1562,0.1884,-0.0183,-0.187,0.0048,0.0164,1.0477,-0.0693,1.5905,0.000238,-0.0002,0.0
18.905,FLIGHT,0.9537,1.5878,0.155,0.187,0.1442,0.174,-0.0183,-0.1869,0.0044,0.0152,1.0474,-0.0693,1.591,0.000237,-0.0002,0.0
18.91,FLIGHT,0.9544,1.5886,0.1431,0.1727,0.1325,0.16,-0.0183,-0.1868,0.0041,0.0141,1.0471,-0.0694,1.5915,0.000237,-0.0002,0.0
18.915,FLIGHT,0.9551,1.5894,0.1314,0.1586,0.1211,0.1462,-0.0182,-0.1868,0.0037,0.0129,1.0467,-0.0694,1.5919,0.000236,-0.0002,0.0
18.92,FLIGHT,0.9556,1.59,0.12,0.1449,0.11,0.1327,-0.0182,-0.1867,0.0034,0.0118,1.0463,-0.0693,1.5923,0.000235,-0.0002,0.0
18.925,FLIGHT,0.9562,1.5907,0.1091,0.1315,0.0994,0.1197,-0.0182,-0.1866,0.0031,0.0107,1.0459,-0.0692,1.5927,0.000234,-0.0002,0.0
18.93,FLIGHT,0.9566,1.5912,0.0984,0.1185,0.0891,0.1069,-0.0182,-0.1866,0.0028,0.0097,1.0455,-0.0692,1.5931,0.000233,-0.0002,0.0
18.935,FLIGHT,0.9571,1.5917,0.0882,0.1058,0.0792,0.0946,-0.0182,-0.1866,0.0026,0.0086,1.045,-0.069,1.5934,0.000233,-0.0002,0.0
18.94,FLIGHT,0.9574,1.5922,0.0783,0.0935,0.0696,0.0826,-0.0182,-0.1865,0.0023,0.0076,1.0445,-0.0689,1.5937,0.000232,-0.0002,0.0
18.945,FLIGHT,0.9577,1.5926,0.0688,0.0816,0.0605,0.0711,-0.0182,-0.1865,0.0021,0.0066,1.044,-0.0687,1.594,0.000231,-0.0002,0.0
18.95,FLIGHT,0.958,1.5929,0.0598,0.0701,0.0518,0.06,-0.0181,-0.1865,0.0019,0.0057,1.0435,-0.0685,1.5943,0.00023,-0.0001,0.0
18.955,FLIGHT,0.9583,1.5932,0.0511,0.059,0.0435,0.0493,-0.0181,-0.1864,0.0018,0.0048,1.0429,-0.0683,1.5945,0.00023,-0.0001,0.0
18.96,FLIGHT,0.9585,1.5934,0.0428,0.0484,0.0356,0.0391,-0.0181,-0.1864,0.0016,0.0039,1.0423,-0.0681,1.5947,0.000229,-0.0001,0.0
18.965,FLIGHT,0.9586,1.5936,0.0349,0.0382,0.0281,0.0293,-0.0181,-0.1864,0.0015,0.0031,1.0417,-0.0679,1.5949,0.000228,-0.0001,0.0
18.97,FLIGHT,0.9587,1.5937,0.0275,0.0284,0.021,0.0199,-0.0181,-0.1864,0.0014,0.0023,1.0411,-0.0677,1.5951,0.000228,-0.0001,0.0
18.975,FLIGHT,0.9588,1.5938,0.0204,0.0191,0.0143,0.011,-0.0181,-0.1864,0.0013,0.0015,1.0404,-0.0674,1.5952,0.000227,-0.0001,0.0
18.98,FLIGHT,0.9589,1.5938,0.0138,0.0103,0.008,0.0026,-0.0181,-0.1864,0.0012,0.0007,1.0397,-0.0671,1.5954,0.000226,-0.0001,0.0
18.985,FLIGHT,0.9589,1.5938,0.0076,0.0019,0.0022,-0.0054,-0.0181,-0.1864,0.0012,0.0,1.039,-0.0669,1.5955,0.000226,-0.0001,0.0
18.99,FLIGHT,0.9589,1.5937,0.0017,-0.0061,-0.0033,-0.013,-0.0181,-0.1864,0.0011,-0.0006,1.0383,-0.0666,1.5955,0.000225,-0.0001,0.0
18.995,FLIGHT,0.9589,1.5937,-0.0037,-0.0136,-0.0084,-0.0201,-0.0181,-0.1864,0.0011,-0.0012,1.0375,-0.0663,1.5956,0.000225,-0.0001,0.0
19.0,FLIGHT,0.9588,1.5935,-0.0088,-0.0206,-0.0131,-0.0267,-0.0181,-0.1864,0.0011,-0.0018,1.0368,-0.066,1.5957,0.000224,-0.0001,0.0
19.005,FLIGHT,0.9588,1.5934,-0.0134,-0.0272,-0.0174,-0.0329,-0.0181,-0.1864,0.0011,-0.0024,1.036,-0.0657,1.5957,0.000223,-0.0001,0.0
19.01,FLIGHT,0.9587,1.5932,-0.0177,-0.0334,-0.0214,-0.0387,-0.0181,-0.1864,0.0011,-0.0029,1.0352,-0.0654,1.5957,0.000223,-0.0001,0.0
19.015,FLIGHT,0.9585,1.593,-0.0216,-0.0391,-0.025,-0.044,-0.0181,-0.1865,0.0011,-0.0034,1.0343,-0.0651,1.5957,0.000223,-0.0001,0.0
19.02,FLIGHT,0.9584,1.5928,-0.0252,-0.0444,-0.0282,-0.0489,-0.0181,-0.1865,0.0011,-0.0038,1.0335,-0.0648,1.5957,0.000222,-0.0001,0.0
19.025,FLIGHT,0.9583,1.5925,-0.0284,-0.0492,-0.0311,-0.0534,-0.0181,-0.1865,0.0012,-0.0042,1.0326,-0.0645,1.5957,0.000222,-0.0001,0.0
19.03,FLIGHT,0.9581,1.5922,-0.0313,-0.0537,-0.0337,-0.0575,-0.018,-0.1865,0.0012,-0.0046,1.0317,-0.0642,1.5957,0.000221,-0.0001,0.0
19.035,FLIGHT,0.9579,1.592,-0.0338,-0.0577,-0.036,-0.0612,-0.018,-0.1866,0.0013,-0.005,1.0308,-0.0639,1.5957,0.000221,-0.0001,0.0
19.04,FLIGHT,0.9577,1.5916,-0.0361,-0.0614,-0.0379,-0.0645,-0.018,-0.1866,0.0013,-0.0053,1.0299,-0.0636,1.5956,0.000221,-0.0001,0.0
19.045,FLIGHT,0.9575,1.5913,-0.038,-0.0646,-0.0396,-0.0674,-0.018,-0.1866,0.0014,-0.0056,1.0289,-0.0633,1.5956,0.00022,-0.0001,0.0
19.05,FLIGHT,0.9573,1.591,-0.0396,-0.0675,-0.0409,-0.0699,-0.018,-0.1866,0.0015,-0.0058,1.028,-0.063,1.5955,0.00022,-0.0001,0.0
19.055,FLIGHT,0.9571,1.5906,-0.0409,-0.07,-0.042,-0.0721,-0.018,-0.1867,0.0016,-0.006,1.027,-0.0627,1.5954,0.00022,-0.0001,0.0
19.06,FLIGHT,0.9569,1.5902,-0.042,-0.0722,-0.0429,-0.074,-0.018,-0.1867,0.0016,-0.0062,1.026,-0.0625,1.5953,0.000219,-0.0,0.0
19.065,FLIGHT,0.9567,1.5899,-0.0428,-0.074,-0.0434,-0.0755,-0.018,-0.1867,0.0017,-0.0064,1.025,-0.0622,1.5953,0.000219,-0.0,0.0
19.07,FLIGHT,0.9565,1.5895,-0.0434,-0.0755,-0.0438,-0.0767,-0.018,-0.1868,0.0018,-0.0065,1.024,-0.0619,1.5952,0.000219,-0.0,0.0
19.075,FLIGHT,0.9563,1.5891,-0.0437,-0.0767,-0.0439,-0.0776,-0.018,-0.1868,0.0019,-0.0066,1.0229,-0.0617,1.5951,0.000219,-0.0,0.0
19.08,FLIGHT,0.956,1.5887,-0.0438,-0.0776,-0.0438,-0.0782,-0.018,-0.1868,0.002,-0.0067,1.0219,-0.0614,1.595,0.000219,-0.0,0.0
19.085,FLIGHT,0.9558,1.5883,-0.0437,-0.0782,-0.0435,-0.0786,-0.018,-0.1869,0.0021,-0.0067,1.0208,-0.0612,1.5949,0.000218,-0.0,0.0
19.09,FLIGHT,0.9556,1.5879,-0.0434,-0.0785,-0.0431,-0.0786,-0.0179,-0.1869,0.0022,-0.0068,1.0197,-0.061,1.5948,0.000218,-0.0,0.0
19.095,FLIGHT,0.9554,1.5875,-0.0429,-0.0785,-0.0424,-0.0785,-0.0179,-0.1869,0.0023,-0.0068,1.0186,-0.0608,1.5946,0.000218,-0.0,0.0
19.1,FLIGHT,0.9552,1.5871,-0.0423,-0.0783,-0.0416,-0.078,-0.0179,-0.187,0.0024,-0.0068,1.0175,-0.0606,1.5945,0.000218,-0.0,0.0
19.105,FLIGHT,0.955,1.5868,-0.0415,-0.0779,-0.0407,-0.0774,-0.0179,-0.187,0.0025,-0.0068,1.0164,-0.0604,1.5944,0.000218,-0.0,0.0
19.11,FLIGHT,0.9548,1.5864,-0.0405,-0.0772,-0.0396,-0.0766,-0.0179,-0.187,0.0026,-0.0067,1.0153,-0.0602,1.5943,0.000218,-0.0,0.0
19.115,FLIGHT,0.9546,1.586,-0.0394,-0.0764,-0.0384,-0.0755,-0.0179,-0.1871,0.0027,-0.0066,1.0141,-0.06,1.5942,0.000218,-0.0,0.0
19.12,FLIGHT,0.9544,1.5856,-0.0382,-0.0753,-0.0371,-0.0743,-0.0179,-0.1871,0.0028,-0.0066,1.013,-0.0598,1.5941,0.000218,-0.0,0.0
19.125,FLIGHT,0.9542,1.5852,-0.0369,-0.0741,-0.0356,-0.0729,-0.0179,-0.1871,0.0029,-0.0065,1.0118,-0.0597,1.594,0.000218,0.0,0.0
19.13,FLIGHT,0.954,1.5849,-0.0354,-0.0727,-0.0341,-0.0713,-0.0178,-0.1872,0.0029,-0.0064,1.0106,-0.0595,1.5939,0.000218,0.0,0.0
19.135,FLIGHT,0.9539,1.5845,-0.0339,-0.0711,-0.0325,-0.0696,-0.0178,-0.1872,0.003,-0.0062,1.0094,-0.0594,1.5937,0.000218,0.0,0.0
19.14,FLIGHT,0.9537,1.5842,-0.0323,-0.0694,-0.0308,-0.0678,-0.0178,-0.1872,0.0031,-0.0061,1.0082,-0.0592,1.5936,0.000218,0.0,0.0
19.145,FLIGHT,0.9536,1.5839,-0.0306,-0.0675,-0.0291,-0.0658,-0.0178,-0.1873,0.0032,-0.0059,1.007,-0.0591,1.5935,0.000218,0.0,0.0
19.15,FLIGHT,0.9534,1.5835,-0.0289,-0.0656,-0.0273,-0.0638,-0.0178,-0.1873,0.0032,-0.0058,1.0058,-0.059,1.5934,0.000218,0.0,0.0
19.155,FLIGHT,0.9533,1.5832,-0.0271,-0.0635,-0.0255,-0.0616,-0.0178,-0.1873,0.0033,-0.0056,1.0045,-0.0589,1.5933,0.000218,0.0,0.0
19.16,FLIGHT,0.9532,1.5829,-0.0252,-0.0613,-0.0236,-0.0593,-0.0177,-0.1873,0.0034,-0.0054,1.0033,-0.0588,1.5932,0.000218,0.0,0.0
19.165,FLIGHT,0.9531,1.5826,-0.0234,-0.0591,-0.0217,-0.057,-0.0177,-0.1874,0.0034,-0.0053,1.002,-0.0587,1.5931,0.000219,0.0,0.0
19.17,FLIGHT,0.953,1.5823,-0.0215,-0.0568,-0.0198,-0.0546,-0.0177,-0.1874,0.0035,-0.0051,1.0007,-0.0587,1.593,0.000219,0.0,0.0
19.175,STANCE,0.9532,1.5824,0.0528,0.006,0.3754,0.1071,-0.0177,-0.1874,0.0091,-0.0004,0.9996,0.2384,-0.2693,-0.000206,-0.3792,0.076
19.18,STANCE,0.9573,1.5806,0.595,-0.3135,1.0089,-1.1625,-0.0167,-0.1876,0.1531,-0.0398,0.9983,-0.0591,-0.7893,-0.002957,-0.5296,0.1089
19.185,STANCE,0.9606,1.5748,0.5656,-0.7957,0.0162,-0.1509,-0.0153,-0.1882,0.2125,-0.0834,0.9974,-0.268,-1.2179,-0.004753,-0.1675,0.0383
19.19,STANCE,0.9597,1.5762,0.0625,-0.0456,-0.1437,0.3378,-0.0156,-0.1881,0.0178,-0.0053,0.9976,-0.297,-2.1053,-0.005127,-0.0136,0.0078
19.195,STANCE,0.9603,1.5761,0.1367,-0.0823,0.4334,-0.4807,-0.0155,-0.1881,0.0367,-0.0099,0.9981,-0.5654,-2.5227,-0.005056,0.0347,0.0051
19.2,STANCE,0.9633,1.5687,0.4501,-1.1701,0.7397,-2.352,-0.014,-0.1888,0.2418,-0.1148,0.9981,-0.9518,-2.2569,-0.004612,0.1362,0.0046
19.205,STANCE,0.9681,1.5562,0.804,-2.1318,1.1115,-2.7715,-0.0114,-0.19,0.4419,-0.2019,0.998,-1.3361,-1.7721,-0.003903,0.1571,0.0039
19.21,STANCE,0.975,1.5413,1.2462,-2.7177,1.7781,-3.1184,-0.008,-0.1914,0.6124,-0.2476,0.9982,-1.6862,-1.2097,-0.003391,0.0179,0.0034
19.215,STANCE,0.9842,1.524,1.6231,-3.2727,1.6337,-3.961,-0.0038,-0.193,0.7708,-0.2805,0.9984,-1.9023,-0.4864,-0.003299,0.0702,0.0033
19.22,STANCE,0.993,1.5053,1.7091,-3.576,1.5189,-3.8725,0.0005,-0.1945,0.8405,-0.285,0.9986,-1.8386,0.2113,-0.003155,0.0675,0.0032
19.225,STANCE,1.0,1.487,1.476,-3.6277,1.1644,-3.575,0.0045,-0.1959,0.8118,-0.2701,0.9989,-1.4765,0.7895,-0.002818,0.0923,0.0028
19.23,STANCE,1.005,1.4703,1.1303,-3.4176,0.868,-3.0839,0.0079,-0.1972,0.7207,-0.2411,0.9993,-0.9579,1.1764,-0.002323,0.1001,0.0023
19.235,STANCE,1.0081,1.4552,0.7796,-3.1267,0.5196,-2.836,0.0107,-0.1982,0.6141,-0.212,0.9998,-0.4411,1.3995,-0.001675,0.1352,0.0017
19.24,STANCE,1.0101,1.4413,0.5062,-2.8777,0.3546,-2.6327,0.0132,-0.1991,0.527,-0.1894,1.0003,-0.1174,1.4707,-0.000919,0.1478,0.0009
19.245,FLIGHT,1.0109,1.4295,0.2299,-2.4755,-0.2532,-1.824,0.0151,-0.1999,0.4147,-0.1606,1.0011,-1.3207,2.591,-0.000114,0.1868,0.0001
19.25,FLIGHT,1.0073,1.4234,-0.4535,-1.5666,-1.1351,-0.6628,0.0153,-0.2004,0.1427,-0.1101,1.0021,-1.1196,2.4193,0.000721,0.1304,0.0
19.255,FLIGHT,0.9998,1.4225,-1.1979,-0.575,-1.824,0.266,0.0139,-0.2006,-0.1547,-0.0551,1.0034,-0.8336,2.1839,0.001216,0.0713,0.0
19.26,FLIGHT,0.9895,1.4256,-1.8135,0.2659,-2.2815,0.9212,0.0114,-0.2005,-0.4028,-0.0023,1.0048,-0.5461,1.9503,0.001466,0.0315,0.0
19.265,FLIGHT,0.9774,1.4313,-2.2344,0.8788,-2.5205,1.3217,0.0081,-0.2002,-0.5761,0.0447,1.0064,-0.296,1.7489,0.001554,0.0055,0.0
19.27,FLIGHT,0.9646,1.4384,-2.4585,1.2623,-2.5779,1.5114,0.0045,-0.1998,-0.6742,0.0828,1.008,-0.0972,1.5904,0.001537,-0.0109,0.0022
19.275,FLIGHT,0.9519,1.4461,-2.5131,1.4491,-2.4971,1.5412,0.0009,-0.1992,-0.7086,0.1099,1.0097,0.0496,1.4751,0.001455,-0.0206,0.0041
19.28,FLIGHT,0.9398,1.4537,-2.4361,1.4835,-2.3196,1.4594,-0.0026,-0.1986,-0.6944,0.1252,1.0113,0.1501,1.3983,0.001338,-0.0257,0.0051
19.285,FLIGHT,0.9288,1.4606,-2.2654,1.4098,-2.0811,1.3076,-0.0058,-0.198,-0.6466,0.1296,1.013,0.2121,1.3533,0.001203,-0.0277,0.0055
19.29,FLIGHT,0.919,1.4667,-2.0349,1.2673,-1.8101,1.1188,-0.0086,-0.1974,-0.5781,0.125,1.0145,0.244,1.333,0.001064,-0.0276,0.0055
19.295,FLIGHT,0.9107,1.4718,-1.7719,1.0877,-1.5286,0.9181,-0.0109,-0.1969,-0.499,0.1137,1.016,0.2536,1.3308,0.000929,-0.0263,0.0053
19.3,FLIGHT,0.9037,1.4759,-1.4977,0.8955,-1.252,0.7233,-0.0128,-0.1964,-0.4169,0.0983,1.0174,0.2472,1.3412,0.000803,-0.0241,0.0048
19.305,FLIGHT,0.8981,1.479,-1.2276,0.708,-0.991,0.5461,-0.0144,-0.1961,-0.3372,0.081,1.0187,0.2301,1.3595,0.000689,-0.0215,0.0043
19.31,FLIGHT,0.8938,1.4814,-0.9722,0.537,-0.7521,0.3935,-0.0155,-0.1958,-0.2632,0.0636,1.02,0.2066,1.3823,0.000588,-0.0188,0.0038
19.315,FLIGHT,0.8906,1.483,-0.7379,0.3894,-0.5389,0.2688,-0.0164,-0.1956,-0.197,0.0475,1.0213,0.1799,1.4068,0.000501,-0.016,0.0032
19.32,FLIGHT,0.8884,1.4841,-0.5284,0.2684,-0.3523,0.1724,-0.017,-0.1955,-0.1395,0.0335,1.0224,0.1522,1.4312,0.000427,-0.0134,0.0027
19.325,FLIGHT,0.887,1.4848,-0.3449,0.1749,-0.1921,0.1032,-0.0173,-0.1954,-0.0909,0.022,1.0236,0.1252,1.4543,0.000367,-0.0109,0.0022
19.33,FLIGHT,0.8864,1.4852,-0.1869,0.1076,-0.0565,0.0586,-0.0175,-0.1953,-0.051,0.0132,1.0247,0.0999,1.4751,0.000318,-0.0088,0.0018
19.335,FLIGHT,0.8864,1.4854,-0.053,0.0644,0.0566,0.0356,-0.0175,-0.1953,-0.019,0.0068,1.0258,0.0771,1.4933,0.000279,-0.0069,0.0014
19.34,FLIGHT,0.8869,1.4856,0.0588,0.0421,0.1499,0.0306,-0.0174,-0.1953,0.0058,0.0028,1.0268,0.057,1.5088,0.000248,-0.0052,0.001
19.345,FLIGHT,0.8879,1.4857,0.1512,0.0376,0.2259,0.0404,-0.0173,-0.1953,0.0245,0.0008,1.0279,0.0397,1.5217,0.000226,-0.0039,0.0008
19.35,FLIGHT,0.8892,1.486,0.2266,0.0474,0.2874,0.0617,-0.0171,-0.1953,0.0379,0.0005,1.0289,0.0252,1.5321,0.000209,-0.0027,0.0005
19.355,FLIGHT,0.8907,1.4864,0.2877,0.0684,0.3367,0.0914,-0.0168,-0.1953,0.047,0.0014,1.0299,0.0132,1.5403,0.000198,-0.0018,0.0004
19.36,FLIGHT,0.8925,1.4869,0.3369,0.0978,0.3761,0.127,-0.0165,-0.1953,0.0526,0.0034,1.0309,0.0035,1.5465,0.000191,-0.0011,0.0002
19.365,FLIGHT,0.8945,1.4876,0.3762,0.1329,0.4075,0.1662,-0.0163,-0.1953,0.0555,0.006,1.0319,-0.0043,1.5512,0.000187,-0.0005,0.0001
19.37,FLIGHT,0.8966,1.4886,0.4075,0.1715,0.4325,0.2072,-0.016,-0.1952,0.0563,0.0091,1.0328,-0.0104,1.5545,0.000185,-0.0001,0.0
19.375,FLIGHT,0.8988,1.4897,0.4325,0.212,0.4525,0.2485,-0.0157,-0.1951,0.0557,0.0125,1.0338,-0.0152,1.5569,0.000185,0.0002,0.0
19.38,FLIGHT,0.9011,1.4911,0.4526,0.2527,0.4686,0.289,-0.0154,-0.1951,0.054,0.0159,1.0348,-0.0188,1.5584,0.000187,0.0004,0.0
19.385,FLIGHT,0.9035,1.4926,0.4687,0.2926,0.4816,0.3277,-0.0152,-0.1949,0.0517,0.0194,1.0357,-0.0217,1.5593,0.000189,0.0006,0.0
19.39,FLIGHT,0.9059,1.4943,0.4817,0.3308,0.4922,0.3641,-0.0149,-0.1948,0.049,0.0227,1.0366,-0.0239,1.5599,0.000192,0.0007,0.0
19.395,FLIGHT,0.9084,1.4962,0.4923,0.3667,0.5009,0.3976,-0.0147,-0.1947,0.0461,0.0259,1.0376,-0.0257,1.5602,0.000196,0.0007,0.0
19.4,FLIGHT,0.9109,1.4983,0.501,0.3998,0.5081,0.4282,-0.0145,-0.1945,0.0432,0.0289,1.0385,-0.0271,1.5603,0.000199,0.0007,0.0
19.405,FLIGHT,0.9135,1.5005,0.5082,0.4299,0.514,0.4555,-0.0143,-0.1944,0.0404,0.0316,1.0394,-0.0284,1.5604,0.000203,0.0007,0.0
19.41,FLIGHT,0.916,1.5028,0.5141,0.4569,0.5188,0.4797,-0.0141,-0.1942,0.0378,0.034,1.0403,-0.0295,1.5605,0.000206,0.0007,0.0
19.415,FLIGHT,0.9187,1.5053,0.5188,0.4808,0.5226,0.5007,-0.0139,-0.194,0.0354,0.0362,1.0412,-0.0306,1.5607,0.00021,0.0007,0.0
19.42,FLIGHT,0.9213,1.5078,0.5225,0.5015,0.5254,0.5187,-0.0138,-0.1938,0.0332,0.0381,1.042,-0.0317,1.561,0.000213,0.0006,0.0
19.425,FLIGHT,0.9239,1.5105,0.5252,0.5192,0.5272,0.5338,-0.0136,-0.1936,0.0312,0.0397,1.0429,-0.0328,1.5613,0.000216,0.0006,0.0
19.43,FLIGHT,0.9265,1.5132,0.527,0.534,0.5281,0.5461,-0.0135,-0.1934,0.0294,0.0411,1.0437,-0.0339,1.5618,0.000219,0.0005,0.0
19.435,FLIGHT,0.9292,1.5159,0.5278,0.5462,0.5281,0.5558,-0.0133,-0.1932,0.0278,0.0422,1.0445,-0.0351,1.5624,0.000221,0.0005,0.0
19.44,FLIGHT,0.9318,1.5187,0.5277,0.5557,0.5271,0.5632,-0.0132,-0.193,0.0264,0.0432,1.0453,-0.0363,1.5631,0.000223,0.0004,0.0
19.445,FLIGHT,0.9345,1.5216,0.5266,0.5629,0.5252,0.5683,-0.0131,-0.1928,0.0251,0.0439,1.0461,-0.0376,1.5639,0.000226,0.0004,0.0
19.45,FLIGHT,0.9371,1.5244,0.5245,0.5678,0.5223,0.5713,-0.013,-0.1925,0.0239,0.0445,1.0469,-0.0389,1.5648,0.000227,0.0003,0.0
19.455,FLIGHT,0.9397,1.5273,0.5215,0.5707,0.5184,0.5724,-0.0129,-0.1923,0.0229,0.0449,1.0476,-0.0403,1.5657,0.000229,0.0003,0.0
19.46,FLIGHT,0.9423,1.5301,0.5175,0.5717,0.5136,0.5718,-0.0128,-0.1921,0.0219,0.0451,1.0483,-0.0416,1.5667,0.00023,0.0003,0.0
19.465,FLIGHT,0.9448,1.533,0.5126,0.571,0.5078,0.5695,-0.0127,-0.1919,0.0209,0.0452,1.049,-0.043,1.5678,0.000232,0.0002,0.0
19.47,FLIGHT,0.9473,1.5358,0.5068,0.5686,0.5012,0.5658,-0.0126,-0.1916,0.02,0.0451,1.0497,-0.0443,1.5689,0.000233,0.0002,0.0
19.475,FLIGHT,0.9498,1.5386,0.5001,0.5647,0.4936,0.5606,-0.0125,-0.1914,0.0192,0.0449,1.0504,-0.0457,1.57,0.000234,0.0002,0.0
19.48,FLIGHT,0.9523,1.5414,0.4925,0.5595,0.4853,0.5542,-0.0124,-0.1912,0.0183,0.0446,1.051,-0.047,1.5712,0.000235,0.0001,0.0
19.485,FLIGHT,0.9547,1.5442,0.484,0.553,0.4761,0.5466,-0.0123,-0.191,0.0175,0.0442,1.0516,-0.0483,1.5724,0.000235,0.0001,0.0
19.49,FLIGHT,0.957,1.5469,0.4748,0.5453,0.4662,0.5379,-0.0122,-0.1908,0.0167,0.0437,1.0521,-0.0496,1.5735,0.000236,0.0001,0.0
19.495,FLIGHT,0.9593,1.5496,0.4648,0.5366,0.4556,0.5283,-0.0121,-0.1905,0.0159,0.043,1.0527,-0.0508,1.5747,0.000236,0.0001,0.0
19.5,FLIGHT,0.9616,1.5522,0.4542,0.5268,0.4444,0.5177,-0.012,-0.1903,0.0151,0.0424,1.0532,-0.0519,1.5759,0.000237,0.0001,0.0
19.505,FLIGHT,0.9638,1.5547,0.4429,0.5162,0.4326,0.5063,-0.012,-0.1901,0.0143,0.0416,1.0537,-0.053,1.577,0.000237,0.0,0.0
19.51,FLIGHT,0.9659,1.5572,0.4311,0.5047,0.4202,0.4941,-0.0119,-0.1899,0.0136,0.0407,1.0542,-0.0541,1.5781,0.000237,0.0,0.0
19.515,FLIGHT,0.968,1.5597,0.4187,0.4925,0.4074,0.4813,-0.0118,-0.1897,0.0128,0.0398,1.0546,-0.0551,1.5792,0.000237,-0.0,0.0
19.52,FLIGHT,0.97,1.5621,0.4059,0.4796,0.3942,0.4678,-0.0118,-0.1895,0.0121,0.0389,1.055,-0.0561,1.5803,0.000237,-0.0,0.0
19.525,FLIGHT,0.9719,1.5644,0.3927,0.4662,0.3806,0.4538,-0.0117,-0.1894,0.0113,0.0378,1.0554,-0.057,1.5814,0.000237,-0.0,0.0
19.53,FLIGHT,0.9738,1.5666,0.3791,0.4521,0.3668,0.4393,-0.0117,-0.1892,0.0106,0.0367,1.0557,-0.0578,1.5824,0.000236,-0.0001,0.0
19.535,FLIGHT,0.9756,1.5688,0.3652,0.4376,0.3527,0.4244,-0.0116,-0.189,0.0099,0.0356,1.056,-0.0586,1.5834,0.000236,-0.0001,0.0
19.54,FLIGHT,0.9773,1.5708,0.3511,0.4227,0.3383,0.4091,-0.0116,-0.1888,0.0092,0.0345,1.0563,-0.0593,1.5844,0.000236,-0.0001,0.0
19.545,FLIGHT,0.979,1.5728,0.3368,0.4074,0.3239,0.3936,-0.0115,-0.1887,0.0085,0.0333,1.0566,-0.06,1.5853,0.000235,-0.0001,0.0
19.55,FLIGHT,0.9806,1.5748,0.3223,0.3918,0.3093,0.3777,-0.0115,-0.1885,0.0078,0.0321,1.0568,-0.0606,1.5863,0.000235,-0.0001,0.0
19.555,FLIGHT,0.9821,1.5766,0.3078,0.376,0.2947,0.3617,-0.0115,-0.1884,0.0072,0.0308,1.057,-0.0612,1.5871,0.000234,-0.0001,0.0
19.56,FLIGHT,0.9835,1.5784,0.2932,0.36,0.2801,0.3455,-0.0114,-0.1882,0.0066,0.0295,1.0572,-0.0617,1.588,0.000234,-0.0001,0.0
19.565,FLIGHT,0.9849,1.5801,0.2786,0.3438,0.2655,0.3293,-0.0114,-0.1881,0.006,0.0282,1.0573,-0.0622,1.5888,0.000233,-0.0001,0.0
19.57,FLIGHT,0.9862,1.5817,0.264,0.3275,0.251,0.3129,-0.0114,-0.1879,0.0054,0.0269,1.0574,-0.0626,1.5896,0.000232,-0.0001,0.0
19.575,FLIGHT,0.9874,1.5832,0.2495,0.3112,0.2366,0.2966,-0.0114,-0.1878,0.0049,0.0256,1.0574,-0.0629,1.5904,0.000231,-0.0002,0.0
19.58,FLIGHT,0.9885,1.5846,0.2352,0.2949,0.2224,0.2803,-0.0113,-0.1877,0.0044,0.0243,1.0575,-0.0632,1.5911,0.000231,-0.0002,0.0
19.585,FLIGHT,0.9896,1.586,0.221,0.2787,0.2083,0.2642,-0.0113,-0.1876,0.0039,0.023,1.0575,-0.0635,1.5918,0.00023,-0.0002,0.0
19.59,FLIGHT,0.9906,1.5873,0.2069,0.2625,0.1944,0.2481,-0.0113,-0.1875,0.0034,0.0217,1.0574,-0.0637,1.5924,0.000229,-0.0002,0.0
19.595,FLIGHT,0.9915,1.5885,0.1931,0.2465,0.1808,0.2322,-0.0113,-0.1874,0.003,0.0204,1.0574,-0.0639,1.5931,0.000228,-0.0002,0.0
19.6,FLIGHT,0.9924,1.5896,0.1795,0.2306,0.1675,0.2165,-0.0113,-0.1873,0.0025,0.0191,1.0573,-0.0641,1.5937,0.000227,-0.0002,0.0
19.605,FLIGHT,0.9932,1.5907,0.1662,0.2149,0.1544,0.201,-0.0113,-0.1872,0.0021,0.0178,1.0572,-0.0642,1.5942,0.000226,-0.0002,0.0
19.61,FLIGHT,0.994,1.5916,0.1532,0.1995,0.1416,0.1857,-0.0113,-0.1871,0.0018,0.0166,1.057,-0.0642,1.5947,0.000226,-0.0002,0.0
19.615,FLIGHT,0.9946,1.5925,0.1404,0.1843,0.1292,0.1708,-0.0113,-0.187,0.0014,0.0153,1.0568,-0.0643,1.5952,0.000225,-0.0002,0.0
19.62,FLIGHT,0.9952,1.5933,0.1281,0.1694,0.1171,0.1562,-0.0113,-0.187,0.0011,0.0141,1.0566,-0.0643,1.5957,0.000224,-0.0002,0.0
19.625,FLIGHT,0.9958,1.5941,0.116,0.1548,0.1054,0.1419,-0.0112,-0.1869,0.0008,0.0129,1.0564,-0.0642,1.5962,0.000223,-0.0002,0.0
19.63,FLIGHT,0.9963,1.5947,0.1044,0.1406,0.0941,0.128,-0.0112,-0.1869,0.0006,0.0117,1.0561,-0.0642,1.5966,0.000222,-0.0002,0.0
19.635,FLIGHT,0.9967,1.5954,0.0931,0.1267,0.0831,0.1144,-0.0112,-0.1868,0.0003,0.0106,1.0558,-0.0641,1.5969,0.000221,-0.0002,0.0
19.64,FLIGHT,0.9971,1.5959,0.0822,0.1132,0.0726,0.1013,-0.0112,-0.1868,0.0001,0.0095,1.0554,-0.0639,1.5973,0.00022,-0.0002,0.0
19.645,FLIGHT,0.9975,1.5964,0.0717,0.1001,0.0625,0.0885,-0.0112,-0.1867,-0.0001,0.0084,1.0551,-0.0638,1.5976,0.000219,-0.0002,0.0
19.65,FLIGHT,0.9978,1.5968,0.0616,0.0874,0.0528,0.0762,-0.0112,-0.1867,-0.0003,0.0073,1.0547,-0.0636,1.5979,0.000219,-0.0002,0.0
19.655,FLIGHT,0.998,1.5971,0.052,0.0751,0.0435,0.0643,-0.0113,-0.1867,-0.0004,0.0063,1.0543,-0.0635,1.5982,0.000218,-0.0002,0.0
19.66,FLIGHT,0.9982,1.5974,0.0427,0.0633,0.0346,0.0529,-0.0113,-0.1866,-0.0006,0.0053,1.0538,-0.0632,1.5984,0.000217,-0.0002,0.0
19.665,FLIGHT,0.9983,1.5977,0.0339,0.0519,0.0262,0.042,-0.0113,-0.1866,-0.0007,0.0044,1.0534,-0.063,1.5986,0.000216,-0.0002,0.0
19.67,FLIGHT,0.9985,1.5978,0.0255,0.041,0.0182,0.0315,-0.0113,-0.1866,-0.0008,0.0035,1.0529,-0.0628,1.5988,0.000215,-0.0002,0.0
19.675,FLIGHT,0.9985,1.598,0.0176,0.0306,0.0107,0.0215,-0.0113,-0.1866,-0.0008,0.0026,1.0523,-0.0625,1.599,0.000215,-0.0001,0.0
19.68,FLIGHT,0.9986,1.5981,0.0101,0.0206,0.0036,0.0119,-0.0113,-0.1866,-0.0009,0.0018,1.0518,-0.0623,1.5991,0.000214,-0.0001,0.0
19.685,FLIGHT,0.9986,1.5981,0.003,0.0111,-0.0031,0.0028,-0.0113,-0.1866,-0.0009,0.001,1.0512,-0.062,1.5993,0.000213,-0.0001,0.0
19.69,FLIGHT,0.9985,1.5981,-0.0036,0.0021,-0.0094,-0.0058,-0.0113,-0.1866,-0.001,0.0002,1.0506,-0.0617,1.5994,0.000213,-0.0001,0.0
19.695,FLIGHT,0.9985,1.598,-0.0098,-0.0064,-0.0152,-0.0139,-0.0113,-0.1866,-0.001,-0.0005,1.05,-0.0614,1.5995,0.000212,-0.0001,0.0
19.7,FLIGHT,0.9984,1.5979,-0.0156,-0.0145,-0.0207,-0.0215,-0.0113,-0.1866,-0.001,-0.0012,1.0493,-0.0611,1.5995,0.000211,-0.0001,0.0
19.705,FLIGHT,0.9983,1.5978,-0.021,-0.0221,-0.0257,-0.0287,-0.0113,-0.1866,-0.001,-0.0018,1.0487,-0.0608,1.5996,0.000211,-0.0001,0.0
19.71,FLIGHT,0.9981,1.5977,-0.026,-0.0292,-0.0303,-0.0354,-0.0113,-0.1866,-0.0009,-0.0024,1.048,-0.0605,1.5996,0.00021,-0.0001,0.0
19.715,FLIGHT,0.998,1.5975,-0.0306,-0.0359,-0.0345,-0.0416,-0.0113,-0.1866,-0.0009,-0.003,1.0473,-0.0602,1.5996,0.00021,-0.0001,0.0
19.72,FLIGHT,0.9978,1.5972,-0.0348,-0.0421,-0.0384,-0.0474,-0.0113,-0.1866,-0.0008,-0.0035,1.0465,-0.0598,1.5996,0.000209,-0.0001,0.0
19.725,FLIGHT,0.9976,1.597,-0.0386,-0.0478,-0.0418,-0.0527,-0.0113,-0.1867,-0.0008,-0.004,1.0458,-0.0595,1.5996,0.000209,-0.0001,0.0
19.73,FLIGHT,0.9974,1.5967,-0.042,-0.0531,-0.0449,-0.0576,-0.0113,-0.1867,-0.0007,-0.0044,1.045,-0.0592,1.5996,0.000208,-0.0001,0.0
19.735,FLIGHT,0.9971,1.5964,-0.0451,-0.0579,-0.0477,-0.0621,-0.0113,-0.1867,-0.0006,-0.0048,1.0442,-0.0589,1.5995,0.000208,-0.0001,0.0
19.74,FLIGHT,0.9969,1.5961,-0.0478,-0.0624,-0.0501,-0.0661,-0.0113,-0.1867,-0.0005,-0.0052,1.0434,-0.0586,1.5995,0.000207,-0.0001,0.0
19.745,FLIGHT,0.9966,1.5958,-0.0502,-0.0664,-0.0522,-0.0698,-0.0113,-0.1868,-0.0004,-0.0055,1.0426,-0.0583,1.5994,0.000207,-0.0001,0.0
19.75,FLIGHT,0.9964,1.5954,-0.0522,-0.07,-0.0539,-0.073,-0.0113,-0.1868,-0.0003,-0.0058,1.0417,-0.058,1.5993,0.000207,-0.0001,0.0
19.755,FLIGHT,0.9961,1.595,-0.054,-0.0731,-0.0554,-0.0758,-0.0113,-0.1868,-0.0002,-0.0061,1.0409,-0.0577,1.5993,0.000206,-0.0001,0.0
19.76,FLIGHT,0.9958,1.5946,-0.0554,-0.0759,-0.0566,-0.0783,-0.0113,-0.1869,-0.0001,-0.0064,1.04,-0.0574,1.5992,0.000206,-0.0001,0.0
19.765,FLIGHT,0.9955,1.5942,-0.0565,-0.0784,-0.0574,-0.0804,-0.0113,-0.1869,-0.0,-0.0066,1.0391,-0.0571,1.5991,0.000206,-0.0001,0.0
19.77,FLIGHT,0.9952,1.5938,-0.0574,-0.0804,-0.0581,-0.0821,-0.0113,-0.1869,0.0001,-0.0067,1.0382,-0.0568,1.599,0.000205,-0.0,0.0
19.775,FLIGHT,0.995,1.5934,-0.058,-0.0821,-0.0584,-0.0835,-0.0113,-0.187,0.0002,-0.0069,1.0372,-0.0565,1.5988,0.000205,-0.0,0.0
19.78,FLIGHT,0.9947,1.593,-0.0584,-0.0835,-0.0586,-0.0846,-0.0113,-0.187,0.0003,-0.007,1.0363,-0.0562,1.5987,0.000205,-0.0,0.0
19.785,FLIGHT,0.9944,1.5926,-0.0585,-0.0846,-0.0585,-0.0854,-0.0113,-0.187,0.0005,-0.0071,1.0353,-0.056,1.5986,0.000205,-0.0,0.0
19.79,FLIGHT,0.9941,1.5922,-0.0583,-0.0853,-0.0581,-0.0859,-0.0113,-0.1871,0.0006,-0.0072,1.0343,-0.0557,1.5985,0.000205,-0.0,0.0
19.795,FLIGHT,0.9938,1.5917,-0.058,-0.0858,-0.0576,-0.086,-0.0113,-0.1871,0.0007,-0.0072,1.0333,-0.0555,1.5984,0.000205,-0.0,0.0
19.8,FLIGHT,0.9935,1.5913,-0.0575,-0.0859,-0.0569,-0.086,-0.0113,-0.1871,0.0008,-0.0072,1.0323,-0.0553,1.5982,0.000204,-0.0,0.0
19.805,FLIGHT,0.9932,1.5909,-0.0568,-0.0858,-0.0561,-0.0856,-0.0113,-0.1872,0.0009,-0.0072,1.0313,-0.055,1.5981,0.000204,-0.0,0.0
19.81,FLIGHT,0.9929,1.5904,-0.0559,-0.0855,-0.055,-0.0851,-0.0113,-0.1872,0.0011,-0.0072,1.0302,-0.0548,1.598,0.000204,-0.0,0.0
19.815,FLIGHT,0.9927,1.59,-0.0548,-0.0849,-0.0538,-0.0843,-0.0113,-0.1872,0.0012,-0.0072,1.0292,-0.0546,1.5978,0.000204,-0.0,0.0
19.82,FLIGHT,0.9924,1.5896,-0.0536,-0.0841,-0.0525,-0.0833,-0.0113,-0.1873,0.0013,-0.0071,1.0281,-0.0544,1.5977,0.000204,-0.0,0.0
19.825,FLIGHT,0.9921,1.5892,-0.0523,-0.0831,-0.0511,-0.082,-0.0113,-0.1873,0.0014,-0.007,1.027,-0.0542,1.5975,0.000204,0.0,0.0
19.83,FLIGHT,0.9919,1.5888,-0.0508,-0.0818,-0.0495,-0.0807,-0.0113,-0.1874,0.0015,-0.0069,1.0259,-0.0541,1.5974,0.000204,0.0,0.0
19.835,FLIGHT,0.9916,1.5884,-0.0493,-0.0804,-0.0478,-0.0791,-0.0113,-0.1874,0.0016,-0.0068,1.0248,-0.0539,1.5973,0.000204,0.0,0.0
19.84,FLIGHT,0.9914,1.588,-0.0476,-0.0789,-0.0461,-0.0774,-0.0113,-0.1874,0.0017,-0.0067,1.0237,-0.0538,1.5971,0.000204,0.0,0.0
19.845,FLIGHT,0.9912,1.5876,-0.0459,-0.0771,-0.0442,-0.0755,-0.0112,-0.1875,0.0018,-0.0065,1.0226,-0.0536,1.597,0.000204,0.0,0.0
19.85,FLIGHT,0.991,1.5872,-0.044,-0.0752,-0.0423,-0.0735,-0.0112,-0.1875,0.0019,-0.0064,1.0214,-0.0535,1.5969,0.000204,0.0,0.0
19.855,FLIGHT,0.9908,1.5869,-0.0421,-0.0732,-0.0404,-0.0714,-0.0112,-0.1875,0.002,-0.0062,1.0203,-0.0534,1.5967,0.000205,0.0,0.0
19.86,FLIGHT,0.9906,1.5865,-0.0401,-0.0711,-0.0384,-0.0692,-0.0112,-0.1875,0.0021,-0.0061,1.0191,-0.0533,1.5966,0.000205,0.0,0.0
19.865,FLIGHT,0.9904,1.5862,-0.0381,-0.0689,-0.0363,-0.0668,-0.0112,-0.1876,0.0021,-0.0059,1.0179,-0.0532,1.5965,0.000205,0.0,0.0
19.87,FLIGHT,0.9902,1.5858,-0.0361,-0.0666,-0.0342,-0.0644,-0.0112,-0.1876,0.0022,-0.0057,1.0167,-0.0531,1.5964,0.000205,0.0,0.0
19.875,FLIGHT,0.99,1.5855,-0.034,-0.0641,-0.0321,-0.062,-0.0112,-0.1876,0.0023,-0.0055,1.0155,-0.053,1.5963,0.000205,0.0,0.0
19.88,FLIGHT,0.9899,1.5852,-0.0319,-0.0617,-0.03,-0.0594,-0.0112,-0.1877,0.0023,-0.0053,1.0143,-0.0529,1.5962,0.000205,0.0,0.0
19.885,FLIGHT,0.9897,1.5849,-0.0298,-0.0591,-0.0279,-0.0568,-0.0112,-0.1877,0.0024,-0.0051,1.0131,-0.0529,1.596,0.000205,0.0,0.0
19.89,FLIGHT,0.9896,1.5847,-0.0276,-0.0565,-0.0257,-0.0542,-0.0111,-0.1877,0.0024,-0.0049,1.0118,-0.0528,1.5959,0.000206,0.0,0.0
19.895,FLIGHT,0.9895,1.5844,-0.0255,-0.0539,-0.0236,-0.0515,-0.0111,-0.1877,0.0025,-0.0046,1.0106,-0.0528,1.5958,0.000206,0.0,0.0
19.9,FLIGHT,0.9894,1.5841,-0.0234,-0.0513,-0.0215,-0.0489,-0.0111,-0.1877,0.0025,-0.0044,1.0093,-0.0528,1.5958,0.000206,0.0,0.0
19.905,FLIGHT,0.9893,1.5839,-0.0213,-0.0486,-0.0194,-0.0462,-0.0111,-0.1878,0.0026,-0.0042,1.008,-0.0527,1.5957,0.000206,0.0,0.0
19.91,FLIGHT,0.9892,1.5837,-0.0192,-0.0459,-0.0174,-0.0435,-0.0111,-0.1878,0.0026,-0.004,1.0068,-0.0527,1.5956,0.000206,0.0,0.0
19.915,FLIGHT,0.9891,1.5835,-0.0172,-0.0432,-0.0154,-0.0408,-0.0111,-0.1878,0.0026,-0.0038,1.0055,-0.0527,1.5955,0.000206,0.0,0.0
19.92,FLIGHT,0.989,1.5833,-0.0152,-0.0405,-0.0134,-0.0381,-0.0111,-0.1878,0.0026,-0.0035,1.0042,-0.0527,1.5954,0.000207,0.0,0.0
19.925,FLIGHT,0.989,1.5831,-0.0132,-0.0378,-0.0114,-0.0354,-0.0111,-0.1878,0.0026,-0.0033,1.0028,-0.0527,1.5954,0.000207,0.0,0.0
19.93,FLIGHT,0.9889,1.5829,-0.0112,-0.0351,-0.0095,-0.0328,-0.011,-0.1879,0.0026,-0.0031,1.0015,-0.0527,1.5953,0.000207,0.0,0.0
19.935,FLIGHT,0.9889,1.5828,-0.0094,-0.0325,-0.0077,-0.0302,-0.011,-0.1879,0.0026,-0.0029,1.0002,-0.0527,1.5952,0.000207,0.0,0.0
19.94,STANCE,0.9895,1.5833,0.1096,0.093,0.4849,0.2817,-0.011,-0.1878,0.008,0.0073,0.9991,0.1074,-0.2935,-0.000482,-0.4214,0.0848
19.945,STANCE,0.9935,1.5824,0.5935,-0.1664,0.6342,-0.5151,-0.0101,-0.188,0.1341,-0.0211,0.9981,-0.2222,-0.7975,-0.002899,-0.3579,0.0745
19.95,STANCE,0.9944,1.5822,0.2766,-0.0288,-0.0338,0.2519,-0.0099,-0.188,0.0559,-0.0053,0.9979,-0.3464,-1.463,-0.003844,-0.0845,0.0208
19.955,STANCE,0.9947,1.583,0.142,0.069,0.2188,-0.0819,-0.01,-0.1879,0.0173,0.0048,0.9982,-0.5824,-2.0433,-0.00403,-0.0019,0.0044
19.96,STANCE,0.9969,1.5808,0.3846,-0.3223,0.676,-0.922,-0.0092,-0.1881,0.1162,-0.0325,0.9984,-0.9864,-2.2602,-0.00393,0.0463,0.0039
19.965,STANCE,1.0004,1.5719,0.6201,-1.3146,0.9582,-1.7105,-0.0074,-0.1889,0.2974,-0.1205,0.9984,-1.3857,-1.9915,-0.003404,0.0947,0.0034
19.97,STANCE,1.0049,1.5602,0.8153,-2.0356,0.9359,-2.5888,-0.0049,-0.19,0.4369,-0.1789,0.9984,-1.7084,-1.6019,-0.002666,0.1687,0.0027
19.975,STANCE,1.0112,1.5469,1.1574,-2.4627,1.5395,-2.7733,-0.0019,-0.1911,0.5664,-0.2071,0.9986,-1.9906,-1.1284,-0.002268,0.0134,0.0023
19.98,STANCE,1.0185,1.5314,1.3415,-2.9473,1.4302,-3.2622,0.0017,-0.1924,0.6768,-0.2334,0.9987,-2.0734,-0.4791,-0.002096,0.036,0.0021
19.985,STANCE,1.0252,1.5151,1.3179,-3.1675,1.2073,-3.2309,0.0054,-0.1937,0.7109,-0.2359,0.999,-1.8983,0.1285,-0.001889,0.0527,0.0019
19.99,STANCE,1.0302,1.4991,1.0739,-3.1782,0.8463,-3.0415,0.0086,-0.1948,0.6714,-0.2249,0.9993,-1.4701,0.6387,-0.001508,0.0842,0.0015
19.995,STANCE,1.0335,1.4844,0.7696,-3.0103,0.5165,-2.801,0.0114,-0.1959,0.5924,-0.2051,0.9997,-0.9215,1.0048,-0.000988,0.1119,0.001
20.0,STANCE,1.0352,1.4706,0.4778,-2.8289,0.2915,-2.6291,0.0138,-0.1968,0.5122,-0.1879,1.0002,-0.399,1.2494,-0.000332,0.1315,0.0003
20.005,STANCE,1.0363,1.4576,0.2988,-2.6691,0.1796,-2.5668,0.016,-0.1977,0.4561,-0.1731,1.0007,-0.1003,1.3468,0.000318,0.1054,0.0
20.01,FLIGHT,1.0363,1.4459,0.0518,-2.395,-0.4146,-1.811,0.0177,-0.1984,0.3684,-0.1546,1.0013,-1.3429,2.6173,0.000729,0.0623,0.0
20.015,FLIGHT,1.0319,1.4398,-0.626,-1.5284,-1.313,-0.6414,0.0177,-0.1989,0.1042,-0.1099,1.0023,-1.1476,2.4503,0.000962,0.0326,0.0
20.02,FLIGHT,1.0235,1.4391,-1.3819,-0.544,-2.0214,0.2976,0.0162,-0.1991,-0.194,-0.0581,1.0035,-0.8588,2.2114,0.00107,0.0123,0.0
20.025,FLIGHT,1.0121,1.4423,-2.0127,0.3001,-2.4936,0.9591,0.0134,-0.199,-0.4451,-0.0066,1.0048,-0.5652,1.9714,0.001096,-0.0011,0.0002
20.03,FLIGHT,0.9989,1.4482,-2.4461,0.9158,-2.7414,1.3595,0.0099,-0.1988,-0.6207,0.0406,1.0063,-0.3082,1.7631,0.001067,-0.0097,0.0019
20.035,FLIGHT,0.985,1.4556,-2.6777,1.2976,-2.8015,1.5428,0.0061,-0.1984,-0.7197,0.0796,1.0079,-0.103,1.5982,0.001004,-0.015,0.003
20.04,FLIGHT,0.9712,1.4634,-2.7346,1.4774,-2.7184,1.5609,0.0022,-0.1978,-0.7533,0.1078,1.0095,0.0492,1.4778,0.000921,-0.0178,0.0036
20.045,FLIGHT,0.958,1.471,-2.6551,1.4999,-2.5345,1.4633,-0.0015,-0.1972,-0.7367,0.1239,1.0111,0.1537,1.3972,0.000829,-0.0189,0.0038
20.05,FLIGHT,0.9459,1.4779,-2.4781,1.4106,-2.2868,1.2931,-0.0048,-0.1966,-0.6855,0.1286,1.0126,0.2188,1.3497,0.000734,-0.0188,0.0038
20.055,FLIGHT,0.9352,1.4838,-2.2385,1.2501,-2.0047,1.0848,-0.0078,-0.1961,-0.6128,0.1237,1.0141,0.2526,1.328,0.000643,-0.0178,0.0036
20.06,FLIGHT,0.9259,1.4887,-1.9647,1.0514,-1.7111,0.8646,-0.0103,-0.1956,-0.5292,0.1116,1.0155,0.2632,1.3254,0.000557,-0.0164,0.0033
20.065,FLIGHT,0.9181,1.4925,-1.6787,0.8402,-1.4222,0.6512,-0.0123,-0.1952,-0.4426,0.0951,1.0169,0.257,1.3362,0.000479,-0.0147,0.0029
20.07,FLIGHT,0.9116,1.4952,-1.3965,0.6346,-1.1492,0.4571,-0.0139,-0.1948,-0.3584,0.0765,1.0182,0.2396,1.3554,0.00041,-0.0128,0.0026
20.075,FLIGHT,0.9065,1.4971,-1.1293,0.4471,-0.8991,0.2897,-0.0152,-0.1946,-0.2803,0.0577,1.0194,0.2153,1.3793,0.000351,-0.011,0.0022
20.08,FLIGHT,0.9026,1.4982,-0.8841,0.285,-0.6755,0.1524,-0.0161,-0.1944,-0.2103,0.0403,1.0205,0.1874,1.4052,0.0003,-0.0092,0.0018
20.085,FLIGHT,0.8997,1.4987,-0.6645,0.1518,-0.4799,0.046,-0.0167,-0.1943,-0.1496,0.0251,1.0217,0.1585,1.431,0.000259,-0.0075,0.0015
20.09,FLIGHT,0.8978,1.4987,-0.472,0.0485,-0.3118,-0.031,-0.0171,-0.1943,-0.0982,0.0125,1.0227,0.1302,1.4554,0.000225,-0.0059,0.0012
20.095,FLIGHT,0.8966,1.4984,-0.3063,-0.0263,-0.1695,-0.0811,-0.0173,-0.1943,-0.056,0.0029,1.0238,0.1037,1.4774,0.000199,-0.0045,0.0009
20.1,FLIGHT,0.896,1.4979,-0.1659,-0.0749,-0.0508,-0.1076,-0.0173,-0.1943,-0.0222,-0.004,1.0248,0.0797,1.4967,0.00018,-0.0033,0.0007
20.105,FLIGHT,0.896,1.4974,-0.0485,-0.1005,0.047,-0.1143,-0.0173,-0.1944,0.0041,-0.0084,1.0258,0.0587,1.5131,0.000166,-0.0023,0.0005
20.11,FLIGHT,0.8965,1.4968,0.0484,-0.1067,0.1268,-0.1047,-0.0171,-0.1945,0.0238,-0.0107,1.0268,0.0406,1.5266,0.000157,-0.0014,0.0003
20.115,FLIGHT,0.8973,1.4963,0.1276,-0.0971,0.1914,-0.0824,-0.0169,-0.1945,0.0379,-0.0111,1.0277,0.0255,1.5374,0.000151,-0.0007,0.0001
20.12,FLIGHT,0.8984,1.496,0.1918,-0.075,0.2433,-0.0506,-0.0166,-0.1946,0.0474,-0.0101,1.0287,0.013,1.5458,0.000149,-0.0002,0.0
20.125,FLIGHT,0.8997,1.4959,0.2435,-0.0436,0.2849,-0.0122,-0.0163,-0.1946,0.0533,-0.008,1.0296,0.003,1.5522,0.000149,0.0003,0.0
20.13,FLIGHT,0.9012,1.4959,0.285,-0.0057,0.3182,0.0305,-0.0161,-0.1946,0.0562,-0.0051,1.0305,-0.0049,1.5568,0.000152,0.0006,0.0
20.135,FLIGHT,0.9029,1.4962,0.3183,0.0364,0.3451,0.0753,-0.0158,-0.1946,0.057,-0.0017,1.0315,-0.011,1.56,0.000155,0.0008,0.0
20.14,FLIGHT,0.9046,1.4967,0.3452,0.0806,0.3669,0.1207,-0.0155,-0.1946,0.0563,0.002,1.0324,-0.0157,1.5621,0.000159,0.0009,0.0
20.145,FLIGHT,0.9065,1.4974,0.3671,0.1255,0.3848,0.1655,-0.0152,-0.1946,0.0544,0.0058,1.0333,-0.0192,1.5633,0.000164,0.001,0.0
20.15,FLIGHT,0.9085,1.4983,0.3851,0.1696,0.3997,0.2086,-0.015,-0.1945,0.0519,0.0096,1.0342,-0.0219,1.5639,0.00017,0.0011,0.0
20.155,FLIGHT,0.9105,1.4995,0.4,0.2122,0.4124,0.2494,-0.0147,-0.1944,0.049,0.0133,1.0351,-0.0238,1.5641,0.000175,0.0011,0.0
20.16,FLIGHT,0.9126,1.5008,0.4127,0.2525,0.4233,0.2874,-0.0145,-0.1943,0.046,0.0168,1.036,-0.0253,1.564,0.00018,0.001,0.0
20.165,FLIGHT,0.9147,1.5023,0.4237,0.29,0.4328,0.3222,-0.0143,-0.1942,0.0429,0.0201,1.0368,-0.0265,1.5638,0.000185,0.001,0.0
20.17,FLIGHT,0.9169,1.504,0.4332,0.3245,0.4412,0.3539,-0.0141,-0.1941,0.0401,0.0232,1.0377,-0.0275,1.5636,0.00019,0.0009,0.0
20.175,FLIGHT,0.9192,1.5059,0.4415,0.3557,0.4485,0.3823,-0.0139,-0.194,0.0374,0.026,1.0386,-0.0284,1.5633,0.000195,0.0009,0.0
20.18,FLIGHT,0.9214,1.5078,0.4489,0.3838,0.455,0.4075,-0.0138,-0.1938,0.0349,0.0285,1.0394,-0.0292,1.5632,0.000199,0.0008,0.0
20.185,FLIGHT,0.9237,1.5099,0.4553,0.4087,0.4607,0.4296,-0.0136,-0.1937,0.0327,0.0307,1.0402,-0.0301,1.5631,0.000203,0.0007,0.0
20.19,FLIGHT,0.926,1.5121,0.4609,0.4305,0.4654,0.4487,-0.0134,-0.1935,0.0307,0.0326,1.041,-0.031,1.5632,0.000206,0.0007,0.0
20.195,FLIGHT,0.9284,1.5144,0.4655,0.4494,0.4694,0.465,-0.0133,-0.1933,0.029,0.0343,1.0418,-0.032,1.5634,0.00021,0.0006,0.0
20.2,FLIGHT,0.9307,1.5168,0.4694,0.4655,0.4724,0.4787,-0.0132,-0.1932,0.0274,0.0358,1.0426,-0.033,1.5637,0.000212,0.0006,0.0
20.205,FLIGHT,0.9331,1.5192,0.4723,0.4789,0.4745,0.4899,-0.013,-0.193,0.0261,0.037,1.0434,-0.0341,1.5642,0.000215,0.0005,0.0
20.21,FLIGHT,0.9355,1.5217,0.4743,0.49,0.4756,0.4988,-0.0129,-0.1928,0.0249,0.0381,1.0441,-0.0352,1.5648,0.000217,0.0005,0.0
20.215,FLIGHT,0.9378,1.5242,0.4753,0.4988,0.4758,0.5057,-0.0128,-0.1926,0.0238,0.0389,1.0448,-0.0365,1.5654,0.00022,0.0004,0.0
20.22,FLIGHT,0.9402,1.5267,0.4754,0.5055,0.475,0.5105,-0.0127,-0.1924,0.0228,0.0396,1.0455,-0.0377,1.5662,0.000222,0.0004,0.0
20.225,FLIGHT,0.9426,1.5293,0.4745,0.5102,0.4732,0.5136,-0.0126,-0.1922,0.0219,0.0401,1.0462,-0.039,1.5671,0.000223,0.0003,0.0
20.23,FLIGHT,0.9449,1.5318,0.4726,0.5131,0.4705,0.515,-0.0125,-0.192,0.0211,0.0404,1.0469,-0.0403,1.568,0.000225,0.0003,0.0
20.235,FLIGHT,0.9473,1.5344,0.4698,0.5144,0.4668,0.5148,-0.0124,-0.1918,0.0203,0.0406,1.0475,-0.0416,1.5689,0.000226,0.0003,0.0
20.24,FLIGHT,0.9496,1.537,0.466,0.5142,0.4622,0.5133,-0.0123,-0.1916,0.0195,0.0407,1.0482,-0.0429,1.57,0.000227,0.0002,0.0
20.245,FLIGHT,0.9519,1.5396,0.4613,0.5125,0.4567,0.5103,-0.0122,-0.1914,0.0187,0.0407,1.0488,-0.0442,1.571,0.000229,0.0002,0.0
20.25,FLIGHT,0.9542,1.5421,0.4557,0.5094,0.4503,0.5062,-0.0121,-0.1912,0.018,0.0405,1.0493,-0.0455,1.572,0.000229,0.0002,0.0
20.255,FLIGHT,0.9564,1.5446,0.4493,0.5052,0.4431,0.5009,-0.012,-0.191,0.0173,0.0403,1.0499,-0.0468,1.5731,0.00023,0.0001,0.0
20.26,FLIGHT,0.9586,1.5471,0.442,0.4998,0.4352,0.4945,-0.0119,-0.1908,0.0165,0.04,1.0504,-0.048,1.5742,0.000231,0.0001,0.0
20.265,FLIGHT,0.9608,1.5496,0.434,0.4934,0.4265,0.4871,-0.0118,-0.1906,0.0158,0.0395,1.0509,-0.0492,1.5752,0.000232,0.0001,0.0
20.27,FLIGHT,0.9629,1.552,0.4253,0.486,0.4172,0.4789,-0.0118,-0.1904,0.0151,0.039,1.0514,-0.0503,1.5763,0.000232,0.0001,0.0
20.275,FLIGHT,0.9649,1.5543,0.4159,0.4776,0.4073,0.4698,-0.0117,-0.1902,0.0144,0.0384,1.0518,-0.0514,1.5774,0.000232,0.0001,0.0
20.28,FLIGHT,0.9669,1.5567,0.406,0.4685,0.3968,0.4599,-0.0116,-0.19,0.0137,0.0377,1.0523,-0.0524,1.5784,0.000233,0.0,0.0
20.285,FLIGHT,0.9689,1.5589,0.3955,0.4586,0.3858,0.4493,-0.0116,-0.1898,0.0129,0.037,1.0527,-0.0534,1.5794,0.000233,0.0,0.0
20.29,FLIGHT,0.9708,1.5612,0.3844,0.4479,0.3744,0.4381,-0.0115,-0.1896,0.0122,0.0362,1.053,-0.0543,1.5804,0.000233,0.0,0.0
20.295,FLIGHT,0.9726,1.5633,0.373,0.4367,0.3626,0.4263,-0.0115,-0.1895,0.0115,0.0354,1.0534,-0.0552,1.5814,0.000233,-0.0,0.0
20.3,FLIGHT,0.9744,1.5654,0.3612,0.4248,0.3504,0.414,-0.0114,-0.1893,0.0109,0.0345,1.0537,-0.056,1.5824,0.000233,-0.0,0.0
20.305,FLIGHT,0.9761,1.5675,0.349,0.4125,0.338,0.4012,-0.0114,-0.1891,0.0102,0.0335,1.0539,-0.0568,1.5833,0.000233,-0.0,0.0
20.31,FLIGHT,0.9778,1.5694,0.3365,0.3996,0.3253,0.388,-0.0113,-0.189,0.0095,0.0325,1.0542,-0.0575,1.5842,0.000232,-0.0001,0.0
20.315,FLIGHT,0.9794,1.5713,0.3238,0.3864,0.3124,0.3744,-0.0113,-0.1888,0.0089,0.0315,1.0544,-0.0582,1.5851,0.000232,-0.0001,0.0
20.32,FLIGHT,0.9809,1.5732,0.311,0.3728,0.2994,0.3605,-0.0112,-0.1887,0.0082,0.0304,1.0546,-0.0588,1.586,0.000232,-0.0001,0.0
20.325,FLIGHT,0.9824,1.5749,0.298,0.3589,0.2863,0.3464,-0.0112,-0.1885,0.0076,0.0293,1.0548,-0.0594,1.5868,0.000231,-0.0001,0.0
20.33,FLIGHT,0.9838,1.5766,0.2849,0.3448,0.2731,0.3321,-0.0112,-0.1884,0.007,0.0282,1.0549,-0.0599,1.5876,0.000231,-0.0001,0.0
20.335,FLIGHT,0.9851,1.5783,0.2717,0.3305,0.2599,0.3176,-0.0111,-0.1882,0.0065,0.0271,1.055,-0.0604,1.5884,0.00023,-0.0001,0.0
20.34,FLIGHT,0.9864,1.5798,0.2585,0.316,0.2467,0.303,-0.0111,-0.1881,0.0059,0.0259,1.0551,-0.0608,1.5891,0.00023,-0.0001,0.0
20.345,FLIGHT,0.9876,1.5813,0.2454,0.3014,0.2336,0.2883,-0.0111,-0.188,0.0054,0.0248,1.0551,-0.0612,1.5899,0.000229,-0.0001,0.0
20.35,FLIGHT,0.9887,1.5827,0.2323,0.2868,0.2206,0.2736,-0.011,-0.1879,0.0049,0.0236,1.0551,-0.0616,1.5906,0.000228,-0.0001,0.0
20.355,FLIGHT,0.9898,1.584,0.2193,0.2721,0.2077,0.259,-0.011,-0.1878,0.0044,0.0224,1.0551,-0.0619,1.5912,0.000228,-0.0001,0.0
20.36,FLIGHT,0.9908,1.5853,0.2064,0.2575,0.1949,0.2444,-0.011,-0.1877,0.004,0.0212,1.055,-0.0621,1.5919,0.000227,-0.0001,0.0
20.365,FLIGHT,0.9917,1.5865,0.1936,0.2429,0.1823,0.2299,-0.011,-0.1876,0.0035,0.0201,1.055,-0.0623,1.5925,0.000226,-0.0001,0.0
20.37,FLIGHT,0.9926,1.5876,0.1811,0.2284,0.1699,0.2155,-0.011,-0.1875,0.0031,0.0189,1.0548,-0.0625,1.593,0.000226,-0.0001,0.0
20.375,FLIGHT,0.9934,1.5886,0.1688,0.2141,0.1578,0.2013,-0.011,-0.1874,0.0027,0.0177,1.0547,-0.0627,1.5936,0.000225,-0.0002,0.0
20.38,FLIGHT,0.9942,1.5896,0.1566,0.1999,0.1459,0.1872,-0.0109,-0.1873,0.0024,0.0166,1.0545,-0.0628,1.5941,0.000224,-0.0002,0.0
20.385,FLIGHT,0.9949,1.5905,0.1448,0.1859,0.1343,0.1734,-0.0109,-0.1872,0.002,0.0154,1.0543,-0.0629,1.5946,0.000223,-0.0002,0.0
20.39,FLIGHT,0.9955,1.5913,0.1332,0.1721,0.123,0.1599,-0.0109,-0.1872,0.0017,0.0143,1.0541,-0.0629,1.5951,0.000223,-0.0002,0.0
20.395,FLIGHT,0.9961,1.5921,0.1219,0.1586,0.1119,0.1466,-0.0109,-0.1871,0.0014,0.0132,1.0538,-0.0629,1.5955,0.000222,-0.0002,0.0
20.4,FLIGHT,0.9967,1.5928,0.1109,0.1453,0.1012,0.1336,-0.0109,-0.187,0.0011,0.0121,1.0535,-0.0629,1.5959,0.000221,-0.0002,0.0
20.405,FLIGHT,0.9971,1.5934,0.1003,0.1324,0.0909,0.1209,-0.0109,-0.187,0.0009,0.011,1.0532,-0.0629,1.5963,0.00022,-0.0002,0.0
20.41,FLIGHT,0.9976,1.594,0.09,0.1198,0.0809,0.1086,-0.0109,-0.1869,0.0007,0.01,1.0529,-0.0628,1.5967,0.000219,-0.0002,0.0
20.415,FLIGHT,0.9979,1.5945,0.08,0.1075,0.0712,0.0966,-0.0109,-0.1869,0.0005,0.009,1.0525,-0.0627,1.597,0.000219,-0.0002,0.0
20.42,FLIGHT,0.9983,1.595,0.0704,0.0955,0.0619,0.085,-0.0109,-0.1869,0.0003,0.008,1.0521,-0.0626,1.5973,0.000218,-0.0001,0.0
20.425,FLIGHT,0.9986,1.5954,0.0611,0.0839,0.053,0.0737,-0.0109,-0.1868,0.0001,0.007,1.0517,-0.0624,1.5976,0.000217,-0.0001,0.0
20.43,FLIGHT,0.9988,1.5957,0.0523,0.0727,0.0445,0.0629,-0.0109,-0.1868,-0.0,0.0061,1.0512,-0.0623,1.5978,0.000216,-0.0001,0.0
20.435,FLIGHT,0.999,1.596,0.0438,0.0619,0.0363,0.0524,-0.0109,-0.1868,-0.0002,0.0052,1.0507,-0.0621,1.598,0.000216,-0.0001,0.0
20.44,FLIGHT,0.9992,1.5962,0.0357,0.0515,0.0286,0.0424,-0.0109,-0.1867,-0.0003,0.0043,1.0502,-0.0619,1.5983,0.000215,-0.0001,0.0
20.445,FLIGHT,0.9993,1.5964,0.028,0.0415,0.0212,0.0328,-0.0109,-0.1867,-0.0004,0.0035,1.0497,-0.0617,1.5984,0.000214,-0.0001,0.0
20.45,FLIGHT,0.9994,1.5966,0.0206,0.032,0.0142,0.0236,-0.0109,-0.1867,-0.0005,0.0027,1.0491,-0.0615,1.5986,0.000214,-0.0001,0.0
20.455,FLIGHT,0.9994,1.5967,0.0137,0.0228,0.0076,0.0148,-0.0109,-0.1867,-0.0005,0.0019,1.0486,-0.0613,1.5988,0.000213,-0.0001,0.0
20.46,FLIGHT,0.9995,1.5967,0.0071,0.0141,0.0014,0.0065,-0.0109,-0.1867,-0.0006,0.0012,1.048,-0.061,1.5989,0.000212,-0.0001,0.0
20.465,FLIGHT,0.9995,1.5967,0.001,0.0058,-0.0044,-0.0015,-0.0109,-0.1867,-0.0006,0.0005,1.0473,-0.0608,1.599,0.000212,-0.0001,0.0
20.47,FLIGHT,0.9994,1.5967,-0.0048,-0.0021,-0.0098,-0.0089,-0.0109,-0.1867,-0.0006,-0.0001,1.0467,-0.0605,1.5991,0.000211,-0.0001,0.0
20.475,FLIGHT,0.9994,1.5966,-0.0102,-0.0095,-0.0149,-0.016,-0.0109,-0.1867,-0.0006,-0.0008,1.046,-0.0602,1.5991,0.000211,-0.0001,0.0
20.48,FLIGHT,0.9993,1.5965,-0.0152,-0.0165,-0.0196,-0.0226,-0.0109,-0.1867,-0.0006,-0.0013,1.0453,-0.06,1.5992,0.00021,-0.0001,0.0
20.485,FLIGHT,0.9992,1.5964,-0.0199,-0.0231,-0.0239,-0.0288,-0.0109,-0.1867,-0.0006,-0.0019,1.0446,-0.0597,1.5992,0.00021,-0.0001,0.0
20.49,FLIGHT,0.999,1.5963,-0.0242,-0.0293,-0.0279,-0.0346,-0.0109,-0.1867,-0.0006,-0.0024,1.0439,-0.0594,1.5993,0.000209,-0.0001,0.0
20.495,FLIGHT,0.9989,1.5961,-0.0282,-0.035,-0.0315,-0.04,-0.0109,-0.1868,-0.0005,-0.0029,1.0431,-0.0591,1.5993,0.000209,-0.0001,0.0
20.5,FLIGHT,0.9987,1.5959,-0.0318,-0.0404,-0.0348,-0.045,-0.0109,-0.1868,-0.0005,-0.0034,1.0423,-0.0588,1.5993,0.000208,-0.0001,0.0
20.505,FLIGHT,0.9985,1.5956,-0.035,-0.0453,-0.0378,-0.0495,-0.0109,-0.1868,-0.0004,-0.0038,1.0415,-0.0586,1.5992,0.000208,-0.0001,0.0
20.51,FLIGHT,0.9983,1.5954,-0.0379,-0.0498,-0.0404,-0.0537,-0.0109,-0.1868,-0.0004,-0.0042,1.0407,-0.0583,1.5992,0.000207,-0.0001,0.0
20.515,FLIGHT,0.9981,1.5951,-0.0406,-0.054,-0.0428,-0.0575,-0.011,-0.1868,-0.0003,-0.0045,1.0399,-0.058,1.5992,0.000207,-0.0001,0.0
20.52,FLIGHT,0.9979,1.5948,-0.0429,-0.0577,-0.0448,-0.0609,-0.011,-0.1869,-0.0002,-0.0048,1.039,-0.0577,1.5991,0.000207,-0.0001,0.0
20.525,FLIGHT,0.9977,1.5945,-0.0449,-0.0611,-0.0465,-0.064,-0.011,-0.1869,-0.0001,-0.0051,1.0381,-0.0575,1.5991,0.000206,-0.0001,0.0
20.53,FLIGHT,0.9975,1.5942,-0.0466,-0.0641,-0.048,-0.0667,-0.011,-0.1869,-0.0001,-0.0054,1.0372,-0.0572,1.599,0.000206,-0.0001,0.0
20.535,FLIGHT,0.9972,1.5938,-0.048,-0.0668,-0.0492,-0.069,-0.011,-0.1869,0.0,-0.0056,1.0363,-0.0569,1.5989,0.000206,-0.0001,0.0
20.54,FLIGHT,0.997,1.5935,-0.0492,-0.0691,-0.0501,-0.0711,-0.011,-0.187,0.0001,-0.0058,1.0354,-0.0567,1.5988,0.000206,-0.0,0.0
20.545,FLIGHT,0.9967,1.5931,-0.0501,-0.0711,-0.0508,-0.0728,-0.0109,-0.187,0.0002,-0.006,1.0345,-0.0564,1.5987,0.000205,-0.0,0.0
20.55,FLIGHT,0.9965,1.5927,-0.0508,-0.0728,-0.0513,-0.0742,-0.0109,-0.187,0.0003,-0.0061,1.0335,-0.0562,1.5986,0.000205,-0.0,0.0
20.555,FLIGHT,0.9962,1.5924,-0.0512,-0.0742,-0.0515,-0.0753,-0.0109,-0.1871,0.0004,-0.0062,1.0325,-0.0559,1.5985,0.000205,-0.0,0.0
20.56,FLIGHT,0.9959,1.592,-0.0515,-0.0752,-0.0516,-0.0761,-0.0109,-0.1871,0.0005,-0.0063,1.0315,-0.0557,1.5984,0.000205,-0.0,0.0
20.565,FLIGHT,0.9957,1.5916,-0.0515,-0.076,-0.0514,-0.0766,-0.0109,-0.1871,0.0006,-0.0064,1.0305,-0.0555,1.5983,0.000205,-0.0,0.0
20.57,FLIGHT,0.9954,1.5912,-0.0513,-0.0766,-0.0511,-0.0769,-0.0109,-0.1872,0.0007,-0.0064,1.0295,-0.0552,1.5982,0.000205,-0.0,0.0
20.575,FLIGHT,0.9952,1.5908,-0.051,-0.0768,-0.0506,-0.0769,-0.0109,-0.1872,0.0008,-0.0065,1.0285,-0.055,1.5981,0.000205,-0.0,0.0
20.58,FLIGHT,0.9949,1.5904,-0.0504,-0.0768,-0.0499,-0.0767,-0.0109,-0.1872,0.0009,-0.0065,1.0274,-0.0548,1.598,0.000204,-0.0,0.0
20.585,FLIGHT,0.9947,1.5901,-0.0497,-0.0766,-0.049,-0.0763,-0.0109,-0.1873,0.001,-0.0065,1.0264,-0.0547,1.5979,0.000204,-0.0,0.0
20.59,FLIGHT,0.9944,1.5897,-0.0489,-0.0762,-0.0481,-0.0757,-0.0109,-0.1873,0.0011,-0.0064,1.0253,-0.0545,1.5977,0.000204,-0.0,0.0
20.595,FLIGHT,0.9942,1.5893,-0.0479,-0.0755,-0.047,-0.0749,-0.0109,-0.1873,0.0012,-0.0064,1.0242,-0.0543,1.5976,0.000204,-0.0,0.0
20.6,FLIGHT,0.994,1.5889,-0.0468,-0.0747,-0.0458,-0.0738,-0.0109,-0.1874,0.0013,-0.0063,1.0231,-0.0541,1.5975,0.000204,0.0,0.0
20.605,FLIGHT,0.9937,1.5886,-0.0456,-0.0737,-0.0445,-0.0727,-0.0109,-0.1874,0.0014,-0.0062,1.022,-0.054,1.5974,0.000204,0.0,0.0
20.61,FLIGHT,0.9935,1.5882,-0.0443,-0.0725,-0.043,-0.0713,-0.0109,-0.1874,0.0015,-0.0061,1.0208,-0.0538,1.5973,0.000204,0.0,0.0
20.615,FLIGHT,0.9933,1.5879,-0.0428,-0.0711,-0.0415,-0.0698,-0.0109,-0.1875,0.0016,-0.006,1.0197,-0.0537,1.5971,0.000204,0.0,0.0
20.62,FLIGHT,0.9931,1.5875,-0.0413,-0.0696,-0.04,-0.0682,-0.0109,-0.1875,0.0017,-0.0059,1.0185,-0.0536,1.597,0.000205,0.0,0.0
20.625,FLIGHT,0.9929,1.5872,-0.0398,-0.068,-0.0383,-0.0665,-0.0109,-0.1875,0.0017,-0.0058,1.0174,-0.0535,1.5969,0.000205,0.0,0.0
20.63,FLIGHT,0.9927,1.5868,-0.0381,-0.0662,-0.0366,-0.0646,-0.0109,-0.1875,0.0018,-0.0056,1.0162,-0.0534,1.5968,0.000205,0.0,0.0
20.635,FLIGHT,0.9925,1.5865,-0.0364,-0.0644,-0.0349,-0.0627,-0.0108,-0.1876,0.0019,-0.0055,1.015,-0.0533,1.5967,0.000205,0.0,0.0
20.64,FLIGHT,0.9924,1.5862,-0.0347,-0.0624,-0.0331,-0.0606,-0.0108,-0.1876,0.0019,-0.0053,1.0138,-0.0532,1.5966,0.000205,0.0,0.0
20.645,FLIGHT,0.9922,1.5859,-0.0329,-0.0604,-0.0313,-0.0585,-0.0108,-0.1876,0.002,-0.0051,1.0126,-0.0531,1.5965,0.000205,0.0,0.0
20.65,FLIGHT,0.9921,1.5856,-0.0311,-0.0582,-0.0294,-0.0563,-0.0108,-0.1876,0.002,-0.005,1.0114,-0.053,1.5964,0.000205,0.0,0.0
20.655,FLIGHT,0.9919,1.5854,-0.0292,-0.056,-0.0276,-0.054,-0.0108,-0.1877,0.0021,-0.0048,1.0101,-0.053,1.5963,0.000205,0.0,0.0
20.66,FLIGHT,0.9918,1.5851,-0.0274,-0.0538,-0.0257,-0.0517,-0.0108,-0.1877,0.0021,-0.0046,1.0089,-0.0529,1.5962,0.000205,0.0,0.0
20.665,FLIGHT,0.9917,1.5848,-0.0255,-0.0515,-0.0238,-0.0494,-0.0108,-0.1877,0.0022,-0.0044,1.0076,-0.0529,1.5961,0.000206,0.0,0.0
20.67,FLIGHT,0.9915,1.5846,-0.0236,-0.0491,-0.022,-0.047,-0.0108,-0.1877,0.0022,-0.0042,1.0064,-0.0528,1.596,0.000206,0.0,0.0
20.675,FLIGHT,0.9914,1.5844,-0.0218,-0.0468,-0.0201,-0.0446,-0.0108,-0.1877,0.0022,-0.004,1.0051,-0.0528,1.5959,0.000206,0.0,0.0
20.68,FLIGHT,0.9913,1.5842,-0.0199,-0.0444,-0.0183,-0.0422,-0.0107,-0.1878,0.0023,-0.0038,1.0038,-0.0528,1.5958,0.000206,0.0,0.0
20.685,FLIGHT,0.9913,1.584,-0.0181,-0.0419,-0.0165,-0.0398,-0.0107,-0.1878,0.0023,-0.0036,1.0025,-0.0527,1.5958,0.000206,0.0,0.0
20.69,FLIGHT,0.9912,1.5838,-0.0163,-0.0395,-0.0147,-0.0374,-0.0107,-0.1878,0.0023,-0.0034,1.0012,-0.0527,1.5957,0.000206,0.0,0.0
20.695,FLIGHT,0.9911,1.5836,-0.0145,-0.0371,-0.0129,-0.0349,-0.0107,-0.1878,0.0023,-0.0032,0.9999,-0.0527,1.5956,0.000207,0.0,0.0
20.7,STANCE,0.9923,1.5844,0.2045,0.1225,0.6952,0.1947,-0.0106,-0.1878,0.0218,0.009,0.9988,0.0513,-0.4259,-0.000832,-0.4476,0.0903
20.705,STANCE,0.9969,1.5838,0.6799,-0.071,0.5184,-0.1224,-0.0096,-0.1879,0.1374,-0.013,0.9981,-0.3131,-0.9606,-0.003162,-0.3005,0.0633
20.71,STANCE,0.9978,1.5842,0.32,0.0432,0.0629,0.1401,-0.0095,-0.1878,0.0542,0.0008,0.9981,-0.4376,-1.607,-0.003973,-0.0756,0.0191
20.715,STANCE,0.9987,1.584,0.2392,-0.035,0.3408,-0.2848,-0.0093,-0.1879,0.0497,-0.0054,0.9983,-0.7084,-2.0828,-0.004136,0.0008,0.0041
20.72,STANCE,1.0012,1.58,0.4187,-0.6458,0.4855,-1.8128,-0.0083,-0.1882,0.1669,-0.0611,0.9984,-1.0948,-2.16,-0.003942,0.1127,0.0039
20.725,STANCE,1.0048,1.5712,0.6338,-1.4399,0.7051,-2.3672,-0.0064,-0.189,0.3179,-0.13,0.9984,-1.4748,-1.9282,-0.003405,0.159,0.0034
20.73,STANCE,1.0089,1.5593,0.7626,-2.1002,0.9261,-2.3694,-0.004,-0.1901,0.4368,-0.1821,0.9984,-1.7455,-1.526,-0.002603,0.1572,0.0026
20.735,STANCE,1.015,1.5468,1.0855,-2.4071,1.2507,-2.9201,-0.0011,-0.1912,0.5457,-0.2002,0.9986,-1.9819,-1.0793,-0.002229,0.0635,0.0022
20.74,STANCE,1.0216,1.5316,1.2468,-2.8515,1.3409,-3.1202,0.0023,-0.1924,0.6456,-0.224,0.9988,-2.0126,-0.4347,-0.002014,0.0341,0.002
20.745,STANCE,1.0275,1.5155,1.1911,-3.0993,0.9982,-3.2806,0.0058,-0.1936,0.6769,-0.23,0.999,-1.786,0.1853,-0.001744,0.0784,0.0017
20.75,STANCE,1.032,1.4999,0.9727,-3.1073,0.8063,-2.9346,0.0089,-0.1948,0.6415,-0.2198,0.9993,-1.3437,0.6864,-0.001356,0.0743,0.0014
20.755,STANCE,1.035,1.4853,0.6899,-2.9727,0.4513,-2.8075,0.0116,-0.1958,0.5713,-0.2029,0.9998,-0.8008,1.0501,-0.000839,0.1132,0.0008
20.76,STANCE,1.0366,1.4716,0.4397,-2.8084,0.2913,-2.6211,0.0139,-0.1967,0.5017,-0.1868,1.0002,-0.3201,1.2769,-0.000213,0.1233,0.0002
20.765,FLIGHT,1.0376,1.4583,0.2667,-2.7004,0.1391,-2.6513,0.0161,-0.1976,0.4545,-0.1755,1.0007,-1.2922,2.5902,0.000402,0.101,0.0
20.77,FLIGHT,1.0368,1.4471,-0.0721,-2.3357,-0.6028,-1.6748,0.0176,-0.1984,0.3348,-0.1531,1.0013,-1.2711,2.5631,0.000795,0.0589,0.0
20.775,FLIGHT,1.0316,1.4415,-0.7699,-1.4417,-1.4395,-0.5695,0.0174,-0.1988,0.0625,-0.1071,1.0023,-1.0569,2.3812,0.001012,0.0296,0.0
20.78,FLIGHT,1.0227,1.441,-1.4865,-0.4958,-2.0788,0.2981,0.0157,-0.199,-0.2219,-0.0562,1.0034,-0.7737,2.1472,0.001108,0.01,0.0
20.785,FLIGHT,1.0112,1.4441,-2.0607,0.291,-2.4902,0.8981,0.013,-0.1989,-0.453,-0.0069,1.0048,-0.4957,1.9201,0.001123,-0.003,0.0006
20.79,FLIGHT,0.9982,1.4495,-2.44,0.8528,-2.691,1.2532,0.0096,-0.1987,-0.61,0.0372,1.0062,-0.2567,1.7266,0.001085,-0.0113,0.0023
20.795,FLIGHT,0.9846,1.4562,-2.6282,1.1933,-2.7188,1.408,0.0059,-0.1983,-0.6945,0.0729,1.0077,-0.0683,1.5756,0.001015,-0.0162,0.0032
20.8,FLIGHT,0.9712,1.4634,-2.6544,1.3464,-2.6161,1.4124,0.0022,-0.1978,-0.7186,0.0978,1.0093,0.0698,1.4667,0.000928,-0.0187,0.0037
20.805,FLIGHT,0.9586,1.4702,-2.5559,1.3559,-2.4232,1.3131,-0.0012,-0.1973,-0.697,0.1114,1.0108,0.1636,1.395,0.000832,-0.0195,0.0039
20.81,FLIGHT,0.9471,1.4764,-2.3699,1.2648,-2.174,1.15,-0.0044,-0.1968,-0.6443,0.1145,1.0123,0.2206,1.3538,0.000735,-0.0192,0.0038
20.815,FLIGHT,0.9369,1.4816,-2.1286,1.111,-1.8961,0.9547,-0.0071,-0.1963,-0.5727,0.109,1.0137,0.2491,1.3362,0.000641,-0.0181,0.0036
20.82,FLIGHT,0.9281,1.4859,-1.8585,0.9249,-1.61,0.7511,-0.0094,-0.1958,-0.4919,0.0973,1.015,0.2562,1.336,0.000555,-0.0165,0.0033
20.825,FLIGHT,0.9208,1.4892,-1.5796,0.7296,-1.3306,0.5561,-0.0113,-0.1955,-0.409,0.0819,1.0163,0.2482,1.3477,0.000476,-0.0147,0.0029
20.83,FLIGHT,0.9148,1.4915,-1.3066,0.5419,-1.0679,0.3806,-0.0128,-0.1952,-0.3291,0.0649,1.0176,0.2302,1.3669,0.000408,-0.0128,0.0026
20.835,FLIGHT,0.9101,1.493,-1.0493,0.3725,-0.8281,0.2312,-0.0139,-0.195,-0.2553,0.0481,1.0188,0.206,1.3901,0.000348,-0.0109,0.0022
20.84,FLIGHT,0.9065,1.4939,-0.814,0.2279,-0.6143,0.1105,-0.0148,-0.1949,-0.1896,0.0326,1.0199,0.1789,1.4148,0.000299,-0.0091,0.0018
20.845,FLIGHT,0.9039,1.4942,-0.6039,0.1109,-0.4274,0.0189,-0.0153,-0.1948,-0.1327,0.0193,1.021,0.1511,1.4392,0.000258,-0.0074,0.0015
20.85,FLIGHT,0.9022,1.4941,-0.42,0.0222,-0.2669,-0.0451,-0.0156,-0.1948,-0.0848,0.0086,1.0221,0.124,1.4621,0.000225,-0.0058,0.0012
20.855,FLIGHT,0.9012,1.4938,-0.2617,-0.0399,-0.1311,-0.0841,-0.0158,-0.1948,-0.0456,0.0005,1.0231,0.0989,1.4827,0.000199,-0.0044,0.0009
20.86,FLIGHT,0.9008,1.4933,-0.1276,-0.0776,-0.0176,-0.1015,-0.0158,-0.1948,-0.0144,-0.0051,1.0241,0.0763,1.5006,0.00018,-0.0032,0.0006
20.865,FLIGHT,0.901,1.4928,-0.0153,-0.0942,0.0761,-0.1007,-0.0157,-0.1949,0.0098,-0.0083,1.0251,0.0564,1.5157,0.000166,-0.0022,0.0004
20.87,FLIGHT,0.9015,1.4923,0.0775,-0.0931,0.1528,-0.0852,-0.0155,-0.1949,0.0277,-0.0097,1.026,0.0394,1.5282,0.000157,-0.0014,0.0003
20.875,FLIGHT,0.9025,1.4919,0.1537,-0.0776,0.2152,-0.0583,-0.0153,-0.195,0.0405,-0.0094,1.027,0.0252,1.5381,0.000152,-0.0007,0.0001
20.88,FLIGHT,0.9037,1.4917,0.2157,-0.051,0.2656,-0.0231,-0.015,-0.195,0.049,-0.0079,1.0279,0.0135,1.5458,0.00015,-0.0002,0.0
20.885,FLIGHT,0.9051,1.4917,0.2659,-0.0163,0.3063,0.0177,-0.0147,-0.1951,0.0541,-0.0054,1.0289,0.0041,1.5516,0.00015,0.0002,0.0
20.89,FLIGHT,0.9067,1.4919,0.3065,0.0241,0.3391,0.0621,-0.0144,-0.1951,0.0565,-0.0023,1.0298,-0.0033,1.5558,0.000152,0.0006,0.0
20.895,FLIGHT,0.9085,1.4924,0.3394,0.0679,0.3659,0.108,-0.0142,-0.195,0.057,0.0013,1.0307,-0.0091,1.5587,0.000156,0.0008,0.0
20.9,FLIGHT,0.9104,1.493,0.3661,0.1132,0.3878,0.1541,-0.0139,-0.195,0.056,0.0051,1.0316,-0.0135,1.5606,0.00016,0.0009,0.0
20.905,FLIGHT,0.9124,1.4939,0.3881,0.1587,0.4059,0.1991,-0.0136,-0.195,0.054,0.0089,1.0326,-0.0169,1.5617,0.000165,0.001,0.0
20.91,FLIGHT,0.9144,1.495,0.4063,0.2032,0.4212,0.2423,-0.0134,-0.1949,0.0515,0.0127,1.0335,-0.0195,1.5623,0.00017,0.001,0.0
20.915,FLIGHT,0.9166,1.4963,0.4216,0.2458,0.4342,0.2829,-0.0131,-0.1948,0.0486,0.0164,1.0343,-0.0215,1.5625,0.000175,0.001,0.0
20.92,FLIGHT,0.9188,1.4978,0.4346,0.2859,0.4454,0.3206,-0.0129,-0.1947,0.0456,0.0199,1.0352,-0.023,1.5624,0.00018,0.001,0.0
20.925,FLIGHT,0.921,1.4995,0.4459,0.3231,0.4552,0.3551,-0.0127,-0.1946,0.0426,0.0231,1.0361,-0.0243,1.5623,0.000185,0.001,0.0
20.93,FLIGHT,0.9233,1.5014,0.4556,0.3572,0.4638,0.3863,-0.0125,-0.1944,0.0398,0.0261,1.037,-0.0254,1.5621,0.00019,0.0009,0.0
20.935,FLIGHT,0.9257,1.5034,0.4642,0.3881,0.4713,0.4143,-0.0123,-0.1943,0.0372,0.0288,1.0378,-0.0264,1.562,0.000195,0.0009,0.0
20.94,FLIGHT,0.928,1.5055,0.4716,0.4157,0.4778,0.439,-0.0121,-0.1941,0.0348,0.0313,1.0387,-0.0273,1.5619,0.000199,0.0008,0.0
20.945,FLIGHT,0.9304,1.5078,0.478,0.4401,0.4833,0.4605,-0.012,-0.194,0.0326,0.0334,1.0395,-0.0283,1.562,0.000203,0.0007,0.0
20.95,FLIGHT,0.9329,1.5101,0.4835,0.4614,0.4879,0.4791,-0.0118,-0.1938,0.0307,0.0353,1.0403,-0.0293,1.5622,0.000206,0.0007,0.0
20.955,FLIGHT,0.9353,1.5125,0.488,0.4798,0.4916,0.4949,-0.0117,-0.1936,0.0289,0.037,1.0411,-0.0304,1.5625,0.000209,0.0006,0.0
20.96,FLIGHT,0.9378,1.515,0.4915,0.4953,0.4942,0.508,-0.0116,-0.1934,0.0274,0.0384,1.0419,-0.0316,1.5629,0.000212,0.0006,0.0
20.965,FLIGHT,0.9403,1.5176,0.4941,0.5083,0.4959,0.5187,-0.0114,-0.1932,0.026,0.0396,1.0427,-0.0328,1.5635,0.000215,0.0005,0.0
20.97,FLIGHT,0.9427,1.5202,0.4956,0.5187,0.4966,0.5271,-0.0113,-0.193,0.0248,0.0406,1.0434,-0.034,1.5642,0.000217,0.0005,0.0
20.975,FLIGHT,0.9452,1.5229,0.4962,0.527,0.4962,0.5333,-0.0112,-0.1928,0.0237,0.0414,1.0442,-0.0353,1.5649,0.000219,0.0004,0.0
20.98,FLIGHT,0.9477,1.5256,0.4957,0.533,0.4948,0.5376,-0.0111,-0.1926,0.0227,0.042,1.0449,-0.0366,1.5658,0.000221,0.0004,0.0
20.985,FLIGHT,0.9502,1.5283,0.4942,0.5372,0.4924,0.54,-0.011,-0.1924,0.0217,0.0424,1.0456,-0.038,1.5667,0.000223,0.0003,0.0
20.99,FLIGHT,0.9526,1.531,0.4917,0.5395,0.489,0.5407,-0.0109,-0.1921,0.0208,0.0427,1.0462,-0.0394,1.5677,0.000225,0.0003,0.0
20.995,FLIGHT,0.9551,1.5337,0.4882,0.5401,0.4846,0.5399,-0.0108,-0.1919,0.02,0.0429,1.0469,-0.0407,1.5687,0.000226,0.0003,0.0
21.0,FLIGHT,0.9575,1.5364,0.4837,0.5391,0.4793,0.5376,-0.0107,-0.1917,0.0192,0.0429,1.0475,-0.0421,1.5698,0.000227,0.0002,0.0
21.005,FLIGHT,0.9598,1.539,0.4783,0.5367,0.473,0.5339,-0.0106,-0.1915,0.0184,0.0428,1.0481,-0.0435,1.5709,0.000228,0.0002,0.0
21.01,FLIGHT,0.9622,1.5417,0.472,0.5329,0.4659,0.529,-0.0105,-0.1913,0.0176,0.0426,1.0487,-0.0448,1.572,0.000229,0.0002,0.0
21.015,FLIGHT,0.9645,1.5443,0.4648,0.5279,0.4579,0.5229,-0.0104,-0.1911,0.0168,0.0423,1.0492,-0.0461,1.5731,0.00023,0.0001,0.0
21.02,FLIGHT,0.9668,1.5469,0.4567,0.5218,0.4492,0.5157,-0.0103,-0.1909,0.016,0.0419,1.0498,-0.0473,1.5742,0.000231,0.0001,0.0
21.025,FLIGHT,0.969,1.5495,0.448,0.5145,0.4398,0.5076,-0.0103,-0.1907,0.0153,0.0414,1.0503,-0.0485,1.5753,0.000231,0.0001,0.0
21.03,FLIGHT,0.9712,1.552,0.4385,0.5063,0.4296,0.4985,-0.0102,-0.1905,0.0145,0.0408,1.0508,-0.0497,1.5764,0.000232,0.0001,0.0
21.035,FLIGHT,0.9733,1.5545,0.4283,0.4971,0.4189,0.4885,-0.0101,-0.1903,0.0138,0.0402,1.0512,-0.0508,1.5775,0.000232,0.0001,0.0
21.04,FLIGHT,0.9754,1.5569,0.4175,0.4871,0.4076,0.4778,-0.0101,-0.1901,0.013,0.0394,1.0516,-0.0518,1.5786,0.000232,0.0,0.0
21.045,FLIGHT,0.9774,1.5592,0.4062,0.4763,0.3959,0.4663,-0.01,-0.1899,0.0123,0.0386,1.052,-0.0529,1.5797,0.000232,0.0,0.0
21.05,FLIGHT,0.9793,1.5615,0.3944,0.4648,0.3837,0.4542,-0.0099,-0.1897,0.0115,0.0377,1.0524,-0.0538,1.5807,0.000232,-0.0,0.0
21.055,FLIGHT,0.9812,1.5638,0.3822,0.4527,0.3711,0.4416,-0.0099,-0.1895,0.0108,0.0368,1.0527,-0.0547,1.5817,0.000232,-0.0,0.0
21.06,FLIGHT,0.983,1.566,0.3696,0.44,0.3582,0.4284,-0.0098,-0.1893,0.0101,0.0358,1.053,-0.0555,1.5827,0.000232,-0.0,0.0
21.065,FLIGHT,0.9848,1.5681,0.3567,0.4268,0.345,0.4147,-0.0098,-0.1892,0.0094,0.0348,1.0533,-0.0563,1.5837,0.000232,-0.0001,0.0
21.07,FLIGHT,0.9865,1.5701,0.3435,0.4131,0.3315,0.4006,-0.0098,-0.189,0.0087,0.0338,1.0536,-0.0571,1.5846,0.000232,-0.0001,0.0
21.075,FLIGHT,0.9881,1.5721,0.3301,0.399,0.3179,0.3862,-0.0097,-0.1888,0.0081,0.0327,1.0538,-0.0578,1.5856,0.000231,-0.0001,0.0
21.08,FLIGHT,0.9897,1.574,0.3165,0.3846,0.3042,0.3715,-0.0097,-0.1887,0.0074,0.0315,1.054,-0.0584,1.5865,0.000231,-0.0001,0.0
21.085,FLIGHT,0.9911,1.5758,0.3027,0.3699,0.2904,0.3566,-0.0097,-0.1885,0.0068,0.0304,1.0541,-0.059,1.5873,0.00023,-0.0001,0.0
21.09,FLIGHT,0.9926,1.5775,0.2889,0.3549,0.2765,0.3414,-0.0096,-0.1884,0.0062,0.0292,1.0543,-0.0595,1.5881,0.00023,-0.0001,0.0
21.095,FLIGHT,0.9939,1.5792,0.2751,0.3398,0.2627,0.3262,-0.0096,-0.1882,0.0056,0.028,1.0544,-0.06,1.589,0.000229,-0.0001,0.0
21.1,FLIGHT,0.9952,1.5808,0.2613,0.3245,0.2489,0.3108,-0.0096,-0.1881,0.0051,0.0267,1.0544,-0.0604,1.5897,0.000229,-0.0001,0.0
21.105,FLIGHT,0.9964,1.5823,0.2475,0.3092,0.2351,0.2954,-0.0095,-0.188,0.0045,0.0255,1.0545,-0.0608,1.5905,0.000228,-0.0001,0.0
21.11,FLIGHT,0.9975,1.5837,0.2337,0.2938,0.2215,0.2799,-0.0095,-0.1879,0.004,0.0243,1.0545,-0.0611,1.5912,0.000227,-0.0001,0.0
21.115,FLIGHT,0.9986,1.5851,0.2201,0.2784,0.208,0.2646,-0.0095,-0.1878,0.0035,0.023,1.0544,-0.0614,1.5919,0.000226,-0.0001,0.0
21.12,FLIGHT,0.9996,1.5864,0.2067,0.263,0.1947,0.2493,-0.0095,-0.1876,0.0031,0.0218,1.0544,-0.0617,1.5925,0.000226,-0.0002,0.0
21.125,FLIGHT,1.0006,1.5876,0.1934,0.2477,0.1816,0.2341,-0.0095,-0.1875,0.0026,0.0205,1.0543,-0.0619,1.5931,0.000225,-0.0002,0.0
21.13,FLIGHT,1.0014,1.5887,0.1803,0.2326,0.1687,0.2191,-0.0095,-0.1875,0.0022,0.0193,1.0542,-0.0621,1.5937,0.000224,-0.0002,0.0
21.135,FLIGHT,1.0022,1.5898,0.1674,0.2176,0.156,0.2042,-0.0095,-0.1874,0.0019,0.0181,1.054,-0.0622,1.5943,0.000223,-0.0002,0.0
21.14,FLIGHT,1.003,1.5908,0.1548,0.2028,0.1437,0.1896,-0.0095,-0.1873,0.0015,0.0169,1.0538,-0.0623,1.5948,0.000222,-0.0002,0.0
21.145,FLIGHT,1.0037,1.5917,0.1425,0.1882,0.1316,0.1752,-0.0095,-0.1872,0.0012,0.0157,1.0536,-0.0624,1.5953,0.000222,-0.0002,0.0
21.15,FLIGHT,1.0043,1.5925,0.1305,0.1738,0.1198,0.1611,-0.0094,-0.1871,0.0008,0.0145,1.0534,-0.0624,1.5958,0.000221,-0.0002,0.0
21.155,FLIGHT,1.0049,1.5933,0.1188,0.1597,0.1084,0.1473,-0.0094,-0.1871,0.0006,0.0133,1.0531,-0.0624,1.5962,0.00022,-0.0002,0.0
21.16,FLIGHT,1.0054,1.594,0.1074,0.146,0.0974,0.1338,-0.0094,-0.187,0.0003,0.0122,1.0528,-0.0623,1.5966,0.000219,-0.0002,0.0
21.165,FLIGHT,1.0059,1.5946,0.0964,0.1325,0.0866,0.1206,-0.0094,-0.187,0.0001,0.0111,1.0525,-0.0623,1.597,0.000218,-0.0002,0.0
21.17,FLIGHT,1.0063,1.5952,0.0857,0.1194,0.0763,0.1078,-0.0094,-0.1869,-0.0002,0.01,1.0521,-0.0622,1.5974,0.000217,-0.0002,0.0
21.175,FLIGHT,1.0066,1.5957,0.0754,0.1067,0.0663,0.0954,-0.0095,-0.1869,-0.0004,0.0089,1.0517,-0.0621,1.5977,0.000217,-0.0002,0.0
21.18,FLIGHT,1.0069,1.5962,0.0655,0.0943,0.0568,0.0834,-0.0095,-0.1868,-0.0005,0.0079,1.0513,-0.062,1.598,0.000216,-0.0002,0.0
21.185,FLIGHT,1.0072,1.5965,0.0559,0.0823,0.0476,0.0718,-0.0095,-0.1868,-0.0007,0.0069,1.0509,-0.0618,1.5983,0.000215,-0.0002,0.0
21.19,FLIGHT,1.0074,1.5969,0.0468,0.0707,0.0388,0.0606,-0.0095,-0.1868,-0.0008,0.006,1.0504,-0.0616,1.5986,0.000214,-0.0002,0.0
21.195,FLIGHT,1.0076,1.5972,0.0381,0.0596,0.0304,0.0498,-0.0095,-0.1868,-0.001,0.005,1.0499,-0.0614,1.5988,0.000214,-0.0001,0.0
21.2,FLIGHT,1.0077,1.5974,0.0297,0.0489,0.0225,0.0394,-0.0095,-0.1867,-0.0011,0.0041,1.0494,-0.0612,1.599,0.000213,-0.0001,0.0
21.205,FLIGHT,1.0078,1.5975,0.0218,0.0386,0.0149,0.0295,-0.0095,-0.1867,-0.0011,0.0033,1.0489,-0.061,1.5992,0.000212,-0.0001,0.0
21.21,FLIGHT,1.0079,1.5977,0.0143,0.0287,0.0078,0.0201,-0.0095,-0.1867,-0.0012,0.0025,1.0483,-0.0608,1.5993,0.000211,-0.0001,0.0
21.215,FLIGHT,1.0079,1.5977,0.0072,0.0193,0.001,0.0111,-0.0095,-0.1867,-0.0013,0.0017,1.0477,-0.0605,1.5995,0.000211,-0.0001,0.0
21.22,FLIGHT,1.0079,1.5978,0.0005,0.0103,-0.0053,0.0025,-0.0095,-0.1867,-0.0013,0.0009,1.0471,-0.0603,1.5996,0.00021,-0.0001,0.0
21.225,FLIGHT,1.0078,1.5978,-0.0058,0.0018,-0.0112,-0.0056,-0.0095,-0.1867,-0.0013,0.0002,1.0465,-0.06,1.5997,0.000209,-0.0001,0.0
21.23,FLIGHT,1.0078,1.5977,-0.0117,-0.0063,-0.0167,-0.0133,-0.0095,-0.1867,-0.0013,-0.0005,1.0458,-0.0597,1.5998,0.000209,-0.0001,0.0
21.235,FLIGHT,1.0077,1.5976,-0.0171,-0.0139,-0.0219,-0.0205,-0.0095,-0.1867,-0.0013,-0.0011,1.0451,-0.0594,1.5998,0.000208,-0.0001,0.0
21.24,FLIGHT,1.0075,1.5975,-0.0222,-0.021,-0.0266,-0.0272,-0.0095,-0.1867,-0.0013,-0.0017,1.0444,-0.0591,1.5999,0.000208,-0.0001,0.0
21.245,FLIGHT,1.0074,1.5974,-0.027,-0.0277,-0.031,-0.0336,-0.0095,-0.1867,-0.0013,-0.0023,1.0437,-0.0588,1.5999,0.000207,-0.0001,0.0
21.25,FLIGHT,1.0072,1.5972,-0.0313,-0.034,-0.035,-0.0395,-0.0095,-0.1867,-0.0012,-0.0028,1.0429,-0.0586,1.5999,0.000207,-0.0001,0.0
21.255,FLIGHT,1.007,1.597,-0.0353,-0.0399,-0.0387,-0.0449,-0.0095,-0.1868,-0.0012,-0.0033,1.0421,-0.0583,1.5999,0.000206,-0.0001,0.0
21.26,FLIGHT,1.0068,1.5967,-0.0389,-0.0453,-0.0419,-0.0499,-0.0095,-0.1868,-0.0011,-0.0037,1.0413,-0.058,1.5999,0.000206,-0.0001,0.0
21.265,FLIGHT,1.0066,1.5965,-0.0421,-0.0503,-0.0449,-0.0546,-0.0096,-0.1868,-0.0011,-0.0042,1.0405,-0.0577,1.5999,0.000205,-0.0001,0.0
21.27,FLIGHT,1.0064,1.5962,-0.0451,-0.0549,-0.0475,-0.0588,-0.0096,-0.1868,-0.001,-0.0045,1.0397,-0.0574,1.5998,0.000205,-0.0001,0.0
21.275,FLIGHT,1.0061,1.5959,-0.0476,-0.059,-0.0498,-0.0626,-0.0096,-0.1869,-0.0009,-0.0049,1.0389,-0.0571,1.5998,0.000205,-0.0001,0.0
21.28,FLIGHT,1.0059,1.5956,-0.0499,-0.0628,-0.0518,-0.066,-0.0096,-0.1869,-0.0008,-0.0052,1.038,-0.0568,1.5997,0.000204,-0.0001,0.0
21.285,FLIGHT,1.0056,1.5952,-0.0519,-0.0662,-0.0535,-0.069,-0.0096,-0.1869,-0.0007,-0.0055,1.0371,-0.0565,1.5997,0.000204,-0.0001,0.0
21.29,FLIGHT,1.0054,1.5949,-0.0535,-0.0692,-0.0549,-0.0717,-0.0096,-0.1869,-0.0006,-0.0058,1.0362,-0.0562,1.5996,0.000204,-0.0001,0.0
21.295,FLIGHT,1.0051,1.5945,-0.0549,-0.0718,-0.056,-0.0741,-0.0096,-0.187,-0.0005,-0.006,1.0353,-0.0559,1.5995,0.000203,-0.0001,0.0
21.3,FLIGHT,1.0048,1.5941,-0.056,-0.0741,-0.0569,-0.076,-0.0096,-0.187,-0.0004,-0.0062,1.0343,-0.0557,1.5994,0.000203,-0.0,0.0
21.305,FLIGHT,1.0045,1.5938,-0.0568,-0.0761,-0.0575,-0.0777,-0.0096,-0.187,-0.0003,-0.0063,1.0334,-0.0554,1.5993,0.000203,-0.0,0.0
21.31,FLIGHT,1.0042,1.5934,-0.0574,-0.0777,-0.0578,-0.079,-0.0096,-0.1871,-0.0002,-0.0065,1.0324,-0.0552,1.5992,0.000203,-0.0,0.0
21.315,FLIGHT,1.0039,1.593,-0.0578,-0.079,-0.058,-0.08,-0.0096,-0.1871,-0.0001,-0.0066,1.0314,-0.0549,1.5991,0.000202,-0.0,0.0
21.32,FLIGHT,1.0036,1.5926,-0.0579,-0.08,-0.0579,-0.0808,-0.0096,-0.1871,0.0,-0.0067,1.0304,-0.0547,1.599,0.000202,-0.0,0.0
21.325,FLIGHT,1.0034,1.5922,-0.0578,-0.0807,-0.0576,-0.0812,-0.0096,-0.1872,0.0001,-0.0068,1.0294,-0.0544,1.5988,0.000202,-0.0,0.0
21.33,FLIGHT,1.0031,1.5918,-0.0575,-0.0811,-0.0572,-0.0814,-0.0096,-0.1872,0.0002,-0.0068,1.0284,-0.0542,1.5987,0.000202,-0.0,0.0
21.335,FLIGHT,1.0028,1.5913,-0.057,-0.0813,-0.0565,-0.0813,-0.0096,-0.1872,0.0003,-0.0068,1.0273,-0.054,1.5986,0.000202,-0.0,0.0
21.34,FLIGHT,1.0025,1.5909,-0.0564,-0.0812,-0.0557,-0.081,-0.0096,-0.1873,0.0005,-0.0068,1.0262,-0.0538,1.5985,0.000202,-0.0,0.0
21.345,FLIGHT,1.0022,1.5905,-0.0556,-0.0809,-0.0548,-0.0805,-0.0096,-0.1873,0.0006,-0.0068,1.0252,-0.0536,1.5983,0.000202,-0.0,0.0
21.35,FLIGHT,1.002,1.5901,-0.0546,-0.0803,-0.0537,-0.0797,-0.0096,-0.1873,0.0007,-0.0067,1.0241,-0.0534,1.5982,0.000202,-0.0,0.0
21.355,FLIGHT,1.0017,1.5897,-0.0535,-0.0796,-0.0525,-0.0788,-0.0096,-0.1874,0.0008,-0.0067,1.023,-0.0532,1.5981,0.000202,-0.0,0.0
21.36,FLIGHT,1.0014,1.5893,-0.0523,-0.0786,-0.0511,-0.0777,-0.0096,-0.1874,0.0009,-0.0066,1.0219,-0.0531,1.5979,0.000202,0.0,0.0
21.365,FLIGHT,1.0012,1.589,-0.0509,-0.0775,-0.0497,-0.0764,-0.0096,-0.1874,0.001,-0.0065,1.0207,-0.0529,1.5978,0.000202,0.0,0.0
21.37,FLIGHT,1.0009,1.5886,-0.0495,-0.0761,-0.0481,-0.0749,-0.0095,-0.1875,0.0011,-0.0064,1.0196,-0.0528,1.5977,0.000202,0.0,0.0
21.375,FLIGHT,1.0007,1.5882,-0.0479,-0.0747,-0.0465,-0.0733,-0.0095,-0.1875,0.0011,-0.0063,1.0184,-0.0526,1.5975,0.000202,0.0,0.0
21.38,FLIGHT,1.0005,1.5879,-0.0463,-0.073,-0.0448,-0.0715,-0.0095,-0.1875,0.0012,-0.0062,1.0173,-0.0525,1.5974,0.000202,0.0,0.0
21.385,FLIGHT,1.0003,1.5875,-0.0446,-0.0713,-0.043,-0.0696,-0.0095,-0.1876,0.0013,-0.006,1.0161,-0.0524,1.5973,0.000202,0.0,0.0
21.39,FLIGHT,1.0,1.5872,-0.0428,-0.0694,-0.0412,-0.0676,-0.0095,-0.1876,0.0014,-0.0059,1.0149,-0.0523,1.5972,0.000202,0.0,0.0
21.395,FLIGHT,0.9998,1.5868,-0.041,-0.0674,-0.0393,-0.0656,-0.0095,-0.1876,0.0015,-0.0057,1.0137,-0.0522,1.5971,0.000202,0.0,0.0
21.4,FLIGHT,0.9997,1.5865,-0.0391,-0.0653,-0.0374,-0.0634,-0.0095,-0.1876,0.0015,-0.0055,1.0125,-0.0521,1.5969,0.000202,0.0,0.0
21.405,FLIGHT,0.9995,1.5862,-0.0372,-0.0631,-0.0354,-0.0611,-0.0095,-0.1877,0.0016,-0.0053,1.0113,-0.052,1.5968,0.000202,0.0,0.0
21.41,FLIGHT,0.9993,1.5859,-0.0352,-0.0608,-0.0335,-0.0588,-0.0095,-0.1877,0.0016,-0.0052,1.01,-0.0519,1.5967,0.000203,0.0,0.0
21.415,FLIGHT,0.9991,1.5856,-0.0333,-0.0585,-0.0315,-0.0564,-0.0095,-0.1877,0.0017,-0.005,1.0088,-0.0519,1.5966,0.000203,0.0,0.0
21.42,FLIGHT,0.999,1.5853,-0.0313,-0.0561,-0.0295,-0.054,-0.0095,-0.1877,0.0017,-0.0048,1.0075,-0.0518,1.5965,0.000203,0.0,0.0
21.425,FLIGHT,0.9988,1.5851,-0.0293,-0.0537,-0.0275,-0.0515,-0.0095,-0.1878,0.0018,-0.0046,1.0063,-0.0518,1.5964,0.000203,0.0,0.0
21.43,FLIGHT,0.9987,1.5848,-0.0273,-0.0512,-0.0255,-0.049,-0.0095,-0.1878,0.0018,-0.0044,1.005,-0.0517,1.5963,0.000203,0.0,0.0
21.435,FLIGHT,0.9986,1.5846,-0.0253,-0.0487,-0.0236,-0.0465,-0.0094,-0.1878,0.0019,-0.0042,1.0037,-0.0517,1.5962,0.000203,0.0,0.0
21.44,FLIGHT,0.9985,1.5843,-0.0234,-0.0462,-0.0216,-0.0439,-0.0094,-0.1878,0.0019,-0.0039,1.0024,-0.0517,1.5961,0.000204,0.0,0.0
21.445,FLIGHT,0.9984,1.5841,-0.0214,-0.0437,-0.0197,-0.0414,-0.0094,-0.1878,0.0019,-0.0037,1.0011,-0.0516,1.5961,0.000204,0.0,0.0
21.45,FLIGHT,0.9983,1.5839,-0.0195,-0.0411,-0.0178,-0.0389,-0.0094,-0.1879,0.0019,-0.0035,0.9998,-0.0516,1.596,0.000204,0.0,0.0
21.455,STANCE,0.9995,1.5848,0.2043,0.1264,0.7019,0.2141,-0.0093,-0.1878,0.0212,0.0095,0.9988,0.0281,-0.4244,-0.00075,-0.4129,0.0833
21.46,STANCE,1.0039,1.5846,0.6432,-0.0024,0.4531,-0.006,-0.0084,-0.1879,0.1211,-0.0056,0.9981,-0.3313,-0.9783,-0.002829,-0.2427,0.0514
21.465,STANCE,1.0048,1.5851,0.3136,0.0786,0.1018,0.1151,-0.0083,-0.1878,0.0482,0.0044,0.9982,-0.4788,-1.6033,-0.003437,-0.0469,0.0128
21.47,STANCE,1.0059,1.5848,0.2635,-0.0411,0.3709,-0.2985,-0.0081,-0.1878,0.0551,-0.0058,0.9984,-0.7744,-2.0523,-0.003484,0.0203,0.0035
21.475,STANCE,1.0084,1.5809,0.4296,-0.635,0.4704,-1.7746,-0.0071,-0.1882,0.1679,-0.0591,0.9984,-1.1639,-2.1296,-0.003202,0.1294,0.0032
21.48,STANCE,1.0119,1.5726,0.6247,-1.339,0.7304,-2.0268,-0.0053,-0.189,0.3029,-0.1194,0.9985,-1.5358,-1.9357,-0.002612,0.152,0.0026
21.485,STANCE,1.0163,1.562,0.8296,-1.8847,1.1961,-2.2798,-0.003,-0.1899,0.4201,-0.1619,0.9985,-1.8332,-1.5872,-0.001961,0.0516,0.002
21.49,STANCE,1.0233,1.5491,1.2139,-2.3934,1.2897,-3.1243,0.0001,-0.191,0.5693,-0.1957,0.9987,-2.1028,-1.0528,-0.001899,0.0443,0.0019
21.495,STANCE,1.0303,1.5336,1.3384,-2.8914,1.3835,-3.1603,0.0037,-0.1922,0.6701,-0.2224,0.9988,-2.118,-0.3862,-0.001831,0.0081,0.0018
21.5,STANCE,1.0363,1.5175,1.2331,-3.1021,1.0278,-3.1948,0.0072,-0.1934,0.6868,-0.2252,0.999,-1.862,0.2113,-0.001686,0.047,0.0017
21.505,STANCE,1.0406,1.5021,0.9614,-3.0732,0.7299,-2.9044,0.0102,-0.1945,0.6356,-0.2132,0.9992,-1.3844,0.6863,-0.001393,0.0614,0.0014
21.51,STANCE,1.0432,1.4878,0.6532,-2.9053,0.3944,-2.7283,0.0128,-0.1955,0.5553,-0.1953,0.9996,-0.8182,1.0259,-0.000965,0.0942,0.001
21.515,STANCE,1.0445,1.4744,0.3877,-2.7411,0.2069,-2.5956,0.0151,-0.1964,0.4823,-0.1804,1.0,-0.3221,1.2453,-0.000417,0.112,0.0004
21.52,FLIGHT,1.0453,1.4615,0.2362,-2.6183,0.1996,-2.4721,0.0171,-0.1973,0.437,-0.1685,1.0005,-1.3504,2.6345,0.000169,0.0942,0.0
21.525,FLIGHT,1.0448,1.4511,-0.0536,-2.1845,-0.5787,-1.4783,0.0186,-0.1979,0.3165,-0.1418,1.0011,-1.3291,2.6057,0.000546,0.0591,0.0
21.53,FLIGHT,1.0396,1.4467,-0.7644,-1.249,-1.4569,-0.3465,0.0182,-0.1983,0.0354,-0.0945,1.0021,-1.1055,2.4159,0.000774,0.0332,0.0
21.535,FLIGHT,1.0305,1.4472,-1.5099,-0.2757,-2.1288,0.5371,0.0163,-0.1984,-0.2585,-0.0429,1.0033,-0.8101,2.1717,0.000891,0.0146,0.0
21.54,FLIGHT,1.0187,1.4516,-2.1115,0.5262,-2.5627,1.1415,0.0134,-0.1983,-0.4966,0.0078,1.0047,-0.5205,1.9348,0.00093,0.0019,0.0
21.545,FLIGHT,1.0053,1.4582,-2.5113,1.0916,-2.7771,1.4906,0.0097,-0.198,-0.6573,0.0535,1.0062,-0.272,1.733,0.000917,-0.0065,0.0013
21.55,FLIGHT,0.9913,1.4661,-2.7124,1.4258,-2.8113,1.631,0.0058,-0.1976,-0.7426,0.0906,1.0077,-0.0763,1.5757,0.000871,-0.0117,0.0023
21.555,FLIGHT,0.9774,1.4743,-2.7449,1.5647,-2.7099,1.6149,0.0019,-0.197,-0.7649,0.1164,1.0093,0.0671,1.4623,0.000804,-0.0146,0.0029
21.56,FLIGHT,0.9643,1.4821,-2.6478,1.554,-2.5145,1.4912,-0.0018,-0.1964,-0.7401,0.1302,1.0108,0.1644,1.3877,0.000728,-0.0159,0.0032
21.565,FLIGHT,0.9524,1.4891,-2.4596,1.439,-2.2607,1.3015,-0.0051,-0.1958,-0.6831,0.1326,1.0123,0.2236,1.345,0.000648,-0.016,0.0032
21.57,FLIGHT,0.9418,1.495,-2.214,1.2591,-1.9768,1.0789,-0.008,-0.1952,-0.6067,0.1256,1.0137,0.2531,1.327,0.000569,-0.0153,0.0031
21.575,FLIGHT,0.9326,1.4999,-1.9381,1.0462,-1.6843,0.8485,-0.0105,-0.1947,-0.5211,0.112,1.0151,0.2605,1.3272,0.000495,-0.0142,0.0028
21.58,FLIGHT,0.9249,1.5035,-1.6531,0.8246,-1.3986,0.6279,-0.0125,-0.1943,-0.4337,0.0942,1.0164,0.2522,1.3399,0.000427,-0.0128,0.0026
21.585,FLIGHT,0.9186,1.5062,-1.3741,0.6118,-1.1303,0.4288,-0.0141,-0.1939,-0.3495,0.0746,1.0176,0.2334,1.3605,0.000367,-0.0112,0.0022
21.59,FLIGHT,0.9136,1.5079,-1.1114,0.4191,-0.8856,0.2579,-0.0153,-0.1937,-0.2719,0.0552,1.0188,0.2083,1.3853,0.000315,-0.0096,0.0019
21.595,FLIGHT,0.9097,1.5088,-0.8715,0.2534,-0.6679,0.1181,-0.0162,-0.1936,-0.2028,0.0374,1.0199,0.18,1.4117,0.000272,-0.008,0.0016
21.6,FLIGHT,0.9068,1.5091,-0.6576,0.1177,-0.4782,0.0099,-0.0167,-0.1935,-0.143,0.0219,1.0209,0.1509,1.4378,0.000236,-0.0065,0.0013
21.605,FLIGHT,0.9049,1.5089,-0.4709,0.0125,-0.3158,-0.0685,-0.0171,-0.1935,-0.0928,0.0092,1.0219,0.1227,1.4622,0.000207,-0.0051,0.001
21.61,FLIGHT,0.9036,1.5085,-0.3108,-0.0637,-0.179,-0.1196,-0.0173,-0.1935,-0.0516,-0.0005,1.0229,0.0964,1.4842,0.000184,-0.0038,0.0008
21.615,FLIGHT,0.903,1.5078,-0.1759,-0.1135,-0.0655,-0.1471,-0.0173,-0.1935,-0.0188,-0.0075,1.0239,0.0728,1.5033,0.000168,-0.0028,0.0006
21.62,FLIGHT,0.9029,1.507,-0.0636,-0.1401,0.0276,-0.1547,-0.0172,-0.1936,0.0065,-0.0119,1.0248,0.0521,1.5195,0.000157,-0.0018,0.0004
21.625,FLIGHT,0.9033,1.5063,0.0286,-0.1472,0.103,-0.146,-0.0171,-0.1937,0.0253,-0.0141,1.0257,0.0344,1.5328,0.00015,-0.0011,0.0002
21.63,FLIGHT,0.904,1.5056,0.1035,-0.1385,0.1637,-0.1246,-0.0168,-0.1938,0.0387,-0.0145,1.0266,0.0197,1.5433,0.000146,-0.0004,0.0001
21.635,FLIGHT,0.9049,1.505,0.1638,-0.1174,0.2121,-0.0938,-0.0166,-0.1938,0.0475,-0.0135,1.0275,0.0077,1.5515,0.000145,0.0001,0.0
21.64,FLIGHT,0.9061,1.5047,0.2121,-0.0869,0.2506,-0.0564,-0.0163,-0.1939,0.0528,-0.0114,1.0284,-0.0019,1.5576,0.000146,0.0004,0.0
21.645,FLIGHT,0.9074,1.5045,0.2505,-0.05,0.2812,-0.0147,-0.016,-0.1939,0.0553,-0.0086,1.0293,-0.0095,1.562,0.000149,0.0007,0.0
21.65,FLIGHT,0.9089,1.5045,0.2812,-0.0089,0.3058,0.0291,-0.0157,-0.1939,0.0557,-0.0052,1.0301,-0.0152,1.5649,0.000153,0.0009,0.0
21.655,FLIGHT,0.9104,1.5048,0.3058,0.0343,0.3256,0.0735,-0.0155,-0.1939,0.0547,-0.0016,1.031,-0.0196,1.5667,0.000158,0.001,0.0
21.66,FLIGHT,0.9121,1.5053,0.3258,0.0782,0.3418,0.1173,-0.0152,-0.1939,0.0526,0.0022,1.0318,-0.0227,1.5677,0.000163,0.0011,0.0
21.665,FLIGHT,0.9139,1.5059,0.3421,0.1214,0.3554,0.1595,-0.015,-0.1939,0.0499,0.0059,1.0327,-0.0251,1.5681,0.000168,0.0011,0.0
21.67,FLIGHT,0.9157,1.5068,0.3558,0.163,0.367,0.1993,-0.0147,-0.1938,0.0469,0.0096,1.0335,-0.0267,1.5681,0.000174,0.0011,0.0
21.675,FLIGHT,0.9175,1.5079,0.3674,0.2023,0.3771,0.2365,-0.0145,-0.1938,0.0438,0.013,1.0344,-0.028,1.5678,0.000179,0.001,0.0
21.68,FLIGHT,0.9194,1.5092,0.3776,0.239,0.386,0.2706,-0.0143,-0.1937,0.0407,0.0163,1.0352,-0.0289,1.5674,0.000184,0.001,0.0
21.685,FLIGHT,0.9214,1.5106,0.3865,0.2728,0.394,0.3016,-0.0141,-0.1936,0.0379,0.0192,1.036,-0.0297,1.5669,0.000189,0.0009,0.0
21.69,FLIGHT,0.9234,1.5122,0.3945,0.3034,0.4012,0.3294,-0.014,-0.1935,0.0352,0.022,1.0368,-0.0303,1.5665,0.000193,0.0008,0.0
21.695,FLIGHT,0.9254,1.5139,0.4016,0.3309,0.4077,0.3542,-0.0138,-0.1933,0.0328,0.0244,1.0375,-0.031,1.5662,0.000197,0.0008,0.0
21.7,FLIGHT,0.9274,1.5158,0.4081,0.3554,0.4135,0.3759,-0.0137,-0.1932,0.0306,0.0266,1.0383,-0.0317,1.566,0.000201,0.0007,0.0
21.705,FLIGHT,0.9295,1.5177,0.4137,0.3769,0.4185,0.3948,-0.0135,-0.1931,0.0288,0.0285,1.0391,-0.0324,1.566,0.000204,0.0006,0.0
21.71,FLIGHT,0.9316,1.5197,0.4187,0.3956,0.4228,0.4111,-0.0134,-0.1929,0.0271,0.0302,1.0398,-0.0332,1.566,0.000207,0.0006,0.0
21.715,FLIGHT,0.9337,1.5218,0.4229,0.4116,0.4263,0.4248,-0.0133,-0.1927,0.0257,0.0316,1.0405,-0.0341,1.5663,0.00021,0.0005,0.0
21.72,FLIGHT,0.9359,1.5239,0.4263,0.4251,0.429,0.4362,-0.0131,-0.1926,0.0244,0.0328,1.0412,-0.035,1.5666,0.000213,0.0005,0.0
21.725,FLIGHT,0.938,1.5261,0.4289,0.4364,0.4308,0.4454,-0.013,-0.1924,0.0233,0.0339,1.0419,-0.0361,1.5671,0.000215,0.0004,0.0
21.73,FLIGHT,0.9402,1.5284,0.4306,0.4455,0.4318,0.4527,-0.0129,-0.1922,0.0224,0.0347,1.0426,-0.0372,1.5676,0.000217,0.0004,0.0
21.735,FLIGHT,0.9424,1.5307,0.4314,0.4526,0.4318,0.4581,-0.0128,-0.192,0.0215,0.0354,1.0432,-0.0383,1.5683,0.000219,0.0003,0.0
21.74,FLIGHT,0.9445,1.533,0.4314,0.4579,0.4309,0.4619,-0.0127,-0.1919,0.0207,0.036,1.0439,-0.0395,1.569,0.00022,0.0003,0.0
21.745,FLIGHT,0.9467,1.5353,0.4304,0.4615,0.4291,0.464,-0.0126,-0.1917,0.0199,0.0363,1.0445,-0.0407,1.5698,0.000222,0.0003,0.0
21.75,FLIGHT,0.9488,1.5376,0.4285,0.4636,0.4265,0.4647,-0.0125,-0.1915,0.0192,0.0366,1.045,-0.0419,1.5707,0.000223,0.0003,0.0
21.755,FLIGHT,0.9509,1.5399,0.4258,0.4642,0.4229,0.4641,-0.0124,-0.1913,0.0185,0.0367,1.0456,-0.0431,1.5716,0.000224,0.0002,0.0
21.76,FLIGHT,0.953,1.5422,0.4222,0.4635,0.4185,0.4622,-0.0123,-0.1911,0.0179,0.0368,1.0462,-0.0443,1.5725,0.000225,0.0002,0.0
21.765,FLIGHT,0.9551,1.5446,0.4177,0.4615,0.4133,0.4592,-0.0122,-0.1909,0.0172,0.0367,1.0467,-0.0455,1.5735,0.000226,0.0002,0.0
21.77,FLIGHT,0.9572,1.5468,0.4124,0.4584,0.4073,0.4551,-0.0122,-0.1908,0.0166,0.0365,1.0472,-0.0467,1.5744,0.000227,0.0002,0.0
21.775,FLIGHT,0.9592,1.5491,0.4063,0.4542,0.4006,0.45,-0.0121,-0.1906,0.0159,0.0363,1.0476,-0.0478,1.5754,0.000228,0.0001,0.0
21.78,FLIGHT,0.9612,1.5513,0.3995,0.449,0.3932,0.444,-0.012,-0.1904,0.0153,0.0359,1.0481,-0.0489,1.5764,0.000228,0.0001,0.0
21.785,FLIGHT,0.9631,1.5535,0.3921,0.4429,0.3851,0.4371,-0.0119,-0.1902,0.0146,0.0355,1.0485,-0.05,1.5774,0.000229,0.0001,0.0
21.79,FLIGHT,0.965,1.5557,0.384,0.436,0.3765,0.4294,-0.0119,-0.1901,0.014,0.035,1.0489,-0.051,1.5783,0.000229,0.0001,0.0
21.795,FLIGHT,0.9669,1.5578,0.3753,0.4282,0.3673,0.4209,-0.0118,-0.1899,0.0133,0.0345,1.0493,-0.052,1.5793,0.00023,0.0001,0.0
21.8,FLIGHT,0.9687,1.5599,0.3661,0.4198,0.3576,0.4118,-0.0117,-0.1897,0.0126,0.0338,1.0496,-0.0529,1.5802,0.00023,0.0,0.0
21.805,FLIGHT,0.9704,1.5619,0.3564,0.4106,0.3475,0.4021,-0.0117,-0.1896,0.012,0.0332,1.0499,-0.0538,1.5811,0.00023,0.0,0.0
21.81,FLIGHT,0.9722,1.5639,0.3463,0.4009,0.3371,0.3918,-0.0116,-0.1894,0.0114,0.0324,1.0502,-0.0546,1.582,0.00023,0.0,0.0
21.815,FLIGHT,0.9738,1.5659,0.3358,0.3905,0.3262,0.3811,-0.0116,-0.1892,0.0107,0.0316,1.0504,-0.0554,1.5829,0.00023,-0.0,0.0
21.82,FLIGHT,0.9754,1.5677,0.325,0.3797,0.3151,0.3698,-0.0115,-0.1891,0.0101,0.0308,1.0507,-0.0561,1.5838,0.00023,-0.0,0.0
21.825,FLIGHT,0.977,1.5696,0.3138,0.3684,0.3038,0.3581,-0.0115,-0.1889,0.0095,0.0299,1.0509,-0.0568,1.5846,0.00023,-0.0,0.0
21.83,FLIGHT,0.9785,1.5713,0.3025,0.3568,0.2922,0.3461,-0.0114,-0.1888,0.0089,0.029,1.051,-0.0574,1.5854,0.00023,-0.0,0.0
21.835,FLIGHT,0.9799,1.573,0.2909,0.3447,0.2805,0.3338,-0.0114,-0.1887,0.0083,0.0281,1.0512,-0.058,1.5862,0.000229,-0.0001,0.0
21.84,FLIGHT,0.9813,1.5747,0.2793,0.3324,0.2687,0.3212,-0.0114,-0.1885,0.0077,0.0271,1.0513,-0.0586,1.587,0.000229,-0.0001,0.0
21.845,FLIGHT,0.9826,1.5762,0.2674,0.3198,0.2568,0.3084,-0.0113,-0.1884,0.0072,0.0261,1.0514,-0.0591,1.5877,0.000229,-0.0001,0.0
21.85,FLIGHT,0.9838,1.5777,0.2556,0.307,0.2449,0.2954,-0.0113,-0.1883,0.0066,0.0251,1.0514,-0.0595,1.5884,0.000228,-0.0001,0.0
21.855,FLIGHT,0.985,1.5792,0.2436,0.294,0.233,0.2823,-0.0113,-0.1882,0.0061,0.0241,1.0515,-0.06,1.5891,0.000228,-0.0001,0.0
21.86,FLIGHT,0.9862,1.5806,0.2317,0.2809,0.2211,0.2692,-0.0112,-0.188,0.0056,0.023,1.0515,-0.0603,1.5898,0.000227,-0.0001,0.0
21.865,FLIGHT,0.9872,1.5819,0.2199,0.2678,0.2092,0.2559,-0.0112,-0.1879,0.0052,0.022,1.0514,-0.0607,1.5905,0.000227,-0.0001,0.0
21.87,FLIGHT,0.9883,1.5831,0.208,0.2545,0.1975,0.2427,-0.0112,-0.1878,0.0047,0.0209,1.0514,-0.061,1.5911,0.000226,-0.0001,0.0
21.875,FLIGHT,0.9892,1.5843,0.1963,0.2413,0.1859,0.2295,-0.0112,-0.1877,0.0043,0.0199,1.0513,-0.0612,1.5917,0.000226,-0.0001,0.0
21.88,FLIGHT,0.9901,1.5854,0.1847,0.2281,0.1744,0.2163,-0.0111,-0.1876,0.0039,0.0188,1.0512,-0.0614,1.5922,0.000225,-0.0001,0.0
21.885,FLIGHT,0.991,1.5865,0.1733,0.215,0.1631,0.2033,-0.0111,-0.1876,0.0035,0.0177,1.051,-0.0616,1.5928,0.000224,-0.0001,0.0
21.89,FLIGHT,0.9917,1.5875,0.162,0.202,0.152,0.1904,-0.0111,-0.1875,0.0031,0.0167,1.0508,-0.0618,1.5933,0.000224,-0.0001,0.0
21.895,FLIGHT,0.9925,1.5884,0.1509,0.1891,0.1411,0.1776,-0.0111,-0.1874,0.0028,0.0156,1.0506,-0.0619,1.5938,0.000223,-0.0001,0.0
21.9,FLIGHT,0.9932,1.5892,0.14,0.1763,0.1304,0.165,-0.0111,-0.1873,0.0024,0.0146,1.0504,-0.062,1.5942,0.000222,-0.0001,0.0
21.905,FLIGHT,0.9938,1.59,0.1294,0.1638,0.12,0.1526,-0.0111,-0.1873,0.0021,0.0136,1.0501,-0.062,1.5947,0.000222,-0.0001,0.0
21.91,FLIGHT,0.9944,1.5908,0.119,0.1514,0.1099,0.1405,-0.0111,-0.1872,0.0019,0.0125,1.0498,-0.0621,1.5951,0.000221,-0.0001,0.0
21.915,FLIGHT,0.9949,1.5914,0.1089,0.1393,0.1,0.1286,-0.0111,-0.1871,0.0016,0.0116,1.0495,-0.0621,1.5955,0.00022,-0.0001,0.0
21.92,FLIGHT,0.9954,1.592,0.0991,0.1275,0.0905,0.117,-0.0111,-0.1871,0.0014,0.0106,1.0492,-0.0621,1.5959,0.00022,-0.0001,0.0
21.925,FLIGHT,0.9958,1.5926,0.0896,0.1159,0.0812,0.1056,-0.0111,-0.187,0.0011,0.0096,1.0488,-0.062,1.5962,0.000219,-0.0001,0.0
21.93,FLIGHT,0.9962,1.5931,0.0804,0.1046,0.0723,0.0946,-0.0111,-0.187,0.0009,0.0087,1.0484,-0.0619,1.5965,0.000218,-0.0001,0.0
21.935,FLIGHT,0.9965,1.5936,0.0715,0.0936,0.0637,0.0839,-0.011,-0.187,0.0007,0.0078,1.048,-0.0619,1.5968,0.000218,-0.0001,0.0
21.94,FLIGHT,0.9968,1.5939,0.0629,0.083,0.0554,0.0736,-0.011,-0.1869,0.0006,0.0069,1.0475,-0.0617,1.5971,0.000217,-0.0001,0.0
21.945,FLIGHT,0.9971,1.5943,0.0547,0.0726,0.0474,0.0635,-0.011,-0.1869,0.0004,0.0061,1.0471,-0.0616,1.5973,0.000216,-0.0001,0.0
21.95,FLIGHT,0.9973,1.5946,0.0468,0.0627,0.0398,0.0539,-0.011,-0.1869,0.0003,0.0052,1.0465,-0.0615,1.5975,0.000216,-0.0001,0.0
21.955,FLIGHT,0.9975,1.5948,0.0392,0.053,0.0326,0.0446,-0.011,-0.1869,0.0002,0.0044,1.046,-0.0613,1.5977,0.000215,-0.0001,0.0
21.96,FLIGHT,0.9976,1.595,0.032,0.0438,0.0257,0.0357,-0.011,-0.1868,0.0001,0.0037,1.0455,-0.0611,1.5979,0.000214,-0.0001,0.0
21.965,FLIGHT,0.9977,1.5952,0.0251,0.0349,0.0192,0.0271,-0.011,-0.1868,-0.0,0.0029,1.0449,-0.061,1.5981,0.000214,-0.0001,0.0
21.97,FLIGHT,0.9978,1.5953,0.0186,0.0264,0.013,0.019,-0.011,-0.1868,-0.0001,0.0022,1.0443,-0.0608,1.5982,0.000213,-0.0001,0.0
21.975,FLIGHT,0.9979,1.5954,0.0125,0.0183,0.0071,0.0112,-0.011,-0.1868,-0.0001,0.0015,1.0437,-0.0605,1.5984,0.000213,-0.0001,0.0
21.98,FLIGHT,0.9979,1.5954,0.0067,0.0106,0.0016,0.0038,-0.011,-0.1868,-0.0002,0.0009,1.043,-0.0603,1.5985,0.000212,-0.0001,0.0
21.985,FLIGHT,0.9979,1.5954,0.0012,0.0032,-0.0035,-0.0032,-0.011,-0.1868,-0.0002,0.0003,1.0424,-0.0601,1.5986,0.000212,-0.0001,0.0
21.99,FLIGHT,0.9978,1.5954,-0.0039,-0.0038,-0.0084,-0.0098,-0.011,-0.1868,-0.0002,-0.0003,1.0417,-0.0599,1.5987,0.000211,-0.0001,0.0
21.995,FLIGHT,0.9978,1.5953,-0.0087,-0.0103,-0.0128,-0.016,-0.011,-0.1868,-0.0002,-0.0009,1.041,-0.0596,1.5987,0.000211,-0.0001,0.0
22.0,FLIGHT,0.9977,1.5952,-0.0131,-0.0165,-0.017,-0.0219,-0.011,-0.1868,-0.0002,-0.0014,1.0402,-0.0594,1.5988,0.00021,-0.0001,0.0
22.005,FLIGHT,0.9976,1.5951,-0.0173,-0.0223,-0.0208,-0.0274,-0.011,-0.1868,-0.0002,-0.0019,1.0395,-0.0591,1.5988,0.00021,-0.0001,0.0
22.01,FLIGHT,0.9975,1.5949,-0.0211,-0.0277,-0.0243,-0.0324,-0.0111,-0.1868,-0.0002,-0.0023,1.0387,-0.0589,1.5988,0.000209,-0.0001,0.0
22.015,FLIGHT,0.9974,1.5948,-0.0245,-0.0328,-0.0275,-0.0372,-0.0111,-0.1869,-0.0002,-0.0027,1.0379,-0.0586,1.5988,0.000209,-0.0001,0.0
22.02,FLIGHT,0.9972,1.5946,-0.0277,-0.0375,-0.0304,-0.0415,-0.0111,-0.1869,-0.0001,-0.0031,1.0371,-0.0584,1.5988,0.000208,-0.0001,0.0
22.025,FLIGHT,0.9971,1.5944,-0.0306,-0.0418,-0.033,-0.0455,-0.0111,-0.1869,-0.0001,-0.0035,1.0363,-0.0581,1.5988,0.000208,-0.0001,0.0
22.03,FLIGHT,0.9969,1.5941,-0.0331,-0.0458,-0.0353,-0.0491,-0.0111,-0.1869,-0.0,-0.0038,1.0354,-0.0579,1.5988,0.000208,-0.0001,0.0
22.035,FLIGHT,0.9967,1.5939,-0.0354,-0.0494,-0.0374,-0.0525,-0.0111,-0.1869,0.0,-0.0041,1.0345,-0.0576,1.5987,0.000207,-0.0001,0.0
22.04,FLIGHT,0.9965,1.5936,-0.0374,-0.0526,-0.0391,-0.0554,-0.0111,-0.187,0.0001,-0.0044,1.0337,-0.0574,1.5987,0.000207,-0.0001,0.0
22.045,FLIGHT,0.9963,1.5933,-0.0392,-0.0556,-0.0407,-0.0581,-0.011,-0.187,0.0002,-0.0047,1.0327,-0.0572,1.5986,0.000207,-0.0001,0.0
22.05,FLIGHT,0.9961,1.593,-0.0407,-0.0582,-0.0419,-0.0604,-0.011,-0.187,0.0002,-0.0049,1.0318,-0.0569,1.5986,0.000207,-0.0,0.0
22.055,FLIGHT,0.9959,1.5927,-0.0419,-0.0605,-0.043,-0.0624,-0.011,-0.187,0.0003,-0.0051,1.0309,-0.0567,1.5985,0.000206,-0.0,0.0
22.06,FLIGHT,0.9957,1.5924,-0.043,-0.0625,-0.0438,-0.0641,-0.011,-0.1871,0.0004,-0.0052,1.0299,-0.0565,1.5984,0.000206,-0.0,0.0
22.065,FLIGHT,0.9955,1.5921,-0.0437,-0.0642,-0.0444,-0.0656,-0.011,-0.1871,0.0005,-0.0054,1.029,-0.0562,1.5984,0.000206,-0.0,0.0
22.07,FLIGHT,0.9952,1.5917,-0.0443,-0.0656,-0.0447,-0.0667,-0.011,-0.1871,0.0006,-0.0055,1.028,-0.056,1.5983,0.000206,-0.0,0.0
22.075,FLIGHT,0.995,1.5914,-0.0447,-0.0667,-0.0449,-0.0676,-0.011,-0.1871,0.0006,-0.0056,1.027,-0.0558,1.5982,0.000206,-0.0,0.0
22.08,FLIGHT,0.9948,1.5911,-0.0449,-0.0676,-0.0449,-0.0683,-0.011,-0.1872,0.0007,-0.0057,1.026,-0.0556,1.5981,0.000206,-0.0,0.0
22.085,FLIGHT,0.9946,1.5907,-0.0449,-0.0682,-0.0448,-0.0687,-0.011,-0.1872,0.0008,-0.0057,1.0249,-0.0554,1.598,0.000206,-0.0,0.0
22.09,FLIGHT,0.9944,1.5904,-0.0447,-0.0686,-0.0445,-0.0688,-0.011,-0.1872,0.0009,-0.0058,1.0239,-0.0552,1.5979,0.000205,-0.0,0.0
22.095,FLIGHT,0.9941,1.59,-0.0443,-0.0688,-0.044,-0.0688,-0.011,-0.1873,0.001,-0.0058,1.0228,-0.055,1.5978,0.000205,-0.0,0.0
22.1,FLIGHT,0.9939,1.5897,-0.0439,-0.0687,-0.0434,-0.0686,-0.011,-0.1873,0.0011,-0.0058,1.0217,-0.0549,1.5977,0.000205,-0.0,0.0
22.105,FLIGHT,0.9937,1.5893,-0.0432,-0.0684,-0.0426,-0.0681,-0.011,-0.1873,0.0011,-0.0058,1.0206,-0.0547,1.5976,0.000205,-0.0,0.0
22.11,FLIGHT,0.9935,1.589,-0.0425,-0.068,-0.0417,-0.0675,-0.011,-0.1873,0.0012,-0.0057,1.0195,-0.0545,1.5975,0.000205,-0.0,0.0
22.115,FLIGHT,0.9933,1.5887,-0.0416,-0.0673,-0.0407,-0.0667,-0.011,-0.1874,0.0013,-0.0057,1.0184,-0.0544,1.5974,0.000205,0.0,0.0
22.12,FLIGHT,0.9931,1.5883,-0.0406,-0.0665,-0.0397,-0.0657,-0.011,-0.1874,0.0014,-0.0056,1.0173,-0.0543,1.5973,0.000205,0.0,0.0
22.125,FLIGHT,0.9929,1.588,-0.0395,-0.0655,-0.0385,-0.0646,-0.011,-0.1874,0.0014,-0.0056,1.0162,-0.0541,1.5972,0.000205,0.0,0.0
22.13,FLIGHT,0.9927,1.5877,-0.0383,-0.0644,-0.0372,-0.0633,-0.011,-0.1875,0.0015,-0.0055,1.015,-0.054,1.5971,0.000205,0.0,0.0
22.135,FLIGHT,0.9925,1.5874,-0.0371,-0.0631,-0.0359,-0.062,-0.011,-0.1875,0.0016,-0.0054,1.0138,-0.0539,1.5969,0.000205,0.0,0.0
22.14,FLIGHT,0.9923,1.5871,-0.0357,-0.0618,-0.0345,-0.0605,-0.011,-0.1875,0.0016,-0.0052,1.0127,-0.0538,1.5968,0.000205,0.0,0.0
22.145,FLIGHT,0.9922,1.5868,-0.0343,-0.0603,-0.033,-0.0589,-0.0109,-0.1875,0.0017,-0.0051,1.0115,-0.0537,1.5967,0.000205,0.0,0.0
22.15,FLIGHT,0.992,1.5865,-0.0329,-0.0586,-0.0315,-0.0571,-0.0109,-0.1876,0.0018,-0.005,1.0103,-0.0536,1.5966,0.000206,0.0,0.0
22.155,FLIGHT,0.9919,1.5862,-0.0314,-0.0569,-0.03,-0.0554,-0.0109,-0.1876,0.0018,-0.0049,1.0091,-0.0535,1.5966,0.000206,0.0,0.0
22.16,FLIGHT,0.9917,1.5859,-0.0298,-0.0551,-0.0284,-0.0535,-0.0109,-0.1876,0.0019,-0.0047,1.0078,-0.0534,1.5965,0.000206,0.0,0.0
22.165,FLIGHT,0.9916,1.5857,-0.0282,-0.0533,-0.0268,-0.0515,-0.0109,-0.1876,0.0019,-0.0046,1.0066,-0.0534,1.5964,0.000206,0.0,0.0
22.17,FLIGHT,0.9914,1.5854,-0.0266,-0.0513,-0.0252,-0.0496,-0.0109,-0.1877,0.0019,-0.0044,1.0054,-0.0533,1.5963,0.000206,0.0,0.0
22.175,FLIGHT,0.9913,1.5852,-0.025,-0.0493,-0.0235,-0.0475,-0.0109,-0.1877,0.002,-0.0042,1.0041,-0.0533,1.5962,0.000206,0.0,0.0
22.18,FLIGHT,0.9912,1.5849,-0.0234,-0.0473,-0.0219,-0.0454,-0.0109,-0.1877,0.002,-0.0041,1.0028,-0.0532,1.5961,0.000206,0.0,0.0
22.185,FLIGHT,0.9911,1.5847,-0.0217,-0.0452,-0.0203,-0.0433,-0.0109,-0.1877,0.002,-0.0039,1.0015,-0.0532,1.596,0.000206,0.0,0.0
22.19,FLIGHT,0.991,1.5845,-0.0201,-0.0431,-0.0186,-0.0411,-0.0109,-0.1877,0.002,-0.0037,1.0003,-0.0532,1.596,0.000207,0.0,0.0
22.195,STANCE,0.9913,1.5847,0.0644,0.036,0.4265,0.208,-0.0108,-0.1877,0.0072,0.0026,0.9991,0.1204,-0.274,-0.000132,-0.2832,0.0568
22.2,STANCE,0.9961,1.5844,0.7142,-0.0795,1.2738,-0.415,-0.0099,-0.1878,0.1449,-0.0143,0.9982,-0.2791,-0.8362,-0.002227,-0.4574,0.0937
22.205,STANCE,0.9986,1.5839,0.5144,-0.0611,0.1313,0.0987,-0.0093,-0.1879,0.1049,-0.0103,0.9981,-0.4636,-1.4462,-0.003256,-0.0665,0.0166
22.21,STANCE,0.9993,1.5842,0.2651,0.0052,0.2202,-0.0814,-0.0093,-0.1878,0.0491,-0.002,0.9982,-0.664,-2.0051,-0.003329,0.0233,0.0033
22.215,STANCE,1.0012,1.5825,0.3684,-0.2548,0.569,-0.6138,-0.0087,-0.188,0.104,-0.026,0.9984,-1.0109,-2.2771,-0.003094,0.067,0.0031
22.22,STANCE,1.0042,1.5757,0.5334,-1.0409,0.6577,-1.8126,-0.0072,-0.1886,0.2433,-0.0956,0.9984,-1.3658,-2.1107,-0.002503,0.1516,0.0025
22.225,STANCE,1.0094,1.5663,0.9205,-1.6491,1.4266,-2.26,-0.0049,-0.1895,0.4026,-0.1466,0.9985,-1.7574,-1.7826,-0.002145,-0.0118,0.0045
22.23,STANCE,1.0171,1.5525,1.3614,-2.4495,1.7327,-3.0331,-0.0015,-0.1907,0.603,-0.2057,0.9985,-2.0974,-1.1452,-0.002247,-0.0495,0.0122
22.235,STANCE,1.0255,1.536,1.5651,-3.0368,1.6889,-3.304,0.0024,-0.192,0.7325,-0.2381,0.9984,-2.2017,-0.4415,-0.002427,-0.0512,0.0127
22.24,STANCE,1.0328,1.519,1.4699,-3.2821,1.2119,-3.4341,0.0063,-0.1933,0.7572,-0.2408,0.9985,-2.0016,0.1815,-0.002519,0.012,0.0025
22.245,STANCE,1.038,1.5027,1.1599,-3.2468,0.7817,-3.1866,0.0096,-0.1945,0.6987,-0.226,0.9986,-1.5426,0.6708,-0.002434,0.0475,0.0024
22.25,STANCE,1.0412,1.4878,0.7855,-3.0501,0.4802,-2.8183,0.0124,-0.1955,0.602,-0.205,0.9989,-0.9576,1.0199,-0.002179,0.0609,0.0022
22.255,STANCE,1.0428,1.4741,0.4587,-2.8362,0.187,-2.6977,0.0148,-0.1965,0.5101,-0.1865,0.9992,-0.4137,1.2462,-0.001778,0.0972,0.0018
22.26,STANCE,1.0436,1.4611,0.2575,-2.6691,0.1394,-2.5472,0.0169,-0.1973,0.4485,-0.1721,0.9996,-0.1022,1.3381,-0.001302,0.0989,0.0013
22.265,FLIGHT,1.0435,1.4497,0.023,-2.3452,-0.4415,-1.6922,0.0185,-0.1981,0.3558,-0.1507,1.0001,-1.4231,2.6796,-0.000749,0.1357,0.0007
22.27,FLIGHT,1.0388,1.4444,-0.6791,-1.4137,-1.402,-0.4776,0.0184,-0.1985,0.077,-0.1034,1.001,-1.2124,2.4994,9.3e-05,0.1925,0.0
22.275,FLIGHT,1.0298,1.4445,-1.474,-0.3814,-2.146,0.4963,0.0166,-0.1986,-0.2359,-0.0495,1.0021,-0.9065,2.246,0.000855,0.1158,0.0
22.28,FLIGHT,1.0178,1.4488,-2.1366,0.4949,-2.6417,1.1755,0.0136,-0.1985,-0.4975,0.0047,1.0034,-0.5971,1.9925,0.001288,0.0609,0.0
22.285,FLIGHT,1.0038,1.4558,-2.5919,1.1269,-2.9023,1.5786,0.0098,-0.1982,-0.679,0.0549,1.0048,-0.327,1.7727,0.001495,0.0243,0.0
22.29,FLIGHT,0.9891,1.4642,-2.8357,1.511,-2.9665,1.7525,0.0056,-0.1977,-0.7797,0.0967,1.0063,-0.1116,1.599,0.001552,0.0005,0.0
22.295,FLIGHT,0.9744,1.473,-2.8967,1.6814,-2.8809,1.7522,0.0015,-0.1971,-0.8116,0.1268,1.0078,0.048,1.4721,0.001515,-0.0142,0.0028
22.3,FLIGHT,0.9604,1.4815,-2.8149,1.686,-2.6901,1.6305,-0.0025,-0.1964,-0.7912,0.1438,1.0093,0.1576,1.3872,0.001421,-0.0226,0.0045
22.305,FLIGHT,0.9476,1.4892,-2.6313,1.5731,-2.4324,1.4325,-0.0061,-0.1957,-0.7347,0.1482,1.0108,0.2258,1.3373,0.001296,-0.0268,0.0054
22.31,FLIGHT,0.9362,1.4958,-2.3821,1.3855,-2.1388,1.1951,-0.0092,-0.1951,-0.6561,0.1419,1.0122,0.2613,1.3148,0.001158,-0.0281,0.0056
22.315,FLIGHT,0.9262,1.5012,-2.0971,1.1585,-1.8332,0.946,-0.0119,-0.1945,-0.5664,0.1277,1.0135,0.2723,1.3124,0.001018,-0.0275,0.0055
22.32,FLIGHT,0.9178,1.5053,-1.7994,0.9189,-1.5325,0.705,-0.0141,-0.194,-0.4738,0.1084,1.0147,0.2658,1.3242,0.000885,-0.0258,0.0052
22.325,FLIGHT,0.9109,1.5082,-1.5059,0.6863,-1.2486,0.4854,-0.0158,-0.1936,-0.3841,0.0868,1.0159,0.2474,1.345,0.000761,-0.0234,0.0047
22.33,FLIGHT,0.9053,1.5102,-1.2281,0.4738,-0.9887,0.2951,-0.0172,-0.1934,-0.301,0.065,1.017,0.2218,1.3709,0.000651,-0.0207,0.0041
22.335,FLIGHT,0.9009,1.5112,-0.9733,0.2892,-0.7568,0.1378,-0.0182,-0.1932,-0.2267,0.0447,1.018,0.1924,1.3988,0.000555,-0.0179,0.0036
22.34,FLIGHT,0.8977,1.5116,-0.7455,0.1364,-0.5542,0.0142,-0.0188,-0.1931,-0.1621,0.0269,1.019,0.1618,1.4266,0.000472,-0.0151,0.003
22.345,FLIGHT,0.8954,1.5114,-0.5463,0.0162,-0.3806,-0.0771,-0.0193,-0.1931,-0.1076,0.0121,1.02,0.1319,1.4529,0.000403,-0.0125,0.0025
22.35,FLIGHT,0.8938,1.5109,-0.3752,-0.0726,-0.2342,-0.1389,-0.0195,-0.1931,-0.0628,0.0005,1.0209,0.104,1.4766,0.000346,-0.0102,0.002
22.355,FLIGHT,0.893,1.5101,-0.2307,-0.1327,-0.1125,-0.1747,-0.0196,-0.1931,-0.0269,-0.008,1.0217,0.0787,1.4974,0.000301,-0.0081,0.0016
22.36,FLIGHT,0.8927,1.5092,-0.1104,-0.1676,-0.0128,-0.1885,-0.0195,-0.1932,0.0009,-0.0136,1.0226,0.0564,1.515,0.000265,-0.0063,0.0013
22.365,FLIGHT,0.8928,1.5082,-0.0116,-0.1809,0.0681,-0.1843,-0.0193,-0.1933,0.0218,-0.0168,1.0234,0.0374,1.5295,0.000238,-0.0047,0.0009
22.37,FLIGHT,0.8933,1.5074,0.0686,-0.1766,0.133,-0.1659,-0.0191,-0.1934,0.0368,-0.0179,1.0243,0.0216,1.5411,0.000218,-0.0034,0.0007
22.375,FLIGHT,0.8941,1.5066,0.1331,-0.1584,0.1847,-0.1368,-0.0189,-0.1935,0.0469,-0.0174,1.0251,0.0086,1.5501,0.000203,-0.0024,0.0005
22.38,FLIGHT,0.8952,1.506,0.1847,-0.1296,0.2258,-0.1001,-0.0186,-0.1936,0.0531,-0.0156,1.0259,-0.0018,1.5568,0.000193,-0.0016,0.0003
22.385,FLIGHT,0.8964,1.5056,0.2257,-0.0933,0.2584,-0.0583,-0.0183,-0.1936,0.0562,-0.0128,1.0267,-0.0099,1.5616,0.000187,-0.0009,0.0002
22.39,FLIGHT,0.8977,1.5054,0.2583,-0.0521,0.2844,-0.0137,-0.018,-0.1937,0.057,-0.0095,1.0274,-0.0161,1.5649,0.000184,-0.0004,0.0001
22.395,FLIGHT,0.8992,1.5055,0.2845,-0.0081,0.3054,0.032,-0.0177,-0.1937,0.0562,-0.0058,1.0282,-0.0208,1.5669,0.000183,-0.0001,0.0
22.4,FLIGHT,0.9008,1.5057,0.3056,0.0369,0.3226,0.0773,-0.0175,-0.1937,0.0542,-0.0019,1.029,-0.0242,1.568,0.000183,0.0002,0.0
22.405,FLIGHT,0.9024,1.5062,0.3229,0.0816,0.3369,0.1212,-0.0172,-0.1937,0.0516,0.002,1.0297,-0.0266,1.5684,0.000185,0.0004,0.0
22.41,FLIGHT,0.9041,1.507,0.3373,0.1249,0.3492,0.1629,-0.017,-0.1936,0.0485,0.0058,1.0305,-0.0283,1.5683,0.000187,0.0005,0.0
22.415,FLIGHT,0.9059,1.5079,0.3497,0.1661,0.36,0.2019,-0.0168,-0.1936,0.0454,0.0095,1.0312,-0.0295,1.568,0.00019,0.0006,0.0
22.42,FLIGHT,0.9077,1.509,0.3605,0.2047,0.3696,0.238,-0.0166,-0.1935,0.0422,0.0129,1.032,-0.0304,1.5675,0.000193,0.0006,0.0
22.425,FLIGHT,0.9096,1.5102,0.3701,0.2404,0.3783,0.2709,-0.0164,-0.1934,0.0393,0.0161,1.0327,-0.0311,1.567,0.000196,0.0006,0.0
22.43,FLIGHT,0.9115,1.5117,0.3788,0.2729,0.3862,0.3006,-0.0162,-0.1933,0.0365,0.019,1.0334,-0.0317,1.5664,0.000199,0.0006,0.0
22.435,FLIGHT,0.9135,1.5132,0.3867,0.3023,0.3934,0.3272,-0.016,-0.1932,0.034,0.0216,1.0341,-0.0322,1.566,0.000202,0.0006,0.0
22.44,FLIGHT,0.9154,1.5149,0.3939,0.3285,0.4,0.3506,-0.0159,-0.1931,0.0318,0.024,1.0348,-0.0328,1.5657,0.000205,0.0006,0.0
22.445,FLIGHT,0.9175,1.5167,0.4004,0.3517,0.4059,0.3712,-0.0157,-0.193,0.0299,0.026,1.0355,-0.0335,1.5655,0.000208,0.0005,0.0
22.45,FLIGHT,0.9195,1.5186,0.4062,0.3721,0.4111,0.389,-0.0156,-0.1928,0.0282,0.0279,1.0362,-0.0342,1.5655,0.000211,0.0005,0.0
22.455,FLIGHT,0.9216,1.5206,0.4113,0.3897,0.4155,0.4043,-0.0154,-0.1927,0.0268,0.0295,1.0368,-0.035,1.5656,0.000213,0.0005,0.0
22.46,FLIGHT,0.9237,1.5227,0.4156,0.4048,0.4191,0.4172,-0.0153,-0.1925,0.0255,0.0308,1.0374,-0.0359,1.5659,0.000215,0.0004,0.0
22.465,FLIGHT,0.9258,1.5248,0.4191,0.4175,0.4219,0.4279,-0.0152,-0.1923,0.0244,0.032,1.038,-0.0369,1.5663,0.000218,0.0004,0.0
22.47,FLIGHT,0.9279,1.527,0.4218,0.428,0.4239,0.4365,-0.0151,-0.1922,0.0234,0.033,1.0386,-0.038,1.5668,0.000219,0.0004,0.0
22.475,FLIGHT,0.93,1.5292,0.4237,0.4365,0.4249,0.4432,-0.015,-0.192,0.0226,0.0338,1.0392,-0.0391,1.5674,0.000221,0.0003,0.0
22.48,FLIGHT,0.9321,1.5314,0.4246,0.4431,0.425,0.4482,-0.0149,-0.1918,0.0218,0.0344,1.0398,-0.0402,1.5681,0.000223,0.0003,0.0
22.485,FLIGHT,0.9342,1.5336,0.4246,0.448,0.4242,0.4516,-0.0148,-0.1917,0.0211,0.0349,1.0403,-0.0414,1.5688,0.000224,0.0003,0.0
22.49,FLIGHT,0.9364,1.5359,0.4237,0.4513,0.4225,0.4535,-0.0147,-0.1915,0.0204,0.0353,1.0408,-0.0426,1.5697,0.000226,0.0003,0.0
22.495,FLIGHT,0.9385,1.5382,0.4219,0.4531,0.4198,0.4541,-0.0146,-0.1913,0.0197,0.0355,1.0413,-0.0438,1.5705,0.000227,0.0002,0.0
22.5,FLIGHT,0.9406,1.5404,0.4192,0.4535,0.4164,0.4533,-0.0145,-0.1911,0.0191,0.0357,1.0418,-0.045,1.5714,0.000228,0.0002,0.0
22.505,FLIGHT,0.9426,1.5427,0.4156,0.4527,0.412,0.4514,-0.0144,-0.191,0.0185,0.0357,1.0422,-0.0462,1.5723,0.000229,0.0002,0.0
22.51,FLIGHT,0.9447,1.545,0.4112,0.4507,0.4069,0.4483,-0.0143,-0.1908,0.0178,0.0356,1.0427,-0.0474,1.5733,0.00023,0.0002,0.0
22.515,FLIGHT,0.9467,1.5472,0.406,0.4475,0.401,0.4442,-0.0142,-0.1906,0.0172,0.0355,1.0431,-0.0485,1.5742,0.00023,0.0001,0.0
22.52,FLIGHT,0.9487,1.5494,0.4,0.4434,0.3944,0.4392,-0.0141,-0.1904,0.0165,0.0352,1.0434,-0.0497,1.5752,0.000231,0.0001,0.0
22.525,FLIGHT,0.9506,1.5516,0.3933,0.4383,0.3871,0.4333,-0.014,-0.1902,0.0159,0.0349,1.0438,-0.0507,1.5762,0.000232,0.0001,0.0
22.53,FLIGHT,0.9526,1.5537,0.386,0.4322,0.3791,0.4265,-0.014,-0.1901,0.0153,0.0345,1.0441,-0.0518,1.5771,0.000232,0.0001,0.0
22.535,FLIGHT,0.9544,1.5558,0.378,0.4254,0.3707,0.4189,-0.0139,-0.1899,0.0146,0.034,1.0444,-0.0528,1.578,0.000233,0.0001,0.0
22.54,FLIGHT,0.9563,1.5579,0.3695,0.4178,0.3616,0.4107,-0.0138,-0.1897,0.014,0.0334,1.0447,-0.0537,1.579,0.000233,0.0001,0.0
22.545,FLIGHT,0.9581,1.5599,0.3605,0.4095,0.3522,0.4018,-0.0138,-0.1896,0.0133,0.0328,1.045,-0.0546,1.5799,0.000233,0.0,0.0
22.55,FLIGHT,0.9598,1.5619,0.351,0.4006,0.3423,0.3923,-0.0137,-0.1894,0.0127,0.0322,1.0452,-0.0555,1.5808,0.000233,0.0,0.0
22.555,FLIGHT,0.9615,1.5639,0.341,0.391,0.332,0.3822,-0.0136,-0.1893,0.012,0.0315,1.0454,-0.0563,1.5817,0.000233,0.0,0.0
22.56,FLIGHT,0.9631,1.5658,0.3308,0.3809,0.3214,0.3716,-0.0136,-0.1891,0.0114,0.0307,1.0456,-0.057,1.5825,0.000233,-0.0,0.0
22.565,FLIGHT,0.9647,1.5676,0.3201,0.3703,0.3105,0.3606,-0.0135,-0.189,0.0108,0.0299,1.0457,-0.0577,1.5834,0.000233,-0.0,0.0
22.57,FLIGHT,0.9662,1.5694,0.3093,0.3593,0.2994,0.3492,-0.0135,-0.1888,0.0102,0.0291,1.0459,-0.0584,1.5842,0.000233,-0.0,0.0
22.575,FLIGHT,0.9677,1.5711,0.2981,0.3479,0.2881,0.3375,-0.0134,-0.1887,0.0096,0.0282,1.046,-0.059,1.585,0.000233,-0.0,0.0
22.58,FLIGHT,0.9691,1.5727,0.2868,0.3361,0.2767,0.3254,-0.0134,-0.1885,0.009,0.0273,1.046,-0.0596,1.5858,0.000233,-0.0001,0.0
22.585,FLIGHT,0.9704,1.5743,0.2754,0.3241,0.2651,0.3131,-0.0134,-0.1884,0.0084,0.0263,1.0461,-0.0601,1.5865,0.000232,-0.0001,0.0
22.59,FLIGHT,0.9717,1.5759,0.2639,0.3118,0.2535,0.3006,-0.0133,-0.1883,0.0079,0.0254,1.0461,-0.0606,1.5872,0.000232,-0.0001,0.0
22.595,FLIGHT,0.973,1.5773,0.2522,0.2993,0.2418,0.288,-0.0133,-0.1882,0.0073,0.0244,1.046,-0.0611,1.5879,0.000231,-0.0001,0.0
22.6,FLIGHT,0.9742,1.5787,0.2406,0.2866,0.2302,0.2752,-0.0132,-0.1881,0.0068,0.0234,1.046,-0.0615,1.5886,0.000231,-0.0001,0.0
22.605,FLIGHT,0.9753,1.5801,0.229,0.2738,0.2185,0.2623,-0.0132,-0.1879,0.0063,0.0224,1.0459,-0.0618,1.5893,0.000231,-0.0001,0.0
22.61,FLIGHT,0.9763,1.5814,0.2173,0.2609,0.207,0.2494,-0.0132,-0.1878,0.0058,0.0213,1.0458,-0.0622,1.5899,0.00023,-0.0001,0.0
22.615,FLIGHT,0.9774,1.5826,0.2058,0.248,0.1955,0.2365,-0.0132,-0.1877,0.0054,0.0203,1.0457,-0.0624,1.5905,0.000229,-0.0001,0.0
22.62,FLIGHT,0.9783,1.5837,0.1944,0.2351,0.1841,0.2236,-0.0131,-0.1877,0.005,0.0193,1.0455,-0.0627,1.5911,0.000229,-0.0001,0.0
22.625,FLIGHT,0.9792,1.5848,0.183,0.2223,0.1729,0.2108,-0.0131,-0.1876,0.0045,0.0182,1.0453,-0.0629,1.5917,0.000228,-0.0001,0.0
22.63,FLIGHT,0.98,1.5858,0.1718,0.2095,0.1619,0.198,-0.0131,-0.1875,0.0041,0.0172,1.0451,-0.0631,1.5922,0.000228,-0.0001,0.0
22.635,FLIGHT,0.9808,1.5868,0.1608,0.1967,0.151,0.1854,-0.0131,-0.1874,0.0038,0.0162,1.0449,-0.0632,1.5927,0.000227,-0.0001,0.0
22.64,FLIGHT,0.9815,1.5877,0.15,0.1842,0.1404,0.173,-0.0131,-0.1873,0.0034,0.0151,1.0446,-0.0634,1.5932,0.000226,-0.0001,0.0
22.645,FLIGHT,0.9822,1.5885,0.1394,0.1717,0.13,0.1607,-0.013,-0.1873,0.0031,0.0141,1.0443,-0.0634,1.5936,0.000226,-0.0001,0.0
22.65,FLIGHT,0.9828,1.5893,0.129,0.1595,0.1198,0.1486,-0.013,-0.1872,0.0028,0.0131,1.044,-0.0635,1.594,0.000225,-0.0001,0.0
22.655,FLIGHT,0.9834,1.59,0.1189,0.1475,0.1099,0.1368,-0.013,-0.1871,0.0025,0.0122,1.0436,-0.0635,1.5945,0.000224,-0.0001,0.0
22.66,FLIGHT,0.9839,1.5907,0.109,0.1357,0.1003,0.1252,-0.013,-0.1871,0.0022,0.0112,1.0432,-0.0635,1.5948,0.000224,-0.0001,0.0
22.665,FLIGHT,0.9844,1.5913,0.0994,0.1241,0.091,0.1139,-0.013,-0.187,0.002,0.0102,1.0428,-0.0635,1.5952,0.000223,-0.0001,0.0
22.67,FLIGHT,0.9849,1.5918,0.0901,0.1128,0.0819,0.1028,-0.013,-0.187,0.0017,0.0093,1.0424,-0.0635,1.5955,0.000222,-0.0001,0.0
22.675,FLIGHT,0.9852,1.5923,0.0811,0.1018,0.0732,0.0921,-0.013,-0.1869,0.0015,0.0084,1.0419,-0.0634,1.5958,0.000222,-0.0001,0.0
22.68,FLIGHT,0.9856,1.5927,0.0725,0.0911,0.0648,0.0817,-0.013,-0.1869,0.0013,0.0075,1.0414,-0.0633,1.5961,0.000221,-0.0001,0.0
22.685,FLIGHT,0.9859,1.5931,0.0641,0.0808,0.0567,0.0716,-0.013,-0.1869,0.0012,0.0067,1.0409,-0.0632,1.5964,0.000221,-0.0001,0.0
22.69,FLIGHT,0.9862,1.5934,0.056,0.0707,0.049,0.0618,-0.013,-0.1869,0.001,0.0058,1.0404,-0.0631,1.5966,0.00022,-0.0001,0.0
22.695,FLIGHT,0.9864,1.5937,0.0483,0.061,0.0416,0.0524,-0.013,-0.1868,0.0009,0.005,1.0398,-0.0629,1.5969,0.000219,-0.0001,0.0
22.7,FLIGHT,0.9866,1.594,0.041,0.0516,0.0345,0.0434,-0.013,-0.1868,0.0007,0.0043,1.0392,-0.0628,1.5971,0.000219,-0.0001,0.0
22.705,FLIGHT,0.9867,1.5942,0.0339,0.0426,0.0278,0.0347,-0.013,-0.1868,0.0006,0.0035,1.0386,-0.0626,1.5972,0.000218,-0.0001,0.0
22.71,FLIGHT,0.9868,1.5943,0.0272,0.034,0.0214,0.0264,-0.013,-0.1868,0.0005,0.0028,1.038,-0.0624,1.5974,0.000218,-0.0001,0.0
22.715,FLIGHT,0.9869,1.5944,0.0209,0.0257,0.0153,0.0185,-0.013,-0.1868,0.0005,0.0021,1.0374,-0.0622,1.5975,0.000217,-0.0001,0.0
22.72,FLIGHT,0.987,1.5945,0.0148,0.0178,0.0096,0.0109,-0.013,-0.1868,0.0004,0.0015,1.0367,-0.062,1.5977,0.000216,-0.0001,0.0
22.725,FLIGHT,0.987,1.5945,0.0092,0.0103,0.0042,0.0037,-0.013,-0.1868,0.0003,0.0008,1.036,-0.0618,1.5978,0.000216,-0.0001,0.0
22.73,FLIGHT,0.987,1.5945,0.0038,0.0032,-0.0008,-0.0031,-0.0129,-0.1868,0.0003,0.0002,1.0353,-0.0616,1.5979,0.000215,-0.0001,0.0
22.735,FLIGHT,0.987,1.5945,-0.0012,-0.0036,-0.0055,-0.0095,-0.0129,-0.1868,0.0003,-0.0003,1.0345,-0.0614,1.5979,0.000215,-0.0001,0.0
22.74,FLIGHT,0.987,1.5944,-0.0058,-0.01,-0.0099,-0.0155,-0.0129,-0.1868,0.0002,-0.0009,1.0338,-0.0611,1.598,0.000214,-0.0001,0.0
22.745,FLIGHT,0.9869,1.5944,-0.0102,-0.016,-0.0139,-0.0212,-0.0129,-0.1868,0.0002,-0.0014,1.033,-0.0609,1.5981,0.000214,-0.0001,0.0
22.75,FLIGHT,0.9869,1.5942,-0.0142,-0.0216,-0.0177,-0.0265,-0.0129,-0.1868,0.0002,-0.0018,1.0322,-0.0607,1.5981,0.000214,-0.0001,0.0
22.755,FLIGHT,0.9868,1.5941,-0.0179,-0.0269,-0.0211,-0.0314,-0.0129,-0.1868,0.0003,-0.0023,1.0313,-0.0604,1.5981,0.000213,-0.0001,0.0
22.76,FLIGHT,0.9866,1.5939,-0.0213,-0.0318,-0.0242,-0.036,-0.0129,-0.1868,0.0003,-0.0027,1.0305,-0.0602,1.5981,0.000213,-0.0001,0.0
22.765,FLIGHT,0.9865,1.5937,-0.0244,-0.0363,-0.0271,-0.0402,-0.0129,-0.1868,0.0003,-0.0031,1.0296,-0.0599,1.5981,0.000212,-0.0001,0.0
22.77,FLIGHT,0.9864,1.5935,-0.0272,-0.0405,-0.0296,-0.0441,-0.0129,-0.1868,0.0003,-0.0034,1.0288,-0.0597,1.5981,0.000212,-0.0001,0.0
22.775,FLIGHT,0.9862,1.5933,-0.0298,-0.0444,-0.0319,-0.0476,-0.0129,-0.1869,0.0004,-0.0037,1.0279,-0.0594,1.5981,0.000212,-0.0001,0.0
22.78,FLIGHT,0.9861,1.593,-0.032,-0.0478,-0.0339,-0.0508,-0.0129,-0.1869,0.0004,-0.004,1.027,-0.0592,1.598,0.000211,-0.0001,0.0
22.785,FLIGHT,0.9859,1.5928,-0.034,-0.051,-0.0356,-0.0537,-0.0129,-0.1869,0.0005,-0.0043,1.026,-0.059,1.598,0.000211,-0.0001,0.0
22.79,FLIGHT,0.9857,1.5925,-0.0357,-0.0538,-0.0371,-0.0562,-0.0129,-0.1869,0.0005,-0.0045,1.0251,-0.0587,1.598,0.000211,-0.0001,0.0
22.795,FLIGHT,0.9855,1.5922,-0.0372,-0.0564,-0.0384,-0.0585,-0.0129,-0.187,0.0006,-0.0048,1.0241,-0.0585,1.5979,0.000211,-0.0,0.0
22.8,FLIGHT,0.9853,1.5919,-0.0384,-0.0586,-0.0394,-0.0604,-0.0129,-0.187,0.0007,-0.0049,1.0231,-0.0583,1.5978,0.00021,-0.0,0.0
22.805,FLIGHT,0.9851,1.5916,-0.0394,-0.0605,-0.0402,-0.0621,-0.0129,-0.187,0.0007,-0.0051,1.0221,-0.058,1.5978,0.00021,-0.0,0.0
22.81,FLIGHT,0.9849,1.5913,-0.0402,-0.0621,-0.0408,-0.0635,-0.0129,-0.187,0.0008,-0.0053,1.0211,-0.0578,1.5977,0.00021,-0.0,0.0
22.815,FLIGHT,0.9847,1.591,-0.0408,-0.0635,-0.0412,-0.0646,-0.0129,-0.1871,0.0009,-0.0054,1.0201,-0.0576,1.5976,0.00021,-0.0,0.0
22.82,FLIGHT,0.9845,1.5907,-0.0412,-0.0646,-0.0414,-0.0654,-0.0129,-0.1871,0.0009,-0.0055,1.019,-0.0574,1.5975,0.00021,-0.0,0.0
22.825,FLIGHT,0.9843,1.5903,-0.0413,-0.0654,-0.0414,-0.066,-0.0129,-0.1871,0.001,-0.0055,1.018,-0.0572,1.5974,0.00021,-0.0,0.0
22.83,FLIGHT,0.9841,1.59,-0.0414,-0.066,-0.0413,-0.0664,-0.0129,-0.1871,0.0011,-0.0056,1.0169,-0.057,1.5974,0.000209,-0.0,0.0
22.835,FLIGHT,0.9839,1.5897,-0.0412,-0.0663,-0.041,-0.0665,-0.0129,-0.1872,0.0012,-0.0056,1.0158,-0.0568,1.5973,0.000209,-0.0,0.0
22.84,FLIGHT,0.9837,1.5893,-0.0409,-0.0665,-0.0406,-0.0665,-0.0129,-0.1872,0.0012,-0.0056,1.0147,-0.0567,1.5972,0.000209,-0.0,0.0
22.845,FLIGHT,0.9835,1.589,-0.0404,-0.0664,-0.04,-0.0662,-0.0129,-0.1872,0.0013,-0.0056,1.0136,-0.0565,1.5971,0.000209,-0.0,0.0
22.85,FLIGHT,0.9833,1.5887,-0.0399,-0.0661,-0.0393,-0.0658,-0.0129,-0.1873,0.0014,-0.0056,1.0125,-0.0563,1.597,0.000209,-0.0,0.0
22.855,FLIGHT,0.9831,1.5883,-0.0391,-0.0656,-0.0384,-0.0651,-0.0129,-0.1873,0.0015,-0.0056,1.0114,-0.0562,1.5969,0.000209,-0.0,0.0
22.86,FLIGHT,0.9829,1.588,-0.0383,-0.065,-0.0375,-0.0643,-0.0129,-0.1873,0.0015,-0.0055,1.0102,-0.056,1.5968,0.000209,0.0,0.0
22.865,FLIGHT,0.9827,1.5877,-0.0374,-0.0642,-0.0365,-0.0634,-0.0128,-0.1873,0.0016,-0.0055,1.009,-0.0559,1.5967,0.000209,0.0,0.0
22.87,FLIGHT,0.9825,1.5874,-0.0363,-0.0632,-0.0354,-0.0623,-0.0128,-0.1874,0.0017,-0.0054,1.0079,-0.0558,1.5966,0.000209,0.0,0.0
22.875,FLIGHT,0.9824,1.5871,-0.0352,-0.0621,-0.0341,-0.061,-0.0128,-0.1874,0.0017,-0.0053,1.0067,-0.0557,1.5965,0.000209,0.0,0.0
22.88,FLIGHT,0.9822,1.5868,-0.034,-0.0608,-0.0329,-0.0597,-0.0128,-0.1874,0.0018,-0.0052,1.0055,-0.0555,1.5964,0.000209,0.0,0.0
22.885,FLIGHT,0.982,1.5865,-0.0327,-0.0595,-0.0315,-0.0582,-0.0128,-0.1874,0.0018,-0.0051,1.0043,-0.0554,1.5963,0.000209,0.0,0.0
22.89,FLIGHT,0.9819,1.5862,-0.0314,-0.058,-0.0302,-0.0566,-0.0128,-0.1875,0.0019,-0.005,1.003,-0.0554,1.5962,0.000209,0.0,0.0
22.895,FLIGHT,0.9817,1.5859,-0.03,-0.0564,-0.0287,-0.0549,-0.0128,-0.1875,0.0019,-0.0048,1.0018,-0.0553,1.5961,0.00021,0.0,0.0
22.9,FLIGHT,0.9816,1.5856,-0.0285,-0.0547,-0.0272,-0.0532,-0.0128,-0.1875,0.002,-0.0047,1.0006,-0.0552,1.596,0.00021,0.0,0.0
22.905,STANCE,0.9816,1.5855,-0.0049,-0.0228,0.1566,0.1968,-0.0128,-0.1875,0.0021,-0.002,0.9994,0.1764,-0.1395,0.000109,-0.1649,0.033
22.91,STANCE,0.9852,1.5856,0.5486,-0.0357,1.2191,-0.3401,-0.0121,-0.1876,0.1077,-0.0099,0.9985,-0.1275,-0.7477,-0.001643,-0.4549,0.0926
22.915,STANCE,0.9894,1.584,0.6637,-0.1949,0.2504,-0.0539,-0.0111,-0.1878,0.1509,-0.0252,0.9981,-0.411,-1.301,-0.003137,-0.1053,0.0242
22.92,STANCE,0.9901,1.584,0.3108,-0.0598,0.1768,-0.0381,-0.011,-0.1878,0.0664,-0.0089,0.9981,-0.5516,-1.9193,-0.003299,0.0128,0.0033
22.925,STANCE,0.9917,1.5829,0.3346,-0.1941,0.4629,-0.4439,-0.0105,-0.1879,0.0891,-0.0212,0.9984,-0.8547,-2.2897,-0.003107,0.0639,0.0031
22.93,STANCE,0.9943,1.5777,0.4706,-0.8465,0.6426,-1.4014,-0.0093,-0.1884,0.2038,-0.0804,0.9984,-1.1904,-2.2381,-0.00257,0.1267,0.0026
22.935,STANCE,0.999,1.5702,0.828,-1.3303,1.3289,-1.9614,-0.0074,-0.1891,0.339,-0.1234,0.9985,-1.5694,-2.0228,-0.002316,-0.022,0.0067
22.94,STANCE,1.0066,1.5572,1.3157,-2.2482,1.6135,-3.194,-0.0042,-0.1903,0.5626,-0.1972,0.9984,-1.9516,-1.378,-0.002473,-0.0255,0.0076
22.945,STANCE,1.0156,1.5408,1.6502,-2.9784,1.8292,-3.454,-0.0001,-0.1917,0.7364,-0.2436,0.9983,-2.1577,-0.6265,-0.002794,-0.0713,0.0171
22.95,STANCE,1.0238,1.5233,1.6147,-3.305,1.4729,-3.3489,0.0039,-0.193,0.7846,-0.2518,0.9982,-2.038,0.0403,-0.003018,-0.037,0.0104
22.955,STANCE,1.0298,1.5066,1.3131,-3.3242,1.0409,-3.1797,0.0075,-0.1943,0.7366,-0.2389,0.9983,-1.6301,0.5752,-0.003047,-0.0016,0.0034
22.96,STANCE,1.0339,1.4912,0.9503,-3.1473,0.6414,-2.924,0.0105,-0.1954,0.646,-0.2165,0.9985,-1.078,0.9646,-0.002936,0.0326,0.0029
22.965,STANCE,1.0361,1.4769,0.6057,-2.9305,0.3038,-2.7838,0.0131,-0.1964,0.551,-0.1959,0.9988,-0.5236,1.2267,-0.002661,0.0749,0.0027
22.97,STANCE,1.0374,1.4635,0.3637,-2.7486,0.199,-2.6189,0.0153,-0.1973,0.4797,-0.1796,0.9991,-0.1516,1.352,-0.002275,0.0855,0.0023
22.975,FLIGHT,1.038,1.4512,0.182,-2.5176,-0.1682,-2.0048,0.0172,-0.1981,0.4119,-0.1617,0.9995,-1.3787,2.6487,-0.001819,0.1088,0.0018
22.98,FLIGHT,1.0348,1.4442,-0.4353,-1.6861,-1.1147,-0.7985,0.0176,-0.1986,0.1657,-0.1171,1.0002,-1.2133,2.5042,-0.001097,0.1762,0.0011
22.985,FLIGHT,1.0272,1.4428,-1.21,-0.68,-1.8836,0.1952,0.0163,-0.1988,-0.1391,-0.0645,1.0012,-0.9292,2.2681,-0.000101,0.2178,0.0001
22.99,FLIGHT,1.0163,1.4457,-1.8831,0.2103,-2.4042,0.9153,0.0138,-0.1988,-0.4055,-0.0116,1.0024,-0.6303,2.023,0.00078,0.1346,0.0
22.995,FLIGHT,1.0035,1.4515,-2.3612,0.8773,-2.6956,1.3653,0.0103,-0.1985,-0.5976,0.0375,1.0037,-0.3636,1.8059,0.001287,0.0719,0.0
23.0,FLIGHT,0.9897,1.459,-2.634,1.3046,-2.7922,1.5864,0.0065,-0.1981,-0.7115,0.079,1.0052,-0.1474,1.6314,0.001535,0.0302,0.0
23.005,FLIGHT,0.9758,1.4671,-2.7257,1.5199,-2.7374,1.6303,0.0026,-0.1975,-0.7569,0.1098,1.0066,0.0155,1.5017,0.001613,0.0032,0.0
23.01,FLIGHT,0.9625,1.4751,-2.6735,1.5671,-2.574,1.548,-0.0012,-0.1969,-0.7491,0.1284,1.008,0.1296,1.413,0.001584,-0.0135,0.0027
23.015,FLIGHT,0.9502,1.4824,-2.5165,1.4926,-2.3399,1.3842,-0.0046,-0.1963,-0.7036,0.1351,1.0094,0.2026,1.3588,0.00149,-0.023,0.0046
23.02,FLIGHT,0.9392,1.4888,-2.2903,1.3383,-2.0659,1.1752,-0.0077,-0.1957,-0.6342,0.1315,1.0108,0.2428,1.3319,0.001362,-0.0277,0.0055
23.025,FLIGHT,0.9296,1.4942,-2.0244,1.1391,-1.7758,0.9492,-0.0103,-0.1951,-0.5519,0.1202,1.012,0.2582,1.3256,0.001218,-0.0293,0.0059
23.03,FLIGHT,0.9214,1.4983,-1.742,0.9222,-1.4872,0.7264,-0.0125,-0.1947,-0.4651,0.1037,1.0133,0.2554,1.3338,0.001072,-0.0287,0.0057
23.035,FLIGHT,0.9147,1.5015,-1.4604,0.7075,-1.2123,0.5207,-0.0142,-0.1943,-0.3798,0.0846,1.0144,0.2404,1.3515,0.000933,-0.027,0.0054
23.04,FLIGHT,0.9093,1.5036,-1.1914,0.5087,-0.9588,0.3406,-0.0155,-0.194,-0.2999,0.0649,1.0155,0.2175,1.3748,0.000804,-0.0245,0.0049
23.045,FLIGHT,0.9051,1.5049,-0.943,0.3343,-0.7312,0.1905,-0.0165,-0.1938,-0.2278,0.0463,1.0165,0.1904,1.4006,0.000689,-0.0217,0.0043
23.05,FLIGHT,0.9019,1.5056,-0.7195,0.1885,-0.5311,0.0715,-0.0172,-0.1937,-0.1647,0.0298,1.0174,0.1616,1.4267,0.000588,-0.0187,0.0037
23.055,FLIGHT,0.8997,1.5057,-0.5227,0.0729,-0.3587,-0.0172,-0.0177,-0.1937,-0.111,0.016,1.0184,0.1331,1.4517,0.000501,-0.0158,0.0032
23.06,FLIGHT,0.8983,1.5054,-0.3529,-0.0132,-0.2125,-0.0778,-0.0179,-0.1937,-0.0666,0.0051,1.0192,0.1062,1.4746,0.000429,-0.0131,0.0026
23.065,FLIGHT,0.8975,1.5049,-0.2086,-0.0722,-0.0903,-0.1137,-0.018,-0.1937,-0.0307,-0.003,1.0201,0.0816,1.4947,0.00037,-0.0106,0.0021
23.07,FLIGHT,0.8974,1.5043,-0.0879,-0.107,0.0104,-0.1284,-0.0179,-0.1938,-0.0027,-0.0084,1.0209,0.0599,1.5119,0.000322,-0.0085,0.0017
23.075,FLIGHT,0.8976,1.5037,0.0118,-0.1211,0.0925,-0.1256,-0.0178,-0.1938,0.0185,-0.0115,1.0217,0.0411,1.5262,0.000285,-0.0066,0.0013
23.08,FLIGHT,0.8983,1.5031,0.0932,-0.1182,0.1587,-0.1089,-0.0176,-0.1939,0.0339,-0.0126,1.0225,0.0253,1.5378,0.000256,-0.005,0.001
23.085,FLIGHT,0.8992,1.5026,0.159,-0.1017,0.2118,-0.0817,-0.0174,-0.194,0.0445,-0.0122,1.0233,0.0122,1.5469,0.000234,-0.0037,0.0007
23.09,FLIGHT,0.9004,1.5023,0.2118,-0.0748,0.2541,-0.047,-0.0171,-0.194,0.0511,-0.0105,1.0241,0.0017,1.5538,0.000218,-0.0026,0.0005
23.095,FLIGHT,0.9017,1.5022,0.2541,-0.0404,0.2877,-0.0071,-0.0168,-0.194,0.0547,-0.008,1.0249,-0.0066,1.5588,0.000207,-0.0018,0.0004
23.1,FLIGHT,0.9032,1.5022,0.2877,-0.0012,0.3146,0.0356,-0.0165,-0.1941,0.056,-0.0049,1.0256,-0.0131,1.5623,0.0002,-0.0011,0.0002
23.105,FLIGHT,0.9048,1.5025,0.3147,0.041,0.3362,0.0795,-0.0162,-0.1941,0.0555,-0.0014,1.0264,-0.018,1.5646,0.000196,-0.0006,0.0001
23.11,FLIGHT,0.9066,1.503,0.3364,0.0843,0.3538,0.1231,-0.016,-0.194,0.0539,0.0023,1.0271,-0.0217,1.566,0.000194,-0.0003,0.0001
23.115,FLIGHT,0.9084,1.5037,0.354,0.1273,0.3683,0.1655,-0.0157,-0.194,0.0515,0.0061,1.0279,-0.0244,1.5667,0.000193,0.0,0.0
23.12,FLIGHT,0.9103,1.5047,0.3686,0.1692,0.3806,0.2058,-0.0155,-0.194,0.0487,0.0097,1.0286,-0.0264,1.5669,0.000194,0.0002,0.0
23.125,FLIGHT,0.9122,1.5058,0.3809,0.209,0.3911,0.2436,-0.0153,-0.1939,0.0456,0.0132,1.0294,-0.0278,1.5668,0.000195,0.0004,0.0
23.13,FLIGHT,0.9142,1.5071,0.3915,0.2463,0.4002,0.2784,-0.0151,-0.1938,0.0426,0.0165,1.0301,-0.029,1.5665,0.000197,0.0004,0.0
23.135,FLIGHT,0.9162,1.5086,0.4006,0.2807,0.4083,0.3102,-0.0149,-0.1937,0.0396,0.0196,1.0308,-0.0298,1.5661,0.0002,0.0005,0.0
23.14,FLIGHT,0.9182,1.5102,0.4087,0.3121,0.4155,0.3388,-0.0147,-0.1936,0.0369,0.0224,1.0315,-0.0306,1.5658,0.000202,0.0005,0.0
23.145,FLIGHT,0.9203,1.512,0.4159,0.3404,0.4219,0.3643,-0.0145,-0.1934,0.0344,0.0249,1.0322,-0.0313,1.5655,0.000205,0.0005,0.0
23.15,FLIGHT,0.9225,1.5138,0.4222,0.3656,0.4276,0.3867,-0.0144,-0.1933,0.0322,0.0272,1.0328,-0.0321,1.5653,0.000207,0.0005,0.0
23.155,FLIGHT,0.9246,1.5158,0.4278,0.3877,0.4325,0.4063,-0.0142,-0.1932,0.0302,0.0291,1.0335,-0.0328,1.5653,0.00021,0.0005,0.0
23.16,FLIGHT,0.9268,1.5179,0.4327,0.407,0.4366,0.4231,-0.0141,-0.193,0.0284,0.0309,1.0341,-0.0336,1.5654,0.000212,0.0005,0.0
23.165,FLIGHT,0.929,1.52,0.4367,0.4236,0.44,0.4373,-0.0139,-0.1928,0.0269,0.0324,1.0348,-0.0345,1.5656,0.000215,0.0004,0.0
23.17,FLIGHT,0.9312,1.5223,0.4399,0.4376,0.4425,0.4491,-0.0138,-0.1927,0.0255,0.0337,1.0354,-0.0355,1.5659,0.000217,0.0004,0.0
23.175,FLIGHT,0.9334,1.5245,0.4424,0.4493,0.4441,0.4586,-0.0137,-0.1925,0.0243,0.0348,1.036,-0.0366,1.5664,0.000219,0.0004,0.0
23.18,FLIGHT,0.9356,1.5268,0.4439,0.4587,0.4449,0.4662,-0.0136,-0.1923,0.0233,0.0356,1.0365,-0.0377,1.567,0.00022,0.0003,0.0
23.185,FLIGHT,0.9378,1.5292,0.4446,0.466,0.4448,0.4718,-0.0135,-0.1921,0.0223,0.0364,1.0371,-0.0388,1.5676,0.000222,0.0003,0.0
23.19,FLIGHT,0.9401,1.5316,0.4443,0.4715,0.4437,0.4756,-0.0134,-0.1919,0.0215,0.0369,1.0376,-0.04,1.5684,0.000224,0.0003,0.0
23.195,FLIGHT,0.9423,1.5339,0.4432,0.4752,0.4417,0.4778,-0.0133,-0.1917,0.0207,0.0373,1.0381,-0.0412,1.5692,0.000225,0.0003,0.0
23.2,FLIGHT,0.9445,1.5363,0.4411,0.4773,0.4389,0.4785,-0.0132,-0.1916,0.0199,0.0376,1.0386,-0.0425,1.5701,0.000226,0.0002,0.0
23.205,FLIGHT,0.9467,1.5387,0.4381,0.4779,0.4351,0.4778,-0.0131,-0.1914,0.0192,0.0378,1.0391,-0.0437,1.571,0.000227,0.0002,0.0
23.21,FLIGHT,0.9488,1.5411,0.4343,0.4772,0.4305,0.4759,-0.013,-0.1912,0.0185,0.0378,1.0396,-0.0449,1.5719,0.000228,0.0002,0.0
23.215,FLIGHT,0.951,1.5435,0.4296,0.4751,0.425,0.4727,-0.0129,-0.191,0.0178,0.0377,1.04,-0.0461,1.5729,0.000229,0.0002,0.0
23.22,FLIGHT,0.9531,1.5458,0.4241,0.4718,0.4188,0.4684,-0.0128,-0.1908,0.0171,0.0375,1.0404,-0.0473,1.5739,0.00023,0.0001,0.0
23.225,FLIGHT,0.9552,1.5482,0.4178,0.4675,0.4118,0.4631,-0.0127,-0.1906,0.0164,0.0373,1.0408,-0.0485,1.5749,0.000231,0.0001,0.0
23.23,FLIGHT,0.9572,1.5505,0.4107,0.4621,0.4041,0.4568,-0.0127,-0.1904,0.0158,0.0369,1.0412,-0.0496,1.5759,0.000231,0.0001,0.0
23.235,FLIGHT,0.9592,1.5527,0.403,0.4558,0.3958,0.4497,-0.0126,-0.1903,0.0151,0.0365,1.0415,-0.0507,1.5769,0.000232,0.0001,0.0
23.24,FLIGHT,0.9612,1.555,0.3946,0.4486,0.3869,0.4417,-0.0125,-0.1901,0.0144,0.036,1.0418,-0.0517,1.5779,0.000232,0.0001,0.0
23.245,FLIGHT,0.9631,1.5572,0.3857,0.4405,0.3774,0.433,-0.0124,-0.1899,0.0137,0.0354,1.0421,-0.0527,1.5789,0.000232,0.0001,0.0
23.25,FLIGHT,0.9649,1.5593,0.3761,0.4318,0.3674,0.4236,-0.0124,-0.1897,0.0131,0.0348,1.0424,-0.0537,1.5798,0.000233,0.0,0.0
23.255,FLIGHT,0.9667,1.5614,0.3661,0.4223,0.357,0.4135,-0.0123,-0.1896,0.0124,0.0341,1.0426,-0.0546,1.5808,0.000233,0.0,0.0
23.26,FLIGHT,0.9685,1.5634,0.3557,0.4122,0.3462,0.4029,-0.0123,-0.1894,0.0117,0.0333,1.0428,-0.0554,1.5817,0.000233,0.0,0.0
23.265,FLIGHT,0.9702,1.5654,0.3449,0.4015,0.335,0.3918,-0.0122,-0.1892,0.0111,0.0325,1.043,-0.0562,1.5826,0.000233,-0.0,0.0
23.27,FLIGHT,0.9718,1.5673,0.3337,0.3904,0.3235,0.3801,-0.0121,-0.1891,0.0104,0.0316,1.0431,-0.057,1.5835,0.000233,-0.0,0.0
23.275,FLIGHT,0.9734,1.5692,0.3222,0.3787,0.3118,0.3681,-0.0121,-0.1889,0.0098,0.0307,1.0433,-0.0577,1.5843,0.000233,-0.0,0.0
23.28,FLIGHT,0.975,1.571,0.3105,0.3667,0.2999,0.3557,-0.0121,-0.1888,0.0092,0.0298,1.0434,-0.0583,1.5852,0.000232,-0.0001,0.0
23.285,FLIGHT,0.9764,1.5728,0.2986,0.3543,0.2879,0.343,-0.012,-0.1886,0.0085,0.0288,1.0434,-0.0589,1.586,0.000232,-0.0001,0.0
23.29,FLIGHT,0.9778,1.5745,0.2865,0.3415,0.2757,0.33,-0.012,-0.1885,0.008,0.0279,1.0435,-0.0595,1.5868,0.000232,-0.0001,0.0
23.295,FLIGHT,0.9792,1.5761,0.2744,0.3286,0.2634,0.3168,-0.0119,-0.1884,0.0074,0.0268,1.0435,-0.06,1.5876,0.000231,-0.0001,0.0
23.3,FLIGHT,0.9805,1.5776,0.2621,0.3154,0.2511,0.3035,-0.0119,-0.1882,0.0068,0.0258,1.0435,-0.0605,1.5883,0.000231,-0.0001,0.0
23.305,FLIGHT,0.9817,1.5791,0.2498,0.302,0.2388,0.29,-0.0119,-0.1881,0.0063,0.0247,1.0434,-0.0609,1.589,0.00023,-0.0001,0.0
23.31,FLIGHT,0.9829,1.5805,0.2375,0.2885,0.2265,0.2764,-0.0118,-0.188,0.0058,0.0237,1.0433,-0.0613,1.5897,0.00023,-0.0001,0.0
23.315,FLIGHT,0.984,1.5819,0.2253,0.275,0.2143,0.2628,-0.0118,-0.1879,0.0053,0.0226,1.0432,-0.0617,1.5904,0.000229,-0.0001,0.0
23.32,FLIGHT,0.985,1.5831,0.2131,0.2614,0.2022,0.2492,-0.0118,-0.1878,0.0048,0.0215,1.0431,-0.062,1.591,0.000229,-0.0001,0.0
23.325,FLIGHT,0.986,1.5844,0.201,0.2477,0.1902,0.2356,-0.0118,-0.1877,0.0044,0.0204,1.0429,-0.0622,1.5916,0.000228,-0.0001,0.0
23.33,FLIGHT,0.9869,1.5855,0.1891,0.2342,0.1784,0.222,-0.0118,-0.1876,0.0039,0.0193,1.0427,-0.0625,1.5922,0.000227,-0.0001,0.0
23.335,FLIGHT,0.9878,1.5866,0.1772,0.2207,0.1668,0.2086,-0.0117,-0.1875,0.0035,0.0182,1.0425,-0.0626,1.5928,0.000227,-0.0001,0.0
23.34,FLIGHT,0.9886,1.5876,0.1656,0.2072,0.1553,0.1953,-0.0117,-0.1874,0.0031,0.0171,1.0423,-0.0628,1.5933,0.000226,-0.0001,0.0
23.345,FLIGHT,0.9893,1.5885,0.1542,0.194,0.1441,0.1822,-0.0117,-0.1873,0.0028,0.016,1.042,-0.0629,1.5938,0.000225,-0.0001,0.0
23.35,FLIGHT,0.99,1.5894,0.143,0.1809,0.1331,0.1692,-0.0117,-0.1873,0.0024,0.015,1.0417,-0.063,1.5943,0.000225,-0.0001,0.0
23.355,FLIGHT,0.9907,1.5902,0.132,0.168,0.1223,0.1565,-0.0117,-0.1872,0.0021,0.0139,1.0414,-0.0631,1.5947,0.000224,-0.0001,0.0
23.36,FLIGHT,0.9912,1.591,0.1213,0.1553,0.1119,0.144,-0.0117,-0.1871,0.0018,0.0129,1.041,-0.0631,1.5951,0.000223,-0.0001,0.0
23.365,FLIGHT,0.9918,1.5917,0.1109,0.1428,0.1017,0.1318,-0.0117,-0.1871,0.0015,0.0118,1.0406,-0.0631,1.5955,0.000223,-0.0001,0.0
23.37,FLIGHT,0.9923,1.5923,0.1008,0.1306,0.0919,0.1198,-0.0117,-0.187,0.0013,0.0108,1.0402,-0.0631,1.5959,0.000222,-0.0001,0.0
23.375,FLIGHT,0.9927,1.5929,0.091,0.1187,0.0823,0.1082,-0.0117,-0.187,0.001,0.0099,1.0398,-0.063,1.5963,0.000221,-0.0001,0.0
23.38,FLIGHT,0.9931,1.5934,0.0815,0.1071,0.0731,0.0968,-0.0117,-0.1869,0.0008,0.0089,1.0393,-0.063,1.5966,0.00022,-0.0001,0.0
23.385,FLIGHT,0.9934,1.5938,0.0723,0.0958,0.0642,0.0858,-0.0117,-0.1869,0.0006,0.008,1.0388,-0.0629,1.5969,0.00022,-0.0001,0.0
23.39,FLIGHT,0.9937,1.5942,0.0635,0.0848,0.0557,0.0752,-0.0117,-0.1869,0.0004,0.0071,1.0383,-0.0628,1.5972,0.000219,-0.0001,0.0
23.395,FLIGHT,0.994,1.5946,0.055,0.0742,0.0475,0.0649,-0.0117,-0.1868,0.0003,0.0062,1.0378,-0.0626,1.5974,0.000218,-0.0001,0.0
23.4,FLIGHT,0.9942,1.5949,0.0468,0.064,0.0397,0.055,-0.0117,-0.1868,0.0001,0.0053,1.0372,-0.0625,1.5976,0.000218,-0.0001,0.0
23.405,FLIGHT,0.9944,1.5951,0.039,0.0541,0.0322,0.0454,-0.0117,-0.1868,0.0,0.0045,1.0366,-0.0623,1.5978,0.000217,-0.0001,0.0
23.41,FLIGHT,0.9945,1.5953,0.0316,0.0446,0.0251,0.0362,-0.0117,-0.1868,-0.0001,0.0037,1.036,-0.0621,1.598,0.000216,-0.0001,0.0
23.415,FLIGHT,0.9946,1.5955,0.0245,0.0355,0.0184,0.0275,-0.0117,-0.1868,-0.0002,0.003,1.0353,-0.0619,1.5982,0.000216,-0.0001,0.0
23.42,FLIGHT,0.9947,1.5956,0.0178,0.0267,0.012,0.0191,-0.0117,-0.1868,-0.0003,0.0023,1.0347,-0.0617,1.5983,0.000215,-0.0001,0.0
23.425,FLIGHT,0.9948,1.5957,0.0115,0.0184,0.0059,0.0111,-0.0117,-0.1867,-0.0003,0.0016,1.034,-0.0615,1.5985,0.000215,-0.0001,0.0
23.43,FLIGHT,0.9948,1.5957,0.0055,0.0104,0.0003,0.0035,-0.0117,-0.1867,-0.0004,0.0009,1.0333,-0.0613,1.5986,0.000214,-0.0001,0.0
23.435,FLIGHT,0.9948,1.5957,-0.0002,0.0029,-0.0051,-0.0037,-0.0117,-0.1867,-0.0004,0.0003,1.0326,-0.0611,1.5987,0.000214,-0.0001,0.0
23.44,FLIGHT,0.9947,1.5957,-0.0054,-0.0043,-0.01,-0.0105,-0.0117,-0.1867,-0.0004,-0.0003,1.0318,-0.0608,1.5988,0.000213,-0.0001,0.0
23.445,FLIGHT,0.9947,1.5956,-0.0104,-0.011,-0.0146,-0.0169,-0.0117,-0.1868,-0.0005,-0.0009,1.031,-0.0606,1.5988,0.000213,-0.0001,0.0
23.45,FLIGHT,0.9946,1.5955,-0.015,-0.0174,-0.0189,-0.0229,-0.0117,-0.1868,-0.0005,-0.0014,1.0302,-0.0603,1.5989,0.000212,-0.0001,0.0
23.455,FLIGHT,0.9945,1.5954,-0.0192,-0.0233,-0.0229,-0.0285,-0.0117,-0.1868,-0.0005,-0.0019,1.0294,-0.0601,1.5989,0.000212,-0.0001,0.0
23.46,FLIGHT,0.9943,1.5952,-0.0231,-0.0289,-0.0265,-0.0337,-0.0117,-0.1868,-0.0004,-0.0024,1.0286,-0.0598,1.5989,0.000211,-0.0001,0.0
23.465,FLIGHT,0.9942,1.5951,-0.0267,-0.0341,-0.0298,-0.0385,-0.0117,-0.1868,-0.0004,-0.0028,1.0278,-0.0596,1.5989,0.000211,-0.0001,0.0
23.47,FLIGHT,0.9941,1.5949,-0.03,-0.0389,-0.0328,-0.043,-0.0117,-0.1868,-0.0004,-0.0032,1.0269,-0.0593,1.5989,0.00021,-0.0001,0.0
23.475,FLIGHT,0.9939,1.5946,-0.033,-0.0433,-0.0355,-0.0471,-0.0117,-0.1868,-0.0003,-0.0036,1.026,-0.059,1.5989,0.00021,-0.0001,0.0
23.48,FLIGHT,0.9937,1.5944,-0.0356,-0.0474,-0.0379,-0.0508,-0.0117,-0.1869,-0.0003,-0.0039,1.0251,-0.0588,1.5989,0.00021,-0.0001,0.0
23.485,FLIGHT,0.9935,1.5941,-0.038,-0.0511,-0.04,-0.0542,-0.0117,-0.1869,-0.0002,-0.0043,1.0242,-0.0585,1.5988,0.000209,-0.0001,0.0
23.49,FLIGHT,0.9933,1.5938,-0.0401,-0.0544,-0.0418,-0.0573,-0.0117,-0.1869,-0.0002,-0.0045,1.0232,-0.0583,1.5988,0.000209,-0.0001,0.0
23.495,FLIGHT,0.9931,1.5936,-0.0419,-0.0574,-0.0434,-0.06,-0.0117,-0.1869,-0.0001,-0.0048,1.0223,-0.058,1.5987,0.000209,-0.0001,0.0
23.5,FLIGHT,0.9929,1.5932,-0.0434,-0.0601,-0.0447,-0.0623,-0.0117,-0.187,-0.0,-0.005,1.0213,-0.0578,1.5987,0.000208,-0.0,0.0
23.505,FLIGHT,0.9926,1.5929,-0.0447,-0.0624,-0.0458,-0.0644,-0.0117,-0.187,0.0,-0.0052,1.0203,-0.0575,1.5986,0.000208,-0.0,0.0
23.51,FLIGHT,0.9924,1.5926,-0.0458,-0.0645,-0.0466,-0.0662,-0.0117,-0.187,0.0001,-0.0054,1.0193,-0.0573,1.5985,0.000208,-0.0,0.0
23.515,FLIGHT,0.9922,1.5923,-0.0466,-0.0662,-0.0472,-0.0676,-0.0117,-0.187,0.0002,-0.0056,1.0183,-0.0571,1.5984,0.000208,-0.0,0.0
23.52,FLIGHT,0.9919,1.5919,-0.0472,-0.0676,-0.0476,-0.0688,-0.0117,-0.1871,0.0003,-0.0057,1.0172,-0.0569,1.5983,0.000208,-0.0,0.0
23.525,FLIGHT,0.9917,1.5916,-0.0476,-0.0688,-0.0478,-0.0697,-0.0117,-0.1871,0.0004,-0.0058,1.0162,-0.0566,1.5982,0.000207,-0.0,0.0
23.53,FLIGHT,0.9915,1.5912,-0.0478,-0.0697,-0.0479,-0.0704,-0.0117,-0.1871,0.0004,-0.0059,1.0151,-0.0564,1.5982,0.000207,-0.0,0.0
23.535,FLIGHT,0.9912,1.5909,-0.0478,-0.0703,-0.0477,-0.0708,-0.0117,-0.1872,0.0005,-0.0059,1.014,-0.0562,1.5981,0.000207,-0.0,0.0
23.54,FLIGHT,0.991,1.5905,-0.0476,-0.0707,-0.0474,-0.071,-0.0117,-0.1872,0.0006,-0.0059,1.0129,-0.056,1.5979,0.000207,-0.0,0.0
23.545,FLIGHT,0.9907,1.5902,-0.0473,-0.0709,-0.0469,-0.0709,-0.0117,-0.1872,0.0007,-0.006,1.0118,-0.0558,1.5978,0.000207,-0.0,0.0
23.55,FLIGHT,0.9905,1.5898,-0.0468,-0.0708,-0.0463,-0.0706,-0.0117,-0.1872,0.0008,-0.006,1.0107,-0.0557,1.5977,0.000207,-0.0,0.0
23.555,FLIGHT,0.9903,1.5895,-0.0461,-0.0705,-0.0455,-0.0702,-0.0117,-0.1873,0.0009,-0.0059,1.0096,-0.0555,1.5976,0.000207,-0.0,0.0
23.56,FLIGHT,0.9901,1.5891,-0.0454,-0.07,-0.0446,-0.0695,-0.0117,-0.1873,0.0009,-0.0059,1.0084,-0.0553,1.5975,0.000207,-0.0,0.0
23.565,FLIGHT,0.9898,1.5888,-0.0445,-0.0694,-0.0436,-0.0687,-0.0117,-0.1873,0.001,-0.0059,1.0073,-0.0552,1.5974,0.000207,-0.0,0.0
23.57,FLIGHT,0.9896,1.5884,-0.0435,-0.0685,-0.0425,-0.0677,-0.0116,-0.1874,0.0011,-0.0058,1.0061,-0.055,1.5973,0.000207,0.0,0.0
23.575,FLIGHT,0.9894,1.5881,-0.0424,-0.0675,-0.0413,-0.0665,-0.0116,-0.1874,0.0012,-0.0057,1.0049,-0.0549,1.5972,0.000207,0.0,0.0
23.58,FLIGHT,0.9892,1.5878,-0.0411,-0.0663,-0.04,-0.0652,-0.0116,-0.1874,0.0012,-0.0056,1.0037,-0.0548,1.5971,0.000207,0.0,0.0
23.585,FLIGHT,0.989,1.5874,-0.0399,-0.065,-0.0387,-0.0638,-0.0116,-0.1874,0.0013,-0.0055,1.0025,-0.0547,1.597,0.000207,0.0,0.0
23.59,FLIGHT,0.9888,1.5871,-0.0385,-0.0636,-0.0372,-0.0622,-0.0116,-0.1875,0.0014,-0.0054,1.0013,-0.0545,1.5969,0.000207,0.0,0.0
23.595,FLIGHT,0.9886,1.5868,-0.0371,-0.062,-0.0357,-0.0606,-0.0116,-0.1875,0.0014,-0.0053,1.0,-0.0544,1.5968,0.000207,0.0,0.0
23.6,STANCE,0.9894,1.5871,0.1373,0.0358,0.6206,0.0941,-0.0115,-0.1875,0.0209,0.0017,0.999,0.0893,-0.4012,-0.000369,-0.3152,0.0634
23.605,STANCE,0.9947,1.5859,0.7957,-0.1964,0.9922,-0.4126,-0.0103,-0.1876,0.1759,-0.0261,0.9982,-0.3445,-0.9239,-0.002331,-0.322,0.0667
23.61,STANCE,0.9968,1.5852,0.4903,-0.1255,0.142,0.0236,-0.0099,-0.1877,0.1091,-0.0162,0.9981,-0.4948,-1.5494,-0.003013,-0.0288,0.0088
23.615,STANCE,0.9978,1.5849,0.3161,-0.0977,0.3602,-0.2284,-0.0096,-0.1878,0.0726,-0.0119,0.9983,-0.7272,-2.0686,-0.002962,0.0354,0.003
23.62,STANCE,1.0006,1.5821,0.4963,-0.474,0.5838,-1.4533,-0.0087,-0.188,0.1579,-0.0468,0.9984,-1.108,-2.2494,-0.002694,0.1137,0.0027
23.625,STANCE,1.0047,1.5745,0.7321,-1.1846,0.9988,-1.5772,-0.0069,-0.1887,0.3008,-0.1093,0.9984,-1.4909,-2.0614,-0.002173,0.0881,0.0022
23.63,STANCE,1.0115,1.5643,1.2001,-1.8213,1.6142,-2.5637,-0.0042,-0.1897,0.4803,-0.1609,0.9984,-1.9147,-1.6658,-0.002253,-0.0666,0.0156
23.635,STANCE,1.0197,1.5494,1.5118,-2.6163,1.5845,-3.0517,-0.0006,-0.1909,0.6567,-0.2163,0.9983,-2.1844,-0.9882,-0.002564,-0.0471,0.012
23.64,STANCE,1.0265,1.5343,1.3968,-2.8792,1.2023,-3.1148,0.0029,-0.1922,0.6785,-0.2242,0.9984,-2.1027,-0.4182,-0.00264,-0.0052,0.0037
23.645,STANCE,1.032,1.5188,1.1772,-3.0298,0.9063,-3.1472,0.0061,-0.1933,0.6641,-0.2238,0.9984,-1.8007,0.1545,-0.002683,0.0087,0.0027
23.65,STANCE,1.0359,1.5035,0.8827,-3.0375,0.5945,-2.9962,0.0091,-0.1945,0.6136,-0.2152,0.9986,-1.3199,0.65,-0.002618,0.028,0.0026
23.655,STANCE,1.0381,1.489,0.5756,-2.9426,0.3168,-2.8361,0.0117,-0.1955,0.5443,-0.2023,0.9988,-0.7631,1.028,-0.002423,0.0518,0.0024
23.66,STANCE,1.0393,1.4752,0.3394,-2.8071,0.1485,-2.7216,0.0139,-0.1964,0.4815,-0.1885,0.999,-0.2866,1.2668,-0.002136,0.0723,0.0021
23.665,FLIGHT,1.0401,1.4621,0.2103,-2.691,0.1155,-2.6375,0.016,-0.1973,0.4417,-0.1763,0.9993,-1.3385,2.6268,-0.001789,0.0834,0.0018
23.67,FLIGHT,1.0393,1.4511,-0.089,-2.2823,-0.5994,-1.5654,0.0175,-0.198,0.3233,-0.1505,0.9998,-1.321,2.6012,-0.00129,0.1267,0.0013
23.675,FLIGHT,1.034,1.4462,-0.7902,-1.3411,-1.478,-0.437,0.0172,-0.1985,0.0435,-0.1012,1.0006,-1.0981,2.4115,-0.0005,0.1851,0.0005
23.68,FLIGHT,1.0249,1.4463,-1.5308,-0.3669,-2.1432,0.4475,0.0154,-0.1986,-0.2494,-0.048,1.0017,-0.8042,2.1682,0.000461,0.1676,0.0
23.685,FLIGHT,1.013,1.4502,-2.1236,0.438,-2.5668,1.0568,0.0124,-0.1985,-0.4862,0.0038,1.0029,-0.5174,1.9334,0.001107,0.095,0.0
23.69,FLIGHT,0.9996,1.4564,-2.5153,1.0082,-2.7749,1.412,0.0088,-0.1982,-0.646,0.0502,1.0043,-0.2713,1.7335,0.00145,0.0456,0.0
23.695,FLIGHT,0.9856,1.4639,-2.7108,1.3484,-2.8061,1.5596,0.005,-0.1977,-0.7312,0.0877,1.0057,-0.0772,1.5774,0.001591,0.0132,0.0
23.7,FLIGHT,0.9717,1.4718,-2.7404,1.4944,-2.7036,1.5514,0.0011,-0.1972,-0.7542,0.1137,1.0071,0.0652,1.4647,0.001602,-0.0073,0.0015
23.705,FLIGHT,0.9587,1.4793,-2.6422,1.4915,-2.5085,1.4357,-0.0025,-0.1966,-0.7303,0.1276,1.0085,0.162,1.3904,0.001532,-0.0195,0.0039
23.71,FLIGHT,0.9468,1.486,-2.4541,1.3844,-2.2556,1.254,-0.0058,-0.196,-0.6746,0.1301,1.0099,0.2212,1.3477,0.001416,-0.0261,0.0052
23.715,FLIGHT,0.9362,1.4918,-2.2092,1.2124,-1.9729,1.0391,-0.0087,-0.1954,-0.5996,0.1234,1.0112,0.2509,1.3295,0.001277,-0.0288,0.0058
23.72,FLIGHT,0.927,1.4964,-1.9344,1.007,-1.6815,0.8158,-0.0111,-0.1949,-0.5153,0.11,1.0124,0.2587,1.3293,0.001132,-0.0291,0.0058
23.725,FLIGHT,0.9193,1.4999,-1.6505,0.7925,-1.3968,0.6018,-0.0131,-0.1945,-0.4291,0.0924,1.0136,0.2507,1.3415,0.000989,-0.0278,0.0056
23.73,FLIGHT,0.913,1.5024,-1.3723,0.586,-1.1291,0.4085,-0.0146,-0.1942,-0.3459,0.0732,1.0147,0.2324,1.3615,0.000855,-0.0256,0.0051
23.735,FLIGHT,0.908,1.5041,-1.1102,0.3991,-0.8848,0.2427,-0.0158,-0.194,-0.2692,0.0541,1.0157,0.2077,1.3859,0.000734,-0.0229,0.0046
23.74,FLIGHT,0.9041,1.5049,-0.8705,0.2385,-0.6671,0.1075,-0.0167,-0.1938,-0.2008,0.0365,1.0167,0.1798,1.4118,0.000627,-0.02,0.004
23.745,FLIGHT,0.9013,1.5052,-0.6567,0.1073,-0.4771,0.0032,-0.0173,-0.1938,-0.1416,0.0213,1.0177,0.1511,1.4374,0.000535,-0.0171,0.0034
23.75,FLIGHT,0.8993,1.505,-0.4697,0.0059,-0.3142,-0.0717,-0.0176,-0.1937,-0.0918,0.0088,1.0186,0.1232,1.4615,0.000456,-0.0143,0.0029
23.755,FLIGHT,0.8981,1.5045,-0.3091,-0.0669,-0.1767,-0.12,-0.0178,-0.1938,-0.0509,-0.0007,1.0195,0.0972,1.4831,0.000392,-0.0117,0.0023
23.76,FLIGHT,0.8975,1.5038,-0.1734,-0.1137,-0.0622,-0.145,-0.0178,-0.1938,-0.0184,-0.0075,1.0203,0.0738,1.502,0.000339,-0.0094,0.0019
23.765,FLIGHT,0.8975,1.5031,-0.0601,-0.1379,0.0319,-0.1504,-0.0178,-0.1939,0.0068,-0.0117,1.0211,0.0533,1.518,0.000297,-0.0074,0.0015
23.77,FLIGHT,0.8978,1.5024,0.0331,-0.1429,0.1086,-0.1398,-0.0176,-0.194,0.0256,-0.0138,1.0219,0.0357,1.5311,0.000265,-0.0057,0.0011
23.775,FLIGHT,0.8985,1.5017,0.1092,-0.1323,0.1705,-0.1169,-0.0174,-0.194,0.039,-0.0141,1.0227,0.0211,1.5415,0.00024,-0.0043,0.0009
23.78,FLIGHT,0.8995,1.5012,0.1708,-0.1096,0.2202,-0.0847,-0.0171,-0.1941,0.0479,-0.013,1.0235,0.0091,1.5496,0.000222,-0.0031,0.0006
23.785,FLIGHT,0.9007,1.5009,0.2203,-0.0777,0.26,-0.046,-0.0168,-0.1941,0.0532,-0.0109,1.0243,-0.0005,1.5556,0.000209,-0.0021,0.0004
23.79,FLIGHT,0.9021,1.5008,0.2601,-0.0396,0.2919,-0.0033,-0.0165,-0.1942,0.0558,-0.0079,1.0251,-0.008,1.56,0.0002,-0.0014,0.0003
23.795,FLIGHT,0.9036,1.5009,0.292,0.0026,0.3176,0.0415,-0.0163,-0.1942,0.0564,-0.0045,1.0258,-0.0139,1.5629,0.000194,-0.0008,0.0002
23.8,FLIGHT,0.9053,1.5012,0.3178,0.0468,0.3386,0.0869,-0.016,-0.1942,0.0554,-0.0008,1.0266,-0.0183,1.5648,0.000191,-0.0004,0.0001
23.805,FLIGHT,0.907,1.5017,0.3388,0.0916,0.3559,0.1315,-0.0157,-0.1942,0.0534,0.003,1.0274,-0.0215,1.5658,0.00019,-0.0001,0.0
23.81,FLIGHT,0.9088,1.5025,0.3562,0.1356,0.3704,0.1744,-0.0155,-0.1941,0.0508,0.0069,1.0281,-0.024,1.5662,0.000191,0.0002,0.0
23.815,FLIGHT,0.9107,1.5035,0.3708,0.178,0.3829,0.215,-0.0152,-0.1941,0.0479,0.0106,1.0288,-0.0257,1.5663,0.000192,0.0003,0.0
23.82,FLIGHT,0.9126,1.5046,0.3833,0.2181,0.3937,0.2529,-0.015,-0.194,0.0449,0.0141,1.0296,-0.0271,1.5661,0.000194,0.0004,0.0
23.825,FLIGHT,0.9146,1.506,0.3942,0.2555,0.4033,0.2877,-0.0148,-0.1939,0.0419,0.0174,1.0303,-0.0281,1.5657,0.000196,0.0005,0.0
23.83,FLIGHT,0.9167,1.5075,0.4038,0.2899,0.4118,0.3193,-0.0146,-0.1938,0.039,0.0204,1.031,-0.0289,1.5654,0.000199,0.0005,0.0
23.835,FLIGHT,0.9187,1.5092,0.4123,0.3211,0.4195,0.3477,-0.0144,-0.1937,0.0364,0.0232,1.0317,-0.0297,1.565,0.000202,0.0006,0.0
23.84,FLIGHT,0.9209,1.511,0.4199,0.3492,0.4264,0.373,-0.0143,-0.1935,0.034,0.0257,1.0324,-0.0305,1.5648,0.000204,0.0005,0.0
23.845,FLIGHT,0.923,1.5129,0.4267,0.3742,0.4324,0.3952,-0.0141,-0.1934,0.0318,0.0279,1.0331,-0.0312,1.5646,0.000207,0.0005,0.0
23.85,FLIGHT,0.9252,1.5149,0.4327,0.3962,0.4377,0.4145,-0.014,-0.1932,0.0299,0.0299,1.0337,-0.032,1.5646,0.00021,0.0005,0.0
23.855,FLIGHT,0.9274,1.517,0.4378,0.4153,0.4421,0.4312,-0.0138,-0.1931,0.0283,0.0316,1.0344,-0.0329,1.5648,0.000212,0.0005,0.0
23.86,FLIGHT,0.9296,1.5192,0.4422,0.4317,0.4457,0.4452,-0.0137,-0.1929,0.0268,0.0331,1.035,-0.0339,1.565,0.000214,0.0004,0.0
23.865,FLIGHT,0.9318,1.5215,0.4456,0.4456,0.4484,0.4569,-0.0136,-0.1927,0.0255,0.0343,1.0356,-0.0349,1.5654,0.000216,0.0004,0.0
23.87,FLIGHT,0.9341,1.5238,0.4482,0.4571,0.4502,0.4664,-0.0135,-0.1926,0.0244,0.0354,1.0362,-0.036,1.5659,0.000218,0.0004,0.0
23.875,FLIGHT,0.9363,1.5262,0.4499,0.4664,0.451,0.4738,-0.0134,-0.1924,0.0234,0.0363,1.0368,-0.0372,1.5666,0.00022,0.0004,0.0
23.88,FLIGHT,0.9386,1.5285,0.4507,0.4736,0.4509,0.4793,-0.0132,-0.1922,0.0225,0.037,1.0374,-0.0384,1.5673,0.000222,0.0003,0.0
23.885,FLIGHT,0.9408,1.5309,0.4505,0.479,0.4499,0.4831,-0.0131,-0.192,0.0216,0.0375,1.0379,-0.0396,1.5681,0.000224,0.0003,0.0
23.89,FLIGHT,0.9431,1.5334,0.4493,0.4827,0.4479,0.4852,-0.013,-0.1918,0.0208,0.0379,1.0384,-0.0409,1.5689,0.000225,0.0003,0.0
23.895,FLIGHT,0.9453,1.5358,0.4472,0.4847,0.4449,0.4858,-0.0129,-0.1916,0.0201,0.0382,1.0389,-0.0421,1.5698,0.000226,0.0002,0.0
23.9,FLIGHT,0.9475,1.5382,0.4442,0.4852,0.4411,0.4851,-0.0128,-0.1914,0.0193,0.0384,1.0394,-0.0434,1.5708,0.000227,0.0002,0.0
23.905,FLIGHT,0.9497,1.5406,0.4403,0.4844,0.4364,0.483,-0.0127,-0.1912,0.0186,0.0384,1.0399,-0.0447,1.5717,0.000228,0.0002,0.0
23.91,FLIGHT,0.9519,1.543,0.4355,0.4822,0.4308,0.4798,-0.0127,-0.191,0.0179,0.0383,1.0403,-0.0459,1.5727,0.000229,0.0002,0.0
23.915,FLIGHT,0.954,1.5454,0.4298,0.4789,0.4244,0.4754,-0.0126,-0.1909,0.0172,0.0381,1.0407,-0.0471,1.5737,0.00023,0.0001,0.0
23.92,FLIGHT,0.9561,1.5478,0.4234,0.4744,0.4173,0.47,-0.0125,-0.1907,0.0165,0.0378,1.0411,-0.0483,1.5747,0.000231,0.0001,0.0
23.925,FLIGHT,0.9582,1.5501,0.4162,0.469,0.4094,0.4636,-0.0124,-0.1905,0.0158,0.0375,1.0415,-0.0494,1.5758,0.000231,0.0001,0.0
23.93,FLIGHT,0.9602,1.5524,0.4083,0.4625,0.4009,0.4563,-0.0123,-0.1903,0.0151,0.037,1.0418,-0.0505,1.5768,0.000232,0.0001,0.0
23.935,FLIGHT,0.9622,1.5547,0.3998,0.4552,0.3918,0.4482,-0.0123,-0.1901,0.0144,0.0365,1.0421,-0.0516,1.5778,0.000232,0.0001,0.0
23.94,FLIGHT,0.9642,1.5569,0.3906,0.447,0.3822,0.4393,-0.0122,-0.1899,0.0138,0.0359,1.0424,-0.0526,1.5788,0.000233,0.0001,0.0
23.945,FLIGHT,0.966,1.5591,0.3809,0.4381,0.372,0.4297,-0.0121,-0.1898,0.0131,0.0353,1.0427,-0.0535,1.5797,0.000233,0.0,0.0
23.95,FLIGHT,0.9679,1.5612,0.3707,0.4284,0.3614,0.4195,-0.0121,-0.1896,0.0124,0.0346,1.0429,-0.0545,1.5807,0.000233,0.0,0.0
23.955,FLIGHT,0.9697,1.5633,0.3601,0.4182,0.3504,0.4087,-0.012,-0.1894,0.0117,0.0338,1.0431,-0.0553,1.5816,0.000233,0.0,0.0
23.96,FLIGHT,0.9714,1.5653,0.3491,0.4073,0.3391,0.3974,-0.012,-0.1893,0.011,0.033,1.0433,-0.0561,1.5825,0.000233,-0.0,0.0
23.965,FLIGHT,0.973,1.5673,0.3377,0.396,0.3274,0.3856,-0.0119,-0.1891,0.0104,0.0321,1.0435,-0.0569,1.5834,0.000233,-0.0,0.0
23.97,FLIGHT,0.9746,1.5692,0.3261,0.3841,0.3155,0.3733,-0.0119,-0.1889,0.0097,0.0312,1.0436,-0.0576,1.5843,0.000233,-0.0,0.0
23.975,FLIGHT,0.9762,1.571,0.3142,0.3719,0.3034,0.3607,-0.0118,-0.1888,0.0091,0.0303,1.0437,-0.0583,1.5852,0.000232,-0.0001,0.0
23.98,FLIGHT,0.9777,1.5728,0.3021,0.3593,0.2911,0.3478,-0.0118,-0.1887,0.0085,0.0293,1.0438,-0.0589,1.586,0.000232,-0.0001,0.0
23.985,FLIGHT,0.9791,1.5745,0.2898,0.3463,0.2788,0.3346,-0.0117,-0.1885,0.0079,0.0283,1.0438,-0.0595,1.5868,0.000232,-0.0001,0.0
23.99,FLIGHT,0.9805,1.5761,0.2774,0.3332,0.2663,0.3212,-0.0117,-0.1884,0.0073,0.0272,1.0438,-0.06,1.5876,0.000231,-0.0001,0.0
23.995,FLIGHT,0.9818,1.5777,0.265,0.3197,0.2538,0.3077,-0.0117,-0.1883,0.0067,0.0262,1.0438,-0.0605,1.5883,0.000231,-0.0001,0.0
24.0,FLIGHT,0.983,1.5792,0.2525,0.3062,0.2413,0.2939,-0.0116,-0.1881,0.0062,0.0251,1.0438,-0.0609,1.5891,0.00023,-0.0001,0.0
24.005,FLIGHT,0.9842,1.5806,0.24,0.2925,0.2289,0.2801,-0.0116,-0.188,0.0057,0.024,1.0437,-0.0613,1.5898,0.00023,-0.0001,0.0
24.01,FLIGHT,0.9853,1.582,0.2276,0.2787,0.2165,0.2663,-0.0116,-0.1879,0.0052,0.0229,1.0436,-0.0616,1.5904,0.000229,-0.0001,0.0
24.015,FLIGHT,0.9863,1.5833,0.2152,0.2649,0.2042,0.2525,-0.0116,-0.1878,0.0047,0.0218,1.0435,-0.0619,1.5911,0.000229,-0.0001,0.0
24.02,FLIGHT,0.9873,1.5845,0.2029,0.251,0.192,0.2387,-0.0115,-0.1877,0.0043,0.0207,1.0433,-0.0622,1.5917,0.000228,-0.0001,0.0
24.025,FLIGHT,0.9883,1.5857,0.1908,0.2372,0.18,0.2249,-0.0115,-0.1876,0.0038,0.0196,1.0431,-0.0624,1.5923,0.000227,-0.0001,0.0
24.03,FLIGHT,0.9891,1.5868,0.1788,0.2235,0.1682,0.2113,-0.0115,-0.1875,0.0034,0.0184,1.0429,-0.0626,1.5928,0.000227,-0.0001,0.0
24.035,FLIGHT,0.9899,1.5878,0.167,0.2099,0.1565,0.1978,-0.0115,-0.1874,0.003,0.0173,1.0427,-0.0628,1.5934,0.000226,-0.0001,0.0
24.04,FLIGHT,0.9907,1.5887,0.1554,0.1964,0.1451,0.1844,-0.0115,-0.1873,0.0027,0.0162,1.0424,-0.0629,1.5939,0.000225,-0.0001,0.0
24.045,FLIGHT,0.9914,1.5896,0.1441,0.1831,0.134,0.1713,-0.0115,-0.1873,0.0023,0.0152,1.0421,-0.063,1.5944,0.000225,-0.0001,0.0
24.05,FLIGHT,0.992,1.5904,0.1329,0.17,0.1231,0.1584,-0.0115,-0.1872,0.002,0.0141,1.0418,-0.0631,1.5948,0.000224,-0.0001,0.0
24.055,FLIGHT,0.9926,1.5912,0.1221,0.1571,0.1125,0.1457,-0.0115,-0.1871,0.0017,0.013,1.0414,-0.0631,1.5953,0.000223,-0.0001,0.0
24.06,FLIGHT,0.9932,1.5919,0.1115,0.1445,0.1022,0.1333,-0.0115,-0.1871,0.0014,0.012,1.041,-0.0631,1.5957,0.000222,-0.0001,0.0
24.065,FLIGHT,0.9937,1.5925,0.1013,0.1321,0.0922,0.1211,-0.0114,-0.187,0.0011,0.011,1.0406,-0.0631,1.596,0.000222,-0.0001,0.0
24.07,FLIGHT,0.9941,1.5931,0.0913,0.12,0.0825,0.1093,-0.0114,-0.187,0.0009,0.01,1.0402,-0.063,1.5964,0.000221,-0.0001,0.0
24.075,FLIGHT,0.9945,1.5936,0.0817,0.1082,0.0732,0.0978,-0.0114,-0.1869,0.0007,0.009,1.0397,-0.0629,1.5967,0.00022,-0.0001,0.0
24.08,FLIGHT,0.9948,1.5941,0.0723,0.0968,0.0642,0.0867,-0.0114,-0.1869,0.0005,0.0081,1.0392,-0.0628,1.597,0.00022,-0.0001,0.0
24.085,FLIGHT,0.9951,1.5945,0.0634,0.0857,0.0555,0.0759,-0.0114,-0.1869,0.0003,0.0072,1.0387,-0.0627,1.5973,0.000219,-0.0001,0.0
24.09,FLIGHT,0.9954,1.5949,0.0548,0.0749,0.0472,0.0654,-0.0114,-0.1868,0.0002,0.0063,1.0382,-0.0626,1.5975,0.000218,-0.0001,0.0
24.095,FLIGHT,0.9956,1.5952,0.0465,0.0645,0.0393,0.0553,-0.0114,-0.1868,0.0,0.0054,1.0376,-0.0624,1.5978,0.000217,-0.0001,0.0
24.1,FLIGHT,0.9958,1.5954,0.0386,0.0545,0.0317,0.0457,-0.0114,-0.1868,-0.0001,0.0046,1.037,-0.0623,1.598,0.000217,-0.0001,0.0
24.105,FLIGHT,0.9959,1.5956,0.0311,0.0448,0.0245,0.0364,-0.0114,-0.1868,-0.0002,0.0038,1.0364,-0.0621,1.5982,0.000216,-0.0001,0.0
24.11,FLIGHT,0.996,1.5958,0.0239,0.0356,0.0177,0.0275,-0.0114,-0.1868,-0.0003,0.003,1.0357,-0.0619,1.5983,0.000216,-0.0001,0.0
24.115,FLIGHT,0.9961,1.5959,0.0171,0.0267,0.0112,0.019,-0.0114,-0.1867,-0.0004,0.0023,1.0351,-0.0617,1.5985,0.000215,-0.0001,0.0
24.12,FLIGHT,0.9961,1.596,0.0107,0.0183,0.0051,0.0109,-0.0114,-0.1867,-0.0005,0.0016,1.0344,-0.0615,1.5986,0.000214,-0.0001,0.0
24.125,FLIGHT,0.9961,1.596,0.0046,0.0102,-0.0007,0.0032,-0.0114,-0.1867,-0.0005,0.0009,1.0337,-0.0612,1.5987,0.000214,-0.0001,0.0
24.13,FLIGHT,0.9961,1.596,-0.0011,0.0025,-0.0061,-0.0041,-0.0114,-0.1867,-0.0005,0.0002,1.033,-0.061,1.5988,0.000213,-0.0001,0.0
24.135,FLIGHT,0.9961,1.596,-0.0065,-0.0047,-0.0111,-0.011,-0.0115,-0.1867,-0.0006,-0.0004,1.0322,-0.0608,1.5989,0.000213,-0.0001,0.0
24.14,FLIGHT,0.996,1.5959,-0.0115,-0.0115,-0.0158,-0.0175,-0.0115,-0.1867,-0.0006,-0.0009,1.0314,-0.0605,1.599,0.000212,-0.0001,0.0
24.145,FLIGHT,0.9959,1.5958,-0.0161,-0.018,-0.0201,-0.0236,-0.0115,-0.1868,-0.0006,-0.0015,1.0306,-0.0602,1.599,0.000212,-0.0001,0.0
24.15,FLIGHT,0.9958,1.5957,-0.0204,-0.024,-0.0241,-0.0292,-0.0115,-0.1868,-0.0006,-0.002,1.0298,-0.06,1.599,0.000211,-0.0001,0.0
24.155,FLIGHT,0.9957,1.5955,-0.0244,-0.0297,-0.0278,-0.0345,-0.0115,-0.1868,-0.0006,-0.0025,1.029,-0.0597,1.5991,0.000211,-0.0001,0.0
24.16,FLIGHT,0.9955,1.5953,-0.028,-0.0349,-0.0311,-0.0394,-0.0115,-0.1868,-0.0005,-0.0029,1.0281,-0.0595,1.5991,0.00021,-0.0001,0.0
24.165,FLIGHT,0.9954,1.5951,-0.0313,-0.0398,-0.0341,-0.044,-0.0115,-0.1868,-0.0005,-0.0033,1.0273,-0.0592,1.5991,0.00021,-0.0001,0.0
24.17,FLIGHT,0.9952,1.5949,-0.0343,-0.0443,-0.0368,-0.0481,-0.0115,-0.1868,-0.0005,-0.0037,1.0264,-0.0589,1.599,0.00021,-0.0001,0.0
24.175,FLIGHT,0.995,1.5946,-0.037,-0.0484,-0.0392,-0.0519,-0.0115,-0.1869,-0.0004,-0.004,1.0255,-0.0587,1.599,0.000209,-0.0001,0.0
24.18,FLIGHT,0.9948,1.5943,-0.0394,-0.0521,-0.0414,-0.0553,-0.0115,-0.1869,-0.0003,-0.0043,1.0246,-0.0584,1.599,0.000209,-0.0001,0.0
24.185,FLIGHT,0.9946,1.5941,-0.0415,-0.0555,-0.0432,-0.0584,-0.0115,-0.1869,-0.0003,-0.0046,1.0236,-0.0582,1.5989,0.000209,-0.0001,0.0
24.19,FLIGHT,0.9944,1.5938,-0.0433,-0.0586,-0.0448,-0.0611,-0.0115,-0.1869,-0.0002,-0.0049,1.0226,-0.0579,1.5989,0.000208,-0.0001,0.0
24.195,FLIGHT,0.9941,1.5935,-0.0449,-0.0613,-0.0461,-0.0635,-0.0115,-0.1869,-0.0001,-0.0051,1.0217,-0.0577,1.5988,0.000208,-0.0001,0.0
24.2,FLIGHT,0.9939,1.5931,-0.0462,-0.0636,-0.0472,-0.0656,-0.0115,-0.187,-0.0001,-0.0053,1.0207,-0.0574,1.5987,0.000208,-0.0,0.0
24.205,FLIGHT,0.9937,1.5928,-0.0472,-0.0657,-0.048,-0.0674,-0.0115,-0.187,0.0,-0.0055,1.0197,-0.0572,1.5986,0.000208,-0.0,0.0
24.21,FLIGHT,0.9934,1.5925,-0.048,-0.0674,-0.0487,-0.0689,-0.0115,-0.187,0.0001,-0.0056,1.0186,-0.0569,1.5986,0.000207,-0.0,0.0
24.215,FLIGHT,0.9932,1.5921,-0.0486,-0.0689,-0.0491,-0.0701,-0.0115,-0.1871,0.0002,-0.0058,1.0176,-0.0567,1.5985,0.000207,-0.0,0.0
24.22,FLIGHT,0.9929,1.5918,-0.049,-0.0701,-0.0493,-0.071,-0.0115,-0.1871,0.0003,-0.0059,1.0166,-0.0565,1.5984,0.000207,-0.0,0.0
24.225,FLIGHT,0.9927,1.5914,-0.0492,-0.071,-0.0493,-0.0716,-0.0115,-0.1871,0.0004,-0.006,1.0155,-0.0563,1.5983,0.000207,-0.0,0.0
24.23,FLIGHT,0.9924,1.591,-0.0492,-0.0716,-0.0491,-0.072,-0.0115,-0.1871,0.0004,-0.006,1.0144,-0.0561,1.5982,0.000207,-0.0,0.0
24.235,FLIGHT,0.9922,1.5907,-0.049,-0.072,-0.0488,-0.0722,-0.0115,-0.1872,0.0005,-0.006,1.0133,-0.0559,1.5981,0.000207,-0.0,0.0
24.24,FLIGHT,0.992,1.5903,-0.0486,-0.0721,-0.0483,-0.0722,-0.0115,-0.1872,0.0006,-0.0061,1.0122,-0.0557,1.598,0.000207,-0.0,0.0
24.245,FLIGHT,0.9917,1.59,-0.0481,-0.072,-0.0476,-0.0719,-0.0115,-0.1872,0.0007,-0.0061,1.0111,-0.0555,1.5978,0.000207,-0.0,0.0
24.25,FLIGHT,0.9915,1.5896,-0.0475,-0.0717,-0.0468,-0.0714,-0.0115,-0.1873,0.0008,-0.006,1.0099,-0.0553,1.5977,0.000206,-0.0,0.0
24.255,FLIGHT,0.9913,1.5892,-0.0467,-0.0713,-0.0459,-0.0707,-0.0115,-0.1873,0.0009,-0.006,1.0088,-0.0552,1.5976,0.000206,-0.0,0.0
24.26,FLIGHT,0.991,1.5889,-0.0458,-0.0706,-0.0449,-0.0699,-0.0114,-0.1873,0.0009,-0.006,1.0076,-0.055,1.5975,0.000206,-0.0,0.0
24.265,FLIGHT,0.9908,1.5885,-0.0447,-0.0697,-0.0437,-0.0688,-0.0114,-0.1874,0.001,-0.0059,1.0064,-0.0549,1.5974,0.000206,0.0,0.0
24.27,FLIGHT,0.9906,1.5882,-0.0436,-0.0687,-0.0425,-0.0677,-0.0114,-0.1874,0.0011,-0.0058,1.0053,-0.0547,1.5973,0.000206,0.0,0.0
24.275,FLIGHT,0.9904,1.5879,-0.0423,-0.0675,-0.0412,-0.0664,-0.0114,-0.1874,0.0012,-0.0057,1.0041,-0.0546,1.5972,0.000206,0.0,0.0
24.28,FLIGHT,0.9902,1.5875,-0.041,-0.0662,-0.0398,-0.0649,-0.0114,-0.1874,0.0012,-0.0056,1.0029,-0.0545,1.5971,0.000207,0.0,0.0
24.285,FLIGHT,0.99,1.5872,-0.0396,-0.0647,-0.0383,-0.0633,-0.0114,-0.1875,0.0013,-0.0055,1.0016,-0.0544,1.597,0.000207,0.0,0.0
24.29,FLIGHT,0.9898,1.5869,-0.0382,-0.0631,-0.0368,-0.0616,-0.0114,-0.1875,0.0014,-0.0053,1.0004,-0.0543,1.5968,0.000207,0.0,0.0
24.295,STANCE,0.9899,1.587,0.0127,0.0058,0.2241,0.2932,-0.0114,-0.1875,0.0016,0.0004,0.9993,0.1468,-0.1533,1e-06,-0.2045,0.0409
24.3,STANCE,0.9936,1.5872,0.5646,-0.0029,1.2122,-0.3272,-0.0107,-0.1875,0.1063,-0.0063,0.9984,-0.1675,-0.7559,-0.001695,-0.4174,0.0852
24.305,STANCE,0.9973,1.586,0.6032,-0.1307,0.2123,0.001,-0.0099,-0.1877,0.1309,-0.0178,0.9981,-0.429,-1.3154,-0.002924,-0.0739,0.0177
24.31,STANCE,0.9981,1.586,0.3095,-0.0457,0.2429,-0.1031,-0.0097,-0.1877,0.0643,-0.0071,0.9982,-0.6049,-1.905,-0.002981,0.0276,0.003
24.315,STANCE,1.0004,1.5842,0.4329,-0.29,0.6867,-0.6516,-0.0091,-0.1878,0.1208,-0.03,0.9985,-0.9667,-2.2151,-0.002762,0.0549,0.0028
24.32,STANCE,1.004,1.5771,0.6594,-1.0748,0.9904,-1.3985,-0.0074,-0.1885,0.2715,-0.0999,0.9984,-1.3684,-2.0811,-0.002254,0.0747,0.0023
24.325,STANCE,1.0102,1.5669,1.0828,-1.8054,1.549,-2.5617,-0.0048,-0.1894,0.455,-0.1607,0.9984,-1.8128,-1.7278,-0.002235,-0.0648,0.0152
24.33,STANCE,1.0181,1.5525,1.4001,-2.5565,1.369,-3.0727,-0.0013,-0.1907,0.6256,-0.2141,0.9984,-2.1366,-1.1361,-0.002524,-0.0033,0.0032
24.335,STANCE,1.0246,1.5376,1.3313,-2.8412,1.2248,-3.0971,0.002,-0.1919,0.659,-0.2246,0.9984,-2.1357,-0.6013,-0.002582,-0.0224,0.0071
24.34,STANCE,1.0301,1.5216,1.1531,-3.0839,0.917,-3.2693,0.0054,-0.1931,0.6659,-0.2311,0.9984,-1.9143,-0.0047,-0.002673,-0.0062,0.0039
24.345,STANCE,1.0339,1.5056,0.8709,-3.1656,0.5247,-3.2446,0.0084,-0.1943,0.6289,-0.2272,0.9985,-1.4843,0.5325,-0.002672,0.0294,0.0027
24.35,STANCE,1.036,1.4902,0.5528,-3.0943,0.2663,-2.9995,0.0111,-0.1954,0.5613,-0.2152,0.9987,-0.9319,0.9524,-0.00255,0.0398,0.0025
24.355,STANCE,1.0369,1.4757,0.2767,-2.9586,0.0729,-2.8271,0.0134,-0.1964,0.4909,-0.2012,0.9989,-0.3955,1.2425,-0.002312,0.057,0.0023
24.36,STANCE,1.0371,1.462,0.1177,-2.8088,0.0498,-2.6606,0.0154,-0.1974,0.4404,-0.1869,0.9993,-0.0525,1.3801,-0.00201,0.0576,0.002
24.365,FLIGHT,1.0369,1.4492,-0.0076,-2.5997,-0.3471,-2.1304,0.0173,-0.1982,0.3868,-0.17,0.9997,-1.3727,2.6466,-0.001643,0.1029,0.0016
24.37,FLIGHT,1.0328,1.4417,-0.6136,-1.7954,-1.284,-0.9181,0.0176,-0.1988,0.1466,-0.1272,1.0004,-1.2102,2.5047,-0.00095,0.1705,0.0009
24.375,FLIGHT,1.0244,1.4397,-1.3791,-0.7931,-2.0446,0.0837,0.0162,-0.199,-0.1562,-0.0746,1.0014,-0.9252,2.2678,1.9e-05,0.2082,0.0
24.38,FLIGHT,1.0128,1.442,-2.0433,0.1013,-2.5566,0.811,0.0136,-0.1991,-0.4217,-0.0209,1.0026,-0.624,2.0208,0.000842,0.1249,0.0
24.385,FLIGHT,0.9992,1.4473,-2.5124,0.7735,-2.8383,1.2662,0.0101,-0.1989,-0.6132,0.0293,1.0039,-0.3548,1.8017,0.001308,0.0657,0.0
24.39,FLIGHT,0.9847,1.4543,-2.7752,1.2055,-2.9237,1.4909,0.0062,-0.1985,-0.726,0.0717,1.0054,-0.1365,1.6257,0.001531,0.0263,0.0
24.395,FLIGHT,0.9702,1.4619,-2.8556,1.4243,-2.8566,1.5374,0.0022,-0.198,-0.7699,0.1033,1.0068,0.0277,1.495,0.001595,0.0009,0.0
24.4,FLIGHT,0.9563,1.4695,-2.7912,1.4742,-2.6805,1.4573,-0.0016,-0.1974,-0.7602,0.1224,1.0083,0.1423,1.406,0.001557,-0.0146,0.0029
24.405,FLIGHT,0.9435,1.4764,-2.6216,1.402,-2.4337,1.2957,-0.0051,-0.1968,-0.7127,0.1294,1.0097,0.2152,1.3518,0.001459,-0.0235,0.0047
24.41,FLIGHT,0.9321,1.4824,-2.3829,1.2502,-2.1475,1.0895,-0.0082,-0.1962,-0.6412,0.1261,1.0111,0.255,1.3254,0.00133,-0.0277,0.0055
24.415,FLIGHT,0.9221,1.4873,-2.105,1.0539,-1.846,0.867,-0.0108,-0.1957,-0.557,0.1148,1.0124,0.2696,1.3196,0.001187,-0.029,0.0058
24.42,FLIGHT,0.9136,1.491,-1.8114,0.8407,-1.5469,0.6485,-0.013,-0.1952,-0.4685,0.0983,1.0137,0.266,1.3284,0.001043,-0.0283,0.0057
24.425,FLIGHT,0.9066,1.4938,-1.5194,0.6304,-1.2625,0.4479,-0.0147,-0.1949,-0.3817,0.0793,1.0149,0.25,1.3467,0.000906,-0.0265,0.0053
24.43,FLIGHT,0.9009,1.4956,-1.241,0.4367,-1.0004,0.2735,-0.0161,-0.1946,-0.3005,0.0598,1.016,0.2262,1.3704,0.00078,-0.024,0.0048
24.435,FLIGHT,0.8965,1.4966,-0.9841,0.268,-0.7651,0.1296,-0.0171,-0.1945,-0.2274,0.0415,1.017,0.1983,1.3966,0.000667,-0.0211,0.0042
24.44,FLIGHT,0.8932,1.4969,-0.753,0.1285,-0.5582,0.0173,-0.0177,-0.1944,-0.1636,0.0253,1.018,0.1688,1.4231,0.000568,-0.0182,0.0036
24.445,FLIGHT,0.8909,1.4968,-0.5494,0.0196,-0.3795,-0.0645,-0.0182,-0.1944,-0.1094,0.0118,1.019,0.1397,1.4482,0.000484,-0.0154,0.0031
24.45,FLIGHT,0.8894,1.4963,-0.3734,-0.0598,-0.2277,-0.1182,-0.0184,-0.1944,-0.0646,0.0013,1.02,0.1123,1.4711,0.000414,-0.0127,0.0025
24.455,FLIGHT,0.8886,1.4956,-0.2235,-0.1119,-0.1005,-0.1472,-0.0185,-0.1944,-0.0285,-0.0063,1.0209,0.0874,1.4912,0.000357,-0.0103,0.0021
24.46,FLIGHT,0.8883,1.4949,-0.0977,-0.1398,0.005,-0.1551,-0.0184,-0.1945,-0.0003,-0.0112,1.0217,0.0653,1.5084,0.000311,-0.0081,0.0016
24.465,FLIGHT,0.8886,1.4941,0.0067,-0.1473,0.0914,-0.1459,-0.0183,-0.1946,0.021,-0.0138,1.0226,0.0464,1.5226,0.000275,-0.0063,0.0013
24.47,FLIGHT,0.8892,1.4934,0.0925,-0.1379,0.1618,-0.123,-0.0181,-0.1946,0.0365,-0.0144,1.0235,0.0304,1.534,0.000247,-0.0048,0.001
24.475,FLIGHT,0.8902,1.4929,0.1625,-0.1152,0.2188,-0.0899,-0.0178,-0.1947,0.0471,-0.0135,1.0243,0.0173,1.5429,0.000227,-0.0035,0.0007
24.48,FLIGHT,0.8914,1.4926,0.2192,-0.0825,0.2648,-0.0496,-0.0175,-0.1948,0.0538,-0.0114,1.0252,0.0066,1.5497,0.000212,-0.0025,0.0005
24.485,FLIGHT,0.8928,1.4924,0.2651,-0.0426,0.3021,-0.0045,-0.0172,-0.1948,0.0574,-0.0085,1.026,-0.0018,1.5546,0.000202,-0.0017,0.0003
24.49,FLIGHT,0.8944,1.4925,0.3023,0.0018,0.3323,0.0431,-0.0169,-0.1948,0.0586,-0.0049,1.0268,-0.0083,1.5581,0.000195,-0.001,0.0002
24.495,FLIGHT,0.8961,1.4928,0.3326,0.0488,0.3571,0.0915,-0.0166,-0.1948,0.0582,-0.0011,1.0276,-0.0134,1.5603,0.000191,-0.0005,0.0001
24.5,FLIGHT,0.898,1.4934,0.3575,0.0966,0.3777,0.1394,-0.0164,-0.1948,0.0566,0.003,1.0284,-0.0172,1.5616,0.00019,-0.0001,0.0
24.505,FLIGHT,0.8999,1.4942,0.3781,0.1439,0.3951,0.1857,-0.0161,-0.1947,0.0542,0.0071,1.0292,-0.02,1.5623,0.00019,0.0001,0.0
24.51,FLIGHT,0.9019,1.4953,0.3956,0.1897,0.4099,0.2298,-0.0158,-0.1947,0.0514,0.011,1.03,-0.0221,1.5625,0.000191,0.0003,0.0
24.515,FLIGHT,0.904,1.4965,0.4105,0.2332,0.4229,0.271,-0.0156,-0.1946,0.0483,0.0148,1.0308,-0.0238,1.5624,0.000193,0.0004,0.0
24.52,FLIGHT,0.9061,1.498,0.4235,0.2739,0.4343,0.309,-0.0154,-0.1945,0.0453,0.0184,1.0316,-0.025,1.5622,0.000195,0.0005,0.0
24.525,FLIGHT,0.9083,1.4996,0.4349,0.3115,0.4445,0.3437,-0.0152,-0.1944,0.0424,0.0217,1.0324,-0.0261,1.5619,0.000198,0.0006,0.0
24.53,FLIGHT,0.9106,1.5014,0.445,0.3458,0.4536,0.3751,-0.015,-0.1943,0.0396,0.0247,1.0331,-0.027,1.5616,0.000201,0.0006,0.0
24.535,FLIGHT,0.9129,1.5034,0.454,0.3768,0.4617,0.4031,-0.0148,-0.1941,0.0371,0.0275,1.0339,-0.0279,1.5614,0.000204,0.0006,0.0
24.54,FLIGHT,0.9152,1.5054,0.4621,0.4045,0.4688,0.4279,-0.0146,-0.194,0.0348,0.0299,1.0346,-0.0288,1.5613,0.000207,0.0006,0.0
24.545,FLIGHT,0.9176,1.5076,0.4691,0.429,0.4751,0.4495,-0.0145,-0.1938,0.0328,0.0321,1.0354,-0.0298,1.5614,0.00021,0.0006,0.0
24.55,FLIGHT,0.92,1.5099,0.4753,0.4504,0.4803,0.4682,-0.0143,-0.1936,0.031,0.034,1.0361,-0.0308,1.5616,0.000212,0.0005,0.0
24.555,FLIGHT,0.9224,1.5123,0.4804,0.4688,0.4846,0.4841,-0.0142,-0.1934,0.0294,0.0357,1.0368,-0.0319,1.5619,0.000215,0.0005,0.0
24.56,FLIGHT,0.9248,1.5148,0.4846,0.4846,0.4879,0.4974,-0.014,-0.1933,0.028,0.0371,1.0375,-0.033,1.5623,0.000217,0.0005,0.0
24.565,FLIGHT,0.9272,1.5173,0.4878,0.4977,0.4902,0.5083,-0.0139,-0.1931,0.0268,0.0384,1.0381,-0.0342,1.5629,0.00022,0.0004,0.0
24.57,FLIGHT,0.9297,1.5198,0.49,0.5084,0.4915,0.517,-0.0138,-0.1929,0.0256,0.0394,1.0388,-0.0355,1.5636,0.000222,0.0004,0.0
24.575,FLIGHT,0.9322,1.5225,0.4912,0.5169,0.4917,0.5236,-0.0137,-0.1927,0.0246,0.0402,1.0394,-0.0368,1.5643,0.000224,0.0004,0.0
24.58,FLIGHT,0.9346,1.5251,0.4912,0.5233,0.4909,0.5282,-0.0135,-0.1925,0.0237,0.0408,1.04,-0.0382,1.5652,0.000225,0.0003,0.0
24.585,FLIGHT,0.9371,1.5277,0.4903,0.5278,0.489,0.531,-0.0134,-0.1922,0.0228,0.0413,1.0406,-0.0395,1.5661,0.000227,0.0003,0.0
24.59,FLIGHT,0.9395,1.5304,0.4883,0.5305,0.4861,0.5322,-0.0133,-0.192,0.022,0.0417,1.0412,-0.0409,1.5671,0.000228,0.0003,0.0
24.595,FLIGHT,0.9419,1.533,0.4853,0.5315,0.4821,0.5317,-0.0132,-0.1918,0.0211,0.0419,1.0417,-0.0423,1.5681,0.00023,0.0002,0.0
24.6,FLIGHT,0.9443,1.5357,0.4813,0.531,0.4772,0.5299,-0.0131,-0.1916,0.0204,0.042,1.0423,-0.0437,1.5692,0.000231,0.0002,0.0
24.605,FLIGHT,0.9467,1.5383,0.4763,0.5291,0.4714,0.5267,-0.013,-0.1914,0.0196,0.0419,1.0428,-0.045,1.5703,0.000232,0.0002,0.0
24.61,FLIGHT,0.949,1.541,0.4704,0.5258,0.4647,0.5223,-0.0129,-0.1912,0.0188,0.0417,1.0433,-0.0463,1.5714,0.000233,0.0002,0.0
24.615,FLIGHT,0.9513,1.5436,0.4636,0.5212,0.4572,0.5166,-0.0128,-0.191,0.018,0.0415,1.0437,-0.0476,1.5725,0.000234,0.0001,0.0
24.62,FLIGHT,0.9536,1.5461,0.456,0.5156,0.4488,0.5099,-0.0127,-0.1908,0.0173,0.0411,1.0442,-0.0489,1.5736,0.000234,0.0001,0.0
24.625,FLIGHT,0.9558,1.5487,0.4476,0.5088,0.4397,0.5022,-0.0127,-0.1906,0.0165,0.0407,1.0446,-0.0501,1.5747,0.000235,0.0001,0.0
24.63,FLIGHT,0.958,1.5512,0.4385,0.501,0.43,0.4936,-0.0126,-0.1904,0.0158,0.0401,1.045,-0.0512,1.5758,0.000235,0.0001,0.0
24.635,FLIGHT,0.9601,1.5536,0.4287,0.4923,0.4196,0.4841,-0.0125,-0.1902,0.015,0.0395,1.0453,-0.0524,1.5769,0.000236,0.0001,0.0
24.64,FLIGHT,0.9622,1.556,0.4183,0.4828,0.4087,0.4738,-0.0124,-0.19,0.0142,0.0388,1.0457,-0.0534,1.5779,0.000236,0.0,0.0
24.645,FLIGHT,0.9642,1.5583,0.4073,0.4724,0.3973,0.4628,-0.0124,-0.1898,0.0135,0.0381,1.046,-0.0544,1.579,0.000236,0.0,0.0
24.65,FLIGHT,0.9662,1.5606,0.3959,0.4614,0.3854,0.4512,-0.0123,-0.1896,0.0128,0.0372,1.0463,-0.0554,1.58,0.000236,0.0,0.0
24.655,FLIGHT,0.9681,1.5628,0.3839,0.4497,0.3731,0.4389,-0.0123,-0.1894,0.012,0.0364,1.0465,-0.0563,1.581,0.000236,-0.0,0.0
24.66,FLIGHT,0.9699,1.565,0.3716,0.4374,0.3605,0.4261,-0.0122,-0.1893,0.0113,0.0354,1.0467,-0.0571,1.582,0.000236,-0.0,0.0
24.665,FLIGHT,0.9717,1.5671,0.359,0.4245,0.3476,0.4128,-0.0122,-0.1891,0.0106,0.0345,1.0469,-0.0579,1.583,0.000236,-0.0,0.0
24.67,FLIGHT,0.9734,1.5691,0.3461,0.4112,0.3344,0.3991,-0.0121,-0.1889,0.0099,0.0334,1.0471,-0.0587,1.5839,0.000235,-0.0001,0.0
24.675,FLIGHT,0.975,1.5711,0.3329,0.3975,0.3211,0.3851,-0.0121,-0.1888,0.0092,0.0324,1.0473,-0.0594,1.5848,0.000235,-0.0001,0.0
24.68,FLIGHT,0.9766,1.573,0.3196,0.3834,0.3076,0.3707,-0.012,-0.1886,0.0086,0.0313,1.0474,-0.06,1.5857,0.000235,-0.0001,0.0
24.685,FLIGHT,0.9781,1.5748,0.3061,0.3691,0.294,0.3561,-0.012,-0.1885,0.0079,0.0301,1.0474,-0.0606,1.5866,0.000234,-0.0001,0.0
24.69,FLIGHT,0.9795,1.5765,0.2925,0.3544,0.2804,0.3412,-0.0119,-0.1883,0.0073,0.029,1.0475,-0.0611,1.5874,0.000234,-0.0001,0.0
24.695,FLIGHT,0.9809,1.5782,0.2789,0.3396,0.2667,0.3262,-0.0119,-0.1882,0.0067,0.0278,1.0475,-0.0616,1.5882,0.000233,-0.0001,0.0
24.7,FLIGHT,0.9822,1.5798,0.2653,0.3246,0.2531,0.3111,-0.0119,-0.1881,0.0061,0.0266,1.0475,-0.062,1.589,0.000233,-0.0001,0.0
24.705,FLIGHT,0.9834,1.5813,0.2517,0.3095,0.2395,0.296,-0.0119,-0.1879,0.0056,0.0254,1.0475,-0.0624,1.5897,0.000232,-0.0001,0.0
24.71,FLIGHT,0.9846,1.5828,0.2381,0.2944,0.226,0.2808,-0.0118,-0.1878,0.0051,0.0242,1.0474,-0.0628,1.5904,0.000231,-0.0001,0.0
24.715,FLIGHT,0.9857,1.5841,0.2247,0.2792,0.2127,0.2657,-0.0118,-0.1877,0.0046,0.023,1.0473,-0.0631,1.5911,0.000231,-0.0001,0.0
24.72,FLIGHT,0.9867,1.5854,0.2114,0.2641,0.1995,0.2506,-0.0118,-0.1876,0.0041,0.0218,1.0472,-0.0634,1.5918,0.00023,-0.0001,0.0
24.725,FLIGHT,0.9877,1.5866,0.1982,0.2491,0.1865,0.2356,-0.0118,-0.1875,0.0036,0.0206,1.047,-0.0636,1.5924,0.000229,-0.0002,0.0
24.73,FLIGHT,0.9886,1.5878,0.1852,0.2341,0.1737,0.2208,-0.0118,-0.1874,0.0032,0.0193,1.0468,-0.0638,1.593,0.000228,-0.0002,0.0
24.735,FLIGHT,0.9894,1.5888,0.1725,0.2193,0.1612,0.2061,-0.0117,-0.1873,0.0028,0.0181,1.0466,-0.0639,1.5936,0.000228,-0.0002,0.0
24.74,FLIGHT,0.9902,1.5898,0.16,0.2047,0.1489,0.1916,-0.0117,-0.1872,0.0024,0.017,1.0464,-0.064,1.5941,0.000227,-0.0002,0.0
24.745,FLIGHT,0.9909,1.5908,0.1477,0.1902,0.1369,0.1774,-0.0117,-0.1872,0.0021,0.0158,1.0461,-0.0641,1.5946,0.000226,-0.0002,0.0
24.75,FLIGHT,0.9916,1.5916,0.1358,0.176,0.1252,0.1634,-0.0117,-0.1871,0.0017,0.0146,1.0458,-0.0641,1.5951,0.000225,-0.0002,0.0
24.755,FLIGHT,0.9922,1.5924,0.1241,0.1621,0.1138,0.1497,-0.0117,-0.187,0.0014,0.0135,1.0454,-0.0641,1.5955,0.000224,-0.0002,0.0
24.76,FLIGHT,0.9927,1.5931,0.1128,0.1484,0.1028,0.1363,-0.0117,-0.187,0.0011,0.0124,1.0451,-0.0641,1.5959,0.000224,-0.0002,0.0
24.765,FLIGHT,0.9932,1.5938,0.1018,0.1351,0.0921,0.1233,-0.0117,-0.1869,0.0009,0.0113,1.0447,-0.0641,1.5963,0.000223,-0.0002,0.0
24.77,FLIGHT,0.9936,1.5943,0.0912,0.1221,0.0818,0.1106,-0.0117,-0.1869,0.0006,0.0102,1.0443,-0.064,1.5967,0.000222,-0.0002,0.0
24.775,FLIGHT,0.994,1.5949,0.0809,0.1094,0.0718,0.0982,-0.0117,-0.1868,0.0004,0.0091,1.0438,-0.0639,1.597,0.000221,-0.0002,0.0
24.78,FLIGHT,0.9943,1.5953,0.071,0.0971,0.0622,0.0863,-0.0117,-0.1868,0.0002,0.0081,1.0434,-0.0638,1.5973,0.00022,-0.0002,0.0
24.785,FLIGHT,0.9946,1.5957,0.0614,0.0852,0.0531,0.0747,-0.0117,-0.1867,0.0,0.0071,1.0429,-0.0636,1.5976,0.00022,-0.0002,0.0
24.79,FLIGHT,0.9949,1.5961,0.0523,0.0737,0.0443,0.0636,-0.0117,-0.1867,-0.0001,0.0062,1.0423,-0.0635,1.5979,0.000219,-0.0001,0.0
24.795,FLIGHT,0.9951,1.5964,0.0435,0.0626,0.0359,0.0528,-0.0117,-0.1867,-0.0003,0.0053,1.0418,-0.0633,1.5981,0.000218,-0.0001,0.0
24.8,FLIGHT,0.9952,1.5966,0.0352,0.0519,0.0279,0.0425,-0.0117,-0.1867,-0.0004,0.0044,1.0412,-0.0631,1.5983,0.000217,-0.0001,0.0
24.805,FLIGHT,0.9954,1.5968,0.0272,0.0416,0.0203,0.0326,-0.0117,-0.1867,-0.0005,0.0035,1.0406,-0.0629,1.5985,0.000217,-0.0001,0.0
24.81,FLIGHT,0.9954,1.5969,0.0197,0.0318,0.0131,0.0232,-0.0117,-0.1866,-0.0006,0.0027,1.04,-0.0626,1.5987,0.000216,-0.0001,0.0
24.815,FLIGHT,0.9955,1.597,0.0125,0.0224,0.0063,0.0141,-0.0117,-0.1866,-0.0007,0.0019,1.0393,-0.0624,1.5988,0.000215,-0.0001,0.0
24.82,FLIGHT,0.9955,1.5971,0.0058,0.0134,-0.0001,0.0056,-0.0117,-0.1866,-0.0007,0.0012,1.0387,-0.0622,1.599,0.000215,-0.0001,0.0
24.825,FLIGHT,0.9955,1.5971,-0.0006,0.0049,-0.0061,-0.0025,-0.0117,-0.1866,-0.0008,0.0005,1.038,-0.0619,1.5991,0.000214,-0.0001,0.0
24.83,FLIGHT,0.9954,1.5971,-0.0066,-0.0032,-0.0117,-0.0102,-0.0117,-0.1866,-0.0008,-0.0002,1.0373,-0.0616,1.5992,0.000214,-0.0001,0.0
24.835,FLIGHT,0.9954,1.597,-0.0121,-0.0108,-0.0169,-0.0175,-0.0117,-0.1866,-0.0008,-0.0009,1.0365,-0.0613,1.5992,0.000213,-0.0001,0.0
24.84,FLIGHT,0.9953,1.5969,-0.0173,-0.018,-0.0218,-0.0243,-0.0117,-0.1866,-0.0008,-0.0015,1.0358,-0.0611,1.5993,0.000212,-0.0001,0.0
24.845,FLIGHT,0.9952,1.5967,-0.0221,-0.0248,-0.0262,-0.0306,-0.0117,-0.1867,-0.0008,-0.002,1.035,-0.0608,1.5993,0.000212,-0.0001,0.0
24.85,FLIGHT,0.995,1.5966,-0.0265,-0.0311,-0.0303,-0.0365,-0.0117,-0.1867,-0.0008,-0.0026,1.0342,-0.0605,1.5993,0.000211,-0.0001,0.0
24.855,FLIGHT,0.9948,1.5964,-0.0306,-0.037,-0.034,-0.042,-0.0117,-0.1867,-0.0007,-0.0031,1.0334,-0.0602,1.5993,0.000211,-0.0001,0.0
24.86,FLIGHT,0.9947,1.5962,-0.0343,-0.0424,-0.0374,-0.0471,-0.0117,-0.1867,-0.0007,-0.0035,1.0325,-0.0599,1.5993,0.00021,-0.0001,0.0
24.865,FLIGHT,0.9945,1.5959,-0.0376,-0.0475,-0.0405,-0.0518,-0.0117,-0.1867,-0.0006,-0.0039,1.0317,-0.0596,1.5993,0.00021,-0.0001,0.0
24.87,FLIGHT,0.9943,1.5956,-0.0406,-0.0521,-0.0432,-0.0561,-0.0117,-0.1867,-0.0006,-0.0043,1.0308,-0.0593,1.5993,0.00021,-0.0001,0.0
24.875,FLIGHT,0.994,1.5953,-0.0433,-0.0563,-0.0456,-0.0599,-0.0118,-0.1868,-0.0005,-0.0047,1.0299,-0.059,1.5992,0.000209,-0.0001,0.0
24.88,FLIGHT,0.9938,1.595,-0.0457,-0.0602,-0.0477,-0.0634,-0.0118,-0.1868,-0.0004,-0.005,1.029,-0.0587,1.5992,0.000209,-0.0001,0.0
24.885,FLIGHT,0.9936,1.5947,-0.0477,-0.0636,-0.0494,-0.0665,-0.0118,-0.1868,-0.0004,-0.0053,1.028,-0.0585,1.5991,0.000209,-0.0001,0.0
24.89,FLIGHT,0.9933,1.5944,-0.0495,-0.0667,-0.0509,-0.0693,-0.0118,-0.1869,-0.0003,-0.0056,1.0271,-0.0582,1.599,0.000208,-0.0001,0.0
24.895,FLIGHT,0.9931,1.594,-0.051,-0.0694,-0.0522,-0.0717,-0.0118,-0.1869,-0.0002,-0.0058,1.0261,-0.0579,1.599,0.000208,-0.0001,0.0
24.9,FLIGHT,0.9928,1.5937,-0.0522,-0.0717,-0.0531,-0.0737,-0.0118,-0.1869,-0.0001,-0.006,1.0251,-0.0576,1.5989,0.000208,-0.0,0.0
24.905,FLIGHT,0.9925,1.5933,-0.0531,-0.0738,-0.0538,-0.0754,-0.0118,-0.1869,-0.0,-0.0062,1.0241,-0.0574,1.5988,0.000207,-0.0,0.0
24.91,FLIGHT,0.9923,1.5929,-0.0538,-0.0755,-0.0543,-0.0768,-0.0118,-0.187,0.0001,-0.0063,1.0231,-0.0571,1.5987,0.000207,-0.0,0.0
24.915,FLIGHT,0.992,1.5925,-0.0543,-0.0768,-0.0546,-0.0779,-0.0118,-0.187,0.0002,-0.0064,1.0221,-0.0569,1.5986,0.000207,-0.0,0.0
24.92,FLIGHT,0.9917,1.5921,-0.0545,-0.0779,-0.0546,-0.0787,-0.0118,-0.187,0.0003,-0.0065,1.0211,-0.0566,1.5985,0.000207,-0.0,0.0
24.925,FLIGHT,0.9914,1.5917,-0.0545,-0.0787,-0.0544,-0.0793,-0.0118,-0.1871,0.0004,-0.0066,1.02,-0.0564,1.5984,0.000207,-0.0,0.0
24.93,FLIGHT,0.9912,1.5913,-0.0543,-0.0792,-0.0541,-0.0795,-0.0117,-0.1871,0.0005,-0.0067,1.0189,-0.0562,1.5982,0.000207,-0.0,0.0
24.935,FLIGHT,0.9909,1.5909,-0.0539,-0.0794,-0.0535,-0.0795,-0.0117,-0.1871,0.0006,-0.0067,1.0178,-0.056,1.5981,0.000207,-0.0,0.0
24.94,FLIGHT,0.9906,1.5905,-0.0534,-0.0794,-0.0528,-0.0793,-0.0117,-0.1872,0.0007,-0.0067,1.0167,-0.0558,1.598,0.000206,-0.0,0.0
24.945,FLIGHT,0.9904,1.5901,-0.0527,-0.0791,-0.0519,-0.0788,-0.0117,-0.1872,0.0008,-0.0067,1.0156,-0.0556,1.5979,0.000206,-0.0,0.0
24.95,FLIGHT,0.9901,1.5898,-0.0518,-0.0787,-0.0509,-0.0781,-0.0117,-0.1872,0.0009,-0.0066,1.0145,-0.0554,1.5977,0.000206,-0.0,0.0
24.955,FLIGHT,0.9899,1.5894,-0.0508,-0.078,-0.0498,-0.0773,-0.0117,-0.1873,0.001,-0.0066,1.0133,-0.0552,1.5976,0.000206,-0.0,0.0
24.96,FLIGHT,0.9896,1.589,-0.0496,-0.0771,-0.0486,-0.0762,-0.0117,-0.1873,0.0011,-0.0065,1.0122,-0.055,1.5975,0.000206,0.0,0.0
24.965,FLIGHT,0.9894,1.5886,-0.0484,-0.076,-0.0472,-0.0749,-0.0117,-0.1873,0.0012,-0.0064,1.011,-0.0549,1.5974,0.000206,0.0,0.0
24.97,FLIGHT,0.9891,1.5882,-0.047,-0.0747,-0.0457,-0.0735,-0.0117,-0.1874,0.0013,-0.0063,1.0098,-0.0547,1.5972,0.000206,0.0,0.0
24.975,FLIGHT,0.9889,1.5879,-0.0455,-0.0733,-0.0442,-0.072,-0.0117,-0.1874,0.0013,-0.0062,1.0087,-0.0546,1.5971,0.000206,0.0,0.0
24.98,FLIGHT,0.9887,1.5875,-0.044,-0.0718,-0.0426,-0.0703,-0.0117,-0.1874,0.0014,-0.0061,1.0075,-0.0545,1.597,0.000206,0.0,0.0
24.985,FLIGHT,0.9885,1.5872,-0.0424,-0.0701,-0.0409,-0.0685,-0.0117,-0.1875,0.0015,-0.0059,1.0062,-0.0543,1.5969,0.000207,0.0,0.0
24.99,FLIGHT,0.9883,1.5868,-0.0407,-0.0682,-0.0391,-0.0666,-0.0117,-0.1875,0.0016,-0.0058,1.005,-0.0542,1.5968,0.000207,0.0,0.0
24.995,FLIGHT,0.9881,1.5865,-0.0389,-0.0663,-0.0373,-0.0645,-0.0117,-0.1875,0.0016,-0.0056,1.0038,-0.0541,1.5966,0.000207,0.0,0.0
25.0,FLIGHT,0.9879,1.5862,-0.0371,-0.0643,-0.0355,-0.0624,-0.0117,-0.1875,0.0017,-0.0055,1.0025,-0.054,1.5965,0.000207,0.0,0.0
25.005,FLIGHT,0.9877,1.5859,-0.0353,-0.0621,-0.0336,-0.0602,-0.0117,-0.1876,0.0018,-0.0053,1.0013,-0.054,1.5964,0.000207,0.0,0.0
25.01,FLIGHT,0.9876,1.5856,-0.0334,-0.0599,-0.0317,-0.0579,-0.0116,-0.1876,0.0018,-0.0051,1.0,-0.0539,1.5963,0.000207,0.0,0.0
25.015,STANCE,0.9884,1.5859,0.1493,0.0494,0.6498,0.1308,-0.0115,-0.1876,0.0214,0.0028,0.999,0.087,-0.4036,-0.000359,-0.3108,0.0625
25.02,STANCE,0.9939,1.5849,0.8224,-0.1615,1.0121,-0.3647,-0.0104,-0.1877,0.1762,-0.0232,0.9982,-0.3528,-0.9352,-0.002301,-0.3203,0.0664
25.025,STANCE,0.9959,1.5845,0.4939,-0.082,0.1305,0.0628,-0.0099,-0.1878,0.1039,-0.0123,0.9981,-0.4929,-1.5655,-0.002969,-0.0266,0.0083
25.03,STANCE,0.997,1.5842,0.323,-0.0934,0.385,-0.2873,-0.0097,-0.1878,0.0733,-0.0116,0.9983,-0.7265,-2.0689,-0.002903,0.0389,0.0029
25.035,STANCE,0.9999,1.5804,0.504,-0.6287,0.646,-1.5655,-0.0086,-0.1882,0.1805,-0.0606,0.9984,-1.1138,-2.1777,-0.002582,0.1136,0.0026
25.04,STANCE,1.0043,1.572,0.8004,-1.3521,1.2118,-1.8814,-0.0066,-0.189,0.3371,-0.1238,0.9985,-1.5315,-1.9735,-0.002146,0.0026,0.0021
25.045,STANCE,1.0114,1.5595,1.23,-2.201,1.6032,-2.9935,-0.0036,-0.1901,0.54,-0.1913,0.9984,-1.958,-1.4704,-0.002399,-0.0894,0.0203
25.05,STANCE,1.0191,1.5437,1.4154,-2.83,1.3608,-2.9741,0.0001,-0.1914,0.6702,-0.2309,0.9983,-2.1752,-0.8569,-0.00274,-0.0255,0.0078
25.055,STANCE,1.0249,1.5279,1.2333,-3.069,0.998,-3.3052,0.0035,-0.1927,0.676,-0.2369,0.9983,-2.0584,-0.2992,-0.002825,-0.0178,0.0064
25.06,STANCE,1.0292,1.5114,0.9656,-3.2198,0.6924,-3.2845,0.0067,-0.1939,0.6523,-0.2369,0.9983,-1.727,0.2694,-0.002941,-0.0178,0.0065
25.065,STANCE,1.0317,1.4952,0.6314,-3.2274,0.3442,-3.148,0.0095,-0.1951,0.5938,-0.2292,0.9984,-1.2194,0.7595,-0.002957,0.0039,0.003
25.07,STANCE,1.0326,1.4798,0.3125,-3.1194,0.0731,-2.9729,0.0119,-0.1962,0.5198,-0.2161,0.9986,-0.6484,1.1277,-0.002854,0.0265,0.0029
25.075,STANCE,1.0325,1.4651,0.0738,-2.9809,-0.1269,-2.91,0.0141,-0.1972,0.4557,-0.2027,0.9989,-0.1642,1.3631,-0.002643,0.0648,0.0026
25.08,FLIGHT,1.0321,1.4512,-0.0253,-2.8341,-0.0565,-2.7093,0.0161,-0.1982,0.417,-0.1884,0.9992,-1.3436,2.6307,-0.002375,0.056,0.0024
25.085,FLIGHT,1.0303,1.4398,-0.2983,-2.3977,-0.8119,-1.6848,0.0174,-0.1989,0.2992,-0.1608,0.9997,-1.3187,2.5983,-0.001951,0.1228,0.002
25.09,FLIGHT,1.024,1.4343,-0.9978,-1.4541,-1.6803,-0.5441,0.017,-0.1994,0.0184,-0.1115,1.0005,-1.0895,2.4041,-0.001176,0.1828,0.0012
25.095,FLIGHT,1.0139,1.4339,-1.7303,-0.4731,-2.3355,0.3461,0.015,-0.1996,-0.2749,-0.0574,1.0016,-0.7886,2.1561,-0.000169,0.2158,0.0002
25.1,FLIGHT,1.0011,1.4373,-2.3113,0.3364,-2.7399,0.959,0.012,-0.1995,-0.5109,-0.0045,1.0029,-0.4966,1.9179,0.00076,0.1433,0.0
25.105,FLIGHT,0.9869,1.4431,-2.684,0.9099,-2.9248,1.3159,0.0083,-0.1993,-0.668,0.0431,1.0043,-0.248,1.7167,0.0013,0.0769,0.0
25.11,FLIGHT,0.9722,1.4501,-2.8575,1.252,-2.9325,1.4643,0.0043,-0.1988,-0.7494,0.0815,1.0057,-0.0532,1.5607,0.001566,0.0326,0.0
25.115,FLIGHT,0.9578,1.4575,-2.8643,1.3992,-2.8074,1.4573,0.0004,-0.1983,-0.7682,0.1081,1.0072,0.0886,1.4489,0.001653,0.0041,0.0
25.12,FLIGHT,0.9442,1.4645,-2.7441,1.398,-2.5912,1.3443,-0.0033,-0.1977,-0.7403,0.1223,1.0087,0.1839,1.3762,0.001625,-0.0135,0.0027
25.125,FLIGHT,0.9319,1.4708,-2.5354,1.2939,-2.3194,1.1668,-0.0066,-0.1972,-0.6809,0.1249,1.0101,0.2411,1.3352,0.00153,-0.0236,0.0047
25.13,FLIGHT,0.9211,1.4761,-2.2719,1.1264,-2.0199,0.9581,-0.0095,-0.1966,-0.6028,0.1183,1.0115,0.2687,1.3186,0.001398,-0.0285,0.0057
25.135,FLIGHT,0.9118,1.4804,-1.9807,0.9274,-1.714,0.7427,-0.0119,-0.1962,-0.5159,0.1049,1.0128,0.2742,1.32,0.00125,-0.0301,0.006
25.14,FLIGHT,0.9039,1.4836,-1.6824,0.7208,-1.4168,0.5379,-0.0139,-0.1958,-0.4277,0.0877,1.014,0.2643,1.3335,0.0011,-0.0296,0.0059
25.145,FLIGHT,0.8976,1.4858,-1.3919,0.5237,-1.1385,0.355,-0.0154,-0.1955,-0.3431,0.0688,1.0152,0.2441,1.3545,0.000957,-0.0277,0.0055
25.15,FLIGHT,0.8925,1.4872,-1.1192,0.3471,-0.8851,0.2003,-0.0166,-0.1953,-0.2654,0.0502,1.0163,0.218,1.3795,0.000824,-0.0252,0.005
25.155,FLIGHT,0.8887,1.4878,-0.8705,0.1974,-0.6596,0.0765,-0.0174,-0.1951,-0.1965,0.0333,1.0173,0.189,1.4058,0.000705,-0.0223,0.0045
25.16,FLIGHT,0.8859,1.488,-0.6489,0.0775,-0.4629,-0.0165,-0.018,-0.1951,-0.137,0.0188,1.0183,0.1594,1.4316,0.000602,-0.0192,0.0038
25.165,FLIGHT,0.884,1.4877,-0.4551,-0.0126,-0.294,-0.0803,-0.0183,-0.1951,-0.0871,0.0072,1.0193,0.1309,1.4556,0.000513,-0.0163,0.0033
25.17,FLIGHT,0.8829,1.4872,-0.2885,-0.0745,-0.151,-0.118,-0.0185,-0.1951,-0.0463,-0.0016,1.0203,0.1045,1.4771,0.000439,-0.0135,0.0027
25.175,FLIGHT,0.8824,1.4866,-0.1473,-0.1109,-0.0315,-0.133,-0.0185,-0.1951,-0.0139,-0.0075,1.0212,0.0809,1.4957,0.000378,-0.0109,0.0022
25.18,FLIGHT,0.8825,1.4859,-0.0291,-0.1251,0.0673,-0.1291,-0.0184,-0.1952,0.0111,-0.011,1.0221,0.0602,1.5113,0.000329,-0.0087,0.0017
25.185,FLIGHT,0.8831,1.4853,0.0689,-0.121,0.1485,-0.1101,-0.0182,-0.1953,0.0297,-0.0124,1.023,0.0426,1.5242,0.00029,-0.0068,0.0014
25.19,FLIGHT,0.884,1.4848,0.1495,-0.102,0.2147,-0.0794,-0.0179,-0.1953,0.0429,-0.0121,1.0238,0.0279,1.5343,0.000261,-0.0052,0.001
25.195,FLIGHT,0.8852,1.4845,0.2153,-0.0716,0.2685,-0.0402,-0.0176,-0.1954,0.0517,-0.0104,1.0247,0.0158,1.5422,0.000238,-0.0038,0.0008
25.2,FLIGHT,0.8867,1.4844,0.269,-0.0328,0.3122,0.0048,-0.0174,-0.1954,0.057,-0.0077,1.0256,0.0062,1.5481,0.000222,-0.0027,0.0005
25.205,FLIGHT,0.8883,1.4846,0.3127,0.0116,0.3479,0.0532,-0.017,-0.1954,0.0595,-0.0043,1.0264,-0.0015,1.5523,0.000211,-0.0019,0.0004
25.21,FLIGHT,0.8901,1.485,0.3484,0.0594,0.3773,0.1031,-0.0167,-0.1954,0.0601,-0.0004,1.0273,-0.0074,1.5553,0.000203,-0.0012,0.0002
25.215,FLIGHT,0.8921,1.4856,0.3777,0.1087,0.4016,0.153,-0.0165,-0.1954,0.0591,0.0037,1.0281,-0.012,1.5571,0.000198,-0.0007,0.0001
25.22,FLIGHT,0.8941,1.4865,0.4021,0.158,0.422,0.2017,-0.0162,-0.1954,0.0572,0.0079,1.0289,-0.0155,1.5582,0.000196,-0.0003,0.0001
25.225,FLIGHT,0.8963,1.4876,0.4225,0.2061,0.4393,0.2483,-0.0159,-0.1953,0.0546,0.012,1.0298,-0.0182,1.5588,0.000196,0.0,0.0
25.23,FLIGHT,0.8985,1.489,0.4399,0.2521,0.4544,0.2922,-0.0156,-0.1952,0.0517,0.016,1.0306,-0.0202,1.559,0.000196,0.0002,0.0
25.235,FLIGHT,0.9008,1.4906,0.4549,0.2955,0.4675,0.333,-0.0154,-0.1951,0.0487,0.0198,1.0314,-0.0219,1.5589,0.000198,0.0004,0.0
25.24,FLIGHT,0.9032,1.4923,0.468,0.3358,0.479,0.3704,-0.0152,-0.195,0.0457,0.0233,1.0322,-0.0232,1.5588,0.0002,0.0005,0.0
25.245,FLIGHT,0.9056,1.4942,0.4795,0.3728,0.4892,0.4043,-0.015,-0.1948,0.0429,0.0266,1.033,-0.0244,1.5586,0.000202,0.0005,0.0
25.25,FLIGHT,0.9081,1.4963,0.4897,0.4063,0.4982,0.4348,-0.0148,-0.1947,0.0402,0.0295,1.0338,-0.0255,1.5585,0.000205,0.0006,0.0
25.255,FLIGHT,0.9106,1.4986,0.4987,0.4364,0.5062,0.4618,-0.0146,-0.1945,0.0378,0.0322,1.0345,-0.0265,1.5585,0.000208,0.0006,0.0
25.26,FLIGHT,0.9132,1.501,0.5065,0.4631,0.513,0.4855,-0.0144,-0.1943,0.0356,0.0346,1.0353,-0.0276,1.5586,0.000211,0.0006,0.0
25.265,FLIGHT,0.9157,1.5034,0.5132,0.4865,0.5188,0.5061,-0.0143,-0.1941,0.0336,0.0367,1.0361,-0.0287,1.5588,0.000213,0.0005,0.0
25.27,FLIGHT,0.9183,1.506,0.5189,0.5069,0.5235,0.5237,-0.0141,-0.194,0.0319,0.0385,1.0368,-0.0299,1.5592,0.000216,0.0005,0.0
25.275,FLIGHT,0.921,1.5087,0.5235,0.5242,0.5271,0.5385,-0.014,-0.1937,0.0303,0.0401,1.0375,-0.0312,1.5597,0.000219,0.0005,0.0
25.28,FLIGHT,0.9236,1.5114,0.527,0.5388,0.5296,0.5506,-0.0138,-0.1935,0.0289,0.0414,1.0382,-0.0325,1.5603,0.000221,0.0005,0.0
25.285,FLIGHT,0.9263,1.5142,0.5294,0.5507,0.531,0.5603,-0.0137,-0.1933,0.0276,0.0426,1.0389,-0.0338,1.561,0.000223,0.0004,0.0
25.29,FLIGHT,0.9289,1.517,0.5306,0.5603,0.5313,0.5678,-0.0135,-0.1931,0.0265,0.0435,1.0396,-0.0352,1.5619,0.000225,0.0004,0.0
25.295,FLIGHT,0.9316,1.5199,0.5308,0.5675,0.5304,0.573,-0.0134,-0.1929,0.0254,0.0442,1.0402,-0.0367,1.5628,0.000227,0.0004,0.0
25.3,FLIGHT,0.9342,1.5227,0.5298,0.5727,0.5284,0.5764,-0.0133,-0.1927,0.0244,0.0448,1.0409,-0.0382,1.5638,0.000229,0.0003,0.0
25.305,FLIGHT,0.9369,1.5256,0.5277,0.5759,0.5253,0.5779,-0.0132,-0.1924,0.0235,0.0452,1.0415,-0.0396,1.5648,0.00023,0.0003,0.0
25.31,FLIGHT,0.9395,1.5285,0.5245,0.5772,0.5212,0.5776,-0.0131,-0.1922,0.0226,0.0454,1.0421,-0.0411,1.5659,0.000232,0.0003,0.0
25.315,FLIGHT,0.9421,1.5314,0.5202,0.5769,0.5159,0.5758,-0.013,-0.192,0.0217,0.0455,1.0427,-0.0426,1.5671,0.000233,0.0002,0.0
25.32,FLIGHT,0.9446,1.5343,0.5149,0.5749,0.5097,0.5725,-0.0129,-0.1918,0.0208,0.0455,1.0432,-0.044,1.5682,0.000234,0.0002,0.0
25.325,FLIGHT,0.9472,1.5371,0.5086,0.5715,0.5025,0.5678,-0.0128,-0.1915,0.02,0.0453,1.0437,-0.0455,1.5694,0.000235,0.0002,0.0
25.33,FLIGHT,0.9496,1.5399,0.5014,0.5667,0.4945,0.5619,-0.0127,-0.1913,0.0192,0.0451,1.0442,-0.0469,1.5706,0.000236,0.0002,0.0
25.335,FLIGHT,0.9521,1.5427,0.4932,0.5607,0.4855,0.5547,-0.0126,-0.1911,0.0183,0.0447,1.0447,-0.0482,1.5718,0.000237,0.0001,0.0
25.34,FLIGHT,0.9545,1.5455,0.4842,0.5535,0.4758,0.5465,-0.0125,-0.1909,0.0175,0.0442,1.0452,-0.0495,1.573,0.000237,0.0001,0.0
25.345,FLIGHT,0.9569,1.5482,0.4744,0.5451,0.4653,0.5372,-0.0124,-0.1906,0.0167,0.0437,1.0456,-0.0508,1.5742,0.000238,0.0001,0.0
25.35,FLIGHT,0.9592,1.5508,0.4639,0.5358,0.4542,0.527,-0.0123,-0.1904,0.0158,0.043,1.046,-0.052,1.5754,0.000238,0.0001,0.0
25.355,FLIGHT,0.9614,1.5535,0.4527,0.5255,0.4424,0.5159,-0.0123,-0.1902,0.015,0.0423,1.0464,-0.0531,1.5765,0.000238,0.0,0.0
25.36,FLIGHT,0.9636,1.556,0.4409,0.5144,0.4301,0.504,-0.0122,-0.19,0.0142,0.0414,1.0468,-0.0542,1.5777,0.000239,0.0,0.0
25.365,FLIGHT,0.9657,1.5585,0.4286,0.5024,0.4173,0.4914,-0.0121,-0.1898,0.0134,0.0406,1.0471,-0.0553,1.5788,0.000239,0.0,0.0
25.37,FLIGHT,0.9678,1.5609,0.4157,0.4898,0.404,0.4781,-0.0121,-0.1896,0.0126,0.0396,1.0474,-0.0563,1.5799,0.000239,-0.0,0.0
25.375,FLIGHT,0.9697,1.5633,0.4025,0.4765,0.3904,0.4643,-0.012,-0.1894,0.0118,0.0386,1.0477,-0.0572,1.581,0.000239,-0.0,0.0
25.38,FLIGHT,0.9717,1.5656,0.3888,0.4626,0.3764,0.4499,-0.0119,-0.1892,0.0111,0.0376,1.0479,-0.0581,1.582,0.000238,-0.0001,0.0
25.385,FLIGHT,0.9735,1.5678,0.3749,0.4482,0.3622,0.4351,-0.0119,-0.1891,0.0103,0.0364,1.0481,-0.0589,1.5831,0.000238,-0.0001,0.0
25.39,FLIGHT,0.9753,1.5699,0.3606,0.4333,0.3478,0.4198,-0.0118,-0.1889,0.0096,0.0353,1.0483,-0.0596,1.5841,0.000238,-0.0001,0.0
25.395,FLIGHT,0.977,1.572,0.3462,0.4181,0.3332,0.4042,-0.0118,-0.1887,0.0089,0.0341,1.0485,-0.0603,1.585,0.000237,-0.0001,0.0
25.4,FLIGHT,0.9786,1.574,0.3316,0.4025,0.3185,0.3884,-0.0118,-0.1886,0.0082,0.0329,1.0486,-0.061,1.586,0.000237,-0.0001,0.0
25.405,FLIGHT,0.9802,1.5759,0.3169,0.3866,0.3037,0.3723,-0.0117,-0.1884,0.0075,0.0316,1.0487,-0.0616,1.5869,0.000236,-0.0001,0.0
25.41,FLIGHT,0.9816,1.5777,0.3022,0.3705,0.2889,0.356,-0.0117,-0.1883,0.0069,0.0304,1.0487,-0.0621,1.5877,0.000236,-0.0001,0.0
25.415,FLIGHT,0.9831,1.5794,0.2874,0.3543,0.2741,0.3396,-0.0117,-0.1881,0.0063,0.0291,1.0488,-0.0626,1.5886,0.000235,-0.0001,0.0
25.42,FLIGHT,0.9844,1.5811,0.2726,0.3379,0.2594,0.3232,-0.0116,-0.188,0.0057,0.0278,1.0488,-0.063,1.5894,0.000234,-0.0001,0.0
25.425,FLIGHT,0.9856,1.5826,0.2579,0.3214,0.2448,0.3067,-0.0116,-0.1878,0.0051,0.0265,1.0487,-0.0634,1.5902,0.000233,-0.0002,0.0
25.43,FLIGHT,0.9868,1.5841,0.2433,0.305,0.2303,0.2902,-0.0116,-0.1877,0.0046,0.0251,1.0487,-0.0637,1.5909,0.000233,-0.0002,0.0
25.435,FLIGHT,0.9879,1.5855,0.2288,0.2885,0.2159,0.2738,-0.0116,-0.1876,0.004,0.0238,1.0486,-0.064,1.5916,0.000232,-0.0002,0.0
25.44,FLIGHT,0.989,1.5869,0.2145,0.2722,0.2018,0.2576,-0.0116,-0.1875,0.0036,0.0225,1.0484,-0.0643,1.5923,0.000231,-0.0002,0.0
25.445,FLIGHT,0.99,1.5881,0.2004,0.2559,0.1879,0.2414,-0.0115,-0.1874,0.0031,0.0212,1.0483,-0.0645,1.5929,0.00023,-0.0002,0.0
25.45,FLIGHT,0.9909,1.5893,0.1866,0.2398,0.1743,0.2255,-0.0115,-0.1873,0.0026,0.0199,1.0481,-0.0646,1.5936,0.000229,-0.0002,0.0
25.455,FLIGHT,0.9917,1.5904,0.173,0.2239,0.1609,0.2097,-0.0115,-0.1872,0.0022,0.0186,1.0479,-0.0648,1.5941,0.000228,-0.0002,0.0
25.46,FLIGHT,0.9925,1.5914,0.1596,0.2082,0.1478,0.1942,-0.0115,-0.1871,0.0018,0.0173,1.0476,-0.0649,1.5947,0.000228,-0.0002,0.0
25.465,FLIGHT,0.9932,1.5923,0.1466,0.1927,0.1351,0.179,-0.0115,-0.187,0.0015,0.016,1.0474,-0.0649,1.5952,0.000227,-0.0002,0.0
25.47,FLIGHT,0.9938,1.5932,0.1339,0.1775,0.1227,0.1641,-0.0115,-0.187,0.0011,0.0148,1.0471,-0.0649,1.5957,0.000226,-0.0002,0.0
25.475,FLIGHT,0.9944,1.594,0.1216,0.1627,0.1107,0.1495,-0.0115,-0.1869,0.0008,0.0136,1.0467,-0.0649,1.5961,0.000225,-0.0002,0.0
25.48,FLIGHT,0.9949,1.5947,0.1096,0.1481,0.099,0.1353,-0.0115,-0.1868,0.0005,0.0124,1.0464,-0.0648,1.5966,0.000224,-0.0002,0.0
25.485,FLIGHT,0.9954,1.5953,0.098,0.134,0.0878,0.1214,-0.0115,-0.1868,0.0003,0.0112,1.046,-0.0648,1.597,0.000223,-0.0002,0.0
25.49,FLIGHT,0.9958,1.5959,0.0868,0.1202,0.0769,0.108,-0.0115,-0.1867,0.0,0.0101,1.0455,-0.0647,1.5973,0.000222,-0.0002,0.0
25.495,FLIGHT,0.9962,1.5964,0.076,0.1068,0.0665,0.0949,-0.0115,-0.1867,-0.0002,0.009,1.0451,-0.0645,1.5977,0.000221,-0.0002,0.0
25.5,FLIGHT,0.9965,1.5968,0.0656,0.0938,0.0564,0.0823,-0.0115,-0.1867,-0.0004,0.0079,1.0446,-0.0644,1.598,0.00022,-0.0002,0.0
25.505,FLIGHT,0.9967,1.5972,0.0556,0.0812,0.0468,0.0701,-0.0115,-0.1866,-0.0005,0.0068,1.0441,-0.0642,1.5983,0.00022,-0.0002,0.0
25.51,FLIGHT,0.997,1.5975,0.046,0.0691,0.0377,0.0584,-0.0115,-0.1866,-0.0007,0.0058,1.0436,-0.064,1.5985,0.000219,-0.0002,0.0
25.515,FLIGHT,0.9971,1.5978,0.0369,0.0574,0.0289,0.0471,-0.0115,-0.1866,-0.0008,0.0049,1.043,-0.0638,1.5987,0.000218,-0.0002,0.0
25.52,FLIGHT,0.9972,1.598,0.0282,0.0462,0.0206,0.0363,-0.0115,-0.1866,-0.0009,0.0039,1.0425,-0.0635,1.5989,0.000217,-0.0002,0.0
25.525,FLIGHT,0.9973,1.5982,0.02,0.0354,0.0128,0.026,-0.0115,-0.1866,-0.001,0.003,1.0419,-0.0633,1.5991,0.000216,-0.0001,0.0
25.53,FLIGHT,0.9974,1.5983,0.0122,0.0251,0.0054,0.0162,-0.0115,-0.1865,-0.0011,0.0022,1.0412,-0.063,1.5993,0.000216,-0.0001,0.0
25.535,FLIGHT,0.9974,1.5983,0.0048,0.0153,-0.0016,0.0068,-0.0115,-0.1865,-0.0012,0.0014,1.0406,-0.0628,1.5994,0.000215,-0.0001,0.0
25.54,FLIGHT,0.9974,1.5983,-0.0021,0.006,-0.0082,-0.0021,-0.0115,-0.1865,-0.0012,0.0006,1.0399,-0.0625,1.5995,0.000214,-0.0001,0.0
25.545,FLIGHT,0.9973,1.5983,-0.0087,-0.0028,-0.0143,-0.0105,-0.0115,-0.1865,-0.0012,-0.0002,1.0392,-0.0622,1.5996,0.000214,-0.0001,0.0
25.55,FLIGHT,0.9972,1.5982,-0.0147,-0.0112,-0.02,-0.0184,-0.0115,-0.1865,-0.0012,-0.0009,1.0385,-0.0619,1.5997,0.000213,-0.0001,0.0
25.555,FLIGHT,0.9971,1.5981,-0.0204,-0.019,-0.0253,-0.0259,-0.0116,-0.1866,-0.0012,-0.0015,1.0377,-0.0616,1.5998,0.000212,-0.0001,0.0
25.56,FLIGHT,0.997,1.598,-0.0256,-0.0264,-0.0302,-0.0328,-0.0116,-0.1866,-0.0012,-0.0021,1.037,-0.0613,1.5998,0.000212,-0.0001,0.0
25.565,FLIGHT,0.9968,1.5978,-0.0305,-0.0334,-0.0346,-0.0393,-0.0116,-0.1866,-0.0012,-0.0027,1.0362,-0.0609,1.5998,0.000211,-0.0001,0.0
25.57,FLIGHT,0.9966,1.5976,-0.0349,-0.0398,-0.0387,-0.0454,-0.0116,-0.1866,-0.0012,-0.0033,1.0354,-0.0606,1.5998,0.000211,-0.0001,0.0
25.575,FLIGHT,0.9964,1.5973,-0.039,-0.0458,-0.0424,-0.051,-0.0116,-0.1866,-0.0011,-0.0038,1.0345,-0.0603,1.5998,0.00021,-0.0001,0.0
25.58,FLIGHT,0.9962,1.5971,-0.0426,-0.0513,-0.0458,-0.0561,-0.0116,-0.1866,-0.0011,-0.0042,1.0337,-0.06,1.5998,0.00021,-0.0001,0.0
25.585,FLIGHT,0.996,1.5968,-0.0459,-0.0564,-0.0487,-0.0608,-0.0116,-0.1867,-0.001,-0.0047,1.0328,-0.0597,1.5998,0.000209,-0.0001,0.0
25.59,FLIGHT,0.9957,1.5965,-0.0489,-0.0611,-0.0513,-0.0651,-0.0116,-0.1867,-0.0009,-0.0051,1.0319,-0.0593,1.5997,0.000209,-0.0001,0.0
25.595,FLIGHT,0.9954,1.5961,-0.0515,-0.0653,-0.0536,-0.0689,-0.0116,-0.1867,-0.0008,-0.0054,1.031,-0.059,1.5996,0.000208,-0.0001,0.0
25.6,FLIGHT,0.9952,1.5958,-0.0537,-0.0691,-0.0556,-0.0723,-0.0116,-0.1867,-0.0007,-0.0057,1.0301,-0.0587,1.5996,0.000208,-0.0001,0.0
25.605,FLIGHT,0.9949,1.5954,-0.0556,-0.0725,-0.0572,-0.0754,-0.0116,-0.1868,-0.0006,-0.006,1.0291,-0.0584,1.5995,0.000208,-0.0001,0.0
25.61,FLIGHT,0.9946,1.595,-0.0573,-0.0755,-0.0586,-0.078,-0.0116,-0.1868,-0.0005,-0.0063,1.0282,-0.0581,1.5994,0.000207,-0.0001,0.0
25.615,FLIGHT,0.9943,1.5946,-0.0586,-0.0781,-0.0596,-0.0803,-0.0116,-0.1868,-0.0004,-0.0065,1.0272,-0.0578,1.5993,0.000207,-0.0001,0.0
25.62,FLIGHT,0.994,1.5942,-0.0596,-0.0804,-0.0604,-0.0822,-0.0116,-0.1869,-0.0003,-0.0067,1.0262,-0.0575,1.5992,0.000207,-0.0001,0.0
25.625,FLIGHT,0.9937,1.5938,-0.0604,-0.0822,-0.0609,-0.0838,-0.0116,-0.1869,-0.0002,-0.0069,1.0252,-0.0572,1.5991,0.000207,-0.0,0.0
25.63,FLIGHT,0.9934,1.5934,-0.0609,-0.0838,-0.0612,-0.085,-0.0116,-0.1869,-0.0001,-0.007,1.0242,-0.057,1.599,0.000206,-0.0,0.0
25.635,FLIGHT,0.9931,1.593,-0.0611,-0.085,-0.0612,-0.0859,-0.0116,-0.187,0.0,-0.0071,1.0232,-0.0567,1.5989,0.000206,-0.0,0.0
25.64,FLIGHT,0.9928,1.5925,-0.0611,-0.0859,-0.061,-0.0865,-0.0116,-0.187,0.0001,-0.0072,1.0221,-0.0565,1.5987,0.000206,-0.0,0.0
25.645,FLIGHT,0.9925,1.5921,-0.0609,-0.0865,-0.0606,-0.0869,-0.0116,-0.1871,0.0002,-0.0072,1.021,-0.0562,1.5986,0.000206,-0.0,0.0
25.65,FLIGHT,0.9922,1.5917,-0.0605,-0.0868,-0.06,-0.0869,-0.0116,-0.1871,0.0004,-0.0073,1.02,-0.056,1.5985,0.000206,-0.0,0.0
25.655,FLIGHT,0.9919,1.5912,-0.0599,-0.0868,-0.0593,-0.0867,-0.0116,-0.1871,0.0005,-0.0073,1.0189,-0.0557,1.5983,0.000206,-0.0,0.0
25.66,FLIGHT,0.9916,1.5908,-0.0591,-0.0865,-0.0583,-0.0862,-0.0116,-0.1872,0.0006,-0.0073,1.0178,-0.0555,1.5982,0.000206,-0.0,0.0
25.665,FLIGHT,0.9913,1.5904,-0.0581,-0.086,-0.0572,-0.0855,-0.0116,-0.1872,0.0007,-0.0072,1.0166,-0.0553,1.598,0.000206,-0.0,0.0
25.67,FLIGHT,0.991,1.5899,-0.057,-0.0853,-0.056,-0.0846,-0.0116,-0.1872,0.0008,-0.0072,1.0155,-0.0551,1.5979,0.000206,-0.0,0.0
25.675,FLIGHT,0.9907,1.5895,-0.0558,-0.0844,-0.0546,-0.0834,-0.0116,-0.1873,0.0009,-0.0071,1.0144,-0.0549,1.5978,0.000206,-0.0,0.0
25.68,FLIGHT,0.9905,1.5891,-0.0544,-0.0832,-0.0531,-0.0821,-0.0116,-0.1873,0.001,-0.007,1.0132,-0.0548,1.5976,0.000206,0.0,0.0
25.685,FLIGHT,0.9902,1.5887,-0.0529,-0.0819,-0.0515,-0.0806,-0.0116,-0.1873,0.0011,-0.0069,1.012,-0.0546,1.5975,0.000206,0.0,0.0
25.69,FLIGHT,0.99,1.5883,-0.0513,-0.0804,-0.0498,-0.0789,-0.0116,-0.1874,0.0012,-0.0068,1.0108,-0.0544,1.5974,0.000206,0.0,0.0
25.695,FLIGHT,0.9897,1.5879,-0.0496,-0.0787,-0.048,-0.0771,-0.0116,-0.1874,0.0013,-0.0067,1.0096,-0.0543,1.5972,0.000206,0.0,0.0
25.7,FLIGHT,0.9895,1.5875,-0.0478,-0.0769,-0.0461,-0.0752,-0.0116,-0.1874,0.0014,-0.0065,1.0084,-0.0542,1.5971,0.000206,0.0,0.0
25.705,FLIGHT,0.9892,1.5872,-0.0459,-0.0749,-0.0442,-0.0731,-0.0115,-0.1875,0.0015,-0.0063,1.0072,-0.054,1.597,0.000206,0.0,0.0
25.71,FLIGHT,0.989,1.5868,-0.044,-0.0728,-0.0422,-0.0709,-0.0115,-0.1875,0.0016,-0.0062,1.006,-0.0539,1.5968,0.000206,0.0,0.0
25.715,FLIGHT,0.9888,1.5865,-0.042,-0.0706,-0.0402,-0.0686,-0.0115,-0.1875,0.0016,-0.006,1.0047,-0.0538,1.5967,0.000206,0.0,0.0
25.72,FLIGHT,0.9886,1.5861,-0.0399,-0.0683,-0.0381,-0.0662,-0.0115,-0.1876,0.0017,-0.0058,1.0035,-0.0537,1.5966,0.000206,0.0,0.0
25.725,FLIGHT,0.9884,1.5858,-0.0379,-0.0659,-0.036,-0.0637,-0.0115,-0.1876,0.0018,-0.0056,1.0022,-0.0536,1.5965,0.000206,0.0,0.0
25.73,FLIGHT,0.9883,1.5855,-0.0358,-0.0635,-0.0339,-0.0612,-0.0115,-0.1876,0.0018,-0.0054,1.001,-0.0536,1.5963,0.000206,0.0,0.0
25.735,FLIGHT,0.9881,1.5852,-0.0337,-0.0609,-0.0318,-0.0586,-0.0115,-0.1876,0.0019,-0.0052,0.9997,-0.0535,1.5962,0.000207,0.0,0.0
25.74,STANCE,0.99,1.5861,0.3068,0.1023,0.8825,0.048,-0.0112,-0.1876,0.0437,0.0059,0.9988,0.0022,-0.5469,-0.000882,-0.3656,0.074
25.745,STANCE,0.9956,1.5847,0.8345,-0.1689,0.6493,-0.2072,-0.01,-0.1878,0.1796,-0.0237,0.9981,-0.4126,-1.053,-0.002722,-0.2066,0.044
25.75,STANCE,0.9969,1.5847,0.4194,-0.0361,0.129,0.056,-0.0098,-0.1878,0.0837,-0.0074,0.9981,-0.527,-1.694,-0.00309,0.0059,0.0031
25.755,STANCE,0.9983,1.584,0.3449,-0.1438,0.4838,-0.4333,-0.0094,-0.1879,0.0843,-0.0162,0.9984,-0.804,-2.1281,-0.002912,0.0548,0.0029
25.76,STANCE,1.0013,1.5785,0.5336,-0.8941,0.7587,-1.6695,-0.0081,-0.1884,0.2227,-0.0839,0.9984,-1.1982,-2.0993,-0.002452,0.1194,0.0025
25.765,STANCE,1.0067,1.5693,0.9302,-1.58,1.2643,-2.4978,-0.0058,-0.1892,0.3939,-0.1428,0.9985,-1.6542,-1.8575,-0.002275,-0.0263,0.0075
25.77,STANCE,1.0139,1.5551,1.289,-2.4446,1.3916,-2.9552,-0.0025,-0.1905,0.5871,-0.2085,0.9983,-2.0409,-1.2948,-0.002622,-0.0441,0.0114
25.775,STANCE,1.0202,1.5401,1.2494,-2.8335,1.1187,-3.1921,0.0008,-0.1917,0.6404,-0.2284,0.9983,-2.1163,-0.7661,-0.002691,-0.021,0.0069
25.78,STANCE,1.0252,1.5233,1.072,-3.1913,0.8016,-3.5387,0.0042,-0.193,0.6639,-0.2441,0.9983,-1.9635,-0.1439,-0.002897,-0.0298,0.0089
25.785,STANCE,1.0288,1.5062,0.8126,-3.3511,0.5631,-3.3717,0.0073,-0.1943,0.6431,-0.245,0.9983,-1.601,0.4312,-0.003149,-0.0505,0.0132
25.79,STANCE,1.0304,1.4893,0.4653,-3.353,0.0992,-3.3556,0.0101,-0.1955,0.581,-0.2374,0.9983,-1.0645,0.9093,-0.003263,0.0049,0.0033
25.795,STANCE,1.0304,1.4732,0.133,-3.2488,-0.0678,-3.0507,0.0125,-0.1967,0.5047,-0.2253,0.9984,-0.4853,1.2591,-0.003234,0.0011,0.0032
25.8,STANCE,1.0295,1.4581,-0.0898,-3.0979,-0.2315,-2.9658,0.0145,-0.1977,0.4416,-0.2112,0.9987,-0.034,1.4606,-0.003095,0.042,0.0031
25.805,FLIGHT,1.0288,1.4441,-0.1246,-2.8872,-0.1118,-2.7218,0.0165,-0.1987,0.4059,-0.192,0.999,-1.3338,2.6222,-0.00297,0.0318,0.003
25.81,FLIGHT,1.0258,1.4336,-0.49,-2.2802,-1.0505,-1.4798,0.0174,-0.1994,0.2435,-0.156,0.9996,-1.2665,2.5545,-0.002593,0.1154,0.0026
25.815,FLIGHT,1.0185,1.4291,-1.2022,-1.2966,-1.8682,-0.3901,0.0167,-0.1998,-0.0465,-0.1044,1.0005,-1.0141,2.3424,-0.001857,0.1746,0.0019
25.82,FLIGHT,1.0075,1.4293,-1.8991,-0.3426,-2.4614,0.4375,0.0144,-0.2,-0.3288,-0.0503,1.0016,-0.7118,2.0942,-0.000894,0.2062,0.0009
25.825,FLIGHT,0.9943,1.433,-2.4299,0.4157,-2.8123,0.9893,0.0112,-0.1999,-0.5471,0.0015,1.0029,-0.4277,1.8634,0.000158,0.1976,0.0
25.83,FLIGHT,0.9798,1.4388,-2.7502,0.9368,-2.945,1.299,0.0075,-0.1996,-0.6859,0.047,1.0043,-0.1918,1.6732,0.000929,0.1153,0.0
25.835,FLIGHT,0.9651,1.4456,-2.876,1.2351,-2.9121,1.4131,0.0036,-0.1992,-0.7515,0.0828,1.0058,-0.0106,1.5288,0.001354,0.0584,0.0
25.84,FLIGHT,0.9509,1.4527,-2.8445,1.35,-2.7579,1.3845,-0.0003,-0.1987,-0.7581,0.1066,1.0073,0.1187,1.4275,0.001545,0.0209,0.0
25.845,FLIGHT,0.9377,1.4593,-2.6962,1.3281,-2.5227,1.2608,-0.0038,-0.1981,-0.7219,0.1182,1.0087,0.2036,1.3634,0.001586,-0.0028,0.0006
25.85,FLIGHT,0.9257,1.4652,-2.4689,1.2138,-2.2398,1.0815,-0.007,-0.1976,-0.6576,0.119,1.0101,0.2525,1.3292,0.001533,-0.017,0.0034
25.855,FLIGHT,0.9153,1.4701,-2.1944,1.0444,-1.9355,0.8774,-0.0098,-0.1971,-0.5772,0.1111,1.0115,0.2739,1.3176,0.001427,-0.0248,0.005
25.86,FLIGHT,0.9064,1.474,-1.8982,0.8498,-1.6293,0.6712,-0.0121,-0.1967,-0.4901,0.0974,1.0128,0.275,1.3222,0.001293,-0.0283,0.0057
25.865,FLIGHT,0.899,1.4768,-1.5993,0.652,-1.3349,0.4784,-0.0139,-0.1963,-0.403,0.0803,1.014,0.2621,1.3377,0.001149,-0.0289,0.0058
25.87,FLIGHT,0.893,1.4788,-1.3113,0.4664,-1.0612,0.3089,-0.0153,-0.196,-0.3204,0.0622,1.0152,0.2402,1.3596,0.001007,-0.0278,0.0056
25.875,FLIGHT,0.8883,1.48,-1.0431,0.3028,-0.8134,0.1679,-0.0164,-0.1959,-0.2453,0.0447,1.0163,0.2132,1.3848,0.000872,-0.0257,0.0051
25.88,FLIGHT,0.8848,1.4805,-0.7998,0.1664,-0.5939,0.0574,-0.0172,-0.1957,-0.179,0.029,1.0174,0.184,1.4108,0.00075,-0.0231,0.0046
25.885,FLIGHT,0.8823,1.4806,-0.5839,0.0595,-0.403,-0.0232,-0.0177,-0.1957,-0.1223,0.0158,1.0184,0.1547,1.4359,0.000642,-0.0201,0.004
25.89,FLIGHT,0.8807,1.4803,-0.3958,-0.0185,-0.2395,-0.0759,-0.018,-0.1957,-0.075,0.0054,1.0194,0.1268,1.459,0.000549,-0.0172,0.0034
25.895,FLIGHT,0.8799,1.4799,-0.2344,-0.0695,-0.1013,-0.1038,-0.0181,-0.1957,-0.0365,-0.0022,1.0204,0.1012,1.4795,0.00047,-0.0144,0.0029
25.9,FLIGHT,0.8797,1.4793,-0.0977,-0.0963,0.0142,-0.1105,-0.018,-0.1958,-0.0062,-0.0071,1.0213,0.0784,1.4971,0.000405,-0.0118,0.0024
25.905,FLIGHT,0.88,1.4788,0.0166,-0.1024,0.1099,-0.0997,-0.0179,-0.1958,0.017,-0.0097,1.0223,0.0586,1.5119,0.000352,-0.0094,0.0019
25.91,FLIGHT,0.8808,1.4783,0.1115,-0.0915,0.1885,-0.0751,-0.0177,-0.1959,0.0342,-0.0104,1.0232,0.0417,1.5239,0.00031,-0.0074,0.0015
25.915,FLIGHT,0.8819,1.4781,0.1896,-0.067,0.2529,-0.04,-0.0174,-0.1959,0.0462,-0.0094,1.0241,0.0277,1.5333,0.000277,-0.0057,0.0011
25.92,FLIGHT,0.8833,1.478,0.2536,-0.0322,0.3054,0.0026,-0.0171,-0.196,0.0541,-0.0073,1.025,0.0163,1.5406,0.000252,-0.0043,0.0009
25.925,FLIGHT,0.8849,1.4781,0.306,0.0099,0.3484,0.0501,-0.0168,-0.196,0.0586,-0.0042,1.0258,0.0071,1.5461,0.000234,-0.0031,0.0006
25.93,FLIGHT,0.8867,1.4785,0.3489,0.0568,0.3836,0.1003,-0.0165,-0.196,0.0607,-0.0006,1.0267,-0.0002,1.55,0.000221,-0.0022,0.0004
25.935,FLIGHT,0.8887,1.4791,0.3841,0.1064,0.4128,0.1514,-0.0162,-0.1959,0.0609,0.0034,1.0276,-0.0058,1.5527,0.000211,-0.0015,0.0003
25.94,FLIGHT,0.8909,1.48,0.4133,0.1569,0.4371,0.202,-0.0159,-0.1959,0.0597,0.0076,1.0284,-0.0102,1.5544,0.000206,-0.0009,0.0002
25.945,FLIGHT,0.8931,1.4811,0.4376,0.2068,0.4576,0.2511,-0.0156,-0.1958,0.0576,0.0119,1.0293,-0.0136,1.5554,0.000202,-0.0005,0.0001
25.95,FLIGHT,0.8954,1.4825,0.4582,0.2553,0.4751,0.2977,-0.0154,-0.1957,0.055,0.016,1.0302,-0.0163,1.556,0.000201,-0.0001,0.0
25.955,FLIGHT,0.8978,1.4841,0.4757,0.3014,0.4903,0.3414,-0.0151,-0.1956,0.0521,0.02,1.031,-0.0184,1.5562,0.000201,0.0001,0.0
25.96,FLIGHT,0.9003,1.4859,0.4909,0.3446,0.5035,0.3819,-0.0149,-0.1955,0.0492,0.0237,1.0318,-0.0201,1.5563,0.000202,0.0003,0.0
25.965,FLIGHT,0.9029,1.4879,0.5041,0.3845,0.5151,0.4188,-0.0146,-0.1954,0.0462,0.0272,1.0327,-0.0215,1.5562,0.000203,0.0004,0.0
25.97,FLIGHT,0.9055,1.4901,0.5156,0.4211,0.5253,0.4522,-0.0144,-0.1952,0.0434,0.0304,1.0335,-0.0228,1.5562,0.000206,0.0005,0.0
25.975,FLIGHT,0.9081,1.4924,0.5257,0.4541,0.5342,0.482,-0.0142,-0.195,0.0408,0.0333,1.0343,-0.024,1.5562,0.000208,0.0005,0.0
25.98,FLIGHT,0.9108,1.4949,0.5345,0.4835,0.5419,0.5084,-0.0141,-0.1948,0.0384,0.036,1.0351,-0.0252,1.5564,0.000211,0.0005,0.0
25.985,FLIGHT,0.9135,1.4975,0.5421,0.5096,0.5484,0.5314,-0.0139,-0.1947,0.0362,0.0383,1.0359,-0.0264,1.5566,0.000213,0.0005,0.0
25.99,FLIGHT,0.9163,1.5002,0.5485,0.5323,0.5537,0.5512,-0.0137,-0.1944,0.0343,0.0403,1.0367,-0.0277,1.557,0.000216,0.0005,0.0
25.995,FLIGHT,0.9191,1.503,0.5537,0.5518,0.5579,0.5679,-0.0135,-0.1942,0.0325,0.0421,1.0374,-0.029,1.5575,0.000218,0.0005,0.0
26.0,FLIGHT,0.9219,1.5059,0.5578,0.5684,0.5609,0.5819,-0.0134,-0.194,0.0309,0.0436,1.0382,-0.0304,1.5581,0.000221,0.0005,0.0
26.005,FLIGHT,0.9247,1.5088,0.5606,0.5821,0.5627,0.5932,-0.0132,-0.1938,0.0295,0.0449,1.0389,-0.0318,1.5588,0.000223,0.0004,0.0
26.01,FLIGHT,0.9275,1.5118,0.5623,0.5932,0.5633,0.6019,-0.0131,-0.1936,0.0282,0.046,1.0396,-0.0333,1.5597,0.000225,0.0004,0.0
26.015,FLIGHT,0.9303,1.5148,0.5628,0.6018,0.5627,0.6084,-0.013,-0.1933,0.027,0.0468,1.0403,-0.0348,1.5606,0.000227,0.0004,0.0
26.02,FLIGHT,0.9331,1.5179,0.5621,0.6081,0.5609,0.6127,-0.0128,-0.1931,0.0259,0.0475,1.041,-0.0364,1.5617,0.000229,0.0004,0.0
26.025,FLIGHT,0.9359,1.521,0.5602,0.6122,0.558,0.615,-0.0127,-0.1928,0.0248,0.048,1.0417,-0.0379,1.5628,0.000231,0.0003,0.0
26.03,FLIGHT,0.9387,1.524,0.5571,0.6144,0.5539,0.6154,-0.0126,-0.1926,0.0238,0.0483,1.0423,-0.0395,1.5639,0.000233,0.0003,0.0
26.035,FLIGHT,0.9415,1.5271,0.553,0.6146,0.5487,0.6141,-0.0125,-0.1924,0.0229,0.0485,1.0429,-0.041,1.5651,0.000234,0.0003,0.0
26.04,FLIGHT,0.9442,1.5302,0.5477,0.6132,0.5424,0.6111,-0.0124,-0.1921,0.0219,0.0485,1.0435,-0.0426,1.5663,0.000235,0.0002,0.0
26.045,FLIGHT,0.9469,1.5332,0.5413,0.6101,0.5351,0.6067,-0.0123,-0.1919,0.021,0.0484,1.0441,-0.0441,1.5676,0.000236,0.0002,0.0
26.05,FLIGHT,0.9495,1.5362,0.5339,0.6055,0.5269,0.6008,-0.0122,-0.1916,0.0201,0.0481,1.0447,-0.0456,1.5689,0.000237,0.0002,0.0
26.055,FLIGHT,0.9522,1.5392,0.5256,0.5996,0.5177,0.5936,-0.0121,-0.1914,0.0192,0.0478,1.0452,-0.047,1.5701,0.000238,0.0001,0.0
26.06,FLIGHT,0.9547,1.5422,0.5163,0.5923,0.5076,0.5852,-0.012,-0.1912,0.0183,0.0473,1.0457,-0.0484,1.5714,0.000239,0.0001,0.0
26.065,FLIGHT,0.9572,1.5451,0.5062,0.5838,0.4968,0.5757,-0.0119,-0.1909,0.0174,0.0468,1.0462,-0.0498,1.5727,0.000239,0.0001,0.0
26.07,FLIGHT,0.9597,1.5479,0.4953,0.5743,0.4852,0.5652,-0.0118,-0.1907,0.0166,0.0461,1.0466,-0.0511,1.5739,0.00024,0.0001,0.0
26.075,FLIGHT,0.9621,1.5507,0.4837,0.5636,0.4729,0.5537,-0.0118,-0.1905,0.0157,0.0453,1.0471,-0.0523,1.5752,0.00024,0.0,0.0
26.08,FLIGHT,0.9644,1.5535,0.4713,0.5521,0.46,0.5413,-0.0117,-0.1903,0.0148,0.0445,1.0475,-0.0535,1.5764,0.00024,0.0,0.0
26.085,FLIGHT,0.9667,1.5561,0.4584,0.5396,0.4466,0.5281,-0.0116,-0.19,0.014,0.0436,1.0479,-0.0546,1.5776,0.00024,0.0,0.0
26.09,FLIGHT,0.9689,1.5587,0.445,0.5264,0.4327,0.5142,-0.0115,-0.1898,0.0132,0.0426,1.0482,-0.0557,1.5788,0.00024,-0.0,0.0
26.095,FLIGHT,0.971,1.5613,0.431,0.5125,0.4183,0.4997,-0.0115,-0.1896,0.0123,0.0415,1.0485,-0.0567,1.5799,0.00024,-0.0,0.0
26.1,FLIGHT,0.9731,1.5637,0.4167,0.4979,0.4036,0.4845,-0.0114,-0.1894,0.0115,0.0404,1.0488,-0.0576,1.5811,0.00024,-0.0001,0.0
26.105,FLIGHT,0.975,1.5661,0.4019,0.4827,0.3886,0.4689,-0.0114,-0.1892,0.0107,0.0393,1.0491,-0.0585,1.5822,0.00024,-0.0001,0.0
26.11,FLIGHT,0.9769,1.5684,0.3869,0.4671,0.3734,0.4528,-0.0113,-0.189,0.0099,0.0381,1.0493,-0.0593,1.5832,0.000239,-0.0001,0.0
26.115,FLIGHT,0.9788,1.5706,0.3717,0.4509,0.3579,0.4363,-0.0113,-0.1889,0.0092,0.0368,1.0495,-0.0601,1.5843,0.000239,-0.0001,0.0
26.12,FLIGHT,0.9805,1.5728,0.3562,0.4344,0.3423,0.4195,-0.0112,-0.1887,0.0085,0.0355,1.0497,-0.0608,1.5853,0.000238,-0.0001,0.0
26.125,FLIGHT,0.9822,1.5748,0.3406,0.4176,0.3266,0.4025,-0.0112,-0.1885,0.0077,0.0342,1.0498,-0.0615,1.5862,0.000238,-0.0001,0.0
26.13,FLIGHT,0.9838,1.5768,0.3249,0.4006,0.3109,0.3852,-0.0112,-0.1884,0.0071,0.0329,1.0499,-0.0621,1.5872,0.000237,-0.0001,0.0
26.135,FLIGHT,0.9853,1.5787,0.3092,0.3833,0.2951,0.3678,-0.0111,-0.1882,0.0064,0.0315,1.05,-0.0626,1.5881,0.000236,-0.0001,0.0
26.14,FLIGHT,0.9867,1.5805,0.2935,0.3659,0.2794,0.3503,-0.0111,-0.1881,0.0058,0.0301,1.05,-0.0631,1.589,0.000236,-0.0002,0.0
26.145,FLIGHT,0.9881,1.5822,0.2778,0.3484,0.2638,0.3327,-0.0111,-0.1879,0.0051,0.0287,1.0501,-0.0635,1.5898,0.000235,-0.0002,0.0
26.15,FLIGHT,0.9894,1.5838,0.2623,0.3309,0.2484,0.3152,-0.0111,-0.1878,0.0046,0.0273,1.05,-0.0639,1.5906,0.000234,-0.0002,0.0
26.155,FLIGHT,0.9906,1.5853,0.2468,0.3133,0.233,0.2977,-0.0111,-0.1877,0.004,0.0259,1.05,-0.0642,1.5914,0.000233,-0.0002,0.0
26.16,FLIGHT,0.9917,1.5868,0.2315,0.2959,0.2179,0.2803,-0.011,-0.1875,0.0035,0.0245,1.0499,-0.0645,1.5921,0.000232,-0.0002,0.0
26.165,FLIGHT,0.9928,1.5881,0.2164,0.2785,0.203,0.263,-0.011,-0.1874,0.003,0.0231,1.0498,-0.0647,1.5928,0.000231,-0.0002,0.0
26.17,FLIGHT,0.9937,1.5894,0.2016,0.2613,0.1884,0.246,-0.011,-0.1873,0.0025,0.0217,1.0496,-0.0649,1.5935,0.00023,-0.0002,0.0
26.175,FLIGHT,0.9946,1.5906,0.187,0.2443,0.1741,0.2291,-0.011,-0.1872,0.0021,0.0203,1.0495,-0.0651,1.5941,0.000229,-0.0002,0.0
26.18,FLIGHT,0.9955,1.5917,0.1727,0.2274,0.1601,0.2125,-0.011,-0.1871,0.0016,0.0189,1.0493,-0.0652,1.5947,0.000228,-0.0002,0.0
26.185,FLIGHT,0.9962,1.5927,0.1587,0.2109,0.1464,0.1962,-0.011,-0.187,0.0012,0.0176,1.049,-0.0652,1.5953,0.000227,-0.0002,0.0
26.19,FLIGHT,0.9969,1.5937,0.1451,0.1946,0.133,0.1802,-0.011,-0.187,0.0009,0.0162,1.0488,-0.0653,1.5958,0.000226,-0.0002,0.0
26.195,FLIGHT,0.9976,1.5945,0.1318,0.1787,0.1201,0.1645,-0.011,-0.1869,0.0005,0.0149,1.0485,-0.0653,1.5963,0.000225,-0.0002,0.0
26.2,FLIGHT,0.9981,1.5953,0.1189,0.163,0.1076,0.1492,-0.011,-0.1868,0.0002,0.0136,1.0481,-0.0652,1.5967,0.000225,-0.0002,0.0
26.205,FLIGHT,0.9987,1.596,0.1064,0.1478,0.0954,0.1343,-0.011,-0.1868,-0.0,0.0124,1.0478,-0.0651,1.5972,0.000224,-0.0002,0.0
26.21,FLIGHT,0.9991,1.5967,0.0943,0.133,0.0837,0.1198,-0.011,-0.1867,-0.0003,0.0112,1.0474,-0.065,1.5976,0.000223,-0.0002,0.0
26.215,FLIGHT,0.9995,1.5972,0.0827,0.1185,0.0724,0.1058,-0.011,-0.1867,-0.0005,0.01,1.047,-0.0649,1.5979,0.000222,-0.0002,0.0
26.22,FLIGHT,0.9998,1.5977,0.0714,0.1045,0.0616,0.0922,-0.011,-0.1866,-0.0008,0.0088,1.0465,-0.0648,1.5983,0.000221,-0.0002,0.0
26.225,FLIGHT,1.0001,1.5981,0.0607,0.091,0.0512,0.079,-0.011,-0.1866,-0.0009,0.0077,1.046,-0.0646,1.5986,0.00022,-0.0002,0.0
26.23,FLIGHT,1.0003,1.5985,0.0503,0.0779,0.0413,0.0664,-0.011,-0.1866,-0.0011,0.0066,1.0455,-0.0644,1.5989,0.000219,-0.0002,0.0
26.235,FLIGHT,1.0005,1.5988,0.0404,0.0653,0.0318,0.0542,-0.011,-0.1865,-0.0012,0.0055,1.045,-0.0641,1.5991,0.000218,-0.0002,0.0
26.24,FLIGHT,1.0007,1.5991,0.031,0.0531,0.0228,0.0425,-0.011,-0.1865,-0.0014,0.0045,1.0444,-0.0639,1.5993,0.000217,-0.0002,0.0
26.245,FLIGHT,1.0008,1.5992,0.0221,0.0415,0.0143,0.0313,-0.011,-0.1865,-0.0015,0.0036,1.0439,-0.0636,1.5995,0.000216,-0.0002,0.0
26.25,FLIGHT,1.0008,1.5994,0.0136,0.0304,0.0062,0.0206,-0.011,-0.1865,-0.0016,0.0026,1.0433,-0.0634,1.5997,0.000216,-0.0002,0.0
26.255,FLIGHT,1.0008,1.5994,0.0056,0.0198,-0.0014,0.0105,-0.011,-0.1865,-0.0016,0.0018,1.0426,-0.0631,1.5999,0.000215,-0.0002,0.0
26.26,FLIGHT,1.0008,1.5995,-0.002,0.0096,-0.0085,0.0008,-0.011,-0.1865,-0.0017,0.0009,1.042,-0.0628,1.6,0.000214,-0.0001,0.0
26.265,FLIGHT,1.0007,1.5995,-0.009,0.0,-0.0152,-0.0083,-0.0111,-0.1865,-0.0017,0.0001,1.0413,-0.0625,1.6001,0.000213,-0.0001,0.0
26.27,FLIGHT,1.0006,1.5994,-0.0157,-0.009,-0.0214,-0.017,-0.0111,-0.1865,-0.0017,-0.0007,1.0406,-0.0621,1.6002,0.000213,-0.0001,0.0
26.275,FLIGHT,1.0005,1.5993,-0.0219,-0.0176,-0.0272,-0.0251,-0.0111,-0.1865,-0.0017,-0.0014,1.0399,-0.0618,1.6002,0.000212,-0.0001,0.0
26.28,FLIGHT,1.0004,1.5991,-0.0276,-0.0257,-0.0325,-0.0327,-0.0111,-0.1865,-0.0017,-0.0021,1.0391,-0.0615,1.6003,0.000211,-0.0001,0.0
26.285,FLIGHT,1.0002,1.599,-0.0329,-0.0333,-0.0374,-0.0398,-0.0111,-0.1865,-0.0017,-0.0027,1.0384,-0.0611,1.6003,0.000211,-0.0001,0.0
26.29,FLIGHT,1.0,1.5987,-0.0378,-0.0403,-0.0419,-0.0464,-0.0111,-0.1865,-0.0016,-0.0033,1.0376,-0.0608,1.6003,0.00021,-0.0001,0.0
26.295,FLIGHT,0.9998,1.5985,-0.0422,-0.0469,-0.046,-0.0525,-0.0111,-0.1865,-0.0016,-0.0038,1.0368,-0.0604,1.6003,0.00021,-0.0001,0.0
26.3,FLIGHT,0.9995,1.5982,-0.0462,-0.053,-0.0497,-0.0582,-0.0111,-0.1866,-0.0015,-0.0044,1.0359,-0.0601,1.6003,0.000209,-0.0001,0.0
26.305,FLIGHT,0.9993,1.5979,-0.0499,-0.0586,-0.053,-0.0634,-0.0111,-0.1866,-0.0014,-0.0048,1.0351,-0.0598,1.6003,0.000209,-0.0001,0.0
26.31,FLIGHT,0.999,1.5976,-0.0531,-0.0637,-0.0559,-0.0681,-0.0111,-0.1866,-0.0013,-0.0053,1.0342,-0.0594,1.6002,0.000208,-0.0001,0.0
26.315,FLIGHT,0.9987,1.5972,-0.056,-0.0684,-0.0584,-0.0723,-0.0111,-0.1867,-0.0012,-0.0057,1.0333,-0.0591,1.6001,0.000208,-0.0001,0.0
26.32,FLIGHT,0.9984,1.5969,-0.0585,-0.0726,-0.0606,-0.0761,-0.0111,-0.1867,-0.0011,-0.006,1.0324,-0.0587,1.6001,0.000207,-0.0001,0.0
26.325,FLIGHT,0.9981,1.5965,-0.0607,-0.0764,-0.0624,-0.0795,-0.0111,-0.1867,-0.001,-0.0063,1.0315,-0.0584,1.6,0.000207,-0.0001,0.0
26.33,FLIGHT,0.9978,1.5961,-0.0625,-0.0797,-0.064,-0.0825,-0.0111,-0.1867,-0.0009,-0.0066,1.0305,-0.0581,1.5999,0.000207,-0.0001,0.0
26.335,FLIGHT,0.9975,1.5957,-0.064,-0.0826,-0.0652,-0.0851,-0.0112,-0.1868,-0.0008,-0.0069,1.0296,-0.0578,1.5998,0.000206,-0.0001,0.0
26.34,FLIGHT,0.9971,1.5952,-0.0652,-0.0852,-0.0661,-0.0873,-0.0112,-0.1868,-0.0007,-0.0071,1.0286,-0.0575,1.5997,0.000206,-0.0001,0.0
26.345,FLIGHT,0.9968,1.5948,-0.066,-0.0873,-0.0667,-0.0891,-0.0112,-0.1869,-0.0006,-0.0073,1.0276,-0.0572,1.5996,0.000206,-0.0001,0.0
26.35,FLIGHT,0.9965,1.5943,-0.0667,-0.0891,-0.0671,-0.0905,-0.0112,-0.1869,-0.0005,-0.0074,1.0266,-0.0569,1.5994,0.000205,-0.0,0.0
26.355,FLIGHT,0.9961,1.5939,-0.067,-0.0905,-0.0672,-0.0916,-0.0112,-0.1869,-0.0003,-0.0076,1.0256,-0.0566,1.5993,0.000205,-0.0,0.0
26.36,FLIGHT,0.9958,1.5934,-0.0671,-0.0916,-0.067,-0.0924,-0.0112,-0.187,-0.0002,-0.0077,1.0245,-0.0563,1.5992,0.000205,-0.0,0.0
26.365,FLIGHT,0.9955,1.5929,-0.0669,-0.0923,-0.0667,-0.0929,-0.0112,-0.187,-0.0001,-0.0077,1.0235,-0.056,1.599,0.000205,-0.0,0.0
26.37,FLIGHT,0.9951,1.5925,-0.0665,-0.0928,-0.0661,-0.093,-0.0112,-0.187,0.0001,-0.0078,1.0224,-0.0558,1.5989,0.000205,-0.0,0.0
26.375,FLIGHT,0.9948,1.592,-0.0659,-0.0929,-0.0653,-0.0929,-0.0112,-0.1871,0.0002,-0.0078,1.0213,-0.0555,1.5987,0.000205,-0.0,0.0
26.38,FLIGHT,0.9945,1.5916,-0.0651,-0.0927,-0.0643,-0.0925,-0.0112,-0.1871,0.0003,-0.0078,1.0202,-0.0553,1.5986,0.000204,-0.0,0.0
26.385,FLIGHT,0.9942,1.5911,-0.0641,-0.0923,-0.0632,-0.0918,-0.0112,-0.1872,0.0004,-0.0077,1.0191,-0.0551,1.5984,0.000204,-0.0,0.0
26.39,FLIGHT,0.9939,1.5906,-0.063,-0.0916,-0.0619,-0.0909,-0.0112,-0.1872,0.0006,-0.0077,1.018,-0.0548,1.5983,0.000204,-0.0,0.0
26.395,FLIGHT,0.9936,1.5902,-0.0617,-0.0907,-0.0604,-0.0898,-0.0111,-0.1872,0.0007,-0.0076,1.0169,-0.0546,1.5981,0.000204,-0.0,0.0
26.4,FLIGHT,0.9933,1.5897,-0.0602,-0.0896,-0.0589,-0.0885,-0.0111,-0.1873,0.0008,-0.0075,1.0157,-0.0544,1.598,0.000204,-0.0,0.0
26.405,FLIGHT,0.993,1.5893,-0.0586,-0.0882,-0.0572,-0.0869,-0.0111,-0.1873,0.0009,-0.0074,1.0145,-0.0543,1.5978,0.000204,0.0,0.0
26.41,FLIGHT,0.9927,1.5889,-0.0569,-0.0867,-0.0554,-0.0852,-0.0111,-0.1874,0.001,-0.0073,1.0134,-0.0541,1.5977,0.000204,0.0,0.0
26.415,FLIGHT,0.9924,1.5885,-0.0551,-0.085,-0.0535,-0.0834,-0.0111,-0.1874,0.0011,-0.0072,1.0122,-0.0539,1.5975,0.000204,0.0,0.0
26.42,FLIGHT,0.9921,1.588,-0.0532,-0.0831,-0.0515,-0.0813,-0.0111,-0.1874,0.0012,-0.007,1.011,-0.0538,1.5974,0.000204,0.0,0.0
26.425,FLIGHT,0.9919,1.5876,-0.0512,-0.0811,-0.0494,-0.0792,-0.0111,-0.1875,0.0013,-0.0068,1.0098,-0.0536,1.5972,0.000205,0.0,0.0
26.43,FLIGHT,0.9917,1.5872,-0.0492,-0.0789,-0.0473,-0.0769,-0.0111,-0.1875,0.0014,-0.0067,1.0086,-0.0535,1.5971,0.000205,0.0,0.0
26.435,FLIGHT,0.9914,1.5869,-0.047,-0.0766,-0.0451,-0.0745,-0.0111,-0.1875,0.0015,-0.0065,1.0073,-0.0534,1.597,0.000205,0.0,0.0
26.44,FLIGHT,0.9912,1.5865,-0.0449,-0.0742,-0.0429,-0.072,-0.0111,-0.1876,0.0016,-0.0063,1.0061,-0.0533,1.5968,0.000205,0.0,0.0
26.445,FLIGHT,0.991,1.5861,-0.0426,-0.0717,-0.0406,-0.0694,-0.0111,-0.1876,0.0017,-0.0061,1.0048,-0.0532,1.5967,0.000205,0.0,0.0
26.45,FLIGHT,0.9908,1.5858,-0.0404,-0.0691,-0.0384,-0.0667,-0.0111,-0.1876,0.0017,-0.0059,1.0036,-0.0531,1.5966,0.000205,0.0,0.0
26.455,FLIGHT,0.9906,1.5855,-0.0381,-0.0664,-0.0361,-0.064,-0.0111,-0.1876,0.0018,-0.0056,1.0023,-0.053,1.5964,0.000205,0.0,0.0
26.46,FLIGHT,0.9904,1.5852,-0.0358,-0.0637,-0.0338,-0.0612,-0.0111,-0.1877,0.0019,-0.0054,1.001,-0.053,1.5963,0.000205,0.0,0.0
26.465,FLIGHT,0.9903,1.5849,-0.0335,-0.0609,-0.0315,-0.0584,-0.011,-0.1877,0.0019,-0.0052,0.9997,-0.0529,1.5962,0.000206,0.0,0.0
26.47,STANCE,0.992,1.5854,0.2793,0.0662,0.8802,0.0506,-0.0108,-0.1877,0.0435,0.003,0.9988,0.0058,-0.5288,-0.000666,-0.3484,0.0704
26.475,STANCE,0.9976,1.5842,0.8358,-0.1598,0.6644,-0.1827,-0.0096,-0.1878,0.1787,-0.0224,0.9981,-0.4247,-1.05,-0.002481,-0.21,0.0445
26.48,STANCE,0.9989,1.5843,0.4294,-0.0302,0.1431,0.0487,-0.0093,-0.1878,0.0848,-0.0067,0.9981,-0.5473,-1.686,-0.002886,-0.0059,0.0041
26.485,STANCE,1.0004,1.5834,0.3564,-0.1551,0.4942,-0.4603,-0.009,-0.1879,0.0881,-0.0171,0.9984,-0.8298,-2.109,-0.00276,0.046,0.0028
26.49,STANCE,1.0035,1.5778,0.5404,-0.9177,0.7594,-1.7015,-0.0076,-0.1885,0.2274,-0.0854,0.9984,-1.2264,-2.0712,-0.002337,0.1104,0.0023
26.495,STANCE,1.0089,1.5685,0.9307,-1.6058,1.2556,-2.511,-0.0053,-0.1893,0.398,-0.1439,0.9984,-1.6826,-1.8254,-0.00224,-0.0509,0.0124
26.5,STANCE,1.0159,1.5541,1.2673,-2.4816,1.3466,-3.0597,-0.002,-0.1905,0.5888,-0.2099,0.9984,-2.0601,-1.2572,-0.002708,-0.0698,0.0167
26.505,STANCE,1.0217,1.5386,1.1681,-2.9101,0.9236,-3.2565,0.0013,-0.1918,0.6365,-0.2329,0.9983,-2.1082,-0.7133,-0.002775,0.0471,0.0028
26.51,STANCE,1.0262,1.5227,0.9578,-3.1268,0.8203,-3.2105,0.0045,-0.1931,0.6331,-0.2385,0.9983,-1.9301,-0.1591,-0.002892,-0.0866,0.0202
26.515,STANCE,1.0288,1.5056,0.6391,-3.3301,0.2664,-3.5258,0.0074,-0.1944,0.6065,-0.2444,0.9982,-1.5341,0.4266,-0.003187,-0.0347,0.0101
26.52,STANCE,1.0297,1.4887,0.3029,-3.3571,0.0676,-3.2396,0.01,-0.1956,0.5498,-0.2395,0.9982,-0.9969,0.9119,-0.003459,-0.0659,0.0166
26.525,STANCE,1.0289,1.4724,-0.0141,-3.2924,-0.2935,-3.2475,0.0123,-0.1968,0.482,-0.2305,0.9982,-0.4217,1.278,-0.003593,-0.0004,0.0037
26.53,STANCE,1.0275,1.4569,-0.198,-3.1422,-0.3114,-3.0116,0.0143,-0.1978,0.4265,-0.2161,0.9984,0.0146,1.4811,-0.003642,0.0038,0.0036
26.535,FLIGHT,1.0261,1.4423,-0.2538,-2.9927,-0.2372,-2.8457,0.0162,-0.1988,0.3957,-0.2013,0.9986,-1.2769,2.5818,-0.003562,0.0231,0.0036
26.54,FLIGHT,1.0226,1.4311,-0.5988,-2.4107,-1.1312,-1.635,0.0172,-0.1996,0.2411,-0.1664,0.9991,-1.2139,2.5176,-0.00323,0.1065,0.0032
26.545,FLIGHT,1.015,1.4256,-1.2762,-1.4539,-1.9099,-0.5699,0.0165,-0.2001,-0.0381,-0.1156,0.9999,-0.9709,2.313,-0.002538,0.1658,0.0025
26.55,FLIGHT,1.0039,1.4249,-1.9387,-0.5217,-2.4724,0.2426,0.0144,-0.2003,-0.3108,-0.0626,1.0009,-0.679,2.0732,-0.001618,0.1982,0.0016
26.555,FLIGHT,0.9906,1.4276,-2.4412,0.2232,-2.8027,0.7881,0.0113,-0.2003,-0.522,-0.0122,1.0021,-0.404,1.8499,-0.000596,0.2071,0.0006
26.56,FLIGHT,0.9762,1.4324,-2.7432,0.7381,-2.9236,1.0988,0.0077,-0.2001,-0.657,0.0318,1.0035,-0.1749,1.6656,0.000386,0.1647,0.0
26.565,FLIGHT,0.9617,1.4383,-2.8544,1.0389,-2.8792,1.2226,0.0039,-0.1998,-0.7207,0.0664,1.0049,0.0002,1.5262,0.001019,0.0927,0.0
26.57,FLIGHT,0.9476,1.4444,-2.8125,1.1631,-2.7186,1.2085,0.0003,-0.1993,-0.7273,0.0896,1.0063,0.1249,1.4288,0.001352,0.044,0.0
26.575,FLIGHT,0.9346,1.4502,-2.6581,1.1555,-2.4807,1.1027,-0.0032,-0.1989,-0.6925,0.1013,1.0077,0.2064,1.3673,0.001488,0.0124,0.0
26.58,FLIGHT,0.9229,1.4553,-2.428,1.0587,-2.1977,0.9433,-0.0062,-0.1984,-0.6304,0.1027,1.009,0.2532,1.3345,0.001497,-0.0073,0.0015
26.585,FLIGHT,0.9127,1.4596,-2.1533,0.9088,-1.8949,0.76,-0.0088,-0.198,-0.5528,0.0961,1.0103,0.2732,1.3234,0.001429,-0.0188,0.0038
26.59,FLIGHT,0.904,1.4629,-1.8584,0.7346,-1.5911,0.5744,-0.011,-0.1976,-0.4687,0.084,1.0116,0.2738,1.3279,0.001318,-0.0248,0.005
26.595,FLIGHT,0.8967,1.4654,-1.5617,0.5572,-1.2993,0.4016,-0.0128,-0.1973,-0.3846,0.0689,1.0128,0.2609,1.3428,0.001186,-0.0272,0.0054
26.6,FLIGHT,0.8909,1.467,-1.2761,0.3912,-1.0281,0.2509,-0.0141,-0.1971,-0.305,0.0528,1.0139,0.2393,1.3638,0.00105,-0.0272,0.0054
26.605,FLIGHT,0.8864,1.4679,-1.0102,0.2461,-0.7825,0.1271,-0.0152,-0.1969,-0.2324,0.0373,1.015,0.2129,1.3878,0.000917,-0.0258,0.0052
26.61,FLIGHT,0.8831,1.4683,-0.7689,0.1267,-0.5646,0.0321,-0.0159,-0.1968,-0.1685,0.0236,1.016,0.1845,1.4126,0.000793,-0.0236,0.0047
26.615,FLIGHT,0.8807,1.4683,-0.5544,0.035,-0.3746,-0.0347,-0.0163,-0.1968,-0.1139,0.0122,1.017,0.1561,1.4364,0.000682,-0.0209,0.0042
26.62,FLIGHT,0.8793,1.468,-0.3671,-0.0293,-0.2113,-0.0753,-0.0166,-0.1968,-0.0683,0.0034,1.018,0.129,1.4584,0.000585,-0.0181,0.0036
26.625,FLIGHT,0.8786,1.4676,-0.206,-0.0683,-0.0728,-0.0927,-0.0167,-0.1968,-0.0313,-0.0028,1.0189,0.1042,1.4778,0.000501,-0.0153,0.0031
26.63,FLIGHT,0.8785,1.4671,-0.069,-0.0848,0.0436,-0.0904,-0.0166,-0.1969,-0.0021,-0.0065,1.0199,0.082,1.4946,0.000432,-0.0126,0.0025
26.635,FLIGHT,0.879,1.4667,0.0463,-0.0821,0.1407,-0.072,-0.0165,-0.1969,0.0203,-0.0082,1.0208,0.0628,1.5085,0.000375,-0.0102,0.002
26.64,FLIGHT,0.8799,1.4664,0.1426,-0.0636,0.2211,-0.0409,-0.0162,-0.1969,0.0367,-0.0081,1.0217,0.0465,1.5199,0.000329,-0.0081,0.0016
26.645,FLIGHT,0.8812,1.4663,0.2225,-0.0326,0.2875,-0.0003,-0.016,-0.197,0.0483,-0.0065,1.0225,0.0329,1.5289,0.000293,-0.0063,0.0013
26.65,FLIGHT,0.8827,1.4664,0.2886,0.0076,0.3423,0.0469,-0.0157,-0.197,0.0558,-0.0038,1.0234,0.0217,1.5358,0.000265,-0.0048,0.001
26.655,FLIGHT,0.8846,1.4668,0.3432,0.0542,0.3876,0.0982,-0.0154,-0.197,0.0602,-0.0004,1.0243,0.0126,1.541,0.000244,-0.0036,0.0007
26.66,FLIGHT,0.8866,1.4674,0.3884,0.105,0.4253,0.1517,-0.0151,-0.197,0.0622,0.0035,1.0252,0.0054,1.5448,0.000229,-0.0026,0.0005
26.665,FLIGHT,0.8888,1.4683,0.426,0.1579,0.4567,0.2056,-0.0147,-0.1969,0.0624,0.0078,1.026,-0.0003,1.5474,0.000218,-0.0018,0.0004
26.67,FLIGHT,0.8912,1.4695,0.4575,0.2111,0.4832,0.2586,-0.0144,-0.1968,0.0612,0.0122,1.0269,-0.0048,1.5492,0.000211,-0.0011,0.0002
26.675,FLIGHT,0.8936,1.4709,0.484,0.2635,0.5058,0.3097,-0.0141,-0.1968,0.0592,0.0166,1.0277,-0.0084,1.5503,0.000207,-0.0006,0.0001
26.68,FLIGHT,0.8962,1.4726,0.5065,0.314,0.5252,0.3582,-0.0139,-0.1966,0.0567,0.0209,1.0286,-0.0112,1.551,0.000204,-0.0003,0.0001
26.685,FLIGHT,0.8989,1.4745,0.5259,0.3619,0.542,0.4035,-0.0136,-0.1965,0.0539,0.025,1.0294,-0.0135,1.5514,0.000204,-0.0,0.0
26.69,FLIGHT,0.9016,1.4766,0.5427,0.4067,0.5567,0.4453,-0.0134,-0.1964,0.0509,0.0288,1.0302,-0.0155,1.5516,0.000204,0.0002,0.0
26.695,FLIGHT,0.9045,1.4789,0.5573,0.448,0.5694,0.4834,-0.0131,-0.1962,0.048,0.0324,1.0311,-0.0172,1.5518,0.000205,0.0003,0.0
26.7,FLIGHT,0.9073,1.4814,0.57,0.4857,0.5806,0.5179,-0.0129,-0.196,0.0452,0.0357,1.0319,-0.0187,1.5519,0.000207,0.0004,0.0
26.705,FLIGHT,0.9103,1.4841,0.581,0.5198,0.5902,0.5486,-0.0127,-0.1958,0.0426,0.0386,1.0327,-0.0202,1.5522,0.00021,0.0005,0.0
26.71,FLIGHT,0.9132,1.4869,0.5905,0.5501,0.5984,0.5756,-0.0125,-0.1956,0.0402,0.0413,1.0335,-0.0216,1.5525,0.000212,0.0005,0.0
26.715,FLIGHT,0.9162,1.4898,0.5986,0.5768,0.6052,0.5992,-0.0123,-0.1954,0.038,0.0437,1.0343,-0.0231,1.5529,0.000215,0.0005,0.0
26.72,FLIGHT,0.9193,1.4929,0.6053,0.6001,0.6106,0.6194,-0.0121,-0.1951,0.0359,0.0457,1.0351,-0.0246,1.5535,0.000218,0.0005,0.0
26.725,FLIGHT,0.9223,1.496,0.6106,0.6201,0.6147,0.6365,-0.012,-0.1949,0.0341,0.0476,1.0358,-0.0261,1.5542,0.00022,0.0005,0.0
26.73,FLIGHT,0.9254,1.4992,0.6145,0.6369,0.6175,0.6506,-0.0118,-0.1946,0.0324,0.0491,1.0366,-0.0277,1.555,0.000223,0.0005,0.0
26.735,FLIGHT,0.9285,1.5025,0.6171,0.6507,0.6189,0.6618,-0.0116,-0.1944,0.0309,0.0504,1.0373,-0.0293,1.5559,0.000225,0.0005,0.0
26.74,FLIGHT,0.9316,1.5059,0.6184,0.6617,0.6189,0.6704,-0.0115,-0.1941,0.0295,0.0515,1.0381,-0.031,1.5569,0.000227,0.0004,0.0
26.745,FLIGHT,0.9347,1.5092,0.6183,0.6702,0.6177,0.6766,-0.0114,-0.1939,0.0282,0.0523,1.0388,-0.0327,1.558,0.00023,0.0004,0.0
26.75,FLIGHT,0.9378,1.5126,0.6169,0.6761,0.6151,0.6804,-0.0112,-0.1936,0.0269,0.053,1.0395,-0.0344,1.5592,0.000232,0.0004,0.0
26.755,FLIGHT,0.9408,1.516,0.6142,0.6798,0.6112,0.6821,-0.0111,-0.1933,0.0258,0.0535,1.0401,-0.0361,1.5605,0.000233,0.0003,0.0
26.76,FLIGHT,0.9439,1.5194,0.6103,0.6813,0.6061,0.6817,-0.011,-0.1931,0.0247,0.0537,1.0408,-0.0378,1.5618,0.000235,0.0003,0.0
26.765,FLIGHT,0.9469,1.5228,0.6051,0.6808,0.5998,0.6795,-0.0109,-0.1928,0.0236,0.0539,1.0414,-0.0395,1.5631,0.000236,0.0003,0.0
26.77,FLIGHT,0.9499,1.5262,0.5987,0.6785,0.5924,0.6756,-0.0108,-0.1925,0.0225,0.0538,1.0421,-0.0412,1.5645,0.000238,0.0002,0.0
26.775,FLIGHT,0.9528,1.5296,0.5911,0.6744,0.5838,0.67,-0.0106,-0.1923,0.0215,0.0537,1.0427,-0.0429,1.5659,0.000239,0.0002,0.0
26.78,FLIGHT,0.9557,1.5329,0.5825,0.6687,0.5742,0.6629,-0.0105,-0.192,0.0205,0.0533,1.0432,-0.0445,1.5673,0.00024,0.0002,0.0
26.785,FLIGHT,0.9586,1.5362,0.5728,0.6615,0.5637,0.6543,-0.0105,-0.1917,0.0195,0.0529,1.0438,-0.046,1.5687,0.000241,0.0001,0.0
26.79,FLIGHT,0.9614,1.5395,0.5621,0.6528,0.5522,0.6445,-0.0104,-0.1915,0.0185,0.0523,1.0443,-0.0475,1.5701,0.000241,0.0001,0.0
26.795,FLIGHT,0.9641,1.5427,0.5505,0.6429,0.5398,0.6335,-0.0103,-0.1912,0.0175,0.0517,1.0448,-0.049,1.5715,0.000242,0.0001,0.0
26.8,FLIGHT,0.9668,1.5458,0.5381,0.6318,0.5267,0.6214,-0.0102,-0.191,0.0166,0.0509,1.0453,-0.0504,1.5729,0.000242,0.0001,0.0
26.805,FLIGHT,0.9694,1.5489,0.5249,0.6196,0.5128,0.6082,-0.0101,-0.1907,0.0156,0.05,1.0457,-0.0518,1.5742,0.000243,0.0,0.0
26.81,FLIGHT,0.9719,1.5519,0.511,0.6064,0.4983,0.5941,-0.01,-0.1905,0.0147,0.049,1.0461,-0.053,1.5756,0.000243,0.0,0.0
26.815,FLIGHT,0.9743,1.5548,0.4965,0.5922,0.4832,0.5791,-0.01,-0.1902,0.0137,0.048,1.0465,-0.0542,1.5769,0.000243,-0.0,0.0
26.82,FLIGHT,0.9767,1.5577,0.4814,0.5772,0.4676,0.5634,-0.0099,-0.19,0.0128,0.0469,1.0469,-0.0554,1.5782,0.000243,-0.0,0.0
26.825,FLIGHT,0.979,1.5605,0.4658,0.5614,0.4516,0.547,-0.0099,-0.1898,0.0119,0.0457,1.0472,-0.0565,1.5795,0.000242,-0.0001,0.0
26.83,FLIGHT,0.9812,1.5631,0.4498,0.545,0.4352,0.53,-0.0098,-0.1896,0.011,0.0444,1.0475,-0.0575,1.5807,0.000242,-0.0001,0.0
26.835,FLIGHT,0.9834,1.5658,0.4333,0.5279,0.4185,0.5124,-0.0098,-0.1893,0.0102,0.0431,1.0478,-0.0585,1.5819,0.000242,-0.0001,0.0
26.84,FLIGHT,0.9854,1.5683,0.4166,0.5103,0.4015,0.4944,-0.0097,-0.1891,0.0093,0.0417,1.0481,-0.0593,1.5831,0.000241,-0.0001,0.0
26.845,FLIGHT,0.9874,1.5707,0.3996,0.4923,0.3843,0.4759,-0.0097,-0.1889,0.0085,0.0403,1.0483,-0.0602,1.5842,0.000241,-0.0001,0.0
26.85,FLIGHT,0.9893,1.573,0.3825,0.4738,0.367,0.4572,-0.0096,-0.1888,0.0077,0.0389,1.0484,-0.0609,1.5853,0.00024,-0.0001,0.0
26.855,FLIGHT,0.991,1.5753,0.3652,0.4551,0.3496,0.4381,-0.0096,-0.1886,0.007,0.0374,1.0486,-0.0616,1.5864,0.000239,-0.0002,0.0
26.86,FLIGHT,0.9928,1.5774,0.3478,0.4361,0.3322,0.4189,-0.0096,-0.1884,0.0062,0.0359,1.0487,-0.0623,1.5874,0.000238,-0.0002,0.0
26.865,FLIGHT,0.9944,1.5795,0.3304,0.4168,0.3148,0.3996,-0.0095,-0.1882,0.0055,0.0344,1.0488,-0.0628,1.5884,0.000238,-0.0002,0.0
26.87,FLIGHT,0.9959,1.5814,0.313,0.3975,0.2974,0.3801,-0.0095,-0.1881,0.0049,0.0328,1.0488,-0.0633,1.5893,0.000237,-0.0002,0.0
26.875,FLIGHT,0.9973,1.5833,0.2957,0.3781,0.2802,0.3607,-0.0095,-0.1879,0.0042,0.0313,1.0489,-0.0638,1.5902,0.000236,-0.0002,0.0
26.88,FLIGHT,0.9987,1.585,0.2785,0.3586,0.2631,0.3412,-0.0095,-0.1878,0.0036,0.0297,1.0488,-0.0642,1.5911,0.000235,-0.0002,0.0
26.885,FLIGHT,1.0,1.5867,0.2614,0.3392,0.2462,0.3219,-0.0095,-0.1876,0.003,0.0281,1.0488,-0.0645,1.5919,0.000234,-0.0002,0.0
26.89,FLIGHT,1.0012,1.5882,0.2446,0.3199,0.2296,0.3027,-0.0095,-0.1875,0.0024,0.0266,1.0487,-0.0648,1.5927,0.000233,-0.0002,0.0
26.895,FLIGHT,1.0023,1.5897,0.228,0.3007,0.2132,0.2836,-0.0094,-0.1874,0.0019,0.025,1.0486,-0.0651,1.5935,0.000232,-0.0002,0.0
26.9,FLIGHT,1.0033,1.5911,0.2116,0.2817,0.1971,0.2648,-0.0094,-0.1873,0.0014,0.0235,1.0484,-0.0653,1.5942,0.000231,-0.0002,0.0
26.905,FLIGHT,1.0042,1.5923,0.1956,0.2629,0.1814,0.2462,-0.0094,-0.1872,0.0009,0.0219,1.0483,-0.0654,1.5949,0.000229,-0.0002,0.0
26.91,FLIGHT,1.0051,1.5935,0.1799,0.2444,0.166,0.2279,-0.0094,-0.1871,0.0005,0.0204,1.048,-0.0655,1.5955,0.000228,-0.0002,0.0
26.915,FLIGHT,1.0059,1.5946,0.1645,0.2262,0.151,0.21,-0.0094,-0.187,0.0001,0.0189,1.0478,-0.0656,1.5961,0.000227,-0.0002,0.0
26.92,FLIGHT,1.0066,1.5956,0.1496,0.2083,0.1363,0.1924,-0.0094,-0.1869,-0.0003,0.0174,1.0475,-0.0656,1.5967,0.000226,-0.0002,0.0
26.925,FLIGHT,1.0073,1.5965,0.135,0.1907,0.1222,0.1752,-0.0094,-0.1868,-0.0006,0.016,1.0472,-0.0655,1.5972,0.000225,-0.0002,0.0
26.93,FLIGHT,1.0078,1.5974,0.1209,0.1736,0.1084,0.1584,-0.0094,-0.1867,-0.0009,0.0146,1.0469,-0.0655,1.5977,0.000224,-0.0002,0.0
26.935,FLIGHT,1.0084,1.5981,0.1072,0.1569,0.0952,0.1421,-0.0095,-0.1867,-0.0012,0.0132,1.0465,-0.0654,1.5982,0.000223,-0.0002,0.0
26.94,FLIGHT,1.0088,1.5988,0.094,0.1406,0.0824,0.1262,-0.0095,-0.1866,-0.0015,0.0119,1.0461,-0.0653,1.5986,0.000222,-0.0002,0.0
26.945,FLIGHT,1.0092,1.5994,0.0812,0.1248,0.07,0.1108,-0.0095,-0.1866,-0.0017,0.0105,1.0457,-0.0651,1.599,0.000221,-0.0002,0.0
26.95,FLIGHT,1.0095,1.5999,0.069,0.1094,0.0582,0.0959,-0.0095,-0.1865,-0.002,0.0093,1.0452,-0.0649,1.5994,0.00022,-0.0002,0.0
26.955,FLIGHT,1.0098,1.6004,0.0572,0.0946,0.0469,0.0816,-0.0095,-0.1865,-0.0021,0.008,1.0447,-0.0647,1.5997,0.000219,-0.0002,0.0
26.96,FLIGHT,1.01,1.6007,0.046,0.0803,0.0361,0.0677,-0.0095,-0.1864,-0.0023,0.0069,1.0442,-0.0645,1.6,0.000218,-0.0002,0.0
26.965,FLIGHT,1.0101,1.601,0.0352,0.0665,0.0258,0.0544,-0.0095,-0.1864,-0.0024,0.0057,1.0437,-0.0642,1.6002,0.000217,-0.0002,0.0
26.97,FLIGHT,1.0102,1.6013,0.025,0.0533,0.0161,0.0417,-0.0095,-0.1864,-0.0026,0.0046,1.0431,-0.0639,1.6005,0.000216,-0.0002,0.0
26.975,FLIGHT,1.0103,1.6015,0.0153,0.0406,0.0068,0.0295,-0.0095,-0.1864,-0.0027,0.0035,1.0425,-0.0636,1.6007,0.000215,-0.0002,0.0
26.98,FLIGHT,1.0103,1.6016,0.0061,0.0285,-0.0019,0.0179,-0.0096,-0.1864,-0.0027,0.0025,1.0419,-0.0633,1.6009,0.000214,-0.0002,0.0
26.985,FLIGHT,1.0103,1.6016,-0.0026,0.0169,-0.0101,0.0068,-0.0096,-0.1864,-0.0028,0.0016,1.0412,-0.063,1.601,0.000213,-0.0002,0.0
26.99,FLIGHT,1.0102,1.6016,-0.0108,0.0059,-0.0179,-0.0036,-0.0096,-0.1864,-0.0028,0.0006,1.0405,-0.0626,1.6011,0.000212,-0.0002,0.0
26.995,FLIGHT,1.0101,1.6016,-0.0184,-0.0045,-0.0251,-0.0136,-0.0096,-0.1864,-0.0028,-0.0002,1.0398,-0.0623,1.6012,0.000211,-0.0002,0.0
27.0,FLIGHT,1.0099,1.6015,-0.0256,-0.0143,-0.0318,-0.0229,-0.0096,-0.1864,-0.0028,-0.0011,1.0391,-0.0619,1.6013,0.000211,-0.0002,0.0
27.005,FLIGHT,1.0098,1.6014,-0.0322,-0.0236,-0.038,-0.0317,-0.0096,-0.1864,-0.0028,-0.0018,1.0384,-0.0616,1.6014,0.00021,-0.0001,0.0
27.01,FLIGHT,1.0096,1.6012,-0.0384,-0.0324,-0.0437,-0.0399,-0.0096,-0.1864,-0.0028,-0.0026,1.0376,-0.0612,1.6014,0.000209,-0.0001,0.0
27.015,FLIGHT,1.0093,1.601,-0.0441,-0.0405,-0.0489,-0.0476,-0.0097,-0.1864,-0.0027,-0.0033,1.0368,-0.0608,1.6014,0.000208,-0.0001,0.0
27.02,FLIGHT,1.0091,1.6007,-0.0493,-0.0482,-0.0537,-0.0547,-0.0097,-0.1864,-0.0027,-0.0039,1.036,-0.0604,1.6014,0.000208,-0.0001,0.0
27.025,FLIGHT,1.0088,1.6004,-0.054,-0.0552,-0.058,-0.0613,-0.0097,-0.1865,-0.0026,-0.0045,1.0352,-0.06,1.6014,0.000207,-0.0001,0.0
27.03,FLIGHT,1.0085,1.6001,-0.0583,-0.0618,-0.0619,-0.0674,-0.0097,-0.1865,-0.0025,-0.0051,1.0343,-0.0597,1.6014,0.000207,-0.0001,0.0
27.035,FLIGHT,1.0082,1.5997,-0.0621,-0.0678,-0.0654,-0.0729,-0.0097,-0.1865,-0.0024,-0.0056,1.0334,-0.0593,1.6013,0.000206,-0.0001,0.0
27.04,FLIGHT,1.0078,1.5994,-0.0656,-0.0733,-0.0684,-0.078,-0.0097,-0.1866,-0.0023,-0.006,1.0325,-0.0589,1.6012,0.000206,-0.0001,0.0
27.045,FLIGHT,1.0075,1.599,-0.0686,-0.0783,-0.0711,-0.0825,-0.0097,-0.1866,-0.0022,-0.0064,1.0316,-0.0585,1.6012,0.000205,-0.0001,0.0
27.05,FLIGHT,1.0071,1.5985,-0.0712,-0.0828,-0.0733,-0.0866,-0.0097,-0.1866,-0.0021,-0.0068,1.0307,-0.0581,1.6011,0.000205,-0.0001,0.0
27.055,FLIGHT,1.0068,1.5981,-0.0734,-0.0868,-0.0752,-0.0902,-0.0097,-0.1867,-0.002,-0.0072,1.0297,-0.0578,1.601,0.000204,-0.0001,0.0
27.06,FLIGHT,1.0064,1.5976,-0.0753,-0.0903,-0.0768,-0.0933,-0.0098,-0.1867,-0.0018,-0.0075,1.0288,-0.0574,1.6009,0.000204,-0.0001,0.0
27.065,FLIGHT,1.006,1.5972,-0.0768,-0.0934,-0.0779,-0.096,-0.0098,-0.1867,-0.0017,-0.0077,1.0278,-0.0571,1.6007,0.000204,-0.0001,0.0
27.07,FLIGHT,1.0056,1.5967,-0.0779,-0.0961,-0.0788,-0.0983,-0.0098,-0.1868,-0.0015,-0.008,1.0268,-0.0567,1.6006,0.000203,-0.0001,0.0
27.075,FLIGHT,1.0052,1.5962,-0.0787,-0.0983,-0.0794,-0.1001,-0.0098,-0.1868,-0.0014,-0.0082,1.0258,-0.0564,1.6005,0.000203,-0.0001,0.0
27.08,FLIGHT,1.0048,1.5957,-0.0793,-0.1002,-0.0796,-0.1016,-0.0098,-0.1869,-0.0013,-0.0083,1.0247,-0.0561,1.6003,0.000203,-0.0001,0.0
27.085,FLIGHT,1.0044,1.5952,-0.0795,-0.1016,-0.0796,-0.1027,-0.0098,-0.1869,-0.0011,-0.0084,1.0237,-0.0557,1.6002,0.000202,-0.0,0.0
27.09,FLIGHT,1.004,1.5947,-0.0795,-0.1027,-0.0793,-0.1034,-0.0098,-0.1869,-0.001,-0.0085,1.0226,-0.0554,1.6,0.000202,-0.0,0.0
27.095,FLIGHT,1.0036,1.5941,-0.0792,-0.1034,-0.0788,-0.1038,-0.0098,-0.187,-0.0008,-0.0086,1.0215,-0.0551,1.5998,0.000202,-0.0,0.0
27.1,FLIGHT,1.0032,1.5936,-0.0786,-0.1037,-0.078,-0.1039,-0.0098,-0.187,-0.0007,-0.0086,1.0205,-0.0549,1.5997,0.000202,-0.0,0.0
27.105,FLIGHT,1.0028,1.5931,-0.0778,-0.1038,-0.077,-0.1036,-0.0098,-0.1871,-0.0005,-0.0087,1.0194,-0.0546,1.5995,0.000202,-0.0,0.0
27.11,FLIGHT,1.0025,1.5926,-0.0768,-0.1035,-0.0759,-0.1031,-0.0098,-0.1871,-0.0004,-0.0086,1.0182,-0.0543,1.5993,0.000202,-0.0,0.0
27.115,FLIGHT,1.0021,1.5921,-0.0757,-0.1029,-0.0745,-0.1023,-0.0098,-0.1872,-0.0002,-0.0086,1.0171,-0.0541,1.5992,0.000202,-0.0,0.0
27.12,FLIGHT,1.0017,1.5916,-0.0743,-0.1021,-0.073,-0.1012,-0.0098,-0.1872,-0.0001,-0.0085,1.016,-0.0538,1.599,0.000201,-0.0,0.0
27.125,FLIGHT,1.0014,1.5911,-0.0727,-0.101,-0.0713,-0.0999,-0.0098,-0.1872,0.0001,-0.0084,1.0148,-0.0536,1.5988,0.000201,-0.0,0.0
27.13,FLIGHT,1.001,1.5906,-0.071,-0.0996,-0.0694,-0.0983,-0.0098,-0.1873,0.0002,-0.0083,1.0136,-0.0534,1.5986,0.000201,-0.0,0.0
27.135,FLIGHT,1.0007,1.5901,-0.0692,-0.0981,-0.0675,-0.0966,-0.0098,-0.1873,0.0003,-0.0082,1.0125,-0.0532,1.5985,0.000201,0.0,0.0
27.14,FLIGHT,1.0003,1.5896,-0.0672,-0.0963,-0.0654,-0.0946,-0.0098,-0.1874,0.0005,-0.0081,1.0113,-0.053,1.5983,0.000201,0.0,0.0
27.145,FLIGHT,1.0,1.5891,-0.0651,-0.0943,-0.0632,-0.0925,-0.0098,-0.1874,0.0006,-0.0079,1.0101,-0.0528,1.5981,0.000202,0.0,0.0
27.15,FLIGHT,0.9997,1.5887,-0.0629,-0.0922,-0.0609,-0.0902,-0.0098,-0.1874,0.0007,-0.0077,1.0088,-0.0527,1.598,0.000202,0.0,0.0
27.155,FLIGHT,0.9994,1.5882,-0.0607,-0.0899,-0.0586,-0.0877,-0.0098,-0.1875,0.0008,-0.0075,1.0076,-0.0525,1.5978,0.000202,0.0,0.0
27.16,FLIGHT,0.9991,1.5878,-0.0583,-0.0874,-0.0562,-0.0852,-0.0098,-0.1875,0.0009,-0.0073,1.0064,-0.0524,1.5976,0.000202,0.0,0.0
27.165,FLIGHT,0.9988,1.5874,-0.0559,-0.0848,-0.0537,-0.0825,-0.0098,-0.1876,0.001,-0.0071,1.0051,-0.0522,1.5975,0.000202,0.0,0.0
27.17,FLIGHT,0.9986,1.587,-0.0534,-0.0821,-0.0512,-0.0797,-0.0098,-0.1876,0.0011,-0.0069,1.0039,-0.0521,1.5973,0.000202,0.0,0.0
27.175,FLIGHT,0.9983,1.5866,-0.0509,-0.0793,-0.0486,-0.0768,-0.0098,-0.1876,0.0012,-0.0067,1.0026,-0.052,1.5972,0.000202,0.0,0.0
27.18,FLIGHT,0.9981,1.5862,-0.0484,-0.0764,-0.0461,-0.0738,-0.0098,-0.1877,0.0013,-0.0064,1.0013,-0.0519,1.597,0.000202,0.0,0.0
27.185,FLIGHT,0.9979,1.5858,-0.0458,-0.0734,-0.0435,-0.0707,-0.0098,-0.1877,0.0014,-0.0062,1.0,-0.0518,1.5969,0.000202,0.0,0.0
27.19,STANCE,0.9984,1.5863,0.0852,0.0685,0.4898,0.2996,-0.0097,-0.1876,0.0067,0.0054,0.999,0.0916,-0.2889,-0.000215,-0.2603,0.0523
27.195,STANCE,1.0031,1.5863,0.7021,-0.0068,0.9036,-0.1727,-0.0088,-0.1877,0.1327,-0.0068,0.9983,-0.3031,-0.8622,-0.001936,-0.2901,0.06
27.2,STANCE,1.0049,1.5864,0.4367,0.0167,0.1369,0.0798,-0.0085,-0.1877,0.0797,-0.0022,0.9982,-0.4651,-1.4719,-0.002546,-0.0259,0.0077
27.205,STANCE,1.0061,1.5859,0.3156,-0.0782,0.4023,-0.3349,-0.0082,-0.1877,0.0699,-0.0096,0.9984,-0.731,-1.9539,-0.002498,0.0351,0.0025
27.21,STANCE,1.0089,1.5817,0.4976,-0.69,0.5678,-1.8348,-0.0071,-0.1881,0.1882,-0.0645,0.9984,-1.1399,-2.0532,-0.002178,0.1306,0.0022
27.215,STANCE,1.0136,1.5733,0.8302,-1.367,1.2656,-1.9475,-0.0051,-0.1889,0.3457,-0.1225,0.9985,-1.5975,-1.8982,-0.001913,-0.0771,0.0173
27.22,STANCE,1.02,1.5599,1.1392,-2.3046,1.3497,-2.7289,-0.002,-0.1901,0.5388,-0.1954,0.9984,-2.0009,-1.3899,-0.002316,-0.0924,0.0208
27.225,STANCE,1.0257,1.5453,1.1227,-2.7425,1.0275,-3.0215,0.0011,-0.1913,0.6028,-0.2207,0.9984,-2.1373,-0.9075,-0.002446,0.0016,0.0024
27.23,STANCE,1.0303,1.5296,0.9605,-3.0481,0.7386,-3.3728,0.0043,-0.1925,0.6211,-0.2338,0.9983,-2.0427,-0.3557,-0.002696,-0.087,0.0201
27.235,STANCE,1.0332,1.5126,0.6916,-3.2789,0.512,-3.2417,0.0073,-0.1938,0.6083,-0.2415,0.9982,-1.724,0.2284,-0.003147,-0.0817,0.0195
27.24,STANCE,1.0345,1.496,0.3749,-3.2995,0.0905,-3.2533,0.0099,-0.195,0.5547,-0.2358,0.9981,-1.2282,0.7195,-0.003399,-0.0717,0.0177
27.245,STANCE,1.0339,1.4796,0.0203,-3.2763,-0.1966,-3.1307,0.0122,-0.1962,0.4859,-0.23,0.9981,-0.6324,1.1326,-0.003688,-0.0848,0.0207
27.25,STANCE,1.0321,1.4638,-0.2392,-3.1902,-0.3838,-3.0627,0.0142,-0.1973,0.4251,-0.221,0.9981,-0.1063,1.4132,-0.00392,-0.0475,0.0134
27.255,STANCE,1.0301,1.4487,-0.3452,-3.0656,-0.3714,-2.9458,0.016,-0.1984,0.3881,-0.2087,0.9982,0.1727,1.5275,-0.004038,-0.008,0.0056
27.26,FLIGHT,1.0282,1.4349,-0.3842,-2.8301,-0.6423,-2.3401,0.0177,-0.1993,0.3472,-0.1893,0.9984,-1.2911,2.5869,-0.004012,0.0375,0.004
27.265,FLIGHT,1.0228,1.4262,-0.9086,-2.0259,-1.5123,-1.1624,0.0179,-0.1999,0.1221,-0.146,0.999,-1.1351,2.4494,-0.003615,0.1174,0.0036
27.27,FLIGHT,1.0134,1.4229,-1.6051,-1.0439,-2.2137,-0.1874,0.0166,-0.2003,-0.1654,-0.0943,0.9998,-0.8591,2.2203,-0.002884,0.1702,0.0029
27.275,FLIGHT,1.0011,1.4239,-2.214,-0.1721,-2.6832,0.5193,0.0139,-0.2004,-0.4182,-0.0424,1.0008,-0.5657,1.9808,-0.001958,0.1961,0.002
27.28,FLIGHT,0.9869,1.4277,-2.6375,0.4836,-2.9253,0.9654,0.0106,-0.2004,-0.5997,0.0058,1.002,-0.3042,1.7694,-0.00096,0.2001,0.001
27.285,FLIGHT,0.9721,1.4332,-2.8602,0.9084,-2.9748,1.1918,0.0068,-0.2001,-0.7049,0.0465,1.0033,-0.0938,1.6009,1.6e-05,0.186,0.0
27.29,FLIGHT,0.9575,1.4393,-2.9032,1.1307,-2.8723,1.2517,0.003,-0.1997,-0.7431,0.0768,1.0047,0.0618,1.478,0.000745,0.1095,0.0
27.295,FLIGHT,0.9436,1.4455,-2.8062,1.1937,-2.6694,1.1921,-0.0007,-0.1993,-0.7297,0.0956,1.006,0.1686,1.3955,0.001151,0.0564,0.0
27.3,FLIGHT,0.9309,1.4511,-2.6111,1.142,-2.4034,1.0568,-0.004,-0.1988,-0.6805,0.1031,1.0073,0.235,1.3465,0.001339,0.0215,0.0
27.305,FLIGHT,0.9196,1.456,-2.3535,1.0162,-2.1039,0.881,-0.007,-0.1983,-0.6091,0.101,1.0086,0.2697,1.3236,0.001386,-0.0007,0.0001
27.31,FLIGHT,0.9099,1.4599,-2.0623,0.8501,-1.7934,0.6914,-0.0094,-0.1979,-0.5263,0.0919,1.0098,0.2806,1.3199,0.001347,-0.0139,0.0028
27.315,FLIGHT,0.9017,1.4629,-1.7596,0.6693,-1.4886,0.5068,-0.0115,-0.1976,-0.44,0.0782,1.011,0.2745,1.3296,0.001257,-0.0212,0.0042
27.32,FLIGHT,0.8949,1.465,-1.4616,0.4924,-1.2004,0.3398,-0.0131,-0.1973,-0.3559,0.0624,1.0121,0.257,1.3479,0.001142,-0.0245,0.0049
27.325,FLIGHT,0.8896,1.4663,-1.1793,0.3318,-0.9357,0.1978,-0.0143,-0.1971,-0.2778,0.0464,1.0132,0.2326,1.3709,0.001017,-0.0252,0.005
27.33,FLIGHT,0.8855,1.467,-0.9195,0.195,-0.6984,0.0844,-0.0152,-0.197,-0.2077,0.0314,1.0142,0.2046,1.3959,0.000892,-0.0243,0.0049
27.335,FLIGHT,0.8826,1.4672,-0.6862,0.0856,-0.4894,0.0002,-0.0158,-0.1969,-0.1467,0.0186,1.0151,0.1755,1.4208,0.000775,-0.0224,0.0045
27.34,FLIGHT,0.8806,1.4671,-0.4804,0.0043,-0.3085,-0.0561,-0.0162,-0.1969,-0.0952,0.0082,1.016,0.147,1.4442,0.000669,-0.02,0.004
27.345,FLIGHT,0.8794,1.4667,-0.302,-0.05,-0.154,-0.0871,-0.0164,-0.1969,-0.0527,0.0004,1.0169,0.1205,1.4655,0.000576,-0.0174,0.0035
27.35,FLIGHT,0.879,1.4662,-0.1493,-0.0796,-0.0234,-0.096,-0.0164,-0.1969,-0.0186,-0.0047,1.0178,0.0964,1.484,0.000496,-0.0147,0.0029
27.355,FLIGHT,0.8792,1.4658,-0.02,-0.0878,0.0859,-0.0865,-0.0163,-0.197,0.008,-0.0076,1.0187,0.0752,1.4998,0.000428,-0.0122,0.0024
27.36,FLIGHT,0.8798,1.4654,0.0883,-0.078,0.1768,-0.0621,-0.0161,-0.197,0.028,-0.0084,1.0195,0.057,1.5128,0.000373,-0.0099,0.002
27.365,FLIGHT,0.8809,1.4652,0.1785,-0.0536,0.2519,-0.0263,-0.0159,-0.1971,0.0425,-0.0077,1.0204,0.0416,1.5233,0.000329,-0.0079,0.0016
27.37,FLIGHT,0.8823,1.4652,0.2532,-0.0181,0.3139,0.0179,-0.0156,-0.1971,0.0524,-0.0056,1.0212,0.0289,1.5315,0.000294,-0.0062,0.0012
27.375,FLIGHT,0.884,1.4654,0.3149,0.0257,0.3651,0.0677,-0.0153,-0.1971,0.0586,-0.0025,1.022,0.0185,1.5377,0.000267,-0.0047,0.0009
27.38,FLIGHT,0.886,1.4658,0.366,0.0749,0.4075,0.1208,-0.015,-0.1971,0.0619,0.0012,1.0228,0.0102,1.5423,0.000246,-0.0035,0.0007
27.385,FLIGHT,0.8881,1.4666,0.4083,0.1274,0.4428,0.1752,-0.0146,-0.1971,0.0631,0.0054,1.0236,0.0036,1.5456,0.000231,-0.0025,0.0005
27.39,FLIGHT,0.8904,1.4676,0.4436,0.1812,0.4725,0.2295,-0.0143,-0.197,0.0626,0.0098,1.0244,-0.0017,1.5479,0.000221,-0.0017,0.0003
27.395,FLIGHT,0.8928,1.4689,0.4732,0.2348,0.4975,0.2825,-0.014,-0.1969,0.0611,0.0142,1.0252,-0.0058,1.5494,0.000214,-0.0011,0.0002
27.4,FLIGHT,0.8954,1.4704,0.4983,0.2872,0.5189,0.3331,-0.0137,-0.1968,0.0588,0.0186,1.026,-0.0091,1.5503,0.000209,-0.0006,0.0001
27.405,FLIGHT,0.898,1.4722,0.5197,0.3372,0.5374,0.3809,-0.0135,-0.1967,0.0561,0.0229,1.0268,-0.0117,1.5508,0.000207,-0.0003,0.0001
27.41,FLIGHT,0.9007,1.4742,0.5381,0.3844,0.5535,0.4253,-0.0132,-0.1966,0.0531,0.0269,1.0276,-0.0139,1.5511,0.000206,-0.0,0.0
27.415,FLIGHT,0.9035,1.4764,0.5541,0.4283,0.5675,0.4661,-0.013,-0.1964,0.0502,0.0307,1.0284,-0.0157,1.5513,0.000207,0.0002,0.0
27.42,FLIGHT,0.9064,1.4789,0.5681,0.4686,0.5797,0.5031,-0.0127,-0.1962,0.0472,0.0342,1.0291,-0.0173,1.5515,0.000208,0.0003,0.0
27.425,FLIGHT,0.9093,1.4815,0.5802,0.5053,0.5903,0.5364,-0.0125,-0.196,0.0445,0.0373,1.0299,-0.0189,1.5517,0.00021,0.0004,0.0
27.43,FLIGHT,0.9123,1.4842,0.5907,0.5381,0.5995,0.5659,-0.0123,-0.1958,0.0419,0.0402,1.0306,-0.0203,1.552,0.000212,0.0005,0.0
27.435,FLIGHT,0.9153,1.4871,0.5998,0.5673,0.6072,0.5919,-0.0121,-0.1956,0.0395,0.0428,1.0314,-0.0218,1.5523,0.000214,0.0005,0.0
27.44,FLIGHT,0.9184,1.4901,0.6073,0.593,0.6135,0.6143,-0.0119,-0.1954,0.0374,0.0451,1.0321,-0.0233,1.5528,0.000217,0.0005,0.0
27.445,FLIGHT,0.9215,1.4933,0.6135,0.6151,0.6185,0.6335,-0.0118,-0.1951,0.0354,0.0471,1.0329,-0.0248,1.5534,0.000219,0.0005,0.0
27.45,FLIGHT,0.9246,1.4965,0.6183,0.634,0.622,0.6495,-0.0116,-0.1949,0.0336,0.0488,1.0336,-0.0264,1.5542,0.000222,0.0005,0.0
27.455,FLIGHT,0.9277,1.4997,0.6218,0.6498,0.6243,0.6625,-0.0114,-0.1946,0.032,0.0502,1.0343,-0.028,1.5551,0.000224,0.0005,0.0
27.46,FLIGHT,0.9308,1.5031,0.6239,0.6626,0.6251,0.6728,-0.0113,-0.1944,0.0305,0.0515,1.035,-0.0297,1.556,0.000227,0.0005,0.0
27.465,FLIGHT,0.9339,1.5065,0.6246,0.6727,0.6246,0.6805,-0.0111,-0.1941,0.0291,0.0525,1.0356,-0.0314,1.5571,0.000229,0.0004,0.0
27.47,FLIGHT,0.937,1.5099,0.624,0.6802,0.6228,0.6858,-0.011,-0.1938,0.0278,0.0532,1.0363,-0.0331,1.5583,0.000231,0.0004,0.0
27.475,FLIGHT,0.9401,1.5133,0.622,0.6853,0.6197,0.6888,-0.0109,-0.1936,0.0266,0.0538,1.0369,-0.0348,1.5595,0.000233,0.0004,0.0
27.48,FLIGHT,0.9432,1.5168,0.6188,0.6881,0.6153,0.6897,-0.0107,-0.1933,0.0254,0.0542,1.0376,-0.0366,1.5608,0.000235,0.0003,0.0
27.485,FLIGHT,0.9463,1.5202,0.6143,0.6888,0.6096,0.6886,-0.0106,-0.193,0.0243,0.0544,1.0382,-0.0383,1.5621,0.000236,0.0003,0.0
27.49,FLIGHT,0.9493,1.5237,0.6085,0.6876,0.6028,0.6856,-0.0105,-0.1928,0.0232,0.0545,1.0388,-0.04,1.5635,0.000238,0.0003,0.0
27.495,FLIGHT,0.9523,1.5271,0.6015,0.6845,0.5948,0.6809,-0.0104,-0.1925,0.0221,0.0544,1.0393,-0.0417,1.5649,0.000239,0.0002,0.0
27.5,FLIGHT,0.9553,1.5305,0.5935,0.6797,0.5857,0.6747,-0.0103,-0.1922,0.0211,0.0542,1.0399,-0.0433,1.5663,0.00024,0.0002,0.0
27.505,FLIGHT,0.9582,1.5338,0.5843,0.6733,0.5756,0.6669,-0.0102,-0.1919,0.0201,0.0538,1.0404,-0.0449,1.5677,0.000241,0.0002,0.0
27.51,FLIGHT,0.961,1.5371,0.5741,0.6655,0.5645,0.6578,-0.0101,-0.1917,0.0191,0.0533,1.0409,-0.0465,1.5691,0.000241,0.0001,0.0
27.515,FLIGHT,0.9638,1.5404,0.5629,0.6562,0.5525,0.6474,-0.01,-0.1914,0.0181,0.0527,1.0414,-0.048,1.5705,0.000242,0.0001,0.0
27.52,FLIGHT,0.9666,1.5436,0.5509,0.6457,0.5397,0.6358,-0.0099,-0.1912,0.0171,0.052,1.0418,-0.0495,1.5719,0.000243,0.0001,0.0
27.525,FLIGHT,0.9692,1.5467,0.538,0.634,0.5261,0.6231,-0.0099,-0.1909,0.0161,0.0511,1.0422,-0.0509,1.5733,0.000243,0.0001,0.0
27.53,FLIGHT,0.9718,1.5498,0.5244,0.6213,0.5118,0.6094,-0.0098,-0.1907,0.0152,0.0502,1.0426,-0.0522,1.5747,0.000243,0.0,0.0
27.535,FLIGHT,0.9743,1.5528,0.51,0.6075,0.4969,0.5948,-0.0097,-0.1904,0.0142,0.0492,1.043,-0.0535,1.5761,0.000243,0.0,0.0
27.54,FLIGHT,0.9768,1.5558,0.4951,0.5928,0.4815,0.5793,-0.0096,-0.1902,0.0133,0.0481,1.0433,-0.0547,1.5774,0.000243,-0.0,0.0
27.545,FLIGHT,0.9792,1.5586,0.4796,0.5774,0.4655,0.5631,-0.0096,-0.1899,0.0123,0.0469,1.0437,-0.0558,1.5787,0.000243,-0.0,0.0
27.55,FLIGHT,0.9814,1.5614,0.4636,0.5611,0.4491,0.5463,-0.0095,-0.1897,0.0114,0.0457,1.0439,-0.0569,1.58,0.000243,-0.0001,0.0
27.555,FLIGHT,0.9836,1.5641,0.4472,0.5442,0.4324,0.5288,-0.0095,-0.1895,0.0106,0.0444,1.0442,-0.0579,1.5812,0.000242,-0.0001,0.0
27.56,FLIGHT,0.9858,1.5667,0.4305,0.5268,0.4154,0.5109,-0.0094,-0.1893,0.0097,0.0431,1.0444,-0.0588,1.5824,0.000242,-0.0001,0.0
27.565,FLIGHT,0.9878,1.5692,0.4135,0.5088,0.3981,0.4925,-0.0094,-0.1891,0.0089,0.0417,1.0446,-0.0597,1.5836,0.000241,-0.0001,0.0
27.57,FLIGHT,0.9897,1.5716,0.3962,0.4904,0.3807,0.4737,-0.0093,-0.1889,0.0081,0.0402,1.0448,-0.0605,1.5847,0.000241,-0.0001,0.0
27.575,FLIGHT,0.9916,1.5739,0.3788,0.4716,0.3631,0.4546,-0.0093,-0.1887,0.0073,0.0388,1.0449,-0.0612,1.5858,0.00024,-0.0001,0.0
27.58,FLIGHT,0.9934,1.5762,0.3612,0.4525,0.3455,0.4353,-0.0093,-0.1885,0.0065,0.0372,1.045,-0.0619,1.5868,0.000239,-0.0002,0.0
27.585,FLIGHT,0.9951,1.5783,0.3436,0.4332,0.3279,0.4158,-0.0093,-0.1883,0.0058,0.0357,1.045,-0.0625,1.5879,0.000238,-0.0002,0.0
27.59,FLIGHT,0.9967,1.5803,0.326,0.4137,0.3103,0.3962,-0.0092,-0.1882,0.0051,0.0342,1.0451,-0.0631,1.5889,0.000238,-0.0002,0.0
27.595,FLIGHT,0.9982,1.5823,0.3085,0.3941,0.2928,0.3765,-0.0092,-0.188,0.0044,0.0326,1.0451,-0.0636,1.5898,0.000237,-0.0002,0.0
27.6,FLIGHT,0.9996,1.5841,0.291,0.3745,0.2754,0.3568,-0.0092,-0.1879,0.0038,0.031,1.045,-0.064,1.5907,0.000236,-0.0002,0.0
27.605,FLIGHT,1.0009,1.5858,0.2736,0.3548,0.2582,0.3372,-0.0092,-0.1877,0.0031,0.0294,1.045,-0.0644,1.5916,0.000235,-0.0002,0.0
27.61,FLIGHT,1.0022,1.5875,0.2565,0.3352,0.2412,0.3177,-0.0092,-0.1876,0.0026,0.0278,1.0449,-0.0647,1.5924,0.000234,-0.0002,0.0
27.615,FLIGHT,1.0033,1.589,0.2395,0.3157,0.2244,0.2983,-0.0092,-0.1874,0.002,0.0263,1.0447,-0.065,1.5932,0.000232,-0.0002,0.0
27.62,FLIGHT,1.0044,1.5904,0.2228,0.2964,0.208,0.2792,-0.0091,-0.1873,0.0015,0.0247,1.0446,-0.0652,1.5939,0.000231,-0.0002,0.0
27.625,FLIGHT,1.0054,1.5918,0.2064,0.2773,0.1918,0.2602,-0.0091,-0.1872,0.001,0.0231,1.0444,-0.0654,1.5946,0.00023,-0.0002,0.0
27.63,FLIGHT,1.0063,1.593,0.1903,0.2584,0.176,0.2415,-0.0091,-0.1871,0.0005,0.0216,1.0441,-0.0655,1.5953,0.000229,-0.0002,0.0
27.635,FLIGHT,1.0072,1.5942,0.1746,0.2397,0.1606,0.2232,-0.0091,-0.187,0.0001,0.0201,1.0439,-0.0656,1.596,0.000228,-0.0002,0.0
27.64,FLIGHT,1.0079,1.5953,0.1592,0.2214,0.1456,0.2052,-0.0091,-0.1869,-0.0003,0.0185,1.0436,-0.0656,1.5965,0.000227,-0.0002,0.0
27.645,FLIGHT,1.0086,1.5963,0.1442,0.2035,0.131,0.1876,-0.0092,-0.1868,-0.0007,0.0171,1.0433,-0.0656,1.5971,0.000226,-0.0002,0.0
27.65,FLIGHT,1.0092,1.5972,0.1296,0.1859,0.1168,0.1703,-0.0092,-0.1868,-0.001,0.0156,1.0429,-0.0656,1.5976,0.000225,-0.0002,0.0
27.655,FLIGHT,1.0098,1.598,0.1155,0.1687,0.1031,0.1535,-0.0092,-0.1867,-0.0013,0.0142,1.0425,-0.0655,1.5981,0.000224,-0.0002,0.0
27.66,FLIGHT,1.0103,1.5987,0.1018,0.152,0.0898,0.1372,-0.0092,-0.1866,-0.0016,0.0128,1.0421,-0.0654,1.5986,0.000223,-0.0002,0.0
27.665,FLIGHT,1.0107,1.5993,0.0886,0.1357,0.077,0.1214,-0.0092,-0.1866,-0.0019,0.0115,1.0416,-0.0653,1.599,0.000221,-0.0002,0.0
27.67,FLIGHT,1.011,1.5999,0.0759,0.1199,0.0648,0.106,-0.0092,-0.1865,-0.0021,0.0102,1.0412,-0.0651,1.5994,0.00022,-0.0002,0.0
27.675,FLIGHT,1.0113,1.6004,0.0637,0.1046,0.053,0.0912,-0.0092,-0.1865,-0.0023,0.0089,1.0407,-0.0649,1.5997,0.000219,-0.0002,0.0
27.68,FLIGHT,1.0116,1.6008,0.052,0.0899,0.0418,0.0768,-0.0092,-0.1865,-0.0025,0.0077,1.0401,-0.0647,1.6,0.000218,-0.0002,0.0
27.685,FLIGHT,1.0118,1.6012,0.0408,0.0756,0.031,0.0631,-0.0092,-0.1864,-0.0026,0.0065,1.0396,-0.0644,1.6003,0.000217,-0.0002,0.0
27.69,FLIGHT,1.0119,1.6015,0.0302,0.0619,0.0208,0.0499,-0.0092,-0.1864,-0.0028,0.0053,1.039,-0.0642,1.6006,0.000216,-0.0002,0.0
27.695,FLIGHT,1.012,1.6017,0.02,0.0487,0.0112,0.0372,-0.0093,-0.1864,-0.0029,0.0042,1.0384,-0.0639,1.6008,0.000215,-0.0002,0.0
27.7,FLIGHT,1.012,1.6018,0.0104,0.0361,0.002,0.0251,-0.0093,-0.1864,-0.003,0.0032,1.0377,-0.0636,1.601,0.000214,-0.0002,0.0
27.705,FLIGHT,1.012,1.6019,0.0013,0.0241,-0.0066,0.0136,-0.0093,-0.1864,-0.003,0.0022,1.037,-0.0632,1.6011,0.000214,-0.0002,0.0
27.71,FLIGHT,1.0119,1.602,-0.0073,0.0126,-0.0148,0.0026,-0.0093,-0.1864,-0.0031,0.0012,1.0363,-0.0629,1.6013,0.000213,-0.0002,0.0
27.715,FLIGHT,1.0118,1.6019,-0.0154,0.0017,-0.0224,-0.0077,-0.0093,-0.1864,-0.0031,0.0003,1.0356,-0.0626,1.6014,0.000212,-0.0002,0.0
27.72,FLIGHT,1.0117,1.6019,-0.0229,-0.0086,-0.0295,-0.0175,-0.0093,-0.1864,-0.0031,-0.0006,1.0349,-0.0622,1.6015,0.000211,-0.0002,0.0
27.725,FLIGHT,1.0115,1.6018,-0.03,-0.0183,-0.036,-0.0268,-0.0094,-0.1864,-0.0031,-0.0014,1.0341,-0.0618,1.6016,0.00021,-0.0002,0.0
27.73,FLIGHT,1.0114,1.6016,-0.0365,-0.0275,-0.0421,-0.0354,-0.0094,-0.1864,-0.0031,-0.0022,1.0333,-0.0615,1.6016,0.00021,-0.0001,0.0
27.735,FLIGHT,1.0111,1.6014,-0.0425,-0.0361,-0.0477,-0.0435,-0.0094,-0.1864,-0.003,-0.0029,1.0325,-0.0611,1.6016,0.000209,-0.0001,0.0
27.74,FLIGHT,1.0109,1.6012,-0.0481,-0.0441,-0.0529,-0.0511,-0.0094,-0.1864,-0.003,-0.0036,1.0317,-0.0607,1.6017,0.000208,-0.0001,0.0
27.745,FLIGHT,1.0106,1.6009,-0.0532,-0.0516,-0.0575,-0.0581,-0.0094,-0.1864,-0.0029,-0.0042,1.0308,-0.0603,1.6016,0.000207,-0.0001,0.0
27.75,FLIGHT,1.0103,1.6006,-0.0578,-0.0586,-0.0618,-0.0645,-0.0094,-0.1865,-0.0028,-0.0048,1.03,-0.0599,1.6016,0.000207,-0.0001,0.0
27.755,FLIGHT,1.01,1.6003,-0.062,-0.065,-0.0655,-0.0705,-0.0094,-0.1865,-0.0028,-0.0053,1.0291,-0.0595,1.6016,0.000206,-0.0001,0.0
27.76,FLIGHT,1.0096,1.5999,-0.0657,-0.0708,-0.0689,-0.0759,-0.0095,-0.1865,-0.0027,-0.0058,1.0281,-0.0591,1.6015,0.000206,-0.0001,0.0
27.765,FLIGHT,1.0093,1.5995,-0.069,-0.0762,-0.0718,-0.0808,-0.0095,-0.1866,-0.0026,-0.0063,1.0272,-0.0588,1.6014,0.000205,-0.0001,0.0
27.77,FLIGHT,1.0089,1.5991,-0.0719,-0.081,-0.0743,-0.0852,-0.0095,-0.1866,-0.0024,-0.0067,1.0263,-0.0584,1.6014,0.000205,-0.0001,0.0
27.775,FLIGHT,1.0086,1.5987,-0.0744,-0.0854,-0.0765,-0.0891,-0.0095,-0.1866,-0.0023,-0.007,1.0253,-0.058,1.6013,0.000204,-0.0001,0.0
27.78,FLIGHT,1.0082,1.5982,-0.0765,-0.0893,-0.0782,-0.0925,-0.0095,-0.1867,-0.0022,-0.0074,1.0243,-0.0576,1.6011,0.000204,-0.0001,0.0
27.785,FLIGHT,1.0078,1.5977,-0.0783,-0.0927,-0.0797,-0.0955,-0.0095,-0.1867,-0.0021,-0.0077,1.0233,-0.0573,1.601,0.000204,-0.0001,0.0
27.79,FLIGHT,1.0074,1.5972,-0.0797,-0.0956,-0.0807,-0.0981,-0.0095,-0.1867,-0.0019,-0.0079,1.0223,-0.0569,1.6009,0.000203,-0.0001,0.0
27.795,FLIGHT,1.007,1.5968,-0.0807,-0.0982,-0.0815,-0.1002,-0.0095,-0.1868,-0.0018,-0.0081,1.0212,-0.0566,1.6008,0.000203,-0.0001,0.0
27.8,FLIGHT,1.0066,1.5962,-0.0814,-0.1003,-0.082,-0.102,-0.0095,-0.1868,-0.0016,-0.0083,1.0202,-0.0562,1.6006,0.000203,-0.0001,0.0
27.805,FLIGHT,1.0061,1.5957,-0.0819,-0.102,-0.0821,-0.1033,-0.0095,-0.1869,-0.0015,-0.0085,1.0191,-0.0559,1.6005,0.000202,-0.0,0.0
27.81,FLIGHT,1.0057,1.5952,-0.082,-0.1033,-0.082,-0.1043,-0.0095,-0.1869,-0.0013,-0.0086,1.018,-0.0556,1.6003,0.000202,-0.0,0.0
27.815,FLIGHT,1.0053,1.5947,-0.0819,-0.1042,-0.0816,-0.1049,-0.0096,-0.187,-0.0012,-0.0087,1.017,-0.0553,1.6001,0.000202,-0.0,0.0
27.82,FLIGHT,1.0049,1.5942,-0.0815,-0.1048,-0.081,-0.1051,-0.0096,-0.187,-0.001,-0.0087,1.0158,-0.055,1.6,0.000202,-0.0,0.0
27.825,FLIGHT,1.0045,1.5936,-0.0808,-0.105,-0.0801,-0.1051,-0.0096,-0.187,-0.0009,-0.0087,1.0147,-0.0547,1.5998,0.000202,-0.0,0.0
27.83,FLIGHT,1.0041,1.5931,-0.08,-0.1049,-0.0791,-0.1047,-0.0096,-0.1871,-0.0007,-0.0087,1.0136,-0.0544,1.5996,0.000201,-0.0,0.0
27.835,FLIGHT,1.0037,1.5926,-0.0789,-0.1045,-0.0778,-0.1041,-0.0096,-0.1871,-0.0006,-0.0087,1.0124,-0.0542,1.5995,0.000201,-0.0,0.0
27.84,FLIGHT,1.0033,1.5921,-0.0776,-0.1039,-0.0764,-0.1031,-0.0096,-0.1872,-0.0004,-0.0087,1.0113,-0.0539,1.5993,0.000201,-0.0,0.0
27.845,FLIGHT,1.003,1.5916,-0.0762,-0.1029,-0.0748,-0.1019,-0.0096,-0.1872,-0.0003,-0.0086,1.0101,-0.0537,1.5991,0.000201,-0.0,0.0
27.85,FLIGHT,1.0026,1.5911,-0.0745,-0.1017,-0.073,-0.1005,-0.0096,-0.1873,-0.0002,-0.0085,1.0089,-0.0535,1.5989,0.000201,-0.0,0.0
27.855,FLIGHT,1.0022,1.5906,-0.0728,-0.1003,-0.0711,-0.0989,-0.0096,-0.1873,-0.0,-0.0084,1.0077,-0.0533,1.5987,0.000201,0.0,0.0
27.86,FLIGHT,1.0019,1.5901,-0.0708,-0.0986,-0.0691,-0.097,-0.0096,-0.1873,0.0001,-0.0082,1.0065,-0.0531,1.5986,0.000201,0.0,0.0
27.865,FLIGHT,1.0015,1.5896,-0.0688,-0.0967,-0.0669,-0.095,-0.0096,-0.1874,0.0002,-0.0081,1.0053,-0.0529,1.5984,0.000201,0.0,0.0
27.87,FLIGHT,1.0012,1.5891,-0.0667,-0.0947,-0.0647,-0.0927,-0.0096,-0.1874,0.0003,-0.0079,1.004,-0.0527,1.5982,0.000201,0.0,0.0
27.875,FLIGHT,1.0009,1.5887,-0.0644,-0.0924,-0.0624,-0.0904,-0.0096,-0.1875,0.0005,-0.0077,1.0028,-0.0525,1.5981,0.000201,0.0,0.0
27.88,FLIGHT,1.0006,1.5882,-0.0621,-0.0901,-0.06,-0.0878,-0.0096,-0.1875,0.0006,-0.0075,1.0015,-0.0524,1.5979,0.000201,0.0,0.0
27.885,FLIGHT,1.0003,1.5878,-0.0597,-0.0875,-0.0575,-0.0852,-0.0096,-0.1875,0.0007,-0.0073,1.0003,-0.0522,1.5977,0.000202,0.0,0.0
27.89,STANCE,1.0003,1.5878,-0.0015,-0.0091,0.2379,0.3156,-0.0096,-0.1875,0.001,-0.0008,0.9992,0.1241,-0.1477,2.1e-05,-0.1802,0.036
27.895,STANCE,1.0042,1.5883,0.5787,0.0306,1.2423,-0.2544,-0.0089,-0.1875,0.1044,-0.0024,0.9984,-0.2165,-0.7593,-0.001502,-0.379,0.0773
27.9,STANCE,1.007,1.5879,0.5049,-0.0177,0.1727,0.0692,-0.0083,-0.1876,0.0971,-0.0058,0.9982,-0.4429,-1.3437,-0.002388,-0.0476,0.0119
27.905,STANCE,1.008,1.5877,0.3111,-0.049,0.3298,-0.2405,-0.0081,-0.1876,0.065,-0.0069,0.9984,-0.6753,-1.8733,-0.002403,0.028,0.0024
27.91,STANCE,1.0107,1.5847,0.4876,-0.4715,0.6239,-1.3475,-0.0072,-0.1879,0.1562,-0.0452,0.9985,-1.0812,-2.0902,-0.002167,0.0953,0.0022
27.915,STANCE,1.0147,1.5764,0.7395,-1.2727,1.1278,-1.7583,-0.0053,-0.1886,0.3151,-0.1144,0.9986,-1.5147,-1.9278,-0.001747,-0.0199,0.0057
27.92,STANCE,1.0208,1.5638,1.0736,-2.1917,1.3189,-3.0259,-0.0024,-0.1897,0.5096,-0.1872,0.9984,-1.9426,-1.4738,-0.00216,-0.1219,0.0265
27.925,STANCE,1.0268,1.5494,1.1145,-2.7068,0.9343,-3.1966,0.0008,-0.1909,0.5951,-0.2194,0.9984,-2.1336,-0.9907,-0.002499,0.0093,0.0025
27.93,STANCE,1.0313,1.5342,0.9616,-2.9343,0.9351,-2.906,0.0038,-0.1921,0.6039,-0.2269,0.9984,-2.0729,-0.4952,-0.002456,-0.1042,0.0233
27.935,STANCE,1.0343,1.5178,0.6761,-3.193,0.3419,-3.4533,0.0067,-0.1934,0.5916,-0.2375,0.9982,-1.7773,0.0878,-0.002977,-0.1339,0.0298
27.94,STANCE,1.0356,1.5012,0.3791,-3.2794,-0.0711,-3.5197,0.0094,-0.1946,0.5515,-0.2365,0.9981,-1.3145,0.6107,-0.003499,-0.0238,0.0083
27.945,STANCE,1.0356,1.4851,0.1328,-3.2131,-0.1481,-3.2127,0.0117,-0.1958,0.4978,-0.226,0.9981,-0.7727,1.0228,-0.003672,0.0065,0.0037
27.95,STANCE,1.0345,1.4695,-0.1083,-3.1334,-0.3142,-3.0839,0.0138,-0.1969,0.4419,-0.2168,0.9981,-0.2386,1.3312,-0.003902,-0.0449,0.0129
27.955,STANCE,1.0328,1.4543,-0.2692,-3.0622,-0.2488,-2.8568,0.0157,-0.1979,0.4022,-0.2085,0.9981,0.1128,1.5008,-0.004058,-0.1023,0.0245
27.96,STANCE,1.0318,1.4404,-0.2136,-2.8615,-0.1371,-2.7004,0.0176,-0.1989,0.3856,-0.1891,0.9983,0.1239,1.4706,-0.004476,-0.0673,0.0179
27.965,STANCE,1.0314,1.4273,-0.118,-2.6987,-0.0296,-2.5668,0.0195,-0.1997,0.3823,-0.1719,0.9985,0.0867,1.4383,-0.004736,-0.0368,0.0121
27.97,STANCE,1.0315,1.4147,-0.0255,-2.5639,0.0496,-2.4531,0.0214,-0.2005,0.3825,-0.1568,0.9989,0.0496,1.4158,-0.004846,-0.0074,0.0063
27.975,FLIGHT,1.0314,1.4032,-0.0345,-2.3547,-0.3257,-1.8608,0.0232,-0.2012,0.3507,-0.1402,0.9993,-1.4467,2.6778,-0.004782,0.0506,0.0048
27.98,FLIGHT,1.0273,1.3971,-0.6294,-1.5097,-1.3156,-0.5885,0.0232,-0.2016,0.1026,-0.1036,1.0,-1.2703,2.5277,-0.0043,0.1377,0.0043
27.985,FLIGHT,1.0186,1.3969,-1.4217,-0.4588,-2.1148,0.4583,0.0215,-0.2018,-0.2175,-0.0582,1.001,-0.9571,2.2731,-0.003456,0.1948,0.0035
27.99,FLIGHT,1.0066,1.4012,-2.1158,0.4715,-2.6515,1.2051,0.0184,-0.2018,-0.498,-0.0095,1.0022,-0.626,2.0071,-0.002403,0.2221,0.0024
27.995,FLIGHT,0.9925,1.4085,-2.6008,1.1611,-2.9322,1.6612,0.0145,-0.2016,-0.6974,0.0387,1.0035,-0.3333,1.7734,-0.001276,0.2252,0.0013
28.0,FLIGHT,0.9776,1.4174,-2.8602,1.5936,-2.9979,1.8731,0.0102,-0.2012,-0.8104,0.0814,1.005,-0.1001,1.5882,-0.000179,0.2113,0.0002
28.005,FLIGHT,0.9628,1.4269,-2.9198,1.8013,-2.8955,1.901,0.0058,-0.2006,-0.8483,0.1144,1.0064,0.0707,1.4542,0.000702,0.1346,0.0
28.01,FLIGHT,0.9488,1.4362,-2.8234,1.8334,-2.682,1.7986,0.0017,-0.2,-0.8287,0.1352,1.0079,0.1862,1.3656,0.001206,0.0713,0.0
28.015,FLIGHT,0.9361,1.4447,-2.6192,1.7402,-2.4005,1.6145,-0.0021,-0.1993,-0.7698,0.1436,1.0093,0.2567,1.3141,0.001451,0.0295,0.0
28.02,FLIGHT,0.9249,1.4523,-2.3474,1.567,-2.0837,1.3877,-0.0054,-0.1987,-0.687,0.1412,1.0106,0.2922,1.2913,0.001526,0.0029,0.0
28.025,FLIGHT,0.9153,1.4586,-2.04,1.3509,-1.7566,1.1473,-0.0082,-0.1981,-0.5926,0.1305,1.0119,0.302,1.2895,0.001497,-0.0133,0.0027
28.03,FLIGHT,0.9073,1.4637,-1.7214,1.1205,-1.4367,0.9143,-0.0105,-0.1975,-0.4952,0.1145,1.013,0.2935,1.3022,0.001406,-0.0223,0.0045
28.035,FLIGHT,0.9009,1.4678,-1.4091,0.896,-1.1359,0.7021,-0.0123,-0.1971,-0.401,0.0958,1.0142,0.273,1.3239,0.001282,-0.0265,0.0053
28.04,FLIGHT,0.8959,1.4708,-1.1147,0.6909,-0.8616,0.5186,-0.0137,-0.1968,-0.3139,0.0765,1.0152,0.2452,1.3507,0.001145,-0.0277,0.0055
28.045,FLIGHT,0.8922,1.473,-0.8456,0.5132,-0.6173,0.3677,-0.0147,-0.1965,-0.2361,0.0583,1.0162,0.2139,1.3794,0.001008,-0.027,0.0054
28.05,FLIGHT,0.8897,1.4745,-0.6056,0.3667,-0.4042,0.2499,-0.0154,-0.1964,-0.1688,0.0423,1.0171,0.1816,1.4078,0.000877,-0.0251,0.005
28.055,FLIGHT,0.8881,1.4756,-0.3959,0.2522,-0.2216,0.1637,-0.0159,-0.1963,-0.1119,0.0291,1.018,0.1503,1.4346,0.000758,-0.0226,0.0045
28.06,FLIGHT,0.8874,1.4762,-0.2159,0.1683,-0.0675,0.1062,-0.0161,-0.1962,-0.0652,0.0187,1.0189,0.1211,1.4588,0.000652,-0.0198,0.004
28.065,FLIGHT,0.8874,1.4767,-0.0638,0.1124,0.0606,0.0738,-0.0162,-0.1961,-0.0277,0.0112,1.0197,0.0947,1.48,0.00056,-0.0169,0.0034
28.07,FLIGHT,0.888,1.477,0.0629,0.0809,0.1658,0.0625,-0.0161,-0.1961,0.0014,0.0063,1.0205,0.0715,1.498,0.000483,-0.0141,0.0028
28.075,FLIGHT,0.889,1.4773,0.1671,0.0701,0.2512,0.0685,-0.0159,-0.1961,0.0233,0.0037,1.0213,0.0516,1.5129,0.000419,-0.0115,0.0023
28.08,FLIGHT,0.8905,1.4777,0.2518,0.0761,0.32,0.0879,-0.0157,-0.1961,0.0391,0.0029,1.022,0.0349,1.525,0.000367,-0.0092,0.0018
28.085,FLIGHT,0.8922,1.4782,0.3201,0.0952,0.3748,0.1173,-0.0154,-0.1961,0.0498,0.0036,1.0228,0.0211,1.5346,0.000326,-0.0073,0.0015
28.09,FLIGHT,0.8942,1.4789,0.3747,0.1242,0.4182,0.1537,-0.0151,-0.196,0.0566,0.0055,1.0235,0.0099,1.5419,0.000294,-0.0056,0.0011
28.095,FLIGHT,0.8964,1.4798,0.418,0.1602,0.4525,0.1947,-0.0148,-0.196,0.0601,0.0082,1.0243,0.001,1.5474,0.000269,-0.0042,0.0008
28.1,FLIGHT,0.8987,1.4808,0.4523,0.2005,0.4795,0.2379,-0.0145,-0.1959,0.0613,0.0114,1.025,-0.006,1.5513,0.000251,-0.0031,0.0006
28.105,FLIGHT,0.9012,1.4821,0.4794,0.2431,0.5009,0.2818,-0.0142,-0.1959,0.0608,0.0149,1.0257,-0.0115,1.5541,0.000238,-0.0022,0.0004
28.11,FLIGHT,0.9037,1.4837,0.5008,0.2864,0.5177,0.325,-0.0139,-0.1958,0.059,0.0186,1.0264,-0.0157,1.5559,0.000229,-0.0015,0.0003
28.115,FLIGHT,0.9063,1.4854,0.5177,0.3289,0.5312,0.3664,-0.0136,-0.1956,0.0564,0.0223,1.0272,-0.0189,1.5571,0.000223,-0.001,0.0002
28.12,FLIGHT,0.909,1.4873,0.5312,0.3698,0.542,0.4054,-0.0134,-0.1955,0.0534,0.0259,1.0279,-0.0214,1.5578,0.000219,-0.0005,0.0001
28.125,FLIGHT,0.9118,1.4894,0.542,0.4083,0.5506,0.4415,-0.0131,-0.1953,0.0501,0.0292,1.0286,-0.0234,1.5582,0.000217,-0.0002,0.0
28.13,FLIGHT,0.9145,1.4917,0.5507,0.4438,0.5576,0.4743,-0.0129,-0.1952,0.0469,0.0324,1.0293,-0.025,1.5584,0.000217,-0.0,0.0
28.135,FLIGHT,0.9173,1.4942,0.5577,0.4762,0.5632,0.5036,-0.0127,-0.195,0.0437,0.0353,1.0299,-0.0264,1.5586,0.000217,0.0001,0.0
28.14,FLIGHT,0.9202,1.4968,0.5632,0.5051,0.5676,0.5295,-0.0125,-0.1948,0.0407,0.0379,1.0306,-0.0276,1.5587,0.000218,0.0002,0.0
28.145,FLIGHT,0.923,1.4995,0.5676,0.5307,0.5709,0.552,-0.0123,-0.1946,0.0379,0.0402,1.0313,-0.0288,1.5589,0.000219,0.0003,0.0
28.15,FLIGHT,0.9259,1.5023,0.5708,0.5528,0.5732,0.5712,-0.0121,-0.1944,0.0354,0.0422,1.0319,-0.0299,1.5592,0.000221,0.0003,0.0
28.155,FLIGHT,0.9287,1.5052,0.573,0.5717,0.5745,0.5872,-0.012,-0.1942,0.0331,0.0439,1.0326,-0.0311,1.5596,0.000223,0.0004,0.0
28.16,FLIGHT,0.9316,1.5081,0.5742,0.5874,0.5749,0.6002,-0.0118,-0.1939,0.0311,0.0454,1.0332,-0.0323,1.5602,0.000225,0.0004,0.0
28.165,FLIGHT,0.9345,1.5112,0.5744,0.6002,0.5742,0.6103,-0.0117,-0.1937,0.0293,0.0466,1.0338,-0.0336,1.5608,0.000227,0.0004,0.0
28.17,FLIGHT,0.9374,1.5142,0.5737,0.6102,0.5725,0.6179,-0.0115,-0.1935,0.0276,0.0476,1.0344,-0.0349,1.5616,0.000228,0.0003,0.0
28.175,FLIGHT,0.9402,1.5173,0.5719,0.6176,0.5698,0.623,-0.0114,-0.1932,0.0261,0.0484,1.035,-0.0363,1.5624,0.00023,0.0003,0.0
28.18,FLIGHT,0.943,1.5205,0.5691,0.6225,0.5662,0.6259,-0.0113,-0.193,0.0248,0.049,1.0356,-0.0377,1.5634,0.000232,0.0003,0.0
28.185,FLIGHT,0.9459,1.5236,0.5653,0.6252,0.5614,0.6267,-0.0112,-0.1927,0.0236,0.0493,1.0361,-0.0391,1.5644,0.000233,0.0003,0.0
28.19,FLIGHT,0.9487,1.5267,0.5605,0.6259,0.5557,0.6256,-0.0111,-0.1925,0.0224,0.0496,1.0366,-0.0405,1.5655,0.000234,0.0002,0.0
28.195,FLIGHT,0.9514,1.5299,0.5547,0.6246,0.549,0.6227,-0.011,-0.1922,0.0214,0.0496,1.0371,-0.042,1.5667,0.000235,0.0002,0.0
28.2,FLIGHT,0.9541,1.533,0.5479,0.6216,0.5414,0.6182,-0.0109,-0.192,0.0204,0.0495,1.0376,-0.0435,1.5679,0.000236,0.0002,0.0
28.205,FLIGHT,0.9568,1.536,0.5402,0.617,0.5328,0.6122,-0.0108,-0.1917,0.0194,0.0492,1.0381,-0.0449,1.5691,0.000237,0.0002,0.0
28.21,FLIGHT,0.9595,1.5391,0.5315,0.6109,0.5233,0.6048,-0.0107,-0.1915,0.0185,0.0489,1.0385,-0.0463,1.5704,0.000238,0.0001,0.0
28.215,FLIGHT,0.9621,1.5421,0.5219,0.6034,0.513,0.5961,-0.0106,-0.1913,0.0175,0.0484,1.0389,-0.0477,1.5717,0.000239,0.0001,0.0
28.22,FLIGHT,0.9646,1.545,0.5116,0.5947,0.5019,0.5863,-0.0105,-0.191,0.0167,0.0478,1.0393,-0.0491,1.5729,0.000239,0.0001,0.0
28.225,FLIGHT,0.9671,1.5479,0.5004,0.5848,0.4901,0.5754,-0.0104,-0.1908,0.0158,0.0471,1.0397,-0.0504,1.5742,0.00024,0.0001,0.0
28.23,FLIGHT,0.9695,1.5508,0.4885,0.5738,0.4776,0.5636,-0.0104,-0.1905,0.0149,0.0463,1.04,-0.0516,1.5755,0.00024,0.0,0.0
28.235,FLIGHT,0.9719,1.5536,0.476,0.5619,0.4644,0.5508,-0.0103,-0.1903,0.0141,0.0454,1.0403,-0.0528,1.5767,0.00024,0.0,0.0
28.24,FLIGHT,0.9741,1.5563,0.4628,0.5491,0.4507,0.5373,-0.0102,-0.1901,0.0132,0.0445,1.0406,-0.054,1.5779,0.00024,-0.0,0.0
28.245,FLIGHT,0.9764,1.5589,0.4491,0.5355,0.4366,0.523,-0.0102,-0.1899,0.0124,0.0435,1.0409,-0.0551,1.5791,0.00024,-0.0,0.0
28.25,FLIGHT,0.9785,1.5615,0.4349,0.5212,0.4219,0.5081,-0.0101,-0.1897,0.0116,0.0424,1.0411,-0.0561,1.5803,0.00024,-0.0,0.0
28.255,FLIGHT,0.9806,1.564,0.4202,0.5062,0.4069,0.4926,-0.01,-0.1895,0.0108,0.0412,1.0413,-0.057,1.5815,0.000239,-0.0001,0.0
28.26,FLIGHT,0.9826,1.5665,0.4052,0.4907,0.3916,0.4765,-0.01,-0.1893,0.01,0.04,1.0415,-0.058,1.5826,0.000239,-0.0001,0.0
28.265,FLIGHT,0.9845,1.5688,0.3899,0.4747,0.3761,0.4601,-0.01,-0.1891,0.0092,0.0388,1.0416,-0.0588,1.5837,0.000239,-0.0001,0.0
28.27,FLIGHT,0.9863,1.5711,0.3743,0.4582,0.3603,0.4432,-0.0099,-0.1889,0.0084,0.0375,1.0417,-0.0596,1.5847,0.000238,-0.0001,0.0
28.275,FLIGHT,0.9881,1.5732,0.3586,0.4413,0.3444,0.4261,-0.0099,-0.1887,0.0077,0.0362,1.0418,-0.0603,1.5858,0.000238,-0.0001,0.0
28.28,FLIGHT,0.9898,1.5753,0.3427,0.4242,0.3284,0.4087,-0.0098,-0.1886,0.007,0.0348,1.0419,-0.061,1.5868,0.000237,-0.0001,0.0
28.285,FLIGHT,0.9914,1.5773,0.3267,0.4068,0.3123,0.3911,-0.0098,-0.1884,0.0063,0.0335,1.0419,-0.0616,1.5877,0.000236,-0.0001,0.0
28.29,FLIGHT,0.9929,1.5792,0.3106,0.3891,0.2962,0.3733,-0.0098,-0.1882,0.0056,0.0321,1.0419,-0.0621,1.5886,0.000236,-0.0002,0.0
28.295,FLIGHT,0.9943,1.581,0.2946,0.3714,0.2802,0.3555,-0.0098,-0.1881,0.005,0.0306,1.0418,-0.0626,1.5895,0.000235,-0.0002,0.0
28.3,FLIGHT,0.9957,1.5828,0.2786,0.3536,0.2643,0.3376,-0.0097,-0.1879,0.0044,0.0292,1.0417,-0.0631,1.5904,0.000234,-0.0002,0.0
28.305,FLIGHT,0.997,1.5844,0.2627,0.3357,0.2485,0.3197,-0.0097,-0.1878,0.0038,0.0278,1.0416,-0.0634,1.5912,0.000233,-0.0002,0.0
28.31,FLIGHT,0.9982,1.586,0.2469,0.3179,0.2329,0.3019,-0.0097,-0.1877,0.0032,0.0263,1.0415,-0.0638,1.592,0.000232,-0.0002,0.0
28.315,FLIGHT,0.9993,1.5874,0.2314,0.3001,0.2175,0.2842,-0.0097,-0.1876,0.0027,0.0249,1.0413,-0.0641,1.5927,0.000231,-0.0002,0.0
28.32,FLIGHT,1.0004,1.5888,0.216,0.2824,0.2023,0.2666,-0.0097,-0.1874,0.0022,0.0235,1.0411,-0.0643,1.5934,0.00023,-0.0002,0.0
28.325,FLIGHT,1.0013,1.5901,0.2008,0.2649,0.1874,0.2493,-0.0097,-0.1873,0.0017,0.022,1.0409,-0.0645,1.5941,0.000229,-0.0002,0.0
28.33,FLIGHT,1.0022,1.5913,0.186,0.2475,0.1728,0.2321,-0.0097,-0.1872,0.0013,0.0206,1.0406,-0.0646,1.5947,0.000228,-0.0002,0.0
28.335,FLIGHT,1.0031,1.5924,0.1714,0.2304,0.1585,0.2152,-0.0097,-0.1871,0.0008,0.0192,1.0404,-0.0647,1.5953,0.000227,-0.0002,0.0
28.34,FLIGHT,1.0038,1.5935,0.1571,0.2136,0.1445,0.1986,-0.0097,-0.187,0.0005,0.0178,1.04,-0.0648,1.5959,0.000226,-0.0002,0.0
28.345,FLIGHT,1.0045,1.5944,0.1432,0.197,0.1309,0.1823,-0.0097,-0.187,0.0001,0.0165,1.0397,-0.0648,1.5965,0.000225,-0.0002,0.0
28.35,FLIGHT,1.0051,1.5953,0.1297,0.1808,0.1177,0.1664,-0.0097,-0.1869,-0.0002,0.0151,1.0393,-0.0648,1.597,0.000224,-0.0002,0.0
28.355,FLIGHT,1.0057,1.5961,0.1165,0.1649,0.1049,0.1509,-0.0097,-0.1868,-0.0006,0.0138,1.0389,-0.0648,1.5974,0.000223,-0.0002,0.0
28.36,FLIGHT,1.0062,1.5968,0.1038,0.1494,0.0926,0.1357,-0.0097,-0.1868,-0.0008,0.0126,1.0384,-0.0647,1.5979,0.000222,-0.0002,0.0
28.365,FLIGHT,1.0066,1.5974,0.0915,0.1343,0.0806,0.121,-0.0097,-0.1867,-0.0011,0.0113,1.038,-0.0646,1.5983,0.000221,-0.0002,0.0
28.37,FLIGHT,1.007,1.598,0.0796,0.1197,0.0691,0.1067,-0.0097,-0.1867,-0.0013,0.0101,1.0375,-0.0645,1.5986,0.000221,-0.0002,0.0
28.375,FLIGHT,1.0073,1.5985,0.0681,0.1054,0.0581,0.0929,-0.0097,-0.1866,-0.0016,0.0089,1.0369,-0.0643,1.599,0.00022,-0.0002,0.0
28.38,FLIGHT,1.0076,1.5989,0.0572,0.0916,0.0475,0.0795,-0.0097,-0.1866,-0.0017,0.0078,1.0364,-0.0641,1.5993,0.000219,-0.0002,0.0
28.385,FLIGHT,1.0078,1.5993,0.0466,0.0783,0.0374,0.0666,-0.0097,-0.1866,-0.0019,0.0067,1.0358,-0.0639,1.5996,0.000218,-0.0002,0.0
28.39,FLIGHT,1.008,1.5996,0.0366,0.0655,0.0278,0.0543,-0.0097,-0.1865,-0.002,0.0056,1.0352,-0.0637,1.5998,0.000217,-0.0002,0.0
28.395,FLIGHT,1.0081,1.5998,0.027,0.0532,0.0186,0.0424,-0.0097,-0.1865,-0.0022,0.0046,1.0346,-0.0634,1.6,0.000216,-0.0002,0.0
28.4,FLIGHT,1.0081,1.6,0.0179,0.0414,0.0099,0.031,-0.0098,-0.1865,-0.0023,0.0036,1.0339,-0.0632,1.6002,0.000215,-0.0002,0.0
28.405,FLIGHT,1.0082,1.6002,0.0092,0.0301,0.0017,0.0202,-0.0098,-0.1865,-0.0023,0.0026,1.0332,-0.0629,1.6004,0.000214,-0.0002,0.0
28.41,FLIGHT,1.0082,1.6002,0.0011,0.0193,-0.006,0.0098,-0.0098,-0.1865,-0.0024,0.0017,1.0325,-0.0626,1.6006,0.000213,-0.0002,0.0
28.415,FLIGHT,1.0081,1.6003,-0.0066,0.009,-0.0133,0.0,-0.0098,-0.1865,-0.0025,0.0009,1.0318,-0.0623,1.6007,0.000213,-0.0002,0.0
28.42,FLIGHT,1.008,1.6002,-0.0138,-0.0007,-0.0201,-0.0092,-0.0098,-0.1865,-0.0025,0.0001,1.031,-0.062,1.6008,0.000212,-0.0001,0.0
28.425,FLIGHT,1.0079,1.6002,-0.0206,-0.01,-0.0264,-0.018,-0.0098,-0.1865,-0.0025,-0.0007,1.0302,-0.0616,1.6009,0.000211,-0.0001,0.0
28.43,FLIGHT,1.0078,1.6001,-0.0269,-0.0187,-0.0323,-0.0262,-0.0098,-0.1865,-0.0025,-0.0014,1.0294,-0.0613,1.6009,0.000211,-0.0001,0.0
28.435,FLIGHT,1.0076,1.5999,-0.0327,-0.0269,-0.0378,-0.034,-0.0098,-0.1865,-0.0025,-0.0021,1.0286,-0.061,1.601,0.00021,-0.0001,0.0
28.44,FLIGHT,1.0074,1.5997,-0.0381,-0.0345,-0.0428,-0.0412,-0.0098,-0.1865,-0.0024,-0.0028,1.0278,-0.0606,1.601,0.000209,-0.0001,0.0
28.445,FLIGHT,1.0072,1.5995,-0.0431,-0.0417,-0.0473,-0.0479,-0.0099,-0.1865,-0.0024,-0.0034,1.0269,-0.0603,1.601,0.000209,-0.0001,0.0
28.45,FLIGHT,1.0069,1.5992,-0.0476,-0.0484,-0.0515,-0.0541,-0.0099,-0.1866,-0.0023,-0.0039,1.026,-0.0599,1.601,0.000208,-0.0001,0.0
28.455,FLIGHT,1.0066,1.599,-0.0517,-0.0545,-0.0552,-0.0598,-0.0099,-0.1866,-0.0023,-0.0045,1.0251,-0.0596,1.601,0.000208,-0.0001,0.0
28.46,FLIGHT,1.0064,1.5986,-0.0554,-0.0602,-0.0586,-0.0651,-0.0099,-0.1866,-0.0022,-0.0049,1.0242,-0.0592,1.6009,0.000207,-0.0001,0.0
28.465,FLIGHT,1.0061,1.5983,-0.0587,-0.0654,-0.0615,-0.0699,-0.0099,-0.1866,-0.0021,-0.0054,1.0233,-0.0589,1.6009,0.000207,-0.0001,0.0
28.47,FLIGHT,1.0057,1.5979,-0.0617,-0.0702,-0.0641,-0.0742,-0.0099,-0.1867,-0.002,-0.0058,1.0223,-0.0585,1.6008,0.000206,-0.0001,0.0
28.475,FLIGHT,1.0054,1.5976,-0.0642,-0.0744,-0.0664,-0.0781,-0.0099,-0.1867,-0.0019,-0.0061,1.0213,-0.0582,1.6007,0.000206,-0.0001,0.0
28.48,FLIGHT,1.0051,1.5972,-0.0664,-0.0783,-0.0683,-0.0815,-0.0099,-0.1867,-0.0018,-0.0065,1.0203,-0.0579,1.6006,0.000205,-0.0001,0.0
28.485,FLIGHT,1.0047,1.5967,-0.0683,-0.0817,-0.0698,-0.0845,-0.0099,-0.1868,-0.0017,-0.0067,1.0193,-0.0575,1.6005,0.000205,-0.0001,0.0
28.49,FLIGHT,1.0044,1.5963,-0.0698,-0.0846,-0.071,-0.0871,-0.0099,-0.1868,-0.0016,-0.007,1.0183,-0.0572,1.6004,0.000205,-0.0001,0.0
28.495,FLIGHT,1.004,1.5959,-0.071,-0.0872,-0.072,-0.0893,-0.01,-0.1868,-0.0015,-0.0072,1.0172,-0.0569,1.6003,0.000204,-0.0001,0.0
28.5,FLIGHT,1.0037,1.5954,-0.0719,-0.0894,-0.0726,-0.0912,-0.01,-0.1869,-0.0014,-0.0074,1.0162,-0.0566,1.6002,0.000204,-0.0001,0.0
28.505,FLIGHT,1.0033,1.595,-0.0726,-0.0912,-0.073,-0.0926,-0.01,-0.1869,-0.0012,-0.0076,1.0151,-0.0563,1.6001,0.000204,-0.0,0.0
28.51,FLIGHT,1.0029,1.5945,-0.0729,-0.0926,-0.0731,-0.0937,-0.01,-0.1869,-0.0011,-0.0077,1.014,-0.056,1.5999,0.000204,-0.0,0.0
28.515,FLIGHT,1.0026,1.594,-0.073,-0.0937,-0.073,-0.0945,-0.01,-0.187,-0.001,-0.0078,1.0129,-0.0557,1.5998,0.000203,-0.0,0.0
28.52,FLIGHT,1.0022,1.5936,-0.0728,-0.0945,-0.0726,-0.095,-0.01,-0.187,-0.0008,-0.0079,1.0118,-0.0554,1.5996,0.000203,-0.0,0.0
28.525,FLIGHT,1.0018,1.5931,-0.0725,-0.0949,-0.072,-0.0951,-0.01,-0.1871,-0.0007,-0.0079,1.0107,-0.0552,1.5995,0.000203,-0.0,0.0
28.53,FLIGHT,1.0015,1.5926,-0.0719,-0.095,-0.0712,-0.095,-0.01,-0.1871,-0.0006,-0.0079,1.0095,-0.0549,1.5993,0.000203,-0.0,0.0
28.535,FLIGHT,1.0011,1.5921,-0.0711,-0.0948,-0.0702,-0.0946,-0.01,-0.1871,-0.0005,-0.0079,1.0084,-0.0547,1.5992,0.000203,-0.0,0.0
28.54,FLIGHT,1.0008,1.5917,-0.0701,-0.0944,-0.0691,-0.0939,-0.01,-0.1872,-0.0003,-0.0079,1.0072,-0.0545,1.599,0.000203,-0.0,0.0
28.545,FLIGHT,1.0004,1.5912,-0.0689,-0.0937,-0.0678,-0.093,-0.01,-0.1872,-0.0002,-0.0078,1.006,-0.0542,1.5989,0.000203,-0.0,0.0
28.55,FLIGHT,1.0001,1.5907,-0.0676,-0.0928,-0.0663,-0.0919,-0.01,-0.1873,-0.0001,-0.0077,1.0048,-0.054,1.5987,0.000203,-0.0,0.0
28.555,FLIGHT,0.9998,1.5903,-0.0661,-0.0916,-0.0647,-0.0905,-0.01,-0.1873,0.0,-0.0077,1.0036,-0.0538,1.5985,0.000203,-0.0,0.0
28.56,FLIGHT,0.9995,1.5898,-0.0645,-0.0903,-0.063,-0.0889,-0.01,-0.1873,0.0001,-0.0075,1.0024,-0.0536,1.5984,0.000203,0.0,0.0
28.565,FLIGHT,0.9992,1.5894,-0.0628,-0.0887,-0.0612,-0.0872,-0.01,-0.1874,0.0003,-0.0074,1.0012,-0.0535,1.5982,0.000203,0.0,0.0
28.57,FLIGHT,0.9989,1.589,-0.0609,-0.0869,-0.0592,-0.0853,-0.01,-0.1874,0.0004,-0.0073,0.9999,-0.0533,1.5981,0.000203,0.0,0.0
28.575,STANCE,0.9993,1.5893,0.0705,0.0552,0.4772,0.2877,-0.01,-0.1874,0.0057,0.0043,0.9989,0.0959,-0.292,-0.000192,-0.2469,0.0496
28.58,STANCE,1.0037,1.5894,0.6507,-0.0038,0.7367,-0.1093,-0.0091,-0.1874,0.1225,-0.0063,0.9983,-0.2807,-0.8749,-0.001787,-0.2417,0.0501
28.585,STANCE,1.0052,1.5895,0.3841,0.0247,0.1345,0.0514,-0.0089,-0.1874,0.0686,-0.0012,0.9982,-0.4364,-1.4917,-0.002303,-0.0231,0.0069
28.59,STANCE,1.0065,1.5888,0.3131,-0.1176,0.4322,-0.4135,-0.0085,-0.1875,0.0747,-0.0132,0.9984,-0.7207,-1.9562,-0.002271,0.0288,0.0023
28.595,STANCE,1.0094,1.5839,0.5054,-0.7943,0.6236,-1.842,-0.0073,-0.188,0.2037,-0.0741,0.9985,-1.1352,-2.0268,-0.001962,0.116,0.002
28.6,STANCE,1.0143,1.5752,0.8648,-1.454,1.333,-2.0401,-0.0052,-0.1887,0.364,-0.1306,0.9986,-1.6068,-1.8755,-0.001676,0.0055,0.0017
28.605,STANCE,1.0221,1.5625,1.3484,-2.2429,1.6948,-2.9952,-0.002,-0.1899,0.5695,-0.1908,0.9986,-2.0896,-1.4246,-0.001732,-0.013,0.0043
28.61,STANCE,1.0311,1.5467,1.6479,-2.8975,1.7714,-3.3602,0.002,-0.1912,0.7259,-0.2296,0.9986,-2.394,-0.8228,-0.001877,-0.0377,0.0094
28.615,STANCE,1.0392,1.5295,1.6014,-3.2724,1.348,-3.5568,0.006,-0.1925,0.7788,-0.2416,0.9985,-2.3832,-0.2137,-0.002178,-0.0692,0.016
28.62,STANCE,1.0443,1.5116,1.1773,-3.4754,0.6887,-3.5731,0.0096,-0.1938,0.734,-0.2439,0.9983,-2.0122,0.366,-0.002674,-0.1316,0.029
28.625,STANCE,1.0463,1.4944,0.6254,-3.4173,0.1385,-3.2291,0.0125,-0.195,0.624,-0.2336,0.9982,-1.409,0.8146,-0.003448,-0.1428,0.032
28.63,STANCE,1.0457,1.4785,0.1042,-3.2326,-0.3271,-3.1001,0.0147,-0.1961,0.4988,-0.2195,0.9981,-0.7233,1.1418,-0.003862,-0.034,0.0107
28.635,STANCE,1.0437,1.4635,-0.2295,-3.045,-0.3983,-2.8476,0.0165,-0.1971,0.408,-0.2061,0.998,-0.1481,1.3635,-0.003913,0.0016,0.0039
28.64,STANCE,1.0419,1.4499,-0.3041,-2.8206,-0.2862,-2.6322,0.0182,-0.1981,0.3618,-0.188,0.9981,0.1266,1.427,-0.004129,-0.0761,0.0194
28.645,STANCE,1.0407,1.4369,-0.2455,-2.6607,-0.1673,-2.5515,0.0199,-0.1989,0.3513,-0.1723,0.9983,0.1143,1.399,-0.004426,-0.0438,0.0132
28.65,STANCE,1.0402,1.4243,-0.15,-2.5596,-0.063,-2.4822,0.0217,-0.1997,0.3569,-0.1596,0.9986,0.0775,1.39,-0.004572,-0.0148,0.0075
28.655,FLIGHT,1.0399,1.4122,-0.0853,-2.4503,-0.2401,-2.1236,0.0235,-0.2005,0.355,-0.1473,0.9989,-1.692,2.8716,-0.004568,0.0307,0.0046
28.66,FLIGHT,1.0358,1.4053,-0.6608,-1.6417,-1.4175,-0.6545,0.0237,-0.201,0.1168,-0.1123,0.9995,-1.5429,2.7418,-0.004144,0.1346,0.0041
28.665,FLIGHT,1.0261,1.4053,-1.5771,-0.467,-2.4062,0.5884,0.0218,-0.2012,-0.2466,-0.0625,1.0004,-1.1944,2.457,-0.003278,0.2057,0.0033
28.67,FLIGHT,1.0122,1.4106,-2.4258,0.6199,-3.0956,1.488,0.0182,-0.2011,-0.581,-0.0049,1.0016,-0.8057,2.1426,-0.002146,0.2419,0.0021
28.675,FLIGHT,0.9957,1.4196,-3.0451,1.4417,-3.4807,2.0413,0.0135,-0.2008,-0.8257,0.0556,1.003,-0.4538,1.8588,-0.000909,0.2489,0.0009
28.68,FLIGHT,0.9779,1.4305,-3.3999,1.9614,-3.6028,2.2981,0.0083,-0.2002,-0.9683,0.1116,1.0045,-0.1693,1.6302,0.000294,0.2135,0.0
28.685,FLIGHT,0.96,1.4422,-3.5126,2.21,-3.52,2.3265,0.003,-0.1995,-1.0199,0.1564,1.006,0.0417,1.4619,0.00112,0.122,0.0
28.69,FLIGHT,0.9429,1.4535,-3.4359,2.2418,-3.299,2.191,-0.002,-0.1986,-1.0013,0.1854,1.0075,0.1868,1.3483,0.001564,0.0599,0.0
28.695,FLIGHT,0.9271,1.4639,-3.2247,2.1167,-2.99,1.9514,-0.0066,-0.1977,-0.9341,0.1976,1.009,0.2775,1.2804,0.001754,0.0194,0.0
28.7,FLIGHT,0.9131,1.4729,-2.9267,1.89,-2.6331,1.6558,-0.0106,-0.1968,-0.8371,0.1946,1.0103,0.3255,1.2483,0.001783,-0.006,0.0012
28.705,FLIGHT,0.9008,1.4804,-2.5808,1.6076,-2.259,1.341,-0.014,-0.196,-0.7251,0.1797,1.0116,0.3416,1.2429,0.001712,-0.021,0.0042
28.71,FLIGHT,0.8905,1.4864,-2.2168,1.3051,-1.8898,1.0334,-0.0169,-0.1953,-0.609,0.1568,1.0128,0.3349,1.256,0.001585,-0.029,0.0058
28.715,FLIGHT,0.8819,1.4908,-1.8566,1.0083,-1.5406,0.7507,-0.0191,-0.1947,-0.4964,0.1295,1.0139,0.313,1.281,0.00143,-0.0323,0.0065
28.72,FLIGHT,0.875,1.4939,-1.5151,0.7345,-1.2208,0.5032,-0.0209,-0.1943,-0.3919,0.1011,1.0149,0.2816,1.3128,0.001267,-0.0326,0.0065
28.725,FLIGHT,0.8696,1.4959,-1.2018,0.4944,-0.9355,0.2964,-0.0222,-0.194,-0.2985,0.0739,1.0158,0.2454,1.3475,0.001107,-0.0311,0.0062
28.73,FLIGHT,0.8656,1.497,-0.9217,0.2933,-0.6865,0.1313,-0.0231,-0.1938,-0.2172,0.0495,1.0167,0.2076,1.3822,0.000958,-0.0285,0.0057
28.735,FLIGHT,0.8627,1.4973,-0.6768,0.1326,-0.4733,0.0065,-0.0237,-0.1937,-0.1485,0.0289,1.0175,0.1706,1.415,0.000823,-0.0255,0.0051
28.74,FLIGHT,0.8608,1.4971,-0.4668,0.0109,-0.2937,-0.0814,-0.0241,-0.1937,-0.0918,0.0123,1.0183,0.1359,1.4447,0.000704,-0.0222,0.0044
28.745,FLIGHT,0.8597,1.4965,-0.2896,-0.0748,-0.1449,-0.1367,-0.0242,-0.1937,-0.0463,-0.0002,1.019,0.1046,1.4708,0.000601,-0.0189,0.0038
28.75,FLIGHT,0.8593,1.4958,-0.1425,-0.1288,-0.0232,-0.1643,-0.0242,-0.1938,-0.0107,-0.009,1.0197,0.077,1.493,0.000514,-0.0158,0.0032
28.755,FLIGHT,0.8595,1.4949,-0.022,-0.1557,0.0751,-0.1691,-0.024,-0.1939,0.0162,-0.0145,1.0204,0.0534,1.5113,0.000442,-0.0129,0.0026
28.76,FLIGHT,0.86,1.4941,0.0756,-0.1603,0.1537,-0.1558,-0.0238,-0.194,0.0357,-0.0173,1.021,0.0337,1.526,0.000384,-0.0103,0.0021
28.765,FLIGHT,0.861,1.4934,0.1537,-0.1471,0.216,-0.1286,-0.0235,-0.1941,0.0492,-0.0178,1.0217,0.0176,1.5375,0.000338,-0.0081,0.0016
28.77,FLIGHT,0.8622,1.4928,0.2158,-0.1204,0.2652,-0.0915,-0.0232,-0.1941,0.0577,-0.0166,1.0223,0.0047,1.5462,0.000303,-0.0062,0.0012
28.775,FLIGHT,0.8636,1.4925,0.2649,-0.0838,0.3038,-0.0476,-0.0229,-0.1942,0.0625,-0.0141,1.0229,-0.0054,1.5524,0.000275,-0.0047,0.0009
28.78,FLIGHT,0.8652,1.4924,0.3036,-0.0405,0.3343,0.0004,-0.0226,-0.1942,0.0643,-0.0107,1.0235,-0.0132,1.5568,0.000255,-0.0035,0.0007
28.785,FLIGHT,0.8669,1.4925,0.3342,0.0067,0.3586,0.0502,-0.0223,-0.1943,0.064,-0.0068,1.0241,-0.019,1.5596,0.00024,-0.0025,0.0005
28.79,FLIGHT,0.8688,1.4929,0.3586,0.0558,0.3782,0.1,-0.022,-0.1943,0.0623,-0.0026,1.0247,-0.0232,1.5613,0.00023,-0.0017,0.0003
28.795,FLIGHT,0.8707,1.4935,0.3783,0.105,0.3943,0.1487,-0.0217,-0.1943,0.0596,0.0018,1.0253,-0.0263,1.562,0.000223,-0.0011,0.0002
28.8,FLIGHT,0.8727,1.4944,0.3946,0.153,0.4078,0.1952,-0.0214,-0.1942,0.0564,0.0061,1.0259,-0.0284,1.5622,0.000219,-0.0006,0.0001
28.805,FLIGHT,0.8748,1.4954,0.4082,0.1989,0.4195,0.2389,-0.0211,-0.1942,0.0529,0.0102,1.0265,-0.03,1.562,0.000216,-0.0003,0.0001
28.81,FLIGHT,0.8769,1.4967,0.42,0.2421,0.4298,0.2793,-0.0209,-0.1941,0.0494,0.0141,1.0271,-0.0311,1.5616,0.000216,-0.0001,0.0
28.815,FLIGHT,0.8791,1.4982,0.4303,0.282,0.439,0.3162,-0.0207,-0.194,0.046,0.0178,1.0276,-0.0319,1.5611,0.000216,0.0001,0.0
28.82,FLIGHT,0.8813,1.4999,0.4395,0.3185,0.4474,0.3496,-0.0205,-0.1939,0.0429,0.0211,1.0282,-0.0326,1.5605,0.000217,0.0002,0.0
28.825,FLIGHT,0.8836,1.5017,0.4479,0.3515,0.455,0.3794,-0.0203,-0.1938,0.0401,0.0241,1.0287,-0.0332,1.5601,0.000218,0.0003,0.0
28.83,FLIGHT,0.8858,1.5037,0.4554,0.3809,0.4618,0.4058,-0.0201,-0.1936,0.0376,0.0268,1.0293,-0.0339,1.5598,0.00022,0.0004,0.0
28.835,FLIGHT,0.8882,1.5058,0.4622,0.407,0.4679,0.4289,-0.0199,-0.1935,0.0353,0.0292,1.0298,-0.0346,1.5596,0.000221,0.0004,0.0
28.84,FLIGHT,0.8905,1.508,0.4682,0.4298,0.4733,0.4489,-0.0197,-0.1933,0.0334,0.0313,1.0303,-0.0354,1.5596,0.000223,0.0004,0.0
28.845,FLIGHT,0.8929,1.5103,0.4735,0.4496,0.4778,0.4659,-0.0196,-0.1931,0.0317,0.0331,1.0308,-0.0363,1.5598,0.000225,0.0004,0.0
28.85,FLIGHT,0.8953,1.5126,0.4779,0.4664,0.4815,0.4803,-0.0194,-0.193,0.0302,0.0347,1.0313,-0.0372,1.5601,0.000227,0.0004,0.0
28.855,FLIGHT,0.8977,1.5151,0.4814,0.4806,0.4842,0.4921,-0.0193,-0.1928,0.0289,0.0361,1.0318,-0.0383,1.5606,0.000229,0.0004,0.0
28.86,FLIGHT,0.9001,1.5175,0.4841,0.4922,0.486,0.5016,-0.0192,-0.1926,0.0278,0.0372,1.0322,-0.0395,1.5612,0.000231,0.0003,0.0
28.865,FLIGHT,0.9026,1.5201,0.4858,0.5016,0.4868,0.509,-0.019,-0.1924,0.0268,0.0381,1.0326,-0.0407,1.5619,0.000233,0.0003,0.0
28.87,FLIGHT,0.905,1.5226,0.4865,0.5088,0.4867,0.5144,-0.0189,-0.1922,0.0259,0.0388,1.0331,-0.042,1.5627,0.000234,0.0003,0.0
28.875,FLIGHT,0.9074,1.5252,0.4862,0.5141,0.4855,0.5179,-0.0188,-0.192,0.025,0.0394,1.0335,-0.0433,1.5635,0.000236,0.0003,0.0
28.88,FLIGHT,0.9099,1.5278,0.4849,0.5175,0.4833,0.5198,-0.0187,-0.1918,0.0242,0.0398,1.0338,-0.0446,1.5645,0.000237,0.0003,0.0
28.885,FLIGHT,0.9123,1.5304,0.4826,0.5193,0.4801,0.5201,-0.0185,-0.1916,0.0235,0.0401,1.0342,-0.046,1.5655,0.000238,0.0002,0.0
28.89,FLIGHT,0.9147,1.533,0.4793,0.5195,0.4759,0.519,-0.0184,-0.1914,0.0227,0.0403,1.0345,-0.0473,1.5665,0.000239,0.0002,0.0
28.895,FLIGHT,0.917,1.5356,0.475,0.5182,0.4708,0.5165,-0.0183,-0.1912,0.022,0.0403,1.0349,-0.0486,1.5676,0.00024,0.0002,0.0
28.9,FLIGHT,0.9194,1.5382,0.4699,0.5156,0.4648,0.5127,-0.0182,-0.191,0.0213,0.0402,1.0352,-0.0499,1.5687,0.000241,0.0002,0.0
28.905,FLIGHT,0.9217,1.5407,0.4638,0.5118,0.458,0.5078,-0.0181,-0.1908,0.0205,0.04,1.0354,-0.0512,1.5698,0.000242,0.0001,0.0
28.91,FLIGHT,0.9239,1.5432,0.4569,0.5068,0.4503,0.5018,-0.018,-0.1906,0.0198,0.0397,1.0357,-0.0525,1.5709,0.000243,0.0001,0.0
28.915,FLIGHT,0.9262,1.5457,0.4492,0.5007,0.4419,0.4948,-0.0179,-0.1904,0.0191,0.0393,1.0359,-0.0537,1.572,0.000243,0.0001,0.0
28.92,FLIGHT,0.9284,1.5482,0.4407,0.4937,0.4328,0.4869,-0.0178,-0.1902,0.0183,0.0389,1.0362,-0.0548,1.573,0.000244,0.0001,0.0
28.925,FLIGHT,0.9305,1.5506,0.4316,0.4857,0.4231,0.4781,-0.0177,-0.19,0.0176,0.0383,1.0363,-0.056,1.5741,0.000244,0.0001,0.0
28.93,FLIGHT,0.9326,1.553,0.4218,0.4768,0.4128,0.4685,-0.0177,-0.1898,0.0168,0.0377,1.0365,-0.057,1.5752,0.000244,0.0001,0.0
28.935,FLIGHT,0.9346,1.5553,0.4114,0.4671,0.4019,0.4581,-0.0176,-0.1896,0.0161,0.0371,1.0366,-0.058,1.5762,0.000245,0.0,0.0
28.94,FLIGHT,0.9366,1.5575,0.4006,0.4567,0.3906,0.4471,-0.0175,-0.1895,0.0153,0.0363,1.0368,-0.059,1.5773,0.000245,0.0,0.0
28.945,FLIGHT,0.9385,1.5598,0.3892,0.4457,0.3789,0.4355,-0.0174,-0.1893,0.0146,0.0355,1.0368,-0.0599,1.5783,0.000245,-0.0,0.0
28.95,FLIGHT,0.9404,1.5619,0.3774,0.434,0.3667,0.4233,-0.0174,-0.1891,0.0139,0.0346,1.0369,-0.0608,1.5793,0.000245,-0.0,0.0
28.955,FLIGHT,0.9422,1.564,0.3653,0.4218,0.3543,0.4106,-0.0173,-0.189,0.0131,0.0337,1.0369,-0.0616,1.5802,0.000245,-0.0,0.0
28.96,FLIGHT,0.9439,1.566,0.3529,0.4091,0.3416,0.3975,-0.0172,-0.1888,0.0124,0.0328,1.0369,-0.0623,1.5812,0.000244,-0.0,0.0
28.965,FLIGHT,0.9456,1.568,0.3402,0.396,0.3287,0.384,-0.0172,-0.1886,0.0117,0.0318,1.0369,-0.063,1.5821,0.000244,-0.0001,0.0
28.97,FLIGHT,0.9472,1.5698,0.3273,0.3825,0.3156,0.3702,-0.0171,-0.1885,0.011,0.0308,1.0369,-0.0637,1.583,0.000244,-0.0001,0.0
28.975,FLIGHT,0.9488,1.5717,0.3142,0.3686,0.3024,0.3561,-0.0171,-0.1883,0.0104,0.0297,1.0368,-0.0643,1.5838,0.000243,-0.0001,0.0
28.98,FLIGHT,0.9502,1.5734,0.301,0.3545,0.2892,0.3418,-0.017,-0.1882,0.0097,0.0286,1.0367,-0.0649,1.5847,0.000243,-0.0001,0.0
28.985,FLIGHT,0.9517,1.5751,0.2878,0.3402,0.2759,0.3273,-0.017,-0.1881,0.0091,0.0275,1.0366,-0.0654,1.5855,0.000243,-0.0001,0.0
28.99,FLIGHT,0.953,1.5767,0.2745,0.3257,0.2625,0.3126,-0.0169,-0.1879,0.0085,0.0264,1.0364,-0.0658,1.5862,0.000242,-0.0001,0.0
28.995,FLIGHT,0.9543,1.5782,0.2612,0.311,0.2493,0.2979,-0.0169,-0.1878,0.0079,0.0252,1.0362,-0.0662,1.587,0.000241,-0.0001,0.0
29.0,FLIGHT,0.9555,1.5797,0.2479,0.2963,0.2361,0.2831,-0.0169,-0.1877,0.0073,0.024,1.036,-0.0666,1.5877,0.000241,-0.0001,0.0
29.005,FLIGHT,0.9566,1.581,0.2347,0.2816,0.223,0.2684,-0.0168,-0.1876,0.0068,0.0229,1.0358,-0.0669,1.5884,0.00024,-0.0001,0.0
29.01,FLIGHT,0.9577,1.5823,0.2216,0.2668,0.21,0.2536,-0.0168,-0.1875,0.0063,0.0217,1.0355,-0.0672,1.5891,0.000239,-0.0001,0.0
29.015,FLIGHT,0.9587,1.5836,0.2087,0.2521,0.1972,0.239,-0.0168,-0.1874,0.0058,0.0205,1.0352,-0.0674,1.5897,0.000239,-0.0001,0.0
29.02,FLIGHT,0.9597,1.5847,0.1959,0.2375,0.1846,0.2245,-0.0168,-0.1873,0.0053,0.0194,1.0349,-0.0677,1.5903,0.000238,-0.0001,0.0
29.025,FLIGHT,0.9606,1.5858,0.1834,0.223,0.1722,0.2101,-0.0167,-0.1872,0.0048,0.0182,1.0345,-0.0678,1.5909,0.000237,-0.0001,0.0
29.03,FLIGHT,0.9614,1.5868,0.171,0.2087,0.16,0.1959,-0.0167,-0.1871,0.0044,0.0171,1.0342,-0.0679,1.5914,0.000237,-0.0002,0.0
29.035,FLIGHT,0.9622,1.5878,0.1589,0.1945,0.1481,0.1819,-0.0167,-0.187,0.004,0.0159,1.0338,-0.068,1.5919,0.000236,-0.0002,0.0
29.04,FLIGHT,0.9629,1.5887,0.147,0.1806,0.1365,0.1682,-0.0167,-0.187,0.0036,0.0148,1.0333,-0.0681,1.5924,0.000235,-0.0002,0.0
29.045,FLIGHT,0.9636,1.5895,0.1355,0.1668,0.1252,0.1547,-0.0167,-0.1869,0.0033,0.0137,1.0329,-0.0681,1.5929,0.000234,-0.0002,0.0
29.05,FLIGHT,0.9642,1.5902,0.1242,0.1534,0.1142,0.1415,-0.0166,-0.1868,0.0029,0.0126,1.0324,-0.0681,1.5933,0.000234,-0.0002,0.0
29.055,FLIGHT,0.9647,1.5909,0.1132,0.1402,0.1036,0.1286,-0.0166,-0.1868,0.0026,0.0115,1.0319,-0.0681,1.5937,0.000233,-0.0002,0.0
29.06,FLIGHT,0.9652,1.5915,0.1026,0.1274,0.0933,0.116,-0.0166,-0.1867,0.0023,0.0105,1.0313,-0.068,1.5941,0.000232,-0.0002,0.0
29.065,FLIGHT,0.9656,1.592,0.0923,0.1149,0.0833,0.1038,-0.0166,-0.1867,0.0021,0.0094,1.0308,-0.068,1.5944,0.000231,-0.0002,0.0
29.07,FLIGHT,0.966,1.5925,0.0824,0.1027,0.0737,0.0919,-0.0166,-0.1866,0.0018,0.0084,1.0302,-0.0679,1.5948,0.000231,-0.0001,0.0
29.075,FLIGHT,0.9664,1.593,0.0729,0.0909,0.0645,0.0805,-0.0166,-0.1866,0.0016,0.0075,1.0296,-0.0677,1.595,0.00023,-0.0001,0.0
29.08,FLIGHT,0.9667,1.5933,0.0637,0.0795,0.0556,0.0694,-0.0166,-0.1866,0.0014,0.0065,1.0289,-0.0676,1.5953,0.000229,-0.0001,0.0
29.085,FLIGHT,0.9669,1.5937,0.0549,0.0684,0.0472,0.0587,-0.0166,-0.1865,0.0012,0.0056,1.0283,-0.0674,1.5956,0.000228,-0.0001,0.0
29.09,FLIGHT,0.9671,1.5939,0.0464,0.0578,0.0391,0.0484,-0.0166,-0.1865,0.001,0.0048,1.0276,-0.0672,1.5958,0.000228,-0.0001,0.0
29.095,FLIGHT,0.9673,1.5941,0.0384,0.0475,0.0314,0.0386,-0.0166,-0.1865,0.0009,0.0039,1.0269,-0.067,1.596,0.000227,-0.0001,0.0
29.1,FLIGHT,0.9675,1.5943,0.0308,0.0377,0.0241,0.0291,-0.0166,-0.1865,0.0008,0.0031,1.0261,-0.0668,1.5962,0.000226,-0.0001,0.0
29.105,FLIGHT,0.9676,1.5944,0.0235,0.0283,0.0172,0.0201,-0.0166,-0.1865,0.0006,0.0023,1.0254,-0.0666,1.5963,0.000226,-0.0001,0.0
29.11,FLIGHT,0.9676,1.5945,0.0166,0.0194,0.0107,0.0115,-0.0166,-0.1865,0.0005,0.0016,1.0246,-0.0664,1.5965,0.000225,-0.0001,0.0
29.115,FLIGHT,0.9677,1.5945,0.0102,0.0109,0.0045,0.0034,-0.0166,-0.1865,0.0005,0.0009,1.0238,-0.0661,1.5966,0.000224,-0.0001,0.0
29.12,FLIGHT,0.9677,1.5945,0.0041,0.0028,-0.0012,-0.0043,-0.0166,-0.1865,0.0004,0.0002,1.023,-0.0659,1.5967,0.000224,-0.0001,0.0
29.125,FLIGHT,0.9677,1.5945,-0.0016,-0.0049,-0.0066,-0.0116,-0.0166,-0.1865,0.0003,-0.0004,1.0222,-0.0656,1.5968,0.000223,-0.0001,0.0
29.13,FLIGHT,0.9676,1.5944,-0.007,-0.0121,-0.0116,-0.0184,-0.0166,-0.1865,0.0003,-0.001,1.0213,-0.0653,1.5969,0.000223,-0.0001,0.0
29.135,FLIGHT,0.9675,1.5943,-0.0119,-0.019,-0.0162,-0.0249,-0.0166,-0.1865,0.0003,-0.0016,1.0204,-0.065,1.5969,0.000222,-0.0001,0.0
29.14,FLIGHT,0.9675,1.5942,-0.0165,-0.0253,-0.0205,-0.0309,-0.0166,-0.1865,0.0003,-0.0021,1.0195,-0.0648,1.597,0.000222,-0.0001,0.0
29.145,FLIGHT,0.9673,1.594,-0.0207,-0.0313,-0.0244,-0.0364,-0.0166,-0.1865,0.0003,-0.0026,1.0186,-0.0645,1.597,0.000221,-0.0001,0.0
29.15,FLIGHT,0.9672,1.5938,-0.0246,-0.0368,-0.0279,-0.0416,-0.0166,-0.1865,0.0003,-0.0031,1.0177,-0.0642,1.597,0.000221,-0.0001,0.0
29.155,FLIGHT,0.9671,1.5936,-0.0282,-0.042,-0.0312,-0.0464,-0.0166,-0.1866,0.0003,-0.0035,1.0167,-0.0639,1.597,0.00022,-0.0001,0.0
29.16,FLIGHT,0.9669,1.5934,-0.0313,-0.0467,-0.0341,-0.0507,-0.0166,-0.1866,0.0003,-0.0039,1.0157,-0.0636,1.597,0.00022,-0.0001,0.0
29.165,FLIGHT,0.9667,1.5931,-0.0342,-0.051,-0.0366,-0.0547,-0.0166,-0.1866,0.0004,-0.0043,1.0148,-0.0633,1.5969,0.00022,-0.0001,0.0
29.17,FLIGHT,0.9665,1.5928,-0.0368,-0.0549,-0.0389,-0.0583,-0.0165,-0.1866,0.0004,-0.0046,1.0137,-0.0631,1.5969,0.000219,-0.0001,0.0
29.175,FLIGHT,0.9663,1.5925,-0.039,-0.0585,-0.0409,-0.0615,-0.0165,-0.1866,0.0004,-0.0049,1.0127,-0.0628,1.5969,0.000219,-0.0001,0.0
29.18,FLIGHT,0.9661,1.5922,-0.041,-0.0617,-0.0426,-0.0644,-0.0165,-0.1867,0.0005,-0.0052,1.0117,-0.0625,1.5968,0.000219,-0.0001,0.0
29.185,FLIGHT,0.9659,1.5919,-0.0427,-0.0645,-0.044,-0.0669,-0.0165,-0.1867,0.0006,-0.0055,1.0106,-0.0623,1.5967,0.000218,-0.0001,0.0
29.19,FLIGHT,0.9657,1.5915,-0.0441,-0.067,-0.0452,-0.069,-0.0165,-0.1867,0.0006,-0.0057,1.0096,-0.062,1.5967,0.000218,-0.0001,0.0
29.195,FLIGHT,0.9655,1.5912,-0.0452,-0.0691,-0.0461,-0.0709,-0.0165,-0.1868,0.0007,-0.0059,1.0085,-0.0617,1.5966,0.000218,-0.0,0.0
29.2,FLIGHT,0.9652,1.5908,-0.0461,-0.0709,-0.0468,-0.0724,-0.0165,-0.1868,0.0008,-0.006,1.0074,-0.0615,1.5965,0.000218,-0.0,0.0
29.205,FLIGHT,0.965,1.5904,-0.0467,-0.0724,-0.0472,-0.0736,-0.0165,-0.1868,0.0008,-0.0061,1.0063,-0.0612,1.5964,0.000217,-0.0,0.0
29.21,FLIGHT,0.9648,1.5901,-0.0472,-0.0736,-0.0474,-0.0746,-0.0165,-0.1869,0.0009,-0.0062,1.0051,-0.061,1.5963,0.000217,-0.0,0.0
29.215,FLIGHT,0.9645,1.5897,-0.0474,-0.0745,-0.0475,-0.0752,-0.0165,-0.1869,0.001,-0.0063,1.004,-0.0608,1.5962,0.000217,-0.0,0.0
29.22,FLIGHT,0.9643,1.5893,-0.0474,-0.0752,-0.0473,-0.0756,-0.0165,-0.1869,0.0011,-0.0064,1.0028,-0.0605,1.5961,0.000217,-0.0,0.0
29.225,FLIGHT,0.964,1.5889,-0.0472,-0.0755,-0.0469,-0.0757,-0.0165,-0.1869,0.0012,-0.0064,1.0017,-0.0603,1.596,0.000217,-0.0,0.0
29.23,FLIGHT,0.9638,1.5886,-0.0468,-0.0756,-0.0464,-0.0756,-0.0165,-0.187,0.0012,-0.0064,1.0005,-0.0601,1.5959,0.000217,-0.0,0.0
29.235,STANCE,0.964,1.5886,0.0307,-0.0083,0.3753,0.1241,-0.0165,-0.187,0.0068,-0.0013,0.9994,0.2173,-0.2772,-3.7e-05,-0.2146,0.043
29.24,STANCE,0.9685,1.5876,0.6815,-0.1776,1.3884,-0.6257,-0.0155,-0.1871,0.1511,-0.0274,0.9986,-0.1344,-0.8543,-0.001691,-0.4011,0.0819
29.245,STANCE,0.9748,1.5838,1.0029,-0.5491,0.5203,-0.3731,-0.0138,-0.1876,0.2616,-0.065,0.998,-0.5073,-1.3229,-0.003328,-0.1397,0.0313
29.25,STANCE,0.9761,1.5828,0.4742,-0.2992,0.1932,-0.2144,-0.0134,-0.1877,0.1291,-0.0342,0.9981,-0.5653,-1.9774,-0.00353,0.0249,0.0035
29.255,STANCE,0.978,1.5803,0.4361,-0.477,0.5857,-0.9524,-0.0127,-0.188,0.146,-0.0496,0.9983,-0.8295,-2.3008,-0.003267,0.0791,0.0033
29.26,STANCE,0.9812,1.5712,0.6083,-1.4054,0.9628,-1.8414,-0.0109,-0.1888,0.3052,-0.1341,0.9983,-1.1859,-2.0711,-0.002689,0.0627,0.0027
29.265,STANCE,0.9883,1.5595,1.2029,-2.0935,1.7926,-2.8164,-0.008,-0.19,0.5156,-0.1941,0.9984,-1.6905,-1.6831,-0.002699,-0.0444,0.0116
29.27,STANCE,0.9977,1.5428,1.6642,-2.9836,1.8826,-3.7756,-0.0039,-0.1914,0.7345,-0.2586,0.9984,-2.0793,-0.9708,-0.002858,-0.0131,0.0055
29.275,STANCE,1.0075,1.5241,1.8651,-3.4979,1.751,-3.9578,0.0007,-0.193,0.8558,-0.2804,0.9983,-2.2204,-0.2625,-0.003043,0.0048,0.003
29.28,STANCE,1.0159,1.5055,1.7176,-3.6396,1.4384,-3.6435,0.0049,-0.1944,0.8576,-0.2705,0.9984,-2.0277,0.3426,-0.003075,0.0196,0.0031
29.285,STANCE,1.022,1.4883,1.3491,-3.4818,1.0108,-3.194,0.0086,-0.1957,0.771,-0.2436,0.9986,-1.5631,0.7958,-0.002929,0.0193,0.0029
29.29,STANCE,1.0253,1.4724,0.8605,-3.2526,0.4014,-3.0729,0.0116,-0.1968,0.6475,-0.2193,0.9988,-0.9416,1.1386,-0.002698,0.0536,0.0027
29.295,STANCE,1.0264,1.4575,0.4101,-3.0527,0.0566,-2.9055,0.014,-0.1978,0.5332,-0.2022,0.9991,-0.3514,1.3744,-0.002438,0.0608,0.0024
29.3,STANCE,1.0264,1.4435,0.1402,-2.8647,0.0095,-2.6763,0.0161,-0.1988,0.4548,-0.1869,0.9994,-0.0122,1.4603,-0.002186,0.0345,0.0022
29.305,FLIGHT,1.0254,1.4317,-0.1416,-2.4635,-0.7102,-1.7219,0.0176,-0.1995,0.3406,-0.1612,0.9999,-1.6592,2.8506,-0.001884,0.1049,0.0019
29.31,FLIGHT,1.019,1.4267,-0.9765,-1.4006,-1.8241,-0.3322,0.0171,-0.2,0.0143,-0.1072,1.0008,-1.3982,2.6305,-0.001143,0.1862,0.0011
29.315,FLIGHT,1.0076,1.4279,-1.905,-0.2286,-2.6858,0.7623,0.0147,-0.2001,-0.3471,-0.0431,1.0019,-1.0283,2.3266,-7.9e-05,0.2341,0.0001
29.32,FLIGHT,0.9926,1.4337,-2.6649,0.7554,-3.2355,1.5136,0.0108,-0.1999,-0.644,0.0238,1.0033,-0.6616,2.0273,0.000867,0.144,0.0
29.325,FLIGHT,0.9757,1.4425,-3.1712,1.4517,-3.5088,1.9412,0.0061,-0.1994,-0.8437,0.087,1.0049,-0.3462,1.771,0.001407,0.0765,0.0
29.33,FLIGHT,0.9579,1.4527,-3.4277,1.8581,-3.5553,2.103,0.0011,-0.1987,-0.9476,0.1399,1.0065,-0.0981,1.5708,0.001669,0.0316,0.0
29.335,FLIGHT,0.9404,1.4631,-3.4721,2.0172,-3.4312,2.0658,-0.0038,-0.1978,-0.9718,0.1775,1.0081,0.0829,1.4266,0.001749,0.0026,0.0
29.34,FLIGHT,0.9238,1.4731,-3.3536,1.9868,-3.1893,1.8921,-0.0085,-0.1969,-0.9366,0.1976,1.0097,0.2048,1.3323,0.001713,-0.0153,0.0031
29.345,FLIGHT,0.9087,1.4819,-3.1209,1.8245,-2.8747,1.6356,-0.0127,-0.196,-0.8615,0.201,1.0112,0.2783,1.2788,0.001609,-0.0255,0.0051
29.35,FLIGHT,0.8952,1.4894,-2.8168,1.5807,-2.5232,1.3389,-0.0164,-0.1951,-0.7631,0.1903,1.0127,0.3143,1.257,0.001467,-0.0305,0.0061
29.355,FLIGHT,0.8834,1.4953,-2.4757,1.2966,-2.1619,1.0339,-0.0194,-0.1944,-0.6542,0.1695,1.014,0.3224,1.2583,0.00131,-0.032,0.0064
29.36,FLIGHT,0.8735,1.4997,-2.1238,1.003,-1.81,0.7431,-0.0219,-0.1937,-0.5439,0.1424,1.0153,0.3109,1.2754,0.00115,-0.0313,0.0063
29.365,FLIGHT,0.8653,1.5028,-1.7802,0.7222,-1.4804,0.4811,-0.0239,-0.1932,-0.4386,0.1127,1.0165,0.2866,1.3023,0.000998,-0.0293,0.0059
29.37,FLIGHT,0.8587,1.5046,-1.4576,0.4685,-1.1808,0.2563,-0.0255,-0.1929,-0.3422,0.0831,1.0176,0.2546,1.3344,0.000858,-0.0266,0.0053
29.375,FLIGHT,0.8534,1.5054,-1.1639,0.2504,-0.9151,0.0723,-0.0266,-0.1927,-0.2567,0.0557,1.0186,0.219,1.3682,0.000733,-0.0235,0.0047
29.38,FLIGHT,0.8495,1.5054,-0.9029,0.0714,-0.6844,-0.071,-0.0273,-0.1926,-0.1831,0.0318,1.0196,0.1827,1.4014,0.000624,-0.0203,0.0041
29.385,FLIGHT,0.8465,1.5048,-0.6759,-0.068,-0.4876,-0.1756,-0.0278,-0.1926,-0.1214,0.012,1.0205,0.1477,1.4322,0.00053,-0.0172,0.0034
29.39,FLIGHT,0.8445,1.5037,-0.4819,-0.1699,-0.3224,-0.2454,-0.0281,-0.1926,-0.0709,-0.0034,1.0214,0.1153,1.4598,0.000452,-0.0142,0.0028
29.395,FLIGHT,0.8433,1.5024,-0.3188,-0.2379,-0.1857,-0.2848,-0.0281,-0.1927,-0.0308,-0.0148,1.0222,0.0864,1.4836,0.000388,-0.0115,0.0023
29.4,FLIGHT,0.8426,1.5009,-0.1836,-0.2762,-0.074,-0.2987,-0.0281,-0.1928,0.0002,-0.0224,1.023,0.0612,1.5035,0.000336,-0.0091,0.0018
29.405,FLIGHT,0.8425,1.4994,-0.0729,-0.2897,0.0164,-0.2919,-0.0279,-0.193,0.0233,-0.0268,1.0238,0.0399,1.5198,0.000296,-0.0071,0.0014
29.41,FLIGHT,0.8428,1.498,0.017,-0.2828,0.0891,-0.2689,-0.0277,-0.1931,0.0398,-0.0286,1.0246,0.0223,1.5326,0.000265,-0.0054,0.0011
29.415,FLIGHT,0.8434,1.4967,0.0893,-0.2601,0.1471,-0.2338,-0.0274,-0.1933,0.0509,-0.0282,1.0253,0.0081,1.5424,0.000242,-0.0039,0.0008
29.42,FLIGHT,0.8442,1.4957,0.1472,-0.2254,0.1935,-0.1901,-0.0271,-0.1934,0.0577,-0.0263,1.0261,-0.0032,1.5496,0.000225,-0.0028,0.0006
29.425,FLIGHT,0.8453,1.4949,0.1936,-0.1824,0.2307,-0.1409,-0.0268,-0.1935,0.0611,-0.0232,1.0268,-0.0118,1.5546,0.000213,-0.0019,0.0004
29.43,FLIGHT,0.8465,1.4943,0.2309,-0.1338,0.2609,-0.0887,-0.0265,-0.1936,0.0621,-0.0193,1.0275,-0.0183,1.5579,0.000206,-0.0012,0.0002
29.435,FLIGHT,0.8479,1.494,0.2612,-0.0823,0.2857,-0.0354,-0.0262,-0.1937,0.0613,-0.0149,1.0282,-0.0231,1.5598,0.000201,-0.0006,0.0001
29.44,FLIGHT,0.8494,1.4939,0.2861,-0.0297,0.3065,0.0174,-0.0259,-0.1937,0.0593,-0.0103,1.029,-0.0265,1.5607,0.000199,-0.0002,0.0
29.445,FLIGHT,0.8509,1.4941,0.3071,0.0225,0.3245,0.0686,-0.0256,-0.1937,0.0566,-0.0057,1.0297,-0.0288,1.5609,0.000199,0.0001,0.0
29.45,FLIGHT,0.8526,1.4946,0.3252,0.073,0.3403,0.1173,-0.0253,-0.1937,0.0535,-0.0011,1.0304,-0.0305,1.5606,0.0002,0.0003,0.0
29.455,FLIGHT,0.8543,1.4953,0.3411,0.1212,0.3545,0.1631,-0.0251,-0.1937,0.0502,0.0033,1.031,-0.0316,1.5601,0.000202,0.0004,0.0
29.46,FLIGHT,0.8561,1.4962,0.3554,0.1664,0.3676,0.2055,-0.0249,-0.1937,0.0471,0.0074,1.0317,-0.0323,1.5593,0.000204,0.0005,0.0
29.465,FLIGHT,0.858,1.4974,0.3685,0.2083,0.3798,0.2443,-0.0246,-0.1936,0.0441,0.0112,1.0324,-0.0329,1.5586,0.000207,0.0006,0.0
29.47,FLIGHT,0.8599,1.4987,0.3807,0.2468,0.3912,0.2797,-0.0244,-0.1935,0.0414,0.0147,1.033,-0.0334,1.5579,0.000209,0.0006,0.0
29.475,FLIGHT,0.8619,1.5002,0.392,0.2818,0.4018,0.3116,-0.0242,-0.1934,0.0389,0.0179,1.0337,-0.0339,1.5573,0.000212,0.0006,0.0
29.48,FLIGHT,0.864,1.5018,0.4026,0.3134,0.4117,0.3401,-0.0241,-0.1933,0.0368,0.0207,1.0343,-0.0345,1.5569,0.000215,0.0006,0.0
29.485,FLIGHT,0.866,1.5035,0.4124,0.3416,0.4209,0.3655,-0.0239,-0.1932,0.0349,0.0233,1.0349,-0.0351,1.5566,0.000218,0.0005,0.0
29.49,FLIGHT,0.8682,1.5054,0.4215,0.3667,0.4293,0.3878,-0.0237,-0.1931,0.0333,0.0256,1.0356,-0.0359,1.5565,0.000221,0.0005,0.0
29.495,FLIGHT,0.8703,1.5074,0.4298,0.3888,0.4368,0.4074,-0.0236,-0.1929,0.032,0.0276,1.0361,-0.0367,1.5566,0.000223,0.0005,0.0
29.5,FLIGHT,0.8725,1.5095,0.4371,0.4082,0.4433,0.4243,-0.0234,-0.1928,0.0308,0.0293,1.0367,-0.0377,1.5569,0.000225,0.0005,0.0
29.505,FLIGHT,0.8748,1.5117,0.4436,0.4249,0.4489,0.4387,-0.0233,-0.1926,0.0298,0.0309,1.0373,-0.0388,1.5573,0.000228,0.0004,0.0
29.51,FLIGHT,0.877,1.5139,0.4491,0.4392,0.4535,0.451,-0.0231,-0.1924,0.0289,0.0322,1.0378,-0.0399,1.5578,0.00023,0.0004,0.0
29.515,FLIGHT,0.8793,1.5162,0.4535,0.4513,0.457,0.4611,-0.023,-0.1923,0.0281,0.0333,1.0383,-0.0411,1.5584,0.000232,0.0004,0.0
29.52,FLIGHT,0.8816,1.5185,0.4569,0.4612,0.4595,0.4693,-0.0229,-0.1921,0.0273,0.0343,1.0389,-0.0424,1.5591,0.000234,0.0004,0.0
29.525,FLIGHT,0.8839,1.5209,0.4593,0.4693,0.4609,0.4757,-0.0227,-0.1919,0.0266,0.0351,1.0393,-0.0437,1.5599,0.000235,0.0003,0.0
29.53,FLIGHT,0.8862,1.5232,0.4606,0.4755,0.4612,0.4804,-0.0226,-0.1917,0.026,0.0357,1.0398,-0.045,1.5608,0.000237,0.0003,0.0
29.535,FLIGHT,0.8885,1.5257,0.4608,0.4801,0.4605,0.4835,-0.0225,-0.1916,0.0254,0.0362,1.0403,-0.0463,1.5617,0.000238,0.0003,0.0
29.54,FLIGHT,0.8908,1.5281,0.46,0.4831,0.4587,0.4851,-0.0224,-0.1914,0.0247,0.0366,1.0407,-0.0477,1.5627,0.00024,0.0003,0.0
29.545,FLIGHT,0.8931,1.5305,0.4581,0.4846,0.456,0.4854,-0.0222,-0.1912,0.0241,0.0368,1.0411,-0.049,1.5637,0.000241,0.0002,0.0
29.55,FLIGHT,0.8953,1.5329,0.4553,0.4848,0.4523,0.4844,-0.0221,-0.191,0.0235,0.037,1.0415,-0.0503,1.5647,0.000242,0.0002,0.0
29.555,FLIGHT,0.8976,1.5353,0.4515,0.4837,0.4477,0.4821,-0.022,-0.1908,0.0228,0.037,1.0419,-0.0516,1.5658,0.000243,0.0002,0.0
29.56,FLIGHT,0.8998,1.5378,0.4468,0.4814,0.4422,0.4788,-0.0219,-0.1906,0.0221,0.037,1.0422,-0.0528,1.5668,0.000244,0.0002,0.0
29.565,FLIGHT,0.902,1.5401,0.4412,0.4779,0.4359,0.4743,-0.0218,-0.1905,0.0215,0.0368,1.0426,-0.054,1.5678,0.000245,0.0002,0.0
29.57,FLIGHT,0.9042,1.5425,0.4349,0.4734,0.4288,0.4689,-0.0217,-0.1903,0.0208,0.0366,1.0429,-0.0552,1.5689,0.000246,0.0001,0.0
29.575,FLIGHT,0.9063,1.5448,0.4278,0.4679,0.4211,0.4625,-0.0216,-0.1901,0.0201,0.0362,1.0432,-0.0563,1.5699,0.000246,0.0001,0.0
29.58,FLIGHT,0.9084,1.5471,0.42,0.4614,0.4127,0.4552,-0.0215,-0.1899,0.0194,0.0358,1.0434,-0.0574,1.5709,0.000247,0.0001,0.0
29.585,FLIGHT,0.9104,1.5494,0.4115,0.4541,0.4036,0.4471,-0.0214,-0.1897,0.0187,0.0353,1.0436,-0.0585,1.572,0.000247,0.0001,0.0
29.59,FLIGHT,0.9124,1.5516,0.4024,0.4459,0.3941,0.4383,-0.0213,-0.1896,0.0179,0.0348,1.0439,-0.0594,1.573,0.000247,0.0001,0.0
29.595,FLIGHT,0.9144,1.5538,0.3929,0.4371,0.384,0.4288,-0.0212,-0.1894,0.0172,0.0342,1.044,-0.0604,1.5739,0.000248,0.0,0.0
29.6,FLIGHT,0.9163,1.5559,0.3828,0.4275,0.3736,0.4186,-0.0211,-0.1892,0.0165,0.0335,1.0442,-0.0613,1.5749,0.000248,0.0,0.0
29.605,FLIGHT,0.9181,1.5579,0.3723,0.4173,0.3627,0.4079,-0.0211,-0.1891,0.0158,0.0328,1.0443,-0.0621,1.5758,0.000248,0.0,0.0
29.61,FLIGHT,0.9199,1.5599,0.3614,0.4065,0.3515,0.3966,-0.021,-0.1889,0.0151,0.032,1.0444,-0.0629,1.5768,0.000248,-0.0,0.0
29.615,FLIGHT,0.9216,1.5619,0.3502,0.3952,0.34,0.3849,-0.0209,-0.1888,0.0144,0.0312,1.0445,-0.0637,1.5777,0.000248,-0.0,0.0
29.62,FLIGHT,0.9233,1.5638,0.3387,0.3835,0.3282,0.3727,-0.0208,-0.1886,0.0138,0.0303,1.0446,-0.0644,1.5786,0.000248,-0.0,0.0
29.625,FLIGHT,0.9249,1.5656,0.3269,0.3713,0.3163,0.3602,-0.0208,-0.1885,0.0131,0.0294,1.0446,-0.065,1.5794,0.000247,-0.0,0.0
29.63,FLIGHT,0.9265,1.5674,0.315,0.3588,0.3042,0.3474,-0.0207,-0.1883,0.0124,0.0284,1.0446,-0.0656,1.5803,0.000247,-0.0001,0.0
29.635,FLIGHT,0.9279,1.5691,0.3029,0.3459,0.292,0.3343,-0.0207,-0.1882,0.0118,0.0275,1.0446,-0.0662,1.5811,0.000247,-0.0001,0.0
29.64,FLIGHT,0.9294,1.5707,0.2907,0.3328,0.2797,0.321,-0.0206,-0.1881,0.0112,0.0265,1.0445,-0.0667,1.5819,0.000246,-0.0001,0.0
29.645,FLIGHT,0.9307,1.5723,0.2784,0.3195,0.2674,0.3075,-0.0206,-0.1879,0.0106,0.0254,1.0445,-0.0672,1.5826,0.000246,-0.0001,0.0
29.65,FLIGHT,0.932,1.5738,0.2661,0.306,0.255,0.2939,-0.0205,-0.1878,0.01,0.0244,1.0443,-0.0676,1.5834,0.000246,-0.0001,0.0
29.655,FLIGHT,0.9333,1.5753,0.2537,0.2924,0.2427,0.2802,-0.0205,-0.1877,0.0094,0.0234,1.0442,-0.068,1.5841,0.000245,-0.0001,0.0
29.66,FLIGHT,0.9345,1.5766,0.2415,0.2788,0.2305,0.2665,-0.0204,-0.1876,0.0089,0.0223,1.0441,-0.0683,1.5847,0.000245,-0.0001,0.0
29.665,FLIGHT,0.9356,1.5779,0.2293,0.265,0.2184,0.2528,-0.0204,-0.1875,0.0084,0.0212,1.0439,-0.0686,1.5854,0.000244,-0.0001,0.0
29.67,FLIGHT,0.9367,1.5791,0.2171,0.2513,0.2063,0.2391,-0.0203,-0.1874,0.0079,0.0201,1.0436,-0.0689,1.586,0.000243,-0.0001,0.0
29.675,FLIGHT,0.9377,1.5803,0.2052,0.2377,0.1945,0.2254,-0.0203,-0.1873,0.0074,0.0191,1.0434,-0.0691,1.5866,0.000243,-0.0001,0.0
29.68,FLIGHT,0.9386,1.5814,0.1933,0.2241,0.1828,0.2119,-0.0203,-0.1872,0.007,0.018,1.0431,-0.0693,1.5872,0.000242,-0.0001,0.0
29.685,FLIGHT,0.9395,1.5824,0.1817,0.2106,0.1713,0.1985,-0.0202,-0.1871,0.0065,0.0169,1.0428,-0.0695,1.5878,0.000241,-0.0001,0.0
29.69,FLIGHT,0.9403,1.5834,0.1702,0.1972,0.16,0.1853,-0.0202,-0.1871,0.0061,0.0158,1.0425,-0.0696,1.5883,0.000241,-0.0001,0.0
29.695,FLIGHT,0.9411,1.5843,0.159,0.184,0.149,0.1723,-0.0202,-0.187,0.0057,0.0148,1.0422,-0.0697,1.5888,0.00024,-0.0001,0.0
29.7,FLIGHT,0.9418,1.5851,0.148,0.171,0.1382,0.1595,-0.0202,-0.1869,0.0053,0.0137,1.0418,-0.0697,1.5892,0.000239,-0.0001,0.0
29.705,FLIGHT,0.9425,1.5859,0.1372,0.1583,0.1277,0.1469,-0.0201,-0.1869,0.005,0.0127,1.0414,-0.0698,1.5897,0.000239,-0.0001,0.0
29.71,FLIGHT,0.9431,1.5866,0.1268,0.1458,0.1175,0.1347,-0.0201,-0.1868,0.0047,0.0117,1.0409,-0.0698,1.5901,0.000238,-0.0001,0.0
29.715,FLIGHT,0.9436,1.5872,0.1166,0.1335,0.1076,0.1227,-0.0201,-0.1867,0.0044,0.0107,1.0405,-0.0697,1.5905,0.000237,-0.0001,0.0
29.72,FLIGHT,0.9442,1.5878,0.1067,0.1215,0.098,0.111,-0.0201,-0.1867,0.0041,0.0097,1.04,-0.0697,1.5908,0.000237,-0.0001,0.0
29.725,FLIGHT,0.9446,1.5883,0.0972,0.1099,0.0888,0.0996,-0.02,-0.1867,0.0038,0.0088,1.0395,-0.0696,1.5912,0.000236,-0.0001,0.0
29.73,FLIGHT,0.9451,1.5888,0.088,0.0985,0.0799,0.0885,-0.02,-0.1866,0.0036,0.0079,1.039,-0.0695,1.5915,0.000235,-0.0001,0.0
29.735,FLIGHT,0.9454,1.5892,0.0791,0.0875,0.0713,0.0778,-0.02,-0.1866,0.0033,0.007,1.0384,-0.0694,1.5918,0.000235,-0.0001,0.0
29.74,FLIGHT,0.9458,1.5896,0.0706,0.0769,0.0631,0.0675,-0.02,-0.1866,0.0031,0.0061,1.0378,-0.0693,1.5921,0.000234,-0.0001,0.0
29.745,FLIGHT,0.9461,1.5899,0.0624,0.0666,0.0552,0.0576,-0.02,-0.1865,0.003,0.0053,1.0372,-0.0691,1.5923,0.000233,-0.0001,0.0
29.75,FLIGHT,0.9463,1.5902,0.0545,0.0567,0.0477,0.048,-0.02,-0.1865,0.0028,0.0045,1.0366,-0.0689,1.5925,0.000233,-0.0001,0.0
29.755,FLIGHT,0.9465,1.5904,0.0471,0.0472,0.0405,0.0388,-0.02,-0.1865,0.0026,0.0037,1.0359,-0.0688,1.5927,0.000232,-0.0001,0.0
29.76,FLIGHT,0.9467,1.5905,0.04,0.038,0.0338,0.03,-0.0199,-0.1865,0.0025,0.0029,1.0353,-0.0686,1.5929,0.000231,-0.0001,0.0
29.765,FLIGHT,0.9469,1.5907,0.0332,0.0293,0.0273,0.0216,-0.0199,-0.1865,0.0024,0.0022,1.0346,-0.0683,1.5931,0.000231,-0.0001,0.0
29.77,FLIGHT,0.947,1.5908,0.0268,0.0209,0.0213,0.0136,-0.0199,-0.1865,0.0023,0.0015,1.0338,-0.0681,1.5932,0.00023,-0.0001,0.0
29.775,FLIGHT,0.9471,1.5908,0.0208,0.013,0.0155,0.006,-0.0199,-0.1865,0.0022,0.0009,1.0331,-0.0679,1.5934,0.00023,-0.0001,0.0
29.78,FLIGHT,0.9472,1.5908,0.0151,0.0054,0.0102,-0.0012,-0.0199,-0.1865,0.0021,0.0002,1.0323,-0.0677,1.5935,0.000229,-0.0001,0.0
29.785,FLIGHT,0.9472,1.5908,0.0098,-0.0017,0.0052,-0.008,-0.0199,-0.1865,0.0021,-0.0004,1.0316,-0.0674,1.5936,0.000229,-0.0001,0.0
29.79,FLIGHT,0.9472,1.5907,0.0048,-0.0085,0.0005,-0.0144,-0.0199,-0.1865,0.002,-0.0009,1.0307,-0.0672,1.5937,0.000228,-0.0001,0.0
29.795,FLIGHT,0.9472,1.5907,0.0002,-0.0148,-0.0038,-0.0203,-0.0199,-0.1865,0.002,-0.0015,1.0299,-0.0669,1.5937,0.000228,-0.0001,0.0
29.8,FLIGHT,0.9472,1.5905,-0.0041,-0.0208,-0.0078,-0.0259,-0.0199,-0.1865,0.002,-0.002,1.0291,-0.0666,1.5938,0.000227,-0.0001,0.0
29.805,FLIGHT,0.9471,1.5904,-0.008,-0.0263,-0.0114,-0.0311,-0.0199,-0.1865,0.0019,-0.0024,1.0282,-0.0664,1.5938,0.000227,-0.0001,0.0
29.81,FLIGHT,0.9471,1.5902,-0.0116,-0.0315,-0.0147,-0.036,-0.0198,-0.1865,0.0019,-0.0028,1.0273,-0.0661,1.5938,0.000226,-0.0001,0.0
29.815,FLIGHT,0.947,1.59,-0.0149,-0.0363,-0.0178,-0.0404,-0.0198,-0.1865,0.0019,-0.0033,1.0264,-0.0659,1.5938,0.000226,-0.0001,0.0
29.82,FLIGHT,0.9469,1.5898,-0.0179,-0.0407,-0.0205,-0.0445,-0.0198,-0.1866,0.002,-0.0036,1.0255,-0.0656,1.5938,0.000226,-0.0001,0.0
29.825,FLIGHT,0.9468,1.5896,-0.0206,-0.0447,-0.0229,-0.0482,-0.0198,-0.1866,0.002,-0.004,1.0246,-0.0653,1.5938,0.000225,-0.0001,0.0
29.83,FLIGHT,0.9467,1.5893,-0.023,-0.0484,-0.025,-0.0515,-0.0198,-0.1866,0.002,-0.0043,1.0236,-0.0651,1.5938,0.000225,-0.0001,0.0
29.835,FLIGHT,0.9465,1.5891,-0.0251,-0.0517,-0.0269,-0.0545,-0.0198,-0.1866,0.0021,-0.0046,1.0227,-0.0648,1.5938,0.000225,-0.0001,0.0
29.84,FLIGHT,0.9464,1.5888,-0.027,-0.0547,-0.0285,-0.0572,-0.0198,-0.1866,0.0021,-0.0048,1.0217,-0.0646,1.5937,0.000224,-0.0001,0.0
29.845,FLIGHT,0.9462,1.5885,-0.0286,-0.0573,-0.0299,-0.0596,-0.0198,-0.1867,0.0022,-0.005,1.0207,-0.0643,1.5937,0.000224,-0.0001,0.0
29.85,FLIGHT,0.9461,1.5882,-0.0299,-0.0596,-0.031,-0.0616,-0.0198,-0.1867,0.0022,-0.0052,1.0197,-0.0641,1.5936,0.000224,-0.0,0.0
29.855,FLIGHT,0.9459,1.5879,-0.031,-0.0616,-0.0318,-0.0633,-0.0198,-0.1867,0.0023,-0.0054,1.0186,-0.0638,1.5936,0.000224,-0.0,0.0
29.86,FLIGHT,0.9458,1.5876,-0.0318,-0.0633,-0.0325,-0.0647,-0.0197,-0.1867,0.0023,-0.0056,1.0176,-0.0636,1.5935,0.000223,-0.0,0.0
29.865,FLIGHT,0.9456,1.5872,-0.0324,-0.0647,-0.0329,-0.0659,-0.0197,-0.1868,0.0024,-0.0057,1.0165,-0.0634,1.5934,0.000223,-0.0,0.0
29.87,FLIGHT,0.9454,1.5869,-0.0329,-0.0659,-0.0331,-0.0667,-0.0197,-0.1868,0.0025,-0.0058,1.0154,-0.0631,1.5934,0.000223,-0.0,0.0
29.875,FLIGHT,0.9453,1.5866,-0.0331,-0.0667,-0.0332,-0.0673,-0.0197,-0.1868,0.0025,-0.0059,1.0144,-0.0629,1.5933,0.000223,-0.0,0.0
29.88,FLIGHT,0.9451,1.5862,-0.0331,-0.0673,-0.0331,-0.0677,-0.0197,-0.1869,0.0026,-0.0059,1.0132,-0.0627,1.5932,0.000223,-0.0,0.0
29.885,FLIGHT,0.9449,1.5859,-0.033,-0.0676,-0.0328,-0.0678,-0.0197,-0.1869,0.0027,-0.0059,1.0121,-0.0625,1.5931,0.000223,-0.0,0.0
29.89,FLIGHT,0.9448,1.5856,-0.0327,-0.0677,-0.0323,-0.0677,-0.0197,-0.1869,0.0027,-0.006,1.011,-0.0623,1.593,0.000223,-0.0,0.0
29.895,FLIGHT,0.9446,1.5852,-0.0322,-0.0676,-0.0317,-0.0674,-0.0196,-0.187,0.0028,-0.006,1.0098,-0.0621,1.5929,0.000223,-0.0,0.0
29.9,FLIGHT,0.9445,1.5849,-0.0316,-0.0673,-0.031,-0.0669,-0.0196,-0.187,0.0029,-0.0059,1.0087,-0.062,1.5929,0.000222,-0.0,0.0
29.905,FLIGHT,0.9443,1.5846,-0.0309,-0.0667,-0.0301,-0.0662,-0.0196,-0.187,0.003,-0.0059,1.0075,-0.0618,1.5928,0.000222,-0.0,0.0
29.91,FLIGHT,0.9442,1.5842,-0.03,-0.066,-0.0292,-0.0653,-0.0196,-0.187,0.003,-0.0058,1.0063,-0.0616,1.5927,0.000222,-0.0,0.0
29.915,FLIGHT,0.944,1.5839,-0.029,-0.0651,-0.0281,-0.0642,-0.0196,-0.1871,0.0031,-0.0058,1.0051,-0.0615,1.5926,0.000222,-0.0,0.0
29.92,FLIGHT,0.9439,1.5836,-0.028,-0.0641,-0.027,-0.063,-0.0196,-0.1871,0.0031,-0.0057,1.0039,-0.0614,1.5925,0.000222,0.0,0.0
29.925,FLIGHT,0.9437,1.5833,-0.0268,-0.0628,-0.0257,-0.0617,-0.0196,-0.1871,0.0032,-0.0056,1.0027,-0.0612,1.5924,0.000222,0.0,0.0
29.93,FLIGHT,0.9436,1.583,-0.0255,-0.0615,-0.0244,-0.0602,-0.0195,-0.1872,0.0033,-0.0055,1.0015,-0.0611,1.5923,0.000222,0.0,0.0
29.935,FLIGHT,0.9435,1.5827,-0.0242,-0.06,-0.023,-0.0586,-0.0195,-0.1872,0.0033,-0.0054,1.0002,-0.061,1.5922,0.000223,0.0,0.0
29.94,STANCE,0.945,1.5828,0.2501,-0.0058,0.7872,-0.1661,-0.0193,-0.1872,0.0476,-0.0054,0.9992,0.1838,-0.5293,-0.001065,-0.5791,0.1169
29.945,STANCE,0.9501,1.578,0.782,-0.7699,1.0948,-1.9928,-0.0177,-0.1878,0.2484,-0.0875,0.9978,-0.1647,-0.8794,-0.004012,-0.4849,0.101
29.95,STANCE,0.9517,1.5743,0.3967,-0.6138,-0.166,0.1747,-0.0169,-0.1881,0.1559,-0.065,0.9974,-0.2345,-1.5619,-0.005343,-0.1155,0.0284
29.955,STANCE,0.951,1.5754,0.0519,-0.0614,0.0411,0.0191,-0.0171,-0.188,0.0179,-0.0067,0.9978,-0.3175,-2.3296,-0.005598,-0.0075,0.0071
29.96,STANCE,0.9529,1.5732,0.3013,-0.3781,0.6746,-1.0421,-0.0165,-0.1883,0.1069,-0.0408,0.9981,-0.6556,-2.5485,-0.005524,0.0403,0.0055
29.965,STANCE,0.9564,1.5619,0.6055,-1.6984,1.0378,-2.2736,-0.0143,-0.1894,0.3423,-0.1663,0.998,-1.0398,-2.0713,-0.004942,0.1083,0.0049
29.97,STANCE,0.9618,1.5477,0.9315,-2.5185,1.2447,-2.9136,-0.0114,-0.1907,0.5198,-0.2376,0.998,-1.3915,-1.5432,-0.004182,0.1545,0.0042
29.975,STANCE,0.9693,1.5312,1.3598,-3.0603,1.8675,-3.3825,-0.0077,-0.1923,0.6836,-0.2763,0.9982,-1.7017,-0.915,-0.003667,0.0189,0.0037
29.98,STANCE,0.9786,1.513,1.6862,-3.4838,1.7437,-3.8914,-0.0034,-0.1939,0.8156,-0.2949,0.9984,-1.8457,-0.1955,-0.003544,0.0516,0.0035
29.985,STANCE,0.9869,1.4939,1.6512,-3.7118,1.5437,-3.7106,0.0009,-0.1954,0.8517,-0.2922,0.9986,-1.6749,0.4843,-0.003278,0.0583,0.0033
29.99,STANCE,0.9934,1.4758,1.3853,-3.6401,1.0725,-3.4851,0.0048,-0.1968,0.7983,-0.2686,0.999,-1.2572,0.9949,-0.002848,0.1074,0.0028
29.995,STANCE,0.9979,1.4593,1.0286,-3.3801,0.6571,-3.173,0.0081,-0.198,0.697,-0.237,0.9995,-0.7294,1.3218,-0.002251,0.1464,0.0023
30.0,STANCE,1.0006,1.4445,0.6922,-3.0895,0.4313,-2.8411,0.0108,-0.199,0.5926,-0.2088,1.0,-0.2684,1.4868,-0.001525,0.1507,0.0015
