t,phase,hip_pos,knee_pos,hip_vel_est,knee_vel_est,hip_vel_real,knee_vel_real,foot_x,foot_z,foot_vx,foot_vz,foot_z_world,tau_hip,tau_knee,foot_compression,foot_spring_vel,Fn_sensor
0.005,FLIGHT,1.0453,0.9016,-0.3357,0.3021,-1.2475,1.2681,0.1064,-0.2095,-0.1191,-0.0428,1.0752,-2.9794,3.38,3.9e-05,0.0143,0.0
0.01,FLIGHT,1.0345,0.9131,-1.6717,1.7551,-2.9837,3.1936,0.1023,-0.2109,-0.6365,-0.2056,1.0757,-2.364,2.9714,0.000126,0.0193,0.0
0.015,FLIGHT,1.0167,0.9322,-3.011,3.2276,-4.0378,4.3611,0.0954,-0.213,-1.1655,-0.3315,1.0765,-1.6247,2.4725,0.000222,0.0183,0.0
0.02,FLIGHT,0.9952,0.9555,-3.9003,4.2196,-4.4629,4.8598,0.087,-0.2151,-1.5265,-0.3666,1.0774,-1.015,2.0569,0.000303,0.0137,0.0
0.025,FLIGHT,0.9728,0.9801,-4.2901,4.6839,-4.4437,4.8951,0.0782,-0.2171,-1.6947,-0.3297,1.0783,-0.5934,1.7675,0.000357,0.0081,0.0
0.03,FLIGHT,0.9512,1.004,-4.2925,4.7439,-4.1648,4.6631,0.0695,-0.2185,-1.7103,-0.2577,1.0793,-0.3341,1.5894,0.000385,0.003,0.0
0.035,FLIGHT,0.9313,1.0265,-4.0512,4.5522,-3.7643,4.308,0.0615,-0.2196,-1.6282,-0.1789,1.0801,-0.1888,1.491,0.00039,-0.0009,0.0002
0.04,FLIGHT,0.9136,1.0471,-3.6855,4.2337,-3.329,3.9197,0.0543,-0.2202,-1.4956,-0.1084,1.0808,-0.1134,1.4425,0.000378,-0.0034,0.0007
0.045,FLIGHT,0.898,1.0657,-3.2761,3.8724,-2.9062,3.5463,0.0479,-0.2206,-1.345,-0.0515,1.0814,-0.0761,1.4217,0.000357,-0.0048,0.001
0.05,FLIGHT,0.8845,1.0826,-2.8704,3.5166,-2.517,3.2089,0.0422,-0.2207,-1.1955,-0.0083,1.0819,-0.0571,1.4146,0.000332,-0.0053,0.0011
0.055,FLIGHT,0.8728,1.0979,-2.4916,3.1897,-2.1677,2.913,0.0372,-0.2206,-1.0565,0.0234,1.0823,-0.0457,1.4133,0.000306,-0.0051,0.001
0.06,FLIGHT,0.8628,1.1118,-2.1483,2.8996,-1.8573,2.6569,0.0327,-0.2204,-0.9316,0.0461,1.0826,-0.0367,1.4138,0.000281,-0.0046,0.0009
0.065,FLIGHT,0.8542,1.1245,-1.8412,2.6466,-1.582,2.4357,0.0289,-0.2202,-0.8211,0.0621,1.0829,-0.0281,1.4147,0.00026,-0.0039,0.0008
0.07,FLIGHT,0.8469,1.1362,-1.5679,2.4272,-1.3372,2.2445,0.0254,-0.2198,-0.7239,0.073,1.083,-0.0194,1.4153,0.000242,-0.0032,0.0006
0.075,FLIGHT,0.8408,1.147,-1.3246,2.2369,-1.119,2.0783,0.0224,-0.2195,-0.6384,0.0803,1.0831,-0.0109,1.4158,0.000228,-0.0024,0.0005
0.08,FLIGHT,0.8357,1.157,-1.1075,2.0715,-0.9239,1.9334,0.0197,-0.2191,-0.563,0.0848,1.0831,-0.0028,1.4163,0.000218,-0.0017,0.0003
0.085,FLIGHT,0.8315,1.1663,-0.9135,1.9273,-0.7493,1.8066,0.0174,-0.2186,-0.4965,0.0874,1.083,0.0047,1.417,0.000211,-0.001,0.0002
0.09,FLIGHT,0.8281,1.1751,-0.7399,1.8011,-0.5928,1.6954,0.0153,-0.2182,-0.4376,0.0885,1.0829,0.0114,1.418,0.000208,-0.0005,0.0001
0.095,FLIGHT,0.8255,1.1833,-0.5844,1.6905,-0.4527,1.5977,0.0135,-0.2178,-0.3854,0.0886,1.0827,0.0172,1.4192,0.000206,-0.0,0.0
0.1,FLIGHT,0.8236,1.1911,-0.4452,1.5933,-0.3274,1.5118,0.0119,-0.2174,-0.3392,0.088,1.0825,0.0222,1.4207,0.000207,0.0003,0.0
0.105,FLIGHT,0.8222,1.1985,-0.3207,1.5079,-0.2155,1.4361,0.0104,-0.217,-0.2982,0.087,1.0823,0.0264,1.4224,0.00021,0.0006,0.0
0.11,FLIGHT,0.8214,1.2055,-0.2096,1.4326,-0.1157,1.3694,0.0092,-0.2165,-0.2619,0.0856,1.082,0.0299,1.4244,0.000214,0.0009,0.0
0.115,FLIGHT,0.8211,1.2122,-0.1105,1.3663,-0.0269,1.3105,0.0081,-0.2161,-0.2298,0.084,1.0816,0.0328,1.4265,0.000218,0.001,0.0
0.12,FLIGHT,0.8211,1.2186,-0.0224,1.3077,0.052,1.2584,0.0072,-0.2157,-0.2014,0.0824,1.0813,0.0352,1.4288,0.000224,0.0011,0.0
0.125,FLIGHT,0.8216,1.2248,0.0559,1.2559,0.1218,1.2123,0.0063,-0.2153,-0.1763,0.0807,1.0809,0.0371,1.4311,0.00023,0.0012,0.0
0.13,FLIGHT,0.8223,1.2307,0.1251,1.21,0.1834,1.1712,0.0056,-0.2149,-0.1541,0.079,1.0804,0.0385,1.4336,0.000236,0.0012,0.0
0.135,FLIGHT,0.8234,1.2365,0.1863,1.1691,0.2377,1.1346,0.005,-0.2146,-0.1346,0.0774,1.08,0.0396,1.436,0.000242,0.0012,0.0
0.14,FLIGHT,0.8247,1.2421,0.2402,1.1327,0.2854,1.1019,0.0044,-0.2142,-0.1173,0.0759,1.0795,0.0404,1.4386,0.000248,0.0012,0.0
0.145,FLIGHT,0.8262,1.2475,0.2875,1.1001,0.3271,1.0724,0.0039,-0.2138,-0.1022,0.0745,1.079,0.041,1.4411,0.000254,0.0012,0.0
0.15,FLIGHT,0.828,1.2528,0.3289,1.0708,0.3635,1.0459,0.0035,-0.2135,-0.0888,0.0731,1.0785,0.0413,1.4437,0.00026,0.0011,0.0
0.155,FLIGHT,0.8299,1.258,0.365,1.0443,0.395,1.0217,0.0032,-0.2131,-0.0771,0.0718,1.078,0.0413,1.4462,0.000265,0.001,0.0
0.16,FLIGHT,0.8319,1.263,0.3962,1.0203,0.4222,0.9997,0.0028,-0.2128,-0.0668,0.0706,1.0774,0.0413,1.4488,0.00027,0.001,0.0
0.165,FLIGHT,0.8341,1.268,0.4232,0.9983,0.4456,0.9795,0.0026,-0.2124,-0.0578,0.0695,1.0768,0.041,1.4513,0.000275,0.0009,0.0
0.17,FLIGHT,0.8363,1.2728,0.4464,0.9782,0.4655,0.9609,0.0023,-0.2121,-0.0499,0.0685,1.0763,0.0407,1.4539,0.000279,0.0008,0.0
0.175,FLIGHT,0.8387,1.2776,0.4661,0.9596,0.4823,0.9436,0.0021,-0.2117,-0.0429,0.0675,1.0756,0.0402,1.4564,0.000283,0.0007,0.0
0.18,FLIGHT,0.8412,1.2823,0.4827,0.9424,0.4964,0.9275,0.002,-0.2114,-0.0369,0.0665,1.075,0.0396,1.4589,0.000287,0.0007,0.0
0.185,FLIGHT,0.8437,1.2869,0.4966,0.9263,0.508,0.9123,0.0018,-0.2111,-0.0316,0.0657,1.0744,0.039,1.4613,0.00029,0.0006,0.0
0.19,FLIGHT,0.8462,1.2914,0.5081,0.9112,0.5174,0.898,0.0017,-0.2108,-0.027,0.0648,1.0738,0.0383,1.4638,0.000292,0.0005,0.0
0.195,FLIGHT,0.8488,1.2958,0.5174,0.8969,0.5248,0.8844,0.0016,-0.2104,-0.023,0.064,1.0731,0.0375,1.4662,0.000295,0.0004,0.0
0.2,FLIGHT,0.8515,1.3002,0.5248,0.8833,0.5306,0.8714,0.0015,-0.2101,-0.0195,0.0633,1.0724,0.0367,1.4685,0.000297,0.0004,0.0
0.205,FLIGHT,0.8541,1.3045,0.5304,0.8703,0.5348,0.8589,0.0014,-0.2098,-0.0164,0.0625,1.0717,0.0359,1.4709,0.000299,0.0003,0.0
0.21,FLIGHT,0.8568,1.3088,0.5345,0.8579,0.5376,0.8469,0.0014,-0.2095,-0.0138,0.0618,1.0711,0.035,1.4731,0.0003,0.0003,0.0
0.215,FLIGHT,0.8595,1.313,0.5373,0.8459,0.5393,0.8353,0.0013,-0.2092,-0.0115,0.0611,1.0703,0.0341,1.4754,0.000301,0.0002,0.0
0.22,FLIGHT,0.8622,1.3172,0.5389,0.8342,0.5399,0.824,0.0013,-0.2089,-0.0096,0.0604,1.0696,0.0332,1.4776,0.000302,0.0002,0.0
0.225,FLIGHT,0.8649,1.3213,0.5395,0.8229,0.5395,0.813,0.0012,-0.2086,-0.0079,0.0598,1.0689,0.0323,1.4798,0.000303,0.0001,0.0
0.23,FLIGHT,0.8676,1.3253,0.5391,0.8119,0.5384,0.8022,0.0012,-0.2083,-0.0064,0.0591,1.0682,0.0313,1.482,0.000304,0.0001,0.0
0.235,FLIGHT,0.8703,1.3293,0.5379,0.8012,0.5365,0.7916,0.0012,-0.208,-0.0052,0.0585,1.0674,0.0304,1.4841,0.000304,0.0001,0.0
0.24,FLIGHT,0.873,1.3332,0.536,0.7906,0.5341,0.7812,0.0012,-0.2077,-0.0041,0.0579,1.0666,0.0295,1.4861,0.000304,0.0,0.0
0.245,FLIGHT,0.8756,1.3371,0.5335,0.7802,0.531,0.771,0.0011,-0.2075,-0.0032,0.0572,1.0659,0.0285,1.4882,0.000304,-0.0,0.0
0.25,FLIGHT,0.8783,1.3409,0.5305,0.77,0.5275,0.761,0.0011,-0.2072,-0.0024,0.0566,1.0651,0.0275,1.4902,0.000304,-0.0,0.0
0.255,FLIGHT,0.8809,1.3447,0.527,0.76,0.5236,0.751,0.0011,-0.2069,-0.0018,0.056,1.0643,0.0266,1.4921,0.000304,-0.0001,0.0
0.26,FLIGHT,0.8835,1.3484,0.523,0.75,0.5193,0.7412,0.0011,-0.2066,-0.0012,0.0554,1.0635,0.0256,1.4941,0.000304,-0.0001,0.0
0.265,FLIGHT,0.8861,1.3521,0.5187,0.7402,0.5148,0.7315,0.0011,-0.2063,-0.0008,0.0548,1.0626,0.0247,1.4959,0.000303,-0.0001,0.0
0.27,FLIGHT,0.8887,1.3557,0.5142,0.7305,0.5099,0.7218,0.0011,-0.2061,-0.0004,0.0542,1.0618,0.0237,1.4978,0.000303,-0.0001,0.0
0.275,FLIGHT,0.8912,1.3593,0.5093,0.7209,0.5049,0.7123,0.0011,-0.2058,-0.0,0.0536,1.061,0.0228,1.4996,0.000302,-0.0001,0.0
0.28,FLIGHT,0.8937,1.3629,0.5043,0.7113,0.4996,0.7028,0.0011,-0.2055,0.0002,0.053,1.0601,0.0219,1.5014,0.000302,-0.0001,0.0
0.285,FLIGHT,0.8962,1.3664,0.499,0.7019,0.4942,0.6935,0.0011,-0.2053,0.0004,0.0524,1.0592,0.0209,1.5032,0.000301,-0.0001,0.0
0.29,FLIGHT,0.8987,1.3698,0.4936,0.6925,0.4887,0.6842,0.0011,-0.205,0.0006,0.0518,1.0583,0.02,1.5049,0.0003,-0.0002,0.0
0.295,FLIGHT,0.9011,1.3732,0.4881,0.6832,0.4831,0.675,0.0011,-0.2048,0.0007,0.0512,1.0574,0.0191,1.5066,0.000299,-0.0002,0.0
0.3,FLIGHT,0.9035,1.3766,0.4824,0.674,0.4773,0.6658,0.0011,-0.2045,0.0009,0.0506,1.0565,0.0182,1.5082,0.000299,-0.0002,0.0
0.305,FLIGHT,0.9059,1.3799,0.4767,0.6649,0.4715,0.6567,0.0011,-0.2043,0.0009,0.05,1.0556,0.0173,1.5099,0.000298,-0.0002,0.0
0.31,FLIGHT,0.9082,1.3831,0.4709,0.6558,0.4657,0.6478,0.0011,-0.204,0.001,0.0494,1.0547,0.0164,1.5115,0.000297,-0.0002,0.0
0.315,FLIGHT,0.9105,1.3863,0.465,0.6469,0.4598,0.6388,0.0012,-0.2038,0.001,0.0488,1.0537,0.0155,1.513,0.000296,-0.0002,0.0
0.32,FLIGHT,0.9128,1.3895,0.4592,0.6379,0.4539,0.63,0.0012,-0.2035,0.0011,0.0482,1.0528,0.0146,1.5146,0.000295,-0.0002,0.0
0.325,FLIGHT,0.9151,1.3926,0.4532,0.6291,0.4479,0.6212,0.0012,-0.2033,0.0011,0.0477,1.0518,0.0137,1.5161,0.000294,-0.0002,0.0
0.33,FLIGHT,0.9173,1.3957,0.4473,0.6203,0.442,0.6125,0.0012,-0.2031,0.0011,0.0471,1.0508,0.0129,1.5175,0.000293,-0.0002,0.0
0.335,FLIGHT,0.9195,1.3988,0.4414,0.6117,0.4361,0.6039,0.0012,-0.2028,0.0011,0.0465,1.0498,0.012,1.519,0.000292,-0.0002,0.0
0.34,FLIGHT,0.9216,1.4018,0.4355,0.603,0.4301,0.5954,0.0012,-0.2026,0.001,0.0459,1.0488,0.0112,1.5204,0.000291,-0.0002,0.0
0.345,FLIGHT,0.9238,1.4047,0.4295,0.5945,0.4242,0.5869,0.0012,-0.2024,0.001,0.0453,1.0478,0.0103,1.5218,0.00029,-0.0002,0.0
0.35,FLIGHT,0.9259,1.4076,0.4236,0.5861,0.4184,0.5785,0.0012,-0.2022,0.001,0.0448,1.0468,0.0095,1.5232,0.000289,-0.0002,0.0
0.355,FLIGHT,0.928,1.4105,0.4177,0.5777,0.4125,0.5702,0.0012,-0.202,0.0009,0.0442,1.0457,0.0087,1.5245,0.000288,-0.0002,0.0
0.36,FLIGHT,0.93,1.4133,0.4119,0.5694,0.4067,0.562,0.0012,-0.2017,0.0009,0.0436,1.0447,0.0078,1.5259,0.000287,-0.0002,0.0
0.365,FLIGHT,0.932,1.4161,0.4061,0.5612,0.4009,0.5538,0.0012,-0.2015,0.0009,0.0431,1.0436,0.007,1.5272,0.000286,-0.0002,0.0
0.37,FLIGHT,0.934,1.4189,0.4003,0.553,0.3951,0.5458,0.0012,-0.2013,0.0008,0.0425,1.0425,0.0062,1.5284,0.000285,-0.0002,0.0
0.375,FLIGHT,0.936,1.4216,0.3945,0.545,0.3894,0.5378,0.0012,-0.2011,0.0008,0.0419,1.0414,0.0054,1.5297,0.000284,-0.0002,0.0
0.38,FLIGHT,0.9379,1.4243,0.3888,0.537,0.3837,0.5299,0.0012,-0.2009,0.0007,0.0414,1.0403,0.0046,1.5309,0.000283,-0.0002,0.0
0.385,FLIGHT,0.9398,1.4269,0.3831,0.5291,0.3781,0.5221,0.0012,-0.2007,0.0007,0.0408,1.0392,0.0039,1.5321,0.000282,-0.0002,0.0
0.39,FLIGHT,0.9417,1.4295,0.3775,0.5213,0.3725,0.5144,0.0012,-0.2005,0.0006,0.0403,1.0381,0.0031,1.5333,0.000281,-0.0002,0.0
0.395,FLIGHT,0.9435,1.432,0.3719,0.5136,0.367,0.5067,0.0012,-0.2003,0.0006,0.0397,1.0369,0.0023,1.5345,0.00028,-0.0002,0.0
0.4,FLIGHT,0.9454,1.4345,0.3664,0.506,0.3615,0.4992,0.0012,-0.2001,0.0005,0.0392,1.0358,0.0016,1.5356,0.000279,-0.0002,0.0
0.405,FLIGHT,0.9472,1.437,0.3609,0.4984,0.356,0.4917,0.0012,-0.1999,0.0005,0.0387,1.0346,0.0008,1.5367,0.000278,-0.0002,0.0
0.41,FLIGHT,0.9489,1.4395,0.3555,0.4909,0.3507,0.4843,0.0012,-0.1997,0.0004,0.0381,1.0334,0.0001,1.5379,0.000276,-0.0002,0.0
0.415,FLIGHT,0.9507,1.4419,0.3501,0.4836,0.3453,0.477,0.0012,-0.1995,0.0003,0.0376,1.0322,-0.0007,1.5389,0.000275,-0.0002,0.0
0.42,FLIGHT,0.9524,1.4442,0.3448,0.4763,0.34,0.4698,0.0012,-0.1993,0.0003,0.0371,1.031,-0.0014,1.54,0.000274,-0.0002,0.0
0.425,FLIGHT,0.9541,1.4466,0.3395,0.4691,0.3348,0.4626,0.0012,-0.1992,0.0002,0.0366,1.0298,-0.0021,1.541,0.000273,-0.0002,0.0
0.43,FLIGHT,0.9557,1.4489,0.3343,0.4619,0.3296,0.4556,0.0012,-0.199,0.0002,0.0361,1.0285,-0.0028,1.5421,0.000272,-0.0002,0.0
0.435,FLIGHT,0.9574,1.4511,0.3291,0.4549,0.3245,0.4486,0.0012,-0.1988,0.0001,0.0356,1.0273,-0.0035,1.5431,0.000271,-0.0002,0.0
0.44,FLIGHT,0.959,1.4533,0.324,0.448,0.3194,0.4418,0.0012,-0.1986,0.0001,0.035,1.026,-0.0042,1.544,0.00027,-0.0002,0.0
0.445,FLIGHT,0.9606,1.4555,0.3189,0.4411,0.3144,0.435,0.0012,-0.1985,0.0,0.0346,1.0248,-0.0049,1.545,0.000269,-0.0002,0.0
0.45,FLIGHT,0.9621,1.4577,0.3139,0.4343,0.3095,0.4283,0.0012,-0.1983,-0.0,0.0341,1.0235,-0.0056,1.546,0.000269,-0.0002,0.0
0.455,FLIGHT,0.9637,1.4598,0.309,0.4276,0.3046,0.4217,0.0012,-0.1981,-0.0001,0.0336,1.0222,-0.0063,1.5469,0.000268,-0.0002,0.0
0.46,FLIGHT,0.9652,1.4619,0.3041,0.421,0.2997,0.4151,0.0012,-0.198,-0.0001,0.0331,1.0209,-0.0069,1.5478,0.000267,-0.0002,0.0
0.465,FLIGHT,0.9667,1.464,0.2992,0.4145,0.2949,0.4087,0.0012,-0.1978,-0.0002,0.0326,1.0196,-0.0076,1.5487,0.000266,-0.0002,0.0
0.47,FLIGHT,0.9681,1.466,0.2944,0.4081,0.2902,0.4023,0.0012,-0.1976,-0.0003,0.0321,1.0182,-0.0083,1.5496,0.000265,-0.0002,0.0
0.475,FLIGHT,0.9696,1.468,0.2897,0.4017,0.2855,0.3961,0.0012,-0.1975,-0.0003,0.0317,1.0169,-0.0089,1.5505,0.000264,-0.0002,0.0
0.48,FLIGHT,0.971,1.47,0.285,0.3955,0.2809,0.3899,0.0012,-0.1973,-0.0004,0.0312,1.0155,-0.0095,1.5513,0.000263,-0.0002,0.0
0.485,FLIGHT,0.9724,1.4719,0.2804,0.3893,0.2763,0.3838,0.0012,-0.1972,-0.0004,0.0307,1.0142,-0.0102,1.5522,0.000262,-0.0002,0.0
0.49,FLIGHT,0.9737,1.4738,0.2758,0.3832,0.2717,0.3777,0.0012,-0.197,-0.0005,0.0303,1.0128,-0.0108,1.553,0.000261,-0.0002,0.0
0.495,FLIGHT,0.9751,1.4757,0.2713,0.3771,0.2673,0.3718,0.0012,-0.1969,-0.0005,0.0298,1.0114,-0.0114,1.5538,0.00026,-0.0002,0.0
0.5,FLIGHT,0.9764,1.4775,0.2668,0.3712,0.2629,0.3659,0.0012,-0.1967,-0.0006,0.0294,1.01,-0.012,1.5546,0.000259,-0.0002,0.0
0.505,FLIGHT,0.9777,1.4793,0.2624,0.3654,0.2585,0.3601,0.0012,-0.1966,-0.0006,0.029,1.0086,-0.0126,1.5554,0.000258,-0.0002,0.0
0.51,FLIGHT,0.979,1.4811,0.2581,0.3596,0.2542,0.3544,0.0012,-0.1964,-0.0007,0.0285,1.0072,-0.0132,1.5561,0.000258,-0.0002,0.0
0.515,FLIGHT,0.9802,1.4829,0.2538,0.3539,0.2499,0.3488,0.0012,-0.1963,-0.0007,0.0281,1.0058,-0.0138,1.5569,0.000257,-0.0002,0.0
0.52,FLIGHT,0.9815,1.4846,0.2495,0.3483,0.2457,0.3433,0.0012,-0.1962,-0.0008,0.0277,1.0043,-0.0144,1.5576,0.000256,-0.0002,0.0
0.525,FLIGHT,0.9827,1.4863,0.2453,0.3427,0.2416,0.3378,0.0012,-0.196,-0.0008,0.0273,1.0029,-0.0149,1.5584,0.000255,-0.0002,0.0
0.53,FLIGHT,0.9839,1.488,0.2412,0.3373,0.2375,0.3324,0.0012,-0.1959,-0.0009,0.0268,1.0014,-0.0155,1.5591,0.000254,-0.0002,0.0
0.535,STANCE,0.9853,1.49,0.2853,0.3943,0.4873,0.6548,0.0012,-0.1957,-0.0004,0.0314,1.0,0.0331,-0.0499,-3.9e-05,-0.2898,0.058
0.54,STANCE,0.99,1.4922,0.7653,0.3984,1.2868,0.1322,0.0018,-0.1956,0.0927,0.0326,0.9988,-0.3618,-0.5543,-0.002335,-0.5445,0.1112
0.545,STANCE,0.9962,1.4895,1.0646,-0.3171,0.8992,-0.7533,0.0034,-0.1958,0.2539,-0.0209,0.9975,-0.8798,-0.7296,-0.004617,-0.2943,0.0635
0.55,STANCE,0.9979,1.489,0.528,-0.1067,0.0238,0.3262,0.0038,-0.1958,0.1187,-0.0062,0.9973,-1.1063,-1.223,-0.005201,-0.0136,0.0079
0.555,STANCE,0.9979,1.4908,0.1748,0.2062,0.0455,0.2799,0.0035,-0.1957,0.0046,0.0165,0.9975,-1.3557,-1.6782,-0.00511,0.0424,0.0051
0.56,STANCE,0.9986,1.4912,0.1674,0.0905,0.2492,-0.1529,0.0036,-0.1956,0.0197,0.0076,0.9978,-1.6639,-1.8186,-0.004797,0.0806,0.0048
0.565,STANCE,0.9998,1.4882,0.1937,-0.4468,0.0732,-1.3541,0.0043,-0.1958,0.1023,-0.0333,0.9979,-1.877,-1.6129,-0.004212,0.1642,0.0042
0.57,STANCE,1.0018,1.4816,0.3663,-1.0389,0.6103,-1.3937,0.0056,-0.1963,0.2221,-0.0761,0.998,-2.022,-1.2036,-0.003958,-0.0155,0.0071
0.575,STANCE,1.0048,1.4738,0.5153,-1.4248,0.3129,-2.027,0.0074,-0.1969,0.3087,-0.1012,0.9981,-2.0003,-0.7435,-0.00406,0.0433,0.0041
0.58,STANCE,1.0065,1.4642,0.3956,-1.7567,0.1167,-2.1115,0.0091,-0.1976,0.3351,-0.1229,0.9982,-1.6975,-0.2238,-0.003962,0.058,0.004
0.585,STANCE,1.0071,1.4543,0.1896,-1.897,-0.0559,-2.0238,0.0106,-0.1983,0.3164,-0.1317,0.9984,-1.2139,0.241,-0.003755,0.064,0.0038
0.59,STANCE,1.0067,1.4446,-0.0101,-1.9251,-0.1252,-1.8766,0.012,-0.199,0.2822,-0.1332,0.9987,-0.6559,0.6332,-0.003465,0.0569,0.0035
0.595,STANCE,1.0059,1.4353,-0.1247,-1.904,-0.2437,-1.9605,0.0132,-0.1996,0.2573,-0.1309,0.9989,-0.1605,0.9298,-0.003143,0.0879,0.0031
0.6,STANCE,1.0052,1.426,-0.1302,-1.8747,-0.108,-1.8722,0.0145,-0.2002,0.2529,-0.1267,0.9993,0.1266,1.0967,-0.002804,0.0743,0.0028
0.605,FLIGHT,1.0045,1.4172,-0.1417,-1.7607,-0.379,-1.3128,0.0156,-0.2008,0.2345,-0.1173,0.9996,-1.2619,2.5258,-0.002399,0.1015,0.0024
0.61,FLIGHT,1.0006,1.4137,-0.6183,-0.9747,-1.1509,-0.1347,0.0154,-0.2011,0.0212,-0.0733,1.0003,-1.0938,2.3821,-0.001756,0.1522,0.0018
0.615,FLIGHT,0.9934,1.4153,-1.2009,-0.0616,-1.6786,0.6909,0.0137,-0.2011,-0.2324,-0.0206,1.0012,-0.8285,2.1641,-0.000918,0.1789,0.0009
0.62,FLIGHT,0.9843,1.4201,-1.6427,0.6541,-1.9493,1.1758,0.0111,-0.2009,-0.4267,0.0267,1.0023,-0.5789,1.9617,-3e-06,0.1841,0.0
0.625,FLIGHT,0.9743,1.4266,-1.8829,1.1067,-2.0119,1.4015,0.0082,-0.2006,-0.5399,0.0634,1.0035,-0.3849,1.8058,0.000732,0.111,0.0
0.63,FLIGHT,0.9644,1.4338,-1.9475,1.3323,-1.942,1.4512,0.0051,-0.2001,-0.5834,0.0882,1.0047,-0.2485,1.6975,0.001145,0.0578,0.0
0.635,FLIGHT,0.955,1.4409,-1.8886,1.3949,-1.7957,1.397,0.0022,-0.1996,-0.578,0.102,1.0058,-0.1587,1.6278,0.001339,0.0227,0.0
0.64,FLIGHT,0.9465,1.4477,-1.7547,1.3556,-1.6131,1.2899,-0.0004,-0.1991,-0.5431,0.1069,1.007,-0.1025,1.5858,0.001393,0.0005,0.0
0.645,FLIGHT,0.9389,1.4538,-1.5828,1.2613,-1.4202,1.1627,-0.0028,-0.1986,-0.4933,0.1057,1.008,-0.0687,1.5623,0.001359,-0.0129,0.0026
0.65,FLIGHT,0.9323,1.4593,-1.3981,1.1437,-1.2323,1.0346,-0.0049,-0.1981,-0.4381,0.1006,1.0091,-0.0489,1.5501,0.001274,-0.0203,0.0041
0.655,FLIGHT,0.9266,1.4641,-1.2161,1.0223,-1.0573,0.9154,-0.0067,-0.1977,-0.3835,0.0935,1.0101,-0.0375,1.5445,0.001163,-0.0237,0.0047
0.66,FLIGHT,0.9217,1.4685,-1.0452,0.9075,-0.8986,0.8095,-0.0083,-0.1973,-0.3326,0.0856,1.011,-0.0308,1.5426,0.001041,-0.0245,0.0049
0.665,FLIGHT,0.9175,1.4723,-0.8893,0.8044,-0.7569,0.7179,-0.0096,-0.1969,-0.2866,0.0776,1.0119,-0.0269,1.5426,0.000921,-0.0237,0.0047
0.67,FLIGHT,0.9141,1.4757,-0.7495,0.7144,-0.6316,0.6397,-0.0108,-0.1966,-0.2459,0.0701,1.0128,-0.0244,1.5434,0.000806,-0.022,0.0044
0.675,FLIGHT,0.9112,1.4787,-0.6255,0.6373,-0.5213,0.5737,-0.0118,-0.1963,-0.2104,0.0632,1.0136,-0.0228,1.5445,0.000702,-0.0197,0.0039
0.68,FLIGHT,0.9088,1.4814,-0.5162,0.5719,-0.4245,0.5182,-0.0126,-0.196,-0.1796,0.057,1.0144,-0.0216,1.5457,0.00061,-0.0172,0.0034
0.685,FLIGHT,0.9069,1.4839,-0.4202,0.5168,-0.3398,0.4716,-0.0133,-0.1958,-0.1529,0.0515,1.0151,-0.0208,1.5469,0.00053,-0.0146,0.0029
0.69,FLIGHT,0.9054,1.4861,-0.3361,0.4705,-0.2657,0.4325,-0.0139,-0.1956,-0.1298,0.0468,1.0158,-0.0202,1.5481,0.000463,-0.0122,0.0024
0.695,FLIGHT,0.9043,1.4882,-0.2625,0.4316,-0.2009,0.3997,-0.0144,-0.1954,-0.11,0.0426,1.0165,-0.0198,1.5491,0.000408,-0.0099,0.002
0.7,FLIGHT,0.9034,1.4901,-0.1982,0.3989,-0.1444,0.3721,-0.0149,-0.1952,-0.0928,0.0389,1.0172,-0.0196,1.5502,0.000364,-0.008,0.0016
0.705,FLIGHT,0.9028,1.4919,-0.1421,0.3715,-0.0952,0.349,-0.0152,-0.195,-0.0781,0.0358,1.0178,-0.0195,1.5511,0.000328,-0.0063,0.0013
0.71,FLIGHT,0.9024,1.4936,-0.0932,0.3484,-0.0525,0.3294,-0.0155,-0.1948,-0.0653,0.0331,1.0184,-0.0196,1.5521,0.0003,-0.0049,0.001
0.715,FLIGHT,0.9023,1.4952,-0.0508,0.3289,-0.0154,0.3129,-0.0158,-0.1947,-0.0543,0.0308,1.019,-0.0197,1.553,0.000279,-0.0037,0.0007
0.72,FLIGHT,0.9023,1.4968,-0.014,0.3124,0.0167,0.2989,-0.016,-0.1946,-0.0449,0.0287,1.0195,-0.02,1.5539,0.000263,-0.0028,0.0006
0.725,FLIGHT,0.9024,1.4982,0.0179,0.2985,0.0443,0.2869,-0.0161,-0.1944,-0.0368,0.027,1.02,-0.0204,1.5548,0.000251,-0.002,0.0004
0.73,FLIGHT,0.9027,1.4996,0.0453,0.2866,0.0681,0.2768,-0.0163,-0.1943,-0.0298,0.0255,1.0205,-0.0208,1.5556,0.000242,-0.0014,0.0003
0.735,FLIGHT,0.9031,1.501,0.0689,0.2764,0.0884,0.268,-0.0164,-0.1942,-0.0239,0.0242,1.021,-0.0213,1.5564,0.000236,-0.001,0.0002
0.74,FLIGHT,0.9036,1.5023,0.0891,0.2677,0.1057,0.2604,-0.0165,-0.1941,-0.0188,0.0231,1.0214,-0.0218,1.5572,0.000232,-0.0006,0.0001
0.745,FLIGHT,0.9042,1.5036,0.1062,0.2601,0.1204,0.2538,-0.0165,-0.194,-0.0144,0.0222,1.0219,-0.0223,1.5579,0.00023,-0.0004,0.0001
0.75,FLIGHT,0.9048,1.5049,0.1208,0.2536,0.1327,0.248,-0.0166,-0.1938,-0.0107,0.0213,1.0222,-0.0229,1.5587,0.000228,-0.0002,0.0
0.755,FLIGHT,0.9055,1.5061,0.133,0.2478,0.1431,0.2429,-0.0166,-0.1937,-0.0075,0.0206,1.0226,-0.0234,1.5594,0.000228,-0.0,0.0
0.76,FLIGHT,0.9062,1.5073,0.1433,0.2426,0.1516,0.2382,-0.0166,-0.1936,-0.0049,0.02,1.023,-0.024,1.5601,0.000228,0.0001,0.0
0.765,FLIGHT,0.907,1.5085,0.1517,0.238,0.1586,0.234,-0.0166,-0.1936,-0.0026,0.0194,1.0233,-0.0246,1.5607,0.000229,0.0002,0.0
0.77,FLIGHT,0.9078,1.5096,0.1587,0.2337,0.1643,0.2301,-0.0166,-0.1935,-0.0007,0.0189,1.0236,-0.0251,1.5614,0.000229,0.0002,0.0
0.775,FLIGHT,0.9086,1.5108,0.1643,0.2298,0.1688,0.2265,-0.0166,-0.1934,0.0009,0.0185,1.0239,-0.0257,1.562,0.000231,0.0002,0.0
0.78,FLIGHT,0.9095,1.5119,0.1687,0.2262,0.1723,0.2231,-0.0166,-0.1933,0.0022,0.0181,1.0241,-0.0262,1.5626,0.000232,0.0002,0.0
0.785,FLIGHT,0.9104,1.513,0.1722,0.2228,0.1749,0.2198,-0.0166,-0.1932,0.0033,0.0177,1.0244,-0.0268,1.5632,0.000233,0.0002,0.0
0.79,FLIGHT,0.9112,1.5141,0.1748,0.2196,0.1768,0.2167,-0.0166,-0.1931,0.0043,0.0174,1.0246,-0.0273,1.5637,0.000234,0.0002,0.0
0.795,FLIGHT,0.9121,1.5152,0.1766,0.2164,0.178,0.2137,-0.0165,-0.193,0.005,0.0171,1.0248,-0.0278,1.5643,0.000235,0.0002,0.0
0.8,FLIGHT,0.913,1.5162,0.1778,0.2134,0.1787,0.2108,-0.0165,-0.1929,0.0057,0.0168,1.0249,-0.0283,1.5648,0.000236,0.0002,0.0
0.805,FLIGHT,0.9139,1.5173,0.1785,0.2105,0.1789,0.2079,-0.0165,-0.1929,0.0062,0.0165,1.0251,-0.0288,1.5653,0.000237,0.0002,0.0
0.81,FLIGHT,0.9148,1.5183,0.1787,0.2076,0.1787,0.205,-0.0164,-0.1928,0.0066,0.0163,1.0252,-0.0293,1.5658,0.000238,0.0001,0.0
0.815,FLIGHT,0.9157,1.5193,0.1785,0.2048,0.1781,0.2022,-0.0164,-0.1927,0.0069,0.016,1.0253,-0.0297,1.5663,0.000238,0.0001,0.0
0.82,FLIGHT,0.9166,1.5203,0.1779,0.202,0.1773,0.1995,-0.0164,-0.1926,0.0072,0.0158,1.0253,-0.0302,1.5668,0.000239,0.0001,0.0
0.825,FLIGHT,0.9175,1.5213,0.1771,0.1992,0.1762,0.1967,-0.0163,-0.1925,0.0074,0.0155,1.0254,-0.0306,1.5672,0.000239,0.0001,0.0
0.83,FLIGHT,0.9184,1.5223,0.176,0.1964,0.1749,0.194,-0.0163,-0.1925,0.0075,0.0153,1.0254,-0.031,1.5677,0.00024,0.0001,0.0
0.835,FLIGHT,0.9192,1.5233,0.1747,0.1937,0.1735,0.1912,-0.0163,-0.1924,0.0076,0.0151,1.0254,-0.0314,1.5681,0.00024,0.0001,0.0
0.84,FLIGHT,0.9201,1.5242,0.1733,0.191,0.1719,0.1885,-0.0162,-0.1923,0.0077,0.0149,1.0254,-0.0318,1.5686,0.00024,0.0,0.0
0.845,FLIGHT,0.9209,1.5252,0.1717,0.1883,0.1702,0.1858,-0.0162,-0.1922,0.0078,0.0147,1.0254,-0.0322,1.569,0.00024,0.0,0.0
0.85,FLIGHT,0.9218,1.5261,0.17,0.1856,0.1685,0.1831,-0.0161,-0.1922,0.0078,0.0144,1.0253,-0.0326,1.5694,0.000241,0.0,0.0
0.855,FLIGHT,0.9226,1.527,0.1682,0.1829,0.1666,0.1805,-0.0161,-0.1921,0.0078,0.0142,1.0252,-0.0329,1.5698,0.000241,0.0,0.0
0.86,FLIGHT,0.9235,1.5279,0.1664,0.1802,0.1647,0.1778,-0.0161,-0.192,0.0078,0.014,1.0251,-0.0333,1.5702,0.000241,-0.0,0.0
0.865,FLIGHT,0.9243,1.5288,0.1645,0.1776,0.1628,0.1752,-0.016,-0.192,0.0078,0.0138,1.025,-0.0337,1.5706,0.000241,-0.0,0.0
0.87,FLIGHT,0.9251,1.5296,0.1626,0.1749,0.1608,0.1726,-0.016,-0.1919,0.0077,0.0136,1.0249,-0.034,1.571,0.00024,-0.0,0.0
0.875,FLIGHT,0.9259,1.5305,0.1606,0.1723,0.1588,0.1699,-0.0159,-0.1918,0.0077,0.0134,1.0247,-0.0343,1.5714,0.00024,-0.0,0.0
0.88,FLIGHT,0.9267,1.5313,0.1586,0.1697,0.1568,0.1674,-0.0159,-0.1918,0.0077,0.0132,1.0245,-0.0347,1.5717,0.00024,-0.0,0.0
0.885,FLIGHT,0.9275,1.5322,0.1566,0.1671,0.1548,0.1648,-0.0159,-0.1917,0.0076,0.013,1.0243,-0.035,1.5721,0.00024,-0.0,0.0
0.89,FLIGHT,0.9282,1.533,0.1546,0.1645,0.1528,0.1623,-0.0158,-0.1916,0.0076,0.0128,1.0241,-0.0353,1.5724,0.00024,-0.0,0.0
0.895,FLIGHT,0.929,1.5338,0.1525,0.162,0.1507,0.1598,-0.0158,-0.1916,0.0075,0.0126,1.0238,-0.0356,1.5728,0.00024,-0.0,0.0
0.9,FLIGHT,0.9297,1.5346,0.1505,0.1595,0.1487,0.1573,-0.0158,-0.1915,0.0074,0.0124,1.0235,-0.0359,1.5731,0.000239,-0.0,0.0
0.905,FLIGHT,0.9305,1.5354,0.1485,0.157,0.1468,0.1548,-0.0157,-0.1914,0.0074,0.0122,1.0232,-0.0362,1.5735,0.000239,-0.0,0.0
0.91,FLIGHT,0.9312,1.5361,0.1466,0.1546,0.1448,0.1524,-0.0157,-0.1914,0.0073,0.012,1.0229,-0.0365,1.5738,0.000239,-0.0,0.0
0.915,FLIGHT,0.9319,1.5369,0.1446,0.1521,0.1428,0.15,-0.0156,-0.1913,0.0073,0.0118,1.0226,-0.0368,1.5741,0.000239,-0.0,0.0
0.92,FLIGHT,0.9326,1.5376,0.1426,0.1497,0.1409,0.1476,-0.0156,-0.1913,0.0072,0.0117,1.0223,-0.0371,1.5745,0.000238,-0.0001,0.0
0.925,FLIGHT,0.9333,1.5384,0.1407,0.1474,0.139,0.1453,-0.0156,-0.1912,0.0071,0.0115,1.0219,-0.0374,1.5748,0.000238,-0.0001,0.0
0.93,FLIGHT,0.934,1.5391,0.1388,0.145,0.1371,0.1429,-0.0155,-0.1912,0.0071,0.0113,1.0215,-0.0377,1.5751,0.000238,-0.0001,0.0
0.935,FLIGHT,0.9347,1.5398,0.1369,0.1427,0.1352,0.1407,-0.0155,-0.1911,0.007,0.0111,1.0211,-0.0379,1.5754,0.000238,-0.0001,0.0
0.94,FLIGHT,0.9354,1.5405,0.135,0.1404,0.1333,0.1384,-0.0155,-0.191,0.007,0.0109,1.0207,-0.0382,1.5757,0.000237,-0.0001,0.0
0.945,FLIGHT,0.936,1.5412,0.1331,0.1382,0.1315,0.1362,-0.0154,-0.191,0.0069,0.0108,1.0202,-0.0385,1.576,0.000237,-0.0001,0.0
0.95,FLIGHT,0.9367,1.5418,0.1313,0.136,0.1297,0.134,-0.0154,-0.1909,0.0068,0.0106,1.0197,-0.0387,1.5763,0.000237,-0.0001,0.0
0.955,FLIGHT,0.9373,1.5425,0.1295,0.1338,0.1279,0.1319,-0.0154,-0.1909,0.0068,0.0104,1.0193,-0.039,1.5766,0.000237,-0.0001,0.0
0.96,FLIGHT,0.938,1.5432,0.1277,0.1317,0.1261,0.1298,-0.0153,-0.1908,0.0067,0.0103,1.0187,-0.0393,1.5769,0.000236,-0.0001,0.0
0.965,FLIGHT,0.9386,1.5438,0.1259,0.1296,0.1244,0.1277,-0.0153,-0.1908,0.0067,0.0101,1.0182,-0.0395,1.5771,0.000236,-0.0001,0.0
0.97,FLIGHT,0.9392,1.5444,0.1242,0.1275,0.1226,0.1257,-0.0153,-0.1907,0.0066,0.0099,1.0177,-0.0398,1.5774,0.000236,-0.0001,0.0
0.975,FLIGHT,0.9398,1.5451,0.1225,0.1255,0.1209,0.1236,-0.0152,-0.1907,0.0065,0.0098,1.0171,-0.04,1.5777,0.000236,-0.0,0.0
0.98,FLIGHT,0.9404,1.5457,0.1208,0.1234,0.1193,0.1217,-0.0152,-0.1906,0.0065,0.0096,1.0165,-0.0403,1.578,0.000235,-0.0,0.0
0.985,FLIGHT,0.941,1.5463,0.1191,0.1215,0.1176,0.1197,-0.0152,-0.1906,0.0064,0.0095,1.0159,-0.0405,1.5782,0.000235,-0.0,0.0
0.99,FLIGHT,0.9416,1.5469,0.1174,0.1195,0.1159,0.1178,-0.0151,-0.1906,0.0064,0.0093,1.0153,-0.0407,1.5785,0.000235,-0.0,0.0
0.995,FLIGHT,0.9422,1.5475,0.1158,0.1176,0.1143,0.1159,-0.0151,-0.1905,0.0063,0.0092,1.0147,-0.041,1.5788,0.000235,-0.0,0.0
1.0,FLIGHT,0.9427,1.548,0.1142,0.1157,0.1127,0.1141,-0.0151,-0.1905,0.0062,0.009,1.0141,-0.0412,1.579,0.000234,-0.0,0.0
1.005,FLIGHT,0.9433,1.5486,0.1126,0.1139,0.1111,0.1123,-0.015,-0.1904,0.0062,0.0089,1.0134,-0.0414,1.5793,0.000234,-0.0,0.0
1.01,FLIGHT,0.9438,1.5492,0.111,0.1121,0.1096,0.1105,-0.015,-0.1904,0.0061,0.0087,1.0127,-0.0417,1.5795,0.000234,-0.0,0.0
1.015,FLIGHT,0.9444,1.5497,0.1094,0.1103,0.108,0.1087,-0.015,-0.1903,0.006,0.0086,1.012,-0.0419,1.5798,0.000234,-0.0,0.0
1.02,FLIGHT,0.9449,1.5502,0.1079,0.1085,0.1065,0.107,-0.015,-0.1903,0.006,0.0085,1.0113,-0.0421,1.58,0.000234,-0.0,0.0
1.025,FLIGHT,0.9455,1.5508,0.1064,0.1068,0.105,0.1053,-0.0149,-0.1902,0.0059,0.0083,1.0105,-0.0424,1.5802,0.000233,-0.0,0.0
1.03,FLIGHT,0.946,1.5513,0.1049,0.1051,0.1035,0.1036,-0.0149,-0.1902,0.0059,0.0082,1.0098,-0.0426,1.5805,0.000233,-0.0,0.0
1.035,FLIGHT,0.9465,1.5518,0.1034,0.1035,0.102,0.102,-0.0149,-0.1902,0.0058,0.0081,1.009,-0.0428,1.5807,0.000233,-0.0,0.0
1.04,FLIGHT,0.947,1.5523,0.1019,0.1018,0.1006,0.1004,-0.0148,-0.1901,0.0057,0.0079,1.0082,-0.043,1.5809,0.000233,-0.0,0.0
1.045,FLIGHT,0.9475,1.5528,0.1004,0.1002,0.0991,0.0988,-0.0148,-0.1901,0.0057,0.0078,1.0074,-0.0432,1.5812,0.000232,-0.0,0.0
1.05,FLIGHT,0.948,1.5533,0.099,0.0987,0.0977,0.0973,-0.0148,-0.19,0.0056,0.0077,1.0066,-0.0434,1.5814,0.000232,-0.0,0.0
1.055,FLIGHT,0.9485,1.5538,0.0976,0.0971,0.0963,0.0957,-0.0148,-0.19,0.0055,0.0076,1.0058,-0.0437,1.5816,0.000232,-0.0,0.0
1.06,FLIGHT,0.9489,1.5543,0.0962,0.0956,0.0949,0.0942,-0.0147,-0.19,0.0055,0.0075,1.0049,-0.0439,1.5818,0.000232,-0.0,0.0
1.065,FLIGHT,0.9494,1.5547,0.0948,0.0941,0.0935,0.0928,-0.0147,-0.1899,0.0054,0.0073,1.0041,-0.0441,1.5821,0.000232,-0.0,0.0
1.07,FLIGHT,0.9499,1.5552,0.0934,0.0926,0.0922,0.0913,-0.0147,-0.1899,0.0053,0.0072,1.0032,-0.0443,1.5823,0.000232,-0.0,0.0
1.075,FLIGHT,0.9503,1.5556,0.092,0.0912,0.0908,0.0899,-0.0147,-0.1899,0.0053,0.0071,1.0023,-0.0445,1.5825,0.000231,-0.0,0.0
1.08,FLIGHT,0.9508,1.5561,0.0907,0.0898,0.0895,0.0885,-0.0146,-0.1898,0.0052,0.007,1.0014,-0.0447,1.5827,0.000231,-0.0,0.0
1.085,FLIGHT,0.9512,1.5565,0.0894,0.0884,0.0882,0.0872,-0.0146,-0.1898,0.0051,0.0069,1.0005,-0.0449,1.5829,0.000231,-0.0,0.0
1.09,STANCE,0.9528,1.5569,0.2873,0.0614,0.7219,-0.1626,-0.0143,-0.1898,0.0463,0.0016,0.9996,0.1199,-0.4641,-0.000577,-0.3213,0.0648
1.095,STANCE,0.9584,1.5539,0.8804,-0.4304,1.4208,-1.0741,-0.0129,-0.1901,0.2255,-0.0507,0.9987,-0.2998,-0.8855,-0.002454,-0.395,0.0815
1.1,STANCE,0.9657,1.5461,1.2842,-1.2097,1.0987,-1.2233,-0.0104,-0.1909,0.4101,-0.1215,0.9977,-0.7916,-1.1006,-0.004192,-0.2486,0.0539
1.105,STANCE,0.9679,1.5436,0.6553,-0.6597,0.113,-0.0862,-0.0097,-0.1912,0.2155,-0.0649,0.9976,-0.8632,-1.7713,-0.004675,-0.0067,0.006
1.11,STANCE,0.9688,1.5429,0.3465,-0.3276,0.3252,-0.3249,-0.0094,-0.1912,0.1111,-0.0323,0.9979,-1.012,-2.2192,-0.004529,0.0517,0.0045
1.115,STANCE,0.9706,1.5378,0.3559,-0.91,0.4537,-1.5379,-0.0084,-0.1917,0.1934,-0.0827,0.998,-1.2487,-2.0764,-0.004026,0.1221,0.004
1.12,STANCE,0.9744,1.5302,0.6657,-1.3529,1.0437,-1.883,-0.0066,-0.1924,0.3154,-0.1207,0.9981,-1.5365,-1.7661,-0.003845,-0.0461,0.0131
1.125,STANCE,0.9797,1.5181,0.9339,-2.1211,1.1822,-2.6485,-0.0039,-0.1935,0.4775,-0.1809,0.998,-1.7186,-1.1118,-0.004045,-0.0699,0.018
1.13,STANCE,0.9851,1.5037,1.0222,-2.6422,1.0376,-2.8943,-0.0008,-0.1947,0.5731,-0.2143,0.9979,-1.6884,-0.4243,-0.0043,-0.0598,0.0163
1.135,STANCE,0.9892,1.4889,0.8764,-2.8376,0.5991,-2.9713,0.0021,-0.1958,0.5776,-0.2198,0.9979,-1.4023,0.177,-0.004454,-0.0016,0.0048
1.14,STANCE,0.9914,1.4747,0.5668,-2.826,0.2821,-2.7252,0.0046,-0.1969,0.5195,-0.2115,0.998,-0.9212,0.6694,-0.00442,0.0214,0.0044
1.145,STANCE,0.9923,1.4618,0.2787,-2.6561,0.0535,-2.4765,0.0066,-0.1979,0.4413,-0.1941,0.9982,-0.4033,1.0155,-0.004276,0.0423,0.0043
1.15,STANCE,0.9923,1.45,0.0837,-2.4522,-0.0024,-2.2309,0.0083,-0.1987,0.3752,-0.1759,0.9984,0.0006,1.2139,-0.004025,0.0455,0.004
1.155,FLIGHT,0.9923,1.4392,0.0388,-2.233,0.0497,-2.0509,0.0099,-0.1995,0.336,-0.1569,0.9988,-1.2568,2.5372,-0.003757,0.0575,0.0038
1.16,FLIGHT,0.9913,1.4313,-0.1785,-1.7188,-0.6234,-0.9433,0.0109,-0.2001,0.2178,-0.1213,0.9993,-1.2115,2.4883,-0.003355,0.1118,0.0034
1.165,FLIGHT,0.9863,1.4294,-0.7653,-0.7586,-1.3129,0.1106,0.0102,-0.2002,-0.0415,-0.0608,1.0002,-0.9793,2.2921,-0.002671,0.1579,0.0027
1.17,FLIGHT,0.9786,1.4318,-1.3165,0.1184,-1.7368,0.7976,0.0083,-0.2001,-0.2808,-0.0024,1.0013,-0.7141,2.0735,-0.001819,0.1791,0.0018
1.175,FLIGHT,0.9694,1.4369,-1.6845,0.7389,-1.9226,1.1718,0.0057,-0.1998,-0.4442,0.0447,1.0025,-0.4882,1.8896,-0.000913,0.1806,0.0009
1.18,FLIGHT,0.9597,1.4432,-1.857,1.0995,-1.9343,1.3212,0.0028,-0.1994,-0.529,0.0781,1.0038,-0.3204,1.7546,-3.4e-05,0.1698,0.0
1.185,FLIGHT,0.9502,1.4498,-1.8726,1.2581,-1.8317,1.3298,-0.0,-0.1989,-0.5525,0.0983,1.005,-0.2068,1.6647,0.000642,0.1021,0.0
1.19,FLIGHT,0.9414,1.4563,-1.7837,1.2808,-1.6721,1.2577,-0.0027,-0.1984,-0.5356,0.1076,1.0063,-0.1342,1.6088,0.001023,0.0534,0.0
1.195,FLIGHT,0.9335,1.4623,-1.6366,1.2228,-1.4893,1.1478,-0.0051,-0.1979,-0.4959,0.1089,1.0075,-0.0897,1.5761,0.001203,0.0213,0.0
1.2,FLIGHT,0.9265,1.4678,-1.4635,1.1242,-1.3039,1.0263,-0.0072,-0.1974,-0.4459,0.105,1.0086,-0.0632,1.5584,0.001255,0.001,0.0
1.205,FLIGHT,0.9205,1.4726,-1.2852,1.0109,-1.1272,0.908,-0.0091,-0.1969,-0.3934,0.0981,1.0097,-0.0478,1.5496,0.001227,-0.0112,0.0022
1.21,FLIGHT,0.9152,1.4769,-1.1135,0.8981,-0.9649,0.8002,-0.0107,-0.1965,-0.3427,0.0899,1.0108,-0.0389,1.5458,0.001152,-0.0179,0.0036
1.215,FLIGHT,0.9108,1.4806,-0.9545,0.7938,-0.8187,0.7054,-0.0121,-0.1961,-0.2961,0.0814,1.0118,-0.0337,1.5448,0.001054,-0.021,0.0042
1.22,FLIGHT,0.907,1.484,-0.8107,0.7012,-0.6889,0.624,-0.0133,-0.1958,-0.2545,0.0731,1.0128,-0.0305,1.5451,0.000946,-0.0218,0.0044
1.225,FLIGHT,0.9039,1.4869,-0.6824,0.6211,-0.5743,0.5549,-0.0143,-0.1955,-0.2179,0.0655,1.0137,-0.0284,1.546,0.000838,-0.0211,0.0042
1.23,FLIGHT,0.9013,1.4895,-0.5689,0.5529,-0.4736,0.4968,-0.0152,-0.1952,-0.186,0.0587,1.0146,-0.027,1.5471,0.000737,-0.0195,0.0039
1.235,FLIGHT,0.8991,1.4919,-0.469,0.4953,-0.3853,0.448,-0.0159,-0.1949,-0.1584,0.0526,1.0155,-0.026,1.5483,0.000644,-0.0174,0.0035
1.24,FLIGHT,0.8974,1.494,-0.3814,0.4468,-0.3081,0.4072,-0.0165,-0.1947,-0.1345,0.0472,1.0163,-0.0253,1.5494,0.000563,-0.0151,0.003
1.245,FLIGHT,0.896,1.496,-0.3047,0.4062,-0.2405,0.373,-0.0171,-0.1945,-0.1139,0.0426,1.0171,-0.0247,1.5504,0.000493,-0.0128,0.0026
1.25,FLIGHT,0.895,1.4978,-0.2376,0.3722,-0.1815,0.3444,-0.0175,-0.1943,-0.0962,0.0386,1.0179,-0.0244,1.5514,0.000434,-0.0106,0.0021
1.255,FLIGHT,0.8942,1.4994,-0.179,0.3438,-0.13,0.3205,-0.0179,-0.1942,-0.0808,0.0351,1.0186,-0.0242,1.5523,0.000387,-0.0086,0.0017
1.26,FLIGHT,0.8937,1.501,-0.1279,0.3199,-0.0852,0.3004,-0.0182,-0.194,-0.0676,0.0321,1.0193,-0.0242,1.5533,0.000348,-0.0069,0.0014
1.265,FLIGHT,0.8933,1.5024,-0.0834,0.2999,-0.0463,0.2835,-0.0185,-0.1939,-0.0563,0.0295,1.02,-0.0243,1.5541,0.000317,-0.0054,0.0011
1.27,FLIGHT,0.8932,1.5038,-0.0448,0.2831,-0.0126,0.2694,-0.0187,-0.1937,-0.0465,0.0273,1.0206,-0.0245,1.555,0.000293,-0.0042,0.0008
1.275,FLIGHT,0.8932,1.5051,-0.0113,0.269,0.0166,0.2574,-0.0189,-0.1936,-0.0381,0.0254,1.0213,-0.0248,1.5558,0.000275,-0.0032,0.0006
1.28,FLIGHT,0.8934,1.5064,0.0177,0.2571,0.0417,0.2473,-0.019,-0.1935,-0.0309,0.0238,1.0219,-0.0252,1.5566,0.000261,-0.0024,0.0005
1.285,FLIGHT,0.8936,1.5076,0.0426,0.247,0.0633,0.2387,-0.0191,-0.1934,-0.0247,0.0224,1.0224,-0.0256,1.5573,0.000251,-0.0017,0.0003
1.29,FLIGHT,0.894,1.5088,0.0641,0.2384,0.0818,0.2313,-0.0192,-0.1933,-0.0194,0.0212,1.023,-0.026,1.5581,0.000243,-0.0012,0.0002
1.295,FLIGHT,0.8944,1.5099,0.0824,0.2311,0.0975,0.225,-0.0193,-0.1932,-0.0148,0.0202,1.0235,-0.0265,1.5588,0.000238,-0.0008,0.0002
1.3,FLIGHT,0.895,1.511,0.098,0.2247,0.1108,0.2195,-0.0193,-0.1931,-0.011,0.0193,1.024,-0.027,1.5595,0.000235,-0.0005,0.0001
1.305,FLIGHT,0.8955,1.5121,0.1112,0.2193,0.122,0.2147,-0.0193,-0.193,-0.0077,0.0185,1.0245,-0.0275,1.5601,0.000232,-0.0003,0.0001
1.31,FLIGHT,0.8962,1.5132,0.1223,0.2144,0.1314,0.2104,-0.0193,-0.1929,-0.0049,0.0179,1.0249,-0.028,1.5608,0.000231,-0.0001,0.0
1.315,FLIGHT,0.8968,1.5142,0.1315,0.2102,0.1391,0.2066,-0.0194,-0.1928,-0.0026,0.0173,1.0253,-0.0286,1.5614,0.000231,-0.0,0.0
1.32,FLIGHT,0.8976,1.5152,0.1392,0.2063,0.1455,0.2031,-0.0194,-0.1928,-0.0006,0.0168,1.0257,-0.0291,1.562,0.000231,0.0001,0.0
1.325,FLIGHT,0.8983,1.5162,0.1455,0.2029,0.1506,0.1999,-0.0193,-0.1927,0.0011,0.0163,1.0261,-0.0296,1.5625,0.000231,0.0001,0.0
1.33,FLIGHT,0.8991,1.5172,0.1506,0.1997,0.1547,0.1969,-0.0193,-0.1926,0.0025,0.016,1.0265,-0.0301,1.5631,0.000232,0.0002,0.0
1.335,FLIGHT,0.8998,1.5182,0.1547,0.1967,0.1579,0.1941,-0.0193,-0.1925,0.0037,0.0156,1.0268,-0.0306,1.5636,0.000233,0.0002,0.0
1.34,FLIGHT,0.9006,1.5192,0.1578,0.1939,0.1603,0.1914,-0.0193,-0.1924,0.0046,0.0153,1.0271,-0.0311,1.5641,0.000234,0.0002,0.0
1.345,FLIGHT,0.9014,1.5201,0.1602,0.1912,0.162,0.1888,-0.0193,-0.1924,0.0054,0.015,1.0274,-0.0315,1.5646,0.000235,0.0002,0.0
1.35,FLIGHT,0.9023,1.5211,0.1619,0.1886,0.1631,0.1863,-0.0192,-0.1923,0.0061,0.0147,1.0276,-0.032,1.5651,0.000236,0.0002,0.0
1.355,FLIGHT,0.9031,1.522,0.163,0.1861,0.1638,0.1838,-0.0192,-0.1922,0.0066,0.0145,1.0279,-0.0324,1.5656,0.000236,0.0002,0.0
1.36,FLIGHT,0.9039,1.5229,0.1636,0.1836,0.164,0.1814,-0.0192,-0.1922,0.0071,0.0142,1.0281,-0.0329,1.5661,0.000237,0.0001,0.0
1.365,FLIGHT,0.9047,1.5238,0.1639,0.1812,0.1639,0.179,-0.0191,-0.1921,0.0074,0.014,1.0283,-0.0333,1.5665,0.000238,0.0001,0.0
1.37,FLIGHT,0.9055,1.5247,0.1637,0.1788,0.1635,0.1767,-0.0191,-0.192,0.0077,0.0138,1.0284,-0.0337,1.5669,0.000239,0.0001,0.0
1.375,FLIGHT,0.9063,1.5256,0.1633,0.1764,0.1628,0.1743,-0.019,-0.1919,0.0079,0.0136,1.0286,-0.0341,1.5674,0.000239,0.0001,0.0
1.38,FLIGHT,0.9072,1.5264,0.1626,0.1741,0.1619,0.172,-0.019,-0.1919,0.0081,0.0134,1.0287,-0.0344,1.5678,0.00024,0.0001,0.0
1.385,FLIGHT,0.908,1.5273,0.1617,0.1717,0.1608,0.1696,-0.019,-0.1918,0.0082,0.0132,1.0288,-0.0348,1.5682,0.00024,0.0001,0.0
1.39,FLIGHT,0.9088,1.5281,0.1606,0.1694,0.1595,0.1673,-0.0189,-0.1917,0.0083,0.013,1.0289,-0.0352,1.5686,0.00024,0.0001,0.0
1.395,FLIGHT,0.9096,1.529,0.1593,0.1671,0.1582,0.165,-0.0189,-0.1917,0.0084,0.0128,1.0289,-0.0355,1.5689,0.00024,0.0,0.0
1.4,FLIGHT,0.9104,1.5298,0.158,0.1647,0.1567,0.1627,-0.0188,-0.1916,0.0084,0.0126,1.029,-0.0358,1.5693,0.000241,0.0,0.0
1.405,FLIGHT,0.9111,1.5306,0.1565,0.1624,0.1552,0.1604,-0.0188,-0.1916,0.0084,0.0124,1.029,-0.0362,1.5697,0.000241,0.0,0.0
1.41,FLIGHT,0.9119,1.5314,0.155,0.1601,0.1536,0.1581,-0.0187,-0.1915,0.0084,0.0122,1.0289,-0.0365,1.57,0.000241,0.0,0.0
1.415,FLIGHT,0.9127,1.5322,0.1534,0.1578,0.152,0.1558,-0.0187,-0.1914,0.0084,0.0121,1.0289,-0.0368,1.5704,0.000241,0.0,0.0
1.42,FLIGHT,0.9134,1.5329,0.1518,0.1555,0.1503,0.1535,-0.0187,-0.1914,0.0084,0.0119,1.0288,-0.0371,1.5707,0.000241,-0.0,0.0
1.425,FLIGHT,0.9142,1.5337,0.1501,0.1532,0.1486,0.1512,-0.0186,-0.1913,0.0084,0.0117,1.0288,-0.0374,1.5711,0.000241,-0.0,0.0
1.43,FLIGHT,0.9149,1.5345,0.1484,0.151,0.1469,0.149,-0.0186,-0.1913,0.0083,0.0115,1.0287,-0.0377,1.5714,0.000241,-0.0,0.0
1.435,FLIGHT,0.9156,1.5352,0.1467,0.1487,0.1451,0.1467,-0.0185,-0.1912,0.0083,0.0114,1.0285,-0.038,1.5717,0.000241,-0.0,0.0
1.44,FLIGHT,0.9164,1.5359,0.1449,0.1465,0.1434,0.1445,-0.0185,-0.1912,0.0083,0.0112,1.0284,-0.0383,1.5721,0.00024,-0.0,0.0
1.445,FLIGHT,0.9171,1.5366,0.1432,0.1443,0.1416,0.1423,-0.0185,-0.1911,0.0082,0.011,1.0282,-0.0385,1.5724,0.00024,-0.0,0.0
1.45,FLIGHT,0.9178,1.5373,0.1415,0.1421,0.1399,0.1401,-0.0184,-0.191,0.0082,0.0108,1.028,-0.0388,1.5727,0.00024,-0.0,0.0
1.455,FLIGHT,0.9185,1.538,0.1397,0.1399,0.1382,0.138,-0.0184,-0.191,0.0081,0.0107,1.0278,-0.0391,1.573,0.00024,-0.0,0.0
1.46,FLIGHT,0.9192,1.5387,0.138,0.1378,0.1365,0.1358,-0.0183,-0.1909,0.0081,0.0105,1.0276,-0.0393,1.5733,0.00024,-0.0,0.0
1.465,FLIGHT,0.9198,1.5394,0.1363,0.1356,0.1348,0.1337,-0.0183,-0.1909,0.008,0.0103,1.0273,-0.0396,1.5736,0.00024,-0.0,0.0
1.47,FLIGHT,0.9205,1.5401,0.1346,0.1335,0.1331,0.1316,-0.0183,-0.1908,0.008,0.0102,1.0271,-0.0398,1.5739,0.000239,-0.0,0.0
1.475,FLIGHT,0.9212,1.5407,0.1329,0.1314,0.1314,0.1296,-0.0182,-0.1908,0.0079,0.01,1.0268,-0.0401,1.5742,0.000239,-0.0,0.0
1.48,FLIGHT,0.9218,1.5414,0.1312,0.1294,0.1297,0.1276,-0.0182,-0.1907,0.0079,0.0099,1.0265,-0.0403,1.5745,0.000239,-0.0,0.0
1.485,FLIGHT,0.9225,1.542,0.1296,0.1274,0.1281,0.1255,-0.0181,-0.1907,0.0078,0.0097,1.0261,-0.0406,1.5747,0.000239,-0.0,0.0
1.49,FLIGHT,0.9231,1.5426,0.1279,0.1254,0.1265,0.1236,-0.0181,-0.1906,0.0078,0.0095,1.0258,-0.0408,1.575,0.000239,-0.0,0.0
1.495,FLIGHT,0.9237,1.5432,0.1263,0.1234,0.1249,0.1216,-0.0181,-0.1906,0.0077,0.0094,1.0254,-0.041,1.5753,0.000238,-0.0,0.0
1.5,FLIGHT,0.9243,1.5438,0.1247,0.1214,0.1233,0.1197,-0.018,-0.1906,0.0076,0.0092,1.025,-0.0413,1.5756,0.000238,-0.0,0.0
1.505,FLIGHT,0.925,1.5444,0.1231,0.1195,0.1217,0.1178,-0.018,-0.1905,0.0076,0.0091,1.0246,-0.0415,1.5758,0.000238,-0.0,0.0
1.51,FLIGHT,0.9256,1.545,0.1216,0.1176,0.1202,0.116,-0.0179,-0.1905,0.0075,0.009,1.0242,-0.0417,1.5761,0.000238,-0.0,0.0
1.515,FLIGHT,0.9262,1.5456,0.12,0.1158,0.1187,0.1141,-0.0179,-0.1904,0.0075,0.0088,1.0237,-0.0419,1.5763,0.000238,-0.0,0.0
1.52,FLIGHT,0.9268,1.5462,0.1185,0.114,0.1172,0.1123,-0.0179,-0.1904,0.0074,0.0087,1.0233,-0.0422,1.5766,0.000237,-0.0,0.0
1.525,FLIGHT,0.9273,1.5467,0.117,0.1122,0.1157,0.1106,-0.0178,-0.1903,0.0074,0.0085,1.0228,-0.0424,1.5768,0.000237,-0.0,0.0
1.53,FLIGHT,0.9279,1.5473,0.1155,0.1104,0.1142,0.1088,-0.0178,-0.1903,0.0073,0.0084,1.0223,-0.0426,1.5771,0.000237,-0.0,0.0
1.535,FLIGHT,0.9285,1.5478,0.1141,0.1087,0.1127,0.1071,-0.0178,-0.1902,0.0073,0.0083,1.0217,-0.0428,1.5773,0.000237,-0.0,0.0
1.54,FLIGHT,0.929,1.5483,0.1126,0.107,0.1113,0.1054,-0.0177,-0.1902,0.0072,0.0081,1.0212,-0.043,1.5776,0.000237,-0.0,0.0
1.545,FLIGHT,0.9296,1.5489,0.1112,0.1053,0.1099,0.1038,-0.0177,-0.1902,0.0072,0.008,1.0206,-0.0432,1.5778,0.000236,-0.0,0.0
1.55,FLIGHT,0.9301,1.5494,0.1098,0.1036,0.1085,0.1022,-0.0177,-0.1901,0.0071,0.0079,1.0201,-0.0434,1.5781,0.000236,-0.0,0.0
1.555,FLIGHT,0.9307,1.5499,0.1084,0.102,0.1071,0.1006,-0.0176,-0.1901,0.0071,0.0077,1.0195,-0.0436,1.5783,0.000236,-0.0,0.0
1.56,FLIGHT,0.9312,1.5504,0.107,0.1004,0.1057,0.099,-0.0176,-0.1901,0.007,0.0076,1.0188,-0.0439,1.5785,0.000236,-0.0,0.0
1.565,FLIGHT,0.9317,1.5509,0.1056,0.0988,0.1044,0.0974,-0.0175,-0.19,0.0069,0.0075,1.0182,-0.0441,1.5788,0.000236,-0.0,0.0
1.57,FLIGHT,0.9323,1.5513,0.1042,0.0973,0.103,0.0959,-0.0175,-0.19,0.0069,0.0074,1.0176,-0.0443,1.579,0.000235,-0.0,0.0
1.575,FLIGHT,0.9328,1.5518,0.1029,0.0958,0.1017,0.0944,-0.0175,-0.1899,0.0068,0.0073,1.0169,-0.0445,1.5792,0.000235,-0.0,0.0
1.58,FLIGHT,0.9333,1.5523,0.1016,0.0943,0.1004,0.093,-0.0174,-0.1899,0.0068,0.0071,1.0162,-0.0447,1.5794,0.000235,-0.0,0.0
1.585,FLIGHT,0.9338,1.5528,0.1003,0.0928,0.0991,0.0916,-0.0174,-0.1899,0.0067,0.007,1.0155,-0.0448,1.5796,0.000235,-0.0,0.0
1.59,FLIGHT,0.9343,1.5532,0.099,0.0914,0.0978,0.0901,-0.0174,-0.1898,0.0067,0.0069,1.0148,-0.045,1.5799,0.000235,-0.0,0.0
1.595,FLIGHT,0.9347,1.5537,0.0977,0.09,0.0966,0.0888,-0.0173,-0.1898,0.0066,0.0068,1.0141,-0.0452,1.5801,0.000235,-0.0,0.0
1.6,FLIGHT,0.9352,1.5541,0.0964,0.0886,0.0953,0.0874,-0.0173,-0.1898,0.0065,0.0067,1.0133,-0.0454,1.5803,0.000234,-0.0,0.0
1.605,FLIGHT,0.9357,1.5545,0.0952,0.0873,0.0941,0.0861,-0.0173,-0.1897,0.0065,0.0066,1.0125,-0.0456,1.5805,0.000234,-0.0,0.0
1.61,FLIGHT,0.9362,1.555,0.0939,0.0859,0.0928,0.0848,-0.0172,-0.1897,0.0064,0.0065,1.0118,-0.0458,1.5807,0.000234,-0.0,0.0
1.615,FLIGHT,0.9366,1.5554,0.0927,0.0846,0.0916,0.0835,-0.0172,-0.1897,0.0063,0.0064,1.011,-0.046,1.5809,0.000234,-0.0,0.0
1.62,FLIGHT,0.9371,1.5558,0.0915,0.0834,0.0904,0.0822,-0.0172,-0.1896,0.0063,0.0063,1.0101,-0.0462,1.5811,0.000234,-0.0,0.0
1.625,FLIGHT,0.9375,1.5562,0.0903,0.0821,0.0892,0.081,-0.0172,-0.1896,0.0062,0.0062,1.0093,-0.0464,1.5813,0.000234,-0.0,0.0
1.63,FLIGHT,0.938,1.5566,0.0891,0.0809,0.088,0.0798,-0.0171,-0.1896,0.0062,0.0061,1.0085,-0.0465,1.5815,0.000234,-0.0,0.0
1.635,FLIGHT,0.9384,1.557,0.0879,0.0797,0.0869,0.0786,-0.0171,-0.1896,0.0061,0.006,1.0076,-0.0467,1.5817,0.000233,-0.0,0.0
1.64,FLIGHT,0.9388,1.5574,0.0867,0.0785,0.0857,0.0774,-0.0171,-0.1895,0.006,0.0059,1.0067,-0.0469,1.5819,0.000233,-0.0,0.0
1.645,FLIGHT,0.9393,1.5578,0.0856,0.0773,0.0846,0.0763,-0.017,-0.1895,0.006,0.0058,1.0058,-0.0471,1.5821,0.000233,-0.0,0.0
1.65,FLIGHT,0.9397,1.5582,0.0844,0.0762,0.0834,0.0751,-0.017,-0.1895,0.0059,0.0058,1.0049,-0.0473,1.5823,0.000233,-0.0,0.0
1.655,FLIGHT,0.9401,1.5585,0.0833,0.075,0.0823,0.074,-0.017,-0.1894,0.0058,0.0057,1.004,-0.0474,1.5825,0.000233,-0.0,0.0
1.66,FLIGHT,0.9405,1.5589,0.0822,0.0739,0.0812,0.0729,-0.0169,-0.1894,0.0057,0.0056,1.003,-0.0476,1.5826,0.000233,-0.0,0.0
1.665,FLIGHT,0.9409,1.5593,0.0811,0.0728,0.0801,0.0719,-0.0169,-0.1894,0.0057,0.0055,1.0021,-0.0478,1.5828,0.000233,-0.0,0.0
1.67,FLIGHT,0.9413,1.5596,0.0799,0.0718,0.079,0.0708,-0.0169,-0.1894,0.0056,0.0054,1.0011,-0.048,1.583,0.000233,-0.0,0.0
1.675,STANCE,0.9418,1.56,0.0901,0.0859,0.1715,0.1953,-0.0169,-0.1893,0.0057,0.0066,1.0002,0.2429,-0.1217,0.000149,-0.136,0.0272
1.68,STANCE,0.945,1.5595,0.5121,-0.0924,1.0639,-0.5071,-0.0162,-0.1894,0.1093,-0.017,0.9993,0.0237,-0.6784,-0.001321,-0.3856,0.0784
1.685,STANCE,0.9518,1.5543,1.1194,-0.7885,1.5642,-1.6356,-0.0142,-0.19,0.3186,-0.0887,0.9982,-0.4475,-1.0113,-0.003319,-0.3758,0.0785
1.69,STANCE,0.9581,1.5477,1.1248,-1.0641,0.437,-0.5224,-0.0121,-0.1907,0.3587,-0.1101,0.9976,-0.7794,-1.4086,-0.004781,-0.1071,0.0262
1.695,STANCE,0.959,1.5467,0.4701,-0.4669,0.1378,-0.1527,-0.0118,-0.1908,0.153,-0.0477,0.9977,-0.8008,-2.0709,-0.004849,0.0424,0.0048
1.7,STANCE,0.9606,1.5445,0.3833,-0.4926,0.3802,-1.1611,-0.0112,-0.191,0.1402,-0.0486,0.998,-1.0153,-2.3002,-0.004521,0.1161,0.0045
1.705,STANCE,0.9631,1.5363,0.5007,-1.273,0.8526,-1.7429,-0.0096,-0.1918,0.2704,-0.1173,0.998,-1.2787,-1.974,-0.003929,0.0139,0.0039
1.71,STANCE,0.9683,1.5248,0.8675,-2.0438,0.9107,-3.1068,-0.007,-0.1928,0.4502,-0.1821,0.9979,-1.5812,-1.417,-0.004153,-0.0007,0.0043
1.715,STANCE,0.974,1.5094,1.0592,-2.7568,0.9892,-3.3061,-0.0038,-0.1942,0.5922,-0.2333,0.9978,-1.7025,-0.6977,-0.004519,-0.041,0.0127
1.72,STANCE,0.9779,1.4944,0.8422,-2.931,0.7052,-2.8948,-0.0009,-0.1954,0.58,-0.2367,0.9979,-1.4844,-0.1198,-0.004561,-0.033,0.0112
1.725,STANCE,0.9803,1.4796,0.5578,-2.9698,0.3293,-2.8937,0.0017,-0.1966,0.5347,-0.2309,0.9979,-1.0883,0.4209,-0.004585,-0.0,0.0046
1.73,STANCE,0.9812,1.4655,0.2719,-2.8769,-0.0577,-2.8664,0.0039,-0.1976,0.4688,-0.2173,0.9981,-0.5957,0.8635,-0.004508,0.0608,0.0045
1.735,STANCE,0.9812,1.4526,0.0741,-2.6705,-0.1005,-2.5214,0.0058,-0.1986,0.4026,-0.1973,0.9983,-0.1384,1.1575,-0.004353,0.0525,0.0044
1.74,STANCE,0.9806,1.4404,-0.0581,-2.4945,-0.1031,-2.3114,0.0074,-0.1995,0.3528,-0.1809,0.9986,0.1628,1.3054,-0.004028,0.0701,0.004
1.745,FLIGHT,0.9803,1.4297,-0.0507,-2.2415,-0.1518,-1.8212,0.0089,-0.2003,0.319,-0.1592,0.9991,-1.186,2.4801,-0.003687,0.0773,0.0037
1.75,FLIGHT,0.9776,1.4237,-0.4282,-1.4586,-0.9099,-0.6005,0.0093,-0.2007,0.1286,-0.1066,0.9998,-1.0559,2.3625,-0.003156,0.132,0.0032
1.755,FLIGHT,0.9716,1.4231,-0.9798,-0.5106,-1.4481,0.2832,0.0082,-0.2008,-0.1219,-0.0443,1.0008,-0.8095,2.1565,-0.002406,0.1642,0.0024
1.76,FLIGHT,0.9635,1.426,-1.423,0.2567,-1.7389,0.8274,0.0061,-0.2007,-0.323,0.01,1.002,-0.5681,1.9587,-0.00155,0.1749,0.0016
1.765,FLIGHT,0.9545,1.4309,-1.6803,0.763,-1.8283,1.1044,0.0036,-0.2004,-0.4472,0.051,1.0033,-0.3759,1.8031,-0.000683,0.1702,0.0007
1.77,FLIGHT,0.9455,1.4367,-1.7665,1.0382,-1.7791,1.1993,0.0009,-0.1999,-0.5024,0.0782,1.0046,-0.2391,1.6939,0.000133,0.1469,0.0
1.775,FLIGHT,0.9369,1.4427,-1.725,1.1454,-1.6457,1.1849,-0.0016,-0.1995,-0.5074,0.0933,1.0059,-0.1496,1.6238,0.000705,0.0854,0.0
1.78,FLIGHT,0.9291,1.4485,-1.605,1.1448,-1.475,1.1111,-0.004,-0.199,-0.4814,0.0991,1.0072,-0.094,1.5818,0.001019,0.043,0.0
1.785,FLIGHT,0.9222,1.4538,-1.4454,1.0835,-1.2933,1.0121,-0.0061,-0.1985,-0.4392,0.0984,1.0084,-0.061,1.5584,0.001159,0.0153,0.0
1.79,FLIGHT,0.9161,1.4586,-1.272,0.9939,-1.1158,0.9078,-0.008,-0.1981,-0.3907,0.0938,1.0096,-0.042,1.5464,0.001189,-0.002,0.0004
1.795,FLIGHT,0.911,1.4629,-1.1005,0.8962,-0.9507,0.809,-0.0096,-0.1977,-0.3419,0.0872,1.0107,-0.0314,1.5411,0.001151,-0.0122,0.0024
1.8,FLIGHT,0.9066,1.4667,-0.9393,0.8017,-0.8012,0.7204,-0.011,-0.1973,-0.296,0.0798,1.0118,-0.0256,1.5393,0.001075,-0.0177,0.0035
1.805,FLIGHT,0.9029,1.4701,-0.7926,0.7158,-0.668,0.6436,-0.0122,-0.1969,-0.2545,0.0724,1.0129,-0.0223,1.5394,0.000979,-0.0201,0.004
1.81,FLIGHT,0.8999,1.4731,-0.6613,0.6406,-0.5506,0.5781,-0.0132,-0.1966,-0.2178,0.0654,1.0139,-0.0204,1.5404,0.000877,-0.0205,0.0041
1.815,FLIGHT,0.8974,1.4759,-0.5451,0.5761,-0.4476,0.5229,-0.0141,-0.1964,-0.1857,0.059,1.0149,-0.0193,1.5416,0.000777,-0.0195,0.0039
1.82,FLIGHT,0.8954,1.4784,-0.4431,0.5215,-0.3576,0.4767,-0.0148,-0.1961,-0.1579,0.0534,1.0158,-0.0187,1.5429,0.000683,-0.0179,0.0036
1.825,FLIGHT,0.8938,1.4807,-0.3537,0.4755,-0.279,0.438,-0.0154,-0.1959,-0.1338,0.0484,1.0168,-0.0182,1.5442,0.000599,-0.0158,0.0032
1.83,FLIGHT,0.8926,1.4828,-0.2757,0.4371,-0.2105,0.4056,-0.016,-0.1957,-0.1131,0.0441,1.0176,-0.018,1.5454,0.000525,-0.0136,0.0027
1.835,FLIGHT,0.8917,1.4847,-0.2076,0.4049,-0.1508,0.3785,-0.0164,-0.1955,-0.0953,0.0403,1.0185,-0.0179,1.5466,0.000462,-0.0114,0.0023
1.84,FLIGHT,0.8911,1.4866,-0.1484,0.3779,-0.099,0.3558,-0.0168,-0.1953,-0.08,0.037,1.0193,-0.0179,1.5477,0.00041,-0.0094,0.0019
1.845,FLIGHT,0.8907,1.4883,-0.0969,0.3552,-0.054,0.3367,-0.0171,-0.1951,-0.0668,0.0342,1.0201,-0.0181,1.5487,0.000368,-0.0076,0.0015
1.85,FLIGHT,0.8905,1.4899,-0.0522,0.3362,-0.015,0.3206,-0.0173,-0.195,-0.0554,0.0318,1.0209,-0.0184,1.5497,0.000334,-0.006,0.0012
1.855,FLIGHT,0.8905,1.4915,-0.0135,0.3202,0.0187,0.307,-0.0175,-0.1948,-0.0457,0.0298,1.0216,-0.0187,1.5506,0.000308,-0.0047,0.0009
1.86,FLIGHT,0.8907,1.493,0.0199,0.3066,0.0477,0.2955,-0.0177,-0.1947,-0.0373,0.028,1.0223,-0.0192,1.5515,0.000287,-0.0036,0.0007
1.865,FLIGHT,0.891,1.4945,0.0487,0.2951,0.0726,0.2856,-0.0178,-0.1946,-0.0301,0.0264,1.023,-0.0196,1.5524,0.000271,-0.0027,0.0005
1.87,FLIGHT,0.8914,1.4959,0.0734,0.2853,0.0939,0.2772,-0.018,-0.1945,-0.024,0.0251,1.0236,-0.0202,1.5533,0.000259,-0.002,0.0004
1.875,FLIGHT,0.8919,1.4972,0.0946,0.2769,0.112,0.2699,-0.018,-0.1943,-0.0187,0.024,1.0243,-0.0207,1.5541,0.000251,-0.0015,0.0003
1.88,FLIGHT,0.8925,1.4986,0.1125,0.2696,0.1273,0.2635,-0.0181,-0.1942,-0.0143,0.023,1.0249,-0.0213,1.5549,0.000245,-0.001,0.0002
1.885,FLIGHT,0.8932,1.4999,0.1278,0.2632,0.1402,0.2579,-0.0181,-0.1941,-0.0105,0.0221,1.0255,-0.0219,1.5557,0.00024,-0.0007,0.0001
1.89,FLIGHT,0.8939,1.5011,0.1405,0.2576,0.151,0.2529,-0.0182,-0.194,-0.0072,0.0214,1.026,-0.0225,1.5564,0.000238,-0.0004,0.0001
1.895,FLIGHT,0.8947,1.5024,0.1512,0.2526,0.1599,0.2483,-0.0182,-0.1939,-0.0045,0.0208,1.0265,-0.0231,1.5571,0.000236,-0.0002,0.0
1.9,FLIGHT,0.8955,1.5036,0.1601,0.2481,0.1672,0.2442,-0.0182,-0.1938,-0.0022,0.0202,1.027,-0.0237,1.5578,0.000235,-0.0001,0.0
1.905,FLIGHT,0.8964,1.5048,0.1673,0.2439,0.1731,0.2404,-0.0182,-0.1937,-0.0002,0.0197,1.0275,-0.0243,1.5585,0.000235,0.0,0.0
1.91,FLIGHT,0.8973,1.506,0.1732,0.2401,0.1778,0.2368,-0.0182,-0.1936,0.0014,0.0192,1.028,-0.0249,1.5592,0.000235,0.0001,0.0
1.915,FLIGHT,0.8982,1.5072,0.1778,0.2366,0.1815,0.2334,-0.0182,-0.1935,0.0028,0.0188,1.0284,-0.0255,1.5598,0.000236,0.0001,0.0
1.92,FLIGHT,0.8991,1.5084,0.1814,0.2332,0.1842,0.2302,-0.0181,-0.1934,0.0039,0.0185,1.0288,-0.026,1.5604,0.000236,0.0001,0.0
1.925,FLIGHT,0.9,1.5095,0.1841,0.2299,0.1861,0.2271,-0.0181,-0.1933,0.0049,0.0181,1.0292,-0.0266,1.561,0.000237,0.0002,0.0
1.93,FLIGHT,0.9009,1.5106,0.186,0.2268,0.1874,0.224,-0.0181,-0.1932,0.0056,0.0178,1.0296,-0.0271,1.5616,0.000238,0.0002,0.0
1.935,FLIGHT,0.9019,1.5118,0.1873,0.2237,0.1881,0.221,-0.0181,-0.1932,0.0063,0.0175,1.0299,-0.0276,1.5621,0.000239,0.0002,0.0
1.94,FLIGHT,0.9028,1.5129,0.1879,0.2208,0.1883,0.2181,-0.018,-0.1931,0.0068,0.0172,1.0302,-0.0281,1.5627,0.00024,0.0001,0.0
1.945,FLIGHT,0.9038,1.5139,0.1881,0.2178,0.1881,0.2152,-0.018,-0.193,0.0072,0.017,1.0305,-0.0286,1.5632,0.00024,0.0001,0.0
1.95,FLIGHT,0.9047,1.515,0.1879,0.2149,0.1876,0.2123,-0.0179,-0.1929,0.0075,0.0167,1.0308,-0.0291,1.5637,0.000241,0.0001,0.0
1.955,FLIGHT,0.9056,1.5161,0.1873,0.212,0.1867,0.2095,-0.0179,-0.1928,0.0078,0.0165,1.031,-0.0295,1.5642,0.000241,0.0001,0.0
1.96,FLIGHT,0.9066,1.5171,0.1865,0.2092,0.1856,0.2066,-0.0179,-0.1927,0.008,0.0162,1.0312,-0.03,1.5647,0.000242,0.0001,0.0
1.965,FLIGHT,0.9075,1.5181,0.1854,0.2063,0.1843,0.2038,-0.0178,-0.1927,0.0082,0.016,1.0314,-0.0304,1.5652,0.000242,0.0001,0.0
1.97,FLIGHT,0.9084,1.5191,0.1841,0.2035,0.1828,0.2009,-0.0178,-0.1926,0.0083,0.0157,1.0316,-0.0308,1.5656,0.000242,0.0001,0.0
1.975,FLIGHT,0.9093,1.5201,0.1826,0.2006,0.1812,0.1981,-0.0177,-0.1925,0.0084,0.0155,1.0317,-0.0312,1.5661,0.000243,0.0,0.0
1.98,FLIGHT,0.9102,1.5211,0.181,0.1978,0.1795,0.1953,-0.0177,-0.1924,0.0084,0.0153,1.0318,-0.0316,1.5665,0.000243,0.0,0.0
1.985,FLIGHT,0.9111,1.5221,0.1792,0.195,0.1776,0.1925,-0.0177,-0.1924,0.0084,0.0151,1.0319,-0.032,1.567,0.000243,0.0,0.0
1.99,FLIGHT,0.912,1.523,0.1774,0.1922,0.1757,0.1897,-0.0176,-0.1923,0.0085,0.0148,1.032,-0.0324,1.5674,0.000243,0.0,0.0
1.995,FLIGHT,0.9129,1.524,0.1755,0.1894,0.1738,0.1869,-0.0176,-0.1922,0.0084,0.0146,1.0321,-0.0328,1.5678,0.000243,-0.0,0.0
2.0,FLIGHT,0.9137,1.5249,0.1736,0.1866,0.1718,0.1841,-0.0175,-0.1921,0.0084,0.0144,1.0321,-0.0331,1.5682,0.000243,-0.0,0.0
2.005,FLIGHT,0.9146,1.5258,0.1716,0.1838,0.1698,0.1814,-0.0175,-0.1921,0.0084,0.0142,1.0321,-0.0335,1.5686,0.000243,-0.0,0.0
2.01,FLIGHT,0.9154,1.5267,0.1695,0.1811,0.1677,0.1786,-0.0174,-0.192,0.0084,0.014,1.0321,-0.0338,1.569,0.000243,-0.0,0.0
2.015,FLIGHT,0.9163,1.5276,0.1675,0.1783,0.1657,0.1759,-0.0174,-0.1919,0.0083,0.0138,1.0321,-0.0342,1.5694,0.000243,-0.0,0.0
2.02,FLIGHT,0.9171,1.5285,0.1654,0.1756,0.1636,0.1732,-0.0174,-0.1919,0.0083,0.0136,1.032,-0.0345,1.5698,0.000242,-0.0,0.0
2.025,FLIGHT,0.9179,1.5293,0.1634,0.1729,0.1615,0.1705,-0.0173,-0.1918,0.0083,0.0134,1.0319,-0.0348,1.5701,0.000242,-0.0,0.0
2.03,FLIGHT,0.9187,1.5302,0.1613,0.1703,0.1595,0.1679,-0.0173,-0.1917,0.0082,0.0131,1.0318,-0.0351,1.5705,0.000242,-0.0,0.0
2.035,FLIGHT,0.9195,1.531,0.1593,0.1676,0.1574,0.1653,-0.0172,-0.1917,0.0082,0.0129,1.0317,-0.0354,1.5709,0.000242,-0.0,0.0
2.04,FLIGHT,0.9203,1.5318,0.1572,0.165,0.1554,0.1627,-0.0172,-0.1916,0.0081,0.0127,1.0316,-0.0357,1.5712,0.000242,-0.0,0.0
2.045,FLIGHT,0.9211,1.5326,0.1552,0.1624,0.1534,0.1601,-0.0172,-0.1915,0.0081,0.0125,1.0314,-0.036,1.5716,0.000241,-0.0001,0.0
2.05,FLIGHT,0.9218,1.5334,0.1532,0.1599,0.1514,0.1576,-0.0171,-0.1915,0.008,0.0123,1.0312,-0.0363,1.5719,0.000241,-0.0001,0.0
2.055,FLIGHT,0.9226,1.5342,0.1512,0.1573,0.1494,0.1551,-0.0171,-0.1914,0.0079,0.0121,1.031,-0.0366,1.5722,0.000241,-0.0001,0.0
2.06,FLIGHT,0.9233,1.535,0.1492,0.1548,0.1475,0.1526,-0.017,-0.1914,0.0079,0.012,1.0308,-0.0369,1.5726,0.000241,-0.0001,0.0
2.065,FLIGHT,0.924,1.5358,0.1473,0.1524,0.1455,0.1502,-0.017,-0.1913,0.0078,0.0118,1.0305,-0.0372,1.5729,0.00024,-0.0001,0.0
2.07,FLIGHT,0.9248,1.5365,0.1453,0.1499,0.1436,0.1478,-0.017,-0.1912,0.0078,0.0116,1.0302,-0.0374,1.5732,0.00024,-0.0001,0.0
2.075,FLIGHT,0.9255,1.5372,0.1434,0.1475,0.1417,0.1454,-0.0169,-0.1912,0.0077,0.0114,1.03,-0.0377,1.5735,0.00024,-0.0001,0.0
2.08,FLIGHT,0.9262,1.5379,0.1415,0.1452,0.1398,0.1431,-0.0169,-0.1911,0.0077,0.0112,1.0296,-0.038,1.5738,0.000239,-0.0001,0.0
2.085,FLIGHT,0.9269,1.5387,0.1397,0.1428,0.138,0.1408,-0.0168,-0.1911,0.0076,0.011,1.0293,-0.0382,1.5741,0.000239,-0.0001,0.0
2.09,FLIGHT,0.9276,1.5394,0.1378,0.1406,0.1362,0.1385,-0.0168,-0.191,0.0076,0.0108,1.029,-0.0385,1.5744,0.000239,-0.0001,0.0
2.095,FLIGHT,0.9282,1.54,0.136,0.1383,0.1344,0.1363,-0.0168,-0.191,0.0075,0.0107,1.0286,-0.0388,1.5747,0.000239,-0.0001,0.0
2.1,FLIGHT,0.9289,1.5407,0.1342,0.1361,0.1326,0.1341,-0.0167,-0.1909,0.0075,0.0105,1.0282,-0.039,1.575,0.000238,-0.0001,0.0
2.105,FLIGHT,0.9296,1.5414,0.1324,0.1339,0.1309,0.1319,-0.0167,-0.1909,0.0074,0.0103,1.0278,-0.0393,1.5753,0.000238,-0.0001,0.0
2.11,FLIGHT,0.9302,1.542,0.1307,0.1317,0.1291,0.1298,-0.0167,-0.1908,0.0074,0.0102,1.0274,-0.0395,1.5756,0.000238,-0.0001,0.0
2.115,FLIGHT,0.9309,1.5427,0.129,0.1296,0.1274,0.1277,-0.0166,-0.1908,0.0073,0.01,1.0269,-0.0398,1.5759,0.000238,-0.0001,0.0
2.12,FLIGHT,0.9315,1.5433,0.1273,0.1275,0.1257,0.1257,-0.0166,-0.1907,0.0073,0.0098,1.0264,-0.04,1.5762,0.000237,-0.0001,0.0
2.125,FLIGHT,0.9321,1.5439,0.1256,0.1255,0.1241,0.1237,-0.0166,-0.1907,0.0072,0.0097,1.026,-0.0403,1.5764,0.000237,-0.0,0.0
2.13,FLIGHT,0.9327,1.5446,0.1239,0.1235,0.1224,0.1217,-0.0165,-0.1906,0.0071,0.0095,1.0254,-0.0405,1.5767,0.000237,-0.0,0.0
2.135,FLIGHT,0.9333,1.5452,0.1223,0.1215,0.1208,0.1197,-0.0165,-0.1906,0.0071,0.0094,1.0249,-0.0407,1.577,0.000237,-0.0,0.0
2.14,FLIGHT,0.9339,1.5458,0.1207,0.1195,0.1192,0.1178,-0.0164,-0.1905,0.007,0.0092,1.0244,-0.041,1.5772,0.000236,-0.0,0.0
2.145,FLIGHT,0.9345,1.5463,0.1191,0.1176,0.1176,0.1159,-0.0164,-0.1905,0.007,0.0091,1.0238,-0.0412,1.5775,0.000236,-0.0,0.0
2.15,FLIGHT,0.9351,1.5469,0.1175,0.1157,0.1161,0.1141,-0.0164,-0.1904,0.0069,0.0089,1.0232,-0.0414,1.5778,0.000236,-0.0,0.0
2.155,FLIGHT,0.9357,1.5475,0.1159,0.1139,0.1145,0.1123,-0.0163,-0.1904,0.0069,0.0088,1.0226,-0.0417,1.578,0.000236,-0.0,0.0
2.16,FLIGHT,0.9363,1.548,0.1144,0.1121,0.113,0.1105,-0.0163,-0.1904,0.0068,0.0086,1.022,-0.0419,1.5783,0.000235,-0.0,0.0
2.165,FLIGHT,0.9368,1.5486,0.1128,0.1103,0.1115,0.1087,-0.0163,-0.1903,0.0068,0.0085,1.0214,-0.0421,1.5785,0.000235,-0.0,0.0
2.17,FLIGHT,0.9374,1.5491,0.1113,0.1086,0.11,0.107,-0.0162,-0.1903,0.0067,0.0084,1.0207,-0.0423,1.5788,0.000235,-0.0,0.0
2.175,FLIGHT,0.9379,1.5497,0.1099,0.1068,0.1085,0.1053,-0.0162,-0.1902,0.0066,0.0082,1.0201,-0.0425,1.579,0.000235,-0.0,0.0
2.18,FLIGHT,0.9385,1.5502,0.1084,0.1051,0.1071,0.1036,-0.0162,-0.1902,0.0066,0.0081,1.0194,-0.0428,1.5792,0.000235,-0.0,0.0
2.185,FLIGHT,0.939,1.5507,0.1069,0.1035,0.1056,0.102,-0.0161,-0.1902,0.0065,0.008,1.0187,-0.043,1.5795,0.000234,-0.0,0.0
2.19,FLIGHT,0.9395,1.5512,0.1055,0.1019,0.1042,0.1004,-0.0161,-0.1901,0.0065,0.0078,1.018,-0.0432,1.5797,0.000234,-0.0,0.0
2.195,FLIGHT,0.94,1.5517,0.1041,0.1003,0.1028,0.0988,-0.0161,-0.1901,0.0064,0.0077,1.0172,-0.0434,1.5799,0.000234,-0.0,0.0
2.2,FLIGHT,0.9405,1.5522,0.1027,0.0987,0.1014,0.0973,-0.016,-0.19,0.0063,0.0076,1.0165,-0.0436,1.5802,0.000234,-0.0,0.0
2.205,FLIGHT,0.941,1.5527,0.1013,0.0972,0.1,0.0958,-0.016,-0.19,0.0063,0.0075,1.0157,-0.0438,1.5804,0.000234,-0.0,0.0
2.21,FLIGHT,0.9415,1.5531,0.0999,0.0956,0.0987,0.0943,-0.016,-0.19,0.0062,0.0074,1.0149,-0.044,1.5806,0.000233,-0.0,0.0
2.215,FLIGHT,0.942,1.5536,0.0985,0.0942,0.0973,0.0928,-0.016,-0.1899,0.0062,0.0072,1.0141,-0.0442,1.5808,0.000233,-0.0,0.0
2.22,FLIGHT,0.9425,1.5541,0.0972,0.0927,0.096,0.0914,-0.0159,-0.1899,0.0061,0.0071,1.0133,-0.0444,1.5811,0.000233,-0.0,0.0
2.225,FLIGHT,0.943,1.5545,0.0959,0.0913,0.0947,0.09,-0.0159,-0.1899,0.006,0.007,1.0125,-0.0446,1.5813,0.000233,-0.0,0.0
2.23,FLIGHT,0.9435,1.555,0.0946,0.0899,0.0934,0.0886,-0.0159,-0.1898,0.006,0.0069,1.0116,-0.0448,1.5815,0.000233,-0.0,0.0
2.235,FLIGHT,0.9439,1.5554,0.0933,0.0885,0.0921,0.0873,-0.0158,-0.1898,0.0059,0.0068,1.0107,-0.045,1.5817,0.000233,-0.0,0.0
2.24,FLIGHT,0.9444,1.5558,0.092,0.0871,0.0908,0.0859,-0.0158,-0.1898,0.0058,0.0067,1.0099,-0.0452,1.5819,0.000232,-0.0,0.0
2.245,FLIGHT,0.9448,1.5563,0.0907,0.0858,0.0896,0.0846,-0.0158,-0.1897,0.0058,0.0066,1.009,-0.0454,1.5821,0.000232,-0.0,0.0
2.25,FLIGHT,0.9453,1.5567,0.0894,0.0845,0.0883,0.0833,-0.0158,-0.1897,0.0057,0.0065,1.008,-0.0456,1.5823,0.000232,-0.0,0.0
2.255,FLIGHT,0.9457,1.5571,0.0882,0.0832,0.0871,0.0821,-0.0157,-0.1897,0.0056,0.0064,1.0071,-0.0458,1.5825,0.000232,-0.0,0.0
2.26,FLIGHT,0.9462,1.5575,0.0869,0.0819,0.0858,0.0808,-0.0157,-0.1896,0.0055,0.0063,1.0062,-0.046,1.5827,0.000232,-0.0,0.0
2.265,FLIGHT,0.9466,1.5579,0.0857,0.0807,0.0846,0.0796,-0.0157,-0.1896,0.0055,0.0062,1.0052,-0.0462,1.5829,0.000232,-0.0,0.0
2.27,FLIGHT,0.947,1.5583,0.0845,0.0795,0.0834,0.0784,-0.0156,-0.1896,0.0054,0.0061,1.0042,-0.0464,1.5831,0.000232,-0.0,0.0
2.275,FLIGHT,0.9474,1.5587,0.0833,0.0783,0.0822,0.0772,-0.0156,-0.1895,0.0053,0.006,1.0033,-0.0466,1.5833,0.000231,-0.0,0.0
2.28,FLIGHT,0.9478,1.5591,0.0821,0.0771,0.081,0.0761,-0.0156,-0.1895,0.0053,0.0059,1.0023,-0.0467,1.5835,0.000231,-0.0,0.0
2.285,FLIGHT,0.9482,1.5595,0.0809,0.076,0.0799,0.075,-0.0156,-0.1895,0.0052,0.0058,1.0012,-0.0469,1.5837,0.000231,-0.0,0.0
2.29,STANCE,0.9486,1.5598,0.0797,0.0749,0.0974,0.099,-0.0155,-0.1895,0.0051,0.0058,1.0002,0.2146,-0.0025,0.000231,-0.024,0.0048
2.295,STANCE,0.9511,1.56,0.4136,0.0243,0.9418,-0.266,-0.0151,-0.1895,0.0751,-0.004,0.9993,0.0608,-0.5893,-0.000959,-0.3661,0.0742
2.3,STANCE,0.9576,1.5565,1.0578,-0.5273,1.634,-1.1736,-0.0134,-0.1899,0.2719,-0.0626,0.9983,-0.4055,-0.9864,-0.002985,-0.4247,0.0879
2.305,STANCE,0.9639,1.55,1.1078,-0.9906,0.4654,-0.5747,-0.0113,-0.1906,0.3456,-0.1018,0.9976,-0.7512,-1.3259,-0.004465,-0.1187,0.0282
2.31,STANCE,0.9648,1.549,0.4598,-0.4333,0.1136,-0.1099,-0.011,-0.1907,0.1466,-0.044,0.9977,-0.7857,-1.9973,-0.004623,0.023,0.0046
2.315,STANCE,0.9662,1.5472,0.3723,-0.414,0.5177,-0.6706,-0.0105,-0.1908,0.1275,-0.0409,0.998,-1.014,-2.2814,-0.004391,0.0615,0.0044
2.32,STANCE,0.9685,1.539,0.4452,-1.2948,0.7052,-1.6616,-0.0089,-0.1916,0.263,-0.1179,0.998,-1.2783,-1.954,-0.00377,0.0858,0.0038
2.325,STANCE,0.9734,1.529,0.8269,-1.8173,0.9839,-2.66,-0.0066,-0.1925,0.4109,-0.1617,0.9981,-1.5972,-1.5478,-0.00393,-0.053,0.0145
2.33,STANCE,0.9783,1.5139,0.9364,-2.6546,0.949,-3.2684,-0.0036,-0.1938,0.5536,-0.2242,0.9979,-1.7027,-0.8134,-0.004246,-0.0718,0.0186
2.335,STANCE,0.9826,1.4978,0.8683,-3.016,0.6501,-3.0814,-0.0005,-0.1951,0.5973,-0.2426,0.9978,-1.5791,-0.1668,-0.004605,-0.0309,0.0108
2.34,STANCE,0.9848,1.4828,0.5593,-2.985,0.2687,-2.8975,0.0021,-0.1963,0.5373,-0.2313,0.9979,-1.1889,0.3402,-0.004626,-0.0047,0.0056
2.345,STANCE,0.9853,1.4686,0.2362,-2.8752,-0.0576,-2.7879,0.0043,-0.1974,0.4616,-0.2168,0.998,-0.6823,0.7815,-0.004602,0.0198,0.0046
2.35,STANCE,0.9845,1.4551,-0.0409,-2.7518,-0.2278,-2.6109,0.0061,-0.1984,0.3917,-0.2036,0.9982,-0.1746,1.1291,-0.004439,0.0419,0.0044
2.355,STANCE,0.9836,1.4429,-0.1398,-2.5308,-0.1704,-2.3321,0.0076,-0.1993,0.3419,-0.184,0.9984,0.1558,1.292,-0.004277,0.0406,0.0043
2.36,FLIGHT,0.9831,1.4318,-0.1,-2.2936,-0.0092,-2.0746,0.0092,-0.2001,0.3169,-0.1631,0.9988,-1.1413,2.4501,-0.004077,0.0382,0.0041
2.365,FLIGHT,0.9811,1.4247,-0.3475,-1.6371,-0.7705,-0.8258,0.0098,-0.2006,0.1713,-0.118,0.9995,-1.0653,2.375,-0.003724,0.1,0.0037
2.37,FLIGHT,0.9757,1.4231,-0.8709,-0.7001,-1.3392,0.1109,0.009,-0.2008,-0.072,-0.0572,1.0005,-0.8362,2.182,-0.003113,0.1404,0.0031
2.375,FLIGHT,0.9681,1.4252,-1.3281,0.1001,-1.665,0.7081,0.0071,-0.2007,-0.2812,-0.0023,1.0016,-0.5952,1.9837,-0.002358,0.1585,0.0024
2.38,FLIGHT,0.9594,1.4297,-1.6115,0.6492,-1.7835,1.0279,0.0047,-0.2004,-0.4173,0.0403,1.0029,-0.3969,1.8228,-0.001557,0.1597,0.0016
2.385,FLIGHT,0.9505,1.4352,-1.7225,0.9623,-1.7557,1.1532,0.0022,-0.2,-0.4834,0.0694,1.0042,-0.253,1.7075,-0.000778,0.1508,0.0008
2.39,FLIGHT,0.942,1.441,-1.7019,1.0974,-1.6388,1.1574,-0.0004,-0.1996,-0.4968,0.0862,1.0055,-0.1568,1.6319,-5.7e-05,0.1371,0.0001
2.395,FLIGHT,0.9342,1.4466,-1.595,1.1161,-1.473,1.0967,-0.0027,-0.1991,-0.4762,0.0936,1.0068,-0.0969,1.5863,0.000489,0.0828,0.0
2.4,FLIGHT,0.9273,1.4519,-1.4415,1.0678,-1.2928,1.0056,-0.0049,-0.1987,-0.4371,0.0942,1.008,-0.0614,1.5607,0.000799,0.044,0.0
2.405,FLIGHT,0.9213,1.4567,-1.2705,0.9864,-1.1154,0.906,-0.0067,-0.1983,-0.3902,0.0906,1.0092,-0.0411,1.5475,0.00095,0.0181,0.0
2.41,FLIGHT,0.9161,1.461,-1.0995,0.8938,-0.9497,0.8101,-0.0083,-0.1979,-0.3422,0.0847,1.0103,-0.0298,1.5415,0.000996,0.0017,0.0
2.415,FLIGHT,0.9118,1.4648,-0.938,0.8024,-0.7994,0.7233,-0.0097,-0.1975,-0.2966,0.0778,1.0115,-0.0237,1.5394,0.000978,-0.0082,0.0016
2.42,FLIGHT,0.9081,1.4682,-0.7906,0.7185,-0.6655,0.6477,-0.0109,-0.1972,-0.2551,0.0709,1.0125,-0.0203,1.5394,0.000922,-0.0136,0.0027
2.425,FLIGHT,0.9051,1.4713,-0.6587,0.6446,-0.5475,0.5831,-0.0119,-0.1969,-0.2183,0.0642,1.0135,-0.0185,1.5403,0.000846,-0.0161,0.0032
2.43,FLIGHT,0.9026,1.4741,-0.5419,0.581,-0.444,0.5285,-0.0128,-0.1966,-0.1862,0.0582,1.0145,-0.0174,1.5415,0.000764,-0.0167,0.0033
2.435,FLIGHT,0.9006,1.4766,-0.4394,0.527,-0.3536,0.4827,-0.0136,-0.1963,-0.1583,0.0527,1.0155,-0.0168,1.5428,0.000681,-0.0161,0.0032
2.44,FLIGHT,0.899,1.4789,-0.3497,0.4816,-0.2747,0.4444,-0.0142,-0.1961,-0.1343,0.048,1.0164,-0.0164,1.5441,0.000603,-0.0148,0.003
2.445,FLIGHT,0.8978,1.4811,-0.2714,0.4435,-0.206,0.4123,-0.0147,-0.1959,-0.1135,0.0438,1.0173,-0.0162,1.5454,0.000534,-0.0131,0.0026
2.45,FLIGHT,0.897,1.483,-0.2032,0.4116,-0.1462,0.3854,-0.0151,-0.1957,-0.0957,0.0402,1.0182,-0.0161,1.5465,0.000473,-0.0112,0.0022
2.455,FLIGHT,0.8964,1.4849,-0.1438,0.3848,-0.0943,0.3629,-0.0155,-0.1955,-0.0803,0.0371,1.019,-0.0162,1.5476,0.000421,-0.0094,0.0019
2.46,FLIGHT,0.896,1.4867,-0.0923,0.3623,-0.0493,0.3439,-0.0158,-0.1954,-0.0671,0.0344,1.0198,-0.0164,1.5486,0.000379,-0.0077,0.0015
2.465,FLIGHT,0.8959,1.4884,-0.0475,0.3434,-0.0103,0.3279,-0.0161,-0.1952,-0.0557,0.032,1.0206,-0.0167,1.5496,0.000344,-0.0062,0.0012
2.47,FLIGHT,0.8959,1.49,-0.0088,0.3275,0.0233,0.3143,-0.0163,-0.1951,-0.046,0.03,1.0213,-0.0171,1.5506,0.000316,-0.0049,0.001
2.475,FLIGHT,0.8961,1.4915,0.0246,0.3139,0.0523,0.3028,-0.0165,-0.1949,-0.0376,0.0283,1.0221,-0.0176,1.5515,0.000294,-0.0038,0.0008
2.48,FLIGHT,0.8964,1.493,0.0533,0.3025,0.0771,0.293,-0.0166,-0.1948,-0.0304,0.0268,1.0228,-0.0181,1.5524,0.000277,-0.0029,0.0006
2.485,FLIGHT,0.8969,1.4944,0.078,0.2926,0.0984,0.2845,-0.0167,-0.1947,-0.0243,0.0255,1.0234,-0.0186,1.5533,0.000264,-0.0022,0.0004
2.49,FLIGHT,0.8974,1.4958,0.099,0.2842,0.1164,0.2771,-0.0168,-0.1946,-0.019,0.0244,1.0241,-0.0192,1.5542,0.000255,-0.0016,0.0003
2.495,FLIGHT,0.898,1.4972,0.1169,0.2768,0.1317,0.2707,-0.0169,-0.1944,-0.0145,0.0235,1.0247,-0.0198,1.555,0.000248,-0.0012,0.0002
2.5,FLIGHT,0.8987,1.4985,0.132,0.2704,0.1445,0.265,-0.0169,-0.1943,-0.0107,0.0227,1.0253,-0.0204,1.5558,0.000243,-0.0008,0.0002
2.505,FLIGHT,0.8995,1.4999,0.1448,0.2647,0.1551,0.2599,-0.0169,-0.1942,-0.0075,0.0219,1.0258,-0.0211,1.5565,0.00024,-0.0005,0.0001
2.51,FLIGHT,0.9003,1.5012,0.1553,0.2597,0.164,0.2554,-0.017,-0.1941,-0.0048,0.0213,1.0264,-0.0217,1.5573,0.000237,-0.0003,0.0001
2.515,FLIGHT,0.9011,1.5024,0.1641,0.2551,0.1712,0.2511,-0.017,-0.194,-0.0025,0.0207,1.0269,-0.0223,1.558,0.000236,-0.0002,0.0
2.52,FLIGHT,0.902,1.5037,0.1712,0.2509,0.177,0.2472,-0.017,-0.1939,-0.0005,0.0202,1.0274,-0.0229,1.5587,0.000236,-0.0001,0.0
2.525,FLIGHT,0.9029,1.5049,0.177,0.247,0.1816,0.2436,-0.0169,-0.1938,0.0011,0.0198,1.0279,-0.0235,1.5593,0.000236,0.0,0.0
2.53,FLIGHT,0.9038,1.5061,0.1815,0.2433,0.1851,0.2401,-0.0169,-0.1937,0.0025,0.0194,1.0283,-0.0241,1.56,0.000236,0.0001,0.0
2.535,FLIGHT,0.9047,1.5073,0.185,0.2398,0.1877,0.2368,-0.0169,-0.1936,0.0036,0.019,1.0287,-0.0247,1.5606,0.000236,0.0001,0.0
2.54,FLIGHT,0.9057,1.5085,0.1876,0.2365,0.1896,0.2336,-0.0169,-0.1935,0.0046,0.0187,1.0291,-0.0252,1.5612,0.000237,0.0001,0.0
2.545,FLIGHT,0.9066,1.5096,0.1894,0.2333,0.1908,0.2304,-0.0169,-0.1934,0.0053,0.0184,1.0295,-0.0258,1.5618,0.000238,0.0001,0.0
2.55,FLIGHT,0.9076,1.5108,0.1906,0.2301,0.1914,0.2273,-0.0168,-0.1934,0.006,0.0181,1.0298,-0.0263,1.5623,0.000238,0.0001,0.0
2.555,FLIGHT,0.9085,1.5119,0.1912,0.227,0.1915,0.2243,-0.0168,-0.1933,0.0065,0.0178,1.0302,-0.0268,1.5629,0.000239,0.0001,0.0
2.56,FLIGHT,0.9095,1.513,0.1913,0.224,0.1912,0.2213,-0.0168,-0.1932,0.0069,0.0175,1.0305,-0.0273,1.5634,0.000239,0.0001,0.0
2.565,FLIGHT,0.9104,1.5141,0.191,0.221,0.1905,0.2183,-0.0167,-0.1931,0.0072,0.0173,1.0307,-0.0278,1.564,0.00024,0.0001,0.0
2.57,FLIGHT,0.9114,1.5152,0.1903,0.218,0.1896,0.2154,-0.0167,-0.193,0.0075,0.017,1.031,-0.0283,1.5645,0.00024,0.0001,0.0
2.575,FLIGHT,0.9123,1.5163,0.1894,0.2151,0.1884,0.2124,-0.0166,-0.1929,0.0077,0.0168,1.0312,-0.0287,1.565,0.000241,0.0001,0.0
2.58,FLIGHT,0.9133,1.5173,0.1882,0.2121,0.187,0.2095,-0.0166,-0.1928,0.0078,0.0165,1.0314,-0.0292,1.5654,0.000241,0.0001,0.0
2.585,FLIGHT,0.9142,1.5184,0.1868,0.2092,0.1854,0.2065,-0.0166,-0.1928,0.0079,0.0163,1.0316,-0.0296,1.5659,0.000242,0.0,0.0
2.59,FLIGHT,0.9151,1.5194,0.1852,0.2062,0.1837,0.2036,-0.0165,-0.1927,0.008,0.016,1.0317,-0.03,1.5664,0.000242,0.0,0.0
2.595,FLIGHT,0.916,1.5204,0.1835,0.2033,0.1819,0.2007,-0.0165,-0.1926,0.0081,0.0158,1.0319,-0.0304,1.5668,0.000242,0.0,0.0
2.6,FLIGHT,0.9169,1.5214,0.1817,0.2004,0.18,0.1978,-0.0164,-0.1925,0.0081,0.0156,1.032,-0.0308,1.5673,0.000242,0.0,0.0
2.605,FLIGHT,0.9178,1.5224,0.1798,0.1975,0.178,0.1949,-0.0164,-0.1924,0.0081,0.0154,1.0321,-0.0312,1.5677,0.000242,0.0,0.0
2.61,FLIGHT,0.9187,1.5233,0.1778,0.1946,0.176,0.192,-0.0164,-0.1924,0.0081,0.0151,1.0321,-0.0316,1.5681,0.000242,-0.0,0.0
2.615,FLIGHT,0.9196,1.5243,0.1758,0.1917,0.1739,0.1892,-0.0163,-0.1923,0.0081,0.0149,1.0322,-0.0319,1.5685,0.000242,-0.0,0.0
2.62,FLIGHT,0.9205,1.5252,0.1737,0.1889,0.1718,0.1863,-0.0163,-0.1922,0.0081,0.0147,1.0322,-0.0323,1.569,0.000242,-0.0,0.0
2.625,FLIGHT,0.9213,1.5262,0.1716,0.186,0.1697,0.1835,-0.0162,-0.1922,0.008,0.0145,1.0322,-0.0327,1.5694,0.000242,-0.0,0.0
2.63,FLIGHT,0.9222,1.5271,0.1695,0.1832,0.1676,0.1807,-0.0162,-0.1921,0.008,0.0142,1.0322,-0.033,1.5697,0.000241,-0.0,0.0
2.635,FLIGHT,0.923,1.528,0.1674,0.1804,0.1655,0.1779,-0.0162,-0.192,0.008,0.014,1.0321,-0.0333,1.5701,0.000241,-0.0,0.0
2.64,FLIGHT,0.9238,1.5288,0.1652,0.1776,0.1633,0.1751,-0.0161,-0.1919,0.0079,0.0138,1.0321,-0.0337,1.5705,0.000241,-0.0,0.0
2.645,FLIGHT,0.9246,1.5297,0.1631,0.1749,0.1612,0.1724,-0.0161,-0.1919,0.0079,0.0136,1.032,-0.034,1.5709,0.000241,-0.0,0.0
2.65,FLIGHT,0.9254,1.5306,0.161,0.1721,0.1591,0.1697,-0.016,-0.1918,0.0078,0.0134,1.0319,-0.0343,1.5712,0.000241,-0.0,0.0
2.655,FLIGHT,0.9262,1.5314,0.1589,0.1694,0.157,0.167,-0.016,-0.1917,0.0078,0.0132,1.0317,-0.0346,1.5716,0.00024,-0.0001,0.0
2.66,FLIGHT,0.927,1.5322,0.1568,0.1668,0.1549,0.1644,-0.016,-0.1917,0.0077,0.013,1.0316,-0.0349,1.572,0.00024,-0.0001,0.0
2.665,FLIGHT,0.9278,1.5331,0.1547,0.1641,0.1529,0.1618,-0.0159,-0.1916,0.0076,0.0128,1.0314,-0.0352,1.5723,0.00024,-0.0001,0.0
2.67,FLIGHT,0.9285,1.5339,0.1527,0.1615,0.1508,0.1592,-0.0159,-0.1916,0.0076,0.0126,1.0312,-0.0355,1.5726,0.00024,-0.0001,0.0
2.675,FLIGHT,0.9293,1.5346,0.1506,0.1589,0.1488,0.1566,-0.0159,-0.1915,0.0075,0.0124,1.031,-0.0358,1.573,0.000239,-0.0001,0.0
2.68,FLIGHT,0.93,1.5354,0.1486,0.1564,0.1468,0.1541,-0.0158,-0.1914,0.0075,0.0122,1.0307,-0.0361,1.5733,0.000239,-0.0001,0.0
2.685,FLIGHT,0.9307,1.5362,0.1466,0.1539,0.1448,0.1516,-0.0158,-0.1914,0.0074,0.012,1.0305,-0.0364,1.5736,0.000239,-0.0001,0.0
2.69,FLIGHT,0.9315,1.5369,0.1447,0.1514,0.1429,0.1492,-0.0157,-0.1913,0.0074,0.0118,1.0302,-0.0367,1.574,0.000238,-0.0001,0.0
2.695,FLIGHT,0.9322,1.5377,0.1427,0.149,0.141,0.1468,-0.0157,-0.1913,0.0073,0.0116,1.0299,-0.0369,1.5743,0.000238,-0.0001,0.0
2.7,FLIGHT,0.9329,1.5384,0.1408,0.1466,0.1391,0.1444,-0.0157,-0.1912,0.0073,0.0114,1.0296,-0.0372,1.5746,0.000238,-0.0001,0.0
2.705,FLIGHT,0.9336,1.5391,0.1389,0.1442,0.1372,0.1421,-0.0156,-0.1911,0.0072,0.0112,1.0292,-0.0375,1.5749,0.000238,-0.0001,0.0
2.71,FLIGHT,0.9342,1.5398,0.137,0.1419,0.1354,0.1398,-0.0156,-0.1911,0.0072,0.011,1.0289,-0.0378,1.5752,0.000237,-0.0001,0.0
2.715,FLIGHT,0.9349,1.5405,0.1352,0.1396,0.1335,0.1375,-0.0156,-0.191,0.0071,0.0108,1.0285,-0.038,1.5755,0.000237,-0.0001,0.0
2.72,FLIGHT,0.9356,1.5412,0.1333,0.1373,0.1317,0.1353,-0.0155,-0.191,0.0071,0.0107,1.0281,-0.0383,1.5758,0.000237,-0.0001,0.0
2.725,FLIGHT,0.9362,1.5419,0.1315,0.1351,0.1299,0.1331,-0.0155,-0.1909,0.007,0.0105,1.0277,-0.0385,1.5761,0.000236,-0.0001,0.0
2.73,FLIGHT,0.9369,1.5425,0.1298,0.1329,0.1282,0.131,-0.0155,-0.1909,0.007,0.0103,1.0272,-0.0388,1.5764,0.000236,-0.0001,0.0
2.735,FLIGHT,0.9375,1.5432,0.128,0.1307,0.1265,0.1288,-0.0154,-0.1908,0.0069,0.0102,1.0268,-0.039,1.5767,0.000236,-0.0001,0.0
2.74,FLIGHT,0.9381,1.5438,0.1263,0.1286,0.1247,0.1268,-0.0154,-0.1908,0.0069,0.01,1.0263,-0.0393,1.5769,0.000236,-0.0001,0.0
2.745,FLIGHT,0.9388,1.5445,0.1246,0.1266,0.1231,0.1247,-0.0154,-0.1907,0.0068,0.0098,1.0258,-0.0395,1.5772,0.000235,-0.0001,0.0
2.75,FLIGHT,0.9394,1.5451,0.1229,0.1245,0.1214,0.1227,-0.0153,-0.1907,0.0067,0.0097,1.0253,-0.0398,1.5775,0.000235,-0.0001,0.0
2.755,FLIGHT,0.94,1.5457,0.1212,0.1225,0.1197,0.1207,-0.0153,-0.1906,0.0067,0.0095,1.0247,-0.04,1.5777,0.000235,-0.0,0.0
2.76,FLIGHT,0.9406,1.5463,0.1196,0.1205,0.1181,0.1188,-0.0153,-0.1906,0.0066,0.0094,1.0242,-0.0402,1.578,0.000235,-0.0,0.0
2.765,FLIGHT,0.9412,1.5469,0.118,0.1186,0.1165,0.1169,-0.0152,-0.1905,0.0066,0.0092,1.0236,-0.0405,1.5783,0.000234,-0.0,0.0
2.77,FLIGHT,0.9417,1.5474,0.1164,0.1167,0.1149,0.115,-0.0152,-0.1905,0.0065,0.0091,1.023,-0.0407,1.5785,0.000234,-0.0,0.0
2.775,FLIGHT,0.9423,1.548,0.1148,0.1148,0.1134,0.1131,-0.0152,-0.1905,0.0065,0.0089,1.0224,-0.0409,1.5788,0.000234,-0.0,0.0
2.78,FLIGHT,0.9429,1.5486,0.1132,0.113,0.1118,0.1113,-0.0151,-0.1904,0.0064,0.0088,1.0218,-0.0412,1.579,0.000234,-0.0,0.0
2.785,FLIGHT,0.9434,1.5491,0.1117,0.1112,0.1103,0.1096,-0.0151,-0.1904,0.0064,0.0086,1.0212,-0.0414,1.5793,0.000233,-0.0,0.0
2.79,FLIGHT,0.944,1.5497,0.1101,0.1094,0.1088,0.1078,-0.0151,-0.1903,0.0063,0.0085,1.0205,-0.0416,1.5795,0.000233,-0.0,0.0
2.795,FLIGHT,0.9445,1.5502,0.1086,0.1076,0.1073,0.1061,-0.015,-0.1903,0.0062,0.0084,1.0198,-0.0418,1.5798,0.000233,-0.0,0.0
2.8,FLIGHT,0.945,1.5507,0.1071,0.1059,0.1058,0.1044,-0.015,-0.1902,0.0062,0.0082,1.0191,-0.0421,1.58,0.000233,-0.0,0.0
2.805,FLIGHT,0.9456,1.5513,0.1057,0.1042,0.1044,0.1028,-0.015,-0.1902,0.0061,0.0081,1.0184,-0.0423,1.5802,0.000233,-0.0,0.0
2.81,FLIGHT,0.9461,1.5518,0.1042,0.1026,0.1029,0.1011,-0.0149,-0.1902,0.0061,0.008,1.0177,-0.0425,1.5805,0.000232,-0.0,0.0
2.815,FLIGHT,0.9466,1.5523,0.1028,0.101,0.1015,0.0995,-0.0149,-0.1901,0.006,0.0078,1.0169,-0.0427,1.5807,0.000232,-0.0,0.0
2.82,FLIGHT,0.9471,1.5528,0.1013,0.0994,0.1001,0.098,-0.0149,-0.1901,0.0059,0.0077,1.0162,-0.0429,1.5809,0.000232,-0.0,0.0
2.825,FLIGHT,0.9476,1.5532,0.0999,0.0978,0.0987,0.0964,-0.0149,-0.19,0.0059,0.0076,1.0154,-0.0431,1.5812,0.000232,-0.0,0.0
2.83,FLIGHT,0.9481,1.5537,0.0985,0.0963,0.0973,0.0949,-0.0148,-0.19,0.0058,0.0075,1.0146,-0.0433,1.5814,0.000232,-0.0,0.0
2.835,FLIGHT,0.9486,1.5542,0.0972,0.0948,0.0959,0.0934,-0.0148,-0.19,0.0058,0.0074,1.0138,-0.0435,1.5816,0.000231,-0.0,0.0
2.84,FLIGHT,0.949,1.5547,0.0958,0.0933,0.0946,0.092,-0.0148,-0.1899,0.0057,0.0072,1.013,-0.0438,1.5818,0.000231,-0.0,0.0
2.845,FLIGHT,0.9495,1.5551,0.0945,0.0918,0.0933,0.0905,-0.0147,-0.1899,0.0056,0.0071,1.0121,-0.044,1.582,0.000231,-0.0,0.0
2.85,FLIGHT,0.95,1.5556,0.0931,0.0904,0.0919,0.0891,-0.0147,-0.1899,0.0056,0.007,1.0112,-0.0442,1.5822,0.000231,-0.0,0.0
2.855,FLIGHT,0.9504,1.556,0.0918,0.089,0.0906,0.0878,-0.0147,-0.1898,0.0055,0.0069,1.0104,-0.0444,1.5824,0.000231,-0.0,0.0
2.86,FLIGHT,0.9509,1.5564,0.0905,0.0876,0.0893,0.0864,-0.0147,-0.1898,0.0054,0.0068,1.0095,-0.0446,1.5827,0.000231,-0.0,0.0
2.865,FLIGHT,0.9513,1.5569,0.0892,0.0863,0.0881,0.0851,-0.0146,-0.1898,0.0054,0.0067,1.0086,-0.0448,1.5829,0.00023,-0.0,0.0
2.87,FLIGHT,0.9518,1.5573,0.0879,0.085,0.0868,0.0838,-0.0146,-0.1897,0.0053,0.0066,1.0077,-0.045,1.5831,0.00023,-0.0,0.0
2.875,FLIGHT,0.9522,1.5577,0.0867,0.0837,0.0855,0.0825,-0.0146,-0.1897,0.0052,0.0065,1.0067,-0.0451,1.5833,0.00023,-0.0,0.0
2.88,FLIGHT,0.9526,1.5581,0.0854,0.0824,0.0843,0.0813,-0.0145,-0.1897,0.0052,0.0064,1.0058,-0.0453,1.5835,0.00023,-0.0,0.0
2.885,FLIGHT,0.953,1.5585,0.0842,0.0811,0.0831,0.08,-0.0145,-0.1896,0.0051,0.0063,1.0048,-0.0455,1.5836,0.00023,-0.0,0.0
2.89,FLIGHT,0.9535,1.5589,0.083,0.0799,0.0819,0.0788,-0.0145,-0.1896,0.005,0.0062,1.0038,-0.0457,1.5838,0.00023,-0.0,0.0
2.895,FLIGHT,0.9539,1.5593,0.0817,0.0787,0.0807,0.0776,-0.0145,-0.1896,0.0049,0.0061,1.0028,-0.0459,1.584,0.00023,-0.0,0.0
2.9,FLIGHT,0.9543,1.5597,0.0805,0.0775,0.0795,0.0765,-0.0145,-0.1895,0.0049,0.006,1.0018,-0.0461,1.5842,0.000229,-0.0,0.0
2.905,FLIGHT,0.9547,1.5601,0.0793,0.0763,0.0783,0.0753,-0.0144,-0.1895,0.0048,0.0059,1.0008,-0.0463,1.5844,0.000229,-0.0,0.0
2.91,STANCE,0.9553,1.5607,0.1345,0.1148,0.4034,0.1555,-0.0144,-0.1895,0.0101,0.0087,0.9998,0.1916,-0.2498,-2.9e-05,-0.2172,0.0435
2.915,STANCE,0.9596,1.5598,0.6692,-0.13,1.2542,-0.5893,-0.0134,-0.1896,0.1444,-0.021,0.9989,-0.1328,-0.7736,-0.001672,-0.3923,0.0801
2.92,STANCE,0.9673,1.5543,1.2801,-0.8357,1.763,-1.5806,-0.0113,-0.1902,0.3569,-0.0899,0.9979,-0.6594,-1.068,-0.00367,-0.3936,0.0824
2.925,STANCE,0.9712,1.5505,0.8573,-0.7015,0.203,-0.2031,-0.01,-0.1906,0.2591,-0.0712,0.9977,-0.8231,-1.6134,-0.004488,-0.0098,0.0065
2.93,STANCE,0.9721,1.5495,0.4034,-0.374,0.2764,-0.3601,-0.0097,-0.1907,0.128,-0.0372,0.9979,-0.9332,-2.1254,-0.004268,0.076,0.0043
2.935,STANCE,0.9741,1.5449,0.3938,-0.8507,0.3229,-2.0174,-0.0087,-0.1911,0.1919,-0.0783,0.998,-1.1933,-2.1053,-0.003714,0.169,0.0037
2.94,STANCE,0.9777,1.5356,0.664,-1.538,1.0592,-2.0973,-0.0067,-0.192,0.3402,-0.1372,0.9981,-1.5208,-1.7569,-0.003579,-0.1194,0.0275
2.945,STANCE,0.9825,1.5218,0.8331,-2.4398,0.9542,-2.9713,-0.0039,-0.1932,0.5022,-0.2075,0.998,-1.7243,-1.0984,-0.004066,-0.1141,0.0269
2.95,STANCE,0.9863,1.5075,0.7614,-2.7212,0.5409,-2.8846,-0.0011,-0.1943,0.5327,-0.2217,0.9979,-1.6726,-0.5585,-0.004351,0.0016,0.0044
2.955,STANCE,0.9883,1.4929,0.516,-2.8422,0.2064,-3.0189,0.0014,-0.1955,0.5065,-0.2233,0.9979,-1.381,-0.0151,-0.00446,-0.0238,0.0092
2.96,STANCE,0.9885,1.4778,0.1888,-2.9537,-0.1267,-3.0315,0.0036,-0.1967,0.4622,-0.2256,0.9979,-0.9178,0.5356,-0.00458,-0.0115,0.0069
2.965,STANCE,0.9875,1.4632,-0.083,-2.9104,-0.3238,-2.8624,0.0055,-0.1978,0.4053,-0.2177,0.998,-0.4031,0.972,-0.004664,0.0043,0.0047
2.97,STANCE,0.9857,1.4495,-0.2589,-2.77,-0.3241,-2.569,0.0071,-0.1988,0.3524,-0.2038,0.9981,0.044,1.2602,-0.004628,0.0016,0.0046
2.975,STANCE,0.9844,1.4374,-0.2609,-2.5241,-0.1936,-2.2804,0.0086,-0.1997,0.3179,-0.1823,0.9984,0.2543,1.3386,-0.004587,0.01,0.0046
2.98,FLIGHT,0.9835,1.4271,-0.2065,-2.163,-0.3757,-1.5761,0.01,-0.2004,0.2771,-0.1534,0.9989,-1.1274,2.4355,-0.004517,0.0362,0.0045
2.985,FLIGHT,0.9799,1.4222,-0.6011,-1.3016,-1.0582,-0.4433,0.0099,-0.2008,0.0711,-0.0968,0.9997,-0.9671,2.294,-0.00418,0.095,0.0042
2.99,FLIGHT,0.9733,1.4221,-1.1039,-0.3893,-1.5164,0.3522,0.0086,-0.2009,-0.1646,-0.0371,1.0007,-0.7246,2.0919,-0.003607,0.1304,0.0036
2.995,FLIGHT,0.9651,1.4252,-1.4829,0.3147,-1.7429,0.8292,0.0065,-0.2007,-0.3436,0.0131,1.0019,-0.4994,1.9076,-0.002911,0.1449,0.0029
3.0,FLIGHT,0.9562,1.43,-1.6841,0.7649,-1.7884,1.0633,0.0041,-0.2004,-0.4485,0.0501,1.0032,-0.3246,1.7664,-0.002182,0.145,0.0022
3.005,FLIGHT,0.9474,1.4356,-1.7297,1.0012,-1.7138,1.1353,0.0015,-0.2,-0.4901,0.074,1.0045,-0.2024,1.6691,-0.001475,0.1368,0.0015
3.01,FLIGHT,0.9392,1.4412,-1.6646,1.0855,-1.5706,1.1109,-0.001,-0.1996,-0.4874,0.0867,1.0058,-0.123,1.6073,-0.00082,0.1252,0.0008
3.015,FLIGHT,0.9318,1.4466,-1.533,1.0749,-1.3961,1.0368,-0.0032,-0.1991,-0.4578,0.0912,1.0071,-0.0743,1.5709,-0.000224,0.1131,0.0002
3.02,FLIGHT,0.9253,1.4515,-1.3681,1.0127,-1.2125,0.9438,-0.0052,-0.1987,-0.4146,0.09,1.0083,-0.0462,1.5513,0.000283,0.0813,0.0
3.025,FLIGHT,0.9196,1.456,-1.1924,0.9283,-1.0356,0.8485,-0.0069,-0.1983,-0.3665,0.0856,1.0095,-0.0309,1.542,0.000595,0.0456,0.0
3.03,FLIGHT,0.9149,1.46,-1.0216,0.8388,-0.8736,0.7595,-0.0085,-0.1979,-0.3191,0.0795,1.0106,-0.0229,1.5384,0.000758,0.0214,0.0
3.035,FLIGHT,0.9109,1.4636,-0.8634,0.7535,-0.7287,0.6806,-0.0097,-0.1976,-0.2751,0.0729,1.0117,-0.0188,1.5378,0.000823,0.0057,0.0
3.04,FLIGHT,0.9076,1.4669,-0.7211,0.6768,-0.6009,0.6126,-0.0108,-0.1973,-0.2358,0.0664,1.0128,-0.0166,1.5385,0.000825,-0.004,0.0008
3.045,FLIGHT,0.9048,1.4698,-0.5949,0.6101,-0.4889,0.555,-0.0118,-0.197,-0.2012,0.0603,1.0138,-0.0155,1.5397,0.000789,-0.0096,0.0019
3.05,FLIGHT,0.9026,1.4724,-0.484,0.5533,-0.3912,0.5065,-0.0126,-0.1967,-0.1712,0.0547,1.0148,-0.0148,1.5411,0.000734,-0.0123,0.0025
3.055,FLIGHT,0.9009,1.4748,-0.3871,0.5053,-0.3062,0.466,-0.0133,-0.1965,-0.1452,0.0499,1.0158,-0.0145,1.5425,0.000669,-0.0132,0.0026
3.06,FLIGHT,0.8996,1.4771,-0.3026,0.465,-0.2321,0.4321,-0.0138,-0.1963,-0.1229,0.0456,1.0167,-0.0143,1.5438,0.000603,-0.013,0.0026
3.065,FLIGHT,0.8986,1.4792,-0.2291,0.4313,-0.1678,0.4036,-0.0143,-0.1961,-0.1037,0.0418,1.0176,-0.0143,1.545,0.000541,-0.012,0.0024
3.07,FLIGHT,0.8979,1.4811,-0.1652,0.403,-0.1119,0.3798,-0.0147,-0.1959,-0.0872,0.0386,1.0184,-0.0143,1.5461,0.000484,-0.0107,0.0021
3.075,FLIGHT,0.8974,1.483,-0.1097,0.3792,-0.0635,0.3597,-0.015,-0.1957,-0.073,0.0358,1.0193,-0.0145,1.5472,0.000434,-0.0092,0.0018
3.08,FLIGHT,0.8972,1.4847,-0.0616,0.3592,-0.0215,0.3428,-0.0153,-0.1956,-0.0608,0.0334,1.0201,-0.0148,1.5483,0.000392,-0.0077,0.0015
3.085,FLIGHT,0.8972,1.4864,-0.0199,0.3423,0.0147,0.3285,-0.0156,-0.1954,-0.0503,0.0313,1.0209,-0.0152,1.5493,0.000357,-0.0063,0.0013
3.09,FLIGHT,0.8974,1.488,0.016,0.3281,0.0459,0.3163,-0.0157,-0.1953,-0.0413,0.0295,1.0216,-0.0157,1.5502,0.000329,-0.0051,0.001
3.095,FLIGHT,0.8977,1.4896,0.047,0.3159,0.0727,0.3059,-0.0159,-0.1951,-0.0336,0.028,1.0223,-0.0162,1.5512,0.000306,-0.0041,0.0008
3.1,FLIGHT,0.8981,1.4911,0.0736,0.3055,0.0955,0.2969,-0.016,-0.195,-0.027,0.0267,1.023,-0.0168,1.5521,0.000288,-0.0032,0.0006
3.105,FLIGHT,0.8986,1.4925,0.0963,0.2966,0.115,0.2892,-0.0161,-0.1949,-0.0213,0.0255,1.0237,-0.0174,1.553,0.000273,-0.0025,0.0005
3.11,FLIGHT,0.8992,1.494,0.1156,0.2889,0.1315,0.2824,-0.0162,-0.1948,-0.0165,0.0245,1.0243,-0.018,1.5538,0.000263,-0.0019,0.0004
3.115,FLIGHT,0.8999,1.4954,0.132,0.2821,0.1454,0.2764,-0.0162,-0.1946,-0.0124,0.0237,1.025,-0.0186,1.5546,0.000255,-0.0014,0.0003
3.12,FLIGHT,0.9007,1.4967,0.1457,0.2761,0.157,0.2711,-0.0163,-0.1945,-0.0089,0.0229,1.0256,-0.0193,1.5554,0.000249,-0.001,0.0002
3.125,FLIGHT,0.9015,1.4981,0.1572,0.2708,0.1666,0.2663,-0.0163,-0.1944,-0.006,0.0222,1.0261,-0.0199,1.5562,0.000245,-0.0007,0.0001
3.13,FLIGHT,0.9023,1.4994,0.1667,0.266,0.1744,0.2619,-0.0163,-0.1943,-0.0035,0.0217,1.0267,-0.0206,1.5569,0.000242,-0.0005,0.0001
3.135,FLIGHT,0.9032,1.5007,0.1745,0.2616,0.1808,0.2578,-0.0163,-0.1942,-0.0014,0.0211,1.0272,-0.0212,1.5577,0.00024,-0.0003,0.0001
3.14,FLIGHT,0.9041,1.502,0.1808,0.2575,0.1858,0.254,-0.0163,-0.1941,0.0004,0.0207,1.0277,-0.0219,1.5584,0.000239,-0.0002,0.0
3.145,FLIGHT,0.9051,1.5032,0.1858,0.2537,0.1897,0.2504,-0.0163,-0.194,0.0019,0.0203,1.0282,-0.0225,1.559,0.000238,-0.0001,0.0
3.15,FLIGHT,0.906,1.5045,0.1897,0.2501,0.1927,0.2469,-0.0163,-0.1939,0.0031,0.0199,1.0286,-0.0231,1.5597,0.000238,0.0,0.0
3.155,FLIGHT,0.907,1.5057,0.1926,0.2466,0.1948,0.2436,-0.0163,-0.1938,0.0041,0.0195,1.029,-0.0237,1.5603,0.000238,0.0,0.0
3.16,FLIGHT,0.908,1.5069,0.1946,0.2433,0.1961,0.2403,-0.0162,-0.1937,0.0049,0.0192,1.0294,-0.0242,1.5609,0.000239,0.0001,0.0
3.165,FLIGHT,0.909,1.5081,0.196,0.24,0.1969,0.2371,-0.0162,-0.1936,0.0056,0.0189,1.0298,-0.0248,1.5615,0.000239,0.0001,0.0
3.17,FLIGHT,0.91,1.5093,0.1967,0.2368,0.1971,0.234,-0.0162,-0.1935,0.0062,0.0186,1.0302,-0.0253,1.5621,0.000239,0.0001,0.0
3.175,FLIGHT,0.9109,1.5105,0.1969,0.2337,0.1969,0.2309,-0.0161,-0.1934,0.0066,0.0183,1.0305,-0.0259,1.5627,0.00024,0.0001,0.0
3.18,FLIGHT,0.9119,1.5116,0.1967,0.2306,0.1963,0.2278,-0.0161,-0.1933,0.007,0.018,1.0308,-0.0264,1.5632,0.00024,0.0001,0.0
3.185,FLIGHT,0.9129,1.5127,0.1961,0.2275,0.1954,0.2247,-0.0161,-0.1933,0.0073,0.0178,1.0311,-0.0269,1.5638,0.000241,0.0001,0.0
3.19,FLIGHT,0.9139,1.5139,0.1951,0.2244,0.1942,0.2216,-0.016,-0.1932,0.0075,0.0175,1.0313,-0.0273,1.5643,0.000241,0.0001,0.0
3.195,FLIGHT,0.9148,1.515,0.1939,0.2213,0.1928,0.2186,-0.016,-0.1931,0.0077,0.0173,1.0315,-0.0278,1.5648,0.000241,0.0001,0.0
3.2,FLIGHT,0.9158,1.516,0.1925,0.2183,0.1912,0.2155,-0.0159,-0.193,0.0078,0.017,1.0318,-0.0282,1.5653,0.000242,0.0,0.0
3.205,FLIGHT,0.9168,1.5171,0.1909,0.2152,0.1894,0.2125,-0.0159,-0.1929,0.0079,0.0168,1.0319,-0.0287,1.5658,0.000242,0.0,0.0
3.21,FLIGHT,0.9177,1.5182,0.1892,0.2122,0.1876,0.2095,-0.0159,-0.1928,0.0079,0.0165,1.0321,-0.0291,1.5662,0.000242,0.0,0.0
3.215,FLIGHT,0.9186,1.5192,0.1873,0.2092,0.1856,0.2065,-0.0158,-0.1928,0.008,0.0163,1.0322,-0.0295,1.5667,0.000242,0.0,0.0
3.22,FLIGHT,0.9196,1.5202,0.1854,0.2061,0.1836,0.2034,-0.0158,-0.1927,0.008,0.0161,1.0323,-0.0299,1.5671,0.000242,-0.0,0.0
3.225,FLIGHT,0.9205,1.5212,0.1833,0.2031,0.1815,0.2004,-0.0157,-0.1926,0.008,0.0158,1.0324,-0.0303,1.5676,0.000242,-0.0,0.0
3.23,FLIGHT,0.9214,1.5222,0.1812,0.2001,0.1793,0.1975,-0.0157,-0.1925,0.008,0.0156,1.0325,-0.0307,1.568,0.000242,-0.0,0.0
3.235,FLIGHT,0.9223,1.5232,0.1791,0.1972,0.1771,0.1945,-0.0157,-0.1924,0.008,0.0154,1.0326,-0.0311,1.5684,0.000242,-0.0,0.0
3.24,FLIGHT,0.9231,1.5242,0.1769,0.1942,0.1749,0.1915,-0.0156,-0.1924,0.0079,0.0151,1.0326,-0.0314,1.5688,0.000242,-0.0,0.0
3.245,FLIGHT,0.924,1.5251,0.1747,0.1912,0.1727,0.1886,-0.0156,-0.1923,0.0079,0.0149,1.0326,-0.0318,1.5693,0.000242,-0.0,0.0
3.25,FLIGHT,0.9249,1.5261,0.1725,0.1883,0.1705,0.1857,-0.0155,-0.1922,0.0078,0.0147,1.0326,-0.0322,1.5697,0.000241,-0.0,0.0
3.255,FLIGHT,0.9257,1.527,0.1703,0.1854,0.1683,0.1828,-0.0155,-0.1921,0.0078,0.0145,1.0325,-0.0325,1.57,0.000241,-0.0,0.0
3.26,FLIGHT,0.9266,1.5279,0.1681,0.1825,0.1661,0.18,-0.0155,-0.1921,0.0077,0.0142,1.0324,-0.0328,1.5704,0.000241,-0.0,0.0
3.265,FLIGHT,0.9274,1.5288,0.1659,0.1797,0.1639,0.1771,-0.0154,-0.192,0.0077,0.014,1.0324,-0.0332,1.5708,0.000241,-0.0001,0.0
3.27,FLIGHT,0.9282,1.5297,0.1637,0.1769,0.1617,0.1744,-0.0154,-0.1919,0.0076,0.0138,1.0322,-0.0335,1.5712,0.00024,-0.0001,0.0
3.275,FLIGHT,0.929,1.5305,0.1615,0.1741,0.1595,0.1716,-0.0154,-0.1919,0.0076,0.0136,1.0321,-0.0338,1.5716,0.00024,-0.0001,0.0
3.28,FLIGHT,0.9298,1.5314,0.1593,0.1713,0.1574,0.1689,-0.0153,-0.1918,0.0075,0.0134,1.032,-0.0341,1.5719,0.00024,-0.0001,0.0
3.285,FLIGHT,0.9306,1.5322,0.1572,0.1686,0.1553,0.1662,-0.0153,-0.1917,0.0075,0.0132,1.0318,-0.0344,1.5723,0.00024,-0.0001,0.0
3.29,FLIGHT,0.9313,1.533,0.1551,0.1659,0.1532,0.1635,-0.0152,-0.1917,0.0074,0.0129,1.0316,-0.0347,1.5726,0.000239,-0.0001,0.0
3.295,FLIGHT,0.9321,1.5339,0.153,0.1632,0.1511,0.1609,-0.0152,-0.1916,0.0074,0.0127,1.0314,-0.035,1.573,0.000239,-0.0001,0.0
3.3,FLIGHT,0.9329,1.5347,0.1509,0.1606,0.149,0.1583,-0.0152,-0.1915,0.0073,0.0125,1.0311,-0.0353,1.5733,0.000239,-0.0001,0.0
3.305,FLIGHT,0.9336,1.5354,0.1488,0.158,0.147,0.1557,-0.0151,-0.1915,0.0073,0.0123,1.0309,-0.0356,1.5736,0.000238,-0.0001,0.0
3.31,FLIGHT,0.9343,1.5362,0.1468,0.1555,0.145,0.1532,-0.0151,-0.1914,0.0072,0.0121,1.0306,-0.0359,1.574,0.000238,-0.0001,0.0
3.315,FLIGHT,0.935,1.537,0.1448,0.1529,0.143,0.1507,-0.0151,-0.1914,0.0072,0.0119,1.0303,-0.0362,1.5743,0.000238,-0.0001,0.0
3.32,FLIGHT,0.9358,1.5377,0.1428,0.1505,0.1411,0.1483,-0.015,-0.1913,0.0071,0.0117,1.03,-0.0365,1.5746,0.000237,-0.0001,0.0
3.325,FLIGHT,0.9365,1.5385,0.1409,0.148,0.1391,0.1459,-0.015,-0.1913,0.0071,0.0116,1.0296,-0.0368,1.5749,0.000237,-0.0001,0.0
3.33,FLIGHT,0.9371,1.5392,0.139,0.1456,0.1372,0.1435,-0.015,-0.1912,0.007,0.0114,1.0293,-0.037,1.5752,0.000237,-0.0001,0.0
3.335,FLIGHT,0.9378,1.5399,0.1371,0.1433,0.1354,0.1412,-0.0149,-0.1911,0.007,0.0112,1.0289,-0.0373,1.5755,0.000237,-0.0001,0.0
3.34,FLIGHT,0.9385,1.5406,0.1352,0.1409,0.1335,0.1389,-0.0149,-0.1911,0.0069,0.011,1.0285,-0.0376,1.5758,0.000236,-0.0001,0.0
3.345,FLIGHT,0.9392,1.5413,0.1333,0.1386,0.1317,0.1366,-0.0149,-0.191,0.0068,0.0108,1.0281,-0.0378,1.5761,0.000236,-0.0001,0.0
3.35,FLIGHT,0.9398,1.542,0.1315,0.1364,0.1299,0.1344,-0.0148,-0.191,0.0068,0.0106,1.0276,-0.0381,1.5764,0.000236,-0.0001,0.0
3.355,FLIGHT,0.9405,1.5426,0.1297,0.1342,0.1281,0.1322,-0.0148,-0.1909,0.0067,0.0105,1.0272,-0.0383,1.5767,0.000235,-0.0001,0.0
3.36,FLIGHT,0.9411,1.5433,0.1279,0.132,0.1264,0.1301,-0.0148,-0.1909,0.0067,0.0103,1.0267,-0.0386,1.577,0.000235,-0.0001,0.0
3.365,FLIGHT,0.9417,1.5439,0.1262,0.1299,0.1246,0.1279,-0.0147,-0.1908,0.0066,0.0101,1.0262,-0.0388,1.5773,0.000235,-0.0001,0.0
3.37,FLIGHT,0.9423,1.5446,0.1244,0.1277,0.1229,0.1259,-0.0147,-0.1908,0.0066,0.01,1.0257,-0.0391,1.5775,0.000235,-0.0001,0.0
3.375,FLIGHT,0.943,1.5452,0.1227,0.1257,0.1212,0.1238,-0.0147,-0.1907,0.0065,0.0098,1.0252,-0.0393,1.5778,0.000234,-0.0001,0.0
3.38,FLIGHT,0.9436,1.5458,0.121,0.1236,0.1195,0.1218,-0.0146,-0.1907,0.0065,0.0096,1.0246,-0.0396,1.5781,0.000234,-0.0001,0.0
3.385,FLIGHT,0.9441,1.5464,0.1194,0.1216,0.1179,0.1199,-0.0146,-0.1906,0.0064,0.0095,1.0241,-0.0398,1.5784,0.000234,-0.0,0.0
3.39,FLIGHT,0.9447,1.547,0.1177,0.1197,0.1163,0.1179,-0.0146,-0.1906,0.0064,0.0093,1.0235,-0.0401,1.5786,0.000234,-0.0,0.0
3.395,FLIGHT,0.9453,1.5476,0.1161,0.1177,0.1147,0.116,-0.0145,-0.1905,0.0063,0.0092,1.0229,-0.0403,1.5789,0.000233,-0.0,0.0
3.4,FLIGHT,0.9459,1.5482,0.1145,0.1159,0.1131,0.1142,-0.0145,-0.1905,0.0063,0.009,1.0222,-0.0405,1.5791,0.000233,-0.0,0.0
3.405,FLIGHT,0.9464,1.5487,0.1129,0.114,0.1115,0.1123,-0.0145,-0.1905,0.0062,0.0089,1.0216,-0.0408,1.5794,0.000233,-0.0,0.0
3.41,FLIGHT,0.947,1.5493,0.1114,0.1122,0.11,0.1105,-0.0144,-0.1904,0.0061,0.0088,1.0209,-0.041,1.5796,0.000233,-0.0,0.0
3.415,FLIGHT,0.9475,1.5498,0.1098,0.1104,0.1084,0.1088,-0.0144,-0.1904,0.0061,0.0086,1.0203,-0.0412,1.5799,0.000232,-0.0,0.0
3.42,FLIGHT,0.9481,1.5504,0.1083,0.1086,0.1069,0.107,-0.0144,-0.1903,0.006,0.0085,1.0196,-0.0414,1.5801,0.000232,-0.0,0.0
3.425,FLIGHT,0.9486,1.5509,0.1068,0.1069,0.1054,0.1053,-0.0143,-0.1903,0.006,0.0083,1.0189,-0.0417,1.5804,0.000232,-0.0,0.0
3.43,FLIGHT,0.9491,1.5514,0.1053,0.1052,0.1039,0.1037,-0.0143,-0.1902,0.0059,0.0082,1.0181,-0.0419,1.5806,0.000232,-0.0,0.0
3.435,FLIGHT,0.9496,1.5519,0.1038,0.1035,0.1025,0.102,-0.0143,-0.1902,0.0058,0.0081,1.0174,-0.0421,1.5808,0.000232,-0.0,0.0
3.44,FLIGHT,0.9502,1.5524,0.1023,0.1018,0.101,0.1004,-0.0143,-0.1902,0.0058,0.0079,1.0166,-0.0423,1.5811,0.000231,-0.0,0.0
3.445,FLIGHT,0.9507,1.5529,0.1009,0.1002,0.0996,0.0988,-0.0142,-0.1901,0.0057,0.0078,1.0158,-0.0425,1.5813,0.000231,-0.0,0.0
3.45,FLIGHT,0.9512,1.5534,0.0995,0.0987,0.0982,0.0972,-0.0142,-0.1901,0.0057,0.0077,1.015,-0.0427,1.5815,0.000231,-0.0,0.0
3.455,FLIGHT,0.9516,1.5539,0.0981,0.0971,0.0968,0.0957,-0.0142,-0.19,0.0056,0.0076,1.0142,-0.043,1.5817,0.000231,-0.0,0.0
3.46,FLIGHT,0.9521,1.5544,0.0967,0.0956,0.0954,0.0942,-0.0141,-0.19,0.0055,0.0075,1.0134,-0.0432,1.582,0.000231,-0.0,0.0
3.465,FLIGHT,0.9526,1.5548,0.0953,0.0941,0.0941,0.0927,-0.0141,-0.19,0.0055,0.0073,1.0126,-0.0434,1.5822,0.00023,-0.0,0.0
3.47,FLIGHT,0.9531,1.5553,0.0939,0.0926,0.0927,0.0913,-0.0141,-0.1899,0.0054,0.0072,1.0117,-0.0436,1.5824,0.00023,-0.0,0.0
3.475,FLIGHT,0.9535,1.5558,0.0926,0.0912,0.0914,0.0899,-0.0141,-0.1899,0.0053,0.0071,1.0108,-0.0438,1.5826,0.00023,-0.0,0.0
3.48,FLIGHT,0.954,1.5562,0.0912,0.0897,0.0901,0.0885,-0.014,-0.1899,0.0053,0.007,1.0099,-0.044,1.5828,0.00023,-0.0,0.0
3.485,FLIGHT,0.9544,1.5566,0.0899,0.0884,0.0888,0.0871,-0.014,-0.1898,0.0052,0.0069,1.009,-0.0442,1.583,0.00023,-0.0,0.0
3.49,FLIGHT,0.9549,1.5571,0.0886,0.087,0.0875,0.0858,-0.014,-0.1898,0.0051,0.0068,1.0081,-0.0444,1.5832,0.00023,-0.0,0.0
3.495,FLIGHT,0.9553,1.5575,0.0873,0.0856,0.0862,0.0845,-0.014,-0.1898,0.0051,0.0067,1.0072,-0.0446,1.5834,0.000229,-0.0,0.0
3.5,FLIGHT,0.9557,1.5579,0.086,0.0843,0.0849,0.0832,-0.0139,-0.1897,0.005,0.0066,1.0062,-0.0448,1.5836,0.000229,-0.0,0.0
3.505,FLIGHT,0.9561,1.5583,0.0848,0.083,0.0837,0.0819,-0.0139,-0.1897,0.0049,0.0065,1.0053,-0.045,1.5838,0.000229,-0.0,0.0
3.51,FLIGHT,0.9566,1.5587,0.0835,0.0818,0.0824,0.0806,-0.0139,-0.1897,0.0049,0.0064,1.0043,-0.0452,1.584,0.000229,-0.0,0.0
3.515,FLIGHT,0.957,1.5591,0.0823,0.0805,0.0812,0.0794,-0.0139,-0.1896,0.0048,0.0063,1.0033,-0.0454,1.5842,0.000229,-0.0,0.0
3.52,FLIGHT,0.9574,1.5595,0.0811,0.0793,0.08,0.0782,-0.0138,-0.1896,0.0047,0.0062,1.0023,-0.0456,1.5844,0.000229,-0.0,0.0
3.525,FLIGHT,0.9578,1.5599,0.0798,0.0781,0.0788,0.077,-0.0138,-0.1896,0.0046,0.0061,1.0013,-0.0457,1.5846,0.000229,-0.0,0.0
3.53,FLIGHT,0.9582,1.5603,0.0786,0.0769,0.0776,0.0759,-0.0138,-0.1895,0.0046,0.006,1.0002,-0.0459,1.5848,0.000228,-0.0,0.0
3.535,STANCE,0.9601,1.5611,0.3337,0.1257,0.8047,-0.0507,-0.0135,-0.1895,0.0463,0.0071,0.9994,0.0786,-0.498,-0.000761,-0.332,0.0672
3.54,STANCE,0.966,1.5587,0.947,-0.3402,1.5173,-0.9438,-0.0121,-0.1898,0.2257,-0.0424,0.9985,-0.357,-0.9272,-0.002643,-0.4003,0.0827
3.545,STANCE,0.9728,1.5524,1.1628,-0.9382,0.6277,-0.6825,-0.0099,-0.1904,0.3494,-0.0953,0.9976,-0.7705,-1.2224,-0.004217,-0.1487,0.034
3.55,STANCE,0.9739,1.5514,0.5012,-0.4137,0.0938,-0.0618,-0.0096,-0.1905,0.152,-0.0416,0.9977,-0.8159,-1.8976,-0.004438,0.0201,0.0044
3.555,STANCE,0.9751,1.5499,0.3551,-0.3721,0.4628,-0.6261,-0.0092,-0.1907,0.1186,-0.0362,0.9981,-1.0377,-2.2222,-0.004201,0.0645,0.0042
3.56,STANCE,0.9773,1.5421,0.4066,-1.2611,0.6154,-1.8047,-0.0077,-0.1914,0.2515,-0.1132,0.998,-1.312,-1.9313,-0.003581,0.1034,0.0036
3.565,STANCE,0.9817,1.5323,0.7515,-1.7753,0.8879,-2.5939,-0.0055,-0.1923,0.3911,-0.1555,0.9981,-1.6347,-1.5684,-0.00381,-0.1155,0.0269
3.57,STANCE,0.9854,1.5176,0.7489,-2.5365,0.7807,-2.6737,-0.0027,-0.1935,0.5012,-0.2118,0.998,-1.7053,-0.9058,-0.004188,-0.0856,0.0213
3.575,STANCE,0.9879,1.5028,0.5675,-2.8175,0.3736,-2.999,-0.0001,-0.1947,0.5102,-0.2263,0.9979,-1.5366,-0.3326,-0.004281,-0.0385,0.012
3.58,STANCE,0.9889,1.4874,0.2838,-3.0265,0.0492,-3.0978,0.0023,-0.1959,0.4889,-0.2352,0.9978,-1.1693,0.2613,-0.004606,-0.0748,0.0196
3.585,STANCE,0.9885,1.4722,0.029,-3.0179,-0.1321,-2.8736,0.0044,-0.1971,0.4412,-0.2287,0.9978,-0.6959,0.7512,-0.00482,-0.0687,0.0186
3.59,STANCE,0.9869,1.4577,-0.219,-2.9372,-0.3199,-2.7219,0.0062,-0.1982,0.3833,-0.2185,0.9978,-0.1877,1.1366,-0.004931,-0.0542,0.0158
3.595,STANCE,0.9852,1.4446,-0.3037,-2.7119,-0.3237,-2.4952,0.0077,-0.1992,0.3358,-0.1984,0.998,0.1743,1.3308,-0.005082,-0.0152,0.0081
3.6,STANCE,0.984,1.4329,-0.244,-2.4385,-0.1262,-2.1748,0.0092,-0.2,0.3093,-0.1747,0.9983,0.2556,1.3202,-0.005145,-0.0124,0.0076
3.605,STANCE,0.9839,1.4227,-0.0827,-2.1581,0.0718,-1.9315,0.0107,-0.2007,0.3019,-0.1503,0.9987,0.1914,1.2336,-0.005199,-0.0072,0.0066
3.61,STANCE,0.9846,1.4134,0.0774,-1.9442,0.2046,-1.7878,0.0122,-0.2014,0.3038,-0.1308,0.9992,0.1255,1.1712,-0.005197,0.0093,0.0052
3.615,STANCE,0.9858,1.4047,0.1961,-1.8039,0.2813,-1.7057,0.0137,-0.2019,0.3083,-0.1169,0.9997,0.075,1.1369,-0.005095,0.0321,0.0051
3.62,FLIGHT,0.9873,1.3964,0.2518,-1.6905,0.1381,-1.4009,0.0153,-0.2025,0.3038,-0.1058,1.0003,-1.1978,2.4637,-0.004868,0.0673,0.0049
3.625,FLIGHT,0.9859,1.3924,-0.1522,-1.0177,-0.6661,-0.2325,0.0156,-0.2027,0.1215,-0.068,1.0011,-1.0774,2.3591,-0.004357,0.1334,0.0044
3.63,FLIGHT,0.981,1.3935,-0.7438,-0.1337,-1.2496,0.6152,0.0144,-0.2027,-0.1308,-0.0195,1.0021,-0.8297,2.1573,-0.003577,0.1744,0.0036
3.635,FLIGHT,0.9738,1.398,-1.2278,0.5915,-1.5786,1.1303,0.0123,-0.2025,-0.3366,0.0246,1.0033,-0.5838,1.96,-0.002655,0.1913,0.0027
3.64,FLIGHT,0.9656,1.4044,-1.521,1.0661,-1.6983,1.3817,0.0097,-0.2022,-0.4649,0.0591,1.0046,-0.3869,1.8038,-0.001694,0.1906,0.0017
3.645,FLIGHT,0.9571,1.4115,-1.6366,1.3145,-1.6735,1.4529,0.0069,-0.2018,-0.5227,0.0827,1.0059,-0.2466,1.6939,-0.000766,0.1795,0.0008
3.65,FLIGHT,0.949,1.4187,-1.6205,1.3971,-1.5611,1.4158,0.0042,-0.2013,-0.5292,0.0962,1.0072,-0.154,1.623,8.8e-05,0.1533,0.0
3.655,FLIGHT,0.9415,1.4256,-1.5187,1.3751,-1.4023,1.3236,0.0017,-0.2008,-0.5034,0.1017,1.0084,-0.0971,1.581,0.000687,0.0897,0.0
3.66,FLIGHT,0.935,1.4319,-1.3724,1.2951,-1.2307,1.208,-0.0005,-0.2003,-0.4605,0.1013,1.0096,-0.0634,1.5577,0.001018,0.0458,0.0
3.665,FLIGHT,0.9292,1.4377,-1.2097,1.1891,-1.0623,1.089,-0.0024,-0.1998,-0.4111,0.0973,1.0107,-0.0439,1.5458,0.00117,0.0171,0.0
3.67,FLIGHT,0.9243,1.4428,-1.0472,1.0767,-0.905,0.9771,-0.0042,-0.1994,-0.3613,0.0913,1.0118,-0.0328,1.5405,0.001207,-0.0009,0.0002
3.675,FLIGHT,0.9202,1.4475,-0.894,0.9691,-0.7623,0.8767,-0.0056,-0.199,-0.3144,0.0845,1.0128,-0.0263,1.5386,0.001173,-0.0117,0.0023
3.68,FLIGHT,0.9167,1.4516,-0.7539,0.8714,-0.6349,0.7891,-0.0069,-0.1987,-0.272,0.0776,1.0138,-0.0223,1.5385,0.001098,-0.0175,0.0035
3.685,FLIGHT,0.9138,1.4554,-0.6282,0.7855,-0.5221,0.7138,-0.008,-0.1983,-0.2343,0.071,1.0148,-0.0197,1.5392,0.001003,-0.0201,0.004
3.69,FLIGHT,0.9114,1.4588,-0.5166,0.7112,-0.4228,0.6496,-0.009,-0.198,-0.2013,0.065,1.0157,-0.0179,1.5402,0.000901,-0.0206,0.0041
3.695,FLIGHT,0.9095,1.4619,-0.4182,0.6476,-0.3356,0.595,-0.0098,-0.1977,-0.1726,0.0595,1.0166,-0.0165,1.5413,0.000799,-0.0198,0.004
3.7,FLIGHT,0.9081,1.4648,-0.3316,0.5934,-0.2591,0.5486,-0.0105,-0.1975,-0.1476,0.0546,1.0174,-0.0155,1.5424,0.000704,-0.0182,0.0036
3.705,FLIGHT,0.9069,1.4674,-0.2557,0.5473,-0.1921,0.5092,-0.011,-0.1972,-0.126,0.0502,1.0182,-0.0147,1.5434,0.000618,-0.0161,0.0032
3.71,FLIGHT,0.9061,1.4699,-0.1891,0.508,-0.1334,0.4756,-0.0115,-0.197,-0.1073,0.0464,1.019,-0.0141,1.5444,0.000543,-0.0139,0.0028
3.715,FLIGHT,0.9056,1.4722,-0.1309,0.4746,-0.0822,0.447,-0.012,-0.1968,-0.091,0.0431,1.0197,-0.0137,1.5454,0.000479,-0.0118,0.0024
3.72,FLIGHT,0.9053,1.4743,-0.08,0.4461,-0.0375,0.4225,-0.0123,-0.1966,-0.077,0.0402,1.0204,-0.0135,1.5464,0.000425,-0.0097,0.0019
3.725,FLIGHT,0.9052,1.4764,-0.0356,0.4217,0.0014,0.4015,-0.0126,-0.1964,-0.0648,0.0376,1.0211,-0.0135,1.5473,0.000382,-0.0079,0.0016
3.73,FLIGHT,0.9053,1.4784,0.003,0.4008,0.0352,0.3834,-0.0129,-0.1962,-0.0543,0.0354,1.0217,-0.0136,1.5482,0.000346,-0.0063,0.0013
3.735,FLIGHT,0.9055,1.4802,0.0365,0.3828,0.0644,0.3678,-0.0131,-0.1961,-0.0452,0.0334,1.0224,-0.0138,1.5491,0.000319,-0.0049,0.001
3.74,FLIGHT,0.9059,1.482,0.0655,0.3672,0.0896,0.3543,-0.0133,-0.1959,-0.0374,0.0317,1.023,-0.0141,1.55,0.000297,-0.0038,0.0008
3.745,FLIGHT,0.9064,1.4838,0.0905,0.3537,0.1112,0.3425,-0.0134,-0.1958,-0.0306,0.0303,1.0235,-0.0145,1.5509,0.00028,-0.0029,0.0006
3.75,FLIGHT,0.907,1.4855,0.112,0.342,0.1297,0.3321,-0.0135,-0.1956,-0.0248,0.029,1.0241,-0.015,1.5518,0.000267,-0.0022,0.0004
3.755,FLIGHT,0.9077,1.4871,0.1303,0.3317,0.1454,0.323,-0.0136,-0.1955,-0.0198,0.0278,1.0246,-0.0155,1.5526,0.000258,-0.0016,0.0003
3.76,FLIGHT,0.9085,1.4887,0.1459,0.3226,0.1587,0.3149,-0.0137,-0.1954,-0.0155,0.0268,1.0251,-0.016,1.5535,0.000251,-0.0012,0.0002
3.765,FLIGHT,0.9093,1.4903,0.159,0.3145,0.1698,0.3076,-0.0137,-0.1952,-0.0118,0.026,1.0256,-0.0165,1.5543,0.000246,-0.0008,0.0002
3.77,FLIGHT,0.9102,1.4918,0.17,0.3072,0.179,0.3011,-0.0137,-0.1951,-0.0087,0.0252,1.026,-0.0171,1.5551,0.000243,-0.0005,0.0001
3.775,FLIGHT,0.9111,1.4933,0.1791,0.3007,0.1866,0.2951,-0.0138,-0.195,-0.006,0.0245,1.0264,-0.0177,1.5558,0.000241,-0.0003,0.0001
3.78,FLIGHT,0.912,1.4947,0.1866,0.2947,0.1927,0.2895,-0.0138,-0.1949,-0.0037,0.0239,1.0268,-0.0183,1.5566,0.000239,-0.0002,0.0
3.785,FLIGHT,0.913,1.4962,0.1927,0.2891,0.1975,0.2844,-0.0138,-0.1948,-0.0018,0.0233,1.0272,-0.0189,1.5573,0.000239,-0.0001,0.0
3.79,FLIGHT,0.914,1.4976,0.1975,0.284,0.2013,0.2795,-0.0138,-0.1947,-0.0002,0.0228,1.0276,-0.0195,1.558,0.000238,-0.0,0.0
3.795,FLIGHT,0.915,1.499,0.2012,0.2792,0.2041,0.275,-0.0138,-0.1945,0.0012,0.0223,1.0279,-0.02,1.5587,0.000239,0.0,0.0
3.8,FLIGHT,0.9161,1.5003,0.204,0.2746,0.2061,0.2706,-0.0138,-0.1944,0.0023,0.0219,1.0282,-0.0206,1.5594,0.000239,0.0001,0.0
3.805,FLIGHT,0.9171,1.5017,0.2059,0.2702,0.2074,0.2664,-0.0138,-0.1943,0.0033,0.0215,1.0285,-0.0212,1.56,0.000239,0.0001,0.0
3.81,FLIGHT,0.9181,1.503,0.2072,0.2661,0.208,0.2624,-0.0137,-0.1942,0.0041,0.0211,1.0287,-0.0217,1.5606,0.00024,0.0001,0.0
3.815,FLIGHT,0.9192,1.5043,0.2078,0.262,0.2082,0.2584,-0.0137,-0.1941,0.0047,0.0207,1.0289,-0.0223,1.5613,0.00024,0.0001,0.0
3.82,FLIGHT,0.9202,1.5056,0.208,0.2581,0.2079,0.2546,-0.0137,-0.194,0.0053,0.0204,1.0292,-0.0228,1.5619,0.000241,0.0001,0.0
3.825,FLIGHT,0.9213,1.5068,0.2076,0.2542,0.2072,0.2508,-0.0136,-0.1939,0.0057,0.0201,1.0293,-0.0233,1.5624,0.000241,0.0001,0.0
3.83,FLIGHT,0.9223,1.5081,0.2069,0.2505,0.2061,0.2471,-0.0136,-0.1938,0.0061,0.0198,1.0295,-0.0238,1.563,0.000241,0.0001,0.0
3.835,FLIGHT,0.9233,1.5093,0.2059,0.2468,0.2048,0.2435,-0.0136,-0.1937,0.0064,0.0194,1.0296,-0.0243,1.5636,0.000242,0.0001,0.0
3.84,FLIGHT,0.9243,1.5105,0.2046,0.2431,0.2033,0.2399,-0.0135,-0.1936,0.0066,0.0192,1.0297,-0.0248,1.5641,0.000242,0.0,0.0
3.845,FLIGHT,0.9253,1.5117,0.2031,0.2395,0.2016,0.2363,-0.0135,-0.1935,0.0068,0.0189,1.0298,-0.0253,1.5646,0.000242,0.0,0.0
3.85,FLIGHT,0.9263,1.5129,0.2013,0.236,0.1997,0.2328,-0.0135,-0.1934,0.0069,0.0186,1.0299,-0.0258,1.5652,0.000242,0.0,0.0
3.855,FLIGHT,0.9273,1.514,0.1995,0.2324,0.1977,0.2293,-0.0134,-0.1934,0.007,0.0183,1.03,-0.0262,1.5657,0.000242,0.0,0.0
3.86,FLIGHT,0.9283,1.5152,0.1975,0.229,0.1956,0.2259,-0.0134,-0.1933,0.0071,0.018,1.03,-0.0266,1.5662,0.000242,-0.0,0.0
3.865,FLIGHT,0.9293,1.5163,0.1953,0.2255,0.1934,0.2224,-0.0134,-0.1932,0.0071,0.0177,1.03,-0.0271,1.5667,0.000242,-0.0,0.0
3.87,FLIGHT,0.9303,1.5174,0.1931,0.2221,0.1911,0.2191,-0.0133,-0.1931,0.0072,0.0175,1.03,-0.0275,1.5671,0.000242,-0.0,0.0
3.875,FLIGHT,0.9312,1.5185,0.1909,0.2187,0.1888,0.2157,-0.0133,-0.193,0.0072,0.0172,1.0299,-0.0279,1.5676,0.000242,-0.0,0.0
3.88,FLIGHT,0.9321,1.5195,0.1886,0.2154,0.1865,0.2124,-0.0133,-0.1929,0.0072,0.017,1.0299,-0.0283,1.5681,0.000242,-0.0,0.0
3.885,FLIGHT,0.9331,1.5206,0.1862,0.2121,0.1841,0.2091,-0.0132,-0.1928,0.0071,0.0167,1.0298,-0.0287,1.5685,0.000242,-0.0,0.0
3.89,FLIGHT,0.934,1.5216,0.1838,0.2088,0.1817,0.2058,-0.0132,-0.1928,0.0071,0.0164,1.0297,-0.0291,1.569,0.000241,-0.0,0.0
3.895,FLIGHT,0.9349,1.5227,0.1814,0.2055,0.1793,0.2026,-0.0132,-0.1927,0.0071,0.0162,1.0295,-0.0295,1.5694,0.000241,-0.0001,0.0
3.9,FLIGHT,0.9358,1.5237,0.179,0.2023,0.1769,0.1994,-0.0131,-0.1926,0.007,0.0159,1.0294,-0.0299,1.5698,0.000241,-0.0001,0.0
3.905,FLIGHT,0.9367,1.5247,0.1766,0.1991,0.1745,0.1963,-0.0131,-0.1925,0.007,0.0157,1.0292,-0.0302,1.5702,0.000241,-0.0001,0.0
3.91,FLIGHT,0.9375,1.5256,0.1742,0.196,0.1721,0.1932,-0.0131,-0.1924,0.007,0.0154,1.029,-0.0306,1.5707,0.00024,-0.0001,0.0
3.915,FLIGHT,0.9384,1.5266,0.1718,0.1929,0.1697,0.1901,-0.013,-0.1924,0.0069,0.0152,1.0288,-0.031,1.5711,0.00024,-0.0001,0.0
3.92,FLIGHT,0.9392,1.5275,0.1695,0.1898,0.1673,0.187,-0.013,-0.1923,0.0068,0.015,1.0286,-0.0313,1.5715,0.00024,-0.0001,0.0
3.925,FLIGHT,0.9401,1.5285,0.1671,0.1867,0.165,0.184,-0.013,-0.1922,0.0068,0.0147,1.0283,-0.0317,1.5719,0.000239,-0.0001,0.0
3.93,FLIGHT,0.9409,1.5294,0.1647,0.1838,0.1627,0.1811,-0.0129,-0.1921,0.0067,0.0145,1.028,-0.032,1.5722,0.000239,-0.0001,0.0
3.935,FLIGHT,0.9417,1.5303,0.1624,0.1808,0.1604,0.1782,-0.0129,-0.1921,0.0067,0.0143,1.0277,-0.0323,1.5726,0.000239,-0.0001,0.0
3.94,FLIGHT,0.9425,1.5312,0.1601,0.1779,0.1581,0.1753,-0.0129,-0.192,0.0066,0.014,1.0274,-0.0327,1.573,0.000238,-0.0001,0.0
3.945,FLIGHT,0.9433,1.532,0.1578,0.175,0.1558,0.1724,-0.0128,-0.1919,0.0066,0.0138,1.0271,-0.033,1.5734,0.000238,-0.0001,0.0
3.95,FLIGHT,0.944,1.5329,0.1556,0.1722,0.1536,0.1696,-0.0128,-0.1919,0.0065,0.0136,1.0267,-0.0333,1.5737,0.000238,-0.0001,0.0
3.955,FLIGHT,0.9448,1.5337,0.1534,0.1694,0.1514,0.1669,-0.0128,-0.1918,0.0065,0.0134,1.0263,-0.0336,1.5741,0.000237,-0.0001,0.0
3.96,FLIGHT,0.9455,1.5345,0.1512,0.1666,0.1492,0.1642,-0.0127,-0.1917,0.0064,0.0132,1.0259,-0.0339,1.5744,0.000237,-0.0001,0.0
3.965,FLIGHT,0.9463,1.5354,0.149,0.1639,0.1471,0.1615,-0.0127,-0.1917,0.0063,0.013,1.0255,-0.0343,1.5748,0.000237,-0.0001,0.0
3.97,FLIGHT,0.947,1.5362,0.1468,0.1612,0.1449,0.1589,-0.0127,-0.1916,0.0063,0.0127,1.0251,-0.0346,1.5751,0.000236,-0.0001,0.0
3.975,FLIGHT,0.9477,1.5369,0.1447,0.1586,0.1428,0.1563,-0.0126,-0.1915,0.0062,0.0125,1.0246,-0.0349,1.5754,0.000236,-0.0001,0.0
3.98,FLIGHT,0.9484,1.5377,0.1426,0.156,0.1408,0.1537,-0.0126,-0.1915,0.0062,0.0123,1.0242,-0.0352,1.5758,0.000236,-0.0001,0.0
3.985,FLIGHT,0.9491,1.5385,0.1406,0.1535,0.1387,0.1512,-0.0126,-0.1914,0.0061,0.0121,1.0237,-0.0355,1.5761,0.000235,-0.0001,0.0
3.99,FLIGHT,0.9498,1.5392,0.1385,0.151,0.1367,0.1487,-0.0125,-0.1914,0.006,0.0119,1.0232,-0.0357,1.5764,0.000235,-0.0001,0.0
3.995,FLIGHT,0.9505,1.54,0.1365,0.1485,0.1347,0.1463,-0.0125,-0.1913,0.006,0.0118,1.0226,-0.036,1.5767,0.000235,-0.0001,0.0
4.0,FLIGHT,0.9512,1.5407,0.1345,0.1461,0.1327,0.1439,-0.0125,-0.1912,0.0059,0.0116,1.0221,-0.0363,1.577,0.000234,-0.0001,0.0
4.005,FLIGHT,0.9518,1.5414,0.1325,0.1437,0.1308,0.1416,-0.0124,-0.1912,0.0059,0.0114,1.0215,-0.0366,1.5773,0.000234,-0.0001,0.0
4.01,FLIGHT,0.9525,1.5421,0.1306,0.1414,0.1289,0.1393,-0.0124,-0.1911,0.0058,0.0112,1.0209,-0.0369,1.5776,0.000234,-0.0001,0.0
4.015,FLIGHT,0.9531,1.5428,0.1287,0.139,0.127,0.137,-0.0124,-0.1911,0.0058,0.011,1.0203,-0.0371,1.5779,0.000233,-0.0001,0.0
4.02,FLIGHT,0.9538,1.5435,0.1268,0.1368,0.1251,0.1348,-0.0124,-0.191,0.0057,0.0108,1.0197,-0.0374,1.5782,0.000233,-0.0001,0.0
4.025,FLIGHT,0.9544,1.5442,0.1249,0.1346,0.1233,0.1326,-0.0123,-0.191,0.0056,0.0107,1.019,-0.0377,1.5785,0.000233,-0.0001,0.0
4.03,FLIGHT,0.955,1.5448,0.1231,0.1324,0.1215,0.1304,-0.0123,-0.1909,0.0056,0.0105,1.0184,-0.038,1.5788,0.000233,-0.0001,0.0
4.035,FLIGHT,0.9556,1.5455,0.1213,0.1302,0.1197,0.1283,-0.0123,-0.1909,0.0055,0.0103,1.0177,-0.0382,1.5791,0.000232,-0.0001,0.0
4.04,FLIGHT,0.9562,1.5461,0.1195,0.1281,0.1179,0.1262,-0.0123,-0.1908,0.0054,0.0102,1.017,-0.0385,1.5794,0.000232,-0.0001,0.0
4.045,FLIGHT,0.9568,1.5467,0.1177,0.126,0.1161,0.1242,-0.0122,-0.1908,0.0054,0.01,1.0163,-0.0387,1.5796,0.000232,-0.0001,0.0
4.05,FLIGHT,0.9574,1.5473,0.116,0.124,0.1144,0.1222,-0.0122,-0.1907,0.0053,0.0098,1.0156,-0.039,1.5799,0.000231,-0.0001,0.0
4.055,FLIGHT,0.9579,1.5479,0.1142,0.122,0.1127,0.1202,-0.0122,-0.1907,0.0053,0.0097,1.0148,-0.0392,1.5802,0.000231,-0.0001,0.0
4.06,FLIGHT,0.9585,1.5485,0.1125,0.12,0.111,0.1182,-0.0121,-0.1906,0.0052,0.0095,1.0141,-0.0395,1.5804,0.000231,-0.0001,0.0
4.065,FLIGHT,0.959,1.5491,0.1108,0.1181,0.1093,0.1163,-0.0121,-0.1906,0.0051,0.0094,1.0133,-0.0397,1.5807,0.000231,-0.0,0.0
4.07,FLIGHT,0.9596,1.5497,0.1092,0.1162,0.1077,0.1145,-0.0121,-0.1905,0.0051,0.0092,1.0125,-0.04,1.5809,0.00023,-0.0,0.0
4.075,FLIGHT,0.9601,1.5503,0.1075,0.1143,0.1061,0.1126,-0.0121,-0.1905,0.005,0.0091,1.0117,-0.0402,1.5812,0.00023,-0.0,0.0
4.08,FLIGHT,0.9606,1.5508,0.1059,0.1124,0.1045,0.1108,-0.012,-0.1904,0.0049,0.0089,1.0109,-0.0405,1.5814,0.00023,-0.0,0.0
4.085,FLIGHT,0.9611,1.5514,0.1043,0.1106,0.1029,0.109,-0.012,-0.1904,0.0049,0.0088,1.01,-0.0407,1.5817,0.00023,-0.0,0.0
4.09,FLIGHT,0.9617,1.5519,0.1027,0.1089,0.1013,0.1073,-0.012,-0.1904,0.0048,0.0086,1.0092,-0.0409,1.5819,0.00023,-0.0,0.0
4.095,FLIGHT,0.9622,1.5524,0.1011,0.1071,0.0997,0.1056,-0.012,-0.1903,0.0047,0.0085,1.0083,-0.0412,1.5822,0.000229,-0.0,0.0
4.1,FLIGHT,0.9627,1.553,0.0996,0.1054,0.0982,0.1039,-0.012,-0.1903,0.0047,0.0084,1.0074,-0.0414,1.5824,0.000229,-0.0,0.0
4.105,FLIGHT,0.9631,1.5535,0.0981,0.1037,0.0967,0.1023,-0.0119,-0.1902,0.0046,0.0082,1.0065,-0.0416,1.5826,0.000229,-0.0,0.0
4.11,FLIGHT,0.9636,1.554,0.0965,0.1021,0.0952,0.1006,-0.0119,-0.1902,0.0045,0.0081,1.0056,-0.0418,1.5829,0.000229,-0.0,0.0
4.115,FLIGHT,0.9641,1.5545,0.095,0.1005,0.0937,0.099,-0.0119,-0.1902,0.0045,0.008,1.0047,-0.0421,1.5831,0.000228,-0.0,0.0
4.12,FLIGHT,0.9646,1.555,0.0936,0.0989,0.0923,0.0975,-0.0119,-0.1901,0.0044,0.0079,1.0037,-0.0423,1.5833,0.000228,-0.0,0.0
4.125,FLIGHT,0.965,1.5555,0.0921,0.0973,0.0908,0.0959,-0.0118,-0.1901,0.0043,0.0077,1.0027,-0.0425,1.5835,0.000228,-0.0,0.0
4.13,FLIGHT,0.9655,1.5559,0.0907,0.0958,0.0894,0.0944,-0.0118,-0.19,0.0043,0.0076,1.0018,-0.0427,1.5838,0.000228,-0.0,0.0
4.135,FLIGHT,0.9659,1.5564,0.0892,0.0943,0.088,0.0929,-0.0118,-0.19,0.0042,0.0075,1.0008,-0.0429,1.584,0.000228,-0.0,0.0
4.14,STANCE,0.9665,1.5571,0.1216,0.1379,0.2649,0.329,-0.0118,-0.1899,0.0044,0.0111,0.9998,0.162,-0.1304,5.4e-05,-0.1727,0.0345
4.145,STANCE,0.9701,1.5572,0.5703,0.0207,1.1143,-0.3599,-0.0111,-0.19,0.1055,-0.0045,0.999,-0.1098,-0.6818,-0.001391,-0.3567,0.0727
4.15,STANCE,0.9772,1.5531,1.1727,-0.6093,1.5973,-1.3992,-0.0092,-0.1904,0.3066,-0.0649,0.9981,-0.6266,-1.0062,-0.003253,-0.3519,0.0736
4.155,STANCE,0.9817,1.5485,0.895,-0.7313,0.257,-0.251,-0.0077,-0.1909,0.2714,-0.0709,0.9977,-0.8694,-1.4474,-0.004208,-0.0488,0.014
4.16,STANCE,0.9825,1.5477,0.4056,-0.3491,0.2271,-0.2665,-0.0074,-0.1909,0.1255,-0.0335,0.9979,-0.9893,-1.998,-0.004182,0.0423,0.0042
4.165,STANCE,0.9845,1.5444,0.411,-0.6119,0.368,-1.5048,-0.0066,-0.1912,0.1631,-0.0557,0.9981,-1.2744,-2.1014,-0.003853,0.1305,0.0039
4.17,STANCE,0.9869,1.5353,0.4953,-1.4074,0.7892,-1.6942,-0.0049,-0.192,0.2909,-0.122,0.9981,-1.5396,-1.7525,-0.003276,-0.0064,0.0046
4.175,STANCE,0.9906,1.5236,0.6314,-2.1418,0.3181,-3.3605,-0.0025,-0.193,0.4226,-0.179,0.998,-1.7308,-1.2205,-0.003876,-0.0244,0.0088
4.18,STANCE,0.9935,1.5099,0.5913,-2.5072,0.3358,-2.9112,-0.0001,-0.1942,0.4702,-0.2018,0.9979,-1.7025,-0.6862,-0.004321,-0.0213,0.0086
4.185,STANCE,0.9947,1.4955,0.3411,-2.755,0.2256,-2.725,0.0022,-0.1953,0.4606,-0.2149,0.9979,-1.4202,-0.1165,-0.004275,-0.0076,0.0058
4.19,STANCE,0.9948,1.4813,0.0902,-2.8376,-0.1912,-2.9482,0.0043,-0.1964,0.4266,-0.2159,0.9978,-0.9936,0.4089,-0.004521,-0.0758,0.0197
4.195,STANCE,0.993,1.4664,-0.2317,-2.9388,-0.4199,-2.8839,0.0061,-0.1975,0.3806,-0.2198,0.9977,-0.4518,0.9089,-0.004889,-0.1137,0.0276
4.2,STANCE,0.9904,1.4521,-0.4357,-2.8851,-0.5654,-2.7969,0.0077,-0.1986,0.3345,-0.2129,0.9977,0.0327,1.2528,-0.005237,-0.0388,0.013
4.205,STANCE,0.9878,1.4389,-0.471,-2.702,-0.4041,-2.4672,0.0091,-0.1996,0.3024,-0.1963,0.9978,0.3089,1.393,-0.005383,-0.026,0.0106
4.21,STANCE,0.9865,1.4274,-0.3168,-2.3993,-0.131,-2.115,0.0105,-0.2004,0.2902,-0.1702,0.998,0.2785,1.3181,-0.005528,-0.031,0.0117
4.215,STANCE,0.9864,1.4175,-0.1039,-2.1086,0.0791,-1.8811,0.012,-0.2011,0.2914,-0.1449,0.9984,0.1935,1.2267,-0.005667,-0.0225,0.0102
4.22,STANCE,0.9872,1.4085,0.0754,-1.8982,0.2109,-1.7476,0.0134,-0.2017,0.2976,-0.1255,0.9988,0.1199,1.1651,-0.005732,-0.0018,0.0061
4.225,STANCE,0.9884,1.3999,0.1978,-1.765,0.2827,-1.6728,0.015,-0.2022,0.3037,-0.1121,0.9993,0.0678,1.1332,-0.005675,0.025,0.0057
4.23,STANCE,0.9899,1.3917,0.2695,-1.6829,0.3152,-1.6245,0.0165,-0.2027,0.3071,-0.1028,0.9998,0.0354,1.121,-0.00548,0.0527,0.0055
4.235,STANCE,0.9915,1.3837,0.3051,-1.6275,0.325,-1.5844,0.018,-0.2032,0.3072,-0.0959,1.0002,0.0171,1.1188,-0.005152,0.0781,0.0052
4.24,FLIGHT,0.9928,1.3764,0.2475,-1.4831,-0.0444,-1.028,0.0194,-0.2036,0.2746,-0.0857,1.0008,-1.2682,2.5043,-0.004684,0.1208,0.0047
4.245,FLIGHT,0.9904,1.3742,-0.284,-0.7042,-0.8603,0.1201,0.0192,-0.2038,0.0486,-0.0484,1.0016,-1.0909,2.3574,-0.003924,0.179,0.0039
4.25,FLIGHT,0.9846,1.377,-0.9094,0.1868,-1.4205,0.9169,0.0176,-0.2037,-0.2134,-0.0044,1.0026,-0.8186,2.1392,-0.002939,0.2105,0.0029
4.255,FLIGHT,0.9767,1.3828,-1.3838,0.8772,-1.7158,1.3766,0.0151,-0.2035,-0.413,0.0355,1.0037,-0.5655,1.9385,-0.001859,0.2185,0.0019
4.26,FLIGHT,0.9678,1.3903,-1.6513,1.3053,-1.8032,1.5791,0.0122,-0.2031,-0.5295,0.067,1.005,-0.3695,1.7846,-0.000782,0.2101,0.0008
4.265,FLIGHT,0.9589,1.3983,-1.7388,1.5097,-1.7504,1.6122,0.0092,-0.2027,-0.5751,0.0886,1.0062,-0.2331,1.6789,0.000217,0.1759,0.0
4.27,FLIGHT,0.9505,1.4063,-1.6956,1.557,-1.6148,1.5479,0.0064,-0.2022,-0.5707,0.1009,1.0074,-0.1456,1.6126,0.000899,0.1012,0.0
4.275,FLIGHT,0.9428,1.4137,-1.5745,1.5074,-1.4442,1.4342,0.0037,-0.2017,-0.5365,0.1056,1.0085,-0.0919,1.5737,0.001269,0.0503,0.0
4.28,FLIGHT,0.936,1.4206,-1.4154,1.4063,-1.2644,1.3029,0.0014,-0.2012,-0.4876,0.1048,1.0096,-0.0602,1.5524,0.001432,0.0172,0.0
4.285,FLIGHT,0.9302,1.4267,-1.2439,1.2845,-1.0898,1.1723,-0.0007,-0.2007,-0.4337,0.1006,1.0106,-0.0418,1.5417,0.001462,-0.0035,0.0007
4.29,FLIGHT,0.9251,1.4323,-1.075,1.1603,-0.9277,1.0515,-0.0025,-0.2003,-0.3806,0.0946,1.0116,-0.0312,1.537,0.001411,-0.0157,0.0031
4.295,FLIGHT,0.9208,1.4373,-0.9167,1.0436,-0.781,0.944,-0.0041,-0.1999,-0.3311,0.0877,1.0126,-0.0249,1.5356,0.001315,-0.0222,0.0044
4.3,FLIGHT,0.9173,1.4418,-0.7725,0.9387,-0.6502,0.8507,-0.0054,-0.1995,-0.2866,0.0808,1.0135,-0.0209,1.5356,0.001196,-0.0249,0.005
4.305,FLIGHT,0.9143,1.4458,-0.6434,0.8469,-0.5344,0.7705,-0.0066,-0.1991,-0.2471,0.0742,1.0143,-0.0182,1.5364,0.001069,-0.0253,0.0051
4.31,FLIGHT,0.9119,1.4495,-0.5287,0.7677,-0.4323,0.7021,-0.0076,-0.1988,-0.2126,0.0681,1.0151,-0.0162,1.5374,0.000945,-0.0243,0.0049
4.315,FLIGHT,0.91,1.4529,-0.4275,0.6999,-0.3426,0.6438,-0.0084,-0.1985,-0.1826,0.0625,1.0159,-0.0147,1.5385,0.000828,-0.0223,0.0045
4.32,FLIGHT,0.9085,1.4559,-0.3385,0.642,-0.2638,0.5943,-0.0092,-0.1982,-0.1565,0.0576,1.0166,-0.0135,1.5396,0.000722,-0.02,0.004
4.325,FLIGHT,0.9073,1.4588,-0.2602,0.5927,-0.1946,0.5521,-0.0098,-0.198,-0.1338,0.0532,1.0173,-0.0126,1.5407,0.000629,-0.0174,0.0035
4.33,FLIGHT,0.9065,1.4615,-0.1916,0.5507,-0.1341,0.516,-0.0103,-0.1977,-0.1142,0.0493,1.018,-0.0119,1.5417,0.000549,-0.0148,0.003
4.335,FLIGHT,0.906,1.464,-0.1314,0.5148,-0.0811,0.4852,-0.0108,-0.1975,-0.0972,0.0459,1.0186,-0.0114,1.5427,0.000481,-0.0123,0.0025
4.34,FLIGHT,0.9057,1.4663,-0.0788,0.4841,-0.0348,0.4587,-0.0111,-0.1973,-0.0824,0.0428,1.0192,-0.0112,1.5437,0.000425,-0.01,0.002
4.345,FLIGHT,0.9056,1.4686,-0.0329,0.4578,0.0055,0.436,-0.0115,-0.1971,-0.0696,0.0402,1.0198,-0.0111,1.5447,0.00038,-0.008,0.0016
4.35,FLIGHT,0.9057,1.4707,0.0071,0.4351,0.0405,0.4163,-0.0117,-0.1969,-0.0585,0.0379,1.0204,-0.0111,1.5456,0.000345,-0.0063,0.0013
4.355,FLIGHT,0.906,1.4727,0.0419,0.4156,0.0708,0.3993,-0.012,-0.1968,-0.0489,0.0359,1.0209,-0.0113,1.5466,0.000317,-0.0049,0.001
4.36,FLIGHT,0.9064,1.4747,0.072,0.3987,0.097,0.3846,-0.0121,-0.1966,-0.0406,0.0341,1.0214,-0.0116,1.5475,0.000295,-0.0038,0.0008
4.365,FLIGHT,0.907,1.4766,0.098,0.384,0.1195,0.3717,-0.0123,-0.1964,-0.0335,0.0326,1.0219,-0.0119,1.5485,0.000279,-0.0028,0.0006
4.37,FLIGHT,0.9076,1.4784,0.1203,0.3711,0.1388,0.3603,-0.0124,-0.1963,-0.0273,0.0312,1.0223,-0.0124,1.5494,0.000266,-0.0021,0.0004
4.375,FLIGHT,0.9084,1.4802,0.1394,0.3598,0.1551,0.3503,-0.0125,-0.1961,-0.022,0.03,1.0227,-0.0129,1.5503,0.000257,-0.0015,0.0003
4.38,FLIGHT,0.9092,1.4819,0.1556,0.3498,0.1689,0.3414,-0.0126,-0.196,-0.0174,0.0289,1.0231,-0.0134,1.5512,0.000251,-0.0011,0.0002
4.385,FLIGHT,0.91,1.4836,0.1693,0.3409,0.1805,0.3334,-0.0127,-0.1958,-0.0135,0.028,1.0235,-0.014,1.552,0.000246,-0.0007,0.0001
4.39,FLIGHT,0.911,1.4853,0.1808,0.3329,0.1901,0.3261,-0.0127,-0.1957,-0.0102,0.0272,1.0239,-0.0146,1.5529,0.000243,-0.0005,0.0001
4.395,FLIGHT,0.9119,1.4869,0.1903,0.3257,0.198,0.3195,-0.0127,-0.1956,-0.0073,0.0264,1.0242,-0.0152,1.5537,0.000241,-0.0003,0.0001
4.4,FLIGHT,0.9129,1.4885,0.1981,0.319,0.2044,0.3133,-0.0128,-0.1955,-0.0049,0.0258,1.0245,-0.0158,1.5545,0.00024,-0.0001,0.0
4.405,FLIGHT,0.914,1.49,0.2044,0.3129,0.2095,0.3076,-0.0128,-0.1953,-0.0029,0.0252,1.0248,-0.0164,1.5552,0.00024,-0.0,0.0
4.41,FLIGHT,0.915,1.4915,0.2094,0.3072,0.2134,0.3023,-0.0128,-0.1952,-0.0011,0.0246,1.025,-0.017,1.556,0.00024,0.0,0.0
4.415,FLIGHT,0.9161,1.493,0.2133,0.3019,0.2163,0.2973,-0.0128,-0.1951,0.0004,0.0241,1.0253,-0.0176,1.5567,0.00024,0.0001,0.0
4.42,FLIGHT,0.9172,1.4945,0.2162,0.2969,0.2184,0.2925,-0.0128,-0.195,0.0016,0.0237,1.0255,-0.0182,1.5575,0.00024,0.0001,0.0
4.425,FLIGHT,0.9183,1.496,0.2182,0.2921,0.2197,0.2878,-0.0127,-0.1949,0.0026,0.0232,1.0257,-0.0188,1.5581,0.000241,0.0001,0.0
4.43,FLIGHT,0.9194,1.4974,0.2195,0.2875,0.2204,0.2834,-0.0127,-0.1947,0.0035,0.0228,1.0258,-0.0194,1.5588,0.000241,0.0001,0.0
4.435,FLIGHT,0.9205,1.4988,0.2201,0.283,0.2205,0.2791,-0.0127,-0.1946,0.0042,0.0224,1.026,-0.02,1.5595,0.000242,0.0001,0.0
4.44,FLIGHT,0.9216,1.5002,0.2202,0.2787,0.2201,0.2749,-0.0127,-0.1945,0.0048,0.0221,1.0261,-0.0205,1.5601,0.000242,0.0001,0.0
4.445,FLIGHT,0.9227,1.5015,0.2199,0.2745,0.2193,0.2708,-0.0126,-0.1944,0.0053,0.0217,1.0262,-0.0211,1.5608,0.000243,0.0001,0.0
4.45,FLIGHT,0.9238,1.5029,0.2191,0.2704,0.2182,0.2667,-0.0126,-0.1943,0.0057,0.0214,1.0262,-0.0216,1.5614,0.000243,0.0001,0.0
4.455,FLIGHT,0.9249,1.5042,0.218,0.2663,0.2168,0.2627,-0.0126,-0.1942,0.006,0.021,1.0263,-0.0221,1.562,0.000244,0.0001,0.0
4.46,FLIGHT,0.926,1.5055,0.2166,0.2624,0.2152,0.2588,-0.0126,-0.1941,0.0062,0.0207,1.0263,-0.0227,1.5626,0.000244,0.0,0.0
4.465,FLIGHT,0.927,1.5068,0.2149,0.2585,0.2133,0.255,-0.0125,-0.194,0.0064,0.0204,1.0263,-0.0232,1.5632,0.000244,0.0,0.0
4.47,FLIGHT,0.9281,1.5081,0.2131,0.2546,0.2113,0.2512,-0.0125,-0.1939,0.0066,0.0201,1.0263,-0.0237,1.5637,0.000244,0.0,0.0
4.475,FLIGHT,0.9291,1.5093,0.211,0.2508,0.2092,0.2474,-0.0125,-0.1938,0.0067,0.0198,1.0263,-0.0241,1.5643,0.000244,0.0,0.0
4.48,FLIGHT,0.9302,1.5105,0.2089,0.247,0.2069,0.2436,-0.0124,-0.1937,0.0068,0.0195,1.0262,-0.0246,1.5648,0.000244,-0.0,0.0
4.485,FLIGHT,0.9312,1.5117,0.2066,0.2433,0.2045,0.2399,-0.0124,-0.1936,0.0068,0.0192,1.0261,-0.0251,1.5653,0.000244,-0.0,0.0
4.49,FLIGHT,0.9322,1.5129,0.2042,0.2396,0.2021,0.2363,-0.0123,-0.1935,0.0069,0.0189,1.026,-0.0255,1.5658,0.000244,-0.0,0.0
4.495,FLIGHT,0.9332,1.5141,0.2018,0.2359,0.1996,0.2327,-0.0123,-0.1934,0.0069,0.0186,1.0259,-0.026,1.5664,0.000244,-0.0,0.0
4.5,FLIGHT,0.9342,1.5153,0.1993,0.2323,0.197,0.2291,-0.0123,-0.1933,0.0069,0.0183,1.0258,-0.0264,1.5669,0.000244,-0.0,0.0
4.505,FLIGHT,0.9352,1.5164,0.1968,0.2287,0.1945,0.2255,-0.0122,-0.1932,0.0069,0.0181,1.0256,-0.0268,1.5673,0.000244,-0.0,0.0
4.51,FLIGHT,0.9362,1.5175,0.1942,0.2252,0.1919,0.222,-0.0122,-0.1932,0.0068,0.0178,1.0254,-0.0273,1.5678,0.000243,-0.0001,0.0
4.515,FLIGHT,0.9371,1.5186,0.1916,0.2217,0.1893,0.2185,-0.0122,-0.1931,0.0068,0.0175,1.0252,-0.0277,1.5683,0.000243,-0.0001,0.0
4.52,FLIGHT,0.9381,1.5197,0.189,0.2182,0.1867,0.2151,-0.0121,-0.193,0.0068,0.0172,1.025,-0.0281,1.5687,0.000243,-0.0001,0.0
4.525,FLIGHT,0.939,1.5208,0.1864,0.2148,0.1841,0.2117,-0.0121,-0.1929,0.0067,0.017,1.0247,-0.0285,1.5692,0.000242,-0.0001,0.0
4.53,FLIGHT,0.9399,1.5218,0.1838,0.2114,0.1815,0.2084,-0.0121,-0.1928,0.0067,0.0167,1.0244,-0.0289,1.5696,0.000242,-0.0001,0.0
4.535,FLIGHT,0.9408,1.5228,0.1812,0.208,0.1789,0.205,-0.012,-0.1927,0.0066,0.0165,1.0242,-0.0293,1.5701,0.000242,-0.0001,0.0
4.54,FLIGHT,0.9417,1.5239,0.1787,0.2047,0.1764,0.2018,-0.012,-0.1927,0.0065,0.0162,1.0238,-0.0296,1.5705,0.000241,-0.0001,0.0
4.545,FLIGHT,0.9426,1.5249,0.1761,0.2014,0.1738,0.1985,-0.012,-0.1926,0.0065,0.0159,1.0235,-0.03,1.5709,0.000241,-0.0001,0.0
4.55,FLIGHT,0.9434,1.5258,0.1736,0.1982,0.1713,0.1953,-0.0119,-0.1925,0.0064,0.0157,1.0232,-0.0304,1.5713,0.000241,-0.0001,0.0
4.555,FLIGHT,0.9443,1.5268,0.1711,0.195,0.1688,0.1922,-0.0119,-0.1924,0.0064,0.0155,1.0228,-0.0308,1.5718,0.00024,-0.0001,0.0
4.56,FLIGHT,0.9451,1.5278,0.1686,0.1919,0.1664,0.1891,-0.0119,-0.1923,0.0063,0.0152,1.0224,-0.0311,1.5722,0.00024,-0.0001,0.0
4.565,FLIGHT,0.9459,1.5287,0.1661,0.1888,0.1639,0.186,-0.0119,-0.1923,0.0062,0.015,1.022,-0.0315,1.5726,0.000239,-0.0001,0.0
4.57,FLIGHT,0.9468,1.5296,0.1637,0.1857,0.1615,0.183,-0.0118,-0.1922,0.0062,0.0147,1.0216,-0.0318,1.5729,0.000239,-0.0001,0.0
4.575,FLIGHT,0.9476,1.5305,0.1613,0.1827,0.1591,0.18,-0.0118,-0.1921,0.0061,0.0145,1.0211,-0.0322,1.5733,0.000239,-0.0001,0.0
4.58,FLIGHT,0.9484,1.5314,0.1589,0.1798,0.1568,0.1771,-0.0118,-0.1921,0.0061,0.0143,1.0206,-0.0325,1.5737,0.000238,-0.0001,0.0
4.585,FLIGHT,0.9491,1.5323,0.1565,0.1768,0.1544,0.1742,-0.0117,-0.192,0.006,0.014,1.0201,-0.0328,1.5741,0.000238,-0.0001,0.0
4.59,FLIGHT,0.9499,1.5332,0.1542,0.174,0.1521,0.1714,-0.0117,-0.1919,0.0059,0.0138,1.0196,-0.0332,1.5744,0.000238,-0.0001,0.0
4.595,FLIGHT,0.9507,1.534,0.1519,0.1711,0.1498,0.1686,-0.0117,-0.1918,0.0059,0.0136,1.0191,-0.0335,1.5748,0.000237,-0.0001,0.0
4.6,FLIGHT,0.9514,1.5349,0.1496,0.1683,0.1476,0.1659,-0.0116,-0.1918,0.0058,0.0134,1.0186,-0.0338,1.5752,0.000237,-0.0001,0.0
4.605,FLIGHT,0.9521,1.5357,0.1474,0.1656,0.1454,0.1631,-0.0116,-0.1917,0.0057,0.0132,1.018,-0.0341,1.5755,0.000236,-0.0001,0.0
4.61,FLIGHT,0.9528,1.5365,0.1452,0.1629,0.1432,0.1605,-0.0116,-0.1916,0.0057,0.013,1.0174,-0.0344,1.5758,0.000236,-0.0001,0.0
4.615,FLIGHT,0.9536,1.5373,0.143,0.1602,0.141,0.1579,-0.0116,-0.1916,0.0056,0.0127,1.0168,-0.0347,1.5762,0.000236,-0.0001,0.0
4.62,FLIGHT,0.9543,1.5381,0.1408,0.1576,0.1389,0.1553,-0.0115,-0.1915,0.0055,0.0125,1.0162,-0.0351,1.5765,0.000235,-0.0001,0.0
4.625,FLIGHT,0.9549,1.5388,0.1387,0.155,0.1368,0.1527,-0.0115,-0.1915,0.0055,0.0123,1.0156,-0.0354,1.5768,0.000235,-0.0001,0.0
4.63,FLIGHT,0.9556,1.5396,0.1366,0.1525,0.1347,0.1502,-0.0115,-0.1914,0.0054,0.0121,1.0149,-0.0357,1.5772,0.000235,-0.0001,0.0
4.635,FLIGHT,0.9563,1.5403,0.1345,0.15,0.1327,0.1478,-0.0115,-0.1913,0.0053,0.0119,1.0143,-0.036,1.5775,0.000234,-0.0001,0.0
4.64,FLIGHT,0.957,1.5411,0.1325,0.1476,0.1307,0.1454,-0.0114,-0.1913,0.0053,0.0118,1.0136,-0.0362,1.5778,0.000234,-0.0001,0.0
4.645,FLIGHT,0.9576,1.5418,0.1305,0.1452,0.1287,0.143,-0.0114,-0.1912,0.0052,0.0116,1.0129,-0.0365,1.5781,0.000234,-0.0001,0.0
4.65,FLIGHT,0.9582,1.5425,0.1285,0.1428,0.1267,0.1407,-0.0114,-0.1912,0.0051,0.0114,1.0121,-0.0368,1.5784,0.000233,-0.0001,0.0
4.655,FLIGHT,0.9589,1.5432,0.1265,0.1405,0.1247,0.1384,-0.0113,-0.1911,0.0051,0.0112,1.0114,-0.0371,1.5787,0.000233,-0.0001,0.0
4.66,FLIGHT,0.9595,1.5439,0.1245,0.1382,0.1228,0.1361,-0.0113,-0.1911,0.005,0.011,1.0107,-0.0374,1.579,0.000233,-0.0001,0.0
4.665,FLIGHT,0.9601,1.5446,0.1226,0.1359,0.1209,0.1339,-0.0113,-0.191,0.0049,0.0108,1.0099,-0.0377,1.5793,0.000232,-0.0001,0.0
4.67,FLIGHT,0.9607,1.5452,0.1207,0.1337,0.119,0.1318,-0.0113,-0.191,0.0049,0.0107,1.0091,-0.0379,1.5796,0.000232,-0.0001,0.0
4.675,FLIGHT,0.9613,1.5459,0.1189,0.1315,0.1172,0.1296,-0.0112,-0.1909,0.0048,0.0105,1.0083,-0.0382,1.5799,0.000232,-0.0001,0.0
4.68,FLIGHT,0.9619,1.5465,0.117,0.1294,0.1154,0.1275,-0.0112,-0.1909,0.0047,0.0103,1.0075,-0.0385,1.5801,0.000232,-0.0001,0.0
4.685,FLIGHT,0.9624,1.5472,0.1152,0.1273,0.1136,0.1254,-0.0112,-0.1908,0.0047,0.0102,1.0066,-0.0387,1.5804,0.000231,-0.0001,0.0
4.69,FLIGHT,0.963,1.5478,0.1134,0.1252,0.1118,0.1234,-0.0112,-0.1907,0.0046,0.01,1.0058,-0.039,1.5807,0.000231,-0.0001,0.0
4.695,FLIGHT,0.9636,1.5484,0.1116,0.1232,0.11,0.1214,-0.0112,-0.1907,0.0045,0.0098,1.0049,-0.0393,1.581,0.000231,-0.0001,0.0
4.7,FLIGHT,0.9641,1.549,0.1098,0.1212,0.1083,0.1195,-0.0111,-0.1907,0.0045,0.0097,1.004,-0.0395,1.5812,0.000231,-0.0001,0.0
4.705,FLIGHT,0.9646,1.5496,0.1081,0.1193,0.1066,0.1175,-0.0111,-0.1906,0.0044,0.0095,1.0031,-0.0398,1.5815,0.00023,-0.0001,0.0
4.71,FLIGHT,0.9652,1.5502,0.1064,0.1174,0.1049,0.1156,-0.0111,-0.1906,0.0043,0.0094,1.0022,-0.04,1.5817,0.00023,-0.0001,0.0
4.715,FLIGHT,0.9657,1.5507,0.1047,0.1155,0.1032,0.1138,-0.0111,-0.1905,0.0043,0.0092,1.0013,-0.0403,1.582,0.00023,-0.0,0.0
4.72,FLIGHT,0.9662,1.5513,0.103,0.1136,0.1015,0.112,-0.011,-0.1905,0.0042,0.0091,1.0004,-0.0405,1.5823,0.00023,-0.0,0.0
4.725,STANCE,0.968,1.552,0.3207,0.1195,0.7758,-0.0568,-0.0108,-0.1904,0.0448,0.0073,0.9995,0.0479,-0.4587,-0.000484,-0.2856,0.0576
4.73,STANCE,0.9737,1.5497,0.9192,-0.3259,1.4739,-0.901,-0.0094,-0.1907,0.2198,-0.0376,0.9987,-0.4069,-0.8737,-0.002166,-0.3644,0.0751
4.735,STANCE,0.9818,1.5429,1.3862,-1.0624,1.2808,-1.3029,-0.0069,-0.1914,0.4119,-0.1018,0.9978,-0.9593,-1.0809,-0.003891,-0.2552,0.0549
4.74,STANCE,0.9846,1.54,0.7672,-0.681,0.1989,-0.2256,-0.006,-0.1916,0.2413,-0.0631,0.9977,-1.0731,-1.6517,-0.004381,0.0002,0.0044
4.745,STANCE,0.9857,1.5383,0.4191,-0.4661,0.3571,-0.5568,-0.0055,-0.1918,0.145,-0.0422,0.998,-1.2387,-2.0224,-0.00418,0.0654,0.0042
4.75,STANCE,0.9873,1.5318,0.35,-1.1199,0.462,-1.5854,-0.0043,-0.1923,0.2235,-0.0961,0.998,-1.4648,-1.8272,-0.00359,0.1021,0.0036
4.755,STANCE,0.9905,1.5223,0.5336,-1.7202,0.3936,-2.7856,-0.0024,-0.1931,0.3448,-0.1435,0.998,-1.7087,-1.4393,-0.004076,-0.117,0.0275
4.76,STANCE,0.9929,1.5098,0.521,-2.1714,0.4756,-2.3254,-0.0002,-0.1942,0.4089,-0.175,0.998,-1.739,-0.9368,-0.004596,-0.0748,0.0196
4.765,STANCE,0.994,1.4965,0.3204,-2.4892,0.1877,-2.5992,0.002,-0.1952,0.4182,-0.1948,0.9979,-1.5267,-0.3812,-0.004607,0.0179,0.0046
4.77,STANCE,0.9942,1.4831,0.1518,-2.583,0.0065,-2.6077,0.0039,-0.1963,0.4015,-0.1972,0.9979,-1.1742,0.1341,-0.004556,-0.0679,0.0181
4.775,STANCE,0.9929,1.4689,-0.1515,-2.764,-0.4037,-2.8743,0.0057,-0.1973,0.3706,-0.2073,0.9978,-0.6578,0.6785,-0.00482,-0.1261,0.03
4.78,STANCE,0.9902,1.4543,-0.4206,-2.8625,-0.3838,-2.6207,0.0073,-0.1984,0.3338,-0.212,0.9976,-0.1248,1.1239,-0.00519,-0.0849,0.0222
4.785,STANCE,0.9882,1.4416,-0.3935,-2.6319,-0.3442,-2.4257,0.0088,-0.1994,0.3072,-0.1914,0.9977,0.2006,1.308,-0.00549,-0.0435,0.0142
4.79,STANCE,0.987,1.4302,-0.2792,-2.3777,-0.1293,-2.1348,0.0102,-0.2002,0.2943,-0.1691,0.9979,0.2621,1.3025,-0.005682,-0.0355,0.0128
4.795,STANCE,0.9869,1.4201,-0.0945,-2.1193,0.0719,-1.9099,0.0117,-0.2009,0.2946,-0.1461,0.9982,0.1885,1.2243,-0.005837,-0.0245,0.0107
4.8,STANCE,0.9876,1.411,0.0728,-1.9207,0.2022,-1.7745,0.0132,-0.2015,0.3001,-0.1277,0.9986,0.1198,1.1678,-0.005909,-0.0029,0.0065
4.805,STANCE,0.9888,1.4023,0.1914,-1.7885,0.2751,-1.6948,0.0147,-0.202,0.3057,-0.1143,0.999,0.0693,1.1366,-0.005857,0.024,0.0059
4.81,STANCE,0.9903,1.394,0.263,-1.7036,0.3095,-1.6421,0.0162,-0.2026,0.3087,-0.1048,0.9994,0.037,1.1235,-0.005667,0.0518,0.0057
4.815,STANCE,0.9919,1.3859,0.2998,-1.6449,0.321,-1.599,0.0178,-0.203,0.3085,-0.0976,0.9999,0.0184,1.1203,-0.005342,0.0774,0.0053
4.82,FLIGHT,0.9935,1.378,0.3143,-1.5975,0.3205,-1.5575,0.0193,-0.2035,0.3054,-0.0916,1.0003,-1.3346,2.5565,-0.004899,0.0992,0.0049
4.825,FLIGHT,0.9927,1.3736,-0.0594,-1.038,-0.6125,-0.2496,0.0198,-0.2038,0.145,-0.0641,1.0009,-1.25,2.4817,-0.004221,0.1686,0.0042
4.83,FLIGHT,0.9878,1.3749,-0.7274,-0.0992,-1.3187,0.7265,0.0186,-0.2038,-0.1333,-0.0196,1.0018,-0.9823,2.2658,-0.003258,0.2118,0.0033
4.835,FLIGHT,0.98,1.3802,-1.3064,0.7155,-1.7367,1.3307,0.0162,-0.2036,-0.3734,0.0243,1.0029,-0.7,2.0412,-0.002149,0.228,0.0021
4.84,FLIGHT,0.9708,1.3877,-1.6756,1.2624,-1.9083,1.6297,0.0132,-0.2033,-0.5288,0.0612,1.0041,-0.4683,1.8586,-0.001012,0.2241,0.001
4.845,FLIGHT,0.9612,1.3961,-1.8386,1.5531,-1.9053,1.7164,0.01,-0.2028,-0.6025,0.0882,1.0053,-0.3009,1.7279,7.1e-05,0.2051,0.0
4.85,FLIGHT,0.952,1.4047,-1.8419,1.652,-1.7904,1.6755,0.0069,-0.2023,-0.6148,0.1051,1.0064,-0.1904,1.6432,0.000872,0.12,0.0
4.855,FLIGHT,0.9434,1.4128,-1.7427,1.6265,-1.6234,1.5651,0.004,-0.2017,-0.588,0.113,1.0076,-0.1213,1.5919,0.001316,0.0614,0.0
4.86,FLIGHT,0.9358,1.4203,-1.5888,1.5306,-1.4371,1.4258,0.0014,-0.2012,-0.5405,0.1141,1.0086,-0.0797,1.5628,0.00152,0.0232,0.0
4.865,FLIGHT,0.929,1.427,-1.4123,1.4027,-1.2508,1.2817,-0.001,-0.2007,-0.4843,0.1106,1.0097,-0.0553,1.5475,0.001571,-0.0009,0.0002
4.87,FLIGHT,0.9232,1.4331,-1.233,1.2665,-1.075,1.1455,-0.003,-0.2002,-0.427,0.1045,1.0106,-0.0411,1.5403,0.001527,-0.0153,0.0031
4.875,FLIGHT,0.9183,1.4385,-1.0619,1.1355,-0.9143,1.0229,-0.0048,-0.1997,-0.3727,0.0971,1.0115,-0.0327,1.5374,0.001429,-0.0231,0.0046
4.88,FLIGHT,0.9141,1.4433,-0.9044,1.0163,-0.77,0.9157,-0.0063,-0.1993,-0.3233,0.0893,1.0124,-0.0274,1.5368,0.001303,-0.0266,0.0053
4.885,FLIGHT,0.9105,1.4477,-0.7622,0.911,-0.6418,0.8232,-0.0076,-0.1989,-0.2792,0.0818,1.0132,-0.0239,1.5372,0.001167,-0.0274,0.0055
4.89,FLIGHT,0.9076,1.4516,-0.6354,0.8198,-0.5285,0.7442,-0.0087,-0.1986,-0.2405,0.0747,1.014,-0.0213,1.5381,0.001032,-0.0264,0.0053
4.895,FLIGHT,0.9052,1.4551,-0.5231,0.7416,-0.4287,0.677,-0.0097,-0.1983,-0.2068,0.0682,1.0147,-0.0194,1.5391,0.000904,-0.0245,0.0049
4.9,FLIGHT,0.9033,1.4584,-0.424,0.6749,-0.3408,0.6198,-0.0105,-0.198,-0.1774,0.0624,1.0154,-0.0178,1.5402,0.000788,-0.0221,0.0044
4.905,FLIGHT,0.9018,1.4614,-0.3368,0.618,-0.2636,0.5711,-0.0112,-0.1977,-0.152,0.0573,1.0161,-0.0166,1.5412,0.000684,-0.0193,0.0039
4.91,FLIGHT,0.9007,1.4641,-0.2601,0.5696,-0.1959,0.5297,-0.0118,-0.1974,-0.1299,0.0527,1.0167,-0.0156,1.5422,0.000594,-0.0166,0.0033
4.915,FLIGHT,0.8998,1.4667,-0.1928,0.5284,-0.1364,0.4943,-0.0123,-0.1972,-0.1107,0.0486,1.0173,-0.0149,1.5432,0.000518,-0.0139,0.0028
4.92,FLIGHT,0.8993,1.4691,-0.1338,0.4932,-0.0844,0.4641,-0.0128,-0.197,-0.0941,0.0451,1.0179,-0.0144,1.5442,0.000455,-0.0114,0.0023
4.925,FLIGHT,0.899,1.4713,-0.0822,0.4631,-0.039,0.4382,-0.0132,-0.1968,-0.0796,0.042,1.0184,-0.0141,1.5451,0.000404,-0.0092,0.0018
4.93,FLIGHT,0.8989,1.4735,-0.037,0.4374,0.0007,0.416,-0.0135,-0.1966,-0.0671,0.0392,1.0189,-0.014,1.546,0.000363,-0.0073,0.0015
4.935,FLIGHT,0.899,1.4755,0.0023,0.4152,0.0351,0.3969,-0.0137,-0.1964,-0.0563,0.0369,1.0194,-0.014,1.547,0.00033,-0.0057,0.0011
4.94,FLIGHT,0.8992,1.4774,0.0365,0.3962,0.065,0.3803,-0.0139,-0.1963,-0.0469,0.0348,1.0199,-0.0142,1.5479,0.000305,-0.0044,0.0009
4.945,FLIGHT,0.8996,1.4793,0.0661,0.3797,0.0907,0.366,-0.0141,-0.1961,-0.0388,0.033,1.0203,-0.0144,1.5488,0.000286,-0.0033,0.0007
4.95,FLIGHT,0.9001,1.4811,0.0917,0.3654,0.1129,0.3535,-0.0143,-0.1959,-0.0318,0.0314,1.0207,-0.0148,1.5497,0.000272,-0.0025,0.0005
4.955,FLIGHT,0.9007,1.4828,0.1136,0.353,0.1318,0.3425,-0.0144,-0.1958,-0.0258,0.03,1.0211,-0.0152,1.5506,0.000261,-0.0018,0.0004
4.96,FLIGHT,0.9014,1.4845,0.1324,0.342,0.148,0.3329,-0.0145,-0.1956,-0.0206,0.0288,1.0214,-0.0157,1.5515,0.000253,-0.0013,0.0003
4.965,FLIGHT,0.9022,1.4862,0.1484,0.3324,0.1616,0.3243,-0.0145,-0.1955,-0.0162,0.0277,1.0218,-0.0162,1.5523,0.000248,-0.0009,0.0002
4.97,FLIGHT,0.9031,1.4878,0.162,0.3238,0.173,0.3166,-0.0146,-0.1954,-0.0124,0.0268,1.0221,-0.0167,1.5531,0.000244,-0.0006,0.0001
4.975,FLIGHT,0.9039,1.4893,0.1733,0.3161,0.1826,0.3096,-0.0146,-0.1953,-0.0091,0.0259,1.0223,-0.0173,1.5539,0.000242,-0.0004,0.0001
4.98,FLIGHT,0.9049,1.4909,0.1827,0.3092,0.1904,0.3033,-0.0147,-0.1951,-0.0063,0.0252,1.0226,-0.0179,1.5547,0.000241,-0.0002,0.0
4.985,FLIGHT,0.9058,1.4924,0.1905,0.3029,0.1967,0.2974,-0.0147,-0.195,-0.004,0.0245,1.0228,-0.0185,1.5555,0.00024,-0.0001,0.0
4.99,FLIGHT,0.9068,1.4938,0.1968,0.297,0.2018,0.292,-0.0147,-0.1949,-0.002,0.0239,1.023,-0.019,1.5562,0.00024,0.0,0.0
4.995,FLIGHT,0.9079,1.4953,0.2018,0.2916,0.2057,0.2869,-0.0147,-0.1948,-0.0003,0.0234,1.0232,-0.0196,1.5569,0.00024,0.0001,0.0
5.0,FLIGHT,0.9089,1.4967,0.2056,0.2866,0.2087,0.2822,-0.0147,-0.1947,0.0012,0.0229,1.0234,-0.0202,1.5576,0.00024,0.0001,0.0
5.005,FLIGHT,0.9099,1.4981,0.2085,0.2818,0.2108,0.2776,-0.0147,-0.1945,0.0024,0.0224,1.0235,-0.0208,1.5583,0.000241,0.0001,0.0
5.01,FLIGHT,0.911,1.4995,0.2106,0.2772,0.2121,0.2732,-0.0146,-0.1944,0.0034,0.022,1.0237,-0.0214,1.559,0.000242,0.0001,0.0
5.015,FLIGHT,0.9121,1.5008,0.212,0.2729,0.2129,0.269,-0.0146,-0.1943,0.0042,0.0216,1.0238,-0.0219,1.5596,0.000242,0.0001,0.0
5.02,FLIGHT,0.9131,1.5022,0.2127,0.2687,0.2131,0.265,-0.0146,-0.1942,0.0049,0.0212,1.0238,-0.0225,1.5603,0.000243,0.0001,0.0
5.025,FLIGHT,0.9142,1.5035,0.2128,0.2646,0.2128,0.261,-0.0146,-0.1941,0.0055,0.0209,1.0239,-0.023,1.5609,0.000243,0.0001,0.0
5.03,FLIGHT,0.9153,1.5048,0.2126,0.2606,0.2121,0.2571,-0.0145,-0.194,0.0059,0.0205,1.0239,-0.0235,1.5615,0.000244,0.0001,0.0
5.035,FLIGHT,0.9163,1.5061,0.2119,0.2567,0.2111,0.2533,-0.0145,-0.1939,0.0063,0.0202,1.0239,-0.0241,1.5621,0.000244,0.0001,0.0
5.04,FLIGHT,0.9174,1.5073,0.2108,0.2529,0.2098,0.2495,-0.0145,-0.1938,0.0066,0.0199,1.0239,-0.0246,1.5627,0.000245,0.0001,0.0
5.045,FLIGHT,0.9184,1.5085,0.2095,0.2492,0.2083,0.2458,-0.0144,-0.1937,0.0068,0.0196,1.0239,-0.0251,1.5632,0.000245,0.0001,0.0
5.05,FLIGHT,0.9195,1.5098,0.208,0.2455,0.2065,0.2422,-0.0144,-0.1936,0.007,0.0193,1.0238,-0.0256,1.5638,0.000245,0.0,0.0
5.055,FLIGHT,0.9205,1.511,0.2063,0.2418,0.2046,0.2386,-0.0144,-0.1935,0.0072,0.019,1.0238,-0.026,1.5643,0.000245,0.0,0.0
5.06,FLIGHT,0.9215,1.5122,0.2043,0.2382,0.2026,0.235,-0.0143,-0.1934,0.0073,0.0187,1.0237,-0.0265,1.5648,0.000246,0.0,0.0
5.065,FLIGHT,0.9225,1.5133,0.2023,0.2347,0.2004,0.2315,-0.0143,-0.1933,0.0073,0.0184,1.0235,-0.027,1.5654,0.000246,-0.0,0.0
5.07,FLIGHT,0.9235,1.5145,0.2001,0.2311,0.1982,0.228,-0.0142,-0.1933,0.0074,0.0181,1.0234,-0.0274,1.5659,0.000246,-0.0,0.0
5.075,FLIGHT,0.9245,1.5156,0.1979,0.2277,0.1958,0.2245,-0.0142,-0.1932,0.0074,0.0179,1.0232,-0.0278,1.5664,0.000245,-0.0,0.0
5.08,FLIGHT,0.9255,1.5167,0.1956,0.2242,0.1935,0.2211,-0.0142,-0.1931,0.0074,0.0176,1.0231,-0.0283,1.5668,0.000245,-0.0,0.0
5.085,FLIGHT,0.9264,1.5178,0.1932,0.2208,0.191,0.2177,-0.0141,-0.193,0.0074,0.0173,1.0228,-0.0287,1.5673,0.000245,-0.0,0.0
5.09,FLIGHT,0.9274,1.5189,0.1908,0.2174,0.1886,0.2144,-0.0141,-0.1929,0.0074,0.0171,1.0226,-0.0291,1.5678,0.000245,-0.0,0.0
5.095,FLIGHT,0.9283,1.52,0.1883,0.214,0.1861,0.2111,-0.0141,-0.1928,0.0074,0.0168,1.0224,-0.0295,1.5682,0.000245,-0.0,0.0
5.1,FLIGHT,0.9292,1.521,0.1859,0.2107,0.1837,0.2078,-0.014,-0.1927,0.0073,0.0166,1.0221,-0.0299,1.5687,0.000244,-0.0001,0.0
5.105,FLIGHT,0.9301,1.522,0.1834,0.2074,0.1812,0.2045,-0.014,-0.1927,0.0073,0.0163,1.0218,-0.0303,1.5691,0.000244,-0.0001,0.0
5.11,FLIGHT,0.931,1.523,0.1809,0.2042,0.1787,0.2013,-0.014,-0.1926,0.0072,0.0161,1.0215,-0.0307,1.5696,0.000244,-0.0001,0.0
5.115,FLIGHT,0.9319,1.524,0.1784,0.201,0.1762,0.1981,-0.0139,-0.1925,0.0072,0.0158,1.0212,-0.0311,1.57,0.000244,-0.0001,0.0
5.12,FLIGHT,0.9328,1.525,0.176,0.1978,0.1737,0.195,-0.0139,-0.1924,0.0071,0.0156,1.0208,-0.0314,1.5704,0.000243,-0.0001,0.0
5.125,FLIGHT,0.9337,1.526,0.1735,0.1947,0.1713,0.1919,-0.0138,-0.1924,0.007,0.0153,1.0205,-0.0318,1.5708,0.000243,-0.0001,0.0
5.13,FLIGHT,0.9345,1.5269,0.1711,0.1916,0.1689,0.1889,-0.0138,-0.1923,0.007,0.0151,1.0201,-0.0322,1.5712,0.000243,-0.0001,0.0
5.135,FLIGHT,0.9354,1.5279,0.1686,0.1886,0.1665,0.1858,-0.0138,-0.1922,0.0069,0.0148,1.0197,-0.0325,1.5716,0.000242,-0.0001,0.0
5.14,FLIGHT,0.9362,1.5288,0.1662,0.1855,0.1641,0.1829,-0.0137,-0.1921,0.0068,0.0146,1.0193,-0.0329,1.572,0.000242,-0.0001,0.0
5.145,FLIGHT,0.937,1.5297,0.1638,0.1826,0.1617,0.1799,-0.0137,-0.1921,0.0068,0.0144,1.0188,-0.0332,1.5724,0.000242,-0.0001,0.0
5.15,FLIGHT,0.9378,1.5306,0.1615,0.1796,0.1594,0.177,-0.0137,-0.192,0.0067,0.0142,1.0184,-0.0335,1.5728,0.000241,-0.0001,0.0
5.155,FLIGHT,0.9386,1.5315,0.1591,0.1768,0.1571,0.1742,-0.0136,-0.1919,0.0066,0.0139,1.0179,-0.0339,1.5732,0.000241,-0.0001,0.0
5.16,FLIGHT,0.9394,1.5323,0.1568,0.1739,0.1548,0.1714,-0.0136,-0.1919,0.0066,0.0137,1.0174,-0.0342,1.5735,0.000241,-0.0001,0.0
5.165,FLIGHT,0.9401,1.5332,0.1545,0.1711,0.1525,0.1686,-0.0136,-0.1918,0.0065,0.0135,1.0169,-0.0345,1.5739,0.00024,-0.0001,0.0
5.17,FLIGHT,0.9409,1.534,0.1523,0.1683,0.1503,0.1659,-0.0135,-0.1917,0.0064,0.0133,1.0163,-0.0349,1.5743,0.00024,-0.0001,0.0
5.175,FLIGHT,0.9416,1.5349,0.1501,0.1656,0.1481,0.1632,-0.0135,-0.1917,0.0064,0.0131,1.0158,-0.0352,1.5746,0.000239,-0.0001,0.0
5.18,FLIGHT,0.9424,1.5357,0.1478,0.1629,0.1459,0.1606,-0.0135,-0.1916,0.0063,0.0129,1.0152,-0.0355,1.575,0.000239,-0.0001,0.0
5.185,FLIGHT,0.9431,1.5365,0.1457,0.1603,0.1437,0.1579,-0.0135,-0.1915,0.0062,0.0127,1.0146,-0.0358,1.5753,0.000239,-0.0001,0.0
5.19,FLIGHT,0.9438,1.5372,0.1435,0.1577,0.1416,0.1554,-0.0134,-0.1915,0.0062,0.0124,1.014,-0.0361,1.5756,0.000238,-0.0001,0.0
5.195,FLIGHT,0.9445,1.538,0.1414,0.1551,0.1395,0.1529,-0.0134,-0.1914,0.0061,0.0123,1.0134,-0.0364,1.576,0.000238,-0.0001,0.0
5.2,FLIGHT,0.9452,1.5388,0.1393,0.1526,0.1374,0.1504,-0.0134,-0.1913,0.006,0.0121,1.0127,-0.0367,1.5763,0.000238,-0.0001,0.0
5.205,FLIGHT,0.9459,1.5395,0.1372,0.1502,0.1354,0.148,-0.0133,-0.1913,0.006,0.0119,1.0121,-0.037,1.5766,0.000237,-0.0001,0.0
5.21,FLIGHT,0.9466,1.5403,0.1352,0.1477,0.1334,0.1456,-0.0133,-0.1912,0.0059,0.0117,1.0114,-0.0373,1.5769,0.000237,-0.0001,0.0
5.215,FLIGHT,0.9472,1.541,0.1332,0.1453,0.1314,0.1432,-0.0133,-0.1912,0.0058,0.0115,1.0107,-0.0376,1.5772,0.000237,-0.0001,0.0
5.22,FLIGHT,0.9479,1.5417,0.1312,0.143,0.1294,0.1409,-0.0132,-0.1911,0.0058,0.0113,1.01,-0.0379,1.5775,0.000236,-0.0001,0.0
5.225,FLIGHT,0.9485,1.5424,0.1292,0.1407,0.1275,0.1386,-0.0132,-0.1911,0.0057,0.0111,1.0092,-0.0381,1.5778,0.000236,-0.0001,0.0
5.23,FLIGHT,0.9491,1.5431,0.1273,0.1384,0.1255,0.1364,-0.0132,-0.191,0.0056,0.0109,1.0085,-0.0384,1.5781,0.000236,-0.0001,0.0
5.235,FLIGHT,0.9498,1.5437,0.1253,0.1361,0.1236,0.1342,-0.0132,-0.191,0.0055,0.0108,1.0077,-0.0387,1.5784,0.000236,-0.0001,0.0
5.24,FLIGHT,0.9504,1.5444,0.1235,0.1339,0.1218,0.132,-0.0131,-0.1909,0.0055,0.0106,1.0069,-0.039,1.5787,0.000235,-0.0001,0.0
5.245,FLIGHT,0.951,1.5451,0.1216,0.1318,0.1199,0.1299,-0.0131,-0.1908,0.0054,0.0104,1.0061,-0.0392,1.579,0.000235,-0.0001,0.0
5.25,FLIGHT,0.9516,1.5457,0.1197,0.1297,0.1181,0.1278,-0.0131,-0.1908,0.0053,0.0103,1.0053,-0.0395,1.5793,0.000235,-0.0001,0.0
5.255,FLIGHT,0.9522,1.5463,0.1179,0.1276,0.1163,0.1257,-0.0131,-0.1907,0.0053,0.0101,1.0045,-0.0398,1.5796,0.000234,-0.0001,0.0
5.26,FLIGHT,0.9527,1.547,0.1161,0.1255,0.1145,0.1237,-0.013,-0.1907,0.0052,0.0099,1.0036,-0.04,1.5799,0.000234,-0.0001,0.0
5.265,FLIGHT,0.9533,1.5476,0.1143,0.1235,0.1127,0.1217,-0.013,-0.1907,0.0051,0.0098,1.0028,-0.0403,1.5801,0.000234,-0.0001,0.0
5.27,FLIGHT,0.9539,1.5482,0.1126,0.1215,0.111,0.1198,-0.013,-0.1906,0.005,0.0096,1.0019,-0.0406,1.5804,0.000234,-0.0001,0.0
5.275,FLIGHT,0.9544,1.5488,0.1108,0.1196,0.1093,0.1179,-0.013,-0.1906,0.005,0.0095,1.001,-0.0408,1.5807,0.000233,-0.0001,0.0
5.28,STANCE,0.955,1.5494,0.1214,0.134,0.2095,0.2514,-0.0129,-0.1905,0.005,0.0107,1.0001,0.1923,-0.1104,0.000164,-0.1138,0.0228
5.285,STANCE,0.9583,1.5492,0.5366,-0.0302,1.0702,-0.4284,-0.0123,-0.1906,0.1063,-0.0093,0.9994,-0.0569,-0.6463,-0.001084,-0.3297,0.067
5.29,STANCE,0.9653,1.5448,1.1491,-0.6541,1.6732,-1.3216,-0.0103,-0.191,0.3087,-0.0703,0.9985,-0.5679,-0.9775,-0.002856,-0.3667,0.0762
5.295,STANCE,0.9732,1.5368,1.3975,-1.2756,0.8967,-1.047,-0.0077,-0.1918,0.4438,-0.1219,0.9976,-1.0531,-1.1873,-0.00441,-0.1693,0.0383
5.3,STANCE,0.9752,1.5343,0.6781,-0.7202,0.174,-0.3067,-0.007,-0.1921,0.2298,-0.067,0.9977,-1.1025,-1.7833,-0.004667,0.0251,0.0047
5.305,STANCE,0.9765,1.5318,0.4168,-0.5999,0.3851,-0.8624,-0.0064,-0.1923,0.1633,-0.0542,0.998,-1.2737,-2.0454,-0.004388,0.0839,0.0044
5.31,STANCE,0.9779,1.5232,0.3465,-1.3778,0.5443,-1.6819,-0.0049,-0.193,0.2589,-0.1182,0.998,-1.4643,-1.7134,-0.003752,0.0422,0.0038
5.315,STANCE,0.9808,1.5119,0.4717,-2.0839,0.1912,-3.275,-0.0028,-0.194,0.3844,-0.1734,0.9979,-1.6401,-1.2019,-0.004438,-0.0634,0.0171
5.32,STANCE,0.983,1.4991,0.4613,-2.3466,0.2921,-2.6226,-0.0006,-0.195,0.4227,-0.1891,0.9979,-1.6122,-0.7217,-0.004895,-0.033,0.0115
5.325,STANCE,0.9833,1.4847,0.1978,-2.6882,0.1747,-2.5753,0.0015,-0.1962,0.4231,-0.2103,0.9978,-1.3197,-0.1189,-0.004741,0.016,0.0047
5.33,STANCE,0.9829,1.4706,-0.0237,-2.8075,-0.3309,-3.0286,0.0035,-0.1973,0.3996,-0.2145,0.9977,-0.9052,0.4197,-0.00494,-0.0776,0.0205
5.335,STANCE,0.9805,1.4552,-0.3372,-2.976,-0.5817,-3.0519,0.0052,-0.1984,0.3646,-0.2235,0.9976,-0.37,0.949,-0.00558,-0.1589,0.0374
5.34,STANCE,0.978,1.4411,-0.4274,-2.8414,-0.3995,-2.6015,0.0068,-0.1995,0.3291,-0.2098,0.9976,0.0637,1.2617,-0.006304,-0.1332,0.033
5.345,STANCE,0.9763,1.4288,-0.358,-2.564,-0.2473,-2.2979,0.0083,-0.2004,0.3042,-0.1857,0.9978,0.2929,1.3628,-0.00687,-0.0991,0.0267
5.35,STANCE,0.9757,1.4181,-0.1865,-2.2586,-0.0058,-1.9922,0.0097,-0.2011,0.2952,-0.1594,0.9981,0.2534,1.2852,-0.007324,-0.082,0.0237
5.355,STANCE,0.9761,1.4087,0.0105,-1.9959,0.1734,-1.7966,0.0112,-0.2018,0.2975,-0.1363,0.9985,0.1735,1.2037,-0.007671,-0.0552,0.0187
5.36,STANCE,0.9773,1.4,0.1667,-1.8146,0.2821,-1.6867,0.0127,-0.2024,0.3035,-0.1192,0.9989,0.1081,1.1529,-0.007862,-0.0205,0.012
5.365,STANCE,0.9788,1.3917,0.2691,-1.7018,0.3387,-1.6235,0.0143,-0.2029,0.3087,-0.1075,0.9994,0.0632,1.1284,-0.007873,0.0163,0.0079
5.37,STANCE,0.9806,1.3837,0.3267,-1.6311,0.3623,-1.5796,0.0158,-0.2034,0.311,-0.0991,0.9999,0.0358,1.1201,-0.007702,0.0513,0.0077
5.375,STANCE,0.9824,1.3759,0.3534,-1.5809,0.3674,-1.5406,0.0174,-0.2038,0.31,-0.0927,1.0003,0.0205,1.1195,-0.007367,0.0819,0.0074
5.38,STANCE,0.9843,1.3683,0.3615,-1.538,0.3633,-1.5007,0.0189,-0.2043,0.3063,-0.0871,1.0008,0.0127,1.1214,-0.006891,0.1074,0.0069
5.385,STANCE,0.9861,1.3609,0.3598,-1.4965,0.3556,-1.4592,0.0204,-0.2047,0.3007,-0.082,1.0012,0.0089,1.1233,-0.006301,0.1278,0.0063
5.39,STANCE,0.9878,1.3537,0.3536,-1.4545,0.3471,-1.4167,0.0218,-0.2051,0.2939,-0.0771,1.0017,0.007,1.1245,-0.005621,0.1435,0.0056
5.395,FLIGHT,0.9895,1.3467,0.3458,-1.4122,0.3387,-1.3744,0.0232,-0.2054,0.2867,-0.0725,1.0021,-1.4457,2.6204,-0.004873,0.1551,0.0049
5.4,FLIGHT,0.9895,1.3422,0.0578,-0.9974,-0.4869,-0.2504,0.0239,-0.2057,0.1645,-0.0548,1.0027,-1.3971,2.576,-0.003976,0.2113,0.004
5.405,FLIGHT,0.9849,1.3438,-0.6512,-0.0402,-1.3088,0.8402,0.0227,-0.2057,-0.1278,-0.0171,1.0035,-1.1212,2.3567,-0.002797,0.2551,0.0028
5.41,FLIGHT,0.977,1.3499,-1.3124,0.8473,-1.8169,1.5302,0.0202,-0.2055,-0.3984,0.0238,1.0046,-0.8071,2.1102,-0.001474,0.27,0.0015
5.415,FLIGHT,0.9672,1.3586,-1.7554,1.4612,-2.044,1.8783,0.0169,-0.2052,-0.5804,0.0612,1.0058,-0.5422,1.9037,-0.000136,0.2622,0.0001
5.42,FLIGHT,0.9569,1.3683,-1.9655,1.7952,-2.0614,1.9862,0.0133,-0.2047,-0.6706,0.0909,1.007,-0.3494,1.7545,0.000961,0.167,0.0
5.425,FLIGHT,0.9468,1.3782,-1.9926,1.9127,-1.9549,1.9429,0.0098,-0.2042,-0.6901,0.1109,1.0081,-0.2206,1.6564,0.001585,0.0879,0.0
5.43,FLIGHT,0.9375,1.3876,-1.9015,1.8864,-1.7836,1.818,0.0065,-0.2036,-0.664,0.1215,1.0093,-0.1395,1.5964,0.001885,0.036,0.0
5.435,FLIGHT,0.929,1.3963,-1.7443,1.778,-1.5861,1.6586,0.0035,-0.203,-0.6129,0.1245,1.0103,-0.0905,1.5621,0.001976,0.0029,0.0
5.44,FLIGHT,0.9216,1.4042,-1.5579,1.6316,-1.3855,1.4928,0.0008,-0.2024,-0.551,0.1221,1.0113,-0.0617,1.5439,0.001936,-0.0171,0.0034
5.445,FLIGHT,0.9152,1.4112,-1.3652,1.4749,-1.1945,1.3354,-0.0015,-0.2019,-0.4871,0.1165,1.0123,-0.045,1.5351,0.00182,-0.0282,0.0056
5.45,FLIGHT,0.9096,1.4175,-1.1797,1.3237,-1.019,1.1935,-0.0035,-0.2014,-0.4261,0.1091,1.0132,-0.035,1.5316,0.001664,-0.0334,0.0067
5.455,FLIGHT,0.905,1.4232,-1.0078,1.1856,-0.861,1.0689,-0.0053,-0.2009,-0.3704,0.101,1.014,-0.0288,1.5307,0.001492,-0.0349,0.007
5.46,FLIGHT,0.901,1.4283,-0.8522,1.0635,-0.7203,0.9614,-0.0068,-0.2005,-0.3207,0.093,1.0148,-0.0245,1.531,0.001319,-0.034,0.0068
5.465,FLIGHT,0.8977,1.4328,-0.713,0.9574,-0.5956,0.8693,-0.0081,-0.2001,-0.2769,0.0853,1.0155,-0.0214,1.5319,0.001154,-0.0317,0.0063
5.47,FLIGHT,0.895,1.437,-0.5895,0.8662,-0.4856,0.7907,-0.0092,-0.1997,-0.2387,0.0782,1.0162,-0.0189,1.5329,0.001003,-0.0288,0.0058
5.475,FLIGHT,0.8928,1.4408,-0.4803,0.7882,-0.3885,0.7237,-0.0101,-0.1994,-0.2054,0.0718,1.0169,-0.0169,1.5339,0.000867,-0.0255,0.0051
5.48,FLIGHT,0.8911,1.4442,-0.384,0.7216,-0.3031,0.6666,-0.011,-0.199,-0.1765,0.066,1.0175,-0.0153,1.535,0.000748,-0.0222,0.0044
5.485,FLIGHT,0.8898,1.4474,-0.2991,0.6648,-0.2279,0.6178,-0.0117,-0.1988,-0.1514,0.0608,1.0181,-0.0139,1.536,0.000645,-0.0189,0.0038
5.49,FLIGHT,0.8888,1.4504,-0.2244,0.6162,-0.1617,0.576,-0.0123,-0.1985,-0.1296,0.0562,1.0186,-0.0129,1.537,0.000558,-0.0158,0.0032
5.495,FLIGHT,0.8882,1.4532,-0.1588,0.5746,-0.1037,0.5401,-0.0128,-0.1982,-0.1106,0.0522,1.0191,-0.0121,1.538,0.000486,-0.013,0.0026
5.5,FLIGHT,0.8878,1.4558,-0.1011,0.5389,-0.0528,0.5093,-0.0132,-0.198,-0.0941,0.0486,1.0196,-0.0115,1.539,0.000428,-0.0104,0.0021
5.505,FLIGHT,0.8876,1.4583,-0.0506,0.5082,-0.0084,0.4828,-0.0136,-0.1978,-0.0797,0.0454,1.0201,-0.0112,1.54,0.000382,-0.0082,0.0016
5.51,FLIGHT,0.8877,1.4607,-0.0065,0.4818,0.0304,0.4598,-0.0139,-0.1976,-0.0673,0.0427,1.0205,-0.0111,1.541,0.000345,-0.0064,0.0013
5.515,FLIGHT,0.8879,1.4629,0.032,0.459,0.0641,0.44,-0.0142,-0.1974,-0.0565,0.0402,1.0209,-0.0111,1.542,0.000317,-0.0049,0.001
5.52,FLIGHT,0.8883,1.4651,0.0655,0.4392,0.0933,0.4227,-0.0144,-0.1972,-0.0471,0.0381,1.0212,-0.0112,1.543,0.000295,-0.0037,0.0007
5.525,FLIGHT,0.8889,1.4671,0.0944,0.422,0.1185,0.4076,-0.0146,-0.197,-0.039,0.0362,1.0216,-0.0115,1.544,0.000279,-0.0028,0.0006
5.53,FLIGHT,0.8895,1.4691,0.1194,0.4069,0.1402,0.3943,-0.0147,-0.1968,-0.032,0.0346,1.0219,-0.0118,1.5449,0.000267,-0.002,0.0004
5.535,FLIGHT,0.8902,1.4711,0.1409,0.3937,0.1587,0.3826,-0.0148,-0.1967,-0.0259,0.0331,1.0222,-0.0123,1.5459,0.000259,-0.0014,0.0003
5.54,FLIGHT,0.8911,1.473,0.1593,0.382,0.1744,0.3722,-0.0149,-0.1965,-0.0207,0.0319,1.0225,-0.0127,1.5468,0.000253,-0.001,0.0002
5.545,FLIGHT,0.892,1.4748,0.1748,0.3717,0.1877,0.3629,-0.015,-0.1964,-0.0162,0.0307,1.0227,-0.0133,1.5477,0.000249,-0.0006,0.0001
5.55,FLIGHT,0.893,1.4766,0.188,0.3624,0.1987,0.3545,-0.0151,-0.1962,-0.0124,0.0297,1.0229,-0.0138,1.5486,0.000246,-0.0004,0.0001
5.555,FLIGHT,0.894,1.4784,0.199,0.354,0.2079,0.3468,-0.0151,-0.1961,-0.0091,0.0288,1.0231,-0.0144,1.5495,0.000245,-0.0002,0.0
5.56,FLIGHT,0.895,1.4801,0.2081,0.3463,0.2154,0.3398,-0.0151,-0.196,-0.0063,0.028,1.0233,-0.015,1.5503,0.000244,-0.0001,0.0
5.565,FLIGHT,0.8961,1.4818,0.2155,0.3393,0.2215,0.3333,-0.0151,-0.1958,-0.0039,0.0273,1.0235,-0.0156,1.5512,0.000244,0.0,0.0
5.57,FLIGHT,0.8972,1.4834,0.2215,0.3328,0.2262,0.3272,-0.0151,-0.1957,-0.0019,0.0267,1.0236,-0.0162,1.552,0.000245,0.0001,0.0
5.575,FLIGHT,0.8984,1.485,0.2262,0.3268,0.2299,0.3215,-0.0151,-0.1956,-0.0001,0.0261,1.0237,-0.0168,1.5528,0.000245,0.0001,0.0
5.58,FLIGHT,0.8995,1.4866,0.2298,0.3211,0.2326,0.3161,-0.0151,-0.1954,0.0013,0.0255,1.0238,-0.0175,1.5536,0.000246,0.0001,0.0
5.585,FLIGHT,0.9007,1.4882,0.2324,0.3157,0.2344,0.311,-0.0151,-0.1953,0.0026,0.025,1.0239,-0.0181,1.5543,0.000247,0.0002,0.0
5.59,FLIGHT,0.9019,1.4897,0.2342,0.3106,0.2355,0.3061,-0.0151,-0.1952,0.0036,0.0245,1.0239,-0.0187,1.5551,0.000247,0.0001,0.0
5.595,FLIGHT,0.9031,1.4913,0.2353,0.3056,0.2359,0.3013,-0.0151,-0.1951,0.0044,0.0241,1.0239,-0.0193,1.5558,0.000248,0.0001,0.0
5.6,FLIGHT,0.9042,1.4927,0.2357,0.3009,0.2359,0.2967,-0.015,-0.1949,0.0052,0.0237,1.0239,-0.0199,1.5565,0.000249,0.0001,0.0
5.605,FLIGHT,0.9054,1.4942,0.2356,0.2962,0.2353,0.2921,-0.015,-0.1948,0.0057,0.0233,1.0239,-0.0204,1.5572,0.000249,0.0001,0.0
5.61,FLIGHT,0.9066,1.4957,0.2351,0.2917,0.2344,0.2877,-0.015,-0.1947,0.0062,0.0229,1.0239,-0.021,1.5578,0.00025,0.0001,0.0
5.615,FLIGHT,0.9078,1.4971,0.2341,0.2873,0.2331,0.2834,-0.0149,-0.1946,0.0066,0.0225,1.0238,-0.0216,1.5585,0.00025,0.0001,0.0
5.62,FLIGHT,0.9089,1.4985,0.2328,0.283,0.2315,0.2792,-0.0149,-0.1945,0.0069,0.0222,1.0237,-0.0221,1.5591,0.000251,0.0001,0.0
5.625,FLIGHT,0.9101,1.4999,0.2312,0.2788,0.2297,0.275,-0.0149,-0.1944,0.0072,0.0218,1.0236,-0.0226,1.5598,0.000251,0.0,0.0
5.63,FLIGHT,0.9112,1.5013,0.2294,0.2746,0.2277,0.2709,-0.0148,-0.1943,0.0074,0.0215,1.0235,-0.0232,1.5604,0.000251,0.0,0.0
5.635,FLIGHT,0.9124,1.5026,0.2274,0.2705,0.2255,0.2668,-0.0148,-0.1942,0.0075,0.0212,1.0233,-0.0237,1.561,0.000251,0.0,0.0
5.64,FLIGHT,0.9135,1.5039,0.2252,0.2664,0.2232,0.2628,-0.0148,-0.1941,0.0076,0.0209,1.0231,-0.0242,1.5616,0.000251,-0.0,0.0
5.645,FLIGHT,0.9146,1.5052,0.2229,0.2624,0.2208,0.2588,-0.0147,-0.194,0.0077,0.0205,1.023,-0.0247,1.5621,0.000251,-0.0,0.0
5.65,FLIGHT,0.9157,1.5065,0.2205,0.2584,0.2182,0.2549,-0.0147,-0.1939,0.0078,0.0202,1.0227,-0.0252,1.5627,0.000251,-0.0,0.0
5.655,FLIGHT,0.9168,1.5078,0.2179,0.2545,0.2156,0.251,-0.0146,-0.1938,0.0078,0.0199,1.0225,-0.0257,1.5633,0.000251,-0.0,0.0
5.66,FLIGHT,0.9178,1.509,0.2153,0.2506,0.213,0.2472,-0.0146,-0.1937,0.0078,0.0196,1.0223,-0.0261,1.5638,0.000251,-0.0,0.0
5.665,FLIGHT,0.9189,1.5102,0.2127,0.2468,0.2103,0.2434,-0.0146,-0.1936,0.0078,0.0193,1.022,-0.0266,1.5643,0.00025,-0.0,0.0
5.67,FLIGHT,0.9199,1.5115,0.21,0.243,0.2076,0.2396,-0.0145,-0.1935,0.0077,0.019,1.0217,-0.027,1.5649,0.00025,-0.0001,0.0
5.675,FLIGHT,0.921,1.5126,0.2073,0.2392,0.2048,0.2359,-0.0145,-0.1934,0.0077,0.0187,1.0214,-0.0275,1.5654,0.00025,-0.0001,0.0
5.68,FLIGHT,0.922,1.5138,0.2045,0.2355,0.2021,0.2322,-0.0144,-0.1933,0.0077,0.0185,1.021,-0.0279,1.5659,0.00025,-0.0001,0.0
5.685,FLIGHT,0.923,1.515,0.2018,0.2318,0.1993,0.2286,-0.0144,-0.1932,0.0076,0.0182,1.0207,-0.0283,1.5664,0.000249,-0.0001,0.0
5.69,FLIGHT,0.924,1.5161,0.199,0.2282,0.1966,0.225,-0.0144,-0.1931,0.0076,0.0179,1.0203,-0.0288,1.5669,0.000249,-0.0001,0.0
5.695,FLIGHT,0.925,1.5172,0.1963,0.2246,0.1938,0.2214,-0.0143,-0.193,0.0075,0.0176,1.0199,-0.0292,1.5673,0.000249,-0.0001,0.0
5.7,FLIGHT,0.9259,1.5183,0.1935,0.2211,0.1911,0.2179,-0.0143,-0.1929,0.0074,0.0174,1.0195,-0.0296,1.5678,0.000248,-0.0001,0.0
5.705,FLIGHT,0.9269,1.5194,0.1908,0.2176,0.1884,0.2145,-0.0143,-0.1929,0.0074,0.0171,1.0191,-0.03,1.5683,0.000248,-0.0001,0.0
5.71,FLIGHT,0.9278,1.5205,0.1881,0.2141,0.1857,0.2111,-0.0142,-0.1928,0.0073,0.0168,1.0186,-0.0304,1.5687,0.000247,-0.0001,0.0
5.715,FLIGHT,0.9287,1.5215,0.1854,0.2107,0.183,0.2077,-0.0142,-0.1927,0.0072,0.0166,1.0182,-0.0308,1.5692,0.000247,-0.0001,0.0
5.72,FLIGHT,0.9296,1.5225,0.1827,0.2074,0.1804,0.2044,-0.0142,-0.1926,0.0072,0.0163,1.0177,-0.0312,1.5696,0.000247,-0.0001,0.0
5.725,FLIGHT,0.9305,1.5236,0.1801,0.2041,0.1777,0.2011,-0.0141,-0.1925,0.0071,0.016,1.0172,-0.0315,1.57,0.000246,-0.0001,0.0
5.73,FLIGHT,0.9314,1.5245,0.1775,0.2008,0.1751,0.1979,-0.0141,-0.1925,0.007,0.0158,1.0166,-0.0319,1.5705,0.000246,-0.0001,0.0
5.735,FLIGHT,0.9323,1.5255,0.1749,0.1976,0.1726,0.1947,-0.014,-0.1924,0.0069,0.0155,1.0161,-0.0323,1.5709,0.000245,-0.0001,0.0
5.74,FLIGHT,0.9331,1.5265,0.1723,0.1944,0.17,0.1916,-0.014,-0.1923,0.0069,0.0153,1.0155,-0.0326,1.5713,0.000245,-0.0001,0.0
5.745,FLIGHT,0.934,1.5274,0.1698,0.1913,0.1675,0.1885,-0.014,-0.1922,0.0068,0.0151,1.0149,-0.033,1.5717,0.000245,-0.0001,0.0
5.75,FLIGHT,0.9348,1.5284,0.1673,0.1882,0.165,0.1854,-0.0139,-0.1922,0.0067,0.0148,1.0143,-0.0334,1.5721,0.000244,-0.0001,0.0
5.755,FLIGHT,0.9356,1.5293,0.1648,0.1851,0.1626,0.1824,-0.0139,-0.1921,0.0066,0.0146,1.0137,-0.0337,1.5725,0.000244,-0.0001,0.0
5.76,FLIGHT,0.9364,1.5302,0.1623,0.1821,0.1602,0.1795,-0.0139,-0.192,0.0066,0.0144,1.0131,-0.0341,1.5729,0.000243,-0.0001,0.0
5.765,FLIGHT,0.9372,1.5311,0.1599,0.1792,0.1578,0.1766,-0.0138,-0.1919,0.0065,0.0141,1.0124,-0.0344,1.5733,0.000243,-0.0001,0.0
5.77,FLIGHT,0.938,1.532,0.1575,0.1763,0.1554,0.1737,-0.0138,-0.1919,0.0064,0.0139,1.0118,-0.0347,1.5736,0.000243,-0.0001,0.0
5.775,FLIGHT,0.9388,1.5328,0.1552,0.1735,0.1531,0.1709,-0.0138,-0.1918,0.0063,0.0137,1.0111,-0.0351,1.574,0.000242,-0.0001,0.0
5.78,FLIGHT,0.9396,1.5337,0.1528,0.1706,0.1508,0.1681,-0.0138,-0.1917,0.0063,0.0135,1.0104,-0.0354,1.5744,0.000242,-0.0001,0.0
5.785,FLIGHT,0.9403,1.5345,0.1505,0.1679,0.1485,0.1654,-0.0137,-0.1917,0.0062,0.0133,1.0097,-0.0357,1.5747,0.000241,-0.0001,0.0
5.79,FLIGHT,0.941,1.5353,0.1483,0.1652,0.1463,0.1627,-0.0137,-0.1916,0.0061,0.013,1.0089,-0.036,1.5751,0.000241,-0.0001,0.0
5.795,FLIGHT,0.9418,1.5361,0.146,0.1625,0.144,0.1601,-0.0137,-0.1915,0.006,0.0128,1.0082,-0.0364,1.5754,0.000241,-0.0001,0.0
5.8,FLIGHT,0.9425,1.5369,0.1438,0.1599,0.1418,0.1575,-0.0136,-0.1915,0.0059,0.0126,1.0074,-0.0367,1.5758,0.00024,-0.0001,0.0
5.805,FLIGHT,0.9432,1.5377,0.1416,0.1573,0.1397,0.155,-0.0136,-0.1914,0.0059,0.0124,1.0066,-0.037,1.5761,0.00024,-0.0001,0.0
5.81,FLIGHT,0.9439,1.5385,0.1395,0.1547,0.1375,0.1525,-0.0136,-0.1914,0.0058,0.0122,1.0058,-0.0373,1.5764,0.00024,-0.0001,0.0
5.815,FLIGHT,0.9446,1.5392,0.1373,0.1522,0.1354,0.15,-0.0135,-0.1913,0.0057,0.012,1.005,-0.0376,1.5768,0.000239,-0.0001,0.0
5.82,FLIGHT,0.9452,1.54,0.1352,0.1498,0.1334,0.1476,-0.0135,-0.1912,0.0056,0.0119,1.0042,-0.0379,1.5771,0.000239,-0.0001,0.0
5.825,FLIGHT,0.9459,1.5407,0.1332,0.1473,0.1313,0.1452,-0.0135,-0.1912,0.0056,0.0117,1.0033,-0.0382,1.5774,0.000239,-0.0001,0.0
5.83,FLIGHT,0.9465,1.5414,0.1311,0.145,0.1293,0.1429,-0.0135,-0.1911,0.0055,0.0115,1.0024,-0.0385,1.5777,0.000238,-0.0001,0.0
5.835,FLIGHT,0.9472,1.5421,0.1291,0.1426,0.1273,0.1406,-0.0134,-0.1911,0.0054,0.0113,1.0016,-0.0388,1.578,0.000238,-0.0001,0.0
5.84,FLIGHT,0.9478,1.5428,0.1271,0.1403,0.1253,0.1383,-0.0134,-0.191,0.0053,0.0111,1.0007,-0.0391,1.5783,0.000238,-0.0001,0.0
5.845,STANCE,0.9492,1.5438,0.2604,0.1824,0.6107,0.071,-0.0133,-0.1909,0.0251,0.0132,0.9999,0.147,-0.35,-0.000384,-0.2919,0.0588
5.85,STANCE,0.9539,1.5417,0.7413,-0.3012,1.0578,-1.1686,-0.0121,-0.1912,0.1826,-0.0362,0.9989,-0.2035,-0.7653,-0.002314,-0.3672,0.0758
5.855,STANCE,0.9601,1.5332,1.1079,-1.3022,1.2324,-2.1452,-0.0097,-0.192,0.3911,-0.1259,0.9976,-0.668,-0.8968,-0.004533,-0.4428,0.0931
5.86,STANCE,0.9625,1.5288,0.6144,-0.9018,0.055,-0.1387,-0.0087,-0.1924,0.2423,-0.0842,0.9974,-0.8132,-1.5081,-0.005786,-0.1215,0.0301
5.865,STANCE,0.9629,1.5281,0.2615,-0.3984,0.2071,-0.3268,-0.0085,-0.1925,0.1052,-0.037,0.9977,-0.9596,-2.0503,-0.006103,-0.0231,0.0107
5.87,STANCE,0.9646,1.5238,0.3322,-0.7991,0.2488,-1.9469,-0.0076,-0.1929,0.1745,-0.0716,0.9979,-1.2382,-2.0195,-0.006022,0.1087,0.006
5.875,STANCE,0.9667,1.5132,0.4215,-1.6447,0.6847,-1.862,-0.0057,-0.1938,0.3107,-0.1418,0.9979,-1.4639,-1.5674,-0.005437,0.0906,0.0054
5.88,STANCE,0.9687,1.5001,0.4146,-2.3218,0.6114,-2.3396,-0.0035,-0.1949,0.4071,-0.1932,0.9978,-1.5349,-0.9945,-0.004581,0.1285,0.0046
5.885,STANCE,0.9721,1.4882,0.5691,-2.4162,0.3447,-2.9492,-0.0011,-0.1959,0.4541,-0.195,0.998,-1.5246,-0.5343,-0.004759,-0.02,0.0088
5.89,STANCE,0.9724,1.4718,0.2169,-2.9961,-0.1133,-3.3832,0.0013,-0.1972,0.4715,-0.2336,0.9977,-1.1578,0.2029,-0.005051,-0.1446,0.034
5.895,STANCE,0.9709,1.4547,-0.1329,-3.2452,-0.0093,-2.7814,0.0034,-0.1985,0.4419,-0.2466,0.9976,-0.6635,0.8067,-0.005668,-0.2235,0.0504
5.9,STANCE,0.9698,1.4407,-0.2055,-2.9538,-0.3586,-2.7951,0.0052,-0.1996,0.3881,-0.2195,0.9976,-0.2269,1.1218,-0.006438,-0.0977,0.026
5.905,STANCE,0.9679,1.4272,-0.3324,-2.7586,-0.377,-2.5442,0.0068,-0.2006,0.3364,-0.2017,0.9977,0.1782,1.3565,-0.006771,-0.0458,0.0159
5.91,STANCE,0.9664,1.4154,-0.2846,-2.4678,-0.1628,-2.1733,0.0082,-0.2014,0.3051,-0.177,0.998,0.3157,1.3755,-0.00697,-0.0374,0.0145
5.915,STANCE,0.9663,1.4054,-0.104,-2.1435,0.0767,-1.8743,0.0097,-0.2021,0.2953,-0.1496,0.9984,0.2439,1.2709,-0.007146,-0.0308,0.0133
5.92,STANCE,0.9671,1.3965,0.0871,-1.8871,0.2414,-1.6991,0.0112,-0.2027,0.2974,-0.1271,0.9988,0.1654,1.1906,-0.007255,-0.0109,0.0094
5.925,STANCE,0.9686,1.3883,0.2327,-1.7199,0.3385,-1.6048,0.0127,-0.2033,0.3033,-0.1113,0.9993,0.1035,1.1443,-0.007241,0.0172,0.0072
5.93,STANCE,0.9704,1.3804,0.3253,-1.6198,0.387,-1.5513,0.0142,-0.2037,0.3084,-0.1006,0.9998,0.0619,1.124,-0.007079,0.0477,0.0071
5.935,STANCE,0.9724,1.3727,0.3753,-1.558,0.4054,-1.5127,0.0158,-0.2042,0.3105,-0.0931,1.0003,0.0369,1.1184,-0.006766,0.0766,0.0068
5.94,STANCE,0.9744,1.3652,0.3969,-1.5131,0.4072,-1.4764,0.0173,-0.2046,0.3093,-0.0871,1.0008,0.0232,1.1191,-0.006318,0.1018,0.0063
5.945,STANCE,0.9764,1.358,0.4016,-1.4734,0.4011,-1.4384,0.0188,-0.2051,0.3053,-0.0819,1.0013,0.0162,1.1215,-0.005756,0.1224,0.0058
5.95,STANCE,0.9784,1.3509,0.3977,-1.434,0.392,-1.3983,0.0203,-0.2054,0.2994,-0.077,1.0018,0.0129,1.1234,-0.005102,0.1385,0.0051
5.955,FLIGHT,0.9795,1.3451,0.2391,-1.1864,-0.1726,-0.5986,0.0214,-0.2058,0.2298,-0.064,1.0023,-1.2694,2.4833,-0.004328,0.1826,0.0043
5.96,FLIGHT,0.9766,1.345,-0.3637,-0.3451,-0.9598,0.4773,0.0208,-0.2058,-0.0224,-0.0278,1.0032,-1.0493,2.3065,-0.003288,0.2292,0.0033
5.965,FLIGHT,0.9704,1.3493,-0.9838,0.5114,-1.4721,1.1912,0.0189,-0.2057,-0.2798,0.0122,1.0042,-0.7665,2.0839,-0.002081,0.2493,0.0021
5.97,FLIGHT,0.9623,1.3563,-1.4243,1.1387,-1.7219,1.5795,0.0162,-0.2054,-0.464,0.0482,1.0053,-0.5177,1.8897,-0.000832,0.2474,0.0008
5.975,FLIGHT,0.9535,1.3647,-1.6536,1.5054,-1.7715,1.73,0.0131,-0.205,-0.5639,0.0764,1.0065,-0.3315,1.7459,0.000338,0.199,0.0
5.98,FLIGHT,0.9448,1.3734,-1.7065,1.6625,-1.6925,1.7289,0.0101,-0.2045,-0.5955,0.0955,1.0077,-0.206,1.6503,0.001107,0.1132,0.0
5.985,FLIGHT,0.9367,1.3818,-1.6417,1.6758,-1.547,1.6418,0.0071,-0.204,-0.5815,0.1059,1.0088,-0.1264,1.5914,0.001518,0.0553,0.0
5.99,FLIGHT,0.9294,1.3897,-1.5095,1.6038,-1.3727,1.5151,0.0045,-0.2035,-0.5414,0.1094,1.0099,-0.0782,1.5575,0.001694,0.0178,0.0
5.995,FLIGHT,0.923,1.397,-1.3459,1.4893,-1.193,1.3771,0.0021,-0.203,-0.4892,0.1079,1.0109,-0.0501,1.5396,0.001719,-0.0057,0.0011
6.0,FLIGHT,0.9174,1.4035,-1.1738,1.3602,-1.0205,1.2434,0.0001,-0.2025,-0.4337,0.1035,1.0119,-0.034,1.5311,0.001653,-0.0194,0.0039
6.005,FLIGHT,0.9127,1.4094,-1.0067,1.2324,-0.8616,1.1214,-0.0017,-0.202,-0.38,0.0975,1.0128,-0.0247,1.5277,0.001536,-0.0267,0.0053
6.01,FLIGHT,0.9088,1.4147,-0.8512,1.1142,-0.7184,1.0139,-0.0033,-0.2016,-0.3305,0.0908,1.0137,-0.0192,1.5269,0.001393,-0.0297,0.0059
6.015,FLIGHT,0.9055,1.4196,-0.7103,1.0089,-0.5909,0.9207,-0.0046,-0.2012,-0.2861,0.0842,1.0145,-0.0156,1.5274,0.001243,-0.03,0.006
6.02,FLIGHT,0.9029,1.424,-0.5844,0.9171,-0.4782,0.8407,-0.0058,-0.2008,-0.247,0.0778,1.0153,-0.013,1.5285,0.001096,-0.0286,0.0057
6.025,FLIGHT,0.9007,1.428,-0.4728,0.8379,-0.379,0.7724,-0.0068,-0.2005,-0.2128,0.0719,1.016,-0.0111,1.5296,0.000958,-0.0264,0.0053
6.03,FLIGHT,0.8991,1.4317,-0.3743,0.7701,-0.2916,0.714,-0.0076,-0.2002,-0.1831,0.0666,1.0167,-0.0095,1.5308,0.000833,-0.0236,0.0047
6.035,FLIGHT,0.8978,1.4352,-0.2876,0.7121,-0.2149,0.6641,-0.0084,-0.1999,-0.1572,0.0618,1.0173,-0.0083,1.532,0.000722,-0.0207,0.0041
6.04,FLIGHT,0.8969,1.4384,-0.2115,0.6624,-0.1476,0.6213,-0.009,-0.1996,-0.1347,0.0576,1.018,-0.0073,1.5331,0.000626,-0.0177,0.0035
6.045,FLIGHT,0.8963,1.4414,-0.1446,0.6199,-0.0886,0.5846,-0.0095,-0.1993,-0.1152,0.0538,1.0185,-0.0066,1.5342,0.000545,-0.0149,0.003
6.05,FLIGHT,0.896,1.4442,-0.086,0.5833,-0.0369,0.5529,-0.01,-0.1991,-0.0983,0.0504,1.0191,-0.0061,1.5353,0.000477,-0.0122,0.0024
6.055,FLIGHT,0.8959,1.4469,-0.0347,0.5518,0.0082,0.5256,-0.0104,-0.1989,-0.0835,0.0474,1.0196,-0.0058,1.5364,0.000422,-0.0098,0.002
6.06,FLIGHT,0.8961,1.4495,0.0101,0.5245,0.0476,0.5019,-0.0107,-0.1987,-0.0707,0.0448,1.0201,-0.0057,1.5374,0.000378,-0.0078,0.0016
6.065,FLIGHT,0.8964,1.4519,0.0492,0.5009,0.0817,0.4812,-0.011,-0.1984,-0.0596,0.0425,1.0206,-0.0057,1.5385,0.000343,-0.0061,0.0012
6.07,FLIGHT,0.8969,1.4543,0.0831,0.4804,0.1113,0.4632,-0.0112,-0.1982,-0.05,0.0405,1.0211,-0.0059,1.5396,0.000317,-0.0047,0.0009
6.075,FLIGHT,0.8975,1.4566,0.1124,0.4624,0.1368,0.4474,-0.0114,-0.1981,-0.0416,0.0387,1.0215,-0.0062,1.5406,0.000296,-0.0036,0.0007
6.08,FLIGHT,0.8982,1.4588,0.1377,0.4466,0.1586,0.4334,-0.0116,-0.1979,-0.0344,0.0371,1.0219,-0.0066,1.5416,0.000281,-0.0026,0.0005
6.085,FLIGHT,0.8991,1.4609,0.1594,0.4327,0.1773,0.421,-0.0117,-0.1977,-0.0282,0.0357,1.0222,-0.0071,1.5427,0.000269,-0.0019,0.0004
6.09,FLIGHT,0.9,1.463,0.1779,0.4204,0.1931,0.4099,-0.0118,-0.1975,-0.0228,0.0345,1.0226,-0.0076,1.5437,0.000261,-0.0014,0.0003
6.095,FLIGHT,0.901,1.465,0.1936,0.4093,0.2065,0.4,-0.0119,-0.1974,-0.0182,0.0334,1.0229,-0.0081,1.5447,0.000255,-0.001,0.0002
6.1,FLIGHT,0.9021,1.467,0.2068,0.3994,0.2176,0.3909,-0.0119,-0.1972,-0.0142,0.0324,1.0232,-0.0087,1.5456,0.000251,-0.0006,0.0001
6.105,FLIGHT,0.9032,1.4689,0.2178,0.3904,0.2267,0.3827,-0.012,-0.1971,-0.0108,0.0315,1.0235,-0.0094,1.5466,0.000249,-0.0004,0.0001
6.11,FLIGHT,0.9043,1.4708,0.2268,0.3821,0.2342,0.375,-0.012,-0.1969,-0.0079,0.0307,1.0237,-0.01,1.5475,0.000247,-0.0002,0.0
6.115,FLIGHT,0.9055,1.4727,0.2342,0.3745,0.2401,0.368,-0.012,-0.1968,-0.0054,0.03,1.024,-0.0106,1.5484,0.000247,-0.0001,0.0
6.12,FLIGHT,0.9067,1.4745,0.2401,0.3675,0.2448,0.3613,-0.0121,-0.1966,-0.0033,0.0293,1.0242,-0.0113,1.5493,0.000246,-0.0,0.0
6.125,FLIGHT,0.908,1.4763,0.2447,0.3608,0.2483,0.3551,-0.0121,-0.1965,-0.0015,0.0287,1.0243,-0.012,1.5502,0.000246,0.0001,0.0
6.13,FLIGHT,0.9092,1.478,0.2482,0.3546,0.2508,0.3492,-0.0121,-0.1963,0.0,0.0281,1.0245,-0.0126,1.551,0.000247,0.0001,0.0
6.135,FLIGHT,0.9105,1.4798,0.2507,0.3487,0.2525,0.3435,-0.0121,-0.1962,0.0013,0.0276,1.0246,-0.0133,1.5518,0.000247,0.0001,0.0
6.14,FLIGHT,0.9117,1.4815,0.2523,0.343,0.2534,0.338,-0.012,-0.1961,0.0024,0.0271,1.0247,-0.0139,1.5526,0.000248,0.0001,0.0
6.145,FLIGHT,0.913,1.4832,0.2532,0.3375,0.2536,0.3327,-0.012,-0.1959,0.0033,0.0267,1.0248,-0.0146,1.5534,0.000248,0.0001,0.0
6.15,FLIGHT,0.9143,1.4848,0.2534,0.3323,0.2533,0.3276,-0.012,-0.1958,0.004,0.0262,1.0249,-0.0152,1.5542,0.000249,0.0001,0.0
6.155,FLIGHT,0.9155,1.4864,0.2531,0.3271,0.2526,0.3226,-0.012,-0.1957,0.0046,0.0258,1.025,-0.0158,1.555,0.000249,0.0001,0.0
6.16,FLIGHT,0.9168,1.488,0.2523,0.3221,0.2514,0.3177,-0.0119,-0.1955,0.0052,0.0254,1.025,-0.0164,1.5557,0.00025,0.0001,0.0
6.165,FLIGHT,0.9181,1.4896,0.2511,0.3172,0.2499,0.3129,-0.0119,-0.1954,0.0056,0.025,1.025,-0.017,1.5564,0.00025,0.0001,0.0
6.17,FLIGHT,0.9193,1.4912,0.2496,0.3124,0.2481,0.3082,-0.0119,-0.1953,0.0059,0.0246,1.025,-0.0176,1.5571,0.00025,0.0,0.0
6.175,FLIGHT,0.9205,1.4927,0.2477,0.3077,0.246,0.3035,-0.0119,-0.1952,0.0062,0.0242,1.0249,-0.0182,1.5578,0.000251,0.0,0.0
6.18,FLIGHT,0.9218,1.4942,0.2457,0.3031,0.2437,0.299,-0.0118,-0.1951,0.0064,0.0239,1.0249,-0.0188,1.5585,0.000251,0.0,0.0
6.185,FLIGHT,0.923,1.4957,0.2434,0.2985,0.2413,0.2944,-0.0118,-0.1949,0.0066,0.0235,1.0248,-0.0193,1.5591,0.000251,-0.0,0.0
6.19,FLIGHT,0.9242,1.4971,0.241,0.294,0.2387,0.29,-0.0118,-0.1948,0.0067,0.0231,1.0247,-0.0199,1.5598,0.000251,-0.0,0.0
6.195,FLIGHT,0.9254,1.4986,0.2384,0.2895,0.236,0.2856,-0.0117,-0.1947,0.0068,0.0228,1.0246,-0.0204,1.5604,0.000251,-0.0,0.0
6.2,FLIGHT,0.9265,1.5,0.2357,0.2851,0.2332,0.2812,-0.0117,-0.1946,0.0068,0.0225,1.0244,-0.0209,1.561,0.00025,-0.0,0.0
6.205,FLIGHT,0.9277,1.5014,0.2329,0.2808,0.2304,0.2769,-0.0117,-0.1945,0.0069,0.0221,1.0242,-0.0214,1.5616,0.00025,-0.0,0.0
6.21,FLIGHT,0.9288,1.5028,0.23,0.2765,0.2274,0.2726,-0.0116,-0.1944,0.0069,0.0218,1.0241,-0.0219,1.5622,0.00025,-0.0001,0.0
6.215,FLIGHT,0.93,1.5041,0.2271,0.2722,0.2245,0.2684,-0.0116,-0.1943,0.0069,0.0215,1.0238,-0.0224,1.5628,0.00025,-0.0001,0.0
6.22,FLIGHT,0.9311,1.5055,0.2242,0.268,0.2215,0.2642,-0.0116,-0.1942,0.0069,0.0211,1.0236,-0.0229,1.5634,0.000249,-0.0001,0.0
6.225,FLIGHT,0.9322,1.5068,0.2212,0.2638,0.2185,0.2601,-0.0115,-0.1941,0.0068,0.0208,1.0234,-0.0234,1.5639,0.000249,-0.0001,0.0
6.23,FLIGHT,0.9333,1.5081,0.2182,0.2597,0.2155,0.256,-0.0115,-0.194,0.0068,0.0205,1.0231,-0.0239,1.5645,0.000249,-0.0001,0.0
6.235,FLIGHT,0.9343,1.5093,0.2152,0.2556,0.2125,0.252,-0.0114,-0.1939,0.0067,0.0202,1.0228,-0.0243,1.565,0.000248,-0.0001,0.0
6.24,FLIGHT,0.9354,1.5106,0.2122,0.2516,0.2095,0.248,-0.0114,-0.1938,0.0067,0.0199,1.0225,-0.0248,1.5656,0.000248,-0.0001,0.0
6.245,FLIGHT,0.9364,1.5118,0.2092,0.2476,0.2065,0.2441,-0.0114,-0.1937,0.0066,0.0196,1.0222,-0.0252,1.5661,0.000247,-0.0001,0.0
6.25,FLIGHT,0.9375,1.513,0.2062,0.2437,0.2035,0.2402,-0.0113,-0.1936,0.0066,0.0193,1.0218,-0.0257,1.5666,0.000247,-0.0001,0.0
6.255,FLIGHT,0.9385,1.5142,0.2032,0.2398,0.2005,0.2364,-0.0113,-0.1935,0.0065,0.019,1.0214,-0.0261,1.5671,0.000247,-0.0001,0.0
6.26,FLIGHT,0.9395,1.5154,0.2002,0.236,0.1976,0.2326,-0.0113,-0.1934,0.0065,0.0187,1.021,-0.0266,1.5676,0.000246,-0.0001,0.0
6.265,FLIGHT,0.9404,1.5165,0.1973,0.2322,0.1947,0.2289,-0.0113,-0.1933,0.0064,0.0184,1.0206,-0.027,1.5681,0.000246,-0.0001,0.0
6.27,FLIGHT,0.9414,1.5177,0.1944,0.2285,0.1918,0.2252,-0.0112,-0.1932,0.0063,0.0181,1.0202,-0.0274,1.5686,0.000245,-0.0001,0.0
6.275,FLIGHT,0.9424,1.5188,0.1915,0.2248,0.189,0.2215,-0.0112,-0.1931,0.0063,0.0178,1.0198,-0.0278,1.569,0.000245,-0.0001,0.0
6.28,FLIGHT,0.9433,1.5199,0.1887,0.2212,0.1861,0.218,-0.0112,-0.193,0.0062,0.0176,1.0193,-0.0282,1.5695,0.000244,-0.0001,0.0
6.285,FLIGHT,0.9442,1.521,0.1858,0.2176,0.1833,0.2144,-0.0111,-0.1929,0.0061,0.0173,1.0188,-0.0286,1.5699,0.000244,-0.0001,0.0
6.29,FLIGHT,0.9451,1.522,0.1831,0.2141,0.1806,0.211,-0.0111,-0.1929,0.006,0.017,1.0183,-0.029,1.5704,0.000243,-0.0001,0.0
6.295,FLIGHT,0.946,1.5231,0.1803,0.2106,0.1778,0.2075,-0.0111,-0.1928,0.006,0.0167,1.0178,-0.0294,1.5708,0.000243,-0.0001,0.0
6.3,FLIGHT,0.9469,1.5241,0.1776,0.2072,0.1751,0.2042,-0.011,-0.1927,0.0059,0.0165,1.0172,-0.0298,1.5713,0.000242,-0.0001,0.0
6.305,FLIGHT,0.9478,1.5251,0.1749,0.2038,0.1725,0.2008,-0.011,-0.1926,0.0058,0.0162,1.0167,-0.0302,1.5717,0.000242,-0.0001,0.0
6.31,FLIGHT,0.9486,1.5261,0.1722,0.2005,0.1698,0.1976,-0.011,-0.1925,0.0058,0.016,1.0161,-0.0305,1.5721,0.000242,-0.0001,0.0
6.315,FLIGHT,0.9495,1.5271,0.1696,0.1972,0.1672,0.1943,-0.011,-0.1925,0.0057,0.0157,1.0155,-0.0309,1.5725,0.000241,-0.0001,0.0
6.32,FLIGHT,0.9503,1.5281,0.167,0.194,0.1647,0.1912,-0.0109,-0.1924,0.0056,0.0155,1.0149,-0.0313,1.5729,0.000241,-0.0001,0.0
6.325,FLIGHT,0.9511,1.529,0.1644,0.1909,0.1621,0.188,-0.0109,-0.1923,0.0056,0.0152,1.0142,-0.0316,1.5733,0.00024,-0.0001,0.0
6.33,FLIGHT,0.9519,1.5299,0.1619,0.1877,0.1596,0.185,-0.0109,-0.1922,0.0055,0.015,1.0136,-0.032,1.5737,0.00024,-0.0001,0.0
6.335,FLIGHT,0.9527,1.5309,0.1594,0.1847,0.1572,0.182,-0.0108,-0.1922,0.0054,0.0147,1.0129,-0.0323,1.5741,0.000239,-0.0001,0.0
6.34,FLIGHT,0.9535,1.5318,0.1569,0.1817,0.1547,0.179,-0.0108,-0.1921,0.0053,0.0145,1.0122,-0.0327,1.5745,0.000239,-0.0001,0.0
6.345,FLIGHT,0.9543,1.5326,0.1545,0.1787,0.1523,0.1761,-0.0108,-0.192,0.0053,0.0143,1.0115,-0.033,1.5749,0.000239,-0.0001,0.0
6.35,FLIGHT,0.955,1.5335,0.1521,0.1758,0.1499,0.1732,-0.0108,-0.1919,0.0052,0.014,1.0108,-0.0334,1.5752,0.000238,-0.0001,0.0
6.355,FLIGHT,0.9558,1.5344,0.1497,0.1729,0.1476,0.1703,-0.0107,-0.1919,0.0051,0.0138,1.0101,-0.0337,1.5756,0.000238,-0.0001,0.0
6.36,FLIGHT,0.9565,1.5352,0.1474,0.1701,0.1453,0.1676,-0.0107,-0.1918,0.0051,0.0136,1.0093,-0.034,1.576,0.000237,-0.0001,0.0
6.365,FLIGHT,0.9572,1.5361,0.1451,0.1673,0.143,0.1648,-0.0107,-0.1917,0.005,0.0134,1.0086,-0.0344,1.5763,0.000237,-0.0001,0.0
6.37,FLIGHT,0.9579,1.5369,0.1428,0.1646,0.1407,0.1621,-0.0107,-0.1917,0.0049,0.0132,1.0078,-0.0347,1.5767,0.000237,-0.0001,0.0
6.375,FLIGHT,0.9586,1.5377,0.1405,0.1619,0.1385,0.1595,-0.0106,-0.1916,0.0048,0.0129,1.007,-0.035,1.577,0.000236,-0.0001,0.0
6.38,FLIGHT,0.9593,1.5385,0.1383,0.1592,0.1363,0.1569,-0.0106,-0.1915,0.0048,0.0127,1.0062,-0.0353,1.5773,0.000236,-0.0001,0.0
6.385,FLIGHT,0.96,1.5392,0.1361,0.1566,0.1341,0.1543,-0.0106,-0.1915,0.0047,0.0125,1.0053,-0.0356,1.5777,0.000235,-0.0001,0.0
6.39,FLIGHT,0.9607,1.54,0.1339,0.1541,0.132,0.1518,-0.0106,-0.1914,0.0046,0.0123,1.0045,-0.0359,1.578,0.000235,-0.0001,0.0
6.395,FLIGHT,0.9613,1.5408,0.1318,0.1516,0.1299,0.1493,-0.0105,-0.1914,0.0045,0.0121,1.0036,-0.0362,1.5783,0.000235,-0.0001,0.0
6.4,FLIGHT,0.962,1.5415,0.1297,0.1491,0.1278,0.1469,-0.0105,-0.1913,0.0045,0.0119,1.0027,-0.0365,1.5786,0.000234,-0.0001,0.0
6.405,FLIGHT,0.9626,1.5422,0.1276,0.1467,0.1257,0.1445,-0.0105,-0.1912,0.0044,0.0118,1.0018,-0.0368,1.5789,0.000234,-0.0001,0.0
6.41,FLIGHT,0.9632,1.5429,0.1255,0.1443,0.1237,0.1421,-0.0105,-0.1912,0.0043,0.0116,1.0009,-0.0371,1.5793,0.000234,-0.0001,0.0
6.415,STANCE,0.964,1.5439,0.1541,0.1824,0.2834,0.3533,-0.0105,-0.1911,0.0046,0.0147,1.0,0.1537,-0.1133,7.7e-05,-0.1559,0.0312
6.42,STANCE,0.9673,1.5438,0.5421,-0.0046,0.9055,-0.6027,-0.0098,-0.1912,0.1042,-0.0057,0.9992,-0.1048,-0.6237,-0.001735,-0.4441,0.0906
6.425,STANCE,0.9721,1.537,0.8463,-0.9837,1.3207,-1.6436,-0.008,-0.1918,0.2978,-0.0926,0.9979,-0.5103,-0.7851,-0.003715,-0.5342,0.1106
6.43,STANCE,0.9762,1.5324,0.7333,-0.8296,0.2016,-0.1548,-0.0065,-0.1922,0.2558,-0.0762,0.9975,-0.8295,-1.3233,-0.005808,-0.2452,0.0549
6.435,STANCE,0.9767,1.5322,0.3127,-0.3056,0.1631,-0.1546,-0.0064,-0.1922,0.1025,-0.0283,0.9977,-0.9826,-1.9237,-0.006615,-0.1019,0.027
6.44,STANCE,0.9784,1.5296,0.348,-0.4957,0.3687,-1.2387,-0.0057,-0.1925,0.1358,-0.0443,0.998,-1.2798,-2.0557,-0.006936,0.0035,0.0069
6.445,STANCE,0.9804,1.5208,0.4012,-1.3735,0.3789,-2.2569,-0.0041,-0.1932,0.2695,-0.1168,0.9979,-1.5295,-1.6759,-0.006679,0.1028,0.0067
6.45,STANCE,0.9828,1.5094,0.4501,-1.9973,0.5549,-2.2525,-0.0021,-0.1942,0.3689,-0.1646,0.9979,-1.6686,-1.2013,-0.006128,0.1145,0.0061
6.455,STANCE,0.9847,1.4966,0.4011,-2.3827,0.1968,-2.823,0.0001,-0.1952,0.4169,-0.1902,0.9978,-1.62,-0.6758,-0.005324,0.2058,0.0053
6.46,STANCE,0.9859,1.4833,0.316,-2.532,0.437,-2.3276,0.0023,-0.1963,0.4248,-0.1962,0.9979,-1.3961,-0.1583,-0.004416,0.0979,0.0044
6.465,STANCE,0.9881,1.4722,0.3754,-2.3436,0.151,-2.4829,0.0043,-0.1971,0.4122,-0.1762,0.9983,-1.0949,0.2431,-0.004182,0.0882,0.0042
6.47,STANCE,0.9883,1.4598,0.1449,-2.4276,-0.097,-2.5198,0.0061,-0.198,0.3813,-0.1788,0.9985,-0.593,0.7253,-0.003894,0.0568,0.0039
6.475,STANCE,0.9875,1.4474,-0.0633,-2.4519,-0.2212,-2.4513,0.0078,-0.199,0.3456,-0.1779,0.9987,-0.1102,1.0928,-0.003693,0.0481,0.0037
6.48,STANCE,0.9864,1.4354,-0.1697,-2.4012,-0.1873,-2.2976,0.0093,-0.1998,0.3187,-0.1715,0.9989,0.1918,1.2814,-0.003394,0.0639,0.0034
6.485,FLIGHT,0.9855,1.425,-0.1822,-2.152,-0.3741,-1.6335,0.0107,-0.2006,0.2809,-0.1512,0.9993,-1.0648,2.3889,-0.003072,0.0802,0.0031
6.49,FLIGHT,0.982,1.4197,-0.575,-1.3487,-1.0149,-0.5291,0.0107,-0.201,0.0836,-0.0994,1.0001,-0.9126,2.2551,-0.002552,0.1246,0.0026
6.495,FLIGHT,0.9758,1.4192,-1.0538,-0.4693,-1.4435,0.2507,0.0096,-0.2011,-0.1428,-0.0429,1.001,-0.6814,2.0624,-0.00186,0.1488,0.0019
6.5,FLIGHT,0.9679,1.4217,-1.4099,0.218,-1.6523,0.7235,0.0076,-0.201,-0.3153,0.0048,1.0021,-0.4664,1.8864,-0.001095,0.1549,0.0011
6.505,FLIGHT,0.9595,1.426,-1.5955,0.6634,-1.6893,0.9617,0.0053,-0.2007,-0.4168,0.0402,1.0033,-0.2997,1.7517,-0.000332,0.1487,0.0003
6.51,FLIGHT,0.9512,1.4311,-1.6322,0.9034,-1.6101,1.0441,0.0029,-0.2004,-0.4577,0.0632,1.0045,-0.1837,1.6593,0.00034,0.1081,0.0
6.515,FLIGHT,0.9435,1.4363,-1.5626,0.9975,-1.4667,1.033,0.0006,-0.2,-0.4557,0.076,1.0057,-0.109,1.6011,0.000754,0.0604,0.0
6.52,FLIGHT,0.9366,1.4413,-1.4312,0.9992,-1.2964,0.9727,-0.0015,-0.1996,-0.4282,0.0809,1.0069,-0.0635,1.5669,0.000969,0.028,0.0
6.525,FLIGHT,0.9306,1.446,-1.2707,0.9498,-1.121,0.8918,-0.0034,-0.1992,-0.3878,0.0806,1.0081,-0.0371,1.5484,0.001053,0.0072,0.0
6.53,FLIGHT,0.9254,1.4502,-1.1026,0.8771,-0.953,0.8073,-0.005,-0.1988,-0.343,0.0771,1.0092,-0.0224,1.5394,0.001054,-0.0057,0.0011
6.535,FLIGHT,0.921,1.454,-0.9397,0.7981,-0.7986,0.7277,-0.0064,-0.1985,-0.2986,0.0721,1.0103,-0.0147,1.5358,0.001006,-0.013,0.0026
6.54,FLIGHT,0.9174,1.4575,-0.7888,0.722,-0.66,0.6569,-0.0076,-0.1982,-0.2573,0.0665,1.0113,-0.0108,1.5352,0.00093,-0.0167,0.0033
6.545,FLIGHT,0.9144,1.4606,-0.6526,0.6534,-0.5375,0.5958,-0.0086,-0.1979,-0.2201,0.061,1.0123,-0.009,1.5359,0.000842,-0.0181,0.0036
6.55,FLIGHT,0.912,1.4635,-0.5317,0.5936,-0.4302,0.5442,-0.0095,-0.1976,-0.1875,0.0558,1.0133,-0.0082,1.5372,0.000752,-0.0178,0.0036
6.555,FLIGHT,0.9101,1.4661,-0.4255,0.5427,-0.3366,0.5009,-0.0102,-0.1974,-0.1591,0.0511,1.0142,-0.008,1.5388,0.000666,-0.0166,0.0033
6.56,FLIGHT,0.9086,1.4685,-0.3327,0.4998,-0.2552,0.4648,-0.0109,-0.1972,-0.1346,0.0469,1.0151,-0.008,1.5403,0.000586,-0.0149,0.003
6.565,FLIGHT,0.9075,1.4707,-0.2519,0.464,-0.1845,0.4346,-0.0114,-0.1969,-0.1136,0.0433,1.016,-0.0082,1.5417,0.000517,-0.013,0.0026
6.57,FLIGHT,0.9067,1.4729,-0.1817,0.434,-0.1233,0.4095,-0.0118,-0.1968,-0.0955,0.0401,1.0168,-0.0085,1.5431,0.000457,-0.011,0.0022
6.575,FLIGHT,0.9063,1.4748,-0.1209,0.409,-0.0703,0.3885,-0.0122,-0.1966,-0.08,0.0374,1.0176,-0.0089,1.5443,0.000406,-0.0091,0.0018
6.58,FLIGHT,0.906,1.4767,-0.0683,0.388,-0.0245,0.3709,-0.0125,-0.1964,-0.0666,0.035,1.0184,-0.0093,1.5455,0.000365,-0.0074,0.0015
6.585,FLIGHT,0.906,1.4786,-0.0229,0.3704,0.0149,0.356,-0.0128,-0.1962,-0.0552,0.033,1.0192,-0.0099,1.5467,0.000332,-0.0059,0.0012
6.59,FLIGHT,0.9062,1.4803,0.0163,0.3556,0.0488,0.3434,-0.013,-0.1961,-0.0455,0.0313,1.0199,-0.0105,1.5478,0.000306,-0.0046,0.0009
6.595,FLIGHT,0.9065,1.482,0.05,0.343,0.0778,0.3327,-0.0131,-0.1959,-0.0371,0.0298,1.0206,-0.0111,1.5488,0.000286,-0.0036,0.0007
6.6,FLIGHT,0.9069,1.4836,0.0788,0.3323,0.1026,0.3234,-0.0133,-0.1958,-0.03,0.0285,1.0213,-0.0118,1.5498,0.00027,-0.0027,0.0005
6.605,FLIGHT,0.9075,1.4852,0.1034,0.3231,0.1237,0.3154,-0.0134,-0.1957,-0.0239,0.0274,1.0219,-0.0125,1.5508,0.000259,-0.002,0.0004
6.61,FLIGHT,0.9082,1.4868,0.1243,0.3151,0.1415,0.3085,-0.0135,-0.1955,-0.0187,0.0264,1.0226,-0.0132,1.5517,0.00025,-0.0014,0.0003
6.615,FLIGHT,0.9089,1.4883,0.1419,0.3081,0.1564,0.3023,-0.0135,-0.1954,-0.0143,0.0256,1.0232,-0.014,1.5526,0.000244,-0.001,0.0002
6.62,FLIGHT,0.9097,1.4898,0.1567,0.302,0.1688,0.2968,-0.0136,-0.1953,-0.0106,0.0249,1.0238,-0.0147,1.5535,0.00024,-0.0007,0.0001
6.625,FLIGHT,0.9106,1.4913,0.1691,0.2964,0.1791,0.2917,-0.0136,-0.1952,-0.0074,0.0242,1.0243,-0.0154,1.5544,0.000237,-0.0004,0.0001
6.63,FLIGHT,0.9115,1.4927,0.1793,0.2914,0.1875,0.2872,-0.0136,-0.1951,-0.0047,0.0236,1.0248,-0.0162,1.5552,0.000235,-0.0002,0.0
6.635,FLIGHT,0.9125,1.4942,0.1876,0.2868,0.1943,0.2829,-0.0136,-0.1949,-0.0025,0.0231,1.0253,-0.0169,1.556,0.000235,-0.0001,0.0
6.64,FLIGHT,0.9135,1.4956,0.1943,0.2826,0.1996,0.2789,-0.0136,-0.1948,-0.0006,0.0227,1.0258,-0.0176,1.5568,0.000234,0.0,0.0
6.645,FLIGHT,0.9145,1.4969,0.1995,0.2785,0.2037,0.275,-0.0136,-0.1947,0.0009,0.0223,1.0263,-0.0183,1.5575,0.000235,0.0001,0.0
6.65,FLIGHT,0.9155,1.4983,0.2036,0.2747,0.2067,0.2713,-0.0136,-0.1946,0.0022,0.0219,1.0267,-0.0189,1.5582,0.000235,0.0001,0.0
6.655,FLIGHT,0.9165,1.4997,0.2066,0.271,0.2089,0.2678,-0.0136,-0.1945,0.0033,0.0215,1.0271,-0.0196,1.5589,0.000236,0.0001,0.0
6.66,FLIGHT,0.9176,1.501,0.2087,0.2674,0.2103,0.2643,-0.0136,-0.1944,0.0042,0.0212,1.0275,-0.0202,1.5596,0.000236,0.0001,0.0
6.665,FLIGHT,0.9186,1.5023,0.2101,0.2639,0.211,0.2608,-0.0135,-0.1943,0.0049,0.0209,1.0279,-0.0208,1.5602,0.000237,0.0001,0.0
6.67,FLIGHT,0.9197,1.5036,0.2108,0.2605,0.2111,0.2574,-0.0135,-0.1942,0.0055,0.0206,1.0282,-0.0214,1.5609,0.000238,0.0001,0.0
6.675,FLIGHT,0.9207,1.5049,0.2109,0.2571,0.2107,0.254,-0.0135,-0.1941,0.006,0.0203,1.0285,-0.022,1.5615,0.000239,0.0001,0.0
6.68,FLIGHT,0.9218,1.5061,0.2105,0.2537,0.21,0.2507,-0.0134,-0.194,0.0063,0.02,1.0288,-0.0226,1.5621,0.000239,0.0001,0.0
6.685,FLIGHT,0.9228,1.5074,0.2097,0.2503,0.2089,0.2473,-0.0134,-0.1939,0.0066,0.0197,1.0291,-0.0231,1.5627,0.00024,0.0001,0.0
6.69,FLIGHT,0.9239,1.5086,0.2086,0.247,0.2075,0.244,-0.0134,-0.1938,0.0069,0.0194,1.0293,-0.0236,1.5632,0.00024,0.0001,0.0
6.695,FLIGHT,0.9249,1.5098,0.2073,0.2436,0.2059,0.2406,-0.0133,-0.1937,0.007,0.0192,1.0295,-0.0242,1.5638,0.000241,0.0001,0.0
6.7,FLIGHT,0.9259,1.511,0.2056,0.2403,0.2041,0.2373,-0.0133,-0.1936,0.0072,0.0189,1.0297,-0.0247,1.5643,0.000241,0.0001,0.0
6.705,FLIGHT,0.927,1.5122,0.2038,0.2369,0.2021,0.2339,-0.0133,-0.1935,0.0072,0.0186,1.0299,-0.0251,1.5649,0.000241,0.0,0.0
6.71,FLIGHT,0.928,1.5134,0.2018,0.2336,0.2,0.2306,-0.0132,-0.1934,0.0073,0.0184,1.03,-0.0256,1.5654,0.000241,0.0,0.0
6.715,FLIGHT,0.929,1.5145,0.1997,0.2303,0.1978,0.2273,-0.0132,-0.1933,0.0073,0.0181,1.0302,-0.0261,1.5659,0.000241,0.0,0.0
6.72,FLIGHT,0.9299,1.5156,0.1975,0.2269,0.1955,0.224,-0.0132,-0.1932,0.0073,0.0179,1.0303,-0.0265,1.5664,0.000241,-0.0,0.0
6.725,FLIGHT,0.9309,1.5167,0.1952,0.2236,0.1932,0.2207,-0.0131,-0.1932,0.0073,0.0176,1.0304,-0.0269,1.5669,0.000241,-0.0,0.0
6.73,FLIGHT,0.9319,1.5178,0.1929,0.2203,0.1908,0.2174,-0.0131,-0.1931,0.0073,0.0173,1.0304,-0.0274,1.5673,0.000241,-0.0,0.0
6.735,FLIGHT,0.9328,1.5189,0.1905,0.2171,0.1883,0.2141,-0.013,-0.193,0.0073,0.0171,1.0304,-0.0278,1.5678,0.000241,-0.0,0.0
6.74,FLIGHT,0.9338,1.52,0.1881,0.2138,0.1859,0.2109,-0.013,-0.1929,0.0072,0.0168,1.0305,-0.0282,1.5683,0.000241,-0.0,0.0
6.745,FLIGHT,0.9347,1.521,0.1856,0.2105,0.1834,0.2076,-0.013,-0.1928,0.0072,0.0166,1.0304,-0.0286,1.5687,0.000241,-0.0,0.0
6.75,FLIGHT,0.9356,1.5221,0.1831,0.2073,0.1809,0.2044,-0.0129,-0.1927,0.0072,0.0163,1.0304,-0.029,1.5691,0.000241,-0.0,0.0
6.755,FLIGHT,0.9365,1.5231,0.1807,0.2041,0.1785,0.2013,-0.0129,-0.1927,0.0071,0.0161,1.0304,-0.0294,1.5696,0.00024,-0.0001,0.0
6.76,FLIGHT,0.9374,1.5241,0.1782,0.2009,0.176,0.1981,-0.0129,-0.1926,0.007,0.0158,1.0303,-0.0297,1.57,0.00024,-0.0001,0.0
6.765,FLIGHT,0.9382,1.5251,0.1758,0.1978,0.1736,0.195,-0.0128,-0.1925,0.007,0.0156,1.0302,-0.0301,1.5704,0.00024,-0.0001,0.0
6.77,FLIGHT,0.9391,1.526,0.1733,0.1947,0.1712,0.1919,-0.0128,-0.1924,0.0069,0.0154,1.0301,-0.0305,1.5708,0.000239,-0.0001,0.0
6.775,FLIGHT,0.94,1.527,0.1709,0.1916,0.1687,0.1889,-0.0128,-0.1923,0.0069,0.0151,1.0299,-0.0308,1.5712,0.000239,-0.0001,0.0
6.78,FLIGHT,0.9408,1.5279,0.1685,0.1886,0.1664,0.1858,-0.0127,-0.1923,0.0068,0.0149,1.0298,-0.0312,1.5716,0.000239,-0.0001,0.0
6.785,FLIGHT,0.9416,1.5288,0.1661,0.1855,0.164,0.1829,-0.0127,-0.1922,0.0068,0.0146,1.0296,-0.0315,1.572,0.000238,-0.0001,0.0
6.79,FLIGHT,0.9424,1.5297,0.1638,0.1826,0.1617,0.1799,-0.0127,-0.1921,0.0067,0.0144,1.0294,-0.0318,1.5724,0.000238,-0.0001,0.0
6.795,FLIGHT,0.9432,1.5306,0.1614,0.1796,0.1594,0.177,-0.0126,-0.1921,0.0066,0.0142,1.0291,-0.0322,1.5727,0.000238,-0.0001,0.0
6.8,FLIGHT,0.944,1.5315,0.1591,0.1767,0.1571,0.1741,-0.0126,-0.192,0.0066,0.014,1.0289,-0.0325,1.5731,0.000237,-0.0001,0.0
6.805,FLIGHT,0.9448,1.5324,0.1569,0.1739,0.1548,0.1713,-0.0126,-0.1919,0.0065,0.0137,1.0286,-0.0328,1.5735,0.000237,-0.0001,0.0
6.81,FLIGHT,0.9456,1.5332,0.1546,0.171,0.1526,0.1685,-0.0125,-0.1919,0.0065,0.0135,1.0283,-0.0331,1.5738,0.000237,-0.0001,0.0
6.815,FLIGHT,0.9463,1.5341,0.1524,0.1682,0.1504,0.1658,-0.0125,-0.1918,0.0064,0.0133,1.028,-0.0334,1.5742,0.000236,-0.0001,0.0
6.82,FLIGHT,0.9471,1.5349,0.1502,0.1655,0.1483,0.1631,-0.0125,-0.1917,0.0063,0.0131,1.0277,-0.0337,1.5745,0.000236,-0.0001,0.0
6.825,FLIGHT,0.9478,1.5357,0.1481,0.1628,0.1461,0.1604,-0.0124,-0.1917,0.0063,0.0129,1.0273,-0.0341,1.5749,0.000236,-0.0001,0.0
6.83,FLIGHT,0.9485,1.5365,0.1459,0.1601,0.144,0.1578,-0.0124,-0.1916,0.0062,0.0127,1.027,-0.0344,1.5752,0.000235,-0.0001,0.0
6.835,FLIGHT,0.9493,1.5373,0.1438,0.1575,0.1419,0.1552,-0.0124,-0.1915,0.0062,0.0125,1.0266,-0.0346,1.5755,0.000235,-0.0001,0.0
6.84,FLIGHT,0.95,1.538,0.1417,0.1549,0.1399,0.1526,-0.0123,-0.1915,0.0061,0.0123,1.0262,-0.0349,1.5759,0.000235,-0.0001,0.0
6.845,FLIGHT,0.9507,1.5388,0.1397,0.1524,0.1379,0.1501,-0.0123,-0.1914,0.0061,0.0121,1.0257,-0.0352,1.5762,0.000234,-0.0001,0.0
6.85,FLIGHT,0.9513,1.5395,0.1377,0.1499,0.1359,0.1477,-0.0123,-0.1914,0.006,0.0119,1.0253,-0.0355,1.5765,0.000234,-0.0001,0.0
6.855,FLIGHT,0.952,1.5403,0.1357,0.1474,0.1339,0.1453,-0.0123,-0.1913,0.006,0.0117,1.0248,-0.0358,1.5768,0.000234,-0.0001,0.0
6.86,FLIGHT,0.9527,1.541,0.1337,0.145,0.132,0.1429,-0.0122,-0.1912,0.0059,0.0115,1.0243,-0.0361,1.5771,0.000233,-0.0001,0.0
6.865,FLIGHT,0.9533,1.5417,0.1318,0.1427,0.1301,0.1405,-0.0122,-0.1912,0.0058,0.0113,1.0238,-0.0364,1.5774,0.000233,-0.0001,0.0
6.87,FLIGHT,0.954,1.5424,0.1299,0.1403,0.1282,0.1382,-0.0122,-0.1911,0.0058,0.0111,1.0233,-0.0366,1.5777,0.000233,-0.0001,0.0
6.875,FLIGHT,0.9546,1.5431,0.128,0.138,0.1263,0.136,-0.0121,-0.1911,0.0057,0.0109,1.0228,-0.0369,1.578,0.000232,-0.0001,0.0
6.88,FLIGHT,0.9552,1.5438,0.1261,0.1358,0.1245,0.1338,-0.0121,-0.191,0.0057,0.0108,1.0222,-0.0372,1.5783,0.000232,-0.0001,0.0
6.885,FLIGHT,0.9559,1.5444,0.1243,0.1335,0.1226,0.1316,-0.0121,-0.191,0.0056,0.0106,1.0216,-0.0374,1.5786,0.000232,-0.0001,0.0
6.89,FLIGHT,0.9565,1.5451,0.1225,0.1314,0.1208,0.1294,-0.0121,-0.1909,0.0056,0.0104,1.021,-0.0377,1.5789,0.000232,-0.0001,0.0
6.895,FLIGHT,0.9571,1.5457,0.1207,0.1292,0.1191,0.1273,-0.012,-0.1909,0.0055,0.0102,1.0204,-0.0379,1.5791,0.000231,-0.0001,0.0
6.9,FLIGHT,0.9577,1.5463,0.1189,0.1271,0.1173,0.1252,-0.012,-0.1908,0.0055,0.0101,1.0198,-0.0382,1.5794,0.000231,-0.0001,0.0
6.905,FLIGHT,0.9582,1.547,0.1172,0.125,0.1156,0.1232,-0.012,-0.1908,0.0054,0.0099,1.0191,-0.0385,1.5797,0.000231,-0.0001,0.0
6.91,FLIGHT,0.9588,1.5476,0.1154,0.123,0.1139,0.1212,-0.0119,-0.1907,0.0053,0.0098,1.0185,-0.0387,1.5799,0.00023,-0.0001,0.0
6.915,FLIGHT,0.9594,1.5482,0.1137,0.121,0.1122,0.1192,-0.0119,-0.1907,0.0053,0.0096,1.0178,-0.039,1.5802,0.00023,-0.0001,0.0
6.92,FLIGHT,0.9599,1.5488,0.112,0.119,0.1105,0.1173,-0.0119,-0.1906,0.0052,0.0094,1.0171,-0.0392,1.5805,0.00023,-0.0001,0.0
6.925,FLIGHT,0.9605,1.5493,0.1104,0.1171,0.1089,0.1154,-0.0119,-0.1906,0.0052,0.0093,1.0164,-0.0394,1.5807,0.00023,-0.0,0.0
6.93,FLIGHT,0.961,1.5499,0.1087,0.1152,0.1073,0.1135,-0.0118,-0.1905,0.0051,0.0091,1.0156,-0.0397,1.581,0.000229,-0.0,0.0
6.935,FLIGHT,0.9616,1.5505,0.1071,0.1133,0.1057,0.1117,-0.0118,-0.1905,0.005,0.009,1.0149,-0.0399,1.5812,0.000229,-0.0,0.0
6.94,FLIGHT,0.9621,1.551,0.1055,0.1115,0.1041,0.1099,-0.0118,-0.1904,0.005,0.0089,1.0141,-0.0402,1.5815,0.000229,-0.0,0.0
6.945,FLIGHT,0.9626,1.5516,0.1039,0.1097,0.1025,0.1081,-0.0118,-0.1904,0.0049,0.0087,1.0133,-0.0404,1.5817,0.000229,-0.0,0.0
6.95,FLIGHT,0.9631,1.5521,0.1024,0.108,0.101,0.1064,-0.0117,-0.1904,0.0049,0.0086,1.0125,-0.0406,1.582,0.000229,-0.0,0.0
6.955,FLIGHT,0.9636,1.5526,0.1008,0.1062,0.0995,0.1047,-0.0117,-0.1903,0.0048,0.0084,1.0117,-0.0408,1.5822,0.000228,-0.0,0.0
6.96,FLIGHT,0.9641,1.5532,0.0993,0.1045,0.098,0.103,-0.0117,-0.1903,0.0047,0.0083,1.0109,-0.0411,1.5824,0.000228,-0.0,0.0
6.965,FLIGHT,0.9646,1.5537,0.0978,0.1029,0.0965,0.1014,-0.0117,-0.1902,0.0047,0.0082,1.01,-0.0413,1.5826,0.000228,-0.0,0.0
6.97,FLIGHT,0.9651,1.5542,0.0963,0.1012,0.095,0.0998,-0.0117,-0.1902,0.0046,0.008,1.0091,-0.0415,1.5829,0.000228,-0.0,0.0
6.975,FLIGHT,0.9655,1.5547,0.0948,0.0996,0.0935,0.0982,-0.0116,-0.1902,0.0045,0.0079,1.0083,-0.0417,1.5831,0.000227,-0.0,0.0
6.98,FLIGHT,0.966,1.5552,0.0934,0.098,0.0921,0.0966,-0.0116,-0.1901,0.0045,0.0078,1.0074,-0.042,1.5833,0.000227,-0.0,0.0
6.985,FLIGHT,0.9665,1.5556,0.092,0.0965,0.0907,0.0951,-0.0116,-0.1901,0.0044,0.0077,1.0064,-0.0422,1.5835,0.000227,-0.0,0.0
6.99,FLIGHT,0.9669,1.5561,0.0905,0.0949,0.0893,0.0936,-0.0116,-0.19,0.0043,0.0076,1.0055,-0.0424,1.5838,0.000227,-0.0,0.0
6.995,FLIGHT,0.9674,1.5566,0.0891,0.0934,0.0879,0.0921,-0.0115,-0.19,0.0043,0.0074,1.0046,-0.0426,1.584,0.000227,-0.0,0.0
7.0,FLIGHT,0.9678,1.557,0.0877,0.092,0.0865,0.0907,-0.0115,-0.19,0.0042,0.0073,1.0036,-0.0428,1.5842,0.000227,-0.0,0.0
7.005,FLIGHT,0.9682,1.5575,0.0864,0.0905,0.0851,0.0892,-0.0115,-0.1899,0.0041,0.0072,1.0026,-0.043,1.5844,0.000226,-0.0,0.0
7.01,FLIGHT,0.9686,1.5579,0.085,0.0891,0.0838,0.0878,-0.0115,-0.1899,0.0041,0.0071,1.0017,-0.0432,1.5846,0.000226,-0.0,0.0
7.015,FLIGHT,0.9691,1.5584,0.0837,0.0877,0.0825,0.0865,-0.0115,-0.1899,0.004,0.007,1.0006,-0.0434,1.5848,0.000226,-0.0,0.0
7.02,STANCE,0.9698,1.559,0.1411,0.1296,0.4042,0.168,-0.0114,-0.1898,0.0092,0.0101,0.9997,0.145,-0.2457,-8.8e-05,-0.3019,0.0605
7.025,STANCE,0.9734,1.5574,0.5539,-0.2532,0.821,-1.0954,-0.0105,-0.19,0.1397,-0.0286,0.9987,-0.154,-0.6925,-0.00238,-0.4258,0.0875
7.03,STANCE,0.9774,1.5507,0.7014,-0.9431,0.4125,-0.633,-0.0088,-0.1906,0.2629,-0.0896,0.9976,-0.5041,-0.9738,-0.00415,-0.2124,0.0466
7.035,STANCE,0.9779,1.5502,0.2807,-0.3354,0.0161,0.0958,-0.0087,-0.1907,0.0995,-0.032,0.9977,-0.6485,-1.7277,-0.004673,-0.0319,0.011
7.04,STANCE,0.9788,1.5496,0.2269,-0.2256,0.373,-0.4404,-0.0084,-0.1907,0.0742,-0.0218,0.998,-0.9258,-2.1477,-0.00466,0.0276,0.0047
7.045,STANCE,0.981,1.5437,0.3639,-0.9979,0.3837,-2.1283,-0.0072,-0.1913,0.2072,-0.0894,0.998,-1.2617,-1.9909,-0.004266,0.1501,0.0043
7.05,STANCE,0.9841,1.5336,0.5533,-1.713,0.7394,-2.3839,-0.0052,-0.1922,0.3445,-0.1487,0.9981,-1.5591,-1.6254,-0.003622,0.1224,0.0036
7.055,STANCE,0.9896,1.5217,0.9398,-2.179,1.2777,-2.463,-0.0025,-0.1932,0.4877,-0.1825,0.9982,-1.8422,-1.1553,-0.003429,-0.007,0.0048
7.06,STANCE,0.9955,1.5084,1.0731,-2.5357,0.9687,-2.8828,0.0005,-0.1943,0.5686,-0.2023,0.9984,-1.8799,-0.5869,-0.003368,0.0517,0.0034
7.065,STANCE,1.0,1.4947,0.9396,-2.6731,0.75,-2.6754,0.0034,-0.1953,0.5671,-0.2037,0.9986,-1.6376,-0.0409,-0.003139,0.0596,0.0031
7.07,STANCE,1.0029,1.4818,0.6718,-2.6017,0.4781,-2.3862,0.0058,-0.1963,0.5083,-0.1915,0.9989,-1.1906,0.4187,-0.002758,0.0739,0.0028
7.075,STANCE,1.0042,1.4699,0.3953,-2.4238,0.1715,-2.2506,0.0078,-0.1972,0.431,-0.1743,0.9993,-0.661,0.779,-0.002254,0.1077,0.0023
7.08,STANCE,1.0045,1.4588,0.1711,-2.267,0.0678,-2.077,0.0095,-0.198,0.3659,-0.1605,0.9998,-0.1836,1.0418,-0.001646,0.1122,0.0016
7.085,STANCE,1.0047,1.4485,0.0677,-2.1362,0.0138,-2.0524,0.011,-0.1987,0.328,-0.1488,1.0003,0.0719,1.1559,-0.001033,0.1265,0.001
7.09,FLIGHT,1.004,1.4396,-0.0982,-1.8326,-0.4934,-1.1897,0.0122,-0.1993,0.2513,-0.1272,1.0009,-1.264,2.5353,-0.000364,0.1542,0.0004
7.095,FLIGHT,0.9996,1.4366,-0.6728,-0.9288,-1.2375,-0.0504,0.0118,-0.1996,0.0029,-0.072,1.0019,-1.0563,2.3581,0.00042,0.1319,0.0
7.1,FLIGHT,0.9921,1.4385,-1.2588,-0.0117,-1.7199,0.7201,0.01,-0.1995,-0.2495,-0.0134,1.0031,-0.7888,2.1363,0.00093,0.075,0.0
7.105,FLIGHT,0.9828,1.4433,-1.6747,0.6705,-1.9556,1.1574,0.0074,-0.1993,-0.4317,0.0361,1.0045,-0.5502,1.9409,0.0012,0.0357,0.0
7.11,FLIGHT,0.9729,1.4496,-1.8911,1.0846,-2.0032,1.3472,0.0045,-0.1989,-0.5332,0.0726,1.0059,-0.3676,1.7931,0.00131,0.0099,0.0
7.115,FLIGHT,0.963,1.4565,-1.9415,1.2792,-1.9272,1.3752,0.0016,-0.1984,-0.5688,0.0957,1.0073,-0.2402,1.6914,0.001315,-0.0064,0.0013
7.12,FLIGHT,0.9537,1.4632,-1.8762,1.3213,-1.7803,1.3093,-0.0012,-0.1979,-0.5593,0.1073,1.0087,-0.1566,1.6264,0.001257,-0.016,0.0032
7.125,FLIGHT,0.9452,1.4695,-1.7412,1.2702,-1.6005,1.1971,-0.0038,-0.1973,-0.5229,0.1102,1.0101,-0.1044,1.5875,0.001162,-0.0211,0.0042
7.13,FLIGHT,0.9377,1.4752,-1.5716,1.1704,-1.412,1.0688,-0.0061,-0.1968,-0.4732,0.1072,1.0114,-0.0728,1.5657,0.001051,-0.0232,0.0046
7.135,FLIGHT,0.9311,1.4802,-1.3909,1.0511,-1.229,0.9417,-0.0081,-0.1964,-0.4193,0.1006,1.0126,-0.0543,1.5544,0.000934,-0.0232,0.0046
7.14,FLIGHT,0.9254,1.4846,-1.2135,0.9303,-1.0588,0.8247,-0.0098,-0.1959,-0.3663,0.0923,1.0139,-0.0436,1.5494,0.000821,-0.022,0.0044
7.145,FLIGHT,0.9205,1.4885,-1.0472,0.8173,-0.9046,0.7213,-0.0113,-0.1955,-0.3171,0.0835,1.015,-0.0373,1.5477,0.000715,-0.0201,0.004
7.15,FLIGHT,0.9163,1.4918,-0.8956,0.7165,-0.7669,0.6322,-0.0126,-0.1952,-0.2728,0.0748,1.0162,-0.0335,1.5477,0.00062,-0.0178,0.0036
7.155,FLIGHT,0.9128,1.4948,-0.7597,0.6291,-0.645,0.5567,-0.0137,-0.1949,-0.2337,0.0667,1.0172,-0.0312,1.5485,0.000538,-0.0153,0.0031
7.16,FLIGHT,0.9099,1.4974,-0.6391,0.5545,-0.5378,0.4932,-0.0146,-0.1946,-0.1996,0.0594,1.0183,-0.0296,1.5497,0.000467,-0.0129,0.0026
7.165,FLIGHT,0.9074,1.4997,-0.5328,0.4917,-0.4437,0.4401,-0.0154,-0.1944,-0.1701,0.0529,1.0193,-0.0285,1.5508,0.000408,-0.0106,0.0021
7.17,FLIGHT,0.9054,1.5018,-0.4395,0.439,-0.3612,0.3959,-0.016,-0.1941,-0.1445,0.0472,1.0203,-0.0277,1.552,0.000361,-0.0086,0.0017
7.175,FLIGHT,0.9038,1.5037,-0.3576,0.3949,-0.2891,0.359,-0.0166,-0.1939,-0.1225,0.0423,1.0212,-0.0271,1.5531,0.000322,-0.0068,0.0014
7.18,FLIGHT,0.9025,1.5054,-0.286,0.3582,-0.2261,0.3282,-0.0171,-0.1938,-0.1035,0.038,1.0221,-0.0267,1.5541,0.000292,-0.0053,0.0011
7.185,FLIGHT,0.9015,1.507,-0.2235,0.3276,-0.1712,0.3026,-0.0175,-0.1936,-0.0872,0.0343,1.023,-0.0265,1.555,0.000268,-0.0041,0.0008
7.19,FLIGHT,0.9008,1.5085,-0.1689,0.3021,-0.1233,0.2812,-0.0178,-0.1934,-0.0731,0.0311,1.0239,-0.0264,1.5559,0.00025,-0.0031,0.0006
7.195,FLIGHT,0.9003,1.5098,-0.1213,0.2808,-0.0816,0.2634,-0.0181,-0.1933,-0.061,0.0284,1.0247,-0.0265,1.5568,0.000237,-0.0022,0.0004
7.2,FLIGHT,0.8999,1.5111,-0.08,0.263,-0.0455,0.2485,-0.0183,-0.1932,-0.0506,0.0261,1.0255,-0.0266,1.5576,0.000228,-0.0016,0.0003
7.205,FLIGHT,0.8998,1.5123,-0.0441,0.2482,-0.0142,0.236,-0.0185,-0.1931,-0.0416,0.0241,1.0262,-0.0269,1.5584,0.000221,-0.0011,0.0002
7.21,FLIGHT,0.8998,1.5135,-0.013,0.2357,0.0128,0.2255,-0.0187,-0.193,-0.0339,0.0224,1.027,-0.0272,1.5592,0.000217,-0.0007,0.0001
7.215,FLIGHT,0.8999,1.5146,0.0138,0.2253,0.036,0.2167,-0.0188,-0.1929,-0.0273,0.0209,1.0277,-0.0276,1.5599,0.000214,-0.0003,0.0001
7.22,FLIGHT,0.9001,1.5156,0.0368,0.2165,0.0559,0.2092,-0.0189,-0.1928,-0.0217,0.0197,1.0284,-0.028,1.5606,0.000213,-0.0001,0.0
7.225,FLIGHT,0.9005,1.5167,0.0566,0.209,0.073,0.2029,-0.019,-0.1927,-0.0169,0.0186,1.029,-0.0284,1.5613,0.000213,0.0001,0.0
7.23,FLIGHT,0.9009,1.5177,0.0735,0.2027,0.0875,0.1974,-0.019,-0.1926,-0.0128,0.0177,1.0297,-0.0289,1.5619,0.000214,0.0002,0.0
7.235,FLIGHT,0.9013,1.5186,0.0879,0.1973,0.0997,0.1927,-0.0191,-0.1925,-0.0093,0.0169,1.0303,-0.0293,1.5625,0.000215,0.0003,0.0
7.24,FLIGHT,0.9019,1.5196,0.1,0.1926,0.11,0.1886,-0.0191,-0.1924,-0.0063,0.0163,1.0309,-0.0298,1.5631,0.000216,0.0003,0.0
7.245,FLIGHT,0.9024,1.5205,0.1103,0.1884,0.1186,0.185,-0.0191,-0.1923,-0.0038,0.0157,1.0314,-0.0303,1.5637,0.000218,0.0003,0.0
7.25,FLIGHT,0.903,1.5214,0.1188,0.1848,0.1258,0.1817,-0.0191,-0.1923,-0.0017,0.0152,1.032,-0.0308,1.5642,0.00022,0.0004,0.0
7.255,FLIGHT,0.9037,1.5223,0.1259,0.1816,0.1316,0.1788,-0.0191,-0.1922,0.0001,0.0148,1.0325,-0.0313,1.5648,0.000222,0.0004,0.0
7.26,FLIGHT,0.9044,1.5232,0.1317,0.1786,0.1363,0.1761,-0.0191,-0.1921,0.0016,0.0144,1.033,-0.0317,1.5653,0.000223,0.0003,0.0
7.265,FLIGHT,0.9051,1.5241,0.1364,0.1759,0.1401,0.1735,-0.0191,-0.1921,0.0028,0.014,1.0334,-0.0322,1.5658,0.000225,0.0003,0.0
7.27,FLIGHT,0.9058,1.525,0.1401,0.1733,0.143,0.1711,-0.0191,-0.192,0.0039,0.0137,1.0339,-0.0326,1.5663,0.000227,0.0003,0.0
7.275,FLIGHT,0.9065,1.5258,0.143,0.1709,0.1453,0.1688,-0.019,-0.1919,0.0048,0.0135,1.0343,-0.0331,1.5667,0.000228,0.0003,0.0
7.28,FLIGHT,0.9072,1.5267,0.1452,0.1686,0.1469,0.1666,-0.019,-0.1919,0.0055,0.0132,1.0347,-0.0335,1.5672,0.000229,0.0003,0.0
7.285,FLIGHT,0.908,1.5275,0.1468,0.1664,0.148,0.1645,-0.019,-0.1918,0.0061,0.013,1.035,-0.0339,1.5676,0.000231,0.0002,0.0
7.29,FLIGHT,0.9087,1.5283,0.1478,0.1643,0.1486,0.1623,-0.019,-0.1917,0.0065,0.0127,1.0354,-0.0343,1.568,0.000232,0.0002,0.0
7.295,FLIGHT,0.9094,1.5291,0.1485,0.1621,0.1488,0.1602,-0.0189,-0.1917,0.0069,0.0125,1.0357,-0.0347,1.5684,0.000233,0.0002,0.0
7.3,FLIGHT,0.9102,1.5299,0.1487,0.16,0.1488,0.1582,-0.0189,-0.1916,0.0073,0.0123,1.036,-0.035,1.5688,0.000233,0.0002,0.0
7.305,FLIGHT,0.9109,1.5307,0.1486,0.158,0.1484,0.1561,-0.0188,-0.1915,0.0075,0.0122,1.0362,-0.0354,1.5692,0.000234,0.0001,0.0
7.31,FLIGHT,0.9117,1.5315,0.1482,0.1559,0.1478,0.1541,-0.0188,-0.1915,0.0077,0.012,1.0365,-0.0357,1.5696,0.000235,0.0001,0.0
7.315,FLIGHT,0.9124,1.5322,0.1477,0.1539,0.147,0.152,-0.0188,-0.1914,0.0079,0.0118,1.0367,-0.0361,1.5699,0.000235,0.0001,0.0
7.32,FLIGHT,0.9131,1.533,0.1469,0.1518,0.1461,0.15,-0.0187,-0.1914,0.008,0.0116,1.0369,-0.0364,1.5703,0.000236,0.0001,0.0
7.325,FLIGHT,0.9139,1.5337,0.1459,0.1498,0.145,0.1479,-0.0187,-0.1913,0.0081,0.0115,1.0371,-0.0367,1.5706,0.000236,0.0001,0.0
7.33,FLIGHT,0.9146,1.5345,0.1449,0.1477,0.1439,0.1459,-0.0186,-0.1913,0.0081,0.0113,1.0372,-0.037,1.571,0.000236,0.0,0.0
7.335,FLIGHT,0.9153,1.5352,0.1437,0.1457,0.1426,0.1438,-0.0186,-0.1912,0.0081,0.0111,1.0373,-0.0373,1.5713,0.000237,0.0,0.0
7.34,FLIGHT,0.916,1.5359,0.1424,0.1436,0.1413,0.1418,-0.0186,-0.1911,0.0082,0.011,1.0374,-0.0376,1.5716,0.000237,0.0,0.0
7.345,FLIGHT,0.9167,1.5366,0.1411,0.1416,0.1399,0.1398,-0.0185,-0.1911,0.0082,0.0108,1.0375,-0.0379,1.5719,0.000237,0.0,0.0
7.35,FLIGHT,0.9174,1.5373,0.1397,0.1396,0.1384,0.1377,-0.0185,-0.191,0.0082,0.0106,1.0376,-0.0382,1.5723,0.000237,0.0,0.0
7.355,FLIGHT,0.9181,1.538,0.1383,0.1375,0.137,0.1357,-0.0184,-0.191,0.0082,0.0105,1.0376,-0.0384,1.5726,0.000237,-0.0,0.0
7.36,FLIGHT,0.9188,1.5387,0.1368,0.1355,0.1355,0.1337,-0.0184,-0.1909,0.0081,0.0103,1.0376,-0.0387,1.5729,0.000237,-0.0,0.0
7.365,FLIGHT,0.9195,1.5393,0.1353,0.1335,0.134,0.1317,-0.0184,-0.1909,0.0081,0.0102,1.0376,-0.0389,1.5731,0.000237,-0.0,0.0
7.37,FLIGHT,0.9201,1.54,0.1338,0.1315,0.1325,0.1297,-0.0183,-0.1908,0.0081,0.01,1.0376,-0.0392,1.5734,0.000237,-0.0,0.0
7.375,FLIGHT,0.9208,1.5406,0.1323,0.1295,0.131,0.1278,-0.0183,-0.1908,0.0081,0.0098,1.0375,-0.0394,1.5737,0.000237,-0.0,0.0
7.38,FLIGHT,0.9214,1.5413,0.1308,0.1276,0.1295,0.1258,-0.0182,-0.1907,0.008,0.0097,1.0374,-0.0397,1.574,0.000236,-0.0,0.0
7.385,FLIGHT,0.9221,1.5419,0.1293,0.1256,0.128,0.1239,-0.0182,-0.1907,0.008,0.0095,1.0373,-0.0399,1.5743,0.000236,-0.0,0.0
7.39,FLIGHT,0.9227,1.5425,0.1278,0.1237,0.1265,0.122,-0.0182,-0.1906,0.0079,0.0094,1.0372,-0.0401,1.5745,0.000236,-0.0,0.0
7.395,FLIGHT,0.9233,1.5431,0.1263,0.1218,0.125,0.1201,-0.0181,-0.1906,0.0079,0.0092,1.0371,-0.0404,1.5748,0.000236,-0.0,0.0
7.4,FLIGHT,0.924,1.5437,0.1248,0.1199,0.1235,0.1182,-0.0181,-0.1906,0.0079,0.0091,1.0369,-0.0406,1.5751,0.000236,-0.0,0.0
7.405,FLIGHT,0.9246,1.5443,0.1233,0.118,0.122,0.1164,-0.018,-0.1905,0.0078,0.009,1.0367,-0.0408,1.5753,0.000236,-0.0,0.0
7.41,FLIGHT,0.9252,1.5449,0.1219,0.1162,0.1206,0.1146,-0.018,-0.1905,0.0078,0.0088,1.0365,-0.041,1.5756,0.000236,-0.0,0.0
7.415,FLIGHT,0.9258,1.5454,0.1204,0.1144,0.1191,0.1128,-0.018,-0.1904,0.0078,0.0087,1.0363,-0.0412,1.5758,0.000235,-0.0,0.0
7.42,FLIGHT,0.9264,1.546,0.119,0.1126,0.1177,0.111,-0.0179,-0.1904,0.0077,0.0085,1.036,-0.0414,1.5761,0.000235,-0.0,0.0
7.425,FLIGHT,0.927,1.5465,0.1176,0.1108,0.1163,0.1092,-0.0179,-0.1903,0.0077,0.0084,1.0358,-0.0416,1.5763,0.000235,-0.0,0.0
7.43,FLIGHT,0.9275,1.5471,0.1162,0.1091,0.1149,0.1075,-0.0178,-0.1903,0.0076,0.0083,1.0355,-0.0419,1.5766,0.000235,-0.0,0.0
7.435,FLIGHT,0.9281,1.5476,0.1148,0.1073,0.1135,0.1058,-0.0178,-0.1903,0.0076,0.0081,1.0352,-0.0421,1.5768,0.000235,-0.0,0.0
7.44,FLIGHT,0.9287,1.5481,0.1134,0.1056,0.1122,0.1041,-0.0178,-0.1902,0.0076,0.008,1.0348,-0.0423,1.5771,0.000234,-0.0,0.0
7.445,FLIGHT,0.9292,1.5487,0.1121,0.104,0.1109,0.1025,-0.0177,-0.1902,0.0075,0.0079,1.0345,-0.0424,1.5773,0.000234,-0.0,0.0
7.45,FLIGHT,0.9298,1.5492,0.1107,0.1023,0.1095,0.1009,-0.0177,-0.1901,0.0075,0.0077,1.0341,-0.0426,1.5775,0.000234,-0.0,0.0
7.455,FLIGHT,0.9303,1.5497,0.1094,0.1007,0.1082,0.0993,-0.0177,-0.1901,0.0074,0.0076,1.0337,-0.0428,1.5777,0.000234,-0.0,0.0
7.46,FLIGHT,0.9309,1.5502,0.1081,0.0991,0.1069,0.0977,-0.0176,-0.1901,0.0074,0.0075,1.0333,-0.043,1.578,0.000234,-0.0,0.0
7.465,FLIGHT,0.9314,1.5506,0.1068,0.0976,0.1057,0.0962,-0.0176,-0.19,0.0073,0.0074,1.0329,-0.0432,1.5782,0.000234,-0.0,0.0
7.47,FLIGHT,0.9319,1.5511,0.1055,0.096,0.1044,0.0947,-0.0175,-0.19,0.0073,0.0072,1.0324,-0.0434,1.5784,0.000233,-0.0,0.0
7.475,FLIGHT,0.9324,1.5516,0.1043,0.0945,0.1032,0.0932,-0.0175,-0.19,0.0073,0.0071,1.032,-0.0436,1.5786,0.000233,-0.0,0.0
7.48,FLIGHT,0.9329,1.552,0.103,0.0931,0.1019,0.0917,-0.0175,-0.1899,0.0072,0.007,1.0315,-0.0438,1.5788,0.000233,-0.0,0.0
7.485,FLIGHT,0.9335,1.5525,0.1018,0.0916,0.1007,0.0903,-0.0174,-0.1899,0.0072,0.0069,1.031,-0.0439,1.579,0.000233,-0.0,0.0
7.49,FLIGHT,0.934,1.553,0.1006,0.0902,0.0995,0.0889,-0.0174,-0.1899,0.0071,0.0068,1.0305,-0.0441,1.5793,0.000233,-0.0,0.0
7.495,FLIGHT,0.9344,1.5534,0.0994,0.0888,0.0983,0.0875,-0.0174,-0.1898,0.0071,0.0067,1.0299,-0.0443,1.5795,0.000233,-0.0,0.0
7.5,FLIGHT,0.9349,1.5538,0.0982,0.0874,0.0972,0.0862,-0.0173,-0.1898,0.007,0.0066,1.0294,-0.0445,1.5797,0.000233,-0.0,0.0
7.505,FLIGHT,0.9354,1.5543,0.097,0.086,0.096,0.0848,-0.0173,-0.1898,0.007,0.0065,1.0288,-0.0447,1.5799,0.000232,-0.0,0.0
7.51,FLIGHT,0.9359,1.5547,0.0959,0.0847,0.0948,0.0835,-0.0173,-0.1897,0.0069,0.0064,1.0282,-0.0448,1.5801,0.000232,-0.0,0.0
7.515,FLIGHT,0.9364,1.5551,0.0947,0.0834,0.0937,0.0822,-0.0172,-0.1897,0.0069,0.0063,1.0276,-0.045,1.5803,0.000232,-0.0,0.0
7.52,FLIGHT,0.9368,1.5555,0.0936,0.0821,0.0926,0.081,-0.0172,-0.1897,0.0068,0.0062,1.0269,-0.0452,1.5805,0.000232,-0.0,0.0
7.525,FLIGHT,0.9373,1.5559,0.0925,0.0809,0.0915,0.0797,-0.0172,-0.1896,0.0068,0.0061,1.0263,-0.0453,1.5807,0.000232,-0.0,0.0
7.53,FLIGHT,0.9377,1.5563,0.0914,0.0796,0.0904,0.0785,-0.0171,-0.1896,0.0067,0.006,1.0256,-0.0455,1.5809,0.000232,-0.0,0.0
7.535,FLIGHT,0.9382,1.5567,0.0903,0.0784,0.0893,0.0773,-0.0171,-0.1896,0.0067,0.0059,1.0249,-0.0457,1.581,0.000232,-0.0,0.0
7.54,FLIGHT,0.9386,1.5571,0.0892,0.0772,0.0882,0.0762,-0.0171,-0.1895,0.0066,0.0058,1.0242,-0.0459,1.5812,0.000231,-0.0,0.0
7.545,FLIGHT,0.9391,1.5574,0.0881,0.0761,0.0871,0.075,-0.017,-0.1895,0.0066,0.0057,1.0235,-0.046,1.5814,0.000231,-0.0,0.0
7.55,FLIGHT,0.9395,1.5578,0.087,0.0749,0.0861,0.0739,-0.017,-0.1895,0.0065,0.0056,1.0228,-0.0462,1.5816,0.000231,-0.0,0.0
7.555,FLIGHT,0.9399,1.5582,0.086,0.0738,0.085,0.0728,-0.017,-0.1895,0.0065,0.0055,1.022,-0.0464,1.5818,0.000231,-0.0,0.0
7.56,FLIGHT,0.9404,1.5585,0.0849,0.0727,0.084,0.0717,-0.0169,-0.1894,0.0064,0.0054,1.0213,-0.0465,1.582,0.000231,-0.0,0.0
7.565,FLIGHT,0.9408,1.5589,0.0839,0.0716,0.0829,0.0707,-0.0169,-0.1894,0.0064,0.0053,1.0205,-0.0467,1.5821,0.000231,-0.0,0.0
7.57,FLIGHT,0.9412,1.5593,0.0828,0.0705,0.0819,0.0696,-0.0169,-0.1894,0.0063,0.0053,1.0197,-0.0468,1.5823,0.000231,-0.0,0.0
7.575,FLIGHT,0.9416,1.5596,0.0818,0.0695,0.0809,0.0686,-0.0168,-0.1894,0.0063,0.0052,1.0189,-0.047,1.5825,0.000231,-0.0,0.0
7.58,FLIGHT,0.942,1.5599,0.0808,0.0685,0.0799,0.0676,-0.0168,-0.1893,0.0062,0.0051,1.018,-0.0472,1.5827,0.000231,-0.0,0.0
7.585,FLIGHT,0.9424,1.5603,0.0798,0.0675,0.0789,0.0666,-0.0168,-0.1893,0.0061,0.005,1.0172,-0.0473,1.5828,0.000231,-0.0,0.0
7.59,FLIGHT,0.9428,1.5606,0.0788,0.0665,0.0779,0.0656,-0.0167,-0.1893,0.0061,0.005,1.0163,-0.0475,1.583,0.00023,-0.0,0.0
7.595,FLIGHT,0.9432,1.5609,0.0778,0.0655,0.0769,0.0647,-0.0167,-0.1893,0.006,0.0049,1.0154,-0.0476,1.5832,0.00023,-0.0,0.0
7.6,FLIGHT,0.9436,1.5613,0.0768,0.0646,0.076,0.0638,-0.0167,-0.1892,0.006,0.0048,1.0145,-0.0478,1.5834,0.00023,-0.0,0.0
7.605,FLIGHT,0.9439,1.5616,0.0759,0.0637,0.075,0.0629,-0.0167,-0.1892,0.0059,0.0047,1.0136,-0.0479,1.5835,0.00023,-0.0,0.0
7.61,FLIGHT,0.9443,1.5619,0.0749,0.0628,0.074,0.062,-0.0166,-0.1892,0.0058,0.0047,1.0127,-0.0481,1.5837,0.00023,-0.0,0.0
7.615,FLIGHT,0.9447,1.5622,0.0739,0.0619,0.0731,0.0611,-0.0166,-0.1892,0.0058,0.0046,1.0117,-0.0483,1.5838,0.00023,-0.0,0.0
7.62,FLIGHT,0.945,1.5625,0.073,0.061,0.0721,0.0602,-0.0166,-0.1891,0.0057,0.0045,1.0108,-0.0484,1.584,0.00023,-0.0,0.0
7.625,FLIGHT,0.9454,1.5628,0.0721,0.0601,0.0712,0.0594,-0.0165,-0.1891,0.0056,0.0045,1.0098,-0.0486,1.5842,0.00023,-0.0,0.0
7.63,FLIGHT,0.9458,1.5631,0.0711,0.0593,0.0703,0.0586,-0.0165,-0.1891,0.0056,0.0044,1.0088,-0.0487,1.5843,0.00023,-0.0,0.0
7.635,FLIGHT,0.9461,1.5634,0.0702,0.0585,0.0694,0.0577,-0.0165,-0.1891,0.0055,0.0044,1.0078,-0.0489,1.5845,0.00023,-0.0,0.0
7.64,FLIGHT,0.9464,1.5637,0.0693,0.0577,0.0684,0.057,-0.0165,-0.1891,0.0054,0.0043,1.0068,-0.049,1.5846,0.00023,-0.0,0.0
7.645,FLIGHT,0.9468,1.5639,0.0683,0.0569,0.0675,0.0562,-0.0164,-0.189,0.0054,0.0042,1.0058,-0.0492,1.5848,0.00023,-0.0,0.0
7.65,FLIGHT,0.9471,1.5642,0.0674,0.0561,0.0666,0.0554,-0.0164,-0.189,0.0053,0.0042,1.0047,-0.0493,1.585,0.000229,-0.0,0.0
7.655,FLIGHT,0.9475,1.5645,0.0665,0.0553,0.0657,0.0547,-0.0164,-0.189,0.0052,0.0041,1.0037,-0.0495,1.5851,0.000229,-0.0,0.0
7.66,FLIGHT,0.9478,1.5648,0.0656,0.0546,0.0648,0.0539,-0.0164,-0.189,0.0051,0.0041,1.0026,-0.0496,1.5853,0.000229,-0.0,0.0
7.665,FLIGHT,0.9481,1.565,0.0647,0.0538,0.0639,0.0532,-0.0163,-0.189,0.0051,0.004,1.0015,-0.0498,1.5854,0.000229,-0.0,0.0
7.67,FLIGHT,0.9484,1.5653,0.0638,0.0531,0.063,0.0525,-0.0163,-0.1889,0.005,0.004,1.0004,-0.0499,1.5856,0.000229,-0.0,0.0
7.675,STANCE,0.95,1.5656,0.2773,0.0422,0.7309,-0.1697,-0.016,-0.1889,0.0468,-0.0005,0.9994,0.1412,-0.4875,-0.00103,-0.4924,0.0995
7.68,STANCE,0.9543,1.5609,0.6824,-0.7245,0.9428,-1.7641,-0.0146,-0.1894,0.2263,-0.0773,0.998,-0.1842,-0.809,-0.003278,-0.3731,0.0779
7.685,STANCE,0.9578,1.5559,0.6078,-0.788,0.071,-0.0973,-0.0133,-0.1899,0.2216,-0.0804,0.9975,-0.4283,-1.3586,-0.004735,-0.1157,0.0279
7.69,STANCE,0.9575,1.5565,0.1609,-0.1724,-0.0006,0.062,-0.0134,-0.1899,0.0538,-0.018,0.9977,-0.5105,-2.1137,-0.004913,0.0177,0.0049
7.695,STANCE,0.9587,1.5551,0.2365,-0.2923,0.4881,-0.6852,-0.013,-0.19,0.0844,-0.0298,0.998,-0.7944,-2.3967,-0.004696,0.0628,0.0047
7.7,STANCE,0.9612,1.5468,0.4379,-1.2622,0.7204,-1.8575,-0.0114,-0.1908,0.255,-0.1187,0.998,-1.1217,-2.0791,-0.004063,0.1315,0.0041
7.705,STANCE,0.9668,1.5356,0.9469,-1.9628,1.4607,-2.5568,-0.0088,-0.1919,0.4513,-0.1806,0.9981,-1.5314,-1.6222,-0.003833,-0.0169,0.0072
7.71,STANCE,0.9741,1.5208,1.2803,-2.6762,1.4554,-3.1677,-0.0053,-0.1932,0.62,-0.2337,0.9982,-1.7829,-0.9487,-0.00384,-0.0007,0.004
7.715,STANCE,0.981,1.505,1.3376,-3.0111,1.276,-3.1209,-0.0018,-0.1945,0.6852,-0.2479,0.9982,-1.7711,-0.3087,-0.003839,0.0077,0.0038
7.72,STANCE,0.9862,1.4896,1.1105,-3.0459,0.8616,-2.92,0.0014,-0.1958,0.6524,-0.2379,0.9984,-1.471,0.2435,-0.003662,0.0464,0.0037
7.725,STANCE,0.9894,1.4755,0.7622,-2.8715,0.4114,-2.6998,0.0041,-0.1969,0.5639,-0.2156,0.9987,-0.9854,0.6777,-0.003307,0.0944,0.0033
7.73,STANCE,0.9908,1.4629,0.4255,-2.6266,0.1468,-2.4236,0.0062,-0.1978,0.4655,-0.1921,0.9991,-0.4547,0.9976,-0.002806,0.1155,0.0028
7.735,STANCE,0.9913,1.4514,0.189,-2.4006,0.0287,-2.2279,0.0079,-0.1986,0.3882,-0.1723,0.9996,-0.0381,1.1891,-0.00221,0.1262,0.0022
7.74,FLIGHT,0.9914,1.4406,0.0838,-2.2217,0.0574,-2.0645,0.0095,-0.1994,0.343,-0.1565,1.0001,-1.2413,2.5254,-0.001576,0.1233,0.0016
7.745,FLIGHT,0.9895,1.4337,-0.2731,-1.583,-0.7781,-0.7579,0.0102,-0.1999,0.1784,-0.1137,1.0009,-1.1523,2.4415,-0.000835,0.1704,0.0008
7.75,FLIGHT,0.984,1.4325,-0.8746,-0.6206,-1.4013,0.2168,0.0093,-0.2001,-0.0838,-0.052,1.002,-0.9066,2.2351,9.2e-05,0.193,0.0
7.755,FLIGHT,0.976,1.4352,-1.3834,0.2072,-1.7564,0.8361,0.0073,-0.1999,-0.3068,0.0049,1.0032,-0.6516,2.025,0.00085,0.1142,0.0
7.76,FLIGHT,0.9668,1.4403,-1.6995,0.7734,-1.8946,1.1616,0.0047,-0.1996,-0.4514,0.0496,1.0046,-0.4421,1.8543,0.001274,0.0589,0.0
7.765,FLIGHT,0.9573,1.4465,-1.8312,1.0913,-1.8789,1.2817,0.0019,-0.1992,-0.5217,0.0801,1.006,-0.2893,1.7315,0.001471,0.0224,0.0
7.77,FLIGHT,0.9482,1.4529,-1.8231,1.2215,-1.7681,1.2738,-0.0008,-0.1987,-0.5365,0.0978,1.0075,-0.1861,1.6501,0.00152,-0.0008,0.0002
7.775,FLIGHT,0.9397,1.4591,-1.7239,1.2283,-1.6072,1.1958,-0.0034,-0.1982,-0.5154,0.1053,1.0088,-0.1202,1.5997,0.001478,-0.0148,0.003
7.78,FLIGHT,0.9321,1.4648,-1.5741,1.1638,-1.4266,1.0862,-0.0057,-0.1977,-0.4746,0.1053,1.0102,-0.08,1.5706,0.001382,-0.0226,0.0045
7.785,FLIGHT,0.9255,1.47,-1.4024,1.0648,-1.2452,0.9685,-0.0078,-0.1972,-0.425,0.1008,1.0115,-0.0563,1.555,0.001259,-0.0261,0.0052
7.79,FLIGHT,0.9197,1.4745,-1.2276,0.9546,-1.0732,0.8555,-0.0095,-0.1967,-0.3738,0.0937,1.0128,-0.0426,1.5476,0.001126,-0.0269,0.0054
7.795,FLIGHT,0.9147,1.4785,-1.0603,0.8467,-0.9157,0.7535,-0.0111,-0.1963,-0.3248,0.0855,1.014,-0.0348,1.5446,0.000993,-0.026,0.0052
7.8,FLIGHT,0.9105,1.4821,-0.9059,0.7479,-0.7743,0.6645,-0.0124,-0.196,-0.2801,0.0772,1.0151,-0.0304,1.5441,0.000867,-0.0241,0.0048
7.805,FLIGHT,0.9069,1.4852,-0.7667,0.6608,-0.6489,0.5884,-0.0135,-0.1957,-0.2402,0.0692,1.0162,-0.0278,1.5447,0.000753,-0.0217,0.0043
7.81,FLIGHT,0.904,1.488,-0.6427,0.586,-0.5384,0.5242,-0.0144,-0.1954,-0.2053,0.062,1.0173,-0.0261,1.5458,0.000651,-0.019,0.0038
7.815,FLIGHT,0.9015,1.4905,-0.5333,0.5225,-0.4414,0.4704,-0.0153,-0.1951,-0.1749,0.0555,1.0184,-0.025,1.547,0.000563,-0.0162,0.0032
7.82,FLIGHT,0.8995,1.4927,-0.4371,0.4692,-0.3565,0.4255,-0.016,-0.1949,-0.1486,0.0497,1.0194,-0.0243,1.5482,0.000489,-0.0136,0.0027
7.825,FLIGHT,0.8979,1.4947,-0.3529,0.4245,-0.2824,0.3881,-0.0165,-0.1947,-0.1259,0.0447,1.0204,-0.0238,1.5494,0.000427,-0.0111,0.0022
7.83,FLIGHT,0.8967,1.4966,-0.2792,0.3873,-0.2176,0.3568,-0.017,-0.1945,-0.1064,0.0404,1.0213,-0.0235,1.5505,0.000377,-0.0089,0.0018
7.835,FLIGHT,0.8957,1.4983,-0.2149,0.3562,-0.1612,0.3307,-0.0174,-0.1943,-0.0896,0.0367,1.0222,-0.0233,1.5515,0.000338,-0.0071,0.0014
7.84,FLIGHT,0.8951,1.4999,-0.1588,0.3302,-0.112,0.309,-0.0178,-0.1941,-0.0751,0.0334,1.0231,-0.0233,1.5525,0.000306,-0.0055,0.0011
7.845,FLIGHT,0.8946,1.5014,-0.11,0.3085,-0.0693,0.2908,-0.0181,-0.194,-0.0627,0.0307,1.0239,-0.0234,1.5534,0.000282,-0.0042,0.0008
7.85,FLIGHT,0.8944,1.5028,-0.0677,0.2903,-0.0323,0.2755,-0.0183,-0.1939,-0.052,0.0283,1.0248,-0.0236,1.5543,0.000264,-0.0032,0.0006
7.855,FLIGHT,0.8943,1.5042,-0.0309,0.2751,-0.0003,0.2627,-0.0185,-0.1937,-0.0428,0.0263,1.0256,-0.0239,1.5552,0.00025,-0.0023,0.0005
7.86,FLIGHT,0.8944,1.5055,0.0009,0.2623,0.0273,0.2518,-0.0187,-0.1936,-0.0349,0.0245,1.0263,-0.0243,1.556,0.00024,-0.0017,0.0003
7.865,FLIGHT,0.8946,1.5067,0.0283,0.2516,0.051,0.2427,-0.0188,-0.1935,-0.0281,0.023,1.0271,-0.0247,1.5568,0.000233,-0.0011,0.0002
7.87,FLIGHT,0.8949,1.5079,0.0518,0.2424,0.0713,0.2349,-0.0189,-0.1934,-0.0223,0.0218,1.0278,-0.0251,1.5575,0.000228,-0.0007,0.0001
7.875,FLIGHT,0.8953,1.509,0.072,0.2346,0.0887,0.2282,-0.019,-0.1933,-0.0174,0.0207,1.0285,-0.0256,1.5583,0.000226,-0.0004,0.0001
7.88,FLIGHT,0.8957,1.5102,0.0892,0.228,0.1034,0.2224,-0.019,-0.1932,-0.0131,0.0197,1.0292,-0.0261,1.559,0.000224,-0.0002,0.0
7.885,FLIGHT,0.8963,1.5113,0.1038,0.2222,0.1158,0.2174,-0.0191,-0.1931,-0.0095,0.0189,1.0298,-0.0267,1.5596,0.000223,-0.0,0.0
7.89,FLIGHT,0.8969,1.5123,0.1161,0.2172,0.1262,0.213,-0.0191,-0.193,-0.0065,0.0182,1.0304,-0.0272,1.5603,0.000224,0.0001,0.0
7.895,FLIGHT,0.8975,1.5134,0.1265,0.2128,0.1349,0.209,-0.0191,-0.1929,-0.0039,0.0176,1.031,-0.0277,1.5609,0.000224,0.0002,0.0
7.9,FLIGHT,0.8982,1.5144,0.1351,0.2088,0.142,0.2054,-0.0191,-0.1928,-0.0017,0.0171,1.0316,-0.0282,1.5615,0.000225,0.0002,0.0
7.905,FLIGHT,0.899,1.5155,0.1421,0.2052,0.1479,0.2022,-0.0191,-0.1928,0.0001,0.0166,1.0321,-0.0288,1.5621,0.000226,0.0003,0.0
7.91,FLIGHT,0.8997,1.5165,0.1479,0.2019,0.1525,0.1991,-0.0191,-0.1927,0.0016,0.0162,1.0326,-0.0293,1.5627,0.000228,0.0003,0.0
7.915,FLIGHT,0.9005,1.5174,0.1525,0.1989,0.1562,0.1963,-0.0191,-0.1926,0.0029,0.0158,1.0331,-0.0298,1.5632,0.000229,0.0003,0.0
7.92,FLIGHT,0.9013,1.5184,0.1562,0.196,0.1591,0.1935,-0.0191,-0.1925,0.004,0.0155,1.0336,-0.0303,1.5637,0.00023,0.0003,0.0
7.925,FLIGHT,0.9021,1.5194,0.159,0.1933,0.1612,0.1909,-0.019,-0.1924,0.0049,0.0152,1.034,-0.0307,1.5643,0.000232,0.0002,0.0
7.93,FLIGHT,0.9029,1.5203,0.1611,0.1907,0.1626,0.1884,-0.019,-0.1924,0.0056,0.0149,1.0344,-0.0312,1.5648,0.000233,0.0002,0.0
7.935,FLIGHT,0.9037,1.5213,0.1625,0.1882,0.1636,0.1859,-0.019,-0.1923,0.0062,0.0147,1.0348,-0.0316,1.5652,0.000234,0.0002,0.0
7.94,FLIGHT,0.9045,1.5222,0.1634,0.1857,0.164,0.1835,-0.0189,-0.1922,0.0067,0.0144,1.0352,-0.0321,1.5657,0.000235,0.0002,0.0
7.945,FLIGHT,0.9053,1.5231,0.1639,0.1832,0.1641,0.1811,-0.0189,-0.1922,0.0071,0.0142,1.0355,-0.0325,1.5661,0.000236,0.0002,0.0
7.95,FLIGHT,0.9062,1.524,0.1639,0.1808,0.1638,0.1787,-0.0189,-0.1921,0.0075,0.014,1.0358,-0.0329,1.5666,0.000236,0.0001,0.0
7.955,FLIGHT,0.907,1.5249,0.1637,0.1784,0.1633,0.1763,-0.0188,-0.192,0.0077,0.0138,1.0361,-0.0333,1.567,0.000237,0.0001,0.0
7.96,FLIGHT,0.9078,1.5258,0.1631,0.1761,0.1625,0.1739,-0.0188,-0.192,0.0079,0.0136,1.0364,-0.0337,1.5674,0.000238,0.0001,0.0
7.965,FLIGHT,0.9086,1.5266,0.1623,0.1737,0.1615,0.1716,-0.0187,-0.1919,0.0081,0.0134,1.0366,-0.034,1.5678,0.000238,0.0001,0.0
7.97,FLIGHT,0.9094,1.5275,0.1613,0.1713,0.1604,0.1692,-0.0187,-0.1918,0.0082,0.0132,1.0368,-0.0344,1.5682,0.000239,0.0001,0.0
7.975,FLIGHT,0.9102,1.5283,0.1602,0.169,0.1591,0.1669,-0.0187,-0.1918,0.0083,0.013,1.037,-0.0347,1.5686,0.000239,0.0001,0.0
7.98,FLIGHT,0.911,1.5292,0.1589,0.1666,0.1577,0.1645,-0.0186,-0.1917,0.0083,0.0128,1.0372,-0.0351,1.569,0.000239,0.0,0.0
7.985,FLIGHT,0.9118,1.53,0.1576,0.1643,0.1563,0.1622,-0.0186,-0.1916,0.0084,0.0126,1.0374,-0.0354,1.5693,0.000239,0.0,0.0
7.99,FLIGHT,0.9126,1.5308,0.1561,0.162,0.1547,0.1599,-0.0185,-0.1916,0.0084,0.0124,1.0375,-0.0357,1.5697,0.000239,0.0,0.0
7.995,FLIGHT,0.9133,1.5316,0.1545,0.1596,0.1531,0.1576,-0.0185,-0.1915,0.0084,0.0122,1.0376,-0.036,1.5701,0.000239,0.0,0.0
8.0,FLIGHT,0.9141,1.5323,0.153,0.1573,0.1515,0.1552,-0.0185,-0.1914,0.0084,0.012,1.0377,-0.0363,1.5704,0.000239,-0.0,0.0
8.005,FLIGHT,0.9149,1.5331,0.1513,0.155,0.1498,0.1529,-0.0184,-0.1914,0.0084,0.0119,1.0377,-0.0366,1.5707,0.000239,-0.0,0.0
8.01,FLIGHT,0.9156,1.5339,0.1497,0.1527,0.1482,0.1506,-0.0184,-0.1913,0.0083,0.0117,1.0378,-0.0369,1.5711,0.000239,-0.0,0.0
8.015,FLIGHT,0.9163,1.5346,0.148,0.1504,0.1465,0.1484,-0.0183,-0.1913,0.0083,0.0115,1.0378,-0.0372,1.5714,0.000239,-0.0,0.0
8.02,FLIGHT,0.9171,1.5354,0.1463,0.1481,0.1447,0.1461,-0.0183,-0.1912,0.0083,0.0113,1.0378,-0.0375,1.5717,0.000239,-0.0,0.0
8.025,FLIGHT,0.9178,1.5361,0.1446,0.1459,0.143,0.1439,-0.0182,-0.1912,0.0083,0.0111,1.0377,-0.0378,1.572,0.000239,-0.0,0.0
8.03,FLIGHT,0.9185,1.5368,0.1429,0.1437,0.1413,0.1417,-0.0182,-0.1911,0.0082,0.011,1.0377,-0.038,1.5724,0.000239,-0.0,0.0
8.035,FLIGHT,0.9192,1.5375,0.1412,0.1414,0.1396,0.1395,-0.0182,-0.1911,0.0082,0.0108,1.0376,-0.0383,1.5727,0.000239,-0.0,0.0
8.04,FLIGHT,0.9199,1.5382,0.1395,0.1392,0.1379,0.1373,-0.0181,-0.191,0.0081,0.0106,1.0375,-0.0385,1.573,0.000238,-0.0,0.0
8.045,FLIGHT,0.9206,1.5389,0.1378,0.1371,0.1363,0.1351,-0.0181,-0.191,0.0081,0.0105,1.0374,-0.0388,1.5733,0.000238,-0.0,0.0
8.05,FLIGHT,0.9212,1.5395,0.1361,0.1349,0.1346,0.133,-0.018,-0.1909,0.0081,0.0103,1.0372,-0.039,1.5735,0.000238,-0.0,0.0
8.055,FLIGHT,0.9219,1.5402,0.1344,0.1328,0.133,0.1309,-0.018,-0.1908,0.008,0.0101,1.0371,-0.0393,1.5738,0.000238,-0.0,0.0
8.06,FLIGHT,0.9226,1.5409,0.1328,0.1307,0.1313,0.1289,-0.018,-0.1908,0.008,0.01,1.0369,-0.0395,1.5741,0.000238,-0.0,0.0
8.065,FLIGHT,0.9232,1.5415,0.1312,0.1287,0.1297,0.1268,-0.0179,-0.1908,0.0079,0.0098,1.0367,-0.0397,1.5744,0.000237,-0.0,0.0
8.07,FLIGHT,0.9239,1.5421,0.1296,0.1266,0.1281,0.1248,-0.0179,-0.1907,0.0079,0.0096,1.0365,-0.04,1.5747,0.000237,-0.0,0.0
8.075,FLIGHT,0.9245,1.5427,0.128,0.1246,0.1266,0.1228,-0.0178,-0.1907,0.0078,0.0095,1.0362,-0.0402,1.5749,0.000237,-0.0,0.0
8.08,FLIGHT,0.9251,1.5434,0.1264,0.1226,0.125,0.1209,-0.0178,-0.1906,0.0078,0.0093,1.0359,-0.0404,1.5752,0.000237,-0.0,0.0
8.085,FLIGHT,0.9258,1.544,0.1248,0.1207,0.1235,0.1189,-0.0178,-0.1906,0.0078,0.0092,1.0357,-0.0407,1.5755,0.000237,-0.0,0.0
8.09,FLIGHT,0.9264,1.5445,0.1233,0.1188,0.1219,0.117,-0.0177,-0.1905,0.0077,0.009,1.0353,-0.0409,1.5757,0.000236,-0.0,0.0
8.095,FLIGHT,0.927,1.5451,0.1218,0.1169,0.1204,0.1152,-0.0177,-0.1905,0.0077,0.0089,1.035,-0.0411,1.576,0.000236,-0.0,0.0
8.1,FLIGHT,0.9276,1.5457,0.1203,0.115,0.119,0.1133,-0.0177,-0.1904,0.0076,0.0087,1.0347,-0.0413,1.5762,0.000236,-0.0,0.0
8.105,FLIGHT,0.9282,1.5463,0.1188,0.1132,0.1175,0.1115,-0.0176,-0.1904,0.0076,0.0086,1.0343,-0.0415,1.5765,0.000236,-0.0,0.0
8.11,FLIGHT,0.9288,1.5468,0.1174,0.1114,0.1161,0.1098,-0.0176,-0.1903,0.0075,0.0085,1.0339,-0.0417,1.5767,0.000236,-0.0,0.0
8.115,FLIGHT,0.9293,1.5474,0.1159,0.1096,0.1146,0.108,-0.0175,-0.1903,0.0075,0.0083,1.0335,-0.0419,1.577,0.000235,-0.0,0.0
8.12,FLIGHT,0.9299,1.5479,0.1145,0.1078,0.1132,0.1063,-0.0175,-0.1903,0.0075,0.0082,1.0331,-0.0421,1.5772,0.000235,-0.0,0.0
8.125,FLIGHT,0.9305,1.5484,0.1131,0.1061,0.1118,0.1046,-0.0175,-0.1902,0.0074,0.008,1.0326,-0.0423,1.5775,0.000235,-0.0,0.0
8.13,FLIGHT,0.931,1.5489,0.1117,0.1044,0.1105,0.103,-0.0174,-0.1902,0.0074,0.0079,1.0322,-0.0425,1.5777,0.000235,-0.0,0.0
8.135,FLIGHT,0.9316,1.5494,0.1103,0.1028,0.1091,0.1013,-0.0174,-0.1901,0.0073,0.0078,1.0317,-0.0427,1.5779,0.000235,-0.0,0.0
8.14,FLIGHT,0.9321,1.5499,0.109,0.1012,0.1078,0.0997,-0.0174,-0.1901,0.0073,0.0077,1.0312,-0.0429,1.5782,0.000234,-0.0,0.0
8.145,FLIGHT,0.9326,1.5504,0.1076,0.0996,0.1065,0.0982,-0.0173,-0.1901,0.0072,0.0075,1.0306,-0.0431,1.5784,0.000234,-0.0,0.0
8.15,FLIGHT,0.9332,1.5509,0.1063,0.098,0.1051,0.0966,-0.0173,-0.19,0.0072,0.0074,1.0301,-0.0433,1.5786,0.000234,-0.0,0.0
8.155,FLIGHT,0.9337,1.5514,0.105,0.0965,0.1038,0.0951,-0.0172,-0.19,0.0071,0.0073,1.0295,-0.0435,1.5788,0.000234,-0.0,0.0
8.16,FLIGHT,0.9342,1.5519,0.1037,0.095,0.1026,0.0936,-0.0172,-0.19,0.0071,0.0072,1.029,-0.0437,1.5791,0.000234,-0.0,0.0
8.165,FLIGHT,0.9347,1.5523,0.1024,0.0935,0.1013,0.0921,-0.0172,-0.1899,0.007,0.0071,1.0284,-0.0439,1.5793,0.000234,-0.0,0.0
8.17,FLIGHT,0.9352,1.5528,0.1012,0.092,0.1001,0.0907,-0.0171,-0.1899,0.007,0.007,1.0277,-0.0441,1.5795,0.000233,-0.0,0.0
8.175,FLIGHT,0.9357,1.5533,0.0999,0.0906,0.0988,0.0893,-0.0171,-0.1899,0.0069,0.0068,1.0271,-0.0443,1.5797,0.000233,-0.0,0.0
8.18,FLIGHT,0.9362,1.5537,0.0987,0.0892,0.0976,0.0879,-0.0171,-0.1898,0.0069,0.0067,1.0265,-0.0445,1.5799,0.000233,-0.0,0.0
8.185,FLIGHT,0.9367,1.5541,0.0975,0.0878,0.0964,0.0866,-0.017,-0.1898,0.0068,0.0066,1.0258,-0.0447,1.5801,0.000233,-0.0,0.0
8.19,FLIGHT,0.9372,1.5546,0.0963,0.0864,0.0952,0.0852,-0.017,-0.1898,0.0068,0.0065,1.0251,-0.0448,1.5803,0.000233,-0.0,0.0
8.195,FLIGHT,0.9377,1.555,0.0951,0.0851,0.094,0.0839,-0.017,-0.1897,0.0067,0.0064,1.0244,-0.045,1.5805,0.000233,-0.0,0.0
8.2,FLIGHT,0.9381,1.5554,0.0939,0.0838,0.0928,0.0827,-0.0169,-0.1897,0.0067,0.0063,1.0237,-0.0452,1.5807,0.000232,-0.0,0.0
8.205,FLIGHT,0.9386,1.5558,0.0927,0.0825,0.0917,0.0814,-0.0169,-0.1897,0.0066,0.0062,1.023,-0.0454,1.5809,0.000232,-0.0,0.0
8.21,FLIGHT,0.939,1.5562,0.0916,0.0813,0.0905,0.0802,-0.0169,-0.1896,0.0066,0.0061,1.0222,-0.0456,1.5811,0.000232,-0.0,0.0
8.215,FLIGHT,0.9395,1.5566,0.0904,0.08,0.0894,0.0789,-0.0168,-0.1896,0.0065,0.006,1.0214,-0.0457,1.5813,0.000232,-0.0,0.0
8.22,FLIGHT,0.9399,1.557,0.0893,0.0788,0.0883,0.0778,-0.0168,-0.1896,0.0064,0.0059,1.0206,-0.0459,1.5815,0.000232,-0.0,0.0
8.225,FLIGHT,0.9404,1.5574,0.0881,0.0776,0.0871,0.0766,-0.0168,-0.1895,0.0064,0.0058,1.0198,-0.0461,1.5817,0.000232,-0.0,0.0
8.23,FLIGHT,0.9408,1.5578,0.087,0.0765,0.086,0.0754,-0.0167,-0.1895,0.0063,0.0058,1.019,-0.0462,1.5819,0.000232,-0.0,0.0
8.235,FLIGHT,0.9412,1.5581,0.0859,0.0753,0.0849,0.0743,-0.0167,-0.1895,0.0063,0.0057,1.0182,-0.0464,1.5821,0.000232,-0.0,0.0
8.24,FLIGHT,0.9417,1.5585,0.0848,0.0742,0.0839,0.0732,-0.0167,-0.1895,0.0062,0.0056,1.0173,-0.0466,1.5823,0.000231,-0.0,0.0
8.245,FLIGHT,0.9421,1.5589,0.0837,0.0731,0.0828,0.0721,-0.0167,-0.1894,0.0061,0.0055,1.0165,-0.0468,1.5824,0.000231,-0.0,0.0
8.25,FLIGHT,0.9425,1.5592,0.0827,0.072,0.0817,0.0711,-0.0166,-0.1894,0.0061,0.0054,1.0156,-0.0469,1.5826,0.000231,-0.0,0.0
8.255,FLIGHT,0.9429,1.5596,0.0816,0.071,0.0806,0.07,-0.0166,-0.1894,0.006,0.0053,1.0147,-0.0471,1.5828,0.000231,-0.0,0.0
8.26,FLIGHT,0.9433,1.5599,0.0805,0.0699,0.0796,0.069,-0.0166,-0.1894,0.0059,0.0053,1.0138,-0.0473,1.583,0.000231,-0.0,0.0
8.265,FLIGHT,0.9437,1.5603,0.0795,0.0689,0.0786,0.068,-0.0165,-0.1893,0.0059,0.0052,1.0128,-0.0474,1.5832,0.000231,-0.0,0.0
8.27,FLIGHT,0.9441,1.5606,0.0785,0.0679,0.0775,0.067,-0.0165,-0.1893,0.0058,0.0051,1.0119,-0.0476,1.5833,0.000231,-0.0,0.0
8.275,FLIGHT,0.9445,1.5609,0.0774,0.0669,0.0765,0.0661,-0.0165,-0.1893,0.0058,0.005,1.0109,-0.0478,1.5835,0.000231,-0.0,0.0
8.28,FLIGHT,0.9448,1.5613,0.0764,0.066,0.0755,0.0651,-0.0164,-0.1893,0.0057,0.005,1.01,-0.0479,1.5837,0.000231,-0.0,0.0
8.285,FLIGHT,0.9452,1.5616,0.0754,0.065,0.0745,0.0642,-0.0164,-0.1892,0.0056,0.0049,1.009,-0.0481,1.5838,0.000231,-0.0,0.0
8.29,FLIGHT,0.9456,1.5619,0.0744,0.0641,0.0735,0.0633,-0.0164,-0.1892,0.0055,0.0048,1.008,-0.0483,1.584,0.00023,-0.0,0.0
8.295,FLIGHT,0.9459,1.5622,0.0734,0.0632,0.0725,0.0624,-0.0164,-0.1892,0.0055,0.0048,1.007,-0.0484,1.5842,0.00023,-0.0,0.0
8.3,FLIGHT,0.9463,1.5625,0.0724,0.0623,0.0715,0.0615,-0.0163,-0.1892,0.0054,0.0047,1.0059,-0.0486,1.5843,0.00023,-0.0,0.0
8.305,FLIGHT,0.9467,1.5628,0.0714,0.0614,0.0705,0.0607,-0.0163,-0.1891,0.0053,0.0046,1.0049,-0.0487,1.5845,0.00023,-0.0,0.0
8.31,FLIGHT,0.947,1.5631,0.0704,0.0606,0.0695,0.0598,-0.0163,-0.1891,0.0053,0.0046,1.0038,-0.0489,1.5847,0.00023,-0.0,0.0
8.315,FLIGHT,0.9474,1.5634,0.0694,0.0597,0.0686,0.059,-0.0163,-0.1891,0.0052,0.0045,1.0028,-0.049,1.5848,0.00023,-0.0,0.0
8.32,FLIGHT,0.9477,1.5637,0.0685,0.0589,0.0676,0.0582,-0.0162,-0.1891,0.0051,0.0044,1.0017,-0.0492,1.585,0.00023,-0.0,0.0
8.325,FLIGHT,0.948,1.564,0.0675,0.0581,0.0667,0.0574,-0.0162,-0.189,0.005,0.0044,1.0006,-0.0494,1.5851,0.00023,-0.0,0.0
8.33,STANCE,0.9491,1.5645,0.1941,0.0893,0.5789,0.0113,-0.0161,-0.189,0.0248,0.0053,0.9996,0.186,-0.3765,-0.000497,-0.3925,0.079
8.335,STANCE,0.9538,1.5622,0.7317,-0.3533,1.0949,-1.21,-0.0149,-0.1893,0.1858,-0.0438,0.9984,-0.1605,-0.8345,-0.002832,-0.4272,0.0883
8.34,STANCE,0.9584,1.5561,0.8023,-0.8635,0.3093,-0.444,-0.0132,-0.1899,0.2687,-0.0898,0.9976,-0.4568,-1.2126,-0.004463,-0.1474,0.0339
8.345,STANCE,0.9585,1.556,0.2658,-0.2744,-0.0377,0.092,-0.0131,-0.19,0.0875,-0.0287,0.9976,-0.5117,-1.9742,-0.004698,0.0201,0.0047
8.35,STANCE,0.9592,1.5552,0.1939,-0.2217,0.3376,-0.4692,-0.0129,-0.19,0.0668,-0.0228,0.998,-0.7387,-2.3679,-0.004437,0.0758,0.0044
8.355,STANCE,0.9612,1.5486,0.3395,-1.1034,0.5223,-2.1587,-0.0116,-0.1907,0.2144,-0.1036,0.998,-1.0443,-2.1426,-0.003803,0.1426,0.0038
8.36,STANCE,0.9656,1.5389,0.7359,-1.6779,1.2296,-2.1612,-0.0095,-0.1916,0.3708,-0.1554,0.9982,-1.4064,-1.7971,-0.003519,-0.0122,0.006
8.365,STANCE,0.9725,1.5263,1.1864,-2.3014,1.234,-3.1615,-0.0064,-0.1927,0.5478,-0.2049,0.9983,-1.7169,-1.2099,-0.003651,0.031,0.0037
8.37,STANCE,0.9791,1.5105,1.2829,-2.8519,1.3885,-2.9893,-0.0029,-0.1941,0.6498,-0.2394,0.9983,-1.7507,-0.5017,-0.00361,-0.0233,0.0083
8.375,STANCE,0.9846,1.495,1.1335,-3.0268,0.8415,-3.1312,0.0003,-0.1953,0.6519,-0.2407,0.9985,-1.5184,0.1092,-0.003489,0.0593,0.0035
8.38,STANCE,0.9882,1.4804,0.8303,-2.9298,0.586,-2.6915,0.0031,-0.1965,0.584,-0.2231,0.9988,-1.0782,0.5913,-0.003197,0.0608,0.0032
8.385,STANCE,0.99,1.4673,0.5037,-2.7049,0.215,-2.5087,0.0054,-0.1975,0.4911,-0.1999,0.9991,-0.5578,0.9455,-0.002756,0.1044,0.0028
8.39,STANCE,0.9906,1.4553,0.2388,-2.4836,0.0475,-2.3066,0.0072,-0.1984,0.4093,-0.1797,0.9996,-0.107,1.1739,-0.002192,0.1215,0.0022
8.395,STANCE,0.9908,1.4442,0.0947,-2.3009,0.0374,-2.1364,0.0089,-0.1992,0.356,-0.1635,1.0001,0.1032,1.2369,-0.001564,0.1238,0.0016
8.4,FLIGHT,0.9903,1.435,-0.058,-1.929,-0.4224,-1.2687,0.0101,-0.1998,0.2723,-0.1359,1.0007,-1.1621,2.4578,-0.00092,0.1477,0.0009
8.405,FLIGHT,0.9864,1.4315,-0.589,-1.0348,-1.1121,-0.1818,0.0099,-0.2001,0.0344,-0.0785,1.0017,-0.9642,2.2881,-8.9e-05,0.1812,0.0001
8.41,FLIGHT,0.9796,1.4326,-1.1283,-0.1484,-1.5496,0.5572,0.0084,-0.2001,-0.204,-0.02,1.0029,-0.714,2.0805,0.000644,0.1124,0.0
8.415,FLIGHT,0.9713,1.4366,-1.5059,0.5103,-1.7585,0.9822,0.0061,-0.1999,-0.3753,0.0281,1.0042,-0.4927,1.8995,0.001068,0.0602,0.0
8.42,FLIGHT,0.9624,1.4421,-1.698,0.9148,-1.7948,1.175,0.0035,-0.1995,-0.471,0.0628,1.0056,-0.3245,1.7636,0.001275,0.0253,0.0
8.425,FLIGHT,0.9535,1.4481,-1.7375,1.1126,-1.7184,1.2161,0.0009,-0.199,-0.5055,0.0845,1.007,-0.2078,1.6708,0.001341,0.0028,0.0
8.43,FLIGHT,0.9453,1.4541,-1.6714,1.1671,-1.5783,1.1692,-0.0016,-0.1986,-0.4981,0.0953,1.0084,-0.1318,1.612,0.001318,-0.011,0.0022
8.435,FLIGHT,0.9378,1.4597,-1.5425,1.1339,-1.4093,1.0784,-0.0039,-0.1981,-0.4658,0.0981,1.0098,-0.0848,1.5771,0.001242,-0.0188,0.0038
8.44,FLIGHT,0.9312,1.4648,-1.383,1.0544,-1.2336,0.9715,-0.0059,-0.1977,-0.4213,0.0956,1.0111,-0.0569,1.558,0.001137,-0.0225,0.0045
8.445,FLIGHT,0.9255,1.4694,-1.2145,0.9558,-1.064,0.8646,-0.0077,-0.1972,-0.3729,0.09,1.0123,-0.0408,1.5484,0.001021,-0.0236,0.0047
8.45,FLIGHT,0.9205,1.4735,-1.05,0.8546,-0.9069,0.7658,-0.0092,-0.1968,-0.3252,0.0828,1.0136,-0.0318,1.5443,0.000904,-0.0231,0.0046
8.455,FLIGHT,0.9164,1.4771,-0.8965,0.7595,-0.7652,0.6786,-0.0105,-0.1965,-0.281,0.0753,1.0148,-0.0268,1.5432,0.000792,-0.0215,0.0043
8.46,FLIGHT,0.9129,1.4803,-0.7572,0.6746,-0.6391,0.6036,-0.0117,-0.1962,-0.2413,0.0679,1.0159,-0.0239,1.5436,0.000689,-0.0194,0.0039
8.465,FLIGHT,0.9099,1.4831,-0.6328,0.601,-0.5279,0.54,-0.0126,-0.1959,-0.2063,0.0611,1.017,-0.0223,1.5447,0.000599,-0.0169,0.0034
8.47,FLIGHT,0.9076,1.4857,-0.5228,0.5382,-0.4304,0.4867,-0.0134,-0.1956,-0.1757,0.055,1.0181,-0.0213,1.5459,0.00052,-0.0145,0.0029
8.475,FLIGHT,0.9056,1.488,-0.4261,0.4854,-0.3451,0.4421,-0.0141,-0.1954,-0.1493,0.0495,1.0191,-0.0207,1.5472,0.000454,-0.0121,0.0024
8.48,FLIGHT,0.9041,1.4901,-0.3414,0.4411,-0.2706,0.4049,-0.0147,-0.1952,-0.1265,0.0448,1.0201,-0.0203,1.5485,0.000399,-0.0098,0.002
8.485,FLIGHT,0.9029,1.4921,-0.2675,0.4041,-0.2057,0.3739,-0.0152,-0.195,-0.1069,0.0407,1.021,-0.0201,1.5496,0.000355,-0.0079,0.0016
8.49,FLIGHT,0.902,1.4939,-0.203,0.3732,-0.1492,0.348,-0.0156,-0.1948,-0.09,0.0371,1.022,-0.02,1.5507,0.00032,-0.0062,0.0012
8.495,FLIGHT,0.9014,1.4956,-0.1468,0.3474,-0.1,0.3263,-0.016,-0.1946,-0.0755,0.0341,1.0229,-0.0201,1.5518,0.000292,-0.0048,0.001
8.5,FLIGHT,0.901,1.4972,-0.098,0.3258,-0.0574,0.3081,-0.0163,-0.1945,-0.063,0.0314,1.0237,-0.0203,1.5527,0.000271,-0.0037,0.0007
8.505,FLIGHT,0.9008,1.4987,-0.0557,0.3077,-0.0204,0.2929,-0.0165,-0.1944,-0.0523,0.0292,1.0246,-0.0205,1.5536,0.000255,-0.0028,0.0006
8.51,FLIGHT,0.9008,1.5001,-0.019,0.2925,0.0115,0.28,-0.0167,-0.1942,-0.0431,0.0272,1.0254,-0.0209,1.5545,0.000243,-0.002,0.0004
8.515,FLIGHT,0.9009,1.5015,0.0126,0.2797,0.0389,0.2691,-0.0169,-0.1941,-0.0352,0.0256,1.0262,-0.0213,1.5554,0.000235,-0.0014,0.0003
8.52,FLIGHT,0.9012,1.5028,0.0399,0.2688,0.0625,0.2599,-0.017,-0.194,-0.0284,0.0241,1.027,-0.0218,1.5562,0.000229,-0.0009,0.0002
8.525,FLIGHT,0.9015,1.5041,0.0633,0.2596,0.0826,0.252,-0.0171,-0.1939,-0.0226,0.0229,1.0277,-0.0223,1.557,0.000225,-0.0006,0.0001
8.53,FLIGHT,0.902,1.5053,0.0833,0.2517,0.0998,0.2451,-0.0172,-0.1938,-0.0177,0.0219,1.0284,-0.0228,1.5578,0.000223,-0.0003,0.0001
8.535,FLIGHT,0.9025,1.5065,0.1003,0.2449,0.1143,0.2392,-0.0172,-0.1937,-0.0134,0.0209,1.0291,-0.0233,1.5585,0.000222,-0.0001,0.0
8.54,FLIGHT,0.9031,1.5077,0.1147,0.239,0.1265,0.234,-0.0173,-0.1936,-0.0099,0.0202,1.0297,-0.0239,1.5592,0.000222,0.0,0.0
8.545,FLIGHT,0.9038,1.5089,0.1268,0.2337,0.1367,0.2294,-0.0173,-0.1935,-0.0068,0.0195,1.0304,-0.0245,1.5599,0.000222,0.0001,0.0
8.55,FLIGHT,0.9045,1.51,0.1369,0.2291,0.1451,0.2252,-0.0173,-0.1934,-0.0042,0.0189,1.031,-0.025,1.5605,0.000223,0.0002,0.0
8.555,FLIGHT,0.9052,1.5111,0.1453,0.2249,0.1521,0.2214,-0.0173,-0.1933,-0.0021,0.0184,1.0316,-0.0256,1.5612,0.000224,0.0003,0.0
8.56,FLIGHT,0.906,1.5122,0.1522,0.2212,0.1577,0.2179,-0.0173,-0.1932,-0.0002,0.0179,1.0321,-0.0261,1.5618,0.000226,0.0003,0.0
8.565,FLIGHT,0.9068,1.5133,0.1577,0.2177,0.1622,0.2146,-0.0173,-0.1931,0.0013,0.0175,1.0327,-0.0267,1.5624,0.000227,0.0003,0.0
8.57,FLIGHT,0.9076,1.5143,0.1621,0.2144,0.1656,0.2115,-0.0173,-0.193,0.0026,0.0171,1.0332,-0.0272,1.563,0.000228,0.0003,0.0
8.575,FLIGHT,0.9085,1.5154,0.1656,0.2113,0.1683,0.2086,-0.0173,-0.1929,0.0037,0.0168,1.0336,-0.0277,1.5635,0.00023,0.0003,0.0
8.58,FLIGHT,0.9093,1.5164,0.1682,0.2083,0.1702,0.2057,-0.0172,-0.1929,0.0045,0.0165,1.0341,-0.0282,1.5641,0.000231,0.0002,0.0
8.585,FLIGHT,0.9102,1.5175,0.1701,0.2055,0.1714,0.203,-0.0172,-0.1928,0.0053,0.0162,1.0345,-0.0287,1.5646,0.000232,0.0002,0.0
8.59,FLIGHT,0.911,1.5185,0.1713,0.2027,0.1722,0.2003,-0.0172,-0.1927,0.0059,0.0159,1.0349,-0.0292,1.5651,0.000233,0.0002,0.0
8.595,FLIGHT,0.9119,1.5195,0.172,0.2,0.1724,0.1976,-0.0172,-0.1926,0.0064,0.0157,1.0353,-0.0296,1.5656,0.000234,0.0002,0.0
8.6,FLIGHT,0.9128,1.5204,0.1723,0.1973,0.1723,0.195,-0.0171,-0.1925,0.0068,0.0154,1.0357,-0.0301,1.566,0.000235,0.0002,0.0
8.605,FLIGHT,0.9136,1.5214,0.1721,0.1947,0.1718,0.1923,-0.0171,-0.1925,0.0071,0.0152,1.036,-0.0305,1.5665,0.000236,0.0001,0.0
8.61,FLIGHT,0.9145,1.5224,0.1717,0.1921,0.1711,0.1897,-0.017,-0.1924,0.0073,0.015,1.0363,-0.0309,1.567,0.000236,0.0001,0.0
8.615,FLIGHT,0.9153,1.5233,0.1709,0.1895,0.1702,0.1871,-0.017,-0.1923,0.0075,0.0147,1.0366,-0.0313,1.5674,0.000237,0.0001,0.0
8.62,FLIGHT,0.9162,1.5242,0.17,0.1869,0.169,0.1846,-0.017,-0.1922,0.0077,0.0145,1.0369,-0.0317,1.5678,0.000237,0.0001,0.0
8.625,FLIGHT,0.917,1.5252,0.1688,0.1843,0.1677,0.182,-0.0169,-0.1922,0.0078,0.0143,1.0371,-0.0321,1.5682,0.000238,0.0001,0.0
8.63,FLIGHT,0.9179,1.5261,0.1675,0.1817,0.1662,0.1794,-0.0169,-0.1921,0.0079,0.0141,1.0373,-0.0325,1.5686,0.000238,0.0,0.0
8.635,FLIGHT,0.9187,1.5269,0.166,0.1792,0.1647,0.1769,-0.0169,-0.192,0.0079,0.0139,1.0375,-0.0328,1.569,0.000238,0.0,0.0
8.64,FLIGHT,0.9195,1.5278,0.1645,0.1766,0.163,0.1743,-0.0168,-0.192,0.008,0.0137,1.0377,-0.0332,1.5694,0.000238,0.0,0.0
8.645,FLIGHT,0.9203,1.5287,0.1628,0.174,0.1613,0.1718,-0.0168,-0.1919,0.008,0.0135,1.0378,-0.0335,1.5698,0.000238,0.0,0.0
8.65,FLIGHT,0.9211,1.5295,0.1611,0.1715,0.1596,0.1692,-0.0167,-0.1918,0.008,0.0133,1.0379,-0.0339,1.5702,0.000238,0.0,0.0
8.655,FLIGHT,0.9219,1.5304,0.1594,0.169,0.1578,0.1667,-0.0167,-0.1918,0.008,0.0131,1.038,-0.0342,1.5706,0.000238,-0.0,0.0
8.66,FLIGHT,0.9227,1.5312,0.1576,0.1664,0.156,0.1642,-0.0167,-0.1917,0.0079,0.0129,1.0381,-0.0345,1.5709,0.000238,-0.0,0.0
8.665,FLIGHT,0.9235,1.532,0.1558,0.1639,0.1541,0.1617,-0.0166,-0.1916,0.0079,0.0127,1.0382,-0.0348,1.5713,0.000238,-0.0,0.0
8.67,FLIGHT,0.9242,1.5328,0.1539,0.1615,0.1523,0.1592,-0.0166,-0.1916,0.0079,0.0125,1.0382,-0.0351,1.5716,0.000238,-0.0,0.0
8.675,FLIGHT,0.925,1.5336,0.1521,0.159,0.1504,0.1568,-0.0165,-0.1915,0.0079,0.0123,1.0382,-0.0354,1.572,0.000238,-0.0,0.0
8.68,FLIGHT,0.9257,1.5344,0.1502,0.1565,0.1486,0.1543,-0.0165,-0.1915,0.0078,0.0121,1.0382,-0.0357,1.5723,0.000238,-0.0,0.0
8.685,FLIGHT,0.9265,1.5352,0.1484,0.1541,0.1467,0.1519,-0.0165,-0.1914,0.0078,0.0119,1.0382,-0.036,1.5726,0.000238,-0.0,0.0
8.69,FLIGHT,0.9272,1.5359,0.1465,0.1517,0.1449,0.1496,-0.0164,-0.1913,0.0077,0.0117,1.0381,-0.0363,1.5729,0.000237,-0.0,0.0
8.695,FLIGHT,0.9279,1.5367,0.1447,0.1493,0.143,0.1472,-0.0164,-0.1913,0.0077,0.0115,1.038,-0.0365,1.5733,0.000237,-0.0,0.0
8.7,FLIGHT,0.9286,1.5374,0.1428,0.147,0.1412,0.1449,-0.0163,-0.1912,0.0077,0.0114,1.0379,-0.0368,1.5736,0.000237,-0.0,0.0
8.705,FLIGHT,0.9293,1.5381,0.141,0.1446,0.1394,0.1426,-0.0163,-0.1912,0.0076,0.0112,1.0378,-0.0371,1.5739,0.000237,-0.0,0.0
8.71,FLIGHT,0.93,1.5388,0.1392,0.1423,0.1376,0.1403,-0.0163,-0.1911,0.0076,0.011,1.0376,-0.0373,1.5742,0.000236,-0.0,0.0
8.715,FLIGHT,0.9307,1.5395,0.1375,0.1401,0.1359,0.138,-0.0162,-0.1911,0.0075,0.0108,1.0375,-0.0376,1.5745,0.000236,-0.0,0.0
8.72,FLIGHT,0.9314,1.5402,0.1357,0.1378,0.1341,0.1358,-0.0162,-0.191,0.0075,0.0107,1.0373,-0.0379,1.5748,0.000236,-0.0,0.0
8.725,FLIGHT,0.9321,1.5409,0.134,0.1356,0.1324,0.1336,-0.0162,-0.191,0.0074,0.0105,1.0371,-0.0381,1.5751,0.000236,-0.0,0.0
8.73,FLIGHT,0.9327,1.5415,0.1322,0.1334,0.1307,0.1315,-0.0161,-0.1909,0.0074,0.0103,1.0368,-0.0383,1.5753,0.000236,-0.0,0.0
8.735,FLIGHT,0.9334,1.5422,0.1305,0.1313,0.129,0.1294,-0.0161,-0.1909,0.0074,0.0101,1.0366,-0.0386,1.5756,0.000235,-0.0,0.0
8.74,FLIGHT,0.934,1.5428,0.1289,0.1292,0.1274,0.1273,-0.016,-0.1908,0.0073,0.01,1.0363,-0.0388,1.5759,0.000235,-0.0,0.0
8.745,FLIGHT,0.9346,1.5435,0.1272,0.1271,0.1257,0.1252,-0.016,-0.1908,0.0073,0.0098,1.036,-0.0391,1.5762,0.000235,-0.0,0.0
8.75,FLIGHT,0.9353,1.5441,0.1256,0.125,0.1241,0.1232,-0.016,-0.1907,0.0072,0.0097,1.0357,-0.0393,1.5764,0.000235,-0.0,0.0
8.755,FLIGHT,0.9359,1.5447,0.124,0.123,0.1225,0.1212,-0.0159,-0.1907,0.0072,0.0095,1.0353,-0.0395,1.5767,0.000234,-0.0,0.0
8.76,FLIGHT,0.9365,1.5453,0.1224,0.121,0.121,0.1193,-0.0159,-0.1906,0.0071,0.0093,1.035,-0.0398,1.577,0.000234,-0.0,0.0
8.765,FLIGHT,0.9371,1.5459,0.1208,0.1191,0.1194,0.1173,-0.0159,-0.1906,0.0071,0.0092,1.0346,-0.04,1.5772,0.000234,-0.0,0.0
8.77,FLIGHT,0.9377,1.5465,0.1192,0.1172,0.1179,0.1154,-0.0158,-0.1905,0.0071,0.009,1.0342,-0.0402,1.5775,0.000234,-0.0,0.0
8.775,FLIGHT,0.9383,1.547,0.1177,0.1153,0.1163,0.1136,-0.0158,-0.1905,0.007,0.0089,1.0338,-0.0404,1.5777,0.000233,-0.0,0.0
8.78,FLIGHT,0.9388,1.5476,0.1162,0.1134,0.1149,0.1118,-0.0158,-0.1904,0.007,0.0087,1.0334,-0.0406,1.578,0.000233,-0.0,0.0
8.785,FLIGHT,0.9394,1.5482,0.1147,0.1116,0.1134,0.11,-0.0157,-0.1904,0.0069,0.0086,1.0329,-0.0409,1.5782,0.000233,-0.0,0.0
8.79,FLIGHT,0.94,1.5487,0.1132,0.1098,0.1119,0.1082,-0.0157,-0.1904,0.0069,0.0085,1.0324,-0.0411,1.5785,0.000233,-0.0,0.0
8.795,FLIGHT,0.9405,1.5492,0.1118,0.108,0.1105,0.1065,-0.0157,-0.1903,0.0068,0.0083,1.0319,-0.0413,1.5787,0.000233,-0.0,0.0
8.8,FLIGHT,0.9411,1.5498,0.1103,0.1063,0.1091,0.1048,-0.0156,-0.1903,0.0068,0.0082,1.0314,-0.0415,1.579,0.000232,-0.0,0.0
8.805,FLIGHT,0.9416,1.5503,0.1089,0.1046,0.1077,0.1031,-0.0156,-0.1902,0.0067,0.0081,1.0309,-0.0417,1.5792,0.000232,-0.0,0.0
8.81,FLIGHT,0.9422,1.5508,0.1075,0.1029,0.1063,0.1014,-0.0156,-0.1902,0.0067,0.0079,1.0304,-0.0419,1.5794,0.000232,-0.0,0.0
8.815,FLIGHT,0.9427,1.5513,0.1061,0.1013,0.1049,0.0998,-0.0155,-0.1902,0.0066,0.0078,1.0298,-0.0421,1.5796,0.000232,-0.0,0.0
8.82,FLIGHT,0.9432,1.5518,0.1048,0.0997,0.1035,0.0982,-0.0155,-0.1901,0.0066,0.0077,1.0292,-0.0423,1.5799,0.000232,-0.0,0.0
8.825,FLIGHT,0.9437,1.5523,0.1034,0.0981,0.1022,0.0967,-0.0155,-0.1901,0.0065,0.0075,1.0286,-0.0425,1.5801,0.000231,-0.0,0.0
8.83,FLIGHT,0.9442,1.5528,0.1021,0.0965,0.1009,0.0952,-0.0154,-0.19,0.0065,0.0074,1.028,-0.0427,1.5803,0.000231,-0.0,0.0
8.835,FLIGHT,0.9447,1.5532,0.1007,0.095,0.0996,0.0937,-0.0154,-0.19,0.0064,0.0073,1.0273,-0.0429,1.5805,0.000231,-0.0,0.0
8.84,FLIGHT,0.9452,1.5537,0.0994,0.0935,0.0983,0.0922,-0.0154,-0.19,0.0064,0.0072,1.0267,-0.0431,1.5807,0.000231,-0.0,0.0
8.845,FLIGHT,0.9457,1.5542,0.0981,0.092,0.097,0.0907,-0.0153,-0.1899,0.0063,0.0071,1.026,-0.0433,1.581,0.000231,-0.0,0.0
8.85,FLIGHT,0.9462,1.5546,0.0969,0.0906,0.0957,0.0893,-0.0153,-0.1899,0.0063,0.007,1.0253,-0.0435,1.5812,0.000231,-0.0,0.0
8.855,FLIGHT,0.9467,1.555,0.0956,0.0892,0.0945,0.0879,-0.0153,-0.1899,0.0062,0.0068,1.0246,-0.0437,1.5814,0.00023,-0.0,0.0
8.86,FLIGHT,0.9471,1.5555,0.0943,0.0878,0.0932,0.0866,-0.0152,-0.1898,0.0062,0.0067,1.0239,-0.0439,1.5816,0.00023,-0.0,0.0
8.865,FLIGHT,0.9476,1.5559,0.0931,0.0864,0.092,0.0852,-0.0152,-0.1898,0.0061,0.0066,1.0231,-0.0441,1.5818,0.00023,-0.0,0.0
8.87,FLIGHT,0.9481,1.5563,0.0919,0.0851,0.0908,0.0839,-0.0152,-0.1898,0.0061,0.0065,1.0224,-0.0442,1.582,0.00023,-0.0,0.0
8.875,FLIGHT,0.9485,1.5567,0.0907,0.0838,0.0896,0.0826,-0.0151,-0.1897,0.006,0.0064,1.0216,-0.0444,1.5822,0.00023,-0.0,0.0
8.88,FLIGHT,0.949,1.5572,0.0895,0.0825,0.0884,0.0813,-0.0151,-0.1897,0.0059,0.0063,1.0208,-0.0446,1.5824,0.00023,-0.0,0.0
8.885,FLIGHT,0.9494,1.5576,0.0883,0.0812,0.0872,0.0801,-0.0151,-0.1897,0.0059,0.0062,1.02,-0.0448,1.5826,0.00023,-0.0,0.0
8.89,FLIGHT,0.9498,1.558,0.0871,0.08,0.0861,0.0789,-0.0151,-0.1896,0.0058,0.0061,1.0192,-0.045,1.5828,0.000229,-0.0,0.0
8.895,FLIGHT,0.9503,1.5584,0.0859,0.0788,0.0849,0.0777,-0.015,-0.1896,0.0058,0.006,1.0183,-0.0452,1.583,0.000229,-0.0,0.0
8.9,FLIGHT,0.9507,1.5587,0.0848,0.0776,0.0838,0.0765,-0.015,-0.1896,0.0057,0.006,1.0175,-0.0453,1.5831,0.000229,-0.0,0.0
8.905,FLIGHT,0.9511,1.5591,0.0837,0.0764,0.0826,0.0753,-0.015,-0.1896,0.0056,0.0059,1.0166,-0.0455,1.5833,0.000229,-0.0,0.0
8.91,FLIGHT,0.9515,1.5595,0.0825,0.0752,0.0815,0.0742,-0.0149,-0.1895,0.0056,0.0058,1.0157,-0.0457,1.5835,0.000229,-0.0,0.0
8.915,FLIGHT,0.9519,1.5599,0.0814,0.0741,0.0804,0.0731,-0.0149,-0.1895,0.0055,0.0057,1.0148,-0.0459,1.5837,0.000229,-0.0,0.0
8.92,FLIGHT,0.9523,1.5602,0.0803,0.073,0.0793,0.072,-0.0149,-0.1895,0.0054,0.0056,1.0139,-0.046,1.5839,0.000229,-0.0,0.0
8.925,FLIGHT,0.9527,1.5606,0.0792,0.0719,0.0782,0.0709,-0.0149,-0.1894,0.0054,0.0055,1.013,-0.0462,1.5841,0.000229,-0.0,0.0
8.93,FLIGHT,0.9531,1.5609,0.0781,0.0708,0.0771,0.0699,-0.0148,-0.1894,0.0053,0.0054,1.012,-0.0464,1.5842,0.000228,-0.0,0.0
8.935,FLIGHT,0.9535,1.5613,0.077,0.0698,0.0761,0.0689,-0.0148,-0.1894,0.0052,0.0054,1.0111,-0.0466,1.5844,0.000228,-0.0,0.0
8.94,FLIGHT,0.9538,1.5616,0.076,0.0688,0.075,0.0678,-0.0148,-0.1894,0.0052,0.0053,1.0101,-0.0467,1.5846,0.000228,-0.0,0.0
8.945,FLIGHT,0.9542,1.562,0.0749,0.0677,0.0739,0.0668,-0.0148,-0.1893,0.0051,0.0052,1.0091,-0.0469,1.5847,0.000228,-0.0,0.0
8.95,FLIGHT,0.9546,1.5623,0.0738,0.0668,0.0729,0.0659,-0.0147,-0.1893,0.005,0.0051,1.0081,-0.0471,1.5849,0.000228,-0.0,0.0
8.955,FLIGHT,0.9549,1.5626,0.0728,0.0658,0.0719,0.0649,-0.0147,-0.1893,0.005,0.0051,1.0071,-0.0472,1.5851,0.000228,-0.0,0.0
8.96,FLIGHT,0.9553,1.5629,0.0718,0.0648,0.0708,0.064,-0.0147,-0.1893,0.0049,0.005,1.006,-0.0474,1.5853,0.000228,-0.0,0.0
8.965,FLIGHT,0.9557,1.5633,0.0707,0.0639,0.0698,0.0631,-0.0147,-0.1892,0.0048,0.0049,1.005,-0.0476,1.5854,0.000228,-0.0,0.0
8.97,FLIGHT,0.956,1.5636,0.0697,0.063,0.0688,0.0622,-0.0146,-0.1892,0.0048,0.0048,1.0039,-0.0477,1.5856,0.000228,-0.0,0.0
8.975,FLIGHT,0.9563,1.5639,0.0687,0.0621,0.0678,0.0613,-0.0146,-0.1892,0.0047,0.0048,1.0028,-0.0479,1.5857,0.000228,-0.0,0.0
8.98,FLIGHT,0.9567,1.5642,0.0677,0.0612,0.0668,0.0604,-0.0146,-0.1892,0.0046,0.0047,1.0017,-0.048,1.5859,0.000227,-0.0,0.0
8.985,FLIGHT,0.957,1.5645,0.0667,0.0603,0.0658,0.0595,-0.0146,-0.1891,0.0045,0.0046,1.0006,-0.0482,1.5861,0.000227,-0.0,0.0
8.99,STANCE,0.9578,1.5652,0.1454,0.1303,0.4302,0.1916,-0.0145,-0.1891,0.0101,0.01,0.9996,0.1815,-0.268,-0.000309,-0.3298,0.0663
8.995,STANCE,0.962,1.5641,0.6517,-0.1556,1.0662,-0.8472,-0.0136,-0.1892,0.1442,-0.0232,0.9986,-0.1296,-0.7776,-0.002432,-0.4191,0.0862
9.0,STANCE,0.9673,1.5587,0.8985,-0.7502,0.5182,-0.5319,-0.0119,-0.1898,0.2721,-0.0788,0.9977,-0.4932,-1.1266,-0.004216,-0.1914,0.0425
9.005,STANCE,0.9679,1.5583,0.3526,-0.2586,-0.0222,0.1252,-0.0117,-0.1899,0.102,-0.0276,0.9977,-0.5591,-1.8599,-0.004566,0.0079,0.0046
9.01,STANCE,0.9683,1.5582,0.1898,-0.1345,0.2539,-0.2942,-0.0116,-0.1899,0.0543,-0.0144,0.998,-0.7632,-2.3124,-0.004342,0.0722,0.0043
9.015,STANCE,0.9702,1.5537,0.3187,-0.7574,0.267,-2.1533,-0.0106,-0.1903,0.1637,-0.0714,0.9981,-1.0672,-2.2449,-0.003788,0.2014,0.0038
9.02,STANCE,0.9733,1.5446,0.5644,-1.4419,1.001,-1.8431,-0.0088,-0.1911,0.3056,-0.1321,0.9982,-1.3735,-1.9072,-0.003281,0.0123,0.0033
9.025,STANCE,0.9797,1.5337,1.064,-1.9872,1.395,-2.5694,-0.0061,-0.1921,0.4799,-0.1769,0.9983,-1.7109,-1.4038,-0.003413,-0.0338,0.0102
9.03,STANCE,0.986,1.5189,1.2022,-2.6473,1.3459,-2.9056,-0.0028,-0.1934,0.6042,-0.2226,0.9984,-1.7806,-0.6836,-0.003401,-0.0253,0.0085
9.035,STANCE,0.9916,1.5037,1.1352,-2.8934,0.9467,-3.0035,0.0005,-0.1946,0.6321,-0.2306,0.9985,-1.6052,-0.0568,-0.003355,0.0285,0.0034
9.04,STANCE,0.9954,1.4893,0.8657,-2.8758,0.5194,-2.8491,0.0033,-0.1958,0.5823,-0.2194,0.9987,-1.1955,0.4606,-0.003133,0.0742,0.0031
9.045,STANCE,0.9974,1.4759,0.5299,-2.718,0.2344,-2.5538,0.0056,-0.1968,0.4976,-0.2011,0.999,-0.6714,0.858,-0.002744,0.0937,0.0027
9.05,STANCE,0.9981,1.4638,0.2635,-2.5043,0.1165,-2.2614,0.0075,-0.1977,0.4169,-0.1814,0.9994,-0.1963,1.1169,-0.002254,0.0933,0.0023
9.055,STANCE,0.9984,1.4528,0.1231,-2.3015,0.0449,-2.1487,0.0092,-0.1985,0.3616,-0.1635,0.9999,0.0655,1.2111,-0.001728,0.1105,0.0017
9.06,FLIGHT,0.9984,1.4429,0.0274,-2.0475,-0.2422,-1.5309,0.0106,-0.1992,0.3068,-0.1432,1.0004,-1.1447,2.4518,-0.001164,0.1275,0.0012
9.065,FLIGHT,0.9954,1.4382,-0.4463,-1.2358,-0.9528,-0.4037,0.0107,-0.1995,0.093,-0.0911,1.0013,-0.9829,2.3104,-0.000423,0.1656,0.0004
9.07,FLIGHT,0.9893,1.4383,-0.991,-0.3426,-1.431,0.3889,0.0095,-0.1996,-0.1475,-0.0336,1.0024,-0.7421,2.1092,0.000384,0.1339,0.0
9.075,FLIGHT,0.9815,1.4415,-1.3957,0.3541,-1.676,0.8642,0.0074,-0.1994,-0.3301,0.0153,1.0037,-0.5191,1.9258,0.0009,0.0759,0.0
9.08,FLIGHT,0.9729,1.4465,-1.6185,0.8006,-1.7415,1.0962,0.005,-0.1991,-0.4384,0.0515,1.0051,-0.3452,1.7845,0.001173,0.0361,0.0
9.085,FLIGHT,0.9642,1.4522,-1.6845,1.0339,-1.6865,1.1651,0.0024,-0.1987,-0.4836,0.0749,1.0064,-0.2224,1.6863,0.001284,0.0101,0.0
9.09,FLIGHT,0.9561,1.458,-1.6386,1.1147,-1.5608,1.1365,0.0,-0.1983,-0.4842,0.0874,1.0078,-0.1413,1.6229,0.00129,-0.0062,0.0012
9.095,FLIGHT,0.9487,1.4635,-1.5239,1.0996,-1.4011,1.0571,-0.0022,-0.1978,-0.4575,0.0917,1.0091,-0.0906,1.5848,0.001233,-0.0157,0.0031
9.1,FLIGHT,0.9421,1.4685,-1.3737,1.0317,-1.2309,0.9569,-0.0043,-0.1974,-0.4166,0.0904,1.0104,-0.0601,1.5634,0.001141,-0.0207,0.0041
9.105,FLIGHT,0.9364,1.4731,-1.211,0.9402,-1.0645,0.8537,-0.006,-0.197,-0.3703,0.0857,1.0117,-0.0424,1.5523,0.001032,-0.0226,0.0045
9.11,FLIGHT,0.9315,1.4771,-1.05,0.8431,-0.9093,0.7569,-0.0076,-0.1966,-0.3239,0.0793,1.0129,-0.0324,1.5474,0.000918,-0.0226,0.0045
9.115,FLIGHT,0.9273,1.4806,-0.8986,0.7502,-0.7685,0.6706,-0.0089,-0.1963,-0.2804,0.0722,1.0141,-0.0268,1.5458,0.000807,-0.0214,0.0043
9.12,FLIGHT,0.9237,1.4838,-0.7603,0.6664,-0.643,0.596,-0.01,-0.196,-0.241,0.0653,1.0152,-0.0237,1.5459,0.000705,-0.0195,0.0039
9.125,FLIGHT,0.9208,1.4866,-0.6365,0.5932,-0.5321,0.5326,-0.011,-0.1957,-0.2062,0.0588,1.0163,-0.0219,1.5468,0.000613,-0.0172,0.0034
9.13,FLIGHT,0.9184,1.4892,-0.5268,0.5307,-0.4347,0.4793,-0.0118,-0.1955,-0.1758,0.0529,1.0173,-0.0209,1.548,0.000533,-0.0148,0.003
9.135,FLIGHT,0.9164,1.4914,-0.4304,0.4779,-0.3495,0.4347,-0.0125,-0.1952,-0.1494,0.0477,1.0183,-0.0202,1.5493,0.000465,-0.0124,0.0025
9.14,FLIGHT,0.9149,1.4935,-0.3459,0.4336,-0.2752,0.3974,-0.0131,-0.195,-0.1266,0.0432,1.0193,-0.0199,1.5505,0.000409,-0.0102,0.002
9.145,FLIGHT,0.9137,1.4954,-0.272,0.3966,-0.2103,0.3664,-0.0136,-0.1948,-0.107,0.0392,1.0203,-0.0197,1.5516,0.000363,-0.0082,0.0016
9.15,FLIGHT,0.9128,1.4972,-0.2077,0.3658,-0.1539,0.3406,-0.014,-0.1947,-0.0902,0.0358,1.0212,-0.0196,1.5527,0.000326,-0.0066,0.0013
9.155,FLIGHT,0.9121,1.4988,-0.1516,0.34,-0.1049,0.319,-0.0143,-0.1945,-0.0756,0.0329,1.0221,-0.0197,1.5537,0.000297,-0.0051,0.001
9.16,FLIGHT,0.9117,1.5004,-0.1029,0.3185,-0.0623,0.3009,-0.0146,-0.1944,-0.0632,0.0303,1.023,-0.0199,1.5547,0.000274,-0.0039,0.0008
9.165,FLIGHT,0.9115,1.5018,-0.0607,0.3005,-0.0255,0.2857,-0.0149,-0.1942,-0.0525,0.0282,1.0238,-0.0202,1.5556,0.000257,-0.003,0.0006
9.17,FLIGHT,0.9114,1.5032,-0.0241,0.2853,0.0063,0.2729,-0.0151,-0.1941,-0.0433,0.0263,1.0246,-0.0205,1.5565,0.000244,-0.0022,0.0004
9.175,FLIGHT,0.9115,1.5046,0.0074,0.2726,0.0336,0.2622,-0.0152,-0.194,-0.0354,0.0247,1.0254,-0.021,1.5573,0.000235,-0.0015,0.0003
9.18,FLIGHT,0.9118,1.5059,0.0346,0.2619,0.0571,0.253,-0.0154,-0.1939,-0.0287,0.0234,1.0262,-0.0214,1.5581,0.000229,-0.0011,0.0002
9.185,FLIGHT,0.9121,1.5071,0.0579,0.2527,0.0772,0.2452,-0.0155,-0.1938,-0.0229,0.0222,1.0269,-0.0219,1.5589,0.000224,-0.0007,0.0001
9.19,FLIGHT,0.9125,1.5083,0.0778,0.2449,0.0943,0.2385,-0.0155,-0.1937,-0.018,0.0212,1.0276,-0.0225,1.5597,0.000222,-0.0004,0.0001
9.195,FLIGHT,0.9131,1.5095,0.0948,0.2382,0.1087,0.2326,-0.0156,-0.1936,-0.0138,0.0203,1.0283,-0.023,1.5604,0.00022,-0.0002,0.0
9.2,FLIGHT,0.9136,1.5106,0.1091,0.2324,0.1209,0.2275,-0.0156,-0.1935,-0.0102,0.0196,1.0289,-0.0236,1.5611,0.00022,-0.0,0.0
9.205,FLIGHT,0.9143,1.5118,0.1212,0.2273,0.1311,0.223,-0.0157,-0.1934,-0.0072,0.0189,1.0296,-0.0242,1.5618,0.00022,0.0001,0.0
9.21,FLIGHT,0.9149,1.5129,0.1313,0.2228,0.1395,0.2189,-0.0157,-0.1933,-0.0046,0.0184,1.0302,-0.0247,1.5624,0.000221,0.0002,0.0
9.215,FLIGHT,0.9156,1.514,0.1396,0.2187,0.1464,0.2152,-0.0157,-0.1932,-0.0025,0.0179,1.0307,-0.0253,1.563,0.000222,0.0002,0.0
9.22,FLIGHT,0.9164,1.515,0.1464,0.215,0.152,0.2118,-0.0157,-0.1931,-0.0007,0.0175,1.0313,-0.0258,1.5636,0.000223,0.0002,0.0
9.225,FLIGHT,0.9172,1.5161,0.152,0.2116,0.1564,0.2087,-0.0157,-0.193,0.0008,0.0171,1.0318,-0.0264,1.5642,0.000224,0.0003,0.0
9.23,FLIGHT,0.918,1.5171,0.1564,0.2084,0.1599,0.2057,-0.0157,-0.1929,0.0021,0.0167,1.0323,-0.0269,1.5648,0.000225,0.0003,0.0
9.235,FLIGHT,0.9188,1.5181,0.1598,0.2054,0.1625,0.2028,-0.0157,-0.1929,0.0032,0.0164,1.0328,-0.0274,1.5653,0.000227,0.0003,0.0
9.24,FLIGHT,0.9196,1.5191,0.1624,0.2026,0.1644,0.2,-0.0156,-0.1928,0.004,0.0161,1.0332,-0.0279,1.5658,0.000228,0.0002,0.0
9.245,FLIGHT,0.9204,1.5201,0.1643,0.1998,0.1657,0.1974,-0.0156,-0.1927,0.0048,0.0158,1.0337,-0.0284,1.5663,0.000229,0.0002,0.0
9.25,FLIGHT,0.9212,1.5211,0.1655,0.1971,0.1664,0.1947,-0.0156,-0.1926,0.0054,0.0156,1.0341,-0.0289,1.5668,0.00023,0.0002,0.0
9.255,FLIGHT,0.9221,1.5221,0.1662,0.1945,0.1667,0.1922,-0.0155,-0.1925,0.0058,0.0153,1.0345,-0.0293,1.5673,0.000231,0.0002,0.0
9.26,FLIGHT,0.9229,1.523,0.1665,0.1919,0.1665,0.1896,-0.0155,-0.1925,0.0062,0.0151,1.0348,-0.0298,1.5678,0.000232,0.0002,0.0
9.265,FLIGHT,0.9237,1.524,0.1664,0.1893,0.1661,0.1871,-0.0155,-0.1924,0.0065,0.0149,1.0351,-0.0302,1.5682,0.000233,0.0001,0.0
9.27,FLIGHT,0.9246,1.5249,0.1659,0.1868,0.1654,0.1845,-0.0154,-0.1923,0.0068,0.0146,1.0354,-0.0306,1.5687,0.000233,0.0001,0.0
9.275,FLIGHT,0.9254,1.5258,0.1652,0.1843,0.1644,0.182,-0.0154,-0.1922,0.007,0.0144,1.0357,-0.031,1.5691,0.000234,0.0001,0.0
9.28,FLIGHT,0.9262,1.5267,0.1643,0.1818,0.1633,0.1795,-0.0154,-0.1922,0.0071,0.0142,1.036,-0.0314,1.5695,0.000234,0.0001,0.0
9.285,FLIGHT,0.927,1.5276,0.1631,0.1793,0.162,0.177,-0.0153,-0.1921,0.0072,0.014,1.0362,-0.0318,1.5699,0.000235,0.0001,0.0
9.29,FLIGHT,0.9278,1.5285,0.1618,0.1768,0.1606,0.1745,-0.0153,-0.192,0.0073,0.0138,1.0364,-0.0321,1.5703,0.000235,0.0,0.0
9.295,FLIGHT,0.9286,1.5294,0.1604,0.1743,0.1591,0.172,-0.0153,-0.192,0.0074,0.0136,1.0366,-0.0325,1.5707,0.000235,0.0,0.0
9.3,FLIGHT,0.9294,1.5302,0.1589,0.1718,0.1575,0.1695,-0.0152,-0.1919,0.0074,0.0134,1.0368,-0.0328,1.5711,0.000235,0.0,0.0
9.305,FLIGHT,0.9302,1.5311,0.1572,0.1693,0.1558,0.1671,-0.0152,-0.1918,0.0074,0.0132,1.0369,-0.0332,1.5714,0.000235,0.0,0.0
9.31,FLIGHT,0.931,1.5319,0.1556,0.1668,0.154,0.1646,-0.0152,-0.1918,0.0074,0.013,1.037,-0.0335,1.5718,0.000235,0.0,0.0
9.315,FLIGHT,0.9317,1.5327,0.1538,0.1643,0.1523,0.1621,-0.0151,-0.1917,0.0074,0.0128,1.0371,-0.0338,1.5722,0.000235,-0.0,0.0
9.32,FLIGHT,0.9325,1.5335,0.1521,0.1619,0.1505,0.1597,-0.0151,-0.1916,0.0074,0.0126,1.0372,-0.0341,1.5725,0.000235,-0.0,0.0
9.325,FLIGHT,0.9332,1.5343,0.1503,0.1594,0.1487,0.1573,-0.015,-0.1916,0.0074,0.0124,1.0373,-0.0344,1.5728,0.000235,-0.0,0.0
9.33,FLIGHT,0.934,1.5351,0.1485,0.157,0.1468,0.1549,-0.015,-0.1915,0.0073,0.0122,1.0373,-0.0347,1.5732,0.000235,-0.0,0.0
9.335,FLIGHT,0.9347,1.5359,0.1466,0.1546,0.145,0.1525,-0.015,-0.1915,0.0073,0.0121,1.0373,-0.035,1.5735,0.000235,-0.0,0.0
9.34,FLIGHT,0.9354,1.5366,0.1448,0.1522,0.1432,0.1501,-0.0149,-0.1914,0.0073,0.0119,1.0373,-0.0353,1.5738,0.000235,-0.0,0.0
9.345,FLIGHT,0.9361,1.5374,0.143,0.1499,0.1414,0.1477,-0.0149,-0.1913,0.0072,0.0117,1.0372,-0.0356,1.5741,0.000234,-0.0,0.0
9.35,FLIGHT,0.9368,1.5381,0.1412,0.1475,0.1396,0.1454,-0.0149,-0.1913,0.0072,0.0115,1.0372,-0.0359,1.5745,0.000234,-0.0,0.0
9.355,FLIGHT,0.9375,1.5388,0.1394,0.1452,0.1378,0.1431,-0.0148,-0.1912,0.0071,0.0113,1.0371,-0.0362,1.5748,0.000234,-0.0,0.0
9.36,FLIGHT,0.9382,1.5395,0.1376,0.1429,0.136,0.1408,-0.0148,-0.1912,0.0071,0.0111,1.037,-0.0364,1.5751,0.000234,-0.0,0.0
9.365,FLIGHT,0.9389,1.5402,0.1358,0.1406,0.1342,0.1386,-0.0148,-0.1911,0.0071,0.011,1.0368,-0.0367,1.5754,0.000234,-0.0,0.0
9.37,FLIGHT,0.9396,1.5409,0.134,0.1384,0.1324,0.1364,-0.0147,-0.1911,0.007,0.0108,1.0367,-0.0369,1.5757,0.000233,-0.0,0.0
9.375,FLIGHT,0.9402,1.5416,0.1323,0.1362,0.1307,0.1342,-0.0147,-0.191,0.007,0.0106,1.0365,-0.0372,1.5759,0.000233,-0.0,0.0
9.38,FLIGHT,0.9409,1.5422,0.1305,0.134,0.129,0.132,-0.0147,-0.191,0.0069,0.0104,1.0363,-0.0374,1.5762,0.000233,-0.0,0.0
9.385,FLIGHT,0.9415,1.5429,0.1288,0.1318,0.1273,0.1299,-0.0146,-0.1909,0.0069,0.0103,1.0361,-0.0377,1.5765,0.000233,-0.0,0.0
9.39,FLIGHT,0.9421,1.5435,0.1271,0.1297,0.1256,0.1278,-0.0146,-0.1909,0.0068,0.0101,1.0359,-0.0379,1.5768,0.000232,-0.0,0.0
9.395,FLIGHT,0.9428,1.5442,0.1255,0.1276,0.124,0.1257,-0.0146,-0.1908,0.0068,0.0099,1.0356,-0.0382,1.577,0.000232,-0.0,0.0
9.4,FLIGHT,0.9434,1.5448,0.1238,0.1255,0.1224,0.1237,-0.0145,-0.1908,0.0067,0.0098,1.0353,-0.0384,1.5773,0.000232,-0.0,0.0
9.405,FLIGHT,0.944,1.5454,0.1222,0.1235,0.1207,0.1217,-0.0145,-0.1907,0.0067,0.0096,1.035,-0.0386,1.5776,0.000232,-0.0,0.0
9.41,FLIGHT,0.9446,1.546,0.1206,0.1215,0.1192,0.1197,-0.0145,-0.1907,0.0067,0.0095,1.0347,-0.0389,1.5778,0.000232,-0.0,0.0
9.415,FLIGHT,0.9452,1.5466,0.119,0.1195,0.1176,0.1178,-0.0144,-0.1906,0.0066,0.0093,1.0344,-0.0391,1.5781,0.000231,-0.0,0.0
9.42,FLIGHT,0.9458,1.5472,0.1174,0.1176,0.116,0.1159,-0.0144,-0.1906,0.0066,0.0092,1.034,-0.0393,1.5784,0.000231,-0.0,0.0
9.425,FLIGHT,0.9463,1.5478,0.1159,0.1157,0.1145,0.114,-0.0144,-0.1905,0.0065,0.009,1.0336,-0.0395,1.5786,0.000231,-0.0,0.0
9.43,FLIGHT,0.9469,1.5483,0.1144,0.1138,0.113,0.1121,-0.0143,-0.1905,0.0065,0.0089,1.0332,-0.0398,1.5788,0.000231,-0.0,0.0
9.435,FLIGHT,0.9475,1.5489,0.1129,0.112,0.1115,0.1103,-0.0143,-0.1905,0.0064,0.0087,1.0328,-0.04,1.5791,0.00023,-0.0,0.0
9.44,FLIGHT,0.948,1.5494,0.1114,0.1101,0.1101,0.1085,-0.0143,-0.1904,0.0064,0.0086,1.0324,-0.0402,1.5793,0.00023,-0.0,0.0
9.445,FLIGHT,0.9486,1.55,0.1099,0.1084,0.1086,0.1068,-0.0142,-0.1904,0.0064,0.0084,1.0319,-0.0404,1.5796,0.00023,-0.0,0.0
9.45,FLIGHT,0.9491,1.5505,0.1085,0.1066,0.1072,0.105,-0.0142,-0.1903,0.0063,0.0083,1.0314,-0.0406,1.5798,0.00023,-0.0,0.0
9.455,FLIGHT,0.9497,1.551,0.107,0.1049,0.1058,0.1034,-0.0142,-0.1903,0.0063,0.0082,1.0309,-0.0408,1.58,0.00023,-0.0,0.0
9.46,FLIGHT,0.9502,1.5515,0.1056,0.1032,0.1044,0.1017,-0.0141,-0.1902,0.0062,0.008,1.0304,-0.041,1.5803,0.000229,-0.0,0.0
9.465,FLIGHT,0.9507,1.552,0.1042,0.1015,0.103,0.1001,-0.0141,-0.1902,0.0062,0.0079,1.0299,-0.0412,1.5805,0.000229,-0.0,0.0
9.47,FLIGHT,0.9512,1.5525,0.1028,0.0999,0.1016,0.0985,-0.0141,-0.1902,0.0061,0.0078,1.0294,-0.0414,1.5807,0.000229,-0.0,0.0
9.475,FLIGHT,0.9517,1.553,0.1015,0.0983,0.1003,0.0969,-0.014,-0.1901,0.0061,0.0076,1.0288,-0.0416,1.5809,0.000229,-0.0,0.0
9.48,FLIGHT,0.9522,1.5535,0.1001,0.0967,0.0989,0.0953,-0.014,-0.1901,0.006,0.0075,1.0282,-0.0418,1.5811,0.000229,-0.0,0.0
9.485,FLIGHT,0.9527,1.554,0.0988,0.0952,0.0976,0.0938,-0.014,-0.1901,0.006,0.0074,1.0276,-0.042,1.5814,0.000228,-0.0,0.0
9.49,FLIGHT,0.9532,1.5544,0.0975,0.0937,0.0963,0.0923,-0.014,-0.19,0.0059,0.0073,1.027,-0.0422,1.5816,0.000228,-0.0,0.0
9.495,FLIGHT,0.9537,1.5549,0.0962,0.0922,0.095,0.0909,-0.0139,-0.19,0.0059,0.0072,1.0263,-0.0424,1.5818,0.000228,-0.0,0.0
9.5,FLIGHT,0.9541,1.5554,0.0949,0.0907,0.0938,0.0894,-0.0139,-0.1899,0.0058,0.007,1.0257,-0.0426,1.582,0.000228,-0.0,0.0
9.505,FLIGHT,0.9546,1.5558,0.0936,0.0893,0.0925,0.088,-0.0139,-0.1899,0.0058,0.0069,1.025,-0.0428,1.5822,0.000228,-0.0,0.0
9.51,FLIGHT,0.9551,1.5562,0.0924,0.0879,0.0913,0.0866,-0.0138,-0.1899,0.0057,0.0068,1.0243,-0.043,1.5824,0.000228,-0.0,0.0
9.515,FLIGHT,0.9555,1.5567,0.0912,0.0865,0.09,0.0853,-0.0138,-0.1898,0.0057,0.0067,1.0236,-0.0432,1.5826,0.000227,-0.0,0.0
9.52,FLIGHT,0.956,1.5571,0.0899,0.0851,0.0888,0.0839,-0.0138,-0.1898,0.0056,0.0066,1.0229,-0.0434,1.5828,0.000227,-0.0,0.0
9.525,FLIGHT,0.9564,1.5575,0.0887,0.0838,0.0876,0.0826,-0.0138,-0.1898,0.0056,0.0065,1.0221,-0.0436,1.583,0.000227,-0.0,0.0
9.53,FLIGHT,0.9568,1.5579,0.0875,0.0825,0.0864,0.0813,-0.0137,-0.1897,0.0055,0.0064,1.0213,-0.0438,1.5832,0.000227,-0.0,0.0
9.535,FLIGHT,0.9573,1.5583,0.0863,0.0812,0.0853,0.0801,-0.0137,-0.1897,0.0055,0.0063,1.0206,-0.0439,1.5834,0.000227,-0.0,0.0
9.54,FLIGHT,0.9577,1.5587,0.0851,0.08,0.0841,0.0788,-0.0137,-0.1897,0.0054,0.0062,1.0198,-0.0441,1.5836,0.000227,-0.0,0.0
9.545,FLIGHT,0.9581,1.5591,0.084,0.0787,0.0829,0.0776,-0.0136,-0.1897,0.0053,0.0061,1.019,-0.0443,1.5837,0.000227,-0.0,0.0
9.55,FLIGHT,0.9585,1.5595,0.0828,0.0775,0.0818,0.0764,-0.0136,-0.1896,0.0053,0.006,1.0181,-0.0445,1.5839,0.000226,-0.0,0.0
9.555,FLIGHT,0.9589,1.5599,0.0817,0.0763,0.0807,0.0753,-0.0136,-0.1896,0.0052,0.0059,1.0173,-0.0447,1.5841,0.000226,-0.0,0.0
9.56,FLIGHT,0.9593,1.5602,0.0806,0.0751,0.0796,0.0741,-0.0136,-0.1896,0.0052,0.0058,1.0164,-0.0448,1.5843,0.000226,-0.0,0.0
9.565,FLIGHT,0.9597,1.5606,0.0794,0.074,0.0785,0.073,-0.0135,-0.1895,0.0051,0.0057,1.0156,-0.045,1.5845,0.000226,-0.0,0.0
9.57,FLIGHT,0.9601,1.561,0.0783,0.0729,0.0774,0.0719,-0.0135,-0.1895,0.005,0.0057,1.0147,-0.0452,1.5847,0.000226,-0.0,0.0
9.575,FLIGHT,0.9605,1.5613,0.0772,0.0718,0.0763,0.0708,-0.0135,-0.1895,0.005,0.0056,1.0138,-0.0453,1.5848,0.000226,-0.0,0.0
9.58,FLIGHT,0.9609,1.5617,0.0762,0.0707,0.0752,0.0697,-0.0135,-0.1895,0.0049,0.0055,1.0128,-0.0455,1.585,0.000226,-0.0,0.0
9.585,FLIGHT,0.9612,1.562,0.0751,0.0696,0.0741,0.0687,-0.0134,-0.1894,0.0049,0.0054,1.0119,-0.0457,1.5852,0.000226,-0.0,0.0
9.59,FLIGHT,0.9616,1.5624,0.074,0.0686,0.0731,0.0677,-0.0134,-0.1894,0.0048,0.0053,1.011,-0.0459,1.5853,0.000226,-0.0,0.0
9.595,FLIGHT,0.962,1.5627,0.073,0.0676,0.072,0.0667,-0.0134,-0.1894,0.0047,0.0052,1.01,-0.046,1.5855,0.000225,-0.0,0.0
9.6,FLIGHT,0.9623,1.563,0.0719,0.0666,0.071,0.0657,-0.0134,-0.1894,0.0047,0.0052,1.009,-0.0462,1.5857,0.000225,-0.0,0.0
9.605,FLIGHT,0.9627,1.5634,0.0709,0.0656,0.07,0.0647,-0.0133,-0.1893,0.0046,0.0051,1.008,-0.0464,1.5858,0.000225,-0.0,0.0
9.61,FLIGHT,0.963,1.5637,0.0698,0.0646,0.0689,0.0637,-0.0133,-0.1893,0.0045,0.005,1.007,-0.0465,1.586,0.000225,-0.0,0.0
9.615,FLIGHT,0.9634,1.564,0.0688,0.0637,0.0679,0.0628,-0.0133,-0.1893,0.0045,0.0049,1.006,-0.0467,1.5862,0.000225,-0.0,0.0
9.62,FLIGHT,0.9637,1.5643,0.0678,0.0627,0.0669,0.0619,-0.0133,-0.1893,0.0044,0.0049,1.0049,-0.0468,1.5863,0.000225,-0.0,0.0
9.625,FLIGHT,0.964,1.5646,0.0668,0.0618,0.0659,0.061,-0.0133,-0.1892,0.0043,0.0048,1.0039,-0.047,1.5865,0.000225,-0.0,0.0
9.63,FLIGHT,0.9644,1.5649,0.0658,0.0609,0.0649,0.0601,-0.0132,-0.1892,0.0043,0.0047,1.0028,-0.0472,1.5866,0.000225,-0.0,0.0
9.635,FLIGHT,0.9647,1.5652,0.0648,0.06,0.064,0.0593,-0.0132,-0.1892,0.0042,0.0047,1.0018,-0.0473,1.5868,0.000225,-0.0,0.0
9.64,FLIGHT,0.965,1.5655,0.0639,0.0592,0.063,0.0584,-0.0132,-0.1892,0.0041,0.0046,1.0007,-0.0475,1.5869,0.000225,-0.0,0.0
9.645,STANCE,0.9656,1.566,0.1227,0.103,0.4034,0.1626,-0.0131,-0.1891,0.0094,0.0079,0.9996,0.1674,-0.2567,-8.9e-05,-0.2621,0.0525
9.65,STANCE,0.9699,1.5652,0.6663,-0.121,1.2517,-0.5675,-0.0122,-0.1892,0.1424,-0.0192,0.9987,-0.1704,-0.7831,-0.002026,-0.4536,0.0927
9.655,STANCE,0.9758,1.5599,0.9741,-0.7753,0.6073,-0.731,-0.0104,-0.1898,0.2903,-0.0798,0.9977,-0.5749,-1.0971,-0.003847,-0.1824,0.0403
9.66,STANCE,0.9767,1.5591,0.4069,-0.3148,-0.0091,0.1325,-0.0101,-0.1899,0.1201,-0.0323,0.9977,-0.6494,-1.8033,-0.00417,0.0043,0.0042
9.665,STANCE,0.9771,1.5593,0.1884,-0.0927,0.1995,-0.1571,-0.0101,-0.1899,0.0484,-0.0102,0.998,-0.8393,-2.2897,-0.003986,0.0641,0.004
9.67,STANCE,0.9789,1.5566,0.3195,-0.4545,0.3502,-1.4369,-0.0094,-0.1901,0.1228,-0.0435,0.9981,-1.1389,-2.3372,-0.003542,0.1539,0.0035
9.675,STANCE,0.9815,1.5483,0.4973,-1.245,0.8617,-1.6136,-0.0077,-0.1909,0.2661,-0.1128,0.9982,-1.4102,-1.9651,-0.003,0.0214,0.003
9.68,STANCE,0.9873,1.5384,0.9697,-1.7754,1.3556,-2.303,-0.0052,-0.1918,0.4325,-0.1566,0.9984,-1.7218,-1.4821,-0.00313,-0.0511,0.0134
9.685,STANCE,0.9934,1.5247,1.1399,-2.4532,1.1408,-2.9779,-0.0022,-0.1929,0.5647,-0.2051,0.9984,-1.793,-0.7667,-0.003191,0.0053,0.0032
9.69,STANCE,0.9988,1.5101,1.0895,-2.7681,0.9244,-2.9275,0.001,-0.1941,0.6051,-0.2197,0.9985,-1.6165,-0.1184,-0.003185,0.0176,0.0032
9.695,STANCE,1.0027,1.496,0.8493,-2.7924,0.5845,-2.7216,0.0037,-0.1952,0.5667,-0.2124,0.9986,-1.2138,0.4123,-0.00304,0.0446,0.003
9.7,STANCE,1.0047,1.4829,0.5421,-2.6549,0.2754,-2.4942,0.006,-0.1962,0.4906,-0.1959,0.9989,-0.6982,0.8161,-0.00274,0.0718,0.0027
9.705,STANCE,1.0056,1.4709,0.2789,-2.4724,0.111,-2.2797,0.0079,-0.1971,0.4152,-0.1786,0.9992,-0.2224,1.0868,-0.002325,0.0847,0.0023
9.71,STANCE,1.0059,1.4597,0.1295,-2.2998,0.0672,-2.1371,0.0096,-0.1979,0.3626,-0.1631,0.9996,0.0443,1.193,-0.001848,0.0929,0.0018
9.715,FLIGHT,1.006,1.4499,0.0408,-2.0488,-0.2209,-1.5447,0.0111,-0.1986,0.3097,-0.143,1.0001,-1.1097,2.4293,-0.001359,0.1142,0.0014
9.72,FLIGHT,1.0031,1.445,-0.4196,-1.2551,-0.9122,-0.4406,0.0112,-0.199,0.1015,-0.0922,1.001,-0.9543,2.2927,-0.000682,0.1535,0.0007
9.725,FLIGHT,0.9972,1.4449,-0.9508,-0.3804,-1.3813,0.3364,0.0101,-0.199,-0.1334,-0.0364,1.002,-0.7211,2.0973,0.000136,0.1577,0.0
9.73,FLIGHT,0.9896,1.4479,-1.3463,0.3037,-1.62,0.8059,0.0081,-0.1989,-0.3122,0.011,1.0032,-0.5051,1.9191,0.000754,0.093,0.0
9.735,FLIGHT,0.9813,1.4525,-1.5641,0.7446,-1.6847,1.0378,0.0058,-0.1986,-0.4188,0.046,1.0045,-0.3365,1.7818,0.001098,0.0474,0.0
9.74,FLIGHT,0.973,1.458,-1.6294,0.9774,-1.6325,1.11,0.0034,-0.1982,-0.464,0.0688,1.0058,-0.2172,1.6861,0.001254,0.0174,0.0
9.745,FLIGHT,0.9651,1.4635,-1.5861,1.0611,-1.5116,1.0864,0.001,-0.1978,-0.4657,0.0811,1.0071,-0.1384,1.6243,0.001289,-0.0017,0.0003
9.75,FLIGHT,0.9579,1.4687,-1.4757,1.0506,-1.3573,1.0125,-0.0012,-0.1974,-0.4408,0.0854,1.0084,-0.0888,1.5869,0.00125,-0.0131,0.0026
9.755,FLIGHT,0.9516,1.4736,-1.3308,0.9879,-1.1928,0.9177,-0.0031,-0.197,-0.4018,0.0844,1.0096,-0.059,1.5658,0.001167,-0.0193,0.0039
9.76,FLIGHT,0.946,1.4779,-1.1734,0.9014,-1.0316,0.8193,-0.0048,-0.1966,-0.3574,0.0802,1.0108,-0.0416,1.5549,0.001062,-0.0221,0.0044
9.765,FLIGHT,0.9412,1.4818,-1.0175,0.8089,-0.8812,0.7267,-0.0063,-0.1963,-0.3128,0.0743,1.012,-0.0317,1.5499,0.00095,-0.0226,0.0045
9.77,FLIGHT,0.9372,1.4852,-0.8707,0.7201,-0.7447,0.6439,-0.0076,-0.196,-0.2708,0.0677,1.0131,-0.0262,1.5483,0.000838,-0.0217,0.0043
9.775,FLIGHT,0.9338,1.4882,-0.7367,0.6397,-0.6228,0.5722,-0.0087,-0.1957,-0.2328,0.0613,1.0142,-0.0232,1.5483,0.000734,-0.02,0.004
9.78,FLIGHT,0.9309,1.4909,-0.6165,0.5695,-0.5152,0.5112,-0.0096,-0.1954,-0.1991,0.0552,1.0152,-0.0215,1.5491,0.000639,-0.0178,0.0036
9.785,FLIGHT,0.9286,1.4934,-0.5101,0.5094,-0.4207,0.4599,-0.0104,-0.1952,-0.1697,0.0497,1.0162,-0.0205,1.5503,0.000556,-0.0155,0.0031
9.79,FLIGHT,0.9267,1.4956,-0.4165,0.4586,-0.3381,0.417,-0.011,-0.195,-0.1442,0.0449,1.0172,-0.0199,1.5515,0.000484,-0.0131,0.0026
9.795,FLIGHT,0.9252,1.4975,-0.3345,0.4161,-0.266,0.3813,-0.0116,-0.1948,-0.1222,0.0406,1.0181,-0.0196,1.5527,0.000425,-0.0108,0.0022
9.8,FLIGHT,0.924,1.4994,-0.2629,0.3805,-0.2031,0.3515,-0.0121,-0.1946,-0.1032,0.0369,1.019,-0.0194,1.5538,0.000376,-0.0088,0.0018
9.805,FLIGHT,0.9231,1.5011,-0.2005,0.3509,-0.1484,0.3267,-0.0125,-0.1945,-0.0869,0.0338,1.0199,-0.0194,1.5549,0.000336,-0.007,0.0014
9.81,FLIGHT,0.9225,1.5026,-0.1462,0.3261,-0.101,0.306,-0.0128,-0.1943,-0.0729,0.031,1.0208,-0.0196,1.5559,0.000305,-0.0055,0.0011
9.815,FLIGHT,0.9221,1.5041,-0.0991,0.3055,-0.0598,0.2886,-0.0131,-0.1942,-0.0608,0.0287,1.0216,-0.0198,1.5568,0.000281,-0.0043,0.0009
9.82,FLIGHT,0.9219,1.5055,-0.0582,0.2883,-0.0242,0.2741,-0.0133,-0.194,-0.0505,0.0267,1.0224,-0.0201,1.5577,0.000262,-0.0033,0.0007
9.825,FLIGHT,0.9219,1.5069,-0.0228,0.2738,0.0065,0.262,-0.0135,-0.1939,-0.0416,0.025,1.0232,-0.0205,1.5586,0.000248,-0.0024,0.0005
9.83,FLIGHT,0.922,1.5082,0.0077,0.2617,0.033,0.2517,-0.0137,-0.1938,-0.034,0.0235,1.0239,-0.0209,1.5594,0.000238,-0.0018,0.0004
9.835,FLIGHT,0.9222,1.5094,0.0339,0.2514,0.0556,0.243,-0.0138,-0.1937,-0.0276,0.0222,1.0246,-0.0214,1.5602,0.00023,-0.0012,0.0002
9.84,FLIGHT,0.9225,1.5106,0.0564,0.2427,0.075,0.2355,-0.0139,-0.1936,-0.022,0.0212,1.0253,-0.0219,1.561,0.000225,-0.0008,0.0002
9.845,FLIGHT,0.9229,1.5118,0.0756,0.2353,0.0914,0.2292,-0.014,-0.1935,-0.0173,0.0202,1.026,-0.0225,1.5617,0.000222,-0.0005,0.0001
9.85,FLIGHT,0.9234,1.5129,0.0919,0.2289,0.1053,0.2236,-0.014,-0.1934,-0.0133,0.0195,1.0266,-0.023,1.5624,0.00022,-0.0003,0.0001
9.855,FLIGHT,0.924,1.514,0.1056,0.2234,0.117,0.2188,-0.0141,-0.1933,-0.0098,0.0188,1.0273,-0.0236,1.5631,0.000219,-0.0001,0.0
9.86,FLIGHT,0.9246,1.5151,0.1172,0.2186,0.1267,0.2145,-0.0141,-0.1932,-0.0069,0.0182,1.0279,-0.0242,1.5637,0.000219,0.0,0.0
9.865,FLIGHT,0.9253,1.5161,0.1269,0.2143,0.1347,0.2107,-0.0141,-0.1931,-0.0045,0.0177,1.0284,-0.0247,1.5643,0.000219,0.0001,0.0
9.87,FLIGHT,0.9259,1.5172,0.1349,0.2104,0.1413,0.2072,-0.0141,-0.193,-0.0024,0.0172,1.029,-0.0253,1.565,0.00022,0.0002,0.0
9.875,FLIGHT,0.9267,1.5182,0.1414,0.2069,0.1467,0.2039,-0.0141,-0.193,-0.0007,0.0168,1.0295,-0.0258,1.5655,0.000221,0.0002,0.0
9.88,FLIGHT,0.9274,1.5192,0.1467,0.2037,0.1509,0.2009,-0.0141,-0.1929,0.0007,0.0165,1.03,-0.0264,1.5661,0.000222,0.0002,0.0
9.885,FLIGHT,0.9282,1.5202,0.1508,0.2007,0.1541,0.1981,-0.0141,-0.1928,0.0019,0.0161,1.0304,-0.0269,1.5666,0.000223,0.0002,0.0
9.89,FLIGHT,0.9289,1.5212,0.1541,0.1979,0.1566,0.1954,-0.0141,-0.1927,0.0029,0.0158,1.0309,-0.0274,1.5672,0.000224,0.0002,0.0
9.895,FLIGHT,0.9297,1.5222,0.1565,0.1951,0.1583,0.1928,-0.0141,-0.1926,0.0038,0.0156,1.0313,-0.0279,1.5677,0.000225,0.0002,0.0
9.9,FLIGHT,0.9305,1.5231,0.1582,0.1925,0.1595,0.1902,-0.0141,-0.1926,0.0044,0.0153,1.0317,-0.0284,1.5682,0.000226,0.0002,0.0
9.905,FLIGHT,0.9313,1.5241,0.1594,0.19,0.1601,0.1877,-0.014,-0.1925,0.005,0.0151,1.0321,-0.0288,1.5686,0.000227,0.0002,0.0
9.91,FLIGHT,0.9321,1.525,0.16,0.1875,0.1603,0.1852,-0.014,-0.1924,0.0054,0.0148,1.0324,-0.0293,1.5691,0.000228,0.0002,0.0
9.915,FLIGHT,0.9329,1.5259,0.1602,0.185,0.1602,0.1828,-0.014,-0.1924,0.0058,0.0146,1.0327,-0.0297,1.5695,0.000229,0.0001,0.0
9.92,FLIGHT,0.9337,1.5268,0.16,0.1825,0.1597,0.1803,-0.0139,-0.1923,0.0061,0.0144,1.033,-0.0301,1.57,0.00023,0.0001,0.0
9.925,FLIGHT,0.9345,1.5277,0.1595,0.1801,0.1589,0.1779,-0.0139,-0.1922,0.0063,0.0142,1.0333,-0.0305,1.5704,0.00023,0.0001,0.0
9.93,FLIGHT,0.9353,1.5286,0.1587,0.1777,0.158,0.1755,-0.0139,-0.1921,0.0065,0.014,1.0336,-0.0309,1.5708,0.000231,0.0001,0.0
9.935,FLIGHT,0.9361,1.5295,0.1578,0.1753,0.1568,0.1731,-0.0138,-0.1921,0.0066,0.0138,1.0338,-0.0313,1.5712,0.000231,0.0001,0.0
9.94,FLIGHT,0.9369,1.5303,0.1566,0.1728,0.1555,0.1707,-0.0138,-0.192,0.0067,0.0136,1.034,-0.0317,1.5716,0.000232,0.0001,0.0
9.945,FLIGHT,0.9377,1.5312,0.1553,0.1704,0.1541,0.1683,-0.0138,-0.1919,0.0068,0.0134,1.0342,-0.0321,1.572,0.000232,0.0,0.0
9.95,FLIGHT,0.9384,1.532,0.1539,0.168,0.1526,0.1659,-0.0137,-0.1919,0.0068,0.0132,1.0343,-0.0324,1.5723,0.000232,0.0,0.0
9.955,FLIGHT,0.9392,1.5329,0.1524,0.1656,0.151,0.1635,-0.0137,-0.1918,0.0068,0.013,1.0345,-0.0327,1.5727,0.000232,0.0,0.0
9.96,FLIGHT,0.9399,1.5337,0.1508,0.1632,0.1493,0.1611,-0.0137,-0.1917,0.0069,0.0128,1.0346,-0.0331,1.5731,0.000232,0.0,0.0
9.965,FLIGHT,0.9407,1.5345,0.1491,0.1609,0.1476,0.1587,-0.0136,-0.1917,0.0069,0.0126,1.0347,-0.0334,1.5734,0.000232,0.0,0.0
9.97,FLIGHT,0.9414,1.5353,0.1474,0.1585,0.1459,0.1564,-0.0136,-0.1916,0.0068,0.0124,1.0347,-0.0337,1.5737,0.000232,-0.0,0.0
9.975,FLIGHT,0.9421,1.536,0.1457,0.1561,0.1441,0.154,-0.0136,-0.1916,0.0068,0.0123,1.0348,-0.034,1.5741,0.000232,-0.0,0.0
9.98,FLIGHT,0.9429,1.5368,0.1439,0.1538,0.1423,0.1516,-0.0135,-0.1915,0.0068,0.0121,1.0348,-0.0343,1.5744,0.000232,-0.0,0.0
9.985,FLIGHT,0.9436,1.5375,0.1421,0.1514,0.1405,0.1493,-0.0135,-0.1914,0.0068,0.0119,1.0348,-0.0346,1.5747,0.000232,-0.0,0.0
9.99,FLIGHT,0.9443,1.5383,0.1403,0.1491,0.1387,0.147,-0.0135,-0.1914,0.0067,0.0117,1.0348,-0.0349,1.575,0.000232,-0.0,0.0
9.995,FLIGHT,0.945,1.539,0.1386,0.1468,0.137,0.1447,-0.0134,-0.1913,0.0067,0.0115,1.0347,-0.0352,1.5754,0.000232,-0.0,0.0
10.0,FLIGHT,0.9456,1.5397,0.1368,0.1445,0.1352,0.1425,-0.0134,-0.1913,0.0066,0.0114,1.0346,-0.0355,1.5757,0.000232,-0.0,0.0
10.005,FLIGHT,0.9463,1.5404,0.135,0.1422,0.1334,0.1402,-0.0134,-0.1912,0.0066,0.0112,1.0345,-0.0357,1.576,0.000231,-0.0,0.0
10.01,FLIGHT,0.947,1.5411,0.1332,0.14,0.1316,0.138,-0.0133,-0.1912,0.0066,0.011,1.0344,-0.036,1.5763,0.000231,-0.0,0.0
10.015,FLIGHT,0.9476,1.5418,0.1314,0.1378,0.1299,0.1358,-0.0133,-0.1911,0.0065,0.0108,1.0343,-0.0363,1.5765,0.000231,-0.0,0.0
10.02,FLIGHT,0.9483,1.5425,0.1297,0.1356,0.1281,0.1336,-0.0133,-0.191,0.0065,0.0107,1.0341,-0.0365,1.5768,0.000231,-0.0,0.0
10.025,FLIGHT,0.9489,1.5432,0.128,0.1334,0.1264,0.1315,-0.0132,-0.191,0.0064,0.0105,1.034,-0.0368,1.5771,0.00023,-0.0,0.0
10.03,FLIGHT,0.9495,1.5438,0.1263,0.1313,0.1247,0.1294,-0.0132,-0.1909,0.0064,0.0103,1.0338,-0.037,1.5774,0.00023,-0.0,0.0
10.035,FLIGHT,0.9501,1.5444,0.1246,0.1291,0.1231,0.1273,-0.0132,-0.1909,0.0063,0.0101,1.0335,-0.0373,1.5777,0.00023,-0.0,0.0
10.04,FLIGHT,0.9508,1.5451,0.1229,0.1271,0.1214,0.1252,-0.0131,-0.1908,0.0063,0.01,1.0333,-0.0375,1.5779,0.00023,-0.0,0.0
10.045,FLIGHT,0.9514,1.5457,0.1212,0.125,0.1198,0.1232,-0.0131,-0.1908,0.0062,0.0098,1.033,-0.0377,1.5782,0.00023,-0.0,0.0
10.05,FLIGHT,0.952,1.5463,0.1196,0.123,0.1181,0.1212,-0.0131,-0.1907,0.0062,0.0097,1.0328,-0.038,1.5785,0.000229,-0.0,0.0
10.055,FLIGHT,0.9525,1.5469,0.118,0.121,0.1166,0.1192,-0.0131,-0.1907,0.0062,0.0095,1.0324,-0.0382,1.5787,0.000229,-0.0,0.0
10.06,FLIGHT,0.9531,1.5475,0.1164,0.119,0.115,0.1173,-0.013,-0.1907,0.0061,0.0093,1.0321,-0.0384,1.579,0.000229,-0.0,0.0
10.065,FLIGHT,0.9537,1.5481,0.1148,0.1171,0.1134,0.1154,-0.013,-0.1906,0.0061,0.0092,1.0318,-0.0387,1.5792,0.000229,-0.0,0.0
10.07,FLIGHT,0.9543,1.5487,0.1133,0.1152,0.1119,0.1135,-0.013,-0.1906,0.006,0.009,1.0314,-0.0389,1.5795,0.000228,-0.0,0.0
10.075,FLIGHT,0.9548,1.5492,0.1117,0.1133,0.1104,0.1116,-0.0129,-0.1905,0.006,0.0089,1.031,-0.0391,1.5797,0.000228,-0.0,0.0
10.08,FLIGHT,0.9554,1.5498,0.1102,0.1115,0.1089,0.1098,-0.0129,-0.1905,0.0059,0.0088,1.0306,-0.0393,1.58,0.000228,-0.0,0.0
10.085,FLIGHT,0.9559,1.5503,0.1087,0.1097,0.1074,0.108,-0.0129,-0.1904,0.0059,0.0086,1.0302,-0.0396,1.5802,0.000228,-0.0,0.0
10.09,FLIGHT,0.9564,1.5509,0.1073,0.1079,0.106,0.1063,-0.0128,-0.1904,0.0059,0.0085,1.0298,-0.0398,1.5804,0.000228,-0.0,0.0
10.095,FLIGHT,0.957,1.5514,0.1058,0.1061,0.1045,0.1046,-0.0128,-0.1904,0.0058,0.0083,1.0293,-0.04,1.5807,0.000227,-0.0,0.0
10.1,FLIGHT,0.9575,1.5519,0.1044,0.1044,0.1031,0.1029,-0.0128,-0.1903,0.0058,0.0082,1.0288,-0.0402,1.5809,0.000227,-0.0,0.0
10.105,FLIGHT,0.958,1.5524,0.103,0.1027,0.1017,0.1012,-0.0128,-0.1903,0.0057,0.0081,1.0283,-0.0404,1.5811,0.000227,-0.0,0.0
10.11,FLIGHT,0.9585,1.5529,0.1016,0.101,0.1003,0.0996,-0.0127,-0.1902,0.0057,0.0079,1.0278,-0.0406,1.5813,0.000227,-0.0,0.0
10.115,FLIGHT,0.959,1.5534,0.1002,0.0994,0.0989,0.098,-0.0127,-0.1902,0.0056,0.0078,1.0273,-0.0408,1.5815,0.000227,-0.0,0.0
10.12,FLIGHT,0.9595,1.5539,0.0988,0.0978,0.0976,0.0964,-0.0127,-0.1902,0.0056,0.0077,1.0267,-0.041,1.5818,0.000226,-0.0,0.0
10.125,FLIGHT,0.96,1.5544,0.0975,0.0962,0.0963,0.0948,-0.0126,-0.1901,0.0055,0.0076,1.0261,-0.0412,1.582,0.000226,-0.0,0.0
10.13,FLIGHT,0.9605,1.5548,0.0961,0.0947,0.0949,0.0933,-0.0126,-0.1901,0.0055,0.0074,1.0255,-0.0414,1.5822,0.000226,-0.0,0.0
10.135,FLIGHT,0.9609,1.5553,0.0948,0.0932,0.0936,0.0918,-0.0126,-0.19,0.0054,0.0073,1.0249,-0.0416,1.5824,0.000226,-0.0,0.0
10.14,FLIGHT,0.9614,1.5558,0.0935,0.0917,0.0924,0.0904,-0.0126,-0.19,0.0054,0.0072,1.0243,-0.0418,1.5826,0.000226,-0.0,0.0
10.145,FLIGHT,0.9618,1.5562,0.0922,0.0902,0.0911,0.0889,-0.0125,-0.19,0.0053,0.0071,1.0237,-0.042,1.5828,0.000226,-0.0,0.0
10.15,FLIGHT,0.9623,1.5566,0.091,0.0888,0.0898,0.0875,-0.0125,-0.1899,0.0053,0.007,1.023,-0.0422,1.583,0.000225,-0.0,0.0
10.155,FLIGHT,0.9627,1.5571,0.0897,0.0874,0.0886,0.0861,-0.0125,-0.1899,0.0052,0.0069,1.0223,-0.0424,1.5832,0.000225,-0.0,0.0
10.16,FLIGHT,0.9632,1.5575,0.0885,0.086,0.0874,0.0847,-0.0125,-0.1899,0.0052,0.0067,1.0216,-0.0426,1.5834,0.000225,-0.0,0.0
10.165,FLIGHT,0.9636,1.5579,0.0872,0.0846,0.0862,0.0834,-0.0124,-0.1898,0.0051,0.0066,1.0209,-0.0427,1.5836,0.000225,-0.0,0.0
10.17,FLIGHT,0.964,1.5583,0.086,0.0833,0.0849,0.0821,-0.0124,-0.1898,0.0051,0.0065,1.0202,-0.0429,1.5838,0.000225,-0.0,0.0
10.175,FLIGHT,0.9645,1.5587,0.0848,0.082,0.0838,0.0808,-0.0124,-0.1898,0.005,0.0064,1.0194,-0.0431,1.584,0.000225,-0.0,0.0
10.18,FLIGHT,0.9649,1.5592,0.0836,0.0807,0.0826,0.0795,-0.0124,-0.1897,0.005,0.0063,1.0187,-0.0433,1.5842,0.000224,-0.0,0.0
10.185,FLIGHT,0.9653,1.5595,0.0825,0.0794,0.0814,0.0783,-0.0123,-0.1897,0.0049,0.0062,1.0179,-0.0435,1.5844,0.000224,-0.0,0.0
10.19,FLIGHT,0.9657,1.5599,0.0813,0.0782,0.0803,0.0771,-0.0123,-0.1897,0.0049,0.0061,1.0171,-0.0437,1.5845,0.000224,-0.0,0.0
10.195,FLIGHT,0.9661,1.5603,0.0802,0.077,0.0791,0.0759,-0.0123,-0.1897,0.0048,0.006,1.0163,-0.0438,1.5847,0.000224,-0.0,0.0
10.2,FLIGHT,0.9665,1.5607,0.079,0.0758,0.078,0.0747,-0.0123,-0.1896,0.0047,0.0059,1.0154,-0.044,1.5849,0.000224,-0.0,0.0
10.205,FLIGHT,0.9669,1.5611,0.0779,0.0746,0.0769,0.0736,-0.0122,-0.1896,0.0047,0.0059,1.0146,-0.0442,1.5851,0.000224,-0.0,0.0
10.21,FLIGHT,0.9673,1.5614,0.0768,0.0735,0.0758,0.0724,-0.0122,-0.1896,0.0046,0.0058,1.0137,-0.0444,1.5852,0.000224,-0.0,0.0
10.215,FLIGHT,0.9676,1.5618,0.0757,0.0723,0.0747,0.0713,-0.0122,-0.1895,0.0046,0.0057,1.0129,-0.0445,1.5854,0.000224,-0.0,0.0
10.22,FLIGHT,0.968,1.5621,0.0746,0.0712,0.0736,0.0702,-0.0122,-0.1895,0.0045,0.0056,1.012,-0.0447,1.5856,0.000223,-0.0,0.0
10.225,FLIGHT,0.9684,1.5625,0.0735,0.0701,0.0725,0.0692,-0.0122,-0.1895,0.0045,0.0055,1.0111,-0.0449,1.5858,0.000223,-0.0,0.0
10.23,FLIGHT,0.9687,1.5628,0.0724,0.0691,0.0715,0.0681,-0.0121,-0.1895,0.0044,0.0054,1.0101,-0.045,1.5859,0.000223,-0.0,0.0
10.235,FLIGHT,0.9691,1.5632,0.0714,0.068,0.0704,0.0671,-0.0121,-0.1894,0.0043,0.0053,1.0092,-0.0452,1.5861,0.000223,-0.0,0.0
10.24,FLIGHT,0.9694,1.5635,0.0703,0.067,0.0694,0.0661,-0.0121,-0.1894,0.0043,0.0053,1.0082,-0.0454,1.5863,0.000223,-0.0,0.0
10.245,FLIGHT,0.9698,1.5638,0.0693,0.066,0.0684,0.0651,-0.0121,-0.1894,0.0042,0.0052,1.0073,-0.0455,1.5864,0.000223,-0.0,0.0
10.25,FLIGHT,0.9701,1.5642,0.0683,0.065,0.0673,0.0641,-0.012,-0.1893,0.0041,0.0051,1.0063,-0.0457,1.5866,0.000223,-0.0,0.0
10.255,FLIGHT,0.9705,1.5645,0.0672,0.064,0.0663,0.0632,-0.012,-0.1893,0.0041,0.005,1.0053,-0.0459,1.5867,0.000223,-0.0,0.0
10.26,FLIGHT,0.9708,1.5648,0.0662,0.0631,0.0653,0.0622,-0.012,-0.1893,0.004,0.005,1.0043,-0.046,1.5869,0.000223,-0.0,0.0
10.265,FLIGHT,0.9711,1.5651,0.0652,0.0621,0.0643,0.0613,-0.012,-0.1893,0.0039,0.0049,1.0033,-0.0462,1.5871,0.000222,-0.0,0.0
10.27,FLIGHT,0.9714,1.5654,0.0642,0.0612,0.0633,0.0604,-0.012,-0.1893,0.0039,0.0048,1.0022,-0.0464,1.5872,0.000222,-0.0,0.0
10.275,FLIGHT,0.9717,1.5657,0.0632,0.0603,0.0624,0.0595,-0.0119,-0.1892,0.0038,0.0047,1.0012,-0.0465,1.5874,0.000222,-0.0,0.0
10.28,FLIGHT,0.972,1.566,0.0623,0.0594,0.0614,0.0587,-0.0119,-0.1892,0.0037,0.0047,1.0001,-0.0467,1.5875,0.000222,-0.0,0.0
10.285,STANCE,0.9738,1.5666,0.3015,0.0923,0.7899,-0.0477,-0.0117,-0.1892,0.0446,0.0049,0.9992,0.0468,-0.4915,-0.000693,-0.3609,0.0729
10.29,STANCE,0.9796,1.5643,0.9309,-0.3293,1.479,-0.9362,-0.0103,-0.1894,0.2211,-0.0392,0.9983,-0.411,-0.928,-0.002771,-0.4318,0.0891
10.295,STANCE,0.984,1.5602,0.8001,-0.5887,0.2326,-0.1988,-0.0089,-0.1899,0.2324,-0.0594,0.9978,-0.6771,-1.3689,-0.003958,-0.067,0.0174
10.3,STANCE,0.9844,1.5603,0.3205,-0.1644,0.1139,0.0532,-0.0088,-0.1898,0.0833,-0.0174,0.9979,-0.7918,-2.0114,-0.003989,0.0334,0.004
10.305,STANCE,0.9856,1.5596,0.2758,-0.1694,0.3582,-0.3667,-0.0085,-0.1899,0.0756,-0.0173,0.9982,-1.052,-2.3233,-0.003692,0.0838,0.0037
10.31,STANCE,0.9874,1.5543,0.3185,-0.8872,0.3906,-1.5605,-0.0074,-0.1904,0.1826,-0.08,0.9981,-1.3041,-2.1248,-0.003028,0.1338,0.003
10.315,STANCE,0.9905,1.5476,0.5532,-1.1922,0.9066,-1.53,-0.0059,-0.191,0.2706,-0.106,0.9983,-1.5477,-1.8827,-0.002756,-0.0088,0.0045
10.32,STANCE,0.9959,1.5378,0.916,-1.7608,0.9292,-2.6585,-0.0035,-0.1919,0.4216,-0.1513,0.9985,-1.7524,-1.3275,-0.002889,0.0297,0.0029
10.325,STANCE,1.0013,1.5245,1.0397,-2.3605,1.0604,-2.75,-0.0006,-0.193,0.5339,-0.1929,0.9985,-1.7298,-0.6141,-0.002921,-0.0089,0.0047
10.33,STANCE,1.0059,1.5106,0.9474,-2.6474,0.7601,-2.7985,0.0023,-0.1941,0.5616,-0.2065,0.9986,-1.4666,0.0262,-0.002891,0.0237,0.0029
10.335,STANCE,1.0091,1.4972,0.7184,-2.6566,0.5053,-2.5519,0.0048,-0.1951,0.5227,-0.1996,0.9987,-1.0227,0.5324,-0.002749,0.0353,0.0027
10.34,STANCE,1.0108,1.4848,0.4555,-2.5268,0.223,-2.4001,0.0069,-0.196,0.4558,-0.1848,0.999,-0.5195,0.9006,-0.00248,0.0667,0.0025
10.345,STANCE,1.0115,1.4732,0.242,-2.3758,0.0832,-2.2593,0.0088,-0.1969,0.3944,-0.1704,0.9993,-0.1108,1.1242,-0.002104,0.0857,0.0021
10.35,FLIGHT,1.012,1.4624,0.1502,-2.2174,0.1178,-2.0827,0.0104,-0.1977,0.3551,-0.1558,0.9997,-1.0468,2.3913,-0.001701,0.0807,0.0017
10.355,FLIGHT,1.0115,1.454,-0.0685,-1.7844,-0.4617,-1.1053,0.0116,-0.1983,0.2493,-0.1254,1.0002,-1.0132,2.3531,-0.001212,0.1201,0.0012
10.36,FLIGHT,1.0076,1.451,-0.5762,-0.9341,-1.0453,-0.1582,0.0112,-0.1985,0.0232,-0.0718,1.0011,-0.8206,2.1877,-0.000524,0.1518,0.0005
10.365,FLIGHT,1.0014,1.4519,-1.0468,-0.1453,-1.4038,0.4719,0.0099,-0.1985,-0.1865,-0.0207,1.0022,-0.5991,2.0028,0.000246,0.1356,0.0
10.37,FLIGHT,0.9939,1.4552,-1.3586,0.4257,-1.5604,0.8311,0.0079,-0.1983,-0.3316,0.0202,1.0033,-0.4103,1.8473,0.000774,0.0784,0.0
10.375,FLIGHT,0.986,1.4599,-1.5058,0.7714,-1.5732,0.9926,0.0057,-0.198,-0.4101,0.0488,1.0046,-0.2692,1.7327,0.00106,0.0386,0.0
10.38,FLIGHT,0.9783,1.4649,-1.5235,0.9391,-1.4941,1.0266,0.0034,-0.1977,-0.4365,0.0664,1.0058,-0.1722,1.6552,0.001183,0.0126,0.0
10.385,FLIGHT,0.9712,1.47,-1.454,0.9852,-1.3644,0.9872,0.0013,-0.1973,-0.428,0.075,1.007,-0.1093,1.6065,0.001202,-0.0038,0.0008
10.39,FLIGHT,0.9647,1.4748,-1.334,0.9577,-1.2126,0.9115,-0.0007,-0.197,-0.399,0.0771,1.0082,-0.0705,1.5777,0.001156,-0.0135,0.0027
10.395,FLIGHT,0.9591,1.4791,-1.1903,0.8915,-1.0569,0.8226,-0.0024,-0.1966,-0.3601,0.0751,1.0094,-0.0474,1.5619,0.001075,-0.0186,0.0037
10.4,FLIGHT,0.9542,1.483,-1.0406,0.8096,-0.9076,0.7337,-0.0039,-0.1963,-0.3182,0.0707,1.0105,-0.0342,1.5541,0.000975,-0.0207,0.0041
10.405,FLIGHT,0.95,1.4864,-0.8957,0.7255,-0.77,0.6518,-0.0052,-0.196,-0.2772,0.0651,1.0116,-0.0267,1.5508,0.00087,-0.0209,0.0042
10.41,FLIGHT,0.9464,1.4895,-0.7611,0.6466,-0.6461,0.5794,-0.0064,-0.1957,-0.2392,0.0593,1.0127,-0.0227,1.55,0.000768,-0.0199,0.004
10.415,FLIGHT,0.9435,1.4923,-0.6393,0.5761,-0.5361,0.5172,-0.0073,-0.1954,-0.2051,0.0537,1.0137,-0.0204,1.5504,0.000672,-0.0182,0.0036
10.42,FLIGHT,0.9411,1.4947,-0.5307,0.515,-0.4393,0.4645,-0.0081,-0.1952,-0.175,0.0485,1.0147,-0.0192,1.5514,0.000587,-0.0161,0.0032
10.425,FLIGHT,0.9391,1.4969,-0.4349,0.4631,-0.3545,0.4204,-0.0088,-0.195,-0.1488,0.0438,1.0156,-0.0186,1.5525,0.000512,-0.0138,0.0028
10.43,FLIGHT,0.9375,1.4989,-0.3508,0.4193,-0.2804,0.3836,-0.0094,-0.1948,-0.1262,0.0397,1.0166,-0.0183,1.5537,0.000448,-0.0116,0.0023
10.435,FLIGHT,0.9363,1.5008,-0.2773,0.3828,-0.2159,0.3529,-0.0099,-0.1946,-0.1067,0.0361,1.0174,-0.0182,1.5549,0.000396,-0.0095,0.0019
10.44,FLIGHT,0.9353,1.5025,-0.2133,0.3522,-0.1598,0.3273,-0.0103,-0.1945,-0.0899,0.033,1.0183,-0.0182,1.556,0.000353,-0.0077,0.0015
10.445,FLIGHT,0.9346,1.504,-0.1576,0.3268,-0.1111,0.3061,-0.0107,-0.1943,-0.0755,0.0304,1.0191,-0.0184,1.557,0.000318,-0.0061,0.0012
10.45,FLIGHT,0.9342,1.5055,-0.1092,0.3056,-0.0689,0.2883,-0.011,-0.1942,-0.0631,0.0281,1.0199,-0.0186,1.5579,0.000291,-0.0048,0.001
10.455,FLIGHT,0.9339,1.5069,-0.0673,0.2879,-0.0324,0.2735,-0.0112,-0.1941,-0.0525,0.0262,1.0207,-0.0189,1.5589,0.00027,-0.0037,0.0007
10.46,FLIGHT,0.9339,1.5083,-0.0311,0.2732,-0.001,0.261,-0.0114,-0.1939,-0.0434,0.0245,1.0215,-0.0193,1.5597,0.000253,-0.0028,0.0006
10.465,FLIGHT,0.9339,1.5095,0.0002,0.2608,0.0261,0.2506,-0.0116,-0.1938,-0.0356,0.0231,1.0222,-0.0198,1.5606,0.000241,-0.0021,0.0004
10.47,FLIGHT,0.9341,1.5108,0.027,0.2503,0.0493,0.2417,-0.0117,-0.1937,-0.029,0.0219,1.0229,-0.0203,1.5614,0.000232,-0.0015,0.0003
10.475,FLIGHT,0.9344,1.512,0.0501,0.2415,0.0691,0.2342,-0.0118,-0.1936,-0.0233,0.0209,1.0236,-0.0208,1.5621,0.000226,-0.001,0.0002
10.48,FLIGHT,0.9348,1.5131,0.0697,0.234,0.0859,0.2277,-0.0119,-0.1935,-0.0184,0.02,1.0242,-0.0214,1.5629,0.000222,-0.0007,0.0001
10.485,FLIGHT,0.9353,1.5142,0.0864,0.2275,0.1002,0.2222,-0.0119,-0.1934,-0.0143,0.0193,1.0249,-0.022,1.5636,0.000219,-0.0004,0.0001
10.49,FLIGHT,0.9358,1.5153,0.1005,0.2219,0.1121,0.2173,-0.012,-0.1933,-0.0108,0.0186,1.0255,-0.0225,1.5642,0.000218,-0.0002,0.0
10.495,FLIGHT,0.9364,1.5164,0.1124,0.2171,0.1221,0.213,-0.012,-0.1933,-0.0079,0.018,1.0261,-0.0231,1.5649,0.000217,-0.0001,0.0
10.5,FLIGHT,0.937,1.5175,0.1223,0.2128,0.1304,0.2091,-0.012,-0.1932,-0.0054,0.0175,1.0266,-0.0237,1.5655,0.000217,0.0,0.0
10.505,FLIGHT,0.9377,1.5185,0.1305,0.2089,0.1371,0.2057,-0.0121,-0.1931,-0.0033,0.0171,1.0271,-0.0243,1.5661,0.000217,0.0001,0.0
10.51,FLIGHT,0.9384,1.5195,0.1372,0.2054,0.1426,0.2025,-0.0121,-0.193,-0.0015,0.0167,1.0276,-0.0248,1.5667,0.000218,0.0002,0.0
10.515,FLIGHT,0.9391,1.5205,0.1426,0.2022,0.1469,0.1995,-0.0121,-0.1929,-0.0,0.0164,1.0281,-0.0254,1.5673,0.000219,0.0002,0.0
10.52,FLIGHT,0.9399,1.5215,0.1469,0.1992,0.1503,0.1967,-0.012,-0.1928,0.0012,0.0161,1.0286,-0.0259,1.5678,0.00022,0.0002,0.0
10.525,FLIGHT,0.9406,1.5225,0.1502,0.1964,0.1528,0.194,-0.012,-0.1928,0.0022,0.0158,1.029,-0.0264,1.5683,0.000221,0.0002,0.0
10.53,FLIGHT,0.9414,1.5235,0.1527,0.1937,0.1546,0.1914,-0.012,-0.1927,0.003,0.0155,1.0294,-0.0269,1.5688,0.000222,0.0002,0.0
10.535,FLIGHT,0.9422,1.5244,0.1545,0.1911,0.1558,0.1888,-0.012,-0.1926,0.0037,0.0153,1.0298,-0.0274,1.5693,0.000223,0.0002,0.0
10.54,FLIGHT,0.9429,1.5254,0.1557,0.1886,0.1565,0.1864,-0.012,-0.1925,0.0043,0.015,1.0302,-0.0279,1.5698,0.000224,0.0002,0.0
10.545,FLIGHT,0.9437,1.5263,0.1564,0.1861,0.1567,0.1839,-0.0119,-0.1925,0.0048,0.0148,1.0305,-0.0283,1.5703,0.000225,0.0002,0.0
10.55,FLIGHT,0.9445,1.5272,0.1566,0.1837,0.1566,0.1815,-0.0119,-0.1924,0.0051,0.0146,1.0308,-0.0288,1.5707,0.000226,0.0001,0.0
10.555,FLIGHT,0.9453,1.5281,0.1564,0.1813,0.1561,0.1791,-0.0119,-0.1923,0.0054,0.0144,1.0311,-0.0292,1.5711,0.000227,0.0001,0.0
10.56,FLIGHT,0.9461,1.529,0.1559,0.1789,0.1554,0.1767,-0.0119,-0.1922,0.0056,0.0142,1.0313,-0.0296,1.5715,0.000227,0.0001,0.0
10.565,FLIGHT,0.9468,1.5299,0.1552,0.1765,0.1544,0.1743,-0.0118,-0.1922,0.0058,0.014,1.0316,-0.03,1.572,0.000228,0.0001,0.0
10.57,FLIGHT,0.9476,1.5307,0.1542,0.1741,0.1533,0.1719,-0.0118,-0.1921,0.0059,0.0138,1.0318,-0.0304,1.5724,0.000228,0.0001,0.0
10.575,FLIGHT,0.9484,1.5316,0.1531,0.1717,0.152,0.1695,-0.0118,-0.192,0.006,0.0136,1.032,-0.0308,1.5727,0.000228,0.0001,0.0
10.58,FLIGHT,0.9491,1.5324,0.1518,0.1693,0.1506,0.1672,-0.0117,-0.192,0.0061,0.0134,1.0321,-0.0311,1.5731,0.000229,0.0,0.0
10.585,FLIGHT,0.9499,1.5333,0.1504,0.1669,0.149,0.1648,-0.0117,-0.1919,0.0061,0.0132,1.0323,-0.0315,1.5735,0.000229,0.0,0.0
10.59,FLIGHT,0.9506,1.5341,0.1488,0.1645,0.1474,0.1624,-0.0117,-0.1918,0.0062,0.013,1.0324,-0.0318,1.5738,0.000229,0.0,0.0
10.595,FLIGHT,0.9514,1.5349,0.1472,0.1622,0.1458,0.16,-0.0117,-0.1918,0.0062,0.0128,1.0325,-0.0322,1.5742,0.000229,0.0,0.0
10.6,FLIGHT,0.9521,1.5357,0.1456,0.1598,0.1441,0.1577,-0.0116,-0.1917,0.0062,0.0127,1.0326,-0.0325,1.5745,0.000229,0.0,0.0
10.605,FLIGHT,0.9528,1.5365,0.1439,0.1574,0.1423,0.1553,-0.0116,-0.1917,0.0062,0.0125,1.0326,-0.0328,1.5749,0.000229,-0.0,0.0
10.61,FLIGHT,0.9535,1.5372,0.1421,0.1551,0.1405,0.153,-0.0116,-0.1916,0.0061,0.0123,1.0327,-0.0331,1.5752,0.000229,-0.0,0.0
10.615,FLIGHT,0.9542,1.538,0.1403,0.1527,0.1387,0.1506,-0.0115,-0.1915,0.0061,0.0121,1.0327,-0.0334,1.5755,0.000229,-0.0,0.0
10.62,FLIGHT,0.9549,1.5387,0.1385,0.1504,0.1369,0.1483,-0.0115,-0.1915,0.0061,0.0119,1.0327,-0.0337,1.5759,0.000229,-0.0,0.0
10.625,FLIGHT,0.9556,1.5395,0.1367,0.1481,0.1351,0.146,-0.0115,-0.1914,0.006,0.0117,1.0326,-0.034,1.5762,0.000229,-0.0,0.0
10.63,FLIGHT,0.9562,1.5402,0.1349,0.1458,0.1333,0.1438,-0.0114,-0.1914,0.006,0.0116,1.0326,-0.0343,1.5765,0.000229,-0.0,0.0
10.635,FLIGHT,0.9569,1.5409,0.1331,0.1435,0.1315,0.1415,-0.0114,-0.1913,0.0059,0.0114,1.0325,-0.0346,1.5768,0.000228,-0.0,0.0
10.64,FLIGHT,0.9576,1.5416,0.1313,0.1413,0.1297,0.1393,-0.0114,-0.1912,0.0059,0.0112,1.0324,-0.0349,1.5771,0.000228,-0.0,0.0
10.645,FLIGHT,0.9582,1.5423,0.1295,0.139,0.128,0.137,-0.0114,-0.1912,0.0059,0.011,1.0322,-0.0351,1.5774,0.000228,-0.0,0.0
10.65,FLIGHT,0.9588,1.543,0.1278,0.1368,0.1262,0.1349,-0.0113,-0.1911,0.0058,0.0109,1.0321,-0.0354,1.5776,0.000228,-0.0,0.0
10.655,FLIGHT,0.9595,1.5436,0.126,0.1346,0.1245,0.1327,-0.0113,-0.1911,0.0058,0.0107,1.0319,-0.0356,1.5779,0.000228,-0.0,0.0
10.66,FLIGHT,0.9601,1.5443,0.1243,0.1325,0.1227,0.1306,-0.0113,-0.191,0.0057,0.0105,1.0317,-0.0359,1.5782,0.000227,-0.0,0.0
10.665,FLIGHT,0.9607,1.545,0.1226,0.1304,0.121,0.1285,-0.0112,-0.191,0.0057,0.0103,1.0315,-0.0362,1.5785,0.000227,-0.0,0.0
10.67,FLIGHT,0.9613,1.5456,0.1209,0.1282,0.1193,0.1264,-0.0112,-0.1909,0.0056,0.0102,1.0313,-0.0364,1.5788,0.000227,-0.0,0.0
10.675,FLIGHT,0.9619,1.5462,0.1192,0.1262,0.1177,0.1243,-0.0112,-0.1909,0.0056,0.01,1.031,-0.0366,1.579,0.000227,-0.0,0.0
10.68,FLIGHT,0.9625,1.5468,0.1175,0.1241,0.116,0.1223,-0.0112,-0.1908,0.0055,0.0099,1.0308,-0.0369,1.5793,0.000226,-0.0,0.0
10.685,FLIGHT,0.963,1.5474,0.1159,0.1221,0.1144,0.1203,-0.0111,-0.1908,0.0055,0.0097,1.0305,-0.0371,1.5795,0.000226,-0.0,0.0
10.69,FLIGHT,0.9636,1.548,0.1142,0.1201,0.1128,0.1183,-0.0111,-0.1907,0.0055,0.0095,1.0302,-0.0374,1.5798,0.000226,-0.0,0.0
10.695,FLIGHT,0.9642,1.5486,0.1126,0.1182,0.1112,0.1164,-0.0111,-0.1907,0.0054,0.0094,1.0298,-0.0376,1.58,0.000226,-0.0,0.0
10.7,FLIGHT,0.9647,1.5492,0.1111,0.1162,0.1097,0.1145,-0.011,-0.1906,0.0054,0.0092,1.0295,-0.0378,1.5803,0.000225,-0.0,0.0
10.705,FLIGHT,0.9653,1.5498,0.1095,0.1143,0.1081,0.1126,-0.011,-0.1906,0.0053,0.0091,1.0291,-0.038,1.5805,0.000225,-0.0,0.0
10.71,FLIGHT,0.9658,1.5503,0.108,0.1125,0.1066,0.1108,-0.011,-0.1906,0.0053,0.0089,1.0287,-0.0383,1.5808,0.000225,-0.0,0.0
10.715,FLIGHT,0.9663,1.5509,0.1064,0.1106,0.1051,0.109,-0.011,-0.1905,0.0052,0.0088,1.0283,-0.0385,1.581,0.000225,-0.0,0.0
10.72,FLIGHT,0.9669,1.5514,0.1049,0.1088,0.1036,0.1072,-0.0109,-0.1905,0.0052,0.0086,1.0279,-0.0387,1.5812,0.000225,-0.0,0.0
10.725,FLIGHT,0.9674,1.5519,0.1035,0.107,0.1021,0.1055,-0.0109,-0.1904,0.0052,0.0085,1.0274,-0.0389,1.5815,0.000224,-0.0,0.0
10.73,FLIGHT,0.9679,1.5525,0.102,0.1053,0.1007,0.1037,-0.0109,-0.1904,0.0051,0.0084,1.0269,-0.0391,1.5817,0.000224,-0.0,0.0
10.735,FLIGHT,0.9684,1.553,0.1006,0.1036,0.0993,0.102,-0.0109,-0.1903,0.0051,0.0082,1.0264,-0.0394,1.5819,0.000224,-0.0,0.0
10.74,FLIGHT,0.9689,1.5535,0.0991,0.1019,0.0979,0.1004,-0.0108,-0.1903,0.005,0.0081,1.0259,-0.0396,1.5821,0.000224,-0.0,0.0
10.745,FLIGHT,0.9694,1.554,0.0977,0.1002,0.0965,0.0987,-0.0108,-0.1903,0.005,0.008,1.0254,-0.0398,1.5824,0.000224,-0.0,0.0
10.75,FLIGHT,0.9698,1.5545,0.0964,0.0986,0.0951,0.0971,-0.0108,-0.1902,0.0049,0.0078,1.0249,-0.04,1.5826,0.000223,-0.0,0.0
10.755,FLIGHT,0.9703,1.555,0.095,0.097,0.0938,0.0956,-0.0108,-0.1902,0.0049,0.0077,1.0243,-0.0402,1.5828,0.000223,-0.0,0.0
10.76,FLIGHT,0.9708,1.5554,0.0936,0.0954,0.0924,0.094,-0.0107,-0.1901,0.0048,0.0076,1.0237,-0.0404,1.583,0.000223,-0.0,0.0
10.765,FLIGHT,0.9712,1.5559,0.0923,0.0939,0.0911,0.0925,-0.0107,-0.1901,0.0048,0.0075,1.0231,-0.0406,1.5832,0.000223,-0.0,0.0
10.77,FLIGHT,0.9717,1.5564,0.091,0.0924,0.0898,0.091,-0.0107,-0.1901,0.0047,0.0073,1.0225,-0.0408,1.5834,0.000223,-0.0,0.0
10.775,FLIGHT,0.9721,1.5568,0.0897,0.0909,0.0885,0.0895,-0.0107,-0.19,0.0047,0.0072,1.0219,-0.041,1.5836,0.000222,-0.0,0.0
10.78,FLIGHT,0.9726,1.5573,0.0884,0.0894,0.0872,0.0881,-0.0106,-0.19,0.0046,0.0071,1.0212,-0.0412,1.5838,0.000222,-0.0,0.0
10.785,FLIGHT,0.973,1.5577,0.0871,0.088,0.086,0.0867,-0.0106,-0.19,0.0046,0.007,1.0205,-0.0414,1.584,0.000222,-0.0,0.0
10.79,FLIGHT,0.9734,1.5581,0.0859,0.0866,0.0847,0.0853,-0.0106,-0.1899,0.0045,0.0069,1.0198,-0.0416,1.5842,0.000222,-0.0,0.0
10.795,FLIGHT,0.9738,1.5585,0.0846,0.0852,0.0835,0.0839,-0.0106,-0.1899,0.0045,0.0068,1.0191,-0.0417,1.5844,0.000222,-0.0,0.0
10.8,FLIGHT,0.9743,1.559,0.0834,0.0838,0.0823,0.0826,-0.0106,-0.1899,0.0044,0.0067,1.0184,-0.0419,1.5846,0.000222,-0.0,0.0
10.805,FLIGHT,0.9747,1.5594,0.0822,0.0825,0.0811,0.0813,-0.0105,-0.1898,0.0044,0.0066,1.0177,-0.0421,1.5848,0.000222,-0.0,0.0
10.81,FLIGHT,0.9751,1.5598,0.081,0.0812,0.0799,0.08,-0.0105,-0.1898,0.0043,0.0065,1.0169,-0.0423,1.585,0.000221,-0.0,0.0
10.815,FLIGHT,0.9755,1.5602,0.0798,0.0799,0.0787,0.0787,-0.0105,-0.1898,0.0043,0.0064,1.0161,-0.0425,1.5851,0.000221,-0.0,0.0
10.82,FLIGHT,0.9759,1.5606,0.0786,0.0786,0.0776,0.0775,-0.0105,-0.1897,0.0042,0.0063,1.0154,-0.0427,1.5853,0.000221,-0.0,0.0
10.825,FLIGHT,0.9762,1.5609,0.0775,0.0774,0.0764,0.0763,-0.0105,-0.1897,0.0042,0.0062,1.0146,-0.0428,1.5855,0.000221,-0.0,0.0
10.83,FLIGHT,0.9766,1.5613,0.0763,0.0762,0.0753,0.0751,-0.0104,-0.1897,0.0041,0.0061,1.0137,-0.043,1.5857,0.000221,-0.0,0.0
10.835,FLIGHT,0.977,1.5617,0.0752,0.075,0.0742,0.0739,-0.0104,-0.1896,0.0041,0.006,1.0129,-0.0432,1.5859,0.000221,-0.0,0.0
10.84,FLIGHT,0.9774,1.5621,0.074,0.0738,0.073,0.0728,-0.0104,-0.1896,0.004,0.0059,1.012,-0.0434,1.586,0.000221,-0.0,0.0
10.845,FLIGHT,0.9777,1.5624,0.0729,0.0727,0.0719,0.0716,-0.0104,-0.1896,0.004,0.0058,1.0112,-0.0435,1.5862,0.00022,-0.0,0.0
10.85,FLIGHT,0.9781,1.5628,0.0718,0.0715,0.0709,0.0705,-0.0104,-0.1896,0.0039,0.0057,1.0103,-0.0437,1.5864,0.00022,-0.0,0.0
10.855,FLIGHT,0.9784,1.5631,0.0707,0.0704,0.0698,0.0694,-0.0103,-0.1895,0.0038,0.0056,1.0094,-0.0439,1.5865,0.00022,-0.0,0.0
10.86,FLIGHT,0.9788,1.5635,0.0697,0.0693,0.0687,0.0684,-0.0103,-0.1895,0.0038,0.0055,1.0085,-0.0441,1.5867,0.00022,-0.0,0.0
10.865,FLIGHT,0.9791,1.5638,0.0686,0.0683,0.0677,0.0673,-0.0103,-0.1895,0.0037,0.0054,1.0075,-0.0442,1.5869,0.00022,-0.0,0.0
10.87,FLIGHT,0.9795,1.5641,0.0675,0.0672,0.0666,0.0663,-0.0103,-0.1895,0.0037,0.0054,1.0066,-0.0444,1.587,0.00022,-0.0,0.0
10.875,FLIGHT,0.9798,1.5645,0.0665,0.0662,0.0656,0.0653,-0.0103,-0.1894,0.0036,0.0053,1.0056,-0.0446,1.5872,0.00022,-0.0,0.0
10.88,FLIGHT,0.9801,1.5648,0.0655,0.0652,0.0645,0.0643,-0.0102,-0.1894,0.0035,0.0052,1.0047,-0.0447,1.5873,0.00022,-0.0,0.0
10.885,FLIGHT,0.9804,1.5651,0.0644,0.0642,0.0635,0.0633,-0.0102,-0.1894,0.0035,0.0051,1.0037,-0.0449,1.5875,0.00022,-0.0,0.0
10.89,FLIGHT,0.9807,1.5654,0.0634,0.0632,0.0625,0.0624,-0.0102,-0.1894,0.0034,0.005,1.0027,-0.0451,1.5877,0.000219,-0.0,0.0
10.895,FLIGHT,0.9811,1.5657,0.0624,0.0623,0.0615,0.0614,-0.0102,-0.1893,0.0034,0.005,1.0017,-0.0452,1.5878,0.000219,-0.0,0.0
10.9,FLIGHT,0.9814,1.566,0.0614,0.0614,0.0605,0.0605,-0.0102,-0.1893,0.0033,0.0049,1.0006,-0.0454,1.588,0.000219,-0.0,0.0
10.905,STANCE,0.9817,1.5665,0.0771,0.0828,0.1967,0.2438,-0.0102,-0.1893,0.0033,0.0067,0.9996,0.1398,-0.1308,0.000133,-0.1417,0.0283
10.91,STANCE,0.9852,1.5665,0.5411,-0.0036,1.1093,-0.3364,-0.0095,-0.1893,0.1029,-0.0055,0.9988,-0.15,-0.6874,-0.001374,-0.3907,0.0795
10.915,STANCE,0.9919,1.5625,1.0872,-0.5933,1.0393,-0.9596,-0.0077,-0.1897,0.2876,-0.0606,0.998,-0.6552,-1.0214,-0.003315,-0.2617,0.0557
10.92,STANCE,0.994,1.5609,0.585,-0.3554,0.1112,0.0402,-0.0071,-0.1899,0.16,-0.0353,0.9979,-0.7889,-1.6295,-0.003811,-0.0027,0.0043
10.925,STANCE,0.9948,1.5609,0.3128,-0.1258,0.2973,-0.1491,-0.0069,-0.1899,0.0767,-0.0132,0.9981,-0.9939,-2.1259,-0.003649,0.054,0.0036
10.93,STANCE,0.9971,1.5585,0.431,-0.427,0.4337,-1.3389,-0.0061,-0.1901,0.1409,-0.0397,0.9982,-1.3238,-2.2195,-0.003298,0.1332,0.0033
10.935,STANCE,1.0003,1.5517,0.6074,-1.0407,0.9122,-1.4186,-0.0046,-0.1907,0.2604,-0.0917,0.9983,-1.619,-1.9597,-0.002799,0.0206,0.0028
10.94,STANCE,1.0056,1.5421,0.9042,-1.6899,1.0333,-2.441,-0.0023,-0.1915,0.4099,-0.1429,0.9983,-1.875,-1.4714,-0.002883,-0.011,0.0051
10.945,STANCE,1.0112,1.5294,1.0432,-2.29,1.0227,-2.759,0.0006,-0.1926,0.5252,-0.1843,0.9982,-1.939,-0.8327,-0.00308,-0.0264,0.0084
10.95,STANCE,1.0159,1.5158,0.9594,-2.5899,0.7193,-2.8257,0.0035,-0.1936,0.5563,-0.1991,0.9982,-1.7469,-0.2286,-0.003235,0.0005,0.0032
10.955,STANCE,1.019,1.5025,0.7026,-2.6392,0.471,-2.5492,0.006,-0.1947,0.5177,-0.1958,0.9983,-1.3275,0.2877,-0.003254,0.0022,0.0033
10.96,STANCE,1.0205,1.4901,0.4147,-2.5197,0.1479,-2.4089,0.0081,-0.1956,0.4474,-0.1825,0.9985,-0.799,0.6903,-0.003158,0.036,0.0032
10.965,STANCE,1.0207,1.4784,0.1626,-2.383,-0.0509,-2.3054,0.0098,-0.1964,0.3804,-0.17,0.9987,-0.2911,0.9896,-0.002929,0.0638,0.0029
10.97,STANCE,1.0207,1.4675,0.0468,-2.2288,-0.0065,-2.1091,0.0114,-0.1972,0.3369,-0.1565,0.999,0.0189,1.1323,-0.002672,0.0539,0.0027
10.975,FLIGHT,1.0206,1.4573,0.0081,-2.0949,-0.1477,-1.7751,0.0129,-0.1979,0.3111,-0.1443,0.9993,-1.2512,2.5411,-0.002362,0.0775,0.0024
10.98,FLIGHT,1.0178,1.4516,-0.4256,-1.3708,-0.9543,-0.5314,0.0132,-0.1983,0.1183,-0.0995,1.0,-1.1237,2.4266,-0.001828,0.1327,0.0018
10.985,FLIGHT,1.0115,1.4514,-1.0263,-0.4273,-1.5352,0.3718,0.012,-0.1984,-0.1406,-0.0419,1.0009,-0.8729,2.2157,-0.001075,0.1647,0.0011
10.99,FLIGHT,1.0029,1.4548,-1.5105,0.3482,-1.859,0.9265,0.0098,-0.1983,-0.3506,0.0101,1.0021,-0.6242,2.01,-0.000219,0.1744,0.0002
10.995,FLIGHT,0.9933,1.4602,-1.7981,0.8613,-1.9677,1.2067,0.007,-0.198,-0.4814,0.0505,1.0033,-0.4247,1.8466,0.00054,0.1182,0.0
11.0,FLIGHT,0.9835,1.4665,-1.9042,1.1376,-1.932,1.2963,0.0042,-0.1976,-0.5404,0.0781,1.0045,-0.2812,1.7306,0.000987,0.0641,0.0
11.005,FLIGHT,0.9741,1.473,-1.878,1.2382,-1.8104,1.2689,0.0014,-0.1971,-0.5474,0.0939,1.0058,-0.1847,1.6541,0.001211,0.0279,0.0
11.01,FLIGHT,0.9654,1.4791,-1.7681,1.2253,-1.6446,1.1786,-0.0012,-0.1966,-0.5216,0.1002,1.007,-0.123,1.6068,0.001288,0.0047,0.0
11.015,FLIGHT,0.9577,1.4847,-1.613,1.148,-1.4626,1.0612,-0.0035,-0.1961,-0.4781,0.0997,1.0082,-0.085,1.5793,0.001273,-0.0095,0.0019
11.02,FLIGHT,0.9508,1.4897,-1.4395,1.0407,-1.2815,0.9384,-0.0055,-0.1957,-0.4273,0.095,1.0093,-0.0622,1.5643,0.001203,-0.0175,0.0035
11.025,FLIGHT,0.9448,1.4941,-1.2645,0.9249,-1.1105,0.8217,-0.0073,-0.1953,-0.3755,0.0879,1.0104,-0.0487,1.557,0.001105,-0.0214,0.0043
11.03,FLIGHT,0.9397,1.4979,-1.0978,0.813,-0.9539,0.7167,-0.0088,-0.1949,-0.3264,0.0799,1.0114,-0.0408,1.5539,0.000994,-0.0227,0.0045
11.035,FLIGHT,0.9353,1.5013,-0.9442,0.7111,-0.8133,0.6252,-0.0102,-0.1946,-0.2816,0.0718,1.0124,-0.0361,1.5531,0.000881,-0.0222,0.0044
11.04,FLIGHT,0.9315,1.5042,-0.8057,0.6215,-0.6884,0.547,-0.0113,-0.1943,-0.2417,0.064,1.0134,-0.0331,1.5535,0.000773,-0.0208,0.0042
11.045,FLIGHT,0.9284,1.5068,-0.6822,0.5445,-0.5782,0.4809,-0.0123,-0.194,-0.2067,0.0569,1.0143,-0.0312,1.5543,0.000674,-0.0187,0.0037
11.05,FLIGHT,0.9257,1.509,-0.573,0.4792,-0.4813,0.4256,-0.0131,-0.1938,-0.1762,0.0505,1.0152,-0.0299,1.5554,0.000586,-0.0164,0.0033
11.055,FLIGHT,0.9235,1.511,-0.4769,0.4243,-0.3964,0.3794,-0.0138,-0.1936,-0.1499,0.0449,1.0161,-0.029,1.5565,0.00051,-0.014,0.0028
11.06,FLIGHT,0.9217,1.5128,-0.3926,0.3784,-0.3221,0.3409,-0.0144,-0.1934,-0.1271,0.04,1.0169,-0.0283,1.5575,0.000446,-0.0117,0.0023
11.065,FLIGHT,0.9203,1.5145,-0.3188,0.3401,-0.2571,0.3089,-0.0149,-0.1932,-0.1075,0.0358,1.0177,-0.0279,1.5585,0.000393,-0.0096,0.0019
11.07,FLIGHT,0.9192,1.5159,-0.2543,0.3083,-0.2003,0.2823,-0.0153,-0.1931,-0.0907,0.0321,1.0185,-0.0276,1.5594,0.00035,-0.0077,0.0015
11.075,FLIGHT,0.9183,1.5173,-0.1979,0.2818,-0.1509,0.2602,-0.0156,-0.1929,-0.0761,0.029,1.0192,-0.0275,1.5603,0.000316,-0.0061,0.0012
11.08,FLIGHT,0.9176,1.5185,-0.1488,0.2598,-0.1078,0.2418,-0.0159,-0.1928,-0.0636,0.0263,1.0199,-0.0275,1.5611,0.000289,-0.0048,0.001
11.085,FLIGHT,0.9172,1.5197,-0.1061,0.2415,-0.0704,0.2266,-0.0162,-0.1927,-0.0529,0.024,1.0206,-0.0277,1.5619,0.000268,-0.0036,0.0007
11.09,FLIGHT,0.9169,1.5208,-0.069,0.2263,-0.0381,0.2139,-0.0164,-0.1926,-0.0436,0.0221,1.0213,-0.0279,1.5627,0.000252,-0.0027,0.0005
11.095,FLIGHT,0.9168,1.5219,-0.0368,0.2136,-0.0101,0.2033,-0.0165,-0.1925,-0.0357,0.0204,1.0219,-0.0282,1.5634,0.00024,-0.002,0.0004
11.1,FLIGHT,0.9168,1.5229,-0.009,0.2031,0.014,0.1945,-0.0167,-0.1924,-0.029,0.019,1.0225,-0.0285,1.5641,0.000232,-0.0014,0.0003
11.105,FLIGHT,0.9169,1.5238,0.0149,0.1943,0.0348,0.1871,-0.0168,-0.1923,-0.0232,0.0178,1.0231,-0.0289,1.5648,0.000226,-0.001,0.0002
11.11,FLIGHT,0.9172,1.5247,0.0355,0.1869,0.0525,0.1809,-0.0168,-0.1922,-0.0182,0.0168,1.0237,-0.0294,1.5654,0.000222,-0.0006,0.0001
11.115,FLIGHT,0.9175,1.5256,0.0531,0.1807,0.0676,0.1757,-0.0169,-0.1921,-0.014,0.0159,1.0242,-0.0298,1.566,0.000219,-0.0004,0.0001
11.12,FLIGHT,0.9178,1.5265,0.068,0.1755,0.0804,0.1712,-0.017,-0.1921,-0.0104,0.0152,1.0247,-0.0303,1.5666,0.000218,-0.0002,0.0
11.125,FLIGHT,0.9183,1.5273,0.0808,0.171,0.0912,0.1673,-0.017,-0.192,-0.0074,0.0146,1.0252,-0.0307,1.5672,0.000217,-0.0,0.0
11.13,FLIGHT,0.9187,1.5282,0.0915,0.1672,0.1003,0.164,-0.017,-0.1919,-0.0048,0.014,1.0257,-0.0312,1.5677,0.000217,0.0001,0.0
11.135,FLIGHT,0.9193,1.529,0.1005,0.1638,0.1078,0.161,-0.017,-0.1919,-0.0026,0.0136,1.0261,-0.0317,1.5682,0.000218,0.0001,0.0
11.14,FLIGHT,0.9198,1.5298,0.1079,0.1609,0.114,0.1584,-0.017,-0.1918,-0.0008,0.0132,1.0265,-0.0322,1.5687,0.000219,0.0002,0.0
11.145,FLIGHT,0.9204,1.5306,0.1141,0.1582,0.1191,0.156,-0.017,-0.1917,0.0007,0.0128,1.0269,-0.0326,1.5692,0.00022,0.0002,0.0
11.15,FLIGHT,0.921,1.5313,0.1191,0.1558,0.1231,0.1538,-0.017,-0.1917,0.002,0.0125,1.0273,-0.0331,1.5697,0.000221,0.0002,0.0
11.155,FLIGHT,0.9216,1.5321,0.1231,0.1536,0.1264,0.1517,-0.017,-0.1916,0.0031,0.0123,1.0276,-0.0335,1.5701,0.000222,0.0002,0.0
11.16,FLIGHT,0.9223,1.5328,0.1263,0.1516,0.1288,0.1498,-0.017,-0.1915,0.004,0.012,1.028,-0.0339,1.5705,0.000223,0.0002,0.0
11.165,FLIGHT,0.9229,1.5336,0.1288,0.1496,0.1307,0.1479,-0.0169,-0.1915,0.0047,0.0118,1.0283,-0.0343,1.5709,0.000224,0.0002,0.0
11.17,FLIGHT,0.9236,1.5343,0.1306,0.1477,0.132,0.146,-0.0169,-0.1914,0.0053,0.0116,1.0285,-0.0347,1.5713,0.000226,0.0002,0.0
11.175,FLIGHT,0.9242,1.5351,0.1319,0.1459,0.1328,0.1443,-0.0169,-0.1914,0.0058,0.0114,1.0288,-0.0351,1.5717,0.000227,0.0002,0.0
11.18,FLIGHT,0.9249,1.5358,0.1327,0.1441,0.1333,0.1425,-0.0168,-0.1913,0.0061,0.0112,1.029,-0.0355,1.5721,0.000227,0.0002,0.0
11.185,FLIGHT,0.9256,1.5365,0.1331,0.1423,0.1334,0.1407,-0.0168,-0.1913,0.0065,0.0111,1.0292,-0.0358,1.5725,0.000228,0.0001,0.0
11.19,FLIGHT,0.9262,1.5372,0.1332,0.1405,0.1332,0.139,-0.0168,-0.1912,0.0067,0.0109,1.0294,-0.0362,1.5728,0.000229,0.0001,0.0
11.195,FLIGHT,0.9269,1.5379,0.133,0.1388,0.1328,0.1372,-0.0167,-0.1912,0.0069,0.0108,1.0295,-0.0365,1.5732,0.00023,0.0001,0.0
11.2,FLIGHT,0.9276,1.5385,0.1326,0.137,0.1321,0.1355,-0.0167,-0.1911,0.007,0.0106,1.0297,-0.0368,1.5735,0.00023,0.0001,0.0
11.205,FLIGHT,0.9282,1.5392,0.132,0.1353,0.1314,0.1337,-0.0167,-0.1911,0.0072,0.0105,1.0298,-0.0371,1.5738,0.000231,0.0001,0.0
11.21,FLIGHT,0.9289,1.5399,0.1312,0.1335,0.1304,0.132,-0.0166,-0.191,0.0072,0.0103,1.0299,-0.0374,1.5741,0.000231,0.0001,0.0
11.215,FLIGHT,0.9295,1.5405,0.1303,0.1318,0.1294,0.1302,-0.0166,-0.1909,0.0073,0.0102,1.0299,-0.0377,1.5744,0.000231,0.0001,0.0
11.22,FLIGHT,0.9302,1.5412,0.1293,0.13,0.1283,0.1284,-0.0166,-0.1909,0.0073,0.01,1.03,-0.038,1.5747,0.000231,0.0,0.0
11.225,FLIGHT,0.9308,1.5418,0.1281,0.1282,0.1271,0.1267,-0.0165,-0.1909,0.0073,0.0099,1.03,-0.0383,1.575,0.000232,0.0,0.0
11.23,FLIGHT,0.9314,1.5425,0.1269,0.1265,0.1258,0.1249,-0.0165,-0.1908,0.0073,0.0097,1.03,-0.0386,1.5753,0.000232,0.0,0.0
11.235,FLIGHT,0.9321,1.5431,0.1257,0.1247,0.1245,0.1231,-0.0164,-0.1908,0.0073,0.0096,1.03,-0.0388,1.5756,0.000232,0.0,0.0
11.24,FLIGHT,0.9327,1.5437,0.1244,0.1229,0.1232,0.1214,-0.0164,-0.1907,0.0073,0.0095,1.0299,-0.0391,1.5759,0.000232,0.0,0.0
11.245,FLIGHT,0.9333,1.5443,0.123,0.1212,0.1218,0.1196,-0.0164,-0.1907,0.0073,0.0093,1.0299,-0.0393,1.5761,0.000232,0.0,0.0
11.25,FLIGHT,0.9339,1.5449,0.1217,0.1194,0.1204,0.1178,-0.0163,-0.1906,0.0072,0.0092,1.0298,-0.0396,1.5764,0.000232,-0.0,0.0
11.255,FLIGHT,0.9345,1.5455,0.1203,0.1177,0.1191,0.1161,-0.0163,-0.1906,0.0072,0.009,1.0296,-0.0398,1.5767,0.000232,-0.0,0.0
11.26,FLIGHT,0.9351,1.546,0.1189,0.1159,0.1177,0.1144,-0.0163,-0.1905,0.0072,0.0089,1.0295,-0.04,1.5769,0.000232,-0.0,0.0
11.265,FLIGHT,0.9357,1.5466,0.1175,0.1142,0.1163,0.1126,-0.0162,-0.1905,0.0071,0.0088,1.0294,-0.0403,1.5772,0.000232,-0.0,0.0
11.27,FLIGHT,0.9363,1.5472,0.1161,0.1125,0.1149,0.1109,-0.0162,-0.1904,0.0071,0.0086,1.0292,-0.0405,1.5774,0.000232,-0.0,0.0
11.275,FLIGHT,0.9368,1.5477,0.1147,0.1108,0.1135,0.1092,-0.0162,-0.1904,0.0071,0.0085,1.029,-0.0407,1.5777,0.000232,-0.0,0.0
11.28,FLIGHT,0.9374,1.5483,0.1133,0.1091,0.1121,0.1076,-0.0161,-0.1904,0.007,0.0084,1.0288,-0.0409,1.5779,0.000231,-0.0,0.0
11.285,FLIGHT,0.9379,1.5488,0.1119,0.1074,0.1107,0.1059,-0.0161,-0.1903,0.007,0.0082,1.0285,-0.0411,1.5781,0.000231,-0.0,0.0
11.29,FLIGHT,0.9385,1.5493,0.1106,0.1057,0.1094,0.1043,-0.0161,-0.1903,0.0069,0.0081,1.0283,-0.0413,1.5784,0.000231,-0.0,0.0
11.295,FLIGHT,0.939,1.5498,0.1092,0.1041,0.108,0.1027,-0.016,-0.1902,0.0069,0.008,1.028,-0.0415,1.5786,0.000231,-0.0,0.0
11.3,FLIGHT,0.9396,1.5503,0.1079,0.1025,0.1067,0.1011,-0.016,-0.1902,0.0068,0.0079,1.0277,-0.0417,1.5788,0.000231,-0.0,0.0
11.305,FLIGHT,0.9401,1.5508,0.1065,0.1009,0.1053,0.0995,-0.016,-0.1902,0.0068,0.0077,1.0274,-0.0419,1.5791,0.000231,-0.0,0.0
11.31,FLIGHT,0.9406,1.5513,0.1052,0.0993,0.104,0.0979,-0.0159,-0.1901,0.0067,0.0076,1.027,-0.0421,1.5793,0.000231,-0.0,0.0
11.315,FLIGHT,0.9411,1.5518,0.1039,0.0978,0.1027,0.0964,-0.0159,-0.1901,0.0067,0.0075,1.0267,-0.0423,1.5795,0.00023,-0.0,0.0
11.32,FLIGHT,0.9417,1.5523,0.1026,0.0962,0.1015,0.0949,-0.0159,-0.19,0.0066,0.0074,1.0263,-0.0425,1.5797,0.00023,-0.0,0.0
11.325,FLIGHT,0.9422,1.5528,0.1013,0.0947,0.1002,0.0934,-0.0158,-0.19,0.0066,0.0073,1.0259,-0.0427,1.5799,0.00023,-0.0,0.0
11.33,FLIGHT,0.9427,1.5532,0.1001,0.0932,0.099,0.0919,-0.0158,-0.19,0.0066,0.0071,1.0255,-0.0429,1.5801,0.00023,-0.0,0.0
11.335,FLIGHT,0.9432,1.5537,0.0988,0.0918,0.0977,0.0905,-0.0158,-0.1899,0.0065,0.007,1.025,-0.0431,1.5803,0.00023,-0.0,0.0
11.34,FLIGHT,0.9436,1.5541,0.0976,0.0903,0.0965,0.0891,-0.0157,-0.1899,0.0065,0.0069,1.0246,-0.0433,1.5806,0.00023,-0.0,0.0
11.345,FLIGHT,0.9441,1.5546,0.0964,0.0889,0.0953,0.0877,-0.0157,-0.1899,0.0064,0.0068,1.0241,-0.0434,1.5808,0.000229,-0.0,0.0
11.35,FLIGHT,0.9446,1.555,0.0952,0.0875,0.0941,0.0863,-0.0157,-0.1898,0.0064,0.0067,1.0236,-0.0436,1.581,0.000229,-0.0,0.0
11.355,FLIGHT,0.9451,1.5554,0.094,0.0862,0.0929,0.0849,-0.0156,-0.1898,0.0063,0.0066,1.0231,-0.0438,1.5812,0.000229,-0.0,0.0
11.36,FLIGHT,0.9455,1.5559,0.0928,0.0848,0.0918,0.0836,-0.0156,-0.1898,0.0063,0.0065,1.0226,-0.044,1.5814,0.000229,-0.0,0.0
11.365,FLIGHT,0.946,1.5563,0.0917,0.0835,0.0906,0.0823,-0.0156,-0.1897,0.0062,0.0064,1.022,-0.0441,1.5815,0.000229,-0.0,0.0
11.37,FLIGHT,0.9464,1.5567,0.0905,0.0822,0.0895,0.081,-0.0155,-0.1897,0.0062,0.0063,1.0215,-0.0443,1.5817,0.000229,-0.0,0.0
11.375,FLIGHT,0.9469,1.5571,0.0894,0.0809,0.0884,0.0798,-0.0155,-0.1897,0.0061,0.0062,1.0209,-0.0445,1.5819,0.000229,-0.0,0.0
11.38,FLIGHT,0.9473,1.5575,0.0883,0.0797,0.0873,0.0785,-0.0155,-0.1897,0.0061,0.0061,1.0203,-0.0447,1.5821,0.000229,-0.0,0.0
11.385,FLIGHT,0.9477,1.5579,0.0871,0.0784,0.0862,0.0773,-0.0154,-0.1896,0.006,0.006,1.0196,-0.0448,1.5823,0.000228,-0.0,0.0
11.39,FLIGHT,0.9482,1.5583,0.086,0.0772,0.0851,0.0761,-0.0154,-0.1896,0.006,0.0059,1.019,-0.045,1.5825,0.000228,-0.0,0.0
11.395,FLIGHT,0.9486,1.5586,0.085,0.076,0.084,0.075,-0.0154,-0.1896,0.0059,0.0058,1.0184,-0.0452,1.5827,0.000228,-0.0,0.0
11.4,FLIGHT,0.949,1.559,0.0839,0.0749,0.0829,0.0738,-0.0154,-0.1895,0.0059,0.0057,1.0177,-0.0453,1.5828,0.000228,-0.0,0.0
11.405,FLIGHT,0.9494,1.5594,0.0828,0.0737,0.0819,0.0727,-0.0153,-0.1895,0.0058,0.0056,1.017,-0.0455,1.583,0.000228,-0.0,0.0
11.41,FLIGHT,0.9498,1.5597,0.0818,0.0726,0.0808,0.0716,-0.0153,-0.1895,0.0058,0.0055,1.0163,-0.0457,1.5832,0.000228,-0.0,0.0
11.415,FLIGHT,0.9502,1.5601,0.0807,0.0715,0.0798,0.0705,-0.0153,-0.1895,0.0057,0.0054,1.0156,-0.0458,1.5834,0.000228,-0.0,0.0
11.42,FLIGHT,0.9506,1.5604,0.0797,0.0704,0.0788,0.0695,-0.0152,-0.1894,0.0057,0.0054,1.0148,-0.046,1.5835,0.000228,-0.0,0.0
11.425,FLIGHT,0.951,1.5608,0.0787,0.0694,0.0778,0.0684,-0.0152,-0.1894,0.0056,0.0053,1.0141,-0.0461,1.5837,0.000227,-0.0,0.0
11.43,FLIGHT,0.9514,1.5611,0.0777,0.0683,0.0768,0.0674,-0.0152,-0.1894,0.0056,0.0052,1.0133,-0.0463,1.5839,0.000227,-0.0,0.0
11.435,FLIGHT,0.9518,1.5615,0.0767,0.0673,0.0758,0.0664,-0.0152,-0.1893,0.0055,0.0051,1.0125,-0.0465,1.5841,0.000227,-0.0,0.0
11.44,FLIGHT,0.9522,1.5618,0.0757,0.0663,0.0748,0.0654,-0.0151,-0.1893,0.0055,0.005,1.0117,-0.0466,1.5842,0.000227,-0.0,0.0
11.445,FLIGHT,0.9525,1.5621,0.0747,0.0653,0.0738,0.0644,-0.0151,-0.1893,0.0054,0.005,1.0109,-0.0468,1.5844,0.000227,-0.0,0.0
11.45,FLIGHT,0.9529,1.5624,0.0737,0.0643,0.0728,0.0635,-0.0151,-0.1893,0.0053,0.0049,1.01,-0.0469,1.5845,0.000227,-0.0,0.0
11.455,FLIGHT,0.9533,1.5628,0.0727,0.0634,0.0719,0.0626,-0.015,-0.1892,0.0053,0.0048,1.0092,-0.0471,1.5847,0.000227,-0.0,0.0
11.46,FLIGHT,0.9536,1.5631,0.0718,0.0625,0.0709,0.0616,-0.015,-0.1892,0.0052,0.0048,1.0083,-0.0472,1.5849,0.000227,-0.0,0.0
11.465,FLIGHT,0.954,1.5634,0.0708,0.0616,0.07,0.0607,-0.015,-0.1892,0.0052,0.0047,1.0074,-0.0474,1.585,0.000227,-0.0,0.0
11.47,FLIGHT,0.9543,1.5637,0.0699,0.0607,0.069,0.0599,-0.015,-0.1892,0.0051,0.0046,1.0065,-0.0475,1.5852,0.000227,-0.0,0.0
11.475,FLIGHT,0.9547,1.564,0.0689,0.0598,0.0681,0.059,-0.0149,-0.1892,0.005,0.0045,1.0056,-0.0477,1.5853,0.000227,-0.0,0.0
11.48,FLIGHT,0.955,1.5643,0.068,0.0589,0.0672,0.0582,-0.0149,-0.1891,0.005,0.0045,1.0047,-0.0478,1.5855,0.000226,-0.0,0.0
11.485,FLIGHT,0.9553,1.5646,0.0671,0.0581,0.0663,0.0573,-0.0149,-0.1891,0.0049,0.0044,1.0037,-0.048,1.5856,0.000226,-0.0,0.0
11.49,FLIGHT,0.9557,1.5648,0.0662,0.0573,0.0654,0.0565,-0.0149,-0.1891,0.0049,0.0044,1.0028,-0.0481,1.5858,0.000226,-0.0,0.0
11.495,FLIGHT,0.956,1.5651,0.0653,0.0564,0.0644,0.0557,-0.0148,-0.1891,0.0048,0.0043,1.0018,-0.0483,1.5859,0.000226,-0.0,0.0
11.5,FLIGHT,0.9563,1.5654,0.0644,0.0556,0.0636,0.0549,-0.0148,-0.189,0.0047,0.0042,1.0008,-0.0484,1.5861,0.000226,-0.0,0.0
11.505,STANCE,0.9568,1.5659,0.0926,0.094,0.2168,0.2608,-0.0148,-0.189,0.0049,0.0074,0.9999,0.2018,-0.138,3.4e-05,-0.1907,0.0381
11.51,STANCE,0.9601,1.5656,0.5298,-0.0553,1.0756,-0.4634,-0.0141,-0.1891,0.1076,-0.0126,0.999,-0.04,-0.6965,-0.001545,-0.3877,0.0791
11.515,STANCE,0.9668,1.5604,1.0953,-0.7823,1.5878,-1.5342,-0.0122,-0.1896,0.3134,-0.0847,0.998,-0.5121,-1.0045,-0.003463,-0.3808,0.0796
11.52,STANCE,0.9703,1.5568,0.747,-0.6606,0.1622,-0.1554,-0.011,-0.19,0.2316,-0.0678,0.9977,-0.6858,-1.5797,-0.004342,-0.0392,0.0122
11.525,STANCE,0.971,1.5563,0.345,-0.2907,0.245,-0.2169,-0.0108,-0.1901,0.1051,-0.0299,0.9979,-0.8109,-2.1523,-0.00428,0.0454,0.0043
11.53,STANCE,0.973,1.5529,0.3861,-0.6451,0.3743,-1.65,-0.01,-0.1904,0.1615,-0.0615,0.9981,-1.0927,-2.2345,-0.003903,0.1437,0.0039
11.535,STANCE,0.9769,1.5447,0.6921,-1.3367,1.1327,-2.0013,-0.0081,-0.1912,0.316,-0.1228,0.9981,-1.4473,-1.9345,-0.003642,-0.0493,0.0135
11.54,STANCE,0.9828,1.532,1.0433,-2.1959,1.2663,-2.733,-0.0052,-0.1923,0.506,-0.1923,0.998,-1.758,-1.3261,-0.003903,-0.0697,0.0178
11.545,STANCE,0.9879,1.5185,1.0124,-2.5148,0.9367,-2.6097,-0.0023,-0.1934,0.5494,-0.2098,0.998,-1.7655,-0.789,-0.003979,-0.02,0.008
11.55,STANCE,0.9917,1.5046,0.8253,-2.7126,0.6181,-2.8652,0.0004,-0.1946,0.5459,-0.2167,0.9981,-1.5446,-0.2149,-0.004006,-0.0012,0.0042
11.555,STANCE,0.9941,1.4903,0.573,-2.7976,0.2825,-2.8658,0.0029,-0.1957,0.5132,-0.2155,0.9982,-1.1501,0.336,-0.003972,0.0301,0.004
11.56,STANCE,0.995,1.4767,0.3002,-2.747,0.0608,-2.6652,0.005,-0.1967,0.4559,-0.2059,0.9983,-0.6534,0.7893,-0.003827,0.0434,0.0038
11.565,STANCE,0.995,1.4639,0.0823,-2.6093,-0.0373,-2.4224,0.0069,-0.1977,0.3957,-0.1916,0.9986,-0.1808,1.1069,-0.003584,0.0463,0.0036
11.57,STANCE,0.9946,1.4521,-0.0274,-2.4362,-0.0766,-2.2829,0.0085,-0.1986,0.3509,-0.1756,0.9989,0.1149,1.2531,-0.003273,0.0704,0.0033
11.575,FLIGHT,0.9944,1.4413,-0.0356,-2.2256,-0.1502,-1.8415,0.01,-0.1993,0.3201,-0.1571,0.9993,-1.1702,2.4745,-0.00292,0.0805,0.0029
11.58,FLIGHT,0.9917,1.4352,-0.4185,-1.4719,-0.8996,-0.632,0.0104,-0.1998,0.1331,-0.1073,1.0001,-1.045,2.3609,-0.002381,0.1321,0.0024
11.585,FLIGHT,0.9858,1.4344,-0.968,-0.5386,-1.434,0.2463,0.0093,-0.1999,-0.1144,-0.0471,1.0011,-0.8042,2.1587,-0.001636,0.162,0.0016
11.59,FLIGHT,0.9778,1.4371,-1.4096,0.222,-1.7251,0.7893,0.0073,-0.1998,-0.314,0.0057,1.0022,-0.5672,1.9636,-0.000796,0.171,0.0008
11.595,FLIGHT,0.9689,1.4419,-1.6677,0.7266,-1.8173,1.0679,0.0049,-0.1995,-0.4381,0.0458,1.0035,-0.3777,1.8094,4.9e-05,0.1629,0.0
11.6,FLIGHT,0.9599,1.4475,-1.7548,1.0036,-1.769,1.1671,0.0023,-0.1991,-0.4939,0.0727,1.0048,-0.2431,1.7013,0.000687,0.096,0.0
11.605,FLIGHT,0.9513,1.4533,-1.7171,1.1133,-1.6424,1.1549,-0.0003,-0.1986,-0.5002,0.0878,1.0061,-0.1539,1.6311,0.001043,0.0494,0.0
11.61,FLIGHT,0.9435,1.459,-1.6025,1.1149,-1.4773,1.0829,-0.0026,-0.1982,-0.4757,0.0938,1.0074,-0.0979,1.5885,0.001208,0.0188,0.0
11.615,FLIGHT,0.9366,1.4641,-1.4479,1.0553,-1.2998,0.9851,-0.0047,-0.1977,-0.4349,0.0935,1.0086,-0.0642,1.5644,0.00125,-0.0005,0.0001
11.62,FLIGHT,0.9305,1.4688,-1.2785,0.9668,-1.1254,0.8814,-0.0066,-0.1973,-0.3876,0.0892,1.0098,-0.0446,1.5518,0.001216,-0.012,0.0024
11.625,FLIGHT,0.9253,1.4729,-1.1099,0.8696,-0.9623,0.7827,-0.0082,-0.1969,-0.3396,0.0829,1.011,-0.0335,1.546,0.001138,-0.0183,0.0037
11.63,FLIGHT,0.9209,1.4766,-0.9508,0.7753,-0.8142,0.6941,-0.0096,-0.1966,-0.2943,0.0758,1.0121,-0.0273,1.544,0.001038,-0.0211,0.0042
11.635,FLIGHT,0.9171,1.4799,-0.8054,0.6894,-0.6819,0.617,-0.0108,-0.1963,-0.2531,0.0686,1.0132,-0.0238,1.5439,0.00093,-0.0217,0.0043
11.64,FLIGHT,0.914,1.4828,-0.6751,0.614,-0.5651,0.5513,-0.0118,-0.196,-0.2166,0.0619,1.0142,-0.0219,1.5447,0.000823,-0.0209,0.0042
11.645,FLIGHT,0.9115,1.4854,-0.5596,0.5493,-0.4626,0.496,-0.0126,-0.1957,-0.1847,0.0557,1.0152,-0.0207,1.5459,0.000722,-0.0193,0.0039
11.65,FLIGHT,0.9094,1.4878,-0.458,0.4946,-0.3728,0.4497,-0.0134,-0.1955,-0.157,0.0502,1.0161,-0.02,1.5471,0.000631,-0.0172,0.0034
11.655,FLIGHT,0.9077,1.4899,-0.3689,0.4486,-0.2945,0.411,-0.014,-0.1952,-0.1331,0.0454,1.0171,-0.0196,1.5484,0.000551,-0.0148,0.003
11.66,FLIGHT,0.9064,1.4919,-0.2912,0.4102,-0.2262,0.3788,-0.0145,-0.1951,-0.1125,0.0412,1.018,-0.0194,1.5496,0.000483,-0.0125,0.0025
11.665,FLIGHT,0.9054,1.4937,-0.2233,0.3781,-0.1667,0.3519,-0.0149,-0.1949,-0.0948,0.0375,1.0188,-0.0193,1.5507,0.000425,-0.0104,0.0021
11.67,FLIGHT,0.9047,1.4954,-0.1643,0.3513,-0.115,0.3294,-0.0153,-0.1947,-0.0795,0.0344,1.0197,-0.0193,1.5517,0.000379,-0.0084,0.0017
11.675,FLIGHT,0.9043,1.497,-0.1129,0.3289,-0.0701,0.3106,-0.0156,-0.1946,-0.0664,0.0317,1.0205,-0.0195,1.5527,0.000341,-0.0067,0.0013
11.68,FLIGHT,0.904,1.4986,-0.0684,0.3102,-0.0313,0.2949,-0.0159,-0.1944,-0.0552,0.0294,1.0213,-0.0198,1.5537,0.000311,-0.0053,0.0011
11.685,FLIGHT,0.904,1.5,-0.0298,0.2945,0.0023,0.2816,-0.0161,-0.1943,-0.0455,0.0274,1.022,-0.0201,1.5546,0.000288,-0.0041,0.0008
11.69,FLIGHT,0.904,1.5014,0.0035,0.2813,0.0312,0.2704,-0.0162,-0.1942,-0.0372,0.0257,1.0227,-0.0206,1.5555,0.00027,-0.0031,0.0006
11.695,FLIGHT,0.9043,1.5027,0.0322,0.2701,0.056,0.261,-0.0164,-0.194,-0.0301,0.0243,1.0234,-0.0211,1.5563,0.000257,-0.0023,0.0005
11.7,FLIGHT,0.9046,1.504,0.0569,0.2607,0.0773,0.2529,-0.0165,-0.1939,-0.0241,0.023,1.0241,-0.0216,1.5571,0.000247,-0.0017,0.0003
11.705,FLIGHT,0.905,1.5052,0.078,0.2526,0.0954,0.246,-0.0166,-0.1938,-0.0189,0.022,1.0248,-0.0221,1.5579,0.00024,-0.0012,0.0002
11.71,FLIGHT,0.9055,1.5065,0.0959,0.2457,0.1107,0.24,-0.0166,-0.1937,-0.0145,0.0211,1.0254,-0.0227,1.5587,0.000235,-0.0008,0.0002
11.715,FLIGHT,0.9061,1.5076,0.1111,0.2397,0.1236,0.2347,-0.0167,-0.1936,-0.0107,0.0203,1.026,-0.0233,1.5594,0.000231,-0.0005,0.0001
11.72,FLIGHT,0.9068,1.5088,0.1239,0.2345,0.1344,0.2301,-0.0167,-0.1935,-0.0075,0.0196,1.0266,-0.0239,1.5601,0.00023,-0.0003,0.0001
11.725,FLIGHT,0.9075,1.5099,0.1346,0.2299,0.1434,0.2259,-0.0167,-0.1934,-0.0048,0.019,1.0271,-0.0244,1.5608,0.000229,-0.0001,0.0
11.73,FLIGHT,0.9082,1.5111,0.1435,0.2257,0.1507,0.2222,-0.0167,-0.1933,-0.0026,0.0185,1.0276,-0.025,1.5614,0.000228,-0.0,0.0
11.735,FLIGHT,0.909,1.5122,0.1508,0.2219,0.1567,0.2187,-0.0167,-0.1932,-0.0007,0.018,1.0281,-0.0256,1.562,0.000228,0.0001,0.0
11.74,FLIGHT,0.9098,1.5132,0.1567,0.2185,0.1614,0.2155,-0.0167,-0.1932,0.0009,0.0176,1.0286,-0.0262,1.5626,0.000229,0.0001,0.0
11.745,FLIGHT,0.9106,1.5143,0.1614,0.2152,0.1652,0.2124,-0.0167,-0.1931,0.0023,0.0172,1.0291,-0.0267,1.5632,0.00023,0.0002,0.0
11.75,FLIGHT,0.9114,1.5154,0.1651,0.2122,0.168,0.2095,-0.0167,-0.193,0.0034,0.0169,1.0295,-0.0272,1.5638,0.000231,0.0002,0.0
11.755,FLIGHT,0.9123,1.5164,0.1679,0.2093,0.1701,0.2067,-0.0167,-0.1929,0.0043,0.0166,1.0299,-0.0278,1.5643,0.000231,0.0002,0.0
11.76,FLIGHT,0.9131,1.5174,0.1699,0.2065,0.1714,0.204,-0.0166,-0.1928,0.0051,0.0163,1.0303,-0.0283,1.5649,0.000232,0.0002,0.0
11.765,FLIGHT,0.914,1.5185,0.1713,0.2037,0.1723,0.2013,-0.0166,-0.1927,0.0057,0.016,1.0306,-0.0288,1.5654,0.000233,0.0002,0.0
11.77,FLIGHT,0.9148,1.5195,0.1721,0.2011,0.1726,0.1987,-0.0166,-0.1927,0.0062,0.0158,1.031,-0.0292,1.5659,0.000234,0.0002,0.0
11.775,FLIGHT,0.9157,1.5204,0.1725,0.1984,0.1726,0.1961,-0.0166,-0.1926,0.0066,0.0155,1.0313,-0.0297,1.5664,0.000235,0.0001,0.0
11.78,FLIGHT,0.9166,1.5214,0.1724,0.1958,0.1721,0.1935,-0.0165,-0.1925,0.0069,0.0153,1.0316,-0.0301,1.5668,0.000236,0.0001,0.0
11.785,FLIGHT,0.9174,1.5224,0.172,0.1932,0.1714,0.1909,-0.0165,-0.1924,0.0072,0.0151,1.0318,-0.0306,1.5673,0.000236,0.0001,0.0
11.79,FLIGHT,0.9183,1.5233,0.1712,0.1907,0.1705,0.1884,-0.0164,-0.1924,0.0074,0.0149,1.032,-0.031,1.5677,0.000237,0.0001,0.0
11.795,FLIGHT,0.9191,1.5243,0.1703,0.1881,0.1693,0.1858,-0.0164,-0.1923,0.0075,0.0146,1.0323,-0.0314,1.5682,0.000237,0.0001,0.0
11.8,FLIGHT,0.92,1.5252,0.1691,0.1855,0.168,0.1833,-0.0164,-0.1922,0.0076,0.0144,1.0324,-0.0318,1.5686,0.000237,0.0001,0.0
11.805,FLIGHT,0.9208,1.5261,0.1678,0.183,0.1666,0.1807,-0.0163,-0.1922,0.0077,0.0142,1.0326,-0.0322,1.569,0.000238,0.0,0.0
11.81,FLIGHT,0.9216,1.527,0.1664,0.1804,0.165,0.1781,-0.0163,-0.1921,0.0078,0.014,1.0327,-0.0325,1.5694,0.000238,0.0,0.0
11.815,FLIGHT,0.9225,1.5279,0.1648,0.1779,0.1633,0.1756,-0.0163,-0.192,0.0078,0.0138,1.0329,-0.0329,1.5698,0.000238,0.0,0.0
11.82,FLIGHT,0.9233,1.5287,0.1631,0.1753,0.1616,0.1731,-0.0162,-0.1919,0.0078,0.0136,1.033,-0.0333,1.5702,0.000238,0.0,0.0
11.825,FLIGHT,0.9241,1.5296,0.1614,0.1728,0.1598,0.1705,-0.0162,-0.1919,0.0078,0.0134,1.033,-0.0336,1.5706,0.000238,0.0,0.0
11.83,FLIGHT,0.9249,1.5304,0.1596,0.1703,0.158,0.168,-0.0161,-0.1918,0.0078,0.0132,1.0331,-0.0339,1.5709,0.000238,-0.0,0.0
11.835,FLIGHT,0.9257,1.5313,0.1578,0.1678,0.1561,0.1655,-0.0161,-0.1917,0.0078,0.013,1.0331,-0.0343,1.5713,0.000238,-0.0,0.0
11.84,FLIGHT,0.9264,1.5321,0.1559,0.1653,0.1542,0.163,-0.0161,-0.1917,0.0077,0.0128,1.0331,-0.0346,1.5717,0.000238,-0.0,0.0
11.845,FLIGHT,0.9272,1.5329,0.154,0.1628,0.1524,0.1605,-0.016,-0.1916,0.0077,0.0126,1.0331,-0.0349,1.572,0.000238,-0.0,0.0
11.85,FLIGHT,0.928,1.5337,0.1522,0.1603,0.1505,0.1581,-0.016,-0.1916,0.0077,0.0124,1.033,-0.0352,1.5724,0.000238,-0.0,0.0
11.855,FLIGHT,0.9287,1.5345,0.1503,0.1578,0.1486,0.1556,-0.0159,-0.1915,0.0076,0.0123,1.033,-0.0355,1.5727,0.000238,-0.0,0.0
11.86,FLIGHT,0.9294,1.5353,0.1484,0.1554,0.1467,0.1532,-0.0159,-0.1914,0.0076,0.0121,1.0329,-0.0358,1.573,0.000237,-0.0,0.0
11.865,FLIGHT,0.9302,1.536,0.1465,0.153,0.1448,0.1508,-0.0159,-0.1914,0.0075,0.0119,1.0328,-0.0361,1.5733,0.000237,-0.0,0.0
11.87,FLIGHT,0.9309,1.5368,0.1446,0.1506,0.1429,0.1485,-0.0158,-0.1913,0.0075,0.0117,1.0327,-0.0363,1.5737,0.000237,-0.0,0.0
11.875,FLIGHT,0.9316,1.5375,0.1427,0.1482,0.1411,0.1461,-0.0158,-0.1913,0.0074,0.0115,1.0325,-0.0366,1.574,0.000237,-0.0,0.0
11.88,FLIGHT,0.9323,1.5382,0.1409,0.1459,0.1392,0.1438,-0.0158,-0.1912,0.0074,0.0113,1.0323,-0.0369,1.5743,0.000236,-0.0,0.0
11.885,FLIGHT,0.933,1.5389,0.139,0.1436,0.1374,0.1415,-0.0157,-0.1912,0.0073,0.0111,1.0322,-0.0372,1.5746,0.000236,-0.0,0.0
11.89,FLIGHT,0.9337,1.5397,0.1372,0.1413,0.1356,0.1393,-0.0157,-0.1911,0.0073,0.011,1.0319,-0.0374,1.5749,0.000236,-0.0,0.0
11.895,FLIGHT,0.9343,1.5403,0.1354,0.139,0.1338,0.137,-0.0156,-0.191,0.0072,0.0108,1.0317,-0.0377,1.5752,0.000236,-0.0,0.0
11.9,FLIGHT,0.935,1.541,0.1336,0.1368,0.1321,0.1348,-0.0156,-0.191,0.0072,0.0106,1.0314,-0.0379,1.5755,0.000236,-0.0,0.0
11.905,FLIGHT,0.9357,1.5417,0.1319,0.1346,0.1303,0.1327,-0.0156,-0.1909,0.0071,0.0104,1.0312,-0.0382,1.5758,0.000235,-0.0,0.0
11.91,FLIGHT,0.9363,1.5423,0.1301,0.1325,0.1286,0.1305,-0.0155,-0.1909,0.0071,0.0103,1.0309,-0.0384,1.5761,0.000235,-0.0,0.0
11.915,FLIGHT,0.937,1.543,0.1284,0.1303,0.1269,0.1284,-0.0155,-0.1908,0.007,0.0101,1.0306,-0.0387,1.5763,0.000235,-0.0,0.0
11.92,FLIGHT,0.9376,1.5436,0.1267,0.1282,0.1252,0.1264,-0.0155,-0.1908,0.007,0.0099,1.0302,-0.0389,1.5766,0.000235,-0.0,0.0
11.925,FLIGHT,0.9382,1.5443,0.1251,0.1262,0.1236,0.1243,-0.0154,-0.1907,0.0069,0.0098,1.0299,-0.0392,1.5769,0.000234,-0.0,0.0
11.93,FLIGHT,0.9388,1.5449,0.1234,0.1241,0.1219,0.1223,-0.0154,-0.1907,0.0069,0.0096,1.0295,-0.0394,1.5772,0.000234,-0.0,0.0
11.935,FLIGHT,0.9394,1.5455,0.1218,0.1221,0.1203,0.1204,-0.0154,-0.1906,0.0069,0.0095,1.0291,-0.0396,1.5774,0.000234,-0.0,0.0
11.94,FLIGHT,0.94,1.5461,0.1202,0.1202,0.1187,0.1184,-0.0153,-0.1906,0.0068,0.0093,1.0287,-0.0399,1.5777,0.000234,-0.0,0.0
11.945,FLIGHT,0.9406,1.5467,0.1186,0.1182,0.1172,0.1165,-0.0153,-0.1906,0.0068,0.0092,1.0282,-0.0401,1.5779,0.000233,-0.0,0.0
11.95,FLIGHT,0.9412,1.5472,0.117,0.1163,0.1156,0.1146,-0.0153,-0.1905,0.0067,0.009,1.0278,-0.0403,1.5782,0.000233,-0.0,0.0
11.955,FLIGHT,0.9418,1.5478,0.1155,0.1144,0.1141,0.1128,-0.0152,-0.1905,0.0067,0.0089,1.0273,-0.0405,1.5784,0.000233,-0.0,0.0
11.96,FLIGHT,0.9423,1.5484,0.1139,0.1126,0.1126,0.111,-0.0152,-0.1904,0.0066,0.0087,1.0268,-0.0408,1.5787,0.000233,-0.0,0.0
11.965,FLIGHT,0.9429,1.5489,0.1124,0.1108,0.1111,0.1092,-0.0152,-0.1904,0.0066,0.0086,1.0263,-0.041,1.5789,0.000232,-0.0,0.0
11.97,FLIGHT,0.9434,1.5495,0.1109,0.109,0.1096,0.1074,-0.0151,-0.1903,0.0065,0.0084,1.0258,-0.0412,1.5792,0.000232,-0.0,0.0
11.975,FLIGHT,0.944,1.55,0.1095,0.1073,0.1081,0.1057,-0.0151,-0.1903,0.0065,0.0083,1.0252,-0.0414,1.5794,0.000232,-0.0,0.0
11.98,FLIGHT,0.9445,1.5505,0.108,0.1056,0.1067,0.104,-0.0151,-0.1903,0.0064,0.0082,1.0247,-0.0416,1.5797,0.000232,-0.0,0.0
11.985,FLIGHT,0.9451,1.551,0.1066,0.1039,0.1053,0.1024,-0.015,-0.1902,0.0064,0.008,1.0241,-0.0418,1.5799,0.000232,-0.0,0.0
11.99,FLIGHT,0.9456,1.5515,0.1052,0.1022,0.1039,0.1007,-0.015,-0.1902,0.0063,0.0079,1.0235,-0.0421,1.5801,0.000231,-0.0,0.0
11.995,FLIGHT,0.9461,1.552,0.1037,0.1006,0.1025,0.0991,-0.015,-0.1901,0.0062,0.0078,1.0229,-0.0423,1.5803,0.000231,-0.0,0.0
12.0,FLIGHT,0.9466,1.5525,0.1024,0.099,0.1011,0.0976,-0.0149,-0.1901,0.0062,0.0077,1.0222,-0.0425,1.5806,0.000231,-0.0,0.0
12.005,FLIGHT,0.9471,1.553,0.101,0.0974,0.0998,0.096,-0.0149,-0.1901,0.0061,0.0075,1.0216,-0.0427,1.5808,0.000231,-0.0,0.0
12.01,FLIGHT,0.9476,1.5535,0.0996,0.0959,0.0984,0.0945,-0.0149,-0.19,0.0061,0.0074,1.0209,-0.0429,1.581,0.000231,-0.0,0.0
12.015,FLIGHT,0.9481,1.554,0.0983,0.0944,0.0971,0.093,-0.0149,-0.19,0.006,0.0073,1.0202,-0.0431,1.5812,0.000231,-0.0,0.0
12.02,FLIGHT,0.9486,1.5544,0.097,0.0929,0.0958,0.0916,-0.0148,-0.19,0.006,0.0072,1.0195,-0.0433,1.5814,0.00023,-0.0,0.0
12.025,FLIGHT,0.9491,1.5549,0.0957,0.0914,0.0945,0.0901,-0.0148,-0.1899,0.0059,0.0071,1.0188,-0.0435,1.5816,0.00023,-0.0,0.0
12.03,FLIGHT,0.9495,1.5553,0.0944,0.09,0.0932,0.0887,-0.0148,-0.1899,0.0059,0.007,1.018,-0.0437,1.5819,0.00023,-0.0,0.0
12.035,FLIGHT,0.95,1.5558,0.0931,0.0886,0.092,0.0873,-0.0147,-0.1899,0.0058,0.0069,1.0173,-0.0439,1.5821,0.00023,-0.0,0.0
12.04,FLIGHT,0.9504,1.5562,0.0918,0.0872,0.0907,0.086,-0.0147,-0.1898,0.0057,0.0067,1.0165,-0.044,1.5823,0.00023,-0.0,0.0
12.045,FLIGHT,0.9509,1.5566,0.0906,0.0858,0.0895,0.0846,-0.0147,-0.1898,0.0057,0.0066,1.0157,-0.0442,1.5825,0.00023,-0.0,0.0
12.05,FLIGHT,0.9513,1.557,0.0893,0.0845,0.0882,0.0833,-0.0147,-0.1898,0.0056,0.0065,1.0149,-0.0444,1.5827,0.000229,-0.0,0.0
12.055,FLIGHT,0.9518,1.5575,0.0881,0.0832,0.087,0.0821,-0.0146,-0.1897,0.0056,0.0064,1.0141,-0.0446,1.5829,0.000229,-0.0,0.0
12.06,FLIGHT,0.9522,1.5579,0.0869,0.0819,0.0858,0.0808,-0.0146,-0.1897,0.0055,0.0063,1.0132,-0.0448,1.5831,0.000229,-0.0,0.0
12.065,FLIGHT,0.9526,1.5583,0.0857,0.0807,0.0846,0.0796,-0.0146,-0.1897,0.0054,0.0062,1.0124,-0.045,1.5832,0.000229,-0.0,0.0
12.07,FLIGHT,0.9531,1.5587,0.0845,0.0794,0.0835,0.0783,-0.0145,-0.1896,0.0054,0.0061,1.0115,-0.0452,1.5834,0.000229,-0.0,0.0
12.075,FLIGHT,0.9535,1.5591,0.0833,0.0782,0.0823,0.0772,-0.0145,-0.1896,0.0053,0.006,1.0106,-0.0453,1.5836,0.000229,-0.0,0.0
12.08,FLIGHT,0.9539,1.5594,0.0822,0.077,0.0811,0.076,-0.0145,-0.1896,0.0053,0.006,1.0097,-0.0455,1.5838,0.000229,-0.0,0.0
12.085,FLIGHT,0.9543,1.5598,0.081,0.0759,0.08,0.0748,-0.0145,-0.1895,0.0052,0.0059,1.0088,-0.0457,1.584,0.000228,-0.0,0.0
12.09,FLIGHT,0.9547,1.5602,0.0799,0.0747,0.0789,0.0737,-0.0144,-0.1895,0.0051,0.0058,1.0079,-0.0459,1.5842,0.000228,-0.0,0.0
12.095,FLIGHT,0.9551,1.5606,0.0787,0.0736,0.0777,0.0726,-0.0144,-0.1895,0.0051,0.0057,1.0069,-0.0461,1.5844,0.000228,-0.0,0.0
12.1,FLIGHT,0.9555,1.5609,0.0776,0.0725,0.0766,0.0715,-0.0144,-0.1895,0.005,0.0056,1.006,-0.0462,1.5845,0.000228,-0.0,0.0
12.105,FLIGHT,0.9558,1.5613,0.0765,0.0714,0.0755,0.0705,-0.0144,-0.1894,0.0049,0.0055,1.005,-0.0464,1.5847,0.000228,-0.0,0.0
12.11,FLIGHT,0.9562,1.5616,0.0754,0.0704,0.0744,0.0694,-0.0143,-0.1894,0.0049,0.0054,1.004,-0.0466,1.5849,0.000228,-0.0,0.0
12.115,FLIGHT,0.9566,1.562,0.0743,0.0693,0.0733,0.0684,-0.0143,-0.1894,0.0048,0.0054,1.003,-0.0468,1.5851,0.000228,-0.0,0.0
12.12,FLIGHT,0.9569,1.5623,0.0732,0.0683,0.0723,0.0674,-0.0143,-0.1893,0.0047,0.0053,1.002,-0.0469,1.5852,0.000228,-0.0,0.0
12.125,FLIGHT,0.9573,1.5626,0.0722,0.0673,0.0712,0.0664,-0.0143,-0.1893,0.0046,0.0052,1.0009,-0.0471,1.5854,0.000228,-0.0,0.0
12.13,STANCE,0.9577,1.5631,0.0855,0.0857,0.1894,0.2254,-0.0142,-0.1893,0.0047,0.0067,0.9999,0.2016,-0.127,0.000143,-0.1379,0.0276
12.135,STANCE,0.9611,1.5628,0.5363,-0.0411,1.1051,-0.4115,-0.0136,-0.1894,0.1071,-0.0111,0.9991,-0.0504,-0.6905,-0.001344,-0.389,0.0791
12.14,STANCE,0.9682,1.5584,1.1606,-0.6806,1.5325,-1.5871,-0.0116,-0.1899,0.3125,-0.0752,0.998,-0.5525,-1.0303,-0.003378,-0.3613,0.0756
12.145,STANCE,0.9726,1.5537,0.8727,-0.7489,0.1965,-0.1737,-0.0102,-0.1903,0.2681,-0.0759,0.9976,-0.7672,-1.5138,-0.00442,-0.053,0.015
12.15,STANCE,0.9731,1.5535,0.3574,-0.2716,0.1773,-0.1249,-0.01,-0.1903,0.105,-0.0279,0.9979,-0.8508,-2.1262,-0.004396,0.0424,0.0044
12.155,STANCE,0.975,1.5511,0.3978,-0.4561,0.4545,-1.2231,-0.0093,-0.1906,0.1382,-0.0442,0.9981,-1.1294,-2.282,-0.004093,0.1102,0.0041
12.16,STANCE,0.9776,1.5424,0.5141,-1.3142,0.8256,-1.568,-0.0076,-0.1914,0.2793,-0.1186,0.9981,-1.4003,-1.9166,-0.003457,0.0578,0.0035
12.165,STANCE,0.9828,1.5322,0.8738,-1.8654,0.9156,-2.7902,-0.0052,-0.1923,0.4274,-0.1634,0.9981,-1.6886,-1.4604,-0.003652,-0.0162,0.0069
12.17,STANCE,0.9878,1.5174,0.966,-2.6117,0.9525,-3.146,-0.0022,-0.1935,0.5544,-0.2172,0.998,-1.7523,-0.7416,-0.003912,-0.0559,0.0151
12.175,STANCE,0.992,1.5016,0.8727,-2.9827,0.7506,-3.0889,0.0008,-0.1948,0.5945,-0.2364,0.998,-1.5808,-0.0833,-0.004188,-0.0617,0.0165
12.18,STANCE,0.9945,1.4861,0.5948,-3.056,0.2724,-3.0542,0.0036,-0.196,0.5558,-0.233,0.998,-1.1768,0.4667,-0.004326,-0.002,0.0047
12.185,STANCE,0.9952,1.4717,0.2719,-2.9256,0.0018,-2.7518,0.0058,-0.1971,0.4774,-0.2171,0.9981,-0.6536,0.8842,-0.004319,0.0149,0.0043
12.19,STANCE,0.9947,1.4584,0.0039,-2.7262,-0.1364,-2.476,0.0076,-0.1981,0.3983,-0.1988,0.9983,-0.153,1.1717,-0.004165,0.0265,0.0042
12.195,STANCE,0.9939,1.4465,-0.1082,-2.484,-0.1458,-2.2754,0.0092,-0.199,0.3426,-0.1781,0.9986,0.1487,1.2865,-0.003956,0.0493,0.004
12.2,FLIGHT,0.9934,1.4359,-0.0978,-2.2241,-0.2007,-1.8052,0.0106,-0.1997,0.3081,-0.1563,0.999,-1.2122,2.5038,-0.003707,0.0614,0.0037
12.205,FLIGHT,0.9904,1.43,-0.4816,-1.4372,-0.9712,-0.5723,0.0109,-0.2002,0.1156,-0.105,0.9997,-1.0798,2.3844,-0.003246,0.1196,0.0032
12.21,FLIGHT,0.9841,1.4295,-1.0423,-0.4812,-1.5184,0.3193,0.0097,-0.2003,-0.1379,-0.0439,1.0007,-0.8297,2.175,-0.002551,0.1545,0.0026
12.215,FLIGHT,0.9757,1.4326,-1.4929,0.2921,-1.8141,0.8668,0.0076,-0.2001,-0.3415,0.0097,1.0019,-0.5845,1.9736,-0.001739,0.1672,0.0017
12.22,FLIGHT,0.9663,1.4378,-1.7546,0.8011,-1.9052,1.1433,0.0049,-0.1998,-0.4669,0.0506,1.0032,-0.3889,1.8148,-0.000906,0.164,0.0009
12.225,FLIGHT,0.9568,1.4438,-1.8423,1.0756,-1.8559,1.2345,0.0022,-0.1994,-0.5223,0.078,1.0045,-0.2493,1.703,-0.000114,0.1517,0.0001
12.23,FLIGHT,0.9479,1.4499,-1.8009,1.1792,-1.7202,1.2149,-0.0005,-0.1989,-0.5267,0.0934,1.0058,-0.1575,1.6309,0.000518,0.0969,0.0
12.235,FLIGHT,0.9397,1.4558,-1.6783,1.1739,-1.5452,1.1354,-0.0029,-0.1984,-0.4994,0.0994,1.0071,-0.1003,1.5876,0.000882,0.0517,0.0
12.24,FLIGHT,0.9324,1.4612,-1.5148,1.107,-1.3588,1.0304,-0.0051,-0.198,-0.4557,0.0988,1.0083,-0.0662,1.5632,0.00106,0.0217,0.0
12.245,FLIGHT,0.9261,1.4661,-1.3369,1.0116,-1.1767,0.9203,-0.0071,-0.1975,-0.4055,0.0942,1.0095,-0.0464,1.5506,0.001117,0.0026,0.0
12.25,FLIGHT,0.9207,1.4704,-1.1609,0.9083,-1.007,0.8162,-0.0088,-0.1971,-0.3551,0.0875,1.0107,-0.0353,1.5449,0.001099,-0.0089,0.0018
12.255,FLIGHT,0.916,1.4743,-0.9953,0.8086,-0.8533,0.7228,-0.0102,-0.1967,-0.3076,0.08,1.0118,-0.029,1.5429,0.001036,-0.0153,0.0031
12.26,FLIGHT,0.9121,1.4777,-0.8443,0.718,-0.7162,0.6418,-0.0114,-0.1964,-0.2646,0.0724,1.0129,-0.0254,1.5428,0.000951,-0.0184,0.0037
12.265,FLIGHT,0.9088,1.4807,-0.7092,0.6386,-0.5952,0.5728,-0.0125,-0.1961,-0.2266,0.0652,1.0139,-0.0233,1.5436,0.000856,-0.0192,0.0038
12.27,FLIGHT,0.9061,1.4834,-0.5895,0.5706,-0.4889,0.5145,-0.0134,-0.1958,-0.1934,0.0587,1.0149,-0.022,1.5448,0.000761,-0.0186,0.0037
12.275,FLIGHT,0.9039,1.4859,-0.4841,0.513,-0.3959,0.4657,-0.0142,-0.1956,-0.1645,0.0528,1.0158,-0.0212,1.5461,0.000671,-0.0172,0.0034
12.28,FLIGHT,0.9021,1.4881,-0.3919,0.4646,-0.3146,0.4249,-0.0148,-0.1953,-0.1396,0.0477,1.0168,-0.0206,1.5473,0.00059,-0.0154,0.0031
12.285,FLIGHT,0.9008,1.4901,-0.3112,0.424,-0.2437,0.3908,-0.0154,-0.1951,-0.1182,0.0432,1.0177,-0.0203,1.5485,0.000518,-0.0133,0.0027
12.29,FLIGHT,0.8997,1.492,-0.2408,0.3901,-0.1819,0.3624,-0.0158,-0.1949,-0.0997,0.0393,1.0185,-0.0201,1.5496,0.000457,-0.0112,0.0022
12.295,FLIGHT,0.8989,1.4938,-0.1794,0.3617,-0.1282,0.3385,-0.0162,-0.1948,-0.0838,0.036,1.0193,-0.0201,1.5506,0.000406,-0.0092,0.0018
12.3,FLIGHT,0.8984,1.4954,-0.126,0.338,-0.0814,0.3186,-0.0165,-0.1946,-0.0701,0.0331,1.0201,-0.0201,1.5516,0.000364,-0.0075,0.0015
12.305,FLIGHT,0.8981,1.497,-0.0796,0.3181,-0.0409,0.3018,-0.0168,-0.1945,-0.0583,0.0306,1.0209,-0.0204,1.5525,0.000331,-0.006,0.0012
12.31,FLIGHT,0.898,1.4984,-0.0393,0.3014,-0.0059,0.2878,-0.017,-0.1943,-0.0482,0.0284,1.0217,-0.0207,1.5534,0.000304,-0.0047,0.0009
12.315,FLIGHT,0.898,1.4998,-0.0045,0.2874,0.0244,0.2759,-0.0172,-0.1942,-0.0395,0.0266,1.0224,-0.021,1.5543,0.000284,-0.0036,0.0007
12.32,FLIGHT,0.8982,1.5012,0.0255,0.2755,0.0504,0.2658,-0.0174,-0.1941,-0.0321,0.025,1.0231,-0.0215,1.5552,0.000268,-0.0027,0.0005
12.325,FLIGHT,0.8985,1.5025,0.0513,0.2655,0.0727,0.2572,-0.0175,-0.194,-0.0257,0.0237,1.0237,-0.022,1.556,0.000256,-0.002,0.0004
12.33,FLIGHT,0.8989,1.5038,0.0734,0.2569,0.0917,0.2499,-0.0176,-0.1939,-0.0202,0.0225,1.0244,-0.0225,1.5568,0.000247,-0.0015,0.0003
12.335,FLIGHT,0.8994,1.505,0.0923,0.2496,0.1078,0.2435,-0.0176,-0.1937,-0.0156,0.0215,1.025,-0.0231,1.5576,0.000241,-0.001,0.0002
12.34,FLIGHT,0.9,1.5062,0.1083,0.2433,0.1215,0.238,-0.0177,-0.1936,-0.0116,0.0207,1.0256,-0.0236,1.5583,0.000237,-0.0007,0.0001
12.345,FLIGHT,0.9006,1.5074,0.1218,0.2377,0.1329,0.2331,-0.0177,-0.1935,-0.0083,0.0199,1.0261,-0.0242,1.559,0.000234,-0.0004,0.0001
12.35,FLIGHT,0.9013,1.5085,0.1332,0.2328,0.1424,0.2287,-0.0177,-0.1935,-0.0054,0.0193,1.0267,-0.0248,1.5597,0.000232,-0.0002,0.0
12.355,FLIGHT,0.9021,1.5097,0.1426,0.2285,0.1503,0.2248,-0.0177,-0.1934,-0.003,0.0187,1.0272,-0.0253,1.5603,0.000231,-0.0001,0.0
12.36,FLIGHT,0.9028,1.5108,0.1504,0.2245,0.1567,0.2212,-0.0177,-0.1933,-0.001,0.0182,1.0277,-0.0259,1.561,0.000231,0.0,0.0
12.365,FLIGHT,0.9036,1.5119,0.1568,0.2209,0.1618,0.2178,-0.0177,-0.1932,0.0007,0.0178,1.0281,-0.0265,1.5616,0.000231,0.0001,0.0
12.37,FLIGHT,0.9045,1.513,0.1618,0.2176,0.1659,0.2147,-0.0177,-0.1931,0.0022,0.0174,1.0286,-0.027,1.5622,0.000232,0.0001,0.0
12.375,FLIGHT,0.9053,1.514,0.1659,0.2144,0.169,0.2117,-0.0177,-0.193,0.0033,0.0171,1.029,-0.0276,1.5628,0.000233,0.0002,0.0
12.38,FLIGHT,0.9061,1.5151,0.1689,0.2114,0.1713,0.2088,-0.0177,-0.1929,0.0043,0.0167,1.0294,-0.0281,1.5633,0.000233,0.0002,0.0
12.385,FLIGHT,0.907,1.5161,0.1712,0.2086,0.1729,0.206,-0.0177,-0.1928,0.0051,0.0164,1.0298,-0.0286,1.5639,0.000234,0.0002,0.0
12.39,FLIGHT,0.9079,1.5171,0.1728,0.2058,0.1739,0.2033,-0.0176,-0.1928,0.0058,0.0162,1.0301,-0.0291,1.5644,0.000235,0.0002,0.0
12.395,FLIGHT,0.9087,1.5182,0.1738,0.2031,0.1745,0.2007,-0.0176,-0.1927,0.0063,0.0159,1.0304,-0.0296,1.5649,0.000236,0.0002,0.0
12.4,FLIGHT,0.9096,1.5192,0.1743,0.2004,0.1745,0.198,-0.0176,-0.1926,0.0068,0.0156,1.0307,-0.03,1.5654,0.000237,0.0001,0.0
12.405,FLIGHT,0.9105,1.5201,0.1743,0.1978,0.1742,0.1954,-0.0175,-0.1925,0.0071,0.0154,1.031,-0.0305,1.5659,0.000237,0.0001,0.0
12.41,FLIGHT,0.9114,1.5211,0.174,0.1952,0.1736,0.1928,-0.0175,-0.1925,0.0074,0.0152,1.0312,-0.0309,1.5663,0.000238,0.0001,0.0
12.415,FLIGHT,0.9122,1.5221,0.1734,0.1926,0.1728,0.1902,-0.0174,-0.1924,0.0076,0.015,1.0315,-0.0313,1.5668,0.000238,0.0001,0.0
12.42,FLIGHT,0.9131,1.523,0.1726,0.19,0.1717,0.1877,-0.0174,-0.1923,0.0078,0.0147,1.0317,-0.0317,1.5672,0.000239,0.0001,0.0
12.425,FLIGHT,0.9139,1.5239,0.1715,0.1874,0.1704,0.1851,-0.0174,-0.1922,0.0079,0.0145,1.0318,-0.0321,1.5676,0.000239,0.0001,0.0
12.43,FLIGHT,0.9148,1.5249,0.1702,0.1848,0.169,0.1825,-0.0173,-0.1922,0.008,0.0143,1.032,-0.0325,1.5681,0.000239,0.0,0.0
12.435,FLIGHT,0.9156,1.5258,0.1688,0.1823,0.1675,0.18,-0.0173,-0.1921,0.0081,0.0141,1.0321,-0.0329,1.5685,0.00024,0.0,0.0
12.44,FLIGHT,0.9165,1.5267,0.1673,0.1797,0.1658,0.1774,-0.0172,-0.192,0.0081,0.0139,1.0322,-0.0333,1.5689,0.00024,0.0,0.0
12.445,FLIGHT,0.9173,1.5275,0.1656,0.1771,0.1641,0.1749,-0.0172,-0.192,0.0081,0.0137,1.0323,-0.0336,1.5693,0.00024,0.0,0.0
12.45,FLIGHT,0.9181,1.5284,0.1639,0.1746,0.1624,0.1723,-0.0172,-0.1919,0.0081,0.0135,1.0324,-0.034,1.5697,0.00024,0.0,0.0
12.455,FLIGHT,0.9189,1.5293,0.1622,0.1721,0.1605,0.1698,-0.0171,-0.1918,0.0081,0.0133,1.0324,-0.0343,1.57,0.00024,-0.0,0.0
12.46,FLIGHT,0.9197,1.5301,0.1603,0.1695,0.1587,0.1673,-0.0171,-0.1918,0.0081,0.0131,1.0324,-0.0346,1.5704,0.00024,-0.0,0.0
12.465,FLIGHT,0.9205,1.5309,0.1585,0.167,0.1568,0.1648,-0.017,-0.1917,0.0081,0.0129,1.0324,-0.0349,1.5708,0.00024,-0.0,0.0
12.47,FLIGHT,0.9213,1.5318,0.1566,0.1645,0.1549,0.1623,-0.017,-0.1916,0.008,0.0127,1.0324,-0.0353,1.5711,0.00024,-0.0,0.0
12.475,FLIGHT,0.922,1.5326,0.1547,0.162,0.153,0.1598,-0.017,-0.1916,0.008,0.0125,1.0324,-0.0356,1.5715,0.00024,-0.0,0.0
12.48,FLIGHT,0.9228,1.5334,0.1528,0.1595,0.1511,0.1573,-0.0169,-0.1915,0.008,0.0123,1.0323,-0.0359,1.5718,0.000239,-0.0,0.0
12.485,FLIGHT,0.9236,1.5341,0.1509,0.1571,0.1492,0.1549,-0.0169,-0.1914,0.0079,0.0121,1.0322,-0.0362,1.5722,0.000239,-0.0,0.0
12.49,FLIGHT,0.9243,1.5349,0.149,0.1547,0.1474,0.1525,-0.0168,-0.1914,0.0079,0.0119,1.0321,-0.0364,1.5725,0.000239,-0.0,0.0
12.495,FLIGHT,0.925,1.5357,0.1472,0.1523,0.1455,0.1501,-0.0168,-0.1913,0.0078,0.0118,1.0319,-0.0367,1.5728,0.000239,-0.0,0.0
12.5,FLIGHT,0.9258,1.5364,0.1453,0.1499,0.1436,0.1478,-0.0168,-0.1913,0.0078,0.0116,1.0318,-0.037,1.5731,0.000239,-0.0,0.0
12.505,FLIGHT,0.9265,1.5371,0.1434,0.1475,0.1418,0.1454,-0.0167,-0.1912,0.0077,0.0114,1.0316,-0.0373,1.5734,0.000238,-0.0,0.0
12.51,FLIGHT,0.9272,1.5379,0.1416,0.1452,0.1399,0.1431,-0.0167,-0.1912,0.0077,0.0112,1.0314,-0.0376,1.5738,0.000238,-0.0,0.0
12.515,FLIGHT,0.9279,1.5386,0.1397,0.1429,0.1381,0.1409,-0.0166,-0.1911,0.0076,0.011,1.0312,-0.0378,1.5741,0.000238,-0.0,0.0
12.52,FLIGHT,0.9286,1.5393,0.1379,0.1406,0.1363,0.1386,-0.0166,-0.1911,0.0076,0.0109,1.0309,-0.0381,1.5744,0.000238,-0.0,0.0
12.525,FLIGHT,0.9292,1.54,0.1361,0.1384,0.1345,0.1364,-0.0166,-0.191,0.0075,0.0107,1.0307,-0.0383,1.5747,0.000237,-0.0,0.0
12.53,FLIGHT,0.9299,1.5406,0.1344,0.1362,0.1328,0.1342,-0.0165,-0.1909,0.0075,0.0105,1.0304,-0.0386,1.575,0.000237,-0.0,0.0
12.535,FLIGHT,0.9306,1.5413,0.1326,0.134,0.1311,0.1321,-0.0165,-0.1909,0.0074,0.0103,1.0301,-0.0388,1.5752,0.000237,-0.0,0.0
12.54,FLIGHT,0.9312,1.542,0.1309,0.1319,0.1294,0.13,-0.0165,-0.1908,0.0074,0.0102,1.0298,-0.0391,1.5755,0.000237,-0.0,0.0
12.545,FLIGHT,0.9319,1.5426,0.1292,0.1298,0.1277,0.1279,-0.0164,-0.1908,0.0073,0.01,1.0294,-0.0393,1.5758,0.000236,-0.0,0.0
12.55,FLIGHT,0.9325,1.5432,0.1275,0.1277,0.126,0.1258,-0.0164,-0.1907,0.0073,0.0098,1.0291,-0.0396,1.5761,0.000236,-0.0,0.0
12.555,FLIGHT,0.9331,1.5439,0.1258,0.1256,0.1244,0.1238,-0.0164,-0.1907,0.0072,0.0097,1.0287,-0.0398,1.5764,0.000236,-0.0,0.0
12.56,FLIGHT,0.9337,1.5445,0.1242,0.1236,0.1227,0.1218,-0.0163,-0.1907,0.0072,0.0095,1.0283,-0.04,1.5766,0.000236,-0.0,0.0
12.565,FLIGHT,0.9343,1.5451,0.1226,0.1216,0.1211,0.1199,-0.0163,-0.1906,0.0071,0.0094,1.0279,-0.0403,1.5769,0.000235,-0.0,0.0
12.57,FLIGHT,0.9349,1.5457,0.121,0.1197,0.1195,0.118,-0.0162,-0.1906,0.0071,0.0092,1.0274,-0.0405,1.5772,0.000235,-0.0,0.0
12.575,FLIGHT,0.9355,1.5463,0.1194,0.1178,0.118,0.1161,-0.0162,-0.1905,0.007,0.0091,1.0269,-0.0407,1.5774,0.000235,-0.0,0.0
12.58,FLIGHT,0.9361,1.5468,0.1178,0.1159,0.1164,0.1142,-0.0162,-0.1905,0.007,0.0089,1.0265,-0.041,1.5777,0.000235,-0.0,0.0
12.585,FLIGHT,0.9367,1.5474,0.1163,0.114,0.1149,0.1124,-0.0161,-0.1904,0.0069,0.0088,1.026,-0.0412,1.5779,0.000235,-0.0,0.0
12.59,FLIGHT,0.9373,1.548,0.1148,0.1122,0.1134,0.1106,-0.0161,-0.1904,0.0069,0.0086,1.0255,-0.0414,1.5782,0.000234,-0.0,0.0
12.595,FLIGHT,0.9378,1.5485,0.1133,0.1104,0.1119,0.1088,-0.0161,-0.1903,0.0068,0.0085,1.0249,-0.0416,1.5784,0.000234,-0.0,0.0
12.6,FLIGHT,0.9384,1.549,0.1118,0.1086,0.1105,0.1071,-0.016,-0.1903,0.0068,0.0084,1.0244,-0.0418,1.5787,0.000234,-0.0,0.0
12.605,FLIGHT,0.9389,1.5496,0.1103,0.1069,0.109,0.1054,-0.016,-0.1903,0.0067,0.0082,1.0238,-0.0421,1.5789,0.000234,-0.0,0.0
12.61,FLIGHT,0.9395,1.5501,0.1089,0.1052,0.1076,0.1037,-0.016,-0.1902,0.0067,0.0081,1.0232,-0.0423,1.5791,0.000234,-0.0,0.0
12.615,FLIGHT,0.94,1.5506,0.1074,0.1035,0.1062,0.1021,-0.0159,-0.1902,0.0066,0.008,1.0226,-0.0425,1.5794,0.000233,-0.0,0.0
12.62,FLIGHT,0.9405,1.5511,0.106,0.1019,0.1048,0.1004,-0.0159,-0.1901,0.0065,0.0078,1.022,-0.0427,1.5796,0.000233,-0.0,0.0
12.625,FLIGHT,0.9411,1.5516,0.1046,0.1003,0.1034,0.0989,-0.0159,-0.1901,0.0065,0.0077,1.0213,-0.0429,1.5798,0.000233,-0.0,0.0
12.63,FLIGHT,0.9416,1.5521,0.1032,0.0987,0.102,0.0973,-0.0158,-0.1901,0.0064,0.0076,1.0207,-0.0431,1.5801,0.000233,-0.0,0.0
12.635,FLIGHT,0.9421,1.5526,0.1019,0.0972,0.1007,0.0958,-0.0158,-0.19,0.0064,0.0075,1.02,-0.0433,1.5803,0.000233,-0.0,0.0
12.64,FLIGHT,0.9426,1.5531,0.1005,0.0956,0.0993,0.0943,-0.0158,-0.19,0.0063,0.0074,1.0193,-0.0435,1.5805,0.000232,-0.0,0.0
12.645,FLIGHT,0.9431,1.5535,0.0992,0.0941,0.098,0.0928,-0.0157,-0.19,0.0063,0.0072,1.0186,-0.0437,1.5807,0.000232,-0.0,0.0
12.65,FLIGHT,0.9436,1.554,0.0979,0.0927,0.0967,0.0914,-0.0157,-0.1899,0.0062,0.0071,1.0178,-0.0439,1.5809,0.000232,-0.0,0.0
12.655,FLIGHT,0.944,1.5544,0.0966,0.0912,0.0954,0.0899,-0.0157,-0.1899,0.0061,0.007,1.0171,-0.0441,1.5811,0.000232,-0.0,0.0
12.66,FLIGHT,0.9445,1.5549,0.0953,0.0898,0.0941,0.0885,-0.0157,-0.1898,0.0061,0.0069,1.0163,-0.0443,1.5814,0.000232,-0.0,0.0
12.665,FLIGHT,0.945,1.5553,0.094,0.0884,0.0928,0.0872,-0.0156,-0.1898,0.006,0.0068,1.0155,-0.0445,1.5816,0.000232,-0.0,0.0
12.67,FLIGHT,0.9454,1.5558,0.0927,0.087,0.0916,0.0858,-0.0156,-0.1898,0.006,0.0067,1.0148,-0.0447,1.5818,0.000231,-0.0,0.0
12.675,FLIGHT,0.9459,1.5562,0.0915,0.0857,0.0904,0.0845,-0.0156,-0.1898,0.0059,0.0066,1.0139,-0.0449,1.582,0.000231,-0.0,0.0
12.68,FLIGHT,0.9463,1.5566,0.0902,0.0844,0.0891,0.0832,-0.0155,-0.1897,0.0058,0.0065,1.0131,-0.0451,1.5822,0.000231,-0.0,0.0
12.685,FLIGHT,0.9468,1.557,0.089,0.0831,0.0879,0.082,-0.0155,-0.1897,0.0058,0.0064,1.0123,-0.0452,1.5824,0.000231,-0.0,0.0
12.69,FLIGHT,0.9472,1.5574,0.0878,0.0818,0.0867,0.0807,-0.0155,-0.1897,0.0057,0.0063,1.0114,-0.0454,1.5826,0.000231,-0.0,0.0
12.695,FLIGHT,0.9477,1.5578,0.0866,0.0806,0.0855,0.0795,-0.0155,-0.1896,0.0057,0.0062,1.0105,-0.0456,1.5828,0.000231,-0.0,0.0
12.7,FLIGHT,0.9481,1.5582,0.0854,0.0794,0.0843,0.0783,-0.0154,-0.1896,0.0056,0.0061,1.0096,-0.0458,1.583,0.000231,-0.0,0.0
12.705,FLIGHT,0.9485,1.5586,0.0842,0.0782,0.0832,0.0771,-0.0154,-0.1896,0.0055,0.006,1.0087,-0.046,1.5831,0.00023,-0.0,0.0
12.71,FLIGHT,0.9489,1.559,0.0831,0.077,0.082,0.0759,-0.0154,-0.1895,0.0055,0.0059,1.0078,-0.0462,1.5833,0.00023,-0.0,0.0
12.715,FLIGHT,0.9493,1.5594,0.0819,0.0758,0.0809,0.0748,-0.0153,-0.1895,0.0054,0.0058,1.0069,-0.0463,1.5835,0.00023,-0.0,0.0
12.72,FLIGHT,0.9497,1.5597,0.0807,0.0747,0.0797,0.0737,-0.0153,-0.1895,0.0053,0.0057,1.0059,-0.0465,1.5837,0.00023,-0.0,0.0
12.725,FLIGHT,0.9501,1.5601,0.0796,0.0736,0.0786,0.0726,-0.0153,-0.1894,0.0052,0.0057,1.005,-0.0467,1.5839,0.00023,-0.0,0.0
12.73,FLIGHT,0.9505,1.5605,0.0785,0.0725,0.0775,0.0715,-0.0153,-0.1894,0.0052,0.0056,1.004,-0.0469,1.5841,0.00023,-0.0,0.0
12.735,FLIGHT,0.9509,1.5608,0.0774,0.0714,0.0764,0.0705,-0.0152,-0.1894,0.0051,0.0055,1.003,-0.0471,1.5842,0.00023,-0.0,0.0
12.74,FLIGHT,0.9513,1.5612,0.0763,0.0704,0.0753,0.0694,-0.0152,-0.1894,0.005,0.0054,1.002,-0.0472,1.5844,0.00023,-0.0,0.0
12.745,FLIGHT,0.9516,1.5615,0.0752,0.0693,0.0742,0.0684,-0.0152,-0.1893,0.005,0.0053,1.0009,-0.0474,1.5846,0.000229,-0.0,0.0
12.75,STANCE,0.9522,1.5621,0.1041,0.1086,0.2321,0.2801,-0.0152,-0.1893,0.0052,0.0086,1.0,0.2092,-0.1344,4.2e-05,-0.1862,0.0372
12.755,STANCE,0.9556,1.5619,0.5466,-0.0359,1.0974,-0.4405,-0.0145,-0.1894,0.1083,-0.0112,0.9991,-0.0324,-0.6961,-0.001512,-0.3834,0.0782
12.76,STANCE,0.9625,1.5569,1.1251,-0.7507,1.5749,-1.566,-0.0125,-0.1899,0.3151,-0.0826,0.998,-0.5074,-1.0106,-0.00344,-0.3676,0.077
12.765,STANCE,0.9671,1.5523,0.8876,-0.775,0.224,-0.2254,-0.011,-0.1904,0.2743,-0.0796,0.9976,-0.7357,-1.5172,-0.004536,-0.0584,0.0162
12.77,STANCE,0.9677,1.5517,0.3801,-0.3379,0.2036,-0.2263,-0.0108,-0.1905,0.1183,-0.0345,0.9979,-0.8195,-2.1146,-0.004512,0.0457,0.0045
12.775,STANCE,0.9697,1.5486,0.4093,-0.5891,0.4148,-1.506,-0.01,-0.1907,0.1585,-0.0566,0.9981,-1.095,-2.2399,-0.004171,0.1304,0.0042
12.78,STANCE,0.9725,1.5393,0.5484,-1.4151,0.8923,-1.7883,-0.0082,-0.1916,0.2997,-0.1284,0.9981,-1.379,-1.8827,-0.003578,0.0059,0.0036
12.785,STANCE,0.9775,1.5275,0.8361,-2.1429,0.773,-3.2063,-0.0056,-0.1926,0.4589,-0.1873,0.998,-1.6478,-1.3422,-0.003889,-0.0092,0.0057
12.79,STANCE,0.9822,1.5117,0.9086,-2.8435,0.8818,-3.0831,-0.0025,-0.194,0.5763,-0.2364,0.9979,-1.7089,-0.6339,-0.004311,-0.0787,0.0201
12.795,STANCE,0.9854,1.4965,0.6976,-2.9757,0.4499,-3.0024,0.0003,-0.1952,0.5593,-0.2371,0.9979,-1.4797,-0.081,-0.004446,-0.0174,0.0079
12.8,STANCE,0.9867,1.4815,0.3837,-2.9973,0.1239,-2.9411,0.0027,-0.1964,0.5054,-0.231,0.9979,-1.0558,0.4433,-0.004531,-0.0218,0.0089
12.805,STANCE,0.9866,1.467,0.0856,-2.9199,-0.0952,-2.7345,0.0047,-0.1975,0.439,-0.2196,0.998,-0.5451,0.8851,-0.00456,-0.0168,0.0079
12.81,STANCE,0.9853,1.4533,-0.1537,-2.7949,-0.3414,-2.693,0.0065,-0.1985,0.3761,-0.2065,0.9982,-0.0613,1.2083,-0.00444,0.0523,0.0044
12.815,STANCE,0.9841,1.4409,-0.2106,-2.5579,-0.1787,-2.3092,0.008,-0.1994,0.3322,-0.1856,0.9985,0.2147,1.3297,-0.004297,0.0225,0.0043
12.82,FLIGHT,0.9835,1.4302,-0.1344,-2.2552,-0.1846,-1.8163,0.0095,-0.2002,0.3047,-0.1601,0.9989,-1.1223,2.4349,-0.004185,0.0338,0.0042
12.825,FLIGHT,0.9808,1.4242,-0.4589,-1.4769,-0.8971,-0.6371,0.0098,-0.2007,0.1254,-0.1078,0.9997,-1.0004,2.3233,-0.003858,0.0939,0.0039
12.83,FLIGHT,0.9749,1.4233,-0.9674,-0.553,-1.4023,0.2189,0.0088,-0.2008,-0.113,-0.0476,1.0007,-0.7661,2.1268,-0.003284,0.1317,0.0033
12.835,FLIGHT,0.9672,1.4258,-1.3794,0.1933,-1.6727,0.7491,0.0069,-0.2007,-0.305,0.0045,1.0019,-0.5359,1.9379,-0.002577,0.1481,0.0026
12.84,FLIGHT,0.9585,1.4303,-1.6169,0.6877,-1.7518,1.0226,0.0045,-0.2004,-0.4239,0.0437,1.0031,-0.3524,1.7892,-0.001829,0.1491,0.0018
12.845,FLIGHT,0.9499,1.4357,-1.6926,0.9595,-1.7,1.1205,0.002,-0.2,-0.4768,0.0697,1.0044,-0.2218,1.6849,-0.001101,0.141,0.0011
12.85,FLIGHT,0.9417,1.4414,-1.6493,1.0686,-1.571,1.1115,-0.0005,-0.1996,-0.4821,0.0843,1.0057,-0.1357,1.6175,-0.000426,0.1288,0.0004
12.855,FLIGHT,0.9342,1.4468,-1.5315,1.0734,-1.4032,1.0462,-0.0027,-0.1991,-0.4575,0.09,1.007,-0.0825,1.5774,0.000171,0.1006,0.0
12.86,FLIGHT,0.9276,1.4518,-1.3736,1.0204,-1.2232,0.957,-0.0048,-0.1987,-0.417,0.0898,1.0083,-0.0516,1.5554,0.000561,0.0581,0.0
12.865,FLIGHT,0.922,1.4563,-1.2026,0.94,-1.0489,0.8622,-0.0065,-0.1983,-0.3703,0.0859,1.0095,-0.0343,1.5445,0.000774,0.0289,0.0
12.87,FLIGHT,0.9171,1.4604,-1.0343,0.8515,-0.8878,0.7723,-0.0081,-0.1979,-0.3235,0.0801,1.0106,-0.025,1.5399,0.000867,0.0097,0.0
12.875,FLIGHT,0.9131,1.4641,-0.8772,0.7656,-0.7428,0.6918,-0.0094,-0.1976,-0.2796,0.0736,1.0117,-0.02,1.5387,0.000883,-0.0022,0.0004
12.88,FLIGHT,0.9097,1.4673,-0.7347,0.6876,-0.6142,0.622,-0.0105,-0.1973,-0.24,0.067,1.0128,-0.0174,1.539,0.000853,-0.0092,0.0018
12.885,FLIGHT,0.9069,1.4703,-0.6079,0.6193,-0.5013,0.5626,-0.0115,-0.197,-0.2051,0.0609,1.0139,-0.016,1.5401,0.000797,-0.0129,0.0026
12.89,FLIGHT,0.9046,1.473,-0.4962,0.5608,-0.4025,0.5126,-0.0123,-0.1967,-0.1746,0.0553,1.0149,-0.0152,1.5414,0.000728,-0.0143,0.0029
12.895,FLIGHT,0.9028,1.4754,-0.3983,0.5113,-0.3164,0.4706,-0.013,-0.1965,-0.1483,0.0503,1.0158,-0.0147,1.5428,0.000656,-0.0143,0.0029
12.9,FLIGHT,0.9015,1.4777,-0.3128,0.4696,-0.2414,0.4355,-0.0135,-0.1963,-0.1256,0.0459,1.0168,-0.0145,1.5441,0.000586,-0.0134,0.0027
12.905,FLIGHT,0.9004,1.4798,-0.2383,0.4347,-0.1761,0.4062,-0.014,-0.1961,-0.106,0.0421,1.0177,-0.0145,1.5453,0.000522,-0.0121,0.0024
12.91,FLIGHT,0.8997,1.4818,-0.1735,0.4055,-0.1195,0.3815,-0.0144,-0.1959,-0.0892,0.0388,1.0186,-0.0145,1.5465,0.000466,-0.0105,0.0021
12.915,FLIGHT,0.8992,1.4836,-0.1172,0.3809,-0.0703,0.3608,-0.0148,-0.1957,-0.0747,0.036,1.0194,-0.0147,1.5475,0.000417,-0.0089,0.0018
12.92,FLIGHT,0.899,1.4854,-0.0684,0.3603,-0.0278,0.3434,-0.0151,-0.1955,-0.0623,0.0335,1.0202,-0.015,1.5486,0.000377,-0.0074,0.0015
12.925,FLIGHT,0.8989,1.4871,-0.0261,0.3429,0.009,0.3286,-0.0153,-0.1954,-0.0516,0.0314,1.021,-0.0153,1.5496,0.000343,-0.006,0.0012
12.93,FLIGHT,0.8991,1.4887,0.0104,0.3282,0.0407,0.3161,-0.0155,-0.1952,-0.0424,0.0296,1.0218,-0.0158,1.5506,0.000317,-0.0048,0.001
12.935,FLIGHT,0.8993,1.4902,0.0418,0.3157,0.0679,0.3054,-0.0157,-0.1951,-0.0346,0.028,1.0225,-0.0163,1.5515,0.000295,-0.0038,0.0008
12.94,FLIGHT,0.8997,1.4917,0.0688,0.3051,0.0912,0.2962,-0.0158,-0.195,-0.0278,0.0267,1.0232,-0.0169,1.5524,0.000279,-0.0029,0.0006
12.945,FLIGHT,0.9002,1.4932,0.0919,0.2959,0.111,0.2883,-0.0159,-0.1948,-0.0221,0.0255,1.0239,-0.0174,1.5533,0.000266,-0.0022,0.0004
12.95,FLIGHT,0.9008,1.4946,0.1116,0.288,0.1278,0.2814,-0.016,-0.1947,-0.0172,0.0245,1.0246,-0.0181,1.5541,0.000257,-0.0016,0.0003
12.955,FLIGHT,0.9015,1.496,0.1283,0.2811,0.142,0.2753,-0.016,-0.1946,-0.013,0.0236,1.0252,-0.0187,1.555,0.00025,-0.0012,0.0002
12.96,FLIGHT,0.9022,1.4974,0.1423,0.275,0.1538,0.2699,-0.0161,-0.1945,-0.0094,0.0228,1.0258,-0.0194,1.5557,0.000245,-0.0008,0.0002
12.965,FLIGHT,0.903,1.4987,0.1541,0.2696,0.1636,0.265,-0.0161,-0.1944,-0.0064,0.0222,1.0264,-0.02,1.5565,0.000241,-0.0006,0.0001
12.97,FLIGHT,0.9039,1.5,0.1638,0.2647,0.1717,0.2605,-0.0161,-0.1943,-0.0039,0.0216,1.027,-0.0206,1.5573,0.000239,-0.0004,0.0001
12.975,FLIGHT,0.9048,1.5013,0.1718,0.2602,0.1782,0.2564,-0.0161,-0.1942,-0.0017,0.0211,1.0275,-0.0213,1.558,0.000237,-0.0002,0.0
12.98,FLIGHT,0.9057,1.5026,0.1782,0.2561,0.1834,0.2526,-0.0161,-0.1941,0.0001,0.0206,1.028,-0.0219,1.5587,0.000237,-0.0001,0.0
12.985,FLIGHT,0.9066,1.5038,0.1834,0.2523,0.1874,0.2489,-0.0161,-0.194,0.0016,0.0202,1.0285,-0.0225,1.5593,0.000236,-0.0,0.0
12.99,FLIGHT,0.9075,1.5051,0.1874,0.2486,0.1905,0.2454,-0.0161,-0.1939,0.0028,0.0198,1.0289,-0.0231,1.56,0.000236,0.0,0.0
12.995,FLIGHT,0.9085,1.5063,0.1904,0.2451,0.1927,0.2421,-0.016,-0.1938,0.0039,0.0194,1.0294,-0.0237,1.5606,0.000237,0.0001,0.0
13.0,FLIGHT,0.9095,1.5075,0.1926,0.2418,0.1942,0.2388,-0.016,-0.1937,0.0047,0.0191,1.0298,-0.0243,1.5612,0.000237,0.0001,0.0
13.005,FLIGHT,0.9104,1.5087,0.194,0.2385,0.195,0.2356,-0.016,-0.1936,0.0054,0.0188,1.0302,-0.0248,1.5618,0.000238,0.0001,0.0
13.01,FLIGHT,0.9114,1.5099,0.1948,0.2353,0.1953,0.2325,-0.016,-0.1935,0.006,0.0185,1.0305,-0.0254,1.5624,0.000238,0.0001,0.0
13.015,FLIGHT,0.9124,1.511,0.1951,0.2322,0.1952,0.2294,-0.0159,-0.1934,0.0065,0.0182,1.0309,-0.0259,1.563,0.000239,0.0001,0.0
13.02,FLIGHT,0.9134,1.5122,0.195,0.2291,0.1946,0.2263,-0.0159,-0.1933,0.0068,0.018,1.0312,-0.0264,1.5635,0.000239,0.0001,0.0
13.025,FLIGHT,0.9143,1.5133,0.1944,0.226,0.1938,0.2232,-0.0159,-0.1932,0.0071,0.0177,1.0315,-0.0269,1.564,0.00024,0.0001,0.0
13.03,FLIGHT,0.9153,1.5144,0.1935,0.2229,0.1926,0.2202,-0.0158,-0.1931,0.0074,0.0174,1.0317,-0.0273,1.5645,0.00024,0.0001,0.0
13.035,FLIGHT,0.9163,1.5155,0.1924,0.2199,0.1913,0.2172,-0.0158,-0.1931,0.0075,0.0172,1.032,-0.0278,1.565,0.000241,0.0001,0.0
13.04,FLIGHT,0.9172,1.5166,0.191,0.2168,0.1897,0.2141,-0.0157,-0.193,0.0077,0.0169,1.0322,-0.0282,1.5655,0.000241,0.0,0.0
13.045,FLIGHT,0.9182,1.5176,0.1895,0.2138,0.188,0.2111,-0.0157,-0.1929,0.0078,0.0167,1.0324,-0.0287,1.566,0.000241,0.0,0.0
13.05,FLIGHT,0.9191,1.5187,0.1878,0.2108,0.1862,0.2081,-0.0157,-0.1928,0.0078,0.0164,1.0326,-0.0291,1.5665,0.000241,0.0,0.0
13.055,FLIGHT,0.92,1.5197,0.1859,0.2078,0.1843,0.2051,-0.0156,-0.1927,0.0079,0.0162,1.0327,-0.0295,1.5669,0.000241,0.0,0.0
13.06,FLIGHT,0.9209,1.5207,0.184,0.2048,0.1822,0.2021,-0.0156,-0.1927,0.0079,0.016,1.0328,-0.0299,1.5674,0.000241,0.0,0.0
13.065,FLIGHT,0.9218,1.5217,0.182,0.2018,0.1802,0.1991,-0.0155,-0.1926,0.0079,0.0157,1.0329,-0.0303,1.5678,0.000241,-0.0,0.0
13.07,FLIGHT,0.9227,1.5227,0.1799,0.1988,0.1781,0.1962,-0.0155,-0.1925,0.0079,0.0155,1.033,-0.0307,1.5683,0.000241,-0.0,0.0
13.075,FLIGHT,0.9236,1.5237,0.1778,0.1959,0.1759,0.1932,-0.0155,-0.1924,0.0079,0.0153,1.0331,-0.0311,1.5687,0.000241,-0.0,0.0
13.08,FLIGHT,0.9245,1.5246,0.1757,0.1929,0.1737,0.1903,-0.0154,-0.1923,0.0078,0.0151,1.0331,-0.0314,1.5691,0.000241,-0.0,0.0
13.085,FLIGHT,0.9254,1.5256,0.1735,0.19,0.1715,0.1874,-0.0154,-0.1923,0.0078,0.0148,1.0331,-0.0318,1.5695,0.000241,-0.0,0.0
13.09,FLIGHT,0.9262,1.5265,0.1713,0.1871,0.1693,0.1845,-0.0154,-0.1922,0.0078,0.0146,1.0331,-0.0321,1.5699,0.000241,-0.0,0.0
13.095,FLIGHT,0.927,1.5274,0.1691,0.1842,0.1671,0.1816,-0.0153,-0.1921,0.0077,0.0144,1.0331,-0.0325,1.5703,0.000241,-0.0,0.0
13.1,FLIGHT,0.9279,1.5283,0.1669,0.1813,0.1649,0.1788,-0.0153,-0.1921,0.0077,0.0142,1.033,-0.0328,1.5707,0.00024,-0.0,0.0
13.105,FLIGHT,0.9287,1.5292,0.1647,0.1785,0.1628,0.176,-0.0152,-0.192,0.0076,0.0139,1.0329,-0.0331,1.571,0.00024,-0.0001,0.0
13.11,FLIGHT,0.9295,1.5301,0.1625,0.1757,0.1606,0.1732,-0.0152,-0.1919,0.0076,0.0137,1.0328,-0.0335,1.5714,0.00024,-0.0001,0.0
13.115,FLIGHT,0.9303,1.5309,0.1604,0.1729,0.1585,0.1704,-0.0152,-0.1919,0.0075,0.0135,1.0327,-0.0338,1.5718,0.00024,-0.0001,0.0
13.12,FLIGHT,0.9311,1.5318,0.1582,0.1702,0.1563,0.1677,-0.0151,-0.1918,0.0075,0.0133,1.0326,-0.0341,1.5721,0.000239,-0.0001,0.0
13.125,FLIGHT,0.9319,1.5326,0.1561,0.1675,0.1542,0.165,-0.0151,-0.1917,0.0074,0.0131,1.0324,-0.0344,1.5725,0.000239,-0.0001,0.0
13.13,FLIGHT,0.9326,1.5334,0.154,0.1648,0.1521,0.1624,-0.015,-0.1917,0.0074,0.0129,1.0322,-0.0347,1.5728,0.000239,-0.0001,0.0
13.135,FLIGHT,0.9334,1.5343,0.1519,0.1621,0.1501,0.1598,-0.015,-0.1916,0.0073,0.0127,1.032,-0.035,1.5732,0.000238,-0.0001,0.0
13.14,FLIGHT,0.9341,1.535,0.1499,0.1595,0.148,0.1572,-0.015,-0.1915,0.0073,0.0125,1.0318,-0.0353,1.5735,0.000238,-0.0001,0.0
13.145,FLIGHT,0.9349,1.5358,0.1478,0.157,0.146,0.1547,-0.0149,-0.1915,0.0072,0.0123,1.0315,-0.0356,1.5738,0.000238,-0.0001,0.0
13.15,FLIGHT,0.9356,1.5366,0.1458,0.1544,0.144,0.1522,-0.0149,-0.1914,0.0071,0.0121,1.0313,-0.0359,1.5742,0.000237,-0.0001,0.0
13.155,FLIGHT,0.9363,1.5373,0.1438,0.1519,0.1421,0.1497,-0.0149,-0.1914,0.0071,0.0119,1.031,-0.0362,1.5745,0.000237,-0.0001,0.0
13.16,FLIGHT,0.937,1.5381,0.1419,0.1495,0.1401,0.1473,-0.0148,-0.1913,0.007,0.0117,1.0307,-0.0364,1.5748,0.000237,-0.0001,0.0
13.165,FLIGHT,0.9377,1.5388,0.1399,0.147,0.1382,0.1449,-0.0148,-0.1912,0.007,0.0115,1.0303,-0.0367,1.5751,0.000237,-0.0001,0.0
13.17,FLIGHT,0.9384,1.5395,0.138,0.1446,0.1363,0.1425,-0.0148,-0.1912,0.0069,0.0113,1.03,-0.037,1.5754,0.000236,-0.0001,0.0
13.175,FLIGHT,0.9391,1.5402,0.1361,0.1423,0.1345,0.1402,-0.0147,-0.1911,0.0069,0.0111,1.0296,-0.0372,1.5757,0.000236,-0.0001,0.0
13.18,FLIGHT,0.9397,1.5409,0.1343,0.14,0.1326,0.1379,-0.0147,-0.1911,0.0068,0.0109,1.0292,-0.0375,1.576,0.000236,-0.0001,0.0
13.185,FLIGHT,0.9404,1.5416,0.1324,0.1377,0.1308,0.1357,-0.0147,-0.191,0.0068,0.0108,1.0288,-0.0378,1.5763,0.000235,-0.0001,0.0
13.19,FLIGHT,0.941,1.5423,0.1306,0.1355,0.129,0.1335,-0.0146,-0.191,0.0067,0.0106,1.0284,-0.038,1.5766,0.000235,-0.0001,0.0
13.195,FLIGHT,0.9417,1.543,0.1288,0.1333,0.1272,0.1313,-0.0146,-0.1909,0.0067,0.0104,1.0279,-0.0383,1.5769,0.000235,-0.0001,0.0
13.2,FLIGHT,0.9423,1.5436,0.1271,0.1311,0.1255,0.1292,-0.0146,-0.1909,0.0066,0.0102,1.0275,-0.0385,1.5772,0.000235,-0.0001,0.0
13.205,FLIGHT,0.9429,1.5442,0.1253,0.129,0.1238,0.1271,-0.0145,-0.1908,0.0066,0.0101,1.027,-0.0388,1.5775,0.000234,-0.0001,0.0
13.21,FLIGHT,0.9436,1.5449,0.1236,0.1269,0.1221,0.125,-0.0145,-0.1908,0.0065,0.0099,1.0265,-0.039,1.5777,0.000234,-0.0001,0.0
13.215,FLIGHT,0.9442,1.5455,0.1219,0.1248,0.1204,0.123,-0.0145,-0.1907,0.0065,0.0097,1.026,-0.0393,1.578,0.000234,-0.0001,0.0
13.22,FLIGHT,0.9448,1.5461,0.1202,0.1228,0.1187,0.121,-0.0144,-0.1907,0.0064,0.0096,1.0254,-0.0395,1.5783,0.000234,-0.0001,0.0
13.225,FLIGHT,0.9453,1.5467,0.1186,0.1208,0.1171,0.119,-0.0144,-0.1906,0.0064,0.0094,1.0249,-0.0398,1.5785,0.000233,-0.0,0.0
13.23,FLIGHT,0.9459,1.5473,0.1169,0.1188,0.1155,0.1171,-0.0144,-0.1906,0.0063,0.0093,1.0243,-0.04,1.5788,0.000233,-0.0,0.0
13.235,FLIGHT,0.9465,1.5479,0.1153,0.1169,0.1139,0.1152,-0.0143,-0.1905,0.0063,0.0091,1.0237,-0.0402,1.579,0.000233,-0.0,0.0
13.24,FLIGHT,0.9471,1.5485,0.1137,0.115,0.1123,0.1134,-0.0143,-0.1905,0.0062,0.009,1.0231,-0.0405,1.5793,0.000233,-0.0,0.0
13.245,FLIGHT,0.9476,1.549,0.1122,0.1132,0.1108,0.1116,-0.0143,-0.1904,0.0061,0.0088,1.0224,-0.0407,1.5795,0.000232,-0.0,0.0
13.25,FLIGHT,0.9482,1.5496,0.1106,0.1114,0.1092,0.1098,-0.0142,-0.1904,0.0061,0.0087,1.0218,-0.0409,1.5798,0.000232,-0.0,0.0
13.255,FLIGHT,0.9487,1.5501,0.1091,0.1096,0.1077,0.108,-0.0142,-0.1904,0.006,0.0086,1.0211,-0.0411,1.58,0.000232,-0.0,0.0
13.26,FLIGHT,0.9493,1.5506,0.1076,0.1078,0.1062,0.1063,-0.0142,-0.1903,0.006,0.0084,1.0204,-0.0414,1.5803,0.000232,-0.0,0.0
13.265,FLIGHT,0.9498,1.5512,0.1061,0.1061,0.1047,0.1046,-0.0142,-0.1903,0.0059,0.0083,1.0197,-0.0416,1.5805,0.000231,-0.0,0.0
13.27,FLIGHT,0.9503,1.5517,0.1046,0.1044,0.1033,0.1029,-0.0141,-0.1902,0.0059,0.0082,1.019,-0.0418,1.5807,0.000231,-0.0,0.0
13.275,FLIGHT,0.9508,1.5522,0.1031,0.1028,0.1018,0.1013,-0.0141,-0.1902,0.0058,0.008,1.0183,-0.042,1.581,0.000231,-0.0,0.0
13.28,FLIGHT,0.9513,1.5527,0.1017,0.1011,0.1004,0.0997,-0.0141,-0.1902,0.0057,0.0079,1.0175,-0.0422,1.5812,0.000231,-0.0,0.0
13.285,FLIGHT,0.9518,1.5532,0.1002,0.0995,0.099,0.0981,-0.014,-0.1901,0.0057,0.0078,1.0167,-0.0424,1.5814,0.000231,-0.0,0.0
13.29,FLIGHT,0.9523,1.5537,0.0988,0.098,0.0976,0.0966,-0.014,-0.1901,0.0056,0.0076,1.0159,-0.0427,1.5817,0.00023,-0.0,0.0
13.295,FLIGHT,0.9528,1.5542,0.0974,0.0964,0.0962,0.095,-0.014,-0.19,0.0056,0.0075,1.0151,-0.0429,1.5819,0.00023,-0.0,0.0
13.3,FLIGHT,0.9533,1.5546,0.096,0.0949,0.0948,0.0935,-0.014,-0.19,0.0055,0.0074,1.0143,-0.0431,1.5821,0.00023,-0.0,0.0
13.305,FLIGHT,0.9537,1.5551,0.0947,0.0934,0.0935,0.0921,-0.0139,-0.19,0.0054,0.0073,1.0135,-0.0433,1.5823,0.00023,-0.0,0.0
13.31,FLIGHT,0.9542,1.5556,0.0933,0.0919,0.0921,0.0906,-0.0139,-0.1899,0.0054,0.0072,1.0126,-0.0435,1.5825,0.00023,-0.0,0.0
13.315,FLIGHT,0.9547,1.556,0.092,0.0905,0.0908,0.0892,-0.0139,-0.1899,0.0053,0.0071,1.0118,-0.0437,1.5827,0.00023,-0.0,0.0
13.32,FLIGHT,0.9551,1.5565,0.0907,0.0891,0.0895,0.0878,-0.0139,-0.1899,0.0052,0.007,1.0109,-0.0439,1.5829,0.000229,-0.0,0.0
13.325,FLIGHT,0.9556,1.5569,0.0893,0.0877,0.0882,0.0865,-0.0138,-0.1898,0.0052,0.0069,1.01,-0.0441,1.5831,0.000229,-0.0,0.0
13.33,FLIGHT,0.956,1.5573,0.0881,0.0864,0.0869,0.0852,-0.0138,-0.1898,0.0051,0.0067,1.0091,-0.0443,1.5834,0.000229,-0.0,0.0
13.335,FLIGHT,0.9564,1.5577,0.0868,0.085,0.0856,0.0838,-0.0138,-0.1898,0.005,0.0066,1.0081,-0.0445,1.5836,0.000229,-0.0,0.0
13.34,FLIGHT,0.9569,1.5582,0.0855,0.0837,0.0844,0.0826,-0.0138,-0.1897,0.005,0.0065,1.0072,-0.0447,1.5838,0.000229,-0.0,0.0
13.345,FLIGHT,0.9573,1.5586,0.0842,0.0824,0.0831,0.0813,-0.0137,-0.1897,0.0049,0.0064,1.0062,-0.0449,1.5839,0.000229,-0.0,0.0
13.35,FLIGHT,0.9577,1.559,0.083,0.0812,0.0819,0.08,-0.0137,-0.1897,0.0048,0.0063,1.0053,-0.0451,1.5841,0.000228,-0.0,0.0
13.355,FLIGHT,0.9581,1.5594,0.0818,0.0799,0.0807,0.0788,-0.0137,-0.1896,0.0048,0.0063,1.0043,-0.0453,1.5843,0.000228,-0.0,0.0
13.36,FLIGHT,0.9585,1.5598,0.0805,0.0787,0.0795,0.0776,-0.0137,-0.1896,0.0047,0.0062,1.0033,-0.0454,1.5845,0.000228,-0.0,0.0
13.365,FLIGHT,0.9589,1.5601,0.0793,0.0775,0.0783,0.0765,-0.0136,-0.1896,0.0046,0.0061,1.0023,-0.0456,1.5847,0.000228,-0.0,0.0
13.37,FLIGHT,0.9593,1.5605,0.0781,0.0764,0.0771,0.0753,-0.0136,-0.1895,0.0045,0.006,1.0012,-0.0458,1.5849,0.000228,-0.0,0.0
13.375,FLIGHT,0.9597,1.5609,0.077,0.0752,0.0759,0.0742,-0.0136,-0.1895,0.0045,0.0059,1.0002,-0.046,1.5851,0.000228,-0.0,0.0
13.38,STANCE,0.9616,1.5617,0.3348,0.1282,0.8088,-0.0432,-0.0133,-0.1895,0.0462,0.0073,0.9993,0.0732,-0.4998,-0.000779,-0.3371,0.0682
13.385,STANCE,0.9675,1.5594,0.9497,-0.3336,1.5201,-0.9347,-0.0119,-0.1898,0.2253,-0.0416,0.9984,-0.3648,-0.9295,-0.002685,-0.4048,0.0836
13.39,STANCE,0.9735,1.5538,1.0267,-0.8192,0.4368,-0.5199,-0.01,-0.1903,0.3071,-0.0835,0.9977,-0.7159,-1.2759,-0.004106,-0.1093,0.026
13.395,STANCE,0.9744,1.5529,0.4387,-0.3727,0.1315,-0.1224,-0.0097,-0.1904,0.1344,-0.0375,0.9978,-0.7875,-1.9228,-0.004257,0.017,0.0043
13.4,STANCE,0.9759,1.551,0.3744,-0.4082,0.5252,-0.6951,-0.0092,-0.1906,0.1272,-0.0396,0.9981,-1.0461,-2.2128,-0.004051,0.0574,0.0041
13.405,STANCE,0.9783,1.543,0.4661,-1.2509,0.7307,-1.6329,-0.0076,-0.1913,0.2614,-0.1127,0.9981,-1.3405,-1.9371,-0.003475,0.0785,0.0035
13.41,STANCE,0.9829,1.5324,0.7686,-1.9264,0.6969,-3.06,-0.0053,-0.1923,0.4156,-0.168,0.9981,-1.6537,-1.5006,-0.003742,-0.0157,0.0069
13.415,STANCE,0.9873,1.5177,0.8472,-2.6018,0.7543,-2.9839,-0.0023,-0.1935,0.5298,-0.2165,0.998,-1.7636,-0.8686,-0.004239,-0.0699,0.0182
13.42,STANCE,0.9902,1.503,0.6347,-2.8418,0.4272,-2.8825,0.0003,-0.1947,0.5273,-0.2271,0.9979,-1.5834,-0.3117,-0.004343,0.0163,0.0043
13.425,STANCE,0.9918,1.4889,0.4116,-2.8142,0.046,-2.9766,0.0026,-0.1958,0.4838,-0.2177,0.9979,-1.236,0.1781,-0.004412,0.0127,0.0044
13.43,STANCE,0.9916,1.4745,0.0977,-2.848,-0.197,-2.8799,0.0046,-0.1969,0.4304,-0.2151,0.998,-0.735,0.6797,-0.004524,-0.0189,0.0083
13.435,STANCE,0.99,1.4603,-0.1734,-2.8172,-0.2481,-2.5951,0.0064,-0.198,0.3751,-0.2092,0.9981,-0.2153,1.0828,-0.004558,-0.0539,0.0153
13.44,STANCE,0.9886,1.4476,-0.2501,-2.6139,-0.2771,-2.4348,0.008,-0.1989,0.3322,-0.1908,0.9983,0.144,1.2841,-0.004695,-0.0102,0.0067
13.445,STANCE,0.9876,1.4361,-0.2048,-2.3863,-0.1032,-2.1627,0.0094,-0.1998,0.3096,-0.1706,0.9986,0.2309,1.2912,-0.004725,-0.0044,0.0056
13.45,FLIGHT,0.9876,1.4259,-0.0617,-2.1442,0.0774,-1.945,0.0109,-0.2005,0.3041,-0.149,0.9991,-1.1038,2.4175,-0.004736,0.0017,0.0047
13.455,FLIGHT,0.986,1.4193,-0.2712,-1.5195,-0.6716,-0.7403,0.0116,-0.2009,0.1703,-0.1071,0.9998,-1.0392,2.3521,-0.004545,0.0717,0.0045
13.46,FLIGHT,0.9812,1.418,-0.7778,-0.6161,-1.2374,0.168,0.0108,-0.2011,-0.0654,-0.0509,1.0008,-0.8189,2.167,-0.004057,0.1195,0.0041
13.465,FLIGHT,0.9741,1.4204,-1.2301,0.1588,-1.5663,0.7482,0.009,-0.201,-0.2706,0.0001,1.0019,-0.5841,1.9746,-0.003389,0.1442,0.0034
13.47,FLIGHT,0.9658,1.425,-1.5157,0.6913,-1.6917,1.0585,0.0067,-0.2007,-0.4053,0.0398,1.0032,-0.39,1.8177,-0.002645,0.1511,0.0026
13.475,FLIGHT,0.9574,1.4307,-1.6327,0.9946,-1.6725,1.179,0.0042,-0.2004,-0.4714,0.0671,1.0044,-0.2486,1.705,-0.001897,0.1468,0.0019
13.48,FLIGHT,0.9493,1.4366,-1.6201,1.1244,-1.5645,1.1811,0.0017,-0.1999,-0.4859,0.0831,1.0057,-0.1539,1.6309,-0.001186,0.1369,0.0012
13.485,FLIGHT,0.9418,1.4424,-1.5232,1.14,-1.4107,1.1182,-0.0006,-0.1995,-0.4669,0.0901,1.007,-0.0943,1.5857,-0.000531,0.1251,0.0005
13.49,FLIGHT,0.9352,1.4477,-1.3798,1.0896,-1.2391,1.0262,-0.0027,-0.1991,-0.4295,0.0908,1.0082,-0.0586,1.5602,6.2e-05,0.1065,0.0
13.495,FLIGHT,0.9294,1.4526,-1.2159,1.0077,-1.0661,0.9273,-0.0045,-0.1986,-0.3838,0.0876,1.0094,-0.0388,1.5474,0.000479,0.0628,0.0
13.5,FLIGHT,0.9245,1.457,-1.0503,0.9154,-0.9049,0.832,-0.0061,-0.1983,-0.3368,0.0822,1.0105,-0.028,1.5418,0.000713,0.0327,0.0
13.505,FLIGHT,0.9203,1.4609,-0.8936,0.8245,-0.7592,0.7459,-0.0075,-0.1979,-0.2921,0.0759,1.0116,-0.0222,1.54,0.000823,0.0127,0.0
13.51,FLIGHT,0.9169,1.4645,-0.7508,0.7411,-0.6298,0.6707,-0.0087,-0.1976,-0.2515,0.0694,1.0127,-0.0191,1.5401,0.000852,0.0,0.0
13.515,FLIGHT,0.914,1.4677,-0.6233,0.6675,-0.5159,0.6063,-0.0097,-0.1973,-0.2155,0.0633,1.0137,-0.0173,1.541,0.000831,-0.0075,0.0015
13.52,FLIGHT,0.9117,1.4706,-0.5107,0.6042,-0.4163,0.5518,-0.0105,-0.197,-0.1841,0.0576,1.0147,-0.0162,1.5422,0.000782,-0.0116,0.0023
13.525,FLIGHT,0.9098,1.4732,-0.4119,0.5502,-0.3293,0.5058,-0.0113,-0.1968,-0.1569,0.0525,1.0157,-0.0155,1.5435,0.000719,-0.0134,0.0027
13.53,FLIGHT,0.9084,1.4756,-0.3256,0.5046,-0.2534,0.4671,-0.0119,-0.1965,-0.1334,0.0481,1.0166,-0.015,1.5447,0.000651,-0.0136,0.0027
13.535,FLIGHT,0.9073,1.4779,-0.2502,0.4661,-0.1872,0.4345,-0.0124,-0.1963,-0.1131,0.0441,1.0174,-0.0147,1.5458,0.000585,-0.0129,0.0026
13.54,FLIGHT,0.9065,1.48,-0.1845,0.4336,-0.1297,0.407,-0.0129,-0.1961,-0.0956,0.0407,1.0183,-0.0145,1.5469,0.000523,-0.0117,0.0023
13.545,FLIGHT,0.906,1.482,-0.1273,0.4062,-0.0796,0.3837,-0.0132,-0.1959,-0.0805,0.0378,1.0191,-0.0145,1.5479,0.000468,-0.0103,0.0021
13.55,FLIGHT,0.9057,1.4838,-0.0776,0.3831,-0.0362,0.364,-0.0135,-0.1958,-0.0675,0.0352,1.0199,-0.0146,1.5489,0.00042,-0.0087,0.0017
13.555,FLIGHT,0.9056,1.4856,-0.0345,0.3634,0.0014,0.3472,-0.0138,-0.1956,-0.0563,0.0329,1.0207,-0.0149,1.5499,0.00038,-0.0073,0.0015
13.56,FLIGHT,0.9057,1.4873,0.0029,0.3467,0.0339,0.3329,-0.014,-0.1955,-0.0467,0.031,1.0214,-0.0152,1.5508,0.000347,-0.0059,0.0012
13.565,FLIGHT,0.9059,1.4889,0.0351,0.3324,0.0619,0.3206,-0.0142,-0.1953,-0.0384,0.0293,1.0221,-0.0156,1.5518,0.00032,-0.0048,0.001
13.57,FLIGHT,0.9063,1.4905,0.0629,0.3202,0.0859,0.31,-0.0143,-0.1952,-0.0313,0.0279,1.0228,-0.0161,1.5527,0.000299,-0.0038,0.0008
13.575,FLIGHT,0.9068,1.492,0.0867,0.3097,0.1065,0.3009,-0.0144,-0.195,-0.0252,0.0266,1.0235,-0.0166,1.5535,0.000282,-0.0029,0.0006
13.58,FLIGHT,0.9074,1.4935,0.1071,0.3005,0.1239,0.2929,-0.0145,-0.1949,-0.0199,0.0255,1.0241,-0.0171,1.5544,0.00027,-0.0023,0.0005
13.585,FLIGHT,0.908,1.495,0.1244,0.2926,0.1386,0.2859,-0.0146,-0.1948,-0.0155,0.0246,1.0247,-0.0177,1.5552,0.00026,-0.0017,0.0003
13.59,FLIGHT,0.9088,1.4964,0.139,0.2855,0.151,0.2796,-0.0147,-0.1947,-0.0117,0.0238,1.0253,-0.0183,1.556,0.000252,-0.0013,0.0003
13.595,FLIGHT,0.9095,1.4978,0.1513,0.2793,0.1613,0.274,-0.0147,-0.1946,-0.0084,0.023,1.0258,-0.019,1.5567,0.000247,-0.0009,0.0002
13.6,FLIGHT,0.9104,1.4991,0.1615,0.2737,0.1698,0.2689,-0.0147,-0.1945,-0.0057,0.0224,1.0264,-0.0196,1.5575,0.000243,-0.0006,0.0001
13.605,FLIGHT,0.9112,1.5005,0.1699,0.2686,0.1767,0.2643,-0.0147,-0.1944,-0.0034,0.0218,1.0269,-0.0202,1.5582,0.000241,-0.0004,0.0001
13.61,FLIGHT,0.9121,1.5018,0.1768,0.2639,0.1823,0.2599,-0.0147,-0.1942,-0.0014,0.0213,1.0274,-0.0208,1.5589,0.000239,-0.0003,0.0001
13.615,FLIGHT,0.9131,1.5031,0.1823,0.2596,0.1867,0.2559,-0.0147,-0.1941,0.0002,0.0209,1.0278,-0.0214,1.5596,0.000238,-0.0001,0.0
13.62,FLIGHT,0.914,1.5043,0.1866,0.2555,0.19,0.252,-0.0147,-0.194,0.0016,0.0204,1.0283,-0.022,1.5603,0.000237,-0.0001,0.0
13.625,FLIGHT,0.915,1.5056,0.1899,0.2517,0.1925,0.2483,-0.0147,-0.1939,0.0028,0.0201,1.0287,-0.0226,1.5609,0.000237,-0.0,0.0
13.63,FLIGHT,0.9159,1.5068,0.1923,0.248,0.1941,0.2448,-0.0147,-0.1938,0.0037,0.0197,1.0291,-0.0231,1.5615,0.000237,0.0,0.0
13.635,FLIGHT,0.9169,1.508,0.194,0.2445,0.1952,0.2413,-0.0147,-0.1937,0.0045,0.0194,1.0294,-0.0237,1.5621,0.000238,0.0001,0.0
13.64,FLIGHT,0.9179,1.5092,0.195,0.241,0.1956,0.238,-0.0146,-0.1937,0.0051,0.0191,1.0298,-0.0242,1.5627,0.000238,0.0001,0.0
13.645,FLIGHT,0.9188,1.5104,0.1954,0.2376,0.1956,0.2346,-0.0146,-0.1936,0.0057,0.0188,1.0301,-0.0248,1.5633,0.000238,0.0001,0.0
13.65,FLIGHT,0.9198,1.5116,0.1954,0.2343,0.1952,0.2314,-0.0146,-0.1935,0.0061,0.0185,1.0304,-0.0253,1.5638,0.000239,0.0001,0.0
13.655,FLIGHT,0.9208,1.5127,0.195,0.2311,0.1944,0.2282,-0.0145,-0.1934,0.0064,0.0182,1.0306,-0.0258,1.5644,0.000239,0.0001,0.0
13.66,FLIGHT,0.9218,1.5139,0.1942,0.2278,0.1934,0.225,-0.0145,-0.1933,0.0067,0.0179,1.0309,-0.0262,1.5649,0.000239,0.0001,0.0
13.665,FLIGHT,0.9227,1.515,0.1931,0.2246,0.1921,0.2218,-0.0145,-0.1932,0.0069,0.0176,1.0311,-0.0267,1.5654,0.00024,0.0001,0.0
13.67,FLIGHT,0.9237,1.5161,0.1918,0.2215,0.1906,0.2186,-0.0144,-0.1931,0.0071,0.0174,1.0313,-0.0272,1.5659,0.00024,0.0,0.0
13.675,FLIGHT,0.9246,1.5172,0.1903,0.2183,0.1889,0.2155,-0.0144,-0.193,0.0072,0.0171,1.0314,-0.0276,1.5664,0.00024,0.0,0.0
13.68,FLIGHT,0.9256,1.5182,0.1886,0.2152,0.1871,0.2124,-0.0144,-0.1929,0.0073,0.0169,1.0316,-0.028,1.5669,0.00024,0.0,0.0
13.685,FLIGHT,0.9265,1.5193,0.1868,0.2121,0.1851,0.2093,-0.0143,-0.1929,0.0074,0.0166,1.0317,-0.0285,1.5673,0.00024,0.0,0.0
13.69,FLIGHT,0.9274,1.5203,0.1849,0.209,0.1831,0.2062,-0.0143,-0.1928,0.0074,0.0164,1.0318,-0.0289,1.5678,0.00024,-0.0,0.0
13.695,FLIGHT,0.9283,1.5213,0.1829,0.2059,0.1811,0.2031,-0.0142,-0.1927,0.0074,0.0162,1.0319,-0.0293,1.5682,0.00024,-0.0,0.0
13.7,FLIGHT,0.9292,1.5223,0.1808,0.2028,0.1789,0.2001,-0.0142,-0.1926,0.0074,0.0159,1.0319,-0.0297,1.5687,0.00024,-0.0,0.0
13.705,FLIGHT,0.9301,1.5233,0.1787,0.1998,0.1767,0.197,-0.0142,-0.1925,0.0074,0.0157,1.032,-0.0301,1.5691,0.00024,-0.0,0.0
13.71,FLIGHT,0.931,1.5243,0.1765,0.1967,0.1745,0.194,-0.0141,-0.1925,0.0074,0.0154,1.032,-0.0304,1.5695,0.00024,-0.0,0.0
13.715,FLIGHT,0.9319,1.5253,0.1743,0.1937,0.1723,0.1911,-0.0141,-0.1924,0.0074,0.0152,1.032,-0.0308,1.5699,0.00024,-0.0,0.0
13.72,FLIGHT,0.9327,1.5262,0.1721,0.1908,0.1701,0.1881,-0.0141,-0.1923,0.0073,0.015,1.0319,-0.0311,1.5703,0.000239,-0.0,0.0
13.725,FLIGHT,0.9336,1.5272,0.1699,0.1878,0.1679,0.1852,-0.014,-0.1922,0.0073,0.0147,1.0319,-0.0315,1.5707,0.000239,-0.0,0.0
13.73,FLIGHT,0.9344,1.5281,0.1676,0.1849,0.1656,0.1823,-0.014,-0.1922,0.0072,0.0145,1.0318,-0.0318,1.5711,0.000239,-0.0,0.0
13.735,FLIGHT,0.9352,1.529,0.1654,0.182,0.1634,0.1794,-0.0139,-0.1921,0.0072,0.0143,1.0317,-0.0322,1.5715,0.000239,-0.0001,0.0
13.74,FLIGHT,0.936,1.5299,0.1632,0.1791,0.1612,0.1766,-0.0139,-0.192,0.0071,0.0141,1.0316,-0.0325,1.5719,0.000238,-0.0001,0.0
13.745,FLIGHT,0.9368,1.5308,0.161,0.1763,0.159,0.1737,-0.0139,-0.192,0.0071,0.0138,1.0314,-0.0328,1.5722,0.000238,-0.0001,0.0
13.75,FLIGHT,0.9376,1.5316,0.1588,0.1735,0.1568,0.171,-0.0138,-0.1919,0.007,0.0136,1.0313,-0.0332,1.5726,0.000238,-0.0001,0.0
13.755,FLIGHT,0.9384,1.5325,0.1566,0.1707,0.1547,0.1682,-0.0138,-0.1918,0.007,0.0134,1.0311,-0.0335,1.573,0.000238,-0.0001,0.0
13.76,FLIGHT,0.9392,1.5333,0.1545,0.168,0.1525,0.1655,-0.0138,-0.1918,0.0069,0.0132,1.0309,-0.0338,1.5733,0.000237,-0.0001,0.0
13.765,FLIGHT,0.9399,1.5341,0.1523,0.1653,0.1504,0.1629,-0.0137,-0.1917,0.0069,0.013,1.0307,-0.0341,1.5737,0.000237,-0.0001,0.0
13.77,FLIGHT,0.9407,1.5349,0.1502,0.1626,0.1483,0.1602,-0.0137,-0.1916,0.0068,0.0128,1.0304,-0.0344,1.574,0.000237,-0.0001,0.0
13.775,FLIGHT,0.9414,1.5357,0.1481,0.16,0.1463,0.1576,-0.0137,-0.1916,0.0068,0.0126,1.0301,-0.0347,1.5743,0.000236,-0.0001,0.0
13.78,FLIGHT,0.9421,1.5365,0.1461,0.1574,0.1442,0.1551,-0.0136,-0.1915,0.0067,0.0124,1.0298,-0.035,1.5747,0.000236,-0.0001,0.0
13.785,FLIGHT,0.9429,1.5373,0.144,0.1548,0.1422,0.1525,-0.0136,-0.1915,0.0067,0.0122,1.0295,-0.0353,1.575,0.000236,-0.0001,0.0
13.79,FLIGHT,0.9436,1.538,0.142,0.1523,0.1402,0.1501,-0.0136,-0.1914,0.0066,0.012,1.0292,-0.0356,1.5753,0.000235,-0.0001,0.0
13.795,FLIGHT,0.9443,1.5388,0.1401,0.1498,0.1383,0.1476,-0.0135,-0.1913,0.0066,0.0118,1.0289,-0.0358,1.5756,0.000235,-0.0001,0.0
13.8,FLIGHT,0.945,1.5395,0.1381,0.1474,0.1363,0.1452,-0.0135,-0.1913,0.0065,0.0116,1.0285,-0.0361,1.5759,0.000235,-0.0001,0.0
13.805,FLIGHT,0.9456,1.5402,0.1362,0.145,0.1344,0.1428,-0.0135,-0.1912,0.0065,0.0114,1.0281,-0.0364,1.5762,0.000235,-0.0001,0.0
13.81,FLIGHT,0.9463,1.5409,0.1343,0.1426,0.1326,0.1405,-0.0134,-0.1912,0.0064,0.0112,1.0277,-0.0367,1.5765,0.000234,-0.0001,0.0
13.815,FLIGHT,0.947,1.5416,0.1324,0.1403,0.1307,0.1382,-0.0134,-0.1911,0.0064,0.011,1.0273,-0.0369,1.5768,0.000234,-0.0001,0.0
13.82,FLIGHT,0.9476,1.5423,0.1305,0.138,0.1289,0.136,-0.0134,-0.1911,0.0063,0.0109,1.0268,-0.0372,1.5771,0.000234,-0.0001,0.0
13.825,FLIGHT,0.9482,1.543,0.1287,0.1358,0.127,0.1337,-0.0133,-0.191,0.0062,0.0107,1.0263,-0.0375,1.5774,0.000233,-0.0001,0.0
13.83,FLIGHT,0.9489,1.5437,0.1269,0.1335,0.1253,0.1316,-0.0133,-0.191,0.0062,0.0105,1.0258,-0.0377,1.5777,0.000233,-0.0001,0.0
13.835,FLIGHT,0.9495,1.5443,0.1251,0.1314,0.1235,0.1294,-0.0133,-0.1909,0.0061,0.0103,1.0253,-0.038,1.578,0.000233,-0.0001,0.0
13.84,FLIGHT,0.9501,1.5449,0.1233,0.1292,0.1217,0.1273,-0.0133,-0.1908,0.0061,0.0102,1.0248,-0.0382,1.5783,0.000233,-0.0001,0.0
13.845,FLIGHT,0.9507,1.5456,0.1216,0.1271,0.12,0.1252,-0.0132,-0.1908,0.006,0.01,1.0243,-0.0385,1.5785,0.000232,-0.0001,0.0
13.85,FLIGHT,0.9513,1.5462,0.1198,0.125,0.1183,0.1232,-0.0132,-0.1908,0.006,0.0098,1.0237,-0.0387,1.5788,0.000232,-0.0001,0.0
13.855,FLIGHT,0.9519,1.5468,0.1182,0.123,0.1166,0.1212,-0.0132,-0.1907,0.0059,0.0097,1.0231,-0.039,1.5791,0.000232,-0.0001,0.0
13.86,FLIGHT,0.9525,1.5474,0.1165,0.121,0.115,0.1192,-0.0131,-0.1907,0.0059,0.0095,1.0225,-0.0392,1.5793,0.000232,-0.0001,0.0
13.865,FLIGHT,0.953,1.548,0.1148,0.1191,0.1134,0.1173,-0.0131,-0.1906,0.0058,0.0094,1.0219,-0.0395,1.5796,0.000231,-0.0,0.0
13.87,FLIGHT,0.9536,1.5486,0.1132,0.1171,0.1117,0.1154,-0.0131,-0.1906,0.0058,0.0092,1.0213,-0.0397,1.5799,0.000231,-0.0,0.0
13.875,FLIGHT,0.9542,1.5492,0.1116,0.1152,0.1101,0.1136,-0.0131,-0.1905,0.0057,0.0091,1.0206,-0.0399,1.5801,0.000231,-0.0,0.0
13.88,FLIGHT,0.9547,1.5497,0.11,0.1134,0.1086,0.1117,-0.013,-0.1905,0.0056,0.0089,1.02,-0.0402,1.5804,0.000231,-0.0,0.0
13.885,FLIGHT,0.9552,1.5503,0.1084,0.1115,0.107,0.1099,-0.013,-0.1904,0.0056,0.0088,1.0193,-0.0404,1.5806,0.00023,-0.0,0.0
13.89,FLIGHT,0.9558,1.5508,0.1069,0.1097,0.1055,0.1082,-0.013,-0.1904,0.0055,0.0086,1.0186,-0.0406,1.5808,0.00023,-0.0,0.0
13.895,FLIGHT,0.9563,1.5514,0.1053,0.108,0.104,0.1064,-0.0129,-0.1903,0.0055,0.0085,1.0179,-0.0409,1.5811,0.00023,-0.0,0.0
13.9,FLIGHT,0.9568,1.5519,0.1038,0.1063,0.1024,0.1047,-0.0129,-0.1903,0.0054,0.0084,1.0171,-0.0411,1.5813,0.00023,-0.0,0.0
13.905,FLIGHT,0.9573,1.5524,0.1023,0.1046,0.101,0.103,-0.0129,-0.1903,0.0053,0.0082,1.0164,-0.0413,1.5816,0.000229,-0.0,0.0
13.91,FLIGHT,0.9578,1.5529,0.1008,0.1029,0.0995,0.1014,-0.0129,-0.1902,0.0053,0.0081,1.0156,-0.0415,1.5818,0.000229,-0.0,0.0
13.915,FLIGHT,0.9583,1.5534,0.0994,0.1012,0.098,0.0998,-0.0128,-0.1902,0.0052,0.008,1.0148,-0.0417,1.582,0.000229,-0.0,0.0
13.92,FLIGHT,0.9588,1.5539,0.0979,0.0996,0.0966,0.0982,-0.0128,-0.1901,0.0052,0.0079,1.014,-0.042,1.5822,0.000229,-0.0,0.0
13.925,FLIGHT,0.9593,1.5544,0.0965,0.0981,0.0952,0.0966,-0.0128,-0.1901,0.0051,0.0077,1.0132,-0.0422,1.5825,0.000229,-0.0,0.0
13.93,FLIGHT,0.9598,1.5549,0.0951,0.0965,0.0938,0.0951,-0.0128,-0.1901,0.005,0.0076,1.0123,-0.0424,1.5827,0.000228,-0.0,0.0
13.935,FLIGHT,0.9602,1.5553,0.0937,0.095,0.0924,0.0936,-0.0127,-0.19,0.005,0.0075,1.0115,-0.0426,1.5829,0.000228,-0.0,0.0
13.94,FLIGHT,0.9607,1.5558,0.0923,0.0935,0.091,0.0921,-0.0127,-0.19,0.0049,0.0074,1.0106,-0.0428,1.5831,0.000228,-0.0,0.0
13.945,FLIGHT,0.9611,1.5563,0.0909,0.092,0.0897,0.0907,-0.0127,-0.19,0.0048,0.0073,1.0097,-0.043,1.5833,0.000228,-0.0,0.0
13.95,FLIGHT,0.9616,1.5567,0.0896,0.0906,0.0884,0.0893,-0.0127,-0.1899,0.0048,0.0071,1.0088,-0.0432,1.5835,0.000228,-0.0,0.0
13.955,FLIGHT,0.962,1.5572,0.0882,0.0891,0.087,0.0879,-0.0126,-0.1899,0.0047,0.007,1.0079,-0.0434,1.5837,0.000228,-0.0,0.0
13.96,FLIGHT,0.9625,1.5576,0.0869,0.0878,0.0857,0.0865,-0.0126,-0.1899,0.0047,0.0069,1.007,-0.0436,1.5839,0.000227,-0.0,0.0
13.965,FLIGHT,0.9629,1.558,0.0856,0.0864,0.0844,0.0852,-0.0126,-0.1898,0.0046,0.0068,1.006,-0.0438,1.5841,0.000227,-0.0,0.0
13.97,FLIGHT,0.9633,1.5585,0.0843,0.085,0.0831,0.0839,-0.0126,-0.1898,0.0045,0.0067,1.0051,-0.044,1.5843,0.000227,-0.0,0.0
13.975,FLIGHT,0.9637,1.5589,0.083,0.0837,0.0819,0.0826,-0.0125,-0.1898,0.0044,0.0066,1.0041,-0.0442,1.5845,0.000227,-0.0,0.0
13.98,FLIGHT,0.9641,1.5593,0.0817,0.0824,0.0806,0.0813,-0.0125,-0.1897,0.0044,0.0065,1.0031,-0.0444,1.5847,0.000227,-0.0,0.0
13.985,FLIGHT,0.9645,1.5597,0.0805,0.0812,0.0794,0.08,-0.0125,-0.1897,0.0043,0.0064,1.0021,-0.0446,1.5849,0.000227,-0.0,0.0
13.99,FLIGHT,0.9649,1.5601,0.0792,0.0799,0.0781,0.0788,-0.0125,-0.1897,0.0042,0.0063,1.0011,-0.0448,1.5851,0.000226,-0.0,0.0
13.995,STANCE,0.9653,1.5605,0.078,0.0787,0.0983,0.1063,-0.0125,-0.1896,0.0042,0.0062,1.0001,0.1735,-0.0057,0.000226,-0.0219,0.0044
14.0,STANCE,0.9679,1.5609,0.4244,0.0553,0.959,-0.2037,-0.012,-0.1896,0.073,-0.0001,0.9992,-0.0083,-0.5868,-0.000869,-0.3387,0.0686
14.005,STANCE,0.9744,1.5577,1.0643,-0.463,1.6263,-1.0815,-0.0104,-0.19,0.2652,-0.0526,0.9983,-0.5009,-0.9767,-0.002751,-0.3955,0.0818
14.01,STANCE,0.9807,1.5521,1.0992,-0.8459,0.463,-0.4741,-0.0084,-0.1905,0.3254,-0.0838,0.9977,-0.8651,-1.3319,-0.004138,-0.0993,0.024
14.015,STANCE,0.9817,1.5512,0.4857,-0.3943,0.169,-0.1761,-0.0081,-0.1906,0.1467,-0.0386,0.9979,-0.9383,-1.9414,-0.004223,0.0373,0.0042
14.02,STANCE,0.9834,1.5489,0.4088,-0.4641,0.5062,-0.8573,-0.0074,-0.1908,0.1419,-0.0436,0.9982,-1.1927,-2.1709,-0.003929,0.0814,0.0039
14.025,STANCE,0.9855,1.5403,0.4388,-1.3423,0.6869,-1.6444,-0.0058,-0.1916,0.2701,-0.1178,0.9981,-1.4493,-1.8342,-0.003268,0.0756,0.0033
14.03,STANCE,0.9899,1.5307,0.7364,-1.7938,0.7386,-2.6592,-0.0037,-0.1924,0.3924,-0.1532,0.9982,-1.7255,-1.4631,-0.003663,-0.1149,0.0266
14.035,STANCE,0.9925,1.5153,0.6121,-2.6185,0.7663,-2.439,-0.001,-0.1937,0.4884,-0.2137,0.998,-1.7061,-0.7533,-0.004005,-0.1276,0.0295
14.04,STANCE,0.9946,1.5014,0.4149,-2.8078,-0.0487,-3.3264,0.0014,-0.1948,0.481,-0.2216,0.9979,-1.4842,-0.2158,-0.004177,0.0536,0.0042
14.045,STANCE,0.9953,1.4869,0.2073,-2.8671,-0.1581,-3.0901,0.0036,-0.196,0.4527,-0.2199,0.9979,-1.1072,0.3072,-0.004559,-0.0267,0.0099
14.05,STANCE,0.9939,1.4717,-0.1155,-2.9569,-0.3412,-2.9256,0.0055,-0.1971,0.4053,-0.2223,0.9978,-0.5805,0.8195,-0.004822,-0.0814,0.0211
14.055,STANCE,0.9914,1.457,-0.3809,-2.9452,-0.5746,-2.8991,0.0072,-0.1982,0.3535,-0.2183,0.9977,-0.0629,1.207,-0.004988,0.0008,0.005
14.06,STANCE,0.9892,1.4438,-0.4144,-2.713,-0.347,-2.4372,0.0086,-0.1992,0.3148,-0.1978,0.9979,0.2506,1.3634,-0.005211,-0.0591,0.017
14.065,STANCE,0.988,1.4324,-0.2768,-2.395,-0.1105,-2.1128,0.0101,-0.2,0.2971,-0.1706,0.9982,0.2587,1.3039,-0.00549,-0.053,0.0161
14.07,STANCE,0.988,1.4225,-0.0832,-2.1122,0.0851,-1.8946,0.0115,-0.2007,0.2956,-0.1459,0.9986,0.1813,1.2157,-0.005723,-0.0383,0.0134
14.075,STANCE,0.9887,1.4133,0.0828,-1.9128,0.2088,-1.7713,0.013,-0.2013,0.3008,-0.1274,0.9991,0.113,1.1588,-0.005855,-0.0133,0.0085
14.08,STANCE,0.99,1.4047,0.1971,-1.7878,0.2767,-1.7012,0.0146,-0.2019,0.3065,-0.1145,0.9996,0.0642,1.1304,-0.005848,0.0164,0.0058
14.085,STANCE,0.9914,1.3963,0.2645,-1.7101,0.3076,-1.654,0.0161,-0.2024,0.3098,-0.1055,1.0001,0.0336,1.1203,-0.005691,0.0461,0.0057
14.09,STANCE,0.993,1.3881,0.2981,-1.656,0.317,-1.6131,0.0177,-0.2029,0.3096,-0.0986,1.0006,0.0162,1.1191,-0.005391,0.0729,0.0054
14.095,FLIGHT,0.9946,1.3802,0.3106,-1.6108,0.3155,-1.5718,0.0192,-0.2034,0.3065,-0.0928,1.0011,-1.2941,2.5278,-0.004968,0.0957,0.005
14.1,FLIGHT,0.9947,1.3745,0.0596,-1.2174,-0.4266,-0.5118,0.0201,-0.2037,0.1965,-0.0724,1.0018,-1.258,2.4916,-0.004356,0.1554,0.0044
14.105,FLIGHT,0.9906,1.3747,-0.5769,-0.3119,-1.1695,0.5231,0.0192,-0.2038,-0.0704,-0.0301,1.0027,-1.0145,2.2941,-0.003449,0.2028,0.0034
14.11,FLIGHT,0.9834,1.3791,-1.1744,0.534,-1.6317,1.1893,0.0171,-0.2036,-0.3195,0.0135,1.0039,-0.7339,2.0703,-0.002374,0.2233,0.0024
14.115,FLIGHT,0.9747,1.386,-1.5773,1.1289,-1.8409,1.5393,0.0143,-0.2033,-0.4894,0.0511,1.0051,-0.4953,1.8818,-0.001252,0.2226,0.0013
14.12,FLIGHT,0.9654,1.3941,-1.7725,1.464,-1.8654,1.6627,0.0112,-0.2029,-0.5767,0.0794,1.0064,-0.3193,1.7442,-0.00017,0.2085,0.0002
14.125,FLIGHT,0.9562,1.4024,-1.8014,1.5969,-1.7688,1.646,0.0081,-0.2024,-0.5995,0.0978,1.0076,-0.2012,1.6533,0.000701,0.1332,0.0
14.13,FLIGHT,0.9478,1.4104,-1.7191,1.5951,-1.6116,1.551,0.0052,-0.2019,-0.5798,0.1071,1.0088,-0.1268,1.5976,0.0012,0.0708,0.0
14.135,FLIGHT,0.9402,1.4179,-1.5755,1.5148,-1.4306,1.4209,0.0026,-0.2014,-0.5365,0.1095,1.01,-0.0818,1.5657,0.001444,0.0297,0.0
14.14,FLIGHT,0.9335,1.4246,-1.4047,1.3964,-1.2468,1.282,0.0003,-0.2009,-0.4829,0.107,1.0111,-0.0553,1.5487,0.001522,0.0036,0.0
14.145,FLIGHT,0.9277,1.4307,-1.2282,1.2659,-1.0719,1.1487,-0.0018,-0.2004,-0.4269,0.1016,1.0122,-0.04,1.5405,0.001497,-0.0122,0.0024
14.15,FLIGHT,0.9227,1.4361,-1.0583,1.1381,-0.9113,1.0277,-0.0035,-0.2,-0.3732,0.0949,1.0132,-0.031,1.5371,0.001412,-0.0211,0.0042
14.155,FLIGHT,0.9185,1.441,-0.901,1.0207,-0.7668,0.9213,-0.0051,-0.1995,-0.324,0.0876,1.0142,-0.0255,1.5362,0.001294,-0.0253,0.0051
14.16,FLIGHT,0.915,1.4454,-0.7587,0.9165,-0.6382,0.8294,-0.0064,-0.1992,-0.28,0.0804,1.0151,-0.0219,1.5366,0.001164,-0.0265,0.0053
14.165,FLIGHT,0.9121,1.4493,-0.6317,0.8259,-0.5246,0.7508,-0.0075,-0.1988,-0.2413,0.0736,1.0159,-0.0193,1.5375,0.001032,-0.0259,0.0052
14.17,FLIGHT,0.9098,1.4529,-0.5191,0.7481,-0.4245,0.6838,-0.0085,-0.1985,-0.2075,0.0674,1.0168,-0.0174,1.5385,0.000906,-0.0242,0.0048
14.175,FLIGHT,0.9079,1.4562,-0.4199,0.6817,-0.3365,0.6268,-0.0093,-0.1982,-0.178,0.0618,1.0176,-0.0159,1.5396,0.000791,-0.0219,0.0044
14.18,FLIGHT,0.9064,1.4592,-0.3325,0.625,-0.2592,0.5783,-0.01,-0.1979,-0.1525,0.0568,1.0183,-0.0147,1.5406,0.000688,-0.0193,0.0039
14.185,FLIGHT,0.9053,1.462,-0.2557,0.5768,-0.1913,0.537,-0.0106,-0.1977,-0.1304,0.0524,1.019,-0.0138,1.5417,0.000598,-0.0166,0.0033
14.19,FLIGHT,0.9044,1.4646,-0.1883,0.5357,-0.1319,0.5018,-0.0111,-0.1974,-0.1112,0.0485,1.0197,-0.0131,1.5427,0.000522,-0.014,0.0028
14.195,FLIGHT,0.9039,1.467,-0.1293,0.5006,-0.0799,0.4716,-0.0116,-0.1972,-0.0945,0.0451,1.0204,-0.0127,1.5436,0.000458,-0.0115,0.0023
14.2,FLIGHT,0.9036,1.4693,-0.0777,0.4706,-0.0345,0.4458,-0.012,-0.197,-0.0801,0.042,1.021,-0.0124,1.5446,0.000406,-0.0093,0.0019
14.205,FLIGHT,0.9036,1.4714,-0.0326,0.4449,0.0051,0.4236,-0.0123,-0.1968,-0.0676,0.0394,1.0216,-0.0123,1.5456,0.000365,-0.0074,0.0015
14.21,FLIGHT,0.9037,1.4735,0.0067,0.4228,0.0395,0.4044,-0.0125,-0.1967,-0.0567,0.0371,1.0222,-0.0124,1.5465,0.000332,-0.0058,0.0012
14.215,FLIGHT,0.904,1.4755,0.0409,0.4037,0.0693,0.3879,-0.0127,-0.1965,-0.0473,0.0351,1.0227,-0.0125,1.5475,0.000306,-0.0045,0.0009
14.22,FLIGHT,0.9044,1.4774,0.0704,0.3872,0.095,0.3735,-0.0129,-0.1963,-0.0392,0.0333,1.0232,-0.0128,1.5484,0.000287,-0.0034,0.0007
14.225,FLIGHT,0.9049,1.4792,0.0959,0.3729,0.1171,0.3609,-0.0131,-0.1962,-0.0322,0.0318,1.0237,-0.0132,1.5493,0.000272,-0.0025,0.0005
14.23,FLIGHT,0.9055,1.481,0.1178,0.3604,0.1359,0.3499,-0.0132,-0.196,-0.0262,0.0304,1.0242,-0.0136,1.5502,0.000261,-0.0019,0.0004
14.235,FLIGHT,0.9063,1.4827,0.1365,0.3494,0.152,0.3402,-0.0133,-0.1959,-0.021,0.0292,1.0246,-0.0141,1.5511,0.000253,-0.0013,0.0003
14.24,FLIGHT,0.907,1.4844,0.1525,0.3397,0.1655,0.3315,-0.0134,-0.1957,-0.0166,0.0282,1.0251,-0.0146,1.5519,0.000248,-0.0009,0.0002
14.245,FLIGHT,0.9079,1.4861,0.1659,0.331,0.1769,0.3237,-0.0134,-0.1956,-0.0127,0.0273,1.0255,-0.0152,1.5528,0.000244,-0.0006,0.0001
14.25,FLIGHT,0.9088,1.4877,0.1772,0.3233,0.1863,0.3167,-0.0135,-0.1955,-0.0095,0.0264,1.0258,-0.0158,1.5536,0.000241,-0.0004,0.0001
14.255,FLIGHT,0.9098,1.4892,0.1865,0.3162,0.1941,0.3102,-0.0135,-0.1953,-0.0067,0.0257,1.0262,-0.0164,1.5544,0.00024,-0.0002,0.0
14.26,FLIGHT,0.9108,1.4908,0.1942,0.3098,0.2004,0.3043,-0.0135,-0.1952,-0.0043,0.0251,1.0265,-0.017,1.5551,0.000239,-0.0001,0.0
14.265,FLIGHT,0.9118,1.4923,0.2004,0.3039,0.2053,0.2988,-0.0135,-0.1951,-0.0023,0.0245,1.0268,-0.0176,1.5559,0.000239,-0.0,0.0
14.27,FLIGHT,0.9128,1.4937,0.2053,0.2984,0.2092,0.2936,-0.0135,-0.195,-0.0006,0.0239,1.0271,-0.0182,1.5566,0.000239,0.0001,0.0
14.275,FLIGHT,0.9139,1.4952,0.2091,0.2932,0.2121,0.2887,-0.0135,-0.1949,0.0008,0.0234,1.0273,-0.0187,1.5573,0.000239,0.0001,0.0
14.28,FLIGHT,0.9149,1.4966,0.2119,0.2883,0.2141,0.2841,-0.0135,-0.1947,0.002,0.023,1.0275,-0.0193,1.558,0.00024,0.0001,0.0
14.285,FLIGHT,0.916,1.498,0.2139,0.2837,0.2154,0.2796,-0.0135,-0.1946,0.003,0.0225,1.0277,-0.0199,1.5587,0.00024,0.0001,0.0
14.29,FLIGHT,0.9171,1.4994,0.2152,0.2792,0.2161,0.2753,-0.0135,-0.1945,0.0039,0.0221,1.0279,-0.0205,1.5594,0.000241,0.0001,0.0
14.295,FLIGHT,0.9182,1.5008,0.2159,0.2749,0.2162,0.2711,-0.0134,-0.1944,0.0045,0.0218,1.0281,-0.021,1.56,0.000242,0.0001,0.0
14.3,FLIGHT,0.9192,1.5021,0.216,0.2707,0.2159,0.267,-0.0134,-0.1943,0.0051,0.0214,1.0282,-0.0216,1.5607,0.000242,0.0001,0.0
14.305,FLIGHT,0.9203,1.5035,0.2156,0.2666,0.2151,0.263,-0.0134,-0.1942,0.0056,0.0211,1.0283,-0.0221,1.5613,0.000243,0.0001,0.0
14.31,FLIGHT,0.9214,1.5048,0.2149,0.2627,0.2141,0.2591,-0.0133,-0.1941,0.006,0.0207,1.0284,-0.0227,1.5619,0.000243,0.0001,0.0
14.315,FLIGHT,0.9225,1.5061,0.2138,0.2587,0.2127,0.2553,-0.0133,-0.194,0.0063,0.0204,1.0285,-0.0232,1.5625,0.000243,0.0001,0.0
14.32,FLIGHT,0.9235,1.5073,0.2124,0.2549,0.2111,0.2515,-0.0133,-0.1939,0.0065,0.0201,1.0285,-0.0237,1.563,0.000244,0.0,0.0
14.325,FLIGHT,0.9246,1.5086,0.2108,0.2511,0.2093,0.2477,-0.0132,-0.1938,0.0067,0.0198,1.0285,-0.0242,1.5636,0.000244,0.0,0.0
14.33,FLIGHT,0.9256,1.5098,0.209,0.2473,0.2073,0.244,-0.0132,-0.1937,0.0069,0.0195,1.0285,-0.0246,1.5641,0.000244,0.0,0.0
14.335,FLIGHT,0.9266,1.511,0.2071,0.2436,0.2052,0.2403,-0.0132,-0.1936,0.007,0.0192,1.0285,-0.0251,1.5647,0.000244,0.0,0.0
14.34,FLIGHT,0.9277,1.5122,0.205,0.24,0.203,0.2367,-0.0131,-0.1935,0.007,0.0189,1.0285,-0.0256,1.5652,0.000244,-0.0,0.0
14.345,FLIGHT,0.9287,1.5134,0.2028,0.2364,0.2007,0.2331,-0.0131,-0.1934,0.0071,0.0186,1.0284,-0.026,1.5657,0.000244,-0.0,0.0
14.35,FLIGHT,0.9297,1.5145,0.2005,0.2328,0.1984,0.2296,-0.0131,-0.1933,0.0071,0.0183,1.0283,-0.0265,1.5662,0.000244,-0.0,0.0
14.355,FLIGHT,0.9307,1.5157,0.1981,0.2292,0.1959,0.2261,-0.013,-0.1932,0.0071,0.0181,1.0282,-0.0269,1.5667,0.000244,-0.0,0.0
14.36,FLIGHT,0.9316,1.5168,0.1957,0.2257,0.1935,0.2226,-0.013,-0.1932,0.0071,0.0178,1.0281,-0.0273,1.5672,0.000244,-0.0,0.0
14.365,FLIGHT,0.9326,1.5179,0.1932,0.2222,0.191,0.2191,-0.013,-0.1931,0.0071,0.0175,1.0279,-0.0278,1.5677,0.000243,-0.0,0.0
14.37,FLIGHT,0.9335,1.519,0.1907,0.2188,0.1885,0.2157,-0.0129,-0.193,0.0071,0.0172,1.0278,-0.0282,1.5681,0.000243,-0.0001,0.0
14.375,FLIGHT,0.9345,1.5201,0.1882,0.2154,0.186,0.2123,-0.0129,-0.1929,0.007,0.017,1.0276,-0.0286,1.5686,0.000243,-0.0001,0.0
14.38,FLIGHT,0.9354,1.5211,0.1857,0.212,0.1834,0.209,-0.0129,-0.1928,0.007,0.0167,1.0273,-0.029,1.569,0.000243,-0.0001,0.0
14.385,FLIGHT,0.9363,1.5221,0.1832,0.2087,0.1809,0.2057,-0.0128,-0.1927,0.007,0.0165,1.0271,-0.0293,1.5695,0.000242,-0.0001,0.0
14.39,FLIGHT,0.9372,1.5232,0.1807,0.2054,0.1784,0.2024,-0.0128,-0.1927,0.0069,0.0162,1.0268,-0.0297,1.5699,0.000242,-0.0001,0.0
14.395,FLIGHT,0.9381,1.5242,0.1781,0.2021,0.1759,0.1992,-0.0127,-0.1926,0.0069,0.016,1.0266,-0.0301,1.5703,0.000242,-0.0001,0.0
14.4,FLIGHT,0.939,1.5252,0.1756,0.1989,0.1734,0.196,-0.0127,-0.1925,0.0068,0.0157,1.0263,-0.0305,1.5707,0.000241,-0.0001,0.0
14.405,FLIGHT,0.9398,1.5261,0.1732,0.1957,0.171,0.1929,-0.0127,-0.1924,0.0067,0.0155,1.026,-0.0308,1.5712,0.000241,-0.0001,0.0
14.41,FLIGHT,0.9407,1.5271,0.1707,0.1926,0.1685,0.1898,-0.0126,-0.1923,0.0067,0.0152,1.0256,-0.0312,1.5716,0.000241,-0.0001,0.0
14.415,FLIGHT,0.9415,1.528,0.1683,0.1895,0.1661,0.1868,-0.0126,-0.1923,0.0066,0.015,1.0253,-0.0315,1.572,0.00024,-0.0001,0.0
14.42,FLIGHT,0.9423,1.529,0.1658,0.1865,0.1637,0.1837,-0.0126,-0.1922,0.0066,0.0147,1.0249,-0.0319,1.5723,0.00024,-0.0001,0.0
14.425,FLIGHT,0.9431,1.5299,0.1635,0.1834,0.1613,0.1808,-0.0125,-0.1921,0.0065,0.0145,1.0245,-0.0322,1.5727,0.000239,-0.0001,0.0
14.43,FLIGHT,0.9439,1.5308,0.1611,0.1805,0.159,0.1778,-0.0125,-0.1921,0.0064,0.0143,1.0241,-0.0326,1.5731,0.000239,-0.0001,0.0
14.435,FLIGHT,0.9447,1.5316,0.1587,0.1776,0.1567,0.175,-0.0125,-0.192,0.0064,0.014,1.0236,-0.0329,1.5735,0.000239,-0.0001,0.0
14.44,FLIGHT,0.9455,1.5325,0.1564,0.1747,0.1544,0.1721,-0.0125,-0.1919,0.0063,0.0138,1.0232,-0.0332,1.5738,0.000238,-0.0001,0.0
14.445,FLIGHT,0.9463,1.5334,0.1541,0.1718,0.1521,0.1693,-0.0124,-0.1919,0.0063,0.0136,1.0227,-0.0336,1.5742,0.000238,-0.0001,0.0
14.45,FLIGHT,0.947,1.5342,0.1519,0.169,0.1499,0.1666,-0.0124,-0.1918,0.0062,0.0134,1.0222,-0.0339,1.5746,0.000238,-0.0001,0.0
14.455,FLIGHT,0.9478,1.535,0.1496,0.1663,0.1477,0.1638,-0.0124,-0.1917,0.0061,0.0132,1.0217,-0.0342,1.5749,0.000237,-0.0001,0.0
14.46,FLIGHT,0.9485,1.5358,0.1474,0.1636,0.1455,0.1612,-0.0123,-0.1917,0.0061,0.013,1.0212,-0.0345,1.5753,0.000237,-0.0001,0.0
14.465,FLIGHT,0.9492,1.5366,0.1453,0.1609,0.1433,0.1585,-0.0123,-0.1916,0.006,0.0128,1.0206,-0.0348,1.5756,0.000237,-0.0001,0.0
14.47,FLIGHT,0.9499,1.5374,0.1431,0.1583,0.1412,0.156,-0.0123,-0.1915,0.0059,0.0125,1.02,-0.0351,1.5759,0.000236,-0.0001,0.0
14.475,FLIGHT,0.9506,1.5382,0.141,0.1557,0.1391,0.1534,-0.0122,-0.1915,0.0059,0.0123,1.0194,-0.0354,1.5763,0.000236,-0.0001,0.0
14.48,FLIGHT,0.9513,1.539,0.1389,0.1532,0.137,0.1509,-0.0122,-0.1914,0.0058,0.0121,1.0188,-0.0357,1.5766,0.000236,-0.0001,0.0
14.485,FLIGHT,0.952,1.5397,0.1368,0.1507,0.135,0.1485,-0.0122,-0.1913,0.0057,0.012,1.0182,-0.036,1.5769,0.000235,-0.0001,0.0
14.49,FLIGHT,0.9527,1.5405,0.1348,0.1482,0.133,0.146,-0.0122,-0.1913,0.0057,0.0118,1.0176,-0.0363,1.5772,0.000235,-0.0001,0.0
14.495,FLIGHT,0.9533,1.5412,0.1328,0.1458,0.131,0.1437,-0.0121,-0.1912,0.0056,0.0116,1.0169,-0.0366,1.5775,0.000235,-0.0001,0.0
14.5,FLIGHT,0.954,1.5419,0.1308,0.1434,0.129,0.1413,-0.0121,-0.1912,0.0055,0.0114,1.0162,-0.0369,1.5778,0.000234,-0.0001,0.0
14.505,FLIGHT,0.9546,1.5426,0.1288,0.1411,0.1271,0.139,-0.0121,-0.1911,0.0055,0.0112,1.0156,-0.0372,1.5781,0.000234,-0.0001,0.0
14.51,FLIGHT,0.9553,1.5433,0.1269,0.1388,0.1252,0.1368,-0.012,-0.1911,0.0054,0.011,1.0148,-0.0374,1.5784,0.000234,-0.0001,0.0
14.515,FLIGHT,0.9559,1.544,0.125,0.1365,0.1233,0.1345,-0.012,-0.191,0.0054,0.0108,1.0141,-0.0377,1.5787,0.000233,-0.0001,0.0
14.52,FLIGHT,0.9565,1.5446,0.1231,0.1343,0.1214,0.1324,-0.012,-0.191,0.0053,0.0107,1.0134,-0.038,1.579,0.000233,-0.0001,0.0
14.525,FLIGHT,0.9571,1.5453,0.1212,0.1321,0.1196,0.1302,-0.012,-0.1909,0.0052,0.0105,1.0126,-0.0383,1.5793,0.000233,-0.0001,0.0
14.53,FLIGHT,0.9577,1.5459,0.1194,0.13,0.1177,0.1281,-0.0119,-0.1909,0.0052,0.0103,1.0118,-0.0385,1.5796,0.000233,-0.0001,0.0
14.535,FLIGHT,0.9583,1.5466,0.1176,0.1279,0.1159,0.126,-0.0119,-0.1908,0.0051,0.0102,1.011,-0.0388,1.5799,0.000232,-0.0001,0.0
14.54,FLIGHT,0.9589,1.5472,0.1158,0.1258,0.1142,0.124,-0.0119,-0.1908,0.005,0.01,1.0102,-0.0391,1.5801,0.000232,-0.0001,0.0
14.545,FLIGHT,0.9594,1.5478,0.114,0.1238,0.1124,0.122,-0.0119,-0.1907,0.005,0.0098,1.0094,-0.0393,1.5804,0.000232,-0.0001,0.0
14.55,FLIGHT,0.96,1.5484,0.1122,0.1218,0.1107,0.12,-0.0118,-0.1907,0.0049,0.0097,1.0086,-0.0396,1.5807,0.000231,-0.0001,0.0
14.555,FLIGHT,0.9605,1.549,0.1105,0.1198,0.109,0.1181,-0.0118,-0.1906,0.0048,0.0095,1.0077,-0.0398,1.5809,0.000231,-0.0001,0.0
14.56,FLIGHT,0.9611,1.5496,0.1088,0.1179,0.1073,0.1162,-0.0118,-0.1906,0.0047,0.0094,1.0068,-0.0401,1.5812,0.000231,-0.0001,0.0
14.565,FLIGHT,0.9616,1.5502,0.1071,0.116,0.1056,0.1143,-0.0118,-0.1905,0.0047,0.0092,1.0059,-0.0403,1.5815,0.000231,-0.0,0.0
14.57,FLIGHT,0.9621,1.5507,0.1054,0.1141,0.104,0.1125,-0.0117,-0.1905,0.0046,0.0091,1.005,-0.0406,1.5817,0.00023,-0.0,0.0
14.575,FLIGHT,0.9626,1.5513,0.1038,0.1123,0.1023,0.1107,-0.0117,-0.1904,0.0045,0.0089,1.0041,-0.0408,1.582,0.00023,-0.0,0.0
14.58,FLIGHT,0.9631,1.5518,0.1022,0.1105,0.1007,0.1089,-0.0117,-0.1904,0.0045,0.0088,1.0032,-0.0411,1.5822,0.00023,-0.0,0.0
14.585,FLIGHT,0.9636,1.5524,0.1006,0.1088,0.0991,0.1072,-0.0117,-0.1903,0.0044,0.0087,1.0022,-0.0413,1.5824,0.00023,-0.0,0.0
14.59,FLIGHT,0.9641,1.5529,0.099,0.107,0.0975,0.1055,-0.0117,-0.1903,0.0043,0.0085,1.0013,-0.0415,1.5827,0.000229,-0.0,0.0
14.595,FLIGHT,0.9646,1.5534,0.0974,0.1053,0.096,0.1038,-0.0116,-0.1903,0.0043,0.0084,1.0003,-0.0418,1.5829,0.000229,-0.0,0.0
14.6,STANCE,0.9664,1.5541,0.3245,0.1223,0.7939,-0.0395,-0.0114,-0.1902,0.0451,0.0074,0.9995,0.0538,-0.4683,-0.000522,-0.3,0.0605
14.605,STANCE,0.9723,1.5519,0.9361,-0.3147,1.4994,-0.89,-0.01,-0.1905,0.2212,-0.0374,0.9986,-0.4011,-0.8917,-0.002283,-0.3799,0.0783
14.61,STANCE,0.9802,1.5454,1.3594,-1.0231,1.053,-1.1793,-0.0076,-0.1911,0.4007,-0.0996,0.9977,-0.9286,-1.1173,-0.004034,-0.2097,0.046
14.615,STANCE,0.9824,1.543,0.6799,-0.5902,0.1365,-0.1324,-0.0068,-0.1913,0.2116,-0.0558,0.9977,-1.0038,-1.7218,-0.004408,0.0056,0.0044
14.62,STANCE,0.9834,1.5416,0.3793,-0.4027,0.3659,-0.5342,-0.0064,-0.1915,0.1283,-0.0372,0.998,-1.1798,-2.09,-0.004202,0.0637,0.0042
14.625,STANCE,0.9853,1.5351,0.3519,-1.1422,0.3726,-2.0659,-0.0052,-0.192,0.2263,-0.0991,0.998,-1.4213,-1.8624,-0.003631,0.1104,0.0036
14.63,STANCE,0.9887,1.5257,0.6008,-1.6549,0.7684,-2.263,-0.0032,-0.1929,0.3477,-0.1399,0.9981,-1.6934,-1.5088,-0.003799,-0.1959,0.043
14.635,STANCE,0.991,1.5117,0.5161,-2.413,0.6382,-2.3063,-0.0008,-0.194,0.4414,-0.1961,0.998,-1.7068,-0.868,-0.004274,-0.1054,0.0254
14.64,STANCE,0.9926,1.4983,0.3289,-2.6642,0.027,-3.0138,0.0014,-0.1951,0.4441,-0.2099,0.9979,-1.5085,-0.3326,-0.004361,0.0573,0.0044
14.645,STANCE,0.9934,1.485,0.1888,-2.6774,-0.1749,-2.9684,0.0035,-0.1961,0.4218,-0.2053,0.9979,-1.1753,0.1561,-0.004448,0.0372,0.0044
14.65,STANCE,0.9921,1.4703,-0.1369,-2.8593,-0.4664,-3.0389,0.0054,-0.1972,0.3868,-0.2152,0.9978,-0.6555,0.7072,-0.004808,-0.0626,0.0173
14.655,STANCE,0.9894,1.4554,-0.4126,-2.928,-0.5975,-2.912,0.007,-0.1984,0.3446,-0.2173,0.9976,-0.1235,1.1448,-0.005198,-0.0668,0.0186
14.66,STANCE,0.9865,1.4415,-0.5221,-2.8198,-0.5202,-2.6358,0.0084,-0.1994,0.3088,-0.2064,0.9976,0.2569,1.383,-0.00543,-0.0354,0.0125
14.665,STANCE,0.9846,1.4293,-0.4169,-2.5413,-0.2473,-2.2477,0.0098,-0.2003,0.2905,-0.1823,0.9978,0.3234,1.3703,-0.005613,-0.0395,0.0135
14.67,STANCE,0.984,1.4188,-0.1978,-2.2188,0.0054,-1.952,0.0113,-0.201,0.2883,-0.1546,0.9981,0.2372,1.2675,-0.005811,-0.0369,0.0132
14.675,STANCE,0.9845,1.4095,0.0098,-1.9645,0.1726,-1.7777,0.0127,-0.2016,0.2937,-0.1319,0.9985,0.1529,1.189,-0.005956,-0.0191,0.0098
14.68,STANCE,0.9856,1.4009,0.1607,-1.7978,0.2686,-1.6824,0.0143,-0.2022,0.3007,-0.116,0.999,0.0897,1.1438,-0.005987,0.0076,0.006
14.685,STANCE,0.9871,1.3926,0.2541,-1.6967,0.3157,-1.6267,0.0158,-0.2027,0.3057,-0.1051,0.9994,0.0487,1.124,-0.005875,0.0371,0.0059
14.69,STANCE,0.9887,1.3846,0.3037,-1.6329,0.3332,-1.5856,0.0173,-0.2032,0.3073,-0.0974,0.9999,0.0248,1.1186,-0.005618,0.0652,0.0056
14.695,STANCE,0.9904,1.3768,0.3249,-1.5858,0.335,-1.547,0.0188,-0.2036,0.3056,-0.0913,1.0003,0.0121,1.1193,-0.005229,0.0897,0.0052
14.7,FLIGHT,0.9919,1.3693,0.3105,-1.5168,0.1384,-1.2395,0.0203,-0.2041,0.2932,-0.0848,1.0008,-1.312,2.534,-0.004722,0.1212,0.0047
14.705,FLIGHT,0.9904,1.3663,-0.1632,-0.8282,-0.7395,-0.0133,0.0204,-0.2043,0.0922,-0.0529,1.0015,-1.1719,2.4166,-0.003951,0.1833,0.004
14.71,FLIGHT,0.985,1.3686,-0.8177,0.0905,-1.372,0.8679,0.019,-0.2042,-0.1807,-0.01,1.0025,-0.8973,2.1968,-0.002934,0.219,0.0029
14.715,FLIGHT,0.9771,1.3743,-1.3453,0.84,-1.7253,1.3931,0.0165,-0.204,-0.4007,0.0308,1.0036,-0.6276,1.9835,-0.001804,0.2295,0.0018
14.72,FLIGHT,0.9681,1.382,-1.6614,1.3222,-1.8511,1.6377,0.0135,-0.2037,-0.5357,0.0642,1.0048,-0.4135,1.8156,-0.00067,0.2218,0.0007
14.725,FLIGHT,0.9589,1.3904,-1.7832,1.5645,-1.8183,1.6935,0.0104,-0.2032,-0.594,0.0881,1.006,-0.2623,1.6984,0.000371,0.176,0.0
14.73,FLIGHT,0.9501,1.3988,-1.7598,1.6335,-1.6913,1.6374,0.0074,-0.2027,-0.5967,0.1025,1.0072,-0.1641,1.6237,0.001048,0.0993,0.0
14.735,FLIGHT,0.942,1.4067,-1.6477,1.5927,-1.5216,1.523,0.0046,-0.2022,-0.5653,0.1088,1.0083,-0.1033,1.5793,0.001407,0.0478,0.0
14.74,FLIGHT,0.9349,1.414,-1.4901,1.492,-1.338,1.3863,0.0021,-0.2017,-0.5164,0.109,1.0094,-0.0671,1.5546,0.001556,0.0144,0.0
14.745,FLIGHT,0.9287,1.4205,-1.3155,1.3657,-1.1575,1.2482,-0.0001,-0.2012,-0.4609,0.1053,1.0104,-0.0461,1.542,0.001572,-0.0063,0.0013
14.75,FLIGHT,0.9233,1.4265,-1.1413,1.2347,-0.9886,1.1193,-0.002,-0.2007,-0.4054,0.0994,1.0114,-0.0339,1.5363,0.001507,-0.0184,0.0037
14.755,FLIGHT,0.9187,1.4318,-0.9766,1.1104,-0.8351,1.004,-0.0037,-0.2003,-0.3533,0.0925,1.0123,-0.0267,1.5343,0.001397,-0.0247,0.0049
14.76,FLIGHT,0.9149,1.4365,-0.8259,0.9981,-0.6977,0.9036,-0.0051,-0.1999,-0.3062,0.0853,1.0131,-0.0222,1.5341,0.001267,-0.0272,0.0054
14.765,FLIGHT,0.9117,1.4408,-0.6905,0.8994,-0.576,0.8172,-0.0064,-0.1995,-0.2643,0.0784,1.014,-0.0191,1.5348,0.001129,-0.0273,0.0055
14.77,FLIGHT,0.9091,1.4447,-0.57,0.8141,-0.4686,0.7434,-0.0075,-0.1992,-0.2277,0.072,1.0148,-0.0169,1.5358,0.000996,-0.026,0.0052
14.775,FLIGHT,0.907,1.4483,-0.4635,0.7409,-0.374,0.6805,-0.0084,-0.1989,-0.1957,0.0661,1.0155,-0.0152,1.5369,0.000871,-0.0239,0.0048
14.78,FLIGHT,0.9054,1.4515,-0.3696,0.6785,-0.2909,0.6269,-0.0092,-0.1986,-0.1679,0.0608,1.0162,-0.0138,1.538,0.000757,-0.0213,0.0043
14.785,FLIGHT,0.9041,1.4546,-0.2871,0.6253,-0.2179,0.5813,-0.0098,-0.1983,-0.1438,0.0561,1.0169,-0.0127,1.5391,0.000658,-0.0185,0.0037
14.79,FLIGHT,0.9032,1.4574,-0.2146,0.5799,-0.1539,0.5423,-0.0104,-0.1981,-0.1229,0.052,1.0175,-0.0119,1.5401,0.000572,-0.0158,0.0032
14.795,FLIGHT,0.9026,1.46,-0.1511,0.5411,-0.0978,0.509,-0.0109,-0.1978,-0.1047,0.0483,1.0181,-0.0113,1.5411,0.0005,-0.0131,0.0026
14.8,FLIGHT,0.9022,1.4625,-0.0954,0.5079,-0.0488,0.4804,-0.0113,-0.1976,-0.089,0.0451,1.0187,-0.0109,1.5421,0.00044,-0.0107,0.0021
14.805,FLIGHT,0.9021,1.4648,-0.0467,0.4794,-0.0061,0.4558,-0.0116,-0.1974,-0.0753,0.0422,1.0192,-0.0107,1.5431,0.000392,-0.0086,0.0017
14.81,FLIGHT,0.9021,1.467,-0.0043,0.4549,0.0312,0.4345,-0.0119,-0.1972,-0.0635,0.0397,1.0198,-0.0107,1.5441,0.000354,-0.0068,0.0014
14.815,FLIGHT,0.9024,1.4691,0.0326,0.4338,0.0634,0.4162,-0.0122,-0.197,-0.0532,0.0376,1.0203,-0.0108,1.5451,0.000324,-0.0053,0.0011
14.82,FLIGHT,0.9027,1.4712,0.0647,0.4155,0.0914,0.4002,-0.0124,-0.1968,-0.0443,0.0357,1.0207,-0.011,1.546,0.0003,-0.0041,0.0008
14.825,FLIGHT,0.9033,1.4732,0.0924,0.3996,0.1154,0.3863,-0.0126,-0.1967,-0.0367,0.034,1.0212,-0.0114,1.547,0.000283,-0.0031,0.0006
14.83,FLIGHT,0.9039,1.4751,0.1162,0.3857,0.136,0.3741,-0.0127,-0.1965,-0.0301,0.0325,1.0216,-0.0118,1.5479,0.00027,-0.0023,0.0005
14.835,FLIGHT,0.9046,1.4769,0.1367,0.3735,0.1536,0.3633,-0.0128,-0.1964,-0.0243,0.0312,1.022,-0.0122,1.5488,0.00026,-0.0016,0.0003
14.84,FLIGHT,0.9054,1.4787,0.1541,0.3628,0.1684,0.3537,-0.0129,-0.1962,-0.0194,0.0301,1.0223,-0.0127,1.5498,0.000253,-0.0012,0.0002
14.845,FLIGHT,0.9063,1.4804,0.1688,0.3532,0.1809,0.3451,-0.013,-0.1961,-0.0152,0.0291,1.0227,-0.0133,1.5506,0.000248,-0.0008,0.0002
14.85,FLIGHT,0.9072,1.4821,0.1812,0.3446,0.1914,0.3373,-0.013,-0.1959,-0.0116,0.0282,1.023,-0.0139,1.5515,0.000245,-0.0005,0.0001
14.855,FLIGHT,0.9082,1.4838,0.1916,0.3369,0.2,0.3302,-0.013,-0.1958,-0.0086,0.0274,1.0233,-0.0145,1.5523,0.000243,-0.0003,0.0001
14.86,FLIGHT,0.9092,1.4854,0.2001,0.3298,0.207,0.3237,-0.0131,-0.1957,-0.0059,0.0267,1.0236,-0.0151,1.5532,0.000242,-0.0002,0.0
14.865,FLIGHT,0.9103,1.487,0.207,0.3233,0.2126,0.3177,-0.0131,-0.1955,-0.0037,0.026,1.0238,-0.0157,1.554,0.000241,-0.0001,0.0
14.87,FLIGHT,0.9113,1.4886,0.2126,0.3173,0.217,0.3121,-0.0131,-0.1954,-0.0018,0.0254,1.024,-0.0163,1.5547,0.000241,0.0,0.0
14.875,FLIGHT,0.9124,1.4902,0.2169,0.3117,0.2203,0.3068,-0.0131,-0.1953,-0.0002,0.0249,1.0242,-0.0169,1.5555,0.000241,0.0001,0.0
14.88,FLIGHT,0.9136,1.4917,0.2202,0.3064,0.2227,0.3017,-0.0131,-0.1952,0.0011,0.0244,1.0244,-0.0175,1.5562,0.000242,0.0001,0.0
14.885,FLIGHT,0.9147,1.4932,0.2225,0.3013,0.2243,0.2969,-0.0131,-0.1951,0.0023,0.0239,1.0246,-0.0181,1.5569,0.000242,0.0001,0.0
14.89,FLIGHT,0.9158,1.4947,0.2241,0.2965,0.2252,0.2923,-0.013,-0.1949,0.0032,0.0235,1.0247,-0.0187,1.5577,0.000243,0.0001,0.0
14.895,FLIGHT,0.9169,1.4961,0.225,0.2919,0.2255,0.2878,-0.013,-0.1948,0.004,0.0231,1.0248,-0.0193,1.5583,0.000243,0.0001,0.0
14.9,FLIGHT,0.918,1.4975,0.2253,0.2874,0.2253,0.2834,-0.013,-0.1947,0.0047,0.0227,1.0249,-0.0199,1.559,0.000244,0.0001,0.0
14.905,FLIGHT,0.9192,1.4989,0.225,0.283,0.2246,0.2791,-0.013,-0.1946,0.0052,0.0224,1.0249,-0.0205,1.5597,0.000244,0.0001,0.0
14.91,FLIGHT,0.9203,1.5003,0.2244,0.2787,0.2236,0.2749,-0.0129,-0.1945,0.0056,0.022,1.025,-0.021,1.5603,0.000245,0.0001,0.0
14.915,FLIGHT,0.9214,1.5017,0.2234,0.2745,0.2223,0.2708,-0.0129,-0.1944,0.006,0.0217,1.025,-0.0216,1.5609,0.000245,0.0001,0.0
14.92,FLIGHT,0.9225,1.503,0.222,0.2704,0.2207,0.2668,-0.0129,-0.1943,0.0063,0.0213,1.025,-0.0221,1.5615,0.000245,0.0001,0.0
14.925,FLIGHT,0.9236,1.5044,0.2204,0.2664,0.2189,0.2628,-0.0129,-0.1942,0.0065,0.021,1.025,-0.0226,1.5621,0.000246,0.0,0.0
14.93,FLIGHT,0.9247,1.5057,0.2186,0.2624,0.2169,0.2589,-0.0128,-0.1941,0.0067,0.0207,1.0249,-0.0231,1.5627,0.000246,0.0,0.0
14.935,FLIGHT,0.9258,1.5069,0.2166,0.2585,0.2147,0.255,-0.0128,-0.194,0.0068,0.0204,1.0249,-0.0236,1.5633,0.000246,0.0,0.0
14.94,FLIGHT,0.9269,1.5082,0.2144,0.2546,0.2124,0.2511,-0.0127,-0.1939,0.0069,0.0201,1.0248,-0.0241,1.5638,0.000246,-0.0,0.0
14.945,FLIGHT,0.9279,1.5095,0.2121,0.2508,0.2101,0.2473,-0.0127,-0.1938,0.0069,0.0198,1.0247,-0.0246,1.5644,0.000246,-0.0,0.0
14.95,FLIGHT,0.929,1.5107,0.2098,0.247,0.2076,0.2436,-0.0127,-0.1937,0.007,0.0195,1.0245,-0.0251,1.5649,0.000246,-0.0,0.0
14.955,FLIGHT,0.93,1.5119,0.2073,0.2432,0.2051,0.2398,-0.0126,-0.1936,0.007,0.0192,1.0244,-0.0255,1.5654,0.000246,-0.0,0.0
14.96,FLIGHT,0.931,1.5131,0.2048,0.2395,0.2025,0.2362,-0.0126,-0.1935,0.007,0.0189,1.0242,-0.026,1.566,0.000245,-0.0,0.0
14.965,FLIGHT,0.932,1.5143,0.2022,0.2358,0.1999,0.2325,-0.0126,-0.1934,0.007,0.0186,1.024,-0.0264,1.5665,0.000245,-0.0,0.0
14.97,FLIGHT,0.933,1.5154,0.1996,0.2321,0.1972,0.2289,-0.0125,-0.1933,0.007,0.0183,1.0238,-0.0268,1.567,0.000245,-0.0001,0.0
14.975,FLIGHT,0.934,1.5165,0.1969,0.2285,0.1946,0.2253,-0.0125,-0.1932,0.0069,0.018,1.0236,-0.0273,1.5674,0.000245,-0.0001,0.0
14.98,FLIGHT,0.9349,1.5177,0.1943,0.225,0.1919,0.2218,-0.0125,-0.1931,0.0069,0.0178,1.0233,-0.0277,1.5679,0.000244,-0.0001,0.0
14.985,FLIGHT,0.9359,1.5188,0.1916,0.2214,0.1892,0.2183,-0.0124,-0.193,0.0069,0.0175,1.023,-0.0281,1.5684,0.000244,-0.0001,0.0
14.99,FLIGHT,0.9368,1.5198,0.189,0.218,0.1866,0.2149,-0.0124,-0.193,0.0068,0.0172,1.0227,-0.0285,1.5688,0.000244,-0.0001,0.0
14.995,FLIGHT,0.9378,1.5209,0.1863,0.2145,0.184,0.2114,-0.0124,-0.1929,0.0067,0.017,1.0224,-0.0289,1.5693,0.000243,-0.0001,0.0
15.0,FLIGHT,0.9387,1.522,0.1837,0.2111,0.1813,0.2081,-0.0123,-0.1928,0.0067,0.0167,1.0221,-0.0293,1.5697,0.000243,-0.0001,0.0
15.005,FLIGHT,0.9396,1.523,0.1811,0.2077,0.1787,0.2048,-0.0123,-0.1927,0.0066,0.0164,1.0217,-0.0297,1.5702,0.000243,-0.0001,0.0
15.01,FLIGHT,0.9405,1.524,0.1785,0.2044,0.1761,0.2015,-0.0123,-0.1926,0.0066,0.0162,1.0214,-0.0301,1.5706,0.000242,-0.0001,0.0
15.015,FLIGHT,0.9413,1.525,0.1759,0.2012,0.1736,0.1982,-0.0122,-0.1925,0.0065,0.0159,1.021,-0.0304,1.571,0.000242,-0.0001,0.0
15.02,FLIGHT,0.9422,1.526,0.1733,0.1979,0.171,0.195,-0.0122,-0.1925,0.0064,0.0157,1.0205,-0.0308,1.5714,0.000242,-0.0001,0.0
15.025,FLIGHT,0.943,1.527,0.1708,0.1947,0.1685,0.1919,-0.0122,-0.1924,0.0064,0.0154,1.0201,-0.0312,1.5719,0.000241,-0.0001,0.0
15.03,FLIGHT,0.9439,1.5279,0.1683,0.1916,0.166,0.1888,-0.0121,-0.1923,0.0063,0.0152,1.0197,-0.0315,1.5723,0.000241,-0.0001,0.0
15.035,FLIGHT,0.9447,1.5288,0.1658,0.1885,0.1636,0.1857,-0.0121,-0.1922,0.0062,0.0149,1.0192,-0.0319,1.5726,0.00024,-0.0001,0.0
15.04,FLIGHT,0.9455,1.5298,0.1633,0.1854,0.1611,0.1827,-0.0121,-0.1922,0.0062,0.0147,1.0187,-0.0322,1.573,0.00024,-0.0001,0.0
15.045,FLIGHT,0.9463,1.5307,0.1609,0.1824,0.1587,0.1798,-0.012,-0.1921,0.0061,0.0145,1.0182,-0.0326,1.5734,0.00024,-0.0001,0.0
15.05,FLIGHT,0.9471,1.5316,0.1585,0.1795,0.1564,0.1768,-0.012,-0.192,0.006,0.0142,1.0176,-0.0329,1.5738,0.000239,-0.0001,0.0
15.055,FLIGHT,0.9479,1.5324,0.1561,0.1766,0.154,0.174,-0.012,-0.192,0.006,0.014,1.0171,-0.0332,1.5742,0.000239,-0.0001,0.0
15.06,FLIGHT,0.9486,1.5333,0.1538,0.1737,0.1517,0.1711,-0.012,-0.1919,0.0059,0.0138,1.0165,-0.0336,1.5745,0.000238,-0.0001,0.0
15.065,FLIGHT,0.9494,1.5342,0.1515,0.1709,0.1494,0.1683,-0.0119,-0.1918,0.0058,0.0136,1.0159,-0.0339,1.5749,0.000238,-0.0001,0.0
15.07,FLIGHT,0.9501,1.535,0.1492,0.1681,0.1472,0.1656,-0.0119,-0.1918,0.0058,0.0133,1.0153,-0.0342,1.5752,0.000238,-0.0001,0.0
15.075,FLIGHT,0.9509,1.5358,0.1469,0.1653,0.1449,0.1629,-0.0119,-0.1917,0.0057,0.0131,1.0147,-0.0345,1.5756,0.000237,-0.0001,0.0
15.08,FLIGHT,0.9516,1.5366,0.1447,0.1626,0.1427,0.1602,-0.0118,-0.1916,0.0056,0.0129,1.0141,-0.0349,1.5759,0.000237,-0.0001,0.0
15.085,FLIGHT,0.9523,1.5374,0.1425,0.16,0.1406,0.1576,-0.0118,-0.1916,0.0056,0.0127,1.0134,-0.0352,1.5763,0.000237,-0.0001,0.0
15.09,FLIGHT,0.953,1.5382,0.1404,0.1574,0.1384,0.1551,-0.0118,-0.1915,0.0055,0.0125,1.0128,-0.0355,1.5766,0.000236,-0.0001,0.0
15.095,FLIGHT,0.9537,1.539,0.1382,0.1548,0.1363,0.1525,-0.0118,-0.1914,0.0054,0.0123,1.0121,-0.0358,1.5769,0.000236,-0.0001,0.0
15.1,FLIGHT,0.9544,1.5397,0.1361,0.1523,0.1342,0.15,-0.0117,-0.1914,0.0054,0.0121,1.0114,-0.0361,1.5773,0.000236,-0.0001,0.0
15.105,FLIGHT,0.955,1.5405,0.134,0.1498,0.1322,0.1476,-0.0117,-0.1913,0.0053,0.0119,1.0106,-0.0364,1.5776,0.000235,-0.0001,0.0
15.11,FLIGHT,0.9557,1.5412,0.132,0.1474,0.1301,0.1452,-0.0117,-0.1913,0.0052,0.0117,1.0099,-0.0367,1.5779,0.000235,-0.0001,0.0
15.115,FLIGHT,0.9563,1.5419,0.1299,0.145,0.1281,0.1428,-0.0117,-0.1912,0.0052,0.0115,1.0091,-0.037,1.5782,0.000235,-0.0001,0.0
15.12,FLIGHT,0.957,1.5426,0.1279,0.1426,0.1262,0.1405,-0.0116,-0.1911,0.0051,0.0114,1.0084,-0.0373,1.5785,0.000234,-0.0001,0.0
15.125,FLIGHT,0.9576,1.5433,0.126,0.1403,0.1242,0.1382,-0.0116,-0.1911,0.005,0.0112,1.0076,-0.0375,1.5788,0.000234,-0.0001,0.0
15.13,FLIGHT,0.9582,1.544,0.124,0.138,0.1223,0.136,-0.0116,-0.191,0.0049,0.011,1.0068,-0.0378,1.5791,0.000234,-0.0001,0.0
15.135,FLIGHT,0.9588,1.5447,0.1221,0.1358,0.1204,0.1338,-0.0116,-0.191,0.0049,0.0108,1.0059,-0.0381,1.5794,0.000233,-0.0001,0.0
15.14,FLIGHT,0.9594,1.5453,0.1202,0.1336,0.1185,0.1316,-0.0115,-0.1909,0.0048,0.0107,1.0051,-0.0384,1.5797,0.000233,-0.0001,0.0
15.145,FLIGHT,0.96,1.546,0.1183,0.1314,0.1166,0.1295,-0.0115,-0.1909,0.0047,0.0105,1.0042,-0.0386,1.58,0.000233,-0.0001,0.0
15.15,FLIGHT,0.9606,1.5466,0.1164,0.1293,0.1148,0.1274,-0.0115,-0.1908,0.0047,0.0103,1.0034,-0.0389,1.5803,0.000232,-0.0001,0.0
15.155,FLIGHT,0.9611,1.5473,0.1146,0.1272,0.113,0.1253,-0.0115,-0.1908,0.0046,0.0102,1.0025,-0.0392,1.5805,0.000232,-0.0001,0.0
15.16,FLIGHT,0.9617,1.5479,0.1128,0.1251,0.1112,0.1233,-0.0114,-0.1907,0.0045,0.01,1.0016,-0.0394,1.5808,0.000232,-0.0001,0.0
15.165,FLIGHT,0.9623,1.5485,0.111,0.1231,0.1094,0.1213,-0.0114,-0.1907,0.0044,0.0098,1.0007,-0.0397,1.5811,0.000232,-0.0001,0.0
15.17,STANCE,0.9632,1.5495,0.183,0.1841,0.4475,0.225,-0.0114,-0.1906,0.0099,0.0145,0.9998,0.1445,-0.2425,-0.000123,-0.2209,0.0443
15.175,STANCE,0.9675,1.5487,0.6802,-0.0854,1.2192,-0.567,-0.0105,-0.1907,0.1413,-0.0148,0.999,-0.1913,-0.7335,-0.001624,-0.3464,0.0709
15.18,STANCE,0.9748,1.5434,1.2344,-0.8061,1.6192,-1.6131,-0.0083,-0.1913,0.3468,-0.081,0.9981,-0.7232,-0.9959,-0.003365,-0.325,0.0684
15.185,STANCE,0.9803,1.5379,1.0449,-0.9253,0.381,-0.4204,-0.0065,-0.1918,0.3284,-0.0866,0.9977,-1.0294,-1.3944,-0.004443,-0.0639,0.0172
15.19,STANCE,0.9814,1.5364,0.4874,-0.4941,0.2355,-0.3579,-0.0061,-0.1919,0.162,-0.0454,0.9979,-1.1303,-1.9176,-0.004421,0.0492,0.0044
15.195,STANCE,0.983,1.5324,0.3741,-0.7872,0.1604,-1.8404,-0.0052,-0.1923,0.1814,-0.069,0.998,-1.36,-1.9613,-0.003999,0.1723,0.004
15.2,STANCE,0.9856,1.5238,0.4983,-1.4099,0.7341,-1.9357,-0.0035,-0.193,0.2935,-0.1196,0.9981,-1.6183,-1.6467,-0.00392,-0.2418,0.0523
15.205,STANCE,0.9881,1.5115,0.5097,-2.1011,0.6684,-2.0541,-0.0013,-0.194,0.3955,-0.1719,0.998,-1.7207,-1.1047,-0.00464,-0.1429,0.0332
15.21,STANCE,0.9898,1.4987,0.3883,-2.4241,0.2419,-2.6395,0.0008,-0.1951,0.4208,-0.1922,0.9979,-1.6084,-0.5836,-0.004868,-0.004,0.0057
15.215,STANCE,0.9901,1.4847,0.1574,-2.6698,-0.0058,-2.7486,0.0029,-0.1961,0.4139,-0.2061,0.9978,-1.2907,-0.017,-0.004649,0.0654,0.0046
15.22,STANCE,0.9895,1.4708,-0.07,-2.7726,-0.4392,-3.0465,0.0048,-0.1972,0.3868,-0.2096,0.9977,-0.8432,0.5063,-0.004848,0.0047,0.0048
15.225,STANCE,0.9875,1.4566,-0.2813,-2.7991,-0.3687,-2.688,0.0064,-0.1983,0.3512,-0.2081,0.9977,-0.336,0.9562,-0.005562,-0.1368,0.0329
15.23,STANCE,0.9853,1.4433,-0.3901,-2.7035,-0.4516,-2.5975,0.0079,-0.1993,0.3176,-0.1979,0.9977,0.0938,1.253,-0.006037,-0.0647,0.019
15.235,STANCE,0.9834,1.431,-0.3702,-2.5207,-0.2731,-2.3029,0.0094,-0.2002,0.2963,-0.1813,0.9978,0.3002,1.3534,-0.006302,-0.0467,0.0156
15.24,STANCE,0.9827,1.4202,-0.2051,-2.2519,-0.0281,-2.0079,0.0108,-0.2009,0.2913,-0.1578,0.998,0.2433,1.2771,-0.006524,-0.0404,0.0146
15.245,STANCE,0.983,1.4107,-0.0119,-2.0063,0.148,-1.8164,0.0123,-0.2016,0.2952,-0.1358,0.9984,0.1652,1.2027,-0.006685,-0.0223,0.0112
15.25,STANCE,0.9841,1.4019,0.1414,-1.8308,0.2547,-1.7047,0.0138,-0.2021,0.3013,-0.1192,0.9988,0.1013,1.1544,-0.006732,0.0044,0.0067
15.255,STANCE,0.9855,1.3936,0.242,-1.7179,0.3104,-1.6383,0.0153,-0.2027,0.3061,-0.1074,0.9992,0.0574,1.1302,-0.006636,0.0344,0.0066
15.26,STANCE,0.9871,1.3855,0.2987,-1.6453,0.3338,-1.5919,0.0169,-0.2032,0.3079,-0.099,0.9997,0.0307,1.1213,-0.00639,0.0635,0.0064
15.265,STANCE,0.9888,1.3777,0.3251,-1.5931,0.3391,-1.5513,0.0184,-0.2036,0.3065,-0.0925,1.0001,0.0159,1.1201,-0.006007,0.0892,0.006
15.27,STANCE,0.9905,1.37,0.3334,-1.5489,0.3355,-1.5107,0.0199,-0.2041,0.3026,-0.0869,1.0005,0.0084,1.1215,-0.005505,0.1107,0.0055
15.275,FLIGHT,0.9922,1.3626,0.3321,-1.5066,0.3283,-1.4688,0.0214,-0.2045,0.2968,-0.0818,1.0009,-1.3766,2.5787,-0.004907,0.1277,0.0049
15.28,FLIGHT,0.9922,1.3575,0.0594,-1.1017,-0.4594,-0.3734,0.0221,-0.2048,0.1799,-0.0628,1.0015,-1.3335,2.5379,-0.004141,0.1856,0.0041
15.285,FLIGHT,0.9878,1.3584,-0.617,-0.1678,-1.2453,0.6923,0.0211,-0.2048,-0.1009,-0.0229,1.0023,-1.0725,2.3286,-0.003088,0.2311,0.0031
15.29,FLIGHT,0.9803,1.3638,-1.2494,0.7012,-1.7324,1.3719,0.0187,-0.2046,-0.3617,0.0193,1.0034,-0.7738,2.0924,-0.001878,0.2486,0.0019
15.295,FLIGHT,0.9709,1.3716,-1.6741,1.3068,-1.9514,1.7212,0.0157,-0.2043,-0.5382,0.0569,1.0045,-0.521,1.8941,-0.000639,0.2441,0.0006
15.3,FLIGHT,0.9611,1.3806,-1.8781,1.6414,-1.9722,1.8364,0.0123,-0.2039,-0.6272,0.0859,1.0057,-0.3357,1.7501,0.000498,0.189,0.0
15.305,FLIGHT,0.9514,1.3897,-1.9055,1.7664,-1.8698,1.8056,0.009,-0.2033,-0.6482,0.1051,1.0068,-0.212,1.6553,0.001221,0.1054,0.0
15.31,FLIGHT,0.9425,1.3985,-1.8183,1.7516,-1.7052,1.6945,0.0059,-0.2028,-0.6251,0.1151,1.0079,-0.134,1.5973,0.001599,0.0496,0.0
15.315,FLIGHT,0.9344,1.4066,-1.6674,1.6562,-1.5154,1.5486,0.0031,-0.2022,-0.5777,0.1177,1.009,-0.0867,1.564,0.00175,0.0136,0.0
15.32,FLIGHT,0.9273,1.414,-1.4882,1.5227,-1.3225,1.3951,0.0006,-0.2017,-0.5196,0.1152,1.01,-0.059,1.5463,0.001758,-0.0087,0.0017
15.325,FLIGHT,0.9212,1.4206,-1.303,1.378,-1.1389,1.2488,-0.0016,-0.2012,-0.4594,0.1097,1.011,-0.0428,1.5378,0.001679,-0.0216,0.0043
15.33,FLIGHT,0.9159,1.4265,-1.1247,1.2376,-0.9702,1.1164,-0.0035,-0.2007,-0.4017,0.1025,1.0119,-0.0332,1.5343,0.001552,-0.0283,0.0057
15.335,FLIGHT,0.9115,1.4318,-0.9595,1.1089,-0.8184,1.0001,-0.0052,-0.2003,-0.349,0.0948,1.0127,-0.0273,1.5334,0.001403,-0.0308,0.0062
15.34,FLIGHT,0.9077,1.4365,-0.8099,0.995,-0.6831,0.8997,-0.0066,-0.1998,-0.3019,0.0872,1.0135,-0.0234,1.5337,0.001248,-0.0308,0.0062
15.345,FLIGHT,0.9046,1.4408,-0.6762,0.896,-0.5635,0.8138,-0.0078,-0.1995,-0.2604,0.0799,1.0142,-0.0205,1.5346,0.001098,-0.0292,0.0058
15.35,FLIGHT,0.902,1.4447,-0.5577,0.8109,-0.4579,0.7405,-0.0089,-0.1991,-0.2242,0.0732,1.0149,-0.0183,1.5356,0.000958,-0.0268,0.0054
15.355,FLIGHT,0.9,1.4482,-0.453,0.7382,-0.365,0.6781,-0.0098,-0.1988,-0.1928,0.0671,1.0156,-0.0165,1.5367,0.000831,-0.0239,0.0048
15.36,FLIGHT,0.8984,1.4515,-0.3607,0.6762,-0.2832,0.625,-0.0105,-0.1985,-0.1654,0.0617,1.0162,-0.0151,1.5378,0.000719,-0.0209,0.0042
15.365,FLIGHT,0.8971,1.4545,-0.2795,0.6233,-0.2114,0.5796,-0.0112,-0.1982,-0.1416,0.0569,1.0168,-0.014,1.5388,0.000622,-0.0178,0.0036
15.37,FLIGHT,0.8963,1.4573,-0.2081,0.5782,-0.1483,0.5408,-0.0118,-0.198,-0.121,0.0526,1.0174,-0.0131,1.5398,0.00054,-0.0149,0.003
15.375,FLIGHT,0.8957,1.4599,-0.1455,0.5396,-0.093,0.5076,-0.0122,-0.1977,-0.1031,0.0488,1.0179,-0.0125,1.5408,0.000472,-0.0123,0.0025
15.38,FLIGHT,0.8953,1.4623,-0.0906,0.5065,-0.0446,0.4791,-0.0126,-0.1975,-0.0875,0.0455,1.0184,-0.012,1.5418,0.000417,-0.0099,0.002
15.385,FLIGHT,0.8952,1.4647,-0.0426,0.4781,-0.0024,0.4546,-0.013,-0.1973,-0.074,0.0426,1.0189,-0.0118,1.5428,0.000373,-0.0078,0.0016
15.39,FLIGHT,0.8953,1.4669,-0.0006,0.4537,0.0344,0.4334,-0.0133,-0.1971,-0.0623,0.04,1.0193,-0.0118,1.5437,0.000338,-0.0061,0.0012
15.395,FLIGHT,0.8955,1.469,0.0358,0.4327,0.0663,0.4151,-0.0135,-0.1969,-0.0522,0.0378,1.0197,-0.0119,1.5447,0.000312,-0.0047,0.0009
15.4,FLIGHT,0.8959,1.4711,0.0675,0.4144,0.0939,0.3992,-0.0137,-0.1968,-0.0434,0.0358,1.0201,-0.0121,1.5457,0.000291,-0.0036,0.0007
15.405,FLIGHT,0.8965,1.473,0.0949,0.3985,0.1176,0.3853,-0.0139,-0.1966,-0.0358,0.0341,1.0205,-0.0124,1.5466,0.000276,-0.0026,0.0005
15.41,FLIGHT,0.8971,1.4749,0.1185,0.3847,0.138,0.3731,-0.014,-0.1964,-0.0293,0.0326,1.0208,-0.0128,1.5475,0.000264,-0.0019,0.0004
15.415,FLIGHT,0.8978,1.4767,0.1387,0.3725,0.1554,0.3623,-0.0141,-0.1963,-0.0236,0.0313,1.0212,-0.0133,1.5485,0.000256,-0.0014,0.0003
15.42,FLIGHT,0.8987,1.4785,0.1559,0.3618,0.1701,0.3527,-0.0142,-0.1961,-0.0188,0.0301,1.0215,-0.0138,1.5494,0.00025,-0.0009,0.0002
15.425,FLIGHT,0.8995,1.4803,0.1705,0.3522,0.1824,0.3441,-0.0143,-0.196,-0.0146,0.0291,1.0217,-0.0143,1.5502,0.000247,-0.0006,0.0001
15.43,FLIGHT,0.9005,1.482,0.1827,0.3437,0.1928,0.3364,-0.0143,-0.1959,-0.011,0.0282,1.022,-0.0149,1.5511,0.000244,-0.0004,0.0001
15.435,FLIGHT,0.9015,1.4836,0.193,0.3359,0.2013,0.3293,-0.0143,-0.1957,-0.008,0.0273,1.0222,-0.0155,1.5519,0.000243,-0.0002,0.0
15.44,FLIGHT,0.9025,1.4853,0.2014,0.3289,0.2082,0.3228,-0.0144,-0.1956,-0.0054,0.0266,1.0224,-0.0161,1.5527,0.000242,-0.0001,0.0
15.445,FLIGHT,0.9035,1.4869,0.2082,0.3224,0.2137,0.3168,-0.0144,-0.1955,-0.0032,0.026,1.0226,-0.0167,1.5535,0.000242,0.0,0.0
15.45,FLIGHT,0.9046,1.4884,0.2137,0.3164,0.2181,0.3111,-0.0144,-0.1953,-0.0013,0.0254,1.0227,-0.0173,1.5543,0.000242,0.0001,0.0
15.455,FLIGHT,0.9057,1.49,0.218,0.3107,0.2213,0.3058,-0.0144,-0.1952,0.0003,0.0248,1.0228,-0.0179,1.5551,0.000243,0.0001,0.0
15.46,FLIGHT,0.9068,1.4915,0.2212,0.3054,0.2237,0.3008,-0.0144,-0.1951,0.0016,0.0243,1.023,-0.0185,1.5558,0.000243,0.0001,0.0
15.465,FLIGHT,0.908,1.493,0.2236,0.3004,0.2253,0.296,-0.0144,-0.195,0.0028,0.0238,1.023,-0.0191,1.5565,0.000244,0.0001,0.0
15.47,FLIGHT,0.9091,1.4945,0.2251,0.2956,0.2262,0.2913,-0.0143,-0.1949,0.0037,0.0234,1.0231,-0.0197,1.5572,0.000245,0.0001,0.0
15.475,FLIGHT,0.9102,1.4959,0.226,0.2909,0.2265,0.2869,-0.0143,-0.1947,0.0045,0.023,1.0231,-0.0203,1.5579,0.000245,0.0001,0.0
15.48,FLIGHT,0.9113,1.4973,0.2262,0.2865,0.2263,0.2825,-0.0143,-0.1946,0.0051,0.0226,1.0232,-0.0208,1.5586,0.000246,0.0001,0.0
15.485,FLIGHT,0.9125,1.4987,0.226,0.2821,0.2256,0.2782,-0.0142,-0.1945,0.0057,0.0222,1.0232,-0.0214,1.5592,0.000246,0.0001,0.0
15.49,FLIGHT,0.9136,1.5001,0.2254,0.2778,0.2246,0.2741,-0.0142,-0.1944,0.0061,0.0219,1.0231,-0.0219,1.5599,0.000247,0.0001,0.0
15.495,FLIGHT,0.9147,1.5015,0.2243,0.2737,0.2233,0.27,-0.0142,-0.1943,0.0064,0.0215,1.0231,-0.0225,1.5605,0.000247,0.0001,0.0
15.5,FLIGHT,0.9158,1.5028,0.223,0.2696,0.2217,0.266,-0.0142,-0.1942,0.0067,0.0212,1.023,-0.023,1.5611,0.000248,0.0001,0.0
15.505,FLIGHT,0.9169,1.5041,0.2214,0.2656,0.2199,0.262,-0.0141,-0.1941,0.0069,0.0209,1.0229,-0.0235,1.5617,0.000248,0.0,0.0
15.51,FLIGHT,0.918,1.5054,0.2196,0.2616,0.2179,0.2581,-0.0141,-0.194,0.0071,0.0205,1.0228,-0.024,1.5623,0.000248,0.0,0.0
15.515,FLIGHT,0.9191,1.5067,0.2176,0.2577,0.2157,0.2542,-0.014,-0.1939,0.0072,0.0202,1.0227,-0.0245,1.5629,0.000248,0.0,0.0
15.52,FLIGHT,0.9202,1.508,0.2154,0.2538,0.2134,0.2504,-0.014,-0.1938,0.0073,0.0199,1.0225,-0.025,1.5634,0.000248,-0.0,0.0
15.525,FLIGHT,0.9212,1.5092,0.2131,0.25,0.211,0.2466,-0.014,-0.1937,0.0074,0.0196,1.0224,-0.0255,1.564,0.000248,-0.0,0.0
15.53,FLIGHT,0.9223,1.5104,0.2107,0.2462,0.2086,0.2428,-0.0139,-0.1936,0.0074,0.0193,1.0222,-0.026,1.5645,0.000248,-0.0,0.0
15.535,FLIGHT,0.9233,1.5116,0.2083,0.2425,0.206,0.2391,-0.0139,-0.1935,0.0074,0.019,1.022,-0.0264,1.565,0.000248,-0.0,0.0
15.54,FLIGHT,0.9244,1.5128,0.2058,0.2388,0.2035,0.2355,-0.0139,-0.1934,0.0074,0.0188,1.0217,-0.0269,1.5655,0.000248,-0.0,0.0
15.545,FLIGHT,0.9254,1.514,0.2032,0.2351,0.2009,0.2318,-0.0138,-0.1933,0.0074,0.0185,1.0215,-0.0273,1.566,0.000247,-0.0,0.0
15.55,FLIGHT,0.9264,1.5151,0.2006,0.2315,0.1982,0.2283,-0.0138,-0.1932,0.0074,0.0182,1.0212,-0.0278,1.5665,0.000247,-0.0001,0.0
15.555,FLIGHT,0.9274,1.5163,0.1979,0.2279,0.1956,0.2247,-0.0137,-0.1931,0.0073,0.0179,1.0209,-0.0282,1.567,0.000247,-0.0001,0.0
15.56,FLIGHT,0.9283,1.5174,0.1953,0.2244,0.1929,0.2212,-0.0137,-0.1931,0.0073,0.0176,1.0206,-0.0286,1.5675,0.000247,-0.0001,0.0
15.565,FLIGHT,0.9293,1.5185,0.1926,0.2208,0.1903,0.2177,-0.0137,-0.193,0.0072,0.0174,1.0202,-0.029,1.568,0.000246,-0.0001,0.0
15.57,FLIGHT,0.9302,1.5196,0.19,0.2174,0.1876,0.2143,-0.0136,-0.1929,0.0072,0.0171,1.0199,-0.0294,1.5684,0.000246,-0.0001,0.0
15.575,FLIGHT,0.9312,1.5206,0.1873,0.214,0.185,0.2109,-0.0136,-0.1928,0.0071,0.0168,1.0195,-0.0298,1.5689,0.000246,-0.0001,0.0
15.58,FLIGHT,0.9321,1.5217,0.1847,0.2106,0.1823,0.2076,-0.0136,-0.1927,0.0071,0.0166,1.0191,-0.0302,1.5693,0.000245,-0.0001,0.0
15.585,FLIGHT,0.933,1.5227,0.1821,0.2072,0.1797,0.2043,-0.0135,-0.1926,0.007,0.0163,1.0187,-0.0306,1.5698,0.000245,-0.0001,0.0
15.59,FLIGHT,0.9339,1.5237,0.1795,0.2039,0.1771,0.201,-0.0135,-0.1926,0.0069,0.0161,1.0183,-0.031,1.5702,0.000245,-0.0001,0.0
15.595,FLIGHT,0.9348,1.5247,0.1769,0.2007,0.1746,0.1978,-0.0135,-0.1925,0.0069,0.0158,1.0178,-0.0313,1.5706,0.000244,-0.0001,0.0
15.6,FLIGHT,0.9356,1.5257,0.1743,0.1975,0.172,0.1946,-0.0134,-0.1924,0.0068,0.0156,1.0173,-0.0317,1.571,0.000244,-0.0001,0.0
15.605,FLIGHT,0.9365,1.5267,0.1718,0.1943,0.1695,0.1915,-0.0134,-0.1923,0.0067,0.0153,1.0169,-0.0321,1.5715,0.000243,-0.0001,0.0
15.61,FLIGHT,0.9373,1.5276,0.1693,0.1912,0.167,0.1884,-0.0134,-0.1923,0.0066,0.0151,1.0163,-0.0324,1.5719,0.000243,-0.0001,0.0
15.615,FLIGHT,0.9381,1.5286,0.1668,0.1881,0.1646,0.1854,-0.0133,-0.1922,0.0066,0.0148,1.0158,-0.0328,1.5723,0.000243,-0.0001,0.0
15.62,FLIGHT,0.939,1.5295,0.1643,0.1851,0.1621,0.1824,-0.0133,-0.1921,0.0065,0.0146,1.0153,-0.0331,1.5727,0.000242,-0.0001,0.0
15.625,FLIGHT,0.9398,1.5304,0.1619,0.1821,0.1597,0.1794,-0.0133,-0.192,0.0064,0.0144,1.0147,-0.0335,1.573,0.000242,-0.0001,0.0
15.63,FLIGHT,0.9406,1.5313,0.1595,0.1791,0.1573,0.1765,-0.0132,-0.192,0.0064,0.0142,1.0141,-0.0338,1.5734,0.000241,-0.0001,0.0
15.635,FLIGHT,0.9413,1.5321,0.1571,0.1762,0.155,0.1737,-0.0132,-0.1919,0.0063,0.0139,1.0135,-0.0342,1.5738,0.000241,-0.0001,0.0
15.64,FLIGHT,0.9421,1.533,0.1548,0.1734,0.1527,0.1708,-0.0132,-0.1918,0.0062,0.0137,1.0129,-0.0345,1.5742,0.000241,-0.0001,0.0
15.645,FLIGHT,0.9429,1.5338,0.1524,0.1706,0.1504,0.1681,-0.0131,-0.1918,0.0061,0.0135,1.0123,-0.0348,1.5745,0.00024,-0.0001,0.0
15.65,FLIGHT,0.9436,1.5347,0.1502,0.1678,0.1481,0.1654,-0.0131,-0.1917,0.0061,0.0133,1.0116,-0.0351,1.5749,0.00024,-0.0001,0.0
15.655,FLIGHT,0.9443,1.5355,0.1479,0.1651,0.1459,0.1627,-0.0131,-0.1916,0.006,0.0131,1.0109,-0.0355,1.5752,0.00024,-0.0001,0.0
15.66,FLIGHT,0.9451,1.5363,0.1457,0.1624,0.1437,0.16,-0.0131,-0.1916,0.0059,0.0129,1.0103,-0.0358,1.5756,0.000239,-0.0001,0.0
15.665,FLIGHT,0.9458,1.5371,0.1435,0.1598,0.1415,0.1574,-0.013,-0.1915,0.0059,0.0127,1.0096,-0.0361,1.5759,0.000239,-0.0001,0.0
15.67,FLIGHT,0.9465,1.5379,0.1413,0.1572,0.1394,0.1549,-0.013,-0.1914,0.0058,0.0124,1.0088,-0.0364,1.5762,0.000239,-0.0001,0.0
15.675,FLIGHT,0.9472,1.5387,0.1392,0.1546,0.1372,0.1524,-0.013,-0.1914,0.0057,0.0123,1.0081,-0.0367,1.5766,0.000238,-0.0001,0.0
15.68,FLIGHT,0.9479,1.5394,0.137,0.1521,0.1351,0.1499,-0.0129,-0.1913,0.0056,0.0121,1.0073,-0.037,1.5769,0.000238,-0.0001,0.0
15.685,FLIGHT,0.9485,1.5402,0.1349,0.1497,0.1331,0.1475,-0.0129,-0.1913,0.0056,0.0119,1.0066,-0.0373,1.5772,0.000238,-0.0001,0.0
15.69,FLIGHT,0.9492,1.5409,0.1329,0.1472,0.131,0.1451,-0.0129,-0.1912,0.0055,0.0117,1.0058,-0.0376,1.5775,0.000237,-0.0001,0.0
15.695,FLIGHT,0.9498,1.5416,0.1308,0.1449,0.129,0.1427,-0.0129,-0.1912,0.0054,0.0115,1.005,-0.0379,1.5779,0.000237,-0.0001,0.0
15.7,FLIGHT,0.9505,1.5423,0.1288,0.1425,0.127,0.1404,-0.0128,-0.1911,0.0053,0.0113,1.0041,-0.0382,1.5782,0.000237,-0.0001,0.0
15.705,FLIGHT,0.9511,1.543,0.1268,0.1402,0.1251,0.1382,-0.0128,-0.191,0.0053,0.0111,1.0033,-0.0385,1.5785,0.000236,-0.0001,0.0
15.71,FLIGHT,0.9517,1.5437,0.1249,0.1379,0.1231,0.1359,-0.0128,-0.191,0.0052,0.011,1.0025,-0.0388,1.5788,0.000236,-0.0001,0.0
15.715,FLIGHT,0.9523,1.5444,0.1229,0.1357,0.1212,0.1337,-0.0128,-0.1909,0.0051,0.0108,1.0016,-0.039,1.5791,0.000236,-0.0001,0.0
15.72,FLIGHT,0.9529,1.545,0.121,0.1335,0.1193,0.1316,-0.0127,-0.1909,0.005,0.0106,1.0007,-0.0393,1.5793,0.000235,-0.0001,0.0
15.725,STANCE,0.9542,1.5458,0.2345,0.1504,0.5869,0.0455,-0.0126,-0.1908,0.0244,0.0107,0.9999,0.1422,-0.3404,-0.000199,-0.2395,0.0481
15.73,STANCE,0.9591,1.5441,0.7829,-0.2371,1.3361,-0.785,-0.0114,-0.191,0.1818,-0.0303,0.9991,-0.2416,-0.7915,-0.001749,-0.3506,0.0719
15.735,STANCE,0.967,1.5377,1.3381,-0.9906,1.7572,-1.739,-0.0091,-0.1917,0.3924,-0.0994,0.9981,-0.7915,-1.0251,-0.003523,-0.3524,0.074
15.74,STANCE,0.9738,1.5306,1.2623,-1.2032,0.5302,-0.6422,-0.0068,-0.1924,0.4094,-0.1122,0.9976,-1.1606,-1.3465,-0.004833,-0.076,0.02
15.745,STANCE,0.9751,1.5286,0.5659,-0.6425,0.1908,-0.3901,-0.0062,-0.1925,0.198,-0.0586,0.9978,-1.1987,-1.8853,-0.004766,0.0671,0.0048
15.75,STANCE,0.9763,1.5245,0.3537,-0.8455,0.0841,-1.8435,-0.0054,-0.1929,0.1859,-0.0737,0.998,-1.3669,-1.9307,-0.00425,0.1904,0.0043
15.755,STANCE,0.9786,1.515,0.4606,-1.5697,0.5434,-2.3453,-0.0036,-0.1937,0.3092,-0.1324,0.9979,-1.5974,-1.5331,-0.004374,-0.1286,0.0301
15.76,STANCE,0.981,1.5029,0.4708,-2.1087,0.3427,-2.5148,-0.0015,-0.1947,0.3897,-0.1721,0.9979,-1.6668,-1.0258,-0.00475,-0.0177,0.0083
15.765,STANCE,0.9821,1.4896,0.3238,-2.4268,0.3984,-2.2758,0.0006,-0.1958,0.4091,-0.1921,0.9979,-1.5116,-0.4861,-0.004667,-0.0912,0.0229
15.77,STANCE,0.982,1.4756,0.061,-2.7264,-0.2833,-3.1078,0.0026,-0.1969,0.4034,-0.2104,0.9978,-1.1544,0.1113,-0.004842,-0.0752,0.0199
15.775,STANCE,0.9801,1.4601,-0.24,-2.9654,-0.2203,-2.7242,0.0045,-0.1981,0.3813,-0.2243,0.9976,-0.6614,0.6931,-0.005631,-0.2041,0.0465
15.78,STANCE,0.9781,1.446,-0.3682,-2.8672,-0.5304,-2.8353,0.0061,-0.1991,0.3438,-0.2131,0.9976,-0.1899,1.0784,-0.006311,-0.0819,0.0227
15.785,STANCE,0.9754,1.4323,-0.4819,-2.7715,-0.5004,-2.6134,0.0076,-0.2001,0.309,-0.203,0.9976,0.2173,1.3503,-0.006583,-0.0373,0.014
15.79,STANCE,0.9735,1.4201,-0.4,-2.5183,-0.2462,-2.2389,0.009,-0.201,0.2898,-0.1809,0.9978,0.3444,1.384,-0.006757,-0.0356,0.0139
15.795,STANCE,0.9729,1.4098,-0.1864,-2.1988,0.0202,-1.926,0.0104,-0.2017,0.2872,-0.1536,0.9981,0.2603,1.2821,-0.006936,-0.0336,0.0136
15.8,STANCE,0.9735,1.4007,0.0289,-1.9344,0.2006,-1.7374,0.0118,-0.2024,0.2929,-0.1303,0.9985,0.1727,1.1991,-0.007066,-0.0161,0.0103
15.805,STANCE,0.9748,1.3923,0.1898,-1.7573,0.3059,-1.634,0.0134,-0.2029,0.3004,-0.1136,0.999,0.1051,1.1493,-0.007081,0.011,0.0071
15.81,STANCE,0.9765,1.3842,0.2911,-1.6495,0.3585,-1.5755,0.0149,-0.2034,0.3061,-0.1023,0.9995,0.0604,1.1262,-0.00695,0.0415,0.0069
15.815,STANCE,0.9783,1.3765,0.3458,-1.583,0.3787,-1.5347,0.0164,-0.2039,0.3084,-0.0944,0.9999,0.0338,1.119,-0.006668,0.0708,0.0067
15.82,STANCE,0.9802,1.3689,0.3696,-1.5357,0.3812,-1.4976,0.018,-0.2043,0.3072,-0.0882,1.0004,0.0196,1.1191,-0.006248,0.0966,0.0062
15.825,STANCE,0.9821,1.3615,0.3755,-1.4949,0.3756,-1.4592,0.0195,-0.2047,0.3032,-0.0829,1.0008,0.0125,1.1212,-0.00571,0.1178,0.0057
15.83,STANCE,0.984,1.3543,0.3721,-1.455,0.3668,-1.4189,0.0209,-0.2051,0.2974,-0.078,1.0013,0.0092,1.1232,-0.005078,0.1345,0.0051
15.835,FLIGHT,0.9849,1.3486,0.198,-1.1904,-0.2557,-0.5584,0.022,-0.2054,0.222,-0.0647,1.0018,-1.4084,2.5892,-0.004316,0.1834,0.0043
15.84,FLIGHT,0.9813,1.3488,-0.4665,-0.2855,-1.1239,0.5988,0.0212,-0.2055,-0.0524,-0.0266,1.0027,-1.1661,2.3947,-0.003257,0.2356,0.0033
15.845,FLIGHT,0.9741,1.3539,-1.1505,0.6341,-1.6894,1.3621,0.019,-0.2053,-0.3322,0.0165,1.0037,-0.8556,2.1499,-0.00201,0.2583,0.002
15.85,FLIGHT,0.9649,1.3618,-1.6371,1.3033,-1.9664,1.7707,0.0159,-0.205,-0.5316,0.0561,1.0049,-0.5824,1.9362,-0.000715,0.2568,0.0007
15.855,FLIGHT,0.9549,1.3711,-1.8915,1.6887,-2.0231,1.9208,0.0124,-0.2046,-0.6387,0.0878,1.0061,-0.3781,1.7775,0.000487,0.2,0.0
15.86,FLIGHT,0.9449,1.3808,-1.9521,1.8458,-1.939,1.9059,0.009,-0.204,-0.671,0.1095,1.0072,-0.2398,1.6715,0.001253,0.112,0.0
15.865,FLIGHT,0.9356,1.39,-1.8833,1.8469,-1.7812,1.798,0.0057,-0.2034,-0.6536,0.1214,1.0084,-0.1517,1.6058,0.001656,0.0532,0.0
15.87,FLIGHT,0.9272,1.3987,-1.7399,1.7556,-1.591,1.6478,0.0027,-0.2028,-0.6079,0.1252,1.0095,-0.0981,1.5677,0.001819,0.0151,0.0
15.875,FLIGHT,0.9197,1.4065,-1.5613,1.619,-1.3939,1.4864,0.0001,-0.2023,-0.549,0.1233,1.0105,-0.0664,1.5471,0.001831,-0.0085,0.0017
15.88,FLIGHT,0.9132,1.4135,-1.3727,1.4674,-1.2043,1.3309,-0.0022,-0.2017,-0.4868,0.1178,1.0115,-0.048,1.537,0.001751,-0.0222,0.0044
15.885,FLIGHT,0.9076,1.4198,-1.1889,1.3184,-1.0291,1.1893,-0.0042,-0.2012,-0.4265,0.1104,1.0124,-0.0371,1.5327,0.00162,-0.0293,0.0059
15.89,FLIGHT,0.9029,1.4255,-1.0175,1.181,-0.8708,1.0645,-0.006,-0.2007,-0.371,0.1022,1.0133,-0.0304,1.5314,0.001465,-0.0321,0.0064
15.895,FLIGHT,0.8989,1.4305,-0.8617,1.0587,-0.7295,0.9564,-0.0075,-0.2003,-0.3214,0.094,1.0141,-0.0259,1.5316,0.001304,-0.0321,0.0064
15.9,FLIGHT,0.8956,1.4351,-0.7222,0.9523,-0.6043,0.8638,-0.0088,-0.1999,-0.2775,0.0861,1.0148,-0.0227,1.5324,0.001147,-0.0305,0.0061
15.905,FLIGHT,0.8928,1.4392,-0.5982,0.8606,-0.4938,0.7847,-0.0099,-0.1995,-0.2392,0.0788,1.0156,-0.0202,1.5334,0.001,-0.028,0.0056
15.91,FLIGHT,0.8906,1.4429,-0.4885,0.7822,-0.3963,0.7174,-0.0109,-0.1992,-0.2058,0.0722,1.0162,-0.0182,1.5345,0.000868,-0.0251,0.005
15.915,FLIGHT,0.8888,1.4464,-0.3917,0.7152,-0.3104,0.6599,-0.0117,-0.1988,-0.1768,0.0663,1.0169,-0.0165,1.5355,0.00075,-0.0219,0.0044
15.92,FLIGHT,0.8875,1.4495,-0.3064,0.6581,-0.2348,0.6109,-0.0124,-0.1985,-0.1516,0.061,1.0175,-0.0151,1.5365,0.000648,-0.0188,0.0038
15.925,FLIGHT,0.8865,1.4525,-0.2314,0.6093,-0.1684,0.5689,-0.013,-0.1983,-0.1297,0.0563,1.018,-0.0141,1.5375,0.000562,-0.0158,0.0032
15.93,FLIGHT,0.8858,1.4552,-0.1654,0.5675,-0.1101,0.5329,-0.0136,-0.198,-0.1107,0.0521,1.0186,-0.0133,1.5385,0.00049,-0.013,0.0026
15.935,FLIGHT,0.8854,1.4578,-0.1075,0.5317,-0.059,0.5021,-0.014,-0.1978,-0.0941,0.0485,1.0191,-0.0127,1.5395,0.000432,-0.0105,0.0021
15.94,FLIGHT,0.8852,1.4603,-0.0568,0.501,-0.0143,0.4755,-0.0144,-0.1976,-0.0797,0.0452,1.0195,-0.0124,1.5405,0.000385,-0.0083,0.0017
15.945,FLIGHT,0.8852,1.4626,-0.0124,0.4745,0.0247,0.4526,-0.0147,-0.1974,-0.0673,0.0424,1.02,-0.0122,1.5415,0.000348,-0.0065,0.0013
15.95,FLIGHT,0.8854,1.4648,0.0263,0.4517,0.0586,0.4327,-0.0149,-0.1972,-0.0564,0.0399,1.0204,-0.0122,1.5424,0.000319,-0.005,0.001
15.955,FLIGHT,0.8858,1.4669,0.06,0.4319,0.088,0.4154,-0.0151,-0.197,-0.047,0.0377,1.0208,-0.0123,1.5434,0.000297,-0.0038,0.0008
15.96,FLIGHT,0.8863,1.469,0.0891,0.4147,0.1134,0.4004,-0.0153,-0.1968,-0.0389,0.0358,1.0212,-0.0126,1.5444,0.000281,-0.0028,0.0006
15.965,FLIGHT,0.8869,1.4709,0.1143,0.3997,0.1352,0.3872,-0.0155,-0.1967,-0.0319,0.0342,1.0215,-0.0129,1.5453,0.000269,-0.0021,0.0004
15.97,FLIGHT,0.8876,1.4728,0.1359,0.3866,0.1538,0.3755,-0.0156,-0.1965,-0.0258,0.0327,1.0218,-0.0133,1.5463,0.00026,-0.0015,0.0003
15.975,FLIGHT,0.8884,1.4747,0.1544,0.375,0.1697,0.3652,-0.0157,-0.1963,-0.0206,0.0314,1.0221,-0.0138,1.5472,0.000254,-0.001,0.0002
15.98,FLIGHT,0.8893,1.4765,0.1701,0.3647,0.1831,0.3559,-0.0158,-0.1962,-0.0161,0.0303,1.0224,-0.0143,1.5481,0.000249,-0.0007,0.0001
15.985,FLIGHT,0.8903,1.4782,0.1834,0.3554,0.1943,0.3476,-0.0158,-0.196,-0.0123,0.0292,1.0226,-0.0149,1.549,0.000247,-0.0004,0.0001
15.99,FLIGHT,0.8913,1.48,0.1945,0.3471,0.2036,0.3401,-0.0158,-0.1959,-0.009,0.0283,1.0228,-0.0154,1.5498,0.000245,-0.0002,0.0
15.995,FLIGHT,0.8923,1.4816,0.2038,0.3396,0.2112,0.3331,-0.0159,-0.1958,-0.0061,0.0275,1.023,-0.016,1.5507,0.000245,-0.0001,0.0
16.0,FLIGHT,0.8934,1.4833,0.2113,0.3327,0.2174,0.3267,-0.0159,-0.1956,-0.0037,0.0268,1.0232,-0.0166,1.5515,0.000244,0.0,0.0
16.005,FLIGHT,0.8945,1.4849,0.2174,0.3263,0.2222,0.3208,-0.0159,-0.1955,-0.0017,0.0262,1.0234,-0.0172,1.5523,0.000245,0.0001,0.0
16.01,FLIGHT,0.8956,1.4865,0.2222,0.3203,0.226,0.3152,-0.0159,-0.1954,0.0001,0.0256,1.0235,-0.0178,1.5531,0.000245,0.0001,0.0
16.015,FLIGHT,0.8967,1.4881,0.2259,0.3147,0.2288,0.3099,-0.0159,-0.1953,0.0015,0.025,1.0236,-0.0184,1.5538,0.000246,0.0001,0.0
16.02,FLIGHT,0.8979,1.4896,0.2286,0.3094,0.2307,0.3048,-0.0159,-0.1951,0.0027,0.0245,1.0237,-0.019,1.5546,0.000247,0.0001,0.0
16.025,FLIGHT,0.899,1.4911,0.2305,0.3044,0.2319,0.3,-0.0158,-0.195,0.0038,0.024,1.0237,-0.0196,1.5553,0.000247,0.0001,0.0
16.03,FLIGHT,0.9002,1.4926,0.2317,0.2995,0.2324,0.2953,-0.0158,-0.1949,0.0046,0.0236,1.0238,-0.0202,1.556,0.000248,0.0001,0.0
16.035,FLIGHT,0.9014,1.4941,0.2322,0.2949,0.2324,0.2907,-0.0158,-0.1948,0.0054,0.0232,1.0238,-0.0208,1.5567,0.000249,0.0001,0.0
16.04,FLIGHT,0.9025,1.4955,0.2322,0.2903,0.232,0.2863,-0.0157,-0.1947,0.006,0.0228,1.0238,-0.0214,1.5574,0.000249,0.0001,0.0
16.045,FLIGHT,0.9037,1.4969,0.2317,0.2859,0.2311,0.282,-0.0157,-0.1946,0.0064,0.0224,1.0238,-0.0219,1.558,0.00025,0.0001,0.0
16.05,FLIGHT,0.9048,1.4983,0.2308,0.2816,0.2299,0.2778,-0.0157,-0.1944,0.0068,0.0221,1.0237,-0.0225,1.5587,0.00025,0.0001,0.0
16.055,FLIGHT,0.906,1.4997,0.2296,0.2774,0.2284,0.2736,-0.0156,-0.1943,0.0071,0.0217,1.0237,-0.023,1.5593,0.000251,0.0001,0.0
16.06,FLIGHT,0.9071,1.5011,0.2281,0.2732,0.2267,0.2695,-0.0156,-0.1942,0.0074,0.0214,1.0236,-0.0235,1.5599,0.000251,0.0,0.0
16.065,FLIGHT,0.9083,1.5024,0.2264,0.2691,0.2247,0.2655,-0.0156,-0.1941,0.0076,0.021,1.0235,-0.024,1.5605,0.000251,0.0,0.0
16.07,FLIGHT,0.9094,1.5037,0.2244,0.2651,0.2226,0.2615,-0.0155,-0.194,0.0077,0.0207,1.0233,-0.0245,1.5611,0.000251,0.0,0.0
16.075,FLIGHT,0.9105,1.505,0.2223,0.2611,0.2204,0.2576,-0.0155,-0.1939,0.0078,0.0204,1.0232,-0.025,1.5617,0.000251,0.0,0.0
16.08,FLIGHT,0.9116,1.5063,0.2201,0.2572,0.218,0.2537,-0.0154,-0.1938,0.0079,0.0201,1.023,-0.0255,1.5622,0.000251,-0.0,0.0
16.085,FLIGHT,0.9127,1.5076,0.2177,0.2533,0.2155,0.2499,-0.0154,-0.1937,0.008,0.0198,1.0228,-0.026,1.5628,0.000251,-0.0,0.0
16.09,FLIGHT,0.9137,1.5088,0.2152,0.2495,0.213,0.2461,-0.0154,-0.1936,0.008,0.0195,1.0226,-0.0265,1.5633,0.000251,-0.0,0.0
16.095,FLIGHT,0.9148,1.51,0.2127,0.2457,0.2104,0.2423,-0.0153,-0.1935,0.008,0.0192,1.0224,-0.0269,1.5639,0.000251,-0.0,0.0
16.1,FLIGHT,0.9158,1.5112,0.2101,0.2419,0.2078,0.2386,-0.0153,-0.1934,0.008,0.0189,1.0221,-0.0274,1.5644,0.000251,-0.0,0.0
16.105,FLIGHT,0.9169,1.5124,0.2075,0.2382,0.2051,0.2349,-0.0152,-0.1934,0.008,0.0186,1.0218,-0.0278,1.5649,0.00025,-0.0001,0.0
16.11,FLIGHT,0.9179,1.5136,0.2048,0.2345,0.2025,0.2313,-0.0152,-0.1933,0.0079,0.0183,1.0215,-0.0283,1.5654,0.00025,-0.0001,0.0
16.115,FLIGHT,0.9189,1.5147,0.2022,0.2309,0.1998,0.2277,-0.0152,-0.1932,0.0079,0.0181,1.0212,-0.0287,1.5659,0.00025,-0.0001,0.0
16.12,FLIGHT,0.9199,1.5158,0.1995,0.2273,0.1971,0.2241,-0.0151,-0.1931,0.0078,0.0178,1.0209,-0.0291,1.5664,0.000249,-0.0001,0.0
16.125,FLIGHT,0.9209,1.517,0.1968,0.2238,0.1944,0.2206,-0.0151,-0.193,0.0078,0.0175,1.0205,-0.0295,1.5669,0.000249,-0.0001,0.0
16.13,FLIGHT,0.9218,1.518,0.1941,0.2202,0.1917,0.2171,-0.0151,-0.1929,0.0077,0.0172,1.0201,-0.0299,1.5673,0.000249,-0.0001,0.0
16.135,FLIGHT,0.9228,1.5191,0.1914,0.2168,0.189,0.2137,-0.015,-0.1928,0.0077,0.017,1.0197,-0.0303,1.5678,0.000248,-0.0001,0.0
16.14,FLIGHT,0.9237,1.5202,0.1887,0.2134,0.1864,0.2103,-0.015,-0.1927,0.0076,0.0167,1.0193,-0.0307,1.5683,0.000248,-0.0001,0.0
16.145,FLIGHT,0.9246,1.5212,0.1861,0.21,0.1837,0.207,-0.0149,-0.1927,0.0075,0.0165,1.0189,-0.0311,1.5687,0.000248,-0.0001,0.0
16.15,FLIGHT,0.9256,1.5223,0.1835,0.2066,0.1811,0.2037,-0.0149,-0.1926,0.0075,0.0162,1.0184,-0.0315,1.5691,0.000247,-0.0001,0.0
16.155,FLIGHT,0.9265,1.5233,0.1808,0.2033,0.1785,0.2004,-0.0149,-0.1925,0.0074,0.0159,1.018,-0.0319,1.5696,0.000247,-0.0001,0.0
16.16,FLIGHT,0.9273,1.5243,0.1782,0.2001,0.1759,0.1972,-0.0148,-0.1924,0.0073,0.0157,1.0175,-0.0322,1.57,0.000247,-0.0001,0.0
16.165,FLIGHT,0.9282,1.5252,0.1757,0.1969,0.1734,0.194,-0.0148,-0.1923,0.0072,0.0154,1.017,-0.0326,1.5704,0.000246,-0.0001,0.0
16.17,FLIGHT,0.9291,1.5262,0.1731,0.1937,0.1709,0.1909,-0.0148,-0.1923,0.0072,0.0152,1.0164,-0.033,1.5708,0.000246,-0.0001,0.0
16.175,FLIGHT,0.9299,1.5271,0.1706,0.1906,0.1684,0.1879,-0.0147,-0.1922,0.0071,0.015,1.0159,-0.0333,1.5712,0.000245,-0.0001,0.0
16.18,FLIGHT,0.9308,1.5281,0.1682,0.1876,0.1659,0.1848,-0.0147,-0.1921,0.007,0.0147,1.0153,-0.0337,1.5716,0.000245,-0.0001,0.0
16.185,FLIGHT,0.9316,1.529,0.1657,0.1845,0.1635,0.1819,-0.0147,-0.1921,0.0069,0.0145,1.0147,-0.034,1.572,0.000245,-0.0001,0.0
16.19,FLIGHT,0.9324,1.5299,0.1633,0.1816,0.1611,0.1789,-0.0146,-0.192,0.0069,0.0143,1.0141,-0.0344,1.5724,0.000244,-0.0001,0.0
16.195,FLIGHT,0.9332,1.5308,0.1609,0.1786,0.1587,0.176,-0.0146,-0.1919,0.0068,0.014,1.0135,-0.0347,1.5728,0.000244,-0.0001,0.0
16.2,FLIGHT,0.934,1.5317,0.1585,0.1758,0.1564,0.1732,-0.0145,-0.1918,0.0067,0.0138,1.0129,-0.0351,1.5732,0.000243,-0.0001,0.0
16.205,FLIGHT,0.9348,1.5325,0.1562,0.1729,0.1541,0.1704,-0.0145,-0.1918,0.0066,0.0136,1.0122,-0.0354,1.5735,0.000243,-0.0001,0.0
16.21,FLIGHT,0.9355,1.5334,0.1539,0.1701,0.1518,0.1676,-0.0145,-0.1917,0.0066,0.0134,1.0116,-0.0357,1.5739,0.000243,-0.0001,0.0
16.215,FLIGHT,0.9363,1.5342,0.1516,0.1674,0.1495,0.1649,-0.0145,-0.1916,0.0065,0.0132,1.0109,-0.036,1.5743,0.000242,-0.0001,0.0
16.22,FLIGHT,0.937,1.535,0.1493,0.1647,0.1473,0.1623,-0.0144,-0.1916,0.0064,0.013,1.0102,-0.0364,1.5746,0.000242,-0.0001,0.0
16.225,FLIGHT,0.9377,1.5358,0.1471,0.162,0.1451,0.1596,-0.0144,-0.1915,0.0063,0.0128,1.0094,-0.0367,1.575,0.000242,-0.0001,0.0
16.23,FLIGHT,0.9385,1.5366,0.1449,0.1594,0.1429,0.1571,-0.0144,-0.1915,0.0063,0.0126,1.0087,-0.037,1.5753,0.000241,-0.0001,0.0
16.235,FLIGHT,0.9392,1.5374,0.1427,0.1568,0.1408,0.1545,-0.0143,-0.1914,0.0062,0.0124,1.0079,-0.0373,1.5756,0.000241,-0.0001,0.0
16.24,FLIGHT,0.9399,1.5382,0.1406,0.1543,0.1387,0.152,-0.0143,-0.1913,0.0061,0.0122,1.0072,-0.0376,1.576,0.000241,-0.0001,0.0
16.245,FLIGHT,0.9406,1.5389,0.1385,0.1518,0.1366,0.1496,-0.0143,-0.1913,0.006,0.012,1.0064,-0.0379,1.5763,0.00024,-0.0001,0.0
16.25,FLIGHT,0.9412,1.5396,0.1364,0.1493,0.1345,0.1472,-0.0142,-0.1912,0.006,0.0118,1.0056,-0.0382,1.5766,0.00024,-0.0001,0.0
16.255,FLIGHT,0.9419,1.5404,0.1343,0.1469,0.1325,0.1448,-0.0142,-0.1912,0.0059,0.0116,1.0048,-0.0385,1.5769,0.00024,-0.0001,0.0
16.26,FLIGHT,0.9426,1.5411,0.1323,0.1446,0.1305,0.1425,-0.0142,-0.1911,0.0058,0.0114,1.0039,-0.0388,1.5773,0.000239,-0.0001,0.0
16.265,FLIGHT,0.9432,1.5418,0.1303,0.1422,0.1285,0.1402,-0.0141,-0.191,0.0057,0.0112,1.0031,-0.0391,1.5776,0.000239,-0.0001,0.0
16.27,FLIGHT,0.9438,1.5425,0.1283,0.14,0.1265,0.1379,-0.0141,-0.191,0.0056,0.011,1.0022,-0.0394,1.5779,0.000239,-0.0001,0.0
16.275,FLIGHT,0.9445,1.5432,0.1263,0.1377,0.1245,0.1357,-0.0141,-0.1909,0.0056,0.0109,1.0013,-0.0396,1.5782,0.000238,-0.0001,0.0
16.28,STANCE,0.9451,1.5439,0.1244,0.1355,0.1389,0.1552,-0.0141,-0.1909,0.0055,0.0107,1.0004,0.2055,0.0132,0.000238,-0.0201,0.004
16.285,STANCE,0.9476,1.5441,0.4212,0.0428,0.8884,-0.3108,-0.0136,-0.1909,0.0746,-0.0018,0.9996,0.0547,-0.5436,-0.00104,-0.458,0.0926
16.29,STANCE,0.9525,1.5386,0.7963,-0.8287,0.942,-1.9922,-0.012,-0.1915,0.265,-0.0842,0.9983,-0.3154,-0.79,-0.003187,-0.3261,0.0684
16.295,STANCE,0.958,1.5297,0.9674,-1.4037,0.5205,-0.8772,-0.0097,-0.1923,0.3785,-0.1332,0.9973,-0.7298,-1.0539,-0.005628,-0.3669,0.079
16.3,STANCE,0.9586,1.5285,0.381,-0.579,0.0117,-0.0239,-0.0094,-0.1924,0.1528,-0.0545,0.9975,-0.8051,-1.8131,-0.006795,-0.1421,0.0352
16.305,STANCE,0.9595,1.5272,0.2602,-0.4033,0.3807,-0.6069,-0.009,-0.1925,0.1055,-0.0377,0.9979,-1.0231,-2.1542,-0.007276,-0.0611,0.0195
16.31,STANCE,0.9611,1.5191,0.2776,-1.3666,0.3268,-2.3067,-0.0076,-0.1933,0.2426,-0.1201,0.9978,-1.2628,-1.7931,-0.007137,0.0863,0.0071
16.315,STANCE,0.9638,1.5084,0.4591,-1.9271,0.3334,-2.8612,-0.0056,-0.1942,0.3579,-0.1653,0.9978,-1.4842,-1.3791,-0.006747,0.1625,0.0067
16.32,STANCE,0.966,1.4946,0.4533,-2.4645,0.2911,-3.0095,-0.0032,-0.1954,0.4355,-0.2041,0.9977,-1.5038,-0.7986,-0.005961,0.2,0.006
16.325,STANCE,0.9674,1.4798,0.3472,-2.7706,0.3141,-2.8418,-0.0009,-0.1966,0.4619,-0.2217,0.9977,-1.3293,-0.2055,-0.005006,0.0908,0.005
16.33,STANCE,0.9683,1.4652,0.2001,-2.9081,-0.1135,-3.1774,0.0014,-0.1977,0.4563,-0.2257,0.9978,-0.9945,0.3579,-0.005051,0.0113,0.0051
16.335,STANCE,0.9672,1.4496,-0.1098,-3.0643,-0.4463,-3.2117,0.0034,-0.1989,0.4207,-0.2321,0.9977,-0.4916,0.9069,-0.005364,-0.0114,0.0076
16.34,STANCE,0.9651,1.4347,-0.3193,-2.9873,-0.4306,-2.8173,0.0052,-0.2,0.3704,-0.222,0.9977,-0.0114,1.2755,-0.005868,-0.1182,0.0295
16.345,STANCE,0.9632,1.4214,-0.3609,-2.7328,-0.3141,-2.4471,0.0067,-0.201,0.327,-0.1995,0.9979,0.2958,1.4265,-0.006358,-0.0852,0.0234
16.35,STANCE,0.9622,1.4102,-0.2274,-2.3788,-0.0532,-2.0513,0.0082,-0.2018,0.3036,-0.1698,0.9982,0.3034,1.3529,-0.006763,-0.0771,0.0222
16.355,STANCE,0.9625,1.4007,-0.0198,-2.0461,0.1634,-1.7881,0.0096,-0.2025,0.298,-0.1417,0.9987,0.2196,1.2437,-0.007109,-0.0592,0.0189
16.36,STANCE,0.9637,1.3921,0.1624,-1.8104,0.302,-1.6446,0.0111,-0.203,0.3014,-0.1208,0.9992,0.1437,1.1708,-0.007335,-0.0295,0.0132
16.365,STANCE,0.9654,1.3841,0.2895,-1.6668,0.3785,-1.5703,0.0127,-0.2036,0.3072,-0.1068,0.9998,0.0886,1.1334,-0.007395,0.0057,0.0074
16.37,STANCE,0.9674,1.3764,0.365,-1.5836,0.4133,-1.5266,0.0142,-0.204,0.3113,-0.0975,1.0003,0.0534,1.1194,-0.007278,0.0408,0.0073
16.375,STANCE,0.9695,1.3688,0.4026,-1.5312,0.4236,-1.4916,0.0158,-0.2045,0.3123,-0.0907,1.0008,0.0331,1.1174,-0.006992,0.0726,0.007
16.38,STANCE,0.9716,1.3615,0.4162,-1.4906,0.4211,-1.4561,0.0173,-0.2049,0.31,-0.0851,1.0014,0.0224,1.1195,-0.00656,0.0996,0.0066
16.385,STANCE,0.9737,1.3543,0.4165,-1.4523,0.4131,-1.4178,0.0188,-0.2053,0.3053,-0.0801,1.0019,0.0171,1.1222,-0.006005,0.1214,0.006
16.39,STANCE,0.9758,1.3473,0.4103,-1.4131,0.4032,-1.3775,0.0203,-0.2057,0.299,-0.0753,1.0024,0.0144,1.124,-0.005354,0.1383,0.0054
16.395,FLIGHT,0.9777,1.3406,0.383,-1.347,0.2086,-1.0805,0.0217,-0.2061,0.2842,-0.0696,1.0029,-1.2616,2.4775,-0.004623,0.162,0.0046
16.4,FLIGHT,0.9765,1.3383,-0.081,-0.6865,-0.6413,0.0946,0.0218,-0.2062,0.088,-0.0414,1.0036,-1.1223,2.363,-0.003669,0.216,0.0037
16.405,FLIGHT,0.9717,1.341,-0.7154,0.193,-1.2513,0.9363,0.0204,-0.2062,-0.1768,-0.0033,1.0046,-0.8531,2.1504,-0.002506,0.245,0.0025
16.41,FLIGHT,0.9645,1.3471,-1.2241,0.9084,-1.5895,1.4352,0.018,-0.2059,-0.3895,0.0332,1.0057,-0.5903,1.9453,-0.00126,0.2502,0.0013
16.415,FLIGHT,0.9562,1.3549,-1.5269,1.3664,-1.7073,1.6648,0.0151,-0.2056,-0.5192,0.0634,1.0069,-0.3828,1.7849,-3.3e-05,0.2385,0.0
16.42,FLIGHT,0.9477,1.3634,-1.6391,1.5954,-1.6687,1.7163,0.0121,-0.2052,-0.5742,0.0852,1.008,-0.2383,1.6745,0.000915,0.1427,0.0
16.425,FLIGHT,0.9396,1.3719,-1.6135,1.6586,-1.5459,1.66,0.0092,-0.2047,-0.5757,0.0984,1.0092,-0.1447,1.6046,0.001446,0.0743,0.0
16.43,FLIGHT,0.9323,1.3799,-1.5044,1.6174,-1.3827,1.5493,0.0065,-0.2042,-0.5448,0.1043,1.0103,-0.0874,1.5636,0.001697,0.0295,0.0
16.435,FLIGHT,0.9258,1.3874,-1.3528,1.52,-1.2068,1.4184,0.0041,-0.2037,-0.4974,0.1048,1.0113,-0.0537,1.5412,0.001768,0.0011,0.0
16.44,FLIGHT,0.9202,1.3941,-1.1856,1.399,-1.0345,1.2868,0.002,-0.2032,-0.4438,0.1017,1.0123,-0.0344,1.5302,0.001727,-0.016,0.0032
16.445,FLIGHT,0.9154,1.4002,-1.0193,1.2741,-0.8738,1.1643,0.0001,-0.2027,-0.3904,0.0967,1.0133,-0.0234,1.5255,0.001621,-0.0254,0.0051
16.45,FLIGHT,0.9114,1.4058,-0.8626,1.1561,-0.7281,1.0551,-0.0015,-0.2023,-0.3404,0.0907,1.0142,-0.017,1.5241,0.001481,-0.0298,0.006
16.455,FLIGHT,0.9081,1.4108,-0.7195,1.0495,-0.598,0.9599,-0.0029,-0.2019,-0.2952,0.0845,1.015,-0.013,1.5244,0.001328,-0.0309,0.0062
16.46,FLIGHT,0.9054,1.4154,-0.5912,0.956,-0.4828,0.878,-0.0041,-0.2015,-0.2552,0.0785,1.0158,-0.0103,1.5254,0.001175,-0.03,0.006
16.465,FLIGHT,0.9033,1.4196,-0.4772,0.875,-0.3813,0.8078,-0.0051,-0.2012,-0.2201,0.0728,1.0166,-0.0083,1.5266,0.00103,-0.0279,0.0056
16.47,FLIGHT,0.9016,1.4235,-0.3766,0.8054,-0.2921,0.7478,-0.006,-0.2009,-0.1895,0.0677,1.0173,-0.0068,1.5278,0.000897,-0.0253,0.0051
16.475,FLIGHT,0.9003,1.4271,-0.288,0.7458,-0.2137,0.6965,-0.0067,-0.2006,-0.1629,0.0631,1.0179,-0.0055,1.529,0.000778,-0.0223,0.0045
16.48,FLIGHT,0.8995,1.4305,-0.2101,0.6948,-0.1449,0.6525,-0.0074,-0.2003,-0.1398,0.0589,1.0186,-0.0046,1.5302,0.000674,-0.0193,0.0039
16.485,FLIGHT,0.8989,1.4336,-0.1418,0.6509,-0.0846,0.6146,-0.0079,-0.2,-0.1197,0.0552,1.0192,-0.0038,1.5314,0.000585,-0.0163,0.0033
16.49,FLIGHT,0.8986,1.4366,-0.082,0.6132,-0.0319,0.5819,-0.0084,-0.1998,-0.1022,0.0519,1.0198,-0.0033,1.5325,0.00051,-0.0135,0.0027
16.495,FLIGHT,0.8986,1.4395,-0.0296,0.5807,0.0142,0.5537,-0.0088,-0.1995,-0.0871,0.049,1.0203,-0.003,1.5336,0.000449,-0.011,0.0022
16.5,FLIGHT,0.8987,1.4422,0.0162,0.5526,0.0544,0.5291,-0.0092,-0.1993,-0.0739,0.0464,1.0209,-0.0029,1.5347,0.0004,-0.0088,0.0018
16.505,FLIGHT,0.8991,1.4448,0.056,0.5281,0.0893,0.5077,-0.0095,-0.1991,-0.0624,0.0442,1.0214,-0.0029,1.5359,0.000361,-0.0069,0.0014
16.51,FLIGHT,0.8996,1.4473,0.0906,0.5068,0.1195,0.489,-0.0097,-0.1989,-0.0525,0.0421,1.0218,-0.0031,1.537,0.00033,-0.0053,0.0011
16.515,FLIGHT,0.9003,1.4497,0.1206,0.4882,0.1455,0.4725,-0.0099,-0.1987,-0.0439,0.0404,1.0223,-0.0034,1.5381,0.000307,-0.0041,0.0008
16.52,FLIGHT,0.9011,1.452,0.1464,0.4717,0.1679,0.4579,-0.0101,-0.1985,-0.0365,0.0388,1.0227,-0.0038,1.5391,0.000289,-0.0031,0.0006
16.525,FLIGHT,0.9019,1.4542,0.1686,0.4572,0.1869,0.445,-0.0102,-0.1983,-0.03,0.0374,1.0231,-0.0042,1.5402,0.000276,-0.0023,0.0005
16.53,FLIGHT,0.9029,1.4564,0.1875,0.4443,0.2031,0.4334,-0.0103,-0.1981,-0.0245,0.0361,1.0234,-0.0048,1.5413,0.000266,-0.0016,0.0003
16.535,FLIGHT,0.904,1.4586,0.2035,0.4327,0.2167,0.4229,-0.0104,-0.198,-0.0197,0.035,1.0238,-0.0053,1.5423,0.000259,-0.0012,0.0002
16.54,FLIGHT,0.9051,1.4607,0.217,0.4223,0.228,0.4134,-0.0105,-0.1978,-0.0156,0.034,1.0241,-0.0059,1.5433,0.000255,-0.0008,0.0002
16.545,FLIGHT,0.9063,1.4627,0.2282,0.4128,0.2374,0.4047,-0.0105,-0.1976,-0.012,0.0331,1.0244,-0.0066,1.5443,0.000251,-0.0005,0.0001
16.55,FLIGHT,0.9075,1.4647,0.2375,0.4042,0.245,0.3967,-0.0106,-0.1975,-0.009,0.0323,1.0247,-0.0072,1.5453,0.000249,-0.0003,0.0001
16.555,FLIGHT,0.9087,1.4667,0.245,0.3961,0.251,0.3892,-0.0106,-0.1973,-0.0064,0.0316,1.0249,-0.0079,1.5463,0.000248,-0.0002,0.0
16.56,FLIGHT,0.91,1.4686,0.251,0.3887,0.2558,0.3822,-0.0106,-0.1972,-0.0042,0.0309,1.0251,-0.0086,1.5472,0.000248,-0.0001,0.0
16.565,FLIGHT,0.9113,1.4705,0.2557,0.3817,0.2593,0.3756,-0.0106,-0.197,-0.0024,0.0303,1.0253,-0.0093,1.5481,0.000248,0.0,0.0
16.57,FLIGHT,0.9126,1.4724,0.2592,0.3751,0.2619,0.3693,-0.0106,-0.1969,-0.0008,0.0297,1.0255,-0.01,1.549,0.000248,0.0001,0.0
16.575,FLIGHT,0.9139,1.4742,0.2617,0.3688,0.2635,0.3633,-0.0106,-0.1967,0.0005,0.0292,1.0257,-0.0106,1.5499,0.000248,0.0001,0.0
16.58,FLIGHT,0.9152,1.476,0.2633,0.3628,0.2644,0.3575,-0.0106,-0.1966,0.0017,0.0287,1.0258,-0.0113,1.5507,0.000249,0.0001,0.0
16.585,FLIGHT,0.9165,1.4778,0.2641,0.357,0.2646,0.3519,-0.0106,-0.1964,0.0026,0.0282,1.0259,-0.012,1.5515,0.000249,0.0001,0.0
16.59,FLIGHT,0.9178,1.4795,0.2643,0.3514,0.2642,0.3465,-0.0106,-0.1963,0.0034,0.0277,1.026,-0.0126,1.5523,0.00025,0.0001,0.0
16.595,FLIGHT,0.9192,1.4812,0.264,0.346,0.2634,0.3412,-0.0105,-0.1962,0.0041,0.0273,1.0261,-0.0133,1.5531,0.00025,0.0001,0.0
16.6,FLIGHT,0.9205,1.4829,0.2631,0.3407,0.2621,0.336,-0.0105,-0.196,0.0046,0.0268,1.0261,-0.0139,1.5539,0.00025,0.0001,0.0
16.605,FLIGHT,0.9218,1.4846,0.2618,0.3355,0.2605,0.3309,-0.0105,-0.1959,0.005,0.0264,1.0261,-0.0145,1.5547,0.000251,0.0001,0.0
16.61,FLIGHT,0.9231,1.4862,0.2602,0.3304,0.2586,0.3259,-0.0105,-0.1958,0.0054,0.026,1.0261,-0.0151,1.5554,0.000251,0.0,0.0
16.615,FLIGHT,0.9244,1.4879,0.2582,0.3254,0.2564,0.321,-0.0104,-0.1956,0.0057,0.0256,1.0261,-0.0157,1.5561,0.000251,0.0,0.0
16.62,FLIGHT,0.9256,1.4894,0.2561,0.3205,0.254,0.3161,-0.0104,-0.1955,0.0059,0.0253,1.0261,-0.0163,1.5568,0.000251,0.0,0.0
16.625,FLIGHT,0.9269,1.491,0.2537,0.3157,0.2514,0.3114,-0.0104,-0.1954,0.0061,0.0249,1.026,-0.0169,1.5575,0.000251,-0.0,0.0
16.63,FLIGHT,0.9282,1.4926,0.2511,0.3109,0.2487,0.3066,-0.0104,-0.1953,0.0062,0.0245,1.0259,-0.0175,1.5582,0.000251,-0.0,0.0
16.635,FLIGHT,0.9294,1.4941,0.2484,0.3062,0.2459,0.302,-0.0103,-0.1951,0.0063,0.0241,1.0258,-0.018,1.5589,0.000251,-0.0,0.0
16.64,FLIGHT,0.9306,1.4956,0.2455,0.3015,0.243,0.2974,-0.0103,-0.195,0.0064,0.0238,1.0257,-0.0186,1.5595,0.000251,-0.0,0.0
16.645,FLIGHT,0.9318,1.4971,0.2426,0.2969,0.24,0.2928,-0.0103,-0.1949,0.0064,0.0234,1.0255,-0.0191,1.5602,0.000251,-0.0001,0.0
16.65,FLIGHT,0.933,1.4985,0.2396,0.2923,0.2369,0.2883,-0.0102,-0.1948,0.0064,0.0231,1.0254,-0.0197,1.5608,0.00025,-0.0001,0.0
16.655,FLIGHT,0.9342,1.4999,0.2366,0.2878,0.2338,0.2838,-0.0102,-0.1947,0.0064,0.0227,1.0252,-0.0202,1.5614,0.00025,-0.0001,0.0
16.66,FLIGHT,0.9353,1.5013,0.2335,0.2834,0.2307,0.2794,-0.0102,-0.1946,0.0064,0.0224,1.025,-0.0207,1.562,0.00025,-0.0001,0.0
16.665,FLIGHT,0.9365,1.5027,0.2303,0.279,0.2275,0.275,-0.0101,-0.1945,0.0064,0.0221,1.0247,-0.0212,1.5626,0.000249,-0.0001,0.0
16.67,FLIGHT,0.9376,1.5041,0.2272,0.2746,0.2244,0.2707,-0.0101,-0.1944,0.0064,0.0217,1.0245,-0.0217,1.5632,0.000249,-0.0001,0.0
16.675,FLIGHT,0.9387,1.5054,0.224,0.2703,0.2212,0.2665,-0.0101,-0.1943,0.0063,0.0214,1.0242,-0.0222,1.5638,0.000248,-0.0001,0.0
16.68,FLIGHT,0.9398,1.5068,0.2209,0.266,0.218,0.2623,-0.01,-0.1941,0.0063,0.0211,1.0239,-0.0226,1.5643,0.000248,-0.0001,0.0
16.685,FLIGHT,0.9409,1.5081,0.2177,0.2618,0.2149,0.2581,-0.01,-0.194,0.0062,0.0208,1.0236,-0.0231,1.5649,0.000248,-0.0001,0.0
16.69,FLIGHT,0.942,1.5093,0.2146,0.2577,0.2118,0.254,-0.01,-0.1939,0.0062,0.0204,1.0233,-0.0236,1.5654,0.000247,-0.0001,0.0
16.695,FLIGHT,0.943,1.5106,0.2114,0.2536,0.2087,0.2499,-0.0099,-0.1938,0.0061,0.0201,1.0229,-0.024,1.566,0.000247,-0.0001,0.0
16.7,FLIGHT,0.9441,1.5118,0.2083,0.2495,0.2056,0.2459,-0.0099,-0.1937,0.0061,0.0198,1.0225,-0.0245,1.5665,0.000246,-0.0001,0.0
16.705,FLIGHT,0.9451,1.5131,0.2053,0.2455,0.2025,0.242,-0.0099,-0.1936,0.006,0.0195,1.0221,-0.0249,1.567,0.000246,-0.0001,0.0
16.71,FLIGHT,0.9461,1.5143,0.2022,0.2416,0.1995,0.2381,-0.0098,-0.1936,0.0059,0.0192,1.0217,-0.0254,1.5675,0.000245,-0.0001,0.0
16.715,FLIGHT,0.9471,1.5154,0.1992,0.2377,0.1965,0.2343,-0.0098,-0.1935,0.0059,0.0189,1.0213,-0.0258,1.568,0.000245,-0.0001,0.0
16.72,FLIGHT,0.9481,1.5166,0.1962,0.2339,0.1935,0.2305,-0.0098,-0.1934,0.0058,0.0186,1.0208,-0.0262,1.5685,0.000244,-0.0001,0.0
16.725,FLIGHT,0.949,1.5177,0.1932,0.2301,0.1906,0.2267,-0.0098,-0.1933,0.0057,0.0183,1.0204,-0.0266,1.569,0.000244,-0.0001,0.0
16.73,FLIGHT,0.95,1.5189,0.1903,0.2264,0.1877,0.2231,-0.0097,-0.1932,0.0057,0.018,1.0199,-0.027,1.5694,0.000243,-0.0001,0.0
16.735,FLIGHT,0.9509,1.52,0.1874,0.2227,0.1848,0.2194,-0.0097,-0.1931,0.0056,0.0177,1.0194,-0.0275,1.5699,0.000243,-0.0001,0.0
16.74,FLIGHT,0.9518,1.5211,0.1845,0.2191,0.182,0.2159,-0.0097,-0.193,0.0055,0.0175,1.0188,-0.0279,1.5704,0.000242,-0.0001,0.0
16.745,FLIGHT,0.9527,1.5221,0.1817,0.2155,0.1792,0.2123,-0.0096,-0.1929,0.0055,0.0172,1.0183,-0.0283,1.5708,0.000242,-0.0001,0.0
16.75,FLIGHT,0.9536,1.5232,0.1789,0.212,0.1764,0.2089,-0.0096,-0.1928,0.0054,0.0169,1.0177,-0.0286,1.5713,0.000241,-0.0001,0.0
16.755,FLIGHT,0.9545,1.5242,0.1761,0.2085,0.1737,0.2055,-0.0096,-0.1928,0.0053,0.0166,1.0172,-0.029,1.5717,0.000241,-0.0001,0.0
16.76,FLIGHT,0.9553,1.5252,0.1734,0.2051,0.171,0.2021,-0.0096,-0.1927,0.0053,0.0164,1.0166,-0.0294,1.5721,0.00024,-0.0001,0.0
16.765,FLIGHT,0.9562,1.5262,0.1707,0.2018,0.1683,0.1988,-0.0095,-0.1926,0.0052,0.0161,1.0159,-0.0298,1.5725,0.00024,-0.0001,0.0
16.77,FLIGHT,0.957,1.5272,0.1681,0.1985,0.1657,0.1955,-0.0095,-0.1925,0.0051,0.0159,1.0153,-0.0302,1.5729,0.000239,-0.0001,0.0
16.775,FLIGHT,0.9579,1.5282,0.1654,0.1952,0.1631,0.1923,-0.0095,-0.1924,0.0051,0.0156,1.0146,-0.0305,1.5734,0.000239,-0.0001,0.0
16.78,FLIGHT,0.9587,1.5292,0.1629,0.192,0.1606,0.1892,-0.0095,-0.1924,0.005,0.0154,1.014,-0.0309,1.5738,0.000238,-0.0001,0.0
16.785,FLIGHT,0.9595,1.5301,0.1603,0.1889,0.158,0.1861,-0.0094,-0.1923,0.0049,0.0151,1.0133,-0.0313,1.5742,0.000238,-0.0001,0.0
16.79,FLIGHT,0.9602,1.531,0.1578,0.1858,0.1555,0.183,-0.0094,-0.1922,0.0048,0.0149,1.0126,-0.0316,1.5745,0.000238,-0.0001,0.0
16.795,FLIGHT,0.961,1.5319,0.1553,0.1827,0.1531,0.18,-0.0094,-0.1921,0.0048,0.0146,1.0119,-0.032,1.5749,0.000237,-0.0001,0.0
16.8,FLIGHT,0.9618,1.5328,0.1528,0.1797,0.1507,0.1771,-0.0094,-0.1921,0.0047,0.0144,1.0111,-0.0323,1.5753,0.000237,-0.0001,0.0
16.805,FLIGHT,0.9625,1.5337,0.1504,0.1768,0.1483,0.1742,-0.0093,-0.192,0.0046,0.0142,1.0104,-0.0326,1.5757,0.000236,-0.0001,0.0
16.81,FLIGHT,0.9633,1.5346,0.148,0.1739,0.1459,0.1713,-0.0093,-0.1919,0.0046,0.0139,1.0096,-0.033,1.576,0.000236,-0.0001,0.0
16.815,FLIGHT,0.964,1.5354,0.1457,0.1711,0.1436,0.1685,-0.0093,-0.1919,0.0045,0.0137,1.0088,-0.0333,1.5764,0.000236,-0.0001,0.0
16.82,FLIGHT,0.9647,1.5362,0.1433,0.1682,0.1413,0.1658,-0.0093,-0.1918,0.0044,0.0135,1.008,-0.0336,1.5767,0.000235,-0.0001,0.0
16.825,FLIGHT,0.9654,1.5371,0.141,0.1655,0.139,0.163,-0.0093,-0.1917,0.0044,0.0133,1.0072,-0.034,1.5771,0.000235,-0.0001,0.0
16.83,FLIGHT,0.9661,1.5379,0.1388,0.1628,0.1367,0.1604,-0.0092,-0.1917,0.0043,0.0131,1.0063,-0.0343,1.5774,0.000234,-0.0001,0.0
16.835,FLIGHT,0.9668,1.5387,0.1365,0.1601,0.1345,0.1577,-0.0092,-0.1916,0.0042,0.0129,1.0055,-0.0346,1.5778,0.000234,-0.0001,0.0
16.84,FLIGHT,0.9674,1.5395,0.1343,0.1575,0.1323,0.1552,-0.0092,-0.1915,0.0041,0.0127,1.0046,-0.0349,1.5781,0.000234,-0.0001,0.0
16.845,FLIGHT,0.9681,1.5402,0.1321,0.1549,0.1302,0.1526,-0.0092,-0.1915,0.0041,0.0125,1.0037,-0.0352,1.5784,0.000233,-0.0001,0.0
16.85,FLIGHT,0.9687,1.541,0.13,0.1524,0.128,0.1501,-0.0092,-0.1914,0.004,0.0123,1.0028,-0.0356,1.5788,0.000233,-0.0001,0.0
16.855,FLIGHT,0.9694,1.5417,0.1278,0.1499,0.1259,0.1477,-0.0091,-0.1914,0.0039,0.0121,1.0019,-0.0359,1.5791,0.000233,-0.0001,0.0
16.86,FLIGHT,0.97,1.5425,0.1257,0.1474,0.1239,0.1453,-0.0091,-0.1913,0.0038,0.0119,1.001,-0.0362,1.5794,0.000232,-0.0001,0.0
16.865,STANCE,0.9707,1.5433,0.1384,0.1645,0.2434,0.3036,-0.0091,-0.1912,0.0039,0.0133,1.0001,0.1416,-0.1034,0.000164,-0.1119,0.0224
16.87,STANCE,0.9739,1.5431,0.5199,-0.0216,0.8685,-0.6238,-0.0085,-0.1913,0.1024,-0.0063,0.9992,-0.1249,-0.6054,-0.001691,-0.4649,0.0947
16.875,STANCE,0.9785,1.5363,0.8145,-0.9889,1.2967,-1.6111,-0.0066,-0.1919,0.2931,-0.0907,0.9979,-0.5385,-0.7614,-0.003736,-0.5215,0.108
16.88,STANCE,0.9816,1.5327,0.6062,-0.7137,0.1577,-0.1009,-0.0056,-0.1922,0.2157,-0.0643,0.9976,-0.82,-1.3485,-0.005264,-0.1599,0.0372
16.885,STANCE,0.9822,1.5324,0.2905,-0.2851,0.2139,-0.2048,-0.0054,-0.1923,0.0955,-0.0259,0.9978,-1.0241,-1.9033,-0.005735,-0.0472,0.0152
16.89,STANCE,0.9841,1.5296,0.3704,-0.5164,0.4,-1.2652,-0.0046,-0.1925,0.1433,-0.0454,0.998,-1.3483,-2.0109,-0.005816,0.0462,0.0058
16.895,STANCE,0.9862,1.5208,0.428,-1.3429,0.6301,-1.6727,-0.003,-0.1932,0.2711,-0.1128,0.998,-1.6026,-1.6493,-0.005374,0.0782,0.0054
16.9,STANCE,0.9886,1.5099,0.4691,-1.9057,0.4464,-2.3295,-0.001,-0.1942,0.3605,-0.1552,0.9979,-1.7345,-1.2038,-0.004694,0.1584,0.0047
16.905,STANCE,0.9907,1.4979,0.473,-2.1972,0.6636,-2.1183,0.0011,-0.1951,0.4054,-0.1734,0.998,-1.7002,-0.7248,-0.003924,0.0797,0.0039
16.91,STANCE,0.9942,1.4875,0.6225,-2.1303,0.5712,-2.2313,0.0033,-0.1959,0.4278,-0.1624,0.9984,-1.5688,-0.3087,-0.003639,0.0766,0.0036
16.915,STANCE,0.9964,1.476,0.4845,-2.2403,0.2853,-2.3485,0.0054,-0.1968,0.4194,-0.1659,0.9988,-1.1816,0.2082,-0.003161,0.1168,0.0032
16.92,STANCE,0.9977,1.4649,0.3251,-2.2201,0.2246,-2.1154,0.0072,-0.1976,0.3874,-0.1606,0.9992,-0.7018,0.6385,-0.002623,0.0984,0.0026
16.925,STANCE,0.9982,1.4541,0.1667,-2.1718,0.0318,-2.1429,0.0089,-0.1984,0.351,-0.1544,0.9996,-0.2343,0.9672,-0.002065,0.1143,0.0021
16.93,STANCE,0.9984,1.4437,0.0739,-2.1144,0.0306,-2.0597,0.0105,-0.1991,0.3258,-0.1477,1.0,0.064,1.1464,-0.001527,0.1069,0.0015
16.935,FLIGHT,0.9983,1.4341,0.0005,-1.9461,-0.2659,-1.4708,0.0119,-0.1998,0.2877,-0.1339,1.0006,-1.1953,2.4841,-0.000973,0.1269,0.001
16.94,FLIGHT,0.9951,1.4297,-0.4835,-1.1515,-1.0076,-0.3169,0.0119,-0.2001,0.0735,-0.0848,1.0014,-1.0321,2.3427,-0.000229,0.1675,0.0002
16.945,FLIGHT,0.9887,1.4303,-1.0494,-0.2478,-1.5087,0.4963,0.0105,-0.2002,-0.1735,-0.0283,1.0025,-0.782,2.135,0.000529,0.1196,0.0
16.95,FLIGHT,0.9804,1.4342,-1.4736,0.4616,-1.7686,0.981,0.0083,-0.2,-0.3623,0.0208,1.0038,-0.5483,1.9437,0.000984,0.0659,0.0
16.955,FLIGHT,0.9713,1.4397,-1.709,0.9148,-1.8399,1.2132,0.0057,-0.1996,-0.4742,0.0577,1.0051,-0.3654,1.7957,0.001216,0.0295,0.0
16.96,FLIGHT,0.9622,1.446,-1.7802,1.1479,-1.7839,1.2762,0.0029,-0.1992,-0.5202,0.0818,1.0064,-0.2359,1.6925,0.0013,0.0059,0.0
16.965,FLIGHT,0.9536,1.4523,-1.7336,1.2231,-1.6532,1.2381,0.0003,-0.1987,-0.5196,0.0948,1.0077,-0.1505,1.6259,0.00129,-0.0088,0.0018
16.97,FLIGHT,0.9457,1.4583,-1.6143,1.1991,-1.4862,1.1477,-0.0021,-0.1982,-0.4904,0.0992,1.009,-0.0969,1.5858,0.001223,-0.0172,0.0034
16.975,FLIGHT,0.9388,1.4638,-1.4574,1.1208,-1.3081,1.0365,-0.0043,-0.1978,-0.4464,0.0978,1.0103,-0.0646,1.5632,0.001125,-0.0214,0.0043
16.98,FLIGHT,0.9327,1.4687,-1.2871,1.0188,-1.1336,0.923,-0.0061,-0.1973,-0.3968,0.0927,1.0115,-0.0458,1.5515,0.001013,-0.0229,0.0046
16.985,FLIGHT,0.9274,1.473,-1.1184,0.9116,-0.9708,0.8169,-0.0078,-0.1969,-0.3473,0.0858,1.0127,-0.0351,1.5463,0.000899,-0.0226,0.0045
16.99,FLIGHT,0.9229,1.4768,-0.9594,0.8096,-0.823,0.7224,-0.0092,-0.1966,-0.3008,0.0783,1.0138,-0.0291,1.5445,0.000789,-0.0212,0.0042
16.995,FLIGHT,0.9191,1.4802,-0.8143,0.7178,-0.691,0.6407,-0.0104,-0.1962,-0.2589,0.0707,1.0149,-0.0256,1.5446,0.000688,-0.0192,0.0038
17.0,FLIGHT,0.916,1.4833,-0.6841,0.6376,-0.5743,0.5712,-0.0115,-0.1959,-0.2217,0.0637,1.0159,-0.0236,1.5454,0.000597,-0.0168,0.0034
17.005,FLIGHT,0.9134,1.486,-0.5687,0.5691,-0.4718,0.5127,-0.0123,-0.1957,-0.1893,0.0573,1.0169,-0.0223,1.5466,0.000519,-0.0144,0.0029
17.01,FLIGHT,0.9112,1.4884,-0.4671,0.5112,-0.3819,0.4637,-0.0131,-0.1954,-0.1611,0.0516,1.0179,-0.0215,1.5479,0.000453,-0.0121,0.0024
17.015,FLIGHT,0.9095,1.4906,-0.378,0.4625,-0.3034,0.4227,-0.0137,-0.1952,-0.1368,0.0466,1.0188,-0.0209,1.5491,0.000399,-0.0099,0.002
17.02,FLIGHT,0.9082,1.4927,-0.3,0.4218,-0.2348,0.3885,-0.0143,-0.195,-0.1159,0.0422,1.0197,-0.0206,1.5503,0.000354,-0.0079,0.0016
17.025,FLIGHT,0.9072,1.4945,-0.2319,0.3877,-0.1751,0.3599,-0.0147,-0.1948,-0.0978,0.0384,1.0206,-0.0204,1.5514,0.000319,-0.0063,0.0013
17.03,FLIGHT,0.9064,1.4963,-0.1726,0.3593,-0.123,0.336,-0.0151,-0.1947,-0.0823,0.0352,1.0214,-0.0203,1.5524,0.000291,-0.0049,0.001
17.035,FLIGHT,0.9059,1.4979,-0.1209,0.3354,-0.0778,0.3159,-0.0154,-0.1945,-0.0689,0.0324,1.0222,-0.0204,1.5533,0.000269,-0.0037,0.0007
17.04,FLIGHT,0.9056,1.4994,-0.076,0.3154,-0.0386,0.299,-0.0157,-0.1944,-0.0574,0.03,1.023,-0.0206,1.5543,0.000253,-0.0028,0.0006
17.045,FLIGHT,0.9055,1.5009,-0.0371,0.2986,-0.0047,0.2848,-0.0159,-0.1942,-0.0475,0.0279,1.0238,-0.0209,1.5552,0.000241,-0.002,0.0004
17.05,FLIGHT,0.9056,1.5023,-0.0034,0.2845,0.0246,0.2728,-0.0161,-0.1941,-0.039,0.0261,1.0245,-0.0213,1.556,0.000233,-0.0014,0.0003
17.055,FLIGHT,0.9058,1.5036,0.0256,0.2725,0.0497,0.2626,-0.0162,-0.194,-0.0317,0.0246,1.0252,-0.0217,1.5568,0.000227,-0.001,0.0002
17.06,FLIGHT,0.9061,1.5049,0.0506,0.2623,0.0713,0.2539,-0.0163,-0.1939,-0.0255,0.0233,1.0259,-0.0221,1.5576,0.000223,-0.0006,0.0001
17.065,FLIGHT,0.9065,1.5062,0.072,0.2536,0.0897,0.2465,-0.0164,-0.1938,-0.0202,0.0222,1.0265,-0.0226,1.5584,0.000221,-0.0003,0.0001
17.07,FLIGHT,0.907,1.5074,0.0903,0.2462,0.1053,0.24,-0.0165,-0.1937,-0.0156,0.0212,1.0271,-0.0232,1.5591,0.00022,-0.0001,0.0
17.075,FLIGHT,0.9075,1.5086,0.1058,0.2397,0.1185,0.2343,-0.0165,-0.1936,-0.0118,0.0204,1.0277,-0.0237,1.5598,0.00022,0.0,0.0
17.08,FLIGHT,0.9082,1.5097,0.1189,0.2341,0.1296,0.2293,-0.0166,-0.1935,-0.0085,0.0196,1.0283,-0.0242,1.5605,0.00022,0.0001,0.0
17.085,FLIGHT,0.9088,1.5108,0.1298,0.2291,0.1388,0.2249,-0.0166,-0.1934,-0.0057,0.019,1.0288,-0.0248,1.5612,0.000221,0.0002,0.0
17.09,FLIGHT,0.9095,1.512,0.139,0.2247,0.1464,0.2209,-0.0166,-0.1933,-0.0033,0.0184,1.0294,-0.0254,1.5618,0.000222,0.0003,0.0
17.095,FLIGHT,0.9103,1.5131,0.1465,0.2206,0.1526,0.2172,-0.0166,-0.1932,-0.0013,0.018,1.0299,-0.0259,1.5624,0.000224,0.0003,0.0
17.1,FLIGHT,0.9111,1.5141,0.1527,0.217,0.1576,0.2138,-0.0166,-0.1931,0.0003,0.0175,1.0303,-0.0264,1.563,0.000225,0.0003,0.0
17.105,FLIGHT,0.9119,1.5152,0.1576,0.2135,0.1615,0.2106,-0.0166,-0.193,0.0018,0.0171,1.0308,-0.027,1.5636,0.000227,0.0003,0.0
17.11,FLIGHT,0.9127,1.5162,0.1615,0.2103,0.1645,0.2076,-0.0166,-0.1929,0.0029,0.0168,1.0312,-0.0275,1.5642,0.000228,0.0003,0.0
17.115,FLIGHT,0.9135,1.5173,0.1644,0.2073,0.1667,0.2047,-0.0166,-0.1928,0.0039,0.0165,1.0316,-0.028,1.5647,0.000229,0.0003,0.0
17.12,FLIGHT,0.9143,1.5183,0.1666,0.2044,0.1683,0.2018,-0.0165,-0.1928,0.0047,0.0162,1.032,-0.0285,1.5652,0.000231,0.0002,0.0
17.125,FLIGHT,0.9152,1.5193,0.1682,0.2016,0.1693,0.1991,-0.0165,-0.1927,0.0054,0.0159,1.0323,-0.029,1.5657,0.000232,0.0002,0.0
17.13,FLIGHT,0.916,1.5203,0.1691,0.1989,0.1698,0.1964,-0.0165,-0.1926,0.0059,0.0156,1.0327,-0.0294,1.5662,0.000233,0.0002,0.0
17.135,FLIGHT,0.9169,1.5213,0.1696,0.1962,0.1698,0.1938,-0.0164,-0.1925,0.0063,0.0154,1.033,-0.0299,1.5667,0.000234,0.0002,0.0
17.14,FLIGHT,0.9177,1.5222,0.1696,0.1935,0.1695,0.1912,-0.0164,-0.1925,0.0067,0.0151,1.0332,-0.0303,1.5672,0.000235,0.0001,0.0
17.145,FLIGHT,0.9186,1.5232,0.1693,0.1909,0.1689,0.1886,-0.0164,-0.1924,0.007,0.0149,1.0335,-0.0307,1.5676,0.000235,0.0001,0.0
17.15,FLIGHT,0.9194,1.5241,0.1687,0.1883,0.1681,0.186,-0.0163,-0.1923,0.0072,0.0147,1.0337,-0.0312,1.5681,0.000236,0.0001,0.0
17.155,FLIGHT,0.9203,1.525,0.1679,0.1858,0.167,0.1835,-0.0163,-0.1922,0.0074,0.0145,1.0339,-0.0315,1.5685,0.000236,0.0001,0.0
17.16,FLIGHT,0.9211,1.5259,0.1668,0.1832,0.1658,0.1809,-0.0163,-0.1922,0.0075,0.0143,1.0341,-0.0319,1.5689,0.000237,0.0001,0.0
17.165,FLIGHT,0.9219,1.5268,0.1656,0.1806,0.1644,0.1784,-0.0162,-0.1921,0.0076,0.0141,1.0343,-0.0323,1.5693,0.000237,0.0001,0.0
17.17,FLIGHT,0.9227,1.5277,0.1642,0.1781,0.1629,0.1758,-0.0162,-0.192,0.0077,0.0139,1.0344,-0.0327,1.5697,0.000237,0.0,0.0
17.175,FLIGHT,0.9235,1.5286,0.1627,0.1756,0.1613,0.1733,-0.0161,-0.192,0.0077,0.0137,1.0345,-0.033,1.5701,0.000237,0.0,0.0
17.18,FLIGHT,0.9243,1.5295,0.1611,0.173,0.1596,0.1708,-0.0161,-0.1919,0.0077,0.0135,1.0346,-0.0334,1.5705,0.000237,0.0,0.0
17.185,FLIGHT,0.9251,1.5303,0.1594,0.1705,0.1579,0.1683,-0.0161,-0.1918,0.0077,0.0133,1.0347,-0.0337,1.5709,0.000237,0.0,0.0
17.19,FLIGHT,0.9259,1.5311,0.1577,0.168,0.1561,0.1658,-0.016,-0.1918,0.0077,0.0131,1.0347,-0.034,1.5712,0.000237,-0.0,0.0
17.195,FLIGHT,0.9267,1.532,0.1559,0.1655,0.1543,0.1633,-0.016,-0.1917,0.0077,0.0129,1.0348,-0.0344,1.5716,0.000237,-0.0,0.0
17.2,FLIGHT,0.9275,1.5328,0.1541,0.1631,0.1525,0.1608,-0.0159,-0.1916,0.0077,0.0127,1.0348,-0.0347,1.5719,0.000237,-0.0,0.0
17.205,FLIGHT,0.9282,1.5336,0.1523,0.1606,0.1506,0.1584,-0.0159,-0.1916,0.0076,0.0125,1.0347,-0.035,1.5723,0.000237,-0.0,0.0
17.21,FLIGHT,0.929,1.5344,0.1505,0.1581,0.1488,0.156,-0.0159,-0.1915,0.0076,0.0123,1.0347,-0.0353,1.5726,0.000237,-0.0,0.0
17.215,FLIGHT,0.9297,1.5351,0.1486,0.1557,0.1469,0.1536,-0.0158,-0.1915,0.0076,0.0121,1.0346,-0.0356,1.573,0.000237,-0.0,0.0
17.22,FLIGHT,0.9304,1.5359,0.1467,0.1533,0.1451,0.1512,-0.0158,-0.1914,0.0075,0.0119,1.0345,-0.0359,1.5733,0.000237,-0.0,0.0
17.225,FLIGHT,0.9312,1.5366,0.1449,0.1509,0.1432,0.1488,-0.0158,-0.1913,0.0075,0.0117,1.0344,-0.0362,1.5736,0.000237,-0.0,0.0
17.23,FLIGHT,0.9319,1.5374,0.143,0.1486,0.1414,0.1465,-0.0157,-0.1913,0.0074,0.0115,1.0343,-0.0364,1.5739,0.000236,-0.0,0.0
17.235,FLIGHT,0.9326,1.5381,0.1412,0.1462,0.1396,0.1442,-0.0157,-0.1912,0.0074,0.0114,1.0342,-0.0367,1.5742,0.000236,-0.0,0.0
17.24,FLIGHT,0.9333,1.5388,0.1394,0.1439,0.1378,0.1419,-0.0156,-0.1912,0.0074,0.0112,1.034,-0.037,1.5745,0.000236,-0.0,0.0
17.245,FLIGHT,0.934,1.5395,0.1376,0.1416,0.136,0.1396,-0.0156,-0.1911,0.0073,0.011,1.0338,-0.0372,1.5748,0.000236,-0.0,0.0
17.25,FLIGHT,0.9346,1.5402,0.1358,0.1394,0.1342,0.1374,-0.0156,-0.1911,0.0073,0.0108,1.0336,-0.0375,1.5751,0.000235,-0.0,0.0
17.255,FLIGHT,0.9353,1.5409,0.134,0.1372,0.1324,0.1352,-0.0155,-0.191,0.0072,0.0106,1.0333,-0.0378,1.5754,0.000235,-0.0,0.0
17.26,FLIGHT,0.936,1.5416,0.1323,0.135,0.1307,0.133,-0.0155,-0.191,0.0072,0.0105,1.0331,-0.038,1.5757,0.000235,-0.0,0.0
17.265,FLIGHT,0.9366,1.5422,0.1305,0.1328,0.129,0.1309,-0.0155,-0.1909,0.0071,0.0103,1.0328,-0.0383,1.576,0.000235,-0.0,0.0
17.27,FLIGHT,0.9372,1.5429,0.1288,0.1307,0.1273,0.1288,-0.0154,-0.1909,0.0071,0.0101,1.0325,-0.0385,1.5763,0.000235,-0.0,0.0
17.275,FLIGHT,0.9379,1.5435,0.1271,0.1286,0.1256,0.1267,-0.0154,-0.1908,0.007,0.01,1.0322,-0.0387,1.5766,0.000234,-0.0,0.0
17.28,FLIGHT,0.9385,1.5441,0.1255,0.1265,0.124,0.1247,-0.0154,-0.1908,0.007,0.0098,1.0318,-0.039,1.5768,0.000234,-0.0,0.0
17.285,FLIGHT,0.9391,1.5448,0.1238,0.1245,0.1224,0.1227,-0.0153,-0.1907,0.0069,0.0097,1.0315,-0.0392,1.5771,0.000234,-0.0,0.0
17.29,FLIGHT,0.9397,1.5454,0.1222,0.1225,0.1207,0.1207,-0.0153,-0.1907,0.0069,0.0095,1.0311,-0.0395,1.5774,0.000234,-0.0,0.0
17.295,FLIGHT,0.9403,1.546,0.1206,0.1205,0.1192,0.1187,-0.0153,-0.1906,0.0068,0.0093,1.0307,-0.0397,1.5776,0.000233,-0.0,0.0
17.3,FLIGHT,0.9409,1.5466,0.119,0.1186,0.1176,0.1168,-0.0152,-0.1906,0.0068,0.0092,1.0303,-0.0399,1.5779,0.000233,-0.0,0.0
17.305,FLIGHT,0.9415,1.5471,0.1174,0.1166,0.116,0.1149,-0.0152,-0.1905,0.0067,0.009,1.0298,-0.0401,1.5781,0.000233,-0.0,0.0
17.31,FLIGHT,0.9421,1.5477,0.1159,0.1148,0.1145,0.1131,-0.0152,-0.1905,0.0067,0.0089,1.0294,-0.0404,1.5784,0.000233,-0.0,0.0
17.315,FLIGHT,0.9426,1.5483,0.1144,0.1129,0.113,0.1113,-0.0151,-0.1904,0.0066,0.0087,1.0289,-0.0406,1.5786,0.000232,-0.0,0.0
17.32,FLIGHT,0.9432,1.5488,0.1128,0.1111,0.1115,0.1095,-0.0151,-0.1904,0.0066,0.0086,1.0284,-0.0408,1.5789,0.000232,-0.0,0.0
17.325,FLIGHT,0.9438,1.5494,0.1114,0.1093,0.11,0.1077,-0.0151,-0.1904,0.0065,0.0085,1.0279,-0.041,1.5791,0.000232,-0.0,0.0
17.33,FLIGHT,0.9443,1.5499,0.1099,0.1076,0.1086,0.106,-0.015,-0.1903,0.0065,0.0083,1.0274,-0.0412,1.5794,0.000232,-0.0,0.0
17.335,FLIGHT,0.9448,1.5504,0.1084,0.1058,0.1071,0.1043,-0.015,-0.1903,0.0064,0.0082,1.0268,-0.0415,1.5796,0.000232,-0.0,0.0
17.34,FLIGHT,0.9454,1.5509,0.107,0.1041,0.1057,0.1026,-0.015,-0.1902,0.0064,0.0081,1.0262,-0.0417,1.5798,0.000231,-0.0,0.0
17.345,FLIGHT,0.9459,1.5514,0.1056,0.1025,0.1043,0.101,-0.0149,-0.1902,0.0063,0.0079,1.0257,-0.0419,1.5801,0.000231,-0.0,0.0
17.35,FLIGHT,0.9464,1.552,0.1042,0.1008,0.1029,0.0994,-0.0149,-0.1902,0.0063,0.0078,1.0251,-0.0421,1.5803,0.000231,-0.0,0.0
17.355,FLIGHT,0.9469,1.5524,0.1028,0.0992,0.1016,0.0978,-0.0149,-0.1901,0.0062,0.0077,1.0244,-0.0423,1.5805,0.000231,-0.0,0.0
17.36,FLIGHT,0.9474,1.5529,0.1014,0.0977,0.1002,0.0963,-0.0148,-0.1901,0.0062,0.0076,1.0238,-0.0425,1.5807,0.000231,-0.0,0.0
17.365,FLIGHT,0.9479,1.5534,0.1001,0.0961,0.0989,0.0947,-0.0148,-0.19,0.0061,0.0074,1.0231,-0.0427,1.5809,0.00023,-0.0,0.0
17.37,FLIGHT,0.9484,1.5539,0.0987,0.0946,0.0975,0.0933,-0.0148,-0.19,0.0061,0.0073,1.0225,-0.0429,1.5812,0.00023,-0.0,0.0
17.375,FLIGHT,0.9489,1.5543,0.0974,0.0931,0.0962,0.0918,-0.0147,-0.19,0.006,0.0072,1.0218,-0.0431,1.5814,0.00023,-0.0,0.0
17.38,FLIGHT,0.9494,1.5548,0.0961,0.0916,0.0949,0.0903,-0.0147,-0.1899,0.006,0.0071,1.021,-0.0433,1.5816,0.00023,-0.0,0.0
17.385,FLIGHT,0.9499,1.5552,0.0948,0.0902,0.0937,0.0889,-0.0147,-0.1899,0.0059,0.007,1.0203,-0.0435,1.5818,0.00023,-0.0,0.0
17.39,FLIGHT,0.9503,1.5557,0.0935,0.0888,0.0924,0.0875,-0.0147,-0.1899,0.0059,0.0069,1.0196,-0.0437,1.582,0.00023,-0.0,0.0
17.395,FLIGHT,0.9508,1.5561,0.0923,0.0874,0.0912,0.0862,-0.0146,-0.1898,0.0058,0.0068,1.0188,-0.0439,1.5822,0.000229,-0.0,0.0
17.4,FLIGHT,0.9512,1.5565,0.091,0.0861,0.0899,0.0848,-0.0146,-0.1898,0.0057,0.0067,1.018,-0.044,1.5824,0.000229,-0.0,0.0
17.405,FLIGHT,0.9517,1.557,0.0898,0.0847,0.0887,0.0835,-0.0146,-0.1898,0.0057,0.0065,1.0172,-0.0442,1.5826,0.000229,-0.0,0.0
17.41,FLIGHT,0.9521,1.5574,0.0886,0.0834,0.0875,0.0822,-0.0145,-0.1897,0.0056,0.0064,1.0164,-0.0444,1.5828,0.000229,-0.0,0.0
17.415,FLIGHT,0.9526,1.5578,0.0874,0.0821,0.0863,0.081,-0.0145,-0.1897,0.0056,0.0063,1.0156,-0.0446,1.583,0.000229,-0.0,0.0
17.42,FLIGHT,0.953,1.5582,0.0862,0.0809,0.0851,0.0797,-0.0145,-0.1897,0.0055,0.0063,1.0148,-0.0448,1.5832,0.000229,-0.0,0.0
17.425,FLIGHT,0.9534,1.5586,0.085,0.0796,0.0839,0.0785,-0.0145,-0.1896,0.0054,0.0062,1.0139,-0.045,1.5834,0.000229,-0.0,0.0
17.43,FLIGHT,0.9538,1.559,0.0838,0.0784,0.0827,0.0773,-0.0144,-0.1896,0.0054,0.0061,1.013,-0.0452,1.5836,0.000228,-0.0,0.0
17.435,FLIGHT,0.9542,1.5594,0.0826,0.0772,0.0816,0.0762,-0.0144,-0.1896,0.0053,0.006,1.0121,-0.0453,1.5838,0.000228,-0.0,0.0
17.44,FLIGHT,0.9546,1.5597,0.0815,0.076,0.0805,0.075,-0.0144,-0.1896,0.0052,0.0059,1.0112,-0.0455,1.5839,0.000228,-0.0,0.0
17.445,FLIGHT,0.955,1.5601,0.0803,0.0749,0.0793,0.0739,-0.0144,-0.1895,0.0052,0.0058,1.0103,-0.0457,1.5841,0.000228,-0.0,0.0
17.45,FLIGHT,0.9554,1.5605,0.0792,0.0738,0.0782,0.0728,-0.0143,-0.1895,0.0051,0.0057,1.0094,-0.0459,1.5843,0.000228,-0.0,0.0
17.455,FLIGHT,0.9558,1.5608,0.0781,0.0727,0.0771,0.0717,-0.0143,-0.1895,0.0051,0.0056,1.0084,-0.046,1.5845,0.000228,-0.0,0.0
17.46,FLIGHT,0.9562,1.5612,0.077,0.0716,0.076,0.0706,-0.0143,-0.1894,0.005,0.0055,1.0075,-0.0462,1.5847,0.000228,-0.0,0.0
17.465,FLIGHT,0.9566,1.5615,0.0759,0.0705,0.0749,0.0696,-0.0143,-0.1894,0.0049,0.0055,1.0065,-0.0464,1.5848,0.000228,-0.0,0.0
17.47,FLIGHT,0.957,1.5619,0.0748,0.0695,0.0738,0.0685,-0.0142,-0.1894,0.0049,0.0054,1.0055,-0.0466,1.585,0.000228,-0.0,0.0
17.475,FLIGHT,0.9573,1.5622,0.0737,0.0684,0.0727,0.0675,-0.0142,-0.1894,0.0048,0.0053,1.0045,-0.0467,1.5852,0.000227,-0.0,0.0
17.48,FLIGHT,0.9577,1.5626,0.0726,0.0674,0.0717,0.0665,-0.0142,-0.1893,0.0047,0.0052,1.0035,-0.0469,1.5854,0.000227,-0.0,0.0
17.485,FLIGHT,0.958,1.5629,0.0716,0.0664,0.0706,0.0656,-0.0142,-0.1893,0.0046,0.0051,1.0024,-0.0471,1.5855,0.000227,-0.0,0.0
17.49,FLIGHT,0.9584,1.5632,0.0705,0.0655,0.0696,0.0646,-0.0141,-0.1893,0.0046,0.0051,1.0014,-0.0472,1.5857,0.000227,-0.0,0.0
17.495,FLIGHT,0.9587,1.5635,0.0695,0.0645,0.0686,0.0637,-0.0141,-0.1893,0.0045,0.005,1.0003,-0.0474,1.5858,0.000227,-0.0,0.0
17.5,STANCE,0.9604,1.564,0.2891,0.066,0.7387,-0.1386,-0.0139,-0.1892,0.0459,0.0021,0.9994,0.0978,-0.4832,-0.00101,-0.5098,0.103
17.505,STANCE,0.9646,1.5593,0.6641,-0.7139,0.9806,-1.6427,-0.0124,-0.1897,0.2224,-0.0735,0.998,-0.2349,-0.7835,-0.003261,-0.4083,0.0849
17.51,STANCE,0.9676,1.555,0.551,-0.6966,0.0672,-0.0619,-0.0113,-0.1901,0.1993,-0.0692,0.9975,-0.4793,-1.3537,-0.00467,-0.1159,0.0278
17.515,STANCE,0.9676,1.5554,0.1813,-0.1801,0.0781,-0.0285,-0.0113,-0.1901,0.0589,-0.0183,0.9978,-0.6128,-2.0521,-0.00489,0.0047,0.0049
17.52,STANCE,0.9691,1.5535,0.2926,-0.3569,0.5516,-0.7698,-0.0108,-0.1903,0.1042,-0.0353,0.9981,-0.9309,-2.295,-0.004743,0.0486,0.0047
17.525,STANCE,0.9714,1.5442,0.4166,-1.4407,0.6857,-1.9162,-0.0091,-0.1912,0.277,-0.1311,0.998,-1.2399,-1.9166,-0.004091,0.1257,0.0041
17.53,STANCE,0.976,1.5343,0.7682,-1.8455,1.1006,-2.3407,-0.0068,-0.1921,0.4027,-0.1646,0.9982,-1.567,-1.596,-0.00366,0.0497,0.0037
17.535,STANCE,0.982,1.5211,1.0673,-2.399,1.3157,-2.7389,-0.0039,-0.1932,0.5418,-0.2049,0.9984,-1.776,-1.013,-0.003479,0.0106,0.0035
17.54,STANCE,0.9878,1.5064,1.1262,-2.7597,1.0264,-3.0037,-0.0007,-0.1944,0.6097,-0.2238,0.9985,-1.7397,-0.3846,-0.003293,0.0548,0.0033
17.545,STANCE,0.9923,1.4919,0.9553,-2.8443,0.7215,-2.824,0.0023,-0.1956,0.5938,-0.22,0.9988,-1.4447,0.1722,-0.002989,0.078,0.003
17.55,STANCE,0.9951,1.4785,0.6671,-2.7286,0.384,-2.5844,0.0048,-0.1966,0.525,-0.2036,0.9992,-0.9722,0.6206,-0.002539,0.1066,0.0025
17.555,STANCE,0.9964,1.4662,0.3807,-2.5315,0.1749,-2.3202,0.0068,-0.1975,0.4432,-0.1842,0.9996,-0.4552,0.9543,-0.001964,0.1188,0.002
17.56,STANCE,0.9968,1.4548,0.1691,-2.3516,0.0226,-2.2161,0.0085,-0.1983,0.3774,-0.1681,1.0001,-0.045,1.1615,-0.001303,0.138,0.0013
17.565,FLIGHT,0.997,1.4442,0.0887,-2.188,0.0742,-2.0462,0.0101,-0.1991,0.3393,-0.1533,1.0006,-1.2008,2.4969,-0.000644,0.1267,0.0006
17.57,FLIGHT,0.9953,1.4373,-0.25,-1.5725,-0.7353,-0.7699,0.0108,-0.1996,0.1818,-0.1123,1.0015,-1.1187,2.4186,9.6e-05,0.1517,0.0
17.575,FLIGHT,0.99,1.436,-0.8287,-0.6324,-1.3366,0.188,0.0099,-0.1997,-0.0725,-0.0527,1.0026,-0.8834,2.2204,0.000696,0.0915,0.0
17.58,FLIGHT,0.9824,1.4385,-1.3237,0.179,-1.6896,0.7961,0.008,-0.1996,-0.2904,0.0022,1.0039,-0.6361,2.0163,0.001038,0.0479,0.0
17.585,FLIGHT,0.9735,1.4434,-1.6356,0.7355,-1.83,1.118,0.0056,-0.1993,-0.4329,0.0452,1.0053,-0.4319,1.8498,0.0012,0.0188,0.0
17.59,FLIGHT,0.9643,1.4494,-1.7686,1.0498,-1.8188,1.239,0.0029,-0.1989,-0.5032,0.0747,1.0067,-0.2824,1.7295,0.001243,-0.0,0.0
17.595,FLIGHT,0.9554,1.4556,-1.7643,1.1804,-1.7135,1.2344,0.0002,-0.1985,-0.519,0.0919,1.0082,-0.1812,1.6497,0.001211,-0.0116,0.0023
17.6,FLIGHT,0.9473,1.4616,-1.6702,1.1901,-1.5582,1.1607,-0.0023,-0.198,-0.4996,0.0992,1.0096,-0.1166,1.6002,0.001136,-0.018,0.0036
17.605,FLIGHT,0.9399,1.4672,-1.5257,1.1295,-1.3831,1.0556,-0.0045,-0.1975,-0.4605,0.0995,1.0109,-0.0771,1.5716,0.001037,-0.0211,0.0042
17.61,FLIGHT,0.9334,1.4722,-1.3593,1.0348,-1.2066,0.9422,-0.0065,-0.1971,-0.4127,0.0954,1.0123,-0.0538,1.5563,0.000929,-0.0219,0.0044
17.615,FLIGHT,0.9278,1.4766,-1.1894,0.9287,-1.0392,0.8332,-0.0082,-0.1966,-0.363,0.0887,1.0136,-0.0404,1.5489,0.00082,-0.0212,0.0042
17.62,FLIGHT,0.923,1.4805,-1.0265,0.8246,-0.8857,0.7346,-0.0097,-0.1963,-0.3155,0.0811,1.0148,-0.0328,1.5461,0.000718,-0.0196,0.0039
17.625,FLIGHT,0.9189,1.484,-0.8761,0.7291,-0.7479,0.6485,-0.011,-0.1959,-0.272,0.0732,1.016,-0.0286,1.5455,0.000625,-0.0175,0.0035
17.63,FLIGHT,0.9155,1.487,-0.7404,0.645,-0.6256,0.575,-0.0121,-0.1956,-0.2333,0.0658,1.0172,-0.0261,1.5462,0.000543,-0.0152,0.003
17.635,FLIGHT,0.9127,1.4897,-0.6196,0.5726,-0.5179,0.513,-0.013,-0.1953,-0.1993,0.059,1.0183,-0.0246,1.5473,0.000473,-0.0129,0.0026
17.64,FLIGHT,0.9103,1.4922,-0.513,0.5113,-0.4235,0.461,-0.0138,-0.1951,-0.1697,0.0529,1.0193,-0.0236,1.5485,0.000414,-0.0107,0.0021
17.645,FLIGHT,0.9084,1.4944,-0.4193,0.4598,-0.3409,0.4177,-0.0144,-0.1949,-0.1442,0.0475,1.0204,-0.023,1.5498,0.000366,-0.0087,0.0017
17.65,FLIGHT,0.9069,1.4963,-0.3374,0.4167,-0.2688,0.3815,-0.015,-0.1947,-0.1221,0.0428,1.0214,-0.0226,1.5509,0.000327,-0.0069,0.0014
17.655,FLIGHT,0.9057,1.4982,-0.2657,0.3808,-0.2059,0.3514,-0.0155,-0.1945,-0.1032,0.0388,1.0224,-0.0223,1.552,0.000296,-0.0054,0.0011
17.66,FLIGHT,0.9048,1.4999,-0.2033,0.3508,-0.1511,0.3263,-0.0159,-0.1943,-0.0868,0.0353,1.0233,-0.0223,1.5531,0.000272,-0.0042,0.0008
17.665,FLIGHT,0.9042,1.5014,-0.1488,0.3257,-0.1034,0.3053,-0.0162,-0.1942,-0.0728,0.0323,1.0242,-0.0223,1.554,0.000253,-0.0032,0.0006
17.67,FLIGHT,0.9038,1.5029,-0.1015,0.3048,-0.0621,0.2877,-0.0165,-0.194,-0.0607,0.0297,1.0251,-0.0224,1.555,0.00024,-0.0023,0.0005
17.675,FLIGHT,0.9035,1.5043,-0.0604,0.2873,-0.0262,0.273,-0.0167,-0.1939,-0.0504,0.0275,1.026,-0.0227,1.5558,0.00023,-0.0016,0.0003
17.68,FLIGHT,0.9035,1.5057,-0.0249,0.2726,0.0047,0.2606,-0.0169,-0.1938,-0.0414,0.0256,1.0268,-0.023,1.5567,0.000223,-0.0011,0.0002
17.685,FLIGHT,0.9036,1.5069,0.0058,0.2603,0.0314,0.2501,-0.0171,-0.1936,-0.0338,0.024,1.0276,-0.0234,1.5575,0.000219,-0.0007,0.0001
17.69,FLIGHT,0.9038,1.5082,0.0323,0.2499,0.0542,0.2413,-0.0172,-0.1935,-0.0273,0.0226,1.0284,-0.0238,1.5583,0.000216,-0.0004,0.0001
17.695,FLIGHT,0.9041,1.5094,0.055,0.241,0.0738,0.2337,-0.0173,-0.1934,-0.0217,0.0214,1.0292,-0.0243,1.559,0.000215,-0.0001,0.0
17.7,FLIGHT,0.9045,1.5105,0.0744,0.2335,0.0905,0.2272,-0.0174,-0.1933,-0.0169,0.0204,1.0299,-0.0248,1.5597,0.000214,0.0,0.0
17.705,FLIGHT,0.905,1.5116,0.091,0.227,0.1046,0.2216,-0.0174,-0.1932,-0.0128,0.0195,1.0306,-0.0253,1.5604,0.000215,0.0002,0.0
17.71,FLIGHT,0.9056,1.5127,0.105,0.2213,0.1165,0.2166,-0.0175,-0.1931,-0.0094,0.0188,1.0313,-0.0258,1.5611,0.000216,0.0002,0.0
17.715,FLIGHT,0.9062,1.5138,0.1168,0.2164,0.1265,0.2123,-0.0175,-0.193,-0.0064,0.0181,1.0319,-0.0264,1.5617,0.000217,0.0003,0.0
17.72,FLIGHT,0.9068,1.5148,0.1267,0.2121,0.1347,0.2084,-0.0175,-0.193,-0.0039,0.0175,1.0326,-0.0269,1.5624,0.000219,0.0003,0.0
17.725,FLIGHT,0.9075,1.5159,0.1349,0.2082,0.1415,0.2048,-0.0175,-0.1929,-0.0018,0.017,1.0332,-0.0274,1.5629,0.000221,0.0003,0.0
17.73,FLIGHT,0.9083,1.5169,0.1416,0.2046,0.1471,0.2016,-0.0175,-0.1928,-0.0001,0.0166,1.0337,-0.0279,1.5635,0.000222,0.0003,0.0
17.735,FLIGHT,0.909,1.5179,0.1471,0.2014,0.1515,0.1986,-0.0175,-0.1927,0.0014,0.0162,1.0343,-0.0284,1.5641,0.000224,0.0003,0.0
17.74,FLIGHT,0.9098,1.5189,0.1515,0.1983,0.1549,0.1957,-0.0175,-0.1926,0.0027,0.0158,1.0348,-0.0289,1.5646,0.000226,0.0003,0.0
17.745,FLIGHT,0.9105,1.5199,0.1549,0.1955,0.1576,0.193,-0.0175,-0.1926,0.0037,0.0155,1.0353,-0.0294,1.5651,0.000227,0.0003,0.0
17.75,FLIGHT,0.9113,1.5208,0.1575,0.1927,0.1595,0.1904,-0.0174,-0.1925,0.0046,0.0152,1.0358,-0.0299,1.5656,0.000229,0.0003,0.0
17.755,FLIGHT,0.9121,1.5218,0.1594,0.1901,0.1608,0.1878,-0.0174,-0.1924,0.0053,0.015,1.0362,-0.0304,1.5661,0.00023,0.0002,0.0
17.76,FLIGHT,0.9129,1.5227,0.1607,0.1876,0.1616,0.1853,-0.0174,-0.1923,0.0058,0.0147,1.0366,-0.0308,1.5666,0.000231,0.0002,0.0
17.765,FLIGHT,0.9138,1.5236,0.1615,0.1851,0.1619,0.1829,-0.0174,-0.1923,0.0063,0.0145,1.037,-0.0312,1.567,0.000232,0.0002,0.0
17.77,FLIGHT,0.9146,1.5245,0.1618,0.1826,0.1619,0.1804,-0.0173,-0.1922,0.0067,0.0143,1.0374,-0.0317,1.5675,0.000233,0.0002,0.0
17.775,FLIGHT,0.9154,1.5254,0.1617,0.1802,0.1616,0.178,-0.0173,-0.1921,0.007,0.014,1.0378,-0.0321,1.5679,0.000234,0.0001,0.0
17.78,FLIGHT,0.9162,1.5263,0.1614,0.1778,0.161,0.1756,-0.0172,-0.1921,0.0072,0.0138,1.0381,-0.0324,1.5683,0.000234,0.0001,0.0
17.785,FLIGHT,0.917,1.5272,0.1608,0.1754,0.1601,0.1733,-0.0172,-0.192,0.0074,0.0136,1.0384,-0.0328,1.5687,0.000235,0.0001,0.0
17.79,FLIGHT,0.9178,1.528,0.1599,0.173,0.1591,0.1709,-0.0172,-0.1919,0.0076,0.0134,1.0387,-0.0332,1.5691,0.000235,0.0001,0.0
17.795,FLIGHT,0.9186,1.5289,0.1589,0.1706,0.1579,0.1685,-0.0171,-0.1919,0.0077,0.0132,1.0389,-0.0335,1.5695,0.000236,0.0001,0.0
17.8,FLIGHT,0.9194,1.5297,0.1577,0.1683,0.1566,0.1661,-0.0171,-0.1918,0.0078,0.013,1.0391,-0.0339,1.5699,0.000236,0.0,0.0
17.805,FLIGHT,0.9201,1.5305,0.1564,0.1659,0.1552,0.1638,-0.0171,-0.1917,0.0078,0.0128,1.0394,-0.0342,1.5703,0.000236,0.0,0.0
17.81,FLIGHT,0.9209,1.5314,0.155,0.1635,0.1537,0.1614,-0.017,-0.1917,0.0079,0.0126,1.0395,-0.0346,1.5706,0.000236,0.0,0.0
17.815,FLIGHT,0.9217,1.5322,0.1535,0.1612,0.1521,0.1591,-0.017,-0.1916,0.0079,0.0125,1.0397,-0.0349,1.571,0.000237,0.0,0.0
17.82,FLIGHT,0.9224,1.5329,0.1519,0.1588,0.1505,0.1567,-0.0169,-0.1915,0.0079,0.0123,1.0398,-0.0352,1.5713,0.000237,0.0,0.0
17.825,FLIGHT,0.9232,1.5337,0.1503,0.1565,0.1489,0.1544,-0.0169,-0.1915,0.0079,0.0121,1.0399,-0.0355,1.5717,0.000237,-0.0,0.0
17.83,FLIGHT,0.9239,1.5345,0.1487,0.1542,0.1472,0.1521,-0.0169,-0.1914,0.0079,0.0119,1.04,-0.0358,1.572,0.000237,-0.0,0.0
17.835,FLIGHT,0.9247,1.5352,0.147,0.1519,0.1455,0.1498,-0.0168,-0.1914,0.0078,0.0117,1.0401,-0.0361,1.5723,0.000236,-0.0,0.0
17.84,FLIGHT,0.9254,1.536,0.1453,0.1496,0.1438,0.1475,-0.0168,-0.1913,0.0078,0.0115,1.0401,-0.0363,1.5727,0.000236,-0.0,0.0
17.845,FLIGHT,0.9261,1.5367,0.1436,0.1473,0.1421,0.1452,-0.0167,-0.1912,0.0078,0.0114,1.0402,-0.0366,1.573,0.000236,-0.0,0.0
17.85,FLIGHT,0.9268,1.5374,0.1419,0.145,0.1404,0.143,-0.0167,-0.1912,0.0078,0.0112,1.0401,-0.0369,1.5733,0.000236,-0.0,0.0
17.855,FLIGHT,0.9275,1.5381,0.1402,0.1428,0.1387,0.1408,-0.0167,-0.1911,0.0077,0.011,1.0401,-0.0372,1.5736,0.000236,-0.0,0.0
17.86,FLIGHT,0.9282,1.5388,0.1385,0.1406,0.137,0.1386,-0.0166,-0.1911,0.0077,0.0108,1.0401,-0.0374,1.5739,0.000236,-0.0,0.0
17.865,FLIGHT,0.9289,1.5395,0.1368,0.1384,0.1353,0.1364,-0.0166,-0.191,0.0077,0.0107,1.04,-0.0377,1.5742,0.000236,-0.0,0.0
17.87,FLIGHT,0.9295,1.5402,0.1351,0.1362,0.1336,0.1342,-0.0165,-0.191,0.0076,0.0105,1.0399,-0.0379,1.5745,0.000235,-0.0,0.0
17.875,FLIGHT,0.9302,1.5409,0.1334,0.134,0.1319,0.1321,-0.0165,-0.1909,0.0076,0.0103,1.0398,-0.0382,1.5748,0.000235,-0.0,0.0
17.88,FLIGHT,0.9309,1.5415,0.1318,0.1319,0.1303,0.13,-0.0165,-0.1909,0.0075,0.0102,1.0397,-0.0384,1.575,0.000235,-0.0,0.0
17.885,FLIGHT,0.9315,1.5422,0.1301,0.1298,0.1287,0.1279,-0.0164,-0.1908,0.0075,0.01,1.0395,-0.0386,1.5753,0.000235,-0.0,0.0
17.89,FLIGHT,0.9321,1.5428,0.1285,0.1277,0.1271,0.1259,-0.0164,-0.1908,0.0075,0.0098,1.0393,-0.0389,1.5756,0.000235,-0.0,0.0
17.895,FLIGHT,0.9328,1.5434,0.1269,0.1257,0.1255,0.1239,-0.0164,-0.1907,0.0074,0.0097,1.0391,-0.0391,1.5759,0.000234,-0.0,0.0
17.9,FLIGHT,0.9334,1.5441,0.1253,0.1237,0.1239,0.1219,-0.0163,-0.1907,0.0074,0.0095,1.0389,-0.0393,1.5761,0.000234,-0.0,0.0
17.905,FLIGHT,0.934,1.5447,0.1237,0.1217,0.1224,0.1199,-0.0163,-0.1906,0.0073,0.0094,1.0387,-0.0396,1.5764,0.000234,-0.0,0.0
17.91,FLIGHT,0.9346,1.5452,0.1222,0.1197,0.1208,0.118,-0.0163,-0.1906,0.0073,0.0092,1.0384,-0.0398,1.5767,0.000234,-0.0,0.0
17.915,FLIGHT,0.9352,1.5458,0.1207,0.1178,0.1193,0.1161,-0.0162,-0.1905,0.0073,0.0091,1.0381,-0.04,1.5769,0.000233,-0.0,0.0
17.92,FLIGHT,0.9358,1.5464,0.1192,0.1159,0.1178,0.1142,-0.0162,-0.1905,0.0072,0.0089,1.0378,-0.0402,1.5772,0.000233,-0.0,0.0
17.925,FLIGHT,0.9364,1.547,0.1177,0.114,0.1163,0.1124,-0.0161,-0.1905,0.0072,0.0088,1.0375,-0.0404,1.5774,0.000233,-0.0,0.0
17.93,FLIGHT,0.937,1.5475,0.1162,0.1122,0.1149,0.1106,-0.0161,-0.1904,0.0071,0.0086,1.0372,-0.0406,1.5777,0.000233,-0.0,0.0
17.935,FLIGHT,0.9375,1.5481,0.1147,0.1104,0.1135,0.1088,-0.0161,-0.1904,0.0071,0.0085,1.0368,-0.0409,1.5779,0.000233,-0.0,0.0
17.94,FLIGHT,0.9381,1.5486,0.1133,0.1086,0.112,0.107,-0.016,-0.1903,0.0071,0.0083,1.0364,-0.0411,1.5781,0.000232,-0.0,0.0
17.945,FLIGHT,0.9387,1.5492,0.1119,0.1069,0.1106,0.1053,-0.016,-0.1903,0.007,0.0082,1.036,-0.0413,1.5784,0.000232,-0.0,0.0
17.95,FLIGHT,0.9392,1.5497,0.1105,0.1052,0.1093,0.1036,-0.016,-0.1903,0.007,0.0081,1.0356,-0.0415,1.5786,0.000232,-0.0,0.0
17.955,FLIGHT,0.9398,1.5502,0.1091,0.1035,0.1079,0.102,-0.0159,-0.1902,0.0069,0.0079,1.0351,-0.0417,1.5788,0.000232,-0.0,0.0
17.96,FLIGHT,0.9403,1.5507,0.1078,0.1018,0.1065,0.1003,-0.0159,-0.1902,0.0069,0.0078,1.0347,-0.0419,1.5791,0.000232,-0.0,0.0
17.965,FLIGHT,0.9408,1.5512,0.1064,0.1002,0.1052,0.0987,-0.0159,-0.1901,0.0068,0.0077,1.0342,-0.0421,1.5793,0.000231,-0.0,0.0
17.97,FLIGHT,0.9414,1.5517,0.1051,0.0986,0.1039,0.0972,-0.0158,-0.1901,0.0068,0.0075,1.0337,-0.0423,1.5795,0.000231,-0.0,0.0
17.975,FLIGHT,0.9419,1.5522,0.1038,0.097,0.1026,0.0956,-0.0158,-0.1901,0.0068,0.0074,1.0332,-0.0425,1.5797,0.000231,-0.0,0.0
17.98,FLIGHT,0.9424,1.5526,0.1025,0.0955,0.1013,0.0941,-0.0158,-0.19,0.0067,0.0073,1.0326,-0.0426,1.5799,0.000231,-0.0,0.0
17.985,FLIGHT,0.9429,1.5531,0.1012,0.094,0.1,0.0926,-0.0157,-0.19,0.0067,0.0072,1.0321,-0.0428,1.5802,0.000231,-0.0,0.0
17.99,FLIGHT,0.9434,1.5536,0.0999,0.0925,0.0988,0.0912,-0.0157,-0.19,0.0066,0.0071,1.0315,-0.043,1.5804,0.000231,-0.0,0.0
17.995,FLIGHT,0.9439,1.554,0.0987,0.091,0.0975,0.0897,-0.0157,-0.1899,0.0066,0.007,1.0309,-0.0432,1.5806,0.00023,-0.0,0.0
18.0,FLIGHT,0.9444,1.5545,0.0974,0.0896,0.0963,0.0883,-0.0156,-0.1899,0.0065,0.0068,1.0303,-0.0434,1.5808,0.00023,-0.0,0.0
18.005,FLIGHT,0.9448,1.5549,0.0962,0.0882,0.0951,0.0869,-0.0156,-0.1899,0.0065,0.0067,1.0297,-0.0436,1.581,0.00023,-0.0,0.0
18.01,FLIGHT,0.9453,1.5553,0.095,0.0868,0.0939,0.0856,-0.0156,-0.1898,0.0064,0.0066,1.029,-0.0438,1.5812,0.00023,-0.0,0.0
18.015,FLIGHT,0.9458,1.5558,0.0938,0.0855,0.0927,0.0842,-0.0155,-0.1898,0.0064,0.0065,1.0284,-0.0439,1.5814,0.00023,-0.0,0.0
18.02,FLIGHT,0.9462,1.5562,0.0926,0.0841,0.0915,0.0829,-0.0155,-0.1898,0.0063,0.0064,1.0277,-0.0441,1.5816,0.00023,-0.0,0.0
18.025,FLIGHT,0.9467,1.5566,0.0914,0.0828,0.0904,0.0817,-0.0155,-0.1897,0.0063,0.0063,1.027,-0.0443,1.5818,0.00023,-0.0,0.0
18.03,FLIGHT,0.9471,1.557,0.0903,0.0815,0.0892,0.0804,-0.0154,-0.1897,0.0062,0.0062,1.0263,-0.0445,1.582,0.000229,-0.0,0.0
18.035,FLIGHT,0.9476,1.5574,0.0891,0.0803,0.0881,0.0792,-0.0154,-0.1897,0.0062,0.0061,1.0255,-0.0447,1.5822,0.000229,-0.0,0.0
18.04,FLIGHT,0.948,1.5578,0.088,0.0791,0.087,0.078,-0.0154,-0.1896,0.0061,0.006,1.0248,-0.0448,1.5824,0.000229,-0.0,0.0
18.045,FLIGHT,0.9484,1.5582,0.0869,0.0778,0.0859,0.0768,-0.0153,-0.1896,0.0061,0.0059,1.024,-0.045,1.5825,0.000229,-0.0,0.0
18.05,FLIGHT,0.9489,1.5586,0.0857,0.0767,0.0847,0.0756,-0.0153,-0.1896,0.006,0.0058,1.0232,-0.0452,1.5827,0.000229,-0.0,0.0
18.055,FLIGHT,0.9493,1.5589,0.0846,0.0755,0.0837,0.0745,-0.0153,-0.1895,0.006,0.0058,1.0224,-0.0454,1.5829,0.000229,-0.0,0.0
18.06,FLIGHT,0.9497,1.5593,0.0835,0.0743,0.0826,0.0733,-0.0153,-0.1895,0.0059,0.0057,1.0216,-0.0455,1.5831,0.000229,-0.0,0.0
18.065,FLIGHT,0.9501,1.5597,0.0825,0.0732,0.0815,0.0722,-0.0152,-0.1895,0.0058,0.0056,1.0208,-0.0457,1.5833,0.000229,-0.0,0.0
18.07,FLIGHT,0.9505,1.56,0.0814,0.0721,0.0804,0.0712,-0.0152,-0.1895,0.0058,0.0055,1.0199,-0.0459,1.5835,0.000228,-0.0,0.0
18.075,FLIGHT,0.9509,1.5604,0.0803,0.0711,0.0794,0.0701,-0.0152,-0.1894,0.0057,0.0054,1.0191,-0.046,1.5836,0.000228,-0.0,0.0
18.08,FLIGHT,0.9513,1.5607,0.0793,0.07,0.0783,0.0691,-0.0151,-0.1894,0.0057,0.0053,1.0182,-0.0462,1.5838,0.000228,-0.0,0.0
18.085,FLIGHT,0.9517,1.5611,0.0782,0.069,0.0773,0.068,-0.0151,-0.1894,0.0056,0.0053,1.0173,-0.0464,1.584,0.000228,-0.0,0.0
18.09,FLIGHT,0.9521,1.5614,0.0772,0.0679,0.0763,0.067,-0.0151,-0.1894,0.0055,0.0052,1.0164,-0.0465,1.5842,0.000228,-0.0,0.0
18.095,FLIGHT,0.9525,1.5617,0.0762,0.0669,0.0752,0.066,-0.0151,-0.1893,0.0055,0.0051,1.0155,-0.0467,1.5843,0.000228,-0.0,0.0
18.1,FLIGHT,0.9528,1.5621,0.0751,0.066,0.0742,0.0651,-0.015,-0.1893,0.0054,0.005,1.0145,-0.0468,1.5845,0.000228,-0.0,0.0
18.105,FLIGHT,0.9532,1.5624,0.0741,0.065,0.0732,0.0641,-0.015,-0.1893,0.0053,0.0049,1.0136,-0.047,1.5847,0.000228,-0.0,0.0
18.11,FLIGHT,0.9536,1.5627,0.0731,0.064,0.0722,0.0632,-0.015,-0.1893,0.0053,0.0049,1.0126,-0.0472,1.5848,0.000228,-0.0,0.0
18.115,FLIGHT,0.9539,1.563,0.0721,0.0631,0.0713,0.0623,-0.015,-0.1892,0.0052,0.0048,1.0116,-0.0473,1.585,0.000228,-0.0,0.0
18.12,FLIGHT,0.9543,1.5633,0.0712,0.0622,0.0703,0.0614,-0.0149,-0.1892,0.0051,0.0047,1.0106,-0.0475,1.5851,0.000227,-0.0,0.0
18.125,FLIGHT,0.9546,1.5636,0.0702,0.0613,0.0693,0.0605,-0.0149,-0.1892,0.0051,0.0047,1.0096,-0.0476,1.5853,0.000227,-0.0,0.0
18.13,FLIGHT,0.955,1.5639,0.0692,0.0604,0.0683,0.0597,-0.0149,-0.1892,0.005,0.0046,1.0086,-0.0478,1.5855,0.000227,-0.0,0.0
18.135,FLIGHT,0.9553,1.5642,0.0682,0.0596,0.0674,0.0588,-0.0149,-0.1891,0.0049,0.0045,1.0075,-0.048,1.5856,0.000227,-0.0,0.0
18.14,FLIGHT,0.9557,1.5645,0.0673,0.0588,0.0664,0.058,-0.0148,-0.1891,0.0049,0.0045,1.0065,-0.0481,1.5858,0.000227,-0.0,0.0
18.145,FLIGHT,0.956,1.5648,0.0663,0.0579,0.0655,0.0572,-0.0148,-0.1891,0.0048,0.0044,1.0054,-0.0483,1.5859,0.000227,-0.0,0.0
18.15,FLIGHT,0.9563,1.5651,0.0654,0.0571,0.0646,0.0564,-0.0148,-0.1891,0.0047,0.0044,1.0043,-0.0484,1.5861,0.000227,-0.0,0.0
18.155,FLIGHT,0.9566,1.5654,0.0645,0.0563,0.0636,0.0556,-0.0148,-0.1891,0.0047,0.0043,1.0032,-0.0486,1.5862,0.000227,-0.0,0.0
18.16,FLIGHT,0.9569,1.5656,0.0635,0.0555,0.0627,0.0548,-0.0147,-0.189,0.0046,0.0042,1.0021,-0.0487,1.5864,0.000227,-0.0,0.0
18.165,FLIGHT,0.9573,1.5659,0.0626,0.0548,0.0618,0.0541,-0.0147,-0.189,0.0045,0.0042,1.001,-0.0489,1.5865,0.000227,-0.0,0.0
18.17,STANCE,0.9576,1.5663,0.076,0.0732,0.1788,0.2113,-0.0147,-0.189,0.0046,0.0057,0.9999,0.2062,-0.1306,0.000101,-0.2065,0.0413
18.175,STANCE,0.9609,1.5659,0.5119,-0.0761,0.9586,-0.6142,-0.014,-0.1891,0.107,-0.0142,0.9989,-0.0357,-0.6884,-0.002004,-0.4835,0.0987
18.18,STANCE,0.966,1.5597,0.861,-0.8801,0.759,-0.9286,-0.0122,-0.1897,0.2823,-0.0908,0.9976,-0.4154,-0.9638,-0.004073,-0.2947,0.063
18.185,STANCE,0.9669,1.5588,0.3619,-0.3454,-0.0782,0.2068,-0.0119,-0.1898,0.1154,-0.0357,0.9976,-0.4968,-1.7335,-0.004736,-0.03,0.0107
18.19,STANCE,0.967,1.5592,0.1475,-0.0889,0.2,-0.2,-0.012,-0.1898,0.04,-0.0099,0.9979,-0.6789,-2.2776,-0.004662,0.0459,0.0047
18.195,STANCE,0.9689,1.5553,0.3188,-0.6495,0.3399,-1.9546,-0.0111,-0.1901,0.1488,-0.0621,0.9981,-1.0085,-2.2796,-0.004268,0.1616,0.0043
18.2,STANCE,0.9722,1.5457,0.5896,-1.5226,1.0391,-2.1292,-0.0091,-0.191,0.3211,-0.14,0.9981,-1.3506,-1.8992,-0.003631,0.0555,0.0036
18.205,STANCE,0.9788,1.5334,1.1006,-2.1829,1.3512,-2.9048,-0.0062,-0.1921,0.514,-0.1942,0.9982,-1.7292,-1.3708,-0.003612,0.0108,0.0036
18.21,STANCE,0.9857,1.5183,1.2861,-2.766,1.2846,-3.1732,-0.0027,-0.1935,0.6373,-0.2325,0.9982,-1.8549,-0.6996,-0.0036,0.0166,0.0036
18.215,STANCE,0.9917,1.503,1.2063,-2.9674,1.0615,-2.9587,0.0006,-0.1947,0.6568,-0.236,0.9984,-1.7049,-0.1011,-0.003526,0.0214,0.0035
18.22,STANCE,0.9957,1.4884,0.9107,-2.917,0.6438,-2.7299,0.0035,-0.1958,0.5973,-0.2218,0.9986,-1.3033,0.4013,-0.003265,0.0598,0.0033
18.225,STANCE,0.9979,1.4752,0.568,-2.7117,0.2536,-2.5277,0.0058,-0.1968,0.5044,-0.1998,0.999,-0.778,0.7879,-0.002852,0.1014,0.0029
18.23,STANCE,0.9987,1.4632,0.2752,-2.4905,0.0612,-2.3035,0.0077,-0.1977,0.4174,-0.1798,0.9994,-0.2715,1.0647,-0.002311,0.1166,0.0023
18.235,STANCE,0.9988,1.4521,0.0979,-2.309,-0.0077,-2.1747,0.0093,-0.1985,0.3578,-0.1639,0.9998,0.054,1.2025,-0.001702,0.1271,0.0017
18.24,FLIGHT,0.9985,1.4421,-0.0211,-2.0631,-0.3175,-1.5303,0.0107,-0.1992,0.2996,-0.1446,1.0004,-1.2336,2.518,-0.001061,0.1427,0.0011
18.245,FLIGHT,0.9949,1.4375,-0.533,-1.2165,-1.0769,-0.3453,0.0107,-0.1996,0.0728,-0.0906,1.0013,-1.0588,2.366,-0.000242,0.1811,0.0002
18.25,FLIGHT,0.9882,1.438,-1.1157,-0.2807,-1.5857,0.485,0.0093,-0.1996,-0.1815,-0.0303,1.0025,-0.8009,2.1508,0.000572,0.1282,0.0
18.255,FLIGHT,0.9795,1.4418,-1.5479,0.4468,-1.8471,0.9777,0.007,-0.1994,-0.3739,0.0217,1.0038,-0.5619,1.9545,0.00106,0.0703,0.0
18.26,FLIGHT,0.97,1.4474,-1.7855,0.909,-1.9164,1.2124,0.0043,-0.1991,-0.487,0.0604,1.0052,-0.3756,1.8031,0.001307,0.0313,0.0
18.265,FLIGHT,0.9606,1.4536,-1.8553,1.1452,-1.8567,1.2746,0.0015,-0.1986,-0.5329,0.0856,1.0066,-0.244,1.6977,0.001396,0.006,0.0
18.27,FLIGHT,0.9516,1.4599,-1.8053,1.2203,-1.7213,1.2341,-0.0012,-0.1981,-0.5314,0.0989,1.008,-0.157,1.6296,0.001383,-0.0096,0.0019
18.275,FLIGHT,0.9434,1.4659,-1.6816,1.1943,-1.5494,1.1406,-0.0036,-0.1976,-0.501,0.1033,1.0093,-0.1025,1.5885,0.00131,-0.0187,0.0037
18.28,FLIGHT,0.9361,1.4713,-1.52,1.1132,-1.3663,1.0261,-0.0058,-0.1971,-0.4557,0.1014,1.0107,-0.0696,1.5653,0.001204,-0.0232,0.0046
18.285,FLIGHT,0.9297,1.4761,-1.3449,1.008,-1.1871,0.9095,-0.0078,-0.1967,-0.4049,0.0958,1.0119,-0.0503,1.5533,0.001083,-0.0247,0.0049
18.29,FLIGHT,0.9242,1.4804,-1.1715,0.8978,-1.0199,0.8006,-0.0094,-0.1963,-0.3542,0.0883,1.0132,-0.0393,1.5479,0.00096,-0.0244,0.0049
18.295,FLIGHT,0.9195,1.4842,-1.0083,0.7932,-0.8681,0.7037,-0.0109,-0.1959,-0.3068,0.0802,1.0144,-0.033,1.546,0.000842,-0.0229,0.0046
18.3,FLIGHT,0.9155,1.4875,-0.8592,0.699,-0.7325,0.62,-0.0121,-0.1956,-0.2638,0.0721,1.0155,-0.0294,1.546,0.000732,-0.0207,0.0041
18.305,FLIGHT,0.9122,1.4904,-0.7254,0.6169,-0.6126,0.5489,-0.0132,-0.1953,-0.2259,0.0645,1.0166,-0.0272,1.5468,0.000635,-0.0183,0.0037
18.31,FLIGHT,0.9094,1.493,-0.6068,0.5468,-0.5072,0.4892,-0.0141,-0.195,-0.1927,0.0577,1.0177,-0.0259,1.548,0.00055,-0.0157,0.0031
18.315,FLIGHT,0.9071,1.4953,-0.5024,0.4877,-0.4148,0.4392,-0.0148,-0.1948,-0.164,0.0516,1.0187,-0.025,1.5492,0.000478,-0.0132,0.0026
18.32,FLIGHT,0.9052,1.4974,-0.4107,0.4381,-0.3339,0.3976,-0.0155,-0.1945,-0.1392,0.0462,1.0197,-0.0244,1.5504,0.000418,-0.0108,0.0022
18.325,FLIGHT,0.9037,1.4993,-0.3305,0.3968,-0.2634,0.363,-0.016,-0.1943,-0.1178,0.0416,1.0207,-0.024,1.5516,0.000369,-0.0087,0.0017
18.33,FLIGHT,0.9026,1.501,-0.2604,0.3623,-0.2018,0.3341,-0.0165,-0.1942,-0.0993,0.0376,1.0216,-0.0238,1.5526,0.00033,-0.0069,0.0014
18.335,FLIGHT,0.9017,1.5026,-0.1993,0.3335,-0.1482,0.3101,-0.0169,-0.194,-0.0835,0.0341,1.0225,-0.0237,1.5536,0.0003,-0.0054,0.0011
18.34,FLIGHT,0.9011,1.5041,-0.146,0.3096,-0.1016,0.2901,-0.0172,-0.1939,-0.0699,0.0311,1.0234,-0.0237,1.5546,0.000276,-0.0041,0.0008
18.345,FLIGHT,0.9007,1.5055,-0.0997,0.2896,-0.0611,0.2733,-0.0175,-0.1937,-0.0582,0.0286,1.0242,-0.0239,1.5555,0.000258,-0.0031,0.0006
18.35,FLIGHT,0.9004,1.5069,-0.0595,0.273,-0.0261,0.2593,-0.0177,-0.1936,-0.0481,0.0264,1.025,-0.0241,1.5564,0.000244,-0.0023,0.0005
18.355,FLIGHT,0.9004,1.5081,-0.0247,0.259,0.0042,0.2476,-0.0179,-0.1935,-0.0394,0.0246,1.0258,-0.0245,1.5572,0.000235,-0.0016,0.0003
18.36,FLIGHT,0.9005,1.5094,0.0053,0.2473,0.0303,0.2377,-0.018,-0.1934,-0.032,0.023,1.0266,-0.0249,1.558,0.000228,-0.0011,0.0002
18.365,FLIGHT,0.9007,1.5105,0.0312,0.2374,0.0526,0.2293,-0.0181,-0.1933,-0.0257,0.0216,1.0273,-0.0253,1.5587,0.000223,-0.0007,0.0001
18.37,FLIGHT,0.901,1.5117,0.0534,0.2291,0.0718,0.2222,-0.0182,-0.1932,-0.0203,0.0204,1.028,-0.0258,1.5595,0.000221,-0.0004,0.0001
18.375,FLIGHT,0.9014,1.5127,0.0724,0.222,0.0881,0.2161,-0.0183,-0.1931,-0.0157,0.0194,1.0287,-0.0263,1.5602,0.000219,-0.0002,0.0
18.38,FLIGHT,0.9019,1.5138,0.0886,0.2159,0.1019,0.2109,-0.0183,-0.193,-0.0117,0.0186,1.0294,-0.0268,1.5608,0.000219,0.0,0.0
18.385,FLIGHT,0.9024,1.5149,0.1022,0.2107,0.1135,0.2063,-0.0184,-0.1929,-0.0084,0.0179,1.03,-0.0273,1.5615,0.000219,0.0001,0.0
18.39,FLIGHT,0.903,1.5159,0.1138,0.2061,0.1232,0.2023,-0.0184,-0.1928,-0.0055,0.0172,1.0306,-0.0278,1.5621,0.00022,0.0002,0.0
18.395,FLIGHT,0.9036,1.5169,0.1234,0.2021,0.1313,0.1986,-0.0184,-0.1927,-0.0032,0.0167,1.0312,-0.0283,1.5627,0.000221,0.0003,0.0
18.4,FLIGHT,0.9043,1.5179,0.1314,0.1984,0.1379,0.1954,-0.0184,-0.1926,-0.0011,0.0162,1.0317,-0.0289,1.5633,0.000222,0.0003,0.0
18.405,FLIGHT,0.905,1.5188,0.138,0.1952,0.1433,0.1923,-0.0184,-0.1926,0.0006,0.0158,1.0323,-0.0294,1.5639,0.000224,0.0003,0.0
18.41,FLIGHT,0.9057,1.5198,0.1434,0.1921,0.1476,0.1895,-0.0184,-0.1925,0.002,0.0154,1.0328,-0.0299,1.5644,0.000225,0.0003,0.0
18.415,FLIGHT,0.9065,1.5207,0.1476,0.1893,0.151,0.1869,-0.0184,-0.1924,0.0032,0.0151,1.0332,-0.0304,1.5649,0.000227,0.0003,0.0
18.42,FLIGHT,0.9073,1.5217,0.151,0.1867,0.1536,0.1844,-0.0183,-0.1923,0.0042,0.0148,1.0337,-0.0308,1.5654,0.000228,0.0003,0.0
18.425,FLIGHT,0.908,1.5226,0.1535,0.1842,0.1555,0.1819,-0.0183,-0.1923,0.005,0.0145,1.0341,-0.0313,1.5659,0.00023,0.0003,0.0
18.43,FLIGHT,0.9088,1.5235,0.1554,0.1817,0.1567,0.1796,-0.0183,-0.1922,0.0057,0.0142,1.0345,-0.0317,1.5664,0.000231,0.0002,0.0
18.435,FLIGHT,0.9096,1.5244,0.1566,0.1794,0.1575,0.1773,-0.0183,-0.1921,0.0062,0.014,1.0349,-0.0322,1.5668,0.000232,0.0002,0.0
18.44,FLIGHT,0.9104,1.5253,0.1574,0.177,0.1579,0.175,-0.0182,-0.1921,0.0067,0.0138,1.0353,-0.0326,1.5673,0.000233,0.0002,0.0
18.445,FLIGHT,0.9112,1.5261,0.1577,0.1747,0.1579,0.1727,-0.0182,-0.192,0.007,0.0136,1.0356,-0.033,1.5677,0.000234,0.0002,0.0
18.45,FLIGHT,0.912,1.527,0.1577,0.1725,0.1575,0.1704,-0.0181,-0.1919,0.0073,0.0134,1.0359,-0.0334,1.5681,0.000234,0.0001,0.0
18.455,FLIGHT,0.9127,1.5278,0.1574,0.1702,0.1569,0.1682,-0.0181,-0.1919,0.0075,0.0132,1.0362,-0.0338,1.5685,0.000235,0.0001,0.0
18.46,FLIGHT,0.9135,1.5287,0.1568,0.168,0.1561,0.166,-0.0181,-0.1918,0.0077,0.013,1.0365,-0.0341,1.5689,0.000236,0.0001,0.0
18.465,FLIGHT,0.9143,1.5295,0.156,0.1657,0.1552,0.1637,-0.018,-0.1917,0.0078,0.0128,1.0367,-0.0345,1.5693,0.000236,0.0001,0.0
18.47,FLIGHT,0.9151,1.5303,0.155,0.1635,0.154,0.1615,-0.018,-0.1917,0.0079,0.0126,1.0369,-0.0348,1.5697,0.000236,0.0001,0.0
18.475,FLIGHT,0.9158,1.5311,0.1538,0.1612,0.1528,0.1592,-0.018,-0.1916,0.008,0.0124,1.0371,-0.0352,1.57,0.000237,0.0001,0.0
18.48,FLIGHT,0.9166,1.5319,0.1526,0.159,0.1514,0.157,-0.0179,-0.1915,0.0081,0.0122,1.0373,-0.0355,1.5704,0.000237,0.0,0.0
18.485,FLIGHT,0.9174,1.5327,0.1512,0.1568,0.15,0.1548,-0.0179,-0.1915,0.0081,0.012,1.0374,-0.0358,1.5708,0.000237,0.0,0.0
18.49,FLIGHT,0.9181,1.5334,0.1498,0.1546,0.1485,0.1526,-0.0178,-0.1914,0.0081,0.0119,1.0375,-0.0361,1.5711,0.000237,0.0,0.0
18.495,FLIGHT,0.9188,1.5342,0.1483,0.1523,0.1469,0.1503,-0.0178,-0.1914,0.0081,0.0117,1.0376,-0.0364,1.5714,0.000237,0.0,0.0
18.5,FLIGHT,0.9196,1.5349,0.1467,0.1501,0.1453,0.1481,-0.0177,-0.1913,0.0081,0.0115,1.0377,-0.0367,1.5718,0.000237,-0.0,0.0
18.505,FLIGHT,0.9203,1.5357,0.1451,0.1479,0.1437,0.1459,-0.0177,-0.1912,0.0081,0.0113,1.0378,-0.037,1.5721,0.000237,-0.0,0.0
18.51,FLIGHT,0.921,1.5364,0.1435,0.1457,0.1421,0.1437,-0.0177,-0.1912,0.008,0.0112,1.0378,-0.0373,1.5724,0.000237,-0.0,0.0
18.515,FLIGHT,0.9217,1.5371,0.1419,0.1435,0.1404,0.1416,-0.0176,-0.1911,0.008,0.011,1.0378,-0.0375,1.5727,0.000237,-0.0,0.0
18.52,FLIGHT,0.9224,1.5378,0.1403,0.1414,0.1388,0.1394,-0.0176,-0.1911,0.008,0.0108,1.0378,-0.0378,1.573,0.000237,-0.0,0.0
18.525,FLIGHT,0.9231,1.5385,0.1386,0.1392,0.1371,0.1373,-0.0175,-0.191,0.008,0.0107,1.0378,-0.0381,1.5733,0.000237,-0.0,0.0
18.53,FLIGHT,0.9238,1.5392,0.137,0.1371,0.1355,0.1352,-0.0175,-0.191,0.0079,0.0105,1.0377,-0.0383,1.5736,0.000237,-0.0,0.0
18.535,FLIGHT,0.9245,1.5399,0.1353,0.1349,0.1339,0.1331,-0.0175,-0.1909,0.0079,0.0103,1.0376,-0.0386,1.5739,0.000237,-0.0,0.0
18.54,FLIGHT,0.9251,1.5405,0.1337,0.1328,0.1322,0.131,-0.0174,-0.1909,0.0078,0.0102,1.0375,-0.0388,1.5742,0.000236,-0.0,0.0
18.545,FLIGHT,0.9258,1.5412,0.1321,0.1308,0.1306,0.1289,-0.0174,-0.1908,0.0078,0.01,1.0374,-0.039,1.5745,0.000236,-0.0,0.0
18.55,FLIGHT,0.9264,1.5418,0.1305,0.1287,0.129,0.1269,-0.0174,-0.1908,0.0078,0.0098,1.0372,-0.0393,1.5748,0.000236,-0.0,0.0
18.555,FLIGHT,0.9271,1.5424,0.1289,0.1267,0.1274,0.1249,-0.0173,-0.1907,0.0077,0.0097,1.0371,-0.0395,1.575,0.000236,-0.0,0.0
18.56,FLIGHT,0.9277,1.5431,0.1273,0.1247,0.1259,0.1229,-0.0173,-0.1907,0.0077,0.0095,1.0369,-0.0397,1.5753,0.000236,-0.0,0.0
18.565,FLIGHT,0.9283,1.5437,0.1257,0.1227,0.1243,0.121,-0.0172,-0.1906,0.0076,0.0094,1.0367,-0.04,1.5756,0.000235,-0.0,0.0
18.57,FLIGHT,0.929,1.5443,0.1242,0.1208,0.1228,0.119,-0.0172,-0.1906,0.0076,0.0092,1.0364,-0.0402,1.5758,0.000235,-0.0,0.0
18.575,FLIGHT,0.9296,1.5449,0.1226,0.1189,0.1213,0.1171,-0.0172,-0.1905,0.0075,0.0091,1.0362,-0.0404,1.5761,0.000235,-0.0,0.0
18.58,FLIGHT,0.9302,1.5454,0.1211,0.117,0.1198,0.1153,-0.0171,-0.1905,0.0075,0.0089,1.0359,-0.0406,1.5763,0.000235,-0.0,0.0
18.585,FLIGHT,0.9308,1.546,0.1196,0.1151,0.1183,0.1134,-0.0171,-0.1905,0.0075,0.0088,1.0356,-0.0408,1.5766,0.000235,-0.0,0.0
18.59,FLIGHT,0.9314,1.5466,0.1182,0.1133,0.1169,0.1116,-0.0171,-0.1904,0.0074,0.0086,1.0353,-0.0411,1.5768,0.000234,-0.0,0.0
18.595,FLIGHT,0.9319,1.5471,0.1167,0.1115,0.1154,0.1098,-0.017,-0.1904,0.0074,0.0085,1.035,-0.0413,1.5771,0.000234,-0.0,0.0
18.6,FLIGHT,0.9325,1.5477,0.1153,0.1097,0.114,0.1081,-0.017,-0.1903,0.0073,0.0084,1.0346,-0.0415,1.5773,0.000234,-0.0,0.0
18.605,FLIGHT,0.9331,1.5482,0.1139,0.1079,0.1126,0.1064,-0.0169,-0.1903,0.0073,0.0082,1.0342,-0.0417,1.5776,0.000234,-0.0,0.0
18.61,FLIGHT,0.9336,1.5487,0.1125,0.1062,0.1112,0.1047,-0.0169,-0.1902,0.0073,0.0081,1.0338,-0.0419,1.5778,0.000234,-0.0,0.0
18.615,FLIGHT,0.9342,1.5493,0.1111,0.1045,0.1098,0.103,-0.0169,-0.1902,0.0072,0.008,1.0334,-0.0421,1.578,0.000233,-0.0,0.0
18.62,FLIGHT,0.9347,1.5498,0.1097,0.1029,0.1085,0.1014,-0.0168,-0.1902,0.0072,0.0078,1.033,-0.0423,1.5783,0.000233,-0.0,0.0
18.625,FLIGHT,0.9353,1.5503,0.1084,0.1012,0.1072,0.0998,-0.0168,-0.1901,0.0071,0.0077,1.0325,-0.0425,1.5785,0.000233,-0.0,0.0
18.63,FLIGHT,0.9358,1.5508,0.107,0.0996,0.1058,0.0982,-0.0168,-0.1901,0.0071,0.0076,1.0321,-0.0427,1.5787,0.000233,-0.0,0.0
18.635,FLIGHT,0.9363,1.5513,0.1057,0.098,0.1045,0.0966,-0.0167,-0.1901,0.007,0.0075,1.0316,-0.0429,1.5789,0.000233,-0.0,0.0
18.64,FLIGHT,0.9368,1.5517,0.1044,0.0965,0.1033,0.0951,-0.0167,-0.19,0.007,0.0073,1.0311,-0.0431,1.5792,0.000233,-0.0,0.0
18.645,FLIGHT,0.9374,1.5522,0.1031,0.095,0.102,0.0936,-0.0167,-0.19,0.0069,0.0072,1.0305,-0.0432,1.5794,0.000232,-0.0,0.0
18.65,FLIGHT,0.9379,1.5527,0.1019,0.0935,0.1007,0.0921,-0.0166,-0.19,0.0069,0.0071,1.03,-0.0434,1.5796,0.000232,-0.0,0.0
18.655,FLIGHT,0.9384,1.5531,0.1006,0.092,0.0995,0.0907,-0.0166,-0.1899,0.0069,0.007,1.0294,-0.0436,1.5798,0.000232,-0.0,0.0
18.66,FLIGHT,0.9389,1.5536,0.0994,0.0906,0.0983,0.0893,-0.0166,-0.1899,0.0068,0.0069,1.0288,-0.0438,1.58,0.000232,-0.0,0.0
18.665,FLIGHT,0.9393,1.554,0.0981,0.0891,0.097,0.0879,-0.0165,-0.1898,0.0068,0.0068,1.0282,-0.044,1.5802,0.000232,-0.0,0.0
18.67,FLIGHT,0.9398,1.5545,0.0969,0.0877,0.0958,0.0865,-0.0165,-0.1898,0.0067,0.0067,1.0276,-0.0442,1.5804,0.000232,-0.0,0.0
18.675,FLIGHT,0.9403,1.5549,0.0957,0.0864,0.0947,0.0852,-0.0165,-0.1898,0.0067,0.0065,1.027,-0.0444,1.5806,0.000231,-0.0,0.0
18.68,FLIGHT,0.9408,1.5553,0.0945,0.085,0.0935,0.0839,-0.0164,-0.1898,0.0066,0.0064,1.0263,-0.0445,1.5808,0.000231,-0.0,0.0
18.685,FLIGHT,0.9412,1.5557,0.0934,0.0837,0.0923,0.0826,-0.0164,-0.1897,0.0066,0.0063,1.0257,-0.0447,1.581,0.000231,-0.0,0.0
18.69,FLIGHT,0.9417,1.5561,0.0922,0.0824,0.0912,0.0813,-0.0164,-0.1897,0.0065,0.0062,1.025,-0.0449,1.5812,0.000231,-0.0,0.0
18.695,FLIGHT,0.9422,1.5565,0.0911,0.0812,0.09,0.0801,-0.0163,-0.1897,0.0065,0.0061,1.0243,-0.0451,1.5814,0.000231,-0.0,0.0
18.7,FLIGHT,0.9426,1.5569,0.0899,0.0799,0.0889,0.0788,-0.0163,-0.1896,0.0064,0.006,1.0235,-0.0452,1.5816,0.000231,-0.0,0.0
18.705,FLIGHT,0.943,1.5573,0.0888,0.0787,0.0878,0.0776,-0.0163,-0.1896,0.0063,0.006,1.0228,-0.0454,1.5818,0.000231,-0.0,0.0
18.71,FLIGHT,0.9435,1.5577,0.0877,0.0775,0.0867,0.0765,-0.0162,-0.1896,0.0063,0.0059,1.022,-0.0456,1.582,0.00023,-0.0,0.0
18.715,FLIGHT,0.9439,1.5581,0.0866,0.0763,0.0856,0.0753,-0.0162,-0.1895,0.0062,0.0058,1.0213,-0.0458,1.5822,0.00023,-0.0,0.0
18.72,FLIGHT,0.9443,1.5585,0.0855,0.0752,0.0845,0.0742,-0.0162,-0.1895,0.0062,0.0057,1.0205,-0.0459,1.5824,0.00023,-0.0,0.0
18.725,FLIGHT,0.9448,1.5588,0.0844,0.0741,0.0834,0.0731,-0.0161,-0.1895,0.0061,0.0056,1.0197,-0.0461,1.5825,0.00023,-0.0,0.0
18.73,FLIGHT,0.9452,1.5592,0.0833,0.073,0.0824,0.072,-0.0161,-0.1895,0.0061,0.0055,1.0188,-0.0463,1.5827,0.00023,-0.0,0.0
18.735,FLIGHT,0.9456,1.5595,0.0823,0.0719,0.0813,0.0709,-0.0161,-0.1894,0.006,0.0054,1.018,-0.0464,1.5829,0.00023,-0.0,0.0
18.74,FLIGHT,0.946,1.5599,0.0812,0.0708,0.0803,0.0699,-0.016,-0.1894,0.0059,0.0053,1.0172,-0.0466,1.5831,0.00023,-0.0,0.0
18.745,FLIGHT,0.9464,1.5602,0.0802,0.0698,0.0792,0.0688,-0.016,-0.1894,0.0059,0.0053,1.0163,-0.0468,1.5833,0.00023,-0.0,0.0
18.75,FLIGHT,0.9468,1.5606,0.0791,0.0687,0.0782,0.0678,-0.016,-0.1894,0.0058,0.0052,1.0154,-0.0469,1.5834,0.00023,-0.0,0.0
18.755,FLIGHT,0.9472,1.5609,0.0781,0.0677,0.0772,0.0668,-0.016,-0.1893,0.0058,0.0051,1.0145,-0.0471,1.5836,0.000229,-0.0,0.0
18.76,FLIGHT,0.9475,1.5613,0.0771,0.0667,0.0762,0.0659,-0.0159,-0.1893,0.0057,0.005,1.0136,-0.0472,1.5838,0.000229,-0.0,0.0
18.765,FLIGHT,0.9479,1.5616,0.0761,0.0658,0.0752,0.0649,-0.0159,-0.1893,0.0056,0.005,1.0126,-0.0474,1.5839,0.000229,-0.0,0.0
18.77,FLIGHT,0.9483,1.5619,0.0751,0.0648,0.0742,0.064,-0.0159,-0.1893,0.0056,0.0049,1.0117,-0.0476,1.5841,0.000229,-0.0,0.0
18.775,FLIGHT,0.9487,1.5622,0.0741,0.0639,0.0732,0.0631,-0.0158,-0.1892,0.0055,0.0048,1.0107,-0.0477,1.5843,0.000229,-0.0,0.0
18.78,FLIGHT,0.949,1.5625,0.0731,0.063,0.0722,0.0622,-0.0158,-0.1892,0.0054,0.0048,1.0098,-0.0479,1.5844,0.000229,-0.0,0.0
18.785,FLIGHT,0.9494,1.5628,0.0721,0.0621,0.0712,0.0613,-0.0158,-0.1892,0.0054,0.0047,1.0088,-0.048,1.5846,0.000229,-0.0,0.0
18.79,FLIGHT,0.9497,1.5631,0.0711,0.0612,0.0703,0.0604,-0.0158,-0.1892,0.0053,0.0046,1.0078,-0.0482,1.5848,0.000229,-0.0,0.0
18.795,FLIGHT,0.9501,1.5634,0.0702,0.0603,0.0693,0.0596,-0.0157,-0.1891,0.0052,0.0046,1.0067,-0.0484,1.5849,0.000229,-0.0,0.0
18.8,FLIGHT,0.9504,1.5637,0.0692,0.0595,0.0683,0.0587,-0.0157,-0.1891,0.0052,0.0045,1.0057,-0.0485,1.5851,0.000229,-0.0,0.0
18.805,FLIGHT,0.9508,1.564,0.0683,0.0586,0.0674,0.0579,-0.0157,-0.1891,0.0051,0.0044,1.0047,-0.0487,1.5852,0.000229,-0.0,0.0
18.81,FLIGHT,0.9511,1.5643,0.0673,0.0578,0.0665,0.0571,-0.0157,-0.1891,0.005,0.0044,1.0036,-0.0488,1.5854,0.000229,-0.0,0.0
18.815,FLIGHT,0.9514,1.5646,0.0664,0.057,0.0655,0.0563,-0.0156,-0.189,0.0049,0.0043,1.0025,-0.049,1.5855,0.000228,-0.0,0.0
18.82,FLIGHT,0.9518,1.5649,0.0654,0.0562,0.0646,0.0555,-0.0156,-0.189,0.0049,0.0043,1.0014,-0.0491,1.5857,0.000228,-0.0,0.0
18.825,FLIGHT,0.9521,1.5652,0.0645,0.0555,0.0637,0.0548,-0.0156,-0.189,0.0048,0.0042,1.0003,-0.0493,1.5859,0.000228,-0.0,0.0
18.83,STANCE,0.9537,1.5656,0.2895,0.0617,0.7618,-0.1212,-0.0153,-0.189,0.0465,0.0013,0.9994,0.1228,-0.4922,-0.000874,-0.4311,0.0871
18.835,STANCE,0.9589,1.562,0.8138,-0.5406,1.2043,-1.4046,-0.0139,-0.1894,0.2267,-0.0613,0.9982,-0.2586,-0.878,-0.003119,-0.4111,0.0853
18.84,STANCE,0.9631,1.5575,0.7446,-0.6948,0.19,-0.2091,-0.0125,-0.1899,0.2352,-0.0727,0.9976,-0.5153,-1.3863,-0.004558,-0.1041,0.0254
18.845,STANCE,0.9633,1.5575,0.2595,-0.2209,0.04,-0.0184,-0.0124,-0.1899,0.0791,-0.0234,0.9978,-0.5956,-2.0732,-0.00468,0.0307,0.0047
18.85,STANCE,0.9644,1.5561,0.2542,-0.3053,0.4267,-0.6242,-0.012,-0.19,0.0896,-0.0308,0.9981,-0.8528,-2.3657,-0.004386,0.0804,0.0044
18.855,STANCE,0.9665,1.5484,0.3919,-1.1641,0.6784,-1.5728,-0.0106,-0.1907,0.2333,-0.1085,0.9981,-1.1496,-2.0981,-0.00372,0.089,0.0037
18.86,STANCE,0.9719,1.5385,0.8947,-1.7737,1.3302,-2.4571,-0.0082,-0.1917,0.4154,-0.1625,0.9982,-1.546,-1.6903,-0.003651,-0.0195,0.0076
18.865,STANCE,0.9787,1.5241,1.2108,-2.5361,1.3237,-3.1603,-0.0049,-0.1929,0.587,-0.2205,0.9982,-1.7809,-1.0053,-0.003695,0.0032,0.0037
18.87,STANCE,0.9852,1.5085,1.26,-2.9473,1.2197,-3.0905,-0.0015,-0.1943,0.6609,-0.2419,0.9983,-1.759,-0.3393,-0.00372,-0.004,0.0045
18.875,STANCE,0.9902,1.4932,1.0611,-3.009,0.7408,-3.0271,0.0017,-0.1955,0.6372,-0.2347,0.9984,-1.4662,0.2212,-0.003618,0.0538,0.0036
18.88,STANCE,0.9932,1.4791,0.7249,-2.8656,0.4647,-2.6097,0.0043,-0.1966,0.5556,-0.2151,0.9987,-0.9828,0.6671,-0.003328,0.06,0.0033
18.885,STANCE,0.9945,1.4663,0.3964,-2.6389,0.1042,-2.472,0.0064,-0.1975,0.4615,-0.193,0.999,-0.4535,0.9942,-0.002895,0.1069,0.0029
18.89,STANCE,0.9948,1.4547,0.1599,-2.4279,-0.0144,-2.2822,0.0082,-0.1984,0.3864,-0.1744,0.9994,-0.0356,1.1918,-0.002359,0.1203,0.0024
18.895,FLIGHT,0.995,1.444,0.0828,-2.2203,0.072,-2.048,0.0098,-0.1991,0.3426,-0.1563,0.9999,-1.228,2.5174,-0.001829,0.1035,0.0018
18.9,FLIGHT,0.9932,1.4371,-0.261,-1.5768,-0.7571,-0.7544,0.0104,-0.1996,0.18,-0.1131,1.0007,-1.1412,2.4349,-0.001177,0.1543,0.0012
18.905,FLIGHT,0.9878,1.4359,-0.8549,-0.6201,-1.3768,0.211,0.0095,-0.1998,-0.0797,-0.0519,1.0018,-0.8988,2.2308,-0.000322,0.1839,0.0003
18.91,FLIGHT,0.9799,1.4386,-1.3615,0.2004,-1.7331,0.8237,0.0075,-0.1996,-0.3011,0.0042,1.003,-0.6463,2.0225,0.000536,0.138,0.0
18.915,FLIGHT,0.9708,1.4436,-1.6763,0.7618,-1.8709,1.1471,0.005,-0.1993,-0.4447,0.0482,1.0044,-0.4392,1.8537,0.001061,0.076,0.0
18.92,FLIGHT,0.9615,1.4497,-1.8081,1.0775,-1.8565,1.2668,0.0023,-0.1989,-0.5148,0.0783,1.0058,-0.2881,1.7321,0.00133,0.0344,0.0
18.925,FLIGHT,0.9524,1.4561,-1.8014,1.2072,-1.7481,1.2597,-0.0005,-0.1984,-0.5298,0.0958,1.0072,-0.186,1.6514,0.001429,0.0075,0.0
18.93,FLIGHT,0.9441,1.4622,-1.7044,1.2146,-1.59,1.1829,-0.003,-0.1979,-0.5094,0.1031,1.0085,-0.1207,1.6015,0.001422,-0.0092,0.0018
18.935,FLIGHT,0.9365,1.4679,-1.5573,1.1512,-1.4123,1.0746,-0.0053,-0.1974,-0.4692,0.1033,1.0099,-0.0807,1.5725,0.00135,-0.0187,0.0037
18.94,FLIGHT,0.9299,1.4729,-1.3884,1.0533,-1.2335,0.9581,-0.0073,-0.197,-0.4205,0.0988,1.0112,-0.0571,1.5569,0.001242,-0.0236,0.0047
18.945,FLIGHT,0.9242,1.4774,-1.2161,0.9443,-1.064,0.8461,-0.009,-0.1965,-0.37,0.0919,1.0124,-0.0434,1.5494,0.001119,-0.0253,0.0051
18.95,FLIGHT,0.9193,1.4814,-1.0511,0.8373,-0.9086,0.7448,-0.0106,-0.1961,-0.3217,0.0838,1.0136,-0.0356,1.5464,0.000993,-0.025,0.005
18.955,FLIGHT,0.9151,1.4849,-0.8988,0.7392,-0.7689,0.6564,-0.0119,-0.1958,-0.2774,0.0757,1.0147,-0.031,1.5457,0.000871,-0.0235,0.0047
18.96,FLIGHT,0.9116,1.488,-0.7613,0.6528,-0.645,0.5808,-0.013,-0.1955,-0.238,0.0679,1.0159,-0.0283,1.5463,0.000759,-0.0214,0.0043
18.965,FLIGHT,0.9086,1.4907,-0.6389,0.5783,-0.5358,0.5169,-0.0139,-0.1952,-0.2034,0.0607,1.0169,-0.0267,1.5473,0.000658,-0.0188,0.0038
18.97,FLIGHT,0.9062,1.4932,-0.5307,0.5152,-0.4399,0.4634,-0.0147,-0.1949,-0.1734,0.0543,1.0179,-0.0256,1.5485,0.00057,-0.0162,0.0032
18.975,FLIGHT,0.9042,1.4954,-0.4356,0.4621,-0.356,0.4186,-0.0154,-0.1947,-0.1474,0.0487,1.0189,-0.0248,1.5497,0.000496,-0.0136,0.0027
18.98,FLIGHT,0.9026,1.4974,-0.3523,0.4176,-0.2826,0.3813,-0.016,-0.1945,-0.1249,0.0438,1.0199,-0.0243,1.5508,0.000434,-0.0112,0.0022
18.985,FLIGHT,0.9014,1.4992,-0.2795,0.3805,-0.2185,0.3501,-0.0165,-0.1943,-0.1056,0.0395,1.0208,-0.0239,1.5519,0.000383,-0.0091,0.0018
18.99,FLIGHT,0.9004,1.5009,-0.2158,0.3495,-0.1627,0.3242,-0.0169,-0.1941,-0.0889,0.0358,1.0217,-0.0238,1.5529,0.000342,-0.0072,0.0014
18.995,FLIGHT,0.8997,1.5025,-0.1604,0.3236,-0.114,0.3025,-0.0172,-0.194,-0.0746,0.0327,1.0226,-0.0238,1.5539,0.00031,-0.0057,0.0011
19.0,FLIGHT,0.8993,1.5039,-0.1121,0.302,-0.0718,0.2843,-0.0175,-0.1938,-0.0622,0.03,1.0234,-0.0238,1.5548,0.000285,-0.0044,0.0009
19.005,FLIGHT,0.899,1.5053,-0.0701,0.2839,-0.0351,0.2691,-0.0178,-0.1937,-0.0516,0.0276,1.0243,-0.024,1.5556,0.000266,-0.0033,0.0007
19.01,FLIGHT,0.8989,1.5066,-0.0337,0.2688,-0.0034,0.2564,-0.0179,-0.1936,-0.0425,0.0256,1.025,-0.0243,1.5565,0.000252,-0.0024,0.0005
19.015,FLIGHT,0.8989,1.5079,-0.0022,0.2561,0.0239,0.2456,-0.0181,-0.1935,-0.0347,0.0239,1.0258,-0.0247,1.5573,0.000241,-0.0018,0.0004
19.02,FLIGHT,0.8991,1.5091,0.0249,0.2453,0.0474,0.2365,-0.0182,-0.1934,-0.028,0.0225,1.0265,-0.0251,1.5581,0.000234,-0.0012,0.0002
19.025,FLIGHT,0.8994,1.5102,0.0482,0.2363,0.0676,0.2288,-0.0183,-0.1933,-0.0222,0.0212,1.0272,-0.0255,1.5588,0.000229,-0.0008,0.0002
19.03,FLIGHT,0.8998,1.5114,0.0682,0.2285,0.0847,0.2222,-0.0184,-0.1932,-0.0173,0.0201,1.0279,-0.026,1.5595,0.000226,-0.0005,0.0001
19.035,FLIGHT,0.9003,1.5125,0.0853,0.2219,0.0993,0.2165,-0.0185,-0.1931,-0.0131,0.0192,1.0286,-0.0265,1.5602,0.000224,-0.0003,0.0001
19.04,FLIGHT,0.9008,1.5135,0.0997,0.2162,0.1116,0.2115,-0.0185,-0.193,-0.0096,0.0184,1.0292,-0.027,1.5609,0.000223,-0.0001,0.0
19.045,FLIGHT,0.9014,1.5146,0.112,0.2113,0.122,0.2071,-0.0185,-0.1929,-0.0066,0.0177,1.0298,-0.0275,1.5615,0.000223,0.0001,0.0
19.05,FLIGHT,0.902,1.5156,0.1222,0.2069,0.1306,0.2032,-0.0185,-0.1928,-0.004,0.0172,1.0304,-0.028,1.5621,0.000223,0.0001,0.0
19.055,FLIGHT,0.9027,1.5166,0.1307,0.203,0.1377,0.1997,-0.0186,-0.1927,-0.0019,0.0166,1.0309,-0.0286,1.5627,0.000224,0.0002,0.0
19.06,FLIGHT,0.9034,1.5176,0.1378,0.1995,0.1435,0.1965,-0.0186,-0.1926,-0.0,0.0162,1.0315,-0.0291,1.5633,0.000225,0.0002,0.0
19.065,FLIGHT,0.9041,1.5186,0.1435,0.1963,0.1481,0.1935,-0.0185,-0.1926,0.0015,0.0158,1.032,-0.0296,1.5638,0.000227,0.0002,0.0
19.07,FLIGHT,0.9049,1.5195,0.1481,0.1933,0.1518,0.1908,-0.0185,-0.1925,0.0028,0.0154,1.0324,-0.0301,1.5643,0.000228,0.0003,0.0
19.075,FLIGHT,0.9056,1.5205,0.1518,0.1905,0.1546,0.1881,-0.0185,-0.1924,0.0038,0.0151,1.0329,-0.0305,1.5649,0.000229,0.0002,0.0
19.08,FLIGHT,0.9064,1.5214,0.1546,0.1879,0.1567,0.1856,-0.0185,-0.1923,0.0047,0.0148,1.0333,-0.031,1.5654,0.00023,0.0002,0.0
19.085,FLIGHT,0.9072,1.5223,0.1566,0.1853,0.1582,0.1831,-0.0184,-0.1923,0.0054,0.0145,1.0337,-0.0315,1.5658,0.000231,0.0002,0.0
19.09,FLIGHT,0.908,1.5233,0.1581,0.1829,0.1591,0.1807,-0.0184,-0.1922,0.006,0.0143,1.0341,-0.0319,1.5663,0.000232,0.0002,0.0
19.095,FLIGHT,0.9088,1.5241,0.159,0.1805,0.1596,0.1783,-0.0184,-0.1921,0.0065,0.0141,1.0345,-0.0323,1.5668,0.000233,0.0002,0.0
19.1,FLIGHT,0.9096,1.525,0.1595,0.1781,0.1597,0.176,-0.0183,-0.1921,0.0069,0.0138,1.0348,-0.0327,1.5672,0.000234,0.0002,0.0
19.105,FLIGHT,0.9104,1.5259,0.1596,0.1758,0.1595,0.1737,-0.0183,-0.192,0.0072,0.0136,1.0351,-0.0331,1.5676,0.000235,0.0001,0.0
19.11,FLIGHT,0.9112,1.5268,0.1593,0.1734,0.159,0.1714,-0.0183,-0.1919,0.0075,0.0134,1.0354,-0.0335,1.568,0.000236,0.0001,0.0
19.115,FLIGHT,0.912,1.5276,0.1588,0.1711,0.1582,0.1691,-0.0182,-0.1919,0.0077,0.0132,1.0356,-0.0339,1.5684,0.000236,0.0001,0.0
19.12,FLIGHT,0.9128,1.5285,0.158,0.1688,0.1573,0.1668,-0.0182,-0.1918,0.0078,0.013,1.0359,-0.0343,1.5688,0.000237,0.0001,0.0
19.125,FLIGHT,0.9135,1.5293,0.1571,0.1666,0.1562,0.1645,-0.0182,-0.1917,0.008,0.0128,1.0361,-0.0346,1.5692,0.000237,0.0001,0.0
19.13,FLIGHT,0.9143,1.5301,0.156,0.1643,0.1549,0.1622,-0.0181,-0.1917,0.008,0.0126,1.0363,-0.0349,1.5696,0.000237,0.0001,0.0
19.135,FLIGHT,0.9151,1.5309,0.1548,0.162,0.1536,0.16,-0.0181,-0.1916,0.0081,0.0125,1.0364,-0.0353,1.57,0.000238,0.0,0.0
19.14,FLIGHT,0.9159,1.5317,0.1534,0.1597,0.1522,0.1577,-0.018,-0.1915,0.0081,0.0123,1.0366,-0.0356,1.5703,0.000238,0.0,0.0
19.145,FLIGHT,0.9166,1.5325,0.152,0.1575,0.1507,0.1554,-0.018,-0.1915,0.0082,0.0121,1.0367,-0.0359,1.5707,0.000238,0.0,0.0
19.15,FLIGHT,0.9174,1.5333,0.1505,0.1552,0.1491,0.1532,-0.0179,-0.1914,0.0082,0.0119,1.0368,-0.0362,1.571,0.000238,0.0,0.0
19.155,FLIGHT,0.9181,1.534,0.1489,0.1529,0.1475,0.1509,-0.0179,-0.1914,0.0082,0.0117,1.0368,-0.0365,1.5713,0.000238,-0.0,0.0
19.16,FLIGHT,0.9188,1.5348,0.1473,0.1507,0.1459,0.1487,-0.0179,-0.1913,0.0081,0.0116,1.0369,-0.0368,1.5717,0.000238,-0.0,0.0
19.165,FLIGHT,0.9196,1.5355,0.1457,0.1485,0.1442,0.1465,-0.0178,-0.1913,0.0081,0.0114,1.0369,-0.0371,1.572,0.000238,-0.0,0.0
19.17,FLIGHT,0.9203,1.5362,0.1441,0.1462,0.1426,0.1442,-0.0178,-0.1912,0.0081,0.0112,1.0369,-0.0374,1.5723,0.000238,-0.0,0.0
19.175,FLIGHT,0.921,1.537,0.1424,0.144,0.1409,0.1421,-0.0177,-0.1911,0.0081,0.011,1.0369,-0.0376,1.5726,0.000238,-0.0,0.0
19.18,FLIGHT,0.9217,1.5377,0.1407,0.1418,0.1392,0.1399,-0.0177,-0.1911,0.008,0.0109,1.0369,-0.0379,1.5729,0.000238,-0.0,0.0
19.185,FLIGHT,0.9224,1.5384,0.1391,0.1397,0.1376,0.1377,-0.0177,-0.191,0.008,0.0107,1.0368,-0.0382,1.5732,0.000237,-0.0,0.0
19.19,FLIGHT,0.9231,1.539,0.1374,0.1375,0.1359,0.1356,-0.0176,-0.191,0.0079,0.0105,1.0367,-0.0384,1.5735,0.000237,-0.0,0.0
19.195,FLIGHT,0.9237,1.5397,0.1357,0.1354,0.1343,0.1335,-0.0176,-0.1909,0.0079,0.0104,1.0366,-0.0387,1.5738,0.000237,-0.0,0.0
19.2,FLIGHT,0.9244,1.5404,0.1341,0.1333,0.1326,0.1314,-0.0175,-0.1909,0.0079,0.0102,1.0365,-0.0389,1.5741,0.000237,-0.0,0.0
19.205,FLIGHT,0.9251,1.541,0.1325,0.1312,0.131,0.1293,-0.0175,-0.1908,0.0078,0.01,1.0363,-0.0392,1.5744,0.000237,-0.0,0.0
19.21,FLIGHT,0.9257,1.5417,0.1308,0.1291,0.1294,0.1273,-0.0175,-0.1908,0.0078,0.0099,1.0362,-0.0394,1.5747,0.000237,-0.0,0.0
19.215,FLIGHT,0.9264,1.5423,0.1292,0.1271,0.1278,0.1253,-0.0174,-0.1907,0.0077,0.0097,1.036,-0.0396,1.5749,0.000236,-0.0,0.0
19.22,FLIGHT,0.927,1.5429,0.1276,0.1251,0.1262,0.1233,-0.0174,-0.1907,0.0077,0.0096,1.0357,-0.0399,1.5752,0.000236,-0.0,0.0
19.225,FLIGHT,0.9276,1.5435,0.1261,0.1231,0.1247,0.1213,-0.0174,-0.1906,0.0077,0.0094,1.0355,-0.0401,1.5755,0.000236,-0.0,0.0
19.23,FLIGHT,0.9282,1.5441,0.1245,0.1211,0.1231,0.1194,-0.0173,-0.1906,0.0076,0.0093,1.0353,-0.0403,1.5758,0.000236,-0.0,0.0
19.235,FLIGHT,0.9289,1.5447,0.123,0.1192,0.1216,0.1175,-0.0173,-0.1905,0.0076,0.0091,1.035,-0.0405,1.576,0.000235,-0.0,0.0
19.24,FLIGHT,0.9295,1.5453,0.1215,0.1173,0.1201,0.1156,-0.0172,-0.1905,0.0075,0.009,1.0347,-0.0407,1.5763,0.000235,-0.0,0.0
19.245,FLIGHT,0.9301,1.5459,0.12,0.1154,0.1186,0.1138,-0.0172,-0.1905,0.0075,0.0088,1.0344,-0.041,1.5765,0.000235,-0.0,0.0
19.25,FLIGHT,0.9306,1.5464,0.1185,0.1136,0.1172,0.112,-0.0172,-0.1904,0.0074,0.0087,1.034,-0.0412,1.5768,0.000235,-0.0,0.0
19.255,FLIGHT,0.9312,1.547,0.117,0.1118,0.1157,0.1102,-0.0171,-0.1904,0.0074,0.0085,1.0337,-0.0414,1.577,0.000235,-0.0,0.0
19.26,FLIGHT,0.9318,1.5475,0.1156,0.11,0.1143,0.1084,-0.0171,-0.1903,0.0074,0.0084,1.0333,-0.0416,1.5773,0.000234,-0.0,0.0
19.265,FLIGHT,0.9324,1.5481,0.1141,0.1083,0.1129,0.1067,-0.0171,-0.1903,0.0073,0.0082,1.0329,-0.0418,1.5775,0.000234,-0.0,0.0
19.27,FLIGHT,0.9329,1.5486,0.1127,0.1065,0.1115,0.105,-0.017,-0.1902,0.0073,0.0081,1.0325,-0.042,1.5777,0.000234,-0.0,0.0
19.275,FLIGHT,0.9335,1.5491,0.1113,0.1048,0.1101,0.1033,-0.017,-0.1902,0.0072,0.008,1.032,-0.0422,1.578,0.000234,-0.0,0.0
19.28,FLIGHT,0.934,1.5496,0.11,0.1032,0.1087,0.1017,-0.0169,-0.1902,0.0072,0.0078,1.0316,-0.0424,1.5782,0.000234,-0.0,0.0
19.285,FLIGHT,0.9346,1.5501,0.1086,0.1015,0.1074,0.1001,-0.0169,-0.1901,0.0071,0.0077,1.0311,-0.0426,1.5784,0.000234,-0.0,0.0
19.29,FLIGHT,0.9351,1.5506,0.1073,0.0999,0.1061,0.0985,-0.0169,-0.1901,0.0071,0.0076,1.0306,-0.0428,1.5787,0.000233,-0.0,0.0
19.295,FLIGHT,0.9356,1.5511,0.1059,0.0983,0.1048,0.0969,-0.0168,-0.1901,0.007,0.0075,1.0301,-0.043,1.5789,0.000233,-0.0,0.0
19.3,FLIGHT,0.9361,1.5516,0.1046,0.0968,0.1035,0.0954,-0.0168,-0.19,0.007,0.0074,1.0296,-0.0432,1.5791,0.000233,-0.0,0.0
19.305,FLIGHT,0.9367,1.5521,0.1033,0.0953,0.1022,0.0939,-0.0168,-0.19,0.007,0.0072,1.029,-0.0434,1.5793,0.000233,-0.0,0.0
19.31,FLIGHT,0.9372,1.5526,0.1021,0.0938,0.1009,0.0924,-0.0167,-0.19,0.0069,0.0071,1.0285,-0.0436,1.5795,0.000233,-0.0,0.0
19.315,FLIGHT,0.9377,1.553,0.1008,0.0923,0.0997,0.091,-0.0167,-0.1899,0.0069,0.007,1.0279,-0.0438,1.5798,0.000232,-0.0,0.0
19.32,FLIGHT,0.9382,1.5535,0.0995,0.0909,0.0984,0.0896,-0.0167,-0.1899,0.0068,0.0069,1.0273,-0.0439,1.58,0.000232,-0.0,0.0
19.325,FLIGHT,0.9387,1.5539,0.0983,0.0894,0.0972,0.0882,-0.0166,-0.1898,0.0068,0.0068,1.0267,-0.0441,1.5802,0.000232,-0.0,0.0
19.33,FLIGHT,0.9391,1.5543,0.0971,0.088,0.096,0.0868,-0.0166,-0.1898,0.0067,0.0067,1.026,-0.0443,1.5804,0.000232,-0.0,0.0
19.335,FLIGHT,0.9396,1.5548,0.0959,0.0867,0.0948,0.0855,-0.0166,-0.1898,0.0067,0.0066,1.0254,-0.0445,1.5806,0.000232,-0.0,0.0
19.34,FLIGHT,0.9401,1.5552,0.0947,0.0853,0.0936,0.0842,-0.0165,-0.1897,0.0066,0.0065,1.0247,-0.0447,1.5808,0.000232,-0.0,0.0
19.345,FLIGHT,0.9406,1.5556,0.0935,0.084,0.0924,0.0829,-0.0165,-0.1897,0.0065,0.0064,1.024,-0.0449,1.581,0.000232,-0.0,0.0
19.35,FLIGHT,0.941,1.556,0.0923,0.0827,0.0913,0.0816,-0.0165,-0.1897,0.0065,0.0063,1.0233,-0.045,1.5812,0.000231,-0.0,0.0
19.355,FLIGHT,0.9415,1.5564,0.0912,0.0815,0.0901,0.0803,-0.0164,-0.1897,0.0064,0.0062,1.0226,-0.0452,1.5814,0.000231,-0.0,0.0
19.36,FLIGHT,0.9419,1.5568,0.09,0.0802,0.089,0.0791,-0.0164,-0.1896,0.0064,0.0061,1.0218,-0.0454,1.5816,0.000231,-0.0,0.0
19.365,FLIGHT,0.9424,1.5572,0.0889,0.079,0.0879,0.0779,-0.0164,-0.1896,0.0063,0.006,1.0211,-0.0456,1.5818,0.000231,-0.0,0.0
19.37,FLIGHT,0.9428,1.5576,0.0878,0.0778,0.0868,0.0767,-0.0163,-0.1896,0.0063,0.0059,1.0203,-0.0457,1.582,0.000231,-0.0,0.0
19.375,FLIGHT,0.9432,1.558,0.0866,0.0766,0.0856,0.0756,-0.0163,-0.1895,0.0062,0.0058,1.0195,-0.0459,1.5821,0.000231,-0.0,0.0
19.38,FLIGHT,0.9436,1.5584,0.0855,0.0755,0.0846,0.0745,-0.0163,-0.1895,0.0062,0.0057,1.0187,-0.0461,1.5823,0.000231,-0.0,0.0
19.385,FLIGHT,0.9441,1.5587,0.0844,0.0743,0.0835,0.0733,-0.0163,-0.1895,0.0061,0.0056,1.0179,-0.0462,1.5825,0.000231,-0.0,0.0
19.39,FLIGHT,0.9445,1.5591,0.0834,0.0732,0.0824,0.0723,-0.0162,-0.1895,0.006,0.0055,1.017,-0.0464,1.5827,0.00023,-0.0,0.0
19.395,FLIGHT,0.9449,1.5595,0.0823,0.0722,0.0813,0.0712,-0.0162,-0.1894,0.006,0.0054,1.0162,-0.0466,1.5829,0.00023,-0.0,0.0
19.4,FLIGHT,0.9453,1.5598,0.0812,0.0711,0.0803,0.0701,-0.0162,-0.1894,0.0059,0.0054,1.0153,-0.0468,1.583,0.00023,-0.0,0.0
19.405,FLIGHT,0.9457,1.5602,0.0802,0.07,0.0792,0.0691,-0.0161,-0.1894,0.0059,0.0053,1.0144,-0.0469,1.5832,0.00023,-0.0,0.0
19.41,FLIGHT,0.9461,1.5605,0.0791,0.069,0.0782,0.0681,-0.0161,-0.1893,0.0058,0.0052,1.0135,-0.0471,1.5834,0.00023,-0.0,0.0
19.415,FLIGHT,0.9465,1.5608,0.0781,0.068,0.0772,0.0671,-0.0161,-0.1893,0.0057,0.0051,1.0126,-0.0472,1.5836,0.00023,-0.0,0.0
19.42,FLIGHT,0.9469,1.5612,0.0771,0.067,0.0761,0.0661,-0.016,-0.1893,0.0057,0.0051,1.0116,-0.0474,1.5837,0.00023,-0.0,0.0
19.425,FLIGHT,0.9472,1.5615,0.076,0.066,0.0751,0.0652,-0.016,-0.1893,0.0056,0.005,1.0107,-0.0476,1.5839,0.00023,-0.0,0.0
19.43,FLIGHT,0.9476,1.5618,0.075,0.0651,0.0741,0.0642,-0.016,-0.1892,0.0055,0.0049,1.0097,-0.0477,1.5841,0.00023,-0.0,0.0
19.435,FLIGHT,0.948,1.5621,0.074,0.0641,0.0731,0.0633,-0.016,-0.1892,0.0055,0.0048,1.0088,-0.0479,1.5843,0.00023,-0.0,0.0
19.44,FLIGHT,0.9483,1.5625,0.073,0.0632,0.0721,0.0624,-0.0159,-0.1892,0.0054,0.0048,1.0078,-0.0481,1.5844,0.000229,-0.0,0.0
19.445,FLIGHT,0.9487,1.5628,0.072,0.0623,0.0712,0.0615,-0.0159,-0.1892,0.0053,0.0047,1.0068,-0.0482,1.5846,0.000229,-0.0,0.0
19.45,FLIGHT,0.9491,1.5631,0.0711,0.0614,0.0702,0.0607,-0.0159,-0.1892,0.0053,0.0046,1.0057,-0.0484,1.5847,0.000229,-0.0,0.0
19.455,FLIGHT,0.9494,1.5634,0.0701,0.0606,0.0692,0.0598,-0.0159,-0.1891,0.0052,0.0046,1.0047,-0.0485,1.5849,0.000229,-0.0,0.0
19.46,FLIGHT,0.9497,1.5637,0.0691,0.0597,0.0683,0.059,-0.0158,-0.1891,0.0051,0.0045,1.0037,-0.0487,1.5851,0.000229,-0.0,0.0
19.465,FLIGHT,0.9501,1.564,0.0682,0.0589,0.0673,0.0582,-0.0158,-0.1891,0.005,0.0045,1.0026,-0.0488,1.5852,0.000229,-0.0,0.0
19.47,FLIGHT,0.9504,1.5643,0.0672,0.0581,0.0664,0.0574,-0.0158,-0.1891,0.005,0.0044,1.0015,-0.049,1.5854,0.000229,-0.0,0.0
19.475,FLIGHT,0.9507,1.5645,0.0663,0.0573,0.0654,0.0566,-0.0158,-0.189,0.0049,0.0043,1.0004,-0.0492,1.5855,0.000229,-0.0,0.0
19.48,STANCE,0.952,1.5653,0.219,0.1237,0.6091,0.053,-0.0156,-0.189,0.0249,0.0082,0.9995,0.167,-0.3909,-0.000651,-0.3816,0.077
19.485,STANCE,0.9569,1.5633,0.7778,-0.2893,1.1989,-1.067,-0.0144,-0.1893,0.186,-0.0381,0.9984,-0.1925,-0.859,-0.002863,-0.4203,0.0869
19.49,STANCE,0.9618,1.5576,0.8532,-0.7925,0.3335,-0.4154,-0.0127,-0.1898,0.2689,-0.0834,0.9976,-0.4956,-1.2383,-0.00442,-0.1316,0.0307
19.495,STANCE,0.962,1.5576,0.2894,-0.2367,-0.0427,0.1325,-0.0127,-0.1899,0.0869,-0.0253,0.9977,-0.5433,-1.9844,-0.004603,0.024,0.0046
19.5,STANCE,0.9625,1.5573,0.1773,-0.1485,0.28,-0.3428,-0.0126,-0.1899,0.0537,-0.0158,0.998,-0.7531,-2.3946,-0.00432,0.081,0.0043
19.505,STANCE,0.9644,1.5519,0.312,-0.9014,0.4876,-1.8918,-0.0115,-0.1904,0.1817,-0.085,0.998,-1.0457,-2.2321,-0.003697,0.1376,0.0037
19.51,STANCE,0.9686,1.543,0.711,-1.5122,1.2249,-2.0704,-0.0095,-0.1912,0.3429,-0.1407,0.9982,-1.4016,-1.8807,-0.003455,-0.0256,0.0086
19.515,STANCE,0.9754,1.5305,1.1602,-2.2444,1.3102,-3.0522,-0.0064,-0.1924,0.5342,-0.2002,0.9982,-1.7099,-1.2513,-0.003631,-0.0005,0.0037
19.52,STANCE,0.9823,1.515,1.2873,-2.8317,1.2114,-3.2621,-0.0029,-0.1937,0.647,-0.2382,0.9982,-1.7573,-0.5279,-0.003712,0.009,0.0037
19.525,STANCE,0.9879,1.4994,1.1619,-3.0162,0.9942,-2.9807,0.0004,-0.195,0.6553,-0.2403,0.9983,-1.5366,0.089,-0.003699,0.0079,0.0037
19.53,STANCE,0.9916,1.4848,0.8544,-2.9385,0.5485,-2.7836,0.0032,-0.1961,0.5895,-0.2241,0.9985,-1.096,0.5811,-0.003507,0.0548,0.0035
19.535,STANCE,0.9935,1.4716,0.5159,-2.7268,0.2524,-2.4921,0.0055,-0.1971,0.4964,-0.2017,0.9988,-0.5715,0.9425,-0.003156,0.0783,0.0032
19.54,STANCE,0.9942,1.4595,0.2438,-2.5065,0.0489,-2.3258,0.0073,-0.198,0.4134,-0.1816,0.9992,-0.1179,1.1724,-0.002681,0.1057,0.0027
19.545,FLIGHT,0.9945,1.4485,0.1223,-2.287,0.0708,-2.1097,0.009,-0.1988,0.3594,-0.1624,0.9996,-1.1427,2.4573,-0.00218,0.1019,0.0022
19.55,FLIGHT,0.9936,1.4402,-0.1203,-1.796,-0.5467,-1.0602,0.01,-0.1994,0.2401,-0.1277,1.0003,-1.0957,2.4076,-0.001592,0.1406,0.0016
19.555,FLIGHT,0.9892,1.4375,-0.6674,-0.8863,-1.1704,-0.0631,0.0096,-0.1996,-0.003,-0.069,1.0013,-0.8824,2.2261,-0.0008,0.1725,0.0008
19.56,FLIGHT,0.9823,1.439,-1.1702,-0.0543,-1.5503,0.5926,0.008,-0.1996,-0.2256,-0.0132,1.0024,-0.6411,2.026,9.2e-05,0.1691,0.0
19.565,FLIGHT,0.9741,1.443,-1.4996,0.5409,-1.7104,0.9604,0.0057,-0.1994,-0.3776,0.0312,1.0037,-0.4371,1.859,0.000755,0.0998,0.0
19.57,FLIGHT,0.9655,1.4482,-1.6508,0.8954,-1.7169,1.1187,0.0033,-0.199,-0.4578,0.0624,1.0051,-0.2857,1.7367,0.001125,0.0512,0.0
19.575,FLIGHT,0.9571,1.4539,-1.6631,1.061,-1.6261,1.1432,0.0008,-0.1986,-0.4823,0.0811,1.0064,-0.1823,1.6546,0.001295,0.0192,0.0
19.58,FLIGHT,0.9493,1.4595,-1.5831,1.0988,-1.4824,1.0917,-0.0016,-0.1981,-0.47,0.0899,1.0077,-0.1158,1.6033,0.001336,-0.001,0.0002
19.585,FLIGHT,0.9423,1.4648,-1.45,1.0602,-1.3165,1.0034,-0.0037,-0.1977,-0.4364,0.0916,1.009,-0.0749,1.5733,0.001298,-0.0132,0.0026
19.59,FLIGHT,0.9362,1.4696,-1.2927,0.9822,-1.1474,0.9028,-0.0056,-0.1973,-0.3929,0.0886,1.0103,-0.0508,1.557,0.001213,-0.0198,0.004
19.595,FLIGHT,0.9308,1.4738,-1.1301,0.8891,-0.9859,0.8037,-0.0072,-0.1969,-0.3466,0.0831,1.0115,-0.037,1.549,0.001105,-0.0228,0.0046
19.6,FLIGHT,0.9263,1.4776,-0.9733,0.795,-0.8374,0.7128,-0.0086,-0.1965,-0.3017,0.0763,1.0127,-0.0292,1.5458,0.000989,-0.0234,0.0047
19.605,FLIGHT,0.9224,1.481,-0.8279,0.7073,-0.7039,0.633,-0.0099,-0.1962,-0.2602,0.0693,1.0138,-0.0249,1.5451,0.000874,-0.0226,0.0045
19.61,FLIGHT,0.9192,1.484,-0.6965,0.6294,-0.5854,0.5644,-0.0109,-0.1959,-0.2231,0.0625,1.0149,-0.0225,1.5456,0.000765,-0.0208,0.0042
19.615,FLIGHT,0.9166,1.4866,-0.5795,0.5621,-0.4811,0.5065,-0.0118,-0.1957,-0.1905,0.0563,1.016,-0.0211,1.5467,0.000666,-0.0186,0.0037
19.62,FLIGHT,0.9144,1.489,-0.4763,0.5049,-0.3896,0.4579,-0.0126,-0.1954,-0.1622,0.0507,1.017,-0.0203,1.5479,0.000579,-0.0162,0.0032
19.625,FLIGHT,0.9126,1.4912,-0.3856,0.4567,-0.3098,0.4173,-0.0132,-0.1952,-0.1376,0.0458,1.018,-0.0198,1.5492,0.000505,-0.0137,0.0027
19.63,FLIGHT,0.9113,1.4932,-0.3064,0.4164,-0.2401,0.3834,-0.0137,-0.195,-0.1164,0.0415,1.0189,-0.0196,1.5504,0.000442,-0.0114,0.0023
19.635,FLIGHT,0.9102,1.4951,-0.2372,0.3827,-0.1794,0.3552,-0.0142,-0.1948,-0.0982,0.0378,1.0198,-0.0195,1.5515,0.000391,-0.0092,0.0018
19.64,FLIGHT,0.9095,1.4968,-0.1769,0.3546,-0.1267,0.3316,-0.0146,-0.1947,-0.0826,0.0346,1.0207,-0.0195,1.5525,0.000349,-0.0074,0.0015
19.645,FLIGHT,0.909,1.4984,-0.1245,0.3311,-0.0808,0.3119,-0.0149,-0.1945,-0.0691,0.0319,1.0216,-0.0196,1.5535,0.000316,-0.0058,0.0012
19.65,FLIGHT,0.9087,1.4999,-0.079,0.3115,-0.0411,0.2954,-0.0152,-0.1944,-0.0575,0.0295,1.0224,-0.0199,1.5545,0.00029,-0.0045,0.0009
19.655,FLIGHT,0.9085,1.5014,-0.0396,0.295,-0.0068,0.2816,-0.0154,-0.1942,-0.0476,0.0275,1.0232,-0.0202,1.5554,0.000271,-0.0034,0.0007
19.66,FLIGHT,0.9086,1.5027,-0.0055,0.2812,0.0228,0.2699,-0.0155,-0.1941,-0.0391,0.0257,1.024,-0.0206,1.5563,0.000256,-0.0026,0.0005
19.665,FLIGHT,0.9088,1.5041,0.0239,0.2696,0.0482,0.26,-0.0157,-0.194,-0.0318,0.0243,1.0248,-0.0211,1.5571,0.000245,-0.0019,0.0004
19.67,FLIGHT,0.9091,1.5053,0.0491,0.2597,0.07,0.2515,-0.0158,-0.1939,-0.0255,0.023,1.0255,-0.0216,1.5579,0.000237,-0.0013,0.0003
19.675,FLIGHT,0.9094,1.5066,0.0707,0.2513,0.0886,0.2443,-0.0159,-0.1938,-0.0202,0.0219,1.0262,-0.0221,1.5587,0.000231,-0.0009,0.0002
19.68,FLIGHT,0.9099,1.5078,0.0891,0.2441,0.1043,0.2381,-0.016,-0.1937,-0.0156,0.021,1.0269,-0.0226,1.5594,0.000228,-0.0006,0.0001
19.685,FLIGHT,0.9105,1.509,0.1048,0.2378,0.1176,0.2326,-0.016,-0.1936,-0.0118,0.0202,1.0275,-0.0232,1.5601,0.000225,-0.0003,0.0001
19.69,FLIGHT,0.9111,1.5101,0.118,0.2324,0.1288,0.2278,-0.0161,-0.1935,-0.0085,0.0195,1.0281,-0.0238,1.5608,0.000224,-0.0001,0.0
19.695,FLIGHT,0.9118,1.5112,0.129,0.2276,0.138,0.2236,-0.0161,-0.1934,-0.0057,0.0189,1.0287,-0.0244,1.5615,0.000224,-0.0,0.0
19.7,FLIGHT,0.9125,1.5123,0.1382,0.2233,0.1457,0.2197,-0.0161,-0.1933,-0.0033,0.0183,1.0293,-0.0249,1.5621,0.000224,0.0001,0.0
19.705,FLIGHT,0.9132,1.5134,0.1458,0.2194,0.1519,0.2161,-0.0161,-0.1932,-0.0014,0.0179,1.0299,-0.0255,1.5628,0.000225,0.0002,0.0
19.71,FLIGHT,0.914,1.5145,0.1519,0.2159,0.1569,0.2128,-0.0161,-0.1931,0.0003,0.0174,1.0304,-0.026,1.5634,0.000226,0.0002,0.0
19.715,FLIGHT,0.9148,1.5156,0.1569,0.2126,0.1608,0.2098,-0.0161,-0.193,0.0017,0.0171,1.0309,-0.0266,1.5639,0.000227,0.0002,0.0
19.72,FLIGHT,0.9156,1.5166,0.1608,0.2095,0.1638,0.2068,-0.0161,-0.1929,0.0029,0.0167,1.0314,-0.0271,1.5645,0.000228,0.0002,0.0
19.725,FLIGHT,0.9164,1.5176,0.1638,0.2066,0.1661,0.204,-0.016,-0.1929,0.0038,0.0164,1.0318,-0.0276,1.565,0.000229,0.0002,0.0
19.73,FLIGHT,0.9173,1.5186,0.1659,0.2038,0.1676,0.2013,-0.016,-0.1928,0.0046,0.0161,1.0322,-0.0281,1.5656,0.00023,0.0002,0.0
19.735,FLIGHT,0.9181,1.5196,0.1675,0.201,0.1686,0.1986,-0.016,-0.1927,0.0053,0.0159,1.0326,-0.0286,1.5661,0.000231,0.0002,0.0
19.74,FLIGHT,0.9189,1.5206,0.1684,0.1983,0.169,0.196,-0.016,-0.1926,0.0058,0.0156,1.033,-0.0291,1.5666,0.000232,0.0002,0.0
19.745,FLIGHT,0.9198,1.5216,0.1689,0.1957,0.1691,0.1934,-0.0159,-0.1926,0.0062,0.0154,1.0334,-0.0295,1.567,0.000233,0.0002,0.0
19.75,FLIGHT,0.9206,1.5226,0.1689,0.1931,0.1688,0.1908,-0.0159,-0.1925,0.0066,0.0151,1.0337,-0.03,1.5675,0.000233,0.0001,0.0
19.755,FLIGHT,0.9215,1.5235,0.1686,0.1906,0.1682,0.1883,-0.0159,-0.1924,0.0068,0.0149,1.034,-0.0304,1.5679,0.000234,0.0001,0.0
19.76,FLIGHT,0.9223,1.5244,0.168,0.188,0.1673,0.1857,-0.0158,-0.1923,0.007,0.0147,1.0343,-0.0308,1.5684,0.000235,0.0001,0.0
19.765,FLIGHT,0.9232,1.5254,0.1671,0.1855,0.1662,0.1832,-0.0158,-0.1923,0.0072,0.0145,1.0345,-0.0312,1.5688,0.000235,0.0001,0.0
19.77,FLIGHT,0.924,1.5263,0.166,0.1829,0.165,0.1806,-0.0157,-0.1922,0.0073,0.0143,1.0348,-0.0316,1.5692,0.000235,0.0001,0.0
19.775,FLIGHT,0.9248,1.5272,0.1648,0.1804,0.1636,0.1781,-0.0157,-0.1921,0.0074,0.0141,1.035,-0.032,1.5696,0.000236,0.0001,0.0
19.78,FLIGHT,0.9256,1.5281,0.1634,0.1779,0.1621,0.1756,-0.0157,-0.192,0.0075,0.0139,1.0352,-0.0323,1.57,0.000236,0.0,0.0
19.785,FLIGHT,0.9264,1.5289,0.1619,0.1753,0.1605,0.1731,-0.0156,-0.192,0.0075,0.0137,1.0353,-0.0327,1.5704,0.000236,0.0,0.0
19.79,FLIGHT,0.9272,1.5298,0.1603,0.1728,0.1588,0.1706,-0.0156,-0.1919,0.0075,0.0135,1.0355,-0.033,1.5708,0.000236,0.0,0.0
19.795,FLIGHT,0.928,1.5306,0.1586,0.1703,0.1571,0.1681,-0.0156,-0.1918,0.0076,0.0133,1.0356,-0.0334,1.5712,0.000236,0.0,0.0
19.8,FLIGHT,0.9288,1.5315,0.1569,0.1678,0.1553,0.1656,-0.0155,-0.1918,0.0075,0.0131,1.0357,-0.0337,1.5715,0.000236,-0.0,0.0
19.805,FLIGHT,0.9296,1.5323,0.1551,0.1653,0.1535,0.1631,-0.0155,-0.1917,0.0075,0.0129,1.0357,-0.034,1.5719,0.000236,-0.0,0.0
19.81,FLIGHT,0.9303,1.5331,0.1533,0.1628,0.1516,0.1606,-0.0154,-0.1917,0.0075,0.0127,1.0358,-0.0343,1.5722,0.000236,-0.0,0.0
19.815,FLIGHT,0.9311,1.5339,0.1514,0.1604,0.1498,0.1582,-0.0154,-0.1916,0.0075,0.0125,1.0358,-0.0346,1.5726,0.000236,-0.0,0.0
19.82,FLIGHT,0.9318,1.5347,0.1496,0.1579,0.1479,0.1558,-0.0154,-0.1915,0.0074,0.0123,1.0358,-0.0349,1.5729,0.000236,-0.0,0.0
19.825,FLIGHT,0.9326,1.5355,0.1478,0.1555,0.1461,0.1533,-0.0153,-0.1915,0.0074,0.0121,1.0358,-0.0352,1.5732,0.000236,-0.0,0.0
19.83,FLIGHT,0.9333,1.5362,0.1459,0.1531,0.1442,0.151,-0.0153,-0.1914,0.0074,0.0119,1.0357,-0.0355,1.5736,0.000236,-0.0,0.0
19.835,FLIGHT,0.934,1.537,0.144,0.1507,0.1424,0.1486,-0.0153,-0.1914,0.0073,0.0117,1.0357,-0.0358,1.5739,0.000235,-0.0,0.0
19.84,FLIGHT,0.9347,1.5377,0.1422,0.1484,0.1406,0.1463,-0.0152,-0.1913,0.0073,0.0116,1.0356,-0.0361,1.5742,0.000235,-0.0,0.0
19.845,FLIGHT,0.9354,1.5384,0.1404,0.146,0.1387,0.1439,-0.0152,-0.1912,0.0072,0.0114,1.0355,-0.0364,1.5745,0.000235,-0.0,0.0
19.85,FLIGHT,0.9361,1.5391,0.1386,0.1437,0.1369,0.1416,-0.0152,-0.1912,0.0072,0.0112,1.0353,-0.0366,1.5748,0.000235,-0.0,0.0
19.855,FLIGHT,0.9368,1.5398,0.1368,0.1414,0.1352,0.1394,-0.0151,-0.1911,0.0072,0.011,1.0352,-0.0369,1.5751,0.000235,-0.0,0.0
19.86,FLIGHT,0.9375,1.5405,0.135,0.1392,0.1334,0.1372,-0.0151,-0.1911,0.0071,0.0108,1.035,-0.0371,1.5754,0.000234,-0.0,0.0
19.865,FLIGHT,0.9381,1.5412,0.1332,0.1369,0.1316,0.135,-0.015,-0.191,0.0071,0.0107,1.0348,-0.0374,1.5757,0.000234,-0.0,0.0
19.87,FLIGHT,0.9388,1.5419,0.1315,0.1347,0.1299,0.1328,-0.015,-0.191,0.007,0.0105,1.0346,-0.0377,1.576,0.000234,-0.0,0.0
19.875,FLIGHT,0.9394,1.5425,0.1297,0.1326,0.1282,0.1306,-0.015,-0.1909,0.007,0.0103,1.0344,-0.0379,1.5763,0.000234,-0.0,0.0
19.88,FLIGHT,0.94,1.5432,0.128,0.1304,0.1265,0.1285,-0.0149,-0.1909,0.0069,0.0101,1.0341,-0.0381,1.5765,0.000233,-0.0,0.0
19.885,FLIGHT,0.9407,1.5438,0.1264,0.1283,0.1249,0.1265,-0.0149,-0.1908,0.0069,0.01,1.0338,-0.0384,1.5768,0.000233,-0.0,0.0
19.89,FLIGHT,0.9413,1.5445,0.1247,0.1263,0.1232,0.1244,-0.0149,-0.1908,0.0068,0.0098,1.0335,-0.0386,1.5771,0.000233,-0.0,0.0
19.895,FLIGHT,0.9419,1.5451,0.1231,0.1242,0.1216,0.1224,-0.0148,-0.1907,0.0068,0.0097,1.0332,-0.0389,1.5774,0.000233,-0.0,0.0
19.9,FLIGHT,0.9425,1.5457,0.1214,0.1222,0.12,0.1204,-0.0148,-0.1907,0.0067,0.0095,1.0329,-0.0391,1.5776,0.000232,-0.0,0.0
19.905,FLIGHT,0.9431,1.5463,0.1198,0.1202,0.1184,0.1185,-0.0148,-0.1906,0.0067,0.0093,1.0325,-0.0393,1.5779,0.000232,-0.0,0.0
19.91,FLIGHT,0.9437,1.5469,0.1183,0.1183,0.1169,0.1165,-0.0147,-0.1906,0.0067,0.0092,1.0321,-0.0395,1.5781,0.000232,-0.0,0.0
19.915,FLIGHT,0.9443,1.5474,0.1167,0.1164,0.1153,0.1147,-0.0147,-0.1905,0.0066,0.009,1.0317,-0.0398,1.5784,0.000232,-0.0,0.0
19.92,FLIGHT,0.9449,1.548,0.1152,0.1145,0.1138,0.1128,-0.0147,-0.1905,0.0066,0.0089,1.0313,-0.04,1.5786,0.000232,-0.0,0.0
19.925,FLIGHT,0.9454,1.5486,0.1136,0.1126,0.1123,0.111,-0.0146,-0.1905,0.0065,0.0088,1.0309,-0.0402,1.5789,0.000231,-0.0,0.0
19.93,FLIGHT,0.946,1.5491,0.1121,0.1108,0.1108,0.1092,-0.0146,-0.1904,0.0065,0.0086,1.0304,-0.0404,1.5791,0.000231,-0.0,0.0
19.935,FLIGHT,0.9465,1.5497,0.1107,0.109,0.1094,0.1074,-0.0146,-0.1904,0.0064,0.0085,1.0299,-0.0406,1.5794,0.000231,-0.0,0.0
19.94,FLIGHT,0.9471,1.5502,0.1092,0.1073,0.1079,0.1057,-0.0145,-0.1903,0.0064,0.0083,1.0294,-0.0409,1.5796,0.000231,-0.0,0.0
19.945,FLIGHT,0.9476,1.5507,0.1078,0.1055,0.1065,0.104,-0.0145,-0.1903,0.0063,0.0082,1.0289,-0.0411,1.5798,0.00023,-0.0,0.0
19.95,FLIGHT,0.9481,1.5512,0.1063,0.1038,0.1051,0.1023,-0.0145,-0.1902,0.0063,0.0081,1.0284,-0.0413,1.5801,0.00023,-0.0,0.0
19.955,FLIGHT,0.9487,1.5517,0.1049,0.1022,0.1037,0.1007,-0.0144,-0.1902,0.0062,0.0079,1.0278,-0.0415,1.5803,0.00023,-0.0,0.0
19.96,FLIGHT,0.9492,1.5522,0.1035,0.1005,0.1023,0.0991,-0.0144,-0.1902,0.0062,0.0078,1.0273,-0.0417,1.5805,0.00023,-0.0,0.0
19.965,FLIGHT,0.9497,1.5527,0.1022,0.0989,0.1009,0.0975,-0.0144,-0.1901,0.0061,0.0077,1.0267,-0.0419,1.5807,0.00023,-0.0,0.0
19.97,FLIGHT,0.9502,1.5532,0.1008,0.0973,0.0996,0.0959,-0.0144,-0.1901,0.0061,0.0076,1.0261,-0.0421,1.581,0.000229,-0.0,0.0
19.975,FLIGHT,0.9507,1.5537,0.0995,0.0958,0.0983,0.0944,-0.0143,-0.1901,0.006,0.0074,1.0254,-0.0423,1.5812,0.000229,-0.0,0.0
19.98,FLIGHT,0.9512,1.5542,0.0981,0.0943,0.097,0.0929,-0.0143,-0.19,0.006,0.0073,1.0248,-0.0425,1.5814,0.000229,-0.0,0.0
19.985,FLIGHT,0.9516,1.5546,0.0968,0.0928,0.0957,0.0915,-0.0143,-0.19,0.0059,0.0072,1.0241,-0.0427,1.5816,0.000229,-0.0,0.0
19.99,FLIGHT,0.9521,1.5551,0.0955,0.0913,0.0944,0.09,-0.0142,-0.1899,0.0059,0.0071,1.0235,-0.0429,1.5818,0.000229,-0.0,0.0
19.995,FLIGHT,0.9526,1.5555,0.0943,0.0899,0.0931,0.0886,-0.0142,-0.1899,0.0058,0.007,1.0228,-0.0431,1.582,0.000229,-0.0,0.0
20.0,FLIGHT,0.953,1.556,0.093,0.0885,0.0919,0.0872,-0.0142,-0.1899,0.0058,0.0069,1.0221,-0.0433,1.5822,0.000228,-0.0,0.0
20.005,FLIGHT,0.9535,1.5564,0.0917,0.0871,0.0906,0.0858,-0.0142,-0.1898,0.0057,0.0067,1.0213,-0.0435,1.5824,0.000228,-0.0,0.0
20.01,FLIGHT,0.954,1.5568,0.0905,0.0857,0.0894,0.0845,-0.0141,-0.1898,0.0057,0.0066,1.0206,-0.0436,1.5826,0.000228,-0.0,0.0
20.015,FLIGHT,0.9544,1.5572,0.0893,0.0844,0.0882,0.0832,-0.0141,-0.1898,0.0056,0.0065,1.0198,-0.0438,1.5828,0.000228,-0.0,0.0
20.02,FLIGHT,0.9548,1.5576,0.0881,0.0831,0.087,0.0819,-0.0141,-0.1897,0.0056,0.0064,1.019,-0.044,1.583,0.000228,-0.0,0.0
20.025,FLIGHT,0.9553,1.5581,0.0869,0.0818,0.0858,0.0806,-0.014,-0.1897,0.0055,0.0063,1.0182,-0.0442,1.5832,0.000228,-0.0,0.0
20.03,FLIGHT,0.9557,1.5585,0.0857,0.0805,0.0846,0.0794,-0.014,-0.1897,0.0054,0.0062,1.0174,-0.0444,1.5834,0.000228,-0.0,0.0
20.035,FLIGHT,0.9561,1.5588,0.0845,0.0793,0.0835,0.0782,-0.014,-0.1897,0.0054,0.0061,1.0166,-0.0446,1.5836,0.000227,-0.0,0.0
20.04,FLIGHT,0.9565,1.5592,0.0833,0.0781,0.0823,0.077,-0.014,-0.1896,0.0053,0.006,1.0158,-0.0447,1.5838,0.000227,-0.0,0.0
20.045,FLIGHT,0.9569,1.5596,0.0822,0.0769,0.0812,0.0758,-0.0139,-0.1896,0.0053,0.006,1.0149,-0.0449,1.584,0.000227,-0.0,0.0
20.05,FLIGHT,0.9573,1.56,0.0811,0.0757,0.08,0.0746,-0.0139,-0.1896,0.0052,0.0059,1.014,-0.0451,1.5841,0.000227,-0.0,0.0
20.055,FLIGHT,0.9577,1.5604,0.0799,0.0745,0.0789,0.0735,-0.0139,-0.1895,0.0051,0.0058,1.0131,-0.0453,1.5843,0.000227,-0.0,0.0
20.06,FLIGHT,0.9581,1.5607,0.0788,0.0734,0.0778,0.0724,-0.0139,-0.1895,0.0051,0.0057,1.0122,-0.0454,1.5845,0.000227,-0.0,0.0
20.065,FLIGHT,0.9585,1.5611,0.0777,0.0723,0.0767,0.0713,-0.0138,-0.1895,0.005,0.0056,1.0113,-0.0456,1.5847,0.000227,-0.0,0.0
20.07,FLIGHT,0.9589,1.5614,0.0766,0.0712,0.0756,0.0702,-0.0138,-0.1895,0.0049,0.0055,1.0104,-0.0458,1.5848,0.000227,-0.0,0.0
20.075,FLIGHT,0.9593,1.5618,0.0755,0.0701,0.0745,0.0692,-0.0138,-0.1894,0.0049,0.0054,1.0094,-0.046,1.585,0.000226,-0.0,0.0
20.08,FLIGHT,0.9596,1.5621,0.0744,0.0691,0.0735,0.0682,-0.0138,-0.1894,0.0048,0.0054,1.0085,-0.0461,1.5852,0.000226,-0.0,0.0
20.085,FLIGHT,0.96,1.5625,0.0734,0.0681,0.0724,0.0672,-0.0137,-0.1894,0.0048,0.0053,1.0075,-0.0463,1.5854,0.000226,-0.0,0.0
20.09,FLIGHT,0.9604,1.5628,0.0723,0.0671,0.0714,0.0662,-0.0137,-0.1893,0.0047,0.0052,1.0065,-0.0465,1.5855,0.000226,-0.0,0.0
20.095,FLIGHT,0.9607,1.5631,0.0713,0.0661,0.0703,0.0652,-0.0137,-0.1893,0.0046,0.0051,1.0055,-0.0466,1.5857,0.000226,-0.0,0.0
20.1,FLIGHT,0.9611,1.5635,0.0702,0.0651,0.0693,0.0642,-0.0137,-0.1893,0.0046,0.0051,1.0045,-0.0468,1.5859,0.000226,-0.0,0.0
20.105,FLIGHT,0.9614,1.5638,0.0692,0.0641,0.0683,0.0633,-0.0136,-0.1893,0.0045,0.005,1.0034,-0.047,1.586,0.000226,-0.0,0.0
20.11,FLIGHT,0.9618,1.5641,0.0682,0.0632,0.0673,0.0624,-0.0136,-0.1892,0.0044,0.0049,1.0024,-0.0471,1.5862,0.000226,-0.0,0.0
20.115,FLIGHT,0.9621,1.5644,0.0672,0.0623,0.0663,0.0615,-0.0136,-0.1892,0.0043,0.0048,1.0013,-0.0473,1.5863,0.000226,-0.0,0.0
20.12,FLIGHT,0.9624,1.5647,0.0662,0.0614,0.0653,0.0606,-0.0136,-0.1892,0.0043,0.0048,1.0002,-0.0475,1.5865,0.000226,-0.0,0.0
20.125,STANCE,0.9641,1.5652,0.2996,0.0831,0.7823,-0.0741,-0.0133,-0.1892,0.0455,0.0037,0.9993,0.0811,-0.4912,-0.000727,-0.3751,0.0758
20.13,STANCE,0.9699,1.5627,0.9176,-0.372,1.3736,-1.1249,-0.0119,-0.1895,0.2242,-0.0448,0.9983,-0.3573,-0.9246,-0.002867,-0.4127,0.0854
20.135,STANCE,0.9751,1.5575,0.9147,-0.7396,0.3167,-0.2842,-0.0102,-0.19,0.2745,-0.0757,0.9976,-0.6689,-1.3248,-0.004302,-0.1028,0.0249
20.14,STANCE,0.9754,1.5578,0.3224,-0.1727,-0.0109,0.1732,-0.0102,-0.19,0.0848,-0.0188,0.9978,-0.7251,-2.035,-0.004397,0.0367,0.0044
20.145,STANCE,0.9759,1.5578,0.1987,-0.094,0.2775,-0.2729,-0.0101,-0.19,0.0505,-0.0104,0.9981,-0.9357,-2.3957,-0.00407,0.0871,0.0041
20.15,STANCE,0.9777,1.5532,0.2998,-0.7514,0.4318,-1.4507,-0.0091,-0.1904,0.1598,-0.0694,0.9981,-1.2005,-2.2331,-0.003431,0.1367,0.0034
20.155,STANCE,0.9817,1.5453,0.6844,-1.3413,1.1721,-1.9442,-0.0073,-0.1911,0.3156,-0.1218,0.9982,-1.5208,-1.8613,-0.003217,-0.0302,0.0093
20.16,STANCE,0.9879,1.5332,1.0612,-2.1383,1.2928,-2.7853,-0.0044,-0.1922,0.502,-0.1855,0.9982,-1.7587,-1.1857,-0.003354,-0.0263,0.0086
20.165,STANCE,0.9943,1.5187,1.187,-2.6716,1.1936,-2.9543,-0.0011,-0.1934,0.6066,-0.2194,0.9982,-1.7569,-0.4814,-0.003493,-0.0229,0.0081
20.17,STANCE,0.9994,1.5041,1.0529,-2.8485,0.8727,-2.8346,0.0019,-0.1946,0.6114,-0.2225,0.9983,-1.4872,0.1231,-0.003528,0.0023,0.0035
20.175,STANCE,1.0028,1.4904,0.7774,-2.7599,0.517,-2.5933,0.0046,-0.1957,0.5496,-0.2072,0.9985,-1.0287,0.5922,-0.00342,0.0319,0.0034
20.18,STANCE,1.0044,1.4777,0.455,-2.5953,0.1664,-2.4638,0.0067,-0.1966,0.466,-0.1898,0.9987,-0.5025,0.9466,-0.003132,0.0776,0.0031
20.185,STANCE,1.005,1.466,0.2226,-2.405,0.0897,-2.216,0.0085,-0.1975,0.3951,-0.1725,0.999,-0.0865,1.1539,-0.002746,0.0775,0.0027
20.19,FLIGHT,1.0054,1.4552,0.1195,-2.2328,0.0775,-2.096,0.0102,-0.1982,0.3514,-0.1571,0.9994,-1.12,2.4431,-0.002314,0.0908,0.0023
20.195,FLIGHT,1.0038,1.4479,-0.2164,-1.641,-0.6804,-0.8703,0.0109,-0.1988,0.1986,-0.1173,1.0,-1.0415,2.3678,-0.001733,0.139,0.0017
20.2,FLIGHT,0.9989,1.446,-0.7664,-0.7389,-1.2471,0.0487,0.0102,-0.1989,-0.0439,-0.0599,1.0009,-0.82,2.18,-0.000957,0.1678,0.001
20.205,FLIGHT,0.9917,1.4478,-1.2332,0.0415,-1.5768,0.6366,0.0085,-0.1989,-0.2513,-0.0076,1.002,-0.5881,1.9876,-8.9e-05,0.1764,0.0001
20.21,FLIGHT,0.9835,1.4519,-1.5229,0.5815,-1.7003,0.9564,0.0063,-0.1987,-0.3871,0.0332,1.0032,-0.3979,1.8318,0.000658,0.1145,0.0
20.215,FLIGHT,0.975,1.4571,-1.6416,0.8934,-1.6835,1.0855,0.0039,-0.1983,-0.4546,0.0612,1.0045,-0.2595,1.7198,0.001087,0.0606,0.0
20.22,FLIGHT,0.9668,1.4626,-1.6326,1.0313,-1.5814,1.0948,0.0015,-0.1979,-0.471,0.0776,1.0058,-0.1659,1.6456,0.001294,0.025,0.0
20.225,FLIGHT,0.9592,1.4679,-1.5412,1.0537,-1.4342,1.0374,-0.0008,-0.1975,-0.4544,0.0849,1.007,-0.1061,1.5996,0.001358,0.0023,0.0
20.23,FLIGHT,0.9525,1.4729,-1.4042,1.0086,-1.2696,0.9489,-0.0028,-0.1971,-0.4194,0.0857,1.0082,-0.0696,1.5729,0.001332,-0.0115,0.0023
20.235,FLIGHT,0.9465,1.4774,-1.2476,0.9296,-1.1043,0.851,-0.0046,-0.1967,-0.3761,0.0825,1.0094,-0.048,1.5585,0.001253,-0.0192,0.0038
20.24,FLIGHT,0.9414,1.4814,-1.0884,0.8386,-0.9478,0.7558,-0.0062,-0.1963,-0.3309,0.077,1.0105,-0.0356,1.5516,0.001147,-0.0228,0.0046
20.245,FLIGHT,0.937,1.485,-0.9361,0.7479,-0.8046,0.6692,-0.0076,-0.196,-0.2875,0.0706,1.0116,-0.0287,1.5488,0.001029,-0.0238,0.0048
20.25,FLIGHT,0.9333,1.4881,-0.7957,0.6642,-0.6761,0.5934,-0.0087,-0.1957,-0.2478,0.064,1.0126,-0.0248,1.5483,0.000911,-0.0232,0.0046
20.255,FLIGHT,0.9303,1.4909,-0.6692,0.5902,-0.5622,0.5285,-0.0097,-0.1954,-0.2123,0.0577,1.0137,-0.0226,1.5489,0.000798,-0.0216,0.0043
20.26,FLIGHT,0.9277,1.4934,-0.5567,0.5264,-0.4621,0.4737,-0.0106,-0.1952,-0.1811,0.0519,1.0146,-0.0213,1.5499,0.000696,-0.0194,0.0039
20.265,FLIGHT,0.9256,1.4957,-0.4575,0.4722,-0.3744,0.4278,-0.0113,-0.195,-0.154,0.0467,1.0156,-0.0206,1.5511,0.000605,-0.017,0.0034
20.27,FLIGHT,0.9239,1.4977,-0.3705,0.4267,-0.2977,0.3895,-0.0119,-0.1948,-0.1306,0.0422,1.0165,-0.0202,1.5523,0.000526,-0.0145,0.0029
20.275,FLIGHT,0.9226,1.4996,-0.2945,0.3887,-0.2309,0.3576,-0.0124,-0.1946,-0.1104,0.0382,1.0174,-0.02,1.5535,0.00046,-0.0121,0.0024
20.28,FLIGHT,0.9216,1.5013,-0.2282,0.357,-0.1728,0.3311,-0.0128,-0.1944,-0.093,0.0348,1.0182,-0.0199,1.5546,0.000405,-0.0099,0.002
20.285,FLIGHT,0.9209,1.5029,-0.1704,0.3305,-0.1222,0.3089,-0.0132,-0.1943,-0.0781,0.0319,1.019,-0.02,1.5556,0.000361,-0.0079,0.0016
20.29,FLIGHT,0.9204,1.5044,-0.1202,0.3085,-0.0784,0.2905,-0.0135,-0.1941,-0.0653,0.0293,1.0198,-0.0202,1.5565,0.000325,-0.0063,0.0013
20.295,FLIGHT,0.9201,1.5058,-0.0767,0.2901,-0.0404,0.2751,-0.0137,-0.194,-0.0543,0.0272,1.0206,-0.0205,1.5575,0.000297,-0.0049,0.001
20.3,FLIGHT,0.92,1.5071,-0.039,0.2747,-0.0076,0.2621,-0.0139,-0.1939,-0.0448,0.0254,1.0213,-0.0209,1.5583,0.000276,-0.0038,0.0008
20.305,FLIGHT,0.92,1.5084,-0.0064,0.2618,0.0207,0.2513,-0.0141,-0.1938,-0.0367,0.0238,1.0221,-0.0213,1.5592,0.000259,-0.0028,0.0006
20.31,FLIGHT,0.9202,1.5097,0.0217,0.251,0.0449,0.2421,-0.0142,-0.1936,-0.0298,0.0224,1.0228,-0.0217,1.56,0.000247,-0.0021,0.0004
20.315,FLIGHT,0.9204,1.5109,0.0457,0.2419,0.0657,0.2343,-0.0143,-0.1935,-0.0239,0.0213,1.0234,-0.0223,1.5607,0.000238,-0.0015,0.0003
20.32,FLIGHT,0.9208,1.512,0.0663,0.2341,0.0833,0.2277,-0.0144,-0.1934,-0.0189,0.0203,1.0241,-0.0228,1.5615,0.000232,-0.001,0.0002
20.325,FLIGHT,0.9213,1.5131,0.0839,0.2275,0.0983,0.222,-0.0145,-0.1933,-0.0146,0.0195,1.0247,-0.0234,1.5622,0.000227,-0.0007,0.0001
20.33,FLIGHT,0.9218,1.5142,0.0987,0.2218,0.1109,0.217,-0.0145,-0.1933,-0.0109,0.0187,1.0253,-0.0239,1.5629,0.000225,-0.0004,0.0001
20.335,FLIGHT,0.9224,1.5153,0.1112,0.2168,0.1215,0.2126,-0.0146,-0.1932,-0.0078,0.0181,1.0258,-0.0245,1.5635,0.000223,-0.0002,0.0
20.34,FLIGHT,0.923,1.5164,0.1217,0.2124,0.1303,0.2087,-0.0146,-0.1931,-0.0052,0.0176,1.0264,-0.0251,1.5642,0.000222,-0.0001,0.0
20.345,FLIGHT,0.9237,1.5174,0.1304,0.2085,0.1375,0.2052,-0.0146,-0.193,-0.003,0.0171,1.0269,-0.0256,1.5648,0.000222,0.0,0.0
20.35,FLIGHT,0.9244,1.5184,0.1376,0.205,0.1433,0.202,-0.0146,-0.1929,-0.0012,0.0167,1.0274,-0.0262,1.5654,0.000223,0.0001,0.0
20.355,FLIGHT,0.9251,1.5194,0.1434,0.2018,0.148,0.199,-0.0146,-0.1928,0.0004,0.0163,1.0278,-0.0267,1.5659,0.000223,0.0001,0.0
20.36,FLIGHT,0.9259,1.5204,0.148,0.1988,0.1517,0.1962,-0.0146,-0.1928,0.0017,0.016,1.0283,-0.0272,1.5665,0.000224,0.0002,0.0
20.365,FLIGHT,0.9266,1.5214,0.1516,0.196,0.1545,0.1935,-0.0146,-0.1927,0.0028,0.0157,1.0287,-0.0278,1.567,0.000225,0.0002,0.0
20.37,FLIGHT,0.9274,1.5223,0.1544,0.1933,0.1565,0.1909,-0.0146,-0.1926,0.0036,0.0154,1.0291,-0.0283,1.5675,0.000226,0.0002,0.0
20.375,FLIGHT,0.9282,1.5233,0.1564,0.1907,0.1579,0.1884,-0.0145,-0.1925,0.0044,0.0152,1.0295,-0.0287,1.568,0.000227,0.0002,0.0
20.38,FLIGHT,0.929,1.5242,0.1578,0.1882,0.1588,0.186,-0.0145,-0.1925,0.005,0.0149,1.0298,-0.0292,1.5685,0.000228,0.0002,0.0
20.385,FLIGHT,0.9298,1.5251,0.1587,0.1858,0.1592,0.1836,-0.0145,-0.1924,0.0055,0.0147,1.0301,-0.0297,1.569,0.000229,0.0002,0.0
20.39,FLIGHT,0.9306,1.5261,0.159,0.1833,0.1592,0.1812,-0.0144,-0.1923,0.0058,0.0145,1.0304,-0.0301,1.5694,0.000229,0.0001,0.0
20.395,FLIGHT,0.9314,1.527,0.159,0.181,0.1588,0.1788,-0.0144,-0.1922,0.0061,0.0143,1.0307,-0.0305,1.5698,0.00023,0.0001,0.0
20.4,FLIGHT,0.9322,1.5278,0.1587,0.1786,0.1582,0.1765,-0.0144,-0.1922,0.0064,0.0141,1.0309,-0.0309,1.5703,0.000231,0.0001,0.0
20.405,FLIGHT,0.9329,1.5287,0.158,0.1762,0.1574,0.1741,-0.0144,-0.1921,0.0066,0.0139,1.0312,-0.0313,1.5707,0.000231,0.0001,0.0
20.41,FLIGHT,0.9337,1.5296,0.1572,0.1739,0.1563,0.1718,-0.0143,-0.192,0.0067,0.0137,1.0314,-0.0317,1.5711,0.000232,0.0001,0.0
20.415,FLIGHT,0.9345,1.5304,0.1561,0.1715,0.1551,0.1694,-0.0143,-0.192,0.0068,0.0135,1.0316,-0.0321,1.5715,0.000232,0.0001,0.0
20.42,FLIGHT,0.9353,1.5313,0.1549,0.1692,0.1537,0.1671,-0.0142,-0.1919,0.0069,0.0133,1.0317,-0.0325,1.5719,0.000232,0.0001,0.0
20.425,FLIGHT,0.936,1.5321,0.1535,0.1668,0.1523,0.1647,-0.0142,-0.1918,0.0069,0.0131,1.0318,-0.0328,1.5722,0.000233,0.0,0.0
20.43,FLIGHT,0.9368,1.5329,0.1521,0.1645,0.1507,0.1624,-0.0142,-0.1918,0.007,0.0129,1.032,-0.0332,1.5726,0.000233,0.0,0.0
20.435,FLIGHT,0.9376,1.5337,0.1505,0.1621,0.1491,0.16,-0.0141,-0.1917,0.007,0.0127,1.032,-0.0335,1.573,0.000233,0.0,0.0
20.44,FLIGHT,0.9383,1.5345,0.1489,0.1598,0.1474,0.1577,-0.0141,-0.1916,0.007,0.0125,1.0321,-0.0338,1.5733,0.000233,0.0,0.0
20.445,FLIGHT,0.939,1.5353,0.1472,0.1574,0.1457,0.1553,-0.0141,-0.1916,0.007,0.0123,1.0321,-0.0341,1.5736,0.000233,-0.0,0.0
20.45,FLIGHT,0.9398,1.5361,0.1455,0.1551,0.1439,0.153,-0.014,-0.1915,0.0069,0.0122,1.0322,-0.0344,1.574,0.000233,-0.0,0.0
20.455,FLIGHT,0.9405,1.5368,0.1438,0.1528,0.1422,0.1507,-0.014,-0.1915,0.0069,0.012,1.0322,-0.0347,1.5743,0.000233,-0.0,0.0
20.46,FLIGHT,0.9412,1.5376,0.142,0.1505,0.1404,0.1484,-0.014,-0.1914,0.0069,0.0118,1.0321,-0.035,1.5746,0.000233,-0.0,0.0
20.465,FLIGHT,0.9419,1.5383,0.1402,0.1482,0.1386,0.1462,-0.0139,-0.1913,0.0068,0.0116,1.0321,-0.0353,1.5749,0.000233,-0.0,0.0
20.47,FLIGHT,0.9426,1.539,0.1384,0.1459,0.1368,0.1439,-0.0139,-0.1913,0.0068,0.0114,1.032,-0.0356,1.5753,0.000232,-0.0,0.0
20.475,FLIGHT,0.9432,1.5398,0.1367,0.1437,0.1351,0.1417,-0.0139,-0.1912,0.0068,0.0113,1.0319,-0.0359,1.5756,0.000232,-0.0,0.0
20.48,FLIGHT,0.9439,1.5405,0.1349,0.1414,0.1333,0.1394,-0.0138,-0.1912,0.0067,0.0111,1.0318,-0.0362,1.5759,0.000232,-0.0,0.0
20.485,FLIGHT,0.9446,1.5412,0.1331,0.1392,0.1315,0.1372,-0.0138,-0.1911,0.0067,0.0109,1.0317,-0.0364,1.5762,0.000232,-0.0,0.0
20.49,FLIGHT,0.9452,1.5418,0.1314,0.137,0.1298,0.1351,-0.0138,-0.1911,0.0066,0.0107,1.0315,-0.0367,1.5764,0.000232,-0.0,0.0
20.495,FLIGHT,0.9459,1.5425,0.1296,0.1349,0.1281,0.1329,-0.0137,-0.191,0.0066,0.0106,1.0313,-0.0369,1.5767,0.000232,-0.0,0.0
20.5,FLIGHT,0.9465,1.5432,0.1279,0.1327,0.1264,0.1308,-0.0137,-0.191,0.0065,0.0104,1.0311,-0.0372,1.577,0.000231,-0.0,0.0
20.505,FLIGHT,0.9471,1.5438,0.1262,0.1306,0.1247,0.1287,-0.0137,-0.1909,0.0065,0.0102,1.0309,-0.0374,1.5773,0.000231,-0.0,0.0
20.51,FLIGHT,0.9478,1.5445,0.1245,0.1285,0.123,0.1266,-0.0136,-0.1909,0.0064,0.0101,1.0307,-0.0377,1.5776,0.000231,-0.0,0.0
20.515,FLIGHT,0.9484,1.5451,0.1228,0.1264,0.1213,0.1246,-0.0136,-0.1908,0.0064,0.0099,1.0304,-0.0379,1.5778,0.000231,-0.0,0.0
20.52,FLIGHT,0.949,1.5457,0.1212,0.1244,0.1197,0.1226,-0.0136,-0.1908,0.0063,0.0098,1.0301,-0.0382,1.5781,0.00023,-0.0,0.0
20.525,FLIGHT,0.9496,1.5463,0.1195,0.1224,0.1181,0.1206,-0.0135,-0.1907,0.0063,0.0096,1.0298,-0.0384,1.5784,0.00023,-0.0,0.0
20.53,FLIGHT,0.9501,1.5469,0.1179,0.1204,0.1165,0.1187,-0.0135,-0.1907,0.0062,0.0094,1.0295,-0.0386,1.5786,0.00023,-0.0,0.0
20.535,FLIGHT,0.9507,1.5475,0.1163,0.1185,0.1149,0.1168,-0.0135,-0.1906,0.0062,0.0093,1.0292,-0.0389,1.5789,0.00023,-0.0,0.0
20.54,FLIGHT,0.9513,1.5481,0.1148,0.1166,0.1134,0.1149,-0.0135,-0.1906,0.0062,0.0091,1.0288,-0.0391,1.5791,0.00023,-0.0,0.0
20.545,FLIGHT,0.9519,1.5486,0.1132,0.1147,0.1118,0.113,-0.0134,-0.1905,0.0061,0.009,1.0284,-0.0393,1.5794,0.000229,-0.0,0.0
20.55,FLIGHT,0.9524,1.5492,0.1117,0.1128,0.1103,0.1112,-0.0134,-0.1905,0.0061,0.0088,1.028,-0.0395,1.5796,0.000229,-0.0,0.0
20.555,FLIGHT,0.953,1.5498,0.1102,0.111,0.1088,0.1094,-0.0134,-0.1904,0.006,0.0087,1.0276,-0.0398,1.5799,0.000229,-0.0,0.0
20.56,FLIGHT,0.9535,1.5503,0.1087,0.1092,0.1074,0.1076,-0.0133,-0.1904,0.006,0.0086,1.0271,-0.04,1.5801,0.000229,-0.0,0.0
20.565,FLIGHT,0.954,1.5508,0.1072,0.1074,0.1059,0.1059,-0.0133,-0.1904,0.0059,0.0084,1.0267,-0.0402,1.5803,0.000228,-0.0,0.0
20.57,FLIGHT,0.9546,1.5514,0.1058,0.1057,0.1045,0.1041,-0.0133,-0.1903,0.0059,0.0083,1.0262,-0.0404,1.5806,0.000228,-0.0,0.0
20.575,FLIGHT,0.9551,1.5519,0.1043,0.104,0.1031,0.1025,-0.0132,-0.1903,0.0058,0.0081,1.0257,-0.0406,1.5808,0.000228,-0.0,0.0
20.58,FLIGHT,0.9556,1.5524,0.1029,0.1023,0.1017,0.1008,-0.0132,-0.1902,0.0058,0.008,1.0252,-0.0408,1.581,0.000228,-0.0,0.0
20.585,FLIGHT,0.9561,1.5529,0.1015,0.1007,0.1003,0.0992,-0.0132,-0.1902,0.0057,0.0079,1.0247,-0.041,1.5812,0.000228,-0.0,0.0
20.59,FLIGHT,0.9566,1.5534,0.1001,0.099,0.0989,0.0976,-0.0132,-0.1902,0.0057,0.0078,1.0241,-0.0412,1.5814,0.000227,-0.0,0.0
20.595,FLIGHT,0.9571,1.5539,0.0988,0.0974,0.0976,0.096,-0.0131,-0.1901,0.0056,0.0076,1.0235,-0.0414,1.5817,0.000227,-0.0,0.0
20.6,FLIGHT,0.9576,1.5543,0.0974,0.0959,0.0962,0.0945,-0.0131,-0.1901,0.0056,0.0075,1.0229,-0.0416,1.5819,0.000227,-0.0,0.0
20.605,FLIGHT,0.9581,1.5548,0.0961,0.0943,0.0949,0.093,-0.0131,-0.1901,0.0055,0.0074,1.0223,-0.0418,1.5821,0.000227,-0.0,0.0
20.61,FLIGHT,0.9585,1.5553,0.0948,0.0928,0.0936,0.0915,-0.013,-0.19,0.0055,0.0073,1.0217,-0.042,1.5823,0.000227,-0.0,0.0
20.615,FLIGHT,0.959,1.5557,0.0935,0.0914,0.0923,0.09,-0.013,-0.19,0.0054,0.0072,1.0211,-0.0422,1.5825,0.000227,-0.0,0.0
20.62,FLIGHT,0.9594,1.5562,0.0922,0.0899,0.0911,0.0886,-0.013,-0.1899,0.0054,0.007,1.0204,-0.0424,1.5827,0.000226,-0.0,0.0
20.625,FLIGHT,0.9599,1.5566,0.0909,0.0885,0.0898,0.0872,-0.013,-0.1899,0.0053,0.0069,1.0197,-0.0426,1.5829,0.000226,-0.0,0.0
20.63,FLIGHT,0.9603,1.557,0.0897,0.0871,0.0886,0.0858,-0.0129,-0.1899,0.0053,0.0068,1.019,-0.0428,1.5831,0.000226,-0.0,0.0
20.635,FLIGHT,0.9608,1.5575,0.0884,0.0857,0.0873,0.0845,-0.0129,-0.1898,0.0052,0.0067,1.0183,-0.043,1.5833,0.000226,-0.0,0.0
20.64,FLIGHT,0.9612,1.5579,0.0872,0.0844,0.0861,0.0832,-0.0129,-0.1898,0.0052,0.0066,1.0176,-0.0432,1.5835,0.000226,-0.0,0.0
20.645,FLIGHT,0.9616,1.5583,0.086,0.083,0.0849,0.0818,-0.0129,-0.1898,0.0051,0.0065,1.0168,-0.0434,1.5837,0.000226,-0.0,0.0
20.65,FLIGHT,0.9621,1.5587,0.0848,0.0817,0.0837,0.0806,-0.0128,-0.1897,0.0051,0.0064,1.0161,-0.0435,1.5839,0.000225,-0.0,0.0
20.655,FLIGHT,0.9625,1.5591,0.0836,0.0804,0.0826,0.0793,-0.0128,-0.1897,0.005,0.0063,1.0153,-0.0437,1.5841,0.000225,-0.0,0.0
20.66,FLIGHT,0.9629,1.5595,0.0824,0.0792,0.0814,0.0781,-0.0128,-0.1897,0.005,0.0062,1.0145,-0.0439,1.5843,0.000225,-0.0,0.0
20.665,FLIGHT,0.9633,1.5599,0.0813,0.078,0.0802,0.0769,-0.0128,-0.1897,0.0049,0.0061,1.0137,-0.0441,1.5844,0.000225,-0.0,0.0
20.67,FLIGHT,0.9637,1.5603,0.0801,0.0768,0.0791,0.0757,-0.0127,-0.1896,0.0048,0.006,1.0129,-0.0443,1.5846,0.000225,-0.0,0.0
20.675,FLIGHT,0.9641,1.5606,0.079,0.0756,0.078,0.0745,-0.0127,-0.1896,0.0048,0.0059,1.012,-0.0444,1.5848,0.000225,-0.0,0.0
20.68,FLIGHT,0.9645,1.561,0.0779,0.0744,0.0769,0.0734,-0.0127,-0.1896,0.0047,0.0058,1.0112,-0.0446,1.585,0.000225,-0.0,0.0
20.685,FLIGHT,0.9649,1.5614,0.0767,0.0733,0.0757,0.0723,-0.0127,-0.1895,0.0047,0.0057,1.0103,-0.0448,1.5852,0.000225,-0.0,0.0
20.69,FLIGHT,0.9652,1.5617,0.0756,0.0721,0.0747,0.0712,-0.0126,-0.1895,0.0046,0.0057,1.0094,-0.045,1.5853,0.000224,-0.0,0.0
20.695,FLIGHT,0.9656,1.5621,0.0745,0.071,0.0736,0.0701,-0.0126,-0.1895,0.0045,0.0056,1.0085,-0.0451,1.5855,0.000224,-0.0,0.0
20.7,FLIGHT,0.966,1.5624,0.0735,0.07,0.0725,0.069,-0.0126,-0.1895,0.0045,0.0055,1.0076,-0.0453,1.5857,0.000224,-0.0,0.0
20.705,FLIGHT,0.9663,1.5628,0.0724,0.0689,0.0714,0.068,-0.0126,-0.1894,0.0044,0.0054,1.0066,-0.0455,1.5858,0.000224,-0.0,0.0
20.71,FLIGHT,0.9667,1.5631,0.0713,0.0679,0.0704,0.067,-0.0126,-0.1894,0.0044,0.0053,1.0057,-0.0456,1.586,0.000224,-0.0,0.0
20.715,FLIGHT,0.967,1.5634,0.0703,0.0669,0.0693,0.0659,-0.0125,-0.1894,0.0043,0.0052,1.0047,-0.0458,1.5862,0.000224,-0.0,0.0
20.72,FLIGHT,0.9674,1.5638,0.0692,0.0659,0.0683,0.065,-0.0125,-0.1894,0.0042,0.0052,1.0037,-0.046,1.5863,0.000224,-0.0,0.0
20.725,FLIGHT,0.9677,1.5641,0.0682,0.0649,0.0673,0.064,-0.0125,-0.1893,0.0042,0.0051,1.0027,-0.0461,1.5865,0.000224,-0.0,0.0
20.73,FLIGHT,0.968,1.5644,0.0672,0.0639,0.0663,0.0631,-0.0125,-0.1893,0.0041,0.005,1.0017,-0.0463,1.5867,0.000224,-0.0,0.0
20.735,FLIGHT,0.9684,1.5647,0.0662,0.063,0.0652,0.0621,-0.0125,-0.1893,0.004,0.0049,1.0007,-0.0465,1.5868,0.000223,-0.0,0.0
20.74,STANCE,0.9689,1.5653,0.0977,0.1057,0.2359,0.2912,-0.0124,-0.1892,0.0042,0.0085,0.9997,0.1666,-0.1389,2.1e-05,-0.2014,0.0403
20.745,STANCE,0.9723,1.5652,0.5451,-0.0168,1.0909,-0.4021,-0.0118,-0.1893,0.1054,-0.0079,0.9989,-0.0985,-0.6943,-0.00163,-0.4019,0.082
20.75,STANCE,0.9785,1.5603,1.0119,-0.7434,0.9469,-1.1377,-0.0099,-0.1898,0.2933,-0.0766,0.9979,-0.5504,-0.9866,-0.003477,-0.2457,0.0526
20.755,STANCE,0.9803,1.5582,0.5185,-0.446,0.0549,0.0358,-0.0093,-0.19,0.1594,-0.0446,0.9977,-0.6664,-1.6333,-0.003975,-0.0147,0.0069
20.76,STANCE,0.9808,1.5584,0.2581,-0.1375,0.2568,-0.1137,-0.0092,-0.19,0.0678,-0.0146,0.998,-0.8562,-2.177,-0.003906,0.0332,0.0039
20.765,STANCE,0.9831,1.5563,0.4082,-0.3728,0.4908,-1.1372,-0.0085,-0.1902,0.1287,-0.0364,0.9982,-1.1842,-2.3101,-0.00366,0.1016,0.0037
20.77,STANCE,0.986,1.5491,0.5509,-1.0631,0.8452,-1.3861,-0.007,-0.1908,0.2517,-0.0964,0.9982,-1.4596,-2.0234,-0.003136,0.0343,0.0031
20.775,STANCE,0.9914,1.54,0.9355,-1.6389,1.1275,-2.4193,-0.0047,-0.1917,0.4073,-0.1437,0.9982,-1.7534,-1.5648,-0.003254,-0.0194,0.0071
20.78,STANCE,0.9974,1.5268,1.1199,-2.324,1.1519,-2.8523,-0.0017,-0.1928,0.5429,-0.1932,0.9982,-1.8519,-0.8785,-0.003424,-0.0294,0.0093
20.785,STANCE,1.0028,1.5125,1.0836,-2.6774,0.9319,-2.8705,0.0014,-0.1939,0.5911,-0.2114,0.9982,-1.7027,-0.2335,-0.003583,-0.017,0.007
20.79,STANCE,1.0066,1.4985,0.8417,-2.7524,0.5529,-2.7459,0.0041,-0.195,0.5596,-0.2084,0.9983,-1.3134,0.3129,-0.003593,0.0182,0.0036
20.795,STANCE,1.0086,1.4854,0.5331,-2.6407,0.2629,-2.4955,0.0064,-0.196,0.487,-0.1941,0.9984,-0.7965,0.735,-0.003462,0.0388,0.0035
20.8,STANCE,1.0094,1.4734,0.2633,-2.4701,0.0822,-2.2913,0.0083,-0.1969,0.4119,-0.178,0.9987,-0.2957,1.0315,-0.003207,0.0547,0.0032
20.805,STANCE,1.0095,1.4623,0.1081,-2.2991,0.0296,-2.1525,0.01,-0.1977,0.3584,-0.1629,0.999,0.0228,1.1732,-0.002882,0.0678,0.0029
20.81,FLIGHT,1.0094,1.4523,0.0022,-2.0611,-0.2792,-1.5516,0.0114,-0.1984,0.304,-0.144,0.9994,-1.1692,2.4753,-0.002496,0.0977,0.0025
20.815,FLIGHT,1.0061,1.4475,-0.4848,-1.2478,-1.0029,-0.4089,0.0115,-0.1988,0.0876,-0.0924,1.0001,-1.0057,2.3321,-0.001882,0.1443,0.0019
20.82,FLIGHT,0.9998,1.4476,-1.0425,-0.346,-1.495,0.3926,0.0102,-0.1988,-0.1564,-0.035,1.0011,-0.761,2.1271,-0.00109,0.1686,0.0011
20.825,FLIGHT,0.9916,1.4509,-1.4599,0.3571,-1.7495,0.8716,0.0081,-0.1987,-0.3422,0.014,1.0022,-0.5333,1.9394,-0.000229,0.1732,0.0002
20.83,FLIGHT,0.9826,1.4559,-1.6888,0.8075,-1.8136,1.1059,0.0056,-0.1984,-0.4522,0.0506,1.0034,-0.3564,1.7951,0.000522,0.1168,0.0
20.835,FLIGHT,0.9737,1.4617,-1.7544,1.0427,-1.7545,1.1746,0.003,-0.198,-0.4974,0.0745,1.0047,-0.2319,1.6949,0.000964,0.0634,0.0
20.84,FLIGHT,0.9652,1.4675,-1.7057,1.1233,-1.625,1.144,0.0004,-0.1975,-0.4974,0.0874,1.0059,-0.1496,1.6303,0.001186,0.0277,0.0
20.845,FLIGHT,0.9575,1.473,-1.5875,1.1063,-1.4615,1.0615,-0.0019,-0.1971,-0.4698,0.0919,1.0071,-0.0979,1.5912,0.001263,0.0049,0.0
20.85,FLIGHT,0.9506,1.4781,-1.4338,1.0355,-1.2879,0.9578,-0.0039,-0.1967,-0.4278,0.0906,1.0083,-0.0666,1.569,0.001249,-0.0091,0.0018
20.855,FLIGHT,0.9446,1.4826,-1.2678,0.9406,-1.1183,0.851,-0.0057,-0.1963,-0.3805,0.0859,1.0094,-0.0482,1.5573,0.001182,-0.017,0.0034
20.86,FLIGHT,0.9394,1.4866,-1.1035,0.8399,-0.9599,0.7506,-0.0073,-0.1959,-0.3331,0.0793,1.0105,-0.0376,1.5519,0.001086,-0.0209,0.0042
20.865,FLIGHT,0.935,1.4901,-0.9489,0.7436,-0.8161,0.661,-0.0087,-0.1955,-0.2886,0.0721,1.0115,-0.0315,1.55,0.000977,-0.0221,0.0044
20.87,FLIGHT,0.9312,1.4932,-0.8077,0.6564,-0.6877,0.5833,-0.0098,-0.1952,-0.2482,0.065,1.0125,-0.028,1.5499,0.000867,-0.0217,0.0043
20.875,FLIGHT,0.9281,1.496,-0.681,0.5803,-0.5741,0.5171,-0.0108,-0.195,-0.2125,0.0583,1.0135,-0.0259,1.5506,0.000762,-0.0203,0.0041
20.88,FLIGHT,0.9255,1.4984,-0.5687,0.5151,-0.4743,0.4615,-0.0117,-0.1947,-0.1813,0.0522,1.0144,-0.0246,1.5516,0.000666,-0.0182,0.0036
20.885,FLIGHT,0.9233,1.5006,-0.4698,0.46,-0.3868,0.4149,-0.0124,-0.1945,-0.1542,0.0468,1.0153,-0.0238,1.5528,0.00058,-0.016,0.0032
20.89,FLIGHT,0.9216,1.5026,-0.383,0.4138,-0.3104,0.376,-0.013,-0.1943,-0.1308,0.042,1.0162,-0.0233,1.5539,0.000506,-0.0136,0.0027
20.895,FLIGHT,0.9202,1.5044,-0.3071,0.3752,-0.2436,0.3437,-0.0135,-0.1941,-0.1106,0.0379,1.017,-0.023,1.555,0.000444,-0.0113,0.0023
20.9,FLIGHT,0.9191,1.506,-0.2408,0.343,-0.1854,0.3167,-0.0139,-0.194,-0.0933,0.0343,1.0178,-0.0228,1.556,0.000392,-0.0093,0.0019
20.905,FLIGHT,0.9183,1.5075,-0.183,0.3162,-0.1348,0.2943,-0.0143,-0.1938,-0.0783,0.0313,1.0186,-0.0228,1.557,0.000351,-0.0075,0.0015
20.91,FLIGHT,0.9178,1.509,-0.1327,0.2938,-0.0908,0.2756,-0.0146,-0.1937,-0.0655,0.0286,1.0194,-0.0229,1.5579,0.000317,-0.0059,0.0012
20.915,FLIGHT,0.9174,1.5103,-0.0891,0.2752,-0.0527,0.26,-0.0149,-0.1936,-0.0544,0.0264,1.0201,-0.0231,1.5588,0.000291,-0.0046,0.0009
20.92,FLIGHT,0.9172,1.5116,-0.0512,0.2597,-0.0197,0.247,-0.0151,-0.1934,-0.045,0.0245,1.0208,-0.0234,1.5596,0.000271,-0.0035,0.0007
20.925,FLIGHT,0.9172,1.5128,-0.0184,0.2467,0.0088,0.236,-0.0152,-0.1933,-0.0369,0.0228,1.0215,-0.0238,1.5604,0.000256,-0.0027,0.0005
20.93,FLIGHT,0.9173,1.5139,0.0098,0.2358,0.0332,0.2268,-0.0154,-0.1932,-0.0299,0.0214,1.0221,-0.0242,1.5612,0.000244,-0.002,0.0004
20.935,FLIGHT,0.9175,1.515,0.0341,0.2266,0.0542,0.2191,-0.0155,-0.1931,-0.024,0.0203,1.0227,-0.0247,1.5619,0.000236,-0.0014,0.0003
20.94,FLIGHT,0.9178,1.5161,0.0549,0.2189,0.0721,0.2125,-0.0156,-0.193,-0.0189,0.0192,1.0233,-0.0252,1.5626,0.00023,-0.001,0.0002
20.945,FLIGHT,0.9182,1.5172,0.0727,0.2123,0.0873,0.2068,-0.0156,-0.1929,-0.0146,0.0184,1.0239,-0.0257,1.5633,0.000226,-0.0006,0.0001
20.95,FLIGHT,0.9187,1.5182,0.0877,0.2066,0.1002,0.202,-0.0157,-0.1928,-0.0109,0.0176,1.0245,-0.0262,1.564,0.000224,-0.0004,0.0001
20.955,FLIGHT,0.9192,1.5192,0.1005,0.2018,0.1109,0.1977,-0.0157,-0.1928,-0.0078,0.017,1.025,-0.0268,1.5646,0.000222,-0.0002,0.0
20.96,FLIGHT,0.9198,1.5202,0.1112,0.1975,0.1199,0.1939,-0.0157,-0.1927,-0.0051,0.0164,1.0255,-0.0273,1.5652,0.000222,-0.0,0.0
20.965,FLIGHT,0.9204,1.5211,0.1201,0.1938,0.1274,0.1906,-0.0157,-0.1926,-0.0029,0.016,1.026,-0.0278,1.5658,0.000222,0.0001,0.0
20.97,FLIGHT,0.9211,1.5221,0.1275,0.1904,0.1334,0.1875,-0.0157,-0.1925,-0.0011,0.0155,1.0264,-0.0284,1.5663,0.000222,0.0001,0.0
20.975,FLIGHT,0.9218,1.523,0.1335,0.1873,0.1383,0.1847,-0.0157,-0.1925,0.0005,0.0152,1.0268,-0.0289,1.5669,0.000223,0.0002,0.0
20.98,FLIGHT,0.9225,1.5239,0.1383,0.1845,0.1422,0.1821,-0.0157,-0.1924,0.0018,0.0148,1.0272,-0.0294,1.5674,0.000224,0.0002,0.0
20.985,FLIGHT,0.9232,1.5248,0.1422,0.1819,0.1452,0.1796,-0.0157,-0.1923,0.0029,0.0145,1.0276,-0.0299,1.5679,0.000225,0.0002,0.0
20.99,FLIGHT,0.9239,1.5257,0.1451,0.1794,0.1474,0.1772,-0.0157,-0.1922,0.0038,0.0143,1.028,-0.0303,1.5684,0.000226,0.0002,0.0
20.995,FLIGHT,0.9247,1.5266,0.1474,0.177,0.1491,0.1749,-0.0157,-0.1922,0.0045,0.014,1.0283,-0.0308,1.5689,0.000227,0.0002,0.0
21.0,FLIGHT,0.9254,1.5275,0.1489,0.1747,0.1501,0.1727,-0.0156,-0.1921,0.0051,0.0138,1.0286,-0.0312,1.5693,0.000228,0.0002,0.0
21.005,FLIGHT,0.9262,1.5283,0.15,0.1725,0.1507,0.1705,-0.0156,-0.192,0.0056,0.0136,1.0289,-0.0317,1.5697,0.000229,0.0002,0.0
21.01,FLIGHT,0.9269,1.5292,0.1505,0.1703,0.1508,0.1683,-0.0156,-0.192,0.006,0.0134,1.0291,-0.0321,1.5702,0.000229,0.0002,0.0
21.015,FLIGHT,0.9277,1.53,0.1507,0.1681,0.1507,0.1661,-0.0155,-0.1919,0.0063,0.0132,1.0294,-0.0325,1.5706,0.00023,0.0001,0.0
21.02,FLIGHT,0.9284,1.5308,0.1505,0.1659,0.1502,0.164,-0.0155,-0.1918,0.0066,0.013,1.0296,-0.0329,1.571,0.000231,0.0001,0.0
21.025,FLIGHT,0.9292,1.5316,0.1501,0.1638,0.1495,0.1618,-0.0155,-0.1918,0.0068,0.0128,1.0298,-0.0333,1.5714,0.000231,0.0001,0.0
21.03,FLIGHT,0.9299,1.5324,0.1494,0.1616,0.1486,0.1597,-0.0154,-0.1917,0.0069,0.0126,1.0299,-0.0336,1.5718,0.000232,0.0001,0.0
21.035,FLIGHT,0.9307,1.5332,0.1485,0.1594,0.1476,0.1575,-0.0154,-0.1916,0.007,0.0124,1.0301,-0.034,1.5721,0.000232,0.0001,0.0
21.04,FLIGHT,0.9314,1.534,0.1474,0.1573,0.1464,0.1554,-0.0154,-0.1916,0.0071,0.0123,1.0302,-0.0343,1.5725,0.000232,0.0001,0.0
21.045,FLIGHT,0.9321,1.5348,0.1462,0.1551,0.1451,0.1532,-0.0153,-0.1915,0.0072,0.0121,1.0303,-0.0347,1.5728,0.000233,0.0,0.0
21.05,FLIGHT,0.9328,1.5356,0.1449,0.153,0.1437,0.1511,-0.0153,-0.1915,0.0072,0.0119,1.0304,-0.035,1.5732,0.000233,0.0,0.0
21.055,FLIGHT,0.9336,1.5363,0.1435,0.1508,0.1422,0.1489,-0.0153,-0.1914,0.0072,0.0118,1.0304,-0.0353,1.5735,0.000233,0.0,0.0
21.06,FLIGHT,0.9343,1.537,0.142,0.1487,0.1406,0.1468,-0.0152,-0.1914,0.0072,0.0116,1.0304,-0.0356,1.5738,0.000233,0.0,0.0
21.065,FLIGHT,0.935,1.5378,0.1405,0.1466,0.1391,0.1446,-0.0152,-0.1913,0.0072,0.0114,1.0304,-0.0359,1.5742,0.000233,0.0,0.0
21.07,FLIGHT,0.9357,1.5385,0.1389,0.1444,0.1375,0.1425,-0.0151,-0.1912,0.0072,0.0112,1.0304,-0.0362,1.5745,0.000233,-0.0,0.0
21.075,FLIGHT,0.9363,1.5392,0.1373,0.1423,0.1358,0.1404,-0.0151,-0.1912,0.0071,0.0111,1.0304,-0.0365,1.5748,0.000233,-0.0,0.0
21.08,FLIGHT,0.937,1.5399,0.1357,0.1402,0.1342,0.1383,-0.0151,-0.1911,0.0071,0.0109,1.0303,-0.0367,1.5751,0.000233,-0.0,0.0
21.085,FLIGHT,0.9377,1.5406,0.134,0.1381,0.1325,0.1362,-0.015,-0.1911,0.0071,0.0107,1.0302,-0.037,1.5754,0.000233,-0.0,0.0
21.09,FLIGHT,0.9383,1.5413,0.1324,0.136,0.1309,0.1341,-0.015,-0.191,0.007,0.0106,1.0301,-0.0373,1.5757,0.000233,-0.0,0.0
21.095,FLIGHT,0.939,1.5419,0.1307,0.1339,0.1292,0.132,-0.015,-0.191,0.007,0.0104,1.03,-0.0375,1.576,0.000233,-0.0,0.0
21.1,FLIGHT,0.9396,1.5426,0.1291,0.1318,0.1276,0.13,-0.0149,-0.1909,0.0069,0.0103,1.0299,-0.0378,1.5763,0.000233,-0.0,0.0
21.105,FLIGHT,0.9403,1.5432,0.1274,0.1298,0.1259,0.128,-0.0149,-0.1909,0.0069,0.0101,1.0297,-0.0381,1.5765,0.000232,-0.0,0.0
21.11,FLIGHT,0.9409,1.5439,0.1258,0.1278,0.1243,0.126,-0.0149,-0.1908,0.0068,0.0099,1.0295,-0.0383,1.5768,0.000232,-0.0,0.0
21.115,FLIGHT,0.9415,1.5445,0.1242,0.1258,0.1227,0.124,-0.0148,-0.1908,0.0068,0.0098,1.0293,-0.0385,1.5771,0.000232,-0.0,0.0
21.12,FLIGHT,0.9421,1.5451,0.1225,0.1238,0.1211,0.122,-0.0148,-0.1907,0.0068,0.0096,1.0291,-0.0388,1.5774,0.000232,-0.0,0.0
21.125,FLIGHT,0.9427,1.5457,0.121,0.1218,0.1195,0.1201,-0.0148,-0.1907,0.0067,0.0095,1.0288,-0.039,1.5776,0.000232,-0.0,0.0
21.13,FLIGHT,0.9433,1.5463,0.1194,0.1199,0.118,0.1182,-0.0147,-0.1906,0.0067,0.0093,1.0285,-0.0392,1.5779,0.000231,-0.0,0.0
21.135,FLIGHT,0.9439,1.5469,0.1178,0.118,0.1164,0.1163,-0.0147,-0.1906,0.0066,0.0092,1.0283,-0.0395,1.5781,0.000231,-0.0,0.0
21.14,FLIGHT,0.9445,1.5475,0.1163,0.1161,0.1149,0.1145,-0.0147,-0.1905,0.0066,0.009,1.0279,-0.0397,1.5784,0.000231,-0.0,0.0
21.145,FLIGHT,0.945,1.548,0.1147,0.1143,0.1134,0.1126,-0.0146,-0.1905,0.0065,0.0089,1.0276,-0.0399,1.5786,0.000231,-0.0,0.0
21.15,FLIGHT,0.9456,1.5486,0.1132,0.1124,0.1119,0.1108,-0.0146,-0.1905,0.0065,0.0087,1.0272,-0.0401,1.5789,0.000231,-0.0,0.0
21.155,FLIGHT,0.9462,1.5491,0.1117,0.1106,0.1104,0.109,-0.0146,-0.1904,0.0064,0.0086,1.0269,-0.0404,1.5791,0.00023,-0.0,0.0
21.16,FLIGHT,0.9467,1.5497,0.1103,0.1089,0.109,0.1073,-0.0145,-0.1904,0.0064,0.0085,1.0265,-0.0406,1.5793,0.00023,-0.0,0.0
21.165,FLIGHT,0.9473,1.5502,0.1088,0.1071,0.1075,0.1056,-0.0145,-0.1903,0.0063,0.0083,1.0261,-0.0408,1.5796,0.00023,-0.0,0.0
21.17,FLIGHT,0.9478,1.5507,0.1074,0.1054,0.1061,0.1039,-0.0145,-0.1903,0.0063,0.0082,1.0256,-0.041,1.5798,0.00023,-0.0,0.0
21.175,FLIGHT,0.9483,1.5512,0.106,0.1037,0.1047,0.1022,-0.0144,-0.1902,0.0062,0.0081,1.0252,-0.0412,1.58,0.00023,-0.0,0.0
21.18,FLIGHT,0.9488,1.5518,0.1046,0.1021,0.1033,0.1006,-0.0144,-0.1902,0.0062,0.0079,1.0247,-0.0414,1.5803,0.00023,-0.0,0.0
21.185,FLIGHT,0.9494,1.5523,0.1032,0.1004,0.102,0.099,-0.0144,-0.1902,0.0061,0.0078,1.0242,-0.0416,1.5805,0.000229,-0.0,0.0
21.19,FLIGHT,0.9499,1.5527,0.1018,0.0988,0.1006,0.0974,-0.0144,-0.1901,0.0061,0.0077,1.0237,-0.0418,1.5807,0.000229,-0.0,0.0
21.195,FLIGHT,0.9504,1.5532,0.1005,0.0973,0.0993,0.0958,-0.0143,-0.1901,0.006,0.0075,1.0232,-0.042,1.5809,0.000229,-0.0,0.0
21.2,FLIGHT,0.9508,1.5537,0.0992,0.0957,0.098,0.0943,-0.0143,-0.1901,0.006,0.0074,1.0227,-0.0422,1.5811,0.000229,-0.0,0.0
21.205,FLIGHT,0.9513,1.5542,0.0978,0.0942,0.0967,0.0928,-0.0143,-0.19,0.0059,0.0073,1.0221,-0.0424,1.5814,0.000229,-0.0,0.0
21.21,FLIGHT,0.9518,1.5546,0.0965,0.0927,0.0954,0.0914,-0.0142,-0.19,0.0059,0.0072,1.0215,-0.0426,1.5816,0.000228,-0.0,0.0
21.215,FLIGHT,0.9523,1.5551,0.0953,0.0912,0.0941,0.0899,-0.0142,-0.1899,0.0058,0.0071,1.0209,-0.0428,1.5818,0.000228,-0.0,0.0
21.22,FLIGHT,0.9528,1.5555,0.094,0.0898,0.0929,0.0885,-0.0142,-0.1899,0.0058,0.007,1.0203,-0.043,1.582,0.000228,-0.0,0.0
21.225,FLIGHT,0.9532,1.556,0.0927,0.0883,0.0916,0.0871,-0.0141,-0.1899,0.0057,0.0069,1.0197,-0.0432,1.5822,0.000228,-0.0,0.0
21.23,FLIGHT,0.9537,1.5564,0.0915,0.087,0.0904,0.0857,-0.0141,-0.1898,0.0057,0.0067,1.019,-0.0433,1.5824,0.000228,-0.0,0.0
21.235,FLIGHT,0.9541,1.5568,0.0903,0.0856,0.0892,0.0844,-0.0141,-0.1898,0.0056,0.0066,1.0183,-0.0435,1.5826,0.000228,-0.0,0.0
21.24,FLIGHT,0.9546,1.5572,0.0891,0.0842,0.088,0.0831,-0.0141,-0.1898,0.0056,0.0065,1.0177,-0.0437,1.5828,0.000227,-0.0,0.0
21.245,FLIGHT,0.955,1.5577,0.0879,0.0829,0.0868,0.0818,-0.014,-0.1897,0.0055,0.0064,1.0169,-0.0439,1.583,0.000227,-0.0,0.0
21.25,FLIGHT,0.9554,1.5581,0.0867,0.0816,0.0856,0.0805,-0.014,-0.1897,0.0055,0.0063,1.0162,-0.0441,1.5832,0.000227,-0.0,0.0
21.255,FLIGHT,0.9559,1.5585,0.0855,0.0804,0.0845,0.0792,-0.014,-0.1897,0.0054,0.0062,1.0155,-0.0443,1.5833,0.000227,-0.0,0.0
21.26,FLIGHT,0.9563,1.5589,0.0843,0.0791,0.0833,0.078,-0.014,-0.1897,0.0054,0.0061,1.0147,-0.0444,1.5835,0.000227,-0.0,0.0
21.265,FLIGHT,0.9567,1.5592,0.0832,0.0779,0.0822,0.0768,-0.0139,-0.1896,0.0053,0.006,1.014,-0.0446,1.5837,0.000227,-0.0,0.0
21.27,FLIGHT,0.9571,1.5596,0.0821,0.0767,0.0811,0.0756,-0.0139,-0.1896,0.0053,0.0059,1.0132,-0.0448,1.5839,0.000227,-0.0,0.0
21.275,FLIGHT,0.9575,1.56,0.0809,0.0755,0.0799,0.0745,-0.0139,-0.1896,0.0052,0.0059,1.0124,-0.045,1.5841,0.000227,-0.0,0.0
21.28,FLIGHT,0.9579,1.5604,0.0798,0.0744,0.0788,0.0733,-0.0139,-0.1895,0.0051,0.0058,1.0116,-0.0451,1.5843,0.000226,-0.0,0.0
21.285,FLIGHT,0.9583,1.5607,0.0787,0.0732,0.0777,0.0722,-0.0138,-0.1895,0.0051,0.0057,1.0107,-0.0453,1.5844,0.000226,-0.0,0.0
21.29,FLIGHT,0.9587,1.5611,0.0776,0.0721,0.0767,0.0711,-0.0138,-0.1895,0.005,0.0056,1.0099,-0.0455,1.5846,0.000226,-0.0,0.0
21.295,FLIGHT,0.9591,1.5614,0.0766,0.071,0.0756,0.07,-0.0138,-0.1895,0.005,0.0055,1.009,-0.0456,1.5848,0.000226,-0.0,0.0
21.3,FLIGHT,0.9594,1.5618,0.0755,0.0699,0.0745,0.069,-0.0138,-0.1894,0.0049,0.0054,1.0081,-0.0458,1.585,0.000226,-0.0,0.0
21.305,FLIGHT,0.9598,1.5621,0.0744,0.0689,0.0735,0.068,-0.0137,-0.1894,0.0048,0.0053,1.0072,-0.046,1.5851,0.000226,-0.0,0.0
21.31,FLIGHT,0.9602,1.5625,0.0734,0.0679,0.0724,0.0669,-0.0137,-0.1894,0.0048,0.0053,1.0063,-0.0462,1.5853,0.000226,-0.0,0.0
21.315,FLIGHT,0.9605,1.5628,0.0723,0.0668,0.0714,0.0659,-0.0137,-0.1893,0.0047,0.0052,1.0054,-0.0463,1.5855,0.000226,-0.0,0.0
21.32,FLIGHT,0.9609,1.5631,0.0713,0.0659,0.0704,0.065,-0.0137,-0.1893,0.0047,0.0051,1.0044,-0.0465,1.5856,0.000226,-0.0,0.0
21.325,FLIGHT,0.9612,1.5635,0.0703,0.0649,0.0694,0.064,-0.0136,-0.1893,0.0046,0.005,1.0035,-0.0466,1.5858,0.000225,-0.0,0.0
21.33,FLIGHT,0.9616,1.5638,0.0693,0.0639,0.0684,0.0631,-0.0136,-0.1893,0.0045,0.005,1.0025,-0.0468,1.5859,0.000225,-0.0,0.0
21.335,FLIGHT,0.9619,1.5641,0.0683,0.063,0.0674,0.0621,-0.0136,-0.1893,0.0045,0.0049,1.0015,-0.047,1.5861,0.000225,-0.0,0.0
21.34,FLIGHT,0.9622,1.5644,0.0673,0.0621,0.0664,0.0612,-0.0136,-0.1892,0.0044,0.0048,1.0005,-0.0471,1.5863,0.000225,-0.0,0.0
21.345,STANCE,0.963,1.5651,0.1438,0.1293,0.4222,0.1842,-0.0135,-0.1892,0.0098,0.01,0.9996,0.1665,-0.2654,-0.000201,-0.264,0.053
21.35,STANCE,0.9672,1.5642,0.6642,-0.1298,1.2276,-0.6104,-0.0126,-0.1893,0.1432,-0.0203,0.9988,-0.1589,-0.7795,-0.001968,-0.4026,0.0825
21.355,STANCE,0.974,1.5586,1.1184,-0.8347,0.9666,-0.9775,-0.0106,-0.1899,0.3259,-0.0869,0.9978,-0.6247,-1.0716,-0.003793,-0.2418,0.0521
21.36,STANCE,0.9758,1.5568,0.5668,-0.4599,0.0957,-0.0248,-0.01,-0.1901,0.1704,-0.0468,0.9978,-0.7162,-1.7333,-0.004257,-0.0038,0.005
21.365,STANCE,0.9767,1.5563,0.3201,-0.2364,0.3395,-0.2953,-0.0097,-0.1901,0.0931,-0.0242,0.998,-0.9057,-2.2094,-0.0041,0.0534,0.0041
21.37,STANCE,0.979,1.552,0.415,-0.7543,0.3147,-2.0665,-0.0087,-0.1905,0.1824,-0.0703,0.9981,-1.2079,-2.1755,-0.003665,0.1807,0.0037
21.375,STANCE,0.9823,1.5439,0.6229,-1.2975,0.9491,-1.5196,-0.007,-0.1913,0.2982,-0.117,0.9982,-1.4988,-1.8981,-0.003186,0.0126,0.0032
21.38,STANCE,0.9879,1.5339,0.9552,-1.8267,0.9536,-2.7329,-0.0045,-0.1922,0.438,-0.159,0.9983,-1.7511,-1.4175,-0.003388,0.0024,0.0034
21.385,STANCE,0.9932,1.5199,1.0417,-2.4941,0.9006,-3.1272,-0.0015,-0.1933,0.5529,-0.206,0.9982,-1.7796,-0.7118,-0.003568,-0.0026,0.0041
21.39,STANCE,0.9978,1.505,0.936,-2.8228,0.7026,-3.0423,0.0015,-0.1945,0.5843,-0.2222,0.9982,-1.5701,-0.0653,-0.003713,-0.0026,0.0042
21.395,STANCE,1.0008,1.4906,0.6801,-2.8544,0.4104,-2.7925,0.0041,-0.1957,0.5437,-0.2161,0.9983,-1.1513,0.4617,-0.003741,0.011,0.0037
21.4,STANCE,1.002,1.4772,0.377,-2.7245,0.067,-2.6379,0.0063,-0.1967,0.4691,-0.2008,0.9984,-0.6299,0.8635,-0.003618,0.053,0.0036
21.405,STANCE,1.0022,1.4649,0.1311,-2.5428,-0.0033,-2.3291,0.0081,-0.1976,0.3968,-0.184,0.9987,-0.156,1.1316,-0.003373,0.0461,0.0034
21.41,STANCE,1.002,1.4535,0.0153,-2.3514,-0.0355,-2.1948,0.0097,-0.1984,0.3479,-0.1671,0.999,0.0997,1.2291,-0.003069,0.0686,0.0031
21.415,FLIGHT,1.0012,1.4441,-0.132,-1.9856,-0.4916,-1.3249,0.011,-0.1991,0.2662,-0.1402,0.9995,-1.1661,2.4675,-0.002668,0.1048,0.0027
21.42,FLIGHT,0.9969,1.4403,-0.658,-1.0874,-1.177,-0.2287,0.0107,-0.1994,0.0289,-0.0831,1.0003,-0.9687,2.2975,-0.002027,0.1483,0.002
21.425,FLIGHT,0.9898,1.4412,-1.1959,-0.1953,-1.6175,0.5147,0.0091,-0.1994,-0.2098,-0.0248,1.0013,-0.7172,2.088,-0.001224,0.169,0.0012
21.43,FLIGHT,0.9812,1.4449,-1.5732,0.4679,-1.8248,0.9433,0.0069,-0.1992,-0.3816,0.0233,1.0025,-0.4943,1.905,-0.000368,0.171,0.0004
21.435,FLIGHT,0.9719,1.4502,-1.7621,0.8762,-1.8533,1.1401,0.0043,-0.1988,-0.4772,0.0582,1.0038,-0.3255,1.768,0.000413,0.1262,0.0
21.44,FLIGHT,0.9628,1.4561,-1.7941,1.0781,-1.768,1.185,0.0016,-0.1984,-0.5108,0.0803,1.005,-0.2092,1.6749,0.000895,0.07,0.0
21.445,FLIGHT,0.9543,1.4619,-1.7205,1.1359,-1.6212,1.1407,-0.0009,-0.198,-0.5024,0.0916,1.0063,-0.1336,1.616,0.001144,0.0322,0.0
21.45,FLIGHT,0.9467,1.4674,-1.5853,1.1053,-1.4471,1.0517,-0.0032,-0.1975,-0.4694,0.0947,1.0075,-0.0868,1.581,0.00124,0.0078,0.0
21.455,FLIGHT,0.9399,1.4724,-1.4208,1.0277,-1.2675,0.9463,-0.0052,-0.1971,-0.4243,0.0925,1.0087,-0.0589,1.5616,0.001238,-0.0072,0.0014
21.46,FLIGHT,0.934,1.4769,-1.2484,0.9306,-1.0948,0.8404,-0.007,-0.1967,-0.3754,0.0872,1.0099,-0.0427,1.5519,0.001179,-0.0158,0.0032
21.465,FLIGHT,0.9289,1.4808,-1.0808,0.8303,-0.9353,0.7423,-0.0086,-0.1963,-0.3274,0.0802,1.011,-0.0336,1.5476,0.001088,-0.0201,0.004
21.47,FLIGHT,0.9246,1.4843,-0.9248,0.7359,-0.7914,0.6555,-0.0099,-0.1959,-0.2829,0.0729,1.0121,-0.0284,1.5463,0.000982,-0.0217,0.0043
21.475,FLIGHT,0.921,1.4874,-0.7833,0.6514,-0.6634,0.5808,-0.011,-0.1956,-0.2429,0.0656,1.0131,-0.0254,1.5466,0.000874,-0.0215,0.0043
21.48,FLIGHT,0.9179,1.4901,-0.657,0.5781,-0.5506,0.5174,-0.012,-0.1954,-0.2076,0.0589,1.0141,-0.0237,1.5475,0.000769,-0.0202,0.004
21.485,FLIGHT,0.9154,1.4926,-0.5453,0.5156,-0.4516,0.4642,-0.0128,-0.1951,-0.1768,0.0529,1.015,-0.0227,1.5487,0.000673,-0.0183,0.0037
21.49,FLIGHT,0.9134,1.4948,-0.4471,0.4629,-0.365,0.4198,-0.0135,-0.1949,-0.1502,0.0475,1.016,-0.022,1.5499,0.000587,-0.016,0.0032
21.495,FLIGHT,0.9118,1.4968,-0.3612,0.4188,-0.2893,0.3827,-0.0141,-0.1947,-0.1272,0.0428,1.0168,-0.0216,1.5511,0.000513,-0.0137,0.0027
21.5,FLIGHT,0.9105,1.4986,-0.2861,0.3819,-0.2234,0.3519,-0.0146,-0.1945,-0.1075,0.0387,1.0177,-0.0214,1.5522,0.00045,-0.0114,0.0023
21.505,FLIGHT,0.9095,1.5003,-0.2207,0.3513,-0.166,0.3262,-0.015,-0.1943,-0.0904,0.0352,1.0185,-0.0213,1.5533,0.000398,-0.0094,0.0019
21.51,FLIGHT,0.9088,1.5019,-0.1637,0.3257,-0.1161,0.3048,-0.0154,-0.1942,-0.0758,0.0322,1.0193,-0.0214,1.5543,0.000356,-0.0075,0.0015
21.515,FLIGHT,0.9083,1.5034,-0.1141,0.3044,-0.0728,0.2869,-0.0157,-0.194,-0.0632,0.0296,1.0201,-0.0215,1.5553,0.000322,-0.006,0.0012
21.52,FLIGHT,0.9081,1.5048,-0.0711,0.2866,-0.0353,0.272,-0.0159,-0.1939,-0.0524,0.0274,1.0209,-0.0218,1.5562,0.000296,-0.0046,0.0009
21.525,FLIGHT,0.908,1.5061,-0.0338,0.2717,-0.0029,0.2595,-0.0161,-0.1938,-0.0432,0.0255,1.0216,-0.0222,1.557,0.000275,-0.0036,0.0007
21.53,FLIGHT,0.908,1.5074,-0.0017,0.2592,0.025,0.249,-0.0163,-0.1937,-0.0352,0.0239,1.0223,-0.0226,1.5579,0.00026,-0.0027,0.0005
21.535,FLIGHT,0.9082,1.5086,0.026,0.2487,0.049,0.2401,-0.0164,-0.1936,-0.0284,0.0225,1.0229,-0.023,1.5587,0.000248,-0.002,0.0004
21.54,FLIGHT,0.9085,1.5098,0.0498,0.2399,0.0695,0.2326,-0.0165,-0.1935,-0.0226,0.0213,1.0236,-0.0236,1.5594,0.00024,-0.0014,0.0003
21.545,FLIGHT,0.9089,1.5109,0.0702,0.2324,0.087,0.2262,-0.0166,-0.1934,-0.0177,0.0203,1.0242,-0.0241,1.5602,0.000234,-0.001,0.0002
21.55,FLIGHT,0.9094,1.512,0.0875,0.2259,0.1017,0.2206,-0.0166,-0.1933,-0.0134,0.0194,1.0248,-0.0246,1.5609,0.00023,-0.0006,0.0001
21.555,FLIGHT,0.9099,1.5131,0.1021,0.2204,0.1142,0.2158,-0.0167,-0.1932,-0.0099,0.0187,1.0254,-0.0252,1.5616,0.000227,-0.0004,0.0001
21.56,FLIGHT,0.9105,1.5142,0.1145,0.2156,0.1246,0.2115,-0.0167,-0.1931,-0.0068,0.018,1.0259,-0.0258,1.5622,0.000226,-0.0002,0.0
21.565,FLIGHT,0.9112,1.5153,0.1248,0.2113,0.1333,0.2078,-0.0167,-0.193,-0.0043,0.0175,1.0264,-0.0263,1.5629,0.000225,-0.0001,0.0
21.57,FLIGHT,0.9119,1.5163,0.1334,0.2075,0.1404,0.2043,-0.0167,-0.1929,-0.0021,0.017,1.0269,-0.0269,1.5635,0.000225,0.0,0.0
21.575,FLIGHT,0.9126,1.5173,0.1405,0.2041,0.1462,0.2012,-0.0167,-0.1928,-0.0003,0.0166,1.0274,-0.0274,1.5641,0.000226,0.0001,0.0
21.58,FLIGHT,0.9133,1.5183,0.1462,0.201,0.1508,0.1983,-0.0167,-0.1928,0.0012,0.0162,1.0278,-0.028,1.5646,0.000227,0.0002,0.0
21.585,FLIGHT,0.9141,1.5193,0.1508,0.1981,0.1544,0.1955,-0.0167,-0.1927,0.0025,0.0158,1.0282,-0.0285,1.5652,0.000227,0.0002,0.0
21.59,FLIGHT,0.9149,1.5202,0.1544,0.1953,0.1572,0.1929,-0.0167,-0.1926,0.0036,0.0155,1.0286,-0.029,1.5657,0.000228,0.0002,0.0
21.595,FLIGHT,0.9156,1.5212,0.1571,0.1927,0.1592,0.1904,-0.0167,-0.1925,0.0044,0.0153,1.029,-0.0295,1.5662,0.000229,0.0002,0.0
21.6,FLIGHT,0.9164,1.5222,0.1591,0.1902,0.1606,0.1879,-0.0166,-0.1924,0.0051,0.015,1.0293,-0.03,1.5667,0.00023,0.0002,0.0
21.605,FLIGHT,0.9173,1.5231,0.1605,0.1877,0.1614,0.1855,-0.0166,-0.1924,0.0057,0.0148,1.0297,-0.0304,1.5672,0.000231,0.0002,0.0
21.61,FLIGHT,0.9181,1.524,0.1613,0.1853,0.1618,0.1831,-0.0166,-0.1923,0.0062,0.0145,1.03,-0.0309,1.5677,0.000232,0.0002,0.0
21.615,FLIGHT,0.9189,1.5249,0.1617,0.1829,0.1618,0.1808,-0.0165,-0.1922,0.0066,0.0143,1.0302,-0.0313,1.5681,0.000233,0.0001,0.0
21.62,FLIGHT,0.9197,1.5258,0.1616,0.1806,0.1614,0.1784,-0.0165,-0.1922,0.0069,0.0141,1.0305,-0.0317,1.5686,0.000234,0.0001,0.0
21.625,FLIGHT,0.9205,1.5267,0.1613,0.1782,0.1608,0.1761,-0.0165,-0.1921,0.0071,0.0139,1.0307,-0.0321,1.569,0.000234,0.0001,0.0
21.63,FLIGHT,0.9213,1.5276,0.1606,0.1759,0.16,0.1738,-0.0164,-0.192,0.0073,0.0137,1.0309,-0.0325,1.5694,0.000235,0.0001,0.0
21.635,FLIGHT,0.9221,1.5284,0.1598,0.1735,0.1589,0.1715,-0.0164,-0.192,0.0074,0.0135,1.0311,-0.0329,1.5698,0.000235,0.0001,0.0
21.64,FLIGHT,0.9229,1.5293,0.1587,0.1712,0.1577,0.1691,-0.0164,-0.1919,0.0075,0.0133,1.0313,-0.0333,1.5702,0.000235,0.0001,0.0
21.645,FLIGHT,0.9237,1.5301,0.1575,0.1689,0.1564,0.1668,-0.0163,-0.1918,0.0076,0.0131,1.0314,-0.0337,1.5706,0.000236,0.0,0.0
21.65,FLIGHT,0.9244,1.531,0.1562,0.1666,0.1549,0.1645,-0.0163,-0.1918,0.0076,0.0129,1.0315,-0.034,1.571,0.000236,0.0,0.0
21.655,FLIGHT,0.9252,1.5318,0.1547,0.1642,0.1534,0.1621,-0.0162,-0.1917,0.0077,0.0127,1.0316,-0.0343,1.5713,0.000236,0.0,0.0
21.66,FLIGHT,0.926,1.5326,0.1532,0.1619,0.1517,0.1598,-0.0162,-0.1916,0.0077,0.0126,1.0317,-0.0347,1.5717,0.000236,0.0,0.0
21.665,FLIGHT,0.9267,1.5334,0.1516,0.1596,0.1501,0.1575,-0.0162,-0.1916,0.0077,0.0124,1.0317,-0.035,1.572,0.000236,0.0,0.0
21.67,FLIGHT,0.9275,1.5342,0.1499,0.1573,0.1484,0.1552,-0.0161,-0.1915,0.0076,0.0122,1.0317,-0.0353,1.5724,0.000236,-0.0,0.0
21.675,FLIGHT,0.9282,1.5349,0.1482,0.155,0.1467,0.1529,-0.0161,-0.1915,0.0076,0.012,1.0317,-0.0356,1.5727,0.000236,-0.0,0.0
21.68,FLIGHT,0.9289,1.5357,0.1465,0.1527,0.1449,0.1506,-0.0161,-0.1914,0.0076,0.0118,1.0317,-0.0359,1.573,0.000236,-0.0,0.0
21.685,FLIGHT,0.9297,1.5364,0.1447,0.1504,0.1431,0.1483,-0.016,-0.1913,0.0076,0.0117,1.0317,-0.0362,1.5734,0.000236,-0.0,0.0
21.69,FLIGHT,0.9304,1.5372,0.143,0.1481,0.1414,0.1461,-0.016,-0.1913,0.0075,0.0115,1.0316,-0.0365,1.5737,0.000236,-0.0,0.0
21.695,FLIGHT,0.9311,1.5379,0.1412,0.1458,0.1396,0.1438,-0.0159,-0.1912,0.0075,0.0113,1.0315,-0.0368,1.574,0.000236,-0.0,0.0
21.7,FLIGHT,0.9318,1.5386,0.1394,0.1436,0.1378,0.1416,-0.0159,-0.1912,0.0074,0.0111,1.0314,-0.037,1.5743,0.000236,-0.0,0.0
21.705,FLIGHT,0.9325,1.5393,0.1377,0.1414,0.1361,0.1394,-0.0159,-0.1911,0.0074,0.011,1.0313,-0.0373,1.5746,0.000236,-0.0,0.0
21.71,FLIGHT,0.9331,1.54,0.1359,0.1392,0.1344,0.1372,-0.0158,-0.1911,0.0073,0.0108,1.0311,-0.0376,1.5749,0.000235,-0.0,0.0
21.715,FLIGHT,0.9338,1.5407,0.1342,0.137,0.1326,0.1351,-0.0158,-0.191,0.0073,0.0106,1.0309,-0.0378,1.5752,0.000235,-0.0,0.0
21.72,FLIGHT,0.9345,1.5414,0.1324,0.1349,0.1309,0.1329,-0.0158,-0.191,0.0072,0.0105,1.0307,-0.0381,1.5755,0.000235,-0.0,0.0
21.725,FLIGHT,0.9351,1.542,0.1307,0.1327,0.1292,0.1308,-0.0157,-0.1909,0.0072,0.0103,1.0305,-0.0383,1.5758,0.000235,-0.0,0.0
21.73,FLIGHT,0.9357,1.5427,0.129,0.1306,0.1275,0.1288,-0.0157,-0.1909,0.0071,0.0101,1.0303,-0.0386,1.5761,0.000235,-0.0,0.0
21.735,FLIGHT,0.9364,1.5433,0.1274,0.1286,0.1259,0.1267,-0.0157,-0.1908,0.0071,0.01,1.03,-0.0388,1.5763,0.000234,-0.0,0.0
21.74,FLIGHT,0.937,1.5439,0.1257,0.1265,0.1242,0.1247,-0.0156,-0.1908,0.007,0.0098,1.0297,-0.0391,1.5766,0.000234,-0.0,0.0
21.745,FLIGHT,0.9376,1.5445,0.1241,0.1245,0.1226,0.1227,-0.0156,-0.1907,0.007,0.0096,1.0294,-0.0393,1.5769,0.000234,-0.0,0.0
21.75,FLIGHT,0.9382,1.5452,0.1224,0.1225,0.121,0.1207,-0.0155,-0.1907,0.0069,0.0095,1.0291,-0.0395,1.5771,0.000234,-0.0,0.0
21.755,FLIGHT,0.9388,1.5458,0.1208,0.1205,0.1194,0.1188,-0.0155,-0.1906,0.0069,0.0093,1.0288,-0.0398,1.5774,0.000233,-0.0,0.0
21.76,FLIGHT,0.9394,1.5463,0.1193,0.1186,0.1179,0.1169,-0.0155,-0.1906,0.0068,0.0092,1.0284,-0.04,1.5777,0.000233,-0.0,0.0
21.765,FLIGHT,0.94,1.5469,0.1177,0.1167,0.1163,0.115,-0.0154,-0.1905,0.0068,0.009,1.028,-0.0402,1.5779,0.000233,-0.0,0.0
21.77,FLIGHT,0.9406,1.5475,0.1162,0.1148,0.1148,0.1132,-0.0154,-0.1905,0.0068,0.0089,1.0276,-0.0404,1.5782,0.000233,-0.0,0.0
21.775,FLIGHT,0.9412,1.5481,0.1147,0.113,0.1133,0.1114,-0.0154,-0.1904,0.0067,0.0087,1.0272,-0.0407,1.5784,0.000233,-0.0,0.0
21.78,FLIGHT,0.9417,1.5486,0.1131,0.1112,0.1118,0.1096,-0.0153,-0.1904,0.0067,0.0086,1.0268,-0.0409,1.5787,0.000232,-0.0,0.0
21.785,FLIGHT,0.9423,1.5492,0.1117,0.1094,0.1103,0.1078,-0.0153,-0.1904,0.0066,0.0085,1.0263,-0.0411,1.5789,0.000232,-0.0,0.0
21.79,FLIGHT,0.9428,1.5497,0.1102,0.1077,0.1089,0.1061,-0.0153,-0.1903,0.0066,0.0083,1.0258,-0.0413,1.5791,0.000232,-0.0,0.0
21.795,FLIGHT,0.9434,1.5502,0.1088,0.1059,0.1075,0.1044,-0.0152,-0.1903,0.0065,0.0082,1.0253,-0.0415,1.5794,0.000232,-0.0,0.0
21.8,FLIGHT,0.9439,1.5507,0.1073,0.1042,0.1061,0.1027,-0.0152,-0.1902,0.0065,0.0081,1.0248,-0.0417,1.5796,0.000232,-0.0,0.0
21.805,FLIGHT,0.9444,1.5512,0.1059,0.1026,0.1047,0.1011,-0.0152,-0.1902,0.0064,0.0079,1.0243,-0.0419,1.5798,0.000231,-0.0,0.0
21.81,FLIGHT,0.9449,1.5517,0.1045,0.1009,0.1033,0.0995,-0.0152,-0.1902,0.0064,0.0078,1.0237,-0.0421,1.5801,0.000231,-0.0,0.0
21.815,FLIGHT,0.9455,1.5522,0.1032,0.0993,0.1019,0.0979,-0.0151,-0.1901,0.0063,0.0077,1.0232,-0.0423,1.5803,0.000231,-0.0,0.0
21.82,FLIGHT,0.946,1.5527,0.1018,0.0978,0.1006,0.0963,-0.0151,-0.1901,0.0063,0.0075,1.0226,-0.0425,1.5805,0.000231,-0.0,0.0
21.825,FLIGHT,0.9465,1.5532,0.1005,0.0962,0.0993,0.0948,-0.0151,-0.19,0.0062,0.0074,1.022,-0.0427,1.5807,0.000231,-0.0,0.0
21.83,FLIGHT,0.947,1.5537,0.0991,0.0947,0.098,0.0933,-0.015,-0.19,0.0062,0.0073,1.0214,-0.0429,1.5809,0.00023,-0.0,0.0
21.835,FLIGHT,0.9474,1.5541,0.0978,0.0932,0.0967,0.0919,-0.015,-0.19,0.0061,0.0072,1.0207,-0.0431,1.5811,0.00023,-0.0,0.0
21.84,FLIGHT,0.9479,1.5546,0.0965,0.0917,0.0954,0.0904,-0.015,-0.1899,0.006,0.0071,1.0201,-0.0433,1.5814,0.00023,-0.0,0.0
21.845,FLIGHT,0.9484,1.555,0.0952,0.0903,0.0941,0.089,-0.0149,-0.1899,0.006,0.007,1.0194,-0.0435,1.5816,0.00023,-0.0,0.0
21.85,FLIGHT,0.9489,1.5555,0.094,0.0889,0.0928,0.0876,-0.0149,-0.1899,0.0059,0.0069,1.0187,-0.0437,1.5818,0.00023,-0.0,0.0
21.855,FLIGHT,0.9493,1.5559,0.0927,0.0875,0.0916,0.0862,-0.0149,-0.1898,0.0059,0.0067,1.018,-0.0439,1.582,0.00023,-0.0,0.0
21.86,FLIGHT,0.9498,1.5563,0.0915,0.0861,0.0904,0.0849,-0.0149,-0.1898,0.0058,0.0066,1.0173,-0.0441,1.5822,0.000229,-0.0,0.0
21.865,FLIGHT,0.9502,1.5568,0.0903,0.0848,0.0892,0.0836,-0.0148,-0.1898,0.0058,0.0065,1.0165,-0.0443,1.5824,0.000229,-0.0,0.0
21.87,FLIGHT,0.9507,1.5572,0.089,0.0835,0.088,0.0823,-0.0148,-0.1897,0.0057,0.0064,1.0158,-0.0445,1.5826,0.000229,-0.0,0.0
21.875,FLIGHT,0.9511,1.5576,0.0878,0.0822,0.0868,0.081,-0.0148,-0.1897,0.0057,0.0063,1.015,-0.0446,1.5828,0.000229,-0.0,0.0
21.88,FLIGHT,0.9515,1.558,0.0867,0.0809,0.0856,0.0798,-0.0147,-0.1897,0.0056,0.0062,1.0142,-0.0448,1.583,0.000229,-0.0,0.0
21.885,FLIGHT,0.952,1.5584,0.0855,0.0797,0.0844,0.0785,-0.0147,-0.1896,0.0055,0.0061,1.0134,-0.045,1.5831,0.000229,-0.0,0.0
21.89,FLIGHT,0.9524,1.5588,0.0843,0.0784,0.0833,0.0773,-0.0147,-0.1896,0.0055,0.006,1.0126,-0.0452,1.5833,0.000229,-0.0,0.0
21.895,FLIGHT,0.9528,1.5592,0.0832,0.0772,0.0821,0.0762,-0.0147,-0.1896,0.0054,0.006,1.0117,-0.0454,1.5835,0.000228,-0.0,0.0
21.9,FLIGHT,0.9532,1.5595,0.082,0.0761,0.081,0.075,-0.0146,-0.1895,0.0054,0.0059,1.0109,-0.0455,1.5837,0.000228,-0.0,0.0
21.905,FLIGHT,0.9536,1.5599,0.0809,0.0749,0.0799,0.0739,-0.0146,-0.1895,0.0053,0.0058,1.01,-0.0457,1.5839,0.000228,-0.0,0.0
21.91,FLIGHT,0.954,1.5603,0.0798,0.0738,0.0788,0.0728,-0.0146,-0.1895,0.0052,0.0057,1.0091,-0.0459,1.5841,0.000228,-0.0,0.0
21.915,FLIGHT,0.9544,1.5606,0.0787,0.0727,0.0777,0.0717,-0.0145,-0.1895,0.0052,0.0056,1.0082,-0.0461,1.5842,0.000228,-0.0,0.0
21.92,FLIGHT,0.9548,1.561,0.0776,0.0716,0.0766,0.0706,-0.0145,-0.1894,0.0051,0.0055,1.0073,-0.0462,1.5844,0.000228,-0.0,0.0
21.925,FLIGHT,0.9552,1.5613,0.0765,0.0705,0.0755,0.0696,-0.0145,-0.1894,0.005,0.0054,1.0063,-0.0464,1.5846,0.000228,-0.0,0.0
21.93,FLIGHT,0.9555,1.5617,0.0754,0.0695,0.0744,0.0685,-0.0145,-0.1894,0.005,0.0054,1.0054,-0.0466,1.5848,0.000228,-0.0,0.0
21.935,FLIGHT,0.9559,1.562,0.0743,0.0684,0.0734,0.0675,-0.0145,-0.1894,0.0049,0.0053,1.0044,-0.0467,1.5849,0.000228,-0.0,0.0
21.94,FLIGHT,0.9563,1.5624,0.0733,0.0674,0.0723,0.0665,-0.0144,-0.1893,0.0048,0.0052,1.0034,-0.0469,1.5851,0.000227,-0.0,0.0
21.945,FLIGHT,0.9566,1.5627,0.0722,0.0664,0.0713,0.0655,-0.0144,-0.1893,0.0048,0.0051,1.0025,-0.0471,1.5853,0.000227,-0.0,0.0
21.95,FLIGHT,0.957,1.563,0.0712,0.0654,0.0703,0.0646,-0.0144,-0.1893,0.0047,0.0051,1.0014,-0.0472,1.5854,0.000227,-0.0,0.0
21.955,FLIGHT,0.9573,1.5633,0.0702,0.0645,0.0692,0.0636,-0.0144,-0.1893,0.0046,0.005,1.0004,-0.0474,1.5856,0.000227,-0.0,0.0
21.96,STANCE,0.9585,1.5641,0.2201,0.1283,0.6047,0.0559,-0.0142,-0.1892,0.0245,0.0088,0.9995,0.1442,-0.3853,-0.000479,-0.3102,0.0625
21.965,STANCE,0.9636,1.5623,0.7955,-0.2487,1.3699,-0.8024,-0.013,-0.1894,0.1842,-0.0332,0.9986,-0.2345,-0.8584,-0.002349,-0.4088,0.0841
21.97,STANCE,0.9703,1.5564,1.1381,-0.8777,0.7633,-0.7708,-0.011,-0.1901,0.3355,-0.0916,0.9978,-0.6715,-1.1683,-0.004073,-0.191,0.0423
21.975,STANCE,0.9718,1.555,0.5325,-0.4361,0.1094,-0.0672,-0.0105,-0.1902,0.1606,-0.0447,0.9978,-0.7353,-1.84,-0.004396,0.0147,0.0044
21.98,STANCE,0.9729,1.5539,0.3509,-0.317,0.4235,-0.4717,-0.0101,-0.1903,0.11,-0.0319,0.9981,-0.9443,-2.2385,-0.004173,0.0634,0.0042
21.985,STANCE,0.9752,1.5475,0.4229,-1.0478,0.6301,-1.538,-0.0088,-0.1909,0.2243,-0.0962,0.9981,-1.2325,-2.0646,-0.003599,0.1049,0.0036
21.99,STANCE,0.9798,1.5389,0.7985,-1.5473,1.1934,-2.1362,-0.0067,-0.1917,0.3669,-0.1392,0.9982,-1.5851,-1.7542,-0.003573,-0.0826,0.0201
21.995,STANCE,0.9854,1.5252,1.0148,-2.3848,1.1039,-3.0626,-0.0038,-0.1929,0.5292,-0.2037,0.9981,-1.7874,-1.0857,-0.003849,-0.0594,0.0157
22.0,STANCE,0.9907,1.5095,1.0351,-2.8986,0.8764,-3.2014,-0.0005,-0.1942,0.6113,-0.2349,0.9979,-1.765,-0.4103,-0.004185,-0.0421,0.0126
22.005,STANCE,0.994,1.4947,0.7528,-2.9307,0.4283,-2.9301,0.0022,-0.1954,0.5661,-0.2277,0.998,-1.4406,0.1135,-0.004251,0.0052,0.0043
22.01,STANCE,0.9954,1.4806,0.4197,-2.8446,0.1396,-2.7202,0.0045,-0.1964,0.4926,-0.2144,0.9981,-0.9574,0.5775,-0.004228,0.0113,0.0042
22.015,STANCE,0.9954,1.4674,0.1242,-2.7027,-0.1106,-2.5727,0.0064,-0.1974,0.4169,-0.1995,0.9982,-0.4295,0.9528,-0.004093,0.0406,0.0041
22.02,STANCE,0.9946,1.455,-0.0661,-2.5363,-0.1625,-2.3648,0.0081,-0.1983,0.3573,-0.1842,0.9985,0.0027,1.1979,-0.003853,0.0488,0.0039
22.025,FLIGHT,0.9939,1.4436,-0.1077,-2.3473,-0.0807,-2.1699,0.0096,-0.1992,0.3231,-0.1674,0.9988,-1.189,2.4924,-0.00358,0.056,0.0036
22.03,FLIGHT,0.9923,1.4351,-0.2909,-1.8383,-0.6944,-1.0751,0.0105,-0.1998,0.2127,-0.1315,0.9994,-1.1471,2.4457,-0.003202,0.104,0.0032
22.035,FLIGHT,0.9872,1.4325,-0.829,-0.894,-1.3335,-0.0391,0.0099,-0.2,-0.0343,-0.071,1.0003,-0.926,2.2575,-0.002567,0.1462,0.0026
22.04,FLIGHT,0.9794,1.4341,-1.3362,-0.0299,-1.7216,0.6414,0.0081,-0.2,-0.2628,-0.013,1.0014,-0.6727,2.0478,-0.001779,0.1654,0.0018
22.045,FLIGHT,0.9703,1.4384,-1.6708,0.5861,-1.8842,1.0189,0.0057,-0.1997,-0.419,0.0336,1.0027,-0.4569,1.8714,-0.000944,0.1665,0.0009
22.05,FLIGHT,0.9609,1.4439,-1.8209,0.9503,-1.8823,1.1782,0.003,-0.1994,-0.5002,0.0666,1.004,-0.2966,1.7421,-0.000134,0.1562,0.0001
22.055,FLIGHT,0.9517,1.4499,-1.8232,1.1181,-1.7735,1.2,0.0003,-0.1989,-0.5228,0.0866,1.0053,-0.1881,1.6559,0.000519,0.1001,0.0
22.06,FLIGHT,0.9432,1.4558,-1.727,1.1536,-1.6109,1.143,-0.0022,-0.1984,-0.5066,0.0961,1.0066,-0.1191,1.6025,0.000896,0.0535,0.0
22.065,FLIGHT,0.9356,1.4613,-1.5765,1.11,-1.4276,1.0481,-0.0045,-0.198,-0.4686,0.0979,1.0078,-0.077,1.5716,0.001081,0.0226,0.0
22.07,FLIGHT,0.9289,1.4663,-1.4027,1.026,-1.2432,0.9411,-0.0065,-0.1975,-0.4208,0.0948,1.009,-0.0524,1.5549,0.001141,0.0029,0.0
22.075,FLIGHT,0.9232,1.4707,-1.2253,0.9268,-1.0685,0.8361,-0.0083,-0.1971,-0.3705,0.0888,1.0102,-0.0383,1.5468,0.001123,-0.009,0.0018
22.08,FLIGHT,0.9182,1.4746,-1.0554,0.827,-0.9086,0.7401,-0.0098,-0.1967,-0.3221,0.0816,1.0113,-0.0304,1.5436,0.00106,-0.0156,0.0031
22.085,FLIGHT,0.9141,1.4781,-0.8987,0.7344,-0.7653,0.6559,-0.0111,-0.1964,-0.2777,0.074,1.0124,-0.026,1.5429,0.000972,-0.0188,0.0038
22.09,FLIGHT,0.9106,1.4812,-0.7576,0.6522,-0.6383,0.5837,-0.0122,-0.1961,-0.238,0.0667,1.0135,-0.0235,1.5435,0.000875,-0.0197,0.0039
22.095,FLIGHT,0.9076,1.484,-0.6321,0.5813,-0.5266,0.5227,-0.0132,-0.1958,-0.2032,0.06,1.0145,-0.0221,1.5446,0.000778,-0.0192,0.0038
22.1,FLIGHT,0.9053,1.4865,-0.5215,0.521,-0.4288,0.4715,-0.014,-0.1955,-0.173,0.0539,1.0154,-0.0212,1.5458,0.000685,-0.0177,0.0035
22.105,FLIGHT,0.9033,1.4887,-0.4245,0.4703,-0.3433,0.4288,-0.0147,-0.1953,-0.1468,0.0486,1.0164,-0.0206,1.5471,0.000601,-0.0158,0.0032
22.11,FLIGHT,0.9018,1.4908,-0.3396,0.4279,-0.2687,0.3932,-0.0152,-0.1951,-0.1243,0.0439,1.0173,-0.0202,1.5483,0.000527,-0.0137,0.0027
22.115,FLIGHT,0.9006,1.4927,-0.2656,0.3924,-0.2037,0.3635,-0.0157,-0.1949,-0.1048,0.0399,1.0182,-0.0201,1.5495,0.000464,-0.0116,0.0023
22.12,FLIGHT,0.8998,1.4944,-0.201,0.3628,-0.1472,0.3387,-0.0161,-0.1947,-0.0881,0.0364,1.019,-0.02,1.5505,0.000411,-0.0096,0.0019
22.125,FLIGHT,0.8992,1.496,-0.1449,0.3382,-0.098,0.318,-0.0165,-0.1946,-0.0738,0.0334,1.0198,-0.0201,1.5516,0.000368,-0.0078,0.0016
22.13,FLIGHT,0.8988,1.4976,-0.0961,0.3175,-0.0554,0.3007,-0.0168,-0.1944,-0.0614,0.0308,1.0206,-0.0204,1.5525,0.000333,-0.0062,0.0012
22.135,FLIGHT,0.8986,1.4991,-0.0538,0.3003,-0.0185,0.2861,-0.017,-0.1943,-0.0508,0.0286,1.0214,-0.0207,1.5535,0.000306,-0.0049,0.001
22.14,FLIGHT,0.8986,1.5005,-0.0172,0.2858,0.0133,0.2739,-0.0172,-0.1942,-0.0417,0.0267,1.0221,-0.021,1.5544,0.000284,-0.0037,0.0007
22.145,FLIGHT,0.8987,1.5018,0.0144,0.2736,0.0407,0.2636,-0.0173,-0.194,-0.0339,0.025,1.0228,-0.0215,1.5552,0.000268,-0.0028,0.0006
22.15,FLIGHT,0.899,1.5031,0.0416,0.2633,0.0642,0.2549,-0.0175,-0.1939,-0.0273,0.0237,1.0235,-0.022,1.5561,0.000256,-0.0021,0.0004
22.155,FLIGHT,0.8994,1.5044,0.0649,0.2546,0.0842,0.2474,-0.0176,-0.1938,-0.0216,0.0225,1.0241,-0.0225,1.5569,0.000247,-0.0015,0.0003
22.16,FLIGHT,0.8998,1.5056,0.0848,0.2472,0.1013,0.241,-0.0176,-0.1937,-0.0167,0.0214,1.0248,-0.0231,1.5576,0.00024,-0.0011,0.0002
22.165,FLIGHT,0.9004,1.5068,0.1018,0.2407,0.1157,0.2354,-0.0177,-0.1936,-0.0125,0.0206,1.0254,-0.0236,1.5584,0.000236,-0.0007,0.0001
22.17,FLIGHT,0.901,1.5079,0.1161,0.2352,0.1278,0.2305,-0.0177,-0.1935,-0.009,0.0198,1.0259,-0.0242,1.5591,0.000233,-0.0004,0.0001
22.175,FLIGHT,0.9016,1.5091,0.1281,0.2303,0.1379,0.2262,-0.0177,-0.1934,-0.0061,0.0192,1.0265,-0.0248,1.5598,0.000231,-0.0002,0.0
22.18,FLIGHT,0.9023,1.5102,0.1381,0.226,0.1463,0.2223,-0.0178,-0.1933,-0.0035,0.0186,1.027,-0.0254,1.5604,0.00023,-0.0001,0.0
22.185,FLIGHT,0.9031,1.5113,0.1464,0.222,0.1531,0.2187,-0.0178,-0.1932,-0.0014,0.0181,1.0275,-0.026,1.5611,0.00023,0.0,0.0
22.19,FLIGHT,0.9039,1.5124,0.1532,0.2185,0.1587,0.2154,-0.0178,-0.1931,0.0004,0.0176,1.028,-0.0265,1.5617,0.00023,0.0001,0.0
22.195,FLIGHT,0.9047,1.5134,0.1587,0.2152,0.163,0.2123,-0.0177,-0.1931,0.0019,0.0172,1.0285,-0.0271,1.5623,0.000231,0.0001,0.0
22.2,FLIGHT,0.9055,1.5145,0.163,0.2121,0.1664,0.2094,-0.0177,-0.193,0.0031,0.0169,1.0289,-0.0276,1.5629,0.000232,0.0002,0.0
22.205,FLIGHT,0.9063,1.5155,0.1664,0.2092,0.169,0.2066,-0.0177,-0.1929,0.0041,0.0166,1.0293,-0.0282,1.5634,0.000232,0.0002,0.0
22.21,FLIGHT,0.9072,1.5166,0.1689,0.2064,0.1708,0.2039,-0.0177,-0.1928,0.005,0.0163,1.0297,-0.0287,1.564,0.000233,0.0002,0.0
22.215,FLIGHT,0.908,1.5176,0.1707,0.2037,0.172,0.2013,-0.0176,-0.1927,0.0057,0.016,1.03,-0.0292,1.5645,0.000234,0.0002,0.0
22.22,FLIGHT,0.9089,1.5186,0.1719,0.201,0.1727,0.1987,-0.0176,-0.1926,0.0062,0.0157,1.0304,-0.0297,1.565,0.000235,0.0002,0.0
22.225,FLIGHT,0.9098,1.5196,0.1725,0.1984,0.1729,0.1961,-0.0176,-0.1926,0.0067,0.0155,1.0307,-0.0301,1.5655,0.000236,0.0002,0.0
22.23,FLIGHT,0.9106,1.5205,0.1727,0.1959,0.1727,0.1936,-0.0175,-0.1925,0.0071,0.0153,1.031,-0.0306,1.566,0.000237,0.0001,0.0
22.235,FLIGHT,0.9115,1.5215,0.1725,0.1933,0.1722,0.191,-0.0175,-0.1924,0.0074,0.015,1.0312,-0.031,1.5664,0.000237,0.0001,0.0
22.24,FLIGHT,0.9124,1.5225,0.172,0.1908,0.1714,0.1885,-0.0175,-0.1923,0.0076,0.0148,1.0315,-0.0314,1.5669,0.000238,0.0001,0.0
22.245,FLIGHT,0.9132,1.5234,0.1712,0.1883,0.1704,0.186,-0.0174,-0.1923,0.0078,0.0146,1.0317,-0.0318,1.5673,0.000238,0.0001,0.0
22.25,FLIGHT,0.9141,1.5243,0.1702,0.1857,0.1692,0.1835,-0.0174,-0.1922,0.0079,0.0144,1.0319,-0.0322,1.5678,0.000239,0.0001,0.0
22.255,FLIGHT,0.9149,1.5252,0.169,0.1832,0.1679,0.181,-0.0173,-0.1921,0.008,0.0142,1.032,-0.0326,1.5682,0.000239,0.0001,0.0
22.26,FLIGHT,0.9157,1.5261,0.1676,0.1807,0.1664,0.1784,-0.0173,-0.1921,0.0081,0.014,1.0322,-0.033,1.5686,0.000239,0.0,0.0
22.265,FLIGHT,0.9166,1.527,0.1662,0.1782,0.1648,0.1759,-0.0173,-0.192,0.0081,0.0138,1.0323,-0.0334,1.569,0.000239,0.0,0.0
22.27,FLIGHT,0.9174,1.5279,0.1646,0.1757,0.1631,0.1734,-0.0172,-0.1919,0.0081,0.0136,1.0324,-0.0337,1.5694,0.000239,0.0,0.0
22.275,FLIGHT,0.9182,1.5287,0.1629,0.1732,0.1614,0.1709,-0.0172,-0.1919,0.0081,0.0134,1.0325,-0.0341,1.5698,0.00024,0.0,0.0
22.28,FLIGHT,0.919,1.5296,0.1612,0.1707,0.1596,0.1684,-0.0171,-0.1918,0.0081,0.0132,1.0325,-0.0344,1.5701,0.00024,-0.0,0.0
22.285,FLIGHT,0.9198,1.5304,0.1594,0.1682,0.1578,0.1659,-0.0171,-0.1917,0.0081,0.013,1.0326,-0.0347,1.5705,0.00024,-0.0,0.0
22.29,FLIGHT,0.9206,1.5313,0.1576,0.1657,0.1559,0.1635,-0.0171,-0.1917,0.0081,0.0128,1.0326,-0.035,1.5709,0.000239,-0.0,0.0
22.295,FLIGHT,0.9214,1.5321,0.1557,0.1632,0.1541,0.161,-0.017,-0.1916,0.008,0.0126,1.0326,-0.0354,1.5712,0.000239,-0.0,0.0
22.3,FLIGHT,0.9221,1.5329,0.1539,0.1608,0.1522,0.1586,-0.017,-0.1915,0.008,0.0124,1.0325,-0.0357,1.5716,0.000239,-0.0,0.0
22.305,FLIGHT,0.9229,1.5336,0.152,0.1583,0.1503,0.1561,-0.0169,-0.1915,0.008,0.0122,1.0325,-0.036,1.5719,0.000239,-0.0,0.0
22.31,FLIGHT,0.9236,1.5344,0.1501,0.1559,0.1484,0.1537,-0.0169,-0.1914,0.0079,0.012,1.0324,-0.0363,1.5722,0.000239,-0.0,0.0
22.315,FLIGHT,0.9244,1.5352,0.1482,0.1535,0.1466,0.1514,-0.0169,-0.1914,0.0079,0.0119,1.0323,-0.0365,1.5726,0.000239,-0.0,0.0
22.32,FLIGHT,0.9251,1.5359,0.1464,0.1511,0.1447,0.149,-0.0168,-0.1913,0.0078,0.0117,1.0321,-0.0368,1.5729,0.000239,-0.0,0.0
22.325,FLIGHT,0.9258,1.5367,0.1445,0.1488,0.1428,0.1467,-0.0168,-0.1912,0.0078,0.0115,1.032,-0.0371,1.5732,0.000238,-0.0,0.0
22.33,FLIGHT,0.9265,1.5374,0.1427,0.1464,0.141,0.1444,-0.0167,-0.1912,0.0077,0.0113,1.0318,-0.0374,1.5735,0.000238,-0.0,0.0
22.335,FLIGHT,0.9272,1.5381,0.1408,0.1441,0.1392,0.1421,-0.0167,-0.1911,0.0077,0.0111,1.0316,-0.0376,1.5738,0.000238,-0.0,0.0
22.34,FLIGHT,0.9279,1.5388,0.139,0.1419,0.1374,0.1398,-0.0167,-0.1911,0.0076,0.0109,1.0314,-0.0379,1.5741,0.000238,-0.0,0.0
22.345,FLIGHT,0.9286,1.5395,0.1372,0.1396,0.1356,0.1376,-0.0166,-0.191,0.0076,0.0108,1.0312,-0.0382,1.5744,0.000237,-0.0,0.0
22.35,FLIGHT,0.9293,1.5402,0.1354,0.1374,0.1339,0.1354,-0.0166,-0.191,0.0075,0.0106,1.031,-0.0384,1.5747,0.000237,-0.0,0.0
22.355,FLIGHT,0.9299,1.5409,0.1337,0.1352,0.1321,0.1333,-0.0166,-0.1909,0.0075,0.0104,1.0307,-0.0387,1.575,0.000237,-0.0,0.0
22.36,FLIGHT,0.9306,1.5415,0.132,0.133,0.1304,0.1311,-0.0165,-0.1909,0.0074,0.0103,1.0304,-0.0389,1.5753,0.000237,-0.0,0.0
22.365,FLIGHT,0.9312,1.5422,0.1302,0.1309,0.1287,0.129,-0.0165,-0.1908,0.0074,0.0101,1.0301,-0.0392,1.5756,0.000236,-0.0,0.0
22.37,FLIGHT,0.9319,1.5428,0.1285,0.1288,0.127,0.127,-0.0164,-0.1908,0.0073,0.0099,1.0297,-0.0394,1.5759,0.000236,-0.0,0.0
22.375,FLIGHT,0.9325,1.5435,0.1269,0.1268,0.1254,0.1249,-0.0164,-0.1907,0.0073,0.0098,1.0294,-0.0396,1.5761,0.000236,-0.0,0.0
22.38,FLIGHT,0.9331,1.5441,0.1252,0.1247,0.1238,0.1229,-0.0164,-0.1907,0.0072,0.0096,1.029,-0.0399,1.5764,0.000236,-0.0,0.0
22.385,FLIGHT,0.9337,1.5447,0.1236,0.1227,0.1221,0.1209,-0.0163,-0.1906,0.0072,0.0095,1.0286,-0.0401,1.5767,0.000236,-0.0,0.0
22.39,FLIGHT,0.9344,1.5453,0.122,0.1208,0.1206,0.119,-0.0163,-0.1906,0.0071,0.0093,1.0282,-0.0403,1.5769,0.000235,-0.0,0.0
22.395,FLIGHT,0.935,1.5459,0.1204,0.1188,0.119,0.1171,-0.0163,-0.1905,0.0071,0.0092,1.0278,-0.0406,1.5772,0.000235,-0.0,0.0
22.4,FLIGHT,0.9355,1.5465,0.1188,0.1169,0.1174,0.1152,-0.0162,-0.1905,0.007,0.009,1.0273,-0.0408,1.5775,0.000235,-0.0,0.0
22.405,FLIGHT,0.9361,1.547,0.1173,0.115,0.1159,0.1134,-0.0162,-0.1905,0.007,0.0089,1.0269,-0.041,1.5777,0.000235,-0.0,0.0
22.41,FLIGHT,0.9367,1.5476,0.1158,0.1132,0.1144,0.1116,-0.0162,-0.1904,0.0069,0.0087,1.0264,-0.0412,1.578,0.000234,-0.0,0.0
22.415,FLIGHT,0.9373,1.5481,0.1142,0.1114,0.1129,0.1098,-0.0161,-0.1904,0.0069,0.0086,1.0259,-0.0415,1.5782,0.000234,-0.0,0.0
22.42,FLIGHT,0.9378,1.5487,0.1128,0.1096,0.1114,0.108,-0.0161,-0.1903,0.0068,0.0084,1.0254,-0.0417,1.5785,0.000234,-0.0,0.0
22.425,FLIGHT,0.9384,1.5492,0.1113,0.1079,0.11,0.1063,-0.0161,-0.1903,0.0068,0.0083,1.0248,-0.0419,1.5787,0.000234,-0.0,0.0
22.43,FLIGHT,0.9389,1.5497,0.1098,0.1061,0.1085,0.1046,-0.016,-0.1902,0.0067,0.0082,1.0242,-0.0421,1.5789,0.000234,-0.0,0.0
22.435,FLIGHT,0.9395,1.5503,0.1084,0.1045,0.1071,0.103,-0.016,-0.1902,0.0067,0.008,1.0237,-0.0423,1.5792,0.000233,-0.0,0.0
22.44,FLIGHT,0.94,1.5508,0.107,0.1028,0.1057,0.1013,-0.016,-0.1902,0.0066,0.0079,1.0231,-0.0425,1.5794,0.000233,-0.0,0.0
22.445,FLIGHT,0.9405,1.5513,0.1056,0.1012,0.1043,0.0997,-0.0159,-0.1901,0.0066,0.0078,1.0224,-0.0427,1.5796,0.000233,-0.0,0.0
22.45,FLIGHT,0.941,1.5518,0.1042,0.0996,0.103,0.0981,-0.0159,-0.1901,0.0065,0.0077,1.0218,-0.0429,1.5799,0.000233,-0.0,0.0
22.455,FLIGHT,0.9416,1.5523,0.1028,0.098,0.1016,0.0966,-0.0159,-0.19,0.0065,0.0075,1.0212,-0.0431,1.5801,0.000233,-0.0,0.0
22.46,FLIGHT,0.9421,1.5527,0.1015,0.0965,0.1003,0.0951,-0.0158,-0.19,0.0064,0.0074,1.0205,-0.0433,1.5803,0.000232,-0.0,0.0
22.465,FLIGHT,0.9426,1.5532,0.1001,0.0949,0.0989,0.0936,-0.0158,-0.19,0.0063,0.0073,1.0198,-0.0435,1.5805,0.000232,-0.0,0.0
22.47,FLIGHT,0.943,1.5537,0.0988,0.0935,0.0976,0.0921,-0.0158,-0.1899,0.0063,0.0072,1.0191,-0.0437,1.5807,0.000232,-0.0,0.0
22.475,FLIGHT,0.9435,1.5541,0.0975,0.092,0.0963,0.0907,-0.0157,-0.1899,0.0062,0.0071,1.0184,-0.0439,1.581,0.000232,-0.0,0.0
22.48,FLIGHT,0.944,1.5546,0.0962,0.0906,0.0951,0.0893,-0.0157,-0.1899,0.0062,0.007,1.0176,-0.0441,1.5812,0.000232,-0.0,0.0
22.485,FLIGHT,0.9445,1.555,0.0949,0.0892,0.0938,0.0879,-0.0157,-0.1898,0.0061,0.0068,1.0169,-0.0443,1.5814,0.000232,-0.0,0.0
22.49,FLIGHT,0.945,1.5555,0.0937,0.0878,0.0925,0.0865,-0.0156,-0.1898,0.0061,0.0067,1.0161,-0.0445,1.5816,0.000231,-0.0,0.0
22.495,FLIGHT,0.9454,1.5559,0.0924,0.0864,0.0913,0.0852,-0.0156,-0.1898,0.006,0.0066,1.0153,-0.0447,1.5818,0.000231,-0.0,0.0
22.5,FLIGHT,0.9459,1.5563,0.0912,0.0851,0.0901,0.0839,-0.0156,-0.1897,0.0059,0.0065,1.0145,-0.0449,1.582,0.000231,-0.0,0.0
22.505,FLIGHT,0.9463,1.5567,0.0899,0.0838,0.0888,0.0826,-0.0156,-0.1897,0.0059,0.0064,1.0137,-0.0451,1.5822,0.000231,-0.0,0.0
22.51,FLIGHT,0.9468,1.5571,0.0887,0.0825,0.0876,0.0814,-0.0155,-0.1897,0.0058,0.0063,1.0129,-0.0453,1.5824,0.000231,-0.0,0.0
22.515,FLIGHT,0.9472,1.5575,0.0875,0.0812,0.0864,0.0801,-0.0155,-0.1896,0.0057,0.0062,1.012,-0.0455,1.5826,0.000231,-0.0,0.0
22.52,FLIGHT,0.9476,1.5579,0.0863,0.08,0.0853,0.0789,-0.0155,-0.1896,0.0057,0.0061,1.0112,-0.0456,1.5828,0.000231,-0.0,0.0
22.525,FLIGHT,0.948,1.5583,0.0851,0.0788,0.0841,0.0777,-0.0154,-0.1896,0.0056,0.006,1.0103,-0.0458,1.583,0.00023,-0.0,0.0
22.53,FLIGHT,0.9485,1.5587,0.084,0.0776,0.0829,0.0765,-0.0154,-0.1896,0.0056,0.006,1.0094,-0.046,1.5831,0.00023,-0.0,0.0
22.535,FLIGHT,0.9489,1.5591,0.0828,0.0764,0.0818,0.0754,-0.0154,-0.1895,0.0055,0.0059,1.0085,-0.0462,1.5833,0.00023,-0.0,0.0
22.54,FLIGHT,0.9493,1.5595,0.0817,0.0753,0.0806,0.0743,-0.0154,-0.1895,0.0054,0.0058,1.0075,-0.0464,1.5835,0.00023,-0.0,0.0
22.545,FLIGHT,0.9497,1.5598,0.0805,0.0742,0.0795,0.0732,-0.0153,-0.1895,0.0053,0.0057,1.0066,-0.0465,1.5837,0.00023,-0.0,0.0
22.55,FLIGHT,0.9501,1.5602,0.0794,0.0731,0.0784,0.0721,-0.0153,-0.1894,0.0053,0.0056,1.0056,-0.0467,1.5839,0.00023,-0.0,0.0
22.555,FLIGHT,0.9505,1.5606,0.0783,0.072,0.0773,0.071,-0.0153,-0.1894,0.0052,0.0055,1.0047,-0.0469,1.5841,0.00023,-0.0,0.0
22.56,FLIGHT,0.9508,1.5609,0.0772,0.0709,0.0762,0.07,-0.0153,-0.1894,0.0051,0.0054,1.0037,-0.0471,1.5842,0.00023,-0.0,0.0
22.565,FLIGHT,0.9512,1.5613,0.0761,0.0699,0.0751,0.0689,-0.0152,-0.1894,0.0051,0.0054,1.0027,-0.0472,1.5844,0.000229,-0.0,0.0
22.57,FLIGHT,0.9516,1.5616,0.075,0.0689,0.074,0.0679,-0.0152,-0.1893,0.005,0.0053,1.0017,-0.0474,1.5846,0.000229,-0.0,0.0
22.575,FLIGHT,0.952,1.5619,0.0739,0.0678,0.073,0.067,-0.0152,-0.1893,0.0049,0.0052,1.0006,-0.0476,1.5848,0.000229,-0.0,0.0
22.58,STANCE,0.953,1.5625,0.2005,0.0998,0.5852,0.0255,-0.0151,-0.1893,0.0246,0.0063,0.9997,0.1692,-0.3722,-0.000287,-0.2832,0.0569
22.585,STANCE,0.9581,1.5607,0.7913,-0.2625,1.3841,-0.8007,-0.0139,-0.1895,0.1852,-0.0352,0.9988,-0.2085,-0.8561,-0.002106,-0.4091,0.0839
22.59,STANCE,0.9657,1.554,1.2936,-1.0373,1.2082,-1.3032,-0.0115,-0.1902,0.3867,-0.1087,0.9977,-0.7105,-1.1061,-0.004016,-0.2769,0.0594
22.595,STANCE,0.968,1.5515,0.6675,-0.6072,0.0952,-0.0767,-0.0107,-0.1905,0.2097,-0.0617,0.9976,-0.7738,-1.7644,-0.004561,-0.0101,0.0066
22.6,STANCE,0.9688,1.5507,0.345,-0.3339,0.3329,-0.4026,-0.0105,-0.1906,0.1112,-0.0335,0.998,-0.9204,-2.229,-0.004417,0.0539,0.0044
22.605,STANCE,0.9709,1.545,0.3822,-0.9996,0.3678,-2.0877,-0.0093,-0.1911,0.2099,-0.092,0.998,-1.187,-2.0892,-0.003911,0.1651,0.0039
22.61,STANCE,0.9747,1.5359,0.6743,-1.5629,1.0607,-2.0519,-0.0073,-0.1919,0.3451,-0.1405,0.9981,-1.5002,-1.7545,-0.003654,-0.0739,0.0184
22.615,STANCE,0.9797,1.5225,0.8923,-2.3725,1.1125,-2.9182,-0.0045,-0.1931,0.5035,-0.2038,0.998,-1.6973,-1.1025,-0.003993,-0.1111,0.0262
22.62,STANCE,0.9843,1.5065,0.9065,-2.9275,0.7134,-3.3284,-0.0013,-0.1944,0.5899,-0.2392,0.9979,-1.6715,-0.4098,-0.004391,-0.0456,0.0135
22.625,STANCE,0.9871,1.4912,0.6448,-3.001,0.4908,-2.807,0.0014,-0.1956,0.5545,-0.2354,0.9979,-1.3591,0.1356,-0.00449,-0.0499,0.0145
22.63,STANCE,0.9881,1.4766,0.3227,-2.9407,0.0595,-2.8306,0.0036,-0.1968,0.4868,-0.2238,0.9979,-0.886,0.6162,-0.004519,-0.0054,0.0056
22.635,STANCE,0.9877,1.4627,0.0361,-2.8186,-0.1438,-2.6365,0.0056,-0.1978,0.4157,-0.21,0.9981,-0.3676,1.0059,-0.004455,0.0093,0.0045
22.64,STANCE,0.9865,1.4498,-0.155,-2.6634,-0.2748,-2.522,0.0072,-0.1988,0.3576,-0.1951,0.9983,0.0606,1.2604,-0.004266,0.0555,0.0043
22.645,FLIGHT,0.9854,1.4378,-0.1922,-2.4614,-0.1426,-2.244,0.0087,-0.1997,0.3225,-0.1771,0.9986,-1.1283,2.4477,-0.003983,0.0533,0.004
22.65,FLIGHT,0.9836,1.429,-0.3407,-1.9234,-0.7072,-1.1558,0.0097,-0.2003,0.2147,-0.1384,0.9992,-1.0856,2.3993,-0.00363,0.0976,0.0036
22.655,FLIGHT,0.9785,1.4259,-0.8364,-0.9852,-1.3037,-0.1413,0.0091,-0.2006,-0.023,-0.0771,1.0,-0.8721,2.2171,-0.003032,0.1383,0.003
22.66,FLIGHT,0.971,1.427,-1.3055,-0.1334,-1.6606,0.5281,0.0075,-0.2006,-0.2423,-0.0193,1.0011,-0.6286,2.0154,-0.002285,0.1571,0.0023
22.665,FLIGHT,0.9622,1.4306,-1.6112,0.475,-1.803,0.9041,0.0052,-0.2003,-0.3919,0.0266,1.0023,-0.4218,1.8466,-0.00149,0.1588,0.0015
22.67,FLIGHT,0.9532,1.4357,-1.7417,0.8387,-1.7895,1.0693,0.0026,-0.2,-0.4695,0.0588,1.0036,-0.2689,1.7233,-0.000715,0.1498,0.0007
22.675,FLIGHT,0.9445,1.4411,-1.7338,1.0117,-1.6788,1.1,0.0001,-0.1996,-0.4911,0.0784,1.0049,-0.1654,1.6413,-1e-06,0.1356,0.0
22.68,FLIGHT,0.9365,1.4465,-1.6328,1.0566,-1.5135,1.0562,-0.0023,-0.1992,-0.4755,0.0878,1.0061,-0.1004,1.5911,0.000537,0.0813,0.0
22.685,FLIGHT,0.9294,1.4516,-1.4801,1.0255,-1.3305,0.9754,-0.0044,-0.1987,-0.439,0.0899,1.0074,-0.0616,1.5626,0.00084,0.0424,0.0
22.69,FLIGHT,0.9232,1.4563,-1.3067,0.955,-1.1485,0.8823,-0.0063,-0.1983,-0.3932,0.0873,1.0086,-0.0394,1.5477,0.000983,0.0168,0.0
22.695,FLIGHT,0.9179,1.4604,-1.1315,0.8693,-0.9776,0.7905,-0.0079,-0.1979,-0.3453,0.0821,1.0097,-0.0271,1.5408,0.001024,0.0006,0.0
22.7,FLIGHT,0.9134,1.4642,-0.9653,0.7824,-0.8222,0.7066,-0.0093,-0.1976,-0.2994,0.0757,1.0108,-0.0206,1.5383,0.001,-0.0091,0.0018
22.705,FLIGHT,0.9097,1.4675,-0.813,0.7015,-0.6836,0.633,-0.0105,-0.1972,-0.2574,0.0691,1.0119,-0.0172,1.5381,0.00094,-0.0144,0.0029
22.71,FLIGHT,0.9065,1.4705,-0.6765,0.6299,-0.5615,0.5702,-0.0116,-0.197,-0.22,0.0627,1.0129,-0.0155,1.539,0.00086,-0.0168,0.0034
22.715,FLIGHT,0.904,1.4732,-0.5558,0.5682,-0.4545,0.5173,-0.0124,-0.1967,-0.1873,0.0568,1.0139,-0.0146,1.5403,0.000774,-0.0173,0.0035
22.72,FLIGHT,0.902,1.4757,-0.4498,0.5159,-0.3612,0.473,-0.0132,-0.1964,-0.159,0.0516,1.0149,-0.0142,1.5418,0.000689,-0.0166,0.0033
22.725,FLIGHT,0.9004,1.478,-0.3572,0.472,-0.2799,0.436,-0.0138,-0.1962,-0.1345,0.0469,1.0158,-0.014,1.5432,0.00061,-0.0152,0.003
22.73,FLIGHT,0.8992,1.4801,-0.2765,0.4352,-0.2092,0.4053,-0.0143,-0.196,-0.1135,0.0429,1.0167,-0.014,1.5445,0.000538,-0.0134,0.0027
22.735,FLIGHT,0.8983,1.482,-0.2064,0.4046,-0.1478,0.3796,-0.0148,-0.1958,-0.0954,0.0394,1.0176,-0.0142,1.5457,0.000476,-0.0115,0.0023
22.74,FLIGHT,0.8977,1.4839,-0.1454,0.3791,-0.0946,0.3582,-0.0151,-0.1956,-0.0799,0.0364,1.0185,-0.0144,1.5469,0.000423,-0.0096,0.0019
22.745,FLIGHT,0.8973,1.4856,-0.0926,0.3577,-0.0486,0.3402,-0.0154,-0.1955,-0.0666,0.0338,1.0193,-0.0147,1.548,0.00038,-0.0079,0.0016
22.75,FLIGHT,0.8972,1.4873,-0.0468,0.3398,-0.0088,0.3252,-0.0157,-0.1953,-0.0552,0.0316,1.0201,-0.0151,1.5491,0.000344,-0.0063,0.0013
22.755,FLIGHT,0.8972,1.4889,-0.0073,0.3248,0.0255,0.3125,-0.0159,-0.1952,-0.0454,0.0296,1.0208,-0.0156,1.5501,0.000316,-0.005,0.001
22.76,FLIGHT,0.8974,1.4904,0.0267,0.3121,0.055,0.3017,-0.0161,-0.1951,-0.037,0.028,1.0216,-0.0162,1.551,0.000294,-0.0039,0.0008
22.765,FLIGHT,0.8978,1.4919,0.056,0.3014,0.0802,0.2925,-0.0162,-0.1949,-0.0298,0.0266,1.0223,-0.0168,1.552,0.000277,-0.003,0.0006
22.77,FLIGHT,0.8982,1.4934,0.081,0.2922,0.1017,0.2846,-0.0163,-0.1948,-0.0237,0.0254,1.0229,-0.0174,1.5529,0.000264,-0.0022,0.0004
22.775,FLIGHT,0.8988,1.4948,0.1023,0.2843,0.1199,0.2778,-0.0164,-0.1947,-0.0184,0.0243,1.0236,-0.018,1.5538,0.000254,-0.0016,0.0003
22.78,FLIGHT,0.8994,1.4961,0.1204,0.2775,0.1353,0.2718,-0.0164,-0.1946,-0.014,0.0234,1.0242,-0.0187,1.5546,0.000247,-0.0012,0.0002
22.785,FLIGHT,0.9001,1.4975,0.1357,0.2716,0.1482,0.2666,-0.0165,-0.1945,-0.0102,0.0227,1.0248,-0.0194,1.5554,0.000242,-0.0008,0.0002
22.79,FLIGHT,0.9009,1.4988,0.1485,0.2663,0.1589,0.2618,-0.0165,-0.1943,-0.007,0.022,1.0254,-0.0201,1.5562,0.000239,-0.0005,0.0001
22.795,FLIGHT,0.9017,1.5001,0.1591,0.2616,0.1677,0.2576,-0.0165,-0.1942,-0.0043,0.0214,1.026,-0.0207,1.5569,0.000237,-0.0003,0.0001
22.8,FLIGHT,0.9026,1.5014,0.1678,0.2573,0.1749,0.2536,-0.0165,-0.1941,-0.0021,0.0209,1.0265,-0.0214,1.5577,0.000235,-0.0002,0.0
22.805,FLIGHT,0.9035,1.5026,0.1749,0.2533,0.1807,0.2499,-0.0165,-0.194,-0.0002,0.0204,1.027,-0.022,1.5584,0.000235,-0.0,0.0
22.81,FLIGHT,0.9044,1.5039,0.1807,0.2497,0.1852,0.2465,-0.0165,-0.1939,0.0014,0.02,1.0275,-0.0227,1.5591,0.000235,0.0,0.0
22.815,FLIGHT,0.9053,1.5051,0.1851,0.2462,0.1886,0.2431,-0.0165,-0.1938,0.0028,0.0196,1.0279,-0.0233,1.5597,0.000235,0.0001,0.0
22.82,FLIGHT,0.9063,1.5063,0.1885,0.2429,0.1912,0.2399,-0.0165,-0.1937,0.0039,0.0192,1.0284,-0.0239,1.5604,0.000236,0.0001,0.0
22.825,FLIGHT,0.9072,1.5075,0.1911,0.2397,0.1929,0.2368,-0.0165,-0.1936,0.0048,0.0189,1.0288,-0.0245,1.561,0.000236,0.0001,0.0
22.83,FLIGHT,0.9082,1.5087,0.1928,0.2365,0.194,0.2338,-0.0164,-0.1936,0.0055,0.0186,1.0292,-0.025,1.5616,0.000237,0.0001,0.0
22.835,FLIGHT,0.9092,1.5098,0.1939,0.2335,0.1945,0.2308,-0.0164,-0.1935,0.0061,0.0183,1.0295,-0.0256,1.5622,0.000238,0.0001,0.0
22.84,FLIGHT,0.9101,1.511,0.1944,0.2305,0.1946,0.2278,-0.0164,-0.1934,0.0066,0.0181,1.0299,-0.0261,1.5627,0.000239,0.0001,0.0
22.845,FLIGHT,0.9111,1.5121,0.1944,0.2275,0.1942,0.2248,-0.0163,-0.1933,0.007,0.0178,1.0302,-0.0266,1.5633,0.000239,0.0001,0.0
22.85,FLIGHT,0.9121,1.5132,0.194,0.2245,0.1934,0.2219,-0.0163,-0.1932,0.0073,0.0175,1.0305,-0.0271,1.5638,0.00024,0.0001,0.0
22.855,FLIGHT,0.913,1.5143,0.1932,0.2216,0.1924,0.2189,-0.0163,-0.1931,0.0075,0.0173,1.0307,-0.0276,1.5643,0.00024,0.0001,0.0
22.86,FLIGHT,0.914,1.5154,0.1922,0.2186,0.1911,0.216,-0.0162,-0.193,0.0077,0.017,1.031,-0.0281,1.5648,0.000241,0.0001,0.0
22.865,FLIGHT,0.9149,1.5165,0.1909,0.2156,0.1896,0.213,-0.0162,-0.1929,0.0078,0.0168,1.0312,-0.0285,1.5653,0.000241,0.0001,0.0
22.87,FLIGHT,0.9159,1.5175,0.1894,0.2127,0.188,0.2101,-0.0161,-0.1929,0.0079,0.0166,1.0314,-0.029,1.5658,0.000241,0.0,0.0
22.875,FLIGHT,0.9168,1.5186,0.1878,0.2098,0.1862,0.2071,-0.0161,-0.1928,0.008,0.0163,1.0315,-0.0294,1.5663,0.000242,0.0,0.0
22.88,FLIGHT,0.9177,1.5196,0.186,0.2068,0.1843,0.2042,-0.0161,-0.1927,0.008,0.0161,1.0317,-0.0298,1.5667,0.000242,0.0,0.0
22.885,FLIGHT,0.9187,1.5206,0.1841,0.2039,0.1823,0.2012,-0.016,-0.1926,0.0081,0.0159,1.0318,-0.0302,1.5672,0.000242,0.0,0.0
22.89,FLIGHT,0.9196,1.5216,0.1821,0.2009,0.1803,0.1983,-0.016,-0.1925,0.0081,0.0156,1.0319,-0.0306,1.5676,0.000242,-0.0,0.0
22.895,FLIGHT,0.9205,1.5226,0.18,0.198,0.1782,0.1954,-0.0159,-0.1925,0.0081,0.0154,1.032,-0.031,1.568,0.000242,-0.0,0.0
22.9,FLIGHT,0.9214,1.5236,0.178,0.1951,0.1761,0.1925,-0.0159,-0.1924,0.008,0.0152,1.0321,-0.0314,1.5685,0.000242,-0.0,0.0
22.905,FLIGHT,0.9222,1.5245,0.1758,0.1922,0.1739,0.1896,-0.0158,-0.1923,0.008,0.015,1.0321,-0.0317,1.5689,0.000242,-0.0,0.0
22.91,FLIGHT,0.9231,1.5255,0.1737,0.1893,0.1717,0.1867,-0.0158,-0.1922,0.008,0.0147,1.0321,-0.0321,1.5693,0.000241,-0.0,0.0
22.915,FLIGHT,0.9239,1.5264,0.1715,0.1864,0.1695,0.1839,-0.0158,-0.1922,0.0079,0.0145,1.0321,-0.0324,1.5697,0.000241,-0.0,0.0
22.92,FLIGHT,0.9248,1.5273,0.1693,0.1836,0.1673,0.181,-0.0157,-0.1921,0.0079,0.0143,1.032,-0.0328,1.5701,0.000241,-0.0,0.0
22.925,FLIGHT,0.9256,1.5282,0.1671,0.1808,0.1652,0.1782,-0.0157,-0.192,0.0078,0.0141,1.032,-0.0331,1.5705,0.000241,-0.0,0.0
22.93,FLIGHT,0.9264,1.5291,0.1649,0.178,0.163,0.1755,-0.0157,-0.192,0.0078,0.0139,1.0319,-0.0334,1.5708,0.000241,-0.0,0.0
22.935,FLIGHT,0.9272,1.53,0.1628,0.1752,0.1608,0.1727,-0.0156,-0.1919,0.0077,0.0136,1.0318,-0.0338,1.5712,0.00024,-0.0001,0.0
22.94,FLIGHT,0.928,1.5308,0.1606,0.1724,0.1587,0.17,-0.0156,-0.1918,0.0077,0.0134,1.0317,-0.0341,1.5716,0.00024,-0.0001,0.0
22.945,FLIGHT,0.9288,1.5317,0.1585,0.1697,0.1566,0.1673,-0.0155,-0.1918,0.0076,0.0132,1.0315,-0.0344,1.5719,0.00024,-0.0001,0.0
22.95,FLIGHT,0.9296,1.5325,0.1563,0.167,0.1545,0.1646,-0.0155,-0.1917,0.0075,0.013,1.0314,-0.0347,1.5723,0.00024,-0.0001,0.0
22.955,FLIGHT,0.9304,1.5333,0.1542,0.1644,0.1524,0.162,-0.0155,-0.1916,0.0075,0.0128,1.0312,-0.035,1.5726,0.000239,-0.0001,0.0
22.96,FLIGHT,0.9311,1.5341,0.1522,0.1617,0.1503,0.1594,-0.0154,-0.1916,0.0074,0.0126,1.031,-0.0353,1.573,0.000239,-0.0001,0.0
22.965,FLIGHT,0.9319,1.5349,0.1501,0.1591,0.1483,0.1568,-0.0154,-0.1915,0.0074,0.0124,1.0308,-0.0356,1.5733,0.000239,-0.0001,0.0
22.97,FLIGHT,0.9326,1.5357,0.1481,0.1566,0.1463,0.1543,-0.0154,-0.1914,0.0073,0.0122,1.0305,-0.0359,1.5736,0.000238,-0.0001,0.0
22.975,FLIGHT,0.9333,1.5365,0.1461,0.1541,0.1443,0.1518,-0.0153,-0.1914,0.0073,0.012,1.0302,-0.0362,1.574,0.000238,-0.0001,0.0
22.98,FLIGHT,0.9341,1.5372,0.1441,0.1516,0.1423,0.1494,-0.0153,-0.1913,0.0072,0.0118,1.0299,-0.0364,1.5743,0.000238,-0.0001,0.0
22.985,FLIGHT,0.9348,1.538,0.1421,0.1491,0.1404,0.1469,-0.0152,-0.1913,0.0072,0.0116,1.0296,-0.0367,1.5746,0.000237,-0.0001,0.0
22.99,FLIGHT,0.9355,1.5387,0.1402,0.1467,0.1385,0.1446,-0.0152,-0.1912,0.0071,0.0114,1.0293,-0.037,1.5749,0.000237,-0.0001,0.0
22.995,FLIGHT,0.9362,1.5394,0.1383,0.1443,0.1366,0.1422,-0.0152,-0.1912,0.0071,0.0112,1.029,-0.0373,1.5752,0.000237,-0.0001,0.0
23.0,FLIGHT,0.9368,1.5401,0.1364,0.142,0.1347,0.1399,-0.0151,-0.1911,0.007,0.0111,1.0286,-0.0375,1.5755,0.000237,-0.0001,0.0
23.005,FLIGHT,0.9375,1.5408,0.1345,0.1397,0.1329,0.1376,-0.0151,-0.1911,0.007,0.0109,1.0282,-0.0378,1.5758,0.000236,-0.0001,0.0
23.01,FLIGHT,0.9382,1.5415,0.1327,0.1374,0.1311,0.1354,-0.0151,-0.191,0.0069,0.0107,1.0278,-0.0381,1.5761,0.000236,-0.0001,0.0
23.015,FLIGHT,0.9388,1.5421,0.1309,0.1352,0.1293,0.1332,-0.015,-0.1909,0.0068,0.0105,1.0273,-0.0383,1.5764,0.000236,-0.0001,0.0
23.02,FLIGHT,0.9395,1.5428,0.1291,0.133,0.1275,0.1311,-0.015,-0.1909,0.0068,0.0104,1.0269,-0.0386,1.5767,0.000235,-0.0001,0.0
23.025,FLIGHT,0.9401,1.5435,0.1274,0.1308,0.1258,0.1289,-0.015,-0.1908,0.0067,0.0102,1.0264,-0.0388,1.577,0.000235,-0.0001,0.0
23.03,FLIGHT,0.9407,1.5441,0.1256,0.1287,0.1241,0.1268,-0.0149,-0.1908,0.0067,0.01,1.0259,-0.0391,1.5772,0.000235,-0.0001,0.0
23.035,FLIGHT,0.9413,1.5447,0.1239,0.1266,0.1224,0.1248,-0.0149,-0.1907,0.0066,0.0099,1.0254,-0.0393,1.5775,0.000235,-0.0001,0.0
23.04,FLIGHT,0.9419,1.5453,0.1222,0.1246,0.1207,0.1228,-0.0149,-0.1907,0.0066,0.0097,1.0249,-0.0396,1.5778,0.000234,-0.0001,0.0
23.045,FLIGHT,0.9425,1.546,0.1205,0.1226,0.1191,0.1208,-0.0148,-0.1907,0.0065,0.0096,1.0244,-0.0398,1.5781,0.000234,-0.0,0.0
23.05,FLIGHT,0.9431,1.5466,0.1189,0.1206,0.1174,0.1188,-0.0148,-0.1906,0.0065,0.0094,1.0238,-0.04,1.5783,0.000234,-0.0,0.0
23.055,FLIGHT,0.9437,1.5471,0.1173,0.1186,0.1158,0.1169,-0.0148,-0.1906,0.0064,0.0092,1.0232,-0.0403,1.5786,0.000234,-0.0,0.0
23.06,FLIGHT,0.9443,1.5477,0.1157,0.1167,0.1142,0.115,-0.0147,-0.1905,0.0064,0.0091,1.0226,-0.0405,1.5788,0.000233,-0.0,0.0
23.065,FLIGHT,0.9448,1.5483,0.1141,0.1149,0.1126,0.1132,-0.0147,-0.1905,0.0063,0.0089,1.022,-0.0407,1.5791,0.000233,-0.0,0.0
23.07,FLIGHT,0.9454,1.5489,0.1125,0.113,0.1111,0.1114,-0.0147,-0.1904,0.0063,0.0088,1.0214,-0.041,1.5793,0.000233,-0.0,0.0
23.075,FLIGHT,0.946,1.5494,0.1109,0.1112,0.1096,0.1096,-0.0146,-0.1904,0.0062,0.0087,1.0207,-0.0412,1.5796,0.000233,-0.0,0.0
23.08,FLIGHT,0.9465,1.55,0.1094,0.1094,0.108,0.1078,-0.0146,-0.1903,0.0061,0.0085,1.0201,-0.0414,1.5798,0.000233,-0.0,0.0
23.085,FLIGHT,0.947,1.5505,0.1079,0.1077,0.1065,0.1061,-0.0146,-0.1903,0.0061,0.0084,1.0194,-0.0416,1.5801,0.000232,-0.0,0.0
23.09,FLIGHT,0.9476,1.551,0.1064,0.106,0.1051,0.1044,-0.0146,-0.1903,0.006,0.0083,1.0187,-0.0419,1.5803,0.000232,-0.0,0.0
23.095,FLIGHT,0.9481,1.5515,0.1049,0.1043,0.1036,0.1028,-0.0145,-0.1902,0.006,0.0081,1.018,-0.0421,1.5805,0.000232,-0.0,0.0
23.1,FLIGHT,0.9486,1.552,0.1035,0.1026,0.1022,0.1011,-0.0145,-0.1902,0.0059,0.008,1.0172,-0.0423,1.5808,0.000232,-0.0,0.0
23.105,FLIGHT,0.9491,1.5525,0.102,0.101,0.1007,0.0995,-0.0145,-0.1901,0.0058,0.0079,1.0165,-0.0425,1.581,0.000232,-0.0,0.0
23.11,FLIGHT,0.9496,1.553,0.1006,0.0994,0.0993,0.098,-0.0144,-0.1901,0.0058,0.0077,1.0157,-0.0427,1.5812,0.000231,-0.0,0.0
23.115,FLIGHT,0.9501,1.5535,0.0992,0.0978,0.0979,0.0964,-0.0144,-0.1901,0.0057,0.0076,1.0149,-0.0429,1.5815,0.000231,-0.0,0.0
23.12,FLIGHT,0.9506,1.554,0.0978,0.0963,0.0965,0.0949,-0.0144,-0.19,0.0057,0.0075,1.0141,-0.0431,1.5817,0.000231,-0.0,0.0
23.125,FLIGHT,0.9511,1.5545,0.0964,0.0948,0.0952,0.0934,-0.0144,-0.19,0.0056,0.0074,1.0133,-0.0433,1.5819,0.000231,-0.0,0.0
23.13,FLIGHT,0.9515,1.5549,0.095,0.0933,0.0938,0.092,-0.0143,-0.19,0.0055,0.0073,1.0124,-0.0436,1.5821,0.000231,-0.0,0.0
23.135,FLIGHT,0.952,1.5554,0.0937,0.0918,0.0925,0.0905,-0.0143,-0.1899,0.0055,0.0072,1.0116,-0.0438,1.5823,0.00023,-0.0,0.0
23.14,FLIGHT,0.9525,1.5558,0.0923,0.0904,0.0912,0.0891,-0.0143,-0.1899,0.0054,0.007,1.0107,-0.044,1.5825,0.00023,-0.0,0.0
23.145,FLIGHT,0.9529,1.5563,0.091,0.089,0.0898,0.0878,-0.0142,-0.1898,0.0053,0.0069,1.0098,-0.0442,1.5827,0.00023,-0.0,0.0
23.15,FLIGHT,0.9534,1.5567,0.0897,0.0876,0.0886,0.0864,-0.0142,-0.1898,0.0053,0.0068,1.0089,-0.0444,1.583,0.00023,-0.0,0.0
23.155,FLIGHT,0.9538,1.5571,0.0884,0.0863,0.0873,0.0851,-0.0142,-0.1898,0.0052,0.0067,1.008,-0.0446,1.5832,0.00023,-0.0,0.0
23.16,FLIGHT,0.9542,1.5576,0.0871,0.0849,0.086,0.0838,-0.0142,-0.1897,0.0051,0.0066,1.0071,-0.0448,1.5834,0.00023,-0.0,0.0
23.165,FLIGHT,0.9547,1.558,0.0859,0.0836,0.0847,0.0825,-0.0141,-0.1897,0.0051,0.0065,1.0062,-0.0449,1.5836,0.000229,-0.0,0.0
23.17,FLIGHT,0.9551,1.5584,0.0846,0.0824,0.0835,0.0812,-0.0141,-0.1897,0.005,0.0064,1.0052,-0.0451,1.5837,0.000229,-0.0,0.0
23.175,FLIGHT,0.9555,1.5588,0.0834,0.0811,0.0823,0.08,-0.0141,-0.1897,0.0049,0.0063,1.0042,-0.0453,1.5839,0.000229,-0.0,0.0
23.18,FLIGHT,0.9559,1.5592,0.0821,0.0799,0.081,0.0788,-0.0141,-0.1896,0.0049,0.0062,1.0032,-0.0455,1.5841,0.000229,-0.0,0.0
23.185,FLIGHT,0.9563,1.5596,0.0809,0.0787,0.0798,0.0776,-0.014,-0.1896,0.0048,0.0061,1.0022,-0.0457,1.5843,0.000229,-0.0,0.0
23.19,FLIGHT,0.9567,1.56,0.0797,0.0775,0.0786,0.0764,-0.014,-0.1896,0.0047,0.006,1.0012,-0.0459,1.5845,0.000229,-0.0,0.0
23.195,FLIGHT,0.9571,1.5603,0.0785,0.0763,0.0775,0.0753,-0.014,-0.1895,0.0046,0.006,1.0002,-0.0461,1.5847,0.000229,-0.0,0.0
23.2,STANCE,0.959,1.5612,0.3326,0.1236,0.8028,-0.0549,-0.0137,-0.1895,0.0464,0.0068,0.9993,0.0829,-0.4981,-0.000784,-0.3389,0.0686
23.205,STANCE,0.9649,1.5587,0.9452,-0.3453,1.5153,-0.9516,-0.0123,-0.1898,0.226,-0.0431,0.9984,-0.3505,-0.9275,-0.002699,-0.4063,0.084
23.21,STANCE,0.9717,1.5524,1.1596,-0.9409,0.6177,-0.6707,-0.0102,-0.1904,0.349,-0.0959,0.9976,-0.7614,-1.2252,-0.004293,-0.1481,0.0339
23.215,STANCE,0.9727,1.5515,0.492,-0.3969,0.0836,-0.0302,-0.0098,-0.1905,0.1479,-0.0402,0.9977,-0.8015,-1.9109,-0.004506,0.0213,0.0045
23.22,STANCE,0.974,1.5502,0.349,-0.3443,0.4625,-0.5921,-0.0094,-0.1907,0.1136,-0.0339,0.9981,-1.0218,-2.2427,-0.004268,0.0641,0.0043
23.225,STANCE,0.9762,1.5425,0.4084,-1.2331,0.6238,-1.7734,-0.008,-0.1913,0.2478,-0.1111,0.998,-1.2976,-1.9539,-0.003643,0.1074,0.0036
23.23,STANCE,0.9806,1.5329,0.7609,-1.7478,0.9067,-2.5747,-0.0058,-0.1922,0.3888,-0.1539,0.9981,-1.6229,-1.5918,-0.003737,-0.0671,0.0172
23.235,STANCE,0.9849,1.5178,0.8279,-2.6388,0.8678,-3.1612,-0.0028,-0.1935,0.5307,-0.2209,0.9979,-1.7309,-0.8697,-0.004122,-0.1045,0.025
23.24,STANCE,0.9884,1.5029,0.7052,-2.8765,0.5305,-2.8815,-0.0001,-0.1947,0.5455,-0.2308,0.9979,-1.5957,-0.307,-0.004402,-0.0136,0.0071
23.245,STANCE,0.9899,1.4879,0.4124,-2.9623,0.1353,-3.0051,0.0024,-0.1959,0.505,-0.2297,0.9979,-1.2261,0.2362,-0.004478,-0.0312,0.0107
23.25,STANCE,0.9897,1.473,0.0895,-2.978,-0.2072,-2.9711,0.0045,-0.197,0.4475,-0.2252,0.9979,-0.7251,0.7345,-0.004592,-0.0053,0.0056
23.255,STANCE,0.9884,1.4589,-0.1473,-2.8555,-0.3032,-2.6972,0.0063,-0.1981,0.3857,-0.2119,0.998,-0.2211,1.1014,-0.004662,-0.0102,0.0067
23.26,STANCE,0.9868,1.4458,-0.2771,-2.6808,-0.3256,-2.4989,0.0079,-0.1991,0.3366,-0.1958,0.9982,0.1595,1.3153,-0.004605,0.0236,0.0046
23.265,FLIGHT,0.9856,1.4341,-0.2398,-2.4358,-0.1351,-2.189,0.0093,-0.1999,0.3098,-0.1744,0.9985,-1.0834,2.4131,-0.004491,0.0195,0.0045
23.27,FLIGHT,0.9831,1.4263,-0.4559,-1.7674,-0.8415,-0.9573,0.01,-0.2005,0.1689,-0.1281,0.9992,-1.0082,2.3379,-0.004235,0.0802,0.0042
23.275,FLIGHT,0.9775,1.424,-0.9354,-0.8363,-1.3647,-0.0324,0.0092,-0.2007,-0.0648,-0.0675,1.0001,-0.7875,2.1508,-0.003724,0.1205,0.0037
23.28,FLIGHT,0.9698,1.4254,-1.3524,-0.0425,-1.6569,0.5617,0.0074,-0.2007,-0.2652,-0.0131,1.0012,-0.5562,1.9597,-0.003066,0.1397,0.0031
23.285,FLIGHT,0.9612,1.4292,-1.6046,0.5055,-1.7529,0.8861,0.0052,-0.2005,-0.3952,0.0289,1.0024,-0.3664,1.8051,-0.002354,0.1429,0.0024
23.29,FLIGHT,0.9525,1.434,-1.6937,0.8236,-1.7111,1.0213,0.0027,-0.2001,-0.458,0.0575,1.0036,-0.229,1.6947,-0.001653,0.1364,0.0017
23.295,FLIGHT,0.9443,1.4392,-1.6589,0.9683,-1.586,1.0385,0.0003,-0.1997,-0.4703,0.0744,1.0049,-0.1376,1.6226,-0.000998,0.1254,0.001
23.3,FLIGHT,0.9367,1.4443,-1.545,0.999,-1.4193,0.9905,-0.0019,-0.1993,-0.4503,0.0821,1.0062,-0.0805,1.5789,-0.000401,0.1132,0.0004
23.305,FLIGHT,0.9301,1.449,-1.3888,0.9633,-1.238,0.9129,-0.0039,-0.1989,-0.4126,0.0833,1.0074,-0.0469,1.5546,0.000131,0.0931,0.0
23.31,FLIGHT,0.9243,1.4534,-1.2154,0.8954,-1.0583,0.8273,-0.0056,-0.1986,-0.3673,0.0805,1.0086,-0.0286,1.5426,0.000493,0.0542,0.0
23.315,FLIGHT,0.9195,1.4573,-1.0427,0.8162,-0.892,0.7442,-0.0072,-0.1982,-0.3209,0.0756,1.0097,-0.019,1.5376,0.000693,0.0275,0.0
23.32,FLIGHT,0.9154,1.4608,-0.881,0.7374,-0.7426,0.6691,-0.0085,-0.1979,-0.2771,0.0698,1.0108,-0.0143,1.5363,0.000783,0.0098,0.0
23.325,FLIGHT,0.912,1.464,-0.7344,0.665,-0.6105,0.6039,-0.0096,-0.1976,-0.2374,0.0639,1.0119,-0.012,1.5368,0.000803,-0.0012,0.0002
23.33,FLIGHT,0.9093,1.4669,-0.6041,0.6014,-0.4947,0.5485,-0.0105,-0.1973,-0.2024,0.0582,1.0129,-0.011,1.538,0.000779,-0.0077,0.0015
23.335,FLIGHT,0.907,1.4695,-0.4897,0.5469,-0.3939,0.5021,-0.0113,-0.197,-0.1719,0.0531,1.0139,-0.0107,1.5395,0.00073,-0.0112,0.0022
23.34,FLIGHT,0.9053,1.4719,-0.3897,0.5009,-0.3062,0.4633,-0.012,-0.1968,-0.1456,0.0485,1.0149,-0.0106,1.541,0.00067,-0.0125,0.0025
23.345,FLIGHT,0.904,1.4742,-0.3027,0.4624,-0.2301,0.4309,-0.0126,-0.1966,-0.123,0.0445,1.0158,-0.0106,1.5424,0.000607,-0.0126,0.0025
23.35,FLIGHT,0.903,1.4762,-0.2271,0.4302,-0.1641,0.4039,-0.013,-0.1964,-0.1035,0.041,1.0167,-0.0108,1.5437,0.000546,-0.0119,0.0024
23.355,FLIGHT,0.9023,1.4782,-0.1615,0.4034,-0.1069,0.3814,-0.0134,-0.1962,-0.0868,0.038,1.0176,-0.0111,1.545,0.000489,-0.0107,0.0021
23.36,FLIGHT,0.9019,1.4801,-0.1048,0.3809,-0.0575,0.3625,-0.0138,-0.1961,-0.0725,0.0354,1.0184,-0.0115,1.5462,0.000439,-0.0093,0.0019
23.365,FLIGHT,0.9017,1.4818,-0.0556,0.3621,-0.0148,0.3466,-0.014,-0.1959,-0.0603,0.0331,1.0192,-0.0119,1.5473,0.000397,-0.0078,0.0016
23.37,FLIGHT,0.9017,1.4835,-0.0133,0.3462,0.022,0.3332,-0.0143,-0.1957,-0.0498,0.0312,1.02,-0.0124,1.5483,0.000361,-0.0065,0.0013
23.375,FLIGHT,0.9019,1.4852,0.0233,0.3329,0.0535,0.3219,-0.0145,-0.1956,-0.0407,0.0295,1.0208,-0.013,1.5494,0.000332,-0.0053,0.0011
23.38,FLIGHT,0.9023,1.4867,0.0546,0.3215,0.0806,0.3122,-0.0146,-0.1955,-0.033,0.0281,1.0215,-0.0136,1.5503,0.000308,-0.0042,0.0008
23.385,FLIGHT,0.9027,1.4883,0.0815,0.3118,0.1037,0.3038,-0.0147,-0.1953,-0.0265,0.0269,1.0222,-0.0143,1.5513,0.00029,-0.0033,0.0007
23.39,FLIGHT,0.9033,1.4898,0.1044,0.3035,0.1232,0.2966,-0.0148,-0.1952,-0.0208,0.0258,1.0229,-0.015,1.5522,0.000275,-0.0025,0.0005
23.395,FLIGHT,0.904,1.4913,0.1238,0.2963,0.1397,0.2903,-0.0149,-0.1951,-0.0161,0.0249,1.0236,-0.0157,1.5531,0.000264,-0.0019,0.0004
23.4,FLIGHT,0.9047,1.4927,0.1401,0.29,0.1536,0.2846,-0.0149,-0.195,-0.012,0.0241,1.0242,-0.0164,1.554,0.000256,-0.0014,0.0003
23.405,FLIGHT,0.9055,1.4941,0.1539,0.2844,0.1651,0.2796,-0.015,-0.1948,-0.0086,0.0234,1.0248,-0.0171,1.5548,0.000249,-0.001,0.0002
23.41,FLIGHT,0.9063,1.4955,0.1653,0.2793,0.1746,0.2751,-0.015,-0.1947,-0.0057,0.0228,1.0254,-0.0178,1.5556,0.000245,-0.0007,0.0001
23.415,FLIGHT,0.9072,1.4969,0.1747,0.2748,0.1823,0.2709,-0.015,-0.1946,-0.0032,0.0223,1.026,-0.0185,1.5564,0.000242,-0.0005,0.0001
23.42,FLIGHT,0.9082,1.4982,0.1824,0.2706,0.1885,0.267,-0.015,-0.1945,-0.0012,0.0218,1.0265,-0.0192,1.5571,0.00024,-0.0003,0.0001
23.425,FLIGHT,0.9091,1.4995,0.1885,0.2667,0.1934,0.2633,-0.015,-0.1944,0.0005,0.0214,1.027,-0.0199,1.5579,0.000239,-0.0002,0.0
23.43,FLIGHT,0.9101,1.5008,0.1933,0.263,0.1971,0.2597,-0.015,-0.1943,0.002,0.021,1.0275,-0.0206,1.5586,0.000238,-0.0001,0.0
23.435,FLIGHT,0.9111,1.5021,0.197,0.2594,0.1999,0.2563,-0.015,-0.1942,0.0031,0.0206,1.028,-0.0212,1.5593,0.000238,-0.0,0.0
23.44,FLIGHT,0.9121,1.5034,0.1997,0.256,0.2018,0.253,-0.015,-0.1941,0.0041,0.0203,1.0284,-0.0218,1.5599,0.000238,0.0,0.0
23.445,FLIGHT,0.9131,1.5047,0.2016,0.2527,0.203,0.2497,-0.0149,-0.194,0.0049,0.02,1.0288,-0.0224,1.5606,0.000238,0.0001,0.0
23.45,FLIGHT,0.9141,1.5059,0.2028,0.2494,0.2035,0.2465,-0.0149,-0.1939,0.0056,0.0197,1.0292,-0.023,1.5612,0.000239,0.0001,0.0
23.455,FLIGHT,0.9151,1.5071,0.2033,0.2462,0.2036,0.2433,-0.0149,-0.1938,0.0061,0.0194,1.0296,-0.0236,1.5618,0.000239,0.0001,0.0
23.46,FLIGHT,0.9162,1.5083,0.2034,0.243,0.2032,0.2402,-0.0148,-0.1937,0.0065,0.0191,1.0299,-0.0241,1.5624,0.000239,0.0001,0.0
23.465,FLIGHT,0.9172,1.5095,0.2029,0.2399,0.2024,0.237,-0.0148,-0.1936,0.0069,0.0188,1.0302,-0.0247,1.5629,0.00024,0.0001,0.0
23.47,FLIGHT,0.9182,1.5107,0.2022,0.2367,0.2013,0.2339,-0.0148,-0.1935,0.0071,0.0186,1.0305,-0.0252,1.5635,0.00024,0.0001,0.0
23.475,FLIGHT,0.9192,1.5119,0.2011,0.2335,0.2,0.2307,-0.0147,-0.1934,0.0073,0.0183,1.0308,-0.0257,1.564,0.000241,0.0001,0.0
23.48,FLIGHT,0.9202,1.513,0.1997,0.2304,0.1984,0.2276,-0.0147,-0.1933,0.0075,0.0181,1.0311,-0.0262,1.5645,0.000241,0.0001,0.0
23.485,FLIGHT,0.9212,1.5141,0.1981,0.2272,0.1966,0.2244,-0.0147,-0.1933,0.0076,0.0178,1.0313,-0.0266,1.5651,0.000241,0.0,0.0
23.49,FLIGHT,0.9221,1.5152,0.1964,0.2241,0.1947,0.2213,-0.0146,-0.1932,0.0076,0.0175,1.0315,-0.0271,1.5656,0.000241,0.0,0.0
23.495,FLIGHT,0.9231,1.5163,0.1945,0.221,0.1927,0.2181,-0.0146,-0.1931,0.0077,0.0173,1.0316,-0.0275,1.566,0.000241,0.0,0.0
23.5,FLIGHT,0.9241,1.5174,0.1925,0.2178,0.1906,0.215,-0.0145,-0.193,0.0077,0.0171,1.0318,-0.028,1.5665,0.000241,0.0,0.0
23.505,FLIGHT,0.925,1.5185,0.1903,0.2147,0.1884,0.2119,-0.0145,-0.1929,0.0077,0.0168,1.0319,-0.0284,1.567,0.000241,-0.0,0.0
23.51,FLIGHT,0.926,1.5195,0.1882,0.2116,0.1862,0.2088,-0.0145,-0.1928,0.0077,0.0166,1.032,-0.0288,1.5674,0.000241,-0.0,0.0
23.515,FLIGHT,0.9269,1.5206,0.1859,0.2084,0.1839,0.2056,-0.0144,-0.1928,0.0077,0.0163,1.0321,-0.0292,1.5679,0.000241,-0.0,0.0
23.52,FLIGHT,0.9278,1.5216,0.1836,0.2053,0.1816,0.2026,-0.0144,-0.1927,0.0076,0.0161,1.0322,-0.0296,1.5683,0.000241,-0.0,0.0
23.525,FLIGHT,0.9287,1.5226,0.1813,0.2022,0.1793,0.1995,-0.0143,-0.1926,0.0076,0.0158,1.0322,-0.03,1.5688,0.000241,-0.0,0.0
23.53,FLIGHT,0.9296,1.5236,0.179,0.1992,0.1769,0.1964,-0.0143,-0.1925,0.0076,0.0156,1.0322,-0.0303,1.5692,0.000241,-0.0,0.0
23.535,FLIGHT,0.9305,1.5246,0.1767,0.1961,0.1746,0.1934,-0.0143,-0.1924,0.0075,0.0154,1.0322,-0.0307,1.5696,0.000241,-0.0,0.0
23.54,FLIGHT,0.9313,1.5255,0.1744,0.1931,0.1723,0.1904,-0.0142,-0.1924,0.0075,0.0151,1.0322,-0.0311,1.57,0.00024,-0.0001,0.0
23.545,FLIGHT,0.9322,1.5265,0.172,0.1901,0.1699,0.1874,-0.0142,-0.1923,0.0074,0.0149,1.0321,-0.0314,1.5704,0.00024,-0.0001,0.0
23.55,FLIGHT,0.933,1.5274,0.1697,0.1871,0.1676,0.1845,-0.0142,-0.1922,0.0073,0.0147,1.0321,-0.0318,1.5708,0.00024,-0.0001,0.0
23.555,FLIGHT,0.9339,1.5283,0.1674,0.1842,0.1653,0.1815,-0.0141,-0.1921,0.0073,0.0145,1.032,-0.0321,1.5712,0.00024,-0.0001,0.0
23.56,FLIGHT,0.9347,1.5292,0.1651,0.1813,0.1631,0.1787,-0.0141,-0.1921,0.0072,0.0142,1.0318,-0.0324,1.5716,0.000239,-0.0001,0.0
23.565,FLIGHT,0.9355,1.5301,0.1628,0.1784,0.1608,0.1758,-0.014,-0.192,0.0072,0.014,1.0317,-0.0328,1.5719,0.000239,-0.0001,0.0
23.57,FLIGHT,0.9363,1.531,0.1606,0.1755,0.1586,0.173,-0.014,-0.1919,0.0071,0.0138,1.0315,-0.0331,1.5723,0.000239,-0.0001,0.0
23.575,FLIGHT,0.9371,1.5318,0.1584,0.1727,0.1564,0.1702,-0.014,-0.1919,0.0071,0.0136,1.0314,-0.0334,1.5727,0.000238,-0.0001,0.0
23.58,FLIGHT,0.9379,1.5327,0.1562,0.1699,0.1542,0.1674,-0.0139,-0.1918,0.007,0.0133,1.0312,-0.0337,1.573,0.000238,-0.0001,0.0
23.585,FLIGHT,0.9386,1.5335,0.154,0.1672,0.1521,0.1647,-0.0139,-0.1917,0.007,0.0131,1.0309,-0.034,1.5734,0.000238,-0.0001,0.0
23.59,FLIGHT,0.9394,1.5343,0.1519,0.1645,0.15,0.1621,-0.0139,-0.1917,0.0069,0.0129,1.0307,-0.0343,1.5737,0.000237,-0.0001,0.0
23.595,FLIGHT,0.9401,1.5351,0.1498,0.1618,0.1479,0.1594,-0.0138,-0.1916,0.0069,0.0127,1.0304,-0.0346,1.5741,0.000237,-0.0001,0.0
23.6,FLIGHT,0.9409,1.5359,0.1477,0.1592,0.1458,0.1568,-0.0138,-0.1915,0.0068,0.0125,1.0301,-0.0349,1.5744,0.000237,-0.0001,0.0
23.605,FLIGHT,0.9416,1.5367,0.1456,0.1566,0.1438,0.1543,-0.0138,-0.1915,0.0067,0.0123,1.0298,-0.0352,1.5747,0.000236,-0.0001,0.0
23.61,FLIGHT,0.9423,1.5375,0.1436,0.154,0.1418,0.1518,-0.0137,-0.1914,0.0067,0.0121,1.0295,-0.0355,1.575,0.000236,-0.0001,0.0
23.615,FLIGHT,0.943,1.5382,0.1416,0.1515,0.1398,0.1493,-0.0137,-0.1914,0.0066,0.0119,1.0292,-0.0358,1.5754,0.000236,-0.0001,0.0
23.62,FLIGHT,0.9437,1.539,0.1396,0.149,0.1378,0.1468,-0.0137,-0.1913,0.0066,0.0117,1.0288,-0.036,1.5757,0.000235,-0.0001,0.0
23.625,FLIGHT,0.9444,1.5397,0.1376,0.1466,0.1359,0.1444,-0.0136,-0.1913,0.0065,0.0115,1.0284,-0.0363,1.576,0.000235,-0.0001,0.0
23.63,FLIGHT,0.9451,1.5404,0.1357,0.1442,0.134,0.1421,-0.0136,-0.1912,0.0065,0.0113,1.028,-0.0366,1.5763,0.000235,-0.0001,0.0
23.635,FLIGHT,0.9457,1.5411,0.1338,0.1419,0.1321,0.1398,-0.0136,-0.1911,0.0064,0.0112,1.0276,-0.0369,1.5766,0.000234,-0.0001,0.0
23.64,FLIGHT,0.9464,1.5418,0.1319,0.1395,0.1302,0.1375,-0.0135,-0.1911,0.0064,0.011,1.0271,-0.0371,1.5769,0.000234,-0.0001,0.0
23.645,FLIGHT,0.947,1.5425,0.1301,0.1373,0.1284,0.1352,-0.0135,-0.191,0.0063,0.0108,1.0266,-0.0374,1.5772,0.000234,-0.0001,0.0
23.65,FLIGHT,0.9477,1.5432,0.1282,0.135,0.1266,0.133,-0.0135,-0.191,0.0063,0.0106,1.0262,-0.0377,1.5775,0.000234,-0.0001,0.0
23.655,FLIGHT,0.9483,1.5438,0.1264,0.1328,0.1248,0.1309,-0.0135,-0.1909,0.0062,0.0104,1.0257,-0.0379,1.5777,0.000233,-0.0001,0.0
23.66,FLIGHT,0.9489,1.5445,0.1247,0.1306,0.1231,0.1287,-0.0134,-0.1909,0.0062,0.0103,1.0251,-0.0382,1.578,0.000233,-0.0001,0.0
23.665,FLIGHT,0.9495,1.5451,0.1229,0.1285,0.1213,0.1266,-0.0134,-0.1908,0.0061,0.0101,1.0246,-0.0384,1.5783,0.000233,-0.0001,0.0
23.67,FLIGHT,0.9501,1.5457,0.1212,0.1264,0.1196,0.1246,-0.0134,-0.1908,0.0061,0.0099,1.024,-0.0387,1.5786,0.000233,-0.0001,0.0
23.675,FLIGHT,0.9507,1.5463,0.1194,0.1244,0.1179,0.1225,-0.0133,-0.1907,0.006,0.0098,1.0235,-0.0389,1.5788,0.000232,-0.0001,0.0
23.68,FLIGHT,0.9513,1.547,0.1178,0.1223,0.1163,0.1205,-0.0133,-0.1907,0.0059,0.0096,1.0229,-0.0392,1.5791,0.000232,-0.0001,0.0
23.685,FLIGHT,0.9519,1.5476,0.1161,0.1204,0.1146,0.1186,-0.0133,-0.1906,0.0059,0.0095,1.0223,-0.0394,1.5794,0.000232,-0.0,0.0
23.69,FLIGHT,0.9524,1.5481,0.1144,0.1184,0.113,0.1167,-0.0132,-0.1906,0.0058,0.0093,1.0216,-0.0396,1.5796,0.000231,-0.0,0.0
23.695,FLIGHT,0.953,1.5487,0.1128,0.1165,0.1114,0.1148,-0.0132,-0.1905,0.0058,0.0092,1.021,-0.0399,1.5799,0.000231,-0.0,0.0
23.7,FLIGHT,0.9536,1.5493,0.1112,0.1146,0.1098,0.1129,-0.0132,-0.1905,0.0057,0.009,1.0203,-0.0401,1.5801,0.000231,-0.0,0.0
23.705,FLIGHT,0.9541,1.5498,0.1096,0.1128,0.1082,0.1111,-0.0132,-0.1905,0.0057,0.0089,1.0196,-0.0403,1.5804,0.000231,-0.0,0.0
23.71,FLIGHT,0.9546,1.5504,0.1081,0.1109,0.1067,0.1093,-0.0131,-0.1904,0.0056,0.0087,1.0189,-0.0406,1.5806,0.000231,-0.0,0.0
23.715,FLIGHT,0.9552,1.5509,0.1065,0.1092,0.1051,0.1076,-0.0131,-0.1904,0.0055,0.0086,1.0182,-0.0408,1.5809,0.00023,-0.0,0.0
23.72,FLIGHT,0.9557,1.5515,0.105,0.1074,0.1036,0.1059,-0.0131,-0.1903,0.0055,0.0085,1.0175,-0.041,1.5811,0.00023,-0.0,0.0
23.725,FLIGHT,0.9562,1.552,0.1035,0.1057,0.1021,0.1042,-0.013,-0.1903,0.0054,0.0083,1.0167,-0.0413,1.5813,0.00023,-0.0,0.0
23.73,FLIGHT,0.9567,1.5525,0.102,0.104,0.1006,0.1025,-0.013,-0.1902,0.0054,0.0082,1.0159,-0.0415,1.5816,0.00023,-0.0,0.0
23.735,FLIGHT,0.9572,1.553,0.1005,0.1023,0.0992,0.1009,-0.013,-0.1902,0.0053,0.0081,1.0152,-0.0417,1.5818,0.000229,-0.0,0.0
23.74,FLIGHT,0.9577,1.5535,0.099,0.1007,0.0977,0.0993,-0.013,-0.1902,0.0052,0.0079,1.0144,-0.0419,1.582,0.000229,-0.0,0.0
23.745,FLIGHT,0.9582,1.554,0.0976,0.0991,0.0963,0.0977,-0.0129,-0.1901,0.0052,0.0078,1.0135,-0.0421,1.5823,0.000229,-0.0,0.0
23.75,FLIGHT,0.9587,1.5545,0.0962,0.0975,0.0949,0.0962,-0.0129,-0.1901,0.0051,0.0077,1.0127,-0.0423,1.5825,0.000229,-0.0,0.0
23.755,FLIGHT,0.9591,1.555,0.0947,0.096,0.0935,0.0946,-0.0129,-0.1901,0.0051,0.0076,1.0119,-0.0426,1.5827,0.000229,-0.0,0.0
23.76,FLIGHT,0.9596,1.5554,0.0934,0.0945,0.0921,0.0931,-0.0129,-0.19,0.005,0.0074,1.011,-0.0428,1.5829,0.000229,-0.0,0.0
23.765,FLIGHT,0.9601,1.5559,0.092,0.093,0.0907,0.0917,-0.0128,-0.19,0.0049,0.0073,1.0101,-0.043,1.5831,0.000228,-0.0,0.0
23.77,FLIGHT,0.9605,1.5564,0.0906,0.0915,0.0894,0.0902,-0.0128,-0.1899,0.0049,0.0072,1.0092,-0.0432,1.5833,0.000228,-0.0,0.0
23.775,FLIGHT,0.961,1.5568,0.0893,0.0901,0.0881,0.0888,-0.0128,-0.1899,0.0048,0.0071,1.0083,-0.0434,1.5835,0.000228,-0.0,0.0
23.78,FLIGHT,0.9614,1.5573,0.0879,0.0887,0.0867,0.0875,-0.0128,-0.1899,0.0047,0.007,1.0074,-0.0436,1.5838,0.000228,-0.0,0.0
23.785,FLIGHT,0.9618,1.5577,0.0866,0.0873,0.0854,0.0861,-0.0127,-0.1898,0.0047,0.0069,1.0064,-0.0438,1.584,0.000228,-0.0,0.0
23.79,FLIGHT,0.9622,1.5581,0.0853,0.086,0.0841,0.0848,-0.0127,-0.1898,0.0046,0.0068,1.0055,-0.044,1.5842,0.000227,-0.0,0.0
23.795,FLIGHT,0.9627,1.5585,0.084,0.0846,0.0828,0.0834,-0.0127,-0.1898,0.0045,0.0067,1.0045,-0.0442,1.5844,0.000227,-0.0,0.0
23.8,FLIGHT,0.9631,1.559,0.0827,0.0833,0.0816,0.0822,-0.0127,-0.1897,0.0045,0.0066,1.0035,-0.0444,1.5846,0.000227,-0.0,0.0
23.805,FLIGHT,0.9635,1.5594,0.0815,0.082,0.0803,0.0809,-0.0127,-0.1897,0.0044,0.0065,1.0025,-0.0446,1.5847,0.000227,-0.0,0.0
23.81,FLIGHT,0.9639,1.5598,0.0802,0.0808,0.0791,0.0797,-0.0126,-0.1897,0.0043,0.0064,1.0015,-0.0448,1.5849,0.000227,-0.0,0.0
23.815,FLIGHT,0.9643,1.5602,0.079,0.0795,0.0779,0.0784,-0.0126,-0.1896,0.0042,0.0063,1.0005,-0.045,1.5851,0.000227,-0.0,0.0
23.82,STANCE,0.9654,1.5608,0.2138,0.1248,0.6123,0.0791,-0.0125,-0.1896,0.0237,0.0087,0.9996,0.1222,-0.3699,-0.000264,-0.2698,0.0542
23.825,STANCE,0.9706,1.5594,0.8096,-0.2067,1.3961,-0.721,-0.0113,-0.1898,0.1817,-0.0279,0.9987,-0.2804,-0.8491,-0.002,-0.3902,0.08
23.83,STANCE,0.9783,1.5537,1.2949,-0.869,1.0655,-1.0386,-0.0091,-0.1904,0.3654,-0.0888,0.9978,-0.7975,-1.1293,-0.003854,-0.2348,0.0508
23.835,STANCE,0.9804,1.5516,0.665,-0.5152,0.148,-0.1269,-0.0084,-0.1906,0.1974,-0.051,0.9978,-0.8779,-1.7428,-0.004277,0.0105,0.0043
23.84,STANCE,0.9816,1.5503,0.3859,-0.3715,0.3874,-0.5166,-0.008,-0.1907,0.1246,-0.0357,0.9981,-1.0639,-2.1364,-0.004043,0.0693,0.004
23.845,STANCE,0.9836,1.5438,0.3822,-1.1181,0.4126,-1.9783,-0.0067,-0.1913,0.2275,-0.0994,0.998,-1.3291,-1.9485,-0.003435,0.1494,0.0034
23.85,STANCE,0.9874,1.5347,0.6655,-1.5999,1.0111,-2.0488,-0.0047,-0.1921,0.3505,-0.1389,0.9982,-1.6405,-1.6445,-0.003389,-0.1641,0.0362
23.855,STANCE,0.9909,1.5205,0.6586,-2.5294,0.628,-2.9661,-0.002,-0.1933,0.4832,-0.2096,0.998,-1.7324,-0.9504,-0.003888,-0.074,0.0187
23.86,STANCE,0.9937,1.5067,0.5413,-2.7254,0.1633,-3.1667,0.0004,-0.1944,0.4923,-0.2178,0.9979,-1.6112,-0.44,-0.004098,0.0531,0.0041
23.865,STANCE,0.9953,1.493,0.3678,-2.7444,-0.0136,-3.0223,0.0027,-0.1955,0.465,-0.2126,0.9979,-1.3044,0.0565,-0.00432,-0.0046,0.0052
23.87,STANCE,0.9948,1.4783,0.0524,-2.8642,-0.247,-2.9562,0.0047,-0.1966,0.4237,-0.2168,0.9979,-0.8139,0.5966,-0.00459,-0.0554,0.0157
23.875,STANCE,0.9928,1.4634,-0.2582,-2.9208,-0.3734,-2.7629,0.0065,-0.1977,0.3733,-0.2176,0.9979,-0.2713,1.0521,-0.004734,-0.0706,0.0188
23.88,STANCE,0.9907,1.4499,-0.3702,-2.7599,-0.4182,-2.5939,0.008,-0.1987,0.3297,-0.2024,0.998,0.134,1.3005,-0.004937,-0.021,0.0091
23.885,STANCE,0.989,1.4377,-0.3338,-2.5245,-0.226,-2.2762,0.0095,-0.1996,0.3042,-0.1817,0.9982,0.279,1.3425,-0.005021,-0.0164,0.0083
23.89,STANCE,0.9885,1.4271,-0.169,-2.2425,-0.0018,-2.0022,0.0109,-0.2004,0.2971,-0.1571,0.9986,0.2145,1.2563,-0.005104,-0.0151,0.0081
23.895,STANCE,0.9889,1.4175,0.009,-2.0087,0.1535,-1.8332,0.0124,-0.201,0.2996,-0.136,0.999,0.1423,1.1867,-0.005149,-0.0012,0.0054
23.9,STANCE,0.9899,1.4086,0.1458,-1.8491,0.2458,-1.736,0.014,-0.2016,0.3048,-0.1205,0.9995,0.0849,1.1451,-0.005103,0.0208,0.0051
23.905,FLIGHT,0.9912,1.4001,0.2338,-1.748,0.2928,-1.6763,0.0155,-0.2022,0.3087,-0.1097,1.0,-1.2054,2.4729,-0.004937,0.0458,0.0049
23.91,FLIGHT,0.9905,1.3949,-0.068,-1.1975,-0.5515,-0.4422,0.0162,-0.2025,0.1657,-0.0779,1.0008,-1.1364,2.4083,-0.004519,0.1177,0.0045
23.915,FLIGHT,0.9861,1.3952,-0.6625,-0.3015,-1.1944,0.486,0.0152,-0.2026,-0.0891,-0.0296,1.0018,-0.8969,2.2119,-0.003801,0.1652,0.0038
23.92,FLIGHT,0.979,1.3992,-1.186,0.4779,-1.5767,1.0698,0.0132,-0.2024,-0.3112,0.0161,1.0029,-0.6413,2.0062,-0.00291,0.1873,0.0029
23.925,FLIGHT,0.9707,1.4054,-1.5222,1.0085,-1.7348,1.3696,0.0106,-0.2021,-0.4567,0.0531,1.0042,-0.4301,1.8381,-0.001961,0.1901,0.002
23.93,FLIGHT,0.962,1.4125,-1.6716,1.3001,-1.7333,1.4702,0.0078,-0.2016,-0.5279,0.0793,1.0055,-0.2766,1.7173,-0.00103,0.1808,0.001
23.935,FLIGHT,0.9535,1.4199,-1.6773,1.4106,-1.6332,1.4477,0.005,-0.2012,-0.5428,0.095,1.0067,-0.1738,1.638,-0.000163,0.1655,0.0002
23.94,FLIGHT,0.9457,1.4269,-1.5877,1.4033,-1.4777,1.3606,0.0024,-0.2007,-0.5214,0.1021,1.008,-0.1096,1.5901,0.000528,0.106,0.0
23.945,FLIGHT,0.9388,1.4334,-1.4448,1.3293,-1.3036,1.2445,0.0001,-0.2002,-0.48,0.1028,1.0091,-0.0713,1.5631,0.000927,0.0569,0.0
23.95,FLIGHT,0.9327,1.4393,-1.2806,1.2235,-1.1303,1.122,-0.002,-0.1997,-0.4302,0.0993,1.0103,-0.0491,1.5491,0.001125,0.0244,0.0
23.955,FLIGHT,0.9275,1.4447,-1.1139,1.1083,-0.9672,1.0052,-0.0038,-0.1993,-0.379,0.0936,1.0114,-0.0363,1.5425,0.001191,0.0037,0.0
23.96,FLIGHT,0.923,1.4494,-0.9552,0.9963,-0.8185,0.8998,-0.0054,-0.1989,-0.3304,0.0867,1.0124,-0.0289,1.54,0.001175,-0.0089,0.0018
23.965,FLIGHT,0.9192,1.4537,-0.8095,0.8939,-0.6854,0.8074,-0.0067,-0.1985,-0.2861,0.0796,1.0134,-0.0244,1.5396,0.001111,-0.0159,0.0032
23.97,FLIGHT,0.9161,1.4575,-0.6782,0.8034,-0.5674,0.7278,-0.0079,-0.1982,-0.2466,0.0728,1.0143,-0.0215,1.5401,0.001022,-0.0193,0.0039
23.975,FLIGHT,0.9136,1.461,-0.5616,0.7249,-0.4633,0.6599,-0.0088,-0.1978,-0.212,0.0665,1.0153,-0.0195,1.5411,0.000922,-0.0204,0.0041
23.98,FLIGHT,0.9115,1.4641,-0.4585,0.6577,-0.3719,0.6021,-0.0097,-0.1976,-0.1818,0.0607,1.0161,-0.018,1.5421,0.000821,-0.0199,0.004
23.985,FLIGHT,0.9098,1.467,-0.3677,0.6004,-0.2917,0.5531,-0.0104,-0.1973,-0.1556,0.0556,1.017,-0.0168,1.5432,0.000725,-0.0185,0.0037
23.99,FLIGHT,0.9085,1.4697,-0.2881,0.5516,-0.2213,0.5115,-0.011,-0.197,-0.1329,0.051,1.0178,-0.0159,1.5442,0.000637,-0.0166,0.0033
23.995,FLIGHT,0.9076,1.4721,-0.2183,0.5102,-0.1598,0.4761,-0.0116,-0.1968,-0.1132,0.047,1.0185,-0.0153,1.5452,0.000559,-0.0144,0.0029
24.0,FLIGHT,0.9069,1.4744,-0.1571,0.475,-0.1059,0.4459,-0.012,-0.1966,-0.0962,0.0435,1.0193,-0.0148,1.5462,0.000493,-0.0123,0.0025
24.005,FLIGHT,0.9065,1.4766,-0.1036,0.445,-0.0589,0.4202,-0.0124,-0.1964,-0.0814,0.0404,1.02,-0.0146,1.5471,0.000437,-0.0102,0.002
24.01,FLIGHT,0.9063,1.4786,-0.057,0.4193,-0.018,0.3981,-0.0127,-0.1962,-0.0686,0.0377,1.0207,-0.0145,1.5481,0.000391,-0.0083,0.0017
24.015,FLIGHT,0.9063,1.4806,-0.0163,0.3974,0.0176,0.3792,-0.013,-0.1961,-0.0576,0.0354,1.0213,-0.0145,1.549,0.000353,-0.0066,0.0013
24.02,FLIGHT,0.9065,1.4824,0.019,0.3786,0.0484,0.363,-0.0132,-0.1959,-0.048,0.0334,1.0219,-0.0147,1.5499,0.000324,-0.0052,0.001
24.025,FLIGHT,0.9068,1.4842,0.0496,0.3624,0.0751,0.3489,-0.0134,-0.1957,-0.0398,0.0316,1.0225,-0.015,1.5508,0.000301,-0.0041,0.0008
24.03,FLIGHT,0.9072,1.4859,0.076,0.3484,0.098,0.3367,-0.0135,-0.1956,-0.0327,0.03,1.0231,-0.0153,1.5516,0.000283,-0.0031,0.0006
24.035,FLIGHT,0.9078,1.4876,0.0988,0.3362,0.1176,0.326,-0.0137,-0.1955,-0.0265,0.0287,1.0236,-0.0158,1.5525,0.000269,-0.0024,0.0005
24.04,FLIGHT,0.9084,1.4892,0.1182,0.3256,0.1343,0.3167,-0.0137,-0.1953,-0.0213,0.0275,1.0241,-0.0162,1.5533,0.000259,-0.0017,0.0003
24.045,FLIGHT,0.9091,1.4908,0.1348,0.3162,0.1484,0.3084,-0.0138,-0.1952,-0.0168,0.0265,1.0246,-0.0167,1.5542,0.000252,-0.0013,0.0003
24.05,FLIGHT,0.9099,1.4923,0.1488,0.308,0.1603,0.301,-0.0139,-0.1951,-0.0129,0.0255,1.0251,-0.0173,1.555,0.000246,-0.0009,0.0002
24.055,FLIGHT,0.9107,1.4938,0.1606,0.3006,0.1702,0.2944,-0.0139,-0.1949,-0.0096,0.0247,1.0256,-0.0178,1.5557,0.000243,-0.0006,0.0001
24.06,FLIGHT,0.9116,1.4952,0.1704,0.294,0.1784,0.2883,-0.0139,-0.1948,-0.0068,0.024,1.026,-0.0184,1.5565,0.00024,-0.0004,0.0001
24.065,FLIGHT,0.9125,1.4967,0.1785,0.2879,0.1851,0.2828,-0.014,-0.1947,-0.0044,0.0234,1.0264,-0.019,1.5572,0.000239,-0.0002,0.0
24.07,FLIGHT,0.9134,1.4981,0.1851,0.2824,0.1904,0.2777,-0.014,-0.1946,-0.0024,0.0228,1.0267,-0.0196,1.5579,0.000238,-0.0001,0.0
24.075,FLIGHT,0.9144,1.4994,0.1904,0.2773,0.1946,0.2729,-0.014,-0.1945,-0.0007,0.0223,1.0271,-0.0202,1.5586,0.000237,-0.0,0.0
24.08,FLIGHT,0.9154,1.5008,0.1945,0.2725,0.1978,0.2684,-0.014,-0.1944,0.0008,0.0218,1.0274,-0.0207,1.5593,0.000237,0.0,0.0
24.085,FLIGHT,0.9164,1.5021,0.1977,0.268,0.2001,0.2641,-0.014,-0.1943,0.002,0.0214,1.0277,-0.0213,1.56,0.000238,0.0001,0.0
24.09,FLIGHT,0.9174,1.5034,0.2,0.2637,0.2017,0.2599,-0.0139,-0.1942,0.003,0.021,1.028,-0.0219,1.5606,0.000238,0.0001,0.0
24.095,FLIGHT,0.9184,1.5047,0.2015,0.2596,0.2026,0.256,-0.0139,-0.1941,0.0039,0.0206,1.0282,-0.0224,1.5612,0.000239,0.0001,0.0
24.1,FLIGHT,0.9194,1.506,0.2024,0.2556,0.203,0.2521,-0.0139,-0.194,0.0046,0.0203,1.0285,-0.0229,1.5618,0.000239,0.0001,0.0
24.105,FLIGHT,0.9204,1.5072,0.2028,0.2518,0.2029,0.2484,-0.0139,-0.1939,0.0051,0.0199,1.0287,-0.0235,1.5624,0.00024,0.0001,0.0
24.11,FLIGHT,0.9214,1.5085,0.2027,0.248,0.2024,0.2447,-0.0138,-0.1938,0.0056,0.0196,1.0288,-0.024,1.563,0.00024,0.0001,0.0
24.115,FLIGHT,0.9224,1.5097,0.2022,0.2444,0.2016,0.2411,-0.0138,-0.1937,0.006,0.0193,1.029,-0.0245,1.5636,0.00024,0.0001,0.0
24.12,FLIGHT,0.9234,1.5109,0.2013,0.2408,0.2004,0.2376,-0.0138,-0.1936,0.0063,0.019,1.0291,-0.025,1.5641,0.000241,0.0001,0.0
24.125,FLIGHT,0.9244,1.5121,0.2002,0.2372,0.199,0.2341,-0.0137,-0.1935,0.0065,0.0187,1.0292,-0.0254,1.5646,0.000241,0.0001,0.0
24.13,FLIGHT,0.9254,1.5132,0.1988,0.2337,0.1974,0.2306,-0.0137,-0.1934,0.0067,0.0184,1.0293,-0.0259,1.5652,0.000241,0.0,0.0
24.135,FLIGHT,0.9264,1.5144,0.1972,0.2303,0.1957,0.2272,-0.0137,-0.1933,0.0069,0.0181,1.0294,-0.0264,1.5657,0.000241,0.0,0.0
24.14,FLIGHT,0.9274,1.5155,0.1954,0.2269,0.1938,0.2238,-0.0136,-0.1932,0.007,0.0179,1.0294,-0.0268,1.5662,0.000242,0.0,0.0
24.145,FLIGHT,0.9284,1.5166,0.1935,0.2235,0.1918,0.2205,-0.0136,-0.1931,0.0071,0.0176,1.0295,-0.0273,1.5667,0.000242,0.0,0.0
24.15,FLIGHT,0.9293,1.5177,0.1915,0.2202,0.1897,0.2172,-0.0136,-0.193,0.0071,0.0173,1.0295,-0.0277,1.5671,0.000242,-0.0,0.0
24.155,FLIGHT,0.9303,1.5188,0.1894,0.2168,0.1875,0.2139,-0.0135,-0.193,0.0072,0.0171,1.0294,-0.0281,1.5676,0.000242,-0.0,0.0
24.16,FLIGHT,0.9312,1.5198,0.1872,0.2135,0.1853,0.2106,-0.0135,-0.1929,0.0072,0.0168,1.0294,-0.0285,1.5681,0.000241,-0.0,0.0
24.165,FLIGHT,0.9321,1.5209,0.185,0.2103,0.183,0.2074,-0.0135,-0.1928,0.0072,0.0165,1.0293,-0.0289,1.5685,0.000241,-0.0,0.0
24.17,FLIGHT,0.933,1.5219,0.1827,0.2071,0.1807,0.2042,-0.0134,-0.1927,0.0071,0.0163,1.0292,-0.0293,1.569,0.000241,-0.0,0.0
24.175,FLIGHT,0.9339,1.5229,0.1804,0.2039,0.1784,0.201,-0.0134,-0.1926,0.0071,0.016,1.0291,-0.0297,1.5694,0.000241,-0.0,0.0
24.18,FLIGHT,0.9348,1.5239,0.1781,0.2007,0.176,0.1979,-0.0133,-0.1926,0.0071,0.0158,1.029,-0.0301,1.5698,0.000241,-0.0,0.0
24.185,FLIGHT,0.9357,1.5249,0.1758,0.1976,0.1737,0.1948,-0.0133,-0.1925,0.0071,0.0156,1.0288,-0.0304,1.5702,0.00024,-0.0001,0.0
24.19,FLIGHT,0.9365,1.5259,0.1734,0.1945,0.1713,0.1917,-0.0133,-0.1924,0.007,0.0153,1.0287,-0.0308,1.5707,0.00024,-0.0001,0.0
24.195,FLIGHT,0.9374,1.5268,0.1711,0.1914,0.169,0.1887,-0.0132,-0.1923,0.007,0.0151,1.0285,-0.0312,1.5711,0.00024,-0.0001,0.0
24.2,FLIGHT,0.9382,1.5278,0.1687,0.1884,0.1667,0.1857,-0.0132,-0.1923,0.0069,0.0148,1.0283,-0.0315,1.5715,0.00024,-0.0001,0.0
24.205,FLIGHT,0.9391,1.5287,0.1664,0.1854,0.1644,0.1827,-0.0132,-0.1922,0.0069,0.0146,1.028,-0.0319,1.5718,0.000239,-0.0001,0.0
24.21,FLIGHT,0.9399,1.5296,0.1641,0.1824,0.1621,0.1798,-0.0131,-0.1921,0.0068,0.0144,1.0278,-0.0322,1.5722,0.000239,-0.0001,0.0
24.215,FLIGHT,0.9407,1.5305,0.1618,0.1795,0.1598,0.1769,-0.0131,-0.192,0.0068,0.0142,1.0275,-0.0325,1.5726,0.000239,-0.0001,0.0
24.22,FLIGHT,0.9415,1.5314,0.1596,0.1766,0.1575,0.1741,-0.0131,-0.192,0.0067,0.0139,1.0272,-0.0329,1.573,0.000238,-0.0001,0.0
24.225,FLIGHT,0.9423,1.5322,0.1573,0.1738,0.1553,0.1713,-0.013,-0.1919,0.0066,0.0137,1.0269,-0.0332,1.5733,0.000238,-0.0001,0.0
24.23,FLIGHT,0.943,1.5331,0.1551,0.171,0.1531,0.1685,-0.013,-0.1918,0.0066,0.0135,1.0265,-0.0335,1.5737,0.000238,-0.0001,0.0
24.235,FLIGHT,0.9438,1.5339,0.1529,0.1682,0.1509,0.1658,-0.013,-0.1918,0.0065,0.0133,1.0262,-0.0338,1.574,0.000237,-0.0001,0.0
24.24,FLIGHT,0.9445,1.5347,0.1507,0.1655,0.1487,0.1631,-0.0129,-0.1917,0.0065,0.0131,1.0258,-0.0341,1.5744,0.000237,-0.0001,0.0
24.245,FLIGHT,0.9453,1.5355,0.1485,0.1628,0.1466,0.1604,-0.0129,-0.1916,0.0064,0.0129,1.0254,-0.0344,1.5747,0.000237,-0.0001,0.0
24.25,FLIGHT,0.946,1.5363,0.1464,0.1602,0.1445,0.1578,-0.0129,-0.1916,0.0064,0.0126,1.025,-0.0347,1.5751,0.000236,-0.0001,0.0
24.255,FLIGHT,0.9467,1.5371,0.1443,0.1576,0.1424,0.1552,-0.0128,-0.1915,0.0063,0.0124,1.0245,-0.035,1.5754,0.000236,-0.0001,0.0
24.26,FLIGHT,0.9474,1.5379,0.1422,0.155,0.1404,0.1527,-0.0128,-0.1915,0.0062,0.0122,1.0241,-0.0353,1.5757,0.000236,-0.0001,0.0
24.265,FLIGHT,0.9481,1.5386,0.1402,0.1525,0.1384,0.1502,-0.0128,-0.1914,0.0062,0.012,1.0236,-0.0356,1.5761,0.000235,-0.0001,0.0
24.27,FLIGHT,0.9488,1.5394,0.1382,0.15,0.1363,0.1478,-0.0128,-0.1913,0.0061,0.0119,1.0231,-0.0359,1.5764,0.000235,-0.0001,0.0
24.275,FLIGHT,0.9495,1.5401,0.1362,0.1475,0.1344,0.1454,-0.0127,-0.1913,0.0061,0.0117,1.0226,-0.0362,1.5767,0.000235,-0.0001,0.0
24.28,FLIGHT,0.9501,1.5408,0.1342,0.1451,0.1324,0.143,-0.0127,-0.1912,0.006,0.0115,1.0221,-0.0365,1.577,0.000234,-0.0001,0.0
24.285,FLIGHT,0.9508,1.5415,0.1322,0.1428,0.1305,0.1407,-0.0127,-0.1912,0.0059,0.0113,1.0215,-0.0368,1.5773,0.000234,-0.0001,0.0
24.29,FLIGHT,0.9515,1.5422,0.1303,0.1404,0.1286,0.1384,-0.0126,-0.1911,0.0059,0.0111,1.0209,-0.037,1.5776,0.000234,-0.0001,0.0
24.295,FLIGHT,0.9521,1.5429,0.1284,0.1382,0.1267,0.1361,-0.0126,-0.1911,0.0058,0.0109,1.0203,-0.0373,1.5779,0.000234,-0.0001,0.0
24.3,FLIGHT,0.9527,1.5436,0.1265,0.1359,0.1249,0.1339,-0.0126,-0.191,0.0058,0.0108,1.0197,-0.0376,1.5782,0.000233,-0.0001,0.0
24.305,FLIGHT,0.9533,1.5443,0.1247,0.1337,0.123,0.1317,-0.0125,-0.191,0.0057,0.0106,1.0191,-0.0378,1.5785,0.000233,-0.0001,0.0
24.31,FLIGHT,0.954,1.5449,0.1229,0.1315,0.1212,0.1296,-0.0125,-0.1909,0.0056,0.0104,1.0185,-0.0381,1.5788,0.000233,-0.0001,0.0
24.315,FLIGHT,0.9546,1.5456,0.1211,0.1294,0.1194,0.1275,-0.0125,-0.1909,0.0056,0.0102,1.0178,-0.0384,1.579,0.000232,-0.0001,0.0
24.32,FLIGHT,0.9551,1.5462,0.1193,0.1273,0.1177,0.1254,-0.0125,-0.1908,0.0055,0.0101,1.0171,-0.0386,1.5793,0.000232,-0.0001,0.0
24.325,FLIGHT,0.9557,1.5468,0.1175,0.1252,0.1159,0.1234,-0.0124,-0.1908,0.0055,0.0099,1.0164,-0.0389,1.5796,0.000232,-0.0001,0.0
24.33,FLIGHT,0.9563,1.5474,0.1158,0.1232,0.1142,0.1214,-0.0124,-0.1907,0.0054,0.0098,1.0157,-0.0391,1.5799,0.000232,-0.0001,0.0
24.335,FLIGHT,0.9569,1.548,0.1141,0.1212,0.1125,0.1194,-0.0124,-0.1907,0.0053,0.0096,1.015,-0.0394,1.5801,0.000231,-0.0001,0.0
24.34,FLIGHT,0.9574,1.5486,0.1124,0.1192,0.1109,0.1175,-0.0124,-0.1906,0.0053,0.0094,1.0143,-0.0396,1.5804,0.000231,-0.0001,0.0
24.345,FLIGHT,0.958,1.5492,0.1107,0.1173,0.1092,0.1156,-0.0123,-0.1906,0.0052,0.0093,1.0135,-0.0399,1.5806,0.000231,-0.0,0.0
24.35,FLIGHT,0.9585,1.5498,0.109,0.1154,0.1076,0.1137,-0.0123,-0.1905,0.0052,0.0091,1.0127,-0.0401,1.5809,0.000231,-0.0,0.0
24.355,FLIGHT,0.9591,1.5503,0.1074,0.1136,0.106,0.1119,-0.0123,-0.1905,0.0051,0.009,1.0119,-0.0404,1.5811,0.00023,-0.0,0.0
24.36,FLIGHT,0.9596,1.5509,0.1058,0.1117,0.1044,0.1101,-0.0123,-0.1904,0.005,0.0089,1.0111,-0.0406,1.5814,0.00023,-0.0,0.0
24.365,FLIGHT,0.9601,1.5515,0.1042,0.1099,0.1028,0.1084,-0.0122,-0.1904,0.005,0.0087,1.0103,-0.0408,1.5816,0.00023,-0.0,0.0
24.37,FLIGHT,0.9606,1.552,0.1026,0.1082,0.1012,0.1066,-0.0122,-0.1903,0.0049,0.0086,1.0094,-0.0411,1.5819,0.00023,-0.0,0.0
24.375,FLIGHT,0.9611,1.5525,0.1011,0.1065,0.0997,0.1049,-0.0122,-0.1903,0.0048,0.0084,1.0086,-0.0413,1.5821,0.000229,-0.0,0.0
24.38,FLIGHT,0.9616,1.553,0.0995,0.1048,0.0982,0.1033,-0.0122,-0.1903,0.0048,0.0083,1.0077,-0.0415,1.5823,0.000229,-0.0,0.0
24.385,FLIGHT,0.9621,1.5535,0.098,0.1031,0.0967,0.1016,-0.0121,-0.1902,0.0047,0.0082,1.0068,-0.0417,1.5826,0.000229,-0.0,0.0
24.39,FLIGHT,0.9626,1.5541,0.0965,0.1015,0.0952,0.1,-0.0121,-0.1902,0.0046,0.0081,1.0059,-0.042,1.5828,0.000229,-0.0,0.0
24.395,FLIGHT,0.963,1.5545,0.095,0.0998,0.0937,0.0984,-0.0121,-0.1901,0.0046,0.0079,1.005,-0.0422,1.583,0.000229,-0.0,0.0
24.4,FLIGHT,0.9635,1.555,0.0936,0.0983,0.0923,0.0969,-0.0121,-0.1901,0.0045,0.0078,1.0041,-0.0424,1.5832,0.000228,-0.0,0.0
24.405,FLIGHT,0.964,1.5555,0.0921,0.0967,0.0908,0.0953,-0.012,-0.1901,0.0044,0.0077,1.0031,-0.0426,1.5835,0.000228,-0.0,0.0
24.41,FLIGHT,0.9644,1.556,0.0907,0.0952,0.0894,0.0938,-0.012,-0.19,0.0043,0.0076,1.0022,-0.0428,1.5837,0.000228,-0.0,0.0
24.415,FLIGHT,0.9649,1.5565,0.0893,0.0937,0.088,0.0924,-0.012,-0.19,0.0043,0.0074,1.0012,-0.0431,1.5839,0.000228,-0.0,0.0
24.42,FLIGHT,0.9653,1.5569,0.0879,0.0922,0.0866,0.0909,-0.012,-0.19,0.0042,0.0073,1.0002,-0.0433,1.5841,0.000228,-0.0,0.0
24.425,STANCE,0.9673,1.5578,0.3398,0.1407,0.803,-0.0342,-0.0117,-0.1899,0.0455,0.0088,0.9994,0.0477,-0.4871,-0.000708,-0.3144,0.0636
24.43,STANCE,0.9731,1.5555,0.9401,-0.3193,1.4956,-0.9135,-0.0103,-0.1902,0.2223,-0.0383,0.9985,-0.3992,-0.905,-0.002492,-0.3795,0.0784
24.435,STANCE,0.9799,1.5495,1.1652,-0.9088,0.6595,-0.7286,-0.0082,-0.1908,0.347,-0.0894,0.9977,-0.8335,-1.1896,-0.004011,-0.1422,0.0324
24.44,STANCE,0.9813,1.548,0.5389,-0.459,0.1455,-0.1443,-0.0077,-0.1909,0.166,-0.0443,0.9978,-0.9128,-1.8173,-0.004234,0.0134,0.0042
24.445,STANCE,0.9827,1.5462,0.3835,-0.4232,0.4651,-0.6573,-0.0072,-0.1911,0.1316,-0.0396,0.9981,-1.1465,-2.1253,-0.004025,0.0604,0.004
24.45,STANCE,0.9847,1.5385,0.3926,-1.2702,0.5628,-1.7767,-0.0058,-0.1918,0.2514,-0.1111,0.998,-1.4093,-1.8458,-0.003417,0.1008,0.0034
24.455,STANCE,0.9887,1.5289,0.6784,-1.7579,0.7024,-2.6192,-0.0037,-0.1926,0.3764,-0.1499,0.9981,-1.7031,-1.497,-0.003778,-0.1367,0.0311
24.46,STANCE,0.9914,1.5148,0.6129,-2.415,0.7751,-2.1845,-0.0011,-0.1938,0.4598,-0.1974,0.998,-1.7302,-0.8919,-0.004147,-0.1004,0.0242
24.465,STANCE,0.9932,1.5009,0.4002,-2.6982,0.37,-2.6333,0.0012,-0.1949,0.4623,-0.2134,0.9979,-1.5278,-0.3368,-0.004187,-0.0392,0.012
24.47,STANCE,0.9937,1.4866,0.1606,-2.8514,-0.1107,-3.0155,0.0033,-0.196,0.441,-0.2194,0.9978,-1.1596,0.2162,-0.004484,-0.093,0.0231
24.475,STANCE,0.9928,1.4718,-0.088,-2.9116,-0.3261,-2.9462,0.0053,-0.1971,0.4039,-0.2193,0.9978,-0.6747,0.722,-0.004956,-0.054,0.0158
24.48,STANCE,0.9907,1.4573,-0.3041,-2.8762,-0.3333,-2.6481,0.0069,-0.1982,0.3585,-0.2131,0.9977,-0.1695,1.1184,-0.005059,-0.0231,0.0097
24.485,STANCE,0.9889,1.4445,-0.3341,-2.6528,-0.3239,-2.4494,0.0085,-0.1991,0.3218,-0.1931,0.9978,0.1757,1.3084,-0.005071,0.0099,0.0051
24.49,STANCE,0.9878,1.433,-0.2533,-2.3991,-0.1253,-2.1548,0.0099,-0.2,0.3023,-0.171,0.9981,0.2499,1.3041,-0.005018,0.0089,0.005
24.495,FLIGHT,0.9875,1.423,-0.1053,-2.1164,-0.1176,-1.7079,0.0114,-0.2007,0.2917,-0.1467,0.9984,-1.0872,2.4039,-0.004967,0.0243,0.005
24.5,FLIGHT,0.9852,1.4174,-0.3982,-1.3744,-0.8163,-0.5666,0.0117,-0.2011,0.1234,-0.0985,0.9991,-0.9756,2.3014,-0.00468,0.0875,0.0047
24.505,FLIGHT,0.9797,1.4168,-0.8908,-0.4821,-1.3165,0.2656,0.0107,-0.2012,-0.108,-0.0428,1.0,-0.749,2.1121,-0.00413,0.1284,0.0041
24.51,FLIGHT,0.9724,1.4195,-1.2966,0.2419,-1.5876,0.7818,0.0088,-0.2011,-0.2963,0.0056,1.0011,-0.5243,1.9284,-0.003432,0.1477,0.0034
24.515,FLIGHT,0.9642,1.4242,-1.5342,0.7224,-1.671,1.0479,0.0065,-0.2008,-0.4136,0.0423,1.0022,-0.3445,1.7834,-0.00268,0.1512,0.0027
24.52,FLIGHT,0.9559,1.4297,-1.6136,0.9865,-1.6253,1.1425,0.004,-0.2004,-0.4665,0.0669,1.0034,-0.2162,1.6814,-0.001936,0.1452,0.0019
24.525,FLIGHT,0.948,1.4354,-1.5759,1.0917,-1.5031,1.1325,0.0016,-0.2,-0.4725,0.0808,1.0046,-0.1316,1.6155,-0.001236,0.1346,0.0012
24.53,FLIGHT,0.9409,1.4409,-1.4647,1.0951,-1.3434,1.0667,-0.0006,-0.1996,-0.449,0.0864,1.0058,-0.079,1.576,-0.000592,0.1229,0.0006
24.535,FLIGHT,0.9346,1.446,-1.3151,1.041,-1.172,0.9769,-0.0026,-0.1992,-0.4099,0.0864,1.0069,-0.048,1.5541,-6e-06,0.1119,0.0
24.54,FLIGHT,0.9292,1.4507,-1.1504,0.9607,-1.0013,0.8834,-0.0043,-0.1988,-0.3645,0.083,1.008,-0.0311,1.5436,0.00044,0.0676,0.0
24.545,FLIGHT,0.9246,1.4549,-0.9866,0.873,-0.8438,0.7946,-0.0058,-0.1984,-0.3185,0.0777,1.009,-0.0222,1.5393,0.000693,0.0359,0.0
24.55,FLIGHT,0.9207,1.4587,-0.8334,0.788,-0.7025,0.715,-0.0071,-0.1981,-0.2754,0.0717,1.01,-0.0176,1.5383,0.000816,0.0148,0.0
24.555,FLIGHT,0.9175,1.4621,-0.6948,0.7109,-0.5777,0.646,-0.0082,-0.1978,-0.2366,0.0657,1.011,-0.0153,1.5388,0.000854,0.0013,0.0
24.56,FLIGHT,0.9149,1.4651,-0.5717,0.6433,-0.4683,0.5871,-0.0092,-0.1975,-0.2023,0.0601,1.0119,-0.014,1.54,0.000838,-0.0068,0.0014
24.565,FLIGHT,0.9128,1.4679,-0.4635,0.5853,-0.3729,0.5374,-0.01,-0.1972,-0.1725,0.0549,1.0128,-0.0132,1.5413,0.000792,-0.0112,0.0022
24.57,FLIGHT,0.9112,1.4705,-0.3688,0.5361,-0.2897,0.4956,-0.0106,-0.197,-0.1467,0.0503,1.0136,-0.0127,1.5426,0.00073,-0.0132,0.0026
24.575,FLIGHT,0.9099,1.4729,-0.2863,0.4945,-0.2173,0.4604,-0.0112,-0.1968,-0.1245,0.0462,1.0145,-0.0125,1.5439,0.000662,-0.0136,0.0027
24.58,FLIGHT,0.909,1.4751,-0.2144,0.4595,-0.1544,0.4307,-0.0117,-0.1966,-0.1054,0.0427,1.0153,-0.0123,1.545,0.000595,-0.0131,0.0026
24.585,FLIGHT,0.9084,1.4772,-0.1518,0.4299,-0.0997,0.4056,-0.0121,-0.1964,-0.0889,0.0396,1.016,-0.0123,1.5461,0.000533,-0.0119,0.0024
24.59,FLIGHT,0.908,1.4792,-0.0975,0.4049,-0.0522,0.3844,-0.0125,-0.1962,-0.0747,0.0369,1.0168,-0.0124,1.5472,0.000477,-0.0105,0.0021
24.595,FLIGHT,0.9078,1.4811,-0.0504,0.3838,-0.0111,0.3664,-0.0127,-0.196,-0.0624,0.0346,1.0175,-0.0127,1.5482,0.000428,-0.0089,0.0018
24.6,FLIGHT,0.9079,1.4829,-0.0096,0.3658,0.0244,0.351,-0.013,-0.1959,-0.0519,0.0326,1.0181,-0.013,1.5492,0.000387,-0.0075,0.0015
24.605,FLIGHT,0.9081,1.4846,0.0257,0.3505,0.055,0.3378,-0.0132,-0.1957,-0.0429,0.0308,1.0188,-0.0134,1.5502,0.000353,-0.0061,0.0012
24.61,FLIGHT,0.9084,1.4862,0.0561,0.3374,0.0813,0.3265,-0.0133,-0.1956,-0.0351,0.0293,1.0194,-0.0139,1.5511,0.000326,-0.0049,0.001
24.615,FLIGHT,0.9089,1.4879,0.0821,0.3261,0.1037,0.3167,-0.0135,-0.1955,-0.0284,0.028,1.02,-0.0144,1.552,0.000304,-0.0039,0.0008
24.62,FLIGHT,0.9094,1.4894,0.1044,0.3164,0.1229,0.3082,-0.0136,-0.1953,-0.0227,0.0268,1.0206,-0.015,1.5529,0.000287,-0.003,0.0006
24.625,FLIGHT,0.9101,1.4909,0.1234,0.3078,0.1391,0.3007,-0.0137,-0.1952,-0.0179,0.0259,1.0212,-0.0156,1.5538,0.000273,-0.0023,0.0005
24.63,FLIGHT,0.9108,1.4924,0.1395,0.3004,0.1527,0.2941,-0.0137,-0.1951,-0.0137,0.025,1.0217,-0.0163,1.5546,0.000263,-0.0018,0.0004
24.635,FLIGHT,0.9116,1.4939,0.153,0.2937,0.164,0.2881,-0.0138,-0.195,-0.0102,0.0242,1.0222,-0.0169,1.5554,0.000255,-0.0013,0.0003
24.64,FLIGHT,0.9125,1.4953,0.1643,0.2878,0.1734,0.2828,-0.0138,-0.1948,-0.0072,0.0236,1.0227,-0.0176,1.5562,0.00025,-0.001,0.0002
24.645,FLIGHT,0.9134,1.4967,0.1736,0.2824,0.1811,0.2778,-0.0138,-0.1947,-0.0046,0.023,1.0231,-0.0182,1.557,0.000246,-0.0007,0.0001
24.65,FLIGHT,0.9143,1.4981,0.1812,0.2775,0.1873,0.2733,-0.0138,-0.1946,-0.0025,0.0224,1.0236,-0.0189,1.5577,0.000243,-0.0005,0.0001
24.655,FLIGHT,0.9152,1.4994,0.1873,0.273,0.1922,0.269,-0.0138,-0.1945,-0.0007,0.022,1.024,-0.0195,1.5585,0.000241,-0.0003,0.0001
24.66,FLIGHT,0.9162,1.5008,0.1921,0.2687,0.1959,0.265,-0.0138,-0.1944,0.0008,0.0215,1.0243,-0.0201,1.5592,0.00024,-0.0002,0.0
24.665,FLIGHT,0.9172,1.5021,0.1958,0.2646,0.1987,0.2611,-0.0138,-0.1943,0.0021,0.0211,1.0247,-0.0207,1.5598,0.000239,-0.0001,0.0
24.67,FLIGHT,0.9182,1.5034,0.1986,0.2608,0.2007,0.2574,-0.0138,-0.1942,0.0031,0.0207,1.025,-0.0214,1.5605,0.000239,-0.0,0.0
24.675,FLIGHT,0.9192,1.5047,0.2005,0.2571,0.2019,0.2538,-0.0138,-0.1941,0.004,0.0204,1.0254,-0.0219,1.5611,0.000239,0.0,0.0
24.68,FLIGHT,0.9202,1.5059,0.2017,0.2535,0.2025,0.2503,-0.0137,-0.194,0.0047,0.0201,1.0256,-0.0225,1.5617,0.000239,0.0,0.0
24.685,FLIGHT,0.9212,1.5072,0.2023,0.25,0.2026,0.2468,-0.0137,-0.1939,0.0053,0.0198,1.0259,-0.0231,1.5624,0.000239,0.0001,0.0
24.69,FLIGHT,0.9222,1.5084,0.2024,0.2465,0.2023,0.2434,-0.0137,-0.1938,0.0058,0.0195,1.0261,-0.0236,1.5629,0.000239,0.0001,0.0
24.695,FLIGHT,0.9232,1.5096,0.202,0.2431,0.2015,0.2401,-0.0136,-0.1937,0.0061,0.0192,1.0264,-0.0241,1.5635,0.00024,0.0001,0.0
24.7,FLIGHT,0.9242,1.5108,0.2013,0.2397,0.2005,0.2367,-0.0136,-0.1936,0.0064,0.0189,1.0266,-0.0246,1.5641,0.00024,0.0001,0.0
24.705,FLIGHT,0.9252,1.512,0.2002,0.2364,0.1992,0.2334,-0.0136,-0.1935,0.0067,0.0186,1.0267,-0.0251,1.5646,0.00024,0.0,0.0
24.71,FLIGHT,0.9262,1.5131,0.1989,0.2331,0.1976,0.2301,-0.0135,-0.1934,0.0068,0.0183,1.0269,-0.0256,1.5651,0.00024,0.0,0.0
24.715,FLIGHT,0.9272,1.5143,0.1974,0.2298,0.1959,0.2268,-0.0135,-0.1933,0.007,0.0181,1.027,-0.0261,1.5656,0.000241,0.0,0.0
24.72,FLIGHT,0.9282,1.5154,0.1956,0.2265,0.194,0.2236,-0.0135,-0.1932,0.0071,0.0178,1.0271,-0.0266,1.5662,0.000241,0.0,0.0
24.725,FLIGHT,0.9292,1.5165,0.1937,0.2233,0.192,0.2203,-0.0134,-0.1932,0.0071,0.0176,1.0272,-0.027,1.5666,0.000241,0.0,0.0
24.73,FLIGHT,0.9301,1.5176,0.1917,0.22,0.1899,0.2171,-0.0134,-0.1931,0.0072,0.0173,1.0272,-0.0274,1.5671,0.000241,-0.0,0.0
24.735,FLIGHT,0.9311,1.5187,0.1896,0.2168,0.1877,0.2139,-0.0134,-0.193,0.0072,0.0171,1.0273,-0.0279,1.5676,0.000241,-0.0,0.0
24.74,FLIGHT,0.932,1.5197,0.1874,0.2136,0.1855,0.2107,-0.0133,-0.1929,0.0072,0.0168,1.0273,-0.0283,1.5681,0.000241,-0.0,0.0
24.745,FLIGHT,0.9329,1.5208,0.1852,0.2104,0.1832,0.2076,-0.0133,-0.1928,0.0072,0.0166,1.0273,-0.0287,1.5685,0.000241,-0.0,0.0
24.75,FLIGHT,0.9338,1.5218,0.1829,0.2072,0.1809,0.2044,-0.0133,-0.1927,0.0071,0.0163,1.0272,-0.0291,1.569,0.000241,-0.0,0.0
24.755,FLIGHT,0.9347,1.5228,0.1806,0.2041,0.1785,0.2013,-0.0132,-0.1927,0.0071,0.0161,1.0272,-0.0295,1.5694,0.00024,-0.0,0.0
24.76,FLIGHT,0.9356,1.5238,0.1783,0.201,0.1762,0.1982,-0.0132,-0.1926,0.0071,0.0158,1.0271,-0.0299,1.5698,0.00024,-0.0,0.0
24.765,FLIGHT,0.9365,1.5248,0.1759,0.1979,0.1738,0.1951,-0.0131,-0.1925,0.007,0.0156,1.027,-0.0302,1.5702,0.00024,-0.0,0.0
24.77,FLIGHT,0.9373,1.5258,0.1735,0.1948,0.1714,0.1921,-0.0131,-0.1924,0.007,0.0154,1.0269,-0.0306,1.5706,0.00024,-0.0001,0.0
24.775,FLIGHT,0.9382,1.5267,0.1712,0.1918,0.1691,0.189,-0.0131,-0.1923,0.0069,0.0151,1.0267,-0.031,1.5711,0.000239,-0.0001,0.0
24.78,FLIGHT,0.939,1.5277,0.1688,0.1887,0.1667,0.1861,-0.013,-0.1923,0.0069,0.0149,1.0266,-0.0313,1.5714,0.000239,-0.0001,0.0
24.785,FLIGHT,0.9399,1.5286,0.1665,0.1858,0.1644,0.1831,-0.013,-0.1922,0.0068,0.0147,1.0264,-0.0317,1.5718,0.000239,-0.0001,0.0
24.79,FLIGHT,0.9407,1.5295,0.1642,0.1828,0.1621,0.1802,-0.013,-0.1921,0.0068,0.0144,1.0262,-0.032,1.5722,0.000238,-0.0001,0.0
24.795,FLIGHT,0.9415,1.5304,0.1619,0.1799,0.1598,0.1773,-0.0129,-0.1921,0.0067,0.0142,1.026,-0.0323,1.5726,0.000238,-0.0001,0.0
24.8,FLIGHT,0.9423,1.5313,0.1596,0.177,0.1576,0.1745,-0.0129,-0.192,0.0066,0.014,1.0257,-0.0327,1.573,0.000238,-0.0001,0.0
24.805,FLIGHT,0.9431,1.5321,0.1573,0.1742,0.1553,0.1717,-0.0129,-0.1919,0.0066,0.0138,1.0255,-0.033,1.5733,0.000238,-0.0001,0.0
24.81,FLIGHT,0.9438,1.533,0.1551,0.1714,0.1531,0.1689,-0.0128,-0.1919,0.0065,0.0135,1.0252,-0.0333,1.5737,0.000237,-0.0001,0.0
24.815,FLIGHT,0.9446,1.5338,0.1529,0.1686,0.1509,0.1662,-0.0128,-0.1918,0.0065,0.0133,1.0249,-0.0336,1.574,0.000237,-0.0001,0.0
24.82,FLIGHT,0.9453,1.5347,0.1507,0.1659,0.1488,0.1635,-0.0128,-0.1917,0.0064,0.0131,1.0245,-0.0339,1.5744,0.000237,-0.0001,0.0
24.825,FLIGHT,0.9461,1.5355,0.1485,0.1632,0.1466,0.1608,-0.0127,-0.1917,0.0064,0.0129,1.0242,-0.0342,1.5747,0.000236,-0.0001,0.0
24.83,FLIGHT,0.9468,1.5363,0.1464,0.1605,0.1445,0.1582,-0.0127,-0.1916,0.0063,0.0127,1.0238,-0.0346,1.5751,0.000236,-0.0001,0.0
24.835,FLIGHT,0.9475,1.537,0.1443,0.1579,0.1424,0.1556,-0.0127,-0.1915,0.0062,0.0125,1.0234,-0.0348,1.5754,0.000236,-0.0001,0.0
24.84,FLIGHT,0.9482,1.5378,0.1422,0.1554,0.1404,0.1531,-0.0127,-0.1915,0.0062,0.0123,1.023,-0.0351,1.5757,0.000235,-0.0001,0.0
24.845,FLIGHT,0.9489,1.5386,0.1402,0.1528,0.1383,0.1506,-0.0126,-0.1914,0.0061,0.0121,1.0226,-0.0354,1.576,0.000235,-0.0001,0.0
24.85,FLIGHT,0.9496,1.5393,0.1381,0.1503,0.1363,0.1481,-0.0126,-0.1914,0.0061,0.0119,1.0221,-0.0357,1.5764,0.000235,-0.0001,0.0
24.855,FLIGHT,0.9503,1.5401,0.1361,0.1479,0.1344,0.1457,-0.0126,-0.1913,0.006,0.0117,1.0217,-0.036,1.5767,0.000234,-0.0001,0.0
24.86,FLIGHT,0.951,1.5408,0.1342,0.1455,0.1324,0.1433,-0.0125,-0.1912,0.006,0.0115,1.0212,-0.0363,1.577,0.000234,-0.0001,0.0
24.865,FLIGHT,0.9516,1.5415,0.1322,0.1431,0.1305,0.141,-0.0125,-0.1912,0.0059,0.0113,1.0207,-0.0366,1.5773,0.000234,-0.0001,0.0
24.87,FLIGHT,0.9523,1.5422,0.1303,0.1408,0.1286,0.1387,-0.0125,-0.1911,0.0058,0.0111,1.0202,-0.0368,1.5776,0.000233,-0.0001,0.0
24.875,FLIGHT,0.9529,1.5429,0.1284,0.1385,0.1267,0.1364,-0.0124,-0.1911,0.0058,0.011,1.0196,-0.0371,1.5779,0.000233,-0.0001,0.0
24.88,FLIGHT,0.9535,1.5436,0.1265,0.1362,0.1249,0.1342,-0.0124,-0.191,0.0057,0.0108,1.0191,-0.0374,1.5782,0.000233,-0.0001,0.0
24.885,FLIGHT,0.9541,1.5442,0.1247,0.134,0.123,0.132,-0.0124,-0.191,0.0057,0.0106,1.0185,-0.0376,1.5785,0.000232,-0.0001,0.0
24.89,FLIGHT,0.9548,1.5449,0.1229,0.1318,0.1212,0.1298,-0.0124,-0.1909,0.0056,0.0104,1.0179,-0.0379,1.5787,0.000232,-0.0001,0.0
24.895,FLIGHT,0.9554,1.5455,0.1211,0.1296,0.1195,0.1277,-0.0123,-0.1909,0.0055,0.0103,1.0173,-0.0382,1.579,0.000232,-0.0001,0.0
24.9,FLIGHT,0.956,1.5462,0.1193,0.1275,0.1177,0.1257,-0.0123,-0.1908,0.0055,0.0101,1.0167,-0.0384,1.5793,0.000232,-0.0001,0.0
24.905,FLIGHT,0.9565,1.5468,0.1175,0.1255,0.116,0.1236,-0.0123,-0.1908,0.0054,0.0099,1.016,-0.0387,1.5796,0.000231,-0.0001,0.0
24.91,FLIGHT,0.9571,1.5474,0.1158,0.1234,0.1143,0.1216,-0.0123,-0.1907,0.0054,0.0098,1.0153,-0.0389,1.5798,0.000231,-0.0001,0.0
24.915,FLIGHT,0.9577,1.548,0.1141,0.1214,0.1126,0.1196,-0.0122,-0.1907,0.0053,0.0096,1.0147,-0.0392,1.5801,0.000231,-0.0001,0.0
24.92,FLIGHT,0.9582,1.5486,0.1124,0.1194,0.1109,0.1177,-0.0122,-0.1906,0.0053,0.0095,1.014,-0.0394,1.5804,0.000231,-0.0001,0.0
24.925,FLIGHT,0.9588,1.5492,0.1107,0.1175,0.1093,0.1158,-0.0122,-0.1906,0.0052,0.0093,1.0132,-0.0397,1.5806,0.00023,-0.0,0.0
24.93,FLIGHT,0.9593,1.5497,0.1091,0.1156,0.1076,0.1139,-0.0121,-0.1905,0.0051,0.0092,1.0125,-0.0399,1.5809,0.00023,-0.0,0.0
24.935,FLIGHT,0.9599,1.5503,0.1075,0.1137,0.106,0.1121,-0.0121,-0.1905,0.0051,0.009,1.0118,-0.0401,1.5811,0.00023,-0.0,0.0
24.94,FLIGHT,0.9604,1.5509,0.1059,0.1119,0.1044,0.1103,-0.0121,-0.1904,0.005,0.0089,1.011,-0.0404,1.5814,0.00023,-0.0,0.0
24.945,FLIGHT,0.9609,1.5514,0.1043,0.1101,0.1029,0.1085,-0.0121,-0.1904,0.0049,0.0087,1.0102,-0.0406,1.5816,0.000229,-0.0,0.0
24.95,FLIGHT,0.9614,1.552,0.1027,0.1083,0.1013,0.1068,-0.012,-0.1904,0.0049,0.0086,1.0094,-0.0408,1.5818,0.000229,-0.0,0.0
24.955,FLIGHT,0.9619,1.5525,0.1012,0.1066,0.0998,0.1051,-0.012,-0.1903,0.0048,0.0085,1.0086,-0.0411,1.5821,0.000229,-0.0,0.0
24.96,FLIGHT,0.9624,1.553,0.0996,0.1049,0.0983,0.1034,-0.012,-0.1903,0.0048,0.0083,1.0077,-0.0413,1.5823,0.000229,-0.0,0.0
24.965,FLIGHT,0.9629,1.5535,0.0981,0.1032,0.0968,0.1017,-0.012,-0.1902,0.0047,0.0082,1.0069,-0.0415,1.5825,0.000229,-0.0,0.0
24.97,FLIGHT,0.9634,1.554,0.0966,0.1016,0.0953,0.1001,-0.012,-0.1902,0.0046,0.0081,1.006,-0.0417,1.5828,0.000228,-0.0,0.0
24.975,FLIGHT,0.9639,1.5545,0.0951,0.1,0.0938,0.0985,-0.0119,-0.1902,0.0046,0.0079,1.0052,-0.042,1.583,0.000228,-0.0,0.0
24.98,FLIGHT,0.9643,1.555,0.0937,0.0984,0.0924,0.097,-0.0119,-0.1901,0.0045,0.0078,1.0043,-0.0422,1.5832,0.000228,-0.0,0.0
24.985,FLIGHT,0.9648,1.5555,0.0922,0.0968,0.0909,0.0954,-0.0119,-0.1901,0.0044,0.0077,1.0034,-0.0424,1.5834,0.000228,-0.0,0.0
24.99,FLIGHT,0.9652,1.556,0.0908,0.0953,0.0895,0.0939,-0.0119,-0.19,0.0044,0.0076,1.0024,-0.0426,1.5837,0.000228,-0.0,0.0
24.995,FLIGHT,0.9657,1.5564,0.0894,0.0938,0.0881,0.0924,-0.0118,-0.19,0.0043,0.0075,1.0015,-0.0428,1.5839,0.000227,-0.0,0.0
25.0,FLIGHT,0.9661,1.5569,0.088,0.0923,0.0868,0.091,-0.0118,-0.19,0.0042,0.0073,1.0005,-0.043,1.5841,0.000227,-0.0,0.0
25.005,STANCE,0.967,1.5578,0.1673,0.1632,0.4501,0.2268,-0.0118,-0.1899,0.0097,0.0128,0.9997,0.1424,-0.2565,-0.000138,-0.2272,0.0456
25.01,STANCE,0.9713,1.5571,0.6848,-0.0862,1.239,-0.558,-0.0109,-0.19,0.1418,-0.0152,0.9989,-0.1974,-0.7613,-0.00168,-0.3553,0.0727
25.015,STANCE,0.9788,1.5519,1.2608,-0.7935,1.608,-1.6678,-0.0087,-0.1905,0.3489,-0.0811,0.998,-0.7337,-1.0356,-0.003482,-0.3216,0.0678
25.02,STANCE,0.9826,1.5479,0.831,-0.7098,0.2181,-0.2273,-0.0075,-0.1909,0.2564,-0.0682,0.9977,-0.9172,-1.5405,-0.004216,-0.027,0.0096
25.025,STANCE,0.9835,1.5467,0.4069,-0.4001,0.2874,-0.4016,-0.0071,-0.191,0.1329,-0.0377,0.998,-1.0599,-2.0274,-0.004115,0.053,0.0041
25.03,STANCE,0.9854,1.5419,0.3826,-0.8798,0.1928,-2.1204,-0.0061,-0.1915,0.195,-0.0781,0.9981,-1.3271,-1.9939,-0.003661,0.1861,0.0037
25.035,STANCE,0.9883,1.5327,0.5454,-1.5086,0.8665,-1.8974,-0.0043,-0.1923,0.3152,-0.1297,0.9982,-1.6064,-1.671,-0.003419,-0.2163,0.0467
25.04,STANCE,0.9912,1.5192,0.5383,-2.3951,0.5139,-2.7828,-0.0018,-0.1934,0.4414,-0.1977,0.9979,-1.7149,-1.036,-0.004382,-0.1427,0.0329
25.045,STANCE,0.9938,1.5065,0.4842,-2.5289,0.0741,-3.1011,0.0005,-0.1944,0.4534,-0.202,0.9979,-1.6391,-0.5839,-0.004953,0.0034,0.005
25.05,STANCE,0.9944,1.4921,0.22,-2.7682,-0.1026,-3.0342,0.0027,-0.1956,0.4395,-0.2149,0.9979,-1.3157,-0.0109,-0.004925,0.0615,0.0049
25.055,STANCE,0.9939,1.4779,-0.0062,-2.8272,-0.0808,-2.6825,0.0046,-0.1967,0.4067,-0.2145,0.9978,-0.8743,0.5021,-0.004606,0.0178,0.0046
25.06,STANCE,0.9927,1.4642,-0.1929,-2.7817,-0.4023,-2.7915,0.0064,-0.1977,0.3658,-0.2072,0.9978,-0.3818,0.9259,-0.004779,-0.0343,0.0116
25.065,STANCE,0.9907,1.4508,-0.3338,-2.6975,-0.421,-2.6047,0.0079,-0.1987,0.3277,-0.1979,0.9978,0.0586,1.2303,-0.005303,-0.0788,0.0211
25.07,STANCE,0.9889,1.4384,-0.3419,-2.5329,-0.268,-2.332,0.0094,-0.1996,0.3036,-0.1826,0.998,0.2753,1.3395,-0.005624,-0.0558,0.0168
25.075,STANCE,0.9881,1.4275,-0.1992,-2.2803,-0.0389,-2.0482,0.0108,-0.2004,0.2965,-0.1603,0.9982,0.2274,1.2703,-0.005884,-0.0468,0.0152
25.08,STANCE,0.9884,1.4178,-0.021,-2.0446,0.1287,-1.8605,0.0123,-0.201,0.2988,-0.139,0.9986,0.1554,1.2003,-0.006074,-0.0278,0.0116
25.085,STANCE,0.9893,1.4088,0.1237,-1.8731,0.2315,-1.7487,0.0138,-0.2016,0.3038,-0.1227,0.999,0.0952,1.1542,-0.006149,-0.001,0.0064
25.09,STANCE,0.9906,1.4002,0.2201,-1.7607,0.2861,-1.6807,0.0154,-0.2022,0.3078,-0.1109,0.9995,0.0534,1.1307,-0.006079,0.0287,0.0061
25.095,STANCE,0.9921,1.392,0.2751,-1.687,0.3096,-1.6322,0.0169,-0.2027,0.3091,-0.1024,0.9999,0.0277,1.1219,-0.005863,0.0575,0.0059
25.1,STANCE,0.9937,1.3839,0.3013,-1.6332,0.3155,-1.5898,0.0184,-0.2031,0.3074,-0.0957,1.0003,0.0133,1.1205,-0.00551,0.083,0.0055
25.105,STANCE,0.9953,1.3761,0.31,-1.5873,0.3126,-1.5477,0.0199,-0.2036,0.3033,-0.09,1.0008,0.0058,1.1217,-0.00504,0.1043,0.005
25.11,FLIGHT,0.9959,1.3696,0.1538,-1.3282,-0.2657,-0.7166,0.0211,-0.204,0.2329,-0.0758,1.0013,-1.3168,2.5354,-0.004423,0.1542,0.0044
25.115,FLIGHT,0.9925,1.369,-0.4634,-0.4532,-1.0753,0.4025,0.0205,-0.2041,-0.0259,-0.0366,1.0021,-1.093,2.3533,-0.003511,0.2063,0.0035
25.12,FLIGHT,0.9857,1.373,-1.1007,0.4387,-1.6034,1.1474,0.0185,-0.204,-0.2907,0.0067,1.0032,-0.804,2.123,-0.002408,0.2306,0.0024
25.125,FLIGHT,0.9769,1.3799,-1.5549,1.0936,-1.8622,1.5548,0.0156,-0.2037,-0.4807,0.0456,1.0043,-0.5486,1.9214,-0.001243,0.232,0.0012
25.13,FLIGHT,0.9674,1.3881,-1.7928,1.4781,-1.9177,1.7136,0.0125,-0.2033,-0.5844,0.0761,1.0055,-0.3561,1.7708,-0.000113,0.2184,0.0001
25.135,FLIGHT,0.958,1.3968,-1.8502,1.6436,-1.8368,1.7148,0.0093,-0.2028,-0.6178,0.0967,1.0067,-0.2252,1.6697,0.000798,0.1387,0.0
25.14,FLIGHT,0.9491,1.4051,-1.7834,1.6596,-1.685,1.6258,0.0063,-0.2023,-0.6036,0.108,1.0078,-0.1418,1.607,0.001316,0.073,0.0
25.145,FLIGHT,0.9412,1.413,-1.6458,1.586,-1.5031,1.4943,0.0035,-0.2017,-0.5623,0.1117,1.009,-0.091,1.5705,0.001566,0.0299,0.0
25.15,FLIGHT,0.9341,1.4201,-1.4749,1.4672,-1.3149,1.3503,0.0011,-0.2012,-0.5083,0.1101,1.01,-0.0609,1.5508,0.001641,0.0025,0.0
25.155,FLIGHT,0.928,1.4265,-1.2947,1.3324,-1.1341,1.2102,-0.0011,-0.2007,-0.4507,0.1053,1.011,-0.0435,1.541,0.001609,-0.014,0.0028
25.16,FLIGHT,0.9228,1.4322,-1.1194,1.1985,-0.9671,1.0822,-0.003,-0.2003,-0.3947,0.0986,1.012,-0.0332,1.5368,0.001513,-0.0232,0.0046
25.165,FLIGHT,0.9183,1.4373,-0.956,1.0745,-0.8163,0.9691,-0.0046,-0.1998,-0.3431,0.0913,1.0128,-0.027,1.5356,0.001385,-0.0275,0.0055
25.17,FLIGHT,0.9146,1.4419,-0.8077,0.9638,-0.6819,0.8712,-0.006,-0.1994,-0.2969,0.0839,1.0137,-0.023,1.5357,0.001243,-0.0287,0.0057
25.175,FLIGHT,0.9115,1.446,-0.6749,0.8674,-0.5629,0.7872,-0.0072,-0.1991,-0.256,0.0769,1.0145,-0.0202,1.5365,0.001101,-0.028,0.0056
25.18,FLIGHT,0.9089,1.4498,-0.5571,0.7844,-0.458,0.7157,-0.0082,-0.1987,-0.2203,0.0704,1.0153,-0.0181,1.5375,0.000965,-0.0261,0.0052
25.185,FLIGHT,0.9069,1.4532,-0.453,0.7134,-0.3656,0.6548,-0.0091,-0.1984,-0.1893,0.0645,1.016,-0.0164,1.5386,0.000841,-0.0236,0.0047
25.19,FLIGHT,0.9052,1.4564,-0.3614,0.6529,-0.2845,0.6029,-0.0099,-0.1982,-0.1623,0.0593,1.0167,-0.0151,1.5397,0.00073,-0.0208,0.0042
25.195,FLIGHT,0.904,1.4593,-0.2808,0.6013,-0.2132,0.5588,-0.0105,-0.1979,-0.1389,0.0546,1.0173,-0.014,1.5407,0.000633,-0.018,0.0036
25.2,FLIGHT,0.9031,1.462,-0.21,0.5574,-0.1507,0.5211,-0.0111,-0.1977,-0.1186,0.0505,1.0179,-0.0132,1.5417,0.00055,-0.0151,0.003
25.205,FLIGHT,0.9025,1.4645,-0.148,0.5199,-0.096,0.4889,-0.0115,-0.1974,-0.1009,0.0469,1.0185,-0.0127,1.5427,0.000481,-0.0125,0.0025
25.21,FLIGHT,0.9021,1.4669,-0.0936,0.4878,-0.0481,0.4613,-0.0119,-0.1972,-0.0856,0.0437,1.0191,-0.0123,1.5437,0.000424,-0.0101,0.002
25.215,FLIGHT,0.902,1.4691,-0.0461,0.4604,-0.0064,0.4376,-0.0123,-0.197,-0.0724,0.0409,1.0196,-0.0121,1.5446,0.000379,-0.0081,0.0016
25.22,FLIGHT,0.902,1.4712,-0.0047,0.4367,0.0299,0.4171,-0.0125,-0.1968,-0.0609,0.0384,1.0201,-0.0121,1.5456,0.000343,-0.0063,0.0013
25.225,FLIGHT,0.9023,1.4733,0.0314,0.4164,0.0614,0.3995,-0.0128,-0.1967,-0.0509,0.0363,1.0206,-0.0123,1.5466,0.000315,-0.0049,0.001
25.23,FLIGHT,0.9027,1.4752,0.0626,0.3988,0.0886,0.3842,-0.013,-0.1965,-0.0423,0.0344,1.021,-0.0125,1.5475,0.000293,-0.0037,0.0007
25.235,FLIGHT,0.9032,1.4771,0.0896,0.3835,0.112,0.3708,-0.0131,-0.1963,-0.0349,0.0328,1.0215,-0.0128,1.5484,0.000277,-0.0028,0.0006
25.24,FLIGHT,0.9038,1.4789,0.1128,0.3702,0.1321,0.3591,-0.0133,-0.1962,-0.0285,0.0313,1.0219,-0.0133,1.5493,0.000265,-0.0021,0.0004
25.245,FLIGHT,0.9045,1.4807,0.1327,0.3586,0.1492,0.3488,-0.0134,-0.196,-0.023,0.0301,1.0222,-0.0137,1.5502,0.000256,-0.0015,0.0003
25.25,FLIGHT,0.9053,1.4824,0.1497,0.3483,0.1637,0.3396,-0.0134,-0.1959,-0.0183,0.029,1.0226,-0.0142,1.5511,0.00025,-0.001,0.0002
25.255,FLIGHT,0.9061,1.4841,0.164,0.3391,0.1758,0.3314,-0.0135,-0.1957,-0.0142,0.028,1.0229,-0.0148,1.552,0.000245,-0.0007,0.0001
25.26,FLIGHT,0.907,1.4858,0.1761,0.3309,0.186,0.3239,-0.0135,-0.1956,-0.0107,0.0271,1.0232,-0.0154,1.5528,0.000243,-0.0004,0.0001
25.265,FLIGHT,0.908,1.4874,0.1861,0.3235,0.1943,0.3172,-0.0136,-0.1955,-0.0077,0.0263,1.0235,-0.0159,1.5536,0.000241,-0.0003,0.0001
25.27,FLIGHT,0.909,1.4889,0.1944,0.3168,0.2011,0.311,-0.0136,-0.1954,-0.0052,0.0257,1.0237,-0.0165,1.5544,0.00024,-0.0001,0.0
25.275,FLIGHT,0.91,1.4905,0.2011,0.3106,0.2065,0.3052,-0.0136,-0.1952,-0.0031,0.025,1.024,-0.0172,1.5552,0.00024,-0.0,0.0
25.28,FLIGHT,0.911,1.492,0.2065,0.3048,0.2108,0.2999,-0.0136,-0.1951,-0.0012,0.0245,1.0242,-0.0178,1.5559,0.00024,0.0,0.0
25.285,FLIGHT,0.9121,1.4935,0.2107,0.2995,0.214,0.2948,-0.0136,-0.195,0.0003,0.0239,1.0244,-0.0184,1.5567,0.00024,0.0001,0.0
25.29,FLIGHT,0.9132,1.4949,0.2139,0.2944,0.2163,0.29,-0.0136,-0.1949,0.0016,0.0235,1.0245,-0.019,1.5574,0.000241,0.0001,0.0
25.295,FLIGHT,0.9142,1.4964,0.2162,0.2896,0.2178,0.2854,-0.0136,-0.1948,0.0027,0.023,1.0247,-0.0195,1.5581,0.000241,0.0001,0.0
25.3,FLIGHT,0.9153,1.4978,0.2177,0.285,0.2187,0.2809,-0.0136,-0.1947,0.0036,0.0226,1.0248,-0.0201,1.5587,0.000242,0.0001,0.0
25.305,FLIGHT,0.9164,1.4992,0.2185,0.2806,0.219,0.2766,-0.0135,-0.1945,0.0043,0.0222,1.0249,-0.0207,1.5594,0.000243,0.0001,0.0
25.31,FLIGHT,0.9175,1.5005,0.2188,0.2763,0.2188,0.2725,-0.0135,-0.1944,0.0049,0.0218,1.025,-0.0213,1.5601,0.000243,0.0001,0.0
25.315,FLIGHT,0.9186,1.5019,0.2186,0.2721,0.2182,0.2684,-0.0135,-0.1943,0.0055,0.0215,1.025,-0.0218,1.5607,0.000244,0.0001,0.0
25.32,FLIGHT,0.9197,1.5032,0.2179,0.268,0.2172,0.2644,-0.0135,-0.1942,0.0059,0.0211,1.025,-0.0223,1.5613,0.000244,0.0001,0.0
25.325,FLIGHT,0.9208,1.5045,0.2169,0.264,0.2159,0.2605,-0.0134,-0.1941,0.0062,0.0208,1.025,-0.0229,1.5619,0.000245,0.0001,0.0
25.33,FLIGHT,0.9219,1.5058,0.2156,0.2601,0.2143,0.2566,-0.0134,-0.194,0.0065,0.0205,1.025,-0.0234,1.5625,0.000245,0.0001,0.0
25.335,FLIGHT,0.9229,1.5071,0.2141,0.2562,0.2126,0.2528,-0.0134,-0.1939,0.0067,0.0202,1.025,-0.0239,1.5631,0.000245,0.0,0.0
25.34,FLIGHT,0.924,1.5084,0.2123,0.2524,0.2106,0.249,-0.0133,-0.1938,0.0068,0.0199,1.0249,-0.0244,1.5636,0.000245,0.0,0.0
25.345,FLIGHT,0.925,1.5096,0.2103,0.2486,0.2085,0.2453,-0.0133,-0.1937,0.0069,0.0196,1.0248,-0.0249,1.5642,0.000245,0.0,0.0
25.35,FLIGHT,0.9261,1.5108,0.2082,0.2449,0.2063,0.2416,-0.0133,-0.1936,0.007,0.0193,1.0247,-0.0253,1.5647,0.000245,-0.0,0.0
25.355,FLIGHT,0.9271,1.512,0.206,0.2412,0.204,0.2379,-0.0132,-0.1935,0.0071,0.019,1.0246,-0.0258,1.5652,0.000245,-0.0,0.0
25.36,FLIGHT,0.9281,1.5132,0.2037,0.2376,0.2016,0.2343,-0.0132,-0.1934,0.0071,0.0187,1.0245,-0.0263,1.5657,0.000245,-0.0,0.0
25.365,FLIGHT,0.9291,1.5144,0.2013,0.2339,0.1991,0.2307,-0.0131,-0.1933,0.0071,0.0184,1.0243,-0.0267,1.5663,0.000245,-0.0,0.0
25.37,FLIGHT,0.9301,1.5155,0.1989,0.2304,0.1966,0.2272,-0.0131,-0.1933,0.0071,0.0181,1.0241,-0.0271,1.5667,0.000245,-0.0,0.0
25.375,FLIGHT,0.9311,1.5166,0.1964,0.2268,0.1941,0.2237,-0.0131,-0.1932,0.0071,0.0179,1.0239,-0.0276,1.5672,0.000245,-0.0,0.0
25.38,FLIGHT,0.932,1.5177,0.1938,0.2233,0.1916,0.2202,-0.013,-0.1931,0.0071,0.0176,1.0237,-0.028,1.5677,0.000244,-0.0001,0.0
25.385,FLIGHT,0.933,1.5188,0.1913,0.2199,0.189,0.2168,-0.013,-0.193,0.0071,0.0173,1.0234,-0.0284,1.5682,0.000244,-0.0001,0.0
25.39,FLIGHT,0.9339,1.5199,0.1887,0.2164,0.1864,0.2134,-0.013,-0.1929,0.007,0.0171,1.0232,-0.0288,1.5686,0.000244,-0.0001,0.0
25.395,FLIGHT,0.9349,1.521,0.1861,0.213,0.1838,0.21,-0.0129,-0.1928,0.007,0.0168,1.0229,-0.0292,1.5691,0.000244,-0.0001,0.0
25.4,FLIGHT,0.9358,1.522,0.1836,0.2097,0.1813,0.2067,-0.0129,-0.1927,0.0069,0.0165,1.0226,-0.0296,1.5695,0.000243,-0.0001,0.0
25.405,FLIGHT,0.9367,1.523,0.181,0.2064,0.1787,0.2034,-0.0129,-0.1927,0.0069,0.0163,1.0222,-0.03,1.57,0.000243,-0.0001,0.0
25.41,FLIGHT,0.9376,1.524,0.1785,0.2031,0.1762,0.2002,-0.0128,-0.1926,0.0068,0.016,1.0219,-0.0304,1.5704,0.000243,-0.0001,0.0
25.415,FLIGHT,0.9384,1.525,0.1759,0.1999,0.1737,0.197,-0.0128,-0.1925,0.0067,0.0158,1.0215,-0.0307,1.5708,0.000242,-0.0001,0.0
25.42,FLIGHT,0.9393,1.526,0.1734,0.1967,0.1712,0.1939,-0.0128,-0.1924,0.0067,0.0155,1.0211,-0.0311,1.5712,0.000242,-0.0001,0.0
25.425,FLIGHT,0.9401,1.527,0.1709,0.1935,0.1687,0.1907,-0.0127,-0.1924,0.0066,0.0153,1.0207,-0.0315,1.5716,0.000242,-0.0001,0.0
25.43,FLIGHT,0.941,1.5279,0.1684,0.1904,0.1662,0.1877,-0.0127,-0.1923,0.0065,0.0151,1.0203,-0.0318,1.572,0.000241,-0.0001,0.0
25.435,FLIGHT,0.9418,1.5288,0.166,0.1874,0.1638,0.1846,-0.0127,-0.1922,0.0065,0.0148,1.0198,-0.0322,1.5724,0.000241,-0.0001,0.0
25.44,FLIGHT,0.9426,1.5298,0.1636,0.1844,0.1614,0.1817,-0.0126,-0.1921,0.0064,0.0146,1.0194,-0.0325,1.5728,0.00024,-0.0001,0.0
25.445,FLIGHT,0.9434,1.5307,0.1611,0.1814,0.159,0.1787,-0.0126,-0.1921,0.0063,0.0144,1.0189,-0.0329,1.5732,0.00024,-0.0001,0.0
25.45,FLIGHT,0.9442,1.5316,0.1588,0.1784,0.1567,0.1758,-0.0126,-0.192,0.0063,0.0141,1.0184,-0.0332,1.5736,0.00024,-0.0001,0.0
25.455,FLIGHT,0.945,1.5324,0.1564,0.1756,0.1543,0.173,-0.0125,-0.1919,0.0062,0.0139,1.0179,-0.0335,1.5739,0.000239,-0.0001,0.0
25.46,FLIGHT,0.9458,1.5333,0.1541,0.1727,0.1521,0.1702,-0.0125,-0.1919,0.0061,0.0137,1.0173,-0.0339,1.5743,0.000239,-0.0001,0.0
25.465,FLIGHT,0.9465,1.5341,0.1518,0.1699,0.1498,0.1674,-0.0125,-0.1918,0.0061,0.0135,1.0168,-0.0342,1.5747,0.000239,-0.0001,0.0
25.47,FLIGHT,0.9472,1.535,0.1496,0.1671,0.1476,0.1647,-0.0125,-0.1917,0.006,0.0132,1.0162,-0.0345,1.575,0.000238,-0.0001,0.0
25.475,FLIGHT,0.948,1.5358,0.1473,0.1644,0.1453,0.162,-0.0124,-0.1917,0.0059,0.013,1.0156,-0.0348,1.5754,0.000238,-0.0001,0.0
25.48,FLIGHT,0.9487,1.5366,0.1451,0.1617,0.1432,0.1594,-0.0124,-0.1916,0.0059,0.0128,1.015,-0.0351,1.5757,0.000237,-0.0001,0.0
25.485,FLIGHT,0.9494,1.5374,0.1429,0.1591,0.141,0.1568,-0.0124,-0.1915,0.0058,0.0126,1.0143,-0.0354,1.5761,0.000237,-0.0001,0.0
25.49,FLIGHT,0.9501,1.5381,0.1408,0.1565,0.1389,0.1542,-0.0123,-0.1915,0.0057,0.0124,1.0137,-0.0358,1.5764,0.000237,-0.0001,0.0
25.495,FLIGHT,0.9508,1.5389,0.1387,0.154,0.1368,0.1517,-0.0123,-0.1914,0.0057,0.0122,1.013,-0.0361,1.5767,0.000236,-0.0001,0.0
25.5,FLIGHT,0.9515,1.5397,0.1366,0.1515,0.1347,0.1493,-0.0123,-0.1913,0.0056,0.012,1.0123,-0.0364,1.577,0.000236,-0.0001,0.0
25.505,FLIGHT,0.9521,1.5404,0.1345,0.149,0.1327,0.1468,-0.0123,-0.1913,0.0055,0.0118,1.0116,-0.0366,1.5774,0.000236,-0.0001,0.0
25.51,FLIGHT,0.9528,1.5411,0.1325,0.1466,0.1307,0.1444,-0.0122,-0.1912,0.0055,0.0116,1.0109,-0.0369,1.5777,0.000235,-0.0001,0.0
25.515,FLIGHT,0.9535,1.5418,0.1305,0.1442,0.1287,0.1421,-0.0122,-0.1912,0.0054,0.0115,1.0102,-0.0372,1.578,0.000235,-0.0001,0.0
25.52,FLIGHT,0.9541,1.5426,0.1285,0.1419,0.1267,0.1398,-0.0122,-0.1911,0.0053,0.0113,1.0094,-0.0375,1.5783,0.000235,-0.0001,0.0
25.525,FLIGHT,0.9547,1.5432,0.1265,0.1396,0.1248,0.1375,-0.0121,-0.1911,0.0052,0.0111,1.0087,-0.0378,1.5786,0.000235,-0.0001,0.0
25.53,FLIGHT,0.9553,1.5439,0.1246,0.1373,0.1228,0.1353,-0.0121,-0.191,0.0052,0.0109,1.0079,-0.0381,1.5789,0.000234,-0.0001,0.0
25.535,FLIGHT,0.956,1.5446,0.1226,0.1351,0.1209,0.1331,-0.0121,-0.191,0.0051,0.0107,1.0071,-0.0384,1.5792,0.000234,-0.0001,0.0
25.54,FLIGHT,0.9566,1.5453,0.1208,0.1329,0.1191,0.1309,-0.0121,-0.1909,0.005,0.0106,1.0063,-0.0386,1.5795,0.000234,-0.0001,0.0
25.545,FLIGHT,0.9571,1.5459,0.1189,0.1307,0.1172,0.1288,-0.012,-0.1909,0.005,0.0104,1.0054,-0.0389,1.5797,0.000233,-0.0001,0.0
25.55,FLIGHT,0.9577,1.5465,0.117,0.1286,0.1154,0.1267,-0.012,-0.1908,0.0049,0.0102,1.0046,-0.0392,1.58,0.000233,-0.0001,0.0
25.555,FLIGHT,0.9583,1.5472,0.1152,0.1265,0.1136,0.1247,-0.012,-0.1908,0.0048,0.0101,1.0037,-0.0394,1.5803,0.000233,-0.0001,0.0
25.56,FLIGHT,0.9589,1.5478,0.1134,0.1245,0.1118,0.1227,-0.012,-0.1907,0.0048,0.0099,1.0028,-0.0397,1.5806,0.000232,-0.0001,0.0
25.565,FLIGHT,0.9594,1.5484,0.1116,0.1225,0.1101,0.1207,-0.0119,-0.1907,0.0047,0.0098,1.0019,-0.0399,1.5808,0.000232,-0.0001,0.0
25.57,FLIGHT,0.96,1.549,0.1099,0.1205,0.1083,0.1188,-0.0119,-0.1906,0.0046,0.0096,1.001,-0.0402,1.5811,0.000232,-0.0001,0.0
25.575,STANCE,0.9605,1.5496,0.115,0.1278,0.1891,0.2267,-0.0119,-0.1906,0.0046,0.0102,1.0001,0.1706,0.0018,0.000195,-0.0868,0.0174
25.58,STANCE,0.9632,1.5503,0.4504,0.0917,0.9444,-0.2146,-0.0115,-0.1905,0.0734,0.0031,0.9994,-0.012,-0.5684,-0.000963,-0.3204,0.065
25.585,STANCE,0.9696,1.5469,1.0466,-0.471,1.5755,-1.1156,-0.0098,-0.1909,0.2641,-0.0522,0.9985,-0.4932,-0.9318,-0.002707,-0.3634,0.0754
25.59,STANCE,0.9771,1.5398,1.3096,-1.1132,0.8546,-0.9392,-0.0074,-0.1916,0.4044,-0.1065,0.9977,-0.9715,-1.159,-0.004229,-0.1666,0.0375
25.595,STANCE,0.979,1.5376,0.6398,-0.6162,0.1698,-0.2399,-0.0067,-0.1918,0.2079,-0.0575,0.9978,-1.046,-1.7621,-0.004501,0.017,0.0045
25.6,STANCE,0.9803,1.5354,0.4037,-0.5188,0.4225,-0.7077,-0.0062,-0.192,0.1494,-0.0471,0.998,-1.2421,-2.0513,-0.004258,0.0691,0.0043
25.605,STANCE,0.9821,1.5277,0.3867,-1.2474,0.6095,-1.6558,-0.0048,-0.1927,0.2483,-0.1074,0.998,-1.4748,-1.7804,-0.003699,0.0144,0.0037
25.61,STANCE,0.9851,1.5163,0.5081,-2.04,0.4917,-2.6449,-0.0026,-0.1936,0.3851,-0.1698,0.9979,-1.6786,-1.2653,-0.004148,-0.0575,0.0157
25.615,STANCE,0.9874,1.5036,0.4376,-2.4189,0.3292,-2.6789,-0.0004,-0.1947,0.4281,-0.1948,0.9979,-1.6562,-0.7641,-0.004268,-0.0089,0.006
25.62,STANCE,0.9885,1.49,0.2572,-2.6821,-0.0243,-3.0237,0.0018,-0.1957,0.4337,-0.2097,0.9978,-1.4265,-0.2102,-0.004544,-0.0884,0.0222
25.625,STANCE,0.9884,1.4757,0.0557,-2.787,-0.1894,-2.8931,0.0038,-0.1968,0.4124,-0.2126,0.9977,-1.0402,0.3196,-0.005074,-0.0524,0.0156
25.63,STANCE,0.9867,1.4612,-0.2103,-2.8608,-0.446,-2.9023,0.0056,-0.1979,0.3732,-0.2142,0.9976,-0.5293,0.8155,-0.005123,0.0269,0.0051
25.635,STANCE,0.9844,1.4472,-0.3902,-2.807,-0.5234,-2.7427,0.0072,-0.199,0.3318,-0.2071,0.9976,-0.0429,1.1791,-0.005379,-0.0322,0.0118
25.64,STANCE,0.982,1.4341,-0.448,-2.6653,-0.4088,-2.4701,0.0086,-0.2,0.3012,-0.1937,0.9977,0.2819,1.3689,-0.005469,-0.0119,0.0079
25.645,STANCE,0.9806,1.4227,-0.3175,-2.394,-0.1421,-2.1236,0.01,-0.2008,0.289,-0.1701,0.9979,0.2936,1.3279,-0.005543,-0.018,0.0091
25.65,STANCE,0.9804,1.4127,-0.1068,-2.1071,0.0799,-1.8757,0.0115,-0.2015,0.2904,-0.1451,0.9982,0.2096,1.2381,-0.005629,-0.0137,0.0084
25.655,STANCE,0.9812,1.4037,0.0793,-1.8891,0.2222,-1.7303,0.013,-0.2021,0.2969,-0.1252,0.9986,0.1332,1.1733,-0.005658,0.0038,0.0057
25.66,STANCE,0.9826,1.3953,0.2097,-1.7473,0.3011,-1.6484,0.0145,-0.2026,0.3034,-0.1112,0.9991,0.0777,1.1376,-0.005578,0.0286,0.0056
25.665,STANCE,0.9842,1.3872,0.2876,-1.6594,0.3379,-1.5973,0.016,-0.2031,0.3073,-0.1015,0.9995,0.0425,1.1228,-0.005369,0.055,0.0054
25.67,STANCE,0.9859,1.3793,0.3271,-1.6013,0.3498,-1.5568,0.0176,-0.2036,0.3077,-0.0943,1.0,0.0224,1.1192,-0.005031,0.0798,0.005
25.675,FLIGHT,0.9868,1.3728,0.19,-1.3447,-0.2115,-0.7447,0.0187,-0.204,0.2418,-0.079,1.0005,-1.2794,2.5074,-0.004527,0.1332,0.0045
25.68,FLIGHT,0.9837,1.372,-0.4077,-0.4866,-1.0036,0.3527,0.0182,-0.2041,-0.0098,-0.0375,1.0013,-1.0639,2.3313,-0.003712,0.1885,0.0037
25.685,FLIGHT,0.9772,1.3757,-1.0302,0.389,-1.5224,1.0855,0.0163,-0.2039,-0.2685,0.0078,1.0024,-0.7835,2.1074,-0.00269,0.2161,0.0027
25.69,FLIGHT,0.9689,1.3823,-1.476,1.0337,-1.7787,1.4889,0.0136,-0.2036,-0.4549,0.0476,1.0035,-0.5351,1.911,-0.00159,0.2208,0.0016
25.695,FLIGHT,0.9598,1.3902,-1.7116,1.4144,-1.8366,1.649,0.0106,-0.2032,-0.5574,0.078,1.0047,-0.3475,1.7642,-0.000508,0.2102,0.0005
25.7,FLIGHT,0.9507,1.3985,-1.772,1.5806,-1.7624,1.6541,0.0076,-0.2027,-0.5915,0.0982,1.0059,-0.2195,1.6655,0.000441,0.1528,0.0
25.705,FLIGHT,0.9423,1.4066,-1.71,1.6005,-1.6163,1.5712,0.0047,-0.2022,-0.579,0.1089,1.0071,-0.1381,1.6043,0.001025,0.085,0.0
25.71,FLIGHT,0.9346,1.4141,-1.5779,1.5325,-1.4405,1.4463,0.002,-0.2017,-0.5399,0.1121,1.0082,-0.0886,1.5689,0.001329,0.0397,0.0
25.715,FLIGHT,0.9279,1.421,-1.413,1.42,-1.2586,1.3087,-0.0003,-0.2011,-0.4881,0.1101,1.0092,-0.0594,1.5497,0.001449,0.0105,0.0
25.72,FLIGHT,0.922,1.4272,-1.239,1.2914,-1.0837,1.1747,-0.0024,-0.2007,-0.4328,0.1049,1.0102,-0.0425,1.5403,0.001453,-0.0075,0.0015
25.725,FLIGHT,0.917,1.4328,-1.0694,1.1634,-0.9222,1.052,-0.0042,-0.2002,-0.3791,0.098,1.0112,-0.0326,1.5363,0.001387,-0.0179,0.0036
25.73,FLIGHT,0.9128,1.4378,-0.9115,1.0445,-0.7764,0.9436,-0.0057,-0.1998,-0.3294,0.0906,1.0121,-0.0266,1.5352,0.001283,-0.0232,0.0046
25.735,FLIGHT,0.9092,1.4422,-0.7681,0.9385,-0.6466,0.8497,-0.0071,-0.1994,-0.2849,0.0832,1.0129,-0.0228,1.5354,0.001161,-0.0252,0.005
25.74,FLIGHT,0.9063,1.4463,-0.6399,0.8461,-0.5317,0.7692,-0.0082,-0.199,-0.2456,0.0762,1.0137,-0.0201,1.5363,0.001034,-0.0251,0.005
25.745,FLIGHT,0.9039,1.45,-0.5261,0.7665,-0.4304,0.7006,-0.0092,-0.1987,-0.2113,0.0697,1.0145,-0.0181,1.5373,0.000912,-0.0238,0.0048
25.75,FLIGHT,0.902,1.4533,-0.4256,0.6984,-0.3413,0.6422,-0.0101,-0.1984,-0.1814,0.0639,1.0152,-0.0165,1.5384,0.000798,-0.0217,0.0043
25.755,FLIGHT,0.9005,1.4564,-0.3372,0.6404,-0.263,0.5925,-0.0108,-0.1981,-0.1555,0.0587,1.0159,-0.0153,1.5394,0.000695,-0.0192,0.0038
25.76,FLIGHT,0.8993,1.4592,-0.2595,0.5909,-0.1943,0.5501,-0.0114,-0.1978,-0.133,0.0541,1.0165,-0.0143,1.5405,0.000605,-0.0166,0.0033
25.765,FLIGHT,0.8985,1.4619,-0.1912,0.5487,-0.134,0.5139,-0.012,-0.1976,-0.1134,0.0501,1.0172,-0.0135,1.5415,0.000529,-0.014,0.0028
25.77,FLIGHT,0.898,1.4644,-0.1314,0.5127,-0.0813,0.4829,-0.0124,-0.1974,-0.0965,0.0465,1.0178,-0.013,1.5425,0.000465,-0.0116,0.0023
25.775,FLIGHT,0.8977,1.4667,-0.079,0.4819,-0.0352,0.4563,-0.0128,-0.1972,-0.0818,0.0433,1.0183,-0.0127,1.5434,0.000412,-0.0094,0.0019
25.78,FLIGHT,0.8976,1.469,-0.0333,0.4554,0.005,0.4335,-0.0131,-0.197,-0.069,0.0406,1.0189,-0.0126,1.5444,0.00037,-0.0075,0.0015
25.785,FLIGHT,0.8977,1.4711,0.0066,0.4327,0.0399,0.4138,-0.0134,-0.1968,-0.058,0.0382,1.0194,-0.0126,1.5454,0.000337,-0.0059,0.0012
25.79,FLIGHT,0.898,1.4731,0.0413,0.4131,0.0702,0.3967,-0.0136,-0.1966,-0.0484,0.0361,1.0198,-0.0127,1.5463,0.000311,-0.0046,0.0009
25.795,FLIGHT,0.8984,1.4751,0.0713,0.3961,0.0963,0.3819,-0.0138,-0.1964,-0.0401,0.0342,1.0203,-0.013,1.5472,0.000291,-0.0035,0.0007
25.8,FLIGHT,0.899,1.4769,0.0973,0.3813,0.1188,0.369,-0.0139,-0.1963,-0.033,0.0326,1.0207,-0.0133,1.5482,0.000276,-0.0026,0.0005
25.805,FLIGHT,0.8996,1.4787,0.1196,0.3684,0.138,0.3576,-0.014,-0.1961,-0.0268,0.0312,1.0211,-0.0138,1.5491,0.000264,-0.0019,0.0004
25.81,FLIGHT,0.9003,1.4805,0.1386,0.3571,0.1544,0.3475,-0.0141,-0.196,-0.0215,0.0299,1.0215,-0.0142,1.55,0.000256,-0.0014,0.0003
25.815,FLIGHT,0.9011,1.4822,0.1549,0.347,0.1682,0.3386,-0.0142,-0.1958,-0.017,0.0289,1.0218,-0.0148,1.5508,0.00025,-0.001,0.0002
25.82,FLIGHT,0.902,1.4839,0.1686,0.3381,0.1799,0.3305,-0.0143,-0.1957,-0.013,0.0279,1.0222,-0.0153,1.5517,0.000246,-0.0006,0.0001
25.825,FLIGHT,0.9029,1.4855,0.1801,0.3301,0.1895,0.3233,-0.0143,-0.1956,-0.0097,0.027,1.0225,-0.0159,1.5525,0.000244,-0.0004,0.0001
25.83,FLIGHT,0.9039,1.4871,0.1897,0.3228,0.1974,0.3166,-0.0143,-0.1954,-0.0069,0.0263,1.0228,-0.0165,1.5533,0.000242,-0.0002,0.0
25.835,FLIGHT,0.9049,1.4887,0.1975,0.3162,0.2039,0.3105,-0.0144,-0.1953,-0.0044,0.0256,1.023,-0.0171,1.5541,0.000241,-0.0001,0.0
25.84,FLIGHT,0.9059,1.4902,0.2039,0.3101,0.209,0.3049,-0.0144,-0.1952,-0.0024,0.025,1.0233,-0.0177,1.5549,0.000241,-0.0,0.0
25.845,FLIGHT,0.907,1.4917,0.209,0.3044,0.213,0.2995,-0.0144,-0.1951,-0.0006,0.0244,1.0235,-0.0183,1.5556,0.000241,0.0001,0.0
25.85,FLIGHT,0.9081,1.4932,0.2129,0.2991,0.2159,0.2945,-0.0144,-0.195,0.0009,0.0239,1.0237,-0.0188,1.5564,0.000242,0.0001,0.0
25.855,FLIGHT,0.9092,1.4947,0.2158,0.2941,0.2181,0.2897,-0.0143,-0.1948,0.0021,0.0234,1.0238,-0.0194,1.5571,0.000242,0.0001,0.0
25.86,FLIGHT,0.9102,1.4961,0.2179,0.2893,0.2194,0.2851,-0.0143,-0.1947,0.0031,0.023,1.024,-0.02,1.5578,0.000243,0.0001,0.0
25.865,FLIGHT,0.9113,1.4975,0.2192,0.2847,0.2201,0.2807,-0.0143,-0.1946,0.004,0.0225,1.0241,-0.0206,1.5584,0.000243,0.0001,0.0
25.87,FLIGHT,0.9124,1.4989,0.2199,0.2803,0.2203,0.2764,-0.0143,-0.1945,0.0047,0.0221,1.0242,-0.0212,1.5591,0.000244,0.0001,0.0
25.875,FLIGHT,0.9135,1.5003,0.2201,0.276,0.22,0.2723,-0.0143,-0.1944,0.0053,0.0218,1.0243,-0.0217,1.5597,0.000245,0.0001,0.0
25.88,FLIGHT,0.9146,1.5017,0.2198,0.2719,0.2193,0.2682,-0.0142,-0.1943,0.0058,0.0214,1.0243,-0.0223,1.5604,0.000245,0.0001,0.0
25.885,FLIGHT,0.9157,1.503,0.219,0.2678,0.2182,0.2642,-0.0142,-0.1942,0.0062,0.0211,1.0243,-0.0228,1.561,0.000245,0.0001,0.0
25.89,FLIGHT,0.9168,1.5043,0.218,0.2638,0.2169,0.2603,-0.0142,-0.1941,0.0065,0.0207,1.0244,-0.0233,1.5616,0.000246,0.0001,0.0
25.895,FLIGHT,0.9179,1.5056,0.2166,0.2599,0.2153,0.2564,-0.0141,-0.194,0.0068,0.0204,1.0243,-0.0238,1.5622,0.000246,0.0,0.0
25.9,FLIGHT,0.919,1.5069,0.215,0.256,0.2135,0.2526,-0.0141,-0.1939,0.007,0.0201,1.0243,-0.0243,1.5627,0.000246,0.0,0.0
25.905,FLIGHT,0.92,1.5081,0.2132,0.2522,0.2115,0.2488,-0.0141,-0.1938,0.0071,0.0198,1.0242,-0.0248,1.5633,0.000246,0.0,0.0
25.91,FLIGHT,0.9211,1.5094,0.2112,0.2484,0.2094,0.2451,-0.014,-0.1937,0.0072,0.0195,1.0242,-0.0253,1.5638,0.000246,0.0,0.0
25.915,FLIGHT,0.9221,1.5106,0.2091,0.2447,0.2071,0.2414,-0.014,-0.1936,0.0073,0.0192,1.0241,-0.0258,1.5644,0.000246,-0.0,0.0
25.92,FLIGHT,0.9232,1.5118,0.2068,0.241,0.2048,0.2377,-0.0139,-0.1935,0.0073,0.0189,1.024,-0.0262,1.5649,0.000246,-0.0,0.0
25.925,FLIGHT,0.9242,1.5129,0.2045,0.2373,0.2024,0.2341,-0.0139,-0.1934,0.0074,0.0186,1.0238,-0.0267,1.5654,0.000246,-0.0,0.0
25.93,FLIGHT,0.9252,1.5141,0.2021,0.2337,0.1999,0.2305,-0.0139,-0.1933,0.0074,0.0184,1.0236,-0.0271,1.5659,0.000246,-0.0,0.0
25.935,FLIGHT,0.9262,1.5153,0.1996,0.2302,0.1974,0.227,-0.0138,-0.1932,0.0074,0.0181,1.0235,-0.0276,1.5664,0.000246,-0.0,0.0
25.94,FLIGHT,0.9272,1.5164,0.1971,0.2266,0.1949,0.2235,-0.0138,-0.1931,0.0074,0.0178,1.0233,-0.028,1.5669,0.000246,-0.0,0.0
25.945,FLIGHT,0.9281,1.5175,0.1946,0.2231,0.1923,0.22,-0.0138,-0.1931,0.0073,0.0175,1.023,-0.0284,1.5674,0.000246,-0.0001,0.0
25.95,FLIGHT,0.9291,1.5186,0.1921,0.2197,0.1898,0.2166,-0.0137,-0.193,0.0073,0.0173,1.0228,-0.0288,1.5678,0.000245,-0.0001,0.0
25.955,FLIGHT,0.93,1.5197,0.1895,0.2162,0.1872,0.2132,-0.0137,-0.1929,0.0073,0.017,1.0225,-0.0292,1.5683,0.000245,-0.0001,0.0
25.96,FLIGHT,0.931,1.5207,0.1869,0.2128,0.1846,0.2098,-0.0137,-0.1928,0.0072,0.0167,1.0222,-0.0296,1.5688,0.000245,-0.0001,0.0
25.965,FLIGHT,0.9319,1.5218,0.1844,0.2095,0.1821,0.2065,-0.0136,-0.1927,0.0071,0.0165,1.0219,-0.03,1.5692,0.000244,-0.0001,0.0
25.97,FLIGHT,0.9328,1.5228,0.1818,0.2062,0.1795,0.2032,-0.0136,-0.1926,0.0071,0.0162,1.0216,-0.0304,1.5696,0.000244,-0.0001,0.0
25.975,FLIGHT,0.9337,1.5238,0.1792,0.2029,0.177,0.2,-0.0135,-0.1926,0.007,0.016,1.0213,-0.0308,1.5701,0.000244,-0.0001,0.0
25.98,FLIGHT,0.9345,1.5248,0.1767,0.1997,0.1745,0.1968,-0.0135,-0.1925,0.007,0.0157,1.0209,-0.0311,1.5705,0.000243,-0.0001,0.0
25.985,FLIGHT,0.9354,1.5258,0.1742,0.1965,0.172,0.1937,-0.0135,-0.1924,0.0069,0.0155,1.0205,-0.0315,1.5709,0.000243,-0.0001,0.0
25.99,FLIGHT,0.9363,1.5267,0.1717,0.1934,0.1695,0.1906,-0.0134,-0.1923,0.0068,0.0152,1.0201,-0.0319,1.5713,0.000243,-0.0001,0.0
25.995,FLIGHT,0.9371,1.5277,0.1692,0.1903,0.167,0.1875,-0.0134,-0.1923,0.0068,0.015,1.0197,-0.0322,1.5717,0.000242,-0.0001,0.0
26.0,FLIGHT,0.9379,1.5286,0.1668,0.1872,0.1646,0.1845,-0.0134,-0.1922,0.0067,0.0148,1.0192,-0.0326,1.5721,0.000242,-0.0001,0.0
26.005,FLIGHT,0.9388,1.5295,0.1644,0.1842,0.1622,0.1815,-0.0133,-0.1921,0.0066,0.0145,1.0188,-0.0329,1.5725,0.000241,-0.0001,0.0
26.01,FLIGHT,0.9396,1.5304,0.162,0.1812,0.1598,0.1786,-0.0133,-0.192,0.0066,0.0143,1.0183,-0.0333,1.5729,0.000241,-0.0001,0.0
26.015,FLIGHT,0.9404,1.5313,0.1596,0.1783,0.1575,0.1757,-0.0133,-0.192,0.0065,0.0141,1.0178,-0.0336,1.5733,0.000241,-0.0001,0.0
26.02,FLIGHT,0.9411,1.5322,0.1573,0.1754,0.1552,0.1728,-0.0132,-0.1919,0.0064,0.0138,1.0173,-0.0339,1.5736,0.00024,-0.0001,0.0
26.025,FLIGHT,0.9419,1.533,0.155,0.1726,0.1529,0.17,-0.0132,-0.1918,0.0064,0.0136,1.0167,-0.0343,1.574,0.00024,-0.0001,0.0
26.03,FLIGHT,0.9427,1.5339,0.1527,0.1698,0.1506,0.1673,-0.0132,-0.1918,0.0063,0.0134,1.0162,-0.0346,1.5743,0.00024,-0.0001,0.0
26.035,FLIGHT,0.9434,1.5347,0.1504,0.167,0.1484,0.1646,-0.0132,-0.1917,0.0062,0.0132,1.0156,-0.0349,1.5747,0.000239,-0.0001,0.0
26.04,FLIGHT,0.9441,1.5355,0.1482,0.1643,0.1462,0.1619,-0.0131,-0.1916,0.0062,0.013,1.015,-0.0352,1.575,0.000239,-0.0001,0.0
26.045,FLIGHT,0.9449,1.5363,0.146,0.1616,0.144,0.1593,-0.0131,-0.1916,0.0061,0.0128,1.0144,-0.0355,1.5754,0.000239,-0.0001,0.0
26.05,FLIGHT,0.9456,1.5371,0.1438,0.159,0.1419,0.1567,-0.0131,-0.1915,0.006,0.0126,1.0137,-0.0358,1.5757,0.000238,-0.0001,0.0
26.055,FLIGHT,0.9463,1.5379,0.1417,0.1564,0.1398,0.1541,-0.013,-0.1914,0.006,0.0124,1.0131,-0.0361,1.5761,0.000238,-0.0001,0.0
26.06,FLIGHT,0.947,1.5386,0.1396,0.1539,0.1377,0.1516,-0.013,-0.1914,0.0059,0.0122,1.0124,-0.0364,1.5764,0.000238,-0.0001,0.0
26.065,FLIGHT,0.9477,1.5394,0.1375,0.1514,0.1356,0.1492,-0.013,-0.1913,0.0058,0.012,1.0118,-0.0367,1.5767,0.000237,-0.0001,0.0
26.07,FLIGHT,0.9483,1.5401,0.1354,0.1489,0.1336,0.1467,-0.0129,-0.1913,0.0058,0.0118,1.0111,-0.037,1.577,0.000237,-0.0001,0.0
26.075,FLIGHT,0.949,1.5409,0.1334,0.1465,0.1316,0.1444,-0.0129,-0.1912,0.0057,0.0116,1.0103,-0.0373,1.5773,0.000237,-0.0001,0.0
26.08,FLIGHT,0.9497,1.5416,0.1314,0.1441,0.1296,0.142,-0.0129,-0.1912,0.0056,0.0114,1.0096,-0.0376,1.5777,0.000236,-0.0001,0.0
26.085,FLIGHT,0.9503,1.5423,0.1294,0.1418,0.1276,0.1397,-0.0129,-0.1911,0.0055,0.0112,1.0089,-0.0379,1.578,0.000236,-0.0001,0.0
26.09,FLIGHT,0.9509,1.543,0.1274,0.1395,0.1257,0.1374,-0.0128,-0.191,0.0055,0.0111,1.0081,-0.0382,1.5783,0.000236,-0.0001,0.0
26.095,FLIGHT,0.9516,1.5437,0.1255,0.1372,0.1238,0.1352,-0.0128,-0.191,0.0054,0.0109,1.0073,-0.0385,1.5786,0.000235,-0.0001,0.0
26.1,FLIGHT,0.9522,1.5443,0.1236,0.135,0.1219,0.133,-0.0128,-0.1909,0.0053,0.0107,1.0065,-0.0387,1.5789,0.000235,-0.0001,0.0
26.105,FLIGHT,0.9528,1.545,0.1217,0.1328,0.12,0.1309,-0.0128,-0.1909,0.0053,0.0105,1.0057,-0.039,1.5791,0.000235,-0.0001,0.0
26.11,FLIGHT,0.9534,1.5456,0.1198,0.1307,0.1181,0.1288,-0.0127,-0.1908,0.0052,0.0104,1.0049,-0.0393,1.5794,0.000234,-0.0001,0.0
26.115,FLIGHT,0.954,1.5463,0.118,0.1286,0.1163,0.1267,-0.0127,-0.1908,0.0051,0.0102,1.004,-0.0396,1.5797,0.000234,-0.0001,0.0
26.12,FLIGHT,0.9545,1.5469,0.1161,0.1265,0.1145,0.1247,-0.0127,-0.1907,0.005,0.01,1.0032,-0.0398,1.58,0.000234,-0.0001,0.0
26.125,FLIGHT,0.9551,1.5475,0.1143,0.1245,0.1127,0.1227,-0.0127,-0.1907,0.005,0.0099,1.0023,-0.0401,1.5803,0.000234,-0.0001,0.0
26.13,FLIGHT,0.9557,1.5481,0.1126,0.1225,0.111,0.1207,-0.0126,-0.1906,0.0049,0.0097,1.0014,-0.0403,1.5805,0.000233,-0.0001,0.0
26.135,FLIGHT,0.9562,1.5487,0.1108,0.1205,0.1093,0.1188,-0.0126,-0.1906,0.0048,0.0096,1.0005,-0.0406,1.5808,0.000233,-0.0001,0.0
26.14,STANCE,0.958,1.5494,0.3193,0.1109,0.7619,-0.0911,-0.0123,-0.1905,0.0458,0.0061,0.9997,0.0824,-0.4547,-0.000465,-0.288,0.0581
26.145,STANCE,0.9636,1.5467,0.8936,-0.3828,1.318,-1.1498,-0.0109,-0.1909,0.2226,-0.0441,0.9988,-0.3489,-0.8591,-0.002346,-0.3966,0.0817
26.15,STANCE,0.9705,1.5382,1.2346,-1.3034,1.1145,-1.5561,-0.0084,-0.1917,0.4158,-0.1247,0.9977,-0.835,-0.9968,-0.004362,-0.3545,0.0753
26.155,STANCE,0.9727,1.5349,0.6503,-0.7881,0.1161,-0.1826,-0.0076,-0.192,0.2335,-0.0734,0.9976,-0.9477,-1.6301,-0.005283,-0.0732,0.0199
26.16,STANCE,0.9736,1.5336,0.3362,-0.4621,0.3045,-0.5072,-0.0072,-0.1921,0.1284,-0.0424,0.9979,-1.1125,-2.0567,-0.00541,0.0078,0.0054
26.165,STANCE,0.9751,1.5272,0.3021,-1.1329,0.2546,-2.0886,-0.006,-0.1927,0.2155,-0.0987,0.9979,-1.3453,-1.8611,-0.005061,0.1352,0.0051
26.17,STANCE,0.9773,1.5168,0.3879,-1.8158,0.5123,-2.2121,-0.0042,-0.1936,0.329,-0.1537,0.9979,-1.5455,-1.4389,-0.004407,0.1409,0.0044
26.175,STANCE,0.9808,1.5054,0.6304,-2.1346,0.698,-2.607,-0.0019,-0.1945,0.4238,-0.1755,0.998,-1.688,-0.9885,-0.004244,-0.0238,0.009
26.18,STANCE,0.9833,1.4905,0.514,-2.7289,0.2105,-3.3222,0.0007,-0.1957,0.4894,-0.2157,0.9979,-1.5393,-0.296,-0.004472,-0.0436,0.0132
26.185,STANCE,0.9839,1.4745,0.2391,-3.0379,0.0772,-2.9284,0.0031,-0.197,0.4839,-0.2326,0.9977,-1.1673,0.3308,-0.00503,-0.1002,0.0251
26.19,STANCE,0.983,1.4596,-0.0748,-3.0154,-0.4688,-3.1181,0.0051,-0.1981,0.422,-0.2259,0.9976,-0.657,0.8011,-0.00521,0.035,0.0052
26.195,STANCE,0.981,1.4453,-0.3138,-2.8927,-0.5059,-2.7882,0.0068,-0.1992,0.3591,-0.2133,0.9976,-0.1417,1.1581,-0.00535,-0.0007,0.0055
26.2,STANCE,0.9791,1.4328,-0.351,-2.6181,-0.326,-2.3677,0.0082,-0.2001,0.3134,-0.1899,0.9978,0.2071,1.3245,-0.005865,-0.0954,0.025
26.205,STANCE,0.9779,1.4217,-0.2525,-2.33,-0.1089,-2.0688,0.0096,-0.2009,0.2923,-0.1655,0.9981,0.2741,1.3048,-0.006291,-0.0775,0.0218
26.21,STANCE,0.9779,1.4119,-0.0699,-2.0605,0.0979,-1.8479,0.0111,-0.2015,0.2907,-0.142,0.9985,0.2011,1.2214,-0.006633,-0.0577,0.0182
26.215,STANCE,0.9788,1.403,0.1004,-1.8624,0.2331,-1.7194,0.0126,-0.2021,0.297,-0.1237,0.9989,0.1308,1.1643,-0.006852,-0.0285,0.0126
26.22,STANCE,0.9802,1.3946,0.2227,-1.7348,0.3094,-1.6455,0.0141,-0.2027,0.304,-0.1107,0.9994,0.0785,1.1343,-0.006911,0.0051,0.0069
26.225,STANCE,0.9818,1.3865,0.2971,-1.6545,0.3455,-1.5967,0.0156,-0.2032,0.3083,-0.1016,0.9999,0.0446,1.1224,-0.006801,0.0386,0.0068
26.23,STANCE,0.9836,1.3787,0.3354,-1.5993,0.3575,-1.556,0.0172,-0.2036,0.3089,-0.0946,1.0003,0.0249,1.12,-0.00653,0.069,0.0065
26.235,STANCE,0.9854,1.371,0.3505,-1.5543,0.3569,-1.5159,0.0187,-0.2041,0.3063,-0.0887,1.0008,0.0143,1.1212,-0.006118,0.0949,0.0061
26.24,STANCE,0.9872,1.3635,0.3525,-1.512,0.3507,-1.4743,0.0202,-0.2045,0.3013,-0.0835,1.0013,0.0091,1.123,-0.005589,0.1159,0.0056
26.245,FLIGHT,0.9889,1.3562,0.3481,-1.4698,0.3425,-1.4318,0.0217,-0.2049,0.2949,-0.0785,1.0017,-1.4075,2.5974,-0.004967,0.1324,0.005
26.25,FLIGHT,0.989,1.3514,0.0679,-1.0602,-0.4633,-0.3233,0.0224,-0.2052,0.1755,-0.0598,1.0023,-1.3622,2.5551,-0.004175,0.1912,0.0042
26.255,FLIGHT,0.9845,1.3526,-0.6242,-0.1155,-1.2666,0.7539,0.0213,-0.2052,-0.1105,-0.0201,1.0032,-1.0948,2.3414,-0.003092,0.2374,0.0031
26.26,FLIGHT,0.9768,1.3582,-1.2706,0.7621,-1.7643,1.4386,0.0189,-0.205,-0.3758,0.0223,1.0043,-0.7893,2.1006,-0.00185,0.2549,0.0019
26.265,FLIGHT,0.9673,1.3664,-1.7048,1.3718,-1.9881,1.7877,0.0157,-0.2047,-0.555,0.0601,1.0055,-0.5312,1.8986,-0.000581,0.2499,0.0006
26.27,FLIGHT,0.9573,1.3757,-1.9129,1.7064,-2.0088,1.8997,0.0123,-0.2042,-0.6448,0.0896,1.0067,-0.3424,1.7522,0.000554,0.1828,0.0
26.275,FLIGHT,0.9475,1.3852,-1.941,1.8282,-1.9052,1.8636,0.0088,-0.2037,-0.6653,0.1092,1.0079,-0.2164,1.6559,0.001251,0.1012,0.0
26.28,FLIGHT,0.9383,1.3942,-1.8528,1.8084,-1.7382,1.7465,0.0057,-0.2031,-0.641,0.1193,1.0091,-0.137,1.5969,0.001612,0.0469,0.0
26.285,FLIGHT,0.9301,1.4026,-1.6997,1.7074,-1.5453,1.5947,0.0028,-0.2025,-0.5921,0.122,1.0102,-0.0889,1.5632,0.001753,0.0119,0.0
26.29,FLIGHT,0.9229,1.4102,-1.5177,1.5683,-1.3494,1.4358,0.0002,-0.202,-0.5324,0.1194,1.0112,-0.0607,1.5452,0.001754,-0.0097,0.0019
26.295,FLIGHT,0.9166,1.417,-1.3296,1.4184,-1.1628,1.2846,-0.002,-0.2015,-0.4707,0.1136,1.0122,-0.0442,1.5366,0.001671,-0.0221,0.0044
26.3,FLIGHT,0.9112,1.423,-1.1483,1.2732,-0.9914,1.148,-0.004,-0.201,-0.4117,0.1062,1.0131,-0.0345,1.5331,0.001542,-0.0285,0.0057
26.305,FLIGHT,0.9067,1.4285,-0.9804,1.1404,-0.837,1.0282,-0.0057,-0.2005,-0.3577,0.0982,1.014,-0.0284,1.5322,0.001393,-0.0308,0.0062
26.31,FLIGHT,0.9028,1.4333,-0.8284,1.0229,-0.6995,0.9247,-0.0071,-0.2001,-0.3096,0.0903,1.0148,-0.0244,1.5325,0.001238,-0.0307,0.0061
26.315,FLIGHT,0.8996,1.4377,-0.6925,0.9208,-0.5778,0.8361,-0.0084,-0.1997,-0.2672,0.0827,1.0156,-0.0214,1.5334,0.001088,-0.029,0.0058
26.32,FLIGHT,0.897,1.4417,-0.5719,0.8331,-0.4704,0.7605,-0.0094,-0.1993,-0.2301,0.0758,1.0163,-0.019,1.5344,0.000949,-0.0266,0.0053
26.325,FLIGHT,0.8949,1.4454,-0.4653,0.7581,-0.3758,0.6961,-0.0104,-0.199,-0.1979,0.0695,1.017,-0.0172,1.5355,0.000823,-0.0237,0.0047
26.33,FLIGHT,0.8933,1.4487,-0.3714,0.6941,-0.2925,0.6412,-0.0112,-0.1987,-0.1699,0.0638,1.0177,-0.0156,1.5365,0.000712,-0.0207,0.0041
26.335,FLIGHT,0.892,1.4518,-0.2887,0.6395,-0.2192,0.5943,-0.0118,-0.1984,-0.1456,0.0588,1.0183,-0.0144,1.5376,0.000616,-0.0176,0.0035
26.34,FLIGHT,0.891,1.4547,-0.2159,0.5928,-0.1549,0.5543,-0.0124,-0.1981,-0.1245,0.0543,1.0189,-0.0134,1.5386,0.000536,-0.0147,0.0029
26.345,FLIGHT,0.8904,1.4573,-0.152,0.5529,-0.0984,0.5199,-0.0129,-0.1979,-0.1061,0.0504,1.0194,-0.0127,1.5395,0.000469,-0.0121,0.0024
26.35,FLIGHT,0.89,1.4599,-0.096,0.5188,-0.049,0.4904,-0.0133,-0.1977,-0.0902,0.0469,1.0199,-0.0122,1.5405,0.000414,-0.0097,0.0019
26.355,FLIGHT,0.8899,1.4622,-0.0469,0.4894,-0.0058,0.465,-0.0137,-0.1975,-0.0763,0.0439,1.0204,-0.0119,1.5415,0.000371,-0.0077,0.0015
26.36,FLIGHT,0.89,1.4645,-0.004,0.4641,0.0318,0.4431,-0.014,-0.1973,-0.0643,0.0412,1.0209,-0.0119,1.5425,0.000337,-0.006,0.0012
26.365,FLIGHT,0.8902,1.4667,0.0333,0.4423,0.0645,0.4241,-0.0142,-0.1971,-0.0539,0.0388,1.0213,-0.0119,1.5435,0.00031,-0.0046,0.0009
26.37,FLIGHT,0.8906,1.4688,0.0658,0.4234,0.0928,0.4076,-0.0144,-0.1969,-0.0449,0.0368,1.0217,-0.0121,1.5444,0.00029,-0.0035,0.0007
26.375,FLIGHT,0.8911,1.4708,0.0939,0.407,0.1172,0.3932,-0.0146,-0.1967,-0.037,0.035,1.0221,-0.0124,1.5454,0.000275,-0.0026,0.0005
26.38,FLIGHT,0.8918,1.4727,0.1181,0.3926,0.1381,0.3806,-0.0148,-0.1966,-0.0303,0.0334,1.0225,-0.0127,1.5463,0.000264,-0.0019,0.0004
26.385,FLIGHT,0.8925,1.4746,0.1388,0.38,0.156,0.3694,-0.0149,-0.1964,-0.0245,0.032,1.0228,-0.0132,1.5473,0.000256,-0.0013,0.0003
26.39,FLIGHT,0.8933,1.4764,0.1565,0.3689,0.1712,0.3595,-0.015,-0.1963,-0.0195,0.0308,1.0231,-0.0137,1.5482,0.000251,-0.0009,0.0002
26.395,FLIGHT,0.8942,1.4782,0.1716,0.359,0.1839,0.3506,-0.015,-0.1961,-0.0152,0.0297,1.0234,-0.0142,1.5491,0.000247,-0.0006,0.0001
26.4,FLIGHT,0.8952,1.4799,0.1842,0.3501,0.1946,0.3426,-0.0151,-0.196,-0.0115,0.0287,1.0237,-0.0148,1.5499,0.000245,-0.0003,0.0001
26.405,FLIGHT,0.8962,1.4816,0.1948,0.3421,0.2034,0.3352,-0.0151,-0.1958,-0.0083,0.0279,1.0239,-0.0153,1.5508,0.000244,-0.0002,0.0
26.41,FLIGHT,0.8972,1.4833,0.2036,0.3348,0.2106,0.3285,-0.0151,-0.1957,-0.0056,0.0271,1.0241,-0.0159,1.5516,0.000243,-0.0001,0.0
26.415,FLIGHT,0.8983,1.4849,0.2107,0.3281,0.2164,0.3223,-0.0151,-0.1956,-0.0033,0.0264,1.0243,-0.0165,1.5524,0.000243,0.0,0.0
26.42,FLIGHT,0.8994,1.4865,0.2164,0.3219,0.221,0.3165,-0.0151,-0.1954,-0.0014,0.0258,1.0245,-0.0171,1.5532,0.000243,0.0001,0.0
26.425,FLIGHT,0.9005,1.488,0.2209,0.3161,0.2244,0.3111,-0.0151,-0.1953,0.0003,0.0252,1.0246,-0.0177,1.554,0.000244,0.0001,0.0
26.43,FLIGHT,0.9016,1.4896,0.2243,0.3106,0.227,0.3059,-0.0151,-0.1952,0.0017,0.0247,1.0248,-0.0183,1.5547,0.000244,0.0001,0.0
26.435,FLIGHT,0.9027,1.4911,0.2268,0.3055,0.2287,0.301,-0.0151,-0.1951,0.0028,0.0242,1.0249,-0.0189,1.5554,0.000245,0.0001,0.0
26.44,FLIGHT,0.9039,1.4926,0.2285,0.3005,0.2297,0.2962,-0.0151,-0.195,0.0038,0.0238,1.0249,-0.0195,1.5562,0.000246,0.0001,0.0
26.445,FLIGHT,0.905,1.4941,0.2295,0.2958,0.2301,0.2916,-0.0151,-0.1948,0.0046,0.0233,1.025,-0.0201,1.5569,0.000247,0.0001,0.0
26.45,FLIGHT,0.9062,1.4955,0.2298,0.2912,0.2299,0.2872,-0.015,-0.1947,0.0053,0.0229,1.025,-0.0207,1.5575,0.000247,0.0001,0.0
26.455,FLIGHT,0.9073,1.4969,0.2297,0.2867,0.2294,0.2828,-0.015,-0.1946,0.0059,0.0225,1.0251,-0.0213,1.5582,0.000248,0.0001,0.0
26.46,FLIGHT,0.9085,1.4983,0.2291,0.2824,0.2284,0.2786,-0.015,-0.1945,0.0063,0.0222,1.025,-0.0218,1.5589,0.000248,0.0001,0.0
26.465,FLIGHT,0.9096,1.4997,0.2281,0.2782,0.2271,0.2744,-0.0149,-0.1944,0.0067,0.0218,1.025,-0.0224,1.5595,0.000249,0.0001,0.0
26.47,FLIGHT,0.9108,1.5011,0.2269,0.274,0.2256,0.2703,-0.0149,-0.1943,0.007,0.0215,1.025,-0.0229,1.5601,0.000249,0.0001,0.0
26.475,FLIGHT,0.9119,1.5024,0.2253,0.2699,0.2238,0.2662,-0.0149,-0.1942,0.0072,0.0211,1.0249,-0.0234,1.5607,0.000249,0.0,0.0
26.48,FLIGHT,0.913,1.5038,0.2235,0.2659,0.2218,0.2623,-0.0148,-0.1941,0.0074,0.0208,1.0248,-0.0239,1.5613,0.000249,0.0,0.0
26.485,FLIGHT,0.9141,1.5051,0.2215,0.2619,0.2197,0.2583,-0.0148,-0.194,0.0075,0.0205,1.0247,-0.0244,1.5619,0.00025,0.0,0.0
26.49,FLIGHT,0.9152,1.5063,0.2194,0.2579,0.2174,0.2544,-0.0148,-0.1939,0.0076,0.0202,1.0245,-0.0249,1.5625,0.00025,-0.0,0.0
26.495,FLIGHT,0.9163,1.5076,0.2171,0.254,0.215,0.2506,-0.0147,-0.1938,0.0077,0.0199,1.0244,-0.0254,1.563,0.00025,-0.0,0.0
26.5,FLIGHT,0.9173,1.5088,0.2147,0.2502,0.2126,0.2468,-0.0147,-0.1937,0.0077,0.0196,1.0242,-0.0259,1.5636,0.000249,-0.0,0.0
26.505,FLIGHT,0.9184,1.5101,0.2123,0.2464,0.21,0.243,-0.0146,-0.1936,0.0078,0.0193,1.024,-0.0263,1.5641,0.000249,-0.0,0.0
26.51,FLIGHT,0.9194,1.5113,0.2097,0.2426,0.2074,0.2393,-0.0146,-0.1935,0.0078,0.019,1.0238,-0.0268,1.5646,0.000249,-0.0,0.0
26.515,FLIGHT,0.9205,1.5125,0.2071,0.2389,0.2048,0.2356,-0.0146,-0.1934,0.0077,0.0187,1.0236,-0.0272,1.5651,0.000249,-0.0,0.0
26.52,FLIGHT,0.9215,1.5136,0.2045,0.2352,0.2022,0.232,-0.0145,-0.1933,0.0077,0.0184,1.0233,-0.0277,1.5656,0.000249,-0.0001,0.0
26.525,FLIGHT,0.9225,1.5148,0.2019,0.2316,0.1995,0.2284,-0.0145,-0.1932,0.0077,0.0182,1.023,-0.0281,1.5661,0.000248,-0.0001,0.0
26.53,FLIGHT,0.9235,1.5159,0.1992,0.228,0.1968,0.2248,-0.0144,-0.1931,0.0076,0.0179,1.0227,-0.0285,1.5666,0.000248,-0.0001,0.0
26.535,FLIGHT,0.9245,1.517,0.1965,0.2244,0.1941,0.2213,-0.0144,-0.193,0.0076,0.0176,1.0224,-0.0289,1.5671,0.000248,-0.0001,0.0
26.54,FLIGHT,0.9254,1.5181,0.1939,0.2209,0.1915,0.2178,-0.0144,-0.193,0.0075,0.0173,1.022,-0.0293,1.5676,0.000247,-0.0001,0.0
26.545,FLIGHT,0.9264,1.5192,0.1912,0.2174,0.1888,0.2144,-0.0143,-0.1929,0.0075,0.0171,1.0217,-0.0297,1.568,0.000247,-0.0001,0.0
26.55,FLIGHT,0.9273,1.5203,0.1885,0.214,0.1862,0.211,-0.0143,-0.1928,0.0074,0.0168,1.0213,-0.0301,1.5685,0.000247,-0.0001,0.0
26.555,FLIGHT,0.9282,1.5213,0.1859,0.2106,0.1835,0.2076,-0.0143,-0.1927,0.0074,0.0165,1.0209,-0.0305,1.5689,0.000246,-0.0001,0.0
26.56,FLIGHT,0.9292,1.5223,0.1833,0.2073,0.1809,0.2043,-0.0142,-0.1926,0.0073,0.0163,1.0205,-0.0309,1.5694,0.000246,-0.0001,0.0
26.565,FLIGHT,0.93,1.5234,0.1807,0.204,0.1783,0.201,-0.0142,-0.1925,0.0072,0.016,1.02,-0.0313,1.5698,0.000246,-0.0001,0.0
26.57,FLIGHT,0.9309,1.5244,0.1781,0.2007,0.1758,0.1978,-0.0141,-0.1925,0.0071,0.0158,1.0196,-0.0317,1.5702,0.000245,-0.0001,0.0
26.575,FLIGHT,0.9318,1.5253,0.1755,0.1975,0.1732,0.1946,-0.0141,-0.1924,0.0071,0.0155,1.0191,-0.032,1.5706,0.000245,-0.0001,0.0
26.58,FLIGHT,0.9327,1.5263,0.173,0.1943,0.1707,0.1915,-0.0141,-0.1923,0.007,0.0153,1.0186,-0.0324,1.5711,0.000244,-0.0001,0.0
26.585,FLIGHT,0.9335,1.5272,0.1705,0.1912,0.1682,0.1884,-0.014,-0.1922,0.0069,0.015,1.0181,-0.0328,1.5715,0.000244,-0.0001,0.0
26.59,FLIGHT,0.9343,1.5282,0.168,0.1881,0.1658,0.1854,-0.014,-0.1922,0.0069,0.0148,1.0176,-0.0331,1.5719,0.000244,-0.0001,0.0
26.595,FLIGHT,0.9352,1.5291,0.1655,0.1851,0.1633,0.1824,-0.014,-0.1921,0.0068,0.0146,1.017,-0.0335,1.5723,0.000243,-0.0001,0.0
26.6,FLIGHT,0.936,1.53,0.1631,0.1821,0.1609,0.1795,-0.0139,-0.192,0.0067,0.0143,1.0164,-0.0338,1.5726,0.000243,-0.0001,0.0
26.605,FLIGHT,0.9368,1.5309,0.1607,0.1792,0.1586,0.1766,-0.0139,-0.192,0.0066,0.0141,1.0159,-0.0341,1.573,0.000243,-0.0001,0.0
26.61,FLIGHT,0.9376,1.5318,0.1583,0.1763,0.1562,0.1737,-0.0139,-0.1919,0.0066,0.0139,1.0153,-0.0345,1.5734,0.000242,-0.0001,0.0
26.615,FLIGHT,0.9383,1.5326,0.156,0.1734,0.1539,0.1709,-0.0138,-0.1918,0.0065,0.0137,1.0146,-0.0348,1.5738,0.000242,-0.0001,0.0
26.62,FLIGHT,0.9391,1.5335,0.1537,0.1706,0.1516,0.1681,-0.0138,-0.1917,0.0064,0.0135,1.014,-0.0351,1.5741,0.000241,-0.0001,0.0
26.625,FLIGHT,0.9399,1.5343,0.1514,0.1678,0.1494,0.1654,-0.0138,-0.1917,0.0063,0.0132,1.0133,-0.0355,1.5745,0.000241,-0.0001,0.0
26.63,FLIGHT,0.9406,1.5351,0.1491,0.1651,0.1471,0.1627,-0.0137,-0.1916,0.0063,0.013,1.0127,-0.0358,1.5748,0.000241,-0.0001,0.0
26.635,FLIGHT,0.9413,1.5359,0.1469,0.1625,0.1449,0.1601,-0.0137,-0.1916,0.0062,0.0128,1.012,-0.0361,1.5752,0.00024,-0.0001,0.0
26.64,FLIGHT,0.942,1.5367,0.1447,0.1598,0.1428,0.1575,-0.0137,-0.1915,0.0061,0.0126,1.0112,-0.0364,1.5755,0.00024,-0.0001,0.0
26.645,FLIGHT,0.9428,1.5375,0.1425,0.1572,0.1406,0.1549,-0.0137,-0.1914,0.0061,0.0124,1.0105,-0.0367,1.5759,0.00024,-0.0001,0.0
26.65,FLIGHT,0.9435,1.5383,0.1404,0.1547,0.1385,0.1524,-0.0136,-0.1914,0.006,0.0122,1.0098,-0.037,1.5762,0.000239,-0.0001,0.0
26.655,FLIGHT,0.9441,1.539,0.1383,0.1522,0.1364,0.15,-0.0136,-0.1913,0.0059,0.012,1.009,-0.0373,1.5765,0.000239,-0.0001,0.0
26.66,FLIGHT,0.9448,1.5398,0.1362,0.1497,0.1343,0.1475,-0.0136,-0.1912,0.0058,0.0118,1.0082,-0.0376,1.5768,0.000239,-0.0001,0.0
26.665,FLIGHT,0.9455,1.5405,0.1341,0.1473,0.1323,0.1451,-0.0135,-0.1912,0.0058,0.0116,1.0074,-0.0379,1.5772,0.000238,-0.0001,0.0
26.67,FLIGHT,0.9461,1.5412,0.1321,0.1449,0.1303,0.1428,-0.0135,-0.1911,0.0057,0.0115,1.0066,-0.0382,1.5775,0.000238,-0.0001,0.0
26.675,FLIGHT,0.9468,1.5419,0.1301,0.1426,0.1283,0.1405,-0.0135,-0.1911,0.0056,0.0113,1.0058,-0.0385,1.5778,0.000238,-0.0001,0.0
26.68,FLIGHT,0.9474,1.5426,0.1281,0.1403,0.1263,0.1382,-0.0135,-0.191,0.0055,0.0111,1.005,-0.0388,1.5781,0.000237,-0.0001,0.0
26.685,FLIGHT,0.9481,1.5433,0.1261,0.138,0.1244,0.136,-0.0134,-0.191,0.0055,0.0109,1.0041,-0.0391,1.5784,0.000237,-0.0001,0.0
26.69,FLIGHT,0.9487,1.544,0.1242,0.1358,0.1225,0.1338,-0.0134,-0.1909,0.0054,0.0107,1.0032,-0.0393,1.5787,0.000237,-0.0001,0.0
26.695,FLIGHT,0.9493,1.5447,0.1223,0.1336,0.1206,0.1317,-0.0134,-0.1909,0.0053,0.0106,1.0023,-0.0396,1.579,0.000236,-0.0001,0.0
26.7,FLIGHT,0.9499,1.5453,0.1204,0.1315,0.1187,0.1296,-0.0134,-0.1908,0.0052,0.0104,1.0014,-0.0399,1.5793,0.000236,-0.0001,0.0
26.705,FLIGHT,0.9505,1.546,0.1185,0.1294,0.1168,0.1275,-0.0133,-0.1908,0.0051,0.0102,1.0005,-0.0402,1.5795,0.000236,-0.0001,0.0
26.71,STANCE,0.9522,1.5466,0.3184,0.1071,0.7308,-0.1382,-0.0131,-0.1907,0.0463,0.0056,0.9997,0.1012,-0.4487,-0.000729,-0.4551,0.0917
26.715,STANCE,0.9566,1.5422,0.6968,-0.6478,0.8707,-1.7415,-0.0117,-0.1912,0.2212,-0.0665,0.9984,-0.2425,-0.7477,-0.003109,-0.3813,0.0794
26.72,STANCE,0.9613,1.5337,0.8487,-1.2889,0.4989,-0.7805,-0.0096,-0.192,0.3396,-0.1219,0.9974,-0.6312,-1.0086,-0.005192,-0.3244,0.0701
26.725,STANCE,0.962,1.5327,0.3406,-0.5048,0.0134,0.0217,-0.0093,-0.1921,0.1347,-0.0476,0.9975,-0.7398,-1.781,-0.006177,-0.11,0.0282
26.73,STANCE,0.9628,1.5317,0.2458,-0.3426,0.3758,-0.5456,-0.009,-0.1922,0.0943,-0.0323,0.9979,-0.9796,-2.1533,-0.00651,-0.0339,0.0133
26.735,STANCE,0.9647,1.5245,0.3281,-1.1861,0.5037,-1.8639,-0.0077,-0.1928,0.2271,-0.1052,0.9979,-1.2616,-1.8844,-0.006316,0.0697,0.0063
26.74,STANCE,0.9675,1.5137,0.4823,-1.8855,0.5834,-2.4051,-0.0056,-0.1938,0.3561,-0.1624,0.9978,-1.4983,-1.4483,-0.005811,0.1281,0.0058
26.745,STANCE,0.97,1.5003,0.4902,-2.4344,0.4311,-2.8389,-0.0033,-0.1949,0.4379,-0.2023,0.9978,-1.553,-0.8919,-0.004994,0.1896,0.005
26.75,STANCE,0.973,1.4872,0.5947,-2.5239,0.8103,-2.3722,-0.0008,-0.196,0.4748,-0.2029,0.998,-1.4962,-0.4071,-0.0044,0.0123,0.0044
26.755,STANCE,0.9758,1.4741,0.5388,-2.6217,0.4256,-2.6748,0.0016,-0.197,0.4815,-0.2034,0.9982,-1.2277,0.1332,-0.004247,-0.0075,0.0057
26.76,STANCE,0.9766,1.46,0.2616,-2.7612,-0.0409,-2.8708,0.0038,-0.1981,0.4504,-0.2082,0.9983,-0.7533,0.6797,-0.00418,0.0164,0.0042
26.765,STANCE,0.9759,1.4461,-0.0182,-2.7666,-0.2503,-2.7339,0.0057,-0.1991,0.3984,-0.2044,0.9985,-0.2384,1.0981,-0.004207,0.0073,0.0042
26.77,STANCE,0.9745,1.4329,-0.206,-2.6694,-0.2871,-2.5127,0.0073,-0.2001,0.349,-0.1941,0.9987,0.1624,1.3433,-0.004068,0.0383,0.0041
26.775,FLIGHT,0.9735,1.4212,-0.1919,-2.4262,-0.0985,-2.1647,0.0088,-0.2009,0.318,-0.1729,0.9991,-1.0025,2.3473,-0.003892,0.0296,0.0039
26.78,FLIGHT,0.9713,1.4134,-0.3947,-1.7689,-0.7529,-0.9848,0.0095,-0.2015,0.1811,-0.1271,0.9997,-0.9287,2.2736,-0.003602,0.084,0.0036
26.785,FLIGHT,0.9662,1.4109,-0.8385,-0.8717,-1.2344,-0.0989,0.0089,-0.2017,-0.0409,-0.0686,1.0006,-0.7196,2.0969,-0.003084,0.1198,0.0031
26.79,FLIGHT,0.9593,1.4119,-1.2214,-0.1085,-1.4992,0.473,0.0073,-0.2017,-0.2305,-0.0167,1.0017,-0.5019,1.9177,-0.002437,0.1362,0.0024
26.795,FLIGHT,0.9515,1.4152,-1.4492,0.4206,-1.5808,0.7899,0.0053,-0.2015,-0.3534,0.023,1.0028,-0.3242,1.7736,-0.001746,0.1382,0.0017
26.8,FLIGHT,0.9437,1.4195,-1.5248,0.7319,-1.5345,0.9283,0.0031,-0.2012,-0.4129,0.05,1.0041,-0.1965,1.6714,-0.00107,0.1314,0.0011
26.805,FLIGHT,0.9363,1.4242,-1.4856,0.8794,-1.4119,0.9554,0.0009,-0.2009,-0.4251,0.0659,1.0053,-0.1122,1.6052,-0.000438,0.1207,0.0004
26.81,FLIGHT,0.9297,1.429,-1.3736,0.9192,-1.2512,0.9213,-0.0011,-0.2005,-0.407,0.0733,1.0065,-0.0603,1.5657,0.000131,0.0997,0.0
26.815,FLIGHT,0.9238,1.4334,-1.2222,0.897,-1.0774,0.8594,-0.0029,-0.2002,-0.3723,0.0749,1.0077,-0.0308,1.5444,0.000519,0.058,0.0
26.82,FLIGHT,0.9189,1.4375,-1.0574,0.8436,-0.9094,0.7883,-0.0045,-0.1998,-0.3307,0.0729,1.0088,-0.0149,1.5342,0.000733,0.0294,0.0
26.825,FLIGHT,0.9147,1.4413,-0.8954,0.7785,-0.7546,0.7188,-0.0059,-0.1995,-0.2883,0.069,1.0099,-0.0069,1.5301,0.000829,0.0105,0.0
26.83,FLIGHT,0.9113,1.4447,-0.7446,0.7129,-0.6158,0.6559,-0.007,-0.1992,-0.2484,0.0643,1.011,-0.0032,1.5294,0.000849,-0.0013,0.0003
26.835,FLIGHT,0.9085,1.4479,-0.6084,0.6524,-0.4935,0.6013,-0.008,-0.1989,-0.2123,0.0595,1.0121,-0.0018,1.5302,0.000823,-0.0083,0.0017
26.84,FLIGHT,0.9063,1.4508,-0.4878,0.5992,-0.3866,0.5551,-0.0089,-0.1986,-0.1805,0.0549,1.0131,-0.0014,1.5317,0.000772,-0.012,0.0024
26.845,FLIGHT,0.9046,1.4534,-0.3821,0.5537,-0.2938,0.5163,-0.0096,-0.1984,-0.1528,0.0507,1.014,-0.0016,1.5334,0.000707,-0.0135,0.0027
26.85,FLIGHT,0.9034,1.4559,-0.2901,0.5154,-0.2134,0.484,-0.0102,-0.1982,-0.129,0.047,1.015,-0.0019,1.535,0.000639,-0.0136,0.0027
26.855,FLIGHT,0.9025,1.4583,-0.2103,0.4833,-0.1438,0.4571,-0.0107,-0.198,-0.1086,0.0438,1.0159,-0.0024,1.5366,0.000573,-0.0128,0.0026
26.86,FLIGHT,0.9019,1.4605,-0.1412,0.4565,-0.0838,0.4346,-0.0111,-0.1978,-0.091,0.041,1.0168,-0.0029,1.5381,0.000512,-0.0115,0.0023
26.865,FLIGHT,0.9016,1.4626,-0.0815,0.4341,-0.032,0.4157,-0.0114,-0.1976,-0.076,0.0386,1.0176,-0.0035,1.5394,0.000458,-0.01,0.002
26.87,FLIGHT,0.9016,1.4647,-0.0301,0.4153,0.0126,0.3998,-0.0117,-0.1974,-0.0632,0.0365,1.0184,-0.0042,1.5407,0.000412,-0.0084,0.0017
26.875,FLIGHT,0.9018,1.4666,0.0142,0.3994,0.0509,0.3864,-0.012,-0.1972,-0.0522,0.0347,1.0192,-0.0048,1.542,0.000374,-0.007,0.0014
26.88,FLIGHT,0.9021,1.4685,0.0522,0.386,0.0837,0.3749,-0.0122,-0.1971,-0.0428,0.0331,1.02,-0.0056,1.5431,0.000342,-0.0057,0.0011
26.885,FLIGHT,0.9026,1.4704,0.0848,0.3745,0.1117,0.365,-0.0123,-0.1969,-0.0348,0.0318,1.0208,-0.0063,1.5443,0.000317,-0.0045,0.0009
26.89,FLIGHT,0.9032,1.4722,0.1126,0.3646,0.1355,0.3564,-0.0124,-0.1968,-0.0279,0.0306,1.0215,-0.0071,1.5454,0.000297,-0.0035,0.0007
26.895,FLIGHT,0.9039,1.474,0.1362,0.356,0.1556,0.3488,-0.0125,-0.1966,-0.0221,0.0296,1.0222,-0.0079,1.5464,0.000281,-0.0027,0.0005
26.9,FLIGHT,0.9048,1.4757,0.1561,0.3485,0.1725,0.3422,-0.0126,-0.1965,-0.0171,0.0287,1.0228,-0.0088,1.5475,0.000269,-0.0021,0.0004
26.905,FLIGHT,0.9057,1.4774,0.1729,0.3418,0.1866,0.3362,-0.0127,-0.1963,-0.0129,0.028,1.0235,-0.0096,1.5485,0.00026,-0.0015,0.0003
26.91,FLIGHT,0.9066,1.479,0.1868,0.3358,0.1982,0.3307,-0.0127,-0.1962,-0.0094,0.0273,1.0241,-0.0104,1.5494,0.000254,-0.0011,0.0002
26.915,FLIGHT,0.9076,1.4807,0.1984,0.3304,0.2077,0.3257,-0.0127,-0.1961,-0.0064,0.0267,1.0247,-0.0112,1.5503,0.000249,-0.0008,0.0002
26.92,FLIGHT,0.9087,1.4823,0.2078,0.3254,0.2154,0.321,-0.0127,-0.1959,-0.0038,0.0261,1.0253,-0.012,1.5512,0.000246,-0.0005,0.0001
26.925,FLIGHT,0.9098,1.4839,0.2154,0.3207,0.2214,0.3166,-0.0128,-0.1958,-0.0017,0.0256,1.0258,-0.0128,1.5521,0.000244,-0.0003,0.0001
26.93,FLIGHT,0.9109,1.4855,0.2214,0.3162,0.2261,0.3123,-0.0127,-0.1957,0.0,0.0252,1.0263,-0.0136,1.553,0.000242,-0.0002,0.0
26.935,FLIGHT,0.912,1.487,0.226,0.312,0.2296,0.3083,-0.0127,-0.1956,0.0015,0.0248,1.0268,-0.0143,1.5538,0.000242,-0.0001,0.0
26.94,FLIGHT,0.9132,1.4886,0.2294,0.3079,0.232,0.3043,-0.0127,-0.1954,0.0027,0.0244,1.0273,-0.0151,1.5546,0.000242,-0.0,0.0
26.945,FLIGHT,0.9144,1.4901,0.2319,0.3039,0.2336,0.3004,-0.0127,-0.1953,0.0037,0.024,1.0277,-0.0158,1.5553,0.000242,0.0,0.0
26.95,FLIGHT,0.9155,1.4916,0.2334,0.3,0.2344,0.2965,-0.0127,-0.1952,0.0046,0.0237,1.0282,-0.0165,1.5561,0.000242,0.0001,0.0
26.955,FLIGHT,0.9167,1.493,0.2342,0.2961,0.2346,0.2927,-0.0126,-0.1951,0.0052,0.0233,1.0286,-0.0171,1.5568,0.000242,0.0001,0.0
26.96,FLIGHT,0.9179,1.4945,0.2344,0.2923,0.2343,0.2889,-0.0126,-0.195,0.0058,0.023,1.0289,-0.0178,1.5575,0.000243,0.0001,0.0
26.965,FLIGHT,0.9191,1.4959,0.234,0.2885,0.2335,0.2851,-0.0126,-0.1949,0.0062,0.0227,1.0293,-0.0184,1.5582,0.000243,0.0001,0.0
26.97,FLIGHT,0.9202,1.4973,0.2332,0.2847,0.2323,0.2814,-0.0126,-0.1948,0.0065,0.0224,1.0296,-0.019,1.5589,0.000243,0.0001,0.0
26.975,FLIGHT,0.9214,1.4987,0.232,0.281,0.2307,0.2776,-0.0125,-0.1946,0.0068,0.0221,1.0299,-0.0196,1.5595,0.000244,0.0001,0.0
26.98,FLIGHT,0.9225,1.5001,0.2304,0.2772,0.2289,0.2738,-0.0125,-0.1945,0.007,0.0218,1.0302,-0.0202,1.5602,0.000244,0.0001,0.0
26.985,FLIGHT,0.9237,1.5015,0.2286,0.2734,0.2269,0.2701,-0.0124,-0.1944,0.0071,0.0215,1.0305,-0.0207,1.5608,0.000244,0.0,0.0
26.99,FLIGHT,0.9248,1.5028,0.2266,0.2697,0.2247,0.2663,-0.0124,-0.1943,0.0072,0.0212,1.0307,-0.0213,1.5614,0.000244,0.0,0.0
26.995,FLIGHT,0.9259,1.5041,0.2244,0.2659,0.2224,0.2625,-0.0124,-0.1942,0.0073,0.0209,1.0309,-0.0218,1.562,0.000245,0.0,0.0
27.0,FLIGHT,0.927,1.5054,0.2221,0.2621,0.2199,0.2588,-0.0123,-0.1941,0.0073,0.0206,1.0311,-0.0223,1.5625,0.000245,0.0,0.0
27.005,FLIGHT,0.9281,1.5067,0.2196,0.2584,0.2173,0.255,-0.0123,-0.194,0.0073,0.0203,1.0312,-0.0228,1.5631,0.000245,-0.0,0.0
27.01,FLIGHT,0.9292,1.508,0.217,0.2546,0.2147,0.2513,-0.0123,-0.1939,0.0073,0.02,1.0314,-0.0233,1.5637,0.000244,-0.0,0.0
27.015,FLIGHT,0.9303,1.5092,0.2144,0.2509,0.212,0.2476,-0.0122,-0.1938,0.0073,0.0198,1.0315,-0.0238,1.5642,0.000244,-0.0,0.0
27.02,FLIGHT,0.9313,1.5105,0.2117,0.2472,0.2093,0.2438,-0.0122,-0.1937,0.0073,0.0195,1.0316,-0.0242,1.5647,0.000244,-0.0,0.0
27.025,FLIGHT,0.9323,1.5117,0.209,0.2435,0.2065,0.2402,-0.0122,-0.1936,0.0072,0.0192,1.0317,-0.0247,1.5652,0.000244,-0.0,0.0
27.03,FLIGHT,0.9334,1.5129,0.2062,0.2398,0.2038,0.2365,-0.0121,-0.1935,0.0072,0.0189,1.0317,-0.0251,1.5657,0.000244,-0.0001,0.0
27.035,FLIGHT,0.9344,1.514,0.2035,0.2361,0.201,0.2329,-0.0121,-0.1934,0.0072,0.0186,1.0317,-0.0256,1.5662,0.000243,-0.0001,0.0
27.04,FLIGHT,0.9354,1.5152,0.2007,0.2325,0.1982,0.2292,-0.012,-0.1934,0.0071,0.0183,1.0317,-0.026,1.5667,0.000243,-0.0001,0.0
27.045,FLIGHT,0.9364,1.5163,0.1979,0.2289,0.1955,0.2257,-0.012,-0.1933,0.007,0.0181,1.0317,-0.0264,1.5672,0.000243,-0.0001,0.0
27.05,FLIGHT,0.9373,1.5174,0.1952,0.2253,0.1927,0.2221,-0.012,-0.1932,0.007,0.0178,1.0317,-0.0268,1.5677,0.000242,-0.0001,0.0
27.055,FLIGHT,0.9383,1.5186,0.1924,0.2218,0.19,0.2186,-0.0119,-0.1931,0.0069,0.0175,1.0316,-0.0272,1.5681,0.000242,-0.0001,0.0
27.06,FLIGHT,0.9392,1.5196,0.1897,0.2183,0.1873,0.2151,-0.0119,-0.193,0.0069,0.0173,1.0315,-0.0276,1.5686,0.000242,-0.0001,0.0
27.065,FLIGHT,0.9402,1.5207,0.187,0.2148,0.1846,0.2117,-0.0119,-0.1929,0.0068,0.017,1.0314,-0.028,1.569,0.000241,-0.0001,0.0
27.07,FLIGHT,0.9411,1.5218,0.1843,0.2114,0.1819,0.2083,-0.0118,-0.1928,0.0067,0.0167,1.0313,-0.0284,1.5695,0.000241,-0.0001,0.0
27.075,FLIGHT,0.942,1.5228,0.1817,0.208,0.1793,0.205,-0.0118,-0.1928,0.0067,0.0165,1.0311,-0.0288,1.5699,0.000241,-0.0001,0.0
27.08,FLIGHT,0.9429,1.5238,0.1791,0.2046,0.1767,0.2016,-0.0118,-0.1927,0.0066,0.0162,1.0309,-0.0291,1.5703,0.00024,-0.0001,0.0
27.085,FLIGHT,0.9438,1.5248,0.1765,0.2013,0.1742,0.1984,-0.0117,-0.1926,0.0066,0.0159,1.0308,-0.0295,1.5708,0.00024,-0.0001,0.0
27.09,FLIGHT,0.9446,1.5258,0.1739,0.1981,0.1716,0.1952,-0.0117,-0.1925,0.0065,0.0157,1.0305,-0.0299,1.5712,0.000239,-0.0001,0.0
27.095,FLIGHT,0.9455,1.5268,0.1714,0.1948,0.1691,0.192,-0.0117,-0.1924,0.0064,0.0154,1.0303,-0.0302,1.5716,0.000239,-0.0001,0.0
27.1,FLIGHT,0.9463,1.5277,0.1689,0.1917,0.1667,0.1888,-0.0116,-0.1924,0.0064,0.0152,1.03,-0.0306,1.572,0.000239,-0.0001,0.0
27.105,FLIGHT,0.9471,1.5286,0.1664,0.1885,0.1642,0.1857,-0.0116,-0.1923,0.0063,0.0149,1.0298,-0.0309,1.5724,0.000238,-0.0001,0.0
27.11,FLIGHT,0.948,1.5296,0.164,0.1854,0.1618,0.1827,-0.0116,-0.1922,0.0063,0.0147,1.0295,-0.0312,1.5727,0.000238,-0.0001,0.0
27.115,FLIGHT,0.9488,1.5305,0.1616,0.1824,0.1595,0.1797,-0.0116,-0.1921,0.0062,0.0145,1.0291,-0.0316,1.5731,0.000237,-0.0001,0.0
27.12,FLIGHT,0.9495,1.5314,0.1592,0.1794,0.1571,0.1768,-0.0115,-0.1921,0.0062,0.0142,1.0288,-0.0319,1.5735,0.000237,-0.0001,0.0
27.125,FLIGHT,0.9503,1.5322,0.1569,0.1765,0.1548,0.1739,-0.0115,-0.192,0.0061,0.014,1.0284,-0.0322,1.5739,0.000237,-0.0001,0.0
27.13,FLIGHT,0.9511,1.5331,0.1546,0.1736,0.1526,0.171,-0.0115,-0.1919,0.006,0.0138,1.0281,-0.0326,1.5742,0.000236,-0.0001,0.0
27.135,FLIGHT,0.9519,1.5339,0.1523,0.1707,0.1503,0.1682,-0.0114,-0.1919,0.006,0.0136,1.0277,-0.0329,1.5746,0.000236,-0.0001,0.0
27.14,FLIGHT,0.9526,1.5348,0.1501,0.1679,0.1481,0.1654,-0.0114,-0.1918,0.0059,0.0133,1.0272,-0.0332,1.5749,0.000235,-0.0001,0.0
27.145,FLIGHT,0.9533,1.5356,0.1479,0.1651,0.1459,0.1627,-0.0114,-0.1917,0.0059,0.0131,1.0268,-0.0335,1.5753,0.000235,-0.0001,0.0
27.15,FLIGHT,0.9541,1.5364,0.1457,0.1624,0.1438,0.16,-0.0113,-0.1917,0.0058,0.0129,1.0263,-0.0338,1.5756,0.000235,-0.0001,0.0
27.155,FLIGHT,0.9548,1.5372,0.1436,0.1597,0.1417,0.1574,-0.0113,-0.1916,0.0058,0.0127,1.0259,-0.0341,1.5759,0.000234,-0.0001,0.0
27.16,FLIGHT,0.9555,1.538,0.1415,0.1571,0.1396,0.1548,-0.0113,-0.1915,0.0057,0.0125,1.0254,-0.0344,1.5763,0.000234,-0.0001,0.0
27.165,FLIGHT,0.9562,1.5387,0.1394,0.1545,0.1375,0.1522,-0.0113,-0.1915,0.0056,0.0123,1.0249,-0.0347,1.5766,0.000234,-0.0001,0.0
27.17,FLIGHT,0.9568,1.5395,0.1373,0.152,0.1355,0.1497,-0.0112,-0.1914,0.0056,0.0121,1.0243,-0.035,1.5769,0.000233,-0.0001,0.0
27.175,FLIGHT,0.9575,1.5402,0.1353,0.1495,0.1334,0.1473,-0.0112,-0.1914,0.0055,0.0119,1.0238,-0.0353,1.5772,0.000233,-0.0001,0.0
27.18,FLIGHT,0.9582,1.541,0.1333,0.147,0.1315,0.1448,-0.0112,-0.1913,0.0055,0.0117,1.0232,-0.0356,1.5775,0.000233,-0.0001,0.0
27.185,FLIGHT,0.9588,1.5417,0.1313,0.1446,0.1295,0.1425,-0.0111,-0.1913,0.0054,0.0115,1.0226,-0.0359,1.5778,0.000232,-0.0001,0.0
27.19,FLIGHT,0.9595,1.5424,0.1293,0.1422,0.1276,0.1401,-0.0111,-0.1912,0.0054,0.0113,1.022,-0.0361,1.5781,0.000232,-0.0001,0.0
27.195,FLIGHT,0.9601,1.5431,0.1274,0.1399,0.1257,0.1378,-0.0111,-0.1911,0.0053,0.0111,1.0214,-0.0364,1.5784,0.000232,-0.0001,0.0
27.2,FLIGHT,0.9607,1.5438,0.1255,0.1376,0.1238,0.1356,-0.0111,-0.1911,0.0052,0.011,1.0207,-0.0367,1.5787,0.000231,-0.0001,0.0
27.205,FLIGHT,0.9613,1.5445,0.1236,0.1354,0.1219,0.1334,-0.011,-0.191,0.0052,0.0108,1.0201,-0.037,1.579,0.000231,-0.0001,0.0
27.21,FLIGHT,0.962,1.5451,0.1217,0.1331,0.1201,0.1312,-0.011,-0.191,0.0051,0.0106,1.0194,-0.0372,1.5793,0.000231,-0.0001,0.0
27.215,FLIGHT,0.9626,1.5458,0.1199,0.131,0.1183,0.129,-0.011,-0.1909,0.0051,0.0104,1.0187,-0.0375,1.5796,0.00023,-0.0001,0.0
27.22,FLIGHT,0.9631,1.5464,0.1181,0.1288,0.1165,0.1269,-0.011,-0.1909,0.005,0.0103,1.018,-0.0377,1.5799,0.00023,-0.0001,0.0
27.225,FLIGHT,0.9637,1.547,0.1163,0.1267,0.1147,0.1249,-0.0109,-0.1908,0.005,0.0101,1.0173,-0.038,1.5801,0.00023,-0.0001,0.0
27.23,FLIGHT,0.9643,1.5477,0.1145,0.1247,0.113,0.1228,-0.0109,-0.1908,0.0049,0.0099,1.0165,-0.0383,1.5804,0.00023,-0.0001,0.0
27.235,FLIGHT,0.9648,1.5483,0.1128,0.1226,0.1112,0.1208,-0.0109,-0.1907,0.0048,0.0098,1.0158,-0.0385,1.5807,0.000229,-0.0001,0.0
27.24,FLIGHT,0.9654,1.5489,0.1111,0.1206,0.1095,0.1189,-0.0109,-0.1907,0.0048,0.0096,1.015,-0.0388,1.5809,0.000229,-0.0001,0.0
27.245,FLIGHT,0.9659,1.5495,0.1094,0.1187,0.1079,0.1169,-0.0108,-0.1906,0.0047,0.0095,1.0142,-0.039,1.5812,0.000229,-0.0001,0.0
27.25,FLIGHT,0.9665,1.55,0.1077,0.1168,0.1062,0.1151,-0.0108,-0.1906,0.0046,0.0093,1.0134,-0.0393,1.5814,0.000229,-0.0,0.0
27.255,FLIGHT,0.967,1.5506,0.106,0.1149,0.1046,0.1132,-0.0108,-0.1905,0.0046,0.0092,1.0125,-0.0395,1.5817,0.000228,-0.0,0.0
27.26,FLIGHT,0.9675,1.5512,0.1044,0.113,0.1029,0.1114,-0.0108,-0.1905,0.0045,0.009,1.0117,-0.0397,1.5819,0.000228,-0.0,0.0
27.265,FLIGHT,0.968,1.5517,0.1028,0.1112,0.1013,0.1096,-0.0108,-0.1905,0.0044,0.0089,1.0108,-0.04,1.5822,0.000228,-0.0,0.0
27.27,FLIGHT,0.9685,1.5523,0.1012,0.1094,0.0998,0.1078,-0.0107,-0.1904,0.0044,0.0087,1.01,-0.0402,1.5824,0.000228,-0.0,0.0
27.275,FLIGHT,0.969,1.5528,0.0996,0.1077,0.0982,0.1061,-0.0107,-0.1904,0.0043,0.0086,1.0091,-0.0405,1.5827,0.000227,-0.0,0.0
27.28,FLIGHT,0.9695,1.5533,0.098,0.1059,0.0967,0.1044,-0.0107,-0.1903,0.0043,0.0085,1.0082,-0.0407,1.5829,0.000227,-0.0,0.0
27.285,FLIGHT,0.97,1.5538,0.0965,0.1042,0.0951,0.1027,-0.0107,-0.1903,0.0042,0.0083,1.0072,-0.0409,1.5831,0.000227,-0.0,0.0
27.29,FLIGHT,0.9705,1.5543,0.095,0.1026,0.0936,0.1011,-0.0107,-0.1902,0.0041,0.0082,1.0063,-0.0411,1.5834,0.000227,-0.0,0.0
27.295,FLIGHT,0.9709,1.5548,0.0935,0.1009,0.0921,0.0995,-0.0106,-0.1902,0.0041,0.0081,1.0053,-0.0414,1.5836,0.000227,-0.0,0.0
27.3,FLIGHT,0.9714,1.5553,0.092,0.0993,0.0907,0.0979,-0.0106,-0.1902,0.004,0.008,1.0044,-0.0416,1.5838,0.000226,-0.0,0.0
27.305,FLIGHT,0.9718,1.5558,0.0905,0.0977,0.0892,0.0963,-0.0106,-0.1901,0.0039,0.0078,1.0034,-0.0418,1.584,0.000226,-0.0,0.0
27.31,FLIGHT,0.9723,1.5563,0.0891,0.0962,0.0878,0.0948,-0.0106,-0.1901,0.0038,0.0077,1.0024,-0.042,1.5843,0.000226,-0.0,0.0
27.315,FLIGHT,0.9727,1.5568,0.0876,0.0947,0.0863,0.0933,-0.0106,-0.19,0.0038,0.0076,1.0014,-0.0423,1.5845,0.000226,-0.0,0.0
27.32,FLIGHT,0.9731,1.5572,0.0862,0.0932,0.0849,0.0919,-0.0105,-0.19,0.0037,0.0075,1.0004,-0.0425,1.5847,0.000226,-0.0,0.0
27.325,STANCE,0.9743,1.558,0.2191,0.1374,0.596,0.0715,-0.0104,-0.19,0.0229,0.0101,0.9995,0.0892,-0.3609,-0.000502,-0.439,0.0883
27.33,STANCE,0.9785,1.5554,0.6411,-0.4008,0.8542,-1.3736,-0.0093,-0.1902,0.1767,-0.0416,0.9983,-0.2599,-0.7388,-0.002975,-0.4139,0.0858
27.335,STANCE,0.981,1.5495,0.5036,-0.817,0.0753,-0.232,-0.008,-0.1908,0.2083,-0.0757,0.9975,-0.5139,-1.1162,-0.004288,-0.1186,0.028
27.34,STANCE,0.9809,1.5501,0.1434,-0.1743,0.0189,0.1402,-0.0081,-0.1907,0.0513,-0.0165,0.9977,-0.6804,-1.866,-0.004529,-0.0,0.0045
27.345,STANCE,0.9821,1.5492,0.2292,-0.2121,0.4694,-0.5443,-0.0077,-0.1908,0.0729,-0.0203,0.9981,-1.0119,-2.1889,-0.004411,0.0415,0.0044
27.35,STANCE,0.9845,1.5423,0.3872,-1.1458,0.3884,-2.3565,-0.0063,-0.1914,0.2326,-0.1013,0.998,-1.3507,-1.9176,-0.003909,0.1745,0.0039
27.355,STANCE,0.9883,1.5325,0.675,-1.6675,1.03,-1.9782,-0.0042,-0.1923,0.3623,-0.1436,0.9982,-1.6695,-1.5907,-0.003421,0.0388,0.0034
27.36,STANCE,0.9938,1.521,0.9587,-2.1315,1.0981,-2.5703,-0.0016,-0.1932,0.4855,-0.1763,0.9984,-1.8783,-1.0961,-0.003254,0.0378,0.0033
27.365,STANCE,0.999,1.5077,1.0091,-2.4962,0.9211,-2.7516,0.0013,-0.1943,0.5515,-0.1968,0.9986,-1.8421,-0.5099,-0.003035,0.0586,0.003
27.37,STANCE,1.003,1.4943,0.8597,-2.6051,0.5917,-2.6917,0.004,-0.1954,0.5424,-0.1969,0.9989,-1.5561,0.0261,-0.002714,0.0919,0.0027
27.375,STANCE,1.0055,1.4817,0.5936,-2.5358,0.3867,-2.3612,0.0063,-0.1963,0.4839,-0.1857,0.9992,-1.0853,0.4784,-0.002254,0.0941,0.0023
27.38,STANCE,1.0066,1.4701,0.3291,-2.3833,0.1166,-2.2413,0.0082,-0.1972,0.4124,-0.171,0.9996,-0.5563,0.8318,-0.001681,0.1233,0.0017
27.385,STANCE,1.0068,1.4591,0.1325,-2.2451,-0.0004,-2.1409,0.0099,-0.1979,0.3554,-0.1586,1.0001,-0.1121,1.0747,-0.001029,0.1349,0.001
27.39,FLIGHT,1.0069,1.4488,0.0583,-2.123,0.0339,-2.0344,0.0114,-0.1987,0.3244,-0.1473,1.0007,-1.2159,2.5099,-0.000383,0.1285,0.0004
27.395,FLIGHT,1.0058,1.4408,-0.1777,-1.6907,-0.6181,-0.9664,0.0124,-0.1992,0.2145,-0.1184,1.0014,-1.179,2.4696,0.000277,0.1184,0.0
27.4,FLIGHT,1.0009,1.4387,-0.7505,-0.772,-1.2821,0.0714,0.0117,-0.1994,-0.0357,-0.0621,1.0024,-0.9587,2.2827,0.000743,0.07,0.0
27.405,FLIGHT,0.9934,1.4409,-1.2859,0.0846,-1.6951,0.7519,0.0099,-0.1994,-0.2688,-0.0068,1.0036,-0.7037,2.0716,0.001,0.0352,0.0
27.41,FLIGHT,0.9844,1.4457,-1.6457,0.6968,-1.8804,1.1262,0.0074,-0.1991,-0.4294,0.0384,1.005,-0.4846,1.8925,0.001113,0.0119,0.0
27.415,FLIGHT,0.9749,1.4518,-1.8178,1.0563,-1.8975,1.279,0.0046,-0.1987,-0.5142,0.0707,1.0064,-0.3205,1.7599,0.001132,-0.0031,0.0006
27.42,FLIGHT,0.9656,1.4583,-1.8398,1.2164,-1.8068,1.2899,0.0018,-0.1982,-0.5394,0.0904,1.0078,-0.2076,1.6702,0.001092,-0.0122,0.0024
27.425,FLIGHT,0.9569,1.4646,-1.76,1.2414,-1.6564,1.2205,-0.0008,-0.1978,-0.5249,0.0997,1.0092,-0.1344,1.6137,0.001017,-0.0173,0.0035
27.43,FLIGHT,0.9491,1.4704,-1.621,1.1858,-1.48,1.1129,-0.0032,-0.1973,-0.4874,0.1014,1.0106,-0.0891,1.5803,0.000924,-0.0195,0.0039
27.435,FLIGHT,0.9421,1.4757,-1.454,1.0894,-1.2988,0.9933,-0.0053,-0.1968,-0.4391,0.098,1.0119,-0.062,1.562,0.000825,-0.0198,0.004
27.44,FLIGHT,0.9361,1.4804,-1.2798,0.9779,-1.1248,0.8765,-0.0071,-0.1964,-0.3877,0.0916,1.0132,-0.0463,1.5528,0.000728,-0.019,0.0038
27.445,FLIGHT,0.9308,1.4845,-1.1108,0.8666,-0.9641,0.7698,-0.0087,-0.196,-0.3379,0.0839,1.0144,-0.0372,1.5489,0.000637,-0.0174,0.0035
27.45,FLIGHT,0.9264,1.4881,-0.9536,0.7635,-0.8192,0.6762,-0.0101,-0.1956,-0.2919,0.0759,1.0156,-0.032,1.5479,0.000555,-0.0154,0.0031
27.455,FLIGHT,0.9226,1.4913,-0.811,0.6721,-0.6902,0.5959,-0.0113,-0.1953,-0.2507,0.0681,1.0167,-0.029,1.5482,0.000483,-0.0133,0.0027
27.46,FLIGHT,0.9195,1.4941,-0.6837,0.5932,-0.5763,0.5279,-0.0123,-0.195,-0.2145,0.0609,1.0178,-0.0271,1.5492,0.000422,-0.0111,0.0022
27.465,FLIGHT,0.9168,1.4966,-0.5709,0.5261,-0.4763,0.471,-0.0131,-0.1948,-0.183,0.0545,1.0189,-0.0259,1.5503,0.000371,-0.0092,0.0018
27.47,FLIGHT,0.9147,1.4988,-0.4718,0.4696,-0.3887,0.4234,-0.0138,-0.1946,-0.1556,0.0487,1.0199,-0.0251,1.5516,0.00033,-0.0074,0.0015
27.475,FLIGHT,0.9129,1.5008,-0.3848,0.4223,-0.312,0.3837,-0.0144,-0.1943,-0.1321,0.0437,1.0209,-0.0245,1.5527,0.000297,-0.0059,0.0012
27.48,FLIGHT,0.9115,1.5026,-0.3088,0.3828,-0.2451,0.3506,-0.015,-0.1942,-0.1118,0.0394,1.0218,-0.0242,1.5538,0.000271,-0.0046,0.0009
27.485,FLIGHT,0.9105,1.5043,-0.2423,0.3499,-0.1868,0.3231,-0.0154,-0.194,-0.0943,0.0357,1.0228,-0.0239,1.5548,0.000251,-0.0035,0.0007
27.49,FLIGHT,0.9097,1.5059,-0.1844,0.3225,-0.136,0.3001,-0.0158,-0.1938,-0.0792,0.0324,1.0237,-0.0239,1.5558,0.000236,-0.0026,0.0005
27.495,FLIGHT,0.9091,1.5073,-0.1339,0.2996,-0.0918,0.2809,-0.0161,-0.1937,-0.0663,0.0297,1.0245,-0.0239,1.5567,0.000225,-0.0018,0.0004
27.5,FLIGHT,0.9087,1.5087,-0.09,0.2805,-0.0535,0.2649,-0.0163,-0.1936,-0.0552,0.0273,1.0254,-0.0241,1.5576,0.000217,-0.0013,0.0003
27.505,FLIGHT,0.9086,1.51,-0.052,0.2645,-0.0203,0.2515,-0.0165,-0.1934,-0.0456,0.0253,1.0262,-0.0244,1.5584,0.000212,-0.0008,0.0002
27.51,FLIGHT,0.9085,1.5112,-0.0191,0.2511,0.0083,0.2402,-0.0167,-0.1933,-0.0374,0.0235,1.027,-0.0247,1.5592,0.000209,-0.0004,0.0001
27.515,FLIGHT,0.9086,1.5124,0.0094,0.2399,0.033,0.2306,-0.0168,-0.1932,-0.0304,0.022,1.0277,-0.0251,1.5599,0.000208,-0.0002,0.0
27.52,FLIGHT,0.9089,1.5135,0.0338,0.2304,0.0541,0.2226,-0.0169,-0.1931,-0.0244,0.0208,1.0285,-0.0255,1.5607,0.000207,0.0,0.0
27.525,FLIGHT,0.9092,1.5146,0.0548,0.2223,0.0722,0.2157,-0.017,-0.193,-0.0192,0.0197,1.0292,-0.0259,1.5614,0.000208,0.0002,0.0
27.53,FLIGHT,0.9096,1.5157,0.0727,0.2155,0.0875,0.2098,-0.0171,-0.1929,-0.0148,0.0188,1.0298,-0.0264,1.562,0.000209,0.0003,0.0
27.535,FLIGHT,0.91,1.5167,0.088,0.2096,0.1005,0.2047,-0.0171,-0.1928,-0.0111,0.018,1.0305,-0.0269,1.5627,0.000211,0.0003,0.0
27.54,FLIGHT,0.9106,1.5177,0.1009,0.2045,0.1115,0.2002,-0.0172,-0.1928,-0.0079,0.0173,1.0311,-0.0274,1.5633,0.000212,0.0004,0.0
27.545,FLIGHT,0.9112,1.5187,0.1117,0.2,0.1206,0.1963,-0.0172,-0.1927,-0.0052,0.0167,1.0317,-0.0279,1.5639,0.000214,0.0004,0.0
27.55,FLIGHT,0.9118,1.5197,0.1208,0.1961,0.1282,0.1927,-0.0172,-0.1926,-0.003,0.0162,1.0323,-0.0284,1.5645,0.000216,0.0004,0.0
27.555,FLIGHT,0.9124,1.5206,0.1283,0.1925,0.1344,0.1895,-0.0172,-0.1925,-0.0011,0.0157,1.0329,-0.0289,1.565,0.000218,0.0004,0.0
27.56,FLIGHT,0.9131,1.5216,0.1345,0.1893,0.1394,0.1866,-0.0172,-0.1924,0.0006,0.0153,1.0334,-0.0294,1.5656,0.00022,0.0004,0.0
27.565,FLIGHT,0.9138,1.5225,0.1394,0.1864,0.1434,0.1838,-0.0172,-0.1924,0.0019,0.015,1.0339,-0.0299,1.5661,0.000222,0.0004,0.0
27.57,FLIGHT,0.9146,1.5234,0.1434,0.1836,0.1466,0.1812,-0.0172,-0.1923,0.003,0.0147,1.0344,-0.0304,1.5666,0.000224,0.0003,0.0
27.575,FLIGHT,0.9153,1.5243,0.1465,0.181,0.1489,0.1787,-0.0172,-0.1922,0.004,0.0144,1.0348,-0.0309,1.5671,0.000225,0.0003,0.0
27.58,FLIGHT,0.916,1.5252,0.1488,0.1785,0.1506,0.1764,-0.0171,-0.1922,0.0047,0.0141,1.0353,-0.0313,1.5675,0.000227,0.0003,0.0
27.585,FLIGHT,0.9168,1.5261,0.1505,0.1761,0.1518,0.174,-0.0171,-0.1921,0.0054,0.0139,1.0357,-0.0317,1.568,0.000228,0.0002,0.0
27.59,FLIGHT,0.9176,1.5269,0.1517,0.1738,0.1525,0.1717,-0.0171,-0.192,0.0059,0.0136,1.036,-0.0322,1.5684,0.000229,0.0002,0.0
27.595,FLIGHT,0.9183,1.5278,0.1523,0.1715,0.1527,0.1695,-0.017,-0.192,0.0063,0.0134,1.0364,-0.0326,1.5688,0.00023,0.0002,0.0
27.6,FLIGHT,0.9191,1.5286,0.1526,0.1693,0.1526,0.1673,-0.017,-0.1919,0.0067,0.0132,1.0367,-0.0329,1.5693,0.000231,0.0002,0.0
27.605,FLIGHT,0.9198,1.5295,0.1525,0.167,0.1523,0.1651,-0.017,-0.1918,0.0069,0.013,1.037,-0.0333,1.5697,0.000232,0.0001,0.0
27.61,FLIGHT,0.9206,1.5303,0.1521,0.1648,0.1517,0.1628,-0.0169,-0.1918,0.0071,0.0128,1.0373,-0.0337,1.5701,0.000233,0.0001,0.0
27.615,FLIGHT,0.9214,1.5311,0.1515,0.1626,0.1508,0.1607,-0.0169,-0.1917,0.0073,0.0126,1.0376,-0.0341,1.5704,0.000233,0.0001,0.0
27.62,FLIGHT,0.9221,1.5319,0.1507,0.1604,0.1498,0.1585,-0.0169,-0.1916,0.0074,0.0124,1.0378,-0.0344,1.5708,0.000234,0.0001,0.0
27.625,FLIGHT,0.9229,1.5327,0.1497,0.1582,0.1487,0.1563,-0.0168,-0.1916,0.0075,0.0123,1.038,-0.0347,1.5712,0.000234,0.0001,0.0
27.63,FLIGHT,0.9236,1.5335,0.1485,0.156,0.1475,0.1541,-0.0168,-0.1915,0.0076,0.0121,1.0382,-0.0351,1.5715,0.000234,0.0,0.0
27.635,FLIGHT,0.9243,1.5342,0.1473,0.1539,0.1461,0.1519,-0.0167,-0.1915,0.0076,0.0119,1.0384,-0.0354,1.5719,0.000234,0.0,0.0
27.64,FLIGHT,0.9251,1.535,0.1459,0.1517,0.1447,0.1497,-0.0167,-0.1914,0.0077,0.0117,1.0385,-0.0357,1.5722,0.000235,0.0,0.0
27.645,FLIGHT,0.9258,1.5357,0.1445,0.1495,0.1432,0.1476,-0.0167,-0.1913,0.0077,0.0116,1.0386,-0.036,1.5725,0.000235,0.0,0.0
27.65,FLIGHT,0.9265,1.5365,0.1431,0.1473,0.1417,0.1454,-0.0166,-0.1913,0.0077,0.0114,1.0387,-0.0363,1.5728,0.000235,0.0,0.0
27.655,FLIGHT,0.9272,1.5372,0.1415,0.1452,0.1402,0.1432,-0.0166,-0.1912,0.0077,0.0112,1.0388,-0.0366,1.5732,0.000235,-0.0,0.0
27.66,FLIGHT,0.9279,1.5379,0.14,0.143,0.1386,0.1411,-0.0166,-0.1912,0.0077,0.011,1.0389,-0.0368,1.5735,0.000235,-0.0,0.0
27.665,FLIGHT,0.9286,1.5386,0.1384,0.1409,0.137,0.139,-0.0165,-0.1911,0.0076,0.0109,1.0389,-0.0371,1.5738,0.000235,-0.0,0.0
27.67,FLIGHT,0.9293,1.5393,0.1368,0.1388,0.1354,0.1369,-0.0165,-0.1911,0.0076,0.0107,1.0389,-0.0374,1.5741,0.000234,-0.0,0.0
27.675,FLIGHT,0.9299,1.54,0.1352,0.1366,0.1338,0.1348,-0.0164,-0.191,0.0076,0.0105,1.0389,-0.0376,1.5744,0.000234,-0.0,0.0
27.68,FLIGHT,0.9306,1.5406,0.1336,0.1345,0.1322,0.1327,-0.0164,-0.191,0.0075,0.0104,1.0388,-0.0379,1.5747,0.000234,-0.0,0.0
27.685,FLIGHT,0.9313,1.5413,0.132,0.1325,0.1306,0.1306,-0.0164,-0.1909,0.0075,0.0102,1.0388,-0.0381,1.5749,0.000234,-0.0,0.0
27.69,FLIGHT,0.9319,1.5419,0.1304,0.1304,0.129,0.1286,-0.0163,-0.1909,0.0075,0.0101,1.0387,-0.0384,1.5752,0.000234,-0.0,0.0
27.695,FLIGHT,0.9325,1.5426,0.1288,0.1284,0.1274,0.1266,-0.0163,-0.1908,0.0074,0.0099,1.0386,-0.0386,1.5755,0.000234,-0.0,0.0
27.7,FLIGHT,0.9332,1.5432,0.1272,0.1264,0.1258,0.1246,-0.0163,-0.1908,0.0074,0.0097,1.0384,-0.0388,1.5758,0.000234,-0.0,0.0
27.705,FLIGHT,0.9338,1.5438,0.1257,0.1244,0.1243,0.1226,-0.0162,-0.1907,0.0073,0.0096,1.0383,-0.0391,1.576,0.000233,-0.0,0.0
27.71,FLIGHT,0.9344,1.5444,0.1241,0.1224,0.1227,0.1206,-0.0162,-0.1907,0.0073,0.0094,1.0381,-0.0393,1.5763,0.000233,-0.0,0.0
27.715,FLIGHT,0.935,1.545,0.1226,0.1205,0.1212,0.1187,-0.0161,-0.1906,0.0073,0.0093,1.0379,-0.0395,1.5766,0.000233,-0.0,0.0
27.72,FLIGHT,0.9356,1.5456,0.1211,0.1185,0.1197,0.1168,-0.0161,-0.1906,0.0072,0.0091,1.0377,-0.0397,1.5768,0.000233,-0.0,0.0
27.725,FLIGHT,0.9362,1.5462,0.1196,0.1166,0.1182,0.115,-0.0161,-0.1905,0.0072,0.009,1.0375,-0.04,1.5771,0.000233,-0.0,0.0
27.73,FLIGHT,0.9368,1.5468,0.1181,0.1148,0.1167,0.1131,-0.016,-0.1905,0.0072,0.0088,1.0372,-0.0402,1.5773,0.000232,-0.0,0.0
27.735,FLIGHT,0.9374,1.5473,0.1166,0.1129,0.1153,0.1113,-0.016,-0.1904,0.0071,0.0087,1.0369,-0.0404,1.5776,0.000232,-0.0,0.0
27.74,FLIGHT,0.938,1.5479,0.1151,0.1111,0.1139,0.1095,-0.016,-0.1904,0.0071,0.0085,1.0366,-0.0406,1.5778,0.000232,-0.0,0.0
27.745,FLIGHT,0.9385,1.5484,0.1137,0.1094,0.1124,0.1078,-0.0159,-0.1904,0.007,0.0084,1.0363,-0.0408,1.578,0.000232,-0.0,0.0
27.75,FLIGHT,0.9391,1.549,0.1123,0.1076,0.111,0.106,-0.0159,-0.1903,0.007,0.0083,1.036,-0.041,1.5783,0.000232,-0.0,0.0
27.755,FLIGHT,0.9396,1.5495,0.1109,0.1059,0.1097,0.1043,-0.0159,-0.1903,0.007,0.0081,1.0356,-0.0412,1.5785,0.000231,-0.0,0.0
27.76,FLIGHT,0.9402,1.55,0.1095,0.1042,0.1083,0.1027,-0.0158,-0.1902,0.0069,0.008,1.0353,-0.0414,1.5787,0.000231,-0.0,0.0
27.765,FLIGHT,0.9407,1.5505,0.1082,0.1025,0.1069,0.101,-0.0158,-0.1902,0.0069,0.0079,1.0349,-0.0416,1.579,0.000231,-0.0,0.0
27.77,FLIGHT,0.9413,1.551,0.1068,0.1009,0.1056,0.0994,-0.0158,-0.1902,0.0068,0.0077,1.0344,-0.0418,1.5792,0.000231,-0.0,0.0
27.775,FLIGHT,0.9418,1.5515,0.1055,0.0993,0.1043,0.0978,-0.0157,-0.1901,0.0068,0.0076,1.034,-0.042,1.5794,0.000231,-0.0,0.0
27.78,FLIGHT,0.9423,1.552,0.1042,0.0977,0.103,0.0963,-0.0157,-0.1901,0.0067,0.0075,1.0335,-0.0422,1.5796,0.000231,-0.0,0.0
27.785,FLIGHT,0.9428,1.5525,0.1029,0.0961,0.1017,0.0947,-0.0157,-0.1901,0.0067,0.0074,1.0331,-0.0424,1.5799,0.00023,-0.0,0.0
27.79,FLIGHT,0.9433,1.5529,0.1016,0.0946,0.1005,0.0932,-0.0156,-0.19,0.0067,0.0072,1.0326,-0.0426,1.5801,0.00023,-0.0,0.0
27.795,FLIGHT,0.9438,1.5534,0.1003,0.0931,0.0992,0.0918,-0.0156,-0.19,0.0066,0.0071,1.0321,-0.0428,1.5803,0.00023,-0.0,0.0
27.8,FLIGHT,0.9443,1.5538,0.0991,0.0916,0.098,0.0903,-0.0156,-0.1899,0.0066,0.007,1.0315,-0.0429,1.5805,0.00023,-0.0,0.0
27.805,FLIGHT,0.9448,1.5543,0.0978,0.0902,0.0967,0.0889,-0.0155,-0.1899,0.0065,0.0069,1.031,-0.0431,1.5807,0.00023,-0.0,0.0
27.81,FLIGHT,0.9453,1.5547,0.0966,0.0887,0.0955,0.0875,-0.0155,-0.1899,0.0065,0.0068,1.0304,-0.0433,1.5809,0.00023,-0.0,0.0
27.815,FLIGHT,0.9458,1.5552,0.0954,0.0874,0.0943,0.0861,-0.0155,-0.1898,0.0064,0.0067,1.0298,-0.0435,1.5811,0.000229,-0.0,0.0
27.82,FLIGHT,0.9462,1.5556,0.0942,0.086,0.0932,0.0848,-0.0154,-0.1898,0.0064,0.0066,1.0292,-0.0437,1.5813,0.000229,-0.0,0.0
27.825,FLIGHT,0.9467,1.556,0.093,0.0846,0.092,0.0834,-0.0154,-0.1898,0.0063,0.0065,1.0286,-0.0439,1.5815,0.000229,-0.0,0.0
27.83,FLIGHT,0.9471,1.5564,0.0919,0.0833,0.0908,0.0821,-0.0154,-0.1897,0.0063,0.0064,1.028,-0.044,1.5817,0.000229,-0.0,0.0
27.835,FLIGHT,0.9476,1.5568,0.0907,0.082,0.0897,0.0809,-0.0153,-0.1897,0.0062,0.0063,1.0273,-0.0442,1.5819,0.000229,-0.0,0.0
27.84,FLIGHT,0.948,1.5572,0.0896,0.0807,0.0886,0.0796,-0.0153,-0.1897,0.0062,0.0062,1.0266,-0.0444,1.5821,0.000229,-0.0,0.0
27.845,FLIGHT,0.9485,1.5576,0.0885,0.0795,0.0874,0.0784,-0.0153,-0.1897,0.0061,0.0061,1.0259,-0.0446,1.5823,0.000229,-0.0,0.0
27.85,FLIGHT,0.9489,1.558,0.0873,0.0783,0.0863,0.0772,-0.0152,-0.1896,0.0061,0.006,1.0252,-0.0447,1.5825,0.000228,-0.0,0.0
27.855,FLIGHT,0.9493,1.5584,0.0862,0.0771,0.0852,0.076,-0.0152,-0.1896,0.006,0.0059,1.0245,-0.0449,1.5826,0.000228,-0.0,0.0
27.86,FLIGHT,0.9498,1.5588,0.0851,0.0759,0.0842,0.0748,-0.0152,-0.1896,0.006,0.0058,1.0238,-0.0451,1.5828,0.000228,-0.0,0.0
27.865,FLIGHT,0.9502,1.5592,0.084,0.0747,0.0831,0.0737,-0.0152,-0.1895,0.0059,0.0057,1.023,-0.0452,1.583,0.000228,-0.0,0.0
27.87,FLIGHT,0.9506,1.5595,0.083,0.0736,0.082,0.0726,-0.0151,-0.1895,0.0059,0.0056,1.0222,-0.0454,1.5832,0.000228,-0.0,0.0
27.875,FLIGHT,0.951,1.5599,0.0819,0.0725,0.081,0.0715,-0.0151,-0.1895,0.0058,0.0055,1.0214,-0.0456,1.5834,0.000228,-0.0,0.0
27.88,FLIGHT,0.9514,1.5602,0.0808,0.0714,0.0799,0.0704,-0.0151,-0.1895,0.0058,0.0054,1.0206,-0.0457,1.5835,0.000228,-0.0,0.0
27.885,FLIGHT,0.9518,1.5606,0.0798,0.0703,0.0789,0.0694,-0.015,-0.1894,0.0057,0.0054,1.0198,-0.0459,1.5837,0.000228,-0.0,0.0
27.89,FLIGHT,0.9522,1.5609,0.0788,0.0693,0.0778,0.0683,-0.015,-0.1894,0.0057,0.0053,1.019,-0.0461,1.5839,0.000228,-0.0,0.0
27.895,FLIGHT,0.9526,1.5613,0.0777,0.0682,0.0768,0.0673,-0.015,-0.1894,0.0056,0.0052,1.0181,-0.0462,1.5841,0.000227,-0.0,0.0
27.9,FLIGHT,0.953,1.5616,0.0767,0.0672,0.0758,0.0663,-0.015,-0.1894,0.0055,0.0051,1.0172,-0.0464,1.5842,0.000227,-0.0,0.0
27.905,FLIGHT,0.9533,1.5619,0.0757,0.0662,0.0748,0.0654,-0.0149,-0.1893,0.0055,0.005,1.0163,-0.0465,1.5844,0.000227,-0.0,0.0
27.91,FLIGHT,0.9537,1.5623,0.0747,0.0653,0.0738,0.0644,-0.0149,-0.1893,0.0054,0.005,1.0154,-0.0467,1.5846,0.000227,-0.0,0.0
27.915,FLIGHT,0.9541,1.5626,0.0737,0.0643,0.0728,0.0635,-0.0149,-0.1893,0.0054,0.0049,1.0145,-0.0469,1.5847,0.000227,-0.0,0.0
27.92,FLIGHT,0.9544,1.5629,0.0727,0.0634,0.0719,0.0625,-0.0148,-0.1893,0.0053,0.0048,1.0136,-0.047,1.5849,0.000227,-0.0,0.0
27.925,FLIGHT,0.9548,1.5632,0.0718,0.0624,0.0709,0.0616,-0.0148,-0.1892,0.0052,0.0048,1.0126,-0.0472,1.585,0.000227,-0.0,0.0
27.93,FLIGHT,0.9552,1.5635,0.0708,0.0615,0.0699,0.0607,-0.0148,-0.1892,0.0052,0.0047,1.0117,-0.0473,1.5852,0.000227,-0.0,0.0
27.935,FLIGHT,0.9555,1.5638,0.0698,0.0607,0.069,0.0599,-0.0148,-0.1892,0.0051,0.0046,1.0107,-0.0475,1.5854,0.000227,-0.0,0.0
27.94,FLIGHT,0.9558,1.5641,0.0689,0.0598,0.068,0.059,-0.0147,-0.1892,0.005,0.0046,1.0097,-0.0476,1.5855,0.000227,-0.0,0.0
27.945,FLIGHT,0.9562,1.5644,0.0679,0.0589,0.0671,0.0582,-0.0147,-0.1891,0.005,0.0045,1.0087,-0.0478,1.5857,0.000227,-0.0,0.0
27.95,FLIGHT,0.9565,1.5647,0.067,0.0581,0.0662,0.0574,-0.0147,-0.1891,0.0049,0.0044,1.0077,-0.0479,1.5858,0.000226,-0.0,0.0
27.955,FLIGHT,0.9568,1.565,0.0661,0.0573,0.0652,0.0566,-0.0147,-0.1891,0.0048,0.0044,1.0066,-0.0481,1.586,0.000226,-0.0,0.0
27.96,FLIGHT,0.9572,1.5653,0.0651,0.0565,0.0643,0.0558,-0.0146,-0.1891,0.0048,0.0043,1.0056,-0.0483,1.5861,0.000226,-0.0,0.0
27.965,FLIGHT,0.9575,1.5655,0.0642,0.0557,0.0634,0.055,-0.0146,-0.1891,0.0047,0.0042,1.0045,-0.0484,1.5863,0.000226,-0.0,0.0
27.97,FLIGHT,0.9578,1.5658,0.0633,0.0549,0.0625,0.0542,-0.0146,-0.189,0.0046,0.0042,1.0034,-0.0486,1.5864,0.000226,-0.0,0.0
27.975,FLIGHT,0.9581,1.5661,0.0624,0.0542,0.0616,0.0535,-0.0146,-0.189,0.0046,0.0041,1.0023,-0.0487,1.5866,0.000226,-0.0,0.0
27.98,FLIGHT,0.9584,1.5663,0.0615,0.0534,0.0607,0.0528,-0.0146,-0.189,0.0045,0.0041,1.0012,-0.0489,1.5867,0.000226,-0.0,0.0
27.985,FLIGHT,0.9587,1.5666,0.0606,0.0527,0.0598,0.052,-0.0145,-0.189,0.0044,0.004,1.0001,-0.049,1.5869,0.000226,-0.0,0.0
27.99,STANCE,0.9605,1.5672,0.3084,0.0905,0.7653,-0.1087,-0.0143,-0.1889,0.0462,0.004,0.9992,0.0922,-0.5038,-0.001374,-0.5191,0.1052
27.995,STANCE,0.9648,1.5626,0.6903,-0.6889,1.0346,-1.3339,-0.0128,-0.1894,0.2236,-0.0721,0.9979,-0.2394,-0.8085,-0.003584,-0.4186,0.0873
28.0,STANCE,0.9665,1.5603,0.3899,-0.4439,-0.0423,0.1049,-0.0122,-0.1897,0.1339,-0.0453,0.9976,-0.3872,-1.4917,-0.004549,-0.0642,0.0174
28.005,STANCE,0.9664,1.5608,0.1304,-0.0952,0.1275,-0.0936,-0.0123,-0.1896,0.0376,-0.0103,0.9979,-0.555,-2.1326,-0.004593,0.03,0.0046
28.01,STANCE,0.9682,1.5583,0.3081,-0.4241,0.4648,-1.2929,-0.0116,-0.1899,0.1159,-0.0421,0.9981,-0.8989,-2.3146,-0.004323,0.1051,0.0043
28.015,STANCE,0.9711,1.5493,0.5331,-1.3529,0.9295,-1.8449,-0.0098,-0.1907,0.2864,-0.1258,0.9981,-1.2495,-2.0002,-0.003679,0.0763,0.0037
28.02,STANCE,0.9771,1.5378,0.998,-2.053,1.3672,-2.7189,-0.0071,-0.1918,0.4748,-0.1851,0.9982,-1.6475,-1.5379,-0.003528,0.0079,0.0035
28.025,STANCE,0.9843,1.5232,1.293,-2.6613,1.4748,-3.0033,-0.0037,-0.193,0.622,-0.2274,0.9983,-1.8768,-0.9118,-0.00354,-0.0143,0.0064
28.03,STANCE,0.9907,1.5076,1.2731,-2.9653,1.1736,-3.0324,-0.0003,-0.1943,0.6676,-0.2392,0.9984,-1.8187,-0.2959,-0.003474,0.0173,0.0035
28.035,STANCE,0.9954,1.4927,1.0227,-2.962,0.7015,-2.8993,0.0028,-0.1955,0.6243,-0.2275,0.9986,-1.4918,0.227,-0.003257,0.069,0.0033
28.04,STANCE,0.9981,1.4791,0.6701,-2.7859,0.4019,-2.522,0.0053,-0.1965,0.5343,-0.2066,0.9989,-0.989,0.6484,-0.002861,0.0825,0.0029
28.045,STANCE,0.9992,1.4668,0.3497,-2.5523,0.1101,-2.338,0.0073,-0.1975,0.4404,-0.185,0.9993,-0.4533,0.964,-0.002332,0.1133,0.0023
28.05,STANCE,0.9993,1.4554,0.127,-2.3565,-0.0294,-2.2234,0.0089,-0.1983,0.3701,-0.1681,0.9998,-0.0352,1.1625,-0.001717,0.1319,0.0017
28.055,FLIGHT,0.9993,1.4447,0.0395,-2.2011,0.0344,-2.0534,0.0105,-0.199,0.3317,-0.1542,1.0003,-1.2531,2.5367,-0.001078,0.1199,0.0011
28.06,FLIGHT,0.9973,1.4378,-0.3054,-1.567,-0.8074,-0.7419,0.0111,-0.1995,0.1701,-0.1123,1.0011,-1.1671,2.4552,-0.000355,0.1669,0.0004
28.065,FLIGHT,0.9916,1.4367,-0.9064,-0.6018,-1.4329,0.2403,0.0101,-0.1997,-0.0924,-0.0514,1.0022,-0.9217,2.2486,0.000473,0.1377,0.0
28.07,FLIGHT,0.9834,1.4396,-1.4184,0.2304,-1.7961,0.8624,0.0081,-0.1995,-0.3168,0.0051,1.0035,-0.6649,2.0366,0.001002,0.0773,0.0
28.075,FLIGHT,0.974,1.4449,-1.7398,0.7991,-1.9394,1.1887,0.0054,-0.1992,-0.4627,0.0496,1.0049,-0.4529,1.8636,0.001278,0.0361,0.0
28.08,FLIGHT,0.9643,1.4512,-1.8756,1.1175,-1.926,1.3073,0.0026,-0.1988,-0.5338,0.0804,1.0064,-0.2978,1.7387,0.001387,0.0092,0.0
28.085,FLIGHT,0.9549,1.4577,-1.8695,1.2462,-1.8154,1.2965,-0.0002,-0.1983,-0.5487,0.0983,1.0078,-0.1927,1.6556,0.001387,-0.0077,0.0015
28.09,FLIGHT,0.9462,1.464,-1.7705,1.2502,-1.6532,1.2146,-0.0028,-0.1978,-0.5273,0.1059,1.0092,-0.1254,1.604,0.001322,-0.0175,0.0035
28.095,FLIGHT,0.9384,1.4698,-1.6195,1.182,-1.4705,1.1008,-0.0052,-0.1973,-0.4856,0.106,1.0106,-0.0841,1.574,0.00122,-0.0226,0.0045
28.1,FLIGHT,0.9315,1.475,-1.4458,1.0789,-1.2865,0.9789,-0.0073,-0.1968,-0.4351,0.1015,1.0119,-0.0596,1.5579,0.001101,-0.0246,0.0049
28.105,FLIGHT,0.9255,1.4796,-1.2685,0.9646,-1.1118,0.862,-0.0091,-0.1964,-0.3828,0.0943,1.0132,-0.0454,1.55,0.000977,-0.0245,0.0049
28.11,FLIGHT,0.9203,1.4836,-1.0985,0.8528,-0.9515,0.7563,-0.0106,-0.196,-0.3328,0.0859,1.0144,-0.0373,1.5469,0.000858,-0.0232,0.0046
28.115,FLIGHT,0.9159,1.4872,-0.9414,0.7505,-0.8074,0.6642,-0.012,-0.1956,-0.2871,0.0774,1.0156,-0.0326,1.5462,0.000747,-0.0211,0.0042
28.12,FLIGHT,0.9122,1.4903,-0.7996,0.6604,-0.6795,0.5854,-0.0131,-0.1953,-0.2463,0.0693,1.0167,-0.0298,1.5467,0.000648,-0.0187,0.0037
28.125,FLIGHT,0.9091,1.4931,-0.6732,0.5829,-0.5668,0.519,-0.0141,-0.195,-0.2105,0.0619,1.0178,-0.028,1.5478,0.000561,-0.0161,0.0032
28.13,FLIGHT,0.9065,1.4955,-0.5615,0.5172,-0.4678,0.4633,-0.015,-0.1947,-0.1794,0.0552,1.0189,-0.0269,1.549,0.000487,-0.0135,0.0027
28.135,FLIGHT,0.9044,1.4977,-0.4633,0.462,-0.381,0.4168,-0.0157,-0.1945,-0.1526,0.0494,1.0199,-0.0261,1.5502,0.000425,-0.0112,0.0022
28.14,FLIGHT,0.9027,1.4997,-0.3773,0.4158,-0.3052,0.3781,-0.0163,-0.1943,-0.1294,0.0442,1.0209,-0.0255,1.5513,0.000375,-0.009,0.0018
28.145,FLIGHT,0.9014,1.5015,-0.302,0.3773,-0.239,0.3459,-0.0168,-0.1941,-0.1094,0.0398,1.0219,-0.0251,1.5524,0.000334,-0.0072,0.0014
28.15,FLIGHT,0.9003,1.5032,-0.2362,0.3452,-0.1812,0.319,-0.0172,-0.1939,-0.0922,0.036,1.0228,-0.0249,1.5534,0.000302,-0.0056,0.0011
28.155,FLIGHT,0.8995,1.5047,-0.1788,0.3184,-0.1309,0.2966,-0.0176,-0.1938,-0.0773,0.0327,1.0237,-0.0249,1.5544,0.000277,-0.0043,0.0009
28.16,FLIGHT,0.899,1.5061,-0.1289,0.2961,-0.0872,0.2779,-0.0179,-0.1936,-0.0646,0.0298,1.0246,-0.0249,1.5553,0.000258,-0.0033,0.0007
28.165,FLIGHT,0.8987,1.5075,-0.0854,0.2775,-0.0492,0.2623,-0.0181,-0.1935,-0.0536,0.0274,1.0254,-0.0251,1.5561,0.000244,-0.0024,0.0005
28.17,FLIGHT,0.8985,1.5088,-0.0478,0.262,-0.0164,0.2492,-0.0183,-0.1934,-0.0442,0.0253,1.0262,-0.0253,1.557,0.000234,-0.0017,0.0003
28.175,FLIGHT,0.8985,1.51,-0.0151,0.2489,0.012,0.2382,-0.0185,-0.1933,-0.0362,0.0236,1.027,-0.0257,1.5578,0.000227,-0.0012,0.0002
28.18,FLIGHT,0.8986,1.5111,0.013,0.238,0.0364,0.229,-0.0186,-0.1932,-0.0292,0.0221,1.0278,-0.0261,1.5585,0.000222,-0.0007,0.0001
28.185,FLIGHT,0.8988,1.5123,0.0372,0.2287,0.0573,0.2212,-0.0187,-0.1931,-0.0233,0.0208,1.0285,-0.0265,1.5593,0.000219,-0.0004,0.0001
28.19,FLIGHT,0.8992,1.5134,0.058,0.2209,0.0752,0.2145,-0.0188,-0.193,-0.0182,0.0197,1.0292,-0.0269,1.56,0.000218,-0.0002,0.0
28.195,FLIGHT,0.8996,1.5144,0.0758,0.2143,0.0904,0.2088,-0.0189,-0.1929,-0.0139,0.0187,1.0299,-0.0274,1.5606,0.000217,-0.0,0.0
28.2,FLIGHT,0.9001,1.5154,0.0909,0.2086,0.1033,0.2038,-0.0189,-0.1928,-0.0102,0.0179,1.0306,-0.0279,1.5613,0.000218,0.0001,0.0
28.205,FLIGHT,0.9006,1.5165,0.1036,0.2036,0.1141,0.1995,-0.0189,-0.1927,-0.0071,0.0172,1.0312,-0.0284,1.5619,0.000219,0.0002,0.0
28.21,FLIGHT,0.9012,1.5174,0.1144,0.1993,0.1232,0.1956,-0.0189,-0.1926,-0.0045,0.0166,1.0318,-0.0289,1.5625,0.00022,0.0003,0.0
28.215,FLIGHT,0.9018,1.5184,0.1234,0.1954,0.1307,0.1922,-0.019,-0.1925,-0.0022,0.0161,1.0324,-0.0294,1.5631,0.000221,0.0003,0.0
28.22,FLIGHT,0.9025,1.5194,0.1308,0.192,0.1368,0.1891,-0.019,-0.1925,-0.0004,0.0156,1.0329,-0.0299,1.5636,0.000223,0.0003,0.0
28.225,FLIGHT,0.9032,1.5203,0.1369,0.1889,0.1418,0.1862,-0.0189,-0.1924,0.0012,0.0152,1.0335,-0.0304,1.5642,0.000224,0.0003,0.0
28.23,FLIGHT,0.9039,1.5212,0.1418,0.186,0.1458,0.1835,-0.0189,-0.1923,0.0025,0.0149,1.034,-0.0309,1.5647,0.000226,0.0003,0.0
28.235,FLIGHT,0.9047,1.5221,0.1457,0.1833,0.1488,0.181,-0.0189,-0.1922,0.0037,0.0145,1.0345,-0.0314,1.5652,0.000227,0.0003,0.0
28.24,FLIGHT,0.9054,1.523,0.1488,0.1807,0.1512,0.1785,-0.0189,-0.1922,0.0046,0.0143,1.0349,-0.0318,1.5657,0.000229,0.0003,0.0
28.245,FLIGHT,0.9062,1.5239,0.1511,0.1783,0.1529,0.1762,-0.0189,-0.1921,0.0053,0.014,1.0353,-0.0323,1.5662,0.00023,0.0002,0.0
28.25,FLIGHT,0.907,1.5248,0.1528,0.176,0.154,0.1739,-0.0188,-0.192,0.006,0.0137,1.0357,-0.0327,1.5666,0.000231,0.0002,0.0
28.255,FLIGHT,0.9077,1.5257,0.1539,0.1737,0.1547,0.1716,-0.0188,-0.192,0.0065,0.0135,1.0361,-0.0331,1.5671,0.000232,0.0002,0.0
28.26,FLIGHT,0.9085,1.5265,0.1545,0.1714,0.1549,0.1694,-0.0188,-0.1919,0.0069,0.0133,1.0365,-0.0335,1.5675,0.000233,0.0002,0.0
28.265,FLIGHT,0.9093,1.5274,0.1548,0.1692,0.1548,0.1672,-0.0187,-0.1918,0.0072,0.0131,1.0368,-0.0339,1.5679,0.000234,0.0002,0.0
28.27,FLIGHT,0.91,1.5282,0.1547,0.167,0.1545,0.165,-0.0187,-0.1918,0.0075,0.0129,1.0371,-0.0343,1.5683,0.000235,0.0001,0.0
28.275,FLIGHT,0.9108,1.529,0.1543,0.1648,0.1539,0.1628,-0.0186,-0.1917,0.0077,0.0127,1.0374,-0.0346,1.5687,0.000235,0.0001,0.0
28.28,FLIGHT,0.9116,1.5298,0.1537,0.1626,0.1531,0.1607,-0.0186,-0.1916,0.0079,0.0125,1.0377,-0.035,1.5691,0.000236,0.0001,0.0
28.285,FLIGHT,0.9123,1.5306,0.1529,0.1604,0.1521,0.1585,-0.0186,-0.1916,0.008,0.0123,1.0379,-0.0353,1.5694,0.000236,0.0001,0.0
28.29,FLIGHT,0.9131,1.5314,0.1519,0.1583,0.1509,0.1563,-0.0185,-0.1915,0.0081,0.0121,1.0381,-0.0357,1.5698,0.000237,0.0001,0.0
28.295,FLIGHT,0.9139,1.5322,0.1508,0.1561,0.1497,0.1542,-0.0185,-0.1915,0.0081,0.012,1.0383,-0.036,1.5702,0.000237,0.0,0.0
28.3,FLIGHT,0.9146,1.5329,0.1495,0.1539,0.1484,0.152,-0.0184,-0.1914,0.0082,0.0118,1.0385,-0.0363,1.5705,0.000237,0.0,0.0
28.305,FLIGHT,0.9153,1.5337,0.1482,0.1518,0.147,0.1498,-0.0184,-0.1913,0.0082,0.0116,1.0386,-0.0366,1.5708,0.000237,0.0,0.0
28.31,FLIGHT,0.9161,1.5344,0.1468,0.1496,0.1455,0.1477,-0.0184,-0.1913,0.0082,0.0114,1.0387,-0.0369,1.5712,0.000237,0.0,0.0
28.315,FLIGHT,0.9168,1.5352,0.1453,0.1474,0.144,0.1455,-0.0183,-0.1912,0.0082,0.0113,1.0388,-0.0372,1.5715,0.000237,0.0,0.0
28.32,FLIGHT,0.9175,1.5359,0.1438,0.1453,0.1425,0.1434,-0.0183,-0.1912,0.0082,0.0111,1.0389,-0.0375,1.5718,0.000237,-0.0,0.0
28.325,FLIGHT,0.9182,1.5366,0.1423,0.1432,0.1409,0.1412,-0.0182,-0.1911,0.0082,0.0109,1.039,-0.0377,1.5721,0.000237,-0.0,0.0
28.33,FLIGHT,0.9189,1.5373,0.1407,0.141,0.1393,0.1391,-0.0182,-0.1911,0.0082,0.0108,1.039,-0.038,1.5724,0.000237,-0.0,0.0
28.335,FLIGHT,0.9196,1.538,0.1392,0.1389,0.1377,0.137,-0.0181,-0.191,0.0081,0.0106,1.039,-0.0383,1.5727,0.000237,-0.0,0.0
28.34,FLIGHT,0.9203,1.5387,0.1376,0.1368,0.1362,0.1349,-0.0181,-0.191,0.0081,0.0104,1.039,-0.0385,1.573,0.000237,-0.0,0.0
28.345,FLIGHT,0.921,1.5394,0.136,0.1347,0.1346,0.1329,-0.0181,-0.1909,0.0081,0.0103,1.0389,-0.0388,1.5733,0.000237,-0.0,0.0
28.35,FLIGHT,0.9216,1.54,0.1344,0.1327,0.133,0.1308,-0.018,-0.1909,0.008,0.0101,1.0389,-0.039,1.5736,0.000237,-0.0,0.0
28.355,FLIGHT,0.9223,1.5407,0.1328,0.1306,0.1314,0.1288,-0.018,-0.1908,0.008,0.01,1.0388,-0.0393,1.5739,0.000237,-0.0,0.0
28.36,FLIGHT,0.923,1.5413,0.1312,0.1286,0.1298,0.1268,-0.0179,-0.1908,0.008,0.0098,1.0387,-0.0395,1.5742,0.000237,-0.0,0.0
28.365,FLIGHT,0.9236,1.5419,0.1297,0.1266,0.1283,0.1248,-0.0179,-0.1907,0.0079,0.0096,1.0386,-0.0397,1.5745,0.000236,-0.0,0.0
28.37,FLIGHT,0.9242,1.5425,0.1281,0.1246,0.1267,0.1228,-0.0179,-0.1907,0.0079,0.0095,1.0384,-0.04,1.5747,0.000236,-0.0,0.0
28.375,FLIGHT,0.9249,1.5432,0.1266,0.1226,0.1252,0.1209,-0.0178,-0.1906,0.0078,0.0093,1.0382,-0.0402,1.575,0.000236,-0.0,0.0
28.38,FLIGHT,0.9255,1.5438,0.1251,0.1207,0.1237,0.119,-0.0178,-0.1906,0.0078,0.0092,1.038,-0.0404,1.5753,0.000236,-0.0,0.0
28.385,FLIGHT,0.9261,1.5443,0.1236,0.1188,0.1222,0.1171,-0.0178,-0.1905,0.0078,0.009,1.0378,-0.0406,1.5755,0.000236,-0.0,0.0
28.39,FLIGHT,0.9267,1.5449,0.1221,0.1169,0.1207,0.1152,-0.0177,-0.1905,0.0077,0.0089,1.0376,-0.0408,1.5758,0.000235,-0.0,0.0
28.395,FLIGHT,0.9273,1.5455,0.1206,0.1151,0.1193,0.1134,-0.0177,-0.1904,0.0077,0.0087,1.0373,-0.041,1.576,0.000235,-0.0,0.0
28.4,FLIGHT,0.9279,1.5461,0.1191,0.1132,0.1179,0.1116,-0.0176,-0.1904,0.0076,0.0086,1.0371,-0.0413,1.5763,0.000235,-0.0,0.0
28.405,FLIGHT,0.9285,1.5466,0.1177,0.1114,0.1164,0.1098,-0.0176,-0.1904,0.0076,0.0085,1.0368,-0.0415,1.5765,0.000235,-0.0,0.0
28.41,FLIGHT,0.9291,1.5472,0.1163,0.1097,0.115,0.1081,-0.0176,-0.1903,0.0076,0.0083,1.0365,-0.0417,1.5768,0.000235,-0.0,0.0
28.415,FLIGHT,0.9296,1.5477,0.1149,0.1079,0.1136,0.1064,-0.0175,-0.1903,0.0075,0.0082,1.0361,-0.0419,1.577,0.000234,-0.0,0.0
28.42,FLIGHT,0.9302,1.5482,0.1135,0.1062,0.1123,0.1047,-0.0175,-0.1902,0.0075,0.008,1.0358,-0.0421,1.5772,0.000234,-0.0,0.0
28.425,FLIGHT,0.9308,1.5487,0.1121,0.1045,0.1109,0.103,-0.0174,-0.1902,0.0074,0.0079,1.0354,-0.0423,1.5775,0.000234,-0.0,0.0
28.43,FLIGHT,0.9313,1.5493,0.1108,0.1029,0.1096,0.1014,-0.0174,-0.1902,0.0074,0.0078,1.035,-0.0425,1.5777,0.000234,-0.0,0.0
28.435,FLIGHT,0.9319,1.5498,0.1095,0.1012,0.1083,0.0998,-0.0174,-0.1901,0.0074,0.0077,1.0346,-0.0427,1.5779,0.000234,-0.0,0.0
28.44,FLIGHT,0.9324,1.5502,0.1081,0.0996,0.107,0.0982,-0.0173,-0.1901,0.0073,0.0075,1.0341,-0.0428,1.5782,0.000234,-0.0,0.0
28.445,FLIGHT,0.9329,1.5507,0.1068,0.0981,0.1057,0.0967,-0.0173,-0.19,0.0073,0.0074,1.0337,-0.043,1.5784,0.000233,-0.0,0.0
28.45,FLIGHT,0.9335,1.5512,0.1056,0.0965,0.1044,0.0951,-0.0173,-0.19,0.0072,0.0073,1.0332,-0.0432,1.5786,0.000233,-0.0,0.0
28.455,FLIGHT,0.934,1.5517,0.1043,0.095,0.1032,0.0936,-0.0172,-0.19,0.0072,0.0072,1.0327,-0.0434,1.5788,0.000233,-0.0,0.0
28.46,FLIGHT,0.9345,1.5522,0.103,0.0935,0.1019,0.0922,-0.0172,-0.1899,0.0071,0.0071,1.0322,-0.0436,1.579,0.000233,-0.0,0.0
28.465,FLIGHT,0.935,1.5526,0.1018,0.092,0.1007,0.0907,-0.0172,-0.1899,0.0071,0.0069,1.0317,-0.0438,1.5792,0.000233,-0.0,0.0
28.47,FLIGHT,0.9355,1.5531,0.1006,0.0906,0.0995,0.0893,-0.0171,-0.1899,0.0071,0.0068,1.0311,-0.044,1.5795,0.000233,-0.0,0.0
28.475,FLIGHT,0.936,1.5535,0.0994,0.0892,0.0983,0.0879,-0.0171,-0.1898,0.007,0.0067,1.0306,-0.0441,1.5797,0.000232,-0.0,0.0
28.48,FLIGHT,0.9365,1.5539,0.0982,0.0878,0.0971,0.0865,-0.0171,-0.1898,0.007,0.0066,1.03,-0.0443,1.5799,0.000232,-0.0,0.0
28.485,FLIGHT,0.937,1.5544,0.097,0.0864,0.0959,0.0852,-0.017,-0.1898,0.0069,0.0065,1.0294,-0.0445,1.5801,0.000232,-0.0,0.0
28.49,FLIGHT,0.9374,1.5548,0.0958,0.0851,0.0948,0.0839,-0.017,-0.1897,0.0069,0.0064,1.0288,-0.0447,1.5803,0.000232,-0.0,0.0
28.495,FLIGHT,0.9379,1.5552,0.0947,0.0838,0.0936,0.0826,-0.017,-0.1897,0.0068,0.0063,1.0281,-0.0448,1.5805,0.000232,-0.0,0.0
28.5,FLIGHT,0.9384,1.5556,0.0935,0.0825,0.0925,0.0813,-0.0169,-0.1897,0.0068,0.0062,1.0275,-0.045,1.5807,0.000232,-0.0,0.0
28.505,FLIGHT,0.9388,1.556,0.0924,0.0812,0.0914,0.0801,-0.0169,-0.1897,0.0067,0.0061,1.0268,-0.0452,1.5809,0.000232,-0.0,0.0
28.51,FLIGHT,0.9393,1.5564,0.0912,0.08,0.0902,0.0789,-0.0169,-0.1896,0.0067,0.006,1.0261,-0.0454,1.5811,0.000231,-0.0,0.0
28.515,FLIGHT,0.9397,1.5568,0.0901,0.0788,0.0891,0.0777,-0.0168,-0.1896,0.0066,0.0059,1.0254,-0.0455,1.5812,0.000231,-0.0,0.0
28.52,FLIGHT,0.9402,1.5572,0.089,0.0776,0.0881,0.0765,-0.0168,-0.1896,0.0066,0.0058,1.0247,-0.0457,1.5814,0.000231,-0.0,0.0
28.525,FLIGHT,0.9406,1.5576,0.0879,0.0764,0.087,0.0753,-0.0168,-0.1895,0.0065,0.0057,1.0239,-0.0459,1.5816,0.000231,-0.0,0.0
28.53,FLIGHT,0.941,1.5579,0.0869,0.0752,0.0859,0.0742,-0.0167,-0.1895,0.0065,0.0056,1.0232,-0.046,1.5818,0.000231,-0.0,0.0
28.535,FLIGHT,0.9415,1.5583,0.0858,0.0741,0.0848,0.0731,-0.0167,-0.1895,0.0064,0.0056,1.0224,-0.0462,1.582,0.000231,-0.0,0.0
28.54,FLIGHT,0.9419,1.5587,0.0847,0.073,0.0838,0.072,-0.0167,-0.1895,0.0063,0.0055,1.0216,-0.0464,1.5822,0.000231,-0.0,0.0
28.545,FLIGHT,0.9423,1.559,0.0837,0.0719,0.0827,0.071,-0.0166,-0.1894,0.0063,0.0054,1.0208,-0.0465,1.5824,0.000231,-0.0,0.0
28.55,FLIGHT,0.9427,1.5594,0.0826,0.0709,0.0817,0.0699,-0.0166,-0.1894,0.0062,0.0053,1.02,-0.0467,1.5825,0.000231,-0.0,0.0
28.555,FLIGHT,0.9431,1.5597,0.0816,0.0698,0.0807,0.0689,-0.0166,-0.1894,0.0062,0.0052,1.0191,-0.0469,1.5827,0.00023,-0.0,0.0
28.56,FLIGHT,0.9435,1.5601,0.0806,0.0688,0.0797,0.0679,-0.0165,-0.1893,0.0061,0.0052,1.0183,-0.047,1.5829,0.00023,-0.0,0.0
28.565,FLIGHT,0.9439,1.5604,0.0796,0.0678,0.0787,0.0669,-0.0165,-0.1893,0.0061,0.0051,1.0174,-0.0472,1.5831,0.00023,-0.0,0.0
28.57,FLIGHT,0.9443,1.5607,0.0786,0.0668,0.0777,0.0659,-0.0165,-0.1893,0.006,0.005,1.0165,-0.0473,1.5832,0.00023,-0.0,0.0
28.575,FLIGHT,0.9447,1.5611,0.0776,0.0658,0.0767,0.065,-0.0164,-0.1893,0.0059,0.0049,1.0156,-0.0475,1.5834,0.00023,-0.0,0.0
28.58,FLIGHT,0.9451,1.5614,0.0766,0.0649,0.0757,0.064,-0.0164,-0.1892,0.0059,0.0049,1.0147,-0.0477,1.5836,0.00023,-0.0,0.0
28.585,FLIGHT,0.9455,1.5617,0.0756,0.0639,0.0747,0.0631,-0.0164,-0.1892,0.0058,0.0048,1.0138,-0.0478,1.5837,0.00023,-0.0,0.0
28.59,FLIGHT,0.9458,1.562,0.0746,0.063,0.0738,0.0622,-0.0164,-0.1892,0.0057,0.0047,1.0128,-0.048,1.5839,0.00023,-0.0,0.0
28.595,FLIGHT,0.9462,1.5623,0.0737,0.0621,0.0728,0.0613,-0.0163,-0.1892,0.0057,0.0047,1.0119,-0.0481,1.5841,0.00023,-0.0,0.0
28.6,FLIGHT,0.9466,1.5626,0.0727,0.0613,0.0718,0.0605,-0.0163,-0.1892,0.0056,0.0046,1.0109,-0.0483,1.5842,0.00023,-0.0,0.0
28.605,FLIGHT,0.9469,1.5629,0.0717,0.0604,0.0709,0.0596,-0.0163,-0.1891,0.0055,0.0045,1.0099,-0.0484,1.5844,0.00023,-0.0,0.0
28.61,FLIGHT,0.9473,1.5632,0.0708,0.0595,0.07,0.0588,-0.0162,-0.1891,0.0055,0.0045,1.0089,-0.0486,1.5845,0.000229,-0.0,0.0
28.615,FLIGHT,0.9476,1.5635,0.0699,0.0587,0.069,0.058,-0.0162,-0.1891,0.0054,0.0044,1.0079,-0.0487,1.5847,0.000229,-0.0,0.0
28.62,FLIGHT,0.948,1.5638,0.0689,0.0579,0.0681,0.0572,-0.0162,-0.1891,0.0053,0.0043,1.0068,-0.0489,1.5849,0.000229,-0.0,0.0
28.625,FLIGHT,0.9483,1.5641,0.068,0.0571,0.0672,0.0564,-0.0162,-0.189,0.0053,0.0043,1.0058,-0.0491,1.585,0.000229,-0.0,0.0
28.63,FLIGHT,0.9486,1.5644,0.0671,0.0563,0.0663,0.0556,-0.0161,-0.189,0.0052,0.0042,1.0047,-0.0492,1.5852,0.000229,-0.0,0.0
28.635,FLIGHT,0.949,1.5647,0.0662,0.0556,0.0653,0.0549,-0.0161,-0.189,0.0051,0.0042,1.0036,-0.0494,1.5853,0.000229,-0.0,0.0
28.64,FLIGHT,0.9493,1.5649,0.0652,0.0548,0.0644,0.0541,-0.0161,-0.189,0.005,0.0041,1.0025,-0.0495,1.5855,0.000229,-0.0,0.0
28.645,FLIGHT,0.9496,1.5652,0.0643,0.0541,0.0635,0.0534,-0.0161,-0.189,0.005,0.0041,1.0014,-0.0497,1.5856,0.000229,-0.0,0.0
28.65,FLIGHT,0.9499,1.5655,0.0634,0.0533,0.0626,0.0527,-0.016,-0.1889,0.0049,0.004,1.0003,-0.0498,1.5858,0.000229,-0.0,0.0
28.655,STANCE,0.9516,1.5659,0.2903,0.061,0.765,-0.1215,-0.0158,-0.1889,0.0467,0.0011,0.9993,0.1305,-0.4947,-0.000927,-0.451,0.0911
28.66,STANCE,0.9567,1.5623,0.807,-0.5571,1.0782,-1.5883,-0.0143,-0.1893,0.2275,-0.0633,0.9981,-0.2438,-0.8772,-0.003256,-0.3831,0.0799
28.665,STANCE,0.9604,1.5574,0.6776,-0.7246,0.1055,-0.127,-0.013,-0.1898,0.2263,-0.0752,0.9975,-0.4696,-1.3835,-0.004607,-0.0959,0.0238
28.67,STANCE,0.9602,1.558,0.1909,-0.1566,-0.01,0.0806,-0.0131,-0.1898,0.0573,-0.0169,0.9977,-0.5391,-2.1173,-0.004695,0.0353,0.0047
28.675,STANCE,0.9612,1.5568,0.2212,-0.2472,0.4335,-0.5996,-0.0127,-0.1899,0.0754,-0.0254,0.9981,-0.8035,-2.414,-0.004389,0.0806,0.0044
28.68,STANCE,0.9634,1.5489,0.3759,-1.2443,0.629,-1.8444,-0.0112,-0.1907,0.2407,-0.1163,0.998,-1.1072,-2.0903,-0.003705,0.1114,0.0037
28.685,STANCE,0.9685,1.5389,0.8536,-1.7877,1.3623,-2.336,-0.0089,-0.1916,0.4088,-0.165,0.9982,-1.4901,-1.7114,-0.003544,-0.0247,0.0085
28.69,STANCE,0.9755,1.5251,1.2149,-2.501,1.4053,-3.0648,-0.0057,-0.1928,0.5819,-0.2198,0.9983,-1.7447,-1.0473,-0.00361,-0.0042,0.0044
28.695,STANCE,0.9823,1.5095,1.2919,-2.9318,1.1979,-3.1965,-0.0022,-0.1942,0.6639,-0.2433,0.9984,-1.7399,-0.369,-0.003606,0.0204,0.0036
28.7,STANCE,0.9874,1.494,1.0969,-3.0344,0.7986,-3.0535,0.001,-0.1954,0.6469,-0.2388,0.9985,-1.4567,0.2149,-0.003446,0.06,0.0034
28.705,STANCE,0.9907,1.4797,0.7735,-2.8937,0.4459,-2.7313,0.0037,-0.1965,0.5684,-0.2187,0.9988,-0.9863,0.6685,-0.003124,0.0855,0.0031
28.71,STANCE,0.9923,1.4669,0.4451,-2.663,0.1516,-2.4871,0.0059,-0.1975,0.474,-0.1958,0.9992,-0.4632,0.999,-0.002652,0.1136,0.0027
28.715,STANCE,0.9928,1.4551,0.2049,-2.4399,0.0529,-2.2479,0.0077,-0.1984,0.3966,-0.1758,0.9996,-0.0477,1.1947,-0.002082,0.1179,0.0021
28.72,FLIGHT,0.993,1.4443,0.1012,-2.2459,0.0713,-2.08,0.0093,-0.1991,0.3496,-0.1587,1.0001,-1.1754,2.4788,-0.001484,0.1172,0.0015
28.725,FLIGHT,0.9913,1.4371,-0.2407,-1.6186,-0.7215,-0.8158,0.01,-0.1997,0.19,-0.1162,1.0009,-1.0903,2.398,-0.000779,0.1619,0.0008
28.73,FLIGHT,0.9861,1.4356,-0.8122,-0.6839,-1.3111,0.1293,0.0092,-0.1998,-0.0619,-0.0559,1.002,-0.8569,2.2011,9.5e-05,0.1705,0.0
28.735,FLIGHT,0.9786,1.4379,-1.2943,0.1205,-1.6479,0.7326,0.0074,-0.1997,-0.2761,-0.0009,1.0032,-0.6147,2.0011,0.000766,0.1012,0.0
28.74,FLIGHT,0.97,1.4424,-1.5937,0.6733,-1.7783,1.0543,0.005,-0.1994,-0.4156,0.042,1.0046,-0.4156,1.8387,0.001141,0.0522,0.0
28.745,FLIGHT,0.9611,1.4481,-1.718,0.9878,-1.7625,1.1788,0.0024,-0.199,-0.4843,0.0712,1.006,-0.2704,1.7218,0.001316,0.0198,0.0
28.75,FLIGHT,0.9525,1.454,-1.7094,1.1218,-1.6564,1.18,-0.0001,-0.1986,-0.4998,0.0881,1.0074,-0.1724,1.6445,0.001359,-0.0008,0.0002
28.755,FLIGHT,0.9446,1.4598,-1.6143,1.137,-1.5026,1.1133,-0.0025,-0.1981,-0.4811,0.0954,1.0088,-0.11,1.5967,0.001321,-0.0133,0.0027
28.76,FLIGHT,0.9375,1.4651,-1.4711,1.0832,-1.3303,1.0155,-0.0047,-0.1977,-0.4434,0.0958,1.0101,-0.0719,1.5692,0.001236,-0.0201,0.004
28.765,FLIGHT,0.9313,1.4699,-1.3073,0.9954,-1.1574,0.9091,-0.0066,-0.1972,-0.3971,0.0918,1.0114,-0.0496,1.5545,0.001126,-0.0232,0.0046
28.77,FLIGHT,0.926,1.4742,-1.1407,0.8961,-0.9937,0.8065,-0.0082,-0.1968,-0.3492,0.0855,1.0127,-0.0369,1.5475,0.001007,-0.0239,0.0048
28.775,FLIGHT,0.9214,1.478,-0.9814,0.7983,-0.8439,0.7136,-0.0097,-0.1965,-0.3033,0.0782,1.0139,-0.0298,1.5448,0.000889,-0.0231,0.0046
28.78,FLIGHT,0.9175,1.4813,-0.8346,0.7084,-0.7095,0.6325,-0.0109,-0.1961,-0.2613,0.0708,1.015,-0.0258,1.5444,0.000778,-0.0214,0.0043
28.785,FLIGHT,0.9142,1.4843,-0.7023,0.6291,-0.5905,0.5632,-0.0119,-0.1958,-0.2239,0.0637,1.0162,-0.0235,1.5451,0.000677,-0.0191,0.0038
28.79,FLIGHT,0.9116,1.487,-0.5847,0.561,-0.4858,0.5048,-0.0128,-0.1956,-0.1911,0.0573,1.0172,-0.0222,1.5463,0.000587,-0.0166,0.0033
28.795,FLIGHT,0.9094,1.4894,-0.481,0.5032,-0.3941,0.4559,-0.0136,-0.1953,-0.1626,0.0515,1.0183,-0.0214,1.5475,0.00051,-0.0141,0.0028
28.8,FLIGHT,0.9076,1.4916,-0.39,0.4547,-0.3139,0.415,-0.0142,-0.1951,-0.1379,0.0464,1.0193,-0.0209,1.5488,0.000446,-0.0117,0.0023
28.805,FLIGHT,0.9062,1.4935,-0.3105,0.4142,-0.244,0.381,-0.0148,-0.1949,-0.1167,0.042,1.0203,-0.0206,1.55,0.000393,-0.0096,0.0019
28.81,FLIGHT,0.9051,1.4954,-0.241,0.3803,-0.183,0.3527,-0.0152,-0.1947,-0.0984,0.0382,1.0213,-0.0205,1.5511,0.00035,-0.0076,0.0015
28.815,FLIGHT,0.9044,1.4971,-0.1805,0.3521,-0.13,0.329,-0.0156,-0.1946,-0.0827,0.0349,1.0222,-0.0205,1.5522,0.000316,-0.006,0.0012
28.82,FLIGHT,0.9038,1.4987,-0.1279,0.3285,-0.084,0.3093,-0.0159,-0.1944,-0.0692,0.032,1.0231,-0.0206,1.5532,0.000289,-0.0047,0.0009
28.825,FLIGHT,0.9035,1.5002,-0.0822,0.3088,-0.0441,0.2927,-0.0162,-0.1943,-0.0576,0.0296,1.0239,-0.0209,1.5541,0.000269,-0.0035,0.0007
28.83,FLIGHT,0.9034,1.5016,-0.0426,0.2923,-0.0096,0.2788,-0.0164,-0.1941,-0.0476,0.0275,1.0248,-0.0212,1.555,0.000253,-0.0026,0.0005
28.835,FLIGHT,0.9034,1.503,-0.0083,0.2784,0.0202,0.2671,-0.0166,-0.194,-0.0391,0.0258,1.0256,-0.0216,1.5559,0.000242,-0.0019,0.0004
28.84,FLIGHT,0.9036,1.5043,0.0213,0.2668,0.0458,0.2571,-0.0167,-0.1939,-0.0318,0.0242,1.0264,-0.022,1.5567,0.000234,-0.0013,0.0003
28.845,FLIGHT,0.9039,1.5055,0.0467,0.2569,0.0677,0.2487,-0.0168,-0.1938,-0.0255,0.0229,1.0271,-0.0225,1.5575,0.000228,-0.0009,0.0002
28.85,FLIGHT,0.9043,1.5068,0.0684,0.2484,0.0864,0.2415,-0.0169,-0.1937,-0.0201,0.0218,1.0279,-0.023,1.5583,0.000225,-0.0006,0.0001
28.855,FLIGHT,0.9047,1.508,0.087,0.2412,0.1023,0.2353,-0.017,-0.1936,-0.0155,0.0208,1.0286,-0.0235,1.559,0.000223,-0.0003,0.0001
28.86,FLIGHT,0.9053,1.5091,0.1028,0.235,0.1157,0.2298,-0.0171,-0.1935,-0.0117,0.02,1.0292,-0.0241,1.5597,0.000222,-0.0001,0.0
28.865,FLIGHT,0.9059,1.5103,0.1161,0.2296,0.127,0.225,-0.0171,-0.1934,-0.0084,0.0193,1.0299,-0.0246,1.5604,0.000222,0.0,0.0
28.87,FLIGHT,0.9065,1.5114,0.1272,0.2248,0.1364,0.2208,-0.0171,-0.1933,-0.0056,0.0187,1.0305,-0.0252,1.5611,0.000222,0.0001,0.0
28.875,FLIGHT,0.9072,1.5125,0.1365,0.2205,0.1441,0.2169,-0.0171,-0.1932,-0.0032,0.0181,1.0311,-0.0258,1.5617,0.000223,0.0002,0.0
28.88,FLIGHT,0.908,1.5135,0.1442,0.2167,0.1504,0.2134,-0.0171,-0.1931,-0.0012,0.0176,1.0317,-0.0263,1.5623,0.000224,0.0002,0.0
28.885,FLIGHT,0.9087,1.5146,0.1505,0.2132,0.1555,0.2101,-0.0171,-0.193,0.0005,0.0172,1.0322,-0.0268,1.5629,0.000225,0.0003,0.0
28.89,FLIGHT,0.9095,1.5156,0.1555,0.2099,0.1595,0.2071,-0.0171,-0.1929,0.0019,0.0168,1.0328,-0.0274,1.5635,0.000227,0.0003,0.0
28.895,FLIGHT,0.9103,1.5167,0.1595,0.2068,0.1626,0.2042,-0.0171,-0.1929,0.0031,0.0165,1.0333,-0.0279,1.564,0.000228,0.0003,0.0
28.9,FLIGHT,0.9112,1.5177,0.1626,0.2039,0.1649,0.2014,-0.0171,-0.1928,0.004,0.0162,1.0338,-0.0284,1.5646,0.000229,0.0002,0.0
28.905,FLIGHT,0.912,1.5187,0.1648,0.2011,0.1666,0.1987,-0.017,-0.1927,0.0048,0.0159,1.0342,-0.0289,1.5651,0.00023,0.0002,0.0
28.91,FLIGHT,0.9128,1.5197,0.1664,0.1984,0.1676,0.1961,-0.017,-0.1926,0.0055,0.0156,1.0346,-0.0294,1.5656,0.000232,0.0002,0.0
28.915,FLIGHT,0.9137,1.5206,0.1675,0.1958,0.1682,0.1935,-0.017,-0.1925,0.006,0.0154,1.035,-0.0298,1.5661,0.000233,0.0002,0.0
28.92,FLIGHT,0.9145,1.5216,0.168,0.1932,0.1683,0.1909,-0.0169,-0.1925,0.0065,0.0151,1.0354,-0.0303,1.5665,0.000233,0.0002,0.0
28.925,FLIGHT,0.9153,1.5226,0.1681,0.1907,0.168,0.1884,-0.0169,-0.1924,0.0068,0.0149,1.0358,-0.0307,1.567,0.000234,0.0001,0.0
28.93,FLIGHT,0.9162,1.5235,0.1679,0.1881,0.1675,0.1859,-0.0169,-0.1923,0.0071,0.0147,1.0361,-0.0311,1.5674,0.000235,0.0001,0.0
28.935,FLIGHT,0.917,1.5244,0.1673,0.1856,0.1667,0.1834,-0.0168,-0.1922,0.0073,0.0145,1.0364,-0.0315,1.5679,0.000235,0.0001,0.0
28.94,FLIGHT,0.9178,1.5253,0.1665,0.1831,0.1657,0.1809,-0.0168,-0.1922,0.0075,0.0142,1.0367,-0.0319,1.5683,0.000236,0.0001,0.0
28.945,FLIGHT,0.9187,1.5262,0.1655,0.1806,0.1645,0.1784,-0.0168,-0.1921,0.0076,0.014,1.0369,-0.0323,1.5687,0.000236,0.0001,0.0
28.95,FLIGHT,0.9195,1.5271,0.1643,0.1781,0.1632,0.1759,-0.0167,-0.192,0.0077,0.0138,1.0372,-0.0327,1.5691,0.000237,0.0001,0.0
28.955,FLIGHT,0.9203,1.528,0.163,0.1756,0.1617,0.1734,-0.0167,-0.192,0.0078,0.0136,1.0374,-0.033,1.5695,0.000237,0.0,0.0
28.96,FLIGHT,0.9211,1.5288,0.1615,0.1731,0.1602,0.1709,-0.0166,-0.1919,0.0078,0.0134,1.0376,-0.0334,1.5699,0.000237,0.0,0.0
28.965,FLIGHT,0.9219,1.5297,0.1599,0.1707,0.1585,0.1684,-0.0166,-0.1918,0.0078,0.0132,1.0377,-0.0337,1.5703,0.000237,0.0,0.0
28.97,FLIGHT,0.9227,1.5305,0.1583,0.1682,0.1568,0.166,-0.0166,-0.1918,0.0079,0.013,1.0379,-0.034,1.5706,0.000237,0.0,0.0
28.975,FLIGHT,0.9235,1.5314,0.1566,0.1657,0.1551,0.1635,-0.0165,-0.1917,0.0079,0.0128,1.038,-0.0344,1.571,0.000237,-0.0,0.0
28.98,FLIGHT,0.9242,1.5322,0.1549,0.1633,0.1534,0.1611,-0.0165,-0.1916,0.0078,0.0126,1.0381,-0.0347,1.5713,0.000237,-0.0,0.0
28.985,FLIGHT,0.925,1.533,0.1532,0.1608,0.1516,0.1587,-0.0164,-0.1916,0.0078,0.0125,1.0381,-0.035,1.5717,0.000237,-0.0,0.0
28.99,FLIGHT,0.9258,1.5338,0.1514,0.1584,0.1498,0.1562,-0.0164,-0.1915,0.0078,0.0123,1.0382,-0.0353,1.572,0.000237,-0.0,0.0
28.995,FLIGHT,0.9265,1.5345,0.1496,0.156,0.148,0.1538,-0.0164,-0.1915,0.0078,0.0121,1.0382,-0.0356,1.5724,0.000237,-0.0,0.0
29.0,FLIGHT,0.9272,1.5353,0.1478,0.1536,0.1461,0.1515,-0.0163,-0.1914,0.0077,0.0119,1.0382,-0.0359,1.5727,0.000237,-0.0,0.0
29.005,FLIGHT,0.928,1.536,0.146,0.1512,0.1443,0.1491,-0.0163,-0.1913,0.0077,0.0117,1.0382,-0.0361,1.573,0.000237,-0.0,0.0
29.01,FLIGHT,0.9287,1.5368,0.1442,0.1489,0.1425,0.1468,-0.0163,-0.1913,0.0077,0.0115,1.0381,-0.0364,1.5733,0.000236,-0.0,0.0
29.015,FLIGHT,0.9294,1.5375,0.1424,0.1466,0.1407,0.1445,-0.0162,-0.1912,0.0076,0.0113,1.0381,-0.0367,1.5736,0.000236,-0.0,0.0
29.02,FLIGHT,0.9301,1.5382,0.1406,0.1443,0.139,0.1422,-0.0162,-0.1912,0.0076,0.0112,1.038,-0.037,1.5739,0.000236,-0.0,0.0
29.025,FLIGHT,0.9308,1.5389,0.1388,0.142,0.1372,0.1399,-0.0161,-0.1911,0.0075,0.011,1.0379,-0.0372,1.5742,0.000236,-0.0,0.0
29.03,FLIGHT,0.9315,1.5396,0.137,0.1397,0.1355,0.1377,-0.0161,-0.1911,0.0075,0.0108,1.0378,-0.0375,1.5745,0.000236,-0.0,0.0
29.035,FLIGHT,0.9321,1.5403,0.1353,0.1375,0.1337,0.1355,-0.0161,-0.191,0.0074,0.0106,1.0376,-0.0377,1.5748,0.000235,-0.0,0.0
29.04,FLIGHT,0.9328,1.541,0.1336,0.1353,0.132,0.1333,-0.016,-0.191,0.0074,0.0105,1.0374,-0.038,1.5751,0.000235,-0.0,0.0
29.045,FLIGHT,0.9335,1.5416,0.1319,0.1331,0.1303,0.1312,-0.016,-0.1909,0.0074,0.0103,1.0372,-0.0382,1.5754,0.000235,-0.0,0.0
29.05,FLIGHT,0.9341,1.5423,0.1302,0.131,0.1287,0.1291,-0.016,-0.1909,0.0073,0.0101,1.037,-0.0385,1.5757,0.000235,-0.0,0.0
29.055,FLIGHT,0.9347,1.5429,0.1285,0.1289,0.127,0.127,-0.0159,-0.1908,0.0073,0.01,1.0368,-0.0387,1.576,0.000234,-0.0,0.0
29.06,FLIGHT,0.9354,1.5436,0.1269,0.1268,0.1254,0.125,-0.0159,-0.1908,0.0072,0.0098,1.0365,-0.0389,1.5762,0.000234,-0.0,0.0
29.065,FLIGHT,0.936,1.5442,0.1252,0.1248,0.1238,0.123,-0.0158,-0.1907,0.0072,0.0096,1.0362,-0.0392,1.5765,0.000234,-0.0,0.0
29.07,FLIGHT,0.9366,1.5448,0.1236,0.1228,0.1222,0.121,-0.0158,-0.1907,0.0071,0.0095,1.0359,-0.0394,1.5768,0.000234,-0.0,0.0
29.075,FLIGHT,0.9372,1.5454,0.122,0.1208,0.1206,0.119,-0.0158,-0.1906,0.0071,0.0093,1.0356,-0.0396,1.577,0.000234,-0.0,0.0
29.08,FLIGHT,0.9378,1.546,0.1205,0.1188,0.1191,0.1171,-0.0157,-0.1906,0.0071,0.0092,1.0353,-0.0398,1.5773,0.000233,-0.0,0.0
29.085,FLIGHT,0.9384,1.5466,0.1189,0.1169,0.1176,0.1152,-0.0157,-0.1905,0.007,0.009,1.0349,-0.0401,1.5775,0.000233,-0.0,0.0
29.09,FLIGHT,0.939,1.5471,0.1174,0.115,0.1161,0.1133,-0.0157,-0.1905,0.007,0.0089,1.0345,-0.0403,1.5778,0.000233,-0.0,0.0
29.095,FLIGHT,0.9396,1.5477,0.1159,0.1132,0.1146,0.1115,-0.0156,-0.1904,0.0069,0.0087,1.0341,-0.0405,1.578,0.000233,-0.0,0.0
29.1,FLIGHT,0.9401,1.5483,0.1144,0.1113,0.1131,0.1097,-0.0156,-0.1904,0.0069,0.0086,1.0337,-0.0407,1.5783,0.000232,-0.0,0.0
29.105,FLIGHT,0.9407,1.5488,0.113,0.1095,0.1117,0.108,-0.0156,-0.1904,0.0068,0.0084,1.0333,-0.0409,1.5785,0.000232,-0.0,0.0
29.11,FLIGHT,0.9413,1.5493,0.1115,0.1078,0.1102,0.1062,-0.0155,-0.1903,0.0068,0.0083,1.0328,-0.0411,1.5788,0.000232,-0.0,0.0
29.115,FLIGHT,0.9418,1.5499,0.1101,0.1061,0.1088,0.1045,-0.0155,-0.1903,0.0068,0.0082,1.0323,-0.0414,1.579,0.000232,-0.0,0.0
29.12,FLIGHT,0.9423,1.5504,0.1087,0.1044,0.1074,0.1028,-0.0155,-0.1902,0.0067,0.008,1.0319,-0.0416,1.5792,0.000232,-0.0,0.0
29.125,FLIGHT,0.9429,1.5509,0.1073,0.1027,0.106,0.1012,-0.0154,-0.1902,0.0067,0.0079,1.0313,-0.0418,1.5795,0.000231,-0.0,0.0
29.13,FLIGHT,0.9434,1.5514,0.1059,0.101,0.1047,0.0996,-0.0154,-0.1902,0.0066,0.0078,1.0308,-0.042,1.5797,0.000231,-0.0,0.0
29.135,FLIGHT,0.9439,1.5519,0.1045,0.0994,0.1033,0.098,-0.0154,-0.1901,0.0066,0.0077,1.0303,-0.0422,1.5799,0.000231,-0.0,0.0
29.14,FLIGHT,0.9444,1.5524,0.1032,0.0978,0.102,0.0964,-0.0153,-0.1901,0.0065,0.0075,1.0297,-0.0424,1.5801,0.000231,-0.0,0.0
29.145,FLIGHT,0.9449,1.5528,0.1019,0.0963,0.1007,0.0949,-0.0153,-0.19,0.0065,0.0074,1.0291,-0.0426,1.5803,0.000231,-0.0,0.0
29.15,FLIGHT,0.9454,1.5533,0.1006,0.0948,0.0994,0.0934,-0.0153,-0.19,0.0064,0.0073,1.0285,-0.0428,1.5806,0.000231,-0.0,0.0
29.155,FLIGHT,0.9459,1.5538,0.0993,0.0933,0.0981,0.0919,-0.0152,-0.19,0.0064,0.0072,1.0279,-0.0429,1.5808,0.00023,-0.0,0.0
29.16,FLIGHT,0.9464,1.5542,0.098,0.0918,0.0968,0.0905,-0.0152,-0.1899,0.0063,0.0071,1.0272,-0.0431,1.581,0.00023,-0.0,0.0
29.165,FLIGHT,0.9469,1.5547,0.0967,0.0904,0.0956,0.0891,-0.0152,-0.1899,0.0063,0.0069,1.0266,-0.0433,1.5812,0.00023,-0.0,0.0
29.17,FLIGHT,0.9474,1.5551,0.0955,0.0889,0.0943,0.0877,-0.0151,-0.1899,0.0062,0.0068,1.0259,-0.0435,1.5814,0.00023,-0.0,0.0
29.175,FLIGHT,0.9479,1.5556,0.0942,0.0875,0.0931,0.0863,-0.0151,-0.1898,0.0062,0.0067,1.0252,-0.0437,1.5816,0.00023,-0.0,0.0
29.18,FLIGHT,0.9483,1.556,0.093,0.0862,0.0919,0.085,-0.0151,-0.1898,0.0061,0.0066,1.0245,-0.0439,1.5818,0.00023,-0.0,0.0
29.185,FLIGHT,0.9488,1.5564,0.0918,0.0848,0.0907,0.0837,-0.0151,-0.1898,0.0061,0.0065,1.0237,-0.0441,1.582,0.000229,-0.0,0.0
29.19,FLIGHT,0.9492,1.5568,0.0906,0.0835,0.0895,0.0824,-0.015,-0.1897,0.006,0.0064,1.023,-0.0443,1.5822,0.000229,-0.0,0.0
29.195,FLIGHT,0.9497,1.5572,0.0894,0.0822,0.0883,0.0811,-0.015,-0.1897,0.006,0.0063,1.0222,-0.0444,1.5824,0.000229,-0.0,0.0
29.2,FLIGHT,0.9501,1.5576,0.0882,0.081,0.0872,0.0798,-0.015,-0.1897,0.0059,0.0062,1.0215,-0.0446,1.5826,0.000229,-0.0,0.0
29.205,FLIGHT,0.9505,1.558,0.0871,0.0797,0.086,0.0786,-0.0149,-0.1896,0.0058,0.0061,1.0207,-0.0448,1.5828,0.000229,-0.0,0.0
29.21,FLIGHT,0.951,1.5584,0.0859,0.0785,0.0849,0.0774,-0.0149,-0.1896,0.0058,0.006,1.0199,-0.045,1.583,0.000229,-0.0,0.0
29.215,FLIGHT,0.9514,1.5588,0.0848,0.0773,0.0837,0.0762,-0.0149,-0.1896,0.0057,0.0059,1.019,-0.0452,1.5832,0.000229,-0.0,0.0
29.22,FLIGHT,0.9518,1.5592,0.0836,0.0761,0.0826,0.0751,-0.0148,-0.1896,0.0057,0.0058,1.0182,-0.0453,1.5833,0.000228,-0.0,0.0
29.225,FLIGHT,0.9522,1.5596,0.0825,0.075,0.0815,0.074,-0.0148,-0.1895,0.0056,0.0058,1.0173,-0.0455,1.5835,0.000228,-0.0,0.0
29.23,FLIGHT,0.9526,1.5599,0.0814,0.0738,0.0804,0.0728,-0.0148,-0.1895,0.0055,0.0057,1.0164,-0.0457,1.5837,0.000228,-0.0,0.0
29.235,FLIGHT,0.953,1.5603,0.0803,0.0727,0.0793,0.0718,-0.0148,-0.1895,0.0055,0.0056,1.0156,-0.0458,1.5839,0.000228,-0.0,0.0
29.24,FLIGHT,0.9534,1.5606,0.0792,0.0717,0.0782,0.0707,-0.0147,-0.1894,0.0054,0.0055,1.0146,-0.046,1.5841,0.000228,-0.0,0.0
29.245,FLIGHT,0.9538,1.561,0.0781,0.0706,0.0772,0.0696,-0.0147,-0.1894,0.0054,0.0054,1.0137,-0.0462,1.5842,0.000228,-0.0,0.0
29.25,FLIGHT,0.9542,1.5613,0.0771,0.0695,0.0761,0.0686,-0.0147,-0.1894,0.0053,0.0053,1.0128,-0.0464,1.5844,0.000228,-0.0,0.0
29.255,FLIGHT,0.9546,1.5617,0.076,0.0685,0.0751,0.0676,-0.0147,-0.1894,0.0052,0.0053,1.0118,-0.0465,1.5846,0.000228,-0.0,0.0
29.26,FLIGHT,0.9549,1.562,0.075,0.0675,0.074,0.0666,-0.0146,-0.1893,0.0052,0.0052,1.0109,-0.0467,1.5848,0.000228,-0.0,0.0
29.265,FLIGHT,0.9553,1.5623,0.0739,0.0665,0.073,0.0656,-0.0146,-0.1893,0.0051,0.0051,1.0099,-0.0469,1.5849,0.000227,-0.0,0.0
29.27,FLIGHT,0.9557,1.5627,0.0729,0.0655,0.072,0.0647,-0.0146,-0.1893,0.005,0.005,1.0089,-0.047,1.5851,0.000227,-0.0,0.0
29.275,FLIGHT,0.956,1.563,0.0719,0.0646,0.0709,0.0637,-0.0146,-0.1893,0.005,0.005,1.0079,-0.0472,1.5853,0.000227,-0.0,0.0
29.28,FLIGHT,0.9564,1.5633,0.0708,0.0636,0.0699,0.0628,-0.0145,-0.1892,0.0049,0.0049,1.0069,-0.0474,1.5854,0.000227,-0.0,0.0
29.285,FLIGHT,0.9567,1.5636,0.0698,0.0627,0.0689,0.0619,-0.0145,-0.1892,0.0048,0.0048,1.0058,-0.0475,1.5856,0.000227,-0.0,0.0
29.29,FLIGHT,0.9571,1.5639,0.0688,0.0618,0.0679,0.061,-0.0145,-0.1892,0.0047,0.0048,1.0048,-0.0477,1.5857,0.000227,-0.0,0.0
29.295,FLIGHT,0.9574,1.5642,0.0678,0.0609,0.067,0.0602,-0.0145,-0.1892,0.0047,0.0047,1.0037,-0.0478,1.5859,0.000227,-0.0,0.0
29.3,FLIGHT,0.9577,1.5645,0.0669,0.0601,0.066,0.0593,-0.0144,-0.1892,0.0046,0.0046,1.0026,-0.048,1.5861,0.000227,-0.0,0.0
29.305,FLIGHT,0.9581,1.5648,0.0659,0.0592,0.065,0.0585,-0.0144,-0.1891,0.0045,0.0046,1.0015,-0.0482,1.5862,0.000227,-0.0,0.0
29.31,FLIGHT,0.9584,1.5651,0.0649,0.0584,0.0641,0.0576,-0.0144,-0.1891,0.0045,0.0045,1.0004,-0.0483,1.5864,0.000227,-0.0,0.0
29.315,STANCE,0.9596,1.5659,0.2193,0.1282,0.6103,0.0644,-0.0143,-0.1891,0.0243,0.0088,0.9994,0.1421,-0.3901,-0.000664,-0.3861,0.0779
29.32,STANCE,0.9643,1.5637,0.7307,-0.3351,1.0467,-1.2344,-0.0131,-0.1893,0.1834,-0.0404,0.9983,-0.2096,-0.8284,-0.002807,-0.3715,0.0771
29.325,STANCE,0.9689,1.5589,0.7956,-0.679,0.2851,-0.2717,-0.0116,-0.1898,0.243,-0.0708,0.9976,-0.5167,-1.2671,-0.00434,-0.1249,0.0293
29.33,STANCE,0.9692,1.559,0.2801,-0.183,0.0012,0.0965,-0.0115,-0.1898,0.078,-0.0198,0.9978,-0.5934,-1.9826,-0.004511,0.0266,0.0045
29.335,STANCE,0.9699,1.5584,0.2128,-0.1785,0.3397,-0.4261,-0.0113,-0.1899,0.0646,-0.0186,0.9981,-0.8336,-2.3488,-0.004226,0.0801,0.0042
29.34,STANCE,0.9718,1.5521,0.3189,-1.0317,0.419,-1.9686,-0.0101,-0.1905,0.2014,-0.0954,0.998,-1.1255,-2.1342,-0.00356,0.1577,0.0036
29.345,STANCE,0.9756,1.5435,0.6465,-1.505,1.0916,-1.9246,-0.0082,-0.1913,0.3305,-0.1373,0.9982,-1.4478,-1.8417,-0.003222,-0.0033,0.0039
29.35,STANCE,0.9819,1.5319,1.0724,-2.1043,1.115,-2.9821,-0.0054,-0.1923,0.4987,-0.1851,0.9984,-1.7321,-1.2793,-0.003325,0.0353,0.0033
29.355,STANCE,0.9881,1.5171,1.186,-2.6821,1.1652,-3.055,-0.0021,-0.1936,0.607,-0.2232,0.9984,-1.7591,-0.5724,-0.003295,0.0124,0.0033
29.36,STANCE,0.9932,1.502,1.0681,-2.8992,0.8345,-3.0039,0.001,-0.1948,0.6208,-0.2291,0.9986,-1.5293,0.0476,-0.003187,0.0457,0.0032
29.365,STANCE,0.9967,1.4878,0.7885,-2.851,0.4948,-2.7407,0.0037,-0.1959,0.5643,-0.2162,0.9988,-1.0916,0.5448,-0.002924,0.0712,0.0029
29.37,STANCE,0.9985,1.4748,0.4795,-2.6643,0.1881,-2.5168,0.006,-0.1969,0.4804,-0.1963,0.9992,-0.5734,0.912,-0.002518,0.101,0.0025
29.375,STANCE,0.9991,1.4629,0.2353,-2.457,0.077,-2.2664,0.0078,-0.1977,0.4048,-0.1774,0.9996,-0.128,1.1447,-0.002008,0.1046,0.002
29.38,FLIGHT,0.9993,1.4519,0.1065,-2.2803,0.0487,-2.1339,0.0095,-0.1985,0.3555,-0.1615,1.0,-1.1222,2.4439,-0.001449,0.1132,0.0014
29.385,FLIGHT,0.9984,1.4434,-0.136,-1.8144,-0.5561,-1.0946,0.0105,-0.1991,0.2399,-0.1288,1.0007,-1.0784,2.3973,-0.000815,0.1472,0.0008
29.39,FLIGHT,0.994,1.4406,-0.6739,-0.9179,-1.168,-0.103,0.0101,-0.1994,0.0006,-0.0714,1.0017,-0.8695,2.2191,-1e-06,0.1752,0.0
29.395,FLIGHT,0.9871,1.4418,-1.1651,-0.091,-1.5358,0.5537,0.0085,-0.1994,-0.2189,-0.0164,1.0029,-0.6331,2.0226,0.000704,0.1072,0.0
29.4,FLIGHT,0.979,1.4456,-1.4877,0.5029,-1.6952,0.9223,0.0063,-0.1991,-0.3695,0.0275,1.0042,-0.4319,1.8576,0.001105,0.0564,0.0
29.405,FLIGHT,0.9704,1.4507,-1.6369,0.8583,-1.7024,1.0833,0.0039,-0.1988,-0.4495,0.0583,1.0055,-0.2821,1.7363,0.001297,0.0226,0.0
29.41,FLIGHT,0.9621,1.4562,-1.6494,1.0263,-1.6129,1.1111,0.0014,-0.1984,-0.4745,0.077,1.0069,-0.1795,1.6547,0.001352,0.001,0.0
29.415,FLIGHT,0.9544,1.4617,-1.5701,1.0672,-1.4704,1.063,-0.0009,-0.198,-0.4629,0.0859,1.0082,-0.1133,1.6036,0.001321,-0.0121,0.0024
29.42,FLIGHT,0.9474,1.4668,-1.4381,1.0318,-1.3055,0.9779,-0.003,-0.1976,-0.4301,0.0877,1.0095,-0.0727,1.5737,0.00124,-0.0195,0.0039
29.425,FLIGHT,0.9413,1.4714,-1.2818,0.957,-1.1373,0.8802,-0.0048,-0.1972,-0.3873,0.0851,1.0108,-0.0487,1.5574,0.001133,-0.0229,0.0046
29.43,FLIGHT,0.936,1.4756,-1.1201,0.8667,-0.9766,0.7837,-0.0064,-0.1968,-0.3416,0.0798,1.0121,-0.0351,1.5495,0.001015,-0.0238,0.0048
29.435,FLIGHT,0.9315,1.4793,-0.964,0.7751,-0.8288,0.6951,-0.0079,-0.1964,-0.2972,0.0734,1.0133,-0.0275,1.5463,0.000897,-0.0231,0.0046
29.44,FLIGHT,0.9277,1.4826,-0.8194,0.6897,-0.696,0.6172,-0.0091,-0.1961,-0.2563,0.0666,1.0144,-0.0233,1.5456,0.000785,-0.0215,0.0043
29.445,FLIGHT,0.9245,1.4855,-0.6887,0.6138,-0.5781,0.5505,-0.0101,-0.1958,-0.2196,0.0602,1.0155,-0.021,1.5462,0.000683,-0.0193,0.0039
29.45,FLIGHT,0.9219,1.4881,-0.5723,0.5483,-0.4744,0.4941,-0.011,-0.1956,-0.1874,0.0542,1.0166,-0.0198,1.5473,0.000593,-0.0168,0.0034
29.455,FLIGHT,0.9198,1.4904,-0.4697,0.4926,-0.3836,0.4469,-0.0117,-0.1954,-0.1593,0.0489,1.0176,-0.0191,1.5486,0.000515,-0.0143,0.0029
29.46,FLIGHT,0.9181,1.4926,-0.3797,0.4458,-0.3044,0.4076,-0.0123,-0.1952,-0.1351,0.0442,1.0187,-0.0187,1.5498,0.00045,-0.0119,0.0024
29.465,FLIGHT,0.9167,1.4945,-0.301,0.4068,-0.2353,0.3749,-0.0128,-0.195,-0.1142,0.0401,1.0196,-0.0186,1.5511,0.000396,-0.0097,0.0019
29.47,FLIGHT,0.9157,1.4963,-0.2324,0.3742,-0.1752,0.3476,-0.0133,-0.1948,-0.0963,0.0365,1.0206,-0.0186,1.5522,0.000352,-0.0078,0.0016
29.475,FLIGHT,0.915,1.498,-0.1727,0.347,-0.1229,0.3249,-0.0137,-0.1946,-0.0808,0.0335,1.0215,-0.0187,1.5533,0.000317,-0.0062,0.0012
29.48,FLIGHT,0.9145,1.4996,-0.1209,0.3244,-0.0776,0.3059,-0.014,-0.1945,-0.0676,0.0309,1.0224,-0.0189,1.5543,0.00029,-0.0048,0.001
29.485,FLIGHT,0.9142,1.5011,-0.0759,0.3055,-0.0384,0.2901,-0.0142,-0.1943,-0.0562,0.0287,1.0233,-0.0192,1.5553,0.000269,-0.0036,0.0007
29.49,FLIGHT,0.9141,1.5025,-0.0369,0.2897,-0.0046,0.2768,-0.0144,-0.1942,-0.0465,0.0268,1.0241,-0.0196,1.5562,0.000253,-0.0027,0.0005
29.495,FLIGHT,0.9141,1.5038,-0.0033,0.2765,0.0246,0.2656,-0.0146,-0.1941,-0.0381,0.0251,1.0249,-0.02,1.557,0.000242,-0.002,0.0004
29.5,FLIGHT,0.9143,1.5051,0.0256,0.2653,0.0496,0.2562,-0.0148,-0.194,-0.0309,0.0237,1.0257,-0.0205,1.5579,0.000233,-0.0014,0.0003
29.505,FLIGHT,0.9146,1.5064,0.0505,0.2559,0.071,0.2481,-0.0149,-0.1939,-0.0248,0.0225,1.0265,-0.021,1.5587,0.000227,-0.0009,0.0002
29.51,FLIGHT,0.915,1.5076,0.0717,0.2478,0.0892,0.2412,-0.015,-0.1938,-0.0196,0.0215,1.0272,-0.0216,1.5595,0.000223,-0.0006,0.0001
29.515,FLIGHT,0.9155,1.5088,0.0898,0.241,0.1047,0.2352,-0.015,-0.1937,-0.0152,0.0206,1.0279,-0.0221,1.5602,0.000221,-0.0003,0.0001
29.52,FLIGHT,0.9161,1.51,0.1051,0.235,0.1177,0.23,-0.0151,-0.1936,-0.0114,0.0199,1.0286,-0.0227,1.5609,0.00022,-0.0001,0.0
29.525,FLIGHT,0.9167,1.5111,0.118,0.2298,0.1286,0.2254,-0.0151,-0.1935,-0.0082,0.0192,1.0292,-0.0233,1.5616,0.00022,0.0,0.0
29.53,FLIGHT,0.9173,1.5122,0.1288,0.2252,0.1376,0.2213,-0.0151,-0.1934,-0.0055,0.0186,1.0299,-0.0239,1.5623,0.00022,0.0001,0.0
29.535,FLIGHT,0.918,1.5133,0.1378,0.2211,0.145,0.2176,-0.0151,-0.1933,-0.0032,0.0181,1.0305,-0.0245,1.5629,0.000221,0.0002,0.0
29.54,FLIGHT,0.9188,1.5144,0.1451,0.2174,0.1511,0.2142,-0.0151,-0.1932,-0.0013,0.0177,1.031,-0.025,1.5635,0.000222,0.0002,0.0
29.545,FLIGHT,0.9196,1.5155,0.1511,0.214,0.1559,0.211,-0.0151,-0.1931,0.0003,0.0173,1.0316,-0.0256,1.5641,0.000223,0.0002,0.0
29.55,FLIGHT,0.9203,1.5165,0.1559,0.2108,0.1597,0.208,-0.0151,-0.193,0.0017,0.0169,1.0321,-0.0261,1.5647,0.000224,0.0003,0.0
29.555,FLIGHT,0.9211,1.5176,0.1596,0.2078,0.1626,0.2052,-0.0151,-0.1929,0.0028,0.0166,1.0326,-0.0267,1.5652,0.000226,0.0002,0.0
29.56,FLIGHT,0.922,1.5186,0.1625,0.2049,0.1647,0.2024,-0.0151,-0.1929,0.0037,0.0163,1.0331,-0.0272,1.5658,0.000227,0.0002,0.0
29.565,FLIGHT,0.9228,1.5196,0.1646,0.2022,0.1661,0.1997,-0.0151,-0.1928,0.0045,0.016,1.0336,-0.0277,1.5663,0.000228,0.0002,0.0
29.57,FLIGHT,0.9236,1.5206,0.166,0.1995,0.167,0.1971,-0.015,-0.1927,0.0051,0.0158,1.034,-0.0282,1.5668,0.000229,0.0002,0.0
29.575,FLIGHT,0.9245,1.5216,0.1668,0.1969,0.1674,0.1945,-0.015,-0.1926,0.0056,0.0155,1.0344,-0.0286,1.5673,0.00023,0.0002,0.0
29.58,FLIGHT,0.9253,1.5225,0.1672,0.1943,0.1674,0.192,-0.015,-0.1926,0.006,0.0153,1.0348,-0.0291,1.5677,0.000231,0.0002,0.0
29.585,FLIGHT,0.9261,1.5235,0.1672,0.1917,0.167,0.1894,-0.015,-0.1925,0.0063,0.0151,1.0351,-0.0295,1.5682,0.000232,0.0001,0.0
29.59,FLIGHT,0.927,1.5244,0.1668,0.1892,0.1663,0.1869,-0.0149,-0.1924,0.0066,0.0149,1.0355,-0.03,1.5686,0.000232,0.0001,0.0
29.595,FLIGHT,0.9278,1.5253,0.1661,0.1867,0.1654,0.1844,-0.0149,-0.1923,0.0068,0.0146,1.0358,-0.0304,1.5691,0.000233,0.0001,0.0
29.6,FLIGHT,0.9286,1.5263,0.1652,0.1841,0.1643,0.1819,-0.0149,-0.1923,0.007,0.0144,1.036,-0.0308,1.5695,0.000233,0.0001,0.0
29.605,FLIGHT,0.9294,1.5272,0.1641,0.1816,0.1631,0.1794,-0.0148,-0.1922,0.0071,0.0142,1.0363,-0.0312,1.5699,0.000234,0.0001,0.0
29.61,FLIGHT,0.9303,1.528,0.1629,0.1791,0.1616,0.1769,-0.0148,-0.1921,0.0072,0.014,1.0365,-0.0315,1.5703,0.000234,0.0001,0.0
29.615,FLIGHT,0.9311,1.5289,0.1614,0.1766,0.1601,0.1743,-0.0147,-0.192,0.0072,0.0138,1.0367,-0.0319,1.5707,0.000234,0.0,0.0
29.62,FLIGHT,0.9319,1.5298,0.1599,0.1741,0.1585,0.1718,-0.0147,-0.192,0.0072,0.0136,1.0369,-0.0323,1.5711,0.000234,0.0,0.0
29.625,FLIGHT,0.9326,1.5306,0.1583,0.1716,0.1568,0.1693,-0.0147,-0.1919,0.0073,0.0134,1.0371,-0.0326,1.5715,0.000234,0.0,0.0
29.63,FLIGHT,0.9334,1.5315,0.1566,0.1691,0.1551,0.1669,-0.0146,-0.1918,0.0073,0.0132,1.0372,-0.0329,1.5718,0.000234,0.0,0.0
29.635,FLIGHT,0.9342,1.5323,0.1549,0.1666,0.1533,0.1644,-0.0146,-0.1918,0.0073,0.013,1.0374,-0.0333,1.5722,0.000234,-0.0,0.0
29.64,FLIGHT,0.935,1.5331,0.1531,0.1641,0.1515,0.1619,-0.0146,-0.1917,0.0072,0.0128,1.0374,-0.0336,1.5725,0.000234,-0.0,0.0
29.645,FLIGHT,0.9357,1.5339,0.1513,0.1617,0.1496,0.1595,-0.0145,-0.1917,0.0072,0.0126,1.0375,-0.0339,1.5729,0.000234,-0.0,0.0
29.65,FLIGHT,0.9365,1.5347,0.1494,0.1592,0.1478,0.157,-0.0145,-0.1916,0.0072,0.0125,1.0376,-0.0342,1.5732,0.000234,-0.0,0.0
29.655,FLIGHT,0.9372,1.5355,0.1476,0.1568,0.1459,0.1546,-0.0145,-0.1915,0.0072,0.0123,1.0376,-0.0345,1.5736,0.000234,-0.0,0.0
29.66,FLIGHT,0.9379,1.5363,0.1457,0.1544,0.1441,0.1522,-0.0144,-0.1915,0.0071,0.0121,1.0376,-0.0348,1.5739,0.000234,-0.0,0.0
29.665,FLIGHT,0.9386,1.537,0.1439,0.152,0.1422,0.1498,-0.0144,-0.1914,0.0071,0.0119,1.0376,-0.0351,1.5742,0.000234,-0.0,0.0
29.67,FLIGHT,0.9393,1.5378,0.142,0.1496,0.1404,0.1475,-0.0143,-0.1914,0.007,0.0117,1.0375,-0.0353,1.5745,0.000234,-0.0,0.0
29.675,FLIGHT,0.94,1.5385,0.1402,0.1472,0.1386,0.1451,-0.0143,-0.1913,0.007,0.0115,1.0375,-0.0356,1.5748,0.000233,-0.0,0.0
29.68,FLIGHT,0.9407,1.5392,0.1384,0.1449,0.1368,0.1428,-0.0143,-0.1912,0.007,0.0113,1.0374,-0.0359,1.5751,0.000233,-0.0,0.0
29.685,FLIGHT,0.9414,1.5399,0.1366,0.1426,0.135,0.1405,-0.0142,-0.1912,0.0069,0.0112,1.0373,-0.0362,1.5754,0.000233,-0.0,0.0
29.69,FLIGHT,0.9421,1.5406,0.1348,0.1403,0.1332,0.1383,-0.0142,-0.1911,0.0069,0.011,1.0371,-0.0364,1.5757,0.000233,-0.0,0.0
29.695,FLIGHT,0.9427,1.5413,0.133,0.1381,0.1314,0.1361,-0.0142,-0.1911,0.0068,0.0108,1.037,-0.0367,1.576,0.000232,-0.0,0.0
29.7,FLIGHT,0.9434,1.542,0.1313,0.1358,0.1297,0.1339,-0.0141,-0.191,0.0068,0.0106,1.0368,-0.0369,1.5763,0.000232,-0.0,0.0
29.705,FLIGHT,0.944,1.5426,0.1295,0.1336,0.128,0.1317,-0.0141,-0.191,0.0067,0.0104,1.0366,-0.0372,1.5766,0.000232,-0.0,0.0
29.71,FLIGHT,0.9447,1.5433,0.1278,0.1315,0.1263,0.1296,-0.0141,-0.1909,0.0067,0.0103,1.0364,-0.0374,1.5769,0.000232,-0.0,0.0
29.715,FLIGHT,0.9453,1.5439,0.1261,0.1294,0.1246,0.1275,-0.014,-0.1909,0.0067,0.0101,1.0362,-0.0377,1.5771,0.000232,-0.0,0.0
29.72,FLIGHT,0.9459,1.5446,0.1244,0.1273,0.123,0.1254,-0.014,-0.1908,0.0066,0.0099,1.0359,-0.0379,1.5774,0.000231,-0.0,0.0
29.725,FLIGHT,0.9465,1.5452,0.1228,0.1252,0.1213,0.1234,-0.014,-0.1908,0.0066,0.0098,1.0356,-0.0381,1.5777,0.000231,-0.0,0.0
29.73,FLIGHT,0.9471,1.5458,0.1212,0.1232,0.1197,0.1213,-0.0139,-0.1907,0.0065,0.0096,1.0353,-0.0384,1.5779,0.000231,-0.0,0.0
29.735,FLIGHT,0.9477,1.5464,0.1196,0.1212,0.1181,0.1194,-0.0139,-0.1907,0.0065,0.0095,1.035,-0.0386,1.5782,0.000231,-0.0,0.0
29.74,FLIGHT,0.9483,1.547,0.118,0.1192,0.1166,0.1174,-0.0139,-0.1906,0.0064,0.0093,1.0347,-0.0388,1.5785,0.00023,-0.0,0.0
29.745,FLIGHT,0.9489,1.5476,0.1164,0.1172,0.115,0.1155,-0.0138,-0.1906,0.0064,0.0092,1.0343,-0.0391,1.5787,0.00023,-0.0,0.0
29.75,FLIGHT,0.9495,1.5482,0.1149,0.1153,0.1135,0.1136,-0.0138,-0.1905,0.0064,0.009,1.0339,-0.0393,1.579,0.00023,-0.0,0.0
29.755,FLIGHT,0.95,1.5487,0.1133,0.1135,0.112,0.1118,-0.0138,-0.1905,0.0063,0.0089,1.0335,-0.0395,1.5792,0.00023,-0.0,0.0
29.76,FLIGHT,0.9506,1.5493,0.1118,0.1116,0.1105,0.11,-0.0138,-0.1905,0.0063,0.0087,1.0331,-0.0397,1.5794,0.000229,-0.0,0.0
29.765,FLIGHT,0.9511,1.5498,0.1103,0.1098,0.109,0.1082,-0.0137,-0.1904,0.0062,0.0086,1.0327,-0.0399,1.5797,0.000229,-0.0,0.0
29.77,FLIGHT,0.9517,1.5504,0.1089,0.108,0.1076,0.1064,-0.0137,-0.1904,0.0062,0.0084,1.0322,-0.0402,1.5799,0.000229,-0.0,0.0
29.775,FLIGHT,0.9522,1.5509,0.1074,0.1063,0.1061,0.1047,-0.0137,-0.1903,0.0061,0.0083,1.0317,-0.0404,1.5801,0.000229,-0.0,0.0
29.78,FLIGHT,0.9527,1.5514,0.106,0.1045,0.1047,0.103,-0.0136,-0.1903,0.0061,0.0082,1.0313,-0.0406,1.5804,0.000229,-0.0,0.0
29.785,FLIGHT,0.9532,1.5519,0.1046,0.1029,0.1033,0.1014,-0.0136,-0.1903,0.006,0.008,1.0307,-0.0408,1.5806,0.000228,-0.0,0.0
29.79,FLIGHT,0.9538,1.5524,0.1032,0.1012,0.102,0.0997,-0.0136,-0.1902,0.006,0.0079,1.0302,-0.041,1.5808,0.000228,-0.0,0.0
29.795,FLIGHT,0.9543,1.5529,0.1018,0.0996,0.1006,0.0981,-0.0135,-0.1902,0.006,0.0078,1.0297,-0.0412,1.581,0.000228,-0.0,0.0
29.8,FLIGHT,0.9548,1.5534,0.1005,0.098,0.0993,0.0965,-0.0135,-0.1901,0.0059,0.0076,1.0291,-0.0414,1.5813,0.000228,-0.0,0.0
29.805,FLIGHT,0.9553,1.5539,0.0991,0.0964,0.0979,0.095,-0.0135,-0.1901,0.0059,0.0075,1.0285,-0.0416,1.5815,0.000228,-0.0,0.0
29.81,FLIGHT,0.9557,1.5544,0.0978,0.0949,0.0966,0.0935,-0.0135,-0.1901,0.0058,0.0074,1.0279,-0.0418,1.5817,0.000227,-0.0,0.0
29.815,FLIGHT,0.9562,1.5548,0.0965,0.0933,0.0953,0.092,-0.0134,-0.19,0.0058,0.0073,1.0273,-0.042,1.5819,0.000227,-0.0,0.0
29.82,FLIGHT,0.9567,1.5553,0.0952,0.0919,0.094,0.0905,-0.0134,-0.19,0.0057,0.0072,1.0266,-0.0422,1.5821,0.000227,-0.0,0.0
29.825,FLIGHT,0.9572,1.5557,0.0939,0.0904,0.0928,0.0891,-0.0134,-0.19,0.0057,0.007,1.026,-0.0424,1.5823,0.000227,-0.0,0.0
29.83,FLIGHT,0.9576,1.5562,0.0926,0.089,0.0915,0.0877,-0.0133,-0.1899,0.0056,0.0069,1.0253,-0.0426,1.5825,0.000227,-0.0,0.0
29.835,FLIGHT,0.9581,1.5566,0.0914,0.0875,0.0903,0.0863,-0.0133,-0.1899,0.0056,0.0068,1.0246,-0.0427,1.5827,0.000227,-0.0,0.0
29.84,FLIGHT,0.9585,1.557,0.0901,0.0862,0.089,0.0849,-0.0133,-0.1899,0.0055,0.0067,1.0239,-0.0429,1.5829,0.000226,-0.0,0.0
29.845,FLIGHT,0.959,1.5574,0.0889,0.0848,0.0878,0.0836,-0.0133,-0.1898,0.0055,0.0066,1.0232,-0.0431,1.5831,0.000226,-0.0,0.0
29.85,FLIGHT,0.9594,1.5579,0.0877,0.0835,0.0866,0.0823,-0.0132,-0.1898,0.0054,0.0065,1.0224,-0.0433,1.5833,0.000226,-0.0,0.0
29.855,FLIGHT,0.9598,1.5583,0.0865,0.0822,0.0854,0.081,-0.0132,-0.1898,0.0053,0.0064,1.0216,-0.0435,1.5835,0.000226,-0.0,0.0
29.86,FLIGHT,0.9603,1.5587,0.0853,0.0809,0.0843,0.0798,-0.0132,-0.1897,0.0053,0.0063,1.0209,-0.0437,1.5837,0.000226,-0.0,0.0
29.865,FLIGHT,0.9607,1.5591,0.0841,0.0796,0.0831,0.0785,-0.0131,-0.1897,0.0052,0.0062,1.0201,-0.0439,1.5839,0.000226,-0.0,0.0
29.87,FLIGHT,0.9611,1.5595,0.083,0.0784,0.082,0.0773,-0.0131,-0.1897,0.0052,0.0061,1.0193,-0.044,1.5841,0.000226,-0.0,0.0
29.875,FLIGHT,0.9615,1.5598,0.0818,0.0772,0.0808,0.0761,-0.0131,-0.1896,0.0051,0.006,1.0184,-0.0442,1.5842,0.000225,-0.0,0.0
29.88,FLIGHT,0.9619,1.5602,0.0807,0.076,0.0797,0.0749,-0.0131,-0.1896,0.0051,0.0059,1.0176,-0.0444,1.5844,0.000225,-0.0,0.0
29.885,FLIGHT,0.9623,1.5606,0.0796,0.0748,0.0786,0.0738,-0.013,-0.1896,0.005,0.0058,1.0167,-0.0446,1.5846,0.000225,-0.0,0.0
29.89,FLIGHT,0.9627,1.561,0.0785,0.0737,0.0775,0.0727,-0.013,-0.1895,0.0049,0.0057,1.0159,-0.0447,1.5848,0.000225,-0.0,0.0
29.895,FLIGHT,0.9631,1.5613,0.0774,0.0726,0.0764,0.0716,-0.013,-0.1895,0.0049,0.0057,1.015,-0.0449,1.585,0.000225,-0.0,0.0
29.9,FLIGHT,0.9634,1.5617,0.0763,0.0715,0.0753,0.0705,-0.013,-0.1895,0.0048,0.0056,1.0141,-0.0451,1.5851,0.000225,-0.0,0.0
29.905,FLIGHT,0.9638,1.562,0.0752,0.0704,0.0742,0.0694,-0.013,-0.1895,0.0048,0.0055,1.0131,-0.0453,1.5853,0.000225,-0.0,0.0
29.91,FLIGHT,0.9642,1.5624,0.0741,0.0693,0.0731,0.0684,-0.0129,-0.1894,0.0047,0.0054,1.0122,-0.0454,1.5855,0.000225,-0.0,0.0
29.915,FLIGHT,0.9646,1.5627,0.073,0.0683,0.0721,0.0674,-0.0129,-0.1894,0.0046,0.0053,1.0113,-0.0456,1.5856,0.000225,-0.0,0.0
29.92,FLIGHT,0.9649,1.563,0.072,0.0673,0.071,0.0663,-0.0129,-0.1894,0.0046,0.0052,1.0103,-0.0458,1.5858,0.000224,-0.0,0.0
29.925,FLIGHT,0.9653,1.5634,0.0709,0.0663,0.07,0.0654,-0.0129,-0.1894,0.0045,0.0052,1.0093,-0.0459,1.586,0.000224,-0.0,0.0
29.93,FLIGHT,0.9656,1.5637,0.0699,0.0653,0.069,0.0644,-0.0128,-0.1893,0.0044,0.0051,1.0083,-0.0461,1.5861,0.000224,-0.0,0.0
29.935,FLIGHT,0.966,1.564,0.0689,0.0643,0.068,0.0634,-0.0128,-0.1893,0.0044,0.005,1.0073,-0.0463,1.5863,0.000224,-0.0,0.0
29.94,FLIGHT,0.9663,1.5643,0.0679,0.0634,0.067,0.0625,-0.0128,-0.1893,0.0043,0.0049,1.0063,-0.0464,1.5865,0.000224,-0.0,0.0
29.945,FLIGHT,0.9666,1.5646,0.0669,0.0624,0.066,0.0616,-0.0128,-0.1893,0.0042,0.0049,1.0052,-0.0466,1.5866,0.000224,-0.0,0.0
29.95,FLIGHT,0.967,1.5649,0.0659,0.0615,0.065,0.0607,-0.0128,-0.1892,0.0042,0.0048,1.0042,-0.0467,1.5868,0.000224,-0.0,0.0
29.955,FLIGHT,0.9673,1.5652,0.0649,0.0606,0.064,0.0598,-0.0127,-0.1892,0.0041,0.0047,1.0031,-0.0469,1.5869,0.000224,-0.0,0.0
29.96,FLIGHT,0.9676,1.5655,0.0639,0.0597,0.063,0.059,-0.0127,-0.1892,0.004,0.0047,1.002,-0.0471,1.5871,0.000224,-0.0,0.0
29.965,FLIGHT,0.9679,1.5658,0.0629,0.0589,0.062,0.0581,-0.0127,-0.1892,0.004,0.0046,1.0009,-0.0472,1.5872,0.000224,-0.0,0.0
29.97,STANCE,0.9683,1.5662,0.07,0.0688,0.1568,0.186,-0.0127,-0.1891,0.004,0.0054,0.9999,0.1694,-0.016,0.000173,-0.1216,0.0243
29.975,STANCE,0.9709,1.5668,0.4358,0.0698,0.9604,-0.2066,-0.0122,-0.1891,0.073,0.0011,0.999,-0.0187,-0.6103,-0.001404,-0.4259,0.0866
29.98,STANCE,0.9768,1.5625,0.9404,-0.635,1.2249,-1.3571,-0.0106,-0.1896,0.2645,-0.0672,0.9979,-0.4527,-0.9263,-0.003438,-0.3499,0.0734
29.985,STANCE,0.9789,1.5604,0.5297,-0.4161,0.0007,0.1457,-0.0099,-0.1898,0.1572,-0.0425,0.9976,-0.5918,-1.5635,-0.004155,-0.0246,0.0091
29.99,STANCE,0.9789,1.5614,0.1672,-0.0065,0.0723,0.0842,-0.01,-0.1897,0.0326,-0.0023,0.9979,-0.7317,-2.1902,-0.00406,0.0517,0.0041
29.995,STANCE,0.9802,1.5603,0.2541,-0.1796,0.4624,-0.5317,-0.0096,-0.1898,0.0727,-0.0185,0.9982,-1.0277,-2.4031,-0.003701,0.0888,0.0037
30.0,STANCE,0.9825,1.5532,0.4002,-1.0909,0.6299,-1.5757,-0.0082,-0.1905,0.2259,-0.0994,0.9982,-1.3149,-2.0737,-0.003038,0.0898,0.003
