t,phase,hip_pos,knee_pos,hip_vel_est,knee_vel_est,hip_vel_real,knee_vel_real,foot_x,foot_z,foot_vx,foot_vz,foot_z_world,tau_hip,tau_knee,foot_compression,foot_spring_vel,Fn_sensor
0.005,FLIGHT,1.0453,0.9016,-0.3387,0.3049,-1.2636,1.2868,0.1064,-0.2095,-0.1201,-0.0431,1.0752,-2.9791,3.3799,3.9e-05,0.0144,0.0
0.01,FLIGHT,1.0342,0.9134,-1.7152,1.8125,-3.0884,3.3353,0.1021,-0.2109,-0.6551,-0.2108,1.0757,-2.3461,2.9597,0.000127,0.0197,0.0
0.015,FLIGHT,1.0155,0.9338,-3.1437,3.4107,-4.2645,4.6789,0.0949,-0.2131,-1.224,-0.3437,1.0765,-1.5595,2.4287,0.000226,0.0189,0.0
0.02,FLIGHT,0.9927,0.9591,-4.14,4.5603,-4.7944,5.341,0.0859,-0.2154,-1.6347,-0.3805,1.0775,-0.8851,1.9682,0.00031,0.0144,0.0
0.025,FLIGHT,0.9684,0.9863,-4.6172,5.1668,-4.8321,5.4875,0.0762,-0.2174,-1.8458,-0.3368,1.0786,-0.399,1.6332,0.000367,0.0085,0.0
0.03,FLIGHT,0.9449,1.0134,-4.6643,5.3226,-4.5544,5.3025,0.0666,-0.2189,-1.8865,-0.2515,1.0796,-0.0887,1.4184,0.000396,0.003,0.0
0.035,FLIGHT,0.9232,1.039,-4.4188,5.1705,-4.1073,4.9373,0.0577,-0.2198,-1.8086,-0.1576,1.0805,0.0884,1.2969,0.0004,-0.0013,0.0003
0.04,FLIGHT,0.9039,1.0626,-4.0063,4.841,-3.5927,4.4982,0.0497,-0.2203,-1.662,-0.0743,1.0814,0.1763,1.2393,0.000385,-0.0042,0.0008
0.045,FLIGHT,0.8873,1.084,-3.5208,4.4319,-3.0737,4.051,0.0426,-0.2205,-1.4849,-0.0087,1.0821,0.2103,1.2212,0.00036,-0.0059,0.0012
0.05,FLIGHT,0.8731,1.1032,-3.0234,4.0069,-2.5845,3.6319,0.0364,-0.2204,-1.3023,0.0389,1.0826,0.2146,1.2253,0.000328,-0.0065,0.0013
0.055,FLIGHT,0.8613,1.1204,-2.5489,3.603,-2.1405,3.2571,0.0311,-0.2201,-1.1288,0.0712,1.0831,0.2046,1.2403,0.000296,-0.0064,0.0013
0.06,FLIGHT,0.8516,1.1358,-2.1147,3.2381,-1.7462,2.9313,0.0265,-0.2197,-0.9713,0.0919,1.0834,0.1891,1.2594,0.000266,-0.0058,0.0012
0.065,FLIGHT,0.8438,1.1498,-1.7267,2.9184,-1.4001,2.6525,0.0226,-0.2192,-0.8322,0.1042,1.0836,0.1726,1.2793,0.000239,-0.0049,0.001
0.07,FLIGHT,0.8376,1.1624,-1.3845,2.6434,-1.0978,2.4162,0.0193,-0.2187,-0.7112,0.1108,1.0837,0.1572,1.2981,0.000217,-0.0039,0.0008
0.075,FLIGHT,0.8328,1.174,-1.085,2.4094,-0.8345,2.2168,0.0165,-0.2182,-0.6069,0.1136,1.0838,0.1437,1.3152,0.0002,-0.0028,0.0006
0.08,FLIGHT,0.8292,1.1847,-0.8236,2.2114,-0.6052,2.0487,0.0141,-0.2177,-0.5172,0.1139,1.0838,0.1319,1.3305,0.000189,-0.0019,0.0004
0.085,FLIGHT,0.8267,1.1945,-0.5958,2.0444,-0.4055,1.9072,0.012,-0.2171,-0.4403,0.1127,1.0837,0.1218,1.3442,0.000181,-0.001,0.0002
0.09,FLIGHT,0.8251,1.2038,-0.3973,1.9035,-0.2316,1.7879,0.0103,-0.2166,-0.3744,0.1106,1.0835,0.113,1.3565,0.000178,-0.0003,0.0001
0.095,FLIGHT,0.8243,1.2124,-0.2244,1.7847,-0.08,1.6871,0.0088,-0.2161,-0.3178,0.1081,1.0833,0.1053,1.3676,0.000178,0.0003,0.0
0.1,FLIGHT,0.8242,1.2207,-0.0739,1.6844,0.0518,1.602,0.0075,-0.2156,-0.2692,0.1055,1.0831,0.0983,1.3777,0.000181,0.0008,0.0
0.105,FLIGHT,0.8248,1.2285,0.0571,1.5996,0.1664,1.5298,0.0065,-0.2151,-0.2275,0.1028,1.0828,0.092,1.3869,0.000185,0.0011,0.0
0.11,FLIGHT,0.8259,1.236,0.1709,1.5278,0.2657,1.4686,0.0056,-0.2146,-0.1917,0.1003,1.0825,0.0862,1.3954,0.000192,0.0014,0.0
0.115,FLIGHT,0.8274,1.2432,0.2695,1.4668,0.3515,1.4164,0.0048,-0.2141,-0.161,0.0979,1.0821,0.0808,1.4032,0.000199,0.0016,0.0
0.12,FLIGHT,0.8294,1.2502,0.3547,1.4148,0.4254,1.3718,0.0042,-0.2136,-0.1348,0.0957,1.0818,0.0758,1.4105,0.000207,0.0017,0.0
0.125,FLIGHT,0.8317,1.2569,0.428,1.3704,0.4888,1.3335,0.0037,-0.2132,-0.1123,0.0937,1.0814,0.0711,1.4173,0.000216,0.0017,0.0
0.13,FLIGHT,0.8342,1.2635,0.4908,1.3322,0.5427,1.3004,0.0033,-0.2127,-0.0931,0.092,1.0809,0.0667,1.4237,0.000225,0.0017,0.0
0.135,FLIGHT,0.8371,1.2699,0.5443,1.2991,0.5884,1.2715,0.0029,-0.2123,-0.0767,0.0904,1.0805,0.0626,1.4296,0.000234,0.0017,0.0
0.14,FLIGHT,0.8401,1.2762,0.5896,1.2703,0.6268,1.2461,0.0026,-0.2118,-0.0628,0.089,1.0801,0.0588,1.4352,0.000242,0.0016,0.0
0.145,FLIGHT,0.8433,1.2824,0.6277,1.2449,0.6587,1.2235,0.0024,-0.2114,-0.051,0.0878,1.0796,0.0551,1.4405,0.00025,0.0016,0.0
0.15,FLIGHT,0.8467,1.2885,0.6592,1.2223,0.6848,1.2031,0.0022,-0.211,-0.0411,0.0867,1.0792,0.0517,1.4455,0.000257,0.0015,0.0
0.155,FLIGHT,0.8502,1.2944,0.6851,1.2019,0.7059,1.1845,0.0021,-0.2105,-0.0327,0.0856,1.0787,0.0484,1.4503,0.000264,0.0013,0.0
0.16,FLIGHT,0.8537,1.3003,0.7059,1.1833,0.7225,1.1672,0.002,-0.2101,-0.0256,0.0847,1.0782,0.0454,1.4548,0.000271,0.0012,0.0
0.165,FLIGHT,0.8574,1.3061,0.7223,1.166,0.7352,1.151,0.0019,-0.2097,-0.0198,0.0838,1.0777,0.0425,1.4591,0.000277,0.0011,0.0
0.17,FLIGHT,0.8611,1.3118,0.7349,1.1498,0.7445,1.1356,0.0018,-0.2093,-0.0149,0.083,1.0772,0.0397,1.4631,0.000282,0.001,0.0
0.175,FLIGHT,0.8648,1.3175,0.7439,1.1343,0.7507,1.1207,0.0018,-0.2089,-0.0109,0.0822,1.0767,0.0371,1.4671,0.000286,0.0009,0.0
0.18,FLIGHT,0.8686,1.323,0.75,1.1194,0.7542,1.1062,0.0017,-0.2085,-0.0076,0.0814,1.0762,0.0346,1.4708,0.00029,0.0007,0.0
0.185,FLIGHT,0.8724,1.3285,0.7534,1.1048,0.7554,1.0919,0.0017,-0.2081,-0.0049,0.0806,1.0756,0.0322,1.4744,0.000294,0.0006,0.0
0.19,FLIGHT,0.8761,1.3339,0.7546,1.0905,0.7546,1.0777,0.0017,-0.2077,-0.0028,0.0799,1.0751,0.03,1.4779,0.000297,0.0005,0.0
0.195,FLIGHT,0.8799,1.3393,0.7537,1.0763,0.7521,1.0636,0.0017,-0.2073,-0.001,0.0791,1.0746,0.0278,1.4812,0.000299,0.0004,0.0
0.2,FLIGHT,0.8837,1.3446,0.751,1.0621,0.748,1.0494,0.0017,-0.2069,0.0003,0.0783,1.074,0.0258,1.4844,0.000301,0.0004,0.0
0.205,FLIGHT,0.8874,1.3498,0.7469,1.0479,0.7425,1.0352,0.0017,-0.2065,0.0014,0.0775,1.0735,0.0238,1.4875,0.000303,0.0003,0.0
0.21,FLIGHT,0.8911,1.3549,0.7414,1.0337,0.736,1.0208,0.0017,-0.2061,0.0021,0.0767,1.0729,0.0219,1.4905,0.000304,0.0002,0.0
0.215,FLIGHT,0.8947,1.36,0.7348,1.0193,0.7284,1.0063,0.0017,-0.2058,0.0027,0.0758,1.0723,0.0201,1.4933,0.000305,0.0001,0.0
0.22,FLIGHT,0.8984,1.365,0.7272,1.0047,0.7201,0.9916,0.0018,-0.2054,0.0031,0.075,1.0717,0.0184,1.4961,0.000305,0.0001,0.0
0.225,FLIGHT,0.9019,1.3699,0.7188,0.9901,0.711,0.9768,0.0018,-0.205,0.0033,0.0741,1.0712,0.0167,1.4988,0.000306,0.0,0.0
0.23,FLIGHT,0.9055,1.3748,0.7097,0.9752,0.7013,0.9619,0.0018,-0.2047,0.0035,0.0732,1.0706,0.0151,1.5015,0.000306,-0.0,0.0
0.235,FLIGHT,0.909,1.3795,0.7,0.9602,0.6911,0.9467,0.0018,-0.2043,0.0035,0.0722,1.0699,0.0135,1.504,0.000305,-0.0001,0.0
0.24,FLIGHT,0.9124,1.3842,0.6898,0.9451,0.6805,0.9315,0.0018,-0.2039,0.0035,0.0713,1.0693,0.012,1.5065,0.000305,-0.0001,0.0
0.245,FLIGHT,0.9158,1.3888,0.6792,0.9298,0.6696,0.9161,0.0019,-0.2036,0.0034,0.0703,1.0687,0.0106,1.5089,0.000304,-0.0001,0.0
0.25,FLIGHT,0.9191,1.3934,0.6683,0.9145,0.6584,0.9007,0.0019,-0.2032,0.0032,0.0693,1.068,0.0091,1.5112,0.000304,-0.0002,0.0
0.255,FLIGHT,0.9223,1.3979,0.6571,0.899,0.647,0.8851,0.0019,-0.2029,0.003,0.0683,1.0674,0.0078,1.5135,0.000303,-0.0002,0.0
0.26,FLIGHT,0.9256,1.4022,0.6457,0.8835,0.6354,0.8695,0.0019,-0.2026,0.0028,0.0673,1.0667,0.0064,1.5157,0.000302,-0.0002,0.0
0.265,FLIGHT,0.9287,1.4065,0.6341,0.8678,0.6237,0.8538,0.0019,-0.2022,0.0026,0.0663,1.066,0.0051,1.5178,0.000301,-0.0002,0.0
0.27,FLIGHT,0.9318,1.4108,0.6224,0.8522,0.6119,0.8382,0.0019,-0.2019,0.0024,0.0652,1.0653,0.0039,1.5199,0.0003,-0.0002,0.0
0.275,FLIGHT,0.9348,1.4149,0.6107,0.8365,0.6001,0.8225,0.0019,-0.2016,0.0022,0.0642,1.0646,0.0027,1.5219,0.000298,-0.0003,0.0001
0.28,FLIGHT,0.9378,1.419,0.5989,0.8209,0.5883,0.8068,0.0019,-0.2013,0.0019,0.0631,1.0639,0.0015,1.5239,0.000297,-0.0003,0.0001
0.285,FLIGHT,0.9407,1.423,0.5871,0.8052,0.5765,0.7912,0.002,-0.201,0.0017,0.062,1.0632,0.0003,1.5258,0.000295,-0.0003,0.0001
0.29,FLIGHT,0.9436,1.4269,0.5753,0.7896,0.5647,0.7756,0.002,-0.2007,0.0015,0.061,1.0624,-0.0008,1.5277,0.000294,-0.0003,0.0001
0.295,FLIGHT,0.9463,1.4308,0.5635,0.774,0.5531,0.7601,0.002,-0.2004,0.0013,0.0599,1.0616,-0.002,1.5295,0.000293,-0.0003,0.0001
0.3,FLIGHT,0.9491,1.4345,0.5519,0.7586,0.5414,0.7447,0.002,-0.2001,0.0011,0.0588,1.0609,-0.003,1.5313,0.000291,-0.0003,0.0001
0.305,FLIGHT,0.9518,1.4382,0.5403,0.7432,0.5299,0.7294,0.002,-0.1998,0.0009,0.0577,1.0601,-0.0041,1.533,0.000289,-0.0003,0.0001
0.31,FLIGHT,0.9544,1.4418,0.5287,0.7279,0.5185,0.7142,0.002,-0.1995,0.0007,0.0566,1.0593,-0.0051,1.5347,0.000288,-0.0003,0.0001
0.315,FLIGHT,0.9569,1.4453,0.5173,0.7127,0.5072,0.6992,0.002,-0.1993,0.0005,0.0555,1.0584,-0.0061,1.5363,0.000286,-0.0003,0.0001
0.32,FLIGHT,0.9595,1.4488,0.5061,0.6977,0.496,0.6843,0.002,-0.199,0.0003,0.0545,1.0576,-0.0071,1.5379,0.000285,-0.0003,0.0001
0.325,FLIGHT,0.9619,1.4522,0.4949,0.6828,0.485,0.6695,0.002,-0.1987,0.0001,0.0534,1.0567,-0.0081,1.5395,0.000283,-0.0003,0.0001
0.33,FLIGHT,0.9643,1.4555,0.4839,0.6681,0.474,0.655,0.002,-0.1985,-0.0,0.0523,1.0558,-0.0091,1.541,0.000281,-0.0003,0.0001
0.335,FLIGHT,0.9666,1.4587,0.473,0.6535,0.4633,0.6405,0.002,-0.1982,-0.0001,0.0513,1.055,-0.01,1.5425,0.00028,-0.0003,0.0001
0.34,FLIGHT,0.9689,1.4619,0.4622,0.6391,0.4527,0.6263,0.002,-0.198,-0.0003,0.0502,1.054,-0.0109,1.5439,0.000278,-0.0003,0.0001
0.345,FLIGHT,0.9712,1.465,0.4516,0.6249,0.4422,0.6123,0.002,-0.1977,-0.0004,0.0492,1.0531,-0.0118,1.5453,0.000276,-0.0003,0.0001
0.35,FLIGHT,0.9734,1.468,0.4412,0.6109,0.4319,0.5984,0.002,-0.1975,-0.0005,0.0482,1.0522,-0.0126,1.5466,0.000275,-0.0003,0.0001
0.355,FLIGHT,0.9755,1.471,0.4309,0.5971,0.4218,0.5848,0.002,-0.1972,-0.0006,0.0471,1.0512,-0.0135,1.548,0.000273,-0.0003,0.0001
0.36,FLIGHT,0.9776,1.4739,0.4208,0.5835,0.4118,0.5714,0.002,-0.197,-0.0007,0.0461,1.0502,-0.0143,1.5493,0.000272,-0.0003,0.0001
0.365,FLIGHT,0.9796,1.4767,0.4109,0.5701,0.402,0.5582,0.002,-0.1968,-0.0008,0.0451,1.0493,-0.0151,1.5505,0.00027,-0.0003,0.0001
0.37,FLIGHT,0.9816,1.4795,0.4011,0.5569,0.3924,0.5452,0.002,-0.1966,-0.0009,0.0441,1.0483,-0.0159,1.5517,0.000268,-0.0003,0.0001
0.375,FLIGHT,0.9835,1.4822,0.3915,0.5439,0.3829,0.5324,0.002,-0.1964,-0.001,0.0432,1.0472,-0.0167,1.5529,0.000267,-0.0003,0.0001
0.38,FLIGHT,0.9854,1.4848,0.382,0.5312,0.3737,0.5198,0.002,-0.1962,-0.0011,0.0422,1.0462,-0.0175,1.5541,0.000265,-0.0003,0.0001
0.385,FLIGHT,0.9873,1.4874,0.3728,0.5186,0.3645,0.5075,0.0019,-0.1959,-0.0012,0.0413,1.0451,-0.0182,1.5552,0.000264,-0.0003,0.0001
0.39,FLIGHT,0.9891,1.4899,0.3636,0.5063,0.3556,0.4954,0.0019,-0.1957,-0.0012,0.0403,1.0441,-0.019,1.5563,0.000262,-0.0003,0.0001
0.395,FLIGHT,0.9908,1.4923,0.3547,0.4942,0.3468,0.4835,0.0019,-0.1956,-0.0013,0.0394,1.043,-0.0197,1.5574,0.000261,-0.0003,0.0001
0.4,FLIGHT,0.9925,1.4947,0.3459,0.4824,0.3381,0.4719,0.0019,-0.1954,-0.0014,0.0385,1.0419,-0.0204,1.5585,0.000259,-0.0003,0.0001
0.405,FLIGHT,0.9942,1.497,0.3373,0.4708,0.3297,0.4604,0.0019,-0.1952,-0.0014,0.0376,1.0407,-0.0211,1.5595,0.000258,-0.0003,0.0001
0.41,FLIGHT,0.9958,1.4993,0.3289,0.4593,0.3214,0.4492,0.0019,-0.195,-0.0015,0.0368,1.0396,-0.0217,1.5605,0.000256,-0.0003,0.0001
0.415,FLIGHT,0.9974,1.5015,0.3206,0.4482,0.3132,0.4382,0.0019,-0.1948,-0.0015,0.0359,1.0384,-0.0224,1.5614,0.000255,-0.0003,0.0001
0.42,FLIGHT,0.999,1.5037,0.3124,0.4372,0.3052,0.4275,0.0019,-0.1946,-0.0016,0.0351,1.0373,-0.023,1.5624,0.000254,-0.0003,0.0001
0.425,FLIGHT,1.0005,1.5058,0.3045,0.4265,0.2974,0.4169,0.0019,-0.1945,-0.0016,0.0342,1.0361,-0.0237,1.5633,0.000252,-0.0003,0.0001
0.43,FLIGHT,1.0019,1.5079,0.2967,0.4159,0.2898,0.4066,0.0019,-0.1943,-0.0017,0.0334,1.0349,-0.0243,1.5642,0.000251,-0.0003,0.0001
0.435,FLIGHT,1.0034,1.5099,0.289,0.4056,0.2823,0.3965,0.0019,-0.1941,-0.0017,0.0326,1.0337,-0.0249,1.565,0.00025,-0.0003,0.0001
0.44,FLIGHT,1.0048,1.5118,0.2816,0.3956,0.2749,0.3866,0.0019,-0.194,-0.0018,0.0318,1.0324,-0.0255,1.5659,0.000248,-0.0003,0.0001
0.445,FLIGHT,1.0061,1.5137,0.2742,0.3857,0.2677,0.377,0.0019,-0.1938,-0.0018,0.0311,1.0312,-0.026,1.5667,0.000247,-0.0002,0.0
0.45,FLIGHT,1.0074,1.5156,0.267,0.3761,0.2607,0.3675,0.0018,-0.1937,-0.0018,0.0303,1.0299,-0.0266,1.5675,0.000246,-0.0002,0.0
0.455,FLIGHT,1.0087,1.5174,0.26,0.3666,0.2538,0.3583,0.0018,-0.1935,-0.0019,0.0296,1.0286,-0.0272,1.5683,0.000245,-0.0002,0.0
0.46,FLIGHT,1.01,1.5192,0.2531,0.3574,0.247,0.3492,0.0018,-0.1934,-0.0019,0.0289,1.0273,-0.0277,1.5691,0.000243,-0.0002,0.0
0.465,FLIGHT,1.0112,1.5209,0.2464,0.3484,0.2404,0.3404,0.0018,-0.1933,-0.002,0.0282,1.026,-0.0282,1.5698,0.000242,-0.0002,0.0
0.47,FLIGHT,1.0124,1.5226,0.2398,0.3395,0.234,0.3317,0.0018,-0.1931,-0.002,0.0275,1.0247,-0.0287,1.5705,0.000241,-0.0002,0.0
0.475,FLIGHT,1.0135,1.5242,0.2334,0.3309,0.2277,0.3233,0.0018,-0.193,-0.002,0.0268,1.0234,-0.0292,1.5712,0.00024,-0.0002,0.0
0.48,FLIGHT,1.0147,1.5258,0.2271,0.3225,0.2215,0.315,0.0018,-0.1929,-0.0021,0.0261,1.022,-0.0297,1.5719,0.000239,-0.0002,0.0
0.485,FLIGHT,1.0158,1.5274,0.2209,0.3143,0.2154,0.307,0.0018,-0.1927,-0.0021,0.0255,1.0207,-0.0302,1.5726,0.000238,-0.0002,0.0
0.49,FLIGHT,1.0168,1.5289,0.2149,0.3062,0.2095,0.2991,0.0018,-0.1926,-0.0021,0.0248,1.0193,-0.0307,1.5732,0.000237,-0.0002,0.0
0.495,FLIGHT,1.0179,1.5304,0.209,0.2984,0.2038,0.2915,0.0018,-0.1925,-0.0022,0.0242,1.0179,-0.0311,1.5738,0.000236,-0.0002,0.0
0.5,FLIGHT,1.0189,1.5318,0.2032,0.2907,0.1981,0.284,0.0017,-0.1924,-0.0022,0.0236,1.0165,-0.0316,1.5745,0.000235,-0.0002,0.0
0.505,FLIGHT,1.0198,1.5332,0.1976,0.2833,0.1926,0.2766,0.0017,-0.1923,-0.0022,0.023,1.015,-0.032,1.5751,0.000234,-0.0002,0.0
0.51,FLIGHT,1.0208,1.5346,0.1921,0.276,0.1872,0.2695,0.0017,-0.1921,-0.0023,0.0224,1.0136,-0.0325,1.5756,0.000233,-0.0002,0.0
0.515,FLIGHT,1.0217,1.5359,0.1867,0.2688,0.1819,0.2625,0.0017,-0.192,-0.0023,0.0219,1.0122,-0.0329,1.5762,0.000232,-0.0002,0.0
0.52,FLIGHT,1.0226,1.5372,0.1814,0.2619,0.1768,0.2557,0.0017,-0.1919,-0.0023,0.0213,1.0107,-0.0333,1.5768,0.000231,-0.0002,0.0
0.525,FLIGHT,1.0235,1.5384,0.1763,0.2551,0.1717,0.2491,0.0017,-0.1918,-0.0024,0.0208,1.0092,-0.0337,1.5773,0.00023,-0.0002,0.0
0.53,FLIGHT,1.0243,1.5397,0.1713,0.2485,0.1668,0.2426,0.0017,-0.1917,-0.0024,0.0203,1.0077,-0.0341,1.5778,0.000229,-0.0002,0.0
0.535,FLIGHT,1.0251,1.5409,0.1664,0.242,0.162,0.2363,0.0017,-0.1916,-0.0024,0.0197,1.0062,-0.0344,1.5783,0.000228,-0.0002,0.0
0.54,FLIGHT,1.0259,1.542,0.1616,0.2357,0.1573,0.2302,0.0017,-0.1915,-0.0025,0.0192,1.0047,-0.0348,1.5788,0.000228,-0.0002,0.0
0.545,FLIGHT,1.0267,1.5432,0.1569,0.2296,0.1527,0.2242,0.0016,-0.1914,-0.0025,0.0187,1.0032,-0.0352,1.5793,0.000227,-0.0002,0.0
0.55,FLIGHT,1.0275,1.5443,0.1523,0.2236,0.1483,0.2183,0.0016,-0.1914,-0.0025,0.0183,1.0017,-0.0355,1.5798,0.000226,-0.0002,0.0
0.555,FLIGHT,1.0282,1.5454,0.1479,0.2178,0.1439,0.2126,0.0016,-0.1913,-0.0026,0.0178,1.0001,-0.0359,1.5802,0.000225,-0.0002,0.0
0.56,STANCE,1.0297,1.5473,0.2911,0.3761,0.7258,0.6673,0.0016,-0.1911,0.0024,0.0308,0.9988,-0.0995,-0.2881,-0.000386,-0.3739,0.0752
0.565,STANCE,1.0343,1.5498,0.6966,0.4403,0.5182,0.3841,0.0022,-0.1909,0.0705,0.0369,0.9981,-0.5047,-0.8384,-0.002424,-0.2269,0.0478
0.57,STANCE,1.0359,1.5512,0.4177,0.3118,0.2427,0.1571,0.0023,-0.1908,0.0355,0.026,0.9982,-0.7653,-1.2957,-0.002938,-0.0288,0.0087
0.575,STANCE,1.0375,1.5512,0.3683,0.0867,0.4379,-0.1602,0.0026,-0.1908,0.058,0.0079,0.9983,-1.1645,-1.6326,-0.002937,0.021,0.0029
0.58,STANCE,1.0401,1.5496,0.4789,-0.2116,0.5894,-0.4906,0.0033,-0.1909,0.1215,-0.0152,0.9985,-1.6114,-1.8026,-0.002731,0.0602,0.0027
0.585,STANCE,1.0427,1.545,0.5027,-0.7134,0.566,-0.958,0.0044,-0.1913,0.1981,-0.0538,0.9984,-1.9515,-1.7165,-0.002218,0.1096,0.0022
0.59,STANCE,1.0455,1.539,0.5632,-1.0492,0.7313,-1.3326,0.0058,-0.1917,0.2586,-0.0777,0.9986,-2.1842,-1.5251,-0.001768,0.0236,0.0018
0.595,STANCE,1.0493,1.5311,0.6854,-1.4534,0.7062,-1.8589,0.0077,-0.1923,0.3418,-0.1045,0.9987,-2.2992,-1.1395,-0.001721,0.014,0.0017
0.6,STANCE,1.0525,1.5213,0.6524,-1.8058,0.6144,-1.9662,0.0097,-0.193,0.3885,-0.1266,0.9988,-2.1774,-0.6537,-0.001657,0.0049,0.0017
0.605,STANCE,1.0547,1.5109,0.4928,-1.9758,0.3606,-1.9893,0.0117,-0.1937,0.3846,-0.1362,0.9989,-1.8249,-0.1803,-0.001517,0.0213,0.0015
0.61,STANCE,1.0555,1.5006,0.2653,-2.0219,0.0283,-2.0694,0.0133,-0.1944,0.3491,-0.1384,0.9991,-1.3032,0.251,-0.001278,0.0602,0.0013
0.615,STANCE,1.0552,1.4903,0.0467,-2.0331,-0.0746,-1.9827,0.0148,-0.1952,0.3097,-0.139,0.9994,-0.723,0.6283,-0.000951,0.0603,0.001
0.62,STANCE,1.0545,1.4801,-0.0843,-2.0442,-0.1814,-2.0994,0.0162,-0.1959,0.287,-0.139,0.9997,-0.2308,0.918,-0.000585,0.0832,0.0006
0.625,STANCE,1.054,1.4699,-0.0898,-2.0509,-0.0948,-2.1195,0.0176,-0.1966,0.2882,-0.1366,1.0,0.0107,1.0688,-0.000245,0.0785,0.0002
0.63,FLIGHT,1.053,1.4605,-0.2063,-1.8846,-0.5607,-1.3193,0.0188,-0.1972,0.2414,-0.1256,1.0004,-1.2817,2.5679,0.000152,0.0704,0.0
0.635,FLIGHT,1.0481,1.4568,-0.7694,-1.0369,-1.3537,-0.1787,0.0184,-0.1975,0.0031,-0.0813,1.0012,-1.0928,2.4052,0.000438,0.0452,0.0
0.64,FLIGHT,1.0398,1.4582,-1.4011,-0.1112,-1.92,0.6529,0.0166,-0.1976,-0.2602,-0.0306,1.0022,-0.8224,2.1796,0.000613,0.0255,0.0
0.645,FLIGHT,1.0293,1.4628,-1.8903,0.6243,-2.241,1.1699,0.0138,-0.1974,-0.4655,0.0167,1.0033,-0.5643,1.9668,0.000702,0.011,0.0
0.65,FLIGHT,1.0178,1.4694,-2.1817,1.1063,-2.3558,1.4283,0.0105,-0.1971,-0.5923,0.0557,1.0046,-0.3543,1.7951,0.00073,0.0009,0.0
0.655,FLIGHT,1.006,1.4768,-2.2912,1.3595,-2.3196,1.4991,0.0072,-0.1967,-0.6481,0.0841,1.0059,-0.1986,1.6694,0.000717,-0.0057,0.0011
0.66,FLIGHT,0.9947,1.4842,-2.2606,1.438,-2.1842,1.4473,0.0039,-0.1962,-0.6504,0.1015,1.0071,-0.091,1.5842,0.000678,-0.0097,0.0019
0.665,FLIGHT,0.9843,1.4911,-2.1349,1.3981,-1.9916,1.3242,0.0008,-0.1957,-0.6169,0.1089,1.0084,-0.0213,1.5308,0.000624,-0.0117,0.0023
0.67,FLIGHT,0.9749,1.4974,-1.9522,1.287,-1.7724,1.167,-0.0019,-0.1951,-0.5628,0.1084,1.0096,0.0208,1.5007,0.000563,-0.0124,0.0025
0.675,FLIGHT,0.9666,1.5028,-1.7416,1.1402,-1.5473,1.0007,-0.0043,-0.1947,-0.4988,0.1024,1.0108,0.0436,1.4866,0.000501,-0.0122,0.0024
0.68,FLIGHT,0.9594,1.5074,-1.5236,0.982,-1.3294,0.8405,-0.0063,-0.1943,-0.4326,0.093,1.0119,0.0536,1.4828,0.000442,-0.0114,0.0023
0.685,FLIGHT,0.9532,1.5112,-1.3113,0.8281,-1.1263,0.6952,-0.008,-0.1939,-0.3687,0.082,1.0129,0.0556,1.4854,0.000388,-0.0102,0.002
0.69,FLIGHT,0.9481,1.5144,-1.1124,0.6873,-0.9417,0.5686,-0.0095,-0.1936,-0.3099,0.0707,1.0139,0.0527,1.4915,0.00034,-0.0089,0.0018
0.695,FLIGHT,0.9438,1.5169,-0.931,0.564,-0.777,0.4619,-0.0107,-0.1933,-0.2572,0.0598,1.0149,0.0472,1.4993,0.000299,-0.0075,0.0015
0.7,FLIGHT,0.9403,1.519,-0.7686,0.4594,-0.6318,0.3742,-0.0116,-0.1931,-0.2111,0.0499,1.0158,0.0403,1.5076,0.000264,-0.0062,0.0012
0.705,FLIGHT,0.9374,1.5207,-0.6253,0.3732,-0.5052,0.3039,-0.0124,-0.1929,-0.1714,0.0413,1.0167,0.0331,1.5157,0.000237,-0.005,0.001
0.71,FLIGHT,0.9352,1.5221,-0.5,0.3039,-0.3955,0.2487,-0.013,-0.1927,-0.1376,0.0339,1.0175,0.0259,1.5233,0.000214,-0.0039,0.0008
0.715,FLIGHT,0.9335,1.5232,-0.3913,0.2494,-0.301,0.2066,-0.0135,-0.1926,-0.1092,0.0279,1.0184,0.0192,1.5301,0.000197,-0.0029,0.0006
0.72,FLIGHT,0.9322,1.5242,-0.2977,0.2076,-0.22,0.1753,-0.0139,-0.1925,-0.0854,0.023,1.0192,0.013,1.5362,0.000185,-0.0021,0.0004
0.725,FLIGHT,0.9312,1.525,-0.2173,0.1765,-0.1508,0.1529,-0.0142,-0.1924,-0.0657,0.0192,1.0199,0.0073,1.5415,0.000176,-0.0014,0.0003
0.73,FLIGHT,0.9306,1.5257,-0.1486,0.1542,-0.0919,0.1376,-0.0144,-0.1923,-0.0494,0.0162,1.0207,0.0022,1.546,0.000171,-0.0008,0.0002
0.735,FLIGHT,0.9303,1.5264,-0.0901,0.1389,-0.0419,0.1279,-0.0145,-0.1923,-0.0361,0.014,1.0214,-0.0023,1.55,0.000168,-0.0004,0.0001
0.74,FLIGHT,0.9302,1.527,-0.0405,0.1292,0.0003,0.1226,-0.0146,-0.1922,-0.0252,0.0124,1.0221,-0.0063,1.5534,0.000167,-0.0,0.0
0.745,FLIGHT,0.9303,1.5276,0.0014,0.1239,0.0359,0.1207,-0.0147,-0.1922,-0.0164,0.0113,1.0228,-0.0099,1.5563,0.000168,0.0003,0.0
0.75,FLIGHT,0.9305,1.5282,0.0368,0.1219,0.0658,0.1213,-0.0147,-0.1921,-0.0094,0.0106,1.0235,-0.0131,1.5588,0.00017,0.0005,0.0
0.755,FLIGHT,0.9309,1.5288,0.0665,0.1223,0.0907,0.1236,-0.0148,-0.1921,-0.0037,0.0102,1.0241,-0.016,1.561,0.000172,0.0006,0.0
0.76,FLIGHT,0.9314,1.5295,0.0912,0.1246,0.1114,0.1272,-0.0147,-0.192,0.0007,0.0101,1.0247,-0.0185,1.5628,0.000176,0.0007,0.0
0.765,FLIGHT,0.9321,1.5301,0.1118,0.1281,0.1285,0.1316,-0.0147,-0.192,0.0042,0.0101,1.0253,-0.0208,1.5645,0.000179,0.0008,0.0
0.77,FLIGHT,0.9327,1.5308,0.1288,0.1323,0.1425,0.1363,-0.0147,-0.1919,0.0069,0.0103,1.0259,-0.0228,1.5659,0.000183,0.0008,0.0
0.775,FLIGHT,0.9335,1.5315,0.1427,0.137,0.1538,0.1413,-0.0146,-0.1919,0.0089,0.0105,1.0265,-0.0246,1.5671,0.000187,0.0008,0.0
0.78,FLIGHT,0.9343,1.5322,0.1539,0.1418,0.1629,0.1461,-0.0146,-0.1918,0.0104,0.0108,1.027,-0.0262,1.5682,0.000191,0.0008,0.0
0.785,FLIGHT,0.9351,1.5329,0.1629,0.1466,0.17,0.1508,-0.0145,-0.1917,0.0115,0.0111,1.0275,-0.0277,1.5692,0.000195,0.0007,0.0
0.79,FLIGHT,0.936,1.5337,0.1699,0.1512,0.1755,0.1551,-0.0144,-0.1917,0.0122,0.0114,1.028,-0.029,1.57,0.000198,0.0007,0.0
0.795,FLIGHT,0.9368,1.5345,0.1753,0.1554,0.1795,0.1591,-0.0144,-0.1916,0.0127,0.0117,1.0285,-0.0302,1.5708,0.000202,0.0007,0.0
0.8,FLIGHT,0.9378,1.5353,0.1793,0.1593,0.1823,0.1626,-0.0143,-0.1916,0.0129,0.012,1.0289,-0.0313,1.5715,0.000205,0.0006,0.0
0.805,FLIGHT,0.9387,1.5361,0.1821,0.1627,0.1842,0.1656,-0.0142,-0.1915,0.0129,0.0123,1.0294,-0.0323,1.5722,0.000208,0.0006,0.0
0.81,FLIGHT,0.9396,1.5369,0.1839,0.1657,0.1851,0.1681,-0.0142,-0.1914,0.0129,0.0126,1.0298,-0.0332,1.5728,0.00021,0.0005,0.0
0.815,FLIGHT,0.9405,1.5378,0.1848,0.1681,0.1853,0.1701,-0.0141,-0.1914,0.0127,0.0128,1.0302,-0.0341,1.5734,0.000213,0.0005,0.0
0.82,FLIGHT,0.9414,1.5386,0.1851,0.1701,0.1849,0.1716,-0.0141,-0.1913,0.0125,0.013,1.0305,-0.0348,1.5739,0.000215,0.0004,0.0
0.825,FLIGHT,0.9424,1.5395,0.1846,0.1716,0.184,0.1727,-0.014,-0.1912,0.0122,0.0131,1.0309,-0.0356,1.5744,0.000217,0.0004,0.0
0.83,FLIGHT,0.9433,1.5404,0.1837,0.1726,0.1827,0.1733,-0.0139,-0.1912,0.0119,0.0133,1.0312,-0.0362,1.5749,0.000218,0.0003,0.0
0.835,FLIGHT,0.9442,1.5412,0.1824,0.1732,0.181,0.1736,-0.0139,-0.1911,0.0115,0.0133,1.0315,-0.0368,1.5754,0.00022,0.0003,0.0
0.84,FLIGHT,0.9451,1.5421,0.1807,0.1734,0.179,0.1734,-0.0138,-0.191,0.0111,0.0134,1.0318,-0.0374,1.5758,0.000221,0.0002,0.0
0.845,FLIGHT,0.946,1.543,0.1787,0.1732,0.1768,0.1729,-0.0138,-0.191,0.0108,0.0134,1.032,-0.0379,1.5762,0.000222,0.0002,0.0
0.85,FLIGHT,0.9469,1.5438,0.1765,0.1727,0.1744,0.172,-0.0137,-0.1909,0.0104,0.0134,1.0322,-0.0384,1.5766,0.000223,0.0002,0.0
0.855,FLIGHT,0.9477,1.5447,0.1741,0.1718,0.1718,0.1708,-0.0137,-0.1908,0.0101,0.0134,1.0324,-0.0389,1.577,0.000224,0.0001,0.0
0.86,FLIGHT,0.9486,1.5455,0.1715,0.1706,0.1691,0.1694,-0.0136,-0.1908,0.0097,0.0133,1.0326,-0.0394,1.5774,0.000225,0.0001,0.0
0.865,FLIGHT,0.9494,1.5464,0.1688,0.1692,0.1664,0.1678,-0.0136,-0.1907,0.0094,0.0132,1.0328,-0.0398,1.5778,0.000225,0.0001,0.0
0.87,FLIGHT,0.9502,1.5472,0.166,0.1675,0.1635,0.1659,-0.0135,-0.1906,0.0091,0.0131,1.0329,-0.0402,1.5782,0.000226,0.0001,0.0
0.875,FLIGHT,0.9511,1.548,0.1632,0.1656,0.1606,0.1638,-0.0135,-0.1906,0.0088,0.013,1.033,-0.0406,1.5785,0.000226,0.0001,0.0
0.88,FLIGHT,0.9519,1.5489,0.1603,0.1635,0.1577,0.1616,-0.0135,-0.1905,0.0085,0.0128,1.0331,-0.0409,1.5789,0.000226,0.0,0.0
0.885,FLIGHT,0.9526,1.5497,0.1574,0.1613,0.1547,0.1592,-0.0134,-0.1905,0.0082,0.0127,1.0332,-0.0413,1.5792,0.000226,0.0,0.0
0.89,FLIGHT,0.9534,1.5504,0.1544,0.1589,0.1518,0.1567,-0.0134,-0.1904,0.008,0.0125,1.0332,-0.0416,1.5796,0.000226,0.0,0.0
0.895,FLIGHT,0.9542,1.5512,0.1515,0.1564,0.1489,0.1541,-0.0133,-0.1903,0.0078,0.0123,1.0332,-0.0419,1.5799,0.000226,0.0,0.0
0.9,FLIGHT,0.9549,1.552,0.1486,0.1538,0.1459,0.1514,-0.0133,-0.1903,0.0075,0.0121,1.0332,-0.0422,1.5802,0.000226,-0.0,0.0
0.905,FLIGHT,0.9556,1.5527,0.1457,0.1511,0.1431,0.1487,-0.0133,-0.1902,0.0073,0.0119,1.0332,-0.0425,1.5806,0.000226,-0.0,0.0
0.91,FLIGHT,0.9563,1.5535,0.1428,0.1483,0.1402,0.1459,-0.0132,-0.1902,0.0071,0.0117,1.0331,-0.0428,1.5809,0.000226,-0.0,0.0
0.915,FLIGHT,0.957,1.5542,0.1399,0.1455,0.1374,0.143,-0.0132,-0.1901,0.007,0.0115,1.0331,-0.0431,1.5812,0.000226,-0.0,0.0
0.92,FLIGHT,0.9577,1.5549,0.1371,0.1427,0.1346,0.1401,-0.0132,-0.19,0.0068,0.0113,1.033,-0.0433,1.5815,0.000226,-0.0,0.0
0.925,FLIGHT,0.9584,1.5556,0.1343,0.1398,0.1318,0.1373,-0.0131,-0.19,0.0067,0.0111,1.0328,-0.0436,1.5818,0.000226,-0.0,0.0
0.93,FLIGHT,0.959,1.5563,0.1315,0.1369,0.1291,0.1344,-0.0131,-0.1899,0.0065,0.0108,1.0327,-0.0438,1.5821,0.000226,-0.0,0.0
0.935,FLIGHT,0.9596,1.5569,0.1288,0.1341,0.1264,0.1315,-0.0131,-0.1899,0.0064,0.0106,1.0325,-0.0441,1.5823,0.000225,-0.0,0.0
0.94,FLIGHT,0.9603,1.5576,0.1262,0.1312,0.1238,0.1286,-0.013,-0.1898,0.0063,0.0104,1.0324,-0.0443,1.5826,0.000225,-0.0,0.0
0.945,FLIGHT,0.9609,1.5582,0.1236,0.1283,0.1213,0.1257,-0.013,-0.1898,0.0062,0.0102,1.0321,-0.0445,1.5829,0.000225,-0.0,0.0
0.95,FLIGHT,0.9615,1.5588,0.121,0.1254,0.1188,0.1229,-0.013,-0.1897,0.0061,0.0099,1.0319,-0.0448,1.5832,0.000225,-0.0,0.0
0.955,FLIGHT,0.9621,1.5595,0.1185,0.1226,0.1163,0.12,-0.0129,-0.1897,0.006,0.0097,1.0317,-0.045,1.5834,0.000224,-0.0001,0.0
0.96,FLIGHT,0.9627,1.56,0.1161,0.1198,0.1139,0.1173,-0.0129,-0.1896,0.0059,0.0095,1.0314,-0.0452,1.5837,0.000224,-0.0001,0.0
0.965,FLIGHT,0.9632,1.5606,0.1137,0.117,0.1115,0.1145,-0.0129,-0.1896,0.0058,0.0093,1.0311,-0.0454,1.5839,0.000224,-0.0001,0.0
0.97,FLIGHT,0.9638,1.5612,0.1113,0.1142,0.1092,0.1118,-0.0128,-0.1895,0.0057,0.009,1.0308,-0.0456,1.5842,0.000224,-0.0001,0.0
0.975,FLIGHT,0.9643,1.5617,0.109,0.1115,0.1069,0.1091,-0.0128,-0.1895,0.0056,0.0088,1.0305,-0.0458,1.5844,0.000223,-0.0001,0.0
0.98,FLIGHT,0.9648,1.5623,0.1067,0.1089,0.1047,0.1065,-0.0128,-0.1895,0.0055,0.0086,1.0301,-0.046,1.5847,0.000223,-0.0001,0.0
0.985,FLIGHT,0.9654,1.5628,0.1045,0.1062,0.1026,0.1039,-0.0128,-0.1894,0.0055,0.0084,1.0297,-0.0461,1.5849,0.000223,-0.0001,0.0
0.99,FLIGHT,0.9659,1.5633,0.1024,0.1037,0.1004,0.1014,-0.0127,-0.1894,0.0054,0.0082,1.0293,-0.0463,1.5851,0.000223,-0.0,0.0
0.995,FLIGHT,0.9664,1.5638,0.1002,0.1011,0.0984,0.0989,-0.0127,-0.1893,0.0053,0.008,1.0289,-0.0465,1.5854,0.000222,-0.0,0.0
1.0,FLIGHT,0.9668,1.5643,0.0982,0.0987,0.0964,0.0965,-0.0127,-0.1893,0.0053,0.0078,1.0285,-0.0467,1.5856,0.000222,-0.0,0.0
1.005,FLIGHT,0.9673,1.5648,0.0962,0.0962,0.0944,0.0941,-0.0127,-0.1893,0.0052,0.0076,1.028,-0.0469,1.5858,0.000222,-0.0,0.0
1.01,FLIGHT,0.9678,1.5653,0.0942,0.0939,0.0924,0.0918,-0.0126,-0.1892,0.0052,0.0074,1.0276,-0.047,1.586,0.000222,-0.0,0.0
1.015,FLIGHT,0.9682,1.5657,0.0922,0.0915,0.0905,0.0895,-0.0126,-0.1892,0.0051,0.0072,1.0271,-0.0472,1.5862,0.000221,-0.0,0.0
1.02,FLIGHT,0.9687,1.5661,0.0904,0.0893,0.0887,0.0873,-0.0126,-0.1891,0.0051,0.007,1.0266,-0.0473,1.5864,0.000221,-0.0,0.0
1.025,FLIGHT,0.9691,1.5666,0.0885,0.087,0.0869,0.0851,-0.0126,-0.1891,0.005,0.0069,1.026,-0.0475,1.5866,0.000221,-0.0,0.0
1.03,FLIGHT,0.9696,1.567,0.0867,0.0849,0.0851,0.083,-0.0125,-0.1891,0.005,0.0067,1.0255,-0.0477,1.5868,0.000221,-0.0,0.0
1.035,FLIGHT,0.97,1.5674,0.0849,0.0828,0.0834,0.0809,-0.0125,-0.189,0.0049,0.0065,1.0249,-0.0478,1.587,0.000221,-0.0,0.0
1.04,FLIGHT,0.9704,1.5678,0.0832,0.0807,0.0817,0.0789,-0.0125,-0.189,0.0048,0.0064,1.0243,-0.048,1.5872,0.00022,-0.0,0.0
1.045,FLIGHT,0.9708,1.5682,0.0815,0.0787,0.08,0.0769,-0.0125,-0.189,0.0048,0.0062,1.0237,-0.0481,1.5874,0.00022,-0.0,0.0
1.05,FLIGHT,0.9712,1.5686,0.0799,0.0767,0.0784,0.075,-0.0124,-0.189,0.0047,0.006,1.0231,-0.0482,1.5875,0.00022,-0.0,0.0
1.055,FLIGHT,0.9716,1.5689,0.0782,0.0748,0.0768,0.0731,-0.0124,-0.1889,0.0047,0.0059,1.0225,-0.0484,1.5877,0.00022,-0.0,0.0
1.06,FLIGHT,0.972,1.5693,0.0766,0.073,0.0752,0.0713,-0.0124,-0.1889,0.0046,0.0057,1.0218,-0.0485,1.5879,0.00022,-0.0,0.0
1.065,FLIGHT,0.9723,1.5697,0.0751,0.0711,0.0737,0.0695,-0.0124,-0.1889,0.0046,0.0056,1.0211,-0.0487,1.5881,0.000219,-0.0,0.0
1.07,FLIGHT,0.9727,1.57,0.0736,0.0694,0.0722,0.0678,-0.0123,-0.1888,0.0045,0.0055,1.0204,-0.0488,1.5882,0.000219,-0.0,0.0
1.075,FLIGHT,0.9731,1.5703,0.0721,0.0677,0.0708,0.0661,-0.0123,-0.1888,0.0045,0.0053,1.0197,-0.0489,1.5884,0.000219,-0.0,0.0
1.08,FLIGHT,0.9734,1.5707,0.0706,0.066,0.0693,0.0645,-0.0123,-0.1888,0.0044,0.0052,1.019,-0.0491,1.5885,0.000219,-0.0,0.0
1.085,FLIGHT,0.9738,1.571,0.0692,0.0643,0.0679,0.0629,-0.0123,-0.1888,0.0044,0.005,1.0182,-0.0492,1.5887,0.000219,-0.0,0.0
1.09,FLIGHT,0.9741,1.5713,0.0678,0.0628,0.0666,0.0614,-0.0123,-0.1887,0.0043,0.0049,1.0175,-0.0493,1.5889,0.000219,-0.0,0.0
1.095,FLIGHT,0.9744,1.5716,0.0664,0.0612,0.0652,0.0599,-0.0122,-0.1887,0.0043,0.0048,1.0167,-0.0494,1.589,0.000219,-0.0,0.0
1.1,FLIGHT,0.9747,1.5719,0.0651,0.0597,0.0639,0.0584,-0.0122,-0.1887,0.0042,0.0047,1.0159,-0.0496,1.5892,0.000218,-0.0,0.0
1.105,FLIGHT,0.9751,1.5722,0.0638,0.0583,0.0626,0.057,-0.0122,-0.1887,0.0042,0.0046,1.0151,-0.0497,1.5893,0.000218,-0.0,0.0
1.11,FLIGHT,0.9754,1.5725,0.0625,0.0568,0.0614,0.0556,-0.0122,-0.1887,0.0041,0.0044,1.0143,-0.0498,1.5894,0.000218,-0.0,0.0
1.115,FLIGHT,0.9757,1.5727,0.0612,0.0555,0.0601,0.0543,-0.0122,-0.1886,0.0041,0.0043,1.0134,-0.0499,1.5896,0.000218,-0.0,0.0
1.12,FLIGHT,0.976,1.573,0.06,0.0541,0.0589,0.0529,-0.0121,-0.1886,0.004,0.0042,1.0126,-0.05,1.5897,0.000218,-0.0,0.0
1.125,FLIGHT,0.9763,1.5733,0.0588,0.0528,0.0577,0.0517,-0.0121,-0.1886,0.004,0.0041,1.0117,-0.0502,1.5899,0.000218,-0.0,0.0
1.13,FLIGHT,0.9765,1.5735,0.0576,0.0516,0.0565,0.0504,-0.0121,-0.1886,0.0039,0.004,1.0108,-0.0503,1.59,0.000218,-0.0,0.0
1.135,FLIGHT,0.9768,1.5738,0.0564,0.0503,0.0554,0.0492,-0.0121,-0.1886,0.0039,0.0039,1.0099,-0.0504,1.5901,0.000218,-0.0,0.0
1.14,FLIGHT,0.9771,1.574,0.0553,0.0491,0.0543,0.0481,-0.0121,-0.1885,0.0038,0.0038,1.009,-0.0505,1.5902,0.000218,-0.0,0.0
1.145,FLIGHT,0.9774,1.5743,0.0542,0.048,0.0532,0.047,-0.012,-0.1885,0.0037,0.0037,1.008,-0.0506,1.5904,0.000217,-0.0,0.0
1.15,FLIGHT,0.9776,1.5745,0.0531,0.0469,0.0521,0.0459,-0.012,-0.1885,0.0037,0.0037,1.0071,-0.0507,1.5905,0.000217,-0.0,0.0
1.155,FLIGHT,0.9779,1.5747,0.052,0.0458,0.051,0.0448,-0.012,-0.1885,0.0036,0.0036,1.0061,-0.0508,1.5906,0.000217,-0.0,0.0
1.16,FLIGHT,0.9781,1.5749,0.0509,0.0447,0.0499,0.0438,-0.012,-0.1885,0.0036,0.0035,1.0051,-0.0509,1.5907,0.000217,-0.0,0.0
1.165,FLIGHT,0.9784,1.5751,0.0498,0.0437,0.0489,0.0428,-0.012,-0.1884,0.0035,0.0034,1.0041,-0.051,1.5909,0.000217,-0.0,0.0
1.17,FLIGHT,0.9786,1.5754,0.0488,0.0427,0.0479,0.0418,-0.012,-0.1884,0.0034,0.0033,1.0031,-0.0511,1.591,0.000217,-0.0,0.0
1.175,FLIGHT,0.9789,1.5756,0.0478,0.0417,0.0469,0.0408,-0.0119,-0.1884,0.0034,0.0032,1.0021,-0.0512,1.5911,0.000217,-0.0,0.0
1.18,FLIGHT,0.9791,1.5758,0.0468,0.0407,0.0459,0.0399,-0.0119,-0.1884,0.0033,0.0032,1.001,-0.0513,1.5912,0.000217,-0.0,0.0
1.185,FLIGHT,0.9793,1.576,0.0458,0.0398,0.0449,0.039,-0.0119,-0.1884,0.0033,0.0031,1.0,-0.0514,1.5913,0.000217,-0.0,0.0
1.19,STANCE,0.981,1.5765,0.2898,0.0758,0.7899,-0.0631,-0.0117,-0.1884,0.0444,0.0036,0.9991,0.0336,-0.5118,-0.000635,-0.3379,0.0682
1.195,STANCE,0.987,1.574,0.9456,-0.3552,1.5576,-0.9448,-0.0102,-0.1886,0.2266,-0.0417,0.9982,-0.4346,-0.9473,-0.002604,-0.4225,0.0871
1.2,STANCE,0.9913,1.5707,0.7994,-0.4885,0.2335,-0.0993,-0.0089,-0.189,0.2177,-0.0507,0.9979,-0.6905,-1.4472,-0.003703,-0.0496,0.0136
1.205,STANCE,0.9921,1.5708,0.3627,-0.1491,0.2132,-0.0493,-0.0088,-0.189,0.0889,-0.0165,0.9981,-0.8228,-2.0582,-0.00365,0.0466,0.0036
1.21,STANCE,0.9941,1.5693,0.424,-0.2888,0.639,-0.6015,-0.0082,-0.1891,0.1197,-0.0291,0.9983,-1.1382,-2.3064,-0.003352,0.0678,0.0034
1.215,STANCE,0.9971,1.5619,0.5566,-1.1141,0.8328,-1.3917,-0.0066,-0.1898,0.259,-0.1009,0.9983,-1.4521,-2.0396,-0.002733,0.0833,0.0027
1.22,STANCE,1.0023,1.5537,0.9077,-1.5362,1.1033,-2.3122,-0.0045,-0.1905,0.3863,-0.1352,0.9984,-1.7751,-1.722,-0.002645,-0.0011,0.0029
1.225,STANCE,1.0086,1.5407,1.1475,-2.2877,1.3715,-2.7692,-0.0015,-0.1917,0.5413,-0.1909,0.9983,-1.9553,-1.0623,-0.002826,-0.069,0.0166
1.23,STANCE,1.0147,1.5256,1.1938,-2.7778,1.2213,-2.9401,0.0018,-0.1929,0.6252,-0.2192,0.9983,-1.9061,-0.3838,-0.003057,-0.066,0.0163
1.235,STANCE,1.0195,1.5104,1.0064,-2.9591,0.7112,-3.0658,0.0049,-0.1941,0.6207,-0.2225,0.9983,-1.592,0.2081,-0.003186,0.0028,0.0032
1.24,STANCE,1.0224,1.496,0.7039,-2.8917,0.4176,-2.7604,0.0076,-0.1951,0.5569,-0.2097,0.9984,-1.0964,0.6686,-0.003181,0.0142,0.0032
1.245,STANCE,1.0236,1.4826,0.3795,-2.7414,0.1104,-2.6016,0.0098,-0.1961,0.4751,-0.1943,0.9986,-0.5442,1.0117,-0.003011,0.0494,0.003
1.25,STANCE,1.024,1.4701,0.1552,-2.5651,-0.0265,-2.4649,0.0117,-0.197,0.4078,-0.1786,0.9988,-0.1125,1.2122,-0.002751,0.072,0.0028
1.255,FLIGHT,1.024,1.4583,0.0602,-2.4128,0.031,-2.2866,0.0134,-0.1978,0.3687,-0.1647,0.9991,-1.2845,2.5753,-0.00243,0.0661,0.0024
1.26,FLIGHT,1.0227,1.4491,-0.1987,-1.956,-0.679,-1.2151,0.0145,-0.1984,0.2509,-0.1348,0.9997,-1.2487,2.5349,-0.00198,0.1216,0.002
1.265,FLIGHT,1.0174,1.4459,-0.8335,-1.0053,-1.4336,-0.118,0.0139,-0.1987,-0.0166,-0.0797,1.0005,-1.0198,2.3403,-0.001244,0.1686,0.0012
1.27,FLIGHT,1.0088,1.4474,-1.4526,-0.084,-1.9405,0.6532,0.012,-0.1987,-0.2763,-0.0233,1.0016,-0.7431,2.1108,-0.000337,0.1904,0.0003
1.275,FLIGHT,0.9984,1.4519,-1.8964,0.6124,-2.1996,1.1197,0.0093,-0.1985,-0.4662,0.0262,1.0028,-0.4948,1.9071,0.00054,0.1405,0.0
1.28,FLIGHT,0.9872,1.4582,-2.1352,1.0543,-2.2651,1.3443,0.0061,-0.1982,-0.5763,0.0649,1.0041,-0.3001,1.7488,0.001074,0.0772,0.0
1.285,FLIGHT,0.976,1.4651,-2.2012,1.2782,-2.1965,1.3976,0.0029,-0.1977,-0.6191,0.0915,1.0054,-0.1593,1.636,0.001347,0.0348,0.0
1.29,FLIGHT,0.9653,1.472,-2.1407,1.3409,-2.0433,1.3419,-0.0002,-0.1972,-0.6132,0.1064,1.0068,-0.0642,1.5614,0.001447,0.0074,0.0
1.295,FLIGHT,0.9556,1.4784,-1.9975,1.2974,-1.8436,1.2248,-0.003,-0.1966,-0.576,0.1116,1.008,-0.0039,1.516,0.001438,-0.0096,0.0019
1.3,FLIGHT,0.9469,1.4842,-1.8075,1.1918,-1.6247,1.08,-0.0055,-0.1961,-0.5214,0.1094,1.0093,0.0313,1.4914,0.001363,-0.0193,0.0039
1.305,FLIGHT,0.9394,1.4892,-1.5968,1.0566,-1.4047,0.9293,-0.0077,-0.1957,-0.4593,0.1023,1.0105,0.0495,1.4809,0.001253,-0.0242,0.0048
1.31,FLIGHT,0.9329,1.4935,-1.3833,0.9134,-1.1945,0.7862,-0.0096,-0.1952,-0.3962,0.0924,1.0116,0.0566,1.4793,0.001126,-0.0259,0.0052
1.315,FLIGHT,0.9274,1.4971,-1.1782,0.7758,-1.0005,0.6576,-0.0111,-0.1949,-0.3361,0.0813,1.0127,0.0568,1.483,0.000997,-0.0256,0.0051
1.32,FLIGHT,0.9228,1.5001,-0.9879,0.6512,-0.8253,0.5468,-0.0124,-0.1945,-0.2812,0.0702,1.0138,0.0529,1.4895,0.000872,-0.0241,0.0048
1.325,FLIGHT,0.9191,1.5026,-0.8156,0.5432,-0.6697,0.4542,-0.0135,-0.1943,-0.2323,0.0598,1.0148,0.0469,1.4972,0.000757,-0.0219,0.0044
1.33,FLIGHT,0.9161,1.5047,-0.6621,0.4524,-0.5331,0.3788,-0.0143,-0.194,-0.1898,0.0504,1.0158,0.04,1.5053,0.000654,-0.0193,0.0039
1.335,FLIGHT,0.9137,1.5064,-0.5271,0.3783,-0.4142,0.319,-0.015,-0.1939,-0.1533,0.0424,1.0167,0.0328,1.513,0.000564,-0.0166,0.0033
1.34,FLIGHT,0.9119,1.5079,-0.4095,0.3193,-0.3114,0.2726,-0.0156,-0.1937,-0.1224,0.0356,1.0176,0.0259,1.5201,0.000488,-0.014,0.0028
1.345,FLIGHT,0.9106,1.5091,-0.3076,0.2734,-0.223,0.2376,-0.016,-0.1936,-0.0964,0.03,1.0185,0.0194,1.5265,0.000424,-0.0115,0.0023
1.35,FLIGHT,0.9097,1.5103,-0.22,0.2387,-0.1474,0.2121,-0.0164,-0.1934,-0.0747,0.0256,1.0193,0.0134,1.5322,0.000372,-0.0093,0.0019
1.355,FLIGHT,0.9091,1.5113,-0.1449,0.2133,-0.0828,0.1941,-0.0166,-0.1933,-0.0567,0.0221,1.0201,0.008,1.5372,0.000331,-0.0074,0.0015
1.36,FLIGHT,0.9088,1.5122,-0.0808,0.1954,-0.0279,0.1823,-0.0168,-0.1932,-0.0418,0.0194,1.0209,0.0031,1.5415,0.000298,-0.0058,0.0012
1.365,FLIGHT,0.9088,1.5131,-0.0264,0.1836,0.0185,0.1753,-0.0169,-0.1932,-0.0297,0.0174,1.0217,-0.0013,1.5452,0.000272,-0.0044,0.0009
1.37,FLIGHT,0.909,1.514,0.0198,0.1765,0.0577,0.1719,-0.017,-0.1931,-0.0198,0.016,1.0224,-0.0052,1.5485,0.000253,-0.0033,0.0007
1.375,FLIGHT,0.9094,1.5148,0.0587,0.173,0.0906,0.1713,-0.017,-0.193,-0.0119,0.0151,1.0232,-0.0087,1.5513,0.000239,-0.0024,0.0005
1.38,FLIGHT,0.9099,1.5157,0.0914,0.1723,0.1182,0.1727,-0.017,-0.1929,-0.0055,0.0144,1.0239,-0.0118,1.5537,0.000229,-0.0017,0.0003
1.385,FLIGHT,0.9106,1.5166,0.1187,0.1736,0.141,0.1754,-0.017,-0.1929,-0.0004,0.0141,1.0245,-0.0146,1.5558,0.000222,-0.0011,0.0002
1.39,FLIGHT,0.9113,1.5174,0.1414,0.1762,0.1599,0.1791,-0.017,-0.1928,0.0037,0.014,1.0252,-0.0171,1.5577,0.000217,-0.0007,0.0001
1.395,FLIGHT,0.9121,1.5183,0.1602,0.1798,0.1753,0.1832,-0.017,-0.1927,0.0068,0.014,1.0258,-0.0193,1.5593,0.000214,-0.0004,0.0001
1.4,FLIGHT,0.9131,1.5193,0.1755,0.1839,0.1878,0.1876,-0.0169,-0.1927,0.0092,0.0141,1.0265,-0.0214,1.5607,0.000213,-0.0001,0.0
1.405,FLIGHT,0.914,1.5202,0.1878,0.1882,0.1977,0.192,-0.0168,-0.1926,0.011,0.0143,1.0271,-0.0232,1.562,0.000213,0.0,0.0
1.41,FLIGHT,0.915,1.5212,0.1977,0.1925,0.2055,0.1963,-0.0168,-0.1925,0.0123,0.0146,1.0276,-0.0248,1.5631,0.000213,0.0002,0.0
1.415,FLIGHT,0.9161,1.5222,0.2054,0.1966,0.2114,0.2002,-0.0167,-0.1924,0.0132,0.0148,1.0282,-0.0263,1.5642,0.000215,0.0003,0.0
1.42,FLIGHT,0.9171,1.5232,0.2113,0.2004,0.2158,0.2037,-0.0166,-0.1924,0.0138,0.0151,1.0287,-0.0277,1.5651,0.000216,0.0003,0.0
1.425,FLIGHT,0.9182,1.5242,0.2155,0.2039,0.2188,0.2067,-0.0166,-0.1923,0.0141,0.0154,1.0292,-0.0289,1.566,0.000218,0.0003,0.0
1.43,FLIGHT,0.9193,1.5253,0.2185,0.2069,0.2206,0.2093,-0.0165,-0.1922,0.0143,0.0156,1.0297,-0.0301,1.5668,0.000219,0.0004,0.0
1.435,FLIGHT,0.9204,1.5263,0.2203,0.2094,0.2215,0.2114,-0.0164,-0.1921,0.0143,0.0158,1.0302,-0.0311,1.5675,0.000221,0.0003,0.0
1.44,FLIGHT,0.9215,1.5274,0.2212,0.2114,0.2215,0.2129,-0.0164,-0.192,0.0141,0.016,1.0306,-0.0321,1.5682,0.000223,0.0003,0.0
1.445,FLIGHT,0.9226,1.5284,0.2212,0.2129,0.2209,0.214,-0.0163,-0.192,0.0139,0.0162,1.031,-0.033,1.5689,0.000224,0.0003,0.0
1.45,FLIGHT,0.9238,1.5295,0.2205,0.2139,0.2197,0.2145,-0.0162,-0.1919,0.0137,0.0163,1.0314,-0.0338,1.5695,0.000226,0.0003,0.0
1.455,FLIGHT,0.9248,1.5306,0.2193,0.2144,0.218,0.2146,-0.0162,-0.1918,0.0133,0.0164,1.0318,-0.0346,1.5701,0.000227,0.0003,0.0
1.46,FLIGHT,0.9259,1.5317,0.2176,0.2144,0.2159,0.2143,-0.0161,-0.1917,0.013,0.0164,1.0321,-0.0353,1.5706,0.000229,0.0002,0.0
1.465,FLIGHT,0.927,1.5327,0.2155,0.2141,0.2134,0.2136,-0.016,-0.1916,0.0126,0.0164,1.0325,-0.0359,1.5712,0.00023,0.0002,0.0
1.47,FLIGHT,0.9281,1.5338,0.213,0.2133,0.2107,0.2124,-0.016,-0.1916,0.0122,0.0164,1.0328,-0.0366,1.5717,0.000231,0.0002,0.0
1.475,FLIGHT,0.9291,1.5349,0.2103,0.2122,0.2078,0.211,-0.0159,-0.1915,0.0118,0.0163,1.033,-0.0371,1.5722,0.000231,0.0001,0.0
1.48,FLIGHT,0.9301,1.5359,0.2074,0.2107,0.2047,0.2092,-0.0159,-0.1914,0.0115,0.0163,1.0333,-0.0377,1.5727,0.000232,0.0001,0.0
1.485,FLIGHT,0.9312,1.5369,0.2043,0.2089,0.2014,0.2071,-0.0158,-0.1913,0.0111,0.0162,1.0335,-0.0382,1.5732,0.000233,0.0001,0.0
1.49,FLIGHT,0.9322,1.538,0.201,0.2068,0.1981,0.2048,-0.0157,-0.1912,0.0107,0.016,1.0337,-0.0387,1.5736,0.000233,0.0001,0.0
1.495,FLIGHT,0.9331,1.539,0.1977,0.2045,0.1946,0.2023,-0.0157,-0.1912,0.0104,0.0159,1.0339,-0.0392,1.5741,0.000233,0.0001,0.0
1.5,FLIGHT,0.9341,1.54,0.1943,0.2019,0.1912,0.1995,-0.0156,-0.1911,0.0101,0.0157,1.0341,-0.0396,1.5745,0.000234,0.0,0.0
1.505,FLIGHT,0.935,1.541,0.1908,0.1992,0.1877,0.1966,-0.0156,-0.191,0.0098,0.0155,1.0342,-0.04,1.575,0.000234,0.0,0.0
1.51,FLIGHT,0.936,1.542,0.1873,0.1962,0.1841,0.1936,-0.0156,-0.1909,0.0095,0.0153,1.0343,-0.0404,1.5754,0.000234,0.0,0.0
1.515,FLIGHT,0.9369,1.5429,0.1838,0.1932,0.1806,0.1904,-0.0155,-0.1908,0.0092,0.0151,1.0344,-0.0408,1.5758,0.000234,-0.0,0.0
1.52,FLIGHT,0.9378,1.5439,0.1803,0.19,0.1771,0.1871,-0.0155,-0.1908,0.0089,0.0149,1.0345,-0.0412,1.5762,0.000234,-0.0,0.0
1.525,FLIGHT,0.9387,1.5448,0.1768,0.1867,0.1736,0.1837,-0.0154,-0.1907,0.0087,0.0146,1.0345,-0.0416,1.5766,0.000234,-0.0,0.0
1.53,FLIGHT,0.9395,1.5457,0.1733,0.1833,0.1702,0.1803,-0.0154,-0.1906,0.0085,0.0144,1.0345,-0.0419,1.577,0.000234,-0.0,0.0
1.535,FLIGHT,0.9404,1.5466,0.1698,0.1799,0.1668,0.1768,-0.0153,-0.1906,0.0083,0.0141,1.0345,-0.0422,1.5774,0.000234,-0.0,0.0
1.54,FLIGHT,0.9412,1.5475,0.1664,0.1764,0.1634,0.1733,-0.0153,-0.1905,0.0081,0.0138,1.0345,-0.0426,1.5777,0.000233,-0.0,0.0
1.545,FLIGHT,0.942,1.5483,0.163,0.1729,0.16,0.1697,-0.0153,-0.1904,0.0079,0.0136,1.0345,-0.0429,1.5781,0.000233,-0.0,0.0
1.55,FLIGHT,0.9428,1.5492,0.1597,0.1694,0.1568,0.1662,-0.0152,-0.1904,0.0077,0.0133,1.0344,-0.0432,1.5785,0.000233,-0.0001,0.0
1.555,FLIGHT,0.9436,1.55,0.1564,0.1658,0.1535,0.1626,-0.0152,-0.1903,0.0076,0.013,1.0343,-0.0434,1.5788,0.000233,-0.0001,0.0
1.56,FLIGHT,0.9443,1.5508,0.1532,0.1623,0.1504,0.1591,-0.0151,-0.1902,0.0074,0.0128,1.0342,-0.0437,1.5792,0.000232,-0.0001,0.0
1.565,FLIGHT,0.9451,1.5516,0.1501,0.1587,0.1473,0.1555,-0.0151,-0.1902,0.0073,0.0125,1.034,-0.044,1.5795,0.000232,-0.0001,0.0
1.57,FLIGHT,0.9458,1.5524,0.147,0.1552,0.1442,0.152,-0.0151,-0.1901,0.0072,0.0122,1.0339,-0.0443,1.5798,0.000232,-0.0001,0.0
1.575,FLIGHT,0.9465,1.5531,0.1439,0.1517,0.1412,0.1486,-0.015,-0.19,0.007,0.0119,1.0337,-0.0445,1.5801,0.000231,-0.0001,0.0
1.58,FLIGHT,0.9472,1.5538,0.1409,0.1482,0.1383,0.1451,-0.015,-0.19,0.0069,0.0117,1.0335,-0.0448,1.5805,0.000231,-0.0001,0.0
1.585,FLIGHT,0.9479,1.5546,0.138,0.1448,0.1354,0.1417,-0.015,-0.1899,0.0068,0.0114,1.0333,-0.045,1.5808,0.000231,-0.0001,0.0
1.59,FLIGHT,0.9486,1.5553,0.1351,0.1414,0.1326,0.1384,-0.0149,-0.1899,0.0067,0.0111,1.033,-0.0452,1.5811,0.00023,-0.0001,0.0
1.595,FLIGHT,0.9492,1.5559,0.1323,0.1381,0.1299,0.1351,-0.0149,-0.1898,0.0066,0.0109,1.0328,-0.0455,1.5814,0.00023,-0.0001,0.0
1.6,FLIGHT,0.9499,1.5566,0.1296,0.1348,0.1272,0.1318,-0.0149,-0.1898,0.0065,0.0106,1.0325,-0.0457,1.5817,0.00023,-0.0001,0.0
1.605,FLIGHT,0.9505,1.5573,0.1269,0.1315,0.1245,0.1286,-0.0148,-0.1897,0.0065,0.0103,1.0322,-0.0459,1.5819,0.000229,-0.0001,0.0
1.61,FLIGHT,0.9511,1.5579,0.1243,0.1283,0.122,0.1255,-0.0148,-0.1897,0.0064,0.0101,1.0318,-0.0461,1.5822,0.000229,-0.0001,0.0
1.615,FLIGHT,0.9517,1.5585,0.1217,0.1252,0.1194,0.1224,-0.0148,-0.1896,0.0063,0.0098,1.0315,-0.0463,1.5825,0.000229,-0.0001,0.0
1.62,FLIGHT,0.9523,1.5591,0.1192,0.1221,0.117,0.1194,-0.0147,-0.1896,0.0062,0.0096,1.0311,-0.0466,1.5828,0.000228,-0.0001,0.0
1.625,FLIGHT,0.9529,1.5597,0.1167,0.1191,0.1146,0.1165,-0.0147,-0.1895,0.0062,0.0094,1.0307,-0.0468,1.583,0.000228,-0.0001,0.0
1.63,FLIGHT,0.9534,1.5603,0.1143,0.1162,0.1122,0.1136,-0.0147,-0.1895,0.0061,0.0091,1.0303,-0.0469,1.5833,0.000228,-0.0001,0.0
1.635,FLIGHT,0.954,1.5608,0.112,0.1133,0.1099,0.1108,-0.0147,-0.1894,0.006,0.0089,1.0298,-0.0471,1.5835,0.000228,-0.0001,0.0
1.64,FLIGHT,0.9545,1.5614,0.1097,0.1105,0.1077,0.108,-0.0146,-0.1894,0.006,0.0087,1.0294,-0.0473,1.5838,0.000227,-0.0001,0.0
1.645,FLIGHT,0.9551,1.5619,0.1075,0.1077,0.1055,0.1053,-0.0146,-0.1894,0.0059,0.0084,1.0289,-0.0475,1.584,0.000227,-0.0001,0.0
1.65,FLIGHT,0.9556,1.5624,0.1053,0.105,0.1033,0.1027,-0.0146,-0.1893,0.0059,0.0082,1.0284,-0.0477,1.5843,0.000227,-0.0001,0.0
1.655,FLIGHT,0.9561,1.5629,0.1031,0.1024,0.1012,0.1001,-0.0145,-0.1893,0.0058,0.008,1.0279,-0.0479,1.5845,0.000226,-0.0001,0.0
1.66,FLIGHT,0.9566,1.5634,0.101,0.0999,0.0992,0.0976,-0.0145,-0.1892,0.0057,0.0078,1.0274,-0.048,1.5847,0.000226,-0.0001,0.0
1.665,FLIGHT,0.9571,1.5639,0.099,0.0973,0.0972,0.0951,-0.0145,-0.1892,0.0057,0.0076,1.0268,-0.0482,1.5849,0.000226,-0.0001,0.0
1.67,FLIGHT,0.9576,1.5644,0.097,0.0949,0.0952,0.0927,-0.0145,-0.1892,0.0056,0.0074,1.0263,-0.0484,1.5852,0.000226,-0.0,0.0
1.675,FLIGHT,0.9581,1.5649,0.095,0.0925,0.0933,0.0904,-0.0144,-0.1891,0.0056,0.0072,1.0257,-0.0485,1.5854,0.000225,-0.0,0.0
1.68,FLIGHT,0.9585,1.5653,0.0931,0.0902,0.0914,0.0881,-0.0144,-0.1891,0.0055,0.007,1.0251,-0.0487,1.5856,0.000225,-0.0,0.0
1.685,FLIGHT,0.959,1.5657,0.0912,0.0879,0.0896,0.0859,-0.0144,-0.1891,0.0055,0.0069,1.0244,-0.0489,1.5858,0.000225,-0.0,0.0
1.69,FLIGHT,0.9594,1.5662,0.0894,0.0857,0.0878,0.0838,-0.0143,-0.189,0.0054,0.0067,1.0238,-0.049,1.586,0.000225,-0.0,0.0
1.695,FLIGHT,0.9598,1.5666,0.0876,0.0836,0.086,0.0817,-0.0143,-0.189,0.0054,0.0065,1.0231,-0.0492,1.5862,0.000224,-0.0,0.0
1.7,FLIGHT,0.9603,1.567,0.0859,0.0815,0.0843,0.0797,-0.0143,-0.189,0.0053,0.0063,1.0225,-0.0493,1.5864,0.000224,-0.0,0.0
1.705,FLIGHT,0.9607,1.5674,0.0842,0.0795,0.0826,0.0777,-0.0143,-0.1889,0.0053,0.0062,1.0218,-0.0495,1.5866,0.000224,-0.0,0.0
1.71,FLIGHT,0.9611,1.5678,0.0825,0.0775,0.081,0.0757,-0.0142,-0.1889,0.0052,0.006,1.021,-0.0496,1.5867,0.000224,-0.0,0.0
1.715,FLIGHT,0.9615,1.5681,0.0808,0.0756,0.0794,0.0739,-0.0142,-0.1889,0.0051,0.0059,1.0203,-0.0498,1.5869,0.000224,-0.0,0.0
1.72,FLIGHT,0.9619,1.5685,0.0792,0.0737,0.0778,0.072,-0.0142,-0.1888,0.0051,0.0057,1.0196,-0.0499,1.5871,0.000224,-0.0,0.0
1.725,FLIGHT,0.9623,1.5688,0.0777,0.0719,0.0763,0.0703,-0.0142,-0.1888,0.005,0.0056,1.0188,-0.05,1.5873,0.000223,-0.0,0.0
1.73,FLIGHT,0.9627,1.5692,0.0761,0.0701,0.0747,0.0685,-0.0141,-0.1888,0.005,0.0054,1.018,-0.0502,1.5875,0.000223,-0.0,0.0
1.735,FLIGHT,0.963,1.5695,0.0746,0.0684,0.0733,0.0669,-0.0141,-0.1888,0.0049,0.0053,1.0172,-0.0503,1.5876,0.000223,-0.0,0.0
1.74,FLIGHT,0.9634,1.5699,0.0731,0.0667,0.0718,0.0652,-0.0141,-0.1887,0.0049,0.0052,1.0164,-0.0504,1.5878,0.000223,-0.0,0.0
1.745,FLIGHT,0.9637,1.5702,0.0717,0.0651,0.0704,0.0636,-0.0141,-0.1887,0.0048,0.005,1.0156,-0.0506,1.5879,0.000223,-0.0,0.0
1.75,FLIGHT,0.9641,1.5705,0.0703,0.0635,0.069,0.0621,-0.014,-0.1887,0.0048,0.0049,1.0147,-0.0507,1.5881,0.000223,-0.0,0.0
1.755,FLIGHT,0.9644,1.5708,0.0689,0.0619,0.0676,0.0606,-0.014,-0.1887,0.0047,0.0048,1.0139,-0.0508,1.5883,0.000222,-0.0,0.0
1.76,FLIGHT,0.9648,1.5711,0.0675,0.0605,0.0663,0.0591,-0.014,-0.1886,0.0046,0.0047,1.013,-0.051,1.5884,0.000222,-0.0,0.0
1.765,FLIGHT,0.9651,1.5714,0.0662,0.059,0.065,0.0577,-0.014,-0.1886,0.0046,0.0046,1.0121,-0.0511,1.5886,0.000222,-0.0,0.0
1.77,FLIGHT,0.9654,1.5717,0.0649,0.0576,0.0637,0.0563,-0.0139,-0.1886,0.0045,0.0044,1.0112,-0.0512,1.5887,0.000222,-0.0,0.0
1.775,FLIGHT,0.9657,1.572,0.0636,0.0562,0.0624,0.055,-0.0139,-0.1886,0.0045,0.0043,1.0102,-0.0513,1.5889,0.000222,-0.0,0.0
1.78,FLIGHT,0.966,1.5722,0.0623,0.0549,0.0612,0.0537,-0.0139,-0.1886,0.0044,0.0042,1.0093,-0.0514,1.589,0.000222,-0.0,0.0
1.785,FLIGHT,0.9663,1.5725,0.0611,0.0536,0.06,0.0524,-0.0139,-0.1885,0.0043,0.0041,1.0083,-0.0516,1.5891,0.000222,-0.0,0.0
1.79,FLIGHT,0.9666,1.5728,0.0598,0.0523,0.0588,0.0512,-0.0139,-0.1885,0.0043,0.004,1.0074,-0.0517,1.5893,0.000222,-0.0,0.0
1.795,FLIGHT,0.9669,1.573,0.0586,0.0511,0.0576,0.05,-0.0138,-0.1885,0.0042,0.0039,1.0064,-0.0518,1.5894,0.000221,-0.0,0.0
1.8,FLIGHT,0.9672,1.5733,0.0575,0.0499,0.0564,0.0489,-0.0138,-0.1885,0.0041,0.0038,1.0054,-0.0519,1.5895,0.000221,-0.0,0.0
1.805,FLIGHT,0.9675,1.5735,0.0563,0.0488,0.0553,0.0477,-0.0138,-0.1885,0.0041,0.0038,1.0044,-0.052,1.5897,0.000221,-0.0,0.0
1.81,FLIGHT,0.9678,1.5737,0.0552,0.0476,0.0542,0.0466,-0.0138,-0.1884,0.004,0.0037,1.0033,-0.0521,1.5898,0.000221,-0.0,0.0
1.815,FLIGHT,0.968,1.574,0.0541,0.0466,0.0531,0.0456,-0.0138,-0.1884,0.004,0.0036,1.0023,-0.0522,1.5899,0.000221,-0.0,0.0
1.82,FLIGHT,0.9683,1.5742,0.053,0.0455,0.052,0.0446,-0.0137,-0.1884,0.0039,0.0035,1.0012,-0.0524,1.5901,0.000221,-0.0,0.0
1.825,FLIGHT,0.9686,1.5744,0.0519,0.0445,0.0509,0.0436,-0.0137,-0.1884,0.0038,0.0034,1.0001,-0.0525,1.5902,0.000221,-0.0,0.0
1.83,STANCE,0.9698,1.5752,0.221,0.1339,0.638,0.0997,-0.0136,-0.1883,0.0237,0.0094,0.9992,0.1133,-0.4153,-0.000518,-0.3237,0.0653
1.835,STANCE,0.9751,1.5736,0.8341,-0.2229,1.4438,-0.7831,-0.0124,-0.1885,0.1873,-0.0308,0.9984,-0.2858,-0.8967,-0.002464,-0.425,0.0875
1.84,STANCE,0.9805,1.5694,0.9083,-0.5995,0.3331,-0.2669,-0.0108,-0.189,0.2529,-0.0641,0.9978,-0.6051,-1.3216,-0.00389,-0.0934,0.0226
1.845,STANCE,0.9811,1.5693,0.3722,-0.1833,0.125,0.0188,-0.0107,-0.189,0.0952,-0.0206,0.9979,-0.6823,-2.0008,-0.003955,0.0374,0.004
1.85,STANCE,0.9827,1.5681,0.3693,-0.2574,0.5684,-0.5613,-0.0102,-0.1891,0.1048,-0.027,0.9983,-0.9646,-2.324,-0.003677,0.0668,0.0037
1.855,STANCE,0.9857,1.561,0.531,-1.1215,0.8141,-1.5963,-0.0087,-0.1898,0.2542,-0.1041,0.9982,-1.2992,-2.0881,-0.003081,0.0993,0.0031
1.86,STANCE,0.9912,1.5515,0.9457,-1.7098,1.215,-2.5679,-0.0063,-0.1907,0.4164,-0.1541,0.9983,-1.6822,-1.7286,-0.003054,-0.0287,0.0088
1.865,STANCE,0.9979,1.5369,1.2207,-2.5517,1.2034,-3.4253,-0.003,-0.1919,0.5913,-0.2172,0.9981,-1.924,-1.0429,-0.003344,-0.0265,0.0086
1.87,STANCE,1.0039,1.521,1.1813,-2.9661,0.974,-3.259,0.0004,-0.1933,0.6486,-0.2386,0.9981,-1.8817,-0.4027,-0.003574,-0.0187,0.0073
1.875,STANCE,1.0082,1.5052,0.9425,-3.1095,0.6176,-3.2217,0.0035,-0.1945,0.6289,-0.2384,0.9981,-1.5818,0.1757,-0.003712,0.0008,0.0037
1.88,STANCE,1.0106,1.4899,0.6121,-3.0675,0.2763,-3.002,0.0062,-0.1957,0.5635,-0.2268,0.9982,-1.0997,0.6615,-0.003718,0.0224,0.0037
1.885,STANCE,1.0115,1.4757,0.2972,-2.9013,0.014,-2.769,0.0084,-0.1967,0.4814,-0.2093,0.9984,-0.5563,1.0237,-0.003599,0.0451,0.0036
1.89,STANCE,1.0112,1.4624,0.0548,-2.7258,-0.0476,-2.4958,0.0103,-0.1977,0.4107,-0.1932,0.9986,-0.093,1.2594,-0.003339,0.0411,0.0033
1.895,STANCE,1.0109,1.4502,-0.0232,-2.5197,-0.0438,-2.3567,0.012,-0.1985,0.3671,-0.175,0.999,0.0999,1.3093,-0.003071,0.0604,0.0031
1.9,FLIGHT,1.0101,1.4399,-0.1577,-2.1568,-0.5333,-1.5009,0.0134,-0.1992,0.2882,-0.1486,0.9995,-1.2426,2.5299,-0.0027,0.1032,0.0027
1.905,FLIGHT,1.0054,1.4354,-0.7266,-1.2468,-1.3032,-0.3587,0.0131,-0.1996,0.0397,-0.0942,1.0004,-1.0417,2.3572,-0.002043,0.1554,0.002
1.91,FLIGHT,0.9974,1.4358,-1.3413,-0.3024,-1.8394,0.4693,0.0115,-0.1997,-0.2232,-0.0363,1.0015,-0.7701,2.1319,-0.001188,0.1828,0.0012
1.915,FLIGHT,0.9874,1.4395,-1.8048,0.4379,-2.1312,0.9864,0.0089,-0.1995,-0.4243,0.0151,1.0027,-0.5165,1.9243,-0.000252,0.1884,0.0003
1.92,FLIGHT,0.9765,1.4452,-2.0682,0.9249,-2.2171,1.2537,0.0059,-0.1992,-0.5465,0.0559,1.0041,-0.3142,1.7602,0.000564,0.127,0.0
1.925,FLIGHT,0.9655,1.4518,-2.1521,1.1886,-2.1605,1.3402,0.0028,-0.1987,-0.599,0.0846,1.0054,-0.167,1.6424,0.001045,0.0688,0.0
1.93,FLIGHT,0.955,1.4584,-2.1033,1.2832,-2.0141,1.3091,-0.0003,-0.1982,-0.6002,0.1015,1.0068,-0.067,1.5639,0.001285,0.03,0.0
1.935,FLIGHT,0.9454,1.4648,-1.9671,1.264,-1.8177,1.2103,-0.0031,-0.1977,-0.5678,0.1083,1.0082,-0.0034,1.5157,0.001368,0.0051,0.0
1.94,FLIGHT,0.9369,1.4705,-1.7805,1.1767,-1.5997,1.079,-0.0056,-0.1972,-0.5163,0.1075,1.0095,0.0339,1.4893,0.001352,-0.0101,0.002
1.945,FLIGHT,0.9294,1.4755,-1.571,1.0552,-1.3793,0.9386,-0.0077,-0.1967,-0.4561,0.1015,1.0108,0.0534,1.4776,0.001277,-0.0188,0.0038
1.95,FLIGHT,0.9231,1.4799,-1.3574,0.9225,-1.1681,0.8034,-0.0096,-0.1963,-0.3941,0.0925,1.012,0.0611,1.4753,0.001171,-0.023,0.0046
1.955,FLIGHT,0.9177,1.4836,-1.1514,0.7929,-0.9728,0.6812,-0.0112,-0.1959,-0.3347,0.0821,1.0132,0.0616,1.4785,0.001052,-0.0244,0.0049
1.96,FLIGHT,0.9133,1.4867,-0.96,0.6747,-0.7962,0.5754,-0.0124,-0.1956,-0.2802,0.0716,1.0143,0.0578,1.4848,0.000931,-0.0239,0.0048
1.965,FLIGHT,0.9097,1.4894,-0.7863,0.5718,-0.6393,0.4868,-0.0135,-0.1953,-0.2316,0.0617,1.0154,0.0518,1.4924,0.000815,-0.0224,0.0045
1.97,FLIGHT,0.9069,1.4916,-0.6316,0.4851,-0.5016,0.4148,-0.0144,-0.1951,-0.1892,0.0527,1.0164,0.0448,1.5003,0.000708,-0.0202,0.004
1.975,FLIGHT,0.9047,1.4935,-0.4955,0.4143,-0.3817,0.3577,-0.0151,-0.1949,-0.1527,0.045,1.0174,0.0376,1.508,0.000613,-0.0177,0.0035
1.98,FLIGHT,0.903,1.4952,-0.3769,0.358,-0.2781,0.3135,-0.0156,-0.1947,-0.1218,0.0385,1.0184,0.0305,1.5152,0.000531,-0.0151,0.003
1.985,FLIGHT,0.9019,1.4967,-0.2743,0.3143,-0.189,0.2803,-0.016,-0.1946,-0.0958,0.0331,1.0193,0.0239,1.5216,0.000462,-0.0126,0.0025
1.99,FLIGHT,0.9011,1.498,-0.186,0.2813,-0.1128,0.256,-0.0164,-0.1944,-0.0741,0.0288,1.0202,0.0178,1.5273,0.000405,-0.0103,0.0021
1.995,FLIGHT,0.9007,1.4993,-0.1103,0.2572,-0.0478,0.2392,-0.0166,-0.1943,-0.0561,0.0255,1.0211,0.0123,1.5323,0.000358,-0.0083,0.0017
2.0,FLIGHT,0.9006,1.5004,-0.0458,0.2404,0.0074,0.2281,-0.0168,-0.1942,-0.0412,0.0229,1.022,0.0073,1.5366,0.000321,-0.0066,0.0013
2.005,FLIGHT,0.9008,1.5016,0.009,0.2293,0.0541,0.2216,-0.0169,-0.1941,-0.0291,0.021,1.0228,0.0029,1.5404,0.000292,-0.0051,0.001
2.01,FLIGHT,0.9012,1.5027,0.0553,0.2227,0.0934,0.2185,-0.017,-0.194,-0.0192,0.0196,1.0236,-0.0011,1.5437,0.00027,-0.0039,0.0008
2.015,FLIGHT,0.9017,1.5037,0.0943,0.2196,0.1263,0.218,-0.017,-0.1939,-0.0112,0.0187,1.0244,-0.0047,1.5466,0.000253,-0.0029,0.0006
2.02,FLIGHT,0.9024,1.5048,0.1271,0.219,0.1538,0.2193,-0.017,-0.1938,-0.0048,0.0181,1.0252,-0.0079,1.5491,0.000241,-0.0021,0.0004
2.025,FLIGHT,0.9032,1.5059,0.1544,0.2202,0.1766,0.222,-0.017,-0.1937,0.0003,0.0177,1.0259,-0.0108,1.5513,0.000232,-0.0014,0.0003
2.03,FLIGHT,0.9042,1.5071,0.1769,0.2227,0.1952,0.2254,-0.017,-0.1936,0.0044,0.0176,1.0267,-0.0134,1.5533,0.000226,-0.0009,0.0002
2.035,FLIGHT,0.9052,1.5082,0.1955,0.226,0.2104,0.2292,-0.0169,-0.1935,0.0075,0.0176,1.0274,-0.0158,1.555,0.000222,-0.0006,0.0001
2.04,FLIGHT,0.9063,1.5093,0.2105,0.2298,0.2226,0.2332,-0.0169,-0.1935,0.0099,0.0177,1.0281,-0.0179,1.5566,0.00022,-0.0003,0.0001
2.045,FLIGHT,0.9074,1.5105,0.2226,0.2337,0.2322,0.2372,-0.0168,-0.1934,0.0117,0.0179,1.0287,-0.0198,1.5579,0.00022,-0.0001,0.0
2.05,FLIGHT,0.9086,1.5117,0.2321,0.2375,0.2396,0.2409,-0.0168,-0.1933,0.013,0.0181,1.0294,-0.0216,1.5592,0.00022,0.0001,0.0
2.055,FLIGHT,0.9098,1.5129,0.2394,0.2411,0.245,0.2442,-0.0167,-0.1932,0.0139,0.0183,1.03,-0.0232,1.5603,0.00022,0.0002,0.0
2.06,FLIGHT,0.911,1.5142,0.2448,0.2444,0.2489,0.2471,-0.0166,-0.1931,0.0145,0.0185,1.0306,-0.0246,1.5614,0.000222,0.0003,0.0
2.065,FLIGHT,0.9123,1.5154,0.2486,0.2472,0.2514,0.2496,-0.0165,-0.193,0.0148,0.0187,1.0311,-0.026,1.5623,0.000223,0.0003,0.0
2.07,FLIGHT,0.9136,1.5167,0.2511,0.2496,0.2527,0.2515,-0.0165,-0.1929,0.0149,0.0189,1.0317,-0.0272,1.5632,0.000224,0.0003,0.0
2.075,FLIGHT,0.9148,1.5179,0.2524,0.2515,0.2531,0.2529,-0.0164,-0.1928,0.0149,0.0191,1.0322,-0.0283,1.5641,0.000226,0.0003,0.0
2.08,FLIGHT,0.9161,1.5192,0.2527,0.2528,0.2525,0.2537,-0.0163,-0.1927,0.0148,0.0193,1.0327,-0.0294,1.5648,0.000228,0.0003,0.0
2.085,FLIGHT,0.9173,1.5205,0.2521,0.2536,0.2513,0.2541,-0.0162,-0.1926,0.0145,0.0194,1.0332,-0.0303,1.5656,0.000229,0.0003,0.0
2.09,FLIGHT,0.9186,1.5217,0.2509,0.2539,0.2495,0.2539,-0.0162,-0.1925,0.0142,0.0194,1.0336,-0.0312,1.5663,0.00023,0.0003,0.0
2.095,FLIGHT,0.9198,1.523,0.2491,0.2537,0.2472,0.2533,-0.0161,-0.1924,0.0139,0.0194,1.0341,-0.032,1.567,0.000232,0.0002,0.0
2.1,FLIGHT,0.9211,1.5243,0.2468,0.253,0.2445,0.2522,-0.016,-0.1923,0.0135,0.0194,1.0345,-0.0328,1.5676,0.000233,0.0002,0.0
2.105,FLIGHT,0.9223,1.5255,0.2441,0.2519,0.2415,0.2507,-0.016,-0.1922,0.0131,0.0194,1.0349,-0.0335,1.5682,0.000234,0.0002,0.0
2.11,FLIGHT,0.9235,1.5268,0.241,0.2504,0.2382,0.2489,-0.0159,-0.1921,0.0127,0.0193,1.0352,-0.0342,1.5688,0.000235,0.0002,0.0
2.115,FLIGHT,0.9247,1.528,0.2377,0.2485,0.2346,0.2467,-0.0158,-0.192,0.0123,0.0192,1.0355,-0.0349,1.5694,0.000235,0.0001,0.0
2.12,FLIGHT,0.9258,1.5292,0.2342,0.2463,0.2309,0.2441,-0.0158,-0.1919,0.0119,0.0191,1.0359,-0.0355,1.57,0.000236,0.0001,0.0
2.125,FLIGHT,0.927,1.5304,0.2305,0.2437,0.2271,0.2413,-0.0157,-0.1918,0.0115,0.0189,1.0361,-0.0361,1.5705,0.000237,0.0001,0.0
2.13,FLIGHT,0.9281,1.5316,0.2266,0.2409,0.2232,0.2383,-0.0157,-0.1918,0.0111,0.0187,1.0364,-0.0366,1.5711,0.000237,0.0001,0.0
2.135,FLIGHT,0.9292,1.5328,0.2227,0.2379,0.2192,0.235,-0.0156,-0.1917,0.0108,0.0185,1.0366,-0.0371,1.5716,0.000237,0.0,0.0
2.14,FLIGHT,0.9303,1.534,0.2187,0.2346,0.2151,0.2315,-0.0156,-0.1916,0.0104,0.0183,1.0369,-0.0376,1.5721,0.000237,0.0,0.0
2.145,FLIGHT,0.9314,1.5351,0.2147,0.2311,0.2111,0.2279,-0.0155,-0.1915,0.0101,0.0181,1.037,-0.0381,1.5726,0.000237,0.0,0.0
2.15,FLIGHT,0.9324,1.5363,0.2106,0.2275,0.207,0.2241,-0.0155,-0.1914,0.0098,0.0178,1.0372,-0.0385,1.5731,0.000237,-0.0,0.0
2.155,FLIGHT,0.9334,1.5374,0.2066,0.2237,0.2029,0.2202,-0.0154,-0.1913,0.0095,0.0175,1.0374,-0.039,1.5736,0.000237,-0.0,0.0
2.16,FLIGHT,0.9344,1.5385,0.2025,0.2198,0.1989,0.2163,-0.0154,-0.1912,0.0092,0.0172,1.0375,-0.0394,1.574,0.000237,-0.0,0.0
2.165,FLIGHT,0.9354,1.5395,0.1985,0.2158,0.1949,0.2122,-0.0153,-0.1911,0.009,0.0169,1.0376,-0.0398,1.5745,0.000237,-0.0,0.0
2.17,FLIGHT,0.9364,1.5406,0.1945,0.2117,0.1909,0.2081,-0.0153,-0.1911,0.0087,0.0166,1.0376,-0.0402,1.5749,0.000237,-0.0,0.0
2.175,FLIGHT,0.9373,1.5416,0.1905,0.2076,0.187,0.2039,-0.0153,-0.191,0.0085,0.0163,1.0377,-0.0405,1.5754,0.000237,-0.0001,0.0
2.18,FLIGHT,0.9382,1.5426,0.1866,0.2035,0.1831,0.1997,-0.0152,-0.1909,0.0083,0.016,1.0377,-0.0409,1.5758,0.000236,-0.0001,0.0
2.185,FLIGHT,0.9392,1.5436,0.1827,0.1993,0.1793,0.1955,-0.0152,-0.1908,0.0081,0.0157,1.0377,-0.0412,1.5762,0.000236,-0.0001,0.0
2.19,FLIGHT,0.94,1.5446,0.1789,0.1951,0.1755,0.1913,-0.0151,-0.1907,0.008,0.0154,1.0377,-0.0416,1.5766,0.000236,-0.0001,0.0
2.195,FLIGHT,0.9409,1.5455,0.1752,0.1909,0.1718,0.1871,-0.0151,-0.1907,0.0078,0.015,1.0376,-0.0419,1.577,0.000235,-0.0001,0.0
2.2,FLIGHT,0.9418,1.5465,0.1715,0.1867,0.1682,0.183,-0.0151,-0.1906,0.0076,0.0147,1.0376,-0.0422,1.5774,0.000235,-0.0001,0.0
2.205,FLIGHT,0.9426,1.5474,0.1679,0.1826,0.1647,0.1788,-0.015,-0.1905,0.0075,0.0144,1.0375,-0.0425,1.5778,0.000235,-0.0001,0.0
2.21,FLIGHT,0.9434,1.5482,0.1643,0.1784,0.1612,0.1747,-0.015,-0.1905,0.0074,0.0141,1.0374,-0.0428,1.5782,0.000234,-0.0001,0.0
2.215,FLIGHT,0.9442,1.5491,0.1608,0.1743,0.1578,0.1707,-0.0149,-0.1904,0.0072,0.0138,1.0372,-0.0431,1.5785,0.000234,-0.0001,0.0
2.22,FLIGHT,0.945,1.55,0.1574,0.1703,0.1544,0.1667,-0.0149,-0.1903,0.0071,0.0134,1.0371,-0.0434,1.5789,0.000234,-0.0001,0.0
2.225,FLIGHT,0.9457,1.5508,0.1541,0.1663,0.1511,0.1627,-0.0149,-0.1903,0.007,0.0131,1.0369,-0.0437,1.5793,0.000233,-0.0001,0.0
2.23,FLIGHT,0.9465,1.5516,0.1508,0.1623,0.1479,0.1588,-0.0148,-0.1902,0.0069,0.0128,1.0367,-0.0439,1.5796,0.000233,-0.0001,0.0
2.235,FLIGHT,0.9472,1.5524,0.1476,0.1584,0.1448,0.155,-0.0148,-0.1901,0.0068,0.0125,1.0365,-0.0442,1.5799,0.000232,-0.0001,0.0
2.24,FLIGHT,0.9479,1.5531,0.1445,0.1546,0.1417,0.1512,-0.0148,-0.1901,0.0067,0.0122,1.0362,-0.0444,1.5803,0.000232,-0.0001,0.0
2.245,FLIGHT,0.9486,1.5539,0.1414,0.1508,0.1387,0.1475,-0.0147,-0.19,0.0067,0.0119,1.036,-0.0447,1.5806,0.000232,-0.0001,0.0
2.25,FLIGHT,0.9493,1.5546,0.1384,0.1471,0.1358,0.1439,-0.0147,-0.1899,0.0066,0.0116,1.0357,-0.0449,1.5809,0.000231,-0.0001,0.0
2.255,FLIGHT,0.95,1.5553,0.1355,0.1435,0.1329,0.1403,-0.0147,-0.1899,0.0065,0.0113,1.0354,-0.0452,1.5812,0.000231,-0.0001,0.0
2.26,FLIGHT,0.9507,1.556,0.1327,0.14,0.1301,0.1368,-0.0146,-0.1898,0.0064,0.011,1.035,-0.0454,1.5815,0.00023,-0.0001,0.0
2.265,FLIGHT,0.9513,1.5567,0.1299,0.1365,0.1274,0.1334,-0.0146,-0.1898,0.0064,0.0108,1.0347,-0.0456,1.5818,0.00023,-0.0001,0.0
2.27,FLIGHT,0.9519,1.5573,0.1271,0.1331,0.1247,0.13,-0.0146,-0.1897,0.0063,0.0105,1.0343,-0.0458,1.5821,0.00023,-0.0001,0.0
2.275,FLIGHT,0.9525,1.558,0.1245,0.1297,0.1221,0.1268,-0.0145,-0.1897,0.0062,0.0102,1.0339,-0.046,1.5824,0.000229,-0.0001,0.0
2.28,FLIGHT,0.9532,1.5586,0.1219,0.1265,0.1195,0.1236,-0.0145,-0.1896,0.0062,0.01,1.0335,-0.0463,1.5827,0.000229,-0.0001,0.0
2.285,FLIGHT,0.9537,1.5592,0.1193,0.1233,0.117,0.1204,-0.0145,-0.1896,0.0061,0.0097,1.033,-0.0465,1.5829,0.000229,-0.0001,0.0
2.29,FLIGHT,0.9543,1.5598,0.1168,0.1202,0.1146,0.1174,-0.0145,-0.1895,0.006,0.0095,1.0326,-0.0467,1.5832,0.000228,-0.0001,0.0
2.295,FLIGHT,0.9549,1.5604,0.1144,0.1171,0.1122,0.1144,-0.0144,-0.1895,0.006,0.0092,1.0321,-0.0469,1.5835,0.000228,-0.0001,0.0
2.3,FLIGHT,0.9554,1.561,0.112,0.1141,0.1099,0.1115,-0.0144,-0.1894,0.0059,0.009,1.0316,-0.0471,1.5837,0.000228,-0.0001,0.0
2.305,FLIGHT,0.956,1.5615,0.1097,0.1112,0.1076,0.1087,-0.0144,-0.1894,0.0059,0.0087,1.0311,-0.0472,1.584,0.000227,-0.0001,0.0
2.31,FLIGHT,0.9565,1.562,0.1074,0.1084,0.1054,0.1059,-0.0143,-0.1894,0.0058,0.0085,1.0306,-0.0474,1.5842,0.000227,-0.0001,0.0
2.315,FLIGHT,0.957,1.5626,0.1052,0.1057,0.1032,0.1032,-0.0143,-0.1893,0.0058,0.0083,1.03,-0.0476,1.5844,0.000227,-0.0001,0.0
2.32,FLIGHT,0.9576,1.5631,0.103,0.103,0.1011,0.1006,-0.0143,-0.1893,0.0057,0.0081,1.0295,-0.0478,1.5847,0.000226,-0.0001,0.0
2.325,FLIGHT,0.9581,1.5636,0.1009,0.1004,0.099,0.0981,-0.0143,-0.1892,0.0056,0.0079,1.0289,-0.048,1.5849,0.000226,-0.0001,0.0
2.33,FLIGHT,0.9585,1.5641,0.0988,0.0978,0.097,0.0956,-0.0142,-0.1892,0.0056,0.0077,1.0283,-0.0481,1.5851,0.000226,-0.0001,0.0
2.335,FLIGHT,0.959,1.5645,0.0968,0.0953,0.095,0.0931,-0.0142,-0.1892,0.0055,0.0075,1.0276,-0.0483,1.5853,0.000226,-0.0001,0.0
2.34,FLIGHT,0.9595,1.565,0.0948,0.0929,0.0931,0.0908,-0.0142,-0.1891,0.0055,0.0073,1.027,-0.0485,1.5856,0.000225,-0.0,0.0
2.345,FLIGHT,0.96,1.5654,0.0929,0.0906,0.0912,0.0885,-0.0141,-0.1891,0.0054,0.0071,1.0263,-0.0486,1.5858,0.000225,-0.0,0.0
2.35,FLIGHT,0.9604,1.5659,0.091,0.0883,0.0893,0.0863,-0.0141,-0.1891,0.0054,0.0069,1.0256,-0.0488,1.586,0.000225,-0.0,0.0
2.355,FLIGHT,0.9608,1.5663,0.0892,0.0861,0.0875,0.0841,-0.0141,-0.189,0.0053,0.0067,1.0249,-0.0489,1.5862,0.000225,-0.0,0.0
2.36,FLIGHT,0.9613,1.5667,0.0874,0.0839,0.0857,0.082,-0.0141,-0.189,0.0053,0.0066,1.0242,-0.0491,1.5864,0.000224,-0.0,0.0
2.365,FLIGHT,0.9617,1.5671,0.0856,0.0818,0.084,0.0799,-0.014,-0.189,0.0052,0.0064,1.0235,-0.0493,1.5866,0.000224,-0.0,0.0
2.37,FLIGHT,0.9621,1.5675,0.0838,0.0797,0.0823,0.0779,-0.014,-0.1889,0.0052,0.0062,1.0227,-0.0494,1.5868,0.000224,-0.0,0.0
2.375,FLIGHT,0.9625,1.5679,0.0822,0.0777,0.0807,0.076,-0.014,-0.1889,0.0051,0.0061,1.022,-0.0495,1.5869,0.000224,-0.0,0.0
2.38,FLIGHT,0.9629,1.5683,0.0805,0.0758,0.079,0.0741,-0.014,-0.1889,0.005,0.0059,1.0212,-0.0497,1.5871,0.000224,-0.0,0.0
2.385,FLIGHT,0.9633,1.5686,0.0789,0.0739,0.0774,0.0722,-0.0139,-0.1888,0.005,0.0058,1.0204,-0.0498,1.5873,0.000223,-0.0,0.0
2.39,FLIGHT,0.9637,1.569,0.0773,0.0721,0.0759,0.0705,-0.0139,-0.1888,0.0049,0.0056,1.0196,-0.05,1.5875,0.000223,-0.0,0.0
2.395,FLIGHT,0.9641,1.5693,0.0757,0.0703,0.0743,0.0687,-0.0139,-0.1888,0.0049,0.0055,1.0187,-0.0501,1.5877,0.000223,-0.0,0.0
2.4,FLIGHT,0.9644,1.5697,0.0742,0.0686,0.0728,0.067,-0.0139,-0.1888,0.0048,0.0053,1.0179,-0.0503,1.5878,0.000223,-0.0,0.0
2.405,FLIGHT,0.9648,1.57,0.0727,0.0669,0.0714,0.0654,-0.0138,-0.1887,0.0048,0.0052,1.017,-0.0504,1.588,0.000223,-0.0,0.0
2.41,FLIGHT,0.9652,1.5703,0.0712,0.0652,0.0699,0.0638,-0.0138,-0.1887,0.0047,0.0051,1.0161,-0.0505,1.5882,0.000223,-0.0,0.0
2.415,FLIGHT,0.9655,1.5707,0.0698,0.0637,0.0685,0.0622,-0.0138,-0.1887,0.0046,0.0049,1.0152,-0.0506,1.5883,0.000222,-0.0,0.0
2.42,FLIGHT,0.9658,1.571,0.0684,0.0621,0.0671,0.0607,-0.0138,-0.1887,0.0046,0.0048,1.0143,-0.0508,1.5885,0.000222,-0.0,0.0
2.425,FLIGHT,0.9662,1.5713,0.067,0.0606,0.0658,0.0593,-0.0137,-0.1886,0.0045,0.0047,1.0134,-0.0509,1.5886,0.000222,-0.0,0.0
2.43,FLIGHT,0.9665,1.5716,0.0657,0.0591,0.0645,0.0579,-0.0137,-0.1886,0.0045,0.0046,1.0124,-0.051,1.5888,0.000222,-0.0,0.0
2.435,FLIGHT,0.9668,1.5718,0.0643,0.0577,0.0632,0.0565,-0.0137,-0.1886,0.0044,0.0045,1.0115,-0.0512,1.5889,0.000222,-0.0,0.0
2.44,FLIGHT,0.9671,1.5721,0.063,0.0564,0.0619,0.0551,-0.0137,-0.1886,0.0043,0.0044,1.0105,-0.0513,1.5891,0.000222,-0.0,0.0
2.445,FLIGHT,0.9674,1.5724,0.0618,0.055,0.0606,0.0538,-0.0137,-0.1886,0.0043,0.0043,1.0095,-0.0514,1.5892,0.000222,-0.0,0.0
2.45,FLIGHT,0.9677,1.5727,0.0605,0.0537,0.0594,0.0526,-0.0136,-0.1885,0.0042,0.0042,1.0085,-0.0515,1.5894,0.000222,-0.0,0.0
2.455,FLIGHT,0.968,1.5729,0.0593,0.0525,0.0582,0.0513,-0.0136,-0.1885,0.0041,0.0041,1.0075,-0.0516,1.5895,0.000221,-0.0,0.0
2.46,FLIGHT,0.9683,1.5732,0.0581,0.0512,0.057,0.0501,-0.0136,-0.1885,0.0041,0.004,1.0064,-0.0518,1.5896,0.000221,-0.0,0.0
2.465,FLIGHT,0.9686,1.5734,0.0569,0.05,0.0558,0.049,-0.0136,-0.1885,0.004,0.0039,1.0054,-0.0519,1.5898,0.000221,-0.0,0.0
2.47,FLIGHT,0.9689,1.5737,0.0557,0.0489,0.0547,0.0479,-0.0136,-0.1885,0.0039,0.0038,1.0043,-0.052,1.5899,0.000221,-0.0,0.0
2.475,FLIGHT,0.9692,1.5739,0.0545,0.0478,0.0535,0.0468,-0.0135,-0.1884,0.0039,0.0037,1.0032,-0.0521,1.59,0.000221,-0.0,0.0
2.48,FLIGHT,0.9694,1.5741,0.0534,0.0467,0.0524,0.0457,-0.0135,-0.1884,0.0038,0.0036,1.0022,-0.0522,1.5901,0.000221,-0.0,0.0
2.485,FLIGHT,0.9697,1.5744,0.0523,0.0456,0.0513,0.0447,-0.0135,-0.1884,0.0037,0.0035,1.001,-0.0523,1.5903,0.000221,-0.0,0.0
2.49,FLIGHT,0.9699,1.5746,0.0512,0.0446,0.0502,0.0437,-0.0135,-0.1884,0.0037,0.0034,0.9999,-0.0524,1.5904,0.000221,-0.0,0.0
2.495,STANCE,0.9719,1.5755,0.3329,0.1268,0.8393,-0.0164,-0.0132,-0.1883,0.0457,0.0073,0.9991,0.0482,-0.5363,-0.000859,-0.3608,0.073
2.5,STANCE,0.9781,1.5731,0.9891,-0.3276,1.6017,-0.9453,-0.0118,-0.1886,0.2308,-0.0416,0.9982,-0.4068,-0.9734,-0.002896,-0.432,0.0893
2.505,STANCE,0.9817,1.5709,0.7242,-0.3587,0.1941,-0.0891,-0.0108,-0.1889,0.1854,-0.0403,0.9979,-0.5916,-1.5349,-0.00386,-0.0372,0.0113
2.51,STANCE,0.9826,1.5703,0.3684,-0.2051,0.2966,-0.2694,-0.0105,-0.1889,0.0974,-0.0224,0.9981,-0.7453,-2.079,-0.003771,0.0519,0.0038
2.515,STANCE,0.9849,1.5667,0.4434,-0.6403,0.4882,-1.6168,-0.0096,-0.1893,0.1712,-0.0616,0.9982,-1.0703,-2.1986,-0.003374,0.1385,0.0034
2.52,STANCE,0.9889,1.5582,0.7106,-1.3775,1.1338,-2.0028,-0.0077,-0.1901,0.3242,-0.1265,0.9983,-1.451,-1.9545,-0.002936,-0.029,0.0087
2.525,STANCE,0.9951,1.5452,1.0646,-2.2614,1.2969,-2.6736,-0.0047,-0.1912,0.5178,-0.1978,0.9982,-1.8165,-1.4032,-0.003224,-0.0674,0.0167
2.53,STANCE,1.0007,1.5311,1.0898,-2.6581,1.1066,-2.697,-0.0016,-0.1924,0.5835,-0.221,0.9982,-1.9128,-0.8793,-0.003388,-0.051,0.0136
2.535,STANCE,1.005,1.516,0.9194,-2.9222,0.6992,-3.1681,0.0013,-0.1937,0.5936,-0.2317,0.9982,-1.7614,-0.302,-0.003534,-0.0263,0.0088
2.54,STANCE,1.0078,1.5002,0.6495,-3.089,0.2914,-3.2695,0.0041,-0.1949,0.5703,-0.2353,0.9982,-1.4046,0.2796,-0.003662,0.01,0.0037
2.545,STANCE,1.0089,1.4848,0.3415,-3.0752,0.0534,-3.0188,0.0066,-0.1961,0.5126,-0.2274,0.9983,-0.9045,0.7638,-0.003692,0.0116,0.0037
2.55,STANCE,1.0087,1.4703,0.067,-2.9456,-0.185,-2.8565,0.0086,-0.1971,0.4431,-0.2133,0.9984,-0.3746,1.1205,-0.003604,0.0427,0.0036
2.555,STANCE,1.0078,1.4567,-0.1081,-2.7728,-0.2102,-2.6157,0.0104,-0.1981,0.3858,-0.1973,0.9987,0.0351,1.3279,-0.003408,0.0484,0.0034
2.56,FLIGHT,1.0069,1.4442,-0.1473,-2.5858,-0.1161,-2.4044,0.0121,-0.199,0.3526,-0.1803,0.999,-1.214,2.5207,-0.003144,0.0531,0.0031
2.565,FLIGHT,1.0051,1.4344,-0.3355,-2.0838,-0.7556,-1.3309,0.0132,-0.1997,0.2419,-0.1458,0.9996,-1.1788,2.4788,-0.002773,0.1053,0.0028
2.57,FLIGHT,0.9995,1.4306,-0.9073,-1.1348,-1.455,-0.2572,0.0126,-0.2,-0.0134,-0.0888,1.0005,-0.9575,2.2903,-0.002118,0.1524,0.0021
2.575,FLIGHT,0.9909,1.4313,-1.4729,-0.2259,-1.9175,0.5005,0.0108,-0.2001,-0.2614,-0.0316,1.0016,-0.6904,2.0693,-0.00129,0.1752,0.0013
2.58,FLIGHT,0.9807,1.4351,-1.8751,0.4608,-2.1478,0.9618,0.0082,-0.1999,-0.4423,0.0176,1.0029,-0.4507,1.8736,-0.0004,0.178,0.0004
2.585,FLIGHT,0.9698,1.4406,-2.0842,0.8997,-2.1898,1.1913,0.0052,-0.1996,-0.5467,0.0556,1.0043,-0.2635,1.7224,0.000414,0.1315,0.0
2.59,FLIGHT,0.959,1.4467,-2.126,1.1293,-2.1025,1.2571,0.0022,-0.1991,-0.586,0.0816,1.0057,-0.1301,1.6159,0.000917,0.0731,0.0
2.595,FLIGHT,0.9489,1.4529,-2.0478,1.2043,-1.9376,1.2186,-0.0007,-0.1987,-0.5788,0.0963,1.0071,-0.041,1.5465,0.001177,0.0337,0.0
2.6,FLIGHT,0.9397,1.4588,-1.8933,1.1776,-1.7317,1.1215,-0.0034,-0.1982,-0.5419,0.1016,1.0084,0.0145,1.5049,0.001277,0.0082,0.0
2.605,FLIGHT,0.9316,1.4641,-1.697,1.0915,-1.5106,0.9978,-0.0057,-0.1977,-0.4888,0.1,1.0098,0.046,1.4831,0.001275,-0.0074,0.0015
2.61,FLIGHT,0.9246,1.4688,-1.4839,0.977,-1.291,0.8684,-0.0078,-0.1973,-0.429,0.094,1.011,0.0615,1.4743,0.001213,-0.0165,0.0033
2.615,FLIGHT,0.9187,1.4728,-1.2706,0.8545,-1.0831,0.7456,-0.0095,-0.1969,-0.3686,0.0854,1.0123,0.0667,1.4738,0.001118,-0.0211,0.0042
2.62,FLIGHT,0.9137,1.4763,-1.0676,0.7368,-0.8923,0.6359,-0.0109,-0.1965,-0.3114,0.0757,1.0134,0.0655,1.478,0.001008,-0.0227,0.0045
2.625,FLIGHT,0.9097,1.4792,-0.8804,0.6307,-0.7209,0.5421,-0.0121,-0.1962,-0.2594,0.0661,1.0146,0.0608,1.4846,0.000894,-0.0225,0.0045
2.63,FLIGHT,0.9065,1.4817,-0.7118,0.5394,-0.5693,0.4645,-0.0131,-0.196,-0.2133,0.0572,1.0157,0.0542,1.4923,0.000785,-0.0211,0.0042
2.635,FLIGHT,0.904,1.4839,-0.5622,0.4635,-0.4366,0.4023,-0.0139,-0.1957,-0.1732,0.0492,1.0167,0.0469,1.5002,0.000684,-0.0191,0.0038
2.64,FLIGHT,0.9021,1.4858,-0.431,0.4023,-0.3215,0.3536,-0.0145,-0.1955,-0.139,0.0424,1.0178,0.0396,1.5076,0.000594,-0.0168,0.0034
2.645,FLIGHT,0.9007,1.4874,-0.3171,0.3542,-0.2222,0.3166,-0.015,-0.1954,-0.11,0.0367,1.0188,0.0325,1.5145,0.000516,-0.0144,0.0029
2.65,FLIGHT,0.8999,1.4889,-0.2187,0.3177,-0.1371,0.2895,-0.0154,-0.1952,-0.0858,0.0321,1.0197,0.026,1.5207,0.00045,-0.012,0.0024
2.655,FLIGHT,0.8994,1.4903,-0.1342,0.2907,-0.0644,0.2703,-0.0157,-0.1951,-0.0655,0.0285,1.0207,0.02,1.5261,0.000396,-0.0098,0.002
2.66,FLIGHT,0.8992,1.4917,-0.0621,0.2716,-0.0025,0.2576,-0.0159,-0.195,-0.0488,0.0257,1.0216,0.0145,1.5309,0.000352,-0.0079,0.0016
2.665,FLIGHT,0.8993,1.4929,-0.0007,0.2589,0.0499,0.2499,-0.016,-0.1949,-0.0351,0.0236,1.0225,0.0096,1.5351,0.000317,-0.0062,0.0012
2.67,FLIGHT,0.8997,1.4942,0.0514,0.2511,0.0942,0.246,-0.0161,-0.1947,-0.0239,0.0221,1.0233,0.0052,1.5388,0.000289,-0.0048,0.001
2.675,FLIGHT,0.9002,1.4954,0.0953,0.2472,0.1313,0.2451,-0.0162,-0.1946,-0.0148,0.021,1.0242,0.0012,1.542,0.000268,-0.0036,0.0007
2.68,FLIGHT,0.901,1.4966,0.1322,0.2461,0.1623,0.2462,-0.0162,-0.1945,-0.0075,0.0204,1.025,-0.0024,1.5448,0.000253,-0.0027,0.0005
2.685,FLIGHT,0.9019,1.4979,0.1629,0.2471,0.188,0.2488,-0.0162,-0.1944,-0.0017,0.02,1.0258,-0.0056,1.5472,0.000241,-0.0019,0.0004
2.69,FLIGHT,0.9028,1.4991,0.1885,0.2496,0.2092,0.2523,-0.0162,-0.1943,0.003,0.0198,1.0266,-0.0084,1.5494,0.000233,-0.0013,0.0003
2.695,FLIGHT,0.9039,1.5004,0.2095,0.253,0.2265,0.2563,-0.0161,-0.1942,0.0066,0.0198,1.0273,-0.011,1.5513,0.000228,-0.0009,0.0002
2.7,FLIGHT,0.9051,1.5017,0.2266,0.2569,0.2403,0.2605,-0.0161,-0.1941,0.0093,0.0199,1.0281,-0.0134,1.553,0.000224,-0.0005,0.0001
2.705,FLIGHT,0.9063,1.503,0.2403,0.261,0.2513,0.2647,-0.016,-0.194,0.0114,0.0201,1.0288,-0.0155,1.5546,0.000223,-0.0002,0.0
2.71,FLIGHT,0.9076,1.5043,0.2512,0.2651,0.2598,0.2687,-0.0159,-0.1939,0.013,0.0203,1.0295,-0.0175,1.556,0.000222,-0.0,0.0
2.715,FLIGHT,0.9089,1.5057,0.2596,0.269,0.2661,0.2723,-0.0159,-0.1938,0.0141,0.0205,1.0301,-0.0192,1.5572,0.000222,0.0001,0.0
2.72,FLIGHT,0.9103,1.507,0.2659,0.2724,0.2707,0.2754,-0.0158,-0.1937,0.0148,0.0208,1.0308,-0.0209,1.5584,0.000223,0.0002,0.0
2.725,FLIGHT,0.9116,1.5084,0.2704,0.2755,0.2737,0.278,-0.0157,-0.1936,0.0152,0.021,1.0314,-0.0223,1.5595,0.000224,0.0003,0.0
2.73,FLIGHT,0.913,1.5098,0.2733,0.278,0.2753,0.2801,-0.0156,-0.1935,0.0154,0.0212,1.032,-0.0237,1.5605,0.000226,0.0003,0.0
2.735,FLIGHT,0.9144,1.5112,0.2749,0.28,0.2759,0.2816,-0.0156,-0.1934,0.0154,0.0214,1.0326,-0.025,1.5614,0.000227,0.0003,0.0
2.74,FLIGHT,0.9158,1.5126,0.2754,0.2814,0.2754,0.2825,-0.0155,-0.1933,0.0153,0.0215,1.0331,-0.0261,1.5623,0.000229,0.0003,0.0
2.745,FLIGHT,0.9171,1.514,0.275,0.2823,0.2742,0.2828,-0.0154,-0.1932,0.0151,0.0216,1.0336,-0.0272,1.5631,0.00023,0.0003,0.0
2.75,FLIGHT,0.9185,1.5155,0.2738,0.2826,0.2723,0.2826,-0.0153,-0.1931,0.0148,0.0217,1.0342,-0.0282,1.5639,0.000232,0.0003,0.0
2.755,FLIGHT,0.9199,1.5169,0.2719,0.2824,0.2699,0.2819,-0.0153,-0.193,0.0144,0.0217,1.0346,-0.0291,1.5647,0.000233,0.0003,0.0
2.76,FLIGHT,0.9212,1.5183,0.2694,0.2816,0.267,0.2807,-0.0152,-0.1929,0.014,0.0217,1.0351,-0.03,1.5654,0.000234,0.0002,0.0
2.765,FLIGHT,0.9225,1.5197,0.2665,0.2804,0.2637,0.2791,-0.0151,-0.1928,0.0136,0.0217,1.0355,-0.0308,1.5661,0.000235,0.0002,0.0
2.77,FLIGHT,0.9238,1.5211,0.2632,0.2787,0.2601,0.277,-0.0151,-0.1927,0.0131,0.0216,1.0359,-0.0315,1.5668,0.000236,0.0002,0.0
2.775,FLIGHT,0.9251,1.5224,0.2596,0.2766,0.2562,0.2745,-0.015,-0.1926,0.0127,0.0215,1.0363,-0.0323,1.5674,0.000237,0.0001,0.0
2.78,FLIGHT,0.9264,1.5238,0.2557,0.2741,0.2522,0.2717,-0.0149,-0.1924,0.0123,0.0213,1.0367,-0.0329,1.5681,0.000238,0.0001,0.0
2.785,FLIGHT,0.9277,1.5252,0.2517,0.2713,0.248,0.2686,-0.0149,-0.1923,0.0118,0.0211,1.037,-0.0336,1.5687,0.000238,0.0001,0.0
2.79,FLIGHT,0.9289,1.5265,0.2475,0.2682,0.2437,0.2652,-0.0148,-0.1922,0.0114,0.0209,1.0373,-0.0342,1.5693,0.000238,0.0001,0.0
2.795,FLIGHT,0.9301,1.5278,0.2432,0.2648,0.2392,0.2616,-0.0148,-0.1921,0.011,0.0207,1.0376,-0.0348,1.5699,0.000239,0.0,0.0
2.8,FLIGHT,0.9313,1.5291,0.2388,0.2611,0.2348,0.2578,-0.0147,-0.192,0.0107,0.0204,1.0379,-0.0353,1.5704,0.000239,0.0,0.0
2.805,FLIGHT,0.9324,1.5304,0.2343,0.2573,0.2303,0.2537,-0.0147,-0.1919,0.0103,0.0202,1.0381,-0.0358,1.571,0.000239,0.0,0.0
2.81,FLIGHT,0.9336,1.5316,0.2298,0.2532,0.2258,0.2495,-0.0146,-0.1918,0.01,0.0199,1.0383,-0.0363,1.5715,0.000239,-0.0,0.0
2.815,FLIGHT,0.9347,1.5329,0.2253,0.249,0.2213,0.2452,-0.0146,-0.1917,0.0097,0.0196,1.0385,-0.0368,1.5721,0.000239,-0.0,0.0
2.82,FLIGHT,0.9358,1.5341,0.2208,0.2447,0.2168,0.2408,-0.0145,-0.1916,0.0094,0.0193,1.0387,-0.0373,1.5726,0.000239,-0.0,0.0
2.825,FLIGHT,0.9369,1.5353,0.2164,0.2403,0.2124,0.2363,-0.0145,-0.1916,0.0091,0.0189,1.0388,-0.0377,1.5731,0.000239,-0.0,0.0
2.83,FLIGHT,0.9379,1.5365,0.2119,0.2358,0.208,0.2317,-0.0144,-0.1915,0.0088,0.0186,1.039,-0.0382,1.5736,0.000238,-0.0001,0.0
2.835,FLIGHT,0.9389,1.5376,0.2076,0.2312,0.2036,0.2271,-0.0144,-0.1914,0.0086,0.0183,1.039,-0.0386,1.574,0.000238,-0.0001,0.0
2.84,FLIGHT,0.94,1.5387,0.2032,0.2266,0.1993,0.2224,-0.0144,-0.1913,0.0084,0.0179,1.0391,-0.039,1.5745,0.000238,-0.0001,0.0
2.845,FLIGHT,0.9409,1.5398,0.1989,0.2219,0.1951,0.2177,-0.0143,-0.1912,0.0082,0.0175,1.0392,-0.0393,1.575,0.000237,-0.0001,0.0
2.85,FLIGHT,0.9419,1.5409,0.1947,0.2173,0.191,0.2131,-0.0143,-0.1911,0.008,0.0172,1.0392,-0.0397,1.5754,0.000237,-0.0001,0.0
2.855,FLIGHT,0.9428,1.542,0.1906,0.2126,0.1869,0.2084,-0.0142,-0.191,0.0078,0.0168,1.0392,-0.0401,1.5759,0.000237,-0.0001,0.0
2.86,FLIGHT,0.9438,1.543,0.1865,0.2079,0.1828,0.2038,-0.0142,-0.1909,0.0076,0.0165,1.0392,-0.0404,1.5763,0.000236,-0.0001,0.0
2.865,FLIGHT,0.9447,1.544,0.1825,0.2033,0.1789,0.1992,-0.0142,-0.1909,0.0075,0.0161,1.0391,-0.0408,1.5767,0.000236,-0.0001,0.0
2.87,FLIGHT,0.9456,1.545,0.1785,0.1987,0.175,0.1946,-0.0141,-0.1908,0.0073,0.0158,1.039,-0.0411,1.5772,0.000235,-0.0001,0.0
2.875,FLIGHT,0.9464,1.5459,0.1747,0.1941,0.1712,0.1901,-0.0141,-0.1907,0.0072,0.0154,1.0389,-0.0414,1.5776,0.000235,-0.0001,0.0
2.88,FLIGHT,0.9473,1.5469,0.1709,0.1896,0.1675,0.1856,-0.0141,-0.1906,0.0071,0.015,1.0388,-0.0417,1.578,0.000234,-0.0001,0.0
2.885,FLIGHT,0.9481,1.5478,0.1672,0.1851,0.1639,0.1812,-0.014,-0.1906,0.0069,0.0147,1.0387,-0.042,1.5783,0.000234,-0.0001,0.0
2.89,FLIGHT,0.9489,1.5487,0.1635,0.1807,0.1603,0.1768,-0.014,-0.1905,0.0068,0.0143,1.0385,-0.0423,1.5787,0.000234,-0.0001,0.0
2.895,FLIGHT,0.9497,1.5496,0.16,0.1764,0.1568,0.1725,-0.014,-0.1904,0.0067,0.014,1.0383,-0.0426,1.5791,0.000233,-0.0001,0.0
2.9,FLIGHT,0.9505,1.5504,0.1565,0.1721,0.1534,0.1683,-0.0139,-0.1904,0.0066,0.0137,1.0381,-0.0429,1.5795,0.000233,-0.0001,0.0
2.905,FLIGHT,0.9512,1.5513,0.1531,0.1679,0.1501,0.1642,-0.0139,-0.1903,0.0065,0.0133,1.0379,-0.0431,1.5798,0.000232,-0.0001,0.0
2.91,FLIGHT,0.952,1.5521,0.1498,0.1638,0.1469,0.1601,-0.0139,-0.1902,0.0065,0.013,1.0377,-0.0434,1.5802,0.000232,-0.0001,0.0
2.915,FLIGHT,0.9527,1.5529,0.1466,0.1597,0.1437,0.1561,-0.0138,-0.1902,0.0064,0.0127,1.0374,-0.0437,1.5805,0.000231,-0.0001,0.0
2.92,FLIGHT,0.9534,1.5536,0.1434,0.1558,0.1406,0.1522,-0.0138,-0.1901,0.0063,0.0124,1.0371,-0.0439,1.5808,0.000231,-0.0001,0.0
2.925,FLIGHT,0.9541,1.5544,0.1403,0.1519,0.1375,0.1484,-0.0138,-0.19,0.0062,0.0121,1.0368,-0.0442,1.5812,0.00023,-0.0001,0.0
2.93,FLIGHT,0.9548,1.5551,0.1372,0.148,0.1346,0.1447,-0.0137,-0.19,0.0062,0.0117,1.0365,-0.0444,1.5815,0.00023,-0.0001,0.0
2.935,FLIGHT,0.9555,1.5558,0.1343,0.1443,0.1317,0.141,-0.0137,-0.1899,0.0061,0.0115,1.0361,-0.0446,1.5818,0.00023,-0.0001,0.0
2.94,FLIGHT,0.9561,1.5565,0.1314,0.1407,0.1288,0.1374,-0.0137,-0.1899,0.006,0.0112,1.0357,-0.0449,1.5821,0.000229,-0.0001,0.0
2.945,FLIGHT,0.9567,1.5572,0.1286,0.1371,0.1261,0.1339,-0.0136,-0.1898,0.006,0.0109,1.0353,-0.0451,1.5824,0.000229,-0.0001,0.0
2.95,FLIGHT,0.9574,1.5579,0.1258,0.1336,0.1234,0.1305,-0.0136,-0.1898,0.0059,0.0106,1.0349,-0.0453,1.5827,0.000228,-0.0001,0.0
2.955,FLIGHT,0.958,1.5585,0.1231,0.1302,0.1207,0.1272,-0.0136,-0.1897,0.0058,0.0103,1.0345,-0.0455,1.583,0.000228,-0.0001,0.0
2.96,FLIGHT,0.9586,1.5591,0.1205,0.1269,0.1181,0.1239,-0.0136,-0.1897,0.0058,0.0101,1.034,-0.0457,1.5832,0.000228,-0.0001,0.0
2.965,FLIGHT,0.9592,1.5597,0.1179,0.1236,0.1156,0.1207,-0.0135,-0.1896,0.0057,0.0098,1.0335,-0.046,1.5835,0.000227,-0.0001,0.0
2.97,FLIGHT,0.9597,1.5603,0.1154,0.1205,0.1132,0.1177,-0.0135,-0.1896,0.0057,0.0095,1.033,-0.0462,1.5838,0.000227,-0.0001,0.0
2.975,FLIGHT,0.9603,1.5609,0.1129,0.1174,0.1107,0.1146,-0.0135,-0.1895,0.0056,0.0093,1.0325,-0.0464,1.584,0.000227,-0.0001,0.0
2.98,FLIGHT,0.9608,1.5615,0.1105,0.1144,0.1084,0.1117,-0.0134,-0.1895,0.0056,0.0091,1.032,-0.0465,1.5843,0.000226,-0.0001,0.0
2.985,FLIGHT,0.9614,1.562,0.1082,0.1114,0.1061,0.1088,-0.0134,-0.1894,0.0055,0.0088,1.0314,-0.0467,1.5845,0.000226,-0.0001,0.0
2.99,FLIGHT,0.9619,1.5626,0.1059,0.1086,0.1039,0.106,-0.0134,-0.1894,0.0055,0.0086,1.0308,-0.0469,1.5848,0.000226,-0.0001,0.0
2.995,FLIGHT,0.9624,1.5631,0.1037,0.1058,0.1017,0.1033,-0.0134,-0.1893,0.0054,0.0084,1.0302,-0.0471,1.585,0.000225,-0.0001,0.0
3.0,FLIGHT,0.9629,1.5636,0.1015,0.1031,0.0995,0.1007,-0.0133,-0.1893,0.0053,0.0081,1.0296,-0.0473,1.5853,0.000225,-0.0001,0.0
3.005,FLIGHT,0.9634,1.5641,0.0993,0.1004,0.0974,0.0981,-0.0133,-0.1893,0.0053,0.0079,1.029,-0.0475,1.5855,0.000225,-0.0001,0.0
3.01,FLIGHT,0.9639,1.5646,0.0972,0.0979,0.0954,0.0956,-0.0133,-0.1892,0.0052,0.0077,1.0284,-0.0476,1.5857,0.000225,-0.0001,0.0
3.015,FLIGHT,0.9644,1.5651,0.0952,0.0954,0.0934,0.0931,-0.0133,-0.1892,0.0052,0.0075,1.0277,-0.0478,1.5859,0.000224,-0.0001,0.0
3.02,FLIGHT,0.9648,1.5655,0.0932,0.0929,0.0914,0.0908,-0.0132,-0.1892,0.0051,0.0073,1.027,-0.048,1.5861,0.000224,-0.0001,0.0
3.025,FLIGHT,0.9653,1.566,0.0912,0.0906,0.0895,0.0885,-0.0132,-0.1891,0.0051,0.0071,1.0263,-0.0481,1.5863,0.000224,-0.0,0.0
3.03,FLIGHT,0.9657,1.5664,0.0893,0.0882,0.0877,0.0862,-0.0132,-0.1891,0.005,0.007,1.0256,-0.0483,1.5865,0.000224,-0.0,0.0
3.035,FLIGHT,0.9662,1.5668,0.0875,0.086,0.0858,0.084,-0.0132,-0.1891,0.005,0.0068,1.0248,-0.0485,1.5868,0.000223,-0.0,0.0
3.04,FLIGHT,0.9666,1.5672,0.0856,0.0838,0.084,0.0819,-0.0131,-0.189,0.0049,0.0066,1.0241,-0.0486,1.5869,0.000223,-0.0,0.0
3.045,FLIGHT,0.967,1.5677,0.0839,0.0817,0.0823,0.0798,-0.0131,-0.189,0.0049,0.0064,1.0233,-0.0488,1.5871,0.000223,-0.0,0.0
3.05,FLIGHT,0.9674,1.568,0.0821,0.0796,0.0806,0.0778,-0.0131,-0.189,0.0048,0.0063,1.0225,-0.0489,1.5873,0.000223,-0.0,0.0
3.055,FLIGHT,0.9678,1.5684,0.0804,0.0776,0.0789,0.0759,-0.0131,-0.1889,0.0047,0.0061,1.0217,-0.0491,1.5875,0.000222,-0.0,0.0
3.06,FLIGHT,0.9682,1.5688,0.0787,0.0757,0.0773,0.074,-0.013,-0.1889,0.0047,0.0059,1.0209,-0.0492,1.5877,0.000222,-0.0,0.0
3.065,FLIGHT,0.9686,1.5692,0.0771,0.0738,0.0756,0.0721,-0.013,-0.1889,0.0046,0.0058,1.02,-0.0494,1.5879,0.000222,-0.0,0.0
3.07,FLIGHT,0.969,1.5695,0.0755,0.072,0.0741,0.0703,-0.013,-0.1888,0.0046,0.0056,1.0192,-0.0495,1.588,0.000222,-0.0,0.0
3.075,FLIGHT,0.9693,1.5699,0.0739,0.0702,0.0725,0.0686,-0.013,-0.1888,0.0045,0.0055,1.0183,-0.0496,1.5882,0.000222,-0.0,0.0
3.08,FLIGHT,0.9697,1.5702,0.0724,0.0684,0.071,0.0669,-0.0129,-0.1888,0.0045,0.0054,1.0174,-0.0498,1.5884,0.000222,-0.0,0.0
3.085,FLIGHT,0.97,1.5705,0.0709,0.0667,0.0695,0.0652,-0.0129,-0.1888,0.0044,0.0052,1.0165,-0.0499,1.5885,0.000221,-0.0,0.0
3.09,FLIGHT,0.9704,1.5709,0.0694,0.0651,0.0681,0.0636,-0.0129,-0.1887,0.0043,0.0051,1.0156,-0.0501,1.5887,0.000221,-0.0,0.0
3.095,FLIGHT,0.9707,1.5712,0.068,0.0635,0.0667,0.0621,-0.0129,-0.1887,0.0043,0.005,1.0147,-0.0502,1.5889,0.000221,-0.0,0.0
3.1,FLIGHT,0.971,1.5715,0.0665,0.0619,0.0653,0.0606,-0.0129,-0.1887,0.0042,0.0049,1.0137,-0.0503,1.589,0.000221,-0.0,0.0
3.105,FLIGHT,0.9714,1.5718,0.0651,0.0604,0.0639,0.0591,-0.0128,-0.1887,0.0042,0.0047,1.0127,-0.0504,1.5892,0.000221,-0.0,0.0
3.11,FLIGHT,0.9717,1.5721,0.0638,0.059,0.0626,0.0577,-0.0128,-0.1886,0.0041,0.0046,1.0118,-0.0506,1.5893,0.000221,-0.0,0.0
3.115,FLIGHT,0.972,1.5724,0.0624,0.0576,0.0613,0.0563,-0.0128,-0.1886,0.004,0.0045,1.0108,-0.0507,1.5895,0.000221,-0.0,0.0
3.12,FLIGHT,0.9723,1.5726,0.0611,0.0562,0.06,0.055,-0.0128,-0.1886,0.004,0.0044,1.0098,-0.0508,1.5896,0.00022,-0.0,0.0
3.125,FLIGHT,0.9726,1.5729,0.0598,0.0548,0.0587,0.0536,-0.0128,-0.1886,0.0039,0.0043,1.0087,-0.0509,1.5898,0.00022,-0.0,0.0
3.13,FLIGHT,0.9729,1.5732,0.0586,0.0535,0.0575,0.0524,-0.0127,-0.1886,0.0038,0.0042,1.0077,-0.0511,1.5899,0.00022,-0.0,0.0
3.135,FLIGHT,0.9732,1.5734,0.0573,0.0523,0.0562,0.0511,-0.0127,-0.1885,0.0038,0.0041,1.0066,-0.0512,1.59,0.00022,-0.0,0.0
3.14,FLIGHT,0.9734,1.5737,0.0561,0.051,0.055,0.0499,-0.0127,-0.1885,0.0037,0.004,1.0056,-0.0513,1.5902,0.00022,-0.0,0.0
3.145,FLIGHT,0.9737,1.5739,0.0549,0.0498,0.0539,0.0488,-0.0127,-0.1885,0.0036,0.0039,1.0045,-0.0514,1.5903,0.00022,-0.0,0.0
3.15,FLIGHT,0.974,1.5742,0.0537,0.0487,0.0527,0.0477,-0.0127,-0.1885,0.0036,0.0038,1.0034,-0.0515,1.5904,0.00022,-0.0,0.0
3.155,FLIGHT,0.9742,1.5744,0.0526,0.0476,0.0516,0.0466,-0.0127,-0.1885,0.0035,0.0037,1.0023,-0.0517,1.5906,0.00022,-0.0,0.0
3.16,FLIGHT,0.9745,1.5746,0.0514,0.0465,0.0504,0.0455,-0.0126,-0.1884,0.0034,0.0036,1.0011,-0.0518,1.5907,0.00022,-0.0,0.0
3.165,FLIGHT,0.9747,1.5749,0.0503,0.0454,0.0493,0.0445,-0.0126,-0.1884,0.0034,0.0035,1.0,-0.0519,1.5908,0.00022,-0.0,0.0
3.17,STANCE,0.9765,1.5755,0.3114,0.1022,0.8371,-0.0083,-0.0124,-0.1884,0.0449,0.0055,0.9991,0.0402,-0.5229,-0.000631,-0.3391,0.0684
3.175,STANCE,0.9828,1.5734,0.9914,-0.3083,1.6195,-0.8917,-0.0109,-0.1887,0.2288,-0.0388,0.9982,-0.4322,-0.9721,-0.002619,-0.4288,0.0884
3.18,STANCE,0.9865,1.5712,0.7408,-0.3449,0.221,-0.101,-0.0099,-0.1889,0.1868,-0.0384,0.998,-0.6313,-1.525,-0.003595,-0.0408,0.0118
3.185,STANCE,0.9876,1.5705,0.3903,-0.2197,0.3173,-0.3055,-0.0096,-0.189,0.1037,-0.0235,0.9982,-0.7961,-2.0501,-0.003521,0.0495,0.0035
3.19,STANCE,0.9899,1.5665,0.4483,-0.6945,0.4444,-1.7587,-0.0086,-0.1893,0.1798,-0.0656,0.9982,-1.1221,-2.1464,-0.003121,0.1478,0.0031
3.195,STANCE,0.9939,1.5584,0.7318,-1.3368,1.1347,-1.927,-0.0067,-0.1901,0.3232,-0.1215,0.9983,-1.5117,-1.9395,-0.002822,-0.0651,0.0158
3.2,STANCE,0.9997,1.5452,1.0234,-2.2754,1.1323,-3.226,-0.0038,-0.1912,0.5128,-0.1964,0.9982,-1.8494,-1.3665,-0.003171,-0.0717,0.0175
3.205,STANCE,1.0048,1.5305,0.9829,-2.7497,0.708,-3.1889,-0.0008,-0.1925,0.5769,-0.2257,0.9981,-1.9145,-0.8125,-0.003363,0.0418,0.0034
3.21,STANCE,1.0086,1.5162,0.8039,-2.8549,0.5361,-3.0675,0.002,-0.1936,0.5624,-0.2246,0.9982,-1.7458,-0.3114,-0.003441,-0.0199,0.0074
3.215,STANCE,1.0105,1.5007,0.5103,-3.012,0.2236,-3.1091,0.0046,-0.1948,0.5326,-0.2288,0.9982,-1.3669,0.2563,-0.003625,-0.036,0.0108
3.22,STANCE,1.0108,1.4853,0.1886,-3.0545,-0.0594,-2.9967,0.0069,-0.196,0.4799,-0.2262,0.9982,-0.8528,0.7579,-0.003754,-0.0257,0.0089
3.225,STANCE,1.0098,1.4705,-0.0855,-2.9848,-0.3434,-2.9567,0.0088,-0.1971,0.419,-0.2171,0.9983,-0.3179,1.1369,-0.003777,0.0281,0.0038
3.23,STANCE,1.0082,1.4565,-0.2473,-2.8478,-0.3334,-2.7103,0.0106,-0.1981,0.3694,-0.2038,0.9985,0.0893,1.3586,-0.003678,0.0326,0.0037
3.235,FLIGHT,1.0069,1.4436,-0.2574,-2.6595,-0.1944,-2.4621,0.0122,-0.199,0.3416,-0.1865,0.9988,-1.1699,2.4902,-0.003502,0.0342,0.0035
3.24,FLIGHT,1.0048,1.4335,-0.4093,-2.1483,-0.7968,-1.3992,0.0133,-0.1997,0.2368,-0.151,0.9993,-1.1374,2.4498,-0.003225,0.0871,0.0032
3.245,FLIGHT,0.999,1.4293,-0.9464,-1.2089,-1.4651,-0.3425,0.0127,-0.2001,-0.0103,-0.0943,1.0001,-0.923,2.2665,-0.002658,0.1357,0.0027
3.25,FLIGHT,0.9905,1.4296,-1.4829,-0.3116,-1.9046,0.4061,0.011,-0.2002,-0.2509,-0.0379,1.0012,-0.6635,2.0516,-0.001908,0.1605,0.0019
3.255,FLIGHT,0.9804,1.4329,-1.8631,0.368,-2.1193,0.8652,0.0085,-0.2001,-0.4267,0.0104,1.0024,-0.4305,1.8611,-0.001086,0.1656,0.0011
3.26,FLIGHT,0.9696,1.4379,-2.0578,0.8051,-2.1546,1.0965,0.0056,-0.1998,-0.5282,0.0477,1.0038,-0.2481,1.7138,-0.000275,0.1572,0.0003
3.265,FLIGHT,0.959,1.4436,-2.0918,1.0368,-2.062,1.1689,0.0027,-0.1994,-0.5666,0.0732,1.0051,-0.1181,1.6101,0.000421,0.1101,0.0
3.27,FLIGHT,0.9491,1.4494,-2.0075,1.1183,-1.8928,1.1397,-0.0002,-0.199,-0.5594,0.0877,1.0065,-0.032,1.5429,0.000839,0.0604,0.0
3.275,FLIGHT,0.9402,1.4549,-1.8491,1.1005,-1.6851,1.0531,-0.0027,-0.1985,-0.5232,0.0933,1.0078,0.0212,1.5031,0.001052,0.027,0.0
3.28,FLIGHT,0.9323,1.4599,-1.6511,1.0245,-1.464,0.9402,-0.005,-0.1981,-0.4713,0.0923,1.0091,0.0511,1.4823,0.001129,0.0056,0.0
3.285,FLIGHT,0.9255,1.4643,-1.438,0.9205,-1.2457,0.8213,-0.0069,-0.1977,-0.413,0.087,1.0103,0.0655,1.4741,0.001121,-0.0075,0.0015
3.29,FLIGHT,0.9198,1.4681,-1.2259,0.8084,-1.0397,0.7084,-0.0086,-0.1973,-0.3543,0.0792,1.0115,0.07,1.4738,0.001063,-0.015,0.003
3.295,FLIGHT,0.9151,1.4714,-1.0246,0.7004,-0.8511,0.6078,-0.01,-0.197,-0.2988,0.0705,1.0127,0.0684,1.4781,0.000978,-0.0187,0.0037
3.3,FLIGHT,0.9113,1.4742,-0.8396,0.6032,-0.682,0.522,-0.0111,-0.1967,-0.2483,0.0618,1.0138,0.0634,1.4847,0.00088,-0.0199,0.004
3.305,FLIGHT,0.9082,1.4766,-0.6731,0.5197,-0.5326,0.4516,-0.0121,-0.1964,-0.2036,0.0537,1.0149,0.0567,1.4923,0.000782,-0.0195,0.0039
3.31,FLIGHT,0.9059,1.4787,-0.5257,0.4508,-0.4021,0.3954,-0.0128,-0.1962,-0.1649,0.0466,1.0159,0.0493,1.4999,0.000687,-0.0181,0.0036
3.315,FLIGHT,0.9042,1.4806,-0.3966,0.3956,-0.2889,0.352,-0.0134,-0.196,-0.1318,0.0405,1.0169,0.042,1.5072,0.000601,-0.0163,0.0033
3.32,FLIGHT,0.903,1.4823,-0.2846,0.3528,-0.1914,0.3195,-0.0139,-0.1959,-0.1039,0.0354,1.0179,0.0349,1.5139,0.000525,-0.0141,0.0028
3.325,FLIGHT,0.9023,1.4838,-0.188,0.3206,-0.1079,0.296,-0.0142,-0.1957,-0.0805,0.0314,1.0189,0.0284,1.52,0.00046,-0.012,0.0024
3.33,FLIGHT,0.9019,1.4852,-0.1051,0.2973,-0.0366,0.28,-0.0145,-0.1956,-0.061,0.0282,1.0198,0.0223,1.5253,0.000405,-0.0099,0.002
3.335,FLIGHT,0.9019,1.4866,-0.0344,0.2813,0.024,0.2698,-0.0147,-0.1955,-0.045,0.0258,1.0207,0.0169,1.53,0.000361,-0.008,0.0016
3.34,FLIGHT,0.9021,1.4879,0.0257,0.2711,0.0752,0.2642,-0.0148,-0.1953,-0.0318,0.0241,1.0216,0.012,1.5341,0.000325,-0.0064,0.0013
3.345,FLIGHT,0.9026,1.4893,0.0766,0.2655,0.1184,0.2621,-0.0149,-0.1952,-0.0211,0.0228,1.0224,0.0075,1.5377,0.000297,-0.005,0.001
3.35,FLIGHT,0.9033,1.4906,0.1194,0.2632,0.1545,0.2625,-0.0149,-0.1951,-0.0124,0.022,1.0233,0.0036,1.5408,0.000275,-0.0038,0.0008
3.355,FLIGHT,0.9041,1.4919,0.1553,0.2635,0.1847,0.2647,-0.0149,-0.195,-0.0055,0.0215,1.0241,-0.0,1.5436,0.000258,-0.0028,0.0006
3.36,FLIGHT,0.9051,1.4932,0.1852,0.2656,0.2096,0.2681,-0.0149,-0.1949,0.0001,0.0213,1.0249,-0.0032,1.546,0.000246,-0.0021,0.0004
3.365,FLIGHT,0.9062,1.4946,0.2099,0.2689,0.23,0.2723,-0.0149,-0.1948,0.0044,0.0212,1.0256,-0.0062,1.5482,0.000238,-0.0014,0.0003
3.37,FLIGHT,0.9074,1.4959,0.2302,0.2729,0.2465,0.2768,-0.0149,-0.1947,0.0078,0.0213,1.0264,-0.0088,1.5501,0.000232,-0.001,0.0002
3.375,FLIGHT,0.9087,1.4973,0.2466,0.2773,0.2597,0.2813,-0.0148,-0.1946,0.0104,0.0215,1.0271,-0.0112,1.5518,0.000228,-0.0006,0.0001
3.38,FLIGHT,0.91,1.4988,0.2596,0.2818,0.27,0.2857,-0.0147,-0.1945,0.0123,0.0217,1.0278,-0.0133,1.5534,0.000226,-0.0003,0.0001
3.385,FLIGHT,0.9114,1.5002,0.2699,0.286,0.2779,0.2897,-0.0147,-0.1944,0.0137,0.0219,1.0285,-0.0153,1.5548,0.000225,-0.0001,0.0
3.39,FLIGHT,0.9128,1.5016,0.2777,0.29,0.2837,0.2933,-0.0146,-0.1943,0.0146,0.0222,1.0292,-0.0171,1.5561,0.000224,0.0001,0.0
3.395,FLIGHT,0.9142,1.5031,0.2834,0.2935,0.2877,0.2964,-0.0145,-0.1942,0.0152,0.0225,1.0298,-0.0188,1.5573,0.000225,0.0002,0.0
3.4,FLIGHT,0.9157,1.5046,0.2873,0.2965,0.2901,0.2989,-0.0144,-0.194,0.0156,0.0227,1.0304,-0.0203,1.5584,0.000226,0.0002,0.0
3.405,FLIGHT,0.9171,1.5061,0.2897,0.2989,0.2913,0.3008,-0.0143,-0.1939,0.0157,0.0229,1.031,-0.0217,1.5595,0.000227,0.0003,0.0
3.41,FLIGHT,0.9186,1.5076,0.2908,0.3007,0.2913,0.3021,-0.0143,-0.1938,0.0156,0.0231,1.0316,-0.023,1.5604,0.000229,0.0003,0.0
3.415,FLIGHT,0.92,1.5091,0.2909,0.3019,0.2904,0.3028,-0.0142,-0.1937,0.0154,0.0232,1.0321,-0.0242,1.5614,0.00023,0.0003,0.0
3.42,FLIGHT,0.9215,1.5106,0.2899,0.3026,0.2888,0.3028,-0.0141,-0.1936,0.0151,0.0233,1.0327,-0.0253,1.5622,0.000231,0.0003,0.0
3.425,FLIGHT,0.9229,1.5122,0.2883,0.3026,0.2864,0.3023,-0.014,-0.1935,0.0148,0.0234,1.0332,-0.0263,1.5631,0.000233,0.0003,0.0
3.43,FLIGHT,0.9243,1.5137,0.2859,0.302,0.2836,0.3013,-0.014,-0.1933,0.0144,0.0234,1.0336,-0.0272,1.5639,0.000234,0.0002,0.0
3.435,FLIGHT,0.9258,1.5152,0.283,0.301,0.2802,0.2998,-0.0139,-0.1932,0.0139,0.0233,1.0341,-0.0281,1.5646,0.000235,0.0002,0.0
3.44,FLIGHT,0.9271,1.5167,0.2797,0.2994,0.2766,0.2978,-0.0138,-0.1931,0.0134,0.0233,1.0345,-0.029,1.5654,0.000236,0.0002,0.0
3.445,FLIGHT,0.9285,1.5181,0.276,0.2974,0.2726,0.2954,-0.0138,-0.193,0.013,0.0232,1.0349,-0.0298,1.5661,0.000237,0.0002,0.0
3.45,FLIGHT,0.9299,1.5196,0.272,0.2949,0.2683,0.2925,-0.0137,-0.1929,0.0125,0.023,1.0353,-0.0305,1.5668,0.000238,0.0001,0.0
3.455,FLIGHT,0.9312,1.5211,0.2678,0.2921,0.2639,0.2894,-0.0137,-0.1928,0.0121,0.0228,1.0357,-0.0312,1.5674,0.000238,0.0001,0.0
3.46,FLIGHT,0.9325,1.5225,0.2634,0.2889,0.2593,0.2859,-0.0136,-0.1927,0.0116,0.0226,1.036,-0.0319,1.5681,0.000239,0.0001,0.0
3.465,FLIGHT,0.9338,1.5239,0.2588,0.2854,0.2547,0.2821,-0.0135,-0.1925,0.0112,0.0224,1.0363,-0.0325,1.5687,0.000239,0.0001,0.0
3.47,FLIGHT,0.9351,1.5253,0.2541,0.2816,0.2499,0.2781,-0.0135,-0.1924,0.0108,0.0221,1.0366,-0.0331,1.5693,0.000239,0.0,0.0
3.475,FLIGHT,0.9363,1.5267,0.2494,0.2776,0.2451,0.2739,-0.0134,-0.1923,0.0104,0.0218,1.0368,-0.0337,1.5699,0.000239,0.0,0.0
3.48,FLIGHT,0.9375,1.5281,0.2446,0.2734,0.2403,0.2695,-0.0134,-0.1922,0.01,0.0215,1.0371,-0.0342,1.5705,0.000239,-0.0,0.0
3.485,FLIGHT,0.9387,1.5294,0.2398,0.269,0.2355,0.2649,-0.0133,-0.1921,0.0097,0.0212,1.0373,-0.0348,1.5711,0.000239,-0.0,0.0
3.49,FLIGHT,0.9399,1.5307,0.235,0.2644,0.2307,0.2603,-0.0133,-0.192,0.0093,0.0209,1.0375,-0.0353,1.5716,0.000239,-0.0,0.0
3.495,FLIGHT,0.941,1.532,0.2302,0.2597,0.2259,0.2555,-0.0132,-0.1919,0.009,0.0205,1.0376,-0.0358,1.5722,0.000239,-0.0,0.0
3.5,FLIGHT,0.9421,1.5333,0.2254,0.2549,0.2212,0.2506,-0.0132,-0.1918,0.0087,0.0202,1.0378,-0.0362,1.5727,0.000239,-0.0001,0.0
3.505,FLIGHT,0.9432,1.5345,0.2207,0.2501,0.2165,0.2457,-0.0132,-0.1917,0.0085,0.0198,1.0379,-0.0367,1.5732,0.000238,-0.0001,0.0
3.51,FLIGHT,0.9443,1.5357,0.216,0.2451,0.2119,0.2407,-0.0131,-0.1916,0.0082,0.0194,1.038,-0.0371,1.5737,0.000238,-0.0001,0.0
3.515,FLIGHT,0.9453,1.5369,0.2114,0.2402,0.2073,0.2357,-0.0131,-0.1915,0.008,0.0191,1.038,-0.0375,1.5742,0.000238,-0.0001,0.0
3.52,FLIGHT,0.9464,1.5381,0.2069,0.2352,0.2028,0.2307,-0.013,-0.1914,0.0078,0.0187,1.0381,-0.0379,1.5747,0.000237,-0.0001,0.0
3.525,FLIGHT,0.9474,1.5392,0.2024,0.2302,0.1984,0.2257,-0.013,-0.1913,0.0076,0.0183,1.0381,-0.0383,1.5752,0.000237,-0.0001,0.0
3.53,FLIGHT,0.9483,1.5403,0.198,0.2252,0.194,0.2207,-0.013,-0.1912,0.0074,0.0179,1.0381,-0.0387,1.5757,0.000236,-0.0001,0.0
3.535,FLIGHT,0.9493,1.5414,0.1936,0.2202,0.1898,0.2157,-0.0129,-0.1912,0.0072,0.0175,1.0381,-0.0391,1.5761,0.000236,-0.0001,0.0
3.54,FLIGHT,0.9502,1.5425,0.1894,0.2152,0.1856,0.2108,-0.0129,-0.1911,0.0071,0.0171,1.038,-0.0394,1.5766,0.000236,-0.0001,0.0
3.545,FLIGHT,0.9512,1.5435,0.1852,0.2103,0.1815,0.2059,-0.0129,-0.191,0.0069,0.0168,1.0379,-0.0398,1.577,0.000235,-0.0001,0.0
3.55,FLIGHT,0.9521,1.5446,0.1811,0.2055,0.1774,0.2011,-0.0128,-0.1909,0.0068,0.0164,1.0378,-0.0401,1.5774,0.000235,-0.0001,0.0
3.555,FLIGHT,0.9529,1.5456,0.1771,0.2006,0.1735,0.1963,-0.0128,-0.1908,0.0067,0.016,1.0377,-0.0404,1.5779,0.000234,-0.0001,0.0
3.56,FLIGHT,0.9538,1.5465,0.1731,0.1959,0.1696,0.1916,-0.0128,-0.1908,0.0065,0.0156,1.0376,-0.0407,1.5783,0.000234,-0.0001,0.0
3.565,FLIGHT,0.9546,1.5475,0.1693,0.1912,0.1659,0.187,-0.0127,-0.1907,0.0064,0.0153,1.0374,-0.0411,1.5787,0.000233,-0.0001,0.0
3.57,FLIGHT,0.9555,1.5484,0.1655,0.1866,0.1622,0.1825,-0.0127,-0.1906,0.0063,0.0149,1.0372,-0.0414,1.5791,0.000233,-0.0001,0.0
3.575,FLIGHT,0.9563,1.5493,0.1618,0.182,0.1586,0.178,-0.0127,-0.1905,0.0062,0.0145,1.037,-0.0417,1.5794,0.000232,-0.0001,0.0
3.58,FLIGHT,0.957,1.5502,0.1582,0.1775,0.155,0.1736,-0.0126,-0.1905,0.0061,0.0142,1.0368,-0.0419,1.5798,0.000232,-0.0001,0.0
3.585,FLIGHT,0.9578,1.551,0.1547,0.1731,0.1516,0.1692,-0.0126,-0.1904,0.0061,0.0138,1.0365,-0.0422,1.5802,0.000231,-0.0001,0.0
3.59,FLIGHT,0.9586,1.5519,0.1513,0.1688,0.1482,0.165,-0.0126,-0.1903,0.006,0.0135,1.0363,-0.0425,1.5805,0.000231,-0.0001,0.0
3.595,FLIGHT,0.9593,1.5527,0.1479,0.1646,0.1449,0.1609,-0.0126,-0.1903,0.0059,0.0131,1.036,-0.0428,1.5809,0.00023,-0.0001,0.0
3.6,FLIGHT,0.96,1.5535,0.1446,0.1605,0.1417,0.1568,-0.0125,-0.1902,0.0058,0.0128,1.0356,-0.043,1.5812,0.00023,-0.0001,0.0
3.605,FLIGHT,0.9607,1.5543,0.1414,0.1564,0.1385,0.1528,-0.0125,-0.1901,0.0057,0.0125,1.0353,-0.0433,1.5816,0.000229,-0.0001,0.0
3.61,FLIGHT,0.9614,1.555,0.1383,0.1524,0.1355,0.1489,-0.0125,-0.1901,0.0057,0.0122,1.0349,-0.0435,1.5819,0.000229,-0.0001,0.0
3.615,FLIGHT,0.9621,1.5557,0.1352,0.1486,0.1325,0.1451,-0.0124,-0.19,0.0056,0.0119,1.0346,-0.0438,1.5822,0.000228,-0.0001,0.0
3.62,FLIGHT,0.9627,1.5565,0.1322,0.1448,0.1295,0.1414,-0.0124,-0.19,0.0055,0.0116,1.0341,-0.044,1.5825,0.000228,-0.0001,0.0
3.625,FLIGHT,0.9634,1.5572,0.1293,0.1411,0.1267,0.1378,-0.0124,-0.1899,0.0055,0.0113,1.0337,-0.0442,1.5828,0.000228,-0.0001,0.0
3.63,FLIGHT,0.964,1.5578,0.1264,0.1375,0.1239,0.1342,-0.0124,-0.1899,0.0054,0.011,1.0333,-0.0445,1.5831,0.000227,-0.0001,0.0
3.635,FLIGHT,0.9646,1.5585,0.1236,0.1339,0.1211,0.1308,-0.0123,-0.1898,0.0054,0.0107,1.0328,-0.0447,1.5834,0.000227,-0.0001,0.0
3.64,FLIGHT,0.9652,1.5591,0.1209,0.1305,0.1185,0.1274,-0.0123,-0.1897,0.0053,0.0104,1.0323,-0.0449,1.5837,0.000226,-0.0001,0.0
3.645,FLIGHT,0.9658,1.5598,0.1182,0.1271,0.1159,0.1241,-0.0123,-0.1897,0.0053,0.0101,1.0318,-0.0451,1.584,0.000226,-0.0001,0.0
3.65,FLIGHT,0.9664,1.5604,0.1156,0.1238,0.1133,0.1209,-0.0123,-0.1896,0.0052,0.0099,1.0313,-0.0453,1.5842,0.000226,-0.0001,0.0
3.655,FLIGHT,0.9669,1.561,0.1131,0.1206,0.1108,0.1178,-0.0122,-0.1896,0.0051,0.0096,1.0308,-0.0455,1.5845,0.000225,-0.0001,0.0
3.66,FLIGHT,0.9675,1.5616,0.1106,0.1175,0.1084,0.1148,-0.0122,-0.1896,0.0051,0.0094,1.0302,-0.0457,1.5848,0.000225,-0.0001,0.0
3.665,FLIGHT,0.968,1.5621,0.1082,0.1145,0.106,0.1118,-0.0122,-0.1895,0.005,0.0091,1.0296,-0.0459,1.585,0.000225,-0.0001,0.0
3.67,FLIGHT,0.9685,1.5627,0.1058,0.1115,0.1037,0.1089,-0.0122,-0.1895,0.005,0.0089,1.029,-0.0461,1.5853,0.000224,-0.0001,0.0
3.675,FLIGHT,0.969,1.5632,0.1035,0.1086,0.1014,0.1061,-0.0121,-0.1894,0.0049,0.0087,1.0284,-0.0463,1.5855,0.000224,-0.0001,0.0
3.68,FLIGHT,0.9695,1.5637,0.1012,0.1058,0.0992,0.1034,-0.0121,-0.1894,0.0049,0.0084,1.0278,-0.0465,1.5857,0.000224,-0.0001,0.0
3.685,FLIGHT,0.97,1.5643,0.099,0.1031,0.0971,0.1007,-0.0121,-0.1893,0.0048,0.0082,1.0271,-0.0467,1.586,0.000223,-0.0001,0.0
3.69,FLIGHT,0.9705,1.5647,0.0969,0.1004,0.0949,0.0981,-0.0121,-0.1893,0.0048,0.008,1.0264,-0.0469,1.5862,0.000223,-0.0001,0.0
3.695,FLIGHT,0.971,1.5652,0.0947,0.0979,0.0929,0.0956,-0.012,-0.1893,0.0047,0.0078,1.0257,-0.047,1.5864,0.000223,-0.0001,0.0
3.7,FLIGHT,0.9714,1.5657,0.0927,0.0953,0.0909,0.0931,-0.012,-0.1892,0.0047,0.0076,1.025,-0.0472,1.5866,0.000222,-0.0001,0.0
3.705,FLIGHT,0.9719,1.5662,0.0907,0.0929,0.0889,0.0907,-0.012,-0.1892,0.0046,0.0074,1.0243,-0.0474,1.5868,0.000222,-0.0001,0.0
3.71,FLIGHT,0.9723,1.5666,0.0887,0.0905,0.0869,0.0884,-0.012,-0.1892,0.0046,0.0072,1.0236,-0.0475,1.587,0.000222,-0.0,0.0
3.715,FLIGHT,0.9728,1.567,0.0868,0.0882,0.0851,0.0861,-0.0119,-0.1891,0.0045,0.007,1.0228,-0.0477,1.5873,0.000222,-0.0,0.0
3.72,FLIGHT,0.9732,1.5675,0.0849,0.0859,0.0832,0.0839,-0.0119,-0.1891,0.0044,0.0068,1.022,-0.0479,1.5875,0.000221,-0.0,0.0
3.725,FLIGHT,0.9736,1.5679,0.083,0.0837,0.0814,0.0818,-0.0119,-0.189,0.0044,0.0067,1.0212,-0.048,1.5876,0.000221,-0.0,0.0
3.73,FLIGHT,0.974,1.5683,0.0812,0.0816,0.0796,0.0797,-0.0119,-0.189,0.0043,0.0065,1.0204,-0.0482,1.5878,0.000221,-0.0,0.0
3.735,FLIGHT,0.9744,1.5687,0.0795,0.0795,0.0779,0.0777,-0.0119,-0.189,0.0043,0.0063,1.0196,-0.0483,1.588,0.000221,-0.0,0.0
3.74,FLIGHT,0.9748,1.5691,0.0777,0.0775,0.0762,0.0757,-0.0118,-0.189,0.0042,0.0062,1.0187,-0.0485,1.5882,0.000221,-0.0,0.0
3.745,FLIGHT,0.9751,1.5694,0.0761,0.0756,0.0746,0.0738,-0.0118,-0.1889,0.0042,0.006,1.0179,-0.0486,1.5884,0.00022,-0.0,0.0
3.75,FLIGHT,0.9755,1.5698,0.0744,0.0737,0.0729,0.072,-0.0118,-0.1889,0.0041,0.0058,1.017,-0.0488,1.5886,0.00022,-0.0,0.0
3.755,FLIGHT,0.9759,1.5702,0.0728,0.0718,0.0713,0.0702,-0.0118,-0.1889,0.004,0.0057,1.0161,-0.0489,1.5887,0.00022,-0.0,0.0
3.76,FLIGHT,0.9762,1.5705,0.0712,0.07,0.0698,0.0684,-0.0117,-0.1888,0.004,0.0056,1.0152,-0.0491,1.5889,0.00022,-0.0,0.0
3.765,FLIGHT,0.9766,1.5708,0.0696,0.0683,0.0683,0.0667,-0.0117,-0.1888,0.0039,0.0054,1.0143,-0.0492,1.5891,0.00022,-0.0,0.0
3.77,FLIGHT,0.9769,1.5712,0.0681,0.0666,0.0668,0.0651,-0.0117,-0.1888,0.0039,0.0053,1.0133,-0.0493,1.5892,0.00022,-0.0,0.0
3.775,FLIGHT,0.9772,1.5715,0.0666,0.0649,0.0653,0.0635,-0.0117,-0.1888,0.0038,0.0051,1.0124,-0.0495,1.5894,0.000219,-0.0,0.0
3.78,FLIGHT,0.9776,1.5718,0.0652,0.0633,0.0639,0.0619,-0.0117,-0.1887,0.0037,0.005,1.0114,-0.0496,1.5895,0.000219,-0.0,0.0
3.785,FLIGHT,0.9779,1.5721,0.0637,0.0617,0.0625,0.0604,-0.0117,-0.1887,0.0037,0.0049,1.0104,-0.0497,1.5897,0.000219,-0.0,0.0
3.79,FLIGHT,0.9782,1.5724,0.0623,0.0602,0.0611,0.0589,-0.0116,-0.1887,0.0036,0.0048,1.0094,-0.0499,1.5899,0.000219,-0.0,0.0
3.795,FLIGHT,0.9785,1.5727,0.061,0.0588,0.0597,0.0575,-0.0116,-0.1887,0.0036,0.0047,1.0084,-0.05,1.59,0.000219,-0.0,0.0
3.8,FLIGHT,0.9788,1.573,0.0596,0.0573,0.0584,0.0561,-0.0116,-0.1886,0.0035,0.0045,1.0074,-0.0501,1.5901,0.000219,-0.0,0.0
3.805,FLIGHT,0.9791,1.5733,0.0583,0.0559,0.0571,0.0547,-0.0116,-0.1886,0.0034,0.0044,1.0063,-0.0503,1.5903,0.000219,-0.0,0.0
3.81,FLIGHT,0.9794,1.5735,0.057,0.0546,0.0558,0.0534,-0.0116,-0.1886,0.0034,0.0043,1.0052,-0.0504,1.5904,0.000218,-0.0,0.0
3.815,FLIGHT,0.9796,1.5738,0.0557,0.0533,0.0546,0.0521,-0.0116,-0.1886,0.0033,0.0042,1.0042,-0.0505,1.5906,0.000218,-0.0,0.0
3.82,FLIGHT,0.9799,1.5741,0.0545,0.052,0.0534,0.0509,-0.0115,-0.1886,0.0032,0.0041,1.0031,-0.0506,1.5907,0.000218,-0.0,0.0
3.825,FLIGHT,0.9802,1.5743,0.0532,0.0508,0.0522,0.0497,-0.0115,-0.1885,0.0032,0.004,1.002,-0.0507,1.5908,0.000218,-0.0,0.0
3.83,FLIGHT,0.9804,1.5746,0.052,0.0496,0.051,0.0485,-0.0115,-0.1885,0.0031,0.0039,1.0009,-0.0509,1.591,0.000218,-0.0,0.0
3.835,STANCE,0.9807,1.5748,0.0509,0.0484,0.0762,0.083,-0.0115,-0.1885,0.003,0.0038,0.9998,0.146,-0.0294,0.000218,-0.0232,0.0046
3.84,STANCE,0.9834,1.5754,0.4371,0.0738,1.0178,-0.1422,-0.0111,-0.1885,0.0724,0.0019,0.9989,-0.0586,-0.6294,-0.000942,-0.3583,0.0726
3.845,STANCE,0.9901,1.5726,1.0803,-0.3957,1.1738,-0.6799,-0.0094,-0.1888,0.2578,-0.0457,0.9981,-0.5596,-1.039,-0.002882,-0.3004,0.063
3.85,STANCE,0.9926,1.5713,0.6368,-0.2748,0.1886,-0.0643,-0.0088,-0.1889,0.1578,-0.0301,0.998,-0.6942,-1.6363,-0.003475,-0.0084,0.0052
3.855,STANCE,0.9939,1.5703,0.3948,-0.2456,0.4087,-0.4312,-0.0084,-0.189,0.1082,-0.0251,0.9982,-0.9121,-2.0848,-0.003313,0.0584,0.0033
3.86,STANCE,0.9965,1.5651,0.4835,-0.8626,0.5918,-1.6699,-0.0072,-0.1895,0.2101,-0.0792,0.9983,-1.2554,-2.0712,-0.00284,0.1334,0.0028
3.865,STANCE,1.0011,1.5557,0.8022,-1.6114,0.99,-2.6083,-0.005,-0.1904,0.376,-0.1424,0.9983,-1.658,-1.7645,-0.002819,-0.0484,0.0125
3.87,STANCE,1.0065,1.5426,0.9843,-2.2914,0.9521,-2.6924,-0.0022,-0.1915,0.5096,-0.1929,0.9982,-1.9218,-1.2629,-0.003209,-0.0271,0.0086
3.875,STANCE,1.0106,1.5286,0.8651,-2.6343,0.7201,-2.9081,0.0006,-0.1926,0.5398,-0.2121,0.9982,-1.9054,-0.7509,-0.003236,-0.0428,0.0118
3.88,STANCE,1.0133,1.5131,0.6243,-2.9706,0.3842,-3.2032,0.0033,-0.1939,0.546,-0.23,0.9981,-1.6708,-0.1438,-0.003561,-0.088,0.0212
3.885,STANCE,1.0144,1.4971,0.3378,-3.1069,0.0249,-3.1869,0.0058,-0.1951,0.5145,-0.2331,0.998,-1.2565,0.412,-0.003885,-0.02,0.0079
3.89,STANCE,1.014,1.4818,0.04,-3.0737,-0.2951,-3.1064,0.008,-0.1962,0.4551,-0.2256,0.998,-0.7269,0.8652,-0.004128,-0.0161,0.0073
3.895,STANCE,1.0125,1.4672,-0.1964,-2.9532,-0.3864,-2.8547,0.0098,-0.1973,0.3937,-0.2134,0.998,-0.2054,1.1963,-0.004341,-0.0246,0.0093
3.9,STANCE,1.0104,1.4532,-0.3477,-2.837,-0.4043,-2.7017,0.0115,-0.1983,0.3489,-0.2022,0.9981,0.168,1.3914,-0.004346,0.0128,0.0043
3.905,FLIGHT,1.0088,1.4404,-0.3163,-2.6402,-0.218,-2.4338,0.013,-0.1992,0.3279,-0.1842,0.9984,-1.1717,2.4907,-0.004276,0.0129,0.0043
3.91,FLIGHT,1.0057,1.4314,-0.565,-1.9964,-1.0003,-1.1848,0.0138,-0.1999,0.1835,-0.1422,0.9989,-1.1021,2.42,-0.004029,0.083,0.004
3.915,FLIGHT,0.9991,1.4281,-1.116,-1.0367,-1.6205,-0.1848,0.0129,-0.2002,-0.0697,-0.0847,0.9997,-0.869,2.2226,-0.003484,0.1308,0.0035
3.92,FLIGHT,0.9899,1.429,-1.6217,-0.1732,-2.0069,0.5039,0.0109,-0.2002,-0.2992,-0.0298,1.0008,-0.6105,2.0092,-0.002762,0.1545,0.0028
3.925,FLIGHT,0.9794,1.4327,-1.9586,0.4586,-2.1757,0.9132,0.0083,-0.2001,-0.4591,0.0165,1.002,-0.3862,1.8263,-0.001971,0.1592,0.002
3.93,FLIGHT,0.9684,1.4378,-2.1126,0.8517,-2.1762,1.1079,0.0054,-0.1998,-0.5459,0.0515,1.0033,-0.2144,1.6877,-0.001191,0.1512,0.0012
3.935,FLIGHT,0.9578,1.4435,-2.115,1.0493,-2.0622,1.1551,0.0024,-0.1994,-0.573,0.0747,1.0046,-0.0934,1.5916,-0.000471,0.1363,0.0005
3.94,FLIGHT,0.9479,1.4492,-2.0095,1.1066,-1.8787,1.111,-0.0004,-0.199,-0.558,0.0874,1.0058,-0.0143,1.5303,0.000161,0.1094,0.0
3.945,FLIGHT,0.9391,1.4545,-1.8355,1.0745,-1.6598,1.018,-0.0029,-0.1985,-0.5168,0.0916,1.0071,0.033,1.4952,0.000585,0.063,0.0
3.95,FLIGHT,0.9313,1.4593,-1.627,0.9917,-1.4327,0.9039,-0.0051,-0.1981,-0.462,0.0897,1.0083,0.0587,1.4779,0.000815,0.0311,0.0
3.955,FLIGHT,0.9247,1.4636,-1.4079,0.8859,-1.2119,0.7868,-0.007,-0.1977,-0.4023,0.084,1.0095,0.07,1.4721,0.000915,0.0103,0.0
3.96,FLIGHT,0.9192,1.4672,-1.1932,0.7752,-1.0059,0.6776,-0.0086,-0.1974,-0.3434,0.0761,1.0107,0.0724,1.4732,0.000932,-0.0026,0.0005
3.965,FLIGHT,0.9146,1.4704,-0.9917,0.6705,-0.8187,0.5814,-0.0099,-0.1971,-0.2883,0.0675,1.0118,0.0696,1.4784,0.000898,-0.0102,0.002
3.97,FLIGHT,0.911,1.4731,-0.8078,0.5775,-0.6518,0.5004,-0.011,-0.1968,-0.2386,0.0591,1.0128,0.0639,1.4854,0.000835,-0.0142,0.0028
3.975,FLIGHT,0.9081,1.4754,-0.6434,0.4986,-0.5049,0.4345,-0.0119,-0.1965,-0.195,0.0513,1.0139,0.0568,1.4931,0.00076,-0.0157,0.0031
3.98,FLIGHT,0.9059,1.4774,-0.4983,0.4341,-0.3769,0.3825,-0.0126,-0.1963,-0.1574,0.0446,1.0148,0.0493,1.5008,0.000681,-0.0157,0.0031
3.985,FLIGHT,0.9043,1.4792,-0.3717,0.3829,-0.2661,0.3427,-0.0132,-0.1962,-0.1253,0.0388,1.0158,0.0418,1.508,0.000604,-0.0148,0.003
3.99,FLIGHT,0.9032,1.4809,-0.262,0.3437,-0.1708,0.3133,-0.0136,-0.196,-0.0983,0.0342,1.0167,0.0348,1.5146,0.000534,-0.0133,0.0027
3.995,FLIGHT,0.9026,1.4824,-0.1675,0.3146,-0.0893,0.2925,-0.014,-0.1959,-0.0757,0.0304,1.0176,0.0283,1.5205,0.000472,-0.0116,0.0023
4.0,FLIGHT,0.9023,1.4838,-0.0867,0.2939,-0.0198,0.2787,-0.0142,-0.1957,-0.057,0.0275,1.0185,0.0223,1.5257,0.000418,-0.0098,0.002
4.005,FLIGHT,0.9023,1.4852,-0.0177,0.2801,0.0392,0.2703,-0.0144,-0.1956,-0.0416,0.0254,1.0194,0.017,1.5302,0.000374,-0.0081,0.0016
4.01,FLIGHT,0.9027,1.4865,0.0409,0.2717,0.089,0.2662,-0.0145,-0.1955,-0.029,0.0238,1.0202,0.0121,1.5342,0.000337,-0.0065,0.0013
4.015,FLIGHT,0.9032,1.4878,0.0904,0.2674,0.131,0.2652,-0.0146,-0.1954,-0.0187,0.0227,1.021,0.0077,1.5377,0.000308,-0.0052,0.001
4.02,FLIGHT,0.904,1.4892,0.132,0.2664,0.1661,0.2666,-0.0146,-0.1953,-0.0104,0.0221,1.0218,0.0038,1.5408,0.000285,-0.004,0.0008
4.025,FLIGHT,0.9049,1.4905,0.1668,0.2676,0.1953,0.2695,-0.0146,-0.1952,-0.0038,0.0217,1.0226,0.0003,1.5435,0.000268,-0.0031,0.0006
4.03,FLIGHT,0.9059,1.4919,0.1958,0.2704,0.2194,0.2735,-0.0146,-0.1951,0.0015,0.0215,1.0233,-0.0029,1.5459,0.000254,-0.0023,0.0005
4.035,FLIGHT,0.9071,1.4933,0.2197,0.2743,0.239,0.2781,-0.0146,-0.1949,0.0056,0.0215,1.024,-0.0058,1.548,0.000245,-0.0016,0.0003
4.04,FLIGHT,0.9083,1.4947,0.2392,0.2787,0.2549,0.2829,-0.0145,-0.1948,0.0088,0.0217,1.0247,-0.0084,1.5499,0.000238,-0.0011,0.0002
4.045,FLIGHT,0.9096,1.4961,0.255,0.2834,0.2676,0.2876,-0.0144,-0.1947,0.0112,0.0219,1.0254,-0.0108,1.5516,0.000233,-0.0007,0.0001
4.05,FLIGHT,0.911,1.4975,0.2675,0.2881,0.2774,0.2922,-0.0144,-0.1946,0.0129,0.0221,1.0261,-0.013,1.5532,0.00023,-0.0004,0.0001
4.055,FLIGHT,0.9124,1.499,0.2772,0.2925,0.2848,0.2963,-0.0143,-0.1945,0.0142,0.0224,1.0267,-0.0149,1.5546,0.000228,-0.0002,0.0
4.06,FLIGHT,0.9138,1.5005,0.2846,0.2966,0.2902,0.3,-0.0142,-0.1944,0.0151,0.0227,1.0274,-0.0167,1.5559,0.000228,-0.0,0.0
4.065,FLIGHT,0.9153,1.502,0.2899,0.3001,0.2938,0.303,-0.0141,-0.1943,0.0156,0.023,1.028,-0.0184,1.5571,0.000228,0.0001,0.0
4.07,FLIGHT,0.9168,1.5035,0.2934,0.3031,0.2959,0.3055,-0.0141,-0.1942,0.0158,0.0232,1.0285,-0.0199,1.5582,0.000228,0.0002,0.0
4.075,FLIGHT,0.9182,1.5051,0.2955,0.3055,0.2968,0.3073,-0.014,-0.194,0.0159,0.0234,1.0291,-0.0213,1.5593,0.000229,0.0002,0.0
4.08,FLIGHT,0.9197,1.5066,0.2963,0.3072,0.2966,0.3085,-0.0139,-0.1939,0.0158,0.0236,1.0296,-0.0226,1.5602,0.00023,0.0002,0.0
4.085,FLIGHT,0.9212,1.5081,0.2961,0.3084,0.2954,0.3091,-0.0138,-0.1938,0.0155,0.0237,1.0301,-0.0238,1.5612,0.000232,0.0002,0.0
4.09,FLIGHT,0.9227,1.5097,0.2949,0.3089,0.2935,0.3091,-0.0138,-0.1937,0.0152,0.0238,1.0306,-0.0249,1.562,0.000233,0.0002,0.0
4.095,FLIGHT,0.9241,1.5112,0.293,0.3088,0.291,0.3085,-0.0137,-0.1936,0.0148,0.0239,1.0311,-0.0259,1.5629,0.000234,0.0002,0.0
4.1,FLIGHT,0.9256,1.5128,0.2905,0.3081,0.2879,0.3073,-0.0136,-0.1934,0.0144,0.0239,1.0315,-0.0269,1.5637,0.000235,0.0002,0.0
4.105,FLIGHT,0.927,1.5143,0.2874,0.307,0.2844,0.3056,-0.0135,-0.1933,0.0139,0.0238,1.0319,-0.0278,1.5644,0.000236,0.0002,0.0
4.11,FLIGHT,0.9284,1.5158,0.2839,0.3053,0.2805,0.3035,-0.0135,-0.1932,0.0134,0.0238,1.0323,-0.0286,1.5652,0.000237,0.0002,0.0
4.115,FLIGHT,0.9298,1.5173,0.28,0.3031,0.2764,0.301,-0.0134,-0.1931,0.0129,0.0236,1.0327,-0.0294,1.5659,0.000238,0.0001,0.0
4.12,FLIGHT,0.9312,1.5188,0.2758,0.3005,0.272,0.298,-0.0134,-0.193,0.0125,0.0235,1.033,-0.0301,1.5666,0.000238,0.0001,0.0
4.125,FLIGHT,0.9325,1.5203,0.2714,0.2975,0.2674,0.2947,-0.0133,-0.1929,0.012,0.0233,1.0333,-0.0309,1.5673,0.000239,0.0001,0.0
4.13,FLIGHT,0.9339,1.5218,0.2669,0.2942,0.2627,0.2911,-0.0132,-0.1927,0.0115,0.0231,1.0336,-0.0315,1.5679,0.000239,0.0001,0.0
4.135,FLIGHT,0.9352,1.5232,0.2622,0.2906,0.2579,0.2872,-0.0132,-0.1926,0.0111,0.0228,1.0339,-0.0322,1.5686,0.00024,0.0,0.0
4.14,FLIGHT,0.9364,1.5247,0.2574,0.2867,0.253,0.2831,-0.0131,-0.1925,0.0107,0.0226,1.0341,-0.0328,1.5692,0.00024,0.0,0.0
4.145,FLIGHT,0.9377,1.5261,0.2525,0.2825,0.2481,0.2787,-0.0131,-0.1924,0.0103,0.0223,1.0344,-0.0334,1.5698,0.00024,0.0,0.0
4.15,FLIGHT,0.9389,1.5274,0.2476,0.2782,0.2432,0.2742,-0.013,-0.1923,0.0099,0.0219,1.0346,-0.0339,1.5704,0.00024,-0.0,0.0
4.155,FLIGHT,0.9401,1.5288,0.2427,0.2736,0.2383,0.2695,-0.013,-0.1922,0.0095,0.0216,1.0347,-0.0344,1.571,0.00024,-0.0,0.0
4.16,FLIGHT,0.9413,1.5301,0.2377,0.269,0.2333,0.2647,-0.0129,-0.1921,0.0092,0.0213,1.0349,-0.035,1.5716,0.00024,-0.0,0.0
4.165,FLIGHT,0.9425,1.5314,0.2328,0.2641,0.2285,0.2598,-0.0129,-0.192,0.0089,0.0209,1.035,-0.0354,1.5721,0.000239,-0.0,0.0
4.17,FLIGHT,0.9436,1.5327,0.228,0.2592,0.2236,0.2548,-0.0129,-0.1919,0.0086,0.0206,1.0351,-0.0359,1.5727,0.000239,-0.0001,0.0
4.175,FLIGHT,0.9447,1.534,0.2231,0.2543,0.2188,0.2498,-0.0128,-0.1918,0.0083,0.0202,1.0352,-0.0364,1.5732,0.000239,-0.0001,0.0
4.18,FLIGHT,0.9458,1.5352,0.2184,0.2492,0.2141,0.2447,-0.0128,-0.1917,0.0081,0.0198,1.0352,-0.0368,1.5737,0.000238,-0.0001,0.0
4.185,FLIGHT,0.9468,1.5364,0.2137,0.2441,0.2095,0.2396,-0.0127,-0.1916,0.0079,0.0194,1.0353,-0.0372,1.5742,0.000238,-0.0001,0.0
4.19,FLIGHT,0.9479,1.5376,0.209,0.239,0.2049,0.2345,-0.0127,-0.1915,0.0076,0.019,1.0353,-0.0376,1.5747,0.000238,-0.0001,0.0
4.195,FLIGHT,0.9489,1.5388,0.2044,0.2339,0.2004,0.2294,-0.0127,-0.1914,0.0074,0.0186,1.0353,-0.038,1.5752,0.000237,-0.0001,0.0
4.2,FLIGHT,0.9499,1.5399,0.1999,0.2288,0.1959,0.2243,-0.0126,-0.1913,0.0072,0.0182,1.0352,-0.0384,1.5757,0.000237,-0.0001,0.0
4.205,FLIGHT,0.9508,1.541,0.1955,0.2238,0.1916,0.2192,-0.0126,-0.1912,0.0071,0.0178,1.0352,-0.0388,1.5761,0.000236,-0.0001,0.0
4.21,FLIGHT,0.9518,1.5421,0.1912,0.2187,0.1873,0.2142,-0.0126,-0.1911,0.0069,0.0174,1.0351,-0.0392,1.5766,0.000236,-0.0001,0.0
4.215,FLIGHT,0.9527,1.5432,0.1869,0.2137,0.1831,0.2092,-0.0125,-0.191,0.0068,0.0171,1.035,-0.0395,1.577,0.000235,-0.0001,0.0
4.22,FLIGHT,0.9536,1.5442,0.1827,0.2087,0.179,0.2043,-0.0125,-0.191,0.0066,0.0167,1.0348,-0.0399,1.5775,0.000235,-0.0001,0.0
4.225,FLIGHT,0.9545,1.5452,0.1786,0.2038,0.175,0.1995,-0.0125,-0.1909,0.0065,0.0163,1.0347,-0.0402,1.5779,0.000234,-0.0001,0.0
4.23,FLIGHT,0.9554,1.5462,0.1746,0.199,0.1711,0.1947,-0.0124,-0.1908,0.0064,0.0159,1.0345,-0.0405,1.5783,0.000234,-0.0001,0.0
4.235,FLIGHT,0.9562,1.5472,0.1707,0.1942,0.1672,0.19,-0.0124,-0.1907,0.0063,0.0155,1.0343,-0.0408,1.5787,0.000233,-0.0001,0.0
4.24,FLIGHT,0.957,1.5481,0.1669,0.1895,0.1635,0.1853,-0.0124,-0.1907,0.0062,0.0152,1.0341,-0.0411,1.5791,0.000233,-0.0001,0.0
4.245,FLIGHT,0.9579,1.549,0.1631,0.1849,0.1598,0.1808,-0.0123,-0.1906,0.0061,0.0148,1.0338,-0.0414,1.5795,0.000232,-0.0001,0.0
4.25,FLIGHT,0.9586,1.5499,0.1594,0.1803,0.1562,0.1763,-0.0123,-0.1905,0.006,0.0144,1.0336,-0.0417,1.5799,0.000232,-0.0001,0.0
4.255,FLIGHT,0.9594,1.5508,0.1558,0.1759,0.1527,0.1719,-0.0123,-0.1904,0.0059,0.0141,1.0333,-0.042,1.5802,0.000231,-0.0001,0.0
4.26,FLIGHT,0.9602,1.5516,0.1523,0.1715,0.1492,0.1676,-0.0122,-0.1904,0.0058,0.0137,1.033,-0.0423,1.5806,0.000231,-0.0001,0.0
4.265,FLIGHT,0.9609,1.5525,0.1489,0.1672,0.1459,0.1634,-0.0122,-0.1903,0.0057,0.0134,1.0327,-0.0426,1.581,0.00023,-0.0001,0.0
4.27,FLIGHT,0.9616,1.5533,0.1455,0.163,0.1426,0.1593,-0.0122,-0.1902,0.0056,0.013,1.0323,-0.0428,1.5813,0.00023,-0.0001,0.0
4.275,FLIGHT,0.9623,1.554,0.1423,0.1589,0.1394,0.1552,-0.0122,-0.1902,0.0056,0.0127,1.0319,-0.0431,1.5816,0.000229,-0.0001,0.0
4.28,FLIGHT,0.963,1.5548,0.1391,0.1548,0.1362,0.1513,-0.0121,-0.1901,0.0055,0.0124,1.0315,-0.0433,1.582,0.000229,-0.0001,0.0
4.285,FLIGHT,0.9637,1.5556,0.1359,0.1509,0.1332,0.1474,-0.0121,-0.1901,0.0054,0.0121,1.0311,-0.0436,1.5823,0.000228,-0.0001,0.0
4.29,FLIGHT,0.9644,1.5563,0.1329,0.147,0.1302,0.1436,-0.0121,-0.19,0.0054,0.0118,1.0307,-0.0438,1.5826,0.000228,-0.0001,0.0
4.295,FLIGHT,0.965,1.557,0.1299,0.1433,0.1273,0.1399,-0.0121,-0.1899,0.0053,0.0115,1.0302,-0.0441,1.5829,0.000228,-0.0001,0.0
4.3,FLIGHT,0.9656,1.5577,0.127,0.1396,0.1244,0.1363,-0.012,-0.1899,0.0052,0.0112,1.0298,-0.0443,1.5832,0.000227,-0.0001,0.0
4.305,FLIGHT,0.9662,1.5584,0.1241,0.136,0.1216,0.1328,-0.012,-0.1898,0.0052,0.0109,1.0293,-0.0445,1.5835,0.000227,-0.0001,0.0
4.31,FLIGHT,0.9668,1.559,0.1214,0.1325,0.1189,0.1294,-0.012,-0.1898,0.0051,0.0106,1.0288,-0.0448,1.5838,0.000226,-0.0001,0.0
4.315,FLIGHT,0.9674,1.5597,0.1186,0.1291,0.1162,0.126,-0.0119,-0.1897,0.0051,0.0103,1.0282,-0.045,1.5841,0.000226,-0.0001,0.0
4.32,FLIGHT,0.968,1.5603,0.116,0.1257,0.1136,0.1228,-0.0119,-0.1897,0.005,0.0101,1.0277,-0.0452,1.5844,0.000226,-0.0001,0.0
4.325,FLIGHT,0.9686,1.5609,0.1134,0.1225,0.1111,0.1196,-0.0119,-0.1896,0.0049,0.0098,1.0271,-0.0454,1.5846,0.000225,-0.0001,0.0
4.33,FLIGHT,0.9691,1.5615,0.1109,0.1193,0.1086,0.1165,-0.0119,-0.1896,0.0049,0.0095,1.0265,-0.0456,1.5849,0.000225,-0.0001,0.0
4.335,FLIGHT,0.9697,1.562,0.1084,0.1162,0.1062,0.1135,-0.0118,-0.1895,0.0048,0.0093,1.0259,-0.0458,1.5851,0.000225,-0.0001,0.0
4.34,FLIGHT,0.9702,1.5626,0.106,0.1132,0.1038,0.1106,-0.0118,-0.1895,0.0048,0.0091,1.0253,-0.046,1.5854,0.000224,-0.0001,0.0
4.345,FLIGHT,0.9707,1.5632,0.1036,0.1103,0.1015,0.1077,-0.0118,-0.1894,0.0047,0.0088,1.0246,-0.0462,1.5856,0.000224,-0.0001,0.0
4.35,FLIGHT,0.9712,1.5637,0.1013,0.1074,0.0993,0.1049,-0.0118,-0.1894,0.0047,0.0086,1.024,-0.0464,1.5859,0.000224,-0.0001,0.0
4.355,FLIGHT,0.9717,1.5642,0.0991,0.1047,0.0971,0.1022,-0.0118,-0.1894,0.0046,0.0084,1.0233,-0.0466,1.5861,0.000223,-0.0001,0.0
4.36,FLIGHT,0.9722,1.5647,0.0969,0.102,0.0949,0.0996,-0.0117,-0.1893,0.0045,0.0081,1.0226,-0.0468,1.5863,0.000223,-0.0001,0.0
4.365,FLIGHT,0.9726,1.5652,0.0947,0.0993,0.0928,0.097,-0.0117,-0.1893,0.0045,0.0079,1.0219,-0.0469,1.5866,0.000223,-0.0001,0.0
4.37,FLIGHT,0.9731,1.5657,0.0926,0.0968,0.0907,0.0945,-0.0117,-0.1892,0.0044,0.0077,1.0211,-0.0471,1.5868,0.000222,-0.0001,0.0
4.375,FLIGHT,0.9735,1.5661,0.0905,0.0943,0.0887,0.0921,-0.0117,-0.1892,0.0044,0.0075,1.0204,-0.0473,1.587,0.000222,-0.0001,0.0
4.38,FLIGHT,0.974,1.5666,0.0885,0.0919,0.0868,0.0897,-0.0116,-0.1892,0.0043,0.0073,1.0196,-0.0475,1.5872,0.000222,-0.0001,0.0
4.385,FLIGHT,0.9744,1.567,0.0866,0.0895,0.0848,0.0874,-0.0116,-0.1891,0.0043,0.0071,1.0188,-0.0476,1.5874,0.000222,-0.0,0.0
4.39,FLIGHT,0.9748,1.5675,0.0846,0.0872,0.0829,0.0852,-0.0116,-0.1891,0.0042,0.007,1.018,-0.0478,1.5876,0.000221,-0.0,0.0
4.395,FLIGHT,0.9752,1.5679,0.0828,0.085,0.0811,0.083,-0.0116,-0.1891,0.0042,0.0068,1.0172,-0.0479,1.5878,0.000221,-0.0,0.0
4.4,FLIGHT,0.9756,1.5683,0.0809,0.0828,0.0793,0.0809,-0.0116,-0.189,0.0041,0.0066,1.0164,-0.0481,1.588,0.000221,-0.0,0.0
4.405,FLIGHT,0.976,1.5687,0.0791,0.0807,0.0775,0.0788,-0.0115,-0.189,0.004,0.0064,1.0155,-0.0483,1.5882,0.000221,-0.0,0.0
4.41,FLIGHT,0.9764,1.5691,0.0774,0.0787,0.0758,0.0768,-0.0115,-0.189,0.004,0.0063,1.0146,-0.0484,1.5884,0.000221,-0.0,0.0
4.415,FLIGHT,0.9768,1.5695,0.0756,0.0767,0.0741,0.0749,-0.0115,-0.1889,0.0039,0.0061,1.0138,-0.0486,1.5886,0.00022,-0.0,0.0
4.42,FLIGHT,0.9772,1.5698,0.074,0.0747,0.0725,0.073,-0.0115,-0.1889,0.0039,0.006,1.0129,-0.0487,1.5887,0.00022,-0.0,0.0
4.425,FLIGHT,0.9775,1.5702,0.0723,0.0728,0.0708,0.0712,-0.0115,-0.1889,0.0038,0.0058,1.0119,-0.0489,1.5889,0.00022,-0.0,0.0
4.43,FLIGHT,0.9779,1.5706,0.0707,0.071,0.0693,0.0694,-0.0114,-0.1889,0.0037,0.0057,1.011,-0.049,1.5891,0.00022,-0.0,0.0
4.435,FLIGHT,0.9782,1.5709,0.0691,0.0692,0.0677,0.0677,-0.0114,-0.1888,0.0037,0.0055,1.0101,-0.0491,1.5892,0.00022,-0.0,0.0
4.44,FLIGHT,0.9785,1.5712,0.0676,0.0675,0.0662,0.066,-0.0114,-0.1888,0.0036,0.0054,1.0091,-0.0493,1.5894,0.000219,-0.0,0.0
4.445,FLIGHT,0.9789,1.5716,0.066,0.0658,0.0647,0.0643,-0.0114,-0.1888,0.0036,0.0052,1.0081,-0.0494,1.5896,0.000219,-0.0,0.0
4.45,FLIGHT,0.9792,1.5719,0.0645,0.0642,0.0632,0.0628,-0.0114,-0.1888,0.0035,0.0051,1.0071,-0.0496,1.5897,0.000219,-0.0,0.0
4.455,FLIGHT,0.9795,1.5722,0.0631,0.0626,0.0618,0.0612,-0.0114,-0.1887,0.0034,0.005,1.0061,-0.0497,1.5899,0.000219,-0.0,0.0
4.46,FLIGHT,0.9798,1.5725,0.0617,0.0611,0.0604,0.0597,-0.0113,-0.1887,0.0034,0.0049,1.0051,-0.0498,1.59,0.000219,-0.0,0.0
4.465,FLIGHT,0.9801,1.5728,0.0603,0.0596,0.059,0.0582,-0.0113,-0.1887,0.0033,0.0047,1.004,-0.05,1.5902,0.000219,-0.0,0.0
4.47,FLIGHT,0.9804,1.5731,0.0589,0.0581,0.0577,0.0568,-0.0113,-0.1887,0.0033,0.0046,1.003,-0.0501,1.5903,0.000219,-0.0,0.0
4.475,FLIGHT,0.9807,1.5733,0.0575,0.0567,0.0563,0.0555,-0.0113,-0.1886,0.0032,0.0045,1.0019,-0.0502,1.5905,0.000218,-0.0,0.0
4.48,FLIGHT,0.981,1.5736,0.0562,0.0553,0.055,0.0541,-0.0113,-0.1886,0.0031,0.0044,1.0008,-0.0503,1.5906,0.000218,-0.0,0.0
4.485,STANCE,0.9812,1.5739,0.0549,0.054,0.0794,0.0874,-0.0113,-0.1886,0.0031,0.0043,0.9998,0.1429,-0.0293,0.000218,-0.0222,0.0044
4.49,STANCE,0.9839,1.5744,0.4345,0.0711,1.0076,-0.1531,-0.0108,-0.1886,0.0723,0.0017,0.9989,-0.0607,-0.6244,-0.000897,-0.3451,0.0699
4.495,STANCE,0.9908,1.5715,1.1174,-0.4351,1.5881,-0.9762,-0.0091,-0.1889,0.2704,-0.0491,0.9981,-0.5813,-1.0158,-0.002818,-0.378,0.0784
4.5,STANCE,0.9942,1.5695,0.7466,-0.3565,0.2188,-0.0676,-0.0082,-0.1891,0.19,-0.0377,0.998,-0.757,-1.5859,-0.00358,-0.0168,0.0069
4.505,STANCE,0.9954,1.5687,0.4121,-0.2403,0.3591,-0.3681,-0.0079,-0.1892,0.1109,-0.0245,0.9982,-0.9406,-2.0671,-0.003422,0.0616,0.0034
4.51,STANCE,0.9979,1.5643,0.4761,-0.7616,0.3866,-1.9978,-0.0068,-0.1896,0.195,-0.0699,0.9983,-1.2715,-2.0958,-0.002968,0.1749,0.003
4.515,STANCE,1.0016,1.5553,0.698,-1.457,1.0692,-1.937,-0.0048,-0.1904,0.3349,-0.1283,0.9984,-1.6251,-1.8185,-0.002594,-0.1051,0.0236
4.52,STANCE,1.0064,1.5421,0.8567,-2.2923,1.024,-2.5173,-0.0021,-0.1915,0.4854,-0.1926,0.9983,-1.8723,-1.2592,-0.00309,-0.1174,0.0266
4.525,STANCE,1.0103,1.5282,0.7927,-2.646,0.5345,-3.0639,0.0006,-0.1927,0.5275,-0.213,0.9982,-1.8762,-0.7441,-0.003311,0.0268,0.0033
4.53,STANCE,1.0128,1.5131,0.5642,-2.9138,0.4161,-3.0177,0.0032,-0.1939,0.5262,-0.2261,0.9981,-1.6419,-0.1696,-0.003556,-0.1492,0.0334
4.535,STANCE,1.0137,1.4976,0.3019,-3.0412,-0.0049,-3.1538,0.0057,-0.1951,0.4978,-0.2289,0.998,-1.2359,0.3804,-0.004058,-0.0459,0.0132
4.54,STANCE,1.0133,1.4824,0.0175,-3.0464,-0.1397,-2.9082,0.0078,-0.1962,0.4464,-0.2243,0.9979,-0.7129,0.8498,-0.004186,-0.044,0.013
4.545,STANCE,1.0121,1.468,-0.1801,-2.9277,-0.3904,-2.89,0.0096,-0.1973,0.393,-0.2119,0.9979,-0.2095,1.1828,-0.004438,-0.0116,0.0068
4.55,STANCE,1.0101,1.4541,-0.311,-2.8109,-0.2879,-2.5862,0.0113,-0.1983,0.3521,-0.2003,0.998,0.1542,1.3786,-0.004525,-0.0683,0.0182
4.555,STANCE,1.0091,1.4418,-0.2345,-2.5649,-0.1256,-2.3493,0.0129,-0.1991,0.3329,-0.1783,0.9982,0.1891,1.3485,-0.004814,-0.0491,0.0146
4.56,STANCE,1.0089,1.4305,-0.0978,-2.3439,0.0277,-2.1677,0.0145,-0.1999,0.3291,-0.1578,0.9986,0.135,1.2883,-0.005013,-0.0297,0.011
4.565,STANCE,1.0093,1.42,0.0309,-2.1742,0.1327,-2.0455,0.0162,-0.2006,0.3311,-0.141,0.999,0.0825,1.2467,-0.005102,-0.0054,0.0062
4.57,STANCE,1.0101,1.41,0.1266,-2.0521,0.1962,-1.9598,0.0178,-0.2012,0.3336,-0.128,0.9994,0.0421,1.2229,-0.005063,0.0211,0.0051
4.575,FLIGHT,1.0111,1.4005,0.1683,-1.9366,0.0339,-1.6342,0.0195,-0.2018,0.326,-0.1166,0.9999,-1.3284,2.573,-0.004885,0.0596,0.0049
4.58,FLIGHT,1.009,1.3955,-0.2855,-1.225,-0.8644,-0.3819,0.0198,-0.2021,0.1272,-0.0809,1.0006,-1.1997,2.4613,-0.004391,0.1343,0.0044
4.585,FLIGHT,1.0028,1.3962,-0.963,-0.2556,-1.5541,0.5848,0.0184,-0.2022,-0.1562,-0.0337,1.0016,-0.9246,2.2371,-0.003588,0.1821,0.0036
4.59,FLIGHT,0.9939,1.4008,-1.5429,0.5787,-1.9769,1.2175,0.0159,-0.2021,-0.3984,0.0127,1.0028,-0.6391,2.0076,-0.002616,0.203,0.0026
4.595,FLIGHT,0.9834,1.4079,-1.9199,1.1589,-2.162,1.5609,0.0128,-0.2018,-0.5595,0.0533,1.0041,-0.3993,1.8164,-0.001593,0.2032,0.0016
4.6,FLIGHT,0.9726,1.4161,-2.0933,1.4896,-2.1681,1.688,0.0094,-0.2013,-0.6407,0.0846,1.0055,-0.2197,1.6746,-0.000606,0.1902,0.0006
4.605,FLIGHT,0.962,1.4245,-2.1033,1.6226,-2.0529,1.6716,0.006,-0.2008,-0.659,0.1054,1.0068,-0.0958,1.5783,0.000277,0.1484,0.0
4.61,FLIGHT,0.9521,1.4326,-1.9979,1.6186,-1.8664,1.5699,0.0029,-0.2002,-0.634,0.1162,1.0081,-0.0169,1.5186,0.000849,0.0843,0.0
4.615,FLIGHT,0.9433,1.4401,-1.8238,1.5295,-1.6486,1.4244,0.0,-0.1997,-0.5834,0.1188,1.0094,0.0301,1.4851,0.001154,0.0408,0.0
4.62,FLIGHT,0.9357,1.4468,-1.6163,1.3952,-1.4231,1.2636,-0.0025,-0.1991,-0.5202,0.1153,1.0106,0.0552,1.4693,0.001283,0.0126,0.0
4.625,FLIGHT,0.9291,1.4528,-1.3987,1.2433,-1.2043,1.1055,-0.0046,-0.1986,-0.4533,0.1078,1.0117,0.0663,1.4648,0.001298,-0.0049,0.001
4.63,FLIGHT,0.9236,1.4579,-1.1859,1.0919,-1.0003,0.9599,-0.0064,-0.1982,-0.3882,0.0983,1.0128,0.0685,1.4671,0.001246,-0.0151,0.003
4.635,FLIGHT,0.9191,1.4624,-0.9864,0.9511,-0.8152,0.8317,-0.008,-0.1978,-0.3278,0.088,1.0138,0.0657,1.4731,0.001156,-0.0204,0.0041
4.64,FLIGHT,0.9154,1.4663,-0.8046,0.8262,-0.6503,0.7221,-0.0092,-0.1974,-0.2736,0.0779,1.0148,0.0601,1.4809,0.001047,-0.0225,0.0045
4.645,FLIGHT,0.9125,1.4696,-0.6421,0.7189,-0.5052,0.6307,-0.0103,-0.1971,-0.226,0.0685,1.0158,0.0532,1.4892,0.000933,-0.0226,0.0045
4.65,FLIGHT,0.9103,1.4726,-0.4988,0.629,-0.3788,0.5561,-0.0111,-0.1968,-0.1849,0.0602,1.0167,0.046,1.4974,0.000823,-0.0215,0.0043
4.655,FLIGHT,0.9087,1.4752,-0.3737,0.5554,-0.2694,0.4961,-0.0118,-0.1966,-0.1498,0.053,1.0175,0.0389,1.5051,0.00072,-0.0196,0.0039
4.66,FLIGHT,0.9076,1.4776,-0.2653,0.496,-0.1752,0.4487,-0.0123,-0.1963,-0.1202,0.0469,1.0184,0.0321,1.5121,0.000627,-0.0173,0.0035
4.665,FLIGHT,0.9069,1.4797,-0.172,0.449,-0.0946,0.4118,-0.0127,-0.1961,-0.0952,0.0419,1.0192,0.0259,1.5183,0.000547,-0.0149,0.003
4.67,FLIGHT,0.9066,1.4817,-0.092,0.4123,-0.0258,0.3836,-0.0131,-0.196,-0.0744,0.0378,1.0199,0.0202,1.5238,0.000478,-0.0125,0.0025
4.675,FLIGHT,0.9067,1.4836,-0.0237,0.3842,0.0327,0.3624,-0.0133,-0.1958,-0.0571,0.0345,1.0207,0.015,1.5287,0.000422,-0.0103,0.0021
4.68,FLIGHT,0.907,1.4854,0.0344,0.3631,0.0821,0.3469,-0.0135,-0.1956,-0.0428,0.0319,1.0214,0.0104,1.5329,0.000375,-0.0083,0.0017
4.685,FLIGHT,0.9075,1.4871,0.0835,0.3476,0.1238,0.3358,-0.0136,-0.1955,-0.0311,0.0299,1.0221,0.0062,1.5367,0.000338,-0.0066,0.0013
4.69,FLIGHT,0.9082,1.4887,0.1248,0.3364,0.1587,0.3281,-0.0137,-0.1954,-0.0215,0.0284,1.0227,0.0024,1.54,0.000309,-0.0051,0.001
4.695,FLIGHT,0.9091,1.4903,0.1595,0.3287,0.1878,0.323,-0.0138,-0.1952,-0.0136,0.0272,1.0234,-0.001,1.5429,0.000287,-0.0039,0.0008
4.7,FLIGHT,0.9101,1.492,0.1884,0.3236,0.2119,0.3199,-0.0138,-0.1951,-0.0073,0.0264,1.024,-0.0041,1.5454,0.00027,-0.0029,0.0006
4.705,FLIGHT,0.9112,1.4936,0.2123,0.3204,0.2316,0.3182,-0.0138,-0.195,-0.0022,0.0258,1.0246,-0.0068,1.5477,0.000257,-0.0022,0.0004
4.71,FLIGHT,0.9124,1.4951,0.2318,0.3186,0.2475,0.3175,-0.0138,-0.1948,0.0018,0.0254,1.0252,-0.0094,1.5498,0.000248,-0.0016,0.0003
4.715,FLIGHT,0.9136,1.4967,0.2476,0.3178,0.2603,0.3173,-0.0138,-0.1947,0.005,0.0251,1.0257,-0.0117,1.5516,0.000241,-0.0011,0.0002
4.72,FLIGHT,0.915,1.4983,0.2602,0.3175,0.2702,0.3175,-0.0137,-0.1946,0.0074,0.0249,1.0263,-0.0138,1.5533,0.000237,-0.0007,0.0001
4.725,FLIGHT,0.9163,1.4999,0.27,0.3176,0.2777,0.3178,-0.0137,-0.1945,0.0093,0.0248,1.0268,-0.0157,1.5548,0.000234,-0.0004,0.0001
4.73,FLIGHT,0.9177,1.5015,0.2775,0.3179,0.2832,0.3181,-0.0136,-0.1944,0.0107,0.0248,1.0273,-0.0174,1.5562,0.000232,-0.0002,0.0
4.735,FLIGHT,0.9192,1.5031,0.2829,0.3181,0.287,0.3182,-0.0135,-0.1942,0.0117,0.0248,1.0277,-0.019,1.5574,0.000232,-0.0001,0.0
4.74,FLIGHT,0.9206,1.5047,0.2866,0.3181,0.2893,0.3181,-0.0135,-0.1941,0.0124,0.0247,1.0282,-0.0205,1.5586,0.000232,0.0,0.0
4.745,FLIGHT,0.9221,1.5063,0.2889,0.3179,0.2902,0.3176,-0.0134,-0.194,0.0128,0.0247,1.0286,-0.0218,1.5597,0.000232,0.0001,0.0
4.75,FLIGHT,0.9235,1.5078,0.2898,0.3174,0.2902,0.3168,-0.0133,-0.1939,0.013,0.0247,1.029,-0.0231,1.5607,0.000233,0.0002,0.0
4.755,FLIGHT,0.925,1.5094,0.2897,0.3166,0.2892,0.3156,-0.0133,-0.1937,0.0131,0.0246,1.0294,-0.0243,1.5617,0.000234,0.0002,0.0
4.76,FLIGHT,0.9264,1.511,0.2887,0.3153,0.2874,0.3141,-0.0132,-0.1936,0.013,0.0246,1.0297,-0.0253,1.5626,0.000234,0.0002,0.0
4.765,FLIGHT,0.9278,1.5126,0.2869,0.3137,0.285,0.3121,-0.0132,-0.1935,0.0129,0.0245,1.03,-0.0263,1.5635,0.000235,0.0002,0.0
4.77,FLIGHT,0.9292,1.5141,0.2845,0.3117,0.282,0.3098,-0.0131,-0.1934,0.0126,0.0243,1.0303,-0.0273,1.5643,0.000236,0.0002,0.0
4.775,FLIGHT,0.9306,1.5157,0.2815,0.3094,0.2786,0.3071,-0.013,-0.1932,0.0123,0.0242,1.0306,-0.0282,1.5651,0.000237,0.0002,0.0
4.78,FLIGHT,0.932,1.5172,0.2781,0.3067,0.2749,0.3041,-0.013,-0.1931,0.012,0.024,1.0309,-0.029,1.5659,0.000238,0.0001,0.0
4.785,FLIGHT,0.9334,1.5187,0.2743,0.3037,0.2708,0.3008,-0.0129,-0.193,0.0117,0.0238,1.0311,-0.0298,1.5666,0.000238,0.0001,0.0
4.79,FLIGHT,0.9347,1.5202,0.2703,0.3003,0.2666,0.2972,-0.0129,-0.1929,0.0113,0.0236,1.0313,-0.0305,1.5673,0.000239,0.0001,0.0
4.795,FLIGHT,0.9361,1.5217,0.266,0.2967,0.2621,0.2934,-0.0128,-0.1928,0.011,0.0233,1.0315,-0.0312,1.568,0.000239,0.0001,0.0
4.8,FLIGHT,0.9374,1.5231,0.2616,0.2928,0.2575,0.2893,-0.0127,-0.1927,0.0106,0.0231,1.0317,-0.0319,1.5687,0.00024,0.0,0.0
4.805,FLIGHT,0.9386,1.5246,0.2569,0.2887,0.2528,0.285,-0.0127,-0.1925,0.0103,0.0228,1.0318,-0.0325,1.5693,0.00024,0.0,0.0
4.81,FLIGHT,0.9399,1.526,0.2522,0.2844,0.248,0.2805,-0.0126,-0.1924,0.0099,0.0225,1.032,-0.0331,1.5699,0.00024,0.0,0.0
4.815,FLIGHT,0.9411,1.5274,0.2475,0.2799,0.2432,0.2759,-0.0126,-0.1923,0.0096,0.0221,1.0321,-0.0337,1.5705,0.00024,-0.0,0.0
4.82,FLIGHT,0.9423,1.5287,0.2427,0.2753,0.2383,0.2711,-0.0126,-0.1922,0.0093,0.0218,1.0321,-0.0342,1.5711,0.00024,-0.0,0.0
4.825,FLIGHT,0.9435,1.5301,0.2378,0.2705,0.2335,0.2662,-0.0125,-0.1921,0.009,0.0214,1.0322,-0.0347,1.5717,0.00024,-0.0,0.0
4.83,FLIGHT,0.9447,1.5314,0.233,0.2657,0.2286,0.2613,-0.0125,-0.192,0.0087,0.0211,1.0322,-0.0353,1.5723,0.000239,-0.0,0.0
4.835,FLIGHT,0.9458,1.5327,0.2281,0.2607,0.2238,0.2562,-0.0124,-0.1919,0.0084,0.0207,1.0322,-0.0357,1.5728,0.000239,-0.0001,0.0
4.84,FLIGHT,0.9469,1.534,0.2234,0.2557,0.2191,0.2512,-0.0124,-0.1918,0.0081,0.0203,1.0322,-0.0362,1.5734,0.000239,-0.0001,0.0
4.845,FLIGHT,0.948,1.5352,0.2186,0.2506,0.2144,0.2461,-0.0123,-0.1917,0.0079,0.0199,1.0322,-0.0367,1.5739,0.000239,-0.0001,0.0
4.85,FLIGHT,0.949,1.5364,0.2139,0.2455,0.2097,0.2409,-0.0123,-0.1916,0.0077,0.0195,1.0321,-0.0371,1.5744,0.000238,-0.0001,0.0
4.855,FLIGHT,0.9501,1.5376,0.2092,0.2404,0.2051,0.2358,-0.0123,-0.1915,0.0075,0.0192,1.032,-0.0375,1.5749,0.000238,-0.0001,0.0
4.86,FLIGHT,0.9511,1.5388,0.2047,0.2353,0.2006,0.2307,-0.0122,-0.1914,0.0073,0.0188,1.0319,-0.0379,1.5754,0.000237,-0.0001,0.0
4.865,FLIGHT,0.9521,1.5399,0.2001,0.2302,0.1961,0.2256,-0.0122,-0.1913,0.0071,0.0184,1.0318,-0.0383,1.5759,0.000237,-0.0001,0.0
4.87,FLIGHT,0.953,1.541,0.1957,0.2251,0.1917,0.2205,-0.0122,-0.1912,0.0069,0.018,1.0316,-0.0387,1.5764,0.000236,-0.0001,0.0
4.875,FLIGHT,0.954,1.5421,0.1913,0.22,0.1874,0.2155,-0.0121,-0.1912,0.0067,0.0176,1.0314,-0.0391,1.5768,0.000236,-0.0001,0.0
4.88,FLIGHT,0.9549,1.5432,0.187,0.215,0.1832,0.2105,-0.0121,-0.1911,0.0066,0.0172,1.0312,-0.0394,1.5773,0.000235,-0.0001,0.0
4.885,FLIGHT,0.9558,1.5442,0.1828,0.21,0.1791,0.2056,-0.0121,-0.191,0.0064,0.0168,1.031,-0.0398,1.5777,0.000235,-0.0001,0.0
4.89,FLIGHT,0.9567,1.5453,0.1787,0.2051,0.175,0.2007,-0.012,-0.1909,0.0063,0.0164,1.0308,-0.0401,1.5781,0.000234,-0.0001,0.0
4.895,FLIGHT,0.9576,1.5462,0.1746,0.2002,0.1711,0.1959,-0.012,-0.1908,0.0062,0.016,1.0305,-0.0404,1.5786,0.000234,-0.0001,0.0
4.9,FLIGHT,0.9584,1.5472,0.1707,0.1955,0.1672,0.1912,-0.012,-0.1907,0.0061,0.0157,1.0302,-0.0408,1.579,0.000233,-0.0001,0.0
4.905,FLIGHT,0.9593,1.5482,0.1668,0.1907,0.1634,0.1865,-0.0119,-0.1907,0.0059,0.0153,1.0299,-0.0411,1.5794,0.000233,-0.0001,0.0
4.91,FLIGHT,0.9601,1.5491,0.163,0.1861,0.1596,0.182,-0.0119,-0.1906,0.0058,0.0149,1.0296,-0.0414,1.5798,0.000232,-0.0001,0.0
4.915,FLIGHT,0.9608,1.55,0.1593,0.1815,0.156,0.1775,-0.0119,-0.1905,0.0057,0.0145,1.0292,-0.0417,1.5801,0.000232,-0.0001,0.0
4.92,FLIGHT,0.9616,1.5509,0.1556,0.177,0.1524,0.1731,-0.0119,-0.1905,0.0056,0.0142,1.0288,-0.042,1.5805,0.000231,-0.0001,0.0
4.925,FLIGHT,0.9624,1.5517,0.1521,0.1727,0.1489,0.1687,-0.0118,-0.1904,0.0056,0.0138,1.0284,-0.0423,1.5809,0.000231,-0.0001,0.0
4.93,FLIGHT,0.9631,1.5525,0.1486,0.1683,0.1455,0.1645,-0.0118,-0.1903,0.0055,0.0135,1.028,-0.0425,1.5812,0.00023,-0.0001,0.0
4.935,FLIGHT,0.9638,1.5534,0.1452,0.1641,0.1422,0.1604,-0.0118,-0.1903,0.0054,0.0132,1.0276,-0.0428,1.5816,0.00023,-0.0001,0.0
4.94,FLIGHT,0.9645,1.5541,0.1419,0.16,0.1389,0.1563,-0.0118,-0.1902,0.0053,0.0128,1.0271,-0.0431,1.5819,0.00023,-0.0001,0.0
4.945,FLIGHT,0.9652,1.5549,0.1386,0.1559,0.1358,0.1523,-0.0117,-0.1901,0.0052,0.0125,1.0267,-0.0433,1.5823,0.000229,-0.0001,0.0
4.95,FLIGHT,0.9659,1.5557,0.1355,0.152,0.1327,0.1485,-0.0117,-0.1901,0.0052,0.0122,1.0262,-0.0436,1.5826,0.000229,-0.0001,0.0
4.955,FLIGHT,0.9665,1.5564,0.1324,0.1481,0.1296,0.1447,-0.0117,-0.19,0.0051,0.0119,1.0257,-0.0438,1.5829,0.000228,-0.0001,0.0
4.96,FLIGHT,0.9672,1.5571,0.1293,0.1443,0.1267,0.141,-0.0117,-0.19,0.005,0.0116,1.0251,-0.0441,1.5832,0.000228,-0.0001,0.0
4.965,FLIGHT,0.9678,1.5578,0.1264,0.1406,0.1238,0.1373,-0.0116,-0.1899,0.005,0.0113,1.0246,-0.0443,1.5835,0.000227,-0.0001,0.0
4.97,FLIGHT,0.9684,1.5585,0.1235,0.137,0.1209,0.1338,-0.0116,-0.1898,0.0049,0.011,1.024,-0.0445,1.5838,0.000227,-0.0001,0.0
4.975,FLIGHT,0.969,1.5592,0.1207,0.1335,0.1182,0.1304,-0.0116,-0.1898,0.0048,0.0107,1.0234,-0.0448,1.5841,0.000227,-0.0001,0.0
4.98,FLIGHT,0.9696,1.5598,0.1179,0.13,0.1155,0.127,-0.0116,-0.1897,0.0048,0.0104,1.0228,-0.045,1.5844,0.000226,-0.0001,0.0
4.985,FLIGHT,0.9702,1.5604,0.1152,0.1267,0.1128,0.1237,-0.0115,-0.1897,0.0047,0.0102,1.0222,-0.0452,1.5847,0.000226,-0.0001,0.0
4.99,FLIGHT,0.9707,1.561,0.1126,0.1234,0.1102,0.1205,-0.0115,-0.1896,0.0046,0.0099,1.0215,-0.0454,1.5849,0.000225,-0.0001,0.0
4.995,FLIGHT,0.9713,1.5616,0.11,0.1202,0.1077,0.1174,-0.0115,-0.1896,0.0046,0.0096,1.0208,-0.0456,1.5852,0.000225,-0.0001,0.0
5.0,FLIGHT,0.9718,1.5622,0.1075,0.1171,0.1052,0.1144,-0.0115,-0.1895,0.0045,0.0094,1.0202,-0.0458,1.5855,0.000225,-0.0001,0.0
5.005,FLIGHT,0.9723,1.5628,0.105,0.1141,0.1028,0.1114,-0.0114,-0.1895,0.0044,0.0092,1.0195,-0.046,1.5857,0.000224,-0.0001,0.0
5.01,FLIGHT,0.9728,1.5633,0.1026,0.1112,0.1005,0.1086,-0.0114,-0.1895,0.0044,0.0089,1.0187,-0.0462,1.586,0.000224,-0.0001,0.0
5.015,FLIGHT,0.9733,1.5639,0.1003,0.1083,0.0982,0.1058,-0.0114,-0.1894,0.0043,0.0087,1.018,-0.0464,1.5862,0.000224,-0.0001,0.0
5.02,FLIGHT,0.9738,1.5644,0.098,0.1055,0.0959,0.103,-0.0114,-0.1894,0.0043,0.0085,1.0173,-0.0466,1.5864,0.000223,-0.0001,0.0
5.025,FLIGHT,0.9743,1.5649,0.0957,0.1028,0.0937,0.1004,-0.0114,-0.1893,0.0042,0.0082,1.0165,-0.0468,1.5867,0.000223,-0.0001,0.0
5.03,FLIGHT,0.9748,1.5654,0.0935,0.1001,0.0916,0.0978,-0.0113,-0.1893,0.0041,0.008,1.0157,-0.047,1.5869,0.000223,-0.0001,0.0
5.035,FLIGHT,0.9752,1.5659,0.0914,0.0975,0.0895,0.0953,-0.0113,-0.1893,0.0041,0.0078,1.0149,-0.0472,1.5871,0.000223,-0.0001,0.0
5.04,FLIGHT,0.9757,1.5663,0.0893,0.095,0.0874,0.0928,-0.0113,-0.1892,0.004,0.0076,1.0141,-0.0474,1.5873,0.000222,-0.0001,0.0
5.045,FLIGHT,0.9761,1.5668,0.0873,0.0926,0.0854,0.0904,-0.0113,-0.1892,0.004,0.0074,1.0132,-0.0475,1.5875,0.000222,-0.0001,0.0
5.05,FLIGHT,0.9765,1.5672,0.0852,0.0902,0.0835,0.0881,-0.0113,-0.1891,0.0039,0.0072,1.0124,-0.0477,1.5877,0.000222,-0.0001,0.0
5.055,FLIGHT,0.9769,1.5677,0.0833,0.0879,0.0816,0.0859,-0.0112,-0.1891,0.0038,0.007,1.0115,-0.0479,1.5879,0.000221,-0.0,0.0
5.06,FLIGHT,0.9773,1.5681,0.0814,0.0857,0.0797,0.0837,-0.0112,-0.1891,0.0038,0.0069,1.0106,-0.048,1.5881,0.000221,-0.0,0.0
5.065,FLIGHT,0.9777,1.5685,0.0795,0.0835,0.0778,0.0816,-0.0112,-0.189,0.0037,0.0067,1.0097,-0.0482,1.5883,0.000221,-0.0,0.0
5.07,FLIGHT,0.9781,1.5689,0.0777,0.0814,0.076,0.0795,-0.0112,-0.189,0.0037,0.0065,1.0088,-0.0483,1.5885,0.000221,-0.0,0.0
5.075,FLIGHT,0.9785,1.5693,0.0759,0.0793,0.0743,0.0775,-0.0112,-0.189,0.0036,0.0064,1.0078,-0.0485,1.5887,0.000221,-0.0,0.0
5.08,FLIGHT,0.9788,1.5697,0.0741,0.0773,0.0726,0.0755,-0.0111,-0.1889,0.0035,0.0062,1.0069,-0.0487,1.5889,0.00022,-0.0,0.0
5.085,FLIGHT,0.9792,1.5701,0.0724,0.0753,0.0709,0.0736,-0.0111,-0.1889,0.0035,0.006,1.0059,-0.0488,1.5891,0.00022,-0.0,0.0
5.09,FLIGHT,0.9796,1.5704,0.0707,0.0734,0.0692,0.0718,-0.0111,-0.1889,0.0034,0.0059,1.0049,-0.049,1.5893,0.00022,-0.0,0.0
5.095,FLIGHT,0.9799,1.5708,0.0691,0.0716,0.0676,0.07,-0.0111,-0.1889,0.0034,0.0057,1.0039,-0.0491,1.5894,0.00022,-0.0,0.0
5.1,FLIGHT,0.9802,1.5711,0.0674,0.0698,0.066,0.0682,-0.0111,-0.1888,0.0033,0.0056,1.0029,-0.0493,1.5896,0.00022,-0.0,0.0
5.105,FLIGHT,0.9806,1.5715,0.0659,0.068,0.0645,0.0665,-0.0111,-0.1888,0.0032,0.0055,1.0019,-0.0494,1.5898,0.000219,-0.0,0.0
5.11,FLIGHT,0.9809,1.5718,0.0643,0.0664,0.0629,0.0649,-0.011,-0.1888,0.0032,0.0053,1.0009,-0.0495,1.5899,0.000219,-0.0,0.0
5.115,FLIGHT,0.9812,1.5721,0.0628,0.0647,0.0615,0.0632,-0.011,-0.1888,0.0031,0.0052,0.9998,-0.0497,1.5901,0.000219,-0.0,0.0
5.12,STANCE,0.9832,1.5731,0.3466,0.1543,0.8492,0.0203,-0.0108,-0.1887,0.0445,0.0103,0.999,0.0001,-0.5303,-0.000735,-0.3206,0.0649
5.125,STANCE,0.9894,1.571,0.9899,-0.2882,1.5836,-0.8936,-0.0093,-0.1889,0.2263,-0.035,0.9982,-0.4719,-0.9547,-0.002556,-0.3881,0.0802
5.13,STANCE,0.9932,1.5688,0.751,-0.353,0.2598,-0.1415,-0.0083,-0.1892,0.1903,-0.0376,0.998,-0.6918,-1.4823,-0.00343,-0.0316,0.0097
5.135,STANCE,0.9944,1.5678,0.4193,-0.265,0.3483,-0.3802,-0.0079,-0.1893,0.1156,-0.0268,0.9982,-0.8813,-1.9773,-0.003319,0.0565,0.0033
5.14,STANCE,0.9968,1.5634,0.4635,-0.7577,0.3719,-1.9584,-0.0069,-0.1897,0.1921,-0.0695,0.9983,-1.2156,-2.0532,-0.002881,0.1703,0.0029
5.145,STANCE,1.0004,1.5548,0.6657,-1.3945,1.0086,-1.7797,-0.005,-0.1904,0.3201,-0.123,0.9984,-1.5773,-1.8411,-0.002501,-0.092,0.0209
5.15,STANCE,1.0048,1.5419,0.7978,-2.2801,0.899,-2.78,-0.0024,-0.1915,0.4722,-0.1921,0.9982,-1.8362,-1.2999,-0.00313,-0.1402,0.0312
5.155,STANCE,1.0088,1.5281,0.7693,-2.6338,0.7723,-2.6515,0.0003,-0.1927,0.521,-0.2128,0.9981,-1.8848,-0.8124,-0.003579,-0.0645,0.0165
5.16,STANCE,1.0113,1.5134,0.5755,-2.8371,0.5351,-2.7391,0.0029,-0.1938,0.517,-0.2209,0.9981,-1.6937,-0.2824,-0.003586,-0.084,0.0204
5.165,STANCE,1.0122,1.4981,0.2733,-3.0195,-0.0294,-3.1704,0.0053,-0.195,0.4886,-0.2284,0.998,-1.2953,0.2837,-0.004034,-0.1281,0.0297
5.17,STANCE,1.0118,1.4829,0.0214,-3.03,-0.0689,-2.8563,0.0074,-0.1962,0.4443,-0.224,0.9979,-0.798,0.7632,-0.004542,-0.0867,0.0219
5.175,STANCE,1.0103,1.468,-0.2274,-3.0102,-0.4901,-3.0485,0.0093,-0.1973,0.3953,-0.219,0.9978,-0.2661,1.1572,-0.004652,0.0277,0.0047
5.18,STANCE,1.0081,1.4537,-0.3546,-2.8811,-0.3828,-2.705,0.0109,-0.1983,0.3535,-0.2063,0.9978,0.1317,1.3798,-0.004933,-0.0789,0.0207
5.185,STANCE,1.0066,1.4408,-0.3139,-2.66,-0.2162,-2.4421,0.0125,-0.1992,0.3308,-0.1864,0.998,0.2271,1.3889,-0.005266,-0.058,0.0169
5.19,STANCE,1.006,1.4292,-0.1719,-2.4192,-0.0306,-2.2156,0.0141,-0.2,0.3252,-0.1644,0.9983,0.1718,1.3216,-0.005518,-0.0417,0.0139
5.195,STANCE,1.0062,1.4186,-0.0211,-2.2174,0.1023,-2.061,0.0158,-0.2007,0.3269,-0.1452,0.9986,0.111,1.2675,-0.005672,-0.0187,0.0094
5.2,STANCE,1.0069,1.4085,0.0974,-2.0688,0.1857,-1.9571,0.0174,-0.2014,0.33,-0.1301,0.999,0.0617,1.2332,-0.005699,0.0083,0.0057
5.205,STANCE,1.008,1.3989,0.1769,-1.9627,0.232,-1.8821,0.0191,-0.2019,0.3315,-0.1186,0.9995,0.0273,1.2147,-0.005587,0.0361,0.0056
5.21,STANCE,1.0092,1.3897,0.2237,-1.8835,0.2538,-1.8205,0.0207,-0.2025,0.3304,-0.1094,0.9999,0.0056,1.2062,-0.005341,0.0621,0.0053
5.215,FLIGHT,1.0105,1.3807,0.2474,-1.8184,0.2609,-1.7638,0.0223,-0.203,0.3266,-0.1017,1.0004,-1.3781,2.5985,-0.004972,0.0849,0.005
5.22,FLIGHT,1.0102,1.3742,-0.0114,-1.4056,-0.5264,-0.6729,0.0233,-0.2034,0.2118,-0.0818,1.001,-1.3431,2.5625,-0.004401,0.1507,0.0044
5.225,FLIGHT,1.0054,1.3737,-0.6997,-0.4493,-1.3536,0.4497,0.0224,-0.2035,-0.0741,-0.042,1.0019,-1.0859,2.3539,-0.0035,0.205,0.0035
5.23,FLIGHT,0.9971,1.3781,-1.3744,0.483,-1.9055,1.2258,0.02,-0.2034,-0.3527,0.0018,1.003,-0.7762,2.1069,-0.0024,0.2307,0.0024
5.235,FLIGHT,0.9868,1.3854,-1.8573,1.1775,-2.1879,1.6754,0.0168,-0.2032,-0.5542,0.0433,1.0043,-0.5005,1.8886,-0.001234,0.2326,0.0012
5.24,FLIGHT,0.9756,1.3944,-2.1169,1.6014,-2.2567,1.8696,0.0132,-0.2028,-0.6677,0.0782,1.0056,-0.287,1.7208,-0.000101,0.2184,0.0001
5.245,FLIGHT,0.9645,1.4038,-2.1835,1.7976,-2.1719,1.8896,0.0096,-0.2022,-0.7068,0.1038,1.0069,-0.1372,1.6044,0.000768,0.1315,0.0
5.25,FLIGHT,0.954,1.4131,-2.1107,1.8282,-1.9997,1.7994,0.0061,-0.2017,-0.6928,0.1192,1.0082,-0.0391,1.5298,0.001259,0.069,0.0
5.255,FLIGHT,0.9446,1.4217,-1.9513,1.7516,-1.7825,1.6501,0.0029,-0.2011,-0.646,0.1254,1.0094,0.0208,1.4863,0.001494,0.028,0.0
5.26,FLIGHT,0.9362,1.4296,-1.7453,1.615,-1.5491,1.4766,0.0001,-0.2005,-0.5818,0.1245,1.0106,0.0541,1.4643,0.001564,0.0019,0.0
5.265,FLIGHT,0.9291,1.4365,-1.5209,1.4518,-1.3179,1.3012,-0.0023,-0.1999,-0.5109,0.1185,1.0118,0.07,1.4563,0.00153,-0.0138,0.0028
5.27,FLIGHT,0.923,1.4426,-1.2967,1.2844,-1.0998,1.1369,-0.0044,-0.1994,-0.4404,0.1096,1.0128,0.0749,1.4569,0.001437,-0.0225,0.0045
5.275,FLIGHT,0.9181,1.4479,-1.0838,1.1258,-0.9002,0.9901,-0.0061,-0.199,-0.374,0.0994,1.0138,0.0733,1.4623,0.001313,-0.0266,0.0053
5.28,FLIGHT,0.914,1.4525,-0.888,0.983,-0.7214,0.8633,-0.0076,-0.1986,-0.3139,0.0889,1.0148,0.0681,1.4702,0.001176,-0.0277,0.0055
5.285,FLIGHT,0.9108,1.4566,-0.712,0.8589,-0.5635,0.7565,-0.0088,-0.1982,-0.2608,0.0789,1.0157,0.0612,1.479,0.001039,-0.0269,0.0054
5.29,FLIGHT,0.9083,1.4601,-0.5562,0.7539,-0.4256,0.6681,-0.0098,-0.1979,-0.2147,0.0699,1.0166,0.0537,1.4878,0.000909,-0.025,0.005
5.295,FLIGHT,0.9065,1.4633,-0.4198,0.6668,-0.306,0.5963,-0.0106,-0.1976,-0.1752,0.0619,1.0174,0.0462,1.4961,0.00079,-0.0226,0.0045
5.3,FLIGHT,0.9052,1.4661,-0.3014,0.5957,-0.2029,0.5387,-0.0112,-0.1973,-0.1417,0.055,1.0182,0.039,1.5037,0.000684,-0.0198,0.004
5.305,FLIGHT,0.9045,1.4687,-0.1992,0.5386,-0.1145,0.4931,-0.0117,-0.1971,-0.1135,0.0493,1.0189,0.0323,1.5106,0.000592,-0.017,0.0034
5.31,FLIGHT,0.9041,1.471,-0.1115,0.4934,-0.0389,0.4575,-0.0121,-0.1969,-0.0898,0.0445,1.0196,0.0263,1.5167,0.000514,-0.0142,0.0028
5.315,FLIGHT,0.9041,1.4733,-0.0365,0.4579,0.0254,0.4301,-0.0124,-0.1967,-0.0701,0.0407,1.0203,0.0207,1.522,0.000449,-0.0117,0.0023
5.32,FLIGHT,0.9043,1.4754,0.0273,0.4306,0.0798,0.4092,-0.0127,-0.1965,-0.0537,0.0376,1.021,0.0158,1.5268,0.000397,-0.0094,0.0019
5.325,FLIGHT,0.9048,1.4774,0.0813,0.4097,0.1258,0.3936,-0.0128,-0.1963,-0.0402,0.0351,1.0216,0.0113,1.5309,0.000355,-0.0074,0.0015
5.33,FLIGHT,0.9056,1.4793,0.127,0.3941,0.1644,0.3821,-0.013,-0.1962,-0.029,0.0332,1.0222,0.0072,1.5346,0.000322,-0.0058,0.0012
5.335,FLIGHT,0.9065,1.4812,0.1653,0.3826,0.1966,0.3738,-0.013,-0.196,-0.0199,0.0317,1.0228,0.0036,1.5378,0.000296,-0.0044,0.0009
5.34,FLIGHT,0.9075,1.483,0.1973,0.3742,0.2234,0.3679,-0.0131,-0.1959,-0.0125,0.0306,1.0234,0.0003,1.5407,0.000277,-0.0033,0.0007
5.345,FLIGHT,0.9087,1.4849,0.2238,0.3683,0.2453,0.3638,-0.0131,-0.1957,-0.0065,0.0298,1.0239,-0.0027,1.5432,0.000263,-0.0024,0.0005
5.35,FLIGHT,0.91,1.4867,0.2456,0.3641,0.2631,0.361,-0.0131,-0.1956,-0.0017,0.0291,1.0244,-0.0054,1.5455,0.000252,-0.0018,0.0004
5.355,FLIGHT,0.9113,1.4885,0.2632,0.3613,0.2774,0.3592,-0.0131,-0.1954,0.0021,0.0287,1.0249,-0.0079,1.5476,0.000245,-0.0012,0.0002
5.36,FLIGHT,0.9127,1.4903,0.2774,0.3593,0.2886,0.3578,-0.013,-0.1953,0.0051,0.0284,1.0254,-0.0102,1.5494,0.00024,-0.0008,0.0002
5.365,FLIGHT,0.9142,1.4921,0.2885,0.3579,0.2972,0.3568,-0.013,-0.1951,0.0074,0.0281,1.0259,-0.0122,1.5511,0.000237,-0.0005,0.0001
5.37,FLIGHT,0.9157,1.4938,0.297,0.3568,0.3035,0.3559,-0.013,-0.195,0.0092,0.0279,1.0263,-0.0141,1.5527,0.000235,-0.0003,0.0001
5.375,FLIGHT,0.9172,1.4956,0.3032,0.3559,0.3079,0.355,-0.0129,-0.1949,0.0105,0.0278,1.0267,-0.0158,1.5541,0.000234,-0.0001,0.0
5.38,FLIGHT,0.9188,1.4974,0.3075,0.3549,0.3107,0.354,-0.0128,-0.1947,0.0115,0.0277,1.0271,-0.0174,1.5554,0.000234,0.0,0.0
5.385,FLIGHT,0.9203,1.4992,0.3102,0.3538,0.312,0.3527,-0.0128,-0.1946,0.0121,0.0276,1.0275,-0.0189,1.5566,0.000234,0.0001,0.0
5.39,FLIGHT,0.9219,1.5009,0.3115,0.3524,0.3121,0.3511,-0.0127,-0.1945,0.0125,0.0275,1.0278,-0.0203,1.5578,0.000235,0.0002,0.0
5.395,FLIGHT,0.9235,1.5027,0.3116,0.3508,0.3112,0.3492,-0.0127,-0.1943,0.0127,0.0274,1.0281,-0.0215,1.5589,0.000236,0.0002,0.0
5.4,FLIGHT,0.925,1.5044,0.3107,0.3488,0.3095,0.3469,-0.0126,-0.1942,0.0127,0.0272,1.0284,-0.0227,1.5599,0.000237,0.0002,0.0
5.405,FLIGHT,0.9266,1.5061,0.3089,0.3466,0.307,0.3444,-0.0125,-0.1941,0.0127,0.0271,1.0287,-0.0238,1.5609,0.000238,0.0002,0.0
5.41,FLIGHT,0.9281,1.5079,0.3065,0.3439,0.3039,0.3414,-0.0125,-0.1939,0.0125,0.0269,1.029,-0.0248,1.5618,0.000239,0.0002,0.0
5.415,FLIGHT,0.9296,1.5096,0.3034,0.341,0.3004,0.3382,-0.0124,-0.1938,0.0123,0.0267,1.0292,-0.0258,1.5627,0.00024,0.0002,0.0
5.42,FLIGHT,0.9311,1.5112,0.2998,0.3377,0.2964,0.3346,-0.0123,-0.1937,0.012,0.0265,1.0294,-0.0267,1.5635,0.00024,0.0001,0.0
5.425,FLIGHT,0.9326,1.5129,0.2958,0.3341,0.2921,0.3307,-0.0123,-0.1935,0.0117,0.0262,1.0296,-0.0275,1.5644,0.000241,0.0001,0.0
5.43,FLIGHT,0.934,1.5145,0.2915,0.3302,0.2875,0.3266,-0.0122,-0.1934,0.0114,0.026,1.0297,-0.0284,1.5651,0.000242,0.0001,0.0
5.435,FLIGHT,0.9354,1.5162,0.2869,0.326,0.2827,0.3222,-0.0122,-0.1933,0.011,0.0257,1.0299,-0.0291,1.5659,0.000242,0.0001,0.0
5.44,FLIGHT,0.9368,1.5178,0.2821,0.3216,0.2778,0.3176,-0.0121,-0.1931,0.0107,0.0254,1.03,-0.0298,1.5666,0.000242,0.0,0.0
5.445,FLIGHT,0.9382,1.5193,0.2772,0.317,0.2727,0.3127,-0.0121,-0.193,0.0103,0.025,1.0301,-0.0305,1.5674,0.000243,0.0,0.0
5.45,FLIGHT,0.9396,1.5209,0.2721,0.3122,0.2675,0.3077,-0.012,-0.1929,0.01,0.0247,1.0302,-0.0312,1.5681,0.000243,0.0,0.0
5.455,FLIGHT,0.9409,1.5224,0.267,0.3071,0.2623,0.3026,-0.012,-0.1928,0.0096,0.0243,1.0302,-0.0318,1.5687,0.000243,-0.0,0.0
5.46,FLIGHT,0.9422,1.5239,0.2618,0.302,0.2571,0.2973,-0.0119,-0.1927,0.0093,0.0239,1.0302,-0.0324,1.5694,0.000243,-0.0,0.0
5.465,FLIGHT,0.9435,1.5254,0.2565,0.2967,0.2518,0.2919,-0.0119,-0.1925,0.009,0.0235,1.0302,-0.033,1.57,0.000242,-0.0,0.0
5.47,FLIGHT,0.9447,1.5268,0.2513,0.2913,0.2466,0.2864,-0.0118,-0.1924,0.0087,0.0231,1.0302,-0.0335,1.5707,0.000242,-0.0001,0.0
5.475,FLIGHT,0.9459,1.5283,0.246,0.2858,0.2413,0.2809,-0.0118,-0.1923,0.0084,0.0227,1.0302,-0.0341,1.5713,0.000242,-0.0001,0.0
5.48,FLIGHT,0.9471,1.5296,0.2408,0.2803,0.2362,0.2753,-0.0118,-0.1922,0.0081,0.0223,1.0301,-0.0346,1.5719,0.000242,-0.0001,0.0
5.485,FLIGHT,0.9483,1.531,0.2356,0.2747,0.231,0.2697,-0.0117,-0.1921,0.0079,0.0219,1.03,-0.0351,1.5724,0.000241,-0.0001,0.0
5.49,FLIGHT,0.9494,1.5323,0.2305,0.2691,0.226,0.2641,-0.0117,-0.192,0.0076,0.0215,1.0299,-0.0355,1.573,0.000241,-0.0001,0.0
5.495,FLIGHT,0.9505,1.5337,0.2255,0.2635,0.2209,0.2584,-0.0116,-0.1919,0.0074,0.021,1.0298,-0.036,1.5736,0.00024,-0.0001,0.0
5.5,FLIGHT,0.9516,1.5349,0.2205,0.2578,0.216,0.2528,-0.0116,-0.1918,0.0072,0.0206,1.0296,-0.0364,1.5741,0.00024,-0.0001,0.0
5.505,FLIGHT,0.9527,1.5362,0.2155,0.2522,0.2112,0.2472,-0.0116,-0.1917,0.007,0.0202,1.0294,-0.0369,1.5746,0.000239,-0.0001,0.0
5.51,FLIGHT,0.9537,1.5374,0.2107,0.2466,0.2064,0.2417,-0.0115,-0.1916,0.0068,0.0197,1.0292,-0.0373,1.5751,0.000239,-0.0001,0.0
5.515,FLIGHT,0.9548,1.5386,0.2059,0.2411,0.2017,0.2361,-0.0115,-0.1915,0.0066,0.0193,1.029,-0.0377,1.5757,0.000238,-0.0001,0.0
5.52,FLIGHT,0.9558,1.5398,0.2012,0.2356,0.1971,0.2307,-0.0115,-0.1914,0.0065,0.0189,1.0288,-0.0381,1.5761,0.000238,-0.0001,0.0
5.525,FLIGHT,0.9567,1.5409,0.1966,0.2301,0.1925,0.2253,-0.0114,-0.1913,0.0063,0.0184,1.0285,-0.0385,1.5766,0.000237,-0.0001,0.0
5.53,FLIGHT,0.9577,1.542,0.1921,0.2248,0.1881,0.22,-0.0114,-0.1912,0.0062,0.018,1.0282,-0.0388,1.5771,0.000237,-0.0001,0.0
5.535,FLIGHT,0.9586,1.5431,0.1877,0.2194,0.1838,0.2147,-0.0114,-0.1911,0.006,0.0176,1.0279,-0.0392,1.5776,0.000236,-0.0001,0.0
5.54,FLIGHT,0.9595,1.5442,0.1834,0.2142,0.1795,0.2095,-0.0114,-0.191,0.0059,0.0172,1.0276,-0.0396,1.578,0.000235,-0.0001,0.0
5.545,FLIGHT,0.9604,1.5452,0.1791,0.209,0.1754,0.2044,-0.0113,-0.191,0.0058,0.0168,1.0272,-0.0399,1.5784,0.000235,-0.0001,0.0
5.55,FLIGHT,0.9613,1.5462,0.175,0.2039,0.1713,0.1994,-0.0113,-0.1909,0.0057,0.0164,1.0269,-0.0402,1.5789,0.000234,-0.0001,0.0
5.555,FLIGHT,0.9621,1.5472,0.1709,0.1989,0.1673,0.1945,-0.0113,-0.1908,0.0056,0.016,1.0265,-0.0406,1.5793,0.000234,-0.0001,0.0
5.56,FLIGHT,0.963,1.5482,0.1669,0.194,0.1634,0.1897,-0.0112,-0.1907,0.0055,0.0156,1.026,-0.0409,1.5797,0.000233,-0.0001,0.0
5.565,FLIGHT,0.9638,1.5491,0.163,0.1892,0.1596,0.1849,-0.0112,-0.1906,0.0054,0.0152,1.0256,-0.0412,1.5801,0.000233,-0.0001,0.0
5.57,FLIGHT,0.9645,1.55,0.1592,0.1845,0.1558,0.1803,-0.0112,-0.1906,0.0053,0.0148,1.0252,-0.0415,1.5805,0.000232,-0.0001,0.0
5.575,FLIGHT,0.9653,1.5509,0.1555,0.1798,0.1522,0.1757,-0.0112,-0.1905,0.0052,0.0145,1.0247,-0.0418,1.5809,0.000232,-0.0001,0.0
5.58,FLIGHT,0.9661,1.5518,0.1518,0.1753,0.1486,0.1713,-0.0111,-0.1904,0.0051,0.0141,1.0242,-0.0421,1.5812,0.000231,-0.0001,0.0
5.585,FLIGHT,0.9668,1.5526,0.1483,0.1709,0.1451,0.1669,-0.0111,-0.1904,0.005,0.0138,1.0237,-0.0424,1.5816,0.000231,-0.0001,0.0
5.59,FLIGHT,0.9675,1.5534,0.1448,0.1665,0.1417,0.1627,-0.0111,-0.1903,0.0049,0.0134,1.0231,-0.0426,1.5819,0.00023,-0.0001,0.0
5.595,FLIGHT,0.9682,1.5542,0.1414,0.1623,0.1384,0.1585,-0.0111,-0.1902,0.0049,0.0131,1.0226,-0.0429,1.5823,0.00023,-0.0001,0.0
5.6,FLIGHT,0.9689,1.555,0.1381,0.1581,0.1352,0.1545,-0.011,-0.1902,0.0048,0.0127,1.022,-0.0432,1.5826,0.000229,-0.0001,0.0
5.605,FLIGHT,0.9696,1.5558,0.1348,0.1541,0.132,0.1505,-0.011,-0.1901,0.0047,0.0124,1.0214,-0.0434,1.583,0.000229,-0.0001,0.0
5.61,FLIGHT,0.9702,1.5565,0.1317,0.1501,0.1289,0.1466,-0.011,-0.19,0.0046,0.0121,1.0208,-0.0437,1.5833,0.000228,-0.0001,0.0
5.615,FLIGHT,0.9709,1.5572,0.1286,0.1462,0.1258,0.1428,-0.011,-0.19,0.0046,0.0118,1.0202,-0.0439,1.5836,0.000228,-0.0001,0.0
5.62,FLIGHT,0.9715,1.5579,0.1256,0.1425,0.1229,0.1391,-0.0109,-0.1899,0.0045,0.0115,1.0195,-0.0442,1.5839,0.000227,-0.0001,0.0
5.625,FLIGHT,0.9721,1.5586,0.1226,0.1388,0.12,0.1355,-0.0109,-0.1899,0.0044,0.0112,1.0188,-0.0444,1.5842,0.000227,-0.0001,0.0
5.63,FLIGHT,0.9727,1.5593,0.1197,0.1352,0.1172,0.132,-0.0109,-0.1898,0.0044,0.0109,1.0182,-0.0446,1.5845,0.000226,-0.0001,0.0
5.635,FLIGHT,0.9733,1.56,0.1169,0.1317,0.1144,0.1286,-0.0109,-0.1898,0.0043,0.0106,1.0175,-0.0449,1.5848,0.000226,-0.0001,0.0
5.64,FLIGHT,0.9738,1.5606,0.1141,0.1283,0.1117,0.1253,-0.0109,-0.1897,0.0042,0.0103,1.0167,-0.0451,1.5851,0.000226,-0.0001,0.0
5.645,FLIGHT,0.9744,1.5612,0.1114,0.125,0.1091,0.122,-0.0108,-0.1897,0.0042,0.0101,1.016,-0.0453,1.5853,0.000225,-0.0001,0.0
5.65,FLIGHT,0.9749,1.5618,0.1088,0.1217,0.1065,0.1189,-0.0108,-0.1896,0.0041,0.0098,1.0152,-0.0455,1.5856,0.000225,-0.0001,0.0
5.655,FLIGHT,0.9754,1.5624,0.1062,0.1186,0.104,0.1158,-0.0108,-0.1896,0.004,0.0096,1.0145,-0.0457,1.5859,0.000225,-0.0001,0.0
5.66,FLIGHT,0.976,1.563,0.1037,0.1155,0.1015,0.1128,-0.0108,-0.1895,0.004,0.0093,1.0137,-0.0459,1.5861,0.000224,-0.0001,0.0
5.665,FLIGHT,0.9765,1.5635,0.1013,0.1125,0.0991,0.1099,-0.0108,-0.1895,0.0039,0.0091,1.0129,-0.0461,1.5864,0.000224,-0.0001,0.0
5.67,FLIGHT,0.9769,1.5641,0.0989,0.1096,0.0967,0.107,-0.0107,-0.1894,0.0039,0.0088,1.012,-0.0463,1.5866,0.000223,-0.0001,0.0
5.675,FLIGHT,0.9774,1.5646,0.0965,0.1067,0.0944,0.1042,-0.0107,-0.1894,0.0038,0.0086,1.0112,-0.0465,1.5869,0.000223,-0.0001,0.0
5.68,FLIGHT,0.9779,1.5651,0.0942,0.104,0.0922,0.1015,-0.0107,-0.1894,0.0037,0.0084,1.0103,-0.0467,1.5871,0.000223,-0.0001,0.0
5.685,FLIGHT,0.9783,1.5656,0.092,0.1013,0.09,0.0989,-0.0107,-0.1893,0.0037,0.0082,1.0095,-0.0469,1.5873,0.000223,-0.0001,0.0
5.69,FLIGHT,0.9788,1.5661,0.0898,0.0987,0.0879,0.0964,-0.0107,-0.1893,0.0036,0.008,1.0086,-0.0471,1.5875,0.000222,-0.0001,0.0
5.695,FLIGHT,0.9792,1.5666,0.0877,0.0961,0.0858,0.0939,-0.0106,-0.1892,0.0035,0.0078,1.0077,-0.0473,1.5878,0.000222,-0.0001,0.0
5.7,FLIGHT,0.9796,1.567,0.0856,0.0937,0.0837,0.0915,-0.0106,-0.1892,0.0035,0.0076,1.0067,-0.0475,1.588,0.000222,-0.0001,0.0
5.705,FLIGHT,0.9801,1.5675,0.0835,0.0913,0.0817,0.0891,-0.0106,-0.1892,0.0034,0.0074,1.0058,-0.0476,1.5882,0.000221,-0.0001,0.0
5.71,FLIGHT,0.9805,1.5679,0.0815,0.0889,0.0797,0.0868,-0.0106,-0.1891,0.0033,0.0072,1.0048,-0.0478,1.5884,0.000221,-0.0001,0.0
5.715,FLIGHT,0.9809,1.5684,0.0795,0.0866,0.0778,0.0846,-0.0106,-0.1891,0.0033,0.007,1.0039,-0.048,1.5886,0.000221,-0.0,0.0
5.72,FLIGHT,0.9812,1.5688,0.0776,0.0844,0.0759,0.0825,-0.0106,-0.1891,0.0032,0.0068,1.0029,-0.0481,1.5888,0.000221,-0.0,0.0
5.725,FLIGHT,0.9816,1.5692,0.0757,0.0823,0.0741,0.0804,-0.0106,-0.189,0.0032,0.0066,1.0019,-0.0483,1.589,0.00022,-0.0,0.0
5.73,FLIGHT,0.982,1.5696,0.0739,0.0802,0.0723,0.0783,-0.0105,-0.189,0.0031,0.0065,1.0009,-0.0485,1.5892,0.00022,-0.0,0.0
5.735,FLIGHT,0.9823,1.57,0.0721,0.0781,0.0705,0.0763,-0.0105,-0.189,0.003,0.0063,0.9999,-0.0486,1.5893,0.00022,-0.0,0.0
5.74,STANCE,0.9844,1.571,0.3503,0.161,0.8451,0.02,-0.0103,-0.1889,0.0443,0.0109,0.9991,-0.0073,-0.525,-0.000704,-0.3109,0.0629
5.745,STANCE,0.9905,1.5689,0.985,-0.2857,1.5715,-0.8916,-0.0088,-0.1891,0.2253,-0.0342,0.9983,-0.4807,-0.9432,-0.002473,-0.3775,0.078
5.75,STANCE,0.9953,1.5659,0.8755,-0.4436,0.3308,-0.1808,-0.0075,-0.1894,0.2267,-0.0456,0.998,-0.7675,-1.4205,-0.003525,-0.0429,0.0121
5.755,STANCE,0.9966,1.565,0.452,-0.2667,0.3018,-0.3059,-0.0072,-0.1895,0.1223,-0.0266,0.9982,-0.9267,-1.9455,-0.003419,0.0612,0.0034
5.76,STANCE,0.9989,1.5616,0.4701,-0.6065,0.4373,-1.5404,-0.0063,-0.1898,0.1729,-0.0557,0.9983,-1.2494,-2.0861,-0.002999,0.1466,0.003
5.765,STANCE,1.0019,1.5529,0.6012,-1.3561,0.9265,-1.714,-0.0045,-0.1906,0.303,-0.1184,0.9984,-1.5804,-1.8291,-0.002441,0.0377,0.0024
5.77,STANCE,1.0078,1.5427,1.0167,-1.8604,1.3591,-2.3521,-0.0019,-0.1915,0.4556,-0.1565,0.9985,-1.9506,-1.4546,-0.002479,-0.0484,0.0122
5.775,STANCE,1.0138,1.5286,1.1273,-2.542,1.2313,-2.887,0.0012,-0.1926,0.5779,-0.2026,0.9985,-2.0756,-0.8217,-0.002676,-0.1211,0.0269
5.78,STANCE,1.0181,1.5123,0.9245,-3.029,0.665,-3.2922,0.0044,-0.1939,0.6139,-0.2302,0.9983,-1.9005,-0.1602,-0.003184,-0.1625,0.0357
5.785,STANCE,1.0196,1.4952,0.4714,-3.2894,0.1389,-3.1637,0.0071,-0.1952,0.5687,-0.2422,0.998,-1.4418,0.4413,-0.003947,-0.1605,0.036
5.79,STANCE,1.0198,1.481,0.1359,-3.0003,-0.3387,-3.0047,0.0092,-0.1962,0.4647,-0.2164,0.998,-0.8946,0.7827,-0.004587,-0.0389,0.0124
5.795,STANCE,1.0176,1.4665,-0.2274,-2.8927,-0.2417,-2.506,0.0109,-0.1973,0.38,-0.2071,0.9979,-0.2982,1.1257,-0.004644,-0.0392,0.0125
5.8,STANCE,1.0161,1.454,-0.2891,-2.6239,-0.3332,-2.4665,0.0125,-0.1982,0.3301,-0.185,0.998,0.0828,1.2786,-0.004683,0.0142,0.0047
5.805,FLIGHT,1.0147,1.442,-0.2716,-2.4616,-0.1968,-2.3171,0.014,-0.199,0.3111,-0.1701,0.9982,-1.326,2.6024,-0.004575,0.0253,0.0046
5.81,FLIGHT,1.0115,1.4338,-0.5799,-1.8243,-1.0881,-0.9807,0.0145,-0.1996,0.1555,-0.1303,0.9987,-1.2485,2.5266,-0.004247,0.1022,0.0042
5.815,FLIGHT,1.0041,1.4317,-1.2167,-0.815,-1.7972,0.0859,0.0134,-0.1999,-0.1223,-0.0714,0.9995,-0.9886,2.308,-0.003596,0.1539,0.0036
5.82,FLIGHT,0.9939,1.4341,-1.7992,0.0975,-2.2443,0.8109,0.011,-0.1998,-0.3739,-0.013,1.0005,-0.7002,2.0704,-0.002754,0.1789,0.0028
5.825,FLIGHT,0.9821,1.4393,-2.1913,0.7585,-2.4472,1.2287,0.0079,-0.1996,-0.5483,0.0373,1.0017,-0.4499,1.8662,-0.001843,0.1824,0.0018
5.83,FLIGHT,0.9698,1.446,-2.3777,1.158,-2.4611,1.4107,0.0044,-0.1992,-0.6413,0.076,1.0029,-0.2578,1.7111,-0.000953,0.1718,0.001
5.835,FLIGHT,0.9577,1.4532,-2.3936,1.3431,-2.3458,1.431,0.001,-0.1987,-0.6681,0.1017,1.0042,-0.1223,1.6032,-0.000138,0.1536,0.0001
5.84,FLIGHT,0.9465,1.4601,-2.2866,1.3753,-2.1496,1.3532,-0.0022,-0.1981,-0.6482,0.1152,1.0055,-0.0337,1.5344,0.000499,0.0975,0.0
5.845,FLIGHT,0.9363,1.4666,-2.1026,1.3103,-1.9156,1.2221,-0.0051,-0.1975,-0.5996,0.1188,1.0067,0.0201,1.4945,0.000865,0.052,0.0
5.85,FLIGHT,0.9273,1.4723,-1.8796,1.1909,-1.6708,1.0697,-0.0077,-0.197,-0.5363,0.1151,1.0078,0.0499,1.4745,0.001045,0.0218,0.0
5.855,FLIGHT,0.9196,1.4773,-1.6433,1.0481,-1.4314,0.9164,-0.0099,-0.1965,-0.4679,0.1067,1.009,0.0637,1.4675,0.001102,0.0026,0.0
5.86,FLIGHT,0.913,1.4815,-1.4106,0.902,-1.207,0.7738,-0.0118,-0.1961,-0.4005,0.0958,1.01,0.0675,1.4684,0.001083,-0.009,0.0018
5.865,FLIGHT,0.9075,1.4851,-1.1912,0.7648,-1.0024,0.648,-0.0134,-0.1957,-0.3375,0.084,1.011,0.0653,1.4739,0.001021,-0.0154,0.0031
5.87,FLIGHT,0.9029,1.488,-0.9902,0.6427,-0.8194,0.5412,-0.0147,-0.1954,-0.2808,0.0724,1.012,0.0598,1.4816,0.000935,-0.0184,0.0037
5.875,FLIGHT,0.8992,1.4905,-0.8099,0.5384,-0.6579,0.4531,-0.0157,-0.1951,-0.2309,0.0616,1.0129,0.0526,1.4902,0.00084,-0.0193,0.0039
5.88,FLIGHT,0.8963,1.4926,-0.6504,0.452,-0.5167,0.3824,-0.0166,-0.1948,-0.1877,0.0522,1.0138,0.0449,1.4987,0.000745,-0.0187,0.0037
5.885,FLIGHT,0.894,1.4944,-0.5108,0.3824,-0.3943,0.3271,-0.0172,-0.1946,-0.1509,0.044,1.0147,0.0371,1.5068,0.000655,-0.0172,0.0034
5.89,FLIGHT,0.8923,1.4959,-0.3896,0.3278,-0.2887,0.2849,-0.0178,-0.1945,-0.1198,0.0373,1.0155,0.0298,1.5141,0.000573,-0.0153,0.0031
5.895,FLIGHT,0.8911,1.4972,-0.2849,0.286,-0.198,0.2538,-0.0182,-0.1943,-0.0937,0.0317,1.0163,0.023,1.5207,0.000502,-0.0132,0.0026
5.9,FLIGHT,0.8903,1.4984,-0.195,0.2551,-0.1205,0.2316,-0.0185,-0.1942,-0.072,0.0274,1.017,0.0168,1.5264,0.000441,-0.0111,0.0022
5.905,FLIGHT,0.8899,1.4995,-0.118,0.233,-0.0544,0.2167,-0.0187,-0.1941,-0.054,0.024,1.0178,0.0112,1.5314,0.000391,-0.0091,0.0018
5.91,FLIGHT,0.8898,1.5006,-0.0524,0.218,0.0017,0.2074,-0.0189,-0.194,-0.0393,0.0214,1.0185,0.0061,1.5358,0.000349,-0.0074,0.0015
5.915,FLIGHT,0.8899,1.5016,0.0034,0.2088,0.0493,0.2026,-0.019,-0.1939,-0.0272,0.0195,1.0192,0.0016,1.5396,0.000316,-0.0058,0.0012
5.92,FLIGHT,0.8903,1.5026,0.0506,0.2038,0.0893,0.2011,-0.0191,-0.1938,-0.0174,0.0181,1.0199,-0.0024,1.5429,0.000291,-0.0045,0.0009
5.925,FLIGHT,0.8908,1.5036,0.0903,0.2022,0.123,0.202,-0.0191,-0.1937,-0.0095,0.0172,1.0205,-0.006,1.5458,0.000271,-0.0035,0.0007
5.93,FLIGHT,0.8915,1.5047,0.1237,0.2031,0.151,0.2047,-0.0191,-0.1936,-0.0031,0.0167,1.0211,-0.0093,1.5483,0.000256,-0.0026,0.0005
5.935,FLIGHT,0.8923,1.5057,0.1516,0.2056,0.1743,0.2085,-0.0191,-0.1935,0.0019,0.0164,1.0217,-0.0122,1.5504,0.000245,-0.0019,0.0004
5.94,FLIGHT,0.8932,1.5067,0.1747,0.2094,0.1935,0.2131,-0.0191,-0.1935,0.0059,0.0163,1.0223,-0.0148,1.5524,0.000237,-0.0013,0.0003
5.945,FLIGHT,0.8942,1.5078,0.1937,0.2138,0.2091,0.2179,-0.019,-0.1934,0.009,0.0164,1.0229,-0.0172,1.5541,0.000232,-0.0008,0.0002
5.95,FLIGHT,0.8953,1.5089,0.2092,0.2185,0.2216,0.2229,-0.019,-0.1933,0.0113,0.0166,1.0234,-0.0193,1.5556,0.000228,-0.0005,0.0001
5.955,FLIGHT,0.8964,1.5101,0.2216,0.2234,0.2315,0.2277,-0.0189,-0.1932,0.013,0.0168,1.024,-0.0213,1.557,0.000227,-0.0002,0.0
5.96,FLIGHT,0.8976,1.5112,0.2315,0.2281,0.2392,0.2322,-0.0188,-0.1931,0.0143,0.0171,1.0245,-0.023,1.5582,0.000226,-0.0001,0.0
5.965,FLIGHT,0.8988,1.5124,0.2391,0.2325,0.245,0.2362,-0.0187,-0.193,0.0152,0.0173,1.0249,-0.0246,1.5593,0.000226,0.0001,0.0
5.97,FLIGHT,0.9001,1.5136,0.2448,0.2365,0.2491,0.2398,-0.0187,-0.193,0.0157,0.0176,1.0254,-0.0261,1.5604,0.000226,0.0002,0.0
5.975,FLIGHT,0.9013,1.5148,0.2488,0.24,0.2518,0.2429,-0.0186,-0.1929,0.016,0.0179,1.0258,-0.0274,1.5613,0.000227,0.0002,0.0
5.98,FLIGHT,0.9026,1.516,0.2515,0.2429,0.2533,0.2453,-0.0185,-0.1928,0.0161,0.0181,1.0262,-0.0287,1.5622,0.000229,0.0003,0.0
5.985,FLIGHT,0.9038,1.5172,0.253,0.2453,0.2538,0.2472,-0.0184,-0.1927,0.016,0.0184,1.0266,-0.0298,1.563,0.00023,0.0003,0.0
5.99,FLIGHT,0.9051,1.5185,0.2535,0.2472,0.2535,0.2486,-0.0183,-0.1926,0.0159,0.0185,1.027,-0.0308,1.5638,0.000231,0.0003,0.0
5.995,FLIGHT,0.9064,1.5197,0.2531,0.2485,0.2524,0.2494,-0.0183,-0.1925,0.0156,0.0187,1.0274,-0.0318,1.5646,0.000233,0.0003,0.0
6.0,FLIGHT,0.9076,1.521,0.252,0.2492,0.2507,0.2496,-0.0182,-0.1924,0.0153,0.0188,1.0277,-0.0327,1.5653,0.000234,0.0003,0.0
6.005,FLIGHT,0.9089,1.5222,0.2503,0.2494,0.2485,0.2493,-0.0181,-0.1923,0.0149,0.0189,1.028,-0.0336,1.5659,0.000235,0.0002,0.0
6.01,FLIGHT,0.9101,1.5234,0.2481,0.2491,0.2459,0.2486,-0.018,-0.1922,0.0145,0.0189,1.0283,-0.0343,1.5666,0.000237,0.0002,0.0
6.015,FLIGHT,0.9113,1.5247,0.2455,0.2483,0.243,0.2474,-0.018,-0.1921,0.0141,0.0189,1.0285,-0.0351,1.5672,0.000238,0.0002,0.0
6.02,FLIGHT,0.9125,1.5259,0.2425,0.2471,0.2398,0.2458,-0.0179,-0.192,0.0136,0.0188,1.0288,-0.0358,1.5678,0.000238,0.0002,0.0
6.025,FLIGHT,0.9137,1.5271,0.2393,0.2455,0.2363,0.2439,-0.0178,-0.1919,0.0132,0.0188,1.029,-0.0364,1.5684,0.000239,0.0001,0.0
6.03,FLIGHT,0.9149,1.5284,0.2358,0.2435,0.2327,0.2416,-0.0178,-0.1918,0.0128,0.0187,1.0292,-0.037,1.569,0.00024,0.0001,0.0
6.035,FLIGHT,0.9161,1.5296,0.2322,0.2412,0.2289,0.239,-0.0177,-0.1917,0.0124,0.0185,1.0293,-0.0376,1.5695,0.00024,0.0001,0.0
6.04,FLIGHT,0.9172,1.5308,0.2284,0.2386,0.225,0.2362,-0.0176,-0.1917,0.012,0.0184,1.0295,-0.0381,1.5701,0.000241,0.0001,0.0
6.045,FLIGHT,0.9183,1.5319,0.2245,0.2358,0.221,0.2331,-0.0176,-0.1916,0.0116,0.0182,1.0296,-0.0387,1.5706,0.000241,0.0,0.0
6.05,FLIGHT,0.9194,1.5331,0.2206,0.2327,0.217,0.2298,-0.0175,-0.1915,0.0112,0.018,1.0297,-0.0392,1.5711,0.000241,0.0,0.0
6.055,FLIGHT,0.9205,1.5342,0.2166,0.2294,0.213,0.2263,-0.0175,-0.1914,0.0109,0.0177,1.0298,-0.0396,1.5716,0.000241,0.0,0.0
6.06,FLIGHT,0.9215,1.5353,0.2126,0.2259,0.2089,0.2227,-0.0174,-0.1913,0.0106,0.0175,1.0298,-0.0401,1.5721,0.000241,0.0,0.0
6.065,FLIGHT,0.9226,1.5364,0.2085,0.2223,0.2049,0.219,-0.0174,-0.1912,0.0103,0.0172,1.0298,-0.0405,1.5725,0.000241,-0.0,0.0
6.07,FLIGHT,0.9236,1.5375,0.2045,0.2185,0.2009,0.2151,-0.0173,-0.1911,0.01,0.017,1.0299,-0.041,1.573,0.000241,-0.0,0.0
6.075,FLIGHT,0.9246,1.5386,0.2005,0.2147,0.1969,0.2112,-0.0173,-0.191,0.0097,0.0167,1.0298,-0.0414,1.5735,0.000241,-0.0,0.0
6.08,FLIGHT,0.9256,1.5396,0.1965,0.2107,0.1929,0.2072,-0.0172,-0.191,0.0094,0.0164,1.0298,-0.0417,1.5739,0.000241,-0.0,0.0
6.085,FLIGHT,0.9265,1.5407,0.1925,0.2067,0.189,0.2031,-0.0172,-0.1909,0.0092,0.0161,1.0297,-0.0421,1.5744,0.000241,-0.0,0.0
6.09,FLIGHT,0.9274,1.5417,0.1886,0.2027,0.1851,0.199,-0.0171,-0.1908,0.009,0.0158,1.0296,-0.0425,1.5748,0.00024,-0.0001,0.0
6.095,FLIGHT,0.9284,1.5427,0.1847,0.1986,0.1813,0.1949,-0.0171,-0.1907,0.0088,0.0155,1.0295,-0.0428,1.5752,0.00024,-0.0001,0.0
6.1,FLIGHT,0.9293,1.5436,0.1809,0.1945,0.1776,0.1908,-0.0171,-0.1907,0.0086,0.0152,1.0294,-0.0432,1.5756,0.00024,-0.0001,0.0
6.105,FLIGHT,0.9301,1.5446,0.1772,0.1904,0.1739,0.1867,-0.017,-0.1906,0.0084,0.0149,1.0293,-0.0435,1.576,0.000239,-0.0001,0.0
6.11,FLIGHT,0.931,1.5455,0.1735,0.1863,0.1702,0.1826,-0.017,-0.1905,0.0082,0.0146,1.0291,-0.0438,1.5764,0.000239,-0.0001,0.0
6.115,FLIGHT,0.9318,1.5464,0.1699,0.1822,0.1667,0.1785,-0.0169,-0.1904,0.0081,0.0142,1.0289,-0.0441,1.5768,0.000239,-0.0001,0.0
6.12,FLIGHT,0.9327,1.5473,0.1663,0.1781,0.1632,0.1745,-0.0169,-0.1904,0.0079,0.0139,1.0287,-0.0444,1.5772,0.000238,-0.0001,0.0
6.125,FLIGHT,0.9335,1.5481,0.1629,0.1741,0.1598,0.1705,-0.0169,-0.1903,0.0078,0.0136,1.0284,-0.0447,1.5776,0.000238,-0.0001,0.0
6.13,FLIGHT,0.9343,1.549,0.1594,0.1701,0.1564,0.1666,-0.0168,-0.1902,0.0077,0.0133,1.0282,-0.045,1.5779,0.000238,-0.0001,0.0
6.135,FLIGHT,0.935,1.5498,0.1561,0.1662,0.1531,0.1627,-0.0168,-0.1902,0.0076,0.013,1.0279,-0.0453,1.5783,0.000237,-0.0001,0.0
6.14,FLIGHT,0.9358,1.5506,0.1528,0.1623,0.1499,0.1588,-0.0167,-0.1901,0.0074,0.0127,1.0276,-0.0455,1.5786,0.000237,-0.0001,0.0
6.145,FLIGHT,0.9365,1.5514,0.1496,0.1584,0.1468,0.155,-0.0167,-0.19,0.0073,0.0124,1.0273,-0.0458,1.579,0.000236,-0.0001,0.0
6.15,FLIGHT,0.9373,1.5522,0.1465,0.1547,0.1437,0.1513,-0.0167,-0.19,0.0072,0.0121,1.0269,-0.046,1.5793,0.000236,-0.0001,0.0
6.155,FLIGHT,0.938,1.5529,0.1434,0.1509,0.1407,0.1476,-0.0166,-0.1899,0.0071,0.0118,1.0266,-0.0463,1.5796,0.000236,-0.0001,0.0
6.16,FLIGHT,0.9387,1.5536,0.1404,0.1473,0.1377,0.144,-0.0166,-0.1899,0.007,0.0115,1.0262,-0.0465,1.58,0.000235,-0.0001,0.0
6.165,FLIGHT,0.9393,1.5543,0.1374,0.1437,0.1348,0.1405,-0.0166,-0.1898,0.007,0.0112,1.0258,-0.0468,1.5803,0.000235,-0.0001,0.0
6.17,FLIGHT,0.94,1.555,0.1346,0.1402,0.132,0.1371,-0.0165,-0.1898,0.0069,0.011,1.0253,-0.047,1.5806,0.000234,-0.0001,0.0
6.175,FLIGHT,0.9407,1.5557,0.1317,0.1367,0.1293,0.1337,-0.0165,-0.1897,0.0068,0.0107,1.0249,-0.0472,1.5809,0.000234,-0.0001,0.0
6.18,FLIGHT,0.9413,1.5564,0.129,0.1334,0.1266,0.1304,-0.0165,-0.1897,0.0067,0.0104,1.0244,-0.0474,1.5812,0.000234,-0.0001,0.0
6.185,FLIGHT,0.9419,1.557,0.1263,0.1301,0.1239,0.1271,-0.0164,-0.1896,0.0066,0.0102,1.0239,-0.0477,1.5815,0.000233,-0.0001,0.0
6.19,FLIGHT,0.9425,1.5577,0.1237,0.1268,0.1214,0.124,-0.0164,-0.1896,0.0066,0.0099,1.0234,-0.0479,1.5817,0.000233,-0.0001,0.0
6.195,FLIGHT,0.9431,1.5583,0.1211,0.1237,0.1188,0.1209,-0.0164,-0.1895,0.0065,0.0097,1.0229,-0.0481,1.582,0.000233,-0.0001,0.0
6.2,FLIGHT,0.9437,1.5589,0.1186,0.1206,0.1164,0.1179,-0.0163,-0.1895,0.0064,0.0094,1.0224,-0.0483,1.5823,0.000232,-0.0001,0.0
6.205,FLIGHT,0.9443,1.5594,0.1161,0.1176,0.114,0.1149,-0.0163,-0.1894,0.0063,0.0092,1.0218,-0.0485,1.5825,0.000232,-0.0001,0.0
6.21,FLIGHT,0.9449,1.56,0.1137,0.1146,0.1116,0.112,-0.0163,-0.1894,0.0063,0.0089,1.0212,-0.0487,1.5828,0.000232,-0.0001,0.0
6.215,FLIGHT,0.9454,1.5606,0.1114,0.1118,0.1093,0.1092,-0.0162,-0.1893,0.0062,0.0087,1.0206,-0.0489,1.5831,0.000231,-0.0001,0.0
6.22,FLIGHT,0.946,1.5611,0.1091,0.109,0.1071,0.1065,-0.0162,-0.1893,0.0061,0.0085,1.02,-0.0491,1.5833,0.000231,-0.0001,0.0
6.225,FLIGHT,0.9465,1.5616,0.1069,0.1062,0.1049,0.1038,-0.0162,-0.1892,0.0061,0.0083,1.0194,-0.0492,1.5836,0.000231,-0.0001,0.0
6.23,FLIGHT,0.947,1.5621,0.1047,0.1036,0.1027,0.1012,-0.0161,-0.1892,0.006,0.0081,1.0187,-0.0494,1.5838,0.000231,-0.0001,0.0
6.235,FLIGHT,0.9475,1.5626,0.1025,0.101,0.1006,0.0987,-0.0161,-0.1892,0.006,0.0078,1.018,-0.0496,1.584,0.00023,-0.0001,0.0
6.24,FLIGHT,0.948,1.5631,0.1004,0.0984,0.0986,0.0962,-0.0161,-0.1891,0.0059,0.0076,1.0174,-0.0498,1.5843,0.00023,-0.0001,0.0
6.245,FLIGHT,0.9485,1.5636,0.0984,0.096,0.0966,0.0938,-0.0161,-0.1891,0.0058,0.0074,1.0166,-0.05,1.5845,0.00023,-0.0001,0.0
6.25,FLIGHT,0.949,1.5641,0.0964,0.0936,0.0946,0.0915,-0.016,-0.1891,0.0058,0.0073,1.0159,-0.0501,1.5847,0.00023,-0.0,0.0
6.255,FLIGHT,0.9495,1.5645,0.0944,0.0913,0.0927,0.0892,-0.016,-0.189,0.0057,0.0071,1.0152,-0.0503,1.5849,0.000229,-0.0,0.0
6.26,FLIGHT,0.9499,1.565,0.0925,0.089,0.0908,0.087,-0.016,-0.189,0.0056,0.0069,1.0144,-0.0504,1.5851,0.000229,-0.0,0.0
6.265,FLIGHT,0.9504,1.5654,0.0906,0.0868,0.0889,0.0848,-0.0159,-0.189,0.0056,0.0067,1.0136,-0.0506,1.5853,0.000229,-0.0,0.0
6.27,FLIGHT,0.9508,1.5658,0.0888,0.0846,0.0871,0.0827,-0.0159,-0.1889,0.0055,0.0065,1.0129,-0.0508,1.5855,0.000229,-0.0,0.0
6.275,FLIGHT,0.9512,1.5662,0.087,0.0825,0.0854,0.0807,-0.0159,-0.1889,0.0054,0.0064,1.012,-0.0509,1.5857,0.000228,-0.0,0.0
6.28,FLIGHT,0.9517,1.5666,0.0852,0.0805,0.0836,0.0787,-0.0159,-0.1889,0.0054,0.0062,1.0112,-0.0511,1.5859,0.000228,-0.0,0.0
6.285,FLIGHT,0.9521,1.567,0.0835,0.0785,0.082,0.0767,-0.0158,-0.1888,0.0053,0.0061,1.0104,-0.0512,1.5861,0.000228,-0.0,0.0
6.29,FLIGHT,0.9525,1.5674,0.0818,0.0766,0.0803,0.0749,-0.0158,-0.1888,0.0052,0.0059,1.0095,-0.0514,1.5863,0.000228,-0.0,0.0
6.295,FLIGHT,0.9529,1.5677,0.0801,0.0747,0.0787,0.073,-0.0158,-0.1888,0.0052,0.0058,1.0086,-0.0515,1.5865,0.000228,-0.0,0.0
6.3,FLIGHT,0.9533,1.5681,0.0785,0.0729,0.0771,0.0713,-0.0158,-0.1887,0.0051,0.0056,1.0077,-0.0517,1.5867,0.000227,-0.0,0.0
6.305,FLIGHT,0.9536,1.5685,0.0769,0.0711,0.0755,0.0695,-0.0157,-0.1887,0.005,0.0055,1.0068,-0.0518,1.5868,0.000227,-0.0,0.0
6.31,FLIGHT,0.954,1.5688,0.0754,0.0694,0.074,0.0679,-0.0157,-0.1887,0.005,0.0053,1.0059,-0.0519,1.587,0.000227,-0.0,0.0
6.315,FLIGHT,0.9544,1.5691,0.0738,0.0677,0.0725,0.0662,-0.0157,-0.1887,0.0049,0.0052,1.005,-0.0521,1.5872,0.000227,-0.0,0.0
6.32,FLIGHT,0.9547,1.5695,0.0723,0.0661,0.071,0.0646,-0.0157,-0.1886,0.0048,0.0051,1.004,-0.0522,1.5873,0.000227,-0.0,0.0
6.325,FLIGHT,0.9551,1.5698,0.0709,0.0645,0.0696,0.0631,-0.0156,-0.1886,0.0048,0.005,1.0031,-0.0524,1.5875,0.000227,-0.0,0.0
6.33,FLIGHT,0.9554,1.5701,0.0694,0.063,0.0681,0.0616,-0.0156,-0.1886,0.0047,0.0048,1.0021,-0.0525,1.5877,0.000226,-0.0,0.0
6.335,FLIGHT,0.9558,1.5704,0.068,0.0615,0.0668,0.0601,-0.0156,-0.1886,0.0046,0.0047,1.0011,-0.0526,1.5878,0.000226,-0.0,0.0
6.34,STANCE,0.9561,1.5707,0.0666,0.06,0.0862,0.0868,-0.0156,-0.1885,0.0046,0.0046,1.0001,0.2011,-0.0238,0.000226,-0.0211,0.0042
6.345,STANCE,0.9586,1.5709,0.417,0.0214,0.968,-0.267,-0.0151,-0.1886,0.0758,-0.0043,0.9993,0.0415,-0.6189,-0.000839,-0.3316,0.0672
6.35,STANCE,0.9654,1.5672,1.0951,-0.5497,1.7089,-1.234,-0.0133,-0.189,0.2809,-0.0653,0.9983,-0.4384,-1.0117,-0.002703,-0.3982,0.0823
6.355,STANCE,0.9726,1.561,1.2354,-0.9701,0.5796,-0.5937,-0.0111,-0.1897,0.3659,-0.1015,0.9977,-0.8242,-1.3708,-0.004207,-0.0953,0.0233
6.36,STANCE,0.9739,1.5595,0.5572,-0.5001,0.1823,-0.2729,-0.0107,-0.1898,0.1737,-0.051,0.9979,-0.8525,-2.0042,-0.004165,0.0707,0.0042
6.365,STANCE,0.9756,1.5565,0.428,-0.6171,0.3941,-1.3497,-0.01,-0.1901,0.1655,-0.0595,0.9981,-1.0742,-2.2233,-0.003685,0.1461,0.0037
6.37,STANCE,0.9791,1.5468,0.6672,-1.5338,1.159,-2.1951,-0.008,-0.191,0.3382,-0.1398,0.9981,-1.4281,-1.8602,-0.003237,-0.0044,0.0041
6.375,STANCE,0.9863,1.5342,1.2209,-2.2361,1.6383,-2.8101,-0.0048,-0.1921,0.5457,-0.1958,0.9982,-1.858,-1.3421,-0.003463,-0.0662,0.0167
6.38,STANCE,0.994,1.5185,1.4276,-2.866,1.5501,-3.1646,-0.0012,-0.1935,0.6806,-0.2356,0.9982,-2.0275,-0.6725,-0.00364,-0.0445,0.0125
6.385,STANCE,1.0007,1.5024,1.3567,-3.098,1.2373,-3.0732,0.0024,-0.1947,0.707,-0.2396,0.9982,-1.9095,-0.0757,-0.003723,-0.0149,0.0067
6.39,STANCE,1.0054,1.487,1.0379,-3.0729,0.6187,-3.0588,0.0055,-0.1959,0.6473,-0.2263,0.9983,-1.5115,0.4279,-0.003651,0.0388,0.0037
6.395,STANCE,1.0075,1.4726,0.6001,-2.9424,0.1611,-2.8613,0.0081,-0.197,0.5469,-0.2103,0.9984,-0.9385,0.8425,-0.003572,0.0299,0.0036
6.4,STANCE,1.0076,1.4588,0.1926,-2.7955,-0.1298,-2.6789,0.0101,-0.198,0.4482,-0.1968,0.9986,-0.3517,1.158,-0.003501,0.0222,0.0035
6.405,STANCE,1.0066,1.4457,-0.0848,-2.6712,-0.1612,-2.4443,0.0118,-0.1989,0.3773,-0.1861,0.9988,0.0719,1.3447,-0.003293,-0.0025,0.0038
6.41,FLIGHT,1.0058,1.4341,-0.1262,-2.4105,-0.31,-1.9644,0.0134,-0.1997,0.3323,-0.1649,0.9992,-1.5928,2.7938,-0.003256,0.0295,0.0033
6.415,FLIGHT,1.0016,1.428,-0.6742,-1.5177,-1.3565,-0.5068,0.0134,-0.2002,0.0903,-0.1114,0.9999,-1.4253,2.6459,-0.00288,0.116,0.0029
6.42,FLIGHT,0.9927,1.4284,-1.4649,-0.3746,-2.1495,0.6042,0.0116,-0.2002,-0.238,-0.0428,1.0009,-1.0995,2.3753,-0.00215,0.1707,0.0021
6.425,FLIGHT,0.9806,1.4334,-2.1327,0.5893,-2.6293,1.3211,0.0085,-0.2,-0.513,0.024,1.0021,-0.7664,2.1022,-0.001226,0.1943,0.0012
6.43,FLIGHT,0.9669,1.4411,-2.5611,1.2482,-2.8331,1.6992,0.0046,-0.1995,-0.6921,0.0812,1.0035,-0.4877,1.8753,-0.000247,0.1944,0.0002
6.435,FLIGHT,0.9527,1.45,-2.7505,1.6139,-2.8254,1.8275,0.0005,-0.1989,-0.7783,0.1242,1.005,-0.2795,1.7071,0.000591,0.1298,0.0
6.44,FLIGHT,0.9389,1.4591,-2.7494,1.749,-2.6817,1.7876,-0.0036,-0.1982,-0.7922,0.1515,1.0064,-0.1354,1.5923,0.00108,0.0699,0.0
6.445,FLIGHT,0.926,1.4677,-2.6186,1.7234,-2.4594,1.6478,-0.0073,-0.1974,-0.7576,0.164,1.0078,-0.0419,1.52,0.001323,0.0302,0.0
6.45,FLIGHT,0.9143,1.4755,-2.4093,1.5988,-2.1992,1.4582,-0.0107,-0.1966,-0.6944,0.1645,1.0092,0.0146,1.4786,0.001406,0.0047,0.0
6.455,FLIGHT,0.904,1.4822,-2.1604,1.4228,-1.9286,1.2528,-0.0137,-0.1959,-0.6174,0.1563,1.0105,0.0456,1.4586,0.001387,-0.0108,0.0022
6.46,FLIGHT,0.895,1.488,-1.8989,1.2281,-1.6649,1.0525,-0.0162,-0.1952,-0.5368,0.1426,1.0117,0.0596,1.4525,0.001309,-0.0196,0.0039
6.465,FLIGHT,0.8873,1.4928,-1.6423,1.0361,-1.4183,0.8694,-0.0183,-0.1947,-0.4586,0.1262,1.0128,0.0631,1.4548,0.001199,-0.0238,0.0048
6.47,FLIGHT,0.8808,1.4967,-1.401,0.8589,-1.1937,0.7091,-0.0201,-0.1942,-0.3863,0.1091,1.0139,0.0603,1.4618,0.001075,-0.0251,0.005
6.475,FLIGHT,0.8754,1.4999,-1.1804,0.7027,-0.993,0.5732,-0.0216,-0.1938,-0.3216,0.0925,1.015,0.0541,1.4711,0.00095,-0.0246,0.0049
6.48,FLIGHT,0.8709,1.5025,-0.9827,0.5697,-0.816,0.461,-0.0228,-0.1934,-0.265,0.0773,1.016,0.0462,1.4811,0.000831,-0.023,0.0046
6.485,FLIGHT,0.8672,1.5046,-0.8079,0.4595,-0.6613,0.3706,-0.0238,-0.1931,-0.2162,0.0638,1.0169,0.0377,1.491,0.000721,-0.0207,0.0041
6.49,FLIGHT,0.8642,1.5062,-0.6548,0.3703,-0.527,0.2992,-0.0246,-0.1929,-0.1746,0.0523,1.0178,0.0294,1.5002,0.000624,-0.0182,0.0036
6.495,FLIGHT,0.8619,1.5076,-0.5218,0.2997,-0.4112,0.2441,-0.0252,-0.1927,-0.1396,0.0426,1.0187,0.0216,1.5085,0.00054,-0.0155,0.0031
6.5,FLIGHT,0.8601,1.5087,-0.4069,0.2452,-0.3115,0.2027,-0.0257,-0.1925,-0.1102,0.0346,1.0195,0.0144,1.5158,0.000469,-0.013,0.0026
6.505,FLIGHT,0.8587,1.5096,-0.308,0.2041,-0.2261,0.1725,-0.0261,-0.1924,-0.0857,0.0282,1.0203,0.0079,1.5222,0.00041,-0.0106,0.0021
6.51,FLIGHT,0.8578,1.5104,-0.2232,0.174,-0.153,0.1514,-0.0264,-0.1923,-0.0655,0.0231,1.021,0.0021,1.5278,0.000362,-0.0085,0.0017
6.515,FLIGHT,0.8572,1.5112,-0.1507,0.1529,-0.0907,0.1375,-0.0266,-0.1922,-0.0487,0.0192,1.0218,-0.0031,1.5325,0.000324,-0.0067,0.0013
6.52,FLIGHT,0.8569,1.5118,-0.0888,0.139,-0.0377,0.1292,-0.0267,-0.1921,-0.035,0.0162,1.0225,-0.0077,1.5366,0.000295,-0.0052,0.001
6.525,FLIGHT,0.8568,1.5125,-0.0361,0.1306,0.0073,0.1253,-0.0268,-0.1921,-0.0238,0.014,1.0232,-0.0118,1.5401,0.000272,-0.0039,0.0008
6.53,FLIGHT,0.8569,1.5131,0.0086,0.1266,0.0454,0.1246,-0.0269,-0.192,-0.0147,0.0124,1.0238,-0.0154,1.5431,0.000255,-0.0029,0.0006
6.535,FLIGHT,0.8572,1.5137,0.0464,0.1259,0.0775,0.1264,-0.0269,-0.192,-0.0073,0.0113,1.0245,-0.0186,1.5457,0.000243,-0.0021,0.0004
6.54,FLIGHT,0.8577,1.5144,0.0783,0.1275,0.1045,0.1299,-0.0269,-0.1919,-0.0014,0.0106,1.0251,-0.0215,1.5479,0.000234,-0.0014,0.0003
6.545,FLIGHT,0.8583,1.515,0.1051,0.1309,0.127,0.1345,-0.0269,-0.1919,0.0033,0.0102,1.0257,-0.0241,1.5499,0.000229,-0.0009,0.0002
6.55,FLIGHT,0.859,1.5157,0.1275,0.1354,0.1458,0.1398,-0.0268,-0.1918,0.007,0.0101,1.0263,-0.0264,1.5515,0.000225,-0.0005,0.0001
6.555,FLIGHT,0.8597,1.5164,0.1461,0.1406,0.1612,0.1455,-0.0268,-0.1918,0.0099,0.0101,1.0268,-0.0284,1.553,0.000223,-0.0002,0.0
6.56,FLIGHT,0.8606,1.5172,0.1615,0.1462,0.1739,0.1512,-0.0267,-0.1917,0.0121,0.0102,1.0273,-0.0303,1.5543,0.000223,0.0,0.0
6.565,FLIGHT,0.8615,1.5179,0.174,0.1518,0.1842,0.1568,-0.0266,-0.1917,0.0138,0.0105,1.0278,-0.0319,1.5555,0.000223,0.0002,0.0
6.57,FLIGHT,0.8624,1.5187,0.1842,0.1573,0.1923,0.1621,-0.0266,-0.1916,0.015,0.0108,1.0283,-0.0335,1.5566,0.000224,0.0003,0.0
6.575,FLIGHT,0.8634,1.5195,0.1923,0.1626,0.1987,0.1671,-0.0265,-0.1916,0.0158,0.0111,1.0288,-0.0348,1.5575,0.000226,0.0003,0.0
6.58,FLIGHT,0.8644,1.5204,0.1986,0.1674,0.2036,0.1716,-0.0264,-0.1915,0.0164,0.0114,1.0292,-0.0361,1.5584,0.000228,0.0004,0.0
6.585,FLIGHT,0.8654,1.5213,0.2034,0.1718,0.2071,0.1756,-0.0263,-0.1914,0.0167,0.0117,1.0297,-0.0372,1.5591,0.000229,0.0004,0.0
6.59,FLIGHT,0.8665,1.5221,0.207,0.1758,0.2096,0.179,-0.0262,-0.1914,0.0169,0.012,1.0301,-0.0382,1.5599,0.000231,0.0004,0.0
6.595,FLIGHT,0.8675,1.523,0.2094,0.1792,0.2111,0.182,-0.0262,-0.1913,0.0169,0.0123,1.0304,-0.0392,1.5606,0.000233,0.0004,0.0
6.6,FLIGHT,0.8686,1.524,0.2109,0.182,0.2118,0.1843,-0.0261,-0.1912,0.0168,0.0126,1.0308,-0.0401,1.5612,0.000235,0.0004,0.0
6.605,FLIGHT,0.8696,1.5249,0.2115,0.1843,0.2118,0.1862,-0.026,-0.1912,0.0166,0.0128,1.0311,-0.0409,1.5618,0.000237,0.0003,0.0
6.61,FLIGHT,0.8707,1.5258,0.2115,0.1861,0.2113,0.1875,-0.0259,-0.1911,0.0164,0.013,1.0314,-0.0416,1.5624,0.000239,0.0003,0.0
6.615,FLIGHT,0.8717,1.5268,0.211,0.1875,0.2102,0.1884,-0.0258,-0.1911,0.0161,0.0132,1.0317,-0.0423,1.5629,0.00024,0.0003,0.0
6.62,FLIGHT,0.8728,1.5277,0.2099,0.1883,0.2088,0.1888,-0.0257,-0.191,0.0157,0.0133,1.032,-0.0429,1.5634,0.000241,0.0002,0.0
6.625,FLIGHT,0.8738,1.5287,0.2084,0.1887,0.207,0.1888,-0.0257,-0.1909,0.0154,0.0134,1.0322,-0.0435,1.5639,0.000242,0.0002,0.0
6.63,FLIGHT,0.8749,1.5296,0.2067,0.1886,0.2049,0.1884,-0.0256,-0.1909,0.0151,0.0134,1.0325,-0.0441,1.5644,0.000243,0.0002,0.0
6.635,FLIGHT,0.8759,1.5305,0.2046,0.1882,0.2026,0.1877,-0.0255,-0.1908,0.0147,0.0135,1.0327,-0.0446,1.5649,0.000244,0.0002,0.0
6.64,FLIGHT,0.8769,1.5315,0.2023,0.1874,0.2001,0.1866,-0.0255,-0.1907,0.0143,0.0135,1.0328,-0.0451,1.5654,0.000245,0.0001,0.0
6.645,FLIGHT,0.8779,1.5324,0.1998,0.1863,0.1975,0.1852,-0.0254,-0.1906,0.014,0.0134,1.033,-0.0456,1.5658,0.000246,0.0001,0.0
6.65,FLIGHT,0.8789,1.5333,0.1972,0.1849,0.1948,0.1836,-0.0253,-0.1906,0.0137,0.0134,1.0331,-0.046,1.5663,0.000246,0.0001,0.0
6.655,FLIGHT,0.8798,1.5342,0.1944,0.1833,0.1919,0.1817,-0.0252,-0.1905,0.0133,0.0133,1.0332,-0.0464,1.5667,0.000247,0.0001,0.0
6.66,FLIGHT,0.8808,1.5351,0.1916,0.1814,0.189,0.1796,-0.0252,-0.1905,0.013,0.0132,1.0333,-0.0468,1.5671,0.000247,0.0001,0.0
6.665,FLIGHT,0.8817,1.536,0.1887,0.1793,0.1861,0.1774,-0.0251,-0.1904,0.0127,0.013,1.0334,-0.0472,1.5675,0.000247,0.0,0.0
6.67,FLIGHT,0.8826,1.5369,0.1858,0.177,0.1831,0.1749,-0.0251,-0.1903,0.0125,0.0129,1.0334,-0.0476,1.5679,0.000247,0.0,0.0
6.675,FLIGHT,0.8835,1.5378,0.1828,0.1746,0.1801,0.1724,-0.025,-0.1903,0.0122,0.0128,1.0334,-0.0479,1.5683,0.000248,0.0,0.0
6.68,FLIGHT,0.8844,1.5386,0.1798,0.1721,0.1771,0.1697,-0.0249,-0.1902,0.0119,0.0126,1.0334,-0.0483,1.5687,0.000248,0.0,0.0
6.685,FLIGHT,0.8853,1.5395,0.1768,0.1694,0.1742,0.1669,-0.0249,-0.1901,0.0117,0.0124,1.0334,-0.0486,1.5691,0.000248,-0.0,0.0
6.69,FLIGHT,0.8862,1.5403,0.1739,0.1666,0.1712,0.1641,-0.0248,-0.1901,0.0115,0.0122,1.0333,-0.0489,1.5695,0.000248,-0.0,0.0
6.695,FLIGHT,0.887,1.5411,0.1709,0.1638,0.1682,0.1612,-0.0248,-0.19,0.0113,0.012,1.0332,-0.0492,1.5698,0.000248,-0.0,0.0
6.7,FLIGHT,0.8879,1.5419,0.168,0.1609,0.1653,0.1582,-0.0247,-0.19,0.0111,0.0118,1.0332,-0.0494,1.5702,0.000247,-0.0,0.0
6.705,FLIGHT,0.8887,1.5427,0.165,0.1579,0.1625,0.1553,-0.0247,-0.1899,0.0109,0.0116,1.033,-0.0497,1.5705,0.000247,-0.0,0.0
6.71,FLIGHT,0.8895,1.5435,0.1622,0.1549,0.1596,0.1522,-0.0246,-0.1898,0.0107,0.0114,1.0329,-0.05,1.5709,0.000247,-0.0,0.0
6.715,FLIGHT,0.8903,1.5442,0.1593,0.1519,0.1568,0.1492,-0.0246,-0.1898,0.0106,0.0112,1.0327,-0.0502,1.5712,0.000247,-0.0,0.0
6.72,FLIGHT,0.891,1.545,0.1565,0.1489,0.1541,0.1462,-0.0245,-0.1897,0.0104,0.0109,1.0326,-0.0505,1.5716,0.000247,-0.0,0.0
6.725,FLIGHT,0.8918,1.5457,0.1538,0.1459,0.1514,0.1432,-0.0244,-0.1897,0.0103,0.0107,1.0323,-0.0507,1.5719,0.000246,-0.0,0.0
6.73,FLIGHT,0.8926,1.5464,0.1511,0.1429,0.1487,0.1402,-0.0244,-0.1896,0.0102,0.0105,1.0321,-0.051,1.5722,0.000246,-0.0,0.0
6.735,FLIGHT,0.8933,1.5471,0.1484,0.1399,0.1461,0.1372,-0.0243,-0.1896,0.01,0.0103,1.0319,-0.0512,1.5726,0.000246,-0.0,0.0
6.74,FLIGHT,0.894,1.5478,0.1458,0.1369,0.1435,0.1342,-0.0243,-0.1895,0.0099,0.01,1.0316,-0.0514,1.5729,0.000246,-0.0,0.0
6.745,FLIGHT,0.8947,1.5484,0.1433,0.1339,0.141,0.1313,-0.0242,-0.1895,0.0098,0.0098,1.0313,-0.0516,1.5732,0.000246,-0.0001,0.0
6.75,FLIGHT,0.8954,1.5491,0.1408,0.131,0.1385,0.1284,-0.0242,-0.1894,0.0097,0.0096,1.031,-0.0518,1.5735,0.000245,-0.0001,0.0
6.755,FLIGHT,0.8961,1.5497,0.1383,0.1281,0.1361,0.1255,-0.0242,-0.1894,0.0096,0.0094,1.0307,-0.052,1.5738,0.000245,-0.0001,0.0
6.76,FLIGHT,0.8968,1.5503,0.1359,0.1253,0.1338,0.1227,-0.0241,-0.1893,0.0095,0.0091,1.0303,-0.0522,1.5741,0.000245,-0.0001,0.0
6.765,FLIGHT,0.8975,1.5509,0.1335,0.1224,0.1314,0.1199,-0.0241,-0.1893,0.0094,0.0089,1.03,-0.0524,1.5744,0.000244,-0.0001,0.0
6.77,FLIGHT,0.8981,1.5515,0.1312,0.1197,0.1292,0.1172,-0.024,-0.1893,0.0093,0.0087,1.0296,-0.0526,1.5746,0.000244,-0.0001,0.0
6.775,FLIGHT,0.8988,1.5521,0.129,0.117,0.127,0.1145,-0.024,-0.1892,0.0093,0.0085,1.0292,-0.0528,1.5749,0.000244,-0.0001,0.0
6.78,FLIGHT,0.8994,1.5527,0.1267,0.1143,0.1248,0.1119,-0.0239,-0.1892,0.0092,0.0083,1.0287,-0.053,1.5752,0.000244,-0.0,0.0
6.785,FLIGHT,0.9,1.5532,0.1246,0.1117,0.1227,0.1093,-0.0239,-0.1891,0.0091,0.0081,1.0283,-0.0531,1.5755,0.000243,-0.0,0.0
6.79,FLIGHT,0.9006,1.5538,0.1225,0.1091,0.1206,0.1068,-0.0238,-0.1891,0.009,0.0079,1.0278,-0.0533,1.5757,0.000243,-0.0,0.0
6.795,FLIGHT,0.9012,1.5543,0.1204,0.1066,0.1185,0.1044,-0.0238,-0.1891,0.009,0.0077,1.0273,-0.0535,1.576,0.000243,-0.0,0.0
6.8,FLIGHT,0.9018,1.5548,0.1183,0.1041,0.1165,0.102,-0.0237,-0.189,0.0089,0.0075,1.0268,-0.0537,1.5762,0.000243,-0.0,0.0
6.805,FLIGHT,0.9024,1.5553,0.1164,0.1017,0.1146,0.0996,-0.0237,-0.189,0.0088,0.0073,1.0263,-0.0538,1.5765,0.000243,-0.0,0.0
6.81,FLIGHT,0.9029,1.5558,0.1144,0.0994,0.1127,0.0973,-0.0237,-0.1889,0.0087,0.0071,1.0257,-0.054,1.5767,0.000242,-0.0,0.0
6.815,FLIGHT,0.9035,1.5563,0.1125,0.0971,0.1108,0.095,-0.0236,-0.1889,0.0087,0.007,1.0252,-0.0541,1.577,0.000242,-0.0,0.0
6.82,FLIGHT,0.904,1.5568,0.1106,0.0948,0.109,0.0928,-0.0236,-0.1889,0.0086,0.0068,1.0246,-0.0543,1.5772,0.000242,-0.0,0.0
6.825,FLIGHT,0.9046,1.5572,0.1088,0.0926,0.1072,0.0907,-0.0235,-0.1888,0.0085,0.0066,1.024,-0.0544,1.5774,0.000242,-0.0,0.0
6.83,FLIGHT,0.9051,1.5577,0.107,0.0905,0.1054,0.0886,-0.0235,-0.1888,0.0085,0.0064,1.0234,-0.0546,1.5777,0.000241,-0.0,0.0
6.835,FLIGHT,0.9056,1.5581,0.1053,0.0884,0.1037,0.0866,-0.0234,-0.1888,0.0084,0.0063,1.0227,-0.0547,1.5779,0.000241,-0.0,0.0
6.84,FLIGHT,0.9062,1.5585,0.1035,0.0864,0.102,0.0846,-0.0234,-0.1887,0.0084,0.0061,1.0221,-0.0549,1.5781,0.000241,-0.0,0.0
6.845,FLIGHT,0.9067,1.559,0.1019,0.0844,0.1004,0.0827,-0.0234,-0.1887,0.0083,0.006,1.0214,-0.055,1.5783,0.000241,-0.0,0.0
6.85,FLIGHT,0.9072,1.5594,0.1002,0.0825,0.0987,0.0808,-0.0233,-0.1887,0.0082,0.0058,1.0207,-0.0552,1.5785,0.000241,-0.0,0.0
6.855,FLIGHT,0.9076,1.5598,0.0986,0.0806,0.0972,0.0789,-0.0233,-0.1887,0.0082,0.0057,1.02,-0.0553,1.5788,0.000241,-0.0,0.0
6.86,FLIGHT,0.9081,1.5602,0.097,0.0788,0.0956,0.0772,-0.0232,-0.1886,0.0081,0.0055,1.0193,-0.0554,1.579,0.00024,-0.0,0.0
6.865,FLIGHT,0.9086,1.5605,0.0954,0.077,0.0941,0.0754,-0.0232,-0.1886,0.008,0.0054,1.0185,-0.0556,1.5792,0.00024,-0.0,0.0
6.87,FLIGHT,0.9091,1.5609,0.0939,0.0753,0.0926,0.0737,-0.0232,-0.1886,0.008,0.0053,1.0178,-0.0557,1.5794,0.00024,-0.0,0.0
6.875,FLIGHT,0.9095,1.5613,0.0924,0.0736,0.0911,0.0721,-0.0231,-0.1886,0.0079,0.0051,1.017,-0.0558,1.5796,0.00024,-0.0,0.0
6.88,FLIGHT,0.91,1.5616,0.091,0.0719,0.0897,0.0705,-0.0231,-0.1885,0.0078,0.005,1.0162,-0.056,1.5798,0.00024,-0.0,0.0
6.885,FLIGHT,0.9104,1.562,0.0895,0.0703,0.0882,0.0689,-0.023,-0.1885,0.0078,0.0049,1.0154,-0.0561,1.58,0.00024,-0.0,0.0
6.89,FLIGHT,0.9109,1.5623,0.0881,0.0688,0.0868,0.0674,-0.023,-0.1885,0.0077,0.0048,1.0146,-0.0562,1.5801,0.000239,-0.0,0.0
6.895,FLIGHT,0.9113,1.5627,0.0867,0.0673,0.0855,0.0659,-0.023,-0.1885,0.0076,0.0047,1.0137,-0.0564,1.5803,0.000239,-0.0,0.0
6.9,FLIGHT,0.9117,1.563,0.0853,0.0658,0.0841,0.0645,-0.0229,-0.1884,0.0076,0.0045,1.0129,-0.0565,1.5805,0.000239,-0.0,0.0
6.905,FLIGHT,0.9121,1.5633,0.084,0.0644,0.0828,0.0631,-0.0229,-0.1884,0.0075,0.0044,1.012,-0.0566,1.5807,0.000239,-0.0,0.0
6.91,FLIGHT,0.9125,1.5636,0.0827,0.063,0.0815,0.0617,-0.0229,-0.1884,0.0074,0.0043,1.0111,-0.0567,1.5809,0.000239,-0.0,0.0
6.915,FLIGHT,0.913,1.5639,0.0814,0.0616,0.0802,0.0604,-0.0228,-0.1884,0.0073,0.0042,1.0102,-0.0568,1.581,0.000239,-0.0,0.0
6.92,FLIGHT,0.9133,1.5642,0.0801,0.0603,0.079,0.0592,-0.0228,-0.1884,0.0073,0.0041,1.0093,-0.057,1.5812,0.000239,-0.0,0.0
6.925,FLIGHT,0.9137,1.5645,0.0789,0.059,0.0777,0.0579,-0.0227,-0.1883,0.0072,0.004,1.0083,-0.0571,1.5814,0.000239,-0.0,0.0
6.93,FLIGHT,0.9141,1.5648,0.0776,0.0578,0.0765,0.0567,-0.0227,-0.1883,0.0071,0.0039,1.0074,-0.0572,1.5816,0.000239,-0.0,0.0
6.935,FLIGHT,0.9145,1.5651,0.0764,0.0566,0.0753,0.0555,-0.0227,-0.1883,0.007,0.0039,1.0064,-0.0573,1.5817,0.000238,-0.0,0.0
6.94,FLIGHT,0.9149,1.5653,0.0752,0.0554,0.0741,0.0544,-0.0226,-0.1883,0.007,0.0038,1.0055,-0.0574,1.5819,0.000238,-0.0,0.0
6.945,FLIGHT,0.9152,1.5656,0.074,0.0543,0.073,0.0533,-0.0226,-0.1883,0.0069,0.0037,1.0045,-0.0575,1.582,0.000238,-0.0,0.0
6.95,FLIGHT,0.9156,1.5659,0.0729,0.0532,0.0718,0.0522,-0.0226,-0.1882,0.0068,0.0036,1.0035,-0.0577,1.5822,0.000238,-0.0,0.0
6.955,FLIGHT,0.916,1.5661,0.0717,0.0521,0.0707,0.0511,-0.0225,-0.1882,0.0067,0.0035,1.0024,-0.0578,1.5824,0.000238,-0.0,0.0
6.96,FLIGHT,0.9163,1.5664,0.0706,0.051,0.0696,0.0501,-0.0225,-0.1882,0.0067,0.0034,1.0014,-0.0579,1.5825,0.000238,-0.0,0.0
6.965,STANCE,0.9167,1.5667,0.0757,0.0585,0.1435,0.1499,-0.0225,-0.1882,0.0067,0.0041,1.0004,0.296,-0.0131,0.000189,-0.117,0.0234
6.97,STANCE,0.919,1.5664,0.3784,-0.0689,0.7671,-0.6272,-0.022,-0.1883,0.0802,-0.0151,0.9993,0.2075,-0.6082,-0.001831,-0.5499,0.1118
6.975,STANCE,0.9234,1.5587,0.7281,-1.162,1.196,-2.1274,-0.0202,-0.1891,0.2901,-0.1271,0.9977,-0.0725,-0.8272,-0.004124,-0.4911,0.1024
6.98,STANCE,0.9267,1.5531,0.5898,-0.9862,-0.0308,-0.0917,-0.0188,-0.1897,0.2421,-0.1053,0.9972,-0.2517,-1.4927,-0.005913,-0.1638,0.0387
6.985,STANCE,0.9262,1.5534,0.1226,-0.2833,0.0006,-0.0746,-0.0189,-0.1897,0.0607,-0.0294,0.9975,-0.2769,-2.2904,-0.006301,-0.0205,0.0104
6.99,STANCE,0.9276,1.5507,0.266,-0.5239,0.4813,-1.4261,-0.0183,-0.19,0.1199,-0.0547,0.9979,-0.5556,-2.5027,-0.006248,0.0644,0.0062
6.995,STANCE,0.9306,1.5394,0.5262,-1.7217,0.8324,-2.5061,-0.0162,-0.1911,0.3308,-0.1691,0.9978,-0.8994,-2.0363,-0.00567,0.129,0.0057
7.0,STANCE,0.935,1.5245,0.7724,-2.6083,1.0482,-3.1877,-0.0134,-0.1925,0.5021,-0.2467,0.9977,-1.1941,-1.4423,-0.004843,0.1491,0.0048
7.005,STANCE,0.9425,1.5086,1.2978,-2.9944,1.7565,-3.2385,-0.0098,-0.194,0.6638,-0.2745,0.998,-1.5202,-0.8494,-0.004605,-0.0073,0.0061
7.01,STANCE,0.9506,1.4911,1.5016,-3.3583,1.5426,-3.5594,-0.0058,-0.1956,0.7631,-0.2904,0.9981,-1.585,-0.1423,-0.004486,0.0313,0.0045
7.015,STANCE,0.957,1.473,1.3345,-3.5236,1.0325,-3.5979,-0.002,-0.1971,0.7626,-0.286,0.9984,-1.337,0.5113,-0.004242,0.0596,0.0042
7.02,STANCE,0.9611,1.4558,0.9486,-3.464,0.5438,-3.3507,0.0013,-0.1984,0.6852,-0.2668,0.9986,-0.8668,1.0219,-0.00401,0.0516,0.004
7.025,STANCE,0.9627,1.4397,0.5102,-3.273,0.1687,-3.0336,0.004,-0.1997,0.5759,-0.2429,0.9989,-0.3287,1.3693,-0.003707,0.0597,0.0037
7.03,STANCE,0.963,1.4253,0.2025,-2.98,0.0177,-2.6829,0.0061,-0.2007,0.4754,-0.2154,0.9994,0.0715,1.515,-0.003314,0.0877,0.0033
7.035,FLIGHT,0.9632,1.413,0.0874,-2.6017,-0.0838,-2.1022,0.0079,-0.2016,0.3995,-0.1837,0.9999,-1.1442,2.4501,-0.002886,0.0938,0.0029
7.04,FLIGHT,0.9608,1.4055,-0.3342,-1.7846,-0.8375,-0.9209,0.0086,-0.2022,0.1951,-0.128,1.0008,-1.007,2.3267,-0.002277,0.1466,0.0023
7.045,FLIGHT,0.9551,1.4033,-0.9078,-0.8275,-1.3976,-0.0166,0.0077,-0.2024,-0.0621,-0.0655,1.002,-0.7619,2.1228,-0.001457,0.1773,0.0015
7.05,FLIGHT,0.9472,1.4049,-1.38,-0.027,-1.7263,0.5858,0.0059,-0.2023,-0.2752,-0.0101,1.0033,-0.5162,1.9226,-0.000539,0.1869,0.0005
7.055,FLIGHT,0.9382,1.4088,-1.6728,0.5356,-1.8513,0.934,0.0035,-0.2021,-0.4158,0.0337,1.0047,-0.3133,1.7594,0.000349,0.1493,0.0
7.06,FLIGHT,0.929,1.4139,-1.7896,0.8758,-1.8267,1.0939,0.0009,-0.2017,-0.4873,0.0649,1.0062,-0.1636,1.6404,0.000924,0.0844,0.0
7.065,FLIGHT,0.9201,1.4195,-1.7712,1.0411,-1.7076,1.1269,-0.0017,-0.2013,-0.5055,0.0842,1.0077,-0.0611,1.5604,0.001228,0.0403,0.0
7.07,FLIGHT,0.912,1.425,-1.6616,1.0846,-1.5344,1.0834,-0.0041,-0.2008,-0.4877,0.0936,1.0091,0.0042,1.5109,0.001353,0.0117,0.0
7.075,FLIGHT,0.9048,1.4302,-1.4981,1.052,-1.3364,0.9998,-0.0063,-0.2003,-0.4485,0.0954,1.0106,0.0424,1.4834,0.001363,-0.0061,0.0012
7.08,FLIGHT,0.8986,1.435,-1.3085,0.9778,-1.1335,0.9006,-0.0082,-0.1999,-0.3986,0.0922,1.012,0.0623,1.4708,0.001304,-0.0165,0.0033
7.085,FLIGHT,0.8935,1.4392,-1.1124,0.8859,-0.9379,0.8007,-0.0098,-0.1995,-0.3454,0.0859,1.0133,0.0701,1.4677,0.001207,-0.0218,0.0044
7.09,FLIGHT,0.8892,1.443,-0.922,0.7915,-0.7565,0.7087,-0.0112,-0.1991,-0.2933,0.0782,1.0146,0.0706,1.4702,0.001091,-0.0239,0.0048
7.095,FLIGHT,0.8859,1.4464,-0.7445,0.7033,-0.5926,0.6286,-0.0123,-0.1988,-0.2451,0.0701,1.0158,0.0669,1.4757,0.000971,-0.024,0.0048
7.1,FLIGHT,0.8833,1.4493,-0.5835,0.6257,-0.4471,0.5618,-0.0132,-0.1985,-0.2019,0.0624,1.017,0.0609,1.4826,0.000854,-0.0227,0.0045
7.105,FLIGHT,0.8814,1.452,-0.4401,0.5606,-0.3196,0.5077,-0.014,-0.1983,-0.1641,0.0555,1.0182,0.054,1.4899,0.000745,-0.0207,0.0041
7.11,FLIGHT,0.8801,1.4544,-0.3141,0.5076,-0.2088,0.4654,-0.0146,-0.198,-0.1317,0.0495,1.0193,0.0469,1.497,0.000648,-0.0183,0.0037
7.115,FLIGHT,0.8793,1.4567,-0.2045,0.4659,-0.1134,0.4332,-0.015,-0.1978,-0.1041,0.0445,1.0204,0.04,1.5036,0.000563,-0.0157,0.0031
7.12,FLIGHT,0.8789,1.4588,-0.11,0.434,-0.0316,0.4094,-0.0154,-0.1976,-0.0809,0.0405,1.0215,0.0335,1.5096,0.00049,-0.0132,0.0026
7.125,FLIGHT,0.8789,1.4608,-0.0289,0.4104,0.0381,0.3926,-0.0157,-0.1974,-0.0616,0.0372,1.0225,0.0276,1.515,0.00043,-0.0108,0.0022
7.13,FLIGHT,0.8793,1.4627,0.0403,0.3936,0.0973,0.3812,-0.0159,-0.1973,-0.0456,0.0347,1.0235,0.0221,1.5198,0.000381,-0.0087,0.0017
7.135,FLIGHT,0.8799,1.4646,0.099,0.3823,0.1473,0.3741,-0.016,-0.1971,-0.0324,0.0328,1.0245,0.0172,1.524,0.000343,-0.0069,0.0014
7.14,FLIGHT,0.8807,1.4664,0.1486,0.3751,0.1894,0.3703,-0.0161,-0.197,-0.0217,0.0314,1.0255,0.0128,1.5277,0.000312,-0.0053,0.0011
7.145,FLIGHT,0.8818,1.4683,0.1903,0.3712,0.2245,0.3689,-0.0161,-0.1968,-0.0129,0.0304,1.0264,0.0088,1.531,0.000289,-0.0041,0.0008
7.15,FLIGHT,0.883,1.4701,0.2252,0.3697,0.2536,0.3691,-0.0161,-0.1967,-0.0059,0.0298,1.0273,0.0052,1.5339,0.000271,-0.003,0.0006
7.155,FLIGHT,0.8843,1.472,0.2541,0.3698,0.2775,0.3705,-0.0161,-0.1965,-0.0002,0.0293,1.0282,0.0019,1.5365,0.000258,-0.0022,0.0004
7.16,FLIGHT,0.8857,1.4738,0.2778,0.3711,0.297,0.3726,-0.0161,-0.1964,0.0042,0.0291,1.029,-0.0011,1.5389,0.000249,-0.0015,0.0003
7.165,FLIGHT,0.8873,1.4757,0.2971,0.373,0.3126,0.375,-0.0161,-0.1962,0.0077,0.029,1.0299,-0.0038,1.541,0.000243,-0.001,0.0002
7.17,FLIGHT,0.8889,1.4776,0.3125,0.3753,0.3248,0.3774,-0.016,-0.1961,0.0104,0.029,1.0307,-0.0063,1.5429,0.000239,-0.0006,0.0001
7.175,FLIGHT,0.8905,1.4795,0.3247,0.3776,0.3342,0.3797,-0.0159,-0.1959,0.0124,0.029,1.0315,-0.0086,1.5447,0.000237,-0.0003,0.0001
7.18,FLIGHT,0.8922,1.4814,0.334,0.3798,0.3412,0.3817,-0.0159,-0.1958,0.0139,0.0291,1.0323,-0.0106,1.5463,0.000236,-0.0001,0.0
7.185,FLIGHT,0.8939,1.4833,0.3409,0.3817,0.346,0.3832,-0.0158,-0.1956,0.015,0.0292,1.033,-0.0125,1.5478,0.000235,0.0,0.0
7.19,FLIGHT,0.8956,1.4852,0.3456,0.3832,0.349,0.3843,-0.0157,-0.1955,0.0156,0.0293,1.0337,-0.0143,1.5492,0.000236,0.0002,0.0
7.195,FLIGHT,0.8974,1.4871,0.3486,0.3841,0.3505,0.3848,-0.0156,-0.1953,0.0161,0.0294,1.0344,-0.0159,1.5505,0.000237,0.0002,0.0
7.2,FLIGHT,0.8992,1.4891,0.35,0.3846,0.3507,0.3847,-0.0155,-0.1952,0.0162,0.0294,1.0351,-0.0174,1.5518,0.000238,0.0003,0.0
7.205,FLIGHT,0.9009,1.491,0.3502,0.3845,0.3497,0.3841,-0.0155,-0.1951,0.0162,0.0295,1.0358,-0.0188,1.5529,0.000239,0.0003,0.0
7.21,FLIGHT,0.9026,1.4929,0.3492,0.3838,0.3479,0.3829,-0.0154,-0.1949,0.0161,0.0295,1.0364,-0.0201,1.554,0.000241,0.0003,0.0
7.215,FLIGHT,0.9044,1.4948,0.3473,0.3825,0.3452,0.3811,-0.0153,-0.1948,0.0158,0.0294,1.037,-0.0213,1.5551,0.000242,0.0003,0.0
7.22,FLIGHT,0.9061,1.4967,0.3446,0.3807,0.3419,0.3789,-0.0152,-0.1946,0.0155,0.0293,1.0376,-0.0225,1.5561,0.000243,0.0002,0.0
7.225,FLIGHT,0.9078,1.4986,0.3412,0.3784,0.338,0.3761,-0.0151,-0.1945,0.0151,0.0292,1.0381,-0.0235,1.5571,0.000244,0.0002,0.0
7.23,FLIGHT,0.9095,1.5005,0.3373,0.3756,0.3336,0.3728,-0.0151,-0.1943,0.0147,0.029,1.0387,-0.0245,1.558,0.000245,0.0002,0.0
7.235,FLIGHT,0.9111,1.5023,0.333,0.3723,0.3289,0.3691,-0.015,-0.1942,0.0143,0.0288,1.0392,-0.0255,1.5589,0.000246,0.0002,0.0
7.24,FLIGHT,0.9128,1.5042,0.3283,0.3686,0.3239,0.3651,-0.0149,-0.194,0.0138,0.0286,1.0397,-0.0263,1.5598,0.000247,0.0001,0.0
7.245,FLIGHT,0.9144,1.506,0.3233,0.3645,0.3187,0.3606,-0.0149,-0.1939,0.0134,0.0283,1.0401,-0.0272,1.5606,0.000247,0.0001,0.0
7.25,FLIGHT,0.916,1.5078,0.318,0.36,0.3132,0.3559,-0.0148,-0.1938,0.0129,0.028,1.0406,-0.028,1.5615,0.000248,0.0001,0.0
7.255,FLIGHT,0.9175,1.5095,0.3126,0.3553,0.3077,0.3509,-0.0147,-0.1936,0.0125,0.0277,1.041,-0.0287,1.5623,0.000248,0.0,0.0
7.26,FLIGHT,0.919,1.5113,0.307,0.3502,0.302,0.3456,-0.0147,-0.1935,0.012,0.0274,1.0414,-0.0295,1.563,0.000248,0.0,0.0
7.265,FLIGHT,0.9205,1.513,0.3014,0.3449,0.2963,0.3401,-0.0146,-0.1934,0.0116,0.027,1.0417,-0.0301,1.5638,0.000248,0.0,0.0
7.27,FLIGHT,0.922,1.5147,0.2957,0.3394,0.2905,0.3344,-0.0146,-0.1932,0.0112,0.0266,1.0421,-0.0308,1.5645,0.000248,-0.0,0.0
7.275,FLIGHT,0.9234,1.5163,0.2899,0.3337,0.2848,0.3286,-0.0145,-0.1931,0.0109,0.0262,1.0424,-0.0314,1.5652,0.000248,-0.0,0.0
7.28,FLIGHT,0.9248,1.518,0.2842,0.3279,0.279,0.3226,-0.0145,-0.193,0.0105,0.0258,1.0427,-0.032,1.5659,0.000248,-0.0001,0.0
7.285,FLIGHT,0.9262,1.5196,0.2784,0.3219,0.2733,0.3166,-0.0144,-0.1928,0.0102,0.0253,1.0429,-0.0326,1.5666,0.000248,-0.0001,0.0
7.29,FLIGHT,0.9276,1.5211,0.2727,0.3159,0.2676,0.3104,-0.0144,-0.1927,0.0099,0.0249,1.0432,-0.0332,1.5673,0.000247,-0.0001,0.0
7.295,FLIGHT,0.9289,1.5227,0.267,0.3098,0.262,0.3042,-0.0143,-0.1926,0.0096,0.0244,1.0434,-0.0337,1.5679,0.000247,-0.0001,0.0
7.3,FLIGHT,0.9302,1.5242,0.2614,0.3036,0.2564,0.298,-0.0143,-0.1925,0.0093,0.024,1.0436,-0.0342,1.5686,0.000247,-0.0001,0.0
7.305,FLIGHT,0.9315,1.5257,0.2558,0.2974,0.2509,0.2918,-0.0142,-0.1924,0.009,0.0235,1.0437,-0.0347,1.5692,0.000246,-0.0001,0.0
7.31,FLIGHT,0.9327,1.5271,0.2504,0.2911,0.2455,0.2855,-0.0142,-0.1922,0.0088,0.023,1.0439,-0.0352,1.5698,0.000246,-0.0001,0.0
7.315,FLIGHT,0.9339,1.5285,0.2449,0.2849,0.2401,0.2793,-0.0141,-0.1921,0.0086,0.0226,1.044,-0.0357,1.5704,0.000245,-0.0001,0.0
7.32,FLIGHT,0.9351,1.5299,0.2396,0.2787,0.2349,0.2731,-0.0141,-0.192,0.0084,0.0221,1.0441,-0.0361,1.571,0.000244,-0.0001,0.0
7.325,FLIGHT,0.9363,1.5312,0.2344,0.2725,0.2297,0.2669,-0.0141,-0.1919,0.0082,0.0216,1.0441,-0.0366,1.5716,0.000244,-0.0001,0.0
7.33,FLIGHT,0.9374,1.5326,0.2292,0.2663,0.2247,0.2608,-0.014,-0.1918,0.008,0.0211,1.0442,-0.037,1.5721,0.000243,-0.0001,0.0
7.335,FLIGHT,0.9385,1.5338,0.2242,0.2602,0.2197,0.2548,-0.014,-0.1917,0.0079,0.0207,1.0442,-0.0374,1.5727,0.000243,-0.0001,0.0
7.34,FLIGHT,0.9396,1.5351,0.2192,0.2542,0.2148,0.2488,-0.0139,-0.1916,0.0077,0.0202,1.0442,-0.0378,1.5732,0.000242,-0.0001,0.0
7.345,FLIGHT,0.9407,1.5363,0.2144,0.2482,0.2101,0.2429,-0.0139,-0.1915,0.0076,0.0197,1.0441,-0.0382,1.5737,0.000241,-0.0001,0.0
7.35,FLIGHT,0.9417,1.5375,0.2096,0.2423,0.2054,0.2371,-0.0139,-0.1914,0.0074,0.0193,1.0441,-0.0386,1.5742,0.000241,-0.0001,0.0
7.355,FLIGHT,0.9427,1.5387,0.2049,0.2365,0.2008,0.2314,-0.0138,-0.1913,0.0073,0.0188,1.044,-0.039,1.5747,0.00024,-0.0001,0.0
7.36,FLIGHT,0.9437,1.5399,0.2004,0.2308,0.1963,0.2257,-0.0138,-0.1912,0.0072,0.0184,1.0439,-0.0394,1.5752,0.00024,-0.0001,0.0
7.365,FLIGHT,0.9447,1.541,0.1959,0.2252,0.192,0.2202,-0.0138,-0.1911,0.0071,0.0179,1.0438,-0.0397,1.5756,0.000239,-0.0001,0.0
7.37,FLIGHT,0.9456,1.5421,0.1916,0.2196,0.1877,0.2147,-0.0137,-0.1911,0.007,0.0175,1.0436,-0.0401,1.5761,0.000238,-0.0001,0.0
7.375,FLIGHT,0.9466,1.5431,0.1873,0.2142,0.1835,0.2094,-0.0137,-0.191,0.0069,0.0171,1.0435,-0.0404,1.5766,0.000238,-0.0001,0.0
7.38,FLIGHT,0.9475,1.5441,0.1831,0.2089,0.1794,0.2041,-0.0137,-0.1909,0.0068,0.0166,1.0433,-0.0407,1.577,0.000237,-0.0001,0.0
7.385,FLIGHT,0.9483,1.5452,0.179,0.2036,0.1754,0.199,-0.0136,-0.1908,0.0067,0.0162,1.0431,-0.041,1.5774,0.000236,-0.0001,0.0
7.39,FLIGHT,0.9492,1.5461,0.175,0.1985,0.1715,0.194,-0.0136,-0.1907,0.0066,0.0158,1.0428,-0.0413,1.5778,0.000236,-0.0001,0.0
7.395,FLIGHT,0.9501,1.5471,0.1711,0.1935,0.1677,0.1891,-0.0136,-0.1907,0.0065,0.0154,1.0426,-0.0416,1.5783,0.000235,-0.0001,0.0
7.4,FLIGHT,0.9509,1.548,0.1673,0.1886,0.164,0.1842,-0.0135,-0.1906,0.0065,0.015,1.0423,-0.0419,1.5786,0.000235,-0.0001,0.0
7.405,FLIGHT,0.9517,1.5489,0.1636,0.1838,0.1603,0.1795,-0.0135,-0.1905,0.0064,0.0146,1.042,-0.0422,1.579,0.000234,-0.0001,0.0
7.41,FLIGHT,0.9525,1.5498,0.16,0.1791,0.1567,0.1749,-0.0135,-0.1904,0.0063,0.0143,1.0417,-0.0425,1.5794,0.000234,-0.0001,0.0
7.415,FLIGHT,0.9533,1.5507,0.1564,0.1745,0.1533,0.1704,-0.0134,-0.1904,0.0063,0.0139,1.0413,-0.0428,1.5798,0.000233,-0.0001,0.0
7.42,FLIGHT,0.954,1.5515,0.1529,0.17,0.1499,0.166,-0.0134,-0.1903,0.0062,0.0135,1.0409,-0.0431,1.5802,0.000233,-0.0001,0.0
7.425,FLIGHT,0.9548,1.5523,0.1496,0.1656,0.1466,0.1618,-0.0134,-0.1902,0.0061,0.0132,1.0406,-0.0433,1.5805,0.000232,-0.0001,0.0
7.43,FLIGHT,0.9555,1.5531,0.1463,0.1614,0.1433,0.1576,-0.0133,-0.1902,0.0061,0.0129,1.0401,-0.0436,1.5809,0.000232,-0.0001,0.0
7.435,FLIGHT,0.9562,1.5539,0.143,0.1572,0.1402,0.1535,-0.0133,-0.1901,0.006,0.0125,1.0397,-0.0438,1.5812,0.000231,-0.0001,0.0
7.44,FLIGHT,0.9569,1.5547,0.1399,0.1531,0.1371,0.1495,-0.0133,-0.19,0.0059,0.0122,1.0393,-0.0441,1.5815,0.000231,-0.0001,0.0
7.445,FLIGHT,0.9576,1.5554,0.1368,0.1491,0.1341,0.1456,-0.0132,-0.19,0.0059,0.0119,1.0388,-0.0443,1.5818,0.00023,-0.0001,0.0
7.45,FLIGHT,0.9582,1.5561,0.1338,0.1453,0.1311,0.1419,-0.0132,-0.1899,0.0058,0.0116,1.0383,-0.0446,1.5822,0.00023,-0.0001,0.0
7.455,FLIGHT,0.9589,1.5568,0.1308,0.1415,0.1282,0.1382,-0.0132,-0.1899,0.0058,0.0113,1.0378,-0.0448,1.5825,0.000229,-0.0001,0.0
7.46,FLIGHT,0.9595,1.5575,0.128,0.1378,0.1254,0.1346,-0.0132,-0.1898,0.0057,0.011,1.0373,-0.045,1.5828,0.000229,-0.0001,0.0
7.465,FLIGHT,0.9601,1.5582,0.1252,0.1342,0.1227,0.1311,-0.0131,-0.1898,0.0057,0.0107,1.0367,-0.0453,1.5831,0.000229,-0.0001,0.0
7.47,FLIGHT,0.9607,1.5588,0.1224,0.1308,0.12,0.1277,-0.0131,-0.1897,0.0056,0.0104,1.0361,-0.0455,1.5833,0.000228,-0.0001,0.0
7.475,FLIGHT,0.9613,1.5595,0.1198,0.1274,0.1174,0.1244,-0.0131,-0.1897,0.0056,0.0101,1.0356,-0.0457,1.5836,0.000228,-0.0001,0.0
7.48,FLIGHT,0.9619,1.5601,0.1171,0.1241,0.1148,0.1211,-0.013,-0.1896,0.0055,0.0099,1.035,-0.0459,1.5839,0.000227,-0.0001,0.0
7.485,FLIGHT,0.9625,1.5607,0.1146,0.1208,0.1123,0.118,-0.013,-0.1896,0.0054,0.0096,1.0343,-0.0461,1.5842,0.000227,-0.0001,0.0
7.49,FLIGHT,0.963,1.5613,0.1121,0.1177,0.1099,0.1149,-0.013,-0.1895,0.0054,0.0093,1.0337,-0.0463,1.5844,0.000227,-0.0001,0.0
7.495,FLIGHT,0.9636,1.5618,0.1097,0.1147,0.1075,0.112,-0.013,-0.1895,0.0053,0.0091,1.033,-0.0465,1.5847,0.000226,-0.0001,0.0
7.5,FLIGHT,0.9641,1.5624,0.1073,0.1117,0.1052,0.1091,-0.0129,-0.1894,0.0053,0.0089,1.0323,-0.0467,1.5849,0.000226,-0.0001,0.0
7.505,FLIGHT,0.9646,1.5629,0.105,0.1088,0.1029,0.1062,-0.0129,-0.1894,0.0052,0.0086,1.0316,-0.0469,1.5852,0.000226,-0.0001,0.0
7.51,FLIGHT,0.9651,1.5634,0.1027,0.106,0.1007,0.1035,-0.0129,-0.1894,0.0052,0.0084,1.0309,-0.0471,1.5854,0.000225,-0.0001,0.0
7.515,FLIGHT,0.9656,1.5639,0.1005,0.1033,0.0985,0.1008,-0.0129,-0.1893,0.0051,0.0082,1.0302,-0.0473,1.5857,0.000225,-0.0001,0.0
7.52,FLIGHT,0.9661,1.5644,0.0983,0.1006,0.0964,0.0982,-0.0128,-0.1893,0.0051,0.008,1.0294,-0.0474,1.5859,0.000225,-0.0001,0.0
7.525,FLIGHT,0.9666,1.5649,0.0962,0.098,0.0943,0.0957,-0.0128,-0.1892,0.005,0.0078,1.0287,-0.0476,1.5861,0.000225,-0.0001,0.0
7.53,FLIGHT,0.9671,1.5654,0.0941,0.0955,0.0923,0.0933,-0.0128,-0.1892,0.0049,0.0076,1.0279,-0.0478,1.5863,0.000224,-0.0001,0.0
7.535,FLIGHT,0.9675,1.5659,0.0921,0.093,0.0903,0.0909,-0.0128,-0.1892,0.0049,0.0074,1.0271,-0.048,1.5866,0.000224,-0.0001,0.0
7.54,FLIGHT,0.968,1.5663,0.0901,0.0907,0.0883,0.0886,-0.0127,-0.1891,0.0048,0.0072,1.0262,-0.0481,1.5868,0.000224,-0.0,0.0
7.545,FLIGHT,0.9684,1.5667,0.0882,0.0884,0.0864,0.0863,-0.0127,-0.1891,0.0048,0.007,1.0254,-0.0483,1.587,0.000224,-0.0,0.0
7.55,FLIGHT,0.9688,1.5672,0.0863,0.0861,0.0846,0.0841,-0.0127,-0.1891,0.0047,0.0068,1.0245,-0.0485,1.5872,0.000223,-0.0,0.0
7.555,FLIGHT,0.9693,1.5676,0.0844,0.0839,0.0828,0.082,-0.0127,-0.189,0.0046,0.0066,1.0237,-0.0486,1.5874,0.000223,-0.0,0.0
7.56,FLIGHT,0.9697,1.568,0.0826,0.0818,0.081,0.0799,-0.0126,-0.189,0.0046,0.0065,1.0228,-0.0488,1.5876,0.000223,-0.0,0.0
7.565,FLIGHT,0.9701,1.5684,0.0808,0.0797,0.0792,0.0779,-0.0126,-0.189,0.0045,0.0063,1.0219,-0.0489,1.5878,0.000223,-0.0,0.0
7.57,FLIGHT,0.9705,1.5688,0.0791,0.0777,0.0775,0.076,-0.0126,-0.1889,0.0045,0.0061,1.021,-0.0491,1.5879,0.000222,-0.0,0.0
7.575,FLIGHT,0.9708,1.5691,0.0774,0.0758,0.0758,0.0741,-0.0126,-0.1889,0.0044,0.006,1.02,-0.0492,1.5881,0.000222,-0.0,0.0
7.58,FLIGHT,0.9712,1.5695,0.0757,0.0739,0.0742,0.0722,-0.0126,-0.1889,0.0043,0.0058,1.0191,-0.0494,1.5883,0.000222,-0.0,0.0
7.585,FLIGHT,0.9716,1.5699,0.0741,0.072,0.0726,0.0704,-0.0125,-0.1888,0.0043,0.0057,1.0181,-0.0495,1.5885,0.000222,-0.0,0.0
7.59,FLIGHT,0.9719,1.5702,0.0725,0.0703,0.071,0.0687,-0.0125,-0.1888,0.0042,0.0055,1.0171,-0.0497,1.5886,0.000222,-0.0,0.0
7.595,FLIGHT,0.9723,1.5706,0.0709,0.0685,0.0695,0.067,-0.0125,-0.1888,0.0042,0.0054,1.0161,-0.0498,1.5888,0.000222,-0.0,0.0
7.6,FLIGHT,0.9726,1.5709,0.0694,0.0668,0.068,0.0653,-0.0125,-0.1888,0.0041,0.0053,1.0151,-0.05,1.589,0.000221,-0.0,0.0
7.605,FLIGHT,0.973,1.5712,0.0678,0.0652,0.0665,0.0637,-0.0125,-0.1887,0.004,0.0051,1.0141,-0.0501,1.5891,0.000221,-0.0,0.0
7.61,FLIGHT,0.9733,1.5715,0.0664,0.0636,0.0651,0.0622,-0.0124,-0.1887,0.004,0.005,1.013,-0.0502,1.5893,0.000221,-0.0,0.0
7.615,FLIGHT,0.9736,1.5718,0.0649,0.062,0.0636,0.0607,-0.0124,-0.1887,0.0039,0.0049,1.012,-0.0504,1.5895,0.000221,-0.0,0.0
7.62,FLIGHT,0.9739,1.5721,0.0635,0.0605,0.0622,0.0592,-0.0124,-0.1887,0.0038,0.0048,1.0109,-0.0505,1.5896,0.000221,-0.0,0.0
7.625,FLIGHT,0.9743,1.5724,0.0621,0.0591,0.0609,0.0578,-0.0124,-0.1886,0.0038,0.0047,1.0098,-0.0506,1.5898,0.000221,-0.0,0.0
7.63,FLIGHT,0.9746,1.5727,0.0607,0.0577,0.0595,0.0564,-0.0124,-0.1886,0.0037,0.0045,1.0087,-0.0508,1.5899,0.000221,-0.0,0.0
7.635,FLIGHT,0.9748,1.573,0.0594,0.0563,0.0582,0.0551,-0.0123,-0.1886,0.0036,0.0044,1.0076,-0.0509,1.59,0.00022,-0.0,0.0
7.64,FLIGHT,0.9751,1.5733,0.0581,0.0549,0.0569,0.0537,-0.0123,-0.1886,0.0036,0.0043,1.0065,-0.051,1.5902,0.00022,-0.0,0.0
7.645,FLIGHT,0.9754,1.5735,0.0568,0.0536,0.0556,0.0525,-0.0123,-0.1886,0.0035,0.0042,1.0053,-0.0511,1.5903,0.00022,-0.0,0.0
7.65,FLIGHT,0.9757,1.5738,0.0555,0.0524,0.0544,0.0512,-0.0123,-0.1885,0.0034,0.0041,1.0042,-0.0513,1.5905,0.00022,-0.0,0.0
7.655,FLIGHT,0.976,1.574,0.0543,0.0511,0.0532,0.05,-0.0123,-0.1885,0.0033,0.004,1.003,-0.0514,1.5906,0.00022,-0.0,0.0
7.66,FLIGHT,0.9762,1.5743,0.0531,0.0499,0.052,0.0489,-0.0123,-0.1885,0.0033,0.0039,1.0018,-0.0515,1.5907,0.00022,-0.0,0.0
7.665,FLIGHT,0.9765,1.5745,0.0519,0.0488,0.0508,0.0478,-0.0122,-0.1885,0.0032,0.0038,1.0006,-0.0516,1.5909,0.00022,-0.0,0.0
7.67,STANCE,0.9768,1.5749,0.0694,0.0728,0.2035,0.2536,-0.0122,-0.1884,0.0033,0.0058,0.9995,0.1578,-0.1501,8.1e-05,-0.2276,0.0455
7.675,STANCE,0.9804,1.5749,0.5505,-0.0174,1.0268,-0.5297,-0.0116,-0.1885,0.1061,-0.008,0.9985,-0.122,-0.7206,-0.002212,-0.5248,0.1072
7.68,STANCE,0.9838,1.5712,0.5831,-0.4523,0.1486,-0.1446,-0.0104,-0.1889,0.1715,-0.0469,0.9977,-0.3806,-1.1462,-0.003992,-0.1707,0.0381
7.685,STANCE,0.9838,1.572,0.1763,-0.0306,-0.001,0.181,-0.0105,-0.1888,0.0374,-0.0046,0.9979,-0.4991,-1.8768,-0.004411,-0.0244,0.0093
7.69,STANCE,0.9848,1.5715,0.2156,-0.1177,0.4304,-0.4574,-0.0103,-0.1888,0.0567,-0.0128,0.9982,-0.8047,-2.2673,-0.004381,0.0294,0.0044
7.695,STANCE,0.9874,1.5652,0.4208,-1.0096,0.4979,-2.2458,-0.0089,-0.1894,0.2176,-0.0937,0.9982,-1.1773,-2.107,-0.003979,0.1514,0.004
7.7,STANCE,0.9912,1.555,0.6526,-1.7498,0.6017,-2.8258,-0.0068,-0.1904,0.3653,-0.1569,0.9982,-1.517,-1.7675,-0.003316,0.2046,0.0033
7.705,STANCE,0.9959,1.5428,0.8873,-2.182,1.2356,-2.3827,-0.0042,-0.1914,0.4737,-0.1887,0.9984,-1.7623,-1.3441,-0.002754,0.0365,0.0028
7.71,STANCE,1.0023,1.5296,1.1384,-2.5258,1.1193,-3.02,-0.0011,-0.1926,0.575,-0.2085,0.9987,-1.8894,-0.7932,-0.002598,0.0685,0.0026
7.715,STANCE,1.0078,1.5147,1.1055,-2.8414,0.9406,-3.0734,0.002,-0.1938,0.6192,-0.2226,0.9989,-1.7426,-0.1597,-0.002297,0.0833,0.0023
7.72,STANCE,1.0121,1.5001,0.9126,-2.8943,0.6293,-2.9243,0.005,-0.1949,0.5946,-0.2167,0.9992,-1.3732,0.3795,-0.001889,0.1097,0.0019
7.725,STANCE,1.0147,1.4864,0.6379,-2.7769,0.3735,-2.6466,0.0075,-0.1959,0.5282,-0.2009,0.9997,-0.8671,0.798,-0.001344,0.124,0.0013
7.73,STANCE,1.0161,1.4737,0.3736,-2.61,0.1738,-2.4541,0.0096,-0.1968,0.4552,-0.1844,1.0001,-0.3631,1.0922,-0.000686,0.1389,0.0007
7.735,STANCE,1.0167,1.4618,0.1999,-2.4542,0.128,-2.286,0.0115,-0.1976,0.4006,-0.1699,1.0007,-0.0325,1.2371,2.3e-05,0.1334,0.0
7.74,FLIGHT,1.017,1.451,0.0856,-2.2182,-0.2066,-1.7316,0.0131,-0.1984,0.3451,-0.1509,1.0013,-1.1806,2.4888,0.00055,0.0812,0.0
7.745,FLIGHT,1.014,1.4453,-0.4207,-1.4272,-0.9663,-0.5959,0.0133,-0.1988,0.1277,-0.1029,1.0023,-1.0266,2.3535,0.000861,0.045,0.0
7.75,FLIGHT,1.0077,1.4446,-1.0225,-0.5124,-1.5258,0.2568,0.0122,-0.199,-0.1278,-0.0478,1.0035,-0.7806,2.1475,0.001019,0.0199,0.0
7.755,FLIGHT,0.9991,1.4473,-1.5045,0.2406,-1.8567,0.8108,0.0101,-0.1989,-0.3345,0.0018,1.0048,-0.5385,1.9482,0.001074,0.0033,0.0
7.76,FLIGHT,0.9894,1.4522,-1.8042,0.7569,-1.9908,1.1145,0.0074,-0.1986,-0.4687,0.0417,1.0063,-0.3385,1.7854,0.001062,-0.0074,0.0015
7.765,FLIGHT,0.9795,1.4582,-1.9315,1.0532,-1.9785,1.2337,0.0046,-0.1982,-0.5352,0.0702,1.0078,-0.1891,1.6653,0.001007,-0.0139,0.0028
7.77,FLIGHT,0.9698,1.4644,-1.9237,1.1785,-1.869,1.2301,0.0018,-0.1978,-0.5495,0.0877,1.0093,-0.0853,1.5834,0.000928,-0.0173,0.0035
7.775,FLIGHT,0.9609,1.4704,-1.8228,1.1854,-1.7022,1.1528,-0.0008,-0.1973,-0.5283,0.0957,1.0108,-0.0179,1.5319,0.000837,-0.0187,0.0037
7.78,FLIGHT,0.9528,1.4758,-1.6653,1.1191,-1.5078,1.0379,-0.0032,-0.1968,-0.4859,0.0964,1.0122,0.0228,1.5026,0.000744,-0.0186,0.0037
7.785,FLIGHT,0.9458,1.4807,-1.4791,1.0137,-1.306,0.9096,-0.0052,-0.1964,-0.4327,0.092,1.0137,0.0449,1.4885,0.000653,-0.0175,0.0035
7.79,FLIGHT,0.9398,1.4849,-1.284,0.893,-1.1095,0.7831,-0.007,-0.196,-0.3762,0.0845,1.015,0.0547,1.4843,0.000569,-0.016,0.0032
7.795,FLIGHT,0.9347,1.4886,-1.0928,0.7722,-0.9259,0.667,-0.0085,-0.1957,-0.3209,0.0755,1.0163,0.0567,1.4861,0.000494,-0.0141,0.0028
7.8,FLIGHT,0.9305,1.4916,-0.9132,0.6602,-0.7589,0.5654,-0.0098,-0.1954,-0.2695,0.0662,1.0176,0.0541,1.4914,0.000429,-0.0121,0.0024
7.805,FLIGHT,0.9271,1.4942,-0.7491,0.5615,-0.6098,0.4798,-0.0108,-0.1951,-0.2234,0.0573,1.0188,0.0489,1.4982,0.000373,-0.0102,0.002
7.81,FLIGHT,0.9244,1.4965,-0.6023,0.4778,-0.4785,0.4096,-0.0116,-0.1949,-0.1829,0.0492,1.02,0.0425,1.5056,0.000327,-0.0084,0.0017
7.815,FLIGHT,0.9223,1.4984,-0.4726,0.4089,-0.3641,0.3536,-0.0123,-0.1947,-0.1479,0.0421,1.0212,0.0357,1.5128,0.000289,-0.0067,0.0013
7.82,FLIGHT,0.9207,1.5,-0.3595,0.3537,-0.2651,0.31,-0.0128,-0.1945,-0.1182,0.0362,1.0223,0.029,1.5196,0.000259,-0.0053,0.0011
7.825,FLIGHT,0.9196,1.5015,-0.2614,0.3106,-0.18,0.277,-0.0132,-0.1944,-0.0931,0.0313,1.0234,0.0227,1.5258,0.000236,-0.004,0.0008
7.83,FLIGHT,0.9189,1.5028,-0.177,0.2779,-0.1071,0.2527,-0.0136,-0.1942,-0.0722,0.0274,1.0244,0.0168,1.5313,0.000219,-0.003,0.0006
7.835,FLIGHT,0.9185,1.504,-0.1048,0.2538,-0.0451,0.2356,-0.0138,-0.1941,-0.0548,0.0243,1.0255,0.0115,1.5361,0.000206,-0.0021,0.0004
7.84,FLIGHT,0.9184,1.5052,-0.0432,0.2368,0.0075,0.2242,-0.014,-0.194,-0.0405,0.022,1.0265,0.0067,1.5403,0.000197,-0.0014,0.0003
7.845,FLIGHT,0.9186,1.5063,0.009,0.2253,0.052,0.2172,-0.0141,-0.1939,-0.0288,0.0202,1.0274,0.0023,1.544,0.000191,-0.0009,0.0002
7.85,FLIGHT,0.9189,1.5073,0.0531,0.2183,0.0894,0.2137,-0.0142,-0.1938,-0.0193,0.019,1.0284,-0.0015,1.5472,0.000188,-0.0004,0.0001
7.855,FLIGHT,0.9194,1.5084,0.0903,0.2146,0.1207,0.2126,-0.0142,-0.1938,-0.0116,0.0182,1.0293,-0.005,1.55,0.000187,-0.0001,0.0
7.86,FLIGHT,0.9201,1.5095,0.1213,0.2135,0.1467,0.2134,-0.0142,-0.1937,-0.0054,0.0176,1.0303,-0.0081,1.5524,0.000187,0.0002,0.0
7.865,FLIGHT,0.9209,1.5105,0.1472,0.2142,0.1682,0.2155,-0.0142,-0.1936,-0.0005,0.0173,1.0311,-0.0109,1.5545,0.000189,0.0004,0.0
7.87,FLIGHT,0.9218,1.5116,0.1685,0.2162,0.1858,0.2184,-0.0142,-0.1935,0.0033,0.0172,1.032,-0.0134,1.5564,0.000191,0.0005,0.0
7.875,FLIGHT,0.9227,1.5127,0.186,0.219,0.2001,0.2217,-0.0142,-0.1934,0.0063,0.0172,1.0329,-0.0157,1.558,0.000194,0.0006,0.0
7.88,FLIGHT,0.9238,1.5138,0.2001,0.2222,0.2115,0.2252,-0.0141,-0.1933,0.0086,0.0173,1.0337,-0.0177,1.5595,0.000197,0.0006,0.0
7.885,FLIGHT,0.9249,1.515,0.2114,0.2256,0.2204,0.2287,-0.0141,-0.1932,0.0103,0.0175,1.0345,-0.0195,1.5608,0.0002,0.0006,0.0
7.89,FLIGHT,0.926,1.5161,0.2203,0.229,0.2273,0.2319,-0.014,-0.1931,0.0115,0.0177,1.0352,-0.0212,1.562,0.000203,0.0006,0.0
7.895,FLIGHT,0.9271,1.5173,0.2271,0.2322,0.2323,0.2349,-0.0139,-0.1931,0.0124,0.0179,1.036,-0.0227,1.5631,0.000206,0.0006,0.0
7.9,FLIGHT,0.9283,1.5185,0.2321,0.235,0.2359,0.2374,-0.0139,-0.193,0.013,0.0181,1.0367,-0.0241,1.5641,0.000209,0.0006,0.0
7.905,FLIGHT,0.9295,1.5197,0.2356,0.2375,0.2381,0.2395,-0.0138,-0.1929,0.0133,0.0183,1.0374,-0.0254,1.565,0.000212,0.0006,0.0
7.91,FLIGHT,0.9307,1.5209,0.2378,0.2396,0.2392,0.2412,-0.0137,-0.1928,0.0134,0.0185,1.0381,-0.0265,1.5658,0.000215,0.0005,0.0
7.915,FLIGHT,0.9319,1.5221,0.2389,0.2411,0.2394,0.2423,-0.0137,-0.1927,0.0134,0.0186,1.0388,-0.0276,1.5666,0.000217,0.0005,0.0
7.92,FLIGHT,0.9331,1.5233,0.239,0.2422,0.2388,0.243,-0.0136,-0.1926,0.0132,0.0187,1.0394,-0.0286,1.5674,0.000219,0.0004,0.0
7.925,FLIGHT,0.9343,1.5245,0.2384,0.2428,0.2375,0.2431,-0.0135,-0.1925,0.013,0.0188,1.04,-0.0295,1.5681,0.000221,0.0004,0.0
7.93,FLIGHT,0.9354,1.5257,0.2371,0.2429,0.2357,0.2428,-0.0135,-0.1924,0.0127,0.0188,1.0406,-0.0304,1.5687,0.000223,0.0003,0.0
7.935,FLIGHT,0.9366,1.5269,0.2353,0.2426,0.2334,0.2421,-0.0134,-0.1923,0.0124,0.0189,1.0411,-0.0312,1.5694,0.000225,0.0003,0.0
7.94,FLIGHT,0.9378,1.5282,0.233,0.2418,0.2308,0.2409,-0.0133,-0.1922,0.012,0.0188,1.0417,-0.0319,1.57,0.000226,0.0002,0.0
7.945,FLIGHT,0.9389,1.5294,0.2304,0.2406,0.2278,0.2394,-0.0133,-0.1921,0.0117,0.0188,1.0422,-0.0326,1.5706,0.000227,0.0002,0.0
7.95,FLIGHT,0.9401,1.5305,0.2274,0.2391,0.2246,0.2375,-0.0132,-0.192,0.0113,0.0187,1.0427,-0.0332,1.5711,0.000228,0.0002,0.0
7.955,FLIGHT,0.9412,1.5317,0.2242,0.2371,0.2212,0.2353,-0.0132,-0.1919,0.0109,0.0186,1.0431,-0.0339,1.5717,0.000229,0.0001,0.0
7.96,FLIGHT,0.9423,1.5329,0.2208,0.2349,0.2176,0.2328,-0.0131,-0.1918,0.0105,0.0184,1.0436,-0.0344,1.5722,0.00023,0.0001,0.0
7.965,FLIGHT,0.9433,1.5341,0.2172,0.2324,0.214,0.23,-0.0131,-0.1918,0.0102,0.0183,1.044,-0.035,1.5727,0.00023,0.0001,0.0
7.97,FLIGHT,0.9444,1.5352,0.2135,0.2296,0.2102,0.227,-0.013,-0.1917,0.0098,0.0181,1.0443,-0.0355,1.5732,0.000231,0.0001,0.0
7.975,FLIGHT,0.9454,1.5363,0.2098,0.2266,0.2064,0.2238,-0.013,-0.1916,0.0095,0.0179,1.0447,-0.036,1.5737,0.000231,0.0,0.0
7.98,FLIGHT,0.9465,1.5374,0.2059,0.2234,0.2025,0.2204,-0.0129,-0.1915,0.0092,0.0176,1.045,-0.0364,1.5742,0.000231,0.0,0.0
7.985,FLIGHT,0.9475,1.5385,0.2021,0.22,0.1986,0.2169,-0.0129,-0.1914,0.0089,0.0174,1.0453,-0.0369,1.5747,0.000231,0.0,0.0
7.99,FLIGHT,0.9485,1.5396,0.1982,0.2164,0.1947,0.2132,-0.0128,-0.1913,0.0086,0.0171,1.0456,-0.0373,1.5751,0.000231,-0.0,0.0
7.995,FLIGHT,0.9494,1.5407,0.1943,0.2127,0.1908,0.2094,-0.0128,-0.1912,0.0084,0.0168,1.0459,-0.0377,1.5756,0.000231,-0.0,0.0
8.0,FLIGHT,0.9504,1.5417,0.1904,0.209,0.187,0.2055,-0.0128,-0.1911,0.0081,0.0166,1.0461,-0.0381,1.576,0.000231,-0.0,0.0
8.005,FLIGHT,0.9513,1.5427,0.1866,0.2051,0.1831,0.2016,-0.0127,-0.1911,0.0079,0.0163,1.0463,-0.0385,1.5764,0.000231,-0.0,0.0
8.01,FLIGHT,0.9522,1.5437,0.1828,0.2012,0.1794,0.1976,-0.0127,-0.191,0.0077,0.016,1.0465,-0.0389,1.5769,0.000231,-0.0,0.0
8.015,FLIGHT,0.9531,1.5447,0.179,0.1972,0.1756,0.1936,-0.0127,-0.1909,0.0075,0.0157,1.0467,-0.0392,1.5773,0.00023,-0.0001,0.0
8.02,FLIGHT,0.954,1.5456,0.1753,0.1932,0.172,0.1896,-0.0126,-0.1908,0.0073,0.0154,1.0468,-0.0396,1.5777,0.00023,-0.0001,0.0
8.025,FLIGHT,0.9548,1.5466,0.1716,0.1892,0.1683,0.1855,-0.0126,-0.1908,0.0071,0.015,1.0469,-0.0399,1.5781,0.00023,-0.0001,0.0
8.03,FLIGHT,0.9556,1.5475,0.168,0.1851,0.1648,0.1815,-0.0125,-0.1907,0.007,0.0147,1.047,-0.0402,1.5784,0.000229,-0.0001,0.0
8.035,FLIGHT,0.9565,1.5484,0.1644,0.1811,0.1613,0.1775,-0.0125,-0.1906,0.0068,0.0144,1.0471,-0.0405,1.5788,0.000229,-0.0001,0.0
8.04,FLIGHT,0.9572,1.5493,0.1609,0.1771,0.1578,0.1735,-0.0125,-0.1905,0.0067,0.0141,1.0471,-0.0408,1.5792,0.000229,-0.0001,0.0
8.045,FLIGHT,0.958,1.5501,0.1575,0.1731,0.1545,0.1695,-0.0124,-0.1905,0.0066,0.0138,1.0471,-0.0411,1.5795,0.000228,-0.0001,0.0
8.05,FLIGHT,0.9588,1.551,0.1541,0.1691,0.1512,0.1656,-0.0124,-0.1904,0.0065,0.0135,1.0471,-0.0414,1.5799,0.000228,-0.0001,0.0
8.055,FLIGHT,0.9595,1.5518,0.1508,0.1652,0.1479,0.1617,-0.0124,-0.1903,0.0064,0.0132,1.0471,-0.0416,1.5802,0.000228,-0.0001,0.0
8.06,FLIGHT,0.9603,1.5526,0.1476,0.1613,0.1448,0.1578,-0.0124,-0.1903,0.0063,0.0129,1.047,-0.0419,1.5806,0.000227,-0.0001,0.0
8.065,FLIGHT,0.961,1.5534,0.1445,0.1574,0.1417,0.154,-0.0123,-0.1902,0.0062,0.0126,1.0469,-0.0422,1.5809,0.000227,-0.0001,0.0
8.07,FLIGHT,0.9617,1.5541,0.1414,0.1537,0.1386,0.1503,-0.0123,-0.1902,0.0061,0.0122,1.0468,-0.0424,1.5812,0.000226,-0.0001,0.0
8.075,FLIGHT,0.9624,1.5549,0.1383,0.1499,0.1357,0.1466,-0.0123,-0.1901,0.006,0.012,1.0467,-0.0427,1.5815,0.000226,-0.0001,0.0
8.08,FLIGHT,0.963,1.5556,0.1354,0.1463,0.1328,0.143,-0.0122,-0.19,0.0059,0.0117,1.0466,-0.0429,1.5819,0.000226,-0.0001,0.0
8.085,FLIGHT,0.9637,1.5563,0.1325,0.1427,0.1299,0.1395,-0.0122,-0.19,0.0059,0.0114,1.0464,-0.0431,1.5822,0.000225,-0.0001,0.0
8.09,FLIGHT,0.9643,1.557,0.1297,0.1391,0.1272,0.136,-0.0122,-0.1899,0.0058,0.0111,1.0462,-0.0434,1.5825,0.000225,-0.0001,0.0
8.095,FLIGHT,0.965,1.5577,0.1269,0.1356,0.1245,0.1326,-0.0121,-0.1899,0.0058,0.0108,1.046,-0.0436,1.5827,0.000225,-0.0001,0.0
8.1,FLIGHT,0.9656,1.5583,0.1242,0.1322,0.1218,0.1292,-0.0121,-0.1898,0.0057,0.0105,1.0457,-0.0438,1.583,0.000224,-0.0001,0.0
8.105,FLIGHT,0.9662,1.559,0.1216,0.1289,0.1192,0.126,-0.0121,-0.1898,0.0056,0.0103,1.0455,-0.044,1.5833,0.000224,-0.0001,0.0
8.11,FLIGHT,0.9668,1.5596,0.119,0.1257,0.1167,0.1228,-0.0121,-0.1897,0.0056,0.01,1.0452,-0.0442,1.5836,0.000223,-0.0001,0.0
8.115,FLIGHT,0.9674,1.5602,0.1165,0.1225,0.1142,0.1196,-0.012,-0.1897,0.0055,0.0098,1.0449,-0.0444,1.5838,0.000223,-0.0001,0.0
8.12,FLIGHT,0.9679,1.5608,0.114,0.1193,0.1118,0.1166,-0.012,-0.1896,0.0055,0.0095,1.0446,-0.0446,1.5841,0.000223,-0.0001,0.0
8.125,FLIGHT,0.9685,1.5614,0.1116,0.1163,0.1095,0.1136,-0.012,-0.1896,0.0054,0.0093,1.0442,-0.0448,1.5843,0.000222,-0.0001,0.0
8.13,FLIGHT,0.969,1.5619,0.1093,0.1133,0.1072,0.1107,-0.012,-0.1895,0.0054,0.009,1.0439,-0.045,1.5846,0.000222,-0.0001,0.0
8.135,FLIGHT,0.9695,1.5625,0.107,0.1104,0.105,0.1079,-0.0119,-0.1895,0.0053,0.0088,1.0435,-0.0452,1.5848,0.000222,-0.0001,0.0
8.14,FLIGHT,0.9701,1.563,0.1047,0.1076,0.1028,0.1051,-0.0119,-0.1895,0.0053,0.0086,1.0431,-0.0454,1.5851,0.000222,-0.0001,0.0
8.145,FLIGHT,0.9706,1.5635,0.1026,0.1048,0.1006,0.1024,-0.0119,-0.1894,0.0053,0.0083,1.0427,-0.0455,1.5853,0.000221,-0.0001,0.0
8.15,FLIGHT,0.9711,1.564,0.1004,0.1021,0.0985,0.0997,-0.0118,-0.1894,0.0052,0.0081,1.0422,-0.0457,1.5855,0.000221,-0.0001,0.0
8.155,FLIGHT,0.9716,1.5645,0.0983,0.0995,0.0965,0.0972,-0.0118,-0.1893,0.0052,0.0079,1.0417,-0.0459,1.5858,0.000221,-0.0001,0.0
8.16,FLIGHT,0.972,1.565,0.0963,0.0969,0.0945,0.0947,-0.0118,-0.1893,0.0051,0.0077,1.0413,-0.0461,1.586,0.00022,-0.0001,0.0
8.165,FLIGHT,0.9725,1.5655,0.0943,0.0945,0.0926,0.0922,-0.0118,-0.1893,0.0051,0.0075,1.0408,-0.0462,1.5862,0.00022,-0.0001,0.0
8.17,FLIGHT,0.973,1.5659,0.0924,0.092,0.0907,0.0899,-0.0117,-0.1892,0.005,0.0073,1.0402,-0.0464,1.5864,0.00022,-0.0,0.0
8.175,FLIGHT,0.9734,1.5664,0.0905,0.0897,0.0888,0.0876,-0.0117,-0.1892,0.005,0.0071,1.0397,-0.0465,1.5866,0.00022,-0.0,0.0
8.18,FLIGHT,0.9739,1.5668,0.0886,0.0874,0.087,0.0853,-0.0117,-0.1892,0.005,0.0069,1.0391,-0.0467,1.5868,0.000219,-0.0,0.0
8.185,FLIGHT,0.9743,1.5672,0.0868,0.0851,0.0852,0.0831,-0.0117,-0.1891,0.0049,0.0067,1.0385,-0.0469,1.587,0.000219,-0.0,0.0
8.19,FLIGHT,0.9747,1.5676,0.085,0.0829,0.0835,0.081,-0.0116,-0.1891,0.0049,0.0066,1.0379,-0.047,1.5872,0.000219,-0.0,0.0
8.195,FLIGHT,0.9751,1.568,0.0833,0.0808,0.0818,0.0789,-0.0116,-0.1891,0.0048,0.0064,1.0373,-0.0472,1.5874,0.000219,-0.0,0.0
8.2,FLIGHT,0.9755,1.5684,0.0816,0.0788,0.0801,0.0769,-0.0116,-0.189,0.0048,0.0062,1.0367,-0.0473,1.5876,0.000219,-0.0,0.0
8.205,FLIGHT,0.9759,1.5688,0.0799,0.0768,0.0785,0.075,-0.0116,-0.189,0.0047,0.0061,1.036,-0.0474,1.5877,0.000218,-0.0,0.0
8.21,FLIGHT,0.9763,1.5692,0.0783,0.0748,0.0769,0.0731,-0.0116,-0.189,0.0047,0.0059,1.0354,-0.0476,1.5879,0.000218,-0.0,0.0
8.215,FLIGHT,0.9767,1.5695,0.0767,0.0729,0.0753,0.0712,-0.0115,-0.1889,0.0046,0.0058,1.0347,-0.0477,1.5881,0.000218,-0.0,0.0
8.22,FLIGHT,0.9771,1.5699,0.0752,0.0711,0.0738,0.0694,-0.0115,-0.1889,0.0046,0.0056,1.034,-0.0479,1.5883,0.000218,-0.0,0.0
8.225,FLIGHT,0.9774,1.5702,0.0737,0.0693,0.0723,0.0677,-0.0115,-0.1889,0.0045,0.0055,1.0332,-0.048,1.5884,0.000218,-0.0,0.0
8.23,FLIGHT,0.9778,1.5705,0.0722,0.0675,0.0709,0.066,-0.0115,-0.1889,0.0045,0.0053,1.0325,-0.0481,1.5886,0.000218,-0.0,0.0
8.235,FLIGHT,0.9781,1.5709,0.0707,0.0658,0.0694,0.0643,-0.0114,-0.1888,0.0045,0.0052,1.0317,-0.0483,1.5887,0.000217,-0.0,0.0
8.24,FLIGHT,0.9785,1.5712,0.0693,0.0642,0.068,0.0627,-0.0114,-0.1888,0.0044,0.0051,1.0309,-0.0484,1.5889,0.000217,-0.0,0.0
8.245,FLIGHT,0.9788,1.5715,0.0679,0.0626,0.0667,0.0612,-0.0114,-0.1888,0.0044,0.0049,1.0301,-0.0485,1.5891,0.000217,-0.0,0.0
8.25,FLIGHT,0.9791,1.5718,0.0665,0.061,0.0653,0.0597,-0.0114,-0.1888,0.0043,0.0048,1.0293,-0.0486,1.5892,0.000217,-0.0,0.0
8.255,FLIGHT,0.9795,1.5721,0.0652,0.0595,0.064,0.0582,-0.0114,-0.1887,0.0043,0.0047,1.0285,-0.0488,1.5894,0.000217,-0.0,0.0
8.26,FLIGHT,0.9798,1.5724,0.0639,0.0581,0.0627,0.0568,-0.0113,-0.1887,0.0042,0.0046,1.0277,-0.0489,1.5895,0.000217,-0.0,0.0
8.265,FLIGHT,0.9801,1.5727,0.0626,0.0566,0.0615,0.0554,-0.0113,-0.1887,0.0042,0.0044,1.0268,-0.049,1.5896,0.000217,-0.0,0.0
8.27,FLIGHT,0.9804,1.5729,0.0614,0.0553,0.0602,0.054,-0.0113,-0.1887,0.0041,0.0043,1.0259,-0.0491,1.5898,0.000216,-0.0,0.0
8.275,FLIGHT,0.9807,1.5732,0.0601,0.0539,0.059,0.0527,-0.0113,-0.1886,0.0041,0.0042,1.025,-0.0492,1.5899,0.000216,-0.0,0.0
8.28,FLIGHT,0.981,1.5735,0.0589,0.0526,0.0578,0.0515,-0.0112,-0.1886,0.004,0.0041,1.0241,-0.0494,1.5901,0.000216,-0.0,0.0
8.285,FLIGHT,0.9813,1.5737,0.0577,0.0513,0.0567,0.0502,-0.0112,-0.1886,0.0039,0.004,1.0232,-0.0495,1.5902,0.000216,-0.0,0.0
8.29,FLIGHT,0.9816,1.574,0.0566,0.0501,0.0555,0.049,-0.0112,-0.1886,0.0039,0.0039,1.0222,-0.0496,1.5903,0.000216,-0.0,0.0
8.295,FLIGHT,0.9818,1.5742,0.0554,0.0489,0.0544,0.0479,-0.0112,-0.1886,0.0038,0.0038,1.0213,-0.0497,1.5904,0.000216,-0.0,0.0
8.3,FLIGHT,0.9821,1.5744,0.0543,0.0478,0.0533,0.0467,-0.0112,-0.1886,0.0038,0.0037,1.0203,-0.0498,1.5906,0.000216,-0.0,0.0
8.305,FLIGHT,0.9824,1.5747,0.0532,0.0466,0.0522,0.0456,-0.0112,-0.1885,0.0037,0.0037,1.0193,-0.0499,1.5907,0.000216,-0.0,0.0
8.31,FLIGHT,0.9826,1.5749,0.0521,0.0455,0.0511,0.0446,-0.0111,-0.1885,0.0037,0.0036,1.0183,-0.05,1.5908,0.000216,-0.0,0.0
8.315,FLIGHT,0.9829,1.5751,0.051,0.0445,0.0501,0.0435,-0.0111,-0.1885,0.0036,0.0035,1.0173,-0.0501,1.5909,0.000216,-0.0,0.0
8.32,FLIGHT,0.9831,1.5753,0.05,0.0434,0.0491,0.0425,-0.0111,-0.1885,0.0035,0.0034,1.0163,-0.0502,1.5911,0.000216,-0.0,0.0
8.325,FLIGHT,0.9834,1.5755,0.049,0.0424,0.048,0.0416,-0.0111,-0.1885,0.0035,0.0033,1.0152,-0.0503,1.5912,0.000215,-0.0,0.0
8.33,FLIGHT,0.9836,1.5758,0.0479,0.0415,0.0471,0.0406,-0.0111,-0.1884,0.0034,0.0032,1.0142,-0.0505,1.5913,0.000215,-0.0,0.0
8.335,FLIGHT,0.9838,1.576,0.047,0.0405,0.0461,0.0397,-0.011,-0.1884,0.0034,0.0032,1.0131,-0.0506,1.5914,0.000215,-0.0,0.0
8.34,FLIGHT,0.9841,1.5761,0.046,0.0396,0.0451,0.0388,-0.011,-0.1884,0.0033,0.0031,1.012,-0.0507,1.5915,0.000215,-0.0,0.0
8.345,FLIGHT,0.9843,1.5763,0.045,0.0387,0.0442,0.0379,-0.011,-0.1884,0.0032,0.003,1.0109,-0.0508,1.5916,0.000215,-0.0,0.0
8.35,FLIGHT,0.9845,1.5765,0.0441,0.0379,0.0432,0.0371,-0.011,-0.1884,0.0032,0.003,1.0098,-0.0509,1.5917,0.000215,-0.0,0.0
8.355,FLIGHT,0.9847,1.5767,0.0431,0.037,0.0423,0.0363,-0.011,-0.1884,0.0031,0.0029,1.0086,-0.051,1.5918,0.000215,-0.0,0.0
8.36,FLIGHT,0.9849,1.5769,0.0422,0.0362,0.0414,0.0355,-0.011,-0.1884,0.0031,0.0028,1.0075,-0.0511,1.5919,0.000215,-0.0,0.0
8.365,FLIGHT,0.9851,1.5771,0.0413,0.0354,0.0405,0.0347,-0.011,-0.1883,0.003,0.0028,1.0063,-0.0512,1.592,0.000215,-0.0,0.0
8.37,FLIGHT,0.9853,1.5772,0.0404,0.0347,0.0396,0.034,-0.0109,-0.1883,0.0029,0.0027,1.0052,-0.0513,1.5921,0.000215,-0.0,0.0
8.375,FLIGHT,0.9855,1.5774,0.0395,0.0339,0.0388,0.0333,-0.0109,-0.1883,0.0029,0.0027,1.004,-0.0514,1.5922,0.000215,-0.0,0.0
8.38,FLIGHT,0.9857,1.5776,0.0387,0.0332,0.0379,0.0325,-0.0109,-0.1883,0.0028,0.0026,1.0028,-0.0514,1.5923,0.000215,-0.0,0.0
8.385,FLIGHT,0.9859,1.5777,0.0378,0.0325,0.0371,0.0319,-0.0109,-0.1883,0.0027,0.0025,1.0016,-0.0515,1.5924,0.000215,-0.0,0.0
8.39,FLIGHT,0.9861,1.5779,0.037,0.0318,0.0362,0.0312,-0.0109,-0.1883,0.0027,0.0025,1.0004,-0.0516,1.5925,0.000215,-0.0,0.0
8.395,STANCE,0.9867,1.5784,0.109,0.094,0.4336,0.2154,-0.0108,-0.1882,0.0078,0.0074,0.9993,0.1143,-0.2808,-0.000174,-0.3224,0.0647
8.4,STANCE,0.9911,1.5778,0.6778,-0.1031,1.131,-0.7507,-0.0099,-0.1883,0.1417,-0.016,0.9982,-0.2523,-0.8078,-0.002467,-0.4658,0.0956
8.405,STANCE,0.994,1.5754,0.5324,-0.2806,0.0647,0.11,-0.0091,-0.1886,0.1386,-0.03,0.9978,-0.467,-1.3254,-0.003803,-0.1042,0.0247
8.41,STANCE,0.994,1.5765,0.1788,0.0577,0.0764,0.1319,-0.0092,-0.1885,0.0259,0.0035,0.998,-0.6206,-1.9966,-0.003995,0.007,0.004
8.415,STANCE,0.9954,1.5756,0.2755,-0.1468,0.512,-0.5474,-0.0088,-0.1886,0.072,-0.0156,0.9983,-0.9572,-2.297,-0.003839,0.0502,0.0038
8.42,STANCE,0.9981,1.5686,0.4553,-1.0869,0.7025,-1.7045,-0.0074,-0.1892,0.2353,-0.099,0.9983,-1.317,-2.0676,-0.003299,0.1212,0.0033
8.425,STANCE,1.0019,1.5587,0.6755,-1.7254,0.9688,-2.1381,-0.0053,-0.1901,0.3672,-0.1522,0.9984,-1.631,-1.7318,-0.002608,0.1007,0.0026
8.43,STANCE,1.0082,1.547,1.0857,-2.1671,1.371,-2.6189,-0.0024,-0.1911,0.5107,-0.1839,0.9986,-1.93,-1.2668,-0.002443,0.0083,0.0024
8.435,STANCE,1.0146,1.5324,1.2175,-2.6686,1.184,-3.058,0.0008,-0.1923,0.6121,-0.2144,0.9987,-1.9799,-0.6226,-0.002302,0.0408,0.0023
8.44,STANCE,1.02,1.5174,1.1118,-2.8968,0.9663,-2.9248,0.004,-0.1935,0.6301,-0.2209,0.9989,-1.7627,-0.021,-0.002085,0.0489,0.0021
8.445,STANCE,1.0239,1.5032,0.8607,-2.8556,0.614,-2.7194,0.0068,-0.1946,0.5805,-0.2088,0.9992,-1.331,0.4654,-0.00175,0.0782,0.0017
8.45,STANCE,1.026,1.4899,0.5433,-2.7099,0.2674,-2.5608,0.0092,-0.1955,0.5013,-0.1927,0.9996,-0.7856,0.8468,-0.001249,0.1135,0.0012
8.455,STANCE,1.0269,1.4776,0.2906,-2.5281,0.1344,-2.3437,0.0111,-0.1964,0.428,-0.1763,1.0,-0.2923,1.1016,-0.000658,0.1181,0.0007
8.46,STANCE,1.0272,1.466,0.1409,-2.3895,0.0779,-2.2619,0.0129,-0.1972,0.3804,-0.1636,1.0005,-0.0141,1.2136,-1.9e-05,0.1235,0.0
8.465,FLIGHT,1.0273,1.4553,0.0361,-2.1873,-0.2588,-1.7122,0.0145,-0.198,0.3316,-0.1475,1.0011,-1.2299,2.5284,0.000478,0.0773,0.0
8.47,FLIGHT,1.024,1.4497,-0.4841,-1.3921,-1.0486,-0.547,0.0147,-0.1984,0.1106,-0.1008,1.002,-1.0727,2.3904,0.000777,0.044,0.0
8.475,FLIGHT,1.0172,1.4493,-1.1085,-0.4587,-1.6318,0.3279,0.0134,-0.1985,-0.1521,-0.0462,1.0031,-0.818,2.1772,0.000934,0.0203,0.0
8.48,FLIGHT,1.0081,1.4525,-1.6104,0.3113,-1.9778,0.8939,0.0111,-0.1984,-0.3653,0.0039,1.0045,-0.5665,1.9698,0.000993,0.0044,0.0
8.485,FLIGHT,0.9977,1.4578,-1.9235,0.8375,-2.119,1.2006,0.0083,-0.1981,-0.5034,0.0447,1.0059,-0.3583,1.8,0.000987,-0.006,0.0012
8.49,FLIGHT,0.9871,1.4642,-2.0574,1.1362,-2.1076,1.3158,0.0053,-0.1977,-0.5713,0.0742,1.0074,-0.2024,1.6743,0.00094,-0.0123,0.0025
8.495,FLIGHT,0.9768,1.4707,-2.0506,1.2576,-1.9945,1.3035,0.0023,-0.1973,-0.585,0.0925,1.0088,-0.0938,1.5885,0.000868,-0.0157,0.0031
8.5,FLIGHT,0.9673,1.4771,-1.9464,1.2563,-1.8213,1.2149,-0.0005,-0.1968,-0.5617,0.1009,1.0103,-0.0231,1.5342,0.000785,-0.0172,0.0034
8.505,FLIGHT,0.9587,1.4828,-1.7827,1.1792,-1.619,1.0876,-0.003,-0.1963,-0.5164,0.1016,1.0117,0.0198,1.5032,0.000699,-0.0172,0.0034
8.51,FLIGHT,0.9511,1.4879,-1.5889,1.0618,-1.4085,0.9468,-0.0052,-0.1958,-0.4599,0.0968,1.0131,0.0433,1.4882,0.000615,-0.0163,0.0033
8.515,FLIGHT,0.9446,1.4923,-1.3855,0.929,-1.2034,0.8084,-0.0071,-0.1954,-0.4,0.0887,1.0144,0.0539,1.4835,0.000537,-0.0149,0.003
8.52,FLIGHT,0.939,1.496,-1.1858,0.7966,-1.0114,0.6815,-0.0087,-0.1951,-0.3415,0.079,1.0156,0.0564,1.4853,0.000467,-0.0132,0.0026
8.525,FLIGHT,0.9344,1.4991,-0.998,0.6741,-0.8366,0.5704,-0.01,-0.1948,-0.2872,0.0688,1.0169,0.0539,1.4907,0.000405,-0.0113,0.0023
8.53,FLIGHT,0.9307,1.5018,-0.8262,0.5661,-0.6803,0.4765,-0.0111,-0.1945,-0.2383,0.0591,1.018,0.0487,1.4978,0.000353,-0.0095,0.0019
8.535,FLIGHT,0.9276,1.5039,-0.6723,0.4743,-0.5426,0.3994,-0.012,-0.1943,-0.1954,0.0502,1.0192,0.0422,1.5054,0.00031,-0.0078,0.0016
8.54,FLIGHT,0.9252,1.5058,-0.5364,0.3986,-0.4224,0.3377,-0.0127,-0.1941,-0.1584,0.0425,1.0203,0.0352,1.513,0.000275,-0.0063,0.0013
8.545,FLIGHT,0.9234,1.5073,-0.4175,0.3378,-0.3184,0.2895,-0.0133,-0.1939,-0.1269,0.0359,1.0214,0.0283,1.5201,0.000247,-0.0049,0.001
8.55,FLIGHT,0.922,1.5087,-0.3145,0.2902,-0.2288,0.2529,-0.0138,-0.1938,-0.1003,0.0305,1.0224,0.0218,1.5266,0.000225,-0.0038,0.0008
8.555,FLIGHT,0.921,1.5099,-0.2257,0.2539,-0.1521,0.2258,-0.0141,-0.1936,-0.0781,0.0262,1.0234,0.0158,1.5323,0.000209,-0.0028,0.0006
8.56,FLIGHT,0.9204,1.511,-0.1496,0.227,-0.0866,0.2066,-0.0144,-0.1935,-0.0597,0.0227,1.0244,0.0103,1.5374,0.000197,-0.002,0.0004
8.565,FLIGHT,0.9202,1.512,-0.0846,0.2078,-0.031,0.1936,-0.0146,-0.1934,-0.0445,0.0201,1.0254,0.0054,1.5418,0.000189,-0.0013,0.0003
8.57,FLIGHT,0.9201,1.5129,-0.0294,0.1949,0.016,0.1856,-0.0147,-0.1934,-0.032,0.0182,1.0263,0.0009,1.5456,0.000184,-0.0007,0.0001
8.575,FLIGHT,0.9203,1.5138,0.0173,0.1868,0.0557,0.1814,-0.0148,-0.1933,-0.0219,0.0168,1.0272,-0.003,1.5489,0.000181,-0.0003,0.0001
8.58,FLIGHT,0.9207,1.5147,0.0567,0.1825,0.0891,0.18,-0.0148,-0.1932,-0.0137,0.0158,1.0281,-0.0066,1.5517,0.000181,0.0,0.0
8.585,FLIGHT,0.9212,1.5156,0.0898,0.181,0.1169,0.1807,-0.0148,-0.1931,-0.0071,0.0152,1.029,-0.0098,1.5542,0.000181,0.0003,0.0
8.59,FLIGHT,0.9218,1.5165,0.1174,0.1816,0.14,0.1829,-0.0148,-0.193,-0.0019,0.0148,1.0298,-0.0126,1.5563,0.000183,0.0004,0.0
8.595,FLIGHT,0.9226,1.5175,0.1404,0.1837,0.159,0.1861,-0.0148,-0.193,0.0023,0.0147,1.0306,-0.0151,1.5582,0.000186,0.0006,0.0
8.6,FLIGHT,0.9234,1.5184,0.1593,0.1868,0.1746,0.1898,-0.0148,-0.1929,0.0055,0.0147,1.0314,-0.0174,1.5599,0.000189,0.0006,0.0
8.605,FLIGHT,0.9243,1.5194,0.1747,0.1904,0.1871,0.1938,-0.0147,-0.1928,0.008,0.0148,1.0322,-0.0194,1.5613,0.000192,0.0007,0.0
8.61,FLIGHT,0.9253,1.5203,0.1872,0.1943,0.1971,0.1979,-0.0147,-0.1928,0.0098,0.015,1.0329,-0.0213,1.5626,0.000195,0.0007,0.0
8.615,FLIGHT,0.9263,1.5213,0.1971,0.1983,0.205,0.2018,-0.0146,-0.1927,0.0112,0.0152,1.0337,-0.023,1.5638,0.000199,0.0007,0.0
8.62,FLIGHT,0.9273,1.5224,0.2048,0.2021,0.2109,0.2054,-0.0146,-0.1926,0.0122,0.0155,1.0344,-0.0245,1.5648,0.000202,0.0007,0.0
8.625,FLIGHT,0.9284,1.5234,0.2107,0.2056,0.2152,0.2087,-0.0145,-0.1925,0.0128,0.0157,1.0351,-0.0259,1.5658,0.000205,0.0006,0.0
8.63,FLIGHT,0.9295,1.5244,0.215,0.2088,0.2182,0.2115,-0.0144,-0.1924,0.0132,0.016,1.0357,-0.0271,1.5667,0.000209,0.0006,0.0
8.635,FLIGHT,0.9306,1.5255,0.218,0.2116,0.22,0.2138,-0.0144,-0.1924,0.0134,0.0162,1.0364,-0.0283,1.5675,0.000211,0.0006,0.0
8.64,FLIGHT,0.9317,1.5266,0.2197,0.2139,0.2209,0.2157,-0.0143,-0.1923,0.0134,0.0164,1.037,-0.0293,1.5682,0.000214,0.0005,0.0
8.645,FLIGHT,0.9328,1.5277,0.2206,0.2157,0.2209,0.217,-0.0142,-0.1922,0.0133,0.0166,1.0376,-0.0303,1.5689,0.000216,0.0005,0.0
8.65,FLIGHT,0.9339,1.5287,0.2206,0.217,0.2202,0.2179,-0.0142,-0.1921,0.0131,0.0167,1.0381,-0.0312,1.5696,0.000219,0.0004,0.0
8.655,FLIGHT,0.935,1.5298,0.2199,0.2178,0.219,0.2183,-0.0141,-0.192,0.0128,0.0168,1.0387,-0.032,1.5702,0.000221,0.0004,0.0
8.66,FLIGHT,0.9361,1.5309,0.2186,0.2181,0.2172,0.2182,-0.014,-0.1919,0.0125,0.0169,1.0392,-0.0328,1.5708,0.000222,0.0003,0.0
8.665,FLIGHT,0.9372,1.532,0.2168,0.218,0.2151,0.2178,-0.014,-0.1919,0.0122,0.0169,1.0397,-0.0335,1.5714,0.000224,0.0003,0.0
8.67,FLIGHT,0.9382,1.5331,0.2147,0.2175,0.2126,0.2169,-0.0139,-0.1918,0.0118,0.0169,1.0402,-0.0342,1.5719,0.000225,0.0002,0.0
8.675,FLIGHT,0.9393,1.5342,0.2122,0.2166,0.2098,0.2156,-0.0139,-0.1917,0.0114,0.0168,1.0406,-0.0348,1.5724,0.000226,0.0002,0.0
8.68,FLIGHT,0.9403,1.5353,0.2094,0.2153,0.2069,0.214,-0.0138,-0.1916,0.0111,0.0168,1.041,-0.0354,1.573,0.000227,0.0002,0.0
8.685,FLIGHT,0.9413,1.5363,0.2065,0.2137,0.2037,0.2121,-0.0138,-0.1915,0.0107,0.0167,1.0414,-0.0359,1.5734,0.000228,0.0001,0.0
8.69,FLIGHT,0.9424,1.5374,0.2033,0.2118,0.2004,0.2099,-0.0137,-0.1914,0.0103,0.0166,1.0418,-0.0364,1.5739,0.000228,0.0001,0.0
8.695,FLIGHT,0.9434,1.5384,0.2,0.2096,0.1971,0.2075,-0.0137,-0.1914,0.01,0.0164,1.0421,-0.0369,1.5744,0.000229,0.0001,0.0
8.7,FLIGHT,0.9443,1.5395,0.1967,0.2071,0.1936,0.2048,-0.0136,-0.1913,0.0097,0.0162,1.0425,-0.0374,1.5748,0.000229,0.0001,0.0
8.705,FLIGHT,0.9453,1.5405,0.1932,0.2044,0.1901,0.202,-0.0136,-0.1912,0.0093,0.0161,1.0428,-0.0379,1.5753,0.000229,0.0,0.0
8.71,FLIGHT,0.9462,1.5415,0.1897,0.2016,0.1866,0.1989,-0.0135,-0.1911,0.009,0.0159,1.043,-0.0383,1.5757,0.00023,0.0,0.0
8.715,FLIGHT,0.9472,1.5425,0.1862,0.1986,0.183,0.1958,-0.0135,-0.191,0.0088,0.0156,1.0433,-0.0387,1.5761,0.00023,0.0,0.0
8.72,FLIGHT,0.9481,1.5434,0.1826,0.1954,0.1795,0.1925,-0.0134,-0.191,0.0085,0.0154,1.0435,-0.0391,1.5765,0.00023,-0.0,0.0
8.725,FLIGHT,0.9489,1.5444,0.1791,0.1921,0.1759,0.1891,-0.0134,-0.1909,0.0083,0.0152,1.0437,-0.0394,1.5769,0.00023,-0.0,0.0
8.73,FLIGHT,0.9498,1.5453,0.1756,0.1887,0.1724,0.1856,-0.0134,-0.1908,0.008,0.0149,1.0439,-0.0398,1.5773,0.00023,-0.0,0.0
8.735,FLIGHT,0.9507,1.5462,0.1721,0.1852,0.1689,0.1821,-0.0133,-0.1907,0.0078,0.0146,1.044,-0.0401,1.5777,0.00023,-0.0,0.0
8.74,FLIGHT,0.9515,1.5471,0.1686,0.1817,0.1655,0.1785,-0.0133,-0.1907,0.0076,0.0144,1.0442,-0.0405,1.5781,0.000229,-0.0,0.0
8.745,FLIGHT,0.9523,1.548,0.1652,0.1781,0.1621,0.1749,-0.0132,-0.1906,0.0074,0.0141,1.0443,-0.0408,1.5785,0.000229,-0.0,0.0
8.75,FLIGHT,0.9531,1.5489,0.1618,0.1745,0.1588,0.1713,-0.0132,-0.1905,0.0073,0.0138,1.0443,-0.0411,1.5788,0.000229,-0.0,0.0
8.755,FLIGHT,0.9539,1.5497,0.1584,0.1709,0.1555,0.1677,-0.0132,-0.1905,0.0071,0.0135,1.0444,-0.0414,1.5792,0.000229,-0.0001,0.0
8.76,FLIGHT,0.9547,1.5506,0.1551,0.1673,0.1522,0.164,-0.0131,-0.1904,0.007,0.0133,1.0444,-0.0417,1.5795,0.000228,-0.0001,0.0
8.765,FLIGHT,0.9554,1.5514,0.1519,0.1636,0.149,0.1604,-0.0131,-0.1903,0.0068,0.013,1.0444,-0.042,1.5799,0.000228,-0.0001,0.0
8.77,FLIGHT,0.9562,1.5522,0.1487,0.16,0.1459,0.1568,-0.0131,-0.1903,0.0067,0.0127,1.0444,-0.0422,1.5802,0.000228,-0.0001,0.0
8.775,FLIGHT,0.9569,1.5529,0.1456,0.1564,0.1429,0.1532,-0.013,-0.1902,0.0066,0.0124,1.0444,-0.0425,1.5805,0.000227,-0.0001,0.0
8.78,FLIGHT,0.9576,1.5537,0.1426,0.1528,0.1399,0.1497,-0.013,-0.1901,0.0065,0.0121,1.0443,-0.0428,1.5809,0.000227,-0.0001,0.0
8.785,FLIGHT,0.9583,1.5544,0.1396,0.1493,0.1369,0.1461,-0.013,-0.1901,0.0064,0.0119,1.0442,-0.043,1.5812,0.000227,-0.0001,0.0
8.79,FLIGHT,0.959,1.5552,0.1367,0.1458,0.1341,0.1427,-0.0129,-0.19,0.0063,0.0116,1.0441,-0.0432,1.5815,0.000226,-0.0001,0.0
8.795,FLIGHT,0.9596,1.5559,0.1338,0.1423,0.1312,0.1393,-0.0129,-0.19,0.0062,0.0113,1.044,-0.0435,1.5818,0.000226,-0.0001,0.0
8.8,FLIGHT,0.9603,1.5566,0.131,0.1389,0.1285,0.1359,-0.0129,-0.1899,0.0061,0.011,1.0438,-0.0437,1.5821,0.000226,-0.0001,0.0
8.805,FLIGHT,0.9609,1.5572,0.1282,0.1356,0.1258,0.1326,-0.0129,-0.1899,0.0061,0.0108,1.0436,-0.0439,1.5824,0.000225,-0.0001,0.0
8.81,FLIGHT,0.9615,1.5579,0.1255,0.1323,0.1232,0.1293,-0.0128,-0.1898,0.006,0.0105,1.0434,-0.0442,1.5826,0.000225,-0.0001,0.0
8.815,FLIGHT,0.9622,1.5585,0.1229,0.129,0.1206,0.1261,-0.0128,-0.1898,0.0059,0.0102,1.0432,-0.0444,1.5829,0.000225,-0.0001,0.0
8.82,FLIGHT,0.9628,1.5591,0.1204,0.1258,0.1181,0.123,-0.0128,-0.1897,0.0059,0.01,1.043,-0.0446,1.5832,0.000224,-0.0001,0.0
8.825,FLIGHT,0.9633,1.5598,0.1178,0.1227,0.1156,0.1199,-0.0127,-0.1897,0.0058,0.0097,1.0427,-0.0448,1.5835,0.000224,-0.0001,0.0
8.83,FLIGHT,0.9639,1.5603,0.1154,0.1197,0.1132,0.1169,-0.0127,-0.1896,0.0057,0.0095,1.0424,-0.045,1.5837,0.000224,-0.0001,0.0
8.835,FLIGHT,0.9645,1.5609,0.113,0.1167,0.1109,0.114,-0.0127,-0.1896,0.0057,0.0092,1.0421,-0.0452,1.584,0.000223,-0.0001,0.0
8.84,FLIGHT,0.965,1.5615,0.1107,0.1137,0.1086,0.1111,-0.0127,-0.1895,0.0056,0.009,1.0418,-0.0454,1.5842,0.000223,-0.0001,0.0
8.845,FLIGHT,0.9656,1.562,0.1084,0.1109,0.1064,0.1083,-0.0126,-0.1895,0.0056,0.0088,1.0415,-0.0455,1.5845,0.000223,-0.0001,0.0
8.85,FLIGHT,0.9661,1.5626,0.1061,0.1081,0.1042,0.1056,-0.0126,-0.1894,0.0055,0.0086,1.0411,-0.0457,1.5847,0.000223,-0.0001,0.0
8.855,FLIGHT,0.9666,1.5631,0.104,0.1053,0.102,0.1029,-0.0126,-0.1894,0.0055,0.0083,1.0407,-0.0459,1.5849,0.000222,-0.0001,0.0
8.86,FLIGHT,0.9671,1.5636,0.1018,0.1026,0.0999,0.1003,-0.0125,-0.1894,0.0054,0.0081,1.0403,-0.0461,1.5852,0.000222,-0.0001,0.0
8.865,FLIGHT,0.9676,1.5641,0.0997,0.1,0.0979,0.0977,-0.0125,-0.1893,0.0054,0.0079,1.0399,-0.0463,1.5854,0.000222,-0.0001,0.0
8.87,FLIGHT,0.9681,1.5646,0.0977,0.0975,0.0959,0.0952,-0.0125,-0.1893,0.0053,0.0077,1.0394,-0.0464,1.5856,0.000221,-0.0001,0.0
8.875,FLIGHT,0.9686,1.565,0.0957,0.095,0.094,0.0928,-0.0125,-0.1892,0.0053,0.0075,1.0389,-0.0466,1.5858,0.000221,-0.0001,0.0
8.88,FLIGHT,0.969,1.5655,0.0938,0.0926,0.0921,0.0904,-0.0124,-0.1892,0.0053,0.0073,1.0385,-0.0467,1.586,0.000221,-0.0,0.0
8.885,FLIGHT,0.9695,1.566,0.0919,0.0902,0.0902,0.0881,-0.0124,-0.1892,0.0052,0.0071,1.0379,-0.0469,1.5862,0.000221,-0.0,0.0
8.89,FLIGHT,0.9699,1.5664,0.09,0.0879,0.0884,0.0859,-0.0124,-0.1891,0.0052,0.0069,1.0374,-0.0471,1.5864,0.000221,-0.0,0.0
8.895,FLIGHT,0.9704,1.5668,0.0882,0.0857,0.0866,0.0837,-0.0124,-0.1891,0.0051,0.0068,1.0369,-0.0472,1.5866,0.00022,-0.0,0.0
8.9,FLIGHT,0.9708,1.5672,0.0864,0.0835,0.0849,0.0816,-0.0123,-0.1891,0.0051,0.0066,1.0363,-0.0474,1.5868,0.00022,-0.0,0.0
8.905,FLIGHT,0.9712,1.5676,0.0847,0.0814,0.0832,0.0795,-0.0123,-0.189,0.005,0.0064,1.0357,-0.0475,1.587,0.00022,-0.0,0.0
8.91,FLIGHT,0.9716,1.568,0.083,0.0793,0.0815,0.0775,-0.0123,-0.189,0.005,0.0062,1.0351,-0.0477,1.5872,0.00022,-0.0,0.0
8.915,FLIGHT,0.972,1.5684,0.0814,0.0773,0.0799,0.0755,-0.0123,-0.189,0.0049,0.0061,1.0345,-0.0478,1.5874,0.000219,-0.0,0.0
8.92,FLIGHT,0.9724,1.5688,0.0797,0.0754,0.0783,0.0736,-0.0122,-0.189,0.0049,0.0059,1.0339,-0.0479,1.5876,0.000219,-0.0,0.0
8.925,FLIGHT,0.9728,1.5691,0.0782,0.0735,0.0767,0.0718,-0.0122,-0.1889,0.0049,0.0058,1.0332,-0.0481,1.5877,0.000219,-0.0,0.0
8.93,FLIGHT,0.9732,1.5695,0.0766,0.0716,0.0752,0.07,-0.0122,-0.1889,0.0048,0.0056,1.0325,-0.0482,1.5879,0.000219,-0.0,0.0
8.935,FLIGHT,0.9736,1.5698,0.0751,0.0698,0.0737,0.0682,-0.0122,-0.1889,0.0048,0.0055,1.0318,-0.0483,1.5881,0.000219,-0.0,0.0
8.94,FLIGHT,0.9739,1.5702,0.0736,0.0681,0.0723,0.0665,-0.0121,-0.1888,0.0047,0.0053,1.0311,-0.0485,1.5882,0.000219,-0.0,0.0
8.945,FLIGHT,0.9743,1.5705,0.0721,0.0664,0.0709,0.0649,-0.0121,-0.1888,0.0047,0.0052,1.0304,-0.0486,1.5884,0.000218,-0.0,0.0
8.95,FLIGHT,0.9746,1.5708,0.0707,0.0647,0.0695,0.0632,-0.0121,-0.1888,0.0046,0.0051,1.0296,-0.0487,1.5886,0.000218,-0.0,0.0
8.955,FLIGHT,0.975,1.5711,0.0693,0.0631,0.0681,0.0617,-0.0121,-0.1888,0.0046,0.0049,1.0289,-0.0489,1.5887,0.000218,-0.0,0.0
8.96,FLIGHT,0.9753,1.5714,0.068,0.0615,0.0668,0.0602,-0.012,-0.1887,0.0045,0.0048,1.0281,-0.049,1.5889,0.000218,-0.0,0.0
8.965,FLIGHT,0.9756,1.5717,0.0666,0.06,0.0654,0.0587,-0.012,-0.1887,0.0045,0.0047,1.0273,-0.0491,1.589,0.000218,-0.0,0.0
8.97,FLIGHT,0.976,1.572,0.0653,0.0585,0.0642,0.0572,-0.012,-0.1887,0.0044,0.0046,1.0265,-0.0492,1.5892,0.000218,-0.0,0.0
8.975,FLIGHT,0.9763,1.5723,0.064,0.0571,0.0629,0.0559,-0.012,-0.1887,0.0044,0.0045,1.0256,-0.0494,1.5893,0.000218,-0.0,0.0
8.98,FLIGHT,0.9766,1.5726,0.0628,0.0557,0.0617,0.0545,-0.012,-0.1887,0.0043,0.0043,1.0248,-0.0495,1.5894,0.000218,-0.0,0.0
8.985,FLIGHT,0.9769,1.5729,0.0615,0.0544,0.0604,0.0532,-0.0119,-0.1886,0.0043,0.0042,1.0239,-0.0496,1.5896,0.000217,-0.0,0.0
8.99,FLIGHT,0.9772,1.5731,0.0603,0.0531,0.0592,0.0519,-0.0119,-0.1886,0.0042,0.0041,1.0231,-0.0497,1.5897,0.000217,-0.0,0.0
8.995,FLIGHT,0.9775,1.5734,0.0591,0.0518,0.0581,0.0507,-0.0119,-0.1886,0.0042,0.004,1.0222,-0.0498,1.5899,0.000217,-0.0,0.0
9.0,FLIGHT,0.9778,1.5736,0.058,0.0506,0.0569,0.0495,-0.0119,-0.1886,0.0041,0.0039,1.0213,-0.0499,1.59,0.000217,-0.0,0.0
9.005,FLIGHT,0.9781,1.5739,0.0568,0.0494,0.0558,0.0483,-0.0119,-0.1886,0.0041,0.0038,1.0203,-0.05,1.5901,0.000217,-0.0,0.0
9.01,FLIGHT,0.9783,1.5741,0.0557,0.0482,0.0547,0.0472,-0.0118,-0.1885,0.004,0.0037,1.0194,-0.0502,1.5902,0.000217,-0.0,0.0
9.015,FLIGHT,0.9786,1.5743,0.0546,0.0471,0.0536,0.046,-0.0118,-0.1885,0.0039,0.0037,1.0184,-0.0503,1.5904,0.000217,-0.0,0.0
9.02,FLIGHT,0.9789,1.5746,0.0535,0.0459,0.0526,0.045,-0.0118,-0.1885,0.0039,0.0036,1.0175,-0.0504,1.5905,0.000217,-0.0,0.0
9.025,FLIGHT,0.9791,1.5748,0.0525,0.0449,0.0515,0.0439,-0.0118,-0.1885,0.0038,0.0035,1.0165,-0.0505,1.5906,0.000217,-0.0,0.0
9.03,FLIGHT,0.9794,1.575,0.0514,0.0438,0.0505,0.0429,-0.0118,-0.1885,0.0038,0.0034,1.0155,-0.0506,1.5907,0.000217,-0.0,0.0
9.035,FLIGHT,0.9796,1.5752,0.0504,0.0428,0.0495,0.0419,-0.0117,-0.1885,0.0037,0.0033,1.0144,-0.0507,1.5908,0.000217,-0.0,0.0
9.04,FLIGHT,0.9799,1.5754,0.0494,0.0419,0.0485,0.041,-0.0117,-0.1884,0.0037,0.0032,1.0134,-0.0508,1.591,0.000216,-0.0,0.0
9.045,FLIGHT,0.9801,1.5756,0.0484,0.0409,0.0475,0.0401,-0.0117,-0.1884,0.0036,0.0032,1.0124,-0.0509,1.5911,0.000216,-0.0,0.0
9.05,FLIGHT,0.9804,1.5758,0.0474,0.04,0.0465,0.0392,-0.0117,-0.1884,0.0035,0.0031,1.0113,-0.051,1.5912,0.000216,-0.0,0.0
9.055,FLIGHT,0.9806,1.576,0.0464,0.0391,0.0456,0.0383,-0.0117,-0.1884,0.0035,0.003,1.0102,-0.0511,1.5913,0.000216,-0.0,0.0
9.06,FLIGHT,0.9808,1.5762,0.0455,0.0382,0.0446,0.0375,-0.0117,-0.1884,0.0034,0.003,1.0091,-0.0512,1.5914,0.000216,-0.0,0.0
9.065,FLIGHT,0.981,1.5764,0.0445,0.0374,0.0437,0.0366,-0.0116,-0.1884,0.0033,0.0029,1.008,-0.0513,1.5915,0.000216,-0.0,0.0
9.07,FLIGHT,0.9813,1.5766,0.0436,0.0366,0.0428,0.0358,-0.0116,-0.1883,0.0033,0.0028,1.0069,-0.0514,1.5916,0.000216,-0.0,0.0
9.075,FLIGHT,0.9815,1.5768,0.0427,0.0358,0.0419,0.0351,-0.0116,-0.1883,0.0032,0.0028,1.0058,-0.0515,1.5917,0.000216,-0.0,0.0
9.08,FLIGHT,0.9817,1.5769,0.0418,0.035,0.041,0.0343,-0.0116,-0.1883,0.0032,0.0027,1.0046,-0.0516,1.5918,0.000216,-0.0,0.0
9.085,FLIGHT,0.9819,1.5771,0.0409,0.0342,0.0402,0.0336,-0.0116,-0.1883,0.0031,0.0027,1.0035,-0.0517,1.5919,0.000216,-0.0,0.0
9.09,FLIGHT,0.9821,1.5773,0.0401,0.0335,0.0393,0.0329,-0.0116,-0.1883,0.003,0.0026,1.0023,-0.0518,1.592,0.000216,-0.0,0.0
9.095,FLIGHT,0.9823,1.5774,0.0392,0.0328,0.0385,0.0322,-0.0115,-0.1883,0.003,0.0025,1.0011,-0.0519,1.5921,0.000216,-0.0,0.0
9.1,FLIGHT,0.9825,1.5776,0.0384,0.0321,0.0376,0.0315,-0.0115,-0.1883,0.0029,0.0025,0.9999,-0.052,1.5922,0.000216,-0.0,0.0
9.105,STANCE,0.9842,1.5782,0.2997,0.0921,0.8219,-0.0153,-0.0113,-0.1882,0.044,0.005,0.999,0.0196,-0.5215,-0.000871,-0.4253,0.0859
9.11,STANCE,0.9898,1.5757,0.8662,-0.3655,0.8831,-0.7501,-0.0099,-0.1885,0.2129,-0.0415,0.998,-0.4141,-0.945,-0.003132,-0.3247,0.0681
9.115,STANCE,0.9914,1.5748,0.4521,-0.2011,0.0447,0.1261,-0.0095,-0.1886,0.1126,-0.0223,0.9979,-0.5375,-1.5866,-0.003887,-0.0455,0.013
9.12,STANCE,0.9918,1.5751,0.2192,-0.0393,0.2157,-0.1236,-0.0094,-0.1886,0.0467,-0.0056,0.9981,-0.7422,-2.1353,-0.003882,0.0351,0.0039
9.125,STANCE,0.9939,1.5727,0.3634,-0.3871,0.4633,-1.2428,-0.0087,-0.1888,0.1215,-0.0377,0.9983,-1.0907,-2.2978,-0.003588,0.1123,0.0036
9.13,STANCE,0.9967,1.5643,0.5138,-1.2762,0.605,-2.0891,-0.007,-0.1896,0.2728,-0.1155,0.9983,-1.4144,-1.9995,-0.002894,0.1701,0.0029
9.135,STANCE,1.0015,1.5541,0.8643,-1.8124,1.297,-2.2826,-0.0047,-0.1905,0.4161,-0.1592,0.9985,-1.7458,-1.6213,-0.002523,0.0005,0.0025
9.14,STANCE,1.0081,1.5407,1.1716,-2.4455,1.3881,-2.8867,-0.0016,-0.1916,0.568,-0.2043,0.9985,-1.96,-1.0024,-0.002497,-0.0061,0.0037
9.145,STANCE,1.0147,1.5257,1.2478,-2.8324,1.1426,-3.114,0.0018,-0.1929,0.6434,-0.2236,0.9986,-1.9268,-0.3628,-0.002478,0.0266,0.0025
9.15,STANCE,1.0197,1.5106,1.0694,-2.9454,0.813,-2.9587,0.0049,-0.194,0.6309,-0.2211,0.9988,-1.618,0.202,-0.002314,0.0518,0.0023
9.155,STANCE,1.0228,1.4964,0.7525,-2.8602,0.4185,-2.768,0.0076,-0.1951,0.5618,-0.2069,0.9991,-1.1172,0.655,-0.001981,0.0896,0.002
9.16,STANCE,1.0244,1.4834,0.4409,-2.6761,0.198,-2.4942,0.0098,-0.196,0.4775,-0.1889,0.9995,-0.5709,0.9835,-0.001521,0.1011,0.0015
9.165,STANCE,1.025,1.4713,0.2146,-2.4986,0.0886,-2.327,0.0117,-0.1969,0.4097,-0.1733,0.9999,-0.139,1.1827,-0.000974,0.1081,0.001
9.17,FLIGHT,1.0253,1.4597,0.1041,-2.3692,0.0472,-2.2822,0.0135,-0.1977,0.3709,-0.1612,1.0004,-1.2383,2.54,-0.000393,0.1192,0.0004
9.175,FLIGHT,1.0241,1.4504,-0.1661,-1.9505,-0.637,-1.24,0.0146,-0.1983,0.2566,-0.1339,1.001,-1.206,2.5033,0.00025,0.1206,0.0
9.18,FLIGHT,1.0191,1.4471,-0.7812,-1.0295,-1.3598,-0.165,0.0141,-0.1986,-0.0025,-0.0807,1.002,-0.9875,2.3172,0.000725,0.0719,0.0
9.185,FLIGHT,1.0109,1.4483,-1.378,-0.1289,-1.8488,0.5938,0.0123,-0.1987,-0.2547,-0.0259,1.0031,-0.7218,2.0965,0.000992,0.0367,0.0
9.19,FLIGHT,1.001,1.4525,-1.8087,0.5551,-2.1063,1.0542,0.0097,-0.1985,-0.4404,0.0219,1.0045,-0.4815,1.8992,0.001112,0.013,0.0
9.195,FLIGHT,0.9902,1.4584,-2.0457,0.991,-2.177,1.2785,0.0067,-0.1981,-0.5495,0.0592,1.0059,-0.2916,1.745,0.001136,-0.0023,0.0005
9.2,FLIGHT,0.9794,1.465,-2.1153,1.2146,-2.1151,1.3358,0.0036,-0.1977,-0.5933,0.0848,1.0073,-0.1539,1.6347,0.001099,-0.0118,0.0024
9.205,FLIGHT,0.9692,1.4716,-2.0605,1.281,-1.9688,1.2865,0.0007,-0.1972,-0.5894,0.0992,1.0088,-0.0607,1.5617,0.001025,-0.0171,0.0034
9.21,FLIGHT,0.9598,1.4777,-1.9239,1.2434,-1.776,1.1769,-0.0021,-0.1967,-0.5546,0.1043,1.0102,-0.0016,1.5173,0.000932,-0.0196,0.0039
9.215,FLIGHT,0.9515,1.4833,-1.7405,1.145,-1.5637,1.0398,-0.0045,-0.1962,-0.5024,0.1025,1.0115,0.0329,1.4932,0.000833,-0.0201,0.004
9.22,FLIGHT,0.9442,1.4881,-1.5362,1.0172,-1.3497,0.8967,-0.0066,-0.1958,-0.4427,0.096,1.0128,0.0506,1.483,0.000733,-0.0194,0.0039
9.225,FLIGHT,0.938,1.4923,-1.3287,0.8814,-1.1452,0.7605,-0.0084,-0.1954,-0.3818,0.0868,1.0141,0.0574,1.4814,0.00064,-0.0179,0.0036
9.23,FLIGHT,0.9327,1.4958,-1.1292,0.7506,-0.9562,0.6383,-0.0099,-0.195,-0.3237,0.0765,1.0153,0.0574,1.485,0.000555,-0.016,0.0032
9.235,FLIGHT,0.9284,1.4987,-0.944,0.6322,-0.7857,0.533,-0.0112,-0.1947,-0.2706,0.0662,1.0165,0.0535,1.4914,0.00048,-0.0139,0.0028
9.24,FLIGHT,0.9248,1.5011,-0.7762,0.5296,-0.6342,0.4452,-0.0122,-0.1945,-0.2234,0.0565,1.0176,0.0475,1.499,0.000416,-0.0118,0.0024
9.245,FLIGHT,0.922,1.5032,-0.6269,0.4437,-0.5014,0.374,-0.013,-0.1943,-0.1822,0.0479,1.0187,0.0405,1.5068,0.000362,-0.0097,0.0019
9.25,FLIGHT,0.9198,1.5049,-0.4956,0.3736,-0.3858,0.3176,-0.0137,-0.1941,-0.147,0.0404,1.0198,0.0334,1.5144,0.000318,-0.0079,0.0016
9.255,FLIGHT,0.9181,1.5064,-0.3812,0.318,-0.286,0.2741,-0.0142,-0.1939,-0.1171,0.0342,1.0208,0.0266,1.5214,0.000283,-0.0063,0.0013
9.26,FLIGHT,0.9169,1.5076,-0.2824,0.275,-0.2003,0.2415,-0.0146,-0.1938,-0.0919,0.0291,1.0218,0.0201,1.5276,0.000255,-0.0049,0.001
9.265,FLIGHT,0.9161,1.5088,-0.1973,0.2426,-0.1269,0.2178,-0.0149,-0.1937,-0.071,0.025,1.0227,0.0142,1.5331,0.000234,-0.0037,0.0007
9.27,FLIGHT,0.9156,1.5098,-0.1246,0.2191,-0.0645,0.2014,-0.0151,-0.1936,-0.0537,0.0219,1.0237,0.0089,1.538,0.000218,-0.0027,0.0005
9.275,FLIGHT,0.9154,1.5108,-0.0626,0.2027,-0.0115,0.1908,-0.0153,-0.1935,-0.0395,0.0195,1.0246,0.004,1.5422,0.000207,-0.0019,0.0004
9.28,FLIGHT,0.9155,1.5118,-0.01,0.192,0.0333,0.1846,-0.0154,-0.1934,-0.0278,0.0177,1.0255,-0.0003,1.5458,0.000199,-0.0012,0.0002
9.285,FLIGHT,0.9157,1.5127,0.0345,0.1858,0.0711,0.1819,-0.0155,-0.1933,-0.0184,0.0165,1.0263,-0.0041,1.549,0.000194,-0.0007,0.0001
9.29,FLIGHT,0.9162,1.5136,0.072,0.1829,0.1027,0.1817,-0.0155,-0.1932,-0.0107,0.0157,1.0272,-0.0076,1.5517,0.000192,-0.0003,0.0001
9.295,FLIGHT,0.9168,1.5145,0.1034,0.1826,0.1291,0.1833,-0.0156,-0.1932,-0.0046,0.0151,1.028,-0.0106,1.5541,0.000191,-0.0,0.0
9.3,FLIGHT,0.9175,1.5154,0.1296,0.1842,0.1509,0.1862,-0.0155,-0.1931,0.0002,0.0149,1.0288,-0.0134,1.5562,0.000191,0.0002,0.0
9.305,FLIGHT,0.9183,1.5164,0.1513,0.1869,0.1688,0.1898,-0.0155,-0.193,0.004,0.0148,1.0296,-0.0159,1.558,0.000193,0.0004,0.0
9.31,FLIGHT,0.9191,1.5173,0.1691,0.1905,0.1835,0.1939,-0.0155,-0.1929,0.007,0.0149,1.0303,-0.0181,1.5596,0.000195,0.0005,0.0
9.315,FLIGHT,0.9201,1.5183,0.1836,0.1945,0.1952,0.1982,-0.0154,-0.1929,0.0092,0.015,1.0311,-0.0201,1.561,0.000198,0.0006,0.0
9.32,FLIGHT,0.9211,1.5193,0.1952,0.1987,0.2045,0.2024,-0.0154,-0.1928,0.0109,0.0152,1.0318,-0.0219,1.5623,0.0002,0.0006,0.0
9.325,FLIGHT,0.9221,1.5203,0.2044,0.2028,0.2117,0.2064,-0.0153,-0.1927,0.0121,0.0155,1.0325,-0.0235,1.5634,0.000203,0.0006,0.0
9.33,FLIGHT,0.9232,1.5214,0.2116,0.2067,0.2171,0.21,-0.0152,-0.1926,0.0129,0.0157,1.0331,-0.025,1.5644,0.000206,0.0006,0.0
9.335,FLIGHT,0.9243,1.5224,0.2169,0.2102,0.221,0.2133,-0.0152,-0.1925,0.0134,0.016,1.0338,-0.0263,1.5654,0.000209,0.0006,0.0
9.34,FLIGHT,0.9254,1.5235,0.2207,0.2134,0.2236,0.216,-0.0151,-0.1925,0.0137,0.0163,1.0344,-0.0276,1.5662,0.000212,0.0005,0.0
9.345,FLIGHT,0.9265,1.5246,0.2233,0.2161,0.225,0.2183,-0.015,-0.1924,0.0138,0.0165,1.035,-0.0287,1.567,0.000215,0.0005,0.0
9.35,FLIGHT,0.9277,1.5257,0.2247,0.2183,0.2256,0.22,-0.015,-0.1923,0.0138,0.0167,1.0356,-0.0298,1.5678,0.000217,0.0005,0.0
9.355,FLIGHT,0.9288,1.5268,0.2252,0.22,0.2253,0.2213,-0.0149,-0.1922,0.0137,0.0168,1.0361,-0.0307,1.5685,0.000219,0.0004,0.0
9.36,FLIGHT,0.9299,1.5279,0.2249,0.2212,0.2244,0.222,-0.0148,-0.1921,0.0134,0.017,1.0367,-0.0316,1.5691,0.000221,0.0004,0.0
9.365,FLIGHT,0.931,1.529,0.224,0.2219,0.2229,0.2223,-0.0148,-0.192,0.0131,0.0171,1.0372,-0.0324,1.5697,0.000223,0.0003,0.0
9.37,FLIGHT,0.9321,1.5301,0.2225,0.2221,0.221,0.2221,-0.0147,-0.192,0.0128,0.0171,1.0376,-0.0332,1.5703,0.000225,0.0003,0.0
9.375,FLIGHT,0.9332,1.5312,0.2206,0.2219,0.2187,0.2215,-0.0146,-0.1919,0.0124,0.0171,1.0381,-0.0339,1.5709,0.000226,0.0003,0.0
9.38,FLIGHT,0.9343,1.5323,0.2183,0.2212,0.216,0.2204,-0.0146,-0.1918,0.0121,0.0171,1.0385,-0.0346,1.5715,0.000227,0.0002,0.0
9.385,FLIGHT,0.9354,1.5334,0.2156,0.2202,0.2131,0.219,-0.0145,-0.1917,0.0117,0.0171,1.0389,-0.0352,1.572,0.000228,0.0002,0.0
9.39,FLIGHT,0.9365,1.5345,0.2127,0.2187,0.21,0.2173,-0.0145,-0.1916,0.0113,0.017,1.0393,-0.0358,1.5725,0.000229,0.0002,0.0
9.395,FLIGHT,0.9375,1.5356,0.2096,0.217,0.2068,0.2153,-0.0144,-0.1915,0.0109,0.0169,1.0397,-0.0363,1.573,0.00023,0.0001,0.0
9.4,FLIGHT,0.9385,1.5367,0.2064,0.2149,0.2034,0.213,-0.0144,-0.1914,0.0106,0.0168,1.04,-0.0368,1.5735,0.00023,0.0001,0.0
9.405,FLIGHT,0.9395,1.5377,0.203,0.2126,0.1999,0.2104,-0.0143,-0.1914,0.0102,0.0166,1.0403,-0.0373,1.5739,0.000231,0.0001,0.0
9.41,FLIGHT,0.9405,1.5388,0.1995,0.2101,0.1964,0.2077,-0.0143,-0.1913,0.0099,0.0164,1.0406,-0.0378,1.5744,0.000231,0.0001,0.0
9.415,FLIGHT,0.9415,1.5398,0.196,0.2073,0.1928,0.2047,-0.0142,-0.1912,0.0096,0.0162,1.0408,-0.0382,1.5748,0.000231,0.0,0.0
9.42,FLIGHT,0.9424,1.5408,0.1924,0.2043,0.1892,0.2016,-0.0142,-0.1911,0.0093,0.016,1.0411,-0.0387,1.5753,0.000231,0.0,0.0
9.425,FLIGHT,0.9434,1.5418,0.1888,0.2012,0.1856,0.1983,-0.0141,-0.191,0.009,0.0158,1.0413,-0.0391,1.5757,0.000232,0.0,0.0
9.43,FLIGHT,0.9443,1.5428,0.1852,0.1979,0.182,0.195,-0.0141,-0.191,0.0087,0.0156,1.0415,-0.0395,1.5761,0.000232,-0.0,0.0
9.435,FLIGHT,0.9452,1.5438,0.1816,0.1946,0.1784,0.1915,-0.014,-0.1909,0.0085,0.0153,1.0416,-0.0398,1.5765,0.000231,-0.0,0.0
9.44,FLIGHT,0.9461,1.5447,0.178,0.1911,0.1748,0.1879,-0.014,-0.1908,0.0082,0.0151,1.0418,-0.0402,1.5769,0.000231,-0.0,0.0
9.445,FLIGHT,0.947,1.5456,0.1744,0.1875,0.1713,0.1843,-0.014,-0.1907,0.008,0.0148,1.0419,-0.0405,1.5773,0.000231,-0.0,0.0
9.45,FLIGHT,0.9478,1.5466,0.1709,0.1839,0.1678,0.1807,-0.0139,-0.1907,0.0078,0.0145,1.042,-0.0409,1.5777,0.000231,-0.0,0.0
9.455,FLIGHT,0.9486,1.5474,0.1674,0.1803,0.1643,0.177,-0.0139,-0.1906,0.0076,0.0142,1.042,-0.0412,1.5781,0.000231,-0.0,0.0
9.46,FLIGHT,0.9494,1.5483,0.164,0.1766,0.1609,0.1733,-0.0138,-0.1905,0.0075,0.014,1.0421,-0.0415,1.5785,0.000231,-0.0001,0.0
9.465,FLIGHT,0.9502,1.5492,0.1606,0.1729,0.1576,0.1696,-0.0138,-0.1905,0.0073,0.0137,1.0421,-0.0418,1.5788,0.00023,-0.0001,0.0
9.47,FLIGHT,0.951,1.55,0.1573,0.1692,0.1543,0.1659,-0.0138,-0.1904,0.0072,0.0134,1.0421,-0.0421,1.5792,0.00023,-0.0001,0.0
9.475,FLIGHT,0.9518,1.5508,0.154,0.1655,0.1511,0.1622,-0.0137,-0.1903,0.007,0.0131,1.0421,-0.0424,1.5795,0.00023,-0.0001,0.0
9.48,FLIGHT,0.9525,1.5516,0.1508,0.1619,0.1479,0.1586,-0.0137,-0.1903,0.0069,0.0128,1.042,-0.0426,1.5799,0.000229,-0.0001,0.0
9.485,FLIGHT,0.9533,1.5524,0.1476,0.1582,0.1448,0.155,-0.0137,-0.1902,0.0068,0.0125,1.0419,-0.0429,1.5802,0.000229,-0.0001,0.0
9.49,FLIGHT,0.954,1.5532,0.1445,0.1546,0.1418,0.1514,-0.0136,-0.1901,0.0067,0.0122,1.0418,-0.0432,1.5805,0.000229,-0.0001,0.0
9.495,FLIGHT,0.9547,1.5539,0.1415,0.151,0.1388,0.1478,-0.0136,-0.1901,0.0066,0.012,1.0417,-0.0434,1.5808,0.000228,-0.0001,0.0
9.5,FLIGHT,0.9554,1.5547,0.1385,0.1475,0.1359,0.1443,-0.0136,-0.19,0.0065,0.0117,1.0416,-0.0437,1.5811,0.000228,-0.0001,0.0
9.505,FLIGHT,0.956,1.5554,0.1356,0.144,0.1331,0.1408,-0.0135,-0.19,0.0064,0.0114,1.0414,-0.0439,1.5815,0.000228,-0.0001,0.0
9.51,FLIGHT,0.9567,1.5561,0.1328,0.1405,0.1303,0.1374,-0.0135,-0.1899,0.0063,0.0111,1.0412,-0.0441,1.5818,0.000227,-0.0001,0.0
9.515,FLIGHT,0.9573,1.5568,0.13,0.1371,0.1276,0.1341,-0.0135,-0.1899,0.0062,0.0109,1.041,-0.0444,1.582,0.000227,-0.0001,0.0
9.52,FLIGHT,0.958,1.5574,0.1273,0.1338,0.1249,0.1308,-0.0134,-0.1898,0.0062,0.0106,1.0408,-0.0446,1.5823,0.000227,-0.0001,0.0
9.525,FLIGHT,0.9586,1.5581,0.1246,0.1305,0.1223,0.1276,-0.0134,-0.1898,0.0061,0.0103,1.0405,-0.0448,1.5826,0.000226,-0.0001,0.0
9.53,FLIGHT,0.9592,1.5587,0.122,0.1273,0.1197,0.1244,-0.0134,-0.1897,0.006,0.0101,1.0403,-0.045,1.5829,0.000226,-0.0001,0.0
9.535,FLIGHT,0.9598,1.5593,0.1195,0.1241,0.1173,0.1213,-0.0134,-0.1897,0.006,0.0098,1.04,-0.0452,1.5832,0.000226,-0.0001,0.0
9.54,FLIGHT,0.9604,1.5599,0.117,0.121,0.1148,0.1183,-0.0133,-0.1896,0.0059,0.0096,1.0397,-0.0454,1.5834,0.000225,-0.0001,0.0
9.545,FLIGHT,0.9609,1.5605,0.1146,0.118,0.1124,0.1153,-0.0133,-0.1896,0.0058,0.0093,1.0393,-0.0456,1.5837,0.000225,-0.0001,0.0
9.55,FLIGHT,0.9615,1.5611,0.1122,0.115,0.1101,0.1124,-0.0133,-0.1895,0.0058,0.0091,1.039,-0.0458,1.5839,0.000225,-0.0001,0.0
9.555,FLIGHT,0.962,1.5616,0.1099,0.1121,0.1079,0.1096,-0.0132,-0.1895,0.0057,0.0089,1.0386,-0.046,1.5842,0.000224,-0.0001,0.0
9.56,FLIGHT,0.9626,1.5622,0.1076,0.1093,0.1056,0.1068,-0.0132,-0.1894,0.0057,0.0086,1.0382,-0.0462,1.5844,0.000224,-0.0001,0.0
9.565,FLIGHT,0.9631,1.5627,0.1054,0.1065,0.1035,0.1041,-0.0132,-0.1894,0.0056,0.0084,1.0378,-0.0464,1.5847,0.000224,-0.0001,0.0
9.57,FLIGHT,0.9636,1.5632,0.1033,0.1038,0.1014,0.1015,-0.0132,-0.1894,0.0056,0.0082,1.0373,-0.0465,1.5849,0.000224,-0.0001,0.0
9.575,FLIGHT,0.9641,1.5637,0.1012,0.1012,0.0993,0.0989,-0.0131,-0.1893,0.0055,0.008,1.0369,-0.0467,1.5851,0.000223,-0.0001,0.0
9.58,FLIGHT,0.9646,1.5642,0.0991,0.0986,0.0973,0.0964,-0.0131,-0.1893,0.0055,0.0078,1.0364,-0.0469,1.5853,0.000223,-0.0001,0.0
9.585,FLIGHT,0.9651,1.5647,0.0971,0.0961,0.0953,0.0939,-0.0131,-0.1892,0.0054,0.0076,1.0359,-0.047,1.5855,0.000223,-0.0001,0.0
9.59,FLIGHT,0.9656,1.5651,0.0951,0.0937,0.0934,0.0915,-0.013,-0.1892,0.0054,0.0074,1.0354,-0.0472,1.5858,0.000222,-0.0,0.0
9.595,FLIGHT,0.966,1.5656,0.0932,0.0913,0.0915,0.0892,-0.013,-0.1892,0.0053,0.0072,1.0348,-0.0474,1.586,0.000222,-0.0,0.0
9.6,FLIGHT,0.9665,1.566,0.0913,0.089,0.0896,0.0869,-0.013,-0.1891,0.0053,0.007,1.0343,-0.0475,1.5862,0.000222,-0.0,0.0
9.605,FLIGHT,0.9669,1.5664,0.0895,0.0867,0.0878,0.0847,-0.013,-0.1891,0.0052,0.0068,1.0337,-0.0477,1.5864,0.000222,-0.0,0.0
9.61,FLIGHT,0.9673,1.5669,0.0877,0.0845,0.0861,0.0826,-0.0129,-0.1891,0.0052,0.0066,1.0331,-0.0478,1.5866,0.000222,-0.0,0.0
9.615,FLIGHT,0.9678,1.5673,0.0859,0.0824,0.0844,0.0805,-0.0129,-0.189,0.0052,0.0065,1.0325,-0.048,1.5868,0.000221,-0.0,0.0
9.62,FLIGHT,0.9682,1.5677,0.0842,0.0803,0.0827,0.0785,-0.0129,-0.189,0.0051,0.0063,1.0319,-0.0481,1.5869,0.000221,-0.0,0.0
9.625,FLIGHT,0.9686,1.5681,0.0825,0.0783,0.081,0.0765,-0.0129,-0.189,0.0051,0.0061,1.0312,-0.0483,1.5871,0.000221,-0.0,0.0
9.63,FLIGHT,0.969,1.5684,0.0809,0.0763,0.0794,0.0746,-0.0128,-0.1889,0.005,0.006,1.0306,-0.0484,1.5873,0.000221,-0.0,0.0
9.635,FLIGHT,0.9694,1.5688,0.0793,0.0744,0.0778,0.0727,-0.0128,-0.1889,0.005,0.0058,1.0299,-0.0486,1.5875,0.000221,-0.0,0.0
9.64,FLIGHT,0.9698,1.5692,0.0777,0.0725,0.0763,0.0709,-0.0128,-0.1889,0.0049,0.0057,1.0292,-0.0487,1.5877,0.00022,-0.0,0.0
9.645,FLIGHT,0.9702,1.5695,0.0762,0.0707,0.0748,0.0691,-0.0128,-0.1889,0.0049,0.0055,1.0285,-0.0488,1.5878,0.00022,-0.0,0.0
9.65,FLIGHT,0.9705,1.5699,0.0746,0.0689,0.0733,0.0674,-0.0127,-0.1888,0.0048,0.0054,1.0277,-0.049,1.588,0.00022,-0.0,0.0
9.655,FLIGHT,0.9709,1.5702,0.0732,0.0672,0.0719,0.0657,-0.0127,-0.1888,0.0048,0.0053,1.027,-0.0491,1.5882,0.00022,-0.0,0.0
9.66,FLIGHT,0.9712,1.5705,0.0717,0.0656,0.0704,0.0641,-0.0127,-0.1888,0.0047,0.0051,1.0262,-0.0492,1.5883,0.00022,-0.0,0.0
9.665,FLIGHT,0.9716,1.5708,0.0703,0.0639,0.0691,0.0625,-0.0127,-0.1888,0.0047,0.005,1.0254,-0.0494,1.5885,0.00022,-0.0,0.0
9.67,FLIGHT,0.9719,1.5711,0.0689,0.0624,0.0677,0.061,-0.0126,-0.1887,0.0046,0.0049,1.0246,-0.0495,1.5886,0.000219,-0.0,0.0
9.675,FLIGHT,0.9723,1.5714,0.0676,0.0608,0.0664,0.0595,-0.0126,-0.1887,0.0046,0.0047,1.0238,-0.0496,1.5888,0.000219,-0.0,0.0
9.68,FLIGHT,0.9726,1.5717,0.0662,0.0594,0.0651,0.058,-0.0126,-0.1887,0.0045,0.0046,1.0229,-0.0497,1.5889,0.000219,-0.0,0.0
9.685,FLIGHT,0.9729,1.572,0.0649,0.0579,0.0638,0.0566,-0.0126,-0.1887,0.0045,0.0045,1.0221,-0.0498,1.5891,0.000219,-0.0,0.0
9.69,FLIGHT,0.9732,1.5723,0.0636,0.0565,0.0625,0.0553,-0.0126,-0.1886,0.0044,0.0044,1.0212,-0.05,1.5892,0.000219,-0.0,0.0
9.695,FLIGHT,0.9735,1.5726,0.0624,0.0551,0.0613,0.0539,-0.0125,-0.1886,0.0043,0.0043,1.0203,-0.0501,1.5894,0.000219,-0.0,0.0
9.7,FLIGHT,0.9739,1.5728,0.0612,0.0538,0.0601,0.0526,-0.0125,-0.1886,0.0043,0.0042,1.0194,-0.0502,1.5895,0.000219,-0.0,0.0
9.705,FLIGHT,0.9741,1.5731,0.06,0.0525,0.0589,0.0514,-0.0125,-0.1886,0.0042,0.0041,1.0185,-0.0503,1.5896,0.000219,-0.0,0.0
9.71,FLIGHT,0.9744,1.5734,0.0588,0.0513,0.0577,0.0502,-0.0125,-0.1886,0.0042,0.004,1.0176,-0.0504,1.5898,0.000218,-0.0,0.0
9.715,FLIGHT,0.9747,1.5736,0.0576,0.0501,0.0566,0.049,-0.0124,-0.1885,0.0041,0.0039,1.0166,-0.0505,1.5899,0.000218,-0.0,0.0
9.72,FLIGHT,0.975,1.5738,0.0565,0.0489,0.0554,0.0478,-0.0124,-0.1885,0.0041,0.0038,1.0157,-0.0507,1.59,0.000218,-0.0,0.0
9.725,FLIGHT,0.9753,1.5741,0.0553,0.0477,0.0543,0.0467,-0.0124,-0.1885,0.004,0.0037,1.0147,-0.0508,1.5902,0.000218,-0.0,0.0
9.73,FLIGHT,0.9755,1.5743,0.0542,0.0466,0.0533,0.0457,-0.0124,-0.1885,0.0039,0.0036,1.0137,-0.0509,1.5903,0.000218,-0.0,0.0
9.735,FLIGHT,0.9758,1.5745,0.0532,0.0456,0.0522,0.0446,-0.0124,-0.1885,0.0039,0.0035,1.0127,-0.051,1.5904,0.000218,-0.0,0.0
9.74,FLIGHT,0.9761,1.5748,0.0521,0.0445,0.0511,0.0436,-0.0124,-0.1885,0.0038,0.0034,1.0117,-0.0511,1.5905,0.000218,-0.0,0.0
9.745,FLIGHT,0.9763,1.575,0.051,0.0435,0.0501,0.0426,-0.0123,-0.1884,0.0038,0.0034,1.0106,-0.0512,1.5907,0.000218,-0.0,0.0
9.75,FLIGHT,0.9766,1.5752,0.05,0.0425,0.0491,0.0416,-0.0123,-0.1884,0.0037,0.0033,1.0096,-0.0513,1.5908,0.000218,-0.0,0.0
9.755,FLIGHT,0.9768,1.5754,0.049,0.0415,0.0481,0.0407,-0.0123,-0.1884,0.0036,0.0032,1.0085,-0.0514,1.5909,0.000218,-0.0,0.0
9.76,FLIGHT,0.9771,1.5756,0.048,0.0406,0.0471,0.0398,-0.0123,-0.1884,0.0036,0.0031,1.0074,-0.0515,1.591,0.000218,-0.0,0.0
9.765,FLIGHT,0.9773,1.5758,0.047,0.0397,0.0461,0.0389,-0.0123,-0.1884,0.0035,0.0031,1.0063,-0.0516,1.5911,0.000218,-0.0,0.0
9.77,FLIGHT,0.9775,1.576,0.046,0.0388,0.0452,0.0381,-0.0122,-0.1884,0.0034,0.003,1.0052,-0.0517,1.5912,0.000218,-0.0,0.0
9.775,FLIGHT,0.9777,1.5762,0.0451,0.038,0.0443,0.0372,-0.0122,-0.1883,0.0034,0.0029,1.0041,-0.0518,1.5913,0.000218,-0.0,0.0
9.78,FLIGHT,0.978,1.5763,0.0442,0.0371,0.0433,0.0364,-0.0122,-0.1883,0.0033,0.0029,1.003,-0.0519,1.5914,0.000218,-0.0,0.0
9.785,FLIGHT,0.9782,1.5765,0.0432,0.0363,0.0424,0.0356,-0.0122,-0.1883,0.0032,0.0028,1.0018,-0.052,1.5916,0.000217,-0.0,0.0
9.79,FLIGHT,0.9784,1.5767,0.0423,0.0356,0.0415,0.0349,-0.0122,-0.1883,0.0032,0.0027,1.0006,-0.0521,1.5917,0.000217,-0.0,0.0
9.795,STANCE,0.9787,1.577,0.0599,0.0598,0.1928,0.2399,-0.0122,-0.1883,0.0032,0.0048,0.9995,0.1569,-0.1503,0.000113,-0.1714,0.0343
9.8,STANCE,0.9822,1.5771,0.5572,-0.0077,1.1649,-0.3428,-0.0115,-0.1883,0.106,-0.0071,0.9986,-0.1298,-0.7302,-0.001683,-0.4616,0.094
9.805,STANCE,0.988,1.5737,0.913,-0.4682,0.5227,-0.3832,-0.01,-0.1887,0.2359,-0.0513,0.9979,-0.5312,-1.141,-0.003658,-0.1943,0.0425
9.81,STANCE,0.9888,1.5737,0.3783,-0.1126,0.0206,0.1807,-0.0098,-0.1887,0.0867,-0.0138,0.9979,-0.6119,-1.8346,-0.004036,-0.0015,0.0043
9.815,STANCE,0.9894,1.5739,0.2234,-0.044,0.283,-0.2169,-0.0097,-0.1887,0.0481,-0.0061,0.9982,-0.8383,-2.2904,-0.003868,0.0597,0.0039
9.82,STANCE,0.9915,1.5702,0.3597,-0.6011,0.3796,-1.7461,-0.0088,-0.189,0.15,-0.0568,0.9983,-1.1643,-2.288,-0.003403,0.165,0.0034
9.825,STANCE,0.9945,1.5618,0.5328,-1.3615,0.7796,-1.8803,-0.0071,-0.1898,0.2883,-0.123,0.9983,-1.4595,-1.9629,-0.002668,0.1095,0.0027
9.83,STANCE,1.0004,1.551,1.0057,-1.9228,1.454,-2.4265,-0.0045,-0.1908,0.459,-0.1685,0.9985,-1.8031,-1.4928,-0.002582,-0.0369,0.01
9.835,STANCE,1.0074,1.5369,1.2624,-2.5747,1.438,-2.9574,-0.0012,-0.192,0.6046,-0.2135,0.9985,-1.9458,-0.8042,-0.002656,-0.0266,0.008
9.84,STANCE,1.0138,1.5215,1.2617,-2.9147,1.2207,-2.9739,0.0022,-0.1932,0.659,-0.2282,0.9985,-1.8222,-0.1513,-0.002683,-0.0113,0.005
9.845,STANCE,1.0186,1.5065,1.0373,-2.9597,0.6778,-3.0219,0.0053,-0.1944,0.6278,-0.2207,0.9987,-1.4445,0.39,-0.002565,0.0624,0.0026
9.85,STANCE,1.0215,1.4925,0.7028,-2.8388,0.4139,-2.668,0.0079,-0.1954,0.5497,-0.2045,0.999,-0.914,0.8089,-0.002266,0.071,0.0023
9.855,STANCE,1.0229,1.4796,0.4057,-2.6435,0.1909,-2.4536,0.01,-0.1963,0.4664,-0.186,0.9993,-0.3947,1.0914,-0.001847,0.0896,0.0018
9.86,STANCE,1.0234,1.4676,0.2071,-2.4733,0.1263,-2.2862,0.0119,-0.1972,0.4049,-0.1708,0.9997,-0.0524,1.2302,-0.001347,0.0924,0.0013
9.865,FLIGHT,1.0239,1.4565,0.1273,-2.2961,-0.0594,-1.973,0.0137,-0.1979,0.365,-0.1552,1.0002,-1.2182,2.5218,-0.00085,0.1127,0.0009
9.87,FLIGHT,1.0216,1.4497,-0.3282,-1.5934,-0.8739,-0.7776,0.0142,-0.1984,0.1712,-0.1125,1.0009,-1.0982,2.4134,-0.000156,0.162,0.0002
9.875,FLIGHT,1.0155,1.4482,-0.9536,-0.6587,-1.4917,0.1515,0.0132,-0.1986,-0.0919,-0.0576,1.002,-0.8547,2.2086,0.000562,0.1123,0.0
9.88,FLIGHT,1.007,1.4507,-1.4799,0.1489,-1.8739,0.7715,0.0112,-0.1985,-0.3157,-0.0061,1.0032,-0.6023,1.9999,0.000989,0.0616,0.0
9.885,FLIGHT,0.9972,1.4555,-1.8241,0.7205,-2.0474,1.1232,0.0085,-0.1983,-0.467,0.0365,1.0045,-0.3882,1.8249,0.001205,0.0272,0.0
9.89,FLIGHT,0.9868,1.4616,-1.9871,1.0602,-2.0613,1.2729,0.0056,-0.1979,-0.547,0.0679,1.0059,-0.2252,1.6932,0.001281,0.0048,0.0
9.895,FLIGHT,0.9767,1.468,-2.0041,1.2141,-1.9667,1.2851,0.0027,-0.1975,-0.5703,0.0881,1.0073,-0.1103,1.6019,0.001267,-0.0091,0.0018
9.9,FLIGHT,0.9673,1.4743,-1.9178,1.2367,-1.8063,1.2131,-0.0001,-0.197,-0.554,0.0981,1.0087,-0.0343,1.5433,0.001199,-0.0173,0.0035
9.905,FLIGHT,0.9587,1.4801,-1.7668,1.176,-1.6122,1.0962,-0.0026,-0.1965,-0.5134,0.1001,1.01,0.0125,1.5089,0.001101,-0.0214,0.0043
9.91,FLIGHT,0.9512,1.4852,-1.5813,1.0692,-1.4068,0.9616,-0.0048,-0.1961,-0.4601,0.0963,1.0113,0.0389,1.4915,0.00099,-0.0228,0.0046
9.915,FLIGHT,0.9447,1.4897,-1.383,0.9428,-1.2045,0.8265,-0.0067,-0.1957,-0.402,0.089,1.0126,0.0515,1.4852,0.000876,-0.0225,0.0045
9.92,FLIGHT,0.9391,1.4935,-1.1863,0.8139,-1.0138,0.7009,-0.0083,-0.1953,-0.3445,0.0797,1.0138,0.0552,1.4858,0.000767,-0.0211,0.0042
9.925,FLIGHT,0.9345,1.4967,-0.9999,0.6929,-0.8393,0.5899,-0.0097,-0.195,-0.2905,0.0699,1.015,0.0536,1.4905,0.000666,-0.0191,0.0038
9.93,FLIGHT,0.9307,1.4994,-0.8287,0.5852,-0.6828,0.4955,-0.0108,-0.1947,-0.2417,0.0603,1.0161,0.049,1.4971,0.000576,-0.0168,0.0034
9.935,FLIGHT,0.9276,1.5017,-0.6746,0.4929,-0.5446,0.4174,-0.0117,-0.1945,-0.1987,0.0515,1.0172,0.0428,1.5046,0.000498,-0.0144,0.0029
9.94,FLIGHT,0.9252,1.5036,-0.5382,0.4163,-0.4237,0.3546,-0.0124,-0.1943,-0.1614,0.0438,1.0182,0.0361,1.512,0.000431,-0.0121,0.0024
9.945,FLIGHT,0.9234,1.5053,-0.4187,0.3545,-0.3189,0.3052,-0.013,-0.1941,-0.1295,0.0372,1.0192,0.0293,1.5191,0.000376,-0.0099,0.002
9.95,FLIGHT,0.922,1.5067,-0.3149,0.3057,-0.2286,0.2674,-0.0135,-0.1939,-0.1026,0.0318,1.0202,0.0228,1.5255,0.000332,-0.008,0.0016
9.955,FLIGHT,0.9211,1.5079,-0.2254,0.2683,-0.1511,0.2393,-0.0138,-0.1938,-0.0801,0.0273,1.0211,0.0168,1.5313,0.000296,-0.0063,0.0013
9.96,FLIGHT,0.9205,1.5091,-0.1486,0.2404,-0.085,0.2192,-0.0141,-0.1937,-0.0614,0.0239,1.022,0.0113,1.5364,0.000268,-0.0049,0.001
9.965,FLIGHT,0.9202,1.5101,-0.083,0.2203,-0.0288,0.2053,-0.0143,-0.1936,-0.0459,0.0212,1.0229,0.0063,1.5408,0.000247,-0.0037,0.0007
9.97,FLIGHT,0.9202,1.5111,-0.0272,0.2065,0.0188,0.1966,-0.0144,-0.1935,-0.0332,0.0192,1.0238,0.0018,1.5447,0.000231,-0.0027,0.0005
9.975,FLIGHT,0.9204,1.5121,0.0201,0.1977,0.0589,0.1917,-0.0145,-0.1934,-0.0229,0.0177,1.0247,-0.0022,1.548,0.000219,-0.0019,0.0004
9.98,FLIGHT,0.9207,1.5131,0.0599,0.1928,0.0926,0.1898,-0.0146,-0.1933,-0.0145,0.0167,1.0255,-0.0057,1.5509,0.000211,-0.0013,0.0003
9.985,FLIGHT,0.9213,1.514,0.0934,0.1908,0.1208,0.19,-0.0146,-0.1933,-0.0077,0.016,1.0263,-0.0089,1.5534,0.000206,-0.0008,0.0002
9.99,FLIGHT,0.9219,1.515,0.1213,0.1909,0.1441,0.1918,-0.0146,-0.1932,-0.0024,0.0156,1.0271,-0.0118,1.5556,0.000203,-0.0004,0.0001
9.995,FLIGHT,0.9227,1.5159,0.1445,0.1926,0.1634,0.1946,-0.0146,-0.1931,0.0019,0.0154,1.0278,-0.0144,1.5576,0.000202,-0.0001,0.0
10.0,FLIGHT,0.9236,1.5169,0.1636,0.1953,0.1791,0.198,-0.0146,-0.193,0.0052,0.0154,1.0286,-0.0167,1.5593,0.000201,0.0001,0.0
10.005,FLIGHT,0.9245,1.5179,0.1792,0.1986,0.1918,0.2018,-0.0145,-0.193,0.0077,0.0155,1.0293,-0.0188,1.5608,0.000202,0.0002,0.0
10.01,FLIGHT,0.9255,1.5189,0.1918,0.2022,0.2019,0.2056,-0.0145,-0.1929,0.0097,0.0157,1.03,-0.0207,1.5621,0.000204,0.0003,0.0
10.015,FLIGHT,0.9265,1.52,0.2018,0.206,0.2098,0.2093,-0.0144,-0.1928,0.0111,0.0159,1.0307,-0.0224,1.5633,0.000206,0.0004,0.0
10.02,FLIGHT,0.9276,1.521,0.2096,0.2096,0.2157,0.2127,-0.0143,-0.1927,0.0121,0.0161,1.0313,-0.0239,1.5644,0.000208,0.0004,0.0
10.025,FLIGHT,0.9287,1.5221,0.2156,0.2129,0.2201,0.2158,-0.0143,-0.1926,0.0128,0.0163,1.0319,-0.0253,1.5653,0.00021,0.0005,0.0
10.03,FLIGHT,0.9298,1.5232,0.2199,0.2159,0.2231,0.2184,-0.0142,-0.1926,0.0132,0.0166,1.0325,-0.0266,1.5662,0.000212,0.0005,0.0
10.035,FLIGHT,0.9309,1.5243,0.2228,0.2185,0.2249,0.2206,-0.0141,-0.1925,0.0133,0.0168,1.0331,-0.0278,1.5671,0.000215,0.0004,0.0
10.04,FLIGHT,0.932,1.5254,0.2246,0.2206,0.2257,0.2223,-0.0141,-0.1924,0.0134,0.017,1.0337,-0.0288,1.5678,0.000217,0.0004,0.0
10.045,FLIGHT,0.9332,1.5265,0.2253,0.2223,0.2256,0.2236,-0.014,-0.1923,0.0133,0.0171,1.0342,-0.0298,1.5686,0.000219,0.0004,0.0
10.05,FLIGHT,0.9343,1.5276,0.2253,0.2235,0.2249,0.2243,-0.0139,-0.1922,0.0131,0.0172,1.0347,-0.0307,1.5693,0.000221,0.0004,0.0
10.055,FLIGHT,0.9354,1.5288,0.2245,0.2242,0.2236,0.2246,-0.0139,-0.1921,0.0128,0.0173,1.0352,-0.0316,1.5699,0.000222,0.0003,0.0
10.06,FLIGHT,0.9365,1.5299,0.2232,0.2244,0.2217,0.2244,-0.0138,-0.192,0.0125,0.0174,1.0357,-0.0324,1.5705,0.000224,0.0003,0.0
10.065,FLIGHT,0.9376,1.531,0.2213,0.2242,0.2195,0.2238,-0.0138,-0.192,0.0122,0.0174,1.0361,-0.0331,1.5711,0.000225,0.0002,0.0
10.07,FLIGHT,0.9387,1.5321,0.2191,0.2236,0.2169,0.2228,-0.0137,-0.1919,0.0118,0.0174,1.0365,-0.0338,1.5717,0.000226,0.0002,0.0
10.075,FLIGHT,0.9398,1.5332,0.2165,0.2225,0.2141,0.2214,-0.0136,-0.1918,0.0115,0.0173,1.0369,-0.0344,1.5722,0.000227,0.0002,0.0
10.08,FLIGHT,0.9409,1.5343,0.2137,0.2211,0.211,0.2197,-0.0136,-0.1917,0.0111,0.0173,1.0373,-0.035,1.5727,0.000228,0.0002,0.0
10.085,FLIGHT,0.9419,1.5354,0.2106,0.2194,0.2077,0.2177,-0.0135,-0.1916,0.0107,0.0172,1.0376,-0.0356,1.5732,0.000229,0.0001,0.0
10.09,FLIGHT,0.9429,1.5365,0.2073,0.2173,0.2044,0.2154,-0.0135,-0.1915,0.0103,0.017,1.0379,-0.0361,1.5737,0.000229,0.0001,0.0
10.095,FLIGHT,0.9439,1.5376,0.204,0.215,0.2009,0.2128,-0.0134,-0.1914,0.01,0.0169,1.0382,-0.0366,1.5742,0.00023,0.0001,0.0
10.1,FLIGHT,0.9449,1.5386,0.2005,0.2125,0.1973,0.2101,-0.0134,-0.1914,0.0097,0.0167,1.0385,-0.0371,1.5747,0.00023,0.0001,0.0
10.105,FLIGHT,0.9459,1.5397,0.1969,0.2097,0.1937,0.2071,-0.0133,-0.1913,0.0093,0.0165,1.0388,-0.0376,1.5751,0.00023,0.0,0.0
10.11,FLIGHT,0.9469,1.5407,0.1933,0.2067,0.1901,0.204,-0.0133,-0.1912,0.009,0.0163,1.039,-0.038,1.5756,0.00023,0.0,0.0
10.115,FLIGHT,0.9478,1.5417,0.1897,0.2036,0.1864,0.2007,-0.0133,-0.1911,0.0087,0.0161,1.0392,-0.0384,1.576,0.000231,0.0,0.0
10.12,FLIGHT,0.9487,1.5427,0.186,0.2003,0.1827,0.1973,-0.0132,-0.191,0.0085,0.0158,1.0393,-0.0388,1.5764,0.000231,-0.0,0.0
10.125,FLIGHT,0.9496,1.5437,0.1824,0.1969,0.1791,0.1939,-0.0132,-0.191,0.0082,0.0156,1.0395,-0.0392,1.5768,0.000231,-0.0,0.0
10.13,FLIGHT,0.9505,1.5446,0.1787,0.1935,0.1755,0.1903,-0.0131,-0.1909,0.008,0.0153,1.0396,-0.0396,1.5772,0.00023,-0.0,0.0
10.135,FLIGHT,0.9514,1.5456,0.1751,0.1899,0.1719,0.1867,-0.0131,-0.1908,0.0078,0.015,1.0397,-0.0399,1.5776,0.00023,-0.0,0.0
10.14,FLIGHT,0.9522,1.5465,0.1715,0.1863,0.1684,0.183,-0.0131,-0.1907,0.0076,0.0148,1.0398,-0.0403,1.578,0.00023,-0.0,0.0
10.145,FLIGHT,0.9531,1.5474,0.168,0.1826,0.1649,0.1793,-0.013,-0.1907,0.0074,0.0145,1.0398,-0.0406,1.5784,0.00023,-0.0,0.0
10.15,FLIGHT,0.9539,1.5483,0.1645,0.1789,0.1614,0.1756,-0.013,-0.1906,0.0072,0.0142,1.0399,-0.0409,1.5788,0.00023,-0.0001,0.0
10.155,FLIGHT,0.9547,1.5492,0.1611,0.1752,0.158,0.1718,-0.013,-0.1905,0.007,0.0139,1.0399,-0.0412,1.5791,0.000229,-0.0001,0.0
10.16,FLIGHT,0.9555,1.55,0.1577,0.1714,0.1547,0.1681,-0.0129,-0.1905,0.0069,0.0136,1.0399,-0.0415,1.5795,0.000229,-0.0001,0.0
10.165,FLIGHT,0.9562,1.5509,0.1544,0.1677,0.1514,0.1644,-0.0129,-0.1904,0.0067,0.0133,1.0398,-0.0418,1.5798,0.000229,-0.0001,0.0
10.17,FLIGHT,0.957,1.5517,0.1511,0.164,0.1482,0.1607,-0.0129,-0.1903,0.0066,0.013,1.0398,-0.0421,1.5802,0.000228,-0.0001,0.0
10.175,FLIGHT,0.9577,1.5525,0.1479,0.1603,0.145,0.157,-0.0128,-0.1903,0.0065,0.0127,1.0397,-0.0424,1.5805,0.000228,-0.0001,0.0
10.18,FLIGHT,0.9584,1.5532,0.1447,0.1566,0.142,0.1534,-0.0128,-0.1902,0.0064,0.0125,1.0396,-0.0426,1.5808,0.000228,-0.0001,0.0
10.185,FLIGHT,0.9591,1.554,0.1417,0.153,0.1389,0.1498,-0.0128,-0.1901,0.0063,0.0122,1.0394,-0.0429,1.5812,0.000227,-0.0001,0.0
10.19,FLIGHT,0.9598,1.5547,0.1386,0.1494,0.136,0.1462,-0.0127,-0.1901,0.0062,0.0119,1.0393,-0.0431,1.5815,0.000227,-0.0001,0.0
10.195,FLIGHT,0.9605,1.5555,0.1357,0.1459,0.1331,0.1427,-0.0127,-0.19,0.0061,0.0116,1.0391,-0.0434,1.5818,0.000227,-0.0001,0.0
10.2,FLIGHT,0.9612,1.5562,0.1328,0.1424,0.1302,0.1393,-0.0127,-0.19,0.006,0.0113,1.0389,-0.0436,1.5821,0.000226,-0.0001,0.0
10.205,FLIGHT,0.9618,1.5568,0.13,0.1389,0.1275,0.1359,-0.0126,-0.1899,0.0059,0.0111,1.0387,-0.0438,1.5824,0.000226,-0.0001,0.0
10.21,FLIGHT,0.9624,1.5575,0.1272,0.1355,0.1247,0.1325,-0.0126,-0.1899,0.0059,0.0108,1.0384,-0.0441,1.5827,0.000226,-0.0001,0.0
10.215,FLIGHT,0.9631,1.5582,0.1245,0.1322,0.1221,0.1293,-0.0126,-0.1898,0.0058,0.0105,1.0382,-0.0443,1.583,0.000225,-0.0001,0.0
10.22,FLIGHT,0.9637,1.5588,0.1218,0.129,0.1195,0.1261,-0.0125,-0.1898,0.0057,0.0103,1.0379,-0.0445,1.5832,0.000225,-0.0001,0.0
10.225,FLIGHT,0.9642,1.5594,0.1193,0.1258,0.117,0.1229,-0.0125,-0.1897,0.0056,0.01,1.0376,-0.0447,1.5835,0.000225,-0.0001,0.0
10.23,FLIGHT,0.9648,1.56,0.1167,0.1226,0.1145,0.1198,-0.0125,-0.1897,0.0056,0.0097,1.0373,-0.0449,1.5838,0.000224,-0.0001,0.0
10.235,FLIGHT,0.9654,1.5606,0.1143,0.1195,0.1121,0.1168,-0.0125,-0.1896,0.0055,0.0095,1.0369,-0.0451,1.584,0.000224,-0.0001,0.0
10.24,FLIGHT,0.9659,1.5612,0.1118,0.1165,0.1097,0.1139,-0.0124,-0.1896,0.0055,0.0093,1.0365,-0.0453,1.5843,0.000224,-0.0001,0.0
10.245,FLIGHT,0.9665,1.5618,0.1095,0.1136,0.1074,0.111,-0.0124,-0.1895,0.0054,0.009,1.0362,-0.0455,1.5845,0.000223,-0.0001,0.0
10.25,FLIGHT,0.967,1.5623,0.1072,0.1107,0.1051,0.1082,-0.0124,-0.1895,0.0054,0.0088,1.0357,-0.0457,1.5848,0.000223,-0.0001,0.0
10.255,FLIGHT,0.9675,1.5629,0.1049,0.1079,0.1029,0.1054,-0.0124,-0.1894,0.0053,0.0086,1.0353,-0.0459,1.585,0.000223,-0.0001,0.0
10.26,FLIGHT,0.9681,1.5634,0.1027,0.1052,0.1008,0.1028,-0.0123,-0.1894,0.0053,0.0083,1.0349,-0.0461,1.5852,0.000222,-0.0001,0.0
10.265,FLIGHT,0.9685,1.5639,0.1006,0.1025,0.0987,0.1001,-0.0123,-0.1894,0.0052,0.0081,1.0344,-0.0462,1.5855,0.000222,-0.0001,0.0
10.27,FLIGHT,0.969,1.5644,0.0985,0.0999,0.0966,0.0976,-0.0123,-0.1893,0.0052,0.0079,1.0339,-0.0464,1.5857,0.000222,-0.0001,0.0
10.275,FLIGHT,0.9695,1.5649,0.0964,0.0973,0.0946,0.0951,-0.0123,-0.1893,0.0051,0.0077,1.0334,-0.0466,1.5859,0.000222,-0.0001,0.0
10.28,FLIGHT,0.97,1.5653,0.0944,0.0949,0.0926,0.0927,-0.0122,-0.1892,0.0051,0.0075,1.0329,-0.0467,1.5861,0.000221,-0.0001,0.0
10.285,FLIGHT,0.9704,1.5658,0.0924,0.0924,0.0907,0.0903,-0.0122,-0.1892,0.005,0.0073,1.0323,-0.0469,1.5863,0.000221,-0.0,0.0
10.29,FLIGHT,0.9709,1.5662,0.0905,0.0901,0.0888,0.088,-0.0122,-0.1892,0.005,0.0071,1.0318,-0.0471,1.5865,0.000221,-0.0,0.0
10.295,FLIGHT,0.9713,1.5667,0.0887,0.0878,0.087,0.0858,-0.0122,-0.1891,0.0049,0.0069,1.0312,-0.0472,1.5867,0.000221,-0.0,0.0
10.3,FLIGHT,0.9718,1.5671,0.0868,0.0856,0.0852,0.0836,-0.0121,-0.1891,0.0049,0.0068,1.0306,-0.0474,1.5869,0.00022,-0.0,0.0
10.305,FLIGHT,0.9722,1.5675,0.085,0.0834,0.0834,0.0815,-0.0121,-0.1891,0.0048,0.0066,1.0299,-0.0475,1.5871,0.00022,-0.0,0.0
10.31,FLIGHT,0.9726,1.5679,0.0833,0.0813,0.0817,0.0794,-0.0121,-0.189,0.0048,0.0064,1.0293,-0.0477,1.5873,0.00022,-0.0,0.0
10.315,FLIGHT,0.973,1.5683,0.0816,0.0792,0.0801,0.0774,-0.0121,-0.189,0.0047,0.0063,1.0286,-0.0478,1.5875,0.00022,-0.0,0.0
10.32,FLIGHT,0.9734,1.5687,0.0799,0.0772,0.0784,0.0754,-0.012,-0.189,0.0047,0.0061,1.028,-0.048,1.5877,0.00022,-0.0,0.0
10.325,FLIGHT,0.9738,1.5691,0.0783,0.0753,0.0768,0.0735,-0.012,-0.1889,0.0046,0.0059,1.0273,-0.0481,1.5879,0.000219,-0.0,0.0
10.33,FLIGHT,0.9742,1.5694,0.0767,0.0734,0.0752,0.0717,-0.012,-0.1889,0.0046,0.0058,1.0266,-0.0483,1.588,0.000219,-0.0,0.0
10.335,FLIGHT,0.9745,1.5698,0.0751,0.0715,0.0737,0.0699,-0.012,-0.1889,0.0045,0.0056,1.0258,-0.0484,1.5882,0.000219,-0.0,0.0
10.34,FLIGHT,0.9749,1.5701,0.0736,0.0697,0.0722,0.0681,-0.0119,-0.1889,0.0045,0.0055,1.0251,-0.0485,1.5884,0.000219,-0.0,0.0
10.345,FLIGHT,0.9753,1.5704,0.0721,0.068,0.0707,0.0664,-0.0119,-0.1888,0.0044,0.0054,1.0243,-0.0487,1.5885,0.000219,-0.0,0.0
10.35,FLIGHT,0.9756,1.5708,0.0706,0.0663,0.0693,0.0648,-0.0119,-0.1888,0.0044,0.0052,1.0235,-0.0488,1.5887,0.000219,-0.0,0.0
10.355,FLIGHT,0.976,1.5711,0.0691,0.0646,0.0679,0.0632,-0.0119,-0.1888,0.0043,0.0051,1.0227,-0.0489,1.5889,0.000218,-0.0,0.0
10.36,FLIGHT,0.9763,1.5714,0.0677,0.063,0.0665,0.0616,-0.0119,-0.1888,0.0043,0.005,1.0219,-0.0491,1.589,0.000218,-0.0,0.0
10.365,FLIGHT,0.9766,1.5717,0.0663,0.0615,0.0651,0.0601,-0.0118,-0.1887,0.0042,0.0048,1.0211,-0.0492,1.5892,0.000218,-0.0,0.0
10.37,FLIGHT,0.9769,1.572,0.065,0.0599,0.0638,0.0586,-0.0118,-0.1887,0.0042,0.0047,1.0203,-0.0493,1.5893,0.000218,-0.0,0.0
10.375,FLIGHT,0.9773,1.5723,0.0637,0.0585,0.0625,0.0572,-0.0118,-0.1887,0.0041,0.0046,1.0194,-0.0494,1.5895,0.000218,-0.0,0.0
10.38,FLIGHT,0.9776,1.5726,0.0624,0.0571,0.0612,0.0558,-0.0118,-0.1887,0.0041,0.0045,1.0185,-0.0496,1.5896,0.000218,-0.0,0.0
10.385,FLIGHT,0.9779,1.5729,0.0611,0.0557,0.06,0.0544,-0.0118,-0.1886,0.004,0.0044,1.0176,-0.0497,1.5897,0.000218,-0.0,0.0
10.39,FLIGHT,0.9782,1.5731,0.0598,0.0543,0.0587,0.0531,-0.0117,-0.1886,0.004,0.0043,1.0167,-0.0498,1.5899,0.000218,-0.0,0.0
10.395,FLIGHT,0.9785,1.5734,0.0586,0.053,0.0575,0.0518,-0.0117,-0.1886,0.0039,0.0042,1.0158,-0.0499,1.59,0.000217,-0.0,0.0
10.4,FLIGHT,0.9787,1.5736,0.0574,0.0517,0.0563,0.0506,-0.0117,-0.1886,0.0038,0.0041,1.0148,-0.05,1.5902,0.000217,-0.0,0.0
10.405,FLIGHT,0.979,1.5739,0.0562,0.0505,0.0552,0.0494,-0.0117,-0.1886,0.0038,0.004,1.0139,-0.0501,1.5903,0.000217,-0.0,0.0
10.41,FLIGHT,0.9793,1.5741,0.0551,0.0493,0.054,0.0482,-0.0117,-0.1885,0.0037,0.0039,1.0129,-0.0503,1.5904,0.000217,-0.0,0.0
10.415,FLIGHT,0.9796,1.5744,0.0539,0.0481,0.0529,0.0471,-0.0116,-0.1885,0.0037,0.0038,1.0119,-0.0504,1.5905,0.000217,-0.0,0.0
10.42,FLIGHT,0.9798,1.5746,0.0528,0.047,0.0518,0.046,-0.0116,-0.1885,0.0036,0.0037,1.0109,-0.0505,1.5907,0.000217,-0.0,0.0
10.425,FLIGHT,0.9801,1.5748,0.0517,0.0459,0.0507,0.0449,-0.0116,-0.1885,0.0036,0.0036,1.0099,-0.0506,1.5908,0.000217,-0.0,0.0
10.43,FLIGHT,0.9803,1.5751,0.0506,0.0448,0.0497,0.0439,-0.0116,-0.1885,0.0035,0.0035,1.0089,-0.0507,1.5909,0.000217,-0.0,0.0
10.435,FLIGHT,0.9806,1.5753,0.0496,0.0438,0.0486,0.0429,-0.0116,-0.1885,0.0034,0.0034,1.0078,-0.0508,1.591,0.000217,-0.0,0.0
10.44,FLIGHT,0.9808,1.5755,0.0485,0.0428,0.0476,0.0419,-0.0116,-0.1884,0.0034,0.0033,1.0068,-0.0509,1.5911,0.000217,-0.0,0.0
10.445,FLIGHT,0.981,1.5757,0.0475,0.0418,0.0466,0.0409,-0.0115,-0.1884,0.0033,0.0033,1.0057,-0.051,1.5913,0.000217,-0.0,0.0
10.45,FLIGHT,0.9813,1.5759,0.0465,0.0409,0.0456,0.04,-0.0115,-0.1884,0.0032,0.0032,1.0046,-0.0511,1.5914,0.000217,-0.0,0.0
10.455,FLIGHT,0.9815,1.5761,0.0455,0.0399,0.0446,0.0391,-0.0115,-0.1884,0.0032,0.0031,1.0035,-0.0512,1.5915,0.000216,-0.0,0.0
10.46,FLIGHT,0.9817,1.5763,0.0445,0.039,0.0437,0.0383,-0.0115,-0.1884,0.0031,0.0031,1.0024,-0.0513,1.5916,0.000216,-0.0,0.0
10.465,FLIGHT,0.9819,1.5765,0.0436,0.0382,0.0427,0.0374,-0.0115,-0.1884,0.0031,0.003,1.0013,-0.0514,1.5917,0.000216,-0.0,0.0
10.47,FLIGHT,0.9822,1.5767,0.0426,0.0373,0.0418,0.0366,-0.0115,-0.1883,0.003,0.0029,1.0001,-0.0515,1.5918,0.000216,-0.0,0.0
10.475,STANCE,0.9832,1.5773,0.1955,0.1075,0.6334,0.1124,-0.0113,-0.1883,0.0223,0.0076,0.9991,0.0806,-0.4033,-0.000391,-0.3303,0.0665
10.48,STANCE,0.9886,1.576,0.835,-0.1895,1.4582,-0.7004,-0.0102,-0.1885,0.1831,-0.0256,0.9982,-0.3485,-0.8948,-0.002472,-0.4595,0.0944
10.485,STANCE,0.9926,1.5735,0.7207,-0.33,0.191,-0.0046,-0.0091,-0.1887,0.181,-0.0361,0.9979,-0.598,-1.4131,-0.003724,-0.0745,0.0186
10.49,STANCE,0.993,1.5741,0.2935,-0.0303,0.1121,0.0737,-0.0091,-0.1887,0.0595,-0.0054,0.998,-0.7291,-2.0399,-0.003777,0.0327,0.0038
10.495,STANCE,0.9943,1.5734,0.2861,-0.1356,0.4208,-0.4027,-0.0087,-0.1888,0.0725,-0.0146,0.9983,-1.0134,-2.349,-0.003491,0.0772,0.0035
10.5,STANCE,0.9966,1.568,0.4044,-0.8549,0.5509,-1.4774,-0.0076,-0.1893,0.1938,-0.0784,0.9983,-1.3175,-2.1873,-0.002875,0.1488,0.0029
10.505,STANCE,1.0009,1.5603,0.7518,-1.3634,1.2,-1.9314,-0.0057,-0.19,0.3312,-0.1222,0.9985,-1.6493,-1.8831,-0.00251,-0.0063,0.0038
10.51,STANCE,1.0074,1.5481,1.1294,-2.1372,1.3,-2.9039,-0.0027,-0.191,0.5145,-0.1824,0.9984,-1.9136,-1.2472,-0.002568,-0.001,0.0028
10.515,STANCE,1.0143,1.5334,1.295,-2.6929,1.2722,-3.1,0.0006,-0.1922,0.6301,-0.2169,0.9984,-1.9546,-0.5536,-0.002704,-0.0113,0.005
10.52,STANCE,1.0201,1.5182,1.1904,-2.9189,1.0812,-2.8755,0.0039,-0.1934,0.6483,-0.2226,0.9985,-1.7165,0.0619,-0.002753,-0.0177,0.0063
10.525,STANCE,1.0242,1.5038,0.9058,-2.8883,0.5944,-2.8055,0.0068,-0.1945,0.5939,-0.2111,0.9986,-1.2577,0.554,-0.002655,0.0409,0.0027
10.53,STANCE,1.0264,1.4904,0.5756,-2.7303,0.2921,-2.5716,0.0092,-0.1955,0.5105,-0.1939,0.9989,-0.7096,0.9188,-0.002397,0.066,0.0024
10.535,STANCE,1.0274,1.4781,0.3188,-2.5398,0.1303,-2.3908,0.0112,-0.1964,0.4353,-0.1768,0.9992,-0.2408,1.1459,-0.002037,0.081,0.002
10.54,STANCE,1.028,1.4664,0.177,-2.3864,0.1177,-2.2504,0.013,-0.1972,0.3871,-0.1629,0.9995,-0.0227,1.2154,-0.001615,0.0819,0.0016
10.545,FLIGHT,1.0278,1.4564,-0.0031,-2.0758,-0.3979,-1.4693,0.0144,-0.1979,0.3072,-0.1407,1.0,-1.1972,2.5016,-0.001129,0.1229,0.0011
10.55,FLIGHT,1.0238,1.4519,-0.5779,-1.2167,-1.1513,-0.3697,0.0143,-0.1982,0.0659,-0.0906,1.0009,-1.0083,2.3386,-0.000394,0.1673,0.0004
10.555,FLIGHT,1.0166,1.4522,-1.1864,-0.3113,-1.6773,0.4327,0.0128,-0.1983,-0.1893,-0.0367,1.0019,-0.7522,2.1248,0.000428,0.1366,0.0
10.56,FLIGHT,1.0074,1.4558,-1.6447,0.4052,-1.9702,0.9382,0.0105,-0.1982,-0.3855,0.0114,1.0031,-0.5125,1.9274,0.000954,0.077,0.0
10.565,FLIGHT,0.9973,1.4612,-1.9137,0.8797,-2.0736,1.201,0.0077,-0.1979,-0.5069,0.0494,1.0044,-0.3191,1.7697,0.00123,0.0363,0.0
10.57,FLIGHT,0.9869,1.4675,-2.0137,1.1385,-2.0391,1.2886,0.0047,-0.1975,-0.5622,0.0763,1.0057,-0.1764,1.655,0.00134,0.0097,0.0
10.575,FLIGHT,0.977,1.4739,-1.9852,1.2336,-1.9147,1.2615,0.0019,-0.197,-0.5679,0.0922,1.0071,-0.0783,1.5776,0.001344,-0.007,0.0014
10.58,FLIGHT,0.9679,1.48,-1.8698,1.2175,-1.7387,1.1673,-0.0008,-0.1965,-0.5405,0.0988,1.0084,-0.0149,1.5294,0.001282,-0.0168,0.0034
10.585,FLIGHT,0.9597,1.4855,-1.7029,1.1343,-1.5388,1.0403,-0.0032,-0.1961,-0.4938,0.0983,1.0097,0.023,1.5024,0.001183,-0.0219,0.0044
10.59,FLIGHT,0.9525,1.4904,-1.511,1.0167,-1.334,0.9032,-0.0053,-0.1956,-0.438,0.0929,1.0109,0.0434,1.4898,0.001068,-0.0239,0.0048
10.595,FLIGHT,0.9463,1.4945,-1.3127,0.887,-1.1361,0.7702,-0.0071,-0.1953,-0.3797,0.0846,1.0121,0.0522,1.4865,0.000947,-0.0239,0.0048
10.6,FLIGHT,0.9411,1.4981,-1.1198,0.7596,-0.9519,0.6492,-0.0086,-0.1949,-0.3234,0.0751,1.0132,0.0537,1.4889,0.00083,-0.0227,0.0045
10.605,FLIGHT,0.9368,1.5011,-0.9394,0.6425,-0.7847,0.5439,-0.0098,-0.1946,-0.2713,0.0653,1.0143,0.0508,1.4944,0.000722,-0.0207,0.0041
10.61,FLIGHT,0.9332,1.5036,-0.7751,0.54,-0.6357,0.4552,-0.0109,-0.1944,-0.2247,0.056,1.0153,0.0456,1.5014,0.000624,-0.0183,0.0037
10.615,FLIGHT,0.9304,1.5056,-0.6282,0.4532,-0.5045,0.3826,-0.0117,-0.1941,-0.184,0.0476,1.0163,0.0392,1.5089,0.000539,-0.0158,0.0032
10.62,FLIGHT,0.9282,1.5074,-0.4987,0.3819,-0.3902,0.3247,-0.0124,-0.194,-0.1488,0.0403,1.0173,0.0325,1.5162,0.000466,-0.0133,0.0027
10.625,FLIGHT,0.9265,1.5089,-0.3855,0.3248,-0.2912,0.2795,-0.0129,-0.1938,-0.1189,0.0341,1.0182,0.0259,1.523,0.000406,-0.011,0.0022
10.63,FLIGHT,0.9252,1.5102,-0.2876,0.2802,-0.2061,0.2453,-0.0133,-0.1937,-0.0938,0.0291,1.0192,0.0196,1.5291,0.000356,-0.0089,0.0018
10.635,FLIGHT,0.9244,1.5114,-0.2032,0.2463,-0.1333,0.2201,-0.0137,-0.1936,-0.0728,0.025,1.02,0.0138,1.5346,0.000316,-0.0071,0.0014
10.64,FLIGHT,0.9239,1.5124,-0.1309,0.2213,-0.0711,0.2024,-0.0139,-0.1934,-0.0553,0.0218,1.0209,0.0085,1.5394,0.000285,-0.0055,0.0011
10.645,FLIGHT,0.9236,1.5134,-0.0692,0.2035,-0.0183,0.1905,-0.0141,-0.1934,-0.041,0.0194,1.0217,0.0038,1.5436,0.000261,-0.0042,0.0008
10.65,FLIGHT,0.9237,1.5143,-0.0168,0.1916,0.0263,0.1832,-0.0142,-0.1933,-0.0292,0.0176,1.0225,-0.0005,1.5473,0.000242,-0.0032,0.0006
10.655,FLIGHT,0.9239,1.5152,0.0275,0.1843,0.0639,0.1795,-0.0143,-0.1932,-0.0196,0.0164,1.0233,-0.0043,1.5504,0.000229,-0.0023,0.0005
10.66,FLIGHT,0.9243,1.5161,0.0648,0.1805,0.0954,0.1785,-0.0143,-0.1931,-0.0119,0.0155,1.0241,-0.0077,1.5531,0.000219,-0.0016,0.0003
10.665,FLIGHT,0.9248,1.517,0.0961,0.1794,0.1217,0.1794,-0.0143,-0.193,-0.0057,0.0149,1.0248,-0.0108,1.5555,0.000212,-0.0011,0.0002
10.67,FLIGHT,0.9255,1.5179,0.1222,0.1802,0.1435,0.1817,-0.0143,-0.193,-0.0008,0.0147,1.0256,-0.0135,1.5576,0.000208,-0.0006,0.0001
10.675,FLIGHT,0.9263,1.5189,0.1438,0.1824,0.1614,0.1848,-0.0143,-0.1929,0.0031,0.0146,1.0263,-0.016,1.5594,0.000206,-0.0003,0.0001
10.68,FLIGHT,0.9271,1.5198,0.1616,0.1855,0.176,0.1885,-0.0143,-0.1928,0.0061,0.0146,1.027,-0.0182,1.561,0.000205,-0.0001,0.0
10.685,FLIGHT,0.928,1.5207,0.1761,0.1891,0.1877,0.1924,-0.0142,-0.1928,0.0084,0.0147,1.0276,-0.0202,1.5624,0.000205,0.0001,0.0
10.69,FLIGHT,0.929,1.5217,0.1878,0.1929,0.197,0.1963,-0.0142,-0.1927,0.0101,0.0149,1.0282,-0.0219,1.5637,0.000206,0.0002,0.0
10.695,FLIGHT,0.93,1.5227,0.197,0.1967,0.2043,0.2001,-0.0141,-0.1926,0.0113,0.0151,1.0289,-0.0236,1.5648,0.000207,0.0003,0.0
10.7,FLIGHT,0.931,1.5237,0.2041,0.2004,0.2097,0.2036,-0.014,-0.1925,0.0122,0.0154,1.0295,-0.025,1.5658,0.000209,0.0004,0.0
10.705,FLIGHT,0.9321,1.5247,0.2095,0.2038,0.2136,0.2067,-0.014,-0.1924,0.0128,0.0156,1.03,-0.0264,1.5667,0.000211,0.0004,0.0
10.71,FLIGHT,0.9332,1.5258,0.2134,0.2068,0.2162,0.2093,-0.0139,-0.1924,0.0131,0.0159,1.0306,-0.0276,1.5676,0.000213,0.0004,0.0
10.715,FLIGHT,0.9342,1.5268,0.2159,0.2094,0.2177,0.2115,-0.0138,-0.1923,0.0132,0.0161,1.0311,-0.0287,1.5684,0.000215,0.0004,0.0
10.72,FLIGHT,0.9353,1.5279,0.2174,0.2115,0.2183,0.2132,-0.0138,-0.1922,0.0132,0.0163,1.0316,-0.0297,1.5691,0.000217,0.0004,0.0
10.725,FLIGHT,0.9364,1.529,0.218,0.2132,0.2181,0.2144,-0.0137,-0.1921,0.0131,0.0164,1.0321,-0.0307,1.5698,0.000219,0.0003,0.0
10.73,FLIGHT,0.9375,1.53,0.2178,0.2144,0.2173,0.2152,-0.0137,-0.192,0.0128,0.0165,1.0325,-0.0316,1.5704,0.00022,0.0003,0.0
10.735,FLIGHT,0.9386,1.5311,0.2169,0.2151,0.2159,0.2155,-0.0136,-0.192,0.0126,0.0166,1.033,-0.0324,1.5711,0.000222,0.0003,0.0
10.74,FLIGHT,0.9397,1.5322,0.2155,0.2153,0.214,0.2153,-0.0135,-0.1919,0.0122,0.0167,1.0334,-0.0331,1.5716,0.000223,0.0003,0.0
10.745,FLIGHT,0.9407,1.5333,0.2136,0.2151,0.2117,0.2147,-0.0135,-0.1918,0.0119,0.0167,1.0338,-0.0338,1.5722,0.000224,0.0002,0.0
10.75,FLIGHT,0.9418,1.5343,0.2113,0.2145,0.2092,0.2138,-0.0134,-0.1917,0.0115,0.0167,1.0341,-0.0345,1.5727,0.000226,0.0002,0.0
10.755,FLIGHT,0.9428,1.5354,0.2088,0.2135,0.2064,0.2125,-0.0134,-0.1916,0.0111,0.0166,1.0345,-0.0351,1.5732,0.000226,0.0002,0.0
10.76,FLIGHT,0.9439,1.5365,0.206,0.2122,0.2033,0.2108,-0.0133,-0.1915,0.0108,0.0166,1.0348,-0.0357,1.5737,0.000227,0.0001,0.0
10.765,FLIGHT,0.9449,1.5375,0.2029,0.2105,0.2002,0.2089,-0.0133,-0.1915,0.0104,0.0165,1.0351,-0.0362,1.5742,0.000228,0.0001,0.0
10.77,FLIGHT,0.9459,1.5385,0.1998,0.2085,0.1969,0.2066,-0.0132,-0.1914,0.01,0.0164,1.0353,-0.0367,1.5747,0.000228,0.0001,0.0
10.775,FLIGHT,0.9468,1.5396,0.1965,0.2063,0.1935,0.2042,-0.0132,-0.1913,0.0097,0.0162,1.0356,-0.0372,1.5751,0.000229,0.0001,0.0
10.78,FLIGHT,0.9478,1.5406,0.1931,0.2038,0.19,0.2015,-0.0131,-0.1912,0.0094,0.016,1.0358,-0.0377,1.5756,0.000229,0.0001,0.0
10.785,FLIGHT,0.9487,1.5416,0.1896,0.2012,0.1865,0.1987,-0.0131,-0.1911,0.009,0.0158,1.036,-0.0381,1.576,0.000229,0.0,0.0
10.79,FLIGHT,0.9497,1.5426,0.1861,0.1983,0.1829,0.1957,-0.013,-0.1911,0.0087,0.0156,1.0361,-0.0385,1.5765,0.00023,0.0,0.0
10.795,FLIGHT,0.9506,1.5435,0.1826,0.1953,0.1794,0.1925,-0.013,-0.191,0.0085,0.0154,1.0363,-0.0389,1.5769,0.00023,0.0,0.0
10.8,FLIGHT,0.9515,1.5445,0.179,0.1921,0.1759,0.1893,-0.0129,-0.1909,0.0082,0.0152,1.0364,-0.0393,1.5773,0.00023,-0.0,0.0
10.805,FLIGHT,0.9523,1.5454,0.1755,0.1889,0.1723,0.1859,-0.0129,-0.1908,0.008,0.0149,1.0365,-0.0397,1.5777,0.00023,-0.0,0.0
10.81,FLIGHT,0.9532,1.5464,0.172,0.1855,0.1688,0.1825,-0.0129,-0.1908,0.0077,0.0147,1.0366,-0.04,1.5781,0.000229,-0.0,0.0
10.815,FLIGHT,0.954,1.5473,0.1685,0.1821,0.1654,0.179,-0.0128,-0.1907,0.0075,0.0144,1.0366,-0.0404,1.5784,0.000229,-0.0,0.0
10.82,FLIGHT,0.9548,1.5482,0.165,0.1786,0.162,0.1755,-0.0128,-0.1906,0.0073,0.0142,1.0367,-0.0407,1.5788,0.000229,-0.0,0.0
10.825,FLIGHT,0.9556,1.549,0.1616,0.1751,0.1586,0.1719,-0.0128,-0.1905,0.0071,0.0139,1.0367,-0.041,1.5792,0.000229,-0.0,0.0
10.83,FLIGHT,0.9564,1.5499,0.1583,0.1715,0.1553,0.1683,-0.0127,-0.1905,0.007,0.0136,1.0367,-0.0413,1.5795,0.000229,-0.0001,0.0
10.835,FLIGHT,0.9572,1.5507,0.1549,0.1679,0.152,0.1647,-0.0127,-0.1904,0.0068,0.0133,1.0366,-0.0416,1.5799,0.000228,-0.0001,0.0
10.84,FLIGHT,0.9579,1.5515,0.1517,0.1644,0.1488,0.1611,-0.0127,-0.1904,0.0067,0.0131,1.0365,-0.0419,1.5802,0.000228,-0.0001,0.0
10.845,FLIGHT,0.9587,1.5523,0.1484,0.1608,0.1456,0.1576,-0.0126,-0.1903,0.0065,0.0128,1.0365,-0.0422,1.5806,0.000228,-0.0001,0.0
10.85,FLIGHT,0.9594,1.5531,0.1453,0.1572,0.1425,0.154,-0.0126,-0.1902,0.0064,0.0125,1.0364,-0.0425,1.5809,0.000227,-0.0001,0.0
10.855,FLIGHT,0.9601,1.5539,0.1422,0.1537,0.1395,0.1505,-0.0126,-0.1902,0.0063,0.0122,1.0362,-0.0427,1.5812,0.000227,-0.0001,0.0
10.86,FLIGHT,0.9608,1.5546,0.1392,0.1502,0.1365,0.147,-0.0125,-0.1901,0.0062,0.012,1.0361,-0.043,1.5815,0.000227,-0.0001,0.0
10.865,FLIGHT,0.9615,1.5553,0.1362,0.1467,0.1335,0.1436,-0.0125,-0.19,0.0061,0.0117,1.0359,-0.0432,1.5818,0.000227,-0.0001,0.0
10.87,FLIGHT,0.9621,1.556,0.1333,0.1432,0.1307,0.1402,-0.0125,-0.19,0.006,0.0114,1.0357,-0.0435,1.5821,0.000226,-0.0001,0.0
10.875,FLIGHT,0.9628,1.5567,0.1304,0.1398,0.1279,0.1368,-0.0124,-0.1899,0.0059,0.0111,1.0355,-0.0437,1.5824,0.000226,-0.0001,0.0
10.88,FLIGHT,0.9634,1.5574,0.1276,0.1365,0.1252,0.1335,-0.0124,-0.1899,0.0058,0.0109,1.0352,-0.0439,1.5827,0.000226,-0.0001,0.0
10.885,FLIGHT,0.964,1.5581,0.1249,0.1332,0.1225,0.1303,-0.0124,-0.1898,0.0057,0.0106,1.035,-0.0442,1.583,0.000225,-0.0001,0.0
10.89,FLIGHT,0.9646,1.5587,0.1222,0.1299,0.1199,0.1271,-0.0124,-0.1898,0.0056,0.0103,1.0347,-0.0444,1.5833,0.000225,-0.0001,0.0
10.895,FLIGHT,0.9652,1.5593,0.1196,0.1268,0.1173,0.1239,-0.0123,-0.1897,0.0056,0.0101,1.0344,-0.0446,1.5836,0.000225,-0.0001,0.0
10.9,FLIGHT,0.9658,1.5599,0.1171,0.1236,0.1148,0.1209,-0.0123,-0.1897,0.0055,0.0098,1.034,-0.0448,1.5838,0.000224,-0.0001,0.0
10.905,FLIGHT,0.9664,1.5605,0.1146,0.1206,0.1123,0.1178,-0.0123,-0.1896,0.0054,0.0096,1.0337,-0.045,1.5841,0.000224,-0.0001,0.0
10.91,FLIGHT,0.9669,1.5611,0.1121,0.1176,0.11,0.1149,-0.0122,-0.1896,0.0054,0.0094,1.0333,-0.0452,1.5843,0.000224,-0.0001,0.0
10.915,FLIGHT,0.9675,1.5617,0.1097,0.1146,0.1076,0.112,-0.0122,-0.1895,0.0053,0.0091,1.0329,-0.0454,1.5846,0.000223,-0.0001,0.0
10.92,FLIGHT,0.968,1.5622,0.1074,0.1117,0.1053,0.1092,-0.0122,-0.1895,0.0053,0.0089,1.0325,-0.0456,1.5848,0.000223,-0.0001,0.0
10.925,FLIGHT,0.9685,1.5628,0.1051,0.1089,0.1031,0.1064,-0.0122,-0.1895,0.0052,0.0087,1.0321,-0.0458,1.5851,0.000223,-0.0001,0.0
10.93,FLIGHT,0.969,1.5633,0.1029,0.1062,0.1009,0.1037,-0.0121,-0.1894,0.0051,0.0084,1.0317,-0.046,1.5853,0.000222,-0.0001,0.0
10.935,FLIGHT,0.9695,1.5638,0.1007,0.1035,0.0988,0.1011,-0.0121,-0.1894,0.0051,0.0082,1.0312,-0.0461,1.5855,0.000222,-0.0001,0.0
10.94,FLIGHT,0.97,1.5643,0.0986,0.1009,0.0967,0.0985,-0.0121,-0.1893,0.005,0.008,1.0307,-0.0463,1.5858,0.000222,-0.0001,0.0
10.945,FLIGHT,0.9705,1.5648,0.0965,0.0983,0.0947,0.096,-0.0121,-0.1893,0.005,0.0078,1.0302,-0.0465,1.586,0.000222,-0.0001,0.0
10.95,FLIGHT,0.971,1.5653,0.0945,0.0958,0.0927,0.0936,-0.012,-0.1893,0.0049,0.0076,1.0297,-0.0467,1.5862,0.000221,-0.0001,0.0
10.955,FLIGHT,0.9714,1.5657,0.0925,0.0934,0.0907,0.0912,-0.012,-0.1892,0.0049,0.0074,1.0291,-0.0468,1.5864,0.000221,-0.0,0.0
10.96,FLIGHT,0.9719,1.5662,0.0905,0.091,0.0888,0.0889,-0.012,-0.1892,0.0048,0.0072,1.0285,-0.047,1.5866,0.000221,-0.0,0.0
10.965,FLIGHT,0.9723,1.5666,0.0887,0.0887,0.087,0.0866,-0.012,-0.1891,0.0048,0.007,1.028,-0.0471,1.5868,0.000221,-0.0,0.0
10.97,FLIGHT,0.9727,1.5671,0.0868,0.0864,0.0852,0.0844,-0.0119,-0.1891,0.0047,0.0069,1.0274,-0.0473,1.587,0.00022,-0.0,0.0
10.975,FLIGHT,0.9732,1.5675,0.085,0.0842,0.0834,0.0823,-0.0119,-0.1891,0.0047,0.0067,1.0267,-0.0475,1.5872,0.00022,-0.0,0.0
10.98,FLIGHT,0.9736,1.5679,0.0832,0.0821,0.0816,0.0802,-0.0119,-0.1891,0.0046,0.0065,1.0261,-0.0476,1.5874,0.00022,-0.0,0.0
10.985,FLIGHT,0.974,1.5683,0.0815,0.08,0.0799,0.0782,-0.0119,-0.189,0.0046,0.0063,1.0254,-0.0478,1.5876,0.00022,-0.0,0.0
10.99,FLIGHT,0.9744,1.5687,0.0798,0.078,0.0783,0.0762,-0.0119,-0.189,0.0045,0.0062,1.0248,-0.0479,1.5878,0.000219,-0.0,0.0
10.995,FLIGHT,0.9748,1.569,0.0781,0.076,0.0767,0.0743,-0.0118,-0.189,0.0045,0.006,1.0241,-0.048,1.588,0.000219,-0.0,0.0
11.0,FLIGHT,0.9751,1.5694,0.0765,0.0741,0.0751,0.0724,-0.0118,-0.1889,0.0044,0.0059,1.0234,-0.0482,1.5881,0.000219,-0.0,0.0
11.005,FLIGHT,0.9755,1.5698,0.0749,0.0722,0.0735,0.0706,-0.0118,-0.1889,0.0044,0.0057,1.0226,-0.0483,1.5883,0.000219,-0.0,0.0
11.01,FLIGHT,0.9759,1.5701,0.0734,0.0704,0.072,0.0688,-0.0118,-0.1889,0.0043,0.0056,1.0219,-0.0485,1.5885,0.000219,-0.0,0.0
11.015,FLIGHT,0.9762,1.5705,0.0718,0.0687,0.0705,0.0671,-0.0117,-0.1888,0.0043,0.0054,1.0211,-0.0486,1.5886,0.000219,-0.0,0.0
11.02,FLIGHT,0.9766,1.5708,0.0704,0.0669,0.069,0.0654,-0.0117,-0.1888,0.0042,0.0053,1.0203,-0.0487,1.5888,0.000218,-0.0,0.0
11.025,FLIGHT,0.9769,1.5711,0.0689,0.0653,0.0676,0.0638,-0.0117,-0.1888,0.0042,0.0052,1.0195,-0.0489,1.589,0.000218,-0.0,0.0
11.03,FLIGHT,0.9773,1.5714,0.0675,0.0637,0.0662,0.0622,-0.0117,-0.1888,0.0041,0.005,1.0187,-0.049,1.5891,0.000218,-0.0,0.0
11.035,FLIGHT,0.9776,1.5717,0.0661,0.0621,0.0648,0.0607,-0.0117,-0.1887,0.0041,0.0049,1.0179,-0.0491,1.5893,0.000218,-0.0,0.0
11.04,FLIGHT,0.9779,1.572,0.0647,0.0605,0.0635,0.0592,-0.0116,-0.1887,0.004,0.0048,1.0171,-0.0492,1.5894,0.000218,-0.0,0.0
11.045,FLIGHT,0.9782,1.5723,0.0634,0.0591,0.0622,0.0577,-0.0116,-0.1887,0.004,0.0047,1.0162,-0.0494,1.5896,0.000218,-0.0,0.0
11.05,FLIGHT,0.9785,1.5726,0.062,0.0576,0.0609,0.0563,-0.0116,-0.1887,0.0039,0.0045,1.0153,-0.0495,1.5897,0.000218,-0.0,0.0
11.055,FLIGHT,0.9788,1.5729,0.0607,0.0562,0.0596,0.055,-0.0116,-0.1887,0.0039,0.0044,1.0144,-0.0496,1.5898,0.000217,-0.0,0.0
11.06,FLIGHT,0.9791,1.5732,0.0595,0.0548,0.0584,0.0536,-0.0116,-0.1886,0.0038,0.0043,1.0135,-0.0497,1.59,0.000217,-0.0,0.0
11.065,FLIGHT,0.9794,1.5734,0.0582,0.0535,0.0571,0.0523,-0.0115,-0.1886,0.0038,0.0042,1.0126,-0.0499,1.5901,0.000217,-0.0,0.0
11.07,FLIGHT,0.9797,1.5737,0.057,0.0522,0.0559,0.0511,-0.0115,-0.1886,0.0037,0.0041,1.0117,-0.05,1.5903,0.000217,-0.0,0.0
11.075,FLIGHT,0.98,1.5739,0.0558,0.051,0.0548,0.0499,-0.0115,-0.1886,0.0036,0.004,1.0107,-0.0501,1.5904,0.000217,-0.0,0.0
11.08,FLIGHT,0.9802,1.5742,0.0547,0.0498,0.0536,0.0487,-0.0115,-0.1886,0.0036,0.0039,1.0097,-0.0502,1.5905,0.000217,-0.0,0.0
11.085,FLIGHT,0.9805,1.5744,0.0535,0.0486,0.0525,0.0475,-0.0115,-0.1885,0.0035,0.0038,1.0087,-0.0503,1.5906,0.000217,-0.0,0.0
11.09,FLIGHT,0.9808,1.5747,0.0524,0.0474,0.0514,0.0464,-0.0115,-0.1885,0.0035,0.0037,1.0077,-0.0504,1.5908,0.000217,-0.0,0.0
11.095,FLIGHT,0.981,1.5749,0.0513,0.0463,0.0503,0.0453,-0.0114,-0.1885,0.0034,0.0036,1.0067,-0.0505,1.5909,0.000217,-0.0,0.0
11.1,FLIGHT,0.9813,1.5751,0.0502,0.0452,0.0492,0.0443,-0.0114,-0.1885,0.0033,0.0036,1.0057,-0.0506,1.591,0.000217,-0.0,0.0
11.105,FLIGHT,0.9815,1.5753,0.0491,0.0442,0.0482,0.0432,-0.0114,-0.1885,0.0033,0.0035,1.0047,-0.0508,1.5911,0.000217,-0.0,0.0
11.11,FLIGHT,0.9818,1.5755,0.0481,0.0432,0.0471,0.0423,-0.0114,-0.1884,0.0032,0.0034,1.0036,-0.0509,1.5912,0.000216,-0.0,0.0
11.115,FLIGHT,0.982,1.5757,0.047,0.0422,0.0461,0.0413,-0.0114,-0.1884,0.0032,0.0033,1.0025,-0.051,1.5914,0.000216,-0.0,0.0
11.12,FLIGHT,0.9822,1.576,0.046,0.0412,0.0451,0.0403,-0.0114,-0.1884,0.0031,0.0032,1.0014,-0.0511,1.5915,0.000216,-0.0,0.0
11.125,FLIGHT,0.9824,1.5762,0.045,0.0403,0.0441,0.0394,-0.0113,-0.1884,0.003,0.0032,1.0003,-0.0512,1.5916,0.000216,-0.0,0.0
11.13,STANCE,0.983,1.5766,0.1111,0.0944,0.4162,0.1889,-0.0113,-0.1884,0.0082,0.0074,0.9993,0.1238,-0.2773,-7.4e-05,-0.243,0.0487
11.135,STANCE,0.9874,1.576,0.6875,-0.0951,1.3045,-0.5253,-0.0104,-0.1885,0.1425,-0.0157,0.9985,-0.2422,-0.8097,-0.001885,-0.4273,0.0873
11.14,STANCE,0.9929,1.5732,0.8776,-0.3874,0.4148,-0.2139,-0.009,-0.1888,0.2185,-0.0425,0.998,-0.6049,-1.2737,-0.0035,-0.1291,0.0293
11.145,STANCE,0.9939,1.5729,0.4126,-0.1486,0.1758,-0.0281,-0.0087,-0.1888,0.0982,-0.0169,0.9981,-0.7294,-1.8894,-0.003707,0.0121,0.0037
11.15,STANCE,0.9955,1.5719,0.3781,-0.2109,0.5202,-0.431,-0.0083,-0.1889,0.1003,-0.0219,0.9983,-1.0203,-2.2406,-0.003539,0.0482,0.0035
11.155,STANCE,0.9984,1.5666,0.5122,-0.8736,0.6757,-1.4463,-0.007,-0.1894,0.217,-0.0802,0.9983,-1.3559,-2.1333,-0.003085,0.1139,0.0031
11.16,STANCE,1.0025,1.5589,0.7189,-1.3751,1.0027,-1.9049,-0.0052,-0.1901,0.327,-0.1221,0.9983,-1.6527,-1.87,-0.002558,0.0459,0.0026
11.165,STANCE,1.0089,1.548,1.1268,-1.9436,1.467,-2.4297,-0.0025,-0.191,0.4872,-0.1654,0.9983,-1.9471,-1.3609,-0.002721,-0.0769,0.0181
11.17,STANCE,1.0155,1.5339,1.264,-2.5432,1.3819,-2.8081,0.0008,-0.1922,0.6031,-0.2044,0.9983,-1.9991,-0.6793,-0.002949,-0.0719,0.0173
11.175,STANCE,1.0212,1.519,1.1671,-2.8256,0.9635,-2.9717,0.004,-0.1934,0.6304,-0.2153,0.9982,-1.7869,-0.0555,-0.003122,-0.0177,0.0067
11.18,STANCE,1.0251,1.5046,0.8816,-2.8587,0.6469,-2.7189,0.0069,-0.1945,0.5849,-0.2089,0.9983,-1.3424,0.4625,-0.003132,-0.0025,0.0036
11.185,STANCE,1.0272,1.4912,0.5549,-2.729,0.2769,-2.5786,0.0092,-0.1954,0.5063,-0.194,0.9985,-0.7937,0.8512,-0.003004,0.0389,0.003
11.19,STANCE,1.0281,1.4788,0.2919,-2.552,0.0806,-2.4292,0.0112,-0.1963,0.4318,-0.1779,0.9987,-0.2961,1.1084,-0.002766,0.0623,0.0028
11.195,STANCE,1.0284,1.467,0.1402,-2.4046,0.054,-2.2973,0.013,-0.1971,0.3825,-0.1646,0.999,-0.0168,1.217,-0.002452,0.0692,0.0025
11.2,FLIGHT,1.0283,1.4562,0.0138,-2.2114,-0.3072,-1.7267,0.0146,-0.1979,0.3307,-0.1494,0.9994,-1.2929,2.5769,-0.002044,0.1058,0.002
11.205,FLIGHT,1.0247,1.4507,-0.5426,-1.3929,-1.1419,-0.5206,0.0147,-0.1983,0.0992,-0.1018,1.0001,-1.1247,2.4301,-0.00137,0.1603,0.0014
11.21,FLIGHT,1.0173,1.4505,-1.2029,-0.4294,-1.7543,0.3821,0.0132,-0.1984,-0.1751,-0.0453,1.001,-0.8557,2.2052,-0.000483,0.1903,0.0005
11.215,FLIGHT,1.0075,1.4539,-1.7288,0.3644,-2.1099,0.9648,0.0108,-0.1983,-0.3964,0.007,1.0022,-0.5921,1.9879,0.000423,0.1487,0.0
11.22,FLIGHT,0.9966,1.4596,-2.0508,0.9058,-2.2496,1.2782,0.0078,-0.198,-0.5382,0.05,1.0034,-0.3756,1.8109,0.000994,0.0836,0.0
11.225,FLIGHT,0.9853,1.4664,-2.185,1.2106,-2.2329,1.392,0.0046,-0.1976,-0.6066,0.0813,1.0047,-0.2139,1.6802,0.001294,0.0394,0.0
11.23,FLIGHT,0.9744,1.4733,-2.1737,1.3309,-2.1123,1.3733,0.0014,-0.1971,-0.6189,0.1007,1.006,-0.1013,1.5909,0.001413,0.0106,0.0
11.235,FLIGHT,0.9643,1.48,-2.0625,1.3238,-1.9304,1.2757,-0.0015,-0.1965,-0.5931,0.1095,1.0073,-0.0278,1.5344,0.001418,-0.0073,0.0015
11.24,FLIGHT,0.9552,1.486,-1.8905,1.238,-1.719,1.1379,-0.0042,-0.196,-0.5446,0.11,1.0085,0.0169,1.502,0.001353,-0.0178,0.0036
11.245,FLIGHT,0.9471,1.4913,-1.6879,1.1107,-1.4995,0.9866,-0.0065,-0.1955,-0.4849,0.1047,1.0097,0.0415,1.4862,0.001248,-0.0232,0.0046
11.25,FLIGHT,0.9402,1.4959,-1.4756,0.9677,-1.2857,0.8381,-0.0085,-0.1951,-0.4219,0.0957,1.0108,0.0528,1.4812,0.001126,-0.0253,0.0051
11.255,FLIGHT,0.9342,1.4997,-1.2674,0.8255,-1.0856,0.7018,-0.0102,-0.1947,-0.3604,0.085,1.0119,0.0556,1.4829,0.000999,-0.0253,0.0051
11.26,FLIGHT,0.9293,1.5029,-1.0715,0.6939,-0.9032,0.5825,-0.0116,-0.1944,-0.3033,0.0738,1.013,0.0533,1.4884,0.000875,-0.024,0.0048
11.265,FLIGHT,0.9252,1.5056,-0.8924,0.5777,-0.7402,0.4814,-0.0127,-0.1941,-0.252,0.063,1.014,0.0481,1.4957,0.00076,-0.0219,0.0044
11.27,FLIGHT,0.9218,1.5078,-0.7318,0.4789,-0.5964,0.3982,-0.0137,-0.1938,-0.2069,0.0532,1.0149,0.0416,1.5037,0.000657,-0.0194,0.0039
11.275,FLIGHT,0.9192,1.5096,-0.5898,0.3972,-0.4707,0.3314,-0.0144,-0.1936,-0.168,0.0446,1.0158,0.0345,1.5115,0.000567,-0.0167,0.0033
11.28,FLIGHT,0.9171,1.5111,-0.4655,0.3314,-0.3618,0.2791,-0.015,-0.1935,-0.1348,0.0372,1.0167,0.0275,1.5189,0.00049,-0.0141,0.0028
11.285,FLIGHT,0.9155,1.5124,-0.3576,0.2797,-0.2679,0.2391,-0.0155,-0.1933,-0.1068,0.0312,1.0176,0.0209,1.5256,0.000425,-0.0117,0.0023
11.29,FLIGHT,0.9144,1.5135,-0.2646,0.24,-0.1873,0.2094,-0.0159,-0.1932,-0.0834,0.0263,1.0184,0.0147,1.5316,0.000373,-0.0095,0.0019
11.295,FLIGHT,0.9136,1.5145,-0.1846,0.2106,-0.1185,0.1881,-0.0162,-0.1931,-0.064,0.0224,1.0192,0.0091,1.5368,0.00033,-0.0075,0.0015
11.3,FLIGHT,0.9132,1.5154,-0.1163,0.1894,-0.0599,0.1737,-0.0164,-0.193,-0.0479,0.0194,1.02,0.004,1.5414,0.000297,-0.0059,0.0012
11.305,FLIGHT,0.913,1.5163,-0.0582,0.175,-0.0102,0.1646,-0.0165,-0.1929,-0.0347,0.0171,1.0207,-0.0005,1.5453,0.000271,-0.0045,0.0009
11.31,FLIGHT,0.9131,1.5171,-0.0088,0.1659,0.0318,0.1597,-0.0166,-0.1929,-0.024,0.0155,1.0214,-0.0046,1.5488,0.000251,-0.0034,0.0007
11.315,FLIGHT,0.9133,1.5179,0.0329,0.1609,0.0672,0.158,-0.0167,-0.1928,-0.0152,0.0144,1.0222,-0.0082,1.5517,0.000237,-0.0025,0.0005
11.32,FLIGHT,0.9138,1.5187,0.0681,0.1591,0.0969,0.1586,-0.0167,-0.1927,-0.0082,0.0136,1.0228,-0.0115,1.5543,0.000226,-0.0018,0.0004
11.325,FLIGHT,0.9143,1.5195,0.0975,0.1596,0.1216,0.1608,-0.0167,-0.1927,-0.0026,0.0132,1.0235,-0.0144,1.5565,0.000219,-0.0012,0.0002
11.33,FLIGHT,0.915,1.5203,0.1221,0.1617,0.1421,0.1642,-0.0167,-0.1926,0.0018,0.013,1.0241,-0.0169,1.5584,0.000214,-0.0007,0.0001
11.335,FLIGHT,0.9157,1.5211,0.1424,0.165,0.1589,0.1683,-0.0166,-0.1925,0.0053,0.0129,1.0248,-0.0193,1.5601,0.000211,-0.0004,0.0001
11.34,FLIGHT,0.9165,1.522,0.1591,0.169,0.1726,0.1727,-0.0166,-0.1925,0.008,0.013,1.0254,-0.0214,1.5616,0.00021,-0.0001,0.0
11.345,FLIGHT,0.9174,1.5228,0.1727,0.1733,0.1836,0.1773,-0.0165,-0.1924,0.01,0.0132,1.0259,-0.0232,1.5629,0.00021,0.0,0.0
11.35,FLIGHT,0.9184,1.5237,0.1836,0.1778,0.1923,0.1817,-0.0165,-0.1923,0.0115,0.0135,1.0265,-0.0249,1.564,0.00021,0.0002,0.0
11.355,FLIGHT,0.9194,1.5247,0.1923,0.1821,0.1991,0.1859,-0.0164,-0.1923,0.0126,0.0137,1.027,-0.0265,1.5651,0.000211,0.0003,0.0
11.36,FLIGHT,0.9204,1.5256,0.199,0.1862,0.2042,0.1898,-0.0163,-0.1922,0.0133,0.014,1.0276,-0.0279,1.566,0.000213,0.0003,0.0
11.365,FLIGHT,0.9214,1.5266,0.204,0.19,0.2078,0.1932,-0.0163,-0.1921,0.0137,0.0143,1.0281,-0.0291,1.5669,0.000215,0.0004,0.0
11.37,FLIGHT,0.9224,1.5275,0.2076,0.1933,0.2103,0.1961,-0.0162,-0.192,0.0139,0.0146,1.0285,-0.0303,1.5677,0.000217,0.0004,0.0
11.375,FLIGHT,0.9235,1.5285,0.21,0.1962,0.2117,0.1986,-0.0161,-0.192,0.014,0.0148,1.029,-0.0313,1.5684,0.000218,0.0004,0.0
11.38,FLIGHT,0.9246,1.5295,0.2114,0.1986,0.2122,0.2006,-0.0161,-0.1919,0.0139,0.015,1.0294,-0.0323,1.5691,0.00022,0.0004,0.0
11.385,FLIGHT,0.9256,1.5305,0.2119,0.2005,0.212,0.202,-0.016,-0.1918,0.0138,0.0152,1.0298,-0.0332,1.5698,0.000222,0.0003,0.0
11.39,FLIGHT,0.9267,1.5315,0.2117,0.2019,0.2112,0.203,-0.0159,-0.1917,0.0135,0.0153,1.0302,-0.034,1.5704,0.000223,0.0003,0.0
11.395,FLIGHT,0.9277,1.5325,0.2108,0.2029,0.2098,0.2035,-0.0159,-0.1917,0.0132,0.0155,1.0305,-0.0348,1.571,0.000225,0.0003,0.0
11.4,FLIGHT,0.9288,1.5336,0.2094,0.2033,0.208,0.2035,-0.0158,-0.1916,0.0129,0.0155,1.0309,-0.0355,1.5715,0.000226,0.0002,0.0
11.405,FLIGHT,0.9298,1.5346,0.2076,0.2033,0.2059,0.2031,-0.0157,-0.1915,0.0125,0.0156,1.0312,-0.0362,1.572,0.000227,0.0002,0.0
11.41,FLIGHT,0.9308,1.5356,0.2055,0.2029,0.2034,0.2024,-0.0157,-0.1914,0.0121,0.0156,1.0315,-0.0368,1.5725,0.000228,0.0002,0.0
11.415,FLIGHT,0.9318,1.5366,0.203,0.2021,0.2007,0.2013,-0.0156,-0.1914,0.0117,0.0156,1.0317,-0.0374,1.573,0.000229,0.0002,0.0
11.42,FLIGHT,0.9328,1.5376,0.2004,0.201,0.1979,0.1998,-0.0156,-0.1913,0.0114,0.0155,1.032,-0.0379,1.5735,0.00023,0.0001,0.0
11.425,FLIGHT,0.9338,1.5386,0.1975,0.1995,0.1948,0.1981,-0.0155,-0.1912,0.011,0.0154,1.0322,-0.0384,1.574,0.000231,0.0001,0.0
11.43,FLIGHT,0.9348,1.5396,0.1945,0.1978,0.1917,0.1961,-0.0155,-0.1911,0.0106,0.0153,1.0324,-0.0389,1.5744,0.000231,0.0001,0.0
11.435,FLIGHT,0.9357,1.5406,0.1913,0.1958,0.1885,0.1938,-0.0154,-0.191,0.0103,0.0152,1.0326,-0.0394,1.5749,0.000232,0.0001,0.0
11.44,FLIGHT,0.9367,1.5415,0.1881,0.1935,0.1852,0.1914,-0.0154,-0.191,0.01,0.015,1.0327,-0.0398,1.5753,0.000232,0.0001,0.0
11.445,FLIGHT,0.9376,1.5425,0.1848,0.191,0.1818,0.1888,-0.0153,-0.1909,0.0097,0.0149,1.0328,-0.0403,1.5757,0.000232,0.0,0.0
11.45,FLIGHT,0.9385,1.5434,0.1815,0.1884,0.1785,0.186,-0.0153,-0.1908,0.0094,0.0147,1.0329,-0.0407,1.5761,0.000232,0.0,0.0
11.455,FLIGHT,0.9394,1.5443,0.1781,0.1856,0.1751,0.183,-0.0152,-0.1908,0.0091,0.0145,1.033,-0.041,1.5765,0.000232,0.0,0.0
11.46,FLIGHT,0.9402,1.5452,0.1747,0.1827,0.1717,0.18,-0.0152,-0.1907,0.0088,0.0143,1.0331,-0.0414,1.5769,0.000232,-0.0,0.0
11.465,FLIGHT,0.9411,1.5461,0.1714,0.1796,0.1684,0.1769,-0.0151,-0.1906,0.0086,0.0141,1.0331,-0.0418,1.5773,0.000232,-0.0,0.0
11.47,FLIGHT,0.9419,1.547,0.168,0.1765,0.1651,0.1736,-0.0151,-0.1905,0.0084,0.0138,1.0331,-0.0421,1.5776,0.000232,-0.0,0.0
11.475,FLIGHT,0.9427,1.5479,0.1647,0.1733,0.1618,0.1704,-0.0151,-0.1905,0.0081,0.0136,1.0331,-0.0424,1.578,0.000232,-0.0,0.0
11.48,FLIGHT,0.9435,1.5487,0.1614,0.17,0.1585,0.167,-0.015,-0.1904,0.0079,0.0133,1.0331,-0.0427,1.5784,0.000232,-0.0,0.0
11.485,FLIGHT,0.9443,1.5495,0.1582,0.1667,0.1553,0.1637,-0.015,-0.1903,0.0078,0.0131,1.033,-0.043,1.5787,0.000232,-0.0,0.0
11.49,FLIGHT,0.9451,1.5504,0.155,0.1633,0.1521,0.1603,-0.0149,-0.1903,0.0076,0.0128,1.0329,-0.0433,1.5791,0.000232,-0.0,0.0
11.495,FLIGHT,0.9458,1.5511,0.1518,0.16,0.149,0.157,-0.0149,-0.1902,0.0074,0.0126,1.0328,-0.0436,1.5794,0.000231,-0.0,0.0
11.5,FLIGHT,0.9466,1.5519,0.1487,0.1566,0.146,0.1536,-0.0149,-0.1902,0.0073,0.0123,1.0327,-0.0439,1.5797,0.000231,-0.0001,0.0
11.505,FLIGHT,0.9473,1.5527,0.1457,0.1532,0.1429,0.1502,-0.0148,-0.1901,0.0071,0.0121,1.0325,-0.0441,1.5801,0.000231,-0.0001,0.0
11.51,FLIGHT,0.948,1.5534,0.1427,0.1499,0.14,0.1469,-0.0148,-0.19,0.007,0.0118,1.0324,-0.0444,1.5804,0.000231,-0.0001,0.0
11.515,FLIGHT,0.9487,1.5542,0.1397,0.1465,0.1371,0.1435,-0.0148,-0.19,0.0069,0.0115,1.0322,-0.0447,1.5807,0.00023,-0.0001,0.0
11.52,FLIGHT,0.9494,1.5549,0.1368,0.1432,0.1342,0.1403,-0.0147,-0.1899,0.0068,0.0113,1.032,-0.0449,1.581,0.00023,-0.0001,0.0
11.525,FLIGHT,0.9501,1.5556,0.134,0.1399,0.1315,0.137,-0.0147,-0.1899,0.0067,0.011,1.0317,-0.0451,1.5813,0.00023,-0.0001,0.0
11.53,FLIGHT,0.9507,1.5562,0.1312,0.1367,0.1287,0.1338,-0.0147,-0.1898,0.0066,0.0108,1.0315,-0.0454,1.5816,0.000229,-0.0001,0.0
11.535,FLIGHT,0.9513,1.5569,0.1285,0.1335,0.1261,0.1306,-0.0146,-0.1898,0.0065,0.0105,1.0312,-0.0456,1.5819,0.000229,-0.0001,0.0
11.54,FLIGHT,0.952,1.5575,0.1258,0.1303,0.1235,0.1275,-0.0146,-0.1897,0.0064,0.0103,1.0309,-0.0458,1.5822,0.000229,-0.0001,0.0
11.545,FLIGHT,0.9526,1.5582,0.1232,0.1272,0.1209,0.1244,-0.0146,-0.1897,0.0063,0.01,1.0306,-0.046,1.5824,0.000228,-0.0001,0.0
11.55,FLIGHT,0.9532,1.5588,0.1207,0.1241,0.1184,0.1214,-0.0145,-0.1896,0.0062,0.0098,1.0302,-0.0462,1.5827,0.000228,-0.0001,0.0
11.555,FLIGHT,0.9538,1.5594,0.1182,0.1211,0.116,0.1185,-0.0145,-0.1896,0.0062,0.0095,1.0299,-0.0464,1.583,0.000228,-0.0001,0.0
11.56,FLIGHT,0.9543,1.56,0.1157,0.1182,0.1136,0.1156,-0.0145,-0.1895,0.0061,0.0093,1.0295,-0.0466,1.5832,0.000228,-0.0001,0.0
11.565,FLIGHT,0.9549,1.5605,0.1133,0.1153,0.1112,0.1127,-0.0144,-0.1895,0.006,0.0091,1.0291,-0.0468,1.5835,0.000227,-0.0001,0.0
11.57,FLIGHT,0.9554,1.5611,0.111,0.1125,0.109,0.1099,-0.0144,-0.1894,0.006,0.0088,1.0287,-0.047,1.5837,0.000227,-0.0001,0.0
11.575,FLIGHT,0.956,1.5616,0.1087,0.1097,0.1067,0.1072,-0.0144,-0.1894,0.0059,0.0086,1.0282,-0.0472,1.584,0.000227,-0.0001,0.0
11.58,FLIGHT,0.9565,1.5622,0.1065,0.107,0.1045,0.1046,-0.0144,-0.1894,0.0058,0.0084,1.0278,-0.0474,1.5842,0.000226,-0.0001,0.0
11.585,FLIGHT,0.957,1.5627,0.1043,0.1043,0.1024,0.1019,-0.0143,-0.1893,0.0058,0.0082,1.0273,-0.0476,1.5844,0.000226,-0.0001,0.0
11.59,FLIGHT,0.9575,1.5632,0.1022,0.1017,0.1003,0.0994,-0.0143,-0.1893,0.0057,0.008,1.0268,-0.0478,1.5847,0.000226,-0.0001,0.0
11.595,FLIGHT,0.958,1.5637,0.1001,0.0992,0.0983,0.0969,-0.0143,-0.1892,0.0057,0.0078,1.0263,-0.0479,1.5849,0.000226,-0.0001,0.0
11.6,FLIGHT,0.9585,1.5642,0.0981,0.0967,0.0963,0.0945,-0.0142,-0.1892,0.0056,0.0076,1.0257,-0.0481,1.5851,0.000225,-0.0,0.0
11.605,FLIGHT,0.959,1.5646,0.0961,0.0943,0.0943,0.0921,-0.0142,-0.1892,0.0055,0.0074,1.0252,-0.0483,1.5853,0.000225,-0.0,0.0
11.61,FLIGHT,0.9595,1.5651,0.0941,0.0919,0.0924,0.0898,-0.0142,-0.1891,0.0055,0.0072,1.0246,-0.0484,1.5855,0.000225,-0.0,0.0
11.615,FLIGHT,0.9599,1.5655,0.0922,0.0896,0.0906,0.0876,-0.0142,-0.1891,0.0054,0.007,1.024,-0.0486,1.5858,0.000225,-0.0,0.0
11.62,FLIGHT,0.9604,1.566,0.0904,0.0874,0.0887,0.0854,-0.0141,-0.1891,0.0054,0.0068,1.0234,-0.0487,1.586,0.000224,-0.0,0.0
11.625,FLIGHT,0.9608,1.5664,0.0886,0.0852,0.087,0.0833,-0.0141,-0.189,0.0053,0.0067,1.0227,-0.0489,1.5862,0.000224,-0.0,0.0
11.63,FLIGHT,0.9612,1.5668,0.0868,0.0831,0.0852,0.0812,-0.0141,-0.189,0.0053,0.0065,1.0221,-0.049,1.5863,0.000224,-0.0,0.0
11.635,FLIGHT,0.9617,1.5672,0.085,0.081,0.0835,0.0792,-0.0141,-0.189,0.0052,0.0063,1.0214,-0.0492,1.5865,0.000224,-0.0,0.0
11.64,FLIGHT,0.9621,1.5676,0.0833,0.079,0.0818,0.0772,-0.014,-0.1889,0.0052,0.0062,1.0207,-0.0493,1.5867,0.000224,-0.0,0.0
11.645,FLIGHT,0.9625,1.568,0.0817,0.077,0.0802,0.0753,-0.014,-0.1889,0.0051,0.006,1.02,-0.0495,1.5869,0.000223,-0.0,0.0
11.65,FLIGHT,0.9629,1.5683,0.08,0.0751,0.0786,0.0734,-0.014,-0.1889,0.0051,0.0058,1.0193,-0.0496,1.5871,0.000223,-0.0,0.0
11.655,FLIGHT,0.9633,1.5687,0.0784,0.0732,0.077,0.0716,-0.014,-0.1888,0.005,0.0057,1.0186,-0.0498,1.5873,0.000223,-0.0,0.0
11.66,FLIGHT,0.9636,1.569,0.0769,0.0714,0.0755,0.0698,-0.0139,-0.1888,0.0049,0.0056,1.0178,-0.0499,1.5874,0.000223,-0.0,0.0
11.665,FLIGHT,0.964,1.5694,0.0753,0.0697,0.074,0.0681,-0.0139,-0.1888,0.0049,0.0054,1.017,-0.05,1.5876,0.000223,-0.0,0.0
11.67,FLIGHT,0.9644,1.5697,0.0738,0.0679,0.0725,0.0664,-0.0139,-0.1888,0.0048,0.0053,1.0163,-0.0502,1.5878,0.000222,-0.0,0.0
11.675,FLIGHT,0.9647,1.5701,0.0724,0.0663,0.0711,0.0648,-0.0139,-0.1887,0.0048,0.0051,1.0154,-0.0503,1.5879,0.000222,-0.0,0.0
11.68,FLIGHT,0.9651,1.5704,0.0709,0.0647,0.0697,0.0632,-0.0138,-0.1887,0.0047,0.005,1.0146,-0.0504,1.5881,0.000222,-0.0,0.0
11.685,FLIGHT,0.9654,1.5707,0.0695,0.0631,0.0683,0.0617,-0.0138,-0.1887,0.0047,0.0049,1.0138,-0.0506,1.5883,0.000222,-0.0,0.0
11.69,FLIGHT,0.9658,1.571,0.0681,0.0616,0.0669,0.0602,-0.0138,-0.1887,0.0046,0.0048,1.0129,-0.0507,1.5884,0.000222,-0.0,0.0
11.695,FLIGHT,0.9661,1.5713,0.0668,0.0601,0.0656,0.0587,-0.0138,-0.1886,0.0045,0.0047,1.0121,-0.0508,1.5886,0.000222,-0.0,0.0
11.7,FLIGHT,0.9664,1.5716,0.0655,0.0586,0.0643,0.0573,-0.0137,-0.1886,0.0045,0.0045,1.0112,-0.0509,1.5887,0.000222,-0.0,0.0
11.705,FLIGHT,0.9668,1.5719,0.0641,0.0572,0.063,0.056,-0.0137,-0.1886,0.0044,0.0044,1.0103,-0.0511,1.5889,0.000222,-0.0,0.0
11.71,FLIGHT,0.9671,1.5721,0.0629,0.0558,0.0617,0.0546,-0.0137,-0.1886,0.0044,0.0043,1.0094,-0.0512,1.589,0.000221,-0.0,0.0
11.715,FLIGHT,0.9674,1.5724,0.0616,0.0545,0.0605,0.0533,-0.0137,-0.1886,0.0043,0.0042,1.0084,-0.0513,1.5891,0.000221,-0.0,0.0
11.72,FLIGHT,0.9677,1.5727,0.0604,0.0532,0.0593,0.0521,-0.0137,-0.1885,0.0042,0.0041,1.0075,-0.0514,1.5893,0.000221,-0.0,0.0
11.725,FLIGHT,0.968,1.5729,0.0592,0.052,0.0581,0.0509,-0.0136,-0.1885,0.0042,0.004,1.0065,-0.0515,1.5894,0.000221,-0.0,0.0
11.73,FLIGHT,0.9682,1.5732,0.058,0.0508,0.0569,0.0497,-0.0136,-0.1885,0.0041,0.0039,1.0055,-0.0517,1.5896,0.000221,-0.0,0.0
11.735,FLIGHT,0.9685,1.5734,0.0568,0.0496,0.0558,0.0485,-0.0136,-0.1885,0.0041,0.0038,1.0045,-0.0518,1.5897,0.000221,-0.0,0.0
11.74,FLIGHT,0.9688,1.5737,0.0557,0.0484,0.0546,0.0474,-0.0136,-0.1885,0.004,0.0037,1.0035,-0.0519,1.5898,0.000221,-0.0,0.0
11.745,FLIGHT,0.9691,1.5739,0.0545,0.0473,0.0535,0.0463,-0.0136,-0.1884,0.0039,0.0036,1.0025,-0.052,1.5899,0.000221,-0.0,0.0
11.75,FLIGHT,0.9693,1.5741,0.0534,0.0462,0.0524,0.0453,-0.0135,-0.1884,0.0039,0.0036,1.0015,-0.0521,1.5901,0.000221,-0.0,0.0
11.755,FLIGHT,0.9696,1.5744,0.0523,0.0452,0.0514,0.0442,-0.0135,-0.1884,0.0038,0.0035,1.0004,-0.0522,1.5902,0.000221,-0.0,0.0
11.76,STANCE,0.9703,1.575,0.1343,0.12,0.4274,0.193,-0.0135,-0.1884,0.0092,0.0093,0.9995,0.152,-0.2875,-0.000211,-0.2671,0.0536
11.765,STANCE,0.9747,1.5741,0.68,-0.1289,1.2745,-0.6151,-0.0125,-0.1885,0.1455,-0.0204,0.9986,-0.1835,-0.8088,-0.002005,-0.4109,0.0842
11.77,STANCE,0.9807,1.5692,0.9882,-0.7044,0.584,-0.5656,-0.0107,-0.189,0.2823,-0.0743,0.9978,-0.5834,-1.162,-0.003656,-0.1551,0.0347
11.775,STANCE,0.9817,1.5685,0.4379,-0.2797,0.0901,0.0514,-0.0104,-0.1891,0.1208,-0.0298,0.9979,-0.6604,-1.8608,-0.003902,0.0152,0.0039
11.78,STANCE,0.983,1.568,0.3279,-0.1987,0.4502,-0.3786,-0.0101,-0.1891,0.089,-0.0212,0.9982,-0.9028,-2.2842,-0.003699,0.0562,0.0037
11.785,STANCE,0.9857,1.5627,0.4844,-0.8764,0.7013,-1.5102,-0.0089,-0.1896,0.2116,-0.0822,0.9982,-1.2379,-2.1783,-0.003219,0.1159,0.0032
11.79,STANCE,0.9909,1.5535,0.8858,-1.5817,1.2033,-2.4894,-0.0067,-0.1905,0.3868,-0.1434,0.9982,-1.6312,-1.8159,-0.00309,-0.0148,0.006
11.795,STANCE,0.9977,1.54,1.211,-2.352,1.261,-2.8052,-0.0035,-0.1917,0.5605,-0.2021,0.9982,-1.9165,-1.1982,-0.003343,-0.0229,0.0079
11.8,STANCE,1.0036,1.5256,1.1796,-2.7175,1.0649,-3.0135,-0.0003,-0.1929,0.6115,-0.2213,0.9982,-1.9005,-0.6097,-0.003466,-0.0207,0.0076
11.805,STANCE,1.0083,1.5103,0.989,-2.957,0.7711,-3.0719,0.0028,-0.1941,0.6145,-0.2292,0.9982,-1.6516,-0.0009,-0.003545,-0.0051,0.0046
11.81,STANCE,1.0115,1.4955,0.7278,-2.9595,0.5573,-2.7713,0.0055,-0.1952,0.5691,-0.2205,0.9983,-1.2233,0.5106,-0.003552,-0.0127,0.0061
11.815,STANCE,1.013,1.4815,0.4214,-2.8511,0.1902,-2.683,0.0078,-0.1963,0.4974,-0.2066,0.9984,-0.6913,0.916,-0.003409,0.0341,0.0034
11.82,STANCE,1.0133,1.4683,0.1715,-2.6945,0.0347,-2.4973,0.0098,-0.1972,0.4284,-0.1913,0.9987,-0.2063,1.1888,-0.003143,0.05,0.0031
11.825,STANCE,1.0132,1.456,0.0391,-2.5343,-0.0338,-2.4109,0.0116,-0.1981,0.381,-0.1766,0.999,0.0619,1.2964,-0.002804,0.0781,0.0028
11.83,FLIGHT,1.0128,1.4448,-0.0564,-2.3016,-0.3454,-1.7903,0.0132,-0.1989,0.3295,-0.1578,0.9994,-1.2526,2.5427,-0.002378,0.1066,0.0024
11.835,FLIGHT,1.009,1.4389,-0.5782,-1.4705,-1.1476,-0.5973,0.0133,-0.1993,0.1027,-0.1076,1.0002,-1.0862,2.3971,-0.001705,0.1592,0.0017
11.84,FLIGHT,1.0017,1.4383,-1.2072,-0.5104,-1.7325,0.2961,0.0119,-0.1995,-0.1654,-0.0496,1.0012,-0.8216,2.1764,-0.000827,0.188,0.0008
11.845,FLIGHT,0.9921,1.4413,-1.7077,0.2778,-2.0695,0.8737,0.0096,-0.1993,-0.3812,0.0033,1.0024,-0.5627,1.9636,0.000132,0.1799,0.0
11.85,FLIGHT,0.9814,1.4466,-2.0095,0.8166,-2.1919,1.1889,0.0067,-0.1991,-0.519,0.0463,1.0037,-0.351,1.7914,0.000835,0.1053,0.0
11.855,FLIGHT,0.9704,1.4529,-2.1276,1.1236,-2.1631,1.3091,0.0036,-0.1986,-0.5849,0.0774,1.005,-0.1939,1.6651,0.001223,0.0535,0.0
11.86,FLIGHT,0.9599,1.4594,-2.1047,1.2503,-2.0349,1.3,0.0006,-0.1982,-0.596,0.0965,1.0064,-0.0854,1.5793,0.001399,0.0195,0.0
11.865,FLIGHT,0.9502,1.4657,-1.9861,1.2527,-1.849,1.2142,-0.0023,-0.1977,-0.5702,0.1052,1.0077,-0.0152,1.5256,0.001439,-0.0021,0.0004
11.87,FLIGHT,0.9415,1.4715,-1.8101,1.1786,-1.6362,1.0895,-0.0048,-0.1972,-0.5226,0.1058,1.009,0.0269,1.4952,0.001393,-0.015,0.003
11.875,FLIGHT,0.9338,1.4766,-1.606,1.064,-1.4172,0.9515,-0.007,-0.1967,-0.4644,0.1009,1.0102,0.0496,1.4808,0.001299,-0.022,0.0044
11.88,FLIGHT,0.9273,1.481,-1.3941,0.934,-1.2051,0.816,-0.0089,-0.1963,-0.4031,0.0925,1.0114,0.0595,1.4768,0.00118,-0.0251,0.005
11.885,FLIGHT,0.9218,1.4848,-1.1875,0.8046,-1.0075,0.6921,-0.0105,-0.1959,-0.3435,0.0825,1.0126,0.0613,1.479,0.001052,-0.0257,0.0051
11.89,FLIGHT,0.9172,1.488,-0.994,0.685,-0.8281,0.5839,-0.0119,-0.1955,-0.2883,0.0721,1.0137,0.0583,1.4846,0.000926,-0.0247,0.0049
11.895,FLIGHT,0.9135,1.4907,-0.8177,0.5798,-0.6681,0.4928,-0.013,-0.1953,-0.2389,0.0622,1.0147,0.0527,1.492,0.000807,-0.0228,0.0046
11.9,FLIGHT,0.9105,1.4929,-0.66,0.4908,-0.5272,0.4183,-0.0139,-0.195,-0.1955,0.0532,1.0158,0.0459,1.4999,0.000699,-0.0203,0.0041
11.905,FLIGHT,0.9081,1.4949,-0.5209,0.4176,-0.4045,0.359,-0.0146,-0.1948,-0.1582,0.0453,1.0167,0.0387,1.5076,0.000604,-0.0177,0.0035
11.91,FLIGHT,0.9064,1.4965,-0.3995,0.3592,-0.2982,0.3129,-0.0151,-0.1946,-0.1264,0.0386,1.0177,0.0316,1.5148,0.000522,-0.0151,0.003
11.915,FLIGHT,0.9051,1.498,-0.2942,0.3136,-0.2068,0.2781,-0.0156,-0.1945,-0.0996,0.0332,1.0186,0.025,1.5213,0.000453,-0.0125,0.0025
11.92,FLIGHT,0.9043,1.4993,-0.2036,0.2791,-0.1285,0.2526,-0.0159,-0.1943,-0.0772,0.0287,1.0195,0.0188,1.5271,0.000396,-0.0102,0.002
11.925,FLIGHT,0.9038,1.5006,-0.1259,0.2538,-0.0616,0.2348,-0.0162,-0.1942,-0.0587,0.0253,1.0204,0.0132,1.5323,0.000351,-0.0082,0.0016
11.93,FLIGHT,0.9037,1.5017,-0.0596,0.236,-0.0049,0.223,-0.0164,-0.1941,-0.0434,0.0226,1.0212,0.0081,1.5367,0.000314,-0.0064,0.0013
11.935,FLIGHT,0.9038,1.5028,-0.0032,0.2242,0.0432,0.216,-0.0165,-0.194,-0.0308,0.0207,1.022,0.0035,1.5406,0.000286,-0.0049,0.001
11.94,FLIGHT,0.9041,1.5039,0.0445,0.2172,0.0837,0.2126,-0.0166,-0.1939,-0.0206,0.0192,1.0228,-0.0006,1.544,0.000264,-0.0037,0.0007
11.945,FLIGHT,0.9046,1.5049,0.0847,0.2137,0.1177,0.2119,-0.0166,-0.1938,-0.0123,0.0183,1.0236,-0.0042,1.5469,0.000248,-0.0028,0.0006
11.95,FLIGHT,0.9053,1.506,0.1184,0.2129,0.146,0.2131,-0.0166,-0.1938,-0.0057,0.0176,1.0243,-0.0075,1.5495,0.000236,-0.002,0.0004
11.955,FLIGHT,0.9061,1.5071,0.1466,0.214,0.1695,0.2157,-0.0166,-0.1937,-0.0004,0.0173,1.0251,-0.0105,1.5517,0.000228,-0.0014,0.0003
11.96,FLIGHT,0.9069,1.5081,0.1699,0.2165,0.1889,0.2192,-0.0166,-0.1936,0.0038,0.0171,1.0258,-0.0131,1.5537,0.000223,-0.0009,0.0002
11.965,FLIGHT,0.9079,1.5093,0.1891,0.2199,0.2046,0.2232,-0.0166,-0.1935,0.007,0.0171,1.0265,-0.0155,1.5555,0.000219,-0.0005,0.0001
11.97,FLIGHT,0.909,1.5104,0.2047,0.2238,0.2173,0.2273,-0.0165,-0.1934,0.0095,0.0173,1.0271,-0.0177,1.557,0.000218,-0.0002,0.0
11.975,FLIGHT,0.9101,1.5115,0.2173,0.2278,0.2273,0.2314,-0.0164,-0.1933,0.0114,0.0174,1.0278,-0.0196,1.5584,0.000217,-0.0,0.0
11.98,FLIGHT,0.9113,1.5127,0.2272,0.2318,0.235,0.2353,-0.0164,-0.1932,0.0127,0.0177,1.0284,-0.0214,1.5597,0.000217,0.0001,0.0
11.985,FLIGHT,0.9124,1.5139,0.2349,0.2356,0.2408,0.2389,-0.0163,-0.1931,0.0137,0.0179,1.029,-0.023,1.5608,0.000218,0.0002,0.0
11.99,FLIGHT,0.9137,1.5151,0.2406,0.2391,0.245,0.242,-0.0162,-0.1931,0.0143,0.0181,1.0296,-0.0245,1.5618,0.00022,0.0003,0.0
11.995,FLIGHT,0.9149,1.5163,0.2447,0.2421,0.2477,0.2447,-0.0162,-0.193,0.0147,0.0184,1.0301,-0.0258,1.5628,0.000221,0.0003,0.0
12.0,FLIGHT,0.9161,1.5175,0.2474,0.2447,0.2492,0.2468,-0.0161,-0.1929,0.0148,0.0186,1.0307,-0.027,1.5637,0.000223,0.0003,0.0
12.005,FLIGHT,0.9174,1.5188,0.2489,0.2468,0.2498,0.2484,-0.016,-0.1928,0.0148,0.0188,1.0312,-0.0282,1.5645,0.000224,0.0003,0.0
12.01,FLIGHT,0.9186,1.52,0.2494,0.2483,0.2494,0.2494,-0.0159,-0.1927,0.0147,0.0189,1.0316,-0.0292,1.5653,0.000226,0.0003,0.0
12.015,FLIGHT,0.9199,1.5213,0.249,0.2493,0.2483,0.25,-0.0159,-0.1926,0.0144,0.019,1.0321,-0.0302,1.5661,0.000228,0.0003,0.0
12.02,FLIGHT,0.9211,1.5225,0.2479,0.2498,0.2467,0.25,-0.0158,-0.1925,0.0141,0.0191,1.0325,-0.0311,1.5668,0.000229,0.0003,0.0
12.025,FLIGHT,0.9223,1.5238,0.2462,0.2498,0.2445,0.2495,-0.0157,-0.1924,0.0138,0.0192,1.033,-0.0319,1.5674,0.000231,0.0003,0.0
12.03,FLIGHT,0.9236,1.525,0.244,0.2493,0.2419,0.2486,-0.0157,-0.1923,0.0134,0.0192,1.0333,-0.0327,1.5681,0.000232,0.0002,0.0
12.035,FLIGHT,0.9248,1.5262,0.2414,0.2484,0.2389,0.2473,-0.0156,-0.1922,0.013,0.0191,1.0337,-0.0335,1.5687,0.000233,0.0002,0.0
12.04,FLIGHT,0.926,1.5275,0.2385,0.247,0.2357,0.2456,-0.0155,-0.1921,0.0126,0.0191,1.0341,-0.0341,1.5693,0.000234,0.0002,0.0
12.045,FLIGHT,0.9271,1.5287,0.2352,0.2453,0.2322,0.2435,-0.0155,-0.192,0.0122,0.019,1.0344,-0.0348,1.5699,0.000234,0.0001,0.0
12.05,FLIGHT,0.9283,1.5299,0.2318,0.2432,0.2286,0.2411,-0.0154,-0.1919,0.0118,0.0189,1.0347,-0.0354,1.5704,0.000235,0.0001,0.0
12.055,FLIGHT,0.9294,1.5311,0.2282,0.2408,0.2248,0.2385,-0.0154,-0.1918,0.0114,0.0187,1.0349,-0.036,1.571,0.000236,0.0001,0.0
12.06,FLIGHT,0.9305,1.5323,0.2244,0.2381,0.221,0.2355,-0.0153,-0.1917,0.011,0.0185,1.0352,-0.0365,1.5715,0.000236,0.0001,0.0
12.065,FLIGHT,0.9316,1.5335,0.2205,0.2351,0.217,0.2324,-0.0152,-0.1916,0.0107,0.0183,1.0354,-0.037,1.572,0.000236,0.0,0.0
12.07,FLIGHT,0.9327,1.5346,0.2166,0.2319,0.213,0.229,-0.0152,-0.1916,0.0103,0.0181,1.0356,-0.0375,1.5725,0.000236,0.0,0.0
12.075,FLIGHT,0.9337,1.5358,0.2126,0.2286,0.209,0.2255,-0.0151,-0.1915,0.01,0.0179,1.0358,-0.038,1.573,0.000237,0.0,0.0
12.08,FLIGHT,0.9348,1.5369,0.2086,0.225,0.205,0.2218,-0.0151,-0.1914,0.0097,0.0176,1.0359,-0.0385,1.5735,0.000237,-0.0,0.0
12.085,FLIGHT,0.9358,1.538,0.2045,0.2214,0.2009,0.218,-0.0151,-0.1913,0.0094,0.0174,1.0361,-0.0389,1.574,0.000237,-0.0,0.0
12.09,FLIGHT,0.9368,1.5391,0.2005,0.2175,0.1969,0.2141,-0.015,-0.1912,0.0091,0.0171,1.0362,-0.0393,1.5744,0.000237,-0.0,0.0
12.095,FLIGHT,0.9378,1.5401,0.1965,0.2136,0.1929,0.2101,-0.015,-0.1911,0.0089,0.0168,1.0363,-0.0397,1.5749,0.000236,-0.0,0.0
12.1,FLIGHT,0.9387,1.5412,0.1925,0.2097,0.189,0.2061,-0.0149,-0.191,0.0086,0.0165,1.0363,-0.0401,1.5753,0.000236,-0.0,0.0
12.105,FLIGHT,0.9397,1.5422,0.1886,0.2056,0.1851,0.202,-0.0149,-0.191,0.0084,0.0162,1.0364,-0.0405,1.5758,0.000236,-0.0001,0.0
12.11,FLIGHT,0.9406,1.5432,0.1847,0.2015,0.1813,0.1979,-0.0148,-0.1909,0.0082,0.0159,1.0364,-0.0408,1.5762,0.000236,-0.0001,0.0
12.115,FLIGHT,0.9415,1.5442,0.1809,0.1974,0.1775,0.1937,-0.0148,-0.1908,0.008,0.0156,1.0363,-0.0412,1.5766,0.000235,-0.0001,0.0
12.12,FLIGHT,0.9423,1.5451,0.1771,0.1933,0.1737,0.1896,-0.0148,-0.1907,0.0078,0.0153,1.0363,-0.0415,1.577,0.000235,-0.0001,0.0
12.125,FLIGHT,0.9432,1.546,0.1734,0.1892,0.1701,0.1855,-0.0147,-0.1907,0.0077,0.0149,1.0363,-0.0418,1.5774,0.000235,-0.0001,0.0
12.13,FLIGHT,0.944,1.547,0.1697,0.185,0.1665,0.1813,-0.0147,-0.1906,0.0075,0.0146,1.0362,-0.0421,1.5778,0.000234,-0.0001,0.0
12.135,FLIGHT,0.9449,1.5479,0.1661,0.1809,0.1629,0.1773,-0.0146,-0.1905,0.0074,0.0143,1.0361,-0.0424,1.5782,0.000234,-0.0001,0.0
12.14,FLIGHT,0.9457,1.5487,0.1626,0.1769,0.1595,0.1732,-0.0146,-0.1904,0.0072,0.014,1.0359,-0.0427,1.5785,0.000234,-0.0001,0.0
12.145,FLIGHT,0.9465,1.5496,0.1591,0.1728,0.1561,0.1692,-0.0146,-0.1904,0.0071,0.0137,1.0358,-0.043,1.5789,0.000233,-0.0001,0.0
12.15,FLIGHT,0.9472,1.5504,0.1558,0.1688,0.1527,0.1652,-0.0145,-0.1903,0.007,0.0133,1.0356,-0.0433,1.5793,0.000233,-0.0001,0.0
12.155,FLIGHT,0.948,1.5512,0.1524,0.1648,0.1495,0.1613,-0.0145,-0.1902,0.0069,0.013,1.0354,-0.0436,1.5796,0.000232,-0.0001,0.0
12.16,FLIGHT,0.9487,1.552,0.1492,0.1609,0.1463,0.1575,-0.0145,-0.1902,0.0068,0.0127,1.0352,-0.0438,1.5799,0.000232,-0.0001,0.0
12.165,FLIGHT,0.9495,1.5528,0.146,0.1571,0.1432,0.1537,-0.0144,-0.1901,0.0067,0.0124,1.035,-0.0441,1.5803,0.000232,-0.0001,0.0
12.17,FLIGHT,0.9502,1.5536,0.1429,0.1533,0.1401,0.1499,-0.0144,-0.1901,0.0066,0.0121,1.0347,-0.0443,1.5806,0.000231,-0.0001,0.0
12.175,FLIGHT,0.9509,1.5543,0.1398,0.1496,0.1371,0.1463,-0.0144,-0.19,0.0065,0.0118,1.0344,-0.0446,1.5809,0.000231,-0.0001,0.0
12.18,FLIGHT,0.9515,1.555,0.1369,0.1459,0.1342,0.1427,-0.0143,-0.1899,0.0064,0.0115,1.0341,-0.0448,1.5812,0.00023,-0.0001,0.0
12.185,FLIGHT,0.9522,1.5557,0.134,0.1423,0.1314,0.1391,-0.0143,-0.1899,0.0063,0.0113,1.0338,-0.0451,1.5815,0.00023,-0.0001,0.0
12.19,FLIGHT,0.9528,1.5564,0.1311,0.1388,0.1286,0.1357,-0.0143,-0.1898,0.0063,0.011,1.0335,-0.0453,1.5818,0.00023,-0.0001,0.0
12.195,FLIGHT,0.9535,1.5571,0.1283,0.1353,0.1259,0.1323,-0.0143,-0.1898,0.0062,0.0107,1.0331,-0.0455,1.5821,0.000229,-0.0001,0.0
12.2,FLIGHT,0.9541,1.5578,0.1256,0.132,0.1232,0.129,-0.0142,-0.1897,0.0061,0.0104,1.0327,-0.0457,1.5824,0.000229,-0.0001,0.0
12.205,FLIGHT,0.9547,1.5584,0.123,0.1287,0.1206,0.1257,-0.0142,-0.1897,0.0061,0.0102,1.0323,-0.0459,1.5827,0.000229,-0.0001,0.0
12.21,FLIGHT,0.9553,1.559,0.1204,0.1254,0.1181,0.1226,-0.0142,-0.1896,0.006,0.0099,1.0319,-0.0462,1.583,0.000228,-0.0001,0.0
12.215,FLIGHT,0.9559,1.5596,0.1178,0.1223,0.1156,0.1195,-0.0141,-0.1896,0.0059,0.0096,1.0314,-0.0464,1.5832,0.000228,-0.0001,0.0
12.22,FLIGHT,0.9565,1.5602,0.1153,0.1192,0.1132,0.1164,-0.0141,-0.1895,0.0059,0.0094,1.031,-0.0466,1.5835,0.000228,-0.0001,0.0
12.225,FLIGHT,0.957,1.5608,0.1129,0.1161,0.1108,0.1135,-0.0141,-0.1895,0.0058,0.0092,1.0305,-0.0468,1.5838,0.000227,-0.0001,0.0
12.23,FLIGHT,0.9576,1.5613,0.1106,0.1132,0.1085,0.1106,-0.014,-0.1894,0.0058,0.0089,1.03,-0.0469,1.584,0.000227,-0.0001,0.0
12.235,FLIGHT,0.9581,1.5619,0.1082,0.1103,0.1062,0.1078,-0.014,-0.1894,0.0057,0.0087,1.0295,-0.0471,1.5843,0.000227,-0.0001,0.0
12.24,FLIGHT,0.9586,1.5624,0.106,0.1075,0.104,0.1051,-0.014,-0.1894,0.0056,0.0085,1.0289,-0.0473,1.5845,0.000226,-0.0001,0.0
12.245,FLIGHT,0.9592,1.5629,0.1038,0.1048,0.1018,0.1024,-0.014,-0.1893,0.0056,0.0083,1.0284,-0.0475,1.5847,0.000226,-0.0001,0.0
12.25,FLIGHT,0.9597,1.5634,0.1016,0.1021,0.0997,0.0998,-0.0139,-0.1893,0.0055,0.008,1.0278,-0.0477,1.585,0.000226,-0.0001,0.0
12.255,FLIGHT,0.9602,1.5639,0.0995,0.0995,0.0976,0.0972,-0.0139,-0.1892,0.0055,0.0078,1.0272,-0.0479,1.5852,0.000226,-0.0001,0.0
12.26,FLIGHT,0.9606,1.5644,0.0975,0.097,0.0956,0.0948,-0.0139,-0.1892,0.0054,0.0076,1.0266,-0.048,1.5854,0.000225,-0.0001,0.0
12.265,FLIGHT,0.9611,1.5649,0.0954,0.0945,0.0937,0.0924,-0.0139,-0.1892,0.0054,0.0074,1.0259,-0.0482,1.5856,0.000225,-0.0001,0.0
12.27,FLIGHT,0.9616,1.5653,0.0935,0.0922,0.0917,0.09,-0.0138,-0.1891,0.0053,0.0072,1.0253,-0.0484,1.5859,0.000225,-0.0,0.0
12.275,FLIGHT,0.962,1.5658,0.0915,0.0898,0.0898,0.0878,-0.0138,-0.1891,0.0053,0.007,1.0246,-0.0485,1.5861,0.000225,-0.0,0.0
12.28,FLIGHT,0.9625,1.5662,0.0897,0.0875,0.088,0.0855,-0.0138,-0.1891,0.0052,0.0069,1.0239,-0.0487,1.5863,0.000224,-0.0,0.0
12.285,FLIGHT,0.9629,1.5666,0.0878,0.0853,0.0862,0.0834,-0.0137,-0.189,0.0051,0.0067,1.0232,-0.0488,1.5865,0.000224,-0.0,0.0
12.29,FLIGHT,0.9633,1.5671,0.086,0.0832,0.0844,0.0813,-0.0137,-0.189,0.0051,0.0065,1.0225,-0.049,1.5867,0.000224,-0.0,0.0
12.295,FLIGHT,0.9638,1.5675,0.0843,0.0811,0.0827,0.0792,-0.0137,-0.189,0.005,0.0064,1.0217,-0.0491,1.5869,0.000224,-0.0,0.0
12.3,FLIGHT,0.9642,1.5678,0.0825,0.0791,0.081,0.0773,-0.0137,-0.1889,0.005,0.0062,1.021,-0.0493,1.587,0.000223,-0.0,0.0
12.305,FLIGHT,0.9646,1.5682,0.0808,0.0771,0.0793,0.0753,-0.0136,-0.1889,0.0049,0.006,1.0202,-0.0494,1.5872,0.000223,-0.0,0.0
12.31,FLIGHT,0.965,1.5686,0.0792,0.0752,0.0777,0.0735,-0.0136,-0.1889,0.0049,0.0059,1.0194,-0.0496,1.5874,0.000223,-0.0,0.0
12.315,FLIGHT,0.9653,1.569,0.0776,0.0733,0.0761,0.0716,-0.0136,-0.1888,0.0048,0.0057,1.0186,-0.0497,1.5876,0.000223,-0.0,0.0
12.32,FLIGHT,0.9657,1.5693,0.076,0.0715,0.0746,0.0699,-0.0136,-0.1888,0.0048,0.0056,1.0178,-0.0499,1.5878,0.000223,-0.0,0.0
12.325,FLIGHT,0.9661,1.5697,0.0744,0.0697,0.0731,0.0681,-0.0136,-0.1888,0.0047,0.0054,1.0169,-0.05,1.5879,0.000223,-0.0,0.0
12.33,FLIGHT,0.9664,1.57,0.0729,0.068,0.0716,0.0665,-0.0135,-0.1888,0.0046,0.0053,1.016,-0.0501,1.5881,0.000222,-0.0,0.0
12.335,FLIGHT,0.9668,1.5703,0.0714,0.0663,0.0701,0.0648,-0.0135,-0.1887,0.0046,0.0052,1.0152,-0.0503,1.5883,0.000222,-0.0,0.0
12.34,FLIGHT,0.9671,1.5706,0.07,0.0647,0.0687,0.0632,-0.0135,-0.1887,0.0045,0.005,1.0143,-0.0504,1.5884,0.000222,-0.0,0.0
12.345,FLIGHT,0.9675,1.571,0.0685,0.0631,0.0673,0.0617,-0.0135,-0.1887,0.0045,0.0049,1.0134,-0.0505,1.5886,0.000222,-0.0,0.0
12.35,FLIGHT,0.9678,1.5713,0.0671,0.0616,0.0659,0.0602,-0.0134,-0.1887,0.0044,0.0048,1.0124,-0.0507,1.5887,0.000222,-0.0,0.0
12.355,FLIGHT,0.9681,1.5716,0.0658,0.0601,0.0645,0.0588,-0.0134,-0.1886,0.0043,0.0047,1.0115,-0.0508,1.5889,0.000222,-0.0,0.0
12.36,FLIGHT,0.9685,1.5719,0.0644,0.0586,0.0632,0.0573,-0.0134,-0.1886,0.0043,0.0046,1.0106,-0.0509,1.589,0.000221,-0.0,0.0
12.365,FLIGHT,0.9688,1.5721,0.0631,0.0572,0.0619,0.056,-0.0134,-0.1886,0.0042,0.0044,1.0096,-0.051,1.5892,0.000221,-0.0,0.0
12.37,FLIGHT,0.9691,1.5724,0.0618,0.0559,0.0606,0.0546,-0.0134,-0.1886,0.0042,0.0043,1.0086,-0.0512,1.5893,0.000221,-0.0,0.0
12.375,FLIGHT,0.9694,1.5727,0.0605,0.0545,0.0594,0.0534,-0.0133,-0.1886,0.0041,0.0042,1.0076,-0.0513,1.5895,0.000221,-0.0,0.0
12.38,FLIGHT,0.9697,1.5729,0.0593,0.0532,0.0582,0.0521,-0.0133,-0.1885,0.004,0.0041,1.0066,-0.0514,1.5896,0.000221,-0.0,0.0
12.385,FLIGHT,0.97,1.5732,0.058,0.052,0.0569,0.0509,-0.0133,-0.1885,0.004,0.004,1.0056,-0.0515,1.5897,0.000221,-0.0,0.0
12.39,FLIGHT,0.9702,1.5735,0.0568,0.0508,0.0558,0.0497,-0.0133,-0.1885,0.0039,0.0039,1.0045,-0.0516,1.5899,0.000221,-0.0,0.0
12.395,FLIGHT,0.9705,1.5737,0.0556,0.0496,0.0546,0.0485,-0.0133,-0.1885,0.0038,0.0038,1.0035,-0.0518,1.59,0.000221,-0.0,0.0
12.4,FLIGHT,0.9708,1.5739,0.0545,0.0484,0.0534,0.0474,-0.0132,-0.1885,0.0038,0.0038,1.0024,-0.0519,1.5901,0.000221,-0.0,0.0
12.405,FLIGHT,0.9711,1.5742,0.0533,0.0473,0.0523,0.0463,-0.0132,-0.1884,0.0037,0.0037,1.0013,-0.052,1.5903,0.000221,-0.0,0.0
12.41,FLIGHT,0.9713,1.5744,0.0522,0.0462,0.0512,0.0453,-0.0132,-0.1884,0.0036,0.0036,1.0002,-0.0521,1.5904,0.00022,-0.0,0.0
12.415,STANCE,0.9726,1.5752,0.2215,0.1363,0.6385,0.1043,-0.0131,-0.1884,0.0234,0.0097,0.9993,0.1041,-0.4147,-0.000507,-0.3194,0.0644
12.42,STANCE,0.9779,1.5737,0.8351,-0.2147,1.4454,-0.7672,-0.0119,-0.1886,0.1864,-0.0296,0.9984,-0.2998,-0.895,-0.002435,-0.4223,0.0869
12.425,STANCE,0.9831,1.5694,0.8999,-0.5935,0.3304,-0.2421,-0.0103,-0.189,0.2507,-0.0628,0.9978,-0.6197,-1.3152,-0.003827,-0.0929,0.0224
12.43,STANCE,0.9838,1.5695,0.3679,-0.1672,0.1237,0.0346,-0.0102,-0.189,0.0923,-0.0188,0.9979,-0.7024,-1.9958,-0.003896,0.0357,0.0039
12.435,STANCE,0.9854,1.5683,0.3678,-0.2473,0.5685,-0.5597,-0.0097,-0.1891,0.1032,-0.0258,0.9983,-0.9888,-2.3142,-0.003627,0.0652,0.0036
12.44,STANCE,0.9884,1.5612,0.5276,-1.1179,0.8098,-1.5998,-0.0082,-0.1898,0.2533,-0.1031,0.9982,-1.3244,-2.0742,-0.003035,0.099,0.003
12.445,STANCE,0.9937,1.5519,0.9153,-1.6784,1.1756,-2.4981,-0.0059,-0.1906,0.4066,-0.1503,0.9983,-1.6935,-1.7285,-0.002961,-0.0249,0.0079
12.45,STANCE,1.0001,1.5376,1.1716,-2.5132,1.3802,-3.0743,-0.0027,-0.1919,0.5768,-0.2129,0.9982,-1.9226,-1.05,-0.003226,-0.087,0.0206
12.455,STANCE,1.0063,1.5211,1.2095,-3.0449,1.0874,-3.3273,0.0008,-0.1932,0.6657,-0.2434,0.9981,-1.9149,-0.3583,-0.003575,-0.0528,0.0141
12.46,STANCE,1.0106,1.5053,0.9514,-3.1109,0.6538,-3.0938,0.0039,-0.1945,0.6314,-0.237,0.9981,-1.6035,0.1857,-0.003725,-0.0177,0.0073
12.465,STANCE,1.0129,1.4902,0.5934,-3.0346,0.2786,-2.9053,0.0065,-0.1956,0.5555,-0.2234,0.9982,-1.1046,0.653,-0.00374,0.0063,0.0037
12.47,STANCE,1.0134,1.4761,0.2509,-2.8848,0.025,-2.6764,0.0087,-0.1967,0.4702,-0.2077,0.9983,-0.5455,1.0185,-0.003613,0.0241,0.0036
12.475,STANCE,1.013,1.4629,0.0222,-2.7001,-0.1286,-2.5463,0.0106,-0.1976,0.4007,-0.1912,0.9986,-0.0851,1.2483,-0.003394,0.0534,0.0034
12.48,STANCE,1.0123,1.4505,-0.0825,-2.546,-0.1089,-2.4061,0.0122,-0.1985,0.3594,-0.1771,0.9989,0.1202,1.3191,-0.003074,0.0688,0.0031
12.485,FLIGHT,1.0112,1.44,-0.2149,-2.1952,-0.585,-1.5436,0.0136,-0.1992,0.2827,-0.1517,0.9994,-1.2373,2.5275,-0.002669,0.1085,0.0027
12.49,FLIGHT,1.0063,1.4352,-0.7768,-1.287,-1.3466,-0.3985,0.0133,-0.1996,0.0357,-0.0976,1.0002,-1.037,2.3552,-0.001992,0.1587,0.002
12.495,FLIGHT,0.9981,1.4354,-1.3841,-0.3412,-1.8758,0.4326,0.0116,-0.1997,-0.226,-0.0397,1.0012,-0.7659,2.1301,-0.001124,0.1845,0.0011
12.5,FLIGHT,0.9879,1.439,-1.8408,0.4017,-2.1615,0.9527,0.0091,-0.1996,-0.4263,0.0118,1.0025,-0.5126,1.9226,-0.000182,0.189,0.0002
12.505,FLIGHT,0.9768,1.4445,-2.098,0.8917,-2.2419,1.2231,0.0061,-0.1992,-0.5477,0.0528,1.0038,-0.3106,1.7587,0.000616,0.1228,0.0
12.51,FLIGHT,0.9657,1.4509,-2.1767,1.1582,-2.1808,1.3124,0.0029,-0.1988,-0.5998,0.0817,1.0051,-0.1636,1.6409,0.001079,0.0658,0.0
12.515,FLIGHT,0.9552,1.4575,-2.1234,1.2556,-2.0304,1.2839,-0.0001,-0.1983,-0.6005,0.0988,1.0065,-0.0638,1.5625,0.001306,0.0279,0.0
12.52,FLIGHT,0.9455,1.4637,-1.9832,1.239,-1.8305,1.1876,-0.0029,-0.1978,-0.5678,0.1058,1.0078,-0.0003,1.5144,0.00138,0.0037,0.0
12.525,FLIGHT,0.9369,1.4693,-1.7932,1.1543,-1.6095,1.0588,-0.0054,-0.1973,-0.5159,0.1052,1.0091,0.0368,1.4882,0.001359,-0.0111,0.0022
12.53,FLIGHT,0.9294,1.4742,-1.5807,1.0352,-1.3864,0.9208,-0.0076,-0.1969,-0.4555,0.0994,1.0104,0.056,1.4765,0.00128,-0.0194,0.0039
12.535,FLIGHT,0.923,1.4785,-1.3644,0.9048,-1.173,0.7878,-0.0094,-0.1964,-0.3933,0.0906,1.0116,0.0636,1.4743,0.001172,-0.0234,0.0047
12.54,FLIGHT,0.9177,1.4821,-1.1562,0.7775,-0.9756,0.6677,-0.011,-0.1961,-0.3338,0.0805,1.0127,0.0638,1.4776,0.001051,-0.0246,0.0049
12.545,FLIGHT,0.9132,1.4852,-0.9628,0.6615,-0.7974,0.564,-0.0123,-0.1957,-0.2791,0.0702,1.0138,0.0599,1.484,0.000928,-0.0241,0.0048
12.55,FLIGHT,0.9097,1.4878,-0.7875,0.5605,-0.6391,0.4774,-0.0133,-0.1955,-0.2305,0.0604,1.0149,0.0537,1.4916,0.000812,-0.0224,0.0045
12.555,FLIGHT,0.9068,1.49,-0.6314,0.4758,-0.5002,0.4072,-0.0142,-0.1952,-0.188,0.0517,1.0159,0.0466,1.4996,0.000705,-0.0202,0.004
12.56,FLIGHT,0.9046,1.4919,-0.4942,0.4068,-0.3794,0.3517,-0.0149,-0.195,-0.1516,0.0441,1.0169,0.0392,1.5073,0.00061,-0.0177,0.0035
12.565,FLIGHT,0.903,1.4936,-0.3746,0.3521,-0.275,0.309,-0.0154,-0.1949,-0.1207,0.0377,1.0179,0.0321,1.5145,0.000528,-0.0151,0.003
12.57,FLIGHT,0.9019,1.495,-0.2711,0.3099,-0.1852,0.2772,-0.0158,-0.1947,-0.0947,0.0325,1.0188,0.0253,1.5209,0.000459,-0.0126,0.0025
12.575,FLIGHT,0.9011,1.4963,-0.1822,0.2783,-0.1085,0.2542,-0.0161,-0.1946,-0.073,0.0284,1.0197,0.0192,1.5267,0.000402,-0.0103,0.0021
12.58,FLIGHT,0.9008,1.4976,-0.106,0.2555,-0.043,0.2385,-0.0164,-0.1945,-0.0551,0.0251,1.0206,0.0136,1.5317,0.000356,-0.0083,0.0017
12.585,FLIGHT,0.9007,1.4987,-0.041,0.2398,0.0125,0.2284,-0.0165,-0.1943,-0.0403,0.0227,1.0214,0.0085,1.536,0.000319,-0.0065,0.0013
12.59,FLIGHT,0.9009,1.4999,0.0141,0.2297,0.0595,0.2228,-0.0167,-0.1942,-0.0282,0.0209,1.0223,0.004,1.5399,0.00029,-0.005,0.001
12.595,FLIGHT,0.9013,1.501,0.0607,0.224,0.099,0.2205,-0.0167,-0.1941,-0.0183,0.0196,1.0231,-0.0,1.5432,0.000268,-0.0038,0.0008
12.6,FLIGHT,0.9018,1.5021,0.1,0.2216,0.1322,0.2207,-0.0168,-0.1941,-0.0104,0.0187,1.0238,-0.0037,1.5461,0.000252,-0.0028,0.0006
12.605,FLIGHT,0.9026,1.5032,0.1329,0.2217,0.1598,0.2227,-0.0168,-0.194,-0.004,0.0182,1.0246,-0.0069,1.5486,0.00024,-0.002,0.0004
12.61,FLIGHT,0.9034,1.5043,0.1603,0.2236,0.1826,0.2259,-0.0168,-0.1939,0.001,0.0179,1.0253,-0.0099,1.5508,0.000231,-0.0014,0.0003
12.615,FLIGHT,0.9044,1.5054,0.183,0.2266,0.2014,0.2298,-0.0167,-0.1938,0.005,0.0178,1.026,-0.0125,1.5528,0.000226,-0.0009,0.0002
12.62,FLIGHT,0.9054,1.5066,0.2016,0.2304,0.2166,0.234,-0.0167,-0.1937,0.0081,0.0179,1.0267,-0.0149,1.5545,0.000222,-0.0005,0.0001
12.625,FLIGHT,0.9066,1.5078,0.2166,0.2346,0.2287,0.2384,-0.0166,-0.1936,0.0104,0.018,1.0274,-0.0171,1.556,0.00022,-0.0003,0.0001
12.63,FLIGHT,0.9077,1.509,0.2287,0.2388,0.2383,0.2426,-0.0166,-0.1935,0.0122,0.0182,1.0281,-0.019,1.5574,0.000219,-0.0,0.0
12.635,FLIGHT,0.9089,1.5102,0.2382,0.2429,0.2456,0.2465,-0.0165,-0.1934,0.0134,0.0185,1.0287,-0.0208,1.5587,0.00022,0.0001,0.0
12.64,FLIGHT,0.9102,1.5114,0.2454,0.2468,0.2511,0.2501,-0.0164,-0.1933,0.0143,0.0187,1.0293,-0.0224,1.5598,0.00022,0.0002,0.0
12.645,FLIGHT,0.9114,1.5127,0.2508,0.2503,0.2549,0.2532,-0.0163,-0.1932,0.0148,0.019,1.0299,-0.0239,1.5609,0.000222,0.0003,0.0
12.65,FLIGHT,0.9127,1.514,0.2546,0.2533,0.2573,0.2557,-0.0163,-0.1931,0.0151,0.0192,1.0304,-0.0252,1.5619,0.000223,0.0003,0.0
12.655,FLIGHT,0.914,1.5153,0.2569,0.2558,0.2585,0.2577,-0.0162,-0.193,0.0152,0.0194,1.031,-0.0265,1.5628,0.000225,0.0003,0.0
12.66,FLIGHT,0.9153,1.5166,0.2581,0.2577,0.2587,0.2592,-0.0161,-0.1929,0.0152,0.0196,1.0315,-0.0276,1.5636,0.000226,0.0003,0.0
12.665,FLIGHT,0.9166,1.5179,0.2583,0.2591,0.2581,0.2601,-0.016,-0.1928,0.015,0.0198,1.032,-0.0287,1.5644,0.000228,0.0003,0.0
12.67,FLIGHT,0.9179,1.5192,0.2577,0.26,0.2568,0.2605,-0.016,-0.1927,0.0147,0.0199,1.0325,-0.0297,1.5652,0.000229,0.0003,0.0
12.675,FLIGHT,0.9192,1.5205,0.2564,0.2603,0.2549,0.2603,-0.0159,-0.1926,0.0144,0.0199,1.0329,-0.0306,1.5659,0.000231,0.0003,0.0
12.68,FLIGHT,0.9204,1.5218,0.2544,0.2601,0.2525,0.2597,-0.0158,-0.1925,0.014,0.02,1.0333,-0.0314,1.5666,0.000232,0.0002,0.0
12.685,FLIGHT,0.9217,1.5231,0.252,0.2594,0.2496,0.2586,-0.0158,-0.1924,0.0136,0.02,1.0337,-0.0322,1.5673,0.000233,0.0002,0.0
12.69,FLIGHT,0.9229,1.5243,0.2492,0.2583,0.2465,0.2571,-0.0157,-0.1923,0.0132,0.0199,1.0341,-0.033,1.5679,0.000234,0.0002,0.0
12.695,FLIGHT,0.9242,1.5256,0.246,0.2567,0.2431,0.2551,-0.0156,-0.1922,0.0128,0.0198,1.0345,-0.0337,1.5685,0.000235,0.0002,0.0
12.7,FLIGHT,0.9254,1.5269,0.2426,0.2548,0.2394,0.2529,-0.0156,-0.1922,0.0124,0.0197,1.0348,-0.0343,1.5691,0.000236,0.0001,0.0
12.705,FLIGHT,0.9265,1.5282,0.2389,0.2525,0.2356,0.2503,-0.0155,-0.1921,0.012,0.0196,1.0351,-0.0349,1.5697,0.000236,0.0001,0.0
12.71,FLIGHT,0.9277,1.5294,0.2351,0.2499,0.2316,0.2474,-0.0154,-0.192,0.0116,0.0194,1.0354,-0.0355,1.5703,0.000237,0.0001,0.0
12.715,FLIGHT,0.9289,1.5306,0.2312,0.247,0.2276,0.2442,-0.0154,-0.1919,0.0112,0.0192,1.0356,-0.0361,1.5708,0.000237,0.0001,0.0
12.72,FLIGHT,0.93,1.5318,0.2271,0.2438,0.2235,0.2409,-0.0153,-0.1918,0.0108,0.019,1.0359,-0.0366,1.5713,0.000238,0.0,0.0
12.725,FLIGHT,0.9311,1.533,0.223,0.2404,0.2193,0.2373,-0.0153,-0.1917,0.0104,0.0188,1.0361,-0.0371,1.5719,0.000238,0.0,0.0
12.73,FLIGHT,0.9322,1.5342,0.2189,0.2369,0.2151,0.2336,-0.0152,-0.1916,0.0101,0.0185,1.0362,-0.0376,1.5724,0.000238,0.0,0.0
12.735,FLIGHT,0.9332,1.5354,0.2147,0.2331,0.2109,0.2297,-0.0152,-0.1915,0.0098,0.0183,1.0364,-0.0381,1.5729,0.000238,-0.0,0.0
12.74,FLIGHT,0.9343,1.5365,0.2105,0.2292,0.2068,0.2257,-0.0151,-0.1914,0.0095,0.018,1.0365,-0.0385,1.5734,0.000238,-0.0,0.0
12.745,FLIGHT,0.9353,1.5376,0.2063,0.2252,0.2026,0.2216,-0.0151,-0.1913,0.0092,0.0177,1.0367,-0.0389,1.5738,0.000238,-0.0,0.0
12.75,FLIGHT,0.9363,1.5387,0.2022,0.2212,0.1985,0.2174,-0.0151,-0.1912,0.009,0.0174,1.0367,-0.0393,1.5743,0.000237,-0.0,0.0
12.755,FLIGHT,0.9373,1.5398,0.1981,0.217,0.1944,0.2132,-0.015,-0.1911,0.0087,0.0171,1.0368,-0.0397,1.5747,0.000237,-0.0,0.0
12.76,FLIGHT,0.9383,1.5409,0.194,0.2128,0.1904,0.209,-0.015,-0.1911,0.0085,0.0168,1.0368,-0.0401,1.5752,0.000237,-0.0001,0.0
12.765,FLIGHT,0.9392,1.5419,0.19,0.2085,0.1864,0.2047,-0.0149,-0.191,0.0083,0.0164,1.0369,-0.0405,1.5756,0.000237,-0.0001,0.0
12.77,FLIGHT,0.9401,1.5429,0.186,0.2042,0.1825,0.2003,-0.0149,-0.1909,0.0081,0.0161,1.0369,-0.0408,1.5761,0.000236,-0.0001,0.0
12.775,FLIGHT,0.941,1.5439,0.1821,0.1999,0.1786,0.196,-0.0148,-0.1908,0.0079,0.0158,1.0368,-0.0412,1.5765,0.000236,-0.0001,0.0
12.78,FLIGHT,0.9419,1.5449,0.1783,0.1956,0.1748,0.1917,-0.0148,-0.1907,0.0077,0.0154,1.0368,-0.0415,1.5769,0.000236,-0.0001,0.0
12.785,FLIGHT,0.9428,1.5458,0.1745,0.1913,0.1711,0.1875,-0.0148,-0.1907,0.0076,0.0151,1.0367,-0.0418,1.5773,0.000235,-0.0001,0.0
12.79,FLIGHT,0.9436,1.5467,0.1708,0.187,0.1675,0.1832,-0.0147,-0.1906,0.0074,0.0148,1.0366,-0.0421,1.5777,0.000235,-0.0001,0.0
12.795,FLIGHT,0.9445,1.5476,0.1671,0.1828,0.1639,0.179,-0.0147,-0.1905,0.0073,0.0144,1.0365,-0.0425,1.5781,0.000235,-0.0001,0.0
12.8,FLIGHT,0.9453,1.5485,0.1636,0.1786,0.1604,0.1749,-0.0147,-0.1905,0.0072,0.0141,1.0363,-0.0427,1.5784,0.000234,-0.0001,0.0
12.805,FLIGHT,0.9461,1.5494,0.1601,0.1744,0.157,0.1707,-0.0146,-0.1904,0.0071,0.0138,1.0362,-0.043,1.5788,0.000234,-0.0001,0.0
12.81,FLIGHT,0.9468,1.5502,0.1566,0.1703,0.1536,0.1667,-0.0146,-0.1903,0.0069,0.0135,1.036,-0.0433,1.5792,0.000233,-0.0001,0.0
12.815,FLIGHT,0.9476,1.5511,0.1533,0.1663,0.1503,0.1627,-0.0146,-0.1903,0.0068,0.0132,1.0358,-0.0436,1.5795,0.000233,-0.0001,0.0
12.82,FLIGHT,0.9483,1.5519,0.15,0.1623,0.1471,0.1587,-0.0145,-0.1902,0.0067,0.0128,1.0356,-0.0439,1.5799,0.000232,-0.0001,0.0
12.825,FLIGHT,0.9491,1.5526,0.1468,0.1584,0.1439,0.1549,-0.0145,-0.1901,0.0067,0.0125,1.0353,-0.0441,1.5802,0.000232,-0.0001,0.0
12.83,FLIGHT,0.9498,1.5534,0.1437,0.1545,0.1409,0.1511,-0.0145,-0.1901,0.0066,0.0122,1.035,-0.0444,1.5805,0.000232,-0.0001,0.0
12.835,FLIGHT,0.9505,1.5542,0.1406,0.1507,0.1379,0.1473,-0.0144,-0.19,0.0065,0.0119,1.0347,-0.0446,1.5809,0.000231,-0.0001,0.0
12.84,FLIGHT,0.9512,1.5549,0.1376,0.147,0.1349,0.1437,-0.0144,-0.19,0.0064,0.0116,1.0344,-0.0448,1.5812,0.000231,-0.0001,0.0
12.845,FLIGHT,0.9518,1.5556,0.1346,0.1433,0.132,0.1401,-0.0144,-0.1899,0.0063,0.0113,1.0341,-0.0451,1.5815,0.00023,-0.0001,0.0
12.85,FLIGHT,0.9525,1.5563,0.1318,0.1398,0.1292,0.1366,-0.0143,-0.1898,0.0063,0.011,1.0337,-0.0453,1.5818,0.00023,-0.0001,0.0
12.855,FLIGHT,0.9531,1.557,0.129,0.1363,0.1265,0.1332,-0.0143,-0.1898,0.0062,0.0108,1.0333,-0.0455,1.5821,0.00023,-0.0001,0.0
12.86,FLIGHT,0.9537,1.5576,0.1262,0.1328,0.1238,0.1298,-0.0143,-0.1897,0.0061,0.0105,1.0329,-0.0458,1.5824,0.000229,-0.0001,0.0
12.865,FLIGHT,0.9544,1.5583,0.1236,0.1295,0.1212,0.1265,-0.0142,-0.1897,0.0061,0.0102,1.0325,-0.046,1.5826,0.000229,-0.0001,0.0
12.87,FLIGHT,0.955,1.5589,0.1209,0.1262,0.1186,0.1233,-0.0142,-0.1896,0.006,0.01,1.0321,-0.0462,1.5829,0.000229,-0.0001,0.0
12.875,FLIGHT,0.9555,1.5595,0.1184,0.123,0.1161,0.1202,-0.0142,-0.1896,0.0059,0.0097,1.0316,-0.0464,1.5832,0.000228,-0.0001,0.0
12.88,FLIGHT,0.9561,1.5601,0.1159,0.1199,0.1137,0.1171,-0.0142,-0.1895,0.0059,0.0095,1.0311,-0.0466,1.5835,0.000228,-0.0001,0.0
12.885,FLIGHT,0.9567,1.5607,0.1135,0.1169,0.1113,0.1142,-0.0141,-0.1895,0.0058,0.0092,1.0306,-0.0468,1.5837,0.000228,-0.0001,0.0
12.89,FLIGHT,0.9572,1.5612,0.1111,0.1139,0.109,0.1113,-0.0141,-0.1894,0.0058,0.009,1.0301,-0.047,1.584,0.000227,-0.0001,0.0
12.895,FLIGHT,0.9578,1.5618,0.1088,0.111,0.1067,0.1084,-0.0141,-0.1894,0.0057,0.0087,1.0296,-0.0472,1.5842,0.000227,-0.0001,0.0
12.9,FLIGHT,0.9583,1.5623,0.1065,0.1082,0.1045,0.1057,-0.014,-0.1894,0.0056,0.0085,1.029,-0.0474,1.5845,0.000227,-0.0001,0.0
12.905,FLIGHT,0.9588,1.5628,0.1043,0.1054,0.1023,0.103,-0.014,-0.1893,0.0056,0.0083,1.0284,-0.0475,1.5847,0.000226,-0.0001,0.0
12.91,FLIGHT,0.9593,1.5633,0.1021,0.1027,0.1002,0.1004,-0.014,-0.1893,0.0055,0.0081,1.0278,-0.0477,1.5849,0.000226,-0.0001,0.0
12.915,FLIGHT,0.9598,1.5638,0.1,0.1001,0.0981,0.0978,-0.014,-0.1892,0.0055,0.0079,1.0272,-0.0479,1.5852,0.000226,-0.0001,0.0
12.92,FLIGHT,0.9603,1.5643,0.0979,0.0976,0.096,0.0953,-0.0139,-0.1892,0.0054,0.0077,1.0266,-0.0481,1.5854,0.000226,-0.0001,0.0
12.925,FLIGHT,0.9608,1.5648,0.0959,0.0951,0.0941,0.0929,-0.0139,-0.1892,0.0054,0.0075,1.0259,-0.0482,1.5856,0.000225,-0.0001,0.0
12.93,FLIGHT,0.9612,1.5652,0.0939,0.0927,0.0921,0.0905,-0.0139,-0.1891,0.0053,0.0073,1.0253,-0.0484,1.5858,0.000225,-0.0,0.0
12.935,FLIGHT,0.9617,1.5657,0.0919,0.0903,0.0902,0.0882,-0.0138,-0.1891,0.0053,0.0071,1.0246,-0.0486,1.586,0.000225,-0.0,0.0
12.94,FLIGHT,0.9621,1.5661,0.09,0.088,0.0884,0.086,-0.0138,-0.1891,0.0052,0.0069,1.0239,-0.0487,1.5862,0.000225,-0.0,0.0
12.945,FLIGHT,0.9626,1.5666,0.0882,0.0858,0.0865,0.0838,-0.0138,-0.189,0.0052,0.0067,1.0232,-0.0489,1.5864,0.000224,-0.0,0.0
12.95,FLIGHT,0.963,1.567,0.0864,0.0836,0.0848,0.0817,-0.0138,-0.189,0.0051,0.0066,1.0224,-0.049,1.5866,0.000224,-0.0,0.0
12.955,FLIGHT,0.9634,1.5674,0.0846,0.0815,0.083,0.0797,-0.0137,-0.189,0.005,0.0064,1.0217,-0.0492,1.5868,0.000224,-0.0,0.0
12.96,FLIGHT,0.9638,1.5678,0.0829,0.0795,0.0813,0.0777,-0.0137,-0.1889,0.005,0.0062,1.0209,-0.0493,1.587,0.000224,-0.0,0.0
12.965,FLIGHT,0.9642,1.5682,0.0812,0.0775,0.0796,0.0757,-0.0137,-0.1889,0.0049,0.0061,1.0201,-0.0495,1.5872,0.000223,-0.0,0.0
12.97,FLIGHT,0.9646,1.5685,0.0795,0.0756,0.078,0.0739,-0.0137,-0.1889,0.0049,0.0059,1.0193,-0.0496,1.5874,0.000223,-0.0,0.0
12.975,FLIGHT,0.965,1.5689,0.0779,0.0737,0.0764,0.072,-0.0136,-0.1888,0.0048,0.0058,1.0185,-0.0498,1.5876,0.000223,-0.0,0.0
12.98,FLIGHT,0.9654,1.5692,0.0763,0.0719,0.0749,0.0702,-0.0136,-0.1888,0.0048,0.0056,1.0176,-0.0499,1.5877,0.000223,-0.0,0.0
12.985,FLIGHT,0.9658,1.5696,0.0747,0.0701,0.0733,0.0685,-0.0136,-0.1888,0.0047,0.0055,1.0168,-0.0501,1.5879,0.000223,-0.0,0.0
12.99,FLIGHT,0.9661,1.5699,0.0732,0.0683,0.0718,0.0668,-0.0136,-0.1888,0.0046,0.0053,1.0159,-0.0502,1.5881,0.000223,-0.0,0.0
12.995,FLIGHT,0.9665,1.5703,0.0717,0.0667,0.0703,0.0652,-0.0136,-0.1887,0.0046,0.0052,1.015,-0.0503,1.5882,0.000222,-0.0,0.0
13.0,FLIGHT,0.9668,1.5706,0.0702,0.065,0.0689,0.0636,-0.0135,-0.1887,0.0045,0.0051,1.0141,-0.0505,1.5884,0.000222,-0.0,0.0
13.005,FLIGHT,0.9672,1.5709,0.0688,0.0634,0.0675,0.062,-0.0135,-0.1887,0.0045,0.0049,1.0132,-0.0506,1.5886,0.000222,-0.0,0.0
13.01,FLIGHT,0.9675,1.5712,0.0674,0.0619,0.0661,0.0605,-0.0135,-0.1887,0.0044,0.0048,1.0122,-0.0507,1.5887,0.000222,-0.0,0.0
13.015,FLIGHT,0.9678,1.5715,0.066,0.0604,0.0647,0.0591,-0.0135,-0.1886,0.0043,0.0047,1.0113,-0.0509,1.5889,0.000222,-0.0,0.0
13.02,FLIGHT,0.9682,1.5718,0.0646,0.059,0.0634,0.0577,-0.0134,-0.1886,0.0043,0.0046,1.0103,-0.051,1.589,0.000222,-0.0,0.0
13.025,FLIGHT,0.9685,1.5721,0.0633,0.0575,0.0621,0.0563,-0.0134,-0.1886,0.0042,0.0045,1.0094,-0.0511,1.5892,0.000222,-0.0,0.0
13.03,FLIGHT,0.9688,1.5724,0.062,0.0562,0.0608,0.055,-0.0134,-0.1886,0.0041,0.0044,1.0084,-0.0512,1.5893,0.000221,-0.0,0.0
13.035,FLIGHT,0.9691,1.5726,0.0607,0.0548,0.0596,0.0536,-0.0134,-0.1886,0.0041,0.0043,1.0073,-0.0513,1.5894,0.000221,-0.0,0.0
13.04,FLIGHT,0.9694,1.5729,0.0594,0.0535,0.0583,0.0524,-0.0134,-0.1885,0.004,0.0042,1.0063,-0.0515,1.5896,0.000221,-0.0,0.0
13.045,FLIGHT,0.9697,1.5732,0.0582,0.0523,0.0571,0.0512,-0.0133,-0.1885,0.004,0.0041,1.0053,-0.0516,1.5897,0.000221,-0.0,0.0
13.05,FLIGHT,0.9699,1.5734,0.057,0.051,0.0559,0.05,-0.0133,-0.1885,0.0039,0.004,1.0042,-0.0517,1.5899,0.000221,-0.0,0.0
13.055,FLIGHT,0.9702,1.5737,0.0558,0.0499,0.0547,0.0488,-0.0133,-0.1885,0.0038,0.0039,1.0032,-0.0518,1.59,0.000221,-0.0,0.0
13.06,FLIGHT,0.9705,1.5739,0.0546,0.0487,0.0536,0.0477,-0.0133,-0.1885,0.0038,0.0038,1.0021,-0.0519,1.5901,0.000221,-0.0,0.0
13.065,FLIGHT,0.9708,1.5741,0.0535,0.0476,0.0524,0.0466,-0.0133,-0.1884,0.0037,0.0037,1.001,-0.0521,1.5903,0.000221,-0.0,0.0
13.07,STANCE,0.971,1.5744,0.0523,0.0465,0.075,0.0776,-0.0133,-0.1884,0.0036,0.0036,0.9999,0.1695,-0.0275,0.000221,-0.0241,0.0048
13.075,STANCE,0.9736,1.5748,0.4232,0.0451,0.9923,-0.1995,-0.0128,-0.1884,0.0737,-0.0013,0.999,-0.0155,-0.6261,-0.000978,-0.3696,0.0749
13.08,STANCE,0.9805,1.5715,1.1109,-0.4813,1.7244,-1.129,-0.0111,-0.1888,0.2749,-0.056,0.9981,-0.52,-1.023,-0.003028,-0.431,0.0892
13.085,STANCE,0.9844,1.5689,0.7941,-0.4375,0.2079,-0.0762,-0.01,-0.1891,0.2096,-0.0473,0.9979,-0.7047,-1.5886,-0.003964,-0.0287,0.0097
13.09,STANCE,0.9853,1.5684,0.3962,-0.2226,0.3039,-0.2683,-0.0097,-0.1891,0.1052,-0.0238,0.9981,-0.8451,-2.1244,-0.003836,0.0583,0.0038
13.095,STANCE,0.9876,1.5646,0.4453,-0.683,0.4351,-1.7573,-0.0088,-0.1895,0.1777,-0.0646,0.9982,-1.1538,-2.1927,-0.003399,0.1554,0.0034
13.1,STANCE,0.9916,1.5558,0.7202,-1.434,1.1451,-2.1118,-0.0068,-0.1903,0.3346,-0.1299,0.9983,-1.5235,-1.8995,-0.002996,-0.0438,0.0118
13.105,STANCE,0.9976,1.5426,1.0393,-2.2968,1.1569,-2.7791,-0.0039,-0.1915,0.5192,-0.1981,0.9982,-1.8493,-1.32,-0.003295,-0.0421,0.0117
13.11,STANCE,1.0028,1.5283,1.0328,-2.711,0.9578,-3.1015,-0.0008,-0.1927,0.5813,-0.2226,0.9981,-1.8974,-0.7651,-0.003465,-0.0512,0.0137
13.115,STANCE,1.0069,1.5123,0.8646,-3.0459,0.7354,-3.1473,0.0022,-0.1939,0.6021,-0.2385,0.9981,-1.7151,-0.1408,-0.0037,-0.0679,0.0173
13.12,STANCE,1.0094,1.4964,0.6102,-3.1318,0.3411,-3.1283,0.005,-0.1952,0.5703,-0.2358,0.9981,-1.3332,0.4076,-0.003923,-0.0356,0.011
13.125,STANCE,1.0101,1.4808,0.265,-3.1013,-0.0996,-3.1006,0.0074,-0.1963,0.5026,-0.2274,0.9981,-0.798,0.8714,-0.003963,0.027,0.004
13.13,STANCE,1.0094,1.4663,-0.0195,-2.958,-0.2412,-2.8248,0.0093,-0.1974,0.4289,-0.2129,0.9983,-0.2654,1.198,-0.00388,0.035,0.0039
13.135,STANCE,1.0083,1.453,-0.1588,-2.75,-0.2326,-2.5775,0.0111,-0.1984,0.3732,-0.1946,0.9985,0.0982,1.3568,-0.003734,0.0419,0.0037
13.14,FLIGHT,1.0074,1.4407,-0.1631,-2.5452,-0.1053,-2.3532,0.0127,-0.1992,0.3441,-0.1763,0.9989,-1.249,2.5446,-0.003514,0.0439,0.0035
13.145,FLIGHT,1.0047,1.4322,-0.4644,-1.8949,-0.9503,-1.0645,0.0134,-0.1998,0.1883,-0.1343,0.9995,-1.1725,2.4691,-0.003116,0.112,0.0031
13.15,FLIGHT,0.9982,1.4296,-1.0703,-0.9105,-1.621,-0.0362,0.0125,-0.2001,-0.0793,-0.0755,1.0005,-0.9263,2.2616,-0.002433,0.157,0.0024
13.155,FLIGHT,0.9889,1.4313,-1.6223,-0.0256,-2.0438,0.6668,0.0104,-0.2001,-0.3208,-0.0187,1.0016,-0.6543,2.0375,-0.001588,0.1773,0.0016
13.16,FLIGHT,0.9781,1.4358,-1.9937,0.618,-2.2364,1.0782,0.0076,-0.1999,-0.4888,0.0294,1.0029,-0.4186,1.8455,-0.000693,0.1781,0.0007
13.165,FLIGHT,0.9669,1.4417,-2.1707,1.0126,-2.2495,1.2666,0.0045,-0.1995,-0.5799,0.0657,1.0043,-0.2381,1.7,0.000163,0.1513,0.0
13.17,FLIGHT,0.9559,1.4482,-2.1848,1.2046,-2.1388,1.3027,0.0014,-0.199,-0.6079,0.0898,1.0057,-0.1116,1.5995,0.000751,0.0876,0.0
13.175,FLIGHT,0.9456,1.4546,-2.0846,1.2508,-1.9576,1.2431,-0.0016,-0.1985,-0.5919,0.1027,1.0071,-0.0286,1.5351,0.001072,0.0437,0.0
13.18,FLIGHT,0.9363,1.4605,-1.9143,1.2034,-1.741,1.132,-0.0043,-0.198,-0.5489,0.1064,1.0084,0.0222,1.4975,0.001213,0.015,0.0
13.185,FLIGHT,0.9282,1.4659,-1.7074,1.1032,-1.5134,0.9994,-0.0066,-0.1975,-0.4918,0.1034,1.0097,0.0504,1.4786,0.00124,-0.0029,0.0006
13.19,FLIGHT,0.9212,1.4705,-1.4877,0.9796,-1.2903,0.8646,-0.0087,-0.1971,-0.4294,0.0963,1.011,0.0636,1.4718,0.001196,-0.0135,0.0027
13.195,FLIGHT,0.9153,1.4745,-1.2707,0.8515,-1.0808,0.7388,-0.0104,-0.1967,-0.3676,0.0868,1.0122,0.0672,1.4725,0.001113,-0.0192,0.0038
13.2,FLIGHT,0.9104,1.4779,-1.0658,0.7305,-0.8895,0.6275,-0.0118,-0.1963,-0.3097,0.0766,1.0134,0.0651,1.4775,0.00101,-0.0216,0.0043
13.205,FLIGHT,0.9064,1.4808,-0.878,0.6227,-0.7183,0.5331,-0.013,-0.196,-0.2574,0.0666,1.0145,0.0598,1.4847,0.000901,-0.0219,0.0044
13.21,FLIGHT,0.9031,1.4833,-0.7094,0.5306,-0.5673,0.4554,-0.014,-0.1958,-0.2112,0.0573,1.0156,0.0529,1.4927,0.000794,-0.0208,0.0042
13.215,FLIGHT,0.9006,1.4854,-0.5603,0.4545,-0.4353,0.3932,-0.0147,-0.1956,-0.1714,0.0492,1.0166,0.0455,1.5006,0.000694,-0.019,0.0038
13.22,FLIGHT,0.8988,1.4872,-0.4299,0.3933,-0.321,0.3448,-0.0154,-0.1954,-0.1373,0.0422,1.0176,0.0381,1.5082,0.000604,-0.0168,0.0034
13.225,FLIGHT,0.8974,1.4889,-0.3166,0.3456,-0.2224,0.3082,-0.0158,-0.1952,-0.1086,0.0364,1.0186,0.031,1.5151,0.000525,-0.0145,0.0029
13.23,FLIGHT,0.8965,1.4903,-0.219,0.3093,-0.138,0.2814,-0.0162,-0.195,-0.0845,0.0318,1.0195,0.0245,1.5212,0.000459,-0.0122,0.0024
13.235,FLIGHT,0.896,1.4917,-0.1352,0.2826,-0.0658,0.2625,-0.0165,-0.1949,-0.0645,0.0281,1.0204,0.0185,1.5266,0.000403,-0.01,0.002
13.24,FLIGHT,0.8958,1.493,-0.0636,0.2638,-0.0045,0.25,-0.0167,-0.1948,-0.0479,0.0252,1.0213,0.0131,1.5314,0.000358,-0.0081,0.0016
13.245,FLIGHT,0.8959,1.4942,-0.0026,0.2513,0.0475,0.2425,-0.0169,-0.1947,-0.0344,0.0231,1.0222,0.0082,1.5355,0.000322,-0.0064,0.0013
13.25,FLIGHT,0.8963,1.4954,0.049,0.2437,0.0914,0.2388,-0.0169,-0.1946,-0.0233,0.0216,1.023,0.0039,1.5392,0.000294,-0.0049,0.001
13.255,FLIGHT,0.8969,1.4966,0.0925,0.24,0.1283,0.238,-0.017,-0.1945,-0.0143,0.0205,1.0239,-0.0001,1.5423,0.000273,-0.0038,0.0008
13.26,FLIGHT,0.8976,1.4978,0.1291,0.2391,0.1591,0.2393,-0.017,-0.1944,-0.0071,0.0198,1.0247,-0.0036,1.5451,0.000256,-0.0028,0.0006
13.265,FLIGHT,0.8984,1.499,0.1597,0.2402,0.1846,0.242,-0.017,-0.1943,-0.0013,0.0194,1.0254,-0.0067,1.5475,0.000244,-0.002,0.0004
13.27,FLIGHT,0.8994,1.5002,0.185,0.2428,0.2056,0.2456,-0.017,-0.1942,0.0033,0.0192,1.0262,-0.0096,1.5496,0.000236,-0.0014,0.0003
13.275,FLIGHT,0.9005,1.5015,0.2059,0.2463,0.2228,0.2497,-0.0169,-0.1941,0.0069,0.0192,1.0269,-0.0122,1.5515,0.00023,-0.0009,0.0002
13.28,FLIGHT,0.9016,1.5027,0.2229,0.2503,0.2366,0.254,-0.0169,-0.194,0.0096,0.0193,1.0276,-0.0145,1.5532,0.000226,-0.0006,0.0001
13.285,FLIGHT,0.9028,1.504,0.2366,0.2545,0.2475,0.2583,-0.0168,-0.1939,0.0117,0.0195,1.0283,-0.0166,1.5547,0.000224,-0.0003,0.0001
13.29,FLIGHT,0.9041,1.5053,0.2475,0.2587,0.256,0.2623,-0.0168,-0.1938,0.0132,0.0197,1.029,-0.0185,1.5561,0.000224,-0.0001,0.0
13.295,FLIGHT,0.9054,1.5066,0.2559,0.2626,0.2624,0.266,-0.0167,-0.1937,0.0143,0.0199,1.0296,-0.0203,1.5574,0.000224,0.0001,0.0
13.3,FLIGHT,0.9067,1.508,0.2622,0.2662,0.2669,0.2692,-0.0166,-0.1936,0.015,0.0202,1.0303,-0.0219,1.5585,0.000224,0.0002,0.0
13.305,FLIGHT,0.9081,1.5093,0.2667,0.2693,0.27,0.2719,-0.0165,-0.1935,0.0154,0.0204,1.0309,-0.0233,1.5596,0.000225,0.0002,0.0
13.31,FLIGHT,0.9094,1.5107,0.2696,0.2719,0.2717,0.274,-0.0165,-0.1934,0.0156,0.0206,1.0314,-0.0247,1.5606,0.000227,0.0003,0.0
13.315,FLIGHT,0.9108,1.5121,0.2713,0.274,0.2723,0.2756,-0.0164,-0.1933,0.0156,0.0208,1.032,-0.0259,1.5615,0.000228,0.0003,0.0
13.32,FLIGHT,0.9121,1.5134,0.2719,0.2755,0.2719,0.2766,-0.0163,-0.1932,0.0155,0.021,1.0325,-0.027,1.5624,0.00023,0.0003,0.0
13.325,FLIGHT,0.9135,1.5148,0.2715,0.2764,0.2708,0.277,-0.0162,-0.1931,0.0153,0.0211,1.033,-0.0281,1.5632,0.000231,0.0003,0.0
13.33,FLIGHT,0.9149,1.5162,0.2703,0.2768,0.269,0.2769,-0.0162,-0.193,0.015,0.0212,1.0335,-0.0291,1.564,0.000232,0.0003,0.0
13.335,FLIGHT,0.9162,1.5176,0.2685,0.2767,0.2666,0.2763,-0.0161,-0.1929,0.0146,0.0212,1.034,-0.03,1.5647,0.000234,0.0002,0.0
13.34,FLIGHT,0.9175,1.519,0.2661,0.276,0.2638,0.2752,-0.016,-0.1928,0.0142,0.0212,1.0344,-0.0309,1.5654,0.000235,0.0002,0.0
13.345,FLIGHT,0.9188,1.5203,0.2633,0.2749,0.2606,0.2737,-0.0159,-0.1927,0.0138,0.0212,1.0348,-0.0316,1.5661,0.000236,0.0002,0.0
13.35,FLIGHT,0.9201,1.5217,0.2601,0.2733,0.2571,0.2717,-0.0159,-0.1925,0.0133,0.0211,1.0352,-0.0324,1.5668,0.000237,0.0002,0.0
13.355,FLIGHT,0.9214,1.5231,0.2566,0.2713,0.2533,0.2693,-0.0158,-0.1924,0.0129,0.021,1.0356,-0.0331,1.5674,0.000238,0.0001,0.0
13.36,FLIGHT,0.9227,1.5244,0.2528,0.2689,0.2493,0.2666,-0.0157,-0.1923,0.0125,0.0208,1.0359,-0.0338,1.568,0.000238,0.0001,0.0
13.365,FLIGHT,0.9239,1.5257,0.2489,0.2662,0.2452,0.2636,-0.0157,-0.1922,0.0121,0.0207,1.0362,-0.0344,1.5686,0.000239,0.0001,0.0
13.37,FLIGHT,0.9251,1.527,0.2447,0.2632,0.241,0.2604,-0.0156,-0.1921,0.0117,0.0205,1.0365,-0.035,1.5692,0.000239,0.0001,0.0
13.375,FLIGHT,0.9263,1.5283,0.2405,0.2599,0.2367,0.2568,-0.0156,-0.192,0.0113,0.0202,1.0368,-0.0356,1.5698,0.000239,0.0,0.0
13.38,FLIGHT,0.9275,1.5296,0.2362,0.2564,0.2323,0.2531,-0.0155,-0.1919,0.0109,0.02,1.037,-0.0361,1.5704,0.00024,0.0,0.0
13.385,FLIGHT,0.9286,1.5309,0.2318,0.2526,0.2279,0.2492,-0.0155,-0.1918,0.0105,0.0197,1.0373,-0.0366,1.5709,0.00024,0.0,0.0
13.39,FLIGHT,0.9298,1.5321,0.2274,0.2487,0.2235,0.2451,-0.0154,-0.1917,0.0102,0.0195,1.0375,-0.0371,1.5714,0.00024,-0.0,0.0
13.395,FLIGHT,0.9309,1.5333,0.223,0.2446,0.2191,0.2409,-0.0154,-0.1916,0.0099,0.0192,1.0376,-0.0376,1.5719,0.00024,-0.0,0.0
13.4,FLIGHT,0.9319,1.5345,0.2186,0.2404,0.2147,0.2365,-0.0153,-0.1915,0.0096,0.0189,1.0378,-0.038,1.5725,0.00024,-0.0,0.0
13.405,FLIGHT,0.933,1.5357,0.2143,0.236,0.2103,0.2321,-0.0153,-0.1915,0.0093,0.0185,1.0379,-0.0385,1.573,0.000239,-0.0,0.0
13.41,FLIGHT,0.934,1.5368,0.2099,0.2316,0.206,0.2276,-0.0152,-0.1914,0.0091,0.0182,1.038,-0.0389,1.5734,0.000239,-0.0,0.0
13.415,FLIGHT,0.9351,1.5379,0.2056,0.2272,0.2018,0.2231,-0.0152,-0.1913,0.0088,0.0179,1.0381,-0.0393,1.5739,0.000239,-0.0001,0.0
13.42,FLIGHT,0.9361,1.539,0.2013,0.2226,0.1975,0.2186,-0.0151,-0.1912,0.0086,0.0175,1.0381,-0.0397,1.5744,0.000239,-0.0001,0.0
13.425,FLIGHT,0.937,1.5401,0.1971,0.2181,0.1934,0.214,-0.0151,-0.1911,0.0084,0.0172,1.0382,-0.0401,1.5748,0.000238,-0.0001,0.0
13.43,FLIGHT,0.938,1.5412,0.193,0.2135,0.1893,0.2094,-0.0151,-0.191,0.0082,0.0168,1.0382,-0.0404,1.5753,0.000238,-0.0001,0.0
13.435,FLIGHT,0.9389,1.5422,0.1889,0.209,0.1853,0.2049,-0.015,-0.1909,0.008,0.0165,1.0381,-0.0408,1.5757,0.000237,-0.0001,0.0
13.44,FLIGHT,0.9399,1.5432,0.1849,0.2044,0.1813,0.2003,-0.015,-0.1909,0.0079,0.0161,1.0381,-0.0411,1.5761,0.000237,-0.0001,0.0
13.445,FLIGHT,0.9407,1.5442,0.1809,0.1999,0.1775,0.1958,-0.0149,-0.1908,0.0077,0.0158,1.038,-0.0415,1.5766,0.000237,-0.0001,0.0
13.45,FLIGHT,0.9416,1.5452,0.1771,0.1953,0.1737,0.1913,-0.0149,-0.1907,0.0076,0.0154,1.0379,-0.0418,1.577,0.000236,-0.0001,0.0
13.455,FLIGHT,0.9425,1.5461,0.1733,0.1909,0.1699,0.1869,-0.0149,-0.1906,0.0074,0.0151,1.0378,-0.0421,1.5774,0.000236,-0.0001,0.0
13.46,FLIGHT,0.9433,1.5471,0.1696,0.1864,0.1663,0.1825,-0.0148,-0.1906,0.0073,0.0147,1.0377,-0.0424,1.5778,0.000235,-0.0001,0.0
13.465,FLIGHT,0.9441,1.548,0.1659,0.1821,0.1627,0.1782,-0.0148,-0.1905,0.0072,0.0144,1.0376,-0.0427,1.5782,0.000235,-0.0001,0.0
13.47,FLIGHT,0.945,1.5488,0.1624,0.1777,0.1592,0.1739,-0.0148,-0.1904,0.0071,0.0141,1.0374,-0.043,1.5785,0.000234,-0.0001,0.0
13.475,FLIGHT,0.9457,1.5497,0.1589,0.1735,0.1558,0.1697,-0.0147,-0.1904,0.007,0.0137,1.0372,-0.0433,1.5789,0.000234,-0.0001,0.0
13.48,FLIGHT,0.9465,1.5505,0.1555,0.1693,0.1524,0.1656,-0.0147,-0.1903,0.0069,0.0134,1.037,-0.0436,1.5793,0.000234,-0.0001,0.0
13.485,FLIGHT,0.9473,1.5514,0.1521,0.1652,0.1492,0.1615,-0.0147,-0.1902,0.0068,0.0131,1.0367,-0.0438,1.5796,0.000233,-0.0001,0.0
13.49,FLIGHT,0.948,1.5522,0.1489,0.1611,0.146,0.1575,-0.0146,-0.1902,0.0067,0.0127,1.0364,-0.0441,1.5799,0.000233,-0.0001,0.0
13.495,FLIGHT,0.9487,1.5529,0.1457,0.1572,0.1428,0.1536,-0.0146,-0.1901,0.0066,0.0124,1.0362,-0.0443,1.5803,0.000232,-0.0001,0.0
13.5,FLIGHT,0.9494,1.5537,0.1425,0.1533,0.1398,0.1498,-0.0146,-0.19,0.0065,0.0121,1.0359,-0.0446,1.5806,0.000232,-0.0001,0.0
13.505,FLIGHT,0.9501,1.5544,0.1395,0.1494,0.1368,0.146,-0.0145,-0.19,0.0065,0.0118,1.0355,-0.0448,1.5809,0.000231,-0.0001,0.0
13.51,FLIGHT,0.9508,1.5552,0.1365,0.1457,0.1339,0.1424,-0.0145,-0.1899,0.0064,0.0115,1.0352,-0.0451,1.5812,0.000231,-0.0001,0.0
13.515,FLIGHT,0.9515,1.5559,0.1336,0.142,0.131,0.1388,-0.0145,-0.1899,0.0063,0.0112,1.0348,-0.0453,1.5816,0.000231,-0.0001,0.0
13.52,FLIGHT,0.9521,1.5565,0.1308,0.1384,0.1282,0.1353,-0.0144,-0.1898,0.0062,0.0109,1.0344,-0.0455,1.5819,0.00023,-0.0001,0.0
13.525,FLIGHT,0.9527,1.5572,0.128,0.1349,0.1255,0.1318,-0.0144,-0.1898,0.0062,0.0107,1.034,-0.0457,1.5821,0.00023,-0.0001,0.0
13.53,FLIGHT,0.9534,1.5579,0.1253,0.1315,0.1229,0.1285,-0.0144,-0.1897,0.0061,0.0104,1.0336,-0.046,1.5824,0.00023,-0.0001,0.0
13.535,FLIGHT,0.954,1.5585,0.1226,0.1282,0.1203,0.1252,-0.0143,-0.1897,0.0061,0.0101,1.0331,-0.0462,1.5827,0.000229,-0.0001,0.0
13.54,FLIGHT,0.9546,1.5591,0.12,0.1249,0.1177,0.122,-0.0143,-0.1896,0.006,0.0099,1.0326,-0.0464,1.583,0.000229,-0.0001,0.0
13.545,FLIGHT,0.9551,1.5597,0.1175,0.1217,0.1152,0.1189,-0.0143,-0.1896,0.0059,0.0096,1.0322,-0.0466,1.5833,0.000228,-0.0001,0.0
13.55,FLIGHT,0.9557,1.5603,0.115,0.1186,0.1128,0.1159,-0.0143,-0.1895,0.0059,0.0094,1.0316,-0.0468,1.5835,0.000228,-0.0001,0.0
13.555,FLIGHT,0.9563,1.5609,0.1126,0.1156,0.1105,0.1129,-0.0142,-0.1895,0.0058,0.0091,1.0311,-0.047,1.5838,0.000228,-0.0001,0.0
13.56,FLIGHT,0.9568,1.5614,0.1102,0.1127,0.1081,0.11,-0.0142,-0.1894,0.0058,0.0089,1.0306,-0.0472,1.584,0.000227,-0.0001,0.0
13.565,FLIGHT,0.9574,1.562,0.1079,0.1098,0.1059,0.1072,-0.0142,-0.1894,0.0057,0.0086,1.03,-0.0474,1.5843,0.000227,-0.0001,0.0
13.57,FLIGHT,0.9579,1.5625,0.1057,0.107,0.1037,0.1045,-0.0141,-0.1893,0.0057,0.0084,1.0294,-0.0475,1.5845,0.000227,-0.0001,0.0
13.575,FLIGHT,0.9584,1.563,0.1035,0.1042,0.1015,0.1018,-0.0141,-0.1893,0.0056,0.0082,1.0288,-0.0477,1.5848,0.000227,-0.0001,0.0
13.58,FLIGHT,0.9589,1.5635,0.1013,0.1016,0.0994,0.0992,-0.0141,-0.1893,0.0056,0.008,1.0282,-0.0479,1.585,0.000226,-0.0001,0.0
13.585,FLIGHT,0.9594,1.564,0.0992,0.099,0.0973,0.0967,-0.0141,-0.1892,0.0055,0.0078,1.0275,-0.0481,1.5852,0.000226,-0.0001,0.0
13.59,FLIGHT,0.9599,1.5645,0.0972,0.0965,0.0953,0.0942,-0.014,-0.1892,0.0054,0.0076,1.0269,-0.0482,1.5854,0.000226,-0.0001,0.0
13.595,FLIGHT,0.9603,1.565,0.0951,0.094,0.0934,0.0918,-0.014,-0.1891,0.0054,0.0074,1.0262,-0.0484,1.5857,0.000225,-0.0001,0.0
13.6,FLIGHT,0.9608,1.5654,0.0932,0.0916,0.0914,0.0895,-0.014,-0.1891,0.0053,0.0072,1.0255,-0.0486,1.5859,0.000225,-0.0,0.0
13.605,FLIGHT,0.9613,1.5659,0.0913,0.0893,0.0895,0.0873,-0.014,-0.1891,0.0053,0.007,1.0248,-0.0487,1.5861,0.000225,-0.0,0.0
13.61,FLIGHT,0.9617,1.5663,0.0894,0.087,0.0877,0.0851,-0.0139,-0.189,0.0052,0.0068,1.024,-0.0489,1.5863,0.000225,-0.0,0.0
13.615,FLIGHT,0.9621,1.5667,0.0875,0.0849,0.0859,0.0829,-0.0139,-0.189,0.0052,0.0066,1.0233,-0.0491,1.5865,0.000225,-0.0,0.0
13.62,FLIGHT,0.9626,1.5671,0.0857,0.0827,0.0841,0.0808,-0.0139,-0.189,0.0051,0.0065,1.0225,-0.0492,1.5867,0.000224,-0.0,0.0
13.625,FLIGHT,0.963,1.5675,0.084,0.0806,0.0824,0.0788,-0.0138,-0.1889,0.0051,0.0063,1.0217,-0.0494,1.5869,0.000224,-0.0,0.0
13.63,FLIGHT,0.9634,1.5679,0.0822,0.0786,0.0807,0.0768,-0.0138,-0.1889,0.005,0.0061,1.0209,-0.0495,1.5871,0.000224,-0.0,0.0
13.635,FLIGHT,0.9638,1.5683,0.0806,0.0766,0.0791,0.0749,-0.0138,-0.1889,0.0049,0.006,1.0201,-0.0497,1.5872,0.000224,-0.0,0.0
13.64,FLIGHT,0.9642,1.5686,0.0789,0.0747,0.0774,0.073,-0.0138,-0.1889,0.0049,0.0058,1.0193,-0.0498,1.5874,0.000224,-0.0,0.0
13.645,FLIGHT,0.9646,1.569,0.0773,0.0729,0.0759,0.0712,-0.0138,-0.1888,0.0048,0.0057,1.0184,-0.0499,1.5876,0.000223,-0.0,0.0
13.65,FLIGHT,0.9649,1.5694,0.0757,0.0711,0.0743,0.0695,-0.0137,-0.1888,0.0048,0.0055,1.0176,-0.0501,1.5878,0.000223,-0.0,0.0
13.655,FLIGHT,0.9653,1.5697,0.0742,0.0693,0.0728,0.0678,-0.0137,-0.1888,0.0047,0.0054,1.0167,-0.0502,1.5879,0.000223,-0.0,0.0
13.66,FLIGHT,0.9657,1.57,0.0726,0.0676,0.0713,0.0661,-0.0137,-0.1888,0.0046,0.0053,1.0158,-0.0504,1.5881,0.000223,-0.0,0.0
13.665,FLIGHT,0.966,1.5704,0.0711,0.066,0.0698,0.0645,-0.0137,-0.1887,0.0046,0.0051,1.0149,-0.0505,1.5883,0.000223,-0.0,0.0
13.67,FLIGHT,0.9664,1.5707,0.0697,0.0643,0.0684,0.0629,-0.0136,-0.1887,0.0045,0.005,1.0139,-0.0506,1.5884,0.000223,-0.0,0.0
13.675,FLIGHT,0.9667,1.571,0.0683,0.0628,0.067,0.0614,-0.0136,-0.1887,0.0045,0.0049,1.013,-0.0508,1.5886,0.000222,-0.0,0.0
13.68,FLIGHT,0.967,1.5713,0.0669,0.0613,0.0656,0.0599,-0.0136,-0.1887,0.0044,0.0048,1.012,-0.0509,1.5887,0.000222,-0.0,0.0
13.685,FLIGHT,0.9674,1.5716,0.0655,0.0598,0.0643,0.0585,-0.0136,-0.1886,0.0043,0.0046,1.0111,-0.051,1.5889,0.000222,-0.0,0.0
13.69,FLIGHT,0.9677,1.5719,0.0641,0.0584,0.0629,0.0571,-0.0135,-0.1886,0.0043,0.0045,1.0101,-0.0511,1.589,0.000222,-0.0,0.0
13.695,FLIGHT,0.968,1.5722,0.0628,0.057,0.0616,0.0557,-0.0135,-0.1886,0.0042,0.0044,1.0091,-0.0513,1.5892,0.000222,-0.0,0.0
13.7,FLIGHT,0.9683,1.5724,0.0615,0.0556,0.0603,0.0544,-0.0135,-0.1886,0.0041,0.0043,1.008,-0.0514,1.5893,0.000222,-0.0,0.0
13.705,FLIGHT,0.9686,1.5727,0.0602,0.0543,0.0591,0.0531,-0.0135,-0.1885,0.0041,0.0042,1.007,-0.0515,1.5895,0.000222,-0.0,0.0
13.71,FLIGHT,0.9689,1.573,0.059,0.053,0.0579,0.0519,-0.0135,-0.1885,0.004,0.0041,1.0059,-0.0516,1.5896,0.000222,-0.0,0.0
13.715,FLIGHT,0.9692,1.5732,0.0577,0.0518,0.0566,0.0507,-0.0134,-0.1885,0.0039,0.004,1.0049,-0.0518,1.5898,0.000221,-0.0,0.0
13.72,FLIGHT,0.9694,1.5735,0.0565,0.0506,0.0555,0.0495,-0.0134,-0.1885,0.0039,0.0039,1.0038,-0.0519,1.5899,0.000221,-0.0,0.0
13.725,FLIGHT,0.9697,1.5737,0.0553,0.0494,0.0543,0.0484,-0.0134,-0.1885,0.0038,0.0038,1.0027,-0.052,1.59,0.000221,-0.0,0.0
13.73,FLIGHT,0.97,1.574,0.0542,0.0483,0.0531,0.0472,-0.0134,-0.1884,0.0037,0.0037,1.0016,-0.0521,1.5902,0.000221,-0.0,0.0
13.735,FLIGHT,0.9703,1.5742,0.053,0.0471,0.052,0.0462,-0.0134,-0.1884,0.0037,0.0037,1.0005,-0.0522,1.5903,0.000221,-0.0,0.0
13.74,STANCE,0.9709,1.5747,0.1199,0.1017,0.4292,0.1966,-0.0133,-0.1884,0.0089,0.0078,0.9995,0.1559,-0.2792,-5e-05,-0.2279,0.0456
13.745,STANCE,0.9754,1.5741,0.7072,-0.0909,1.3388,-0.5276,-0.0124,-0.1885,0.1456,-0.0171,0.9986,-0.1979,-0.8229,-0.001772,-0.4111,0.084
13.75,STANCE,0.9823,1.5702,1.1085,-0.5479,0.6925,-0.4552,-0.0106,-0.1889,0.2838,-0.0613,0.9979,-0.6383,-1.2257,-0.003606,-0.1789,0.0394
13.755,STANCE,0.9837,1.5695,0.5273,-0.2579,0.1582,-0.0741,-0.0102,-0.189,0.1347,-0.0286,0.998,-0.7078,-1.8675,-0.003864,0.0246,0.0039
13.76,STANCE,0.9852,1.568,0.4018,-0.3193,0.5152,-0.6036,-0.0097,-0.1892,0.1195,-0.0325,0.9983,-0.9539,-2.2236,-0.003602,0.0701,0.0036
13.765,STANCE,0.988,1.5609,0.5059,-1.1601,0.7355,-1.7262,-0.0082,-0.1898,0.255,-0.1067,0.9982,-1.2817,-2.0342,-0.002997,0.1098,0.003
13.77,STANCE,0.9931,1.5511,0.8855,-1.7429,1.071,-2.6684,-0.0059,-0.1907,0.4099,-0.1557,0.9983,-1.6712,-1.7143,-0.003064,-0.0594,0.0149
13.775,STANCE,0.9988,1.5359,1.0751,-2.6365,1.1709,-3.0513,-0.0027,-0.192,0.5757,-0.2228,0.9981,-1.9006,-1.0401,-0.003532,-0.1118,0.0259
13.78,STANCE,1.0034,1.5206,0.9368,-2.9366,0.7154,-3.0503,0.0004,-0.1933,0.5972,-0.2364,0.9981,-1.8306,-0.4816,-0.003755,0.006,0.0038
13.785,STANCE,1.0062,1.5054,0.6653,-3.0086,0.277,-3.221,0.0031,-0.1945,0.56,-0.2327,0.9981,-1.5287,0.0458,-0.003781,0.0132,0.0038
13.79,STANCE,1.0072,1.4898,0.3188,-3.0834,0.0312,-3.0811,0.0055,-0.1957,0.5076,-0.2315,0.9981,-1.0508,0.579,-0.003923,-0.0321,0.0103
13.795,STANCE,1.0066,1.4747,0.015,-3.0416,-0.1598,-2.8801,0.0076,-0.1968,0.4455,-0.2236,0.9981,-0.5115,1.01,-0.004038,-0.0379,0.0116
13.8,STANCE,1.0051,1.4602,-0.2128,-2.9435,-0.3883,-2.8675,0.0094,-0.1979,0.3889,-0.2129,0.9982,-0.031,1.3086,-0.004018,0.0334,0.004
13.805,STANCE,1.0037,1.4469,-0.2479,-2.7251,-0.2012,-2.4969,0.0111,-0.1988,0.352,-0.1932,0.9985,0.2005,1.3954,-0.003994,-0.001,0.0042
13.81,FLIGHT,1.0027,1.4355,-0.2231,-2.3928,-0.421,-1.8359,0.0126,-0.1996,0.3096,-0.1664,0.999,-1.1674,2.4777,-0.003959,0.0326,0.004
13.815,FLIGHT,0.9987,1.4293,-0.6573,-1.5497,-1.1589,-0.6887,0.0127,-0.2001,0.098,-0.1138,0.9997,-1.0109,2.3391,-0.003625,0.0971,0.0036
13.82,FLIGHT,0.9915,1.4281,-1.2197,-0.6112,-1.6932,0.1729,0.0114,-0.2003,-0.154,-0.056,1.0007,-0.76,2.1296,-0.00303,0.1371,0.003
13.825,FLIGHT,0.9822,1.4305,-1.6703,0.1544,-1.9953,0.7332,0.0092,-0.2002,-0.3571,-0.0044,1.0019,-0.5143,1.9281,-0.002293,0.1544,0.0023
13.83,FLIGHT,0.9719,1.435,-1.9397,0.6785,-2.0993,1.042,0.0065,-0.2,-0.4868,0.0369,1.0032,-0.3128,1.7648,-0.001515,0.1549,0.0015
13.835,FLIGHT,0.9614,1.4406,-2.037,0.9809,-2.0577,1.1665,0.0036,-0.1996,-0.5485,0.0664,1.0046,-0.1639,1.6455,-0.000762,0.1449,0.0008
13.84,FLIGHT,0.9515,1.4465,-2.0008,1.112,-1.9215,1.169,0.0007,-0.1992,-0.558,0.0846,1.0059,-0.062,1.5654,-7.5e-05,0.1297,0.0001
13.845,FLIGHT,0.9423,1.4521,-1.873,1.126,-1.729,1.1006,-0.0019,-0.1987,-0.5324,0.0931,1.0073,0.0025,1.5163,0.000463,0.0822,0.0
13.85,FLIGHT,0.9342,1.4574,-1.6913,1.0685,-1.5141,0.9957,-0.0043,-0.1983,-0.4862,0.0942,1.0086,0.0399,1.4894,0.000772,0.0437,0.0
13.855,FLIGHT,0.9272,1.4621,-1.4855,0.973,-1.2969,0.8782,-0.0063,-0.1979,-0.4304,0.0902,1.0098,0.0592,1.4773,0.000921,0.018,0.0
13.86,FLIGHT,0.9212,1.4662,-1.2753,0.8629,-1.0891,0.7626,-0.0081,-0.1975,-0.3721,0.0832,1.0111,0.0668,1.4746,0.000967,0.0018,0.0
13.865,FLIGHT,0.9163,1.4697,-1.0727,0.7529,-0.8971,0.6573,-0.0095,-0.1971,-0.3159,0.0747,1.0122,0.0671,1.4774,0.000949,-0.0081,0.0016
13.87,FLIGHT,0.9122,1.4728,-0.8847,0.6515,-0.7239,0.566,-0.0107,-0.1968,-0.2641,0.066,1.0134,0.0633,1.4832,0.000894,-0.0135,0.0027
13.875,FLIGHT,0.909,1.4754,-0.7143,0.5629,-0.5702,0.4898,-0.0117,-0.1966,-0.2178,0.0576,1.0145,0.0572,1.4904,0.00082,-0.0159,0.0032
13.88,FLIGHT,0.9065,1.4777,-0.5628,0.4885,-0.4354,0.4282,-0.0126,-0.1963,-0.1775,0.0501,1.0155,0.0502,1.498,0.000738,-0.0165,0.0033
13.885,FLIGHT,0.9046,1.4797,-0.4296,0.428,-0.3183,0.3797,-0.0132,-0.1961,-0.1428,0.0436,1.0165,0.043,1.5053,0.000656,-0.0159,0.0032
13.89,FLIGHT,0.9033,1.4815,-0.3136,0.3802,-0.2171,0.3427,-0.0137,-0.1959,-0.1134,0.0382,1.0175,0.036,1.5121,0.00058,-0.0145,0.0029
13.895,FLIGHT,0.9024,1.4832,-0.2134,0.3436,-0.1303,0.3153,-0.0141,-0.1958,-0.0886,0.0337,1.0185,0.0294,1.5183,0.000512,-0.0128,0.0026
13.9,FLIGHT,0.902,1.4847,-0.1273,0.3165,-0.056,0.2959,-0.0144,-0.1956,-0.068,0.0302,1.0194,0.0234,1.5238,0.000452,-0.011,0.0022
13.905,FLIGHT,0.9018,1.4861,-0.0537,0.2971,0.0071,0.2828,-0.0146,-0.1955,-0.0509,0.0275,1.0203,0.0178,1.5287,0.000402,-0.0092,0.0018
13.91,FLIGHT,0.902,1.4875,0.009,0.284,0.0607,0.2747,-0.0148,-0.1954,-0.0368,0.0255,1.0212,0.0128,1.5329,0.00036,-0.0075,0.0015
13.915,FLIGHT,0.9024,1.4889,0.0622,0.2759,0.1059,0.2706,-0.0149,-0.1953,-0.0253,0.024,1.0221,0.0083,1.5366,0.000326,-0.006,0.0012
13.92,FLIGHT,0.9031,1.4902,0.107,0.2717,0.1438,0.2693,-0.0149,-0.1952,-0.016,0.0229,1.0229,0.0043,1.5399,0.0003,-0.0047,0.0009
13.925,FLIGHT,0.9039,1.4916,0.1447,0.2703,0.1754,0.2701,-0.015,-0.195,-0.0085,0.0223,1.0237,0.0006,1.5428,0.000279,-0.0036,0.0007
13.93,FLIGHT,0.9048,1.4929,0.1761,0.271,0.2017,0.2723,-0.015,-0.1949,-0.0024,0.0219,1.0245,-0.0027,1.5453,0.000263,-0.0028,0.0006
13.935,FLIGHT,0.9059,1.4943,0.2021,0.2731,0.2233,0.2755,-0.0149,-0.1948,0.0023,0.0217,1.0253,-0.0056,1.5476,0.000251,-0.002,0.0004
13.94,FLIGHT,0.907,1.4957,0.2235,0.2762,0.2408,0.2793,-0.0149,-0.1947,0.0061,0.0217,1.0261,-0.0083,1.5496,0.000242,-0.0014,0.0003
13.945,FLIGHT,0.9083,1.4971,0.2409,0.2798,0.2549,0.2832,-0.0148,-0.1946,0.009,0.0218,1.0268,-0.0108,1.5514,0.000236,-0.001,0.0002
13.95,FLIGHT,0.9096,1.4985,0.2549,0.2837,0.266,0.2871,-0.0148,-0.1945,0.0111,0.0219,1.0275,-0.013,1.553,0.000232,-0.0006,0.0001
13.955,FLIGHT,0.9109,1.5,0.2659,0.2875,0.2746,0.2908,-0.0147,-0.1944,0.0127,0.0221,1.0282,-0.015,1.5544,0.00023,-0.0004,0.0001
13.96,FLIGHT,0.9123,1.5014,0.2744,0.2911,0.2809,0.2941,-0.0146,-0.1943,0.0139,0.0223,1.0288,-0.0168,1.5558,0.000229,-0.0002,0.0
13.965,FLIGHT,0.9137,1.5029,0.2807,0.2943,0.2854,0.297,-0.0146,-0.1942,0.0146,0.0226,1.0295,-0.0185,1.557,0.000228,-0.0,0.0
13.97,FLIGHT,0.9152,1.5044,0.2851,0.297,0.2883,0.2993,-0.0145,-0.1941,0.0151,0.0228,1.0301,-0.02,1.5582,0.000228,0.0001,0.0
13.975,FLIGHT,0.9166,1.5059,0.2879,0.2993,0.2898,0.3011,-0.0144,-0.1939,0.0153,0.023,1.0307,-0.0215,1.5592,0.000229,0.0002,0.0
13.98,FLIGHT,0.9181,1.5074,0.2894,0.301,0.2902,0.3023,-0.0143,-0.1938,0.0153,0.0231,1.0313,-0.0228,1.5602,0.00023,0.0002,0.0
13.985,FLIGHT,0.9195,1.5089,0.2898,0.3021,0.2896,0.3029,-0.0143,-0.1937,0.0152,0.0232,1.0318,-0.024,1.5612,0.000231,0.0002,0.0
13.99,FLIGHT,0.921,1.5104,0.2891,0.3027,0.2882,0.303,-0.0142,-0.1936,0.015,0.0233,1.0323,-0.0251,1.562,0.000232,0.0002,0.0
13.995,FLIGHT,0.9224,1.512,0.2877,0.3027,0.286,0.3025,-0.0141,-0.1935,0.0146,0.0234,1.0329,-0.0261,1.5629,0.000233,0.0002,0.0
14.0,FLIGHT,0.9238,1.5135,0.2855,0.3022,0.2833,0.3014,-0.014,-0.1934,0.0143,0.0234,1.0333,-0.0271,1.5637,0.000234,0.0002,0.0
14.005,FLIGHT,0.9252,1.515,0.2828,0.3011,0.2802,0.2999,-0.014,-0.1932,0.0139,0.0233,1.0338,-0.028,1.5645,0.000235,0.0002,0.0
14.01,FLIGHT,0.9266,1.5165,0.2796,0.2995,0.2766,0.2979,-0.0139,-0.1931,0.0134,0.0233,1.0342,-0.0289,1.5652,0.000236,0.0002,0.0
14.015,FLIGHT,0.928,1.5179,0.2761,0.2975,0.2727,0.2955,-0.0139,-0.193,0.013,0.0232,1.0346,-0.0297,1.5659,0.000237,0.0001,0.0
14.02,FLIGHT,0.9293,1.5194,0.2722,0.2951,0.2686,0.2928,-0.0138,-0.1929,0.0125,0.023,1.035,-0.0304,1.5666,0.000238,0.0001,0.0
14.025,FLIGHT,0.9307,1.5209,0.268,0.2923,0.2642,0.2896,-0.0137,-0.1928,0.0121,0.0228,1.0354,-0.0311,1.5673,0.000238,0.0001,0.0
14.03,FLIGHT,0.932,1.5223,0.2637,0.2892,0.2597,0.2862,-0.0137,-0.1927,0.0116,0.0226,1.0357,-0.0318,1.5679,0.000239,0.0001,0.0
14.035,FLIGHT,0.9333,1.5237,0.2592,0.2857,0.2551,0.2825,-0.0136,-0.1926,0.0112,0.0224,1.036,-0.0325,1.5686,0.000239,0.0001,0.0
14.04,FLIGHT,0.9345,1.5251,0.2546,0.2819,0.2504,0.2785,-0.0136,-0.1924,0.0108,0.0221,1.0363,-0.0331,1.5692,0.000239,0.0,0.0
14.045,FLIGHT,0.9358,1.5265,0.2499,0.278,0.2456,0.2743,-0.0135,-0.1923,0.0104,0.0219,1.0366,-0.0336,1.5698,0.000239,0.0,0.0
14.05,FLIGHT,0.937,1.5279,0.2451,0.2738,0.2409,0.2699,-0.0135,-0.1922,0.0101,0.0216,1.0368,-0.0342,1.5704,0.000239,-0.0,0.0
14.055,FLIGHT,0.9382,1.5292,0.2403,0.2694,0.2361,0.2654,-0.0134,-0.1921,0.0097,0.0212,1.037,-0.0347,1.571,0.000239,-0.0,0.0
14.06,FLIGHT,0.9393,1.5305,0.2356,0.2649,0.2313,0.2607,-0.0134,-0.192,0.0094,0.0209,1.0372,-0.0352,1.5715,0.000239,-0.0,0.0
14.065,FLIGHT,0.9405,1.5318,0.2308,0.2602,0.2265,0.256,-0.0133,-0.1919,0.0091,0.0206,1.0374,-0.0357,1.5721,0.000239,-0.0,0.0
14.07,FLIGHT,0.9416,1.5331,0.226,0.2554,0.2218,0.2511,-0.0133,-0.1918,0.0088,0.0202,1.0375,-0.0362,1.5726,0.000239,-0.0001,0.0
14.075,FLIGHT,0.9427,1.5343,0.2213,0.2506,0.2171,0.2462,-0.0132,-0.1917,0.0085,0.0199,1.0376,-0.0366,1.5731,0.000239,-0.0001,0.0
14.08,FLIGHT,0.9438,1.5356,0.2166,0.2457,0.2125,0.2412,-0.0132,-0.1916,0.0083,0.0195,1.0377,-0.0371,1.5736,0.000238,-0.0001,0.0
14.085,FLIGHT,0.9448,1.5367,0.212,0.2407,0.2079,0.2363,-0.0132,-0.1915,0.008,0.0191,1.0378,-0.0375,1.5741,0.000238,-0.0001,0.0
14.09,FLIGHT,0.9459,1.5379,0.2075,0.2357,0.2034,0.2313,-0.0131,-0.1914,0.0078,0.0187,1.0378,-0.0379,1.5746,0.000237,-0.0001,0.0
14.095,FLIGHT,0.9469,1.5391,0.203,0.2307,0.199,0.2263,-0.0131,-0.1913,0.0076,0.0183,1.0379,-0.0383,1.5751,0.000237,-0.0001,0.0
14.1,FLIGHT,0.9479,1.5402,0.1986,0.2257,0.1946,0.2213,-0.013,-0.1913,0.0074,0.018,1.0379,-0.0387,1.5756,0.000237,-0.0001,0.0
14.105,FLIGHT,0.9488,1.5413,0.1942,0.2208,0.1904,0.2163,-0.013,-0.1912,0.0073,0.0176,1.0378,-0.0391,1.576,0.000236,-0.0001,0.0
14.11,FLIGHT,0.9498,1.5423,0.19,0.2158,0.1862,0.2114,-0.013,-0.1911,0.0071,0.0172,1.0378,-0.0394,1.5765,0.000236,-0.0001,0.0
14.115,FLIGHT,0.9507,1.5434,0.1858,0.2109,0.1821,0.2065,-0.0129,-0.191,0.007,0.0168,1.0377,-0.0398,1.5769,0.000235,-0.0001,0.0
14.12,FLIGHT,0.9516,1.5444,0.1817,0.206,0.178,0.2017,-0.0129,-0.1909,0.0068,0.0164,1.0376,-0.0401,1.5774,0.000235,-0.0001,0.0
14.125,FLIGHT,0.9525,1.5454,0.1776,0.2012,0.1741,0.1969,-0.0129,-0.1908,0.0067,0.016,1.0375,-0.0404,1.5778,0.000234,-0.0001,0.0
14.13,FLIGHT,0.9533,1.5464,0.1737,0.1965,0.1702,0.1922,-0.0128,-0.1908,0.0066,0.0157,1.0373,-0.0407,1.5782,0.000234,-0.0001,0.0
14.135,FLIGHT,0.9542,1.5473,0.1698,0.1918,0.1664,0.1876,-0.0128,-0.1907,0.0065,0.0153,1.0372,-0.0411,1.5786,0.000233,-0.0001,0.0
14.14,FLIGHT,0.955,1.5483,0.1661,0.1871,0.1627,0.183,-0.0128,-0.1906,0.0064,0.0149,1.037,-0.0414,1.579,0.000233,-0.0001,0.0
14.145,FLIGHT,0.9558,1.5492,0.1624,0.1826,0.1591,0.1785,-0.0127,-0.1905,0.0063,0.0146,1.0368,-0.0417,1.5794,0.000232,-0.0001,0.0
14.15,FLIGHT,0.9566,1.55,0.1588,0.1781,0.1556,0.1741,-0.0127,-0.1905,0.0062,0.0142,1.0366,-0.0419,1.5797,0.000232,-0.0001,0.0
14.155,FLIGHT,0.9573,1.5509,0.1552,0.1737,0.1521,0.1698,-0.0127,-0.1904,0.0061,0.0139,1.0363,-0.0422,1.5801,0.000231,-0.0001,0.0
14.16,FLIGHT,0.9581,1.5517,0.1518,0.1694,0.1487,0.1655,-0.0127,-0.1903,0.006,0.0135,1.036,-0.0425,1.5805,0.000231,-0.0001,0.0
14.165,FLIGHT,0.9588,1.5526,0.1484,0.1651,0.1454,0.1614,-0.0126,-0.1903,0.0059,0.0132,1.0357,-0.0428,1.5808,0.00023,-0.0001,0.0
14.17,FLIGHT,0.9596,1.5534,0.1451,0.161,0.1422,0.1573,-0.0126,-0.1902,0.0058,0.0129,1.0354,-0.043,1.5812,0.00023,-0.0001,0.0
14.175,FLIGHT,0.9603,1.5541,0.1419,0.1569,0.139,0.1533,-0.0126,-0.1901,0.0058,0.0125,1.0351,-0.0433,1.5815,0.000229,-0.0001,0.0
14.18,FLIGHT,0.9609,1.5549,0.1387,0.153,0.1359,0.1494,-0.0125,-0.1901,0.0057,0.0122,1.0347,-0.0435,1.5818,0.000229,-0.0001,0.0
14.185,FLIGHT,0.9616,1.5556,0.1357,0.1491,0.1329,0.1456,-0.0125,-0.19,0.0056,0.0119,1.0343,-0.0438,1.5821,0.000229,-0.0001,0.0
14.19,FLIGHT,0.9623,1.5563,0.1327,0.1453,0.13,0.1419,-0.0125,-0.19,0.0056,0.0116,1.0339,-0.044,1.5824,0.000228,-0.0001,0.0
14.195,FLIGHT,0.9629,1.557,0.1297,0.1415,0.1271,0.1383,-0.0125,-0.1899,0.0055,0.0113,1.0335,-0.0443,1.5827,0.000228,-0.0001,0.0
14.2,FLIGHT,0.9635,1.5577,0.1268,0.1379,0.1243,0.1347,-0.0124,-0.1899,0.0055,0.011,1.0331,-0.0445,1.583,0.000227,-0.0001,0.0
14.205,FLIGHT,0.9642,1.5584,0.124,0.1344,0.1216,0.1312,-0.0124,-0.1898,0.0054,0.0107,1.0326,-0.0447,1.5833,0.000227,-0.0001,0.0
14.21,FLIGHT,0.9648,1.559,0.1213,0.1309,0.1189,0.1279,-0.0124,-0.1898,0.0053,0.0104,1.0321,-0.0449,1.5836,0.000227,-0.0001,0.0
14.215,FLIGHT,0.9653,1.5597,0.1186,0.1275,0.1163,0.1246,-0.0123,-0.1897,0.0053,0.0102,1.0316,-0.0451,1.5839,0.000226,-0.0001,0.0
14.22,FLIGHT,0.9659,1.5603,0.116,0.1243,0.1137,0.1213,-0.0123,-0.1897,0.0052,0.0099,1.0311,-0.0453,1.5842,0.000226,-0.0001,0.0
14.225,FLIGHT,0.9665,1.5609,0.1135,0.1211,0.1112,0.1182,-0.0123,-0.1896,0.0052,0.0097,1.0306,-0.0456,1.5844,0.000225,-0.0001,0.0
14.23,FLIGHT,0.967,1.5615,0.111,0.1179,0.1088,0.1152,-0.0123,-0.1896,0.0051,0.0094,1.03,-0.0458,1.5847,0.000225,-0.0001,0.0
14.235,FLIGHT,0.9676,1.562,0.1086,0.1149,0.1064,0.1122,-0.0122,-0.1895,0.0051,0.0092,1.0294,-0.046,1.5849,0.000225,-0.0001,0.0
14.24,FLIGHT,0.9681,1.5626,0.1062,0.1119,0.1041,0.1093,-0.0122,-0.1895,0.005,0.0089,1.0288,-0.0461,1.5852,0.000224,-0.0001,0.0
14.245,FLIGHT,0.9686,1.5631,0.1039,0.109,0.1018,0.1065,-0.0122,-0.1894,0.005,0.0087,1.0282,-0.0463,1.5854,0.000224,-0.0001,0.0
14.25,FLIGHT,0.9691,1.5637,0.1016,0.1062,0.0996,0.1037,-0.0122,-0.1894,0.0049,0.0085,1.0276,-0.0465,1.5857,0.000224,-0.0001,0.0
14.255,FLIGHT,0.9696,1.5642,0.0994,0.1035,0.0974,0.101,-0.0121,-0.1893,0.0048,0.0082,1.0269,-0.0467,1.5859,0.000223,-0.0001,0.0
14.26,FLIGHT,0.9701,1.5647,0.0972,0.1008,0.0953,0.0984,-0.0121,-0.1893,0.0048,0.008,1.0263,-0.0469,1.5861,0.000223,-0.0001,0.0
14.265,FLIGHT,0.9706,1.5651,0.0951,0.0982,0.0932,0.0959,-0.0121,-0.1893,0.0047,0.0078,1.0256,-0.0471,1.5864,0.000223,-0.0001,0.0
14.27,FLIGHT,0.971,1.5656,0.093,0.0957,0.0912,0.0934,-0.0121,-0.1892,0.0047,0.0076,1.0249,-0.0472,1.5866,0.000223,-0.0001,0.0
14.275,FLIGHT,0.9715,1.5661,0.091,0.0932,0.0892,0.091,-0.0121,-0.1892,0.0046,0.0074,1.0241,-0.0474,1.5868,0.000222,-0.0001,0.0
14.28,FLIGHT,0.9719,1.5665,0.089,0.0908,0.0873,0.0887,-0.012,-0.1892,0.0046,0.0072,1.0234,-0.0476,1.587,0.000222,-0.0,0.0
14.285,FLIGHT,0.9723,1.567,0.0871,0.0885,0.0854,0.0864,-0.012,-0.1891,0.0045,0.007,1.0226,-0.0477,1.5872,0.000222,-0.0,0.0
14.29,FLIGHT,0.9728,1.5674,0.0852,0.0862,0.0835,0.0842,-0.012,-0.1891,0.0045,0.0069,1.0219,-0.0479,1.5874,0.000222,-0.0,0.0
14.295,FLIGHT,0.9732,1.5678,0.0834,0.084,0.0817,0.0821,-0.012,-0.1891,0.0044,0.0067,1.0211,-0.0481,1.5876,0.000221,-0.0,0.0
14.3,FLIGHT,0.9736,1.5682,0.0815,0.0819,0.0799,0.08,-0.0119,-0.189,0.0044,0.0065,1.0203,-0.0482,1.5878,0.000221,-0.0,0.0
14.305,FLIGHT,0.974,1.5686,0.0798,0.0798,0.0782,0.078,-0.0119,-0.189,0.0043,0.0063,1.0194,-0.0484,1.588,0.000221,-0.0,0.0
14.31,FLIGHT,0.9744,1.569,0.078,0.0778,0.0765,0.076,-0.0119,-0.189,0.0042,0.0062,1.0186,-0.0485,1.5882,0.000221,-0.0,0.0
14.315,FLIGHT,0.9747,1.5694,0.0763,0.0758,0.0748,0.0741,-0.0119,-0.1889,0.0042,0.006,1.0177,-0.0487,1.5883,0.000221,-0.0,0.0
14.32,FLIGHT,0.9751,1.5697,0.0747,0.0739,0.0732,0.0722,-0.0119,-0.1889,0.0041,0.0059,1.0169,-0.0488,1.5885,0.00022,-0.0,0.0
14.325,FLIGHT,0.9755,1.5701,0.0731,0.0721,0.0716,0.0704,-0.0118,-0.1889,0.0041,0.0057,1.016,-0.049,1.5887,0.00022,-0.0,0.0
14.33,FLIGHT,0.9758,1.5704,0.0715,0.0703,0.0701,0.0687,-0.0118,-0.1888,0.004,0.0056,1.0151,-0.0491,1.5889,0.00022,-0.0,0.0
14.335,FLIGHT,0.9762,1.5708,0.0699,0.0685,0.0685,0.067,-0.0118,-0.1888,0.004,0.0054,1.0141,-0.0492,1.589,0.00022,-0.0,0.0
14.34,FLIGHT,0.9765,1.5711,0.0684,0.0668,0.067,0.0653,-0.0118,-0.1888,0.0039,0.0053,1.0132,-0.0494,1.5892,0.00022,-0.0,0.0
14.345,FLIGHT,0.9768,1.5714,0.0669,0.0651,0.0656,0.0637,-0.0118,-0.1888,0.0038,0.0052,1.0122,-0.0495,1.5893,0.00022,-0.0,0.0
14.35,FLIGHT,0.9772,1.5717,0.0654,0.0635,0.0641,0.0621,-0.0117,-0.1887,0.0038,0.005,1.0113,-0.0496,1.5895,0.000219,-0.0,0.0
14.355,FLIGHT,0.9775,1.5721,0.064,0.062,0.0627,0.0606,-0.0117,-0.1887,0.0037,0.0049,1.0103,-0.0498,1.5897,0.000219,-0.0,0.0
14.36,FLIGHT,0.9778,1.5724,0.0626,0.0604,0.0613,0.0591,-0.0117,-0.1887,0.0036,0.0048,1.0093,-0.0499,1.5898,0.000219,-0.0,0.0
14.365,FLIGHT,0.9781,1.5726,0.0612,0.059,0.06,0.0577,-0.0117,-0.1887,0.0036,0.0047,1.0083,-0.05,1.59,0.000219,-0.0,0.0
14.37,FLIGHT,0.9784,1.5729,0.0599,0.0575,0.0587,0.0563,-0.0117,-0.1886,0.0035,0.0046,1.0072,-0.0502,1.5901,0.000219,-0.0,0.0
14.375,FLIGHT,0.9787,1.5732,0.0585,0.0561,0.0574,0.0549,-0.0116,-0.1886,0.0035,0.0044,1.0062,-0.0503,1.5902,0.000219,-0.0,0.0
14.38,FLIGHT,0.979,1.5735,0.0572,0.0548,0.0561,0.0536,-0.0116,-0.1886,0.0034,0.0043,1.0051,-0.0504,1.5904,0.000219,-0.0,0.0
14.385,FLIGHT,0.9793,1.5737,0.056,0.0535,0.0548,0.0523,-0.0116,-0.1886,0.0033,0.0042,1.0041,-0.0505,1.5905,0.000218,-0.0,0.0
14.39,FLIGHT,0.9795,1.574,0.0547,0.0522,0.0536,0.0511,-0.0116,-0.1886,0.0033,0.0041,1.003,-0.0507,1.5907,0.000218,-0.0,0.0
14.395,FLIGHT,0.9798,1.5743,0.0535,0.051,0.0524,0.0499,-0.0116,-0.1885,0.0032,0.004,1.0019,-0.0508,1.5908,0.000218,-0.0,0.0
14.4,FLIGHT,0.98,1.5745,0.0523,0.0498,0.0512,0.0487,-0.0116,-0.1885,0.0031,0.0039,1.0008,-0.0509,1.5909,0.000218,-0.0,0.0
14.405,STANCE,0.9803,1.5748,0.0607,0.0615,0.1646,0.2022,-0.0116,-0.1885,0.0031,0.0049,0.9997,0.1429,-0.0346,0.000177,-0.099,0.0198
14.41,STANCE,0.9832,1.5757,0.463,0.1069,1.0262,-0.1358,-0.0111,-0.1885,0.0728,0.0046,0.9988,-0.0682,-0.6438,-0.001141,-0.3638,0.0739
14.415,STANCE,0.99,1.5728,1.0856,-0.3918,1.1608,-0.6793,-0.0095,-0.1888,0.2583,-0.0454,0.9981,-0.5604,-1.042,-0.00307,-0.2946,0.062
14.42,STANCE,0.9924,1.5717,0.6229,-0.2482,0.1649,-0.0197,-0.0089,-0.1889,0.1515,-0.0277,0.998,-0.6851,-1.6505,-0.003605,0.0034,0.0036
14.425,STANCE,0.9936,1.5708,0.3796,-0.2164,0.3992,-0.4129,-0.0085,-0.189,0.1013,-0.0225,0.9982,-0.9001,-2.1026,-0.003391,0.0675,0.0034
14.43,STANCE,0.9962,1.5658,0.4772,-0.8537,0.4447,-2.0645,-0.0073,-0.1895,0.2076,-0.0786,0.9983,-1.2455,-2.0826,-0.002885,0.1771,0.0029
14.435,STANCE,1.0003,1.5568,0.7526,-1.4915,1.1365,-1.9883,-0.0053,-0.1903,0.3496,-0.1324,0.9984,-1.623,-1.8274,-0.002585,-0.0991,0.0224
14.44,STANCE,1.0054,1.5432,0.9267,-2.3772,1.1179,-2.6834,-0.0024,-0.1914,0.5102,-0.2008,0.9982,-1.8835,-1.2411,-0.00303,-0.1229,0.0276
14.445,STANCE,1.0099,1.5289,0.8918,-2.698,0.771,-2.8568,0.0004,-0.1926,0.5537,-0.2178,0.9982,-1.9075,-0.7323,-0.003303,-0.0293,0.0092
14.45,STANCE,1.0126,1.5134,0.6273,-3.0019,0.3562,-3.2402,0.0032,-0.1938,0.5509,-0.2329,0.9981,-1.6647,-0.1369,-0.003567,-0.0842,0.0204
14.455,STANCE,1.0138,1.4975,0.3487,-3.1043,0.0532,-3.1558,0.0057,-0.1951,0.516,-0.2334,0.998,-1.2552,0.4061,-0.003949,-0.0313,0.0102
14.46,STANCE,1.0136,1.4824,0.0782,-3.0437,-0.1888,-2.9965,0.0078,-0.1962,0.458,-0.2235,0.998,-0.7388,0.8495,-0.004089,-0.0202,0.0081
14.465,STANCE,1.0123,1.4678,-0.175,-2.9518,-0.2833,-2.752,0.0097,-0.1973,0.3976,-0.2134,0.998,-0.2125,1.1934,-0.004233,-0.0617,0.0166
14.47,STANCE,1.0106,1.4543,-0.278,-2.7753,-0.3203,-2.6219,0.0114,-0.1982,0.3535,-0.1974,0.9982,0.1397,1.3639,-0.004401,-0.0148,0.0074
14.475,STANCE,1.0094,1.4418,-0.2475,-2.58,-0.1604,-2.3883,0.013,-0.1991,0.3326,-0.1794,0.9984,0.1935,1.3545,-0.004446,-0.0052,0.0055
14.48,FLIGHT,1.0086,1.4308,-0.1976,-2.2858,-0.3894,-1.7521,0.0144,-0.1999,0.3004,-0.1555,0.9988,-1.1888,2.4903,-0.004422,0.032,0.0044
14.485,FLIGHT,1.0047,1.425,-0.635,-1.4561,-1.1456,-0.5988,0.0145,-0.2003,0.0895,-0.1061,0.9995,-1.0331,2.3532,-0.004086,0.099,0.0041
14.49,FLIGHT,0.9975,1.4243,-1.2101,-0.5178,-1.6962,0.2682,0.0132,-0.2005,-0.1658,-0.0509,1.0005,-0.7784,2.1413,-0.003475,0.141,0.0035
14.495,FLIGHT,0.9882,1.4272,-1.6742,0.25,-2.0102,0.8302,0.0109,-0.2004,-0.3724,-0.0009,1.0016,-0.5277,1.9365,-0.002716,0.1595,0.0027
14.5,FLIGHT,0.9778,1.4322,-1.9541,0.7744,-2.1215,1.137,0.0081,-0.2001,-0.5045,0.0397,1.0029,-0.3219,1.7701,-0.00191,0.1607,0.0019
14.505,FLIGHT,0.9672,1.4382,-2.0584,1.0743,-2.0837,1.2564,0.0051,-0.1998,-0.5672,0.0691,1.0042,-0.1696,1.6484,-0.001127,0.1509,0.0011
14.51,FLIGHT,0.9571,1.4445,-2.0258,1.2004,-1.9486,1.252,0.0021,-0.1993,-0.5767,0.0873,1.0055,-0.0653,1.5666,-0.00041,0.1356,0.0004
14.515,FLIGHT,0.9478,1.4506,-1.9,1.2073,-1.7569,1.175,-0.0006,-0.1989,-0.5503,0.096,1.0068,0.001,1.5161,0.000212,0.104,0.0
14.52,FLIGHT,0.9396,1.4562,-1.718,1.142,-1.5398,1.0621,-0.003,-0.1984,-0.5027,0.0972,1.008,0.0395,1.4886,0.000613,0.0593,0.0
14.525,FLIGHT,0.9324,1.4612,-1.5105,1.0385,-1.32,0.9366,-0.0051,-0.198,-0.4452,0.0932,1.0092,0.0592,1.4763,0.000828,0.0287,0.0
14.53,FLIGHT,0.9263,1.4656,-1.298,0.9207,-1.1098,0.8136,-0.007,-0.1976,-0.3852,0.0861,1.0104,0.067,1.4735,0.000918,0.0089,0.0
14.535,FLIGHT,0.9213,1.4694,-1.0932,0.8034,-0.9156,0.7016,-0.0085,-0.1972,-0.3274,0.0775,1.0115,0.0674,1.4764,0.000929,-0.0034,0.0007
14.54,FLIGHT,0.9172,1.4726,-0.903,0.6953,-0.7404,0.6042,-0.0098,-0.1969,-0.2741,0.0686,1.0126,0.0636,1.4824,0.000893,-0.0106,0.0021
14.545,FLIGHT,0.9139,1.4754,-0.7307,0.6007,-0.5849,0.5226,-0.0108,-0.1966,-0.2265,0.06,1.0136,0.0576,1.4897,0.000829,-0.0143,0.0029
14.55,FLIGHT,0.9113,1.4779,-0.5774,0.5209,-0.4486,0.4562,-0.0116,-0.1964,-0.185,0.0523,1.0146,0.0506,1.4974,0.000754,-0.0157,0.0031
14.555,FLIGHT,0.9093,1.48,-0.4427,0.4557,-0.3301,0.4035,-0.0123,-0.1962,-0.1494,0.0456,1.0156,0.0434,1.5049,0.000675,-0.0156,0.0031
14.56,FLIGHT,0.9079,1.4819,-0.3254,0.4038,-0.2278,0.3628,-0.0128,-0.196,-0.1191,0.0399,1.0165,0.0363,1.5119,0.000599,-0.0146,0.0029
14.565,FLIGHT,0.907,1.4837,-0.2241,0.3636,-0.1399,0.3323,-0.0133,-0.1958,-0.0936,0.0353,1.0174,0.0297,1.5181,0.00053,-0.0131,0.0026
14.57,FLIGHT,0.9065,1.4853,-0.1369,0.3333,-0.0648,0.31,-0.0136,-0.1957,-0.0723,0.0316,1.0183,0.0237,1.5237,0.000469,-0.0113,0.0023
14.575,FLIGHT,0.9064,1.4868,-0.0624,0.3112,-0.0008,0.2946,-0.0138,-0.1955,-0.0546,0.0287,1.0191,0.0181,1.5287,0.000417,-0.0096,0.0019
14.58,FLIGHT,0.9065,1.4882,0.0011,0.2957,0.0534,0.2844,-0.014,-0.1954,-0.0401,0.0265,1.0199,0.0131,1.533,0.000373,-0.0079,0.0016
14.585,FLIGHT,0.9069,1.4896,0.0549,0.2855,0.0992,0.2784,-0.0141,-0.1953,-0.0281,0.0248,1.0207,0.0086,1.5368,0.000337,-0.0064,0.0013
14.59,FLIGHT,0.9075,1.491,0.1003,0.2795,0.1376,0.2756,-0.0142,-0.1951,-0.0184,0.0237,1.0215,0.0045,1.5402,0.000309,-0.0051,0.001
14.595,FLIGHT,0.9083,1.4924,0.1385,0.2765,0.1697,0.2751,-0.0142,-0.195,-0.0106,0.0229,1.0222,0.0009,1.5431,0.000286,-0.004,0.0008
14.6,FLIGHT,0.9092,1.4938,0.1704,0.2759,0.1964,0.2762,-0.0142,-0.1949,-0.0043,0.0224,1.023,-0.0025,1.5457,0.000269,-0.003,0.0006
14.605,FLIGHT,0.9102,1.4952,0.1968,0.2769,0.2183,0.2784,-0.0142,-0.1948,0.0007,0.0221,1.0237,-0.0054,1.548,0.000256,-0.0023,0.0005
14.61,FLIGHT,0.9113,1.4966,0.2186,0.2791,0.2362,0.2813,-0.0142,-0.1947,0.0046,0.022,1.0244,-0.0081,1.55,0.000246,-0.0016,0.0003
14.615,FLIGHT,0.9126,1.498,0.2363,0.2819,0.2505,0.2846,-0.0141,-0.1946,0.0077,0.022,1.025,-0.0106,1.5518,0.000239,-0.0011,0.0002
14.62,FLIGHT,0.9138,1.4994,0.2505,0.285,0.2619,0.2879,-0.0141,-0.1945,0.01,0.0221,1.0257,-0.0128,1.5535,0.000235,-0.0008,0.0002
14.625,FLIGHT,0.9152,1.5009,0.2618,0.2882,0.2706,0.291,-0.014,-0.1944,0.0117,0.0223,1.0263,-0.0148,1.5549,0.000232,-0.0005,0.0001
14.63,FLIGHT,0.9165,1.5023,0.2704,0.2913,0.2772,0.2939,-0.0139,-0.1943,0.013,0.0225,1.0269,-0.0167,1.5563,0.00023,-0.0002,0.0
14.635,FLIGHT,0.9179,1.5038,0.2769,0.2941,0.2818,0.2964,-0.0139,-0.1941,0.0138,0.0227,1.0275,-0.0183,1.5576,0.000229,-0.0001,0.0
14.64,FLIGHT,0.9194,1.5053,0.2815,0.2965,0.2849,0.2984,-0.0138,-0.194,0.0144,0.0228,1.028,-0.0199,1.5587,0.000229,0.0,0.0
14.645,FLIGHT,0.9208,1.5068,0.2845,0.2984,0.2865,0.3,-0.0137,-0.1939,0.0146,0.023,1.0286,-0.0213,1.5598,0.000229,0.0001,0.0
14.65,FLIGHT,0.9222,1.5083,0.2861,0.2999,0.287,0.301,-0.0137,-0.1938,0.0147,0.0231,1.0291,-0.0226,1.5608,0.00023,0.0002,0.0
14.655,FLIGHT,0.9237,1.5098,0.2865,0.3008,0.2865,0.3014,-0.0136,-0.1937,0.0146,0.0232,1.0296,-0.0238,1.5617,0.000231,0.0002,0.0
14.66,FLIGHT,0.9251,1.5113,0.286,0.3012,0.2851,0.3013,-0.0135,-0.1936,0.0145,0.0233,1.0301,-0.025,1.5626,0.000232,0.0002,0.0
14.665,FLIGHT,0.9265,1.5128,0.2846,0.3011,0.2831,0.3007,-0.0134,-0.1935,0.0142,0.0233,1.0305,-0.026,1.5635,0.000233,0.0002,0.0
14.67,FLIGHT,0.9279,1.5143,0.2826,0.3004,0.2805,0.2996,-0.0134,-0.1933,0.0138,0.0233,1.0309,-0.027,1.5643,0.000234,0.0002,0.0
14.675,FLIGHT,0.9293,1.5158,0.2799,0.2993,0.2773,0.2981,-0.0133,-0.1932,0.0135,0.0233,1.0313,-0.0279,1.565,0.000235,0.0002,0.0
14.68,FLIGHT,0.9307,1.5173,0.2768,0.2977,0.2738,0.296,-0.0132,-0.1931,0.013,0.0232,1.0317,-0.0287,1.5658,0.000236,0.0002,0.0
14.685,FLIGHT,0.9321,1.5188,0.2733,0.2956,0.27,0.2936,-0.0132,-0.193,0.0126,0.0231,1.032,-0.0295,1.5665,0.000236,0.0001,0.0
14.69,FLIGHT,0.9334,1.5202,0.2694,0.2932,0.2659,0.2908,-0.0131,-0.1929,0.0122,0.0229,1.0324,-0.0303,1.5672,0.000237,0.0001,0.0
14.695,FLIGHT,0.9347,1.5217,0.2653,0.2903,0.2616,0.2877,-0.0131,-0.1928,0.0117,0.0227,1.0327,-0.031,1.5679,0.000238,0.0001,0.0
14.7,FLIGHT,0.936,1.5231,0.261,0.2872,0.2571,0.2842,-0.013,-0.1926,0.0113,0.0225,1.0329,-0.0317,1.5685,0.000238,0.0001,0.0
14.705,FLIGHT,0.9373,1.5245,0.2566,0.2837,0.2525,0.2805,-0.0129,-0.1925,0.0109,0.0223,1.0332,-0.0323,1.5691,0.000238,0.0001,0.0
14.71,FLIGHT,0.9385,1.5259,0.252,0.28,0.2478,0.2765,-0.0129,-0.1924,0.0105,0.022,1.0334,-0.0329,1.5698,0.000238,0.0,0.0
14.715,FLIGHT,0.9398,1.5273,0.2473,0.276,0.2431,0.2723,-0.0128,-0.1923,0.0101,0.0218,1.0336,-0.0335,1.5704,0.000239,0.0,0.0
14.72,FLIGHT,0.941,1.5286,0.2426,0.2718,0.2383,0.268,-0.0128,-0.1922,0.0098,0.0215,1.0338,-0.0341,1.5709,0.000239,-0.0,0.0
14.725,FLIGHT,0.9421,1.5299,0.2378,0.2675,0.2336,0.2635,-0.0128,-0.1921,0.0094,0.0211,1.034,-0.0346,1.5715,0.000239,-0.0,0.0
14.73,FLIGHT,0.9433,1.5313,0.2331,0.263,0.2288,0.2589,-0.0127,-0.192,0.0091,0.0208,1.0341,-0.0351,1.5721,0.000238,-0.0,0.0
14.735,FLIGHT,0.9444,1.5325,0.2283,0.2583,0.2241,0.2541,-0.0127,-0.1919,0.0088,0.0205,1.0342,-0.0356,1.5726,0.000238,-0.0,0.0
14.74,FLIGHT,0.9455,1.5338,0.2236,0.2536,0.2194,0.2493,-0.0126,-0.1918,0.0085,0.0201,1.0343,-0.0361,1.5732,0.000238,-0.0001,0.0
14.745,FLIGHT,0.9466,1.535,0.2189,0.2488,0.2147,0.2444,-0.0126,-0.1917,0.0082,0.0198,1.0344,-0.0365,1.5737,0.000238,-0.0001,0.0
14.75,FLIGHT,0.9477,1.5362,0.2142,0.2439,0.2101,0.2395,-0.0125,-0.1916,0.008,0.0194,1.0344,-0.037,1.5742,0.000237,-0.0001,0.0
14.755,FLIGHT,0.9487,1.5374,0.2096,0.239,0.2055,0.2345,-0.0125,-0.1915,0.0077,0.019,1.0344,-0.0374,1.5747,0.000237,-0.0001,0.0
14.76,FLIGHT,0.9497,1.5386,0.2051,0.234,0.201,0.2296,-0.0125,-0.1914,0.0075,0.0186,1.0344,-0.0378,1.5752,0.000237,-0.0001,0.0
14.765,FLIGHT,0.9507,1.5397,0.2006,0.2291,0.1966,0.2246,-0.0124,-0.1913,0.0073,0.0183,1.0344,-0.0382,1.5756,0.000236,-0.0001,0.0
14.77,FLIGHT,0.9517,1.5408,0.1962,0.2241,0.1923,0.2197,-0.0124,-0.1912,0.0071,0.0179,1.0343,-0.0386,1.5761,0.000236,-0.0001,0.0
14.775,FLIGHT,0.9527,1.5419,0.1919,0.2192,0.188,0.2148,-0.0124,-0.1912,0.007,0.0175,1.0343,-0.0389,1.5766,0.000235,-0.0001,0.0
14.78,FLIGHT,0.9536,1.543,0.1876,0.2143,0.1838,0.2099,-0.0123,-0.1911,0.0068,0.0171,1.0342,-0.0393,1.577,0.000235,-0.0001,0.0
14.785,FLIGHT,0.9545,1.544,0.1834,0.2094,0.1797,0.205,-0.0123,-0.191,0.0067,0.0167,1.034,-0.0396,1.5774,0.000234,-0.0001,0.0
14.79,FLIGHT,0.9554,1.545,0.1793,0.2045,0.1757,0.2002,-0.0123,-0.1909,0.0065,0.0163,1.0339,-0.04,1.5779,0.000234,-0.0001,0.0
14.795,FLIGHT,0.9563,1.546,0.1753,0.1998,0.1718,0.1955,-0.0122,-0.1908,0.0064,0.016,1.0337,-0.0403,1.5783,0.000233,-0.0001,0.0
14.8,FLIGHT,0.9571,1.547,0.1714,0.195,0.1679,0.1908,-0.0122,-0.1908,0.0063,0.0156,1.0335,-0.0406,1.5787,0.000233,-0.0001,0.0
14.805,FLIGHT,0.9579,1.5479,0.1675,0.1904,0.1641,0.1862,-0.0122,-0.1907,0.0062,0.0152,1.0333,-0.0409,1.5791,0.000232,-0.0001,0.0
14.81,FLIGHT,0.9587,1.5488,0.1638,0.1858,0.1604,0.1817,-0.0121,-0.1906,0.0061,0.0149,1.0331,-0.0412,1.5795,0.000232,-0.0001,0.0
14.815,FLIGHT,0.9595,1.5497,0.1601,0.1813,0.1568,0.1772,-0.0121,-0.1905,0.006,0.0145,1.0328,-0.0415,1.5799,0.000232,-0.0001,0.0
14.82,FLIGHT,0.9603,1.5506,0.1565,0.1768,0.1533,0.1729,-0.0121,-0.1905,0.0059,0.0142,1.0325,-0.0418,1.5802,0.000231,-0.0001,0.0
14.825,FLIGHT,0.9611,1.5515,0.1529,0.1725,0.1498,0.1686,-0.012,-0.1904,0.0058,0.0138,1.0322,-0.0421,1.5806,0.000231,-0.0001,0.0
14.83,FLIGHT,0.9618,1.5523,0.1495,0.1682,0.1464,0.1644,-0.012,-0.1903,0.0057,0.0135,1.0319,-0.0424,1.581,0.00023,-0.0001,0.0
14.835,FLIGHT,0.9625,1.5531,0.1461,0.164,0.1431,0.1602,-0.012,-0.1903,0.0056,0.0131,1.0316,-0.0426,1.5813,0.00023,-0.0001,0.0
14.84,FLIGHT,0.9632,1.5539,0.1428,0.1598,0.1399,0.1562,-0.012,-0.1902,0.0055,0.0128,1.0312,-0.0429,1.5816,0.000229,-0.0001,0.0
14.845,FLIGHT,0.9639,1.5547,0.1396,0.1558,0.1368,0.1522,-0.0119,-0.1901,0.0054,0.0125,1.0308,-0.0432,1.582,0.000229,-0.0001,0.0
14.85,FLIGHT,0.9646,1.5554,0.1365,0.1519,0.1337,0.1484,-0.0119,-0.1901,0.0054,0.0122,1.0304,-0.0434,1.5823,0.000228,-0.0001,0.0
14.855,FLIGHT,0.9653,1.5562,0.1334,0.148,0.1307,0.1446,-0.0119,-0.19,0.0053,0.0119,1.03,-0.0437,1.5826,0.000228,-0.0001,0.0
14.86,FLIGHT,0.9659,1.5569,0.1304,0.1442,0.1277,0.1409,-0.0119,-0.19,0.0052,0.0116,1.0296,-0.0439,1.5829,0.000227,-0.0001,0.0
14.865,FLIGHT,0.9666,1.5576,0.1274,0.1405,0.1248,0.1373,-0.0118,-0.1899,0.0052,0.0113,1.0291,-0.0441,1.5832,0.000227,-0.0001,0.0
14.87,FLIGHT,0.9672,1.5582,0.1246,0.1369,0.122,0.1337,-0.0118,-0.1899,0.0051,0.011,1.0286,-0.0444,1.5835,0.000227,-0.0001,0.0
14.875,FLIGHT,0.9678,1.5589,0.1218,0.1334,0.1193,0.1303,-0.0118,-0.1898,0.0051,0.0107,1.0281,-0.0446,1.5838,0.000226,-0.0001,0.0
14.88,FLIGHT,0.9684,1.5596,0.119,0.13,0.1166,0.1269,-0.0118,-0.1897,0.005,0.0104,1.0276,-0.0448,1.5841,0.000226,-0.0001,0.0
14.885,FLIGHT,0.9689,1.5602,0.1164,0.1266,0.114,0.1237,-0.0117,-0.1897,0.0049,0.0101,1.027,-0.045,1.5844,0.000225,-0.0001,0.0
14.89,FLIGHT,0.9695,1.5608,0.1138,0.1234,0.1114,0.1205,-0.0117,-0.1896,0.0049,0.0099,1.0265,-0.0452,1.5846,0.000225,-0.0001,0.0
14.895,FLIGHT,0.9701,1.5614,0.1112,0.1202,0.109,0.1174,-0.0117,-0.1896,0.0048,0.0096,1.0259,-0.0454,1.5849,0.000225,-0.0001,0.0
14.9,FLIGHT,0.9706,1.562,0.1087,0.1171,0.1065,0.1143,-0.0117,-0.1896,0.0048,0.0094,1.0253,-0.0456,1.5852,0.000224,-0.0001,0.0
14.905,FLIGHT,0.9711,1.5625,0.1063,0.1141,0.1041,0.1114,-0.0116,-0.1895,0.0047,0.0091,1.0247,-0.0458,1.5854,0.000224,-0.0001,0.0
14.91,FLIGHT,0.9716,1.5631,0.1039,0.1111,0.1018,0.1085,-0.0116,-0.1895,0.0047,0.0089,1.024,-0.046,1.5857,0.000224,-0.0001,0.0
14.915,FLIGHT,0.9721,1.5636,0.1016,0.1082,0.0995,0.1057,-0.0116,-0.1894,0.0046,0.0087,1.0234,-0.0462,1.5859,0.000223,-0.0001,0.0
14.92,FLIGHT,0.9726,1.5641,0.0993,0.1054,0.0973,0.103,-0.0116,-0.1894,0.0045,0.0084,1.0227,-0.0464,1.5861,0.000223,-0.0001,0.0
14.925,FLIGHT,0.9731,1.5646,0.0971,0.1027,0.0951,0.1003,-0.0115,-0.1893,0.0045,0.0082,1.022,-0.0466,1.5864,0.000223,-0.0001,0.0
14.93,FLIGHT,0.9736,1.5651,0.0949,0.1001,0.093,0.0977,-0.0115,-0.1893,0.0044,0.008,1.0213,-0.0468,1.5866,0.000222,-0.0001,0.0
14.935,FLIGHT,0.974,1.5656,0.0928,0.0975,0.0909,0.0952,-0.0115,-0.1893,0.0044,0.0078,1.0206,-0.047,1.5868,0.000222,-0.0001,0.0
14.94,FLIGHT,0.9745,1.5661,0.0907,0.095,0.0889,0.0928,-0.0115,-0.1892,0.0043,0.0076,1.0198,-0.0471,1.587,0.000222,-0.0001,0.0
14.945,FLIGHT,0.9749,1.5665,0.0887,0.0925,0.0869,0.0904,-0.0115,-0.1892,0.0043,0.0074,1.0191,-0.0473,1.5872,0.000222,-0.0001,0.0
14.95,FLIGHT,0.9754,1.567,0.0867,0.0902,0.085,0.0881,-0.0114,-0.1892,0.0042,0.0072,1.0183,-0.0475,1.5874,0.000221,-0.0,0.0
14.955,FLIGHT,0.9758,1.5674,0.0848,0.0878,0.0831,0.0858,-0.0114,-0.1891,0.0041,0.007,1.0175,-0.0476,1.5876,0.000221,-0.0,0.0
14.96,FLIGHT,0.9762,1.5679,0.0829,0.0856,0.0812,0.0836,-0.0114,-0.1891,0.0041,0.0068,1.0167,-0.0478,1.5878,0.000221,-0.0,0.0
14.965,FLIGHT,0.9766,1.5683,0.081,0.0834,0.0794,0.0815,-0.0114,-0.1891,0.004,0.0067,1.0158,-0.048,1.588,0.000221,-0.0,0.0
14.97,FLIGHT,0.977,1.5687,0.0792,0.0813,0.0776,0.0794,-0.0114,-0.189,0.004,0.0065,1.015,-0.0481,1.5882,0.00022,-0.0,0.0
14.975,FLIGHT,0.9774,1.5691,0.0775,0.0792,0.0759,0.0774,-0.0113,-0.189,0.0039,0.0063,1.0141,-0.0483,1.5884,0.00022,-0.0,0.0
14.98,FLIGHT,0.9777,1.5694,0.0757,0.0772,0.0742,0.0754,-0.0113,-0.189,0.0039,0.0062,1.0133,-0.0484,1.5886,0.00022,-0.0,0.0
14.985,FLIGHT,0.9781,1.5698,0.074,0.0753,0.0725,0.0735,-0.0113,-0.1889,0.0038,0.006,1.0124,-0.0486,1.5888,0.00022,-0.0,0.0
14.99,FLIGHT,0.9785,1.5702,0.0724,0.0734,0.0709,0.0717,-0.0113,-0.1889,0.0037,0.0059,1.0114,-0.0487,1.5889,0.00022,-0.0,0.0
14.995,FLIGHT,0.9788,1.5705,0.0707,0.0715,0.0693,0.0699,-0.0113,-0.1889,0.0037,0.0057,1.0105,-0.0489,1.5891,0.000219,-0.0,0.0
15.0,FLIGHT,0.9792,1.5709,0.0692,0.0697,0.0677,0.0681,-0.0112,-0.1888,0.0036,0.0056,1.0096,-0.049,1.5893,0.000219,-0.0,0.0
15.005,FLIGHT,0.9795,1.5712,0.0676,0.068,0.0662,0.0664,-0.0112,-0.1888,0.0036,0.0054,1.0086,-0.0491,1.5894,0.000219,-0.0,0.0
15.01,FLIGHT,0.9798,1.5715,0.0661,0.0663,0.0647,0.0648,-0.0112,-0.1888,0.0035,0.0053,1.0076,-0.0493,1.5896,0.000219,-0.0,0.0
15.015,FLIGHT,0.9801,1.5719,0.0646,0.0646,0.0632,0.0632,-0.0112,-0.1888,0.0034,0.0052,1.0067,-0.0494,1.5898,0.000219,-0.0,0.0
15.02,FLIGHT,0.9805,1.5722,0.0631,0.063,0.0618,0.0616,-0.0112,-0.1887,0.0034,0.005,1.0057,-0.0495,1.5899,0.000219,-0.0,0.0
15.025,FLIGHT,0.9808,1.5725,0.0617,0.0615,0.0604,0.0601,-0.0112,-0.1887,0.0033,0.0049,1.0046,-0.0497,1.5901,0.000218,-0.0,0.0
15.03,FLIGHT,0.9811,1.5728,0.0603,0.06,0.059,0.0586,-0.0111,-0.1887,0.0033,0.0048,1.0036,-0.0498,1.5902,0.000218,-0.0,0.0
15.035,FLIGHT,0.9814,1.5731,0.0589,0.0585,0.0576,0.0572,-0.0111,-0.1887,0.0032,0.0047,1.0026,-0.0499,1.5904,0.000218,-0.0,0.0
15.04,FLIGHT,0.9816,1.5733,0.0575,0.0571,0.0563,0.0558,-0.0111,-0.1886,0.0031,0.0045,1.0015,-0.0501,1.5905,0.000218,-0.0,0.0
15.045,FLIGHT,0.9819,1.5736,0.0562,0.0557,0.055,0.0545,-0.0111,-0.1886,0.0031,0.0044,1.0004,-0.0502,1.5907,0.000218,-0.0,0.0
15.05,STANCE,0.9824,1.5742,0.0968,0.1108,0.2746,0.3503,-0.0111,-0.1886,0.0033,0.009,0.9994,0.1314,-0.1625,3.7e-05,-0.1796,0.0359
15.055,STANCE,0.9862,1.5746,0.5941,0.046,1.1824,-0.3085,-0.0104,-0.1886,0.1058,-0.002,0.9987,-0.1646,-0.7368,-0.001464,-0.3706,0.0756
15.06,STANCE,0.9927,1.5714,1.056,-0.4234,0.7686,-0.4494,-0.0088,-0.1889,0.2573,-0.047,0.998,-0.6232,-1.1338,-0.003207,-0.1896,0.0411
15.065,STANCE,0.9944,1.5706,0.5405,-0.2192,0.1828,-0.0731,-0.0083,-0.189,0.1321,-0.024,0.998,-0.7335,-1.7477,-0.003496,0.0221,0.0035
15.07,STANCE,0.996,1.5692,0.4053,-0.2973,0.497,-0.581,-0.0078,-0.1892,0.1174,-0.0295,0.9983,-0.9969,-2.1166,-0.003236,0.0712,0.0032
15.075,STANCE,0.9987,1.5627,0.5117,-1.0494,0.7452,-1.5539,-0.0064,-0.1897,0.2417,-0.0947,0.9983,-1.3463,-1.9973,-0.002668,0.0951,0.0027
15.08,STANCE,1.0033,1.5522,0.7798,-1.854,0.7367,-3.008,-0.0041,-0.1907,0.4065,-0.1609,0.9982,-1.7161,-1.6195,-0.002851,-0.0088,0.0046
15.085,STANCE,1.0079,1.5396,0.8646,-2.3052,0.6653,-2.9834,-0.0015,-0.1917,0.4897,-0.1918,0.9982,-1.9001,-1.1871,-0.003057,0.0009,0.0031
15.09,STANCE,1.0115,1.5247,0.7605,-2.7627,0.6391,-2.9605,0.0013,-0.193,0.5391,-0.2201,0.9981,-1.8571,-0.6018,-0.00359,-0.0965,0.0229
15.095,STANCE,1.0137,1.5095,0.5312,-2.9442,0.1852,-3.1829,0.0039,-0.1941,0.5253,-0.2263,0.998,-1.5878,-0.0513,-0.003809,0.0196,0.0038
15.1,STANCE,1.0147,1.4949,0.3137,-2.9089,0.0,-2.985,0.0062,-0.1953,0.4818,-0.2171,0.9981,-1.1703,0.4264,-0.003955,-0.0239,0.0087
15.105,STANCE,1.0137,1.4797,-0.0385,-2.9784,-0.3087,-2.9781,0.0082,-0.1964,0.4262,-0.2185,0.998,-0.6057,0.9074,-0.004176,-0.0854,0.0213
15.11,STANCE,1.0115,1.4647,-0.3229,-2.986,-0.4147,-2.8227,0.01,-0.1975,0.3739,-0.2164,0.9979,-0.0761,1.2688,-0.00443,-0.1067,0.0258
15.115,STANCE,1.0095,1.451,-0.3754,-2.8054,-0.3578,-2.6246,0.0116,-0.1985,0.339,-0.1998,0.998,0.2155,1.4047,-0.00484,-0.065,0.0178
15.12,STANCE,1.0082,1.4386,-0.2853,-2.5785,-0.1577,-2.3641,0.0132,-0.1994,0.3251,-0.1791,0.9982,0.2117,1.362,-0.005128,-0.0511,0.0153
15.125,STANCE,1.0078,1.4273,-0.1292,-2.3521,0.012,-2.1672,0.0148,-0.2001,0.3243,-0.1581,0.9986,0.1501,1.2997,-0.005342,-0.0332,0.012
15.13,STANCE,1.0082,1.4168,0.0144,-2.1717,0.1273,-2.0336,0.0164,-0.2008,0.3278,-0.1404,0.999,0.0917,1.2537,-0.00545,-0.0093,0.0073
15.135,STANCE,1.009,1.4069,0.12,-2.0405,0.1966,-1.9415,0.0181,-0.2014,0.3308,-0.1267,0.9994,0.0474,1.226,-0.005429,0.0177,0.0054
15.14,STANCE,1.0101,1.3973,0.1875,-1.9453,0.2331,-1.8717,0.0197,-0.202,0.3315,-0.1161,0.9999,0.0177,1.2118,-0.005273,0.0446,0.0053
15.145,FLIGHT,1.0113,1.3881,0.2254,-1.8716,0.249,-1.8117,0.0214,-0.2025,0.3293,-0.1074,1.0003,-1.3475,2.5803,-0.004987,0.0692,0.005
15.15,FLIGHT,1.011,1.3813,-0.02,-1.4599,-0.5199,-0.7347,0.0224,-0.2029,0.2178,-0.0866,1.001,-1.3157,2.5463,-0.004491,0.1362,0.0045
15.155,FLIGHT,1.0063,1.3805,-0.6911,-0.5142,-1.3303,0.3749,0.0215,-0.2031,-0.0623,-0.0455,1.0019,-1.0656,2.3425,-0.003659,0.1919,0.0037
15.16,FLIGHT,0.9982,1.3845,-1.3515,0.4085,-1.872,1.1445,0.0193,-0.203,-0.3361,-0.001,1.0031,-0.7633,2.1005,-0.002621,0.2192,0.0026
15.165,FLIGHT,0.988,1.3914,-1.8253,1.0979,-2.1501,1.5934,0.0162,-0.2028,-0.5347,0.0408,1.0043,-0.4935,1.8862,-0.001507,0.223,0.0015
15.17,FLIGHT,0.977,1.4,-2.0808,1.5214,-2.2189,1.791,0.0127,-0.2024,-0.6472,0.0755,1.0057,-0.2841,1.7213,-0.000418,0.2107,0.0004
15.175,FLIGHT,0.9661,1.409,-2.1486,1.72,-2.1388,1.8156,0.0091,-0.2019,-0.687,0.1006,1.007,-0.1364,1.6062,0.000528,0.1515,0.0
15.18,FLIGHT,0.9558,1.4179,-2.0781,1.7557,-1.9693,1.7323,0.0057,-0.2013,-0.6745,0.1157,1.0083,-0.0398,1.5326,0.001104,0.0831,0.0
15.185,FLIGHT,0.9465,1.4263,-1.9215,1.6855,-1.7557,1.5899,0.0026,-0.2007,-0.6294,0.1218,1.0096,0.0192,1.4896,0.001398,0.0376,0.0
15.19,FLIGHT,0.9383,1.4338,-1.719,1.5556,-1.5261,1.4232,-0.0001,-0.2002,-0.5672,0.1207,1.0108,0.0522,1.4677,0.001507,0.0084,0.0
15.195,FLIGHT,0.9312,1.4405,-1.4983,1.399,-1.2987,1.254,-0.0025,-0.1996,-0.4982,0.1149,1.012,0.068,1.4596,0.001501,-0.0095,0.0019
15.2,FLIGHT,0.9252,1.4463,-1.2778,1.2375,-1.084,1.0952,-0.0045,-0.1991,-0.4294,0.1061,1.0131,0.073,1.46,0.001425,-0.0198,0.004
15.205,FLIGHT,0.9203,1.4515,-1.0682,1.0843,-0.8875,0.9532,-0.0062,-0.1987,-0.3646,0.0961,1.0142,0.0715,1.4652,0.001312,-0.0249,0.005
15.21,FLIGHT,0.9163,1.4559,-0.8755,0.9462,-0.7114,0.8305,-0.0076,-0.1983,-0.3059,0.0859,1.0151,0.0665,1.4729,0.001182,-0.0267,0.0053
15.215,FLIGHT,0.9132,1.4598,-0.7022,0.8263,-0.5559,0.7272,-0.0088,-0.1979,-0.2541,0.0762,1.0161,0.0598,1.4814,0.001049,-0.0264,0.0053
15.22,FLIGHT,0.9107,1.4632,-0.5487,0.7247,-0.42,0.6418,-0.0097,-0.1976,-0.209,0.0673,1.017,0.0524,1.49,0.00092,-0.0248,0.005
15.225,FLIGHT,0.9089,1.4662,-0.4143,0.6406,-0.3022,0.5725,-0.0105,-0.1973,-0.1704,0.0596,1.0178,0.045,1.4982,0.000802,-0.0226,0.0045
15.23,FLIGHT,0.9077,1.469,-0.2977,0.5721,-0.2006,0.5171,-0.0111,-0.1971,-0.1376,0.0529,1.0187,0.0379,1.5056,0.000695,-0.0199,0.004
15.235,FLIGHT,0.9069,1.4714,-0.197,0.5171,-0.1135,0.4734,-0.0116,-0.1969,-0.11,0.0474,1.0195,0.0313,1.5124,0.000602,-0.0172,0.0034
15.24,FLIGHT,0.9065,1.4737,-0.1106,0.4737,-0.0391,0.4394,-0.012,-0.1967,-0.0869,0.0428,1.0202,0.0253,1.5183,0.000523,-0.0145,0.0029
15.245,FLIGHT,0.9065,1.4758,-0.0367,0.4399,0.0243,0.4133,-0.0123,-0.1965,-0.0676,0.0391,1.0209,0.0199,1.5236,0.000457,-0.0119,0.0024
15.25,FLIGHT,0.9068,1.4779,0.0261,0.4139,0.0779,0.3936,-0.0125,-0.1963,-0.0516,0.0361,1.0216,0.015,1.5282,0.000403,-0.0097,0.0019
15.255,FLIGHT,0.9073,1.4798,0.0794,0.3942,0.1232,0.379,-0.0127,-0.1961,-0.0384,0.0338,1.0223,0.0105,1.5323,0.00036,-0.0077,0.0015
15.26,FLIGHT,0.908,1.4817,0.1244,0.3796,0.1612,0.3684,-0.0128,-0.196,-0.0276,0.032,1.023,0.0065,1.5359,0.000326,-0.006,0.0012
15.265,FLIGHT,0.9089,1.4835,0.1621,0.3689,0.1929,0.3608,-0.0129,-0.1958,-0.0187,0.0306,1.0236,0.0029,1.539,0.0003,-0.0046,0.0009
15.27,FLIGHT,0.9099,1.4853,0.1936,0.3613,0.2192,0.3556,-0.0129,-0.1957,-0.0115,0.0295,1.0242,-0.0004,1.5418,0.00028,-0.0035,0.0007
15.275,FLIGHT,0.9111,1.487,0.2197,0.356,0.2408,0.3522,-0.0129,-0.1956,-0.0057,0.0288,1.0248,-0.0033,1.5443,0.000265,-0.0026,0.0005
15.28,FLIGHT,0.9123,1.4888,0.2411,0.3525,0.2583,0.3499,-0.0129,-0.1954,-0.0011,0.0282,1.0254,-0.006,1.5466,0.000254,-0.0019,0.0004
15.285,FLIGHT,0.9136,1.4905,0.2584,0.3501,0.2724,0.3485,-0.0129,-0.1953,0.0026,0.0278,1.0259,-0.0085,1.5486,0.000246,-0.0013,0.0003
15.29,FLIGHT,0.915,1.4923,0.2723,0.3486,0.2834,0.3476,-0.0129,-0.1951,0.0055,0.0275,1.0264,-0.0107,1.5504,0.00024,-0.0009,0.0002
15.295,FLIGHT,0.9165,1.494,0.2832,0.3476,0.2918,0.3469,-0.0128,-0.195,0.0078,0.0273,1.0269,-0.0127,1.5521,0.000237,-0.0005,0.0001
15.3,FLIGHT,0.9179,1.4957,0.2916,0.3469,0.298,0.3464,-0.0128,-0.1949,0.0094,0.0272,1.0274,-0.0146,1.5536,0.000235,-0.0003,0.0001
15.305,FLIGHT,0.9194,1.4975,0.2977,0.3463,0.3023,0.3457,-0.0127,-0.1947,0.0107,0.0271,1.0278,-0.0163,1.555,0.000234,-0.0001,0.0
15.31,FLIGHT,0.921,1.4992,0.302,0.3456,0.305,0.3449,-0.0127,-0.1946,0.0116,0.027,1.0283,-0.0179,1.5562,0.000233,-0.0,0.0
15.315,FLIGHT,0.9225,1.5009,0.3046,0.3448,0.3063,0.3439,-0.0126,-0.1945,0.0122,0.0269,1.0287,-0.0193,1.5574,0.000234,0.0001,0.0
15.32,FLIGHT,0.924,1.5026,0.3058,0.3437,0.3064,0.3425,-0.0125,-0.1943,0.0125,0.0268,1.029,-0.0206,1.5586,0.000234,0.0001,0.0
15.325,FLIGHT,0.9256,1.5044,0.3059,0.3423,0.3055,0.3409,-0.0125,-0.1942,0.0127,0.0267,1.0294,-0.0219,1.5596,0.000235,0.0002,0.0
15.33,FLIGHT,0.9271,1.5061,0.305,0.3405,0.3038,0.3388,-0.0124,-0.1941,0.0127,0.0266,1.0297,-0.023,1.5606,0.000236,0.0002,0.0
15.335,FLIGHT,0.9286,1.5077,0.3033,0.3385,0.3014,0.3364,-0.0123,-0.1939,0.0126,0.0265,1.0301,-0.0241,1.5616,0.000237,0.0002,0.0
15.34,FLIGHT,0.9301,1.5094,0.3008,0.336,0.2983,0.3337,-0.0123,-0.1938,0.0125,0.0263,1.0304,-0.0251,1.5625,0.000238,0.0002,0.0
15.345,FLIGHT,0.9316,1.5111,0.2978,0.3332,0.2948,0.3306,-0.0122,-0.1937,0.0122,0.0261,1.0306,-0.0261,1.5633,0.000238,0.0002,0.0
15.35,FLIGHT,0.933,1.5127,0.2943,0.3301,0.2909,0.3272,-0.0122,-0.1935,0.0119,0.0259,1.0309,-0.027,1.5642,0.000239,0.0001,0.0
15.355,FLIGHT,0.9345,1.5143,0.2904,0.3267,0.2867,0.3235,-0.0121,-0.1934,0.0116,0.0257,1.0311,-0.0278,1.565,0.00024,0.0001,0.0
15.36,FLIGHT,0.9359,1.516,0.2861,0.323,0.2822,0.3195,-0.0121,-0.1933,0.0113,0.0254,1.0313,-0.0286,1.5657,0.00024,0.0001,0.0
15.365,FLIGHT,0.9373,1.5175,0.2816,0.3189,0.2775,0.3152,-0.012,-0.1932,0.0109,0.0251,1.0315,-0.0293,1.5665,0.000241,0.0001,0.0
15.37,FLIGHT,0.9387,1.5191,0.2769,0.3147,0.2726,0.3108,-0.0119,-0.193,0.0106,0.0248,1.0316,-0.03,1.5672,0.000241,0.0,0.0
15.375,FLIGHT,0.94,1.5206,0.2721,0.3102,0.2676,0.3061,-0.0119,-0.1929,0.0102,0.0245,1.0318,-0.0307,1.5679,0.000241,0.0,0.0
15.38,FLIGHT,0.9414,1.5222,0.2671,0.3055,0.2626,0.3012,-0.0118,-0.1928,0.0099,0.0242,1.0319,-0.0314,1.5686,0.000241,0.0,0.0
15.385,FLIGHT,0.9427,1.5237,0.262,0.3006,0.2575,0.2962,-0.0118,-0.1927,0.0095,0.0238,1.032,-0.032,1.5692,0.000241,-0.0,0.0
15.39,FLIGHT,0.9439,1.5251,0.2569,0.2956,0.2523,0.291,-0.0118,-0.1926,0.0092,0.0234,1.032,-0.0326,1.5699,0.000241,-0.0,0.0
15.395,FLIGHT,0.9452,1.5266,0.2518,0.2904,0.2471,0.2858,-0.0117,-0.1924,0.0089,0.0231,1.0321,-0.0331,1.5705,0.000241,-0.0,0.0
15.4,FLIGHT,0.9464,1.528,0.2466,0.2852,0.242,0.2804,-0.0117,-0.1923,0.0086,0.0227,1.0321,-0.0337,1.5711,0.000241,-0.0,0.0
15.405,FLIGHT,0.9476,1.5294,0.2415,0.2798,0.2369,0.275,-0.0116,-0.1922,0.0083,0.0223,1.0321,-0.0342,1.5717,0.000241,-0.0001,0.0
15.41,FLIGHT,0.9488,1.5307,0.2364,0.2744,0.2318,0.2696,-0.0116,-0.1921,0.008,0.0219,1.032,-0.0347,1.5723,0.00024,-0.0001,0.0
15.415,FLIGHT,0.9499,1.5321,0.2313,0.269,0.2268,0.2641,-0.0115,-0.192,0.0078,0.0214,1.032,-0.0352,1.5729,0.00024,-0.0001,0.0
15.42,FLIGHT,0.951,1.5334,0.2263,0.2635,0.2218,0.2586,-0.0115,-0.1919,0.0076,0.021,1.0319,-0.0356,1.5734,0.000239,-0.0001,0.0
15.425,FLIGHT,0.9521,1.5347,0.2213,0.258,0.2169,0.253,-0.0115,-0.1918,0.0073,0.0206,1.0318,-0.0361,1.574,0.000239,-0.0001,0.0
15.43,FLIGHT,0.9532,1.5359,0.2164,0.2525,0.2121,0.2475,-0.0114,-0.1917,0.0071,0.0202,1.0317,-0.0365,1.5745,0.000239,-0.0001,0.0
15.435,FLIGHT,0.9543,1.5371,0.2116,0.247,0.2073,0.2421,-0.0114,-0.1916,0.0069,0.0197,1.0315,-0.0369,1.575,0.000238,-0.0001,0.0
15.44,FLIGHT,0.9553,1.5383,0.2068,0.2415,0.2026,0.2366,-0.0114,-0.1915,0.0067,0.0193,1.0314,-0.0373,1.5755,0.000238,-0.0001,0.0
15.445,FLIGHT,0.9563,1.5395,0.2022,0.2361,0.198,0.2312,-0.0113,-0.1914,0.0066,0.0189,1.0312,-0.0377,1.576,0.000237,-0.0001,0.0
15.45,FLIGHT,0.9573,1.5406,0.1976,0.2307,0.1935,0.2259,-0.0113,-0.1913,0.0064,0.0185,1.031,-0.0381,1.5765,0.000236,-0.0001,0.0
15.455,FLIGHT,0.9582,1.5418,0.1931,0.2254,0.1891,0.2206,-0.0113,-0.1912,0.0063,0.0181,1.0307,-0.0385,1.5769,0.000236,-0.0001,0.0
15.46,FLIGHT,0.9592,1.5428,0.1887,0.2201,0.1847,0.2154,-0.0112,-0.1912,0.0061,0.0177,1.0305,-0.0389,1.5774,0.000235,-0.0001,0.0
15.465,FLIGHT,0.9601,1.5439,0.1843,0.2149,0.1805,0.2102,-0.0112,-0.1911,0.006,0.0172,1.0302,-0.0392,1.5779,0.000235,-0.0001,0.0
15.47,FLIGHT,0.961,1.5449,0.1801,0.2097,0.1763,0.2052,-0.0112,-0.191,0.0059,0.0168,1.0299,-0.0396,1.5783,0.000234,-0.0001,0.0
15.475,FLIGHT,0.9618,1.546,0.1759,0.2047,0.1722,0.2002,-0.0112,-0.1909,0.0058,0.0164,1.0296,-0.0399,1.5787,0.000234,-0.0001,0.0
15.48,FLIGHT,0.9627,1.547,0.1719,0.1997,0.1683,0.1953,-0.0111,-0.1908,0.0056,0.016,1.0292,-0.0402,1.5791,0.000233,-0.0001,0.0
15.485,FLIGHT,0.9635,1.5479,0.1679,0.1948,0.1644,0.1904,-0.0111,-0.1907,0.0055,0.0157,1.0289,-0.0406,1.5796,0.000233,-0.0001,0.0
15.49,FLIGHT,0.9643,1.5489,0.164,0.19,0.1605,0.1857,-0.0111,-0.1907,0.0054,0.0153,1.0285,-0.0409,1.5799,0.000232,-0.0001,0.0
15.495,FLIGHT,0.9651,1.5498,0.1602,0.1853,0.1568,0.1811,-0.011,-0.1906,0.0053,0.0149,1.0281,-0.0412,1.5803,0.000232,-0.0001,0.0
15.5,FLIGHT,0.9659,1.5507,0.1564,0.1806,0.1532,0.1765,-0.011,-0.1905,0.0053,0.0145,1.0276,-0.0415,1.5807,0.000231,-0.0001,0.0
15.505,FLIGHT,0.9666,1.5515,0.1528,0.1761,0.1496,0.1721,-0.011,-0.1905,0.0052,0.0142,1.0272,-0.0418,1.5811,0.000231,-0.0001,0.0
15.51,FLIGHT,0.9674,1.5524,0.1492,0.1716,0.1461,0.1677,-0.011,-0.1904,0.0051,0.0138,1.0267,-0.042,1.5815,0.00023,-0.0001,0.0
15.515,FLIGHT,0.9681,1.5532,0.1458,0.1673,0.1427,0.1634,-0.0109,-0.1903,0.005,0.0135,1.0262,-0.0423,1.5818,0.00023,-0.0001,0.0
15.52,FLIGHT,0.9688,1.554,0.1424,0.163,0.1394,0.1593,-0.0109,-0.1903,0.0049,0.0131,1.0257,-0.0426,1.5822,0.000229,-0.0001,0.0
15.525,FLIGHT,0.9695,1.5548,0.139,0.1589,0.1361,0.1552,-0.0109,-0.1902,0.0049,0.0128,1.0252,-0.0429,1.5825,0.000229,-0.0001,0.0
15.53,FLIGHT,0.9702,1.5556,0.1358,0.1548,0.1329,0.1512,-0.0109,-0.1901,0.0048,0.0125,1.0247,-0.0431,1.5828,0.000228,-0.0001,0.0
15.535,FLIGHT,0.9708,1.5563,0.1326,0.1508,0.1298,0.1473,-0.0108,-0.1901,0.0047,0.0121,1.0241,-0.0434,1.5831,0.000228,-0.0001,0.0
15.54,FLIGHT,0.9715,1.557,0.1295,0.1469,0.1268,0.1435,-0.0108,-0.19,0.0046,0.0118,1.0235,-0.0436,1.5835,0.000227,-0.0001,0.0
15.545,FLIGHT,0.9721,1.5578,0.1265,0.1432,0.1238,0.1398,-0.0108,-0.19,0.0046,0.0115,1.0229,-0.0439,1.5838,0.000227,-0.0001,0.0
15.55,FLIGHT,0.9727,1.5584,0.1235,0.1395,0.1209,0.1362,-0.0108,-0.1899,0.0045,0.0112,1.0223,-0.0441,1.5841,0.000226,-0.0001,0.0
15.555,FLIGHT,0.9733,1.5591,0.1206,0.1359,0.1181,0.1327,-0.0108,-0.1898,0.0045,0.0109,1.0216,-0.0443,1.5844,0.000226,-0.0001,0.0
15.56,FLIGHT,0.9739,1.5598,0.1178,0.1323,0.1153,0.1292,-0.0107,-0.1898,0.0044,0.0107,1.021,-0.0446,1.5847,0.000226,-0.0001,0.0
15.565,FLIGHT,0.9745,1.5604,0.1151,0.1289,0.1126,0.1259,-0.0107,-0.1897,0.0043,0.0104,1.0203,-0.0448,1.5849,0.000225,-0.0001,0.0
15.57,FLIGHT,0.975,1.561,0.1124,0.1256,0.11,0.1226,-0.0107,-0.1897,0.0043,0.0101,1.0196,-0.045,1.5852,0.000225,-0.0001,0.0
15.575,FLIGHT,0.9756,1.5616,0.1097,0.1223,0.1074,0.1194,-0.0107,-0.1896,0.0042,0.0099,1.0189,-0.0452,1.5855,0.000224,-0.0001,0.0
15.58,FLIGHT,0.9761,1.5622,0.1072,0.1191,0.1049,0.1163,-0.0107,-0.1896,0.0041,0.0096,1.0182,-0.0454,1.5857,0.000224,-0.0001,0.0
15.585,FLIGHT,0.9766,1.5628,0.1047,0.1161,0.1024,0.1133,-0.0106,-0.1895,0.0041,0.0094,1.0174,-0.0456,1.586,0.000224,-0.0001,0.0
15.59,FLIGHT,0.9771,1.5634,0.1022,0.113,0.1,0.1104,-0.0106,-0.1895,0.004,0.0091,1.0167,-0.0458,1.5862,0.000223,-0.0001,0.0
15.595,FLIGHT,0.9776,1.5639,0.0998,0.1101,0.0977,0.1075,-0.0106,-0.1895,0.004,0.0089,1.0159,-0.046,1.5865,0.000223,-0.0001,0.0
15.6,FLIGHT,0.9781,1.5644,0.0975,0.1073,0.0954,0.1047,-0.0106,-0.1894,0.0039,0.0086,1.0151,-0.0462,1.5867,0.000223,-0.0001,0.0
15.605,FLIGHT,0.9786,1.5649,0.0952,0.1045,0.0931,0.102,-0.0106,-0.1894,0.0038,0.0084,1.0142,-0.0464,1.587,0.000222,-0.0001,0.0
15.61,FLIGHT,0.979,1.5655,0.0929,0.1018,0.0909,0.0994,-0.0105,-0.1893,0.0038,0.0082,1.0134,-0.0466,1.5872,0.000222,-0.0001,0.0
15.615,FLIGHT,0.9795,1.5659,0.0907,0.0991,0.0888,0.0968,-0.0105,-0.1893,0.0037,0.008,1.0126,-0.0468,1.5874,0.000222,-0.0001,0.0
15.62,FLIGHT,0.9799,1.5664,0.0886,0.0966,0.0867,0.0943,-0.0105,-0.1893,0.0037,0.0078,1.0117,-0.047,1.5876,0.000221,-0.0001,0.0
15.625,FLIGHT,0.9803,1.5669,0.0865,0.0941,0.0846,0.0919,-0.0105,-0.1892,0.0036,0.0076,1.0108,-0.0471,1.5878,0.000221,-0.0001,0.0
15.63,FLIGHT,0.9808,1.5673,0.0844,0.0917,0.0826,0.0895,-0.0105,-0.1892,0.0035,0.0074,1.0099,-0.0473,1.5881,0.000221,-0.0001,0.0
15.635,FLIGHT,0.9812,1.5678,0.0824,0.0893,0.0807,0.0872,-0.0104,-0.1891,0.0035,0.0072,1.009,-0.0475,1.5883,0.000221,-0.0001,0.0
15.64,FLIGHT,0.9816,1.5682,0.0805,0.087,0.0788,0.085,-0.0104,-0.1891,0.0034,0.007,1.0081,-0.0476,1.5885,0.00022,-0.0,0.0
15.645,FLIGHT,0.982,1.5686,0.0786,0.0848,0.0769,0.0828,-0.0104,-0.1891,0.0033,0.0068,1.0071,-0.0478,1.5887,0.00022,-0.0,0.0
15.65,FLIGHT,0.9823,1.569,0.0767,0.0826,0.075,0.0807,-0.0104,-0.189,0.0033,0.0067,1.0062,-0.048,1.5888,0.00022,-0.0,0.0
15.655,FLIGHT,0.9827,1.5694,0.0749,0.0805,0.0732,0.0787,-0.0104,-0.189,0.0032,0.0065,1.0052,-0.0481,1.589,0.00022,-0.0,0.0
15.66,FLIGHT,0.9831,1.5698,0.0731,0.0785,0.0715,0.0767,-0.0104,-0.189,0.0032,0.0063,1.0042,-0.0483,1.5892,0.000219,-0.0,0.0
15.665,FLIGHT,0.9834,1.5702,0.0713,0.0765,0.0698,0.0747,-0.0103,-0.1889,0.0031,0.0062,1.0032,-0.0484,1.5894,0.000219,-0.0,0.0
15.67,FLIGHT,0.9838,1.5706,0.0696,0.0745,0.0681,0.0728,-0.0103,-0.1889,0.003,0.006,1.0021,-0.0486,1.5896,0.000219,-0.0,0.0
15.675,FLIGHT,0.9841,1.5709,0.0679,0.0727,0.0664,0.071,-0.0103,-0.1889,0.003,0.0059,1.0011,-0.0487,1.5897,0.000219,-0.0,0.0
15.68,FLIGHT,0.9844,1.5713,0.0663,0.0708,0.0648,0.0692,-0.0103,-0.1889,0.0029,0.0057,1.0001,-0.0489,1.5899,0.000219,-0.0,0.0
15.685,STANCE,0.9858,1.5723,0.2431,0.1731,0.6667,0.161,-0.0102,-0.1888,0.0224,0.0131,0.9992,0.0502,-0.4126,-0.000414,-0.2794,0.0563
15.69,STANCE,0.9912,1.5711,0.8521,-0.1563,1.4476,-0.6906,-0.009,-0.1889,0.1823,-0.0216,0.9984,-0.3775,-0.8817,-0.002115,-0.3752,0.0772
15.695,STANCE,0.9971,1.5676,0.991,-0.4787,0.4649,-0.2509,-0.0074,-0.1893,0.2533,-0.0495,0.9979,-0.7564,-1.3038,-0.003469,-0.0819,0.0199
15.7,STANCE,0.9983,1.567,0.4856,-0.2318,0.2399,-0.1733,-0.0071,-0.1894,0.1238,-0.0238,0.9981,-0.8842,-1.8831,-0.003449,0.0559,0.0034
15.705,STANCE,1.0004,1.5648,0.4562,-0.4184,0.5741,-0.8686,-0.0064,-0.1896,0.1441,-0.0394,0.9983,-1.1908,-2.1288,-0.003073,0.0963,0.0031
15.71,STANCE,1.0034,1.5569,0.5824,-1.2158,0.9132,-1.7475,-0.0047,-0.1903,0.2794,-0.107,0.9984,-1.5322,-1.8987,-0.002521,-0.0169,0.0059
15.715,STANCE,1.008,1.545,0.7935,-2.0956,0.8585,-2.6166,-0.0022,-0.1913,0.4453,-0.1765,0.9982,-1.8447,-1.4015,-0.002941,-0.0561,0.0142
15.72,STANCE,1.012,1.5321,0.7686,-2.4515,0.6713,-2.7787,0.0004,-0.1924,0.4946,-0.1983,0.9982,-1.9183,-0.9503,-0.003136,-0.0689,0.0169
15.725,STANCE,1.0147,1.5178,0.5994,-2.7427,0.4386,-2.8645,0.0029,-0.1935,0.5077,-0.2138,0.9981,-1.7673,-0.4052,-0.003522,-0.0586,0.0152
15.73,STANCE,1.016,1.503,0.3436,-2.8943,0.0162,-3.0982,0.0053,-0.1946,0.4838,-0.219,0.998,-1.4122,0.1386,-0.003819,-0.0748,0.0188
15.735,STANCE,1.0158,1.4882,0.0714,-2.9459,-0.0523,-2.8192,0.0074,-0.1958,0.4416,-0.218,0.998,-0.9198,0.6377,-0.004081,-0.0381,0.0117
15.74,STANCE,1.0146,1.4737,-0.1628,-2.9148,-0.4262,-2.9616,0.0093,-0.1968,0.3939,-0.2121,0.9979,-0.3888,1.0421,-0.004343,-0.0316,0.0107
15.745,STANCE,1.0125,1.4596,-0.3217,-2.8324,-0.3959,-2.7179,0.0109,-0.1978,0.3527,-0.2031,0.9979,0.0523,1.3108,-0.004888,-0.1221,0.0293
15.75,STANCE,1.0108,1.4465,-0.3309,-2.6761,-0.2697,-2.5053,0.0125,-0.1988,0.3297,-0.1883,0.998,0.2233,1.3812,-0.005394,-0.0861,0.0226
15.755,STANCE,1.0099,1.4346,-0.2132,-2.4689,-0.0816,-2.2807,0.0141,-0.1996,0.3242,-0.1688,0.9982,0.1784,1.3281,-0.005771,-0.0645,0.0187
15.76,STANCE,1.0099,1.4236,-0.0657,-2.274,0.0597,-2.1168,0.0158,-0.2003,0.3263,-0.1501,0.9985,0.1195,1.2776,-0.00603,-0.0383,0.0137
15.765,STANCE,1.0105,1.4133,0.0577,-2.1206,0.1516,-2.0024,0.0174,-0.201,0.3296,-0.1345,0.9989,0.0688,1.2419,-0.006148,-0.0085,0.0079
15.77,STANCE,1.0114,1.4035,0.1437,-2.0068,0.2045,-1.9193,0.0191,-0.2016,0.3313,-0.1223,0.9993,0.0321,1.2209,-0.006114,0.022,0.0061
15.775,STANCE,1.0125,1.3941,0.1963,-1.9208,0.231,-1.8526,0.0207,-0.2021,0.3303,-0.1126,0.9997,0.0084,1.2101,-0.005931,0.0507,0.0059
15.78,STANCE,1.0136,1.385,0.2243,-1.851,0.2412,-1.793,0.0223,-0.2027,0.3266,-0.1045,1.0001,-0.0058,1.2049,-0.005613,0.0761,0.0056
15.785,STANCE,1.0149,1.3762,0.2366,-1.7893,0.2425,-1.7361,0.0239,-0.2032,0.3209,-0.0975,1.0005,-0.0138,1.2023,-0.005177,0.0975,0.0052
15.79,FLIGHT,1.0156,1.3682,0.1595,-1.6258,-0.1776,-1.1317,0.0253,-0.2036,0.2812,-0.0875,1.001,-1.4579,2.6501,-0.004619,0.1406,0.0046
15.795,FLIGHT,1.0123,1.3658,-0.4564,-0.7709,-1.1311,0.147,0.025,-0.2038,0.0249,-0.0549,1.0018,-1.2556,2.4843,-0.003743,0.2052,0.0037
15.8,FLIGHT,1.0048,1.3691,-1.2018,0.2409,-1.824,1.0889,0.0229,-0.2038,-0.2816,-0.0136,1.0028,-0.9363,2.2297,-0.002617,0.2405,0.0026
15.805,FLIGHT,0.9945,1.3761,-1.7939,1.0616,-2.2225,1.6723,0.0198,-0.2036,-0.5259,0.0289,1.004,-0.6272,1.9851,-0.001384,0.2487,0.0014
15.81,FLIGHT,0.983,1.3853,-2.1533,1.6002,-2.3716,1.9583,0.0161,-0.2032,-0.6777,0.0676,1.0053,-0.3772,1.7884,-0.000163,0.2372,0.0002
15.815,FLIGHT,0.9711,1.3953,-2.2935,1.8799,-2.3343,2.032,0.0122,-0.2027,-0.7443,0.0982,1.0066,-0.1961,1.647,0.000828,0.1511,0.0
15.82,FLIGHT,0.9598,1.4054,-2.2657,1.962,-2.1835,1.9665,0.0084,-0.2022,-0.7467,0.1189,1.0079,-0.0745,1.5536,0.001393,0.0798,0.0
15.825,FLIGHT,0.9494,1.4149,-2.128,1.9105,-1.9704,1.8216,0.0049,-0.2016,-0.7072,0.1294,1.0091,0.0018,1.497,0.001667,0.0329,0.0
15.83,FLIGHT,0.9402,1.4235,-1.9273,1.7796,-1.7303,1.64,0.0018,-0.2009,-0.6442,0.1314,1.0103,0.0459,1.4664,0.001751,0.0031,0.0
15.835,FLIGHT,0.9321,1.4313,-1.6975,1.61,-1.4862,1.4497,-0.001,-0.2004,-0.5705,0.1272,1.0115,0.0685,1.4533,0.001717,-0.015,0.003
15.84,FLIGHT,0.9253,1.438,-1.4615,1.4289,-1.2521,1.2674,-0.0033,-0.1998,-0.495,0.1191,1.0125,0.0773,1.4511,0.001614,-0.0251,0.005
15.845,FLIGHT,0.9196,1.444,-1.2335,1.2534,-1.0358,1.102,-0.0053,-0.1993,-0.4227,0.1088,1.0135,0.0777,1.4552,0.001475,-0.0298,0.006
15.85,FLIGHT,0.9149,1.4491,-1.0217,1.0929,-0.8406,0.9575,-0.0069,-0.1989,-0.3565,0.0978,1.0145,0.0735,1.4628,0.001321,-0.0312,0.0062
15.855,FLIGHT,0.9111,1.4536,-0.8298,0.9518,-0.6674,0.8346,-0.0083,-0.1984,-0.2976,0.087,1.0154,0.0668,1.4718,0.001167,-0.0304,0.0061
15.86,FLIGHT,0.9082,1.4575,-0.659,0.8312,-0.5155,0.7322,-0.0094,-0.1981,-0.2461,0.0769,1.0162,0.0591,1.4811,0.00102,-0.0283,0.0057
15.865,FLIGHT,0.9059,1.4609,-0.5089,0.7302,-0.3834,0.6482,-0.0103,-0.1978,-0.2018,0.068,1.017,0.0512,1.49,0.000885,-0.0256,0.0051
15.87,FLIGHT,0.9043,1.464,-0.3782,0.6473,-0.2693,0.5804,-0.0111,-0.1975,-0.1641,0.0602,1.0178,0.0436,1.4983,0.000764,-0.0226,0.0045
15.875,FLIGHT,0.9032,1.4667,-0.2651,0.5801,-0.1712,0.5264,-0.0117,-0.1972,-0.1322,0.0536,1.0185,0.0365,1.5058,0.000658,-0.0195,0.0039
15.88,FLIGHT,0.9026,1.4693,-0.1678,0.5265,-0.0872,0.4838,-0.0122,-0.197,-0.1055,0.0481,1.0192,0.03,1.5125,0.000568,-0.0165,0.0033
15.885,FLIGHT,0.9023,1.4716,-0.0845,0.4841,-0.0156,0.4506,-0.0125,-0.1968,-0.0831,0.0436,1.0198,0.0241,1.5183,0.000493,-0.0137,0.0027
15.89,FLIGHT,0.9024,1.4738,-0.0134,0.4511,0.0452,0.4252,-0.0128,-0.1966,-0.0645,0.0399,1.0205,0.0187,1.5235,0.000431,-0.0111,0.0022
15.895,FLIGHT,0.9028,1.4759,0.047,0.4257,0.0967,0.4059,-0.013,-0.1964,-0.0491,0.037,1.0211,0.0139,1.5281,0.000382,-0.0088,0.0018
15.9,FLIGHT,0.9034,1.4779,0.0981,0.4064,0.1401,0.3915,-0.0132,-0.1963,-0.0364,0.0347,1.0216,0.0096,1.532,0.000343,-0.0069,0.0014
15.905,FLIGHT,0.9042,1.4798,0.1411,0.392,0.1764,0.3809,-0.0133,-0.1961,-0.0259,0.0329,1.0222,0.0057,1.5356,0.000312,-0.0053,0.0011
15.91,FLIGHT,0.9051,1.4817,0.1772,0.3813,0.2067,0.3733,-0.0134,-0.196,-0.0174,0.0315,1.0227,0.0021,1.5387,0.000289,-0.004,0.0008
15.915,FLIGHT,0.9062,1.4835,0.2073,0.3736,0.2317,0.3679,-0.0134,-0.1958,-0.0105,0.0305,1.0232,-0.001,1.5414,0.000271,-0.003,0.0006
15.92,FLIGHT,0.9074,1.4853,0.2321,0.3682,0.2522,0.3641,-0.0134,-0.1957,-0.0049,0.0297,1.0237,-0.0039,1.5439,0.000258,-0.0022,0.0004
15.925,FLIGHT,0.9087,1.4872,0.2524,0.3644,0.2688,0.3615,-0.0134,-0.1955,-0.0004,0.0291,1.0242,-0.0066,1.5461,0.000249,-0.0015,0.0003
15.93,FLIGHT,0.9101,1.489,0.2689,0.3617,0.282,0.3597,-0.0134,-0.1954,0.0032,0.0287,1.0246,-0.009,1.5481,0.000243,-0.001,0.0002
15.935,FLIGHT,0.9115,1.4908,0.2819,0.3598,0.2923,0.3584,-0.0133,-0.1952,0.006,0.0283,1.0251,-0.0111,1.5499,0.000239,-0.0007,0.0001
15.94,FLIGHT,0.913,1.4925,0.2921,0.3585,0.3001,0.3574,-0.0133,-0.1951,0.0081,0.0281,1.0255,-0.0131,1.5515,0.000236,-0.0004,0.0001
15.945,FLIGHT,0.9145,1.4943,0.2998,0.3573,0.3057,0.3564,-0.0132,-0.195,0.0097,0.0279,1.0258,-0.015,1.5531,0.000235,-0.0002,0.0
15.95,FLIGHT,0.9161,1.4961,0.3054,0.3563,0.3095,0.3553,-0.0132,-0.1948,0.0109,0.0278,1.0262,-0.0167,1.5545,0.000234,-0.0,0.0
15.955,FLIGHT,0.9176,1.4979,0.3092,0.3552,0.3118,0.3541,-0.0131,-0.1947,0.0118,0.0277,1.0265,-0.0182,1.5557,0.000235,0.0001,0.0
15.96,FLIGHT,0.9192,1.4997,0.3113,0.3539,0.3127,0.3527,-0.0131,-0.1945,0.0123,0.0276,1.0268,-0.0196,1.557,0.000235,0.0001,0.0
15.965,FLIGHT,0.9208,1.5014,0.3122,0.3524,0.3125,0.351,-0.013,-0.1944,0.0127,0.0275,1.0271,-0.021,1.5581,0.000236,0.0002,0.0
15.97,FLIGHT,0.9223,1.5032,0.3119,0.3507,0.3113,0.3489,-0.0129,-0.1943,0.0128,0.0273,1.0274,-0.0222,1.5591,0.000237,0.0002,0.0
15.975,FLIGHT,0.9239,1.5049,0.3107,0.3486,0.3093,0.3465,-0.0129,-0.1941,0.0128,0.0272,1.0276,-0.0233,1.5602,0.000238,0.0002,0.0
15.98,FLIGHT,0.9254,1.5066,0.3087,0.3461,0.3066,0.3438,-0.0128,-0.194,0.0127,0.027,1.0279,-0.0244,1.5611,0.000239,0.0002,0.0
15.985,FLIGHT,0.9269,1.5083,0.306,0.3434,0.3033,0.3407,-0.0127,-0.1939,0.0125,0.0268,1.0281,-0.0254,1.562,0.00024,0.0002,0.0
15.99,FLIGHT,0.9284,1.51,0.3028,0.3403,0.2996,0.3373,-0.0127,-0.1937,0.0123,0.0266,1.0283,-0.0264,1.5629,0.000241,0.0002,0.0
15.995,FLIGHT,0.9299,1.5117,0.299,0.3368,0.2955,0.3336,-0.0126,-0.1936,0.012,0.0264,1.0284,-0.0273,1.5637,0.000241,0.0001,0.0
16.0,FLIGHT,0.9314,1.5134,0.2949,0.3331,0.2911,0.3296,-0.0126,-0.1935,0.0117,0.0261,1.0286,-0.0281,1.5646,0.000242,0.0001,0.0
16.005,FLIGHT,0.9328,1.515,0.2905,0.3291,0.2864,0.3254,-0.0125,-0.1933,0.0114,0.0259,1.0287,-0.0289,1.5653,0.000243,0.0001,0.0
16.01,FLIGHT,0.9343,1.5166,0.2858,0.3248,0.2816,0.3209,-0.0125,-0.1932,0.011,0.0256,1.0288,-0.0296,1.5661,0.000243,0.0001,0.0
16.015,FLIGHT,0.9357,1.5182,0.281,0.3203,0.2766,0.3162,-0.0124,-0.1931,0.0106,0.0252,1.0288,-0.0303,1.5668,0.000243,0.0,0.0
16.02,FLIGHT,0.937,1.5198,0.276,0.3156,0.2715,0.3113,-0.0124,-0.193,0.0103,0.0249,1.0289,-0.031,1.5675,0.000243,0.0,0.0
16.025,FLIGHT,0.9384,1.5213,0.2709,0.3107,0.2663,0.3062,-0.0123,-0.1928,0.01,0.0245,1.0289,-0.0317,1.5682,0.000243,0.0,0.0
16.03,FLIGHT,0.9397,1.5228,0.2657,0.3056,0.261,0.301,-0.0123,-0.1927,0.0096,0.0242,1.0289,-0.0323,1.5689,0.000243,-0.0,0.0
16.035,FLIGHT,0.941,1.5243,0.2605,0.3004,0.2558,0.2957,-0.0122,-0.1926,0.0093,0.0238,1.0289,-0.0329,1.5696,0.000243,-0.0,0.0
16.04,FLIGHT,0.9422,1.5258,0.2552,0.2951,0.2505,0.2903,-0.0122,-0.1925,0.009,0.0234,1.0288,-0.0334,1.5702,0.000243,-0.0,0.0
16.045,FLIGHT,0.9435,1.5272,0.25,0.2897,0.2453,0.2848,-0.0121,-0.1924,0.0087,0.023,1.0288,-0.034,1.5708,0.000243,-0.0001,0.0
16.05,FLIGHT,0.9447,1.5287,0.2447,0.2842,0.24,0.2792,-0.0121,-0.1923,0.0084,0.0226,1.0287,-0.0345,1.5714,0.000243,-0.0001,0.0
16.055,FLIGHT,0.9459,1.53,0.2395,0.2786,0.2349,0.2736,-0.012,-0.1921,0.0081,0.0222,1.0286,-0.035,1.572,0.000242,-0.0001,0.0
16.06,FLIGHT,0.947,1.5314,0.2343,0.273,0.2297,0.268,-0.012,-0.192,0.0079,0.0217,1.0284,-0.0355,1.5726,0.000242,-0.0001,0.0
16.065,FLIGHT,0.9482,1.5327,0.2292,0.2674,0.2247,0.2623,-0.012,-0.1919,0.0076,0.0213,1.0283,-0.036,1.5731,0.000241,-0.0001,0.0
16.07,FLIGHT,0.9493,1.534,0.2242,0.2617,0.2197,0.2567,-0.0119,-0.1918,0.0074,0.0209,1.0281,-0.0364,1.5737,0.000241,-0.0001,0.0
16.075,FLIGHT,0.9504,1.5353,0.2192,0.2561,0.2148,0.2511,-0.0119,-0.1917,0.0072,0.0204,1.0279,-0.0369,1.5742,0.00024,-0.0001,0.0
16.08,FLIGHT,0.9514,1.5365,0.2143,0.2505,0.2099,0.2455,-0.0119,-0.1916,0.007,0.02,1.0277,-0.0373,1.5748,0.00024,-0.0001,0.0
16.085,FLIGHT,0.9525,1.5377,0.2094,0.2449,0.2052,0.24,-0.0118,-0.1915,0.0068,0.0196,1.0274,-0.0377,1.5753,0.000239,-0.0001,0.0
16.09,FLIGHT,0.9535,1.5389,0.2047,0.2394,0.2005,0.2345,-0.0118,-0.1914,0.0067,0.0192,1.0271,-0.0381,1.5758,0.000239,-0.0001,0.0
16.095,FLIGHT,0.9545,1.5401,0.2,0.2339,0.1959,0.229,-0.0118,-0.1913,0.0065,0.0187,1.0269,-0.0385,1.5763,0.000238,-0.0001,0.0
16.1,FLIGHT,0.9555,1.5412,0.1954,0.2285,0.1914,0.2237,-0.0117,-0.1913,0.0063,0.0183,1.0265,-0.0389,1.5767,0.000238,-0.0001,0.0
16.105,FLIGHT,0.9564,1.5423,0.191,0.2231,0.187,0.2184,-0.0117,-0.1912,0.0062,0.0179,1.0262,-0.0393,1.5772,0.000237,-0.0001,0.0
16.11,FLIGHT,0.9573,1.5434,0.1866,0.2178,0.1826,0.2131,-0.0117,-0.1911,0.0061,0.0175,1.0259,-0.0396,1.5777,0.000237,-0.0001,0.0
16.115,FLIGHT,0.9582,1.5444,0.1822,0.2126,0.1784,0.208,-0.0116,-0.191,0.0059,0.0171,1.0255,-0.04,1.5781,0.000236,-0.0001,0.0
16.12,FLIGHT,0.9591,1.5455,0.178,0.2075,0.1743,0.2029,-0.0116,-0.1909,0.0058,0.0166,1.0251,-0.0403,1.5785,0.000235,-0.0001,0.0
16.125,FLIGHT,0.96,1.5465,0.1739,0.2024,0.1702,0.1979,-0.0116,-0.1908,0.0057,0.0162,1.0247,-0.0406,1.579,0.000235,-0.0001,0.0
16.13,FLIGHT,0.9608,1.5475,0.1698,0.1975,0.1662,0.193,-0.0116,-0.1908,0.0056,0.0159,1.0242,-0.041,1.5794,0.000234,-0.0001,0.0
16.135,FLIGHT,0.9616,1.5484,0.1659,0.1926,0.1623,0.1882,-0.0115,-0.1907,0.0055,0.0155,1.0238,-0.0413,1.5798,0.000234,-0.0001,0.0
16.14,FLIGHT,0.9624,1.5493,0.162,0.1878,0.1586,0.1835,-0.0115,-0.1906,0.0054,0.0151,1.0233,-0.0416,1.5802,0.000233,-0.0001,0.0
16.145,FLIGHT,0.9632,1.5502,0.1582,0.1831,0.1548,0.1789,-0.0115,-0.1905,0.0053,0.0147,1.0228,-0.0419,1.5806,0.000233,-0.0001,0.0
16.15,FLIGHT,0.964,1.5511,0.1545,0.1785,0.1512,0.1744,-0.0114,-0.1905,0.0052,0.0144,1.0223,-0.0422,1.581,0.000232,-0.0001,0.0
16.155,FLIGHT,0.9647,1.552,0.1509,0.174,0.1477,0.17,-0.0114,-0.1904,0.0051,0.014,1.0218,-0.0425,1.5813,0.000232,-0.0001,0.0
16.16,FLIGHT,0.9655,1.5528,0.1473,0.1696,0.1442,0.1657,-0.0114,-0.1903,0.005,0.0136,1.0212,-0.0428,1.5817,0.000231,-0.0001,0.0
16.165,FLIGHT,0.9662,1.5536,0.1439,0.1653,0.1408,0.1614,-0.0114,-0.1903,0.0049,0.0133,1.0206,-0.043,1.582,0.000231,-0.0001,0.0
16.17,FLIGHT,0.9669,1.5544,0.1405,0.1611,0.1375,0.1573,-0.0113,-0.1902,0.0049,0.013,1.02,-0.0433,1.5824,0.00023,-0.0001,0.0
16.175,FLIGHT,0.9675,1.5552,0.1372,0.1569,0.1342,0.1533,-0.0113,-0.1901,0.0048,0.0126,1.0194,-0.0436,1.5827,0.00023,-0.0001,0.0
16.18,FLIGHT,0.9682,1.556,0.1339,0.1529,0.1311,0.1493,-0.0113,-0.1901,0.0047,0.0123,1.0188,-0.0438,1.583,0.000229,-0.0001,0.0
16.185,FLIGHT,0.9689,1.5567,0.1308,0.149,0.128,0.1455,-0.0113,-0.19,0.0046,0.012,1.0181,-0.0441,1.5834,0.000229,-0.0001,0.0
16.19,FLIGHT,0.9695,1.5574,0.1277,0.1451,0.125,0.1418,-0.0113,-0.19,0.0046,0.0117,1.0175,-0.0443,1.5837,0.000228,-0.0001,0.0
16.195,FLIGHT,0.9701,1.5581,0.1247,0.1414,0.122,0.1381,-0.0112,-0.1899,0.0045,0.0114,1.0168,-0.0446,1.584,0.000228,-0.0001,0.0
16.2,FLIGHT,0.9707,1.5588,0.1217,0.1378,0.1191,0.1345,-0.0112,-0.1898,0.0044,0.0111,1.0161,-0.0448,1.5843,0.000227,-0.0001,0.0
16.205,FLIGHT,0.9713,1.5595,0.1189,0.1342,0.1163,0.131,-0.0112,-0.1898,0.0044,0.0108,1.0154,-0.045,1.5846,0.000227,-0.0001,0.0
16.21,FLIGHT,0.9719,1.5601,0.1161,0.1307,0.1136,0.1277,-0.0112,-0.1897,0.0043,0.0105,1.0146,-0.0453,1.5849,0.000227,-0.0001,0.0
16.215,FLIGHT,0.9724,1.5608,0.1133,0.1273,0.1109,0.1244,-0.0111,-0.1897,0.0042,0.0103,1.0139,-0.0455,1.5851,0.000226,-0.0001,0.0
16.22,FLIGHT,0.973,1.5614,0.1106,0.124,0.1083,0.1211,-0.0111,-0.1896,0.0042,0.01,1.0131,-0.0457,1.5854,0.000226,-0.0001,0.0
16.225,FLIGHT,0.9735,1.562,0.108,0.1208,0.1057,0.118,-0.0111,-0.1896,0.0041,0.0097,1.0123,-0.0459,1.5857,0.000226,-0.0001,0.0
16.23,FLIGHT,0.974,1.5625,0.1054,0.1177,0.1032,0.1149,-0.0111,-0.1895,0.004,0.0095,1.0115,-0.0461,1.5859,0.000225,-0.0001,0.0
16.235,FLIGHT,0.9745,1.5631,0.1029,0.1147,0.1007,0.112,-0.0111,-0.1895,0.004,0.0092,1.0106,-0.0463,1.5862,0.000225,-0.0001,0.0
16.24,FLIGHT,0.975,1.5637,0.1005,0.1117,0.0983,0.1091,-0.011,-0.1895,0.0039,0.009,1.0098,-0.0465,1.5864,0.000224,-0.0001,0.0
16.245,FLIGHT,0.9755,1.5642,0.0981,0.1088,0.096,0.1063,-0.011,-0.1894,0.0038,0.0088,1.0089,-0.0467,1.5867,0.000224,-0.0001,0.0
16.25,FLIGHT,0.976,1.5647,0.0958,0.106,0.0937,0.1035,-0.011,-0.1894,0.0038,0.0085,1.0081,-0.0469,1.5869,0.000224,-0.0001,0.0
16.255,FLIGHT,0.9765,1.5652,0.0935,0.1033,0.0914,0.1008,-0.011,-0.1893,0.0037,0.0083,1.0072,-0.0471,1.5872,0.000224,-0.0001,0.0
16.26,FLIGHT,0.9769,1.5657,0.0912,0.1006,0.0893,0.0982,-0.011,-0.1893,0.0036,0.0081,1.0063,-0.0473,1.5874,0.000223,-0.0001,0.0
16.265,FLIGHT,0.9774,1.5662,0.089,0.098,0.0871,0.0957,-0.011,-0.1892,0.0036,0.0079,1.0053,-0.0475,1.5876,0.000223,-0.0001,0.0
16.27,FLIGHT,0.9778,1.5667,0.0869,0.0955,0.085,0.0933,-0.0109,-0.1892,0.0035,0.0077,1.0044,-0.0477,1.5878,0.000223,-0.0001,0.0
16.275,FLIGHT,0.9782,1.5672,0.0848,0.093,0.083,0.0909,-0.0109,-0.1892,0.0034,0.0075,1.0034,-0.0478,1.588,0.000222,-0.0001,0.0
16.28,FLIGHT,0.9786,1.5676,0.0828,0.0906,0.081,0.0885,-0.0109,-0.1891,0.0034,0.0073,1.0025,-0.048,1.5882,0.000222,-0.0001,0.0
16.285,FLIGHT,0.979,1.568,0.0808,0.0883,0.079,0.0863,-0.0109,-0.1891,0.0033,0.0071,1.0015,-0.0482,1.5884,0.000222,-0.0001,0.0
16.29,FLIGHT,0.9794,1.5685,0.0788,0.0861,0.0771,0.0841,-0.0109,-0.1891,0.0032,0.0069,1.0005,-0.0484,1.5886,0.000222,-0.0,0.0
16.295,STANCE,0.98,1.5691,0.1149,0.1349,0.2758,0.3508,-0.0109,-0.189,0.0034,0.011,0.9996,0.1299,-0.1591,5.3e-05,-0.1674,0.0335
16.3,STANCE,0.9837,1.5694,0.5883,0.0399,1.1573,-0.3361,-0.0102,-0.189,0.1058,-0.0024,0.9988,-0.1586,-0.718,-0.001354,-0.3486,0.0711
16.305,STANCE,0.9909,1.5655,1.1885,-0.5568,1.2372,-0.8662,-0.0083,-0.1894,0.3013,-0.0592,0.998,-0.6816,-1.0546,-0.003156,-0.273,0.0578
16.31,STANCE,0.9937,1.5636,0.7057,-0.3976,0.2291,-0.1475,-0.0075,-0.1896,0.1884,-0.0403,0.998,-0.8235,-1.6322,-0.003629,0.0128,0.0036
16.315,STANCE,0.9951,1.5622,0.4321,-0.3435,0.4168,-0.5214,-0.007,-0.1898,0.1292,-0.0331,0.9982,-1.0374,-2.0474,-0.003367,0.0778,0.0034
16.32,STANCE,0.9973,1.556,0.4358,-1.0572,0.5235,-1.7719,-0.0058,-0.1903,0.2291,-0.0939,0.9982,-1.3436,-1.9442,-0.002752,0.1264,0.0028
16.325,STANCE,1.0015,1.5474,0.7435,-1.5227,1.1384,-1.9753,-0.0038,-0.1911,0.3542,-0.1317,0.9984,-1.7147,-1.7198,-0.002488,-0.0012,0.0027
16.33,STANCE,1.008,1.5359,1.1203,-2.0889,1.2321,-2.7652,-0.0009,-0.192,0.5093,-0.1726,0.9985,-2.0279,-1.2392,-0.00256,0.0155,0.0026
16.335,STANCE,1.0142,1.5217,1.1985,-2.6115,1.2284,-2.849,0.0023,-0.1932,0.6036,-0.2041,0.9986,-2.077,-0.6202,-0.002558,-0.034,0.0094
16.34,STANCE,1.0189,1.5065,0.9885,-2.9005,0.6806,-3.077,0.0054,-0.1943,0.6098,-0.2163,0.9986,-1.8289,-0.0211,-0.002676,-0.0423,0.0111
16.345,STANCE,1.0208,1.4911,0.5581,-3.0299,0.1556,-3.0467,0.008,-0.1955,0.5494,-0.2193,0.9985,-1.3229,0.5198,-0.00298,-0.0979,0.0226
16.35,STANCE,1.0201,1.4755,0.0547,-3.0769,-0.4038,-3.1254,0.0101,-0.1966,0.4612,-0.2201,0.9984,-0.6838,0.9796,-0.003353,-0.0502,0.0134
16.355,STANCE,1.018,1.461,-0.2772,-2.9597,-0.5271,-2.8689,0.0118,-0.1977,0.3811,-0.2101,0.9983,-0.1203,1.2763,-0.003936,-0.0822,0.0204
16.36,STANCE,1.0154,1.4471,-0.4428,-2.8206,-0.4803,-2.6514,0.0134,-0.1987,0.3296,-0.1983,0.9984,0.2268,1.4214,-0.004232,-0.0451,0.0133
16.365,STANCE,1.0135,1.4346,-0.3823,-2.5933,-0.2594,-2.3705,0.0148,-0.1996,0.3095,-0.1785,0.9985,0.2372,1.3779,-0.00444,-0.039,0.0122
16.37,STANCE,1.0127,1.4233,-0.219,-2.3545,-0.0639,-2.1575,0.0164,-0.2003,0.3081,-0.1568,0.9988,0.1738,1.3106,-0.004612,-0.0283,0.0103
16.375,STANCE,1.0128,1.4129,-0.0571,-2.1618,0.0729,-2.0141,0.0179,-0.201,0.3131,-0.1383,0.9992,0.109,1.2595,-0.004709,-0.0095,0.0066
16.38,FLIGHT,1.0129,1.4036,-0.0206,-1.9159,-0.2957,-1.3646,0.0194,-0.2016,0.2846,-0.1193,0.9997,-1.4962,2.7009,-0.004668,0.0446,0.0047
16.385,FLIGHT,1.0089,1.4002,-0.6021,-1.0057,-1.2683,-0.044,0.0191,-0.2018,0.03,-0.074,1.0005,-1.2998,2.5346,-0.004225,0.1275,0.0042
16.39,FLIGHT,1.0007,1.4026,-1.3497,0.0505,-1.981,0.9343,0.017,-0.2018,-0.28,-0.0198,1.0015,-0.9803,2.2746,-0.003447,0.1785,0.0034
16.395,FLIGHT,0.9896,1.4089,-1.9547,0.9068,-2.3958,1.5454,0.0139,-0.2016,-0.5291,0.0331,1.0028,-0.6675,2.0226,-0.00249,0.2,0.0025
16.4,FLIGHT,0.9771,1.4175,-2.3274,1.4719,-2.5564,1.8496,0.0101,-0.2012,-0.6852,0.0788,1.0041,-0.4121,1.8181,-0.001484,0.1995,0.0015
16.405,FLIGHT,0.9644,1.427,-2.4794,1.7681,-2.5304,1.9304,0.0061,-0.2006,-0.7553,0.1135,1.0055,-0.2241,1.6689,-0.000518,0.1853,0.0005
16.41,FLIGHT,0.952,1.4366,-2.4597,1.8579,-2.3807,1.8666,0.0023,-0.1999,-0.7598,0.1355,1.0069,-0.0963,1.5691,0.00033,0.1399,0.0
16.415,FLIGHT,0.9407,1.4456,-2.3218,1.8087,-2.1612,1.7198,-0.0013,-0.1992,-0.7207,0.1456,1.0082,-0.0157,1.5081,0.000868,0.0787,0.0
16.42,FLIGHT,0.9305,1.4537,-2.1157,1.676,-1.9126,1.5333,-0.0045,-0.1986,-0.6568,0.146,1.0095,0.0315,1.4747,0.00115,0.0373,0.0
16.425,FLIGHT,0.9215,1.4609,-1.878,1.5018,-1.659,1.3366,-0.0073,-0.1979,-0.5818,0.1393,1.0107,0.0563,1.4597,0.001265,0.0106,0.0
16.43,FLIGHT,0.9139,1.4671,-1.6329,1.3148,-1.4151,1.1476,-0.0096,-0.1973,-0.5046,0.1283,1.0119,0.0665,1.4564,0.001273,-0.006,0.0012
16.435,FLIGHT,0.9074,1.4724,-1.3953,1.133,-1.189,0.976,-0.0116,-0.1968,-0.4306,0.1151,1.0129,0.068,1.46,0.001217,-0.0155,0.0031
16.44,FLIGHT,0.9019,1.4769,-1.174,0.9665,-0.9844,0.8261,-0.0133,-0.1963,-0.3627,0.1013,1.014,0.0642,1.4673,0.001125,-0.0204,0.0041
16.445,FLIGHT,0.8975,1.4807,-0.9729,0.8202,-0.8025,0.6988,-0.0147,-0.1959,-0.3022,0.088,1.0149,0.0578,1.4764,0.001017,-0.0223,0.0045
16.45,FLIGHT,0.8939,1.4839,-0.7936,0.6954,-0.6427,0.5933,-0.0159,-0.1956,-0.2494,0.0757,1.0158,0.0502,1.4858,0.000905,-0.0223,0.0045
16.455,FLIGHT,0.891,1.4866,-0.6356,0.5915,-0.5034,0.5074,-0.0168,-0.1953,-0.204,0.0648,1.0167,0.0422,1.495,0.000797,-0.021,0.0042
16.46,FLIGHT,0.8888,1.489,-0.4978,0.5067,-0.3828,0.4387,-0.0175,-0.195,-0.1652,0.0554,1.0175,0.0345,1.5035,0.000696,-0.0191,0.0038
16.465,FLIGHT,0.8872,1.4911,-0.3783,0.4387,-0.2789,0.3846,-0.0181,-0.1948,-0.1326,0.0475,1.0183,0.0273,1.5111,0.000607,-0.0168,0.0034
16.47,FLIGHT,0.886,1.4929,-0.2753,0.3851,-0.1898,0.3429,-0.0186,-0.1946,-0.1051,0.0409,1.0191,0.0206,1.5179,0.000529,-0.0144,0.0029
16.475,FLIGHT,0.8852,1.4945,-0.1868,0.3436,-0.1136,0.3112,-0.019,-0.1945,-0.0823,0.0356,1.0198,0.0146,1.5239,0.000463,-0.012,0.0024
16.48,FLIGHT,0.8848,1.496,-0.1112,0.3121,-0.0486,0.2877,-0.0193,-0.1943,-0.0633,0.0313,1.0205,0.0092,1.5291,0.000408,-0.0099,0.002
16.485,FLIGHT,0.8847,1.4974,-0.0467,0.2886,0.0066,0.2708,-0.0195,-0.1942,-0.0476,0.028,1.0212,0.0043,1.5336,0.000364,-0.0079,0.0016
16.49,FLIGHT,0.8849,1.4987,0.0082,0.2717,0.0533,0.2591,-0.0196,-0.1941,-0.0346,0.0254,1.0218,-0.0,1.5375,0.000328,-0.0063,0.0013
16.495,FLIGHT,0.8853,1.5,0.0546,0.26,0.0927,0.2514,-0.0197,-0.1939,-0.024,0.0234,1.0225,-0.0039,1.541,0.000301,-0.0049,0.001
16.5,FLIGHT,0.8858,1.5012,0.0937,0.2523,0.1259,0.2468,-0.0198,-0.1938,-0.0154,0.0219,1.0231,-0.0074,1.5439,0.000279,-0.0037,0.0007
16.505,FLIGHT,0.8865,1.5025,0.1266,0.2476,0.1535,0.2446,-0.0198,-0.1937,-0.0084,0.0208,1.0236,-0.0106,1.5465,0.000263,-0.0028,0.0006
16.51,FLIGHT,0.8873,1.5037,0.1541,0.2452,0.1765,0.244,-0.0198,-0.1936,-0.0028,0.0201,1.0242,-0.0134,1.5488,0.000252,-0.002,0.0004
16.515,FLIGHT,0.8883,1.5049,0.1769,0.2445,0.1954,0.2445,-0.0198,-0.1935,0.0017,0.0196,1.0247,-0.0159,1.5509,0.000243,-0.0014,0.0003
16.52,FLIGHT,0.8893,1.5061,0.1956,0.245,0.2108,0.2459,-0.0197,-0.1935,0.0053,0.0192,1.0252,-0.0182,1.5527,0.000237,-0.0009,0.0002
16.525,FLIGHT,0.8904,1.5074,0.2109,0.2463,0.2232,0.2476,-0.0197,-0.1934,0.008,0.0191,1.0257,-0.0203,1.5543,0.000234,-0.0006,0.0001
16.53,FLIGHT,0.8915,1.5086,0.2232,0.248,0.233,0.2496,-0.0196,-0.1933,0.0102,0.019,1.0262,-0.0222,1.5557,0.000231,-0.0003,0.0001
16.535,FLIGHT,0.8927,1.5099,0.2329,0.2499,0.2406,0.2516,-0.0196,-0.1932,0.0118,0.019,1.0266,-0.0239,1.557,0.00023,-0.0001,0.0
16.54,FLIGHT,0.8939,1.5111,0.2405,0.2518,0.2463,0.2534,-0.0195,-0.1931,0.013,0.0191,1.0271,-0.0255,1.5582,0.00023,0.0,0.0
16.545,FLIGHT,0.8952,1.5124,0.2461,0.2535,0.2504,0.255,-0.0194,-0.193,0.0138,0.0191,1.0275,-0.0269,1.5593,0.00023,0.0001,0.0
16.55,FLIGHT,0.8964,1.5137,0.2501,0.2551,0.2531,0.2563,-0.0194,-0.1929,0.0143,0.0192,1.0278,-0.0282,1.5603,0.000231,0.0002,0.0
16.555,FLIGHT,0.8977,1.515,0.2527,0.2563,0.2546,0.2572,-0.0193,-0.1928,0.0147,0.0193,1.0282,-0.0294,1.5612,0.000232,0.0002,0.0
16.56,FLIGHT,0.899,1.5162,0.2542,0.2571,0.2551,0.2577,-0.0192,-0.1927,0.0148,0.0194,1.0285,-0.0305,1.5621,0.000233,0.0002,0.0
16.565,FLIGHT,0.9002,1.5175,0.2547,0.2576,0.2547,0.2578,-0.0191,-0.1926,0.0148,0.0194,1.0288,-0.0315,1.5629,0.000235,0.0002,0.0
16.57,FLIGHT,0.9015,1.5188,0.2543,0.2577,0.2536,0.2575,-0.0191,-0.1925,0.0147,0.0195,1.0291,-0.0325,1.5637,0.000236,0.0002,0.0
16.575,FLIGHT,0.9028,1.5201,0.2532,0.2573,0.252,0.2568,-0.019,-0.1924,0.0145,0.0195,1.0294,-0.0334,1.5644,0.000237,0.0002,0.0
16.58,FLIGHT,0.904,1.5214,0.2515,0.2565,0.2498,0.2557,-0.0189,-0.1923,0.0143,0.0194,1.0297,-0.0342,1.5651,0.000238,0.0002,0.0
16.585,FLIGHT,0.9053,1.5227,0.2493,0.2554,0.2472,0.2542,-0.0189,-0.1922,0.014,0.0194,1.0299,-0.035,1.5658,0.000239,0.0002,0.0
16.59,FLIGHT,0.9065,1.5239,0.2467,0.2539,0.2442,0.2524,-0.0188,-0.1921,0.0137,0.0193,1.0301,-0.0357,1.5664,0.00024,0.0002,0.0
16.595,FLIGHT,0.9077,1.5252,0.2438,0.252,0.241,0.2502,-0.0187,-0.192,0.0133,0.0192,1.0303,-0.0364,1.5671,0.000241,0.0001,0.0
16.6,FLIGHT,0.9089,1.5264,0.2406,0.2498,0.2376,0.2477,-0.0187,-0.1919,0.013,0.0191,1.0304,-0.037,1.5677,0.000242,0.0001,0.0
16.605,FLIGHT,0.9101,1.5277,0.2371,0.2473,0.234,0.245,-0.0186,-0.1918,0.0126,0.0189,1.0305,-0.0376,1.5682,0.000242,0.0001,0.0
16.61,FLIGHT,0.9113,1.5289,0.2335,0.2446,0.2302,0.242,-0.0185,-0.1917,0.0123,0.0188,1.0306,-0.0382,1.5688,0.000242,0.0001,0.0
16.615,FLIGHT,0.9124,1.5301,0.2297,0.2416,0.2263,0.2388,-0.0185,-0.1916,0.0119,0.0186,1.0307,-0.0388,1.5694,0.000243,0.0001,0.0
16.62,FLIGHT,0.9135,1.5313,0.2259,0.2384,0.2224,0.2354,-0.0184,-0.1915,0.0116,0.0183,1.0308,-0.0393,1.5699,0.000243,0.0,0.0
16.625,FLIGHT,0.9146,1.5324,0.2219,0.235,0.2184,0.2318,-0.0184,-0.1915,0.0113,0.0181,1.0308,-0.0398,1.5704,0.000243,0.0,0.0
16.63,FLIGHT,0.9157,1.5336,0.2179,0.2314,0.2143,0.2281,-0.0183,-0.1914,0.011,0.0179,1.0309,-0.0402,1.5709,0.000243,0.0,0.0
16.635,FLIGHT,0.9168,1.5347,0.2139,0.2277,0.2103,0.2243,-0.0183,-0.1913,0.0107,0.0176,1.0309,-0.0407,1.5714,0.000243,-0.0,0.0
16.64,FLIGHT,0.9178,1.5358,0.2099,0.2238,0.2063,0.2204,-0.0182,-0.1912,0.0104,0.0173,1.0308,-0.0411,1.5719,0.000243,-0.0,0.0
16.645,FLIGHT,0.9188,1.5369,0.2058,0.2199,0.2022,0.2163,-0.0182,-0.1911,0.0101,0.017,1.0308,-0.0415,1.5724,0.000243,-0.0,0.0
16.65,FLIGHT,0.9198,1.538,0.2018,0.2159,0.1982,0.2123,-0.0181,-0.191,0.0099,0.0167,1.0307,-0.0419,1.5728,0.000243,-0.0,0.0
16.655,FLIGHT,0.9208,1.539,0.1978,0.2118,0.1943,0.2081,-0.0181,-0.1909,0.0096,0.0164,1.0306,-0.0423,1.5733,0.000243,-0.0,0.0
16.66,FLIGHT,0.9218,1.5401,0.1939,0.2077,0.1904,0.204,-0.018,-0.1909,0.0094,0.0161,1.0305,-0.0427,1.5737,0.000242,-0.0001,0.0
16.665,FLIGHT,0.9227,1.5411,0.19,0.2035,0.1865,0.1998,-0.018,-0.1908,0.0092,0.0158,1.0304,-0.0431,1.5742,0.000242,-0.0001,0.0
16.67,FLIGHT,0.9236,1.5421,0.1861,0.1994,0.1827,0.1956,-0.0179,-0.1907,0.009,0.0155,1.0302,-0.0434,1.5746,0.000242,-0.0001,0.0
16.675,FLIGHT,0.9245,1.543,0.1823,0.1952,0.179,0.1915,-0.0179,-0.1906,0.0088,0.0152,1.03,-0.0437,1.575,0.000242,-0.0001,0.0
16.68,FLIGHT,0.9254,1.544,0.1786,0.191,0.1753,0.1873,-0.0178,-0.1906,0.0087,0.0149,1.0298,-0.0441,1.5754,0.000241,-0.0001,0.0
16.685,FLIGHT,0.9263,1.5449,0.1749,0.1869,0.1716,0.1831,-0.0178,-0.1905,0.0085,0.0146,1.0296,-0.0444,1.5758,0.000241,-0.0001,0.0
16.69,FLIGHT,0.9271,1.5458,0.1713,0.1827,0.1681,0.179,-0.0178,-0.1904,0.0083,0.0142,1.0293,-0.0447,1.5762,0.00024,-0.0001,0.0
16.695,FLIGHT,0.928,1.5467,0.1677,0.1786,0.1646,0.175,-0.0177,-0.1903,0.0082,0.0139,1.0291,-0.045,1.5766,0.00024,-0.0001,0.0
16.7,FLIGHT,0.9288,1.5476,0.1642,0.1746,0.1612,0.1709,-0.0177,-0.1903,0.0081,0.0136,1.0288,-0.0453,1.577,0.00024,-0.0001,0.0
16.705,FLIGHT,0.9296,1.5484,0.1608,0.1705,0.1578,0.167,-0.0176,-0.1902,0.0079,0.0133,1.0285,-0.0456,1.5774,0.000239,-0.0001,0.0
16.71,FLIGHT,0.9304,1.5492,0.1575,0.1666,0.1545,0.163,-0.0176,-0.1901,0.0078,0.013,1.0281,-0.0458,1.5777,0.000239,-0.0001,0.0
16.715,FLIGHT,0.9311,1.55,0.1542,0.1627,0.1513,0.1592,-0.0176,-0.1901,0.0077,0.0127,1.0278,-0.0461,1.5781,0.000239,-0.0001,0.0
16.72,FLIGHT,0.9319,1.5508,0.151,0.1588,0.1481,0.1554,-0.0175,-0.19,0.0076,0.0124,1.0274,-0.0464,1.5784,0.000238,-0.0001,0.0
16.725,FLIGHT,0.9326,1.5516,0.1478,0.155,0.1451,0.1517,-0.0175,-0.19,0.0075,0.0121,1.027,-0.0466,1.5787,0.000238,-0.0001,0.0
16.73,FLIGHT,0.9333,1.5523,0.1448,0.1513,0.142,0.148,-0.0174,-0.1899,0.0074,0.0118,1.0266,-0.0469,1.5791,0.000237,-0.0001,0.0
16.735,FLIGHT,0.934,1.5531,0.1417,0.1476,0.1391,0.1444,-0.0174,-0.1898,0.0073,0.0115,1.0262,-0.0471,1.5794,0.000237,-0.0001,0.0
16.74,FLIGHT,0.9347,1.5538,0.1388,0.144,0.1362,0.1409,-0.0174,-0.1898,0.0072,0.0112,1.0257,-0.0474,1.5797,0.000237,-0.0001,0.0
16.745,FLIGHT,0.9354,1.5545,0.1359,0.1405,0.1334,0.1374,-0.0173,-0.1897,0.0071,0.0109,1.0252,-0.0476,1.58,0.000236,-0.0001,0.0
16.75,FLIGHT,0.9361,1.5552,0.1331,0.1371,0.1306,0.134,-0.0173,-0.1897,0.007,0.0107,1.0248,-0.0478,1.5803,0.000236,-0.0001,0.0
16.755,FLIGHT,0.9367,1.5558,0.1303,0.1337,0.1279,0.1307,-0.0173,-0.1896,0.007,0.0104,1.0242,-0.048,1.5806,0.000235,-0.0001,0.0
16.76,FLIGHT,0.9373,1.5565,0.1276,0.1304,0.1253,0.1275,-0.0172,-0.1896,0.0069,0.0101,1.0237,-0.0483,1.5809,0.000235,-0.0001,0.0
16.765,FLIGHT,0.9379,1.5571,0.125,0.1272,0.1227,0.1243,-0.0172,-0.1895,0.0068,0.0099,1.0232,-0.0485,1.5812,0.000235,-0.0001,0.0
16.77,FLIGHT,0.9386,1.5577,0.1224,0.124,0.1202,0.1212,-0.0172,-0.1895,0.0067,0.0096,1.0226,-0.0487,1.5815,0.000234,-0.0001,0.0
16.775,FLIGHT,0.9392,1.5583,0.1199,0.1209,0.1177,0.1182,-0.0171,-0.1894,0.0067,0.0094,1.022,-0.0489,1.5818,0.000234,-0.0001,0.0
16.78,FLIGHT,0.9397,1.5589,0.1175,0.1179,0.1153,0.1153,-0.0171,-0.1894,0.0066,0.0091,1.0214,-0.0491,1.582,0.000234,-0.0001,0.0
16.785,FLIGHT,0.9403,1.5595,0.115,0.115,0.1129,0.1124,-0.0171,-0.1894,0.0065,0.0089,1.0208,-0.0493,1.5823,0.000233,-0.0001,0.0
16.79,FLIGHT,0.9409,1.56,0.1127,0.1121,0.1106,0.1096,-0.017,-0.1893,0.0064,0.0087,1.0201,-0.0495,1.5825,0.000233,-0.0001,0.0
16.795,FLIGHT,0.9414,1.5606,0.1104,0.1093,0.1083,0.1068,-0.017,-0.1893,0.0064,0.0085,1.0195,-0.0497,1.5828,0.000233,-0.0001,0.0
16.8,FLIGHT,0.9419,1.5611,0.1081,0.1066,0.1061,0.1042,-0.017,-0.1892,0.0063,0.0082,1.0188,-0.0499,1.583,0.000233,-0.0001,0.0
16.805,FLIGHT,0.9425,1.5616,0.1059,0.1039,0.104,0.1016,-0.0169,-0.1892,0.0062,0.008,1.0181,-0.05,1.5833,0.000232,-0.0001,0.0
16.81,FLIGHT,0.943,1.5621,0.1038,0.1013,0.1019,0.0991,-0.0169,-0.1891,0.0062,0.0078,1.0174,-0.0502,1.5835,0.000232,-0.0001,0.0
16.815,FLIGHT,0.9435,1.5626,0.1017,0.0988,0.0998,0.0966,-0.0169,-0.1891,0.0061,0.0076,1.0166,-0.0504,1.5837,0.000232,-0.0001,0.0
16.82,FLIGHT,0.944,1.5631,0.0996,0.0964,0.0978,0.0942,-0.0168,-0.1891,0.006,0.0074,1.0159,-0.0506,1.584,0.000232,-0.0001,0.0
16.825,FLIGHT,0.9445,1.5635,0.0976,0.094,0.0958,0.0919,-0.0168,-0.189,0.006,0.0072,1.0151,-0.0507,1.5842,0.000231,-0.0,0.0
16.83,FLIGHT,0.9449,1.564,0.0956,0.0916,0.0939,0.0896,-0.0168,-0.189,0.0059,0.0071,1.0143,-0.0509,1.5844,0.000231,-0.0,0.0
16.835,FLIGHT,0.9454,1.5644,0.0937,0.0894,0.092,0.0874,-0.0168,-0.189,0.0058,0.0069,1.0135,-0.0511,1.5846,0.000231,-0.0,0.0
16.84,FLIGHT,0.9459,1.5649,0.0918,0.0872,0.0901,0.0852,-0.0167,-0.1889,0.0058,0.0067,1.0127,-0.0512,1.5848,0.000231,-0.0,0.0
16.845,FLIGHT,0.9463,1.5653,0.0899,0.085,0.0883,0.0831,-0.0167,-0.1889,0.0057,0.0065,1.0119,-0.0514,1.585,0.00023,-0.0,0.0
16.85,FLIGHT,0.9467,1.5657,0.0881,0.0829,0.0865,0.0811,-0.0167,-0.1889,0.0056,0.0064,1.011,-0.0515,1.5852,0.00023,-0.0,0.0
16.855,FLIGHT,0.9472,1.5661,0.0864,0.0809,0.0848,0.0791,-0.0166,-0.1888,0.0056,0.0062,1.0102,-0.0517,1.5854,0.00023,-0.0,0.0
16.86,FLIGHT,0.9476,1.5665,0.0846,0.0789,0.0831,0.0772,-0.0166,-0.1888,0.0055,0.0061,1.0093,-0.0518,1.5856,0.00023,-0.0,0.0
16.865,FLIGHT,0.948,1.5669,0.0829,0.077,0.0814,0.0753,-0.0166,-0.1888,0.0054,0.0059,1.0084,-0.052,1.5858,0.00023,-0.0,0.0
16.87,FLIGHT,0.9484,1.5672,0.0812,0.0751,0.0798,0.0735,-0.0166,-0.1888,0.0054,0.0058,1.0075,-0.0521,1.586,0.000229,-0.0,0.0
16.875,FLIGHT,0.9488,1.5676,0.0796,0.0733,0.0782,0.0717,-0.0165,-0.1887,0.0053,0.0056,1.0065,-0.0523,1.5862,0.000229,-0.0,0.0
16.88,FLIGHT,0.9492,1.568,0.078,0.0715,0.0766,0.07,-0.0165,-0.1887,0.0052,0.0055,1.0056,-0.0524,1.5864,0.000229,-0.0,0.0
16.885,FLIGHT,0.9496,1.5683,0.0764,0.0698,0.075,0.0683,-0.0165,-0.1887,0.0051,0.0053,1.0046,-0.0526,1.5865,0.000229,-0.0,0.0
16.89,FLIGHT,0.9499,1.5686,0.0749,0.0682,0.0735,0.0667,-0.0165,-0.1886,0.0051,0.0052,1.0037,-0.0527,1.5867,0.000229,-0.0,0.0
16.895,FLIGHT,0.9503,1.569,0.0734,0.0665,0.072,0.0651,-0.0164,-0.1886,0.005,0.0051,1.0027,-0.0529,1.5869,0.000229,-0.0,0.0
16.9,FLIGHT,0.9507,1.5693,0.0719,0.065,0.0706,0.0636,-0.0164,-0.1886,0.0049,0.005,1.0017,-0.053,1.5871,0.000228,-0.0,0.0
16.905,FLIGHT,0.951,1.5696,0.0704,0.0634,0.0691,0.0621,-0.0164,-0.1886,0.0049,0.0048,1.0006,-0.0531,1.5872,0.000228,-0.0,0.0
16.91,STANCE,0.9518,1.5703,0.1509,0.135,0.441,0.196,-0.0163,-0.1885,0.0105,0.0103,0.9997,0.1991,-0.2868,-0.000152,-0.2385,0.0478
16.915,STANCE,0.9562,1.5693,0.693,-0.1437,1.2818,-0.6729,-0.0154,-0.1887,0.1499,-0.0241,0.9988,-0.1114,-0.8127,-0.001966,-0.4655,0.0951
16.92,STANCE,0.9626,1.5623,1.0881,-1.0432,0.9293,-1.2057,-0.0132,-0.1894,0.3465,-0.1103,0.9977,-0.5284,-1.0433,-0.003969,-0.2936,0.0627
16.925,STANCE,0.9643,1.56,0.5306,-0.5812,0.0593,-0.0848,-0.0126,-0.1897,0.1791,-0.0598,0.9977,-0.5933,-1.7587,-0.004621,-0.0263,0.0099
16.93,STANCE,0.9651,1.5588,0.3008,-0.3778,0.3523,-0.5271,-0.0123,-0.1898,0.1081,-0.0382,0.998,-0.7729,-2.2387,-0.004538,0.0452,0.0045
16.935,STANCE,0.9673,1.552,0.3853,-1.1865,0.5104,-2.1423,-0.0109,-0.1904,0.2347,-0.111,0.998,-1.0739,-2.0768,-0.004037,0.1465,0.004
16.94,STANCE,0.9718,1.5418,0.7737,-1.7755,1.2616,-2.3188,-0.0087,-0.1914,0.3917,-0.1629,0.9982,-1.4592,-1.7584,-0.003642,0.0154,0.0036
16.945,STANCE,0.9787,1.5278,1.2012,-2.5019,1.5668,-3.0126,-0.0054,-0.1926,0.5793,-0.2194,0.9983,-1.7929,-1.1522,-0.00358,-0.0138,0.0063
16.95,STANCE,0.9862,1.5117,1.3917,-3.0137,1.4419,-3.2975,-0.0017,-0.194,0.695,-0.2488,0.9983,-1.8998,-0.4766,-0.003565,0.008,0.0036
16.955,STANCE,0.9926,1.4954,1.304,-3.1691,1.1433,-3.1348,0.0018,-0.1953,0.7074,-0.2465,0.9985,-1.72,0.118,-0.003458,0.0274,0.0035
16.96,STANCE,0.9969,1.4799,0.979,-3.109,0.6322,-2.9856,0.0049,-0.1965,0.6412,-0.2306,0.9987,-1.2814,0.6129,-0.003235,0.0407,0.0032
16.965,STANCE,0.9988,1.4653,0.5497,-2.9731,0.15,-2.8627,0.0074,-0.1976,0.5415,-0.2139,0.9989,-0.7059,1.0089,-0.003,0.0561,0.003
16.97,STANCE,0.999,1.4515,0.181,-2.8112,-0.0963,-2.6738,0.0094,-0.1986,0.4481,-0.1987,0.9992,-0.174,1.2789,-0.002747,0.0632,0.0027
16.975,STANCE,0.9983,1.4386,-0.0326,-2.6448,-0.127,-2.4715,0.0112,-0.1995,0.3835,-0.1841,0.9995,0.1279,1.384,-0.002371,0.0797,0.0024
16.98,FLIGHT,0.9969,1.428,-0.2291,-2.2338,-0.6687,-1.506,0.0125,-0.2002,0.285,-0.155,1.0,-1.383,2.6295,-0.001916,0.1203,0.0019
16.985,FLIGHT,0.9914,1.4237,-0.8741,-1.2344,-1.5178,-0.2655,0.012,-0.2006,0.0074,-0.0948,1.0009,-1.1508,2.432,-0.00117,0.1738,0.0012
16.99,FLIGHT,0.9822,1.4247,-1.555,-0.2091,-2.1028,0.6244,0.01,-0.2006,-0.2811,-0.0302,1.0021,-0.8454,2.18,-0.000224,0.2001,0.0002
16.995,FLIGHT,0.9708,1.4293,-2.0596,0.587,-2.4098,1.1735,0.0071,-0.2004,-0.4985,0.0278,1.0034,-0.564,1.9505,0.000658,0.1375,0.0
17.0,FLIGHT,0.9585,1.436,-2.34,1.1029,-2.497,1.4462,0.0036,-0.2,-0.6276,0.0741,1.0048,-0.3408,1.7699,0.001177,0.0742,0.0
17.005,FLIGHT,0.9461,1.4435,-2.4255,1.3726,-2.4291,1.5215,0.0001,-0.1994,-0.6803,0.1065,1.0062,-0.1789,1.6404,0.001436,0.0321,0.0
17.01,FLIGHT,0.9344,1.451,-2.3658,1.4578,-2.2626,1.4704,-0.0033,-0.1988,-0.6769,0.1252,1.0077,-0.0695,1.5547,0.001523,0.0049,0.0
17.015,FLIGHT,0.9236,1.4581,-2.2106,1.4202,-2.0417,1.3475,-0.0065,-0.1982,-0.6373,0.1322,1.0091,-0.0005,1.5027,0.001502,-0.0117,0.0023
17.02,FLIGHT,0.914,1.4644,-2.0007,1.3103,-1.798,1.1916,-0.0092,-0.1976,-0.5773,0.1302,1.0105,0.0395,1.4746,0.001418,-0.0212,0.0042
17.025,FLIGHT,0.9056,1.47,-1.7665,1.1654,-1.5526,1.0282,-0.0117,-0.197,-0.5085,0.1222,1.0118,0.0598,1.4627,0.001298,-0.0259,0.0052
17.03,FLIGHT,0.8984,1.4747,-1.5286,1.0105,-1.3182,0.8725,-0.0137,-0.1965,-0.4385,0.1107,1.013,0.0675,1.461,0.001164,-0.0274,0.0055
17.035,FLIGHT,0.8924,1.4787,-1.2999,0.8611,-1.1018,0.7328,-0.0155,-0.196,-0.3718,0.0978,1.0142,0.0673,1.4652,0.001028,-0.0268,0.0054
17.04,FLIGHT,0.8874,1.4821,-1.0879,0.7259,-0.9067,0.6125,-0.0169,-0.1956,-0.3109,0.0847,1.0153,0.0627,1.4726,0.000898,-0.0251,0.005
17.045,FLIGHT,0.8833,1.4849,-0.896,0.6087,-0.7336,0.5123,-0.0181,-0.1953,-0.2568,0.0723,1.0164,0.0558,1.4813,0.000778,-0.0227,0.0045
17.05,FLIGHT,0.88,1.4872,-0.7253,0.5105,-0.5818,0.431,-0.019,-0.195,-0.2098,0.0613,1.0175,0.0479,1.4903,0.000671,-0.02,0.004
17.055,FLIGHT,0.8774,1.4892,-0.5752,0.4305,-0.4498,0.3666,-0.0198,-0.1948,-0.1695,0.0517,1.0185,0.0399,1.4989,0.000578,-0.0172,0.0034
17.06,FLIGHT,0.8755,1.4909,-0.4446,0.3671,-0.3357,0.317,-0.0204,-0.1946,-0.1354,0.0436,1.0195,0.0321,1.5068,0.000499,-0.0145,0.0029
17.065,FLIGHT,0.8741,1.4924,-0.3315,0.3179,-0.2376,0.2797,-0.0209,-0.1944,-0.1067,0.037,1.0204,0.025,1.5139,0.000433,-0.0119,0.0024
17.07,FLIGHT,0.8731,1.4937,-0.2342,0.2809,-0.1535,0.2525,-0.0212,-0.1943,-0.0827,0.0316,1.0213,0.0184,1.5202,0.000379,-0.0096,0.0019
17.075,FLIGHT,0.8725,1.4949,-0.1508,0.2539,-0.0818,0.2336,-0.0215,-0.1942,-0.0629,0.0274,1.0222,0.0125,1.5256,0.000337,-0.0076,0.0015
17.08,FLIGHT,0.8723,1.4961,-0.0795,0.235,-0.0207,0.2212,-0.0217,-0.1941,-0.0465,0.0241,1.023,0.0071,1.5304,0.000303,-0.0059,0.0012
17.085,FLIGHT,0.8723,1.4972,-0.0189,0.2226,0.0311,0.2139,-0.0218,-0.1939,-0.0331,0.0216,1.0238,0.0024,1.5345,0.000277,-0.0045,0.0009
17.09,FLIGHT,0.8726,1.4982,0.0325,0.2152,0.0748,0.2105,-0.0219,-0.1939,-0.0221,0.0198,1.0246,-0.0019,1.538,0.000258,-0.0033,0.0007
17.095,FLIGHT,0.873,1.4993,0.076,0.2117,0.1116,0.21,-0.022,-0.1938,-0.0132,0.0186,1.0254,-0.0057,1.5411,0.000244,-0.0024,0.0005
17.1,FLIGHT,0.8737,1.5003,0.1125,0.2111,0.1425,0.2115,-0.022,-0.1937,-0.0061,0.0177,1.0262,-0.0091,1.5438,0.000234,-0.0016,0.0003
17.105,FLIGHT,0.8744,1.5014,0.1432,0.2125,0.1682,0.2146,-0.022,-0.1936,-0.0003,0.0172,1.0269,-0.0121,1.5462,0.000227,-0.0011,0.0002
17.11,FLIGHT,0.8753,1.5025,0.1687,0.2154,0.1894,0.2185,-0.022,-0.1935,0.0042,0.0169,1.0276,-0.0149,1.5482,0.000223,-0.0006,0.0001
17.115,FLIGHT,0.8763,1.5036,0.1897,0.2193,0.2068,0.223,-0.0219,-0.1934,0.0078,0.0168,1.0283,-0.0174,1.5501,0.000221,-0.0003,0.0001
17.12,FLIGHT,0.8774,1.5047,0.207,0.2236,0.221,0.2276,-0.0219,-0.1933,0.0105,0.0169,1.029,-0.0196,1.5517,0.00022,-0.0,0.0
17.125,FLIGHT,0.8785,1.5059,0.221,0.2282,0.2323,0.2323,-0.0218,-0.1933,0.0126,0.017,1.0296,-0.0216,1.5532,0.00022,0.0001,0.0
17.13,FLIGHT,0.8797,1.507,0.2322,0.2327,0.2411,0.2367,-0.0217,-0.1932,0.0141,0.0172,1.0302,-0.0234,1.5545,0.000221,0.0003,0.0
17.135,FLIGHT,0.8809,1.5082,0.241,0.237,0.2479,0.2408,-0.0216,-0.1931,0.0153,0.0175,1.0308,-0.0251,1.5557,0.000223,0.0003,0.0
17.14,FLIGHT,0.8822,1.5094,0.2477,0.241,0.2529,0.2444,-0.0216,-0.193,0.016,0.0177,1.0314,-0.0266,1.5568,0.000225,0.0004,0.0
17.145,FLIGHT,0.8835,1.5107,0.2527,0.2446,0.2564,0.2475,-0.0215,-0.1929,0.0165,0.018,1.032,-0.028,1.5578,0.000227,0.0004,0.0
17.15,FLIGHT,0.8848,1.5119,0.2561,0.2476,0.2586,0.2501,-0.0214,-0.1928,0.0167,0.0182,1.0325,-0.0293,1.5587,0.000229,0.0004,0.0
17.155,FLIGHT,0.886,1.5132,0.2583,0.2501,0.2597,0.2521,-0.0213,-0.1927,0.0168,0.0184,1.033,-0.0305,1.5596,0.000231,0.0004,0.0
17.16,FLIGHT,0.8873,1.5144,0.2593,0.252,0.2598,0.2535,-0.0212,-0.1926,0.0167,0.0186,1.0335,-0.0315,1.5604,0.000233,0.0004,0.0
17.165,FLIGHT,0.8886,1.5157,0.2594,0.2534,0.2592,0.2544,-0.0211,-0.1925,0.0165,0.0188,1.0339,-0.0325,1.5612,0.000235,0.0004,0.0
17.17,FLIGHT,0.8899,1.517,0.2587,0.2543,0.2578,0.2548,-0.0211,-0.1924,0.0162,0.0189,1.0344,-0.0335,1.5619,0.000236,0.0003,0.0
17.175,FLIGHT,0.8912,1.5182,0.2574,0.2546,0.256,0.2546,-0.021,-0.1923,0.0159,0.019,1.0348,-0.0343,1.5626,0.000238,0.0003,0.0
17.18,FLIGHT,0.8925,1.5195,0.2555,0.2544,0.2536,0.254,-0.0209,-0.1922,0.0155,0.019,1.0352,-0.0351,1.5633,0.000239,0.0003,0.0
17.185,FLIGHT,0.8938,1.5208,0.2532,0.2537,0.2509,0.2529,-0.0208,-0.1921,0.0152,0.019,1.0356,-0.0359,1.5639,0.000241,0.0002,0.0
17.19,FLIGHT,0.895,1.522,0.2504,0.2526,0.2478,0.2514,-0.0207,-0.1921,0.0148,0.019,1.0359,-0.0366,1.5646,0.000242,0.0002,0.0
17.195,FLIGHT,0.8962,1.5233,0.2474,0.2511,0.2445,0.2495,-0.0207,-0.192,0.0143,0.0189,1.0362,-0.0373,1.5652,0.000242,0.0002,0.0
17.2,FLIGHT,0.8974,1.5245,0.2441,0.2492,0.241,0.2473,-0.0206,-0.1919,0.0139,0.0188,1.0365,-0.0379,1.5658,0.000243,0.0001,0.0
17.205,FLIGHT,0.8986,1.5258,0.2406,0.2469,0.2373,0.2448,-0.0205,-0.1918,0.0135,0.0187,1.0368,-0.0385,1.5663,0.000244,0.0001,0.0
17.21,FLIGHT,0.8998,1.527,0.2369,0.2444,0.2335,0.2419,-0.0205,-0.1917,0.0132,0.0185,1.037,-0.0391,1.5669,0.000244,0.0001,0.0
17.215,FLIGHT,0.901,1.5282,0.2331,0.2415,0.2296,0.2389,-0.0204,-0.1916,0.0128,0.0183,1.0373,-0.0396,1.5674,0.000245,0.0001,0.0
17.22,FLIGHT,0.9021,1.5294,0.2292,0.2385,0.2257,0.2356,-0.0204,-0.1915,0.0124,0.0181,1.0375,-0.0401,1.568,0.000245,0.0,0.0
17.225,FLIGHT,0.9032,1.5305,0.2253,0.2352,0.2217,0.2321,-0.0203,-0.1914,0.0121,0.0179,1.0377,-0.0406,1.5685,0.000245,0.0,0.0
17.23,FLIGHT,0.9043,1.5317,0.2213,0.2317,0.2177,0.2285,-0.0202,-0.1913,0.0118,0.0177,1.0378,-0.041,1.569,0.000245,0.0,0.0
17.235,FLIGHT,0.9054,1.5328,0.2173,0.2281,0.2137,0.2247,-0.0202,-0.1912,0.0115,0.0174,1.0379,-0.0415,1.5695,0.000245,-0.0,0.0
17.24,FLIGHT,0.9065,1.5339,0.2132,0.2243,0.2097,0.2209,-0.0201,-0.1912,0.0112,0.0172,1.038,-0.0419,1.57,0.000245,-0.0,0.0
17.245,FLIGHT,0.9075,1.535,0.2092,0.2204,0.2057,0.2169,-0.0201,-0.1911,0.0109,0.0169,1.0381,-0.0423,1.5704,0.000245,-0.0,0.0
17.25,FLIGHT,0.9085,1.5361,0.2053,0.2164,0.2017,0.2128,-0.02,-0.191,0.0106,0.0166,1.0382,-0.0427,1.5709,0.000245,-0.0,0.0
17.255,FLIGHT,0.9095,1.5372,0.2013,0.2124,0.1978,0.2088,-0.02,-0.1909,0.0104,0.0163,1.0382,-0.0431,1.5714,0.000245,-0.0,0.0
17.26,FLIGHT,0.9105,1.5382,0.1974,0.2083,0.1939,0.2046,-0.0199,-0.1908,0.0102,0.016,1.0382,-0.0434,1.5718,0.000244,-0.0001,0.0
17.265,FLIGHT,0.9115,1.5392,0.1935,0.2042,0.1901,0.2005,-0.0199,-0.1907,0.01,0.0157,1.0382,-0.0438,1.5722,0.000244,-0.0001,0.0
17.27,FLIGHT,0.9124,1.5402,0.1897,0.2,0.1863,0.1963,-0.0198,-0.1907,0.0098,0.0154,1.0382,-0.0441,1.5727,0.000244,-0.0001,0.0
17.275,FLIGHT,0.9133,1.5412,0.186,0.1959,0.1826,0.1921,-0.0198,-0.1906,0.0096,0.0151,1.0382,-0.0445,1.5731,0.000244,-0.0001,0.0
17.28,FLIGHT,0.9142,1.5421,0.1823,0.1917,0.179,0.188,-0.0197,-0.1905,0.0094,0.0148,1.0381,-0.0448,1.5735,0.000243,-0.0001,0.0
17.285,FLIGHT,0.9151,1.5431,0.1786,0.1875,0.1754,0.1838,-0.0197,-0.1905,0.0093,0.0144,1.038,-0.0451,1.5739,0.000243,-0.0001,0.0
17.29,FLIGHT,0.916,1.544,0.1751,0.1834,0.1719,0.1797,-0.0196,-0.1904,0.0091,0.0141,1.0379,-0.0454,1.5743,0.000242,-0.0001,0.0
17.295,FLIGHT,0.9168,1.5448,0.1716,0.1793,0.1685,0.1757,-0.0196,-0.1903,0.009,0.0138,1.0377,-0.0457,1.5747,0.000242,-0.0001,0.0
17.3,FLIGHT,0.9177,1.5457,0.1681,0.1752,0.1651,0.1716,-0.0195,-0.1902,0.0089,0.0135,1.0375,-0.046,1.5751,0.000242,-0.0001,0.0
17.305,FLIGHT,0.9185,1.5466,0.1648,0.1712,0.1618,0.1677,-0.0195,-0.1902,0.0088,0.0132,1.0374,-0.0462,1.5754,0.000241,-0.0001,0.0
17.31,FLIGHT,0.9193,1.5474,0.1615,0.1673,0.1586,0.1637,-0.0195,-0.1901,0.0086,0.0129,1.0371,-0.0465,1.5758,0.000241,-0.0001,0.0
17.315,FLIGHT,0.9201,1.5482,0.1583,0.1633,0.1554,0.1599,-0.0194,-0.1901,0.0085,0.0126,1.0369,-0.0468,1.5761,0.000241,-0.0001,0.0
17.32,FLIGHT,0.9208,1.549,0.1551,0.1595,0.1523,0.1561,-0.0194,-0.19,0.0084,0.0123,1.0367,-0.047,1.5765,0.00024,-0.0001,0.0
17.325,FLIGHT,0.9216,1.5498,0.152,0.1557,0.1493,0.1523,-0.0193,-0.1899,0.0083,0.012,1.0364,-0.0473,1.5768,0.00024,-0.0001,0.0
17.33,FLIGHT,0.9223,1.5505,0.149,0.152,0.1463,0.1487,-0.0193,-0.1899,0.0082,0.0117,1.0361,-0.0475,1.5772,0.000239,-0.0001,0.0
17.335,FLIGHT,0.9231,1.5513,0.146,0.1483,0.1434,0.1451,-0.0192,-0.1898,0.0082,0.0114,1.0358,-0.0477,1.5775,0.000239,-0.0001,0.0
17.34,FLIGHT,0.9238,1.552,0.1431,0.1447,0.1406,0.1415,-0.0192,-0.1898,0.0081,0.0111,1.0354,-0.048,1.5778,0.000239,-0.0001,0.0
17.345,FLIGHT,0.9245,1.5527,0.1403,0.1412,0.1378,0.1381,-0.0192,-0.1897,0.008,0.0108,1.0351,-0.0482,1.5781,0.000238,-0.0001,0.0
17.35,FLIGHT,0.9251,1.5533,0.1376,0.1377,0.1351,0.1347,-0.0191,-0.1897,0.0079,0.0106,1.0347,-0.0484,1.5784,0.000238,-0.0001,0.0
17.355,FLIGHT,0.9258,1.554,0.1349,0.1344,0.1325,0.1314,-0.0191,-0.1896,0.0078,0.0103,1.0343,-0.0486,1.5787,0.000238,-0.0001,0.0
17.36,FLIGHT,0.9265,1.5547,0.1322,0.1311,0.1299,0.1281,-0.019,-0.1896,0.0078,0.01,1.0339,-0.0488,1.579,0.000237,-0.0001,0.0
17.365,FLIGHT,0.9271,1.5553,0.1296,0.1278,0.1274,0.125,-0.019,-0.1895,0.0077,0.0098,1.0334,-0.049,1.5793,0.000237,-0.0001,0.0
17.37,FLIGHT,0.9277,1.5559,0.1271,0.1247,0.1249,0.1219,-0.019,-0.1895,0.0076,0.0095,1.033,-0.0492,1.5796,0.000237,-0.0001,0.0
17.375,FLIGHT,0.9284,1.5565,0.1247,0.1216,0.1225,0.1189,-0.0189,-0.1894,0.0076,0.0093,1.0325,-0.0494,1.5799,0.000236,-0.0001,0.0
17.38,FLIGHT,0.929,1.5571,0.1223,0.1186,0.1201,0.1159,-0.0189,-0.1894,0.0075,0.009,1.032,-0.0496,1.5802,0.000236,-0.0001,0.0
17.385,FLIGHT,0.9296,1.5577,0.1199,0.1156,0.1178,0.113,-0.0189,-0.1893,0.0074,0.0088,1.0315,-0.0498,1.5804,0.000236,-0.0001,0.0
17.39,FLIGHT,0.9302,1.5582,0.1176,0.1128,0.1156,0.1102,-0.0188,-0.1893,0.0074,0.0086,1.0309,-0.05,1.5807,0.000235,-0.0001,0.0
17.395,FLIGHT,0.9307,1.5588,0.1154,0.11,0.1134,0.1075,-0.0188,-0.1892,0.0073,0.0084,1.0304,-0.0502,1.5809,0.000235,-0.0001,0.0
17.4,FLIGHT,0.9313,1.5593,0.1132,0.1073,0.1112,0.1048,-0.0188,-0.1892,0.0073,0.0082,1.0298,-0.0504,1.5812,0.000235,-0.0001,0.0
17.405,FLIGHT,0.9318,1.5598,0.111,0.1046,0.1091,0.1022,-0.0187,-0.1892,0.0072,0.0079,1.0292,-0.0506,1.5814,0.000235,-0.0001,0.0
17.41,FLIGHT,0.9324,1.5603,0.1089,0.102,0.107,0.0997,-0.0187,-0.1891,0.0071,0.0077,1.0286,-0.0507,1.5817,0.000234,-0.0001,0.0
17.415,FLIGHT,0.9329,1.5608,0.1068,0.0995,0.105,0.0973,-0.0186,-0.1891,0.0071,0.0075,1.028,-0.0509,1.5819,0.000234,-0.0001,0.0
17.42,FLIGHT,0.9334,1.5613,0.1048,0.097,0.1031,0.0949,-0.0186,-0.1891,0.007,0.0073,1.0273,-0.0511,1.5821,0.000234,-0.0,0.0
17.425,FLIGHT,0.9339,1.5618,0.1029,0.0946,0.1011,0.0925,-0.0186,-0.189,0.007,0.0072,1.0266,-0.0512,1.5824,0.000233,-0.0,0.0
17.43,FLIGHT,0.9344,1.5622,0.1009,0.0923,0.0992,0.0903,-0.0185,-0.189,0.0069,0.007,1.026,-0.0514,1.5826,0.000233,-0.0,0.0
17.435,FLIGHT,0.9349,1.5627,0.0991,0.0901,0.0974,0.0881,-0.0185,-0.1889,0.0068,0.0068,1.0253,-0.0515,1.5828,0.000233,-0.0,0.0
17.44,FLIGHT,0.9354,1.5631,0.0972,0.0879,0.0956,0.0859,-0.0185,-0.1889,0.0068,0.0066,1.0245,-0.0517,1.583,0.000233,-0.0,0.0
17.445,FLIGHT,0.9359,1.5635,0.0954,0.0857,0.0938,0.0838,-0.0184,-0.1889,0.0067,0.0064,1.0238,-0.0518,1.5832,0.000233,-0.0,0.0
17.45,FLIGHT,0.9363,1.5639,0.0937,0.0836,0.0921,0.0818,-0.0184,-0.1889,0.0067,0.0063,1.023,-0.052,1.5834,0.000232,-0.0,0.0
17.455,FLIGHT,0.9368,1.5643,0.0919,0.0816,0.0904,0.0798,-0.0184,-0.1888,0.0066,0.0061,1.0223,-0.0521,1.5836,0.000232,-0.0,0.0
17.46,FLIGHT,0.9373,1.5647,0.0902,0.0796,0.0887,0.0779,-0.0183,-0.1888,0.0065,0.006,1.0215,-0.0523,1.5838,0.000232,-0.0,0.0
17.465,FLIGHT,0.9377,1.5651,0.0886,0.0777,0.0871,0.076,-0.0183,-0.1888,0.0065,0.0058,1.0207,-0.0524,1.584,0.000232,-0.0,0.0
17.47,FLIGHT,0.9381,1.5655,0.087,0.0758,0.0855,0.0742,-0.0183,-0.1887,0.0064,0.0057,1.0198,-0.0526,1.5842,0.000232,-0.0,0.0
17.475,FLIGHT,0.9385,1.5659,0.0854,0.074,0.0839,0.0724,-0.0182,-0.1887,0.0063,0.0055,1.019,-0.0527,1.5844,0.000231,-0.0,0.0
17.48,FLIGHT,0.939,1.5662,0.0838,0.0723,0.0824,0.0707,-0.0182,-0.1887,0.0063,0.0054,1.0182,-0.0529,1.5846,0.000231,-0.0,0.0
17.485,FLIGHT,0.9394,1.5666,0.0823,0.0706,0.0809,0.069,-0.0182,-0.1887,0.0062,0.0053,1.0173,-0.053,1.5848,0.000231,-0.0,0.0
17.49,FLIGHT,0.9398,1.5669,0.0808,0.0689,0.0794,0.0674,-0.0182,-0.1886,0.0061,0.0051,1.0164,-0.0531,1.585,0.000231,-0.0,0.0
17.495,FLIGHT,0.9402,1.5673,0.0793,0.0673,0.078,0.0658,-0.0181,-0.1886,0.0061,0.005,1.0155,-0.0533,1.5851,0.000231,-0.0,0.0
17.5,FLIGHT,0.9406,1.5676,0.0779,0.0657,0.0766,0.0643,-0.0181,-0.1886,0.006,0.0049,1.0146,-0.0534,1.5853,0.000231,-0.0,0.0
17.505,FLIGHT,0.9409,1.5679,0.0764,0.0642,0.0752,0.0628,-0.0181,-0.1886,0.0059,0.0048,1.0136,-0.0535,1.5855,0.000231,-0.0,0.0
17.51,FLIGHT,0.9413,1.5682,0.075,0.0627,0.0738,0.0614,-0.018,-0.1885,0.0059,0.0046,1.0127,-0.0537,1.5856,0.00023,-0.0,0.0
17.515,FLIGHT,0.9417,1.5685,0.0737,0.0612,0.0725,0.06,-0.018,-0.1885,0.0058,0.0045,1.0117,-0.0538,1.5858,0.00023,-0.0,0.0
17.52,FLIGHT,0.942,1.5688,0.0723,0.0598,0.0711,0.0586,-0.018,-0.1885,0.0057,0.0044,1.0107,-0.0539,1.586,0.00023,-0.0,0.0
17.525,FLIGHT,0.9424,1.5691,0.071,0.0585,0.0698,0.0573,-0.0179,-0.1885,0.0057,0.0043,1.0097,-0.054,1.5861,0.00023,-0.0,0.0
17.53,FLIGHT,0.9427,1.5694,0.0697,0.0572,0.0686,0.056,-0.0179,-0.1885,0.0056,0.0042,1.0087,-0.0542,1.5863,0.00023,-0.0,0.0
17.535,FLIGHT,0.9431,1.5697,0.0684,0.0559,0.0673,0.0547,-0.0179,-0.1884,0.0055,0.0041,1.0077,-0.0543,1.5864,0.00023,-0.0,0.0
17.54,FLIGHT,0.9434,1.5699,0.0672,0.0546,0.0661,0.0535,-0.0179,-0.1884,0.0054,0.004,1.0067,-0.0544,1.5866,0.00023,-0.0,0.0
17.545,FLIGHT,0.9437,1.5702,0.066,0.0534,0.0649,0.0523,-0.0178,-0.1884,0.0054,0.0039,1.0056,-0.0545,1.5867,0.00023,-0.0,0.0
17.55,FLIGHT,0.9441,1.5704,0.0647,0.0522,0.0637,0.0512,-0.0178,-0.1884,0.0053,0.0038,1.0046,-0.0546,1.5869,0.00023,-0.0,0.0
17.555,FLIGHT,0.9444,1.5707,0.0636,0.0511,0.0625,0.0501,-0.0178,-0.1884,0.0052,0.0038,1.0035,-0.0548,1.587,0.000229,-0.0,0.0
17.56,FLIGHT,0.9447,1.5709,0.0624,0.05,0.0613,0.049,-0.0178,-0.1883,0.0051,0.0037,1.0024,-0.0549,1.5872,0.000229,-0.0,0.0
17.565,FLIGHT,0.945,1.5712,0.0612,0.0489,0.0602,0.0479,-0.0177,-0.1883,0.0051,0.0036,1.0013,-0.055,1.5873,0.000229,-0.0,0.0
17.57,STANCE,0.9453,1.5714,0.0601,0.0478,0.081,0.0764,-0.0177,-0.1883,0.005,0.0035,1.0002,0.2308,-0.0207,0.000229,-0.0295,0.0059
17.575,STANCE,0.9477,1.5714,0.391,-0.0243,0.8481,-0.4541,-0.0173,-0.1883,0.0769,-0.0091,0.9991,0.0954,-0.6139,-0.001644,-0.5662,0.1149
17.58,STANCE,0.9522,1.5645,0.7533,-1.0395,1.0603,-1.8425,-0.0155,-0.1891,0.2811,-0.1091,0.9976,-0.233,-0.8347,-0.003977,-0.4321,0.0904
17.585,STANCE,0.9536,1.5617,0.3635,-0.5994,-0.1499,0.2077,-0.0148,-0.1894,0.149,-0.0612,0.9974,-0.3301,-1.598,-0.005008,-0.0716,0.0193
17.59,STANCE,0.9531,1.5627,0.0713,-0.0841,0.0907,-0.0448,-0.0151,-0.1893,0.0247,-0.0089,0.9977,-0.4539,-2.3023,-0.005085,0.0219,0.0051
17.595,STANCE,0.955,1.56,0.3102,-0.4502,0.5415,-1.4071,-0.0144,-0.1895,0.1192,-0.0462,0.998,-0.7966,-2.4457,-0.004865,0.0941,0.0049
17.6,STANCE,0.9583,1.5496,0.5793,-1.572,0.804,-2.4901,-0.0123,-0.1905,0.3231,-0.15,0.998,-1.1524,-2.0068,-0.004201,0.1566,0.0042
17.605,STANCE,0.9634,1.5365,0.914,-2.2472,1.393,-2.5874,-0.0096,-0.1918,0.4831,-0.2074,0.9981,-1.4755,-1.5102,-0.003619,0.0304,0.0036
17.61,STANCE,0.9713,1.5224,1.3715,-2.6737,1.4803,-3.2935,-0.0061,-0.193,0.6361,-0.2366,0.9984,-1.7547,-0.9214,-0.003602,0.0388,0.0036
17.615,STANCE,0.9785,1.5055,1.4172,-3.1423,1.4096,-3.3207,-0.0023,-0.1945,0.7184,-0.261,0.9986,-1.7228,-0.1961,-0.003393,0.0373,0.0034
17.62,STANCE,0.9845,1.489,1.2512,-3.2415,0.972,-3.2613,0.0012,-0.1958,0.7076,-0.254,0.9988,-1.4398,0.4025,-0.003083,0.09,0.0031
17.625,STANCE,0.9886,1.4738,0.943,-3.0935,0.6442,-2.8889,0.0042,-0.197,0.6319,-0.2312,0.9992,-0.9707,0.8515,-0.002611,0.1095,0.0026
17.63,STANCE,0.991,1.46,0.612,-2.8462,0.3697,-2.5753,0.0066,-0.198,0.5351,-0.2057,0.9997,-0.4552,1.1563,-0.001985,0.1287,0.002
17.635,STANCE,0.9922,1.4475,0.3566,-2.6044,0.1941,-2.3885,0.0087,-0.1989,0.4523,-0.1836,1.0002,-0.0656,1.3107,-0.001266,0.1451,0.0013
17.64,FLIGHT,0.993,1.4361,0.2172,-2.3675,0.0014,-1.9876,0.0105,-0.1997,0.3921,-0.1632,1.0009,-1.2095,2.5044,-0.000536,0.1536,0.0005
17.645,FLIGHT,0.991,1.4292,-0.2556,-1.6242,-0.8041,-0.787,0.0111,-0.2002,0.1886,-0.1152,1.0018,-1.0795,2.3882,0.000305,0.1535,0.0
17.65,FLIGHT,0.9853,1.4277,-0.8783,-0.6759,-1.4112,0.1392,0.0102,-0.2004,-0.0764,-0.0562,1.003,-0.8324,2.1817,0.000904,0.0895,0.0
17.655,FLIGHT,0.9773,1.4301,-1.3972,0.1334,-1.7835,0.7551,0.0083,-0.2003,-0.2994,-0.002,1.0043,-0.5795,1.9743,0.001232,0.0447,0.0
17.66,FLIGHT,0.9679,1.4348,-1.7325,0.7034,-1.948,1.1047,0.0057,-0.2,-0.4489,0.0418,1.0058,-0.3669,1.802,0.001376,0.0151,0.0
17.665,FLIGHT,0.958,1.4408,-1.8875,1.0423,-1.9552,1.2552,0.0029,-0.1996,-0.5272,0.0735,1.0073,-0.2067,1.6737,0.001401,-0.0038,0.0008
17.67,FLIGHT,0.9485,1.4471,-1.8983,1.1978,-1.8563,1.2714,0.0,-0.1991,-0.5495,0.0933,1.0089,-0.0948,1.5856,0.00135,-0.0153,0.0031
17.675,FLIGHT,0.9396,1.4534,-1.8081,1.2245,-1.6942,1.2058,-0.0026,-0.1986,-0.533,0.1028,1.0104,-0.0218,1.5299,0.001256,-0.0216,0.0043
17.68,FLIGHT,0.9316,1.4591,-1.6555,1.1703,-1.5006,1.0972,-0.005,-0.1981,-0.4928,0.1043,1.0119,0.0225,1.4979,0.00114,-0.0244,0.0049
17.685,FLIGHT,0.9246,1.4643,-1.4706,1.0717,-1.2973,0.9718,-0.0071,-0.1977,-0.4405,0.1003,1.0133,0.0466,1.4822,0.001016,-0.0249,0.005
17.69,FLIGHT,0.9186,1.4688,-1.2744,0.9543,-1.0983,0.8463,-0.0089,-0.1972,-0.3839,0.0927,1.0147,0.0575,1.4772,0.000894,-0.0239,0.0048
17.695,FLIGHT,0.9136,1.4728,-1.081,0.8348,-0.9118,0.7302,-0.0105,-0.1968,-0.3281,0.0835,1.016,0.06,1.4787,0.000779,-0.0221,0.0044
17.7,FLIGHT,0.9095,1.4762,-0.8986,0.723,-0.7418,0.628,-0.0118,-0.1965,-0.276,0.0738,1.0173,0.0576,1.4838,0.000674,-0.0197,0.0039
17.705,FLIGHT,0.9062,1.4791,-0.7318,0.6238,-0.59,0.5415,-0.0128,-0.1962,-0.229,0.0645,1.0185,0.0524,1.4907,0.000582,-0.0172,0.0034
17.71,FLIGHT,0.9035,1.4816,-0.5822,0.5394,-0.4562,0.4704,-0.0137,-0.1959,-0.1877,0.056,1.0197,0.046,1.4981,0.000502,-0.0146,0.0029
17.715,FLIGHT,0.9016,1.4838,-0.4502,0.4696,-0.3396,0.4134,-0.0144,-0.1957,-0.152,0.0486,1.0209,0.0391,1.5055,0.000435,-0.0122,0.0024
17.72,FLIGHT,0.9001,1.4858,-0.3349,0.4134,-0.2387,0.3688,-0.0149,-0.1955,-0.1216,0.0422,1.022,0.0323,1.5125,0.00038,-0.0099,0.002
17.725,FLIGHT,0.8991,1.4875,-0.235,0.3694,-0.152,0.3349,-0.0153,-0.1953,-0.096,0.037,1.0231,0.0258,1.5188,0.000336,-0.0079,0.0016
17.73,FLIGHT,0.8986,1.4891,-0.149,0.3357,-0.0777,0.3097,-0.0157,-0.1952,-0.0745,0.0328,1.0241,0.0199,1.5244,0.000301,-0.0062,0.0012
17.735,FLIGHT,0.8984,1.4906,-0.0753,0.3107,-0.0145,0.2916,-0.0159,-0.195,-0.0567,0.0295,1.0252,0.0144,1.5294,0.000273,-0.0048,0.001
17.74,FLIGHT,0.8984,1.4921,-0.0125,0.2927,0.0392,0.2793,-0.0161,-0.1949,-0.042,0.0269,1.0262,0.0095,1.5338,0.000253,-0.0036,0.0007
17.745,FLIGHT,0.8987,1.4934,0.0407,0.2803,0.0845,0.2713,-0.0162,-0.1948,-0.0299,0.0249,1.0272,0.0051,1.5376,0.000237,-0.0026,0.0005
17.75,FLIGHT,0.8993,1.4948,0.0857,0.2723,0.1226,0.2668,-0.0163,-0.1947,-0.0201,0.0235,1.0281,0.0011,1.5409,0.000226,-0.0018,0.0004
17.755,FLIGHT,0.8999,1.4961,0.1235,0.2677,0.1545,0.2649,-0.0163,-0.1946,-0.0121,0.0225,1.029,-0.0024,1.5438,0.000219,-0.0012,0.0002
17.76,FLIGHT,0.9008,1.4974,0.1551,0.2657,0.181,0.2648,-0.0163,-0.1945,-0.0057,0.0218,1.03,-0.0056,1.5464,0.000214,-0.0007,0.0001
17.765,FLIGHT,0.9017,1.4988,0.1814,0.2655,0.2028,0.266,-0.0163,-0.1944,-0.0005,0.0214,1.0308,-0.0085,1.5486,0.000212,-0.0003,0.0001
17.77,FLIGHT,0.9028,1.5001,0.2031,0.2666,0.2206,0.268,-0.0163,-0.1943,0.0035,0.0211,1.0317,-0.0111,1.5506,0.000211,-0.0001,0.0
17.775,FLIGHT,0.9039,1.5014,0.2208,0.2685,0.235,0.2704,-0.0163,-0.1942,0.0067,0.021,1.0325,-0.0135,1.5524,0.000211,0.0001,0.0
17.78,FLIGHT,0.9052,1.5028,0.235,0.2708,0.2464,0.2731,-0.0162,-0.194,0.0091,0.021,1.0333,-0.0156,1.554,0.000212,0.0003,0.0
17.785,FLIGHT,0.9064,1.5042,0.2464,0.2734,0.2553,0.2757,-0.0162,-0.1939,0.0109,0.0211,1.0341,-0.0175,1.5555,0.000214,0.0004,0.0
17.79,FLIGHT,0.9077,1.5056,0.2552,0.2759,0.2621,0.2781,-0.0161,-0.1938,0.0123,0.0212,1.0349,-0.0193,1.5568,0.000216,0.0004,0.0
17.795,FLIGHT,0.909,1.5069,0.2619,0.2783,0.2669,0.2802,-0.016,-0.1937,0.0132,0.0213,1.0356,-0.0209,1.558,0.000218,0.0005,0.0
17.8,FLIGHT,0.9104,1.5084,0.2667,0.2803,0.2702,0.282,-0.016,-0.1936,0.0139,0.0215,1.0364,-0.0224,1.5591,0.00022,0.0005,0.0
17.805,FLIGHT,0.9117,1.5098,0.2699,0.282,0.2722,0.2833,-0.0159,-0.1935,0.0142,0.0216,1.0371,-0.0238,1.5601,0.000222,0.0004,0.0
17.81,FLIGHT,0.9131,1.5112,0.2718,0.2832,0.2729,0.2841,-0.0158,-0.1934,0.0144,0.0217,1.0377,-0.025,1.5611,0.000224,0.0004,0.0
17.815,FLIGHT,0.9145,1.5126,0.2725,0.284,0.2728,0.2845,-0.0157,-0.1933,0.0144,0.0218,1.0384,-0.0262,1.562,0.000227,0.0004,0.0
17.82,FLIGHT,0.9158,1.514,0.2723,0.2843,0.2717,0.2843,-0.0157,-0.1932,0.0143,0.0218,1.039,-0.0272,1.5628,0.000228,0.0004,0.0
17.825,FLIGHT,0.9172,1.5155,0.2713,0.2841,0.2701,0.2837,-0.0156,-0.1931,0.0141,0.0219,1.0396,-0.0282,1.5636,0.00023,0.0003,0.0
17.83,FLIGHT,0.9185,1.5169,0.2696,0.2835,0.2678,0.2827,-0.0155,-0.193,0.0138,0.0218,1.0402,-0.0291,1.5644,0.000232,0.0003,0.0
17.835,FLIGHT,0.9198,1.5183,0.2673,0.2823,0.265,0.2812,-0.0155,-0.1929,0.0135,0.0218,1.0407,-0.03,1.5651,0.000233,0.0003,0.0
17.84,FLIGHT,0.9212,1.5197,0.2645,0.2808,0.2619,0.2792,-0.0154,-0.1927,0.0132,0.0217,1.0412,-0.0308,1.5658,0.000234,0.0002,0.0
17.845,FLIGHT,0.9225,1.5211,0.2614,0.2789,0.2584,0.2769,-0.0153,-0.1926,0.0128,0.0216,1.0417,-0.0316,1.5665,0.000235,0.0002,0.0
17.85,FLIGHT,0.9237,1.5224,0.2579,0.2765,0.2547,0.2743,-0.0153,-0.1925,0.0124,0.0215,1.0422,-0.0323,1.5672,0.000236,0.0002,0.0
17.855,FLIGHT,0.925,1.5238,0.2542,0.2739,0.2507,0.2713,-0.0152,-0.1924,0.012,0.0213,1.0427,-0.0329,1.5678,0.000237,0.0001,0.0
17.86,FLIGHT,0.9263,1.5252,0.2502,0.2709,0.2466,0.2681,-0.0152,-0.1923,0.0117,0.0211,1.0431,-0.0336,1.5684,0.000237,0.0001,0.0
17.865,FLIGHT,0.9275,1.5265,0.2462,0.2676,0.2424,0.2646,-0.0151,-0.1922,0.0113,0.0209,1.0435,-0.0342,1.569,0.000238,0.0001,0.0
17.87,FLIGHT,0.9287,1.5278,0.2419,0.2641,0.2381,0.2608,-0.015,-0.1921,0.0109,0.0206,1.0439,-0.0348,1.5696,0.000238,0.0,0.0
17.875,FLIGHT,0.9299,1.5291,0.2376,0.2604,0.2338,0.2569,-0.015,-0.192,0.0106,0.0204,1.0442,-0.0353,1.5702,0.000238,0.0,0.0
17.88,FLIGHT,0.931,1.5304,0.2333,0.2564,0.2294,0.2528,-0.0149,-0.1919,0.0103,0.0201,1.0445,-0.0358,1.5707,0.000238,0.0,0.0
17.885,FLIGHT,0.9322,1.5316,0.2289,0.2523,0.2249,0.2486,-0.0149,-0.1918,0.0099,0.0198,1.0448,-0.0363,1.5713,0.000238,-0.0,0.0
17.89,FLIGHT,0.9333,1.5329,0.2245,0.2481,0.2205,0.2442,-0.0148,-0.1917,0.0097,0.0195,1.0451,-0.0368,1.5718,0.000238,-0.0,0.0
17.895,FLIGHT,0.9344,1.5341,0.2201,0.2437,0.2161,0.2397,-0.0148,-0.1916,0.0094,0.0192,1.0454,-0.0372,1.5723,0.000238,-0.0,0.0
17.9,FLIGHT,0.9354,1.5353,0.2157,0.2392,0.2118,0.2352,-0.0148,-0.1915,0.0091,0.0188,1.0456,-0.0377,1.5728,0.000238,-0.0,0.0
17.905,FLIGHT,0.9365,1.5364,0.2113,0.2347,0.2074,0.2306,-0.0147,-0.1914,0.0089,0.0185,1.0458,-0.0381,1.5733,0.000238,-0.0001,0.0
17.91,FLIGHT,0.9375,1.5376,0.207,0.2301,0.2031,0.226,-0.0147,-0.1914,0.0087,0.0181,1.046,-0.0385,1.5738,0.000238,-0.0001,0.0
17.915,FLIGHT,0.9385,1.5387,0.2027,0.2255,0.1989,0.2213,-0.0146,-0.1913,0.0084,0.0178,1.0461,-0.0389,1.5743,0.000237,-0.0001,0.0
17.92,FLIGHT,0.9395,1.5398,0.1985,0.2208,0.1948,0.2166,-0.0146,-0.1912,0.0082,0.0174,1.0462,-0.0393,1.5747,0.000237,-0.0001,0.0
17.925,FLIGHT,0.9405,1.5408,0.1944,0.2161,0.1907,0.2119,-0.0145,-0.1911,0.0081,0.0171,1.0463,-0.0396,1.5752,0.000236,-0.0001,0.0
17.93,FLIGHT,0.9414,1.5419,0.1903,0.2115,0.1866,0.2073,-0.0145,-0.191,0.0079,0.0167,1.0464,-0.04,1.5756,0.000236,-0.0001,0.0
17.935,FLIGHT,0.9423,1.5429,0.1862,0.2068,0.1827,0.2026,-0.0145,-0.1909,0.0077,0.0164,1.0465,-0.0403,1.576,0.000236,-0.0001,0.0
17.94,FLIGHT,0.9432,1.5439,0.1823,0.2022,0.1788,0.198,-0.0144,-0.1908,0.0076,0.016,1.0465,-0.0407,1.5765,0.000235,-0.0001,0.0
17.945,FLIGHT,0.9441,1.5449,0.1784,0.1976,0.175,0.1935,-0.0144,-0.1908,0.0075,0.0156,1.0465,-0.041,1.5769,0.000235,-0.0001,0.0
17.95,FLIGHT,0.945,1.5459,0.1746,0.193,0.1712,0.189,-0.0144,-0.1907,0.0073,0.0153,1.0465,-0.0413,1.5773,0.000234,-0.0001,0.0
17.955,FLIGHT,0.9458,1.5468,0.1709,0.1885,0.1676,0.1845,-0.0143,-0.1906,0.0072,0.0149,1.0465,-0.0416,1.5777,0.000234,-0.0001,0.0
17.96,FLIGHT,0.9467,1.5477,0.1672,0.1841,0.164,0.1801,-0.0143,-0.1905,0.0071,0.0146,1.0464,-0.0419,1.578,0.000233,-0.0001,0.0
17.965,FLIGHT,0.9475,1.5486,0.1637,0.1797,0.1605,0.1758,-0.0143,-0.1905,0.007,0.0142,1.0463,-0.0422,1.5784,0.000233,-0.0001,0.0
17.97,FLIGHT,0.9483,1.5495,0.1602,0.1753,0.1571,0.1715,-0.0142,-0.1904,0.0069,0.0139,1.0462,-0.0425,1.5788,0.000233,-0.0001,0.0
17.975,FLIGHT,0.949,1.5503,0.1567,0.1711,0.1537,0.1673,-0.0142,-0.1903,0.0068,0.0136,1.0461,-0.0428,1.5792,0.000232,-0.0001,0.0
17.98,FLIGHT,0.9498,1.5511,0.1534,0.1669,0.1504,0.1632,-0.0141,-0.1903,0.0068,0.0132,1.0459,-0.043,1.5795,0.000232,-0.0001,0.0
17.985,FLIGHT,0.9505,1.5519,0.1501,0.1628,0.1472,0.1591,-0.0141,-0.1902,0.0067,0.0129,1.0457,-0.0433,1.5799,0.000231,-0.0001,0.0
17.99,FLIGHT,0.9513,1.5527,0.1469,0.1587,0.1441,0.1551,-0.0141,-0.1902,0.0066,0.0126,1.0455,-0.0435,1.5802,0.000231,-0.0001,0.0
17.995,FLIGHT,0.952,1.5535,0.1438,0.1548,0.141,0.1513,-0.0141,-0.1901,0.0065,0.0123,1.0453,-0.0438,1.5805,0.00023,-0.0001,0.0
18.0,FLIGHT,0.9527,1.5542,0.1408,0.1509,0.1381,0.1474,-0.014,-0.19,0.0065,0.0119,1.0451,-0.044,1.5808,0.00023,-0.0001,0.0
18.005,FLIGHT,0.9534,1.555,0.1378,0.1471,0.1351,0.1437,-0.014,-0.19,0.0064,0.0116,1.0448,-0.0443,1.5812,0.00023,-0.0001,0.0
18.01,FLIGHT,0.954,1.5557,0.1349,0.1434,0.1323,0.1401,-0.014,-0.1899,0.0063,0.0113,1.0445,-0.0445,1.5815,0.000229,-0.0001,0.0
18.015,FLIGHT,0.9547,1.5564,0.132,0.1397,0.1295,0.1365,-0.0139,-0.1899,0.0063,0.0111,1.0442,-0.0447,1.5818,0.000229,-0.0001,0.0
18.02,FLIGHT,0.9553,1.557,0.1292,0.1362,0.1268,0.133,-0.0139,-0.1898,0.0062,0.0108,1.0439,-0.0449,1.5821,0.000228,-0.0001,0.0
18.025,FLIGHT,0.9559,1.5577,0.1265,0.1327,0.1241,0.1296,-0.0139,-0.1898,0.0062,0.0105,1.0435,-0.0451,1.5824,0.000228,-0.0001,0.0
18.03,FLIGHT,0.9566,1.5583,0.1239,0.1293,0.1215,0.1263,-0.0138,-0.1897,0.0061,0.0102,1.0431,-0.0454,1.5826,0.000228,-0.0001,0.0
18.035,FLIGHT,0.9572,1.559,0.1213,0.126,0.119,0.1231,-0.0138,-0.1897,0.0061,0.01,1.0428,-0.0456,1.5829,0.000227,-0.0001,0.0
18.04,FLIGHT,0.9578,1.5596,0.1188,0.1228,0.1165,0.1199,-0.0138,-0.1896,0.006,0.0097,1.0423,-0.0458,1.5832,0.000227,-0.0001,0.0
18.045,FLIGHT,0.9583,1.5602,0.1163,0.1196,0.1141,0.1168,-0.0137,-0.1896,0.006,0.0094,1.0419,-0.046,1.5834,0.000227,-0.0001,0.0
18.05,FLIGHT,0.9589,1.5607,0.1139,0.1166,0.1117,0.1138,-0.0137,-0.1895,0.0059,0.0092,1.0414,-0.0462,1.5837,0.000226,-0.0001,0.0
18.055,FLIGHT,0.9594,1.5613,0.1115,0.1136,0.1094,0.1109,-0.0137,-0.1895,0.0059,0.009,1.041,-0.0463,1.584,0.000226,-0.0001,0.0
18.06,FLIGHT,0.96,1.5618,0.1092,0.1106,0.1072,0.1081,-0.0137,-0.1894,0.0058,0.0087,1.0405,-0.0465,1.5842,0.000226,-0.0001,0.0
18.065,FLIGHT,0.9605,1.5624,0.107,0.1078,0.105,0.1053,-0.0136,-0.1894,0.0058,0.0085,1.04,-0.0467,1.5844,0.000225,-0.0001,0.0
18.07,FLIGHT,0.961,1.5629,0.1048,0.105,0.1028,0.1026,-0.0136,-0.1893,0.0057,0.0083,1.0394,-0.0469,1.5847,0.000225,-0.0001,0.0
18.075,FLIGHT,0.9615,1.5634,0.1026,0.1023,0.1007,0.1,-0.0136,-0.1893,0.0057,0.0081,1.0389,-0.0471,1.5849,0.000225,-0.0001,0.0
18.08,FLIGHT,0.962,1.5639,0.1005,0.0997,0.0987,0.0974,-0.0135,-0.1893,0.0056,0.0078,1.0383,-0.0472,1.5851,0.000224,-0.0001,0.0
18.085,FLIGHT,0.9625,1.5644,0.0985,0.0972,0.0967,0.0949,-0.0135,-0.1892,0.0056,0.0076,1.0377,-0.0474,1.5854,0.000224,-0.0001,0.0
18.09,FLIGHT,0.963,1.5648,0.0965,0.0947,0.0947,0.0925,-0.0135,-0.1892,0.0055,0.0074,1.0371,-0.0476,1.5856,0.000224,-0.0001,0.0
18.095,FLIGHT,0.9635,1.5653,0.0945,0.0923,0.0928,0.0901,-0.0135,-0.1892,0.0055,0.0072,1.0365,-0.0477,1.5858,0.000224,-0.0,0.0
18.1,FLIGHT,0.9639,1.5657,0.0926,0.0899,0.0909,0.0878,-0.0134,-0.1891,0.0054,0.0071,1.0358,-0.0479,1.586,0.000223,-0.0,0.0
18.105,FLIGHT,0.9644,1.5662,0.0907,0.0876,0.0891,0.0856,-0.0134,-0.1891,0.0054,0.0069,1.0352,-0.0481,1.5862,0.000223,-0.0,0.0
18.11,FLIGHT,0.9648,1.5666,0.0889,0.0854,0.0873,0.0834,-0.0134,-0.1891,0.0053,0.0067,1.0345,-0.0482,1.5864,0.000223,-0.0,0.0
18.115,FLIGHT,0.9653,1.567,0.0871,0.0832,0.0855,0.0813,-0.0134,-0.189,0.0053,0.0065,1.0338,-0.0484,1.5866,0.000223,-0.0,0.0
18.12,FLIGHT,0.9657,1.5674,0.0854,0.0811,0.0838,0.0793,-0.0133,-0.189,0.0052,0.0063,1.0331,-0.0485,1.5868,0.000223,-0.0,0.0
18.125,FLIGHT,0.9661,1.5678,0.0837,0.0791,0.0821,0.0773,-0.0133,-0.189,0.0052,0.0062,1.0323,-0.0487,1.587,0.000222,-0.0,0.0
18.13,FLIGHT,0.9665,1.5682,0.082,0.0771,0.0805,0.0753,-0.0133,-0.1889,0.0051,0.006,1.0316,-0.0488,1.5872,0.000222,-0.0,0.0
18.135,FLIGHT,0.9669,1.5686,0.0804,0.0751,0.0789,0.0734,-0.0132,-0.1889,0.0051,0.0059,1.0308,-0.049,1.5873,0.000222,-0.0,0.0
18.14,FLIGHT,0.9673,1.5689,0.0787,0.0733,0.0773,0.0716,-0.0132,-0.1889,0.005,0.0057,1.03,-0.0491,1.5875,0.000222,-0.0,0.0
18.145,FLIGHT,0.9677,1.5693,0.0772,0.0714,0.0758,0.0698,-0.0132,-0.1888,0.005,0.0056,1.0292,-0.0492,1.5877,0.000222,-0.0,0.0
18.15,FLIGHT,0.9681,1.5696,0.0756,0.0697,0.0743,0.0681,-0.0132,-0.1888,0.0049,0.0054,1.0284,-0.0494,1.5879,0.000221,-0.0,0.0
18.155,FLIGHT,0.9684,1.57,0.0741,0.0679,0.0728,0.0664,-0.0131,-0.1888,0.0049,0.0053,1.0276,-0.0495,1.588,0.000221,-0.0,0.0
18.16,FLIGHT,0.9688,1.5703,0.0727,0.0663,0.0714,0.0648,-0.0131,-0.1888,0.0048,0.0052,1.0267,-0.0496,1.5882,0.000221,-0.0,0.0
18.165,FLIGHT,0.9691,1.5706,0.0712,0.0646,0.0699,0.0632,-0.0131,-0.1887,0.0048,0.005,1.0258,-0.0498,1.5884,0.000221,-0.0,0.0
18.17,FLIGHT,0.9695,1.5709,0.0698,0.063,0.0685,0.0617,-0.0131,-0.1887,0.0047,0.0049,1.0249,-0.0499,1.5885,0.000221,-0.0,0.0
18.175,FLIGHT,0.9698,1.5712,0.0684,0.0615,0.0672,0.0602,-0.0131,-0.1887,0.0046,0.0048,1.024,-0.05,1.5887,0.000221,-0.0,0.0
18.18,FLIGHT,0.9702,1.5715,0.0671,0.06,0.0658,0.0587,-0.013,-0.1887,0.0046,0.0047,1.0231,-0.0502,1.5888,0.000221,-0.0,0.0
18.185,FLIGHT,0.9705,1.5718,0.0657,0.0586,0.0645,0.0573,-0.013,-0.1887,0.0045,0.0045,1.0222,-0.0503,1.589,0.00022,-0.0,0.0
18.19,FLIGHT,0.9708,1.5721,0.0644,0.0572,0.0633,0.0559,-0.013,-0.1886,0.0045,0.0044,1.0212,-0.0504,1.5891,0.00022,-0.0,0.0
18.195,FLIGHT,0.9711,1.5724,0.0631,0.0558,0.062,0.0546,-0.013,-0.1886,0.0044,0.0043,1.0203,-0.0505,1.5893,0.00022,-0.0,0.0
18.2,FLIGHT,0.9714,1.5726,0.0619,0.0545,0.0608,0.0533,-0.0129,-0.1886,0.0043,0.0042,1.0193,-0.0506,1.5894,0.00022,-0.0,0.0
18.205,FLIGHT,0.9717,1.5729,0.0606,0.0532,0.0595,0.052,-0.0129,-0.1886,0.0043,0.0041,1.0183,-0.0508,1.5895,0.00022,-0.0,0.0
18.21,FLIGHT,0.972,1.5732,0.0594,0.0519,0.0583,0.0508,-0.0129,-0.1885,0.0042,0.004,1.0173,-0.0509,1.5897,0.00022,-0.0,0.0
18.215,FLIGHT,0.9723,1.5734,0.0582,0.0507,0.0572,0.0496,-0.0129,-0.1885,0.0042,0.0039,1.0163,-0.051,1.5898,0.00022,-0.0,0.0
18.22,FLIGHT,0.9726,1.5737,0.0571,0.0495,0.056,0.0485,-0.0129,-0.1885,0.0041,0.0038,1.0152,-0.0511,1.5899,0.00022,-0.0,0.0
18.225,FLIGHT,0.9729,1.5739,0.0559,0.0484,0.0549,0.0474,-0.0128,-0.1885,0.004,0.0037,1.0142,-0.0512,1.5901,0.00022,-0.0,0.0
18.23,FLIGHT,0.9731,1.5741,0.0548,0.0472,0.0538,0.0463,-0.0128,-0.1885,0.004,0.0037,1.0131,-0.0513,1.5902,0.000219,-0.0,0.0
18.235,FLIGHT,0.9734,1.5744,0.0537,0.0462,0.0527,0.0452,-0.0128,-0.1885,0.0039,0.0036,1.012,-0.0515,1.5903,0.000219,-0.0,0.0
18.24,FLIGHT,0.9737,1.5746,0.0526,0.0451,0.0516,0.0442,-0.0128,-0.1884,0.0038,0.0035,1.0109,-0.0516,1.5905,0.000219,-0.0,0.0
18.245,FLIGHT,0.9739,1.5748,0.0515,0.0441,0.0505,0.0432,-0.0128,-0.1884,0.0038,0.0034,1.0098,-0.0517,1.5906,0.000219,-0.0,0.0
18.25,FLIGHT,0.9742,1.575,0.0504,0.0431,0.0495,0.0422,-0.0127,-0.1884,0.0037,0.0033,1.0087,-0.0518,1.5907,0.000219,-0.0,0.0
18.255,FLIGHT,0.9744,1.5752,0.0494,0.0421,0.0485,0.0413,-0.0127,-0.1884,0.0036,0.0033,1.0075,-0.0519,1.5908,0.000219,-0.0,0.0
18.26,FLIGHT,0.9747,1.5754,0.0484,0.0412,0.0475,0.0404,-0.0127,-0.1884,0.0036,0.0032,1.0064,-0.052,1.5909,0.000219,-0.0,0.0
18.265,FLIGHT,0.9749,1.5756,0.0474,0.0403,0.0465,0.0395,-0.0127,-0.1884,0.0035,0.0031,1.0052,-0.0521,1.591,0.000219,-0.0,0.0
18.27,FLIGHT,0.9751,1.5758,0.0464,0.0394,0.0455,0.0386,-0.0127,-0.1883,0.0034,0.003,1.0041,-0.0522,1.5912,0.000219,-0.0,0.0
18.275,FLIGHT,0.9753,1.576,0.0454,0.0386,0.0445,0.0378,-0.0127,-0.1883,0.0034,0.003,1.0029,-0.0523,1.5913,0.000219,-0.0,0.0
18.28,FLIGHT,0.9756,1.5762,0.0444,0.0377,0.0436,0.037,-0.0126,-0.1883,0.0033,0.0029,1.0017,-0.0524,1.5914,0.000219,-0.0,0.0
18.285,FLIGHT,0.9758,1.5764,0.0435,0.0369,0.0426,0.0362,-0.0126,-0.1883,0.0032,0.0029,1.0004,-0.0525,1.5915,0.000219,-0.0,0.0
18.29,STANCE,0.9764,1.5769,0.1125,0.0945,0.428,0.1993,-0.0126,-0.1883,0.0085,0.0073,0.9993,0.1432,-0.2804,-0.000214,-0.3587,0.0719
18.295,STANCE,0.9806,1.5759,0.6434,-0.1674,1.0246,-0.9307,-0.0117,-0.1884,0.1438,-0.0228,0.9982,-0.1933,-0.7912,-0.002682,-0.4724,0.0972
18.3,STANCE,0.9831,1.5729,0.4788,-0.3695,0.0188,0.0657,-0.0108,-0.1887,0.1404,-0.0387,0.9977,-0.3836,-1.3094,-0.00408,-0.1198,0.028
18.305,STANCE,0.9829,1.5739,0.1376,0.0129,0.0518,0.1088,-0.0109,-0.1886,0.0242,-0.0003,0.9979,-0.5261,-2.0099,-0.004338,-0.0041,0.0051
18.31,STANCE,0.9843,1.5728,0.2605,-0.1913,0.5267,-0.61,-0.0105,-0.1887,0.0751,-0.0201,0.9983,-0.8618,-2.3187,-0.004232,0.0412,0.0042
18.315,STANCE,0.9871,1.565,0.4538,-1.2265,0.6865,-1.9941,-0.0089,-0.1895,0.2534,-0.1133,0.9982,-1.2247,-2.0504,-0.003705,0.1294,0.0037
18.32,STANCE,0.9909,1.554,0.6553,-1.9587,0.7606,-2.6023,-0.0067,-0.1904,0.3948,-0.1748,0.9982,-1.5363,-1.6692,-0.002971,0.1656,0.003
18.325,STANCE,0.9964,1.5422,0.9795,-2.2312,1.3325,-2.4523,-0.004,-0.1915,0.4984,-0.1928,0.9985,-1.7957,-1.2749,-0.002594,0.016,0.0026
18.33,STANCE,1.0029,1.5285,1.1718,-2.6242,1.0858,-3.144,-0.0009,-0.1926,0.5958,-0.2157,0.9987,-1.8735,-0.6753,-0.002451,0.0769,0.0025
18.335,STANCE,1.0084,1.5134,1.1058,-2.9004,0.9485,-3.0462,0.0023,-0.1939,0.6282,-0.2262,0.999,-1.6848,-0.0449,-0.002149,0.0777,0.0021
18.34,STANCE,1.0125,1.4988,0.8882,-2.9151,0.6921,-2.7831,0.0052,-0.195,0.5933,-0.2174,0.9993,-1.2833,0.4774,-0.001727,0.0902,0.0017
18.345,STANCE,1.0149,1.4851,0.6048,-2.7767,0.3528,-2.6187,0.0077,-0.196,0.5221,-0.2004,0.9998,-0.7672,0.8739,-0.001165,0.1248,0.0012
18.35,STANCE,1.0162,1.4725,0.3543,-2.5945,0.1541,-2.4523,0.0098,-0.1969,0.4494,-0.1829,1.0003,-0.2862,1.1373,-0.0005,0.1419,0.0005
18.355,STANCE,1.0168,1.4607,0.1984,-2.4356,0.1054,-2.3152,0.0116,-0.1977,0.3978,-0.1682,1.0008,-0.0109,1.2452,0.000198,0.126,0.0
18.36,FLIGHT,1.0166,1.4504,0.0046,-2.1296,-0.3808,-1.53,0.0131,-0.1984,0.3159,-0.1458,1.0015,-1.151,2.4645,0.000692,0.0749,0.0
18.365,FLIGHT,1.0128,1.4455,-0.5488,-1.2823,-1.0975,-0.4477,0.0131,-0.1988,0.0807,-0.0948,1.0025,-0.9683,2.3066,0.000972,0.0395,0.0
18.37,FLIGHT,1.006,1.4454,-1.1312,-0.3905,-1.6027,0.3417,0.0117,-0.1989,-0.1674,-0.0404,1.0037,-0.7202,2.0997,0.001105,0.0154,0.0
18.375,FLIGHT,0.9972,1.4484,-1.5721,0.3152,-1.8852,0.8412,0.0095,-0.1988,-0.3588,0.0074,1.0051,-0.4873,1.9082,0.00114,-0.0003,0.0001
18.38,FLIGHT,0.9875,1.4534,-1.8302,0.7851,-1.9826,1.1051,0.0069,-0.1985,-0.4777,0.0449,1.0065,-0.2994,1.7555,0.001112,-0.0103,0.0021
18.385,FLIGHT,0.9776,1.4592,-1.924,1.0452,-1.9456,1.1988,0.0041,-0.1981,-0.5322,0.0711,1.008,-0.1612,1.6447,0.001045,-0.0161,0.0032
18.39,FLIGHT,0.9682,1.4652,-1.8928,1.1463,-1.8213,1.1813,0.0014,-0.1977,-0.5385,0.0865,1.0095,-0.0666,1.5704,0.000956,-0.019,0.0038
18.395,FLIGHT,0.9595,1.4709,-1.7774,1.1396,-1.6472,1.0987,-0.0012,-0.1973,-0.5126,0.093,1.011,-0.006,1.5244,0.000858,-0.0199,0.004
18.4,FLIGHT,0.9517,1.4761,-1.6123,1.0676,-1.4506,0.9842,-0.0034,-0.1968,-0.468,0.0927,1.0125,0.0299,1.4989,0.000759,-0.0195,0.0039
18.405,FLIGHT,0.945,1.4807,-1.4236,0.9621,-1.25,0.8597,-0.0054,-0.1964,-0.4145,0.0878,1.0139,0.0488,1.4873,0.000664,-0.0182,0.0036
18.41,FLIGHT,0.9392,1.4847,-1.2293,0.8447,-1.0566,0.7389,-0.0071,-0.196,-0.3587,0.0802,1.0152,0.0565,1.4847,0.000577,-0.0165,0.0033
18.415,FLIGHT,0.9344,1.4881,-1.0409,0.7291,-0.8771,0.6291,-0.0085,-0.1957,-0.3048,0.0714,1.0165,0.0573,1.4873,0.0005,-0.0145,0.0029
18.42,FLIGHT,0.9304,1.491,-0.8651,0.6232,-0.7146,0.534,-0.0097,-0.1954,-0.2551,0.0624,1.0178,0.054,1.4929,0.000433,-0.0124,0.0025
18.425,FLIGHT,0.9272,1.4935,-0.7054,0.5307,-0.57,0.4544,-0.0107,-0.1952,-0.2107,0.0539,1.019,0.0484,1.4999,0.000376,-0.0103,0.0021
18.43,FLIGHT,0.9247,1.4956,-0.5629,0.4529,-0.443,0.3897,-0.0114,-0.195,-0.1719,0.0463,1.0202,0.0419,1.5072,0.000329,-0.0085,0.0017
18.435,FLIGHT,0.9227,1.4974,-0.4375,0.3893,-0.3325,0.3385,-0.0121,-0.1948,-0.1385,0.0398,1.0213,0.0351,1.5143,0.000291,-0.0068,0.0014
18.44,FLIGHT,0.9213,1.499,-0.3282,0.3389,-0.2371,0.2991,-0.0126,-0.1946,-0.1101,0.0343,1.0224,0.0284,1.5209,0.000261,-0.0053,0.0011
18.445,FLIGHT,0.9204,1.5004,-0.2336,0.2999,-0.1552,0.2696,-0.013,-0.1945,-0.0863,0.0298,1.0235,0.0222,1.5269,0.000238,-0.0041,0.0008
18.45,FLIGHT,0.9198,1.5017,-0.1524,0.2706,-0.0852,0.2482,-0.0132,-0.1944,-0.0665,0.0263,1.0246,0.0164,1.5322,0.00022,-0.003,0.0006
18.455,FLIGHT,0.9195,1.5029,-0.083,0.2494,-0.0256,0.2335,-0.0135,-0.1942,-0.05,0.0235,1.0256,0.0112,1.5368,0.000207,-0.0021,0.0004
18.46,FLIGHT,0.9195,1.5041,-0.0238,0.2347,0.0249,0.2241,-0.0136,-0.1941,-0.0365,0.0214,1.0266,0.0065,1.5409,0.000198,-0.0014,0.0003
18.465,FLIGHT,0.9197,1.5052,0.0262,0.2252,0.0674,0.2187,-0.0137,-0.194,-0.0255,0.0199,1.0276,0.0022,1.5444,0.000193,-0.0009,0.0002
18.47,FLIGHT,0.9201,1.5063,0.0685,0.2197,0.1032,0.2163,-0.0138,-0.194,-0.0166,0.0189,1.0286,-0.0016,1.5475,0.00019,-0.0004,0.0001
18.475,FLIGHT,0.9207,1.5073,0.104,0.2173,0.133,0.2163,-0.0138,-0.1939,-0.0093,0.0182,1.0295,-0.005,1.5502,0.000188,-0.0001,0.0
18.48,FLIGHT,0.9215,1.5084,0.1336,0.2171,0.1578,0.2178,-0.0138,-0.1938,-0.0036,0.0178,1.0304,-0.008,1.5526,0.000189,0.0002,0.0
18.485,FLIGHT,0.9223,1.5095,0.1582,0.2186,0.1782,0.2204,-0.0138,-0.1937,0.001,0.0176,1.0313,-0.0107,1.5546,0.00019,0.0004,0.0
18.49,FLIGHT,0.9232,1.5106,0.1784,0.2211,0.1948,0.2237,-0.0138,-0.1936,0.0045,0.0175,1.0322,-0.0132,1.5564,0.000192,0.0005,0.0
18.495,FLIGHT,0.9243,1.5118,0.195,0.2243,0.2082,0.2273,-0.0137,-0.1935,0.0073,0.0176,1.033,-0.0154,1.558,0.000195,0.0006,0.0
18.5,FLIGHT,0.9253,1.5129,0.2083,0.2278,0.2189,0.231,-0.0137,-0.1934,0.0094,0.0177,1.0339,-0.0174,1.5595,0.000198,0.0006,0.0
18.505,FLIGHT,0.9264,1.5141,0.2188,0.2314,0.2272,0.2346,-0.0136,-0.1933,0.0109,0.0179,1.0347,-0.0192,1.5608,0.000201,0.0006,0.0
18.51,FLIGHT,0.9276,1.5153,0.2271,0.2349,0.2335,0.2379,-0.0136,-0.1932,0.012,0.0181,1.0354,-0.0209,1.5619,0.000204,0.0006,0.0
18.515,FLIGHT,0.9288,1.5165,0.2333,0.2381,0.238,0.2408,-0.0135,-0.1932,0.0128,0.0184,1.0362,-0.0224,1.563,0.000207,0.0006,0.0
18.52,FLIGHT,0.93,1.5177,0.2378,0.241,0.2411,0.2434,-0.0134,-0.1931,0.0132,0.0186,1.0369,-0.0237,1.564,0.00021,0.0006,0.0
18.525,FLIGHT,0.9312,1.5189,0.2408,0.2434,0.2429,0.2454,-0.0134,-0.193,0.0134,0.0188,1.0376,-0.025,1.5649,0.000213,0.0005,0.0
18.53,FLIGHT,0.9324,1.5201,0.2426,0.2454,0.2437,0.2469,-0.0133,-0.1929,0.0135,0.019,1.0383,-0.0262,1.5657,0.000215,0.0005,0.0
18.535,FLIGHT,0.9336,1.5214,0.2433,0.2468,0.2436,0.2479,-0.0132,-0.1928,0.0134,0.0191,1.039,-0.0272,1.5665,0.000218,0.0005,0.0
18.54,FLIGHT,0.9348,1.5226,0.2432,0.2478,0.2427,0.2484,-0.0132,-0.1927,0.0132,0.0192,1.0396,-0.0282,1.5673,0.00022,0.0004,0.0
18.545,FLIGHT,0.936,1.5238,0.2423,0.2483,0.2412,0.2484,-0.0131,-0.1926,0.013,0.0193,1.0402,-0.0291,1.568,0.000222,0.0004,0.0
18.55,FLIGHT,0.9372,1.5251,0.2407,0.2482,0.2391,0.248,-0.013,-0.1925,0.0127,0.0193,1.0408,-0.03,1.5686,0.000224,0.0003,0.0
18.555,FLIGHT,0.9384,1.5263,0.2387,0.2477,0.2366,0.2471,-0.013,-0.1924,0.0123,0.0193,1.0414,-0.0307,1.5693,0.000225,0.0003,0.0
18.56,FLIGHT,0.9396,1.5276,0.2362,0.2468,0.2338,0.2458,-0.0129,-0.1923,0.0119,0.0193,1.0419,-0.0315,1.5699,0.000226,0.0002,0.0
18.565,FLIGHT,0.9408,1.5288,0.2334,0.2455,0.2307,0.2441,-0.0129,-0.1922,0.0116,0.0192,1.0424,-0.0322,1.5705,0.000227,0.0002,0.0
18.57,FLIGHT,0.9419,1.53,0.2302,0.2437,0.2273,0.242,-0.0128,-0.1921,0.0112,0.0191,1.0429,-0.0328,1.5711,0.000228,0.0002,0.0
18.575,FLIGHT,0.943,1.5312,0.2269,0.2417,0.2238,0.2396,-0.0127,-0.192,0.0108,0.019,1.0434,-0.0334,1.5716,0.000229,0.0001,0.0
18.58,FLIGHT,0.9442,1.5324,0.2233,0.2393,0.2201,0.237,-0.0127,-0.1919,0.0104,0.0188,1.0438,-0.034,1.5722,0.00023,0.0001,0.0
18.585,FLIGHT,0.9452,1.5336,0.2196,0.2366,0.2162,0.2341,-0.0126,-0.1918,0.01,0.0186,1.0442,-0.0346,1.5727,0.00023,0.0001,0.0
18.59,FLIGHT,0.9463,1.5347,0.2158,0.2337,0.2124,0.2309,-0.0126,-0.1917,0.0097,0.0184,1.0446,-0.0351,1.5732,0.000231,0.0001,0.0
18.595,FLIGHT,0.9474,1.5359,0.2119,0.2305,0.2084,0.2276,-0.0126,-0.1916,0.0094,0.0182,1.0449,-0.0356,1.5737,0.000231,0.0,0.0
18.6,FLIGHT,0.9484,1.537,0.208,0.2271,0.2045,0.2241,-0.0125,-0.1915,0.009,0.018,1.0453,-0.036,1.5742,0.000231,0.0,0.0
18.605,FLIGHT,0.9494,1.5381,0.204,0.2236,0.2005,0.2204,-0.0125,-0.1915,0.0087,0.0177,1.0456,-0.0365,1.5746,0.000231,0.0,0.0
18.61,FLIGHT,0.9504,1.5392,0.2001,0.2199,0.1965,0.2166,-0.0124,-0.1914,0.0085,0.0174,1.0459,-0.0369,1.5751,0.000231,-0.0,0.0
18.615,FLIGHT,0.9514,1.5403,0.1961,0.2161,0.1925,0.2127,-0.0124,-0.1913,0.0082,0.0171,1.0461,-0.0373,1.5755,0.000231,-0.0,0.0
18.62,FLIGHT,0.9523,1.5413,0.1921,0.2123,0.1886,0.2087,-0.0123,-0.1912,0.008,0.0169,1.0464,-0.0377,1.576,0.000231,-0.0,0.0
18.625,FLIGHT,0.9533,1.5424,0.1882,0.2083,0.1847,0.2047,-0.0123,-0.1911,0.0077,0.0165,1.0466,-0.0381,1.5764,0.000231,-0.0,0.0
18.63,FLIGHT,0.9542,1.5434,0.1843,0.2042,0.1809,0.2006,-0.0123,-0.191,0.0075,0.0162,1.0468,-0.0385,1.5768,0.00023,-0.0,0.0
18.635,FLIGHT,0.9551,1.5444,0.1805,0.2002,0.1771,0.1965,-0.0122,-0.191,0.0073,0.0159,1.0469,-0.0388,1.5773,0.00023,-0.0001,0.0
18.64,FLIGHT,0.9559,1.5453,0.1767,0.1961,0.1733,0.1924,-0.0122,-0.1909,0.0072,0.0156,1.0471,-0.0392,1.5777,0.00023,-0.0001,0.0
18.645,FLIGHT,0.9568,1.5463,0.1729,0.1919,0.1696,0.1882,-0.0122,-0.1908,0.007,0.0153,1.0472,-0.0395,1.5781,0.000229,-0.0001,0.0
18.65,FLIGHT,0.9576,1.5472,0.1693,0.1878,0.166,0.1841,-0.0121,-0.1907,0.0068,0.015,1.0472,-0.0398,1.5784,0.000229,-0.0001,0.0
18.655,FLIGHT,0.9585,1.5481,0.1656,0.1837,0.1624,0.18,-0.0121,-0.1907,0.0067,0.0146,1.0473,-0.0401,1.5788,0.000229,-0.0001,0.0
18.66,FLIGHT,0.9593,1.549,0.1621,0.1796,0.159,0.1759,-0.0121,-0.1906,0.0066,0.0143,1.0473,-0.0404,1.5792,0.000228,-0.0001,0.0
18.665,FLIGHT,0.9601,1.5499,0.1586,0.1755,0.1555,0.1718,-0.012,-0.1905,0.0064,0.014,1.0474,-0.0407,1.5796,0.000228,-0.0001,0.0
18.67,FLIGHT,0.9608,1.5507,0.1552,0.1714,0.1522,0.1678,-0.012,-0.1905,0.0063,0.0137,1.0474,-0.041,1.5799,0.000228,-0.0001,0.0
18.675,FLIGHT,0.9616,1.5516,0.1519,0.1674,0.1489,0.1639,-0.012,-0.1904,0.0062,0.0134,1.0473,-0.0413,1.5803,0.000227,-0.0001,0.0
18.68,FLIGHT,0.9623,1.5524,0.1486,0.1635,0.1457,0.1599,-0.0119,-0.1903,0.0061,0.0131,1.0473,-0.0415,1.5806,0.000227,-0.0001,0.0
18.685,FLIGHT,0.963,1.5532,0.1454,0.1596,0.1425,0.1561,-0.0119,-0.1903,0.006,0.0127,1.0472,-0.0418,1.5809,0.000226,-0.0001,0.0
18.69,FLIGHT,0.9637,1.5539,0.1422,0.1557,0.1395,0.1523,-0.0119,-0.1902,0.006,0.0124,1.0471,-0.0421,1.5813,0.000226,-0.0001,0.0
18.695,FLIGHT,0.9644,1.5547,0.1392,0.1519,0.1365,0.1485,-0.0118,-0.1901,0.0059,0.0121,1.047,-0.0423,1.5816,0.000226,-0.0001,0.0
18.7,FLIGHT,0.9651,1.5554,0.1362,0.1482,0.1335,0.1449,-0.0118,-0.1901,0.0058,0.0118,1.0468,-0.0426,1.5819,0.000225,-0.0001,0.0
18.705,FLIGHT,0.9658,1.5561,0.1332,0.1445,0.1306,0.1413,-0.0118,-0.19,0.0057,0.0115,1.0466,-0.0428,1.5822,0.000225,-0.0001,0.0
18.71,FLIGHT,0.9664,1.5568,0.1304,0.1409,0.1278,0.1377,-0.0118,-0.19,0.0057,0.0113,1.0465,-0.043,1.5825,0.000225,-0.0001,0.0
18.715,FLIGHT,0.967,1.5575,0.1276,0.1374,0.1251,0.1343,-0.0117,-0.1899,0.0056,0.011,1.0462,-0.0432,1.5828,0.000224,-0.0001,0.0
18.72,FLIGHT,0.9677,1.5582,0.1248,0.1339,0.1224,0.1309,-0.0117,-0.1899,0.0056,0.0107,1.046,-0.0435,1.5831,0.000224,-0.0001,0.0
18.725,FLIGHT,0.9683,1.5588,0.1222,0.1306,0.1198,0.1276,-0.0117,-0.1898,0.0055,0.0104,1.0458,-0.0437,1.5834,0.000223,-0.0001,0.0
18.73,FLIGHT,0.9689,1.5595,0.1195,0.1272,0.1172,0.1243,-0.0117,-0.1898,0.0055,0.0102,1.0455,-0.0439,1.5836,0.000223,-0.0001,0.0
18.735,FLIGHT,0.9694,1.5601,0.117,0.124,0.1147,0.1211,-0.0116,-0.1897,0.0054,0.0099,1.0452,-0.0441,1.5839,0.000223,-0.0001,0.0
18.74,FLIGHT,0.97,1.5607,0.1145,0.1208,0.1123,0.118,-0.0116,-0.1897,0.0054,0.0096,1.0449,-0.0443,1.5842,0.000222,-0.0001,0.0
18.745,FLIGHT,0.9706,1.5613,0.1121,0.1177,0.1099,0.115,-0.0116,-0.1896,0.0053,0.0094,1.0445,-0.0445,1.5844,0.000222,-0.0001,0.0
18.75,FLIGHT,0.9711,1.5618,0.1097,0.1147,0.1076,0.112,-0.0115,-0.1896,0.0053,0.0091,1.0441,-0.0447,1.5847,0.000222,-0.0001,0.0
18.755,FLIGHT,0.9716,1.5624,0.1074,0.1118,0.1053,0.1092,-0.0115,-0.1895,0.0052,0.0089,1.0438,-0.0449,1.5849,0.000221,-0.0001,0.0
18.76,FLIGHT,0.9722,1.5629,0.1051,0.1089,0.1031,0.1064,-0.0115,-0.1895,0.0052,0.0087,1.0434,-0.045,1.5851,0.000221,-0.0001,0.0
18.765,FLIGHT,0.9727,1.5634,0.1029,0.1061,0.1009,0.1036,-0.0115,-0.1894,0.0051,0.0085,1.0429,-0.0452,1.5854,0.000221,-0.0001,0.0
18.77,FLIGHT,0.9732,1.564,0.1007,0.1034,0.0988,0.1009,-0.0114,-0.1894,0.0051,0.0082,1.0425,-0.0454,1.5856,0.00022,-0.0001,0.0
18.775,FLIGHT,0.9737,1.5645,0.0986,0.1007,0.0967,0.0983,-0.0114,-0.1894,0.005,0.008,1.042,-0.0456,1.5858,0.00022,-0.0001,0.0
18.78,FLIGHT,0.9741,1.5649,0.0966,0.0981,0.0947,0.0958,-0.0114,-0.1893,0.005,0.0078,1.0415,-0.0458,1.5861,0.00022,-0.0001,0.0
18.785,FLIGHT,0.9746,1.5654,0.0945,0.0956,0.0928,0.0933,-0.0114,-0.1893,0.005,0.0076,1.041,-0.0459,1.5863,0.00022,-0.0001,0.0
18.79,FLIGHT,0.9751,1.5659,0.0926,0.0931,0.0908,0.0909,-0.0113,-0.1893,0.0049,0.0074,1.0405,-0.0461,1.5865,0.000219,-0.0001,0.0
18.795,FLIGHT,0.9755,1.5663,0.0906,0.0907,0.0889,0.0886,-0.0113,-0.1892,0.0049,0.0072,1.04,-0.0462,1.5867,0.000219,-0.0,0.0
18.8,FLIGHT,0.976,1.5668,0.0888,0.0884,0.0871,0.0863,-0.0113,-0.1892,0.0048,0.007,1.0394,-0.0464,1.5869,0.000219,-0.0,0.0
18.805,FLIGHT,0.9764,1.5672,0.0869,0.0861,0.0853,0.0841,-0.0113,-0.1891,0.0048,0.0068,1.0388,-0.0466,1.5871,0.000219,-0.0,0.0
18.81,FLIGHT,0.9768,1.5676,0.0851,0.0839,0.0835,0.0819,-0.0112,-0.1891,0.0047,0.0067,1.0382,-0.0467,1.5873,0.000218,-0.0,0.0
18.815,FLIGHT,0.9772,1.568,0.0834,0.0817,0.0818,0.0798,-0.0112,-0.1891,0.0047,0.0065,1.0376,-0.0469,1.5875,0.000218,-0.0,0.0
18.82,FLIGHT,0.9776,1.5684,0.0817,0.0796,0.0801,0.0778,-0.0112,-0.1891,0.0047,0.0063,1.037,-0.047,1.5876,0.000218,-0.0,0.0
18.825,FLIGHT,0.978,1.5688,0.08,0.0776,0.0785,0.0758,-0.0112,-0.189,0.0046,0.0062,1.0363,-0.0471,1.5878,0.000218,-0.0,0.0
18.83,FLIGHT,0.9784,1.5692,0.0783,0.0756,0.0769,0.0739,-0.0112,-0.189,0.0046,0.006,1.0356,-0.0473,1.588,0.000218,-0.0,0.0
18.835,FLIGHT,0.9788,1.5695,0.0767,0.0737,0.0753,0.072,-0.0111,-0.189,0.0045,0.0058,1.0349,-0.0474,1.5882,0.000217,-0.0,0.0
18.84,FLIGHT,0.9792,1.5699,0.0752,0.0718,0.0738,0.0702,-0.0111,-0.1889,0.0045,0.0057,1.0342,-0.0476,1.5884,0.000217,-0.0,0.0
18.845,FLIGHT,0.9795,1.5702,0.0736,0.07,0.0723,0.0684,-0.0111,-0.1889,0.0044,0.0055,1.0335,-0.0477,1.5885,0.000217,-0.0,0.0
18.85,FLIGHT,0.9799,1.5706,0.0721,0.0683,0.0708,0.0667,-0.0111,-0.1889,0.0044,0.0054,1.0328,-0.0478,1.5887,0.000217,-0.0,0.0
18.855,FLIGHT,0.9802,1.5709,0.0706,0.0665,0.0693,0.065,-0.011,-0.1889,0.0043,0.0053,1.032,-0.048,1.5888,0.000217,-0.0,0.0
18.86,FLIGHT,0.9806,1.5712,0.0692,0.0649,0.0679,0.0634,-0.011,-0.1888,0.0043,0.0051,1.0312,-0.0481,1.589,0.000217,-0.0,0.0
18.865,FLIGHT,0.9809,1.5715,0.0678,0.0632,0.0665,0.0618,-0.011,-0.1888,0.0042,0.005,1.0304,-0.0482,1.5892,0.000216,-0.0,0.0
18.87,FLIGHT,0.9812,1.5718,0.0664,0.0617,0.0652,0.0603,-0.011,-0.1888,0.0042,0.0049,1.0296,-0.0484,1.5893,0.000216,-0.0,0.0
18.875,FLIGHT,0.9816,1.5721,0.0651,0.0601,0.0639,0.0588,-0.011,-0.1888,0.0041,0.0047,1.0288,-0.0485,1.5895,0.000216,-0.0,0.0
18.88,FLIGHT,0.9819,1.5724,0.0637,0.0587,0.0626,0.0573,-0.0109,-0.1887,0.0041,0.0046,1.0279,-0.0486,1.5896,0.000216,-0.0,0.0
18.885,FLIGHT,0.9822,1.5727,0.0624,0.0572,0.0613,0.0559,-0.0109,-0.1887,0.004,0.0045,1.0271,-0.0487,1.5897,0.000216,-0.0,0.0
18.89,FLIGHT,0.9825,1.573,0.0612,0.0558,0.06,0.0546,-0.0109,-0.1887,0.004,0.0044,1.0262,-0.0488,1.5899,0.000216,-0.0,0.0
18.895,FLIGHT,0.9828,1.5732,0.0599,0.0544,0.0588,0.0532,-0.0109,-0.1887,0.0039,0.0043,1.0253,-0.049,1.59,0.000216,-0.0,0.0
18.9,FLIGHT,0.9831,1.5735,0.0587,0.0531,0.0576,0.052,-0.0109,-0.1886,0.0039,0.0042,1.0244,-0.0491,1.5902,0.000216,-0.0,0.0
18.905,FLIGHT,0.9834,1.5738,0.0575,0.0518,0.0564,0.0507,-0.0108,-0.1886,0.0038,0.0041,1.0235,-0.0492,1.5903,0.000216,-0.0,0.0
18.91,FLIGHT,0.9836,1.574,0.0563,0.0506,0.0553,0.0495,-0.0108,-0.1886,0.0038,0.004,1.0225,-0.0493,1.5904,0.000215,-0.0,0.0
18.915,FLIGHT,0.9839,1.5743,0.0552,0.0494,0.0541,0.0483,-0.0108,-0.1886,0.0037,0.0039,1.0216,-0.0494,1.5906,0.000215,-0.0,0.0
18.92,FLIGHT,0.9842,1.5745,0.054,0.0482,0.053,0.0472,-0.0108,-0.1886,0.0037,0.0038,1.0206,-0.0495,1.5907,0.000215,-0.0,0.0
18.925,FLIGHT,0.9844,1.5747,0.0529,0.0471,0.0519,0.046,-0.0108,-0.1886,0.0036,0.0037,1.0196,-0.0496,1.5908,0.000215,-0.0,0.0
18.93,FLIGHT,0.9847,1.575,0.0518,0.0459,0.0508,0.045,-0.0108,-0.1885,0.0035,0.0036,1.0186,-0.0498,1.5909,0.000215,-0.0,0.0
18.935,FLIGHT,0.985,1.5752,0.0507,0.0449,0.0498,0.0439,-0.0107,-0.1885,0.0035,0.0035,1.0176,-0.0499,1.591,0.000215,-0.0,0.0
18.94,FLIGHT,0.9852,1.5754,0.0497,0.0438,0.0487,0.0429,-0.0107,-0.1885,0.0034,0.0034,1.0165,-0.05,1.5912,0.000215,-0.0,0.0
18.945,FLIGHT,0.9854,1.5756,0.0486,0.0428,0.0477,0.0419,-0.0107,-0.1885,0.0034,0.0034,1.0155,-0.0501,1.5913,0.000215,-0.0,0.0
18.95,FLIGHT,0.9857,1.5758,0.0476,0.0418,0.0467,0.0409,-0.0107,-0.1885,0.0033,0.0033,1.0144,-0.0502,1.5914,0.000215,-0.0,0.0
18.955,FLIGHT,0.9859,1.576,0.0466,0.0409,0.0457,0.04,-0.0107,-0.1884,0.0033,0.0032,1.0134,-0.0503,1.5915,0.000215,-0.0,0.0
18.96,FLIGHT,0.9861,1.5762,0.0456,0.0399,0.0448,0.0391,-0.0107,-0.1884,0.0032,0.0031,1.0123,-0.0504,1.5916,0.000215,-0.0,0.0
18.965,FLIGHT,0.9864,1.5764,0.0447,0.039,0.0438,0.0382,-0.0106,-0.1884,0.0031,0.0031,1.0112,-0.0505,1.5917,0.000215,-0.0,0.0
18.97,FLIGHT,0.9866,1.5766,0.0437,0.0382,0.0429,0.0374,-0.0106,-0.1884,0.0031,0.003,1.01,-0.0506,1.5918,0.000215,-0.0,0.0
18.975,FLIGHT,0.9868,1.5768,0.0428,0.0373,0.0419,0.0365,-0.0106,-0.1884,0.003,0.0029,1.0089,-0.0507,1.5919,0.000215,-0.0,0.0
18.98,FLIGHT,0.987,1.577,0.0419,0.0365,0.041,0.0357,-0.0106,-0.1884,0.0029,0.0029,1.0078,-0.0508,1.592,0.000214,-0.0,0.0
18.985,FLIGHT,0.9872,1.5771,0.0409,0.0357,0.0401,0.035,-0.0106,-0.1884,0.0029,0.0028,1.0066,-0.0509,1.5922,0.000214,-0.0,0.0
18.99,FLIGHT,0.9874,1.5773,0.04,0.0349,0.0392,0.0342,-0.0106,-0.1883,0.0028,0.0027,1.0054,-0.051,1.5923,0.000214,-0.0,0.0
18.995,FLIGHT,0.9876,1.5775,0.0392,0.0341,0.0384,0.0335,-0.0105,-0.1883,0.0027,0.0027,1.0043,-0.0511,1.5924,0.000214,-0.0,0.0
19.0,FLIGHT,0.9878,1.5776,0.0383,0.0334,0.0375,0.0328,-0.0105,-0.1883,0.0027,0.0026,1.0031,-0.0512,1.5925,0.000214,-0.0,0.0
19.005,FLIGHT,0.988,1.5778,0.0374,0.0327,0.0367,0.0321,-0.0105,-0.1883,0.0026,0.0026,1.0019,-0.0513,1.5925,0.000214,-0.0,0.0
19.01,FLIGHT,0.9881,1.578,0.0366,0.032,0.0358,0.0314,-0.0105,-0.1883,0.0026,0.0025,1.0006,-0.0514,1.5926,0.000214,-0.0,0.0
19.015,STANCE,0.9884,1.5782,0.0464,0.0457,0.1617,0.2019,-0.0105,-0.1883,0.0025,0.0037,0.9995,0.1285,-0.0368,0.000151,-0.1517,0.0303
19.02,STANCE,0.9913,1.5791,0.4641,0.1164,1.0286,-0.1153,-0.0101,-0.1882,0.0716,0.0058,0.9985,-0.0965,-0.6514,-0.001785,-0.5134,0.1045
19.025,STANCE,0.9949,1.5771,0.5732,-0.2085,0.1816,-0.0314,-0.0091,-0.1884,0.1364,-0.0239,0.9979,-0.3728,-1.1245,-0.003546,-0.1611,0.0358
19.03,STANCE,0.9951,1.5779,0.205,0.051,0.0423,0.1627,-0.0092,-0.1884,0.0317,0.0027,0.998,-0.5135,-1.8,-0.003927,-0.0188,0.0077
19.035,STANCE,0.9962,1.5775,0.2339,-0.0783,0.4197,-0.4045,-0.0089,-0.1884,0.0547,-0.0091,0.9983,-0.8304,-2.1958,-0.003869,0.0355,0.0039
19.04,STANCE,0.9987,1.5719,0.4122,-0.9054,0.5546,-1.8413,-0.0077,-0.1889,0.2019,-0.0832,0.9983,-1.2075,-2.0989,-0.003448,0.1314,0.0034
19.045,STANCE,1.0023,1.5626,0.6183,-1.5951,0.6563,-2.4048,-0.0057,-0.1898,0.3376,-0.1417,0.9983,-1.5515,-1.826,-0.002788,0.1816,0.0028
19.05,STANCE,1.0074,1.5514,0.925,-2.0403,1.2985,-2.3838,-0.0032,-0.1908,0.461,-0.1751,0.9985,-1.8488,-1.438,-0.002364,0.0154,0.0024
19.055,STANCE,1.0137,1.5378,1.144,-2.5431,1.2359,-2.9328,-0.0001,-0.1919,0.5784,-0.2076,0.9987,-1.9915,-0.8476,-0.002235,0.0316,0.0022
19.06,STANCE,1.0196,1.5231,1.1478,-2.8193,1.0721,-2.9168,0.0031,-0.1931,0.6241,-0.2182,0.9988,-1.8834,-0.2486,-0.002076,0.0381,0.0021
19.065,STANCE,1.0239,1.5085,0.9293,-2.876,0.7103,-2.7884,0.006,-0.1942,0.5953,-0.2128,0.9991,-1.5167,0.2837,-0.001758,0.0715,0.0018
19.07,STANCE,1.0265,1.495,0.6309,-2.7534,0.3536,-2.6099,0.0085,-0.1952,0.5236,-0.1973,0.9995,-0.9985,0.7024,-0.0013,0.1056,0.0013
19.075,STANCE,1.0276,1.4824,0.3476,-2.5839,0.102,-2.4688,0.0106,-0.1961,0.4465,-0.1813,0.9999,-0.4639,1.0106,-0.000718,0.1305,0.0007
19.08,STANCE,1.028,1.4706,0.1714,-2.4184,0.0474,-2.314,0.0124,-0.1969,0.39,-0.1667,1.0004,-0.0844,1.1806,-9.1e-05,0.1299,0.0001
19.085,FLIGHT,1.0281,1.4592,0.061,-2.3105,-0.1365,-2.0245,0.0141,-0.1977,0.3542,-0.1565,1.001,-1.2215,2.5265,0.00047,0.0875,0.0
19.09,FLIGHT,1.0254,1.4522,-0.3971,-1.6282,-0.9401,-0.8176,0.0146,-0.1982,0.1629,-0.1157,1.0018,-1.104,2.4205,0.000809,0.0499,0.0
19.095,FLIGHT,1.019,1.4506,-1.0206,-0.6938,-1.5586,0.119,0.0136,-0.1984,-0.0997,-0.0612,1.0029,-0.8599,2.2149,0.000988,0.0234,0.0
19.1,FLIGHT,1.0102,1.4529,-1.5473,0.1179,-1.9416,0.7445,0.0115,-0.1983,-0.3243,-0.0095,1.0042,-0.6054,2.0043,0.001058,0.0057,0.0
19.105,FLIGHT,1.0,1.4576,-1.891,0.6938,-2.1132,1.1,0.0088,-0.1981,-0.4761,0.0334,1.0056,-0.3892,1.8273,0.001055,-0.0058,0.0012
19.11,FLIGHT,0.9893,1.4635,-2.0519,1.0366,-2.1233,1.2515,0.0058,-0.1978,-0.5561,0.0653,1.007,-0.2246,1.6941,0.001007,-0.0128,0.0026
19.115,FLIGHT,0.9789,1.4699,-2.0651,1.1924,-2.0236,1.2645,0.0028,-0.1973,-0.5789,0.0858,1.0085,-0.1084,1.6017,0.000932,-0.0167,0.0033
19.12,FLIGHT,0.9692,1.476,-1.9738,1.2157,-1.8575,1.1924,0.0,-0.1969,-0.5618,0.0962,1.01,-0.0318,1.5424,0.000844,-0.0184,0.0037
19.125,FLIGHT,0.9604,1.4817,-1.8173,1.1551,-1.6576,1.0752,-0.0025,-0.1964,-0.5202,0.0983,1.0114,0.0154,1.5076,0.000751,-0.0185,0.0037
19.13,FLIGHT,0.9527,1.4867,-1.6261,1.0481,-1.4465,0.9403,-0.0047,-0.1959,-0.4657,0.0947,1.0128,0.0418,1.4901,0.000661,-0.0176,0.0035
19.135,FLIGHT,0.946,1.4911,-1.4222,0.9215,-1.2388,0.8049,-0.0067,-0.1955,-0.4065,0.0874,1.0141,0.0543,1.4839,0.000576,-0.0162,0.0032
19.14,FLIGHT,0.9403,1.4948,-1.2203,0.7924,-1.0434,0.6794,-0.0083,-0.1952,-0.348,0.0782,1.0154,0.0579,1.4847,0.0005,-0.0144,0.0029
19.145,FLIGHT,0.9355,1.4979,-1.0292,0.6715,-0.8646,0.5687,-0.0097,-0.1949,-0.2932,0.0683,1.0166,0.056,1.4895,0.000433,-0.0124,0.0025
19.15,FLIGHT,0.9316,1.5005,-0.8538,0.5641,-0.7045,0.4748,-0.0108,-0.1946,-0.2436,0.0587,1.0178,0.0511,1.4963,0.000375,-0.0105,0.0021
19.155,FLIGHT,0.9284,1.5027,-0.6961,0.4724,-0.563,0.3975,-0.0117,-0.1944,-0.2,0.05,1.019,0.0447,1.5039,0.000328,-0.0086,0.0017
19.16,FLIGHT,0.9259,1.5045,-0.5565,0.3966,-0.4394,0.3356,-0.0124,-0.1942,-0.1622,0.0423,1.0201,0.0377,1.5115,0.000289,-0.007,0.0014
19.165,FLIGHT,0.924,1.5061,-0.4342,0.3357,-0.3322,0.2873,-0.013,-0.194,-0.13,0.0357,1.0212,0.0307,1.5187,0.000258,-0.0055,0.0011
19.17,FLIGHT,0.9226,1.5074,-0.3281,0.288,-0.2399,0.2506,-0.0135,-0.1939,-0.1028,0.0303,1.0223,0.0241,1.5253,0.000233,-0.0042,0.0008
19.175,FLIGHT,0.9216,1.5086,-0.2366,0.2516,-0.1608,0.2237,-0.0138,-0.1938,-0.08,0.026,1.0233,0.0179,1.5311,0.000215,-0.0032,0.0006
19.18,FLIGHT,0.9209,1.5097,-0.1581,0.2249,-0.0932,0.2047,-0.0141,-0.1937,-0.0611,0.0226,1.0243,0.0123,1.5362,0.000201,-0.0023,0.0005
19.185,FLIGHT,0.9206,1.5107,-0.0911,0.2059,-0.0358,0.192,-0.0143,-0.1936,-0.0455,0.02,1.0253,0.0072,1.5407,0.000192,-0.0015,0.0003
19.19,FLIGHT,0.9206,1.5116,-0.0341,0.1933,0.0128,0.1844,-0.0144,-0.1935,-0.0328,0.0181,1.0262,0.0026,1.5446,0.000186,-0.0009,0.0002
19.195,FLIGHT,0.9207,1.5125,0.0141,0.1856,0.0538,0.1806,-0.0145,-0.1934,-0.0224,0.0167,1.0272,-0.0015,1.548,0.000182,-0.0005,0.0001
19.2,FLIGHT,0.9211,1.5134,0.0549,0.1817,0.0882,0.1796,-0.0146,-0.1933,-0.014,0.0157,1.0281,-0.0051,1.5509,0.000181,-0.0001,0.0
19.205,FLIGHT,0.9216,1.5143,0.089,0.1807,0.117,0.1808,-0.0146,-0.1932,-0.0072,0.0152,1.029,-0.0084,1.5534,0.000181,0.0002,0.0
19.21,FLIGHT,0.9223,1.5152,0.1176,0.1818,0.1409,0.1835,-0.0146,-0.1932,-0.0019,0.0148,1.0298,-0.0113,1.5556,0.000183,0.0004,0.0
19.215,FLIGHT,0.923,1.5162,0.1413,0.1843,0.1606,0.1871,-0.0146,-0.1931,0.0024,0.0147,1.0307,-0.0139,1.5576,0.000185,0.0005,0.0
19.22,FLIGHT,0.9239,1.5171,0.1609,0.1878,0.1767,0.1913,-0.0145,-0.193,0.0057,0.0148,1.0315,-0.0163,1.5592,0.000188,0.0006,0.0
19.225,FLIGHT,0.9248,1.5181,0.1769,0.1919,0.1897,0.1957,-0.0145,-0.193,0.0082,0.0149,1.0323,-0.0184,1.5607,0.000191,0.0007,0.0
19.23,FLIGHT,0.9258,1.5191,0.1898,0.1962,0.2001,0.2001,-0.0144,-0.1929,0.0101,0.0151,1.0331,-0.0203,1.5621,0.000195,0.0007,0.0
19.235,FLIGHT,0.9268,1.5201,0.2001,0.2006,0.2082,0.2044,-0.0144,-0.1928,0.0115,0.0154,1.0339,-0.022,1.5633,0.000198,0.0007,0.0
19.24,FLIGHT,0.9278,1.5211,0.2081,0.2047,0.2144,0.2083,-0.0143,-0.1927,0.0124,0.0157,1.0346,-0.0236,1.5643,0.000201,0.0007,0.0
19.245,FLIGHT,0.9289,1.5221,0.2142,0.2086,0.2189,0.2119,-0.0142,-0.1926,0.0131,0.016,1.0353,-0.025,1.5653,0.000205,0.0006,0.0
19.25,FLIGHT,0.93,1.5232,0.2187,0.2121,0.2221,0.215,-0.0142,-0.1926,0.0135,0.0162,1.036,-0.0263,1.5662,0.000208,0.0006,0.0
19.255,FLIGHT,0.9311,1.5243,0.2218,0.2151,0.224,0.2176,-0.0141,-0.1925,0.0136,0.0165,1.0366,-0.0275,1.567,0.000211,0.0006,0.0
19.26,FLIGHT,0.9323,1.5254,0.2237,0.2176,0.2249,0.2196,-0.014,-0.1924,0.0136,0.0167,1.0373,-0.0285,1.5678,0.000214,0.0005,0.0
19.265,FLIGHT,0.9334,1.5265,0.2246,0.2196,0.225,0.2212,-0.014,-0.1923,0.0135,0.0169,1.0379,-0.0295,1.5685,0.000216,0.0005,0.0
19.27,FLIGHT,0.9345,1.5276,0.2246,0.2211,0.2243,0.2222,-0.0139,-0.1922,0.0133,0.017,1.0385,-0.0305,1.5692,0.000218,0.0004,0.0
19.275,FLIGHT,0.9356,1.5287,0.224,0.2221,0.2231,0.2227,-0.0138,-0.1921,0.013,0.0171,1.0391,-0.0313,1.5698,0.00022,0.0004,0.0
19.28,FLIGHT,0.9367,1.5298,0.2227,0.2225,0.2213,0.2227,-0.0138,-0.192,0.0127,0.0172,1.0396,-0.0321,1.5704,0.000222,0.0003,0.0
19.285,FLIGHT,0.9378,1.5309,0.2209,0.2225,0.2191,0.2223,-0.0137,-0.192,0.0123,0.0172,1.0401,-0.0328,1.571,0.000223,0.0003,0.0
19.29,FLIGHT,0.9389,1.532,0.2187,0.2221,0.2166,0.2215,-0.0137,-0.1919,0.012,0.0173,1.0406,-0.0335,1.5716,0.000225,0.0002,0.0
19.295,FLIGHT,0.94,1.5332,0.2162,0.2212,0.2138,0.2203,-0.0136,-0.1918,0.0116,0.0172,1.0411,-0.0342,1.5721,0.000226,0.0002,0.0
19.3,FLIGHT,0.9411,1.5343,0.2134,0.22,0.2108,0.2187,-0.0135,-0.1917,0.0112,0.0172,1.0415,-0.0348,1.5726,0.000227,0.0002,0.0
19.305,FLIGHT,0.9421,1.5353,0.2104,0.2184,0.2076,0.2168,-0.0135,-0.1916,0.0108,0.0171,1.0419,-0.0353,1.5731,0.000228,0.0001,0.0
19.31,FLIGHT,0.9431,1.5364,0.2072,0.2165,0.2042,0.2146,-0.0134,-0.1915,0.0104,0.0169,1.0423,-0.0359,1.5736,0.000228,0.0001,0.0
19.315,FLIGHT,0.9442,1.5375,0.2038,0.2143,0.2008,0.2122,-0.0134,-0.1915,0.0101,0.0168,1.0427,-0.0364,1.5741,0.000229,0.0001,0.0
19.32,FLIGHT,0.9451,1.5385,0.2004,0.2118,0.1973,0.2095,-0.0133,-0.1914,0.0097,0.0166,1.043,-0.0369,1.5745,0.000229,0.0001,0.0
19.325,FLIGHT,0.9461,1.5396,0.1969,0.2091,0.1937,0.2066,-0.0133,-0.1913,0.0094,0.0164,1.0434,-0.0373,1.575,0.000229,0.0,0.0
19.33,FLIGHT,0.9471,1.5406,0.1933,0.2063,0.1901,0.2036,-0.0132,-0.1912,0.0091,0.0162,1.0437,-0.0377,1.5754,0.00023,0.0,0.0
19.335,FLIGHT,0.948,1.5416,0.1897,0.2032,0.1864,0.2004,-0.0132,-0.1911,0.0088,0.016,1.0439,-0.0382,1.5759,0.00023,0.0,0.0
19.34,FLIGHT,0.9489,1.5426,0.1861,0.2,0.1828,0.197,-0.0132,-0.191,0.0085,0.0158,1.0442,-0.0386,1.5763,0.00023,-0.0,0.0
19.345,FLIGHT,0.9499,1.5436,0.1824,0.1966,0.1792,0.1936,-0.0131,-0.191,0.0083,0.0155,1.0444,-0.0389,1.5767,0.00023,-0.0,0.0
19.35,FLIGHT,0.9507,1.5445,0.1788,0.1932,0.1756,0.1901,-0.0131,-0.1909,0.008,0.0153,1.0446,-0.0393,1.5771,0.00023,-0.0,0.0
19.355,FLIGHT,0.9516,1.5455,0.1752,0.1897,0.172,0.1865,-0.013,-0.1908,0.0078,0.015,1.0448,-0.0397,1.5775,0.000229,-0.0,0.0
19.36,FLIGHT,0.9525,1.5464,0.1717,0.1861,0.1685,0.1828,-0.013,-0.1907,0.0076,0.0147,1.0449,-0.04,1.5779,0.000229,-0.0,0.0
19.365,FLIGHT,0.9533,1.5473,0.1682,0.1824,0.165,0.1791,-0.013,-0.1907,0.0074,0.0145,1.045,-0.0403,1.5783,0.000229,-0.0,0.0
19.37,FLIGHT,0.9541,1.5482,0.1647,0.1787,0.1616,0.1754,-0.0129,-0.1906,0.0073,0.0142,1.0451,-0.0406,1.5786,0.000229,-0.0001,0.0
19.375,FLIGHT,0.9549,1.5491,0.1613,0.175,0.1583,0.1717,-0.0129,-0.1905,0.0071,0.0139,1.0452,-0.0409,1.579,0.000229,-0.0001,0.0
19.38,FLIGHT,0.9557,1.5499,0.1579,0.1713,0.1549,0.168,-0.0129,-0.1905,0.0069,0.0136,1.0453,-0.0412,1.5793,0.000228,-0.0001,0.0
19.385,FLIGHT,0.9565,1.5507,0.1546,0.1676,0.1517,0.1643,-0.0128,-0.1904,0.0068,0.0133,1.0453,-0.0415,1.5797,0.000228,-0.0001,0.0
19.39,FLIGHT,0.9572,1.5516,0.1514,0.1639,0.1485,0.1606,-0.0128,-0.1903,0.0067,0.013,1.0453,-0.0418,1.58,0.000228,-0.0001,0.0
19.395,FLIGHT,0.9579,1.5524,0.1482,0.1602,0.1454,0.1569,-0.0128,-0.1903,0.0066,0.0127,1.0453,-0.0421,1.5804,0.000227,-0.0001,0.0
19.4,FLIGHT,0.9587,1.5531,0.1451,0.1565,0.1423,0.1533,-0.0127,-0.1902,0.0065,0.0124,1.0452,-0.0423,1.5807,0.000227,-0.0001,0.0
19.405,FLIGHT,0.9594,1.5539,0.142,0.1529,0.1393,0.1497,-0.0127,-0.1902,0.0064,0.0122,1.0452,-0.0426,1.581,0.000227,-0.0001,0.0
19.41,FLIGHT,0.9601,1.5546,0.139,0.1493,0.1363,0.1461,-0.0127,-0.1901,0.0063,0.0119,1.0451,-0.0428,1.5813,0.000226,-0.0001,0.0
19.415,FLIGHT,0.9607,1.5553,0.1361,0.1458,0.1335,0.1426,-0.0126,-0.19,0.0062,0.0116,1.045,-0.0431,1.5816,0.000226,-0.0001,0.0
19.42,FLIGHT,0.9614,1.5561,0.1332,0.1423,0.1306,0.1392,-0.0126,-0.19,0.0061,0.0113,1.0448,-0.0433,1.5819,0.000226,-0.0001,0.0
19.425,FLIGHT,0.962,1.5567,0.1304,0.1389,0.1279,0.1358,-0.0126,-0.1899,0.006,0.011,1.0447,-0.0435,1.5822,0.000225,-0.0001,0.0
19.43,FLIGHT,0.9627,1.5574,0.1276,0.1355,0.1252,0.1325,-0.0125,-0.1899,0.0059,0.0108,1.0445,-0.0438,1.5825,0.000225,-0.0001,0.0
19.435,FLIGHT,0.9633,1.5581,0.1249,0.1321,0.1226,0.1292,-0.0125,-0.1898,0.0059,0.0105,1.0443,-0.044,1.5828,0.000225,-0.0001,0.0
19.44,FLIGHT,0.9639,1.5587,0.1223,0.1289,0.12,0.126,-0.0125,-0.1898,0.0058,0.0102,1.0441,-0.0442,1.5831,0.000224,-0.0001,0.0
19.445,FLIGHT,0.9645,1.5593,0.1198,0.1257,0.1175,0.1228,-0.0125,-0.1897,0.0058,0.01,1.0438,-0.0444,1.5833,0.000224,-0.0001,0.0
19.45,FLIGHT,0.9651,1.5599,0.1172,0.1225,0.115,0.1198,-0.0124,-0.1897,0.0057,0.0097,1.0435,-0.0446,1.5836,0.000224,-0.0001,0.0
19.455,FLIGHT,0.9656,1.5605,0.1148,0.1195,0.1126,0.1167,-0.0124,-0.1896,0.0056,0.0095,1.0433,-0.0448,1.5839,0.000223,-0.0001,0.0
19.46,FLIGHT,0.9662,1.5611,0.1124,0.1165,0.1103,0.1138,-0.0124,-0.1896,0.0056,0.0092,1.043,-0.045,1.5841,0.000223,-0.0001,0.0
19.465,FLIGHT,0.9667,1.5617,0.1101,0.1135,0.108,0.1109,-0.0123,-0.1895,0.0055,0.009,1.0426,-0.0452,1.5844,0.000223,-0.0001,0.0
19.47,FLIGHT,0.9673,1.5622,0.1078,0.1106,0.1058,0.1081,-0.0123,-0.1895,0.0055,0.0088,1.0423,-0.0454,1.5846,0.000222,-0.0001,0.0
19.475,FLIGHT,0.9678,1.5627,0.1055,0.1078,0.1036,0.1053,-0.0123,-0.1894,0.0054,0.0086,1.0419,-0.0455,1.5848,0.000222,-0.0001,0.0
19.48,FLIGHT,0.9683,1.5633,0.1034,0.1051,0.1014,0.1027,-0.0123,-0.1894,0.0054,0.0083,1.0415,-0.0457,1.5851,0.000222,-0.0001,0.0
19.485,FLIGHT,0.9688,1.5638,0.1012,0.1024,0.0994,0.1,-0.0122,-0.1894,0.0053,0.0081,1.0411,-0.0459,1.5853,0.000221,-0.0001,0.0
19.49,FLIGHT,0.9693,1.5643,0.0992,0.0998,0.0973,0.0975,-0.0122,-0.1893,0.0053,0.0079,1.0407,-0.0461,1.5855,0.000221,-0.0001,0.0
19.495,FLIGHT,0.9698,1.5647,0.0971,0.0972,0.0953,0.095,-0.0122,-0.1893,0.0053,0.0077,1.0402,-0.0462,1.5857,0.000221,-0.0001,0.0
19.5,FLIGHT,0.9703,1.5652,0.0951,0.0948,0.0934,0.0926,-0.0122,-0.1893,0.0052,0.0075,1.0397,-0.0464,1.586,0.000221,-0.0001,0.0
19.505,FLIGHT,0.9707,1.5657,0.0932,0.0923,0.0915,0.0902,-0.0121,-0.1892,0.0052,0.0073,1.0392,-0.0466,1.5862,0.00022,-0.0,0.0
19.51,FLIGHT,0.9712,1.5661,0.0913,0.09,0.0896,0.0879,-0.0121,-0.1892,0.0051,0.0071,1.0387,-0.0467,1.5864,0.00022,-0.0,0.0
19.515,FLIGHT,0.9716,1.5665,0.0894,0.0877,0.0878,0.0856,-0.0121,-0.1891,0.0051,0.0069,1.0382,-0.0469,1.5866,0.00022,-0.0,0.0
19.52,FLIGHT,0.9721,1.567,0.0876,0.0854,0.086,0.0835,-0.0121,-0.1891,0.005,0.0067,1.0377,-0.047,1.5868,0.00022,-0.0,0.0
19.525,FLIGHT,0.9725,1.5674,0.0859,0.0833,0.0843,0.0813,-0.012,-0.1891,0.005,0.0066,1.0371,-0.0472,1.587,0.00022,-0.0,0.0
19.53,FLIGHT,0.9729,1.5678,0.0841,0.0811,0.0826,0.0793,-0.012,-0.1891,0.005,0.0064,1.0365,-0.0473,1.5872,0.000219,-0.0,0.0
19.535,FLIGHT,0.9733,1.5682,0.0824,0.0791,0.0809,0.0772,-0.012,-0.189,0.0049,0.0062,1.0359,-0.0475,1.5873,0.000219,-0.0,0.0
19.54,FLIGHT,0.9737,1.5686,0.0808,0.0771,0.0793,0.0753,-0.012,-0.189,0.0049,0.0061,1.0353,-0.0476,1.5875,0.000219,-0.0,0.0
19.545,FLIGHT,0.9741,1.5689,0.0792,0.0751,0.0777,0.0734,-0.0119,-0.189,0.0048,0.0059,1.0346,-0.0478,1.5877,0.000219,-0.0,0.0
19.55,FLIGHT,0.9745,1.5693,0.0776,0.0732,0.0762,0.0715,-0.0119,-0.1889,0.0048,0.0058,1.034,-0.0479,1.5879,0.000219,-0.0,0.0
19.555,FLIGHT,0.9749,1.5696,0.076,0.0714,0.0747,0.0697,-0.0119,-0.1889,0.0047,0.0056,1.0333,-0.048,1.588,0.000218,-0.0,0.0
19.56,FLIGHT,0.9752,1.57,0.0745,0.0696,0.0732,0.068,-0.0119,-0.1889,0.0047,0.0055,1.0326,-0.0482,1.5882,0.000218,-0.0,0.0
19.565,FLIGHT,0.9756,1.5703,0.073,0.0678,0.0717,0.0663,-0.0118,-0.1889,0.0046,0.0053,1.0319,-0.0483,1.5884,0.000218,-0.0,0.0
19.57,FLIGHT,0.9759,1.5707,0.0716,0.0661,0.0703,0.0646,-0.0118,-0.1888,0.0046,0.0052,1.0311,-0.0484,1.5885,0.000218,-0.0,0.0
19.575,FLIGHT,0.9763,1.571,0.0702,0.0645,0.0689,0.063,-0.0118,-0.1888,0.0045,0.0051,1.0304,-0.0486,1.5887,0.000218,-0.0,0.0
19.58,FLIGHT,0.9766,1.5713,0.0688,0.0629,0.0675,0.0615,-0.0118,-0.1888,0.0045,0.0049,1.0296,-0.0487,1.5888,0.000218,-0.0,0.0
19.585,FLIGHT,0.977,1.5716,0.0674,0.0613,0.0662,0.0599,-0.0118,-0.1888,0.0044,0.0048,1.0288,-0.0488,1.589,0.000217,-0.0,0.0
19.59,FLIGHT,0.9773,1.5719,0.0661,0.0598,0.0649,0.0585,-0.0117,-0.1887,0.0044,0.0047,1.028,-0.0489,1.5891,0.000217,-0.0,0.0
19.595,FLIGHT,0.9776,1.5722,0.0648,0.0583,0.0636,0.057,-0.0117,-0.1887,0.0043,0.0046,1.0272,-0.0491,1.5893,0.000217,-0.0,0.0
19.6,FLIGHT,0.9779,1.5725,0.0635,0.0569,0.0624,0.0556,-0.0117,-0.1887,0.0043,0.0045,1.0264,-0.0492,1.5894,0.000217,-0.0,0.0
19.605,FLIGHT,0.9782,1.5727,0.0622,0.0555,0.0611,0.0543,-0.0117,-0.1887,0.0042,0.0043,1.0255,-0.0493,1.5896,0.000217,-0.0,0.0
19.61,FLIGHT,0.9785,1.573,0.061,0.0542,0.0599,0.053,-0.0116,-0.1886,0.0042,0.0042,1.0247,-0.0494,1.5897,0.000217,-0.0,0.0
19.615,FLIGHT,0.9788,1.5733,0.0598,0.0529,0.0587,0.0517,-0.0116,-0.1886,0.0041,0.0041,1.0238,-0.0495,1.5898,0.000217,-0.0,0.0
19.62,FLIGHT,0.9791,1.5735,0.0586,0.0516,0.0576,0.0505,-0.0116,-0.1886,0.0041,0.004,1.0229,-0.0496,1.59,0.000217,-0.0,0.0
19.625,FLIGHT,0.9794,1.5738,0.0574,0.0504,0.0564,0.0493,-0.0116,-0.1886,0.004,0.0039,1.022,-0.0497,1.5901,0.000217,-0.0,0.0
19.63,FLIGHT,0.9797,1.574,0.0563,0.0492,0.0553,0.0481,-0.0116,-0.1886,0.004,0.0038,1.021,-0.0499,1.5902,0.000216,-0.0,0.0
19.635,FLIGHT,0.98,1.5742,0.0552,0.048,0.0542,0.047,-0.0115,-0.1885,0.0039,0.0037,1.0201,-0.05,1.5904,0.000216,-0.0,0.0
19.64,FLIGHT,0.9802,1.5745,0.0541,0.0469,0.0531,0.0459,-0.0115,-0.1885,0.0039,0.0037,1.0191,-0.0501,1.5905,0.000216,-0.0,0.0
19.645,FLIGHT,0.9805,1.5747,0.053,0.0458,0.052,0.0448,-0.0115,-0.1885,0.0038,0.0036,1.0182,-0.0502,1.5906,0.000216,-0.0,0.0
19.65,FLIGHT,0.9808,1.5749,0.0519,0.0447,0.051,0.0437,-0.0115,-0.1885,0.0038,0.0035,1.0172,-0.0503,1.5907,0.000216,-0.0,0.0
19.655,FLIGHT,0.981,1.5751,0.0509,0.0437,0.05,0.0427,-0.0115,-0.1885,0.0037,0.0034,1.0162,-0.0504,1.5909,0.000216,-0.0,0.0
19.66,FLIGHT,0.9813,1.5753,0.0499,0.0427,0.049,0.0418,-0.0115,-0.1885,0.0036,0.0033,1.0151,-0.0505,1.591,0.000216,-0.0,0.0
19.665,FLIGHT,0.9815,1.5756,0.0489,0.0417,0.048,0.0408,-0.0114,-0.1884,0.0036,0.0032,1.0141,-0.0506,1.5911,0.000216,-0.0,0.0
19.67,FLIGHT,0.9817,1.5758,0.0479,0.0407,0.047,0.0399,-0.0114,-0.1884,0.0035,0.0032,1.0131,-0.0507,1.5912,0.000216,-0.0,0.0
19.675,FLIGHT,0.982,1.576,0.0469,0.0398,0.046,0.039,-0.0114,-0.1884,0.0035,0.0031,1.012,-0.0508,1.5913,0.000216,-0.0,0.0
19.68,FLIGHT,0.9822,1.5761,0.0459,0.0389,0.0451,0.0381,-0.0114,-0.1884,0.0034,0.003,1.0109,-0.0509,1.5914,0.000216,-0.0,0.0
19.685,FLIGHT,0.9824,1.5763,0.045,0.038,0.0441,0.0373,-0.0114,-0.1884,0.0033,0.003,1.0098,-0.051,1.5915,0.000216,-0.0,0.0
19.69,FLIGHT,0.9826,1.5765,0.0441,0.0372,0.0432,0.0365,-0.0114,-0.1884,0.0033,0.0029,1.0087,-0.0511,1.5916,0.000216,-0.0,0.0
19.695,FLIGHT,0.9829,1.5767,0.0431,0.0364,0.0423,0.0357,-0.0113,-0.1884,0.0032,0.0028,1.0076,-0.0512,1.5917,0.000216,-0.0,0.0
19.7,FLIGHT,0.9831,1.5769,0.0422,0.0356,0.0414,0.0349,-0.0113,-0.1883,0.0031,0.0028,1.0065,-0.0513,1.5918,0.000216,-0.0,0.0
19.705,FLIGHT,0.9833,1.5771,0.0413,0.0348,0.0406,0.0341,-0.0113,-0.1883,0.0031,0.0027,1.0053,-0.0514,1.5919,0.000216,-0.0,0.0
19.71,FLIGHT,0.9835,1.5772,0.0405,0.0341,0.0397,0.0334,-0.0113,-0.1883,0.003,0.0027,1.0042,-0.0515,1.592,0.000216,-0.0,0.0
19.715,FLIGHT,0.9837,1.5774,0.0396,0.0334,0.0388,0.0327,-0.0113,-0.1883,0.003,0.0026,1.003,-0.0516,1.5921,0.000216,-0.0,0.0
19.72,FLIGHT,0.9839,1.5775,0.0387,0.0326,0.038,0.032,-0.0113,-0.1883,0.0029,0.0025,1.0018,-0.0517,1.5922,0.000215,-0.0,0.0
19.725,FLIGHT,0.984,1.5777,0.0379,0.032,0.0372,0.0314,-0.0112,-0.1883,0.0028,0.0025,1.0006,-0.0518,1.5923,0.000215,-0.0,0.0
19.73,STANCE,0.9843,1.578,0.0566,0.0577,0.1972,0.2481,-0.0112,-0.1883,0.0029,0.0046,0.9995,0.1429,-0.1511,0.000103,-0.1835,0.0367
19.735,STANCE,0.9879,1.5782,0.5622,0.0064,1.1723,-0.3166,-0.0106,-0.1883,0.105,-0.0054,0.9985,-0.1546,-0.7325,-0.001801,-0.4867,0.0991
19.74,STANCE,0.9924,1.5757,0.7178,-0.3094,0.289,-0.1387,-0.0094,-0.1885,0.1774,-0.0345,0.9979,-0.4743,-1.2028,-0.003563,-0.1536,0.0343
19.745,STANCE,0.993,1.5759,0.2968,-0.0524,0.083,0.0755,-0.0093,-0.1885,0.0631,-0.0075,0.998,-0.6025,-1.856,-0.00389,-0.0066,0.0052
19.75,STANCE,0.9941,1.5752,0.2687,-0.1426,0.4055,-0.4207,-0.009,-0.1886,0.0701,-0.0152,0.9983,-0.8922,-2.2365,-0.003767,0.0494,0.0038
19.755,STANCE,0.9965,1.5697,0.4119,-0.8843,0.593,-1.5508,-0.0078,-0.1891,0.199,-0.0814,0.9983,-1.2391,-2.1395,-0.003286,0.1237,0.0033
19.76,STANCE,0.9999,1.5608,0.6091,-1.5182,0.9068,-1.909,-0.0059,-0.1899,0.3253,-0.1353,0.9984,-1.5543,-1.8554,-0.002602,0.0933,0.0026
19.765,STANCE,1.0059,1.5497,1.0204,-2.0376,1.2291,-2.7222,-0.0033,-0.1909,0.479,-0.1752,0.9985,-1.8752,-1.3987,-0.002463,0.0274,0.0025
19.77,STANCE,1.0124,1.5354,1.216,-2.6142,1.3584,-2.912,0.0,-0.1921,0.6028,-0.2128,0.9986,-1.9849,-0.7457,-0.002417,-0.0084,0.0041
19.775,STANCE,1.0183,1.5202,1.1659,-2.9039,0.9273,-3.149,0.0033,-0.1933,0.6404,-0.2239,0.9987,-1.8278,-0.1238,-0.002322,0.0544,0.0023
19.78,STANCE,1.0225,1.5055,0.9241,-2.9186,0.6375,-2.8638,0.0062,-0.1944,0.601,-0.2152,0.999,-1.4289,0.3936,-0.002089,0.067,0.0021
19.785,STANCE,1.0249,1.4919,0.6158,-2.7638,0.354,-2.576,0.0087,-0.1954,0.5226,-0.1975,0.9993,-0.8979,0.7888,-0.001716,0.0841,0.0017
19.79,STANCE,1.0259,1.4793,0.3216,-2.5973,0.1018,-2.4506,0.0107,-0.1963,0.4438,-0.182,0.9997,-0.3722,1.0768,-0.001198,0.1121,0.0012
19.795,STANCE,1.0263,1.4675,0.1532,-2.4313,0.0613,-2.2975,0.0125,-0.1971,0.3886,-0.1673,1.0001,-0.0384,1.214,-0.00064,0.1118,0.0006
19.8,FLIGHT,1.0262,1.4566,0.0212,-2.2238,-0.2924,-1.743,0.0141,-0.1979,0.3337,-0.1509,1.0007,-1.238,2.5357,-4.5e-05,0.1368,0.0
19.805,FLIGHT,1.0227,1.4509,-0.5121,-1.4208,-1.0826,-0.5684,0.0143,-0.1983,0.1092,-0.1035,1.0015,-1.0771,2.3947,0.00052,0.0881,0.0
19.81,FLIGHT,1.0158,1.4504,-1.1399,-0.4801,-1.664,0.312,0.0129,-0.1984,-0.1552,-0.0477,1.0026,-0.8204,2.1796,0.000857,0.0489,0.0
19.815,FLIGHT,1.0065,1.4535,-1.6413,0.295,-2.0074,0.8813,0.0107,-0.1983,-0.3689,0.0033,1.0039,-0.5678,1.9711,0.001029,0.0216,0.0
19.82,FLIGHT,0.9961,1.4588,-1.9524,0.8245,-2.1459,1.1897,0.0078,-0.1981,-0.507,0.0448,1.0053,-0.3589,1.8005,0.001089,0.0036,0.0
19.825,FLIGHT,0.9853,1.4651,-2.0838,1.1251,-2.1317,1.3059,0.0048,-0.1977,-0.5746,0.0747,1.0067,-0.2026,1.6744,0.001076,-0.0078,0.0016
19.83,FLIGHT,0.9749,1.4716,-2.0744,1.2475,-2.016,1.294,0.0018,-0.1972,-0.5878,0.0932,1.0082,-0.0939,1.5883,0.001019,-0.0145,0.0029
19.835,FLIGHT,0.9653,1.4779,-1.9677,1.2467,-1.8405,1.2056,-0.001,-0.1967,-0.5642,0.1017,1.0096,-0.023,1.5339,0.000936,-0.018,0.0036
19.84,FLIGHT,0.9566,1.4836,-1.8018,1.1698,-1.636,1.0783,-0.0035,-0.1962,-0.5184,0.1023,1.011,0.02,1.5027,0.000843,-0.0192,0.0038
19.845,FLIGHT,0.9489,1.4887,-1.6058,1.0525,-1.4235,0.9374,-0.0058,-0.1958,-0.4615,0.0974,1.0123,0.0435,1.4877,0.000747,-0.019,0.0038
19.85,FLIGHT,0.9423,1.493,-1.4003,0.9196,-1.2166,0.7991,-0.0076,-0.1954,-0.4013,0.0892,1.0136,0.0541,1.4831,0.000654,-0.0178,0.0036
19.855,FLIGHT,0.9367,1.4967,-1.1989,0.7873,-1.023,0.6722,-0.0092,-0.195,-0.3425,0.0793,1.0149,0.0565,1.4849,0.000569,-0.0161,0.0032
19.86,FLIGHT,0.9321,1.4997,-1.0095,0.6648,-0.8467,0.5613,-0.0106,-0.1947,-0.2879,0.069,1.016,0.054,1.4902,0.000494,-0.0142,0.0028
19.865,FLIGHT,0.9282,1.5023,-0.8363,0.557,-0.6892,0.4676,-0.0117,-0.1944,-0.2388,0.0591,1.0172,0.0488,1.4974,0.000428,-0.0121,0.0024
19.87,FLIGHT,0.9251,1.5044,-0.6812,0.4654,-0.5504,0.3907,-0.0126,-0.1942,-0.1958,0.0501,1.0183,0.0422,1.5051,0.000372,-0.0101,0.002
19.875,FLIGHT,0.9227,1.5062,-0.5441,0.3899,-0.4293,0.3293,-0.0133,-0.194,-0.1586,0.0423,1.0194,0.0352,1.5127,0.000327,-0.0083,0.0017
19.88,FLIGHT,0.9208,1.5078,-0.4243,0.3294,-0.3243,0.2814,-0.0139,-0.1938,-0.1269,0.0356,1.0204,0.0283,1.5199,0.00029,-0.0066,0.0013
19.885,FLIGHT,0.9194,1.5091,-0.3204,0.2821,-0.234,0.2451,-0.0143,-0.1937,-0.1003,0.0302,1.0214,0.0218,1.5263,0.00026,-0.0052,0.001
19.89,FLIGHT,0.9184,1.5102,-0.2308,0.2462,-0.1566,0.2185,-0.0146,-0.1936,-0.078,0.0258,1.0224,0.0157,1.5321,0.000237,-0.004,0.0008
19.895,FLIGHT,0.9178,1.5113,-0.154,0.2197,-0.0906,0.1996,-0.0149,-0.1935,-0.0595,0.0223,1.0234,0.0102,1.5372,0.00022,-0.0029,0.0006
19.9,FLIGHT,0.9175,1.5122,-0.0885,0.2009,-0.0344,0.1871,-0.0151,-0.1934,-0.0442,0.0197,1.0243,0.0052,1.5416,0.000208,-0.0021,0.0004
19.905,FLIGHT,0.9175,1.5132,-0.0328,0.1883,0.0131,0.1794,-0.0152,-0.1933,-0.0317,0.0177,1.0252,0.0007,1.5454,0.000199,-0.0014,0.0003
19.91,FLIGHT,0.9176,1.514,0.0144,0.1806,0.0532,0.1756,-0.0153,-0.1932,-0.0216,0.0163,1.0261,-0.0033,1.5487,0.000194,-0.0008,0.0002
19.915,FLIGHT,0.918,1.5149,0.0542,0.1767,0.0868,0.1746,-0.0154,-0.1931,-0.0134,0.0154,1.027,-0.0068,1.5515,0.000191,-0.0004,0.0001
19.92,FLIGHT,0.9185,1.5158,0.0876,0.1756,0.115,0.1757,-0.0154,-0.1931,-0.0068,0.0148,1.0278,-0.01,1.554,0.000189,-0.0001,0.0
19.925,FLIGHT,0.9191,1.5167,0.1156,0.1766,0.1383,0.1782,-0.0154,-0.193,-0.0015,0.0144,1.0286,-0.0129,1.5562,0.00019,0.0002,0.0
19.93,FLIGHT,0.9199,1.5176,0.1388,0.179,0.1576,0.1817,-0.0154,-0.1929,0.0026,0.0143,1.0294,-0.0154,1.5581,0.000191,0.0003,0.0
19.935,FLIGHT,0.9207,1.5185,0.1579,0.1824,0.1734,0.1858,-0.0153,-0.1929,0.0059,0.0143,1.0302,-0.0177,1.5597,0.000193,0.0005,0.0
19.94,FLIGHT,0.9216,1.5194,0.1735,0.1864,0.1861,0.1901,-0.0153,-0.1928,0.0083,0.0145,1.0309,-0.0198,1.5612,0.000195,0.0005,0.0
19.945,FLIGHT,0.9226,1.5204,0.1862,0.1906,0.1963,0.1944,-0.0152,-0.1927,0.0102,0.0147,1.0317,-0.0216,1.5625,0.000198,0.0006,0.0
19.95,FLIGHT,0.9236,1.5214,0.1963,0.1948,0.2042,0.1986,-0.0152,-0.1926,0.0116,0.0149,1.0324,-0.0233,1.5636,0.000201,0.0006,0.0
19.955,FLIGHT,0.9246,1.5224,0.2041,0.1989,0.2103,0.2024,-0.0151,-0.1926,0.0125,0.0152,1.0331,-0.0248,1.5647,0.000204,0.0006,0.0
19.96,FLIGHT,0.9257,1.5234,0.2101,0.2027,0.2148,0.2059,-0.015,-0.1925,0.0131,0.0154,1.0337,-0.0262,1.5656,0.000207,0.0006,0.0
19.965,FLIGHT,0.9267,1.5244,0.2145,0.2061,0.2178,0.2089,-0.015,-0.1924,0.0135,0.0157,1.0344,-0.0275,1.5665,0.00021,0.0006,0.0
19.97,FLIGHT,0.9278,1.5255,0.2176,0.2091,0.2198,0.2115,-0.0149,-0.1923,0.0137,0.0159,1.035,-0.0286,1.5673,0.000213,0.0005,0.0
19.975,FLIGHT,0.9289,1.5265,0.2195,0.2115,0.2207,0.2135,-0.0148,-0.1922,0.0137,0.0161,1.0356,-0.0297,1.5681,0.000215,0.0005,0.0
19.98,FLIGHT,0.93,1.5276,0.2204,0.2135,0.2208,0.215,-0.0148,-0.1922,0.0136,0.0163,1.0361,-0.0306,1.5688,0.000217,0.0004,0.0
19.985,FLIGHT,0.9312,1.5287,0.2204,0.215,0.2202,0.2161,-0.0147,-0.1921,0.0134,0.0165,1.0367,-0.0315,1.5694,0.00022,0.0004,0.0
19.99,FLIGHT,0.9322,1.5298,0.2198,0.216,0.2189,0.2166,-0.0146,-0.192,0.0131,0.0166,1.0372,-0.0324,1.57,0.000221,0.0004,0.0
19.995,FLIGHT,0.9333,1.5309,0.2186,0.2164,0.2173,0.2167,-0.0146,-0.1919,0.0128,0.0167,1.0377,-0.0331,1.5706,0.000223,0.0003,0.0
20.0,FLIGHT,0.9344,1.5319,0.2169,0.2165,0.2151,0.2163,-0.0145,-0.1918,0.0124,0.0167,1.0382,-0.0339,1.5712,0.000225,0.0003,0.0
20.005,FLIGHT,0.9355,1.533,0.2148,0.2161,0.2127,0.2155,-0.0144,-0.1917,0.0121,0.0167,1.0386,-0.0345,1.5717,0.000226,0.0002,0.0
20.01,FLIGHT,0.9365,1.5341,0.2123,0.2153,0.21,0.2144,-0.0144,-0.1917,0.0117,0.0167,1.039,-0.0352,1.5723,0.000227,0.0002,0.0
20.015,FLIGHT,0.9376,1.5352,0.2096,0.2141,0.207,0.2128,-0.0143,-0.1916,0.0113,0.0166,1.0394,-0.0358,1.5728,0.000228,0.0002,0.0
20.02,FLIGHT,0.9386,1.5362,0.2066,0.2125,0.2039,0.211,-0.0143,-0.1915,0.0109,0.0165,1.0398,-0.0363,1.5733,0.000229,0.0001,0.0
20.025,FLIGHT,0.9396,1.5373,0.2035,0.2107,0.2007,0.2089,-0.0142,-0.1914,0.0106,0.0164,1.0402,-0.0368,1.5737,0.000229,0.0001,0.0
20.03,FLIGHT,0.9406,1.5383,0.2003,0.2086,0.1973,0.2065,-0.0142,-0.1913,0.0102,0.0163,1.0405,-0.0373,1.5742,0.00023,0.0001,0.0
20.035,FLIGHT,0.9416,1.5393,0.1969,0.2062,0.1939,0.204,-0.0141,-0.1912,0.0099,0.0161,1.0408,-0.0378,1.5747,0.00023,0.0001,0.0
20.04,FLIGHT,0.9426,1.5404,0.1935,0.2036,0.1904,0.2012,-0.0141,-0.1912,0.0096,0.016,1.0411,-0.0382,1.5751,0.00023,0.0,0.0
20.045,FLIGHT,0.9435,1.5414,0.19,0.2008,0.1869,0.1982,-0.014,-0.1911,0.0093,0.0158,1.0413,-0.0387,1.5755,0.00023,0.0,0.0
20.05,FLIGHT,0.9444,1.5423,0.1865,0.1978,0.1833,0.1951,-0.014,-0.191,0.009,0.0155,1.0415,-0.0391,1.576,0.000231,0.0,0.0
20.055,FLIGHT,0.9453,1.5433,0.183,0.1947,0.1798,0.1919,-0.0139,-0.1909,0.0087,0.0153,1.0418,-0.0395,1.5764,0.000231,0.0,0.0
20.06,FLIGHT,0.9462,1.5443,0.1794,0.1915,0.1763,0.1885,-0.0139,-0.1909,0.0084,0.0151,1.0419,-0.0398,1.5768,0.000231,-0.0,0.0
20.065,FLIGHT,0.9471,1.5452,0.1759,0.1881,0.1728,0.1851,-0.0139,-0.1908,0.0082,0.0148,1.0421,-0.0402,1.5772,0.000231,-0.0,0.0
20.07,FLIGHT,0.948,1.5461,0.1724,0.1847,0.1693,0.1816,-0.0138,-0.1907,0.008,0.0146,1.0422,-0.0405,1.5775,0.00023,-0.0,0.0
20.075,FLIGHT,0.9488,1.547,0.169,0.1812,0.1659,0.1781,-0.0138,-0.1906,0.0078,0.0143,1.0423,-0.0409,1.5779,0.00023,-0.0,0.0
20.08,FLIGHT,0.9496,1.5479,0.1655,0.1777,0.1625,0.1745,-0.0137,-0.1906,0.0076,0.014,1.0424,-0.0412,1.5783,0.00023,-0.0,0.0
20.085,FLIGHT,0.9504,1.5488,0.1622,0.1741,0.1591,0.1709,-0.0137,-0.1905,0.0074,0.0138,1.0425,-0.0415,1.5787,0.00023,-0.0,0.0
20.09,FLIGHT,0.9512,1.5496,0.1588,0.1705,0.1559,0.1673,-0.0137,-0.1904,0.0073,0.0135,1.0425,-0.0418,1.579,0.00023,-0.0001,0.0
20.095,FLIGHT,0.952,1.5504,0.1555,0.1669,0.1526,0.1637,-0.0136,-0.1904,0.0071,0.0132,1.0425,-0.0421,1.5794,0.000229,-0.0001,0.0
20.1,FLIGHT,0.9527,1.5512,0.1523,0.1633,0.1495,0.1601,-0.0136,-0.1903,0.007,0.0129,1.0425,-0.0424,1.5797,0.000229,-0.0001,0.0
20.105,FLIGHT,0.9535,1.552,0.1492,0.1597,0.1463,0.1565,-0.0136,-0.1902,0.0069,0.0126,1.0425,-0.0426,1.58,0.000229,-0.0001,0.0
20.11,FLIGHT,0.9542,1.5528,0.146,0.1561,0.1433,0.1529,-0.0135,-0.1902,0.0067,0.0124,1.0424,-0.0429,1.5804,0.000228,-0.0001,0.0
20.115,FLIGHT,0.9549,1.5536,0.143,0.1526,0.1403,0.1494,-0.0135,-0.1901,0.0066,0.0121,1.0423,-0.0431,1.5807,0.000228,-0.0001,0.0
20.12,FLIGHT,0.9556,1.5543,0.14,0.1491,0.1374,0.1459,-0.0135,-0.1901,0.0065,0.0118,1.0422,-0.0434,1.581,0.000228,-0.0001,0.0
20.125,FLIGHT,0.9563,1.555,0.1371,0.1456,0.1345,0.1425,-0.0134,-0.19,0.0064,0.0115,1.0421,-0.0436,1.5813,0.000227,-0.0001,0.0
20.13,FLIGHT,0.9569,1.5557,0.1342,0.1421,0.1317,0.1391,-0.0134,-0.19,0.0064,0.0113,1.0419,-0.0439,1.5816,0.000227,-0.0001,0.0
20.135,FLIGHT,0.9576,1.5564,0.1314,0.1387,0.1289,0.1357,-0.0134,-0.1899,0.0063,0.011,1.0418,-0.0441,1.5819,0.000227,-0.0001,0.0
20.14,FLIGHT,0.9582,1.5571,0.1287,0.1354,0.1262,0.1324,-0.0133,-0.1898,0.0062,0.0107,1.0416,-0.0443,1.5822,0.000226,-0.0001,0.0
20.145,FLIGHT,0.9589,1.5577,0.126,0.1321,0.1236,0.1292,-0.0133,-0.1898,0.0061,0.0105,1.0414,-0.0445,1.5825,0.000226,-0.0001,0.0
20.15,FLIGHT,0.9595,1.5584,0.1234,0.1289,0.121,0.126,-0.0133,-0.1897,0.0061,0.0102,1.0411,-0.0448,1.5827,0.000226,-0.0001,0.0
20.155,FLIGHT,0.9601,1.559,0.1208,0.1257,0.1185,0.1229,-0.0133,-0.1897,0.006,0.01,1.0409,-0.045,1.583,0.000225,-0.0001,0.0
20.16,FLIGHT,0.9607,1.5596,0.1183,0.1226,0.1161,0.1198,-0.0132,-0.1896,0.0059,0.0097,1.0406,-0.0452,1.5833,0.000225,-0.0001,0.0
20.165,FLIGHT,0.9612,1.5602,0.1158,0.1196,0.1137,0.1169,-0.0132,-0.1896,0.0059,0.0095,1.0403,-0.0454,1.5835,0.000225,-0.0001,0.0
20.17,FLIGHT,0.9618,1.5608,0.1135,0.1166,0.1113,0.1139,-0.0132,-0.1896,0.0058,0.0092,1.04,-0.0456,1.5838,0.000224,-0.0001,0.0
20.175,FLIGHT,0.9623,1.5613,0.1111,0.1137,0.109,0.1111,-0.0131,-0.1895,0.0058,0.009,1.0396,-0.0457,1.584,0.000224,-0.0001,0.0
20.18,FLIGHT,0.9629,1.5619,0.1088,0.1108,0.1068,0.1083,-0.0131,-0.1895,0.0057,0.0088,1.0393,-0.0459,1.5843,0.000224,-0.0001,0.0
20.185,FLIGHT,0.9634,1.5624,0.1066,0.108,0.1046,0.1055,-0.0131,-0.1894,0.0057,0.0085,1.0389,-0.0461,1.5845,0.000224,-0.0001,0.0
20.19,FLIGHT,0.9639,1.5629,0.1044,0.1053,0.1025,0.1029,-0.0131,-0.1894,0.0056,0.0083,1.0385,-0.0463,1.5848,0.000223,-0.0001,0.0
20.195,FLIGHT,0.9644,1.5634,0.1023,0.1026,0.1004,0.1002,-0.013,-0.1893,0.0056,0.0081,1.0381,-0.0465,1.585,0.000223,-0.0001,0.0
20.2,FLIGHT,0.9649,1.5639,0.1002,0.1,0.0984,0.0977,-0.013,-0.1893,0.0055,0.0079,1.0376,-0.0466,1.5852,0.000223,-0.0001,0.0
20.205,FLIGHT,0.9654,1.5644,0.0982,0.0975,0.0964,0.0952,-0.013,-0.1893,0.0055,0.0077,1.0371,-0.0468,1.5854,0.000222,-0.0001,0.0
20.21,FLIGHT,0.9659,1.5649,0.0962,0.095,0.0944,0.0928,-0.0129,-0.1892,0.0054,0.0075,1.0367,-0.047,1.5856,0.000222,-0.0001,0.0
20.215,FLIGHT,0.9664,1.5653,0.0942,0.0926,0.0925,0.0904,-0.0129,-0.1892,0.0054,0.0073,1.0362,-0.0471,1.5859,0.000222,-0.0,0.0
20.22,FLIGHT,0.9668,1.5658,0.0923,0.0902,0.0907,0.0882,-0.0129,-0.1892,0.0053,0.0071,1.0356,-0.0473,1.5861,0.000222,-0.0,0.0
20.225,FLIGHT,0.9673,1.5662,0.0905,0.0879,0.0888,0.0859,-0.0129,-0.1891,0.0053,0.0069,1.0351,-0.0474,1.5863,0.000221,-0.0,0.0
20.23,FLIGHT,0.9677,1.5666,0.0887,0.0857,0.0871,0.0837,-0.0128,-0.1891,0.0052,0.0067,1.0345,-0.0476,1.5865,0.000221,-0.0,0.0
20.235,FLIGHT,0.9681,1.5671,0.0869,0.0835,0.0853,0.0816,-0.0128,-0.1891,0.0052,0.0066,1.034,-0.0478,1.5867,0.000221,-0.0,0.0
20.24,FLIGHT,0.9686,1.5675,0.0852,0.0814,0.0836,0.0796,-0.0128,-0.189,0.0051,0.0064,1.0334,-0.0479,1.5868,0.000221,-0.0,0.0
20.245,FLIGHT,0.969,1.5679,0.0835,0.0794,0.082,0.0775,-0.0128,-0.189,0.0051,0.0062,1.0327,-0.048,1.587,0.000221,-0.0,0.0
20.25,FLIGHT,0.9694,1.5682,0.0818,0.0774,0.0803,0.0756,-0.0127,-0.189,0.005,0.0061,1.0321,-0.0482,1.5872,0.00022,-0.0,0.0
20.255,FLIGHT,0.9698,1.5686,0.0802,0.0754,0.0787,0.0737,-0.0127,-0.1889,0.005,0.0059,1.0315,-0.0483,1.5874,0.00022,-0.0,0.0
20.26,FLIGHT,0.9702,1.569,0.0786,0.0735,0.0772,0.0718,-0.0127,-0.1889,0.0049,0.0058,1.0308,-0.0485,1.5876,0.00022,-0.0,0.0
20.265,FLIGHT,0.9706,1.5693,0.077,0.0717,0.0757,0.07,-0.0127,-0.1889,0.0049,0.0056,1.0301,-0.0486,1.5877,0.00022,-0.0,0.0
20.27,FLIGHT,0.9709,1.5697,0.0755,0.0699,0.0742,0.0683,-0.0126,-0.1889,0.0049,0.0055,1.0294,-0.0487,1.5879,0.00022,-0.0,0.0
20.275,FLIGHT,0.9713,1.57,0.074,0.0681,0.0727,0.0666,-0.0126,-0.1888,0.0048,0.0053,1.0287,-0.0489,1.5881,0.00022,-0.0,0.0
20.28,FLIGHT,0.9717,1.5703,0.0726,0.0664,0.0713,0.0649,-0.0126,-0.1888,0.0048,0.0052,1.0279,-0.049,1.5882,0.000219,-0.0,0.0
20.285,FLIGHT,0.972,1.5707,0.0711,0.0648,0.0699,0.0633,-0.0126,-0.1888,0.0047,0.0051,1.0272,-0.0491,1.5884,0.000219,-0.0,0.0
20.29,FLIGHT,0.9724,1.571,0.0697,0.0632,0.0685,0.0618,-0.0125,-0.1888,0.0047,0.0049,1.0264,-0.0493,1.5886,0.000219,-0.0,0.0
20.295,FLIGHT,0.9727,1.5713,0.0684,0.0616,0.0672,0.0603,-0.0125,-0.1887,0.0046,0.0048,1.0256,-0.0494,1.5887,0.000219,-0.0,0.0
20.3,FLIGHT,0.973,1.5716,0.067,0.0601,0.0658,0.0588,-0.0125,-0.1887,0.0046,0.0047,1.0248,-0.0495,1.5889,0.000219,-0.0,0.0
20.305,FLIGHT,0.9734,1.5719,0.0657,0.0587,0.0646,0.0574,-0.0125,-0.1887,0.0045,0.0046,1.024,-0.0496,1.589,0.000219,-0.0,0.0
20.31,FLIGHT,0.9737,1.5722,0.0644,0.0572,0.0633,0.056,-0.0125,-0.1887,0.0044,0.0045,1.0231,-0.0497,1.5891,0.000219,-0.0,0.0
20.315,FLIGHT,0.974,1.5724,0.0632,0.0558,0.0621,0.0546,-0.0124,-0.1886,0.0044,0.0043,1.0223,-0.0499,1.5893,0.000218,-0.0,0.0
20.32,FLIGHT,0.9743,1.5727,0.0619,0.0545,0.0608,0.0533,-0.0124,-0.1886,0.0043,0.0042,1.0214,-0.05,1.5894,0.000218,-0.0,0.0
20.325,FLIGHT,0.9746,1.573,0.0607,0.0532,0.0596,0.052,-0.0124,-0.1886,0.0043,0.0041,1.0205,-0.0501,1.5896,0.000218,-0.0,0.0
20.33,FLIGHT,0.9749,1.5732,0.0595,0.0519,0.0585,0.0508,-0.0124,-0.1886,0.0042,0.004,1.0196,-0.0502,1.5897,0.000218,-0.0,0.0
20.335,FLIGHT,0.9752,1.5735,0.0584,0.0507,0.0573,0.0496,-0.0123,-0.1886,0.0042,0.0039,1.0187,-0.0503,1.5898,0.000218,-0.0,0.0
20.34,FLIGHT,0.9755,1.5737,0.0572,0.0495,0.0562,0.0484,-0.0123,-0.1885,0.0041,0.0038,1.0177,-0.0504,1.59,0.000218,-0.0,0.0
20.345,FLIGHT,0.9757,1.574,0.0561,0.0483,0.0551,0.0473,-0.0123,-0.1885,0.0041,0.0037,1.0168,-0.0505,1.5901,0.000218,-0.0,0.0
20.35,FLIGHT,0.976,1.5742,0.055,0.0472,0.054,0.0462,-0.0123,-0.1885,0.004,0.0037,1.0158,-0.0507,1.5902,0.000218,-0.0,0.0
20.355,FLIGHT,0.9763,1.5744,0.0539,0.0461,0.0529,0.0451,-0.0123,-0.1885,0.0039,0.0036,1.0148,-0.0508,1.5903,0.000218,-0.0,0.0
20.36,FLIGHT,0.9765,1.5746,0.0528,0.045,0.0519,0.0441,-0.0122,-0.1885,0.0039,0.0035,1.0138,-0.0509,1.5905,0.000218,-0.0,0.0
20.365,FLIGHT,0.9768,1.5749,0.0518,0.044,0.0508,0.0431,-0.0122,-0.1885,0.0038,0.0034,1.0128,-0.051,1.5906,0.000218,-0.0,0.0
20.37,FLIGHT,0.9771,1.5751,0.0507,0.043,0.0498,0.0421,-0.0122,-0.1884,0.0038,0.0033,1.0118,-0.0511,1.5907,0.000218,-0.0,0.0
20.375,FLIGHT,0.9773,1.5753,0.0497,0.042,0.0488,0.0411,-0.0122,-0.1884,0.0037,0.0032,1.0107,-0.0512,1.5908,0.000217,-0.0,0.0
20.38,FLIGHT,0.9775,1.5755,0.0487,0.0411,0.0478,0.0402,-0.0122,-0.1884,0.0036,0.0032,1.0097,-0.0513,1.5909,0.000217,-0.0,0.0
20.385,FLIGHT,0.9778,1.5757,0.0477,0.0401,0.0469,0.0393,-0.0122,-0.1884,0.0036,0.0031,1.0086,-0.0514,1.5911,0.000217,-0.0,0.0
20.39,FLIGHT,0.978,1.5759,0.0468,0.0392,0.0459,0.0385,-0.0121,-0.1884,0.0035,0.003,1.0075,-0.0515,1.5912,0.000217,-0.0,0.0
20.395,FLIGHT,0.9782,1.5761,0.0458,0.0384,0.045,0.0376,-0.0121,-0.1884,0.0035,0.003,1.0064,-0.0516,1.5913,0.000217,-0.0,0.0
20.4,FLIGHT,0.9785,1.5763,0.0449,0.0375,0.044,0.0368,-0.0121,-0.1883,0.0034,0.0029,1.0053,-0.0517,1.5914,0.000217,-0.0,0.0
20.405,FLIGHT,0.9787,1.5764,0.0439,0.0367,0.0431,0.036,-0.0121,-0.1883,0.0033,0.0028,1.0042,-0.0518,1.5915,0.000217,-0.0,0.0
20.41,FLIGHT,0.9789,1.5766,0.043,0.0359,0.0422,0.0352,-0.0121,-0.1883,0.0033,0.0028,1.0031,-0.0519,1.5916,0.000217,-0.0,0.0
20.415,FLIGHT,0.9791,1.5768,0.0421,0.0351,0.0413,0.0345,-0.0121,-0.1883,0.0032,0.0027,1.0019,-0.052,1.5917,0.000217,-0.0,0.0
20.42,FLIGHT,0.9793,1.577,0.0412,0.0344,0.0405,0.0337,-0.012,-0.1883,0.0031,0.0027,1.0007,-0.0521,1.5918,0.000217,-0.0,0.0
20.425,STANCE,0.9795,1.5772,0.0499,0.0466,0.1534,0.1871,-0.012,-0.1883,0.0031,0.0037,0.9996,0.1492,-0.0346,0.000163,-0.1284,0.0257
20.43,STANCE,0.9824,1.5779,0.4509,0.0896,1.0107,-0.1598,-0.0116,-0.1882,0.0728,0.003,0.9987,-0.0576,-0.646,-0.001498,-0.4475,0.091
20.435,STANCE,0.9878,1.575,0.8447,-0.4009,0.5427,-0.4381,-0.0102,-0.1886,0.2137,-0.0448,0.9979,-0.4462,-1.0546,-0.003483,-0.208,0.0451
20.44,STANCE,0.9886,1.575,0.3522,-0.0976,0.002,0.2013,-0.01,-0.1886,0.0797,-0.0123,0.9979,-0.5354,-1.747,-0.003891,-0.0042,0.0047
20.445,STANCE,0.989,1.5753,0.1957,-0.0053,0.2506,-0.1521,-0.01,-0.1885,0.0376,-0.0024,0.9982,-0.7624,-2.2452,-0.003733,0.0586,0.0037
20.45,STANCE,0.9912,1.5726,0.3667,-0.433,0.431,-1.4629,-0.0092,-0.1888,0.1282,-0.0421,0.9983,-1.109,-2.3402,-0.00332,0.1468,0.0033
20.455,STANCE,0.9941,1.5645,0.5419,-1.2021,0.8218,-1.4241,-0.0075,-0.1896,0.2677,-0.1099,0.9984,-1.4213,-2.0546,-0.00264,0.0749,0.0026
20.46,STANCE,0.9995,1.5547,0.9308,-1.7776,1.2673,-2.467,-0.0052,-0.1904,0.4235,-0.1575,0.9985,-1.7464,-1.625,-0.002501,0.0076,0.0025
20.465,STANCE,1.0064,1.5409,1.2399,-2.4619,1.4468,-2.9288,-0.0019,-0.1916,0.5829,-0.2069,0.9985,-1.9383,-0.9515,-0.002528,-0.0198,0.0065
20.47,STANCE,1.013,1.5255,1.2854,-2.8811,1.1846,-3.1347,0.0015,-0.1929,0.6573,-0.2284,0.9986,-1.8686,-0.2761,-0.002534,0.0131,0.0025
20.475,STANCE,1.0181,1.5102,1.0855,-2.994,0.8786,-2.9166,0.0047,-0.1941,0.6408,-0.2255,0.9988,-1.5316,0.2982,-0.002406,0.0298,0.0024
20.48,STANCE,1.0213,1.4959,0.7741,-2.8796,0.4263,-2.7921,0.0074,-0.1951,0.5686,-0.2088,0.999,-1.026,0.7358,-0.002134,0.0822,0.0021
20.485,STANCE,1.023,1.4828,0.4593,-2.6921,0.2178,-2.5076,0.0096,-0.1961,0.4833,-0.1904,0.9994,-0.4907,1.0474,-0.001716,0.092,0.0017
20.49,STANCE,1.0237,1.4706,0.2349,-2.5148,0.0871,-2.3752,0.0115,-0.1969,0.416,-0.1745,0.9998,-0.098,1.2183,-0.001211,0.1071,0.0012
20.495,FLIGHT,1.0241,1.4593,0.1368,-2.3242,-0.0457,-1.9813,0.0133,-0.1977,0.3706,-0.1579,1.0003,-1.1826,2.4967,-0.000701,0.1099,0.0007
20.5,FLIGHT,1.0219,1.4524,-0.3065,-1.6181,-0.8368,-0.8106,0.0139,-0.1982,0.1789,-0.1143,1.001,-1.0644,2.3894,-2.5e-05,0.1576,0.0
20.505,FLIGHT,1.0161,1.4508,-0.9131,-0.6968,-1.4351,0.0994,0.013,-0.1984,-0.0781,-0.0597,1.0021,-0.8281,2.1901,0.000617,0.0988,0.0
20.51,FLIGHT,1.0079,1.4529,-1.4238,0.0964,-1.8062,0.7078,0.011,-0.1984,-0.2966,-0.0089,1.0033,-0.5834,1.9875,0.00099,0.0531,0.0
20.515,FLIGHT,0.9984,1.4574,-1.7578,0.6585,-1.9746,1.0553,0.0085,-0.1981,-0.4445,0.0327,1.0046,-0.3759,1.8177,0.001173,0.0223,0.0
20.52,FLIGHT,0.9884,1.4631,-1.9162,0.9944,-1.9884,1.2061,0.0057,-0.1978,-0.5232,0.0632,1.006,-0.218,1.69,0.001231,0.0023,0.0
20.525,FLIGHT,0.9787,1.4693,-1.9329,1.1494,-1.8968,1.2231,0.0029,-0.1974,-0.5468,0.0828,1.0074,-0.1065,1.6014,0.001209,-0.0101,0.002
20.53,FLIGHT,0.9696,1.4752,-1.8494,1.1764,-1.7414,1.1579,0.0002,-0.1969,-0.532,0.0925,1.0088,-0.0328,1.5445,0.001138,-0.0173,0.0035
20.535,FLIGHT,0.9613,1.4808,-1.703,1.1221,-1.5532,1.0486,-0.0022,-0.1965,-0.4934,0.0946,1.0102,0.0127,1.5111,0.001042,-0.0208,0.0042
20.54,FLIGHT,0.9541,1.4857,-1.5232,1.0227,-1.3539,0.9217,-0.0043,-0.196,-0.4423,0.0911,1.0115,0.0382,1.4941,0.000935,-0.0219,0.0044
20.545,FLIGHT,0.9478,1.49,-1.3308,0.9036,-1.1576,0.7938,-0.0062,-0.1957,-0.3866,0.0842,1.0127,0.0505,1.488,0.000826,-0.0214,0.0043
20.55,FLIGHT,0.9425,1.4936,-1.1399,0.7817,-0.9725,0.6747,-0.0077,-0.1953,-0.3312,0.0755,1.014,0.0541,1.4886,0.000722,-0.02,0.004
20.555,FLIGHT,0.938,1.4968,-0.9591,0.667,-0.8032,0.5694,-0.009,-0.195,-0.2792,0.0663,1.0151,0.0525,1.493,0.000627,-0.018,0.0036
20.56,FLIGHT,0.9344,1.4994,-0.7929,0.5649,-0.6514,0.4799,-0.0101,-0.1947,-0.2322,0.0573,1.0163,0.048,1.4994,0.000543,-0.0157,0.0031
20.565,FLIGHT,0.9315,1.5016,-0.6434,0.4775,-0.5172,0.4059,-0.0109,-0.1945,-0.1907,0.049,1.0174,0.042,1.5066,0.00047,-0.0134,0.0027
20.57,FLIGHT,0.9292,1.5035,-0.511,0.405,-0.3999,0.3465,-0.0116,-0.1943,-0.1547,0.0418,1.0184,0.0354,1.5138,0.000409,-0.0112,0.0022
20.575,FLIGHT,0.9275,1.5051,-0.395,0.3465,-0.2983,0.3,-0.0122,-0.1942,-0.124,0.0357,1.0195,0.0288,1.5206,0.000358,-0.0092,0.0018
20.58,FLIGHT,0.9262,1.5065,-0.2944,0.3005,-0.2107,0.2645,-0.0126,-0.194,-0.0981,0.0306,1.0205,0.0225,1.5269,0.000317,-0.0073,0.0015
20.585,FLIGHT,0.9253,1.5077,-0.2076,0.2653,-0.1356,0.2382,-0.013,-0.1939,-0.0764,0.0265,1.0214,0.0166,1.5325,0.000284,-0.0058,0.0012
20.59,FLIGHT,0.9248,1.5089,-0.1331,0.2392,-0.0715,0.2194,-0.0132,-0.1938,-0.0583,0.0233,1.0224,0.0112,1.5374,0.000258,-0.0044,0.0009
20.595,FLIGHT,0.9246,1.5099,-0.0696,0.2206,-0.0171,0.2067,-0.0134,-0.1937,-0.0434,0.0208,1.0233,0.0063,1.5417,0.000239,-0.0033,0.0007
20.6,FLIGHT,0.9246,1.5109,-0.0156,0.2079,0.0289,0.1988,-0.0135,-0.1936,-0.0312,0.019,1.0242,0.0019,1.5455,0.000225,-0.0024,0.0005
20.605,FLIGHT,0.9249,1.5119,0.0301,0.1999,0.0677,0.1945,-0.0136,-0.1935,-0.0213,0.0176,1.0251,-0.002,1.5487,0.000214,-0.0017,0.0003
20.61,FLIGHT,0.9253,1.5129,0.0686,0.1956,0.1002,0.1931,-0.0137,-0.1934,-0.0133,0.0167,1.0259,-0.0055,1.5515,0.000207,-0.0011,0.0002
20.615,FLIGHT,0.9259,1.5139,0.1009,0.194,0.1273,0.1936,-0.0137,-0.1933,-0.0068,0.0162,1.0267,-0.0087,1.554,0.000203,-0.0007,0.0001
20.62,FLIGHT,0.9266,1.5148,0.1279,0.1945,0.1498,0.1956,-0.0137,-0.1933,-0.0017,0.0158,1.0276,-0.0115,1.5562,0.000201,-0.0003,0.0001
20.625,FLIGHT,0.9274,1.5158,0.1502,0.1963,0.1683,0.1985,-0.0137,-0.1932,0.0024,0.0157,1.0283,-0.014,1.558,0.0002,-0.0001,0.0
20.63,FLIGHT,0.9283,1.5168,0.1685,0.1992,0.1833,0.202,-0.0136,-0.1931,0.0055,0.0157,1.0291,-0.0163,1.5597,0.0002,0.0001,0.0
20.635,FLIGHT,0.9292,1.5178,0.1834,0.2025,0.1954,0.2057,-0.0136,-0.193,0.0079,0.0158,1.0298,-0.0184,1.5612,0.000201,0.0003,0.0
20.64,FLIGHT,0.9302,1.5189,0.1954,0.2062,0.205,0.2094,-0.0135,-0.193,0.0098,0.016,1.0306,-0.0202,1.5625,0.000203,0.0004,0.0
20.645,FLIGHT,0.9312,1.5199,0.2049,0.2098,0.2124,0.213,-0.0135,-0.1929,0.0111,0.0162,1.0313,-0.0219,1.5637,0.000205,0.0004,0.0
20.65,FLIGHT,0.9323,1.521,0.2122,0.2133,0.2179,0.2164,-0.0134,-0.1928,0.012,0.0165,1.0319,-0.0234,1.5647,0.000207,0.0005,0.0
20.655,FLIGHT,0.9334,1.5221,0.2177,0.2166,0.2219,0.2193,-0.0134,-0.1927,0.0126,0.0167,1.0326,-0.0248,1.5657,0.000209,0.0005,0.0
20.66,FLIGHT,0.9345,1.5232,0.2217,0.2194,0.2246,0.2218,-0.0133,-0.1926,0.013,0.0169,1.0332,-0.0261,1.5666,0.000211,0.0005,0.0
20.665,FLIGHT,0.9357,1.5243,0.2243,0.2219,0.2261,0.2239,-0.0132,-0.1925,0.0131,0.0171,1.0338,-0.0272,1.5674,0.000214,0.0004,0.0
20.67,FLIGHT,0.9368,1.5254,0.2258,0.2239,0.2267,0.2254,-0.0132,-0.1924,0.0131,0.0173,1.0344,-0.0283,1.5682,0.000216,0.0004,0.0
20.675,FLIGHT,0.9379,1.5266,0.2264,0.2254,0.2265,0.2265,-0.0131,-0.1924,0.013,0.0174,1.0349,-0.0293,1.5689,0.000218,0.0004,0.0
20.68,FLIGHT,0.9391,1.5277,0.2261,0.2264,0.2255,0.2271,-0.013,-0.1923,0.0128,0.0175,1.0355,-0.0302,1.5696,0.00022,0.0003,0.0
20.685,FLIGHT,0.9402,1.5288,0.2251,0.2269,0.224,0.2272,-0.013,-0.1922,0.0125,0.0176,1.036,-0.031,1.5702,0.000221,0.0003,0.0
20.69,FLIGHT,0.9413,1.53,0.2236,0.227,0.2221,0.2269,-0.0129,-0.1921,0.0122,0.0177,1.0365,-0.0318,1.5708,0.000223,0.0003,0.0
20.695,FLIGHT,0.9424,1.5311,0.2217,0.2266,0.2197,0.2261,-0.0129,-0.192,0.0118,0.0177,1.0369,-0.0325,1.5714,0.000224,0.0002,0.0
20.7,FLIGHT,0.9435,1.5322,0.2193,0.2259,0.217,0.225,-0.0128,-0.1919,0.0115,0.0176,1.0374,-0.0332,1.572,0.000225,0.0002,0.0
20.705,FLIGHT,0.9446,1.5333,0.2166,0.2247,0.214,0.2235,-0.0127,-0.1918,0.0111,0.0176,1.0378,-0.0338,1.5725,0.000226,0.0002,0.0
20.71,FLIGHT,0.9456,1.5345,0.2136,0.2232,0.2109,0.2216,-0.0127,-0.1917,0.0107,0.0175,1.0382,-0.0344,1.573,0.000227,0.0001,0.0
20.715,FLIGHT,0.9467,1.5356,0.2105,0.2213,0.2075,0.2195,-0.0126,-0.1917,0.0103,0.0174,1.0385,-0.035,1.5735,0.000228,0.0001,0.0
20.72,FLIGHT,0.9477,1.5367,0.2071,0.2192,0.2041,0.2171,-0.0126,-0.1916,0.01,0.0172,1.0389,-0.0355,1.574,0.000228,0.0001,0.0
20.725,FLIGHT,0.9487,1.5377,0.2037,0.2167,0.2005,0.2144,-0.0125,-0.1915,0.0096,0.0171,1.0392,-0.036,1.5745,0.000229,0.0001,0.0
20.73,FLIGHT,0.9497,1.5388,0.2001,0.2141,0.1969,0.2116,-0.0125,-0.1914,0.0093,0.0169,1.0395,-0.0365,1.575,0.000229,0.0001,0.0
20.735,FLIGHT,0.9507,1.5399,0.1965,0.2112,0.1933,0.2085,-0.0125,-0.1913,0.009,0.0167,1.0397,-0.037,1.5754,0.000229,0.0,0.0
20.74,FLIGHT,0.9517,1.5409,0.1929,0.2081,0.1896,0.2053,-0.0124,-0.1912,0.0087,0.0165,1.04,-0.0374,1.5759,0.000229,0.0,0.0
20.745,FLIGHT,0.9526,1.5419,0.1892,0.2049,0.1859,0.202,-0.0124,-0.1912,0.0084,0.0162,1.0402,-0.0378,1.5763,0.000229,0.0,0.0
20.75,FLIGHT,0.9535,1.5429,0.1855,0.2016,0.1822,0.1985,-0.0123,-0.1911,0.0081,0.016,1.0404,-0.0382,1.5767,0.000229,-0.0,0.0
20.755,FLIGHT,0.9544,1.5439,0.1818,0.1981,0.1785,0.1949,-0.0123,-0.191,0.0079,0.0157,1.0405,-0.0386,1.5771,0.000229,-0.0,0.0
20.76,FLIGHT,0.9553,1.5449,0.1781,0.1945,0.1748,0.1913,-0.0123,-0.1909,0.0076,0.0154,1.0407,-0.039,1.5775,0.000229,-0.0,0.0
20.765,FLIGHT,0.9562,1.5458,0.1745,0.1909,0.1712,0.1876,-0.0122,-0.1908,0.0074,0.0152,1.0408,-0.0393,1.5779,0.000229,-0.0,0.0
20.77,FLIGHT,0.957,1.5467,0.1709,0.1872,0.1677,0.1839,-0.0122,-0.1908,0.0072,0.0149,1.0409,-0.0397,1.5783,0.000229,-0.0,0.0
20.775,FLIGHT,0.9578,1.5476,0.1673,0.1835,0.1641,0.1801,-0.0121,-0.1907,0.007,0.0146,1.041,-0.04,1.5787,0.000229,-0.0001,0.0
20.78,FLIGHT,0.9587,1.5485,0.1638,0.1797,0.1607,0.1763,-0.0121,-0.1906,0.0069,0.0143,1.041,-0.0403,1.5791,0.000228,-0.0001,0.0
20.785,FLIGHT,0.9594,1.5494,0.1603,0.1759,0.1573,0.1725,-0.0121,-0.1906,0.0067,0.014,1.041,-0.0406,1.5794,0.000228,-0.0001,0.0
20.79,FLIGHT,0.9602,1.5503,0.1569,0.1722,0.1539,0.1688,-0.012,-0.1905,0.0066,0.0137,1.041,-0.0409,1.5798,0.000228,-0.0001,0.0
20.795,FLIGHT,0.961,1.5511,0.1536,0.1684,0.1506,0.165,-0.012,-0.1904,0.0064,0.0134,1.041,-0.0412,1.5802,0.000227,-0.0001,0.0
20.8,FLIGHT,0.9617,1.5519,0.1503,0.1646,0.1474,0.1613,-0.012,-0.1904,0.0063,0.0131,1.041,-0.0415,1.5805,0.000227,-0.0001,0.0
20.805,FLIGHT,0.9625,1.5527,0.1471,0.1609,0.1442,0.1575,-0.012,-0.1903,0.0062,0.0128,1.0409,-0.0418,1.5808,0.000227,-0.0001,0.0
20.81,FLIGHT,0.9632,1.5535,0.1439,0.1572,0.1411,0.1539,-0.0119,-0.1902,0.0061,0.0125,1.0408,-0.042,1.5812,0.000226,-0.0001,0.0
20.815,FLIGHT,0.9639,1.5542,0.1408,0.1535,0.1381,0.1502,-0.0119,-0.1902,0.006,0.0123,1.0407,-0.0423,1.5815,0.000226,-0.0001,0.0
20.82,FLIGHT,0.9646,1.555,0.1378,0.1499,0.1351,0.1467,-0.0119,-0.1901,0.0059,0.012,1.0405,-0.0425,1.5818,0.000226,-0.0001,0.0
20.825,FLIGHT,0.9652,1.5557,0.1348,0.1463,0.1322,0.1431,-0.0118,-0.1901,0.0058,0.0117,1.0404,-0.0428,1.5821,0.000225,-0.0001,0.0
20.83,FLIGHT,0.9659,1.5564,0.1319,0.1428,0.1293,0.1397,-0.0118,-0.19,0.0057,0.0114,1.0402,-0.043,1.5824,0.000225,-0.0001,0.0
20.835,FLIGHT,0.9665,1.5571,0.129,0.1393,0.1265,0.1362,-0.0118,-0.1899,0.0056,0.0111,1.04,-0.0432,1.5827,0.000225,-0.0001,0.0
20.84,FLIGHT,0.9671,1.5578,0.1263,0.1359,0.1238,0.1329,-0.0117,-0.1899,0.0056,0.0109,1.0398,-0.0435,1.583,0.000224,-0.0001,0.0
20.845,FLIGHT,0.9678,1.5584,0.1235,0.1326,0.1211,0.1296,-0.0117,-0.1898,0.0055,0.0106,1.0395,-0.0437,1.5833,0.000224,-0.0001,0.0
20.85,FLIGHT,0.9684,1.5591,0.1209,0.1293,0.1185,0.1264,-0.0117,-0.1898,0.0054,0.0103,1.0393,-0.0439,1.5835,0.000223,-0.0001,0.0
20.855,FLIGHT,0.9689,1.5597,0.1183,0.126,0.116,0.1232,-0.0117,-0.1897,0.0054,0.0101,1.039,-0.0441,1.5838,0.000223,-0.0001,0.0
20.86,FLIGHT,0.9695,1.5603,0.1158,0.1229,0.1135,0.1201,-0.0116,-0.1897,0.0053,0.0098,1.0387,-0.0443,1.5841,0.000223,-0.0001,0.0
20.865,FLIGHT,0.9701,1.5609,0.1133,0.1198,0.1111,0.1171,-0.0116,-0.1896,0.0053,0.0096,1.0383,-0.0445,1.5843,0.000222,-0.0001,0.0
20.87,FLIGHT,0.9706,1.5615,0.1109,0.1168,0.1087,0.1141,-0.0116,-0.1896,0.0052,0.0093,1.038,-0.0447,1.5846,0.000222,-0.0001,0.0
20.875,FLIGHT,0.9712,1.562,0.1085,0.1138,0.1064,0.1112,-0.0116,-0.1896,0.0052,0.0091,1.0376,-0.0449,1.5848,0.000222,-0.0001,0.0
20.88,FLIGHT,0.9717,1.5626,0.1062,0.1109,0.1041,0.1084,-0.0115,-0.1895,0.0051,0.0088,1.0372,-0.0451,1.5851,0.000222,-0.0001,0.0
20.885,FLIGHT,0.9722,1.5631,0.1039,0.1081,0.1019,0.1056,-0.0115,-0.1895,0.0051,0.0086,1.0368,-0.0453,1.5853,0.000221,-0.0001,0.0
20.89,FLIGHT,0.9727,1.5636,0.1017,0.1053,0.0997,0.1029,-0.0115,-0.1894,0.005,0.0084,1.0363,-0.0455,1.5856,0.000221,-0.0001,0.0
20.895,FLIGHT,0.9732,1.5642,0.0995,0.1026,0.0976,0.1003,-0.0115,-0.1894,0.005,0.0082,1.0359,-0.0456,1.5858,0.000221,-0.0001,0.0
20.9,FLIGHT,0.9737,1.5646,0.0974,0.1,0.0956,0.0977,-0.0114,-0.1893,0.0049,0.008,1.0354,-0.0458,1.586,0.00022,-0.0001,0.0
20.905,FLIGHT,0.9742,1.5651,0.0954,0.0975,0.0936,0.0952,-0.0114,-0.1893,0.0049,0.0078,1.0349,-0.046,1.5862,0.00022,-0.0001,0.0
20.91,FLIGHT,0.9746,1.5656,0.0934,0.095,0.0916,0.0928,-0.0114,-0.1893,0.0048,0.0076,1.0344,-0.0462,1.5864,0.00022,-0.0001,0.0
20.915,FLIGHT,0.9751,1.5661,0.0914,0.0925,0.0897,0.0904,-0.0114,-0.1892,0.0048,0.0074,1.0339,-0.0463,1.5866,0.00022,-0.0,0.0
20.92,FLIGHT,0.9755,1.5665,0.0895,0.0902,0.0878,0.0881,-0.0113,-0.1892,0.0047,0.0072,1.0333,-0.0465,1.5868,0.000219,-0.0,0.0
20.925,FLIGHT,0.9759,1.5669,0.0876,0.0878,0.0859,0.0858,-0.0113,-0.1892,0.0047,0.007,1.0327,-0.0466,1.587,0.000219,-0.0,0.0
20.93,FLIGHT,0.9764,1.5674,0.0858,0.0856,0.0841,0.0836,-0.0113,-0.1891,0.0046,0.0068,1.0322,-0.0468,1.5872,0.000219,-0.0,0.0
20.935,FLIGHT,0.9768,1.5678,0.084,0.0834,0.0824,0.0815,-0.0113,-0.1891,0.0046,0.0066,1.0315,-0.0469,1.5874,0.000219,-0.0,0.0
20.94,FLIGHT,0.9772,1.5682,0.0822,0.0813,0.0807,0.0794,-0.0113,-0.1891,0.0045,0.0065,1.0309,-0.0471,1.5876,0.000218,-0.0,0.0
20.945,FLIGHT,0.9776,1.5686,0.0805,0.0792,0.079,0.0774,-0.0112,-0.189,0.0045,0.0063,1.0303,-0.0472,1.5878,0.000218,-0.0,0.0
20.95,FLIGHT,0.978,1.569,0.0788,0.0772,0.0773,0.0754,-0.0112,-0.189,0.0045,0.0061,1.0296,-0.0474,1.588,0.000218,-0.0,0.0
20.955,FLIGHT,0.9784,1.5693,0.0772,0.0752,0.0757,0.0735,-0.0112,-0.189,0.0044,0.006,1.0289,-0.0475,1.5882,0.000218,-0.0,0.0
20.96,FLIGHT,0.9787,1.5697,0.0756,0.0733,0.0742,0.0716,-0.0112,-0.1889,0.0044,0.0058,1.0282,-0.0477,1.5883,0.000218,-0.0,0.0
20.965,FLIGHT,0.9791,1.57,0.074,0.0715,0.0726,0.0698,-0.0111,-0.1889,0.0043,0.0057,1.0275,-0.0478,1.5885,0.000218,-0.0,0.0
20.97,FLIGHT,0.9795,1.5704,0.0725,0.0697,0.0711,0.0681,-0.0111,-0.1889,0.0043,0.0055,1.0268,-0.0479,1.5887,0.000217,-0.0,0.0
20.975,FLIGHT,0.9798,1.5707,0.071,0.0679,0.0696,0.0664,-0.0111,-0.1889,0.0042,0.0054,1.026,-0.0481,1.5888,0.000217,-0.0,0.0
20.98,FLIGHT,0.9802,1.571,0.0695,0.0662,0.0682,0.0647,-0.0111,-0.1888,0.0042,0.0052,1.0253,-0.0482,1.589,0.000217,-0.0,0.0
20.985,FLIGHT,0.9805,1.5714,0.0681,0.0645,0.0668,0.0631,-0.0111,-0.1888,0.0041,0.0051,1.0245,-0.0483,1.5891,0.000217,-0.0,0.0
20.99,FLIGHT,0.9808,1.5717,0.0667,0.0629,0.0654,0.0615,-0.011,-0.1888,0.0041,0.005,1.0237,-0.0485,1.5893,0.000217,-0.0,0.0
20.995,FLIGHT,0.9812,1.572,0.0653,0.0614,0.0641,0.06,-0.011,-0.1888,0.004,0.0049,1.0228,-0.0486,1.5895,0.000217,-0.0,0.0
21.0,FLIGHT,0.9815,1.5723,0.0639,0.0599,0.0627,0.0585,-0.011,-0.1887,0.004,0.0047,1.022,-0.0487,1.5896,0.000216,-0.0,0.0
21.005,FLIGHT,0.9818,1.5726,0.0626,0.0584,0.0614,0.0571,-0.011,-0.1887,0.0039,0.0046,1.0212,-0.0488,1.5897,0.000216,-0.0,0.0
21.01,FLIGHT,0.9821,1.5728,0.0613,0.0569,0.0601,0.0557,-0.011,-0.1887,0.0039,0.0045,1.0203,-0.049,1.5899,0.000216,-0.0,0.0
21.015,FLIGHT,0.9824,1.5731,0.06,0.0555,0.0589,0.0543,-0.0109,-0.1887,0.0038,0.0044,1.0194,-0.0491,1.59,0.000216,-0.0,0.0
21.02,FLIGHT,0.9827,1.5734,0.0588,0.0542,0.0577,0.053,-0.0109,-0.1887,0.0038,0.0043,1.0185,-0.0492,1.5902,0.000216,-0.0,0.0
21.025,FLIGHT,0.983,1.5737,0.0576,0.0529,0.0565,0.0517,-0.0109,-0.1886,0.0037,0.0042,1.0176,-0.0493,1.5903,0.000216,-0.0,0.0
21.03,FLIGHT,0.9832,1.5739,0.0564,0.0516,0.0553,0.0505,-0.0109,-0.1886,0.0036,0.0041,1.0167,-0.0494,1.5904,0.000216,-0.0,0.0
21.035,FLIGHT,0.9835,1.5742,0.0552,0.0503,0.0541,0.0493,-0.0109,-0.1886,0.0036,0.004,1.0157,-0.0496,1.5906,0.000216,-0.0,0.0
21.04,FLIGHT,0.9838,1.5744,0.054,0.0491,0.053,0.0481,-0.0108,-0.1886,0.0035,0.0039,1.0147,-0.0497,1.5907,0.000216,-0.0,0.0
21.045,FLIGHT,0.984,1.5746,0.0529,0.048,0.0519,0.0469,-0.0108,-0.1886,0.0035,0.0038,1.0138,-0.0498,1.5908,0.000215,-0.0,0.0
21.05,FLIGHT,0.9843,1.5749,0.0518,0.0468,0.0508,0.0458,-0.0108,-0.1885,0.0034,0.0037,1.0128,-0.0499,1.5909,0.000215,-0.0,0.0
21.055,FLIGHT,0.9846,1.5751,0.0507,0.0457,0.0497,0.0448,-0.0108,-0.1885,0.0034,0.0036,1.0118,-0.05,1.5911,0.000215,-0.0,0.0
21.06,FLIGHT,0.9848,1.5753,0.0496,0.0447,0.0486,0.0437,-0.0108,-0.1885,0.0033,0.0035,1.0107,-0.0501,1.5912,0.000215,-0.0,0.0
21.065,FLIGHT,0.985,1.5755,0.0485,0.0436,0.0476,0.0427,-0.0108,-0.1885,0.0032,0.0034,1.0097,-0.0502,1.5913,0.000215,-0.0,0.0
21.07,FLIGHT,0.9853,1.5757,0.0475,0.0426,0.0466,0.0417,-0.0108,-0.1885,0.0032,0.0034,1.0087,-0.0503,1.5914,0.000215,-0.0,0.0
21.075,FLIGHT,0.9855,1.576,0.0465,0.0416,0.0456,0.0408,-0.0107,-0.1885,0.0031,0.0033,1.0076,-0.0504,1.5915,0.000215,-0.0,0.0
21.08,FLIGHT,0.9857,1.5762,0.0455,0.0407,0.0446,0.0398,-0.0107,-0.1884,0.0031,0.0032,1.0065,-0.0505,1.5916,0.000215,-0.0,0.0
21.085,FLIGHT,0.986,1.5764,0.0445,0.0397,0.0436,0.0389,-0.0107,-0.1884,0.003,0.0031,1.0054,-0.0506,1.5917,0.000215,-0.0,0.0
21.09,FLIGHT,0.9862,1.5765,0.0435,0.0388,0.0427,0.038,-0.0107,-0.1884,0.0029,0.0031,1.0043,-0.0507,1.5919,0.000215,-0.0,0.0
21.095,FLIGHT,0.9864,1.5767,0.0426,0.038,0.0417,0.0372,-0.0107,-0.1884,0.0029,0.003,1.0032,-0.0508,1.592,0.000215,-0.0,0.0
21.1,FLIGHT,0.9866,1.5769,0.0416,0.0371,0.0408,0.0364,-0.0107,-0.1884,0.0028,0.0029,1.0021,-0.0509,1.5921,0.000215,-0.0,0.0
21.105,FLIGHT,0.9868,1.5771,0.0407,0.0363,0.0399,0.0356,-0.0106,-0.1884,0.0028,0.0029,1.0009,-0.051,1.5922,0.000215,-0.0,0.0
21.11,FLIGHT,0.987,1.5773,0.0398,0.0355,0.039,0.0348,-0.0106,-0.1883,0.0027,0.0028,0.9998,-0.0511,1.5923,0.000215,-0.0,0.0
21.115,STANCE,0.989,1.5782,0.3307,0.1367,0.8415,0.0176,-0.0104,-0.1883,0.0437,0.0089,0.9989,-0.0099,-0.5355,-0.000973,-0.3922,0.0794
21.12,STANCE,0.9946,1.5762,0.8695,-0.272,0.8118,-0.5106,-0.0091,-0.1885,0.201,-0.0322,0.9981,-0.4398,-0.9742,-0.003007,-0.2717,0.0573
21.125,STANCE,0.9961,1.5756,0.4585,-0.1392,0.0927,0.0813,-0.0087,-0.1886,0.1055,-0.0164,0.998,-0.5708,-1.5991,-0.003583,-0.0218,0.0079
21.13,STANCE,0.9969,1.5757,0.2547,-0.0452,0.2444,-0.1259,-0.0086,-0.1886,0.0542,-0.0062,0.9982,-0.797,-2.1126,-0.003498,0.0472,0.0035
21.135,STANCE,0.9989,1.5739,0.3725,-0.2915,0.5331,-0.7237,-0.0079,-0.1888,0.1102,-0.0288,0.9984,-1.1369,-2.3161,-0.003161,0.0928,0.0032
21.14,STANCE,1.0015,1.567,0.4932,-1.019,0.703,-1.2379,-0.0065,-0.1894,0.2336,-0.0922,0.9984,-1.4394,-2.0953,-0.002488,0.0949,0.0025
21.145,STANCE,1.0065,1.5585,0.8603,-1.5453,1.1202,-2.341,-0.0044,-0.1901,0.3781,-0.1359,0.9985,-1.7676,-1.7353,-0.002343,0.0189,0.0023
21.15,STANCE,1.013,1.5457,1.1788,-2.2671,1.4337,-2.7446,-0.0013,-0.1912,0.5438,-0.1892,0.9985,-1.9813,-1.0865,-0.002424,-0.0396,0.0103
21.155,STANCE,1.0196,1.5309,1.2573,-2.7364,1.2427,-2.9612,0.002,-0.1924,0.631,-0.2158,0.9985,-1.9467,-0.4158,-0.00252,-0.0205,0.0066
21.16,STANCE,1.0247,1.5159,1.0783,-2.907,0.84,-2.9349,0.0051,-0.1936,0.6266,-0.218,0.9986,-1.6368,0.172,-0.002495,0.0211,0.0025
21.165,STANCE,1.0281,1.502,0.7855,-2.8219,0.4612,-2.7365,0.0078,-0.1946,0.5622,-0.2038,0.9988,-1.1455,0.6248,-0.00235,0.0546,0.0023
21.17,STANCE,1.0299,1.489,0.4729,-2.6533,0.2231,-2.4875,0.01,-0.1956,0.4802,-0.187,0.9991,-0.5983,0.9599,-0.002052,0.0698,0.0021
21.175,STANCE,1.0306,1.4769,0.2416,-2.4863,0.0631,-2.3836,0.012,-0.1964,0.4131,-0.1721,0.9994,-0.1639,1.1635,-0.001656,0.0919,0.0017
21.18,FLIGHT,1.0309,1.4654,0.1313,-2.356,0.0823,-2.2574,0.0137,-0.1972,0.3743,-0.1599,0.9998,-1.2001,2.5137,-0.001214,0.0899,0.0012
21.185,FLIGHT,1.0292,1.4573,-0.2354,-1.7936,-0.7465,-1.0297,0.0146,-0.1978,0.2194,-0.1248,1.0004,-1.1293,2.445,-0.000622,0.1442,0.0006
21.19,FLIGHT,1.0238,1.4547,-0.8544,-0.873,-1.4075,-0.0461,0.0139,-0.198,-0.0399,-0.0713,1.0013,-0.9002,2.2507,0.00018,0.1545,0.0
21.195,FLIGHT,1.0156,1.4563,-1.407,-0.0306,-1.83,0.6322,0.012,-0.198,-0.2741,-0.0191,1.0024,-0.647,2.0402,0.000786,0.0912,0.0
21.2,FLIGHT,1.0058,1.4606,-1.7848,0.5881,-2.0382,1.0327,0.0095,-0.1978,-0.4393,0.0252,1.0037,-0.4258,1.8584,0.001123,0.0464,0.0
21.205,FLIGHT,0.9955,1.4663,-1.979,0.971,-2.0784,1.2186,0.0066,-0.1975,-0.532,0.0587,1.005,-0.2541,1.7189,0.001276,0.0168,0.0
21.21,FLIGHT,0.9852,1.4725,-2.0205,1.1589,-2.0017,1.2557,0.0037,-0.1971,-0.5652,0.081,1.0063,-0.1311,1.6205,0.001309,-0.0022,0.0004
21.215,FLIGHT,0.9756,1.4787,-1.9513,1.2054,-1.852,1.1991,0.0009,-0.1966,-0.5559,0.093,1.0076,-0.0486,1.5561,0.001267,-0.0136,0.0027
21.22,FLIGHT,0.9668,1.4844,-1.8109,1.16,-1.6634,1.0908,-0.0016,-0.1962,-0.5196,0.0966,1.0089,0.0033,1.5174,0.001181,-0.0199,0.004
21.225,FLIGHT,0.959,1.4895,-1.631,1.0621,-1.4595,0.9599,-0.0039,-0.1957,-0.4686,0.094,1.0102,0.0333,1.4969,0.001073,-0.0228,0.0046
21.23,FLIGHT,0.9522,1.494,-1.4345,0.9397,-1.2563,0.8254,-0.0059,-0.1953,-0.4115,0.0874,1.0114,0.0483,1.4885,0.000957,-0.0233,0.0047
21.235,FLIGHT,0.9464,1.4978,-1.2371,0.8118,-1.0632,0.6986,-0.0075,-0.195,-0.3539,0.0786,1.0126,0.0537,1.4878,0.000842,-0.0225,0.0045
21.24,FLIGHT,0.9415,1.501,-1.0485,0.6898,-0.8855,0.5855,-0.0089,-0.1947,-0.2994,0.069,1.0137,0.0532,1.4917,0.000734,-0.0207,0.0041
21.245,FLIGHT,0.9375,1.5037,-0.8742,0.5802,-0.7254,0.4885,-0.0101,-0.1944,-0.2498,0.0595,1.0148,0.0491,1.4979,0.000636,-0.0185,0.0037
21.25,FLIGHT,0.9342,1.5059,-0.7167,0.4856,-0.5836,0.4079,-0.011,-0.1942,-0.2057,0.0507,1.0158,0.0433,1.5052,0.000549,-0.0161,0.0032
21.255,FLIGHT,0.9316,1.5078,-0.5768,0.4066,-0.4592,0.3428,-0.0118,-0.194,-0.1675,0.0429,1.0168,0.0367,1.5126,0.000475,-0.0137,0.0027
21.26,FLIGHT,0.9296,1.5094,-0.4539,0.3426,-0.3512,0.2915,-0.0124,-0.1938,-0.1347,0.0362,1.0178,0.0299,1.5197,0.000412,-0.0113,0.0023
21.265,FLIGHT,0.9281,1.5107,-0.347,0.2919,-0.258,0.2521,-0.0128,-0.1937,-0.1069,0.0306,1.0187,0.0234,1.5262,0.000361,-0.0092,0.0018
21.27,FLIGHT,0.927,1.5119,-0.2546,0.253,-0.1779,0.2227,-0.0132,-0.1935,-0.0837,0.0261,1.0196,0.0173,1.5321,0.000319,-0.0074,0.0015
21.275,FLIGHT,0.9263,1.513,-0.1752,0.2238,-0.1095,0.2017,-0.0135,-0.1934,-0.0643,0.0226,1.0205,0.0117,1.5373,0.000287,-0.0058,0.0012
21.28,FLIGHT,0.9259,1.5139,-0.1073,0.2029,-0.0512,0.1872,-0.0137,-0.1933,-0.0483,0.0198,1.0214,0.0066,1.5418,0.000261,-0.0045,0.0009
21.285,FLIGHT,0.9258,1.5148,-0.0495,0.1885,-0.0019,0.1781,-0.0139,-0.1933,-0.0351,0.0178,1.0222,0.0021,1.5457,0.000242,-0.0033,0.0007
21.29,FLIGHT,0.9259,1.5157,-0.0005,0.1793,0.0398,0.1731,-0.014,-0.1932,-0.0244,0.0163,1.023,-0.002,1.5491,0.000227,-0.0024,0.0005
21.295,FLIGHT,0.9262,1.5166,0.0409,0.1742,0.0749,0.1712,-0.014,-0.1931,-0.0157,0.0152,1.0238,-0.0057,1.5521,0.000217,-0.0017,0.0003
21.3,FLIGHT,0.9266,1.5174,0.0757,0.1722,0.1042,0.1716,-0.014,-0.193,-0.0087,0.0146,1.0246,-0.009,1.5547,0.00021,-0.0011,0.0002
21.305,FLIGHT,0.9272,1.5183,0.1048,0.1725,0.1286,0.1736,-0.014,-0.193,-0.0031,0.0142,1.0254,-0.0119,1.5569,0.000205,-0.0007,0.0001
21.31,FLIGHT,0.9279,1.5192,0.1291,0.1745,0.1488,0.1768,-0.014,-0.1929,0.0013,0.014,1.0261,-0.0145,1.5588,0.000203,-0.0003,0.0001
21.315,FLIGHT,0.9287,1.5201,0.1491,0.1775,0.1653,0.1806,-0.014,-0.1928,0.0047,0.014,1.0268,-0.0168,1.5605,0.000202,-0.0001,0.0
21.32,FLIGHT,0.9295,1.521,0.1655,0.1812,0.1787,0.1848,-0.014,-0.1928,0.0074,0.0142,1.0275,-0.019,1.562,0.000202,0.0001,0.0
21.325,FLIGHT,0.9305,1.5219,0.1788,0.1853,0.1894,0.189,-0.0139,-0.1927,0.0094,0.0144,1.0281,-0.0209,1.5634,0.000203,0.0002,0.0
21.33,FLIGHT,0.9314,1.5229,0.1894,0.1895,0.1978,0.1932,-0.0139,-0.1926,0.0108,0.0146,1.0288,-0.0226,1.5646,0.000204,0.0003,0.0
21.335,FLIGHT,0.9324,1.5238,0.1977,0.1936,0.2043,0.1971,-0.0138,-0.1925,0.0119,0.0149,1.0294,-0.0241,1.5656,0.000206,0.0004,0.0
21.34,FLIGHT,0.9335,1.5248,0.2042,0.1974,0.2091,0.2007,-0.0137,-0.1925,0.0126,0.0151,1.03,-0.0255,1.5666,0.000208,0.0004,0.0
21.345,FLIGHT,0.9345,1.5258,0.2089,0.2009,0.2125,0.2039,-0.0137,-0.1924,0.013,0.0154,1.0306,-0.0268,1.5675,0.00021,0.0004,0.0
21.35,FLIGHT,0.9356,1.5269,0.2123,0.204,0.2147,0.2065,-0.0136,-0.1923,0.0132,0.0157,1.0311,-0.028,1.5683,0.000212,0.0004,0.0
21.355,FLIGHT,0.9367,1.5279,0.2144,0.2066,0.2158,0.2087,-0.0135,-0.1922,0.0132,0.0159,1.0317,-0.0291,1.569,0.000214,0.0004,0.0
21.36,FLIGHT,0.9378,1.529,0.2155,0.2087,0.2161,0.2104,-0.0135,-0.1921,0.0132,0.0161,1.0322,-0.0301,1.5697,0.000216,0.0004,0.0
21.365,FLIGHT,0.9388,1.53,0.2158,0.2104,0.2157,0.2116,-0.0134,-0.1921,0.013,0.0162,1.0327,-0.031,1.5704,0.000218,0.0004,0.0
21.37,FLIGHT,0.9399,1.5311,0.2153,0.2115,0.2146,0.2123,-0.0133,-0.192,0.0127,0.0163,1.0331,-0.0318,1.571,0.00022,0.0003,0.0
21.375,FLIGHT,0.941,1.5321,0.2142,0.2121,0.213,0.2125,-0.0133,-0.1919,0.0124,0.0164,1.0336,-0.0326,1.5716,0.000221,0.0003,0.0
21.38,FLIGHT,0.942,1.5332,0.2126,0.2123,0.211,0.2123,-0.0132,-0.1918,0.012,0.0165,1.034,-0.0333,1.5722,0.000223,0.0003,0.0
21.385,FLIGHT,0.9431,1.5343,0.2106,0.2121,0.2087,0.2117,-0.0132,-0.1917,0.0117,0.0165,1.0344,-0.034,1.5727,0.000224,0.0002,0.0
21.39,FLIGHT,0.9441,1.5353,0.2083,0.2114,0.206,0.2107,-0.0131,-0.1916,0.0113,0.0165,1.0347,-0.0347,1.5732,0.000225,0.0002,0.0
21.395,FLIGHT,0.9451,1.5364,0.2056,0.2104,0.2031,0.2093,-0.013,-0.1916,0.0109,0.0164,1.0351,-0.0352,1.5737,0.000226,0.0002,0.0
21.4,FLIGHT,0.9462,1.5374,0.2028,0.209,0.2001,0.2076,-0.013,-0.1915,0.0105,0.0164,1.0354,-0.0358,1.5742,0.000227,0.0001,0.0
21.405,FLIGHT,0.9471,1.5384,0.1997,0.2073,0.1969,0.2056,-0.0129,-0.1914,0.0102,0.0163,1.0357,-0.0363,1.5747,0.000227,0.0001,0.0
21.41,FLIGHT,0.9481,1.5395,0.1965,0.2053,0.1936,0.2034,-0.0129,-0.1913,0.0098,0.0161,1.036,-0.0368,1.5751,0.000228,0.0001,0.0
21.415,FLIGHT,0.9491,1.5405,0.1932,0.2031,0.1902,0.2009,-0.0128,-0.1912,0.0095,0.016,1.0362,-0.0373,1.5756,0.000228,0.0001,0.0
21.42,FLIGHT,0.95,1.5415,0.1898,0.2006,0.1867,0.1983,-0.0128,-0.1912,0.0091,0.0158,1.0364,-0.0378,1.576,0.000228,0.0,0.0
21.425,FLIGHT,0.9509,1.5425,0.1863,0.1979,0.1832,0.1954,-0.0128,-0.1911,0.0088,0.0156,1.0366,-0.0382,1.5765,0.000229,0.0,0.0
21.43,FLIGHT,0.9519,1.5434,0.1829,0.195,0.1797,0.1924,-0.0127,-0.191,0.0085,0.0154,1.0368,-0.0386,1.5769,0.000229,0.0,0.0
21.435,FLIGHT,0.9527,1.5444,0.1794,0.192,0.1762,0.1893,-0.0127,-0.1909,0.0083,0.0152,1.0369,-0.039,1.5773,0.000229,0.0,0.0
21.44,FLIGHT,0.9536,1.5453,0.1759,0.1889,0.1727,0.186,-0.0126,-0.1909,0.008,0.015,1.0371,-0.0394,1.5777,0.000229,-0.0,0.0
21.445,FLIGHT,0.9545,1.5462,0.1724,0.1856,0.1692,0.1827,-0.0126,-0.1908,0.0078,0.0147,1.0372,-0.0397,1.5781,0.000229,-0.0,0.0
21.45,FLIGHT,0.9553,1.5471,0.1689,0.1823,0.1658,0.1793,-0.0126,-0.1907,0.0075,0.0145,1.0372,-0.0401,1.5784,0.000229,-0.0,0.0
21.455,FLIGHT,0.9561,1.548,0.1654,0.1789,0.1624,0.1758,-0.0125,-0.1906,0.0073,0.0142,1.0373,-0.0404,1.5788,0.000228,-0.0,0.0
21.46,FLIGHT,0.9569,1.5489,0.162,0.1754,0.159,0.1723,-0.0125,-0.1906,0.0071,0.0139,1.0373,-0.0407,1.5792,0.000228,-0.0,0.0
21.465,FLIGHT,0.9577,1.5498,0.1587,0.1719,0.1557,0.1688,-0.0125,-0.1905,0.007,0.0137,1.0373,-0.041,1.5795,0.000228,-0.0,0.0
21.47,FLIGHT,0.9585,1.5506,0.1553,0.1684,0.1524,0.1653,-0.0124,-0.1904,0.0068,0.0134,1.0373,-0.0413,1.5799,0.000228,-0.0001,0.0
21.475,FLIGHT,0.9592,1.5514,0.1521,0.1649,0.1492,0.1617,-0.0124,-0.1904,0.0066,0.0131,1.0373,-0.0416,1.5802,0.000227,-0.0001,0.0
21.48,FLIGHT,0.96,1.5522,0.1489,0.1613,0.146,0.1582,-0.0124,-0.1903,0.0065,0.0128,1.0372,-0.0419,1.5806,0.000227,-0.0001,0.0
21.485,FLIGHT,0.9607,1.553,0.1457,0.1578,0.1429,0.1546,-0.0123,-0.1903,0.0064,0.0126,1.0371,-0.0422,1.5809,0.000227,-0.0001,0.0
21.49,FLIGHT,0.9614,1.5538,0.1426,0.1543,0.1398,0.1511,-0.0123,-0.1902,0.0063,0.0123,1.037,-0.0424,1.5812,0.000227,-0.0001,0.0
21.495,FLIGHT,0.9621,1.5545,0.1396,0.1508,0.1369,0.1477,-0.0123,-0.1901,0.0061,0.012,1.0369,-0.0427,1.5815,0.000226,-0.0001,0.0
21.5,FLIGHT,0.9628,1.5552,0.1366,0.1473,0.1339,0.1442,-0.0122,-0.1901,0.006,0.0117,1.0368,-0.0429,1.5819,0.000226,-0.0001,0.0
21.505,FLIGHT,0.9634,1.5559,0.1336,0.1439,0.1311,0.1408,-0.0122,-0.19,0.0059,0.0115,1.0366,-0.0432,1.5822,0.000226,-0.0001,0.0
21.51,FLIGHT,0.9641,1.5566,0.1308,0.1405,0.1282,0.1375,-0.0122,-0.19,0.0058,0.0112,1.0364,-0.0434,1.5825,0.000225,-0.0001,0.0
21.515,FLIGHT,0.9647,1.5573,0.128,0.1372,0.1255,0.1342,-0.0121,-0.1899,0.0058,0.0109,1.0362,-0.0437,1.5827,0.000225,-0.0001,0.0
21.52,FLIGHT,0.9653,1.558,0.1252,0.1339,0.1228,0.1309,-0.0121,-0.1899,0.0057,0.0107,1.0359,-0.0439,1.583,0.000225,-0.0001,0.0
21.525,FLIGHT,0.966,1.5586,0.1226,0.1306,0.1202,0.1277,-0.0121,-0.1898,0.0056,0.0104,1.0357,-0.0441,1.5833,0.000224,-0.0001,0.0
21.53,FLIGHT,0.9665,1.5593,0.1199,0.1274,0.1176,0.1246,-0.0121,-0.1898,0.0055,0.0102,1.0354,-0.0443,1.5836,0.000224,-0.0001,0.0
21.535,FLIGHT,0.9671,1.5599,0.1174,0.1243,0.1151,0.1215,-0.012,-0.1897,0.0055,0.0099,1.0351,-0.0445,1.5838,0.000224,-0.0001,0.0
21.54,FLIGHT,0.9677,1.5605,0.1149,0.1212,0.1126,0.1185,-0.012,-0.1897,0.0054,0.0097,1.0348,-0.0447,1.5841,0.000223,-0.0001,0.0
21.545,FLIGHT,0.9683,1.5611,0.1124,0.1182,0.1102,0.1155,-0.012,-0.1896,0.0053,0.0094,1.0344,-0.0449,1.5844,0.000223,-0.0001,0.0
21.55,FLIGHT,0.9688,1.5616,0.11,0.1153,0.1079,0.1126,-0.012,-0.1896,0.0053,0.0092,1.0341,-0.0451,1.5846,0.000223,-0.0001,0.0
21.555,FLIGHT,0.9693,1.5622,0.1077,0.1124,0.1056,0.1098,-0.0119,-0.1895,0.0052,0.009,1.0337,-0.0453,1.5849,0.000222,-0.0001,0.0
21.56,FLIGHT,0.9699,1.5627,0.1054,0.1095,0.1034,0.107,-0.0119,-0.1895,0.0052,0.0087,1.0333,-0.0455,1.5851,0.000222,-0.0001,0.0
21.565,FLIGHT,0.9704,1.5633,0.1031,0.1068,0.1012,0.1043,-0.0119,-0.1894,0.0051,0.0085,1.0328,-0.0457,1.5853,0.000222,-0.0001,0.0
21.57,FLIGHT,0.9709,1.5638,0.101,0.1041,0.099,0.1017,-0.0119,-0.1894,0.0051,0.0083,1.0324,-0.0459,1.5856,0.000222,-0.0001,0.0
21.575,FLIGHT,0.9714,1.5643,0.0988,0.1014,0.0969,0.0991,-0.0118,-0.1894,0.005,0.0081,1.0319,-0.046,1.5858,0.000221,-0.0001,0.0
21.58,FLIGHT,0.9718,1.5648,0.0967,0.0989,0.0949,0.0966,-0.0118,-0.1893,0.0049,0.0079,1.0314,-0.0462,1.586,0.000221,-0.0001,0.0
21.585,FLIGHT,0.9723,1.5652,0.0947,0.0964,0.0929,0.0941,-0.0118,-0.1893,0.0049,0.0077,1.0309,-0.0464,1.5862,0.000221,-0.0001,0.0
21.59,FLIGHT,0.9728,1.5657,0.0927,0.0939,0.0909,0.0917,-0.0118,-0.1892,0.0048,0.0075,1.0304,-0.0466,1.5864,0.000221,-0.0,0.0
21.595,FLIGHT,0.9732,1.5662,0.0908,0.0915,0.089,0.0894,-0.0117,-0.1892,0.0048,0.0073,1.0299,-0.0467,1.5866,0.00022,-0.0,0.0
21.6,FLIGHT,0.9737,1.5666,0.0889,0.0892,0.0872,0.0871,-0.0117,-0.1892,0.0048,0.0071,1.0293,-0.0469,1.5868,0.00022,-0.0,0.0
21.605,FLIGHT,0.9741,1.567,0.087,0.0869,0.0853,0.0849,-0.0117,-0.1891,0.0047,0.0069,1.0287,-0.047,1.587,0.00022,-0.0,0.0
21.61,FLIGHT,0.9745,1.5674,0.0852,0.0847,0.0836,0.0828,-0.0117,-0.1891,0.0047,0.0067,1.0281,-0.0472,1.5872,0.00022,-0.0,0.0
21.615,FLIGHT,0.9749,1.5679,0.0834,0.0826,0.0818,0.0806,-0.0116,-0.1891,0.0046,0.0065,1.0275,-0.0473,1.5874,0.000219,-0.0,0.0
21.62,FLIGHT,0.9753,1.5683,0.0817,0.0805,0.0801,0.0786,-0.0116,-0.189,0.0046,0.0064,1.0269,-0.0475,1.5876,0.000219,-0.0,0.0
21.625,FLIGHT,0.9757,1.5686,0.08,0.0784,0.0785,0.0766,-0.0116,-0.189,0.0045,0.0062,1.0262,-0.0476,1.5878,0.000219,-0.0,0.0
21.63,FLIGHT,0.9761,1.569,0.0783,0.0764,0.0768,0.0747,-0.0116,-0.189,0.0045,0.0061,1.0255,-0.0478,1.588,0.000219,-0.0,0.0
21.635,FLIGHT,0.9765,1.5694,0.0767,0.0745,0.0752,0.0728,-0.0115,-0.1889,0.0044,0.0059,1.0248,-0.0479,1.5882,0.000219,-0.0,0.0
21.64,FLIGHT,0.9769,1.5697,0.0751,0.0726,0.0737,0.071,-0.0115,-0.1889,0.0044,0.0057,1.0241,-0.0481,1.5883,0.000218,-0.0,0.0
21.645,FLIGHT,0.9772,1.5701,0.0735,0.0708,0.0721,0.0692,-0.0115,-0.1889,0.0043,0.0056,1.0234,-0.0482,1.5885,0.000218,-0.0,0.0
21.65,FLIGHT,0.9776,1.5704,0.072,0.069,0.0706,0.0674,-0.0115,-0.1889,0.0043,0.0055,1.0227,-0.0483,1.5887,0.000218,-0.0,0.0
21.655,FLIGHT,0.9779,1.5708,0.0705,0.0673,0.0692,0.0658,-0.0115,-0.1888,0.0042,0.0053,1.0219,-0.0485,1.5888,0.000218,-0.0,0.0
21.66,FLIGHT,0.9783,1.5711,0.069,0.0656,0.0677,0.0641,-0.0114,-0.1888,0.0042,0.0052,1.0211,-0.0486,1.589,0.000218,-0.0,0.0
21.665,FLIGHT,0.9786,1.5714,0.0676,0.064,0.0663,0.0625,-0.0114,-0.1888,0.0041,0.0051,1.0203,-0.0487,1.5891,0.000218,-0.0,0.0
21.67,FLIGHT,0.9789,1.5717,0.0662,0.0624,0.065,0.061,-0.0114,-0.1888,0.0041,0.0049,1.0195,-0.0489,1.5893,0.000217,-0.0,0.0
21.675,FLIGHT,0.9793,1.572,0.0648,0.0608,0.0636,0.0595,-0.0114,-0.1887,0.004,0.0048,1.0187,-0.049,1.5894,0.000217,-0.0,0.0
21.68,FLIGHT,0.9796,1.5723,0.0635,0.0593,0.0623,0.058,-0.0114,-0.1887,0.004,0.0047,1.0179,-0.0491,1.5896,0.000217,-0.0,0.0
21.685,FLIGHT,0.9799,1.5726,0.0622,0.0579,0.061,0.0566,-0.0113,-0.1887,0.0039,0.0046,1.017,-0.0492,1.5897,0.000217,-0.0,0.0
21.69,FLIGHT,0.9802,1.5729,0.0609,0.0565,0.0597,0.0552,-0.0113,-0.1887,0.0039,0.0045,1.0161,-0.0493,1.5899,0.000217,-0.0,0.0
21.695,FLIGHT,0.9805,1.5732,0.0596,0.0551,0.0585,0.0539,-0.0113,-0.1886,0.0038,0.0043,1.0152,-0.0495,1.59,0.000217,-0.0,0.0
21.7,FLIGHT,0.9808,1.5734,0.0584,0.0537,0.0573,0.0526,-0.0113,-0.1886,0.0037,0.0042,1.0143,-0.0496,1.5901,0.000217,-0.0,0.0
21.705,FLIGHT,0.9811,1.5737,0.0572,0.0524,0.0561,0.0513,-0.0113,-0.1886,0.0037,0.0041,1.0134,-0.0497,1.5903,0.000217,-0.0,0.0
21.71,FLIGHT,0.9813,1.5739,0.056,0.0512,0.0549,0.0501,-0.0112,-0.1886,0.0036,0.004,1.0125,-0.0498,1.5904,0.000216,-0.0,0.0
21.715,FLIGHT,0.9816,1.5742,0.0548,0.05,0.0537,0.0489,-0.0112,-0.1886,0.0036,0.0039,1.0115,-0.0499,1.5905,0.000216,-0.0,0.0
21.72,FLIGHT,0.9819,1.5744,0.0536,0.0488,0.0526,0.0477,-0.0112,-0.1885,0.0035,0.0038,1.0105,-0.05,1.5907,0.000216,-0.0,0.0
21.725,FLIGHT,0.9821,1.5747,0.0525,0.0476,0.0515,0.0466,-0.0112,-0.1885,0.0035,0.0037,1.0096,-0.0502,1.5908,0.000216,-0.0,0.0
21.73,FLIGHT,0.9824,1.5749,0.0514,0.0465,0.0504,0.0455,-0.0112,-0.1885,0.0034,0.0037,1.0086,-0.0503,1.5909,0.000216,-0.0,0.0
21.735,FLIGHT,0.9826,1.5751,0.0503,0.0454,0.0493,0.0444,-0.0112,-0.1885,0.0033,0.0036,1.0075,-0.0504,1.591,0.000216,-0.0,0.0
21.74,FLIGHT,0.9829,1.5753,0.0492,0.0443,0.0483,0.0434,-0.0111,-0.1885,0.0033,0.0035,1.0065,-0.0505,1.5912,0.000216,-0.0,0.0
21.745,FLIGHT,0.9831,1.5755,0.0482,0.0433,0.0472,0.0424,-0.0111,-0.1885,0.0032,0.0034,1.0055,-0.0506,1.5913,0.000216,-0.0,0.0
21.75,FLIGHT,0.9834,1.5758,0.0471,0.0423,0.0462,0.0414,-0.0111,-0.1884,0.0032,0.0033,1.0044,-0.0507,1.5914,0.000216,-0.0,0.0
21.755,FLIGHT,0.9836,1.576,0.0461,0.0413,0.0452,0.0405,-0.0111,-0.1884,0.0031,0.0032,1.0034,-0.0508,1.5915,0.000216,-0.0,0.0
21.76,FLIGHT,0.9838,1.5762,0.0451,0.0404,0.0442,0.0396,-0.0111,-0.1884,0.003,0.0032,1.0023,-0.0509,1.5916,0.000216,-0.0,0.0
21.765,FLIGHT,0.984,1.5764,0.0441,0.0395,0.0433,0.0387,-0.0111,-0.1884,0.003,0.0031,1.0012,-0.051,1.5917,0.000216,-0.0,0.0
21.77,FLIGHT,0.9842,1.5765,0.0432,0.0386,0.0423,0.0378,-0.0111,-0.1884,0.0029,0.003,1.0001,-0.0511,1.5918,0.000216,-0.0,0.0
21.775,STANCE,0.9853,1.5772,0.1955,0.1083,0.6316,0.1127,-0.0109,-0.1883,0.0222,0.0077,0.9991,0.0737,-0.402,-0.000359,-0.3129,0.0629
21.78,STANCE,0.9906,1.5759,0.8328,-0.1874,1.4542,-0.6952,-0.0098,-0.1885,0.1825,-0.025,0.9983,-0.3581,-0.8913,-0.002338,-0.4389,0.0901
21.785,STANCE,0.995,1.5737,0.7647,-0.3064,0.2496,-0.0419,-0.0086,-0.1887,0.1861,-0.0339,0.998,-0.6313,-1.4153,-0.003615,-0.0775,0.0191
21.79,STANCE,0.9958,1.5738,0.357,-0.0819,0.212,-0.0364,-0.0085,-0.1887,0.0786,-0.0103,0.9981,-0.7789,-2.0043,-0.003683,0.0258,0.0037
21.795,STANCE,0.9978,1.5725,0.4081,-0.2313,0.6045,-0.5178,-0.008,-0.1889,0.1087,-0.0237,0.9984,-1.1008,-2.2835,-0.003474,0.0529,0.0035
21.8,STANCE,1.0009,1.5664,0.5574,-0.9567,0.7956,-1.3077,-0.0065,-0.1894,0.2373,-0.0872,0.9983,-1.4339,-2.1041,-0.00296,0.1002,0.003
21.805,STANCE,1.005,1.5584,0.7479,-1.4256,1.0204,-1.8423,-0.0046,-0.1901,0.3399,-0.1256,0.9984,-1.7039,-1.8137,-0.002427,0.0388,0.0024
21.81,STANCE,1.0113,1.5478,1.1165,-1.9235,1.3646,-2.4431,-0.002,-0.1911,0.4828,-0.1625,0.9984,-1.9502,-1.3054,-0.002581,-0.0562,0.0138
21.815,STANCE,1.0175,1.5338,1.1932,-2.5277,1.1485,-2.963,0.0012,-0.1922,0.5877,-0.202,0.9984,-1.9406,-0.6055,-0.002727,-0.0198,0.0067
21.82,STANCE,1.0228,1.5193,1.0887,-2.7916,0.9542,-2.8409,0.0043,-0.1933,0.6106,-0.2121,0.9984,-1.692,0.0155,-0.002844,-0.0216,0.0072
21.825,STANCE,1.0265,1.5052,0.8279,-2.8049,0.5379,-2.764,0.007,-0.1944,0.5668,-0.2048,0.9985,-1.2366,0.52,-0.002828,0.0242,0.0028
21.83,STANCE,1.0285,1.492,0.526,-2.6823,0.2647,-2.5524,0.0094,-0.1954,0.4939,-0.1905,0.9987,-0.6967,0.8966,-0.002667,0.0459,0.0027
21.835,STANCE,1.0295,1.4797,0.285,-2.5255,0.0958,-2.4165,0.0113,-0.1962,0.4266,-0.1759,0.9989,-0.2327,1.1364,-0.002403,0.067,0.0024
21.84,FLIGHT,1.03,1.4681,0.1589,-2.3859,0.077,-2.3018,0.0131,-0.197,0.3835,-0.1629,0.9992,-1.2268,2.535,-0.002083,0.0757,0.0021
21.845,FLIGHT,1.029,1.4587,-0.1317,-1.9748,-0.6132,-1.2734,0.0143,-0.1977,0.2666,-0.136,0.9997,-1.1931,2.4974,-0.001589,0.1278,0.0016
21.85,FLIGHT,1.024,1.4551,-0.7547,-1.0649,-1.3375,-0.2104,0.0139,-0.198,0.0083,-0.083,1.0005,-0.976,2.3121,-0.000834,0.1704,0.0008
21.855,FLIGHT,1.016,1.456,-1.3541,-0.1745,-1.8255,0.5407,0.0122,-0.1981,-0.2425,-0.0286,1.0015,-0.7134,2.0934,7.5e-05,0.1861,0.0
21.86,FLIGHT,1.0062,1.46,-1.782,0.5042,-2.0757,1.0008,0.0096,-0.1979,-0.4265,0.0189,1.0026,-0.4777,1.8992,0.000806,0.1101,0.0
21.865,FLIGHT,0.9956,1.4657,-2.0154,0.9392,-2.1444,1.2273,0.0067,-0.1976,-0.5347,0.0558,1.0039,-0.2918,1.7477,0.001214,0.0568,0.0
21.87,FLIGHT,0.9849,1.472,-2.084,1.1647,-2.0843,1.2885,0.0037,-0.1971,-0.5786,0.0812,1.0052,-0.1569,1.6392,0.001404,0.0216,0.0
21.875,FLIGHT,0.9748,1.4784,-2.0311,1.2347,-1.9422,1.244,0.0008,-0.1967,-0.5758,0.0955,1.0064,-0.0652,1.5671,0.001452,-0.0008,0.0002
21.88,FLIGHT,0.9656,1.4843,-1.8984,1.2016,-1.7545,1.1392,-0.0019,-0.1962,-0.5426,0.1007,1.0077,-0.0067,1.5229,0.001411,-0.0143,0.0029
21.885,FLIGHT,0.9573,1.4897,-1.7198,1.1077,-1.5475,1.0065,-0.0042,-0.1957,-0.4922,0.099,1.0089,0.0278,1.4988,0.001319,-0.0218,0.0044
21.89,FLIGHT,0.9501,1.4944,-1.5206,0.9841,-1.3386,0.867,-0.0063,-0.1953,-0.4342,0.0927,1.01,0.0458,1.4881,0.0012,-0.0252,0.005
21.895,FLIGHT,0.9439,1.4984,-1.318,0.8518,-1.1386,0.7337,-0.0081,-0.1949,-0.3749,0.0837,1.0111,0.053,1.4861,0.001071,-0.0259,0.0052
21.9,FLIGHT,0.9387,1.5017,-1.1228,0.7238,-0.9535,0.6137,-0.0096,-0.1946,-0.3182,0.0737,1.0122,0.0535,1.4893,0.000943,-0.0251,0.005
21.905,FLIGHT,0.9344,1.5046,-0.9414,0.6075,-0.7861,0.51,-0.0108,-0.1943,-0.2663,0.0636,1.0132,0.05,1.4953,0.000822,-0.0232,0.0046
21.91,FLIGHT,0.9308,1.5069,-0.7768,0.5065,-0.6373,0.4232,-0.0118,-0.194,-0.22,0.0541,1.0142,0.0444,1.5025,0.000712,-0.0208,0.0042
21.915,FLIGHT,0.928,1.5088,-0.63,0.4216,-0.5066,0.3527,-0.0126,-0.1938,-0.1796,0.0457,1.0151,0.0379,1.5101,0.000614,-0.0182,0.0036
21.92,FLIGHT,0.9257,1.5104,-0.5009,0.3523,-0.3928,0.2968,-0.0133,-0.1937,-0.1449,0.0383,1.016,0.031,1.5174,0.00053,-0.0155,0.0031
21.925,FLIGHT,0.924,1.5118,-0.3882,0.2971,-0.2944,0.2536,-0.0138,-0.1935,-0.1154,0.0322,1.0169,0.0244,1.5242,0.000458,-0.013,0.0026
21.93,FLIGHT,0.9228,1.513,-0.2908,0.2544,-0.2098,0.2212,-0.0142,-0.1934,-0.0907,0.0272,1.0178,0.0181,1.5303,0.0004,-0.0106,0.0021
21.935,FLIGHT,0.9219,1.514,-0.2069,0.2222,-0.1374,0.1976,-0.0145,-0.1933,-0.07,0.0232,1.0186,0.0123,1.5358,0.000352,-0.0085,0.0017
21.94,FLIGHT,0.9214,1.515,-0.135,0.1988,-0.0756,0.1813,-0.0147,-0.1932,-0.0529,0.0201,1.0194,0.0071,1.5405,0.000314,-0.0067,0.0013
21.945,FLIGHT,0.9211,1.5158,-0.0737,0.1826,-0.0232,0.1707,-0.0149,-0.1931,-0.0389,0.0178,1.0202,0.0024,1.5446,0.000284,-0.0052,0.001
21.95,FLIGHT,0.9211,1.5167,-0.0216,0.172,0.0212,0.1647,-0.015,-0.193,-0.0274,0.0161,1.0209,-0.0019,1.5482,0.000261,-0.004,0.0008
21.955,FLIGHT,0.9213,1.5175,0.0224,0.1659,0.0586,0.162,-0.0151,-0.193,-0.018,0.0148,1.0216,-0.0057,1.5513,0.000244,-0.003,0.0006
21.96,FLIGHT,0.9217,1.5183,0.0595,0.1632,0.09,0.162,-0.0151,-0.1929,-0.0105,0.014,1.0223,-0.0091,1.554,0.000231,-0.0021,0.0004
21.965,FLIGHT,0.9222,1.5191,0.0907,0.163,0.1162,0.1638,-0.0151,-0.1928,-0.0045,0.0136,1.023,-0.0121,1.5563,0.000222,-0.0015,0.0003
21.97,FLIGHT,0.9229,1.52,0.1167,0.1647,0.1379,0.1669,-0.0151,-0.1928,0.0003,0.0133,1.0237,-0.0148,1.5583,0.000216,-0.001,0.0002
21.975,FLIGHT,0.9236,1.5208,0.1382,0.1677,0.1557,0.1708,-0.0151,-0.1927,0.004,0.0133,1.0243,-0.0172,1.5601,0.000212,-0.0006,0.0001
21.98,FLIGHT,0.9244,1.5217,0.156,0.1715,0.1703,0.1751,-0.015,-0.1926,0.0069,0.0134,1.025,-0.0194,1.5617,0.00021,-0.0003,0.0001
21.985,FLIGHT,0.9253,1.5225,0.1704,0.1757,0.1821,0.1796,-0.015,-0.1925,0.0091,0.0136,1.0256,-0.0214,1.563,0.000209,-0.0001,0.0
21.99,FLIGHT,0.9262,1.5235,0.1821,0.1801,0.1914,0.1841,-0.0149,-0.1925,0.0108,0.0138,1.0262,-0.0231,1.5643,0.000209,0.0001,0.0
21.995,FLIGHT,0.9272,1.5244,0.1913,0.1845,0.1987,0.1883,-0.0149,-0.1924,0.0119,0.0141,1.0267,-0.0247,1.5654,0.00021,0.0002,0.0
22.0,FLIGHT,0.9282,1.5253,0.1985,0.1887,0.2041,0.1923,-0.0148,-0.1923,0.0128,0.0144,1.0273,-0.0262,1.5663,0.000211,0.0003,0.0
22.005,FLIGHT,0.9292,1.5263,0.204,0.1925,0.2081,0.1958,-0.0147,-0.1923,0.0133,0.0146,1.0278,-0.0275,1.5672,0.000213,0.0003,0.0
22.01,FLIGHT,0.9303,1.5273,0.2079,0.196,0.2108,0.1989,-0.0147,-0.1922,0.0135,0.0149,1.0283,-0.0287,1.5681,0.000214,0.0003,0.0
22.015,FLIGHT,0.9313,1.5283,0.2106,0.199,0.2124,0.2014,-0.0146,-0.1921,0.0136,0.0152,1.0287,-0.0298,1.5688,0.000216,0.0004,0.0
22.02,FLIGHT,0.9324,1.5293,0.2121,0.2015,0.2131,0.2035,-0.0145,-0.192,0.0136,0.0154,1.0292,-0.0308,1.5695,0.000218,0.0003,0.0
22.025,FLIGHT,0.9335,1.5303,0.2128,0.2035,0.213,0.205,-0.0145,-0.192,0.0134,0.0156,1.0296,-0.0318,1.5702,0.000219,0.0003,0.0
22.03,FLIGHT,0.9345,1.5314,0.2127,0.205,0.2123,0.2061,-0.0144,-0.1919,0.0132,0.0157,1.03,-0.0326,1.5708,0.000221,0.0003,0.0
22.035,FLIGHT,0.9356,1.5324,0.2119,0.206,0.211,0.2067,-0.0143,-0.1918,0.0129,0.0158,1.0304,-0.0334,1.5714,0.000223,0.0003,0.0
22.04,FLIGHT,0.9366,1.5334,0.2106,0.2065,0.2092,0.2068,-0.0143,-0.1917,0.0125,0.0159,1.0308,-0.0341,1.572,0.000224,0.0003,0.0
22.045,FLIGHT,0.9377,1.5345,0.2089,0.2066,0.2071,0.2065,-0.0142,-0.1916,0.0122,0.016,1.0311,-0.0348,1.5725,0.000225,0.0002,0.0
22.05,FLIGHT,0.9387,1.5355,0.2067,0.2063,0.2046,0.2058,-0.0142,-0.1916,0.0118,0.016,1.0314,-0.0355,1.573,0.000226,0.0002,0.0
22.055,FLIGHT,0.9397,1.5365,0.2043,0.2055,0.2019,0.2047,-0.0141,-0.1915,0.0114,0.0159,1.0317,-0.0361,1.5735,0.000227,0.0002,0.0
22.06,FLIGHT,0.9407,1.5375,0.2016,0.2044,0.199,0.2033,-0.014,-0.1914,0.011,0.0159,1.032,-0.0366,1.574,0.000228,0.0001,0.0
22.065,FLIGHT,0.9417,1.5385,0.1987,0.203,0.196,0.2016,-0.014,-0.1913,0.0106,0.0158,1.0322,-0.0372,1.5745,0.000228,0.0001,0.0
22.07,FLIGHT,0.9427,1.5396,0.1956,0.2012,0.1928,0.1996,-0.0139,-0.1912,0.0103,0.0157,1.0324,-0.0377,1.5749,0.000229,0.0001,0.0
22.075,FLIGHT,0.9436,1.5405,0.1924,0.1992,0.1895,0.1973,-0.0139,-0.1912,0.0099,0.0156,1.0326,-0.0381,1.5754,0.000229,0.0001,0.0
22.08,FLIGHT,0.9446,1.5415,0.1891,0.197,0.1861,0.1948,-0.0138,-0.1911,0.0096,0.0154,1.0328,-0.0386,1.5758,0.00023,0.0001,0.0
22.085,FLIGHT,0.9455,1.5425,0.1858,0.1945,0.1827,0.1922,-0.0138,-0.191,0.0093,0.0153,1.0329,-0.039,1.5762,0.00023,0.0,0.0
22.09,FLIGHT,0.9464,1.5434,0.1824,0.1918,0.1793,0.1894,-0.0138,-0.1909,0.009,0.0151,1.0331,-0.0394,1.5766,0.00023,0.0,0.0
22.095,FLIGHT,0.9473,1.5444,0.179,0.189,0.1759,0.1864,-0.0137,-0.1909,0.0087,0.0149,1.0332,-0.0398,1.577,0.00023,0.0,0.0
22.1,FLIGHT,0.9482,1.5453,0.1755,0.186,0.1725,0.1833,-0.0137,-0.1908,0.0084,0.0147,1.0332,-0.0402,1.5774,0.00023,-0.0,0.0
22.105,FLIGHT,0.949,1.5462,0.1721,0.183,0.169,0.1801,-0.0136,-0.1907,0.0082,0.0144,1.0333,-0.0406,1.5778,0.00023,-0.0,0.0
22.11,FLIGHT,0.9499,1.5471,0.1687,0.1798,0.1656,0.1769,-0.0136,-0.1906,0.0079,0.0142,1.0333,-0.0409,1.5782,0.00023,-0.0,0.0
22.115,FLIGHT,0.9507,1.548,0.1653,0.1765,0.1623,0.1735,-0.0136,-0.1906,0.0077,0.0139,1.0333,-0.0412,1.5786,0.00023,-0.0,0.0
22.12,FLIGHT,0.9515,1.5488,0.1619,0.1732,0.1589,0.1702,-0.0135,-0.1905,0.0075,0.0137,1.0333,-0.0416,1.5789,0.00023,-0.0,0.0
22.125,FLIGHT,0.9523,1.5497,0.1586,0.1698,0.1557,0.1668,-0.0135,-0.1904,0.0073,0.0134,1.0333,-0.0419,1.5793,0.00023,-0.0,0.0
22.13,FLIGHT,0.953,1.5505,0.1553,0.1664,0.1524,0.1633,-0.0134,-0.1904,0.0071,0.0132,1.0332,-0.0422,1.5796,0.000229,-0.0,0.0
22.135,FLIGHT,0.9538,1.5513,0.1521,0.163,0.1492,0.1599,-0.0134,-0.1903,0.007,0.0129,1.0331,-0.0425,1.58,0.000229,-0.0001,0.0
22.14,FLIGHT,0.9545,1.5521,0.1489,0.1595,0.1461,0.1564,-0.0134,-0.1903,0.0068,0.0126,1.033,-0.0428,1.5803,0.000229,-0.0001,0.0
22.145,FLIGHT,0.9553,1.5529,0.1458,0.1561,0.143,0.153,-0.0133,-0.1902,0.0067,0.0124,1.0329,-0.043,1.5806,0.000229,-0.0001,0.0
22.15,FLIGHT,0.956,1.5536,0.1427,0.1527,0.14,0.1496,-0.0133,-0.1901,0.0066,0.0121,1.0327,-0.0433,1.581,0.000228,-0.0001,0.0
22.155,FLIGHT,0.9567,1.5544,0.1397,0.1493,0.137,0.1462,-0.0133,-0.1901,0.0064,0.0118,1.0326,-0.0435,1.5813,0.000228,-0.0001,0.0
22.16,FLIGHT,0.9573,1.5551,0.1368,0.1459,0.1341,0.1428,-0.0132,-0.19,0.0063,0.0116,1.0324,-0.0438,1.5816,0.000228,-0.0001,0.0
22.165,FLIGHT,0.958,1.5558,0.1339,0.1425,0.1313,0.1395,-0.0132,-0.19,0.0062,0.0113,1.0322,-0.044,1.5819,0.000227,-0.0001,0.0
22.17,FLIGHT,0.9586,1.5565,0.131,0.1392,0.1285,0.1362,-0.0132,-0.1899,0.0061,0.011,1.0319,-0.0443,1.5822,0.000227,-0.0001,0.0
22.175,FLIGHT,0.9593,1.5572,0.1282,0.1359,0.1258,0.133,-0.0132,-0.1899,0.006,0.0108,1.0317,-0.0445,1.5825,0.000227,-0.0001,0.0
22.18,FLIGHT,0.9599,1.5578,0.1255,0.1327,0.1231,0.1298,-0.0131,-0.1898,0.0059,0.0105,1.0314,-0.0447,1.5828,0.000227,-0.0001,0.0
22.185,FLIGHT,0.9605,1.5585,0.1228,0.1295,0.1205,0.1267,-0.0131,-0.1897,0.0059,0.0103,1.0311,-0.0449,1.583,0.000226,-0.0001,0.0
22.19,FLIGHT,0.9611,1.5591,0.1202,0.1264,0.1179,0.1236,-0.0131,-0.1897,0.0058,0.01,1.0308,-0.0452,1.5833,0.000226,-0.0001,0.0
22.195,FLIGHT,0.9617,1.5597,0.1177,0.1233,0.1154,0.1206,-0.013,-0.1897,0.0057,0.0098,1.0304,-0.0454,1.5836,0.000226,-0.0001,0.0
22.2,FLIGHT,0.9623,1.5603,0.1152,0.1203,0.113,0.1176,-0.013,-0.1896,0.0056,0.0095,1.03,-0.0456,1.5838,0.000225,-0.0001,0.0
22.205,FLIGHT,0.9628,1.5609,0.1128,0.1173,0.1106,0.1147,-0.013,-0.1896,0.0056,0.0093,1.0297,-0.0458,1.5841,0.000225,-0.0001,0.0
22.21,FLIGHT,0.9634,1.5614,0.1104,0.1144,0.1083,0.1118,-0.013,-0.1895,0.0055,0.0091,1.0293,-0.046,1.5843,0.000225,-0.0001,0.0
22.215,FLIGHT,0.9639,1.562,0.1081,0.1116,0.106,0.109,-0.0129,-0.1895,0.0054,0.0088,1.0288,-0.0462,1.5846,0.000224,-0.0001,0.0
22.22,FLIGHT,0.9644,1.5625,0.1058,0.1088,0.1038,0.1063,-0.0129,-0.1894,0.0054,0.0086,1.0284,-0.0464,1.5848,0.000224,-0.0001,0.0
22.225,FLIGHT,0.9649,1.5631,0.1036,0.1061,0.1016,0.1036,-0.0129,-0.1894,0.0053,0.0084,1.0279,-0.0465,1.5851,0.000224,-0.0001,0.0
22.23,FLIGHT,0.9654,1.5636,0.1014,0.1034,0.0995,0.101,-0.0129,-0.1893,0.0053,0.0082,1.0274,-0.0467,1.5853,0.000224,-0.0001,0.0
22.235,FLIGHT,0.9659,1.5641,0.0992,0.1008,0.0974,0.0985,-0.0128,-0.1893,0.0052,0.008,1.0269,-0.0469,1.5855,0.000223,-0.0001,0.0
22.24,FLIGHT,0.9664,1.5646,0.0972,0.0983,0.0953,0.096,-0.0128,-0.1893,0.0052,0.0078,1.0264,-0.0471,1.5857,0.000223,-0.0001,0.0
22.245,FLIGHT,0.9669,1.565,0.0951,0.0958,0.0933,0.0936,-0.0128,-0.1892,0.0051,0.0076,1.0259,-0.0472,1.586,0.000223,-0.0001,0.0
22.25,FLIGHT,0.9674,1.5655,0.0932,0.0934,0.0914,0.0912,-0.0128,-0.1892,0.005,0.0074,1.0253,-0.0474,1.5862,0.000222,-0.0,0.0
22.255,FLIGHT,0.9678,1.5659,0.0912,0.091,0.0895,0.0889,-0.0127,-0.1892,0.005,0.0072,1.0247,-0.0476,1.5864,0.000222,-0.0,0.0
22.26,FLIGHT,0.9683,1.5664,0.0893,0.0887,0.0876,0.0867,-0.0127,-0.1891,0.0049,0.007,1.0241,-0.0477,1.5866,0.000222,-0.0,0.0
22.265,FLIGHT,0.9687,1.5668,0.0875,0.0865,0.0858,0.0845,-0.0127,-0.1891,0.0049,0.0068,1.0235,-0.0479,1.5868,0.000222,-0.0,0.0
22.27,FLIGHT,0.9691,1.5672,0.0856,0.0843,0.084,0.0824,-0.0127,-0.1891,0.0048,0.0067,1.0229,-0.048,1.587,0.000222,-0.0,0.0
22.275,FLIGHT,0.9695,1.5676,0.0839,0.0822,0.0823,0.0803,-0.0126,-0.189,0.0048,0.0065,1.0222,-0.0482,1.5872,0.000221,-0.0,0.0
22.28,FLIGHT,0.9699,1.568,0.0821,0.0801,0.0806,0.0783,-0.0126,-0.189,0.0047,0.0063,1.0216,-0.0483,1.5873,0.000221,-0.0,0.0
22.285,FLIGHT,0.9703,1.5684,0.0804,0.0781,0.0789,0.0763,-0.0126,-0.189,0.0047,0.0062,1.0209,-0.0485,1.5875,0.000221,-0.0,0.0
22.29,FLIGHT,0.9707,1.5688,0.0788,0.0761,0.0773,0.0744,-0.0126,-0.1889,0.0046,0.006,1.0202,-0.0486,1.5877,0.000221,-0.0,0.0
22.295,FLIGHT,0.9711,1.5692,0.0771,0.0742,0.0757,0.0725,-0.0125,-0.1889,0.0046,0.0058,1.0194,-0.0488,1.5879,0.000221,-0.0,0.0
22.3,FLIGHT,0.9715,1.5695,0.0756,0.0724,0.0741,0.0707,-0.0125,-0.1889,0.0045,0.0057,1.0187,-0.0489,1.5881,0.00022,-0.0,0.0
22.305,FLIGHT,0.9718,1.5699,0.074,0.0705,0.0726,0.069,-0.0125,-0.1888,0.0045,0.0056,1.0179,-0.049,1.5882,0.00022,-0.0,0.0
22.31,FLIGHT,0.9722,1.5702,0.0725,0.0688,0.0711,0.0672,-0.0125,-0.1888,0.0044,0.0054,1.0172,-0.0492,1.5884,0.00022,-0.0,0.0
22.315,FLIGHT,0.9726,1.5705,0.071,0.0671,0.0697,0.0656,-0.0124,-0.1888,0.0044,0.0053,1.0164,-0.0493,1.5886,0.00022,-0.0,0.0
22.32,FLIGHT,0.9729,1.5709,0.0695,0.0654,0.0682,0.064,-0.0124,-0.1888,0.0043,0.0051,1.0156,-0.0494,1.5887,0.00022,-0.0,0.0
22.325,FLIGHT,0.9732,1.5712,0.0681,0.0638,0.0668,0.0624,-0.0124,-0.1887,0.0043,0.005,1.0147,-0.0496,1.5889,0.00022,-0.0,0.0
22.33,FLIGHT,0.9736,1.5715,0.0667,0.0622,0.0654,0.0608,-0.0124,-0.1887,0.0042,0.0049,1.0139,-0.0497,1.589,0.000219,-0.0,0.0
22.335,FLIGHT,0.9739,1.5718,0.0653,0.0607,0.0641,0.0594,-0.0124,-0.1887,0.0041,0.0048,1.013,-0.0498,1.5892,0.000219,-0.0,0.0
22.34,FLIGHT,0.9742,1.5721,0.064,0.0592,0.0628,0.0579,-0.0123,-0.1887,0.0041,0.0046,1.0122,-0.05,1.5893,0.000219,-0.0,0.0
22.345,FLIGHT,0.9745,1.5724,0.0626,0.0578,0.0615,0.0565,-0.0123,-0.1887,0.004,0.0045,1.0113,-0.0501,1.5895,0.000219,-0.0,0.0
22.35,FLIGHT,0.9748,1.5727,0.0613,0.0564,0.0602,0.0551,-0.0123,-0.1886,0.004,0.0044,1.0104,-0.0502,1.5896,0.000219,-0.0,0.0
22.355,FLIGHT,0.9751,1.5729,0.0601,0.055,0.0589,0.0538,-0.0123,-0.1886,0.0039,0.0043,1.0095,-0.0503,1.5898,0.000219,-0.0,0.0
22.36,FLIGHT,0.9754,1.5732,0.0588,0.0537,0.0577,0.0525,-0.0123,-0.1886,0.0039,0.0042,1.0085,-0.0504,1.5899,0.000219,-0.0,0.0
22.365,FLIGHT,0.9757,1.5734,0.0576,0.0524,0.0565,0.0513,-0.0122,-0.1886,0.0038,0.0041,1.0076,-0.0506,1.59,0.000219,-0.0,0.0
22.37,FLIGHT,0.976,1.5737,0.0564,0.0512,0.0553,0.0501,-0.0122,-0.1885,0.0037,0.004,1.0066,-0.0507,1.5902,0.000218,-0.0,0.0
22.375,FLIGHT,0.9763,1.5739,0.0552,0.0499,0.0542,0.0489,-0.0122,-0.1885,0.0037,0.0039,1.0056,-0.0508,1.5903,0.000218,-0.0,0.0
22.38,FLIGHT,0.9765,1.5742,0.0541,0.0488,0.053,0.0477,-0.0122,-0.1885,0.0036,0.0038,1.0046,-0.0509,1.5904,0.000218,-0.0,0.0
22.385,FLIGHT,0.9768,1.5744,0.0529,0.0476,0.0519,0.0466,-0.0122,-0.1885,0.0036,0.0037,1.0036,-0.051,1.5905,0.000218,-0.0,0.0
22.39,FLIGHT,0.977,1.5747,0.0518,0.0465,0.0508,0.0455,-0.0122,-0.1885,0.0035,0.0036,1.0026,-0.0511,1.5907,0.000218,-0.0,0.0
22.395,FLIGHT,0.9773,1.5749,0.0507,0.0454,0.0497,0.0445,-0.0121,-0.1885,0.0034,0.0036,1.0016,-0.0512,1.5908,0.000218,-0.0,0.0
22.4,FLIGHT,0.9775,1.5751,0.0496,0.0444,0.0487,0.0435,-0.0121,-0.1884,0.0034,0.0035,1.0005,-0.0513,1.5909,0.000218,-0.0,0.0
22.405,STANCE,0.978,1.5756,0.0849,0.0925,0.2391,0.3009,-0.0121,-0.1884,0.0035,0.0075,0.9995,0.1486,-0.1596,2e-05,-0.1964,0.0393
22.41,STANCE,0.9815,1.5756,0.5583,-0.008,1.1335,-0.387,-0.0114,-0.1884,0.1063,-0.0071,0.9987,-0.1291,-0.7255,-0.0016,-0.3966,0.0809
22.415,STANCE,0.9876,1.5717,0.9675,-0.5556,0.6581,-0.5955,-0.0098,-0.1889,0.2583,-0.0594,0.9979,-0.5558,-1.0968,-0.003357,-0.1748,0.0383
22.42,STANCE,0.9889,1.5709,0.4592,-0.2554,0.1079,0.033,-0.0094,-0.1889,0.1216,-0.0272,0.9979,-0.6566,-1.7581,-0.00365,0.0127,0.0037
22.425,STANCE,0.99,1.5703,0.3286,-0.1767,0.4251,-0.3325,-0.0091,-0.189,0.0862,-0.0188,0.9982,-0.9049,-2.2062,-0.003451,0.0568,0.0035
22.43,STANCE,0.9928,1.5657,0.4816,-0.7677,0.6755,-1.4155,-0.008,-0.1894,0.1964,-0.0717,0.9983,-1.2537,-2.1745,-0.003001,0.1142,0.003
22.435,STANCE,0.9976,1.5573,0.8474,-1.4429,1.3037,-2.1089,-0.0059,-0.1902,0.3605,-0.1299,0.9983,-1.6484,-1.8685,-0.002775,-0.0496,0.0127
22.44,STANCE,1.0045,1.5442,1.2027,-2.2778,1.4029,-2.8062,-0.0028,-0.1913,0.5487,-0.1942,0.9982,-1.9691,-1.2624,-0.003056,-0.0621,0.0155
22.445,STANCE,1.0104,1.5303,1.1773,-2.6368,1.1196,-2.8101,0.0003,-0.1925,0.5997,-0.2131,0.9982,-1.9807,-0.7053,-0.00319,-0.0349,0.0102
22.45,STANCE,1.0152,1.5156,1.007,-2.8307,0.6983,-3.0718,0.0033,-0.1937,0.5999,-0.2181,0.9982,-1.7606,-0.1347,-0.003292,0.0133,0.0033
22.455,STANCE,1.0182,1.5011,0.7236,-2.88,0.4409,-2.8594,0.006,-0.1948,0.5567,-0.2136,0.9983,-1.3359,0.3898,-0.003277,0.0169,0.0033
22.46,STANCE,1.0197,1.4872,0.4106,-2.8021,0.1569,-2.6795,0.0083,-0.1958,0.4882,-0.2024,0.9985,-0.7994,0.8149,-0.003131,0.0396,0.0031
22.465,STANCE,1.02,1.4742,0.159,-2.6612,0.002,-2.4982,0.0103,-0.1967,0.4211,-0.1887,0.9987,-0.2905,1.1143,-0.002881,0.0525,0.0029
22.47,STANCE,1.0198,1.462,0.0233,-2.5124,-0.0661,-2.4164,0.012,-0.1976,0.3748,-0.175,0.9991,0.03,1.26,-0.002569,0.0758,0.0026
22.475,FLIGHT,1.0192,1.4507,-0.0897,-2.3094,-0.3905,-1.8134,0.0136,-0.1984,0.3242,-0.1587,0.9995,-1.2659,2.5562,-0.002146,0.1064,0.0021
22.48,FLIGHT,1.0152,1.4447,-0.6217,-1.4849,-1.1983,-0.611,0.0137,-0.1988,0.0965,-0.1093,1.0002,-1.0987,2.4099,-0.001474,0.1587,0.0015
22.485,FLIGHT,1.0076,1.444,-1.2573,-0.5211,-1.7875,0.2899,0.0123,-0.199,-0.1732,-0.0513,1.0012,-0.8324,2.1873,-0.0006,0.1872,0.0006
22.49,FLIGHT,0.9977,1.4471,-1.7618,0.2723,-2.1255,0.873,0.0099,-0.1989,-0.3904,0.0019,1.0023,-0.5717,1.9725,0.00033,0.1618,0.0
22.495,FLIGHT,0.9867,1.4523,-2.0657,0.8154,-2.2496,1.1904,0.0069,-0.1986,-0.529,0.0454,1.0036,-0.3582,1.7982,0.000955,0.0922,0.0
22.5,FLIGHT,0.9755,1.4586,-2.1849,1.1243,-2.2209,1.3106,0.0038,-0.1982,-0.5953,0.0769,1.005,-0.1993,1.67,0.001289,0.0447,0.0
22.505,FLIGHT,0.9647,1.4652,-2.1619,1.251,-2.0913,1.3,0.0007,-0.1977,-0.6063,0.0964,1.0063,-0.0892,1.5828,0.00143,0.0137,0.0
22.51,FLIGHT,0.9547,1.4715,-2.0419,1.252,-1.9031,1.2116,-0.0022,-0.1972,-0.5801,0.1053,1.0077,-0.0178,1.528,0.001446,-0.0057,0.0011
22.515,FLIGHT,0.9457,1.4773,-1.8636,1.1754,-1.6873,1.0838,-0.0048,-0.1967,-0.5317,0.106,1.0089,0.0252,1.4968,0.001386,-0.0172,0.0034
22.52,FLIGHT,0.9378,1.4823,-1.6565,1.0579,-1.465,0.9425,-0.007,-0.1962,-0.4726,0.101,1.0102,0.0486,1.4819,0.001283,-0.0232,0.0046
22.525,FLIGHT,0.931,1.4867,-1.4413,0.9247,-1.2494,0.8038,-0.009,-0.1958,-0.4103,0.0924,1.0114,0.0588,1.4776,0.00116,-0.0257,0.0051
22.53,FLIGHT,0.9253,1.4904,-1.2314,0.7921,-1.0484,0.6769,-0.0106,-0.1954,-0.3497,0.0822,1.0125,0.0608,1.4797,0.00103,-0.0258,0.0052
22.535,FLIGHT,0.9205,1.4935,-1.0346,0.6696,-0.8657,0.5661,-0.012,-0.1951,-0.2936,0.0716,1.0136,0.058,1.4854,0.000904,-0.0246,0.0049
22.54,FLIGHT,0.9166,1.4961,-0.8551,0.5619,-0.7027,0.4728,-0.0131,-0.1948,-0.2432,0.0613,1.0147,0.0524,1.4928,0.000786,-0.0225,0.0045
22.545,FLIGHT,0.9135,1.4982,-0.6945,0.4708,-0.5592,0.3966,-0.014,-0.1946,-0.1991,0.0521,1.0157,0.0455,1.5007,0.00068,-0.02,0.004
22.55,FLIGHT,0.911,1.5001,-0.5527,0.3959,-0.434,0.3359,-0.0147,-0.1944,-0.1611,0.044,1.0167,0.0382,1.5086,0.000586,-0.0173,0.0035
22.555,FLIGHT,0.9091,1.5016,-0.4289,0.3361,-0.3256,0.2888,-0.0153,-0.1942,-0.1287,0.0372,1.0177,0.0311,1.5159,0.000506,-0.0147,0.0029
22.56,FLIGHT,0.9077,1.503,-0.3215,0.2897,-0.2322,0.2534,-0.0157,-0.1941,-0.1015,0.0315,1.0186,0.0243,1.5225,0.000439,-0.0121,0.0024
22.565,FLIGHT,0.9068,1.5042,-0.2289,0.2545,-0.1522,0.2276,-0.0161,-0.1939,-0.0787,0.027,1.0195,0.018,1.5284,0.000384,-0.0099,0.002
22.57,FLIGHT,0.9062,1.5053,-0.1496,0.2289,-0.0839,0.2096,-0.0164,-0.1938,-0.0598,0.0235,1.0203,0.0123,1.5336,0.00034,-0.0079,0.0016
22.575,FLIGHT,0.9059,1.5063,-0.0818,0.211,-0.0259,0.1979,-0.0165,-0.1937,-0.0442,0.0208,1.0212,0.0072,1.5381,0.000305,-0.0062,0.0012
22.58,FLIGHT,0.9059,1.5073,-0.0242,0.1993,0.0233,0.1911,-0.0167,-0.1936,-0.0315,0.0188,1.022,0.0026,1.542,0.000278,-0.0047,0.0009
22.585,FLIGHT,0.9061,1.5082,0.0247,0.1924,0.0648,0.188,-0.0168,-0.1936,-0.0211,0.0173,1.0228,-0.0015,1.5454,0.000258,-0.0036,0.0007
22.59,FLIGHT,0.9065,1.5091,0.0659,0.1892,0.0997,0.1878,-0.0168,-0.1935,-0.0127,0.0164,1.0236,-0.0052,1.5484,0.000242,-0.0026,0.0005
22.595,FLIGHT,0.9071,1.5101,0.1005,0.1888,0.1288,0.1895,-0.0168,-0.1934,-0.0059,0.0158,1.0243,-0.0085,1.5509,0.000231,-0.0019,0.0004
22.6,FLIGHT,0.9078,1.511,0.1294,0.1905,0.153,0.1927,-0.0168,-0.1933,-0.0005,0.0154,1.0251,-0.0115,1.5532,0.000223,-0.0013,0.0003
22.605,FLIGHT,0.9086,1.512,0.1535,0.1935,0.173,0.1967,-0.0168,-0.1933,0.0037,0.0153,1.0258,-0.0142,1.5551,0.000218,-0.0008,0.0002
22.61,FLIGHT,0.9095,1.513,0.1733,0.1974,0.1893,0.2012,-0.0167,-0.1932,0.007,0.0154,1.0264,-0.0165,1.5568,0.000215,-0.0004,0.0001
22.615,FLIGHT,0.9105,1.514,0.1895,0.2019,0.2025,0.206,-0.0167,-0.1931,0.0095,0.0155,1.0271,-0.0187,1.5584,0.000214,-0.0002,0.0
22.62,FLIGHT,0.9116,1.5151,0.2025,0.2065,0.213,0.2107,-0.0166,-0.193,0.0114,0.0157,1.0278,-0.0206,1.5597,0.000214,0.0,0.0
22.625,FLIGHT,0.9126,1.5161,0.213,0.2111,0.2212,0.2152,-0.0166,-0.1929,0.0128,0.016,1.0284,-0.0224,1.561,0.000214,0.0002,0.0
22.63,FLIGHT,0.9138,1.5172,0.2211,0.2155,0.2274,0.2193,-0.0165,-0.1929,0.0137,0.0163,1.029,-0.024,1.5621,0.000215,0.0003,0.0
22.635,FLIGHT,0.9149,1.5183,0.2273,0.2196,0.232,0.223,-0.0164,-0.1928,0.0143,0.0166,1.0296,-0.0255,1.5631,0.000217,0.0003,0.0
22.64,FLIGHT,0.9161,1.5194,0.2317,0.2232,0.2351,0.2262,-0.0163,-0.1927,0.0147,0.0169,1.0301,-0.0268,1.564,0.000218,0.0004,0.0
22.645,FLIGHT,0.9173,1.5206,0.2348,0.2263,0.237,0.2289,-0.0163,-0.1926,0.0149,0.0171,1.0307,-0.028,1.5649,0.00022,0.0004,0.0
22.65,FLIGHT,0.9185,1.5217,0.2367,0.2289,0.2379,0.231,-0.0162,-0.1925,0.0148,0.0173,1.0312,-0.0291,1.5657,0.000222,0.0004,0.0
22.655,FLIGHT,0.9196,1.5229,0.2375,0.2309,0.2378,0.2325,-0.0161,-0.1924,0.0147,0.0175,1.0317,-0.0302,1.5664,0.000224,0.0003,0.0
22.66,FLIGHT,0.9208,1.5241,0.2375,0.2325,0.2371,0.2336,-0.0161,-0.1923,0.0145,0.0177,1.0321,-0.0311,1.5671,0.000225,0.0003,0.0
22.665,FLIGHT,0.922,1.5252,0.2367,0.2334,0.2357,0.2341,-0.016,-0.1923,0.0142,0.0178,1.0326,-0.032,1.5678,0.000227,0.0003,0.0
22.67,FLIGHT,0.9232,1.5264,0.2353,0.2339,0.2338,0.2341,-0.0159,-0.1922,0.0138,0.0179,1.033,-0.0328,1.5684,0.000228,0.0003,0.0
22.675,FLIGHT,0.9244,1.5276,0.2334,0.2339,0.2315,0.2336,-0.0158,-0.1921,0.0134,0.0179,1.0334,-0.0336,1.569,0.00023,0.0002,0.0
22.68,FLIGHT,0.9255,1.5287,0.2311,0.2334,0.2288,0.2327,-0.0158,-0.192,0.013,0.0179,1.0338,-0.0343,1.5696,0.000231,0.0002,0.0
22.685,FLIGHT,0.9266,1.5299,0.2284,0.2324,0.2259,0.2314,-0.0157,-0.1919,0.0126,0.0179,1.0341,-0.035,1.5702,0.000232,0.0002,0.0
22.69,FLIGHT,0.9278,1.531,0.2255,0.2311,0.2227,0.2297,-0.0157,-0.1918,0.0122,0.0178,1.0344,-0.0356,1.5707,0.000233,0.0002,0.0
22.695,FLIGHT,0.9289,1.5322,0.2223,0.2294,0.2193,0.2277,-0.0156,-0.1917,0.0118,0.0178,1.0347,-0.0362,1.5713,0.000233,0.0001,0.0
22.7,FLIGHT,0.93,1.5333,0.2189,0.2274,0.2158,0.2254,-0.0155,-0.1916,0.0114,0.0176,1.035,-0.0367,1.5718,0.000234,0.0001,0.0
22.705,FLIGHT,0.931,1.5344,0.2154,0.2251,0.2122,0.2229,-0.0155,-0.1915,0.011,0.0175,1.0353,-0.0373,1.5723,0.000234,0.0001,0.0
22.71,FLIGHT,0.9321,1.5355,0.2117,0.2225,0.2084,0.2201,-0.0154,-0.1915,0.0107,0.0173,1.0355,-0.0378,1.5728,0.000235,0.0001,0.0
22.715,FLIGHT,0.9331,1.5366,0.208,0.2197,0.2047,0.217,-0.0154,-0.1914,0.0103,0.0171,1.0357,-0.0383,1.5733,0.000235,0.0,0.0
22.72,FLIGHT,0.9341,1.5377,0.2043,0.2166,0.2009,0.2138,-0.0153,-0.1913,0.01,0.0169,1.0359,-0.0387,1.5737,0.000235,0.0,0.0
22.725,FLIGHT,0.9351,1.5388,0.2005,0.2134,0.1971,0.2105,-0.0153,-0.1912,0.0097,0.0167,1.036,-0.0391,1.5742,0.000235,0.0,0.0
22.73,FLIGHT,0.9361,1.5398,0.1967,0.2101,0.1932,0.207,-0.0152,-0.1911,0.0094,0.0164,1.0362,-0.0396,1.5746,0.000235,-0.0,0.0
22.735,FLIGHT,0.937,1.5408,0.1928,0.2066,0.1894,0.2034,-0.0152,-0.191,0.0091,0.0162,1.0363,-0.04,1.5751,0.000235,-0.0,0.0
22.74,FLIGHT,0.938,1.5419,0.1891,0.203,0.1857,0.1997,-0.0152,-0.191,0.0089,0.0159,1.0364,-0.0403,1.5755,0.000235,-0.0,0.0
22.745,FLIGHT,0.9389,1.5428,0.1853,0.1993,0.1819,0.1959,-0.0151,-0.1909,0.0086,0.0156,1.0364,-0.0407,1.5759,0.000235,-0.0,0.0
22.75,FLIGHT,0.9398,1.5438,0.1815,0.1955,0.1782,0.1921,-0.0151,-0.1908,0.0084,0.0154,1.0365,-0.0411,1.5763,0.000235,-0.0,0.0
22.755,FLIGHT,0.9407,1.5448,0.1778,0.1917,0.1746,0.1883,-0.015,-0.1907,0.0082,0.0151,1.0365,-0.0414,1.5767,0.000235,-0.0,0.0
22.76,FLIGHT,0.9416,1.5457,0.1742,0.1879,0.171,0.1844,-0.015,-0.1907,0.008,0.0148,1.0365,-0.0417,1.5771,0.000234,-0.0001,0.0
22.765,FLIGHT,0.9424,1.5466,0.1706,0.184,0.1674,0.1805,-0.015,-0.1906,0.0078,0.0145,1.0364,-0.0421,1.5775,0.000234,-0.0001,0.0
22.77,FLIGHT,0.9432,1.5475,0.1671,0.1801,0.1639,0.1766,-0.0149,-0.1905,0.0077,0.0142,1.0364,-0.0424,1.5779,0.000234,-0.0001,0.0
22.775,FLIGHT,0.944,1.5484,0.1636,0.1762,0.1605,0.1728,-0.0149,-0.1904,0.0075,0.0139,1.0363,-0.0427,1.5783,0.000233,-0.0001,0.0
22.78,FLIGHT,0.9448,1.5492,0.1602,0.1724,0.1571,0.1689,-0.0148,-0.1904,0.0074,0.0136,1.0362,-0.043,1.5786,0.000233,-0.0001,0.0
22.785,FLIGHT,0.9456,1.5501,0.1568,0.1685,0.1538,0.1651,-0.0148,-0.1903,0.0072,0.0133,1.0361,-0.0433,1.579,0.000233,-0.0001,0.0
22.79,FLIGHT,0.9464,1.5509,0.1535,0.1647,0.1506,0.1613,-0.0148,-0.1903,0.0071,0.013,1.0359,-0.0435,1.5793,0.000232,-0.0001,0.0
22.795,FLIGHT,0.9471,1.5517,0.1503,0.1609,0.1474,0.1575,-0.0147,-0.1902,0.007,0.0127,1.0358,-0.0438,1.5797,0.000232,-0.0001,0.0
22.8,FLIGHT,0.9478,1.5525,0.1471,0.1572,0.1443,0.1538,-0.0147,-0.1901,0.0069,0.0124,1.0356,-0.0441,1.58,0.000232,-0.0001,0.0
22.805,FLIGHT,0.9486,1.5532,0.144,0.1535,0.1413,0.1502,-0.0147,-0.1901,0.0068,0.0121,1.0354,-0.0443,1.5803,0.000231,-0.0001,0.0
22.81,FLIGHT,0.9493,1.554,0.141,0.1498,0.1383,0.1466,-0.0146,-0.19,0.0067,0.0118,1.0352,-0.0446,1.5806,0.000231,-0.0001,0.0
22.815,FLIGHT,0.9499,1.5547,0.138,0.1462,0.1354,0.143,-0.0146,-0.19,0.0066,0.0115,1.0349,-0.0448,1.581,0.000231,-0.0001,0.0
22.82,FLIGHT,0.9506,1.5554,0.1351,0.1427,0.1325,0.1396,-0.0146,-0.1899,0.0065,0.0113,1.0346,-0.045,1.5813,0.00023,-0.0001,0.0
22.825,FLIGHT,0.9513,1.5561,0.1323,0.1392,0.1298,0.1361,-0.0145,-0.1898,0.0064,0.011,1.0343,-0.0453,1.5816,0.00023,-0.0001,0.0
22.83,FLIGHT,0.9519,1.5568,0.1295,0.1358,0.127,0.1328,-0.0145,-0.1898,0.0064,0.0107,1.034,-0.0455,1.5819,0.000229,-0.0001,0.0
22.835,FLIGHT,0.9525,1.5574,0.1268,0.1325,0.1244,0.1295,-0.0145,-0.1897,0.0063,0.0104,1.0337,-0.0457,1.5821,0.000229,-0.0001,0.0
22.84,FLIGHT,0.9532,1.558,0.1241,0.1292,0.1218,0.1263,-0.0144,-0.1897,0.0062,0.0102,1.0333,-0.0459,1.5824,0.000229,-0.0001,0.0
22.845,FLIGHT,0.9538,1.5587,0.1215,0.126,0.1192,0.1231,-0.0144,-0.1896,0.0062,0.0099,1.0329,-0.0461,1.5827,0.000228,-0.0001,0.0
22.85,FLIGHT,0.9543,1.5593,0.119,0.1228,0.1168,0.12,-0.0144,-0.1896,0.0061,0.0097,1.0325,-0.0463,1.583,0.000228,-0.0001,0.0
22.855,FLIGHT,0.9549,1.5599,0.1165,0.1198,0.1143,0.117,-0.0143,-0.1895,0.006,0.0094,1.0321,-0.0465,1.5832,0.000228,-0.0001,0.0
22.86,FLIGHT,0.9555,1.5604,0.1141,0.1168,0.112,0.1141,-0.0143,-0.1895,0.006,0.0092,1.0317,-0.0467,1.5835,0.000227,-0.0001,0.0
22.865,FLIGHT,0.956,1.561,0.1117,0.1138,0.1096,0.1112,-0.0143,-0.1895,0.0059,0.009,1.0312,-0.0469,1.5837,0.000227,-0.0001,0.0
22.87,FLIGHT,0.9566,1.5616,0.1094,0.1109,0.1074,0.1084,-0.0143,-0.1894,0.0058,0.0087,1.0307,-0.0471,1.584,0.000227,-0.0001,0.0
22.875,FLIGHT,0.9571,1.5621,0.1072,0.1081,0.1052,0.1057,-0.0142,-0.1894,0.0058,0.0085,1.0302,-0.0473,1.5842,0.000227,-0.0001,0.0
22.88,FLIGHT,0.9576,1.5626,0.105,0.1054,0.103,0.103,-0.0142,-0.1893,0.0057,0.0083,1.0297,-0.0475,1.5845,0.000226,-0.0001,0.0
22.885,FLIGHT,0.9581,1.5631,0.1028,0.1027,0.1009,0.1004,-0.0142,-0.1893,0.0057,0.0081,1.0292,-0.0477,1.5847,0.000226,-0.0001,0.0
22.89,FLIGHT,0.9586,1.5636,0.1007,0.1001,0.0988,0.0978,-0.0141,-0.1892,0.0056,0.0079,1.0286,-0.0478,1.5849,0.000226,-0.0001,0.0
22.895,FLIGHT,0.9591,1.5641,0.0986,0.0976,0.0968,0.0954,-0.0141,-0.1892,0.0056,0.0077,1.0281,-0.048,1.5852,0.000225,-0.0001,0.0
22.9,FLIGHT,0.9596,1.5646,0.0966,0.0951,0.0948,0.093,-0.0141,-0.1892,0.0055,0.0075,1.0275,-0.0482,1.5854,0.000225,-0.0001,0.0
22.905,FLIGHT,0.9601,1.565,0.0946,0.0927,0.0929,0.0906,-0.0141,-0.1891,0.0055,0.0073,1.0268,-0.0483,1.5856,0.000225,-0.0,0.0
22.91,FLIGHT,0.9605,1.5655,0.0927,0.0904,0.091,0.0883,-0.014,-0.1891,0.0054,0.0071,1.0262,-0.0485,1.5858,0.000225,-0.0,0.0
22.915,FLIGHT,0.961,1.5659,0.0908,0.0881,0.0892,0.0861,-0.014,-0.1891,0.0054,0.0069,1.0256,-0.0487,1.586,0.000224,-0.0,0.0
22.92,FLIGHT,0.9614,1.5663,0.089,0.0859,0.0874,0.0839,-0.014,-0.189,0.0053,0.0067,1.0249,-0.0488,1.5862,0.000224,-0.0,0.0
22.925,FLIGHT,0.9619,1.5668,0.0872,0.0837,0.0856,0.0818,-0.014,-0.189,0.0053,0.0065,1.0242,-0.049,1.5864,0.000224,-0.0,0.0
22.93,FLIGHT,0.9623,1.5672,0.0854,0.0816,0.0839,0.0798,-0.0139,-0.189,0.0052,0.0064,1.0235,-0.0491,1.5866,0.000224,-0.0,0.0
22.935,FLIGHT,0.9627,1.5676,0.0837,0.0796,0.0822,0.0778,-0.0139,-0.1889,0.0051,0.0062,1.0228,-0.0493,1.5868,0.000224,-0.0,0.0
22.94,FLIGHT,0.9631,1.5679,0.082,0.0776,0.0805,0.0758,-0.0139,-0.1889,0.0051,0.0061,1.0221,-0.0494,1.587,0.000223,-0.0,0.0
22.945,FLIGHT,0.9635,1.5683,0.0804,0.0757,0.0789,0.0739,-0.0139,-0.1889,0.005,0.0059,1.0213,-0.0496,1.5871,0.000223,-0.0,0.0
22.95,FLIGHT,0.9639,1.5687,0.0788,0.0738,0.0773,0.0721,-0.0138,-0.1889,0.005,0.0057,1.0205,-0.0497,1.5873,0.000223,-0.0,0.0
22.955,FLIGHT,0.9643,1.569,0.0772,0.0719,0.0758,0.0703,-0.0138,-0.1888,0.0049,0.0056,1.0197,-0.0498,1.5875,0.000223,-0.0,0.0
22.96,FLIGHT,0.9647,1.5694,0.0756,0.0702,0.0743,0.0686,-0.0138,-0.1888,0.0049,0.0055,1.0189,-0.05,1.5877,0.000223,-0.0,0.0
22.965,FLIGHT,0.965,1.5697,0.0741,0.0684,0.0728,0.0669,-0.0138,-0.1888,0.0048,0.0053,1.0181,-0.0501,1.5878,0.000223,-0.0,0.0
22.97,FLIGHT,0.9654,1.5701,0.0726,0.0667,0.0713,0.0653,-0.0137,-0.1887,0.0048,0.0052,1.0173,-0.0502,1.588,0.000222,-0.0,0.0
22.975,FLIGHT,0.9657,1.5704,0.0712,0.0651,0.0699,0.0637,-0.0137,-0.1887,0.0047,0.0051,1.0164,-0.0504,1.5882,0.000222,-0.0,0.0
22.98,FLIGHT,0.9661,1.5707,0.0697,0.0635,0.0685,0.0621,-0.0137,-0.1887,0.0046,0.0049,1.0155,-0.0505,1.5883,0.000222,-0.0,0.0
22.985,FLIGHT,0.9664,1.571,0.0683,0.062,0.0671,0.0606,-0.0137,-0.1887,0.0046,0.0048,1.0147,-0.0506,1.5885,0.000222,-0.0,0.0
22.99,FLIGHT,0.9668,1.5713,0.067,0.0605,0.0658,0.0592,-0.0136,-0.1886,0.0045,0.0047,1.0138,-0.0508,1.5886,0.000222,-0.0,0.0
22.995,FLIGHT,0.9671,1.5716,0.0656,0.059,0.0644,0.0577,-0.0136,-0.1886,0.0045,0.0046,1.0128,-0.0509,1.5888,0.000222,-0.0,0.0
23.0,FLIGHT,0.9674,1.5719,0.0643,0.0576,0.0631,0.0564,-0.0136,-0.1886,0.0044,0.0045,1.0119,-0.051,1.5889,0.000222,-0.0,0.0
23.005,FLIGHT,0.9677,1.5722,0.063,0.0562,0.0619,0.055,-0.0136,-0.1886,0.0043,0.0044,1.011,-0.0511,1.5891,0.000221,-0.0,0.0
23.01,FLIGHT,0.968,1.5724,0.0618,0.0549,0.0606,0.0537,-0.0136,-0.1886,0.0043,0.0042,1.01,-0.0513,1.5892,0.000221,-0.0,0.0
23.015,FLIGHT,0.9683,1.5727,0.0605,0.0536,0.0594,0.0524,-0.0135,-0.1885,0.0042,0.0041,1.009,-0.0514,1.5894,0.000221,-0.0,0.0
23.02,FLIGHT,0.9686,1.5729,0.0593,0.0523,0.0582,0.0512,-0.0135,-0.1885,0.0042,0.004,1.008,-0.0515,1.5895,0.000221,-0.0,0.0
23.025,FLIGHT,0.9689,1.5732,0.0581,0.0511,0.057,0.05,-0.0135,-0.1885,0.0041,0.0039,1.007,-0.0516,1.5896,0.000221,-0.0,0.0
23.03,FLIGHT,0.9692,1.5734,0.0569,0.0499,0.0558,0.0489,-0.0135,-0.1885,0.004,0.0039,1.006,-0.0517,1.5898,0.000221,-0.0,0.0
23.035,FLIGHT,0.9695,1.5737,0.0557,0.0488,0.0547,0.0477,-0.0135,-0.1885,0.004,0.0038,1.0049,-0.0518,1.5899,0.000221,-0.0,0.0
23.04,FLIGHT,0.9697,1.5739,0.0546,0.0476,0.0536,0.0466,-0.0134,-0.1884,0.0039,0.0037,1.0039,-0.0519,1.59,0.000221,-0.0,0.0
23.045,FLIGHT,0.97,1.5742,0.0535,0.0465,0.0525,0.0456,-0.0134,-0.1884,0.0038,0.0036,1.0028,-0.0521,1.5901,0.000221,-0.0,0.0
23.05,FLIGHT,0.9703,1.5744,0.0524,0.0455,0.0514,0.0445,-0.0134,-0.1884,0.0038,0.0035,1.0018,-0.0522,1.5903,0.000221,-0.0,0.0
23.055,FLIGHT,0.9705,1.5746,0.0513,0.0444,0.0503,0.0435,-0.0134,-0.1884,0.0037,0.0034,1.0007,-0.0523,1.5904,0.00022,-0.0,0.0
23.06,STANCE,0.9708,1.5749,0.0677,0.0671,0.1938,0.2378,-0.0134,-0.1884,0.0038,0.0053,0.9996,0.1748,-0.149,0.000132,-0.1451,0.029
23.065,STANCE,0.9744,1.5749,0.5584,-0.0167,1.1661,-0.3637,-0.0127,-0.1884,0.1074,-0.0086,0.9987,-0.0998,-0.7289,-0.001425,-0.4063,0.0827
23.07,STANCE,0.9815,1.5711,1.1536,-0.5564,1.0545,-0.712,-0.0108,-0.1888,0.2932,-0.0629,0.9979,-0.5954,-1.1101,-0.003483,-0.278,0.0591
23.075,STANCE,0.9836,1.5699,0.6056,-0.2961,0.1307,0.0034,-0.0103,-0.189,0.1546,-0.0329,0.9979,-0.6782,-1.7576,-0.004001,-0.0007,0.0041
23.08,STANCE,0.9847,1.5693,0.365,-0.2055,0.3976,-0.3613,-0.01,-0.189,0.0969,-0.0221,0.9982,-0.876,-2.2151,-0.003824,0.0578,0.0038
23.085,STANCE,0.9873,1.5643,0.4658,-0.8484,0.6343,-1.5545,-0.0088,-0.1895,0.2042,-0.0795,0.9982,-1.2004,-2.1635,-0.003342,0.1242,0.0033
23.09,STANCE,0.9916,1.5554,0.7724,-1.5132,1.1993,-2.1261,-0.0068,-0.1903,0.3555,-0.137,0.9983,-1.5672,-1.8629,-0.00295,-0.0318,0.0093
23.095,STANCE,0.9982,1.5422,1.1408,-2.3247,1.4483,-2.9328,-0.0037,-0.1915,0.5427,-0.2004,0.9982,-1.8918,-1.2666,-0.003258,-0.0987,0.023
23.1,STANCE,1.004,1.5274,1.1269,-2.7496,0.9108,-3.0759,-0.0005,-0.1927,0.6054,-0.2246,0.9981,-1.9154,-0.6743,-0.003421,0.0095,0.0034
23.105,STANCE,1.0084,1.5122,0.9269,-2.9567,0.7542,-3.0186,0.0025,-0.1939,0.6019,-0.2304,0.9982,-1.6879,-0.0925,-0.003531,-0.0312,0.0098
23.11,STANCE,1.0111,1.4971,0.6509,-3.0054,0.4023,-2.9507,0.0052,-0.1951,0.5602,-0.2254,0.9982,-1.2727,0.4388,-0.003587,-0.0056,0.0047
23.115,STANCE,1.0122,1.4825,0.3396,-2.9325,0.0277,-2.8866,0.0075,-0.1962,0.4928,-0.2141,0.9984,-0.7432,0.8728,-0.003505,0.0428,0.0035
23.12,STANCE,1.0121,1.4688,0.0854,-2.7894,-0.1075,-2.6625,0.0095,-0.1972,0.425,-0.1997,0.9986,-0.2379,1.1768,-0.003307,0.0531,0.0033
23.125,STANCE,1.0116,1.4562,-0.0333,-2.6032,-0.0866,-2.4448,0.0113,-0.1981,0.3765,-0.1829,0.9989,0.0735,1.3107,-0.003065,0.0538,0.0031
23.13,FLIGHT,1.011,1.4448,-0.1113,-2.342,-0.3872,-1.8148,0.0128,-0.1989,0.3243,-0.1619,0.9994,-1.2446,2.5377,-0.002752,0.0857,0.0028
23.135,FLIGHT,1.007,1.4388,-0.6206,-1.5011,-1.1803,-0.6241,0.0129,-0.1994,0.0985,-0.1104,1.0001,-1.078,2.3916,-0.002173,0.1421,0.0022
23.14,FLIGHT,0.9996,1.4381,-1.2396,-0.5392,-1.7568,0.2674,0.0115,-0.1995,-0.1677,-0.0516,1.0012,-0.8142,2.1713,-0.001373,0.1742,0.0014
23.145,FLIGHT,0.9899,1.441,-1.7319,0.2485,-2.0881,0.8433,0.0092,-0.1994,-0.3818,0.0018,1.0024,-0.5563,1.9592,-0.00047,0.1838,0.0005
23.15,FLIGHT,0.979,1.4461,-2.0295,0.7857,-2.2075,1.157,0.0063,-0.1991,-0.5184,0.0449,1.0037,-0.345,1.7873,0.000403,0.1462,0.0
23.155,FLIGHT,0.968,1.4522,-2.1418,1.0925,-2.1721,1.2784,0.0032,-0.1987,-0.5832,0.076,1.0051,-0.189,1.6618,0.000964,0.0818,0.0
23.16,FLIGHT,0.9575,1.4586,-2.1134,1.2203,-2.0389,1.2713,0.0002,-0.1982,-0.5934,0.0952,1.0065,-0.0816,1.5769,0.001256,0.0383,0.0
23.165,FLIGHT,0.9477,1.4648,-1.9902,1.2245,-1.8496,1.1879,-0.0026,-0.1977,-0.567,0.1039,1.0078,-0.0123,1.524,0.001373,0.0102,0.0
23.17,FLIGHT,0.939,1.4704,-1.8109,1.1528,-1.6345,1.0661,-0.0051,-0.1972,-0.5192,0.1045,1.0091,0.0291,1.4941,0.001376,-0.0072,0.0014
23.175,FLIGHT,0.9314,1.4754,-1.6045,1.041,-1.414,0.9311,-0.0073,-0.1968,-0.4609,0.0996,1.0104,0.0512,1.48,0.001312,-0.0174,0.0035
23.18,FLIGHT,0.9249,1.4798,-1.391,0.9139,-1.201,0.7985,-0.0092,-0.1963,-0.3997,0.0913,1.0117,0.0608,1.4762,0.001211,-0.0225,0.0045
23.185,FLIGHT,0.9194,1.4834,-1.1835,0.7874,-1.0028,0.6774,-0.0108,-0.196,-0.3404,0.0814,1.0128,0.0623,1.4785,0.001092,-0.0245,0.0049
23.19,FLIGHT,0.9148,1.4866,-0.9894,0.6705,-0.823,0.5719,-0.0121,-0.1956,-0.2855,0.0712,1.014,0.0592,1.4842,0.000969,-0.0244,0.0049
23.195,FLIGHT,0.9111,1.4892,-0.8127,0.568,-0.6628,0.4832,-0.0132,-0.1954,-0.2363,0.0613,1.0151,0.0535,1.4916,0.00085,-0.0231,0.0046
23.2,FLIGHT,0.9082,1.4914,-0.6548,0.4813,-0.5219,0.4108,-0.0141,-0.1951,-0.1933,0.0524,1.0161,0.0466,1.4994,0.00074,-0.021,0.0042
23.205,FLIGHT,0.9059,1.4933,-0.5156,0.4102,-0.3991,0.3533,-0.0148,-0.1949,-0.1562,0.0447,1.0171,0.0394,1.5071,0.000641,-0.0185,0.0037
23.21,FLIGHT,0.9041,1.495,-0.3941,0.3536,-0.2928,0.3089,-0.0154,-0.1947,-0.1246,0.0382,1.0181,0.0323,1.5143,0.000555,-0.0159,0.0032
23.215,FLIGHT,0.9029,1.4964,-0.2888,0.3097,-0.2014,0.2755,-0.0158,-0.1946,-0.0981,0.0328,1.0191,0.0256,1.5208,0.000482,-0.0134,0.0027
23.22,FLIGHT,0.9021,1.4977,-0.1982,0.2767,-0.1231,0.2513,-0.0161,-0.1945,-0.0759,0.0285,1.02,0.0194,1.5266,0.000421,-0.011,0.0022
23.225,FLIGHT,0.9017,1.499,-0.1205,0.2526,-0.0563,0.2346,-0.0164,-0.1943,-0.0575,0.0251,1.0209,0.0137,1.5316,0.000371,-0.0089,0.0018
23.23,FLIGHT,0.9015,1.5001,-0.0542,0.2359,0.0005,0.2237,-0.0166,-0.1942,-0.0423,0.0226,1.0218,0.0086,1.5361,0.000331,-0.0071,0.0014
23.235,FLIGHT,0.9016,1.5012,0.0021,0.225,0.0485,0.2174,-0.0167,-0.1941,-0.0299,0.0207,1.0226,0.0041,1.54,0.0003,-0.0055,0.0011
23.24,FLIGHT,0.902,1.5023,0.0498,0.2186,0.089,0.2147,-0.0168,-0.194,-0.0197,0.0193,1.0235,-0.0,1.5433,0.000276,-0.0042,0.0008
23.245,FLIGHT,0.9025,1.5034,0.09,0.2158,0.123,0.2146,-0.0168,-0.194,-0.0116,0.0184,1.0243,-0.0037,1.5462,0.000258,-0.0031,0.0006
23.25,FLIGHT,0.9032,1.5044,0.1237,0.2156,0.1513,0.2163,-0.0168,-0.1939,-0.005,0.0178,1.0251,-0.007,1.5488,0.000244,-0.0023,0.0005
23.255,FLIGHT,0.904,1.5055,0.1519,0.2172,0.1748,0.2193,-0.0168,-0.1938,0.0002,0.0175,1.0258,-0.01,1.551,0.000234,-0.0016,0.0003
23.26,FLIGHT,0.905,1.5066,0.1752,0.2201,0.1941,0.2231,-0.0168,-0.1937,0.0043,0.0174,1.0266,-0.0126,1.553,0.000228,-0.0011,0.0002
23.265,FLIGHT,0.906,1.5078,0.1943,0.2238,0.2098,0.2274,-0.0167,-0.1936,0.0075,0.0174,1.0273,-0.015,1.5548,0.000223,-0.0007,0.0001
23.27,FLIGHT,0.907,1.5089,0.2099,0.228,0.2224,0.2318,-0.0167,-0.1935,0.01,0.0175,1.028,-0.0172,1.5563,0.000221,-0.0004,0.0001
23.275,FLIGHT,0.9082,1.5101,0.2224,0.2322,0.2323,0.2361,-0.0166,-0.1934,0.0118,0.0177,1.0287,-0.0192,1.5577,0.00022,-0.0001,0.0
23.28,FLIGHT,0.9094,1.5113,0.2322,0.2364,0.24,0.2401,-0.0165,-0.1933,0.0131,0.018,1.0293,-0.021,1.559,0.00022,0.0,0.0
23.285,FLIGHT,0.9106,1.5125,0.2399,0.2404,0.2458,0.2438,-0.0165,-0.1932,0.014,0.0182,1.03,-0.0226,1.5601,0.00022,0.0002,0.0
23.29,FLIGHT,0.9118,1.5137,0.2455,0.244,0.2498,0.247,-0.0164,-0.1932,0.0146,0.0185,1.0306,-0.0241,1.5612,0.000221,0.0002,0.0
23.295,FLIGHT,0.9131,1.5149,0.2496,0.2471,0.2525,0.2497,-0.0163,-0.1931,0.015,0.0187,1.0312,-0.0254,1.5622,0.000222,0.0003,0.0
23.3,FLIGHT,0.9143,1.5162,0.2522,0.2498,0.254,0.2519,-0.0162,-0.193,0.0151,0.019,1.0317,-0.0267,1.5631,0.000224,0.0003,0.0
23.305,FLIGHT,0.9156,1.5175,0.2536,0.2519,0.2544,0.2535,-0.0162,-0.1929,0.0151,0.0191,1.0323,-0.0278,1.5639,0.000225,0.0003,0.0
23.31,FLIGHT,0.9169,1.5187,0.254,0.2534,0.254,0.2546,-0.0161,-0.1928,0.0149,0.0193,1.0328,-0.0289,1.5647,0.000227,0.0003,0.0
23.315,FLIGHT,0.9182,1.52,0.2536,0.2544,0.2528,0.2551,-0.016,-0.1927,0.0147,0.0194,1.0333,-0.0299,1.5655,0.000229,0.0003,0.0
23.32,FLIGHT,0.9194,1.5213,0.2524,0.2549,0.2511,0.2551,-0.016,-0.1926,0.0144,0.0195,1.0337,-0.0308,1.5662,0.00023,0.0003,0.0
23.325,FLIGHT,0.9207,1.5226,0.2507,0.2549,0.2488,0.2546,-0.0159,-0.1925,0.014,0.0195,1.0342,-0.0316,1.5669,0.000231,0.0002,0.0
23.33,FLIGHT,0.9219,1.5238,0.2484,0.2543,0.2461,0.2537,-0.0158,-0.1924,0.0136,0.0195,1.0346,-0.0324,1.5675,0.000232,0.0002,0.0
23.335,FLIGHT,0.9231,1.5251,0.2457,0.2534,0.2431,0.2523,-0.0158,-0.1923,0.0132,0.0195,1.035,-0.0332,1.5681,0.000233,0.0002,0.0
23.34,FLIGHT,0.9243,1.5263,0.2427,0.252,0.2398,0.2505,-0.0157,-0.1922,0.0128,0.0195,1.0354,-0.0338,1.5688,0.000234,0.0002,0.0
23.345,FLIGHT,0.9255,1.5276,0.2393,0.2502,0.2363,0.2484,-0.0156,-0.1921,0.0124,0.0194,1.0357,-0.0345,1.5693,0.000235,0.0001,0.0
23.35,FLIGHT,0.9267,1.5288,0.2358,0.248,0.2326,0.2459,-0.0156,-0.192,0.012,0.0192,1.0361,-0.0351,1.5699,0.000236,0.0001,0.0
23.355,FLIGHT,0.9279,1.5301,0.2321,0.2455,0.2287,0.2432,-0.0155,-0.1919,0.0116,0.0191,1.0364,-0.0357,1.5705,0.000236,0.0001,0.0
23.36,FLIGHT,0.929,1.5313,0.2283,0.2428,0.2248,0.2402,-0.0155,-0.1918,0.0112,0.0189,1.0366,-0.0363,1.571,0.000237,0.0001,0.0
23.365,FLIGHT,0.9301,1.5325,0.2243,0.2397,0.2207,0.2369,-0.0154,-0.1917,0.0108,0.0187,1.0369,-0.0368,1.5715,0.000237,0.0,0.0
23.37,FLIGHT,0.9312,1.5336,0.2203,0.2365,0.2167,0.2335,-0.0153,-0.1916,0.0104,0.0185,1.0371,-0.0373,1.572,0.000237,0.0,0.0
23.375,FLIGHT,0.9323,1.5348,0.2162,0.233,0.2126,0.2299,-0.0153,-0.1915,0.0101,0.0182,1.0373,-0.0378,1.5725,0.000237,0.0,0.0
23.38,FLIGHT,0.9333,1.5359,0.2121,0.2294,0.2085,0.2261,-0.0153,-0.1914,0.0098,0.018,1.0375,-0.0382,1.573,0.000237,-0.0,0.0
23.385,FLIGHT,0.9343,1.537,0.208,0.2256,0.2044,0.2222,-0.0152,-0.1914,0.0095,0.0177,1.0377,-0.0387,1.5735,0.000237,-0.0,0.0
23.39,FLIGHT,0.9354,1.5381,0.204,0.2218,0.2003,0.2182,-0.0152,-0.1913,0.0092,0.0174,1.0378,-0.0391,1.574,0.000237,-0.0,0.0
23.395,FLIGHT,0.9364,1.5392,0.1999,0.2178,0.1963,0.2141,-0.0151,-0.1912,0.009,0.0171,1.0379,-0.0395,1.5744,0.000237,-0.0,0.0
23.4,FLIGHT,0.9373,1.5403,0.1958,0.2137,0.1922,0.21,-0.0151,-0.1911,0.0087,0.0168,1.038,-0.0399,1.5749,0.000237,-0.0,0.0
23.405,FLIGHT,0.9383,1.5413,0.1918,0.2096,0.1883,0.2058,-0.015,-0.191,0.0085,0.0165,1.0381,-0.0402,1.5753,0.000236,-0.0001,0.0
23.41,FLIGHT,0.9392,1.5423,0.1879,0.2054,0.1844,0.2016,-0.015,-0.1909,0.0083,0.0162,1.0381,-0.0406,1.5758,0.000236,-0.0001,0.0
23.415,FLIGHT,0.9401,1.5433,0.184,0.2012,0.1805,0.1974,-0.0149,-0.1909,0.0081,0.0159,1.0381,-0.041,1.5762,0.000236,-0.0001,0.0
23.42,FLIGHT,0.941,1.5443,0.1802,0.197,0.1767,0.1932,-0.0149,-0.1908,0.0079,0.0155,1.0381,-0.0413,1.5766,0.000236,-0.0001,0.0
23.425,FLIGHT,0.9419,1.5453,0.1764,0.1928,0.173,0.189,-0.0149,-0.1907,0.0078,0.0152,1.0381,-0.0416,1.577,0.000235,-0.0001,0.0
23.43,FLIGHT,0.9427,1.5462,0.1727,0.1885,0.1694,0.1848,-0.0148,-0.1906,0.0076,0.0149,1.038,-0.0419,1.5774,0.000235,-0.0001,0.0
23.435,FLIGHT,0.9436,1.5471,0.169,0.1844,0.1658,0.1806,-0.0148,-0.1906,0.0075,0.0146,1.038,-0.0422,1.5778,0.000234,-0.0001,0.0
23.44,FLIGHT,0.9444,1.548,0.1654,0.1802,0.1622,0.1765,-0.0148,-0.1905,0.0073,0.0142,1.0379,-0.0425,1.5782,0.000234,-0.0001,0.0
23.445,FLIGHT,0.9452,1.5489,0.1619,0.1761,0.1588,0.1724,-0.0147,-0.1904,0.0072,0.0139,1.0377,-0.0428,1.5785,0.000234,-0.0001,0.0
23.45,FLIGHT,0.946,1.5497,0.1585,0.172,0.1554,0.1683,-0.0147,-0.1904,0.0071,0.0136,1.0376,-0.0431,1.5789,0.000233,-0.0001,0.0
23.455,FLIGHT,0.9468,1.5506,0.1551,0.1679,0.1521,0.1643,-0.0147,-0.1903,0.007,0.0133,1.0374,-0.0434,1.5792,0.000233,-0.0001,0.0
23.46,FLIGHT,0.9475,1.5514,0.1518,0.1639,0.1489,0.1604,-0.0146,-0.1902,0.0069,0.013,1.0372,-0.0437,1.5796,0.000232,-0.0001,0.0
23.465,FLIGHT,0.9482,1.5522,0.1486,0.16,0.1457,0.1565,-0.0146,-0.1902,0.0068,0.0126,1.037,-0.0439,1.5799,0.000232,-0.0001,0.0
23.47,FLIGHT,0.949,1.553,0.1454,0.1562,0.1426,0.1527,-0.0146,-0.1901,0.0067,0.0123,1.0368,-0.0442,1.5803,0.000232,-0.0001,0.0
23.475,FLIGHT,0.9497,1.5537,0.1423,0.1524,0.1396,0.149,-0.0145,-0.19,0.0066,0.012,1.0365,-0.0444,1.5806,0.000231,-0.0001,0.0
23.48,FLIGHT,0.9504,1.5544,0.1393,0.1486,0.1366,0.1453,-0.0145,-0.19,0.0065,0.0117,1.0363,-0.0447,1.5809,0.000231,-0.0001,0.0
23.485,FLIGHT,0.951,1.5552,0.1363,0.145,0.1337,0.1417,-0.0145,-0.1899,0.0064,0.0115,1.036,-0.0449,1.5812,0.00023,-0.0001,0.0
23.49,FLIGHT,0.9517,1.5559,0.1335,0.1414,0.1309,0.1382,-0.0144,-0.1899,0.0064,0.0112,1.0357,-0.0451,1.5815,0.00023,-0.0001,0.0
23.495,FLIGHT,0.9523,1.5565,0.1306,0.1378,0.1281,0.1347,-0.0144,-0.1898,0.0063,0.0109,1.0353,-0.0454,1.5818,0.00023,-0.0001,0.0
23.5,FLIGHT,0.953,1.5572,0.1279,0.1344,0.1254,0.1313,-0.0144,-0.1898,0.0062,0.0106,1.035,-0.0456,1.5821,0.000229,-0.0001,0.0
23.505,FLIGHT,0.9536,1.5579,0.1252,0.131,0.1228,0.128,-0.0143,-0.1897,0.0062,0.0103,1.0346,-0.0458,1.5824,0.000229,-0.0001,0.0
23.51,FLIGHT,0.9542,1.5585,0.1226,0.1277,0.1202,0.1248,-0.0143,-0.1897,0.0061,0.0101,1.0342,-0.046,1.5827,0.000229,-0.0001,0.0
23.515,FLIGHT,0.9548,1.5591,0.12,0.1245,0.1177,0.1216,-0.0143,-0.1896,0.006,0.0098,1.0338,-0.0462,1.5829,0.000228,-0.0001,0.0
23.52,FLIGHT,0.9554,1.5597,0.1175,0.1213,0.1152,0.1186,-0.0142,-0.1896,0.006,0.0096,1.0333,-0.0464,1.5832,0.000228,-0.0001,0.0
23.525,FLIGHT,0.956,1.5603,0.115,0.1183,0.1128,0.1155,-0.0142,-0.1895,0.0059,0.0093,1.0328,-0.0466,1.5835,0.000228,-0.0001,0.0
23.53,FLIGHT,0.9565,1.5609,0.1126,0.1153,0.1105,0.1126,-0.0142,-0.1895,0.0059,0.0091,1.0324,-0.0468,1.5837,0.000227,-0.0001,0.0
23.535,FLIGHT,0.9571,1.5614,0.1103,0.1123,0.1082,0.1097,-0.0142,-0.1894,0.0058,0.0088,1.0319,-0.047,1.584,0.000227,-0.0001,0.0
23.54,FLIGHT,0.9576,1.562,0.108,0.1095,0.106,0.107,-0.0141,-0.1894,0.0058,0.0086,1.0313,-0.0472,1.5842,0.000227,-0.0001,0.0
23.545,FLIGHT,0.9581,1.5625,0.1057,0.1067,0.1038,0.1042,-0.0141,-0.1893,0.0057,0.0084,1.0308,-0.0474,1.5845,0.000226,-0.0001,0.0
23.55,FLIGHT,0.9586,1.563,0.1036,0.104,0.1016,0.1016,-0.0141,-0.1893,0.0057,0.0082,1.0302,-0.0476,1.5847,0.000226,-0.0001,0.0
23.555,FLIGHT,0.9591,1.5635,0.1014,0.1013,0.0995,0.099,-0.014,-0.1893,0.0056,0.008,1.0297,-0.0477,1.5849,0.000226,-0.0001,0.0
23.56,FLIGHT,0.9596,1.564,0.0993,0.0988,0.0975,0.0965,-0.014,-0.1892,0.0055,0.0078,1.0291,-0.0479,1.5852,0.000226,-0.0001,0.0
23.565,FLIGHT,0.9601,1.5645,0.0973,0.0962,0.0955,0.094,-0.014,-0.1892,0.0055,0.0076,1.0285,-0.0481,1.5854,0.000225,-0.0001,0.0
23.57,FLIGHT,0.9606,1.5649,0.0953,0.0938,0.0935,0.0916,-0.014,-0.1892,0.0054,0.0074,1.0278,-0.0482,1.5856,0.000225,-0.0001,0.0
23.575,FLIGHT,0.961,1.5654,0.0933,0.0914,0.0916,0.0893,-0.0139,-0.1891,0.0054,0.0072,1.0272,-0.0484,1.5858,0.000225,-0.0,0.0
23.58,FLIGHT,0.9615,1.5658,0.0914,0.0891,0.0898,0.0871,-0.0139,-0.1891,0.0053,0.007,1.0265,-0.0486,1.586,0.000225,-0.0,0.0
23.585,FLIGHT,0.9619,1.5663,0.0896,0.0869,0.0879,0.0849,-0.0139,-0.1891,0.0053,0.0068,1.0258,-0.0487,1.5862,0.000224,-0.0,0.0
23.59,FLIGHT,0.9624,1.5667,0.0878,0.0847,0.0861,0.0827,-0.0138,-0.189,0.0052,0.0066,1.0251,-0.0489,1.5864,0.000224,-0.0,0.0
23.595,FLIGHT,0.9628,1.5671,0.086,0.0825,0.0844,0.0806,-0.0138,-0.189,0.0052,0.0065,1.0244,-0.049,1.5866,0.000224,-0.0,0.0
23.6,FLIGHT,0.9632,1.5675,0.0842,0.0805,0.0827,0.0786,-0.0138,-0.189,0.0051,0.0063,1.0236,-0.0492,1.5868,0.000224,-0.0,0.0
23.605,FLIGHT,0.9636,1.5679,0.0825,0.0784,0.081,0.0767,-0.0138,-0.1889,0.0051,0.0061,1.0229,-0.0493,1.587,0.000223,-0.0,0.0
23.61,FLIGHT,0.964,1.5682,0.0808,0.0765,0.0794,0.0747,-0.0137,-0.1889,0.005,0.006,1.0221,-0.0495,1.5872,0.000223,-0.0,0.0
23.615,FLIGHT,0.9644,1.5686,0.0792,0.0746,0.0778,0.0729,-0.0137,-0.1889,0.005,0.0058,1.0213,-0.0496,1.5873,0.000223,-0.0,0.0
23.62,FLIGHT,0.9648,1.569,0.0776,0.0727,0.0762,0.0711,-0.0137,-0.1888,0.0049,0.0057,1.0205,-0.0498,1.5875,0.000223,-0.0,0.0
23.625,FLIGHT,0.9652,1.5693,0.076,0.0709,0.0746,0.0693,-0.0137,-0.1888,0.0048,0.0055,1.0197,-0.0499,1.5877,0.000223,-0.0,0.0
23.63,FLIGHT,0.9656,1.5697,0.0745,0.0692,0.0731,0.0676,-0.0137,-0.1888,0.0048,0.0054,1.0188,-0.05,1.5879,0.000223,-0.0,0.0
23.635,FLIGHT,0.9659,1.57,0.073,0.0675,0.0717,0.0659,-0.0136,-0.1888,0.0047,0.0053,1.018,-0.0502,1.588,0.000222,-0.0,0.0
23.64,FLIGHT,0.9663,1.5703,0.0715,0.0658,0.0702,0.0643,-0.0136,-0.1887,0.0047,0.0051,1.0171,-0.0503,1.5882,0.000222,-0.0,0.0
23.645,FLIGHT,0.9666,1.5706,0.0701,0.0642,0.0688,0.0628,-0.0136,-0.1887,0.0046,0.005,1.0162,-0.0504,1.5884,0.000222,-0.0,0.0
23.65,FLIGHT,0.967,1.571,0.0687,0.0626,0.0674,0.0612,-0.0136,-0.1887,0.0046,0.0049,1.0153,-0.0506,1.5885,0.000222,-0.0,0.0
23.655,FLIGHT,0.9673,1.5713,0.0673,0.0611,0.066,0.0598,-0.0135,-0.1887,0.0045,0.0047,1.0144,-0.0507,1.5887,0.000222,-0.0,0.0
23.66,FLIGHT,0.9676,1.5716,0.0659,0.0596,0.0647,0.0583,-0.0135,-0.1886,0.0044,0.0046,1.0135,-0.0508,1.5888,0.000222,-0.0,0.0
23.665,FLIGHT,0.9679,1.5718,0.0646,0.0582,0.0634,0.0569,-0.0135,-0.1886,0.0044,0.0045,1.0125,-0.0509,1.589,0.000222,-0.0,0.0
23.67,FLIGHT,0.9683,1.5721,0.0633,0.0568,0.0621,0.0556,-0.0135,-0.1886,0.0043,0.0044,1.0115,-0.0511,1.5891,0.000221,-0.0,0.0
23.675,FLIGHT,0.9686,1.5724,0.062,0.0554,0.0608,0.0543,-0.0134,-0.1886,0.0042,0.0043,1.0106,-0.0512,1.5893,0.000221,-0.0,0.0
23.68,FLIGHT,0.9689,1.5727,0.0607,0.0541,0.0596,0.053,-0.0134,-0.1886,0.0042,0.0042,1.0096,-0.0513,1.5894,0.000221,-0.0,0.0
23.685,FLIGHT,0.9692,1.5729,0.0595,0.0529,0.0584,0.0517,-0.0134,-0.1885,0.0041,0.0041,1.0086,-0.0514,1.5895,0.000221,-0.0,0.0
23.69,FLIGHT,0.9694,1.5732,0.0583,0.0516,0.0572,0.0505,-0.0134,-0.1885,0.0041,0.004,1.0075,-0.0515,1.5897,0.000221,-0.0,0.0
23.695,FLIGHT,0.9697,1.5734,0.0571,0.0504,0.056,0.0493,-0.0134,-0.1885,0.004,0.0039,1.0065,-0.0517,1.5898,0.000221,-0.0,0.0
23.7,FLIGHT,0.97,1.5737,0.0559,0.0492,0.0548,0.0482,-0.0133,-0.1885,0.0039,0.0038,1.0054,-0.0518,1.5899,0.000221,-0.0,0.0
23.705,FLIGHT,0.9703,1.5739,0.0547,0.0481,0.0537,0.0471,-0.0133,-0.1885,0.0039,0.0037,1.0044,-0.0519,1.5901,0.000221,-0.0,0.0
23.71,FLIGHT,0.9705,1.5741,0.0536,0.047,0.0526,0.046,-0.0133,-0.1884,0.0038,0.0036,1.0033,-0.052,1.5902,0.000221,-0.0,0.0
23.715,FLIGHT,0.9708,1.5744,0.0525,0.0459,0.0515,0.045,-0.0133,-0.1884,0.0037,0.0036,1.0022,-0.0521,1.5903,0.000221,-0.0,0.0
23.72,FLIGHT,0.9711,1.5746,0.0514,0.0449,0.0504,0.044,-0.0133,-0.1884,0.0037,0.0035,1.0011,-0.0522,1.5904,0.00022,-0.0,0.0
23.725,FLIGHT,0.9713,1.5748,0.0503,0.0439,0.0493,0.043,-0.0133,-0.1884,0.0036,0.0034,1.0,-0.0523,1.5906,0.00022,-0.0,0.0
23.73,STANCE,0.9733,1.5757,0.3316,0.1261,0.8376,-0.0164,-0.013,-0.1883,0.0455,0.0073,0.9991,0.044,-0.5357,-0.000846,-0.3567,0.0722
23.735,STANCE,0.9795,1.5734,0.9876,-0.3259,1.6003,-0.9402,-0.0115,-0.1886,0.2303,-0.0411,0.9982,-0.413,-0.9723,-0.002863,-0.4286,0.0886
23.74,STANCE,0.9831,1.5711,0.7264,-0.3592,0.2002,-0.0939,-0.0105,-0.1889,0.1859,-0.0401,0.9979,-0.6014,-1.5312,-0.003815,-0.0354,0.0109
23.745,STANCE,0.984,1.5705,0.3732,-0.2104,0.3018,-0.2785,-0.0103,-0.1889,0.0991,-0.0228,0.9981,-0.7585,-2.0714,-0.003718,0.0534,0.0037
23.75,STANCE,0.9864,1.5668,0.4469,-0.6484,0.4882,-1.6246,-0.0093,-0.1893,0.173,-0.0621,0.9982,-1.085,-2.1882,-0.003314,0.14,0.0033
23.755,STANCE,0.9903,1.5583,0.7105,-1.3848,1.13,-2.0049,-0.0074,-0.1901,0.3254,-0.1267,0.9983,-1.4653,-1.9433,-0.002882,-0.0335,0.0096
23.76,STANCE,0.9964,1.5454,1.0585,-2.2617,1.2865,-2.6737,-0.0045,-0.1912,0.5169,-0.1971,0.9982,-1.8279,-1.3951,-0.003197,-0.0731,0.0178
23.765,STANCE,1.0021,1.5312,1.0981,-2.6595,1.1033,-2.853,-0.0014,-0.1924,0.5856,-0.2204,0.9982,-1.9294,-0.8711,-0.003427,-0.0709,0.0176
23.77,STANCE,1.0065,1.5155,0.9434,-2.9773,0.731,-3.223,0.0017,-0.1937,0.6066,-0.2349,0.9981,-1.7864,-0.2684,-0.003656,-0.049,0.0134
23.775,STANCE,1.0091,1.4992,0.6464,-3.1586,0.3015,-3.2833,0.0045,-0.195,0.5803,-0.2394,0.9981,-1.4169,0.3193,-0.003815,-0.0089,0.0056
23.78,STANCE,1.01,1.4836,0.3236,-3.1171,0.0768,-2.9662,0.007,-0.1961,0.5157,-0.2295,0.9981,-0.9069,0.7898,-0.003891,-0.015,0.0069
23.785,STANCE,1.0096,1.469,0.04,-2.9615,-0.1713,-2.794,0.009,-0.1972,0.4406,-0.2137,0.9983,-0.3691,1.133,-0.003843,0.0176,0.0038
23.79,STANCE,1.0083,1.4552,-0.1754,-2.8214,-0.3098,-2.696,0.0108,-0.1982,0.38,-0.2007,0.9985,0.0601,1.3518,-0.003616,0.0627,0.0036
23.795,FLIGHT,1.0074,1.4428,-0.1687,-2.5711,-0.1046,-2.3491,0.0124,-0.1991,0.3464,-0.1789,0.9989,-1.2373,2.5373,-0.003461,0.0289,0.0035
23.8,FLIGHT,1.0047,1.4343,-0.4626,-1.9045,-0.9414,-1.0702,0.0131,-0.1997,0.1899,-0.1354,0.9996,-1.1596,2.4604,-0.003133,0.0991,0.0031
23.805,FLIGHT,0.9983,1.4317,-1.0606,-0.9212,-1.6045,-0.051,0.0122,-0.2,-0.0758,-0.076,1.0005,-0.9156,2.2543,-0.00251,0.146,0.0025
23.81,FLIGHT,0.9891,1.4333,-1.6058,-0.0417,-2.0221,0.6457,0.0102,-0.1999,-0.3149,-0.0192,1.0017,-0.6467,2.0325,-0.001715,0.1681,0.0017
23.815,FLIGHT,0.9784,1.4376,-1.9726,0.5971,-2.2121,1.0538,0.0074,-0.1997,-0.4812,0.0286,1.003,-0.4138,1.8426,-0.000862,0.1706,0.0009
23.82,FLIGHT,0.9673,1.4434,-2.1473,0.9888,-2.2261,1.2407,0.0043,-0.1994,-0.5714,0.0646,1.0044,-0.2353,1.6987,-3.1e-05,0.1601,0.0
23.825,FLIGHT,0.9564,1.4498,-2.1616,1.1796,-2.116,1.2776,0.0012,-0.1989,-0.5993,0.0884,1.0058,-0.1102,1.5993,0.000605,0.0962,0.0
23.83,FLIGHT,0.9462,1.4561,-2.0622,1.2265,-1.9361,1.22,-0.0017,-0.1984,-0.5837,0.101,1.0072,-0.0282,1.5357,0.000964,0.0502,0.0
23.835,FLIGHT,0.9371,1.4619,-1.8932,1.1808,-1.7214,1.1112,-0.0043,-0.1979,-0.5413,0.1046,1.0086,0.0219,1.4986,0.001134,0.0199,0.0
23.84,FLIGHT,0.929,1.4671,-1.6881,1.0828,-1.496,0.9812,-0.0066,-0.1974,-0.4849,0.1017,1.0099,0.0497,1.4799,0.001181,0.0007,0.0
23.845,FLIGHT,0.9221,1.4717,-1.4705,0.9616,-1.2751,0.8488,-0.0087,-0.197,-0.4234,0.0946,1.0112,0.0627,1.4732,0.001153,-0.0109,0.0022
23.85,FLIGHT,0.9163,1.4756,-1.2557,0.8359,-1.0678,0.7252,-0.0103,-0.1966,-0.3624,0.0853,1.0124,0.0663,1.4739,0.001081,-0.0172,0.0034
23.855,FLIGHT,0.9114,1.479,-1.053,0.7172,-0.8785,0.616,-0.0118,-0.1963,-0.3052,0.0752,1.0136,0.0642,1.4788,0.000987,-0.0201,0.004
23.86,FLIGHT,0.9074,1.4818,-0.8672,0.6114,-0.7091,0.5233,-0.0129,-0.196,-0.2536,0.0654,1.0148,0.0589,1.4859,0.000884,-0.0208,0.0042
23.865,FLIGHT,0.9043,1.4842,-0.7004,0.521,-0.5597,0.4471,-0.0139,-0.1957,-0.2081,0.0563,1.0159,0.0521,1.4938,0.000781,-0.02,0.004
23.87,FLIGHT,0.9018,1.4863,-0.5528,0.4463,-0.4292,0.3862,-0.0146,-0.1955,-0.1687,0.0482,1.0169,0.0447,1.5017,0.000685,-0.0185,0.0037
23.875,FLIGHT,0.9,1.4881,-0.4238,0.3864,-0.316,0.3388,-0.0153,-0.1953,-0.1352,0.0414,1.0179,0.0374,1.5091,0.000597,-0.0164,0.0033
23.88,FLIGHT,0.8986,1.4897,-0.3117,0.3396,-0.2186,0.303,-0.0157,-0.1951,-0.1068,0.0358,1.0189,0.0304,1.5159,0.000521,-0.0142,0.0028
23.885,FLIGHT,0.8977,1.4912,-0.2151,0.3041,-0.135,0.2768,-0.0161,-0.195,-0.083,0.0312,1.0199,0.0239,1.522,0.000456,-0.0119,0.0024
23.89,FLIGHT,0.8973,1.4925,-0.1322,0.2781,-0.0636,0.2585,-0.0164,-0.1949,-0.0633,0.0276,1.0208,0.018,1.5273,0.000401,-0.0098,0.002
23.895,FLIGHT,0.8971,1.4938,-0.0614,0.2598,-0.0029,0.2464,-0.0166,-0.1947,-0.047,0.0248,1.0218,0.0127,1.532,0.000357,-0.0079,0.0016
23.9,FLIGHT,0.8972,1.495,-0.0012,0.2477,0.0485,0.2393,-0.0167,-0.1946,-0.0336,0.0227,1.0226,0.0079,1.5361,0.000322,-0.0063,0.0013
23.905,FLIGHT,0.8976,1.4962,0.0499,0.2405,0.0919,0.2359,-0.0168,-0.1945,-0.0227,0.0213,1.0235,0.0035,1.5397,0.000294,-0.0049,0.001
23.91,FLIGHT,0.8981,1.4973,0.093,0.237,0.1283,0.2352,-0.0169,-0.1944,-0.0138,0.0202,1.0244,-0.0004,1.5428,0.000272,-0.0037,0.0007
23.915,FLIGHT,0.8988,1.4985,0.1291,0.2363,0.1587,0.2367,-0.0169,-0.1943,-0.0067,0.0196,1.0252,-0.0039,1.5456,0.000256,-0.0028,0.0006
23.92,FLIGHT,0.8997,1.4997,0.1593,0.2376,0.184,0.2395,-0.0169,-0.1942,-0.001,0.0192,1.026,-0.007,1.5479,0.000244,-0.002,0.0004
23.925,FLIGHT,0.9007,1.5009,0.1844,0.2403,0.2047,0.2432,-0.0168,-0.1941,0.0035,0.019,1.0268,-0.0098,1.5501,0.000236,-0.0014,0.0003
23.93,FLIGHT,0.9017,1.5021,0.205,0.2439,0.2217,0.2473,-0.0168,-0.194,0.007,0.019,1.0275,-0.0124,1.5519,0.00023,-0.0009,0.0002
23.935,FLIGHT,0.9029,1.5034,0.2218,0.2479,0.2353,0.2517,-0.0167,-0.194,0.0097,0.0191,1.0282,-0.0147,1.5536,0.000226,-0.0006,0.0001
23.94,FLIGHT,0.9041,1.5047,0.2353,0.2522,0.2461,0.256,-0.0167,-0.1939,0.0117,0.0193,1.0289,-0.0168,1.5551,0.000224,-0.0003,0.0001
23.945,FLIGHT,0.9053,1.506,0.246,0.2564,0.2544,0.2601,-0.0166,-0.1938,0.0132,0.0195,1.0296,-0.0187,1.5565,0.000223,-0.0001,0.0
23.95,FLIGHT,0.9066,1.5073,0.2543,0.2603,0.2607,0.2637,-0.0165,-0.1937,0.0142,0.0198,1.0303,-0.0204,1.5577,0.000223,0.0001,0.0
23.955,FLIGHT,0.9079,1.5086,0.2605,0.2639,0.2652,0.267,-0.0165,-0.1936,0.0149,0.02,1.0309,-0.022,1.5589,0.000224,0.0002,0.0
23.96,FLIGHT,0.9093,1.5099,0.2649,0.2671,0.2681,0.2697,-0.0164,-0.1935,0.0153,0.0203,1.0316,-0.0234,1.5599,0.000225,0.0002,0.0
23.965,FLIGHT,0.9106,1.5113,0.2678,0.2697,0.2698,0.2718,-0.0163,-0.1934,0.0155,0.0205,1.0322,-0.0248,1.5609,0.000226,0.0003,0.0
23.97,FLIGHT,0.912,1.5127,0.2694,0.2718,0.2703,0.2734,-0.0162,-0.1933,0.0155,0.0207,1.0327,-0.026,1.5618,0.000228,0.0003,0.0
23.975,FLIGHT,0.9133,1.514,0.2699,0.2733,0.27,0.2744,-0.0162,-0.1931,0.0154,0.0208,1.0333,-0.0271,1.5627,0.000229,0.0003,0.0
23.98,FLIGHT,0.9147,1.5154,0.2695,0.2743,0.2688,0.2749,-0.0161,-0.193,0.0151,0.0209,1.0338,-0.0282,1.5635,0.000231,0.0003,0.0
23.985,FLIGHT,0.916,1.5168,0.2684,0.2747,0.267,0.2748,-0.016,-0.1929,0.0148,0.021,1.0343,-0.0291,1.5642,0.000232,0.0003,0.0
23.99,FLIGHT,0.9173,1.5181,0.2665,0.2745,0.2646,0.2742,-0.0159,-0.1928,0.0145,0.0211,1.0348,-0.0301,1.565,0.000233,0.0002,0.0
23.995,FLIGHT,0.9187,1.5195,0.2642,0.2739,0.2618,0.2731,-0.0159,-0.1927,0.0141,0.0211,1.0353,-0.0309,1.5657,0.000234,0.0002,0.0
24.0,FLIGHT,0.92,1.5209,0.2613,0.2727,0.2586,0.2715,-0.0158,-0.1926,0.0137,0.021,1.0357,-0.0317,1.5664,0.000235,0.0002,0.0
24.005,FLIGHT,0.9212,1.5222,0.2581,0.2712,0.2551,0.2696,-0.0157,-0.1925,0.0132,0.0209,1.0361,-0.0324,1.567,0.000236,0.0002,0.0
24.01,FLIGHT,0.9225,1.5236,0.2546,0.2692,0.2514,0.2672,-0.0157,-0.1924,0.0128,0.0208,1.0365,-0.0331,1.5677,0.000237,0.0001,0.0
24.015,FLIGHT,0.9238,1.5249,0.2509,0.2668,0.2474,0.2646,-0.0156,-0.1923,0.0124,0.0207,1.0369,-0.0338,1.5683,0.000238,0.0001,0.0
24.02,FLIGHT,0.925,1.5262,0.2469,0.2641,0.2433,0.2616,-0.0155,-0.1922,0.012,0.0205,1.0372,-0.0344,1.5689,0.000238,0.0001,0.0
24.025,FLIGHT,0.9262,1.5275,0.2428,0.2611,0.2391,0.2583,-0.0155,-0.1921,0.0116,0.0203,1.0375,-0.035,1.5695,0.000239,0.0001,0.0
24.03,FLIGHT,0.9274,1.5288,0.2386,0.2578,0.2348,0.2548,-0.0154,-0.192,0.0112,0.0201,1.0378,-0.0356,1.57,0.000239,0.0,0.0
24.035,FLIGHT,0.9285,1.5301,0.2344,0.2543,0.2305,0.2511,-0.0154,-0.1919,0.0108,0.0199,1.0381,-0.0361,1.5706,0.000239,0.0,0.0
24.04,FLIGHT,0.9297,1.5313,0.23,0.2506,0.2261,0.2472,-0.0153,-0.1918,0.0104,0.0196,1.0383,-0.0366,1.5711,0.000239,0.0,0.0
24.045,FLIGHT,0.9308,1.5325,0.2257,0.2467,0.2218,0.2431,-0.0153,-0.1917,0.0101,0.0193,1.0385,-0.0371,1.5716,0.000239,-0.0,0.0
24.05,FLIGHT,0.9319,1.5337,0.2213,0.2426,0.2174,0.2389,-0.0152,-0.1916,0.0098,0.019,1.0387,-0.0376,1.5722,0.000239,-0.0,0.0
24.055,FLIGHT,0.933,1.5349,0.2169,0.2384,0.213,0.2346,-0.0152,-0.1915,0.0095,0.0187,1.0389,-0.038,1.5727,0.000239,-0.0,0.0
24.06,FLIGHT,0.934,1.5361,0.2126,0.2341,0.2087,0.2303,-0.0151,-0.1914,0.0092,0.0184,1.039,-0.0385,1.5731,0.000239,-0.0,0.0
24.065,FLIGHT,0.9351,1.5372,0.2083,0.2298,0.2044,0.2258,-0.0151,-0.1913,0.009,0.0181,1.0391,-0.0389,1.5736,0.000239,-0.0,0.0
24.07,FLIGHT,0.9361,1.5383,0.204,0.2253,0.2002,0.2213,-0.015,-0.1913,0.0087,0.0177,1.0392,-0.0393,1.5741,0.000238,-0.0001,0.0
24.075,FLIGHT,0.9371,1.5394,0.1998,0.2208,0.196,0.2168,-0.015,-0.1912,0.0085,0.0174,1.0393,-0.0397,1.5746,0.000238,-0.0001,0.0
24.08,FLIGHT,0.938,1.5405,0.1956,0.2163,0.1919,0.2123,-0.015,-0.1911,0.0083,0.0171,1.0393,-0.04,1.575,0.000238,-0.0001,0.0
24.085,FLIGHT,0.939,1.5416,0.1915,0.2118,0.1878,0.2077,-0.0149,-0.191,0.0081,0.0167,1.0394,-0.0404,1.5755,0.000237,-0.0001,0.0
24.09,FLIGHT,0.9399,1.5426,0.1874,0.2072,0.1839,0.2032,-0.0149,-0.1909,0.008,0.0164,1.0394,-0.0407,1.5759,0.000237,-0.0001,0.0
24.095,FLIGHT,0.9408,1.5436,0.1835,0.2027,0.1799,0.1987,-0.0148,-0.1908,0.0078,0.016,1.0393,-0.0411,1.5763,0.000236,-0.0001,0.0
24.1,FLIGHT,0.9417,1.5446,0.1796,0.1982,0.1761,0.1942,-0.0148,-0.1908,0.0076,0.0157,1.0393,-0.0414,1.5767,0.000236,-0.0001,0.0
24.105,FLIGHT,0.9426,1.5455,0.1757,0.1937,0.1723,0.1897,-0.0148,-0.1907,0.0075,0.0153,1.0392,-0.0417,1.5771,0.000236,-0.0001,0.0
24.11,FLIGHT,0.9434,1.5465,0.172,0.1893,0.1686,0.1853,-0.0147,-0.1906,0.0074,0.015,1.0391,-0.042,1.5775,0.000235,-0.0001,0.0
24.115,FLIGHT,0.9443,1.5474,0.1683,0.1849,0.165,0.181,-0.0147,-0.1905,0.0072,0.0146,1.039,-0.0424,1.5779,0.000235,-0.0001,0.0
24.12,FLIGHT,0.9451,1.5483,0.1647,0.1805,0.1615,0.1767,-0.0147,-0.1905,0.0071,0.0143,1.0389,-0.0426,1.5783,0.000234,-0.0001,0.0
24.125,FLIGHT,0.9459,1.5492,0.1611,0.1763,0.158,0.1724,-0.0146,-0.1904,0.007,0.0139,1.0387,-0.0429,1.5787,0.000234,-0.0001,0.0
24.13,FLIGHT,0.9467,1.55,0.1577,0.172,0.1546,0.1683,-0.0146,-0.1903,0.0069,0.0136,1.0385,-0.0432,1.579,0.000233,-0.0001,0.0
24.135,FLIGHT,0.9474,1.5508,0.1543,0.1679,0.1513,0.1642,-0.0146,-0.1903,0.0068,0.0133,1.0383,-0.0435,1.5794,0.000233,-0.0001,0.0
24.14,FLIGHT,0.9482,1.5516,0.151,0.1638,0.1481,0.1601,-0.0145,-0.1902,0.0067,0.013,1.0381,-0.0437,1.5797,0.000233,-0.0001,0.0
24.145,FLIGHT,0.9489,1.5524,0.1478,0.1598,0.1449,0.1562,-0.0145,-0.1901,0.0067,0.0126,1.0378,-0.044,1.5801,0.000232,-0.0001,0.0
24.15,FLIGHT,0.9496,1.5532,0.1446,0.1558,0.1418,0.1523,-0.0145,-0.1901,0.0066,0.0123,1.0376,-0.0443,1.5804,0.000232,-0.0001,0.0
24.155,FLIGHT,0.9503,1.554,0.1415,0.1519,0.1388,0.1485,-0.0144,-0.19,0.0065,0.012,1.0373,-0.0445,1.5807,0.000231,-0.0001,0.0
24.16,FLIGHT,0.951,1.5547,0.1385,0.1482,0.1358,0.1448,-0.0144,-0.19,0.0064,0.0117,1.037,-0.0447,1.5811,0.000231,-0.0001,0.0
24.165,FLIGHT,0.9517,1.5554,0.1355,0.1444,0.1329,0.1412,-0.0144,-0.1899,0.0064,0.0114,1.0366,-0.045,1.5814,0.000231,-0.0001,0.0
24.17,FLIGHT,0.9523,1.5561,0.1327,0.1408,0.1301,0.1376,-0.0143,-0.1899,0.0063,0.0111,1.0363,-0.0452,1.5817,0.00023,-0.0001,0.0
24.175,FLIGHT,0.953,1.5568,0.1298,0.1373,0.1273,0.1341,-0.0143,-0.1898,0.0062,0.0108,1.0359,-0.0454,1.582,0.00023,-0.0001,0.0
24.18,FLIGHT,0.9536,1.5574,0.1271,0.1338,0.1247,0.1307,-0.0143,-0.1897,0.0062,0.0106,1.0355,-0.0456,1.5823,0.000229,-0.0001,0.0
24.185,FLIGHT,0.9542,1.5581,0.1244,0.1304,0.122,0.1274,-0.0142,-0.1897,0.0061,0.0103,1.0351,-0.0459,1.5825,0.000229,-0.0001,0.0
24.19,FLIGHT,0.9548,1.5587,0.1218,0.1271,0.1194,0.1241,-0.0142,-0.1896,0.006,0.01,1.0346,-0.0461,1.5828,0.000229,-0.0001,0.0
24.195,FLIGHT,0.9554,1.5593,0.1192,0.1238,0.1169,0.121,-0.0142,-0.1896,0.006,0.0098,1.0342,-0.0463,1.5831,0.000228,-0.0001,0.0
24.2,FLIGHT,0.956,1.5599,0.1167,0.1207,0.1145,0.1179,-0.0142,-0.1896,0.0059,0.0095,1.0337,-0.0465,1.5834,0.000228,-0.0001,0.0
24.205,FLIGHT,0.9566,1.5605,0.1143,0.1176,0.1121,0.1149,-0.0141,-0.1895,0.0059,0.0093,1.0332,-0.0467,1.5836,0.000228,-0.0001,0.0
24.21,FLIGHT,0.9571,1.5611,0.1119,0.1146,0.1097,0.1119,-0.0141,-0.1895,0.0058,0.009,1.0327,-0.0469,1.5839,0.000227,-0.0001,0.0
24.215,FLIGHT,0.9577,1.5616,0.1095,0.1117,0.1075,0.1091,-0.0141,-0.1894,0.0058,0.0088,1.0322,-0.0471,1.5841,0.000227,-0.0001,0.0
24.22,FLIGHT,0.9582,1.5622,0.1072,0.1088,0.1052,0.1063,-0.014,-0.1894,0.0057,0.0086,1.0316,-0.0472,1.5844,0.000227,-0.0001,0.0
24.225,FLIGHT,0.9587,1.5627,0.105,0.106,0.103,0.1036,-0.014,-0.1893,0.0057,0.0083,1.031,-0.0474,1.5846,0.000226,-0.0001,0.0
24.23,FLIGHT,0.9592,1.5632,0.1028,0.1033,0.1009,0.1009,-0.014,-0.1893,0.0056,0.0081,1.0304,-0.0476,1.5848,0.000226,-0.0001,0.0
24.235,FLIGHT,0.9597,1.5637,0.1007,0.1007,0.0988,0.0983,-0.014,-0.1893,0.0055,0.0079,1.0298,-0.0478,1.5851,0.000226,-0.0001,0.0
24.24,FLIGHT,0.9602,1.5642,0.0986,0.0981,0.0968,0.0958,-0.0139,-0.1892,0.0055,0.0077,1.0292,-0.048,1.5853,0.000226,-0.0001,0.0
24.245,FLIGHT,0.9607,1.5647,0.0966,0.0956,0.0948,0.0934,-0.0139,-0.1892,0.0054,0.0075,1.0285,-0.0481,1.5855,0.000225,-0.0001,0.0
24.25,FLIGHT,0.9612,1.5651,0.0946,0.0932,0.0928,0.091,-0.0139,-0.1891,0.0054,0.0073,1.0279,-0.0483,1.5857,0.000225,-0.0001,0.0
24.255,FLIGHT,0.9616,1.5656,0.0926,0.0908,0.0909,0.0887,-0.0138,-0.1891,0.0053,0.0071,1.0272,-0.0485,1.5859,0.000225,-0.0,0.0
24.26,FLIGHT,0.9621,1.566,0.0907,0.0885,0.0891,0.0865,-0.0138,-0.1891,0.0053,0.0069,1.0265,-0.0486,1.5861,0.000225,-0.0,0.0
24.265,FLIGHT,0.9625,1.5664,0.0889,0.0863,0.0872,0.0843,-0.0138,-0.189,0.0052,0.0068,1.0258,-0.0488,1.5863,0.000224,-0.0,0.0
24.27,FLIGHT,0.9629,1.5669,0.0871,0.0841,0.0854,0.0822,-0.0138,-0.189,0.0052,0.0066,1.025,-0.0489,1.5865,0.000224,-0.0,0.0
24.275,FLIGHT,0.9634,1.5673,0.0853,0.082,0.0837,0.0801,-0.0137,-0.189,0.0051,0.0064,1.0243,-0.0491,1.5867,0.000224,-0.0,0.0
24.28,FLIGHT,0.9638,1.5677,0.0835,0.0799,0.082,0.0781,-0.0137,-0.1889,0.0051,0.0063,1.0235,-0.0492,1.5869,0.000224,-0.0,0.0
24.285,FLIGHT,0.9642,1.568,0.0818,0.0779,0.0803,0.0761,-0.0137,-0.1889,0.005,0.0061,1.0227,-0.0494,1.5871,0.000223,-0.0,0.0
24.29,FLIGHT,0.9646,1.5684,0.0802,0.076,0.0787,0.0742,-0.0137,-0.1889,0.0049,0.0059,1.0219,-0.0495,1.5873,0.000223,-0.0,0.0
24.295,FLIGHT,0.965,1.5688,0.0785,0.0741,0.0771,0.0724,-0.0136,-0.1889,0.0049,0.0058,1.0211,-0.0497,1.5875,0.000223,-0.0,0.0
24.3,FLIGHT,0.9654,1.5691,0.0769,0.0722,0.0755,0.0706,-0.0136,-0.1888,0.0048,0.0056,1.0203,-0.0498,1.5877,0.000223,-0.0,0.0
24.305,FLIGHT,0.9657,1.5695,0.0754,0.0704,0.074,0.0688,-0.0136,-0.1888,0.0048,0.0055,1.0194,-0.05,1.5878,0.000223,-0.0,0.0
24.31,FLIGHT,0.9661,1.5698,0.0738,0.0687,0.0725,0.0672,-0.0136,-0.1888,0.0047,0.0054,1.0185,-0.0501,1.588,0.000223,-0.0,0.0
24.315,FLIGHT,0.9665,1.5702,0.0723,0.067,0.071,0.0655,-0.0135,-0.1888,0.0047,0.0052,1.0176,-0.0502,1.5882,0.000222,-0.0,0.0
24.32,FLIGHT,0.9668,1.5705,0.0708,0.0654,0.0695,0.0639,-0.0135,-0.1887,0.0046,0.0051,1.0167,-0.0504,1.5883,0.000222,-0.0,0.0
24.325,FLIGHT,0.9672,1.5708,0.0694,0.0638,0.0681,0.0624,-0.0135,-0.1887,0.0045,0.005,1.0158,-0.0505,1.5885,0.000222,-0.0,0.0
24.33,FLIGHT,0.9675,1.5711,0.068,0.0622,0.0667,0.0608,-0.0135,-0.1887,0.0045,0.0048,1.0149,-0.0506,1.5886,0.000222,-0.0,0.0
24.335,FLIGHT,0.9678,1.5714,0.0666,0.0607,0.0654,0.0594,-0.0135,-0.1887,0.0044,0.0047,1.0139,-0.0508,1.5888,0.000222,-0.0,0.0
24.34,FLIGHT,0.9681,1.5717,0.0652,0.0592,0.064,0.0579,-0.0134,-0.1886,0.0044,0.0046,1.013,-0.0509,1.5889,0.000222,-0.0,0.0
24.345,FLIGHT,0.9685,1.572,0.0639,0.0578,0.0627,0.0566,-0.0134,-0.1886,0.0043,0.0045,1.012,-0.051,1.5891,0.000222,-0.0,0.0
24.35,FLIGHT,0.9688,1.5723,0.0626,0.0564,0.0614,0.0552,-0.0134,-0.1886,0.0042,0.0044,1.011,-0.0511,1.5892,0.000221,-0.0,0.0
24.355,FLIGHT,0.9691,1.5725,0.0613,0.0551,0.0602,0.0539,-0.0134,-0.1886,0.0042,0.0043,1.01,-0.0512,1.5894,0.000221,-0.0,0.0
24.36,FLIGHT,0.9694,1.5728,0.06,0.0538,0.0589,0.0526,-0.0134,-0.1885,0.0041,0.0042,1.0089,-0.0514,1.5895,0.000221,-0.0,0.0
24.365,FLIGHT,0.9697,1.5731,0.0588,0.0525,0.0577,0.0514,-0.0133,-0.1885,0.004,0.0041,1.0079,-0.0515,1.5897,0.000221,-0.0,0.0
24.37,FLIGHT,0.9699,1.5733,0.0576,0.0513,0.0565,0.0502,-0.0133,-0.1885,0.004,0.004,1.0069,-0.0516,1.5898,0.000221,-0.0,0.0
24.375,FLIGHT,0.9702,1.5736,0.0564,0.0501,0.0553,0.049,-0.0133,-0.1885,0.0039,0.0039,1.0058,-0.0517,1.5899,0.000221,-0.0,0.0
24.38,FLIGHT,0.9705,1.5738,0.0552,0.0489,0.0542,0.0479,-0.0133,-0.1885,0.0038,0.0038,1.0047,-0.0518,1.5901,0.000221,-0.0,0.0
24.385,FLIGHT,0.9708,1.574,0.0541,0.0478,0.053,0.0468,-0.0133,-0.1884,0.0038,0.0037,1.0036,-0.052,1.5902,0.000221,-0.0,0.0
24.39,FLIGHT,0.971,1.5743,0.0529,0.0467,0.0519,0.0458,-0.0132,-0.1884,0.0037,0.0036,1.0025,-0.0521,1.5903,0.000221,-0.0,0.0
24.395,FLIGHT,0.9713,1.5745,0.0518,0.0457,0.0508,0.0447,-0.0132,-0.1884,0.0036,0.0035,1.0014,-0.0522,1.5904,0.000221,-0.0,0.0
24.4,FLIGHT,0.9715,1.5747,0.0507,0.0446,0.0497,0.0437,-0.0132,-0.1884,0.0036,0.0035,1.0002,-0.0523,1.5906,0.00022,-0.0,0.0
24.405,STANCE,0.9726,1.5754,0.2042,0.1135,0.6453,0.1144,-0.0131,-0.1884,0.0232,0.0078,0.9993,0.1108,-0.4059,-0.000317,-0.2951,0.0593
24.41,STANCE,0.9781,1.5741,0.8541,-0.1888,1.4919,-0.7058,-0.0119,-0.1885,0.1865,-0.0274,0.9984,-0.308,-0.9065,-0.002211,-0.4251,0.0872
24.415,STANCE,0.9841,1.5706,0.9965,-0.487,0.419,-0.215,-0.0103,-0.1889,0.2544,-0.0542,0.9979,-0.6608,-1.3615,-0.003775,-0.1077,0.0253
24.42,STANCE,0.9851,1.5703,0.446,-0.1904,0.1839,-0.0986,-0.0101,-0.189,0.1101,-0.0216,0.998,-0.7408,-1.9862,-0.003848,0.0412,0.0038
24.425,STANCE,0.987,1.5684,0.4259,-0.3598,0.6087,-0.7258,-0.0094,-0.1891,0.1296,-0.0362,0.9983,-1.0269,-2.2605,-0.00354,0.0746,0.0035
24.43,STANCE,0.9899,1.5603,0.561,-1.2441,0.8591,-1.6263,-0.0078,-0.1899,0.2772,-0.1139,0.9983,-1.3602,-2.0053,-0.002903,0.0847,0.0029
24.435,STANCE,0.9952,1.5493,0.8931,-1.9818,1.0465,-2.9479,-0.0052,-0.1909,0.4452,-0.1747,0.9982,-1.7181,-1.5731,-0.003046,-0.049,0.0128
24.44,STANCE,1.0011,1.5344,1.0851,-2.6329,1.1552,-2.6619,-0.002,-0.1922,0.5781,-0.2204,0.9982,-1.9183,-0.968,-0.003547,-0.086,0.0207
24.445,STANCE,1.0051,1.5193,0.8855,-2.8885,0.7244,-2.9154,0.0009,-0.1934,0.5812,-0.2308,0.9981,-1.7847,-0.4125,-0.003578,-0.0219,0.008
24.45,STANCE,1.0075,1.5038,0.5915,-3.0351,0.2743,-3.1842,0.0035,-0.1946,0.5502,-0.2335,0.9981,-1.4422,0.1522,-0.003705,-0.0266,0.009
24.455,STANCE,1.0082,1.4882,0.2605,-3.1031,-0.0475,-3.1289,0.0059,-0.1958,0.4997,-0.232,0.9981,-0.9494,0.678,-0.003879,-0.0213,0.0081
24.46,STANCE,1.0074,1.473,-0.0355,-3.0541,-0.3108,-3.0285,0.008,-0.1969,0.4379,-0.2238,0.9982,-0.4097,1.0895,-0.003965,0.0134,0.004
24.465,STANCE,1.0061,1.4588,-0.2025,-2.8911,-0.316,-2.753,0.0098,-0.198,0.3837,-0.2082,0.9983,0.024,1.3336,-0.003993,0.014,0.004
24.47,FLIGHT,1.0047,1.4456,-0.2478,-2.7079,-0.2128,-2.514,0.0114,-0.1989,0.3499,-0.1912,0.9986,-1.142,2.471,-0.003884,0.0245,0.0039
24.475,FLIGHT,1.0025,1.4353,-0.4132,-2.2014,-0.7984,-1.4602,0.0125,-0.1996,0.2433,-0.1557,0.9991,-1.1072,2.4289,-0.003651,0.0784,0.0037
24.48,FLIGHT,0.9968,1.4308,-0.9404,-1.2727,-1.4462,-0.4164,0.0121,-0.2,0.0001,-0.0986,0.9999,-0.8968,2.2486,-0.003126,0.1278,0.0031
24.485,FLIGHT,0.9884,1.4307,-1.4619,-0.3856,-1.8705,0.3244,0.0104,-0.2001,-0.2358,-0.0421,1.001,-0.6433,2.0383,-0.002413,0.1536,0.0024
24.49,FLIGHT,0.9785,1.4335,-1.8292,0.2878,-2.0756,0.7815,0.008,-0.2,-0.408,0.006,1.0022,-0.416,1.8523,-0.001623,0.1599,0.0016
24.495,FLIGHT,0.968,1.4381,-2.0152,0.7233,-2.1061,1.0153,0.0052,-0.1998,-0.5077,0.0429,1.0035,-0.2383,1.7085,-0.000837,0.1529,0.0008
24.5,FLIGHT,0.9576,1.4434,-2.0454,0.9572,-2.0149,1.0921,0.0024,-0.1994,-0.5458,0.068,1.0048,-0.1112,1.6071,-0.000107,0.1384,0.0001
24.505,FLIGHT,0.948,1.4489,-1.9608,1.0435,-1.8459,1.0705,-0.0003,-0.199,-0.5394,0.0823,1.0062,-0.0273,1.5416,0.000468,0.088,0.0
24.51,FLIGHT,0.9392,1.454,-1.8026,1.0328,-1.6393,0.9925,-0.0028,-0.1986,-0.5045,0.0879,1.0075,0.0242,1.5029,0.000799,0.0469,0.0
24.515,FLIGHT,0.9316,1.4587,-1.6059,0.9651,-1.4204,0.8884,-0.005,-0.1982,-0.4542,0.0871,1.0087,0.0529,1.4829,0.000961,0.0196,0.0
24.52,FLIGHT,0.925,1.4629,-1.395,0.8696,-1.205,0.778,-0.0068,-0.1978,-0.3976,0.0822,1.01,0.0665,1.4752,0.001012,0.0022,0.0
24.525,FLIGHT,0.9195,1.4665,-1.1857,0.7657,-1.0022,0.673,-0.0084,-0.1974,-0.3407,0.0749,1.0112,0.0705,1.4751,0.000994,-0.0083,0.0017
24.53,FLIGHT,0.915,1.4697,-0.9875,0.6654,-0.8169,0.5795,-0.0098,-0.1971,-0.2869,0.0668,1.0123,0.0687,1.4793,0.000937,-0.0141,0.0028
24.535,FLIGHT,0.9113,1.4723,-0.8057,0.5752,-0.6509,0.5001,-0.0109,-0.1968,-0.238,0.0586,1.0134,0.0636,1.4858,0.000858,-0.0168,0.0034
24.54,FLIGHT,0.9084,1.4747,-0.6423,0.4981,-0.5045,0.4351,-0.0118,-0.1966,-0.1948,0.0511,1.0145,0.0569,1.4932,0.000772,-0.0175,0.0035
24.545,FLIGHT,0.9062,1.4767,-0.4977,0.4345,-0.3765,0.3836,-0.0125,-0.1964,-0.1574,0.0445,1.0155,0.0496,1.5007,0.000686,-0.0169,0.0034
24.55,FLIGHT,0.9046,1.4785,-0.3713,0.384,-0.2657,0.3442,-0.013,-0.1962,-0.1254,0.0388,1.0166,0.0423,1.5078,0.000605,-0.0155,0.0031
24.555,FLIGHT,0.9036,1.4802,-0.2616,0.3451,-0.1703,0.315,-0.0135,-0.1961,-0.0984,0.0342,1.0175,0.0353,1.5143,0.000531,-0.0137,0.0027
24.56,FLIGHT,0.9029,1.4817,-0.167,0.3162,-0.0886,0.2943,-0.0138,-0.1959,-0.0759,0.0305,1.0185,0.0288,1.5202,0.000468,-0.0118,0.0024
24.565,FLIGHT,0.9026,1.4831,-0.086,0.2957,-0.019,0.2806,-0.014,-0.1958,-0.0571,0.0276,1.0194,0.0229,1.5253,0.000414,-0.0099,0.002
24.57,FLIGHT,0.9027,1.4845,-0.0169,0.282,0.0402,0.2723,-0.0142,-0.1957,-0.0417,0.0255,1.0203,0.0175,1.5299,0.000369,-0.0081,0.0016
24.575,FLIGHT,0.903,1.4859,0.0419,0.2736,0.0902,0.2682,-0.0143,-0.1955,-0.0291,0.024,1.0212,0.0126,1.5339,0.000333,-0.0065,0.0013
24.58,FLIGHT,0.9036,1.4872,0.0915,0.2695,0.1322,0.2673,-0.0144,-0.1954,-0.0188,0.0229,1.0221,0.0082,1.5374,0.000304,-0.0051,0.001
24.585,FLIGHT,0.9043,1.4885,0.1332,0.2685,0.1674,0.2687,-0.0145,-0.1953,-0.0105,0.0222,1.0229,0.0043,1.5405,0.000281,-0.0039,0.0008
24.59,FLIGHT,0.9053,1.4899,0.1682,0.2697,0.1967,0.2717,-0.0145,-0.1952,-0.0038,0.0218,1.0237,0.0007,1.5432,0.000264,-0.003,0.0006
24.595,FLIGHT,0.9063,1.4913,0.1972,0.2726,0.2208,0.2757,-0.0144,-0.1951,0.0014,0.0217,1.0245,-0.0025,1.5456,0.000251,-0.0022,0.0004
24.6,FLIGHT,0.9075,1.4927,0.2211,0.2765,0.2405,0.2803,-0.0144,-0.195,0.0055,0.0217,1.0253,-0.0054,1.5478,0.000242,-0.0016,0.0003
24.605,FLIGHT,0.9087,1.4941,0.2407,0.281,0.2564,0.2852,-0.0144,-0.1949,0.0087,0.0219,1.026,-0.008,1.5497,0.000235,-0.0011,0.0002
24.61,FLIGHT,0.91,1.4955,0.2565,0.2857,0.2691,0.29,-0.0143,-0.1948,0.0111,0.0221,1.0268,-0.0104,1.5514,0.000231,-0.0007,0.0001
24.615,FLIGHT,0.9114,1.497,0.269,0.2904,0.2789,0.2945,-0.0142,-0.1947,0.0129,0.0223,1.0275,-0.0126,1.553,0.000228,-0.0004,0.0001
24.62,FLIGHT,0.9128,1.4984,0.2788,0.2948,0.2864,0.2987,-0.0141,-0.1946,0.0142,0.0226,1.0282,-0.0146,1.5544,0.000227,-0.0002,0.0
24.625,FLIGHT,0.9142,1.5,0.2861,0.2989,0.2918,0.3023,-0.0141,-0.1944,0.015,0.0229,1.0288,-0.0164,1.5557,0.000227,-0.0,0.0
24.63,FLIGHT,0.9157,1.5015,0.2914,0.3025,0.2954,0.3054,-0.014,-0.1943,0.0155,0.0232,1.0295,-0.018,1.5569,0.000227,0.0001,0.0
24.635,FLIGHT,0.9172,1.503,0.295,0.3054,0.2975,0.3078,-0.0139,-0.1942,0.0158,0.0234,1.0301,-0.0195,1.558,0.000228,0.0002,0.0
24.64,FLIGHT,0.9187,1.5045,0.2971,0.3078,0.2983,0.3097,-0.0138,-0.1941,0.0158,0.0236,1.0307,-0.0209,1.559,0.000229,0.0002,0.0
24.645,FLIGHT,0.9202,1.5061,0.2979,0.3096,0.2981,0.3108,-0.0138,-0.194,0.0157,0.0238,1.0313,-0.0222,1.56,0.00023,0.0003,0.0
24.65,FLIGHT,0.9217,1.5077,0.2976,0.3107,0.2969,0.3114,-0.0137,-0.1939,0.0155,0.0239,1.0318,-0.0234,1.561,0.000231,0.0003,0.0
24.655,FLIGHT,0.9231,1.5092,0.2964,0.3112,0.295,0.3113,-0.0136,-0.1937,0.0152,0.024,1.0324,-0.0245,1.5618,0.000232,0.0003,0.0
24.66,FLIGHT,0.9246,1.5108,0.2945,0.3111,0.2924,0.3107,-0.0135,-0.1936,0.0148,0.0241,1.0329,-0.0256,1.5627,0.000234,0.0002,0.0
24.665,FLIGHT,0.9261,1.5123,0.2919,0.3104,0.2893,0.3095,-0.0135,-0.1935,0.0143,0.0241,1.0333,-0.0265,1.5635,0.000235,0.0002,0.0
24.67,FLIGHT,0.9275,1.5139,0.2888,0.3092,0.2858,0.3078,-0.0134,-0.1934,0.0139,0.024,1.0338,-0.0274,1.5643,0.000236,0.0002,0.0
24.675,FLIGHT,0.9289,1.5154,0.2853,0.3074,0.2819,0.3057,-0.0133,-0.1933,0.0134,0.0239,1.0342,-0.0283,1.565,0.000237,0.0002,0.0
24.68,FLIGHT,0.9303,1.5169,0.2814,0.3052,0.2777,0.3031,-0.0133,-0.1931,0.0129,0.0238,1.0347,-0.0291,1.5657,0.000237,0.0001,0.0
24.685,FLIGHT,0.9317,1.5184,0.2772,0.3026,0.2733,0.3001,-0.0132,-0.193,0.0124,0.0237,1.035,-0.0298,1.5664,0.000238,0.0001,0.0
24.69,FLIGHT,0.9331,1.5199,0.2728,0.2996,0.2687,0.2967,-0.0131,-0.1929,0.0119,0.0235,1.0354,-0.0305,1.5671,0.000239,0.0001,0.0
24.695,FLIGHT,0.9344,1.5214,0.2682,0.2962,0.264,0.2931,-0.0131,-0.1928,0.0115,0.0232,1.0357,-0.0312,1.5678,0.000239,0.0001,0.0
24.7,FLIGHT,0.9357,1.5228,0.2634,0.2926,0.2592,0.2892,-0.013,-0.1927,0.011,0.023,1.036,-0.0319,1.5684,0.000239,0.0,0.0
24.705,FLIGHT,0.937,1.5243,0.2586,0.2886,0.2543,0.285,-0.013,-0.1926,0.0106,0.0227,1.0363,-0.0325,1.569,0.000239,0.0,0.0
24.71,FLIGHT,0.9382,1.5257,0.2537,0.2844,0.2493,0.2806,-0.0129,-0.1924,0.0102,0.0224,1.0366,-0.033,1.5697,0.00024,0.0,0.0
24.715,FLIGHT,0.9395,1.5271,0.2488,0.28,0.2444,0.276,-0.0129,-0.1923,0.0099,0.0221,1.0368,-0.0336,1.5703,0.00024,-0.0,0.0
24.72,FLIGHT,0.9407,1.5285,0.2439,0.2755,0.2394,0.2713,-0.0128,-0.1922,0.0095,0.0218,1.0371,-0.0341,1.5708,0.000239,-0.0,0.0
24.725,FLIGHT,0.9419,1.5298,0.2389,0.2707,0.2345,0.2665,-0.0128,-0.1921,0.0092,0.0214,1.0372,-0.0346,1.5714,0.000239,-0.0,0.0
24.73,FLIGHT,0.943,1.5311,0.234,0.2659,0.2296,0.2615,-0.0127,-0.192,0.0089,0.0211,1.0374,-0.0351,1.572,0.000239,-0.0,0.0
24.735,FLIGHT,0.9442,1.5324,0.2291,0.261,0.2247,0.2565,-0.0127,-0.1919,0.0086,0.0207,1.0375,-0.0356,1.5725,0.000239,-0.0001,0.0
24.74,FLIGHT,0.9453,1.5337,0.2243,0.2559,0.2199,0.2514,-0.0127,-0.1918,0.0083,0.0203,1.0377,-0.0361,1.573,0.000238,-0.0001,0.0
24.745,FLIGHT,0.9464,1.5349,0.2195,0.2508,0.2152,0.2463,-0.0126,-0.1917,0.0081,0.0199,1.0378,-0.0365,1.5736,0.000238,-0.0001,0.0
24.75,FLIGHT,0.9474,1.5362,0.2147,0.2457,0.2105,0.2411,-0.0126,-0.1916,0.0078,0.0195,1.0378,-0.0369,1.5741,0.000238,-0.0001,0.0
24.755,FLIGHT,0.9485,1.5373,0.2101,0.2406,0.2059,0.236,-0.0125,-0.1915,0.0076,0.0191,1.0379,-0.0373,1.5746,0.000237,-0.0001,0.0
24.76,FLIGHT,0.9495,1.5385,0.2055,0.2354,0.2014,0.2308,-0.0125,-0.1914,0.0074,0.0188,1.0379,-0.0377,1.5751,0.000237,-0.0001,0.0
24.765,FLIGHT,0.9505,1.5397,0.2009,0.2303,0.1969,0.2257,-0.0125,-0.1913,0.0072,0.0184,1.0379,-0.0381,1.5755,0.000236,-0.0001,0.0
24.77,FLIGHT,0.9515,1.5408,0.1965,0.2252,0.1926,0.2206,-0.0124,-0.1912,0.0071,0.018,1.0379,-0.0385,1.576,0.000236,-0.0001,0.0
24.775,FLIGHT,0.9524,1.5419,0.1921,0.2201,0.1883,0.2156,-0.0124,-0.1912,0.0069,0.0176,1.0378,-0.0389,1.5765,0.000235,-0.0001,0.0
24.78,FLIGHT,0.9533,1.5429,0.1879,0.2151,0.1841,0.2106,-0.0124,-0.1911,0.0068,0.0172,1.0377,-0.0392,1.5769,0.000235,-0.0001,0.0
24.785,FLIGHT,0.9543,1.544,0.1837,0.2101,0.18,0.2056,-0.0123,-0.191,0.0066,0.0168,1.0377,-0.0396,1.5773,0.000234,-0.0001,0.0
24.79,FLIGHT,0.9551,1.545,0.1796,0.2051,0.1759,0.2007,-0.0123,-0.1909,0.0065,0.0164,1.0375,-0.0399,1.5778,0.000234,-0.0001,0.0
24.795,FLIGHT,0.956,1.546,0.1755,0.2002,0.172,0.1959,-0.0123,-0.1908,0.0064,0.016,1.0374,-0.0402,1.5782,0.000233,-0.0001,0.0
24.8,FLIGHT,0.9569,1.5469,0.1716,0.1954,0.1681,0.1911,-0.0122,-0.1908,0.0063,0.0156,1.0372,-0.0405,1.5786,0.000233,-0.0001,0.0
24.805,FLIGHT,0.9577,1.5479,0.1678,0.1907,0.1643,0.1865,-0.0122,-0.1907,0.0062,0.0153,1.037,-0.0408,1.579,0.000232,-0.0001,0.0
24.81,FLIGHT,0.9585,1.5488,0.164,0.186,0.1607,0.1819,-0.0122,-0.1906,0.0061,0.0149,1.0368,-0.0411,1.5794,0.000232,-0.0001,0.0
24.815,FLIGHT,0.9593,1.5497,0.1603,0.1814,0.157,0.1774,-0.0121,-0.1905,0.006,0.0145,1.0366,-0.0414,1.5798,0.000231,-0.0001,0.0
24.82,FLIGHT,0.9601,1.5506,0.1567,0.1769,0.1535,0.1729,-0.0121,-0.1905,0.0059,0.0142,1.0364,-0.0417,1.5801,0.000231,-0.0001,0.0
24.825,FLIGHT,0.9608,1.5514,0.1532,0.1725,0.1501,0.1686,-0.0121,-0.1904,0.0058,0.0138,1.0361,-0.042,1.5805,0.00023,-0.0001,0.0
24.83,FLIGHT,0.9616,1.5523,0.1497,0.1682,0.1467,0.1643,-0.0121,-0.1903,0.0057,0.0135,1.0358,-0.0423,1.5809,0.00023,-0.0001,0.0
24.835,FLIGHT,0.9623,1.5531,0.1464,0.1639,0.1434,0.1602,-0.012,-0.1903,0.0057,0.0131,1.0355,-0.0425,1.5812,0.000229,-0.0001,0.0
24.84,FLIGHT,0.963,1.5539,0.1431,0.1598,0.1402,0.1561,-0.012,-0.1902,0.0056,0.0128,1.0351,-0.0428,1.5815,0.000229,-0.0001,0.0
24.845,FLIGHT,0.9637,1.5546,0.1399,0.1557,0.1371,0.1521,-0.012,-0.1901,0.0055,0.0125,1.0348,-0.0431,1.5819,0.000228,-0.0001,0.0
24.85,FLIGHT,0.9644,1.5554,0.1368,0.1518,0.134,0.1482,-0.0119,-0.1901,0.0055,0.0122,1.0344,-0.0433,1.5822,0.000228,-0.0001,0.0
24.855,FLIGHT,0.965,1.5561,0.1337,0.1479,0.131,0.1444,-0.0119,-0.19,0.0054,0.0118,1.034,-0.0436,1.5825,0.000228,-0.0001,0.0
24.86,FLIGHT,0.9657,1.5568,0.1307,0.1441,0.1281,0.1407,-0.0119,-0.19,0.0053,0.0115,1.0336,-0.0438,1.5828,0.000227,-0.0001,0.0
24.865,FLIGHT,0.9663,1.5575,0.1278,0.1404,0.1252,0.1371,-0.0119,-0.1899,0.0053,0.0112,1.0331,-0.044,1.5831,0.000227,-0.0001,0.0
24.87,FLIGHT,0.9669,1.5582,0.1249,0.1368,0.1224,0.1336,-0.0118,-0.1899,0.0052,0.0109,1.0327,-0.0442,1.5834,0.000226,-0.0001,0.0
24.875,FLIGHT,0.9676,1.5589,0.1221,0.1332,0.1197,0.1301,-0.0118,-0.1898,0.0052,0.0107,1.0322,-0.0445,1.5837,0.000226,-0.0001,0.0
24.88,FLIGHT,0.9681,1.5595,0.1194,0.1298,0.117,0.1267,-0.0118,-0.1897,0.0051,0.0104,1.0317,-0.0447,1.584,0.000226,-0.0001,0.0
24.885,FLIGHT,0.9687,1.5601,0.1168,0.1264,0.1144,0.1235,-0.0118,-0.1897,0.005,0.0101,1.0312,-0.0449,1.5843,0.000225,-0.0001,0.0
24.89,FLIGHT,0.9693,1.5607,0.1142,0.1232,0.1119,0.1203,-0.0117,-0.1897,0.005,0.0099,1.0306,-0.0451,1.5845,0.000225,-0.0001,0.0
24.895,FLIGHT,0.9698,1.5613,0.1116,0.12,0.1094,0.1171,-0.0117,-0.1896,0.0049,0.0096,1.0301,-0.0453,1.5848,0.000224,-0.0001,0.0
24.9,FLIGHT,0.9704,1.5619,0.1092,0.1169,0.107,0.1141,-0.0117,-0.1896,0.0049,0.0093,1.0295,-0.0455,1.5851,0.000224,-0.0001,0.0
24.905,FLIGHT,0.9709,1.5625,0.1067,0.1138,0.1046,0.1112,-0.0117,-0.1895,0.0048,0.0091,1.0289,-0.0457,1.5853,0.000224,-0.0001,0.0
24.91,FLIGHT,0.9714,1.563,0.1044,0.1109,0.1023,0.1083,-0.0116,-0.1895,0.0048,0.0089,1.0283,-0.0459,1.5856,0.000223,-0.0001,0.0
24.915,FLIGHT,0.9719,1.5636,0.1021,0.108,0.1,0.1055,-0.0116,-0.1894,0.0047,0.0086,1.0276,-0.0461,1.5858,0.000223,-0.0001,0.0
24.92,FLIGHT,0.9724,1.5641,0.0998,0.1052,0.0978,0.1027,-0.0116,-0.1894,0.0047,0.0084,1.027,-0.0463,1.586,0.000223,-0.0001,0.0
24.925,FLIGHT,0.9729,1.5646,0.0976,0.1025,0.0956,0.1001,-0.0116,-0.1893,0.0046,0.0082,1.0263,-0.0465,1.5863,0.000223,-0.0001,0.0
24.93,FLIGHT,0.9734,1.5651,0.0954,0.0998,0.0935,0.0975,-0.0116,-0.1893,0.0046,0.008,1.0256,-0.0466,1.5865,0.000222,-0.0001,0.0
24.935,FLIGHT,0.9738,1.5656,0.0933,0.0973,0.0915,0.095,-0.0115,-0.1893,0.0045,0.0078,1.0249,-0.0468,1.5867,0.000222,-0.0001,0.0
24.94,FLIGHT,0.9743,1.566,0.0913,0.0948,0.0895,0.0925,-0.0115,-0.1892,0.0045,0.0076,1.0242,-0.047,1.5869,0.000222,-0.0001,0.0
24.945,FLIGHT,0.9747,1.5665,0.0893,0.0923,0.0875,0.0902,-0.0115,-0.1892,0.0044,0.0074,1.0234,-0.0472,1.5871,0.000221,-0.0001,0.0
24.95,FLIGHT,0.9752,1.5669,0.0873,0.0899,0.0856,0.0878,-0.0115,-0.1892,0.0043,0.0072,1.0227,-0.0473,1.5873,0.000221,-0.0,0.0
24.955,FLIGHT,0.9756,1.5674,0.0854,0.0876,0.0837,0.0856,-0.0114,-0.1891,0.0043,0.007,1.0219,-0.0475,1.5875,0.000221,-0.0,0.0
24.96,FLIGHT,0.976,1.5678,0.0835,0.0854,0.0818,0.0834,-0.0114,-0.1891,0.0042,0.0068,1.0211,-0.0477,1.5877,0.000221,-0.0,0.0
24.965,FLIGHT,0.9764,1.5682,0.0817,0.0832,0.08,0.0813,-0.0114,-0.1891,0.0042,0.0066,1.0203,-0.0478,1.5879,0.00022,-0.0,0.0
24.97,FLIGHT,0.9768,1.5686,0.0799,0.0811,0.0783,0.0792,-0.0114,-0.189,0.0041,0.0065,1.0195,-0.048,1.5881,0.00022,-0.0,0.0
24.975,FLIGHT,0.9772,1.569,0.0781,0.079,0.0765,0.0772,-0.0114,-0.189,0.0041,0.0063,1.0186,-0.0481,1.5883,0.00022,-0.0,0.0
24.98,FLIGHT,0.9776,1.5694,0.0764,0.077,0.0748,0.0752,-0.0113,-0.189,0.004,0.0061,1.0178,-0.0483,1.5885,0.00022,-0.0,0.0
24.985,FLIGHT,0.9779,1.5697,0.0747,0.0751,0.0732,0.0733,-0.0113,-0.1889,0.004,0.006,1.0169,-0.0484,1.5887,0.00022,-0.0,0.0
24.99,FLIGHT,0.9783,1.5701,0.073,0.0732,0.0716,0.0715,-0.0113,-0.1889,0.0039,0.0058,1.016,-0.0486,1.5888,0.000219,-0.0,0.0
24.995,FLIGHT,0.9787,1.5705,0.0714,0.0713,0.07,0.0697,-0.0113,-0.1889,0.0038,0.0057,1.0151,-0.0487,1.589,0.000219,-0.0,0.0
25.0,FLIGHT,0.979,1.5708,0.0698,0.0695,0.0684,0.068,-0.0113,-0.1888,0.0038,0.0055,1.0142,-0.0489,1.5892,0.000219,-0.0,0.0
25.005,FLIGHT,0.9793,1.5711,0.0683,0.0678,0.0669,0.0663,-0.0112,-0.1888,0.0037,0.0054,1.0132,-0.049,1.5893,0.000219,-0.0,0.0
25.01,FLIGHT,0.9797,1.5715,0.0668,0.0661,0.0654,0.0646,-0.0112,-0.1888,0.0037,0.0053,1.0123,-0.0491,1.5895,0.000219,-0.0,0.0
25.015,FLIGHT,0.98,1.5718,0.0653,0.0645,0.064,0.063,-0.0112,-0.1888,0.0036,0.0051,1.0113,-0.0493,1.5897,0.000219,-0.0,0.0
25.02,FLIGHT,0.9803,1.5721,0.0638,0.0629,0.0625,0.0615,-0.0112,-0.1887,0.0035,0.005,1.0103,-0.0494,1.5898,0.000218,-0.0,0.0
25.025,FLIGHT,0.9806,1.5724,0.0624,0.0613,0.0611,0.0599,-0.0112,-0.1887,0.0035,0.0049,1.0093,-0.0495,1.59,0.000218,-0.0,0.0
25.03,FLIGHT,0.9809,1.5727,0.061,0.0598,0.0598,0.0585,-0.0112,-0.1887,0.0034,0.0048,1.0083,-0.0497,1.5901,0.000218,-0.0,0.0
25.035,FLIGHT,0.9812,1.573,0.0596,0.0583,0.0584,0.0571,-0.0111,-0.1887,0.0034,0.0046,1.0073,-0.0498,1.5903,0.000218,-0.0,0.0
25.04,FLIGHT,0.9815,1.5733,0.0583,0.0569,0.0571,0.0557,-0.0111,-0.1887,0.0033,0.0045,1.0062,-0.0499,1.5904,0.000218,-0.0,0.0
25.045,FLIGHT,0.9818,1.5735,0.057,0.0555,0.0558,0.0543,-0.0111,-0.1886,0.0032,0.0044,1.0052,-0.05,1.5905,0.000218,-0.0,0.0
25.05,FLIGHT,0.9821,1.5738,0.0557,0.0542,0.0545,0.053,-0.0111,-0.1886,0.0032,0.0043,1.0041,-0.0502,1.5907,0.000218,-0.0,0.0
25.055,FLIGHT,0.9823,1.5741,0.0544,0.0529,0.0533,0.0517,-0.0111,-0.1886,0.0031,0.0042,1.003,-0.0503,1.5908,0.000218,-0.0,0.0
25.06,FLIGHT,0.9826,1.5743,0.0532,0.0516,0.0521,0.0505,-0.0111,-0.1886,0.003,0.0041,1.0019,-0.0504,1.5909,0.000217,-0.0,0.0
25.065,FLIGHT,0.9829,1.5746,0.0519,0.0504,0.0508,0.0493,-0.011,-0.1885,0.003,0.004,1.0008,-0.0505,1.5911,0.000217,-0.0,0.0
25.07,STANCE,0.9831,1.5748,0.0507,0.0492,0.0771,0.0853,-0.011,-0.1885,0.0029,0.0039,0.9997,0.1399,-0.0297,0.000217,-0.0233,0.0047
25.075,STANCE,0.9858,1.5755,0.444,0.0856,1.03,-0.1199,-0.0106,-0.1885,0.0721,0.0031,0.9988,-0.071,-0.6318,-0.000947,-0.3592,0.0728
25.08,STANCE,0.9924,1.5729,1.0454,-0.3497,1.0034,-0.5401,-0.009,-0.1888,0.245,-0.0407,0.9981,-0.558,-1.0533,-0.002843,-0.2633,0.0555
25.085,STANCE,0.9946,1.572,0.5874,-0.2199,0.1828,-0.0526,-0.0085,-0.1889,0.141,-0.0245,0.998,-0.6863,-1.655,-0.003362,-0.0067,0.0047
25.09,STANCE,0.996,1.5709,0.3921,-0.2422,0.4378,-0.4664,-0.0081,-0.189,0.1072,-0.0246,0.9983,-0.9263,-2.0802,-0.003208,0.055,0.0032
25.095,STANCE,0.9986,1.5654,0.4869,-0.9211,0.6376,-1.6399,-0.0068,-0.1895,0.2189,-0.0839,0.9983,-1.2767,-2.0368,-0.002733,0.1205,0.0027
25.1,STANCE,1.0032,1.5562,0.8021,-1.5889,0.8952,-2.6401,-0.0047,-0.1903,0.3731,-0.1398,0.9983,-1.6773,-1.764,-0.002709,-0.021,0.0069
25.105,STANCE,1.0085,1.5428,0.9791,-2.3324,1.0676,-2.5261,-0.0018,-0.1915,0.5147,-0.1954,0.9982,-1.94,-1.2344,-0.003135,-0.0748,0.0181
25.11,STANCE,1.0127,1.5288,0.866,-2.6333,0.7336,-2.7662,0.001,-0.1926,0.5402,-0.211,0.9982,-1.9248,-0.7405,-0.003185,-0.0107,0.0053
25.115,STANCE,1.0153,1.5139,0.6161,-2.8942,0.3598,-3.11,0.0036,-0.1938,0.5338,-0.2234,0.9981,-1.6809,-0.1701,-0.003437,-0.0868,0.0208
25.12,STANCE,1.016,1.4978,0.2706,-3.1088,-0.0244,-3.1933,0.0061,-0.195,0.5019,-0.2332,0.998,-1.2382,0.4144,-0.003829,-0.0887,0.0216
25.125,STANCE,1.015,1.482,-0.0496,-3.136,-0.2318,-2.9917,0.0082,-0.1962,0.4467,-0.2305,0.9979,-0.6962,0.8916,-0.004146,-0.0854,0.0212
25.13,STANCE,1.0131,1.4671,-0.2786,-3.022,-0.3965,-2.8397,0.01,-0.1973,0.3878,-0.2188,0.998,-0.1752,1.2251,-0.004405,-0.0611,0.0166
25.135,STANCE,1.011,1.4532,-0.3738,-2.8411,-0.3981,-2.6703,0.0116,-0.1983,0.3445,-0.2025,0.9981,0.1767,1.3932,-0.004584,-0.0195,0.0085
25.14,STANCE,1.0095,1.4405,-0.319,-2.6218,-0.2086,-2.4074,0.0132,-0.1992,0.3248,-0.1828,0.9983,0.2219,1.3744,-0.004661,-0.0133,0.0073
25.145,STANCE,1.0089,1.429,-0.1697,-2.3897,-0.0266,-2.1965,0.0148,-0.2,0.3218,-0.1614,0.9987,0.1636,1.3103,-0.004711,-0.0054,0.0058
25.15,FLIGHT,1.0087,1.4189,-0.0942,-2.1105,-0.2865,-1.5894,0.0162,-0.2007,0.2966,-0.1387,0.9992,-1.2205,2.5049,-0.004675,0.0369,0.0047
25.155,FLIGHT,1.0053,1.414,-0.5443,-1.2873,-1.0736,-0.4312,0.0163,-0.201,0.0832,-0.0923,1.0,-1.0628,2.3675,-0.004306,0.1066,0.0043
25.16,FLIGHT,0.9984,1.4141,-1.1426,-0.3487,-1.65,0.4381,0.0149,-0.2011,-0.1778,-0.0399,1.0011,-0.8015,2.152,-0.003653,0.1503,0.0037
25.165,FLIGHT,0.9892,1.4178,-1.6288,0.4189,-1.9826,0.9976,0.0125,-0.201,-0.3895,0.0081,1.0023,-0.5439,1.943,-0.002844,0.1697,0.0028
25.17,FLIGHT,0.9789,1.4236,-1.9259,0.9398,-2.1061,1.2975,0.0095,-0.2007,-0.5249,0.0475,1.0036,-0.3324,1.773,-0.001986,0.171,0.002
25.175,FLIGHT,0.9684,1.4305,-2.0419,1.2325,-2.0757,1.407,0.0064,-0.2003,-0.5889,0.0764,1.005,-0.1761,1.6489,-0.001153,0.1609,0.0012
25.18,FLIGHT,0.9583,1.4375,-2.0169,1.3489,-1.9448,1.391,0.0034,-0.1998,-0.5982,0.0945,1.0064,-0.0691,1.5655,-0.000388,0.1449,0.0004
25.185,FLIGHT,0.949,1.4442,-1.8954,1.3447,-1.755,1.3021,0.0006,-0.1993,-0.5707,0.1031,1.0077,-0.0013,1.5142,0.000271,0.1084,0.0
25.19,FLIGHT,0.9408,1.4505,-1.7157,1.2677,-1.5388,1.1773,-0.002,-0.1989,-0.5216,0.1042,1.009,0.038,1.4863,0.000688,0.0612,0.0
25.195,FLIGHT,0.9337,1.456,-1.5093,1.1527,-1.3195,1.0406,-0.0042,-0.1984,-0.4623,0.1,1.0103,0.0583,1.4739,0.000908,0.029,0.0
25.2,FLIGHT,0.9276,1.4609,-1.2974,1.0239,-1.1095,0.9073,-0.0061,-0.198,-0.4006,0.0927,1.0115,0.0664,1.4712,0.000998,0.0083,0.0
25.205,FLIGHT,0.9225,1.4651,-1.0928,0.8964,-0.9154,0.7857,-0.0076,-0.1976,-0.341,0.0838,1.0126,0.067,1.4742,0.001004,-0.0046,0.0009
25.21,FLIGHT,0.9184,1.4688,-0.9027,0.7789,-0.7402,0.6798,-0.009,-0.1972,-0.2863,0.0745,1.0137,0.0633,1.4803,0.000961,-0.012,0.0024
25.215,FLIGHT,0.9151,1.4719,-0.7305,0.6758,-0.5847,0.5904,-0.0101,-0.1969,-0.2374,0.0656,1.0148,0.0574,1.4878,0.00089,-0.0158,0.0032
25.22,FLIGHT,0.9125,1.4747,-0.5772,0.5883,-0.4484,0.5169,-0.0109,-0.1967,-0.1947,0.0574,1.0158,0.0504,1.4956,0.000807,-0.0171,0.0034
25.225,FLIGHT,0.9106,1.4771,-0.4425,0.5161,-0.3298,0.458,-0.0117,-0.1964,-0.1579,0.0503,1.0168,0.0433,1.5033,0.000722,-0.017,0.0034
25.23,FLIGHT,0.9092,1.4793,-0.3251,0.4579,-0.2274,0.4117,-0.0122,-0.1962,-0.1266,0.0443,1.0177,0.0364,1.5103,0.000639,-0.0159,0.0032
25.235,FLIGHT,0.9083,1.4812,-0.2237,0.4121,-0.1395,0.376,-0.0127,-0.196,-0.1003,0.0393,1.0186,0.0298,1.5167,0.000564,-0.0143,0.0029
25.24,FLIGHT,0.9078,1.4831,-0.1365,0.3768,-0.0643,0.3493,-0.013,-0.1959,-0.0783,0.0352,1.0195,0.0238,1.5225,0.000497,-0.0124,0.0025
25.245,FLIGHT,0.9076,1.4848,-0.0619,0.3502,-0.0002,0.3298,-0.0133,-0.1957,-0.0599,0.032,1.0204,0.0183,1.5275,0.00044,-0.0105,0.0021
25.25,FLIGHT,0.9078,1.4864,0.0017,0.3307,0.0541,0.316,-0.0135,-0.1956,-0.0448,0.0295,1.0212,0.0133,1.5319,0.000392,-0.0087,0.0017
25.255,FLIGHT,0.9082,1.4879,0.0556,0.3169,0.1,0.3068,-0.0136,-0.1954,-0.0323,0.0275,1.022,0.0089,1.5358,0.000353,-0.007,0.0014
25.26,FLIGHT,0.9088,1.4894,0.1012,0.3076,0.1386,0.301,-0.0137,-0.1953,-0.0222,0.0261,1.0228,0.0048,1.5392,0.000321,-0.0056,0.0011
25.265,FLIGHT,0.9095,1.4909,0.1395,0.3018,0.1708,0.2979,-0.0138,-0.1952,-0.0139,0.0251,1.0236,0.0012,1.5423,0.000296,-0.0044,0.0009
25.27,FLIGHT,0.9105,1.4924,0.1714,0.2987,0.1975,0.2968,-0.0138,-0.1951,-0.0072,0.0244,1.0243,-0.0021,1.5449,0.000277,-0.0034,0.0007
25.275,FLIGHT,0.9115,1.4939,0.198,0.2974,0.2195,0.297,-0.0138,-0.1949,-0.0019,0.0239,1.025,-0.0051,1.5473,0.000262,-0.0025,0.0005
25.28,FLIGHT,0.9126,1.4954,0.2198,0.2975,0.2375,0.2981,-0.0138,-0.1948,0.0023,0.0237,1.0257,-0.0078,1.5494,0.000251,-0.0019,0.0004
25.285,FLIGHT,0.9139,1.4969,0.2376,0.2985,0.2519,0.2997,-0.0137,-0.1947,0.0056,0.0235,1.0264,-0.0102,1.5512,0.000243,-0.0013,0.0003
25.29,FLIGHT,0.9152,1.4984,0.2519,0.3,0.2633,0.3016,-0.0137,-0.1946,0.0082,0.0235,1.027,-0.0124,1.5529,0.000238,-0.0009,0.0002
25.295,FLIGHT,0.9165,1.4999,0.2632,0.3018,0.2721,0.3035,-0.0136,-0.1945,0.0101,0.0235,1.0277,-0.0144,1.5545,0.000234,-0.0006,0.0001
25.3,FLIGHT,0.9179,1.5014,0.2719,0.3036,0.2787,0.3052,-0.0136,-0.1944,0.0115,0.0236,1.0283,-0.0163,1.5559,0.000232,-0.0003,0.0001
25.305,FLIGHT,0.9193,1.503,0.2784,0.3053,0.2834,0.3067,-0.0135,-0.1942,0.0126,0.0237,1.0289,-0.0179,1.5572,0.000231,-0.0002,0.0
25.31,FLIGHT,0.9207,1.5045,0.2831,0.3067,0.2864,0.3078,-0.0134,-0.1941,0.0132,0.0238,1.0294,-0.0195,1.5583,0.00023,-0.0,0.0
25.315,FLIGHT,0.9221,1.506,0.2861,0.3078,0.2881,0.3086,-0.0134,-0.194,0.0136,0.0238,1.03,-0.0209,1.5594,0.00023,0.0001,0.0
25.32,FLIGHT,0.9236,1.5076,0.2877,0.3085,0.2886,0.3089,-0.0133,-0.1939,0.0138,0.0239,1.0305,-0.0222,1.5605,0.000231,0.0001,0.0
25.325,FLIGHT,0.925,1.5091,0.2881,0.3087,0.2881,0.3087,-0.0132,-0.1938,0.0139,0.0239,1.031,-0.0234,1.5614,0.000232,0.0002,0.0
25.33,FLIGHT,0.9265,1.5107,0.2876,0.3085,0.2867,0.308,-0.0132,-0.1936,0.0137,0.0239,1.0315,-0.0246,1.5624,0.000232,0.0002,0.0
25.335,FLIGHT,0.9279,1.5122,0.2862,0.3078,0.2847,0.3069,-0.0131,-0.1935,0.0135,0.0239,1.0319,-0.0256,1.5632,0.000233,0.0002,0.0
25.34,FLIGHT,0.9293,1.5137,0.2842,0.3066,0.282,0.3054,-0.013,-0.1934,0.0133,0.0239,1.0323,-0.0266,1.5641,0.000234,0.0002,0.0
25.345,FLIGHT,0.9307,1.5153,0.2815,0.305,0.2789,0.3034,-0.013,-0.1933,0.0129,0.0238,1.0327,-0.0275,1.5648,0.000235,0.0002,0.0
25.35,FLIGHT,0.9321,1.5168,0.2784,0.303,0.2754,0.301,-0.0129,-0.1932,0.0126,0.0237,1.0331,-0.0284,1.5656,0.000236,0.0001,0.0
25.355,FLIGHT,0.9335,1.5183,0.2748,0.3006,0.2715,0.2982,-0.0128,-0.1931,0.0122,0.0235,1.0335,-0.0292,1.5663,0.000237,0.0001,0.0
25.36,FLIGHT,0.9348,1.5197,0.271,0.2978,0.2674,0.2951,-0.0128,-0.1929,0.0118,0.0233,1.0338,-0.0299,1.567,0.000237,0.0001,0.0
25.365,FLIGHT,0.9361,1.5212,0.2668,0.2947,0.263,0.2917,-0.0127,-0.1928,0.0114,0.0231,1.0341,-0.0306,1.5677,0.000238,0.0001,0.0
25.37,FLIGHT,0.9374,1.5227,0.2625,0.2912,0.2585,0.288,-0.0127,-0.1927,0.011,0.0229,1.0344,-0.0313,1.5684,0.000238,0.0001,0.0
25.375,FLIGHT,0.9387,1.5241,0.258,0.2875,0.2539,0.2841,-0.0126,-0.1926,0.0106,0.0226,1.0346,-0.032,1.569,0.000238,0.0,0.0
25.38,FLIGHT,0.94,1.5255,0.2534,0.2836,0.2492,0.2799,-0.0126,-0.1925,0.0102,0.0224,1.0349,-0.0326,1.5697,0.000238,0.0,0.0
25.385,FLIGHT,0.9412,1.5269,0.2487,0.2794,0.2445,0.2756,-0.0125,-0.1924,0.0099,0.0221,1.0351,-0.0332,1.5703,0.000239,0.0,0.0
25.39,FLIGHT,0.9424,1.5283,0.2439,0.2751,0.2397,0.2711,-0.0125,-0.1923,0.0095,0.0217,1.0353,-0.0337,1.5709,0.000239,-0.0,0.0
25.395,FLIGHT,0.9436,1.5296,0.2392,0.2705,0.2349,0.2664,-0.0124,-0.1922,0.0092,0.0214,1.0354,-0.0342,1.5714,0.000238,-0.0,0.0
25.4,FLIGHT,0.9448,1.5309,0.2344,0.2659,0.2301,0.2616,-0.0124,-0.1921,0.0089,0.0211,1.0356,-0.0348,1.572,0.000238,-0.0,0.0
25.405,FLIGHT,0.9459,1.5322,0.2296,0.2611,0.2253,0.2568,-0.0123,-0.192,0.0086,0.0207,1.0357,-0.0352,1.5726,0.000238,-0.0,0.0
25.41,FLIGHT,0.947,1.5335,0.2248,0.2562,0.2205,0.2518,-0.0123,-0.1918,0.0083,0.0204,1.0358,-0.0357,1.5731,0.000238,-0.0001,0.0
25.415,FLIGHT,0.9481,1.5347,0.2201,0.2513,0.2158,0.2469,-0.0123,-0.1918,0.0081,0.02,1.0358,-0.0362,1.5736,0.000238,-0.0001,0.0
25.42,FLIGHT,0.9492,1.536,0.2154,0.2463,0.2112,0.2418,-0.0122,-0.1917,0.0078,0.0196,1.0359,-0.0366,1.5741,0.000237,-0.0001,0.0
25.425,FLIGHT,0.9502,1.5372,0.2107,0.2413,0.2066,0.2368,-0.0122,-0.1916,0.0076,0.0192,1.0359,-0.037,1.5746,0.000237,-0.0001,0.0
25.43,FLIGHT,0.9513,1.5383,0.2062,0.2363,0.2021,0.2317,-0.0121,-0.1915,0.0074,0.0188,1.0359,-0.0374,1.5751,0.000236,-0.0001,0.0
25.435,FLIGHT,0.9523,1.5395,0.2016,0.2312,0.1976,0.2267,-0.0121,-0.1914,0.0072,0.0184,1.0359,-0.0378,1.5756,0.000236,-0.0001,0.0
25.44,FLIGHT,0.9532,1.5406,0.1972,0.2262,0.1933,0.2217,-0.0121,-0.1913,0.007,0.0181,1.0358,-0.0382,1.5761,0.000236,-0.0001,0.0
25.445,FLIGHT,0.9542,1.5417,0.1928,0.2212,0.189,0.2167,-0.012,-0.1912,0.0069,0.0177,1.0357,-0.0386,1.5765,0.000235,-0.0001,0.0
25.45,FLIGHT,0.9551,1.5428,0.1886,0.2162,0.1848,0.2117,-0.012,-0.1911,0.0067,0.0173,1.0356,-0.039,1.577,0.000235,-0.0001,0.0
25.455,FLIGHT,0.956,1.5438,0.1844,0.2112,0.1806,0.2068,-0.012,-0.191,0.0066,0.0169,1.0355,-0.0393,1.5774,0.000234,-0.0001,0.0
25.46,FLIGHT,0.9569,1.5448,0.1802,0.2063,0.1766,0.202,-0.0119,-0.1909,0.0064,0.0165,1.0354,-0.0397,1.5779,0.000234,-0.0001,0.0
25.465,FLIGHT,0.9578,1.5458,0.1762,0.2015,0.1726,0.1972,-0.0119,-0.1909,0.0063,0.0161,1.0352,-0.04,1.5783,0.000233,-0.0001,0.0
25.47,FLIGHT,0.9586,1.5468,0.1722,0.1967,0.1687,0.1924,-0.0119,-0.1908,0.0062,0.0157,1.035,-0.0403,1.5787,0.000233,-0.0001,0.0
25.475,FLIGHT,0.9595,1.5478,0.1683,0.192,0.1649,0.1878,-0.0118,-0.1907,0.0061,0.0154,1.0348,-0.0406,1.5791,0.000232,-0.0001,0.0
25.48,FLIGHT,0.9603,1.5487,0.1645,0.1873,0.1612,0.1832,-0.0118,-0.1906,0.006,0.015,1.0346,-0.0409,1.5795,0.000232,-0.0001,0.0
25.485,FLIGHT,0.9611,1.5496,0.1608,0.1828,0.1575,0.1787,-0.0118,-0.1906,0.0059,0.0146,1.0343,-0.0412,1.5799,0.000231,-0.0001,0.0
25.49,FLIGHT,0.9619,1.5505,0.1572,0.1783,0.154,0.1743,-0.0118,-0.1905,0.0058,0.0143,1.034,-0.0415,1.5802,0.000231,-0.0001,0.0
25.495,FLIGHT,0.9626,1.5513,0.1536,0.1739,0.1505,0.1699,-0.0117,-0.1904,0.0057,0.0139,1.0337,-0.0418,1.5806,0.00023,-0.0001,0.0
25.5,FLIGHT,0.9634,1.5522,0.1502,0.1695,0.1471,0.1657,-0.0117,-0.1904,0.0056,0.0136,1.0334,-0.0421,1.581,0.00023,-0.0001,0.0
25.505,FLIGHT,0.9641,1.553,0.1468,0.1653,0.1437,0.1615,-0.0117,-0.1903,0.0055,0.0133,1.0331,-0.0423,1.5813,0.000229,-0.0001,0.0
25.51,FLIGHT,0.9648,1.5538,0.1434,0.1611,0.1405,0.1574,-0.0116,-0.1902,0.0054,0.0129,1.0327,-0.0426,1.5817,0.000229,-0.0001,0.0
25.515,FLIGHT,0.9655,1.5546,0.1402,0.157,0.1373,0.1534,-0.0116,-0.1902,0.0054,0.0126,1.0323,-0.0429,1.582,0.000228,-0.0001,0.0
25.52,FLIGHT,0.9662,1.5553,0.137,0.1531,0.1342,0.1495,-0.0116,-0.1901,0.0053,0.0123,1.0319,-0.0431,1.5823,0.000228,-0.0001,0.0
25.525,FLIGHT,0.9669,1.5561,0.1339,0.1492,0.1312,0.1457,-0.0116,-0.19,0.0052,0.012,1.0315,-0.0434,1.5826,0.000227,-0.0001,0.0
25.53,FLIGHT,0.9675,1.5568,0.1309,0.1453,0.1282,0.142,-0.0115,-0.19,0.0052,0.0117,1.0311,-0.0436,1.5829,0.000227,-0.0001,0.0
25.535,FLIGHT,0.9681,1.5575,0.1279,0.1416,0.1253,0.1383,-0.0115,-0.1899,0.0051,0.0114,1.0306,-0.0438,1.5833,0.000227,-0.0001,0.0
25.54,FLIGHT,0.9688,1.5582,0.125,0.138,0.1225,0.1348,-0.0115,-0.1899,0.005,0.0111,1.0301,-0.0441,1.5835,0.000226,-0.0001,0.0
25.545,FLIGHT,0.9694,1.5588,0.1222,0.1344,0.1197,0.1313,-0.0115,-0.1898,0.005,0.0108,1.0296,-0.0443,1.5838,0.000226,-0.0001,0.0
25.55,FLIGHT,0.97,1.5595,0.1195,0.131,0.117,0.1279,-0.0114,-0.1898,0.0049,0.0105,1.0291,-0.0445,1.5841,0.000225,-0.0001,0.0
25.555,FLIGHT,0.9705,1.5601,0.1168,0.1276,0.1144,0.1246,-0.0114,-0.1897,0.0049,0.0102,1.0286,-0.0447,1.5844,0.000225,-0.0001,0.0
25.56,FLIGHT,0.9711,1.5607,0.1142,0.1243,0.1118,0.1214,-0.0114,-0.1897,0.0048,0.01,1.028,-0.045,1.5847,0.000225,-0.0001,0.0
25.565,FLIGHT,0.9716,1.5613,0.1116,0.1211,0.1093,0.1182,-0.0114,-0.1896,0.0048,0.0097,1.0274,-0.0452,1.5849,0.000224,-0.0001,0.0
25.57,FLIGHT,0.9722,1.5619,0.1091,0.118,0.1069,0.1152,-0.0113,-0.1896,0.0047,0.0095,1.0268,-0.0454,1.5852,0.000224,-0.0001,0.0
25.575,FLIGHT,0.9727,1.5625,0.1066,0.1149,0.1045,0.1122,-0.0113,-0.1895,0.0046,0.0092,1.0262,-0.0456,1.5854,0.000224,-0.0001,0.0
25.58,FLIGHT,0.9732,1.563,0.1042,0.1119,0.1021,0.1093,-0.0113,-0.1895,0.0046,0.009,1.0256,-0.0458,1.5857,0.000223,-0.0001,0.0
25.585,FLIGHT,0.9737,1.5636,0.1019,0.109,0.0998,0.1065,-0.0113,-0.1894,0.0045,0.0087,1.0249,-0.046,1.5859,0.000223,-0.0001,0.0
25.59,FLIGHT,0.9742,1.5641,0.0996,0.1062,0.0976,0.1037,-0.0113,-0.1894,0.0045,0.0085,1.0242,-0.0461,1.5862,0.000223,-0.0001,0.0
25.595,FLIGHT,0.9747,1.5646,0.0974,0.1035,0.0954,0.101,-0.0112,-0.1894,0.0044,0.0083,1.0235,-0.0463,1.5864,0.000222,-0.0001,0.0
25.6,FLIGHT,0.9752,1.5651,0.0952,0.1008,0.0932,0.0984,-0.0112,-0.1893,0.0044,0.0081,1.0228,-0.0465,1.5866,0.000222,-0.0001,0.0
25.605,FLIGHT,0.9756,1.5656,0.093,0.0982,0.0912,0.0959,-0.0112,-0.1893,0.0043,0.0079,1.0221,-0.0467,1.5869,0.000222,-0.0001,0.0
25.61,FLIGHT,0.9761,1.5661,0.091,0.0957,0.0891,0.0934,-0.0112,-0.1892,0.0043,0.0077,1.0213,-0.0469,1.5871,0.000221,-0.0001,0.0
25.615,FLIGHT,0.9765,1.5665,0.0889,0.0932,0.0871,0.091,-0.0112,-0.1892,0.0042,0.0075,1.0206,-0.047,1.5873,0.000221,-0.0001,0.0
25.62,FLIGHT,0.977,1.567,0.0869,0.0908,0.0852,0.0887,-0.0111,-0.1892,0.0041,0.0073,1.0198,-0.0472,1.5875,0.000221,-0.0001,0.0
25.625,FLIGHT,0.9774,1.5674,0.085,0.0885,0.0833,0.0864,-0.0111,-0.1891,0.0041,0.0071,1.019,-0.0474,1.5877,0.000221,-0.0,0.0
25.63,FLIGHT,0.9778,1.5678,0.0831,0.0862,0.0814,0.0842,-0.0111,-0.1891,0.004,0.0069,1.0182,-0.0475,1.5879,0.00022,-0.0,0.0
25.635,FLIGHT,0.9782,1.5682,0.0812,0.084,0.0796,0.082,-0.0111,-0.1891,0.004,0.0067,1.0174,-0.0477,1.5881,0.00022,-0.0,0.0
25.64,FLIGHT,0.9786,1.5687,0.0794,0.0818,0.0778,0.08,-0.0111,-0.189,0.0039,0.0065,1.0165,-0.0478,1.5883,0.00022,-0.0,0.0
25.645,FLIGHT,0.979,1.569,0.0776,0.0798,0.076,0.0779,-0.011,-0.189,0.0039,0.0064,1.0157,-0.048,1.5885,0.00022,-0.0,0.0
25.65,FLIGHT,0.9794,1.5694,0.0759,0.0777,0.0743,0.0759,-0.011,-0.189,0.0038,0.0062,1.0148,-0.0482,1.5886,0.00022,-0.0,0.0
25.655,FLIGHT,0.9797,1.5698,0.0741,0.0758,0.0726,0.074,-0.011,-0.1889,0.0037,0.0061,1.0139,-0.0483,1.5888,0.000219,-0.0,0.0
25.66,FLIGHT,0.9801,1.5702,0.0725,0.0738,0.071,0.0722,-0.011,-0.1889,0.0037,0.0059,1.013,-0.0485,1.589,0.000219,-0.0,0.0
25.665,FLIGHT,0.9804,1.5705,0.0708,0.072,0.0694,0.0703,-0.011,-0.1889,0.0036,0.0058,1.012,-0.0486,1.5892,0.000219,-0.0,0.0
25.67,FLIGHT,0.9808,1.5709,0.0692,0.0702,0.0678,0.0686,-0.0109,-0.1889,0.0036,0.0056,1.0111,-0.0487,1.5893,0.000219,-0.0,0.0
25.675,FLIGHT,0.9811,1.5712,0.0677,0.0684,0.0663,0.0669,-0.0109,-0.1888,0.0035,0.0055,1.0101,-0.0489,1.5895,0.000219,-0.0,0.0
25.68,FLIGHT,0.9814,1.5715,0.0661,0.0667,0.0648,0.0652,-0.0109,-0.1888,0.0035,0.0053,1.0092,-0.049,1.5897,0.000218,-0.0,0.0
25.685,FLIGHT,0.9818,1.5719,0.0646,0.065,0.0633,0.0636,-0.0109,-0.1888,0.0034,0.0052,1.0082,-0.0492,1.5898,0.000218,-0.0,0.0
25.69,FLIGHT,0.9821,1.5722,0.0631,0.0634,0.0618,0.062,-0.0109,-0.1888,0.0033,0.0051,1.0072,-0.0493,1.59,0.000218,-0.0,0.0
25.695,FLIGHT,0.9824,1.5725,0.0617,0.0619,0.0604,0.0605,-0.0109,-0.1887,0.0033,0.0049,1.0062,-0.0494,1.5901,0.000218,-0.0,0.0
25.7,FLIGHT,0.9827,1.5728,0.0603,0.0603,0.059,0.059,-0.0108,-0.1887,0.0032,0.0048,1.0051,-0.0496,1.5903,0.000218,-0.0,0.0
25.705,FLIGHT,0.983,1.5731,0.0589,0.0588,0.0577,0.0575,-0.0108,-0.1887,0.0031,0.0047,1.0041,-0.0497,1.5904,0.000218,-0.0,0.0
25.71,FLIGHT,0.9833,1.5734,0.0575,0.0574,0.0563,0.0561,-0.0108,-0.1887,0.0031,0.0046,1.003,-0.0498,1.5906,0.000218,-0.0,0.0
25.715,FLIGHT,0.9835,1.5736,0.0562,0.056,0.055,0.0548,-0.0108,-0.1886,0.003,0.0045,1.0019,-0.0499,1.5907,0.000217,-0.0,0.0
25.72,FLIGHT,0.9838,1.5739,0.0549,0.0547,0.0537,0.0535,-0.0108,-0.1886,0.003,0.0044,1.0009,-0.0501,1.5909,0.000217,-0.0,0.0
25.725,FLIGHT,0.9841,1.5742,0.0536,0.0533,0.0525,0.0522,-0.0108,-0.1886,0.0029,0.0043,0.9998,-0.0502,1.591,0.000217,-0.0,0.0
25.73,STANCE,0.9862,1.5753,0.3491,0.1593,0.865,0.0443,-0.0105,-0.1885,0.0442,0.0108,0.9989,-0.0096,-0.537,-0.00077,-0.3313,0.067
25.735,STANCE,0.9924,1.5733,1.003,-0.2673,1.4769,-0.7832,-0.0091,-0.1888,0.2258,-0.033,0.9982,-0.4883,-0.967,-0.002647,-0.3728,0.0772
25.74,STANCE,0.9956,1.5717,0.6812,-0.2536,0.204,-0.0406,-0.0083,-0.1889,0.1634,-0.0282,0.998,-0.67,-1.5317,-0.00341,-0.0207,0.0076
25.745,STANCE,0.9967,1.571,0.3868,-0.1948,0.3551,-0.349,-0.008,-0.189,0.0998,-0.0203,0.9982,-0.8719,-2.0186,-0.003272,0.058,0.0033
25.75,STANCE,0.9992,1.5668,0.4673,-0.7278,0.3965,-1.9616,-0.0069,-0.1894,0.1885,-0.067,0.9983,-1.2207,-2.0793,-0.002835,0.17,0.0028
25.755,STANCE,1.0029,1.5581,0.6882,-1.3872,1.038,-1.7899,-0.005,-0.1902,0.323,-0.1226,0.9984,-1.5912,-1.8576,-0.002418,-0.0672,0.0159
25.76,STANCE,1.0077,1.5453,0.865,-2.2591,1.0834,-2.8461,-0.0023,-0.1913,0.4818,-0.1906,0.9983,-1.871,-1.3204,-0.002938,-0.185,0.0399
25.765,STANCE,1.0123,1.5311,0.8744,-2.6717,0.8909,-2.6347,0.0006,-0.1924,0.5465,-0.2154,0.9982,-1.9434,-0.8015,-0.00354,-0.0959,0.0227
25.77,STANCE,1.015,1.5161,0.6201,-2.9051,0.3122,-3.1196,0.0032,-0.1936,0.5354,-0.2255,0.9981,-1.7302,-0.2565,-0.003587,0.0436,0.0036
25.775,STANCE,1.0165,1.5015,0.3836,-2.921,-0.0196,-3.1439,0.0056,-0.1947,0.496,-0.2198,0.9981,-1.3573,0.2393,-0.003701,-0.0101,0.0057
25.78,STANCE,1.0157,1.4859,-0.0041,-3.0525,-0.2447,-3.0102,0.0077,-0.1959,0.4428,-0.2255,0.998,-0.8018,0.7669,-0.004039,-0.1294,0.0299
25.785,STANCE,1.0135,1.4706,-0.3005,-3.0557,-0.3433,-2.8153,0.0095,-0.1971,0.3878,-0.2227,0.9979,-0.2468,1.1698,-0.004398,-0.0728,0.019
25.79,STANCE,1.0116,1.4567,-0.3658,-2.8569,-0.3958,-2.6962,0.0112,-0.1981,0.3479,-0.2046,0.9979,0.1273,1.3627,-0.004608,-0.0207,0.0088
25.795,STANCE,1.0099,1.4438,-0.3264,-2.6533,-0.2294,-2.4501,0.0128,-0.199,0.3275,-0.186,0.9981,0.2237,1.3787,-0.004677,-0.0106,0.0068
25.8,STANCE,1.0093,1.4322,-0.1848,-2.4263,-0.0438,-2.2325,0.0144,-0.1998,0.3238,-0.165,0.9984,0.1687,1.3171,-0.004717,-0.0039,0.0055
25.805,FLIGHT,1.009,1.4219,-0.1076,-2.1456,-0.2922,-1.6277,0.0158,-0.2005,0.2988,-0.142,0.9988,-1.1925,2.4861,-0.004676,0.0369,0.0047
25.81,FLIGHT,1.0056,1.4167,-0.5446,-1.3307,-1.0599,-0.4843,0.0159,-0.2009,0.0895,-0.0954,0.9996,-1.0388,2.3516,-0.004311,0.105,0.0043
25.815,FLIGHT,0.9988,1.4165,-1.1275,-0.4028,-1.622,0.3753,0.0146,-0.201,-0.1666,-0.0431,1.0005,-0.7835,2.1406,-0.003669,0.1478,0.0037
25.82,FLIGHT,0.9898,1.4199,-1.6013,0.3571,-1.9459,0.9308,0.0123,-0.2009,-0.3745,0.0046,1.0017,-0.5316,1.9357,-0.002873,0.1669,0.0029
25.825,FLIGHT,0.9797,1.4254,-1.8903,0.8746,-2.0654,1.2312,0.0094,-0.2006,-0.5078,0.0436,1.0029,-0.3246,1.7692,-0.00203,0.1682,0.002
25.83,FLIGHT,0.9694,1.4319,-2.0025,1.168,-2.0343,1.3445,0.0064,-0.2002,-0.5713,0.0721,1.0042,-0.1715,1.6475,-0.00121,0.1584,0.0012
25.835,FLIGHT,0.9595,1.4386,-1.9765,1.2879,-1.9048,1.3342,0.0035,-0.1998,-0.5811,0.09,1.0055,-0.0667,1.5656,-0.000455,0.1429,0.0005
25.84,FLIGHT,0.9504,1.4451,-1.8564,1.289,-1.7179,1.2517,0.0007,-0.1993,-0.5549,0.0984,1.0068,-0.0001,1.5153,0.000201,0.1099,0.0
25.845,FLIGHT,0.9424,1.4511,-1.6791,1.2182,-1.5048,1.1336,-0.0017,-0.1988,-0.5073,0.0997,1.008,0.0385,1.4878,0.000626,0.0629,0.0
25.85,FLIGHT,0.9354,1.4564,-1.4757,1.1097,-1.2888,1.0033,-0.0039,-0.1984,-0.4496,0.0958,1.0092,0.0584,1.4756,0.000855,0.0307,0.0
25.855,FLIGHT,0.9295,1.4611,-1.267,0.987,-1.0819,0.8759,-0.0057,-0.1979,-0.3895,0.0888,1.0103,0.0662,1.4729,0.000952,0.0098,0.0
25.86,FLIGHT,0.9245,1.4652,-1.0655,0.8653,-0.8908,0.7596,-0.0073,-0.1976,-0.3315,0.0804,1.0114,0.0668,1.4758,0.000966,-0.0032,0.0006
25.865,FLIGHT,0.9205,1.4688,-0.8784,0.7531,-0.7184,0.6583,-0.0086,-0.1972,-0.278,0.0715,1.0125,0.0631,1.4818,0.000929,-0.0108,0.0022
25.87,FLIGHT,0.9173,1.4718,-0.7088,0.6545,-0.5654,0.573,-0.0096,-0.197,-0.2303,0.063,1.0135,0.0572,1.4891,0.000863,-0.0148,0.003
25.875,FLIGHT,0.9148,1.4745,-0.558,0.571,-0.4312,0.503,-0.0105,-0.1967,-0.1886,0.0553,1.0144,0.0503,1.4968,0.000785,-0.0163,0.0033
25.88,FLIGHT,0.913,1.4769,-0.4254,0.5023,-0.3146,0.447,-0.0112,-0.1965,-0.1528,0.0485,1.0154,0.0433,1.5043,0.000703,-0.0162,0.0032
25.885,FLIGHT,0.9117,1.479,-0.31,0.4471,-0.2139,0.4032,-0.0117,-0.1963,-0.1223,0.0428,1.0163,0.0364,1.5112,0.000624,-0.0153,0.0031
25.89,FLIGHT,0.9108,1.4809,-0.2102,0.4037,-0.1274,0.3697,-0.0121,-0.1961,-0.0966,0.0381,1.0171,0.0299,1.5175,0.000552,-0.0137,0.0027
25.895,FLIGHT,0.9104,1.4827,-0.1245,0.3705,-0.0535,0.3447,-0.0125,-0.1959,-0.0752,0.0343,1.018,0.0239,1.5231,0.000487,-0.012,0.0024
25.9,FLIGHT,0.9103,1.4844,-0.0511,0.3456,0.0094,0.3266,-0.0127,-0.1958,-0.0573,0.0312,1.0188,0.0185,1.5281,0.000432,-0.0101,0.002
25.905,FLIGHT,0.9104,1.486,0.0113,0.3276,0.0628,0.3141,-0.0129,-0.1956,-0.0426,0.0289,1.0196,0.0135,1.5324,0.000386,-0.0084,0.0017
25.91,FLIGHT,0.9109,1.4875,0.0642,0.315,0.1077,0.3058,-0.013,-0.1955,-0.0305,0.0272,1.0203,0.0091,1.5363,0.000348,-0.0068,0.0014
25.915,FLIGHT,0.9115,1.4891,0.1089,0.3067,0.1455,0.3009,-0.0131,-0.1954,-0.0206,0.0259,1.0211,0.0051,1.5396,0.000318,-0.0054,0.0011
25.92,FLIGHT,0.9123,1.4906,0.1464,0.3018,0.177,0.2985,-0.0132,-0.1953,-0.0126,0.025,1.0218,0.0015,1.5426,0.000294,-0.0042,0.0008
25.925,FLIGHT,0.9133,1.492,0.1777,0.2992,0.2032,0.2979,-0.0132,-0.1951,-0.0062,0.0243,1.0225,-0.0018,1.5452,0.000275,-0.0032,0.0006
25.93,FLIGHT,0.9143,1.4935,0.2036,0.2985,0.2246,0.2985,-0.0132,-0.195,-0.001,0.024,1.0231,-0.0048,1.5475,0.000261,-0.0024,0.0005
25.935,FLIGHT,0.9155,1.495,0.2249,0.2991,0.2421,0.3,-0.0132,-0.1949,0.003,0.0237,1.0238,-0.0074,1.5496,0.00025,-0.0018,0.0004
25.94,FLIGHT,0.9168,1.4965,0.2422,0.3004,0.2561,0.3018,-0.0131,-0.1948,0.0062,0.0237,1.0244,-0.0099,1.5515,0.000243,-0.0013,0.0003
25.945,FLIGHT,0.9181,1.4981,0.2561,0.3022,0.2671,0.3039,-0.0131,-0.1947,0.0086,0.0237,1.025,-0.0121,1.5531,0.000238,-0.0009,0.0002
25.95,FLIGHT,0.9194,1.4996,0.267,0.3042,0.2756,0.306,-0.013,-0.1945,0.0105,0.0237,1.0256,-0.0141,1.5547,0.000234,-0.0006,0.0001
25.955,FLIGHT,0.9208,1.5011,0.2754,0.3062,0.2819,0.3079,-0.013,-0.1944,0.0118,0.0238,1.0262,-0.0159,1.556,0.000232,-0.0003,0.0001
25.96,FLIGHT,0.9222,1.5027,0.2816,0.3079,0.2863,0.3094,-0.0129,-0.1943,0.0127,0.0239,1.0267,-0.0176,1.5573,0.000231,-0.0001,0.0
25.965,FLIGHT,0.9237,1.5042,0.2859,0.3094,0.2891,0.3106,-0.0128,-0.1942,0.0133,0.024,1.0272,-0.0191,1.5585,0.00023,-0.0,0.0
25.97,FLIGHT,0.9251,1.5058,0.2887,0.3106,0.2905,0.3114,-0.0127,-0.1941,0.0137,0.0241,1.0277,-0.0206,1.5596,0.00023,0.0001,0.0
25.975,FLIGHT,0.9266,1.5073,0.2901,0.3113,0.2908,0.3117,-0.0127,-0.1939,0.0138,0.0242,1.0282,-0.0219,1.5606,0.000231,0.0001,0.0
25.98,FLIGHT,0.928,1.5089,0.2903,0.3115,0.2901,0.3115,-0.0126,-0.1938,0.0138,0.0242,1.0287,-0.0231,1.5616,0.000232,0.0002,0.0
25.985,FLIGHT,0.9295,1.5104,0.2896,0.3112,0.2886,0.3108,-0.0125,-0.1937,0.0137,0.0242,1.0291,-0.0242,1.5625,0.000232,0.0002,0.0
25.99,FLIGHT,0.9309,1.512,0.2881,0.3105,0.2864,0.3097,-0.0125,-0.1936,0.0135,0.0242,1.0295,-0.0253,1.5634,0.000233,0.0002,0.0
25.995,FLIGHT,0.9323,1.5135,0.2859,0.3093,0.2836,0.3081,-0.0124,-0.1935,0.0132,0.0241,1.0299,-0.0262,1.5642,0.000234,0.0002,0.0
26.0,FLIGHT,0.9338,1.5151,0.2831,0.3077,0.2803,0.306,-0.0123,-0.1933,0.0128,0.024,1.0303,-0.0272,1.565,0.000235,0.0002,0.0
26.005,FLIGHT,0.9352,1.5166,0.2798,0.3056,0.2767,0.3036,-0.0123,-0.1932,0.0124,0.0239,1.0306,-0.028,1.5658,0.000236,0.0001,0.0
26.01,FLIGHT,0.9365,1.5181,0.2761,0.3032,0.2727,0.3008,-0.0122,-0.1931,0.012,0.0238,1.0309,-0.0288,1.5665,0.000236,0.0001,0.0
26.015,FLIGHT,0.9379,1.5196,0.2721,0.3003,0.2685,0.2976,-0.0122,-0.193,0.0116,0.0236,1.0312,-0.0296,1.5672,0.000237,0.0001,0.0
26.02,FLIGHT,0.9392,1.5211,0.2679,0.2971,0.264,0.2941,-0.0121,-0.1929,0.0112,0.0234,1.0315,-0.0303,1.5679,0.000238,0.0001,0.0
26.025,FLIGHT,0.9405,1.5225,0.2635,0.2937,0.2594,0.2904,-0.0121,-0.1928,0.0108,0.0231,1.0317,-0.031,1.5686,0.000238,0.0001,0.0
26.03,FLIGHT,0.9418,1.524,0.2589,0.2899,0.2547,0.2864,-0.012,-0.1926,0.0104,0.0229,1.0319,-0.0316,1.5692,0.000238,0.0,0.0
26.035,FLIGHT,0.9431,1.5254,0.2542,0.2859,0.25,0.2822,-0.012,-0.1925,0.01,0.0226,1.0321,-0.0322,1.5698,0.000238,0.0,0.0
26.04,FLIGHT,0.9443,1.5268,0.2494,0.2816,0.2451,0.2778,-0.0119,-0.1924,0.0097,0.0223,1.0323,-0.0328,1.5705,0.000238,0.0,0.0
26.045,FLIGHT,0.9455,1.5282,0.2446,0.2772,0.2402,0.2732,-0.0119,-0.1923,0.0093,0.022,1.0324,-0.0334,1.571,0.000238,-0.0,0.0
26.05,FLIGHT,0.9467,1.5295,0.2397,0.2726,0.2354,0.2685,-0.0118,-0.1922,0.009,0.0216,1.0326,-0.0339,1.5716,0.000238,-0.0,0.0
26.055,FLIGHT,0.9479,1.5309,0.2349,0.2679,0.2305,0.2636,-0.0118,-0.1921,0.0087,0.0213,1.0327,-0.0344,1.5722,0.000238,-0.0,0.0
26.06,FLIGHT,0.949,1.5322,0.23,0.2631,0.2257,0.2587,-0.0117,-0.192,0.0084,0.0209,1.0327,-0.0349,1.5728,0.000238,-0.0,0.0
26.065,FLIGHT,0.9501,1.5334,0.2252,0.2582,0.2209,0.2537,-0.0117,-0.1919,0.0081,0.0205,1.0328,-0.0354,1.5733,0.000238,-0.0001,0.0
26.07,FLIGHT,0.9512,1.5347,0.2204,0.2532,0.2161,0.2487,-0.0117,-0.1918,0.0078,0.0202,1.0328,-0.0359,1.5738,0.000237,-0.0001,0.0
26.075,FLIGHT,0.9523,1.5359,0.2156,0.2481,0.2114,0.2436,-0.0116,-0.1917,0.0076,0.0198,1.0328,-0.0363,1.5743,0.000237,-0.0001,0.0
26.08,FLIGHT,0.9533,1.5371,0.2109,0.2431,0.2068,0.2385,-0.0116,-0.1916,0.0074,0.0194,1.0328,-0.0367,1.5749,0.000237,-0.0001,0.0
26.085,FLIGHT,0.9544,1.5383,0.2063,0.238,0.2022,0.2334,-0.0115,-0.1915,0.0071,0.019,1.0328,-0.0371,1.5753,0.000236,-0.0001,0.0
26.09,FLIGHT,0.9554,1.5395,0.2017,0.2329,0.1977,0.2283,-0.0115,-0.1914,0.0069,0.0186,1.0327,-0.0375,1.5758,0.000236,-0.0001,0.0
26.095,FLIGHT,0.9563,1.5406,0.1973,0.2278,0.1933,0.2232,-0.0115,-0.1913,0.0068,0.0182,1.0326,-0.0379,1.5763,0.000235,-0.0001,0.0
26.1,FLIGHT,0.9573,1.5417,0.1928,0.2227,0.1889,0.2182,-0.0114,-0.1912,0.0066,0.0178,1.0325,-0.0383,1.5768,0.000235,-0.0001,0.0
26.105,FLIGHT,0.9582,1.5428,0.1885,0.2177,0.1847,0.2132,-0.0114,-0.1911,0.0064,0.0174,1.0324,-0.0387,1.5772,0.000234,-0.0001,0.0
26.11,FLIGHT,0.9591,1.5438,0.1843,0.2127,0.1805,0.2083,-0.0114,-0.1911,0.0063,0.017,1.0322,-0.039,1.5777,0.000234,-0.0001,0.0
26.115,FLIGHT,0.96,1.5449,0.1801,0.2078,0.1764,0.2034,-0.0114,-0.191,0.0062,0.0167,1.032,-0.0394,1.5781,0.000233,-0.0001,0.0
26.12,FLIGHT,0.9609,1.5459,0.176,0.2029,0.1724,0.1985,-0.0113,-0.1909,0.006,0.0163,1.0318,-0.0397,1.5785,0.000233,-0.0001,0.0
26.125,FLIGHT,0.9617,1.5469,0.172,0.1981,0.1684,0.1938,-0.0113,-0.1908,0.0059,0.0159,1.0316,-0.04,1.5789,0.000232,-0.0001,0.0
26.13,FLIGHT,0.9626,1.5478,0.1681,0.1933,0.1646,0.1891,-0.0113,-0.1907,0.0058,0.0155,1.0314,-0.0404,1.5793,0.000232,-0.0001,0.0
26.135,FLIGHT,0.9634,1.5487,0.1642,0.1886,0.1608,0.1845,-0.0112,-0.1907,0.0057,0.0151,1.0311,-0.0407,1.5797,0.000231,-0.0001,0.0
26.14,FLIGHT,0.9642,1.5497,0.1605,0.184,0.1571,0.1799,-0.0112,-0.1906,0.0056,0.0148,1.0308,-0.041,1.5801,0.000231,-0.0001,0.0
26.145,FLIGHT,0.965,1.5505,0.1568,0.1795,0.1535,0.1755,-0.0112,-0.1905,0.0055,0.0144,1.0305,-0.0413,1.5805,0.00023,-0.0001,0.0
26.15,FLIGHT,0.9657,1.5514,0.1532,0.175,0.15,0.1711,-0.0112,-0.1905,0.0054,0.0141,1.0302,-0.0415,1.5809,0.00023,-0.0001,0.0
26.155,FLIGHT,0.9665,1.5523,0.1497,0.1707,0.1466,0.1668,-0.0111,-0.1904,0.0053,0.0137,1.0298,-0.0418,1.5812,0.000229,-0.0001,0.0
26.16,FLIGHT,0.9672,1.5531,0.1462,0.1664,0.1432,0.1626,-0.0111,-0.1903,0.0052,0.0134,1.0294,-0.0421,1.5816,0.000229,-0.0001,0.0
26.165,FLIGHT,0.9679,1.5539,0.1429,0.1622,0.1399,0.1585,-0.0111,-0.1903,0.0052,0.013,1.0291,-0.0424,1.5819,0.000228,-0.0001,0.0
26.17,FLIGHT,0.9686,1.5547,0.1396,0.1581,0.1367,0.1545,-0.0111,-0.1902,0.0051,0.0127,1.0286,-0.0426,1.5822,0.000228,-0.0001,0.0
26.175,FLIGHT,0.9693,1.5554,0.1364,0.1541,0.1336,0.1505,-0.011,-0.1901,0.005,0.0124,1.0282,-0.0429,1.5826,0.000227,-0.0001,0.0
26.18,FLIGHT,0.9699,1.5562,0.1333,0.1501,0.1305,0.1467,-0.011,-0.1901,0.0049,0.0121,1.0278,-0.0431,1.5829,0.000227,-0.0001,0.0
26.185,FLIGHT,0.9706,1.5569,0.1302,0.1463,0.1275,0.1429,-0.011,-0.19,0.0049,0.0118,1.0273,-0.0434,1.5832,0.000227,-0.0001,0.0
26.19,FLIGHT,0.9712,1.5576,0.1272,0.1426,0.1246,0.1392,-0.011,-0.19,0.0048,0.0115,1.0268,-0.0436,1.5835,0.000226,-0.0001,0.0
26.195,FLIGHT,0.9718,1.5583,0.1243,0.1389,0.1217,0.1356,-0.0109,-0.1899,0.0047,0.0112,1.0263,-0.0439,1.5838,0.000226,-0.0001,0.0
26.2,FLIGHT,0.9724,1.559,0.1214,0.1353,0.1189,0.1321,-0.0109,-0.1898,0.0047,0.0109,1.0257,-0.0441,1.5841,0.000225,-0.0001,0.0
26.205,FLIGHT,0.973,1.5596,0.1187,0.1318,0.1162,0.1287,-0.0109,-0.1898,0.0046,0.0106,1.0252,-0.0443,1.5844,0.000225,-0.0001,0.0
26.21,FLIGHT,0.9736,1.5602,0.1159,0.1284,0.1135,0.1254,-0.0109,-0.1897,0.0046,0.0103,1.0246,-0.0445,1.5847,0.000224,-0.0001,0.0
26.215,FLIGHT,0.9741,1.5609,0.1133,0.1251,0.1109,0.1222,-0.0108,-0.1897,0.0045,0.0101,1.024,-0.0447,1.5849,0.000224,-0.0001,0.0
26.22,FLIGHT,0.9747,1.5615,0.1107,0.1219,0.1084,0.119,-0.0108,-0.1896,0.0044,0.0098,1.0234,-0.045,1.5852,0.000224,-0.0001,0.0
26.225,FLIGHT,0.9752,1.5621,0.1081,0.1187,0.1059,0.1159,-0.0108,-0.1896,0.0044,0.0095,1.0228,-0.0452,1.5855,0.000223,-0.0001,0.0
26.23,FLIGHT,0.9758,1.5626,0.1057,0.1156,0.1035,0.1129,-0.0108,-0.1896,0.0043,0.0093,1.0221,-0.0454,1.5857,0.000223,-0.0001,0.0
26.235,FLIGHT,0.9763,1.5632,0.1032,0.1126,0.1011,0.11,-0.0108,-0.1895,0.0043,0.0091,1.0215,-0.0456,1.586,0.000223,-0.0001,0.0
26.24,FLIGHT,0.9768,1.5637,0.1009,0.1097,0.0988,0.1071,-0.0107,-0.1895,0.0042,0.0088,1.0208,-0.0458,1.5862,0.000222,-0.0001,0.0
26.245,FLIGHT,0.9772,1.5643,0.0986,0.1069,0.0965,0.1044,-0.0107,-0.1894,0.0042,0.0086,1.0201,-0.0459,1.5865,0.000222,-0.0001,0.0
26.25,FLIGHT,0.9777,1.5648,0.0963,0.1041,0.0943,0.1017,-0.0107,-0.1894,0.0041,0.0084,1.0194,-0.0461,1.5867,0.000222,-0.0001,0.0
26.255,FLIGHT,0.9782,1.5653,0.0941,0.1014,0.0921,0.099,-0.0107,-0.1893,0.0041,0.0082,1.0186,-0.0463,1.5869,0.000221,-0.0001,0.0
26.26,FLIGHT,0.9786,1.5658,0.0919,0.0988,0.09,0.0965,-0.0106,-0.1893,0.004,0.0079,1.0179,-0.0465,1.5871,0.000221,-0.0001,0.0
26.265,FLIGHT,0.9791,1.5662,0.0898,0.0962,0.088,0.094,-0.0106,-0.1893,0.0039,0.0077,1.0171,-0.0467,1.5873,0.000221,-0.0001,0.0
26.27,FLIGHT,0.9795,1.5667,0.0878,0.0937,0.0859,0.0916,-0.0106,-0.1892,0.0039,0.0075,1.0163,-0.0468,1.5876,0.000221,-0.0001,0.0
26.275,FLIGHT,0.98,1.5671,0.0858,0.0913,0.084,0.0892,-0.0106,-0.1892,0.0038,0.0073,1.0155,-0.047,1.5878,0.00022,-0.0001,0.0
26.28,FLIGHT,0.9804,1.5676,0.0838,0.089,0.082,0.0869,-0.0106,-0.1892,0.0038,0.0072,1.0147,-0.0472,1.588,0.00022,-0.0,0.0
26.285,FLIGHT,0.9808,1.568,0.0819,0.0867,0.0801,0.0847,-0.0106,-0.1891,0.0037,0.007,1.0138,-0.0473,1.5882,0.00022,-0.0,0.0
26.29,FLIGHT,0.9812,1.5684,0.08,0.0845,0.0783,0.0825,-0.0105,-0.1891,0.0037,0.0068,1.013,-0.0475,1.5884,0.00022,-0.0,0.0
26.295,FLIGHT,0.9816,1.5688,0.0781,0.0823,0.0765,0.0804,-0.0105,-0.1891,0.0036,0.0066,1.0121,-0.0477,1.5886,0.000219,-0.0,0.0
26.3,FLIGHT,0.9819,1.5692,0.0763,0.0802,0.0747,0.0783,-0.0105,-0.189,0.0035,0.0064,1.0112,-0.0478,1.5887,0.000219,-0.0,0.0
26.305,FLIGHT,0.9823,1.5696,0.0746,0.0782,0.073,0.0764,-0.0105,-0.189,0.0035,0.0063,1.0103,-0.048,1.5889,0.000219,-0.0,0.0
26.31,FLIGHT,0.9827,1.57,0.0728,0.0762,0.0713,0.0744,-0.0105,-0.189,0.0034,0.0061,1.0094,-0.0481,1.5891,0.000219,-0.0,0.0
26.315,FLIGHT,0.983,1.5704,0.0711,0.0742,0.0696,0.0725,-0.0104,-0.1889,0.0034,0.006,1.0085,-0.0483,1.5893,0.000219,-0.0,0.0
26.32,FLIGHT,0.9834,1.5707,0.0695,0.0724,0.068,0.0707,-0.0104,-0.1889,0.0033,0.0058,1.0075,-0.0484,1.5895,0.000218,-0.0,0.0
26.325,FLIGHT,0.9837,1.5711,0.0679,0.0705,0.0664,0.0689,-0.0104,-0.1889,0.0032,0.0057,1.0066,-0.0486,1.5896,0.000218,-0.0,0.0
26.33,FLIGHT,0.984,1.5714,0.0663,0.0688,0.0649,0.0672,-0.0104,-0.1888,0.0032,0.0055,1.0056,-0.0487,1.5898,0.000218,-0.0,0.0
26.335,FLIGHT,0.9843,1.5717,0.0647,0.067,0.0633,0.0655,-0.0104,-0.1888,0.0031,0.0054,1.0046,-0.0489,1.5899,0.000218,-0.0,0.0
26.34,FLIGHT,0.9847,1.5721,0.0632,0.0654,0.0619,0.0639,-0.0104,-0.1888,0.0031,0.0052,1.0036,-0.049,1.5901,0.000218,-0.0,0.0
26.345,FLIGHT,0.985,1.5724,0.0617,0.0637,0.0604,0.0623,-0.0104,-0.1888,0.003,0.0051,1.0026,-0.0491,1.5903,0.000218,-0.0,0.0
26.35,FLIGHT,0.9853,1.5727,0.0603,0.0622,0.059,0.0608,-0.0103,-0.1887,0.0029,0.005,1.0015,-0.0493,1.5904,0.000217,-0.0,0.0
26.355,FLIGHT,0.9856,1.573,0.0588,0.0606,0.0576,0.0593,-0.0103,-0.1887,0.0029,0.0049,1.0005,-0.0494,1.5906,0.000217,-0.0,0.0
26.36,STANCE,0.986,1.5736,0.098,0.1137,0.2699,0.3451,-0.0103,-0.1887,0.0031,0.0093,0.9995,0.1209,-0.1614,4.6e-05,-0.1701,0.034
26.365,STANCE,0.9898,1.5739,0.5857,0.0407,1.1661,-0.3161,-0.0097,-0.1887,0.105,-0.002,0.9987,-0.1774,-0.7274,-0.001384,-0.3546,0.0723
26.37,STANCE,0.9963,1.5707,1.0473,-0.4324,0.7844,-0.4836,-0.008,-0.189,0.2571,-0.0467,0.9981,-0.6431,-1.1167,-0.003059,-0.1829,0.0396
26.375,STANCE,0.9981,1.5697,0.5599,-0.2586,0.2157,-0.1278,-0.0075,-0.1891,0.1413,-0.027,0.9981,-0.7741,-1.7099,-0.003331,0.0238,0.0033
26.38,STANCE,0.9998,1.568,0.4241,-0.3365,0.5039,-0.6076,-0.007,-0.1893,0.1265,-0.0325,0.9983,-1.0459,-2.071,-0.003062,0.0735,0.0031
26.385,STANCE,1.0025,1.5615,0.5105,-1.0667,0.7237,-1.5509,-0.0055,-0.1899,0.2443,-0.095,0.9983,-1.3919,-1.956,-0.002501,0.0854,0.0025
26.39,STANCE,1.0071,1.5515,0.7991,-1.7817,0.7301,-2.997,-0.0033,-0.1907,0.4009,-0.153,0.9983,-1.7699,-1.6157,-0.002776,-0.0366,0.0101
26.395,STANCE,1.0114,1.5387,0.8307,-2.2895,0.6037,-2.9263,-0.0007,-0.1918,0.4819,-0.1883,0.9982,-1.9297,-1.1617,-0.002989,0.018,0.003
26.4,STANCE,1.0147,1.5244,0.718,-2.6588,0.4885,-2.9723,0.002,-0.193,0.5169,-0.21,0.9981,-1.8735,-0.6215,-0.003514,-0.0615,0.0158
26.405,STANCE,1.0165,1.5095,0.4475,-2.8826,0.2447,-2.9324,0.0045,-0.1941,0.5008,-0.2204,0.9981,-1.5778,-0.062,-0.003618,0.0065,0.0036
26.41,STANCE,1.017,1.4949,0.1939,-2.9194,-0.1452,-3.0619,0.0067,-0.1952,0.4605,-0.2176,0.998,-1.1377,0.4386,-0.003936,-0.1081,0.0256
26.415,STANCE,1.016,1.48,-0.0776,-2.9402,-0.3196,-2.9543,0.0086,-0.1963,0.4134,-0.2152,0.9979,-0.6007,0.8954,-0.00433,-0.0395,0.0122
26.42,STANCE,1.0143,1.4658,-0.2429,-2.848,-0.2476,-2.6168,0.0104,-0.1974,0.3698,-0.2051,0.9979,-0.1168,1.2124,-0.004619,-0.1452,0.0337
26.425,STANCE,1.013,1.4529,-0.2531,-2.6512,-0.2346,-2.4952,0.012,-0.1983,0.3408,-0.1871,0.998,0.1577,1.3383,-0.005183,-0.0883,0.0228
26.43,STANCE,1.0122,1.4409,-0.1816,-2.4702,-0.0822,-2.3055,0.0136,-0.1991,0.3301,-0.1699,0.9983,0.1602,1.3127,-0.005553,-0.0611,0.0178
26.435,STANCE,1.0121,1.4298,-0.0603,-2.2971,0.0491,-2.1552,0.0153,-0.1999,0.3302,-0.1528,0.9986,0.1119,1.2713,-0.005792,-0.0343,0.0126
26.44,STANCE,1.0126,1.4193,0.0507,-2.1563,0.1377,-2.0456,0.0169,-0.2006,0.333,-0.1382,0.9989,0.0663,1.2412,-0.005892,-0.0052,0.0069
26.445,STANCE,1.0134,1.4093,0.1319,-2.0477,0.1905,-1.9624,0.0186,-0.2012,0.3345,-0.1263,0.9993,0.0317,1.2228,-0.005844,0.0241,0.0058
26.45,STANCE,1.0144,1.3997,0.1833,-1.9624,0.2178,-1.8935,0.0203,-0.2018,0.3334,-0.1165,0.9997,0.0086,1.2128,-0.005654,0.0516,0.0057
26.455,STANCE,1.0156,1.3904,0.2117,-1.8911,0.2292,-1.8314,0.0219,-0.2023,0.3297,-0.1082,1.0001,-0.0056,1.2076,-0.005333,0.0759,0.0053
26.46,FLIGHT,1.0167,1.3813,0.2248,-1.8273,0.2315,-1.7722,0.0235,-0.2028,0.3239,-0.1009,1.0005,-1.4377,2.6449,-0.004901,0.0965,0.0049
26.465,FLIGHT,1.0153,1.376,-0.1752,-1.2379,-0.7736,-0.405,0.024,-0.2032,0.1532,-0.0754,1.0012,-1.35,2.5672,-0.00422,0.172,0.0042
26.47,FLIGHT,1.0093,1.3768,-0.9112,-0.2276,-1.5756,0.68,0.0227,-0.2032,-0.1506,-0.034,1.0021,-1.0612,2.3341,-0.003227,0.2206,0.0032
26.475,FLIGHT,1.0001,1.3822,-1.5771,0.6899,-2.0866,1.4036,0.02,-0.2031,-0.4247,0.0104,1.0033,-0.7435,2.0808,-0.002064,0.2403,0.0021
26.48,FLIGHT,0.9889,1.3903,-2.0291,1.3444,-2.3284,1.8026,0.0165,-0.2028,-0.6133,0.0521,1.0045,-0.4704,1.8645,-0.000863,0.2371,0.0009
26.485,FLIGHT,0.9771,1.3998,-2.2536,1.7245,-2.3615,1.9555,0.0127,-0.2024,-0.7125,0.0867,1.0058,-0.2636,1.7018,0.000271,0.1999,0.0
26.49,FLIGHT,0.9655,1.4096,-2.2882,1.8822,-2.2513,1.943,0.0089,-0.2018,-0.7389,0.1114,1.0072,-0.1206,1.5907,0.001044,0.1143,0.0
26.495,FLIGHT,0.9547,1.419,-2.1909,1.8818,-2.0611,1.8288,0.0054,-0.2012,-0.7152,0.1256,1.0084,-0.0281,1.5206,0.001461,0.0563,0.0
26.5,FLIGHT,0.945,1.4278,-2.0135,1.7818,-1.8311,1.6623,0.0021,-0.2006,-0.6612,0.1305,1.0097,0.0276,1.4805,0.001641,0.0186,0.0
26.505,FLIGHT,0.9365,1.4356,-1.7946,1.628,-1.5888,1.4767,-0.0007,-0.2,-0.592,0.1283,1.0108,0.058,1.4609,0.00167,-0.005,0.001
26.51,FLIGHT,0.9291,1.4425,-1.5612,1.4527,-1.3515,1.2929,-0.0032,-0.1995,-0.5177,0.1213,1.0119,0.0719,1.4546,0.001608,-0.0188,0.0038
26.515,FLIGHT,0.9229,1.4486,-1.3307,1.2766,-1.129,1.1228,-0.0053,-0.1989,-0.4448,0.1114,1.013,0.0755,1.4563,0.001493,-0.0262,0.0052
26.52,FLIGHT,0.9178,1.4538,-1.1133,1.112,-0.9263,0.972,-0.007,-0.1985,-0.3768,0.1004,1.014,0.073,1.4626,0.001353,-0.0293,0.0059
26.525,FLIGHT,0.9136,1.4583,-0.9143,0.9651,-0.7453,0.8424,-0.0085,-0.1981,-0.3157,0.0893,1.0149,0.0673,1.4709,0.001204,-0.0296,0.0059
26.53,FLIGHT,0.9103,1.4623,-0.736,0.8382,-0.5857,0.7336,-0.0097,-0.1977,-0.2619,0.0788,1.0158,0.0601,1.4801,0.001059,-0.0283,0.0057
26.535,FLIGHT,0.9077,1.4657,-0.5785,0.7312,-0.4464,0.644,-0.0107,-0.1974,-0.2153,0.0693,1.0166,0.0523,1.4891,0.000923,-0.0261,0.0052
26.54,FLIGHT,0.9058,1.4687,-0.4407,0.6428,-0.3258,0.5713,-0.0115,-0.1971,-0.1755,0.061,1.0174,0.0446,1.4976,0.000799,-0.0233,0.0047
26.545,FLIGHT,0.9044,1.4714,-0.3212,0.5709,-0.2218,0.5133,-0.0121,-0.1968,-0.1417,0.0539,1.0182,0.0373,1.5053,0.00069,-0.0203,0.0041
26.55,FLIGHT,0.9036,1.4739,-0.2181,0.5133,-0.1327,0.4675,-0.0126,-0.1966,-0.1133,0.0479,1.0189,0.0306,1.5122,0.000596,-0.0174,0.0035
26.555,FLIGHT,0.9031,1.4761,-0.1297,0.4678,-0.0565,0.4319,-0.013,-0.1964,-0.0896,0.043,1.0196,0.0245,1.5183,0.000516,-0.0145,0.0029
26.56,FLIGHT,0.903,1.4782,-0.0541,0.4324,0.0083,0.4046,-0.0133,-0.1962,-0.0698,0.0391,1.0202,0.019,1.5237,0.00045,-0.0119,0.0024
26.565,FLIGHT,0.9032,1.4802,0.0103,0.4052,0.0633,0.384,-0.0135,-0.1961,-0.0533,0.0359,1.0209,0.014,1.5284,0.000397,-0.0095,0.0019
26.57,FLIGHT,0.9036,1.4821,0.0648,0.3846,0.1097,0.3687,-0.0137,-0.1959,-0.0398,0.0334,1.0215,0.0095,1.5326,0.000354,-0.0075,0.0015
26.575,FLIGHT,0.9042,1.4839,0.1109,0.3693,0.1487,0.3576,-0.0138,-0.1957,-0.0287,0.0314,1.0221,0.0054,1.5362,0.000321,-0.0059,0.0012
26.58,FLIGHT,0.9051,1.4856,0.1496,0.3581,0.1813,0.3497,-0.0139,-0.1956,-0.0195,0.0299,1.0226,0.0018,1.5394,0.000295,-0.0045,0.0009
26.585,FLIGHT,0.906,1.4874,0.182,0.3502,0.2084,0.3443,-0.014,-0.1955,-0.0121,0.0288,1.0232,-0.0015,1.5422,0.000276,-0.0034,0.0007
26.59,FLIGHT,0.9071,1.4891,0.2089,0.3447,0.2307,0.3407,-0.014,-0.1953,-0.0061,0.028,1.0237,-0.0045,1.5448,0.000261,-0.0025,0.0005
26.595,FLIGHT,0.9083,1.4908,0.231,0.341,0.2488,0.3384,-0.014,-0.1952,-0.0013,0.0274,1.0242,-0.0072,1.547,0.000251,-0.0018,0.0004
26.6,FLIGHT,0.9096,1.4925,0.249,0.3387,0.2634,0.337,-0.014,-0.195,0.0025,0.0269,1.0246,-0.0096,1.549,0.000244,-0.0012,0.0002
26.605,FLIGHT,0.911,1.4942,0.2634,0.3372,0.2749,0.3362,-0.0139,-0.1949,0.0055,0.0266,1.0251,-0.0119,1.5508,0.000239,-0.0008,0.0002
26.61,FLIGHT,0.9124,1.4958,0.2748,0.3363,0.2838,0.3357,-0.0139,-0.1948,0.0078,0.0264,1.0255,-0.0139,1.5525,0.000235,-0.0005,0.0001
26.615,FLIGHT,0.9138,1.4975,0.2836,0.3358,0.2904,0.3353,-0.0138,-0.1947,0.0095,0.0262,1.0259,-0.0158,1.554,0.000234,-0.0002,0.0
26.62,FLIGHT,0.9153,1.4992,0.2902,0.3353,0.2951,0.3349,-0.0138,-0.1945,0.0108,0.0261,1.0263,-0.0175,1.5554,0.000233,-0.0001,0.0
26.625,FLIGHT,0.9168,1.5009,0.2948,0.3348,0.2981,0.3343,-0.0137,-0.1944,0.0118,0.0261,1.0267,-0.019,1.5567,0.000233,0.0,0.0
26.63,FLIGHT,0.9183,1.5025,0.2977,0.3342,0.2997,0.3335,-0.0136,-0.1943,0.0124,0.026,1.027,-0.0205,1.5579,0.000233,0.0001,0.0
26.635,FLIGHT,0.9198,1.5042,0.2993,0.3333,0.3002,0.3324,-0.0136,-0.1941,0.0128,0.0259,1.0273,-0.0218,1.559,0.000234,0.0002,0.0
26.64,FLIGHT,0.9213,1.5059,0.2997,0.3321,0.2995,0.3309,-0.0135,-0.194,0.013,0.0258,1.0276,-0.0231,1.56,0.000235,0.0002,0.0
26.645,FLIGHT,0.9227,1.5075,0.2991,0.3306,0.2981,0.3291,-0.0134,-0.1939,0.013,0.0257,1.0279,-0.0242,1.561,0.000236,0.0002,0.0
26.65,FLIGHT,0.9242,1.5091,0.2976,0.3288,0.2959,0.327,-0.0134,-0.1938,0.013,0.0256,1.0282,-0.0253,1.5619,0.000237,0.0002,0.0
26.655,FLIGHT,0.9257,1.5108,0.2953,0.3266,0.2931,0.3245,-0.0133,-0.1936,0.0128,0.0255,1.0284,-0.0263,1.5628,0.000238,0.0002,0.0
26.66,FLIGHT,0.9272,1.5124,0.2925,0.3241,0.2898,0.3216,-0.0133,-0.1935,0.0126,0.0253,1.0286,-0.0272,1.5637,0.000239,0.0002,0.0
26.665,FLIGHT,0.9286,1.514,0.2892,0.3212,0.2861,0.3185,-0.0132,-0.1934,0.0123,0.0251,1.0288,-0.0281,1.5645,0.00024,0.0002,0.0
26.67,FLIGHT,0.93,1.5156,0.2855,0.318,0.282,0.315,-0.0131,-0.1932,0.012,0.0249,1.029,-0.0289,1.5653,0.00024,0.0001,0.0
26.675,FLIGHT,0.9314,1.5171,0.2815,0.3145,0.2777,0.3112,-0.0131,-0.1931,0.0116,0.0247,1.0291,-0.0297,1.566,0.000241,0.0001,0.0
26.68,FLIGHT,0.9328,1.5187,0.2771,0.3107,0.2732,0.3072,-0.013,-0.193,0.0113,0.0244,1.0292,-0.0305,1.5667,0.000241,0.0001,0.0
26.685,FLIGHT,0.9342,1.5202,0.2726,0.3067,0.2684,0.303,-0.013,-0.1929,0.0109,0.0241,1.0293,-0.0312,1.5675,0.000242,0.0001,0.0
26.69,FLIGHT,0.9355,1.5217,0.2679,0.3024,0.2636,0.2985,-0.0129,-0.1928,0.0106,0.0238,1.0294,-0.0318,1.5681,0.000242,0.0,0.0
26.695,FLIGHT,0.9368,1.5232,0.2631,0.2979,0.2587,0.2939,-0.0129,-0.1926,0.0102,0.0235,1.0295,-0.0325,1.5688,0.000242,0.0,0.0
26.7,FLIGHT,0.9381,1.5247,0.2581,0.2933,0.2537,0.289,-0.0128,-0.1925,0.0099,0.0232,1.0295,-0.0331,1.5695,0.000242,0.0,0.0
26.705,FLIGHT,0.9393,1.5261,0.2532,0.2885,0.2487,0.2841,-0.0128,-0.1924,0.0096,0.0228,1.0295,-0.0337,1.5701,0.000242,-0.0,0.0
26.71,FLIGHT,0.9406,1.5275,0.2482,0.2835,0.2437,0.279,-0.0127,-0.1923,0.0092,0.0224,1.0295,-0.0342,1.5707,0.000242,-0.0,0.0
26.715,FLIGHT,0.9418,1.5289,0.2431,0.2785,0.2386,0.2739,-0.0127,-0.1922,0.0089,0.0221,1.0294,-0.0347,1.5713,0.000242,-0.0,0.0
26.72,FLIGHT,0.9429,1.5302,0.2381,0.2733,0.2336,0.2687,-0.0126,-0.1921,0.0087,0.0217,1.0294,-0.0353,1.5719,0.000242,-0.0001,0.0
26.725,FLIGHT,0.9441,1.5316,0.2331,0.2681,0.2287,0.2634,-0.0126,-0.192,0.0084,0.0213,1.0293,-0.0358,1.5724,0.000241,-0.0001,0.0
26.73,FLIGHT,0.9452,1.5329,0.2282,0.2628,0.2237,0.2581,-0.0126,-0.1919,0.0081,0.0209,1.0292,-0.0362,1.573,0.000241,-0.0001,0.0
26.735,FLIGHT,0.9463,1.5341,0.2233,0.2575,0.2189,0.2527,-0.0125,-0.1918,0.0079,0.0205,1.029,-0.0367,1.5735,0.000241,-0.0001,0.0
26.74,FLIGHT,0.9474,1.5354,0.2184,0.2522,0.2141,0.2474,-0.0125,-0.1917,0.0077,0.0201,1.0289,-0.0371,1.5741,0.00024,-0.0001,0.0
26.745,FLIGHT,0.9485,1.5366,0.2136,0.2468,0.2093,0.2421,-0.0124,-0.1916,0.0074,0.0197,1.0287,-0.0376,1.5746,0.00024,-0.0001,0.0
26.75,FLIGHT,0.9495,1.5378,0.2089,0.2415,0.2047,0.2367,-0.0124,-0.1915,0.0072,0.0193,1.0285,-0.038,1.5751,0.000239,-0.0001,0.0
26.755,FLIGHT,0.9505,1.539,0.2042,0.2362,0.2001,0.2315,-0.0124,-0.1914,0.0071,0.0188,1.0283,-0.0384,1.5756,0.000239,-0.0001,0.0
26.76,FLIGHT,0.9515,1.5401,0.1996,0.2309,0.1956,0.2262,-0.0123,-0.1913,0.0069,0.0184,1.0281,-0.0388,1.5761,0.000238,-0.0001,0.0
26.765,FLIGHT,0.9525,1.5413,0.1951,0.2257,0.1912,0.221,-0.0123,-0.1912,0.0067,0.018,1.0278,-0.0391,1.5766,0.000238,-0.0001,0.0
26.77,FLIGHT,0.9534,1.5423,0.1907,0.2205,0.1868,0.2159,-0.0123,-0.1911,0.0066,0.0176,1.0275,-0.0395,1.577,0.000237,-0.0001,0.0
26.775,FLIGHT,0.9543,1.5434,0.1864,0.2154,0.1825,0.2108,-0.0122,-0.191,0.0064,0.0172,1.0272,-0.0399,1.5775,0.000237,-0.0001,0.0
26.78,FLIGHT,0.9553,1.5445,0.1821,0.2103,0.1784,0.2058,-0.0122,-0.191,0.0063,0.0168,1.0269,-0.0402,1.5779,0.000236,-0.0001,0.0
26.785,FLIGHT,0.9561,1.5455,0.178,0.2053,0.1743,0.2008,-0.0122,-0.1909,0.0062,0.0164,1.0265,-0.0406,1.5783,0.000236,-0.0001,0.0
26.79,FLIGHT,0.957,1.5465,0.1739,0.2004,0.1703,0.196,-0.0121,-0.1908,0.006,0.016,1.0262,-0.0409,1.5788,0.000235,-0.0001,0.0
26.795,FLIGHT,0.9578,1.5474,0.1699,0.1955,0.1664,0.1912,-0.0121,-0.1907,0.0059,0.0157,1.0258,-0.0412,1.5792,0.000235,-0.0001,0.0
26.8,FLIGHT,0.9587,1.5484,0.166,0.1907,0.1625,0.1865,-0.0121,-0.1906,0.0058,0.0153,1.0254,-0.0415,1.5796,0.000234,-0.0001,0.0
26.805,FLIGHT,0.9595,1.5493,0.1622,0.186,0.1588,0.1819,-0.0121,-0.1906,0.0057,0.0149,1.0249,-0.0418,1.58,0.000233,-0.0001,0.0
26.81,FLIGHT,0.9602,1.5502,0.1584,0.1814,0.1551,0.1774,-0.012,-0.1905,0.0056,0.0145,1.0245,-0.0421,1.5803,0.000233,-0.0001,0.0
26.815,FLIGHT,0.961,1.5511,0.1548,0.1769,0.1515,0.1729,-0.012,-0.1904,0.0055,0.0142,1.024,-0.0424,1.5807,0.000232,-0.0001,0.0
26.82,FLIGHT,0.9618,1.5519,0.1512,0.1725,0.148,0.1686,-0.012,-0.1904,0.0054,0.0138,1.0235,-0.0427,1.5811,0.000232,-0.0001,0.0
26.825,FLIGHT,0.9625,1.5528,0.1477,0.1682,0.1446,0.1643,-0.012,-0.1903,0.0053,0.0135,1.023,-0.043,1.5814,0.000231,-0.0001,0.0
26.83,FLIGHT,0.9632,1.5536,0.1443,0.1639,0.1412,0.1602,-0.0119,-0.1902,0.0052,0.0132,1.0225,-0.0433,1.5818,0.000231,-0.0001,0.0
26.835,FLIGHT,0.9639,1.5544,0.1409,0.1598,0.138,0.1561,-0.0119,-0.1902,0.0052,0.0128,1.0219,-0.0435,1.5821,0.000231,-0.0001,0.0
26.84,FLIGHT,0.9646,1.5551,0.1377,0.1557,0.1348,0.1521,-0.0119,-0.1901,0.0051,0.0125,1.0213,-0.0438,1.5825,0.00023,-0.0001,0.0
26.845,FLIGHT,0.9653,1.5559,0.1345,0.1517,0.1316,0.1482,-0.0118,-0.19,0.005,0.0122,1.0208,-0.0441,1.5828,0.00023,-0.0001,0.0
26.85,FLIGHT,0.9659,1.5566,0.1313,0.1479,0.1286,0.1444,-0.0118,-0.19,0.0049,0.0119,1.0201,-0.0443,1.5831,0.000229,-0.0001,0.0
26.855,FLIGHT,0.9665,1.5573,0.1283,0.1441,0.1256,0.1407,-0.0118,-0.1899,0.0049,0.0116,1.0195,-0.0446,1.5834,0.000229,-0.0001,0.0
26.86,FLIGHT,0.9672,1.558,0.1253,0.1404,0.1227,0.1371,-0.0118,-0.1899,0.0048,0.0113,1.0189,-0.0448,1.5837,0.000228,-0.0001,0.0
26.865,FLIGHT,0.9678,1.5587,0.1224,0.1368,0.1198,0.1336,-0.0118,-0.1898,0.0047,0.011,1.0182,-0.045,1.584,0.000228,-0.0001,0.0
26.87,FLIGHT,0.9684,1.5593,0.1196,0.1332,0.117,0.1301,-0.0117,-0.1898,0.0047,0.0107,1.0175,-0.0453,1.5843,0.000227,-0.0001,0.0
26.875,FLIGHT,0.9689,1.56,0.1168,0.1298,0.1143,0.1268,-0.0117,-0.1897,0.0046,0.0104,1.0168,-0.0455,1.5846,0.000227,-0.0001,0.0
26.88,FLIGHT,0.9695,1.5606,0.1141,0.1265,0.1117,0.1235,-0.0117,-0.1897,0.0045,0.0102,1.0161,-0.0457,1.5849,0.000227,-0.0001,0.0
26.885,FLIGHT,0.9701,1.5612,0.1114,0.1232,0.1091,0.1203,-0.0117,-0.1896,0.0044,0.0099,1.0154,-0.0459,1.5851,0.000226,-0.0001,0.0
26.89,FLIGHT,0.9706,1.5618,0.1088,0.12,0.1065,0.1172,-0.0116,-0.1896,0.0044,0.0096,1.0146,-0.0461,1.5854,0.000226,-0.0001,0.0
26.895,FLIGHT,0.9711,1.5624,0.1063,0.1169,0.104,0.1142,-0.0116,-0.1895,0.0043,0.0094,1.0139,-0.0463,1.5857,0.000226,-0.0001,0.0
26.9,FLIGHT,0.9716,1.563,0.1038,0.1139,0.1016,0.1112,-0.0116,-0.1895,0.0043,0.0091,1.0131,-0.0465,1.5859,0.000225,-0.0001,0.0
26.905,FLIGHT,0.9721,1.5635,0.1014,0.111,0.0992,0.1084,-0.0116,-0.1894,0.0042,0.0089,1.0123,-0.0467,1.5862,0.000225,-0.0001,0.0
26.91,FLIGHT,0.9726,1.564,0.099,0.1081,0.0969,0.1056,-0.0116,-0.1894,0.0041,0.0087,1.0114,-0.0469,1.5864,0.000225,-0.0001,0.0
26.915,FLIGHT,0.9731,1.5646,0.0967,0.1053,0.0947,0.1029,-0.0115,-0.1893,0.0041,0.0085,1.0106,-0.0471,1.5866,0.000224,-0.0001,0.0
26.92,FLIGHT,0.9736,1.5651,0.0944,0.1026,0.0924,0.1002,-0.0115,-0.1893,0.004,0.0082,1.0097,-0.0473,1.5869,0.000224,-0.0001,0.0
26.925,FLIGHT,0.974,1.5656,0.0922,0.1,0.0903,0.0976,-0.0115,-0.1893,0.0039,0.008,1.0089,-0.0475,1.5871,0.000224,-0.0001,0.0
26.93,FLIGHT,0.9745,1.5661,0.0901,0.0974,0.0882,0.0951,-0.0115,-0.1892,0.0039,0.0078,1.008,-0.0477,1.5873,0.000223,-0.0001,0.0
26.935,FLIGHT,0.9749,1.5665,0.088,0.0949,0.0861,0.0927,-0.0115,-0.1892,0.0038,0.0076,1.0071,-0.0479,1.5875,0.000223,-0.0001,0.0
26.94,FLIGHT,0.9753,1.567,0.0859,0.0925,0.0841,0.0903,-0.0114,-0.1892,0.0037,0.0074,1.0062,-0.048,1.5878,0.000223,-0.0001,0.0
26.945,FLIGHT,0.9758,1.5674,0.0839,0.0901,0.0821,0.088,-0.0114,-0.1891,0.0037,0.0072,1.0052,-0.0482,1.588,0.000223,-0.0001,0.0
26.95,FLIGHT,0.9762,1.5679,0.0819,0.0878,0.0801,0.0858,-0.0114,-0.1891,0.0036,0.007,1.0043,-0.0484,1.5882,0.000222,-0.0,0.0
26.955,FLIGHT,0.9766,1.5683,0.0799,0.0856,0.0782,0.0836,-0.0114,-0.189,0.0035,0.0069,1.0033,-0.0485,1.5884,0.000222,-0.0,0.0
26.96,FLIGHT,0.9769,1.5687,0.0781,0.0834,0.0764,0.0815,-0.0114,-0.189,0.0035,0.0067,1.0023,-0.0487,1.5886,0.000222,-0.0,0.0
26.965,FLIGHT,0.9773,1.5691,0.0762,0.0813,0.0746,0.0794,-0.0114,-0.189,0.0034,0.0065,1.0013,-0.0489,1.5887,0.000222,-0.0,0.0
26.97,FLIGHT,0.9777,1.5695,0.0744,0.0792,0.0728,0.0774,-0.0113,-0.189,0.0033,0.0064,1.0003,-0.049,1.5889,0.000221,-0.0,0.0
26.975,STANCE,0.9785,1.5704,0.1628,0.1626,0.4689,0.2563,-0.0113,-0.1889,0.0087,0.013,0.9994,0.1142,-0.2882,-0.000147,-0.2294,0.046
26.98,STANCE,0.9831,1.5698,0.7124,-0.0658,1.2999,-0.5377,-0.0104,-0.189,0.1436,-0.0133,0.9987,-0.242,-0.8029,-0.00171,-0.3617,0.074
26.985,STANCE,0.9901,1.5656,1.1551,-0.6056,0.8416,-0.6199,-0.0085,-0.1894,0.3016,-0.0635,0.998,-0.7216,-1.1526,-0.003385,-0.1746,0.0383
26.99,STANCE,0.9921,1.5642,0.6086,-0.3645,0.2199,-0.1802,-0.0079,-0.1896,0.1653,-0.037,0.998,-0.8324,-1.75,-0.003604,0.0358,0.0036
26.995,STANCE,0.9937,1.5622,0.4372,-0.4058,0.4965,-0.6628,-0.0073,-0.1897,0.1387,-0.0388,0.9983,-1.0811,-2.0944,-0.003274,0.0854,0.0033
27.0,STANCE,0.9961,1.5549,0.472,-1.2005,0.6676,-1.6577,-0.0058,-0.1904,0.2558,-0.1065,0.9982,-1.3912,-1.9126,-0.002628,0.0887,0.0026
27.005,STANCE,1.001,1.5458,0.8436,-1.6423,1.2487,-2.1263,-0.0037,-0.1912,0.3902,-0.1418,0.9984,-1.774,-1.6532,-0.002488,-0.0152,0.0055
27.01,STANCE,1.0077,1.5336,1.1772,-2.2358,1.1089,-3.0733,-0.0007,-0.1922,0.5415,-0.1837,0.9985,-2.0484,-1.122,-0.002584,0.0434,0.0026
27.015,STANCE,1.0136,1.5186,1.1829,-2.7424,0.9382,-3.2354,0.0026,-0.1934,0.6201,-0.2132,0.9985,-2.0372,-0.4838,-0.002746,-0.0195,0.0066
27.02,STANCE,1.0172,1.5023,0.8379,-3.0975,0.4156,-3.338,0.0056,-0.1947,0.6098,-0.2307,0.9984,-1.701,0.1545,-0.003042,-0.0742,0.0179
27.025,STANCE,1.018,1.4858,0.3392,-3.241,-0.0601,-3.2068,0.0082,-0.1959,0.538,-0.2355,0.9982,-1.1416,0.7006,-0.003583,-0.165,0.0366
27.03,STANCE,1.0163,1.4697,-0.1506,-3.2401,-0.4241,-3.0403,0.0102,-0.1971,0.4452,-0.2329,0.998,-0.4999,1.129,-0.004218,-0.2074,0.0457
27.035,STANCE,1.0135,1.4547,-0.4352,-3.0681,-0.6216,-2.9129,0.0119,-0.1982,0.366,-0.2187,0.9978,0.0269,1.3812,-0.004982,-0.112,0.0274
27.04,STANCE,1.0107,1.4408,-0.518,-2.8481,-0.4815,-2.6096,0.0133,-0.1992,0.3188,-0.2005,0.9979,0.2908,1.46,-0.00545,-0.0822,0.0219
27.045,STANCE,1.0089,1.4286,-0.3924,-2.5624,-0.2293,-2.306,0.0148,-0.2,0.303,-0.176,0.998,0.2527,1.3805,-0.005836,-0.0717,0.0202
27.05,STANCE,1.0083,1.4176,-0.1993,-2.3016,-0.0284,-2.0962,0.0163,-0.2007,0.3042,-0.1526,0.9983,0.177,1.3036,-0.006151,-0.0528,0.0167
27.055,STANCE,1.0085,1.4075,-0.0273,-2.1068,0.1067,-1.9621,0.0179,-0.2014,0.311,-0.1339,0.9987,0.1077,1.251,-0.00635,-0.0259,0.0115
27.06,STANCE,1.0092,1.3979,0.0974,-1.9728,0.1873,-1.8744,0.0195,-0.202,0.3173,-0.12,0.9991,0.0559,1.2214,-0.006404,0.0048,0.0064
27.065,STANCE,1.0103,1.3887,0.1764,-1.88,0.2297,-1.8096,0.0211,-0.2025,0.3205,-0.1095,0.9996,0.0217,1.2073,-0.006302,0.0356,0.0063
27.07,STANCE,1.0115,1.3798,0.2205,-1.8102,0.248,-1.7538,0.0227,-0.203,0.3201,-0.1012,1.0,0.001,1.2016,-0.006052,0.0638,0.0061
27.075,STANCE,1.0128,1.3712,0.2415,-1.751,0.2528,-1.7003,0.0243,-0.2035,0.3164,-0.0943,1.0004,-0.0105,1.1995,-0.00567,0.0881,0.0057
27.08,STANCE,1.014,1.3628,0.2485,-1.6957,0.2507,-1.6469,0.0258,-0.2039,0.3105,-0.0881,1.0009,-0.0165,1.1983,-0.005178,0.1082,0.0052
27.085,FLIGHT,1.0148,1.3553,0.1563,-1.5245,-0.2329,-0.984,0.0271,-0.2043,0.2662,-0.0788,1.0014,-1.673,2.8037,-0.004564,0.1547,0.0046
27.09,FLIGHT,1.0108,1.354,-0.5517,-0.5844,-1.3257,0.4257,0.0265,-0.2045,-0.0231,-0.0467,1.0022,-1.4376,2.6131,-0.003596,0.2272,0.0036
27.095,FLIGHT,1.002,1.3589,-1.4058,0.5267,-2.1182,1.4547,0.0239,-0.2044,-0.3679,-0.0037,1.0033,-1.0706,2.3223,-0.002349,0.2662,0.0023
27.1,FLIGHT,0.9902,1.3679,-2.0833,1.4198,-2.5733,2.0791,0.0201,-0.2042,-0.6405,0.0434,1.0046,-0.7173,2.0437,-0.000987,0.2743,0.001
27.105,FLIGHT,0.9768,1.3791,-2.494,1.9944,-2.7418,2.3697,0.0157,-0.2037,-0.8072,0.0881,1.0059,-0.4332,1.8202,0.000343,0.2362,0.0
27.11,FLIGHT,0.9631,1.3912,-2.6533,2.2784,-2.7009,2.422,0.0111,-0.2031,-0.8768,0.1246,1.0073,-0.2284,1.6599,0.001255,0.1347,0.0
27.115,FLIGHT,0.95,1.4031,-2.6238,2.3406,-2.533,2.3191,0.0067,-0.2024,-0.8741,0.1494,1.0087,-0.0911,1.554,0.001745,0.0661,0.0
27.12,FLIGHT,0.9379,1.4142,-2.4705,2.2541,-2.2943,2.1296,0.0027,-0.2017,-0.8247,0.1619,1.01,-0.0052,1.4899,0.001956,0.0216,0.0
27.125,FLIGHT,0.9271,1.4243,-2.2457,2.0808,-2.0248,1.9015,-0.001,-0.2009,-0.7493,0.164,1.0112,0.0444,1.4554,0.001988,-0.0064,0.0013
27.13,FLIGHT,0.9177,1.4332,-1.9879,1.8664,-1.7509,1.6662,-0.0041,-0.2002,-0.6626,0.1582,1.0124,0.0697,1.4406,0.001911,-0.0228,0.0046
27.135,FLIGHT,0.9096,1.441,-1.7231,1.6418,-1.4881,1.4425,-0.0068,-0.1995,-0.5745,0.1474,1.0135,0.0796,1.4383,0.001773,-0.0315,0.0063
27.14,FLIGHT,0.9028,1.4477,-1.4672,1.426,-1.2453,1.2403,-0.0091,-0.1989,-0.4906,0.1339,1.0145,0.0801,1.4432,0.001604,-0.0352,0.007
27.145,FLIGHT,0.8971,1.4534,-1.2294,1.2294,-1.0261,1.0637,-0.0111,-0.1983,-0.414,0.1194,1.0154,0.0754,1.4518,0.001426,-0.0356,0.0071
27.15,FLIGHT,0.8925,1.4584,-1.014,1.0567,-0.8317,0.9133,-0.0127,-0.1978,-0.346,0.1052,1.0163,0.0681,1.4621,0.001252,-0.034,0.0068
27.155,FLIGHT,0.8887,1.4626,-0.8222,0.9091,-0.661,0.7878,-0.014,-0.1974,-0.2868,0.0919,1.0171,0.0596,1.4727,0.001088,-0.0313,0.0063
27.16,FLIGHT,0.8858,1.4663,-0.6536,0.7853,-0.5125,0.6846,-0.0151,-0.197,-0.2358,0.08,1.0179,0.051,1.4829,0.00094,-0.028,0.0056
27.165,FLIGHT,0.8836,1.4695,-0.5066,0.6832,-0.3841,0.6008,-0.0159,-0.1967,-0.1925,0.0697,1.0186,0.0427,1.4923,0.000808,-0.0246,0.0049
27.17,FLIGHT,0.8819,1.4723,-0.3793,0.6003,-0.2735,0.5338,-0.0166,-0.1964,-0.1558,0.0608,1.0193,0.035,1.5007,0.000694,-0.0212,0.0042
27.175,FLIGHT,0.8808,1.4749,-0.2696,0.5337,-0.1786,0.4806,-0.0172,-0.1962,-0.125,0.0533,1.02,0.028,1.5082,0.000596,-0.0179,0.0036
27.18,FLIGHT,0.8801,1.4772,-0.1754,0.4809,-0.0975,0.439,-0.0176,-0.196,-0.0992,0.0472,1.0206,0.0216,1.5147,0.000515,-0.0148,0.003
27.185,FLIGHT,0.8798,1.4793,-0.0949,0.4394,-0.0283,0.4068,-0.018,-0.1958,-0.0777,0.0421,1.0212,0.0159,1.5205,0.000448,-0.012,0.0024
27.19,FLIGHT,0.8798,1.4812,-0.0262,0.4073,0.0305,0.3821,-0.0183,-0.1956,-0.0599,0.038,1.0217,0.0108,1.5255,0.000394,-0.0096,0.0019
27.195,FLIGHT,0.8801,1.4831,0.0322,0.3827,0.0802,0.3636,-0.0185,-0.1954,-0.0451,0.0348,1.0223,0.0062,1.5299,0.000352,-0.0075,0.0015
27.2,FLIGHT,0.8806,1.4849,0.0816,0.3642,0.1222,0.3499,-0.0186,-0.1953,-0.0329,0.0322,1.0228,0.0021,1.5337,0.000319,-0.0058,0.0012
27.205,FLIGHT,0.8813,1.4866,0.1233,0.3505,0.1575,0.34,-0.0187,-0.1951,-0.0229,0.0302,1.0233,-0.0016,1.537,0.000294,-0.0044,0.0009
27.21,FLIGHT,0.8822,1.4883,0.1583,0.3405,0.1869,0.333,-0.0187,-0.195,-0.0148,0.0287,1.0237,-0.0049,1.54,0.000275,-0.0032,0.0006
27.215,FLIGHT,0.8832,1.4899,0.1875,0.3334,0.2113,0.3281,-0.0188,-0.1948,-0.0081,0.0275,1.0241,-0.0079,1.5426,0.000261,-0.0023,0.0005
27.22,FLIGHT,0.8843,1.4916,0.2117,0.3285,0.2314,0.3249,-0.0188,-0.1947,-0.0028,0.0266,1.0246,-0.0107,1.5449,0.000251,-0.0016,0.0003
27.225,FLIGHT,0.8855,1.4932,0.2316,0.3252,0.2476,0.3228,-0.0188,-0.1946,0.0015,0.0259,1.0249,-0.0131,1.547,0.000244,-0.0011,0.0002
27.23,FLIGHT,0.8868,1.4948,0.2477,0.323,0.2607,0.3215,-0.0187,-0.1945,0.005,0.0254,1.0253,-0.0154,1.5489,0.00024,-0.0007,0.0001
27.235,FLIGHT,0.8881,1.4964,0.2607,0.3217,0.271,0.3207,-0.0187,-0.1943,0.0076,0.0251,1.0257,-0.0174,1.5506,0.000237,-0.0004,0.0001
27.24,FLIGHT,0.8895,1.498,0.2709,0.3208,0.2789,0.3201,-0.0186,-0.1942,0.0097,0.0248,1.026,-0.0193,1.5521,0.000236,-0.0002,0.0
27.245,FLIGHT,0.8909,1.4996,0.2787,0.3201,0.2847,0.3196,-0.0186,-0.1941,0.0113,0.0247,1.0263,-0.021,1.5535,0.000236,0.0,0.0
27.25,FLIGHT,0.8923,1.5012,0.2844,0.3196,0.2887,0.3191,-0.0185,-0.194,0.0124,0.0245,1.0266,-0.0226,1.5548,0.000236,0.0001,0.0
27.255,FLIGHT,0.8938,1.5028,0.2884,0.319,0.2913,0.3184,-0.0184,-0.1938,0.0133,0.0244,1.0268,-0.024,1.556,0.000237,0.0002,0.0
27.26,FLIGHT,0.8952,1.5044,0.2909,0.3182,0.2926,0.3175,-0.0184,-0.1937,0.0138,0.0243,1.0271,-0.0254,1.5571,0.000238,0.0002,0.0
27.265,FLIGHT,0.8967,1.506,0.2922,0.3172,0.2927,0.3162,-0.0183,-0.1936,0.0142,0.0243,1.0273,-0.0266,1.5582,0.000239,0.0002,0.0
27.27,FLIGHT,0.8981,1.5075,0.2923,0.316,0.292,0.3147,-0.0182,-0.1935,0.0143,0.0242,1.0275,-0.0277,1.5592,0.00024,0.0002,0.0
27.275,FLIGHT,0.8996,1.5091,0.2915,0.3144,0.2905,0.3129,-0.0181,-0.1934,0.0143,0.0241,1.0277,-0.0288,1.5601,0.000241,0.0002,0.0
27.28,FLIGHT,0.901,1.5107,0.29,0.3126,0.2883,0.3107,-0.0181,-0.1932,0.0143,0.0239,1.0278,-0.0298,1.561,0.000243,0.0002,0.0
27.285,FLIGHT,0.9025,1.5122,0.2878,0.3104,0.2855,0.3082,-0.018,-0.1931,0.0141,0.0238,1.0279,-0.0307,1.5618,0.000244,0.0002,0.0
27.29,FLIGHT,0.9039,1.5138,0.285,0.3078,0.2823,0.3054,-0.0179,-0.193,0.0139,0.0236,1.0281,-0.0316,1.5626,0.000245,0.0002,0.0
27.295,FLIGHT,0.9053,1.5153,0.2818,0.305,0.2788,0.3023,-0.0179,-0.1929,0.0136,0.0234,1.0281,-0.0324,1.5634,0.000245,0.0002,0.0
27.3,FLIGHT,0.9067,1.5168,0.2782,0.3019,0.2749,0.2989,-0.0178,-0.1928,0.0133,0.0232,1.0282,-0.0332,1.5641,0.000246,0.0001,0.0
27.305,FLIGHT,0.9081,1.5183,0.2744,0.2984,0.2708,0.2953,-0.0177,-0.1927,0.013,0.023,1.0283,-0.0339,1.5649,0.000247,0.0001,0.0
27.31,FLIGHT,0.9094,1.5197,0.2702,0.2948,0.2664,0.2914,-0.0177,-0.1925,0.0127,0.0228,1.0283,-0.0346,1.5656,0.000247,0.0001,0.0
27.315,FLIGHT,0.9107,1.5212,0.2659,0.2909,0.262,0.2873,-0.0176,-0.1924,0.0123,0.0225,1.0283,-0.0353,1.5662,0.000248,0.0001,0.0
27.32,FLIGHT,0.912,1.5226,0.2614,0.2868,0.2574,0.283,-0.0176,-0.1923,0.012,0.0222,1.0283,-0.0359,1.5669,0.000248,0.0,0.0
27.325,FLIGHT,0.9133,1.524,0.2569,0.2825,0.2527,0.2786,-0.0175,-0.1922,0.0116,0.0219,1.0282,-0.0365,1.5675,0.000248,0.0,0.0
27.33,FLIGHT,0.9145,1.5254,0.2522,0.278,0.248,0.274,-0.0174,-0.1921,0.0113,0.0216,1.0281,-0.0371,1.5681,0.000248,0.0,0.0
27.335,FLIGHT,0.9158,1.5267,0.2475,0.2734,0.2433,0.2693,-0.0174,-0.192,0.011,0.0213,1.0281,-0.0376,1.5687,0.000248,-0.0,0.0
27.34,FLIGHT,0.917,1.5281,0.2428,0.2687,0.2385,0.2644,-0.0173,-0.1919,0.0107,0.0209,1.0279,-0.0381,1.5693,0.000248,-0.0,0.0
27.345,FLIGHT,0.9182,1.5294,0.238,0.2639,0.2338,0.2595,-0.0173,-0.1918,0.0104,0.0206,1.0278,-0.0386,1.5699,0.000248,-0.0,0.0
27.35,FLIGHT,0.9193,1.5307,0.2333,0.259,0.229,0.2546,-0.0172,-0.1917,0.0101,0.0202,1.0277,-0.0391,1.5705,0.000247,-0.0,0.0
27.355,FLIGHT,0.9204,1.5319,0.2286,0.2541,0.2243,0.2496,-0.0172,-0.1916,0.0099,0.0198,1.0275,-0.0396,1.571,0.000247,-0.0001,0.0
27.36,FLIGHT,0.9216,1.5332,0.2239,0.2491,0.2197,0.2446,-0.0171,-0.1915,0.0096,0.0195,1.0273,-0.04,1.5715,0.000247,-0.0001,0.0
27.365,FLIGHT,0.9226,1.5344,0.2192,0.244,0.2151,0.2395,-0.0171,-0.1914,0.0094,0.0191,1.0271,-0.0405,1.5721,0.000247,-0.0001,0.0
27.37,FLIGHT,0.9237,1.5356,0.2146,0.239,0.2105,0.2345,-0.017,-0.1913,0.0092,0.0187,1.0268,-0.0409,1.5726,0.000246,-0.0001,0.0
27.375,FLIGHT,0.9247,1.5367,0.2101,0.2339,0.2061,0.2294,-0.017,-0.1912,0.009,0.0183,1.0266,-0.0413,1.5731,0.000246,-0.0001,0.0
27.38,FLIGHT,0.9258,1.5379,0.2056,0.2289,0.2017,0.2244,-0.017,-0.1911,0.0088,0.018,1.0263,-0.0417,1.5736,0.000245,-0.0001,0.0
27.385,FLIGHT,0.9268,1.539,0.2012,0.2239,0.1973,0.2194,-0.0169,-0.1911,0.0086,0.0176,1.026,-0.0421,1.574,0.000245,-0.0001,0.0
27.39,FLIGHT,0.9277,1.5401,0.1969,0.2189,0.1931,0.2145,-0.0169,-0.191,0.0084,0.0172,1.0256,-0.0424,1.5745,0.000244,-0.0001,0.0
27.395,FLIGHT,0.9287,1.5411,0.1927,0.214,0.1889,0.2096,-0.0168,-0.1909,0.0082,0.0168,1.0253,-0.0428,1.575,0.000244,-0.0001,0.0
27.4,FLIGHT,0.9296,1.5422,0.1885,0.2091,0.1848,0.2048,-0.0168,-0.1908,0.0081,0.0164,1.0249,-0.0431,1.5754,0.000243,-0.0001,0.0
27.405,FLIGHT,0.9305,1.5432,0.1844,0.2043,0.1808,0.2,-0.0168,-0.1907,0.0079,0.0161,1.0245,-0.0435,1.5758,0.000243,-0.0001,0.0
27.41,FLIGHT,0.9314,1.5442,0.1804,0.1995,0.1768,0.1953,-0.0167,-0.1906,0.0078,0.0157,1.0241,-0.0438,1.5763,0.000242,-0.0001,0.0
27.415,FLIGHT,0.9323,1.5451,0.1764,0.1948,0.1729,0.1906,-0.0167,-0.1906,0.0076,0.0153,1.0237,-0.0441,1.5767,0.000242,-0.0001,0.0
27.42,FLIGHT,0.9332,1.5461,0.1726,0.1902,0.1692,0.1861,-0.0166,-0.1905,0.0075,0.015,1.0232,-0.0444,1.5771,0.000241,-0.0001,0.0
27.425,FLIGHT,0.934,1.547,0.1688,0.1856,0.1654,0.1816,-0.0166,-0.1904,0.0074,0.0146,1.0228,-0.0447,1.5775,0.000241,-0.0001,0.0
27.43,FLIGHT,0.9348,1.5479,0.1651,0.1811,0.1618,0.1771,-0.0166,-0.1904,0.0073,0.0143,1.0223,-0.045,1.5779,0.000241,-0.0001,0.0
27.435,FLIGHT,0.9356,1.5488,0.1615,0.1767,0.1583,0.1728,-0.0165,-0.1903,0.0072,0.0139,1.0218,-0.0453,1.5783,0.00024,-0.0001,0.0
27.44,FLIGHT,0.9364,1.5496,0.1579,0.1724,0.1548,0.1686,-0.0165,-0.1902,0.0071,0.0136,1.0213,-0.0456,1.5786,0.00024,-0.0001,0.0
27.445,FLIGHT,0.9372,1.5504,0.1545,0.1682,0.1514,0.1644,-0.0165,-0.1901,0.007,0.0132,1.0207,-0.0459,1.579,0.000239,-0.0001,0.0
27.45,FLIGHT,0.9379,1.5512,0.1511,0.164,0.1481,0.1603,-0.0164,-0.1901,0.0069,0.0129,1.0201,-0.0462,1.5794,0.000239,-0.0001,0.0
27.455,FLIGHT,0.9386,1.552,0.1478,0.1599,0.1448,0.1563,-0.0164,-0.19,0.0068,0.0126,1.0196,-0.0464,1.5797,0.000238,-0.0001,0.0
27.46,FLIGHT,0.9394,1.5528,0.1445,0.156,0.1416,0.1524,-0.0164,-0.19,0.0067,0.0123,1.019,-0.0467,1.5801,0.000238,-0.0001,0.0
27.465,FLIGHT,0.9401,1.5536,0.1413,0.1521,0.1385,0.1486,-0.0163,-0.1899,0.0066,0.012,1.0183,-0.047,1.5804,0.000237,-0.0001,0.0
27.47,FLIGHT,0.9408,1.5543,0.1382,0.1483,0.1355,0.1449,-0.0163,-0.1898,0.0065,0.0117,1.0177,-0.0472,1.5807,0.000237,-0.0001,0.0
27.475,FLIGHT,0.9414,1.555,0.1352,0.1445,0.1325,0.1413,-0.0163,-0.1898,0.0064,0.0114,1.017,-0.0474,1.581,0.000237,-0.0001,0.0
27.48,FLIGHT,0.9421,1.5557,0.1322,0.1409,0.1296,0.1377,-0.0162,-0.1897,0.0063,0.0111,1.0163,-0.0477,1.5813,0.000236,-0.0001,0.0
27.485,FLIGHT,0.9427,1.5564,0.1293,0.1374,0.1268,0.1342,-0.0162,-0.1897,0.0062,0.0108,1.0157,-0.0479,1.5816,0.000236,-0.0001,0.0
27.49,FLIGHT,0.9433,1.5571,0.1265,0.1339,0.124,0.1308,-0.0162,-0.1896,0.0061,0.0105,1.0149,-0.0481,1.5819,0.000235,-0.0001,0.0
27.495,FLIGHT,0.944,1.5577,0.1237,0.1305,0.1213,0.1275,-0.0161,-0.1896,0.0061,0.0103,1.0142,-0.0484,1.5822,0.000235,-0.0001,0.0
27.5,FLIGHT,0.9446,1.5583,0.121,0.1272,0.1186,0.1243,-0.0161,-0.1895,0.006,0.01,1.0135,-0.0486,1.5825,0.000235,-0.0001,0.0
27.505,FLIGHT,0.9451,1.5589,0.1184,0.124,0.116,0.1212,-0.0161,-0.1895,0.0059,0.0097,1.0127,-0.0488,1.5828,0.000234,-0.0001,0.0
27.51,FLIGHT,0.9457,1.5595,0.1158,0.1209,0.1135,0.1181,-0.016,-0.1894,0.0058,0.0095,1.0119,-0.049,1.5831,0.000234,-0.0001,0.0
27.515,FLIGHT,0.9463,1.5601,0.1132,0.1178,0.111,0.1151,-0.016,-0.1894,0.0057,0.0092,1.0111,-0.0492,1.5833,0.000234,-0.0001,0.0
27.52,FLIGHT,0.9468,1.5607,0.1108,0.1148,0.1086,0.1122,-0.016,-0.1893,0.0057,0.009,1.0103,-0.0494,1.5836,0.000233,-0.0001,0.0
27.525,FLIGHT,0.9474,1.5612,0.1083,0.1119,0.1062,0.1094,-0.016,-0.1893,0.0056,0.0088,1.0095,-0.0496,1.5839,0.000233,-0.0001,0.0
27.53,FLIGHT,0.9479,1.5618,0.106,0.1091,0.1039,0.1066,-0.0159,-0.1893,0.0055,0.0086,1.0086,-0.0498,1.5841,0.000233,-0.0001,0.0
27.535,FLIGHT,0.9484,1.5623,0.1037,0.1064,0.1016,0.1039,-0.0159,-0.1892,0.0054,0.0083,1.0077,-0.05,1.5844,0.000232,-0.0001,0.0
27.54,FLIGHT,0.9489,1.5628,0.1014,0.1037,0.0994,0.1013,-0.0159,-0.1892,0.0054,0.0081,1.0069,-0.0502,1.5846,0.000232,-0.0001,0.0
27.545,FLIGHT,0.9494,1.5633,0.0992,0.1011,0.0972,0.0988,-0.0159,-0.1891,0.0053,0.0079,1.006,-0.0504,1.5848,0.000232,-0.0001,0.0
27.55,FLIGHT,0.9499,1.5638,0.097,0.0986,0.0951,0.0963,-0.0158,-0.1891,0.0052,0.0077,1.005,-0.0506,1.5851,0.000231,-0.0001,0.0
27.555,FLIGHT,0.9503,1.5643,0.0949,0.0961,0.093,0.0939,-0.0158,-0.1891,0.0051,0.0075,1.0041,-0.0508,1.5853,0.000231,-0.0001,0.0
27.56,FLIGHT,0.9508,1.5648,0.0928,0.0937,0.091,0.0916,-0.0158,-0.189,0.0051,0.0073,1.0032,-0.0509,1.5855,0.000231,-0.0001,0.0
27.565,FLIGHT,0.9513,1.5652,0.0908,0.0913,0.089,0.0893,-0.0158,-0.189,0.005,0.0071,1.0022,-0.0511,1.5857,0.000231,-0.0,0.0
27.57,FLIGHT,0.9517,1.5656,0.0888,0.0891,0.087,0.0871,-0.0157,-0.189,0.0049,0.007,1.0012,-0.0513,1.5859,0.00023,-0.0,0.0
27.575,FLIGHT,0.9521,1.5661,0.0868,0.0869,0.0851,0.0849,-0.0157,-0.1889,0.0048,0.0068,1.0003,-0.0514,1.5861,0.00023,-0.0,0.0
27.58,STANCE,0.9541,1.5669,0.336,0.1199,0.806,-0.0858,-0.0154,-0.1889,0.0475,0.0061,0.9994,0.104,-0.5195,-0.000713,-0.3292,0.0666
27.585,STANCE,0.96,1.5639,0.9391,-0.4288,1.3709,-1.3152,-0.0139,-0.1892,0.2353,-0.0528,0.9984,-0.3102,-0.9292,-0.002753,-0.4061,0.084
27.59,STANCE,0.9656,1.557,1.0034,-1.0049,0.4582,-0.6129,-0.0119,-0.1899,0.3266,-0.1033,0.9976,-0.6387,-1.2498,-0.004382,-0.1592,0.0362
27.595,STANCE,0.9665,1.5557,0.4336,-0.4785,0.1274,-0.1911,-0.0116,-0.1901,0.1473,-0.0484,0.9978,-0.7026,-1.9406,-0.004663,0.0101,0.0047
27.6,STANCE,0.968,1.5533,0.3724,-0.5109,0.4989,-0.91,-0.011,-0.1903,0.1403,-0.0501,0.9981,-0.9529,-2.2386,-0.00447,0.0663,0.0045
27.605,STANCE,0.9704,1.5441,0.4673,-1.439,0.7591,-1.7999,-0.0093,-0.1912,0.2863,-0.1316,0.998,-1.2497,-1.9235,-0.003825,0.0948,0.0038
27.61,STANCE,0.976,1.5333,0.9323,-1.9844,1.253,-2.7279,-0.0067,-0.1921,0.4537,-0.1773,0.9982,-1.6391,-1.5315,-0.003657,0.0265,0.0037
27.615,STANCE,0.983,1.5185,1.2614,-2.6559,1.3821,-3.2329,-0.0033,-0.1934,0.6163,-0.2251,0.9983,-1.88,-0.8813,-0.003623,0.0183,0.0036
27.62,STANCE,0.9899,1.5025,1.3322,-3.0222,1.2859,-3.1753,0.0003,-0.1947,0.6888,-0.2413,0.9983,-1.862,-0.2375,-0.003581,0.0104,0.0036
27.625,STANCE,0.995,1.4865,1.098,-3.1374,0.7817,-3.1559,0.0036,-0.196,0.6661,-0.2375,0.9985,-1.5444,0.3365,-0.003469,0.0186,0.0035
27.63,STANCE,0.9975,1.471,0.6673,-3.1152,0.2061,-3.109,0.0063,-0.1972,0.5835,-0.2273,0.9986,-1.0067,0.8208,-0.003382,0.0361,0.0034
27.635,STANCE,0.9978,1.4562,0.226,-3.0111,-0.1316,-2.8994,0.0085,-0.1982,0.485,-0.2153,0.9988,-0.4123,1.1864,-0.00331,0.025,0.0033
27.64,STANCE,0.997,1.4426,-0.0396,-2.8021,-0.2098,-2.6199,0.0104,-0.1992,0.4043,-0.1973,0.999,0.0341,1.3761,-0.003315,0.018,0.0033
27.645,FLIGHT,0.9962,1.4301,-0.1253,-2.5766,-0.1147,-2.3569,0.012,-0.2001,0.356,-0.1781,0.9993,-1.4035,2.6537,-0.003193,0.0263,0.0032
27.65,FLIGHT,0.9932,1.4219,-0.5008,-1.8633,-1.0635,-0.9599,0.0127,-0.2007,0.1757,-0.1326,1.0,-1.3059,2.5614,-0.002855,0.1052,0.0029
27.655,FLIGHT,0.9859,1.42,-1.1903,-0.7977,-1.8102,0.1444,0.0115,-0.2009,-0.1212,-0.0684,1.0009,-1.0265,2.3279,-0.002187,0.1572,0.0022
27.66,FLIGHT,0.9755,1.4227,-1.8084,0.1511,-2.278,0.8889,0.009,-0.2008,-0.3854,-0.0056,1.0021,-0.7224,2.0787,-0.00133,0.1812,0.0013
27.665,FLIGHT,0.9635,1.4284,-2.2209,0.8317,-2.4895,1.3132,0.0058,-0.2005,-0.5665,0.048,1.0035,-0.461,1.8666,-0.000412,0.1832,0.0004
27.67,FLIGHT,0.951,1.4355,-2.4155,1.239,-2.5009,1.4953,0.0022,-0.2,-0.6619,0.0887,1.0049,-0.2624,1.7069,0.000424,0.1349,0.0
27.675,FLIGHT,0.9387,1.443,-2.4301,1.4252,-2.3791,1.5117,-0.0013,-0.1994,-0.6881,0.1154,1.0063,-0.1238,1.5969,0.000939,0.0748,0.0
27.68,FLIGHT,0.9273,1.4504,-2.3197,1.4535,-2.18,1.4262,-0.0046,-0.1988,-0.6665,0.1291,1.0077,-0.0333,1.5269,0.001205,0.0344,0.0
27.685,FLIGHT,0.917,1.4572,-2.1326,1.3817,-1.9425,1.2869,-0.0076,-0.1982,-0.6158,0.1321,1.009,0.0218,1.4864,0.001307,0.0084,0.0
27.69,FLIGHT,0.9079,1.4632,-1.9057,1.2548,-1.6933,1.1268,-0.0103,-0.1976,-0.5504,0.1274,1.0103,0.0521,1.4663,0.001305,-0.0077,0.0015
27.695,FLIGHT,0.9001,1.4685,-1.6652,1.1046,-1.4493,0.9666,-0.0125,-0.1971,-0.4799,0.1178,1.0116,0.066,1.4595,0.001241,-0.017,0.0034
27.7,FLIGHT,0.8934,1.4729,-1.4279,0.9519,-1.2204,0.8182,-0.0145,-0.1966,-0.4105,0.1056,1.0128,0.0696,1.4608,0.001143,-0.0216,0.0043
27.705,FLIGHT,0.8878,1.4767,-1.2042,0.809,-1.0117,0.6876,-0.0161,-0.1961,-0.3459,0.0926,1.0139,0.0671,1.4668,0.00103,-0.0233,0.0047
27.71,FLIGHT,0.8832,1.4798,-0.9993,0.6822,-0.8251,0.5769,-0.0174,-0.1958,-0.2876,0.0799,1.015,0.0612,1.4749,0.000914,-0.0231,0.0046
27.715,FLIGHT,0.8795,1.4825,-0.8155,0.5741,-0.6606,0.4857,-0.0185,-0.1955,-0.2365,0.0681,1.0161,0.0537,1.4839,0.000801,-0.0217,0.0043
27.72,FLIGHT,0.8766,1.4847,-0.653,0.4846,-0.5168,0.4125,-0.0194,-0.1952,-0.1923,0.0578,1.0171,0.0456,1.4928,0.000698,-0.0196,0.0039
27.725,FLIGHT,0.8743,1.4866,-0.5109,0.4125,-0.3922,0.3552,-0.0201,-0.195,-0.1546,0.0489,1.018,0.0377,1.5011,0.000606,-0.0172,0.0034
27.73,FLIGHT,0.8726,1.4883,-0.3874,0.3559,-0.2848,0.3115,-0.0206,-0.1948,-0.1228,0.0415,1.0189,0.0302,1.5087,0.000526,-0.0147,0.0029
27.735,FLIGHT,0.8715,1.4898,-0.2809,0.3126,-0.1925,0.279,-0.021,-0.1946,-0.0962,0.0354,1.0198,0.0232,1.5154,0.000458,-0.0123,0.0025
27.74,FLIGHT,0.8707,1.4911,-0.1894,0.2803,-0.1136,0.2558,-0.0214,-0.1945,-0.074,0.0306,1.0207,0.0169,1.5213,0.000402,-0.0101,0.002
27.745,FLIGHT,0.8703,1.4923,-0.1111,0.2572,-0.0464,0.24,-0.0216,-0.1944,-0.0557,0.0268,1.0215,0.0112,1.5265,0.000357,-0.0081,0.0016
27.75,FLIGHT,0.8702,1.4935,-0.0443,0.2413,0.0108,0.23,-0.0218,-0.1943,-0.0406,0.0239,1.0223,0.0061,1.5309,0.000321,-0.0063,0.0013
27.755,FLIGHT,0.8704,1.4946,0.0124,0.2313,0.0592,0.2245,-0.0219,-0.1941,-0.0282,0.0218,1.0231,0.0016,1.5348,0.000293,-0.0049,0.001
27.76,FLIGHT,0.8708,1.4958,0.0605,0.2257,0.1,0.2224,-0.0219,-0.194,-0.0181,0.0202,1.0239,-0.0025,1.5382,0.000272,-0.0037,0.0007
27.765,FLIGHT,0.8714,1.4969,0.101,0.2235,0.1343,0.2228,-0.022,-0.194,-0.0099,0.0191,1.0246,-0.0062,1.5411,0.000256,-0.0027,0.0005
27.77,FLIGHT,0.8721,1.498,0.1351,0.2238,0.1629,0.225,-0.022,-0.1939,-0.0034,0.0184,1.0253,-0.0094,1.5437,0.000244,-0.0019,0.0004
27.775,FLIGHT,0.873,1.4991,0.1635,0.2259,0.1867,0.2283,-0.022,-0.1938,0.0018,0.018,1.026,-0.0124,1.5459,0.000236,-0.0013,0.0003
27.78,FLIGHT,0.874,1.5003,0.1871,0.2291,0.2062,0.2324,-0.0219,-0.1937,0.006,0.0178,1.0267,-0.015,1.5479,0.000231,-0.0008,0.0002
27.785,FLIGHT,0.8751,1.5014,0.2065,0.2331,0.2222,0.2369,-0.0219,-0.1936,0.0092,0.0178,1.0273,-0.0174,1.5497,0.000228,-0.0005,0.0001
27.79,FLIGHT,0.8762,1.5026,0.2223,0.2375,0.235,0.2415,-0.0218,-0.1935,0.0117,0.0178,1.028,-0.0196,1.5513,0.000226,-0.0002,0.0
27.795,FLIGHT,0.8774,1.5039,0.2351,0.2419,0.2452,0.2459,-0.0217,-0.1934,0.0135,0.018,1.0286,-0.0216,1.5527,0.000226,0.0,0.0
27.8,FLIGHT,0.8787,1.5051,0.2451,0.2463,0.2531,0.25,-0.0217,-0.1933,0.0149,0.0182,1.0292,-0.0233,1.554,0.000226,0.0002,0.0
27.805,FLIGHT,0.8799,1.5064,0.2529,0.2503,0.259,0.2538,-0.0216,-0.1932,0.0158,0.0185,1.0297,-0.025,1.5552,0.000227,0.0003,0.0
27.81,FLIGHT,0.8812,1.5076,0.2588,0.254,0.2633,0.257,-0.0215,-0.1931,0.0164,0.0187,1.0303,-0.0265,1.5563,0.000229,0.0003,0.0
27.815,FLIGHT,0.8826,1.5089,0.263,0.2571,0.2661,0.2598,-0.0214,-0.193,0.0168,0.0189,1.0308,-0.0278,1.5573,0.00023,0.0003,0.0
27.82,FLIGHT,0.8839,1.5102,0.2657,0.2598,0.2676,0.2619,-0.0213,-0.1929,0.017,0.0192,1.0313,-0.0291,1.5582,0.000232,0.0004,0.0
27.825,FLIGHT,0.8852,1.5116,0.2673,0.2619,0.2682,0.2635,-0.0212,-0.1929,0.017,0.0193,1.0317,-0.0302,1.5591,0.000234,0.0004,0.0
27.83,FLIGHT,0.8866,1.5129,0.2678,0.2634,0.2678,0.2646,-0.0212,-0.1928,0.0168,0.0195,1.0322,-0.0313,1.5599,0.000236,0.0003,0.0
27.835,FLIGHT,0.8879,1.5142,0.2674,0.2644,0.2667,0.2651,-0.0211,-0.1927,0.0166,0.0196,1.0326,-0.0323,1.5607,0.000237,0.0003,0.0
27.84,FLIGHT,0.8892,1.5155,0.2663,0.2649,0.265,0.265,-0.021,-0.1926,0.0163,0.0197,1.033,-0.0332,1.5615,0.000239,0.0003,0.0
27.845,FLIGHT,0.8906,1.5168,0.2646,0.2648,0.2628,0.2645,-0.0209,-0.1925,0.0159,0.0198,1.0334,-0.0341,1.5622,0.00024,0.0003,0.0
27.85,FLIGHT,0.8919,1.5182,0.2623,0.2642,0.2601,0.2635,-0.0208,-0.1924,0.0156,0.0198,1.0338,-0.0349,1.5629,0.000241,0.0002,0.0
27.855,FLIGHT,0.8932,1.5195,0.2596,0.2632,0.2571,0.262,-0.0208,-0.1923,0.0152,0.0198,1.0341,-0.0357,1.5635,0.000243,0.0002,0.0
27.86,FLIGHT,0.8944,1.5208,0.2566,0.2617,0.2537,0.2602,-0.0207,-0.1922,0.0147,0.0197,1.0344,-0.0364,1.5642,0.000243,0.0002,0.0
27.865,FLIGHT,0.8957,1.5221,0.2533,0.2598,0.2502,0.258,-0.0206,-0.1921,0.0143,0.0196,1.0347,-0.037,1.5648,0.000244,0.0001,0.0
27.87,FLIGHT,0.8969,1.5234,0.2497,0.2576,0.2464,0.2554,-0.0206,-0.192,0.0139,0.0195,1.0349,-0.0377,1.5654,0.000245,0.0001,0.0
27.875,FLIGHT,0.8982,1.5246,0.246,0.255,0.2426,0.2526,-0.0205,-0.1919,0.0135,0.0193,1.0352,-0.0383,1.566,0.000245,0.0001,0.0
27.88,FLIGHT,0.8994,1.5259,0.2421,0.2522,0.2386,0.2495,-0.0204,-0.1918,0.0131,0.0192,1.0354,-0.0388,1.5665,0.000246,0.0001,0.0
27.885,FLIGHT,0.9006,1.5271,0.2381,0.249,0.2345,0.2461,-0.0204,-0.1917,0.0128,0.019,1.0356,-0.0394,1.5671,0.000246,0.0,0.0
27.89,FLIGHT,0.9017,1.5283,0.234,0.2457,0.2303,0.2426,-0.0203,-0.1916,0.0124,0.0187,1.0358,-0.0399,1.5676,0.000246,0.0,0.0
27.895,FLIGHT,0.9029,1.5296,0.2299,0.2421,0.2262,0.2389,-0.0202,-0.1915,0.0121,0.0185,1.0359,-0.0404,1.5682,0.000246,0.0,0.0
27.9,FLIGHT,0.904,1.5307,0.2257,0.2384,0.222,0.235,-0.0202,-0.1914,0.0117,0.0182,1.036,-0.0408,1.5687,0.000246,-0.0,0.0
27.905,FLIGHT,0.9051,1.5319,0.2216,0.2345,0.2178,0.231,-0.0201,-0.1913,0.0114,0.018,1.0361,-0.0413,1.5692,0.000246,-0.0,0.0
27.91,FLIGHT,0.9062,1.533,0.2174,0.2305,0.2137,0.2269,-0.0201,-0.1912,0.0111,0.0177,1.0362,-0.0417,1.5697,0.000246,-0.0,0.0
27.915,FLIGHT,0.9072,1.5342,0.2133,0.2265,0.2096,0.2227,-0.02,-0.1911,0.0109,0.0174,1.0362,-0.0421,1.5702,0.000246,-0.0,0.0
27.92,FLIGHT,0.9083,1.5353,0.2091,0.2223,0.2055,0.2185,-0.02,-0.1911,0.0106,0.0171,1.0363,-0.0425,1.5707,0.000246,-0.0,0.0
27.925,FLIGHT,0.9093,1.5364,0.2051,0.218,0.2014,0.2142,-0.0199,-0.191,0.0104,0.0168,1.0363,-0.0429,1.5711,0.000246,-0.0001,0.0
27.93,FLIGHT,0.9103,1.5374,0.201,0.2138,0.1974,0.2099,-0.0199,-0.1909,0.0102,0.0165,1.0363,-0.0433,1.5716,0.000245,-0.0001,0.0
27.935,FLIGHT,0.9112,1.5385,0.197,0.2094,0.1935,0.2056,-0.0198,-0.1908,0.01,0.0161,1.0362,-0.0436,1.572,0.000245,-0.0001,0.0
27.94,FLIGHT,0.9122,1.5395,0.1931,0.2051,0.1896,0.2012,-0.0198,-0.1907,0.0098,0.0158,1.0362,-0.044,1.5725,0.000245,-0.0001,0.0
27.945,FLIGHT,0.9131,1.5405,0.1892,0.2008,0.1858,0.1969,-0.0197,-0.1907,0.0096,0.0155,1.0361,-0.0443,1.5729,0.000244,-0.0001,0.0
27.95,FLIGHT,0.9141,1.5414,0.1854,0.1965,0.1821,0.1926,-0.0197,-0.1906,0.0094,0.0152,1.036,-0.0446,1.5733,0.000244,-0.0001,0.0
27.955,FLIGHT,0.915,1.5424,0.1817,0.1922,0.1784,0.1883,-0.0196,-0.1905,0.0093,0.0148,1.0358,-0.0449,1.5737,0.000244,-0.0001,0.0
27.96,FLIGHT,0.9158,1.5433,0.178,0.1879,0.1748,0.1841,-0.0196,-0.1904,0.0091,0.0145,1.0357,-0.0453,1.5741,0.000243,-0.0001,0.0
27.965,FLIGHT,0.9167,1.5442,0.1744,0.1837,0.1712,0.1799,-0.0195,-0.1904,0.009,0.0142,1.0355,-0.0455,1.5745,0.000243,-0.0001,0.0
27.97,FLIGHT,0.9176,1.5451,0.1709,0.1795,0.1678,0.1757,-0.0195,-0.1903,0.0088,0.0138,1.0353,-0.0458,1.5749,0.000243,-0.0001,0.0
27.975,FLIGHT,0.9184,1.546,0.1674,0.1753,0.1644,0.1716,-0.0194,-0.1902,0.0087,0.0135,1.0351,-0.0461,1.5753,0.000242,-0.0001,0.0
27.98,FLIGHT,0.9192,1.5468,0.1641,0.1712,0.1611,0.1676,-0.0194,-0.1902,0.0086,0.0132,1.0348,-0.0464,1.5757,0.000242,-0.0001,0.0
27.985,FLIGHT,0.92,1.5477,0.1607,0.1672,0.1578,0.1636,-0.0194,-0.1901,0.0085,0.0129,1.0346,-0.0467,1.576,0.000241,-0.0001,0.0
27.99,FLIGHT,0.9208,1.5485,0.1575,0.1632,0.1546,0.1597,-0.0193,-0.19,0.0084,0.0126,1.0343,-0.0469,1.5764,0.000241,-0.0001,0.0
27.995,FLIGHT,0.9215,1.5493,0.1543,0.1593,0.1515,0.1559,-0.0193,-0.19,0.0083,0.0123,1.034,-0.0472,1.5767,0.000241,-0.0001,0.0
28.0,FLIGHT,0.9223,1.55,0.1512,0.1555,0.1485,0.1521,-0.0192,-0.1899,0.0082,0.012,1.0337,-0.0474,1.5771,0.00024,-0.0001,0.0
28.005,FLIGHT,0.923,1.5508,0.1482,0.1517,0.1455,0.1484,-0.0192,-0.1899,0.0081,0.0117,1.0333,-0.0477,1.5774,0.00024,-0.0001,0.0
28.01,FLIGHT,0.9237,1.5515,0.1452,0.1481,0.1426,0.1448,-0.0192,-0.1898,0.008,0.0114,1.033,-0.0479,1.5777,0.000239,-0.0001,0.0
28.015,FLIGHT,0.9245,1.5522,0.1423,0.1444,0.1397,0.1412,-0.0191,-0.1898,0.0079,0.0111,1.0326,-0.0481,1.5781,0.000239,-0.0001,0.0
28.02,FLIGHT,0.9251,1.5529,0.1395,0.1409,0.137,0.1378,-0.0191,-0.1897,0.0079,0.0108,1.0322,-0.0484,1.5784,0.000239,-0.0001,0.0
28.025,FLIGHT,0.9258,1.5536,0.1367,0.1374,0.1342,0.1344,-0.019,-0.1896,0.0078,0.0106,1.0317,-0.0486,1.5787,0.000238,-0.0001,0.0
28.03,FLIGHT,0.9265,1.5543,0.134,0.134,0.1316,0.131,-0.019,-0.1896,0.0077,0.0103,1.0313,-0.0488,1.579,0.000238,-0.0001,0.0
28.035,FLIGHT,0.9271,1.5549,0.1313,0.1307,0.129,0.1278,-0.019,-0.1895,0.0076,0.01,1.0308,-0.049,1.5793,0.000238,-0.0001,0.0
28.04,FLIGHT,0.9278,1.5556,0.1287,0.1275,0.1265,0.1246,-0.0189,-0.1895,0.0076,0.0098,1.0303,-0.0492,1.5796,0.000237,-0.0001,0.0
28.045,FLIGHT,0.9284,1.5562,0.1262,0.1243,0.124,0.1215,-0.0189,-0.1895,0.0075,0.0095,1.0298,-0.0494,1.5798,0.000237,-0.0001,0.0
28.05,FLIGHT,0.929,1.5568,0.1237,0.1212,0.1216,0.1185,-0.0188,-0.1894,0.0074,0.0093,1.0293,-0.0496,1.5801,0.000237,-0.0001,0.0
28.055,FLIGHT,0.9296,1.5574,0.1213,0.1182,0.1192,0.1156,-0.0188,-0.1894,0.0074,0.009,1.0287,-0.0498,1.5804,0.000236,-0.0001,0.0
28.06,FLIGHT,0.9302,1.5579,0.119,0.1153,0.1169,0.1127,-0.0188,-0.1893,0.0073,0.0088,1.0282,-0.05,1.5807,0.000236,-0.0001,0.0
28.065,FLIGHT,0.9308,1.5585,0.1166,0.1124,0.1146,0.1099,-0.0187,-0.1893,0.0072,0.0086,1.0276,-0.0502,1.5809,0.000236,-0.0001,0.0
28.07,FLIGHT,0.9314,1.559,0.1144,0.1096,0.1124,0.1072,-0.0187,-0.1892,0.0072,0.0084,1.027,-0.0504,1.5812,0.000235,-0.0001,0.0
28.075,FLIGHT,0.9319,1.5596,0.1122,0.1069,0.1102,0.1045,-0.0187,-0.1892,0.0071,0.0081,1.0264,-0.0506,1.5814,0.000235,-0.0001,0.0
28.08,FLIGHT,0.9325,1.5601,0.11,0.1043,0.1081,0.1019,-0.0186,-0.1892,0.0071,0.0079,1.0257,-0.0507,1.5817,0.000235,-0.0001,0.0
28.085,FLIGHT,0.933,1.5606,0.1079,0.1017,0.106,0.0994,-0.0186,-0.1891,0.007,0.0077,1.0251,-0.0509,1.5819,0.000234,-0.0001,0.0
28.09,FLIGHT,0.9335,1.5611,0.1058,0.0992,0.104,0.097,-0.0186,-0.1891,0.0069,0.0075,1.0244,-0.0511,1.5821,0.000234,-0.0001,0.0
28.095,FLIGHT,0.934,1.5615,0.1038,0.0967,0.102,0.0946,-0.0185,-0.189,0.0069,0.0073,1.0237,-0.0512,1.5824,0.000234,-0.0,0.0
28.1,FLIGHT,0.9345,1.562,0.1018,0.0943,0.1001,0.0922,-0.0185,-0.189,0.0068,0.0071,1.023,-0.0514,1.5826,0.000234,-0.0,0.0
28.105,FLIGHT,0.935,1.5625,0.0999,0.092,0.0982,0.09,-0.0185,-0.189,0.0067,0.007,1.0223,-0.0516,1.5828,0.000233,-0.0,0.0
28.11,FLIGHT,0.9355,1.5629,0.098,0.0898,0.0963,0.0878,-0.0184,-0.1889,0.0067,0.0068,1.0215,-0.0517,1.583,0.000233,-0.0,0.0
28.115,FLIGHT,0.936,1.5633,0.0962,0.0876,0.0945,0.0856,-0.0184,-0.1889,0.0066,0.0066,1.0208,-0.0519,1.5833,0.000233,-0.0,0.0
28.12,FLIGHT,0.9365,1.5638,0.0943,0.0854,0.0927,0.0835,-0.0184,-0.1889,0.0065,0.0064,1.02,-0.052,1.5835,0.000233,-0.0,0.0
28.125,FLIGHT,0.9369,1.5642,0.0926,0.0834,0.091,0.0815,-0.0183,-0.1888,0.0065,0.0063,1.0192,-0.0522,1.5837,0.000233,-0.0,0.0
28.13,FLIGHT,0.9374,1.5646,0.0908,0.0813,0.0893,0.0796,-0.0183,-0.1888,0.0064,0.0061,1.0184,-0.0523,1.5839,0.000232,-0.0,0.0
28.135,FLIGHT,0.9378,1.565,0.0891,0.0794,0.0876,0.0776,-0.0183,-0.1888,0.0063,0.006,1.0175,-0.0525,1.5841,0.000232,-0.0,0.0
28.14,FLIGHT,0.9383,1.5654,0.0874,0.0775,0.086,0.0758,-0.0182,-0.1888,0.0063,0.0058,1.0167,-0.0526,1.5843,0.000232,-0.0,0.0
28.145,FLIGHT,0.9387,1.5657,0.0858,0.0756,0.0844,0.074,-0.0182,-0.1887,0.0062,0.0057,1.0158,-0.0528,1.5845,0.000232,-0.0,0.0
28.15,FLIGHT,0.9391,1.5661,0.0842,0.0738,0.0828,0.0722,-0.0182,-0.1887,0.0061,0.0055,1.0149,-0.0529,1.5846,0.000232,-0.0,0.0
28.155,FLIGHT,0.9395,1.5665,0.0826,0.072,0.0812,0.0705,-0.0181,-0.1887,0.0061,0.0054,1.0141,-0.0531,1.5848,0.000231,-0.0,0.0
28.16,FLIGHT,0.9399,1.5668,0.0811,0.0703,0.0797,0.0688,-0.0181,-0.1886,0.006,0.0053,1.0131,-0.0532,1.585,0.000231,-0.0,0.0
28.165,FLIGHT,0.9403,1.5671,0.0796,0.0687,0.0782,0.0672,-0.0181,-0.1886,0.0059,0.0051,1.0122,-0.0533,1.5852,0.000231,-0.0,0.0
28.17,FLIGHT,0.9407,1.5675,0.0781,0.0671,0.0768,0.0656,-0.0181,-0.1886,0.0059,0.005,1.0113,-0.0535,1.5854,0.000231,-0.0,0.0
28.175,FLIGHT,0.9411,1.5678,0.0766,0.0655,0.0753,0.0641,-0.018,-0.1886,0.0058,0.0049,1.0103,-0.0536,1.5855,0.000231,-0.0,0.0
28.18,FLIGHT,0.9414,1.5681,0.0752,0.064,0.0739,0.0626,-0.018,-0.1885,0.0057,0.0048,1.0093,-0.0537,1.5857,0.000231,-0.0,0.0
28.185,FLIGHT,0.9418,1.5684,0.0738,0.0625,0.0726,0.0612,-0.018,-0.1885,0.0057,0.0046,1.0084,-0.0539,1.5859,0.000231,-0.0,0.0
28.19,FLIGHT,0.9422,1.5687,0.0724,0.0611,0.0712,0.0598,-0.0179,-0.1885,0.0056,0.0045,1.0074,-0.054,1.586,0.00023,-0.0,0.0
28.195,FLIGHT,0.9425,1.569,0.0711,0.0597,0.0699,0.0584,-0.0179,-0.1885,0.0055,0.0044,1.0063,-0.0541,1.5862,0.00023,-0.0,0.0
28.2,FLIGHT,0.9429,1.5693,0.0697,0.0583,0.0686,0.0571,-0.0179,-0.1885,0.0054,0.0043,1.0053,-0.0542,1.5863,0.00023,-0.0,0.0
28.205,FLIGHT,0.9432,1.5696,0.0684,0.057,0.0673,0.0558,-0.0179,-0.1884,0.0054,0.0042,1.0043,-0.0544,1.5865,0.00023,-0.0,0.0
28.21,FLIGHT,0.9435,1.5699,0.0671,0.0557,0.066,0.0546,-0.0178,-0.1884,0.0053,0.0041,1.0032,-0.0545,1.5866,0.00023,-0.0,0.0
28.215,FLIGHT,0.9439,1.5701,0.0659,0.0545,0.0647,0.0534,-0.0178,-0.1884,0.0052,0.004,1.0021,-0.0546,1.5868,0.00023,-0.0,0.0
28.22,FLIGHT,0.9442,1.5704,0.0646,0.0532,0.0635,0.0522,-0.0178,-0.1884,0.0051,0.0039,1.0011,-0.0547,1.5869,0.00023,-0.0,0.0
28.225,STANCE,0.9446,1.5708,0.0789,0.0729,0.1902,0.2227,-0.0178,-0.1884,0.0052,0.0056,1.0,0.2415,-0.1446,0.000133,-0.1598,0.032
28.23,STANCE,0.9477,1.57,0.4955,-0.1356,0.9094,-0.7832,-0.0171,-0.1885,0.1114,-0.0213,0.9989,0.0323,-0.6977,-0.00219,-0.553,0.1128
28.235,STANCE,0.9521,1.562,0.7364,-1.1874,0.5132,-1.4127,-0.0152,-0.1893,0.2981,-0.122,0.9975,-0.2752,-0.891,-0.004334,-0.2472,0.0538
28.24,STANCE,0.9523,1.5604,0.2219,-0.5154,-0.1853,0.2346,-0.0149,-0.1895,0.111,-0.0513,0.9974,-0.3194,-1.737,-0.004884,-0.0181,0.0085
28.245,STANCE,0.9521,1.5609,0.0695,-0.129,0.1984,-0.2118,-0.015,-0.1894,0.0304,-0.0131,0.9978,-0.4995,-2.3552,-0.004775,0.0485,0.0048
28.25,STANCE,0.9543,1.5566,0.3412,-0.7242,0.464,-2.1055,-0.014,-0.1898,0.1621,-0.0717,0.998,-0.8583,-2.352,-0.004387,0.1563,0.0044
28.255,STANCE,0.9584,1.5458,0.7165,-1.6777,1.2715,-2.2873,-0.0118,-0.1909,0.3644,-0.16,0.9981,-1.2511,-1.9306,-0.00382,0.0328,0.0038
28.26,STANCE,0.9661,1.5321,1.2833,-2.4662,1.6008,-3.2973,-0.0084,-0.1922,0.5859,-0.2264,0.9982,-1.6764,-1.3284,-0.003801,0.0157,0.0038
28.265,STANCE,0.9747,1.5151,1.5773,-3.1045,1.6183,-3.6011,-0.0044,-0.1937,0.7394,-0.2674,0.9982,-1.8821,-0.6031,-0.003832,0.0152,0.0038
28.27,STANCE,0.9823,1.4976,1.5208,-3.3805,1.3704,-3.4185,-0.0005,-0.1951,0.7763,-0.2723,0.9983,-1.7775,0.0579,-0.003752,0.0269,0.0038
28.275,STANCE,0.9881,1.4812,1.2447,-3.2895,0.8944,-3.1495,0.003,-0.1964,0.7168,-0.2501,0.9986,-1.4102,0.5664,-0.003526,0.0731,0.0035
28.28,STANCE,0.9916,1.4665,0.855,-3.0381,0.5119,-2.7693,0.0058,-0.1975,0.6093,-0.2215,0.9989,-0.8794,0.9453,-0.003095,0.1015,0.0031
28.285,STANCE,0.9934,1.4533,0.5028,-2.7467,0.2175,-2.5179,0.0081,-0.1985,0.501,-0.1947,0.9994,-0.3522,1.1958,-0.002513,0.13,0.0025
28.29,STANCE,0.9942,1.4413,0.2673,-2.5019,0.1205,-2.3105,0.01,-0.1993,0.421,-0.1737,0.9999,-0.0026,1.3071,-0.001851,0.1357,0.0019
28.295,FLIGHT,0.9944,1.4307,0.0981,-2.2149,-0.2524,-1.661,0.0116,-0.2001,0.3469,-0.1514,1.0005,-1.3292,2.5879,-0.001152,0.158,0.0012
28.3,FLIGHT,0.9909,1.4255,-0.4884,-1.3395,-1.1108,-0.4312,0.0117,-0.2005,0.1001,-0.0976,1.0015,-1.1437,2.428,-0.000237,0.2041,0.0002
28.305,FLIGHT,0.9837,1.4258,-1.1664,-0.3464,-1.7262,0.4838,0.0102,-0.2005,-0.1829,-0.036,1.0027,-0.8621,2.1951,0.000683,0.1445,0.0
28.31,FLIGHT,0.9741,1.4298,-1.6978,0.4609,-2.0825,1.0671,0.0077,-0.2003,-0.4076,0.0201,1.0041,-0.5901,1.973,0.001231,0.0788,0.0
28.315,FLIGHT,0.9633,1.436,-2.0221,1.0041,-2.2212,1.3747,0.0046,-0.1999,-0.55,0.0652,1.0056,-0.368,1.7934,0.001507,0.0348,0.0
28.32,FLIGHT,0.9521,1.4432,-2.1547,1.3048,-2.1998,1.4812,0.0013,-0.1994,-0.6173,0.0974,1.0071,-0.2035,1.662,0.001604,0.0062,0.0
28.325,FLIGHT,0.9414,1.4506,-2.139,1.4189,-2.0729,1.4555,-0.0019,-0.1988,-0.6273,0.1167,1.0086,-0.0904,1.5734,0.001587,-0.0115,0.0023
28.33,FLIGHT,0.9315,1.4576,-2.0222,1.4054,-1.885,1.352,-0.0048,-0.1982,-0.599,0.1248,1.0101,-0.0176,1.5182,0.001501,-0.0218,0.0044
28.335,FLIGHT,0.9226,1.464,-1.8448,1.3145,-1.6686,1.2104,-0.0075,-0.1977,-0.5483,0.1242,1.0115,0.0258,1.4874,0.001378,-0.0269,0.0054
28.34,FLIGHT,0.9148,1.4697,-1.6375,1.1835,-1.4454,1.0567,-0.0098,-0.1971,-0.4867,0.1177,1.0129,0.0489,1.4731,0.001238,-0.0287,0.0057
28.345,FLIGHT,0.9082,1.4746,-1.4217,1.0383,-1.2293,0.9073,-0.0118,-0.1966,-0.4223,0.1076,1.0142,0.0588,1.4695,0.001094,-0.0283,0.0057
28.35,FLIGHT,0.9025,1.4788,-1.2113,0.8952,-1.028,0.7713,-0.0135,-0.1962,-0.36,0.0958,1.0155,0.0604,1.4722,0.000956,-0.0267,0.0053
28.355,FLIGHT,0.8979,1.4824,-1.0143,0.7637,-0.8453,0.6526,-0.0149,-0.1958,-0.3024,0.0838,1.0167,0.0572,1.4784,0.000829,-0.0243,0.0049
28.36,FLIGHT,0.894,1.4854,-0.8348,0.6482,-0.6825,0.5526,-0.016,-0.1955,-0.2509,0.0723,1.0179,0.0513,1.4863,0.000714,-0.0215,0.0043
28.365,FLIGHT,0.891,1.4879,-0.6744,0.5503,-0.5393,0.4704,-0.017,-0.1952,-0.2058,0.0619,1.019,0.0443,1.4946,0.000614,-0.0186,0.0037
28.37,FLIGHT,0.8886,1.4901,-0.5329,0.4695,-0.4145,0.4046,-0.0177,-0.1949,-0.167,0.0528,1.0201,0.037,1.5027,0.000528,-0.0157,0.0031
28.375,FLIGHT,0.8868,1.492,-0.4095,0.4046,-0.3066,0.3529,-0.0183,-0.1947,-0.134,0.045,1.0212,0.0298,1.5102,0.000457,-0.013,0.0026
28.38,FLIGHT,0.8855,1.4937,-0.3025,0.3535,-0.2137,0.3133,-0.0188,-0.1945,-0.1061,0.0386,1.0222,0.0231,1.517,0.000398,-0.0106,0.0021
28.385,FLIGHT,0.8847,1.4951,-0.2104,0.3142,-0.1341,0.2837,-0.0192,-0.1944,-0.0829,0.0334,1.0232,0.0169,1.523,0.000351,-0.0084,0.0017
28.39,FLIGHT,0.8842,1.4965,-0.1314,0.2847,-0.0661,0.2622,-0.0195,-0.1943,-0.0635,0.0292,1.0241,0.0113,1.5283,0.000313,-0.0066,0.0013
28.395,FLIGHT,0.884,1.4978,-0.064,0.2633,-0.0083,0.2473,-0.0197,-0.1941,-0.0475,0.026,1.025,0.0062,1.5329,0.000284,-0.005,0.001
28.4,FLIGHT,0.8841,1.499,-0.0066,0.2484,0.0407,0.2375,-0.0198,-0.194,-0.0344,0.0235,1.0259,0.0017,1.5369,0.000262,-0.0038,0.0008
28.405,FLIGHT,0.8844,1.5002,0.042,0.2386,0.082,0.2317,-0.0199,-0.1939,-0.0236,0.0216,1.0268,-0.0024,1.5404,0.000246,-0.0028,0.0006
28.41,FLIGHT,0.8849,1.5013,0.0831,0.2327,0.1167,0.2289,-0.02,-0.1938,-0.0149,0.0203,1.0277,-0.0061,1.5434,0.000234,-0.002,0.0004
28.415,FLIGHT,0.8855,1.5024,0.1176,0.2299,0.1458,0.2284,-0.02,-0.1937,-0.0078,0.0193,1.0285,-0.0093,1.5461,0.000226,-0.0013,0.0003
28.42,FLIGHT,0.8863,1.5036,0.1464,0.2292,0.1699,0.2294,-0.02,-0.1936,-0.0021,0.0187,1.0293,-0.0122,1.5484,0.000221,-0.0008,0.0002
28.425,FLIGHT,0.8872,1.5047,0.1704,0.2301,0.1898,0.2315,-0.02,-0.1935,0.0024,0.0183,1.0301,-0.0149,1.5504,0.000218,-0.0004,0.0001
28.43,FLIGHT,0.8882,1.5059,0.1901,0.2321,0.2061,0.2342,-0.0199,-0.1935,0.0059,0.0181,1.0308,-0.0172,1.5522,0.000217,-0.0001,0.0
28.435,FLIGHT,0.8893,1.5071,0.2063,0.2347,0.2193,0.2372,-0.0199,-0.1934,0.0087,0.0181,1.0316,-0.0194,1.5538,0.000216,0.0001,0.0
28.44,FLIGHT,0.8904,1.5083,0.2193,0.2377,0.2297,0.2404,-0.0198,-0.1933,0.0108,0.0181,1.0323,-0.0213,1.5553,0.000217,0.0002,0.0
28.445,FLIGHT,0.8916,1.5095,0.2297,0.2407,0.2379,0.2435,-0.0197,-0.1932,0.0124,0.0182,1.033,-0.0231,1.5566,0.000218,0.0003,0.0
28.45,FLIGHT,0.8928,1.5107,0.2377,0.2437,0.244,0.2463,-0.0197,-0.1931,0.0135,0.0183,1.0336,-0.0247,1.5577,0.00022,0.0004,0.0
28.455,FLIGHT,0.894,1.512,0.2438,0.2465,0.2485,0.2488,-0.0196,-0.193,0.0143,0.0185,1.0343,-0.0261,1.5588,0.000222,0.0004,0.0
28.46,FLIGHT,0.8953,1.5132,0.2483,0.2489,0.2516,0.2509,-0.0195,-0.1929,0.0148,0.0187,1.0349,-0.0275,1.5598,0.000224,0.0004,0.0
28.465,FLIGHT,0.8965,1.5145,0.2513,0.2509,0.2534,0.2525,-0.0195,-0.1928,0.0151,0.0188,1.0355,-0.0287,1.5607,0.000226,0.0004,0.0
28.47,FLIGHT,0.8978,1.5157,0.253,0.2525,0.2541,0.2537,-0.0194,-0.1927,0.0152,0.0189,1.0361,-0.0299,1.5616,0.000228,0.0004,0.0
28.475,FLIGHT,0.8991,1.517,0.2538,0.2536,0.254,0.2544,-0.0193,-0.1926,0.0152,0.0191,1.0366,-0.0309,1.5624,0.00023,0.0004,0.0
28.48,FLIGHT,0.9003,1.5183,0.2536,0.2542,0.2532,0.2546,-0.0192,-0.1925,0.0151,0.0191,1.0371,-0.0319,1.5632,0.000232,0.0003,0.0
28.485,FLIGHT,0.9016,1.5195,0.2527,0.2544,0.2517,0.2543,-0.0192,-0.1924,0.0148,0.0192,1.0376,-0.0328,1.5639,0.000234,0.0003,0.0
28.49,FLIGHT,0.9029,1.5208,0.2512,0.2541,0.2496,0.2536,-0.0191,-0.1923,0.0146,0.0192,1.0381,-0.0336,1.5646,0.000235,0.0003,0.0
28.495,FLIGHT,0.9041,1.5221,0.2492,0.2534,0.2472,0.2525,-0.019,-0.1922,0.0142,0.0192,1.0386,-0.0344,1.5653,0.000236,0.0002,0.0
28.5,FLIGHT,0.9053,1.5233,0.2468,0.2522,0.2444,0.251,-0.0189,-0.1921,0.0139,0.0191,1.039,-0.0351,1.5659,0.000237,0.0002,0.0
28.505,FLIGHT,0.9065,1.5246,0.2439,0.2507,0.2413,0.2491,-0.0189,-0.192,0.0135,0.0191,1.0394,-0.0358,1.5665,0.000238,0.0002,0.0
28.51,FLIGHT,0.9077,1.5258,0.2408,0.2488,0.2379,0.2469,-0.0188,-0.1919,0.0132,0.019,1.0398,-0.0364,1.5671,0.000239,0.0001,0.0
28.515,FLIGHT,0.9089,1.5271,0.2375,0.2465,0.2344,0.2444,-0.0187,-0.1919,0.0128,0.0188,1.0401,-0.0371,1.5677,0.00024,0.0001,0.0
28.52,FLIGHT,0.9101,1.5283,0.234,0.244,0.2307,0.2416,-0.0187,-0.1918,0.0125,0.0187,1.0405,-0.0376,1.5682,0.00024,0.0001,0.0
28.525,FLIGHT,0.9112,1.5295,0.2303,0.2412,0.2269,0.2386,-0.0186,-0.1917,0.0121,0.0185,1.0408,-0.0382,1.5688,0.000241,0.0001,0.0
28.53,FLIGHT,0.9123,1.5307,0.2265,0.2381,0.2231,0.2353,-0.0186,-0.1916,0.0118,0.0183,1.0411,-0.0387,1.5693,0.000241,0.0001,0.0
28.535,FLIGHT,0.9135,1.5318,0.2226,0.2349,0.2192,0.2319,-0.0185,-0.1915,0.0114,0.0181,1.0413,-0.0392,1.5698,0.000241,0.0,0.0
28.54,FLIGHT,0.9145,1.533,0.2187,0.2314,0.2152,0.2283,-0.0185,-0.1914,0.0111,0.0178,1.0415,-0.0396,1.5703,0.000241,0.0,0.0
28.545,FLIGHT,0.9156,1.5341,0.2148,0.2278,0.2112,0.2245,-0.0184,-0.1913,0.0108,0.0176,1.0418,-0.0401,1.5708,0.000241,0.0,0.0
28.55,FLIGHT,0.9167,1.5352,0.2108,0.2241,0.2073,0.2207,-0.0183,-0.1912,0.0106,0.0173,1.0419,-0.0405,1.5713,0.000241,-0.0,0.0
28.555,FLIGHT,0.9177,1.5363,0.2068,0.2202,0.2033,0.2167,-0.0183,-0.1911,0.0103,0.017,1.0421,-0.0409,1.5718,0.000241,-0.0,0.0
28.56,FLIGHT,0.9187,1.5374,0.2029,0.2163,0.1994,0.2127,-0.0182,-0.1911,0.01,0.0167,1.0422,-0.0413,1.5722,0.000241,-0.0,0.0
28.565,FLIGHT,0.9197,1.5384,0.199,0.2122,0.1955,0.2086,-0.0182,-0.191,0.0098,0.0164,1.0424,-0.0417,1.5727,0.000241,-0.0,0.0
28.57,FLIGHT,0.9206,1.5395,0.1951,0.2081,0.1916,0.2045,-0.0181,-0.1909,0.0096,0.0161,1.0424,-0.0421,1.5731,0.000241,-0.0,0.0
28.575,FLIGHT,0.9216,1.5405,0.1912,0.204,0.1878,0.2003,-0.0181,-0.1908,0.0094,0.0158,1.0425,-0.0424,1.5736,0.000241,-0.0001,0.0
28.58,FLIGHT,0.9225,1.5415,0.1874,0.1999,0.1841,0.1961,-0.0181,-0.1907,0.0092,0.0155,1.0426,-0.0428,1.574,0.00024,-0.0001,0.0
28.585,FLIGHT,0.9234,1.5424,0.1837,0.1957,0.1804,0.192,-0.018,-0.1907,0.009,0.0152,1.0426,-0.0431,1.5744,0.00024,-0.0001,0.0
28.59,FLIGHT,0.9243,1.5434,0.18,0.1915,0.1767,0.1878,-0.018,-0.1906,0.0089,0.0149,1.0426,-0.0434,1.5748,0.00024,-0.0001,0.0
28.595,FLIGHT,0.9252,1.5443,0.1764,0.1874,0.1732,0.1837,-0.0179,-0.1905,0.0087,0.0146,1.0425,-0.0437,1.5752,0.000239,-0.0001,0.0
28.6,FLIGHT,0.9261,1.5452,0.1728,0.1832,0.1697,0.1796,-0.0179,-0.1904,0.0086,0.0142,1.0425,-0.044,1.5756,0.000239,-0.0001,0.0
28.605,FLIGHT,0.9269,1.5461,0.1693,0.1791,0.1662,0.1755,-0.0178,-0.1904,0.0085,0.0139,1.0424,-0.0443,1.576,0.000239,-0.0001,0.0
28.61,FLIGHT,0.9277,1.547,0.1659,0.1751,0.1629,0.1714,-0.0178,-0.1903,0.0083,0.0136,1.0423,-0.0446,1.5764,0.000238,-0.0001,0.0
28.615,FLIGHT,0.9285,1.5478,0.1625,0.171,0.1596,0.1674,-0.0178,-0.1902,0.0082,0.0133,1.0422,-0.0449,1.5767,0.000238,-0.0001,0.0
28.62,FLIGHT,0.9293,1.5487,0.1592,0.1671,0.1563,0.1635,-0.0177,-0.1902,0.0081,0.013,1.0421,-0.0452,1.5771,0.000237,-0.0001,0.0
28.625,FLIGHT,0.9301,1.5495,0.156,0.1631,0.1532,0.1596,-0.0177,-0.1901,0.008,0.0127,1.0419,-0.0454,1.5774,0.000237,-0.0001,0.0
28.63,FLIGHT,0.9308,1.5503,0.1529,0.1593,0.1501,0.1558,-0.0176,-0.1901,0.0079,0.0124,1.0417,-0.0457,1.5778,0.000237,-0.0001,0.0
28.635,FLIGHT,0.9316,1.551,0.1498,0.1554,0.147,0.1521,-0.0176,-0.19,0.0078,0.0121,1.0415,-0.0459,1.5781,0.000236,-0.0001,0.0
28.64,FLIGHT,0.9323,1.5518,0.1468,0.1517,0.1441,0.1484,-0.0176,-0.1899,0.0077,0.0118,1.0413,-0.0462,1.5784,0.000236,-0.0001,0.0
28.645,FLIGHT,0.933,1.5525,0.1438,0.148,0.1412,0.1447,-0.0175,-0.1899,0.0077,0.0115,1.041,-0.0464,1.5788,0.000235,-0.0001,0.0
28.65,FLIGHT,0.9337,1.5532,0.1409,0.1444,0.1384,0.1412,-0.0175,-0.1898,0.0076,0.0112,1.0407,-0.0466,1.5791,0.000235,-0.0001,0.0
28.655,FLIGHT,0.9344,1.5539,0.1381,0.1409,0.1356,0.1377,-0.0174,-0.1898,0.0075,0.0109,1.0404,-0.0469,1.5794,0.000235,-0.0001,0.0
28.66,FLIGHT,0.9351,1.5546,0.1353,0.1374,0.1329,0.1343,-0.0174,-0.1897,0.0074,0.0106,1.0401,-0.0471,1.5797,0.000234,-0.0001,0.0
28.665,FLIGHT,0.9357,1.5553,0.1327,0.134,0.1303,0.131,-0.0174,-0.1897,0.0074,0.0104,1.0398,-0.0473,1.58,0.000234,-0.0001,0.0
28.67,FLIGHT,0.9364,1.5559,0.13,0.1307,0.1277,0.1277,-0.0173,-0.1896,0.0073,0.0101,1.0394,-0.0475,1.5803,0.000234,-0.0001,0.0
28.675,FLIGHT,0.937,1.5565,0.1274,0.1274,0.1252,0.1245,-0.0173,-0.1896,0.0072,0.0099,1.0391,-0.0477,1.5806,0.000233,-0.0001,0.0
28.68,FLIGHT,0.9376,1.5572,0.1249,0.1242,0.1227,0.1214,-0.0173,-0.1895,0.0072,0.0096,1.0387,-0.0479,1.5808,0.000233,-0.0001,0.0
28.685,FLIGHT,0.9382,1.5578,0.1225,0.1211,0.1203,0.1184,-0.0172,-0.1895,0.0071,0.0094,1.0382,-0.0481,1.5811,0.000233,-0.0001,0.0
28.69,FLIGHT,0.9388,1.5583,0.1201,0.1181,0.118,0.1154,-0.0172,-0.1894,0.0071,0.0091,1.0378,-0.0483,1.5814,0.000232,-0.0001,0.0
28.695,FLIGHT,0.9394,1.5589,0.1177,0.1151,0.1157,0.1125,-0.0172,-0.1894,0.007,0.0089,1.0373,-0.0485,1.5816,0.000232,-0.0001,0.0
28.7,FLIGHT,0.94,1.5595,0.1154,0.1123,0.1134,0.1097,-0.0171,-0.1893,0.007,0.0086,1.0369,-0.0487,1.5819,0.000232,-0.0001,0.0
28.705,FLIGHT,0.9406,1.56,0.1132,0.1094,0.1112,0.1069,-0.0171,-0.1893,0.0069,0.0084,1.0364,-0.0488,1.5821,0.000231,-0.0001,0.0
28.71,FLIGHT,0.9411,1.5605,0.111,0.1067,0.1091,0.1043,-0.0171,-0.1893,0.0068,0.0082,1.0358,-0.049,1.5824,0.000231,-0.0001,0.0
28.715,FLIGHT,0.9417,1.5611,0.1089,0.104,0.107,0.1017,-0.017,-0.1892,0.0068,0.008,1.0353,-0.0492,1.5826,0.000231,-0.0001,0.0
28.72,FLIGHT,0.9422,1.5616,0.1068,0.1014,0.1049,0.0991,-0.017,-0.1892,0.0067,0.0078,1.0348,-0.0494,1.5829,0.000231,-0.0001,0.0
28.725,FLIGHT,0.9427,1.562,0.1047,0.0989,0.1029,0.0966,-0.017,-0.1891,0.0067,0.0076,1.0342,-0.0495,1.5831,0.00023,-0.0001,0.0
28.73,FLIGHT,0.9432,1.5625,0.1027,0.0964,0.101,0.0942,-0.0169,-0.1891,0.0066,0.0074,1.0336,-0.0497,1.5833,0.00023,-0.0,0.0
28.735,FLIGHT,0.9437,1.563,0.1008,0.094,0.0991,0.0919,-0.0169,-0.1891,0.0066,0.0072,1.033,-0.0499,1.5835,0.00023,-0.0,0.0
28.74,FLIGHT,0.9442,1.5634,0.0989,0.0917,0.0972,0.0896,-0.0169,-0.189,0.0065,0.007,1.0323,-0.05,1.5838,0.00023,-0.0,0.0
28.745,FLIGHT,0.9447,1.5639,0.097,0.0894,0.0954,0.0874,-0.0168,-0.189,0.0065,0.0068,1.0317,-0.0502,1.584,0.000229,-0.0,0.0
28.75,FLIGHT,0.9452,1.5643,0.0952,0.0872,0.0936,0.0852,-0.0168,-0.189,0.0064,0.0066,1.031,-0.0503,1.5842,0.000229,-0.0,0.0
28.755,FLIGHT,0.9456,1.5647,0.0934,0.085,0.0918,0.0831,-0.0168,-0.1889,0.0064,0.0065,1.0303,-0.0505,1.5844,0.000229,-0.0,0.0
28.76,FLIGHT,0.9461,1.5651,0.0917,0.0829,0.0901,0.081,-0.0167,-0.1889,0.0063,0.0063,1.0296,-0.0506,1.5846,0.000229,-0.0,0.0
28.765,FLIGHT,0.9465,1.5655,0.0899,0.0809,0.0884,0.079,-0.0167,-0.1889,0.0063,0.0061,1.0289,-0.0508,1.5848,0.000229,-0.0,0.0
28.77,FLIGHT,0.947,1.5659,0.0883,0.0789,0.0868,0.0771,-0.0167,-0.1889,0.0062,0.006,1.0282,-0.0509,1.585,0.000228,-0.0,0.0
28.775,FLIGHT,0.9474,1.5663,0.0866,0.0769,0.0852,0.0752,-0.0166,-0.1888,0.0061,0.0058,1.0274,-0.0511,1.5852,0.000228,-0.0,0.0
28.78,FLIGHT,0.9478,1.5667,0.085,0.0751,0.0836,0.0734,-0.0166,-0.1888,0.0061,0.0057,1.0266,-0.0512,1.5853,0.000228,-0.0,0.0
28.785,FLIGHT,0.9482,1.567,0.0834,0.0732,0.0821,0.0716,-0.0166,-0.1888,0.006,0.0055,1.0259,-0.0513,1.5855,0.000228,-0.0,0.0
28.79,FLIGHT,0.9486,1.5674,0.0819,0.0715,0.0805,0.0699,-0.0165,-0.1887,0.006,0.0054,1.025,-0.0515,1.5857,0.000228,-0.0,0.0
28.795,FLIGHT,0.949,1.5677,0.0804,0.0697,0.0791,0.0682,-0.0165,-0.1887,0.0059,0.0053,1.0242,-0.0516,1.5859,0.000227,-0.0,0.0
28.8,FLIGHT,0.9494,1.5681,0.0789,0.0681,0.0776,0.0666,-0.0165,-0.1887,0.0059,0.0051,1.0234,-0.0517,1.5861,0.000227,-0.0,0.0
28.805,FLIGHT,0.9498,1.5684,0.0775,0.0664,0.0762,0.065,-0.0165,-0.1887,0.0058,0.005,1.0225,-0.0519,1.5862,0.000227,-0.0,0.0
28.81,FLIGHT,0.9502,1.5687,0.076,0.0648,0.0748,0.0635,-0.0164,-0.1886,0.0057,0.0049,1.0217,-0.052,1.5864,0.000227,-0.0,0.0
28.815,FLIGHT,0.9506,1.569,0.0746,0.0633,0.0734,0.062,-0.0164,-0.1886,0.0057,0.0048,1.0208,-0.0521,1.5866,0.000227,-0.0,0.0
28.82,FLIGHT,0.9509,1.5694,0.0733,0.0618,0.0721,0.0605,-0.0164,-0.1886,0.0056,0.0046,1.0199,-0.0523,1.5867,0.000227,-0.0,0.0
28.825,FLIGHT,0.9513,1.5697,0.0719,0.0604,0.0707,0.0591,-0.0163,-0.1886,0.0055,0.0045,1.0189,-0.0524,1.5869,0.000227,-0.0,0.0
28.83,FLIGHT,0.9516,1.5699,0.0706,0.059,0.0694,0.0577,-0.0163,-0.1885,0.0055,0.0044,1.018,-0.0525,1.587,0.000227,-0.0,0.0
28.835,FLIGHT,0.952,1.5702,0.0693,0.0576,0.0682,0.0564,-0.0163,-0.1885,0.0054,0.0043,1.0171,-0.0526,1.5872,0.000226,-0.0,0.0
28.84,FLIGHT,0.9523,1.5705,0.068,0.0563,0.0669,0.0551,-0.0163,-0.1885,0.0054,0.0042,1.0161,-0.0527,1.5873,0.000226,-0.0,0.0
28.845,FLIGHT,0.9526,1.5708,0.0668,0.055,0.0657,0.0538,-0.0162,-0.1885,0.0053,0.0041,1.0151,-0.0529,1.5875,0.000226,-0.0,0.0
28.85,FLIGHT,0.953,1.571,0.0656,0.0537,0.0645,0.0526,-0.0162,-0.1885,0.0052,0.004,1.0141,-0.053,1.5876,0.000226,-0.0,0.0
28.855,FLIGHT,0.9533,1.5713,0.0644,0.0525,0.0633,0.0514,-0.0162,-0.1884,0.0052,0.0039,1.0131,-0.0531,1.5878,0.000226,-0.0,0.0
28.86,FLIGHT,0.9536,1.5716,0.0632,0.0513,0.0621,0.0503,-0.0162,-0.1884,0.0051,0.0038,1.0121,-0.0532,1.5879,0.000226,-0.0,0.0
28.865,FLIGHT,0.9539,1.5718,0.062,0.0502,0.061,0.0491,-0.0161,-0.1884,0.005,0.0037,1.011,-0.0533,1.5881,0.000226,-0.0,0.0
28.87,FLIGHT,0.9542,1.5721,0.0609,0.049,0.0598,0.0481,-0.0161,-0.1884,0.005,0.0037,1.01,-0.0534,1.5882,0.000226,-0.0,0.0
28.875,FLIGHT,0.9545,1.5723,0.0597,0.048,0.0587,0.047,-0.0161,-0.1884,0.0049,0.0036,1.0089,-0.0536,1.5883,0.000226,-0.0,0.0
28.88,FLIGHT,0.9548,1.5725,0.0586,0.0469,0.0576,0.046,-0.0161,-0.1884,0.0048,0.0035,1.0078,-0.0537,1.5885,0.000226,-0.0,0.0
28.885,FLIGHT,0.9551,1.5728,0.0575,0.0459,0.0566,0.045,-0.016,-0.1883,0.0047,0.0034,1.0067,-0.0538,1.5886,0.000225,-0.0,0.0
28.89,FLIGHT,0.9554,1.573,0.0565,0.0449,0.0555,0.044,-0.016,-0.1883,0.0047,0.0033,1.0056,-0.0539,1.5887,0.000225,-0.0,0.0
28.895,FLIGHT,0.9556,1.5732,0.0554,0.0439,0.0544,0.0431,-0.016,-0.1883,0.0046,0.0033,1.0045,-0.054,1.5888,0.000225,-0.0,0.0
28.9,FLIGHT,0.9559,1.5734,0.0543,0.043,0.0534,0.0422,-0.016,-0.1883,0.0045,0.0032,1.0034,-0.0541,1.589,0.000225,-0.0,0.0
28.905,FLIGHT,0.9562,1.5736,0.0533,0.0421,0.0524,0.0413,-0.0159,-0.1883,0.0044,0.0031,1.0022,-0.0542,1.5891,0.000225,-0.0,0.0
28.91,FLIGHT,0.9564,1.5738,0.0523,0.0412,0.0514,0.0404,-0.0159,-0.1883,0.0044,0.0031,1.0011,-0.0543,1.5892,0.000225,-0.0,0.0
28.915,STANCE,0.9567,1.5741,0.0589,0.0506,0.1412,0.1618,-0.0159,-0.1882,0.0044,0.0038,0.9999,0.2026,-0.0284,0.000156,-0.1648,0.033
28.92,STANCE,0.9592,1.5743,0.4018,0.0012,0.7882,-0.511,-0.0155,-0.1883,0.0755,-0.0061,0.9989,0.0488,-0.6221,-0.001903,-0.4757,0.097
28.925,STANCE,0.9639,1.5688,0.7868,-0.7523,0.7369,-0.7852,-0.0138,-0.1888,0.2494,-0.0806,0.9977,-0.3026,-0.9422,-0.004066,-0.3319,0.0704
28.93,STANCE,0.9647,1.5684,0.315,-0.2433,-0.1077,0.2676,-0.0136,-0.1889,0.0921,-0.0268,0.9976,-0.3679,-1.74,-0.004867,-0.0523,0.0153
28.935,STANCE,0.9647,1.5689,0.1254,-0.0342,0.2058,-0.1869,-0.0137,-0.1888,0.0283,-0.0049,0.9979,-0.5481,-2.3106,-0.004893,0.0277,0.0049
28.94,STANCE,0.967,1.5655,0.3715,-0.5458,0.5326,-1.6699,-0.0128,-0.1892,0.1438,-0.0549,0.9982,-0.9094,-2.382,-0.004628,0.1166,0.0046
28.945,STANCE,0.9702,1.5546,0.5887,-1.6307,0.9442,-1.9071,-0.0107,-0.1902,0.3337,-0.153,0.9981,-1.2503,-1.951,-0.00389,0.122,0.0039
28.95,STANCE,0.9758,1.5422,0.9944,-2.2454,1.4917,-2.7319,-0.008,-0.1914,0.4992,-0.2043,0.9982,-1.6034,-1.4802,-0.003427,0.0118,0.0034
28.955,STANCE,0.9836,1.5269,1.3539,-2.8446,1.4533,-3.4158,-0.0044,-0.1927,0.6579,-0.2456,0.9983,-1.8431,-0.817,-0.003385,0.0342,0.0034
28.96,STANCE,0.9909,1.5102,1.4108,-3.1849,1.2233,-3.4808,-0.0006,-0.1941,0.7246,-0.2585,0.9984,-1.805,-0.1513,-0.003296,0.0567,0.0033
28.965,STANCE,0.9966,1.494,1.2061,-3.2133,0.9305,-3.1388,0.0028,-0.1954,0.696,-0.2465,0.9987,-1.4894,0.4061,-0.003059,0.0678,0.0031
28.97,STANCE,1.0003,1.4791,0.8616,-3.0425,0.5417,-2.8296,0.0057,-0.1965,0.6095,-0.2236,0.999,-0.9883,0.8331,-0.002634,0.1001,0.0026
28.975,STANCE,1.0022,1.4656,0.5184,-2.7977,0.2138,-2.616,0.008,-0.1975,0.5104,-0.1997,0.9995,-0.4541,1.129,-0.002057,0.1343,0.0021
28.98,STANCE,1.003,1.4532,0.2715,-2.5702,0.0865,-2.4159,0.01,-0.1984,0.4311,-0.1796,1.0,-0.0596,1.2835,-0.001392,0.1437,0.0014
28.985,FLIGHT,1.0035,1.4419,0.1535,-2.3442,-0.0419,-1.9578,0.0118,-0.1992,0.3766,-0.1604,1.0006,-1.2497,2.5378,-0.000719,0.1392,0.0007
28.99,FLIGHT,1.0011,1.4352,-0.3161,-1.5882,-0.8743,-0.7369,0.0123,-0.1997,0.1718,-0.1128,1.0015,-1.1184,2.4201,9.2e-05,0.1659,0.0
28.995,FLIGHT,0.9951,1.434,-0.9536,-0.6235,-1.5013,0.2058,0.0113,-0.1998,-0.0985,-0.0539,1.0027,-0.8649,2.208,0.000748,0.0999,0.0
29.0,FLIGHT,0.9865,1.4367,-1.4881,0.1992,-1.8869,0.8303,0.0091,-0.1997,-0.3264,0.0005,1.004,-0.6047,1.9942,0.001122,0.0524,0.0
29.005,FLIGHT,0.9766,1.4419,-1.8349,0.7765,-2.0583,1.1814,0.0064,-0.1994,-0.4791,0.045,1.0055,-0.3856,1.8162,0.001299,0.0206,0.0
29.01,FLIGHT,0.9662,1.4482,-1.9961,1.1164,-2.0673,1.3277,0.0034,-0.199,-0.5585,0.0775,1.007,-0.22,1.6831,0.001347,0.0001,0.0
29.015,FLIGHT,0.9561,1.4549,-2.0087,1.2678,-1.9666,1.3358,0.0004,-0.1985,-0.5802,0.098,1.0085,-0.104,1.5916,0.001313,-0.0125,0.0025
29.02,FLIGHT,0.9467,1.4614,-1.9168,1.2867,-1.8001,1.2598,-0.0023,-0.198,-0.5621,0.1078,1.01,-0.0281,1.5334,0.001231,-0.0196,0.0039
29.025,FLIGHT,0.9382,1.4674,-1.7601,1.2225,-1.6006,1.1398,-0.0049,-0.1975,-0.5196,0.1092,1.0115,0.0182,1.4998,0.001123,-0.023,0.0046
29.03,FLIGHT,0.9307,1.4728,-1.5695,1.1128,-1.3907,1.0029,-0.0071,-0.197,-0.4646,0.1047,1.0129,0.0438,1.4832,0.001005,-0.0239,0.0048
29.035,FLIGHT,0.9243,1.4774,-1.3669,0.9843,-1.1849,0.8665,-0.009,-0.1965,-0.4052,0.0966,1.0143,0.0555,1.4777,0.000886,-0.0233,0.0047
29.04,FLIGHT,0.9188,1.4815,-1.1668,0.8541,-0.9916,0.7402,-0.0106,-0.1961,-0.3466,0.0867,1.0156,0.0586,1.479,0.000773,-0.0217,0.0043
29.045,FLIGHT,0.9143,1.4849,-0.9779,0.7324,-0.8153,0.6291,-0.012,-0.1958,-0.2919,0.0762,1.0168,0.0564,1.4842,0.00067,-0.0195,0.0039
29.05,FLIGHT,0.9106,1.4878,-0.8047,0.6245,-0.6575,0.5348,-0.0131,-0.1955,-0.2426,0.0661,1.0181,0.0513,1.4912,0.000579,-0.017,0.0034
29.055,FLIGHT,0.9077,1.4903,-0.6494,0.5323,-0.5184,0.457,-0.014,-0.1952,-0.1992,0.0568,1.0192,0.0448,1.4989,0.0005,-0.0145,0.0029
29.06,FLIGHT,0.9054,1.4924,-0.512,0.456,-0.3969,0.3945,-0.0148,-0.195,-0.1617,0.0487,1.0204,0.0378,1.5066,0.000433,-0.0121,0.0024
29.065,FLIGHT,0.9037,1.4942,-0.3919,0.3944,-0.2917,0.3454,-0.0153,-0.1948,-0.1298,0.0418,1.0215,0.0309,1.5137,0.000378,-0.0099,0.002
29.07,FLIGHT,0.9025,1.4958,-0.2877,0.346,-0.2011,0.3079,-0.0158,-0.1946,-0.1028,0.0361,1.0225,0.0243,1.5203,0.000334,-0.0079,0.0016
29.075,FLIGHT,0.9017,1.4973,-0.198,0.3087,-0.1235,0.2798,-0.0162,-0.1945,-0.0802,0.0314,1.0236,0.0182,1.5261,0.000298,-0.0062,0.0012
29.08,FLIGHT,0.9012,1.4987,-0.121,0.2809,-0.0573,0.2596,-0.0164,-0.1944,-0.0614,0.0277,1.0246,0.0127,1.5313,0.000271,-0.0048,0.001
29.085,FLIGHT,0.9011,1.4999,-0.0553,0.2607,-0.0011,0.2457,-0.0166,-0.1942,-0.0458,0.0249,1.0256,0.0077,1.5358,0.00025,-0.0036,0.0007
29.09,FLIGHT,0.9012,1.5011,0.0006,0.2468,0.0466,0.2366,-0.0168,-0.1941,-0.0331,0.0227,1.0265,0.0032,1.5397,0.000234,-0.0026,0.0005
29.095,FLIGHT,0.9015,1.5023,0.0479,0.2377,0.0867,0.2314,-0.0169,-0.194,-0.0227,0.0211,1.0275,-0.0009,1.5431,0.000223,-0.0018,0.0004
29.1,FLIGHT,0.9021,1.5034,0.0877,0.2324,0.1204,0.229,-0.0169,-0.1939,-0.0142,0.0199,1.0284,-0.0045,1.546,0.000216,-0.0012,0.0002
29.105,FLIGHT,0.9027,1.5046,0.1211,0.2299,0.1485,0.2288,-0.0169,-0.1938,-0.0074,0.0192,1.0292,-0.0077,1.5486,0.000211,-0.0007,0.0001
29.11,FLIGHT,0.9035,1.5057,0.149,0.2296,0.1718,0.23,-0.0169,-0.1937,-0.002,0.0187,1.0301,-0.0106,1.5509,0.000208,-0.0004,0.0001
29.115,FLIGHT,0.9044,1.5069,0.1721,0.2307,0.1909,0.2322,-0.0169,-0.1937,0.0023,0.0184,1.0309,-0.0132,1.5529,0.000207,-0.0001,0.0
29.12,FLIGHT,0.9054,1.5081,0.1911,0.2328,0.2065,0.235,-0.0169,-0.1936,0.0057,0.0183,1.0318,-0.0156,1.5547,0.000207,0.0001,0.0
29.125,FLIGHT,0.9065,1.5092,0.2066,0.2355,0.219,0.2381,-0.0168,-0.1935,0.0083,0.0183,1.0326,-0.0177,1.5562,0.000208,0.0003,0.0
29.13,FLIGHT,0.9076,1.5104,0.219,0.2385,0.2289,0.2413,-0.0168,-0.1934,0.0103,0.0184,1.0333,-0.0196,1.5576,0.00021,0.0004,0.0
29.135,FLIGHT,0.9088,1.5117,0.2288,0.2416,0.2366,0.2443,-0.0167,-0.1933,0.0118,0.0185,1.0341,-0.0214,1.5589,0.000212,0.0004,0.0
29.14,FLIGHT,0.91,1.5129,0.2364,0.2446,0.2423,0.2471,-0.0166,-0.1932,0.0128,0.0187,1.0348,-0.023,1.5601,0.000214,0.0005,0.0
29.145,FLIGHT,0.9112,1.5141,0.2421,0.2472,0.2464,0.2495,-0.0166,-0.1931,0.0136,0.0188,1.0355,-0.0244,1.5611,0.000216,0.0005,0.0
29.15,FLIGHT,0.9125,1.5154,0.2461,0.2496,0.2491,0.2515,-0.0165,-0.193,0.014,0.019,1.0362,-0.0258,1.5621,0.000219,0.0005,0.0
29.155,FLIGHT,0.9137,1.5166,0.2488,0.2515,0.2506,0.2531,-0.0164,-0.1929,0.0142,0.0192,1.0368,-0.027,1.563,0.000221,0.0004,0.0
29.16,FLIGHT,0.915,1.5179,0.2503,0.253,0.2511,0.2541,-0.0164,-0.1928,0.0143,0.0193,1.0374,-0.0281,1.5639,0.000223,0.0004,0.0
29.165,FLIGHT,0.9162,1.5192,0.2507,0.254,0.2507,0.2547,-0.0163,-0.1927,0.0142,0.0194,1.038,-0.0291,1.5647,0.000225,0.0004,0.0
29.17,FLIGHT,0.9175,1.5205,0.2503,0.2546,0.2496,0.2548,-0.0162,-0.1926,0.014,0.0195,1.0386,-0.0301,1.5654,0.000227,0.0004,0.0
29.175,FLIGHT,0.9187,1.5217,0.2492,0.2546,0.248,0.2544,-0.0161,-0.1925,0.0138,0.0195,1.0392,-0.031,1.5661,0.000229,0.0003,0.0
29.18,FLIGHT,0.9199,1.523,0.2475,0.2542,0.2458,0.2536,-0.0161,-0.1924,0.0135,0.0195,1.0397,-0.0318,1.5668,0.00023,0.0003,0.0
29.185,FLIGHT,0.9212,1.5243,0.2453,0.2534,0.2432,0.2524,-0.016,-0.1923,0.0132,0.0195,1.0402,-0.0326,1.5675,0.000231,0.0002,0.0
29.19,FLIGHT,0.9224,1.5255,0.2427,0.2521,0.2402,0.2508,-0.016,-0.1922,0.0128,0.0194,1.0407,-0.0333,1.5681,0.000233,0.0002,0.0
29.195,FLIGHT,0.9236,1.5268,0.2398,0.2505,0.237,0.2488,-0.0159,-0.1921,0.0124,0.0194,1.0412,-0.034,1.5687,0.000234,0.0002,0.0
29.2,FLIGHT,0.9247,1.528,0.2365,0.2485,0.2336,0.2465,-0.0158,-0.192,0.0121,0.0192,1.0416,-0.0347,1.5693,0.000234,0.0001,0.0
29.205,FLIGHT,0.9259,1.5292,0.2331,0.2461,0.2299,0.2439,-0.0158,-0.1919,0.0117,0.0191,1.042,-0.0353,1.5699,0.000235,0.0001,0.0
29.21,FLIGHT,0.927,1.5304,0.2295,0.2435,0.2262,0.241,-0.0157,-0.1918,0.0113,0.0189,1.0424,-0.0358,1.5704,0.000236,0.0001,0.0
29.215,FLIGHT,0.9282,1.5316,0.2257,0.2406,0.2223,0.2379,-0.0157,-0.1918,0.011,0.0187,1.0427,-0.0364,1.5709,0.000236,0.0001,0.0
29.22,FLIGHT,0.9293,1.5328,0.2219,0.2375,0.2184,0.2346,-0.0156,-0.1917,0.0106,0.0185,1.0431,-0.0369,1.5715,0.000236,0.0,0.0
29.225,FLIGHT,0.9303,1.534,0.2179,0.2342,0.2144,0.2311,-0.0156,-0.1916,0.0103,0.0183,1.0434,-0.0374,1.572,0.000236,0.0,0.0
29.23,FLIGHT,0.9314,1.5351,0.214,0.2306,0.2104,0.2274,-0.0155,-0.1915,0.01,0.018,1.0437,-0.0378,1.5725,0.000236,0.0,0.0
29.235,FLIGHT,0.9325,1.5363,0.21,0.227,0.2064,0.2236,-0.0155,-0.1914,0.0097,0.0178,1.0439,-0.0383,1.5729,0.000237,-0.0,0.0
29.24,FLIGHT,0.9335,1.5374,0.2059,0.2232,0.2024,0.2197,-0.0154,-0.1913,0.0095,0.0175,1.0441,-0.0387,1.5734,0.000236,-0.0,0.0
29.245,FLIGHT,0.9345,1.5385,0.2019,0.2192,0.1984,0.2157,-0.0154,-0.1912,0.0092,0.0172,1.0444,-0.0391,1.5739,0.000236,-0.0,0.0
29.25,FLIGHT,0.9355,1.5395,0.198,0.2152,0.1944,0.2116,-0.0153,-0.1911,0.009,0.0169,1.0445,-0.0395,1.5743,0.000236,-0.0,0.0
29.255,FLIGHT,0.9364,1.5406,0.194,0.2111,0.1905,0.2075,-0.0153,-0.1911,0.0087,0.0166,1.0447,-0.0399,1.5748,0.000236,-0.0,0.0
29.26,FLIGHT,0.9374,1.5416,0.1901,0.207,0.1866,0.2033,-0.0152,-0.191,0.0085,0.0163,1.0448,-0.0403,1.5752,0.000236,-0.0001,0.0
29.265,FLIGHT,0.9383,1.5426,0.1862,0.2028,0.1828,0.1991,-0.0152,-0.1909,0.0083,0.016,1.0449,-0.0406,1.5756,0.000235,-0.0001,0.0
29.27,FLIGHT,0.9392,1.5436,0.1824,0.1987,0.179,0.1949,-0.0152,-0.1908,0.0082,0.0156,1.045,-0.041,1.576,0.000235,-0.0001,0.0
29.275,FLIGHT,0.9401,1.5446,0.1787,0.1945,0.1753,0.1907,-0.0151,-0.1907,0.008,0.0153,1.0451,-0.0413,1.5765,0.000235,-0.0001,0.0
29.28,FLIGHT,0.9409,1.5455,0.175,0.1903,0.1717,0.1865,-0.0151,-0.1907,0.0078,0.015,1.0451,-0.0416,1.5769,0.000234,-0.0001,0.0
29.285,FLIGHT,0.9418,1.5464,0.1713,0.1861,0.1681,0.1823,-0.015,-0.1906,0.0077,0.0147,1.0451,-0.0419,1.5772,0.000234,-0.0001,0.0
29.29,FLIGHT,0.9426,1.5473,0.1678,0.1819,0.1646,0.1782,-0.015,-0.1905,0.0076,0.0143,1.0451,-0.0422,1.5776,0.000234,-0.0001,0.0
29.295,FLIGHT,0.9434,1.5482,0.1642,0.1778,0.1611,0.1741,-0.015,-0.1905,0.0074,0.014,1.0451,-0.0425,1.578,0.000233,-0.0001,0.0
29.3,FLIGHT,0.9442,1.5491,0.1608,0.1737,0.1578,0.17,-0.0149,-0.1904,0.0073,0.0137,1.0451,-0.0428,1.5784,0.000233,-0.0001,0.0
29.305,FLIGHT,0.945,1.5499,0.1575,0.1696,0.1545,0.166,-0.0149,-0.1903,0.0072,0.0134,1.045,-0.0431,1.5787,0.000233,-0.0001,0.0
29.31,FLIGHT,0.9458,1.5507,0.1542,0.1656,0.1512,0.1621,-0.0149,-0.1903,0.0071,0.0131,1.0449,-0.0433,1.5791,0.000232,-0.0001,0.0
29.315,FLIGHT,0.9465,1.5515,0.1509,0.1617,0.1481,0.1582,-0.0148,-0.1902,0.007,0.0128,1.0448,-0.0436,1.5794,0.000232,-0.0001,0.0
29.32,FLIGHT,0.9473,1.5523,0.1478,0.1578,0.145,0.1543,-0.0148,-0.1901,0.0069,0.0124,1.0446,-0.0439,1.5797,0.000231,-0.0001,0.0
29.325,FLIGHT,0.948,1.5531,0.1447,0.154,0.142,0.1506,-0.0148,-0.1901,0.0069,0.0121,1.0444,-0.0441,1.5801,0.000231,-0.0001,0.0
29.33,FLIGHT,0.9487,1.5538,0.1417,0.1502,0.139,0.1469,-0.0147,-0.19,0.0068,0.0118,1.0443,-0.0443,1.5804,0.000231,-0.0001,0.0
29.335,FLIGHT,0.9494,1.5545,0.1387,0.1465,0.1361,0.1432,-0.0147,-0.19,0.0067,0.0115,1.044,-0.0446,1.5807,0.00023,-0.0001,0.0
29.34,FLIGHT,0.95,1.5552,0.1358,0.1429,0.1333,0.1397,-0.0147,-0.1899,0.0066,0.0113,1.0438,-0.0448,1.581,0.00023,-0.0001,0.0
29.345,FLIGHT,0.9507,1.5559,0.133,0.1393,0.1305,0.1362,-0.0146,-0.1898,0.0066,0.011,1.0436,-0.045,1.5813,0.000229,-0.0001,0.0
29.35,FLIGHT,0.9513,1.5566,0.1303,0.1359,0.1278,0.1328,-0.0146,-0.1898,0.0065,0.0107,1.0433,-0.0453,1.5816,0.000229,-0.0001,0.0
29.355,FLIGHT,0.952,1.5573,0.1276,0.1324,0.1252,0.1294,-0.0146,-0.1897,0.0065,0.0104,1.043,-0.0455,1.5819,0.000229,-0.0001,0.0
29.36,FLIGHT,0.9526,1.5579,0.125,0.1291,0.1226,0.1262,-0.0145,-0.1897,0.0064,0.0102,1.0427,-0.0457,1.5822,0.000228,-0.0001,0.0
29.365,FLIGHT,0.9532,1.5585,0.1224,0.1259,0.1201,0.123,-0.0145,-0.1896,0.0063,0.0099,1.0423,-0.0459,1.5825,0.000228,-0.0001,0.0
29.37,FLIGHT,0.9538,1.5591,0.1199,0.1227,0.1177,0.1199,-0.0145,-0.1896,0.0063,0.0096,1.042,-0.0461,1.5827,0.000228,-0.0001,0.0
29.375,FLIGHT,0.9544,1.5597,0.1174,0.1196,0.1153,0.1168,-0.0144,-0.1895,0.0062,0.0094,1.0416,-0.0463,1.583,0.000227,-0.0001,0.0
29.38,FLIGHT,0.955,1.5603,0.115,0.1165,0.1129,0.1138,-0.0144,-0.1895,0.0062,0.0092,1.0412,-0.0465,1.5832,0.000227,-0.0001,0.0
29.385,FLIGHT,0.9555,1.5609,0.1127,0.1136,0.1106,0.1109,-0.0144,-0.1895,0.0061,0.0089,1.0407,-0.0467,1.5835,0.000227,-0.0001,0.0
29.39,FLIGHT,0.9561,1.5614,0.1104,0.1107,0.1084,0.1081,-0.0143,-0.1894,0.0061,0.0087,1.0403,-0.0468,1.5837,0.000226,-0.0001,0.0
29.395,FLIGHT,0.9566,1.5619,0.1082,0.1079,0.1062,0.1054,-0.0143,-0.1894,0.006,0.0085,1.0398,-0.047,1.584,0.000226,-0.0001,0.0
29.4,FLIGHT,0.9571,1.5625,0.106,0.1051,0.1041,0.1027,-0.0143,-0.1893,0.006,0.0082,1.0394,-0.0472,1.5842,0.000226,-0.0001,0.0
29.405,FLIGHT,0.9576,1.563,0.1039,0.1024,0.102,0.1001,-0.0142,-0.1893,0.0059,0.008,1.0389,-0.0474,1.5845,0.000226,-0.0001,0.0
29.41,FLIGHT,0.9581,1.5635,0.1018,0.0998,0.1,0.0975,-0.0142,-0.1893,0.0059,0.0078,1.0383,-0.0476,1.5847,0.000225,-0.0001,0.0
29.415,FLIGHT,0.9586,1.5639,0.0998,0.0973,0.098,0.095,-0.0142,-0.1892,0.0058,0.0076,1.0378,-0.0477,1.5849,0.000225,-0.0001,0.0
29.42,FLIGHT,0.9591,1.5644,0.0978,0.0948,0.096,0.0926,-0.0142,-0.1892,0.0058,0.0074,1.0372,-0.0479,1.5851,0.000225,-0.0001,0.0
29.425,FLIGHT,0.9596,1.5649,0.0958,0.0924,0.0941,0.0903,-0.0141,-0.1891,0.0057,0.0072,1.0366,-0.048,1.5853,0.000225,-0.0,0.0
29.43,FLIGHT,0.9601,1.5653,0.0939,0.09,0.0923,0.088,-0.0141,-0.1891,0.0057,0.007,1.0361,-0.0482,1.5855,0.000224,-0.0,0.0
29.435,FLIGHT,0.9605,1.5658,0.0921,0.0878,0.0904,0.0857,-0.0141,-0.1891,0.0056,0.0068,1.0354,-0.0484,1.5857,0.000224,-0.0,0.0
29.44,FLIGHT,0.961,1.5662,0.0903,0.0855,0.0887,0.0836,-0.014,-0.189,0.0056,0.0067,1.0348,-0.0485,1.5859,0.000224,-0.0,0.0
29.445,FLIGHT,0.9614,1.5666,0.0885,0.0834,0.0869,0.0815,-0.014,-0.189,0.0055,0.0065,1.0341,-0.0487,1.5861,0.000224,-0.0,0.0
29.45,FLIGHT,0.9618,1.567,0.0868,0.0813,0.0852,0.0794,-0.014,-0.189,0.0055,0.0063,1.0335,-0.0488,1.5863,0.000223,-0.0,0.0
29.455,FLIGHT,0.9623,1.5674,0.0851,0.0792,0.0836,0.0774,-0.014,-0.1889,0.0054,0.0062,1.0328,-0.049,1.5865,0.000223,-0.0,0.0
29.46,FLIGHT,0.9627,1.5678,0.0834,0.0773,0.0819,0.0755,-0.0139,-0.1889,0.0054,0.006,1.0321,-0.0491,1.5867,0.000223,-0.0,0.0
29.465,FLIGHT,0.9631,1.5681,0.0818,0.0753,0.0803,0.0736,-0.0139,-0.1889,0.0053,0.0058,1.0313,-0.0492,1.5869,0.000223,-0.0,0.0
29.47,FLIGHT,0.9635,1.5685,0.0802,0.0734,0.0788,0.0718,-0.0139,-0.1889,0.0053,0.0057,1.0306,-0.0494,1.5871,0.000223,-0.0,0.0
29.475,FLIGHT,0.9639,1.5689,0.0786,0.0716,0.0773,0.07,-0.0139,-0.1888,0.0052,0.0056,1.0298,-0.0495,1.5872,0.000222,-0.0,0.0
29.48,FLIGHT,0.9642,1.5692,0.0771,0.0698,0.0758,0.0683,-0.0138,-0.1888,0.0052,0.0054,1.0291,-0.0497,1.5874,0.000222,-0.0,0.0
29.485,FLIGHT,0.9646,1.5695,0.0756,0.0681,0.0743,0.0666,-0.0138,-0.1888,0.0051,0.0053,1.0283,-0.0498,1.5876,0.000222,-0.0,0.0
29.49,FLIGHT,0.965,1.5699,0.0742,0.0664,0.0729,0.065,-0.0138,-0.1888,0.0051,0.0051,1.0275,-0.0499,1.5877,0.000222,-0.0,0.0
29.495,FLIGHT,0.9654,1.5702,0.0727,0.0648,0.0715,0.0634,-0.0138,-0.1887,0.005,0.005,1.0266,-0.05,1.5879,0.000222,-0.0,0.0
29.5,FLIGHT,0.9657,1.5705,0.0713,0.0632,0.0701,0.0618,-0.0137,-0.1887,0.005,0.0049,1.0258,-0.0502,1.5881,0.000222,-0.0,0.0
29.505,FLIGHT,0.9661,1.5708,0.0699,0.0617,0.0687,0.0603,-0.0137,-0.1887,0.0049,0.0048,1.0249,-0.0503,1.5882,0.000222,-0.0,0.0
29.51,FLIGHT,0.9664,1.5711,0.0686,0.0602,0.0674,0.0589,-0.0137,-0.1887,0.0049,0.0046,1.0241,-0.0504,1.5884,0.000221,-0.0,0.0
29.515,FLIGHT,0.9667,1.5714,0.0673,0.0588,0.0661,0.0575,-0.0137,-0.1886,0.0048,0.0045,1.0232,-0.0505,1.5885,0.000221,-0.0,0.0
29.52,FLIGHT,0.9671,1.5717,0.066,0.0573,0.0648,0.0561,-0.0136,-0.1886,0.0048,0.0044,1.0223,-0.0507,1.5887,0.000221,-0.0,0.0
29.525,FLIGHT,0.9674,1.572,0.0647,0.056,0.0636,0.0548,-0.0136,-0.1886,0.0047,0.0043,1.0213,-0.0508,1.5888,0.000221,-0.0,0.0
29.53,FLIGHT,0.9677,1.5722,0.0635,0.0546,0.0623,0.0535,-0.0136,-0.1886,0.0046,0.0042,1.0204,-0.0509,1.589,0.000221,-0.0,0.0
29.535,FLIGHT,0.968,1.5725,0.0622,0.0534,0.0611,0.0522,-0.0136,-0.1886,0.0046,0.0041,1.0194,-0.051,1.5891,0.000221,-0.0,0.0
29.54,FLIGHT,0.9683,1.5727,0.061,0.0521,0.06,0.051,-0.0135,-0.1885,0.0045,0.004,1.0185,-0.0511,1.5892,0.000221,-0.0,0.0
29.545,FLIGHT,0.9686,1.573,0.0598,0.0509,0.0588,0.0498,-0.0135,-0.1885,0.0045,0.0039,1.0175,-0.0513,1.5894,0.000221,-0.0,0.0
29.55,FLIGHT,0.9689,1.5732,0.0587,0.0497,0.0577,0.0487,-0.0135,-0.1885,0.0044,0.0038,1.0165,-0.0514,1.5895,0.000221,-0.0,0.0
29.555,FLIGHT,0.9692,1.5735,0.0575,0.0486,0.0565,0.0475,-0.0135,-0.1885,0.0043,0.0037,1.0155,-0.0515,1.5896,0.00022,-0.0,0.0
29.56,FLIGHT,0.9695,1.5737,0.0564,0.0474,0.0554,0.0465,-0.0135,-0.1885,0.0043,0.0036,1.0144,-0.0516,1.5898,0.00022,-0.0,0.0
29.565,FLIGHT,0.9697,1.574,0.0553,0.0464,0.0543,0.0454,-0.0134,-0.1884,0.0042,0.0035,1.0134,-0.0517,1.5899,0.00022,-0.0,0.0
29.57,FLIGHT,0.97,1.5742,0.0542,0.0453,0.0533,0.0444,-0.0134,-0.1884,0.0041,0.0035,1.0123,-0.0518,1.59,0.00022,-0.0,0.0
29.575,FLIGHT,0.9703,1.5744,0.0532,0.0443,0.0522,0.0434,-0.0134,-0.1884,0.0041,0.0034,1.0113,-0.0519,1.5901,0.00022,-0.0,0.0
29.58,FLIGHT,0.9705,1.5746,0.0521,0.0433,0.0512,0.0424,-0.0134,-0.1884,0.004,0.0033,1.0102,-0.052,1.5903,0.00022,-0.0,0.0
29.585,FLIGHT,0.9708,1.5748,0.0511,0.0423,0.0502,0.0415,-0.0134,-0.1884,0.0039,0.0032,1.0091,-0.0521,1.5904,0.00022,-0.0,0.0
29.59,FLIGHT,0.971,1.575,0.0501,0.0414,0.0492,0.0406,-0.0133,-0.1884,0.0039,0.0032,1.008,-0.0522,1.5905,0.00022,-0.0,0.0
29.595,FLIGHT,0.9713,1.5752,0.0491,0.0405,0.0482,0.0397,-0.0133,-0.1883,0.0038,0.0031,1.0068,-0.0524,1.5906,0.00022,-0.0,0.0
29.6,FLIGHT,0.9715,1.5754,0.0481,0.0396,0.0472,0.0388,-0.0133,-0.1883,0.0037,0.003,1.0057,-0.0525,1.5907,0.00022,-0.0,0.0
29.605,FLIGHT,0.9717,1.5756,0.0471,0.0387,0.0462,0.038,-0.0133,-0.1883,0.0037,0.003,1.0045,-0.0526,1.5908,0.00022,-0.0,0.0
29.61,FLIGHT,0.972,1.5758,0.0462,0.0379,0.0453,0.0372,-0.0133,-0.1883,0.0036,0.0029,1.0034,-0.0527,1.591,0.00022,-0.0,0.0
29.615,FLIGHT,0.9722,1.576,0.0452,0.0371,0.0444,0.0364,-0.0132,-0.1883,0.0035,0.0028,1.0022,-0.0528,1.5911,0.00022,-0.0,0.0
29.62,FLIGHT,0.9724,1.5762,0.0443,0.0363,0.0434,0.0356,-0.0132,-0.1883,0.0035,0.0028,1.001,-0.0529,1.5912,0.00022,-0.0,0.0
29.625,STANCE,0.9726,1.5763,0.0434,0.0356,0.0677,0.0689,-0.0132,-0.1883,0.0034,0.0027,0.9998,0.1691,-0.0281,0.00022,-0.0343,0.0069
29.63,STANCE,0.9752,1.5768,0.4227,0.0461,0.9942,-0.1946,-0.0128,-0.1883,0.0734,-0.0012,0.9988,-0.0196,-0.632,-0.001432,-0.4956,0.1006
29.635,STANCE,0.9803,1.5732,0.7889,-0.5005,0.4986,-0.5587,-0.0113,-0.1886,0.2165,-0.0545,0.9979,-0.3858,-1.0244,-0.003564,-0.2325,0.0501
29.64,STANCE,0.981,1.5728,0.3203,-0.1795,-0.0108,0.1429,-0.0112,-0.1887,0.0847,-0.0199,0.9979,-0.4745,-1.7301,-0.004094,-0.0247,0.009
29.645,STANCE,0.9815,1.5728,0.1912,-0.0889,0.2786,-0.2648,-0.0111,-0.1887,0.0481,-0.0102,0.9981,-0.7058,-2.2313,-0.004021,0.0436,0.004
29.65,STANCE,0.9837,1.5687,0.3704,-0.6694,0.3848,-1.987,-0.0101,-0.1891,0.161,-0.064,0.9982,-1.0587,-2.258,-0.003635,0.1611,0.0036
29.655,STANCE,0.9871,1.5594,0.6056,-1.4859,0.9682,-2.1244,-0.0082,-0.1899,0.3187,-0.1361,0.9983,-1.4059,-1.9411,-0.002962,0.0869,0.003
29.66,STANCE,0.9938,1.5474,1.1381,-2.1388,1.598,-2.6828,-0.0052,-0.191,0.514,-0.1893,0.9984,-1.8172,-1.4516,-0.00292,-0.037,0.0103
29.665,STANCE,1.0014,1.532,1.3875,-2.795,1.5063,-3.2026,-0.0016,-0.1924,0.6599,-0.2329,0.9984,-2.0021,-0.7723,-0.002974,-0.0126,0.0055
29.67,STANCE,1.0082,1.5158,1.3459,-3.1061,1.2183,-3.1897,0.002,-0.1937,0.7032,-0.2435,0.9985,-1.9011,-0.1365,-0.002955,0.0128,0.003
29.675,STANCE,1.0132,1.5003,1.0895,-3.0882,0.8259,-2.9305,0.0052,-0.1949,0.6572,-0.23,0.9987,-1.5367,0.3798,-0.002794,0.0433,0.0028
29.68,STANCE,1.0161,1.4861,0.7272,-2.9056,0.3999,-2.7045,0.0078,-0.1959,0.5648,-0.2088,0.999,-1.003,0.782,-0.002444,0.086,0.0024
29.685,STANCE,1.0174,1.4731,0.3932,-2.6797,0.1481,-2.4695,0.0099,-0.1968,0.4697,-0.1884,0.9994,-0.4535,1.071,-0.001947,0.1067,0.0019
29.69,STANCE,1.0178,1.4611,0.1671,-2.4917,0.0575,-2.3063,0.0118,-0.1977,0.4,-0.1723,0.9998,-0.0565,1.2336,-0.001365,0.1128,0.0014
29.695,FLIGHT,1.0179,1.4499,0.0691,-2.3092,-0.1336,-1.9655,0.0134,-0.1985,0.3556,-0.1567,1.0003,-1.3173,2.5931,-0.000777,0.1294,0.0008
29.7,FLIGHT,1.015,1.4433,-0.4215,-1.5644,-1.0074,-0.701,0.0138,-0.1989,0.1481,-0.1118,1.0012,-1.1836,2.4738,4e-06,0.1757,0.0
29.705,FLIGHT,1.0082,1.4424,-1.0908,-0.5768,-1.6663,0.277,0.0126,-0.1991,-0.1319,-0.0533,1.0023,-0.9189,2.2521,0.000703,0.107,0.0
29.71,FLIGHT,0.9988,1.4455,-1.6528,0.2716,-2.0725,0.9228,0.0103,-0.199,-0.3688,0.0021,1.0036,-0.6458,2.027,0.001105,0.057,0.0
29.715,FLIGHT,0.9879,1.4511,-2.018,0.8661,-2.2535,1.2816,0.0073,-0.1987,-0.5272,0.0484,1.005,-0.415,1.8386,0.0013,0.0235,0.0
29.72,FLIGHT,0.9765,1.458,-2.1881,1.2126,-2.2633,1.4252,0.0041,-0.1982,-0.609,0.0827,1.0065,-0.2399,1.6973,0.001359,0.0017,0.0
29.725,FLIGHT,0.9654,1.4651,-2.2014,1.3612,-2.157,1.4233,0.0008,-0.1977,-0.63,0.1045,1.0079,-0.1169,1.5997,0.001332,-0.0117,0.0023
29.73,FLIGHT,0.9551,1.4721,-2.1042,1.3706,-1.9808,1.333,-0.0022,-0.1972,-0.6091,0.1151,1.0094,-0.036,1.5373,0.001252,-0.0194,0.0039
29.735,FLIGHT,0.9457,1.4784,-1.9383,1.2927,-1.7693,1.1966,-0.0049,-0.1966,-0.5626,0.1166,1.0108,0.0137,1.5009,0.001144,-0.0231,0.0046
29.74,FLIGHT,0.9374,1.484,-1.7361,1.1673,-1.5463,1.0429,-0.0074,-0.1961,-0.503,0.1117,1.0122,0.0414,1.4828,0.001025,-0.0243,0.0049
29.745,FLIGHT,0.9302,1.4888,-1.5208,1.0226,-1.3273,0.8903,-0.0094,-0.1956,-0.4389,0.1027,1.0135,0.0544,1.4766,0.000904,-0.0237,0.0047
29.75,FLIGHT,0.9241,1.4929,-1.3079,0.8767,-1.1213,0.7493,-0.0112,-0.1952,-0.3757,0.0916,1.0148,0.0581,1.4777,0.000789,-0.0222,0.0044
29.755,FLIGHT,0.919,1.4963,-1.1065,0.7407,-0.9331,0.6252,-0.0127,-0.1948,-0.3167,0.0799,1.016,0.0561,1.483,0.000683,-0.02,0.004
29.76,FLIGHT,0.9147,1.4992,-0.9217,0.62,-0.7644,0.5197,-0.0139,-0.1945,-0.2636,0.0685,1.0171,0.051,1.4904,0.000589,-0.0175,0.0035
29.765,FLIGHT,0.9113,1.5016,-0.7556,0.5169,-0.6155,0.4326,-0.0149,-0.1943,-0.2168,0.0581,1.0182,0.0444,1.4986,0.000508,-0.015,0.003
29.77,FLIGHT,0.9086,1.5036,-0.6086,0.4314,-0.4853,0.3624,-0.0157,-0.194,-0.1763,0.0489,1.0193,0.0371,1.5067,0.000439,-0.0126,0.0025
29.775,FLIGHT,0.9064,1.5052,-0.4798,0.3623,-0.3723,0.3073,-0.0163,-0.1938,-0.1418,0.0411,1.0204,0.0299,1.5143,0.000382,-0.0103,0.0021
29.78,FLIGHT,0.9048,1.5067,-0.368,0.3078,-0.275,0.2649,-0.0168,-0.1937,-0.1126,0.0346,1.0214,0.023,1.5213,0.000336,-0.0083,0.0017
29.785,FLIGHT,0.9037,1.5079,-0.2715,0.2659,-0.1914,0.2333,-0.0172,-0.1936,-0.0882,0.0293,1.0224,0.0167,1.5275,0.000299,-0.0065,0.0013
29.79,FLIGHT,0.9029,1.509,-0.1886,0.2345,-0.12,0.2105,-0.0175,-0.1934,-0.0679,0.0251,1.0233,0.0109,1.5329,0.00027,-0.005,0.001
29.795,FLIGHT,0.9024,1.51,-0.1177,0.2118,-0.0592,0.1948,-0.0177,-0.1933,-0.0511,0.0218,1.0242,0.0057,1.5377,0.000248,-0.0038,0.0008
29.8,FLIGHT,0.9023,1.511,-0.0573,0.1961,-0.0076,0.1847,-0.0179,-0.1932,-0.0373,0.0193,1.0251,0.001,1.5418,0.000231,-0.0028,0.0006
29.805,FLIGHT,0.9023,1.5119,-0.0061,0.186,0.0361,0.179,-0.018,-0.1932,-0.026,0.0175,1.026,-0.0032,1.5453,0.00022,-0.002,0.0004
29.81,FLIGHT,0.9026,1.5128,0.0372,0.1801,0.0728,0.1765,-0.018,-0.1931,-0.0169,0.0162,1.0269,-0.0069,1.5484,0.000211,-0.0013,0.0003
29.815,FLIGHT,0.9031,1.5136,0.0737,0.1776,0.1037,0.1765,-0.0181,-0.193,-0.0095,0.0153,1.0277,-0.0103,1.5511,0.000206,-0.0008,0.0002
29.82,FLIGHT,0.9036,1.5145,0.1044,0.1775,0.1294,0.1783,-0.0181,-0.1929,-0.0036,0.0147,1.0285,-0.0132,1.5534,0.000203,-0.0004,0.0001
29.825,FLIGHT,0.9043,1.5154,0.1299,0.1791,0.1507,0.1812,-0.0181,-0.1929,0.0011,0.0144,1.0293,-0.0159,1.5554,0.000202,-0.0001,0.0
29.83,FLIGHT,0.9051,1.5163,0.151,0.182,0.1682,0.185,-0.018,-0.1928,0.0048,0.0143,1.0301,-0.0183,1.5571,0.000202,0.0001,0.0
29.835,FLIGHT,0.906,1.5173,0.1685,0.1856,0.1825,0.1891,-0.018,-0.1927,0.0077,0.0143,1.0308,-0.0204,1.5587,0.000203,0.0003,0.0
29.84,FLIGHT,0.907,1.5182,0.1826,0.1896,0.194,0.1933,-0.0179,-0.1926,0.0099,0.0145,1.0315,-0.0224,1.5601,0.000205,0.0004,0.0
29.845,FLIGHT,0.908,1.5192,0.194,0.1938,0.2031,0.1975,-0.0179,-0.1926,0.0115,0.0147,1.0322,-0.0241,1.5613,0.000207,0.0005,0.0
29.85,FLIGHT,0.909,1.5202,0.2031,0.1979,0.2102,0.2015,-0.0178,-0.1925,0.0127,0.0149,1.0329,-0.0257,1.5624,0.000209,0.0005,0.0
29.855,FLIGHT,0.9101,1.5212,0.2101,0.2017,0.2155,0.2051,-0.0177,-0.1924,0.0135,0.0151,1.0335,-0.0272,1.5634,0.000212,0.0005,0.0
29.86,FLIGHT,0.9111,1.5223,0.2154,0.2053,0.2194,0.2083,-0.0177,-0.1923,0.014,0.0154,1.0342,-0.0285,1.5643,0.000214,0.0005,0.0
29.865,FLIGHT,0.9123,1.5233,0.2192,0.2084,0.222,0.211,-0.0176,-0.1923,0.0143,0.0156,1.0348,-0.0297,1.5652,0.000217,0.0005,0.0
29.87,FLIGHT,0.9134,1.5244,0.2217,0.2111,0.2235,0.2133,-0.0175,-0.1922,0.0144,0.0159,1.0354,-0.0308,1.566,0.000219,0.0005,0.0
29.875,FLIGHT,0.9145,1.5254,0.2232,0.2133,0.224,0.215,-0.0175,-0.1921,0.0144,0.016,1.0359,-0.0318,1.5667,0.000221,0.0004,0.0
29.88,FLIGHT,0.9156,1.5265,0.2237,0.215,0.2238,0.2163,-0.0174,-0.192,0.0142,0.0162,1.0364,-0.0327,1.5674,0.000223,0.0004,0.0
29.885,FLIGHT,0.9167,1.5276,0.2235,0.2162,0.223,0.217,-0.0173,-0.1919,0.014,0.0163,1.037,-0.0336,1.568,0.000225,0.0004,0.0
29.89,FLIGHT,0.9178,1.5287,0.2226,0.2169,0.2216,0.2173,-0.0172,-0.1919,0.0138,0.0164,1.0374,-0.0344,1.5686,0.000227,0.0003,0.0
29.895,FLIGHT,0.9189,1.5298,0.2212,0.2171,0.2198,0.2172,-0.0172,-0.1918,0.0134,0.0165,1.0379,-0.0351,1.5692,0.000228,0.0003,0.0
29.9,FLIGHT,0.92,1.5308,0.2194,0.2169,0.2175,0.2166,-0.0171,-0.1917,0.0131,0.0165,1.0383,-0.0358,1.5698,0.00023,0.0002,0.0
29.905,FLIGHT,0.9211,1.5319,0.2172,0.2163,0.215,0.2156,-0.0171,-0.1916,0.0127,0.0165,1.0388,-0.0364,1.5703,0.000231,0.0002,0.0
29.91,FLIGHT,0.9222,1.533,0.2146,0.2153,0.2122,0.2143,-0.017,-0.1915,0.0124,0.0165,1.0391,-0.037,1.5709,0.000232,0.0002,0.0
29.915,FLIGHT,0.9232,1.5341,0.2118,0.214,0.2092,0.2126,-0.0169,-0.1914,0.012,0.0164,1.0395,-0.0376,1.5714,0.000233,0.0001,0.0
29.92,FLIGHT,0.9243,1.5351,0.2089,0.2123,0.2061,0.2106,-0.0169,-0.1914,0.0116,0.0163,1.0399,-0.0381,1.5718,0.000233,0.0001,0.0
29.925,FLIGHT,0.9253,1.5362,0.2057,0.2103,0.2028,0.2084,-0.0168,-0.1913,0.0113,0.0162,1.0402,-0.0387,1.5723,0.000234,0.0001,0.0
29.93,FLIGHT,0.9263,1.5372,0.2025,0.2081,0.1995,0.2059,-0.0168,-0.1912,0.0109,0.0161,1.0405,-0.0391,1.5728,0.000234,0.0001,0.0
29.935,FLIGHT,0.9273,1.5382,0.1991,0.2056,0.1961,0.2032,-0.0167,-0.1911,0.0106,0.0159,1.0407,-0.0396,1.5732,0.000234,0.0001,0.0
29.94,FLIGHT,0.9283,1.5392,0.1957,0.2029,0.1926,0.2004,-0.0167,-0.191,0.0103,0.0157,1.041,-0.04,1.5737,0.000235,0.0,0.0
29.945,FLIGHT,0.9292,1.5402,0.1922,0.2,0.1891,0.1974,-0.0166,-0.191,0.01,0.0155,1.0412,-0.0404,1.5741,0.000235,0.0,0.0
29.95,FLIGHT,0.9302,1.5412,0.1887,0.197,0.1856,0.1942,-0.0166,-0.1909,0.0097,0.0153,1.0414,-0.0408,1.5745,0.000235,0.0,0.0
29.955,FLIGHT,0.9311,1.5422,0.1852,0.1938,0.1821,0.1909,-0.0165,-0.1908,0.0095,0.0151,1.0416,-0.0412,1.5749,0.000235,-0.0,0.0
29.96,FLIGHT,0.932,1.5431,0.1817,0.1905,0.1786,0.1875,-0.0165,-0.1907,0.0092,0.0148,1.0417,-0.0416,1.5753,0.000235,-0.0,0.0
29.965,FLIGHT,0.9329,1.5441,0.1783,0.1872,0.1751,0.1841,-0.0164,-0.1907,0.009,0.0146,1.0418,-0.0419,1.5757,0.000235,-0.0,0.0
29.97,FLIGHT,0.9337,1.545,0.1748,0.1837,0.1717,0.1806,-0.0164,-0.1906,0.0088,0.0143,1.0419,-0.0423,1.5761,0.000235,-0.0,0.0
29.975,FLIGHT,0.9346,1.5459,0.1714,0.1802,0.1683,0.1771,-0.0163,-0.1905,0.0086,0.0141,1.042,-0.0426,1.5765,0.000234,-0.0,0.0
29.98,FLIGHT,0.9354,1.5467,0.168,0.1767,0.165,0.1735,-0.0163,-0.1905,0.0084,0.0138,1.0421,-0.0429,1.5769,0.000234,-0.0,0.0
29.985,FLIGHT,0.9362,1.5476,0.1647,0.1731,0.1617,0.1699,-0.0163,-0.1904,0.0082,0.0135,1.0421,-0.0432,1.5772,0.000234,-0.0,0.0
29.99,FLIGHT,0.937,1.5484,0.1614,0.1695,0.1585,0.1663,-0.0162,-0.1903,0.0081,0.0132,1.0421,-0.0435,1.5776,0.000234,-0.0001,0.0
29.995,FLIGHT,0.9378,1.5493,0.1581,0.1659,0.1553,0.1627,-0.0162,-0.1903,0.0079,0.013,1.0421,-0.0438,1.578,0.000233,-0.0001,0.0
30.0,FLIGHT,0.9386,1.5501,0.155,0.1623,0.1521,0.1591,-0.0161,-0.1902,0.0078,0.0127,1.042,-0.044,1.5783,0.000233,-0.0001,0.0
